 ASCII 3
!File started at: 2026/07/21 15:40:35
 Degrees of freedom: 
temperature              :    16680   16680   1 : heat equation
 Total DOFs:            1
 Number Of Nodes:        16680
Time:       1      1  1.00000000E+000
temperature
Perm:        16680        16680
          1      16680
          2      16129
          3      14243
          4      13530
          5      11482
          6      16673
          7      16672
          8      16665
          9      13545
         10      16671
         11      16676
         12      16679
         13      16359
         14      15922
         15      15958
         16      11474
         17      14278
         18      16215
         19      12602
         20      12604
         21      16140
         22      14244
         23      13478
         24      14242
         25      13531
         26      12601
         27      13474
         28      13529
         29      16271
         30      11481
         31      11492
         32      11470
         33      10046
         34      11480
         35      10050
         36       8473
         37      11473
         38      12603
         39      12554
         40      11422
         41      12619
         42      16468
         43      12595
         44      16549
         45      12614
         46      12613
         47      12149
         48      12610
         49      11488
         50      11455
         51      10869
         52      11491
         53      11469
         54      10045
         55       8475
         56      13523
         57      11478
         58      10049
         59       8476
         60       8472
         61      11472
         62      11429
         63      10005
         64       8452
         65      12553
         66      11428
         67      10003
         68       8450
         69      13543
         70      14880
         71      13477
         72      13544
         73      16558
         74      14905
         75      13537
         76      12594
         77      14909
         78      13473
         79      13540
         80      13536
         81      12600
         82      13528
         83      12618
         84      13527
         85      13539
         86      13230
         87      13229
         88      13222
         89      12612
         90      12611
         91      12148
         92      12134
         93      12599
         94      12588
         95      11468
         96      11454
         97      10056
         98      13522
         99      11479
        100      10058
        101      10044
        102       8471
        103      14241
        104      11477
        105      10048
        106      14288
        107       9998
        108       8446
        109      12548
        110      11421
        111      10004
        112       8451
        113      16557
        114      15921
        115      15719
        116      13504
        117      12552
        118      11427
        119      11411
        120       9989
        121      14277
        122      15376
        123      13472
        124      15368
        125      14292
        126      14914
        127      14291
        128      13476
        129      15705
        130      14097
        131      14096
        132      14089
        133      14069
        134      14916
        135      13538
        136      13228
        137      13227
        138      13206
        139      16608
        140      12609
        141      12574
        142      11487
        143      10872
        144      11490
        145      11467
        146      10054
        147       8474
        148      11476
        149      10057
        150       9919
        151       8470
        152      12506
        153      11420
        154       9997
        155       8449
        156      14276
        157      12547
        158      11426
        159      10002
        160       9988
        161      13526
        162      15671
        163      15670
        164      15660
        165      15398
        166      11406
        167      15375
        168      14290
        169      12551
        170      12541
        171      11410
        172       9987
        173      16467
        174      12540
        175      12592
        176      14260
        177      13525
        178      14287
        179      14286
        180      14293
        181      12539
        182      12617
        183      11405
        184      13475
        185      12598
        186      13521
        187      12593
        188      13535
        189      16611
        190      16648
        191      16639
        192      14275
        193      16647
        194      15941
        195      13520
        196      14095
        197      14094
        198      14071
        199      14068
        200      15309
        201      15308
        202      15285
        203      15284
        204      13514
        205      16652
        206      16670
        207      16678
        208      16677
        209      13542
        210      11409
        211      12616
        212      12615
        213      12151
        214      12143
        215      12587
        216      11486
        217      11453
        218      10055
        219      11489
        220      11465
        221      10043
        222       8469
        223       9984
        224      16556
        225      11471
        226      10047
        227       9996
        228       8445
        229      16473
        230      12543
        231      11419
        232      10001
        233       8448
        234      16627
        235      16662
        236      16661
        237      16660
        238      16276
        239      13453
        240      14804
        241      14801
        242      14776
        243      14777
        244      14915
        245      16358
        246      16357
        247      16579
        248      16513
        249      16523
        250      16584
        251      12550
        252      11425
        253      11408
        254       9986
        255      16128
        256      13519
        257      16122
        258      16424
        259      16423
        260      16427
        261      14884
        262      13468
        263      12538
        264      11402
        265       8436
        266      16110
        267      16144
        268      15956
        269      16143
        270      16139
        271      15307
        272      16548
        273      13541
        274      13231
        275      13221
        276      13205
        277      14803
        278      14800
        279      14775
        280      14774
        281      13503
        282      12608
        283      11485
        284      10871
        285      12586
        286      11466
        287      11452
        288      10029
        289      15367
        290      11475
        291      11335
        292       9925
        293       8468
        294      12505
        295      11413
        296       9990
        297       8447
        298      12546
        299      11424
        300      10000
        301       9985
        302      14912
        303      13471
        304      16515
        305      15374
        306      13524
        307      15344
        308      11404
        309      12597
        310       9973
        311      14259
        312      15929
        313      12549
        314      11423
        315      11407
        316       9983
        317      14895
        318      15373
        319      12537
        320      16127
        321      13513
        322       9982
        323       9978
        324      12596
        325      14289
        326      11401
        327      11399
        328      11403
        329       9979
        330       9959
        331       8435
        332      12591
        333      15704
        334      14236
        335       8434
        336       8432
        337      16120
        338      14240
        339      15691
        340      15362
        341      15306
        342      15305
        343      15283
        344      14949
        345      14879
        346      13512
        347      15669
        348      15668
        349      15659
        350      15397
        351      14285
        352      14093
        353      14092
        354      14088
        355      14070
        356      14239
        357      13534
        358      13216
        359      12150
        360      12146
        361      13470
        362      12585
        363      12573
        364      11451
        365      10053
        366      12477
        367      11323
        368      10042
        369      10028
        370      14904
        371      12497
        372      11343
        373       9924
        374       8441
        375      12542
        376      11418
        377       9995
        378       8444
        379      13452
        380      15372
        381      13467
        382      11400
        383      14274
        384      13518
        385       8430
        386      12545
        387      11417
        388      11391
        389       9981
        390      15940
        391      11398
        392      15361
        393      16638
        394      15703
        395      14913
        396      14272
        397      13466
        398      12536
        399      11396
        400       9977
        401       9975
        402       6996
        403      16646
        404       9970
        405       9974
        406       8431
        407      14903
        408       8423
        409       8422
        410      15371
        411      15667
        412      15356
        413      14802
        414      14799
        415      14796
        416      14773
        417      14084
        418      13226
        419      13225
        420      13204
        421      13502
        422      12607
        423      11484
        424      10870
        425      15304
        426      15303
        427      15297
        428      15282
        429      12584
        430      11464
        431      11450
        432      10027
        433       9980
        434      12496
        435      11334
        436      10041
        437       8467
        438      12504
        439      11412
        440       9994
        441       8443
        442      15702
        443      12544
        444      11416
        445       9999
        446       9966
        447      14273
        448      14894
        449      15360
        450      11395
        451      13516
        452       9972
        453      14878
        454       6994
        455      13517
        456      16416
        457      14257
        458      13469
        459      13511
        460      12534
        461      15302
        462      11394
        463      12590
        464      16607
        465       9976
        466      12535
        467      12533
        468      11390
        469       9965
        470      13479
        471      14258
        472      11393
        473      11397
        474      12532
        475      11387
        476       9958
        477       6990
        478       8433
        479      14791
        480       5813
        481       9953
        482       8426
        483      13465
        484      13451
        485      13436
        486      14091
        487      14090
        488      14087
        489      14067
        490      14021
        491      14729
        492      13446
        493      13501
        494      13215
        495      12147
        496      12145
        497      15942
        498      13499
        499      12569
        500      11448
        501      10052
        502      13450
        503      12476
        504      11463
        505      10040
        506      10026
        507      12495
        508      11342
        509       9923
        510       8466
        511      15301
        512      15300
        513      15281
        514      15280
        515      13449
        516      12503
        517      11414
        518       9993
        519       8442
        520       9969
        521      15920
        522      15919
        523      15718
        524      15717
        525      15666
        526      15665
        527      15658
        528      15396
        529      12501
        530      11415
        531      11389
        532       9964
        533       5809
        534       8429
        535       5811
        536      11392
        537      14235
        538      15370
        539      11388
        540      15933
        541      14798
        542      14795
        543      14794
        544      14772
        545      14911
        546       9963
        547      14234
        548      13464
        549      12531
        550      11385
        551       9968
        552       6995
        553      11382
        554       9957
        555       9971
        556       4869
        557       8421
        558       8420
        559      14893
        560      14083
        561      13224
        562      13223
        563      13220
        564      13500
        565      12572
        566      11449
        567      10868
        568      12583
        569      12568
        570      11447
        571      10025
        572      16482
        573      16651
        574      16669
        575      16668
        576      16664
        577      12494
        578      11442
        579      10039
        580      10017
        581      12500
        582      11340
        583       9991
        584       8440
        585      12502
        586      11341
        587       9992
        588       8439
        589      15296
        590      16613
        591       4867
        592      11386
        593      16481
        594      14284
        595      16650
        596      16659
        597      16675
        598      16674
        599       9967
        600      12529
        601       6993
        602      16645
        603      14271
        604       4868
        605      15369
        606      16360
        607      16472
        608      16581
        609      16626
        610      16625
        611      16628
        612      12530
        613      12523
        614      11369
        615       9962
        616      12528
        617      12589
        618      15295
        619      16236
        620      16278
        621      11381
        622      16514
        623      16520
        624      16522
        625      16521
        626      11384
        627      14790
        628       9955
        629      11380
        630       9956
        631      16117
        632      15955
        633      15957
        634      15952
        635      13515
        636       8428
        637       6989
        638       6988
        639       5812
        640      13498
        641      14256
        642       9952
        643       8425
        644       4855
        645      16270
        646      16286
        647      16292
        648      16291
        649      16290
        650      15664
        651      13448
        652      14255
        653      14228
        654      15698
        655      14877
        656      15911
        657      16109
        658      13445
        659      13495
        660      13214
        661      12144
        662      12142
        663      14789
        664      14086
        665      14085
        666      14077
        667      14902
        668      13497
        669      12571
        670      11446
        671      10865
        672      16279
        673       9954
        674      14797
        675      14793
        676      14792
        677      14782
        678      13447
        679      12567
        680      11443
        681      11439
        682      10024
        683      12493
        684      11339
        685      10020
        686       8465
        687      11383
        688      12499
        689      11373
        690       9943
        691       8438
        692      16480
        693      15644
        694      16415
        695      15299
        696      15298
        697      15290
        698      14948
        699      14238
        700       4866
        701       5808
        702       5807
        703      12527
        704      11376
        705       9961
        706       9960
        707       8427
        708       5810
        709      15701
        710      11377
        711      14233
        712      14876
        713      15697
        714      13461
        715      12522
        716      11368
        717       9941
        718       6992
        719       9951
        720       8424
        721      13463
        722       5800
        723       8419
        724       8412
        725      14892
        726      15366
        727      14232
        728      15700
        729       9950
        730      14082
        731      13219
        732      13218
        733      13217
        734      13496
        735      12570
        736      12139
        737      10867
        738      13494
        739      12566
        740      11445
        741      10023
        742      15355
        743      12492
        744      11441
        745      10021
        746      10016
        747      12498
        748      11338
        749       9922
        750       8414
        751      16552
        752      12526
        753      11372
        754       9945
        755       8437
        756       9949
        757      11379
        758      13493
        759       4865
        760       4863
        761       4124
        762      15699
        763      14901
        764       9946
        765       6991
        766      15294
        767       5793
        768      11378
        769      15359
        770      14788
        771      14787
        772      14785
        773      14327
        774      14326
        775      12525
        776      11375
        777      11352
        778       9931
        779      12521
        780      14231
        781      13462
        782       9940
        783      15293
        784      14910
        785      14254
        786      11367
        787       6987
        788       6986
        789      14283
        790       9948
        791       9899
        792       8418
        793       4864
        794      15928
        795       6981
        796       4129
        797       9934
        798       8411
        799       4854
        800      14891
        801      16269
        802      13443
        803      13442
        804      15292
        805      15289
        806      14947
        807      14945
        808      11366
        809      15663
        810      15662
        811      15395
        812      15394
        813      13488
        814      13213
        815      12141
        816      12140
        817      14253
        818       3477
        819      13492
        820      12564
        821      11444
        822      10864
        823      14081
        824      14079
        825      14076
        826      14075
        827      12565
        828      11440
        829      11438
        830      10022
        831      15939
        832      12488
        833      11337
        834      10019
        835       8455
        836      12491
        837      11371
        838       9942
        839       8415
        840      14020
        841      14247
        842       5806
        843       5805
        844       4128
        845       4123
        846       3476
        847      13444
        848       4122
        849      16275
        850      12524
        851      11374
        852      11351
        853       9930
        854       8416
        855      16612
        856       6975
        857      14174
        858       4847
        859      11365
        860      14270
        861      16126
        862       4121
        863      15354
        864      13460
        865      12520
        866      11364
        867       9937
        868      11357
        869       9939
        870       9947
        871       8417
        872       8391
        873      14226
        874       5799
        875       4106
        876       8413
        877       8410
        878      16516
        879      14227
        880      15365
        881      16125
        882      16119
        883      13459
        884      11363
        885      13533
        886      13212
        887      13210
        888      13209
        889       4862
        890      13491
        891      12562
        892      12138
        893      10866
        894       9936
        895      14786
        896      14784
        897      14781
        898      14325
        899      15364
        900      13490
        901      12561
        902      11437
        903      10013
        904      12487
        905      11333
        906      10018
        907      10015
        908       9935
        909       4127
        910       3008
        911       3006
        912      12490
        913      11336
        914       9920
        915       8402
        916       4861
        917       4860
        918       4120
        919      12517
        920      11370
        921       9944
        922       9884
        923      15358
        924      14890
        925       2330
        926      14230
        927       9938
        928       8386
        929      15690
        930       5792
        931       4098
        932       4119
        933      14282
        934      14281
        935      14908
        936      12519
        937      12514
        938      11350
        939      11285
        940      12518
        941      15343
        942      13458
        943      14237
        944      11362
        945       6985
        946       6984
        947      11297
        948       9901
        949      11361
        950       9892
        951      14252
        952       5804
        953       5802
        954      13435
        955       6980
        956       9933
        957       8409
        958       4853
        959      13441
        960       4126
        961       4118
        962       3475
        963       3471
        964      13489
        965      15938
        966      11360
        967      15291
        968      15288
        969      14946
        970      14944
        971       3478
        972       3474
        973       3473
        974      14229
        975      14080
        976      14078
        977      14074
        978      14073
        979      16365
        980       4859
        981      13487
        982      12606
        983      12137
        984      12135
        985      14269
        986      14220
        987      13486
        988      12563
        989      11435
        990      10863
        991       4117
        992      12560
        993      11436
        994      11432
        995      10014
        996      16644
        997      11356
        998      12486
        999      11332
       1000       9921
       1001       8454
       1002      14251
       1003      12489
       1004      11354
       1005       9932
       1006       9882
       1007      15689
       1008       2639
       1009       2638
       1010      15937
       1011      16637
       1012      16331
       1013      16366
       1014      16610
       1015      16643
       1016      16636
       1017      16630
       1018       4125
       1019       2057
       1020       2058
       1021       4116
       1022      14225
       1023      11359
       1024      12516
       1025      11358
       1026      11349
       1027      11284
       1028       9873
       1029      13439
       1030       6974
       1031      14907
       1032       4846
       1033      16368
       1034      16479
       1035      16649
       1036      16667
       1037      16666
       1038      16663
       1039      11355
       1040      14875
       1041      15696
       1042      14889
       1043      14280
       1044      15695
       1045      15353
       1046      14900
       1047      11283
       1048      11292
       1049      15683
       1050      15661
       1051      15393
       1052      15392
       1053      16370
       1054      16471
       1055      16624
       1056      16658
       1057      16657
       1058      16656
       1059      11296
       1060      13457
       1061      12513
       1062      11348
       1063      11306
       1064      16414
       1065      11295
       1066       9898
       1067      16580
       1068       8390
       1069      14899
       1070       5798
       1071      16356
       1072      16389
       1073      16578
       1074      16577
       1075      16583
       1076      16582
       1077       4105
       1078       8408
       1079       8407
       1080       4112
       1081      13456
       1082      16235
       1083      16277
       1084      13440
       1085      16422
       1086      16421
       1087      16426
       1088      16425
       1089       5803
       1090       5801
       1091      14783
       1092      14780
       1093      14324
       1094      14323
       1095      13532
       1096      13269
       1097      13211
       1098      13208
       1099      13485
       1100      12558
       1101      11430
       1102      10862
       1103      14874
       1104       4858
       1105      12580
       1106      11461
       1107      11434
       1108      10012
       1109       4115
       1110       4111
       1111       3472
       1112      12485
       1113      11330
       1114      10008
       1115       8453
       1116      16112
       1117      16111
       1118      16274
       1119      16142
       1120      16141
       1121      16138
       1122       4857
       1123       4856
       1124       4110
       1125      12483
       1126      11331
       1127       9918
       1128       8401
       1129      14218
       1130       3007
       1131       3005
       1132      15248
       1133      15249
       1134      12509
       1135      11353
       1136      11280
       1137       9883
       1138       2329
       1139       2328
       1140       1819
       1141       1818
       1142      15645
       1143      15908
       1144      11269
       1145       8385
       1146       1587
       1147       5791
       1148      14279
       1149       4097
       1150       1187
       1151       4114
       1152      12515
       1153      12512
       1154      12444
       1155      11282
       1156        840
       1157      12511
       1158      15363
       1159      13438
       1160      12456
       1161       3441
       1162      11305
       1163      12510
       1164      13509
       1165      12449
       1166      11294
       1167      13430
       1168      15352
       1169      12448
       1170       9891
       1171       6979
       1172      14268
       1173       9897
       1174       9896
       1175       4852
       1176      15328
       1177       4067
       1178       6983
       1179       6982
       1180      14873
       1181       4070
       1182      13434
       1183      14267
       1184      12455
       1185      14224
       1186      15327
       1187      15287
       1188      15286
       1189      15276
       1190       4109
       1191      14842
       1192      13510
       1193      14139
       1194      14138
       1195      14072
       1196      14062
       1197      12454
       1198      13484
       1199      12605
       1200      12178
       1201      12136
       1202      14223
       1203      11304
       1204       4069
       1205       3470
       1206       3469
       1207      12581
       1208      12559
       1209      11433
       1210      10011
       1211      14250
       1212      12475
       1213      11460
       1214      10038
       1215      10010
       1216      13508
       1217      15346
       1218      13455
       1219      16555
       1220      12482
       1221      11329
       1222       9917
       1223       8464
       1224      15918
       1225      15917
       1226      15716
       1227      15715
       1228      14841
       1229      14840
       1230      14779
       1231      14778
       1232      12484
       1233      11347
       1234       9929
       1235       9881
       1236       2637
       1237       2636
       1238      14217
       1239      14883
       1240       2056
       1241       2055
       1242       4851
       1243      12508
       1244      12443
       1245      12442
       1246      11278
       1247       1804
       1248       1802
       1249       9872
       1250       6973
       1251       1382
       1252       1377
       1253       4845
       1254       5797
       1255       5779
       1256       4108
       1257       3465
       1258      12436
       1259      16551
       1260      14888
       1261       1007
       1262       1006
       1263        685
       1264        686
       1265      14222
       1266       4822
       1267       4107
       1268       3468
       1269      15693
       1270      13454
       1271      13419
       1272      12453
       1273      11303
       1274      11302
       1275      11291
       1276       8389
       1277      11293
       1278       9895
       1279       5796
       1280       4821
       1281       8393
       1282       8392
       1283      16512
       1284       4113
       1285      16478
       1286      13437
       1287       6978
       1288       6964
       1289       4104
       1290      16642
       1291      14839
       1292      14771
       1293      14764
       1294      14763
       1295      13483
       1296      13268
       1297      13267
       1298      13207
       1299      15357
       1300      12582
       1301      12557
       1302      11483
       1303      10893
       1304      12579
       1305      11459
       1306      10037
       1307      10009
       1308       4850
       1309       4849
       1310       4103
       1311      12481
       1312      11328
       1313      10036
       1314       8463
       1315      14173
       1316      12480
       1317      11327
       1318       9915
       1319       8406
       1320       3440
       1321       3004
       1322       3003
       1323      12507
       1324      11346
       1325      11279
       1326       9880
       1327       2327
       1328       2326
       1329      16124
       1330       2041
       1331       2040
       1332      14728
       1333      14856
       1334      11268
       1335       8384
       1336       3454
       1337       1586
       1338       1583
       1339      13418
       1340       5790
       1341       4096
       1342       1186
       1343       1185
       1344      13417
       1345      13416
       1346      12441
       1347      11281
       1348        839
       1349        838
       1350      13415
       1351        546
       1352        547
       1353      11301
       1354      13433
       1355       9890
       1356      12452
       1357      15936
       1358      12447
       1359      11300
       1360      12446
       1361      11288
       1362      14887
       1363      16413
       1364      14249
       1365      13426
       1366       6977
       1367       9894
       1368       9893
       1369       5776
       1370      14266
       1371       4066
       1372       8376
       1373       8374
       1374      13425
       1375      14838
       1376       4102
       1377      15351
       1378      13432
       1379      13507
       1380      12451
       1381      15326
       1382      15279
       1383      15275
       1384      15274
       1385      12450
       1386      14137
       1387      14136
       1388      14066
       1389      14061
       1390      16554
       1391       5795
       1392       5794
       1393      13429
       1394       4079
       1395      14248
       1396       5773
       1397      13482
       1398      12556
       1399      12177
       1400      12176
       1401      12578
       1402      11462
       1403      11431
       1404      10051
       1405       4101
       1406      12472
       1407      11458
       1408      10035
       1409       8460
       1410      15932
       1411      15348
       1412      12474
       1413      11322
       1414       9916
       1415       8462
       1416      14265
       1417      12479
       1418      11345
       1419       9928
       1420       9879
       1421       4068
       1422       3467
       1423       3466
       1424      16553
       1425      14219
       1426      14885
       1427       2987
       1428       2635
       1429       2634
       1430      15694
       1431       2312
       1432       2311
       1433      14906
       1434      12467
       1435      12440
       1436      12439
       1437      11277
       1438       1803
       1439       1801
       1440       9871
       1441       6972
       1442       4818
       1443       1381
       1444       1380
       1445       4844
       1446      14896
       1447      14221
       1448      12435
       1449       3464
       1450      16605
       1451       1005
       1452       1004
       1453       4820
       1454       4100
       1455       4081
       1456      14216
       1457        684
       1458        683
       1459        422
       1460        419
       1461      15935
       1462       8388
       1463      14214
       1464      13414
       1465      12434
       1466      11299
       1467       3453
       1468      15350
       1469      11287
       1470      11290
       1471       9889
       1472      16496
       1473       6961
       1474      14898
       1475      13506
       1476      11289
       1477       4819
       1478       9856
       1479       9855
       1480       3439
       1481       6976
       1482       6966
       1483      14264
       1484      15692
       1485      15927
       1486      14213
       1487      13481
       1488      13266
       1489      13265
       1490      13203
       1491      11276
       1492      12577
       1493      12334
       1494      11136
       1495      10892
       1496       5775
       1497       4848
       1498       4831
       1499      12575
       1500      11456
       1501      10034
       1502      10007
       1503      14837
       1504      14836
       1505      14770
       1506      14762
       1507      12473
       1508      11321
       1509      10033
       1510       8461
       1511       4099
       1512      12478
       1513      11325
       1514       9914
       1515       8405
       1516       3452
       1517       3002
       1518       3001
       1519      12466
       1520      11344
       1521      11273
       1522       9878
       1523       9886
       1524       2620
       1525       2618
       1526      13431
       1527      13428
       1528       2039
       1529       2038
       1530      11267
       1531       8383
       1532      12445
       1533       1585
       1534       1584
       1535       5789
       1536      14262
       1537       4095
       1538       1184
       1539       1183
       1540       4078
       1541       3000
       1542      13480
       1543      13413
       1544      12438
       1545      12437
       1546      11275
       1547      16364
       1548      16606
       1549        837
       1550        836
       1551      15345
       1552      13412
       1553      16371
       1554      16477
       1555      16609
       1556      16641
       1557      16640
       1558      16629
       1559        545
       1560        544
       1561       6960
       1562       5783
       1563        311
       1564        309
       1565      12433
       1566      12471
       1567      14835
       1568      11298
       1569       9900
       1570       2988
       1571      13424
       1572      16369
       1573      16476
       1574      16635
       1575      16655
       1576      16654
       1577      16653
       1578      16604
       1579       8371
       1580      11252
       1581       9888
       1582       5774
       1583       5772
       1584       4065
       1585       4836
       1586       8375
       1587       8373
       1588      15347
       1589       2986
       1590      14897
       1591      14190
       1592      16123
       1593      16355
       1594      16470
       1595      16576
       1596      16623
       1597      16619
       1598      16618
       1599      15680
       1600      15657
       1601      15656
       1602      15391
       1603      12432
       1604      13423
       1605      13410
       1606       4830
       1607      14135
       1608      14134
       1609      14133
       1610      14065
       1611      15338
       1612      13357
       1613      12555
       1614      12175
       1615      12174
       1616       4835
       1617       4829
       1618       4080
       1619      12576
       1620      12333
       1621      14872
       1622      11135
       1623      10006
       1624      16234
       1625      16388
       1626      16511
       1627      16519
       1628      16518
       1629      16517
       1630      12431
       1631      12469
       1632      11318
       1633      10032
       1634       8458
       1635      14201
       1636       4088
       1637       4076
       1638       4074
       1639      11266
       1640      12465
       1641      11320
       1642       9913
       1643       8459
       1644       3457
       1645       3449
       1646       3447
       1647      12463
       1648      11326
       1649       9927
       1650       9876
       1651       2993
       1652       2985
       1653       2984
       1654      16121
       1655      16268
       1656      16285
       1657      16289
       1658      16288
       1659      16287
       1660      14215
       1661       2310
       1662       2309
       1663      12430
       1664      12420
       1665      11274
       1666      11272
       1667       1800
       1668       1799
       1669       9870
       1670       6971
       1671      16116
       1672      15954
       1673      15953
       1674      15951
       1675       1379
       1676       1378
       1677       4843
       1678      12429
       1679       3463
       1680      16108
       1681      15910
       1682      15909
       1683      14261
       1684      13409
       1685       1003
       1686       1002
       1687       2633
       1688       4828
       1689      11271
       1690        682
       1691        681
       1692      13427
       1693      11251
       1694        421
       1695        420
       1696      14212
       1697      13411
       1698      12428
       1699      11263
       1700      15342
       1701      15643
       1702      15642
       1703      14871
       1704       9853
       1705        222
       1706        223
       1707      15325
       1708      15278
       1709      15273
       1710      15272
       1711       3451
       1712      14865
       1713      12418
       1714       2626
       1715      11286
       1716       9887
       1717      13375
       1718       6959
       1719       4817
       1720       9854
       1721       8387
       1722      13505
       1723       3438
       1724       2611
       1725       6965
       1726       6963
       1727      13422
       1728       5782
       1729      13376
       1730      13356
       1731      13264
       1732      13263
       1733      13259
       1734       5781
       1735       5778
       1736       4827
       1737      13355
       1738      12332
       1739      11133
       1740      10891
       1741      12352
       1742      11457
       1743      10031
       1744       9736
       1745      12464
       1746      11317
       1747       9908
       1748       8457
       1749      14834
       1750      14833
       1751      14769
       1752      14761
       1753      12462
       1754      11324
       1755       9912
       1756       8404
       1757       3456
       1758       3446
       1759       3445
       1760      12422
       1761      11314
       1762       9926
       1763       9875
       1764      14870
       1765      15324
       1766      13374
       1767       2625
       1768       2619
       1769       2617
       1770       2037
       1771       2036
       1772      15688
       1773      11264
       1774      14263
       1775      16273
       1776       8382
       1777       1582
       1778       1581
       1779       5788
       1780       4094
       1781       1182
       1782       1181
       1783       2999
       1784       2325
       1785      14200
       1786      12427
       1787        835
       1788        834
       1789       4834
       1790      13407
       1791      13408
       1792      12426
       1793      11270
       1794       9877
       1795      11262
       1796        543
       1797        542
       1798      15682
       1799       4077
       1800      11261
       1801      12425
       1802      12424
       1803        310
       1804        308
       1805      15934
       1806      14189
       1807      12470
       1808      11265
       1809       9885
       1810        150
       1811        151
       1812       4833
       1813       4826
       1814       4075
       1815       2992
       1816      12461
       1817       2317
       1818       8370
       1819      11250
       1820       9852
       1821       5771
       1822      14188
       1823       4064
       1824       8372
       1825       8367
       1826       4825
       1827      16596
       1828       2978
       1829       2301
       1830      13405
       1831      12468
       1832      13388
       1833      14019
       1834      14246
       1835      12423
       1836      14172
       1837       9869
       1838      14132
       1839      14130
       1840      14129
       1841      14064
       1842      13354
       1843      13240
       1844      12173
       1845      12171
       1846       4824
       1847       4087
       1848       4073
       1849       3448
       1850      12353
       1851      12331
       1852      11134
       1853       9735
       1854      12351
       1855      11154
       1856      10030
       1857       9732
       1858       5770
       1859      13373
       1860      11316
       1861       9911
       1862       9910
       1863       8400
       1864      12410
       1865      11256
       1866       9861
       1867       8403
       1868       2991
       1869       2983
       1870       2982
       1871       2318
       1872       2308
       1873       2307
       1874      14199
       1875      15349
       1876       6958
       1877       5780
       1878      14832
       1879      14831
       1880      14768
       1881      14767
       1882      12421
       1883      11259
       1884      11258
       1885       9874
       1886       1798
       1887       1797
       1888       9868
       1889      14211
       1890       6970
       1891      12417
       1892       1376
       1893       1375
       1894       4842
       1895      12416
       1896       3462
       1897      11249
       1898       1001
       1899       1000
       1900       2632
       1901       2054
       1902      13421
       1903        680
       1904        679
       1905      11245
       1906        418
       1907        417
       1908      14210
       1909      13406
       1910      12415
       1911      11260
       1912      14886
       1913        221
       1914        220
       1915       3450
       1916      11244
       1917        100
       1918         98
       1919      11248
       1920       9851
       1921       2624
       1922      16118
       1923       8381
       1924      14198
       1925       6957
       1926      15337
       1927       2046
       1928      14868
       1929       4816
       1930       9850
       1931       9849
       1932      14206
       1933       3437
       1934      15323
       1935      15322
       1936      15277
       1937      15270
       1938       2610
       1939       6969
       1940       6962
       1941       2028
       1942       4086
       1943      14811
       1944      14830
       1945       5769
       1946       4832
       1947       4085
       1948      15313
       1949      14131
       1950      14128
       1951      14127
       1952      14063
       1953      14106
       1954      13262
       1955      13258
       1956      13257
       1957      13353
       1958      12330
       1959      11132
       1960      10889
       1961      12350
       1962      11151
       1963      11131
       1964       9734
       1965      15685
       1966      15341
       1967      11319
       1968      11153
       1969       9749
       1970       8456
       1971      11315
       1972      11239
       1973       9843
       1974       8399
       1975      16272
       1976       3455
       1977       3444
       1978       3443
       1979      12409
       1980      11255
       1981       9865
       1982       9864
       1983       2623
       1984       2616
       1985       2615
       1986      13404
       1987       2047
       1988       2035
       1989       2034
       1990      11246
       1991       8380
       1992       1580
       1993       1579
       1994       5787
       1995       4815
       1996      13387
       1997       4093
       1998      15675
       1999       1180
       2000       1179
       2001      12414
       2002       2998
       2003      13403
       2004      12419
       2005      11257
       2006       9867
       2007       2324
       2008        833
       2009        832
       2010       1817
       2011      13399
       2012      13372
       2013       5768
       2014       4071
       2015      15687
       2016      13371
       2017      16571
       2018        541
       2019        540
       2020      14107
       2021      11243
       2022      12413
       2023        307
       2024        306
       2025      12412
       2026      11247
       2027       9866
       2028        149
       2029        148
       2030       2990
       2031      12399
       2032      14810
       2033         72
       2034         73
       2035      13402
       2036      16591
       2037       2316
       2038       6968
       2039       9848
       2040      11228
       2041       9834
       2042       5767
       2043       4063
       2044       1809
       2045       8369
       2046       8366
       2047       2977
       2048       2300
       2049       4814
       2050       4084
       2051       4072
       2052       5786
       2053       5777
       2054       1789
       2055      12411
       2056      12369
       2057      12460
       2058      12459
       2059       4083
       2060      14105
       2061      13261
       2062      13260
       2063      13256
       2064      14829
       2065      14828
       2066      14766
       2067      14765
       2068      13352
       2069      12329
       2070      12170
       2071      12169
       2072      12349
       2073      11155
       2074      11130
       2075       9733
       2076      14197
       2077      12348
       2078      11152
       2079       9748
       2080       9731
       2081      11242
       2082      11312
       2083       9907
       2084       9747
       2085       8314
       2086       4062
       2087       4043
       2088       4042
       2089      12405
       2090      11238
       2091       9842
       2092       8379
       2093       2989
       2094       2981
       2095       2980
       2096      14882
       2097      15926
       2098      13386
       2099       2315
       2100       2306
       2101       2305
       2102      12408
       2103      11254
       2104      11253
       2105       9863
       2106       1810
       2107       1796
       2108       1795
       2109       9847
       2110       6967
       2111       1374
       2112       1373
       2113       4841
       2114       4082
       2115      12398
       2116       3461
       2117        999
       2118        998
       2119       2631
       2120       2053
       2121      14209
       2122       1599
       2123        678
       2124        677
       2125      15321
       2126      16412
       2127        416
       2128        415
       2129      13398
       2130      13397
       2131      12393
       2132      11241
       2133       3442
       2134        219
       2135        218
       2136      16330
       2137      16447
       2138      16603
       2139      16602
       2140      16601
       2141      16594
       2142      11227
       2143         99
       2144         97
       2145      11226
       2146       9833
       2147       2622
       2148      16600
       2149       8368
       2150      15679
       2151      15655
       2152      15654
       2153      15390
       2154         49
       2155       5785
       2156       2045
       2157       4840
       2158       4813
       2159       9832
       2160       8365
       2161       6956
       2162       6955
       2163       3436
       2164      16367
       2165      16475
       2166      16634
       2167      16633
       2168      16632
       2169      16631
       2170       2609
       2171       2027
       2172       1571
       2173      15320
       2174      15271
       2175      15269
       2176      14943
       2177       4091
       2178       4839
       2179       4823
       2180       4801
       2181      13401
       2182      14126
       2183      14125
       2184      14120
       2185      14119
       2186      16363
       2187      11215
       2188      14104
       2189      13239
       2190      12172
       2191      12168
       2192      16354
       2193      16469
       2194      16622
       2195      16621
       2196      16620
       2197      16617
       2198      13370
       2199      12346
       2200      12328
       2201      11129
       2202      10888
       2203      14196
       2204      12347
       2205      11149
       2206       9750
       2207       9730
       2208      11311
       2209       9909
       2210       9746
       2211       8313
       2212      13420
       2213      11313
       2214       9906
       2215       8398
       2216       8312
       2217       3435
       2218       3418
       2219       3417
       2220      16233
       2221      16387
       2222      16510
       2223      16575
       2224      16566
       2225      16564
       2226      12407
       2227      11237
       2228       9860
       2229       9859
       2230       2621
       2231       2614
       2232       2613
       2233      13383
       2234       2044
       2235       2033
       2236       2032
       2237      11225
       2238      14827
       2239       8364
       2240       1592
       2241       1578
       2242       1577
       2243      16105
       2244      16267
       2245      16420
       2246      16419
       2247      16418
       2248      16417
       2249      13369
       2250       5784
       2251       4092
       2252       1178
       2253       1177
       2254      12406
       2255      12392
       2256      11240
       2257       9862
       2258       2997
       2259       5766
       2260       5765
       2261       2323
       2262      12397
       2263        831
       2264        830
       2265       1816
       2266       1394
       2267        539
       2268        538
       2269      16134
       2270      16137
       2271      16136
       2272      16135
       2273      15930
       2274      16107
       2275      14187
       2276      13382
       2277       4057
       2278      12391
       2279      12396
       2280        305
       2281        304
       2282      11214
       2283      11223
       2284       9846
       2285        147
       2286        146
       2287      14864
       2288       2979
       2289      12395
       2290      12458
       2291       9831
       2292      12390
       2293         71
       2294         70
       2295      14245
       2296      15904
       2297      15903
       2298      14186
       2299       2314
       2300       6954
       2301      14869
       2302       9830
       2303       8355
       2304       4838
       2305         30
       2306         29
       2307       4061
       2308       1808
       2309      12367
       2310       8354
       2311       8353
       2312       2976
       2313      12457
       2314       4800
       2315       2299
       2316      12389
       2317       1788
       2318       4810
       2319       4799
       2320       4044
       2321      15247
       2322      15332
       2323       1365
       2324      12368
       2325      14826
       2326      14824
       2327      14823
       2328      14760
       2329      15925
       2330      15916
       2331      15714
       2332      15713
       2333      13348
       2334      13255
       2335      13250
       2336      13249
       2337      14203
       2338      13351
       2339      12327
       2340      11128
       2341      10890
       2342      12344
       2343      11150
       2344       9744
       2345       9448
       2346      13396
       2347       5762
       2348      14862
       2349      11172
       2350      11123
       2351       9745
       2352       8310
       2353      16115
       2354      11310
       2355       9905
       2356       8397
       2357       8311
       2358       4060
       2359       4041
       2360       4040
       2361      16474
       2362      11309
       2363       9904
       2364       8395
       2365       8378
       2366       2975
       2367       2960
       2368       2959
       2369      13368
       2370       2313
       2371       2304
       2372       2303
       2373      12404
       2374      11236
       2375       9858
       2376       9857
       2377      13385
       2378      14208
       2379       1807
       2380       1794
       2381       1793
       2382       9829
       2383      15924
       2384       6953
       2385       4809
       2386       1387
       2387       1372
       2388       1371
       2389       4837
       2390      11224
       2391       3460
       2392      13400
       2393       9844
       2394        997
       2395        996
       2396       2630
       2397      16593
       2398       2052
       2399      14861
       2400       1598
       2401        676
       2402        675
       2403       1199
       2404      14205
       2405      13394
       2406      12394
       2407      11219
       2408       9845
       2409        414
       2410        413
       2411      15336
       2412      11222
       2413        217
       2414        216
       2415      14727
       2416      14855
       2417       3432
       2418      16266
       2419         96
       2420         95
       2421      11221
       2422       9823
       2423       2612
       2424       4056
       2425       8352
       2426         48
       2427         47
       2428       5764
       2429       2043
       2430       4090
       2431       8351
       2432       8350
       2433      16509
       2434       3434
       2435       6952
       2436       6949
       2437       1591
       2438       2608
       2439      16550
       2440      15319
       2441      15318
       2442      15268
       2443      15265
       2444       5761
       2445       5755
       2446       4798
       2447      15931
       2448       2026
       2449       1570
       2450       4797
       2451       1169
       2452      15335
       2453      14171
       2454      14124
       2455      14121
       2456      14118
       2457      14117
       2458      13350
       2459      12326
       2460      12166
       2461      12165
       2462      14182
       2463      12345
       2464      12325
       2465      11127
       2466       9729
       2467      12343
       2468      11148
       2469       9743
       2470       9447
       2471       9827
       2472      11307
       2473      11122
       2474       9727
       2475       8309
       2476      11308
       2477       9903
       2478       8396
       2479       8360
       2480       3433
       2481       3416
       2482       3415
       2483      12403
       2484      11234
       2485       9841
       2486       8377
       2487      15674
       2488      13349
       2489       2607
       2490       2592
       2491       2591
       2492      12387
       2493      13393
       2494      16543
       2495       2042
       2496       2031
       2497       2030
       2498      16599
       2499      14809
       2500       9828
       2501       8349
       2502       1590
       2503       1576
       2504       1575
       2505      15334
       2506       5763
       2507       4089
       2508       1192
       2509       1176
       2510       1175
       2511      12402
       2512      12385
       2513      11213
       2514       9817
       2515       2996
       2516       2322
       2517        829
       2518        828
       2519       1815
       2520       9818
       2521      12386
       2522       1393
       2523        537
       2524        536
       2525       1019
       2526      11218
       2527      12401
       2528        303
       2529        302
       2530      14183
       2531       3431
       2532       5760
       2533      11212
       2534       9813
       2535      16547
       2536       9826
       2537      15312
       2538      13342
       2539        145
       2540        144
       2541       2972
       2542      13367
       2543      14185
       2544      16411
       2545      11217
       2546      12366
       2547         69
       2548         68
       2549      13381
       2550      12365
       2551      14184
       2552       2302
       2553       6951
       2554       4796
       2555       9825
       2556       9822
       2557       4812
       2558         28
       2559         27
       2560       4808
       2561       3459
       2562       1806
       2563       6950
       2564       6948
       2565      11220
       2566       2974
       2567       2298
       2568       4807
       2569       4795
       2570       4039
       2571       1386
       2572      11216
       2573       1787
       2574      14825
       2575      14822
       2576      14821
       2577      14759
       2578      14863
       2579       1364
       2580      15340
       2581      15678
       2582      15653
       2583      15652
       2584      15389
       2585        988
       2586      15686
       2587      13347
       2588      13254
       2589      13253
       2590      13248
       2591      13345
       2592      12324
       2593      11126
       2594      10887
       2595      14207
       2596      12342
       2597      11147
       2598      10884
       2599       9446
       2600      13395
       2601      12320
       2602      11121
       2603       9726
       2604       8305
       2605      15673
       2606      11170
       2607       9902
       2608       8394
       2609       8359
       2610       4054
       2611       4038
       2612       4037
       2613      11233
       2614      11232
       2615       9838
       2616       8362
       2617       9824
       2618       2973
       2619       2958
       2620       2957
       2621       5759
       2622       5758
       2623       2297
       2624       2282
       2625       2281
       2626      12400
       2627      11235
       2628       9840
       2629       9816
       2630       1805
       2631       1792
       2632       1791
       2633       4794
       2634       8348
       2635       6947
       2636       1385
       2637       1370
       2638       1369
       2639       4811
       2640      11208
       2641       3458
       2642       1012
       2643        995
       2644        994
       2645       2629
       2646       2051
       2647       1597
       2648        674
       2649        673
       2650       9812
       2651       1198
       2652      16532
       2653       9815
       2654      13392
       2655      12384
       2656      11206
       2657       9807
       2658        852
       2659        412
       2660        411
       2661       4053
       2662        215
       2663        214
       2664       3427
       2665         94
       2666         93
       2667       9821
       2668       9820
       2669       2604
       2670       8347
       2671         46
       2672         45
       2673       5756
       2674       2029
       2675       4059
       2676       8346
       2677       8344
       2678      14860
       2679         15
       2680         14
       2681       2995
       2682      14881
       2683       4806
       2684       4805
       2685       4049
       2686       1589
       2687       6945
       2688       5757
       2689       2606
       2690       4055
       2691       2025
       2692      13343
       2693       1191
       2694       1569
       2695       4804
       2696       1168
       2697      13384
       2698        820
       2699      14123
       2700      14122
       2701      14116
       2702      14060
       2703      13346
       2704      12323
       2705      12167
       2706      12164
       2707      12322
       2708      12159
       2709      12158
       2710      10883
       2711      12319
       2712      11146
       2713       9742
       2714       9445
       2715      11171
       2716      11120
       2717       9725
       2718       8304
       2719      11211
       2720      11111
       2721       9837
       2722       8358
       2723       3426
       2724       3414
       2725       3413
       2726      12310
       2727      11231
       2728       9839
       2729       8363
       2730       2605
       2731       2590
       2732       2589
       2733       2024
       2734       2009
       2735       2008
       2736      13344
       2737       9810
       2738      12388
       2739      12364
       2740       6946
       2741       1588
       2742       1574
       2743       1573
       2744       5754
       2745      15339
       2746      12383
       2747      11230
       2748      11207
       2749       9814
       2750       4058
       2751      14179
       2752       1190
       2753       1174
       2754       1173
       2755       2994
       2756      14195
       2757      11209
       2758       2321
       2759      12382
       2760        845
       2761        827
       2762        826
       2763      14867
       2764       1814
       2765      16113
       2766       1392
       2767      14808
       2768       9819
       2769        535
       2770        534
       2771      11205
       2772      11204
       2773       1018
       2774        698
       2775       9806
       2776      14167
       2777      15915
       2778        301
       2779        300
       2780      11195
       2781       9811
       2782       8345
       2783       3425
       2784      12363
       2785        143
       2786        142
       2787      13391
       2788      13380
       2789       2967
       2790      12361
       2791      15681
       2792       4052
       2793         67
       2794         66
       2795      14859
       2796       2294
       2797       6944
       2798       4048
       2799      14181
       2800       8343
       2801       8342
       2802      13334
       2803       4802
       2804         26
       2805         25
       2806       3430
       2807       1790
       2808       6943
       2809       6941
       2810       5752
       2811       4803
       2812      14820
       2813      14758
       2814      14757
       2815      14756
       2816       4051
       2817       4047
       2818       4036
       2819       2628
       2820          5
       2821       2296
       2822      11203
       2823      12362
       2824       1384
       2825       1786
       2826      15317
       2827      15267
       2828      15266
       2829      14942
       2830       1363
       2831       1011
       2832        987
       2833      16362
       2834      16451
       2835      16590
       2836      16598
       2837      16597
       2838      16595
       2839        665
       2840       9809
       2841      14103
       2842      13252
       2843      13251
       2844      13247
       2845      16570
       2846      15310
       2847      13238
       2848      13237
       2849      12157
       2850      10886
       2851      12321
       2852      11125
       2853      10882
       2854       9444
       2855      15923
       2856      11169
       2857      11119
       2858       9728
       2859       8306
       2860      16353
       2861      16466
       2862      16592
       2863      16616
       2864      16615
       2865      16614
       2866      13366
       2867      15672
       2868      11167
       2869       9766
       2870       9719
       2871       8357
       2872       3429
       2873       3422
       2874       3412
       2875      14819
       2876      12309
       2877      11110
       2878       9836
       2879       8361
       2880      15649
       2881      14202
       2882       4791
       2883       2966
       2884       2956
       2885       2955
       2886       4050
       2887       2295
       2888       2280
       2889       2279
       2890      13363
       2891      12380
       2892      11229
       2893      11190
       2894       9791
       2895      14178
       2896      16352
       2897      16384
       2898      16574
       2899      16573
       2900      16572
       2901      16565
       2902       1785
       2903       1770
       2904       1769
       2905       8341
       2906       5753
       2907       1383
       2908       1368
       2909       1367
       2910       4793
       2911      11202
       2912      16114
       2913       3428
       2914       1010
       2915        993
       2916        992
       2917       2627
       2918       2050
       2919      16232
       2920      16386
       2921      16508
       2922      16507
       2923      16506
       2924      16490
       2925       1596
       2926        691
       2927        672
       2928        671
       2929       1197
       2930      13390
       2931      12381
       2932      11201
       2933       9805
       2934        851
       2935        410
       2936        409
       2937        559
       2938       3424
       2939        213
       2940        212
       2941       9802
       2942       2969
       2943      16106
       2944      16229
       2945      16284
       2946      16283
       2947      16281
       2948      16280
       2949      16385
       2950         92
       2951         91
       2952       9796
       2953       9795
       2954       2599
       2955       6942
       2956      14194
       2957         44
       2958         43
       2959       5750
       2960      15950
       2961      15949
       2962      15948
       2963      15947
       2964       2021
       2965       4790
       2966       4046
       2967       4014
       2968       3423
       2969       4045
       2970       8332
       2971       8331
       2972       5751
       2973       5748
       2974         13
       2975         12
       2976       2971
       2977       1572
       2978       2320
       2979      15907
       2980      16104
       2981       2023
       2982       1189
       2983       1568
       2984      15677
       2985       1167
       2986      14858
       2987       9804
       2988        819
       2989        844
       2990        526
       2991      14102
       2992      13236
       2993      12163
       2994      12162
       2995      15638
       2996      15637
       2997      14115
       2998      14114
       2999      14113
       3000      14059
       3001      13017
       3002      12156
       3003      12155
       3004      10881
       3005      14101
       3006      11168
       3007      11124
       3008      10551
       3009       9443
       3010      13365
       3011      11166
       3012       9764
       3013       9724
       3014       8303
       3015      11200
       3016      11210
       3017      11109
       3018       9718
       3019       8356
       3020      12378
       3021       2970
       3022       2965
       3023       2954
       3024      12308
       3025      11197
       3026       9835
       3027       9790
       3028      14818
       3029      14817
       3030      14755
       3031      14754
       3032       2598
       3033       2588
       3034       2587
       3035      15316
       3036      15914
       3037       2022
       3038       2007
       3039       2006
       3040       9803
       3041      11194
       3042       6940
       3043       1567
       3044       1552
       3045       1551
       3046      14806
       3047       4789
       3048       4786
       3049       4792
       3050       4035
       3051       1188
       3052       1172
       3053       1171
       3054      12379
       3055      12376
       3056      11189
       3057       9808
       3058       9801
       3059       2968
       3060      13341
       3061      12377
       3062      12360
       3063       2319
       3064      14180
       3065        843
       3066        825
       3067        824
       3068       1813
       3069      14853
       3070       1391
       3071       4033
       3072      11199
       3073        552
       3074        533
       3075        532
       3076       1017
       3077        697
       3078      12341
       3079      12359
       3080        299
       3081        298
       3082        434
       3083      11193
       3084       9794
       3085      14149
       3086      14204
       3087        141
       3088        140
       3089       2601
       3090       4032
       3091       3392
       3092       8340
       3093         65
       3094         64
       3095       2289
       3096       5749
       3097      15311
       3098      16534
       3099       4013
       3100       9780
       3101       8336
       3102       4031
       3103       4012
       3104       3421
       3105       4788
       3106         24
       3107         23
       3108      12358
       3109      13936
       3110       3420
       3111       1782
       3112       6935
       3113       6934
       3114       4011
       3115      13379
       3116       2603
       3117          4
       3118          3
       3119      11198
       3120       2049
       3121      14805
       3122       1366
       3123      16265
       3124       1784
       3125      16495
       3126       1362
       3127      12357
       3128       1009
       3129        986
       3130        664
       3131        690
       3132      14100
       3133      13246
       3134      13245
       3135      13244
       3136        401
       3137      14807
       3138      13333
       3139      13235
       3140      13234
       3141      12154
       3142      10885
       3143      11192
       3144      12318
       3145      11885
       3146      10880
       3147      10879
       3148       9800
       3149      11165
       3150       9765
       3151       9083
       3152       9082
       3153      11163
       3154       9763
       3155       9717
       3156       8298
       3157       3419
       3158       3391
       3159       3389
       3160      11145
       3161      11108
       3162       9798
       3163       8338
       3164       2602
       3165       2597
       3166       2586
       3167      12340
       3168      15676
       3169      15651
       3170      15650
       3171      15388
       3172       2288
       3173       2278
       3174       2277
       3175      12307
       3176      11196
       3177      11188
       3178       9789
       3179       1783
       3180       1768
       3181       1767
       3182       8339
       3183       4778
       3184       5747
       3185       1361
       3186       1346
       3187       1345
       3188      13378
       3189       4034
       3190      11191
       3191       3411
       3192      12375
       3193       1008
       3194        991
       3195        990
       3196       2600
       3197      13364
       3198       9788
       3199       2048
       3200      14816
       3201      14753
       3202      14752
       3203      14322
       3204      16334
       3205       1595
       3206        689
       3207        670
       3208        669
       3209      14866
       3210      13389
       3211      12374
       3212      11181
       3213       9799
       3214       1196
       3215      15206
       3216        850
       3217        427
       3218        408
       3219        407
       3220      15315
       3221      15264
       3222      15262
       3223      14941
       3224        558
       3225        322
       3226        211
       3227        210
       3228      13377
       3229       2962
       3230       9793
       3231      15333
       3232       4017
       3233      16545
       3234      11185
       3235       9779
       3236         90
       3237         89
       3238       2291
       3239       6939
       3240       4777
       3241       4774
       3242       4010
       3243         42
       3244         41
       3245       4787
       3246       2016
       3247      16542
       3248       4030
       3249       8330
       3250       8329
       3251       5741
       3252       5740
       3253         11
       3254         10
       3255       2964
       3256       1564
       3257       2293
       3258          2
       3259          1
       3260       1812
       3261       1170
       3262       1566
       3263       1166
       3264        818
       3265        842
       3266      14112
       3267      14110
       3268      14058
       3269      14057
       3270        525
       3271      14099
       3272      13233
       3273      12161
       3274      12160
       3275        290
       3276        551
       3277      13016
       3278      12153
       3279      10878
       3280      10877
       3281      14664
       3282      11164
       3283      10550
       3284       9442
       3285       9441
       3286       3409
       3287      11162
       3288       9760
       3289       8323
       3290       8302
       3291      11161
       3292       9762
       3293       9716
       3294       8297
       3295      14166
       3296       2963
       3297       2944
       3298       2943
       3299      12306
       3300      11107
       3301       9787
       3302       9786
       3303       4009
       3304       2292
       3305       2287
       3306       2286
       3307       2015
       3308       2005
       3309       2004
       3310      14098
       3311       9792
       3312       6938
       3313       1565
       3314       1550
       3315       1549
       3316       4008
       3317       4785
       3318      12373
       3319      11187
       3320      11186
       3321       9785
       3322       3410
       3323      11184
       3324       1165
       3325       1150
       3326       1149
       3327       2953
       3328       2290
       3329        841
       3330        823
       3331        822
       3332      12372
       3333       1811
       3334       9784
       3335       1390
       3336      11180
       3337      14663
       3338        550
       3339        531
       3340        530
       3341       1016
       3342       4776
       3343       9773
       3344        696
       3345      13015
       3346        316
       3347        297
       3348        296
       3349      11183
       3350       9772
       3351        433
       3352        232
       3353      13339
       3354        139
       3355        138
       3356       2594
       3357      15621
       3358       2961
       3359      11182
       3360       8335
       3361         63
       3362         62
       3363       4029
       3364       4007
       3365       3390
       3366       2018
       3367       5746
       3368      12371
       3369      12356
       3370       9778
       3371       9777
       3372       4028
       3373         22
       3374         21
       3375       3408
       3376       1777
       3377      12355
       3378       6933
       3379       6932
       3380      12339
       3381       4016
       3382      13361
       3383       2596
       3384          9
       3385          8
       3386       2020
       3387       1358
       3388      11179
       3389      14193
       3390      12354
       3391       1594
       3392       1360
       3393        989
       3394      16264
       3395        985
       3396      14815
       3397      14814
       3398      14751
       3399      14749
       3400        663
       3401      13937
       3402      13243
       3403      13242
       3404      13241
       3405        688
       3406      14170
       3407        400
       3408      13232
       3409      13014
       3410      11883
       3411      11503
       3412        202
       3413      14192
       3414        426
       3415      11884
       3416      10876
       3417      10875
       3418       9440
       3419      15607
       3420      14847
       3421      11160
       3422       9758
       3423       8317
       3424       8301
       3425      14665
       3426      13332
       3427      14177
       3428      11157
       3429       9761
       3430       8322
       3431       8296
       3432       4784
       3433       4775
       3434       3407
       3435       3388
       3436       3387
       3437      14168
       3438      16494
       3439      11144
       3440      11106
       3441       9714
       3442       8333
       3443       2595
       3444       2577
       3445       2576
       3446       2019
       3447       2014
       3448       2013
       3449      12305
       3450      11178
       3451       9797
       3452       9783
       3453      15684
       3454      13340
       3455       1776
       3456       1766
       3457       1765
       3458       8334
       3459      15887
       3460       5745
       3461      11177
       3462       1359
       3463       1344
       3464       1343
       3465      15205
       3466       4027
       3467      14857
       3468       2952
       3469        984
       3470        969
       3471        968
       3472       2585
       3473       2017
       3474       1593
       3475        687
       3476        668
       3477        667
       3478      13329
       3479      12370
       3480      11175
       3481       9769
       3482      14191
       3483       1195
       3484        849
       3485        425
       3486        406
       3487        405
       3488       3405
       3489      13362
       3490        557
       3491        321
       3492        228
       3493        209
       3494        208
       3495       3397
       3496       2593
       3497        157
       3498       4026
       3499       4015
       3500       3396
       3501       9776
       3502       9775
       3503         88
       3504         87
       3505      13338
       3506       9774
       3507       2283
       3508       6937
       3509         40
       3510         39
       3511       4783
       3512       1779
       3513       4025
       3514       3406
       3515       8328
       3516       8327
       3517      11176
       3518         20
       3519         19
       3520       2951
       3521       5744
       3522       5739
       3523       1559
       3524       2285
       3525      16282
       3526          7
       3527          6
       3528       1781
       3529       1162
       3530       1389
       3531       1164
       3532        821
       3533        817
       3534       9782
       3535      14111
       3536      14109
       3537      14108
       3538      14056
       3539        524
       3540      15204
       3541      13935
       3542      13013
       3543      13010
       3544      12632
       3545        289
       3546        549
       3547      13360
       3548        133
       3549      12317
       3550      12152
       3551      10874
       3552      10549
       3553       9771
       3554      16540
       3555      16329
       3556      16446
       3557      16546
       3558      16544
       3559      16541
       3560      16535
       3561      11159
       3562       9757
       3563       9723
       3564       9439
       3565        315
       3566      13331
       3567      12316
       3568      11158
       3569       9756
       3570       8320
       3571       6927
       3572      11156
       3573       9759
       3574       8321
       3575       8295
       3576       2950
       3577       2942
       3578       2941
       3579      12304
       3580      11105
       3581       9715
       3582       8337
       3583      15314
       3584      15263
       3585      15261
       3586      14940
       3587       2284
       3588       2268
       3589       2267
       3590      16361
       3591      16450
       3592      16589
       3593      16587
       3594      16586
       3595      16585
       3596      16588
       3597       1780
       3598       1775
       3599       1774
       3600       9768
       3601       3404
       3602       6936
       3603       1558
       3604       1548
       3605       1547
       3606       4782
       3607      13337
       3608       3402
       3609       1163
       3610       1148
       3611       1147
       3612      16351
       3613      16465
       3614      16569
       3615      16568
       3616      16567
       3617      16563
       3618       2584
       3619      12302
       3620      12297
       3621      11098
       3622       9781
       3623      12296
       3624       2276
       3625        816
       3626        801
       3627        800
       3628      14048
       3629      15606
       3630       1778
       3631      11174
       3632      12338
       3633       1388
       3634        548
       3635        529
       3636        528
       3637       1015
       3638        695
       3639      11094
       3640       9770
       3641        314
       3642        295
       3643        294
       3644        432
       3645      16227
       3646      16383
       3647      16505
       3648      16504
       3649      16503
       3650      16489
       3651      12295
       3652       2948
       3653        231
       3654      14662
       3655        155
       3656        137
       3657        136
       3658        102
       3659       3395
       3660      14813
       3661      14812
       3662      14750
       3663      14748
       3664      15886
       3665      15712
       3666      15711
       3667      15710
       3668       3403
       3669       3394
       3670       3378
       3671       2581
       3672      11096
       3673       4781
       3674       4773
       3675       8326
       3676         61
       3677         60
       3678       4022
       3679       2010
       3680       5743
       3681      12315
       3682       9704
       3683       8325
       3684       4024
       3685         38
       3686         37
       3687      16059
       3688      16231
       3689      12337
       3690      16409
       3691      16408
       3692      16405
       3693      16403
       3694       1561
       3695       2949
       3696       6931
       3697       6930
       3698       2583
       3699         18
       3700         17
       3701       2012
       3702       1353
       3703       1563
       3704       1194
       3705        981
       3706      16502
       3707        983
       3708      15913
       3709      15906
       3710      16103
       3711      16133
       3712      16132
       3713      16131
       3714      16130
       3715        662
       3716      13934
       3717      13932
       3718      13564
       3719      13563
       3720        666
       3721        399
       3722      13195
       3723      13012
       3724      11882
       3725      11879
       3726        201
       3727       3393
       3728      11173
       3729      13359
       3730        424
       3731      16098
       3732         84
       3733      11143
       3734      11118
       3735      10873
       3736      10548
       3737      13358
       3738      11142
       3739       9755
       3740       8316
       3741       8300
       3742      12314
       3743        227
       3744      11117
       3745       9752
       3746       8319
       3747       8261
       3748      16101
       3749      15641
       3750      15902
       3751       3384
       3752       3376
       3753       3375
       3754      11093
       3755      12274
       3756      11102
       3757       9711
       3758       8294
       3759       2582
       3760       2575
       3761       2574
       3762      14165
       3763       2011
       3764       1995
       3765       1994
       3766      12303
       3767      11104
       3768      11097
       3769       9707
       3770      15245
       3771      15331
       3772      15912
       3773       1562
       3774       1557
       3775       1556
       3776      14164
       3777       8324
       3778      15893
       3779       5742
       3780      11095
       3781       1352
       3782      14176
       3783       1342
       3784       1341
       3785       4023
       3786      14744
       3787      14661
       3788      14726
       3789      14854
       3790       9706
       3791       2947
       3792      15647
       3793        982
       3794        967
       3795        966
       3796       2275
       3797      14175
       3798       2003
       3799      14852
       3800      13328
       3801      12294
       3802      11090
       3803       9767
       3804       1560
       3805        661
       3806        646
       3807        645
       3808       1193
       3809       9700
       3810      16449
       3811        848
       3812        423
       3813        404
       3814        403
       3815        556
       3816       3383
       3817        320
       3818        226
       3819        207
       3820        206
       3821       4021
       3822       4006
       3823       4000
       3824       2939
       3825        156
       3826        113
       3827       9703
       3828       9699
       3829        101
       3830         86
       3831         85
       3832       3386
       3833       9702
       3834       2272
       3835       3399
       3836       6929
       3837         59
       3838         58
       3839      13298
       3840       4780
       3841       1771
       3842      12336
       3843       5738
       3844       5737
       3845      14157
       3846       3401
       3847       8289
       3848       8288
       3849         36
       3850         35
       3851       2920
       3852       1355
       3853       2274
       3854         16
       3855       1773
       3856      15330
       3857       1157
       3858       1357
       3859       1014
       3860        813
       3861        815
       3862      14851
       3863      14659
       3864      14649
       3865      14321
       3866      14320
       3867        523
       3868      15648
       3869      13933
       3870      13011
       3871      13009
       3872      12999
       3873        288
       3874        527
       3875       4020
       3876      13201
       3877        132
       3878      12133
       3879      12125
       3880      11881
       3881      10547
       3882        112
       3883      12335
       3884      11141
       3885       9754
       3886        313
       3887       9722
       3888       9081
       3889      14747
       3890      13330
       3891      11140
       3892       9753
       3893       8315
       3894       6926
       3895        154
       3896      11116
       3897       9751
       3898       8318
       3899       8293
       3900       2938
       3901       2930
       3902       2929
       3903      16533
       3904      12300
       3905      11101
       3906       9713
       3907       9705
       3908       2273
       3909       2266
       3910       2265
       3911      13336
       3912       4772
       3913       4771
       3914       1772
       3915       1756
       3916       1755
       3917       9701
       3918       6928
       3919       1356
       3920       1351
       3921       1350
       3922       4779
       3923      12301
       3924      12293
       3925      11086
       3926       9691
       3927       3400
       3928       1156
       3929       1146
       3930       1145
       3931      12292
       3932       2580
       3933      15203
       3934       2002
       3935        814
       3936        799
       3937        798
       3938       1764
       3939       9693
       3940      11089
       3941      11088
       3942      15202
       3943      15196
       3944      14939
       3945      14937
       3946      12291
       3947       1354
       3948        522
       3949        507
       3950        506
       3951       1013
       3952        694
       3953      11092
       3954       9698
       3955        312
       3956        293
       3957        292
       3958        431
       3959      13320
       3960       2937
       3961       4004
       3962       3999
       3963       3377
       3964        230
       3965       3998
       3966        153
       3967        135
       3968        134
       3969        131
       3970      11091
       3971       2572
       3972      12313
       3973        111
       3974       8287
       3975        110
       3976         83
       3977         82
       3978      15260
       3979      14850
       3980      14047
       3981       1999
       3982      16228
       3983       5736
       3984      14046
       3985       9682
       3986       9681
       3987       4019
       3988         57
       3989         56
       3990       1553
       3991       3365
       3992       6925
       3993       6924
       3994      13335
       3995      15259
       3996       2556
       3997      11087
       3998         34
       3999         33
       4000       2001
       4001       1159
       4002       1555
       4003       1161
       4004        976
       4005        847
       4006      13297
       4007        660
       4008      13931
       4009      13930
       4010        658
       4011      13922
       4012      13920
       4013        398
       4014      13193
       4015      12126
       4016      11880
       4017      11870
       4018        200
       4019       9697
       4020        402
       4021        130
       4022      12132
       4023      10861
       4024      10546
       4025      10545
       4026        109
       4027      11139
       4028       9741
       4029       8308
       4030       8299
       4031       3997
       4032        225
       4033      14054
       4034      13202
       4035      11115
       4036       9739
       4037       9648
       4038       8260
       4039       4003
       4040       3382
       4041       3374
       4042       3373
       4043      12312
       4044        119
       4045      12273
       4046      11051
       4047       9710
       4048       8292
       4049       2571
       4050       2566
       4051       2565
       4052       4768
       4053      15605
       4054       2000
       4055       1993
       4056       1992
       4057      12216
       4058      12299
       4059      11103
       4060      11085
       4061       9690
       4062       1554
       4063       1538
       4064       1537
       4065       8286
       4066       5735
       4067      15620
       4068       1160
       4069       1155
       4070       1154
       4071      11084
       4072       4018
       4073      14055
       4074       2946
       4075        975
       4076        965
       4077        964
       4078       2271
       4079       1763
       4080      13327
       4081      12290
       4082      11082
       4083       9692
       4084       1546
       4085        659
       4086        644
       4087        643
       4088       1158
       4089        846
       4090        397
       4091        382
       4092        381
       4093       4767
       4094       4765
       4095       3996
       4096       3381
       4097        555
       4098        319
       4099        224
       4100        205
       4101        204
       4102       2936
       4103        193
       4104      13295
       4105      13326
       4106        168
       4107      11078
       4108       9696
       4109        129
       4110        128
       4111        127
       4112       9694
       4113        108
       4114       2263
       4115      15201
       4116      11083
       4117       5734
       4118       5733
       4119       6923
       4120        117
       4121         81
       4122         80
       4123       4770
       4124       1760
       4125       3988
       4126       8282
       4127       8281
       4128         55
       4129         54
       4130       2919
       4131       1347
       4132       2247
       4133      14746
       4134      14156
       4135         32
       4136       1762
       4137      14658
       4138      14648
       4139      14647
       4140      14319
       4141        978
       4142       1349
       4143      14660
       4144      14155
       4145        980
       4146       9689
       4147        808
       4148        693
       4149        521
       4150      13194
       4151      13008
       4152      13007
       4153      12998
       4154        287
       4155      15604
       4156      15603
       4157      15387
       4158      15386
       4159        519
       4160        192
       4161      12131
       4162      10860
       4163      10856
       4164      10544
       4165        167
       4166        291
       4167      11137
       4168       9740
       4169       9438
       4170       9435
       4171        107
       4172      11138
       4173       9738
       4174       8307
       4175       8259
       4176      14163
       4177      14849
       4178        152
       4179      11114
       4180      11050
       4181       9656
       4182       8291
       4183       2935
       4184       2928
       4185       2927
       4186      12298
       4187      11100
       4188       9712
       4189       9688
       4190        118
       4191       2262
       4192       2257
       4193       2256
       4194      12289
       4195       1761
       4196       1754
       4197       1753
       4198       9687
       4199       6922
       4200       1348
       4201       1332
       4202       1331
       4203      12288
       4204      11099
       4205       9708
       4206       9644
       4207       4769
       4208      13200
       4209      14743
       4210       3398
       4211      15885
       4212        979
       4213        974
       4214        973
       4215       2579
       4216      16410
       4217      12287
       4218       1998
       4219        807
       4220        797
       4221        796
       4222       4766
       4223      11081
       4224       1545
       4225      14045
       4226       1340
       4227       3995
       4228       9686
       4229       9685
       4230        520
       4231        505
       4232        504
       4233        977
       4234      13296
       4235       3994
       4236        692
       4237       4002
       4238       3993
       4239       3372
       4240      11077
       4241       9695
       4242        286
       4243        279
       4244        278
       4245        430
       4246       2934
       4247        229
       4248        190
       4249        187
       4250        186
       4251        191
       4252       2570
       4253        166
       4254       8285
       4255      12311
       4256        106
       4257        165
       4258        126
       4259        125
       4260       1990
       4261       5732
       4262       9680
       4263       9679
       4264       4760
       4265        116
       4266         79
       4267         78
       4268       1542
       4269       3364
       4270      11080
       4271       2555
       4272      14162
       4273         53
       4274         52
       4275      15199
       4276      15195
       4277      14938
       4278      14936
       4279       1974
       4280      14044
       4281       1151
       4282      13929
       4283      13928
       4284      13921
       4285      13919
       4286       1544
       4287      13319
       4288       1153
       4289        810
       4290      12215
       4291        812
       4292       6919
       4293       6918
       4294      13199
       4295        554
       4296      11076
       4297        653
       4298        396
       4299      12213
       4300      13192
       4301      12124
       4302      11878
       4303      11877
       4304        199
       4305      16328
       4306        394
       4307       4001
       4308        189
       4309      16448
       4310      12129
       4311      10859
       4312      10855
       4313       9434
       4314       5728
       4315       5727
       4316        164
       4317      16530
       4318      10930
       4319      10836
       4320       9425
       4321       8106
       4322        203
       4323        105
       4324      13323
       4325      11113
       4326       9721
       4327       9647
       4328       8268
       4329      16501
       4330      16459
       4331      11079
       4332      14053
       4333        178
       4334      12272
       4335      11059
       4336       9709
       4337       8290
       4338       3380
       4339       3371
       4340       3370
       4341       2569
       4342       2564
       4343       2563
       4344        172
       4345       1989
       4346       1984
       4347       1983
       4348      13318
       4349      12271
       4350      11048
       4351       9643
       4352       1543
       4353       1536
       4354       1535
       4355      16100
       4356       8284
       4357      14656
       4358      14646
       4359      14645
       4360      14318
       4361      16333
       4362      16438
       4363      16539
       4364      16538
       4365      16537
       4366      16536
       4367       5731
       4368      11074
       4369       9669
       4370       1152
       4371       1136
       4372       1135
       4373       4005
       4374       2945
       4375        811
       4376        806
       4377        805
       4378       2270
       4379       1759
       4380      13325
       4381      12285
       4382      11071
       4383       9684
       4384       1339
       4385        652
       4386        642
       4387        641
       4388       1144
       4389       4759
       4390       4757
       4391       3984
       4392      16350
       4393      16464
       4394      16562
       4395      16561
       4396      16560
       4397      16559
       4398      13322
       4399        809
       4400        395
       4401        380
       4402        379
       4403       3379
       4404       3983
       4405        553
       4406        318
       4407        198
       4408        196
       4409        195
       4410       2933
       4411        266
       4412        243
       4413       9678
       4414       9677
       4415        188
       4416        185
       4417        184
       4418       9674
       4419        163
       4420       2261
       4421      16349
       4422      16382
       4423       6921
       4424      16500
       4425      16499
       4426      16498
       4427      16497
       4428        104
       4429      12214
       4430        176
       4431        124
       4432        121
       4433       4764
       4434       1751
       4435       3987
       4436       8280
       4437       8279
       4438        115
       4439         77
       4440         76
       4441       2918
       4442       1336
       4443       2246
       4444      13294
       4445         31
       4446       1735
       4447        970
       4448       1338
       4449      16226
       4450      16230
       4451      16407
       4452      16406
       4453      16404
       4454      16402
       4455        972
       4456        655
       4457        657
       4458        429
       4459      15946
       4460      15945
       4461      15944
       4462      15943
       4463      14052
       4464      13191
       4465      13006
       4466      13001
       4467      12997
       4468        285
       4469        514
       4470       9676
       4471      14169
       4472        265
       4473      12130
       4474      12123
       4475      10854
       4476      10543
       4477       4758
       4478        242
       4479        283
       4480      12106
       4481      10858
       4482       9437
       4483       9432
       4484      15905
       4485      16092
       4486      16258
       4487      16257
       4488      16256
       4489      16252
       4490        162
       4491      10929
       4492       9737
       4493       9424
       4494       8257
       4495      15258
       4496        103
       4497        194
       4498      14742
       4499      11112
       4500      11049
       4501       9646
       4502       8267
       4503      14745
       4504       2932
       4505       2926
       4506       2925
       4507      12281
       4508      11058
       4509      11047
       4510       9642
       4511      13293
       4512        177
       4513       2260
       4514       2255
       4515       2254
       4516      15640
       4517      15901
       4518        171
       4519       1750
       4520       1745
       4521       1744
       4522       9672
       4523       6920
       4524       1337
       4525       1330
       4526       1329
       4527      14148
       4528      14846
       4529      15200
       4530       4763
       4531      12286
       4532      11075
       4533       9683
       4534       9641
       4535      15198
       4536      13289
       4537       3385
       4538        971
       4539        955
       4540        954
       4541      12284
       4542      14655
       4543       2578
       4544      15246
       4545      15636
       4546      14043
       4547       1997
       4548       9668
       4549      11070
       4550        656
       4551        651
       4552        650
       4553       1541
       4554       3982
       4555      14654
       4556      14651
       4557      14644
       4558      14317
       4559       1143
       4560       3986
       4561       3981
       4562       3360
       4563       5726
       4564       5725
       4565        513
       4566        503
       4567        502
       4568        963
       4569      12283
       4570        654
       4571      11066
       4572       9675
       4573        284
       4574        277
       4575        276
       4576        428
       4577       2931
       4578        271
       4579      15257
       4580        263
       4581        260
       4582        259
       4583        264
       4584       2568
       4585      15329
       4586        241
       4587      11065
       4588      12209
       4589      12276
       4590       8278
       4591        161
       4592      13198
       4593        240
       4594        183
       4595        181
       4596       1988
       4597       5730
       4598       9660
       4599       8277
       4600       3992
       4601        175
       4602        123
       4603        120
       4604      13197
       4605       1533
       4606       3363
       4607      11069
       4608       6917
       4609       6915
       4610       2554
       4611        114
       4612         51
       4613         50
       4614      13927
       4615      13924
       4616      13923
       4617      13918
       4618       1973
       4619       1140
       4620      15197
       4621      15194
       4622      15193
       4623      14935
       4624       1517
       4625       1142
       4626      15884
       4627        802
       4628       3985
       4629        804
       4630      16102
       4631      16097
       4632        518
       4633        516
       4634        317
       4635       3980
       4636      13190
       4637      12122
       4638      11876
       4639      11873
       4640        270
       4641        389
       4642        262
       4643      12128
       4644      10857
       4645      10853
       4646       9433
       4647        239
       4648      10928
       4649      10835
       4650       9423
       4651       8256
       4652        197
       4653        160
       4654      13317
       4655      12212
       4656      11045
       4657       9720
       4658       9645
       4659       8258
       4660      14051
       4661       3362
       4662       3359
       4663       3358
       4664        253
       4665      12270
       4666      11046
       4667       9655
       4668       9639
       4669       2567
       4670       2562
       4671       2561
       4672      15602
       4673      11068
       4674        247
       4675      13292
       4676       1987
       4677       1982
       4678       1981
       4679      12280
       4680      11073
       4681       9673
       4682       9640
       4683        170
       4684       1532
       4685       1527
       4686       1526
       4687       8274
       4688       5729
       4689      11067
       4690       4756
       4691       1141
       4692       1134
       4693       1133
       4694       3991
       4695       2940
       4696        803
       4697        787
       4698        786
       4699       2269
       4700      13324
       4701      13310
       4702      12282
       4703      11063
       4704       9667
       4705       1758
       4706       4755
       4707       4752
       4708       3976
       4709       1335
       4710        517
       4711        512
       4712        511
       4713       9664
       4714        962
       4715      14050
       4716       3361
       4717        795
       4718        388
       4719        378
       4720        377
       4721        515
       4722        367
       4723      14653
       4724      14650
       4725      14643
       4726      14316
       4727        272
       4728        269
       4729        268
       4730      14154
       4731      13196
       4732       2915
       4733        356
       4734      14042
       4735      16462
       4736       9663
       4737       9662
       4738        332
       4739        261
       4740        258
       4741        256
       4742       9666
       4743        238
       4744       2259
       4745       6916
       4746        159
       4747        251
       4748        182
       4749        180
       4750      16461
       4751       4762
       4752       1749
       4753      15190
       4754       3369
       4755       8270
       4756       6914
       4757      15892
       4758      15619
       4759        174
       4760         75
       4761         74
       4762       2917
       4763       1327
       4764       2245
       4765       1734
       4766        959
       4767       1311
       4768      13176
       4769       9658
       4770        961
       4771       5724
       4772       5723
       4773        647
       4774        649
       4775      14153
       4776        393
       4777      13189
       4778      13005
       4779      13000
       4780      12996
       4781        366
       4782        391
       4783      15601
       4784      13288
       4785        355
       4786      12127
       4787      12121
       4788      10852
       4789      10542
       4790        331
       4791        282
       4792      12105
       4793      10834
       4794       9436
       4795       9431
       4796      14741
       4797        237
       4798       3975
       4799      13321
       4800      11044
       4801      10832
       4802       9638
       4803       8255
       4804        158
       4805        267
       4806      14315
       4807      14304
       4808      14303
       4809      14302
       4810      11052
       4811       9649
       4812       9637
       4813       8266
       4814       2916
       4815       2914
       4816       2913
       4817      12279
       4818      11057
       4819       9654
       4820       8276
       4821       4754
       4822       4753
       4823      12211
       4824        252
       4825       2258
       4826       2253
       4827       2252
       4828      13917
       4829        246
       4830       1748
       4831       1743
       4832       1742
       4833       9665
       4834        169
       4835       6913
       4836       1326
       4837       1321
       4838       1320
       4839      12278
       4840      11072
       4841       9671
       4842       8283
       4843       4761
       4844       3979
       4845       3368
       4846      12253
       4847        960
       4848        953
       4849        952
       4850      15891
       4851      14161
       4852       2573
       4853       3974
       4854       3978
       4855       3973
       4856       3357
       4857       1996
       4858      11062
       4859        648
       4860        634
       4861        633
       4862      11061
       4863      12252
       4864       1540
       4865      11022
       4866       1139
       4867       3977
       4868        392
       4869        387
       4870        386
       4871        794
       4872      13287
       4873      11021
       4874       9661
       4875        640
       4876      14657
       4877        364
       4878        275
       4879        274
       4880        390
       4881       3344
       4882      12275
       4883        365
       4884        353
       4885        350
       4886        348
       4887        354
       4888      11064
       4889       2551
       4890      14652
       4891        330
       4892      15899
       4893      13172
       4894      12269
       4895       8273
       4896        329
       4897        257
       4898        255
       4899        236
       4900      13175
       4901       1986
       4902       5722
       4903       9607
       4904       8271
       4905       3990
       4906        250
       4907        122
       4908      11060
       4909       1531
       4910       2924
       4911       6910
       4912       6909
       4913       2553
       4914        173
       4915      16381
       4916       1972
       4917       1131
       4918       1516
       4919      13291
       4920       1115
       4921        791
       4922        793
       4923      14934
       4924      14925
       4925      14924
       4926      14920
       4927        510
       4928        508
       4929        372
       4930       9657
       4931      13926
       4932      13562
       4933      13559
       4934      13550
       4935      12120
       4936      11875
       4937      11872
       4938      11871
       4939        363
       4940      14639
       4941      15192
       4942        362
       4943        352
       4944      12104
       4945      10851
       4946       9475
       4947       9430
       4948        328
       4949      12100
       4950      10833
       4951       9422
       4952       8254
       4953        273
       4954        235
       4955      11043
       4956      11042
       4957       9636
       4958       8252
       4959       3356
       4960       3355
       4961       3354
       4962        342
       4963      12265
       4964      11055
       4965       9653
       4966       8265
       4967      16263
       4968       2552
       4969       2550
       4970       2549
       4971        336
       4972      15255
       4973      14034
       4974       1985
       4975       1980
       4976       1979
       4977      12277
       4978      11056
       4979       9652
       4980       8275
       4981        245
       4982       1530
       4983       1525
       4984       1524
       4985       8272
       4986      13188
       4987       5721
       4988      11023
       4989       1130
       4990       1125
       4991       1124
       4992       3989
       4993      15646
       4994       9612
       4995       2923
       4996      16099
       4997       4747
       4998       4743
       4999       3963
       5000      13309
       5001        792
       5002        785
       5003        784
       5004       2264
       5005      14848
       5006      13308
       5007      12251
       5008      11019
       5009       9611
       5010       1757
       5011       3962
       5012       1334
       5013        509
       5014        496
       5015        495
       5016      14049
       5017        958
       5018      12208
       5019        639
       5020        371
       5021        281
       5022        280
       5023        501
       5024        478
       5025        368
       5026        361
       5027        360
       5028       2912
       5029        467
       5030      16463
       5031      11016
       5032       9606
       5033      15709
       5034      15708
       5035       4746
       5036      15707
       5037      15706
       5038       5718
       5039       5717
       5040        443
       5041        351
       5042        349
       5043        347
       5044       9659
       5045        327
       5046       2242
       5047       6912
       5048        234
       5049      14160
       5050        340
       5051        254
       5052        179
       5053      13290
       5054       4751
       5055       1747
       5056       3367
       5057       8237
       5058       8236
       5059        249
       5060       2560
       5061       1325
       5062      11020
       5063       2244
       5064       1733
       5065       3961
       5066        950
       5067       1310
       5068      13286
       5069        936
       5070      14033
       5071        636
       5072        638
       5073      15385
       5074      15382
       5075      15381
       5076      15378
       5077        385
       5078      14314
       5079      14313
       5080      14301
       5081      14300
       5082      13004
       5083      13003
       5084      12630
       5085      12623
       5086        477
       5087        383
       5088        466
       5089      12102
       5090      10850
       5091      10541
       5092      10539
       5093        442
       5094        370
       5095      12103
       5096      10926
       5097       9474
       5098       8126
       5099        326
       5100       3968
       5101      11037
       5102       9635
       5103       9634
       5104       8253
       5105        233
       5106        357
       5107      12268
       5108      11041
       5109       9633
       5110       8263
       5111       2911
       5112       2910
       5113       2909
       5114      12264
       5115      11054
       5116       9651
       5117       8264
       5118        341
       5119       2243
       5120       2241
       5121       2240
       5122      12250
       5123        335
       5124      13316
       5125      16262
       5126      15256
       5127       1746
       5128       1741
       5129       1740
       5130      15898
       5131      13315
       5132       9613
       5133        244
       5134       6911
       5135       1324
       5136       1319
       5137       1318
       5138      12259
       5139      11053
       5140       9670
       5141       9579
       5142       4750
       5143      15631
       5144       3366
       5145        949
       5146        944
       5147        943
       5148      12249
       5149       3967
       5150       3960
       5151       3345
       5152       2559
       5153      13174
       5154      14159
       5155      11018
       5156       1991
       5157        637
       5158        632
       5159        631
       5160      16199
       5161      16332
       5162      16529
       5163      16460
       5164      16458
       5165      16457
       5166      14642
       5167       1539
       5168       9610
       5169       1138
       5170      16320
       5171        384
       5172        376
       5173        375
       5174      11015
       5175       9605
       5176        790
       5177      15191
       5178        500
       5179        475
       5180        359
       5181        358
       5182      13173
       5183        484
       5184        476
       5185      13925
       5186        464
       5187        461
       5188        460
       5189        465
       5190      16347
       5191      16437
       5192      16531
       5193      16526
       5194      16525
       5195      16524
       5196       2548
       5197        441
       5198      14030
       5199      12267
       5200       8269
       5201        440
       5202        346
       5203        345
       5204        325
       5205       1969
       5206      14933
       5207      14932
       5208      14923
       5209      14919
       5210       5720
       5211      12210
       5212       9604
       5213       8235
       5214       3972
       5215      16401
       5216        339
       5217      16454
       5218      11017
       5219       3349
       5220       1529
       5221       2922
       5222       6902
       5223       6901
       5224       3959
       5225       2251
       5226      15384
       5227        248
       5228      16348
       5229      16380
       5230      16493
       5231      16492
       5232      16491
       5233      16488
       5234       1971
       5235       1129
       5236       1515
       5237       1114
       5238       3958
       5239      15254
       5240        783
       5241       9609
       5242        771
       5243      14641
       5244      11014
       5245      13284
       5246        499
       5247        497
       5248      13561
       5249      13560
       5250      13558
       5251      13549
       5252        483
       5253      15253
       5254      16214
       5255      16225
       5256      12119
       5257      11874
       5258      11501
       5259      11500
       5260      16400
       5261      16398
       5262      16397
       5263      16396
       5264        474
       5265        473
       5266        463
       5267      12207
       5268      10927
       5269       9476
       5270       9080
       5271      13314
       5272        439
       5273      12099
       5274      10925
       5275       9473
       5276       8124
       5277        369
       5278        324
       5279      13171
       5280      14737
       5281      11040
       5282       9632
       5283       9631
       5284       8251
       5285       3348
       5286       3343
       5287       2908
       5288        453
       5289      12263
       5290      11039
       5291       9630
       5292       8262
       5293      16058
       5294      16091
       5295      14147
       5296      16261
       5297      16255
       5298      16254
       5299      16250
       5300       2547
       5301       2546
       5302       2545
       5303      14724
       5304      14845
       5305        447
       5306       4745
       5307      15600
       5308       1970
       5309       1968
       5310       1967
       5311      12262
       5312      11033
       5313       9650
       5314       9578
       5315       5714
       5316       5713
       5317        334
       5318       1528
       5319       1523
       5320       1522
       5321       8238
       5322      15189
       5323       5719
       5324      11012
       5325      15639
       5326      15900
       5327      16096
       5328      16080
       5329      16078
       5330      16077
       5331       1128
       5332       1123
       5333       1122
       5334       3971
       5335       4744
       5336       4742
       5337       3957
       5338       2921
       5339       3966
       5340      15883
       5341        782
       5342        777
       5343        776
       5344      13307
       5345      12248
       5346      11011
       5347       9608
       5348       2250
       5349      13285
       5350       1752
       5351        498
       5352        494
       5353        493
       5354       1333
       5355        957
       5356      15634
       5357      15635
       5358        635
       5359        482
       5360        374
       5361        373
       5362      14152
       5363      16528
       5364        486
       5365      14736
       5366        602
       5367      14151
       5368        479
       5369        472
       5370        471
       5371       2903
       5372        591
       5373       9603
       5374       9595
       5375        568
       5376        462
       5377        459
       5378        458
       5379        438
       5380       2239
       5381       6908
       5382        323
       5383      14725
       5384      15244
       5385        451
       5386        344
       5387        343
       5388       9601
       5389       4749
       5390       1730
       5391      15618
       5392       3353
       5393       8234
       5394       8233
       5395        338
       5396       2558
       5397       1323
       5398       1978
       5399       1732
       5400        948
       5401       1309
       5402      11013
       5403        935
       5404      15242
       5405       3956
       5406        630
       5407        623
       5408      14312
       5409      14311
       5410      14299
       5411      14294
       5412        485
       5413       9602
       5414      13002
       5415      12631
       5416      12629
       5417      12628
       5418        601
       5419        487
       5420        590
       5421      12101
       5422      10849
       5423      10540
       5424      10065
       5425      13168
       5426        567
       5427        481
       5428      12206
       5429      10924
       5430       9472
       5431       8125
       5432        437
       5433      11036
       5434       9627
       5435       9468
       5436       8123
       5437        468
       5438      11038
       5439       9629
       5440       9628
       5441       8248
       5442       2902
       5443       2899
       5444       2898
       5445      12261
       5446      11030
       5447       9621
       5448       9575
       5449        452
       5450      15890
       5451       2238
       5452       2237
       5453       2236
       5454        446
       5455       1731
       5456       1729
       5457       1728
       5458        333
       5459       9600
       5460      12258
       5461      11032
       5462      10996
       5463       9577
       5464       6903
       5465       1322
       5466       1317
       5467       1316
       5468       3965
       5469       3955
       5470       3342
       5471      16487
       5472       4748
       5473      12266
       5474       3954
       5475      12247
       5476       3352
       5477        947
       5478        942
       5479        941
       5480      12200
       5481       4739
       5482       3964
       5483       2557
       5484      14931
       5485      11010
       5486      14032
       5487       1977
       5488        629
       5489        627
       5490        626
       5491       1534
       5492       5712
       5493       5711
       5494      16527
       5495       1137
       5496        492
       5497        491
       5498        488
       5499        789
       5500      12246
       5501      11007
       5502       9594
       5503        612
       5504      14018
       5505        599
       5506        470
       5507        469
       5508        608
       5509      13283
       5510      12199
       5511        600
       5512      13280
       5513        588
       5514        585
       5515        583
       5516        589
       5517       2540
       5518        566
       5519       3347
       5520       8232
       5521      11006
       5522        565
       5523        457
       5524        456
       5525        436
       5526      12205
       5527       6900
       5528       6897
       5529       1966
       5530       5716
       5531      13557
       5532      11009
       5533      14310
       5534       9589
       5535       8231
       5536      13282
       5537       3970
       5538        450
       5539       1512
       5540       2907
       5541      12260
       5542       2249
       5543        337
       5544      14930
       5545      14929
       5546      14922
       5547      14918
       5548       1739
       5549       1127
       5550       9599
       5551       1514
       5552       1113
       5553        781
       5554        770
       5555      16095
       5556        611
       5557        614
       5558      13556
       5559      13555
       5560      13554
       5561      13548
       5562        607
       5563      12098
       5564      11502
       5565      11499
       5566      11498
       5567        598
       5568      13313
       5569        597
       5570        587
       5571      12204
       5572      10922
       5573       9471
       5574       8479
       5575        564
       5576      10923
       5577      10921
       5578       9467
       5579       8122
       5580        480
       5581      15229
       5582        435
       5583      16441
       5584      10913
       5585       9626
       5586       8250
       5587       8247
       5588       3346
       5589       3341
       5590       2897
       5591      14031
       5592        578
       5593      13312
       5594      11035
       5595       9625
       5596       9619
       5597       8246
       5598       2539
       5599       2536
       5600       2535
       5601      14640
       5602        572
       5603       1965
       5604       1964
       5605       1963
       5606      12257
       5607      11031
       5608      10995
       5609       9574
       5610        445
       5611       3949
       5612       1513
       5613       1511
       5614       1510
       5615       8230
       5616      16399
       5617       4738
       5618       4736
       5619       3948
       5620      15383
       5621      15380
       5622      15379
       5623      15377
       5624      11008
       5625       5715
       5626      11005
       5627       1126
       5628       1121
       5629       1120
       5630       3969
       5631       2906
       5632      13306
       5633      12245
       5634      11002
       5635       9598
       5636      14029
       5637      13170
       5638        780
       5639        775
       5640        774
       5641       9593
       5642       2248
       5643       1738
       5644        622
       5645        620
       5646        618
       5647       1328
       5648        956
       5649        755
       5650        606
       5651        490
       5652        489
       5653        610
       5654        742
       5655        603
       5656        596
       5657        595
       5658        731
       5659       2901
       5660       9592
       5661       9591
       5662        707
       5663        586
       5664        584
       5665        582
       5666       9597
       5667        563
       5668       2231
       5669       6899
       5670        576
       5671        455
       5672        454
       5673       4741
       5674       1727
       5675       3351
       5676       8225
       5677       6898
       5678        449
       5679       4737
       5680       2544
       5681       1306
       5682       1976
       5683       3951
       5684       1521
       5685        946
       5686       1308
       5687      14307
       5688      14306
       5689      14298
       5690      14297
       5691        934
       5692        628
       5693        754
       5694        609
       5695      12627
       5696      12626
       5697      12625
       5698      12622
       5699        741
       5700      14928
       5701      14927
       5702      14921
       5703      14917
       5704        613
       5705        730
       5706      12097
       5707      10831
       5708      10064
       5709      10063
       5710        706
       5711        605
       5712      12203
       5713      10920
       5714       9470
       5715       8121
       5716        562
       5717      10914
       5718       9624
       5719       9463
       5720       8116
       5721       5710
       5722       5709
       5723        592
       5724      11034
       5725       9623
       5726       8249
       5727       8245
       5728       2900
       5729       2896
       5730       2895
       5731      11029
       5732      11028
       5733       9620
       5734       9573
       5735        577
       5736       2230
       5737       2227
       5738       2226
       5739      13184
       5740        571
       5741      15616
       5742       1726
       5743       1725
       5744       1724
       5745      13281
       5746       9596
       5747        444
       5748       3947
       5749      14710
       5750       3950
       5751       3946
       5752       3340
       5753       9582
       5754       6896
       5755       1307
       5756       1305
       5757       1304
       5758      11001
       5759      13169
       5760      12254
       5761      12242
       5762      10994
       5763       9576
       5764       4740
       5765      12244
       5766       3350
       5767        945
       5768        940
       5769        939
       5770      11000
       5771       2543
       5772      16395
       5773      12243
       5774      13167
       5775      14309
       5776      14305
       5777      14296
       5778      14295
       5779       1975
       5780        752
       5781        625
       5782        624
       5783       1520
       5784       1132
       5785       9588
       5786      10999
       5787        621
       5788        619
       5789        617
       5790      11004
       5791       9590
       5792        788
       5793        753
       5794        739
       5795        594
       5796        593
       5797        748
       5798      11003
       5799      12115
       5800        740
       5801        728
       5802        725
       5803        724
       5804        729
       5805       2538
       5806        705
       5807       3336
       5808      12256
       5809      13553
       5810       8229
       5811        704
       5812        581
       5813        579
       5814        561
       5815       1958
       5816      12198
       5817       5708
       5818       8228
       5819       8226
       5820       3953
       5821        575
       5822       1509
       5823       2905
       5824      13183
       5825      12202
       5826       2235
       5827        448
       5828       1737
       5829       6893
       5830       6887
       5831       1110
       5832      13311
       5833       1315
       5834      12201
       5835       1112
       5836      14926
       5837      15252
       5838      14308
       5839        779
       5840        769
       5841      12114
       5842        751
       5843        757
       5844      13552
       5845      13551
       5846      13547
       5847      13546
       5848      15188
       5849        747
       5850      12094
       5851      11497
       5852      11496
       5853      11494
       5854        738
       5855        737
       5856        727
       5857      12096
       5858      10919
       5859       9469
       5860       8478
       5861      14735
       5862        703
       5863      10918
       5864      10917
       5865       9462
       5866       8120
       5867        604
       5868        560
       5869      10846
       5870       9460
       5871       8244
       5872       6907
       5873       3337
       5874       3335
       5875       3334
       5876        717
       5877      11025
       5878       9622
       5879       9617
       5880       8243
       5881       4735
       5882       2537
       5883       2534
       5884       2533
       5885      12255
       5886        711
       5887      13279
       5888      14041
       5889       1957
       5890       1954
       5891       1953
       5892       3945
       5893      11027
       5894      11026
       5895      10993
       5896       9572
       5897        570
       5898       4734
       5899       4732
       5900       3941
       5901       1508
       5902       1507
       5903       1506
       5904      13278
       5905      16436
       5906       8227
       5907      10998
       5908       3940
       5909       5707
       5910       9571
       5911       1111
       5912       1109
       5913       1108
       5914       3952
       5915       2904
       5916      13305
       5917      12241
       5918      10990
       5919       9581
       5920      10992
       5921      14037
       5922        778
       5923        773
       5924        772
       5925       2234
       5926      14740
       5927      15897
       5928       1736
       5929        768
       5930        763
       5931        762
       5932       1314
       5933      13916
       5934      13915
       5935      13909
       5936      13846
       5937        951
       5938        909
       5939        746
       5940        616
       5941        615
       5942        750
       5943      14150
       5944        895
       5945        743
       5946        736
       5947        733
       5948       2892
       5949        884
       5950       9587
       5951       9586
       5952      16443
       5953      14734
       5954        861
       5955        726
       5956        723
       5957        721
       5958      16442
       5959       9583
       5960       2229
       5961        702
       5962      16344
       5963       6895
       5964        715
       5965        580
       5966      15617
       5967       4733
       5968       1719
       5969      16319
       5970      16435
       5971      16456
       5972      16455
       5973      16453
       5974      16452
       5975       3339
       5976       8215
       5977       8214
       5978      14017
       5979        574
       5980      15615
       5981       2542
       5982       1303
       5983       1962
       5984       1519
       5985        931
       5986      14028
       5987       1119
       5988        933
       5989      14638
       5990      14635
       5991      14580
       5992      14577
       5993        766
       5994        908
       5995      16346
       5996      16345
       5997      16486
       5998      16485
       5999      16484
       6000      16483
       6001      10997
       6002       9585
       6003      15228
       6004        749
       6005      13163
       6006      12624
       6007      12621
       6008      12620
       6009      16316
       6010        894
       6011        756
       6012        883
       6013      12095
       6014      10830
       6015      10062
       6016      10061
       6017       5704
       6018       5701
       6019        860
       6020        745
       6021      10916
       6022      10915
       6023       9466
       6024       8119
       6025      14146
       6026      14844
       6027        701
       6028      16394
       6029      10912
       6030       9465
       6031       8117
       6032       8115
       6033      16213
       6034      16311
       6035        732
       6036      16393
       6037      16392
       6038      16391
       6039      16390
       6040      14027
       6041      10847
       6042       9429
       6043       8242
       6044       8241
       6045       2891
       6046       2890
       6047       2889
       6048      13182
       6049      11024
       6050       9618
       6051       9616
       6052       9569
       6053        716
       6054      14145
       6055       2228
       6056       2225
       6057       2224
       6058      13166
       6059        710
       6060       3944
       6061       3939
       6062       3331
       6063       1718
       6064       1715
       6065       1714
       6066      16057
       6067      16224
       6068      16260
       6069      16253
       6070      16251
       6071      16249
       6072       9580
       6073        569
       6074       3943
       6075      12240
       6076      10991
       6077       9570
       6078       8222
       6079       6894
       6080       1302
       6081       1301
       6082       1300
       6083       4731
       6084      12239
       6085       9566
       6086       3338
       6087        932
       6088        930
       6089        929
       6090      10989
       6091       2541
       6092       1961
       6093        906
       6094        765
       6095        764
       6096       1518
       6097      15876
       6098      16090
       6099      16094
       6100      16088
       6101      16079
       6102      16076
       6103      13187
       6104      10984
       6105       9584
       6106      15187
       6107      15186
       6108      15150
       6109      15149
       6110      14026
       6111       1118
       6112        767
       6113        761
       6114        760
       6115      12238
       6116        926
       6117        907
       6118      12197
       6119        892
       6120        735
       6121        734
       6122      12191
       6123        901
       6124      15599
       6125      15598
       6126      15566
       6127      15565
       6128        893
       6129        881
       6130        878
       6131        876
       6132        882
       6133       3330
       6134       2530
       6135      15633
       6136      15896
       6137      12078
       6138        859
       6139      10986
       6140       4728
       6141      12196
       6142       8223
       6143        858
       6144        722
       6145        720
       6146        700
       6147      12113
       6148       1956
       6149       5706
       6150       9564
       6151       8224
       6152      13153
       6153       3942
       6154        714
       6155       3938
       6156      10988
       6157       1501
       6158       2894
       6159       6888
       6160       6886
       6161      14709
       6162      14739
       6163       2233
       6164        573
       6165       1723
       6166       1107
       6167      15243
       6168      15630
       6169      13914
       6170      13913
       6171      13845
       6172      13844
       6173       1313
       6174        938
       6175      15889
       6176        902
       6177      15882
       6178      15858
       6179      15857
       6180      15854
       6181      12112
       6182        925
       6183      13277
       6184      13162
       6185      12995
       6186      12994
       6187      12992
       6188        905
       6189        911
       6190      13276
       6191        900
       6192      12093
       6193      12089
       6194      11495
       6195      11493
       6196        891
       6197      12195
       6198        890
       6199        880
       6200      10911
       6201      10829
       6202       9421
       6203       8477
       6204        857
       6205      10910
       6206       9464
       6207       8118
       6208       8104
       6209        744
       6210        699
       6211      10843
       6212       9459
       6213       8114
       6214       6906
       6215       3333
       6216       3329
       6217       3328
       6218      14158
       6219        871
       6220      10845
       6221       9615
       6222       8240
       6223       8239
       6224      14040
       6225       2529
       6226       2528
       6227       2527
       6228        865
       6229      13181
       6230       4727
       6231       4724
       6232       3937
       6233      10987
       6234      10976
       6235       9568
       6236       8220
       6237       1955
       6238       1952
       6239       1951
       6240      13971
       6241        709
       6242       1500
       6243       1497
       6244       1496
       6245       8221
       6246      10985
       6247       5705
       6248      12232
       6249       1106
       6250       1105
       6251       1104
       6252       3936
       6253      13304
       6254      12237
       6255      10980
       6256       9565
       6257       2893
       6258       9555
       6259        927
       6260        921
       6261        919
       6262       2232
       6263       9560
       6264       1722
       6265        924
       6266        917
       6267        916
       6268       1312
       6269      13275
       6270        937
       6271      14637
       6272      14634
       6273      14579
       6274      14576
       6275      14694
       6276       1079
       6277        899
       6278        759
       6279        758
       6280        904
       6281      15251
       6282       1065
       6283        896
       6284        889
       6285        886
       6286       2888
       6287       9563
       6288       9559
       6289       1053
       6290       1030
       6291      15226
       6292        879
       6293        877
       6294        875
       6295      14721
       6296       9562
       6297       2221
       6298        856
       6299      15628
       6300       6892
       6301        869
       6302        719
       6303        718
       6304       4730
       6305       1717
       6306       3332
       6307       8213
       6308       8187
       6309       3933
       6310        713
       6311       2532
       6312       1297
       6313       1960
       6314       1505
       6315        928
       6316       1117
       6317       1097
       6318        922
       6319       1078
       6320        903
       6321       5700
       6322       5699
       6323      13161
       6324      12088
       6325      11869
       6326      11868
       6327       1064
       6328        910
       6329      13152
       6330       1052
       6331      12092
       6332      10828
       6333      10060
       6334      10059
       6335      13165
       6336       1029
       6337        898
       6338      10908
       6339       9461
       6340       9420
       6341       8103
       6342        855
       6343      10909
       6344       9458
       6345       8113
       6346       6860
       6347      13303
       6348        885
       6349      10844
       6350       9428
       6351       8194
       6352       6905
       6353       2887
       6354       2885
       6355       2884
       6356      14738
       6357      10967
       6358       9614
       6359       9550
       6360       8219
       6361        870
       6362       2220
       6363       2219
       6364       2218
       6365       3929
       6366       3932
       6367       3928
       6368       3327
       6369        864
       6370      13912
       6371      13911
       6372      13843
       6373      13842
       6374       1716
       6375       1713
       6376       1712
       6377      12236
       6378      10979
       6379       9567
       6380       8217
       6381        708
       6382       9561
       6383       6891
       6384      15241
       6385       1296
       6386       1293
       6387       1292
       6388      16342
       6389      12190
       6390      12235
       6391      15895
       6392       4729
       6393      10978
       6394       3326
       6395       1100
       6396       1021
       6397       1020
       6398      12234
       6399      16093
       6400      10983
       6401      15227
       6402       2531
       6403      13164
       6404       1959
       6405       1076
       6406        920
       6407        918
       6408       1504
       6409       1116
       6410      13274
       6411        923
       6412        915
       6413        914
       6414      10982
       6415       9558
       6416       1096
       6417       1077
       6418      14693
       6419       4723
       6420       1062
       6421        888
       6422        887
       6423      16440
       6424       1071
       6425      10981
       6426      13180
       6427       1063
       6428      14636
       6429      14633
       6430      14630
       6431      14578
       6432       1050
       6433       1047
       6434       1046
       6435      13186
       6436       1051
       6437       2526
       6438      12077
       6439       1028
       6440      12194
       6441      14025
       6442       8212
       6443       1027
       6444        874
       6445        873
       6446        854
       6447      12076
       6448       1948
       6449       5703
       6450      10977
       6451      15629
       6452       3320
       6453      12193
       6454       9532
       6455       8210
       6456       3935
       6457        868
       6458       1499
       6459       2886
       6460       2223
       6461      12111
       6462        712
       6463       1721
       6464       1103
       6465       9554
       6466       6885
       6467       6872
       6468       1299
       6469      13968
       6470      12192
       6471       1102
       6472       1072
       6473       1095
       6474       9557
       6475       1075
       6476       1081
       6477      14016
       6478       1070
       6479      12091
       6480      11933
       6481      10595
       6482      10538
       6483       1061
       6484       1060
       6485      13054
       6486      12993
       6487      12911
       6488      12910
       6489       1049
       6490      10903
       6491      10827
       6492       9419
       6493       9120
       6494       1026
       6495      10907
       6496       9457
       6497       8112
       6498       8102
       6499        897
       6500        853
       6501      10842
       6502       9456
       6503       8172
       6504       6875
       6505       3323
       6506       3319
       6507       2883
       6508       1040
       6509      10954
       6510       9538
       6511       8205
       6512       6904
       6513      15894
       6514       4722
       6515       4721
       6516       3927
       6517       2525
       6518       2523
       6519       2522
       6520       1034
       6521      10975
       6522       9552
       6523       8218
       6524       6890
       6525       1947
       6526       1946
       6527       1945
       6528      13970
       6529      13910
       6530      13908
       6531      13906
       6532      14039
       6533        863
       6534       1498
       6535       1495
       6536       1494
       6537       8211
       6538      10973
       6539      14036
       6540       5702
       6541       1204
       6542       1203
       6543       1202
       6544       3934
       6545      13151
       6546      13302
       6547      12233
       6548      10972
       6549       9553
       6550       2882
       6551      16259
       6552       1099
       6553       1091
       6554       1090
       6555       2222
       6556      13179
       6557       1720
       6558      14733
       6559       1094
       6560       1087
       6561       1086
       6562       1298
       6563       1101
       6564       1262
       6565       1069
       6566        913
       6567        912
       6568      12231
       6569       1074
       6570       1248
       6571       1066
       6572       1059
       6573       1055
       6574       2879
       6575       1236
       6576      10961
       6577       9531
       6578       3926
       6579      12188
       6580       1214
       6581      15219
       6582       1048
       6583       1045
       6584       1044
       6585       9556
       6586      14732
       6587       2217
       6588       1025
       6589       3924
       6590       6884
       6591       1038
       6592        872
       6593      15250
       6594       4726
       6595       1709
       6596       3325
       6597       8186
       6598       8185
       6599        867
       6600       2524
       6601       1295
       6602      15185
       6603      15184
       6604      15148
       6605      15147
       6606       1950
       6607       1503
       6608       1098
       6609       1205
       6610       1282
       6611       1092
       6612       1261
       6613       1073
       6614      13053
       6615      11932
       6616      11859
       6617      11858
       6618       1247
       6619       1080
       6620       5693
       6621       5698
       6622       1235
       6623      12090
       6624      10826
       6625      10594
       6626       9121
       6627      13969
       6628      15597
       6629      13056
       6630      13055
       6631      12991
       6632      12990
       6633       1213
       6634       3923
       6635       1068
       6636      10904
       6637       9453
       6638       8111
       6639       8101
       6640      14708
       6641       1024
       6642      15612
       6643       4720
       6644      13273
       6645      10906
       6646       9455
       6647       8110
       6648       6835
       6649       1054
       6650      10841
       6651       9515
       6652       8171
       6653       6879
       6654       2878
       6655       2875
       6656       2521
       6657      10966
       6658       9537
       6659       8208
       6660       6889
       6661      12228
       6662       3925
       6663       3922
       6664       3318
       6665       1039
       6666       2216
       6667       2214
       6668       2213
       6669      12189
       6670       1033
       6671      13159
       6672       1708
       6673       1707
       6674       1706
       6675       9546
       6676       9547
       6677      12230
       6678      10974
       6679       9551
       6680       8216
       6681        862
       6682       6883
       6683       1294
       6684       1291
       6685       1290
       6686       4725
       6687      12227
       6688      10971
       6689       9545
       6690       3324
       6691       1286
       6692       1201
       6693       1200
       6694      12187
       6695       2520
       6696      13160
       6697       1949
       6698       1259
       6699       1089
       6700       1088
       6701       1502
       6702      10960
       6703       9526
       6704       1289
       6705      14723
       6706      14722
       6707       1093
       6708       1085
       6709       1084
       6710      14632
       6711      14631
       6712      14629
       6713      14575
       6714       1281
       6715       1260
       6716       1245
       6717       1058
       6718       1057
       6719       1254
       6720      10905
       6721       1246
       6722       1233
       6723       1230
       6724       1056
       6725      12110
       6726       1234
       6727       2517
       6728       1212
       6729       8209
       6730       1211
       6731       1043
       6732       1041
       6733      13150
       6734       1023
       6735      10970
       6736      12075
       6737       1944
       6738      10969
       6739       5697
       6740      10959
       6741       9530
       6742       9529
       6743       3931
       6744       1037
       6745       3317
       6746       1493
       6747       2881
       6748       2215
       6749        866
       6750       6871
       6751       6870
       6752      14692
       6753       1711
       6754       1283
       6755       1403
       6756      12225
       6757      16198
       6758      16324
       6759      12118
       6760      16439
       6761      16343
       6762      16341
       6763      16340
       6764       1288
       6765       1255
       6766       1280
       6767      13967
       6768      13907
       6769      13905
       6770      13883
       6771       1258
       6772       1264
       6773      12983
       6774      12982
       6775      12981
       6776      12967
       6777       1253
       6778      12087
       6779      11931
       6780      10593
       6781      10529
       6782       1244
       6783      13156
       6784       1243
       6785      14843
       6786       1232
       6787      10902
       6788      10823
       6789       9418
       6790       9119
       6791      16318
       6792      16434
       6793      16445
       6794      16444
       6795      16429
       6796      16428
       6797       1210
       6798      10837
       6799       9426
       6800       8109
       6801       8100
       6802      13149
       6803      12109
       6804      14024
       6805       1067
       6806       1022
       6807       3921
       6808      10840
       6809       9454
       6810       8170
       6811       6859
       6812       4719
       6813       4713
       6814       3914
       6815       3316
       6816       3315
       6817       2874
       6818       3913
       6819       1224
       6820      10953
       6821       9514
       6822       8193
       6823       6881
       6824      14023
       6825       2516
       6826       2513
       6827       2512
       6828       1218
       6829      10965
       6830       9549
       6831       8207
       6832       8202
       6833      16212
       6834      16310
       6835      16379
       6836      16378
       6837      16377
       6838      16376
       6839       1943
       6840       1941
       6841       1940
       6842       1032
       6843      16248
       6844       1492
       6845       1491
       6846       1490
       6847      13301
       6848       8198
       6849      10957
       6850       5696
       6851       1400
       6852       1398
       6853       1396
       6854      12226
       6855      10968
       6856       9544
       6857       9543
       6858       3930
       6859       8206
       6860       2880
       6861      13148
       6862      16054
       6863      16223
       6864      16247
       6865      16243
       6866      16242
       6867      16241
       6868       9525
       6869       1285
       6870       1275
       6871       1273
       6872       2212
       6873      16433
       6874       1710
       6875      14038
       6876       1279
       6877       1270
       6878       1269
       6879       1402
       6880       1287
       6881       4718
       6882       1463
       6883       1252
       6884       1083
       6885       1082
       6886      12229
       6887       1257
       6888      16089
       6889      16056
       6890      16055
       6891       1449
       6892      16087
       6893      16086
       6894      16075
       6895      16074
       6896       1249
       6897       1242
       6898       1241
       6899       2873
       6900       1437
       6901       9528
       6902       9527
       6903       1415
       6904       1231
       6905       1229
       6906       1226
       6907       9523
       6908       2209
       6909       1209
       6910       6882
       6911       1222
       6912       1042
       6913       4717
       6914       1705
       6915       3322
       6916       8184
       6917       8183
       6918      15632
       6919      15875
       6920      15881
       6921      15880
       6922      15856
       6923      15855
       6924       1036
       6925       2519
       6926       1399
       6927       1942
       6928       1610
       6929       1284
       6930       1401
       6931       5691
       6932       5692
       6933       1481
       6934       3912
       6935       1277
       6936       1462
       6937      13900
       6938      13899
       6939      13897
       6940      13882
       6941      15626
       6942      15625
       6943       1256
       6944      12086
       6945      11930
       6946      11857
       6947      11855
       6948       1448
       6949       1263
       6950      12117
       6951       1436
       6952      12085
       6953      10825
       6954      10592
       6955       9118
       6956       1414
       6957       1251
       6958      10848
       6959      10586
       6960       9416
       6961       8099
       6962       1208
       6963      10839
       6964       9427
       6965       8108
       6966       7764
       6967      14691
       6968       1237
       6969       3920
       6970       3911
       6971       3314
       6972      10838
       6973       9513
       6974       8169
       6975       6858
       6976      13185
       6977      10958
       6978       2872
       6979       2871
       6980       2863
       6981      10952
       6982       9536
       6983       8204
       6984       6880
       6985       1223
       6986       2208
       6987       2205
       6988       2204
       6989       1217
       6990       1704
       6991       1702
       6992       1701
       6993      13158
       6994      10964
       6995      10963
       6996       9548
       6997       8201
       6998       9521
       6999       1031
       7000       6876
       7001       1406
       7002       1405
       7003       1404
       7004      10956
       7005       4716
       7006       9539
       7007      14689
       7008      13966
       7009       3321
       7010       1485
       7011       1397
       7012       1395
       7013      13157
       7014       2518
       7015      15218
       7016      15239
       7017      15238
       7018       8197
       7019       1939
       7020       9542
       7021      12186
       7022       1460
       7023       1274
       7024       1272
       7025       1609
       7026      12074
       7027      11922
       7028       1488
       7029       1278
       7030       1268
       7031       1267
       7032       9541
       7033       9524
       7034       1480
       7035       1461
       7036       3919
       7037       1446
       7038       1240
       7039       1239
       7040       1455
       7041       1447
       7042      12116
       7043       1434
       7044       1431
       7045       1238
       7046       1435
       7047       3313
       7048       3910
       7049       2511
       7050       1413
       7051       9522
       7052       8182
       7053       1412
       7054       1228
       7055       1227
       7056       1207
       7057      14015
       7058       9540
       7059      12073
       7060       1936
       7061       5695
       7062       8181
       7063       8180
       7064       3918
       7065       1221
       7066      12072
       7067       1489
       7068       2877
       7069       6869
       7070      12185
       7071       6866
       7072       2211
       7073       1035
       7074      12224
       7075       8200
       7076       1703
       7077       1482
       7078      14035
       7079      10901
       7080       1608
       7081       1487
       7082       1456
       7083       1479
       7084      14626
       7085      14625
       7086      14615
       7087      14574
       7088       1459
       7089      13178
       7090       1465
       7091      12989
       7092      12980
       7093      12979
       7094      12976
       7095       1454
       7096      12084
       7097      10824
       7098      10537
       7099      10528
       7100       4712
       7101       1445
       7102      13155
       7103       1444
       7104      15614
       7105       1433
       7106      11924
       7107      10822
       7108       9417
       7109       9078
       7110      13965
       7111      14144
       7112      13127
       7113       1411
       7114      10673
       7115       9191
       7116       9113
       7117       8098
       7118       1250
       7119       1206
       7120       4711
       7121       4710
       7122       3909
       7123      10814
       7124       9410
       7125       8105
       7126       7762
       7127       3312
       7128       3307
       7129       3306
       7130       1426
       7131      10932
       7132       9512
       7133       8192
       7134       6874
       7135      15183
       7136       2510
       7137       2509
       7138       2508
       7139      15888
       7140       1419
       7141      13964
       7142      10962
       7143       9535
       7144       8203
       7145       6878
       7146       1935
       7147       1934
       7148       1933
       7149       1216
       7150      13147
       7151       1617
       7152       1614
       7153       1613
       7154       8176
       7155       9520
       7156       5694
       7157      13146
       7158      12223
       7159      10955
       7160       9519
       7161       8196
       7162       1605
       7163       1603
       7164       1601
       7165      14731
       7166       3917
       7167      15596
       7168      15595
       7169      15564
       7170      15563
       7171       2876
       7172       1484
       7173       1474
       7174       1472
       7175       8195
       7176       2210
       7177      16246
       7178       1832
       7179       1478
       7180       1469
       7181       1271
       7182       1607
       7183      15240
       7184      16338
       7185       1486
       7186       1453
       7187       1266
       7188       1265
       7189       1671
       7190      16315
       7191       1458
       7192      14688
       7193       1657
       7194       1450
       7195       1443
       7196       1440
       7197       2870
       7198       9508
       7199       8179
       7200       1644
       7201      14690
       7202       1625
       7203       1432
       7204       1430
       7205       1429
       7206       8177
       7207       2203
       7208       1410
       7209       6868
       7210       1424
       7211       1225
       7212       1416
       7213       4715
       7214       1700
       7215       3311
       7216       6867
       7217       6865
       7218       1220
       7219       2515
       7220       1604
       7221      16432
       7222       1938
       7223       9518
       7224       1831
       7225       3906
       7226       1483
       7227      14005
       7228      12222
       7229       1606
       7230       1690
       7231      14730
       7232       5686
       7233      13996
       7234       1476
       7235       1670
       7236      13904
       7237      13898
       7238      13896
       7239      13881
       7240       1457
       7241       5690
       7242      12987
       7243      11867
       7244      11856
       7245      11854
       7246       1656
       7247       1464
       7248       1643
       7249       3908
       7250      12083
       7251      10821
       7252      10534
       7253       9077
       7254      16431
       7255      14628
       7256       1624
       7257      10950
       7258       1452
       7259      11921
       7260      10585
       7261       9415
       7262       8097
       7263       1409
       7264       3907
       7265       3905
       7266       3305
       7267      10813
       7268       9407
       7269       9112
       7270       7763
       7271       1438
       7272      10812
       7273       9409
       7274       8168
       7275       6873
       7276       2869
       7277       2864
       7278       2862
       7279      10951
       7280       9511
       7281       8191
       7282       6877
       7283       1425
       7284       2202
       7285       2201
       7286       2200
       7287      14004
       7288       1418
       7289      12014
       7290       1829
       7291       1699
       7292       1698
       7293       8189
       7294      15217
       7295      10949
       7296      10944
       7297       9534
       7298       8199
       7299      15225
       7300      15182
       7301      15179
       7302      15146
       7303      15144
       7304       8175
       7305       1215
       7306      10948
       7307       6862
       7308       1616
       7309       1612
       7310       1611
       7311      13048
       7312       9517
       7313       4714
       7314      13052
       7315      13051
       7316       3310
       7317       1694
       7318       1602
       7319       1600
       7320       2514
       7321       8174
       7322       1937
       7323       1668
       7324       1473
       7325       1471
       7326       1830
       7327       1477
       7328       1468
       7329       1276
       7330       9507
       7331       8178
       7332      13047
       7333       4709
       7334       1697
       7335       1689
       7336       1654
       7337       1442
       7338       1439
       7339       3904
       7340      12108
       7341       1669
       7342       1663
       7343       1655
       7344      13300
       7345       1641
       7346       1638
       7347       1441
       7348       1642
       7349       3304
       7350       2507
       7351       1623
       7352      12071
       7353       9516
       7354      12070
       7355       6864
       7356       1622
       7357       1428
       7358       1427
       7359       1408
       7360       1932
       7361       5689
       7362       9506
       7363      12221
       7364       8166
       7365       6863
       7366       3916
       7367       1423
       7368       1615
       7369       2868
       7370       5685
       7371       2207
       7372       1219
       7373      13903
       7374       5688
       7375       1691
       7376       1844
       7377       1828
       7378      12013
       7379       1696
       7380       1664
       7381       1688
       7382      12217
       7383      13963
       7384       1667
       7385       1674
       7386      13125
       7387      12988
       7388      12978
       7389      12977
       7390      12975
       7391       1662
       7392      11929
       7393      11865
       7394      10536
       7395      10531
       7396       1653
       7397      14707
       7398       1652
       7399       1640
       7400      11923
       7401      10820
       7402       9414
       7403       9076
       7404       4708
       7405       4703
       7406       3903
       7407       1621
       7408       9505
       7409      10674
       7410      10584
       7411       9111
       7412       8096
       7413       1451
       7414       1407
       7415      10810
       7416       9408
       7417       8127
       7418       6844
       7419       3303
       7420       3302
       7421       3301
       7422      13299
       7423       1633
       7424      10931
       7425       9510
       7426       8167
       7427       8078
       7428       2506
       7429       2501
       7430       2500
       7431       1629
       7432      10946
       7433       9533
       7434       8190
       7435       8161
       7436       1931
       7437       1930
       7438       1929
       7439       1417
       7440      15611
       7441       1843
       7442       1837
       7443       1834
       7444       9504
       7445       6861
       7446       5683
       7447      12220
       7448      10943
       7449       9502
       7450       8173
       7451       8188
       7452       1825
       7453       1823
       7454       1822
       7455       3915
       7456       1661
       7457       1467
       7458       1466
       7459       2867
       7460       1693
       7461       1682
       7462       1680
       7463       8165
       7464       2206
       7465       2072
       7466       1687
       7467       1677
       7468       1470
       7469      14624
       7470      14623
       7471      14614
       7472      14573
       7473      13962
       7474       1827
       7475       3901
       7476       1695
       7477      14627
       7478       1900
       7479       1666
       7480       1886
       7481       1658
       7482       1651
       7483       1650
       7484       2861
       7485       1872
       7486       9498
       7487       8155
       7488       1851
       7489       1639
       7490       1637
       7491       1634
       7492       8163
       7493       2199
       7494       1620
       7495       5687
       7496       1631
       7497       1627
       7498       1626
       7499      15627
       7500       4707
       7501       1840
       7502       6857
       7503       3309
       7504       5684
       7505       1422
       7506      14143
       7507      14720
       7508       2505
       7509       3894
       7510      13902
       7511      13894
       7512      13880
       7513      13841
       7514       1824
       7515      13145
       7516       2089
       7517      13961
       7518       2071
       7519       1692
       7520       1826
       7521      13126
       7522      16322
       7523       1920
       7524      16245
       7525       4706
       7526       4702
       7527       3902
       7528       1685
       7529       1899
       7530       1665
       7531       1673
       7532      12986
       7533      11866
       7534      11862
       7535      11853
       7536       1885
       7537      16303
       7538       3893
       7539       1871
       7540      11928
       7541      10819
       7542      10533
       7543       9075
       7544      15235
       7545       1850
       7546       1660
       7547      11920
       7548      10583
       7549       9110
       7550       8095
       7551      15622
       7552      15864
       7553       3900
       7554       3892
       7555       3300
       7556       1619
       7557      16325
       7558      16084
       7559      10809
       7560       9406
       7561       9109
       7562       7761
       7563      13050
       7564       1645
       7565      10942
       7566      16209
       7567      10811
       7568       9477
       7569       8145
       7570       6846
       7571       2860
       7572       2859
       7573       2858
       7574      10945
       7575       9509
       7576       9388
       7577       8077
       7578      16191
       7579      16314
       7580      16339
       7581      16337
       7582      16336
       7583      16335
       7584       1632
       7585       2198
       7586       2196
       7587       2195
       7588       1628
       7589       2069
       7590       1839
       7591       1838
       7592      10947
       7593      10941
       7594       9503
       7595       8160
       7596       8162
       7597       9501
       7598      10940
       7599       5682
       7600       1842
       7601       1836
       7602       1833
       7603       9500
       7604       1686
       7605       1676
       7606       1475
       7607      16211
       7608      16313
       7609      16375
       7610      16374
       7611      16373
       7612      16372
       7613       4701
       7614       3308
       7615       1925
       7616       1821
       7617       1820
       7618       2504
       7619      12015
       7620       2088
       7621       1897
       7622       1681
       7623       1679
       7624       2070
       7625      13046
       7626       8157
       7627       9497
       7628       8164
       7629       1928
       7630       1919
       7631      16181
       7632      16186
       7633      16240
       7634      16239
       7635      16238
       7636      16237
       7637       1898
       7638      12069
       7639      14620
       7640      13045
       7641       1883
       7642       1649
       7643       1648
       7644       1891
       7645      13888
       7646       1884
       7647       1869
       7648       1866
       7649       1647
       7650      13901
       7651       1870
       7652      13049
       7653       2499
       7654       3298
       7655       1849
       7656       6856
       7657       1848
       7658       1636
       7659       1635
       7660       1618
       7661       9499
       7662       2081
       7663      15847
       7664      16069
       7665      16085
       7666      16073
       7667      16072
       7668      16071
       7669       4705
       7670       9496
       7671      12068
       7672       8154
       7673       6855
       7674       3899
       7675       1630
       7676       1841
       7677       2866
       7678       5681
       7679       4704
       7680       2197
       7681       8159
       7682       1922
       7683       2087
       7684      12219
       7685       2068
       7686       1927
       7687       1894
       7688      15837
       7689      15874
       7690      15879
       7691      15872
       7692      15871
       7693      15853
       7694       1918
       7695       1684
       7696       1675
       7697       1646
       7698       1896
       7699       1903
       7700       3299
       7701       1890
       7702       3895
       7703       3898
       7704       3897
       7705       3891
       7706      12107
       7707      11927
       7708      11864
       7709      10535
       7710      10530
       7711       1882
       7712       1672
       7713       1868
       7714      11919
       7715      10591
       7716       9413
       7717       9074
       7718      13177
       7719       3291
       7720      15234
       7721      12985
       7722      12984
       7723      12973
       7724      12909
       7725       1847
       7726      15624
       7727      15623
       7728      10797
       7729      10582
       7730       9108
       7731       7759
       7732       1659
       7733       3297
       7734       3287
       7735       2857
       7736      10806
       7737       9405
       7738       8093
       7739       7760
       7740       1861
       7741      10808
       7742       9491
       7743       8146
       7744       8076
       7745       2498
       7746       2497
       7747       2496
       7748      13144
       7749       1857
       7750      15181
       7751      10939
       7752      10790
       7753       9495
       7754       8150
       7755       2086
       7756       2080
       7757       2078
       7758      15237
       7759      15236
       7760      13895
       7761      13893
       7762      13891
       7763      13840
       7764       1421
       7765      15613
       7766      15594
       7767      15592
       7768      15562
       7769       2085
       7770       2076
       7771       2074
       7772       9493
       7773      14687
       7774       6854
       7775      12218
       7776      10936
       7777       9489
       7778       8156
       7779       2065
       7780       2061
       7781       1835
       7782       4700
       7783      13960
       7784       3890
       7785       2865
       7786      12067
       7787       1924
       7788       1910
       7789       1909
       7790       2373
       7791       1917
       7792       1905
       7793       1678
       7794       2352
       7795       2067
       7796       1926
       7797       2159
       7798      16083
       7799      15878
       7800       1895
       7801       2856
       7802       2138
       7803       1887
       7804       1881
       7805       1879
       7806      12061
       7807      14622
       7808      14621
       7809      14572
       7810      14571
       7811       9486
       7812       8153
       7813       2126
       7814       1867
       7815       1865
       7816       1863
       7817       2096
       7818      16317
       7819       8151
       7820       2194
       7821      15216
       7822       1846
       7823       5680
       7824       1859
       7825       1855
       7826       1854
       7827       3896
       7828       2082
       7829       6852
       7830       3296
       7831       5679
       7832      14686
       7833       2062
       7834       1420
       7835       2503
       7836       1923
       7837      14003
       7838       2372
       7839      16323
       7840       2351
       7841       4696
       7842       3295
       7843       2066
       7844       4699
       7845       1916
       7846      13124
       7847       2184
       7848       8152
       7849       9494
       7850       2158
       7851       1902
       7852      14712
       7853       1893
       7854       2137
       7855      11925
       7856      11863
       7857      11861
       7858      11851
       7859       2125
       7860      11926
       7861      10590
       7862       9117
       7863       9079
       7864       3294
       7865       3290
       7866       3286
       7867       1889
       7868       2095
       7869      11918
       7870      10581
       7871       9107
       7872       7758
       7873      15233
       7874       1845
       7875       1873
       7876      10796
       7877       9403
       7878       8091
       7879       6834
       7880      10935
       7881      13123
       7882      10807
       7883       9404
       7884       8092
       7885       6845
       7886       1860
       7887       2854
       7888       2848
       7889       2847
       7890      10938
       7891       9492
       7892       9387
       7893       8149
       7894       2349
       7895       2079
       7896       2077
       7897       2370
       7898       2193
       7899       2192
       7900       1856
       7901       8139
       7902       2084
       7903       2075
       7904       2073
       7905      12057
       7906      10934
       7907       9482
       7908       8158
       7909       8147
       7910       2188
       7911       2060
       7912       2059
       7913      10933
       7914       1892
       7915       1875
       7916       1874
       7917      13042
       7918       9488
       7919       5678
       7920       2135
       7921       1880
       7922       1878
       7923      13044
       7924       2156
       7925       1908
       7926       1907
       7927       3889
       7928       3285
       7929      15224
       7930       2502
       7931       1915
       7932       1904
       7933       1683
       7934       3888
       7935       3289
       7936       2371
       7937      13143
       7938       9485
       7939       8137
       7940       2350
       7941       2495
       7942       3292
       7943      13038
       7944      12974
       7945      12972
       7946      12971
       7947      12064
       7948       2191
       7949       9487
       7950       2183
       7951      12011
       7952       2157
       7953      13956
       7954       2146
       7955       2855
       7956       2093
       7957       1864
       7958       1862
       7959       2136
       7960       1858
       7961       1853
       7962       2124
       7963      13043
       7964       2083
       7965       2123
       7966       2120
       7967       1877
       7968       2094
       7969       2187
       7970       6851
       7971      13959
       7972       1921
       7973       4698
       7974      13958
       7975      16309
       7976      15610
       7977       8136
       7978       6850
       7979      14619
       7980       3293
       7981      14022
       7982       2362
       7983       2853
       7984       5677
       7985       5676
       7986      13041
       7987       2374
       7988      15223
       7989       2369
       7990      14014
       7991       1901
       7992       2348
       7993       9484
       7994       2190
       7995      12012
       7996       2182
       7997       2155
       7998      15215
       7999       3887
       8000       3884
       8001       3288
       8002      13142
       8003       1888
       8004       2163
       8005      12063
       8006       2145
       8007      11917
       8008      10589
       8009      10532
       8010      10526
       8011       2134
       8012      13892
       8013      13890
       8014      13889
       8015      13839
       8016       2122
       8017      11915
       8018      10577
       8019       9103
       8020       8094
       8021      11913
       8022      11860
       8023      11852
       8024      11850
       8025       2092
       8026      10795
       8027       9391
       8028       9106
       8029       7757
       8030       2852
       8031       2850
       8032       2846
       8033      10799
       8034       9402
       8035       8089
       8036       6833
       8037      10805
       8038       9400
       8039       8144
       8040       8075
       8041       2109
       8042       2186
       8043       2171
       8044       2170
       8045       2493
       8046       2489
       8047       2488
       8048      10937
       8049      10789
       8050       9481
       8051       8148
       8052       9480
       8053       2368
       8054       2361
       8055       2360
       8056      13141
       8057       9478
       8058       6847
       8059      12056
       8060      10787
       8061       9385
       8062       8138
       8063       8131
       8064       4697
       8065       8134
       8066       3284
       8067      16430
       8068       2845
       8069       3279
       8070       2697
       8071      12060
       8072       2115
       8073       2673
       8074       2365
       8075       2355
       8076       2354
       8077       2367
       8078       2347
       8079      16244
       8080       2113
       8081       2107
       8082       2106
       8083       2344
       8084       2333
       8085       2063
       8086       2189
       8087       2458
       8088       2154
       8089       2494
       8090       2440
       8091       2179
       8092       2164
       8093       1906
       8094       8135
       8095       6849
       8096      13957
       8097       2426
       8098      15180
       8099      15178
       8100      15145
       8101      15143
       8102       2395
       8103       8132
       8104       2091
       8105       2178
       8106       5675
       8107       2364
       8108       2334
       8109       2162
       8110      12066
       8111       2141
       8112       2133
       8113       2132
       8114       3886
       8115       6839
       8116       2851
       8117       5674
       8118      16308
       8119       2185
       8120       2703
       8121      12065
       8122       2696
       8123       2144
       8124       2131
       8125       1876
       8126       2121
       8127       2119
       8128       2118
       8129       2672
       8130      14717
       8131      14715
       8132       3883
       8133       4695
       8134       4693
       8135       2346
       8136       2112
       8137       2366
       8138       2359
       8139       2358
       8140       3278
       8141       2483
       8142       2169
       8143       2064
       8144       2482
       8145      14685
       8146       2181
       8147       2168
       8148       2167
       8149       2457
       8150       3283
       8151       3277
       8152       2849
       8153      14618
       8154      14613
       8155      14570
       8156      14569
       8157      13117
       8158       2153
       8159      11914
       8160      10587
       8161      10576
       8162      10527
       8163       2345
       8164       2337
       8165       2336
       8166       2439
       8167       2152
       8168       1914
       8169       1913
       8170       2379
       8171       2143
       8172       2425
       8173      11916
       8174      10588
       8175       9116
       8176       9072
       8177       2129
       8178      13037
       8179      12970
       8180      12969
       8181      12966
       8182       2394
       8183      14012
       8184      10672
       8185      10580
       8186       9105
       8187       7755
       8188       2090
       8189      10794
       8190       9396
       8191       8090
       8192       7756
       8193       2701
       8194       2492
       8195       2491
       8196      10800
       8197       9401
       8198       8087
       8199       6843
       8200       2843
       8201       2392
       8202       2105
       8203       2104
       8204       2694
       8205       2378
       8206       2377
       8207      10804
       8208       9490
       8209       8143
       8210       8129
       8211       2108
       8212       2363
       8213       2111
       8214       2103
       8215       2177
       8216       2161
       8217       1912
       8218       2180
       8219      10788
       8220       9479
       8221       8130
       8222       6853
       8223       2343
       8224       8128
       8225      10786
       8226       9384
       8227       3282
       8228       9383
       8229       5673
       8230       2142
       8231       3885
       8232      13122
       8233       9382
       8234       3276
       8235      13955
       8236      14719
       8237       2844
       8238       2702
       8239      12055
       8240       2695
       8241       8073
       8242       9483
       8243       2671
       8244       9366
       8245       8133
       8246      12062
       8247       2486
       8248       2140
       8249       2481
       8250       2456
       8251       2448
       8252      13040
       8253       9381
       8254       2438
       8255       2424
       8256      12010
       8257       2393
       8258      12007
       8259       6838
       8260       4692
       8261      13140
       8262       8070
       8263       6837
       8264       3281
       8265      13039
       8266       2423
       8267       2414
       8268       2117
       8269       2718
       8270       4694
       8271      13121
       8272       8072
       8273       5672
       8274       2700
       8275      12009
       8276       2693
       8277       2670
       8278       2485
       8279      12002
       8280      13139
       8281       3879
       8282       3882
       8283       3275
       8284       2480
       8285       2455
       8286       2686
       8287      11910
       8288      11909
       8289      11849
       8290      11848
       8291       2447
       8292      13887
       8293      13886
       8294      13879
       8295      13838
       8296       3881
       8297      11912
       8298      10579
       8299       9152
       8300       9073
       8301       2437
       8302       2422
       8303      10669
       8304      10578
       8305       9115
       8306       7765
       8307      16203
       8308       2391
       8309      10671
       8310       9190
       8311       7818
       8312       6823
       8313       2462
       8314      10793
       8315       9395
       8316       8088
       8317       6832
       8318      13954
       8319      12059
       8320      10801
       8321       9399
       8322       8142
       8323       6842
       8324       2479
       8325       2470
       8326       2166
       8327       2842
       8328       2840
       8329       2490
       8330       2692
       8331       2685
       8332       2357
       8333      10803
       8334       9398
       8335       8141
       8336       6848
       8337       2714
       8338       2709
       8339       2707
       8340       2376
       8341       2404
       8342      16189
       8343      16194
       8344       2688
       8345       2679
       8346       2356
       8347      16321
       8348      16210
       8349      16208
       8350      16207
       8351      16206
       8352       9380
       8353       2706
       8354      12048
       8355      10785
       8356       9379
       8357       8071
       8358       2691
       8359       6836
       8360       2665
       8361       2656
       8362       2335
       8363       2651
       8364       2342
       8365       2332
       8366       4691
       8367       2669
       8368       2661
       8369       2353
       8370      16188
       8371       2478
       8372       2469
       8373       2165
       8374       2408
       8375       2403
       8376       2102
       8377       2402
       8378       3280
       8379       3082
       8380      14002
       8381       2841
       8382      14706
       8383       3076
       8384       2678
       8385       2660
       8386       3269
       8387       3274
       8388       2839
       8389       2474
       8390       2461
       8391       2160
       8392       3063
       8393       2341
       8394      14001
       8395      14617
       8396       2413
       8397      16190
       8398      16312
       8399      16327
       8400      16326
       8401      16294
       8402      16293
       8403       2468
       8404       2668
       8405       2655
       8406       2444
       8407       2434
       8408       2130
       8409       2467
       8410       2484
       8411      14684
       8412       2176
       8413       2813
       8414       2446
       8415       2151
       8416       2127
       8417       2454
       8418       2420
       8419       2401
       8420       2114
       8421       3273
       8422       2798
       8423       8069
       8424       8045
       8425       2388
       8426       2101
       8427       1852
       8428       2787
       8429       2452
       8430       2175
       8431       1911
       8432       2150
       8433      16180
       8434      16307
       8435       2770
       8436      16302
       8437      16222
       8438      16221
       8439      16220
       8440       2433
       8441       8068
       8442       2390
       8443       2432
       8444       5671
       8445      15214
       8446       2717
       8447       2713
       8448       2487
       8449       2421
       8450       2412
       8451       2116
       8452       3878
       8453       2436
       8454       2431
       8455       2128
       8456       3073
       8457       2684
       8458       2375
       8459       6817
       8460       3094
       8461       5670
       8462      14705
       8463       3081
       8464       3075
       8465      16053
       8466      16068
       8467      16070
       8468      16065
       8469      16064
       8470      16063
       8471      14000
       8472       3062
       8473      13138
       8474       2667
       8475       2110
       8476       8066
       8477       2829
       8478       2411
       8479       9378
       8480       3272
       8481       2812
       8482       2690
       8483       2453
       8484       2699
       8485      13036
       8486      12968
       8487      12965
       8488      12964
       8489      11911
       8490      10636
       8491      10628
       8492      10525
       8493       2677
       8494       2837
       8495       2797
       8496       2331
       8497       2419
       8498      15866
       8499      12008
       8500      14616
       8501      14612
       8502      14568
       8503      14567
       8504      15846
       8505      15873
       8506       2659
       8507      15870
       8508      15869
       8509      15852
       8510      15851
       8511       2786
       8512      10668
       8513       9186
       8514       9114
       8515       7781
       8516       2340
       8517       2654
       8518       2476
       8519       2769
       8520       4690
       8521       2712
       8522      10670
       8523       9189
       8524       9104
       8525       7754
       8526       2689
       8527       2664
       8528       2389
       8529       2836
       8530       2650
       8531       2708
       8532      10792
       8533       9390
       8534       8081
       8535       6831
       8536       2451
       8537       2407
       8538       2716
       8539      10798
       8540       9394
       8541       8086
       8542       6841
       8543       2674
       8544      12051
       8545      13135
       8546       2683
       8547       3880
       8548       2466
       8549       2705
       8550      10802
       8551       9397
       8552       8140
       8553       8041
       8554       2473
       8555       2666
       8556      15585
       8557      15584
       8558      15593
       8559      15591
       8560      15590
       8561      15581
       8562       2139
       8563       2174
       8564       2649
       8565      14683
       8566       2835
       8567      12054
       8568       2443
       8569       2834
       8570       8065
       8571       2149
       8572      10784
       8573       9386
       8574       8074
       8575       8040
       8576       2460
       8577       2676
       8578       2698
       8579      13137
       8580       2687
       8581       8067
       8582      10773
       8583       9377
       8584       2658
       8585       2711
       8586      10772
       8587       2653
       8588       2339
       8589       5669
       8590       2100
       8591       2099
       8592       2663
       8593       2406
       8594       2445
       8595      16082
       8596       2682
       8597       2417
       8598       2430
       8599       3877
       8600       2477
       8601      15232
       8602      15231
       8603       2465
       8604       2475
       8605       3093
       8606       2410
       8607       3080
       8608       2400
       8609       2435
       8610       3074
       8611       2450
       8612       9365
       8613       8052
       8614       2442
       8615       2173
       8616      12058
       8617       2148
       8618       3061
       8619       3876
       8620       2418
       8621       2429
       8622       9376
       8623       2833
       8624      15222
       8625       2828
       8626       2399
       8627       9368
       8628       2811
       8629      12006
       8630      13885
       8631       2805
       8632       2387
       8633       2796
       8634       2785
       8635      13035
       8636       2768
       8637      12053
       8638       6816
       8639      16081
       8640      12052
       8641      15863
       8642       4689
       8643      13120
       8644      13884
       8645      13878
       8646      13837
       8647      13836
       8648       8055
       8649       6815
       8650       3268
       8651       3092
       8652       5668
       8653       4688
       8654       3079
       8655      13116
       8656       3072
       8657       3875
       8658       3271
       8659       2838
       8660       3060
       8661       3266
       8662       3088
       8663       2715
       8664      15877
       8665       2832
       8666       3090
       8667       3087
       8668       2710
       8669       3086
       8670       3084
       8671       2704
       8672      12001
       8673       2827
       8674      13119
       8675       3078
       8676       3064
       8677       2681
       8678       2810
       8679       3071
       8680       3066
       8681       2680
       8682      11984
       8683      11983
       8684      11974
       8685      11847
       8686       3070
       8687       3065
       8688       2675
       8689       2804
       8690      13953
       8691       3059
       8692       3051
       8693       2657
       8694      10665
       8695      10571
       8696       9146
       8697       9145
       8698       2795
       8699       3055
       8700       3050
       8701       2652
       8702       3048
       8703       2662
       8704       2338
       8705       2784
       8706      10667
       8707       9185
       8708       7816
       8709       7753
       8710       2826
       8711       2648
       8712       2464
       8713      12000
       8714       2767
       8715       2825
       8716       2817
       8717       2463
       8718      10661
       8719       9188
       8720       8080
       8721       6822
       8722       2820
       8723       2816
       8724       2459
       8725      15230
       8726       2808
       8727       2472
       8728       2172
       8729      10791
       8730       9389
       8731       8084
       8732       6830
       8733       2803
       8734       2449
       8735       2147
       8736       2802
       8737       2441
       8738       2428
       8739      10781
       8740       9393
       8741       8085
       8742       6840
       8743       2794
       8744       2790
       8745       2427
       8746       2783
       8747       2776
       8748       2409
       8749       2782
       8750       2416
       8751       2398
       8752      10783
       8753       9375
       8754       9356
       8755       8039
       8756       2775
       8757       2772
       8758       2397
       8759       2766
       8760       2396
       8761       2098
       8762       2386
       8763       2097
       8764       8049
       8765      12047
       8766      10771
       8767       9364
       8768       8064
       8769      12005
       8770       9367
       8771       6814
       8772       4687
       8773      14681
       8774       3632
       8775       8051
       8776       3619
       8777       3613
       8778      15609
       8779      14716
       8780      14718
       8781       3602
       8782       3058
       8783       2831
       8784       3244
       8785      15157
       8786       2809
       8787      15221
       8788      15177
       8789      15174
       8790      15142
       8791       3225
       8792       9363
       8793       9359
       8794       8044
       8795       3215
       8796       3091
       8797       3203
       8798      15571
       8799       3265
       8800       8054
       8801       2765
       8802       5667
       8803       3874
       8804       3069
       8805      15862
       8806      13136
       8807      13115
       8808       6806
       8809       5666
       8810       3631
       8811       3068
       8812       3057
       8813       2824
       8814       3618
       8815       3054
       8816       3612
       8817       4686
       8818       3077
       8819       3053
       8820       3085
       8821      13118
       8822       3601
       8823       3267
       8824      12082
       8825       3056
       8826       2415
       8827       3089
       8828       3872
       8829       2789
       8830      13104
       8831      13103
       8832      13098
       8833      12963
       8834       3257
       8835       2823
       8836       3243
       8837      16202
       8838       2793
       8839      11908
       8840      10635
       8841      10627
       8842      10626
       8843       2807
       8844       2822
       8845      15587
       8846       3224
       8847       2779
       8848       2792
       8849       2405
       8850       3214
       8851      10664
       8852       9182
       8853       9099
       8854       7780
       8855       2385
       8856      10770
       8857       3067
       8858       2791
       8859       3202
       8860      10666
       8861       9187
       8862       7817
       8863       6821
       8864       2819
       8865       3873
       8866       2764
       8867       3270
       8868      10660
       8869       9178
       8870       8079
       8871       6820
       8872       2780
       8873      10779
       8874       9392
       8875       8083
       8876       6829
       8877       3629
       8878       3263
       8879       2471
       8880      10780
       8881       9373
       8882       8063
       8883       8038
       8884       3047
       8885      10782
       8886      10769
       8887       9355
       8888       8037
       8889      14142
       8890       9362
       8891      12004
       8892       8053
       8893      10768
       8894       3628
       8895       8048
       8896       5665
       8897       3871
       8898       3630
       8899       2818
       8900      12940
       8901       3617
       8902      11817
       8903       2774
       8904       3611
       8905       3222
       8906       2821
       8907       9358
       8908       8050
       8909       3600
       8910      12003
       8911       3256
       8912      14592
       8913       3046
       8914       3626
       8915       2781
       8916       3616
       8917       3625
       8918       3262
       8919      12081
       8920       2806
       8921      13034
       8922       2814
       8923       3610
       8924       3255
       8925       2801
       8926       3609
       8927      14703
       8928      14702
       8929      14611
       8930      14606
       8931       3242
       8932      11906
       8933      14711
       8934       3599
       8935       3208
       8936       3236
       8937       3596
       8938       3212
       8939       2778
       8940       3223
       8941      16185
       8942       2771
       8943      13995
       8944       9361
       8945       2773
       8946       3213
       8947       3868
       8948       3866
       8949      13105
       8950       3201
       8951       2788
       8952      13154
       8953       6805
       8954       2762
       8955      10818
       8956       2777
       8957       4684
       8958       9357
       8959       3264
       8960       8043
       8961       6804
       8962       3867
       8963       3052
       8964       3627
       8965       5664
       8966       4685
       8967       3590
       8968       2760
       8969       2759
       8970       3615
       8971      15156
       8972       3251
       8973      13994
       8974      13993
       8975      13990
       8976      13877
       8977       3608
       8978       2763
       8979      12050
       8980       3218
       8981       3598
       8982       3606
       8983       8047
       8984       3605
       8985      11999
       8986       3595
       8987       3261
       8988       3211
       8989       3083
       8990      11982
       8991      11981
       8992      11973
       8993      11972
       8994       9360
       8995       3254
       8996       3250
       8997       3241
       8998       3235
       8999      11902
       9000      10570
       9001       9151
       9002       9144
       9003       3221
       9004      14682
       9005       3210
       9006      10663
       9007       9184
       9008       7815
       9009       7752
       9010      13952
       9011       3594
       9012       3624
       9013       3200
       9014      10659
       9015       9176
       9016       7813
       9017       6819
       9018       2761
       9019      10658
       9020       9175
       9021       7807
       9022       6828
       9023      10776
       9024       9371
       9025       8059
       9026       6810
       9027       3865
       9028      10778
       9029       9374
       9030       8062
       9031       6813
       9032       3045
       9033      13033
       9034       2815
       9035      12046
       9036      10767
       9037       9352
       9038       8046
       9039       9353
       9040       6803
       9041      15574
       9042       4683
       9043       4358
       9044       3205
       9045       4348
       9046       3220
       9047      12942
       9048      13951
       9049      12049
       9050       4343
       9051      14007
       9052       4334
       9053       3597
       9054      12939
       9055      14006
       9056      14141
       9057       3260
       9058       3869
       9059       3860
       9060       3859
       9061       3835
       9062       3049
       9063       3864
       9064      11998
       9065       3249
       9066       3219
       9067       3240
       9068       3863
       9069       3804
       9070       3204
       9071       9348
       9072       8029
       9073       3792
       9074      13102
       9075      13101
       9076      13097
       9077      13092
       9078       3781
       9079      14704
       9080       8042
       9081      13859
       9082       3198
       9083       5662
       9084       3234
       9085       4675
       9086       3589
       9087       3209
       9088      13858
       9089       3248
       9090       6802
       9091       5663
       9092       4357
       9093       4682
       9094       3870
       9095       8036
       9096       4347
       9097       3259
       9098       4342
       9099       3246
       9100       4333
       9101      14680
       9102      15213
       9103       3592
       9104       3857
       9105       2830
       9106       3217
       9107       3845
       9108       4355
       9109      11907
       9110      10634
       9111      10633
       9112      10625
       9113       3216
       9114       3253
       9115       3238
       9116       3834
       9117       3593
       9118       3239
       9119      14013
       9120       3206
       9121       3789
       9122       3803
       9123       3621
       9124      11905
       9125       3199
       9126       3207
       9127       3791
       9128       3195
       9129      10575
       9130       9181
       9131       9098
       9132       7779
       9133       3862
       9134       3191
       9135       3623
       9136       3780
       9137       4340
       9138      10662
       9139       9183
       9140       7814
       9141       6640
       9142       3607
       9143       4331
       9144       3197
       9145      10766
       9146      10657
       9147       9177
       9148       7810
       9149       6818
       9150       2758
       9151      14679
       9152      10491
       9153       9370
       9154       8082
       9155       6827
       9156      11904
       9157      13114
       9158      10775
       9159       9372
       9160       8061
       9161       6812
       9162      14140
       9163      10777
       9164      10752
       9165       9354
       9166       8035
       9167       9351
       9168       9350
       9169      10765
       9170       8032
       9171       5661
       9172      13031
       9173       8031
       9174       4674
       9175       9349
       9176       4356
       9177       4346
       9178       4673
       9179       4670
       9180       9347
       9181       8028
       9182       4341
       9183       3861
       9184       4332
       9185      16047
       9186       3851
       9187      11816
       9188      16182
       9189       3844
       9190      16193
       9191       3833
       9192      13030
       9193       3826
       9194      16163
       9195      16301
       9196      16205
       9197      16204
       9198      16201
       9199      16200
       9200      16195
       9201       3802
       9202       3790
       9203       3779
       9204       6801
       9205       3196
       9206       3591
       9207       4680
       9208      13950
       9209       9346
       9210       3604
       9211       8027
       9212       6799
       9213      11820
       9214       4672
       9215      16177
       9216      16306
       9217      16219
       9218      16218
       9219      16217
       9220      16216
       9221       4354
       9222       5660
       9223       4681
       9224       3620
       9225       4345
       9226      10817
       9227      12080
       9228      11980
       9229      11979
       9230      11978
       9231      11971
       9232       3614
       9233       4339
       9234       4669
       9235      11815
       9236       3622
       9237      12079
       9238       4330
       9239       3850
       9240       3603
       9241       3843
       9242       4325
       9243      11901
       9244      10569
       9245       9150
       9246       9143
       9247       3841
       9248       3832
       9249      16179
       9250      16184
       9251      16165
       9252      16062
       9253      16061
       9254      16060
       9255       3799
       9256      12938
       9257       3252
       9258       3825
       9259       3801
       9260       3788
       9261       3787
       9262      10574
       9263       9180
       9264       7812
       9265       7751
       9266       3588
       9267       3778
       9268       3798
       9269       4350
       9270       3856
       9271       4344
       9272       4338
       9273      10656
       9274       9179
       9275       7809
       9276       6639
       9277       4336
       9278       4329
       9279       3194
       9280       3247
       9281      10490
       9282       9040
       9283       8056
       9284       6826
       9285       4671
       9286       4661
       9287      15845
       9288      16067
       9289      15868
       9290      15867
       9291      15850
       9292      15849
       9293       3193
       9294       3258
       9295      10774
       9296       9369
       9297       8058
       9298       6825
       9299      16305
       9300       3848
       9301       3784
       9302       3237
       9303       3839
       9304       3800
       9305       3768
       9306       3786
       9307       3192
       9308       3842
       9309      10764
       9310       9344
       9311       8060
       9312       6811
       9313       3797
       9314       3829
       9315       3783
       9316       3795
       9317       3785
       9318       4353
       9319       3777
       9320       3769
       9321       8034
       9322       9328
       9323      16304
       9324       3858
       9325      12041
       9326      10751
       9327       9327
       9328       8030
       9329       9345
       9330      15583
       9331      15787
       9332      15589
       9333      15588
       9334      15582
       9335      15580
       9336       4668
       9337       6800
       9338      16300
       9339       5615
       9340       5220
       9341       5206
       9342       5195
       9343      15608
       9344       5186
       9345       4328
       9346      15507
       9347      15573
       9348      15220
       9349      15176
       9350      15173
       9351      15171
       9352       3849
       9353      12040
       9354       4614
       9355       3831
       9356      12937
       9357       4557
       9358       9323
       9359       8009
       9360      13100
       9361      13099
       9362      13096
       9363      13091
       9364      13032
       9365       4545
       9366       4536
       9367      14714
       9368      14713
       9369       3776
       9370       8025
       9371      13134
       9372       5658
       9373      12045
       9374       4667
       9375       5614
       9376       5219
       9377       6798
       9378       5659
       9379       9326
       9380       5205
       9381      13949
       9382       5194
       9383       5185
       9384       8026
       9385       4679
       9386       4678
       9387       4326
       9388      11900
       9389      10632
       9390      10631
       9391      10624
       9392       4635
       9393      11814
       9394       4613
       9395      15212
       9396       3830
       9397       4556
       9398      10573
       9399       9102
       9400       9097
       9401       7783
       9402       4544
       9403      10750
       9404       4535
       9405      16299
       9406      10492
       9407       9094
       9408       7811
       9409       7744
       9410      15211
       9411       3775
       9412      10489
       9413       9174
       9414       7808
       9415       6638
       9416       4666
       9417      10488
       9418       9039
       9419       8021
       9420       6824
       9421      13992
       9422      13991
       9423      13989
       9424      13876
       9425      10763
       9426       9342
       9427       8057
       9428       6809
       9429      12941
       9430       5612
       9431       4665
       9432      11903
       9433      14591
       9434      10762
       9435      10748
       9436       9318
       9437       8033
       9438      11819
       9439       9325
       9440      13999
       9441      13133
       9442      10815
       9443      10749
       9444       9324
       9445       8024
       9446       5657
       9447       5613
       9448       5218
       9449      15586
       9450       5204
       9451       9322
       9452       8008
       9453       5193
       9454       5184
       9455      11813
       9456       4652
       9457       4634
       9458       4612
       9459       4604
       9460       4555
       9461       4352
       9462       4349
       9463       4543
       9464       4335
       9465       4351
       9466       4337
       9467       4664
       9468       4327
       9469       4534
       9470       6797
       9471       3774
       9472       5217
       9473      13947
       9474       5623
       9475       4324
       9476       3847
       9477       8007
       9478       6788
       9479       5611
       9480       3846
       9481       8011
       9482       3840
       9483       5208
       9484       3838
       9485      12037
       9486       5216
       9487      13029
       9488       3828
       9489       5656
       9490       5655
       9491       3827
       9492       5203
       9493       5190
       9494       3796
       9495       5202
       9496       5192
       9497       5183
       9498       5179
       9499       3794
       9500       4630
       9501       4633
       9502       3793
       9503       4632
       9504       5191
       9505       9321
       9506       4628
       9507       4609
       9508      14678
       9509       3782
       9510       4549
       9511       4554
       9512       4553
       9513       4526
       9514       5182
       9515       4542
       9516      11977
       9517      11976
       9518      11975
       9519      11968
       9520       4541
       9521       4533
       9522       4631
       9523       3773
       9524      10816
       9525       4651
       9526       4525
       9527       3767
       9528       3770
       9529      11818
       9530      11812
       9531       4611
       9532      11891
       9533      10568
       9534       9149
       9535       9148
       9536       4603
       9537       9320
       9538       4552
       9539       5610
       9540       5602
       9541       4540
       9542      10566
       9543       9101
       9544       9087
       9545       7750
       9546       4532
       9547      10645
       9548       9173
       9549       7805
       9550       6637
       9551       3772
       9552       4663
       9553      10487
       9554       9038
       9555       7806
       9556       6807
       9557       5603
       9558       4662
       9559       9412
       9560       9341
       9561       8020
       9562       6808
       9563      10761
       9564       9343
       9565       8023
       9566       8003
       9567      12039
       9568      10747
       9569       9315
       9570       8010
       9571      16066
       9572       8006
       9573      14677
       9574      14676
       9575       6796
       9576      16162
       9577       6677
       9578       9319
       9579      11997
       9580       6316
       9581      13132
       9582       6292
       9583      16298
       9584       6271
       9585      13110
       9586       6248
       9587      13998
       9588       5181
       9589       4650
       9590      14675
       9591       5489
       9592      13988
       9593       4610
       9594       5423
       9595       5215
       9596       5397
       9597       5377
       9598      15865
       9599       4531
       9600       6695
       9601       9312
       9602       7996
       9603       6676
       9604       6315
       9605       6787
       9606       6785
       9607       8005
       9608       6291
       9609      12044
       9610       5622
       9611       5621
       9612       6270
       9613       6247
       9614       5488
       9615       5517
       9616       5176
       9617      13948
       9618       9317
       9619      11899
       9620      10630
       9621      10629
       9622      10622
       9623       4606
       9624       5422
       9625      13095
       9626      13094
       9627      13093
       9628      13077
       9629       5609
       9630       5600
       9631      13113
       9632      10572
       9633      10556
       9634       9096
       9635       7782
       9636      13028
       9637       5396
       9638       5376
       9639      10644
       9640       9159
       9641       7795
       9642       7743
       9643       5210
       9644       4530
       9645      14009
       9646      14011
       9647      14673
       9648      10485
       9649       9037
       9650       7714
       9651       6589
       9652       6299
       9653      10486
       9654       9036
       9655       7711
       9656       6795
       9657      10746
       9658       9411
       9659       9340
       9660       8022
       9661       7977
       9662      15570
       9663       8002
       9664      10757
       9665      10745
       9666       9316
       9667       8001
       9668      10760
       9669       9314
       9670      11989
       9671       6694
       9672      10744
       9673       5209
       9674       7998
       9675      15993
       9676       8004
       9677      13024
       9678       9311
       9679       7995
       9680      13857
       9681       6290
       9682       6675
       9683       6298
       9684      15210
       9685       5207
       9686       5189
       9687       6314
       9688       6269
       9689       5180
       9690       5601
       9691       5188
       9692       5178
       9693       9313
       9694       4649
       9695       4629
       9696       6246
       9697      12043
       9698       4648
       9699       5547
       9700       5516
       9701       4627
       9702       6277
       9703       4608
       9704       6264
       9705       6245
       9706       6244
       9707       4605
       9708       5177
       9709       4551
       9710       5515
       9711      14674
       9712       5514
       9713      14010
       9714       4550
       9715      11898
       9716       6268
       9717       5510
       9718       4548
       9719       4607
       9720       5409
       9721       4539
       9722       5487
       9723       5486
       9724       4527
       9725       5391
       9726       5421
       9727       5394
       9728       5412
       9729       5470
       9730       4524
       9731       5371
       9732       5370
       9733       4529
       9734       3771
       9735      10738
       9736       4523
       9737       6786
       9738       5375
       9739       5395
       9740       5513
       9741       6693
       9742       6300
       9743      11897
       9744       7994
       9745       7987
       9746       6276
       9747       6667
       9748       4528
       9749       6243
       9750       6692
       9751       5654
       9752       6267
       9753      13946
       9754      13090
       9755       6666
       9756       5620
       9757       5485
       9758       5546
       9759       5599
       9760       5411
       9761       5214
       9762       6313
       9763      12036
       9764      11970
       9765      11969
       9766      11967
       9767      11955
       9768       5469
       9769      14701
       9770      14700
       9771      14610
       9772      14605
       9773      11890
       9774      10567
       9775       9147
       9776       9141
       9777       5374
       9778      14590
       9779       9310
       9780       5393
       9781      10565
       9782       9100
       9783       9086
       9784       7749
       9785      10759
       9786      12042
       9787      10643
       9788       9160
       9789       7804
       9790       6636
       9791      10758
       9792       4506
       9793       9339
       9794       9035
       9795       7713
       9796       6588
       9797      11811
       9798       9335
       9799       9287
       9800       8019
       9801       6794
       9802      10756
       9803       9333
       9804       9300
       9805       8000
       9806       7868
       9807      12038
       9808      10743
       9809       9307
       9810       7997
       9811       7999
       9812      15155
       9813       5545
       9814       6241
       9815       7498
       9816       7993
       9817      13987
       9818      13983
       9819      13982
       9820      13875
       9821      14699
       9822      13945
       9823       5483
       9824      14589
       9825       6520
       9826      11996
       9827      15572
       9828       6452
       9829       9308
       9830       6435
       9831       7521
       9832       6297
       9833       7853
       9834       7520
       9835       7515
       9836       7531
       9837      15161
       9838      16034
       9839      16161
       9840      16192
       9841      16046
       9842      16045
       9843      16044
       9844       6544
       9845       5608
       9846       7844
       9847       7481
       9848       7867
       9849      16042
       9850       7863
       9851       6784
       9852      16040
       9853      16043
       9854       6691
       9855       5619
       9856       5549
       9857       6665
       9858       5598
       9859       5471
       9860       9309
       9861       7992
       9862       9304
       9863       7986
       9864      16187
       9865      16297
       9866      16197
       9867      16196
       9868      16146
       9869      16145
       9870       7505
       9871       6472
       9872       6464
       9873      12936
       9874       7478
       9875       7497
       9876       7991
       9877      11889
       9878      10623
       9879      10621
       9880      10609
       9881       7866
       9882       9306
       9883      10564
       9884      10555
       9885       9095
       9886       7778
       9887       6519
       9888       5372
       9889      13089
       9890      13088
       9891      13078
       9892      13076
       9893      10484
       9894       9158
       9895       7794
       9896       6635
       9897       6263
       9898      16178
       9899      16183
       9900      16173
       9901      16164
       9902      16052
       9903      16051
       9904       7504
       9905       5346
       9906       9338
       9907       9034
       9908       7712
       9909       6587
       9910       7496
       9911       7522
       9912       6239
       9913       6275
       9914       6238
       9915       9337
       9916       8018
       9917       7967
       9918       6793
       9919       6262
       9920      13027
       9921       5511
       9922       4647
       9923       5540
       9924       7843
       9925      10732
       9926       9332
       9927       8015
       9928       7976
       9929       6237
       9930       5534
       9931       7475
       9932       6296
       9933       5482
       9934       6543
       9935       7474
       9936       5548
       9937       6542
       9938       5481
       9939       6451
       9940       7492
       9941       5408
       9942      13944
       9943       5512
       9944      10742
       9945      10755
       9946      10741
       9947       9299
       9948       7975
       9949       5407
       9950       6312
       9951      12033
       9952       5406
       9953      16028
       9954      16029
       9955       9305
       9956      16024
       9957      15848
       9958      15840
       9959      15839
       9960       5480
       9961       5420
       9962      10740
       9963       6517
       9964       5390
       9965      12935
       9966       5369
       9967       6463
       9968       7519
       9969       6295
       9970       5410
       9971       6434
       9972       6449
       9973       7852
       9974       7874
       9975       5392
       9976       5368
       9977       6431
       9978       5367
       9979       5364
       9980       4522
       9981      11988
       9982       6242
       9983       7985
       9984       7984
       9985       6458
       9986       4520
       9987       6541
       9988       7477
       9989      13026
       9990       9303
       9991       7983
       9992      10735
       9993      13131
       9994       6433
       9995       6562
       9996       7495
       9997      15844
       9998      15843
       9999      15860
      10000      15579
      10001      15578
      10002      15561
      10003       7480
      10004       6518
      10005      11896
      10006       6510
      10007      11895
      10008       5484
      10009      13023
      10010       5345
      10011       6462
      10012       6450
      10013      15506
      10014      15786
      10015      15175
      10016      15172
      10017      15170
      10018      15169
      10019       7530
      10020      13272
      10021       5373
      10022      12035
      10023      15209
      10024       6294
      10025       6674
      10026       5618
      10027       7518
      10028       6311
      10029       7862
      10030       6689
      10031      11810
      10032       6445
      10033       7990
      10034      13087
      10035       7989
      10036       6561
      10037      15158
      10038      15160
      10039       6557
      10040      15208
      10041      11809
      10042      13942
      10043      14599
      10044       6471
      10045       6564
      10046       6511
      10047      13986
      10048      11966
      10049      11964
      10050      11957
      10051      11954
      10052      10737
      10053      12032
      10054      10563
      10055      10554
      10056       9142
      10057       9132
      10058      10483
      10059       9093
      10060       7793
      10061       6627
      10062      10736
      10063      10482
      10064       9032
      10065       7792
      10066       6634
      10067       9336
      10068       8017
      10069       7710
      10070       6586
      10071      13109
      10072      13086
      10073      13085
      10074      13075
      10075      13074
      10076       9302
      10077       9334
      10078       9286
      10079       8014
      10080       6792
      10081      14672
      10082      14588
      10083      10754
      10084       9331
      10085       9298
      10086       7974
      10087       9297
      10088      12034
      10089      12024
      10090      10739
      10091       9295
      10092       7988
      10093       9225
      10094      13943
      10095      13997
      10096      11995
      10097       8925
      10098       6310
      10099       9301
      10100      14696
      10101       9228
      10102       9218
      10103      14008
      10104      14598
      10105       7529
      10106       6664
      10107       9224
      10108       7851
      10109       9296
      10110       8929
      10111       8941
      10112       7865
      10113       6783
      10114      13112
      10115       8940
      10116      15861
      10117       8938
      10118       7655
      10119       9217
      10120       9223
      10121       9214
      10122       8919
      10123       6308
      10124      16296
      10125       8945
      10126       7517
      10127       8924
      10128       9243
      10129       7982
      10130       8928
      10131      14671
      10132       7981
      10133       7980
      10134       7618
      10135       7611
      10136       6261
      10137       8916
      10138       8918
      10139       8923
      10140      10708
      10141      10707
      10142      13985
      10143      13981
      10144      13980
      10145      13874
      10146       6266
      10147       7476
      10148       7491
      10149       7850
      10150       6688
      10151       7669
      10152       8915
      10153       6236
      10154       6240
      10155       6563
      10156       6235
      10157       7494
      10158       5539
      10159       6260
      10160       6509
      10161       6556
      10162       7479
      10163       6663
      10164       7622
      10165       7473
      10166       5538
      10167       6516
      10168       7621
      10169      14670
      10170       5479
      10171       5537
      10172       6555
      10173       6515
      10174       5478
      10175       9242
      10176       7979
      10177       7625
      10178       6540
      10179      12934
      10180       5419
      10181       5418
      10182       6470
      10183      11965
      10184      11963
      10185      11956
      10186      11953
      10187       5468
      10188       7668
      10189       5405
      10190       5417
      10191      11994
      10192       5477
      10193      11888
      10194      10619
      10195      10611
      10196      10608
      10197       5359
      10198       6448
      10199       6461
      10200       5389
      10201      10734
      10202       7617
      10203       6460
      10204       7679
      10205      14698
      10206      14697
      10207      14609
      10208      14604
      10209       5388
      10210       6432
      10211      10562
      10212       9092
      10213       9085
      10214       7772
      10215       6430
      10216       6429
      10217       5366
      10218       7654
      10219       7528
      10220       6309
      10221       5363
      10222       4521
      10223      10481
      10224       9033
      10225       7791
      10226       6626
      10227       6418
      10228       7674
      10229       6428
      10230       4512
      10231       4519
      10232       6293
      10233       9291
      10234       9031
      10235       7709
      10236       6585
      10237       7527
      10238       6307
      10239       7677
      10240       7649
      10241       6447
      10242       7503
      10243       7651
      10244       9290
      10245       7969
      10246       7966
      10247       6791
      10248       7610
      10249       7861
      10250       6687
      10251      10731
      10252       9330
      10253       8013
      10254       7973
      10255       8944
      10256      10753
      10257      10706
      10258       9239
      10259       7890
      10260       7972
      10261       9294
      10262      11894
      10263      13025
      10264       7615
      10265       7971
      10266       7673
      10267      11808
      10268      15569
      10269       9293
      10270       7493
      10271       7895
      10272       7894
      10273      13856
      10274       7978
      10275      13941
      10276      10733
      10277       7624
      10278       6690
      10279       9241
      10280       7873
      10281       6781
      10282      13022
      10283       6306
      10284       6259
      10285       7864
      10286       6234
      10287      11893
      10288       6662
      10289       6508
      10290       7857
      10291       6514
      10292       6686
      10293       5509
      10294       7526
      10295       6415
      10296      13021
      10297       7516
      10298       7860
      10299       6682
      10300       6305
      10301      10642
      10302       6265
      10303       9292
      10304       7490
      10305       7893
      10306       7502
      10307       6780
      10308       6507
      10309       7486
      10310       6274
      10311       6254
      10312       7472
      10313       6227
      10314       5404
      10315       7849
      10316       6444
      10317      15207
      10318       7468
      10319       5544
      10320       5536
      10321       7842
      10322       5365
      10323       6673
      10324       6685
      10325       5506
      10326      13111
      10327       6469
      10328       6539
      10329       4518
      10330       6560
      10331       5476
      10332       6289
      10333       6468
      10334       6536
      10335      15154
      10336       6233
      10337       5462
      10338       5416
      10339      13108
      10340       5403
      10341      13020
      10342       6554
      10343       5535
      10344       5387
      10345      13084
      10346      13073
      10347      13072
      10348      12962
      10349       6459
      10350       6427
      10351       6440
      10352       5362
      10353       5361
      10354      10652
      10355       5467
      10356      10730
      10357      11987
      10358      12031
      10359       5344
      10360      11886
      10361      10620
      10362      10618
      10363      10610
      10364       5386
      10365      10561
      10366      10553
      10367       9140
      10368       9134
      10369       5360
      10370      10480
      10371       9091
      10372       7748
      10373       7742
      10374       4516
      10375       9166
      10376       9030
      10377       7707
      10378       6625
      10379       6502
      10380       9172
      10381       8016
      10382       7708
      10383       6584
      10384      11807
      10385       9289
      10386       9202
      10387       8012
      10388       6790
      10389      10688
      10390       9329
      10391       9238
      10392       7889
      10393      10655
      10394      13271
      10395      13270
      10396      13855
      10397      13854
      10398      13130
      10399      13129
      10400      12023
      10401      10705
      10402       9237
      10403       7885
      10404      14669
      10405       9236
      10406       7970
      10407       7884
      10408      10704
      10409       9240
      10410      12022
      10411       7892
      10412       6782
      10413      10698
      10414       9227
      10415       7872
      10416       6779
      10417      10697
      10418       9222
      10419      12021
      10420       7859
      10421       6700
      10422      10694
      10423       9221
      10424      12932
      10425      12020
      10426       7856
      10427       6684
      10428      12184
      10429      12180
      10430      12927
      10431      10693
      10432       9216
      10433       7848
      10434       6681
      10435      12931
      10436      10452
      10437       9213
      10438       7841
      10439       6672
      10440      11797
      10441      10451
      10442       8943
      10443       7525
      10444       6304
      10445      10450
      10446       8937
      10447       7514
      10448       6288
      10449      13083
      10450      13082
      10451      13071
      10452      13068
      10453      10445
      10454       8927
      10455       7501
      10456       6273
      10457      10900
      10458      10899
      10459      10444
      10460       8922
      10461      11796
      10462       7489
      10463       6258
      10464      11805
      10465      10443
      10466       8921
      10467       7485
      10468       6253
      10469      10442
      10470       8914
      10471       7471
      10472       6232
      10473       9013
      10474       8913
      10475      16172
      10476       7467
      10477       6226
      10478      10473
      10479       9012
      10480       7676
      10481       6559
      10482       5543
      10483       9452
      10484      10477
      10485       9011
      10486       7672
      10487       6553
      10488       5533
      10489      11803
      10490       9010
      10491       7667
      10492       6538
      10493       5508
      10494       9002
      10495       7666
      10496       6535
      10497       5505
      10498      10472
      10499       9001
      10500       7653
      10501       6513
      10502       5475
      10503       9000
      10504       7648
      10505       6506
      10506       5466
      10507       8107
      10508       9024
      10509       6505
      10510      10476
      10511       8992
      10512       7647
      10513       6501
      10514       5461
      10515       6500
      10516       8991
      10517       7623
      10518       6467
      10519       5415
      10520      10471
      10521       6466
      10522       8990
      10523       7620
      10524       6457
      10525       5414
      10526      16156
      10527       6456
      10528      14668
      10529       6443
      10530       5402
      10531       8989
      10532       7614
      10533       6442
      10534       6439
      10535       5383
      10536       8988
      10537       7613
      10538       7695
      10539       9020
      10540       6438
      10541      10470
      10542      16295
      10543       7888
      10544      13940
      10545       6425
      10546       5358
      10547       7609
      10548       7608
      10549       6424
      10550       5357
      10551       7605
      10552       6423
      10553       9019
      10554       8987
      10555       5355
      10556       5354
      10557       7604
      10558       6417
      10559       5343
      10560       4511
      10561       7603
      10562       5342
      10563       7694
      10564       7693
      10565       8976
      10566       8975
      10567      12030
      10568       7883
      10569      13984
      10570      13979
      10571      13978
      10572      13873
      10573       7871
      10574       6699
      10575       6683
      10576      11962
      10577      11961
      10578      11952
      10579      11951
      10580      11993
      10581       6671
      10582      10559
      10583      10552
      10584       9139
      10585       9133
      10586      11992
      10587       7858
      10588      10560
      10589       9090
      10590       9084
      10591       7771
      10592       6303
      10593       7855
      10594      11986
      10595       6752
      10596       6698
      10597      10479
      10598       9029
      10599       7704
      10600       6624
      10601      15859
      10602       6777
      10603       7891
      10604       6272
      10605       7870
      10606       9171
      10607       7803
      10608       7706
      10609       6583
      10610       6680
      10611       7840
      10612       6661
      10613       6225
      10614       7513
      10615       9288
      10616       7968
      10617       7827
      10618       6789
      10619       6287
      10620       7500
      10621       6252
      10622      14587
      10623       9235
      10624      10682
      10625       9201
      10626       7887
      10627       6778
      10628       7847
      10629       6231
      10630      13081
      10631       7846
      10632       7484
      10633       5532
      10634      10703
      10635      10702
      10636       5504
      10637       9231
      10638       7879
      10639       6286
      10640       7488
      10641       6679
      10642       6660
      10643       9234
      10644      11892
      10645      10696
      10646       6257
      10647       5474
      10648       5384
      10649       5542
      10650       6558
      10651       6537
      10652       5541
      10653       6256
      10654       7524
      10655       6230
      10656       6441
      10657       7470
      10658       5465
      10659      10729
      10660       5507
      10661       7833
      10662       6653
      10663       5356
      10664       5382
      10665       6455
      10666       5401
      10667       7466
      10668       6499
      10669       5460
      10670       5381
      10671       6534
      10672      10692
      10673       6552
      10674       5413
      10675       7465
      10676       4515
      10677      10641
      10678       6437
      10679       6454
      10680      11887
      10681      10651
      10682       6533
      10683       7512
      10684       9233
      10685       9226
      10686       7882
      10687       6751
      10688       6504
      10689       6465
      10690      16168
      10691       9207
      10692       5400
      10693       5353
      10694       9215
      10695       6422
      10696       6498
      10697       5352
      10698      13939
      10699      11772
      10700       7854
      10701      10650
      10702      13019
      10703       7832
      10704       6750
      10705      10701
      10706       9232
      10707       5351
      10708       5341
      10709       8926
      10710      12924
      10711       5459
      10712       5473
      10713      13080
      10714      13070
      10715      13067
      10716      13066
      10717       7499
      10718       8917
      10719       8912
      10720       6697
      10721       5624
      10722      13977
      10723       5399
      10724       4580
      10725       3766
      10726       8939
      10727       6229
      10728       6222
      10729       6302
      10730       5597
      10731       6285
      10732       5213
      10733       9009
      10734       6669
      10735       5607
      10736       7881
      10737       6678
      10738       5617
      10739       5503
      10740       4637
      10741      10691
      10742       4514
      10743      10449
      10744       7665
      10745       6224
      10746       5529
      10747       6670
      10748       5616
      10749       6545
      10750      12923
      10751      15832
      10752      16033
      10753       5502
      10754       4626
      10755       8942
      10756       6284
      10757       5201
      10758       5458
      10759       4602
      10760      10558
      10761       9089
      10762       7777
      10763       7776
      10764      10617
      10765      10616
      10766      10615
      10767      10607
      10768      16031
      10769      16160
      10770       7612
      10771      16167
      10772      16041
      10773      16039
      10774      16038
      10775       7463
      10776       6223
      10777      10728
      10778       6550
      10779       5528
      10780      10478
      10781       9028
      10782       7747
      10783       6617
      10784       6446
      10785       9220
      10786       5444
      10787       4598
      10788       9165
      10789       9027
      10790       7705
      10791       6581
      10792      12019
      10793       7839
      10794       7942
      10795       6749
      10796      10687
      10797       7523
      10798       9206
      10799       7869
      10800       9170
      10801       7802
      10802       6648
      10803       6582
      10804       5464
      10805       4625
      10806      10448
      10807       9285
      10808       9200
      10809       7826
      10810       6702
      10811       5531
      10812       5524
      10813      16176
      10814      16175
      10815       5385
      10816       4547
      10817      16171
      10818      16050
      10819      16049
      10820      16048
      10821      10681
      10822       9230
      10823       9229
      10824       7886
      10825       8999
      10826      15568
      10827       8986
      10828       8920
      10829       7487
      10830       7878
      10831       9212
      10832       7678
      10833       7464
      10834      13852
      10835       8936
      10836      10700
      10837       9267
      10838       7949
      10839       7880
      10840       8985
      10841       7671
      10842      16170
      10843      12029
      10844       7607
      10845      10441
      10846       7675
      10847       7462
      10848       6221
      10849       7845
      10850       5518
      10851       4646
      10852      11991
      10853       7511
      10854      14582
      10855       7646
      10856       8911
      10857       6503
      10858       9008
      10859       7638
      10860       6497
      10861       7469
      10862      16027
      10863      16155
      10864      16023
      10865      16008
      10866      16007
      10867      15838
      10868      10440
      10869       6416
      10870       6414
      10871       7619
      10872      14586
      10873      15576
      10874       7650
      10875       7670
      10876       6487
      10877       6512
      10878       5349
      10879       6551
      10880       5380
      10881       4538
      10882       6426
      10883       6421
      10884       5340
      10885       5443
      10886       4581
      10887       7652
      10888      10695
      10889       6532
      10890       7602
      10891       5350
      10892       4517
      10893      15842
      10894      15992
      10895      15841
      10896      15776
      10897      15577
      10898      15560
      10899       7616
      10900      10654
      10901       6453
      10902       7606
      10903       6436
      10904       4513
      10905       4510
      10906      12018
      10907      14597
      10908       7601
      10909      15559
      10910      15785
      10911      15575
      10912      15168
      10913      15167
      10914      15166
      10915      10699
      10916       7948
      10917      12933
      10918      10649
      10919       5457
      10920       4599
      10921       5501
      10922       4623
      10923      13848
      10924      10690
      10925      15159
      10926      15103
      10927      15505
      10928      14695
      10929      14608
      10930      14607
      10931      14602
      10932      13018
      10933       4505
      10934      10557
      10935       9138
      10936       9137
      10937       9131
      10938      12017
      10939      10365
      10940       8747
      10941       7746
      10942       6619
      10943       8935
      10944       9007
      10945       7831
      10946       6652
      10947       9164
      10948       9026
      10949       7703
      10950       6580
      10951      14593
      10952      14596
      10953      11960
      10954      11959
      10955      11950
      10956      11949
      10957       9169
      10958       7801
      10959       7701
      10960       6579
      10961      10647
      10962      13938
      10963       9284
      10964       7965
      10965       7825
      10966       6647
      10967       7830
      10968       6748
      10969       5500
      10970       4636
      10971      10680
      10972       9199
      10973       7877
      10974       7876
      10975       8984
      10976      10447
      10977       6250
      10978       6220
      10979      10679
      10980       9266
      10981       7945
      10982       6759
      10983       7941
      10984       6747
      10985       7947
      10986      10727
      10987       5398
      10988       4579
      10989       6762
      10990       9219
      10991       6228
      10992       5175
      10993       6659
      10994       5596
      10995       9211
      10996      12922
      10997       9204
      10998       8998
      10999      10686
      11000       6549
      11001       5527
      11002       9265
      11003      11795
      11004       6301
      11005       5595
      11006       5472
      11007       4624
      11008       7837
      11009       6548
      11010       5523
      11011       8910
      11012       8997
      11013       8909
      11014      13079
      11015      13069
      11016      13065
      11017      13064
      11018       5463
      11019       4601
      11020       6658
      11021       5606
      11022       5530
      11023       5522
      11024      11771
      11025       6696
      11026       5639
      11027       7483
      11028       7482
      11029       7461
      11030       6219
      11031       6283
      11032       5212
      11033       6255
      11034       5200
      11035      10689
      11036       6668
      11037       5605
      11038      10362
      11039      11770
      11040       8933
      11041       7645
      11042       8934
      11043      14667
      11044       7946
      11045       9006
      11046       7838
      11047       6530
      11048      10355
      11049      10648
      11050       7510
      11051       7595
      11052      10685
      11053       7663
      11054      11768
      11055      12016
      11056      10653
      11057      10439
      11058       6761
      11059       6531
      11060       6401
      11061      10446
      11062      11767
      11063       7662
      11064       7637
      11065       6547
      11066      12913
      11067       6413
      11068       6494
      11069       7643
      11070      11794
      11071       6496
      11072       8983
      11073       7586
      11074       6486
      11075       5339
      11076       6420
      11077      10364
      11078       9088
      11079       7775
      11080       7774
      11081      10614
      11082      10613
      11083      10612
      11084      10606
      11085       7600
      11086      10361
      11087       9025
      11088       7702
      11089       6612
      11090       5379
      11091       9163
      11092       7798
      11093       6631
      11094       5587
      11095       7509
      11096      10684
      11097      10726
      11098      11806
      11099       9168
      11100       7800
      11101       6646
      11102       6578
      11103       5442
      11104       4578
      11105      15152
      11106      13976
      11107      13975
      11108      13974
      11109      13872
      11110      10898
      11111       9283
      11112       7964
      11113       7824
      11114       6701
      11115       7940
      11116       6746
      11117       5378
      11118       4546
      11119      10438
      11120       7664
      11121      10678
      11122       9198
      11123       7944
      11124       7875
      11125       9208
      11126       6546
      11127      10719
      11128       9264
      11129       7937
      11130       6760
      11131      10683
      11132       7939
      11133       7835
      11134       9203
      11135      10432
      11136       7642
      11137      12930
      11138      12183
      11139      12921
      11140       9210
      11141       7636
      11142      13853
      11143       8908
      11144       6493
      11145       5499
      11146       4645
      11147       9451
      11148      12804
      11149      11958
      11150      11948
      11151      11947
      11152       6485
      11153       5348
      11154       4537
      11155      16005
      11156       7836
      11157       8982
      11158       8889
      11159       6412
      11160       7456
      11161       6411
      11162      13866
      11163       7459
      11164       6249
      11165       6218
      11166       4504
      11167       3765
      11168       4509
      11169       4508
      11170      15991
      11171       5347
      11172       7692
      11173       7460
      11174       8906
      11175       7458
      11176      10469
      11177      12028
      11178       5338
      11179       5441
      11180       4577
      11181      10718
      11182       7661
      11183       8996
      11184       8932
      11185       6529
      11186      15830
      11187       9450
      11188       5521
      11189       5520
      11190       5526
      11191       4644
      11192       7644
      11193       5452
      11194       4594
      11195       5455
      11196       4622
      11197       5456
      11198       4600
      11199      13128
      11200      13864
      11201       6495
      11202       6216
      11203       5174
      11204      10897
      11205       5454
      11206       4621
      11207      11793
      11208       6217
      11209       5173
      11210       6657
      11211       5594
      11212       7594
      11213       9005
      11214       5525
      11215       6251
      11216       4643
      11217       5199
      11218      13728
      11219       6419
      11220      11769
      11221       7829
      11222       6743
      11223       6656
      11224       5604
      11225       6400
      11226       6655
      11227       5638
      11228      14666
      11229       6282
      11230       5593
      11231       6281
      11232       5211
      11233       6745
      11234      12951
      11235      10724
      11236      15153
      11237      13107
      11238       6397
      11239       6737
      11240       5641
      11241       9018
      11242      10468
      11243       8907
      11244       7699
      11245       7599
      11246       5321
      11247       4575
      11248      12920
      11249      10437
      11250       7593
      11251       7698
      11252      10358
      11253       9136
      11254       9135
      11255       9130
      11256      11946
      11257      11944
      11258      11943
      11259      11940
      11260      10896
      11261      10363
      11262       8746
      11263       7745
      11264       6618
      11265       9004
      11266       8743
      11267       7797
      11268       6630
      11269       5586
      11270       9023
      11271       9162
      11272       7796
      11273      11804
      11274       6633
      11275       6577
      11276       9167
      11277       7799
      11278       6776
      11279       5653
      11280       8995
      11281      10436
      11282       9280
      11283       7963
      11284       7823
      11285       6757
      11286      10360
      11287      10677
      11288       9196
      11289       7943
      11290       6758
      11291      10725
      11292       6755
      11293       7936
      11294       9205
      11295       7598
      11296       8981
      11297       9263
      11298       7938
      11299       6744
      11300       9260
      11301       9209
      11302       7933
      11303      13727
      11304       7834
      11305      11761
      11306       6573
      11307       7507
      11308       8900
      11309      14585
      11310       8930
      11311      10435
      11312      16158
      11313      11766
      11314       7457
      11315       8931
      11316       7445
      11317       7508
      11318      10467
      11319       7444
      11320       7454
      11321       7632
      11322       7660
      11323       9281
      11324       8905
      11325       7641
      11326      10354
      11327       6215
      11328       6528
      11329       7935
      11330      11792
      11331       6481
      11332       7635
      11333       6491
      11334       7592
      11335       7585
      11336       8980
      11337      10503
      11338      13865
      11339       6484
      11340       6388
      11341       6409
      11342       6410
      11343      11765
      11344       9003
      11345       6396
      11346      12929
      11347       5337
      11348      13106
      11349      10717
      11350       5336
      11351      10723
      11352      10676
      11353       7934
      11354      10353
      11355      11990
      11356      16174
      11357      15990
      11358      12803
      11359      16154
      11360       8974
      11361      10605
      11362      10603
      11363      10602
      11364      10601
      11365       7597
      11366      13063
      11367      13062
      11368      13061
      11369      12961
      11370       9051
      11371       8741
      11372       7773
      11373       7770
      11374      10431
      11375       8994
      11376       6572
      11377      11802
      11378       8745
      11379       8744
      11380       7700
      11381       6611
      11382      10359
      11383      12027
      11384       8739
      11385       7216
      11386       6629
      11387       5584
      11388      11791
      11389      10428
      11390      15164
      11391      13851
      11392       7959
      11393       7214
      11394       6632
      11395       5652
      11396       9279
      11397       7962
      11398       6775
      11399       6645
      11400       7591
      11401      14595
      11402       5440
      11403       4576
      11404       4503
      11405       3764
      11406       4507
      11407       4482
      11408       5317
      11409       4481
      11410       9278
      11411       9197
      11412       7822
      11413       6756
      11414       5316
      11415       4480
      11416       9282
      11417      10716
      11418       9259
      11419       7930
      11420       6738
      11421       9262
      11422       5439
      11423       4597
      11424      10675
      11425       8979
      11426       5438
      11427       4596
      11428       9194
      11429       5451
      11430       4590
      11431       5435
      11432       4641
      11433       7932
      11434       5320
      11435       4574
      11436       8879
      11437       5449
      11438       4595
      11439       5453
      11440       4593
      11441       7920
      11442       5498
      11443       4640
      11444       7828
      11445       6742
      11446       5170
      11447       4642
      11448       5519
      11449       4639
      11450       6214
      11451       5172
      11452       7820
      11453       7640
      11454       6201
      11455       5171
      11456       8887
      11457       8888
      11458       7590
      11459      13850
      11460       6203
      11461       5187
      11462       8899
      11463       7506
      11464      10430
      11465       6280
      11466       5198
      11467       6202
      11468       5197
      11469       6279
      11470       5592
      11471       7425
      11472       6643
      11473       5591
      11474      14464
      11475       7455
      11476       7659
      11477       6654
      11478       5635
      11479      11763
      11480      16166
      11481       6728
      11482       5634
      11483       7443
      11484       7453
      11485       6736
      11486       6651
      11487       6213
      11488       7631
      11489       8904
      11490       8898
      11491      14594
      11492       6212
      11493       7630
      11494       8978
      11495       6492
      11496       6480
      11497       7584
      11498       6479
      11499       9022
      11500       6399
      11501       5450
      11502      12919
      11503       6408
      11504       6398
      11505      13847
      11506      14581
      11507       6386
      11508       5319
      11509       5335
      11510       6741
      11511      15504
      11512       5318
      11513       8903
      11514       6754
      11515       7658
      11516       8902
      11517      12918
      11518       5332
      11519      10434
      11520       4502
      11521       7634
      11522      10502
      11523      12182
      11524      12179
      11525       7639
      11526      11790
      11527      11945
      11528      11942
      11529      11941
      11530      11939
      11531      10357
      11532       9129
      11533       9128
      11534       9127
      11535      12946
      11536       9050
      11537       7727
      11538       7220
      11539       6616
      11540      12926
      11541      10433
      11542       8742
      11543       7219
      11544       6576
      11545       5585
      11546      10646
      11547      12026
      11548      14459
      11549      13973
      11550      13972
      11551      13871
      11552       8738
      11553       7215
      11554       6628
      11555       5582
      11556      10715
      11557      16004
      11558      16003
      11559      16159
      11560      16032
      11561      15831
      11562      15829
      11563      15828
      11564      11764
      11565       7961
      11566       6774
      11567       6773
      11568       5651
      11569       7583
      11570       8973
      11571       8972
      11572      12917
      11573      10429
      11574       7958
      11575       7957
      11576       7929
      11577       6771
      11578       6644
      11579      16011
      11580      15827
      11581       9276
      11582       9195
      11583       7821
      11584       6753
      11585       7596
      11586       7928
      11587       9261
      11588       9257
      11589       6740
      11590       6739
      11591       7931
      11592       7633
      11593       8993
      11594       9193
      11595       7919
      11596       9277
      11597      15781
      11598      16030
      11599      16157
      11600      16037
      11601      16036
      11602      16035
      11603      15959
      11604       7819
      11605       8886
      11606       7589
      11607      11760
      11608       8885
      11609       7424
      11610      10722
      11611       8882
      11612      12912
      11613       7422
      11614       7927
      11615      11789
      11616       7448
      11617      10466
      11618       7420
      11619       7452
      11620      10352
      11621       7588
      11622       6209
      11623       6527
      11624      10356
      11625      16026
      11626      16025
      11627      16019
      11628      16018
      11629      16006
      11630      15836
      11631       6525
      11632       6211
      11633       6490
      11634       5497
      11635       8977
      11636       8896
      11637       6483
      11638       9161
      11639      12802
      11640      10721
      11641       5496
      11642       6387
      11643       5448
      11644       5334
      11645       6395
      11646       8968
      11647      10465
      11648       5447
      11649       6392
      11650      15987
      11651      15989
      11652      15985
      11653      15803
      11654      15802
      11655      15801
      11656       8897
      11657      10501
      11658       5437
      11659       5333
      11660       5315
      11661       5313
      11662      11751
      11663       4501
      11664      15558
      11665      15784
      11666      15747
      11667      15557
      11668      15165
      11669      15141
      11670       7656
      11671       7657
      11672       3762
      11673       3761
      11674      11825
      11675       4499
      11676       3763
      11677       4498
      11678       4479
      11679       4483
      11680       4478
      11681       6407
      11682       4484
      11683       4477
      11684      10714
      11685      10713
      11686       4573
      11687       4572
      11688       5308
      11689       4571
      11690      10604
      11691      10600
      11692      10599
      11693      10598
      11694       5307
      11695       4570
      11696       4589
      11697       4588
      11698      12953
      11699       4587
      11700       4586
      11701      10211
      11702       8717
      11703       7769
      11704       7768
      11705       9271
      11706       5433
      11707       4592
      11708       5432
      11709       4591
      11710       5434
      11711       4620
      11712      15502
      11713      15503
      11714       8901
      11715      15163
      11716      15162
      11717      14603
      11718      14601
      11719      10464
      11720       5167
      11721       4321
      11722       9048
      11723       7726
      11724       7218
      11725       6575
      11726       5166
      11727       4638
      11728      10351
      11729       5169
      11730       4323
      11731       6406
      11732       5168
      11733       5157
      11734       8737
      11735       7217
      11736       6601
      11737       5583
      11738       7587
      11739       6200
      11740       5159
      11741       8884
      11742       6167
      11743       5158
      11744      11801
      11745       6170
      11746       5196
      11747       8736
      11748       7213
      11749       5966
      11750       5001
      11751       6169
      11752       5123
      11753       6278
      11754       5590
      11755       6642
      11756       5589
      11757       7960
      11758       7911
      11759       6772
      11760       5650
      11761       6641
      11762       5633
      11763      12801
      11764      12797
      11765      11938
      11766      11937
      11767      12025
      11768       6727
      11769       5632
      11770       6726
      11771       6650
      11772      13726
      11773       9275
      11774       7956
      11775       6770
      11776       6711
      11777       8966
      11778      15099
      11779      15102
      11780      10712
      11781       9258
      11782       7926
      11783       6734
      11784       6735
      11785       6649
      11786       6405
      11787       9270
      11788       9256
      11789      10895
      11790      11798
      11791       9272
      11792       9192
      11793       7925
      11794       7918
      11795      10720
      11796       8883
      11797       8878
      11798      10500
      11799       7906
      11800       7423
      11801       6733
      11802       7415
      11803       8881
      11804       6766
      11805       7447
      11806      10415
      11807       7418
      11808       7450
      11809       6204
      11810       6522
      11811       6526
      11812       6208
      11813      11759
      11814       6488
      11815       5491
      11816       6489
      11817       5495
      11818       6482
      11819       7451
      11820      10427
      11821       5445
      11822       7689
      11823       6394
      11824       5446
      11825       6390
      11826       5436
      11827       5331
      11828       6732
      11829       9274
      11830       7577
      11831       5314
      11832       4500
      11833      11985
      11834      10453
      11835      10455
      11836       7691
      11837      13725
      11838      13060
      11839      13059
      11840      13058
      11841       5310
      11842      10640
      11843       4497
      11844      16169
      11845       4496
      11846       6404
      11847       7924
      11848       9017
      11849      11660
      11850      11655
      11851      11654
      11852      10597
      11853      13860
      11854      13863
      11855       6571
      11856       6570
      11857      10334
      11858       9126
      11859       9125
      11860       9124
      11861       8893
      11862       6393
      11863       9049
      11864       7725
      11865       6615
      11866       6614
      11867       8946
      11868       9021
      11869       8740
      11870       7723
      11871       6603
      11872       5968
      11873      12928
      11874       8735
      11875       7210
      11876       5964
      11877       5581
      11878       8880
      11879       7954
      11880       7212
      11881       5965
      11882       5649
      11883      11651
      11884      13862
      11885       9252
      11886       7910
      11887       6769
      11888       5648
      11889       9255
      11890       7955
      11891       7901
      11892       6710
      11893       7923
      11894       9254
      11895       6523
      11896       7922
      11897       9249
      11898       8861
      11899       7905
      11900       7696
      11901       7697
      11902       7952
      11903       7393
      11904       7421
      11905      12795
      11906      11762
      11907       6765
      11908       7419
      11909       6168
      11910       8967
      11911       7435
      11912      10349
      11913       6184
      11914       8971
      11915       6210
      11916      10711
      11917       8895
      11918       7442
      11919      10463
      11920       6186
      11921       6521
      11922       7576
      11923       7441
      11924      15567
      11925       6199
      11926       6181
      11927      10350
      11928       8875
      11929       8965
      11930      15783
      11931       5494
      11932       5490
      11933      11800
      11934       6371
      11935       5154
      11936       6374
      11937      10710
      11938       7921
      11939       5280
      11940       6731
      11941       5640
      11942       6389
      11943       3760
      11944       3759
      11945      10475
      11946      10639
      11947       3758
      11948       3757
      11949      10461
      11950       5282
      11951       4474
      11952       3756
      11953      10499
      11954       5327
      11955       4472
      11956       3744
      11957       4476
      11958       3818
      11959       9156
      11960       4475
      11961       3817
      11962       5283
      11963       5330
      11964       5329
      11965       4569
      11966       4470
      11967       4585
      11968       4469
      11969       9155
      11970      10426
      11971       4584
      11972       3823
      11973      14584
      11974       5309
      11975       4583
      11976       3824
      11977       9069
      11978       8894
      11979       4582
      11980       4568
      11981      10474
      11982       4619
      11983       4567
      11984       4492
      11985       4618
      11986       4320
      11987       4616
      11988       4319
      11989       5134
      11990       4318
      11991       8970
      11992       4495
      11993       5165
      11994       4322
      11995       5161
      11996       5156
      11997       5160
      11998       5155
      11999       6524
      12000       6166
      12001       5122
      12002       6165
      12003       5121
      12004       5645
      12005       5117
      12006       7575
      12007      11659
      12008       6133
      12009       5079
      12010       6714
      12011       5637
      12012       6162
      12013       5588
      12014       7439
      12015       6716
      12016       5631
      12017       6730
      12018       6715
      12019       5630
      12020       7582
      12021       7917
      12022      15753
      12023      10220
      12024      10215
      12025      10214
      12026       9123
      12027      11785
      12028      10517
      12029       9269
      12030       9268
      12031      11758
      12032       7429
      12033      12800
      12034      10210
      12035       8606
      12036       7767
      12037       7766
      12038      10414
      12039       9047
      12040       7722
      12041       6600
      12042       5967
      12043       7438
      12044       8734
      12045       7209
      12046       5961
      12047       5564
      12048       6391
      12049       9273
      12050       7788
      12051       7211
      12052       5963
      12053       5089
      12054       6403
      12055      11799
      12056       8964
      12057       7581
      12058       7953
      12059       6767
      12060       5647
      12061       5646
      12062       6724
      12063      10462
      12064      12950
      12065       9251
      12066       7909
      12067       6719
      12068       6709
      12069      12799
      12070      12796
      12071      11936
      12072      11935
      12073      10709
      12074       9253
      12075       7916
      12076       6729
      12077      13724
      12078       9248
      12079       8860
      12080       7904
      12081      10460
      12082       7951
      12083       7903
      12084      12952
      12085      11784
      12086      10459
      12087       7414
      12088       8892
      12089       7392
      12090       7417
      12091       6764
      12092       7434
      12093       5328
      12094       6164
      12095       7433
      12096       8877
      12097      15040
      12098       6183
      12099       6193
      12100      10423
      12101      11783
      12102       6198
      12103       6180
      12104      13723
      12105       8891
      12106       5493
      12107       5150
      12108       6574
      12109       7690
      12110       6370
      12111       5153
      12112       6373
      12113      12181
      12114      12949
      12115      13861
      12116       5152
      12117      10638
      12118       6368
      12119      10425
      12120       8963
      12121       7627
      12122       5279
      12123       5326
      12124       7432
      12125       5281
      12126       5325
      12127       6402
      12128       5277
      12129       4494
      12130       6379
      12131       4491
      12132      15039
      12133      11824
      12134       4490
      12135       7574
      12136      14463
      12137       7629
      12138       3755
      12139       8962
      12140      12943
      12141      11658
      12142      11653
      12143      11652
      12144      10596
      12145      11833
      12146       7572
      12147      10498
      12148       6372
      12149      10219
      12150       8605
      12151       8603
      12152       8602
      12153      12925
      12154       7580
      12155       9046
      12156       7724
      12157       7075
      12158       6613
      12159       7579
      12160      12893
      12161       8733
      12162       7206
      12163       6598
      12164       5563
      12165       7787
      12166       7208
      12167       5962
      12168       5068
      12169       7790
      12170       6768
      12171       6140
      12172       5088
      12173       7626
      12174      13849
      12175       8866
      12176       7908
      12177       6718
      12178       5629
      12179      14462
      12180       9250
      12181       9245
      12182       7900
      12183       6708
      12184       7915
      12185      11788
      12186       9247
      12187      12916
      12188       7914
      12189       9246
      12190       9157
      12191       6723
      12192      11835
      12193       9068
      12194       8859
      12195       7902
      12196       8890
      12197       7913
      12198       7446
      12199       7578
      12200       7950
      12201      10413
      12202       7391
      12203       7413
      12204       3754
      12205       3190
      12206       6763
      12207       6725
      12208       5636
      12209       3753
      12210       3189
      12211       7416
      12212      10497
      12213       3751
      12214       3742
      12215       7573
      12216       3750
      12217       3741
      12218       6161
      12219       6385
      12220       4471
      12221       3743
      12222       6185
      12223       4427
      12224       3698
      12225      10637
      12226       7628
      12227       4432
      12228       3738
      12229       6163
      12230       6192
      12231       4430
      12232       3822
      12233       4431
      12234       3821
      12235       4429
      12236       3820
      12237       5139
      12238       6195
      12239       4310
      12240       3819
      12241       4312
      12242       3816
      12243      12798
      12244       4311
      12245       3815
      12246       6197
      12247       5147
      12248      10422
      12249       4615
      12250       3836
      12251      10516
      12252       4307
      12253       4289
      12254       7431
      12255       5492
      12256       5133
      12257       4288
      12258       5149
      12259       5138
      12260       4317
      12261       6720
      12262       6096
      12263       5137
      12264       4313
      12265       6369
      12266       7449
      12267       5136
      12268       5120
      12269       7912
      12270       5151
      12271       5119
      12272       5118
      12273       5644
      12274       5116
      12275       6367
      12276       5643
      12277       4677
      12278      15151
      12279       4617
      12280       6132
      12281       5115
      12282       6196
      12283       9154
      12284       5312
      12285       6712
      12286       6095
      12287       6131
      12288       5114
      12289       5278
      12290       6713
      12291       5626
      12292       5324
      12293       6366
      12294       8969
      12295       5275
      12296       4493
      12297       9153
      12298       7437
      12299      11657
      12300       7440
      12301      10412
      12302       4473
      12303       8876
      12304       4488
      12305       6722
      12306      15096
      12307       7571
      12308      10496
      12309       3752
      12310      10348
      12311       8858
      12312       7428
      12313      10218
      12314      10213
      12315      10212
      12316       9122
      12317       8850
      12318      10347
      12319      12794
      12320      12782
      12321      11846
      12322      11843
      12323      11842
      12324      10424
      12325       5293
      12326       6478
      12327       7430
      12328      15495
      12329      10410
      12330       9043
      12331       7720
      12332       7074
      12333       7073
      12334       8857
      12335       7436
      12336       6477
      12337       6365
      12338       9045
      12339       7721
      12340       6602
      12341       5579
      12342      11787
      12343      15800
      12344       7784
      12345       7207
      12346       5960
      12347       5561
      12348      15038
      12349       7786
      12350       6621
      12351       6120
      12352       5087
      12353       6473
      12354      15549
      12355      10417
      12356       8847
      12357       7399
      12358       6139
      12359       5628
      12360       8865
      12361       7907
      12362       7363
      12363       6707
      12364      10403
      12365       9244
      12366       7899
      12367       6721
      12368       5311
      12369      11823
      12370       8961
      12371       8856
      12372       5322
      12373       8819
      12374       7389
      12375      13714
      12376      12959
      12377      12957
      12378      11934
      12379       7390
      12380       7326
      12381       7412
      12382       7325
      12383      10458
      12384       5323
      12385       6177
      12386      11646
      12387      11645
      12388      10522
      12389      10521
      12390      15459
      12391       6160
      12392      15820
      12393       6182
      12394      15551
      12395       5131
      12396      10416
      12397       6179
      12398      15996
      12399      16002
      12400      16010
      12401      15826
      12402      15825
      12403      15824
      12404       5135
      12405       6191
      12406       7688
      12407      16150
      12408       6476
      12409       6189
      12410       5145
      12411       5425
      12412       5146
      12413       5431
      12414       5143
      12415       5429
      12416       4565
      12417      11757
      12418      16022
      12419      16021
      12420       5276
      12421      16017
      12422      15835
      12423      15834
      12424      15833
      12425       4566
      12426       5306
      12427       4563
      12428       4489
      12429      14534
      12430       4426
      12431       4485
      12432       6706
      12433      13817
      12434       4468
      12435      14583
      12436       6207
      12437       3749
      12438       6384
      12439      15986
      12440      16153
      12441      15984
      12442      15815
      12443      15814
      12444      15556
      12445       3746
      12446      13720
      12447       6158
      12448       8874
      12449      15782
      12450      15988
      12451      10217
      12452       8604
      12453       8601
      12454       8596
      12455      15780
      12456      15775
      12457      15520
      12458      15519
      12459      13722
      12460       7411
      12461       9044
      12462       7719
      12463       7071
      12464       5872
      12465      10409
      12466       6364
      12467       8732
      12468       7718
      12469       6597
      12470       5560
      12471       3179
      12472       2757
      12473       3188
      12474       3187
      12475       3186
      12476       3185
      12477       7785
      12478       6622
      12479       5959
      12480       5557
      12481      12915
      12482       3748
      12483       3184
      12484       3740
      12485       3183
      12486       3739
      12487       3697
      12488       7789
      12489       7378
      12490       6138
      12491       5086
      12492       4425
      12493       3696
      12494      15501
      12495      15752
      12496      15494
      12497      15443
      12498      15083
      12499      15082
      12500       8955
      12501       4424
      12502       3694
      12503      11656
      12504       4428
      12505       3701
      12506       8864
      12507       7398
      12508       6717
      12509       5627
      12510       9067
      12511       3814
      12512       3700
      12513      15036
      12514      14600
      12515      14401
      12516      13870
      12517       8863
      12518       8833
      12519       7362
      12520       6705
      12521       3837
      12522       3245
      12523       4309
      12524       3584
      12525       7898
      12526       4308
      12527       3583
      12528       8855
      12529       7897
      12530       4306
      12531       3581
      12532       8832
      12533       8816
      12534       6704
      12535       4303
      12536       3580
      12537      10396
      12538      11782
      12539       4304
      12540       4287
      12541       7359
      12542       6100
      12543       4302
      12544       4295
      12545       8818
      12546       7388
      12547       4296
      12548       4294
      12549       4293
      12550       4292
      12551       7382
      12552       4291
      12553       4290
      12554       7324
      12555       5113
      12556       4278
      12557      10346
      12558      10457
      12559       5112
      12560       4277
      12561      15101
      12562      15500
      12563       6175
      12564       5642
      12565       4676
      12566       6124
      12567       6059
      12568       5078
      12569       7358
      12570       6094
      12571      11756
      12572       6176
      12573       6129
      12574       6093
      12575       6130
      12576       5625
      12577       6123
      12578       5305
      12579      13815
      12580       6178
      12581       5130
      12582       6190
      12583       9016
      12584       5132
      12585       6188
      12586       6383
      12587       5424
      12588       5144
      12589      14458
      12590      13869
      12591      13868
      12592      13057
      12593      14537
      12594      14539
      12595       5430
      12596      10408
      12597       5142
      12598       6194
      12599       5428
      12600       7896
      12601       7542
      12602       4558
      12603       6206
      12604      11822
      12605       5274
      12606      11644
      12607      11643
      12608      10524
      12609      10523
      12610      11650
      12611       4564
      12612      10284
      12613       5273
      12614      10495
      12615       4562
      12616       4487
      12617      10494
      12618       4423
      12619       4486
      12620       8873
      12621       7427
      12622      16149
      12623      11836
      12624      10395
      12625       8731
      12626       7560
      12627       4422
      12628       8843
      12629      12781
      12630      12780
      12631      11845
      12632      11841
      12633      10421
      12634       7559
      12635       3747
      12636       6351
      12637       3745
      12638       6327
      12639      10515
      12640       6363
      12641       8849
      12642      10216
      12643      10208
      12644      10207
      12645      10205
      12646      12793
      12647       8846
      12648      12790
      12649      10345
      12650       6475
      12651       7558
      12652       8688
      12653       9042
      12654       8600
      12655       7072
      12656       7070
      12657      15973
      12658       6378
      12659       8848
      12660       8730
      12661       7717
      12662       6599
      12663       5562
      12664       7549
      12665       7740
      12666       7205
      12667       6596
      12668       5559
      12669      12792
      12670       7373
      12671       6623
      12672       6119
      12673       5083
      12674      11781
      12675      11780
      12676       8845
      12677       7396
      12678       6137
      12679       5085
      12680      10402
      12681       8862
      12682       7397
      12683       7361
      12684       6104
      12685       6105
      12686      10401
      12687       8831
      12688       7356
      12689       6091
      12690       8854
      12691       7563
      12692       8817
      12693       7387
      12694       7381
      12695       7385
      12696      11821
      12697      10419
      12698       7380
      12699       5304
      12700       7311
      12701       6174
      12702       6205
      12703       6122
      12704       5233
      12705       6157
      12706       5129
      12707       7404
      12708       5235
      12709      14461
      12710      10411
      12711       8958
      12712       6326
      12713       5128
      12714       5164
      12715       7410
      12716      10493
      12717      13721
      12718       5148
      12719       4372
      12720      15087
      12721       5110
      12722       8870
      12723       4316
      12724       8869
      12725      13812
      12726       6156
      12727      12880
      12728       5427
      12729       4305
      12730       5272
      12731       5302
      12732       4275
      12733      10407
      12734       6382
      12735       5270
      12736       5292
      12737       4561
      12738      11779
      12739       4467
      12740       6187
      12741       7426
      12742       8951
      12743       4560
      12744       4464
      12745       6099
      12746       4421
      12747       8872
      12748       4445
      12749      11778
      12750       3737
      12751       5301
      12752       8954
      12753       3734
      12754       2752
      12755       3730
      12756       3178
      12757       2756
      12758      13811
      12759       3177
      12760       2755
      12761       3182
      12762       2754
      12763       3181
      12764       3180
      12765       7409
      12766      11720
      12767       3691
      12768       3176
      12769       6474
      12770       3695
      12771       3143
      12772      13806
      12773       3808
      12774       3693
      12775      11743
      12776       3811
      12777       3692
      12778      12873
      12779       3810
      12780       3699
      12781       8871
      12782       3813
      12783       3233
      12784       3812
      12785       3232
      12786      12779
      12787      12778
      12788      11844
      12789      11840
      12790      16012
      12791      14533
      12792       3805
      12793       3582
      12794       7562
      12795       3587
      12796       3044
      12797       4299
      12798       3576
      12799       4301
      12800       3579
      12801      10209
      12802       8599
      12803       8598
      12804       8595
      12805       4300
      12806       3578
      12807       4286
      12808       3577
      12809      15983
      12810      12948
      12811      12947
      12812       4285
      12813       3572
      12814       9041
      12815       7716
      12816       6594
      12817       5925
      12818       6172
      12819      10894
      12820      11832
      12821       4284
      12822       3571
      12823       5051
      12824       4276
      12825       5071
      12826       4261
      12827       7739
      12828       7204
      12829       6595
      12830       5558
      12831       5070
      12832       4260
      12833       7567
      12834       7557
      12835       6042
      12836       5057
      12837       6058
      12838       5077
      12839       7372
      12840       6620
      12841       5958
      12842       5556
      12843       8728
      12844       6127
      12845       5076
      12846       7357
      12847       6098
      12848       6128
      12849       6092
      12850       7377
      12851       7376
      12852       6136
      12853       5082
      12854       6362
      12855       6703
      12856       6097
      12857       8844
      12858       7395
      12859       6135
      12860       6103
      12861       8842
      12862       7371
      12863       7360
      12864       6102
      12865       7355
      12866       7354
      12867       8853
      12868       7386
      12869       8852
      12870      13713
      12871      12958
      12872      12956
      12873      12955
      12874      10394
      12875       8950
      12876       6377
      12877       8811
      12878       7384
      12879       7556
      12880      11649
      12881       8960
      12882       7379
      12883      11755
      12884      11642
      12885      11641
      12886      11640
      12887      10520
      12888       7310
      12889       8953
      12890       6147
      12891      10393
      12892       6121
      12893       6173
      12894       5291
      12895       6054
      12896       5303
      12897       5234
      12898       5300
      12899       8815
      12900      11716
      12901      11834
      12902       5127
      12903       7403
      12904       5163
      12905      15095
      12906       6350
      12907       5094
      12908       5141
      12909      10344
      12910       5109
      12911       8729
      12912       4371
      12913      10340
      12914       5108
      12915       4315
      12916       7353
      12917       5426
      12918       4298
      12919      10283
      12920      14530
      12921       5271
      12922       5297
      12923       6381
      12924       7408
      12925       4402
      12926       4466
      12927       6155
      12928      10400
      12929       4559
      12930       4463
      12931      12879
      12932       9015
      12933       8868
      12934       4420
      12935       4461
      12936       6101
      12937       7537
      12938      10304
      12939       4444
      12940       3736
      12941      10343
      12942      13718
      12943       6380
      12944       8835
      12945       3733
      12946      15972
      12947      12788
      12948      10406
      12949       7686
      12950       8687
      12951      11786
      12952      15499
      12953       3732
      12954      12892
      12955      12914
      12956       6376
      12957      10303
      12958       6159
      12959       6349
      12960      10342
      12961       8840
      12962      10405
      12963       9066
      12964      10454
      12965      10282
      12966      10206
      12967      10204
      12968       9071
      12969       8722
      12970       7200
      12971       7158
      12972       7068
      12973      12945
      12974       8727
      12975       7715
      12976       6593
      12977       5924
      12978       8959
      12979       7202
      12980       6108
      12981       5957
      12982       5555
      12983      10420
      12984       7402
      12985      12789
      12986       6375
      12987       7370
      12988       6118
      12989       6116
      12990       5066
      12991       6154
      12992       8839
      12993       7375
      12994       6114
      12995       5084
      12996       6090
      12997       6325
      12998      12791
      12999       8841
      13000       7394
      13001       7346
      13002       6085
      13003      10399
      13004       8830
      13005       7352
      13006       6089
      13007       8851
      13008      12872
      13009       8810
      13010      15037
      13011       7383
      13012       7323
      13013       7309
      13014       7320
      13015       8957
      13016       6057
      13017       6146
      13018       6348
      13019       6053
      13020       6145
      13021      14532
      13022       5095
      13023       5232
      13024      16001
      13025       7566
      13026      13719
      13027       5093
      13028      12777
      13029      12776
      13030      11839
      13031      11838
      13032       5162
      13033       5140
      13034       4370
      13035       5107
      13036       4314
      13037      11754
      13038       3150
      13039       2751
      13040       5258
      13041       3171
      13042       2750
      13043       4297
      13044       3173
      13045       2749
      13046       5262
      13047       3172
      13048       2753
      13049       3175
      13050       3141
      13051       4274
      13052       3674
      13053       3123
      13054       4452
      13055       3690
      13056       3142
      13057      10392
      13058       3807
      13059       3228
      13060       4401
      13061       3806
      13062       3230
      13063      11777
      13064       4460
      13065       5550
      13066       6569
      13067      10398
      13068       5299
      13069       3809
      13070       3231
      13071       3667
      13072       3118
      13073       4410
      13074       3575
      13075       3114
      13076       4462
      13077       3574
      13078       3226
      13079       3586
      13080       3043
      13081       4407
      13082       4443
      13083       3585
      13084       3042
      13085       3644
      13086       3104
      13087       8952
      13088       3643
      13089       3103
      13090       3729
      13091       4264
      13092       3570
      13093       4283
      13094       3569
      13095      14460
      13096       4282
      13097       4252
      13098       3731
      13099       5050
      13100       4258
      13101       5055
      13102       4257
      13103       5069
      13104       5037
      13105       3710
      13106       6153
      13107       6041
      13108       5056
      13109       7548
      13110       6040
      13111       5074
      13112       9062
      13113       7681
      13114       7685
      13115       6126
      13116       5075
      13117       7569
      13118       7351
      13119       7568
      13120       5296
      13121       6125
      13122       6073
      13123      12944
      13124      10456
      13125       8814
      13126       9061
      13127       7401
      13128      10281
      13129       8676
      13130       8597
      13131       8593
      13132       8813
      13133      10518
      13134       8726
      13135       7199
      13136       7157
      13137       5923
      13138      11639
      13139      11638
      13140      11637
      13141      10519
      13142       7339
      13143       6072
      13144       7203
      13145       6592
      13146       5554
      13147       5553
      13148       6152
      13149      11715
      13150      16152
      13151       7366
      13152       6107
      13153       5580
      13154       4982
      13155       6171
      13156      12891
      13157       7369
      13158       6117
      13159       6115
      13160       5081
      13161       5290
      13162       8838
      13163       7374
      13164       6134
      13165       6084
      13166       7554
      13167       8829
      13168       8826
      13169       7345
      13170       6083
      13171       7350
      13172       6088
      13173       7349
      13174      10404
      13175       8828
      13176       5289
      13177       8825
      13178       7687
      13179       8809
      13180      16148
      13181       7322
      13182       7348
      13183       7539
      13184       7541
      13185      10339
      13186       7319
      13187      14516
      13188       7318
      13189       7308
      13190       7407
      13191       6142
      13192      16147
      13193       5295
      13194       6056
      13195      16151
      13196       6144
      13197       6052
      13198       8725
      13199       5231
      13200       6324
      13201       5092
      13202       5126
      13203       8723
      13204       7547
      13205      10341
      13206       4465
      13207       4369
      13208       5111
      13209       6151
      13210       5104
      13211       4365
      13212      12787
      13213      12784
      13214      12775
      13215      11837
      13216       7546
      13217       5106
      13218       6347
      13219       4281
      13220      15798
      13221      11730
      13222      15799
      13223      16000
      13224      15819
      13225      15550
      13226      15548
      13227      15547
      13228       8837
      13229      12786
      13230       5257
      13231       4273
      13232       5288
      13233       5260
      13234      15806
      13235       5261
      13236       7536
      13237       4399
      13238       4451
      13239      11714
      13240       8686
      13241       4400
      13242       4459
      13243      15546
      13244      10302
      13245       6087
      13246       4406
      13247      16016
      13248       4437
      13249       4442
      13250       3717
      13251      15995
      13252      15994
      13253      10418
      13254      15965
      13255      15823
      13256      15822
      13257      15821
      13258       3728
      13259      15751
      13260       5287
      13261       3726
      13262       7565
      13263      10391
      13264      16015
      13265       3709
      13266      15544
      13267      10299
      13268       6346
      13269       8724
      13270       9449
      13271      10514
      13272      15982
      13273      16020
      13274       8949
      13275      16014
      13276      15816
      13277      15813
      13278      15555
      13279      10390
      13280       7555
      13281      10389
      13282      10280
      13283      10203
      13284      10202
      13285      10201
      13286       6345
      13287      11831
      13288       8721
      13289       8675
      13290       7156
      13291       7069
      13292       9057
      13293       8836
      13294       7201
      13295       6591
      13296       6590
      13297       5552
      13298       8834
      13299      16009
      13300       6344
      13301      10301
      13302       7196
      13303       5954
      13304       5932
      13305       4985
      13306      15981
      13307      15980
      13308      11776
      13309      15811
      13310      15774
      13311      15535
      13312      15518
      13313      13717
      13314       5286
      13315       7564
      13316       7540
      13317       7365
      13318       6112
      13319       5067
      13320       5065
      13321       7570
      13322       7406
      13323      11648
      13324      11647
      13325      11636
      13326      11635
      13327      14457
      13328       7368
      13329       6113
      13330       5080
      13331       5061
      13332       8804
      13333       7344
      13334       7343
      13335       6082
      13336      10397
      13337       8824
      13338       7337
      13339       6071
      13340       8827
      13341       8808
      13342       7347
      13343      15779
      13344       2738
      13345      15778
      13346      15746
      13347      15493
      13348      15490
      13349      15112
      13350       3164
      13351       2745
      13352       7321
      13353       3170
      13354       2747
      13355      13716
      13356      13712
      13357      13711
      13358      12954
      13359       5298
      13360       7307
      13361       3169
      13362       2743
      13363       3168
      13364       2746
      13365       7317
      13366       3167
      13367       3122
      13368       6055
      13369       3673
      13370       3121
      13371      11729
      13372       6143
      13373       3672
      13374       3227
      13375       3677
      13376       3127
      13377       6051
      13378       3665
      13379       3229
      13380       5230
      13381       3666
      13382       3117
      13383      13805
      13384       7561
      13385       3664
      13386       3113
      13387       5091
      13388       3566
      13389       3112
      13390       5228
      13391       7538
      13392       3573
      13393       3041
      13394       8812
      13395       3568
      13396       3096
      13397      10388
      13398      13810
      13399       6361
      13400       4368
      13401       3638
      13402       3102
      13403       5125
      13404      15100
      13405      15498
      13406      15458
      13407      15086
      13408      15005
      13409      14513
      13410       7553
      13411       6150
      13412       3641
      13413       3101
      13414       3642
      13415       3557
      13416       5103
      13417       4367
      13418       4263
      13419       3556
      13420      10510
      13421      14456
      13422      14454
      13423      13867
      13424      12960
      13425      11753
      13426       4262
      13427       4250
      13428       5049
      13429       4251
      13430       5105
      13431       4280
      13432       5048
      13433       4256
      13434       5054
      13435       4255
      13436       5053
      13437       4259
      13438       5256
      13439       8867
      13440       6039
      13441       5036
      13442       4271
      13443      10329
      13444       6038
      13445       5073
      13446       4409
      13447       6086
      13448       5072
      13449      12883
      13450       4272
      13451       4450
      13452       6323
      13453      14538
      13454      15098
      13455       4398
      13456      11830
      13457       3735
      13458      10386
      13459       3676
      13460       4458
      13461       7335
      13462       6069
      13463       6081
      13464       3716
      13465      10338
      13466       4441
      13467       6353
      13468       6334
      13469       7738
      13470       9014
      13471       3174
      13472       3725
      13473       7735
      13474       8806
      13475      12871
      13476       7338
      13477       3708
      13478      12887
      13479       7342
      13480       5252
      13481      11752
      13482       5284
      13483       7314
      13484      12785
      13485      12783
      13486      12774
      13487      12759
      13488       5259
      13489      11634
      13490      11633
      13491      11619
      13492      11618
      13493       5241
      13494       4456
      13495      10337
      13496      10279
      13497       8674
      13498       8594
      13499       8592
      13500       7684
      13501       8720
      13502       7198
      13503       7155
      13504       5922
      13505       5255
      13506       7197
      13507       5956
      13508       5935
      13509       5551
      13510       7733
      13511       8807
      13512       7364
      13513       6106
      13514       5931
      13515       4984
      13516       6343
      13517       7367
      13518       6111
      13519       6027
      13520       5029
      13521       5124
      13522       8803
      13523       7300
      13524       6079
      13525       5060
      13526       8823
      13527       7341
      13528       7340
      13529       6080
      13530       6070
      13531       7336
      13532       8822
      13533      11713
      13534       7334
      13535       6067
      13536       8821
      13537      10278
      13538       8799
      13539       4457
      13540       4440
      13541      11742
      13542       7316
      13543       7306
      13544       5285
      13545       7292
      13546      10385
      13547       6322
      13548       7400
      13549      10387
      13550       7315
      13551       6037
      13552       6050
      13553      12886
      13554       6048
      13555       5226
      13556       6342
      13557       4455
      13558       5294
      13559       4449
      13560      10300
      13561       5047
      13562       5229
      13563      13823
      13564      13822
      13565       7405
      13566       5044
      13567       4439
      13568       5098
      13569       8956
      13570       5102
      13571       4366
      13572       4387
      13573       4364
      13574       4397
      13575       5251
      13576       4270
      13577       7741
      13578       8716
      13579       8718
      13580       4408
      13581       3656
      13582       4438
      13583       8685
      13584       4405
      13585      13814
      13586       3663
      13587      14529
      13588       3720
      13589       3675
      13590       3727
      13591      10336
      13592       7545
      13593      12878
      13594       3671
      13595       3724
      13596      13803
      13597       3707
      13598       3160
      13599       8719
      13600       3166
      13601      11775
      13602       3163
      13603       3149
      13604       4436
      13605       8684
      13606      11712
      13607      15497
      13608      15094
      13609      10277
      13610      10200
      13611      10199
      13612      10195
      13613      12773
      13614      12761
      13615      12760
      13616      12758
      13617       8673
      13618       7154
      13619       3148
      13620       2384
      13621       7153
      13622       7067
      13623       3147
      13624       2744
      13625       3162
      13626       2742
      13627       5254
      13628       2741
      13629       2740
      13630       8665
      13631       7195
      13632       5955
      13633       5921
      13634       2748
      13635       2739
      13636       3158
      13637       3120
      13638       3157
      13639       2800
      13640       7168
      13641       7165
      13642       5934
      13643       4983
      13644       3126
      13645       2799
      13646       3125
      13647       3124
      13648       7333
      13649       6066
      13650       3662
      13651       3116
      13652       7191
      13653       6110
      13654       5930
      13655       4981
      13656      10298
      13657       3115
      13658       3111
      13659       3565
      13660       3110
      13661       6076
      13662       3564
      13663       3037
      13664       7298
      13665       7297
      13666       6030
      13667       5028
      13668       3563
      13669       3040
      13670       3567
      13671       3095
      13672       3637
      13673       3100
      13674       8802
      13675       7299
      13676       6078
      13677       6077
      13678       3640
      13679       3099
      13680      10375
      13681       8820
      13682       7330
      13683       6062
      13684       3639
      13685       3552
      13686      10507
      13687       6148
      13688      10381
      13689       4242
      13690       3555
      13691       8798
      13692       4249
      13693       4248
      13694       6333
      13695       8801
      13696       4247
      13697       4246
      13698       7332
      13699       7305
      13700       5046
      13701       4245
      13702      15093
      13703       5045
      13704       4254
      13705       5052
      13706       4253
      13707      11774
      13708       7304
      13709       6068
      13710       5063
      13711       6025
      13712       5035
      13713       7289
      13714       6036
      13715       5062
      13716       6049
      13717       6035
      13718       5240
      13719       8714
      13720       6047
      13721      11728
      13722       6034
      13723       5225
      13724       8789
      13725       5043
      13726       5227
      13727      10328
      13728       4362
      13729       4279
      13730       6321
      13731       6566
      13732       6568
      13733       4380
      13734       4363
      13735       4388
      13736      15999
      13737       4267
      13738       7552
      13739       4396
      13740       3649
      13741       4404
      13742       3655
      13743      10384
      13744       3715
      13745      12868
      13746       3661
      13747       3719
      13748       6565
      13749       5101
      13750      10327
      13751       7331
      13752       3670
      13753       3723
      13754       6149
      13755       6065
      13756       3156
      13757       3706
      13758      10374
      13759       4454
      13760       3159
      13761       6340
      13762       3161
      13763      11828
      13764       4448
      13765       3146
      13766       8805
      13767       7329
      13768       5239
      13769      13715
      13770      11632
      13771      11631
      13772      11629
      13773      11617
      13774       5576
      13775       3722
      13776      11827
      13777      11829
      13778       5100
      13779       8797
      13780       5250
      13781      10276
      13782       8672
      13783       8591
      13784       8590
      13785      15035
      13786      13710
      13787      13706
      13788      13705
      13789      12847
      13790       4447
      13791       7313
      13792       8669
      13793       7152
      13794      10383
      13795       7064
      13796       7063
      13797       8680
      13798       7166
      13799       5933
      13800       5000
      13801       9070
      13802      11719
      13803       7190
      13804       7164
      13805       5929
      13806       4980
      13807       7194
      13808       6109
      13809       5064
      13810       4978
      13811       7535
      13812       7272
      13813       6064
      13814       7296
      13815       7295
      13816       6029
      13817       5996
      13818       8779
      13819       7328
      13820       6075
      13821       6074
      13822       4395
      13823       7327
      13824       4434
      13825       8796
      13826       6332
      13827       8778
      13828      13802
      13829       6061
      13830       8795
      13831      11710
      13832       7291
      13833       3704
      13834      15091
      13835       7288
      13836       7303
      13837       9056
      13838       6032
      13839       5253
      13840       6046
      13841       6033
      13842       8948
      13843       5224
      13844      10273
      13845       5269
      13846       5042
      13847       4446
      13848       6141
      13849       5223
      13850      10380
      13851       4394
      13852       4361
      13853       5097
      13854      10275
      13855      12767
      13856       4379
      13857       4360
      13858       8683
      13859      10335
      13860       4376
      13861       4266
      13862       4435
      13863       6352
      13864       7534
      13865       3660
      13866       6609
      13867       3648
      13868      11773
      13869       5238
      13870       4393
      13871       4403
      13872       3646
      13873       3714
      13874       3501
      13875       9055
      13876       3712
      13877      10269
      13878       6339
      13879       3658
      13880       3165
      13881      10379
      13882       8715
      13883       3155
      13884      15496
      13885       6610
      13886       3703
      13887      15998
      13888       3145
      13889       3154
      13890      14528
      13891       4433
      13892       2726
      13893       2383
      13894       2737
      13895       2382
      13896       3152
      13897      10382
      13898       2736
      13899       2735
      13900       3705
      13901       2733
      13902       2381
      13903      13804
      13904       2734
      13905       2719
      13906      13813
      13907       3144
      13908       2732
      13909       2731
      13910       3012
      13911       2730
      13912       3119
      13913       2721
      13914       3137
      13915       3109
      13916       2720
      13917       3108
      13918       3014
      13919       3498
      13920       3036
      13921       3497
      13922       3488
      13923       3487
      13924       3486
      13925       3560
      13926       3039
      13927       8800
      13928       5578
      13929       3559
      13930       3038
      13931       8788
      13932       4453
      13933       3636
      13934       3098
      13935      10297
      13936       7731
      13937       3635
      13938       3097
      13939       3634
      13940       3551
      13941       6341
      13942      10294
      13943       3853
      13944       3553
      13945      10198
      13946      10197
      13947      10196
      13948      10190
      13949      11625
      13950       4241
      13951       3554
      13952       5020
      13953       4244
      13954       5031
      13955       4243
      13956       8671
      13957       8589
      13958       8587
      13959       8586
      13960       5033
      13961       4238
      13962       5249
      13963       5032
      13964       5025
      13965       6024
      13966       5034
      13967       8664
      13968       7149
      13969       5920
      13970       5871
      13971      12772
      13972      12771
      13973      12757
      13974      12756
      13975       6023
      13976       5059
      13977      14524
      13978      10293
      13979       8679
      13980       7163
      13981       5928
      13982       5868
      13983      13798
      13984       7271
      13985       6063
      13986       7193
      13987       5953
      13988       5926
      13989       4979
      13990       5263
      13991       6005
      13992       7294
      13993       6028
      13994       5027
      13995       5007
      13996       3721
      13997       8792
      13998      15964
      13999      10373
      14000       8777
      14001       7269
      14002       6060
      14003       8772
      14004       7261
      14005       7256
      14006       5995
      14007       7270
      14008       8794
      14009       5248
      14010       8793
      14011       6330
      14012       7287
      14013       7290
      14014      11725
      14015       7302
      14016       7239
      14017       7301
      14018       6045
      14019       6031
      14020       5090
      14021      10326
      14022       4386
      14023       6016
      14024       5222
      14025       7312
      14026       4656
      14027       5096
      14028       4359
      14029       4269
      14030       6608
      14031       5575
      14032      12766
      14033      12870
      14034       8775
      14035       4378
      14036       4265
      14037      11727
      14038       4156
      14039       3854
      14040       3659
      14041       3645
      14042       7736
      14043       6331
      14044      11630
      14045      11628
      14046      11616
      14047      11615
      14048       3669
      14049       4152
      14050       3713
      14051       3500
      14052       8786
      14053       4377
      14054       3711
      14055       3490
      14056       5268
      14057       3685
      14058       6004
      14059      10372
      14060       3153
      14061       3684
      14062       6567
      14063      10506
      14064       3151
      14065       6360
      14066       4391
      14067       4392
      14068       3138
      14069       5574
      14070      15793
      14071      11726
      14072      15538
      14073       6359
      14074      16013
      14075       3136
      14076       7268
      14077       5099
      14078       3718
      14079      15797
      14080      15796
      14081      15805
      14082      15545
      14083      15543
      14084      15542
      14085       7533
      14086      13816
      14087       7730
      14088      12885
      14089      10378
      14090      10194
      14091      10189
      14092      10188
      14093      10185
      14094      13801
      14095       5577
      14096      15818
      14097      15976
      14098       8668
      14099       7151
      14100       7066
      14101       7065
      14102      15812
      14103      15554
      14104      15553
      14105      15552
      14106      12869
      14107      14453
      14108      14452
      14109      13787
      14110      12846
      14111       8678
      14112       7162
      14113       7055
      14114       5870
      14115      15457
      14116      15137
      14117       4385
      14118       7189
      14119       7161
      14120       5927
      14121       5867
      14122      11722
      14123       7192
      14124       5952
      14125       5918
      14126       4977
      14127      11741
      14128       7251
      14129       5986
      14130       8776
      14131       8769
      14132       7255
      14133       5994
      14134       7293
      14135       7260
      14136       6026
      14137       5993
      14138      14527
      14139       7267
      14140       7551
      14141       6338
      14142      15979
      14143      15978
      14144       8790
      14145      10509
      14146      15810
      14147      15773
      14148      15536
      14149      15534
      14150       6003
      14151       8774
      14152       8764
      14153      10296
      14154      14526
      14155       7683
      14156       8768
      14157       7286
      14158       7238
      14159      10291
      14160       6329
      14161      12884
      14162       4384
      14163       8713
      14164       7281
      14165       4390
      14166       6021
      14167       5041
      14168      11826
      14169       7550
      14170       6015
      14171       5040
      14172      15777
      14173      15971
      14174       8682
      14175       5021
      14176      15772
      14177      15531
      14178      15489
      14179      15127
      14180       4660
      14181      10371
      14182      14455
      14183       4655
      14184       4658
      14185       6354
      14186      11711
      14187       5247
      14188       3647
      14189      13800
      14190       4240
      14191      11709
      14192       4154
      14193       2725
      14194       2640
      14195       8947
      14196       2723
      14197       2724
      14198       2380
      14199       4416
      14200       3855
      14201       2728
      14202       2643
      14203      10377
      14204       2727
      14205       2645
      14206       4155
      14207       2729
      14208       2647
      14209       3562
      14210       3011
      14211       2646
      14212       7732
      14213       3018
      14214       3010
      14215      10268
      14216       4143
      14217       3482
      14218       3009
      14219      15492
      14220      15491
      14221      15456
      14222      15442
      14223      15085
      14224      15081
      14225      15750
      14226       4151
      14227       8791
      14228       3494
      14229       3013
      14230      10274
      14231       3496
      14232       3035
      14233       3668
      14234      15034
      14235      14515
      14236      14400
      14237      13784
      14238       3495
      14239       3485
      14240      10272
      14241       4150
      14242       4140
      14243       3484
      14244       3654
      14245       3491
      14246       3483
      14247       3852
      14248       3550
      14249       3547
      14250       3546
      14251       6044
      14252       3499
      14253       3545
      14254       3544
      14255       3633
      14256       3549
      14257       3680
      14258       3558
      14259       3548
      14260       8785
      14261       9060
      14262       3489
      14263       5267
      14264       4228
      14265       4227
      14266       3683
      14267       4234
      14268       4233
      14269       5019
      14270       4236
      14271       3106
      14272       5018
      14273       4237
      14274      13709
      14275      13704
      14276      13703
      14277      12845
      14278       7282
      14279       5030
      14280       5005
      14281      15028
      14282      15097
      14283       7266
      14284       5975
      14285       5024
      14286       3134
      14287       5974
      14288       5003
      14289      15997
      14290       3135
      14291       5573
      14292      12882
      14293       4389
      14294       4892
      14295       6022
      14296       5058
      14297      13708
      14298      13821
      14299      14536
      14300      12770
      14301      12755
      14302      12754
      14303      11674
      14304      12769
      14305      11627
      14306      11614
      14307      11613
      14308      10223
      14309       7264
      14310       4419
      14311       4375
      14312       8670
      14313       8658
      14314       8588
      14315       8584
      14316       7544
      14317       6328
      14318      10267
      14319       8663
      14320       7148
      14321       7054
      14322       5919
      14323       7250
      14324       5985
      14325       6043
      14326       8660
      14327       7160
      14328       7053
      14329       5869
      14330       7188
      14331       7146
      14332       5917
      14333       5866
      14334       5237
      14335       7263
      14336       6000
      14337       5026
      14338       5006
      14339       5991
      14340      10370
      14341       8767
      14342       7247
      14343       6002
      14344       8771
      14345       7265
      14346       7254
      14347       5992
      14348      11707
      14349      10292
      14350       8763
      14351      10266
      14352       7285
      14353       7249
      14354       6358
      14355       7280
      14356       3702
      14357       8784
      14358       6020
      14359       5246
      14360       6017
      14361       6014
      14362       6357
      14363       6320
      14364       5570
      14365      10369
      14366       5245
      14367       4659
      14368       6010
      14369       4145
      14370       5039
      14371       4268
      14372       4654
      14373       8773
      14374       4891
      14375       4239
      14376       4383
      14377       5572
      14378       4187
      14379      10251
      14380      14531
      14381       4889
      14382       3561
      14383       4418
      14384       4153
      14385       4144
      14386       6319
      14387       4142
      14388       9054
      14389       9065
      14390       9064
      14391       4149
      14392       4374
      14393       4148
      14394       3653
      14395       5947
      14396       6356
      14397       5946
      14398       3652
      14399       5984
      14400       3515
      14401       3682
      14402       3107
      14403       3129
      14404       3133
      14405       3139
      14406      10505
      14407       3132
      14408       7253
      14409       3689
      14410       4415
      14411       5861
      14412      10376
      14413       3687
      14414      10262
      14415      10187
      14416      10186
      14417      10184
      14418       8783
      14419       8667
      14420       7150
      14421       7147
      14422       7062
      14423       4995
      14424       7532
      14425       8662
      14426       8556
      14427       7060
      14428       7059
      14429       4226
      14430       4225
      14431       6337
      14432       8656
      14433       7145
      14434       7052
      14435       7051
      14436       6001
      14437       5983
      14438       7680
      14439       7682
      14440       7167
      14441       5999
      14442       5916
      14443       5912
      14444      10295
      14445       6607
      14446       8770
      14447       7259
      14448       7252
      14449       5990
      14450       8756
      14451       7227
      14452       5989
      14453       5914
      14454       7246
      14455       4411
      14456       8766
      14457       5266
      14458       7236
      14459       3543
      14460       3542
      14461       4219
      14462       4213
      14463       7185
      14464       4230
      14465       8762
      14466       3027
      14467       3024
      14468       3016
      14469       2644
      14470       3031
      14471       3030
      14472      15092
      14473       6013
      14474       3034
      14475       3033
      14476       7279
      14477       4205
      14478      11703
      14479       3032
      14480       3029
      14481      11626
      14482      11624
      14483      11621
      14484      11612
      14485       3481
      14486       3028
      14487       8787
      14488      12900
      14489      12899
      14490       5244
      14491       4139
      14492       3541
      14493       3015
      14494       2642
      14495       5265
      14496       2722
      14497       2641
      14498       3492
      14499       3017
      14500       4417
      14501       3493
      14502       3480
      14503      10513
      14504      10512
      14505       7278
      14506       3539
      14507       3538
      14508       5569
      14509       4138
      14510       3540
      14511       4224
      14512       4223
      14513       4657
      14514       6009
      14515       9059
      14516       5038
      14517       5014
      14518       5857
      14519       5236
      14520       7729
      14521       4222
      14522       4221
      14523       4218
      14524       4212
      14525      13799
      14526       4653
      14527       4220
      14528      11706
      14529      15136
      14530       4976
      14531       4975
      14532       7248
      14533       5013
      14534       4974
      14535      11708
      14536       5012
      14537       4232
      14538      12866
      14539       5017
      14540       4235
      14541      10287
      14542       5016
      14543       5004
      14544       5022
      14545       5002
      14546       7184
      14547       7543
      14548      12865
      14549       4997
      14550       3688
      14551       5973
      14552       5023
      14553       4204
      14554       4883
      14555       4888
      14556      10265
      14557       4141
      14558       9058
      14559       7245
      14560       4882
      14561       4887
      14562       7283
      14563       4890
      14564       4217
      14565       3657
      14566       8681
      14567       6018
      14568       5982
      14569       5981
      14570       4147
      14571       6336
      14572       4137
      14573       3140
      14574       7284
      14575       4886
      14576       3679
      14577       5988
      14578       3514
      14579       8710
      14580       3681
      14581      10271
      14582      10254
      14583       8655
      14584       4373
      14585      12890
      14586       3105
      14587      12768
      14588      12764
      14589      12753
      14590      12751
      14591      10511
      14592       3128
      14593       6318
      14594       3131
      14595       7237
      14596      11733
      14597       4203
      14598       8782
      14599      10270
      14600       9053
      14601       7277
      14602      10259
      14603       8657
      14604       8585
      14605       8583
      14606      10264
      14607      15749
      14608       8543
      14609       5826
      14610       8781
      14611      10261
      14612      10193
      14613      10192
      14614      10191
      14615       8661
      14616       8555
      14617       8554
      14618       7058
      14619       6355
      14620       5242
      14621       5566
      14622       5243
      14623       5571
      14624       4382
      14625       6335
      14626       8659
      14627       8557
      14628       8550
      14629       7057
      14630       6019
      14631      12889
      14632       7144
      14633       7143
      14634       7050
      14635       7049
      14636       5979
      14637       8755
      14638       7258
      14639       5998
      14640       5987
      14641       7262
      14642       7139
      14643       5969
      14644       5915
      14645       4229
      14646       6317
      14647      10368
      14648       8765
      14649       7243
      14650       5978
      14651       8761
      14652       7734
      14653       7235
      14654       6008
      14655       4929
      14656       7276
      14657       4231
      14658      11697
      14659       4414
      14660       6012
      14661       6007
      14662      10367
      14663       4878
      14664       5568
      14665       4381
      14666      11740
      14667       5011
      14668      11696
      14669       4216
      14670       4211
      14671       4999
      14672       4215
      14673       3686
      14674       4928
      14675      13688
      14676      13797
      14677       4885
      14678       4146
      14679       4881
      14680       4877
      14681       5221
      14682      10290
      14683       4180
      14684       4185
      14685       7183
      14686       4880
      14687       3650
      14688       4214
      14689      13707
      14690      13702
      14691      13701
      14692      12844
      14693       4973
      14694       4972
      14695       3517
      14696       3513
      14697       6606
      14698       3537
      14699       3533
      14700       5825
      14701       3512
      14702       4202
      14703       4131
      14704       3510
      14705       4926
      14706      14446
      14707       3503
      14708       3678
      14709       7242
      14710       3130
      14711      13796
      14712       8666
      14713       8562
      14714       8561
      14715       7061
      14716       4210
      14717       4209
      14718       4927
      14719      10260
      14720      10177
      14721      10176
      14722      10174
      14723       6605
      14724      14445
      14725       3536
      14726       3532
      14727      12864
      14728      11623
      14729      11622
      14730      11620
      14731      11611
      14732       4135
      14733       3479
      14734      12765
      14735       3535
      14736       3531
      14737       5944
      14738       3530
      14739       3529
      14740       4970
      14741       4969
      14742       3022
      14743       3020
      14744       4988
      14745       4987
      14746       4136
      14747       4134
      14748       3026
      14749       3025
      14750       4130
      14751       3504
      14752      13809
      14753       4208
      14754       4207
      14755       6011
      14756      10156
      14757      10155
      14758       8581
      14759       8580
      14760       7244
      14761       5945
      14762      15977
      14763       3508
      14764       4965
      14765       4964
      14766       3502
      14767       3023
      14768       4996
      14769       4963
      14770       4958
      14771       4884
      14772       7159
      14773       7142
      14774       7141
      14775       7127
      14776       8754
      14777       8760
      14778       7257
      14779       5997
      14780       5913
      14781       8753
      14782       7226
      14783       7138
      14784       7137
      14785       5015
      14786       4993
      14787       5977
      14788       4949
      14789       7241
      14790       8654
      14791       8553
      14792       8549
      14793       7056
      14794       4947
      14795       8759
      14796       5010
      14797       4989
      14798      11724
      14799       8758
      14800      10253
      14801       7240
      14802       5941
      14803       4992
      14804       7233
      14805       5971
      14806       5972
      14807       5910
      14808       7275
      14809       4943
      14810       5980
      14811       5911
      14812       7224
      14813       4994
      14814       5976
      14815      12877
      14816      12867
      14817       5008
      14818      10325
      14819       4998
      14820       8538
      14821       4937
      14822      12858
      14823       6006
      14824      11721
      14825       5567
      14826       4173
      14827       5009
      14828       5824
      14829       4917
      14830      15970
      14831      15963
      14832       4942
      14833      11723
      14834      11702
      14835       8751
      14836       8677
      14837       7234
      14838       5565
      14839       4879
      14840       5823
      14841       7176
      14842       4876
      14843       4184
      14844      11705
      14845      10319
      14846       4413
      14847       3651
      14848      10250
      14849      10289
      14850      10154
      14851      10153
      14852       8579
      14853       8578
      14854       3516
      14855       4941
      14856       5839
      14857       7046
      14858      11701
      14859       3534
      14860       4189
      14861       3505
      14862      10257
      14863       5264
      14864       5858
      14865       3511
      14866      11704
      14867       4950
      14868       8653
      14869       3507
      14870       7187
      14871       4968
      14872       4166
      14873       8750
      14874      10258
      14875      10161
      14876      10158
      14877       8582
      14878       5860
      14879       6604
      14880      10263
      14881       3528
      14882      14525
      14883       4924
      14884       4175
      14885       8552
      14886       8551
      14887       8548
      14888       7126
      14889      10252
      14890      10286
      14891       7274
      14892       4944
      14893      12763
      14894      12762
      14895      12752
      14896      12750
      14897       5906
      14898       4971
      14899      15792
      14900      15795
      14901       4939
      14902      15804
      14903      15522
      14904      15135
      14905      15134
      14906       8780
      14907      11610
      14908      11606
      14909      11605
      14910      10222
      14911      10366
      14912       5859
      14913      15960
      14914       4962
      14915      15517
      14916       8752
      14917       7225
      14918       7136
      14919       7135
      14920      10508
      14921      15524
      14922       4945
      14923       5854
      14924      11750
      14925       4967
      14926       4966
      14927      14523
      14928      15788
      14929      15791
      14930       4957
      14931       4954
      14932      15728
      14933      15541
      14934      15540
      14935      15539
      14936      12881
      14937       8705
      14938       7273
      14939       8650
      14940       8645
      14941       7140
      14942       7125
      14943       7182
      14944      10318
      14945       8757
      14946       7230
      14947       5970
      14948       4915
      14949       5940
      14950       5863
      14951       4961
      14952       3021
      14953       3019
      14954       7223
      14955       4925
      14956       7728
      14957       4188
      14958       4172
      14959      10256
      14960      10157
      14961      10150
      14962       8577
      14963       4875
      14964       5950
      14965       4948
      14966       5951
      14967      15771
      14968      15817
      14969      10285
      14970      15809
      14971      15808
      14972      15533
      14973      15140
      14974       4186
      14975       3527
      14976       3526
      14977       5893
      14978      12863
      14979      15031
      14980       5822
      14981       4908
      14982      11593
      14983      10183
      14984      10175
      14985      10173
      14986       4874
      14987       4133
      14988       7174
      14989      10317
      14990       8711
      14991       4940
      14992       7041
      14993      15770
      14994      15969
      14995      15741
      14996      15530
      14997      15488
      14998      15126
      14999       4183
      15000       4182
      15001      15090
      15002       4165
      15003       5856
      15004      10152
      15005      10151
      15006      10148
      15007       8576
      15008       4179
      15009       5821
      15010       7181
      15011       5850
      15012       4936
      15013       7124
      15014       4178
      15015       4956
      15016       5862
      15017      15968
      15018       4870
      15019       4132
      15020      15745
      15021      15744
      15022      15740
      15023      15436
      15024      15121
      15025      15080
      15026       3524
      15027       3523
      15028       4163
      15029       5937
      15030       4991
      15031       4159
      15032       5892
      15033       3525
      15034       7123
      15035      15794
      15036       4162
      15037       4160
      15038       5891
      15039       8712
      15040       7229
      15041       5889
      15042      11695
      15043       5888
      15044       4873
      15045       4872
      15046       4930
      15047       7222
      15048       3506
      15049       7232
      15050      15033
      15051      15032
      15052      14514
      15053      14512
      15054      15084
      15055      15454
      15056      10324
      15057       5819
      15058       4201
      15059       4200
      15060       5865
      15061       7113
      15062       7104
      15063      10288
      15064      15962
      15065       5949
      15066       7040
      15067       5820
      15068       5939
      15069       4990
      15070       7112
      15071       7103
      15072       7111
      15073       5909
      15074       7036
      15075      11592
      15076      10182
      15077      10181
      15078       8607
      15079       4938
      15080       5887
      15081       4199
      15082       4190
      15083       5943
      15084       5905
      15085       5903
      15086       4920
      15087      14439
      15088      14535
      15089       3521
      15090       3520
      15091       5936
      15092       4986
      15093      14451
      15094      14450
      15095      13786
      15096      12843
      15097       4955
      15098       4953
      15099       7175
      15100       7231
      15101       8703
      15102       8700
      15103       7177
      15104       7132
      15105       4181
      15106      15089
      15107       4946
      15108       7221
      15109       8702
      15110       8644
      15111       8643
      15112       7134
      15113       7228
      15114       4174
      15115       4164
      15116       8704
      15117       8652
      15118       8651
      15119       8639
      15120       8547
      15121       5853
      15122       4177
      15123       5886
      15124       5890
      15125       3509
      15126      12862
      15127       7122
      15128       7108
      15129       5902
      15130       5901
      15131       4171
      15132       4412
      15133       7039
      15134       7026
      15135       5864
      15136       8749
      15137       5885
      15138      10316
      15139       4168
      15140       5938
      15141       4907
      15142       8748
      15143       5884
      15144       7048
      15145      11587
      15146      11586
      15147       4169
      15148      10180
      15149      10172
      15150       5879
      15151       4960
      15152       4902
      15153      12749
      15154      12746
      15155      12745
      15156      11672
      15157       8701
      15158       8649
      15159       8642
      15160       7133
      15161       7186
      15162       5881
      15163       4906
      15164      10149
      15165      10147
      15166      10146
      15167       8575
      15168       4158
      15169       5878
      15170      11585
      15171      11584
      15172      10179
      15173      10171
      15174       4916
      15175       9063
      15176      10306
      15177       4959
      15178       4912
      15179       5847
      15180       5877
      15181       5876
      15182      10247
      15183      10255
      15184      13808
      15185      15967
      15186       7737
      15187       8537
      15188      12898
      15189      13820
      15190       8542
      15191       5942
      15192      11699
      15193       4901
      15194       4161
      15195      12736
      15196       5882
      15197      10322
      15198       5948
      15199      15455
      15200       7173
      15201      13700
      15202       5880
      15203      11739
      15204       7038
      15205      10249
      15206       4170
      15207      14521
      15208       7019
      15209       7043
      15210       5883
      15211       4157
      15212       3522
      15213      11690
      15214       4922
      15215       7131
      15216      11700
      15217       3519
      15218       3518
      15219       8693
      15220       4905
      15221      11718
      15222      10504
      15223       4900
      15224      13699
      15225      13698
      15226      12842
      15227      11673
      15228      11609
      15229      11608
      15230      11604
      15231      10221
      15232      10315
      15233       8699
      15234       8636
      15235       7121
      15236       4919
      15237       8541
      15238       7120
      15239      12861
      15240       4911
      15241      11694
      15242       7118
      15243       7107
      15244       4923
      15245       7012
      15246       5818
      15247       7087
      15248      13795
      15249       4198
      15250       8696
      15251       8709
      15252      11738
      15253      11693
      15254       7016
      15255       8695
      15256       7047
      15257      10133
      15258       4176
      15259      15133
      15260       7085
      15261      10314
      15262       8635
      15263      10313
      15264       8634
      15265       4904
      15266      14520
      15267       5838
      15268      13819
      15269       5855
      15270      12897
      15271       8708
      15272       7171
      15273       4197
      15274       7086
      15275       7172
      15276      12860
      15277       7045
      15278       4196
      15279       4195
      15280       7110
      15281       7102
      15282       5815
      15283       4871
      15284       7023
      15285      11689
      15286      10323
      15287       7098
      15288       5907
      15289      10246
      15290       8698
      15291       8641
      15292       7130
      15293      13794
      15294       7035
      15295       7084
      15296       5852
      15297       5900
      15298       5899
      15299      10245
      15300      10240
      15301       8640
      15302       8573
      15303       8633
      15304       8694
      15305       4899
      15306       4206
      15307      11749
      15308      11747
      15309       5817
      15310       8697
      15311       4167
      15312       8628
      15313      11737
      15314       7011
      15315       7180
      15316       8627
      15317       7106
      15318       5846
      15319       7129
      15320       5898
      15321       8626
      15322       7101
      15323       5897
      15324       7179
      15325       8706
      15326       4897
      15327       7119
      15328      10312
      15329       4914
      15330       5841
      15331       7083
      15332       7025
      15333       9052
      15334       7034
      15335       4903
      15336       7109
      15337       5908
      15338      12876
      15339       4194
      15340       4193
      15341       4910
      15342       7044
      15343      15975
      15344       5834
      15345       7178
      15346       5851
      15347       5835
      15348      13793
      15349      11736
      15350       8533
      15351       7082
      15352      10248
      15353      10239
      15354      10145
      15355       8574
      15356      15088
      15357       7008
      15358       4913
      15359       4909
      15360       7010
      15361      10310
      15362       7081
      15363      10311
      15364      10237
      15365       8632
      15366       7117
      15367      12875
      15368       7169
      15369       5849
      15370       5840
      15371      15790
      15372      10309
      15373       7095
      15374       5904
      15375       5816
      15376       4952
      15377       5845
      15378      12857
      15379      11583
      15380      11582
      15381      10178
      15382      10170
      15383       7170
      15384       4921
      15385      14444
      15386       5837
      15387       8631
      15388       7037
      15389       8515
      15390      14522
      15391       7033
      15392      10321
      15393       8692
      15394       5844
      15395      11698
      15396      11732
      15397       8638
      15398       4918
      15399       7080
      15400      13807
      15401      14565
      15402      15515
      15403       7009
      15404      15516
      15405      15764
      15406      15727
      15407      15523
      15408      15132
      15409      15131
      15410      15453
      15411       4935
      15412       4933
      15413      14443
      15414      15521
      15415      15537
      15416      15767
      15417      15720
      15418      15532
      15419      15139
      15420      15138
      15421      10333
      15422      11745
      15423       4192
      15424       4191
      15425       7079
      15426      15769
      15427      15768
      15428      15734
      15429      15529
      15430      15526
      15431      15128
      15432      13687
      15433       8614
      15434      12859
      15435      11688
      15436      15743
      15437      15742
      15438      15739
      15439      15438
      15440      15120
      15441      15079
      15442       7094
      15443       5896
      15444      15974
      15445      15763
      15446      15441
      15447      15452
      15448      15450
      15449      15435
      15450      15001
      15451      14510
      15452       4898
      15453      13697
      15454      13695
      15455      13694
      15456      12841
      15457       7007
      15458       8625
      15459       7100
      15460       8707
      15461      14449
      15462      14448
      15463      13785
      15464      13783
      15465       7128
      15466       8691
      15467      14511
      15468      15027
      15469       7116
      15470      12854
      15471      10236
      15472      12730
      15473      11607
      15474      11603
      15475      11602
      15476      13680
      15477      13818
      15478      12748
      15479      12747
      15480      12744
      15481      11671
      15482      11692
      15483      15807
      15484       7042
      15485       7032
      15486      10235
      15487       8624
      15488       7105
      15489      14519
      15490      15451
      15491      15030
      15492       8613
      15493      10244
      15494      10238
      15495       8637
      15496       8572
      15497       8612
      15498       8536
      15499       8690
      15500      13686
      15501       8534
      15502      10128
      15503       8521
      15504       8520
      15505       8532
      15506      10132
      15507      11680
      15508       8630
      15509       8540
      15510       5814
      15511       4951
      15512       8623
      15513       7031
      15514       5848
      15515       7093
      15516      11686
      15517      10243
      15518      10169
      15519      10163
      15520       7006
      15521      15966
      15522       8531
      15523       8539
      15524       8509
      15525      10331
      15526      10332
      15527      11748
      15528      12896
      15529      10320
      15530       4896
      15531       5831
      15532       7030
      15533      10131
      15534      12888
      15535      11679
      15536      13678
      15537       7099
      15538       7092
      15539       8530
      15540       5833
      15541       4934
      15542       4932
      15543       8508
      15544       5832
      15545       8526
      15546      15748
      15547      10308
      15548       8689
      15549       8648
      15550       5843
      15551      14436
      15552      12853
      15553      10228
      15554       7015
      15555       5836
      15556      15961
      15557       8529
      15558      14518
      15559      14442
      15560       7024
      15561      15738
      15562      11560
      15563       7115
      15564      11735
      15565       5842
      15566       8571
      15567      15114
      15568      10126
      15569      15512
      15570      15514
      15571      15726
      15572      15413
      15573      15113
      15574      14564
      15575       5895
      15576       5894
      15577      13792
      15578      15478
      15579      15024
      15580      14435
      15581      15508
      15582      15762
      15583      15724
      15584      15415
      15585      15130
      15586      15129
      15587       7022
      15588      13677
      15589      11685
      15590      10234
      15591       8629
      15592       8567
      15593      15487
      15594      15766
      15595      15528
      15596      15527
      15597      15125
      15598      15124
      15599       8507
      15600      15761
      15601      15015
      15602      15736
      15603      15735
      15604      15467
      15605      15437
      15606      15119
      15607      15078
      15608      14517
      15609      13791
      15610      11744
      15611      11559
      15612      15440
      15613      15733
      15614      15434
      15615      15004
      15616      15003
      15617      14558
      15618      13696
      15619      13693
      15620      13692
      15621      12840
      15622      12852
      15623       7021
      15624       8622
      15625      15029
      15626      15000
      15627      14447
      15628      14396
      15629      15026
      15630      15025
      15631      10129
      15632      13782
      15633      14438
      15634       8621
      15635       7097
      15636      10227
      15637       4894
      15638       4893
      15639      15737
      15640       8535
      15641       8525
      15642       8514
      15643      11558
      15644       4895
      15645      10130
      15646      10233
      15647      15789
      15648       8620
      15649       7091
      15650      12895
      15651      12894
      15652       8519
      15653      10122
      15654       7018
      15655       7017
      15656      11684
      15657      10242
      15658      10168
      15659      10166
      15660      10232
      15661      15513
      15662      10305
      15663      10116
      15664      11687
      15665      11600
      15666      11599
      15667      11596
      15668      12851
      15669      15414
      15670      15448
      15671       8619
      15672      10121
      15673      15449
      15674      14563
      15675       8647
      15676      10109
      15677       8570
      15678       8611
      15679      11734
      15680      10330
      15681       7078
      15682       5830
      15683      15756
      15684       7029
      15685       5875
      15686       5874
      15687      11577
      15688      11746
      15689      12850
      15690      13790
      15691       7014
      15692       7114
      15693       8528
      15694      15725
      15695      11678
      15696      15511
      15697      10307
      15698      12743
      15699      12742
      15700      12741
      15701      11670
      15702      15760
      15703      15759
      15704      15476
      15705      15477
      15706      15723
      15707      15412
      15708      14974
      15709      14562
      15710      11557
      15711      15485
      15712      15758
      15713      15525
      15714      15123
      15715      15122
      15716      14566
      15717      14972
      15718       7028
      15719      11683
      15720      10231
      15721       8616
      15722       8566
      15723      10124
      15724      15111
      15725       7090
      15726       7089
      15727      15486
      15728      15731
      15729      15466
      15730      15428
      15731      15117
      15732      15116
      15733      15439
      15734      15732
      15735      15433
      15736      15051
      15737      14557
      15738      14556
      15739      10108
      15740      15427
      15741      15447
      15742      15022
      15743      15021
      15744      14429
      15745      14399
      15746      14441
      15747      14395
      15748      13691
      15749      13629
      15750      11731
      15751      14437
      15752      15014
      15753      15755
      15754       7013
      15755      13789
      15756      13679
      15757      13788
      15758      14434
      15759      11556
      15760      12856
      15761      15023
      15762      13676
      15763      10125
      15764      10127
      15765      10115
      15766       8618
      15767       8518
      15768       8517
      15769       8569
      15770       8524
      15771       8646
      15772       5828
      15773       4931
      15774       5829
      15775       8610
      15776      12721
      15777      12855
      15778      14433
      15779      15765
      15780      15411
      15781      10142
      15782      11573
      15783       8511
      15784      11691
      15785      10123
      15786      15446
      15787      12722
      15788      12874
      15789       8617
      15790       7096
      15791      12849
      15792      10230
      15793      11682
      15794      10241
      15795      10167
      15796      10165
      15797      14423
      15798      10225
      15799       8496
      15800      14432
      15801       7077
      15802       7003
      15803      11717
      15804      11681
      15805      14359
      15806      15757
      15807      15110
      15808      15109
      15809      15722
      15810      15406
      15811      14971
      15812      14550
      15813      15730
      15814      11555
      15815      15104
      15816      15475
      15817      15473
      15818      15410
      15819      14973
      15820      14561
      15821      15729
      15822      11572
      15823      15484
      15824      15483
      15825      15465
      15826      15118
      15827      14560
      15828      14559
      15829      15430
      15830      15429
      15831      15464
      15832      15048
      15833      15002
      15834      14553
      15835      13666
      15836      15432
      15837      15426
      15838      15445
      15839      15020
      15840      14999
      15841      14398
      15842      13835
      15843       8523
      15844      15018
      15845      15017
      15846      15019
      15847      14440
      15848      13690
      15849      13689
      15850      14415
      15851      14422
      15852      13685
      15853      13684
      15854      12740
      15855      12739
      15856       7020
      15857      10226
      15858      11675
      15859      11601
      15860      11598
      15861      11595
      15862       8609
      15863       7088
      15864      12706
      15865      12848
      15866      13665
      15867      15472
      15868       8516
      15869      10120
      15870      15754
      15871      11677
      15872      11554
      15873      10139
      15874       8506
      15875      10106
      15876       5827
      15877      11676
      15878      10229
      15879      10093
      15880       8565
      15881       8615
      15882      15422
      15883      14970
      15884      15463
      15885       8568
      15886      15062
      15887      15409
      15888      15421
      15889       7027
      15890      11576
      15891      12718
      15892       7005
      15893       5873
      15894      11544
      15895      14431
      15896      15474
      15897      12729
      15898      15462
      15899      15431
      15900      15510
      15901       8527
      15902      15721
      15903      10095
      15904      11553
      15905      12717
      15906       8495
      15907      14355
      15908      10113
      15909      15060
      15910      15061
      15911      15408
      15912      15407
      15913      14969
      15914      14353
      15915      10107
      15916       8505
      15917       7076
      15918      12726
      15919      13674
      15920      15470
      15921      15482
      15922      15115
      15923      14968
      15924      14967
      15925      14358
      15926      15461
      15927      15077
      15928      15423
      15929      15050
      15930      15047
      15931      14554
      15932      14552
      15933      15013
      15934      14421
      15935      15425
      15936      15424
      15937      15046
      15938      15045
      15939      14474
      15940      13834
      15941      14994
      15942      15016
      15943      14991
      15944      14428
      15945      14427
      15946      13670
      15947      14425
      15948      15012
      15949      14430
      15950      13683
      15951      13682
      15952      12738
      15953      11581
      15954      15509
      15955      13667
      15956      13668
      15957      12735
      15958      12734
      15959      11597
      15960      11594
      15961      10112
      15962      15444
      15963      12719
      15964      14420
      15965      10114
      15966      10119
      15967       8513
      15968       8522
      15969      11580
      15970      11534
      15971      10164
      15972      10162
      15973      13664
      15974       7004
      15975      11543
      15976      10224
      15977       8608
      15978       8492
      15979      10104
      15980      12720
      15981      13663
      15982      13675
      15983      10092
      15984      11571
      15985      10141
      15986      11570
      15987      15481
      15988      14990
      15989      15471
      15990      15420
      15991       8510
      15992       8502
      15993       7002
      15994       8564
      15995      14962
      15996      14965
      15997      14549
      15998      15108
      15999      15405
      16000      14964
      16001      14961
      16002      14354
      16003      13662
      16004      12716
      16005      15075
      16006      15074
      16007      15404
      16008      14966
      16009      14357
      16010      14356
      16011      14352
      16012      15076
      16013      15480
      16014      15049
      16015      14555
      16016      14348
      16017      14347
      16018      14995
      16019      15416
      16020      15460
      16021      15044
      16022      15043
      16023      14472
      16024      14397
      16025      15008
      16026      15007
      16027      14998
      16028      14469
      16029      14394
      16030      13738
      16031      11552
      16032      14424
      16033      15011
      16034      14426
      16035      14389
      16036      13681
      16037      12737
      16038      14414
      16039      14419
      16040      11542
      16041       8504
      16042       7000
      16043      13673
      16044      13672
      16045      12733
      16046      12732
      16047      15419
      16048      11591
      16049      11590
      16050      11589
      16051      11518
      16052      15068
      16053      12723
      16054      13661
      16055      12700
      16056       8494
      16057       8512
      16058      10118
      16059      11579
      16060      11533
      16061      10091
      16062       8563
      16063      10094
      16064      10105
      16065      13654
      16066      11574
      16067      14989
      16068      11541
      16069      10117
      16070      10138
      16071      10137
      16072       8501
      16073      14548
      16074      12705
      16075      12728
      16076      15479
      16077      12725
      16078      11575
      16079      12715
      16080      11569
      16081      15042
      16082      11551
      16083      15469
      16084      10090
      16085      15403
      16086      15402
      16087      15010
      16088      15401
      16089      10103
      16090       8500
      16091       7001
      16092      14508
      16093      15059
      16094      15400
      16095      14963
      16096      14351
      16097      14350
      16098      14960
      16099      15056
      16100      15073
      16101      14958
      16102      14551
      16103      14349
      16104      14346
      16105      14345
      16106      12714
      16107      15069
      16108      15072
      16109      15041
      16110      14471
      16111      14470
      16112      13833
      16113      14418
      16114      13659
      16115      11550
      16116      14993
      16117      14992
      16118      14997
      16119      14468
      16120      14467
      16121      13730
      16122      15107
      16123      15067
      16124      14405
      16125      15006
      16126      14987
      16127      14388
      16128      13733
      16129      12813
      16130      13669
      16131      14413
      16132      14390
      16133      13671
      16134      13624
      16135      12731
      16136      15418
      16137      13658
      16138      13660
      16139      12727
      16140      12724
      16141      12672
      16142      11588
      16143      12704
      16144       8560
      16145      11540
      16146      10088
      16147       8491
      16148      12692
      16149      11532
      16150      10160
      16151      10159
      16152      15417
      16153      14417
      16154       8544
      16155      10111
      16156      11531
      16157       8493
      16158      12699
      16159      10102
      16160      10110
      16161      14996
      16162      14411
      16163      12713
      16164      12712
      16165      14341
      16166      10140
      16167      11568
      16168      15009
      16169      13653
      16170      15468
      16171      15399
      16172      14988
      16173      10089
      16174      14544
      16175      14547
      16176      15106
      16177      14959
      16178      14344
      16179      14343
      16180      13587
      16181      14507
      16182      15058
      16183      14957
      16184      14956
      16185      14340
      16186      13588
      16187      14509
      16188      15071
      16189      14500
      16190      14473
      16191      13737
      16192      13585
      16193      11567
      16194      14976
      16195      14975
      16196      14497
      16197      14466
      16198      13734
      16199      13729
      16200      14404
      16201      14979
      16202      14986
      16203      14393
      16204      13732
      16205      12812
      16206      15066
      16207      14403
      16208      14412
      16209      14387
      16210      14386
      16211      13623
      16212      12808
      16213      15070
      16214      11539
      16215       8503
      16216       6999
      16217      13643
      16218      14408
      16219      13657
      16220      13626
      16221      12671
      16222      12667
      16223      15065
      16224      12691
      16225      11578
      16226      11517
      16227      11516
      16228      10087
      16229      12711
      16230      13652
      16231       8559
      16232      12690
      16233      11530
      16234      10085
      16235       8558
      16236      10101
      16237       8490
      16238      10136
      16239      11549
      16240      13651
      16241      14954
      16242       8499
      16243      14985
      16244      12698
      16245      14342
      16246      15105
      16247      15057
      16248      11566
      16249      12710
      16250      11565
      16251      12703
      16252      14416
      16253      13650
      16254      13656
      16255      13582
      16256      14955
      16257      14543
      16258      10100
      16259       8498
      16260       6998
      16261      13832
      16262      14546
      16263      14953
      16264      14952
      16265      14339
      16266      13586
      16267      14504
      16268      15053
      16269      14499
      16270      14338
      16271      14337
      16272      13584
      16273      14506
      16274      14505
      16275      14496
      16276      14465
      16277      13736
      16278      12908
      16279      15055
      16280      15064
      16281      14391
      16282      14984
      16283      14392
      16284      13773
      16285      13731
      16286      12806
      16287      14402
      16288      14978
      16289      14385
      16290      14384
      16291      13628
      16292      12807
      16293      11548
      16294      13638
      16295      14407
      16296      13655
      16297      13625
      16298      13622
      16299      12666
      16300      13639
      16301      13647
      16302      12709
      16303      12670
      16304      11515
      16305      11514
      16306      12702
      16307      14410
      16308      11538
      16309      10086
      16310       8489
      16311      12689
      16312      11527
      16313      10144
      16314      10071
      16315      10084
      16316       8546
      16317      11529
      16318      10099
      16319      11564
      16320      12696
      16321      14983
      16322      10135
      16323      11547
      16324      14335
      16325      14409
      16326      10083
      16327       8488
      16328      14330
      16329      14977
      16330      14542
      16331      14541
      16332      14951
      16333      14334
      16334      13583
      16335      13581
      16336      11546
      16337      13831
      16338      14476
      16339      15052
      16340      14487
      16341      14336
      16342      13580
      16343      12644
      16344      11545
      16345      13579
      16346      14503
      16347      14502
      16348      14494
      16349      13776
      16350      13735
      16351      12811
      16352      13649
      16353      14380
      16354      14501
      16355      14495
      16356      13772
      16357      12837
      16358      12810
      16359      13648
      16360      14545
      16361      14379
      16362      14378
      16363      14383
      16364      14382
      16365      13627
      16366      12805
      16367      14982
      16368      13637
      16369      14364
      16370      13642
      16371      13621
      16372      13618
      16373      12660
      16374      10098
      16375       8497
      16376       6997
      16377      15063
      16378      13636
      16379      13646
      16380      12708
      16381      12669
      16382      12665
      16383      11513
      16384      12688
      16385      11563
      16386      10143
      16387      10070
      16388      14950
      16389      12681
      16390      12695
      16391      14981
      16392       8545
      16393      10082
      16394      12687
      16395      11528
      16396      10080
      16397       8487
      16398      12707
      16399      10097
      16400      11537
      16401      14406
      16402      11536
      16403      12701
      16404      14333
      16405      10134
      16406      12694
      16407      12697
      16408      12686
      16409      15054
      16410      14980
      16411      14498
      16412      13575
      16413      13828
      16414      13830
      16415      14475
      16416      14332
      16417      14331
      16418      14329
      16419      13578
      16420      14486
      16421      13780
      16422      14493
      16423      13775
      16424      13768
      16425      13577
      16426      12643
      16427      13634
      16428      13781
      16429      14492
      16430      14369
      16431      13771
      16432      12836
      16433      12809
      16434      14377
      16435      14376
      16436      14375
      16437      13770
      16438      12835
      16439      11667
      16440      13630
      16441      14363
      16442      13620
      16443      13619
      16444      13617
      16445      12675
      16446      14381
      16447      13635
      16448      13641
      16449      13593
      16450      12668
      16451      12664
      16452      11512
      16453      12683
      16454      13645
      16455      12678
      16456      11562
      16457      11511
      16458      11510
      16459      10079
      16460       8486
      16461      11526
      16462      11525
      16463      10076
      16464       8481
      16465      14485
      16466       8484
      16467      10096
      16468      10081
      16469       8485
      16470      10078
      16471      11523
      16472      11521
      16473      11535
      16474      13568
      16475      14362
      16476      14373
      16477      14540
      16478      14374
      16479      12693
      16480      13572
      16481      13827
      16482      13829
      16483      14328
      16484      13574
      16485      13573
      16486      12642
      16487      13739
      16488      13570
      16489      13767
      16490      14484
      16491      13752
      16492      13751
      16493      13576
      16494      13567
      16495      12685
      16496      13779
      16497      14491
      16498      14368
      16499      13599
      16500      12833
      16501      11668
      16502      13778
      16503      13777
      16504      14367
      16505      13769
      16506      12834
      16507      11669
      16508      13610
      16509      14372
      16510      13616
      16511      13615
      16512      12674
      16513      12673
      16514      13595
      16515      13640
      16516      13614
      16517      12663
      16518      12662
      16519      11519
      16520      12680
      16521      13633
      16522      13592
      16523      12646
      16524      11509
      16525      11508
      16526      11561
      16527      11524
      16528      10075
      16529      10068
      16530      12684
      16531       8480
      16532      11522
      16533       8483
      16534       8482
      16535      14490
      16536      13644
      16537      10074
      16538      14483
      16539      13774
      16540      13632
      16541      14361
      16542      14489
      16543      14482
      16544      14481
      16545      14480
      16546      12906
      16547      13565
      16548      12907
      16549      13749
      16550      13747
      16551      13571
      16552      13569
      16553      13566
      16554      13766
      16555      14479
      16556      13743
      16557      13598
      16558      12832
      16559      12641
      16560      12639
      16561      14371
      16562      13765
      16563      13764
      16564      14366
      16565      13600
      16566      12649
      16567      11661
      16568      13750
      16569      13609
      16570      13762
      16571      13608
      16572      13607
      16573      12652
      16574      11666
      16575      13594
      16576      13606
      16577      13613
      16578      12661
      16579      12659
      16580      12658
      16581      13631
      16582      12679
      16583      13589
      16584      13591
      16585      12656
      16586      11507
      16587      10069
      16588      12677
      16589      11520
      16590      11504
      16591      10067
      16592      14370
      16593      10077
      16594      10073
      16595      14488
      16596      12638
      16597      14360
      16598      12676
      16599      13590
      16600      14478
      16601      13612
      16602      14365
      16603      12905
      16604      13826
      16605      13746
      16606      12816
      16607      12637
      16608      12636
      16609      12904
      16610      12831
      16611      13748
      16612      13745
      16613      12821
      16614      12640
      16615      12633
      16616      12818
      16617      12839
      16618      13763
      16619      13758
      16620      13597
      16621      12648
      16622      11664
      16623      13757
      16624      12838
      16625      13761
      16626      13596
      16627      11665
      16628      13825
      16629      12654
      16630      13604
      16631      12657
      16632      12647
      16633      12682
      16634      12655
      16635      12645
      16636      11506
      16637      11505
      16638      10066
      16639      10072
      16640      13611
      16641      12635
      16642      13605
      16643      13824
      16644      14477
      16645      13754
      16646      12820
      16647      12903
      16648      12817
      16649      12634
      16650      12830
      16651      13740
      16652      12815
      16653      11663
      16654      12902
      16655      12829
      16656      13760
      16657      12653
      16658      13603
      16659      12650
      16660      12651
      16661      13741
      16662      13756
      16663      13602
      16664      13759
      16665      13742
      16666      13755
      16667      13601
      16668      12901
      16669      12819
      16670      12824
      16671      11662
      16672      12822
      16673      13753
      16674      13744
      16675      12827
      16676      12828
      16677      12814
      16678      12823
      16679      12826
      16680      12825
  0.15000012553159525     
  0.15000019167392722     
  0.15000041398820047     
  0.15000035859875138     
  0.15000042388264465     
  0.15000012467161827     
  0.15000012468290458     
  0.15000012467802210     
  0.15000033600194138     
  0.15000013170206966     
  0.15000013171520296     
  0.15000013171530649     
  0.14999999999999999     
  0.15000028550670702     
  0.15000028594777992     
  0.15000043289129220     
  0.15000035095010500     
  0.14999999999999997     
  0.15000038706339835     
  0.15000041663278701     
  0.15000021289146345     
  0.15000038313724973     
  0.15000044551826422     
  0.15000046874248621     
  0.15000038732283888     
  0.15000038720501646     
  0.15000046677323259     
  0.15000037251422649     
  0.15000016883800354     
  0.15000040349728411     
  0.15000037614885289     
  0.15000062265066158     
  0.15000062467023370     
  0.15000039971094395     
  0.15000071271894533     
  0.15000071503262946     
  0.15000042562622237     
  0.15000040523978661     
  0.15000045515290988     
  0.15000095623216128     
  0.15000036497925501     
  0.15000014801056544     
  0.15000042398075134     
  0.15000013347823887     
  0.15000034800381326     
  0.15000052610829687     
  0.15000052774900291     
  0.15000036910526318     
  0.15000059554947232     
  0.15000059842387783     
  0.15000059844050695     
  0.15000039230567372     
  0.15000068086612953     
  0.15000068434091432     
  0.15000068434748542     
  0.15000042964329297     
  0.15000041824895854     
  0.15000078600973565     
  0.15000078973512615     
  0.15000078974987607     
  0.15000044671421595     
  0.15000091499617627     
  0.15000091978514318     
  0.15000091980603930     
  0.15000048045814385     
  0.15000107258788689     
  0.15000107949916169     
  0.15000107951029387     
  0.15000036127958000     
  0.15000035473603457     
  0.15000050427410808     
  0.15000035239124679     
  0.15000011673447863     
  0.15000033503550297     
  0.15000034485044700     
  0.15000044538136445     
  0.15000031204905009     
  0.15000045925536654     
  0.15000033815593389     
  0.15000035825670782     
  0.15000039733796358     
  0.15000039448092489     
  0.15000038460542084     
  0.15000038001745772     
  0.15000034182590144     
  0.15000050545481525     
  0.15000050763574616     
  0.15000050764565001     
  0.15000036200094174     
  0.15000056983514637     
  0.15000057198707015     
  0.15000057199692907     
  0.15000041298780301     
  0.15000038471321220     
  0.15000065001100873     
  0.15000065319138062     
  0.15000065320487610     
  0.15000042336555042     
  0.15000041024295802     
  0.15000074909203084     
  0.15000075305477631     
  0.15000075306820529     
  0.15000046111947998     
  0.15000043834193225     
  0.15000087211537735     
  0.15000033389425621     
  0.15000087644791102     
  0.15000087647411670     
  0.15000047159526420     
  0.15000102434979593     
  0.15000103107789878     
  0.15000103110721005     
  0.15000012348639857     
  0.15000035313447085     
  0.15000035395057396     
  0.15000037012262984     
  0.15000051406223780     
  0.15000122060453988     
  0.15000122772471838     
  0.15000122699961138     
  0.15000037044410727     
  0.15000029638939186     
  0.15000048982493364     
  0.15000028556366363     
  0.15000034106824817     
  0.15000032887019354     
  0.15000034508600457     
  0.15000061330688730     
  0.15000027921315406     
  0.15000033454436792     
  0.15000048313234668     
  0.15000048457322851     
  0.15000048457794665     
  0.15000030797956296     
  0.15000035479456239     
  0.15000054450685643     
  0.15000054683240732     
  0.15000054684171979     
  0.15000012966977277     
  0.15000037699244104     
  0.15000062018280083     
  0.15000062246454934     
  0.15000062247305884     
  0.15000040177459628     
  0.15000071306686066     
  0.15000071634485562     
  0.15000071635912979     
  0.15000042942022751     
  0.15000082908350232     
  0.15000083255857244     
  0.15000083258579386     
  0.15000046113988044     
  0.15000097361536119     
  0.15000097889012062     
  0.15000097890459452     
  0.15000038405592966     
  0.15000049905431984     
  0.15000115375849216     
  0.15000116273748190     
  0.15000116277737005     
  0.15000040447076826     
  0.15000030713028584     
  0.15000040910123749     
  0.15000041042796955     
  0.15000041043528117     
  0.15073055656490514     
  0.15000031227594321     
  0.15000035670372194     
  0.15000056816809490     
  0.15000140864035574     
  0.15000141281731874     
  0.15000111583558529     
  0.15000014678025794     
  0.15162738387232114     
  0.15000044121158967     
  0.15000036426181501     
  0.15000039996691444     
  0.15000034373225266     
  0.15000035300452577     
  0.15000033093329382     
  0.15107583968392682     
  0.15000039851355548     
  0.15166499682983145     
  0.15000053524689475     
  0.15000041986472229     
  0.15000046222286920     
  0.15000048468935379     
  0.15000036689070337     
  0.15000012255951073     
  0.15000012525842332     
  0.15000012528776666     
  0.15000041446665618     
  0.15000012575838045     
  0.15000026395075941     
  0.15000043158601109     
  0.15000034753392913     
  0.15000052065231181     
  0.15000052193835334     
  0.15000052194269281     
  0.15000032174202821     
  0.15000044653440853     
  0.15000044758053088     
  0.15000044758688758     
  0.15000038091964982     
  0.15000012629815065     
  0.15000012885103212     
  0.15000012888960093     
  0.15000012888975386     
  0.15000038101908256     
  0.15000150706825910     
  0.15000036919018908     
  0.15000059064878990     
  0.15000059348425263     
  0.15000059349512551     
  0.15000039345705618     
  0.15000067806892631     
  0.15000068068421551     
  0.15000068069720318     
  0.15000042022483823     
  0.15000078601750927     
  0.15000078978743278     
  0.15000078979809048     
  0.15000192066531068     
  0.15000012130580795     
  0.15000045091185918     
  0.15000092186665689     
  0.15000092665571665     
  0.15000092667658585     
  0.15000012141505670     
  0.15000048726495330     
  0.15000109430774985     
  0.15000109940099876     
  0.15000109942418524     
  0.15000013680464785     
  0.15000013998598744     
  0.15000014002579981     
  0.15000014002588755     
  0.15000020651412971     
  0.15000046371212786     
  0.15000033109824312     
  0.15000047202233638     
  0.15000047307007985     
  0.15000047308378806     
  0.15000032798628038     
  0.15000000000000002     
  0.15000013712957250     
  0.15000015558452692     
  0.15000016025949728     
  0.15000016033156280     
  0.15000016033173216     
  0.15000053771855631     
  0.15000131991629828     
  0.15000132841025407     
  0.15000132766355515     
  0.15000022170459626     
  0.15000041555674759     
  0.14999999999999999     
  0.15000018426300590     
  0.15000019377449245     
  0.15000019386047764     
  0.15000028445755284     
  0.15000071311823740     
  0.15000164100393751     
  0.15000160533578791     
  0.15000362436662218     
  0.15000019142394291     
  0.15000022675871050     
  0.15000025196775421     
  0.15000025228057201     
  0.15000025228100491     
  0.15000032149124254     
  0.15000014383899848     
  0.15000036144412027     
  0.15000056328503242     
  0.15000056494020825     
  0.15000056494756880     
  0.15000034076496199     
  0.15000049885058531     
  0.15000050058759046     
  0.15000050059389208     
  0.15000038483786771     
  0.15000064405389166     
  0.15000064664386323     
  0.15000064665534382     
  0.15000041099383016     
  0.15000074450987755     
  0.15000074813435033     
  0.15000074814876288     
  0.15000029356941089     
  0.15000044064530618     
  0.15000087100589196     
  0.15000087541236443     
  0.15000087543195451     
  0.15000047502660657     
  0.15000103151596053     
  0.15000103660303060     
  0.15000103662813605     
  0.15000051801268019     
  0.15000123701276455     
  0.15000124363567993     
  0.15000124367650655     
  0.15000034319887115     
  0.15000051889728175     
  0.15000016124033846     
  0.15000031762186414     
  0.15000040218715077     
  0.15000032480534031     
  0.15097488463795675     
  0.15000041370222411     
  0.15549774448147075     
  0.15000037165567953     
  0.15000026929778476     
  0.15000059907087593     
  0.15000151746368864     
  0.15000152464698746     
  0.15000122558612541     
  0.15000035772500475     
  0.15000032179846201     
  0.15181309525417230     
  0.15000024140032558     
  0.15000039921129396     
  0.15000232111858758     
  0.15080618786114386     
  0.15000042770418562     
  0.15000035013509758     
  0.15000167614414822     
  0.15354322130416595     
  0.15190069749100524     
  0.15192398453398667     
  0.15192426929873626     
  0.15671051354827073     
  0.15000044975739374     
  0.15000029250381927     
  0.15000044797939163     
  0.15573037818936256     
  0.15573054072712084     
  0.15000024144818469     
  0.15000047614425097     
  0.15000026642555056     
  0.15000029213260854     
  0.15000033228393847     
  0.15000047344079559     
  0.15000047518207554     
  0.15000047518548279     
  0.15000038140116231     
  0.15000038863191073     
  0.15000031986354856     
  0.15000043963852208     
  0.15000044120608000     
  0.15000044121068387     
  0.15000036196470820     
  0.15000035355823216     
  0.15000053642773595     
  0.15000053838220326     
  0.15000053839034236     
  0.15000054756006331     
  0.15000037632790064     
  0.15000061173814436     
  0.15000061406858986     
  0.15000061407516707     
  0.15000049546333877     
  0.15000040179150703     
  0.15000070496492993     
  0.15000070808641239     
  0.15000070809818469     
  0.15000043034184959     
  0.15000082199764897     
  0.15000082599038114     
  0.15000082601312190     
  0.15000036950615017     
  0.15000046322041113     
  0.15000097007720639     
  0.15000097555957295     
  0.15000097558141637     
  0.15000050217868632     
  0.15000116127519578     
  0.15000116552279819     
  0.15000116554999324     
  0.15000046619880028     
  0.15000030746135681     
  0.15000057175805578     
  0.15000163391208957     
  0.15000041799450628     
  0.15000043998919510     
  0.15775654766600358     
  0.15000055969789727     
  0.15000141442943585     
  0.15000142413371323     
  0.15000142325325916     
  0.15000025999449318     
  0.15385570174629659     
  0.15000032457711343     
  0.15000012637906768     
  0.15000030735423051     
  0.15000033769968321     
  0.15000038053574458     
  0.15000071078617916     
  0.15000181249911515     
  0.15000173413955278     
  0.15000489141957316     
  0.15515205191055059     
  0.15905944969233554     
  0.15000012511457150     
  0.15118418576518136     
  0.15400029994498649     
  0.15400021635562641     
  0.15000035485905899     
  0.15805479152337309     
  0.15805497172160282     
  0.15000033015997558     
  0.15000031546693057     
  0.15000033797899831     
  0.15000034593443987     
  0.15000051191814590     
  0.15000051350979654     
  0.15000051351835475     
  0.15000036779917547     
  0.15000058106914183     
  0.15000058315378351     
  0.15000058316400905     
  0.15000039236849746     
  0.15000066733260950     
  0.15000067003388451     
  0.15000067004567155     
  0.15000032974830202     
  0.15000046562807035     
  0.15000046709356238     
  0.15000046710354278     
  0.15000042004667832     
  0.15000077560833786     
  0.15000077848102322     
  0.15000077850724236     
  0.15000237207690884     
  0.15000045138630516     
  0.15000091148934389     
  0.15000091660026488     
  0.15000091662039922     
  0.15000048796325971     
  0.15000108654040553     
  0.15000109237266490     
  0.15000109240182802     
  0.15000029142215662     
  0.15000053540168135     
  0.15000131376398579     
  0.15000132083743109     
  0.15000132086808554     
  0.15000039183534705     
  0.15000035809990542     
  0.15000032074458033     
  0.15095921144726021     
  0.15000040299858894     
  0.15604582289029434     
  0.15000029373612767     
  0.16015192182096216     
  0.15000042599884117     
  0.15000018074127588     
  0.15000036430539332     
  0.15000052351499296     
  0.15000040046902743     
  0.15203493985831629     
  0.15000033034754837     
  0.15000172379528012     
  0.15000044065697449     
  0.15000013476444946     
  0.15000173663406727     
  0.15000061781946972     
  0.15000163234979691     
  0.15000164457230702     
  0.15000117628921364     
  0.15000013824727440     
  0.15000037741574138     
  0.15000181214766245     
  0.15319848084999593     
  0.15133726292562730     
  0.15209565077346940     
  0.15209393621363859     
  0.16066517677058290     
  0.15733351919868963     
  0.15000035382973756     
  0.16148672118370783     
  0.15625033888505310     
  0.15625031492685365     
  0.15000059019281831     
  0.15000051786115329     
  0.15000042328687330     
  0.15000035947772100     
  0.15000055238642426     
  0.15000055425599829     
  0.15000055426790151     
  0.14999999999999999     
  0.15000027492097207     
  0.15000046180082305     
  0.15000038317164077     
  0.15000063180969650     
  0.15000063417571727     
  0.15000063419099913     
  0.15000027848005368     
  0.15000040988371705     
  0.15000073112492884     
  0.15000073434028730     
  0.15000073435729669     
  0.15000054992329903     
  0.15000043994401580     
  0.15000085628666282     
  0.15000086065759916     
  0.15000086067321544     
  0.15000047474298697     
  0.15000101608366304     
  0.15000102193489237     
  0.15000102194973275     
  0.15000033959195788     
  0.15000049198027435     
  0.15000049328764711     
  0.15000049329923290     
  0.15000049356295569     
  0.15000051674520237     
  0.15000122208589028     
  0.15000123099079768     
  0.15000123102038856     
  0.15105392498584141     
  0.15000030778057374     
  0.15000040715375054     
  0.15000040843366463     
  0.15000040843559445     
  0.15000032778638539     
  0.15000045897107731     
  0.15000046036532730     
  0.15000046037180914     
  0.15000057531673652     
  0.15000149877869115     
  0.15000150643329041     
  0.15000150524696512     
  0.16389273128346246     
  0.15834667940215938     
  0.16254388177580281     
  0.15418345893378668     
  0.15000049338688373     
  0.15000032279042497     
  0.15000178066873252     
  0.15000024170902765     
  0.15000035133251494     
  0.15000052642619760     
  0.15000052809386205     
  0.15000052810422371     
  0.15000034951493996     
  0.15000224278100599     
  0.15000045533228396     
  0.15000072874793324     
  0.15000195688472970     
  0.15000185059980053     
  0.15000495738293732     
  0.15969310393974603     
  0.15431386986590934     
  0.15431398533370597     
  0.15554050522774984     
  0.16378016066540491     
  0.15861798402316366     
  0.15861801544442686     
  0.15000036851703311     
  0.15000037400593155     
  0.15000059832992571     
  0.15000060060526868     
  0.15000060061622209     
  0.15000039971584453     
  0.15000068993824309     
  0.15000069219509546     
  0.15000069221260298     
  0.15000042857231655     
  0.15000080396952650     
  0.15000080822378684     
  0.15000080824038986     
  0.15000011094805341     
  0.15000012479098188     
  0.15000012741839652     
  0.15000012744760771     
  0.15000012745339894     
  0.15000046166583630     
  0.15000095040819147     
  0.15000095505508798     
  0.15000095507226788     
  0.15000050062872106     
  0.15000113711038046     
  0.15000114486339031     
  0.15000114488847460     
  0.15000054930354997     
  0.15000137953612322     
  0.15000139026489404     
  0.15000139026816189     
  0.15000034083328870     
  0.15000012416408906     
  0.16800309510471875     
  0.15106526039528873     
  0.15000011723889259     
  0.15000036729260763     
  0.15000013198938619     
  0.15000013488249059     
  0.15000013492077505     
  0.15000013492085959     
  0.15642061399132384     
  0.15181731654173092     
  0.16074457538784401     
  0.15000012694478632     
  0.15000038398386895     
  0.16468780130644931     
  0.15000033571528290     
  0.15000000000000005     
  0.15000013009746715     
  0.15000014699030120     
  0.15000015075922654     
  0.15000015079798351     
  0.15000015079811166     
  0.15000064052978393     
  0.15000172064686443     
  0.15000172599024653     
  0.15000124034598145     
  0.15210115731337631     
  0.15000044919012148     
  0.15000034790781094     
  0.15000000000000002     
  0.15000014989694418     
  0.15394743317116577     
  0.15000017103443711     
  0.15000017780357622     
  0.15000017788187034     
  0.15000017788210032     
  0.15000190752405945     
  0.15000036032131234     
  0.15091734925102088     
  0.15222915710714155     
  0.15222876710853456     
  0.15000026793511681     
  0.15000032126847479     
  0.15000032197874666     
  0.15000032198031879     
  0.15000043586404202     
  0.15775078684381813     
  0.16117152902691542     
  0.16117209921991177     
  0.16206362005454475     
  0.15000041644745113     
  0.15000039842493904     
  0.15662458520060724     
  0.15662474871002111     
  0.16567695931885554     
  0.15000017822582914     
  0.15000020751847323     
  0.15000022362043081     
  0.15000022380960398     
  0.15000022380998454     
  0.15000033081834466     
  0.15000053106911077     
  0.15000038383899056     
  0.15000040904793543     
  0.15000031116932258     
  0.15000042890014775     
  0.14999999999999997     
  0.15000021348358888     
  0.15000047220316690     
  0.15000038972351634     
  0.15000065092465173     
  0.15000065336836851     
  0.15000065337976298     
  0.15000036331021011     
  0.15000056151063346     
  0.15000056387373237     
  0.15000056387863725     
  0.15000035617419655     
  0.15000041739430012     
  0.15000075619707970     
  0.15000075881811439     
  0.15000075883766784     
  0.15000021272268432     
  0.15000252166136904     
  0.15000034996533917     
  0.15000052018357046     
  0.15000052239201642     
  0.15000052239589706     
  0.15000049419981301     
  0.15000044892071951     
  0.15000088905847181     
  0.15000089278164977     
  0.15000089279444853     
  0.15000048582798869     
  0.15000105930108940     
  0.15000106428445445     
  0.15000106431104071     
  0.15000181691912956     
  0.15000052995537444     
  0.15000127940696603     
  0.15000128736578047     
  0.15000128740950683     
  0.15000011574530087     
  0.15000025111318460     
  0.15000016298720381     
  0.15000034101163143     
  0.15000049354498057     
  0.15000049561441989     
  0.15000049562054957     
  0.15000048827089768     
  0.16664413799014224     
  0.16431926681248216     
  0.16427831035482246     
  0.15000058872551519     
  0.15000157272179512     
  0.15000158037036626     
  0.15000157849548737     
  0.15876550747919260     
  0.16305532219394611     
  0.15000029956990746     
  0.15438756313893753     
  0.15000042674541864     
  0.15000039025331005     
  0.15000032154209511     
  0.15000076186326344     
  0.15000198443550969     
  0.15000193755293476     
  0.15000520826393696     
  0.16011430055571957     
  0.15453210756721728     
  0.15453221632832692     
  0.15000057774403577     
  0.16424606026565547     
  0.15900588558208167     
  0.15900619963990620     
  0.15000036830764954     
  0.15000033052837089     
  0.15000048340732600     
  0.15000031190016438     
  0.15564853921759436     
  0.15000037984040798     
  0.15000061480982230     
  0.15000061672675638     
  0.15000061673749240     
  0.15000040650497332     
  0.15000071066726745     
  0.15000071369424023     
  0.15000071370760090     
  0.15000043653898051     
  0.15000083224948763     
  0.15000083502970407     
  0.15000083505508705     
  0.15000035540460407     
  0.15000047139887940     
  0.15000098654430363     
  0.15000099050979271     
  0.15000099053694310     
  0.15000051224318922     
  0.15000118480567387     
  0.15000119165447412     
  0.15000119167905215     
  0.15000012668907001     
  0.15000056474210585     
  0.15000144330841883     
  0.15000145131821246     
  0.15000145135501886     
  0.15114612281265008     
  0.15129821211170835     
  0.15000043496543089     
  0.16806100828748882     
  0.16843285639944078     
  0.16843285642447592     
  0.15000030288290883     
  0.15000037208426142     
  0.15669999915620525     
  0.16113511389878593     
  0.15000034875661444     
  0.16507611811926004     
  0.15270400908199416     
  0.15000034015916197     
  0.15000036212662005     
  0.15000035902125217     
  0.15000054663561099     
  0.15000054818657096     
  0.15000054820296385     
  0.15000064848038008     
  0.15000178977367348     
  0.15000180290854898     
  0.15000142532800753     
  0.15225739233562532     
  0.15000046432077827     
  0.15000052283790452     
  0.15000279959858054     
  0.15000034409519500     
  0.15000035775088513     
  0.15000041478702866     
  0.15000199318117335     
  0.16157027612555508     
  0.16157080209722458     
  0.15000037517985923     
  0.15232131481137667     
  0.15232117370186682     
  0.15818330669390859     
  0.16643264671163463     
  0.15000029108660001     
  0.16243186561909548     
  0.16833057239808691     
  0.15688834806950749     
  0.15688838894964213     
  0.16600879645212682     
  0.15000038519943096     
  0.15000020121334079     
  0.15000048584216411     
  0.15000046038512616     
  0.15000034970590478     
  0.15000051751462473     
  0.15000051931624464     
  0.15000051932508604     
  0.15000192471649981     
  0.15000033533250948     
  0.15000047648448783     
  0.15000047800691751     
  0.15000047801073155     
  0.15000039580939675     
  0.15000066886582925     
  0.15000067162635630     
  0.15000067163744119     
  0.15000039329797940     
  0.16843333149308456     
  0.15000042474198019     
  0.15000077868556480     
  0.15000078284386070     
  0.15000078284850368     
  0.15000037086923035     
  0.15000058300136401     
  0.15000058479103179     
  0.15000058480500933     
  0.15000045748051433     
  0.15000091895897544     
  0.15000092340311669     
  0.15000092342241031     
  0.15000029068436110     
  0.15000049609982088     
  0.15000109832647820     
  0.15000110397986213     
  0.15000110400452724     
  0.15000054174594937     
  0.15000133102819430     
  0.15000133861486853     
  0.15000133866213702     
  0.15000000000000002     
  0.15000028251803110     
  0.16463536306999679     
  0.16458285306463935     
  0.16835772011188560     
  0.16843314277701690     
  0.16843314277705845     
  0.15000052180818058     
  0.16843220097253525     
  0.15000022812312999     
  0.15000060473561702     
  0.15000163461241697     
  0.15000164634564847     
  0.15000164564395363     
  0.15905664145902210     
  0.15000012898254897     
  0.16337265704511125     
  0.15000014051194924     
  0.16659603078250737     
  0.15456421937775736     
  0.15000039982862243     
  0.15000025846224804     
  0.16843311403937797     
  0.15000034241737931     
  0.15000074350203529     
  0.15000215011039411     
  0.15000202490658118     
  0.15000522605161645     
  0.15487049227843477     
  0.15678196862309424     
  0.15469107616325753     
  0.15469119144876364     
  0.16040026882764660     
  0.15000045089532701     
  0.16452394649287971     
  0.16720042906413793     
  0.15927120287914340     
  0.15927136096869751     
  0.15000015307805611     
  0.15000042713648379     
  0.15000033798242959     
  0.15000023661879452     
  0.15000026146683121     
  0.15000057897282770     
  0.15121342494428910     
  0.15000038546741942     
  0.15000063007628653     
  0.15000063269870806     
  0.15000063270610872     
  0.16620995100160763     
  0.15000041311370665     
  0.15000073004222192     
  0.15000073380597201     
  0.15000073382075405     
  0.15000262444257523     
  0.15000036136200443     
  0.15000055133842102     
  0.15000055359505218     
  0.15000055360216660     
  0.15000032640565950     
  0.15000044420106121     
  0.15000085723278583     
  0.15000086128088652     
  0.15000086130094031     
  0.15000048036814401     
  0.15000101815001302     
  0.15000102467128607     
  0.15000102470148646     
  0.15120563284091001     
  0.16835196548985112     
  0.16843366046580843     
  0.16843366046606384     
  0.15000052266962766     
  0.15000122699687887     
  0.15000123458375114     
  0.15000123463132825     
  0.16807023038822635     
  0.16843311689408058     
  0.16843311692054633     
  0.15000057508846903     
  0.15000149504940974     
  0.15000150651480904     
  0.15000150657113123     
  0.15000033763617432     
  0.15000037201515781     
  0.16843404813621268     
  0.15000049777582045     
  0.15690815516869547     
  0.16139244919499088     
  0.15000027169202745     
  0.16530252595550640     
  0.16755442718354110     
  0.16843320686872620     
  0.15000038033538565     
  0.15000037016544485     
  0.15000035496690539     
  0.15000064692246778     
  0.15000186769678328     
  0.15000187348911978     
  0.15000142167060021     
  0.15228679824560337     
  0.15000037372849900     
  0.15000064267801241     
  0.15000061764171005     
  0.15000207528310777     
  0.16222550626853152     
  0.16222621961339098     
  0.15240045381729916     
  0.15239990200854395     
  0.15238092099798964     
  0.15842518029139055     
  0.15000041382370791     
  0.16527104513696936     
  0.16522419003977426     
  0.15000044966409304     
  0.16267169558255490     
  0.15707642347569373     
  0.15707643993497034     
  0.16619501015443441     
  0.15000048293631688     
  0.16833130621591838     
  0.16843331654751942     
  0.16843331655052904     
  0.16843377822453004     
  0.15000043263006332     
  0.15000028787281922     
  0.15000199060038405     
  0.15000035158823169     
  0.15000052067251124     
  0.15000052235718278     
  0.15000052236473344     
  0.16838348648695575     
  0.16843352130697614     
  0.16843352130999736     
  0.15000049055076098     
  0.15000037521555637     
  0.15000059409649127     
  0.15000059654603051     
  0.15000059655356218     
  0.15000005570982108     
  0.16680491899863581     
  0.15000040171561743     
  0.15000068577939871     
  0.15000068836238434     
  0.15000068837019487     
  0.15000039166011911     
  0.15000042480132650     
  0.15000043151330303     
  0.15000080064841181     
  0.15000080388936496     
  0.15000080391482948     
  0.16843327574489356     
  0.15000046576543222     
  0.15000094601081440     
  0.15000095151073423     
  0.15000095152671955     
  0.15000012678759841     
  0.15427041551980422     
  0.15000050563797662     
  0.15000113251336919     
  0.15000113999491402     
  0.15000114001641476     
  0.15000039774622315     
  0.15000055311440622     
  0.15000137533928848     
  0.15000138324827750     
  0.15000138326459059     
  0.15000030692050062     
  0.16843396966095681     
  0.16843396966080104     
  0.15000027472332567     
  0.15000012814400179     
  0.15000000000000002     
  0.15000011097364072     
  0.15000012501140214     
  0.15000012759852613     
  0.15000012762397213     
  0.15000012761071599     
  0.16833638537306869     
  0.16843432186718998     
  0.16843432186679344     
  0.16843366879466054     
  0.15000047219712598     
  0.15122403148961067     
  0.15000061449233440     
  0.15000169186238019     
  0.15000170012792521     
  0.15000169834255805     
  0.15926592012543542     
  0.15000051864315103     
  0.16357413699654028     
  0.15000035522162838     
  0.16674094056474331     
  0.14999999999999997     
  0.15000011414581507     
  0.15000012865069207     
  0.15000013134702536     
  0.15000013135907786     
  0.15000013135910203     
  0.15468886848896402     
  0.15000044596334258     
  0.15000031042572218     
  0.15000036049102328     
  0.15000037053416043     
  0.15000032192140583     
  0.15000034664593517     
  0.15000037881213452     
  0.15000242812230954     
  0.15605591822692214     
  0.15000032606812724     
  0.15000045044672317     
  0.15000045133141554     
  0.15000045133973411     
  0.14999999999999997     
  0.15000012378037875     
  0.15000013970507797     
  0.15000014304035644     
  0.15000014305620210     
  0.15000014305640924     
  0.15142209084629432     
  0.15000078959762844     
  0.15000217552684353     
  0.15000208526655537     
  0.15000486572855046     
  0.15000020438398340     
  0.15480594429753622     
  0.15480606088161233     
  0.15000014428096606     
  0.16062687356361241     
  0.15000036691504212     
  0.16469679770743076     
  0.14999999999999999     
  0.15000014050676197     
  0.15000015947765033     
  0.15000016453055748     
  0.15000016457138601     
  0.15000016457153728     
  0.16731189123402823     
  0.15945051770108901     
  0.15945058510189475     
  0.16843340453720745     
  0.15000059784306241     
  0.15000000000000002     
  0.15000016518592429     
  0.15000054869162124     
  0.15000019026897723     
  0.15000020073991391     
  0.15000020083064791     
  0.15000020083135812     
  0.16409729818680843     
  0.16406731129517471     
  0.15000036534294023     
  0.15000056140558254     
  0.15000056303272394     
  0.15000056304485068     
  0.15000039054851264     
  0.15000064427017115     
  0.15000064698467713     
  0.15000064699412008     
  0.15000041906748834     
  0.15000074881820813     
  0.15000075154273357     
  0.15000075155252615     
  0.15000040840921544     
  0.16598849625707304     
  0.15000045141031457     
  0.15000088037684051     
  0.15000088460830366     
  0.15000088462183214     
  0.16836234331848257     
  0.16843351721493935     
  0.16843351721479474     
  0.15000048865490981     
  0.15000104859363311     
  0.15000105331392810     
  0.15000105333492886     
  0.15000000000000002     
  0.15000019808590209     
  0.15000023635983489     
  0.15000026594331653     
  0.15000026611237854     
  0.15000026611412320     
  0.16811720774738298     
  0.16843334374660701     
  0.16843334376711730     
  0.15000053305198213     
  0.15000126418672607     
  0.15000127196784691     
  0.15000127200251728     
  0.15000054551952888     
  0.16843388415856911     
  0.16843388415868008     
  0.14999999999999999     
  0.15000027213150388     
  0.15000058663032170     
  0.15000154281790262     
  0.15000155218109415     
  0.15000155220664363     
  0.16843424510676488     
  0.16843424510693997     
  0.16843456796054232     
  0.16843456795971276     
  0.14999999999999997     
  0.15000023660270215     
  0.15706459653108357     
  0.16157041170656261     
  0.16843483283980176     
  0.16544491747169618     
  0.15000037185917681     
  0.16763451313246100     
  0.16843504547947716     
  0.16835305845556345     
  0.15000067401950318     
  0.15000190874468125     
  0.15000192146535032     
  0.15000153144030176     
  0.16843520376677029     
  0.15238850342886717     
  0.15000032738398250     
  0.15000050035504248     
  0.15000212009851038     
  0.16843685514971998     
  0.15102556181176874     
  0.15157515552795062     
  0.15000041951148457     
  0.15244811273849451     
  0.15244750993246589     
  0.15000045293841599     
  0.15000034115243963     
  0.15369231227293562     
  0.15843355472354698     
  0.16283704252558737     
  0.15000038409364413     
  0.15720362648323069     
  0.15720378227621823     
  0.16631061726683202     
  0.15000034515755298     
  0.16794869227560416     
  0.16166260764258900     
  0.16166312248273582     
  0.15000046534836589     
  0.16843313840689969     
  0.15000047280544501     
  0.15000040839332898     
  0.15000203463622572     
  0.15000046873159856     
  0.15000034488891809     
  0.15000049988404729     
  0.15000050075108207     
  0.15000050076030863     
  0.16843351135034129     
  0.15000036072512607     
  0.15000040481269372     
  0.15000037988051973     
  0.15000060601157839     
  0.15000060892248063     
  0.15000060893161873     
  0.15109702947422954     
  0.15000040690562014     
  0.15000070050022407     
  0.15000070421449002     
  0.15000070422243711     
  0.15000048445722128     
  0.15000246521112434     
  0.16839797087348835     
  0.16843378421445829     
  0.16843378421494812     
  0.15000043765548746     
  0.15000082020310329     
  0.15000082400521653     
  0.15000082401781187     
  0.15000038834607413     
  0.15000047286910248     
  0.15000097146345112     
  0.15000097627830394     
  0.15000097630779621     
  0.15000043502499233     
  0.15000029616115929     
  0.15000063554739923     
  0.15000012044118463     
  0.15000051399420095     
  0.15000116479655431     
  0.15000117095154597     
  0.15000117097801541     
  0.15000030518412744     
  0.15000039714398472     
  0.15000039804922574     
  0.15000039805466073     
  0.15000035826693131     
  0.15000053872326172     
  0.15000053996916682     
  0.15000053997290999     
  0.15000056412111729     
  0.15000141408120299     
  0.15000142200167457     
  0.15000142205343053     
  0.16843416188257837     
  0.16843416188323390     
  0.15000051430583153     
  0.15000030352137661     
  0.16843449978225106     
  0.16843449978246786     
  0.16695234023722083     
  0.15000062969112660     
  0.15000173312110787     
  0.15000174590594015     
  0.15000174526562332     
  0.16843478941307469     
  0.16843478941307874     
  0.15940276106637002     
  0.16371064271723904     
  0.16843502599267707     
  0.16843502599242247     
  0.16682752109921414     
  0.16556120221707210     
  0.16551754360343829     
  0.16843367858095795     
  0.16811636726655313     
  0.15473273158767312     
  0.15000013928002032     
  0.15000037044234682     
  0.16843520934924305     
  0.16843520934917197     
  0.16843533974852309     
  0.16843533974841329     
  0.15000044796656101     
  0.16837714183728653     
  0.16843365132330293     
  0.16843365132487212     
  0.15000031203338252     
  0.15000080881758954     
  0.15000221555270402     
  0.15000212733735435     
  0.15000431375526727     
  0.15144250313818844     
  0.15610959845768502     
  0.16076080760991163     
  0.15487584353049097     
  0.15487594100912405     
  0.16481161409101286     
  0.16737273935528871     
  0.15957602360200776     
  0.15957618553024172     
  0.15000017491287462     
  0.16831465265787335     
  0.15000011530097238     
  0.15000052947486164     
  0.16343222449586747     
  0.16343256645326554     
  0.16843362171260948     
  0.15000012851981095     
  0.15000036935297612     
  0.15000057119632101     
  0.15000057323233543     
  0.15000057323792404     
  0.15000039539260712     
  0.15000065715957520     
  0.15000066032720774     
  0.15000066034140094     
  0.15000033458989823     
  0.15000042451975840     
  0.15000076471040860     
  0.15000076884324443     
  0.15000076886449232     
  0.15000045779701046     
  0.15000090087751766     
  0.15000090623098322     
  0.15000090624488610     
  0.16803651229873473     
  0.16843358546420828     
  0.16843358548756071     
  0.15000049626927131     
  0.15000107455460496     
  0.15000108064336157     
  0.15000108067199119     
  0.15000014351771304     
  0.15000054164635557     
  0.15000129702787010     
  0.15000130468857015     
  0.15000130470585937     
  0.16840749436403457     
  0.16843408075690855     
  0.16843408075734112     
  0.15000059985795111     
  0.15000158145385789     
  0.15000159092066098     
  0.15000159096583682     
  0.16843442352671878     
  0.16843442352646215     
  0.15000024376583998     
  0.16843473368542378     
  0.16843473368568054     
  0.15000000000000002     
  0.15000028554131326     
  0.15713031358136048     
  0.16169059914811590     
  0.16843349051541665     
  0.16843499267273115     
  0.16843499267248133     
  0.15190563717692560     
  0.16553662876000808     
  0.16767787441145607     
  0.16843520001015777     
  0.16843520001024817     
  0.15000069259891766     
  0.15000195419325157     
  0.15000196103012683     
  0.15000160406109891     
  0.16843535526393538     
  0.16843535526374553     
  0.15237835317197798     
  0.16843545876043506     
  0.16843545876063423     
  0.15000291990830122     
  0.15000050482879079     
  0.15857694230794658     
  0.15000215280955928     
  0.15000028694851458     
  0.15408442535981384     
  0.15103932207170245     
  0.15248241736267018     
  0.15248204830023587     
  0.15000036056544561     
  0.15000018367819126     
  0.15000037966178142     
  0.15000061023206485     
  0.16293424414956684     
  0.15727747773258083     
  0.15727765151055215     
  0.16638134271938587     
  0.15000039586421982     
  0.16797847608576888     
  0.16186659047790858     
  0.16186674822062466     
  0.15000055900513679     
  0.15000036692191671     
  0.16843370550580594     
  0.15000032457862611     
  0.15000048026182750     
  0.15000042129872099     
  0.15000206678170835     
  0.15000035913830992     
  0.15000053876432121     
  0.15000054095069207     
  0.15000054095910559     
  0.15125065079327890     
  0.15000038333794871     
  0.15000061561293720     
  0.15000061745661772     
  0.15000061746468191     
  0.15000012459665152     
  0.16535707328227128     
  0.16527391049610660     
  0.15000046126839917     
  0.16843426679003215     
  0.15000039578234073     
  0.16673797145534650     
  0.15000041172777023     
  0.15000071494942852     
  0.15000071740929585     
  0.15000071742585352     
  0.15000044348014921     
  0.15000083784910856     
  0.15000084171038833     
  0.15000084172937272     
  0.16843344809965546     
  0.15000047947329068     
  0.15000099326735247     
  0.15000099891780150     
  0.15000099894306707     
  0.15000024882360735     
  0.15000033983905142     
  0.15000052190379082     
  0.15000119297666059     
  0.15000119835337727     
  0.15000119838754233     
  0.15000038793497514     
  0.15000057395478861     
  0.15000144818169334     
  0.15000145495823322     
  0.15000145498910203     
  0.16840023690899250     
  0.16843399103086701     
  0.16843399103090873     
  0.15000012170309684     
  0.15000042820801684     
  0.15000035551011540     
  0.16842937547209899     
  0.16843432324298532     
  0.16843432324695803     
  0.15000030914050497     
  0.16843466786445188     
  0.16843466786479230     
  0.15000034405784327     
  0.15000064603739802     
  0.15000177449309779     
  0.15000178347289148     
  0.15000178248793855     
  0.16843494554597652     
  0.16843494554574756     
  0.15950506357567118     
  0.16379985063267100     
  0.16827162334970072     
  0.16843517605015981     
  0.16843517605016495     
  0.16688190978758802     
  0.15000036630702065     
  0.15000045516413735     
  0.15480747533196557     
  0.16813673121695188     
  0.15000012804662188     
  0.16843535537580187     
  0.16843535537560117     
  0.16837886429196997     
  0.16843380797746316     
  0.16843380797964441     
  0.15000050047922739     
  0.16843548367269642     
  0.16843548367267930     
  0.16843556079530492     
  0.16843556079528901     
  0.15000027186698250     
  0.16084613554827007     
  0.15000078143495027     
  0.15000221235814332     
  0.15000216341408504     
  0.15000629841353325     
  0.16843423261612889     
  0.15000033633070109     
  0.15146605433162311     
  0.15492578655629910     
  0.15492581416319284     
  0.15000015445470455     
  0.16488570265794342     
  0.15000038091099266     
  0.15000043911256272     
  0.15619965570417418     
  0.16741340637891250     
  0.15964894094624710     
  0.15964926042817051     
  0.16828192853992616     
  0.16352078082603139     
  0.16352145108256969     
  0.15000040545301405     
  0.15000030407177484     
  0.15000028936753057     
  0.15000061436168310     
  0.15000039900593207     
  0.15000066738293932     
  0.15000066945898852     
  0.15000066946842811     
  0.15000300856673571     
  0.15000042962737323     
  0.15000077992938160     
  0.15000078355116431     
  0.15000078356780377     
  0.16803484976836913     
  0.16843373226689048     
  0.16843373228632952     
  0.15000046343414319     
  0.15000091995169493     
  0.15000092466445766     
  0.15000092469071225     
  0.15000037265904487     
  0.15000057935955979     
  0.15000058195925484     
  0.15000058197192856     
  0.15000050313066046     
  0.15000109724338739     
  0.15000110451784804     
  0.15000110455065999     
  0.16843380215909654     
  0.15000054997413606     
  0.15000132548144982     
  0.15000133363932458     
  0.15000133368479887     
  0.16842548832853271     
  0.16843427794358648     
  0.16843427793813642     
  0.15000061072776336     
  0.15000161597173975     
  0.15000162368367490     
  0.15000162373327852     
  0.15887267066555677     
  0.16843459874132688     
  0.16843459873870151     
  0.15000047767371624     
  0.15000045386439539     
  0.16843488531960124     
  0.16843488531945966     
  0.15722188545334626     
  0.16176205990608816     
  0.15275499020869271     
  0.16843513849914468     
  0.16843513849931738     
  0.16559628439332111     
  0.15000038410559169     
  0.16770789449503301     
  0.16843534077736239     
  0.16843534077750505     
  0.16843423069753605     
  0.16835336876912957     
  0.15000041288201860     
  0.15000070728388282     
  0.15000198752927335     
  0.15000199915882598     
  0.15000150528333400     
  0.15000005606666467     
  0.15000013686668370     
  0.16843549309782202     
  0.16843549309781811     
  0.15000029787252897     
  0.15240887226647473     
  0.14999999999999999     
  0.15000011261243940     
  0.15000012683427805     
  0.15000012939845192     
  0.15000012942825250     
  0.15000012942528071     
  0.16843559492365581     
  0.16843559492379914     
  0.16561561670294794     
  0.16557084049703796     
  0.16843564606936423     
  0.16843564606910622     
  0.15000219250887420     
  0.15000048125308382     
  0.15000037243163775     
  0.15251533588772209     
  0.15251503130703462     
  0.16843449232334790     
  0.15000050709303550     
  0.14999999999999997     
  0.15000011909760588     
  0.15000013413340377     
  0.15000013709803828     
  0.15000013712068264     
  0.15000013712092658     
  0.15000012751944328     
  0.16300152920623717     
  0.15734293383796830     
  0.15734308651632808     
  0.16642733582513322     
  0.16696940830678009     
  0.16799855964703847     
  0.16833523935916067     
  0.16179102565110576     
  0.16179143862474982     
  0.15000032979348588     
  0.16841348030738626     
  0.15000036702826527     
  0.15000039412676541     
  0.15000023431313253     
  0.14999999999999997     
  0.15000013233663731     
  0.15000014961918373     
  0.15000015364211175     
  0.15000015366107081     
  0.15000015366114744     
  0.15000033844769187     
  0.15000047736875416     
  0.15000047908729730     
  0.15000047909417577     
  0.15131981080530613     
  0.15000053881870742     
  0.15000058500692290     
  0.16843397734473789     
  0.15000038723820583     
  0.15000062516462445     
  0.15000062794883842     
  0.15000062796034141     
  0.15000034611243521     
  0.15000041597510577     
  0.15000072675988557     
  0.15000073037174877     
  0.15000073038191220     
  0.16831182500105304     
  0.16843389759168750     
  0.16843389761246191     
  0.15000044840936835     
  0.15000085359818596     
  0.15000048222071402     
  0.15000085748263464     
  0.15000085750785422     
  0.15000000000000002     
  0.15000015308299278     
  0.15000017497914395     
  0.15000018218490155     
  0.15000018227025164     
  0.15000018227057516     
  0.15000208867228187     
  0.15000048528323051     
  0.15000101283501924     
  0.15000101832217141     
  0.15000101834735985     
  0.15000040880010157     
  0.16837090258997803     
  0.16843407911467287     
  0.16843407910471148     
  0.15125681688270304     
  0.15000052913484244     
  0.15000121539252537     
  0.15000122351185327     
  0.15000122354976514     
  0.16840539846306704     
  0.16843417844153249     
  0.16843417845556208     
  0.15000058249915213     
  0.15000147518714876     
  0.15000148611474370     
  0.15000148615430564     
  0.16843203652716496     
  0.16843451135984780     
  0.16843451135537962     
  0.15000000000000002     
  0.15000018261302628     
  0.15000021350044229     
  0.15000023153773931     
  0.15000023174940280     
  0.15000023175005053     
  0.15000049841909799     
  0.16843481990845280     
  0.16843481990882611     
  0.15000065719303940     
  0.15000181016395944     
  0.15000182176935631     
  0.15000182016826136     
  0.16843508745722929     
  0.16843508745707117     
  0.15955654632710933     
  0.16385811082023047     
  0.15000027414317302     
  0.15000033130785859     
  0.15000033156042109     
  0.15000033156333964     
  0.16843531212137047     
  0.16843531212121854     
  0.16691705957158315     
  0.15486051428616357     
  0.16814991904628654     
  0.15000021903458569     
  0.14999999999999997     
  0.15000021948921174     
  0.15000039024525250     
  0.15000063498210531     
  0.16843548752824317     
  0.16843548752798640     
  0.16844030611978641     
  0.16843388881666871     
  0.15000231370001058     
  0.16843561356263687     
  0.16843561356280817     
  0.15000049584223202     
  0.15779644728204345     
  0.16843568942187451     
  0.16843568942213138     
  0.15000078288050259     
  0.15000229696431167     
  0.15000220647447196     
  0.15000422280151507     
  0.15000033938673210     
  0.15000000000000005     
  0.15000026031851327     
  0.15000041929111751     
  0.16055051469568105     
  0.16843571493410248     
  0.16843571493419757     
  0.15000036197352870     
  0.15000054503798718     
  0.15000054650798317     
  0.15000054651697911     
  0.16843446772947909     
  0.15000037103956640     
  0.15513651188593780     
  0.16843470609422187     
  0.15496333376003157     
  0.15496344800246803     
  0.15000046195414715     
  0.16493513853401978     
  0.16743847177863566     
  0.15969509670155560     
  0.15969521401296549     
  0.15000045569247306     
  0.16828984088232252     
  0.16845958490318866     
  0.16400091577306039     
  0.16397052900360651     
  0.15000054815068989     
  0.16605850285630169     
  0.15000043195190105     
  0.15000040277548926     
  0.15000067756597460     
  0.15000068045411466     
  0.15000068047180284     
  0.16810243492123300     
  0.16843387738778998     
  0.16843387740467058     
  0.15000043366285143     
  0.15000079320717347     
  0.15000079621363882     
  0.15000079623442406     
  0.15000046842928869     
  0.15000093662030237     
  0.15000094042495626     
  0.15000094044945697     
  0.15000050900830136     
  0.15000111806559174     
  0.15000112415373598     
  0.15000112418085801     
  0.15000037595936602     
  0.15000058835089047     
  0.15000058994523838     
  0.15000058995708043     
  0.15000055700870527     
  0.15000135020118321     
  0.15000135834794581     
  0.15000135838708931     
  0.16842351484949633     
  0.16843438876863231     
  0.16843438877481234     
  0.15000061908795528     
  0.15000164610849229     
  0.15000165857743436     
  0.15000165860149184     
  0.15000032751557041     
  0.15000035551394472     
  0.15000046438611836     
  0.16843515512406890     
  0.16843468613076978     
  0.16843468614141688     
  0.16843501122592439     
  0.16843501122879276     
  0.15000030199117237     
  0.15726816254307605     
  0.15000041581135193     
  0.15000021624775028     
  0.16180364390431440     
  0.16843527092150012     
  0.16843527092172050     
  0.16563445492065676     
  0.16772326509778665     
  0.16843546735083648     
  0.16843546735083925     
  0.16835798712006528     
  0.16846592631919180     
  0.15000043774191602     
  0.15249842681980660     
  0.16843561695596213     
  0.16843561695606743     
  0.16834534018480390     
  0.15248100401738043     
  0.15000072030255024     
  0.15000203278476068     
  0.15000204522444235     
  0.15000166987728131     
  0.15000282786527711     
  0.16843571710294519     
  0.16843571710268843     
  0.15000031684838619     
  0.16843401869154784     
  0.15105012819844008     
  0.15123806708669035     
  0.15000223991235315     
  0.16843576741006036     
  0.16843576740985230     
  0.15000027225215806     
  0.15000040815012849     
  0.15000048817637607     
  0.15251711102126575     
  0.15251703700447997     
  0.16843576762924445     
  0.16843576762942317     
  0.16836935264950481     
  0.16843404961107966     
  0.16843404961373926     
  0.16843457334172818     
  0.15000055800901890     
  0.16843495564597291     
  0.16303996775595200     
  0.15737829974387296     
  0.15737835445406564     
  0.16645414957189386     
  0.15000038707198857     
  0.16800709568277380     
  0.16185550556132880     
  0.16185592387139167     
  0.16843398910741850     
  0.15000012921494699     
  0.16841570120561955     
  0.16846787318740616     
  0.15000059812634531     
  0.15000052066039443     
  0.15000048753815115     
  0.14999999999999997     
  0.15000029347454524     
  0.15000215386809609     
  0.15000014582853283     
  0.15889492524360505     
  0.15000039046691926     
  0.15000063447843273     
  0.15000063646177580     
  0.15000063646989506     
  0.15000041989655749     
  0.15000073819327200     
  0.15000074133977870     
  0.15000074135402758     
  0.16843412269965724     
  0.16839959500883259     
  0.16843429185983283     
  0.16843429185762143     
  0.15000045265197107     
  0.15000086659266226     
  0.15000087167734380     
  0.15000087169248083     
  0.15000049046898298     
  0.15000103052205263     
  0.15000103459142372     
  0.15000103462014808     
  0.16696671820134912     
  0.15000045193987974     
  0.15000053454099532     
  0.15000123718668948     
  0.15000124391080358     
  0.15000124394130493     
  0.15000058865604887     
  0.15000150167310805     
  0.15000151089968600     
  0.15000151094145037     
  0.16843238091686477     
  0.16843466265451743     
  0.16843466264589699     
  0.16843602307815847     
  0.16843499664227796     
  0.16843499663346717     
  0.15000043556244952     
  0.15000033960344794     
  0.16565389050291271     
  0.16560743632783306     
  0.15000036801462072     
  0.15000056204392609     
  0.15000056396406203     
  0.15000056397157246     
  0.15000066377152077     
  0.15000183981720469     
  0.15000185369442084     
  0.15000185269485070     
  0.16843522700614802     
  0.16843522700166169     
  0.15959028340147455     
  0.15000061385969227     
  0.16388949968709896     
  0.15432463447480488     
  0.16843543290246357     
  0.16843543290237109     
  0.16693255924533948     
  0.15492234596271492     
  0.16815412372051897     
  0.15661598486084538     
  0.16843560538397537     
  0.16843560538423213     
  0.16844094098127030     
  0.16846632145373164     
  0.15000052181653911     
  0.16843572939647669     
  0.16843572939644341     
  0.15000267695923050     
  0.16843580400373342     
  0.16843580400367722     
  0.15000078289195776     
  0.15000233490155293     
  0.15000224695262929     
  0.15000544819077999     
  0.15000037319306009     
  0.16843582905090840     
  0.16843582905080942     
  0.16843453776706252     
  0.15147676147159211     
  0.16843580440180941     
  0.16843580440171582     
  0.15498257481896682     
  0.15498273431286103     
  0.16843485625730875     
  0.15000026696759058     
  0.16090093769522235     
  0.15000041620531021     
  0.16495957780857451     
  0.15000035301767109     
  0.16843515596136191     
  0.15000039697068462     
  0.16744374695478129     
  0.15972282983085090     
  0.15972313308330954     
  0.15000046661014357     
  0.16829182196788259     
  0.15000035478762005     
  0.15000052247966478     
  0.15000052428748950     
  0.15000052429487196     
  0.16845885791993298     
  0.16355696448573281     
  0.16355763167326778     
  0.16846265563608220     
  0.16843409166943019     
  0.15000039333346102     
  0.15000037187946880     
  0.16805012182832271     
  0.16843402179378328     
  0.16843402181622910     
  0.15000036371552691     
  0.15000037947881989     
  0.15000059706338495     
  0.15000059920741801     
  0.15000059921711764     
  0.15000040667287851     
  0.15000068840658143     
  0.15000069175456651     
  0.15000069176067074     
  0.15000043759311268     
  0.15000080445536149     
  0.15000080838907937     
  0.15000080839991795     
  0.15000047313161230     
  0.15000095047044282     
  0.15000095527324148     
  0.15000095528523308     
  0.15000027356073484     
  0.15000035258313790     
  0.15000051409217685     
  0.15000113612606431     
  0.15000114073801721     
  0.15000114075977486     
  0.15000056261380257     
  0.15000137138439440     
  0.15000137931171190     
  0.15000137934640975     
  0.15000023103209878     
  0.16842230928915256     
  0.16843452305044354     
  0.16843452305196777     
  0.15000062366988626     
  0.15000167190226429     
  0.15000168080848780     
  0.15000168087994908     
  0.16843598918290767     
  0.16843483863480366     
  0.16843483863771228     
  0.15000063411074269     
  0.16843606351440754     
  0.16843514834227732     
  0.16843514833897064     
  0.15730955610317091     
  0.16183767055728393     
  0.16843538131785141     
  0.16843538131687949     
  0.16565268128773658     
  0.16833251520228246     
  0.15000046848435697     
  0.16772456806392058     
  0.15000033931416890     
  0.16843557916463034     
  0.16843557916483926     
  0.15120128018558554     
  0.16835849894142488     
  0.15000071825523845     
  0.15000206290733090     
  0.15000207420598363     
  0.15000159668695007     
  0.16846453256896393     
  0.16843572653962630     
  0.16843572653948805     
  0.16845911890664697     
  0.15244404373818624     
  0.15000046679242227     
  0.16685702155414350     
  0.16843484840805945     
  0.15000032259088616     
  0.15000043814703384     
  0.15000014934421602     
  0.16843582508209412     
  0.16843582508228275     
  0.15000041216281063     
  0.15000321150702253     
  0.15000227660206716     
  0.16843587450904096     
  0.16843587450929778     
  0.15250349933137058     
  0.15252978368844239     
  0.15252915932394712     
  0.16843587467626167     
  0.16843587467642085     
  0.16843488029943077     
  0.15478456901596757     
  0.15000038902361873     
  0.16843582559255357     
  0.16843582559281298     
  0.15000057820455845     
  0.15000012608318788     
  0.16843510680268772     
  0.16306446371838235     
  0.15869924909083064     
  0.15738891844824521     
  0.15738895142652509     
  0.16646656066426987     
  0.16800688824642596     
  0.16843524674114502     
  0.16188237859444241     
  0.16188272298040660     
  0.16841545753213252     
  0.16846586271626121     
  0.16839368706446919     
  0.16843422546305220     
  0.16843422546250458     
  0.16555927894752001     
  0.16550001556560370     
  0.16845483721401747     
  0.15000218747380448     
  0.15000049454451453     
  0.15000055139097077     
  0.15000052767405919     
  0.16843415067565110     
  0.15000039411981786     
  0.15000064373847105     
  0.15000064666020077     
  0.15000064667388843     
  0.15000036835610273     
  0.15000056169647599     
  0.15000056362884337     
  0.15000056363871367     
  0.15000042340976139     
  0.15000074802401514     
  0.15000075161355114     
  0.15000075162768001     
  0.15000045680532714     
  0.15000087876943499     
  0.15000088328893507     
  0.15000088330904424     
  0.15000043486147735     
  0.15000049487202261     
  0.15000104430750832     
  0.15000104979884102     
  0.15000104982368356     
  0.15126623666036171     
  0.15000053967864682     
  0.15000125527664246     
  0.15000126070473957     
  0.15000126072961531     
  0.16840017960284606     
  0.16843441329882658     
  0.16843441330266609     
  0.15000059377200836     
  0.15000152321597887     
  0.15000153238497535     
  0.15000153243613204     
  0.16843229672998944     
  0.16843474864341559     
  0.16843474864780106     
  0.15000035601004971     
  0.15000028901164922     
  0.15000050030757592     
  0.16843700068446918     
  0.16843504438426074     
  0.16843504439014303     
  0.15000066686987926     
  0.15000186672962193     
  0.15000187776790669     
  0.15000187640082416     
  0.16843577286030875     
  0.16843525538521564     
  0.16843525540551710     
  0.15962642082158554     
  0.16390941874127660     
  0.16843554031183575     
  0.16843554031209243     
  0.16694071142404274     
  0.16843419543038138     
  0.15492182875521102     
  0.16815357430176872     
  0.16843570853658518     
  0.16843570853668968     
  0.16844017567193562     
  0.16846417081217435     
  0.15000054886895831     
  0.16845161995007579     
  0.16843583090804159     
  0.16843583090778477     
  0.15000035750844484     
  0.15000020280792709     
  0.16843590426915139     
  0.16843590426902796     
  0.15000083839697120     
  0.15000237321685697     
  0.15000228131857352     
  0.15000654254154461     
  0.16843424057743017     
  0.16843592886706604     
  0.16843592886715569     
  0.14999999999999999     
  0.15000011253272283     
  0.15000012637676496     
  0.15000012891859943     
  0.15000012894352380     
  0.15000012895435710     
  0.15642511952647059     
  0.16843590455535593     
  0.16843590455541499     
  0.15498853357517395     
  0.15498867028102212     
  0.16843479218421578     
  0.15000012953922770     
  0.16094636153983133     
  0.15000034350880323     
  0.15000049014366157     
  0.15000049200218243     
  0.15000049200662191     
  0.16843583151566940     
  0.16497400614736349     
  0.16843518228555043     
  0.16663650388032222     
  0.16744850897108590     
  0.15973687170138057     
  0.15973695981151542     
  0.16359003361642638     
  0.16359049128648986     
  0.16829096816863909     
  0.14999999999999997     
  0.15000011556291029     
  0.15000013014455763     
  0.15000013287721656     
  0.15000013291608907     
  0.15000013291626457     
  0.16845774869082819     
  0.16846028974483404     
  0.16844831885538109     
  0.15000035783608190     
  0.15000053012844028     
  0.15000053239188413     
  0.15000053239796701     
  0.16834863620486742     
  0.16807856230241666     
  0.16843416501002217     
  0.16843416503293304     
  0.15000067197288541     
  0.15000038195665411     
  0.15000060323982742     
  0.15000060551049171     
  0.15000060551978975     
  0.15000005645834177     
  0.15000311426990448     
  0.15000040973347334     
  0.15000069692972995     
  0.15000069986716513     
  0.15000069988080916     
  0.15000000000000002     
  0.15000012560279707     
  0.15000014160509514     
  0.15000014492529024     
  0.15000014496384803     
  0.15000014496395436     
  0.15000042648699724     
  0.15000044120373010     
  0.15000081396325624     
  0.15000081843928867     
  0.15000081845965904     
  0.15000041398862451     
  0.15000047694546090     
  0.15000096180848793     
  0.15000096782925473     
  0.15000096785394545     
  0.15000051851992807     
  0.15000114943413639     
  0.15000115679979587     
  0.15000115682975376     
  0.15000051420230512     
  0.15000056718507870     
  0.15000138983913333     
  0.15000139604574800     
  0.15000139608802140     
  0.16842237367892318     
  0.16843465198727345     
  0.16843465198501706     
  0.14999999999999999     
  0.15000014267626335     
  0.15000016179424733     
  0.15000016717629527     
  0.15000016721024606     
  0.15000016721066534     
  0.15000062827095953     
  0.15000169205741715     
  0.15000170407512339     
  0.15000170409293501     
  0.16843587210116123     
  0.16843499164734135     
  0.16843499164125117     
  0.15000046090719818     
  0.16843690108485976     
  0.16843527123107047     
  0.16843527122373289     
  0.15731639478002002     
  0.15000037459093946     
  0.16186797014626245     
  0.16844039477157757     
  0.16843549777991104     
  0.16843549777710112     
  0.14999999999999999     
  0.15000016781576764     
  0.15000019377143270     
  0.15000020512641657     
  0.15000020522198809     
  0.15000020522225793     
  0.15000045957693414     
  0.16566402517581613     
  0.16772902306535042     
  0.16843567427510367     
  0.16843567427493791     
  0.15000072580106880     
  0.15000208853057070     
  0.15000209700551376     
  0.15000152033169509     
  0.16835772885955558     
  0.16569531353095637     
  0.16564263113794722     
  0.16846328767702434     
  0.15249696920847169     
  0.16843582183066136     
  0.16843582183066708     
  0.16845685291023432     
  0.16844591119321412     
  0.16843591858624415     
  0.16843591858650095     
  0.15000024261283140     
  0.15000027505486810     
  0.15000027548661832     
  0.15000027548738079     
  0.14999999999999997     
  0.15000020244308132     
  0.15000040827968103     
  0.15000048698049884     
  0.16843401558044771     
  0.15000231191106131     
  0.15165675467714257     
  0.16843596722758181     
  0.16843596722751386     
  0.15105094611456821     
  0.15255089782460093     
  0.15255067928751276     
  0.16843596732773350     
  0.16843596732763660     
  0.15000037782861039     
  0.16843497692253795     
  0.15382712090979483     
  0.15000056530427291     
  0.15866831086907515     
  0.15107057285534192     
  0.16843591893646664     
  0.16843591893646112     
  0.15000030700089928     
  0.14999999999999997     
  0.15000024288713396     
  0.15000039205586610     
  0.16843521819857757     
  0.16308848187506733     
  0.15000038993930517     
  0.15740532858519110     
  0.15740541547083395     
  0.16647407566673900     
  0.16843582240889407     
  0.16843582240874341     
  0.16800983877001055     
  0.16843545565440787     
  0.15000050236292453     
  0.16188005243170428     
  0.16188048521097165     
  0.16841455598293117     
  0.15000052507903111     
  0.16843425953818214     
  0.16846446052425820     
  0.15000221934114058     
  0.16845253097222820     
  0.16839048382693783     
  0.16843432905107769     
  0.16843432905145664     
  0.14999999999999997     
  0.15000028099938295     
  0.16844367550570361     
  0.15000048178575512     
  0.15000037026706153     
  0.15000056632066361     
  0.15000056831124406     
  0.15000056831760969     
  0.15000031830859356     
  0.15000042449768478     
  0.15000042522128346     
  0.15000042522568979     
  0.15000039670400092     
  0.15000065083078268     
  0.15000065295668571     
  0.15000065297065032     
  0.15000044591482367     
  0.15000042631090227     
  0.15000075609940347     
  0.15000075947863198     
  0.15000075949170719     
  0.15000046009455562     
  0.15000088869697970     
  0.15000089328434318     
  0.15000089330482425     
  0.15000055913651503     
  0.16665725744767129     
  0.15000039480143162     
  0.15000049868211013     
  0.15000105559524873     
  0.15000106232504329     
  0.15000106234944202     
  0.15000025332699013     
  0.15000054401566804     
  0.15000126847893722     
  0.15000127676090194     
  0.15000127679069436     
  0.16840257629845540     
  0.16843452867406553     
  0.16843452867478051     
  0.15000011698446686     
  0.15000059791305301     
  0.15000154138924313     
  0.15000154882611191     
  0.15000154887545022     
  0.16843218322805342     
  0.16843485176090944     
  0.16843485176179693     
  0.15000044268974008     
  0.16843689837685599     
  0.16843515862037528     
  0.16843515862041863     
  0.15000067014503068     
  0.15000188641968779     
  0.15000189558706256     
  0.15000189380658091     
  0.15000047852457679     
  0.15000046496275959     
  0.16843645074148550     
  0.16843546139490398     
  0.16843546137809387     
  0.15964089592845021     
  0.15000031672200875     
  0.16393023687848837     
  0.16833748968992748     
  0.16843935722824599     
  0.16843563020736840     
  0.16843563020673918     
  0.16694902579454049     
  0.15489833294245439     
  0.16815624165214163     
  0.15000062323750318     
  0.15000266099271611     
  0.16843579779891762     
  0.16843579779949658     
  0.16843936120694777     
  0.15000013024728903     
  0.16846279941700809     
  0.15000041015636684     
  0.16844943701085455     
  0.16843591778486630     
  0.16843591778468239     
  0.16844202643271208     
  0.15000044464281384     
  0.15000084132755190     
  0.15000243320940088     
  0.15000230520469846     
  0.15000537702971051     
  0.16843598997805539     
  0.16843598997788420     
  0.15000035471100265     
  0.15636358234596229     
  0.16843601418305237     
  0.16843601418314677     
  0.14999999999999997     
  0.15000029425837400     
  0.16843603388473299     
  0.15000020548102092     
  0.16843599012095703     
  0.16843599012095464     
  0.15500767566857898     
  0.15500779318878083     
  0.16843534392472004     
  0.16843966087053464     
  0.16095413817873389     
  0.16843591805159641     
  0.16843591805141667     
  0.16499074624197138     
  0.16843541909649262     
  0.16745721681404388     
  0.15974255396918408     
  0.15974278256541474     
  0.15000016382322398     
  0.16829245720691177     
  0.16403456468746241     
  0.16401310439965497     
  0.16843556209234722     
  0.16845685993360784     
  0.15000012831689752     
  0.15000035852071586     
  0.15000053105339572     
  0.15000053243829123     
  0.15000053244893449     
  0.16810111718961421     
  0.16843426361874714     
  0.16843426364125194     
  0.15000025669765149     
  0.16845884635481984     
  0.16844612867317235     
  0.16843433286940243     
  0.16844063780340354     
  0.15000036765590422     
  0.15000014761936076     
  0.15000038413377523     
  0.15000060836061410     
  0.15000061117271804     
  0.15000061117931063     
  0.15000041228924574     
  0.15000070376852573     
  0.15000070611833896     
  0.15000070613918601     
  0.15000043901640289     
  0.15000044401281626     
  0.15000082255504821     
  0.15000082627168049     
  0.15000082628196226     
  0.15000048013580003     
  0.15000097224405037     
  0.15000097722659667     
  0.15000097724879222     
  0.15126659545510149     
  0.15000052206909892     
  0.15000116233216096     
  0.15000116774496761     
  0.15000116777836597     
  0.15000057152488885     
  0.15000140302065962     
  0.15000141138755627     
  0.15000141141911980     
  0.16842362797653804     
  0.16843473700751826     
  0.16843473700803918     
  0.15000063313962103     
  0.15000170929478590     
  0.15000171929714892     
  0.15000171935345299     
  0.15000034421917022     
  0.15000042615441006     
  0.16843615811147444     
  0.16843504668025908     
  0.16843504668444176     
  0.15207547888890954     
  0.15000070296194273     
  0.15000012967994036     
  0.16843689452389674     
  0.16843530254031386     
  0.16843530255103176     
  0.15000012837719559     
  0.15000037840813005     
  0.15730070753187930     
  0.16188533520413131     
  0.16843595202735245     
  0.16843555691879683     
  0.16843555692557682     
  0.15000035759779048     
  0.16567839864419312     
  0.16773688317822263     
  0.16843819386888478     
  0.16843574340275033     
  0.16843574340676462     
  0.15000073019588467     
  0.15000210621720605     
  0.15000211646051670     
  0.15000174479290054     
  0.16835889832682041     
  0.16846247960867208     
  0.16843590318930798     
  0.16843590319013568     
  0.16845548967441493     
  0.15000290558470672     
  0.15245523750016274     
  0.16844389445268995     
  0.16843599726906788     
  0.16843599726889527     
  0.16843957547712138     
  0.15000232161303520     
  0.15000058821934906     
  0.16843604533139991     
  0.16843604533148807     
  0.15000041528788718     
  0.16842716081589745     
  0.16666566370358163     
  0.15252828591596648     
  0.15252802104015181     
  0.15000012507338301     
  0.15873487414773901     
  0.15000036298697592     
  0.15000046808051795     
  0.16843604533535450     
  0.16843604533517315     
  0.16843328998237173     
  0.15000051584724802     
  0.15000039331153314     
  0.15000017928427375     
  0.15120534405951930     
  0.15000050482557339     
  0.16843599746457835     
  0.16843599746467708     
  0.15000048901462643     
  0.15000053586005233     
  0.15000040635298328     
  0.16843482550063252     
  0.16310509381369814     
  0.16843081463496229     
  0.15740852061249153     
  0.15740871482281626     
  0.16648521832906543     
  0.16843590212753226     
  0.16843590212752835     
  0.16831888026202907     
  0.16801541993398628     
  0.16843543117836479     
  0.16190161278979667     
  0.16190203395434161     
  0.15442454103663752     
  0.16841503261403309     
  0.16846361161971299     
  0.16837513396153278     
  0.16843442706945513     
  0.16843442707007442     
  0.16843570232402597     
  0.15000222189120421     
  0.16845111981211700     
  0.15000037226578594     
  0.15000057066038194     
  0.15000057309193246     
  0.15000057310221399     
  0.15000037533353630     
  0.16844175326376012     
  0.15000030606227677     
  0.15000034717246816     
  0.15000049898869269     
  0.15000049985597380     
  0.15000049986485584     
  0.16843876856525011     
  0.15000031320258483     
  0.15000039871401102     
  0.15000065520988562     
  0.15000065840755347     
  0.15000065841842092     
  0.15000042864487539     
  0.15000076290141465     
  0.15000076557401901     
  0.15000076559819908     
  0.15000063818589060     
  0.15000046275391593     
  0.15000089675083489     
  0.15000090121729309     
  0.15000090123783322     
  0.15000054478312677     
  0.15000050170642304     
  0.15000106608974267     
  0.15000107173934069     
  0.15000107175554347     
  0.15000033383864347     
  0.15000054693702752     
  0.15000128082920611     
  0.15000128723095407     
  0.15000128728164905     
  0.16840157732619854     
  0.16843461400317394     
  0.16843461400404783     
  0.15000060139853291     
  0.15000155293395159     
  0.15000156381416344     
  0.15000156384945840     
  0.15669995781219889     
  0.16843141317226445     
  0.16843495107935080     
  0.16843495107689554     
  0.16570255614047238     
  0.16565112787636294     
  0.16843673975019657     
  0.16843525612644664     
  0.16843525612061647     
  0.15000067281473672     
  0.15000190000563807     
  0.15000191195832790     
  0.15000191093701382     
  0.16843652473183637     
  0.16843549089576423     
  0.16843549089605958     
  0.16843439393342241     
  0.15965203747778431     
  0.16394535228157342     
  0.16843586852041131     
  0.16843573084950153     
  0.16843573084409053     
  0.16695869151211903     
  0.15492255044104086     
  0.16816042345360716     
  0.16843737774773682     
  0.16843588933590498     
  0.16843588933015088     
  0.16843966286605430     
  0.16846203226946269     
  0.16844814529263710     
  0.16843598869657769     
  0.16843598869654963     
  0.15148052171956342     
  0.16844032247164409     
  0.15000012025074197     
  0.15000246088746511     
  0.15000089138697559     
  0.15000236385523333     
  0.15000231208405929     
  0.15000437437752231     
  0.16843811373473563     
  0.16843606095731758     
  0.16843606095739438     
  0.16844841608083003     
  0.16843608478350769     
  0.16843608478376454     
  0.16844032464437456     
  0.16843606087823146     
  0.16843606087823365     
  0.15499656539907586     
  0.15499673036378184     
  0.16843632153781049     
  0.16096713685644781     
  0.16843598956460962     
  0.16843598956435285     
  0.16500167775029317     
  0.16843560196318549     
  0.16746394504109513     
  0.15974919974604909     
  0.15974947785276319     
  0.15000038907086258     
  0.16843587135093918     
  0.16843587135100499     
  0.16829513863303508     
  0.15000031225131405     
  0.16808577919467069     
  0.16843436078520466     
  0.16843436080743851     
  0.16843569975314934     
  0.16362160127935788     
  0.16362223566390738     
  0.16845683314759569     
  0.16833557406907410     
  0.16845806003608044     
  0.15000044481210706     
  0.16843584319763097     
  0.16844484503390880     
  0.16664895739702590     
  0.16843908525856754     
  0.15000046588876953     
  0.16843766901131760     
  0.15000038593333820     
  0.15000061273380688     
  0.15000061516949995     
  0.15000061518062455     
  0.15000041422420013     
  0.15000070790199230     
  0.15000071141109689     
  0.15000071142053012     
  0.15000044617069525     
  0.15000082905868620     
  0.15000083268103806     
  0.15000083269773271     
  0.15000048282154416     
  0.15000098021555380     
  0.15000098502864545     
  0.15000098504861650     
  0.15000052497543781     
  0.15000117131669224     
  0.15000117757344525     
  0.15000117760240092     
  0.15000057417574364     
  0.15000141316726120     
  0.15000142284479645     
  0.15000142286582283     
  0.16842551120117499     
  0.16843481307844690     
  0.16843481307980293     
  0.15000063540485375     
  0.15000172212337126     
  0.15000173114002474     
  0.15000173117491952     
  0.16843661254478262     
  0.16843513104596292     
  0.16843513104719376     
  0.16843700246067148     
  0.16843542168998021     
  0.16843542168678124     
  0.15000042428886107     
  0.15733841708370230     
  0.15000057127679503     
  0.15000048549117856     
  0.16189833117947233     
  0.16843632616105081     
  0.16843564010164860     
  0.16843564010105305     
  0.16569000826125357     
  0.15000034533108261     
  0.15000073779687936     
  0.15000210959611138     
  0.15000212552824976     
  0.15000169978422220     
  0.16774136136218454     
  0.15000040016974434     
  0.16843588912522239     
  0.16843582813198515     
  0.16843582813157171     
  0.16836076616136122     
  0.15000048526511706     
  0.15247059099192947     
  0.16846238810571026     
  0.15245074701450367     
  0.16843688138312210     
  0.16843595746695669     
  0.16843595746879181     
  0.15000040792925870     
  0.16845478474515155     
  0.15000026246334494     
  0.16844276589429319     
  0.15000038169511118     
  0.15548623731741931     
  0.16843606138325848     
  0.16843606138343950     
  0.15120390899214481     
  0.15000232878061728     
  0.16843824363930895     
  0.16843727700898375     
  0.15106698690651468     
  0.15000055249893635     
  0.15000028511532865     
  0.16843610863314337     
  0.16843610863331193     
  0.15252848015003725     
  0.15252809656950481     
  0.15833257443355964     
  0.16841973245158529     
  0.15000053344177691     
  0.16843610848970236     
  0.16843610848944560     
  0.15000066784534832     
  0.15000046058424552     
  0.16843225558226468     
  0.15000046770043290     
  0.15000031013538251     
  0.16842254312986868     
  0.16843606100911931     
  0.16843606100929778     
  0.15000039228881115     
  0.16843489525846594     
  0.16310903362811585     
  0.16843442934675679     
  0.15000043149120362     
  0.15739364021424457     
  0.15739374747164231     
  0.15000061322058122     
  0.16649501804966699     
  0.16843596659737345     
  0.16843596659753415     
  0.16801834234928922     
  0.16843544980257610     
  0.16190729260540521     
  0.16190776417810884     
  0.16558417598205794     
  0.16552499154702890     
  0.15000037521484250     
  0.15000057891325536     
  0.15000058093650359     
  0.15000058094248497     
  0.16838115821811567     
  0.16843448795566013     
  0.16843448795452129     
  0.16841612869844202     
  0.16843582586684444     
  0.16846337315046281     
  0.15000223981780228     
  0.15000050758576966     
  0.16843574958326696     
  0.16845040877963363     
  0.15000036244247791     
  0.15000054032223203     
  0.15000054243922023     
  0.15000054244376085     
  0.16844067720733524     
  0.16843590851633639     
  0.16843759617984214     
  0.14999999999999999     
  0.15000011351731721     
  0.15000012776441682     
  0.15000013038058529     
  0.15000013041109247     
  0.15000013041188712     
  0.16843704049101929     
  0.15000290923148402     
  0.15000039965161860     
  0.15000065750917396     
  0.15000066016475647     
  0.15000066017664243     
  0.15000013947975588     
  0.15000036967235636     
  0.15000043086235673     
  0.15000076771235904     
  0.15000077124513517     
  0.15000077125439581     
  0.15000046492614535     
  0.15000090316015335     
  0.15000090681011594     
  0.15000090682635042     
  0.15000029541417395     
  0.15000050428272316     
  0.15000107331731258     
  0.15000107914599320     
  0.15000107917116934     
  0.14999999999999997     
  0.15000011993419893     
  0.15000013529405024     
  0.15000013822563224     
  0.15000013825933833     
  0.15000013825948830     
  0.15000052706070321     
  0.15000034055078224     
  0.15000054995404341     
  0.15000128944006846     
  0.15000129689702957     
  0.15000129692338948     
  0.16840365876926164     
  0.16843468293470987     
  0.16843468293508612     
  0.15000036978683517     
  0.15000060551173111     
  0.15000156420657085     
  0.15000157232498640     
  0.15000157237548117     
  0.15000031937188765     
  0.15000043244774208     
  0.16686871949664150     
  0.16843093139273260     
  0.16843500542409565     
  0.16843500542604706     
  0.16831803814359600     
  0.16843675764437274     
  0.16843529294968354     
  0.16843529295185619     
  0.15000049728175613     
  0.15000067690896615     
  0.15000190778245373     
  0.15000192187027578     
  0.15000192083239650     
  0.15000040616298341     
  0.14999999999999997     
  0.15000013329973133     
  0.15000015094127955     
  0.15000015510688391     
  0.15000015514234979     
  0.15000015514253381     
  0.16843652574560600     
  0.16843555738153859     
  0.16843555738183552     
  0.15965779442470335     
  0.16395576554922475     
  0.16843611574206060     
  0.16843575606305064     
  0.16843575606698055     
  0.16696520639263807     
  0.15494007107877902     
  0.15000023926017750     
  0.16816236731996162     
  0.16843592065559321     
  0.16843591894314713     
  0.16843591894693766     
  0.16844037474633933     
  0.16846178818108992     
  0.15000000000000002     
  0.15000015510392012     
  0.15000017698534310     
  0.15000018444191990     
  0.15000018451632655     
  0.15000018451663300     
  0.16844752285160380     
  0.16843659766696470     
  0.16843604885838706     
  0.16843604885756855     
  0.16843941040343921     
  0.15000085492133425     
  0.15000244914821079     
  0.15000232339957911     
  0.15000548925525381     
  0.16843713471117694     
  0.16843611692308302     
  0.16843611692301808     
  0.16843680891741228     
  0.16846098379756530     
  0.16843614050161235     
  0.16843614050161354     
  0.15148444947325482     
  0.16844097791165674     
  0.14999999999999999     
  0.15000018554172359     
  0.15000021670390079     
  0.15000023570659865     
  0.15000023583625197     
  0.15000023583740432     
  0.15000017882952693     
  0.16843611662225405     
  0.16843611662217275     
  0.15498399208860089     
  0.15498426275627628     
  0.16843606548227075     
  0.16091660496992430     
  0.15000047407527753     
  0.16843604590736391     
  0.16843604590744701     
  0.16500960525190811     
  0.15000027761421370     
  0.15000033631822851     
  0.15000033713443384     
  0.15000033713836827     
  0.16843566735851487     
  0.16804870394972876     
  0.16843442086187999     
  0.16843442088436875     
  0.16843447727636865     
  0.16746622281505538     
  0.15974159395474244     
  0.15974181312155228     
  0.16360336439482701     
  0.16360372269244472     
  0.16843592870167839     
  0.16843592870169977     
  0.16829641978133072     
  0.16843570488565396     
  0.16845719123098732     
  0.14999999999999997     
  0.15000022342872660     
  0.16845775610329933     
  0.16843587598348836     
  0.16844423575804551     
  0.15000032786921072     
  0.16843824771943899     
  0.15000038018573489     
  0.15662481794231381     
  0.16843682975012245     
  0.16843602507751224     
  0.16843668412607096     
  0.15000041576159723     
  0.15000071274237251     
  0.15000071573649904     
  0.15000071574844820     
  0.14999999999999997     
  0.15000026448563902     
  0.15000038367866919     
  0.15000060480250563     
  0.15000060661293874     
  0.15000060662029427     
  0.15000044810094423     
  0.15000083382880153     
  0.15000083761596023     
  0.15000083763288419     
  0.15000041596035477     
  0.15000048496145357     
  0.15000098587676927     
  0.15000099087777863     
  0.15000099089998700     
  0.15000055824061306     
  0.15000052743854086     
  0.15000117814236719     
  0.15000118455423353     
  0.15000118457340811     
  0.15064003864548206     
  0.15000057720265544     
  0.15000142230189614     
  0.15000142952386908     
  0.15000142956820883     
  0.15188183026891972     
  0.16842613206264423     
  0.16843487759019193     
  0.16843487758983952     
  0.15000063913402217     
  0.15000172842413281     
  0.15000174099518349     
  0.15000174104385833     
  0.15000037223355150     
  0.15000056920271776     
  0.15000057115807119     
  0.15000057116568238     
  0.16843658538124526     
  0.16843519435963342     
  0.16843519435798246     
  0.15000035292594605     
  0.15000028294303086     
  0.16843702953349293     
  0.16843545834534471     
  0.16843545834665538     
  0.15734963111372702     
  0.15420113415689138     
  0.16190062102783992     
  0.16843630851665897     
  0.16843569865354499     
  0.16843569865156510     
  0.15000039777263388     
  0.16570619931176173     
  0.16565489115902704     
  0.16569765130074279     
  0.16774307798033225     
  0.16843605360968394     
  0.16843587691718345     
  0.16843587691683504     
  0.15000074138327948     
  0.15000212464301083     
  0.15000213131045545     
  0.15000173107449200     
  0.15000307868597265     
  0.16836162804391114     
  0.15000045059363495     
  0.15250364949446107     
  0.15000048616500786     
  0.16846258474967313     
  0.15000041269609798     
  0.16843600839868120     
  0.16843602626005283     
  0.16843602625799331     
  0.16845450478476517     
  0.15000040318875313     
  0.16844224936284263     
  0.16702797504492434     
  0.15000233653892311     
  0.16843643394846383     
  0.16843610936692480     
  0.16843610936702003     
  0.16843755544397751     
  0.16843659141807449     
  0.15000056485453689     
  0.15000046972115250     
  0.16843615707426501     
  0.16843615707425691     
  0.16843654691644622     
  0.15254958061548649     
  0.15254921399242985     
  0.15000000000000005     
  0.15000029754326857     
  0.16843615658834601     
  0.16843615658816935     
  0.16843304163577769     
  0.16831605932740171     
  0.16841960924356797     
  0.15867781028421835     
  0.16843610938907921     
  0.16843610938925405     
  0.16843493924245298     
  0.16310687940448426     
  0.15000035756863789     
  0.15000012242597396     
  0.16843390127508059     
  0.15740090227242987     
  0.15740094944959418     
  0.16837494414189472     
  0.16843454746208369     
  0.16843454746463757     
  0.16650124605004774     
  0.16843601570504130     
  0.16843601570496411     
  0.15000053383483930     
  0.15000042955609225     
  0.16801932993940333     
  0.16843559923047544     
  0.16190519801900130     
  0.16190549729351247     
  0.16843449191630222     
  0.15000043726949661     
  0.16841666877994560     
  0.16843587598956911     
  0.16843587598963761     
  0.15000223650088990     
  0.16846341822601493     
  0.15000038287831854     
  0.16843581212946451     
  0.15000022206780911     
  0.16845011129892309     
  0.15000015101002823     
  0.16844018943371772     
  0.15000050903553591     
  0.16843598193739573     
  0.16843698381206701     
  0.16843646507027329     
  0.16843608330580098     
  0.15000040106510754     
  0.15000066106518625     
  0.15000066310976692     
  0.15000066311882068     
  0.16843647852369137     
  0.15000038180971939     
  0.15000064553661760     
  0.15000043220508666     
  0.15000077104629128     
  0.15000077504268020     
  0.15000077505635687     
  0.15131194938107342     
  0.15000046667907213     
  0.15000090695464574     
  0.15000091212637504     
  0.15000091214282074     
  0.15126885427833781     
  0.15000050612416879     
  0.15000107858615666     
  0.15000108448107102     
  0.15000108450434199     
  0.15000055214167052     
  0.15000129545158480     
  0.15000130294275424     
  0.15000130296246453     
  0.16839661804098269     
  0.16843473334011130     
  0.16843473334175596     
  0.15000060681137675     
  0.15000156937330142     
  0.15000158077021239     
  0.15000158080416798     
  0.16843113913238295     
  0.16843505803464612     
  0.16843505803467984     
  0.15000060358412146     
  0.15000034516483027     
  0.15000049097776291     
  0.15000049230690718     
  0.15000049230998830     
  0.16843681727543344     
  0.16843535925556305     
  0.16843535925375480     
  0.15000068121272384     
  0.15000191826394416     
  0.15000192773531085     
  0.15000192639804197     
  0.16843658731886271     
  0.16843560288566056     
  0.16843560288547313     
  0.15966270907277619     
  0.16616863211717067     
  0.16395588148553641     
  0.16843612682523612     
  0.16843581481446382     
  0.16843581481316133     
  0.15000048539693756     
  0.16697056489998049     
  0.15491923974764077     
  0.16816336354064890     
  0.15239613379962283     
  0.16843605350114887     
  0.16843597866759424     
  0.16843597866583984     
  0.16844072011551411     
  0.15000052101444816     
  0.15000274355519647     
  0.16846177521147651     
  0.15000037721611689     
  0.15000058397086696     
  0.15000058553274778     
  0.15000058555282772     
  0.15000005661269106     
  0.16844726298292748     
  0.16843606615081391     
  0.16843608575981187     
  0.16843608576003549     
  0.15000039110167329     
  0.15000082271341345     
  0.15000237431373767     
  0.15000232392170981     
  0.15000544075051764     
  0.16843900982545643     
  0.15000036831070337     
  0.16843664386411847     
  0.16843634277078612     
  0.16843615789612032     
  0.16843615789623717     
  0.15000036468957878     
  0.15000054588260298     
  0.15000054783120448     
  0.15000054784285982     
  0.16843634794680673     
  0.16843639547770631     
  0.16843618121330106     
  0.16843618121337287     
  0.15000046216946022     
  0.16844064175377302     
  0.15641238436866661     
  0.15000035210938886     
  0.16832413569349364     
  0.15000012995794362     
  0.15500078887998972     
  0.15500090134075692     
  0.16843615715088592     
  0.16843615715096355     
  0.16843642963000685     
  0.16096279679597941     
  0.16810719515361403     
  0.16843447951835794     
  0.16843447954229779     
  0.16843608695376211     
  0.16843608695359835     
  0.16501150128743372     
  0.16843563688585814     
  0.15000012991558584     
  0.16747192737203576     
  0.15973385741709561     
  0.15973402501026110     
  0.16403819576046630     
  0.16401606497419657     
  0.16843597047238693     
  0.16843597047255193     
  0.16829703232068299     
  0.16843578392690778     
  0.16845738268565619     
  0.16843580850375980     
  0.16843580850374665     
  0.16845768320015933     
  0.16843592398621632     
  0.16844397944331516     
  0.16843788181182087     
  0.16843640362105403     
  0.16843604877148069     
  0.15000038825493311     
  0.15000061817931543     
  0.15000062032639425     
  0.15000062033562003     
  0.16843630443850260     
  0.15000041690159979     
  0.15000071529110462     
  0.15000071827308697     
  0.15000071827992598     
  0.16843635419342465     
  0.16843614104784155     
  0.15000044939967550     
  0.15000083705043096     
  0.15000084029607347     
  0.15000084032458491     
  0.15000040119831823     
  0.15000048641936894     
  0.15000098961781103     
  0.15000099480535212     
  0.15000099481886042     
  0.16847853256133816     
  0.15000052899296093     
  0.15000118178792216     
  0.15000118946272978     
  0.15000118948888547     
  0.15000057897186578     
  0.15000142689767634     
  0.15000143567545107     
  0.15000143571574676     
  0.15000059618243367     
  0.16842596776698179     
  0.16843491555039139     
  0.16843491555068235     
  0.15000064233589147     
  0.15000173646425097     
  0.15000174532118174     
  0.15000174537615676     
  0.16843454266955241     
  0.16843674679746254     
  0.16843522307841013     
  0.16843522307992528     
  0.16843707419723150     
  0.16843550147423117     
  0.16843550147414132     
  0.15000041686490195     
  0.15732482167370315     
  0.16190261838326464     
  0.16843634898370546     
  0.16843572410201341     
  0.16843572410369603     
  0.16837898893765393     
  0.16569453078285185     
  0.15000074194681653     
  0.15000212438827457     
  0.15000213676005703     
  0.15000172185862393     
  0.16774763261729880     
  0.15115861494013566     
  0.16843606274866160     
  0.16843590747124387     
  0.16843590747223097     
  0.16836217019477956     
  0.16846269034352090     
  0.16843607281201892     
  0.16843604236982945     
  0.16843604237188270     
  0.15244826431581560     
  0.16845442026545199     
  0.15000310624777427     
  0.16844203424519988     
  0.15000233475005087     
  0.15000039745979463     
  0.16843612557868851     
  0.16843614338590057     
  0.16843614338604049     
  0.16843726310171359     
  0.16660656243075286     
  0.15104620456018628     
  0.16843625707506255     
  0.15000045085469610     
  0.16843628820834824     
  0.16843619104993765     
  0.16843619104945728     
  0.15252010449627232     
  0.15251986981408153     
  0.16843624809057153     
  0.16843630200834081     
  0.15000057724355090     
  0.16843618932461482     
  0.16843618932478002     
  0.16843149022782397     
  0.15000033144101135     
  0.16841830881893582     
  0.15394784772513059     
  0.15868349492564404     
  0.16843614246513861     
  0.16843614246488184     
  0.16837855597748941     
  0.16843460575518424     
  0.16843460575532029     
  0.16843482305945187     
  0.16311506873798357     
  0.15173379897557662     
  0.15000049583296937     
  0.15739800881845198     
  0.15739819672903910     
  0.16649628788209653     
  0.16843604937103190     
  0.16843604937085496     
  0.16802252430121062     
  0.16843546092526074     
  0.15000053374435685     
  0.16183905137467422     
  0.16183953920259397     
  0.15000056612556423     
  0.16831473558232996     
  0.15000043927353743     
  0.16841697680221596     
  0.16843591025898871     
  0.16843591025872851     
  0.16846345446606861     
  0.16843580872319378     
  0.15000224614324173     
  0.15000044558796127     
  0.15000046847202528     
  0.16845000663430185     
  0.16843998714598099     
  0.16843599365660475     
  0.15000023345351740     
  0.16843672399201026     
  0.15000037522822338     
  0.15000057715714929     
  0.15000057918619136     
  0.15000057919250737     
  0.16843618099166732     
  0.15000040239039797     
  0.15000066444710877     
  0.15000066750685251     
  0.15000066751683044     
  0.16843611823068808     
  0.15000014847566265     
  0.16843623651682590     
  0.15000043290372239     
  0.15000077361912617     
  0.15000077686967608     
  0.15000077688989361     
  0.16843627404232475     
  0.15000044433323373     
  0.16843617908404843     
  0.15000046774323886     
  0.15000090992687859     
  0.15000091433283594     
  0.15000091436026461     
  0.15000034835169923     
  0.15000030651231439     
  0.15000050735471815     
  0.15000108183414038     
  0.15000108755023303     
  0.15000108758433842     
  0.15000038145229350     
  0.15000064612498687     
  0.15000041607947937     
  0.15000055360454476     
  0.15000129902319950     
  0.15000130656259278     
  0.15000130659617619     
  0.16570671432181622     
  0.16565229577232407     
  0.16839688334632008     
  0.16843477191087000     
  0.16843477191151693     
  0.15000050172443988     
  0.15000013734619372     
  0.15000060932743187     
  0.15000157462993513     
  0.15000158410664904     
  0.15000158412906722     
  0.16843042684923443     
  0.16843509211339533     
  0.16843509211278254     
  0.16843671070370736     
  0.16843537982530524     
  0.16843537982628903     
  0.15000068580155493     
  0.15000192457541098     
  0.15000193616135071     
  0.15000193504848522     
  0.15000028663277654     
  0.15000043340710564     
  0.16843654981217138     
  0.16843563415504120     
  0.16843563415439999     
  0.15967226192330328     
  0.15000031749397702     
  0.16395356617413048     
  0.15492700581926910     
  0.16843612953021525     
  0.16843583787381680     
  0.16843583787366059     
  0.15000037610858682     
  0.16696593847160016     
  0.15000038536349344     
  0.16816554637107375     
  0.16843605033667042     
  0.16843599994416505     
  0.16843599994400382     
  0.16844096564411390     
  0.16846177970384577     
  0.16844716639935001     
  0.16843611949642814     
  0.16843611638171696     
  0.16843611638091610     
  0.15000088262532421     
  0.15000242380167161     
  0.15000233643500024     
  0.15000554997297502     
  0.15000041838782907     
  0.16843884551576366     
  0.16843644108777203     
  0.16843616751973892     
  0.16843618020098322     
  0.16843618020145473     
  0.16846705931095882     
  0.15000048066436109     
  0.16843612897541635     
  0.16843620772851328     
  0.16843625294397085     
  0.16843620651384877     
  0.16843620651347729     
  0.16843455630976423     
  0.16844539663874070     
  0.16843623996769289     
  0.16807513456728887     
  0.16843448330346084     
  0.16843448332556968     
  0.15498284661006695     
  0.15498302203490891     
  0.16843618228935209     
  0.16843618228936325     
  0.15000051853778421     
  0.15645615627177994     
  0.16843713963736826     
  0.16097465451439644     
  0.16843611265736697     
  0.16843611265736358     
  0.16500560373410667     
  0.16843604686971775     
  0.16661596837465223     
  0.16746885030269951     
  0.15973099575588012     
  0.15973118487740687     
  0.15148917197411899     
  0.16843599658259570     
  0.16843599658259650     
  0.16829845284650111     
  0.16361560657956159     
  0.16361627870171211     
  0.16843585237309372     
  0.16845752043563422     
  0.15000020078262286     
  0.16843583505546808     
  0.16843583505535079     
  0.16845766252570618     
  0.16843596180841983     
  0.16844388079533931     
  0.16843773288352615     
  0.16843607584467662     
  0.16843622761646998     
  0.15000292443516333     
  0.15000038862489090     
  0.15000061874796383     
  0.15000062152573798     
  0.15000062153931587     
  0.16843612152164392     
  0.15000036498675393     
  0.15000041743589107     
  0.15000071678113497     
  0.15000071925428318     
  0.15000071927545114     
  0.16843620389045955     
  0.16843616385026830     
  0.15000047790604198     
  0.16843622093533522     
  0.15000045002544155     
  0.15000083853403484     
  0.15000084240571815     
  0.15000084242197304     
  0.15126223980367173     
  0.15000012877192195     
  0.14999999999999999     
  0.15000011290305915     
  0.15000012696232370     
  0.15000012946375485     
  0.15000012948542360     
  0.15000012948807842     
  0.15000048701884303     
  0.15000099166146111     
  0.15000099665157296     
  0.15000099668155503     
  0.16843620353377059     
  0.15000069780501790     
  0.15000060533136719     
  0.15000052969032038     
  0.15000118532764412     
  0.15000119087209635     
  0.15000119091849537     
  0.15000058028305710     
  0.15000142938011968     
  0.15000143812944913     
  0.15000143816831729     
  0.16842756024959321     
  0.16843493953953509     
  0.16843493954007321     
  0.15000064483625161     
  0.15000174017750786     
  0.15000175098187965     
  0.15000175101070076     
  0.15000036357320121     
  0.15000054176558300     
  0.15000054316265288     
  0.15000054316886816     
  0.16843715278502114     
  0.16843525284632047     
  0.16843525284538910     
  0.15000000000000002     
  0.15000011607550237     
  0.15000013067094251     
  0.15000013340153417     
  0.15000013342493312     
  0.15000013342501456     
  0.15000012709729099     
  0.16843723525019885     
  0.16843552034889095     
  0.16843552034902645     
  0.15734810764307960     
  0.16832810272779700     
  0.16190564495105164     
  0.16843638922525953     
  0.16843575006207173     
  0.16843575006159955     
  0.16568916010032755     
  0.15000055807701124     
  0.16774506357182339     
  0.16843608215967665     
  0.16843593267336351     
  0.16843593267294685     
  0.15000000000000002     
  0.15000012594351481     
  0.15000014213557716     
  0.15000014555602478     
  0.15000014558590882     
  0.15000014558604180     
  0.16836308260164762     
  0.15000074682806172     
  0.15000214102039156     
  0.15000215341512935     
  0.15000167760648955     
  0.15246650787544977     
  0.16846279169403217     
  0.16843608355843767     
  0.16843607153514334     
  0.16843607153446119     
  0.15000041480084234     
  0.15000034533295342     
  0.16845439105062754     
  0.15000235987158650     
  0.15000045217549149     
  0.16844194953369532     
  0.16843615829259095     
  0.16843616300443784     
  0.16843616300383735     
  0.16843714493258660     
  0.16843612196671767     
  0.15251715294542098     
  0.15251671170684733     
  0.16843619537255858     
  0.16843620456544578     
  0.16843620456668934     
  0.16843610879448911     
  0.14999999999999999     
  0.15000014330707107     
  0.15000016293102658     
  0.15000016809143113     
  0.15000016815658446     
  0.15000016815673778     
  0.15226958659061790     
  0.16840926144255006     
  0.16843618549927261     
  0.15000039652035618     
  0.16843622684608478     
  0.16843620596637970     
  0.16843620596680856     
  0.16843619939348822     
  0.16843453708368311     
  0.15000037736884306     
  0.15000058348143000     
  0.15000058563401800     
  0.15000058564324631     
  0.15000031469412367     
  0.15000041476373496     
  0.15000041582473964     
  0.15000041582963489     
  0.16838255654685280     
  0.16843460970640900     
  0.16843460970659579     
  0.16843021070143091     
  0.15469198254775393     
  0.16545037663217754     
  0.16539800222648951     
  0.15868513523866729     
  0.16843616012293661     
  0.16843616012314089     
  0.16704522729425922     
  0.16843425162550144     
  0.16311734217955995     
  0.15000054233679361     
  0.15737245946910486     
  0.15737261575392461     
  0.16649095799627661     
  0.16843606762853194     
  0.16843606762852631     
  0.15000000000000002     
  0.15000016878193398     
  0.15000048906085411     
  0.15000019483506530     
  0.15000020659514518     
  0.15000020670235173     
  0.15000020670314471     
  0.16843549087889612     
  0.16802083551630009     
  0.16196989904003600     
  0.16197024360539850     
  0.16841755216597606     
  0.16843592856631498     
  0.16843592856631162     
  0.16846350576012026     
  0.16843583256109038     
  0.16844996864144926     
  0.16843990655602592     
  0.16843602078508044     
  0.15000015223550128     
  0.16843661953340333     
  0.15000024990639377     
  0.14999999999999997     
  0.15000020412425369     
  0.15000024463490130     
  0.15000027790842282     
  0.15000027826759732     
  0.15000027826895210     
  0.16843606548431000     
  0.15000040273950191     
  0.15000066523949970     
  0.15000066797903544     
  0.15000066799373785     
  0.16843612892632528     
  0.16843612129119975     
  0.15000043332965352     
  0.15000077444638107     
  0.15000077734755374     
  0.15000077736601372     
  0.16843617966051344     
  0.16839403428326952     
  0.15000223768326373     
  0.15000045127879499     
  0.16843619531824824     
  0.15000027973145774     
  0.16843619246494190     
  0.15000046819175775     
  0.15000091110743186     
  0.15000091479891661     
  0.15000091482348107     
  0.15000042776761002     
  0.15000050800906867     
  0.15000108306055396     
  0.15000108870124265     
  0.15000108871596191     
  0.15000056820651905     
  0.16843621489503438     
  0.15000055425691255     
  0.15000130012641380     
  0.15000130775981568     
  0.15000130780519921     
  0.15000025980629705     
  0.15000000000000002     
  0.15000024464885109     
  0.16839679078704473     
  0.16843478473858095     
  0.16843478473986279     
  0.15129084679177901     
  0.15000061022862690     
  0.15000157638700409     
  0.15000158450712164     
  0.15000158457769083     
  0.16842968970842789     
  0.16843510086624378     
  0.16843510086735766     
  0.15000066463559836     
  0.16843653915827653     
  0.16843539600254190     
  0.16843539600207491     
  0.15000068754244200     
  0.15000192465811135     
  0.15000193881133672     
  0.15000193728644590     
  0.15000000000000002     
  0.15000027903310689     
  0.15000028005575211     
  0.16843656385179190     
  0.16843564252622148     
  0.16843564252643625     
  0.15000055825938161     
  0.15966738484817100     
  0.15000029736771470     
  0.16395274839322591     
  0.15493795046638742     
  0.16843614408300023     
  0.15000040303924969     
  0.16843584773789863     
  0.16843584773813594     
  0.16696135699321776     
  0.15000038851571987     
  0.15000037914437889     
  0.14999999999999999     
  0.15000029605613638     
  0.15000272003338877     
  0.16816414141802086     
  0.15000032680341086     
  0.16843605963432040     
  0.16843600730991604     
  0.16843600731054062     
  0.16844132604356540     
  0.15000040736321626     
  0.16846181461217485     
  0.15000032123588372     
  0.15000086066373081     
  0.15000247633530694     
  0.15000234458032261     
  0.15000537743086725     
  0.16844712893196367     
  0.16843611816710111     
  0.16843612247883080     
  0.16843612247940967     
  0.16843877830799370     
  0.15148004118761837     
  0.15000011689507478     
  0.16843635908236651     
  0.16843618818149050     
  0.16843619719150216     
  0.16843619719061170     
  0.16843604082114627     
  0.16847347214719247     
  0.16843611968136554     
  0.16843620858198674     
  0.16843621698040051     
  0.16843621697999706     
  0.16806820891763341     
  0.16843448653155177     
  0.16843448655293505     
  0.16844618098740549     
  0.16843616349151430     
  0.16843618493645152     
  0.15496232039152782     
  0.15496243835799739     
  0.16843620776375634     
  0.16843619247828592     
  0.16843619247824679     
  0.16843455970785137     
  0.15646845566560091     
  0.16843760049323570     
  0.16832026018452564     
  0.16097381850291428     
  0.16843612317463322     
  0.16843612317476020     
  0.15000049076826644     
  0.16500277237302649     
  0.16843581473411942     
  0.15000051025673780     
  0.16358603256359058     
  0.16358626247807445     
  0.15000045945139051     
  0.16746471819457268     
  0.15971516508087749     
  0.15971536772658801     
  0.16843600697076838     
  0.16843600697085750     
  0.16829755448595332     
  0.16843580722779208     
  0.16845775709190655     
  0.16843584538104109     
  0.16845767596396971     
  0.15000035840009482     
  0.16843594317939456     
  0.16844384097009157     
  0.16843767092540343     
  0.16843608545556643     
  0.16843615597254147     
  0.15000042530118843     
  0.15000038866299659     
  0.15000061889883468     
  0.15000062125489189     
  0.15000062126595612     
  0.16843604652608066     
  0.15000031971718625     
  0.15000041755163815     
  0.15000071624994643     
  0.15000071983595265     
  0.15000071984669394     
  0.16843613011522843     
  0.16843617526750590     
  0.16685636185490435     
  0.15000043135215152     
  0.16843615397806219     
  0.15000045030655632     
  0.15000083806602918     
  0.15000084273707931     
  0.15000084274538947     
  0.16843620358470834     
  0.15000046795801303     
  0.15000048740360064     
  0.15000099167161687     
  0.16843621286058078     
  0.15000099667802078     
  0.15000099669101774     
  0.15000039877097512     
  0.15000063316019269     
  0.15000053010079895     
  0.15000118429055881     
  0.15000119188730185     
  0.15000119190152406     
  0.16843620861191605     
  0.15000058054008514     
  0.15000142909890493     
  0.15000143806730493     
  0.15000143811956124     
  0.16842808002793214     
  0.16843494448557025     
  0.16843494448605978     
  0.15000013083277255     
  0.15000064333012159     
  0.15000173706792430     
  0.15000175004633756     
  0.15000175009318326     
  0.16843719963181816     
  0.16843525222033945     
  0.16843525222082564     
  0.15000052121398449     
  0.16569739611284792     
  0.16563654730412716     
  0.16843716269868494     
  0.16843552543988852     
  0.16843552543946722     
  0.15734466975791397     
  0.16190214632934424     
  0.16843636941276002     
  0.16843575134279354     
  0.16843575134278158     
  0.16568521141185674     
  0.15000074646714889     
  0.15000213666859930     
  0.15000215006480241     
  0.15000175009989064     
  0.16774157365101097     
  0.16843607477288852     
  0.16843593419002847     
  0.16843593419023997     
  0.15249688436339490     
  0.16836234389730645     
  0.15000036414694148     
  0.16846294408343135     
  0.16843608345270641     
  0.16843607161419488     
  0.16843607161395216     
  0.16845439791745659     
  0.15000309641054058     
  0.15108760026931106     
  0.15000235891405622     
  0.15000037189297372     
  0.15000056670734477     
  0.15000056913591484     
  0.15000056914665527     
  0.15164423423927795     
  0.16844191296975103     
  0.16843615524541705     
  0.16843616256413241     
  0.16843616256456531     
  0.16843709341284135     
  0.16843606524898583     
  0.15254247379736563     
  0.15254208824950033     
  0.16843620363446660     
  0.16843621144132137     
  0.16843621144067467     
  0.16843605063377384     
  0.15000059925289749     
  0.16841228587430626     
  0.16837884181419752     
  0.16843461218645769     
  0.16843461218703146     
  0.16843612647906361     
  0.16842100311448466     
  0.16843620284245336     
  0.16843621094536182     
  0.16843621094484515     
  0.16843613774157293     
  0.15389253266038988     
  0.16843081020506973     
  0.15000054142900110     
  0.16843622282916970     
  0.15868145211859636     
  0.16843620084042599     
  0.16843616144640669     
  0.16843616144622700     
  0.15000036351830201     
  0.15000040967518480     
  0.15000039652699879     
  0.16843500045513210     
  0.15000020361530944     
  0.16311137937825385     
  0.15000040917910565     
  0.15737571838281122     
  0.15737590910922056     
  0.16648564648503170     
  0.16843607078773196     
  0.16843607078798878     
  0.16843559100297670     
  0.16801809977708182     
  0.16186769469034715     
  0.16186801499858178     
  0.15000055062023743     
  0.15000035841459680     
  0.16841711121091149     
  0.15000225460497643     
  0.16843593074435917     
  0.16843593074431248     
  0.16846361642572949     
  0.16843585956812018     
  0.16844996612400728     
  0.16843987018262205     
  0.16843600741457171     
  0.16843657254197608     
  0.15000047275850553     
  0.16843601571553354     
  0.15000040254569111     
  0.15000066481764615     
  0.16843612443182115     
  0.15000066696815287     
  0.15000066698214090     
  0.16843607087012655     
  0.15000043303461105     
  0.15000077322027350     
  0.15000077733756789     
  0.15000077734631823     
  0.16843612668172603     
  0.15126767023662949     
  0.16843619890867884     
  0.16843612965505281     
  0.15000046788710092     
  0.15000090958508130     
  0.15000091484248171     
  0.15000091485885073     
  0.16843630012420430     
  0.15000050790942024     
  0.15000108213043767     
  0.15000108707050197     
  0.15000108710128188     
  0.16843455064974500     
  0.16843621541214848     
  0.15000041596206729     
  0.15000044350759933     
  0.15000055391817099     
  0.15000129822119798     
  0.15000130713728435     
  0.15000130715423890     
  0.16833050290005525     
  0.16839759828734574     
  0.16843477583860653     
  0.16843477583980510     
  0.15000057520861593     
  0.16843618618857703     
  0.15000061042741944     
  0.15000157310703535     
  0.15000158478764897     
  0.15000158481146916     
  0.16843002050846570     
  0.16843509924235350     
  0.16843509924193997     
  0.16621159371390626     
  0.15000034018939121     
  0.16843679572174086     
  0.16843538959342061     
  0.16843538959362223     
  0.15000049234617979     
  0.15000068484337373     
  0.15000192223139752     
  0.15000193221732461     
  0.15000193074516635     
  0.16843661239627339     
  0.16843563979062659     
  0.16843563979041992     
  0.15966958426076117     
  0.16394578574932578     
  0.15000032431207025     
  0.16843614872934554     
  0.16843584440793749     
  0.16843584440755446     
  0.15491840562666218     
  0.16695582776090512     
  0.15000042407194428     
  0.16816187729441132     
  0.16843605053319752     
  0.16843600519908233     
  0.16843600519878910     
  0.16844098002266561     
  0.16846188942993229     
  0.15000088957941068     
  0.15000242357027346     
  0.15000233214061937     
  0.15000553591330182     
  0.16844712270911982     
  0.16843611268537645     
  0.16843612080157108     
  0.16843612080119699     
  0.16843874492920280     
  0.16843631903451076     
  0.16843617953544660     
  0.16843618662296164     
  0.16843618662397261     
  0.16810909072625443     
  0.16843448894840587     
  0.16843448897142371     
  0.16846081838165705     
  0.16843599992482944     
  0.16843607827574664     
  0.16843620428667955     
  0.16843621001038905     
  0.16843621001111855     
  0.16844322665385225     
  0.16843611579222834     
  0.15000045138169366     
  0.15000068804419503     
  0.16843611767385594     
  0.15498148345636262     
  0.15498161260488069     
  0.16843617932865909     
  0.16843618717144890     
  0.16843618717115419     
  0.15630011738687169     
  0.16843638098078234     
  0.16843610414803345     
  0.15000036108990761     
  0.15124041352677378     
  0.16429185056489806     
  0.16427004776734028     
  0.16096876644209379     
  0.16843622434460725     
  0.16843612017782641     
  0.16843612017661330     
  0.16499487749971520     
  0.16843574413596993     
  0.16745939628935447     
  0.15969768185964661     
  0.15969794485858546     
  0.16843600128775471     
  0.16843600128788458     
  0.16829589632773381     
  0.16843579649254012     
  0.16845756914054100     
  0.15000038977833952     
  0.15000046737895434     
  0.16843583939532217     
  0.16845773074513884     
  0.15000038839338631     
  0.15000061820167523     
  0.15000062017495391     
  0.15000062018256363     
  0.16843596350900625     
  0.16844382876300387     
  0.15000038025315399     
  0.15000043787961745     
  0.16843763813433396     
  0.15000291577510039     
  0.16843607582726866     
  0.16843611902341538     
  0.16843600956906474     
  0.15000041703626937     
  0.15000071525784608     
  0.15000071832640327     
  0.15000071833478465     
  0.16843609195823517     
  0.15000035131837394     
  0.15000050675311699     
  0.15000050817445676     
  0.15000050818376925     
  0.16843615168062770     
  0.16843610505486856     
  0.15000044966442519     
  0.15000083681557214     
  0.15000084095381649     
  0.15000084097761709     
  0.16843612689520707     
  0.16843620219469829     
  0.15000048682695699     
  0.15000098984779361     
  0.15000099479979268     
  0.15000099483033405     
  0.16843658865993405     
  0.15000052950806730     
  0.15000118299365284     
  0.15000118864996403     
  0.15000118869520379     
  0.15000050532442427     
  0.15000042377226402     
  0.16843619981789390     
  0.15000057988945448     
  0.15000142586709569     
  0.15000143614795020     
  0.15000143616470518     
  0.16842624978637921     
  0.16843492832590989     
  0.16843492832626783     
  0.15000064350409417     
  0.15000173511526285     
  0.15000174440558542     
  0.15000174446406495     
  0.16843614229087897     
  0.16843663387080449     
  0.16843524067930063     
  0.16843524067909268     
  0.15201906183839700     
  0.16843711821532556     
  0.16843551074660029     
  0.16843551074651950     
  0.15732352235672081     
  0.16189526010797647     
  0.16843636484797855     
  0.16843573809567811     
  0.16843573809572163     
  0.15000074472515140     
  0.15000212133443236     
  0.15000213115070643     
  0.15000163984005546     
  0.16567578264757371     
  0.15000043310350053     
  0.15000039247707797     
  0.16773661785152388     
  0.15000031913617548     
  0.16843607069523961     
  0.16843592056781723     
  0.16843592056802806     
  0.16836105074759611     
  0.15000017738732171     
  0.15244781354322812     
  0.16846280975939817     
  0.16843606798113672     
  0.16843605856891403     
  0.16843605856892246     
  0.16664685181394173     
  0.15000233079056988     
  0.16845443447340436     
  0.15000041662124389     
  0.16844189786312927     
  0.16843452336488760     
  0.15092994784325761     
  0.15104142037147381     
  0.16843613853191544     
  0.16843615269375123     
  0.16843615269340723     
  0.16843706244932741     
  0.15000049096749687     
  0.16842055799575689     
  0.16843603220670475     
  0.16837436362465855     
  0.16843458823974244     
  0.16843458824019975     
  0.15250338066946792     
  0.15250317936389240     
  0.16843618861776624     
  0.16843619767039278     
  0.16843619767022916     
  0.16843601810596620     
  0.16841755639038086     
  0.16843609162049322     
  0.16843618942037508     
  0.16843619513939168     
  0.16843619513998781     
  0.16843608685639766     
  0.16843264345590961     
  0.16843613580175423     
  0.15868268151206294     
  0.15000054696046408     
  0.16843680815426579     
  0.16843613482959677     
  0.16843614369031171     
  0.16843614369209189     
  0.16843468175933760     
  0.16310202203852250     
  0.15736844103455308     
  0.15736862485145867     
  0.16647595935484047     
  0.16843629876721758     
  0.16843605926325608     
  0.16843605926255020     
  0.16843549393867596     
  0.16801412169584265     
  0.15000223150415304     
  0.16841626302583826     
  0.15000058469113398     
  0.16843591650931930     
  0.16843591650933776     
  0.15000037517447995     
  0.15000057693511867     
  0.15000057855374307     
  0.15000057856574472     
  0.16846356091814221     
  0.15000039851642402     
  0.16843579162894404     
  0.15000040236523621     
  0.15000066476663604     
  0.15000066744528792     
  0.15000066745100638     
  0.16844998977115053     
  0.15000060748694449     
  0.16843985074406823     
  0.16843600223112939     
  0.15000046671463929     
  0.16843654194918101     
  0.16246257079248938     
  0.16246293264487835     
  0.15000044742225102     
  0.16843598439324994     
  0.15421941506297640     
  0.16843612587375614     
  0.16843603988926326     
  0.15000051650041146     
  0.15000043234855953     
  0.15000077152786617     
  0.15000077487318680     
  0.15000077488936758     
  0.16843609116856484     
  0.15000005652950593     
  0.16843617488202817     
  0.16832819568148136     
  0.16843607113507572     
  0.15000011826832862     
  0.15000046689584806     
  0.15000090751589443     
  0.15000091186310427     
  0.15000091188208647     
  0.16567709800934449     
  0.16563481563907217     
  0.16843620023481426     
  0.15000012433265680     
  0.15000050685144969     
  0.15000107833399201     
  0.15000108505772461     
  0.15000108508750340     
  0.16843619319295441     
  0.16843728714896775     
  0.15000056249698573     
  0.15000055240874646     
  0.15000129569519235     
  0.15000130227580707     
  0.15000130232900388     
  0.15000014223416866     
  0.15000012977644664     
  0.15150644617898767     
  0.15000042413058617     
  0.16843616991573107     
  0.15000060829112480     
  0.15000156963172792     
  0.15000157960901178     
  0.15000157965104524     
  0.16839896752596209     
  0.16843475298256311     
  0.16843475298363356     
  0.16843038471595689     
  0.16843507431142396     
  0.16843507431176780     
  0.16843608748967512     
  0.16843666867249837     
  0.16843536822357916     
  0.16843536822348615     
  0.15000068324862753     
  0.15000191180516320     
  0.15000192557810846     
  0.15000192478850347     
  0.16843655866301604     
  0.16843561726863726     
  0.16843561726883716     
  0.15000024353661925     
  0.15967009202845361     
  0.15000039055082201     
  0.15000062552641241     
  0.15000062805744219     
  0.15000062807118006     
  0.14999999999999997     
  0.15000011350946005     
  0.15000012776925581     
  0.15000013032245343     
  0.15000013036219420     
  0.15000013036094575     
  0.16393461149454377     
  0.15492896933470870     
  0.15000267332936323     
  0.16843611498952998     
  0.16843582260429873     
  0.16843582260456008     
  0.16694552876729365     
  0.16815858985491799     
  0.16843603370696048     
  0.16843598309701699     
  0.16843598309713215     
  0.16844036389600181     
  0.16846185681490539     
  0.15000086106536131     
  0.15000236529149327     
  0.15000231620596755     
  0.15000534340860716     
  0.16844713511485687     
  0.16843609437833984     
  0.16843609778559335     
  0.16843609778579136     
  0.16843872317051220     
  0.16811011925478231     
  0.16843446402382878     
  0.16843446404410117     
  0.14999999999999997     
  0.15000012010662339     
  0.15000013530706716     
  0.15000013822822814     
  0.15000013824799435     
  0.15000013824811007     
  0.15000051817549295     
  0.16843628920305387     
  0.16843615648366747     
  0.16843616892421284     
  0.16843616892405242     
  0.16846006183553838     
  0.16843452866860936     
  0.16843597028945820     
  0.16843604861302142     
  0.16843618191557638     
  0.16843619229952031     
  0.16843619229917836     
  0.16844283993204029     
  0.16843607942259983     
  0.16843605228835501     
  0.15498562151498002     
  0.15498578904991994     
  0.16843616187541968     
  0.16843617033771052     
  0.16843617033694358     
  0.15645868734726390     
  0.16843627139449796     
  0.16843743126901276     
  0.14999999999999997     
  0.15000013364738576     
  0.16097134838005472     
  0.15000015099241912     
  0.15000015510232631     
  0.15000015513996098     
  0.15000015514020829     
  0.16843779079959900     
  0.15000048919235645     
  0.16843607742440816     
  0.16843608490833348     
  0.16843608490991480     
  0.16497847437828436     
  0.16843593747788801     
  0.16745056815044751     
  0.15968577600296716     
  0.15968600779207442     
  0.16843637290174865     
  0.16843597722421022     
  0.16843597722457154     
  0.16829356340437834     
  0.16843583996515157     
  0.16845721140630301     
  0.15000044291883829     
  0.16843581724603726     
  0.16845772935882991     
  0.16843591071407374     
  0.16844383183956829     
  0.14999999999999997     
  0.15000015461337926     
  0.15000017666072063     
  0.15000018438047996     
  0.15000018449820365     
  0.15000018449870300     
  0.16843761351834260     
  0.16843603995050954     
  0.16843608934767007     
  0.16843598058099468     
  0.15000027982681446     
  0.15000034086805808     
  0.15000034121757660     
  0.15000034122050049     
  0.15000040725155797     
  0.15000041616766902     
  0.15000071269620052     
  0.15000071580156393     
  0.15000071581948096     
  0.16843606188101959     
  0.16843615241256907     
  0.15126586004785603     
  0.15000014845443033     
  0.16843606451177504     
  0.15000044849797387     
  0.15000083414753820     
  0.15000083723702481     
  0.15000083725089247     
  0.16662017792165620     
  0.16843604936260889     
  0.16843618777175659     
  0.15000048546030895     
  0.15000098617563279     
  0.15000099093295993     
  0.15000099095307454     
  0.14999999999999997     
  0.15000018482045183     
  0.15000021669994729     
  0.15000023566556150     
  0.15000023582739103     
  0.15000023582822861     
  0.16843647168619416     
  0.15000052759786886     
  0.15000117758878159     
  0.15000118514709612     
  0.15000118517329167     
  0.15000035540863171     
  0.16843877382750724     
  0.16843617571697611     
  0.15000037384658754     
  0.15000057813617645     
  0.15000142147962070     
  0.15000143025575183     
  0.15000143029338306     
  0.15000039854200042     
  0.16842594758803350     
  0.16843489798878908     
  0.16843489798947922     
  0.15000064100547975     
  0.15000172701794059     
  0.15000173972115094     
  0.15000173975517228     
  0.15000046417429397     
  0.16843612472917716     
  0.16843700858287258     
  0.16843520844472212     
  0.16843520844458998     
  0.14999999999999997     
  0.15000022310108560     
  0.16843602347929512     
  0.16843719021481082     
  0.16843548110519321     
  0.16843548110528694     
  0.15734475022916589     
  0.16190116367657975     
  0.16843636207952797     
  0.16843570884728770     
  0.16843570884715856     
  0.14999999999999999     
  0.15000029867215231     
  0.15000035335455414     
  0.16566052000679218     
  0.15000075568265947     
  0.15000211494226137     
  0.15000212734571874     
  0.15000167441521903     
  0.15000036770879371     
  0.15000051520263077     
  0.16772899256709756     
  0.16843603628528991     
  0.16843589249794633     
  0.16843589249777161     
  0.15247110740159830     
  0.15000038334177832     
  0.16835926008577642     
  0.14999999999999997     
  0.15000026418917006     
  0.15000041155850419     
  0.16846256948999994     
  0.15000321581128881     
  0.15000232148557865     
  0.16843603995704370     
  0.16843603125544868     
  0.16843603125522819     
  0.16845443641856961     
  0.16842476824614494     
  0.15000038263514801     
  0.15000060076047020     
  0.15000060333295973     
  0.15000060333850168     
  0.16844189316293989     
  0.16837357716686316     
  0.16843456243817251     
  0.16843456243910507     
  0.16461414472461233     
  0.16456516321733669     
  0.16843611774496595     
  0.16843612264628044     
  0.16843612264638563     
  0.16843703620389622     
  0.15226392557323187     
  0.16843600268405959     
  0.15254334766175848     
  0.15254275801904377     
  0.16843616292918756     
  0.16843616890271204     
  0.16843616890281732     
  0.16843598938521892     
  0.16841269024310171     
  0.16843606072485837     
  0.15000033339656324     
  0.16843616005164047     
  0.16843616885928267     
  0.16843616885941171     
  0.16843604264651565     
  0.16842939024471429     
  0.15000031374476386     
  0.16843604999399830     
  0.15468715071709013     
  0.15000053772436686     
  0.15000056142971099     
  0.15868383876936978     
  0.16843669125795169     
  0.15000044725791623     
  0.16843612051360440     
  0.16843613107224323     
  0.16843613107044966     
  0.16843437968413899     
  0.16310894013124627     
  0.15736483261207543     
  0.15736491724491278     
  0.16645859485617462     
  0.16843602162549545     
  0.16843602359264892     
  0.16843602359332027     
  0.15000042716985998     
  0.16843541498948883     
  0.16800850069589884     
  0.15000223179155814     
  0.16196097255711397     
  0.16196124441221998     
  0.16841508736377545     
  0.16843642125362424     
  0.16843588674492896     
  0.16843588674497020     
  0.15000039880456215     
  0.15000065289874442     
  0.15000065598505330     
  0.15000065599858922     
  0.16846344166804142     
  0.16843581319990478     
  0.15000036794098220     
  0.15000055592134579     
  0.15000055787741706     
  0.15000055788489741     
  0.16844999729943128     
  0.16843983924773939     
  0.15000029664393941     
  0.16843596444270456     
  0.16832586418036094     
  0.16843651413523106     
  0.15000022550372130     
  0.15000024667614889     
  0.16843595493438041     
  0.16843605301989450     
  0.16843601096361371     
  0.16843450040279256     
  0.15000043103310293     
  0.15000076801039838     
  0.15000077128041686     
  0.15000077130163667     
  0.16843605811568052     
  0.16843614243605357     
  0.16843601986332724     
  0.15000046558062419     
  0.15000090358114332     
  0.15000090705186264     
  0.15000090706764360     
  0.16843610209240173     
  0.15000050498416023     
  0.15000107400769436     
  0.15000107875346760     
  0.15000107877402852     
  0.16843617063019836     
  0.16843717917426604     
  0.15000059901117999     
  0.15000050920047220     
  0.15000055058208553     
  0.15000128861741044     
  0.15000129709797211     
  0.15000129712168025     
  0.15000039123316683     
  0.16839794315415549     
  0.16843471209737437     
  0.16843471209863695     
  0.16843614604088536     
  0.15000060552644381     
  0.15000156262778971     
  0.15000157230878156     
  0.15000157236653497     
  0.16842908341522289     
  0.16843503514247976     
  0.16843503514250829     
  0.15000034307709614     
  0.15143658669979843     
  0.16843605727848043     
  0.15000048326656865     
  0.16843649276086764     
  0.16843532821938847     
  0.16843532821924209     
  0.15000067476368925     
  0.15000190652327555     
  0.15000191850786454     
  0.15000191734392415     
  0.16843593573796214     
  0.16843652019028521     
  0.16843557896984532     
  0.16843557896967554     
  0.15966745528957921     
  0.16394544725166640     
  0.15493994578651227     
  0.16632074870436298     
  0.16843609690572262     
  0.16843578508549886     
  0.16843578508541066     
  0.16693196865789572     
  0.16815418446632266     
  0.16843599357823388     
  0.16843594665293990     
  0.16843594665324768     
  0.16843951636263294     
  0.15000065001497695     
  0.15000085103084099     
  0.15000240640279824     
  0.15000231608986120     
  0.15000643992350260     
  0.16846178587586394     
  0.16810905487039704     
  0.16843443801216501     
  0.16843443803298128     
  0.16844713810053091     
  0.16843604840458221     
  0.16843606350086607     
  0.16843606350083906     
  0.15148224572927499     
  0.16843870680631659     
  0.15000041905022829     
  0.16846602437201919     
  0.16843626082875571     
  0.16843612229350985     
  0.16843613257882062     
  0.16843613257897730     
  0.16843594106408183     
  0.16843601929689528     
  0.15000037708092875     
  0.15000058397346105     
  0.15000058622536949     
  0.15000058623700732     
  0.16843614988417785     
  0.16843615478936766     
  0.16843615478925200     
  0.15000044331509624     
  0.15000042774899652     
  0.16844734060737646     
  0.16843604422733799     
  0.15000039455073758     
  0.15000012844459623     
  0.15496927843667849     
  0.15496948843409711     
  0.16843599627368427     
  0.16843612223029758     
  0.16843612682563777     
  0.16843612682606535     
  0.15643738507753102     
  0.16843616909960007     
  0.16843704258761036     
  0.16097201330382674     
  0.16843769781032095     
  0.16843606241940429     
  0.16843606815635717     
  0.16843606815398413     
  0.15000012974467000     
  0.16499035421332042     
  0.16843577953296229     
  0.15000035655410851     
  0.16743950276039071     
  0.15967854040485563     
  0.15967864484410751     
  0.15000027236646793     
  0.15000030805489062     
  0.16843596876339720     
  0.16843594291463265     
  0.16843594291429970     
  0.16829051879663653     
  0.16843569558404128     
  0.16845670467087304     
  0.16845770512332578     
  0.16843589730144254     
  0.16844383114214612     
  0.15000046570587541     
  0.15000311559363935     
  0.16843759307101955     
  0.16354456266252704     
  0.16354463891472792     
  0.16843604244301449     
  0.16843606072025880     
  0.15000048679686923     
  0.16843595161632369     
  0.15000041471887762     
  0.15000070910467334     
  0.15000071166177906     
  0.15000071167225576     
  0.16843603171052834     
  0.16843608820709566     
  0.15000033384826075     
  0.15000052759456861     
  0.16843602564890087     
  0.15000044683065222     
  0.15000082876484963     
  0.15000083321645835     
  0.15000083323670821     
  0.16843598508614091     
  0.16843612618243667     
  0.15000048326230428     
  0.15000098077678525     
  0.15000098476707635     
  0.15000098478465815     
  0.15000037469009320     
  0.16843636402327922     
  0.16839444177437202     
  0.15000054993054943     
  0.15000052554969093     
  0.15000117191870171     
  0.15000117732903653     
  0.15000117735270116     
  0.16843871622709730     
  0.16843612922746951     
  0.15000038554932749     
  0.15000061047391686     
  0.15000061283657906     
  0.15000061284521174     
  0.15000057518325877     
  0.15000141359768307     
  0.15000142192690347     
  0.15000142197739794     
  0.16842685032278687     
  0.16843484690267294     
  0.16843484690289234     
  0.15000063605984210     
  0.15000172078088075     
  0.15000172948627016     
  0.15000172952101404     
  0.16541752444911456     
  0.16537541902257222     
  0.15000048862103049     
  0.16843609842228341     
  0.16843675092661817     
  0.16843516017465471     
  0.16843516017484894     
  0.15000040827546035     
  0.16843600425328537     
  0.16843707575732003     
  0.16843543330632882     
  0.16843543330645505     
  0.15734137528052308     
  0.16843584336405620     
  0.16190201347124031     
  0.16843629038368338     
  0.16843566254124936     
  0.16843566254149012     
  0.15000073020830293     
  0.15000211217116649     
  0.15000212125021567     
  0.15000162289472846     
  0.16567181840959408     
  0.16692148369203966     
  0.16772114449446462     
  0.15250087700737464     
  0.16843600337585515     
  0.16843584706714448     
  0.16843584706697184     
  0.15000028243538793     
  0.15000048067034169     
  0.16835700139082377     
  0.16843445012731736     
  0.16836894272909925     
  0.16843450827046369     
  0.16843450827111298     
  0.16846222802335645     
  0.15000233302906166     
  0.16843600493896435     
  0.16843598613065996     
  0.16843598613071181     
  0.15077125328412028     
  0.15163480522161951     
  0.16845442611323203     
  0.15125331299967235     
  0.16844188741949695     
  0.16832084992702204     
  0.16843606565547581     
  0.16843608021297948     
  0.16843608021313988     
  0.16843701393538879     
  0.15000050286681502     
  0.15249539097497858     
  0.15249519844914722     
  0.16843597501820243     
  0.15000036493782368     
  0.16843611338981407     
  0.16843612703765853     
  0.16843612703741437     
  0.16843596141641498     
  0.16841385010303611     
  0.15000057338515863     
  0.16843603019245965     
  0.16843611868303726     
  0.16843612708643618     
  0.16843612708607417     
  0.16843600122347471     
  0.15385914548073057     
  0.16843232366600389     
  0.15000037865266924     
  0.16843598263895831     
  0.15000025963390193     
  0.15000042810385056     
  0.15000053768599422     
  0.15868314603314770     
  0.16843607004510006     
  0.16843606969124228     
  0.16843606969416777     
  0.16843658924165550     
  0.15000044391962528     
  0.16843489159733727     
  0.16311147731273448     
  0.15735263102711661     
  0.15735271638180476     
  0.16646439579335492     
  0.16843603672755544     
  0.16843598333301923     
  0.15000223638814528     
  0.16843554890475473     
  0.16800248678356122     
  0.16180854813415069     
  0.16180882531694224     
  0.16841362868603729     
  0.16843597277311950     
  0.15000015280818643     
  0.16846326565784300     
  0.16843571357419229     
  0.16845000052346823     
  0.15000046760159189     
  0.16843982932706650     
  0.16843589671703246     
  0.16843649065007449     
  0.15000037245426759     
  0.15000057000510969     
  0.15000057226009303     
  0.15000057226391178     
  0.16843592841192057     
  0.16843607064983401     
  0.16843598372545884     
  0.15125085606560221     
  0.15000039928895104     
  0.15000065660126752     
  0.15000065906300311     
  0.15000065907039098     
  0.15000042927381249     
  0.15000076305807269     
  0.15000076648281446     
  0.15000076648987826     
  0.16843602626501797     
  0.15000038054055800     
  0.15000036164389799     
  0.16843611972520256     
  0.16843597395303220     
  0.15000046338108444     
  0.15000089721699439     
  0.15000090166093216     
  0.15000090168647237     
  0.16843602870148841     
  0.15000050229914733     
  0.15000106625769369     
  0.15000107192743450     
  0.15000107196473841     
  0.16843612182135007     
  0.16843708663829851     
  0.15000054758893583     
  0.15000128134655860     
  0.15000128722858827     
  0.15000128725477918     
  0.16839229603964925     
  0.16843465474580546     
  0.16843465474698721     
  0.16843606631346586     
  0.15000060203884874     
  0.15000155331066739     
  0.15000156257604411     
  0.15000156260238343     
  0.15000021004302677     
  0.16843011115325041     
  0.16843497634586740     
  0.16843497634621649     
  0.16843603223724196     
  0.15000036803628586     
  0.15000044370034288     
  0.16843670358125978     
  0.16843527170890760     
  0.16843527170863143     
  0.15000067061834454     
  0.15000189813432199     
  0.15000190735717520     
  0.15000190577456948     
  0.16843589307934712     
  0.16843654007868120     
  0.16843552392362643     
  0.16843552392352701     
  0.15966734704760061     
  0.15000041053716562     
  0.16395003644576764     
  0.15492189570307691     
  0.16843603829181919     
  0.16843573182124999     
  0.16843573182119886     
  0.16693644779695851     
  0.15000031506440220     
  0.15000239588841352     
  0.16815001947201008     
  0.15000023461551501     
  0.16810764888802032     
  0.16843438181420625     
  0.16843438183821960     
  0.15000070505346819     
  0.16843594632702191     
  0.16843589478988844     
  0.16843589478972909     
  0.16843848801912908     
  0.15000041107049178     
  0.15000086744335148     
  0.15000244014159594     
  0.15000231243148471     
  0.15000433734875576     
  0.16846167812860416     
  0.16846624440469746     
  0.16844714221835694     
  0.16843601962096069     
  0.16843601120969742     
  0.16843601120959484     
  0.15000039667623333     
  0.16843869496575564     
  0.15000050925005029     
  0.16843623884194656     
  0.16843607916195080     
  0.16843608155541684     
  0.16843608155552003     
  0.16843591746220682     
  0.16843599430769679     
  0.16843609688011274     
  0.16843610467527867     
  0.16843610467535913     
  0.16843724903183538     
  0.16843601253454091     
  0.15000012478743924     
  0.15495113852054171     
  0.15495125936888782     
  0.15000032099295907     
  0.15000042981742248     
  0.16644369965625364     
  0.15000043098670426     
  0.15000043099121160     
  0.16428081783483101     
  0.16423700545638112     
  0.16843594875029322     
  0.16843606895570729     
  0.16843608479164324     
  0.16843608479033059     
  0.15630417316897044     
  0.16843609789724545     
  0.16843556003189272     
  0.16097085792601795     
  0.16843762840560197     
  0.15000056600229994     
  0.16843600588195057     
  0.16843600671735434     
  0.16843600671735692     
  0.15000047100067881     
  0.16499687411642089     
  0.16843542470999651     
  0.16744102471412572     
  0.15966561946119626     
  0.15966575596198948     
  0.16843596390152432     
  0.16828746874652295     
  0.16843571167886359     
  0.15122830224410991     
  0.16845607463742288     
  0.16845766213687555     
  0.16843441377190851     
  0.16843581742852037     
  0.16844383614219677     
  0.15000050616326852     
  0.16843757976013943     
  0.15000042027614277     
  0.16843589008073287     
  0.16843604024488634     
  0.15000035585292168     
  0.15000052154140833     
  0.15000052322384125     
  0.15000052322880028     
  0.16843593048705577     
  0.15000038463069648     
  0.15000060909361204     
  0.15000061137123816     
  0.15000061138376486     
  0.15000041267404915     
  0.15000070357842707     
  0.15000070700516263     
  0.15000070701780860     
  0.16843600789972871     
  0.16843603289808493     
  0.16843599233218137     
  0.15000044453496317     
  0.15000082295076428     
  0.15000082672467976     
  0.15000082673560486     
  0.16843593388032799     
  0.16843610148974547     
  0.15000048073797076     
  0.15000097227993470     
  0.15000097835873924     
  0.15000097837325260     
  0.16843629366599369     
  0.16833915587781659     
  0.15000052245534135     
  0.15000116157812210     
  0.15000116925356494     
  0.15000116928629295     
  0.16843868452560704     
  0.16843610520127703     
  0.15000057237219347     
  0.15000140370363646     
  0.15000141047548826     
  0.15000141052150151     
  0.16842142807034360     
  0.16843478132920456     
  0.16843478132992329     
  0.15000063041483175     
  0.15000170708620769     
  0.15000171926491077     
  0.15000171931555459     
  0.16843599928368816     
  0.16843588066643270     
  0.16843509356522179     
  0.16843509356535288     
  0.15201157430860179     
  0.16843605353807342     
  0.15000052520553223     
  0.15000017978730487     
  0.15000035209730875     
  0.16843689154793376     
  0.16843536891335473     
  0.16843536891310695     
  0.15000026190567417     
  0.15000059914484790     
  0.15732360808953599     
  0.16843578330034423     
  0.16190046170206385     
  0.16843624587709827     
  0.16843560001490948     
  0.16843560001499402     
  0.15000072502699485     
  0.15000209996162492     
  0.15000211044908288     
  0.15000169933950760     
  0.16567625212221487     
  0.15000030023917249     
  0.16772224563247420     
  0.16843593154749445     
  0.16843578637980025     
  0.16843578637981788     
  0.15247291066584445     
  0.16837323343271776     
  0.16843445029561141     
  0.16843445029443035     
  0.16835497162242896     
  0.15000045200202117     
  0.15000067586479285     
  0.15000231506640690     
  0.16846180847715556     
  0.16843592272935198     
  0.16843592749955585     
  0.16843592749947020     
  0.14999999999999997     
  0.15000011241746183     
  0.15000012631339932     
  0.15000012909465552     
  0.15000012912159302     
  0.15000012911377050     
  0.15000037555186257     
  0.16845440695126315     
  0.15103548973678899     
  0.16844189243758551     
  0.15000005641078279     
  0.16843601338530234     
  0.16843602139082897     
  0.16843602139083708     
  0.15248791595656092     
  0.15248788166398916     
  0.16843700369032405     
  0.15000034719326980     
  0.16843596001977562     
  0.16843606995052302     
  0.16843606796844710     
  0.16843606796825383     
  0.15000047889686260     
  0.16843594583429047     
  0.16843601022024146     
  0.15000039123774292     
  0.16843606421678145     
  0.16843606533795061     
  0.16843606533899108     
  0.16843596917326517     
  0.15000000000000002     
  0.15000011542990205     
  0.15000013025313880     
  0.15000013288394695     
  0.15000013289758327     
  0.15000013289773614     
  0.16843470804383609     
  0.16843593289305892     
  0.15000039706302476     
  0.15000052841663727     
  0.15868304734384275     
  0.16843600291177752     
  0.16843602306025668     
  0.16843602305932742     
  0.16843653013228363     
  0.16843521003521938     
  0.15000037338246025     
  0.15000057474210077     
  0.15000057629840641     
  0.15000057630957053     
  0.16310816864001443     
  0.15000049245049585     
  0.15731764494175929     
  0.15731777144336417     
  0.16646747518861432     
  0.15000015112158416     
  0.16843604779525295     
  0.15000012956375233     
  0.15000221044113204     
  0.16843530878458349     
  0.16843537848187085     
  0.16800250804047687     
  0.16193285127160240     
  0.16193311213408915     
  0.16841235516871927     
  0.16841225817644212     
  0.15000034207185273     
  0.16843592937968704     
  0.15000000000000002     
  0.15000012567861781     
  0.15000014149868085     
  0.15000014489581226     
  0.15000014494605537     
  0.15000014494623057     
  0.16846303708635529     
  0.16843572867568363     
  0.16845000458578310     
  0.16843983459437117     
  0.16843437435755271     
  0.15000032420451542     
  0.16843592374169516     
  0.15000285303095409     
  0.16843648315255699     
  0.15000037141759298     
  0.15419630678876758     
  0.15000046482404236     
  0.16843591785027306     
  0.16843594226029715     
  0.15000039709615906     
  0.15000065094883558     
  0.15000065342761035     
  0.15000065343820948     
  0.16843597198870561     
  0.15000035195091568     
  0.14999999999999997     
  0.15000014243924698     
  0.15000042673003111     
  0.15000075684879158     
  0.15000075957253450     
  0.15000075959116982     
  0.15000016173066283     
  0.15000016712547828     
  0.15000016722057261     
  0.15000016722082624     
  0.16843600767949282     
  0.16843600205526590     
  0.16843594045416135     
  0.15000046063453257     
  0.15000088884152249     
  0.15000089398053457     
  0.15000089399191049     
  0.15000065717507596     
  0.16843597909799221     
  0.15000049920932210     
  0.15000105613404008     
  0.15000106322666973     
  0.15000106324109291     
  0.16843603297603815     
  0.16843704208612828     
  0.15000042624454080     
  0.15000040010477594     
  0.15000054404952268     
  0.15000126873612674     
  0.15000127740289559     
  0.15000127744101127     
  0.16839828972479276     
  0.16843457868810124     
  0.16843457868869596     
  0.16843608203644680     
  0.15000059741636865     
  0.15000154010148670     
  0.15000154958681092     
  0.15000154964260559     
  0.14999999999999999     
  0.15000016798093849     
  0.15000014730801287     
  0.15000019415401109     
  0.15000020511982426     
  0.15000020522821689     
  0.15000020522854310     
  0.16843122060662594     
  0.16843490028092267     
  0.16843490028103211     
  0.15000000000000002     
  0.15000029359312050     
  0.16843591535812272     
  0.16566982952867723     
  0.15000031824344467     
  0.16843678679534962     
  0.16843519736570312     
  0.16843519736571810     
  0.15000066187611125     
  0.15000188316653013     
  0.15000189534720887     
  0.15000189393026700     
  0.16391198066762419     
  0.16386667821101913     
  0.16843582828441689     
  0.16843646791948202     
  0.16843545206535018     
  0.16843545206511157     
  0.15966664484148568     
  0.15000035593348565     
  0.16394432447076712     
  0.15493098425269974     
  0.15000000000000002     
  0.15000020265979538     
  0.15000024301865791     
  0.15000027621008291     
  0.15000027643480546     
  0.15000027643680264     
  0.16843600606784989     
  0.16843566202513507     
  0.16843566202534552     
  0.16693778419360641     
  0.16815376110257124     
  0.16843429790005537     
  0.16843429792279449     
  0.16815008103800225     
  0.16834989457289823     
  0.15000027890215023     
  0.16843589960263530     
  0.16843582649335570     
  0.16843582649342434     
  0.15000086851927746     
  0.15000234328991166     
  0.15000229093113279     
  0.15000537443986303     
  0.16843762116875863     
  0.15000047977629904     
  0.16846154261308868     
  0.16843593089528741     
  0.16843594510561030     
  0.16843594510541260     
  0.16844715561158460     
  0.16843870500392755     
  0.14999999999999999     
  0.15000024282804669     
  0.16843624024042358     
  0.16843599863850017     
  0.16843601623718640     
  0.16843601623726567     
  0.15000044370426147     
  0.15000012183242140     
  0.16843591705611269     
  0.15000037904461680     
  0.16843599138358759     
  0.15000045696889849     
  0.16843603316187145     
  0.16843603982797500     
  0.16843603982775937     
  0.16843477384778957     
  0.16843599965757436     
  0.15492182692216780     
  0.15492192610656796     
  0.16843591834900656     
  0.16843602306361716     
  0.16843601075318712     
  0.16843601075384076     
  0.16843605594483030     
  0.16843510656125704     
  0.16096821280491969     
  0.16843761297052942     
  0.15000000000000002     
  0.15000028083532133     
  0.16843592713280492     
  0.16843594181219509     
  0.16843594181246857     
  0.15651460078157714     
  0.16498828764500820     
  0.16843547390633890     
  0.15000029549048574     
  0.16744156293819068     
  0.15964812696290598     
  0.15964830558463858     
  0.16843590135806735     
  0.16828724265581574     
  0.16843548804783731     
  0.16845552829465879     
  0.16845760833282802     
  0.16843570399522506     
  0.16844385850345001     
  0.15147521095179181     
  0.16843759375776196     
  0.15000035845418633     
  0.16843433337237010     
  0.16843597645470407     
  0.16843604882483054     
  0.15000038235688037     
  0.15000060353942041     
  0.15000060578177207     
  0.15000060578775343     
  0.16843593762381692     
  0.15125285679933051     
  0.15000041014220500     
  0.15000069743119535     
  0.15000070039637525     
  0.15000070041380692     
  0.16843601019809079     
  0.16843602589177917     
  0.16843598077289404     
  0.15000044188210349     
  0.15000081525592554     
  0.15000081850231242     
  0.15000081852135097     
  0.15000040762987502     
  0.16843590356887034     
  0.16843602041721287     
  0.15000047745659678     
  0.15000096301643454     
  0.15000096820211861     
  0.15000096823125345     
  0.16843626090903926     
  0.15000051889731780     
  0.15000115063434949     
  0.15000115726569904     
  0.15000115729733504     
  0.16843595999204861     
  0.15000056677503140     
  0.15000138948563949     
  0.15000139806579818     
  0.15000139808956392     
  0.16842040958833623     
  0.16843469422669186     
  0.16843469422687371     
  0.15000062616686258     
  0.15000169310539072     
  0.15000170361540852     
  0.15000170365669852     
  0.16843598507999641     
  0.15000025805461156     
  0.16843556778779445     
  0.16843500939586425     
  0.16843500939583869     
  0.16843602952525291     
  0.16843681749787878     
  0.16843528739286243     
  0.16843528739294811     
  0.16843571285270623     
  0.15734777805308617     
  0.15000071973040024     
  0.15000207670283888     
  0.15000209248213248     
  0.15000164555531550     
  0.16189740992441334     
  0.16843613257003320     
  0.16843552130550080     
  0.16843552130521949     
  0.16837564786754214     
  0.16843436491753233     
  0.16843436491773700     
  0.15000013251596170     
  0.16566771062457522     
  0.15000055530141501     
  0.16843843801152700     
  0.15247478225712741     
  0.16772217910856041     
  0.16843586653176706     
  0.16843571003137692     
  0.16843571003158611     
  0.15000050061843889     
  0.16684206675224786     
  0.16833279731710582     
  0.16835487801741528     
  0.15000035783888685     
  0.15000229321331290     
  0.15000042763284613     
  0.16846149173555106     
  0.16843590415516119     
  0.16843585228678429     
  0.16843585228682642     
  0.16845439371882043     
  0.16516424841207311     
  0.16512560153304567     
  0.15000012620606762     
  0.16844192432029953     
  0.16843596161897159     
  0.16843594766552666     
  0.16843594766529338     
  0.16843702928774987     
  0.15226707492050395     
  0.15252355632295128     
  0.15252313504232737     
  0.16843598324963913     
  0.15000049984214503     
  0.16843599033764983     
  0.16843599510625787     
  0.16843599510652826     
  0.16843596776934894     
  0.15000045697625589     
  0.15000052601158873     
  0.16843602462319546     
  0.15000050852796129     
  0.16843598411511757     
  0.16843599630665163     
  0.16843599630590519     
  0.16843596488909579     
  0.16843477923087902     
  0.16843590919215984     
  0.16843374035863717     
  0.15868113134653014     
  0.15471637833355034     
  0.16843595184148891     
  0.16843594374761928     
  0.16843594374822957     
  0.16843651793738249     
  0.15000047959861204     
  0.16242029981216619     
  0.16242056992160264     
  0.16843502246693140     
  0.16310335905707832     
  0.15000039169364821     
  0.15000219873041135     
  0.15000037423497581     
  0.15733038654855133     
  0.15733055743142424     
  0.15000047524180732     
  0.16646017005910985     
  0.16843601269153596     
  0.16843554027981475     
  0.16800229063523059     
  0.15000060828067402     
  0.16841213155620868     
  0.16843585909755240     
  0.15000036864803790     
  0.15000056150856431     
  0.15000056374161647     
  0.15000056374933321     
  0.16846286809622224     
  0.16843560501218535     
  0.15000287329445089     
  0.16845002685227817     
  0.16843987469105398     
  0.16843563753787433     
  0.16843651761196693     
  0.15000020975771075     
  0.16843595192423785     
  0.16843587096563159     
  0.15000039456771394     
  0.15000064462138996     
  0.15000064695059603     
  0.15000064696595153     
  0.16843600388788807     
  0.15000042402220254     
  0.15000074851189726     
  0.15000075227482806     
  0.15000075229088572     
  0.16843602798751275     
  0.15000055805459525     
  0.16843599475046372     
  0.16843593715157104     
  0.15000045746011301     
  0.15000087992805375     
  0.15000088349171709     
  0.15000088351553417     
  0.16843596078789774     
  0.15000049535871687     
  0.15000104522798438     
  0.15000105088566482     
  0.15000105090918442     
  0.16843604749599564     
  0.15000032821541154     
  0.16843705688881580     
  0.15000012787454117     
  0.15000053947694894     
  0.15000125560758956     
  0.15000126302490055     
  0.15000126305596051     
  0.16839440920776558     
  0.16843447973689435     
  0.16843447973810552     
  0.15000040359630981     
  0.16843586109844513     
  0.15000063632810157     
  0.15000059272094488     
  0.15000152428248772     
  0.15000153337494632     
  0.15000153340333289     
  0.16843112104194463     
  0.16843480536896530     
  0.16843480536881414     
  0.15000036455278251     
  0.16843592163126000     
  0.16843670486332599     
  0.16843510576113818     
  0.16843510576131990     
  0.15000066529937084     
  0.15000186630514284     
  0.15000187811063975     
  0.15000187739907006     
  0.16843574862688637     
  0.16843425559133757     
  0.16843645759153117     
  0.16843536361696698     
  0.16843536361711420     
  0.15966387720355690     
  0.15000016189233265     
  0.16810860998708430     
  0.16843417937336655     
  0.16843417939413477     
  0.15000034228943993     
  0.15000048676237068     
  0.15000048835083896     
  0.15000048835698618     
  0.15494717354500082     
  0.16393949178439257     
  0.15128924989426124     
  0.16843590430498276     
  0.16843557653539024     
  0.16843557653537547     
  0.16693193209488846     
  0.16814975366153148     
  0.15000079433133712     
  0.15000240269990775     
  0.15000227199270930     
  0.15000543075883141     
  0.15000038420900366     
  0.15000043903512711     
  0.16843577366051510     
  0.16843574366183836     
  0.16843574366192807     
  0.15146020616648237     
  0.16843759616269127     
  0.16846147477335666     
  0.16843587107468602     
  0.16843586341733249     
  0.16843586341732453     
  0.16844720075704833     
  0.16843876073468708     
  0.16843629347993497     
  0.16843595540216377     
  0.16843593520948444     
  0.16843593520953010     
  0.16843597098695284     
  0.16843604181512087     
  0.16843597626741466     
  0.16843595774999692     
  0.16843595775023271     
  0.16843603407351471     
  0.16843477156318393     
  0.15493384612518363     
  0.15493408034045320     
  0.16843592397752644     
  0.16843590378818202     
  0.16843593533495227     
  0.16843593533436133     
  0.15643542837928318     
  0.16843605348540036     
  0.16843500777083095     
  0.16096450128292655     
  0.16843578037248408     
  0.16843585948041523     
  0.16843585948039161     
  0.16498224925199484     
  0.16843500699503591     
  0.16743713869064669     
  0.15963607027652299     
  0.15963625017206481     
  0.16843581931891283     
  0.16656711734287602     
  0.16828698871333297     
  0.16843553671517222     
  0.16845552843501474     
  0.16833829468857617     
  0.16845760600869722     
  0.16843579297293099     
  0.16844392302548247     
  0.15000038000784494     
  0.15000059815376110     
  0.15000059996421466     
  0.15000059997677603     
  0.16843766165938723     
  0.16843571007673103     
  0.16843611538712008     
  0.16843600463029357     
  0.15000040736280229     
  0.15000068958075466     
  0.15000069249167214     
  0.15000069250519518     
  0.16843607120664422     
  0.15000035644725668     
  0.15000052661556057     
  0.15000052840422559     
  0.15000052841285916     
  0.16843579244427062     
  0.16843602002402303     
  0.15000043821697390     
  0.15000080515765016     
  0.15000080944305721     
  0.15000080945730448     
  0.16843591087477827     
  0.16843588176496749     
  0.15000047372371522     
  0.15000095142847550     
  0.15000095637315222     
  0.15000095638809682     
  0.16843627940023631     
  0.15000051437321812     
  0.15000113677568430     
  0.15000114300522666     
  0.15000114302436732     
  0.16481390615625605     
  0.16476917412355768     
  0.16843602522983186     
  0.15000056212364554     
  0.15000137193850960     
  0.15000138181854025     
  0.15000138185109577     
  0.16842008781070936     
  0.16843458811309456     
  0.16843458811402465     
  0.15000062308899414     
  0.15000167546740209     
  0.15000168431191124     
  0.15000168434575842     
  0.16843589651309046     
  0.16843540791637399     
  0.16843490703290104     
  0.16843490703279110     
  0.15000050453568850     
  0.16843586685217210     
  0.15000030267543760     
  0.16843663844823642     
  0.16843518888193590     
  0.16843518888188358     
  0.15000044669718815     
  0.15733612633407912     
  0.16843562134928416     
  0.16843417153432791     
  0.15000034850071781     
  0.16837642121955043     
  0.16843424382678243     
  0.16843424382899536     
  0.15000301945941011     
  0.16189397713212630     
  0.16843609866053189     
  0.16843542624657420     
  0.16843542624665120     
  0.15000217608883698     
  0.15000041920623416     
  0.15000071757238639     
  0.15000206129901592     
  0.15000206827133555     
  0.15000166988130692     
  0.16566308231005741     
  0.15250283025998751     
  0.16771879732683243     
  0.16843581282029793     
  0.16843561779630997     
  0.16843561779632987     
  0.15000226686798881     
  0.16835466180933256     
  0.15000014099675335     
  0.15169018304175164     
  0.15000040252085275     
  0.15000036967627561     
  0.15000056637832296     
  0.15000056812487589     
  0.15000056813575868     
  0.16846154967217822     
  0.16843575437822023     
  0.16843576267959839     
  0.16843576267983296     
  0.16845443816097419     
  0.16844200862640787     
  0.15104513963673277     
  0.15109522676607165     
  0.16843583365519899     
  0.16843585946465425     
  0.16843585946444231     
  0.15248102426095794     
  0.15248066106024699     
  0.16843711890513458     
  0.16843607402186547     
  0.16843591239555167     
  0.16843590772526373     
  0.16843590772527625     
  0.16843605776230555     
  0.15408732447962989     
  0.15000054652520659     
  0.16843610497079473     
  0.16843593725224318     
  0.16843590494871874     
  0.16843590494931562     
  0.16843601773492245     
  0.16843479795131497     
  0.16843592752987252     
  0.16843447436703868     
  0.15000057973264067     
  0.15000038781898067     
  0.15867432290129152     
  0.16843584275996046     
  0.16843585670067959     
  0.16843585670037001     
  0.16843657176188895     
  0.16843535605198368     
  0.15000049040748437     
  0.16309969804044494     
  0.15731661649321815     
  0.15731668345131594     
  0.16645580150443043     
  0.16843577839342561     
  0.16843516757359150     
  0.16799982199235805     
  0.15000052846427028     
  0.15000045178957125     
  0.16841202033840724     
  0.16843577737383791     
  0.16846294995015459     
  0.16203771392383759     
  0.16203813699134970     
  0.16843545267690557     
  0.15000056983399007     
  0.16845010170750921     
  0.15000046785091642     
  0.16843997418516027     
  0.15000035332254383     
  0.15000033715467331     
  0.15000036833679778     
  0.16843590531362984     
  0.16843662264789147     
  0.15000052090273858     
  0.16843605822086366     
  0.16843593673618187     
  0.15000039156940390     
  0.15000063729758115     
  0.15000063924933002     
  0.15000063925719856     
  0.15000033472712226     
  0.16843610657758579     
  0.15000042062512911     
  0.15000073952722393     
  0.15000074218852388     
  0.15000074220523860     
  0.16843611609824652     
  0.16843588947385388     
  0.16843599144122101     
  0.15000045329875122     
  0.15000086777695384     
  0.15000087269477211     
  0.15000087270930396     
  0.15000037242451172     
  0.16843598856386766     
  0.15000049094401541     
  0.15000103120521671     
  0.15000103667479597     
  0.15000103670697157     
  0.16843575290517526     
  0.16843715305442747     
  0.15000053446746750     
  0.15000123876071284     
  0.15000124594857431     
  0.15000124596758935     
  0.16839576458082073     
  0.16843436330538281     
  0.16843436330725120     
  0.16843598229647055     
  0.15000058740482555     
  0.15000150453082212     
  0.15000151367280942     
  0.15000151371444356     
  0.16612377141171134     
  0.16843096781164540     
  0.16843469195257851     
  0.16843469195300464     
  0.15000062619836885     
  0.16843507107857691     
  0.15000042582971440     
  0.15000040243848400     
  0.16843669195209096     
  0.16843499658443614     
  0.16843499658438876     
  0.16835550997071344     
  0.15000066048388819     
  0.15000184139799058     
  0.15000185495922524     
  0.15000185360085075     
  0.16843565438057118     
  0.16813433209661013     
  0.16843405973724371     
  0.16843405975066339     
  0.16843629464291829     
  0.16843525872741175     
  0.16843525872734441     
  0.15000046955256921     
  0.15000011674296215     
  0.15965640753609669     
  0.15494762519725816     
  0.16843412939057995     
  0.16393614618214231     
  0.15000266987968289     
  0.16843583846125129     
  0.16843547534206188     
  0.16843547534199529     
  0.16692850134394124     
  0.16814792448824201     
  0.15000077779076940     
  0.15000229018282210     
  0.15000224138795362     
  0.15000539735514481     
  0.15000210219425003     
  0.15000046719516502     
  0.16843580179463311     
  0.16843564505012384     
  0.16843564505014480     
  0.16843752796854736     
  0.15000037815206588     
  0.15000024123462613     
  0.16846158091139302     
  0.16843582757082814     
  0.16843576694998177     
  0.16843576695006690     
  0.16844729839492478     
  0.15000037895162868     
  0.15000059593073931     
  0.15000059815969788     
  0.15000059816924960     
  0.16843887755310935     
  0.16843641969317541     
  0.16843585170898256     
  0.16843583997232631     
  0.16843583997231976     
  0.16843609946850058     
  0.15000042583852385     
  0.16843616351216478     
  0.16843585051589316     
  0.16843586460501520     
  0.16843586460460563     
  0.16843444054415213     
  0.16843613547333547     
  0.15491717282930884     
  0.15491741595575892     
  0.15000012439029484     
  0.15000034720517386     
  0.16843598555114589     
  0.16843590999643904     
  0.16843583714443155     
  0.16843583714445720     
  0.15000012008737040     
  0.15647763382385482     
  0.16843461294496925     
  0.16843610704747106     
  0.15000012881260780     
  0.16095770400162002     
  0.16843512874673525     
  0.16843576282439537     
  0.15000027720026768     
  0.16497882265360764     
  0.16843542571155362     
  0.14999999999999999     
  0.15000011265614227     
  0.15000012675844024     
  0.15000012932843917     
  0.15000012933376861     
  0.15000012933831036     
  0.16743395776317976     
  0.15961722108623513     
  0.15961738088109390     
  0.15000050451109878     
  0.16843572848619753     
  0.15000028968210805     
  0.16828572530752284     
  0.16843533197211585     
  0.16845553230318772     
  0.16845772314100699     
  0.16843524473253299     
  0.15000036166191197     
  0.16844403465097207     
  0.16843778911062546     
  0.15000036509278686     
  0.15000055303876339     
  0.15000055558042605     
  0.15000055559202766     
  0.16843567563098696     
  0.16843625335224194     
  0.14999999999999997     
  0.15000011911026531     
  0.15000013419226746     
  0.15000013709722462     
  0.15000013711929649     
  0.15000013711939025     
  0.15141418000497484     
  0.15124236303517219     
  0.15000030932417260     
  0.16843614356044162     
  0.15000040390012750     
  0.15000068067486544     
  0.15000068291937185     
  0.15000068293578736     
  0.15000005608932446     
  0.16843619831590984     
  0.16843587838521445     
  0.16843611978919401     
  0.15000043441056871     
  0.15000079398925564     
  0.15000079780593642     
  0.15000079782504327     
  0.16468306718558912     
  0.16463741633206100     
  0.16843596961586363     
  0.16843596997394347     
  0.15000046918124146     
  0.15000093751778804     
  0.15000094239542644     
  0.15000094242664655     
  0.14999999999999997     
  0.15000029180579127     
  0.16843636079818561     
  0.15000014077874418     
  0.15000050912941909     
  0.15000111999278254     
  0.15000112606195415     
  0.15000112609768182     
  0.15000000000000002     
  0.15000013209380805     
  0.16843567705331042     
  0.15000014959585162     
  0.15000015359097069     
  0.15000015365389049     
  0.15000015365407643     
  0.15000039450693226     
  0.15000055627814654     
  0.15000135281712779     
  0.15000136128155972     
  0.15000136131550232     
  0.16841972715299788     
  0.16843446310428645     
  0.16843446310438784     
  0.15000050351854027     
  0.15000061714075136     
  0.15000164957128809     
  0.15000166163753256     
  0.15000166168888354     
  0.16843551923465983     
  0.15000014516861707     
  0.16843524621612957     
  0.16843478675657805     
  0.16843478675630025     
  0.15000040934570194     
  0.16843574991008589     
  0.16837108739836004     
  0.16843412373769534     
  0.16843412373835151     
  0.16843668772287806     
  0.16843507339195732     
  0.16843507339191585     
  0.14999999999999999     
  0.15000015307114475     
  0.15000017514572406     
  0.15000018216981900     
  0.15000018223933592     
  0.15000018223957148     
  0.15733071057865652     
  0.16843551802705875     
  0.16833090231328798     
  0.15000071294714729     
  0.15000203061649012     
  0.15000204245260157     
  0.15000160027104775     
  0.16188399776768939     
  0.16843595136862360     
  0.16843531528645392     
  0.16843531528642730     
  0.16565944291418194     
  0.15247435300838877     
  0.15000295275989864     
  0.16771625385846195     
  0.16843561787113598     
  0.16843551067588783     
  0.16843551067561055     
  0.15000223541468843     
  0.16835372234786514     
  0.16846155851945488     
  0.16843572037036081     
  0.16843565798332732     
  0.16843565798351443     
  0.16845454892662542     
  0.15000000000000002     
  0.15000018257467079     
  0.15000021353264226     
  0.15000023140330651     
  0.15000023156245335     
  0.15000023156333805     
  0.15000040973793477     
  0.15247022260779466     
  0.15246967216655319     
  0.15000034967388259     
  0.15000050848507970     
  0.15000051094911060     
  0.15000051095364253     
  0.15000038301959576     
  0.16844212214008680     
  0.16843582678417465     
  0.16843575631041757     
  0.16843575631031371     
  0.15226579236936863     
  0.16843725039639765     
  0.16843621752017515     
  0.15000043166828272     
  0.16843585604396882     
  0.16843580468814739     
  0.16843580468856914     
  0.15000045271889081     
  0.16843620113004160     
  0.15000032162155266     
  0.15000043422986559     
  0.15000043560001874     
  0.15000043560201287     
  0.16843623177536271     
  0.16843578001338488     
  0.16843580486549373     
  0.16843580486520240     
  0.16843611002091979     
  0.16843429069361621     
  0.16843463715444565     
  0.14999999999999999     
  0.15000021971517985     
  0.15000058452562226     
  0.16843598734703183     
  0.15466529804795512     
  0.16643377238926374     
  0.15000049060897011     
  0.15867818199448577     
  0.16843569241766454     
  0.16843575306722677     
  0.16843575306732639     
  0.16843668047091062     
  0.15000054267521076     
  0.16843436398673139     
  0.16308910177348943     
  0.15727118232533083     
  0.15727122315267394     
  0.15000056354962024     
  0.16645170231537795     
  0.16843567177098651     
  0.16843403111142055     
  0.15000214108684892     
  0.16843528876320946     
  0.16799769764705730     
  0.16187719940621773     
  0.16187737043605110     
  0.15000033686641359     
  0.15000038350010939     
  0.16841138392052815     
  0.16843568912932244     
  0.16846298171445276     
  0.16843566332867779     
  0.14999999999999997     
  0.15000025941656142     
  0.15000037202713043     
  0.15000057560053906     
  0.15000057792432511     
  0.15000057793072880     
  0.16845020291986243     
  0.16844008428938650     
  0.15000025433096606     
  0.16843534328583568     
  0.15000027875255789     
  0.15000034023605091     
  0.15000034105487065     
  0.15000034105669066     
  0.15000051694500341     
  0.16843674983045592     
  0.15000045883166599     
  0.15000038642020361     
  0.15000062171904510     
  0.15000062452426169     
  0.15000062453667512     
  0.16843619552939898     
  0.16843541064105311     
  0.15000044168464466     
  0.16843624039452473     
  0.15000041670470349     
  0.15000072804668219     
  0.15000073182138507     
  0.15000073183221946     
  0.16843622683907580     
  0.15000046791239394     
  0.16843561761442180     
  0.16843606142115417     
  0.15000044880233665     
  0.15000085496246651     
  0.15000085821456702     
  0.15000085824269757     
  0.16843604422873398     
  0.15000048579040293     
  0.15000101460982940     
  0.15000101988952316     
  0.15000101991212847     
  0.16843603109330418     
  0.16843729802418853     
  0.15000052863626023     
  0.15000121900394869     
  0.15000122557347567     
  0.15000122561532703     
  0.16839430387067775     
  0.16843422634953850     
  0.16843422635081579     
  0.15000046298470218     
  0.16843568809958295     
  0.15000058083686582     
  0.15000148055686535     
  0.15000148977103281     
  0.15000148982906847     
  0.15000038518948108     
  0.16843063929550528     
  0.16843455999095722     
  0.16843455999112503     
  0.16843506179034989     
  0.15000047281423029     
  0.16812164632032164     
  0.16843393922484831     
  0.16843393924768824     
  0.15000065282532560     
  0.15000181556086870     
  0.15000182714329130     
  0.15000182559328651     
  0.16843634050496151     
  0.16843487002409641     
  0.16843487002379837     
  0.15000036811443807     
  0.16843554200760105     
  0.16843626660221464     
  0.16843513741373656     
  0.16843513741347771     
  0.15964267976596180     
  0.15493083947819966     
  0.16392504473489969     
  0.15000062271902034     
  0.16843576961151763     
  0.16843535851447378     
  0.16843535851473690     
  0.16692438045375260     
  0.15000077209417309     
  0.15000230761693617     
  0.15000221861458113     
  0.15000519725739392     
  0.16814614293305993     
  0.15000257434047914     
  0.16843553071718653     
  0.16843553193328392     
  0.16843553193306848     
  0.16843699429918402     
  0.15144950222915657     
  0.16846155664327583     
  0.16843559100127115     
  0.16843565613821979     
  0.16843565613811462     
  0.16844734598579469     
  0.15000044789210304     
  0.16843894779422719     
  0.15000036259219410     
  0.15000054739086022     
  0.15000054938816954     
  0.15000054939430379     
  0.15000035108818527     
  0.16843651057787704     
  0.16843573612901855     
  0.16843573050787530     
  0.16843573050765484     
  0.16843619849820191     
  0.15000032219928730     
  0.16843625426296821     
  0.16843585041429859     
  0.16843575375497552     
  0.16843575375500472     
  0.16843451784411528     
  0.15487665361953593     
  0.15487688492213639     
  0.16843619592440834     
  0.16843600362105737     
  0.15000032105147135     
  0.16843569675712589     
  0.16843572832135309     
  0.16843572832132031     
  0.15000041886120338     
  0.15643547319038062     
  0.16843537033180800     
  0.16843612803771474     
  0.15000027500206886     
  0.16093846865510716     
  0.16843524660514061     
  0.16843565150071052     
  0.16843565150078088     
  0.16496829318501469     
  0.16843474664774824     
  0.16743008228176046     
  0.15958390050329740     
  0.15958405556991473     
  0.16834033800527765     
  0.16843562704310899     
  0.16828425006455808     
  0.16843516622871527     
  0.16845511596393364     
  0.16845766226344466     
  0.16843596833620197     
  0.16844403445803516     
  0.16843781922806741     
  0.16843587206360192     
  0.16843630137188823     
  0.16843619380221425     
  0.16455822094381209     
  0.16451512321788045     
  0.15000040005263524     
  0.15000066984373642     
  0.15000067314443744     
  0.15000067315060042     
  0.16843623339874134     
  0.16843575477675773     
  0.15000052590273533     
  0.16843611683635468     
  0.15000043005498478     
  0.15000078142649242     
  0.15000078411919143     
  0.15000078413822160     
  0.15000041388711857     
  0.16843592723838019     
  0.16843546556192313     
  0.15000046396414685     
  0.15000092140985105     
  0.15000092587491465     
  0.15000092589321917     
  0.16843635567558693     
  0.15000050324582781     
  0.15000110015781440     
  0.15000110597777624     
  0.15000110600297925     
  0.15000060793466552     
  0.16843588872529500     
  0.15000054958286704     
  0.15000132891777895     
  0.15000133680848712     
  0.15000133684406977     
  0.16841913899316518     
  0.16843431937177475     
  0.16843431937273001     
  0.15000034847824900     
  0.15000060914114957     
  0.15000162361844471     
  0.15000163321892546     
  0.15000163325597354     
  0.16843611608431452     
  0.16843520946810023     
  0.16843464820583798     
  0.16843464820610021     
  0.16843391326367668     
  0.16837333019505357     
  0.16843397960087247     
  0.16843397960001977     
  0.16843558077003395     
  0.15000037307579597     
  0.15000058049323942     
  0.15000058266492669     
  0.15000058267316158     
  0.16843639451749021     
  0.16843494118945540     
  0.16843494118953831     
  0.15000069736239482     
  0.15000200485902518     
  0.15000201545269665     
  0.15000152710061229     
  0.16843540239769370     
  0.15731191966531621     
  0.16186413256489915     
  0.15000030309952572     
  0.16843589438113665     
  0.16843518861845894     
  0.16843518861818199     
  0.15000012850801553     
  0.15000044346240876     
  0.15248352180409572     
  0.15000024582580082     
  0.16564881421803662     
  0.15000222242468161     
  0.16771244113509570     
  0.16843575615464371     
  0.16843538826636500     
  0.16843538826652882     
  0.15168700975825561     
  0.15000021749058018     
  0.15124735971844225     
  0.15000029054958589     
  0.16835232054233351     
  0.15000039565264192     
  0.16846104694435712     
  0.16843566672141821     
  0.16843553880305737     
  0.16843553880307838     
  0.16845432486500475     
  0.16844197155810481     
  0.15000041776966991     
  0.16843566699046345     
  0.16843563903356976     
  0.16843563903373374     
  0.15249803996181793     
  0.15249772071980003     
  0.16843714465465828     
  0.16843613157521511     
  0.15000035685581189     
  0.16646676356892448     
  0.16843567037047330     
  0.16843568905162776     
  0.16843568905151488     
  0.15000012708574983     
  0.16843611177192022     
  0.15402545148577393     
  0.15000049132209939     
  0.16843611878861880     
  0.15000035261703196     
  0.15000051883984428     
  0.15000052052277654     
  0.15000052053225088     
  0.16843578411770210     
  0.16843568715158636     
  0.16843568715197929     
  0.15000039769372889     
  0.16843595166645023     
  0.16843412452044726     
  0.15000056640448139     
  0.16843579263742328     
  0.15000048178348849     
  0.15000037859136647     
  0.15863847946256532     
  0.16843574268422568     
  0.16843563547456111     
  0.16843563547431956     
  0.16843656914721455     
  0.15000054349747138     
  0.16843555377032737     
  0.16306820282756540     
  0.15000212237070074     
  0.15000028197045173     
  0.16843403931994483     
  0.15000046041586323     
  0.15726099950143332     
  0.15726101914481758     
  0.16644204111320973     
  0.16843542476575110     
  0.16843502266562155     
  0.16799426641934156     
  0.16841011258668681     
  0.15000051585498772     
  0.16843558107838202     
  0.16846241880608559     
  0.16843461672059637     
  0.15000279285340912     
  0.16205001477320724     
  0.16205025335977463     
  0.16844985077836142     
  0.15000037912454514     
  0.15000045645215024     
  0.16843980576178197     
  0.16843545350336150     
  0.16843651972463680     
  0.15124637899123863     
  0.16843597937267851     
  0.16843590489413551     
  0.15000049446477726     
  0.16843601215281612     
  0.15000041215338011     
  0.15000071607794357     
  0.15000071896345685     
  0.15000071897367295     
  0.16843596408191716     
  0.16843596499576935     
  0.15000038459555928     
  0.15000061906232509     
  0.15000062108724094     
  0.15000062109750936     
  0.16843574716950394     
  0.15000044372378782     
  0.15000083905708420     
  0.15000084304702604     
  0.15000084306122752     
  0.16843571163968654     
  0.15000047978467232     
  0.15000099581882159     
  0.15000099977037706     
  0.15000099979805492     
  0.16843525401418885     
  0.16843712106520423     
  0.15000052177678136     
  0.15000119506843218     
  0.15000120168873118     
  0.15000120171503192     
  0.16839432709159868     
  0.16843407236576816     
  0.16843407236629920     
  0.16843551664685935     
  0.15000057280170459     
  0.15000145249456262     
  0.15000146116092308     
  0.15000146118690813     
  0.15000021438545524     
  0.16812255026174944     
  0.16843379479572321     
  0.16843379482773624     
  0.16843037757969573     
  0.16843440887883099     
  0.16843440887871505     
  0.16843502534977214     
  0.15000064254918183     
  0.15000178446370996     
  0.15000179327931928     
  0.15000179254267709     
  0.16843654781640441     
  0.16843472593361877     
  0.16843472593343287     
  0.15000036157643110     
  0.15000054603964025     
  0.15000054787367639     
  0.15000054788239692     
  0.15000039223629202     
  0.16843542016204902     
  0.16843603898981854     
  0.16843500006864986     
  0.16843500006862158     
  0.15961226696845768     
  0.15489611264391384     
  0.15000042729481516     
  0.16390287457761463     
  0.16843543001964195     
  0.16843522681358544     
  0.16843522681354769     
  0.16691470505405090     
  0.15000054773335220     
  0.15000074608487138     
  0.15000231412369558     
  0.15000218898181553     
  0.15000541997276559     
  0.16814261593417973     
  0.15000018299197740     
  0.16843554508935116     
  0.16843540419019393     
  0.16843540419044506     
  0.16843547202562498     
  0.15000045901834905     
  0.16846064395920934     
  0.15000036061295016     
  0.16843570903529448     
  0.16843553094778008     
  0.16843553094757666     
  0.16844663083571632     
  0.16843832652396340     
  0.16843594619793914     
  0.16843569395787542     
  0.16843560637672020     
  0.16843560637705643     
  0.15000060233805543     
  0.16843564382968079     
  0.16843568121493860     
  0.16843551347006416     
  0.16843563137045828     
  0.16843563137018874     
  0.16843413731820234     
  0.16843557929176642     
  0.15488311759807880     
  0.15488320097562383     
  0.16834291624463329     
  0.15000042633553681     
  0.16843532798855990     
  0.15000032498081017     
  0.16843565578615605     
  0.16843560422138620     
  0.16843560422134665     
  0.15638749384973905     
  0.15000033348587433     
  0.16843320453313429     
  0.16843546355069267     
  0.16843381503785035     
  0.16090484840477362     
  0.16843485254105664     
  0.16843552598431930     
  0.15000030846114512     
  0.16494720979956620     
  0.16843486845437464     
  0.16742140878684372     
  0.15954123703916773     
  0.15954134472410111     
  0.16843540856593789     
  0.16828095897097620     
  0.16843549347347833     
  0.15000033771955942     
  0.15000047748423689     
  0.15000047914646014     
  0.15000047915634515     
  0.16845345700227249     
  0.16845648628019425     
  0.16843467359211517     
  0.16844302788848703     
  0.16843691021615778     
  0.16843476506658983     
  0.16843544084203038     
  0.16843533264509034     
  0.15000039570335105     
  0.15000065822963346     
  0.15000066110473231     
  0.15000066111927754     
  0.16843534540198715     
  0.16843504111046032     
  0.16465613845691490     
  0.16468864091071464     
  0.16843517389220439     
  0.15000042491824905     
  0.15000076654600761     
  0.15000076956995767     
  0.15000076958093203     
  0.15000036332269265     
  0.15000030087875127     
  0.15000037115639195     
  0.15000057664031863     
  0.15000057858792687     
  0.15000057859896998     
  0.16843492748697411     
  0.16843381127533813     
  0.16843604781703728     
  0.15000045812149984     
  0.15000090339409874     
  0.15000090671784758     
  0.15000090674359398     
  0.15000033906048152     
  0.16843542316762994     
  0.15000029421711153     
  0.16683036566396539     
  0.15000042903545432     
  0.15000049646929042     
  0.15000107741094215     
  0.15000108217486463     
  0.15000108219126618     
  0.16843555503574162     
  0.15000054148812783     
  0.15000130075937398     
  0.15000130869974684     
  0.15000130872955522     
  0.16841813283998136     
  0.16843415450804722     
  0.16843415450814014     
  0.15000059833638077     
  0.15000159030060708     
  0.15000159906388372     
  0.15000159909147462     
  0.15222863859169172     
  0.16837258868854976     
  0.16843383517801563     
  0.16843383517760779     
  0.16843430533927922     
  0.16843439496001986     
  0.16843449157344226     
  0.16843449157327423     
  0.15000043506931712     
  0.16843466532486986     
  0.15000040871413106     
  0.16843624444990341     
  0.16843479236966608     
  0.16843479236953729     
  0.15000292089806749     
  0.15725923781793039     
  0.15000068279713305     
  0.15000196737588556     
  0.15000197663806891     
  0.15000158095259467     
  0.16843526007076381     
  0.16182634463020762     
  0.16843566226114495     
  0.16843504648236096     
  0.16843504648217503     
  0.16562709303429024     
  0.15244531649915716     
  0.15000217725757722     
  0.15101903894916852     
  0.16770350980459831     
  0.16843511725689664     
  0.16843525160213951     
  0.16843525160211301     
  0.15000046001836817     
  0.16834848052716297     
  0.15000039095855347     
  0.16845867715163865     
  0.16843515874971521     
  0.16843540571354002     
  0.16843540571353244     
  0.16845240016828320     
  0.15243447044466985     
  0.15243402657974670     
  0.16844023480931580     
  0.14999999999999997     
  0.15000028560498685     
  0.16843534565873347     
  0.16843550802774432     
  0.16843550802771931     
  0.15000035224997865     
  0.15000051926999489     
  0.15000052094960786     
  0.15000052096015659     
  0.16843552907628123     
  0.16843456136251198     
  0.16843561420955191     
  0.16843555795181758     
  0.16843555795190207     
  0.16843452998920891     
  0.15000045885937804     
  0.16843450236305510     
  0.16843542458159438     
  0.16843555721436562     
  0.16843555721429107     
  0.15000050431183404     
  0.16843427372513314     
  0.16843557018515537     
  0.16843407706415153     
  0.15859569689791694     
  0.16843494089651725     
  0.16843550420806522     
  0.16843550420795705     
  0.15000051460648522     
  0.16843499254543592     
  0.15122899454615016     
  0.15000053634465355     
  0.16843402319564690     
  0.15000206905957253     
  0.16302939429879354     
  0.15450946632771900     
  0.15721579575094990     
  0.15721589032580999     
  0.16642219853027670     
  0.16843421536780925     
  0.16843423314275507     
  0.16843489333618969     
  0.16798606114937215     
  0.16840606855910500     
  0.16843537556605492     
  0.16191507294326654     
  0.16191559958061280     
  0.15000034671162527     
  0.16845953546806089     
  0.16843644887961301     
  0.16844733851088461     
  0.15000056276063420     
  0.14999999999999999     
  0.15000011120882858     
  0.15000043951831069     
  0.15000012491973103     
  0.15000012762866574     
  0.15000012765535667     
  0.15000012765642190     
  0.16843748335606024     
  0.16843596845764058     
  0.16843431669596987     
  0.15000036067202685     
  0.15000054501900797     
  0.15000054690227010     
  0.15000054691144263     
  0.16843379708540129     
  0.16843543125786098     
  0.15000038032655083     
  0.15000060747473790     
  0.15000061014939520     
  0.15000061015634786     
  0.16843380224547147     
  0.15000040727306418     
  0.15000070214926389     
  0.15000070494949946     
  0.15000070496669465     
  0.16843371282995731     
  0.15000037652491616     
  0.16843507531594507     
  0.15000030814378770     
  0.16843343160874308     
  0.15000043802281843     
  0.15000082162299622     
  0.15000082535807194     
  0.15000082537082421     
  0.15000000000000002     
  0.15000011424484100     
  0.15000012878464081     
  0.15000013133936313     
  0.15000013138632320     
  0.15000013138646559     
  0.16843338945022984     
  0.15000047317878895     
  0.15000097312200400     
  0.15000097821818656     
  0.15000097823827907     
  0.15000051991494745     
  0.15000047544688219     
  0.15000038784594097     
  0.16843611082114066     
  0.16843505472784073     
  0.16835770562170171     
  0.15000051405698006     
  0.15000116785395032     
  0.15000117384896031     
  0.15000117386431164     
  0.16812676302637455     
  0.16843357812435500     
  0.16843357813677570     
  0.16839364196317491     
  0.16843388957166261     
  0.16843388957320760     
  0.16843366622659109     
  0.16843618861757609     
  0.15000056311193510     
  0.15000141903251241     
  0.15000142726637081     
  0.15000142731188129     
  0.15000036627201205     
  0.16842998945385401     
  0.16843423778160363     
  0.16843423778211603     
  0.16843468607211115     
  0.15000062674369880     
  0.15000174411706604     
  0.15000175501453650     
  0.15000175322225301     
  0.14999999999999997     
  0.15000012383552538     
  0.15000013968335735     
  0.15000014300366968     
  0.15000014303658391     
  0.15000014303673923     
  0.16843570588840867     
  0.16843456486469272     
  0.16843456486465178     
  0.16843527992177917     
  0.15000015115888987     
  0.16843583355268152     
  0.16843484706118020     
  0.16843484706115072     
  0.15000054116943731     
  0.15955964682743290     
  0.15486734952959610     
  0.16386074283950186     
  0.16843567428789527     
  0.16843508020532391     
  0.16843508020511261     
  0.15000079074971140     
  0.15000218986361497     
  0.15000213774534044     
  0.15000511937106417     
  0.16689412211858379     
  0.15000250660859143     
  0.16813342513384938     
  0.15000047799628921     
  0.14999999999999997     
  0.15000014045371710     
  0.15000015950715603     
  0.15000016448384620     
  0.15000016451794612     
  0.15000016451818349     
  0.15141662541872619     
  0.16843532318649512     
  0.16843526251017160     
  0.16843526251038127     
  0.16843008391990383     
  0.15000012607993105     
  0.16845632674406905     
  0.15000037751989165     
  0.16843513786051822     
  0.16843539214195408     
  0.16843539214172876     
  0.16844268519107958     
  0.16843460550246603     
  0.16637168142234871     
  0.16843236654190702     
  0.16843522569908664     
  0.16843546935703149     
  0.16843546935718057     
  0.15000062309421755     
  0.16843207340456781     
  0.15000017806943372     
  0.15000000000000002     
  0.15000016503341798     
  0.16843206024147828     
  0.15000019017255548     
  0.15000020063136821     
  0.15000020073279785     
  0.15000020073341910     
  0.16843555360716128     
  0.16843549366251101     
  0.16843549366248681     
  0.16843358555568225     
  0.16843190941514080     
  0.15485185915551841     
  0.15485197673117199     
  0.16843161428508793     
  0.16843540899975135     
  0.16843546660233658     
  0.16843546660236397     
  0.15628105335784814     
  0.16843645894885059     
  0.16843178568955744     
  0.16084552177394856     
  0.16843501207581124     
  0.16843538674931449     
  0.16490647728229468     
  0.16843502508682343     
  0.16740235048920232     
  0.15946863123516233     
  0.15946874136064729     
  0.15000000000000002     
  0.15000019825966371     
  0.15000023560014314     
  0.15000026540655004     
  0.15000026575732470     
  0.15000026575841310     
  0.16843481927751863     
  0.16827166921975517     
  0.16843369153685489     
  0.16844718601087680     
  0.16845108063819370     
  0.16843529118745384     
  0.16843795004480039     
  0.16427981438019698     
  0.16432447528048666     
  0.16843206967842925     
  0.16843362733443124     
  0.16843620856180547     
  0.16843072787245719     
  0.15000036654939786     
  0.15000056424697933     
  0.15000056621830393     
  0.15000056622848998     
  0.15000000000000002     
  0.15000023688520212     
  0.16843059141178698     
  0.15000039095268083     
  0.15000064524448253     
  0.15000064783491510     
  0.15000064784836437     
  0.16843053201768951     
  0.16843659733948560     
  0.15000042044569858     
  0.16843030727572469     
  0.15000041930110941     
  0.15000074999077126     
  0.15000075304843430     
  0.15000075306807184     
  0.16843004599324013     
  0.16843457526096067     
  0.15000045166292747     
  0.15000088156051145     
  0.15000088682239648     
  0.15000088684127832     
  0.16843065650235670     
  0.15000048909492636     
  0.15000105061548635     
  0.15000105649681864     
  0.15000105652562457     
  0.15000034307052373     
  0.16843486047263648     
  0.16837124432713313     
  0.16843362034575976     
  0.16843362034650655     
  0.15000053276407710     
  0.15000126861619589     
  0.15000127417458670     
  0.15000127422085283     
  0.15000041088250593     
  0.15236363146095791     
  0.16841749962424743     
  0.16843396638117375     
  0.16843396638171734     
  0.15000058768818780     
  0.15000155065397705     
  0.15000155803400680     
  0.15000155808431218     
  0.16843685398791960     
  0.16843476365365997     
  0.16843431666673903     
  0.16843431666679956     
  0.16843219586376207     
  0.16843577936816398     
  0.16843462753285365     
  0.16843462753283620     
  0.15000040219548988     
  0.15000067311559984     
  0.15000191742573984     
  0.15000192780824148     
  0.15000144579568339     
  0.15720368229028386     
  0.16843512106965602     
  0.16175827403033952     
  0.16843488570497003     
  0.16843488975511689     
  0.16843488975508750     
  0.15243848073702668     
  0.16558417838519587     
  0.15000212367544019     
  0.15000034958335048     
  0.15000035804843703     
  0.16768272503944631     
  0.16843504861578809     
  0.16843510094252664     
  0.16843510094232148     
  0.15000038617668299     
  0.16833681764807090     
  0.15000031833236321     
  0.14999999999999999     
  0.15000027147157646     
  0.15101601783637086     
  0.16844978362232976     
  0.15123936961521534     
  0.15000044619053876     
  0.16843527351475890     
  0.16843525905288262     
  0.16843525905291840     
  0.16844436344863603     
  0.15000055067383555     
  0.15000045272878623     
  0.16843255247993388     
  0.16843531410278942     
  0.16843536335818968     
  0.16843536335823725     
  0.15245253127237951     
  0.15245202799533081     
  0.16842811491891335     
  0.16842729000551679     
  0.16834517009188335     
  0.16843473076330134     
  0.16843541444381754     
  0.16843541444362994     
  0.16842720693665630     
  0.16842708428394484     
  0.15000043328231802     
  0.16843488533615783     
  0.16843541320810557     
  0.16843541320822336     
  0.16842680573764132     
  0.16843323690661330     
  0.16843348738546804     
  0.16843118096987134     
  0.16842663893759718     
  0.15456574640217485     
  0.15851636288012039     
  0.16843560609747660     
  0.16843535939344476     
  0.16843535939366941     
  0.16842781964520742     
  0.15000046986891899     
  0.15000202678835770     
  0.15000049454596476     
  0.16843417085692139     
  0.16295831568884442     
  0.15713154539401825     
  0.15713163792861454     
  0.16638185096915681     
  0.16843147866727523     
  0.15000052489378851     
  0.16843492006095520     
  0.16796566802585952     
  0.16169727945543660     
  0.15000045432247525     
  0.16179890729023497     
  0.16839303863834987     
  0.16843484644045686     
  0.15000057474515671     
  0.15000267807245241     
  0.16844873639589250     
  0.16843311586442777     
  0.15000040571612300     
  0.15000046927471522     
  0.16843727559656838     
  0.16842774192308016     
  0.16843346964991815     
  0.16842484127245333     
  0.15000035206848064     
  0.15000052168727618     
  0.15000052283002888     
  0.15000052283505447     
  0.16842444349185837     
  0.15000044284552436     
  0.16843425929853728     
  0.15000037566036745     
  0.15000059501734642     
  0.15000059723764916     
  0.15000059725078291     
  0.16842434084646760     
  0.15000040202297657     
  0.15000068682650974     
  0.15000068946928805     
  0.15000068948201553     
  0.16591846574295169     
  0.16842413711732612     
  0.15000037153474108     
  0.16843570238575994     
  0.15000027434949517     
  0.16842382806387410     
  0.15000043189578124     
  0.15000080182475897     
  0.15000080593353363     
  0.15000080595371082     
  0.15000037165814398     
  0.15000014241201143     
  0.15000042278624742     
  0.16842387504384365     
  0.15000046590610083     
  0.15000094796169139     
  0.15000095368306626     
  0.15000095369348632     
  0.16843496684564943     
  0.16842599289582952     
  0.16812637609096773     
  0.16843336099484732     
  0.16843336101810585     
  0.15000050545308530     
  0.15000113636800846     
  0.15000114190140970     
  0.15000114194560873     
  0.16839079137687615     
  0.16843368059610880     
  0.16843368059834890     
  0.16843388388611924     
  0.15000055328747758     
  0.15000137944359423     
  0.15000138782186542     
  0.15000138784726419     
  0.15000032673449590     
  0.16842777525814440     
  0.16843404809288043     
  0.16843404809312945     
  0.15000024269290260     
  0.16843607905956698     
  0.15000039004170490     
  0.15000061642505563     
  0.15000169504715280     
  0.15000170627121265     
  0.15000170552326306     
  0.16843489025811512     
  0.16843438728922064     
  0.16843438728921736     
  0.16843512356736498     
  0.15000051709822135     
  0.16843462575859164     
  0.16843467890967678     
  0.16843467890974170     
  0.15946594305815737     
  0.15481209116359568     
  0.16378282266876218     
  0.15000048815235778     
  0.15000079308227493     
  0.15000220776894616     
  0.15000208675341298     
  0.15000524035983548     
  0.16843362506909113     
  0.16843492002975305     
  0.16843492002972008     
  0.15000032987921924     
  0.16685051132095538     
  0.15000030459830468     
  0.15000039663684694     
  0.15000039784158922     
  0.15000039784788360     
  0.16810910587319328     
  0.16843372332849418     
  0.16843510793683106     
  0.16843510793690888     
  0.15140442105308596     
  0.16841249303279196     
  0.15000015239841744     
  0.16844087846871675     
  0.16843413952838721     
  0.16843524069315213     
  0.16843524069289925     
  0.16842803081044294     
  0.15000028265427937     
  0.15000012755660588     
  0.16842030313194278     
  0.16843431198701661     
  0.16843531841738008     
  0.16843531841770518     
  0.16841832335659618     
  0.15000005549064241     
  0.16841817526102063     
  0.15000036219372401     
  0.16841801853090960     
  0.16843404652244376     
  0.16843534338257810     
  0.16843534338233393     
  0.16843619736656201     
  0.15476247617614966     
  0.15476600496656501     
  0.16841772550306772     
  0.15000033946051974     
  0.16841744426082902     
  0.16843383196126016     
  0.16843531624333874     
  0.16843531624336169     
  0.15619192259831685     
  0.16843217976260072     
  0.16841783079557865     
  0.16073946881371090     
  0.16843486591314624     
  0.16843523471616439     
  0.16843523471595814     
  0.16482991715596559     
  0.16843413334858906     
  0.16735994997325143     
  0.15934477106972630     
  0.15942958518201122     
  0.16843326084674515     
  0.16824554337906647     
  0.16843795981862958     
  0.15000012450410591     
  0.16842644329345591     
  0.15117930233052596     
  0.16843214466664855     
  0.16843378532119394     
  0.16843661002558524     
  0.15000038789165174     
  0.15000063989734616     
  0.16841975297995732     
  0.16841415218163727     
  0.15000034233794957     
  0.16444047967321282     
  0.15000035244358542     
  0.16843490810185174     
  0.16841305868387194     
  0.15000036128871508     
  0.15000055055644637     
  0.15000055220016636     
  0.15000055220778974     
  0.16841302746602116     
  0.16452086570181657     
  0.15000038582503805     
  0.15000063101186425     
  0.15000063360310456     
  0.15000063361506152     
  0.16841276319688053     
  0.16843340263987264     
  0.16841237975823709     
  0.16832492233172835     
  0.15000041342707396     
  0.15000073181482768     
  0.15000073486489790     
  0.15000073488231599     
  0.15000013116590113     
  0.15000034814594229     
  0.16841220499376300     
  0.15229157599305965     
  0.16843719838434698     
  0.15000044462915868     
  0.15000085857960072     
  0.15000086329495130     
  0.15000086330761628     
  0.16841318804934688     
  0.16836141134928506     
  0.16843339431965326     
  0.16843339431949106     
  0.15000048080989176     
  0.15000102069174484     
  0.15000102698781068     
  0.15000102701536774     
  0.16843735355583242     
  0.15000052332647448     
  0.15000122915307634     
  0.15000123810917879     
  0.15000123814026112     
  0.16841540258753260     
  0.16843375913154518     
  0.16843375913221179     
  0.15000057642998077     
  0.15000150132261567     
  0.15000151176050347     
  0.15000151180366786     
  0.16843443597994770     
  0.16843153129604732     
  0.16843412551729867     
  0.16843412551737208     
  0.15000040390870481     
  0.16842804054626548     
  0.15000044992670933     
  0.16843405891146396     
  0.16843444763697279     
  0.16843444763702875     
  0.15000281191624476     
  0.15000032858572079     
  0.15000065238414484     
  0.15000186288444939     
  0.15000187135634402     
  0.15000147288324878     
  0.15000030296150191     
  0.15000033471032073     
  0.15000047302474728     
  0.15000047452165083     
  0.15000047452712115     
  0.15709401152640270     
  0.16843495818683552     
  0.15241074045525416     
  0.16163557435536011     
  0.16843448653587886     
  0.16843471858990930     
  0.16843471859027731     
  0.15000041487604684     
  0.15000206943123737     
  0.16550020270142518     
  0.15000038616613365     
  0.15000039971220505     
  0.16763395856379951     
  0.16843365993120835     
  0.16843493742465551     
  0.16843493742469254     
  0.16830309392090939     
  0.15099047091308354     
  0.16842112508608004     
  0.16843302212141678     
  0.16843510013118640     
  0.16843510013128030     
  0.16841753473953189     
  0.16843266431563539     
  0.16843520790234845     
  0.16843520790221228     
  0.15234593229500154     
  0.15234533209334855     
  0.15000042844751760     
  0.16633945473818759     
  0.16840657215849822     
  0.16840237288119017     
  0.16843410873989009     
  0.16843526002369574     
  0.16843526002369671     
  0.16843326807164197     
  0.15000046201988582     
  0.16840178440212611     
  0.16840185572999919     
  0.16840145479575316     
  0.15000060963583720     
  0.16843386586614856     
  0.16843525601858975     
  0.16843525601897064     
  0.16840100747833020     
  0.16843355949971683     
  0.16843892403508073     
  0.16840106408544317     
  0.15000051130925293     
  0.15000196140858096     
  0.15000048871562729     
  0.15838082994536798     
  0.16843281311193267     
  0.16843520306036769     
  0.16843520306013587     
  0.16840285092684576     
  0.16843627811058762     
  0.16282958580848736     
  0.15439806524872857     
  0.15000058175327374     
  0.15699086029536780     
  0.15700518111960129     
  0.16629943768759270     
  0.16842824485231359     
  0.16843336901459804     
  0.16791477724291975     
  0.16207550249540037     
  0.16835443961287194     
  0.16843316025824850     
  0.15000036576835482     
  0.16161766502139582     
  0.16843580067075095     
  0.16841432494082914     
  0.16840447321421526     
  0.15000046097224262     
  0.16839577743807838     
  0.16843727351449023     
  0.16839286508922985     
  0.15000053779755915     
  0.15000037774851083     
  0.16839284145629435     
  0.16843803157009388     
  0.15000043601776042     
  0.15000037067530428     
  0.15000058206368860     
  0.15000058412839604     
  0.15000058413718542     
  0.16839275415857663     
  0.15000039625132430     
  0.15000067026004796     
  0.15000067233805220     
  0.15000067235225206     
  0.16839214601153163     
  0.15000032798783000     
  0.16843514538586052     
  0.16839179047397249     
  0.15000042513637230     
  0.15000078016367410     
  0.15000078448358148     
  0.15000078449312057     
  0.16809830782723045     
  0.16843313559241088     
  0.16843313561643902     
  0.16839218863701463     
  0.15121413939374378     
  0.15000045825307484     
  0.15000092069611110     
  0.15000092565572873     
  0.15000092568843043     
  0.16843398245032926     
  0.16839511494990836     
  0.15000049640481819     
  0.15000110025566360     
  0.15000110733423933     
  0.15000110735295658     
  0.16838757578504082     
  0.16843345550947444     
  0.16843345551122776     
  0.15000051535886472     
  0.16843698249465414     
  0.15000054269237895     
  0.15000133346747438     
  0.15000134169574761     
  0.15000134174177962     
  0.16842699214886694     
  0.16843384127130295     
  0.16843384127201314     
  0.16843542663342265     
  0.15000060587848341     
  0.15000163691349436     
  0.15000164828055113     
  0.15000164652582385     
  0.16843290153427207     
  0.16843419487798306     
  0.16843419487811140     
  0.16843496833351723     
  0.15000028591787026     
  0.16843238595799440     
  0.16843449705313715     
  0.16843449705291100     
  0.15470312904311170     
  0.15929889263071714     
  0.16363692136568805     
  0.15000075839819871     
  0.15000210055883159     
  0.15000201376078501     
  0.15000512020683296     
  0.15000243351586201     
  0.16843254221264992     
  0.16843474689380131     
  0.16843474689416915     
  0.16675746481044273     
  0.16843209652336821     
  0.16843516649621804     
  0.16843516649654780     
  0.16804590639887843     
  0.16843265060902632     
  0.16843494151605876     
  0.16843494151643015     
  0.15134874678168059     
  0.16836076039601952     
  0.16839332923315206     
  0.16843266484424121     
  0.16843507691355233     
  0.16843507691373943     
  0.15000034633872247     
  0.15000050724030684     
  0.15000050917496074     
  0.15000050918252078     
  0.15000036219788096     
  0.16838218623412279     
  0.16833433917188059     
  0.16837546664692421     
  0.15000033679000399     
  0.16837318697071776     
  0.16837355126848289     
  0.16837351183420779     
  0.16843179956968105     
  0.16843518021365481     
  0.16843518021378048     
  0.16842693838630959     
  0.16837255061567630     
  0.15463960803031154     
  0.15464529948375444     
  0.16837241593508845     
  0.16843213435641402     
  0.16843515296816075     
  0.16843515296812422     
  0.15597501530904589     
  0.16843397741926772     
  0.16837340306256224     
  0.16055273523036007     
  0.16843173193989322     
  0.16843507643074199     
  0.16843507643060654     
  0.15000025633490419     
  0.16468093492596744     
  0.16843393233511667     
  0.15914162478743255     
  0.16726459843461697     
  0.15924236669303876     
  0.16843131290709465     
  0.14999999999999999     
  0.15000028382458316     
  0.16817500322990370     
  0.16843205398568772     
  0.15000035818999319     
  0.15000054309204103     
  0.15000054525538051     
  0.15000054526670828     
  0.16842847693667892     
  0.15000047552012280     
  0.16836559804211357     
  0.15000039503725801     
  0.16837483642284196     
  0.16843015188286037     
  0.16836406924942354     
  0.15000041125072069     
  0.15000012561600126     
  0.16835934829606283     
  0.15000016212707068     
  0.16423358002935690     
  0.16439472514836831     
  0.16667484843941288     
  0.16843288580349119     
  0.16835746967386539     
  0.16835848328052960     
  0.16843715019644576     
  0.15000038028239285     
  0.15000061579317422     
  0.15000061798709627     
  0.15000061799215261     
  0.16835793804248267     
  0.15000014011420673     
  0.16843307273619504     
  0.16835676291677437     
  0.15000040699448863     
  0.15000071166261728     
  0.15000071546612839     
  0.15000071547362237     
  0.15000029059413439     
  0.16835700585835942     
  0.16843129935410056     
  0.15000043719792386     
  0.15000083321629304     
  0.15000083774575249     
  0.15000083776689144     
  0.15000024998843889     
  0.15000022902828297     
  0.16836111746270654     
  0.16843314551485669     
  0.16843314551684282     
  0.16835879524578501     
  0.15000012192838202     
  0.15000019837188364     
  0.15000047188242610     
  0.15000098814654719     
  0.15000099353913707     
  0.15000099355359223     
  0.15000039001237445     
  0.16843111331369195     
  0.15225327114551448     
  0.15000012691446751     
  0.15000051288573238     
  0.15000118722672731     
  0.15000119434448697     
  0.15000119438286305     
  0.16840794705121526     
  0.16843353702458627     
  0.16843353702475825     
  0.15000056509958873     
  0.15000144716606156     
  0.15000145496395195     
  0.15000145501109455     
  0.15000000000000002     
  0.15000011073959704     
  0.15000012489584288     
  0.15000012743359939     
  0.15000012747267480     
  0.15000012746633570     
  0.16843512408643666     
  0.16842793907873657     
  0.16843392023278950     
  0.16843392023337053     
  0.16843498468122717     
  0.16842918713647689     
  0.16843425422140634     
  0.16843425422149949     
  0.15000065859150458     
  0.15000178497540562     
  0.15000179606697719     
  0.15000133811381833     
  0.15690141194937557     
  0.15000189354015306     
  0.15232326870625315     
  0.16141571711394437     
  0.16842700346433601     
  0.16843453561154290     
  0.16843453561135527     
  0.15000197747531388     
  0.16843004015908550     
  0.16843504859912775     
  0.16843504859905342     
  0.15000000000000002     
  0.15000011719503759     
  0.15000013209558050     
  0.15000013488412189     
  0.15000013490536926     
  0.15000013490541989     
  0.16533211133097317     
  0.16751928091339294     
  0.16842754665366547     
  0.16843476369843885     
  0.16843476369860028     
  0.16821127236210551     
  0.15000043830156831     
  0.16833897909700965     
  0.16842832721767204     
  0.16843493089269110     
  0.16843493089304210     
  0.16833904212855294     
  0.15000040423725378     
  0.15096176939845726     
  0.15231473149752586     
  0.15231533096556990     
  0.16832999974844112     
  0.16832666236443855     
  0.14999999999999999     
  0.15000012964000850     
  0.15000014681015814     
  0.15000015067872477     
  0.15000015071670167     
  0.15000015071677508     
  0.16832472035829826     
  0.15000050859762107     
  0.15000034366344014     
  0.15000041701105429     
  0.16842806866330459     
  0.16843508688218695     
  0.16843508688226153     
  0.16832630419654535     
  0.15000036175473985     
  0.16832554052521762     
  0.16842730278314505     
  0.16843508696594794     
  0.16843508696630044     
  0.15000034968010473     
  0.16832412702182878     
  0.15000037558493493     
  0.16842835532510941     
  0.16843676051941336     
  0.16832490397366992     
  0.15814832639430948     
  0.16842844572812071     
  0.16843503346199701     
  0.16843503346234703     
  0.16832779108205231     
  0.15118982331523628     
  0.16843042832809887     
  0.14999999999999999     
  0.15000014981567089     
  0.15000017111186600     
  0.15000017773253976     
  0.15000017780158306     
  0.15000017780177879     
  0.16259253505948829     
  0.15423184501858106     
  0.15000047999815935     
  0.15676542243937788     
  0.15678447526519926     
  0.16612784804826097     
  0.16842834375149091     
  0.16843937739263148     
  0.16778956408989842     
  0.16128067790463846     
  0.16140198654007309     
  0.16824837176398261     
  0.15000244327855075     
  0.16843866268517324     
  0.16831696457804834     
  0.15000057779577339     
  0.16831015349199885     
  0.16830363915441346     
  0.16843442917761978     
  0.15000000000000002     
  0.15000017803864762     
  0.15000020730060218     
  0.15000022342845543     
  0.15000022357778903     
  0.15000022357827200     
  0.16830083030548010     
  0.16842473722506510     
  0.16843502677525199     
  0.16843502677562849     
  0.16829907283049181     
  0.16842957561014701     
  0.16834889864998376     
  0.16830144476479844     
  0.16566080590646526     
  0.16809658107082540     
  0.16843288793844685     
  0.16843288796337788     
  0.15000044414647121     
  0.15000039002670926     
  0.15000065155064568     
  0.15000065497048365     
  0.15000065497376583     
  0.16829918180702294     
  0.16843491423686122     
  0.16829846537350787     
  0.15000041799068758     
  0.15000075709972585     
  0.15000076095853823     
  0.15000076097178772     
  0.15000042434110306     
  0.16843296227942048     
  0.15000030778739035     
  0.15000036352961169     
  0.15000056180761098     
  0.15000056391603522     
  0.15000056392171060     
  0.16829978876294338     
  0.14999999999999994     
  0.15000021312262532     
  0.15000044972505899     
  0.15000089069711153     
  0.15000089510087489     
  0.15000089511708042     
  0.16844211479830076     
  0.16837800399790401     
  0.16843321610599790     
  0.16843321610841927     
  0.15000048617687456     
  0.15000106126184848     
  0.15000106707467425     
  0.15000106710908734     
  0.16843395213570511     
  0.15000053046906978     
  0.15000128207969116     
  0.15000128947410671     
  0.15000128948651925     
  0.16841553353638328     
  0.16843362321418553     
  0.16843362321431718     
  0.15000050474670834     
  0.16843462535828962     
  0.15000031968470567     
  0.15000058958266896     
  0.15000156731628339     
  0.15000157895816588     
  0.15000157825456698     
  0.16842358695997781     
  0.16843399135736586     
  0.16843399135806617     
  0.14999999999999997     
  0.15000025074347295     
  0.15000034996319625     
  0.15000052020544910     
  0.15000052193226185     
  0.15000052193705057     
  0.16843478369291184     
  0.15000026165926081     
  0.15000030925603083     
  0.15000030975110260     
  0.15000030975368708     
  0.16842601780252595     
  0.16843430251196490     
  0.16843430251281535     
  0.15450629879590272     
  0.15000035716299367     
  0.15901472955904788     
  0.15000073480953960     
  0.15000200151627346     
  0.15000191931102452     
  0.15000471148724923     
  0.16842569741057836     
  0.16843456605839424     
  0.16843456605884830     
  0.16336291450558599     
  0.15000036990109702     
  0.16655598654055839     
  0.16788747658956088     
  0.15000052838960046     
  0.16842402591435432     
  0.16843476776197855     
  0.16843476776273261     
  0.16822070130545907     
  0.16842259172140922     
  0.16843490747658826     
  0.16843490747689377     
  0.16826257999828698     
  0.16825456847605977     
  0.16825065585597151     
  0.16824784766892842     
  0.15000019909208792     
  0.15000023260685799     
  0.16824613039689995     
  0.16844658064352774     
  0.16824936012630054     
  0.16842327738069726     
  0.16843500594534100     
  0.16843500594546118     
  0.15000045743128457     
  0.15000033649753949     
  0.15000048160788021     
  0.15000048277390862     
  0.15000048278423395     
  0.15442414868341517     
  0.15443024619966439     
  0.16824578463821005     
  0.16842343942307511     
  0.16843498114003871     
  0.16843498114015201     
  0.16824569939914397     
  0.15000011351070319     
  0.15572720354488243     
  0.16843857552030103     
  0.15000031032262245     
  0.16824793579030103     
  0.16022551454199363     
  0.16842283328626942     
  0.16843489664854999     
  0.16843489665067268     
  0.16439226175755334     
  0.16843590338574937     
  0.15881166580726341     
  0.16704887340700689     
  0.15883168627128552     
  0.15000033248496497     
  0.16844214207924368     
  0.16842298975404907     
  0.16799487997085580     
  0.16844104512522698     
  0.15000038748851133     
  0.16820219462145994     
  0.15000011628621293     
  0.16821974337012066     
  0.16375235332302310     
  0.16843487072280203     
  0.16821176735572335     
  0.16390925589168870     
  0.16844129227472210     
  0.15000039998165901     
  0.16820991689880282     
  0.15108259801355897     
  0.15000181603676374     
  0.16820630281493992     
  0.16843414008438135     
  0.15000035061101530     
  0.16820534226725994     
  0.16820850418375766     
  0.15000037441596611     
  0.15000059951440622     
  0.15000060173767563     
  0.15000060175125168     
  0.16820394443888104     
  0.15000040018875474     
  0.15000069085550841     
  0.15000069379537331     
  0.15000069380880096     
  0.16834896619165857     
  0.16843289426060834     
  0.16843289426065272     
  0.16844035989738140     
  0.16820459364152951     
  0.15000042921388387     
  0.15000080646630792     
  0.15000080917621489     
  0.15000080919440309     
  0.15000027705802477     
  0.16820805298132568     
  0.16843938066990199     
  0.15000046212565715     
  0.15000095273891506     
  0.15000095675510586     
  0.15000095677670336     
  0.15212751892660012     
  0.15000041623704682     
  0.15000050154079630     
  0.15000114013729512     
  0.15000114659726793     
  0.15000114661318187     
  0.16843537023696523     
  0.16840017949006961     
  0.16843330337568280     
  0.16843330337785872     
  0.15000055263519282     
  0.15000138435318955     
  0.15000139143306609     
  0.15000139149161593     
  0.16842057271044025     
  0.16843405459143970     
  0.16843405459149957     
  0.16841679135612400     
  0.16843370579190053     
  0.16843370579261957     
  0.16843479210604395     
  0.15000258930802529     
  0.16842212995040173     
  0.16843434968286264     
  0.16843434968297255     
  0.15000064747760444     
  0.15000169915924380     
  0.15000170921384121     
  0.15000132783033551     
  0.15658194855247246     
  0.16842119743620201     
  0.16843459360879687     
  0.16843459360944832     
  0.15221854643983504     
  0.16841725932638507     
  0.16843491630542176     
  0.16843491630636084     
  0.15000036893463681     
  0.15000187534680554     
  0.16102540721322450     
  0.16841818583720394     
  0.16843493363436218     
  0.16843493363490120     
  0.15000038272632435     
  0.16842066066063474     
  0.16843476203833871     
  0.16843476203901747     
  0.16499488973256496     
  0.16725355467635658     
  0.15000028377783020     
  0.16797852899650367     
  0.16842110385262468     
  0.16843487102074964     
  0.16843487102115665     
  0.16609023520864713     
  0.16843277824679986     
  0.16812370188038311     
  0.15000048274753927     
  0.15213174174014238     
  0.15213025457295143     
  0.16813280764655741     
  0.16843284749366227     
  0.16832853643020262     
  0.15000035231852551     
  0.15000052904688074     
  0.15000053072383018     
  0.15000053073418357     
  0.15000049906313592     
  0.16812716673494776     
  0.15109525528903636     
  0.16812663830144994     
  0.15000043328779109     
  0.16812238809840330     
  0.15000034358121223     
  0.16812203752670940     
  0.16841820659139742     
  0.16841813130640354     
  0.16843486168412480     
  0.16843486168566882     
  0.16812381985455285     
  0.16841657630923584     
  0.16843470585979309     
  0.16812013634633416     
  0.15000039659208222     
  0.16842135298862373     
  0.16841705040740160     
  0.16843490801322825     
  0.16843490801389691     
  0.16812110253862020     
  0.16842063976284347     
  0.15776101502940118     
  0.15000035009473911     
  0.16842851354155461     
  0.16216028572499025     
  0.15000037685756060     
  0.15000013176823709     
  0.15000025609025072     
  0.15641318543772320     
  0.15641940745067467     
  0.15000033024114931     
  0.16576780284199102     
  0.15000037823695409     
  0.16843710676492066     
  0.16749334345472444     
  0.16090715829127286     
  0.16097431365226303     
  0.15000035624990568     
  0.16797953737965540     
  0.15000029334653303     
  0.16806585684065459     
  0.15000044270462340     
  0.16843290426121860     
  0.16806625181697804     
  0.15391631346368911     
  0.16806399762946689     
  0.15000041238165190     
  0.16806273908503658     
  0.16805779269582460     
  0.15000031488354437     
  0.16805587305147901     
  0.16843263866891914     
  0.16843263869624123     
  0.15000044990604330     
  0.16841656288261891     
  0.16844150183491591     
  0.15000047268989927     
  0.16805886306601978     
  0.15000038361348328     
  0.15000063300205546     
  0.15000063544072503     
  0.15000063545203332     
  0.16805776700144753     
  0.15000034150685113     
  0.15000049734383714     
  0.15000049928371498     
  0.15000049928809073     
  0.16805512205153283     
  0.15000041033428549     
  0.15000073295473842     
  0.15000073543586182     
  0.15000073545785908     
  0.15000035991522306     
  0.15000055362209280     
  0.15000055542511581     
  0.15000055543539609     
  0.16805742773847671     
  0.15000044051851033     
  0.15000085833481272     
  0.15000086234254037     
  0.15000086236302118     
  0.16835119432159010     
  0.16843297491067344     
  0.16843297491288514     
  0.15000047552860835     
  0.15000101854157089     
  0.15000102377387262     
  0.15000102380602648     
  0.15000051831151678     
  0.15000122498700072     
  0.15000123187347472     
  0.15000123191356565     
  0.16843462711074955     
  0.16840867478835381     
  0.16843461300305784     
  0.16843461300470605     
  0.16839800330422444     
  0.16843340090654305     
  0.16843340090718378     
  0.15000058447236247     
  0.15000149237011362     
  0.15000150004724880     
  0.15000149843760088     
  0.15000170290166326     
  0.16840596735285784     
  0.16843378142218593     
  0.16843378142321669     
  0.15000053528555432     
  0.15421909020686411     
  0.15853688555601345     
  0.15000072823304597     
  0.15000186207718402     
  0.15000181911625463     
  0.15000501352412857     
  0.15000230850070417     
  0.16285189358333035     
  0.15121243283121272     
  0.16612148618616035     
  0.15000011795165855     
  0.16751359245907810     
  0.16843265992888859     
  0.16787320098722514     
  0.15000044978083985     
  0.16843406663453045     
  0.16793414398222561     
  0.16839789865416840     
  0.16843408258399245     
  0.16843408258555723     
  0.16842430534917380     
  0.16793379858998181     
  0.15000014505196196     
  0.16840655068487262     
  0.16843474462549449     
  0.16843474462236391     
  0.16839779165573643     
  0.16843437360031693     
  0.16843437360109503     
  0.16793569300474254     
  0.16793374680906614     
  0.16792794321899937     
  0.16841854948270138     
  0.16792932404783154     
  0.16840389408796047     
  0.16843470640491651     
  0.16843470640623021     
  0.15414502937739616     
  0.15414881557136259     
  0.15000036229449717     
  0.16792806242977917     
  0.15000031768516775     
  0.15000043261482296     
  0.15000043348708239     
  0.15000043348922024     
  0.16792546487771118     
  0.15541318192001302     
  0.16792936109428633     
  0.16842365844670878     
  0.15967112642974984     
  0.16843235662308356     
  0.16843293992013197     
  0.16843319678646926     
  0.15000053896172441     
  0.16840502290296439     
  0.16843481839531102     
  0.16843481839679397     
  0.16383293462744231     
  0.15827841654267713     
  0.16657013337801801     
  0.15837516997097054     
  0.15000013126848769     
  0.16843367069034607     
  0.16757059911470787     
  0.15000051000762166     
  0.16779968359994779     
  0.16839734408870000     
  0.16843479387591709     
  0.16843479387640875     
  0.16839528600725362     
  0.16843478452081717     
  0.16843478452241736     
  0.16783727715041155     
  0.15000000000000002     
  0.15000027589219006     
  0.16633892609331119     
  0.16363525489932576     
  0.16360923885637796     
  0.16783601761937650     
  0.16843490018236312     
  0.16838602721086629     
  0.16843386424608020     
  0.16843386424697918     
  0.16843299839994222     
  0.16840700468042585     
  0.16843446840094989     
  0.16843446840171813     
  0.16783992822736629     
  0.15000032870170238     
  0.16838859447754670     
  0.16843461464537141     
  0.16843461464557236     
  0.16783513151297566     
  0.16831785428602719     
  0.16843267721429966     
  0.16843267721299379     
  0.15000033035758925     
  0.15000046671020834     
  0.15000046837564748     
  0.15000046837756231     
  0.15000042630024460     
  0.16782903689711226     
  0.15000036832199828     
  0.15000058223610055     
  0.15000058435114172     
  0.15000058435949784     
  0.16840354700869214     
  0.16843419066747739     
  0.16843419066806087     
  0.16783076983323403     
  0.16840842424651392     
  0.16843475178972797     
  0.16843475179080136     
  0.16844944142347407     
  0.16843422977843767     
  0.16782971360429982     
  0.15000039300345819     
  0.15000066910062509     
  0.15000067102050099     
  0.15000067104346526     
  0.16843575929339974     
  0.15000034710084531     
  0.15000051501855580     
  0.15000051671122025     
  0.15000051671460066     
  0.16782581428700091     
  0.15000013884201482     
  0.15000042053797477     
  0.15000077669083764     
  0.15000078061558450     
  0.15000078063401601     
  0.16783360028216551     
  0.15000045214011307     
  0.15000091354292355     
  0.15000091850158945     
  0.15000091852741834     
  0.16836640693991747     
  0.16843307568849214     
  0.16843307569150365     
  0.15000048942249172     
  0.15000108841406223     
  0.15000109528698127     
  0.15000109530814706     
  0.16846576264849775     
  0.16840610110284726     
  0.16843471809749783     
  0.16843471810040264     
  0.16838707418757767     
  0.16843351346359131     
  0.16843351346573490     
  0.15000053654082271     
  0.15000131531271255     
  0.15000132140863354     
  0.15000132143565709     
  0.16843462947396598     
  0.16845030172998324     
  0.16838643238901846     
  0.16843461694023174     
  0.16838305189773420     
  0.16843469698297409     
  0.16843469698440766     
  0.16844924488700222     
  0.15000062636895234     
  0.15000160660923539     
  0.15000161458327130     
  0.15000121169364253     
  0.16845073594097620     
  0.15608592448104669     
  0.15211193595541250     
  0.15000176874646343     
  0.16829838810021383     
  0.15000169447061348     
  0.16035918368529306     
  0.16843697259906795     
  0.16432735032873266     
  0.15000039370031032     
  0.15097416099160815     
  0.16843253509442188     
  0.15000033844826324     
  0.15000028863114773     
  0.16666173080138072     
  0.16744223377453160     
  0.15000059532049922     
  0.16760863243709284     
  0.15085314190053897     
  0.15211371687992889     
  0.16763735251898132     
  0.15203341173904453     
  0.15203387195685317     
  0.15000048359081100     
  0.16764238981558463     
  0.16845723661695222     
  0.16764862867430780     
  0.16764195584817113     
  0.16763492398706034     
  0.15000036321893390     
  0.15388754135273158     
  0.16763455489297585     
  0.16763579101228965     
  0.15000041731798514     
  0.16763270569196104     
  0.15000037974518868     
  0.15718999623308905     
  0.16140162675308362     
  0.15000048428724988     
  0.15590110660238138     
  0.15591725975386411     
  0.16503100310472260     
  0.15000035047924126     
  0.16839379864247100     
  0.16843472230938228     
  0.16843472230839418     
  0.16683097210134401     
  0.16077586196273030     
  0.15000037462769056     
  0.15000211377981129     
  0.16020271735863037     
  0.16736989655900267     
  0.15000039311402844     
  0.16747215827979278     
  0.16749197308984073     
  0.16750294341258520     
  0.15000043198957339     
  0.15000045826302086     
  0.16795170259509803     
  0.16843240099913220     
  0.16843240105284729     
  0.16750623524590622     
  0.16749750115162887     
  0.16843496953271880     
  0.15000035403426659     
  0.15000053785522890     
  0.15000053918129161     
  0.15000053919350234     
  0.16748841970727715     
  0.15000033556163872     
  0.15000048247992950     
  0.15000048393606416     
  0.15000048394183985     
  0.16509092478923457     
  0.15000037685320392     
  0.15000061302311271     
  0.15000061532833375     
  0.15000061534270948     
  0.16748738561440377     
  0.16749247179425558     
  0.15000040238470994     
  0.15000070614864791     
  0.15000070977247854     
  0.15000070978372651     
  0.15000012579945635     
  0.16748699235964265     
  0.15000043100151780     
  0.15000082400167430     
  0.15000082731725264     
  0.15000082733952796     
  0.16843476430483956     
  0.15000046401611750     
  0.15000097180859598     
  0.15000097801944595     
  0.15000097803294349     
  0.15000034590216951     
  0.15000045270576906     
  0.15000050434287121     
  0.15000116368116931     
  0.15000116913547989     
  0.15000116915703596     
  0.16838267846316463     
  0.16843446285936492     
  0.16843446285987096     
  0.16832450968712406     
  0.16843271643712260     
  0.16843271643663471     
  0.16839484145725545     
  0.16843361905301432     
  0.16843361905132864     
  0.15000056088927807     
  0.15000140871157844     
  0.15000141724736427     
  0.15000141667114883     
  0.16843474046289636     
  0.16836595205268912     
  0.16843318029922982     
  0.16843318029783155     
  0.16843456602582879     
  0.15000000000000002     
  0.15000010899186306     
  0.16836833784173422     
  0.16843381323384013     
  0.16843381323420548     
  0.15000012261853424     
  0.15000012519557307     
  0.15000012522000800     
  0.15000012523280432     
  0.15000012443223948     
  0.15383531614264623     
  0.16843070039408170     
  0.15000072050309479     
  0.15000177860903141     
  0.15000170940157781     
  0.15000387565582510     
  0.16843332479186274     
  0.15780739702421048     
  0.16838135756581488     
  0.16843414074881974     
  0.16843414074895696     
  0.16838594106040383     
  0.16843428820951953     
  0.16843428820952513     
  0.16194451673503338     
  0.16838971657990509     
  0.16843397920272166     
  0.16843397920256420     
  0.15000005468274080     
  0.16838854456918120     
  0.16843451960090219     
  0.16843451960267489     
  0.16840114224484665     
  0.16843458200794842     
  0.16843458200867389     
  0.16843465793059328     
  0.16522601429376674     
  0.16669228829877006     
  0.15000036486563834     
  0.16841724424632315     
  0.15000029515718458     
  0.16711023604458466     
  0.16843046120607671     
  0.16843087259515838     
  0.16827897973043254     
  0.16843249712785852     
  0.16843249712254130     
  0.16839505092509727     
  0.16843457072795801     
  0.16843457072578918     
  0.16718698258425493     
  0.16843124733497750     
  0.15000034657627320     
  0.15000032566741525     
  0.16843492917610201     
  0.14999999999999997     
  0.15000011194960078     
  0.15000012633570411     
  0.15000012883845626     
  0.15000012886919459     
  0.15000012886932604     
  0.16843610437970385     
  0.16720553437151658     
  0.16843118469987753     
  0.16836923888710020     
  0.16843466025943066     
  0.16843466026031562     
  0.16842867921356525     
  0.16722471852455922     
  0.15000031970704852     
  0.16843445996153417     
  0.16722555549008236     
  0.16838990636403614     
  0.16843462993980340     
  0.16843462994033395     
  0.16721748840280365     
  0.16838040444015875     
  0.16843461369608714     
  0.16843461369586712     
  0.16843239798947918     
  0.16720430016939855     
  0.15373892414104054     
  0.15374616101389249     
  0.16838243541606415     
  0.16843447090881761     
  0.16843447090643840     
  0.16720202317239721     
  0.16834940059803469     
  0.16843459143118905     
  0.16843459143054518     
  0.16843479487666518     
  0.14999999999999999     
  0.15000012142991989     
  0.16721346044500682     
  0.15000013686038216     
  0.15000013993952885     
  0.15000013996927908     
  0.15000013996943928     
  0.16842879343575765     
  0.15494150741688881     
  0.16720936379199983     
  0.16842958078601258     
  0.15880483894998551     
  0.15000028932147139     
  0.16830682426684468     
  0.16843289232929315     
  0.16843289233176340     
  0.16836427755810929     
  0.16843463772426095     
  0.16843463772639106     
  0.16280815135296503     
  0.16837069361170059     
  0.16843465069848410     
  0.16843465070009109     
  0.16837012840338766     
  0.16843337025054264     
  0.16843337025145250     
  0.15750140710494634     
  0.16557064035744101     
  0.15760257904064201     
  0.15000030819659044     
  0.16665085288185469     
  0.16693701531322017     
  0.14999999999999999     
  0.15000013674487264     
  0.15000015546687107     
  0.15000016016372697     
  0.15000016021143558     
  0.15000016021171242     
  0.15000038231398533     
  0.16698274942657676     
  0.15000041645650697     
  0.16700374194535000     
  0.16843445666835904     
  0.15088879434213096     
  0.16702272859687251     
  0.16843464331953473     
  0.15000161408950582     
  0.16823266360965689     
  0.16701950446435149     
  0.16836797157859829     
  0.16700973447864056     
  0.16835212653721818     
  0.15000034140543184     
  0.15000050063281728     
  0.15000050186530806     
  0.15000050187319511     
  0.15000036201844852     
  0.15000056422711647     
  0.15000056654635507     
  0.15000056655556909     
  0.16843364787606607     
  0.16827755230869901     
  0.16699525878052357     
  0.16843431472893791     
  0.16835566498487903     
  0.15000020792556104     
  0.15000039986496067     
  0.15000032413450431     
  0.15000045192904801     
  0.15000045313496757     
  0.15000045314071001     
  0.14999999999999999     
  0.15000016058367169     
  0.16843383376230997     
  0.15000018410703958     
  0.15000019363214290     
  0.15000019369703768     
  0.15000019369739220     
  0.16699206089540633     
  0.15000038533066951     
  0.15000064529032126     
  0.15000064813167752     
  0.15000064814120773     
  0.16843415577804069     
  0.16843399893897684     
  0.16834626881557305     
  0.16700879612528288     
  0.16232264725414408     
  0.16843273803303960     
  0.15000041176618470     
  0.15000074595184937     
  0.15000075002877186     
  0.15000075003736452     
  0.16834000574564728     
  0.16835533665008898     
  0.16700400641574370     
  0.16843256308445315     
  0.16834612194878079     
  0.16833400077806207     
  0.15000044146505914     
  0.15000087290202471     
  0.15000087770155102     
  0.15000087772464771     
  0.16835891380618434     
  0.16837404548154319     
  0.16832549621775333     
  0.15000047650732723     
  0.15000103382291374     
  0.15000103961038908     
  0.15000103963019049     
  0.16843321342647682     
  0.15000042228383226     
  0.15000056190520758     
  0.16843349655189435     
  0.16248847570370839     
  0.16843441321245661     
  0.16843303924231179     
  0.15000052172289896     
  0.15000124028483003     
  0.15000124737861240     
  0.15000124741069079     
  0.16835966916377365     
  0.16834451240228332     
  0.15000000000000002     
  0.15000019113771965     
  0.15000022661285209     
  0.15000025172190054     
  0.15000025207685977     
  0.15000025207748091     
  0.16843459665131025     
  0.16843453134379999     
  0.16833543941733284     
  0.15000032507938635     
  0.16843240279255955     
  0.15000053671805957     
  0.16834615813020667     
  0.16825037687047587     
  0.15000217955522330     
  0.16843456283783750     
  0.15000060087447106     
  0.15000151135624010     
  0.15000151672503104     
  0.15000123655865882     
  0.16843450064892104     
  0.16843372057206762     
  0.16835100224004837     
  0.15000043884588057     
  0.16832154737902677     
  0.15544955361788471     
  0.15184534032875580     
  0.15000166467592849     
  0.16843389236765535     
  0.16843284646107656     
  0.15126009547598174     
  0.16843405290857602     
  0.16843420561882638     
  0.15932243851771813     
  0.16843444989910883     
  0.16843449784739889     
  0.16833135322506898     
  0.16832745472079669     
  0.16834051851001880     
  0.15000017319456677     
  0.16843332355790833     
  0.16834165238288426     
  0.16843460380054998     
  0.16309791544147770     
  0.16831820845808490     
  0.15000000000000002     
  0.15000022763428483     
  0.16843444654348097     
  0.16833249528318930     
  0.16544787637736738     
  0.16843458739071737     
  0.16631659218700490     
  0.16843452648824725     
  0.16834887291871500     
  0.16654924898969006     
  0.16832492679487987     
  0.15173508109545772     
  0.15173304828344589     
  0.16831153068736601     
  0.16843453007457376     
  0.15000043583935549     
  0.16843456197614889     
  0.16658335517396389     
  0.16550604890191009     
  0.16833832898062448     
  0.16843460038727082     
  0.15076450592495405     
  0.16661345572886360     
  0.15000027338988811     
  0.16663020234096865     
  0.16843454922304876     
  0.15300490019016891     
  0.16662758181405279     
  0.15000036454555168     
  0.15000033476828217     
  0.16661374370113657     
  0.16831668116792323     
  0.16660217110176942     
  0.16660104243098048     
  0.15000034769965059     
  0.16661987195243796     
  0.15000049024805615     
  0.15636620421525838     
  0.15000016627900314     
  0.15000046387783239     
  0.15000020089522667     
  0.16019002040781938     
  0.15000035805586687     
  0.15000033193419857     
  0.15000047432082803     
  0.15000047541178058     
  0.15000047541818673     
  0.15524418503773724     
  0.15526211574774956     
  0.16364895826700918     
  0.16548812550405614     
  0.15885231163596028     
  0.15900762207813510     
  0.16612212349459607     
  0.15000040058342340     
  0.16628728186924788     
  0.16752155691013995     
  0.16843219617388747     
  0.16843219627996586     
  0.16630605627756073     
  0.16787672691811048     
  0.16843241040267068     
  0.16843241043784110     
  0.15000020514082690     
  0.16634387986459326     
  0.16799775362108785     
  0.16843266399541340     
  0.16843266402937637     
  0.16809377239352535     
  0.16843291604637800     
  0.16843291607564248     
  0.15000042724912252     
  0.16635118946901711     
  0.15000037755514226     
  0.16808735733636729     
  0.16843315346733448     
  0.16843315349473129     
  0.16634729925323363     
  0.16811059595758471     
  0.16843338226896437     
  0.16843338229605834     
  0.15000034803059656     
  0.15000052168338654     
  0.15000052352859969     
  0.15000052353634777     
  0.16809485574010644     
  0.16843356792782777     
  0.16843356795081602     
  0.16632859774588085     
  0.15000033212947717     
  0.16813538589626958     
  0.16843374575318132     
  0.16843374577436449     
  0.15000036989344351     
  0.15000059237820340     
  0.15000059454382422     
  0.15000059455330850     
  0.16632025019908486     
  0.16814581378733423     
  0.16843391238126226     
  0.16843391240180172     
  0.16811300109408273     
  0.16843406873777111     
  0.16843406876295636     
  0.16632441646743712     
  0.15000039405171930     
  0.15000067956796795     
  0.15000068204839920     
  0.15000068206532691     
  0.16810903324898990     
  0.16843421795073274     
  0.16843421796978453     
  0.15000040973426490     
  0.16633888762161217     
  0.16811130495026150     
  0.16843436526906222     
  0.16843436528778868     
  0.15000042107922526     
  0.15000078809343223     
  0.15000079168830499     
  0.15000079169985622     
  0.16814010908990762     
  0.16843442725880289     
  0.16843442728312871     
  0.15000024917529747     
  0.16809919961237071     
  0.16843446367170567     
  0.16843446369769277     
  0.15000045205037246     
  0.15000092388896125     
  0.15000092943561480     
  0.15000092945351065     
  0.16809963799538072     
  0.16843449714455344     
  0.16843449716666917     
  0.16810730874493518     
  0.16843452587616958     
  0.16843452589649480     
  0.15000048928749235     
  0.15000109731077507     
  0.15000110319773391     
  0.15000110323253565     
  0.16809165270690546     
  0.16843455079803887     
  0.16843455082457465     
  0.16814703330335590     
  0.16843455743694660     
  0.16843455745306832     
  0.16807743417905857     
  0.16843452519085336     
  0.16843452521458582     
  0.15000053722602114     
  0.15000131990175106     
  0.15000132670239383     
  0.15000132546191264     
  0.16814957100865247     
  0.16843448199760966     
  0.16843448201922248     
  0.16805833747792417     
  0.16843441609478577     
  0.16843441611725918     
  0.16811196473673787     
  0.16843431119159341     
  0.15000185722995732     
  0.15000063135706912     
  0.15000167659013774     
  0.15000159494338824     
  0.15000373847541759     
  0.15000037712187742     
  0.15339328227977381     
  0.15685751096629572     
  0.16050753936674966     
  0.15000031533203334     
  0.16358315345809032     
  0.15096274200409174     
  0.16510153632713481     
  0.16562408673296511     
  0.15000026041444281     
  0.14999999999999999     
  0.15000025943130879     
  0.16576448284136722     
  0.16578682100944475     
  0.16582487269501708     
  0.16583103624547610     
  0.15000029951763094     
  0.16582606593857288     
  0.15000028424447229     
  0.15000035719193039     
  0.15000035768399558     
  0.15000035768618278     
  0.16581073244240999     
  0.15000152187341984     
  0.15328433203339942     
  0.15328808839387903     
  0.16580359384650997     
  0.16634819106311477     
  0.16581429079734336     
  0.15000026068775554     
  0.16576770025211596     
  0.15432955101984300     
  0.16582433828328189     
  0.15766171894651956     
  0.16115502304491544     
  0.16675410965304052     
  0.15000022543114519     
  0.15000046717952586     
  0.15000039263466730     
  0.15652599584634391     
  0.15654384281287287     
  0.16376272751639828     
  0.16680896184444319     
  0.16679939981417566     
  0.16691549543026429     
  0.16492085993724542     
  0.16685132239101252     
  0.16531177802590494     
  0.15951099356668305     
  0.16652885889798538     
  0.16678856886800614     
  0.16633108968518953     
  0.15000034552309521     
  0.16541375694634988     
  0.16374395274967188     
  0.15000044734738924     
  0.16543525907524848     
  0.16699660577816033     
  0.16603388240051686     
  0.15960924688991074     
  0.16678179556613781     
  0.15000033565128076     
  0.15000048574619559     
  0.15000048738140556     
  0.15000048738668070     
  0.16546826260481426     
  0.16670388445267745     
  0.16547146697537529     
  0.15000012494627810     
  0.16671076912252833     
  0.15000035554708868     
  0.15000054658722822     
  0.15000054818695627     
  0.15000054819360589     
  0.16546108887017646     
  0.16670870540025651     
  0.15000024658128683     
  0.16545021354682729     
  0.16671388897156211     
  0.16665680112142761     
  0.16677914669585522     
  0.16544446266720930     
  0.15000037766659691     
  0.15000062163659594     
  0.15000062386046253     
  0.15000062387455099     
  0.16676008154111041     
  0.15137987224426444     
  0.16629865704488273     
  0.16668807805915306     
  0.16545854825579293     
  0.15000040255448263     
  0.15000071461208198     
  0.15000071831258976     
  0.15000071831221831     
  0.16660903585129908     
  0.16124118156476497     
  0.16545966831199196     
  0.16136936129554630     
  0.15000043058765514     
  0.15000083051778212     
  0.15000083525167582     
  0.15000083526745889     
  0.16651326442697173     
  0.15000046243134560     
  0.15000097687677694     
  0.15000098137124204     
  0.15000098139854984     
  0.16459986786504122     
  0.16448263298034563     
  0.16639349680520391     
  0.15000050294952907     
  0.15000116212087664     
  0.15000116673607139     
  0.15000116675177780     
  0.16615273932776262     
  0.15000056668713443     
  0.15000140104882145     
  0.15000140688266797     
  0.15000106953317643     
  0.15000032437854527     
  0.15000153878869582     
  0.15000038867575211     
  0.15471970033573684     
  0.15155866195269507     
  0.16474470150850529     
  0.15000220145916135     
  0.15798327029942349     
  0.16118491028984208     
  0.16340175820627095     
  0.16599881722812027     
  0.15000040610662640     
  0.16435975406559711     
  0.15000043490207912     
  0.16611863375721128     
  0.16469001990277457     
  0.16573480613779160     
  0.16564598402841466     
  0.15156025921706529     
  0.15156144402908189     
  0.16478541468368554     
  0.15000035488826019     
  0.16566627004675885     
  0.15000033863098333     
  0.16580714193015764     
  0.16440661439367077     
  0.16582426380711029     
  0.16512620300208258     
  0.16478585094218942     
  0.16480945575388301     
  0.15000041741076570     
  0.16558217718026602     
  0.15000034041192209     
  0.16563139903270688     
  0.16536956527699759     
  0.16483666492971416     
  0.16554567225598568     
  0.16517305280141117     
  0.15000030754184196     
  0.15000041129906097     
  0.15000041196727987     
  0.15000041197204197     
  0.16484187992408020     
  0.15000036596282362     
  0.15000032374590674     
  0.16528469598937948     
  0.16565502604750743     
  0.16483157144363947     
  0.16539688734265762     
  0.16568954617066556     
  0.16557549367026150     
  0.16482421110003895     
  0.15000013763704284     
  0.16559087752146792     
  0.15000031710182102     
  0.15077415919895032     
  0.16562181568097065     
  0.16482706751551254     
  0.16270067299254143     
  0.16276503577148807     
  0.15000032904122274     
  0.16484071620092636     
  0.16525786212958651     
  0.15000040914085599     
  0.15545204370573340     
  0.16483664836520592     
  0.15000045477677651     
  0.16527645915195563     
  0.15862390477362107     
  0.15275948311792606     
  0.16301794275202799     
  0.15448571606985340     
  0.15449093987950796     
  0.16152399895765437     
  0.16505506416880372     
  0.16331556623553253     
  0.15748186845896878     
  0.15750483549217059     
  0.16506036970100746     
  0.16550192701920657     
  0.16521387880025565     
  0.16404948249007792     
  0.15000027421739590     
  0.16508363198878193     
  0.15000032340121439     
  0.15000045259568540     
  0.15000045338048196     
  0.15000045338623122     
  0.16429821592377353     
  0.16519418922990622     
  0.15000050975900681     
  0.16500031847491506     
  0.16437518936482706     
  0.16475604787688691     
  0.15076411296644099     
  0.16458452719405084     
  0.15000041508853898     
  0.16473467863401664     
  0.16439551562308130     
  0.16503673537772390     
  0.16438582061692728     
  0.15000034191882911     
  0.15000050565727308     
  0.15000050705127874     
  0.15000050706058898     
  0.15000143047822981     
  0.16441490147715654     
  0.16488935469290139     
  0.16441825101010693     
  0.16440578541536929     
  0.15000036264993677     
  0.15000057180895920     
  0.15000057348823817     
  0.15000057349934287     
  0.16440006634961526     
  0.15000030107073276     
  0.16441156339116933     
  0.15000038548278019     
  0.15000065144313895     
  0.15000065488626479     
  0.15000065488880923     
  0.15000033301913976     
  0.16455548512895002     
  0.16367092261450997     
  0.16441993152872875     
  0.15000041090011748     
  0.15000075128094173     
  0.15000075480503811     
  0.15000075482500586     
  0.16440929990888184     
  0.15000043932497839     
  0.15000087509548193     
  0.15000087811886223     
  0.15000087814483834     
  0.15000047274454098     
  0.15000102905250548     
  0.15000103437728463     
  0.15000103440314450     
  0.16097088529774095     
  0.15000051461099390     
  0.15000122383417031     
  0.15000122878523470     
  0.15000122825703288     
  0.16446007432013821     
  0.15000035608707535     
  0.16440286996016137     
  0.15000061135300757     
  0.15000150642631244     
  0.15000145829040182     
  0.15000453353069568     
  0.15287508401108088     
  0.15577435009377769     
  0.15000022880219421     
  0.15873055325303809     
  0.16127218913084621     
  0.16436088199137408     
  0.16276659035405405     
  0.16427254401808897     
  0.15000037380452139     
  0.15000033047185399     
  0.15000047157481941     
  0.16338250915786326     
  0.15000013513847155     
  0.16359783337387462     
  0.16367104448876235     
  0.15000038717386988     
  0.14999999999999999     
  0.15000027254074644     
  0.16369089566046063     
  0.15973401801883572     
  0.15969747268566281     
  0.16182203208889223     
  0.16370837640715061     
  0.16387773378625572     
  0.16181492522221644     
  0.15000039551146316     
  0.16393680643501982     
  0.16400258745345342     
  0.16371212289234033     
  0.16134544896476408     
  0.16370229214068202     
  0.16402085626219867     
  0.15274591479788474     
  0.15274762930777203     
  0.16370079715547509     
  0.15000033194547888     
  0.15000047721286114     
  0.15000047828550975     
  0.15000047829289700     
  0.16371666358126735     
  0.15000028529142750     
  0.15359054698187610     
  0.15000034795876255     
  0.16372250549912765     
  0.15637407161591449     
  0.16383629824103771     
  0.15915083419116147     
  0.16360909396812617     
  0.16384276444295157     
  0.15000037045738421     
  0.16369518604855018     
  0.15544732397166858     
  0.15545081479374995     
  0.16133562429439463     
  0.15826387150766755     
  0.15827144799484910     
  0.15000204122916103     
  0.16251835365063683     
  0.16363142644651885     
  0.16299432747692505     
  0.16359153287465830     
  0.16316169087274154     
  0.15000031457217231     
  0.15000029176114787     
  0.16321970598851143     
  0.16182936984464028     
  0.16353497792620128     
  0.16359198396777164     
  0.16323586675859195     
  0.16183330151168379     
  0.15000034864965284     
  0.15000052735075078     
  0.15000052911824446     
  0.15000052912855638     
  0.16353170283996887     
  0.16349066016037558     
  0.16350265338923589     
  0.16324888940046595     
  0.16327507342199821     
  0.16324953027720154     
  0.15000039704552193     
  0.16351791264740245     
  0.16355313976228805     
  0.16324012554208564     
  0.16270890964445692     
  0.15000036891345453     
  0.16352980993018568     
  0.16352203792063469     
  0.16324181488321596     
  0.16361011949424467     
  0.15000036967546079     
  0.15000059724442283     
  0.15000059969473051     
  0.15000059970361629     
  0.15953320704329046     
  0.16349405409668810     
  0.16224669163845157     
  0.16325748923952274     
  0.16286254159043173     
  0.15000039314085420     
  0.15000068265620309     
  0.15000068609577341     
  0.15000068610311440     
  0.16300664456127165     
  0.16304604199478245     
  0.16325791386447250     
  0.15128877925511319     
  0.15000041908433323     
  0.15000078861695862     
  0.15000079154642013     
  0.15000079156454876     
  0.16348239026093478     
  0.15000030146366328     
  0.15000044839370011     
  0.15000091710696048     
  0.15000092324806472     
  0.15000092324832828     
  0.15000035845960377     
  0.15000038564855597     
  0.15000048351246312     
  0.15000108032321119     
  0.15000108305260429     
  0.15000108306132989     
  0.15000028790315517     
  0.15000053408424283     
  0.15000127683294676     
  0.15000128384027145     
  0.15000098889306551     
  0.15000133925313891     
  0.15000138614153097     
  0.15132201153654526     
  0.15387807436205719     
  0.15652345577077792     
  0.15000034557393366     
  0.15052694548690504     
  0.15901984978376824     
  0.15065177217543524     
  0.16087690267829283     
  0.16186074028941311     
  0.15955699809282986     
  0.15956033478407872     
  0.15125197381062480     
  0.15125166147500085     
  0.16226277861980395     
  0.16010503130632428     
  0.16240893622723032     
  0.15000012408719024     
  0.16246271151048183     
  0.15000042256898719     
  0.15000014151249186     
  0.16247974279112218     
  0.15000012278186478     
  0.16249088808616569     
  0.15000033261550855     
  0.16249211627156407     
  0.15000000000000002     
  0.15000010845066564     
  0.15000012205334726     
  0.15000012461747914     
  0.15000012463938753     
  0.15000012463908349     
  0.15000012037599980     
  0.16248722905009402     
  0.16249336296698300     
  0.16250817894637504     
  0.15445944345810925     
  0.16250804372770342     
  0.16227045129189588     
  0.15695265295396246     
  0.15000032023290763     
  0.15228029638622279     
  0.16208726123475226     
  0.15363226763028062     
  0.15363363620063050     
  0.15000037800882446     
  0.15920006498606254     
  0.14999999999999999     
  0.15000011476620295     
  0.15000012875459687     
  0.15000013163846210     
  0.15000013166207984     
  0.15000013166220633     
  0.16074221855425985     
  0.15607137084083675     
  0.15607209086243742     
  0.16165838800589896     
  0.16151563362653898     
  0.15000043730456350     
  0.15000041478348614     
  0.15000033531111692     
  0.15000048789067963     
  0.15000048954426951     
  0.15000048955407058     
  0.16182772153436126     
  0.16182671694605580     
  0.15859730580020287     
  0.15000040443737167     
  0.16124179626238577     
  0.15000043502606702     
  0.16194068492638972     
  0.16198228923705726     
  0.16188973903046133     
  0.16199774588356247     
  0.16197398730475709     
  0.15000035538031067     
  0.15000055025293374     
  0.15000055226704045     
  0.15000055227328624     
  0.16205389112242377     
  0.16200360056658097     
  0.15000000000000002     
  0.15000012637541379     
  0.15000014267984904     
  0.15000014647320106     
  0.15000014649122898     
  0.15000014649149143     
  0.16213619070979063     
  0.15000039594411663     
  0.16202574466208200     
  0.16200284125071485     
  0.16200008476428751     
  0.16212771786645858     
  0.16200851840910610     
  0.15000037678103292     
  0.15000062398752403     
  0.15000062644775325     
  0.15000062645986448     
  0.16185572122520195     
  0.16201984497562028     
  0.16198746901159689     
  0.16096368771304101     
  0.16040632713676126     
  0.16128225616168032     
  0.16150404937981247     
  0.15000040057331587     
  0.15000071469953485     
  0.15000071728459213     
  0.15000071730542711     
  0.16161950289456442     
  0.16167489151152376     
  0.16201602918040545     
  0.16186370713869799     
  0.15000042687447188     
  0.15000082460554826     
  0.15000082892311392     
  0.15000082894070449     
  0.15782629702290504     
  0.15783056717031702     
  0.14999999999999999     
  0.15000014557352245     
  0.15000016532165911     
  0.15000017148961720     
  0.15000017152712711     
  0.15000017152746009     
  0.16205896233802555     
  0.16178226480770755     
  0.15000045706766554     
  0.15000095967065574     
  0.15000096434012805     
  0.15000096435973298     
  0.15000012752765143     
  0.16169127106167377     
  0.16191207165760224     
  0.16179974865613486     
  0.16177745122647944     
  0.16184340811162282     
  0.16197308505368230     
  0.16184247932654178     
  0.16196019952170840     
  0.16169822014369412     
  0.15000049396743412     
  0.15000112252553738     
  0.15000112851453024     
  0.15000112789166259     
  0.16180005458722063     
  0.16174236611032747     
  0.16184617628385845     
  0.16180289049148019     
  0.16182362929681438     
  0.16019993353211107     
  0.16183092437193766     
  0.16181198733110289     
  0.15000112934134460     
  0.15000124137979731     
  0.15000012131140814     
  0.15943620478326193     
  0.15000060857737596     
  0.15000134547852340     
  0.15000130550959434     
  0.15000156421351088     
  0.15229853381604663     
  0.14999999999999999     
  0.15000017116597014     
  0.15000019890903327     
  0.15000021255278095     
  0.15000021273419462     
  0.15000021273500125     
  0.15938174716274706     
  0.15461543350471627     
  0.15000011699684099     
  0.15690635973891096     
  0.15885884638965159     
  0.16015165654090455     
  0.16079330413734930     
  0.15000023343198104     
  0.16105365131394517     
  0.16115344955826022     
  0.15000000000000002     
  0.15000020400990724     
  0.15000024728595468     
  0.15000028677045038     
  0.15000028687763631     
  0.15000028687932607     
  0.16119150855374625     
  0.15000050978992555     
  0.16120742103266056     
  0.16121199849248483     
  0.15000037596782814     
  0.16121531615832671     
  0.15217013854858472     
  0.15217046313271024     
  0.15000032400075364     
  0.15000045657070868     
  0.15000045787981439     
  0.15000045788957889     
  0.15000033577387095     
  0.16121476636050974     
  0.16122448426690800     
  0.14999999999999999     
  0.15000023887825034     
  0.16123611090022838     
  0.15288713150590563     
  0.15000043815945674     
  0.15502958603924846     
  0.15000046878043202     
  0.15840397616472887     
  0.15713956154455572     
  0.15883070245795641     
  0.15431092964801940     
  0.15431153023792704     
  0.15051070572303660     
  0.15988429160251433     
  0.15000032152645909     
  0.16038886277920547     
  0.16058739397263189     
  0.15049555038170737     
  0.15614838481517368     
  0.15614941611865032     
  0.16066401686172641     
  0.15000034193693310     
  0.15000050860186787     
  0.15000051038412018     
  0.15000051038989126     
  0.16069317485007709     
  0.15000038569463517     
  0.16070483657393780     
  0.15000027200175264     
  0.16070726482732531     
  0.16070853233451340     
  0.15000036180647497     
  0.15000057272659020     
  0.15000057545537032     
  0.15000057546256654     
  0.16071020875696798     
  0.15098449550107640     
  0.16071949411562941     
  0.15000011210140290     
  0.15000038361758677     
  0.15000065124252290     
  0.15000065356892539     
  0.15000065358396428     
  0.15000025767282987     
  0.16072942003160529     
  0.15000040771085194     
  0.15000074571470459     
  0.15000074895107998     
  0.15000074897044785     
  0.15704867745380072     
  0.15000043448356754     
  0.15000085937095300     
  0.15000086439709662     
  0.15000086440409752     
  0.15000031044563242     
  0.15000042092729618     
  0.15000042220394541     
  0.15000042221008020     
  0.15000046514322002     
  0.15000099700900063     
  0.15000100092792301     
  0.15000100096408198     
  0.15000035682933099     
  0.15734559721864710     
  0.15734263976976273     
  0.15000034830916648     
  0.15000031381386106     
  0.15000050596589301     
  0.15000115560597940     
  0.15000116156047827     
  0.15000099894235180     
  0.15000036194390690     
  0.15000123921404612     
  0.15000036119321575     
  0.15000048378796257     
  0.15000044577030758     
  0.15100874446320400     
  0.15000119947065446     
  0.15299315441648759     
  0.15504242860288717     
  0.15689913794067167     
  0.15833637133751996     
  0.15000021590220194     
  0.15920249034200601     
  0.15097756886266034     
  0.15097657623673913     
  0.15961568168874765     
  0.15978364012226820     
  0.15000041196615521     
  0.15986216559426020     
  0.15989243550647220     
  0.15989022316797319     
  0.15989623099686961     
  0.15989791241760209     
  0.15816129871671256     
  0.15902909606409019     
  0.15990177950403348     
  0.15946810186869756     
  0.15862607709171894     
  0.15928022402769654     
  0.15718569940817087     
  0.15953421386930217     
  0.15991108630781836     
  0.15338259397561102     
  0.15991818576666622     
  0.15806736395572588     
  0.15000031723403448     
  0.15529462336940147     
  0.15951809863450192     
  0.15956400785776806     
  0.15277991457044926     
  0.15278014111139537     
  0.15694305625281799     
  0.15959805486671075     
  0.15000152170916031     
  0.15962817867225393     
  0.15846620463736083     
  0.15963312081638001     
  0.15000040246428967     
  0.15814831873718399     
  0.15000032770749222     
  0.15965335977638362     
  0.15462915749594575     
  0.15462940344590417     
  0.15966626174020951     
  0.15881638439546680     
  0.15925234521194620     
  0.15967164551705174     
  0.15884828284440464     
  0.15907159649249614     
  0.15934379952285388     
  0.15941498118785710     
  0.15968602227130665     
  0.15946313341709567     
  0.15950352285062785     
  0.15968313901621461     
  0.15954158852819630     
  0.15917880410889948     
  0.15164958012882931     
  0.15955039002342461     
  0.15958443404565564     
  0.15000030452602875     
  0.15969548948202245     
  0.15960465458593337     
  0.15961600430311840     
  0.15964163771493189     
  0.15969996608675399     
  0.15931752457430851     
  0.15964782867101646     
  0.15000032883748432     
  0.15000047123935958     
  0.15000047312763182     
  0.15000047313130926     
  0.15966771608858968     
  0.15968173369277175     
  0.15943938451987000     
  0.15972815014185937     
  0.15000042472322808     
  0.15934646775815159     
  0.15967037911774493     
  0.15969008298276405     
  0.15965995575387126     
  0.15000036888730942     
  0.15000039388244668     
  0.15937320524315948     
  0.15000034780839938     
  0.15000052843772502     
  0.15000053079680989     
  0.15000053080476478     
  0.15937911277539832     
  0.15046275620700569     
  0.15939785172178764     
  0.15581369347937074     
  0.15581214725898104     
  0.15938408020448935     
  0.15000036807047740     
  0.15000059663115972     
  0.15000059829455020     
  0.15000059830869425     
  0.15939247923461308     
  0.15000039016217698     
  0.15000067794301244     
  0.15000068101276690     
  0.15000068102482550     
  0.15939972209181250     
  0.15611726597156492     
  0.15000041423778171     
  0.15000077535980205     
  0.15000077975369761     
  0.15000077977123077     
  0.15697233398102267     
  0.15697132200054897     
  0.15000044113729097     
  0.15000089234885858     
  0.15000089539962522     
  0.15000089544065073     
  0.15000047315712575     
  0.15000102451478325     
  0.15000103125344241     
  0.15000103077860488     
  0.15000053242882977     
  0.15000119114172039     
  0.15000116804261235     
  0.15000272403172141     
  0.15000015471192463     
  0.15051794258455675     
  0.15000028796163992     
  0.15000030036787504     
  0.15343522174741506     
  0.15000005368660893     
  0.15513926523919730     
  0.15166309748897086     
  0.15000038205542621     
  0.15654303980269516     
  0.15000039351346584     
  0.15754784590294832     
  0.15000011103436242     
  0.15811613815138661     
  0.15000036243862924     
  0.15836508455455409     
  0.15000034224436007     
  0.15847184566819839     
  0.15853280064420480     
  0.15000028904431956     
  0.15853689134409671     
  0.15000030448105953     
  0.15854140182983037     
  0.15855977805917651     
  0.15614737283597330     
  0.15855547274156762     
  0.15855801634270694     
  0.15000018577062402     
  0.15857698722913122     
  0.15369963180485899     
  0.15158176421389671     
  0.15158191021820008     
  0.15521211853056743     
  0.15642956810371833     
  0.15312793681396919     
  0.15312816504952412     
  0.15201921040814800     
  0.15725527139775158     
  0.15000041424816724     
  0.15445993371547917     
  0.15446000942177340     
  0.15770273893956172     
  0.15792364082209287     
  0.15816035292677058     
  0.15806328670989880     
  0.15796716201970029     
  0.15000031691021493     
  0.15000109727900626     
  0.15000033483003258     
  0.15000048970501251     
  0.15000049136735588     
  0.15000049137409155     
  0.15801997912649338     
  0.15802431161040514     
  0.15000031675964792     
  0.15000043898314147     
  0.15000044054059247     
  0.15000044054515543     
  0.15547757049874356     
  0.15548108425812154     
  0.15000037415858269     
  0.15000035376785531     
  0.15000054918319639     
  0.15000055062242271     
  0.15000055063266171     
  0.15000033667575743     
  0.15800809039276814     
  0.15802918337272362     
  0.15000037435679620     
  0.15000061950122873     
  0.15000062254849092     
  0.15000062255969751     
  0.15622972584700806     
  0.15805307935232726     
  0.14999999999999999     
  0.15000026261126487     
  0.15000028332541740     
  0.15000039645474911     
  0.15000070434124155     
  0.15000070694715767     
  0.15000070695874379     
  0.15616064614082292     
  0.15000042076124606     
  0.15000080401176411     
  0.15000080711631400     
  0.15000080713699632     
  0.15066213263390482     
  0.15000044708995885     
  0.15000091731144150     
  0.15000092362936687     
  0.15000092363400047     
  0.15000024039451421     
  0.15000134199073495     
  0.15000048309645811     
  0.15000104083528323     
  0.15000104656934740     
  0.15000094360615823     
  0.15000044121447781     
  0.15000110005906092     
  0.15000037164152435     
  0.15362774623815209     
  0.15069549885734090     
  0.15634065194859609     
  0.15029432697362771     
  0.15000016934302129     
  0.15206445225834070     
  0.15000033082524369     
  0.15071359956050481     
  0.15071401967053469     
  0.15000033464575468     
  0.15662554191929987     
  0.15490384772273544     
  0.15623604126865923     
  0.15000026664476140     
  0.15657101544453789     
  0.15682331291097434     
  0.15591363010387704     
  0.15697392472347094     
  0.15712525598795657     
  0.15481386607121955     
  0.15697243100604122     
  0.15717582562518173     
  0.15034310316466001     
  0.15726092252482596     
  0.15728211086021848     
  0.15706924270775943     
  0.15000042689022858     
  0.15719010187756943     
  0.15717397230143124     
  0.15723703010280352     
  0.15730014022982372     
  0.15642717695752889     
  0.15730799873313814     
  0.15668249531286069     
  0.15700172998873957     
  0.15707884042486889     
  0.15731141428777740     
  0.15713110847862335     
  0.15732664032801225     
  0.15717354068487271     
  0.15000028372201568     
  0.15719545898187481     
  0.15000027388256182     
  0.15733048970274763     
  0.15000035082483923     
  0.15683190026877064     
  0.15722183219543412     
  0.15733740798825915     
  0.15725063262968569     
  0.15727101749095063     
  0.15734494209333177     
  0.15716366993837844     
  0.15720413913828413     
  0.15735306972706503     
  0.15729724599402753     
  0.15724321686705156     
  0.15731877142516534     
  0.15726511378369490     
  0.15718227053170594     
  0.15734900658256626     
  0.15732265532307577     
  0.15734244534593872     
  0.15736384908145046     
  0.15738130638037209     
  0.15000038920326206     
  0.15734655407334411     
  0.15230716628635885     
  0.15724985792613844     
  0.15720814196256180     
  0.15701203796972260     
  0.15377323774350948     
  0.15574685282359924     
  0.15000034008827570     
  0.15188205800295992     
  0.15188203247935267     
  0.15624849219047054     
  0.15483298678950186     
  0.15711859798072250     
  0.15669892534001539     
  0.15320438381527257     
  0.15320471090891011     
  0.15651112969349631     
  0.15000031333282710     
  0.15000031306506084     
  0.15413872805537607     
  0.15413864658123497     
  0.15674557933672612     
  0.15661790808840798     
  0.15469653993676680     
  0.15677059841816718     
  0.15492286626983046     
  0.15491300534650931     
  0.15000038733836094     
  0.15000032267704813     
  0.15000045575650695     
  0.15000045710155233     
  0.15000045710780899     
  0.15664348565118319     
  0.15000028961213530     
  0.15000037166277427     
  0.15000037264097615     
  0.15000037264585195     
  0.15000034036704185     
  0.15000050782850560     
  0.15000050915822299     
  0.15000050916574292     
  0.15675266646724634     
  0.15000030111252360     
  0.15101323840430111     
  0.15665504550926806     
  0.15000035941236617     
  0.15000056906595630     
  0.15000057176256401     
  0.15000057177517576     
  0.15000040091639266     
  0.15000045184961408     
  0.15000038005806793     
  0.15000064237583841     
  0.15000064557637613     
  0.15000064558672388     
  0.15000042017724144     
  0.15666285454043827     
  0.15000040218051883     
  0.15000072863977526     
  0.15000073230119240     
  0.15000073231100441     
  0.15000036119887242     
  0.15000042569146924     
  0.15000082757154218     
  0.15000083265028513     
  0.15000083266857284     
  0.15000045214118468     
  0.15000093511600762     
  0.15000094059584879     
  0.15000094042566894     
  0.15225715620694599     
  0.15000049380239502     
  0.15000104175036591     
  0.15000103575248808     
  0.15000116455936957     
  0.15000099849207646     
  0.15000025888249213     
  0.15602029456309172     
  0.15592191929287488     
  0.15551632906614854     
  0.15030285076050973     
  0.15000030367014791     
  0.15000040588723693     
  0.15000040725070241     
  0.15000040725332886     
  0.15000027171738739     
  0.15000029058066999     
  0.15599256316736279     
  0.15000027915412137     
  0.15577779352491064     
  0.15000036726137370     
  0.15000020522502153     
  0.15583834622379983     
  0.15103012694884368     
  0.15587813549730242     
  0.15431929445746778     
  0.15446235696602925     
  0.15315709601232422     
  0.15441904162582085     
  0.15472066720656497     
  0.15406408216137216     
  0.15000024404814838     
  0.15000000000000002     
  0.15000010633068270     
  0.15000011954937295     
  0.15000012205965282     
  0.15000012208754226     
  0.15000012207786598     
  0.15549259972499221     
  0.15347140944365503     
  0.15342671389634974     
  0.15523804846812322     
  0.15229617206302659     
  0.15000012253609610     
  0.15196143870269910     
  0.15196166841585748     
  0.15000012256883691     
  0.15000012127881249     
  0.15289956532259746     
  0.15289946428250417     
  0.15532597619649269     
  0.15362800732178186     
  0.15362620993158188     
  0.15540751196322311     
  0.15000098369777232     
  0.15123137358084732     
  0.15096103558900786     
  0.15096116478953450     
  0.15000000000000002     
  0.15000010933333002     
  0.15000012294890888     
  0.15000012544797123     
  0.15000012546484870     
  0.15000012546494826     
  0.15450507204770303     
  0.15535694233566910     
  0.15536191645230513     
  0.15000034775497054     
  0.15498679273229093     
  0.15478561149227762     
  0.15143013124658933     
  0.15000032788123810     
  0.15000047164726080     
  0.15000047264319946     
  0.15000047265081712     
  0.15226038876382395     
  0.15018056673428948     
  0.15000034580730667     
  0.15000052533192493     
  0.15000052751098164     
  0.15000052751839840     
  0.15511421478646503     
  0.15531668041058683     
  0.15000031091184016     
  0.15000042507444294     
  0.15000042624713372     
  0.15000042625212889     
  0.15000036502663511     
  0.15000058954990664     
  0.15000059152662024     
  0.15000059153310555     
  0.15451279067390936     
  0.14999999999999999     
  0.15000011789041998     
  0.15000013283727012     
  0.15000013582513685     
  0.15000013584525199     
  0.15000013584534996     
  0.15442094379456495     
  0.15526696308972807     
  0.15000038546575067     
  0.15000066469494264     
  0.15000066742933019     
  0.15000066743533708     
  0.15461407297529217     
  0.15390510604245652     
  0.15472175666264601     
  0.15442096934095051     
  0.15479331297672821     
  0.15000040724434732     
  0.15000075180797329     
  0.15000075408996352     
  0.15000075411512795     
  0.15459476107666584     
  0.15000032172755040     
  0.15489265260201768     
  0.15491693426487915     
  0.15485106828659101     
  0.15316871782213637     
  0.15000043068261126     
  0.15000084665275401     
  0.15000085049625289     
  0.15000085051824461     
  0.15479727605421670     
  0.15479785340142596     
  0.15472795012340052     
  0.15410873423084448     
  0.15492635723630027     
  0.15483317465612348     
  0.15462921548818487     
  0.15481548316207766     
  0.15484972795475499     
  0.15493185990135774     
  0.15499963842573000     
  0.15449052568285490     
  0.15492990439592558     
  0.15000029645909063     
  0.15483818903380822     
  0.15030090127336862     
  0.15000045683087565     
  0.15000094001629130     
  0.15000094447412701     
  0.15000093378960125     
  0.15494489109441925     
  0.15332573796545709     
  0.15000040533648626     
  0.15495803420358242     
  0.14999999999999999     
  0.15000013251658703     
  0.15000097887459390     
  0.15000015011899143     
  0.15000015447229853     
  0.15000015454016472     
  0.15000015454022289     
  0.15485265418372660     
  0.15487575860710540     
  0.15033594698794628     
  0.15482733858193540     
  0.15495716562760450     
  0.15000033498699680     
  0.15496073392580945     
  0.15487665570482956     
  0.15379326423812184     
  0.15398306026710765     
  0.15489611720967408     
  0.15493901495881643     
  0.15492679580865687     
  0.15252384565950425     
  0.15143965055943767     
  0.15493420976726491     
  0.15496207166428216     
  0.15494490402111474     
  0.15495013864463103     
  0.15494240354811581     
  0.15496657820486798     
  0.15000035681974022     
  0.15450659491271451     
  0.15125546659304676     
  0.15125602962403753     
  0.15476245856792625     
  0.15494342885974646     
  0.15459731326206583     
  0.15443493174104833     
  0.15000032404578545     
  0.15037831212568795     
  0.15038030000656888     
  0.15000040409823751     
  0.15000039204924920     
  0.15477080148592340     
  0.15445273484792330     
  0.15401055064016717     
  0.15000000000000002     
  0.15000015440237313     
  0.15000017661337595     
  0.15000018467868984     
  0.15000018482138661     
  0.15000018482179575     
  0.15424860208529936     
  0.15452656050392699     
  0.15000033617641986     
  0.15451586980530371     
  0.15000032717896583     
  0.15446589413032463     
  0.15000031507311579     
  0.15460692434665882     
  0.15446992576291979     
  0.15445836076086014     
  0.14999999999999999     
  0.15000018284219738     
  0.15000021466546309     
  0.15000023483223343     
  0.15000023496881959     
  0.15000023497032713     
  0.15290437727324582     
  0.15000013091160264     
  0.15446720668924632     
  0.15000038809181751     
  0.15000024776554829     
  0.15303134252128847     
  0.15246175845315366     
  0.15246100458204589     
  0.15301790274887128     
  0.15259329852612905     
  0.15179059517373725     
  0.15179052864182588     
  0.15000035914727439     
  0.15427688512690857     
  0.15000094750174903     
  0.15000030485398852     
  0.15018097660186847     
  0.15397947850775082     
  0.15000000000000002     
  0.15000021568301011     
  0.15395579337203341     
  0.15000023105208390     
  0.15000034419173625     
  0.15000030403782633     
  0.15000027718056413     
  0.15399877035895199     
  0.15371574747446076     
  0.15386020843423731     
  0.15000028424019873     
  0.15000031615093742     
  0.15000043957931808     
  0.15000044081961128     
  0.15000044082478367     
  0.15000036925593827     
  0.15000041998148778     
  0.15000033294204670     
  0.15000048707670524     
  0.15000048880322883     
  0.15000048880768849     
  0.15000035097425668     
  0.15000054330861554     
  0.15000054512520039     
  0.15000054513158026     
  0.15000038524681292     
  0.15000037016225268     
  0.15000060873371895     
  0.15000061157630193     
  0.15000061158742140     
  0.15000039036661417     
  0.15000068539807243     
  0.15000068734748170     
  0.15000068736402544     
  0.15000034040032598     
  0.15000030205282006     
  0.15000040306438356     
  0.15000040406589452     
  0.15000040407385795     
  0.15012934959222329     
  0.15000041180139195     
  0.15000077001640455     
  0.15000077359706712     
  0.15000077361726982     
  0.15000026706558128     
  0.15000028461633780     
  0.15000043453893513     
  0.15000085714998765     
  0.15000086278517802     
  0.15000086280501987     
  0.15000091057882045     
  0.15000037859560272     
  0.15000046283868204     
  0.15000093464326991     
  0.15000092887286351     
  0.15000093887377525     
  0.15118037834190123     
  0.15000029263551679     
  0.15000031266070124     
  0.15000037031068883     
  0.15279733498628692     
  0.15209917135694442     
  0.15041534602002060     
  0.15000024988359498     
  0.15078691761638305     
  0.15134631374156315     
  0.15000000000000002     
  0.15000024612573390     
  0.15183410290145616     
  0.15183400139079678     
  0.15078122482244075     
  0.15156629466730578     
  0.15035676554011687     
  0.15237389307839397     
  0.15207636385824208     
  0.15090604415075842     
  0.15090546505785160     
  0.15000035701006015     
  0.15205646156364300     
  0.15000019352824731     
  0.15219465221571546     
  0.15278903756999473     
  0.15124948121365972     
  0.15096207156175093     
  0.15150371024305695     
  0.15251835282321699     
  0.15206210948668983     
  0.15000012772536894     
  0.15178414227615436     
  0.15204311519714334     
  0.15228109544424759     
  0.15034653295043357     
  0.15034771958391618     
  0.15210952363258626     
  0.15000027244734890     
  0.15058772425354738     
  0.15058668678781970     
  0.15278781456945481     
  0.15281429733681326     
  0.15232472168245981     
  0.15242532438521264     
  0.15235793240197579     
  0.15225427496092225     
  0.15013248666311371     
  0.15013236382584830     
  0.15000029345356758     
  0.15000038215257983     
  0.15000038326267839     
  0.15000038326752274     
  0.15219195480824732     
  0.15243236084725961     
  0.15228462728575035     
  0.15123966895589488     
  0.15123915144186734     
  0.15252745328258080     
  0.15235621224301710     
  0.15244695321642923     
  0.15242750313787676     
  0.15242061142024049     
  0.15236362241813192     
  0.15213046797619592     
  0.15250394804319767     
  0.15227368509014239     
  0.15253648363763828     
  0.15246114513656789     
  0.15226460851691972     
  0.15144619390355304     
  0.15256929964141341     
  0.15230867650401289     
  0.15243114539622135     
  0.15247537675030970     
  0.15254940272893097     
  0.15000027853961415     
  0.15250847630048206     
  0.15237246761963347     
  0.15236599386162505     
  0.15246211804198478     
  0.15245109934021220     
  0.15017468470063750     
  0.15017976040676317     
  0.15248821435106147     
  0.15240535747734027     
  0.15000032604379074     
  0.15251441204074365     
  0.15247463096571132     
  0.15248449049041429     
  0.15000030512594006     
  0.15000041126903338     
  0.15000041222595475     
  0.15000041223002544     
  0.15244536348069612     
  0.15230256748831131     
  0.15251807547579396     
  0.15248661097639934     
  0.15000035384645929     
  0.15239719892387527     
  0.15000032105476874     
  0.15000045352802741     
  0.15000045481909341     
  0.15000045482329186     
  0.15255379452123796     
  0.15251120594572631     
  0.15247727502139843     
  0.15250089804719627     
  0.15000040289046745     
  0.15241867400276576     
  0.15243375509666227     
  0.15214257747997934     
  0.15000026405929590     
  0.15000031842063688     
  0.15000031894536900     
  0.15000031894842736     
  0.15250869145789481     
  0.15248868551427144     
  0.15000033787798478     
  0.15000050282152655     
  0.15000050452477204     
  0.15000050452972494     
  0.15248740531319524     
  0.15250680921482918     
  0.15250643437585137     
  0.15222198845379051     
  0.15120262045796465     
  0.15120174775267511     
  0.15251130257192824     
  0.15250391768212904     
  0.15000035587761890     
  0.15000056045537877     
  0.15000056269100243     
  0.15000056269953926     
  0.15244658817494744     
  0.15213828341418062     
  0.15242418571334682     
  0.15250882841081051     
  0.15248283551327305     
  0.15169701259206331     
  0.15000037501510707     
  0.15000062777215439     
  0.15000062963031005     
  0.15000062963995744     
  0.15144926386033905     
  0.15145311375901588     
  0.15203190769377881     
  0.15217322745628828     
  0.15227344643571622     
  0.15165617941078033     
  0.15212237944155832     
  0.15000039484918440     
  0.15000070322019360     
  0.15000070608238536     
  0.15000070609326446     
  0.15226323744877379     
  0.15077489359707827     
  0.15077420340050499     
  0.15000041573197856     
  0.15000078411135939     
  0.15000078877433165     
  0.15000078878800510     
  0.15125002120677636     
  0.15000043763569740     
  0.15000086129994250     
  0.15000086317952183     
  0.15000089362890839     
  0.15000080756347373     
  0.15000088734995312     
  0.15000032606960456     
  0.15000030958456825     
  0.15199147820132619     
  0.15010801779685939     
  0.15174265848066926     
  0.15000034669536316     
  0.15000021416052120     
  0.15007638535722545     
  0.15146345755067533     
  0.15027919804558343     
  0.15015974860097858     
  0.15000030964148120     
  0.15024002856208751     
  0.15000029050024982     
  0.15000038881617173     
  0.15172183660305968     
  0.15048478049516123     
  0.15014463813581036     
  0.15034019274274729     
  0.15042022518241407     
  0.15000029918899305     
  0.15103615935326828     
  0.15133270232357338     
  0.15044005287292189     
  0.15140816645104554     
  0.15000031124871901     
  0.15095011785133780     
  0.15159214955319633     
  0.15061619116062533     
  0.15152503736747155     
  0.15058320169802755     
  0.15145892479473028     
  0.15094004894538079     
  0.15171603623665550     
  0.15000031575566791     
  0.15101244429490426     
  0.15047777024718131     
  0.15059653901806438     
  0.15094421567909672     
  0.15000035448737184     
  0.15114880269982181     
  0.15000086272278079     
  0.15115175892409358     
  0.15013883248651766     
  0.15103674733722947     
  0.15023633811442971     
  0.15143908442509238     
  0.15115555797996508     
  0.15102783780590279     
  0.15115146884440830     
  0.15118354887250646     
  0.15121918797409670     
  0.15146792591842434     
  0.15061840502360346     
  0.15150575379099879     
  0.15000024254470237     
  0.15117826845444562     
  0.15119512685355030     
  0.15123797119059773     
  0.15069248206085531     
  0.15146688327091995     
  0.15056831002427354     
  0.15039037617438883     
  0.15125301618032841     
  0.15000034260175471     
  0.15132693171238878     
  0.15118344238390125     
  0.15146612297829423     
  0.15109642996526701     
  0.15121188437449082     
  0.15079390877896942     
  0.15124586647791405     
  0.15115062129061854     
  0.15000025994951519     
  0.15099025451563441     
  0.15122940268523025     
  0.15125509751547242     
  0.15000032735678814     
  0.15125471360682335     
  0.15000029887744543     
  0.15101253152747121     
  0.15100703586949465     
  0.15124950239646187     
  0.15000029583437677     
  0.15000038879075489     
  0.15000038974302721     
  0.15000038974570595     
  0.15118529312668091     
  0.15123279066191622     
  0.15120782097533050     
  0.15125447944540896     
  0.15125472847991295     
  0.15000036195832142     
  0.15101641905736904     
  0.15000040856865782     
  0.15000034594465689     
  0.15000038647100225     
  0.15117102407231503     
  0.15000030954138249     
  0.15000042340981631     
  0.15000042457118590     
  0.15000042457629059     
  0.15103103938799683     
  0.15000032559151061     
  0.15000046731095365     
  0.15000046888379862     
  0.15000046889169918     
  0.15103912514413817     
  0.15000034259201725     
  0.15000051817290055     
  0.15000052007649162     
  0.15000052008329293     
  0.15103583092640269     
  0.15000036049125884     
  0.15000057749902451     
  0.15000057901608277     
  0.15000057903388178     
  0.15080354475760591     
  0.15000037931068688     
  0.15000064443008621     
  0.15000064708674360     
  0.15000064709889444     
  0.15000033313484762     
  0.15000039872610002     
  0.15000071827010675     
  0.15000072229394479     
  0.15000072231174086     
  0.15000041866923183     
  0.15000079442831077     
  0.15000079880998624     
  0.15000079892486590     
  0.15000037282990819     
  0.15000000000000002     
  0.15000026126439284     
  0.15000028504748622     
  0.15000031607450157     
  0.15000034974890389     
  0.15000039949677352     
  0.15000043895410295     
  0.15000085401471200     
  0.15000085611068650     
  0.15000031876678482     
  0.15000025582458346     
  0.15000087684604391     
  0.15000090955173759     
  0.15000079351837364     
  0.15000047115194037     
  0.15000090892032439     
  0.15000045237228971     
  0.15000100017846302     
  0.15000120113319088     
  0.15000051106273402     
  0.15000103588520003     
  0.15000111012316542     
  0.15000278318442128     
  0.15000056574581386     
  0.15000116630409063     
  0.15000047590000573     
  0.15000122501916344     
  0.15000285875274802     
  0.15000061154423319     
  0.15000132015077625     
  0.15000028205189778     
  0.15000041549633777     
  0.15000134623278724     
  0.15000306738303010     
  0.14999999999999999     
  0.15000026925193380     
  0.15000038437678356     
  0.15000061245822668     
  0.15000146148196400     
  0.15000146956080390     
  0.15000312469263027     
  0.15000031340815947     
  0.15000065067083049     
  0.15000162742377329     
  0.15000159437400057     
  0.15000466777188623     
  0.15000054825598416     
  0.15000071252158786     
  0.15000179012349682     
  0.15000171518403377     
  0.15000432708049521     
  0.15000067566497480     
  0.15000185797321386     
  0.15000181177629879     
  0.15000447217121379     
  0.15000028918522187     
  0.15000037323200341     
  0.15000037426758531     
  0.15000037426835491     
  0.15000075235129509     
  0.15000195105747197     
  0.15000189400569108     
  0.15000523752403883     
  0.14999999999999999     
  0.15000027900384069     
  0.15000078861510807     
  0.15000200988013213     
  0.15000054057746065     
  0.15000196863373144     
  0.15000534185993458     
  0.15000029605819426     
  0.15000078132849642     
  0.15000214806341020     
  0.15000204332342681     
  0.15000511670306219     
  0.15000076542574536     
  0.15000214291571320     
  0.15000209619526217     
  0.15000523858214451     
  0.15000078519676571     
  0.15000225655304195     
  0.15000013106540447     
  0.15000215126772559     
  0.15000600409641157     
  0.15000061780566998     
  0.15000085312491615     
  0.15000227728325907     
  0.15000217816065292     
  0.15000557408318238     
  0.14999999999999997     
  0.15000028633209164     
  0.15000082779412993     
  0.15000228931223761     
  0.15000220164265449     
  0.15000560394816315     
  0.15000038823247736     
  0.15000084654128060     
  0.15000227063516910     
  0.15000221401551675     
  0.15000552928366243     
  0.15000086943736846     
  0.15000233227289753     
  0.15000224587295910     
  0.15000569746671266     
  0.15000061835911740     
  0.15000083062952441     
  0.15000238279017963     
  0.15000227369955307     
  0.15000519659687148     
  0.15000082826023969     
  0.15000232564426624     
  0.15000227260566917     
  0.15000619300561679     
  0.15000000000000002     
  0.15000029221491173     
  0.15000229275824747     
  0.15000031258639021     
  0.15000084176943346     
  0.15000236864725502     
  0.15000228540647648     
  0.15000559920421005     
  0.15000230235011830     
  0.15000087078860061     
  0.15000239323290074     
  0.15000229901615736     
  0.15000440963360082     
  0.15000060276785521     
  0.15000232253780996     
  0.15000084433947297     
  0.15000241933021524     
  0.15000230374622991     
  0.15000550121169218     
  0.15000013962303482     
  0.15000230857961847     
  0.15000025916963960     
  0.15000229010131130     
  0.15000708228807008     
  0.15000084908334385     
  0.15000234165512338     
  0.15000229331540263     
  0.15000228768857013     
  0.15000604667051740     
  0.15000080322228154     
  0.15000238580328309     
  0.15000000000000002     
  0.15000029187572650     
  0.15000230910678286     
  0.15000038918423589     
  0.15000011568425514     
  0.15000070825446887     
  0.15000028596608986     
  0.15000229855571637     
  0.15000456053739766     
  0.15000084400616592     
  0.15000240047090960     
  0.15000226457020738     
  0.15000534027125639     
  0.15000088424991545     
  0.15000232283364812     
  0.15000031316666362     
  0.15000062026407310     
  0.15000226427407221     
  0.15000595073370906     
  0.15000082842832832     
  0.15000237485556911     
  0.15000223194749598     
  0.15000491817516048     
  0.15000081024099690     
  0.15000229056774994     
  0.14999999999999997     
  0.15000028670951296     
  0.15000046539245318     
  0.15000032037570413     
  0.15000039063939680     
  0.15000082495280873     
  0.15000028116431061     
  0.15000035519085636     
  0.15000035614984203     
  0.15000035615366200     
  0.15000108427106151     
  0.15000146152436417     
  0.15000170538729285     
  0.15000029852584271     
  0.15000039588966566     
  0.15000039691813169     
  0.15000039692298467     
  0.15000036688435880     
  0.15000208416601371     
  0.15000031415473655     
  0.15000043611569480     
  0.15000043740029634     
  0.15000043740526178     
  0.15000035515362151     
  0.15000117169926672     
  0.15000033015140135     
  0.15000048109980571     
  0.15000048261082086     
  0.15000048261744134     
  0.15000237722361182     
  0.15000128285666800     
  0.15000032827287418     
  0.15000104209657389     
  0.15000142158806101     
  0.15000034706968074     
  0.15000053336810021     
  0.15000053486479051     
  0.15000053487932954     
  0.15000016469130678     
  0.15000090757480092     
  0.15000092640567267     
  0.15000274610757089     
  0.15000100484920378     
  0.15000036481144391     
  0.15000059298934032     
  0.15000059514265929     
  0.15000059514804426     
  0.15000173071841091     
  0.15000160941708127     
  0.15000217788105472     
  0.15000300840867961     
  0.15000182045949564     
  0.15000038314124162     
  0.15000065949890359     
  0.15000066294040973     
  0.15000066295441727     
  0.15000250772698778     
  0.15000188068574921     
  0.15000290444947148     
  0.15000027894750112     
  0.15000086554601427     
  0.15000040231845635     
  0.15000073185906201     
  0.15000073476930811     
  0.15000073478240875     
  0.15000150261907502     
  0.15000285305970215     
  0.15000028634245036     
  0.15000138525526358     
  0.15000199654280413     
  0.15000305714774825     
  0.15000042078568832     
  0.15000080337401520     
  0.15000286941568550     
  0.15000080687151526     
  0.15000085299649443     
  0.15000219234883258     
  0.15000195219369652     
  0.15000157656094948     
  0.15000212522906731     
  0.15000084079392687     
  0.15000031309315892     
  0.15000048476338051     
  0.15000256061241857     
  0.15000289188791979     
  0.15000304753137506     
  0.15000282592495756     
  0.15000213451930475     
  0.15000216155224025     
  0.15000269967160304     
  0.15000246215626473     
  0.15000165797912904     
  0.15000253974823269     
  0.15000222804659091     
  0.15000201634136934     
  0.15000299722963789     
  0.15000037940143801     
  0.15000286522044176     
  0.15000112751306749     
  0.15000087761725969     
  0.15000296824937639     
  0.15000294993646943     
  0.15000224123528014     
  0.15000343627136162     
  0.15000209336276921     
  0.15000221088347285     
  0.15000259451803707     
  0.15000266267735746     
  0.15000216527771851     
  0.15000050646046201     
  0.15000212059298201     
  0.15000257562124106     
  0.15000206077662318     
  0.15000300869987751     
  0.15000033784578728     
  0.15000222205943664     
  0.15000220868374731     
  0.15000030188489202     
  0.15000034696768888     
  0.15000218579779409     
  0.15000170692401543     
  0.15000081537707194     
  0.15000049537458812     
  0.15000087224817746     
  0.15000090986751166     
  0.15000217444307939     
  0.15000220806051620     
  0.15000011648836550     
  0.15000104356005414     
  0.15000267244901291     
  0.15000283361041469     
  0.15000055135376009     
  0.15000221412226886     
  0.15000218421264427     
  0.15000218615696320     
  0.15000027751164879     
  0.15000032193681748     
  0.15000127398157473     
  0.15000035707202977     
  0.15000029212866139     
  0.15000102923323924     
  0.15000092726709280     
  0.15000044221921310     
  0.15000087293781236     
  0.15000217857297679     
  0.15000215726514610     
  0.15000067800870831     
  0.15000031466033131     
  0.15000221406243266     
  0.15000272003274009     
  0.15000028850885702     
  0.15000037232311064     
  0.15000037319794768     
  0.15000037320267220     
  0.15000179118676552     
  0.15000069425810253     
  0.15000193210249776     
  0.15000120538217165     
  0.15000099235201314     
  0.15000026557733681     
  0.15000217403217864     
  0.15000165664914236     
  0.15000274023281676     
  0.15000060971153301     
  0.15000199509735682     
  0.15000144703999968     
  0.15000164108595132     
  0.15000130047965191     
  0.15000172586236163     
  0.15000126083608975     
  0.15000067960271207     
  0.15000153993916887     
  0.15000110911763234     
  0.15000085520605727     
  0.15000130323421940     
  0.15000104182405247     
  0.15000212445151917     
  0.15000180096333526     
  0.15000051777616072     
  0.15000276766226667     
  0.15000056983302629     
  0.15000074484550754     
  0.15000203159329056     
  0.15000156466214332     
  0.15000142416463133     
  0.15000113024564526     
  0.15000208591712402     
  0.15000029845396878     
  0.15000012053178766     
  0.15000011932294932     
  0.15000212563698345     
  0.15000163051607809     
  0.15000058062169652     
  0.15000178386672616     
  0.15000133824167960     
  0.15000214572767687     
  0.15000180473772057     
  0.15000031836808825     
  0.15000044828542050     
  0.15000044970938942     
  0.15000044971666948     
  0.15000030273852655     
  0.15000040678726259     
  0.15000040804415957     
  0.15000040804965994     
  0.14999999999999999     
  0.15000010541977479     
  0.15000075134563284     
  0.15000011862586421     
  0.15000012103685592     
  0.15000012104310065     
  0.15000012104668992     
  0.15000185676811575     
  0.15000132867064289     
  0.15000038683578679     
  0.15000203953067748     
  0.15000146824917110     
  0.15000033439347524     
  0.15000049461876799     
  0.15000049609125224     
  0.15000049609856531     
  0.15000214086636954     
  0.15000050640356741     
  0.15000215430092809     
  0.15000179219376308     
  0.15000035116936949     
  0.15000054744185168     
  0.15000054958424455     
  0.15000054959025774     
  0.15000043558489504     
  0.15000149336695431     
  0.15000092840408569     
  0.15000092574081725     
  0.15000046198074135     
  0.15000158896227095     
  0.15000093970257372     
  0.15000113193678194     
  0.15000036872917591     
  0.15000060747245780     
  0.15000060993250275     
  0.15000060994341849     
  0.15000211953051176     
  0.15000149926833309     
  0.15000054437743823     
  0.15000038664630669     
  0.15000067352395446     
  0.15000067657228067     
  0.15000067658510083     
  0.15000204239393067     
  0.15000162468240497     
  0.15000000000000002     
  0.15000011104156763     
  0.15000213201587345     
  0.15000173651990106     
  0.15000012495542381     
  0.15000012756746856     
  0.15000012758918357     
  0.15000012758933867     
  0.15000040520594765     
  0.15000074373802438     
  0.15000074743968300     
  0.15000074753816847     
  0.15000068815138806     
  0.15000021721042625     
  0.15000069749650241     
  0.15000066891737587     
  0.15000181089033443     
  0.15000082072419124     
  0.15000055145011820     
  0.15000068944783695     
  0.15000197592693024     
  0.15000029163266637     
  0.15000062157262489     
  0.15000042542132166     
  0.15000081965183298     
  0.15000082370565493     
  0.15000081303204968     
  0.15000069311172778     
  0.15000200238214273     
  0.15000012081229225     
  0.15000035652256075     
  0.15000069082908832     
  0.15000059919788153     
  0.15000070783329442     
  0.15000188783140930     
  0.15000148119376253     
  0.15000133550568845     
  0.15000205602449360     
  0.15000138770141574     
  0.15000033430619245     
  0.15000166008702376     
  0.15000026902736924     
  0.15000073704842301     
  0.15000068451199833     
  0.15000208062675630     
  0.15000065679979319     
  0.15000073394869465     
  0.15000209144679214     
  0.15000190306157618     
  0.14999999999999999     
  0.15000012181795652     
  0.15000013786632663     
  0.15000014123749333     
  0.15000014126666028     
  0.15000014126683217     
  0.15000062017714452     
  0.15000072076037241     
  0.15000071477974447     
  0.15000072732099490     
  0.15000026636192490     
  0.15000019914466012     
  0.15000073113229484     
  0.15000071401055876     
  0.15000209338605960     
  0.15000205833701577     
  0.15000207350301487     
  0.15000199502852435     
  0.15000210116348739     
  0.15000181424710901     
  0.15000072451666607     
  0.15000208279154864     
  0.15000205965707508     
  0.15000209747637644     
  0.15000156740147336     
  0.15000071403204804     
  0.15000046106553591     
  0.15000203348812086     
  0.15000068307703390     
  0.15000207630751505     
  0.15000158239949155     
  0.14999999999999999     
  0.15000013953805946     
  0.15000015844326453     
  0.15000016383929002     
  0.15000016391731807     
  0.15000016391765569     
  0.15000072376712614     
  0.15000036180877030     
  0.15000207020203307     
  0.15000071842243751     
  0.15000206376064090     
  0.15000204880947002     
  0.15000162671372727     
  0.15000039583399571     
  0.15000025353411206     
  0.15000066604592846     
  0.14999999999999999     
  0.15000016359283061     
  0.15000018837907489     
  0.15000019977544424     
  0.15000019981582419     
  0.15000019981620763     
  0.15000040968466116     
  0.15000083871054523     
  0.15000031062817920     
  0.15000034033808415     
  0.15000205806859665     
  0.15000191422907150     
  0.15000202498252119     
  0.15000177194822853     
  0.15000028415605257     
  0.15000049640547630     
  0.15000022186535383     
  0.15000000000000002     
  0.15000019276025064     
  0.15000023054162681     
  0.15000026012212173     
  0.15000026058449514     
  0.15000026058571395     
  0.15000028295399484     
  0.15000199421761881     
  0.15000030724754959     
  0.15000041890780133     
  0.15000042004546899     
  0.15000042004996147     
  0.15000041119540924     
  0.15000032251724613     
  0.15000046056894131     
  0.15000046156055138     
  0.15000046156500471     
  0.15000056667296116     
  0.15000061024922445     
  0.15000105615633536     
  0.15000105544551540     
  0.15000033849208894     
  0.15000050727292502     
  0.15000050939230075     
  0.15000050939598078     
  0.15000000000000002     
  0.15000022478772268     
  0.15000029076967999     
  0.15000037819492179     
  0.15000037890790593     
  0.15000037891107884     
  0.15000035513752497     
  0.15000056112096935     
  0.15000056309354279     
  0.15000056310215212     
  0.15000032950747483     
  0.15000027141852465     
  0.15000037234917524     
  0.15000062077937992     
  0.15000062373655701     
  0.15000062374710449     
  0.15000096730534312     
  0.15000096679176525     
  0.15000196914468672     
  0.15000196443704072     
  0.15000039022512707     
  0.15000068656236759     
  0.15000068947847367     
  0.15000068949152892     
  0.15000065834667045     
  0.15000054818578792     
  0.15000181652060071     
  0.15000181313827535     
  0.15000040825391672     
  0.15000075839700144     
  0.15000076141302088     
  0.15000076493077188     
  0.15000084836416841     
  0.15000084919791015     
  0.15000080229557003     
  0.15000037051562251     
  0.15000200532576713     
  0.15000200241775397     
  0.15000082040264009     
  0.15000046933245326     
  0.15000184833772889     
  0.15000184704955410     
  0.15000145406572465     
  0.15000145256356603     
  0.15000050801672463     
  0.15000030027553335     
  0.15000098971270845     
  0.15000064379796677     
  0.15000043152212764     
  0.15000187364054396     
  0.15000187056947897     
  0.15000084875616615     
  0.15000050173564963     
  0.15000153425042206     
  0.15000153290865031     
  0.15000197172528137     
  0.15000196779790417     
  0.15000116436447039     
  0.15000189400973185     
  0.15000189238041925     
  0.15000060992873929     
  0.15000063822356377     
  0.15000063358936919     
  0.15000028075761726     
  0.15000035536385084     
  0.15000035599382183     
  0.15000035599962167     
  0.15000197417464003     
  0.15000197215254288     
  0.15000134351524561     
  0.15000134167271678     
  0.15000191017649089     
  0.15000190634325766     
  0.15000031203976277     
  0.15000113471400736     
  0.15000113384491465     
  0.15000162072923334     
  0.15000173205933076     
  0.15000172019424710     
  0.15000171690500907     
  0.15000159248366912     
  0.15000159051390333     
  0.15000166125258946     
  0.15000165898082501     
  0.15000046810607279     
  0.15000123321608769     
  0.15000123259081122     
  0.15000033044103359     
  0.15000032084208495     
  0.15000056938416170     
  0.15000067499145728     
  0.15000053690053375     
  0.15000024245300156     
  0.15000077277249613     
  0.15000062680985135     
  0.15000131469716577     
  0.15000188455878538     
  0.15000033639735150     
  0.15000034575306156     
  0.15000147836350275     
  0.15000068069965281     
  0.15000042061125912     
  0.15000063656167811     
  0.15000030421822061     
  0.15000042084694903     
  0.15000036569306896     
  0.15000057138102704     
  0.15000077016568020     
  0.15000177612945834     
  0.15000193188231500     
  0.15000051604501988     
  0.15000029549933941     
  0.15000065267213147     
  0.15000067691544647     
  0.15000182731848710     
  0.15000028764676965     
  0.15000066420522995     
  0.15000191009524635     
  0.15000066669788206     
  0.15000043800298923     
  0.15000188287956390     
  0.15000059248675793     
  0.15000067671206810     
  0.15000190955665327     
  0.15000188826754868     
  0.15000067121549340     
  0.15000031132955158     
  0.15000043029304752     
  0.15000043125041165     
  0.15000043125672022     
  0.15000029654214114     
  0.15000039243328264     
  0.15000039342765750     
  0.15000039343163507     
  0.15000064514425049     
  0.15000032638691776     
  0.15000047206692238     
  0.15000047371782654     
  0.15000047372522946     
  0.15000189638435171     
  0.15000034226302789     
  0.15000052003234179     
  0.15000052149693816     
  0.15000052150458176     
  0.15000136479362672     
  0.15000044439137955     
  0.15000034406997931     
  0.15000031477699940     
  0.15000035876885034     
  0.15000057377172268     
  0.15000057606154032     
  0.15000057607198319     
  0.15000190221045795     
  0.15000190173569489     
  0.15000024224700420     
  0.15000026578172587     
  0.15000032404085389     
  0.15000032477002453     
  0.15000032477089445     
  0.15000013309656157     
  0.15000037576416592     
  0.15000063364438565     
  0.15000063639262304     
  0.15000063640358841     
  0.15000088742234391     
  0.15000088742970286     
  0.15000189545654177     
  0.15000189458785593     
  0.15000057274681292     
  0.15000063371462641     
  0.15000039355993505     
  0.15000070001231500     
  0.15000070299600937     
  0.15000070301193655     
  0.15000047424903712     
  0.15000175417643388     
  0.15000041285828497     
  0.15000077812342510     
  0.15000078185486440     
  0.15000078034000877     
  0.15000044179056213     
  0.15000080547041714     
  0.15000103165199460     
  0.15000088625277591     
  0.15000055547559693     
  0.15000066226766096     
  0.15000027129110033     
  0.15000013143949240     
  0.15000029898971928     
  0.15000050799835796     
  0.15000066463634448     
  0.15000026213342901     
  0.15000060025156906     
  0.15000184250049381     
  0.15000181771611820     
  0.15000181709140220     
  0.15000014156195904     
  0.15000028350901071     
  0.15000036202919995     
  0.15000036267437439     
  0.15000036267725392     
  0.15000185854126719     
  0.15000186732362819     
  0.15000186660926268     
  0.15000005211038953     
  0.15000118519788247     
  0.15000063113420081     
  0.15000056818036597     
  0.15000065479015759     
  0.15000158147508938     
  0.15000064809947139     
  0.15000028282585046     
  0.15000146922134078     
  0.15000165292299186     
  0.15000165283451866     
  0.15000183921301791     
  0.15000183805802114     
  0.15000185224636822     
  0.15000185084214102     
  0.15000015479690801     
  0.15000184454568866     
  0.15000014416752525     
  0.15000061139438184     
  0.15000059437465046     
  0.15000166115296554     
  0.15000045681248103     
  0.15000036643019651     
  0.15000181314236377     
  0.15000186173759822     
  0.15000186085109288     
  0.15000042124850696     
  0.15000064297523624     
  0.15000062155263988     
  0.15000053619496145     
  0.15000176465102119     
  0.15000011965083909     
  0.15000013957307362     
  0.15000177238746754     
  0.15000177242944346     
  0.15000174825826748     
  0.15000174828560900     
  0.15000064863734680     
  0.15000183666726100     
  0.15000183670481895     
  0.15000180932182600     
  0.15000180920033115     
  0.15000184042767284     
  0.15000184027447563     
  0.15000000000000002     
  0.15000024958532424     
  0.15000179004929223     
  0.15000167392041677     
  0.15000167395866926     
  0.15000013737548890     
  0.15000181759880996     
  0.15000181745781793     
  0.15000046681659845     
  0.15000157252311042     
  0.15000157254502486     
  0.15000129183445920     
  0.15000129183897581     
  0.15000065697065038     
  0.15000057406496242     
  0.15000170565370460     
  0.15000151023966879     
  0.15000170568315382     
  0.15000151026741132     
  0.15000026936278613     
  0.15000065306303464     
  0.15000030665227859     
  0.15000094184517387     
  0.15000094185710774     
  0.15000119996898040     
  0.15000119999805428     
  0.15000182487643057     
  0.15000110994707741     
  0.15000110995541538     
  0.15000024485866220     
  0.15000136610274231     
  0.15000136613865578     
  0.15000143911711480     
  0.15000143913934785     
  0.15000079287863124     
  0.15000012696591730     
  0.15000037578942821     
  0.15000022984470407     
  0.15000030476602366     
  0.15000181748620842     
  0.15000101929682838     
  0.15000101932729268     
  0.15000030208058507     
  0.15000046819697196     
  0.15000057613352372     
  0.15000014496513298     
  0.15000061133221923     
  0.15000182135629303     
  0.15000182139650167     
  0.15000028617906386     
  0.15000051725362012     
  0.15000062464892547     
  0.15000014498647143     
  0.15000030082593371     
  0.15000040336568130     
  0.15000040445067805     
  0.15000040445573887     
  0.15000028722202466     
  0.15000037049993076     
  0.15000037155651488     
  0.15000037155998777     
  0.15000013440059706     
  0.15000031513068252     
  0.15000044074120358     
  0.15000044209806629     
  0.15000044210440985     
  0.15000056643519732     
  0.15000033012367867     
  0.15000048340906025     
  0.15000048495221932     
  0.15000048495834883     
  0.15000014444997248     
  0.15000034584147265     
  0.15000053181574405     
  0.15000028117515715     
  0.15000053365872909     
  0.15000053366590041     
  0.15000036209837861     
  0.15000058574604422     
  0.15000058847720679     
  0.15000058848650732     
  0.15000057714325760     
  0.15000051743965870     
  0.15000037906997948     
  0.15000064629742516     
  0.15000064898291612     
  0.15000064899760482     
  0.15000032301940810     
  0.15000039759109415     
  0.15000071564817444     
  0.15000071869007495     
  0.15000071878782728     
  0.15000035080465948     
  0.15000074252151555     
  0.15000075855006095     
  0.15000044804693827     
  0.15000059175655148     
  0.15000057871233163     
  0.15000041980225312     
  0.15000080694947215     
  0.15000080707074384     
  0.15000080277933461     
  0.15000048022219478     
  0.15000091974962815     
  0.15000027547502673     
  0.15000105908752548     
  0.15000032612899503     
  0.15000013968546852     
  0.15000119970910300     
  0.15000056355371169     
  0.15000025528767605     
  0.15000050789855737     
  0.15000052033905439     
  0.15000010856692392     
  0.15000029604862158     
  0.15000058260727045     
  0.15000053654005993     
  0.15000143785724038     
  0.15000132674441571     
  0.15000046275358117     
  0.15000152895695476     
  0.15000059704043142     
  0.15000062415569457     
  0.15000061270027984     
  0.15000034824167979     
  0.15000058075669387     
  0.15000063080078993     
  0.15000032989912612     
  0.15000159232166432     
  0.15000164532539759     
  0.15000072980581358     
  0.15000042201782834     
  0.15000167992098448     
  0.15000063532289815     
  0.15000170460569717     
  0.15000063385650142     
  0.15000063373052983     
  0.15000050348975666     
  0.15000030557859076     
  0.15000027398608143     
  0.15000171570262152     
  0.15000172596367181     
  0.15000062284035010     
  0.15000062956549559     
  0.15000029002927842     
  0.15000050814097460     
  0.15000172235334497     
  0.15000030333271203     
  0.15000171299771828     
  0.15000031846854742     
  0.15000040945485732     
  0.15000169352483006     
  0.15000038419146641     
  0.15000043216500475     
  0.15000077318574143     
  0.15000033622648509     
  0.15000032690883083     
  0.15000011719901554     
  0.15000014818892857     
  0.15000028158009007     
  0.15000013525581654     
  0.15000044197838547     
  0.15000029077154950     
  0.15000037944642294     
  0.15000038038441638     
  0.15000038038967572     
  0.15000051491794530     
  0.15000027546645167     
  0.15000034465167206     
  0.15000034534193199     
  0.15000034534397402     
  0.15000030431713909     
  0.15000041294542563     
  0.15000041401956521     
  0.15000041402433414     
  0.15000049516029670     
  0.15000052106063083     
  0.15000014222123781     
  0.15000036397002553     
  0.15000031863846963     
  0.15000045099852974     
  0.15000045245875662     
  0.15000045246634927     
  0.15000031326025370     
  0.15000038064796625     
  0.15000033359118492     
  0.15000049451030859     
  0.15000049579901018     
  0.15000049580736188     
  0.15000041841578265     
  0.15000047007467862     
  0.15000022041210276     
  0.15000028719609260     
  0.15000034909754473     
  0.15000054304378221     
  0.15000054507561286     
  0.15000054508402927     
  0.15000036543651180     
  0.15000059765100207     
  0.15000060000297746     
  0.15000060001364968     
  0.15000060059838402     
  0.15000022749259864     
  0.15000168843969133     
  0.15000168849045345     
  0.15000166490428582     
  0.15000166494598319     
  0.15000167591422756     
  0.15000167595826391     
  0.15000168231743161     
  0.15000168234488004     
  0.15000038262189996     
  0.15000065972853252     
  0.15000066228282616     
  0.15000066229573528     
  0.15000168501300981     
  0.15000168506555561     
  0.15000035611588208     
  0.15000040228918099     
  0.15000073362619321     
  0.15000073697378544     
  0.15000073692766960     
  0.15000042593796445     
  0.15000167921317933     
  0.15000167925831653     
  0.15000044398488382     
  0.15000045281509555     
  0.15000167216665078     
  0.15000167222097008     
  0.15000045292480238     
  0.15000166149347971     
  0.15000166152385402     
  0.15000161481113430     
  0.15000161484232685     
  0.15000082903177156     
  0.15000168015124912     
  0.15000168019581184     
  0.15000048128112600     
  0.15000164705050312     
  0.15000164710209163     
  0.15000163089785984     
  0.15000163094486044     
  0.15000094621306337     
  0.15000158961363766     
  0.15000158967877789     
  0.15000084103389993     
  0.15000084105386427     
  0.15000153127000462     
  0.15000153130203200     
  0.15000156097095718     
  0.15000156100002301     
  0.15000149142182129     
  0.15000149148076874     
  0.15000107347398425     
  0.15000059190037851     
  0.15000144634706825     
  0.15000144637410054     
  0.15000050780272153     
  0.15000053346011108     
  0.15000058977352962     
  0.15000026834416577     
  0.15000139515336780     
  0.15000139520238939     
  0.15000055639344112     
  0.15000119719425334     
  0.15000051390390548     
  0.15000127796178309     
  0.15000127799442359     
  0.15000133819119865     
  0.15000133822885869     
  0.15000121057974133     
  0.15000121061710295     
  0.15000130689026239     
  0.15000113895684775     
  0.15000113898012885     
  0.15000025551320489     
  0.15000057238039313     
  0.15000057598948421     
  0.15000106275240147     
  0.15000106280161352     
  0.15000031002640721     
  0.15000011625291956     
  0.15000098730828496     
  0.15000098732488507     
  0.15000139864958048     
  0.15000058651166900     
  0.15000091504846305     
  0.15000091507185959     
  0.15000147306608191     
  0.15000060037413457     
  0.15000055329798959     
  0.15000052857233184     
  0.15000024474861265     
  0.15000152857736362     
  0.15000060779926422     
  0.15000051624260730     
  0.15000061255616590     
  0.15000156807848447     
  0.15000061644024063     
  0.15000159721333570     
  0.15000029943641885     
  0.15000061409786583     
  0.15000161649562582     
  0.15000028329449641     
  0.15000060803017121     
  0.15000061232854683     
  0.15000026814314821     
  0.15000025366870551     
  0.15000162619002336     
  0.15000162786669155     
  0.15000060136730353     
  0.15000074816451217     
  0.15000019792466446     
  0.15000162271885933     
  0.15000052999888019     
  0.15000070637038324     
  0.15000057693715138     
  0.15000054145389297     
  0.15000029593823680     
  0.15000160828025721     
  0.15000046245987869     
  0.15000158216860196     
  0.15000058934127133     
  0.15000029447881277     
  0.14999999999999999     
  0.15000026364687261     
  0.15000058133335453     
  0.15000037217416906     
  0.15000028140662988     
  0.15000035811398191     
  0.15000035896799813     
  0.15000035897137623     
  0.15000029421326982     
  0.15000038811848512     
  0.15000038900734325     
  0.15000038900974338     
  0.15000026939181288     
  0.15000030776718881     
  0.15000042226503046     
  0.15000042335220778     
  0.15000042335779248     
  0.15000033237065352     
  0.15000046014608043     
  0.15000032204204636     
  0.15000046104566306     
  0.15000046221021057     
  0.15000046221553381     
  0.15000033701126286     
  0.15000038925824366     
  0.15000024484369845     
  0.15000028494969259     
  0.15000028548186431     
  0.15000028548304473     
  0.15000033686752834     
  0.15000050474356177     
  0.15000050642264606     
  0.15000050643059956     
  0.15000040927018110     
  0.14999999999999997     
  0.15000010285605761     
  0.15000010970561001     
  0.15000011590601267     
  0.15000011820580489     
  0.15000011822893627     
  0.15000011823170034     
  0.15000028653727132     
  0.15000035233529688     
  0.15000055390810929     
  0.15000055602879886     
  0.15000055604108142     
  0.15000058340032338     
  0.15000039141306498     
  0.15000041774720344     
  0.15000030685709800     
  0.15000046090516664     
  0.15000036858450394     
  0.15000060966517728     
  0.15000069573330307     
  0.15000061159794589     
  0.15000061161095268     
  0.15000011746362876     
  0.15000011863362975     
  0.15000038679735717     
  0.15000067401581829     
  0.15000067726224120     
  0.15000067731897823     
  0.15000054179251734     
  0.15000071392621142     
  0.15000040729943745     
  0.15000043094429286     
  0.15000075678404842     
  0.15000075681714434     
  0.15000075392452517     
  0.15000054907657270     
  0.15000050455870317     
  0.15000045708789905     
  0.15000085147740530     
  0.15000036394987057     
  0.15000017411673242     
  0.15000000000000002     
  0.15000010582409393     
  0.15000011884712708     
  0.15000012130075224     
  0.15000012133011284     
  0.15000012133022372     
  0.15000096382449521     
  0.15000048309561126     
  0.15000054508796482     
  0.15000032502554658     
  0.15000050749620281     
  0.15000107928211262     
  0.15000035615561239     
  0.15000052944771958     
  0.15000027673863975     
  0.15000118795117845     
  0.15000073133423336     
  0.15000040706782483     
  0.15000054702073085     
  0.15000038346821792     
  0.15000128044767960     
  0.15000056303040232     
  0.15000032379645692     
  0.15000057796551916     
  0.15000135716139404     
  0.15000057556209603     
  0.15000031485940851     
  0.14999999999999997     
  0.15000011344921443     
  0.15000012809267391     
  0.15000013085326269     
  0.15000013088669345     
  0.15000013088687830     
  0.15000058609132544     
  0.15000141795596586     
  0.15000059219312004     
  0.15000146308238088     
  0.15000054430137352     
  0.15000053229267404     
  0.15000059580488892     
  0.15000034128350714     
  0.15000027499766655     
  0.15000040350745161     
  0.15000149563931997     
  0.15000059675706315     
  0.15000151812627718     
  0.15000056749137899     
  0.15000059582934774     
  0.15000046358324520     
  0.15000040548671481     
  0.15000153168943897     
  0.15000059215346681     
  0.15000000000000002     
  0.15000012728398948     
  0.15000014375378323     
  0.15000014775521128     
  0.15000014779378229     
  0.15000014779401985     
  0.15000048766401139     
  0.15000029886528096     
  0.15000153766643357     
  0.15000058650012749     
  0.15000153575229044     
  0.15000152548552928     
  0.15000028313277575     
  0.15000150696962988     
  0.14999999999999997     
  0.15000014711817977     
  0.15000016749190717     
  0.15000017443966659     
  0.15000017448197137     
  0.15000017448217931     
  0.15000054571973315     
  0.15000053856485582     
  0.15000149978126268     
  0.15000149983373787     
  0.15000029275167556     
  0.15000151069110326     
  0.15000151073765650     
  0.15000151900720765     
  0.15000151903409073     
  0.15000152413869855     
  0.15000152419469889     
  0.15000055995675773     
  0.15000152640232425     
  0.15000152642914569     
  0.15000038121834247     
  0.15000039694864065     
  0.15000152679948972     
  0.15000152683174467     
  0.15000152346384363     
  0.15000152351541318     
  0.15000028464480583     
  0.15000036591430435     
  0.15000036674842135     
  0.15000036675214165     
  0.15000151757969182     
  0.15000151760695962     
  0.15000150951183625     
  0.15000150955620828     
  0.15000029035536774     
  0.15000149829196296     
  0.15000149835092152     
  0.15000029748799015     
  0.15000039643854909     
  0.15000039759561876     
  0.15000039760129297     
  0.15000044280591579     
  0.15000148466006177     
  0.15000148470437011     
  0.15000146913117843     
  0.15000146915298715     
  0.15000144916414443     
  0.15000144921328734     
  0.15000000000000002     
  0.15000017217521583     
  0.15000049421628958     
  0.15000020081948290     
  0.15000021649453266     
  0.15000021669317254     
  0.15000021669364197     
  0.15000038695796011     
  0.15000142616802545     
  0.15000142619119919     
  0.15000031103464723     
  0.15000043128679252     
  0.15000043250094200     
  0.15000043250425951     
  0.15000139829959278     
  0.15000139834034204     
  0.15000033028164764     
  0.15000136644111481     
  0.15000136647854675     
  0.15000052673919229     
  0.15000132896414620     
  0.15000132902528118     
  0.15000032520408096     
  0.15000047042086853     
  0.15000047212639081     
  0.15000047213144876     
  0.15000054245353323     
  0.15000128762819132     
  0.15000128765592621     
  0.15000048580010986     
  0.15000124021502603     
  0.15000124024637052     
  0.15000033983129379     
  0.15000118858314662     
  0.15000118861735395     
  0.15000033986713701     
  0.15000051448978241     
  0.15000051666915454     
  0.15000051667611097     
  0.15000113258195863     
  0.15000113259737327     
  0.15000107241685334     
  0.15000107246727945     
  0.15000101037310321     
  0.15000101039435604     
  0.15000035551637617     
  0.15000056436148371     
  0.15000056680828522     
  0.15000056681328577     
  0.15000094608103126     
  0.15000094611378603     
  0.15000027124541765     
  0.15000033649166702     
  0.15000033709403107     
  0.15000033709829302     
  0.15000035163927664     
  0.15000088343721177     
  0.15000088344793808     
  0.15000082421989105     
  0.15000082424773251     
  0.15000026573920339     
  0.15000037224732937     
  0.15000062166768929     
  0.15000062411708692     
  0.15000062413021825     
  0.15000046585947463     
  0.14999999999999997     
  0.15000020242616430     
  0.15000039088175843     
  0.15000068927124008     
  0.15000069276091524     
  0.15000069282713246     
  0.15000077329621089     
  0.15000077330751646     
  0.15000056591429267     
  0.15000045661714076     
  0.15000041158598570     
  0.15000000000000002     
  0.15000027116901621     
  0.15000042248215545     
  0.15000043466819127     
  0.15000066326280867     
  0.15000077191465702     
  0.15000042156541679     
  0.15000047223395707     
  0.15000045931992823     
  0.15000030350658716     
  0.15000086976189286     
  0.15000048270858096     
  0.15000071417354399     
  0.15000097364699067     
  0.15000050487251840     
  0.15000107564795051     
  0.15000052450040088     
  0.15000041123527980     
  0.15000116862537954     
  0.15000054006145908     
  0.15000124756535613     
  0.15000055366295492     
  0.15000056579179416     
  0.15000131189008917     
  0.15000031114664161     
  0.15000057285301877     
  0.15000136219116020     
  0.15000057820553245     
  0.15000139915349070     
  0.15000058062408320     
  0.15000052258780686     
  0.15000044127772943     
  0.15000142552150345     
  0.15000030098709935     
  0.15000058025393218     
  0.15000144225903925     
  0.15000057717128601     
  0.15000145215743169     
  0.15000057298015512     
  0.15000066534237022     
  0.15000034393205625     
  0.15000056224953578     
  0.15000145370428677     
  0.15000056679320534     
  0.15000033221485942     
  0.14999999999999997     
  0.15000027916956785     
  0.15000029984159580     
  0.15000025980192988     
  0.15000031305763725     
  0.15000031364131799     
  0.15000031364479430     
  0.15000144826959641     
  0.15000033965159590     
  0.15000143423815099     
  0.15000012255460293     
  0.15000141138674286     
  0.15000055185825073     
  0.15000068620076362     
  0.15000031973978989     
  0.15000027563328142     
  0.15000034596325865     
  0.15000034679043531     
  0.15000034679421692     
  0.14999999999999997     
  0.15000023111697711     
  0.14999999999999997     
  0.15000027988775699     
  0.15000028781550384     
  0.15000037353744208     
  0.15000037447190803     
  0.15000037447444425     
  0.15000050641551171     
  0.15000055557188111     
  0.15000030064568112     
  0.15000040476710930     
  0.15000040582268606     
  0.15000040582461308     
  0.14999999999999999     
  0.15000028606806784     
  0.15000031416438606     
  0.15000043979299024     
  0.15000044138609944     
  0.15000044139031393     
  0.15000027915968547     
  0.15000032817152806     
  0.15000047974446026     
  0.15000048119597081     
  0.15000048120244588     
  0.15000049089360878     
  0.15000034288698222     
  0.15000052445599066     
  0.15000052624309862     
  0.15000052624797633     
  0.15000028683435349     
  0.15000025706746412     
  0.15000035866610834     
  0.15000057533179256     
  0.15000057732033023     
  0.15000057733234196     
  0.15000037585857906     
  0.15000063437785813     
  0.15000063725667223     
  0.15000063724940993     
  0.15000067007220153     
  0.15000039466316853     
  0.15000054450550115     
  0.15000070492400980     
  0.15000041513865192     
  0.15000043771516297     
  0.15000078862731300     
  0.15000000000000002     
  0.15000028774595367     
  0.15000046065798792     
  0.15000088143105419     
  0.15000048212940845     
  0.15000027771343100     
  0.15000029667259462     
  0.15000097621367448     
  0.15000050095555137     
  0.15000106545409700     
  0.15000043606172306     
  0.15000051786931878     
  0.15000031351455270     
  0.15000114460240832     
  0.15000035004819803     
  0.15000053243432401     
  0.15000036324386246     
  0.15000050565372303     
  0.15000053331302124     
  0.15000038753811862     
  0.15000121160063423     
  0.15000054478242750     
  0.15000054807156368     
  0.15000053063387167     
  0.15000019799741690     
  0.15000055384762861     
  0.15000126504561778     
  0.15000031699378411     
  0.15000047507596570     
  0.15000043890722733     
  0.15000017846069891     
  0.15000055946807897     
  0.15000130572653195     
  0.15000031618697218     
  0.15000056341055062     
  0.15000133570650723     
  0.15000056477706561     
  0.15000039299569512     
  0.15000064426275905     
  0.15000135657802127     
  0.15000070452043676     
  0.15000070454609241     
  0.15000056341026433     
  0.15000136442064549     
  0.15000136445545362     
  0.15000033972790885     
  0.15000032630181756     
  0.15000137436785774     
  0.15000137439903999     
  0.15000037737281158     
  0.15000136942336498     
  0.15000138052002984     
  0.15000138054212059     
  0.15000029264278258     
  0.15000055999933290     
  0.15000138394127810     
  0.15000138399066146     
  0.15000138482573630     
  0.15000138485064557     
  0.15000033009249633     
  0.15000138363822155     
  0.15000138367770346     
  0.15000137426176977     
  0.15000055552135605     
  0.15000053949222403     
  0.15000137994748744     
  0.15000137999997357     
  0.15000137357602336     
  0.15000137361429056     
  0.15000031983241410     
  0.15000043673740862     
  0.15000136619389154     
  0.15000136622190999     
  0.15000024248360236     
  0.15000137284535714     
  0.15000135408640899     
  0.15000135411092955     
  0.15000030615636034     
  0.15000046659543981     
  0.15000134024170800     
  0.15000134027421000     
  0.15000030294878300     
  0.15000132355501333     
  0.15000132358853965     
  0.15000136324842728     
  0.15000130371042458     
  0.15000130376218079     
  0.15000128081993133     
  0.15000128085305245     
  0.15000125411324727     
  0.15000125412979817     
  0.15000034246252808     
  0.15000134570000295     
  0.15000122363996704     
  0.15000122367938548     
  0.15000118791630543     
  0.15000118794052814     
  0.15000114811536339     
  0.15000114814604962     
  0.15000053507876382     
  0.15000110561686070     
  0.15000110563430505     
  0.15000105850718271     
  0.15000105854249174     
  0.15000100918199979     
  0.15000100920538609     
  0.15000054293007092     
  0.15000027797797963     
  0.15000095617623574     
  0.15000095620712520     
  0.15000074709215513     
  0.15000074711292508     
  0.15000090217148246     
  0.15000090218582499     
  0.15000051584409232     
  0.15000079501296584     
  0.15000079502787289     
  0.15000067490075183     
  0.15000084784178558     
  0.15000084786957632     
  0.15000043574132330     
  0.15000067410899368     
  0.15000018288159658     
  0.15000027861049786     
  0.15000035298406283     
  0.15000035374214579     
  0.15000035374443954     
  0.15000035420894658     
  0.15000030307325815     
  0.15000043396011575     
  0.15000041799857353     
  0.15000031329208169     
  0.15000047180785456     
  0.15000026911595951     
  0.15000029082890018     
  0.15000038114113343     
  0.15000038181552214     
  0.15000038182045730     
  0.15000040716281648     
  0.15000030363676728     
  0.15000041268850153     
  0.15000041384469637     
  0.15000041384884627     
  0.15000052138247441     
  0.15000031705364228     
  0.15000044847987856     
  0.15000044955530678     
  0.15000044956315772     
  0.15000053534060617     
  0.15000034694312392     
  0.15000033101062701     
  0.15000048862676296     
  0.15000048996291207     
  0.15000048997473114     
  0.15000053183981901     
  0.15000029306174434     
  0.15000042579826495     
  0.15000050466487308     
  0.15000034580619870     
  0.15000053403713975     
  0.15000053561697360     
  0.15000053563094229     
  0.15000063185741852     
  0.15000034785198871     
  0.15000012328291931     
  0.15000036165114183     
  0.15000058591341150     
  0.15000058815200326     
  0.15000058816427614     
  0.15000026455954121     
  0.15000032318144066     
  0.15000032383637782     
  0.15000032383762285     
  0.15000037962944612     
  0.15000064682323916     
  0.15000064946694969     
  0.15000064945192884     
  0.15000025345277157     
  0.15000039770237919     
  0.15000041829033980     
  0.15000071859408778     
  0.15000039598129969     
  0.15000043953222811     
  0.15000079978014122     
  0.15000028145879626     
  0.15000037689568477     
  0.15000037255900350     
  0.15000046060337871     
  0.15000046283868254     
  0.15000088637243153     
  0.15000047949802875     
  0.15000097145188762     
  0.15000049716961433     
  0.15000053119799278     
  0.15000104924883473     
  0.15000051232587505     
  0.15000044956871419     
  0.15000023369289356     
  0.15000111726997228     
  0.15000052448370621     
  0.15000041997281460     
  0.15000037531854987     
  0.15000053492628274     
  0.15000117331945576     
  0.15000026283086623     
  0.15000044649985642     
  0.15000054128737869     
  0.15000121813637693     
  0.15000000000000002     
  0.15000028575401922     
  0.15000054703639706     
  0.15000125093912950     
  0.15000054980711924     
  0.14999999999999997     
  0.15000025209202345     
  0.15000025610387591     
  0.15000127545740077     
  0.15000033986234107     
  0.15000054973232504     
  0.15000042060309887     
  0.15000047276980708     
  0.15000049227715681     
  0.15000129090619291     
  0.15000054767522025     
  0.15000049896947612     
  0.15000130000078954     
  0.15000054324713241     
  0.15000050560006062     
  0.15000130133715375     
  0.15000053688410081     
  0.15000050388539601     
  0.15000129588617447     
  0.15000022827984388     
  0.15000028486083145     
  0.15000128249462599     
  0.15000051498057781     
  0.15000024741357476     
  0.15000050057575723     
  0.15000126157262467     
  0.15000041492043198     
  0.15000027088479539     
  0.15000027008999642     
  0.15000033485801686     
  0.15000033555642051     
  0.15000033555929268     
  0.15000012851439626     
  0.15000045573107554     
  0.15000029450096344     
  0.15000053194055610     
  0.15000028153980063     
  0.15000035974251574     
  0.15000036057128061     
  0.15000036057541447     
  0.15000032772664992     
  0.15000046321817900     
  0.15000029367285311     
  0.15000038828624176     
  0.15000038914866054     
  0.15000038915581512     
  0.15000046524391514     
  0.15000029966284703     
  0.15000030646313051     
  0.15000042035987529     
  0.15000042147330986     
  0.15000042147832524     
  0.15000031983401130     
  0.15000045646631299     
  0.15000045782564014     
  0.15000045783375507     
  0.15000033380046077     
  0.15000049689323477     
  0.15000049892257103     
  0.15000049892818385     
  0.15000045081750074     
  0.15000025546534826     
  0.15000034864457376     
  0.15000054306033381     
  0.15000054532504814     
  0.15000054532936777     
  0.15000024226071931     
  0.15000036501341829     
  0.15000059672638141     
  0.15000059914025207     
  0.15000059912815911     
  0.15000062842453579     
  0.15000034066870449     
  0.15000038199879279     
  0.15000028325185905     
  0.15000065869218615     
  0.15000040074915671     
  0.15000033038807689     
  0.15000061572818255     
  0.15000029658185990     
  0.15000030689708055     
  0.15000042074092099     
  0.15000072958551974     
  0.15000044394331069     
  0.15000064131072186     
  0.15000046948590157     
  0.15000046436458900     
  0.15000044072054117     
  0.15000038921186742     
  0.15000080667431284     
  0.15000045945665230     
  0.15000123386505768     
  0.15000123389295206     
  0.15000088566278491     
  0.15000065192061351     
  0.15000065202234289     
  0.15000124402274065     
  0.15000124405544385     
  0.15000047709659059     
  0.15000028112869951     
  0.15000125146922846     
  0.15000125150281210     
  0.15000050320201805     
  0.15000125649020582     
  0.15000125651127594     
  0.15000096128666190     
  0.15000052020461407     
  0.15000125920846255     
  0.15000125925103172     
  0.15000049229302159     
  0.15000125960226987     
  0.15000125962113769     
  0.15000032262046539     
  0.15000046021594388     
  0.15000125728447261     
  0.15000125731400779     
  0.15000102843541260     
  0.15000050541059043     
  0.15000125253255725     
  0.15000125257721772     
  0.15000124590660785     
  0.15000124592699832     
  0.15000123696188997     
  0.15000123699183476     
  0.15000108637954584     
  0.15000051668922570     
  0.15000122543274197     
  0.15000122547469047     
  0.15000121158644270     
  0.15000121160698177     
  0.15000025791606067     
  0.15000119573091242     
  0.15000119575371346     
  0.15000052520630605     
  0.15000113283102001     
  0.15000039914899682     
  0.15000117515907394     
  0.15000117519099931     
  0.15000030414899787     
  0.15000115276645778     
  0.15000115280521184     
  0.15000047837031036     
  0.15000053094673166     
  0.15000112678694263     
  0.15000112680320435     
  0.15000116980293718     
  0.15000109725342933     
  0.15000109729590883     
  0.15000068095716118     
  0.15000068097758093     
  0.15000106467372035     
  0.15000106469020874     
  0.15000053452675005     
  0.15000047154984067     
  0.15000102847846494     
  0.15000102850898717     
  0.15000060581062571     
  0.15000119696342057     
  0.15000098982871674     
  0.15000098984044322     
  0.15000094724239463     
  0.15000094726361737     
  0.15000053578966796     
  0.15000090292919427     
  0.15000090294528926     
  0.15000021317471926     
  0.15000121568881850     
  0.15000085776322478     
  0.15000085778540440     
  0.15000050876742438     
  0.15000032206154731     
  0.15000053498200117     
  0.15000072060728201     
  0.15000072061280212     
  0.15000081070101604     
  0.15000081070662838     
  0.15000122729730478     
  0.15000076485653649     
  0.15000076487004663     
  0.15000053171467756     
  0.15000052118192742     
  0.15000038042772645     
  0.15000123243132674     
  0.15000052679356074     
  0.15000031296596639     
  0.15000049358435610     
  0.15000027232215193     
  0.15000048336147750     
  0.15000037812254638     
  0.15000123042270150     
  0.15000042162534460     
  0.15000122154214091     
  0.15000063143830533     
  0.15000021499871879     
  0.15000041104380982     
  0.15000028581714558     
  0.15000120582717263     
  0.15000031418170195     
  0.15000039534078816     
  0.15000044874242963     
  0.15000027315820638     
  0.15000034169920293     
  0.15000034235207668     
  0.15000034235617429     
  0.15000042304899228     
  0.15000029822285013     
  0.15000026716446416     
  0.15000026264946612     
  0.15000031975380515     
  0.15000032048272033     
  0.15000032048595802     
  0.15000039627501160     
  0.15000050401943579     
  0.15000051074520609     
  0.15000046036306477     
  0.15000019123648065     
  0.15000040066441586     
  0.15000028423941303     
  0.15000036638221115     
  0.15000036710447881     
  0.15000036710767389     
  0.15000040593287139     
  0.15000049902170282     
  0.15000051416663246     
  0.15000051905310927     
  0.15000029641501714     
  0.15000039518134775     
  0.15000039631533429     
  0.15000039631943446     
  0.15000035535926481     
  0.15000005068908598     
  0.15000030914624579     
  0.15000042779263059     
  0.15000042883031919     
  0.15000042883609882     
  0.15000022384000158     
  0.15000032242912467     
  0.15000046403684522     
  0.15000046576154427     
  0.15000046576705070     
  0.15000050126232520     
  0.15000011644738778     
  0.15000034600822784     
  0.15000033648494770     
  0.15000050530512696     
  0.15000050716465790     
  0.15000050717211752     
  0.15000035146493229     
  0.15000055228565629     
  0.15000055432513434     
  0.15000055433276763     
  0.15000036802244152     
  0.15000060670601226     
  0.15000060910529533     
  0.15000060908893503     
  0.15000051512653406     
  0.15000027440547006     
  0.15000038716597577     
  0.15000038465956778     
  0.15000050492840539     
  0.15000040304794895     
  0.15000066838832815     
  0.15000025538078429     
  0.15000030549633805     
  0.15000030617727761     
  0.15000030617855326     
  0.15000042176389333     
  0.15000073744173856     
  0.15000044051866704     
  0.15000080937304372     
  0.15000035355422642     
  0.15000050702145976     
  0.15000045757329963     
  0.15000026710925360     
  0.15000032905214047     
  0.15000032952655162     
  0.15000032952859849     
  0.15000020745682371     
  0.15000088049143429     
  0.15000011516473752     
  0.15000047338264810     
  0.15000011631826457     
  0.15000094642039866     
  0.15000035633228992     
  0.15000048701097857     
  0.14999999999999997     
  0.15000010169220221     
  0.15000011444845154     
  0.15000011676099467     
  0.15000011679593284     
  0.15000011679427130     
  0.15000100522057699     
  0.15000049827349862     
  0.15000031823810847     
  0.15000011580752501     
  0.15000048464151650     
  0.15000050765628795     
  0.15000105372456407     
  0.15000051451480576     
  0.15000109285133006     
  0.15000051914906765     
  0.15000112252333014     
  0.15000052172561695     
  0.15000114473060985     
  0.15000028913551891     
  0.14999999999999997     
  0.15000010676646250     
  0.15000052163281286     
  0.15000012025084519     
  0.15000012274928470     
  0.15000012276932667     
  0.15000012276938524     
  0.15000115934583710     
  0.15000052016096027     
  0.15000116688749332     
  0.15000051561070576     
  0.15000023599952425     
  0.15000116790614776     
  0.15000050994068884     
  0.15000058584704531     
  0.15000027319934736     
  0.15000116289776066     
  0.15000022989877060     
  0.15000047329103050     
  0.15000115095129443     
  0.15000049037464191     
  0.14999999999999997     
  0.15000011700565133     
  0.15000013197347015     
  0.15000013513741831     
  0.15000013516609520     
  0.15000013516618113     
  0.15000113149049082     
  0.15000024884603802     
  0.15000049875412108     
  0.15000044400401050     
  0.15000000000000002     
  0.15000013301544743     
  0.15000027541316416     
  0.15000034678577676     
  0.15000034750163460     
  0.15000034750480787     
  0.15000015056808491     
  0.15000015526042043     
  0.15000015527582403     
  0.15000015527604871     
  0.15000024965965786     
  0.15000042620466758     
  0.15000028690267042     
  0.15000037261530977     
  0.15000037361688026     
  0.15000037362136906     
  0.15000033104029745     
  0.15000050282111194     
  0.15000029901277148     
  0.15000040207778459     
  0.15000040284403351     
  0.15000040284782792     
  0.15000111731998728     
  0.15000111734908750     
  0.15000112840023713     
  0.15000112843733571     
  0.15000113700880496     
  0.15000113703332607     
  0.15000031167800121     
  0.15000043470486618     
  0.15000043615946107     
  0.15000043616591718     
  0.15000025742399192     
  0.15000114301590278     
  0.15000114303041134     
  0.15000114653918942     
  0.15000114657642630     
  0.15000114751222651     
  0.15000114753049687     
  0.15000032502816224     
  0.15000047161453672     
  0.15000047320357232     
  0.15000047321031224     
  0.15000114679799453     
  0.15000114683838497     
  0.14999999999999997     
  0.15000015436193739     
  0.15000017701639207     
  0.15000018599876969     
  0.15000018606421853     
  0.15000018606461155     
  0.15000041341686876     
  0.15000114401210901     
  0.15000114403159914     
  0.15000026121473242     
  0.15000113928986802     
  0.15000113932505846     
  0.15000033902110319     
  0.15000051338148696     
  0.15000051504157691     
  0.15000051504611245     
  0.15000030042750614     
  0.15000113184028643     
  0.15000113185660083     
  0.15000021641111344     
  0.15000023920347641     
  0.15000023935969253     
  0.15000023936065218     
  0.15000035416318697     
  0.15000056148863636     
  0.15000056311874546     
  0.15000056316763902     
  0.15000112283988326     
  0.15000112286522008     
  0.15000111105814970     
  0.15000111109916472     
  0.15000058918123124     
  0.15000109705620485     
  0.15000109707236753     
  0.15000037012701903     
  0.15000060305434124     
  0.15000108094872425     
  0.15000108097443049     
  0.15000061563020459     
  0.15000038694948334     
  0.15000060076297128     
  0.15000106176829922     
  0.15000106180485134     
  0.15000038885726533     
  0.15000032788326867     
  0.15000104034750969     
  0.15000104036338935     
  0.15000061846970317     
  0.15000061849361918     
  0.15000101570642549     
  0.15000101572718505     
  0.15000040456385616     
  0.15000067589433425     
  0.15000098782532573     
  0.15000098785545479     
  0.15000095737620656     
  0.15000095738906541     
  0.15000042244630774     
  0.15000092434358131     
  0.15000092436351875     
  0.15000074118521220     
  0.15000088889446703     
  0.15000088891404190     
  0.15000028752091024     
  0.15000036569775693     
  0.15000085169338709     
  0.15000085171197830     
  0.15000000000000002     
  0.15000018100589196     
  0.15000043959087733     
  0.15000081277230931     
  0.15000081279577721     
  0.15000080743685187     
  0.15000077371594001     
  0.15000077373983783     
  0.15000065653573605     
  0.15000065654398345     
  0.15000027999656870     
  0.15000045505879753     
  0.15000069406811378     
  0.15000069408645231     
  0.15000073273381084     
  0.15000073274938236     
  0.15000087096023748     
  0.15000049828100340     
  0.15000026095270760     
  0.15000046907566894     
  0.15000092793778635     
  0.15000048117506737     
  0.15000038090016074     
  0.15000097784041300     
  0.15000049107607313     
  0.15000048038453773     
  0.15000049903129878     
  0.15000101913916083     
  0.15000024093564215     
  0.15000027920027723     
  0.15000027951493775     
  0.15000027951678124     
  0.14999999999999997     
  0.15000020970855177     
  0.15000050460652947     
  0.15000031355088853     
  0.15000105126607477     
  0.15000048032882077     
  0.15000050782841193     
  0.15000056887737484     
  0.15000043564228646     
  0.15000107604309912     
  0.15000047245871478     
  0.15000027105869415     
  0.15000050902146517     
  0.15000026086829071     
  0.15000031677276451     
  0.15000031722520088     
  0.15000031722798687     
  0.15000026599595628     
  0.15000109342922119     
  0.15000030130464928     
  0.15000050845271162     
  0.15000027868805557     
  0.15000110406088554     
  0.15000050544985305     
  0.15000027254170037     
  0.15000110810676823     
  0.15000050082203734     
  0.15000041368892636     
  0.15000043764649243     
  0.15000010968796645     
  0.15000029568813794     
  0.15000037941491101     
  0.15000029288674405     
  0.15000041824118454     
  0.15000110670076838     
  0.15000031277860482     
  0.15000025626377439     
  0.15000030771016479     
  0.15000030812819476     
  0.15000030813167400     
  0.15000036612294862     
  0.15000042094353910     
  0.15000109864584640     
  0.15000049684552222     
  0.15000108382599220     
  0.15000045591773339     
  0.15000030072289672     
  0.15000049173372138     
  0.15000039701623269     
  0.15000026639892972     
  0.15000032785481729     
  0.15000032857969706     
  0.15000032858285778     
  0.15000025792702004     
  0.15000032103951158     
  0.15000025329921621     
  0.15000029117104977     
  0.15000048926225562     
  0.15000047566101635     
  0.15000030387753158     
  0.15000027785281167     
  0.15000035244641213     
  0.15000035318044963     
  0.15000035318379235     
  0.15000015328827257     
  0.15000046546378076     
  0.15000040594222228     
  0.15000028934466419     
  0.15000037896519797     
  0.15000037968415261     
  0.15000037968849267     
  0.15000043944625738     
  0.15000030143003248     
  0.15000040843624668     
  0.15000040948582513     
  0.15000040949135043     
  0.15000025084241816     
  0.15000031402634098     
  0.15000044160433612     
  0.15000044267820015     
  0.15000044268565321     
  0.15000035015329324     
  0.15000030808454423     
  0.15000032732693652     
  0.15000047869698022     
  0.15000048036341532     
  0.15000048036667951     
  0.15000035881565105     
  0.15000034141647509     
  0.15000052086912319     
  0.15000052256309221     
  0.15000052257210109     
  0.15000055642566912     
  0.15000035647559753     
  0.15000056888639030     
  0.15000057100104444     
  0.15000057099177072     
  0.15000037209405187     
  0.15000041513919171     
  0.15000038877382152     
  0.15000062238909534     
  0.15000040553188548     
  0.15000068066043884     
  0.15000026222949855     
  0.15000036565537889     
  0.15000042205805342     
  0.15000048779860609     
  0.15000074153994561     
  0.15000043762468221     
  0.15000046153220911     
  0.15000080211714958     
  0.15000045150036337     
  0.15000047915852574     
  0.15000085781432448     
  0.15000042479385611     
  0.15000046434323588     
  0.15000023652418198     
  0.15000036380902762     
  0.15000040522449304     
  0.15000044259292705     
  0.15000090734171154     
  0.15000047474335351     
  0.15000044806167043     
  0.15000027047815445     
  0.15000024160135728     
  0.15000048333078245     
  0.15000094955038662     
  0.15000020493538149     
  0.15000048973668281     
  0.15000040858541058     
  0.15000098436035614     
  0.15000039715215807     
  0.15000024970285544     
  0.15000048213799352     
  0.15000027915822489     
  0.15000049391012860     
  0.15000101126604337     
  0.15000049610025526     
  0.15000048440540964     
  0.15000103053480085     
  0.15000033551159017     
  0.15000044689496742     
  0.15000049647633981     
  0.15000047708439185     
  0.15000104349561047     
  0.15000036195767952     
  0.15000049475436883     
  0.15000046996293551     
  0.15000043805012095     
  0.15000039634757570     
  0.15000105071585476     
  0.15000049094318532     
  0.15000057361953759     
  0.15000105180838602     
  0.15000042495868945     
  0.15000048511065722     
  0.15000034130083365     
  0.15000104707925946     
  0.15000047793043847     
  0.15000038707023428     
  0.15000103622736155     
  0.15000101463800722     
  0.15000101884556427     
  0.15000102516623393     
  0.15000102520355060     
  0.15000026147400738     
  0.15000103429668840     
  0.15000103431287154     
  0.15000104077685231     
  0.15000104080374110     
  0.15000104530499145     
  0.15000104534076145     
  0.15000045814627136     
  0.15000028651586111     
  0.15000104782469162     
  0.15000104784966109     
  0.15000046362510006     
  0.15000104820819604     
  0.15000104822438703     
  0.15000024559688538     
  0.15000104731245087     
  0.15000104733246866     
  0.15000029177259622     
  0.15000104322973079     
  0.15000104325510288     
  0.15000025020097210     
  0.15000103760674721     
  0.15000103764012257     
  0.15000040948936602     
  0.15000103021495118     
  0.15000103022986591     
  0.15000102097644083     
  0.15000102100117960     
  0.15000025472572506     
  0.15000030494935074     
  0.15000030543472356     
  0.15000030543745277     
  0.15000011161737239     
  0.15000024482764643     
  0.15000100974172331     
  0.15000100977057632     
  0.15000040179076651     
  0.15000099553566418     
  0.15000099555000779     
  0.15000097988412006     
  0.15000097990542849     
  0.15000096149089634     
  0.15000096151284945     
  0.15000026928188745     
  0.15000033417296796     
  0.15000033481386860     
  0.15000033481680947     
  0.15000094042176537     
  0.15000094045420273     
  0.15000091754228465     
  0.15000091755323175     
  0.15000013909075738     
  0.15000000000000002     
  0.15000023485650082     
  0.15000089180039658     
  0.15000089182661319     
  0.15000028022300854     
  0.15000035809040738     
  0.15000035885494831     
  0.15000035885867763     
  0.15000045081524715     
  0.14999999999999997     
  0.15000025614114412     
  0.15000086442786126     
  0.15000086444449426     
  0.15000083448313906     
  0.15000083450119508     
  0.15000080265736898     
  0.15000080266710708     
  0.15000029173252236     
  0.15000038478777442     
  0.15000038564199195     
  0.15000038564439544     
  0.15000076948904645     
  0.15000076950519092     
  0.15000036326412802     
  0.15000043910199032     
  0.15000073536793529     
  0.15000073538654279     
  0.15000070126603063     
  0.15000070128020479     
  0.15000030374613207     
  0.15000041458368041     
  0.15000041568732536     
  0.15000041569478675     
  0.15000029338632132     
  0.15000066694353953     
  0.15000066695118294     
  0.15000060236818769     
  0.15000060237865395     
  0.15000063359836568     
  0.15000063360790575     
  0.15000031633552444     
  0.15000044780503816     
  0.15000044939516186     
  0.15000044939763174     
  0.15000040286359617     
  0.15000057384128387     
  0.15000057380945100     
  0.15000032966606533     
  0.15000048543366806     
  0.15000048697378685     
  0.15000048698401738     
  0.15000034370130821     
  0.15000052831249991     
  0.15000052994458893     
  0.15000052991060184     
  0.15000056405329570     
  0.15000055270867088     
  0.15000035846505111     
  0.15000057553392482     
  0.15000037402346500     
  0.15000024825596614     
  0.15000029282344646     
  0.15000029320557559     
  0.15000029320813671     
  0.15000037975265160     
  0.15000037973795599     
  0.15000042754968032     
  0.15000038972483185     
  0.15000062744388451     
  0.15000043776683214     
  0.15000025423928631     
  0.15000038357681325     
  0.15000040572936174     
  0.15000027326619267     
  0.15000025762312416     
  0.15000031052949220     
  0.15000031119505622     
  0.15000031119702736     
  0.15000068287461513     
  0.15000037577408326     
  0.15000042070119554     
  0.15000037589181126     
  0.15000073843661171     
  0.15000043526089646     
  0.15000046158087396     
  0.15000079210415065     
  0.15000046235326794     
  0.15000044773739687     
  0.15000047613169168     
  0.15000039048245078     
  0.15000026004206241     
  0.15000012013697944     
  0.15000084139862521     
  0.15000040477930224     
  0.15000045862226283     
  0.15000022193300208     
  0.15000047466834843     
  0.15000088420897778     
  0.15000046754793658     
  0.15000027900176460     
  0.15000047495372881     
  0.15000028586892261     
  0.15000092008068866     
  0.15000026939911434     
  0.15000048000522093     
  0.15000094905745862     
  0.15000053490452853     
  0.15000048333085000     
  0.15000097104367555     
  0.15000026142409736     
  0.15000023274713684     
  0.15000048466799334     
  0.15000047543029649     
  0.15000045696121342     
  0.15000044324695425     
  0.15000098624891375     
  0.15000048381550224     
  0.15000045921101490     
  0.15000033864522624     
  0.15000099611296519     
  0.15000048103324506     
  0.15000026587363863     
  0.15000029406269610     
  0.15000037354381582     
  0.15000099962807992     
  0.15000047668394051     
  0.15000053308448416     
  0.15000040543564150     
  0.15000028902788792     
  0.15000047012368503     
  0.15000099825746971     
  0.15000028008073474     
  0.15000024296268386     
  0.15000042252607421     
  0.15000030352308361     
  0.15000099051335489     
  0.15000014964308106     
  0.15000024900622380     
  0.15000032061871124     
  0.15000029051738467     
  0.15000029692170511     
  0.15000031653922907     
  0.15000019386295624     
  0.15000097748224797     
  0.15000027234239494     
  0.15000025537134587     
  0.15000044569404619     
  0.15000029565452708     
  0.15000044949852137     
  0.15000046868915781     
  0.15000027120666090     
  0.15000031109308504     
  0.15000030624145649     
  0.15000000000000002     
  0.15000027317626197     
  0.15000026104598502     
  0.15000031764942809     
  0.15000031807138703     
  0.15000031807413769     
  0.15000027160163229     
  0.15000033937436094     
  0.15000033990089703     
  0.15000033990387834     
  0.15000025907987918     
  0.15000028249262870     
  0.15000036347375592     
  0.15000036427083377     
  0.15000036427340652     
  0.15000034728346237     
  0.15000029394076062     
  0.15000039041412397     
  0.15000039128972789     
  0.15000039129624146     
  0.15000033774667562     
  0.15000041856098728     
  0.15000025040720830     
  0.15000042223245033     
  0.15000030592788946     
  0.15000042036890446     
  0.15000042156974830     
  0.15000042157243701     
  0.15000046297070183     
  0.15000031848163806     
  0.15000045389064548     
  0.15000045534272488     
  0.15000045535042783     
  0.15000054948843594     
  0.15000043051865333     
  0.15000024566054915     
  0.15000033159511178     
  0.15000049167535764     
  0.15000049312441299     
  0.15000049312897779     
  0.15000034579346902     
  0.15000053410230166     
  0.15000053602273231     
  0.15000053602857191     
  0.15000036019248578     
  0.15000025083571111     
  0.15000037508266376     
  0.15000021774312874     
  0.15000058042997025     
  0.15000039022421302     
  0.15000063021208160     
  0.15000040508611509     
  0.15000035367829895     
  0.15000068175435938     
  0.15000041922098159     
  0.15000046239731846     
  0.15000073250363266     
  0.15000043202794128     
  0.15000023716249400     
  0.15000078005524284     
  0.15000044303273005     
  0.15000010265548755     
  0.15000028765365683     
  0.15000024247766963     
  0.15000082299269255     
  0.15000025095173938     
  0.15000029811135340     
  0.15000029848697485     
  0.15000029849040145     
  0.15000045273148827     
  0.15000046070747727     
  0.15000085987526199     
  0.15000046627396807     
  0.15000088981596393     
  0.15000026277064996     
  0.15000093363788536     
  0.15000093365886868     
  0.15000047067454819     
  0.15000094286517698     
  0.15000094288658725     
  0.15000091340026378     
  0.15000095014218831     
  0.15000095015565920     
  0.15000047275746750     
  0.15000095579821873     
  0.15000095581597217     
  0.15000095853064788     
  0.15000095855944789     
  0.15000093134314210     
  0.15000095981011097     
  0.15000095982486022     
  0.15000047289447557     
  0.15000095938886290     
  0.15000095941176392     
  0.15000036033592398     
  0.15000095717279779     
  0.15000095719443593     
  0.15000094311060036     
  0.15000095314346643     
  0.15000095317352619     
  0.15000032050509701     
  0.15000047126007426     
  0.14999999999999997     
  0.15000027265582114     
  0.15000034887073119     
  0.15000045654980246     
  0.15000094718892529     
  0.15000094721230098     
  0.15000094034809283     
  0.15000094036501976     
  0.15000094929921665     
  0.15000093017273991     
  0.15000093018876595     
  0.15000046789280821     
  0.15000091884246902     
  0.15000091887287345     
  0.15000090551434420     
  0.15000090552851411     
  0.15000095020724361     
  0.15000046262002176     
  0.15000089028683858     
  0.15000089030887626     
  0.15000087311009438     
  0.15000087312847071     
  0.15000035271655657     
  0.15000085310387906     
  0.15000085312471392     
  0.15000094598826991     
  0.15000083204362979     
  0.15000083205854337     
  0.15000080824384160     
  0.15000080827066767     
  0.15000022913451747     
  0.15000078261659722     
  0.15000078263301392     
  0.15000093609786114     
  0.15000075606670460     
  0.15000075608258126     
  0.15000072782137788     
  0.15000072782764651     
  0.15000069880898806     
  0.15000069882582023     
  0.15000092021031677     
  0.15000045527866346     
  0.15000066924428668     
  0.15000066926186553     
  0.15000041024794480     
  0.15000063918128151     
  0.15000063919539822     
  0.15000030515796908     
  0.15000000000000002     
  0.15000027855885154     
  0.15000061024558431     
  0.15000061025532876     
  0.15000033110592667     
  0.15000053647788822     
  0.15000033212788449     
  0.15000045886100413     
  0.15000057988501311     
  0.15000057989712662     
  0.15000024391337000     
  0.15000032686152839     
  0.15000037368028038     
  0.15000033256860684     
  0.15000040128358091     
  0.15000026335356303     
  0.15000032228065335     
  0.15000032293741944     
  0.15000032293877941     
  0.15000038542047717     
  0.15000030684835255     
  0.15000027380348524     
  0.15000034428515274     
  0.15000034489994291     
  0.15000034490347602     
  0.15000025360601116     
  0.15000030319926858     
  0.15000030368753398     
  0.15000030368886827     
  0.15000054668643237     
  0.15000054670214702     
  0.15000028466032492     
  0.15000036865701413     
  0.15000036933422095     
  0.15000036933878372     
  0.15000044891722072     
  0.15000025166949524     
  0.15000011553652448     
  0.15000029606288798     
  0.15000039568224122     
  0.15000039668855086     
  0.15000039669095669     
  0.15000043078918357     
  0.15000029289399536     
  0.15000030789210497     
  0.15000042571911770     
  0.15000042715714446     
  0.15000042716485132     
  0.15000044627658707     
  0.15000032043115424     
  0.15000045968492479     
  0.15000046067846093     
  0.15000046068234307     
  0.15000040314879814     
  0.15000033370591626     
  0.15000049757950645     
  0.15000049912824481     
  0.15000049914891728     
  0.15000050900332876     
  0.15000051120813429     
  0.15000051912119755     
  0.15000030998075928     
  0.15000034732274894     
  0.15000044948791691     
  0.15000053868397203     
  0.15000038217117712     
  0.15000036133776823     
  0.15000010970384306     
  0.15000037569862018     
  0.15000058353757040     
  0.15000037937497537     
  0.15000040282777033     
  0.15000026735877944     
  0.15000039379095897     
  0.15000021584907899     
  0.15000039000786286     
  0.15000063068401351     
  0.15000041558237265     
  0.15000040391989911     
  0.15000011365956809     
  0.15000045422087735     
  0.15000067828592251     
  0.15000012916685318     
  0.15000041669372463     
  0.15000072408269580     
  0.15000027780568545     
  0.15000042835721528     
  0.15000041668568559     
  0.15000076570553569     
  0.15000043796600326     
  0.15000028414019065     
  0.15000040489770874     
  0.15000027091201096     
  0.15000045339497173     
  0.15000080284608347     
  0.15000044657015002     
  0.15000044083300035     
  0.15000045282330995     
  0.15000083432037950     
  0.15000024449381685     
  0.15000028642340815     
  0.15000028679201149     
  0.15000028679386332     
  0.15000039936805762     
  0.15000045783174271     
  0.15000043951482428     
  0.15000085961047835     
  0.15000004969882952     
  0.15000028607673524     
  0.14999999999999999     
  0.15000009903396430     
  0.15000011148076622     
  0.15000011372919986     
  0.15000011374945027     
  0.15000011374760744     
  0.15000030613263529     
  0.15000024537501727     
  0.15000046073611237     
  0.15000087905520079     
  0.15000042969279889     
  0.15000046208755749     
  0.15000011298022073     
  0.15000045351397948     
  0.15000039178292723     
  0.15000089269042693     
  0.15000046108234558     
  0.15000025606566492     
  0.15000029055102210     
  0.15000090158336013     
  0.15000045877481016     
  0.15000011408799777     
  0.15000029337298626     
  0.15000052319341542     
  0.15000090497855217     
  0.15000012594581072     
  0.15000045439531756     
  0.15000044868412829     
  0.15000090322095114     
  0.14999999999999997     
  0.15000010143720655     
  0.15000033582358999     
  0.15000011420996007     
  0.15000011653364784     
  0.15000011657118636     
  0.15000011657131718     
  0.15000089625217092     
  0.15000016943148017     
  0.15000042228264057     
  0.15000088433996617     
  0.15000031866924224     
  0.15000034883852956     
  0.15000011664581572     
  0.15000086680180702     
  0.15000011402839405     
  0.15000027630163990     
  0.15000043152913331     
  0.15000027161659352     
  0.15000000000000002     
  0.15000026280718792     
  0.14999999999999997     
  0.15000010877786349     
  0.15000035593374283     
  0.15000012257736439     
  0.15000012517811989     
  0.15000012521607420     
  0.15000012521620121     
  0.15000035070741619     
  0.15000037824029888     
  0.15000036201754299     
  0.15000025552999446     
  0.15000030720361721     
  0.15000030764797989     
  0.15000030765104766     
  0.15000041490559377     
  0.15000012306913615     
  0.15000026540462824     
  0.15000032694674070     
  0.15000032738092026     
  0.15000032738540836     
  0.15000034929539663     
  0.15000030955881227     
  0.15000027579416403     
  0.15000034896078387     
  0.15000034968679055     
  0.15000034968855294     
  0.15000029652911084     
  0.15000011125695226     
  0.15000043249920117     
  0.15000028043583000     
  0.15000028667380039     
  0.15000037346472483     
  0.15000037434660946     
  0.15000037434953956     
  0.14999999999999997     
  0.15000012086609513     
  0.15000033749882649     
  0.15000013675155457     
  0.15000014028759345     
  0.15000014030815478     
  0.15000014030820708     
  0.15000023769762133     
  0.15000039748266664     
  0.15000030336913089     
  0.15000038192528439     
  0.15000029791532865     
  0.15000040063979064     
  0.15000040172642026     
  0.15000040173343979     
  0.15000035822909144     
  0.15000040502773115     
  0.15000024662139916     
  0.15000029039249455     
  0.15000029080839891     
  0.15000029080969196     
  0.15000022966083063     
  0.15000030977912601     
  0.15000043095703977     
  0.15000043192948220     
  0.15000043193589871     
  0.15000032207497024     
  0.15000046447219306     
  0.15000046578300527     
  0.15000046579147491     
  0.15000033575069568     
  0.15000050198193002     
  0.15000050364099388     
  0.15000050369252182     
  0.15000034861734005     
  0.15000036226095487     
  0.15000054233162888     
  0.14999999999999994     
  0.15000085187883258     
  0.15000013893248104     
  0.15000015783051937     
  0.15000016345720202     
  0.15000016349598605     
  0.15000016349626275     
  0.15000086156454054     
  0.15000086157940043     
  0.15000037599898072     
  0.15000086885527311     
  0.15000086887436528     
  0.15000023595779366     
  0.15000027133061578     
  0.15000027164679158     
  0.15000027164894877     
  0.15000042846930867     
  0.15000058480054979     
  0.15000087451346536     
  0.15000087452674835     
  0.15000087836872009     
  0.15000087839696677     
  0.15000038937292640     
  0.15000088058248290     
  0.15000088059516248     
  0.15000062882953721     
  0.15000088128235620     
  0.15000088129987438     
  0.15000026925995322     
  0.15000040207585344     
  0.15000088000425052     
  0.15000088002916481     
  0.15000087737505252     
  0.15000087738627735     
  0.15000067200931799     
  0.15000087278296076     
  0.15000087280828911     
  0.15000041342493284     
  0.15000086679692687     
  0.15000086681578265     
  0.15000023897231474     
  0.15000036717984683     
  0.15000085914366737     
  0.15000085915603656     
  0.15000071256707478     
  0.15000084968796837     
  0.15000084970615699     
  0.15000042402301147     
  0.15000036881723622     
  0.15000083876946393     
  0.15000083879116952     
  0.15000037239891395     
  0.15000082605153484     
  0.15000082606643009     
  0.15000031755636137     
  0.15000024168286946     
  0.15000038631871057     
  0.15000074956684520     
  0.15000081095341500     
  0.15000081097242962     
  0.15000043276736683     
  0.14999999999999999     
  0.15000016127581933     
  0.15000018631589090     
  0.15000019805537371     
  0.15000019820784594     
  0.15000019820841809     
  0.15000038506273813     
  0.15000042443525896     
  0.15000079450099865     
  0.15000079451571321     
  0.15000077631457842     
  0.15000077632561740     
  0.15000043959510245     
  0.15000078106850426     
  0.15000075643155486     
  0.15000075644565516     
  0.15000028934205684     
  0.15000022125370618     
  0.15000024741781035     
  0.15000024768394538     
  0.15000024768506895     
  0.15000025150143076     
  0.15000073536981598     
  0.15000073538855285     
  0.15000071229416329     
  0.15000071231003595     
  0.15000044523928266     
  0.15000080782826153     
  0.15000068803915589     
  0.15000068804953146     
  0.15000066310172525     
  0.15000066311731441     
  0.15000063725055665     
  0.15000063725985413     
  0.15000044908301649     
  0.15000035378250881     
  0.15000061158254216     
  0.15000061159629957     
  0.15000082875857224     
  0.15000029761897107     
  0.15000058576505915     
  0.15000058577796666     
  0.15000045073177867     
  0.15000056044231058     
  0.15000056044469337     
  0.15000028003541119     
  0.15000084431590943     
  0.15000045127835246     
  0.15000041105461848     
  0.15000000000000002     
  0.15000018784342553     
  0.15000085481848957     
  0.15000026771343897     
  0.15000044962104847     
  0.15000034704743903     
  0.15000086073666094     
  0.15000044668879356     
  0.15000053496789117     
  0.15000053497701910     
  0.15000048711600417     
  0.15000086158319131     
  0.15000025673055858     
  0.15000044172849542     
  0.15000039668235421     
  0.15000041796159108     
  0.14999999999999999     
  0.15000027388389975     
  0.15000085751422637     
  0.15000084863639712     
  0.15000035548855056     
  0.15000036527897023     
  0.15000024368381143     
  0.15000050349013572     
  0.15000083478198081     
  0.15000026687099172     
  0.15000048399759011     
  0.15000043583774211     
  0.15000025852139284     
  0.15000042451646242     
  0.15000038539490390     
  0.15000024077446411     
  0.15000027999131132     
  0.15000028028962784     
  0.15000028029199058     
  0.15000043909276944     
  0.15000024858088529     
  0.15000029414893390     
  0.15000029448147101     
  0.15000029448517771     
  0.15000043021649401     
  0.15000043811179900     
  0.15000026175189518     
  0.15000025747923085     
  0.15000031115402654     
  0.15000031164207830     
  0.15000031164486674     
  0.15000030424181318     
  0.15000026742154568     
  0.15000033120466863     
  0.15000033184912137     
  0.15000033185077466     
  0.15000043503212918     
  0.15000027779976530     
  0.15000035337100048     
  0.15000035423647975     
  0.15000035424081012     
  0.15000036392231283     
  0.15000035316788018     
  0.15000028856632722     
  0.15000037790915541     
  0.15000037900239163     
  0.15000037900720348     
  0.15000040667381709     
  0.15000029974810206     
  0.15000040513232776     
  0.15000040637157810     
  0.15000040637571804     
  0.15000041755483287     
  0.15000031153502755     
  0.15000043542828936     
  0.15000043661920276     
  0.15000043662171994     
  0.15000032417607922     
  0.15000046915585133     
  0.15000047073133715     
  0.15000047073640171     
  0.15000049586499267     
  0.15000048817540096     
  0.15000033651150496     
  0.15000024464617714     
  0.15000050506675075     
  0.15000050509743520     
  0.15000050538035864     
  0.15000025880294346     
  0.15000034949599550     
  0.15000043256102127     
  0.15000042463616642     
  0.15000029440535631     
  0.15000037411836808     
  0.15000036251873591     
  0.15000040308485083     
  0.15000054414147251     
  0.15000033496542770     
  0.15000039348595637     
  0.15000037815147216     
  0.15000030685080354     
  0.15000037540997668     
  0.15000058467805810     
  0.15000038779084074     
  0.15000025278701867     
  0.15000062483219992     
  0.15000039944825533     
  0.15000040333344369     
  0.15000043502252450     
  0.15000042495544755     
  0.15000043620563577     
  0.15000028227682038     
  0.15000066379408586     
  0.15000041008465326     
  0.15000000000000002     
  0.15000021380651624     
  0.15000037980682951     
  0.15000070003391680     
  0.15000042927140289     
  0.15000041903497738     
  0.15000031005903944     
  0.15000042687398285     
  0.15000073196761615     
  0.15000043267264990     
  0.15000075906864926     
  0.15000043690911813     
  0.15000042521563450     
  0.15000078113341425     
  0.15000035510119111     
  0.15000029785236182     
  0.15000027200195012     
  0.15000043989895884     
  0.15000079862236629     
  0.15000041998362926     
  0.15000028417446598     
  0.15000044075254848     
  0.15000024764960332     
  0.15000081103174870     
  0.15000022699366966     
  0.15000044019319267     
  0.15000081851176250     
  0.15000043811640093     
  0.15000026536070973     
  0.15000038142987598     
  0.15000024353308969     
  0.15000082137280601     
  0.15000043410661079     
  0.15000023025983680     
  0.15000042862422633     
  0.15000081992763284     
  0.15000026484903389     
  0.15000081410337227     
  0.15000032836767344     
  0.15000080307935240     
  0.15000078723398300     
  0.15000042670969155     
  0.15000027739983612     
  0.15000024952763136     
  0.15000017791880169     
  0.15000020954686949     
  0.15000025002445641     
  0.15000029702651274     
  0.15000029749886962     
  0.15000029750042207     
  0.15000024167278331     
  0.15000028172909780     
  0.15000028216943201     
  0.15000028217091174     
  0.15000025941195635     
  0.15000031512332748     
  0.15000078843332454     
  0.15000078844514408     
  0.15000031565531297     
  0.15000031565690466     
  0.15000079633303931     
  0.15000079635589847     
  0.15000080261404786     
  0.15000080262046853     
  0.15000042894910023     
  0.15000080658140155     
  0.15000080659914905     
  0.15000026928546842     
  0.15000033521902881     
  0.15000033606231195     
  0.15000033606466570     
  0.15000080978184616     
  0.15000080979480446     
  0.15000081083712366     
  0.15000081086055211     
  0.15000081044243535     
  0.15000081046114766     
  0.15000027954712297     
  0.15000035752085467     
  0.15000035849242119     
  0.15000035849572027     
  0.15000080875541122     
  0.15000080876708657     
  0.15000080567737664     
  0.15000080569992283     
  0.15000050442334678     
  0.15000050443334015     
  0.15000080116533610     
  0.15000080117985276     
  0.15000029023509137     
  0.15000038221246906     
  0.15000038321113141     
  0.15000038321508175     
  0.15000027146470751     
  0.15000079478539582     
  0.15000079479693842     
  0.15000078729815980     
  0.15000078731285116     
  0.15000046490180036     
  0.15000077795750044     
  0.15000077797893993     
  0.15000030137181414     
  0.15000040958205493     
  0.15000041038249598     
  0.15000041038588038     
  0.15000076706917326     
  0.15000076708677546     
  0.15000075497434470     
  0.15000075498267437     
  0.15000074121498977     
  0.15000074123193530     
  0.15000031303128725     
  0.15000043928803819     
  0.15000044061260792     
  0.15000044062061560     
  0.15000072566472575     
  0.15000072567408426     
  0.15000032548064399     
  0.15000047257307245     
  0.15000047406820902     
  0.15000047401934616     
  0.15000070911567615     
  0.15000070913006466     
  0.15000031702224867     
  0.15000040268172460     
  0.15000034449129818     
  0.15000069065075317     
  0.15000069065691779     
  0.15000033742556254     
  0.15000067104647055     
  0.15000067106176163     
  0.15000038465124124     
  0.15000030252917099     
  0.15000065044222469     
  0.15000065046134459     
  0.15000050747546162     
  0.15000034994042546     
  0.15000062891896895     
  0.15000062892718691     
  0.15000020496221886     
  0.15000060710283050     
  0.15000060711086785     
  0.15000058432576005     
  0.15000058433545560     
  0.15000030785562513     
  0.15000036243594744     
  0.15000051836265851     
  0.15000051836680275     
  0.15000056163347547     
  0.15000056164305828     
  0.15000054431371498     
  0.15000053910676456     
  0.15000053911789998     
  0.15000037456009280     
  0.15000058181133522     
  0.15000041433052363     
  0.15000028749781710     
  0.15000038597424292     
  0.15000027378109917     
  0.15000061890583383     
  0.15000039654777023     
  0.15000035259277825     
  0.15000065349496519     
  0.15000040606701703     
  0.15000029695067824     
  0.15000068521823065     
  0.15000041395582142     
  0.15000039127628439     
  0.14999999999999997     
  0.15000027055350088     
  0.15000042042095926     
  0.15000071309699312     
  0.15000042538768810     
  0.15000010415413187     
  0.15000073601961528     
  0.15000035966785044     
  0.15000042897871824     
  0.15000075448244130     
  0.15000043077069564     
  0.15000076854087258     
  0.15000033504196558     
  0.15000043080299538     
  0.15000023504927090     
  0.15000077799234049     
  0.15000042962026422     
  0.15000031109404632     
  0.15000040774686640     
  0.15000028469469914     
  0.15000047701710487     
  0.15000078284882598     
  0.15000042664215424     
  0.15000039396573456     
  0.15000047473495415     
  0.15000078355724678     
  0.15000042217592846     
  0.15000031340575920     
  0.15000041463633010     
  0.15000078019024171     
  0.15000037761817298     
  0.15000077219080041     
  0.15000011471195279     
  0.15000042129822558     
  0.15000075956592088     
  0.15000035497801473     
  0.15000045665265771     
  0.15000041226924271     
  0.15000022743450495     
  0.15000024328733372     
  0.15000028483559094     
  0.15000028515635128     
  0.15000028515850086     
  0.15000039437187984     
  0.15000042100961239     
  0.14999999999999997     
  0.15000023593161227     
  0.15000040205340748     
  0.15000034102214960     
  0.15000040825702204     
  0.15000025180142576     
  0.15000030050263097     
  0.15000030103382025     
  0.15000030103542489     
  0.15000019792737598     
  0.15000023390384909     
  0.15000026846492215     
  0.15000026878226244     
  0.15000026878292905     
  0.15000041957145485     
  0.15000036679152989     
  0.15000026120841495     
  0.15000031881366641     
  0.15000033122604112     
  0.15000031955717194     
  0.15000031955988749     
  0.15000027102926250     
  0.15000033917330025     
  0.15000033985168607     
  0.15000033985444186     
  0.15000032533837990     
  0.15000024258295172     
  0.15000028123349957     
  0.15000036149689266     
  0.15000036232452013     
  0.15000036232867264     
  0.15000029186619970     
  0.15000038614361005     
  0.15000038701912519     
  0.15000038702332205     
  0.15000036105004644     
  0.15000047558829135     
  0.15000047558753027     
  0.15000030288744953     
  0.15000041313678406     
  0.15000041413700435     
  0.15000041414369619     
  0.15000031440335415     
  0.15000044306762716     
  0.15000044457091796     
  0.15000044456214140     
  0.15000041698255265     
  0.15000045988902719     
  0.15000038407184135     
  0.15000032617270542     
  0.15000038369834612     
  0.15000047492891252     
  0.15000021825084195     
  0.15000045316282751     
  0.15000033802139928     
  0.15000024979005652     
  0.15000034994612199     
  0.15000041170451708     
  0.15000019698510145     
  0.15000050828177622     
  0.15000036189230692     
  0.15000032914080830     
  0.15000054298424123     
  0.15000040773000245     
  0.15000037303538932     
  0.15000057772473521     
  0.15000033490050640     
  0.15000038358045947     
  0.15000025725934546     
  0.15000039423594566     
  0.15000061127138534     
  0.15000041625997251     
  0.15000037206065669     
  0.15000039310027871     
  0.15000033003078614     
  0.15000041304583972     
  0.15000064201623836     
  0.15000040126671138     
  0.15000025135522385     
  0.15000023945992050     
  0.15000040829724562     
  0.15000066953556479     
  0.15000027726577062     
  0.15000025503117212     
  0.15000041367054917     
  0.15000069323282750     
  0.15000039755889139     
  0.15000036816750834     
  0.15000035931946618     
  0.15000041772402603     
  0.15000037894422250     
  0.15000071271798709     
  0.15000031127292782     
  0.15000039581007610     
  0.15000042048440090     
  0.15000041615864337     
  0.15000072796838279     
  0.15000042131189847     
  0.15000073876078943     
  0.15000033625017248     
  0.15000042082024262     
  0.15000026289260721     
  0.15000037196043248     
  0.15000074575013234     
  0.15000041869339334     
  0.15000033774963092     
  0.15000028913873217     
  0.15000074853536041     
  0.15000017952401837     
  0.15000036791815957     
  0.15000041510023338     
  0.15000010172497880     
  0.15000041007465575     
  0.15000074709333441     
  0.15000021256870785     
  0.15000040013672547     
  0.15000073177193496     
  0.15000073177720735     
  0.15000073757658788     
  0.15000073759215454     
  0.15000074140829409     
  0.15000032148464934     
  0.15000074232209648     
  0.15000074234272964     
  0.15000040491001693     
  0.15000074558739451     
  0.15000074559701981     
  0.15000022988503811     
  0.15000074746085271     
  0.15000074747759112     
  0.15000025275999943     
  0.15000073202902442     
  0.15000074836379776     
  0.15000074837967028     
  0.15000074708619709     
  0.15000074709661923     
  0.15000074536685398     
  0.15000074537943395     
  0.15000071798020814     
  0.15000074164279179     
  0.15000074165836561     
  0.15000073670007111     
  0.15000073671644509     
  0.15000073050443699     
  0.15000073052496801     
  0.15000072302429124     
  0.15000072303623327     
  0.15000071429067433     
  0.15000071430403852     
  0.15000070385853626     
  0.15000070386679329     
  0.15000030140761761     
  0.15000037578642073     
  0.15000069189305515     
  0.15000069190764420     
  0.15000034047106983     
  0.15000040178423840     
  0.15000067907259926     
  0.15000067909378348     
  0.15000027365696147     
  0.15000035545704951     
  0.15000066484169572     
  0.15000066484923233     
  0.15000064977398331     
  0.15000064979210445     
  0.15000038682983577     
  0.15000025997902683     
  0.15000063283516557     
  0.15000063284258133     
  0.15000024447933163     
  0.15000028718484335     
  0.15000028757153935     
  0.15000028757295134     
  0.15000024386971278     
  0.15000061511512769     
  0.15000061512375343     
  0.15000059673672866     
  0.15000059674678709     
  0.15000057753677037     
  0.15000057754444771     
  0.15000025349783211     
  0.15000030393325692     
  0.15000030455645091     
  0.15000030455737723     
  0.15000055802436033     
  0.15000055802741835     
  0.15000039430540837     
  0.15000053790964618     
  0.15000053792265497     
  0.15000051818596646     
  0.15000051819390714     
  0.15000026288110818     
  0.15000032248088377     
  0.15000032299174845     
  0.15000032299432731     
  0.15000023653181699     
  0.15000027310202996     
  0.15000027344062328     
  0.15000027344319020     
  0.15000049877448518     
  0.15000049877893207     
  0.15000021219154716     
  0.15000026784791320     
  0.15000027263558208     
  0.15000034281445934     
  0.15000034340013654     
  0.15000034340531876     
  0.15000023821534483     
  0.15000047872426553     
  0.15000047873324399     
  0.15000028277793320     
  0.15000036515282006     
  0.15000036581342308     
  0.15000036581735457     
  0.15000038747421618     
  0.15000045585610863     
  0.15000029328280098     
  0.15000038961539411     
  0.15000039035653034     
  0.15000039035982765     
  0.15000040686166549     
  0.15000033882064290     
  0.15000011138353175     
  0.15000031561135393     
  0.15000044559381695     
  0.15000044692058187     
  0.15000044695290241     
  0.15000030420539734     
  0.15000041605407957     
  0.15000041736707898     
  0.15000041737018791     
  0.15000045739760004     
  0.15000032876592528     
  0.15000039859563161     
  0.15000032675435596     
  0.15000038406538257     
  0.15000047599179678     
  0.15000033825563100     
  0.15000025222519028     
  0.15000034970020346     
  0.15000050792744313     
  0.15000035193008215     
  0.15000036066553971     
  0.15000054020063822     
  0.15000037100420929     
  0.15000028195576068     
  0.15000040193460018     
  0.15000057180968970     
  0.15000038072267463     
  0.15000035355411295     
  0.15000060195480966     
  0.15000038919948225     
  0.15000062927509514     
  0.15000039644280111     
  0.15000036564754143     
  0.15000038102062221     
  0.15000023494539130     
  0.15000023192085962     
  0.15000029219542702     
  0.15000040249294569     
  0.15000065292124551     
  0.15000027079876832     
  0.15000040688827720     
  0.15000067325973693     
  0.15000041017977936     
  0.15000068960816854     
  0.15000032212392411     
  0.15000037327691909     
  0.15000023923286709     
  0.15000027788062104     
  0.15000027824323003     
  0.15000027824455200     
  0.15000041170717282     
  0.15000070199780652     
  0.15000041205532560     
  0.15000071019601222     
  0.15000034348514299     
  0.15000039393831885     
  0.15000041089637067     
  0.15000071463714043     
  0.15000037876459577     
  0.15000040796304601     
  0.15000043346195716     
  0.15000029270514950     
  0.15000071521547398     
  0.15000040372893608     
  0.15000027728320511     
  0.15000029835030890     
  0.15000071197771028     
  0.15000036176956319     
  0.15000040289216710     
  0.15000040406759560     
  0.15000070503451529     
  0.15000038146583153     
  0.15000004856874111     
  0.15000026001195468     
  0.15000011042584246     
  0.15000035764114478     
  0.15000011786289469     
  0.15000069371143107     
  0.15000043123527254     
  0.15000038662977369     
  0.15000040300746831     
  0.14999999999999999     
  0.15000009747994048     
  0.15000010973034991     
  0.15000011194729845     
  0.15000011196801319     
  0.15000011196873159     
  0.15000034757573061     
  0.15000023210123264     
  0.15000034322481498     
  0.15000025557850835     
  0.15000031159811678     
  0.15000024619949590     
  0.15000029040072882     
  0.15000029081070529     
  0.15000029081347499     
  0.15000022275529656     
  0.15000037100295766     
  0.14999999999999997     
  0.15000010223758115     
  0.15000025515046941     
  0.15000030726220018     
  0.15000030779513970     
  0.15000030779831788     
  0.15000011495586718     
  0.15000011734437513     
  0.15000011736913624     
  0.15000011736927829     
  0.15000023999899778     
  0.15000021994320206     
  0.15000024579840385     
  0.15000024607195220     
  0.15000024607272705     
  0.15000026450466122     
  0.15000032578857098     
  0.15000032640032385     
  0.15000032640375419     
  0.15000018062188622     
  0.15000011141452541     
  0.15000039173340074     
  0.15000027414072001     
  0.15000034602642981     
  0.15000034685097291     
  0.15000034685222990     
  0.15000028188822140     
  0.15000028414109684     
  0.15000036820717927     
  0.15000036914185230     
  0.15000036914489737     
  0.15000029570916890     
  0.15000044781306060     
  0.15000044783258407     
  0.15000030546596863     
  0.15000041922739552     
  0.15000042030150978     
  0.15000042031676994     
  0.15000029456665362     
  0.15000039240665058     
  0.15000039342511914     
  0.15000039342885968     
  0.15000021494261118     
  0.15000043383948714     
  0.15000033876615701     
  0.15000036567074654     
  0.14999999999999997     
  0.15000011116693673     
  0.15000031621099810     
  0.15000028305183213     
  0.15000012560248230     
  0.15000012843545921     
  0.15000012846208921     
  0.15000012846220714     
  0.15000043966704837     
  0.15000028284140685     
  0.15000032704433133     
  0.15000026973526712     
  0.15000022310473915     
  0.15000027832649460     
  0.15000044671759091     
  0.15000033810074534     
  0.15000047606035680     
  0.15000025280499552     
  0.15000036698298475     
  0.15000024708381046     
  0.15000039965886980     
  0.15000027607231523     
  0.15000034877827820     
  0.15000039633426218     
  0.15000050612923915     
  0.15000035899859807     
  0.15000027929670842     
  0.15000031873310035     
  0.15000053597234494     
  0.15000036861437235     
  0.14999999999999999     
  0.15000012541957949     
  0.15000026956810200     
  0.15000056461141417     
  0.15000014215184734     
  0.15000014607135215     
  0.15000014611447454     
  0.15000014611458948     
  0.15000037725448953     
  0.15000030093592842     
  0.15000020663142044     
  0.15000059127759219     
  0.15000038467795734     
  0.15000028933310075     
  0.15000023839841747     
  0.15000037861584328     
  0.15000039110596236     
  0.15000022068564015     
  0.15000061500681725     
  0.15000024573446710     
  0.15000039621155911     
  0.15000067981417628     
  0.15000067983224408     
  0.15000032301342106     
  0.15000067304344183     
  0.15000068471499137     
  0.15000068472859576     
  0.15000039302765558     
  0.15000063553457627     
  0.15000068843981970     
  0.15000068844774778     
  0.15000032015710757     
  0.15000069091305829     
  0.15000069092336310     
  0.15000039985847502     
  0.15000069184547885     
  0.15000069186434498     
  0.15000065257864501     
  0.15000069164321692     
  0.15000069165692367     
  0.15000032834613580     
  0.15000069035452354     
  0.15000069036754238     
  0.15000025498769684     
  0.15000040214871596     
  0.15000068786404447     
  0.15000068787273804     
  0.14999999999999997     
  0.15000014439905332     
  0.15000016492490878     
  0.15000017197584220     
  0.15000017208559660     
  0.15000017208588681     
  0.15000015388992313     
  0.15000066622146183     
  0.15000032533038596     
  0.15000068450057388     
  0.15000068451088808     
  0.15000024380184399     
  0.15000067936277531     
  0.15000067937478906     
  0.15000040328962089     
  0.15000019854801266     
  0.15000021469466501     
  0.15000021484790155     
  0.15000021484849785     
  0.15000067307772369     
  0.15000067309408166     
  0.15000024888018051     
  0.15000067583220722     
  0.15000066559115047     
  0.15000066560014405     
  0.15000040259936750     
  0.15000065703234558     
  0.15000065704935678     
  0.15000059851188816     
  0.15000059852566786     
  0.15000064723282999     
  0.15000064723747178     
  0.15000035280480836     
  0.15000068202570260     
  0.15000063622562620     
  0.15000063623699417     
  0.15000061176339227     
  0.15000061176806032     
  0.15000040079101318     
  0.15000062449868684     
  0.15000062451239776     
  0.15000033785142466     
  0.15000029631078549     
  0.15000068395687974     
  0.15000036583104792     
  0.15000058175487471     
  0.15000058176341960     
  0.15000039723898340     
  0.15000056575973547     
  0.15000056577419632     
  0.15000054949256067     
  0.15000054950130770     
  0.15000068284476639     
  0.15000053242995492     
  0.15000053243819683     
  0.15000022895074697     
  0.15000026048630055     
  0.15000026076983966     
  0.15000026077182577     
  0.15000034525112446     
  0.15000051514103241     
  0.15000051514634780     
  0.14999999999999999     
  0.15000016806850339     
  0.15000043556093726     
  0.15000049767582402     
  0.15000049768195575     
  0.15000067809064468     
  0.15000048001772270     
  0.15000048002295016     
  0.15000010499861557     
  0.15000066940040221     
  0.15000036966194011     
  0.15000027350725140     
  0.15000039458821912     
  0.15000038951255926     
  0.15000046261169994     
  0.15000046261791680     
  0.15000022737580365     
  0.14999999999999997     
  0.15000019357094557     
  0.15000023387126649     
  0.15000026884711334     
  0.15000026918428469     
  0.15000026918573581     
  0.15000023340882437     
  0.15000023862401193     
  0.15000027695263854     
  0.15000027728158682     
  0.15000027728282897     
  0.15000028126771855     
  0.15000038564276807     
  0.15000038183246933     
  0.15000024775556423     
  0.15000029344176805     
  0.15000029389950079     
  0.15000029390179972     
  0.15000033895779438     
  0.15000035324882124     
  0.15000025796448999     
  0.15000025664666281     
  0.15000031034339745     
  0.15000031089933968     
  0.15000031090065563     
  0.15000044723257105     
  0.15000044724158854     
  0.15000035736952749     
  0.15000026591674084     
  0.15000032883271075     
  0.15000032947939723     
  0.15000032948129177     
  0.15000027547676337     
  0.15000034908341839     
  0.15000034971150134     
  0.15000034971740803     
  0.15000037506297478     
  0.15000028539601490     
  0.15000037108477279     
  0.15000037182468950     
  0.15000037182754564     
  0.15000041439878437     
  0.15000030633680780     
  0.15000042092400367     
  0.15000042208168801     
  0.15000042209153922     
  0.15000029563466755     
  0.15000039469214549     
  0.15000039590548056     
  0.15000039591053849     
  0.15000025493949082     
  0.15000026389302354     
  0.15000031648365264     
  0.15000026194311991     
  0.15000032714872816     
  0.15000044758420308     
  0.15000030011203325     
  0.15000033738476273     
  0.15000038087489975     
  0.15000032695112175     
  0.15000047512239564     
  0.15000037924427795     
  0.15000034754661740     
  0.15000050321990169     
  0.15000033695942078     
  0.15000035130058845     
  0.15000035692803365     
  0.15000031052945967     
  0.15000038309544969     
  0.15000037386009135     
  0.15000053059425650     
  0.15000038639029756     
  0.15000036576243314     
  0.15000038048591219     
  0.15000055604300511     
  0.15000028631194109     
  0.15000038304000346     
  0.15000057982064524     
  0.15000039063085807     
  0.15000036457028437     
  0.15000060045826272     
  0.15000027014059708     
  0.15000021753079748     
  0.15000038973989810     
  0.15000061799682593     
  0.15000037485087622     
  0.15000039269631846     
  0.15000063235505218     
  0.15000035562037492     
  0.15000039427004844     
  0.15000031672494465     
  0.14999999999999997     
  0.15000025648224422     
  0.15000064308878955     
  0.15000037936741648     
  0.15000065109403551     
  0.15000039453148503     
  0.15000035532247347     
  0.15000031564561095     
  0.15000035806317197     
  0.15000039343763277     
  0.15000042280367212     
  0.15000065441664975     
  0.15000039082086924     
  0.15000065473301014     
  0.15000065188959616     
  0.15000064571143404     
  0.15000038622621803     
  0.15000030069787243     
  0.15000063606934044     
  0.15000040799072098     
  0.15000038717380590     
  0.15000038325224951     
  0.15000025647233045     
  0.15000030684474583     
  0.15000038026430845     
  0.15000024069896237     
  0.15000028078889682     
  0.15000028121384848     
  0.15000028121586251     
  0.15000032440780223     
  0.15000024928021991     
  0.15000029632397499     
  0.15000029689257643     
  0.15000029689382791     
  0.15000036922374774     
  0.15000034063520670     
  0.15000025805964526     
  0.15000031322505200     
  0.15000031367401276     
  0.15000031367771513     
  0.15000055941405613     
  0.15000055942383370     
  0.15000035068754267     
  0.15000026722739798     
  0.15000033157032538     
  0.15000033236640098     
  0.15000033236948207     
  0.15000042365904487     
  0.15000042363833946     
  0.14999999999999997     
  0.15000026239256067     
  0.15000027665051890     
  0.15000035159968211     
  0.15000035249722388     
  0.15000035249832788     
  0.15000027185639336     
  0.15000034249191674     
  0.15000029672770673     
  0.15000039724776901     
  0.15000039814108795     
  0.15000039812081664     
  0.15000028647617764     
  0.15000037333258945     
  0.15000037426108298     
  0.15000037426539534     
  0.15000041014275667     
  0.15000037630448271     
  0.15000030661224903     
  0.15000036716669801     
  0.15000044829891820     
  0.15000061007784901     
  0.15000061009145382     
  0.15000060056161971     
  0.15000060056783435     
  0.15000034222479994     
  0.15000037089630666     
  0.15000031678163261     
  0.15000063945518938     
  0.15000063946278480     
  0.15000063643013337     
  0.15000063644208550     
  0.15000064119263978     
  0.15000064120879100     
  0.15000018301148438     
  0.15000047416657047     
  0.15000064154795070     
  0.15000064155788304     
  0.15000032682139491     
  0.15000037649251793     
  0.15000023437134696     
  0.15000064112586362     
  0.15000064113550127     
  0.15000023216863237     
  0.15000026612806963     
  0.15000026648861065     
  0.15000026648894221     
  0.15000063977980418     
  0.15000063978619216     
  0.15000031699028921     
  0.14999999999999999     
  0.15000021636901162     
  0.15000037480939632     
  0.15000061620204500     
  0.15000061620674468     
  0.15000063090833449     
  0.15000063092190721     
  0.15000035585997840     
  0.15000062535695521     
  0.15000062536479530     
  0.15000063668825431     
  0.15000063669948802     
  0.15000036095344652     
  0.15000063304579614     
  0.15000063305707007     
  0.14999999999999999     
  0.15000023894431308     
  0.15000033646379574     
  0.15000062779944562     
  0.15000062781450299     
  0.15000034589338826     
  0.15000062172919085     
  0.15000062174047232     
  0.15000056521816618     
  0.15000056522196684     
  0.15000036280034246     
  0.15000049884160169     
  0.15000028389419523     
  0.15000035460160749     
  0.15000052396979258     
  0.15000036151829224     
  0.15000036725932978     
  0.15000032679704220     
  0.15000057582782239     
  0.15000057584206444     
  0.15000058663888474     
  0.15000058664609447     
  0.15000021888080359     
  0.15000054687607153     
  0.15000056824062050     
  0.15000024480158755     
  0.15000011036007618     
  0.15000053694462434     
  0.15000053694849921     
  0.15000042002119210     
  0.15000052289857471     
  0.15000052290935856     
  0.15000023876333909     
  0.15000050807348667     
  0.15000050808154855     
  0.15000024059145123     
  0.15000049290842532     
  0.15000049291761133     
  0.15000027875625085     
  0.15000047745609210     
  0.15000047746370698     
  0.15000046203025805     
  0.15000046203811696     
  0.15000034206618779     
  0.15000029028365411     
  0.15000022834653406     
  0.15000036173704911     
  0.15000038246230449     
  0.15000044670647850     
  0.15000044671195742     
  0.15000060027205633     
  0.15000038068682514     
  0.15000038323230669     
  0.15000024877013124     
  0.15000038527203055     
  0.15000030288993321     
  0.15000041281423102     
  0.15000061186804745     
  0.15000037337455024     
  0.15000033093511261     
  0.15000037812691802     
  0.15000058256264345     
  0.15000038632821708     
  0.15000027398117191     
  0.15000033586536785     
  0.15000043152536519     
  0.15000043153182999     
  0.15000062039990383     
  0.15000034243883298     
  0.15000062612619672     
  0.15000038575880553     
  0.15000031753344303     
  0.15000037818665710     
  0.15000038396079673     
  0.15000039881287019     
  0.15000062756065888     
  0.15000032478585071     
  0.15000038095641191     
  0.15000023888051076     
  0.15000026215886955     
  0.15000026886197698     
  0.15000036800403915     
  0.15000026583853707     
  0.15000062625466679     
  0.15000022759630488     
  0.15000025854814761     
  0.15000025888779620     
  0.15000025888901017     
  0.15000011577287697     
  0.15000062210438631     
  0.15000035598992276     
  0.15000061472376597     
  0.15000042841007408     
  0.15000023947211510     
  0.15000037402322178     
  0.15000031334127109     
  0.15000024279868687     
  0.15000031327996444     
  0.15000032691031198     
  0.15000024230783190     
  0.15000028377975444     
  0.15000028421898828     
  0.15000028422096387     
  0.15000025395129282     
  0.15000015105484044     
  0.15000031913504561     
  0.15000036574632777     
  0.15000030942876189     
  0.15000023395090686     
  0.15000026923594320     
  0.15000026954715670     
  0.15000026954914822     
  0.15000025088323535     
  0.15000029950347404     
  0.15000029997255462     
  0.15000029997480893     
  0.15000032432774291     
  0.15000035937665473     
  0.15000035205499632     
  0.15000035905235373     
  0.15000034714651625     
  0.15000037698111091     
  0.15000034237082377     
  0.15000025932992370     
  0.15000031577798645     
  0.15000031635864020     
  0.15000031636165623     
  0.15000044941986307     
  0.15000023877999008     
  0.15000026833099311     
  0.15000033412450592     
  0.15000033481474201     
  0.15000033481616912     
  0.15000040774078516     
  0.15000028765837065     
  0.15000037574631434     
  0.15000037678733025     
  0.15000037679191464     
  0.15000027776173175     
  0.15000035393066433     
  0.15000035468143677     
  0.15000035468415190     
  0.15000036689255766     
  0.15000034857212602     
  0.15000029753054300     
  0.15000039834142265     
  0.15000039934692330     
  0.15000039936140375     
  0.15000030694946356     
  0.15000030261648487     
  0.15000031647696568     
  0.15000047185939841     
  0.15000035257373026     
  0.15000031857354545     
  0.15000053996723209     
  0.15000025274665882     
  0.15000037089846543     
  0.15000032555923951     
  0.15000033509329139     
  0.15000028516104164     
  0.15000036495175917     
  0.15000034385816854     
  0.15000037508054387     
  0.15000028869207119     
  0.15000049357958137     
  0.15000025831417677     
  0.15000057742378586     
  0.15000057743473152     
  0.15000051591942032     
  0.15000055496216588     
  0.15000036589353888     
  0.15000035818246021     
  0.15000021881451059     
  0.15000022658196357     
  0.15000037363743485     
  0.15000060062403214     
  0.15000058213280185     
  0.15000037636630700     
  0.15000035564537947     
  0.15000024785699648     
  0.15000037160503907     
  0.15000037786431758     
  0.15000033129735083     
  0.15000059111669270     
  0.15000037819066531     
  0.15000056753774116     
  0.15000021880162234     
  0.15000024445148158     
  0.15000024481457616     
  0.15000024481623625     
  0.15000052845820902     
  0.15000052846872325     
  0.15000037702490718     
  0.15000060159995185     
  0.15000033466016105     
  0.15000060468769613     
  0.15000060470418783     
  0.15000036745264242     
  0.15000060149206809     
  0.15000059054577380     
  0.15000059055583484     
  0.15000059937780699     
  0.15000036555715540     
  0.15000020787267640     
  0.15000059378520611     
  0.15000037390984675     
  0.15000038671467408     
  0.15000058479795228     
  0.15000022426446566     
  0.15000024421617233     
  0.15000028723139577     
  0.15000028772586793     
  0.15000028772723120     
  0.15000057402762679     
  0.15000057403304784     
  0.15000035922693833     
  0.15000023540291285     
  0.15000027182104508     
  0.15000027217608761     
  0.15000027217847858     
  0.15000033827578349     
  0.15000020980716058     
  0.15000059762703780     
  0.15000059763152016     
  0.15000023063572940     
  0.15000022751331230     
  0.15000025859440777     
  0.15000025896330599     
  0.15000025896389496     
  0.15000059282068606     
  0.15000059282590880     
  0.15000022387417231     
  0.15000059650840317     
  0.15000059651420400     
  0.15000034677505561     
  0.15000059499658833     
  0.15000059500794816     
  0.15000053466490512     
  0.15000053467201416     
  0.15000058522709420     
  0.15000058523414739     
  0.15000048781448605     
  0.15000048782414338     
  0.15000058794989773     
  0.15000058796411961     
  0.15000059293359902     
  0.15000059293893975     
  0.15000059357595219     
  0.15000059358952511     
  0.15000023051481662     
  0.15000057694005769     
  0.15000057694858407     
  0.15000044813200836     
  0.15000025181184679     
  0.15000030134912615     
  0.15000030176579235     
  0.15000030176798157     
  0.15000040780446661     
  0.15000034231103007     
  0.15000011167378624     
  0.15000036825114832     
  0.15000055188067979     
  0.15000055189182951     
  0.15000058658208876     
  0.15000058659590379     
  0.15000034836317086     
  0.15000054121879838     
  0.15000054122390835     
  0.15000037058914079     
  0.15000026939215805     
  0.15000033634497581     
  0.15000033683042069     
  0.15000033683421080     
  0.15000027473123967     
  0.15000028850323810     
  0.15000037717500667     
  0.15000037796114010     
  0.15000037797647042     
  0.15000027869887120     
  0.15000035575751136     
  0.15000035658086810     
  0.15000035658402022     
  0.15000045912626506     
  0.15000045913012378     
  0.15000038428435453     
  0.15000034964641551     
  0.15000038847114741     
  0.15000025999653310     
  0.15000031716782344     
  0.15000031784747103     
  0.15000031784901066     
  0.15000053091953031     
  0.15000039663148829     
  0.15000047177986026     
  0.15000047178718759     
  0.15000025290033170     
  0.15000029769248560     
  0.15000025535219572     
  0.15000039377838373     
  0.15000044446669242     
  0.15000044447239788     
  0.15000040223993957     
  0.15000040225653011     
  0.15000043079255229     
  0.15000043079861528     
  0.15000030681405824     
  0.15000036175765077     
  0.15000041723732394     
  0.15000041724249730     
  0.15000031593006691     
  0.15000035336744619     
  0.15000039311124908     
  0.15000023882406507     
  0.15000023299263929     
  0.15000048864921922     
  0.15000029586378297     
  0.15000051061616376     
  0.15000027236361135     
  0.15000036392100763     
  0.15000024479414520     
  0.15000032451976722     
  0.15000026750160284     
  0.15000033330160481     
  0.15000036324477875     
  0.15000046612424300     
  0.15000035808727050     
  0.15000035981485019     
  0.15000013432160250     
  0.15000010743969916     
  0.15000055601551082     
  0.15000024189440578     
  0.15000022962726239     
  0.15000030766419209     
  0.15000026765166655     
  0.15000041632496616     
  0.15000034102927559     
  0.15000056500509551     
  0.15000036446837917     
  0.15000043129961602     
  0.15000057267407813     
  0.15000036952218110     
  0.15000023763841910     
  0.15000029612698768     
  0.15000035526454897     
  0.15000037044526049     
  0.15000026103846073     
  0.15000024059664144     
  0.15000024536228632     
  0.15000028953220301     
  0.15000028992633432     
  0.15000028992901820     
  0.15000037005987768     
  0.15000035414408425     
  0.15000033554095243     
  0.15000032271918731     
  0.15000023456267611     
  0.15000057770921460     
  0.15000036482206675     
  0.15000057421354829     
  0.15000024448572061     
  0.15000033157470374     
  0.15000034594953637     
  0.15000036790262139     
  0.15000023474551871     
  0.15000034316780572     
  0.15000026093585742     
  0.15000056631574410     
  0.15000032125544679     
  0.15000051093049524     
  0.15000057207656506     
  0.15000030071741874     
  0.15000023684785874     
  0.15000027437165059     
  0.15000027485727094     
  0.15000027485878614     
  0.15000033999643400     
  0.15000033240661709     
  0.15000023851031485     
  0.15000057351560506     
  0.15000019628856626     
  0.15000036324300484     
  0.15000036265565175     
  0.15000026223796814     
  0.15000032174984815     
  0.15000032236891436     
  0.15000032237278563     
  0.15000025204847101     
  0.15000026780187645     
  0.15000031543164333     
  0.15000035368834899     
  0.15000022149834899     
  0.15000024911565582     
  0.15000024938684114     
  0.15000024938803203     
  0.15000048844933309     
  0.15000048845781391     
  0.14999999999999997     
  0.15000009472774506     
  0.15000054972565205     
  0.15000010652741599     
  0.15000010875078371     
  0.15000010875962655     
  0.15000010876449216     
  0.15000030641764883     
  0.15000022884536365     
  0.15000026091440236     
  0.15000026119177989     
  0.15000026119461393     
  0.15000029565223211     
  0.15000033620999742     
  0.15000011121567827     
  0.15000053019186080     
  0.15000004753340507     
  0.15000027992769846     
  0.15000035824598512     
  0.15000035887929961     
  0.15000035888500401     
  0.15000025998775526     
  0.15000010798275179     
  0.15000034924164793     
  0.15000034903565129     
  0.15000010816082943     
  0.15000051549028248     
  0.15000051549834720     
  0.15000019137318174     
  0.15000000000000002     
  0.15000009695651201     
  0.15000054096724549     
  0.15000054097734403     
  0.15000010908440140     
  0.15000011128242102     
  0.15000011130638238     
  0.15000011130645408     
  0.15000024254382152     
  0.15000029792400005     
  0.15000030964279659     
  0.15000027020572551     
  0.15000033776168709     
  0.15000033838621354     
  0.15000033838920890     
  0.15000032639645489     
  0.15000028893939041     
  0.15000037768230501     
  0.15000037853553788     
  0.15000037851392944     
  0.15000034146900693     
  0.15000044247919905     
  0.15000033787141179     
  0.15000051667732694     
  0.15000055375792948     
  0.15000055376460444     
  0.15000030644431947     
  0.15000035685617125     
  0.15000031952401671     
  0.15000036081449439     
  0.15000036146406800     
  0.15000024015894478     
  0.15000028023994655     
  0.15000028067265503     
  0.15000028067530274     
  0.15000055920006378     
  0.15000033147092495     
  0.15000034469207887     
  0.15000032338009947     
  0.14999999999999997     
  0.15000010349068915     
  0.15000025863870439     
  0.15000011656992146     
  0.15000011900249638     
  0.15000011902625482     
  0.15000011902632757     
  0.15000036105506370     
  0.15000056119955671     
  0.15000056121331001     
  0.15000046083482660     
  0.15000023073931718     
  0.15000019148460689     
  0.15000035112654614     
  0.15000036217494986     
  0.15000023210948163     
  0.15000026635227662     
  0.15000026674785047     
  0.15000026674905254     
  0.15000055740384974     
  0.15000055740996271     
  0.15000031335501238     
  0.15000028164502069     
  0.15000030962115693     
  0.15000035433707162     
  0.15000032586336895     
  0.14999999999999999     
  0.15000011448547715     
  0.15000012925367784     
  0.15000013231411577     
  0.15000013234609635     
  0.15000013234624879     
  0.15000036298637390     
  0.15000036330251315     
  0.15000018068709273     
  0.15000055599819556     
  0.15000034272774748     
  0.15000025031856618     
  0.15000029862183220     
  0.15000029918734753     
  0.15000029918987429     
  0.15000035820221644     
  0.15000035588191191     
  0.15000031885870496     
  0.15000034311823632     
  0.15000054472402308     
  0.15000036872680875     
  0.15000036184677970     
  0.15000052440539252     
  0.15000033339725638     
  0.15000012223703485     
  0.15000055403922596     
  0.15000055405209939     
  0.14999999999999997     
  0.15000013018066805     
  0.15000014747029794     
  0.15000015217546236     
  0.15000015223821417     
  0.15000015223851296     
  0.15000055188006003     
  0.15000055188638420     
  0.15000055417243174     
  0.15000044428439366     
  0.15000044429566436     
  0.15000054881628935     
  0.15000046499320419     
  0.15000055236135537     
  0.15000037866049543     
  0.15000009761416400     
  0.15000055401319090     
  0.15000055401686024     
  0.15000047423185717     
  0.15000030115611271     
  0.15000036690924565     
  0.15000033464516166     
  0.15000024555427754     
  0.15000033793377718     
  0.15000054408883115     
  0.15000054409762334     
  0.15000034873575657     
  0.15000029917741894     
  0.15000053947884745     
  0.15000037812837014     
  0.15000017170112356     
  0.15000018049939987     
  0.15000018059215794     
  0.15000018059260972     
  0.14999999999999994     
  0.15000014980938392     
  0.15000029455380523     
  0.15000034028515402     
  0.15000055166425227     
  0.15000055167532472     
  0.15000033443374589     
  0.15000039297419501     
  0.15000039297710591     
  0.15000024099168821     
  0.15000010533585587     
  0.15000032394831625     
  0.15000032629825821     
  0.15000035603068917     
  0.15000042780846837     
  0.15000042781126241     
  0.15000040365204625     
  0.15000040365570644     
  0.15000041547025711     
  0.15000041547383317     
  0.15000032890730688     
  0.15000023261650339     
  0.15000026731757479     
  0.15000026773095052     
  0.15000026773272401     
  0.15000053167020710     
  0.15000049417775904     
  0.15000054892419390     
  0.15000054893122267     
  0.15000033096732304     
  0.15000049060524412     
  0.15000049061016896     
  0.15000034916987884     
  0.15000000000000002     
  0.15000017329988455     
  0.15000054049768860     
  0.15000054050834541     
  0.15000045354615721     
  0.15000045355350852     
  0.15000020304146197     
  0.15000022135011859     
  0.15000022158481671     
  0.15000022158541118     
  0.15000052963827878     
  0.15000052964357632     
  0.15000041972042896     
  0.15000038303697830     
  0.15000028018366582     
  0.15000035846038809     
  0.15000035933754080     
  0.15000035936298833     
  0.15000035908390946     
  0.15000019272223264     
  0.15000034089666053     
  0.15000030530593950     
  0.15000027051452819     
  0.15000033831150925     
  0.15000033894209039     
  0.15000033894761958     
  0.15000036858655766     
  0.15000034827038991     
  0.15000054376883099     
  0.15000028889991637     
  0.15000026082000589     
  0.15000031888504628     
  0.15000031923374679     
  0.15000031923529611     
  0.15000034704271700     
  0.15000035795190972     
  0.15000048033743543     
  0.15000032885252323     
  0.15000035207474458     
  0.15000021922679366     
  0.15000037729171484     
  0.15000037729110513     
  0.15000049725323272     
  0.15000049725801251     
  0.15000035497975731     
  0.15000033016500852     
  0.15000032346394812     
  0.15000031326989857     
  0.15000033703644464     
  0.15000029210413912     
  0.15000033163675339     
  0.15000027122302184     
  0.15000053547151096     
  0.15000043693496021     
  0.15000053489046339     
  0.15000029771511941     
  0.15000032837031885     
  0.15000032125268964     
  0.15000023426627376     
  0.15000027016080100     
  0.15000035492549385     
  0.15000027058641921     
  0.15000027058788262     
  0.15000034513016197     
  0.15000049593901824     
  0.15000053443246167     
  0.15000022104452806     
  0.15000024846802820     
  0.15000024878546481     
  0.15000024878681728     
  0.15000027287067288     
  0.15000034303602991     
  0.15000034367914208     
  0.15000034368331047     
  0.15000031537414443     
  0.15000033485049163     
  0.15000035441885581     
  0.15000025311512466     
  0.15000030402562081     
  0.15000030450381177     
  0.15000030450655813     
  0.15000052702981434     
  0.15000033798475662     
  0.15000024020636768     
  0.15000028027632192     
  0.15000028067210822     
  0.15000028067328736     
  0.15000033973955096     
  0.15000000000000002     
  0.15000023941099178     
  0.15000049873287699     
  0.15000034640589655     
  0.15000033482870381     
  0.15000050902318307     
  0.15000034692481881     
  0.15000026179427856     
  0.15000024332005973     
  0.15000021545659065     
  0.15000012753028424     
  0.14999999999999994     
  0.15000024957141961     
  0.14999999999999997     
  0.15000019627366987     
  0.15000030510046322     
  0.15000032860489418     
  0.15000023293920650     
  0.15000052797947955     
  0.15000052798741645     
  0.15000022581882722     
  0.15000048338573874     
  0.15000028915015337     
  0.15000032122533075     
  0.15000015922905122     
  0.15000030950727733     
  0.15000020817854912     
  0.15000033766527227     
  0.15000027370895191     
  0.15000032452734632     
  0.15000025233021083     
  0.15000034885992855     
  0.15000020538421127     
  0.15000000000000002     
  0.15000024935232381     
  0.15000033291361603     
  0.15000052170547457     
  0.15000052171073902     
  0.15000026386739571     
  0.15000034754272210     
  0.15000035372292583     
  0.15000023171050694     
  0.15000051378918949     
  0.15000051379624682     
  0.15000030224531255     
  0.15000035140347151     
  0.15000024754808131     
  0.15000027166174509     
  0.15000052298444910     
  0.15000021258203147     
  0.15000023551470471     
  0.15000023569002957     
  0.15000023569080920     
  0.15000022734741411     
  0.15000025857990928     
  0.15000025903443412     
  0.15000025903519912     
  0.15000028049124464     
  0.15000035859617084     
  0.15000035944915543     
  0.15000035943562973     
  0.15000034703027582     
  0.15000029610269064     
  0.15000036539784278     
  0.15000022248429551     
  0.15000034538451171     
  0.15000024723207261     
  0.15000037530026028     
  0.15000037530639232     
  0.15000034573488277     
  0.15000033989705333     
  0.15000051543523690     
  0.15000044045209573     
  0.15000021101090585     
  0.15000051864931527     
  0.15000028843707983     
  0.15000030485149168     
  0.15000027591540402     
  0.15000023972642165     
  0.15000026111774076     
  0.15000029324027894     
  0.15000030827698102     
  0.15000027997065876     
  0.15000034785744723     
  0.15000010774671024     
  0.15000032458824414     
  0.15000027314200629     
  0.15000036181907864     
  0.15000028146373656     
  0.15000034853427796     
  0.15000034709747828     
  0.15000019702538445     
  0.15000030172938150     
  0.15000019990196695     
  0.15000032823339074     
  0.15000021611008649     
  0.15000029827713582     
  0.15000031035771283     
  0.15000050783049954     
  0.15000031654949544     
  0.15000040378291299     
  0.15000022656686735     
  0.15000030564684236     
  0.15000050547178345     
  0.15000050547563498     
  0.15000038759219200     
  0.15000038759610457     
  0.15000050431648557     
  0.15000050432891315     
  0.15000028368315516     
  0.15000025259171001     
  0.15000027960625290     
  0.15000041323553451     
  0.15000041324176994     
  0.15000027092399040     
  0.15000033853653966     
  0.15000033928332998     
  0.15000033931567017     
  0.15000021706484826     
  0.15000031584273932     
  0.15000044330942472     
  0.15000033374800209     
  0.15000047931386698     
  0.15000047932307217     
  0.15000026034544001     
  0.15000031756908602     
  0.15000031837811265     
  0.15000031838114908     
  0.15000035911820758     
  0.15000029576373286     
  0.15000050086223840     
  0.15000050087545577     
  0.14999999999999999     
  0.15000021629222188     
  0.15000049120011702     
  0.15000028032219651     
  0.15000049162225707     
  0.15000037811900996     
  0.15000027313506950     
  0.15000033046982073     
  0.15000031037249906     
  0.15000036007852452     
  0.15000035992191527     
  0.15000031474515749     
  0.15000034392575223     
  0.15000047248441745     
  0.15000037190117477     
  0.15000037190343127     
  0.15000046323624538     
  0.15000031126582200     
  0.15000029624196615     
  0.15000049329784954     
  0.15000035246101465     
  0.15000028275194213     
  0.15000032711329528     
  0.15000033989138342     
  0.15000044936205387     
  0.15000029671800702     
  0.15000028606754059     
  0.15000032295271917     
  0.15000049568986026     
  0.15000039277514537     
  0.15000039277858770     
  0.15000023431675311     
  0.15000049027707954     
  0.15000049028483181     
  0.15000033988319381     
  0.15000028679338481     
  0.15000010222638005     
  0.15000049187233785     
  0.15000030378456189     
  0.15000033081551845     
  0.15000026944144537     
  0.15000022156443171     
  0.15000025733376762     
  0.15000030456911395     
  0.15000031224504370     
  0.15000024881286184     
  0.15000029588240718     
  0.15000029624816935     
  0.15000029624969111     
  0.15000016616928472     
  0.15000032097549212     
  0.15000031081789336     
  0.15000033373056457     
  0.15000031831120905     
  0.15000028545210942     
  0.15000031562686983     
  0.15000027228234006     
  0.15000034075699023     
  0.15000034149374833     
  0.15000034148502492     
  0.15000024412687557     
  0.15000040370838486     
  0.15000032731798091     
  0.15000033645683827     
  0.15000009730162139     
  0.15000028417598518     
  0.15000041488611821     
  0.15000041489191532     
  0.15000047288771717     
  0.15000047289139667     
  0.15000031500221306     
  0.15000023098848667     
  0.15000023769188889     
  0.15000027589740655     
  0.15000027615761954     
  0.15000027615919356     
  0.15000030278473400     
  0.15000033131343848     
  0.15000019607227980     
  0.15000030298046010     
  0.15000034458832878     
  0.15000030905954542     
  0.15000026353518306     
  0.15000018309373470     
  0.15000031435297656     
  0.15000027839914828     
  0.15000029305042906     
  0.15000032534886287     
  0.15000022987538722     
  0.15000023814010771     
  0.15000032770558003     
  0.15000033189809436     
  0.15000031496646662     
  0.15000022038807928     
  0.15000010638067321     
  0.15000004634848429     
  0.15000032655868867     
  0.14999999999999997     
  0.15000009309477152     
  0.15000010463052910     
  0.15000010672202935     
  0.15000010674224395     
  0.15000010674034392     
  0.15000016012780396     
  0.15000046580140303     
  0.15000046580900886     
  0.15000019281712509     
  0.15000010518728144     
  0.14999999999999999     
  0.15000009689408209     
  0.15000010931809318     
  0.15000011152183340     
  0.15000011154468462     
  0.15000011154474074     
  0.15000010846567527     
  0.15000010333287594     
  0.15000044975567500     
  0.15000044976634175     
  0.15000031900331559     
  0.14999999999999999     
  0.15000010541249720     
  0.15000011876023325     
  0.15000012130456666     
  0.15000012133832757     
  0.15000012133843760     
  0.15000020792389981     
  0.15000029796298567     
  0.15000021877202346     
  0.15000025409749826     
  0.14999999999999997     
  0.15000011778513012     
  0.15000013316067923     
  0.15000013657964628     
  0.15000013662547046     
  0.15000013662562928     
  0.15000042224836690     
  0.15000042225173532     
  0.15000010737351488     
  0.15000010564208052     
  0.14999999999999999     
  0.15000013449155547     
  0.15000015292531957     
  0.15000015835450864     
  0.15000015839391409     
  0.15000015839407810     
  0.15000045177009860     
  0.15000019917767424     
  0.15000021663773946     
  0.15000021686805626     
  0.15000021686906242     
  0.15000044126307777     
  0.15000035684243479     
  0.15000035684823249     
  0.15000028220078401     
  0.15000017814269423     
  0.15000018879529459     
  0.15000018891639308     
  0.15000018891687134     
  0.15000031857622273     
  0.15000028712108435     
  0.14999999999999994     
  0.15000015462216890     
  0.15000033454664158     
  0.15000024215845756     
  0.15000033790615042     
  0.15000022145363284     
  0.15000024926398228     
  0.15000024952733190     
  0.15000024952823907     
  0.14999999999999999     
  0.15000017702303542     
  0.15000020913609929     
  0.15000023046972630     
  0.15000023078118899     
  0.15000023078225172     
  0.15000023610028360     
  0.15000011134561136     
  0.15000029973887433     
  0.15000030927075481     
  0.15000027222299947     
  0.15000033784411076     
  0.15000033767879900     
  0.15000020127824129     
  0.15000014669168368     
  0.15000016902002133     
  0.15000029888336872     
  0.15000025362443026     
  0.15000030471892434     
  0.15000030519645094     
  0.15000030530477002     
  0.15000039353358210     
  0.15000028633488496     
  0.15000028589231743     
  0.15000019909526954     
  0.15000000000000002     
  0.15000023330381523     
  0.14999999999999997     
  0.15000023848843530     
  0.15000029207082013     
  0.15000024748306165     
  0.15000026477184977     
  0.15000032563582338     
  0.15000026635211547     
  0.15000043640363520     
  0.15000043641185407     
  0.15000035619951901     
  0.15000030016124077     
  0.15000031178314666     
  0.15000040641410967     
  0.15000023862705611     
  0.15000027792849757     
  0.15000027828965992     
  0.15000027829170587     
  0.15000042691135959     
  0.15000011661484508     
  0.15000029087709299     
  0.15000027720085649     
  0.15000030275930920     
  0.15000021731302338     
  0.14999999999999999     
  0.14999999999999997     
  0.15000019697059891     
  0.15000026326151325     
  0.15000041833122707     
  0.15000031281553952     
  0.15000030546554122     
  0.15000026093913568     
  0.15000021936301303     
  0.15000026306276906     
  0.15000021069660360     
  0.15000035219745306     
  0.15000035220127630     
  0.15000028809399743     
  0.15000031301994521     
  0.15000041905172140     
  0.15000041905466183     
  0.15000029567031628     
  0.15000042329869148     
  0.15000027807440794     
  0.15000013419492672     
  0.15000027047165454     
  0.15000027971414812     
  0.15000030043649662     
  0.15000030410607348     
  0.15000019800062772     
  0.15000022576078764     
  0.15000026914829623     
  0.15000030756970820     
  0.15000029165416137     
  0.15000010175607711     
  0.15000028541417629     
  0.15000017807188779     
  0.15000017750653771     
  0.15000028089449516     
  0.15000012975924698     
  0.15000024343870547     
  0.15000031032480857     
  0.15000024819982175     
  0.15000029563963962     
  0.15000028965021417     
  0.15000010388279375     
  0.15000026904882718     
  0.15000000000000002     
  0.15000009006371515     
  0.15000010137200190     
  0.15000010342184344     
  0.15000010344325920     
  0.15000010344334547     
  0.15000038983060646     
  0.15000038983491826     
  0.15000019567897407     
  0.15000004518061757     
  0.15000017336618679     
  0.15000018767895046     
  0.14999999999999997     
  0.15000009214676133     
  0.15000010356619625     
  0.15000010567030564     
  0.15000010568460145     
  0.15000010568469052     
  0.15000024828323910     
  0.15000019985057803     
  0.15000024828100081     
  0.15000029425315817     
  0.15000029470433118     
  0.15000029474789986     
  0.14999999999999999     
  0.15000009797834798     
  0.15000011020364135     
  0.15000011246931183     
  0.15000011249981773     
  0.15000011249992776     
  0.15000029411611773     
  0.15000010441044501     
  0.15000016370149727     
  0.14999999999999999     
  0.15000010737156452     
  0.15000012105850943     
  0.15000012403902341     
  0.15000012407004623     
  0.15000012407022259     
  0.15000018100108684     
  0.15000021234128022     
  0.15000009797689304     
  0.15000024263500428     
  0.15000000000000002     
  0.15000012131998122     
  0.15000013712031315     
  0.15000014098597342     
  0.15000014103817558     
  0.15000014103833295     
  0.15000018438269488     
  0.15000019666441175     
  0.15000019677986143     
  0.15000019678042720     
  0.15000021195952834     
  0.15000026551703383     
  0.15000029945223275     
  0.15000015787515578     
  0.15000016421567450     
  0.15000016427751686     
  0.15000016427791704     
  0.14999999999999997     
  0.15000013841813747     
  0.15000025912826276     
  0.15000000000000002     
  0.15000015834066630     
  0.15000030905084555     
  0.15000030891883592     
  0.15000026997599894     
  0.15000037438820180     
  0.15000037439127770     
  0.15000011972226179     
  0.15000027247761644     
  0.15000025669589509     
  0.15000023704135296     
  0.15000022577388675     
  0.15000028688540196     
  0.15000024936734527     
  0.15000030341725348     
  0.15000009722239513     
  0.15000032954219922     
  0.15000032954376888     
  0.14999999999999999     
  0.15000017827366122     
  0.15000000000000002     
  0.15000022488803422     
  0.14999999999999994     
  0.15000022470627380     
  0.15000023209489380     
  0.15000026690515067     
  0.15000026736245312     
  0.15000026736032049     
  0.15000025040522272     
  0.15000009149800331     
  0.15000021439457500     
  0.14999999999999997     
  0.15000021578730674     
  0.15000024103501128     
  0.15000024121648350     
  0.15000024121756680     
  0.15000022506874020     
  0.15000010143565587     
  0.15000014658904015     
  0.15000032514038794     
  0.15000023648470759     
  0.15000013619581512     
  0.15000010234790406     
  0.15000027338681385     
  0.15000026345082781     
  0.15000027258674797     
  0.15000027445574401     
  0.15000022461540760     
  0.15000010056020172     
  0.15000035804372092     
  0.15000036506104761     
  0.15000011191899362     
  0.15000027689884546     
  0.15000036441334982     
  0.15000036441685866     
  0.14999999999999997     
  0.15000019507552617     
  0.15000023347094008     
  0.15000017817063752     
  0.15000028184869152     
  0.15000028293659756     
  0.15000026828631755     
  0.15000009853596200     
  0.15000024091641995     
  0.15000009170135456     
  0.15000024653126448     
  0.15000019113264365     
  0.15000020561647445     
  0.15000020571481928     
  0.15000020571525643     
  0.15000009945370463     
  0.15000009350862670     
  0.14999999999999999     
  0.15000008815301169     
  0.15000009928173466     
  0.15000010120393439     
  0.15000010122154930     
  0.15000010122171484     
  0.15000023721757880     
  0.15000000000000002     
  0.15000009182815321     
  0.15000010331170019     
  0.15000010540683043     
  0.15000010542754277     
  0.15000010542766717     
  0.15000010076454748     
  0.15000026535276417     
  0.15000023083352157     
  0.15000026338885611     
  0.15000026367710081     
  0.15000026380295195     
  0.15000025084048177     
  0.15000004386834484     
  0.15000032162253435     
  0.15000032162422922     
  0.14999999999999999     
  0.15000009898382516     
  0.15000011161721946     
  0.15000011395476459     
  0.15000011397278379     
  0.15000011397292373     
  0.14999999999999997     
  0.15000011006358568     
  0.15000012405253779     
  0.15000012706842422     
  0.15000012709994734     
  0.15000012710012103     
  0.15000025872275752     
  0.15000000000000002     
  0.15000012444525665     
  0.15000014094509728     
  0.15000014526257491     
  0.15000014530043509     
  0.15000014530060371     
  0.15000016226485641     
  0.15000016946420944     
  0.15000016954010556     
  0.15000016954027623     
  0.15000020453686419     
  0.15000000000000002     
  0.15000014177446622     
  0.15000010428991015     
  0.15000033434245685     
  0.15000018240489107     
  0.15000000000000002     
  0.15000016042006598     
  0.15000017066528382     
  0.15000023301504387     
  0.15000018869818640     
  0.15000015443769754     
  0.15000018457566167     
  0.15000024327153902     
  0.15000020823529239     
  0.14999999999999999     
  0.15000026378176229     
  0.14999999999999999     
  0.15000021338334213     
  0.15000024775457196     
  0.15000024650956062     
  0.15000024683750396     
  0.15000032366830165     
  0.15000032366966951     
  0.15000026290494003     
  0.15000030513236823     
  0.15000000000000002     
  0.15000017780489211     
  0.15000017309905725     
  0.15000009931908606     
  0.15000009858039423     
  0.14999999999999997     
  0.15000019405763862     
  0.15000025975824541     
  0.15000009111059667     
  0.15000023455646253     
  0.15000013799222509     
  0.15000019385200256     
  0.15000020630923197     
  0.15000026534490751     
  0.15000026540014844     
  0.15000020036192172     
  0.15000023100472762     
  0.15000020941815279     
  0.15000023246184960     
  0.15000023270273549     
  0.15000023275313934     
  0.15000015953973805     
  0.15000026320669921     
  0.15000025315701038     
  0.15000016328176821     
  0.15000030328131059     
  0.15000030328319910     
  0.15000021931467181     
  0.15000020943788542     
  0.15000009832357783     
  0.15000009464455785     
  0.15000000000000002     
  0.15000008528099132     
  0.15000009597999212     
  0.15000009785772778     
  0.15000009787791416     
  0.15000009787739885     
  0.15000012004853264     
  0.15000021188190538     
  0.14999999999999997     
  0.15000008700014550     
  0.15000009787902238     
  0.15000009982333379     
  0.15000009985062193     
  0.15000009985070636     
  0.15000010761456756     
  0.15000009224936955     
  0.14999999999999997     
  0.15000009203032538     
  0.15000010358129851     
  0.15000010574505476     
  0.15000010577072409     
  0.15000010577080802     
  0.14999999999999999     
  0.15000010035250227     
  0.15000011330532786     
  0.15000011576918876     
  0.15000011579580294     
  0.15000011579588754     
  0.15000018016173125     
  0.15000011586103337     
  0.14999999999999997     
  0.15000011254143300     
  0.15000012685587527     
  0.15000013009420124     
  0.15000013011611490     
  0.15000013011631727     
  0.15000021723660972     
  0.15000000000000002     
  0.15000012696636045     
  0.15000014435193593     
  0.15000014907426504     
  0.15000014910627826     
  0.15000014910656273     
  0.15000000000000005     
  0.15000014410537893     
  0.15000016476770045     
  0.15000017302828431     
  0.15000017309033431     
  0.15000017309087441     
  0.15000023505214183     
  0.15000022997191825     
  0.15000018843446467     
  0.15000020290642033     
  0.15000020309825682     
  0.15000020309910697     
  0.15000026257671384     
  0.15000026257736113     
  0.15000020211174356     
  0.14999999999999999     
  0.15000016013504613     
  0.15000008709055240     
  0.15000000000000002     
  0.15000019922998040     
  0.15000010044116641     
  0.15000021463387825     
  0.15000019010828500     
  0.14999999999999994     
  0.15000028046227462     
  0.15000025749209153     
  0.15000028355827072     
  0.15000020855179724     
  0.15000023100911516     
  0.15000023120308043     
  0.15000023113502706     
  0.15000023863346254     
  0.15000012743963617     
  0.15000009668374104     
  0.15000010379599099     
  0.15000022168915750     
  0.15000004208291365     
  0.15000009560729177     
  0.15000013297485013     
  0.15000023995679432     
  0.14999999999999994     
  0.15000017498875917     
  0.15000027943128019     
  0.15000027943366451     
  0.15000022070135632     
  0.15000015398611014     
  0.15000009612591012     
  0.15000017751332018     
  0.15000010682698953     
  0.15000011929203119     
  0.15000009221350247     
  0.15000022746120731     
  0.15000009319455204     
  0.15000021459678811     
  0.15000020940630376     
  0.15000008389638764     
  0.15000022651371139     
  0.15000009523005281     
  0.15000022207982186     
  0.14999999999999999     
  0.15000008322561145     
  0.15000009360144495     
  0.15000009548255611     
  0.15000009550042340     
  0.15000009550115848     
  0.15000022439237273     
  0.15000025527359112     
  0.15000025527514485     
  0.15000018500885268     
  0.15000017153039036     
  0.14999999999999999     
  0.15000008648021049     
  0.15000009714565218     
  0.15000009913866441     
  0.15000009915908299     
  0.15000009915914148     
  0.15000009858759505     
  0.14999999999999997     
  0.15000009258462810     
  0.15000010435664995     
  0.15000010653830922     
  0.15000010654914520     
  0.15000010654924109     
  0.15000014285263444     
  0.15000015678846507     
  0.14999999999999999     
  0.15000010221589977     
  0.15000011513928285     
  0.15000011773303498     
  0.15000011775981509     
  0.15000011775991698     
  0.14999999999999999     
  0.15000011417306983     
  0.15000012941075583     
  0.15000013287035879     
  0.15000013289547198     
  0.15000013289563241     
  0.14999999999999997     
  0.15000012913545721     
  0.15000014690865254     
  0.15000015205035946     
  0.15000015210827947     
  0.15000015210834985     
  0.15000019195208325     
  0.15000008621117972     
  0.14999999999999999     
  0.15000014516816312     
  0.15000016639540439     
  0.15000017519349593     
  0.15000017525183651     
  0.15000017525209480     
  0.15000021334480501     
  0.15000011691866932     
  0.15000019318405716     
  0.15000015648239418     
  0.15000000000000002     
  0.15000018427482109     
  0.14999999999999999     
  0.15000018712407437     
  0.15000018583893313     
  0.15000019959091662     
  0.15000019968221748     
  0.15000019963019254     
  0.15000017557895362     
  0.15000025353331109     
  0.15000020291585892     
  0.15000022276513952     
  0.15000022300642357     
  0.15000022298564861     
  0.15000024291372108     
  0.14999999999999999     
  0.15000015888527746     
  0.15000015909974365     
  0.15000021643827391     
  0.15000008433175802     
  0.14999999999999999     
  0.15000017238843058     
  0.15000009603206296     
  0.15000013664396128     
  0.15000008621539540     
  0.15000010951238241     
  0.15000021554006648     
  0.15000024070320975     
  0.15000024070455209     
  0.15000019774826936     
  0.15000009256026156     
  0.15000009162567024     
  0.15000000000000002     
  0.15000008027894648     
  0.15000009040819579     
  0.15000009217019369     
  0.15000009218870800     
  0.15000009218761015     
  0.15000016000906613     
  0.15000007864581688     
  0.14999999999999999     
  0.15000008183341412     
  0.15000009203767467     
  0.15000009386411092     
  0.15000009388210739     
  0.15000009388219113     
  0.15000009228099762     
  0.14999999999999997     
  0.15000008632446712     
  0.15000009700744335     
  0.15000009898674491     
  0.15000009900546502     
  0.15000009900556843     
  0.14999999999999997     
  0.15000009363873651     
  0.15000009862806948     
  0.15000010538395700     
  0.15000010757629997     
  0.15000010759882385     
  0.15000010759895360     
  0.15000000000000002     
  0.15000010358052338     
  0.15000011686547485     
  0.15000011962150556     
  0.15000011964623489     
  0.15000011964640642     
  0.15000017799773629     
  0.14999999999999997     
  0.15000011632879603     
  0.15000013127461456     
  0.15000013512148544     
  0.15000013515892274     
  0.15000013515903687     
  0.14999999999999999     
  0.15000013023923475     
  0.15000019964829153     
  0.15000021823127777     
  0.15000021823170120     
  0.15000014832097935     
  0.15000015388128604     
  0.15000015396376237     
  0.15000015396400104     
  0.15000011732266966     
  0.15000016639616057     
  0.15000017506125754     
  0.15000017519291228     
  0.15000017519334033     
  0.15000009275077439     
  0.14999999999999997     
  0.15000014423659705     
  0.15000018924367065     
  0.15000020254240631     
  0.15000000000000002     
  0.15000017500261392     
  0.15000018290484934     
  0.15000019591676830     
  0.15000019606524562     
  0.15000019609567164     
  0.15000018960417175     
  0.15000021294513008     
  0.15000016466217245     
  0.15000018491399331     
  0.15000012368645924     
  0.15000019621152993     
  0.15000018998180908     
  0.15000000000000002     
  0.15000016793074614     
  0.15000022441851454     
  0.15000003965614297     
  0.15000016574389213     
  0.15000016039128458     
  0.15000009135780792     
  0.15000017037798799     
  0.14999999999999999     
  0.15000015562428956     
  0.15000007941877924     
  0.15000010087228891     
  0.15000018753192629     
  0.15000008723769526     
  0.15000019233187567     
  0.15000008878896803     
  0.15000008441050086     
  0.15000011730063592     
  0.15000008696936484     
  0.15000019345469115     
  0.15000020924206459     
  0.15000020924315988     
  0.14999999999999997     
  0.15000007814489544     
  0.15000008800095999     
  0.15000008970006501     
  0.15000008971622991     
  0.15000008971638326     
  0.15000008853507565     
  0.14999999999999999     
  0.15000008084857394     
  0.15000009102535719     
  0.15000009284751584     
  0.15000009286669289     
  0.15000009286676300     
  0.15000008934390949     
  0.15000007391688325     
  0.15000000000000002     
  0.15000008652237629     
  0.15000009723199761     
  0.15000009919579946     
  0.15000009921607935     
  0.15000009921618984     
  0.15000013480344071     
  0.15000015085782972     
  0.15000017410482785     
  0.14999999999999999     
  0.15000009431654954     
  0.15000010635272520     
  0.15000010868008387     
  0.15000010869063393     
  0.15000010869076413     
  0.15000008063421427     
  0.15000009275590157     
  0.14999999999999997     
  0.15000010495449001     
  0.15000011836445504     
  0.15000012123985038     
  0.15000012126173037     
  0.15000012126175244     
  0.14999999999999994     
  0.15000011703759705     
  0.15000013277761653     
  0.15000013666760822     
  0.15000013672613066     
  0.15000013672629725     
  0.15000009843990156     
  0.14999999999999997     
  0.15000013050464264     
  0.15000014868957051     
  0.15000015434482444     
  0.15000015440011932     
  0.15000015440040734     
  0.15000016990817314     
  0.15000017830908924     
  0.15000017832214169     
  0.15000019002922166     
  0.15000019002202858     
  0.15000016402483626     
  0.15000017196332782     
  0.15000017202403326     
  0.15000017205180852     
  0.15000010451860993     
  0.15000014570683809     
  0.15000000000000002     
  0.15000016204053482     
  0.15000018877606491     
  0.15000018496765874     
  0.15000016869862046     
  0.15000020057449318     
  0.15000018647004831     
  0.15000010651451187     
  0.15000012382994912     
  0.15000000000000002     
  0.15000014156729077     
  0.15000008807540871     
  0.14999999999999999     
  0.15000015211044912     
  0.15000011978324199     
  0.15000016110069081     
  0.15000008292242015     
  0.15000008519264599     
  0.15000010014714191     
  0.15000016954193260     
  0.15000003784326577     
  0.14999999999999997     
  0.15000007537889065     
  0.15000008487636057     
  0.15000008642547819     
  0.15000008644304844     
  0.15000008644451360     
  0.14999999999999999     
  0.15000007664427631     
  0.15000008617066876     
  0.15000008788558661     
  0.15000008790178040     
  0.15000008790188377     
  0.15000000000000002     
  0.15000008046448790     
  0.15000009046886389     
  0.15000009228807207     
  0.15000009230046601     
  0.15000009230059083     
  0.15000007240041602     
  0.15000000000000002     
  0.15000008663691669     
  0.15000009757630928     
  0.15000009958915525     
  0.15000009960872465     
  0.15000009960879462     
  0.14999999999999997     
  0.15000009524916991     
  0.15000010727991847     
  0.15000010967345620     
  0.15000010969800201     
  0.15000010969807273     
  0.15000008665958400     
  0.15000000000000002     
  0.15000010558100599     
  0.15000011936400590     
  0.15000012239003324     
  0.15000012241582963     
  0.15000012241596922     
  0.15000008851706859     
  0.15000017387865189     
  0.15000018400286930     
  0.15000018400311108     
  0.14999999999999999     
  0.15000011752791367     
  0.15000013331394718     
  0.15000013724115924     
  0.15000013728783823     
  0.15000013728810280     
  0.15000009300005712     
  0.15000014710976223     
  0.15000015285384405     
  0.15000015289272839     
  0.15000015289298407     
  0.15000017322881856     
  0.14999999999999997     
  0.15000012882959010     
  0.15000016383012599     
  0.15000016019327020     
  0.15000016790378057     
  0.15000016798524674     
  0.15000016798817012     
  0.15000018004159285     
  0.15000017199850760     
  0.15000000000000002     
  0.15000014808609219     
  0.15000013938113407     
  0.15000008451509056     
  0.15000018610667712     
  0.15000010860160423     
  0.15000016215669273     
  0.15000008517660660     
  0.15000007791346856     
  0.15000007979374561     
  0.15000006765197296     
  0.15000014094092270     
  0.14999999999999999     
  0.15000013812488508     
  0.15000012353461425     
  0.15000014761810593     
  0.15000013177814453     
  0.15000008384751379     
  0.15000008036399945     
  0.15000003651746763     
  0.15000016760085513     
  0.15000017641406407     
  0.15000017641448232     
  0.14999999999999997     
  0.15000007316049999     
  0.15000008231845569     
  0.15000008390583522     
  0.15000008391646780     
  0.15000008391627018     
  0.15000000000000005     
  0.15000007567844947     
  0.15000008496415981     
  0.15000008661462713     
  0.15000008663340531     
  0.15000008663351269     
  0.14999999999999997     
  0.15000008024672695     
  0.15000009027811656     
  0.15000009202263456     
  0.15000009205190226     
  0.15000009205195289     
  0.15000008210869561     
  0.15000008570545084     
  0.14999999999999997     
  0.15000008699330378     
  0.15000009793938163     
  0.15000010000440170     
  0.15000010002854292     
  0.15000010002859474     
  0.14999999999999999     
  0.15000009580091725     
  0.15000010795861471     
  0.15000011040918870     
  0.15000011043433847     
  0.15000011043448455     
  0.15000016111718339     
  0.15000000000000002     
  0.15000010606622910     
  0.15000012023296236     
  0.15000012293209350     
  0.15000012296818363     
  0.15000012296834436     
  0.14999999999999997     
  0.15000011687662440     
  0.15000013238903698     
  0.15000013661916448     
  0.15000013665770959     
  0.15000013665781725     
  0.15000014461505012     
  0.15000011228405316     
  0.15000015639130129     
  0.15000016339325925     
  0.15000016339972047     
  0.15000014440404616     
  0.15000014979348106     
  0.15000014985475335     
  0.15000014984087551     
  0.15000015919535276     
  0.15000015382735971     
  0.15000016185389686     
  0.15000016920036738     
  0.14999999999999997     
  0.15000012618211717     
  0.15000009593640745     
  0.14999999999999997     
  0.15000013470826212     
  0.15000008154152616     
  0.15000010206465722     
  0.15000014818256588     
  0.15000015424184698     
  0.15000008107927440     
  0.15000010280996903     
  0.15000000000000002     
  0.15000007041073601     
  0.15000007921727279     
  0.15000008072297866     
  0.15000008073918361     
  0.15000008073897636     
  0.15000006432859875     
  0.15000003528607708     
  0.14999999999999997     
  0.15000007146105868     
  0.15000008039971799     
  0.15000008197151915     
  0.15000008198444414     
  0.15000008198449086     
  0.15000006193306187     
  0.15000008078632543     
  0.14999999999999997     
  0.15000007462354784     
  0.15000008410885798     
  0.15000008572898488     
  0.15000008575053517     
  0.15000008575059603     
  0.15000012753396394     
  0.15000000000000002     
  0.15000007996809700     
  0.15000009014931615     
  0.15000009190941843     
  0.15000009192143321     
  0.15000009192152167     
  0.15000011991884263     
  0.15000007287415615     
  0.14999999999999999     
  0.15000008716439378     
  0.15000009820034843     
  0.15000010031516128     
  0.15000010033879893     
  0.15000010033889544     
  0.15000009105951070     
  0.14999999999999997     
  0.15000009590727836     
  0.15000010826574428     
  0.15000011073242722     
  0.15000011077300793     
  0.15000011077311859     
  0.15000015186488252     
  0.15000015777386880     
  0.15000015777420955     
  0.15000007856872155     
  0.14999999999999999     
  0.15000010587499987     
  0.15000011937939001     
  0.15000012256401241     
  0.15000012259962817     
  0.15000012259970386     
  0.15000013053460318     
  0.15000013459489644     
  0.15000013462758394     
  0.15000013462782327     
  0.15000007827677109     
  0.14999999999999997     
  0.15000011491839310     
  0.15000008313536645     
  0.15000014264382974     
  0.15000014905121153     
  0.15000014082140103     
  0.15000014559362143     
  0.15000014563387573     
  0.15000014565416364     
  0.15000012658172823     
  0.15000015405042083     
  0.15000014460174463     
  0.15000011003254460     
  0.15000014192704486     
  0.15000012951873629     
  0.15000007857152473     
  0.15000000000000002     
  0.15000012222073705     
  0.15000013663671358     
  0.15000013031620449     
  0.15000007494167950     
  0.15000008337957271     
  0.15000007883935410     
  0.15000007806027377     
  0.15000003401549189     
  0.14999999999999997     
  0.15000006818829659     
  0.15000007668080229     
  0.15000007818826991     
  0.15000007820413891     
  0.15000007820292541     
  0.15000007738115023     
  0.14999999999999999     
  0.15000007022962999     
  0.15000007894404824     
  0.15000008050347000     
  0.15000008051714578     
  0.15000008051722796     
  0.15000011453958534     
  0.14999999999999997     
  0.15000007410324595     
  0.15000008335763523     
  0.15000008508216012     
  0.15000008509427568     
  0.15000008509434617     
  0.14999999999999997     
  0.15000007999409581     
  0.15000008995378325     
  0.15000009178949628     
  0.15000009181441742     
  0.15000009181447119     
  0.14999999999999997     
  0.15000008708547413     
  0.15000009815241144     
  0.15000010038271819     
  0.15000010040246564     
  0.15000010040260403     
  0.15000009580422882     
  0.15000000000000002     
  0.15000009571889011     
  0.15000010793960430     
  0.15000011048970352     
  0.15000011051538337     
  0.15000011051548065     
  0.14999999999999997     
  0.15000010447858381     
  0.15000011819926728     
  0.15000012135763796     
  0.15000012138878385     
  0.15000012138898022     
  0.15000013487642677     
  0.15000013860850409     
  0.15000012763159892     
  0.15000013160009279     
  0.15000013163774883     
  0.15000013163118334     
  0.15000007453787084     
  0.15000013447566957     
  0.15000013655015465     
  0.15000014106371712     
  0.15000014106341400     
  0.15000013804147877     
  0.15000014030413553     
  0.14999999999999997     
  0.15000011181204997     
  0.15000007655110312     
  0.15000010319151408     
  0.15000008968285222     
  0.15000007036003785     
  0.15000008700898426     
  0.15000011289652745     
  0.15000007466152973     
  0.15000000000000002     
  0.15000006541995484     
  0.15000007365112786     
  0.15000007510543639     
  0.15000007512459354     
  0.15000007512778016     
  0.15000003279010218     
  0.15000007525906248     
  0.14999999999999997     
  0.15000006639903288     
  0.15000007470470775     
  0.15000007618225475     
  0.15000007619811176     
  0.15000007619819267     
  0.15000011409290370     
  0.15000000000000002     
  0.15000006906649621     
  0.15000007787833028     
  0.15000007937609125     
  0.15000007939075155     
  0.15000007939080448     
  0.14999999999999999     
  0.15000007361301351     
  0.15000008302831230     
  0.15000008457604191     
  0.15000008459936315     
  0.15000008459944414     
  0.14999999999999999     
  0.15000007966791418     
  0.15000008984754168     
  0.15000009159458791     
  0.15000009161245667     
  0.15000009161255365     
  0.14999999999999997     
  0.15000008696827230     
  0.15000009806014195     
  0.15000010010983156     
  0.15000010013708695     
  0.15000010013719328     
  0.14999999999999997     
  0.15000009495175320     
  0.15000010707809489     
  0.15000010960796950     
  0.15000010962264473     
  0.15000010962270099     
  0.15000011601719154     
  0.15000011905279653     
  0.15000011907085814     
  0.15000011907099672     
  0.15000010234100328     
  0.15000012517642788     
  0.15000012752026384     
  0.15000012756700953     
  0.15000012754544034     
  0.15000007451660061     
  0.15000010240112949     
  0.15000012488963146     
  0.15000007246590336     
  0.15000007491005238     
  0.15000010667129915     
  0.15000009069137488     
  0.15000007418018060     
  0.15000006695364262     
  0.15000007179207295     
  0.15000006851451692     
  0.15000003157002842     
  0.15000007178002997     
  0.14999999999999997     
  0.15000006324210613     
  0.15000007123164671     
  0.15000007262556739     
  0.15000007264038662     
  0.15000007263887816     
  0.15000000000000002     
  0.15000006509975644     
  0.15000007312204847     
  0.15000007458133333     
  0.15000007460066822     
  0.15000007460073875     
  0.15000007233502222     
  0.15000008077056975     
  0.15000000000000002     
  0.15000006841757879     
  0.15000007698740089     
  0.15000007845734437     
  0.15000007847245961     
  0.15000007847250296     
  0.15000007009929792     
  0.15000000000000002     
  0.15000007325477188     
  0.15000008238746063     
  0.15000008405616833     
  0.15000008406560872     
  0.15000008406568643     
  0.14999999999999999     
  0.15000007943085153     
  0.15000008945076765     
  0.15000009118163998     
  0.15000009119341895     
  0.15000009119352364     
  0.15000009887394383     
  0.15000000000000002     
  0.15000008616367067     
  0.15000009717141760     
  0.15000009935222910     
  0.15000009936378353     
  0.15000009936383912     
  0.15000010557425991     
  0.15000010801390065     
  0.15000010804310271     
  0.15000010804327465     
  0.15000007638825583     
  0.15000011580090925     
  0.15000011582988740     
  0.15000006932658821     
  0.15000007114853786     
  0.15000008954230915     
  0.15000010060632579     
  0.15000009142629400     
  0.15000006907188240     
  0.15000007921350514     
  0.15000007409239502     
  0.14999999999999999     
  0.15000006076299083     
  0.15000006831968424     
  0.15000006966956944     
  0.15000006968194451     
  0.15000006968496343     
  0.15000003042526983     
  0.14999999999999997     
  0.15000006160542476     
  0.15000006925147685     
  0.15000007059574716     
  0.15000007060718581     
  0.15000007060724793     
  0.15000006898950530     
  0.14999999999999999     
  0.15000006381100334     
  0.15000007191784703     
  0.15000007328735121     
  0.15000007329664394     
  0.15000007329670725     
  0.15000007001022567     
  0.14999999999999999     
  0.15000006772768174     
  0.15000007762904727     
  0.15000007764100429     
  0.15000006252235429     
  0.15000000000000002     
  0.15000007279726016     
  0.15000008180826313     
  0.14999999999999999     
  0.15000007876204141     
  0.15000009043597815     
  0.15000009599147843     
  0.15000009810853157     
  0.15000009812614939     
  0.15000009812627538     
  0.15000010558677618     
  0.15000008168341505     
  0.15000006846617267     
  0.15000007798191645     
  0.15000006225222665     
  0.15000006564188798     
  0.15000006261382173     
  0.14999999999999999     
  0.15000005866766908     
  0.15000006725358916     
  0.15000006726874071     
  0.14999999999999999     
  0.15000006005373737     
  0.15000006891661222     
  0.15000006893172049     
  0.15000002921106947     
  0.14999999999999999     
  0.15000006297882368     
  0.15000000000000002     
  0.15000006696540144     
  0.14999999999999997     
  0.15000007202805093     
  0.15000006448016448     
  0.15000006749209960     
  0.15000007229208717     
  0.15000006630514665     
  0.15000006460900650     
  0.15000006458280227     
  0.15000007039735719     
  0.15000005619352150     
  0.14999999999999999     
  0.15000005683897408     
  0.15000006525172183     
  0.14999999999999999     
  0.15000005890128090     
  0.15000006008184455     
  0.15000000000000002     
  0.15000006198279808     
  0.15000000000000002     
  0.15000005547412812     
  0.15000005790592388     
  0.15000005695140531     
