time_after_pulse_ms,comparison_channel,reference_normalized,simulation_normalized,residual,region
0,left,0.401826212093,0.000566302609036,-0.401259909484,rise
0.01,left,0.404656076826,0.00067674653224,-0.403979330294,rise
0.02,left,0.407421963803,0.000807288915492,-0.406614674888,rise
0.03,left,0.410124869749,0.000960438939789,-0.409164430809,rise
0.04,left,0.412771821372,0.00113891686246,-0.41163290451,rise
0.05,left,0.415375524245,0.00134567243008,-0.414029851815,rise
0.06,left,0.417953178627,0.00158396151093,-0.416369217116,rise
0.07,left,0.420525278452,0.00185749782305,-0.418667780629,rise
0.08,left,0.423114299792,0.00217060611292,-0.420943693679,rise
0.09,left,0.425743133213,0.0025283008379,-0.423214832375,rise
0.1,left,0.428433447989,0.00293630493351,-0.425497143056,rise
0.11,left,0.431203759402,0.00340105480147,-0.4278027046,rise
0.12,left,0.434067120962,0.00392970330266,-0.430137417659,rise
0.13,left,0.437029351237,0.00453011420956,-0.432499237028,rise
0.14,left,0.440088637389,0.00521084858504,-0.434877788804,rise
0.15,left,0.443236394985,0.00598114875151,-0.437255246234,rise
0.16,left,0.446459088234,0.00685091940169,-0.439608168833,rise
0.17,left,0.449740837264,0.00783069762579,-0.441910139638,rise
0.18,left,0.453066004789,0.00893160342687,-0.444134401363,rise
0.19,left,0.456420729405,0.0101652699702,-0.446255459435,rise
0.2,left,0.459793370247,0.0115437573143,-0.448249612932,rise
0.21,left,0.463174359458,0.0130794506654,-0.450094908793,rise
0.22,left,0.466555434901,0.0147849454832,-0.451770489417,rise
0.23,left,0.469928433578,0.0166729238742,-0.453255509703,rise
0.24,left,0.473284523248,0.0187560230884,-0.45452850016,rise
0.25,left,0.476614228403,0.0210466950109,-0.455567533393,rise
0.26,left,0.479907844747,0.0235570577485,-0.456350786999,rise
0.27,left,0.483156025737,0.026298743203,-0.456857282534,rise
0.28,left,0.486350355681,0.0292827449484,-0.457067610732,rise
0.29,left,0.489483343265,0.0325192705324,-0.456964072733,rise
0.3,left,0.49254771076,0.0360176036536,-0.456530107107,rise
0.31,left,0.495535680909,0.0397859797449,-0.455749701164,rise
0.32,left,0.498438695776,0.0438314743136,-0.454607221462,rise
0.33,left,0.501247367872,0.0481599051679,-0.453087462704,rise
0.34,left,0.503951855124,0.0527757553466,-0.451176099778,rise
0.35,left,0.506543111618,0.0576821214317,-0.448860990186,rise
0.36,left,0.509014536314,0.0628806835265,-0.446133852788,rise
0.37,left,0.511363245116,0.0683716920217,-0.442991553095,rise
0.38,left,0.513591093666,0.0741539725894,-0.439437121076,rise
0.39,left,0.515705538127,0.080224952597,-0.43548058553,rise
0.4,left,0.517719790715,0.0865807071748,-0.431139083541,rise
0.41,left,0.519652108542,0.0932160196966,-0.426436088845,rise
0.42,left,0.521524278702,0.100124451948,-0.421399826753,rise
0.43,left,0.523359151422,0.107298421483,-0.416060729939,rise
0.44,left,0.525177775482,0.114729285671,-0.410448489811,rise
0.45,left,0.526997394972,0.122407435107,-0.404589959866,rise
0.46,left,0.528830869133,0.130322401245,-0.398508467888,rise
0.47,left,0.5306869806,0.138462976114,-0.392224004486,rise
0.48,left,0.532571077342,0.146817333589,-0.385753743753,rise
0.49,left,0.534485964585,0.155373144796,-0.379112819788,rise
0.5,left,0.536432742586,0.164117685602,-0.372315056984,rise
0.51,left,0.538411137879,0.173037934095,-0.365373203784,rise
0.52,left,0.54041952313,0.182120658689,-0.358298864441,rise
0.53,left,0.542454942897,0.19135250036,-0.351102442537,rise
0.54,left,0.544512899611,0.200720048779,-0.343792850831,rise
0.55,left,0.546587002794,0.210209911837,-0.336377090957,rise
0.56,left,0.548669216615,0.219808784003,-0.328860432612,rise
0.57,left,0.55075072535,0.229503518606,-0.321247206745,rise
0.58,left,0.552822594373,0.239281200492,-0.313541393882,rise
0.59,left,0.55487602799,0.249129210744,-0.305746817246,rise
0.6,left,0.556902744586,0.259035278534,-0.297867466052,rise
0.61,left,0.558895519454,0.268987519806,-0.289907999648,rise
0.62,left,0.560848638334,0.278974466108,-0.281874172226,rise
0.63,left,0.562758418532,0.288985089095,-0.273773329437,rise
0.64,left,0.564623729784,0.29900882293,-0.265614906854,rise
0.65,left,0.566445974709,0.309035581874,-0.257410392835,rise
0.66,left,0.56822861329,0.31905577121,-0.24917284208,rise
0.67,left,0.569976801081,0.329060293198,-0.240916507883,rise
0.68,left,0.571696986651,0.339040550518,-0.232656436133,rise
0.69,left,0.57339612255,0.348988446767,-0.224407675783,rise
0.7,left,0.57508094763,0.358896380578,-0.216184567052,rise
0.71,left,0.576757757242,0.368757231271,-0.208000525971,rise
0.72,left,0.578432353136,0.37856433948,-0.199868013656,rise
0.73,left,0.58010998762,0.388311489212,-0.191798498408,rise
0.74,left,0.581795447503,0.397992896264,-0.183802551239,rise
0.75,left,0.583493003144,0.407603201759,-0.175889801385,rise
0.76,left,0.585205868507,0.417137460601,-0.168068407906,rise
0.77,left,0.586935648525,0.426591118822,-0.160344529703,rise
0.78,left,0.5886823559,0.435959988496,-0.152722367404,rise
0.79,left,0.590444581629,0.44524022799,-0.14520435364,rise
0.8,left,0.592219476885,0.454428325859,-0.137791151026,rise
0.81,left,0.594003187182,0.463521088507,-0.130482098675,rise
0.82,left,0.595792119671,0.472515633243,-0.123276486428,rise
0.83,left,0.597584613798,0.48140938127,-0.116175232528,rise
0.84,left,0.599382514333,0.490200043287,-0.109182471046,rise
0.85,left,0.601192115641,0.498885598325,-0.102306517316,rise
0.86,left,0.603023745058,0.507464272244,-0.0955594728147,rise
0.87,left,0.604889956131,0.515934524292,-0.0889554318396,rise
0.88,left,0.606803476722,0.524295048549,-0.0825084281726,rise
0.89,left,0.608775763895,0.532544784432,-0.0762309794634,rise
0.9,left,0.610815822662,0.540682920908,-0.0701329017537,rise
0.91,left,0.612929041683,0.548708888541,-0.0642201531416,rise
0.92,left,0.61511656761,0.556622345001,-0.0584942226093,rise
0.93,left,0.617375312495,0.564423158146,-0.0529521543493,rise
0.94,left,0.619698199673,0.572111386692,-0.0475868129808,rise
0.95,left,0.622074871123,0.579687260738,-0.0423876103857,rise
0.96,left,0.624493038266,0.58715116547,-0.0373418727959,rise
0.97,left,0.626939950757,0.594503627281,-0.0324363234762,rise
0.98,left,0.629403791222,0.601745300338,-0.027658490884,rise
0.99,left,0.631875154923,0.608876952585,-0.0229982023384,rise
1,left,0.634348027987,0.615899449417,-0.0184485785706,rise
1.01,left,0.636819556524,0.622813736368,-0.0140058201555,rise
1.02,left,0.639288991905,0.629620825351,-0.00966816655417,rise
1.03,left,0.64175649351,0.636321786087,-0.00543470742316,rise
1.04,left,0.644221826585,0.642917740073,-0.00130408651175,rise
1.05,left,0.646683181152,0.649409849315,0.00272666816263,rise
1.06,left,0.649136896256,0.655799293459,0.00666239720297,rise
1.07,left,0.651578156127,0.662087241488,0.0105090853611,rise
1.08,left,0.654001888351,0.66827483111,0.0142729427586,rise
1.09,left,0.656403611863,0.674363163668,0.0179595518054,rise
1.1,left,0.658780157781,0.680353313088,0.0215731553073,rise
1.11,left,0.661129578415,0.686246339684,0.0251167612692,rise
1.12,left,0.66345006064,0.692043298386,0.0285932377461,rise
1.13,left,0.665738531308,0.697745236439,0.0320067051312,rise
1.14,left,0.667989426126,0.703353185083,0.035363758957,rise
1.15,left,0.670193934401,0.708868156486,0.0386742220853,rise
1.16,left,0.67234032889,0.7142911517,0.0419508228104,rise
1.17,left,0.674415465655,0.719623175895,0.0452077102396,rise
1.18,left,0.67640655086,0.724865255041,0.0484587041802,rise
1.19,left,0.678302416917,0.730018448115,0.0517160311982,rise
1.2,left,0.680094458056,0.735083850969,0.0549893929132,rise
1.21,left,0.681777271094,0.740062594889,0.0582853237949,rise
1.22,left,0.683348520656,0.744955844306,0.0616073236494,rise
1.23,left,0.684808246397,0.749764792112,0.0649565457146,rise
1.24,left,0.686158447062,0.754490649057,0.0683322019948,rise
1.25,left,0.687402998165,0.759134628909,0.0717316307439,rise
1.26,left,0.688547471886,0.763697934221,0.0751504623346,rise
1.27,left,0.689598918771,0.768181745969,0.0785828271979,rise
1.28,left,0.690565620441,0.772587218961,0.0820215985196,rise
1.29,left,0.69145648371,0.776915481502,0.0854589977915,rise
1.3,left,0.692280317971,0.781167635424,0.0888873174528,rise
1.31,left,0.693045637234,0.785344757848,0.0922991206135,rise
1.32,left,0.693760932142,0.789447908409,0.0956869762675,rise
1.33,left,0.694434970434,0.793478138381,0.0990431679464,rise
1.34,left,0.695077283408,0.797436494261,0.102359210853,rise
1.35,left,0.695698963547,0.801324016832,0.105625053285,rise
1.36,left,0.696312994719,0.805141743153,0.108828748434,rise
1.37,left,0.696933575057,0.808890711744,0.111957136687,rise
1.38,left,0.69757489749,0.812571965247,0.114997067757,rise
1.39,left,0.698249752484,0.816186549048,0.117936796564,rise
1.4,left,0.698967997777,0.819735506871,0.120767509094,rise
1.41,left,0.699735318559,0.823219873745,0.123484555186,rise
1.42,left,0.700552608138,0.826640668563,0.126088060425,rise
1.43,left,0.701415810042,0.829998890489,0.128583080447,rise
1.44,left,0.702316366727,0.83329552266,0.130979155933,rise
1.45,left,0.703242754841,0.836531542133,0.133288787292,rise
1.46,left,0.704182732,0.839707930826,0.135525198826,rise
1.47,left,0.705125150183,0.842825684312,0.137700534129,rise
1.48,left,0.706060994178,0.845885820249,0.139824826072,rise
1.49,left,0.706984079776,0.848889386364,0.141905306588,rise
1.5,left,0.707891255977,0.851837460466,0.143946204489,rise
1.51,left,0.708781939858,0.854731137817,0.145949197959,rise
1.52,left,0.7096578016,0.85757151487,0.147913713269,rise
1.53,left,0.710523066703,0.860359678503,0.149836611799,rise
1.54,left,0.711384777704,0.863096696772,0.151711919068,rise
1.55,left,0.712252645222,0.865783607295,0.153530962073,rise
1.56,left,0.713138702502,0.868421408534,0.155282706032,rise
1.57,left,0.714056621781,0.871011057648,0.156954435868,rise
1.58,left,0.715020537784,0.873553472202,0.158532934418,rise
1.59,left,0.716043814163,0.876049532778,0.160005718615,rise
1.6,left,0.717138032696,0.878500086614,0.161362053918,rise
1.61,left,0.718311911269,0.880905951875,0.162594040605,rise
1.62,left,0.719570313795,0.883267919595,0.163697605801,rise
1.63,left,0.720914087808,0.885586752149,0.164672664341,rise
1.64,left,0.722340690784,0.887863181067,0.165522490283,rise
1.65,left,0.723844938691,0.890097908604,0.166252969913,rise
1.66,left,0.725419903319,0.892291615074,0.166871711755,rise
1.67,left,0.727058135857,0.894444968534,0.167386832677,rise
1.68,left,0.728752533422,0.896558632058,0.167806098636,rise
1.69,left,0.730496328873,0.898633265907,0.168136937034,rise
1.7,left,0.732282599906,0.900669524343,0.168386924438,rise
1.71,left,0.734103699893,0.902668051687,0.168564351793,rise
1.72,left,0.73595075112,0.904629483412,0.168678732292,rise
1.73,left,0.737813581704,0.906554451151,0.168740869448,rise
1.74,left,0.739681332816,0.908443586172,0.168762253356,rise
1.75,left,0.741543199011,0.910297521174,0.168754322163,rise
1.76,left,0.743388752604,0.912116892495,0.168728139891,rise
1.77,left,0.745208183956,0.913902341559,0.168694157602,rise
1.78,left,0.746992654203,0.915654515128,0.168661860925,rise
1.79,left,0.748734120525,0.917374064332,0.168639943807,rise
1.8,left,0.750424647516,0.919061640927,0.168636993411,rise
1.81,left,0.752056076174,0.920717892357,0.168661816183,rise
1.82,left,0.75362018109,0.922343459314,0.168723278223,rise
1.83,left,0.75510886259,0.923938976447,0.168830113858,rise
1.84,left,0.756514315556,0.925505073803,0.168990758247,rise
1.85,left,0.757829088054,0.927042375682,0.169213287628,rise
1.86,left,0.75904572278,0.928551496743,0.169505773963,rise
1.87,left,0.760156259265,0.930033036933,0.169876777668,rise
1.88,left,0.761152217671,0.931487574499,0.170335356829,rise
1.89,left,0.762024960263,0.932915659622,0.170890699359,rise
1.9,left,0.762766086305,0.934317813795,0.171551727491,rise
1.91,left,0.763368291277,0.935694533528,0.172326242251,rise
1.92,left,0.763827051245,0.937046294922,0.173219243677,rise
1.93,left,0.76414242124,0.938373560006,0.174231138766,rise
1.94,left,0.764320202455,0.939676784829,0.175356582374,rise
1.95,left,0.764372588211,0.940956427653,0.176583839442,rise
1.96,left,0.764318311507,0.94221295609,0.177894644583,rise
1.97,left,0.76418191308,0.943446849232,0.179264936152,rise
1.98,left,0.763992163044,0.944658590075,0.180666427031,rise
1.99,left,0.763779844476,0.945848650226,0.182068805751,rise
2,left,0.763574934247,0.947017477071,0.183442542824,rise
2.01,left,0.763403776805,0.948165489938,0.184761713133,rise
2.02,left,0.763287311587,0.949293079523,0.186005767936,rise
2.03,left,0.763240720889,0.950400606047,0.187159885158,rise
2.04,left,0.763274078927,0.951488400206,0.18821432128,rise
2.05,left,0.763393740822,0.952556769224,0.189163028403,rise
2.06,left,0.763604307817,0.953606003993,0.190001696177,rise
2.07,left,0.763910310701,0.954636381114,0.190726070413,rise
2.08,left,0.764316812806,0.955648160232,0.191331347426,rise
2.09,left,0.764829201569,0.956641583677,0.191812382108,rise
2.1,left,0.765452516192,0.957616879229,0.192164363037,rise
2.11,left,0.766190250181,0.958574261816,0.192384011635,rise
2.12,left,0.767043129758,0.959513934495,0.192470804737,rise
2.13,left,0.768008510033,0.96043608989,0.192427579856,rise
2.14,left,0.76908009751,0.961340908953,0.192260811443,rise
2.15,left,0.770247586753,0.962228555693,0.19198096894,rise
2.16,left,0.771496728211,0.963099174643,0.191602446432,rise
2.17,left,0.772810281631,0.963952896852,0.191142615221,rise
2.18,left,0.774169317266,0.964789849499,0.190620532233,rise
2.19,left,0.775554481277,0.965610164259,0.190055682982,rise
2.2,left,0.776947644454,0.966413985843,0.189466341389,rise
2.21,left,0.778333887626,0.967201478921,0.188867591296,rise
2.22,left,0.779703134246,0.967972829913,0.188269695667,rise
2.23,left,0.781051318791,0.968728245564,0.187676926773,rise
2.24,left,0.782381055585,0.969467949523,0.187086893938,rise
2.25,left,0.783700995635,0.970192175459,0.186491179825,rise
2.26,left,0.785023600046,0.970901158689,0.185877558643,rise
2.27,left,0.786362328082,0.971595129432,0.185232801351,rise
2.28,left,0.787729157194,0.972274308979,0.184545151785,rise
2.29,left,0.789132653151,0.972938909845,0.183806256694,rise
2.3,left,0.790576768087,0.97358913858,0.183012370493,rise
2.31,left,0.792060359438,0.97422519837,0.182164838931,rise
2.32,left,0.793576857775,0.974847292146,0.181270434371,rise
2.33,left,0.795113994062,0.975455628659,0.180341634597,rise
2.34,left,0.796654548559,0.976050429838,0.17939588128,rise
2.35,left,0.798178594032,0.97663193554,0.178453341508,rise
2.36,left,0.799666350419,0.977200403941,0.177534053522,rise
2.37,left,0.801100757181,0.977756105699,0.176655348518,rise
2.38,left,0.802469435678,0.978299312115,0.175829876437,rise
2.39,left,0.803765471076,0.978830285176,0.1750648141,rise
2.4,left,0.804986719391,0.979349276647,0.174362557256,rise
2.41,left,0.806134405155,0.979856532792,0.173722127636,rise
2.42,left,0.807211861458,0.980352298553,0.173140437096,rise
2.43,left,0.808223666859,0.980836821011,0.172613154152,rise
2.44,left,0.80917539007,0.981310352792,0.172134962721,rise
2.45,left,0.810073951345,0.981773152856,0.171699201512,rise
2.46,left,0.810927752658,0.982225481963,0.171297729305,rise
2.47,left,0.811745745968,0.982667595809,0.170921849841,rise
2.48,left,0.812535979114,0.983099745684,0.17056376657,rise
2.49,left,0.81330467172,0.98352219082,0.1702175191,rise
2.5,left,0.8140558679,0.983935214398,0.169879346498,rise
2.51,left,0.814791426292,0.984339132671,0.169547706379,rise
2.52,left,0.815511599812,0.984734290425,0.169222690613,rise
2.53,left,0.816215932067,0.985121044158,0.168905112091,rise
2.54,left,0.816903808397,0.985499745536,0.168595937139,rise
2.55,left,0.817574945033,0.985870734451,0.168295789418,rise
2.56,left,0.818230380608,0.986234338104,0.168003957496,rise
2.57,left,0.818873556108,0.986590871073,0.167717314966,rise
2.58,left,0.819510845087,0.986940635825,0.167429790737,rise
2.59,left,0.820151471169,0.987283922516,0.167132451347,rise
2.6,left,0.820806711358,0.987621003567,0.166814292209,rise
2.61,left,0.82148818716,0.987952120585,0.166463933425,rise
2.62,left,0.822205763058,0.988277469341,0.166071706283,rise
2.63,left,0.822965903667,0.988597189031,0.165631285363,rise
2.64,left,0.823770538671,0.988911356552,0.165140817881,rise
2.65,left,0.824616359637,0.989219986052,0.164603626415,rise
2.66,left,0.825495290751,0.989523034719,0.164027743968,rise
2.67,left,0.826396289602,0.989820415713,0.163424126111,rise
2.68,left,0.827307437949,0.990112018017,0.162804580068,rise
2.69,left,0.828217731407,0.990397727196,0.162179995789,rise
2.7,left,0.829118669722,0.990677437798,0.161558768076,rise
2.71,left,0.830005358516,0.990951056881,0.160945698365,rise
2.72,left,0.830876740619,0.991218505062,0.160341764443,rise
2.73,left,0.831735243551,0.991479715352,0.159744471801,rise
2.74,left,0.8325862041,0.991734627975,0.159148423875,rise
2.75,left,0.833436870148,0.991983184753,0.158546314605,rise
2.76,left,0.834295061275,0.992225328097,0.157930266822,rise
2.77,left,0.835168134234,0.992461008674,0.15729287444,rise
2.78,left,0.836062192791,0.992690199067,0.156628006276,rise
2.79,left,0.836980893739,0.992912904074,0.155932010336,rise
2.8,left,0.837924145651,0.993129165651,0.15520502,rise
2.81,left,0.83888760157,0.993339066706,0.154451465137,rise
2.82,left,0.839863177054,0.993542731969,0.153679554915,rise
2.83,left,0.840840539518,0.993740322513,0.152899782995,rise
2.84,left,0.841809538014,0.993932025917,0.152122487903,rise
2.85,left,0.842762698808,0.994118045753,0.151355346945,rise
2.86,left,0.84369648349,0.994298592216,0.150602108725,rise
2.87,left,0.844611077807,0.994473875532,0.149862797726,rise
2.88,left,0.84550925809,0.994644104525,0.149134846435,rise
2.89,left,0.846394521632,0.994809487715,0.148414966084,rise
2.9,left,0.847268866326,0.994970229959,0.147701363634,rise
2.91,left,0.848131317578,0.995126523345,0.146995205766,rise
2.92,left,0.848977714016,0.995278539429,0.146300825414,rise
2.93,left,0.849801199517,0.99542643041,0.145625230893,rise
2.94,left,0.850593176815,0.995570340831,0.144977164017,rise
2.95,left,0.851344845103,0.995710422834,0.144365577731,rise
2.96,left,0.852048714182,0.995846844521,0.143798130338,rise
2.97,left,0.852699445145,0.995979790402,0.143280345257,rise
2.98,left,0.853294244014,0.996109459774,0.142815215761,rise
2.99,left,0.85383309056,0.996236061463,0.142402970903,rise
3,left,0.854318588292,0.996359800634,0.142041212341,rise
3.01,left,0.854755475494,0.996480862415,0.141725386921,rise
3.02,left,0.855150260837,0.996599399441,0.141449138604,rise
3.03,left,0.855510934348,0.996715523782,0.141204589434,rise
3.04,left,0.855846282739,0.996829302306,0.140983019567,rise
3.05,left,0.856165035707,0.996940755751,0.140775720044,rise
3.06,left,0.856475341696,0.997049861745,0.140574520049,rise
3.07,left,0.856784259793,0.997156563484,0.14037230369,rise
3.08,left,0.857097004157,0.997260783255,0.140163779097,rise
3.09,left,0.857416427326,0.997362436987,0.139946009662,rise
3.1,left,0.857742824509,0.997461448331,0.139718623822,rise
3.11,left,0.858073709951,0.99755776142,0.139484051468,rise
3.12,left,0.858403885742,0.997651350019,0.139247464277,rise
3.13,left,0.858726199177,0.997742219861,0.139016020684,rise
3.14,left,0.859032670911,0.997830400918,0.138797730008,rise
3.15,left,0.859315809257,0.997915933659,0.138600124402,rise
3.16,left,0.85957024604,0.997998860007,0.138428613967,rise
3.17,left,0.859794080801,0.998079221942,0.138285141141,rise
3.18,left,0.859988941736,0.998157061742,0.138168120006,rise
3.19,left,0.860158884524,0.998232420481,0.138073535957,rise
3.2,left,0.860309005732,0.99830533725,0.137996331517,rise
3.21,left,0.860443938037,0.998375854137,0.1379319161,rise
3.22,left,0.860566181135,0.998444027536,0.137877846402,rise
3.23,left,0.860675085998,0.998509938782,0.137834852784,rise
3.24,left,0.86076706038,0.998573697436,0.137806637056,rise
3.25,left,0.860836435519,0.998635435914,0.137799000395,rise
3.26,left,0.860876452291,0.998695297933,0.137818845642,rise
3.27,left,0.860880200616,0.998753427386,0.13787322677,rise
3.28,left,0.860841134264,0.998809965494,0.13796883123,rise
3.29,left,0.860753149805,0.998865056707,0.138111906902,rise
3.3,left,0.860610929789,0.99891885372,0.138307923931,rise
3.31,left,0.860410789564,0.998971513399,0.138560723835,rise
3.32,left,0.860151338115,0.999023186529,0.138871848414,rise
3.33,left,0.859833626227,0.999074006859,0.139240380633,rise
3.34,left,0.859461355121,0.999124080187,0.139662725066,rise
3.35,left,0.85904130354,0.999173475056,0.140132171516,rise
3.36,left,0.858583380444,0.999222218448,0.140638838004,rise
3.37,left,0.858100203833,0.999270297086,0.141170093253,rise
3.38,left,0.857606450116,0.999317662141,0.141711212026,rise
3.39,left,0.857117819728,0.999364235751,0.142246416023,rise
3.4,left,0.856649859569,0.999409919964,0.142760060396,rise
3.41,left,0.856217338114,0.999454606168,0.143237268054,rise
3.42,left,0.855834053799,0.999498179228,0.143664125429,rise
3.43,left,0.855512330411,0.99954051478,0.144028184369,rise
3.44,left,0.855262138795,0.999581474723,0.144319335929,rise
3.45,left,0.855090334985,0.999620906864,0.144530571879,rise
3.46,left,0.855000148138,0.99965865141,0.144658503271,rise
3.47,left,0.854991105664,0.999694551977,0.144703446312,rise
3.48,left,0.855059957001,0.999728467857,0.144668510856,rise
3.49,left,0.855202343068,0.999760287031,0.144557943964,rise
3.5,left,0.855413991992,0.999789936018,0.144375944026,rise
3.51,left,0.855690961001,0.999817380302,0.144126419301,rise
3.52,left,0.856029485769,0.999842616938,0.143813131169,rise
3.53,left,0.856425710487,0.999865666632,0.143439956146,rise
3.54,left,0.856875337616,0.99988656931,0.143011231694,rise
3.55,left,0.857373594215,0.999905382583,0.142531788368,rise
3.56,left,0.85791551537,0.999922180291,0.142006664921,rise
3.57,left,0.858496015178,0.999937048907,0.141441033729,rise
3.58,left,0.859109740576,0.999950083283,0.140840342707,rise
3.59,left,0.859751178881,0.999961383038,0.140210204157,rise
3.6,left,0.860414930526,0.999971048014,0.139556117488,rise
3.61,left,0.861095666707,0.999979173154,0.138883506447,rise
3.62,left,0.861787941689,0.999985845525,0.138197903836,rise
3.63,left,0.862486280702,0.999991144636,0.137504863934,rise
3.64,left,0.863185236294,0.999995143925,0.136809907632,rise
3.65,left,0.86387918302,0.999997911362,0.136118728342,rise
3.66,left,0.864562496513,0.99999951031,0.135437013798,rise
3.67,left,0.865230424024,1,0.134769575976,rise
3.68,left,0.865880070004,0.999999432496,0.134119362491,rise
3.69,left,0.866511154237,0.9999978475,0.133486693264,rise
3.7,left,0.867126428474,0.999995269057,0.132868840583,rise
3.71,left,0.867731356767,0.999991705668,0.132260348901,rise
3.72,left,0.868333117119,0.999987153316,0.131654036197,rise
3.73,left,0.868939618709,0.99998159822,0.13104197951,rise
3.74,left,0.869558735674,0.999975015616,0.130416279941,rise
3.75,left,0.870197299679,0.999967366191,0.129770066512,rise
3.76,left,0.870859960208,0.999958595218,0.12909863501,rise
3.77,left,0.871548512622,0.999948636274,0.128400123652,rise
3.78,left,0.872261661084,0.999937415591,0.127675754507,rise
3.79,left,0.872995148813,0.999924853562,0.126929704749,rise
3.8,left,0.8737428496,0.999910865082,0.126168015482,rise
3.81,left,0.874498733256,0.999895359618,0.125396626362,rise
3.82,left,0.875258554325,0.999878239747,0.124619685422,rise
3.83,left,0.876020637229,0.999859397995,0.123838760766,rise
3.84,left,0.876785834694,0.999838712671,0.123052877977,rise
3.85,left,0.877556525376,0.99981604656,0.122259521184,rise
3.86,left,0.878334838955,0.999791252636,0.121456413681,rise
3.87,left,0.879121150573,0.999764183502,0.120643032929,rise
3.88,left,0.879913573936,0.999734698951,0.119821125015,rise
3.89,left,0.880708106948,0.999702670975,0.118994564027,rise
3.9,left,0.881499073438,0.99966798762,0.118168914181,rise
3.91,left,0.882280016877,0.999630557276,0.117350540399,rise
3.92,left,0.883044751715,0.999590314869,0.116545563154,rise
3.93,left,0.883787928508,0.999547229878,0.11575930137,rise
3.94,left,0.884505193751,0.999501315244,0.114996121493,rise
3.95,left,0.885193328577,0.999452634069,0.114259305492,rise
3.96,left,0.885850355536,0.999401299944,0.113550944409,rise
3.97,left,0.886475841305,0.999347472702,0.112871631397,rise
3.98,left,0.887071710486,0.999291354731,0.112219644245,rise
3.99,left,0.887642921423,0.999233186404,0.111590264981,rise
4,left,0.888197000025,0.999173236151,0.110976236126,rise
4.01,left,0.888742451186,0.999111787937,0.110369336751,rise
4.02,left,0.889286880073,0.999049132213,0.10976225214,rise
4.03,left,0.889835453523,0.998985557933,0.10915010441,rise
4.04,left,0.890390105017,0.998921341115,0.108531236098,rise
4.05,left,0.89094994123,0.998856734486,0.107906793256,rise
4.06,left,0.891512715238,0.998791960329,0.10727924509,rise
4.07,left,0.892076481325,0.998727201309,0.106650719985,rise
4.08,left,0.892640824167,0.998662592436,0.106021768269,rise
4.09,left,0.893207485125,0.99859822296,0.105390737834,rise
4.1,left,0.893779987076,0.998534148014,0.104754160939,rise
4.11,left,0.894362216262,0.99847040342,0.104108187158,rise
4.12,left,0.894956790078,0.998407019003,0.103450228925,rise
4.13,left,0.895563803832,0.998344028317,0.102780224485,rise
4.14,left,0.89617987268,0.998281473591,0.102101600911,rise
4.15,left,0.896797664901,0.998219404994,0.101421740093,rise
4.16,left,0.897406412968,0.998157872508,0.10075145954,rise
4.17,left,0.897993179949,0.998096913155,0.100103733205,rise
4.18,left,0.898544122122,0.998036541978,0.099492419856,rise
4.19,left,0.899045559729,0.997976747979,0.0989311882499,rise
4.2,left,0.899484960717,0.997917492465,0.0984325317473,rise
4.21,left,0.899851440921,0.997858716353,0.0980072754322,rise
4.22,left,0.900135777635,0.997800356988,0.0976645793532,rise
4.23,left,0.900330742401,0.997742360158,0.0974116177569,rise
4.24,left,0.900431823979,0.99768467894,0.0972528549612,rise
4.25,left,0.900437530714,0.997627264572,0.0971897338584,rise
4.26,left,0.900349109152,0.99757005748,0.0972209483282,rise
4.27,left,0.900170062221,0.997512984386,0.0973429221652,rise
4.28,left,0.899905508365,0.997455962538,0.0975504541725,rise
4.29,left,0.899561455141,0.997398906916,0.097837451775,rise
4.3,left,0.899144390065,0.997341735582,0.0981973455171,rise
4.31,left,0.898661237102,0.997284371575,0.0986231344727,rise
4.32,left,0.898119282067,0.997226743972,0.099107461905,rise
4.33,left,0.897526204874,0.997168791378,0.0996425865042,rise
4.34,left,0.896890717361,0.997110467964,0.100219750602,rise
4.35,left,0.896223349976,0.997051750086,0.100828400111,rise
4.36,left,0.895536538317,0.996992642596,0.101456104279,rise
4.37,left,0.894844127989,0.996933183956,0.102089055967,rise
4.38,left,0.89416061077,0.996873447036,0.102712836266,rise
4.39,left,0.893499907565,0.996813534749,0.103313627184,rise
4.4,left,0.892873971086,0.996753575657,0.103879604571,rise
4.41,left,0.892291865884,0.996693721246,0.104401855362,rise
4.42,left,0.891759413841,0.9966341397,0.104874725859,rise
4.43,left,0.891279390223,0.996575006018,0.105295615795,rise
4.44,left,0.890852645203,0.996516493399,0.105663848195,rise
4.45,left,0.890479893127,0.996458764843,0.105978871715,rise
4.46,left,0.890162943946,0.996401960642,0.106239016696,rise
4.47,left,0.88990460021,0.996346183908,0.106441583698,rise
4.48,left,0.88970761896,0.9962914913,0.106583872341,rise
4.49,left,0.889573369409,0.996237894349,0.10666452494,rise
4.5,left,0.889500558935,0.996185370944,0.10668481201,rise
4.51,left,0.88948469714,0.996133879136,0.106649181996,rise
4.52,left,0.889518789901,0.99608336562,0.106564575719,rise
4.53,left,0.889594705022,0.996033769709,0.106439064688,rise
4.54,left,0.889704521428,0.995985024964,0.106280503536,rise
4.55,left,0.889841744421,0.995937056771,0.106095312351,rise
4.56,left,0.890002070053,0.995889775692,0.105887705638,rise
4.57,left,0.890183332018,0.995843070933,0.105659738915,rise
4.58,left,0.890385018656,0.995796809833,0.105411791178,rise
4.59,left,0.890607965724,0.995750844257,0.105142878533,rise
4.6,left,0.890854142745,0.995705018749,0.104850876004,rise
4.61,left,0.891126346246,0.9956591776,0.104532831354,rise
4.62,left,0.891428280498,0.995613171241,0.104184890742,rise
4.63,left,0.891765174238,0.995566859888,0.10380168565,rise
4.64,left,0.892144040672,0.995520112436,0.103376071764,rise
4.65,left,0.892572970838,0.995472802967,0.102899832128,rise
4.66,left,0.89305977841,0.995424808794,0.102365030385,rise
4.67,left,0.893610359903,0.995376011467,0.101765651564,rise
4.68,left,0.894227186162,0.995326299243,0.101099113081,rise
4.69,left,0.894908646361,0.995275570782,0.100366924421,rise
4.7,left,0.895649402629,0.995223742342,0.099574339713,rise
4.71,left,0.896441155558,0.995170757818,0.0987296022595,rise
4.72,left,0.897273510095,0.995116597834,0.0978430877389,rise
4.73,left,0.898135126548,0.995061285166,0.0969261586177,rise
4.74,left,0.899014930994,0.995004885389,0.0959899543945,rise
4.75,left,0.899902829519,0.994947503458,0.0950446739384,rise
4.76,left,0.900789933298,0.99488927672,0.0940993434227,rise
4.77,left,0.901668511875,0.994830363435,0.0931618515597,rise
4.78,left,0.902531521224,0.994770928219,0.0922394069946,rise
4.79,left,0.903371912369,0.994711129282,0.0913392169129,rise
4.8,left,0.904182401614,0.994651112773,0.0904687111596,rise
4.81,left,0.90495571465,0.994591015837,0.0896353011873,rise
4.82,left,0.905684831278,0.994530973484,0.0888461422063,rise
4.83,left,0.906363412528,0.994471121779,0.0881077092505,rise
4.84,left,0.906986714478,0.994411593776,0.0874248792979,rise
4.85,left,0.907552603321,0.994352512543,0.0867999092217,rise
4.86,left,0.908062371959,0.994293989028,0.0862316170691,rise
4.87,left,0.908521463121,0.994236124033,0.085714660912,rise
4.88,left,0.908939680429,0.994179005942,0.0852393255131,rise
4.89,left,0.909330079486,0.994122703496,0.0847926240106,rise
4.9,left,0.90970667394,0.994067261788,0.0843605878481,rise
4.91,left,0.910082008732,0.99401270582,0.0839306970877,rise
4.92,left,0.910465248896,0.993959047874,0.0834937989778,rise
4.93,left,0.910861032356,0.993906292496,0.0830452601406,rise
4.94,left,0.911269594505,0.993854436181,0.0825848416756,rise
4.95,left,0.911688102002,0.993803463187,0.0821153611849,rise
4.96,left,0.912112153286,0.993753340079,0.0816411867933,rise
4.97,left,0.912536667293,0.99370401213,0.0811673448368,rise
4.98,left,0.912956034669,0.993655404721,0.0806993700526,rise
4.99,left,0.913363492851,0.993607428355,0.0802439355039,rise
5,left,0.913750103957,0.993559982293,0.0798098783355,rise
5.01,left,0.91410440565,0.993512954501,0.0794085488509,rise
5.02,left,0.914413464163,0.993466219116,0.0790527549527,rise
5.03,left,0.914664848959,0.993419634825,0.0787547858657,rise
5.04,left,0.914848633743,0.993373047493,0.0785244137495,rise
5.05,left,0.914958951452,0.993326296883,0.0783673454306,rise
5.06,left,0.914994602016,0.993279224686,0.0782846226703,rise
5.07,left,0.914958336596,0.993231681722,0.0782733451256,rise
5.08,left,0.914855391888,0.993183535377,0.0783281434885,rise
5.09,left,0.914692130998,0.99313467812,0.0784425471217,rise
5.1,left,0.914474958348,0.993085033801,0.0786100754533,rise
5.11,left,0.914209616609,0.993034559984,0.0788249433751,rise
5.12,left,0.913901268543,0.992983246494,0.0790819779504,rise
5.13,left,0.913555243836,0.992931109328,0.0793758654921,rise
5.14,left,0.913177933204,0.992878180844,0.07970024764,rise
5.15,left,0.912777722797,0.992824497274,0.0800467744771,rise
5.16,left,0.91236586935,0.992770084654,0.0804042153037,rise
5.17,left,0.91195658122,0.992714946093,0.0807583648733,rise
5.18,left,0.911565845985,0.992659053187,0.0810932072015,rise
5.19,left,0.911209743165,0.992602344625,0.0813926014604,rise
5.2,left,0.910903119931,0.992544732539,0.0816416126079,rise
5.21,left,0.910658710556,0.992486110762,0.0818274002063,rise
5.22,left,0.910486780542,0.99242635966,0.0819395791184,rise
5.23,left,0.910395427488,0.992365350142,0.0819699226539,rise
5.24,left,0.910390850669,0.992302953193,0.0819121025246,rise
5.25,left,0.910476950603,0.992239055085,0.0817621044817,rise
5.26,left,0.910654729703,0.992173573703,0.0815188439998,rise
5.27,left,0.910922025832,0.992106473559,0.0811844477269,rise
5.28,left,0.911273454578,0.992037775254,0.0807643206761,rise
5.29,left,0.911700609227,0.991967554325,0.0802669450973,rise
5.3,left,0.912192762344,0.991895933578,0.0797031712334,rise
5.31,left,0.912737652563,0.991823078233,0.0790854256699,rise
5.32,left,0.913321723748,0.991749193566,0.0784274698181,rise
5.33,left,0.91393014735,0.991674515463,0.0777443681131,rise
5.34,left,0.914547413466,0.991599291357,0.0770518778904,rise
5.35,left,0.915158426209,0.991523762066,0.0763653358566,rise
5.36,left,0.915749645629,0.991448154089,0.07569850846,rise
5.37,left,0.916310241652,0.991372680245,0.0750624385932,rise
5.38,left,0.916832992912,0.99129754218,0.0744645492679,rise
5.39,left,0.917314398005,0.991222932123,0.0739085341182,rise
5.4,left,0.917754122481,0.9911490325,0.073394910019,rise
5.41,left,0.918154118827,0.991076011585,0.0729218927582,rise
5.42,left,0.918517363403,0.991004015357,0.0724866519544,rise
5.43,left,0.918846640641,0.99093315519,0.0720865145494,rise
5.44,left,0.919144319461,0.990863492297,0.0717191728369,rise
5.45,left,0.919413082473,0.990795028348,0.0713819458751,rise
5.46,left,0.919656562426,0.990727711565,0.0710711491386,rise
5.47,left,0.919879514968,0.990661453684,0.0707819387158,rise
5.48,left,0.920087945052,0.990596146944,0.0705082018919,rise
5.49,left,0.920288955357,0.99053167639,0.070242721033,rise
5.5,left,0.920489791685,0.990467927428,0.0699781357434,rise
5.51,left,0.920696462851,0.990404788908,0.0697083260566,rise
5.52,left,0.920912474936,0.99034215203,0.0694296770937,rise
5.53,left,0.921137749967,0.990279906601,0.0691421566342,rise
5.54,left,0.921368091412,0.990217938562,0.0688498471505,rise
5.55,left,0.921595666991,0.990156131418,0.0685604644271,rise
5.56,left,0.92181022166,0.990094369037,0.0682841473767,rise
5.57,left,0.922000499596,0.990032538376,0.0680320387807,rise
5.58,left,0.922155864953,0.989970536172,0.0678146712184,rise
5.59,left,0.922267973726,0.989908279233,0.067640305507,rise
5.6,left,0.922331793296,0.989845708712,0.0675139154165,rise
5.61,left,0.9223457484,0.989782781101,0.0674370327008,rise
5.62,left,0.922311616835,0.989719451404,0.0674078345698,rise
5.63,left,0.922234356782,0.989655659966,0.0674213031837,rise
5.64,left,0.922121454099,0.989591327435,0.0674698733362,rise
5.65,left,0.921981996343,0.989526356435,0.0675443600926,rise
5.66,left,0.92182592893,0.989460639078,0.0676347101473,rise
5.67,left,0.921663317424,0.989394067844,0.0677307504198,rise
5.68,left,0.921503545464,0.989326544345,0.0678229988809,rise
5.69,left,0.921354813472,0.9892579831,0.0679031696282,rise
5.7,left,0.921223765888,0.989188311026,0.0679645451376,rise
5.71,left,0.921114661479,0.989117463112,0.0680028016336,rise
5.72,left,0.921028388879,0.989045379064,0.0680169901852,rise
5.73,left,0.920962226361,0.988972007711,0.0680097813507,rise
5.74,left,0.920910433341,0.988897316813,0.0679868834718,rise
5.75,left,0.920865303362,0.988821303281,0.067955999919,rise
5.76,left,0.920818738826,0.988744002988,0.0679252641612,rise
5.77,left,0.920764092555,0.988665497107,0.0679014045515,rise
5.78,left,0.920697405788,0.988585911606,0.0678885058185,rise
5.79,left,0.920617852485,0.988505412196,0.0678875597114,rise
5.8,left,0.920527855789,0.988424199729,0.0678963439406,rise
5.81,left,0.920432716629,0.988342506894,0.0679097902644,rise
5.82,left,0.920339621304,0.98826059367,0.0679209723659,rise
5.83,left,0.920256694143,0.98817874082,0.0679220466771,rise
5.84,left,0.920192303933,0.988097240165,0.0679049362317,rise
5.85,left,0.920154054689,0.988016378012,0.067862323323,rise
5.86,left,0.920147393485,0.987936413553,0.0677890200679,rise
5.87,left,0.920174360808,0.987857560029,0.0676831992213,rise
5.88,left,0.920232701797,0.987779972174,0.0675472703762,rise
5.89,left,0.920315542189,0.987703740493,0.0673881983038,rise
5.9,left,0.920412279395,0.987628895715,0.06721661632,rise
5.91,left,0.920510655189,0.987555421198,0.0670447660087,rise
5.92,left,0.920598707243,0.98748326621,0.066884558967,rise
5.93,left,0.920665696655,0.987412358473,0.0667466618177,rise
5.94,left,0.920702515081,0.987342613082,0.0666400980012,rise
5.95,left,0.920702186261,0.987273931428,0.0665717451672,rise
5.96,left,0.920660514402,0.987206193131,0.0665456787284,rise
5.97,left,0.920576926628,0.987139252246,0.0665623256189,rise
5.98,left,0.920455284338,0.987072943138,0.0666176588,rise
5.99,left,0.920304014455,0.987007090629,0.0667030761742,rise
6,left,0.920135399615,0.986941519347,0.0668061197329,rise
6.01,left,0.919964535179,0.986876064545,0.0669115293663,rise
6.02,left,0.919808109615,0.9868105844,0.0670024747853,rise
6.03,left,0.919682696416,0.986744967517,0.067062271101,rise
6.04,left,0.919602864522,0.986679133717,0.0670762691949,rise
6.05,left,0.919579862048,0.986613034003,0.0670331719547,rise
6.06,left,0.919620898176,0.986546652233,0.0669257540576,rise
6.07,left,0.919728706267,0.986480003973,0.0667512977051,rise
6.08,left,0.91990158367,0.986413130607,0.0665115469375,rise
6.09,left,0.920133894125,0.986346093077,0.0662121989516,rise
6.1,left,0.920416555136,0.986278968038,0.0658624129019,rise
6.11,left,0.920737730713,0.98621184353,0.0654741128176,rise
6.12,left,0.92108437654,0.98614481301,0.0650604364702,rise
6.13,left,0.921444355042,0.986077972148,0.064633617106,rise
6.14,left,0.921808361124,0.986011419257,0.0642030581338,rise
6.15,left,0.922171445544,0.985945254523,0.0637738089789,rise
6.16,left,0.922533901675,0.985879575231,0.063345673556,rise
6.17,left,0.922900798439,0.985814467493,0.0629136690534,rise
6.18,left,0.923280060415,0.985749997049,0.0624699366346,rise
6.19,left,0.923680056612,0.985686204157,0.0620061475455,rise
6.2,left,0.924107439644,0.985623104397,0.0615156647527,rise
6.21,left,0.924565403351,0.985560693611,0.0609952902608,rise
6.22,left,0.925052801582,0.985498956922,0.0604461553406,rise
6.23,left,0.925564359981,0.985437880679,0.0598735206979,rise
6.24,left,0.926091392732,0.985377462157,0.0592860694247,rise
6.25,left,0.926622755257,0.985317713266,0.0586949580093,rise
6.26,left,0.92714635287,0.985258660611,0.0581123077411,rise
6.27,left,0.927650830553,0.985200345073,0.0575495145208,rise
6.28,left,0.928126649555,0.985142819919,0.0570161703642,rise
6.29,left,0.928566619917,0.985086148131,0.0565195282135,rise
6.3,left,0.928966315284,0.985030400401,0.0560640851168,rise
6.31,left,0.929324061387,0.984975650485,0.0556515890982,rise
6.32,left,0.929640182243,0.984921966888,0.055281784645,rise
6.33,left,0.92991611235,0.984869405002,0.0549532926519,rise
6.34,left,0.930153924215,0.984818002243,0.0546640780284,rise
6.35,left,0.930356101441,0.984767775168,0.0544116737273,rise
6.36,left,0.930525651851,0.984718715529,0.0541930636786,rise
6.37,left,0.930666843537,0.984670783505,0.0540039399681,rise
6.38,left,0.930786032375,0.984623902508,0.053837870133,rise
6.39,left,0.930891938005,0.984577961795,0.0536860237904,rise
6.4,left,0.930995483715,0.984532824955,0.0535373412394,rise
6.41,left,0.931109258893,0.984488336342,0.0533790774485,rise
6.42,left,0.931246409707,0.984444322375,0.0531979126675,rise
6.43,left,0.931419324707,0.984400590927,0.0529812662197,rise
6.44,left,0.931638612477,0.984356932026,0.0527183195489,rise
6.45,left,0.931912281684,0.984313121344,0.0524008396599,rise
6.46,left,0.932245044504,0.984268925377,0.0520238808727,rise
6.47,left,0.932638216422,0.984224106357,0.0515858899341,rise
6.48,left,0.933090427944,0.984178428444,0.0510880004998,rise
6.49,left,0.933598447768,0.984131664328,0.0505332165599,rise
6.5,left,0.934157560326,0.984083598613,0.0499260382878,rise
6.51,left,0.934761722745,0.984034031031,0.0492723082859,rise
6.52,left,0.935403547162,0.983982783571,0.0485792364095,rise
6.53,left,0.936074003987,0.983929708609,0.0478557046218,rise
6.54,left,0.936762456044,0.983874694079,0.0471122380345,rise
6.55,left,0.937457582736,0.983817664624,0.0463600818877,rise
6.56,left,0.938148732628,0.983758577824,0.0456098451957,rise
6.57,left,0.938827073591,0.983697417086,0.0448703434942,rise
6.58,left,0.939486505037,0.983634187018,0.0441476819815,rise
6.59,left,0.940124214988,0.983568914884,0.0434446998956,rise
6.6,left,0.940740399355,0.983501656341,0.0427612569858,rise
6.61,left,0.941337287546,0.983432501454,0.0420952139083,rise
6.62,left,0.941918276023,0.983361576685,0.0414433006618,rise
6.63,left,0.942487296375,0.983289041457,0.0408017450818,rise
6.64,left,0.943048097248,0.983215083578,0.0401669863304,rise
6.65,left,0.943603702468,0.983139918557,0.039536216089,rise
6.66,left,0.944156190815,0.983063792696,0.038907601881,rise
6.67,left,0.944706370644,0.982986984491,0.0382806138464,rise
6.68,left,0.945253364834,0.982909798627,0.0376564337929,rise
6.69,left,0.945794564118,0.982832553532,0.0370379894144,rise
6.7,left,0.946325913111,0.982755568101,0.0364296549902,rise
6.71,left,0.946842379207,0.982679149364,0.0358367701573,rise
6.72,left,0.947338894509,0.982603580162,0.035264685653,rise
6.73,left,0.947811660143,0.982529109242,0.0347174490996,rise
6.74,left,0.948258869893,0.982455945465,0.0341970755712,rise
6.75,left,0.94868030217,0.982384251016,0.0337039488461,rise
6.76,left,0.949076295426,0.982314129427,0.0332378340012,rise
6.77,left,0.949446612138,0.982245614176,0.0327990020374,rise
6.78,left,0.949789412795,0.982178665944,0.0323892531491,rise
6.79,left,0.950100985787,0.982113179643,0.0320121938564,rise
6.8,left,0.95037646886,0.982048997251,0.0316725283907,rise
6.81,left,0.950610701153,0.981985920774,0.0313752196207,rise
6.82,left,0.950798649989,0.981923722838,0.0311250728483,rise
6.83,left,0.950935730336,0.98186215629,0.0309264259538,rise
6.84,left,0.95101810778,0.981800962116,0.0307828543361,rise
6.85,left,0.951042842999,0.981739876234,0.0306970332354,rise
6.86,left,0.951008162747,0.981678639776,0.0306704770289,rise
6.87,left,0.950913982037,0.981617012517,0.0307030304793,rise
6.88,left,0.950762087602,0.981554783709,0.0307926961073,rise
6.89,left,0.950555696779,0.981491778923,0.0309360821447,rise
6.9,left,0.95029910982,0.981427866581,0.0311287567607,rise
6.91,left,0.949997878949,0.981362965423,0.0313650864741,rise
6.92,left,0.949658939367,0.981297050521,0.0316381111541,rise
6.93,left,0.949290554975,0.981230156005,0.0319396010307,rise
6.94,left,0.948902534006,0.981162373476,0.0322598394697,rise
6.95,left,0.948506427102,0.981093844368,0.0325874172661,rise
6.96,left,0.948115194406,0.981024744289,0.0329095498828,rise
6.97,left,0.947742587018,0.980955260257,0.0332126732396,rise
6.98,left,0.94740237772,0.980885569454,0.0334831917348,rise
6.99,left,0.947107263384,0.980815828893,0.0337085655088,rise
7,left,0.946867798606,0.980746174701,0.0338783760959,rise
7.01,left,0.946691840579,0.980676724832,0.0339848842527,rise
7.02,left,0.946584268447,0.980607582623,0.0340233141754,rise
7.03,left,0.946546604489,0.980538838328,0.033992233839,rise
7.04,left,0.946576853918,0.980470564977,0.033893711059,rise
7.05,left,0.9466698773,0.98040281014,0.0337329328393,rise
7.06,left,0.946817900527,0.980335588673,0.033517688146,rise
7.07,left,0.947010925196,0.98026887916,0.0332579539645,rise
7.08,left,0.947237421075,0.980202624809,0.0329652037338,rise
7.09,left,0.947485349316,0.980136737857,0.0326513885416,rise
7.1,left,0.947743218516,0.980071106379,0.0323278878627,rise
7.11,left,0.948001313057,0.980005604187,0.0320042911299,rise
7.12,left,0.948252982151,0.97994009951,0.0316871173589,rise
7.13,left,0.948495110897,0.979874456163,0.0313793452666,rise
7.14,left,0.94872735988,0.979808530346,0.0310811704659,rise
7.15,left,0.948950760757,0.979742170545,0.030791409788,rise
7.16,left,0.949166202107,0.97967522446,0.030509022353,rise
7.17,left,0.949372922327,0.979607552617,0.0302346302894,rise
7.18,left,0.949567598261,0.979539041956,0.0299714436957,rise
7.19,left,0.949744832354,0.979469611296,0.0297247789418,rise
7.2,left,0.949898652485,0.979399209443,0.0295005569579,rise
7.21,left,0.950023985978,0.979327813328,0.0293038273501,rise
7.22,left,0.950117808603,0.979255429778,0.0291376211751,rise
7.23,left,0.950179769619,0.979182097878,0.0290023282589,rise
7.24,left,0.950211733026,0.979107886173,0.0288961531472,rise
7.25,left,0.950216453223,0.979032882547,0.0288164293239,rise
7.26,left,0.950196265227,0.978957183655,0.0287609184274,rise
7.27,left,0.950152070924,0.978880893724,0.0287288228008,rise
7.28,left,0.950082527326,0.978804132447,0.028721605121,rise
7.29,left,0.94998374071,0.978727042804,0.0287433020934,rise
7.3,left,0.949849638248,0.978649793108,0.0288001548605,rise
7.31,left,0.949672537999,0.97857257292,0.0289000349217,rise
7.32,left,0.949443723533,0.978495583927,0.0290518603942,rise
7.33,left,0.949154569465,0.978419028295,0.0292644588302,rise
7.34,left,0.948798273016,0.978343096631,0.0295448236155,rise
7.35,left,0.94837147457,0.978267957089,0.0298964825189,rise
7.36,left,0.94787538601,0.978193746573,0.0303183605632,rise
7.37,left,0.947316339803,0.978120561878,0.0308042220744,rise
7.38,left,0.946705400996,0.978048451862,0.0313430508666,rise
7.39,left,0.946057111861,0.977977418236,0.0319203063745,rise
7.4,left,0.945388128364,0.977907426654,0.0325192982899,rise
7.41,left,0.944716103613,0.977838419165,0.0331223155517,rise
7.42,left,0.944058690828,0.977770321369,0.0337116305407,rise
7.43,left,0.943432842894,0.977703046132,0.0342702032375,rise
7.44,left,0.942854470442,0.9776364974,0.034782026958,rise
7.45,left,0.942337906535,0.977570577029,0.0352326704947,rise
7.46,left,0.941894926044,0.977505195626,0.0356102695818,rise
7.47,left,0.941533941532,0.977440282526,0.0359063409941,rise
7.48,left,0.941259691021,0.977375790256,0.0361160992343,rise
7.49,left,0.941072917619,0.97731169558,0.0362387779609,rise
7.5,left,0.940970041762,0.977248000308,0.0362779585463,rise
7.51,left,0.940943398284,0.977184731476,0.0362413331917,rise
7.52,left,0.940981944302,0.977121938054,0.0361399937516,rise
7.53,left,0.941072134119,0.977059680365,0.0359875462458,rise
7.54,left,0.941199231234,0.976998012828,0.0357987815937,rise
7.55,left,0.941348968913,0.976936966981,0.0355879980686,rise
7.56,left,0.941508800359,0.976876540977,0.0353677406184,rise
7.57,left,0.941668501278,0.97681669696,0.0351481956823,rise
7.58,left,0.941820524791,0.976757364696,0.0349368399048,rise
7.59,left,0.941960053516,0.976698447252,0.0347383937358,rise
7.6,left,0.942084441635,0.976639825319,0.0345553836843,rise
7.61,left,0.942192483079,0.97658136207,0.0343888789902,rise
7.62,left,0.942284002017,0.976522911261,0.0342389092445,rise
7.63,left,0.94235945666,0.976464327848,0.0341048711883,rise
7.64,left,0.942419444547,0.976405478327,0.03398603378,rise
7.65,left,0.942464587338,0.976346247178,0.0338816598404,rise
7.66,left,0.942495715671,0.976286538864,0.0337908231925,rise
7.67,left,0.94251386386,0.976226279569,0.033712415709,rise
7.68,left,0.942520200897,0.976165421924,0.0336452210265,rise
7.69,left,0.94251607954,0.976103949847,0.0335878703073,rise
7.7,left,0.942502837713,0.976041877918,0.0335390402044,rise
7.71,left,0.942481285403,0.975979244879,0.0334979594762,rise
7.72,left,0.942451312266,0.975916106221,0.0334647939552,rise
7.73,left,0.942411701172,0.975852529022,0.0334408278496,rise
7.74,left,0.942359884128,0.9757885874,0.033428703272,rise
7.75,left,0.942291862455,0.975724357602,0.0334324951465,rise
7.76,left,0.942202741329,0.975659915831,0.0334571745017,rise
7.77,left,0.942087458499,0.975595338543,0.0335078800434,rise
7.78,left,0.941941071987,0.975530699287,0.0335896273006,rise
7.79,left,0.941759042175,0.975466061987,0.0337070198119,rise
7.8,left,0.941538028121,0.975401478516,0.0338634503956,rise
7.81,left,0.941276782155,0.975336993065,0.0340602109102,rise
7.82,left,0.940976918284,0.97527264546,0.0342957271768,rise
7.83,left,0.940643926007,0.975208467766,0.034564541759,rise
7.84,left,0.940288205658,0.975144479162,0.034856273504,rise
7.85,left,0.939925330306,0.975080684707,0.0351553544014,rise
7.86,left,0.939575190641,0.975017077109,0.0354418864682,rise
7.87,left,0.939260047662,0.974953641445,0.0356935937833,rise
7.88,left,0.939001556098,0.974890364041,0.0358888079433,rise
7.89,left,0.938817459556,0.974827241863,0.0360097823076,rise
7.9,left,0.938719097139,0.974764286853,0.0360451897134,rise
7.91,left,0.938710029881,0.974701522006,0.0359914921251,rise
7.92,left,0.938785600485,0.97463897106,0.0358533705757,rise
7.93,left,0.938933876328,0.974576650393,0.035642774065,rise
7.94,left,0.939138231223,0.974514570465,0.0353763392414,rise
7.95,left,0.939380672953,0.974452744331,0.0350720713783,rise
7.96,left,0.939644952046,0.974391195041,0.0347462429945,rise
7.97,left,0.939919047545,0.974329957521,0.0344109099765,rise
7.98,left,0.940196453303,0.974269076062,0.034072622759,rise
7.99,left,0.940475907802,0.974208597926,0.0337326901238,rise
8,left,0.940760128287,0.974148562792,0.0333884345047,rise
8.01,left,0.941054247953,0.974088992381,0.033034744428,rise
8.02,left,0.941364085792,0.974029886034,0.0326658002426,rise
8.03,left,0.941694410662,0.973971222431,0.0322768117684,rise
8.04,left,0.942047924361,0.973912964062,0.0318650397008,rise
8.05,left,0.942425305603,0.973855061254,0.0314297556516,rise
8.06,left,0.94282568109,0.973797453809,0.0309717727194,rise
8.07,left,0.943247052022,0.973740071489,0.0304930194677,rise
8.08,left,0.943686781573,0.973682835182,0.0299960536097,rise
8.09,left,0.944142045899,0.973625656508,0.0294836106081,rise
8.1,left,0.944610157856,0.973568434433,0.0289582765773,rise
8.11,left,0.945089022755,0.973511054104,0.028422031349,rise
8.12,left,0.945577572086,0.973453392354,0.0278758202679,rise
8.13,left,0.946075619092,0.97339532548,0.0273197063883,rise
8.14,left,0.946583211707,0.973336732892,0.0267535211844,rise
8.15,left,0.94710004314,0.973277497623,0.0261774544826,rise
8.16,left,0.947624953056,0.973217508745,0.0255925556897,rise
8.17,left,0.948155321419,0.973156667656,0.025001346237,rise
8.18,left,0.94868685282,0.973094895569,0.0244080427491,rise
8.19,left,0.949214149957,0.973032138479,0.0238179885215,rise
8.2,left,0.949731375102,0.972968369432,0.0232369943297,rise
8.21,left,0.950232377475,0.972903588499,0.022671211024,rise
8.22,left,0.950710642141,0.972837819272,0.0221271771311,rise
8.23,left,0.951159321763,0.972771103521,0.0216117817584,rise
8.24,left,0.951571247711,0.972703496118,0.0211322484067,rise
8.25,left,0.951939316819,0.972635059204,0.0206957423842,rise
8.26,left,0.952257564527,0.972565853731,0.0203082892046,rise
8.27,left,0.952522309276,0.972495928342,0.0199736190662,rise
8.28,left,0.952732767947,0.972425310421,0.0196925424739,rise
8.29,left,0.952891195199,0.972354005048,0.0194628098492,rise
8.3,left,0.953002535048,0.972282002012,0.0192794669634,rise
8.31,left,0.953073444796,0.972209287124,0.0191358423285,rise
8.32,left,0.95311119584,0.972135853364,0.0190246575248,rise
8.33,left,0.953123256375,0.972061708322,0.0189384519471,rise
8.34,left,0.953117498262,0.971986876644,0.018869378382,rise
8.35,left,0.953102529413,0.971911398872,0.0188088694585,rise
8.36,left,0.953088140871,0.971835328722,0.0187471878505,rise
8.37,left,0.953085535409,0.971758729464,0.0186731940552,rise
8.38,left,0.953106542952,0.971681670086,0.0185751271344,rise
8.39,left,0.953162025956,0.971604222424,0.0184421964676,rise
8.4,left,0.953260418534,0.97152645867,0.0182660401361,rise
8.41,left,0.953406634121,0.971448447828,0.0180418137062,rise
8.42,left,0.953601181514,0.971370251977,0.0177690704629,rise
8.43,left,0.95383974169,0.971291924665,0.017452182975,rise
8.44,left,0.954113325409,0.971213512556,0.0171001871472,rise
8.45,left,0.954408670045,0.971135058858,0.0167263888128,rise
8.46,left,0.954709025059,0.971056606211,0.0163475811515,rise
8.47,left,0.954996081291,0.970978199478,0.0159821181868,rise
8.48,left,0.95525283929,0.970899888772,0.0156470494817,rise
8.49,left,0.955466100202,0.970821730193,0.0153556299913,rise
8.5,left,0.95562786216,0.97074378328,0.0151159211199,rise
8.51,left,0.955735647491,0.970666107266,0.0149304597744,rise
8.52,left,0.955791732755,0.97058875909,0.014797026335,rise
8.53,left,0.955801727806,0.970511795104,0.0147100672983,rise
8.54,left,0.955773382455,0.970435274763,0.0146618923079,rise
8.55,left,0.955715755377,0.97035926293,0.0146435075532,rise
8.56,left,0.955638307676,0.970283829131,0.014645521455,rise
8.57,left,0.955549939746,0.970209044037,0.0146591042907,rise
8.58,left,0.955458136946,0.970134976147,0.0146768392012,rise
8.59,left,0.955367919655,0.970061691268,0.0146937716134,rise
8.6,left,0.955280677833,0.969989253723,0.0147085758904,rise
8.61,left,0.955193905768,0.969917728448,0.0147238226801,rise
8.62,left,0.955102304325,0.969847182315,0.0147448779901,rise
8.63,left,0.954999472878,0.969777678203,0.0147782053245,rise
8.64,left,0.954879592127,0.969709258513,0.0148296663862,rise
8.65,left,0.954738978064,0.969641926547,0.0149029484834,rise
8.66,left,0.954577018911,0.969575638261,0.0149986193504,rise
8.67,left,0.954396243113,0.969510306774,0.0151140636612,rise
8.68,left,0.954202012629,0.969445813579,0.01524380095,rise
8.69,left,0.95400199095,0.969382021793,0.0153800308435,rise
8.7,left,0.95380500992,0.969318787173,0.0155137772528,rise
8.71,left,0.953619604294,0.969255965409,0.0156363611149,rise
8.72,left,0.953453040873,0.969193419607,0.0157403787339,rise
8.73,left,0.953311127635,0.969131028248,0.0158199006128,rise
8.74,left,0.953198481051,0.969068690983,0.0158702099323,rise
8.75,left,0.953118993788,0.969006333105,0.0158873393176,rise
8.76,left,0.953076241376,0.96894390729,0.015867665914,rise
8.77,left,0.953073248708,0.96888138727,0.0158081385621,rise
8.78,left,0.953111562515,0.968818755321,0.0157071928064,rise
8.79,left,0.953190417284,0.968755994615,0.0155655773312,rise
8.8,left,0.953306333234,0.968693091145,0.0153867579106,rise
8.81,left,0.953453062715,0.968630037814,0.0151769750992,rise
8.82,left,0.953622392172,0.968566833839,0.0149444416678,rise
8.83,left,0.953806032184,0.968503478556,0.0146974463725,rise
8.84,left,0.953997683748,0.968439960609,0.0144422768609,rise
8.85,left,0.954194343538,0.968376247367,0.0141819038288,rise
8.86,left,0.954396701316,0.968312280685,0.0139155793684,rise
8.87,left,0.95460855901,0.968247978489,0.0136394194791,rise
8.88,left,0.954835205808,0.968183239859,0.0133480340511,rise
8.89,left,0.955081610077,0.968117955262,0.0130363451847,rise
8.9,left,0.955351496933,0.968052021317,0.0127005243841,rise
8.91,left,0.955647126645,0.967985355829,0.0123382291841,rise
8.92,left,0.955969135577,0.967917909028,0.0119487734515,rise
8.93,left,0.956316464792,0.967849667151,0.0115332023596,rise
8.94,left,0.956686382019,0.967780648677,0.0110942666585,rise
8.95,left,0.957074435685,0.967710900301,0.0106364646157,rise
8.96,left,0.957474763465,0.967640497665,0.0101657341997,rise
8.97,left,0.957881092421,0.967569547518,0.00968845509692,rise
8.98,left,0.958287821107,0.967498185028,0.00921036392048,rise
8.99,left,0.958690491004,0.967426564226,0.00873607322248,rise
9,left,0.959085627921,0.967354846325,0.00826921840408,rise
9.01,left,0.959470071754,0.967283193108,0.00781312135428,rise
9.02,left,0.9598397426,0.967211767726,0.00737202512655,rise
9.03,left,0.960188373939,0.96714073904,0.00695236510113,rise
9.04,left,0.960507341913,0.967070281156,0.00656293924299,rise
9.05,left,0.960786821969,0.967000562183,0.00621374021428,rise
9.06,left,0.961017490426,0.966931727426,0.00591423699978,rise
9.07,left,0.961192314313,0.966863888033,0.00567157371991,rise
9.08,left,0.961308030417,0.966797120089,0.00548908967152,rise
9.09,left,0.961365409012,0.966731471062,0.00536606204986,rise
9.1,left,0.961368032558,0.966666969543,0.00529893698493,rise
9.11,left,0.961320400986,0.966603635209,0.00528323422322,rise
9.12,left,0.961226206077,0.966541481239,0.0053152751626,rise
9.13,left,0.96108738046,0.966480503504,0.00539312304486,rise
9.14,left,0.960904510987,0.966420665564,0.00551615457781,rise
9.15,left,0.960678530935,0.966361893383,0.00568336244786,rise
9.16,left,0.960412611892,0.966304081997,0.00589147010525,rise
9.17,left,0.960113270715,0.966247107628,0.00613383691348,rise
9.18,left,0.959790651917,0.966190839231,0.00640018731398,rise
9.19,left,0.959458065744,0.966135147452,0.00667708170722,rise
9.2,left,0.959130546732,0.966079910995,0.00694936426262,rise
9.21,left,0.958822956024,0.966025019204,0.00720206317987,rise
9.22,left,0.958548607876,0.965970371758,0.00742176388127,rise
9.23,left,0.95831839497,0.965915878492,0.00759748352191,rise
9.24,left,0.95814005029,0.965861457231,0.00772140694095,rise
9.25,left,0.958017981905,0.965807024673,0.00778904276763,rise
9.26,left,0.957953908541,0.965752481373,0.00779857283141,rise
9.27,left,0.957947741419,0.965697699577,0.00774995815885,rise
9.28,left,0.957998472282,0.965642522733,0.00764405045013,rise
9.29,left,0.958105187304,0.965586775623,0.00748158831886,rise
9.3,left,0.958267716024,0.965530276927,0.00726256090317,rise
9.31,left,0.958486221479,0.965472849161,0.00698662768256,rise
9.32,left,0.958759985731,0.965414326946,0.00665434121513,rise
9.33,left,0.959086244861,0.96535456596,0.00626832109893,rise
9.34,left,0.959459407431,0.965293451922,0.00583404449026,rise
9.35,left,0.959870750364,0.965230908337,0.00536015797244,rise
9.36,left,0.960308877676,0.965166902483,0.00485802480782,rise
9.37,left,0.960760641552,0.965101446282,0.00434080473007,rise
9.38,left,0.961211909337,0.965034591149,0.00382268181163,rise
9.39,left,0.961648381989,0.964966422591,0.00331804060141,rise
9.4,left,0.962056853732,0.964897058284,0.00284020455129,rise
9.41,left,0.962426485623,0.964826644768,0.0024001591454,rise
9.42,left,0.962749567122,0.964755347849,0.00200578072746,rise
9.43,left,0.963021759252,0.964683341737,0.00166158248448,rise
9.44,left,0.963241691319,0.964610802343,0.00136911102379,rise
9.45,left,0.963409708727,0.964537902497,0.00112819376971,rise
9.46,left,0.963526449723,0.964464808953,0.000938359230146,rise
9.47,left,0.963592207496,0.964391683439,0.00079947594296,rise
9.48,left,0.963606856119,0.964318685272,0.000711829153302,rise
9.49,left,0.963569641856,0.964245971354,0.000676329497939,rise
9.5,left,0.963478970393,0.964173692861,0.000694722467819,rise
9.51,left,0.963332426273,0.964101991723,0.000769565450204,rise
9.52,left,0.963126806926,0.964030997512,0.000904190585971,rise
9.53,left,0.962858454144,0.963960822937,0.00110236879344,rise
9.54,left,0.96252444542,0.963891559534,0.00136711411408,rise
9.55,left,0.962124242289,0.96382327309,0.00169903080089,rise
9.56,left,0.96166104065,0.96375599531,0.0020949546591,rise
9.57,left,0.96114272477,0.963689715549,0.00254699077885,rise
9.58,left,0.960582192701,0.963624381913,0.00304218921216,rise
9.59,left,0.959996288614,0.963559914608,0.00356362599413,rise
9.6,left,0.959403293778,0.963496223889,0.00409293011156,rise
9.61,left,0.958820031049,0.963433223609,0.00461319255966,rise
9.62,left,0.958259307354,0.963370839158,0.00511153180406,rise
9.63,left,0.957727839703,0.963309011405,0.00558117170145,rise
9.64,left,0.957225488088,0.963247698771,0.00602221068327,rise
9.65,left,0.956746591335,0.963186880069,0.00644028873448,rise
9.66,left,0.956282736891,0.963126553522,0.00684381663086,rise
9.67,left,0.955825784125,0.963066725392,0.00724094126719,rise
9.68,left,0.955370430372,0.963007393144,0.00763696277223,rise
9.69,left,0.954915545231,0.962948535488,0.00803299025703,rise
9.7,left,0.95446382365,0.962890112315,0.00842628866508,rise
9.71,left,0.954020407568,0.962832065595,0.00881165802752,rise
9.72,left,0.953591334073,0.962774317053,0.00918298297971,rise
9.73,left,0.953181939249,0.962716769507,0.00953483025872,rise
9.74,left,0.952795430455,0.96265931584,0.0098638853856,rise
9.75,left,0.952432553998,0.962601849501,0.0101692955038,rise
9.76,left,0.952092676075,0.962544270734,0.0104515946586,rise
9.77,left,0.95177536423,0.96248649016,0.0107111259304,rise
9.78,left,0.951481754911,0.9624284311,0.0109466761896,rise
9.79,left,0.951215461171,0.962370028347,0.0111545671766,rise
9.8,left,0.950982379574,0.962311225656,0.0113288460821,rise
9.81,left,0.950789174011,0.962251977573,0.0114628035625,rise
9.82,left,0.950641418162,0.962192255863,0.0115508377006,rise
9.83,left,0.950542253027,0.962132056386,0.0115898033592,rise
9.84,left,0.950491558076,0.962071403512,0.0115798454361,rise
9.85,left,0.950485826416,0.96201035355,0.0115245271344,rise
9.86,left,0.950519094144,0.961948999687,0.0114299055427,rise
9.87,left,0.95058441125,0.961887473883,0.0113030626335,rise
9.88,left,0.95067501248,0.961825939167,0.0111509266867,rise
9.89,left,0.950785187244,0.961764574685,0.0109793874412,rise
9.9,left,0.950911180928,0.961703561297,0.0107923803691,rise
9.91,left,0.951051784063,0.9616430733,0.0105912892371,rise
9.92,left,0.951208323798,0.961583275088,0.0103749512902,rise
9.93,left,0.951384438163,0.961524314087,0.0101398759236,rise
9.94,left,0.951585572871,0.961466307483,0.00988073461145,rise
9.95,left,0.95181769178,0.961409333104,0.00959164132344,rise
9.96,left,0.952085489189,0.961353431091,0.00926794190182,rise
9.97,left,0.952390820811,0.961298612023,0.0089077912114,rise
9.98,left,0.952731609228,0.961244866966,0.00851325773866,rise
9.99,left,0.953101459601,0.961192178069,0.00809071846797,rise
10,left,0.953490290032,0.961140527785,0.00765023775292,rise
10.01,left,0.953885572564,0.961089903077,0.00720433051355,rise
10.02,left,0.95427341815,0.961040292504,0.00676687435414,rise
10.03,left,0.954639568109,0.960991681123,0.00635211301471,rise
10.04,left,0.954970853479,0.960944049182,0.00597319570308,rise
10.05,left,0.955256860155,0.960897371116,0.00564051096112,rise
10.06,left,0.955491125043,0.960851607389,0.00536048234599,rise
10.07,left,0.955671786179,0.960806689182,0.00513490300224,rise
10.08,left,0.955801593,0.960762504676,0.00496091167575,rise
10.09,left,0.955886939372,0.960718894852,0.00483195547937,rise
10.1,left,0.95593628373,0.960675657191,0.00473937346063,rise
10.11,left,0.955958753822,0.960632551452,0.00467379763005,rise
10.12,left,0.955963130257,0.960589305005,0.00462617474814,rise
10.13,left,0.955957162351,0.960545617625,0.00458845527406,rise
10.14,left,0.955947548377,0.960501165882,0.0045536175042,rise
10.15,left,0.955940542736,0.960455607278,0.00451506454164,rise
10.16,left,0.955942338714,0.960408584275,0.00446624556146,rise
10.17,left,0.955958780572,0.960359728396,0.00440094782421,rise
10.18,left,0.955995018587,0.960308664621,0.00431364603433,rise
10.19,left,0.956055452331,0.960255016329,0.00419956399713,rise
10.2,left,0.956143635984,0.960198410885,0.00405477490083,rise
10.21,left,0.956262255787,0.96013848599,0.00387623020269,rise
10.22,left,0.95641329107,0.960074896928,0.00366160585804,rise
10.23,left,0.956597790239,0.96000732494,0.0034095347004,rise
10.24,left,0.95681518023,0.959935486915,0.00312030668484,rise
10.25,left,0.957062809598,0.959859146661,0.0027963370632,rise
10.26,left,0.957335901292,0.959778127976,0.00244222668386,rise
10.27,left,0.957627598108,0.959692327627,0.00206472951845,rise
10.28,left,0.957929321085,0.959601721703,0.00167240061784,rise
10.29,left,0.958231743983,0.959506360385,0.00127461640212,rise
10.3,left,0.958525866161,0.959406354924,0.000880488763455,rise
10.31,left,0.958803583316,0.959301863641,0.000498280325303,rise
10.32,left,0.959057936399,0.959193079586,0.000135143187452,rise
10.33,left,0.959283255942,0.959080219882,-0.00020303606045,rise
10.34,left,0.959475093155,0.958963516521,-0.000511576634437,rise
10.35,left,0.959630255044,0.958843208428,-0.000787046616397,rise
10.36,left,0.959747283287,0.958719534596,-0.00102774869069,rise
10.37,left,0.959826849968,0.95859272837,-0.00123412159801,rise
10.38,left,0.959871414761,0.958463013456,-0.00140840130462,rise
10.39,left,0.959884264729,0.958330602095,-0.00155366263363,rise
10.4,left,0.959868280209,0.958195694888,-0.00167258532084,rise
10.41,left,0.959824589551,0.958058481459,-0.00176610809209,rise
10.42,left,0.959751633126,0.957919141599,-0.001832491527,rise
10.43,left,0.959645220143,0.957777846836,-0.00186737330628,rise
10.44,left,0.959499304939,0.95763476241,-0.00186454252897,rise
10.45,left,0.959306883286,0.95749004964,-0.00181683364632,rise
10.46,left,0.959061193408,0.957343868678,-0.00171732472994,rise
10.47,left,0.958757510035,0.957196381333,-0.00156112870223,rise
10.48,left,0.95839486426,0.957047752945,-0.00134711131504,rise
10.49,left,0.957977097718,0.95689815254,-0.00107894517816,rise
10.5,left,0.957513521531,0.956747751814,-0.000765769716291,rise
10.51,left,0.95701905559,0.956596723925,-0.000422331665293,rise
10.52,left,0.956513256468,0.956445242474,-6.80139941899e-05,rise
10.53,left,0.956018475436,0.956293480657,0.000275005220649,rise
10.54,left,0.955557795782,0.956141610518,0.000583814736189,rise
10.55,left,0.955152901432,0.955989802259,0.000836900826329,rise
10.56,left,0.954822119152,0.955838223543,0.00101610439032,rise
10.57,left,0.954579161449,0.955687038778,0.00110787732935,rise
10.58,left,0.954432425976,0.955536408417,0.00110398244079,rise
10.59,left,0.954384280599,0.955386488292,0.00100220769277,rise
10.6,left,0.954430701002,0.955237428883,0.000806727881305,rise
10.61,left,0.954562156039,0.955089374372,0.000527218332485,rise
10.62,left,0.954765572683,0.954942461373,0.000176888690474,rise
10.63,left,0.955026554711,0.954796817305,-0.000229737405616,rise
10.64,left,0.955331611737,0.95465255832,-0.000679053416773,rise
10.65,left,0.955670141528,0.954509786739,-0.00116035478928,rise
10.66,left,0.956035446695,0.954368587923,-0.00166685877218,rise
10.67,left,0.956424663603,0.954229027126,-0.00219563647706,rise
10.68,left,0.956838139325,0.954091148207,-0.00274699111764,rise
10.69,left,0.957278381324,0.953954975626,-0.0033234056975,rise
10.7,left,0.957748513953,0.953820518635,-0.00392799531803,rise
10.71,left,0.958250716805,0.9536877757,-0.00456294110543,rise
10.72,left,0.95878499982,0.95355673839,-0.00522826142998,rise
10.73,left,0.959348076977,0.953427394733,-0.00592068224406,rise
10.74,left,0.95993247572,0.953299732078,-0.00663274364188,rise
10.75,left,0.960526685891,0.953173739525,-0.00735294636694,rise
10.76,left,0.961116472112,0.953049409957,-0.00806706215494,rise
10.77,left,0.961686499904,0.952926741793,-0.00875975811114,rise
10.78,left,0.962221889248,0.952805740702,-0.00941614854607,rise
10.79,left,0.9627098155,0.952686421508,-0.0100233939914,rise
10.8,left,0.963140799285,0.95256881016,-0.0105719891253,rise
10.81,left,0.963509385003,0.95245294556,-0.0110564394427,rise
10.82,left,0.963814418183,0.952338881181,-0.0114755370021,rise
10.83,left,0.964058828877,0.952226686467,-0.0118321424099,rise
10.84,left,0.964248593973,0.95211644804,-0.0121321459328,rise
10.85,left,0.964391234602,0.9520082707,-0.0123829639016,rise
10.86,left,0.964494464333,0.951902278222,-0.0125921861109,rise
10.87,left,0.964564887489,0.951798613596,-0.0127662738936,rise
10.88,left,0.96460657719,0.951697437622,-0.0129091395687,rise
10.89,left,0.964620178125,0.951598925012,-0.0130212531133,rise
10.9,left,0.964602997782,0.9515032585,-0.0130997392824,rise
10.91,left,0.964549678935,0.951410621917,-0.0131390570179,rise
10.92,left,0.964453380148,0.951321192533,-0.0131321876151,rise
10.93,left,0.964307787104,0.951235132525,-0.0130726545798,rise
10.94,left,0.964109305061,0.951152579408,-0.0129567256526,rise
10.95,left,0.963858383973,0.951073635227,-0.0127847487454,rise
10.96,left,0.963559913603,0.950998354303,-0.0125615592996,rise
10.97,left,0.963222955297,0.950926731175,-0.0122962241226,rise
10.98,left,0.962859664123,0.950858694291,-0.0120009698326,rise
10.99,left,0.962483628581,0.950794109678,-0.0116895189026,rise
11,left,0.962108302936,0.950732791371,-0.0113755115644,rise
11.01,left,0.961745722353,0.950674512828,-0.011071209525,rise
11.02,left,0.96140545606,0.950619017092,-0.010786438968,rise
11.03,left,0.961094335375,0.950566025703,-0.0105283096722,rise
11.04,left,0.960817252762,0.950515246581,-0.0103020061809,rise
11.05,left,0.960578155377,0.950466381053,-0.010111774324,rise
11.06,left,0.960380550316,0.950419130224,-0.00996142009257,rise
11.07,left,0.960227965201,0.950373200612,-0.00985476458886,rise
11.08,left,0.960124567664,0.95032830843,-0.00979625923455,rise
11.09,left,0.960075466675,0.950284182064,-0.00979128461157,rise
11.1,left,0.960086551496,0.950240563316,-0.00984598818014,rise
11.11,left,0.960164019412,0.9501972083,-0.00996681111222,rise
11.12,left,0.96031347763,0.950153888406,-0.0101595892236,rise
11.13,left,0.960538723365,0.950110391442,-0.0104283319235,rise
11.14,left,0.960840794212,0.950066523022,-0.0107742711896,rise
11.15,left,0.961217519322,0.950022108287,-0.0111954110346,rise
11.16,left,0.961663338724,0.949976994016,-0.0116863447074,rise
11.17,left,0.962169536356,0.949931050959,-0.0122384853964,rise
11.18,left,0.962725131344,0.949884175616,-0.0128409557279,rise
11.19,left,0.963317873327,0.949836290909,-0.0134815824179,rise
11.2,left,0.963934691176,0.949787346254,-0.0141473449212,rise
11.21,left,0.964561943381,0.949737317921,-0.0148246254598,rise
11.22,left,0.96518589986,0.949686210048,-0.0154996898115,rise
11.23,left,0.965793107073,0.949634056374,-0.0161590506984,rise
11.24,left,0.96637065972,0.949580922709,-0.0167897370105,rise
11.25,left,0.966907055775,0.949526910168,-0.0173801456061,rise
11.26,left,0.967393531843,0.949472159217,-0.0179213726263,rise
11.27,left,0.967825015416,0.949416853471,-0.0184081619447,rise
11.28,left,0.968200295719,0.949361219946,-0.0188390757733,rise
11.29,left,0.96852142415,0.949305523166,-0.0192159009836,rise
11.3,left,0.968792349258,0.949250054937,-0.0195422943214,rise
11.31,left,0.969017313559,0.949195122991,-0.0198221905677,rise
11.32,left,0.969199971903,0.949141039719,-0.0200589321844,rise
11.33,left,0.969343307974,0.949088110831,-0.0202551971437,rise
11.34,left,0.969449635379,0.949036623703,-0.0204130116766,rise
11.35,left,0.96952067552,0.948986835144,-0.0205338403757,rise
11.36,left,0.969557903088,0.948938958317,-0.0206189447706,rise
11.37,left,0.969562466916,0.948893150114,-0.0206693168019,rise
11.38,left,0.969534367684,0.948849503628,-0.0206848640564,rise
11.39,left,0.969471724322,0.948808049221,-0.0206636751007,rise
11.4,left,0.969370807759,0.948768761402,-0.0206020463568,rise
11.41,left,0.9692268219,0.948731566533,-0.0204952553667,rise
11.42,left,0.969035367583,0.948696349413,-0.0203390181704,rise
11.43,left,0.968794275805,0.948662958677,-0.0201313171276,rise
11.44,left,0.968504748538,0.94863121113,-0.0198735374079,rise
11.45,left,0.968171114399,0.94860089511,-0.0195702192892,rise
11.46,left,0.967799878146,0.948571773003,-0.0192281051429,rise
11.47,left,0.967398822619,0.948543583276,-0.018855239343,rise
11.48,left,0.966976013554,0.948516043077,-0.0184599704772,rise
11.49,left,0.966538767046,0.948488852202,-0.0180499148446,rise
11.5,left,0.966093145917,0.948461698025,-0.0176314478921,rise
11.51,left,0.965643806199,0.948434260586,-0.0172095456126,rise
11.52,left,0.965193640407,0.948406217583,-0.016787422824,rise
11.53,left,0.964743584104,0.948377249398,-0.0163663347062,rise
11.54,left,0.96429305383,0.948347044317,-0.0159460095135,rise
11.55,left,0.963840804761,0.948315304115,-0.0155255006461,rise
11.56,left,0.963386249903,0.948281750154,-0.0151044997483,rise
11.57,left,0.962931283117,0.94824612949,-0.0146851536261,rise
11.58,left,0.962481536139,0.948208218972,-0.0142733171671,rise
11.59,left,0.962045877625,0.948167825851,-0.0138780517743,rise
11.6,left,0.961634553344,0.948124786191,-0.0135097671536,rise
11.61,left,0.961257295263,0.948078963361,-0.0131783319028,rise
11.62,left,0.960921909382,0.948030247536,-0.0128916618459,rise
11.63,left,0.960633338768,0.947978556333,-0.0126547824354,rise
11.64,left,0.960393487852,0.947923836593,-0.0124696512589,rise
11.65,left,0.960201571592,0.947866067389,-0.012335504203,rise
11.66,left,0.960054290228,0.947805264293,-0.0122490259342,rise
11.67,left,0.959945895973,0.947741484005,-0.0122044119679,rise
11.68,left,0.959868519751,0.947674826349,-0.0121936934014,rise
11.69,left,0.959812475822,0.94760543135,-0.0122070444711,rise
11.7,left,0.959766480657,0.947533473078,-0.0122330075793,rise
11.71,left,0.959718425797,0.947459153291,-0.0122592725064,rise
11.72,left,0.959656740857,0.947382696055,-0.0122740448021,rise
11.73,left,0.959571575373,0.947304343308,-0.0122672320658,rise
11.74,left,0.959455666122,0.947224351241,-0.0122313148805,rise
11.75,left,0.959305314505,0.947142987388,-0.0121623271163,rise
11.76,left,0.959121132122,0.947060528299,-0.0120606038229,rise
11.77,left,0.958908031899,0.946977257406,-0.0119307744929,rise
11.78,left,0.958674816677,0.946893462052,-0.0117813546254,rise
11.79,left,0.958433505385,0.946809428859,-0.0116240765263,rise
11.8,left,0.958197891006,0.946725437826,-0.01147245318,rise
11.81,left,0.957981543988,0.946641755959,-0.0113397880296,rise
11.82,left,0.957796050173,0.946558630638,-0.0112374195349,rise
11.83,left,0.957649649234,0.946476282615,-0.0111733666185,rise
11.84,left,0.957546298537,0.946394898437,-0.0111514000996,rise
11.85,left,0.957485814647,0.94631462214,-0.0111711925063,rise
11.86,left,0.957465340222,0.946235546031,-0.0112297941905,rise
11.87,left,0.957481159396,0.94615770188,-0.011323457516,rise
11.88,left,0.957529905003,0.946081057054,-0.0114488479486,rise
11.89,left,0.957609078991,0.946005519038,-0.0116035599527,rise
11.9,left,0.957716775406,0.945930945745,-0.0117858296606,rise
11.91,left,0.957850482422,0.945857156944,-0.0119933254778,rise
11.92,left,0.958005916951,0.945783945012,-0.0122219719383,rise
11.93,left,0.958177029078,0.945711085054,-0.0124659440239,rise
11.94,left,0.958356959194,0.945638344609,-0.0127186145852,rise
11.95,left,0.958539231909,0.945565493143,-0.0129737387662,rise
11.96,left,0.958719010191,0.94549231155,-0.0132266986416,rise
11.97,left,0.958894085971,0.945418601025,-0.0134754849464,rise
11.98,left,0.959065088829,0.945344188935,-0.0137208998935,rise
11.99,left,0.959235022255,0.945268929898,-0.0139660923571,rise
12,left,0.959408514386,0.945192703588,-0.0142158107979,rise
12.01,left,0.959590728421,0.945115411965,-0.0144753164563,rise
12.02,left,0.959786027032,0.945036976997,-0.014749050035,rise
12.03,left,0.959997192416,0.944957338971,-0.0150398534449,rise
12.04,left,0.960225547796,0.944876455379,-0.0153490924172,rise
12.05,left,0.960471284318,0.944794300376,-0.0156769839424,rise
12.06,left,0.960733730573,0.94471086482,-0.0160228657533,rise
12.07,left,0.961011871748,0.944626156598,-0.0163857151501,rise
12.08,left,0.96130466198,0.944540200363,-0.0167644616166,rise
12.09,left,0.961610635013,0.944453035986,-0.0171575990263,rise
12.1,left,0.961927398903,0.944364716214,-0.0175626826894,rise
12.11,left,0.962251669195,0.944275304416,-0.0179763647789,rise
12.12,left,0.962579721954,0.94418487276,-0.0183948491942,rise
12.13,left,0.962908035189,0.944093500798,-0.0188145343904,rise
12.14,left,0.963233995872,0.944001274428,-0.0192327214444,rise
12.15,left,0.963556036701,0.943908285188,-0.0196477515132,rise
12.16,left,0.963872691243,0.94381462986,-0.0200580613831,rise
12.17,left,0.964181517855,0.943720410208,-0.0204611076468,rise
12.18,left,0.964479242065,0.943625732397,-0.0208535096674,rise
12.19,left,0.964762972386,0.943530705743,-0.0212322666428,rise
12.2,left,0.965031629218,0.943435440981,-0.0215961882374,rise
12.21,left,0.965287102978,0.94334004845,-0.0219470545284,rise
12.22,left,0.965534385337,0.943244636315,-0.0222897490215,rise
12.23,left,0.965780118726,0.943149308789,-0.0226308099372,rise
12.24,left,0.966030441501,0.943054164289,-0.0229762772118,rise
12.25,left,0.966289403041,0.942959293492,-0.0233301095481,rise
12.26,left,0.966558161731,0.942864777214,-0.0236933845171,rise
12.27,left,0.966834811287,0.942770684474,-0.0240641268134,rise
12.28,left,0.967114959155,0.942677071962,-0.024437887193,rise
12.29,left,0.967392672216,0.942583985837,-0.0248086863786,rise
12.3,left,0.967661038121,0.942491465139,-0.0251695729817,rise
12.31,left,0.967912437135,0.942399545548,-0.0255128915877,rise
12.32,left,0.968139227736,0.942308262991,-0.0258309647448,rise
12.33,left,0.968334746038,0.942217657107,-0.0261170889314,rise
12.34,left,0.968493897201,0.942127774602,-0.0263661225987,rise
12.35,left,0.968613328726,0.942038672556,-0.0265746561698,rise
12.36,left,0.968691478375,0.941950421696,-0.0267410566788,rise
12.37,left,0.968728287083,0.941863109429,-0.0268651776537,rise
12.38,left,0.968724643089,0.941776841771,-0.0269478013184,rise
12.39,left,0.968681978199,0.941691743554,-0.026990234645,rise
12.4,left,0.968601896891,0.941607957377,-0.0269939395138,rise
12.41,left,0.968485585536,0.941525642138,-0.0269599433984,rise
12.42,left,0.968333435741,0.941444971459,-0.0268884642817,rise
12.43,left,0.968145340382,0.941366131988,-0.026779208394,rise
12.44,left,0.967921321799,0.941289321471,-0.0266320003278,rise
12.45,left,0.967662135872,0.941214746558,-0.0264473893141,rise
12.46,left,0.967370044608,0.941142620223,-0.0262274243852,rise
12.47,left,0.967049473421,0.94107315865,-0.0259763147704,rise
12.48,left,0.966706907932,0.941006577196,-0.0257003307361,rise
12.49,left,0.966350436038,0.940943085129,-0.0254073509089,rise
12.5,left,0.965989651781,0.940882879157,-0.0251067726246,rise
12.51,left,0.965635501969,0.940826135846,-0.0248093661226,rise
12.52,left,0.965299634037,0.9407730029,-0.0245266311362,rise
12.53,left,0.9649937885,0.940723589102,-0.0242701993981,rise
12.54,left,0.964729470002,0.940677952736,-0.0240515172664,rise
12.55,left,0.964517452126,0.94063608828,-0.0238813638458,rise
12.56,left,0.964367239106,0.940597911141,-0.0237693279648,rise
12.57,left,0.964286874668,0.940563242989,-0.0237236316794,rise
12.58,left,0.964282698213,0.940531806213,-0.0237508919997,rise
12.59,left,0.964358739583,0.940503233979,-0.0238555056047,rise
12.6,left,0.964516396325,0.940477091145,-0.0240393051799,rise
12.61,left,0.964754676042,0.940452897429,-0.0243017786126,rise
12.62,left,0.965070324171,0.940430149562,-0.0246401746089,rise
12.63,left,0.965457740877,0.940408342591,-0.0250493982851,rise
12.64,left,0.965909256982,0.940386990789,-0.025522266193,rise
12.65,left,0.966415563471,0.94036564863,-0.0260499148413,rise
12.66,left,0.966965922917,0.940343932291,-0.0266219906266,rise
12.67,left,0.967548577016,0.940321539583,-0.0272270374328,rise
12.68,left,0.968151486101,0.940298260856,-0.027853225245,rise
12.69,left,0.968762936386,0.940273975206,-0.0284889611794,rise
12.7,left,0.96937200638,0.940248636486,-0.0291233698943,rise
12.71,left,0.969969128167,0.940222257088,-0.0297468710788,rise
12.72,left,0.970546297347,0.940194892631,-0.0303514047156,rise
12.73,left,0.97109641623,0.940166627597,-0.0309297886335,rise
12.74,left,0.971612233756,0.94013756166,-0.0314746720968,rise
12.75,left,0.972085613783,0.940107796493,-0.0319778172905,rise
12.76,left,0.972507248791,0.940077422801,-0.0324298259901,rise
12.77,left,0.97286707008,0.94004650828,-0.0328205617995,rise
12.78,left,0.973155814,0.94001508916,-0.0331407248406,rise
12.79,left,0.973367193949,0.939983167323,-0.0333840266269,rise
12.8,left,0.973499496318,0.939950711317,-0.0335487850014,rise
12.81,left,0.973556204541,0.939917658301,-0.0336385462406,rise
12.82,left,0.973545767194,0.939883915726,-0.0336618514681,rise
12.83,left,0.97348044925,0.939849362708,-0.0336310865422,rise
12.84,left,0.973374718115,0.939813851118,-0.0335608669965,rise
12.85,left,0.973244157125,0.939777206455,-0.0334669506694,rise
12.86,left,0.973105082921,0.939739228536,-0.0333658543855,rise
12.87,left,0.972974145424,0.93969969242,-0.0332744530042,rise
12.88,left,0.972867674623,0.939658350716,-0.0332093239071,rise
12.89,left,0.972801111821,0.939614938176,-0.0331861736455,rise
12.9,left,0.972788209444,0.939569178093,-0.0332190313507,rise
12.91,left,0.972839419433,0.939520789549,-0.0333186298849,rise
12.92,left,0.972960018911,0.939469495214,-0.0334905236965,rise
12.93,left,0.973148919846,0.939415029882,-0.0337338899638,rise
12.94,left,0.973398417301,0.939357149911,-0.0340412673897,rise
12.95,left,0.973695168361,0.939295643812,-0.0343995245493,rise
12.96,left,0.97402273606,0.9392303442,-0.0347923918604,rise
12.97,left,0.974365037469,0.939161139625,-0.0352038978445,rise
12.98,left,0.974709472701,0.939087981105,-0.0356214915968,rise
12.99,left,0.975048992364,0.939010879465,-0.0360381128991,rise
13,left,0.975382582861,0.93892989652,-0.0364526863414,rise
13.01,left,0.975713622576,0.938845135548,-0.0368684870277,rise
13.02,left,0.976046632629,0.938756733207,-0.0372898994219,rise
13.03,left,0.976384201232,0.938664852921,-0.0377193483102,rise
13.04,left,0.976725243375,0.938569679616,-0.0381555637585,rise
13.05,left,0.977064546615,0.938471415656,-0.0385931309595,rise
13.06,left,0.9773936806,0.938370277895,-0.0390234027046,rise
13.07,left,0.977703257796,0.938266495568,-0.0394367622279,rise
13.08,left,0.977985491566,0.938160308428,-0.0398251831377,rise
13.09,left,0.978236066054,0.938051964669,-0.0401841013853,rise
13.1,left,0.978455222543,0.937941718826,-0.0405135037179,rise
13.11,left,0.978647841052,0.93782983008,-0.040818010972,rise
13.12,left,0.978822145128,0.937716561102,-0.0411055840267,rise
13.13,left,0.978987578652,0.937602177359,-0.0413854012934,rise
13.14,left,0.979152819184,0.937486946817,-0.0416658723676,rise
13.15,left,0.979324140635,0.937371139961,-0.0419530006741,rise
13.16,left,0.979504231086,0.937255030069,-0.0422492010174,rise
13.17,left,0.979692121629,0.93713889347,-0.0425532281587,rise
13.18,left,0.979884132891,0.937023009098,-0.0428611237927,rise
13.19,left,0.980074727541,0.936907656782,-0.0431670707595,rise
13.2,left,0.980256916941,0.936793114539,-0.0434638024021,rise
13.21,left,0.980422652307,0.936679655419,-0.0437429968881,rise
13.22,left,0.980563074502,0.936567544039,-0.043995530463,rise
13.23,left,0.980668614321,0.936457032711,-0.0442115816099,rise
13.24,left,0.980729588006,0.93634835704,-0.0443812309662,rise
13.25,left,0.980737313846,0.936241730856,-0.0444955829894,rise
13.26,left,0.980685107901,0.936137340338,-0.0445477675631,rise
13.27,left,0.980568965452,0.93603533804,-0.0445336274116,rise
13.28,left,0.980388053282,0.935935839351,-0.0444522139308,rise
13.29,left,0.980144718723,0.935838923274,-0.0443057954488,rise
13.3,left,0.97984369889,0.935744635997,-0.0440990628936,rise
13.31,left,0.979490981891,0.935652994536,-0.0438379873551,rise
13.32,left,0.979092878323,0.935563989351,-0.043528888972,rise
13.33,left,0.9786550968,0.935477585873,-0.0431775109276,rise
13.34,left,0.978181708726,0.935393724977,-0.0427879837489,rise
13.35,left,0.977674555003,0.935312322414,-0.0423622325891,rise
13.36,left,0.977133274484,0.935233267203,-0.0419000072813,rise
13.37,left,0.97655572171,0.935156419787,-0.0413993019233,rise
13.38,left,0.97593899191,0.935081612462,-0.0408573794487,rise
13.39,left,0.975281048851,0.935008653987,-0.0402723948639,rise
13.4,left,0.974582179027,0.934937337066,-0.0396448419608,rise
13.41,left,0.973845830835,0.934867446277,-0.0389783845586,rise
13.42,left,0.973079126564,0.934798765545,-0.0382803610195,rise
13.43,left,0.972292990999,0.934731085249,-0.0375619057495,rise
13.44,left,0.971501410944,0.934664209127,-0.036837201817,rise
13.45,left,0.970720114075,0.934597961135,-0.0361221529401,rise
13.46,left,0.969965537186,0.934532192428,-0.0354333447589,rise
13.47,left,0.969254077709,0.934466787752,-0.0347872899571,rise
13.48,left,0.968601168861,0.934401668727,-0.0341995001343,rise
13.49,left,0.968020497761,0.934336792097,-0.0336837056644,rise
13.5,left,0.967523533413,0.934272144468,-0.0332513889451,rise
13.51,left,0.967118839546,0.93420773622,-0.0329111033264,rise
13.52,left,0.966811320573,0.934143595635,-0.0326677249375,rise
13.53,left,0.9666020909,0.934079763254,-0.0325223276464,rise
13.54,left,0.966488893867,0.934016286354,-0.0324726075132,rise
13.55,left,0.966466689285,0.93395321346,-0.0325134758251,rise
13.56,left,0.966528588437,0.933890588781,-0.0326379996563,rise
13.57,left,0.966667089167,0.933828446847,-0.0328386423204,rise
13.58,left,0.966874758961,0.9337668084,-0.0331079505611,rise
13.59,left,0.96714395611,0.933705678313,-0.0334382777972,rise
13.6,left,0.967466262534,0.933645044861,-0.0338212176734,rise
13.61,left,0.967832121302,0.93358487913,-0.0342472421722,rise
13.62,left,0.968230625922,0.93352513407,-0.0347054918518,rise
13.63,left,0.968649847874,0.93346574315,-0.0351841047236,rise
13.64,left,0.969078006066,0.933406618592,-0.0356713874739,rise
13.65,left,0.969504724955,0.933347649188,-0.0361570757674,rise
13.66,left,0.969921643525,0.933288697675,-0.0366329458496,rise
13.67,left,0.970322422539,0.933229598314,-0.0370928242251,rise
13.68,left,0.970702159324,0.933170156663,-0.0375320026616,rise
13.69,left,0.971056265859,0.933110153114,-0.0379461127456,rise
13.7,left,0.971379617693,0.933049349133,-0.0383302685595,rise
13.71,left,0.971666715025,0.932987494279,-0.0386792207462,rise
13.72,left,0.971912458338,0.932924333303,-0.038988125035,rise
13.73,left,0.972112876068,0.932859613448,-0.03925326262,rise
13.74,left,0.972265943865,0.932793092103,-0.0394728517624,rise
13.75,left,0.97237247414,0.932724545017,-0.0396479291229,rise
13.76,left,0.97243628755,0.932653775259,-0.0397825122909,rise
13.77,left,0.972463528072,0.932580622201,-0.0398829058707,rise
13.78,left,0.972461863477,0.932504967913,-0.0399568955633,rise
13.79,left,0.972439726088,0.932426738978,-0.0400129871091,rise
13.8,left,0.972405460178,0.932345905406,-0.0400595547727,rise
13.81,left,0.972366909795,0.932262479567,-0.0401044302279,rise
13.82,left,0.972331600375,0.932176516352,-0.0401550840223,rise
13.83,left,0.972306613592,0.932088114654,-0.0402184989379,rise
13.84,left,0.972297658529,0.931997420176,-0.0403002383527,rise
13.85,left,0.972307977766,0.931904629604,-0.0404033481625,rise
13.86,left,0.972337626068,0.931809996145,-0.0405276299226,rise
13.87,left,0.972383278477,0.931713834992,-0.0406694434842,rise
13.88,left,0.972439128256,0.931616524025,-0.0408226042314,rise
13.89,left,0.972498974139,0.931518496172,-0.0409804779672,rise
13.9,left,0.972558270621,0.931420225903,-0.0411380447186,rise
13.91,left,0.972615132858,0.931322214368,-0.0412929184906,rise
13.92,left,0.972670510343,0.931224974863,-0.0414455354798,rise
13.93,left,0.972727701617,0.931129018414,-0.0415986832028,rise
13.94,left,0.97279110351,0.931034839132,-0.0417562643783,rise
13.95,left,0.972864829354,0.930942898978,-0.0419219303764,rise
13.96,left,0.972952004309,0.930853611579,-0.0420983927299,rise
13.97,left,0.97305472566,0.930767326728,-0.0422873989326,rise
13.98,left,0.973174390889,0.930684321494,-0.042490069395,rise
13.99,left,0.973312151629,0.930604802423,-0.0427073492056,rise
14,left,0.973468789032,0.930528915206,-0.0429398738264,rise
14.01,left,0.973643536395,0.930456755416,-0.0431867809792,rise
14.02,left,0.973832809234,0.930388377774,-0.0434444314603,rise
14.03,left,0.974030224511,0.930323803825,-0.0437064206853,rise
14.04,left,0.974227769339,0.930263028146,-0.0439647411928,rise
14.05,left,0.974417089853,0.930206023163,-0.0442110666899,rise
14.06,left,0.97459073943,0.930152742669,-0.044437996761,rise
14.07,left,0.974743527826,0.930103124306,-0.0446404035207,rise
14.08,left,0.974873543599,0.930057091701,-0.0448164518977,rise
14.09,left,0.974982606677,0.930014556801,-0.0449680498762,rise
14.1,left,0.975076116445,0.929975422079,-0.0451006943659,rise
14.11,left,0.975161975543,0.929939582018,-0.0452223935252,rise
14.12,left,0.975248810527,0.929906923627,-0.0453418869006,rise
14.13,left,0.975344684778,0.929877326018,-0.0454673587595,rise
14.14,left,0.975457041818,0.929850659056,-0.0456063827624,rise
14.15,left,0.975593200014,0.929826781087,-0.045766418927,rise
14.16,left,0.97576061577,0.929805535756,-0.0459550800134,rise
14.17,left,0.975966966847,0.929786748615,-0.0461802182326,rise
14.18,left,0.976219886217,0.929770225795,-0.0464496604215,rise
14.19,left,0.976525959978,0.929755756476,-0.0467702035016,rise
14.2,left,0.976889647764,0.929743117924,-0.0471465298395,rise
14.21,left,0.977313015452,0.929732080893,-0.0475809345596,rise
14.22,left,0.977796028356,0.929722414535,-0.0480736138218,rise
14.23,left,0.978336965288,0.92971389089,-0.0486230743985,rise
14.24,left,0.978932988225,0.929706289071,-0.0492266991538,rise
14.25,left,0.979580376934,0.929699399274,-0.0498809776591,rise
14.26,left,0.980273855477,0.929693026735,-0.0505808287427,rise
14.27,left,0.98100566293,0.929686995406,-0.0513186675238,rise
14.28,left,0.981765355047,0.929681150456,-0.0520842045912,rise
14.29,left,0.98254033574,0.92967535889,-0.0528649768506,rise
14.3,left,0.983316889891,0.929669508931,-0.0536473809599,rise
14.31,left,0.984081877821,0.929663509255,-0.0544183685656,rise
14.32,left,0.984824579298,0.929657288514,-0.0551672907834,rise
14.33,left,0.985537557405,0.929650795223,-0.0558867621822,rise
14.34,left,0.986216438849,0.929643998009,-0.0565724408397,rise
14.35,left,0.986859369761,0.929636886252,-0.0572224835093,rise
14.36,left,0.98746621696,0.929629471121,-0.0578367458387,rise
14.37,left,0.988037333529,0.929621786456,-0.0584155470725,rise
14.38,left,0.988572397498,0.929613887674,-0.0589585098247,rise
14.39,left,0.989069629169,0.929605847307,-0.0594637818614,rise
14.4,left,0.989525128348,0.929597748144,-0.0599273802045,rise
14.41,left,0.989932462331,0.929589675709,-0.0603427866218,rise
14.42,left,0.990282914647,0.929581710746,-0.0607012039002,rise
14.43,left,0.990566209943,0.929573921612,-0.0609922883309,rise
14.44,left,0.990771327222,0.929566356452,-0.0612049707706,rise
14.45,left,0.99088752244,0.929559035011,-0.0613284874289,rise
14.46,left,0.990905494891,0.929551939941,-0.0613535549492,rise
14.47,left,0.990818014173,0.929545008637,-0.0612730055364,rise
14.48,left,0.99061985094,0.929538129119,-0.0610817218213,rise
14.49,left,0.99030771646,0.929531142671,-0.0607765737886,rise
14.5,left,0.989880450769,0.929523851194,-0.0603565995746,rise
14.51,left,0.989339047734,0.929516025667,-0.0598230220676,rise
14.52,left,0.988686566967,0.929507414324,-0.059179152643,rise
14.53,left,0.987928170437,0.929497750615,-0.058430419822,rise
14.54,left,0.987070994815,0.929486761117,-0.0575842336984,rise
14.55,left,0.986123806956,0.929474173617,-0.0566496333381,rise
14.56,left,0.985096970522,0.929459725539,-0.0556372449835,rise
14.57,left,0.984002721033,0.929443172194,-0.0545595488392,rise
14.58,left,0.982855060863,0.929424292794,-0.0534307680682,rise
14.59,left,0.981669255377,0.929402892668,-0.052266362709,rise
14.6,left,0.980461587793,0.929378803073,-0.0510827847204,rise
14.61,left,0.979249266464,0.929351881001,-0.0498973854625,rise
14.62,left,0.978049978989,0.929322009987,-0.0487279690022,rise
14.63,left,0.976881447998,0.929289102038,-0.0475923459603,rise
14.64,left,0.975761294108,0.92925310077,-0.0465081933375,rise
14.65,left,0.974706755706,0.929213985795,-0.0454927699117,rise
14.66,left,0.973734263761,0.929171778457,-0.0445624853043,rise
14.67,left,0.972859156418,0.929126547607,-0.0437326088109,rise
14.68,left,0.972095095123,0.929078411121,-0.0430166840025,rise
14.69,left,0.971452880458,0.929027529882,-0.0424253505758,rise
14.7,left,0.970939173785,0.928974096619,-0.0419650771654,rise
14.71,left,0.970555432836,0.928918323891,-0.0416371089449,rise
14.72,left,0.970296810365,0.928860432883,-0.0414363774819,rise
14.73,left,0.970151427748,0.92880064292,-0.0413507848281,rise
14.74,left,0.970101203529,0.928739161486,-0.041362042043,rise
14.75,left,0.970124372695,0.928676174532,-0.0414481981621,rise
14.76,left,0.970198628193,0.92861183688,-0.0415867913131,rise
14.77,left,0.970304186128,0.928546263561,-0.0417579225665,rise
14.78,left,0.970426300385,0.92847952525,-0.0419467751344,rise
14.79,left,0.970556412078,0.928411650153,-0.0421447619258,rise
14.8,left,0.970691779612,0.928342630476,-0.0423491491369,rise
14.81,left,0.970834240627,0.928272430156,-0.0425618104706,rise
14.82,left,0.970988410994,0.928200992547,-0.0427874184466,rise
14.83,left,0.971159446921,0.928128248074,-0.0430311988469,rise
14.84,left,0.971351221128,0.928054122006,-0.043297099122,rise
14.85,left,0.971565608405,0.927978542465,-0.0435870659404,rise
14.86,left,0.971802283807,0.927901448836,-0.0439008349715,rise
14.87,left,0.972058360734,0.927822799853,-0.0442355608806,rise
14.88,left,0.972328328096,0.927742578829,-0.0445857492679,rise
14.89,left,0.972604744098,0.927660794092,-0.0449439500063,rise
14.9,left,0.972879283428,0.927577476204,-0.0453018072241,rise
14.91,left,0.973143797068,0.927492674656,-0.0456511224118,rise
14.92,left,0.973391297881,0.92740645517,-0.0459848427115,rise
14.93,left,0.973616297982,0.927318897614,-0.0462974003671,rise
14.94,left,0.973814223243,0.927230094513,-0.0465841287303,rise
14.95,left,0.973980735203,0.92714015008,-0.0468405851234,rise
14.96,left,0.974111605785,0.927049179758,-0.0470624260264,rise
14.97,left,0.974202883387,0.926957309845,-0.0472455735428,rise
14.98,left,0.974251220201,0.926864675982,-0.0473865442193,rise
14.99,left,0.974254535935,0.926771419592,-0.0474831163432,rise
15,left,0.974212655998,0.926677682826,-0.0475349731728,rise
15.01,left,0.974127420604,0.926583603129,-0.0475438174755,rise
15.02,left,0.974002639804,0.926489307817,-0.0475133319866,rise
15.03,left,0.973844372234,0.926394908578,-0.0474494636561,rise
15.04,left,0.973660932331,0.926300495778,-0.0473604365525,rise
15.05,left,0.973462166837,0.92620613246,-0.0472560343777,rise
15.06,left,0.973258726613,0.926111847914,-0.0471468786994,rise
15.07,left,0.973061749357,0.926017631832,-0.0470441175246,rise
15.08,left,0.972882445554,0.925923432444,-0.0469590131097,rise
15.09,left,0.972731416317,0.925829161243,-0.0469022550744,rise
15.1,left,0.972617914911,0.925734702386,-0.046883212525,rise
15.11,left,0.972549016515,0.925639923304,-0.0469090932115,rise
15.12,left,0.972528941402,0.925544685229,-0.046984256173,rise
15.13,left,0.972559167003,0.925448853694,-0.0471103133084,rise
15.14,left,0.972639238004,0.925352309224,-0.0472869287803,rise
15.15,left,0.972767498109,0.925254958407,-0.0475125397023,rise
15.16,left,0.972941698739,0.925156745562,-0.0477849531767,rise
15.17,left,0.973159846861,0.925057663754,-0.0481021831079,rise
15.18,left,0.97342061568,0.92495776086,-0.0484628548202,rise
15.19,left,0.973722501133,0.924857137408,-0.0488653637246,rise
15.2,left,0.974062267639,0.924755938712,-0.049306328927,rise
15.21,left,0.974433644948,0.924654345803,-0.049779299145,rise
15.22,left,0.974826763438,0.924552566913,-0.050274196525,rise
15.23,left,0.975229010726,0.924450829488,-0.0507781812378,rise
15.24,left,0.975627529827,0.924349372541,-0.0512781572857,rise
15.25,left,0.976011985844,0.924248439189,-0.0517635466544,rise
15.26,left,0.976376119726,0.924148269177,-0.0522278505494,rise
15.27,left,0.976718088067,0.924049091877,-0.0526689961908,rise
15.28,left,0.977040088846,0.923951121641,-0.0530889672046,rise
15.29,left,0.977347288818,0.923854556915,-0.0534927319031,rise
15.3,left,0.977646351997,0.923759581863,-0.0538867701343,rise
15.31,left,0.977944382847,0.923666368377,-0.0542780144699,rise
15.32,left,0.978248378495,0.923575077562,-0.0546733009331,rise
15.33,left,0.978564651333,0.923485860598,-0.0550787907352,rise
15.34,left,0.978898415411,0.923398858979,-0.055499556432,rise
15.35,left,0.97925383132,0.923314204064,-0.0559396272562,rise
15.36,left,0.979633868062,0.923232015913,-0.0564018521495,rise
15.37,left,0.980039697017,0.923152401759,-0.0568872952581,rise
15.38,left,0.980470290777,0.92307545529,-0.057394835487,rise
15.39,left,0.980922466807,0.923001257645,-0.0579212091614,rise
15.4,left,0.981391038763,0.922929879403,-0.05846115936,rise
15.41,left,0.981869198417,0.922861382284,-0.0590078161325,rise
15.42,left,0.982349325653,0.922795820056,-0.0595535055971,rise
15.43,left,0.982823607183,0.92273323858,-0.0600903686035,rise
15.44,left,0.983283940398,0.922673674999,-0.0606102653992,rise
15.45,left,0.983721700307,0.922617156039,-0.0611045442673,rise
15.46,left,0.984127896149,0.922563695382,-0.0615642007667,rise
15.47,left,0.984493475822,0.92251329058,-0.061980185242,rise
15.48,left,0.984809926043,0.922465921048,-0.0623440049953,rise
15.49,left,0.985070546201,0.922421548291,-0.0626489979102,rise
15.5,left,0.985271678655,0.922380117472,-0.062891561183,rise
15.51,left,0.98541297986,0.922341558705,-0.0630714211552,rise
15.52,left,0.985497040362,0.922305787425,-0.0631912529368,rise
15.53,left,0.985528868911,0.922272703811,-0.0632561651005,rise
15.54,left,0.985515105166,0.922242191256,-0.0632729139095,rise
15.55,left,0.985463158557,0.922214113907,-0.0632490446503,rise
15.56,left,0.985380814476,0.922188313245,-0.0631925012305,rise
15.57,left,0.985275989809,0.922164604454,-0.0631113853549,rise
15.58,left,0.985155857301,0.922142774884,-0.0630130824178,rise
15.59,left,0.985025506062,0.922122586398,-0.062902919664,rise
15.6,left,0.984886897029,0.92210378035,-0.0627831166788,rise
15.61,left,0.984738405533,0.92208608291,-0.0626523226232,rise
15.62,left,0.984575231997,0.922069209885,-0.0625060221119,rise
15.63,left,0.98439106799,0.922052871102,-0.0623381968877,rise
15.64,left,0.984180397146,0.922036774487,-0.0621436226588,rise
15.65,left,0.983940285659,0.922020629974,-0.0619196556844,rise
15.66,left,0.983671438417,0.922004153396,-0.0616672850208,rise
15.67,left,0.98337865086,0.921987070097,-0.0613915807636,rise
15.68,left,0.983070297286,0.921969117255,-0.0611011800314,rise
15.69,left,0.982756839277,0.921950044141,-0.0608067951361,rise
15.7,left,0.982449039957,0.92192961105,-0.0605194289071,rise
15.71,left,0.982156268789,0.921907588147,-0.0602486806429,rise
15.72,left,0.981884839331,0.921883754775,-0.0600010845557,rise
15.73,left,0.981637041539,0.921857899304,-0.0597791422346,rise
15.74,left,0.981411908219,0.921829819579,-0.0595820886395,rise
15.75,left,0.981207417245,0.921799324024,-0.0594080932212,rise
15.76,left,0.981022854543,0.921766233479,-0.0592566210639,rise
15.77,left,0.980860530485,0.921730383629,-0.0591301468556,rise
15.78,left,0.9807263276,0.921691627496,-0.0590347001039,rise
15.79,left,0.98062870031,0.921649837586,-0.0589788627238,rise
15.8,left,0.980576715079,0.921604908127,-0.0589718069525,rise
15.81,left,0.980578217823,0.921556758127,-0.0590214596962,rise
15.82,left,0.980638442417,0.921505335585,-0.0591331068322,rise
15.83,left,0.980759008263,0.921450622972,-0.0593083852911,rise
15.84,left,0.980937733474,0.921392644074,-0.0595450893995,rise
15.85,left,0.981169464559,0.921331472326,-0.0598379922333,rise
15.86,left,0.981447231968,0.921267240738,-0.0601799912296,rise
15.87,left,0.981763159404,0.921200151496,-0.0605630079082,rise
15.88,left,0.982109382485,0.921130478878,-0.0609789036074,rise
15.89,left,0.982478936836,0.921058560643,-0.0614203761924,rise
15.9,left,0.98286599779,0.920984781372,-0.0618812164176,rise
15.91,left,0.98326556875,0.920909554114,-0.0623560146356,rise
15.92,left,0.983673128909,0.920833302713,-0.0628398261956,rise
15.93,left,0.984084088128,0.920756444678,-0.0633276434504,rise
15.94,left,0.984493133064,0.920679374202,-0.0638137588619,rise
15.95,left,0.984894237145,0.920602444973,-0.0642917921716,rise
15.96,left,0.985281420417,0.920525952397,-0.0647554680207,rise
15.97,left,0.985649575492,0.920450116932,-0.0651994585604,rise
15.98,left,0.985995120619,0.920375074648,-0.0656200459708,rise
15.99,left,0.986316428048,0.920300879625,-0.0660155484234,rise
16,left,0.98661329588,0.920227514516,-0.0663857813636,rise
16.01,left,0.986885124429,0.920154902771,-0.0667302216585,rise
16.02,left,0.987128937541,0.920082919934,-0.0670460176065,rise
16.03,left,0.987338323508,0.920011404013,-0.0673269194942,rise
16.04,left,0.987503272588,0.919940165083,-0.0675631075051,rise
16.05,left,0.987611100364,0.919868994341,-0.067742106023,rise
16.06,left,0.987648826108,0.919797672788,-0.0678511533196,rise
16.07,left,0.987606159522,0.919725979324,-0.0678801801975,rise
16.08,left,0.987477716471,0.919653697115,-0.0678240193556,rise
16.09,left,0.987263909691,0.919580617438,-0.0676832922532,rise
16.1,left,0.986970424191,0.919506541843,-0.0674638823479,rise
16.11,left,0.986606360554,0.919431284079,-0.0671750764749,rise
16.12,left,0.986182008465,0.919354672412,-0.0668273360525,rise
16.13,left,0.98570754413,0.919276552472,-0.0664309916574,rise
16.14,left,0.98519248764,0.919196790714,-0.0659956969262,rise
16.15,left,0.984644923129,0.919115278584,-0.0655296445445,rise
16.16,left,0.984070875532,0.919031937502,-0.0650389380297,rise
16.17,left,0.983474789908,0.918946723902,-0.0645280660055,rise
16.18,left,0.982860724967,0.918859631838,-0.0640010931292,rise
16.19,left,0.982233517871,0.918770691223,-0.0634628266475,rise
16.2,left,0.981599803862,0.918679963181,-0.0629198406808,rise
16.21,left,0.980968405516,0.918587535142,-0.0623808703748,rise
16.22,left,0.980349511566,0.918493516702,-0.0618559948636,rise
16.23,left,0.979753270987,0.918398036272,-0.0613552347155,rise
16.24,left,0.979188643904,0.918301238409,-0.0608874054948,rise
16.25,left,0.978662375944,0.918203281784,-0.0604590941606,rise
16.26,left,0.978178063523,0.918104337691,-0.0600737258316,rise
16.27,left,0.977735934523,0.91800458876,-0.059731345763,rise
16.28,left,0.977333466783,0.917904226859,-0.0594292399239,rise
16.29,left,0.97696617796,0.917803449419,-0.059162728541,rise
16.3,left,0.976628360412,0.917702454603,-0.0589259058091,rise
16.31,left,0.976314097803,0.917601436168,-0.0587126616354,rise
16.32,left,0.976018313238,0.917500578263,-0.0585177349752,rise
16.33,left,0.975737493709,0.917400050098,-0.0583374436102,rise
16.34,left,0.975470504972,0.917300000326,-0.0581705046461,rise
16.35,left,0.97521946131,0.917200551019,-0.0580189102907,rise
16.36,left,0.974989797887,0.917101791112,-0.0578880067751,rise
16.37,left,0.974789482959,0.917003770227,-0.0577857127316,rise
16.38,left,0.974627997001,0.916906496081,-0.0577215009199,rise
16.39,left,0.974515131117,0.916809937894,-0.0577051932224,rise
16.4,left,0.974459569269,0.916714033969,-0.0577455352996,rise
16.41,left,0.974467729593,0.916618700135,-0.0578490294579,rise
16.42,left,0.974543048529,0.916523837796,-0.0580192107328,rise
16.43,left,0.97468533573,0.9164293416,-0.0582559941305,rise
16.44,left,0.974890273191,0.916335106892,-0.0585551662992,rise
16.45,left,0.975149677565,0.91624103708,-0.058908640485,rise
16.46,left,0.975452425266,0.916147051066,-0.0593053742002,rise
16.47,left,0.975785380865,0.916053090255,-0.0597322906095,rise
16.48,left,0.97613446598,0.915959123376,-0.0601753426043,rise
16.49,left,0.976486226846,0.915865147731,-0.0606210791153,rise
16.5,left,0.976829344306,0.915771188032,-0.0610581562737,rise
16.51,left,0.977155416152,0.915677294772,-0.06147812138,rise
16.52,left,0.977458956607,0.915583542933,-0.0618754136736,rise
16.53,left,0.977736678393,0.915490031061,-0.0622466473318,rise
16.54,left,0.977986301052,0.915396880681,-0.062589420371,rise
16.55,left,0.97820571262,0.91530423601,-0.06290147661,rise
16.56,left,0.978393091827,0.915212263939,-0.0631808278873,rise
16.57,left,0.978547443931,0.915121153854,-0.0634262900767,rise
16.58,left,0.978668770276,0.91503111602,-0.0636376542556,rise
16.59,left,0.978758036511,0.91494237755,-0.0638156589602,rise
16.6,left,0.978817185457,0.914855176534,-0.0639620089227,rise
16.61,left,0.978848821309,0.914769755441,-0.0640790658679,rise
16.62,left,0.978855714647,0.914686354167,-0.06416936048,rise
16.63,left,0.978840873381,0.914605202591,-0.0642356707902,rise
16.64,left,0.978808116661,0.91452651246,-0.0642816042017,rise
16.65,left,0.978762561408,0.91445046843,-0.0643120929778,rise
16.66,left,0.978710964793,0.914377218056,-0.0643337467372,rise
16.67,left,0.978661863393,0.914306861915,-0.0643550014778,rise
16.68,left,0.978625108069,0.914239447984,-0.0643856600847,rise
16.69,left,0.978610883691,0.914174973378,-0.0644359103126,rise
16.7,left,0.978628759196,0.914113391021,-0.0645153681751,rise
16.71,left,0.978686820862,0.91405461687,-0.0646322039926,rise
16.72,left,0.978790717772,0.913998535992,-0.0647921817796,rise
16.73,left,0.978943243294,0.913945007442,-0.0649982358527,rise
16.74,left,0.979145000921,0.913893868052,-0.0652511328691,rise
16.75,left,0.979395333223,0.913844935232,-0.065550397991,rise
16.76,left,0.979692633975,0.913798008858,-0.0658946251173,rise
16.77,left,0.980034365463,0.913752872627,-0.0662814928355,rise
16.78,left,0.980417133795,0.913709295854,-0.0667078379406,rise
16.79,left,0.980836718406,0.913667036488,-0.067169681918,rise
16.8,left,0.981288303563,0.913625844927,-0.0676624586356,rise
16.81,left,0.981766930673,0.913585467804,-0.0681814628694,rise
16.82,left,0.982267447292,0.913545651479,-0.0687217958136,rise
16.83,left,0.982783819459,0.913506145324,-0.0692776741345,rise
16.84,left,0.983308727455,0.913466704912,-0.0698420225431,rise
16.85,left,0.983833912014,0.913427095223,-0.0704068167915,rise
16.86,left,0.984350707805,0.913387093987,-0.0709636138176,rise
16.87,left,0.984850401417,0.913346494872,-0.0715039065455,rise
16.88,left,0.985324548436,0.913305109372,-0.0720194390642,rise
16.89,left,0.985765038483,0.913262766568,-0.0725022719158,rise
16.9,left,0.986163897293,0.91321931149,-0.0729445858023,rise
16.91,left,0.986513528999,0.913174603406,-0.0733389255934,rise
16.92,left,0.98680751014,0.913128514556,-0.073678995584,rise
16.93,left,0.987041238457,0.913080929423,-0.073960309034,rise
16.94,left,0.987212244116,0.913031744531,-0.0741804995845,rise
16.95,left,0.987320338428,0.91298086882,-0.0743394696084,rise
16.96,left,0.987367469249,0.912928224607,-0.0744392446415,rise
16.97,left,0.987357301902,0.912873748863,-0.0744835530393,rise
16.98,left,0.987294821441,0.91281739377,-0.0744774276705,rise
16.99,left,0.98718594194,0.912759125824,-0.0744268161158,rise
17,left,0.987036770352,0.912698924065,-0.0743378462879,rise
17.01,left,0.986852666746,0.912636778496,-0.0742158882502,rise
17.02,left,0.986637866344,0.912572689137,-0.0740651772068,rise
17.03,left,0.986395782793,0.91250666571,-0.0738891170835,rise
17.04,left,0.986129341433,0.912438727979,-0.0736906134539,rise
17.05,left,0.985841283553,0.912368906729,-0.0734723768242,rise
17.06,left,0.985534776722,0.912297245402,-0.0732375313191,rise
17.07,left,0.985213959802,0.912223802111,-0.0729901576906,rise
17.08,left,0.984883972672,0.912148651126,-0.0727353215462,rise
17.09,left,0.984550632082,0.912071883158,-0.0724787489235,rise
17.1,left,0.984219782407,0.911993604946,-0.0722261774607,rise
17.11,left,0.983896281481,0.911913939074,-0.0719823424073,rise
17.12,left,0.983583280118,0.911833024385,-0.0717502557333,rise
17.13,left,0.983282402511,0.911751017002,-0.0715313855093,rise
17.14,left,0.98299440701,0.911668091939,-0.0713263150718,rise
17.15,left,0.982719752716,0.911584445276,-0.0711353074405,rise
17.16,left,0.982459320093,0.911500296907,-0.0709590231859,rise
17.17,left,0.982215360247,0.911415893129,-0.0707994671183,rise
17.18,left,0.981991948119,0.911331506864,-0.0706604412554,rise
17.19,left,0.981794727818,0.911247433794,-0.0705472940244,rise
17.2,left,0.981630395844,0.911163985543,-0.0704664103009,rise
17.21,left,0.981505821023,0.911081482009,-0.0704243390134,rise
17.22,left,0.981426715202,0.911000243588,-0.0704264716146,rise
17.23,left,0.981396613733,0.910920583166,-0.0704760305671,rise
17.24,left,0.9814166483,0.910842797681,-0.0705738506189,rise
17.25,left,0.981485832922,0.910767159033,-0.0707186738888,rise
17.26,left,0.981601867367,0.910693904121,-0.0709079632458,rise
17.27,left,0.981762632897,0.910623225107,-0.0711394077898,rise
17.28,left,0.981967707231,0.910555263733,-0.0714124434973,rise
17.29,left,0.982218873814,0.91049011263,-0.071728761184,rise
17.3,left,0.982519506736,0.910427821255,-0.0720916854817,rise
17.31,left,0.982873285969,0.910368402332,-0.0725048836367,rise
17.32,left,0.983282524681,0.910311837147,-0.0729706875342,rise
17.33,left,0.983746841926,0.91025807961,-0.0734887623154,rise
17.34,left,0.984263152238,0.910207059182,-0.0740560930556,rise
17.35,left,0.984826648101,0.910158682697,-0.0746679654035,rise
17.36,left,0.985431537917,0.910112835146,-0.075318702771,rise
17.37,left,0.986071150926,0.910069379844,-0.0760017710815,rise
17.38,left,0.986737658628,0.910028159247,-0.0767094993814,rise
17.39,left,0.98742127624,0.909988997381,-0.0774322788597,rise
17.4,left,0.98810912367,0.909951703266,-0.078157420404,rise
17.41,left,0.988784681332,0.909916074162,-0.0788686071708,rise
17.42,left,0.989428229817,0.90988189819,-0.0795463316274,rise
17.43,left,0.990017798599,0.909848956405,-0.0801688421941,rise
17.44,left,0.990530608453,0.909817024383,-0.0807135840703,rise
17.45,left,0.99094542324,0.909785873411,-0.0811595498292,rise
17.46,left,0.991245318596,0.909755271361,-0.0814900472351,rise
17.47,left,0.991419775633,0.909724983471,-0.0816947921626,rise
17.48,left,0.991465622777,0.909694773637,-0.0817708491393,rise
17.49,left,0.991386596735,0.909664406673,-0.0817221900625,rise
17.5,left,0.991191241838,0.909633651332,-0.0815575905061,rise
17.51,left,0.990889937657,0.909602283683,-0.0812876539744,rise
17.52,left,0.99049259756,0.909570090708,-0.0809225068518,rise
17.53,left,0.990007668395,0.90953687423,-0.080470794165,rise
17.54,left,0.989442314385,0.909502455283,-0.079939859102,rise
17.55,left,0.988803694501,0.90946667904,-0.0793370154604,rise
17.56,left,0.988100703666,0.909429420428,-0.0786712832385,rise
17.57,left,0.987344971007,0.909390589613,-0.077954381394,rise
17.58,left,0.986550720112,0.909350134572,-0.0772005855409,rise
17.59,left,0.985734183473,0.909308038623,-0.0764261448504,rise
17.6,left,0.984912776563,0.909264314555,-0.0756484620076,rise
17.61,left,0.984103669367,0.909218998281,-0.0748846710862,rise
17.62,left,0.983322228524,0.909172143162,-0.0741500853619,rise
17.63,left,0.982581005411,0.909123815014,-0.0734571903964,rise
17.64,left,0.981889017989,0.909074087686,-0.072814930303,rise
17.65,left,0.981251234422,0.909023039144,-0.0722281952784,rise
17.66,left,0.980668818544,0.908970747972,-0.0716980705728,rise
17.67,left,0.980140062303,0.908917290398,-0.0712227719055,rise
17.68,left,0.979661406892,0.90886273836,-0.070798668532,rise
17.69,left,0.979228569078,0.908807158997,-0.0704214100806,rise
17.7,left,0.97883783366,0.908750615203,-0.0700872184562,rise
17.71,left,0.978486688369,0.908693166646,-0.0697935217232,rise
17.72,left,0.97817324874,0.908634870994,-0.0695383777456,rise
17.73,left,0.977895239213,0.908575785344,-0.0693194538693,rise
17.74,left,0.977649247339,0.908515967846,-0.0691332794931,rise
17.75,left,0.977430204681,0.908455479553,-0.068974725128,rise
17.76,left,0.977231418094,0.908394386492,-0.0688370316026,rise
17.77,left,0.977045526436,0.908332761669,-0.0687127647679,rise
17.78,left,0.976865666988,0.908270686018,-0.0685949809699,rise
17.79,left,0.976686069014,0.90820824756,-0.0684778214538,rise
17.8,left,0.976502472839,0.908145539286,-0.0683569335523,rise
17.81,left,0.976312833293,0.908082656758,-0.0682301765349,rise
17.82,left,0.976117805527,0.908019695775,-0.0680981097521,rise
17.83,left,0.975920584753,0.907956750096,-0.0679638346573,rise
17.84,left,0.97572636481,0.90789390914,-0.0678324556703,rise
17.85,left,0.97554149781,0.907831255622,-0.0677102421884,rise
17.86,left,0.975372121931,0.907768863053,-0.0676032588771,rise
17.87,left,0.975222536998,0.907706793395,-0.0675157436031,rise
17.88,left,0.975093885227,0.907645095886,-0.0674487893414,rise
17.89,left,0.974983249068,0.907583807822,-0.0673994412456,rise
17.9,left,0.974883313592,0.907522956666,-0.0673603569256,rise
17.91,left,0.974782969188,0.907462562396,-0.067320406792,rise
17.92,left,0.974668499644,0.907402639667,-0.0672658599763,rise
17.93,left,0.974524701071,0.90734319978,-0.0671815012917,rise
17.94,left,0.97433622036,0.907284252464,-0.0670519678959,rise
17.95,left,0.974089476196,0.90722580753,-0.066863668666,rise
17.96,left,0.973774555856,0.907167876387,-0.0666066794687,rise
17.97,left,0.973386473214,0.907110473342,-0.0662759998718,rise
17.98,left,0.972925796177,0.907053616308,-0.0658721798691,rise
17.99,left,0.972398527943,0.906997326642,-0.0654012013015,rise
18,left,0.971815042861,0.906941628319,-0.0648734145425,rise
18.01,left,0.971188819228,0.906886546836,-0.0643022723925,rise
18.02,left,0.970536002853,0.90683210797,-0.0637038948834,rise
18.03,left,0.969875403755,0.906778336387,-0.0630970673676,rise
18.04,left,0.969227893622,0.906725254075,-0.0625026395467,rise
18.05,left,0.968615225028,0.906672878561,-0.0619423464672,rise
18.06,left,0.96805859361,0.906621220889,-0.0614373727208,rise
18.07,left,0.967576816471,0.906570283623,-0.0610065328482,rise
18.08,left,0.967184451928,0.906520059807,-0.0606643921208,rise
18.09,left,0.966890544588,0.90647053358,-0.060420011008,rise
18.1,left,0.966698092015,0.906421681904,-0.0602764101108,rise
18.11,left,0.966604173011,0.906373476459,-0.0602306965513,rise
18.12,left,0.966601105019,0.906325885315,-0.0602752197036,rise
18.13,left,0.966678536908,0.906278874378,-0.0603996625295,rise
18.14,left,0.966825420495,0.90623240866,-0.0605930118349,rise
18.15,left,0.967031295811,0.906186453377,-0.0608448424335,rise
18.16,left,0.967287617478,0.906140974921,-0.0611466425572,rise
18.17,left,0.967589490827,0.906095941602,-0.0614935492247,rise
18.18,left,0.96793700214,0.906051323831,-0.0618856783091,rise
18.19,left,0.968335404629,0.906007093479,-0.0623283111494,rise
18.2,left,0.968793874274,0.905963222622,-0.0628306516521,rise
18.21,left,0.969322631501,0.905919682021,-0.0634029494797,rise
18.22,left,0.969929127492,0.905876439481,-0.0640526880102,rise
18.23,left,0.970614972041,0.905833458081,-0.0647815139605,rise
18.24,left,0.971374524507,0.905790694248,-0.0655838302592,rise
18.25,left,0.972194885786,0.905748095671,-0.0664467901153,rise
18.26,left,0.973056996816,0.905705599013,-0.0673513978037,rise
18.27,left,0.973937547233,0.905663127845,-0.0682744193877,rise
18.28,left,0.974810954382,0.905620592127,-0.0691903622551,rise
18.29,left,0.975651076489,0.905577890256,-0.0700731862322,rise
18.3,left,0.976433270941,0.90553491297,-0.070898357971,rise
18.31,left,0.977137012812,0.905491547797,-0.0716454650148,rise
18.32,left,0.977748275959,0.905447683572,-0.0723005923868,rise
18.33,left,0.978261289829,0.905403215072,-0.0728580747566,rise
18.34,left,0.978679759518,0.905358047871,-0.0733217116472,rise
18.35,left,0.979016816216,0.905312103513,-0.073704712703,rise
18.36,left,0.979292984989,0.905265325119,-0.0740276598703,rise
18.37,left,0.979532803621,0.905217682747,-0.0743151208742,rise
18.38,left,0.979761048188,0.905169176171,-0.0745918720174,rise
18.39,left,0.979999041967,0.905119833318,-0.0748792086484,rise
18.4,left,0.980261891762,0.905069705719,-0.0751921860432,rise
18.41,left,0.980557588683,0.90501886341,-0.0755387252737,rise
18.42,left,0.980887715959,0.904967390244,-0.0759203257151,rise
18.43,left,0.981248815084,0.904915379593,-0.0763334354914,rise
18.44,left,0.981634149752,0.904862930362,-0.0767712193896,rise
18.45,left,0.982035762452,0.904810143226,-0.077225619226,rise
18.46,left,0.98244602679,0.904757117004,-0.077688909786,rise
18.47,left,0.982858426214,0.904703945288,-0.0781544809258,rise
18.48,left,0.983268277665,0.904650713873,-0.0786175637928,rise
18.49,left,0.983673469484,0.904597499379,-0.0790759701053,rise
18.5,left,0.984074522172,0.904544368681,-0.0795301534907,rise
18.51,left,0.984473924142,0.904491378466,-0.0799825456766,rise
18.52,left,0.984875154472,0.904438574625,-0.0804365798465,rise
18.53,left,0.985281482214,0.904385991455,-0.0808954907591,rise
18.54,left,0.98569472674,0.90433365061,-0.0813610761304,rise
18.55,left,0.986114374238,0.904281559815,-0.0818328144226,rise
18.56,left,0.986536937402,0.904229711293,-0.0823072261092,rise
18.57,left,0.986955175047,0.904178080239,-0.0827770948082,rise
18.58,left,0.987357554647,0.904126624454,-0.0832309301929,rise
18.59,left,0.987728697654,0.904075285965,-0.0836534116896,rise
18.6,left,0.988050564009,0.904023994033,-0.0840265699766,rise
18.61,left,0.98830375043,0.903972668451,-0.0843310819791,rise
18.62,left,0.988469082451,0.903921222721,-0.0845478597297,rise
18.63,left,0.988529544289,0.903869567142,-0.0846599771466,rise
18.64,left,0.988471821149,0.903817611873,-0.0846542092758,rise
18.65,left,0.98828716567,0.90376527005,-0.0845218956205,rise
18.66,left,0.987971964719,0.903712461026,-0.0842595036928,rise
18.67,left,0.98752805988,0.903659113418,-0.0838689464624,rise
18.68,left,0.986962686811,0.903605166802,-0.0833575200097,rise
18.69,left,0.986288271451,0.903550571218,-0.082737700233,rise
18.7,left,0.985522099194,0.903495285159,-0.0820268140358,rise
18.71,left,0.984685221895,0.903439273293,-0.081245948602,rise
18.72,left,0.983800482458,0.903382504417,-0.0804179780403,rise
18.73,left,0.982890677064,0.903324949659,-0.0795657274046,rise
18.74,left,0.981977468176,0.9032665809,-0.0787108872761,rise
18.75,left,0.981080694464,0.903207369413,-0.0778733250513,rise
18.76,left,0.980217990885,0.903147284696,-0.0770707061889,rise
18.77,left,0.979404686798,0.903086293554,-0.0763183932444,rise
18.78,left,0.978653391524,0.903024359624,-0.0756290318997,rise
18.79,left,0.977973207632,0.90296144351,-0.0750117641227,rise
18.8,left,0.977369281838,0.902897503399,-0.0744717784385,rise
18.81,left,0.976842775619,0.902832495999,-0.0740102796199,rise
18.82,left,0.976390831301,0.902766377701,-0.0736244535999,rise
18.83,left,0.976006870775,0.902699106018,-0.0733077647571,rise
18.84,left,0.975681711235,0.902630641312,-0.0730510699237,rise
18.85,left,0.975404981901,0.902560948863,-0.0728440330381,rise
18.86,left,0.975166211418,0.90249000131,-0.0726762101079,rise
18.87,left,0.974955880352,0.902417781141,-0.0725380992111,rise
18.88,left,0.974766521395,0.902344282062,-0.0724222393332,rise
18.89,left,0.974593055987,0.902269508396,-0.0723235475909,rise
18.9,left,0.974432247756,0.902193473177,-0.0722387745791,rise
18.91,left,0.974282047201,0.90211619614,-0.0721658510604,rise
18.92,left,0.974140994157,0.902037702099,-0.0721032920577,rise
18.93,left,0.974007556465,0.901958019711,-0.0720495367536,rise
18.94,left,0.973879845513,0.901877180616,-0.0720026648973,rise
18.95,left,0.973755915828,0.901795218909,-0.0719606969189,rise
18.96,left,0.973634266579,0.901712170959,-0.0719220956198,rise
18.97,left,0.973514412531,0.901628075504,-0.0718863370267,rise
18.98,left,0.973397505644,0.901542973945,-0.0718545316987,rise
18.99,left,0.973286390444,0.901456910762,-0.071829479682,rise
19,left,0.973184671188,0.901369934098,-0.0718147370898,rise
19.01,left,0.973095557123,0.901282096601,-0.0718134605218,rise
19.02,left,0.973021361194,0.901193456563,-0.0718279046305,rise
19.03,left,0.972963460341,0.901104079369,-0.0718593809712,rise
19.04,left,0.972922448571,0.901014039253,-0.071908409318,rise
19.05,left,0.972898710244,0.900923421384,-0.0719752888606,rise
19.06,left,0.972893084387,0.900832324291,-0.0720607600967,rise
19.07,left,0.972907010679,0.900740862232,-0.0721661484468,rise
19.08,left,0.972942433833,0.90064916625,-0.0722932675827,rise
19.09,left,0.973001880065,0.900557382942,-0.0724444971222,rise
19.1,left,0.973088368291,0.900465671625,-0.0726226966661,rise
19.11,left,0.973205083582,0.900374201126,-0.0728308824559,rise
19.12,left,0.973355356331,0.900283146662,-0.0730722096687,rise
19.13,left,0.973542917812,0.900192686764,-0.073350231048,rise
19.14,left,0.973771815556,0.90010300014,-0.0736688154155,rise
19.15,left,0.974046035577,0.900014262397,-0.0740317731794,rise
19.16,left,0.974369479454,0.89992664252,-0.0744428369343,rise
19.17,left,0.974746266728,0.899840299213,-0.0749059675156,rise
19.18,left,0.975180781845,0.899755377681,-0.0754254041642,rise
19.19,left,0.97567733859,0.899672007236,-0.0760053313538,rise
19.2,left,0.976239427425,0.899590299289,-0.0766491281365,rise
19.21,left,0.976868342651,0.899510344974,-0.0773579976766,rise
19.22,left,0.977561673912,0.899432212065,-0.078129461847,rise
19.23,left,0.978312546476,0.899355941072,-0.078956605404,rise
19.24,left,0.979109767942,0.899281540457,-0.0798282274851,rise
19.25,left,0.979938610732,0.899208980872,-0.0807296298602,rise
19.26,left,0.980782231467,0.899138188333,-0.081644043134,rise
19.27,left,0.981623478615,0.899069037533,-0.0825544410821,rise
19.28,left,0.982446247871,0.899001349289,-0.0834448985819,rise
19.29,left,0.983236150367,0.898934895162,-0.0843012552051,rise
19.3,left,0.983981325264,0.898869407051,-0.0851119182131,rise
19.31,left,0.984673413179,0.898804587738,-0.0858688254407,rise
19.32,left,0.98530758895,0.898740120882,-0.0865674680687,rise
19.33,left,0.985881635259,0.898675680535,-0.0872059547242,rise
19.34,left,0.986395015594,0.898610940427,-0.0877840751668,rise
19.35,left,0.98684822128,0.898545583233,-0.0883026380468,rise
19.36,left,0.987242297882,0.898479310058,-0.0887629878236,rise
19.37,left,0.987578656072,0.89841184962,-0.0891668064513,rise
19.38,left,0.987858959483,0.898342965013,-0.08951599447,rise
19.39,left,0.988084728235,0.898272456481,-0.0898122717542,rise
19.4,left,0.988256926133,0.898200161635,-0.0900567644979,rise
19.41,left,0.988375989475,0.898125955585,-0.0902500338905,rise
19.42,left,0.988442037096,0.898049752029,-0.090392285067,rise
19.43,left,0.988454976079,0.897971505433,-0.090483470646,rise
19.44,left,0.98841494851,0.897891214355,-0.0905237341543,rise
19.45,left,0.988323217842,0.89780892598,-0.0905142918621,rise
19.46,left,0.988182790498,0.897724741933,-0.0904580485651,rise
19.47,left,0.987998542709,0.897638824145,-0.0903597185647,rise
19.48,left,0.987777191898,0.897551396743,-0.0902257951548,rise
19.49,left,0.987526934856,0.897462740898,-0.090064193958,rise
19.5,left,0.98725647065,0.897373184818,-0.0898832858317,rise
19.51,left,0.986973926041,0.897283092896,-0.0896908331448,rise
19.52,left,0.986686284041,0.897192855511,-0.0894934285303,rise
19.53,left,0.986399304563,0.89710287937,-0.0892964251924,rise
19.54,left,0.986117870756,0.89701357815,-0.0891042926064,rise
19.55,left,0.985846645327,0.896925363175,-0.0889212821528,rise
19.56,left,0.98559032758,0.896838633894,-0.0887516936855,rise
19.57,left,0.985352978819,0.89675376863,-0.0885992101896,rise
19.58,left,0.985137164916,0.896671117618,-0.0884660472987,rise
19.59,left,0.984943894513,0.896590999853,-0.0883528946594,rise
19.6,left,0.984773006178,0.896513702298,-0.0882593038808,rise
19.61,left,0.984623404659,0.896439478997,-0.0881839256623,rise
19.62,left,0.984493466924,0.896368549055,-0.0881249178689,rise
19.63,left,0.98438168104,0.896301093282,-0.0880805877584,rise
19.64,left,0.984287028287,0.896237249406,-0.0880497788803,rise
19.65,left,0.984209192439,0.89617710574,-0.0880320866987,rise
19.66,left,0.984148691278,0.896120693147,-0.0880279981312,rise
19.67,left,0.984106340922,0.896067977066,-0.088038363856,rise
19.68,left,0.984082142991,0.896018855296,-0.0880632876952,rise
19.69,left,0.984074675518,0.895973165929,-0.0881015095895,rise
19.7,left,0.984081309027,0.89593070222,-0.0881506068076,rise
19.71,left,0.984098617697,0.895891228609,-0.0882073890877,rise
19.72,left,0.984122943418,0.895854495689,-0.0882684477292,rise
19.73,left,0.984151538084,0.895820254195,-0.0883312838893,rise
19.74,left,0.984183859306,0.895788268316,-0.0883955909902,rise
19.75,left,0.9842223012,0.895758328584,-0.0884639726153,rise
19.76,left,0.984272336691,0.895730264616,-0.0885420720748,peak
19.77,left,0.984341988468,0.895703956327,-0.0886380321417,peak
19.78,left,0.984440358272,0.895679338792,-0.0887610194796,peak
19.79,left,0.984575773864,0.895656397064,-0.0889193767999,peak
19.8,left,0.984754416607,0.895635153769,-0.0891192628385,peak
19.81,left,0.984979434085,0.895615654526,-0.089363779559,peak
19.82,left,0.985250296838,0.895597953128,-0.0896523437099,peak
19.83,left,0.985562705207,0.895582096401,-0.0899806088061,peak
19.84,left,0.985909157651,0.895568108512,-0.0903410491386,peak
19.85,left,0.986279591905,0.895555974448,-0.0907236174568,peak
19.86,left,0.986661744799,0.89554562241,-0.091116122389,peak
19.87,left,0.987041640341,0.89553690724,-0.0915047331004,peak
19.88,left,0.987404385908,0.895529602093,-0.0918747838142,peak
19.89,left,0.987734975675,0.895523403851,-0.0922115718243,peak
19.9,left,0.98801925856,0.895517948159,-0.0925013104006,peak
19.91,left,0.988245167191,0.895512826686,-0.0927323405049,peak
19.92,left,0.988403463183,0.895507603762,-0.0928958594204,peak
19.93,left,0.988487576855,0.895501832508,-0.0929857443464,peak
19.94,left,0.988493027127,0.89549507081,-0.0929979563163,peak
19.95,left,0.98841680852,0.89548689751,-0.0929299110097,peak
19.96,left,0.988256969119,0.895476929174,-0.0927800399456,peak
19.97,left,0.988012993368,0.89546483605,-0.0925481573174,peak
19.98,left,0.987687207523,0.895450352119,-0.0922368554044,peak
19.99,left,0.987286208825,0.895433275347,-0.0918529334788,peak
20,left,0.986821312124,0.895413461366,-0.0914078507587,peak
20.01,left,0.986308279885,0.895390816175,-0.0909174637103,peak
20.02,left,0.985766751075,0.895365290127,-0.0904014609475,peak
20.03,left,0.985219053094,0.895336873331,-0.0898821797627,peak
20.04,left,0.984688528014,0.895305592401,-0.089382935613,peak
20.05,left,0.984198031327,0.895271508516,-0.0889265228109,peak
20.06,left,0.983768580673,0.895234716738,-0.0885338639355,peak
20.07,left,0.983417902128,0.895195346031,-0.088222556098,peak
20.08,left,0.983159240231,0.89515355825,-0.0880056819803,peak
20.09,left,0.983000633903,0.895109544793,-0.0878910891101,peak
20.1,left,0.982944396988,0.895063521773,-0.0878808752157,peak
20.11,left,0.982987117199,0.895015725362,-0.0879713918374,peak
20.12,left,0.983120757382,0.894966407892,-0.0881543494902,peak
20.13,left,0.983334377334,0.894915834658,-0.0884185426762,peak
20.14,left,0.983615498191,0.894864281306,-0.0887512168846,peak
20.15,left,0.983950992804,0.894812031708,-0.0891389610959,peak
20.16,left,0.984327681289,0.894759376199,-0.0895683050898,peak
20.17,left,0.984732228906,0.894706609739,-0.0900256191663,peak
20.18,left,0.985150383173,0.894654028712,-0.0904963544614,peak
20.19,left,0.985566485321,0.894601925394,-0.0909645599264,peak
20.2,left,0.985963618143,0.894550580588,-0.0914130375546,peak
20.21,left,0.986324058514,0.89450025541,-0.0918238031043,peak
20.22,left,0.986630250159,0.894451182538,-0.0921790676208,peak
20.23,left,0.986866570056,0.894403556763,-0.0924630132925,peak
20.24,left,0.987021329137,0.894357524616,-0.0926638045217,peak
20.25,left,0.987088458206,0.894313172873,-0.0927752853326,peak
20.26,left,0.987068852265,0.894270515725,-0.0927983365397,peak
20.27,left,0.98697093117,0.894229482635,-0.092741448535,peak
20.28,left,0.986809580057,0.894189913767,-0.0926196662903,peak
20.29,left,0.986603683159,0.894151568214,-0.0924521149447,peak
20.3,left,0.986373440838,0.894114141163,-0.0922592996742,peak
20.31,left,0.986138014403,0.894077283026,-0.0920607313771,peak
20.32,left,0.985913555044,0.894040617877,-0.0918729371666,peak
20.33,left,0.985712193743,0.894003761346,-0.0917084323964,peak
20.34,left,0.985542197505,0.893966338315,-0.0915758591893,peak
20.35,left,0.985408650454,0.893928000818,-0.0914806496357,peak
20.36,left,0.985314443054,0.893888446508,-0.0914259965464,peak
20.37,left,0.985261717612,0.893847435822,-0.0914142817906,peak
20.38,left,0.985253158259,0.893804801178,-0.0914483570818,peak
20.39,left,0.985292433909,0.893760443153,-0.0915319907556,peak
20.4,left,0.98538401177,0.893714317629,-0.0916696941411,peak
20.41,left,0.985532569965,0.893666420984,-0.0918661489805,peak
20.42,left,0.985741646744,0.893616776125,-0.0921248706189,peak
20.43,left,0.986011778455,0.893565419378,-0.0924463590768,peak
20.44,left,0.986339272187,0.893512388029,-0.0928268841582,peak
20.45,left,0.986716093641,0.893457708317,-0.0932583853237,peak
20.46,left,0.987130531308,0.893401383671,-0.0937291476375,peak
20.47,left,0.987568712872,0.893343384114,-0.0942253287574,peak
20.48,left,0.9880169091,0.893283640149,-0.0947332689509,peak
20.49,left,0.988463573449,0.893222043619,-0.0952415298297,peak
20.5,left,0.988900420524,0.89315845362,-0.0957419669041,peak
20.51,left,0.989322915459,0.893092703959,-0.0962302114998,peak
20.52,left,0.989730289657,0.89302461085,-0.0967056788075,peak
20.53,left,0.990124837778,0.892953980869,-0.097170856909,peak
20.54,left,0.990510956971,0.892880619356,-0.0976303376156,peak
20.55,left,0.990894461927,0.892804339423,-0.0980901225042,peak
20.56,left,0.991281896245,0.892724971784,-0.0985569244607,peak
20.57,left,0.991679644676,0.892642374545,-0.0990372701307,peak
20.58,left,0.992093358779,0.892556439906,-0.0995369188732,peak
20.59,left,0.992527847351,0.892467095469,-0.100060751881,peak
20.6,left,0.992986857973,0.892374302072,-0.100612555901,peak
20.61,left,0.993472745055,0.892278051484,-0.101194693571,peak
20.62,left,0.993986504122,0.892178365348,-0.101808138774,peak
20.63,left,0.994527834254,0.892075295458,-0.102452538796,peak
20.64,left,0.995094651902,0.891968925384,-0.103125726518,peak
20.65,left,0.99568235132,0.891859373442,-0.103822977878,peak
20.66,left,0.996283286437,0.891746797047,-0.10453648939,peak
20.67,left,0.996886460113,0.891631397369,-0.105255062744,peak
20.68,left,0.997477622042,0.891513420859,-0.105964201184,peak
20.69,left,0.998040230358,0.891393155024,-0.106647075333,peak
20.7,left,0.998557042154,0.891270920302,-0.107286121852,peak
20.71,left,0.999011657866,0.891147061413,-0.107864596453,peak
20.72,left,0.999389949634,0.891021939475,-0.108368010159,peak
20.73,left,0.999681470714,0.890895924785,-0.108785545929,peak
20.74,left,0.999880308288,0.890769390057,-0.109110918231,peak
20.75,left,0.99998525491,0.890642703933,-0.109342550977,peak
20.76,left,1,0.890516224547,-0.109483775453,peak
20.77,left,0.999933337689,0.89039029346,-0.109543044229,peak
20.78,left,0.999798618638,0.890265231267,-0.109533387371,peak
20.79,left,0.999612371583,0.89014133586,-0.109471035723,peak
20.8,left,0.999392555487,0.890018882379,-0.109373673108,peak
20.81,left,0.999156410548,0.889898123209,-0.109258287339,peak
20.82,left,0.998918031657,0.889779287312,-0.109138744344,peak
20.83,left,0.998686579512,0.889662578762,-0.10902400075,peak
20.84,left,0.998465576561,0.8895481744,-0.108917402161,peak
20.85,left,0.998252781337,0.88943622053,-0.108816560807,peak
20.86,left,0.998040518618,0.88932682855,-0.108713690068,peak
20.87,left,0.997816844442,0.889220070244,-0.108596774198,peak
20.88,left,0.997567228213,0.889115975214,-0.108451252999,peak
20.89,left,0.997276232124,0.889014532324,-0.108261699799,peak
20.9,left,0.996929464487,0.888915693699,-0.108013770788,peak
20.91,left,0.996515736067,0.888819378673,-0.107696357394,peak
20.92,left,0.996028421723,0.88872547666,-0.107302945062,peak
20.93,left,0.995465678383,0.888633848917,-0.106831829466,peak
20.94,left,0.994830101972,0.888544329253,-0.106285772719,peak
20.95,left,0.994128071876,0.888456723736,-0.10567134814,peak
20.96,left,0.993368722679,0.88837080943,-0.104997913249,peak
20.97,left,0.992562785898,0.888286333174,-0.104276452724,peak
20.98,left,0.991721429083,0.88820301348,-0.103518415602,peak
20.99,left,0.990854979703,0.888120547935,-0.102734431768,peak
21,left,0.989972032047,0.888038624545,-0.101933407502,peak
21.01,left,0.989079723351,0.887956934138,-0.101122789213,peak
21.02,left,0.988184695381,0.887875182772,-0.100309512609,peak
21.03,left,0.987293543469,0.88779310433,-0.0995004391389,peak
21.04,left,0.986412709132,0.887710473574,-0.0987022355585,peak
21.05,left,0.985548341102,0.887627119913,-0.0979212211889,peak
21.06,left,0.984706029425,0.887542942188,-0.0971630872373,peak
21.07,left,0.983890470262,0.887457922506,-0.0964325477563,peak
21.08,left,0.983105604037,0.887372132503,-0.0957334715339,peak
21.09,left,0.982355234972,0.887285726957,-0.095069508015,peak
21.1,left,0.981643675973,0.887198928577,-0.0944447473954,peak
21.11,left,0.980976484399,0.887112010823,-0.093864473576,peak
21.12,left,0.980361426029,0.887025281369,-0.0933361446593,peak
21.13,left,0.979808941508,0.886939066145,-0.0928698753624,peak
21.14,left,0.979331353031,0.886853693616,-0.0924776594141,peak
21.15,left,0.978941148245,0.886769478971,-0.0921716692733,peak
21.16,left,0.978649092978,0.886686707891,-0.0919623850871,peak
21.17,left,0.978462470887,0.886605621244,-0.0918568496435,peak
21.18,left,0.978383877344,0.886526405633,-0.0918574717103,peak
21.19,left,0.978411081967,0.886449193518,-0.0919618884497,peak
21.2,left,0.978537541435,0.886374069863,-0.0921634715721,peak
21.21,left,0.978752909224,0.886301079975,-0.0924518292497,peak
21.22,left,0.97904377027,0.886230236371,-0.0928135338992,peak
21.23,left,0.979394748557,0.886161524594,-0.0932332239622,peak
21.24,left,0.979789494359,0.886094908063,-0.0936945862958,peak
21.25,left,0.980211570573,0.886030332036,-0.0941812385376,peak
21.26,left,0.980645721043,0.88596772676,-0.0946779942831,peak
21.27,left,0.98107912951,0.885907009983,-0.0951721195269,peak
21.28,left,0.981501770265,0.885848089203,-0.0956536810622,peak
21.29,left,0.981905894462,0.885790863984,-0.0961150304787,peak
21.3,left,0.982285181787,0.88573522818,-0.096549953607,peak
21.31,left,0.9826334404,0.885681071815,-0.096952368585,peak
21.32,left,0.982943033433,0.885628282497,-0.0973147509355,peak
21.33,left,0.983204142705,0.885576746434,-0.0976273962715,peak
21.34,left,0.983405324771,0.885526349077,-0.0978789756939,peak
21.35,left,0.983534785988,0.885476975442,-0.0980578105459,peak
21.36,left,0.983582089715,0.88542851013,-0.0981535795852,peak
21.37,left,0.983540093127,0.885380837326,-0.098159255801,peak
21.38,left,0.98340631574,0.885333841532,-0.0980724742085,peak
21.39,left,0.983183291176,0.88528740963,-0.0978958815462,peak
21.4,left,0.982878344996,0.885241433914,-0.0976369110821,peak
21.41,left,0.982502984587,0.885195815409,-0.097307169178,peak
21.42,left,0.982071579801,0.885150467234,-0.0969211125671,peak
21.43,left,0.98159978951,0.885105318074,-0.0964944714355,peak
21.44,left,0.981103677581,0.885060315823,-0.096043361758,peak
21.45,left,0.980599415882,0.88501543148,-0.0955839844018,peak
21.46,left,0.98010291762,0.884970663379,-0.095132254241,peak
21.47,left,0.979629454583,0.884926040995,-0.0947034135879,peak
21.48,left,0.979193431329,0.884881625861,-0.0943118054673,peak
21.49,left,0.978807970889,0.884837507695,-0.0939704631941,peak
21.5,left,0.978484358128,0.8847937971,-0.0936905610288,peak
21.51,left,0.978231863998,0.884750617351,-0.0934812466461,peak
21.52,left,0.978057768917,0.884708096183,-0.0933496727337,peak
21.53,left,0.977967111539,0.884666357509,-0.0933007540302,peak
21.54,left,0.977962488047,0.884625512924,-0.0933369751225,peak
21.55,left,0.978044214512,0.884585652813,-0.0934585616995,peak
21.56,left,0.978210347127,0.884546836893,-0.0936635102347,peak
21.57,left,0.978456356317,0.884509085298,-0.0939472710187,peak
21.58,left,0.978775119135,0.88447237397,-0.0943027451643,peak
21.59,left,0.97915734366,0.884436637226,-0.0947207064337,peak
21.6,left,0.979591821157,0.884401775315,-0.0951900458417,peak
21.61,left,0.980065758792,0.884367663013,-0.0956980957789,peak
21.62,left,0.980565792598,0.884334157739,-0.0962316348583,peak
21.63,left,0.981079178699,0.884301107211,-0.0967780714875,peak
21.64,left,0.981594572208,0.88426835679,-0.0973262154186,peak
21.65,left,0.982102662864,0.884235756676,-0.0978669061884,peak
21.66,left,0.982596743618,0.884203169109,-0.0983935745092,peak
21.67,left,0.983072871402,0.884170475044,-0.0989023963579,peak
21.68,left,0.983529687636,0.88413757838,-0.0993921092564,peak
21.69,left,0.98396797413,0.884104406256,-0.0998635678733,peak
21.7,left,0.984389402466,0.884070906658,-0.100318495808,peak
21.71,left,0.984794400591,0.884037045443,-0.100757355148,peak
21.72,left,0.985180349144,0.884002803669,-0.101177545475,peak
21.73,left,0.985541029731,0.883968175239,-0.101572854492,peak
21.74,left,0.985866993156,0.883933164859,-0.101933828298,peak
21.75,left,0.986146643685,0.88389778625,-0.102248857435,peak
21.76,left,0.986368136288,0.883862060609,-0.102506075679,peak
21.77,left,0.986521394292,0.883826015131,-0.102695379161,decay
21.78,left,0.986599514581,0.88378968112,-0.102809833461,decay
21.79,left,0.986599662497,0.883753091319,-0.102846571178,decay
21.8,left,0.986523430048,0.883716276665,-0.102807153383,decay
21.81,left,0.986376177821,0.883679262863,-0.102696914958,decay
21.82,left,0.9861655752,0.883642066931,-0.10252350827,decay
21.83,left,0.985900251207,0.883604693644,-0.102295557563,decay
21.84,left,0.985588891948,0.883567131845,-0.102021760103,decay
21.85,left,0.985239599227,0.883529350535,-0.101710248692,decay
21.86,left,0.984859786795,0.88349129471,-0.101368492085,decay
21.87,left,0.984456835902,0.883452881412,-0.10100395449,decay
21.88,left,0.984038786211,0.883413997653,-0.100624788558,decay
21.89,left,0.983614402006,0.88337450147,-0.100239900536,decay
21.9,left,0.983192880356,0.88333422518,-0.0998586551758,decay
21.91,left,0.982783314177,0.883292979183,-0.0994903349946,decay
21.92,left,0.982393673998,0.883250555661,-0.0991431183374,decay
21.93,left,0.982029754943,0.883206732249,-0.0988230226942,decay
21.94,left,0.981694668937,0.883161275761,-0.098533393176,decay
21.95,left,0.981388745927,0.883113946106,-0.0982747998208,decay
21.96,left,0.981109743136,0.883064500501,-0.0980452426351,decay
21.97,left,0.980853675492,0.883012697888,-0.0978409776044,decay
21.98,left,0.980616076618,0.882958302977,-0.0976577736407,decay
21.99,left,0.980392964751,0.882901089511,-0.0974918752404,decay
22,left,0.9801814877,0.882840843267,-0.0973406444336,decay
22.01,left,0.979980758012,0.882777365625,-0.0972033923878,decay
22.02,left,0.979792511983,0.882710478126,-0.0970820338567,decay
22.03,left,0.979620941051,0.882640028159,-0.0969809128927,decay
22.04,left,0.97947208691,0.882565895908,-0.0969061910021,decay
22.05,left,0.979353134822,0.882488002727,-0.0968651320947,decay
22.06,left,0.979271099493,0.882406321075,-0.0968647784177,decay
22.07,left,0.97923100772,0.882320884648,-0.0969101230717,decay
22.08,left,0.979234526365,0.882231794004,-0.0970027323617,decay
22.09,left,0.979279456439,0.882139214098,-0.0971402423413,decay
22.1,left,0.979359993327,0.882043366464,-0.0973166268624,decay
22.11,left,0.979467870526,0.881944520902,-0.0975233496236,decay
22.12,left,0.979594145791,0.881842988574,-0.0977511572165,decay
22.13,left,0.97973065281,0.881739116509,-0.0979915363005,decay
22.14,left,0.979870537885,0.881633283352,-0.0982372545329,decay
22.15,left,0.980008194964,0.881525896192,-0.0984822987718,decay
22.16,left,0.980138775799,0.881417388344,-0.0987213874552,decay
22.17,left,0.980257184415,0.881308217414,-0.0989489670006,decay
22.18,left,0.980357175075,0.881198861928,-0.099158313147,decay
22.19,left,0.980431287386,0.881089815159,-0.0993414722261,decay
22.2,left,0.980471393663,0.880981576843,-0.0994898168204,decay
22.21,left,0.98046949586,0.880874644176,-0.099594851684,decay
22.22,left,0.980418765483,0.880769502516,-0.0996492629663,decay
22.23,left,0.980314302658,0.880666615568,-0.0996476870899,decay
22.24,left,0.980152909642,0.880566414774,-0.099586494868,decay
22.25,left,0.979932291976,0.880469287627,-0.0994630043495,decay
22.26,left,0.979650689653,0.880375564622,-0.0992751250311,decay
22.27,left,0.979306947141,0.880285506451,-0.0990214406897,decay
22.28,left,0.978900573073,0.880199297146,-0.098701275927,decay
22.29,left,0.978432164122,0.880117047485,-0.0983151166366,decay
22.3,left,0.977904326591,0.880038805248,-0.0978655213423,decay
22.31,left,0.977322236857,0.87996456626,-0.0973576705967,decay
22.32,left,0.976693665682,0.879894283819,-0.0967993818637,decay
22.33,left,0.976029219088,0.87982787645,-0.0962013426384,decay
22.34,left,0.975342783535,0.879765234111,-0.0955775494236,decay
22.35,left,0.974651588165,0.879706222976,-0.094945365189,decay
22.36,left,0.973975747782,0.879650688889,-0.0943250588927,decay
22.37,left,0.9733370074,0.879598459821,-0.0937385475786,decay
22.38,left,0.97275619867,0.879549348078,-0.0932068505925,decay
22.39,left,0.972250073925,0.879503152887,-0.0927469210384,decay
22.4,left,0.971829124778,0.879459663037,-0.0923694617408,decay
22.41,left,0.971497065039,0.87941865895,-0.0920784060895,decay
22.42,left,0.971251586811,0.879379913951,-0.0918716728596,decay
22.43,left,0.971086161335,0.879343194819,-0.0917429665156,decay
22.44,left,0.970992498007,0.87930826165,-0.091684236357,decay
22.45,left,0.970962455435,0.879274867114,-0.0916875883212,decay
22.46,left,0.97098873246,0.879242755145,-0.0917459773158,decay
22.47,left,0.971064985948,0.879211659551,-0.0918533263968,decay
22.48,left,0.971185801618,0.87918130402,-0.0920044975985,decay
22.49,left,0.971346314797,0.879151404616,-0.0921949101816,decay
22.5,left,0.97154177229,0.879121674098,-0.092420098192,decay
22.51,left,0.971767381807,0.879091826721,-0.0926755550864,decay
22.52,left,0.972018137903,0.879061583066,-0.0929565548368,decay
22.53,left,0.972288573566,0.879030675008,-0.0932578985579,decay
22.54,left,0.972572963049,0.878998850951,-0.0935741120983,decay
22.55,left,0.972865952298,0.8789658815,-0.0939000707983,decay
22.56,left,0.973162959332,0.878931565708,-0.0942313936241,decay
22.57,left,0.973460274743,0.878895737166,-0.0945645375761,decay
22.58,left,0.973755231295,0.878858267307,-0.0948969639879,decay
22.59,left,0.974046157461,0.878819063908,-0.0952270935535,decay
22.6,left,0.974331917644,0.878778066419,-0.0955538512247,decay
22.61,left,0.97461182105,0.878735240927,-0.0958765801227,decay
22.62,left,0.974886250203,0.878690575893,-0.0961956743096,decay
22.63,left,0.975157138822,0.878644078706,-0.0965130601159,decay
22.64,left,0.975427686757,0.87859577299,-0.0968319137667,decay
22.65,left,0.975701518261,0.878545696642,-0.0971558216192,decay
22.66,left,0.975981403346,0.878493900532,-0.0974875028148,decay
22.67,left,0.97626768313,0.878440447639,-0.0978272354912,decay
22.68,left,0.976557162434,0.878385411855,-0.0981717505796,decay
22.69,left,0.976843100039,0.878328875889,-0.0985142241493,decay
22.7,left,0.977115923951,0.87827092864,-0.0988449953115,decay
22.71,left,0.977364170559,0.878211662698,-0.0991525078603,decay
22.72,left,0.977575798697,0.878151172254,-0.0994246264437,decay
22.73,left,0.977739648678,0.878089551341,-0.0996500973374,decay
22.74,left,0.977846283562,0.878026892404,-0.0998193911577,decay
22.75,left,0.97788832026,0.877963285116,-0.0999250351431,decay
22.76,left,0.977860800394,0.877898815417,-0.0999619849778,decay
22.77,left,0.977761263519,0.8778335648,-0.0999276987191,decay
22.78,left,0.977589236318,0.87776761006,-0.0998216262574,decay
22.79,left,0.977345778338,0.877701023635,-0.0996447547039,decay
22.8,left,0.977033429299,0.877633874396,-0.0993995549034,decay
22.81,left,0.976656268163,0.877566228662,-0.0990900395005,decay
22.82,left,0.976220267355,0.877498151311,-0.098722116044,decay
22.83,left,0.975734242496,0.877429706998,-0.0983045354986,decay
22.84,left,0.975210742046,0.877360961478,-0.0978497805673,decay
22.85,left,0.974666085807,0.877291983043,-0.0973741027639,decay
22.86,left,0.97411969761,0.877222844063,-0.0968968535466,decay
22.87,left,0.973592942941,0.877153622515,-0.0964393204265,decay
22.88,left,0.97310721587,0.877084403003,-0.0960228128671,decay
22.89,left,0.97268171161,0.877015276948,-0.0956664346616,decay
22.9,left,0.972331773827,0.876946342164,-0.0953854316626,decay
22.91,left,0.972067792891,0.876877702304,-0.0951900905868,decay
22.92,left,0.971894570396,0.876809466329,-0.0950851040669,decay
22.93,left,0.97181187685,0.876741747986,-0.0950701288641,decay
22.94,left,0.971816329828,0.876674665262,-0.0951416645659,decay
22.95,left,0.971903586964,0.876608339773,-0.095295247191,decay
22.96,left,0.972070093414,0.876542896051,-0.0955271973625,decay
22.97,left,0.972314208144,0.8764784605,-0.0958357476437,decay
22.98,left,0.972636305181,0.876415159392,-0.0962211457895,decay
22.99,left,0.973037739117,0.876353115409,-0.0966846237074,decay
23,left,0.973519658557,0.876292442973,-0.0972272155837,decay
23.01,left,0.974082444294,0.876233242856,-0.0978492014376,decay
23.02,left,0.974725206664,0.876175596218,-0.0985496104466,decay
23.03,left,0.97544490447,0.87611955795,-0.0993253465199,decay
23.04,left,0.976235740856,0.876065149233,-0.100170591623,decay
23.05,left,0.977089179512,0.876012349136,-0.101076830376,decay
23.06,left,0.977994216713,0.875961085164,-0.102033131549,decay
23.07,left,0.978937915601,0.875911224298,-0.103026691303,decay
23.08,left,0.979906333667,0.875862569837,-0.10404376383,decay
23.09,left,0.980885410543,0.875814868024,-0.105070542519,decay
23.1,left,0.981861516719,0.875767821575,-0.106093695144,decay
23.11,left,0.98282192888,0.875721104769,-0.107100824111,decay
23.12,left,0.983755137188,0.875674378127,-0.108080759061,decay
23.13,left,0.984650443184,0.875627302782,-0.109023140402,decay
23.14,left,0.985497154773,0.875579554874,-0.109917599899,decay
23.15,left,0.986284333133,0.875530840255,-0.110753492878,decay
23.16,left,0.98700109731,0.875480909841,-0.111520187469,decay
23.17,left,0.987636965844,0.875429574104,-0.11220739174,decay
23.18,left,0.988182497074,0.875376711361,-0.112805785713,decay
23.19,left,0.988630318346,0.875322265804,-0.113308052542,decay
23.2,left,0.98897578802,0.875266238499,-0.113709549521,decay
23.21,left,0.989217140574,0.875208677062,-0.114008463511,decay
23.22,left,0.989355681701,0.87514966627,-0.114206015431,decay
23.23,left,0.989395896059,0.875089319632,-0.114306576427,decay
23.24,left,0.989344968995,0.87502777179,-0.114317197205,decay
23.25,left,0.989212016428,0.874965171585,-0.114246844843,decay
23.26,left,0.989007537144,0.874901675649,-0.114105861495,decay
23.27,left,0.988742928662,0.874837442701,-0.11390548596,decay
23.28,left,0.988429985988,0.87477262942,-0.113657356568,decay
23.29,left,0.988080893629,0.874707388518,-0.113373505111,decay
23.3,left,0.987708609182,0.874641868392,-0.11306674079,decay
23.31,left,0.987326803398,0.874576213273,-0.112750590125,decay
23.32,left,0.986949303193,0.874510563416,-0.112438739776,decay
23.33,left,0.986589462051,0.874445055262,-0.112144406789,decay
23.34,left,0.986259204949,0.874379821535,-0.111879383414,decay
23.35,left,0.985967771647,0.874314991251,-0.111652780396,decay
23.36,left,0.985721022896,0.874250689593,-0.111470333303,decay
23.37,left,0.985521620307,0.874187037422,-0.111334582885,decay
23.38,left,0.98536951777,0.874124149738,-0.111245368032,decay
23.39,left,0.985262518,0.874062132554,-0.111200385446,decay
23.4,left,0.98519704383,0.874001078477,-0.111195965353,decay
23.41,left,0.985168749627,0.873941061559,-0.111227688068,decay
23.42,left,0.985172441076,0.873882131589,-0.111290309486,decay
23.43,left,0.985201570759,0.873824307742,-0.111377263018,decay
23.44,left,0.985247683253,0.87376757147,-0.111480111783,decay
23.45,left,0.985299682846,0.873711858527,-0.11158782432,decay
23.46,left,0.98534343568,0.873657049989,-0.111686385691,decay
23.47,left,0.985362667662,0.873602963763,-0.111759703899,decay
23.48,left,0.985340858956,0.87354935146,-0.111791507496,decay
23.49,left,0.985263112614,0.873495904364,-0.11176720825,decay
23.5,left,0.98511764357,0.873442265809,-0.111675377761,decay
23.51,left,0.984896668797,0.873388045076,-0.111508623721,decay
23.52,left,0.984596342302,0.873332830979,-0.111263511323,decay
23.53,left,0.984216200751,0.873276205272,-0.110939995479,decay
23.54,left,0.983759048634,0.873217756198,-0.110541292436,decay
23.55,left,0.983231154509,0.873157092491,-0.110074062018,decay
23.56,left,0.982641950782,0.873093858168,-0.109548092614,decay
23.57,left,0.982003301149,0.873027746815,-0.108975554334,decay
23.58,left,0.981328765467,0.872958510689,-0.108370254777,decay
23.59,left,0.980632615053,0.872885961093,-0.107746653961,decay
23.6,left,0.979928685142,0.872809962941,-0.107118722201,decay
23.61,left,0.979229866778,0.872730428696,-0.106499438082,decay
23.62,left,0.978548205561,0.872647313729,-0.105900891832,decay
23.63,left,0.977894809697,0.872560613253,-0.105334196444,decay
23.64,left,0.977279541745,0.872470360785,-0.104809180961,decay
23.65,left,0.976710894901,0.872376628113,-0.104334266788,decay
23.66,left,0.976195901465,0.872279526765,-0.1039163747,decay
23.67,left,0.975740055851,0.872179210107,-0.103560845744,decay
23.68,left,0.975347664648,0.872075873382,-0.103271791265,decay
23.69,left,0.975022346193,0.871969749631,-0.103052596562,decay
23.7,left,0.974766862419,0.87186110291,-0.10290575951,decay
23.71,left,0.974582363928,0.871750221454,-0.102832142474,decay
23.72,left,0.974467817456,0.871637411754,-0.102830405702,decay
23.73,left,0.97441964162,0.871522993484,-0.102896648136,decay
23.74,left,0.974431221473,0.871407295126,-0.103023926347,decay
23.75,left,0.974492788156,0.871290650137,-0.103202138019,decay
23.76,left,0.974592114099,0.87117339351,-0.103418720589,decay
23.77,left,0.974715600582,0.871055858688,-0.103659741894,decay
23.78,left,0.97484933417,0.870938374924,-0.103910959246,decay
23.79,left,0.974979956018,0.870821265158,-0.10415869086,decay
23.8,left,0.975095023237,0.870704844146,-0.104390179092,decay
23.81,left,0.9751829277,0.870589416483,-0.104593511217,decay
23.82,left,0.975233099537,0.870475274306,-0.104757825231,decay
23.83,left,0.975236825461,0.87036269454,-0.104874130921,decay
23.84,left,0.975188049505,0.870251935585,-0.10493611392,decay
23.85,left,0.975083600562,0.870143233327,-0.104940367234,decay
23.86,left,0.974923210988,0.870036796319,-0.104886414668,decay
23.87,left,0.974709630225,0.869932800956,-0.104776829269,decay
23.88,left,0.97444850429,0.869831389394,-0.104617114896,decay
23.89,left,0.974148110076,0.869732672313,-0.104415437763,decay
23.9,left,0.973819248757,0.869636734879,-0.104182513878,decay
23.91,left,0.973474949428,0.869543642963,-0.103931306465,decay
23.92,left,0.973129764301,0.869453448467,-0.103676315833,decay
23.93,left,0.972799000247,0.869366193712,-0.103432806535,decay
23.94,left,0.972497835699,0.869281914943,-0.103215920756,decay
23.95,left,0.972239875502,0.869200644998,-0.103039230504,decay
23.96,left,0.972035518583,0.869122415182,-0.102913103401,decay
23.97,left,0.971891059993,0.869047256318,-0.102843803676,decay
23.98,left,0.971808630349,0.868975198916,-0.102833431433,decay
23.99,left,0.971786674247,0.868906272372,-0.102880401875,decay
24,left,0.971821171955,0.868840503236,-0.102980668719,decay
24.01,left,0.971907391534,0.868777912597,-0.103129478937,decay
24.02,left,0.972041038038,0.868718512597,-0.103322525442,decay
24.03,left,0.972218283802,0.86866230199,-0.103555981812,decay
24.04,left,0.9724352378,0.868609260702,-0.103825977098,decay
24.05,left,0.972687093126,0.868559343274,-0.104127749852,decay
24.06,left,0.972967010604,0.868512471123,-0.104454539481,decay
24.07,left,0.973265539056,0.868468524801,-0.104797014255,decay
24.08,left,0.973571135316,0.868427340267,-0.105143795049,decay
24.09,left,0.973871435344,0.868388712209,-0.105482723134,decay
24.1,left,0.974155059971,0.86835240217,-0.105802657801,decay
24.11,left,0.974413853032,0.86831814741,-0.106095705622,decay
24.12,left,0.974644554747,0.868285668955,-0.106358885791,decay
24.13,left,0.974848826045,0.868254678864,-0.106594147181,decay
24.14,left,0.975031934897,0.868224886914,-0.106807047984,decay
24.15,left,0.975201090664,0.86819600687,-0.107005083794,decay
24.16,left,0.975363715783,0.868167762521,-0.107195953262,decay
24.17,left,0.975525879269,0.868139893132,-0.107385986137,decay
24.18,left,0.975691597916,0.868112156881,-0.107579441034,decay
24.19,left,0.975863006721,0.868084331226,-0.107778675495,decay
24.2,left,0.976040710037,0.868056211151,-0.107984498886,decay
24.21,left,0.976224219823,0.868027606981,-0.108196612842,decay
24.22,left,0.976412593428,0.86799834246,-0.108414250968,decay
24.23,left,0.976604893704,0.867968253152,-0.108636640552,decay
24.24,left,0.976800415576,0.867937185203,-0.108863230373,decay
24.25,left,0.976999154738,0.867904994477,-0.10909416026,decay
24.26,left,0.977202378137,0.867871546088,-0.109330832049,decay
24.27,left,0.977412460134,0.867836714434,-0.1095757457,decay
24.28,left,0.977631939136,0.867800384007,-0.109831555129,decay
24.29,left,0.977862680752,0.867762451183,-0.110100229569,decay
24.3,left,0.978105401235,0.867722826927,-0.110382574308,decay
24.31,left,0.97835925447,0.867681440243,-0.110677814227,decay
24.32,left,0.978621827984,0.867638242331,-0.110983585653,decay
24.33,left,0.978889703031,0.867593211553,-0.111296491477,decay
24.34,left,0.979158778289,0.867546359271,-0.111612419018,decay
24.35,left,0.97942405326,0.86749773667,-0.11192631659,decay
24.36,left,0.979679474644,0.867447442672,-0.112232031972,decay
24.37,left,0.979918020616,0.867395631396,-0.11252238922,decay
24.38,left,0.980131884991,0.867342514152,-0.112789370839,decay
24.39,left,0.980313167398,0.867288352103,-0.113024815295,decay
24.4,left,0.98045520907,0.867233442376,-0.113221766694,decay
24.41,left,0.980553731052,0.867178102618,-0.113375628434,decay
24.42,left,0.980607132407,0.867122655878,-0.113484476529,decay
24.43,left,0.98061624298,0.867067415687,-0.113548827293,decay
24.44,left,0.980583752581,0.867012671016,-0.113571081565,decay
24.45,left,0.980513328486,0.866958670791,-0.113554657695,decay
24.46,left,0.980409139166,0.866905607653,-0.113503531512,decay
24.47,left,0.980276346222,0.866853602653,-0.113422743569,decay
24.48,left,0.980121831772,0.866802696832,-0.11331913494,decay
24.49,left,0.979954368581,0.866752854219,-0.113201514362,decay
24.5,left,0.979784304285,0.866703972708,-0.113080331577,decay
24.51,left,0.979622731433,0.866655896521,-0.112966834911,decay
24.52,left,0.979479958595,0.866608427817,-0.112871530779,decay
24.53,left,0.97936388246,0.866561337419,-0.112802545041,decay
24.54,left,0.979279070741,0.866514374909,-0.112764695832,decay
24.55,left,0.979226412688,0.866467278287,-0.112759134401,decay
24.56,left,0.979202943169,0.86641978341,-0.112783159759,decay
24.57,left,0.979202245817,0.866371633006,-0.11283061281,decay
24.58,left,0.979215632502,0.866322584106,-0.112893048396,decay
24.59,left,0.979233231947,0.866272413061,-0.112960818886,decay
24.6,left,0.979244457501,0.866220919074,-0.113023538426,decay
24.61,left,0.979238399182,0.866167927738,-0.113070471444,decay
24.62,left,0.979204479859,0.866113295274,-0.113091184585,decay
24.63,left,0.979133240756,0.86605691364,-0.113076327116,decay
24.64,left,0.979017412191,0.865998716601,-0.11301869559,decay
24.65,left,0.978853225423,0.865938686911,-0.112914538512,decay
24.66,left,0.978641283858,0.865876864717,-0.112764419141,decay
24.67,left,0.97838667022,0.865813355647,-0.112573314573,decay
24.68,left,0.978098678618,0.865748333446,-0.112350345172,decay
24.69,left,0.977790187084,0.865682033237,-0.112108153847,decay
24.7,left,0.977476341472,0.86561473826,-0.111861603212,decay
24.71,left,0.977173097149,0.865546765252,-0.111626331897,decay
24.72,left,0.976896443877,0.865478450422,-0.111417993455,decay
24.73,left,0.976661959583,0.865410135902,-0.111251823681,decay
24.74,left,0.976484012875,0.865342156374,-0.111141856501,decay
24.75,left,0.976374907718,0.865274825582,-0.111100082136,decay
24.76,left,0.976344277105,0.865208422433,-0.111135854673,decay
24.77,left,0.976398410255,0.865143177965,-0.11125523229,decay
24.78,left,0.976539641128,0.865079267869,-0.111460373259,decay
24.79,left,0.97676621667,0.865016814064,-0.111749402606,decay
24.8,left,0.977072458987,0.86495589252,-0.112116566468,decay
24.81,left,0.977449147004,0.864896542269,-0.112552604735,decay
24.82,left,0.977884610966,0.864838773636,-0.11304583733,decay
24.83,left,0.978366474911,0.864782575614,-0.113583899298,decay
24.84,left,0.978883190066,0.864727922507,-0.114155267559,decay
24.85,left,0.979425027339,0.86467477995,-0.114750247389,decay
24.86,left,0.979984737583,0.864623110396,-0.115361627186,decay
24.87,left,0.980557476973,0.864572877798,-0.115984599175,decay
24.88,left,0.981139674201,0.86452405037,-0.11661562383,decay
24.89,left,0.981727653849,0.864476600601,-0.117251053248,decay
24.9,left,0.982316847356,0.864430503192,-0.117886344164,decay
24.91,left,0.982901467344,0.864385732144,-0.1185157352,decay
24.92,left,0.983474387801,0.864342257437,-0.119132130364,decay
24.93,left,0.984027293041,0.864300041323,-0.119727251718,decay
24.94,left,0.984550993988,0.864259034166,-0.120291959822,decay
24.95,left,0.985035862468,0.864219169779,-0.120816692689,decay
24.96,left,0.985472730763,0.864180360193,-0.121292370571,decay
24.97,left,0.985854188527,0.864142490789,-0.121711697739,decay
24.98,left,0.98617538421,0.864105418803,-0.122069965407,decay
24.99,left,0.986433901855,0.864068977522,-0.122364924333,decay
25,left,0.986629254811,0.864032984519,-0.122596270292,decay
25.01,left,0.98676208757,0.863997250902,-0.122764836668,decay
25.02,left,0.986832735259,0.863961590464,-0.122871144795,decay
25.03,left,0.986839843266,0.863925828811,-0.122914014455,decay
25.04,left,0.986780074556,0.863889812654,-0.122890261902,decay
25.05,left,0.986648752501,0.863853419459,-0.122795333042,decay
25.06,left,0.986440929016,0.863816567651,-0.122624361365,decay
25.07,left,0.986152783365,0.863779226049,-0.122373557316,decay
25.08,left,0.985782910084,0.863741418029,-0.122041492055,decay
25.09,left,0.985332925725,0.863703216971,-0.121629708754,decay
25.1,left,0.984807594479,0.86366473559,-0.121142858889,decay
25.11,left,0.984214826396,0.863626113814,-0.120588712582,decay
25.12,left,0.983565145552,0.863587506994,-0.119977638558,decay
25.13,left,0.982870336041,0.863549074387,-0.119321261654,decay
25.14,left,0.982142058794,0.863510967705,-0.118631091089,decay
25.15,left,0.981391160951,0.863473319499,-0.117917841451,decay
25.16,left,0.98062744566,0.863436231153,-0.117191214507,decay
25.17,left,0.979859895919,0.863399761652,-0.116460134268,decay
25.18,left,0.979097635272,0.863363921186,-0.115733714086,decay
25.19,left,0.978350856439,0.863328672685,-0.115022183755,decay
25.2,left,0.977630702042,0.863293938858,-0.114336763184,decay
25.21,left,0.97694844507,0.863259610446,-0.113688834624,decay
25.22,left,0.976314897116,0.863225553978,-0.113089343138,decay
25.23,left,0.975740342108,0.863191619055,-0.112548723053,decay
25.24,left,0.975235012867,0.863157645298,-0.11207736757,decay
25.25,left,0.974810016852,0.863123469097,-0.111686547754,decay
25.26,left,0.974477955427,0.863088930338,-0.111389025089,decay
25.27,left,0.974252384409,0.863053878661,-0.111198505748,decay
25.28,left,0.97414642818,0.863018177717,-0.111128250463,decay
25.29,left,0.974171416535,0.862981706198,-0.111189710337,decay
25.3,left,0.974335582855,0.862944356705,-0.11139122615,decay
25.31,left,0.974642736837,0.862906034224,-0.111736702613,decay
25.32,left,0.975091557851,0.862866654962,-0.112224902889,decay
25.33,left,0.975675729215,0.8628261456,-0.112849583615,decay
25.34,left,0.976384296098,0.862784442983,-0.113599853115,decay
25.35,left,0.977202042977,0.862741494245,-0.114460548732,decay
25.36,left,0.978110047274,0.862697257411,-0.115412789862,decay
25.37,left,0.979086069568,0.862651702036,-0.116434367532,decay
25.38,left,0.980104692744,0.86260480857,-0.117499884174,decay
25.39,left,0.981137992517,0.862556565423,-0.118581427094,decay
25.4,left,0.982157171888,0.862506964466,-0.119650207422,decay
25.41,left,0.983134544355,0.862455996296,-0.120678548059,decay
25.42,left,0.984045256491,0.862403645774,-0.121641610717,decay
25.43,left,0.984868593839,0.862349887817,-0.122518706022,decay
25.44,left,0.985588530765,0.862294683383,-0.123293847382,decay
25.45,left,0.986193432509,0.862237975587,-0.123955456922,decay
25.46,left,0.986675690515,0.862179685904,-0.124496004611,decay
25.47,left,0.987031689662,0.862119710999,-0.124911978662,decay
25.48,left,0.987261453803,0.862057922033,-0.12520353177,decay
25.49,left,0.987367711417,0.86199416783,-0.125373543587,decay
25.5,left,0.987354852554,0.861928280947,-0.125426571607,decay
25.51,left,0.98722802054,0.861860084843,-0.125367935697,decay
25.52,left,0.986992477958,0.861789401508,-0.12520307645,decay
25.53,left,0.986653630003,0.861716059649,-0.124937570354,decay
25.54,left,0.986217711297,0.861639903608,-0.124577807689,decay
25.55,left,0.985692427271,0.861560803198,-0.124131624073,decay
25.56,left,0.985087192436,0.861478664645,-0.123608527791,decay
25.57,left,0.984413347658,0.861393441353,-0.123019906305,decay
25.58,left,0.983684174405,0.861305140009,-0.122379034396,decay
25.59,left,0.982914076507,0.861213818662,-0.121700257844,decay
25.6,left,0.982117335741,0.861119579381,-0.12099775636,decay
25.61,left,0.981307347701,0.861022560212,-0.120284787489,decay
25.62,left,0.980496350386,0.860922928267,-0.119573422118,decay
25.63,left,0.979695426669,0.860820873969,-0.1188745527,decay
25.64,left,0.978915052195,0.860716606326,-0.118198445869,decay
25.65,left,0.978165983334,0.860610349104,-0.11755563423,decay
25.66,left,0.977459785186,0.860502337792,-0.116957447393,decay
25.67,left,0.976808899648,0.860392817074,-0.116416082573,decay
25.68,left,0.976226413668,0.860282038128,-0.11594437554,decay
25.69,left,0.975725232163,0.860170255249,-0.115554976913,decay
25.7,left,0.975316639246,0.86005772198,-0.115258917266,decay
25.71,left,0.975009038811,0.859944687221,-0.115064351589,decay
25.72,left,0.974807436307,0.85983139144,-0.114976044867,decay
25.73,left,0.974713426064,0.859718062865,-0.114995363199,decay
25.74,left,0.974725661572,0.859604913566,-0.115120748006,decay
25.75,left,0.974841027019,0.859492135272,-0.115348891747,decay
25.76,left,0.975055923197,0.859379894837,-0.11567602836,decay
25.77,left,0.975366921221,0.859268329965,-0.116098591256,decay
25.78,left,0.975770872689,0.859157547452,-0.116613325238,decay
25.79,left,0.976264732461,0.859047625634,-0.117217106828,decay
25.8,left,0.976845070923,0.858938619718,-0.117906451205,decay
25.81,left,0.97750750825,0.858830567618,-0.118676940632,decay
25.82,left,0.978246442936,0.858723495377,-0.119522947559,decay
25.83,left,0.979054965772,0.858617422158,-0.120437543614,decay
25.84,left,0.979924635337,0.858512364882,-0.121412270455,decay
25.85,left,0.980845352681,0.858408342576,-0.122437010105,decay
25.86,left,0.981805764941,0.858305380505,-0.123500384436,decay
25.87,left,0.982793847625,0.858203513862,-0.124590333763,decay
25.88,left,0.983797121206,0.858102790228,-0.125694330977,decay
25.89,left,0.984802621178,0.858003270195,-0.126799350984,decay
25.9,left,0.985796758034,0.857905026622,-0.127891731412,decay
25.91,left,0.98676501892,0.857808143403,-0.128956875517,decay
25.92,left,0.9876919534,0.85771271404,-0.12997923936,decay
25.93,left,0.988561890439,0.857618840038,-0.1309430504,decay
25.94,left,0.989359965144,0.857526629056,-0.131833336088,decay
25.95,left,0.990072890858,0.857436192759,-0.132636698099,decay
25.96,left,0.99068964745,0.857347644324,-0.133342003126,decay
25.97,left,0.991202226786,0.857261095763,-0.133941131023,decay
25.98,left,0.991606076628,0.857176655777,-0.134429420851,decay
25.99,left,0.99190035058,0.857094428654,-0.134805921926,decay
26,left,0.992088377657,0.857014513719,-0.135073863938,decay
26.01,left,0.992177866084,0.856937004514,-0.13524086157,decay
26.02,left,0.992180280309,0.85686198733,-0.135318292979,decay
26.03,left,0.992110048475,0.856789539019,-0.135320509455,decay
26.04,left,0.991984218882,0.85671972403,-0.135264494852,decay
26.05,left,0.991822028147,0.856652590601,-0.135169437546,decay
26.06,left,0.991643982607,0.856588166037,-0.135055816569,decay
26.07,left,0.991470736478,0.856526451887,-0.134944284591,decay
26.08,left,0.991321807333,0.856467421754,-0.134854385579,decay
26.09,left,0.991214216075,0.856411023829,-0.134803192246,decay
26.1,left,0.991161630776,0.856357186572,-0.134804444204,decay
26.11,left,0.991174102217,0.85630582473,-0.134868277487,decay
26.12,left,0.991257644024,0.856256844596,-0.135000799428,decay
26.13,left,0.991413514437,0.85621014851,-0.135203365926,decay
26.14,left,0.991638144704,0.856165638702,-0.135472506002,decay
26.15,left,0.991923987309,0.856123220552,-0.135800766757,decay
26.16,left,0.992260467258,0.856082805355,-0.136177661903,decay
26.17,left,0.992634778679,0.856044312385,-0.136590466294,decay
26.18,left,0.993032830677,0.856007669482,-0.137025161195,decay
26.19,left,0.993440163407,0.855972811575,-0.137467351832,decay
26.2,left,0.993842796025,0.855939677603,-0.137903118422,decay
26.21,left,0.994228481277,0.855908206665,-0.138320274611,decay
26.22,left,0.994588192865,0.855878333715,-0.13870985915,decay
26.23,left,0.994917005848,0.855849984764,-0.139067021084,decay
26.24,left,0.995214132682,0.855823071543,-0.139391061139,decay
26.25,left,0.995482440686,0.85579748556,-0.139684955127,decay
26.26,left,0.995727415371,0.855773091472,-0.139954323899,decay
26.27,left,0.995955475043,0.85574972081,-0.140205754232,decay
26.28,left,0.996172172192,0.855727169432,-0.140445002761,decay
26.29,left,0.996380772845,0.855705201289,-0.140675571556,decay
26.3,left,0.99658112667,0.855683556656,-0.140897570014,decay
26.31,left,0.996769006427,0.855661961433,-0.141107044995,decay
26.32,left,0.996936406415,0.85564013627,-0.141296270145,decay
26.33,left,0.997072545073,0.855617805591,-0.141454739482,decay
26.34,left,0.997165033234,0.855594706738,-0.141570326496,decay
26.35,left,0.99720139814,0.855570599445,-0.141630798696,decay
26.36,left,0.997170997445,0.855545275857,-0.141625721587,decay
26.37,left,0.997066602941,0.855518570093,-0.141548032848,decay
26.38,left,0.996885252045,0.855490363724,-0.141394888321,decay
26.39,left,0.996628487938,0.855460584445,-0.141167903493,decay
26.4,left,0.996301809772,0.855429200127,-0.140872609645,decay
26.41,left,0.995913161908,0.855396212121,-0.140516949787,decay
26.42,left,0.995471289156,0.85536164936,-0.140109639796,decay
26.43,left,0.994985134396,0.8553255633,-0.139659571096,decay
26.44,left,0.994464203497,0.855288023611,-0.139176179886,decay
26.45,left,0.993918957311,0.855249114539,-0.138669842772,decay
26.46,left,0.993360769687,0.855208931865,-0.138151837822,decay
26.47,left,0.992801265108,0.8551675804,-0.137633684708,decay
26.48,left,0.99225094517,0.855125171977,-0.137125773193,decay
26.49,left,0.991717825864,0.855081823919,-0.136636001945,decay
26.5,left,0.991207117928,0.855037657892,-0.136169460036,decay
26.51,left,0.990722034793,0.854992799088,-0.135729235704,decay
26.52,left,0.990265049346,0.854947375663,-0.135317673683,decay
26.53,left,0.989838991702,0.854901518398,-0.134937473304,decay
26.54,left,0.989447349702,0.854855360545,-0.134591989157,decay
26.55,left,0.989093269088,0.85480903782,-0.134284231268,decay
26.56,left,0.988777870535,0.854762688508,-0.134015182026,decay
26.57,left,0.988499166206,0.854716453453,-0.133782712753,decay
26.58,left,0.988251868331,0.85467047524,-0.133581393091,decay
26.59,left,0.988027650629,0.854624896058,-0.13340275457,decay
26.6,left,0.987816149748,0.854579854537,-0.133236295212,decay
26.61,left,0.987606985206,0.854535482122,-0.133071503084,decay
26.62,left,0.987391747673,0.854491899187,-0.132899848486,decay
26.63,left,0.98716489091,0.854449210797,-0.132715680113,decay
26.64,left,0.98692365623,0.854407502035,-0.132516154196,decay
26.65,left,0.986667304318,0.854366832786,-0.132300471533,decay
26.66,left,0.986395882503,0.854327231879,-0.132068650624,decay
26.67,left,0.986109466012,0.854288691479,-0.131820774533,decay
26.68,left,0.985808516221,0.854251164755,-0.131557351466,decay
26.69,left,0.98549467134,0.854214569125,-0.131280102215,decay
26.7,left,0.985171178997,0.854178793365,-0.130992385632,decay
26.71,left,0.98484304758,0.854143705478,-0.130699342102,decay
26.72,left,0.98451684744,0.854109160145,-0.130407687295,decay
26.73,left,0.984199770241,0.854075005784,-0.130124764457,decay
26.74,left,0.983898528587,0.854041091382,-0.129857437205,decay
26.75,left,0.98361919659,0.854007273237,-0.129611923353,decay
26.76,left,0.98336795193,0.853973421748,-0.129394530181,decay
26.77,left,0.983151947865,0.853939427704,-0.129212520161,decay
26.78,left,0.982979947058,0.853905205988,-0.12907474107,decay
26.79,left,0.982862352129,0.85387069514,-0.128991656989,decay
26.8,left,0.982810236852,0.853835854045,-0.128974382808,decay
26.81,left,0.982833838973,0.853800657996,-0.129033180977,decay
26.82,left,0.982941354381,0.853765095018,-0.129176259363,decay
26.83,left,0.983138060336,0.853729162479,-0.129408897857,decay
26.84,left,0.98342554763,0.853692863948,-0.129732683682,decay
26.85,left,0.983801604596,0.853656206237,-0.130145398359,decay
26.86,left,0.984261067714,0.853619196591,-0.130641871124,decay
26.87,left,0.984796892106,0.853581840128,-0.131215051977,decay
26.88,left,0.985400931933,0.853544138,-0.131856793933,decay
26.89,left,0.98606461377,0.85350608659,-0.132558527179,decay
26.9,left,0.986779262114,0.853467677476,-0.133311584638,decay
26.91,left,0.987535767364,0.853428897632,-0.134106869732,decay
26.92,left,0.988324142573,0.853389729662,-0.134934412911,decay
26.93,left,0.989133478405,0.853350152065,-0.135783326341,decay
26.94,left,0.989952100896,0.853310139525,-0.136641961371,decay
26.95,left,0.990767979492,0.853269663251,-0.13749831624,decay
26.96,left,0.991569775092,0.853228691368,-0.138341083724,decay
26.97,left,0.992348125035,0.853187189482,-0.139160935553,decay
26.98,left,0.99309621627,0.853145121786,-0.139951094484,decay
26.99,left,0.993809538362,0.853102452962,-0.140707085399,decay
27,left,0.994485377592,0.853059150759,-0.141426226833,decay
27.01,left,0.995122136849,0.853015188908,-0.142106947942,decay
27.02,left,0.995718506499,0.852970550316,-0.142747956183,decay
27.03,left,0.996273044015,0.852925230566,-0.143347813449,decay
27.04,left,0.996784219471,0.852879241791,-0.14390497768,decay
27.05,left,0.997250413827,0.85283261697,-0.144417796857,decay
27.06,left,0.997670039421,0.852785414736,-0.144884624685,decay
27.07,left,0.998042108928,0.85273772388,-0.145304385048,decay
27.08,left,0.998366628301,0.852689664954,-0.145676963346,decay
27.09,left,0.998644108826,0.852641386978,-0.146002721848,decay
27.1,left,0.998874380752,0.852593060676,-0.146281320076,decay
27.11,left,0.999055196718,0.852544870883,-0.146510325835,decay
27.12,left,0.999180990393,0.852497009082,-0.146683981311,decay
27.13,left,0.999242609359,0.852449666015,-0.146792943343,decay
27.14,left,0.999228864625,0.852403024203,-0.146825840422,decay
27.15,left,0.999129324815,0.852357250197,-0.146772074617,decay
27.16,left,0.998936944086,0.852312486411,-0.146624457675,decay
27.17,left,0.998649983271,0.852268843249,-0.146381140022,decay
27.18,left,0.998273228149,0.852226394175,-0.146046833974,decay
27.19,left,0.997818101925,0.85218517572,-0.145632926205,decay
27.2,left,0.997301447109,0.852145190807,-0.145156256303,decay
27.21,left,0.996743342092,0.852106412536,-0.144636929556,decay
27.22,left,0.996164322181,0.852068787287,-0.144095534894,decay
27.23,left,0.995582554919,0.852032237104,-0.143550317815,decay
27.24,left,0.995012011557,0.851996661394,-0.143015350163,decay
27.25,left,0.99446216473,0.851961938011,-0.142500226719,decay
27.26,left,0.993938591321,0.851927923746,-0.142010667575,decay
27.27,left,0.993443804464,0.851894454658,-0.141549349806,decay
27.28,left,0.99297831939,0.851861347487,-0.141116971904,decay
27.29,left,0.992541708694,0.851828403106,-0.140713305588,decay
27.3,left,0.992133029661,0.851795411432,-0.140337618228,decay
27.31,left,0.991750799565,0.851762156682,-0.139988642883,decay
27.32,left,0.991393180778,0.851728422587,-0.139664758191,decay
27.33,left,0.99105832971,0.851693997675,-0.139364332035,decay
27.34,left,0.990744584504,0.851658680741,-0.139085903763,decay
27.35,left,0.990450593535,0.85162228666,-0.138828306874,decay
27.36,left,0.990175302625,0.851584652672,-0.138590649953,decay
27.37,left,0.989917477163,0.851545644433,-0.13837183273,decay
27.38,left,0.989674998327,0.851505159294,-0.138169839033,decay
27.39,left,0.989444479044,0.851463124879,-0.137981354165,decay
27.4,left,0.989221158914,0.851419494498,-0.137801664417,decay
27.41,left,0.988998704037,0.851374242117,-0.13762446192,decay
27.42,left,0.988769128125,0.851327357955,-0.13744177017,decay
27.43,left,0.98852318033,0.851278844749,-0.137244335581,decay
27.44,left,0.988250862812,0.851228714623,-0.137022148189,decay
27.45,left,0.987941954754,0.851176986519,-0.136764968235,decay
27.46,left,0.987586969087,0.851123684141,-0.136463284946,decay
27.47,left,0.987178306081,0.85106883446,-0.136109471621,decay
27.48,left,0.986710927121,0.851012466999,-0.135698460122,decay
27.49,left,0.986182589382,0.850954614082,-0.1352279753,decay
27.5,left,0.985593730892,0.850895311894,-0.134698418998,decay
27.51,left,0.984946539904,0.850834602087,-0.134111937817,decay
27.52,left,0.984243538877,0.850772533855,-0.133471005022,decay
27.53,left,0.983486906798,0.850709166474,-0.132777740324,decay
27.54,left,0.982678859495,0.85064457235,-0.132034287145,decay
27.55,left,0.981822459557,0.850578840596,-0.131243618962,decay
27.56,left,0.980922628631,0.850512081181,-0.13041054745,decay
27.57,left,0.979987236401,0.850444428874,-0.129542807526,decay
27.58,left,0.979027451165,0.85037604443,-0.128651406735,decay
27.59,left,0.978056940007,0.850307111086,-0.127749828921,decay
27.6,left,0.977090656729,0.850237827732,-0.126852828997,decay
27.61,left,0.976143758426,0.850168401279,-0.125975357147,decay
27.62,left,0.975230496023,0.850099039144,-0.125131456879,decay
27.63,left,0.974363289889,0.850029941778,-0.124333348111,decay
27.64,left,0.973552324492,0.849961295074,-0.123591029419,decay
27.65,left,0.972805251165,0.849893262474,-0.122911988691,decay
27.66,left,0.972126745188,0.84982597661,-0.122300768578,decay
27.67,left,0.971518499916,0.849759531298,-0.121758968618,decay
27.68,left,0.970979839775,0.84969397682,-0.121285862955,decay
27.69,left,0.970508285255,0.849629320711,-0.120878964544,decay
27.7,left,0.970099839533,0.849565532295,-0.120534307238,decay
27.71,left,0.969749354013,0.849502547819,-0.120246806194,decay
27.72,left,0.969450838672,0.849440274964,-0.120010563709,decay
27.73,left,0.969197561468,0.849378596703,-0.119818964765,decay
27.74,left,0.968982566629,0.849317374585,-0.119665192044,decay
27.75,left,0.968799931633,0.84925645154,-0.119543480094,decay
27.76,left,0.968646080144,0.849195654266,-0.119450425879,decay
27.77,left,0.968520489943,0.849134795481,-0.119385694462,decay
27.78,left,0.96842561777,0.849073676697,-0.119351941073,decay
27.79,left,0.968366011851,0.849012092045,-0.119353919806,decay
27.8,left,0.968347027115,0.848949832938,-0.119397194177,decay
27.81,left,0.96837396681,0.848886693073,-0.119487273738,decay
27.82,left,0.968451875118,0.848822473665,-0.119629401453,decay
27.83,left,0.968585377507,0.848756989019,-0.119828388488,decay
27.84,left,0.968778276284,0.848690072582,-0.120088203703,decay
27.85,left,0.969033302291,0.848621583613,-0.120411718677,decay
27.86,left,0.969351912213,0.848551414623,-0.120800497589,decay
27.87,left,0.969733458581,0.848479498714,-0.121253959867,decay
27.88,left,0.97017402886,0.848405813801,-0.12176821506,decay
27.89,left,0.970665984886,0.848330381426,-0.12233560346,decay
27.9,left,0.971198421724,0.848253261953,-0.122945159771,decay
27.91,left,0.971758160719,0.848174549347,-0.123583611373,decay
27.92,left,0.972331090911,0.848094366794,-0.124236724117,decay
27.93,left,0.972903608582,0.848012863184,-0.124890745398,decay
27.94,left,0.973463822051,0.847930210365,-0.125533611686,decay
27.95,left,0.974002445494,0.847846601099,-0.126155844395,decay
27.96,left,0.974513258065,0.847762247628,-0.126751010437,decay
27.97,left,0.974992623727,0.847677380268,-0.127315243459,decay
27.98,left,0.975437939053,0.847592244291,-0.127845694763,decay
27.99,left,0.975846020699,0.847507093761,-0.128338926938,decay
28,left,0.976212541693,0.847422183115,-0.128790358578,decay
28.01,left,0.97653252251,0.847337757971,-0.129194764539,decay
28.02,left,0.976801463236,0.847254045696,-0.12954741754,decay
28.03,left,0.977016825992,0.84717124555,-0.129845580442,decay
28.04,left,0.977179089304,0.847089518216,-0.130089571088,decay
28.05,left,0.977291645093,0.847008974488,-0.130282670605,decay
28.06,left,0.977359888726,0.846929662904,-0.130430225822,decay
28.07,left,0.977390127793,0.846851558136,-0.130538569657,decay
28.08,left,0.977388396692,0.846774556307,-0.130613840385,decay
28.09,left,0.977359466625,0.846698481901,-0.130660984725,decay
28.1,left,0.977306681827,0.846623102811,-0.130683579016,decay
28.11,left,0.977232498492,0.846548147199,-0.130684351293,decay
28.12,left,0.977138917106,0.846473319778,-0.130665597328,decay
28.13,left,0.977027624221,0.846398317632,-0.130629306588,decay
28.14,left,0.976900077811,0.846322845868,-0.130577231942,decay
28.15,left,0.976757156846,0.846246633449,-0.130510523398,decay
28.16,left,0.976598186037,0.846169449513,-0.130428736523,decay
28.17,left,0.97642020053,0.846091118713,-0.130329081817,decay
28.18,left,0.976218206795,0.846011530212,-0.130206676583,decay
28.19,left,0.975986310735,0.845930636324,-0.130055674411,decay
28.2,left,0.975719415146,0.845848444,-0.129870971145,decay
28.21,left,0.975414965451,0.845765004897,-0.129649960553,decay
28.22,left,0.975073744249,0.845680406268,-0.12939333798,decay
28.23,left,0.974699460241,0.845594762732,-0.129104697509,decay
28.24,left,0.974298096755,0.845508208768,-0.128789887987,decay
28.25,left,0.973877727031,0.845420891781,-0.12845683525,decay
28.26,left,0.973448510135,0.845332965606,-0.128115544529,decay
28.27,left,0.973022625953,0.845244584679,-0.127778041274,decay
28.28,left,0.972614300618,0.845155899916,-0.127458400702,decay
28.29,left,0.9722394901,0.845067057077,-0.127172433023,decay
28.3,left,0.971914664048,0.84497819688,-0.126936467168,decay
28.31,left,0.971655335759,0.844889455617,-0.126765880141,decay
28.32,left,0.971475177196,0.844800965751,-0.126674211445,decay
28.33,left,0.971385489952,0.844712856416,-0.126672633536,decay
28.34,left,0.971394696351,0.844625253807,-0.126769442544,decay
28.35,left,0.971507839858,0.844538281427,-0.126969558431,decay
28.36,left,0.971725803081,0.84445206016,-0.127273742921,decay
28.37,left,0.972044271997,0.84436670823,-0.127677563767,decay
28.38,left,0.972453359531,0.844282341276,-0.128171018255,decay
28.39,left,0.972938580842,0.844199072698,-0.128739508144,decay
28.4,left,0.973482733392,0.84411701411,-0.129365719282,decay
28.41,left,0.974067947407,0.844036275616,-0.130031671791,decay
28.42,left,0.974677640537,0.843956965758,-0.130720674779,decay
28.43,left,0.975297926132,0.843879191111,-0.131418735021,decay
28.44,left,0.975917895781,0.843803055488,-0.132114840293,decay
28.45,left,0.976529108064,0.843728658717,-0.132800449348,decay
28.46,left,0.977125003604,0.843656094933,-0.133468908671,decay
28.47,left,0.977700218179,0.843585450613,-0.134114767566,decay
28.48,left,0.978249721359,0.843516803059,-0.134732918301,decay
28.49,left,0.97876835998,0.843450219902,-0.135318140078,decay
28.5,left,0.979251040036,0.843385759136,-0.135865280901,decay
28.51,left,0.979693065149,0.843323468848,-0.1363695963,decay
28.52,left,0.980090426986,0.843263386287,-0.136827040699,decay
28.53,left,0.980440151972,0.843205536213,-0.137234615759,decay
28.54,left,0.980740358624,0.843149928494,-0.13759043013,decay
28.55,left,0.980989801819,0.843096554912,-0.137893246907,decay
28.56,left,0.981187594478,0.84304538511,-0.138142209368,decay
28.57,left,0.98133361676,0.842996362271,-0.13833725449,decay
28.58,left,0.981429027818,0.84294940042,-0.138479627399,decay
28.59,left,0.981476345923,0.842904384821,-0.138571961102,decay
28.6,left,0.981479189498,0.842861174354,-0.138618015144,decay
28.61,left,0.981441561644,0.8428196039,-0.138621957744,decay
28.62,left,0.981366623719,0.842779485968,-0.138587137751,decay
28.63,left,0.981255592597,0.842740611556,-0.138514981041,decay
28.64,left,0.98110722938,0.842702750304,-0.138404479076,decay
28.65,left,0.980917868928,0.842665649999,-0.138252218929,decay
28.66,left,0.980682202286,0.842629035483,-0.138053166803,decay
28.67,left,0.980395064711,0.842592607641,-0.13780245707,decay
28.68,left,0.980053660187,0.842556044523,-0.137497615664,decay
28.69,left,0.97965923763,0.84251900617,-0.13714023146,decay
28.7,left,0.979217957117,0.842481142181,-0.136736814936,decay
28.71,left,0.978741079267,0.842442100152,-0.136298979115,decay
28.72,left,0.978244084764,0.842401534365,-0.1358425504,decay
28.73,left,0.977744707331,0.842359114876,-0.135385592456,decay
28.74,left,0.977260915748,0.842314537242,-0.134946378506,decay
28.75,left,0.976809512886,0.84226753311,-0.134541979776,decay
28.76,left,0.976405170227,0.84221788192,-0.134187288307,decay
28.77,left,0.976059969964,0.84216542237,-0.133894547594,decay
28.78,left,0.975783542348,0.842110058882,-0.133673483465,decay
28.79,left,0.975583149496,0.842051759479,-0.133531390017,decay
28.8,left,0.975463277891,0.841990547897,-0.133472729994,decay
28.81,left,0.975425252479,0.841926495007,-0.133498757472,decay
28.82,left,0.975467301821,0.841859711526,-0.133607590294,decay
28.83,left,0.975584891868,0.841790342079,-0.133794549789,decay
28.84,left,0.975771418586,0.841718560474,-0.134052858112,decay
28.85,left,0.976019595465,0.8416445661,-0.134375029365,decay
28.86,left,0.976323087588,0.841568581324,-0.134754506264,decay
28.87,left,0.976677616974,0.84149084957,-0.135186767404,decay
28.88,left,0.977081494846,0.841411633225,-0.135669861621,decay
28.89,left,0.977535632539,0.841331210707,-0.136204421832,decay
28.9,left,0.978042672476,0.841249873028,-0.136792799449,decay
28.91,left,0.978605366124,0.841167920495,-0.137437445629,decay
28.92,left,0.979224898094,0.841085659773,-0.138139238321,decay
28.93,left,0.979899509584,0.841003401192,-0.138896108392,decay
28.94,left,0.980623547054,0.840921456195,-0.139702090859,decay
28.95,left,0.981387470919,0.840840134803,-0.140547336116,decay
28.96,left,0.9821791709,0.84075974298,-0.141419427919,decay
28.97,left,0.982985913959,0.840680579765,-0.142305334194,decay
28.98,left,0.983795951453,0.840602934046,-0.143193017408,decay
28.99,left,0.984599574597,0.840527080828,-0.144072493768,decay
29,left,0.985389567414,0.840453276878,-0.144936290537,decay
29.01,left,0.986160763919,0.840381755616,-0.145779008303,decay
29.02,left,0.986909148058,0.840312721133,-0.146596426924,decay
29.03,left,0.987631223012,0.840246341163,-0.147384881849,decay
29.04,left,0.98832351417,0.840182738857,-0.148140775313,decay
29.05,left,0.988981980451,0.84012198319,-0.148859997261,decay
29.06,left,0.989601727055,0.840064077812,-0.149537649242,decay
29.07,left,0.990177121727,0.840008950158,-0.150168171569,decay
29.08,left,0.990701923235,0.839956446885,-0.15074547635,decay
29.09,left,0.991169531135,0.839906340273,-0.151263190862,decay
29.1,left,0.991573791928,0.839858342146,-0.151715449782,decay
29.11,left,0.991910171778,0.839812119141,-0.152098052637,decay
29.12,left,0.992176893234,0.839767306959,-0.152409586275,decay
29.13,left,0.992376160676,0.839723523675,-0.152652637,decay
29.14,left,0.992515297055,0.839680382421,-0.152834914634,decay
29.15,left,0.992606774013,0.839637503726,-0.152969270287,decay
29.16,left,0.992666746653,0.83959452782,-0.153072218833,decay
29.17,left,0.992712918885,0.839551126226,-0.153161792659,decay
29.18,left,0.992762405926,0.839507009998,-0.153255395928,decay
29.19,left,0.992829865652,0.839461932599,-0.153367933054,decay
29.2,left,0.992926442546,0.83941568921,-0.153510753335,decay
29.21,left,0.993059658834,0.839368115593,-0.153691543242,decay
29.22,left,0.993233677843,0.839319087761,-0.153914590082,decay
29.23,left,0.99344972347,0.839268522635,-0.154181200835,decay
29.24,left,0.993706816318,0.839216379699,-0.154490436619,decay
29.25,left,0.994002429287,0.839162663726,-0.154839765561,decay
29.26,left,0.99433241119,0.839107428601,-0.155224982589,decay
29.27,left,0.994690410233,0.83905078105,-0.155639629183,decay
29.28,left,0.995067606281,0.838992880324,-0.156074725957,decay
29.29,left,0.99545285495,0.838933930851,-0.156518924099,decay
29.3,left,0.995833064852,0.838874169936,-0.156958894916,decay
29.31,left,0.996194119648,0.838813854418,-0.15738026523,decay
29.32,left,0.996522242979,0.838753247682,-0.157768995297,decay
29.33,left,0.996805162289,0.838692606925,-0.158112555365,decay
29.34,left,0.99703304408,0.83863217039,-0.15840087369,decay
29.35,left,0.997199493075,0.838572144313,-0.158627348762,decay
29.36,left,0.99730218986,0.838512689313,-0.158789500547,decay
29.37,left,0.997342601132,0.838453907783,-0.158888693349,decay
29.38,left,0.99732491351,0.838395837695,-0.158929075815,decay
29.39,left,0.997254525882,0.838338456961,-0.158916068921,decay
29.4,left,0.997136188143,0.838281695154,-0.158854492989,decay
29.41,left,0.996972375358,0.838225446936,-0.158746928422,decay
29.42,left,0.996762941058,0.838169584971,-0.158593356087,decay
29.43,left,0.996506057635,0.838113972367,-0.158392085268,decay
29.44,left,0.996199479762,0.838058474866,-0.158141004896,decay
29.45,left,0.995841721625,0.838002973022,-0.157838748602,decay
29.46,left,0.995433103683,0.837947374574,-0.157485729109,decay
29.47,left,0.994976277372,0.837891625861,-0.15708465151,decay
29.48,left,0.994476207771,0.837835718174,-0.156640489597,decay
29.49,left,0.993940071083,0.837779685889,-0.156160385194,decay
29.5,left,0.993377028822,0.837723598859,-0.155653429963,decay
29.51,left,0.99279758462,0.837667553377,-0.155130031243,decay
29.52,left,0.99221291262,0.837611663423,-0.154601249197,decay
29.53,left,0.991634602008,0.837556052174,-0.154078549834,decay
29.54,left,0.991074310816,0.837500843626,-0.15357346719,decay
29.55,left,0.990542785343,0.837446154153,-0.15309663119,decay
29.56,left,0.990048684612,0.837392083848,-0.152656600764,decay
29.57,left,0.989597681575,0.837338708348,-0.152258973228,decay
29.58,left,0.989191810672,0.837286073687,-0.151905736984,decay
29.59,left,0.988829409167,0.837234196131,-0.151595213036,decay
29.6,left,0.988506017097,0.837183065401,-0.151322951696,decay
29.61,left,0.988215679935,0.837132648562,-0.151083031372,decay
29.62,left,0.987952020666,0.837082893451,-0.150869127215,decay
29.63,left,0.987709177174,0.837033731626,-0.150675445548,decay
29.64,left,0.987482621275,0.836985080892,-0.150497540383,decay
29.65,left,0.987269528751,0.836936847464,-0.150332681287,decay
29.66,left,0.987068820002,0.836888927812,-0.15017989219,decay
29.67,left,0.986881161426,0.836841210554,-0.150039950872,decay
29.68,left,0.9867085898,0.836793579389,-0.149915010411,decay
29.69,left,0.986553535203,0.836745917847,-0.149807617355,decay
29.7,left,0.986417944942,0.836698115427,-0.149719829515,decay
29.71,left,0.986302994104,0.836650074274,-0.149652919829,decay
29.72,left,0.986208863544,0.836601716123,-0.149607147421,decay
29.73,left,0.986134342052,0.836552989612,-0.14958135244,decay
29.74,left,0.986076683047,0.836503878101,-0.149572804946,decay
29.75,left,0.986031692703,0.836454408131,-0.149577284572,decay
29.76,left,0.985993783963,0.836404658659,-0.149589125305,decay
29.77,left,0.98595631529,0.836354769493,-0.149601545797,decay
29.78,left,0.985912460328,0.836304943719,-0.149607516608,decay
29.79,left,0.985856236534,0.8362554401,-0.149600796435,decay
29.8,left,0.985783471263,0.836206558341,-0.149576912922,decay
29.81,left,0.985692862864,0.836158622443,-0.149534240421,decay
29.82,left,0.985586879956,0.83611196409,-0.149474915867,decay
29.83,left,0.985471865423,0.836066905919,-0.149404959505,decay
29.84,left,0.985357289793,0.836023744328,-0.149333545465,decay
29.85,left,0.985254577324,0.835982731467,-0.149271845857,decay
29.86,left,0.985175504987,0.835944056051,-0.149231448936,decay
29.87,left,0.985130223725,0.835907824985,-0.14922239874,decay
29.88,left,0.985125727025,0.835874052777,-0.149251674248,decay
29.89,left,0.985165345792,0.835842664015,-0.149322681777,decay
29.9,left,0.98524900625,0.835813504795,-0.149435501455,decay
29.91,left,0.985374056905,0.835786355691,-0.149587701215,decay
29.92,left,0.985536438164,0.835760943404,-0.14977549476,decay
29.93,left,0.985731319297,0.835736951047,-0.14999436825,decay
29.94,left,0.985952770111,0.835714027313,-0.150238742798,decay
29.95,left,0.986193266238,0.835691794736,-0.150501471501,decay
29.96,left,0.986443761241,0.835669857275,-0.150773903966,decay
29.97,left,0.986694124327,0.835647807442,-0.151046316885,decay
29.98,left,0.986933720419,0.835625233224,-0.151308487195,decay
29.99,left,0.987152278113,0.835601725043,-0.15155055307,decay
30,left,0.98734067452,0.835576882937,-0.151763791584,decay
30.01,left,0.98749114488,0.835550324152,-0.151940820727,decay
30.02,left,0.987597436667,0.83552169134,-0.152075745327,decay
30.03,left,0.987655412606,0.835490661584,-0.152164751022,decay
30.04,left,0.98766359959,0.8354569565,-0.15220664309,decay
30.05,left,0.987623298738,0.835420353631,-0.152202945107,decay
30.06,left,0.987538448929,0.835380699407,-0.152157749522,decay
30.07,left,0.987415191961,0.835337921785,-0.152077270177,decay
30.08,left,0.98726094844,0.835292036177,-0.151968912264,decay
30.09,left,0.987083291059,0.835243139816,-0.151840151243,decay
30.1,left,0.986888954864,0.835191398242,-0.151697556622,decay
30.11,left,0.986682875419,0.835137030542,-0.151545844876,decay
30.12,left,0.986467378837,0.835080295919,-0.151387082918,decay
30.13,left,0.986242242177,0.835021481547,-0.15122076063,decay
30.14,left,0.986005744226,0.834960891473,-0.151044852753,decay
30.15,left,0.985755871181,0.834898836295,-0.150857034886,decay
30.16,left,0.985491281101,0.834835623405,-0.150655657696,decay
30.17,left,0.98521216964,0.834771547893,-0.150440621747,decay
30.18,left,0.984920713,0.834706885008,-0.150213827992,decay
30.19,left,0.984620827388,0.8346418848,-0.149978942588,decay
30.2,left,0.984317712541,0.83457676817,-0.149740944372,decay
30.21,left,0.984017509148,0.834511723047,-0.1495057861,decay
30.22,left,0.983726866302,0.834446900126,-0.149279966175,decay
30.23,left,0.983452516221,0.834382407989,-0.149070108233,decay
30.24,left,0.983201178896,0.83431830751,-0.148882871386,decay
30.25,left,0.982979511738,0.83425460543,-0.148724906308,decay
30.26,left,0.982793672141,0.834191246972,-0.148602425169,decay
30.27,left,0.982648773132,0.834128108949,-0.148520664183,decay
30.28,left,0.98254853186,0.834064998115,-0.148483533745,decay
30.29,left,0.982494709708,0.834001658404,-0.148493051304,decay
30.3,left,0.982486277894,0.83393778445,-0.148548493444,decay
30.31,left,0.982519013359,0.833873036641,-0.148645976717,decay
30.32,left,0.982585814599,0.833807055937,-0.148778758662,decay
30.33,left,0.982677525181,0.833739478602,-0.148938046579,decay
30.34,left,0.982784230389,0.83366995118,-0.149114279209,decay
30.35,left,0.982896655393,0.833598146024,-0.149298509369,decay
30.36,left,0.983006872468,0.833523777727,-0.14948309474,decay
30.37,left,0.983108246289,0.83344661899,-0.149661627298,decay
30.38,left,0.983195322682,0.833366510607,-0.149828812075,decay
30.39,left,0.983263900209,0.83328336158,-0.149980538628,decay
30.4,left,0.983310913829,0.833197142612,-0.150113771216,decay
30.41,left,0.983334263656,0.833107878721,-0.150226384935,decay
30.42,left,0.983333101033,0.833015643284,-0.150317457749,decay
30.43,left,0.983308323387,0.832920553616,-0.150387769771,decay
30.44,left,0.983262708407,0.832822767977,-0.15043994043,decay
30.45,left,0.98320066125,0.832722483958,-0.150478177292,decay
30.46,left,0.983127520763,0.832619938151,-0.150507582611,decay
30.47,left,0.983048271874,0.832515406215,-0.150532865659,decay
30.48,left,0.982966255167,0.832409200556,-0.150557054611,decay
30.49,left,0.982882640864,0.83230166354,-0.150580977325,decay
30.5,left,0.982796552452,0.832193157549,-0.150603394903,decay
30.51,left,0.982705475323,0.832084054453,-0.15062142087,decay
30.52,left,0.982606055768,0.831974725372,-0.150631330396,decay
30.53,left,0.982495247156,0.831865530578,-0.150629716578,decay
30.54,left,0.98237133629,0.831756809281,-0.150614527009,decay
30.55,left,0.982234866891,0.831648869057,-0.150585997834,decay
30.56,left,0.982089904803,0.831541974648,-0.150547930155,decay
30.57,left,0.981945143584,0.831436337439,-0.150508806145,decay
30.58,left,0.981813831587,0.831332110187,-0.1504817214,decay
30.59,left,0.981712503106,0.831229390464,-0.150483112642,decay
30.6,left,0.981658969176,0.831128230092,-0.150530739084,decay
30.61,left,0.981669644834,0.831028645704,-0.15064099913,decay
30.62,left,0.981756687399,0.830930628537,-0.150826058863,decay
30.63,left,0.981925988158,0.830834153422,-0.151091834736,decay
30.64,left,0.982176433423,0.830739187126,-0.151437246297,decay
30.65,left,0.98250013313,0.830645696172,-0.151854436958,decay
30.66,left,0.982883536294,0.830553654281,-0.152329882012,decay
30.67,left,0.983309290952,0.830463049083,-0.152846241869,decay
30.68,left,0.983758057299,0.830373886731,-0.153384170568,decay
30.69,left,0.984209771743,0.830286193402,-0.153923578342,decay
30.7,left,0.984644738811,0.830200014535,-0.154444724276,decay
30.71,left,0.985044615432,0.830115413329,-0.154929202103,decay
30.72,left,0.985392864372,0.83003246907,-0.155360395302,decay
30.73,left,0.985675090053,0.829951275336,-0.155723814717,decay
30.74,left,0.985879970463,0.829871937994,-0.15600803247,decay
30.75,left,0.986000373892,0.829794572954,-0.156205800938,decay
30.76,left,0.986033906221,0.829719303621,-0.1563146026,decay
30.77,left,0.985982835826,0.829646258102,-0.156336577724,decay
30.78,left,0.985853388455,0.829575566532,-0.156277821923,decay
30.79,left,0.985654294758,0.82950735877,-0.156146935988,decay
30.8,left,0.985395051938,0.82944176216,-0.155953289779,decay
30.81,left,0.985084377015,0.829378898809,-0.155705478206,decay
30.82,left,0.984728684042,0.82931888216,-0.155409801882,decay
30.83,left,0.9843306436,0.829261812725,-0.155068830874,decay
30.84,left,0.983888603102,0.829207772911,-0.154680830191,decay
30.85,left,0.98339724547,0.829156820806,-0.154240424664,decay
30.86,left,0.982848841986,0.829108982831,-0.153739859155,decay
30.87,left,0.982234571072,0.829064246192,-0.15317032488,decay
30.88,left,0.981546094803,0.829022554407,-0.152523540396,decay
30.89,left,0.980777469474,0.828983808362,-0.151793661111,decay
30.9,left,0.979927204188,0.828947871009,-0.150979333179,decay
30.91,left,0.979000374605,0.828914572286,-0.150085802319,decay
30.92,left,0.978010205804,0.828883712939,-0.149126492865,decay
30.93,left,0.976978063373,0.828855067217,-0.148122996156,decay
30.94,left,0.975931687233,0.828828384528,-0.147103302705,decay
30.95,left,0.974902585785,0.828803390161,-0.146099195624,decay
30.96,left,0.973923190216,0.828779785117,-0.145143405098,decay
30.97,left,0.973023751379,0.828757245764,-0.144266505615,decay
30.98,left,0.972229485598,0.828735425289,-0.143494060309,decay
30.99,left,0.971558909768,0.828713958506,-0.142844951261,decay
31,left,0.971023474045,0.828692469087,-0.142331004958,decay
31.01,left,0.970628059074,0.828670577408,-0.141957481666,decay
31.02,left,0.970372166669,0.828647908432,-0.141724258237,decay
31.03,left,0.970251321442,0.82862409976,-0.141627221682,decay
31.04,left,0.970257909751,0.828598810072,-0.141659099679,decay
31.05,left,0.970381442209,0.828571728196,-0.141809714013,decay
31.06,left,0.970608802118,0.828542583019,-0.142066219099,decay
31.07,left,0.970924704783,0.828511153155,-0.142413551628,decay
31.08,left,0.971312455662,0.828477272446,-0.142835183216,decay
31.09,left,0.971755241541,0.828440828347,-0.143314413194,decay
31.1,left,0.972237662304,0.828401755559,-0.143835906745,decay
31.11,left,0.972746658443,0.82836002914,-0.144386629303,decay
31.12,left,0.973271606257,0.828315658761,-0.144955947496,decay
31.13,left,0.973804106735,0.828268684176,-0.14553542256,decay
31.14,left,0.974337608298,0.828219171832,-0.146118436467,decay
31.15,left,0.974866803243,0.82816721256,-0.146699590684,decay
31.16,left,0.975387367509,0.828112920279,-0.14727444723,decay
31.17,left,0.975896364983,0.828056431311,-0.147839933672,decay
31.18,left,0.976392668829,0.827997903053,-0.148394765776,decay
31.19,left,0.97687687195,0.827937511077,-0.148939360873,decay
31.2,left,0.977350777043,0.827875445249,-0.149475331794,decay
31.21,left,0.977816436888,0.827811905984,-0.150004530904,decay
31.22,left,0.978274891297,0.827747101048,-0.15052779025,decay
31.23,left,0.978725531076,0.827681242852,-0.151044288224,decay
31.24,left,0.979166733643,0.827614546129,-0.151552187514,decay
31.25,left,0.979597125558,0.827547225921,-0.152049899636,decay
31.26,left,0.980016534408,0.827479495775,-0.152537038633,decay
31.27,left,0.980426448248,0.827411566114,-0.153014882134,decay
31.28,left,0.98082981377,0.827343642806,-0.153486170964,decay
31.29,left,0.98122969078,0.827275925952,-0.153953764828,decay
31.3,left,0.981627191729,0.827208608745,-0.154418582983,decay
31.31,left,0.982019940749,0.827141876223,-0.154878064527,decay
31.32,left,0.98240168261,0.827075903793,-0.155325778817,decay
31.33,left,0.982763148686,0.827010855466,-0.15575229322,decay
31.34,left,0.983094223368,0.826946881709,-0.156147341659,decay
31.35,left,0.983386785358,0.826884116857,-0.156502668501,decay
31.36,left,0.983637116209,0.826822676002,-0.156814440207,decay
31.37,left,0.98384737381,0.826762651701,-0.157084722109,decay
31.38,left,0.984026147972,0.826704111792,-0.15732203618,decay
31.39,left,0.984187845734,0.82664709925,-0.157540746484,decay
31.4,left,0.984350866355,0.826591633316,-0.157759233039,decay
31.41,left,0.984535399879,0.826537710483,-0.157997689395,decay
31.42,left,0.984761464882,0.826485304797,-0.158276160085,decay
31.43,left,0.98504687472,0.826434367398,-0.158612507323,decay
31.44,left,0.985405137413,0.826384825334,-0.159020312078,decay
31.45,left,0.98584395586,0.826336579617,-0.159507376243,decay
31.46,left,0.986364561911,0.826289502518,-0.160075059394,decay
31.47,left,0.986961745077,0.826243435001,-0.160718310076,decay
31.48,left,0.987624667586,0.826198187147,-0.161426480439,decay
31.49,left,0.98833829684,0.826153543752,-0.162184753088,decay
31.5,left,0.989084945331,0.826109273601,-0.16297567173,decay
31.51,left,0.989845917901,0.826065139675,-0.163780778227,decay
31.52,left,0.990603536262,0.82602090926,-0.164582627002,decay
31.53,left,0.991343077331,0.825976364107,-0.165366713224,decay
31.54,left,0.992053787105,0.825931310827,-0.166122476278,decay
31.55,left,0.992728940484,0.82588559177,-0.166843348714,decay
31.56,left,0.993365457733,0.825839096587,-0.167526361146,decay
31.57,left,0.99396305216,0.825791773121,-0.168171279039,decay
31.58,left,0.994522931487,0.82574363285,-0.168779298636,decay
31.59,left,0.995046765024,0.825694747281,-0.169352017743,decay
31.6,left,0.995536153556,0.825645238053,-0.169890915503,decay
31.61,left,0.995992163567,0.82559526572,-0.170396897847,decay
31.62,left,0.996414960308,0.825545019126,-0.170869941182,decay
31.63,left,0.996803773102,0.825494705342,-0.17130906776,decay
31.64,left,0.997157002158,0.825444539961,-0.171712462197,decay
31.65,left,0.997472468753,0.825394737541,-0.172077731212,decay
31.66,left,0.997748017387,0.825345501999,-0.172402515388,decay
31.67,left,0.997982008078,0.825297017484,-0.172684990594,decay
31.68,left,0.99817290422,0.825249441848,-0.172923462371,decay
31.69,left,0.998318140084,0.825202904292,-0.173115235793,decay
31.7,left,0.998413257604,0.825157505796,-0.173255751808,decay
31.71,left,0.998451665703,0.825113319914,-0.173338345788,decay
31.72,left,0.998424843433,0.825070392935,-0.173354450498,decay
31.73,left,0.99832327348,0.8250287433,-0.173294530179,decay
31.74,left,0.998138129963,0.824988360276,-0.173149769686,decay
31.75,left,0.997862946646,0.824949201838,-0.172913744808,decay
31.76,left,0.997494977173,0.824911191741,-0.172583785432,decay
31.77,left,0.997036453501,0.82487421658,-0.172162236921,decay
31.78,left,0.996495234886,0.824838125366,-0.171657109519,decay
31.79,left,0.995884307715,0.824802733604,-0.171081574111,decay
31.8,left,0.995220527805,0.82476783047,-0.170452697335,decay
31.81,left,0.994523018667,0.824733186605,-0.169789832062,decay
31.82,left,0.993811111787,0.824698561584,-0.169112550203,decay
31.83,left,0.993102171864,0.824663711138,-0.168438460726,decay
31.84,left,0.992410239837,0.824628394321,-0.167781845516,decay
31.85,left,0.991745665046,0.824592380778,-0.167153284268,decay
31.86,left,0.991115048199,0.824555458302,-0.166559589897,decay
31.87,left,0.99052143524,0.824517440026,-0.166003995214,decay
31.88,left,0.989965221346,0.82447816887,-0.165487052476,decay
31.89,left,0.989445510865,0.824437517418,-0.165007993447,decay
31.9,left,0.9889614123,0.824395384753,-0.164566027548,decay
31.91,left,0.988513126948,0.824351692859,-0.164161434089,decay
31.92,left,0.988102482397,0.824306383674,-0.163796098723,decay
31.93,left,0.98773254596,0.824259416838,-0.163473129122,decay
31.94,left,0.987406748142,0.824210768139,-0.163195980003,decay
31.95,left,0.987128248094,0.824160428628,-0.162967819466,decay
31.96,left,0.986899586513,0.824108404389,-0.162791182124,decay
31.97,left,0.986722316888,0.824054716692,-0.162667600195,decay
31.98,left,0.986596855141,0.823999401597,-0.162597453544,decay
31.99,left,0.986522840674,0.823942508311,-0.162580332363,decay
32,left,0.986499591879,0.823884096808,-0.162615495071,decay
32.01,left,0.986526445028,0.823824235581,-0.162702209447,decay
32.02,left,0.986603249691,0.823762999882,-0.162840249809,decay
32.03,left,0.986730542727,0.823700470429,-0.163030072298,decay
32.04,left,0.986908720448,0.823636732555,-0.163271987893,decay
32.05,left,0.98713673104,0.823571875742,-0.163564855298,decay
32.06,left,0.987411125741,0.823505993536,-0.163905132205,decay
32.07,left,0.98772548224,0.823439183642,-0.164286298598,decay
32.08,left,0.988070156872,0.823371547686,-0.164698609186,decay
32.09,left,0.988432652054,0.823303190242,-0.165129461812,decay
32.1,left,0.988798374802,0.823234217369,-0.165564157433,decay
32.11,left,0.989151414043,0.823164735118,-0.165986678925,decay
32.12,left,0.989475796373,0.823094848178,-0.166380948195,decay
32.13,left,0.989757546914,0.823024658632,-0.166732888282,decay
32.14,left,0.989986549431,0.822954264767,-0.167032284665,decay
32.15,left,0.990157231468,0.822883759903,-0.167273471565,decay
32.16,left,0.990268482205,0.822813231202,-0.167455251004,decay
32.17,left,0.990323246904,0.822742758565,-0.167580488339,decay
32.18,left,0.990327566388,0.822672414137,-0.167655152252,decay
32.19,left,0.9902892711,0.822602262766,-0.167687008334,decay
32.2,left,0.990216680838,0.822532363121,-0.167684317717,decay
32.21,left,0.99011714689,0.822462768905,-0.167654377985,decay
32.22,left,0.989995707226,0.822393529945,-0.167602177281,decay
32.23,left,0.989854655752,0.822324693151,-0.167529962601,decay
32.24,left,0.989694024571,0.822256303334,-0.167437721237,decay
32.25,left,0.989512155243,0.822188403884,-0.167323751359,decay
32.26,left,0.989306100414,0.822121037331,-0.167185063083,decay
32.27,left,0.989072256961,0.822054245711,-0.16701801125,decay
32.28,left,0.988807149828,0.821988070661,-0.166819079167,decay
32.29,left,0.988508084019,0.821922553122,-0.166585530897,decay
32.3,left,0.988173943521,0.821857732714,-0.166316210807,decay
32.31,left,0.987806080039,0.821793646869,-0.16601243317,decay
32.32,left,0.98740855925,0.821730329754,-0.165678229496,decay
32.33,left,0.986987606184,0.821667810954,-0.16531979523,decay
32.34,left,0.986550796317,0.821606113894,-0.164944682423,decay
32.35,left,0.986106287935,0.821545253956,-0.164561033979,decay
32.36,left,0.985662250806,0.821485236269,-0.164177014537,decay
32.37,left,0.985226909685,0.821426053433,-0.163800856252,decay
32.38,left,0.984809137919,0.821367684098,-0.163441453821,decay
32.39,left,0.98441865059,0.821310093101,-0.163108557489,decay
32.4,left,0.984065157155,0.821253232625,-0.16281192453,decay
32.41,left,0.983756887336,0.821197043396,-0.16255984394,decay
32.42,left,0.98349901396,0.821141455563,-0.162357558397,decay
32.43,left,0.983292206349,0.821086389232,-0.162205817117,decay
32.44,left,0.98313195924,0.821031754696,-0.162100204544,decay
32.45,left,0.983009271026,0.820977452378,-0.162031818649,decay
32.46,left,0.982912288747,0.820923372507,-0.161988916241,decay
32.47,left,0.982828328285,0.820869394891,-0.161958933395,decay
32.48,left,0.982745959486,0.820815389853,-0.161930569633,decay
32.49,left,0.982656438712,0.820761221174,-0.161895217538,decay
32.5,left,0.982553831152,0.820706750503,-0.161847080649,decay
32.51,left,0.982434277725,0.820651842276,-0.161782435449,decay
32.52,left,0.98229524873,0.820596368782,-0.161698879948,decay
32.53,left,0.982134879056,0.820540215468,-0.161594663588,decay
32.54,left,0.981951339905,0.820483286592,-0.161468053314,decay
32.55,left,0.981742758762,0.820425511346,-0.161317247416,decay
32.56,left,0.981507743137,0.820366850563,-0.161140892574,decay
32.57,left,0.981245713942,0.820307303131,-0.160938410811,decay
32.58,left,0.980956885081,0.82024690906,-0.160709976021,decay
32.59,left,0.98064241024,0.820185746906,-0.160456663334,decay
32.6,left,0.980304473768,0.820123927289,-0.160180546479,decay
32.61,left,0.979945953539,0.820061585651,-0.159884367888,decay
32.62,left,0.97957014289,0.819998875451,-0.159571267439,decay
32.63,left,0.979180836456,0.819935961782,-0.159244874674,decay
32.64,left,0.97878230148,0.819873015265,-0.158909286215,decay
32.65,left,0.978378879651,0.819810206076,-0.158568673576,decay
32.66,left,0.977974571329,0.819747697977,-0.158226873352,decay
32.67,left,0.977572770551,0.819685642804,-0.157887127746,decay
32.68,left,0.977176096329,0.819624177117,-0.157551919212,decay
32.69,left,0.976786760462,0.819563422303,-0.157223338159,decay
32.7,left,0.976407765698,0.819503487051,-0.156904278648,decay
32.71,left,0.976044149768,0.819444470299,-0.156599679469,decay
32.72,left,0.975703526429,0.819386463891,-0.156317062538,decay
32.73,left,0.975396191409,0.819329554881,-0.156066636528,decay
32.74,left,0.975134898629,0.819273827522,-0.155861071107,decay
32.75,left,0.974933800541,0.819219364921,-0.15571443562,decay
32.76,left,0.974806617183,0.819166250386,-0.155640366798,decay
32.77,left,0.974764564945,0.81911456828,-0.155649996665,decay
32.78,left,0.974814276532,0.819064403838,-0.155749872694,decay
32.79,left,0.974956211795,0.819015841501,-0.155940370294,decay
32.8,left,0.975184384839,0.818968962048,-0.15621542279,decay
32.81,left,0.975487367794,0.818923839011,-0.156563528782,decay
32.82,left,0.9758497505,0.818880534531,-0.156969215969,decay
32.83,left,0.976253814352,0.818839094594,-0.157414719758,decay
32.84,left,0.976681605526,0.818799543555,-0.15788206197,decay
32.85,left,0.977116754569,0.818761877853,-0.158354876716,decay
32.86,left,0.977545089539,0.818726058803,-0.158819030736,decay
32.87,left,0.977954148052,0.818692005503,-0.159262142549,decay
32.88,left,0.978332217971,0.818659591254,-0.159672626717,decay
32.89,left,0.978667338436,0.81862864611,-0.160038692326,decay
32.9,left,0.978947001995,0.818598963618,-0.160348038377,decay
32.91,left,0.979159105527,0.818570308245,-0.160588797282,decay
32.92,left,0.979293520119,0.818542422158,-0.160751097961,decay
32.93,left,0.979343406245,0.818515031389,-0.160828374856,decay
32.94,left,0.97930623414,0.818487851555,-0.160818382585,decay
32.95,left,0.979184562413,0.81846059329,-0.160723969123,decay
32.96,left,0.978986221555,0.818432967543,-0.160553254012,decay
32.97,left,0.978723932799,0.818404690634,-0.160319242164,decay
32.98,left,0.978414819146,0.81837548839,-0.160039330757,decay
32.99,left,0.978079579352,0.818345098861,-0.159734480491,decay
33,left,0.977740582083,0.818313274227,-0.159427307856,decay
33.01,left,0.977419084481,0.818279782828,-0.159139301653,decay
33.02,left,0.977132476387,0.818244411786,-0.158888064601,decay
33.03,left,0.976892022605,0.818206970341,-0.158685052264,decay
33.04,left,0.97670157031,0.81816729401,-0.1585342763,decay
33.05,left,0.976557853335,0.818125249679,-0.158432603657,decay
33.06,left,0.97645217184,0.818080741755,-0.158371430085,decay
33.07,left,0.976372446384,0.818033718411,-0.158338727973,decay
33.08,left,0.976305040106,0.817984174637,-0.158320865468,decay
33.09,left,0.976236282184,0.817932149613,-0.158304132571,decay
33.1,left,0.976153536926,0.817877720296,-0.15827581663,decay
33.11,left,0.976045810605,0.817820994655,-0.15822481595,decay
33.12,left,0.975904422919,0.81776210587,-0.158142317049,decay
33.13,left,0.975723988856,0.817701207511,-0.158022781345,decay
33.14,left,0.975503193373,0.817638469583,-0.157864723789,decay
33.15,left,0.97524509777,0.817574075334,-0.157671022436,decay
33.16,left,0.974957180162,0.817508218735,-0.157448961428,decay
33.17,left,0.974650814074,0.817441102391,-0.157209711683,decay
33.18,left,0.97433982999,0.817372935316,-0.156966894674,decay
33.19,left,0.974038648414,0.817303930116,-0.156734718297,decay
33.2,left,0.973760564266,0.817234299774,-0.156526264493,decay
33.21,left,0.973516222329,0.817164254411,-0.156351967918,decay
33.22,left,0.973312509931,0.817093998163,-0.156218511768,decay
33.23,left,0.973152374906,0.817023726045,-0.156128648861,decay
33.24,left,0.973035437484,0.816953620746,-0.156081816738,decay
33.25,left,0.972958750004,0.816883849216,-0.156074900788,decay
33.26,left,0.972917589797,0.816814558974,-0.156103030822,decay
33.27,left,0.972906474506,0.816745874458,-0.156160600048,decay
33.28,left,0.97291999452,0.81667789468,-0.156242099841,decay
33.29,left,0.972953160076,0.816610693151,-0.156342466925,decay
33.3,left,0.973001762856,0.816544319252,-0.156457443604,decay
33.31,left,0.973062836542,0.816478799668,-0.156584036875,decay
33.32,left,0.97313457667,0.816414139294,-0.156720437376,decay
33.33,left,0.973215747463,0.816350321596,-0.156865425867,decay
33.34,left,0.973305130165,0.816287308407,-0.157017821758,decay
33.35,left,0.973401053779,0.816225039173,-0.157176014605,decay
33.36,left,0.973501036336,0.816163429645,-0.15733760669,decay
33.37,left,0.97360201741,0.816102370611,-0.157499646799,decay
33.38,left,0.973701179135,0.816041728536,-0.157659450599,decay
33.39,left,0.973796615846,0.81598134957,-0.157815266276,decay
33.4,left,0.973887546693,0.815921065918,-0.157966480774,decay
33.41,left,0.973974384955,0.815860702813,-0.158113682142,decay
33.42,left,0.974058552647,0.815800085409,-0.158258467239,decay
33.43,left,0.974141797929,0.815739045694,-0.158402752235,decay
33.44,left,0.97422555356,0.815677429585,-0.158548123975,decay
33.45,left,0.974310797675,0.815615104333,-0.158695693342,decay
33.46,left,0.974398153785,0.815551966423,-0.158846187362,decay
33.47,left,0.974488167905,0.815487949039,-0.159000218865,decay
33.48,left,0.974581774087,0.815423025913,-0.159158748174,decay
33.49,left,0.974680258332,0.815357209145,-0.159323049187,decay
33.5,left,0.974784276354,0.815290542867,-0.159493733487,decay
33.51,left,0.974892719331,0.815223096089,-0.159669623241,decay
33.52,left,0.975002388521,0.81515495603,-0.159847432491,decay
33.53,left,0.975108417575,0.815086221936,-0.160022195639,decay
33.54,left,0.975205203477,0.815016999263,-0.160188204214,decay
33.55,left,0.975288024045,0.814947394104,-0.160340629941,decay
33.56,left,0.975354713883,0.814877507751,-0.160477206133,decay
33.57,left,0.975406074226,0.814807431728,-0.160598642498,decay
33.58,left,0.97544481236,0.814737244599,-0.160707567761,decay
33.59,left,0.975473838854,0.814667011522,-0.160806827332,decay
33.6,left,0.975494564147,0.814596785732,-0.160897778415,decay
33.61,left,0.975505955651,0.814526610499,-0.160979345152,decay
33.62,left,0.975505164191,0.814456520971,-0.16104864322,decay
33.63,left,0.975489363686,0.814386545886,-0.1611028178,decay
33.64,left,0.975457551999,0.814316709152,-0.161140842847,decay
33.65,left,0.975411567358,0.814247031329,-0.161164536028,decay
33.66,left,0.97535616761,0.814177531019,-0.161178636591,decay
33.67,left,0.975297961803,0.81410822603,-0.161189735773,decay
33.68,left,0.975243408464,0.814039133847,-0.161204274616,decay
33.69,left,0.97519696011,0.813970271035,-0.161226689075,decay
33.7,left,0.975160125981,0.813901651853,-0.161258474128,decay
33.71,left,0.975131127229,0.813833286548,-0.161297840681,decay
33.72,left,0.975104842906,0.813765179504,-0.161339663403,decay
33.73,left,0.975073349247,0.813697327239,-0.161376022008,decay
33.74,left,0.975027054938,0.813629716208,-0.161397338729,decay
33.75,left,0.974956128342,0.81356232039,-0.161393807952,decay
33.76,left,0.97485213594,0.813495098607,-0.161357037334,decay
33.77,left,0.974709582246,0.81342799214,-0.161281590105,decay
33.78,left,0.974526828269,0.813360924405,-0.161165903865,decay
33.79,left,0.974306453688,0.813293804044,-0.161012649643,decay
33.8,left,0.974055442119,0.813226530496,-0.160828911623,decay
33.81,left,0.973785008661,0.813159000252,-0.16062600841,decay
33.82,left,0.973509720124,0.813091113187,-0.160418606937,decay
33.83,left,0.973246264506,0.813022778998,-0.160223485508,decay
33.84,left,0.973012360806,0.812953923886,-0.16005843692,decay
33.85,left,0.972825491942,0.81288449762,-0.159940994321,decay
33.86,left,0.972701189868,0.812814481094,-0.159886708774,decay
33.87,left,0.972651468236,0.812743893378,-0.159907574858,decay
33.88,left,0.972683838812,0.812672794806,-0.160011044006,decay
33.89,left,0.972800907194,0.812601283476,-0.160199623718,decay
33.9,left,0.973000849453,0.812529487121,-0.160471362333,decay
33.91,left,0.973278713174,0.812457553894,-0.16082115928,decay
33.92,left,0.973627655333,0.812385643429,-0.161242011904,decay
33.93,left,0.974039623689,0.812313918106,-0.161725705583,decay
33.94,left,0.97450575469,0.812242534359,-0.162263220331,decay
33.95,left,0.975016517381,0.812171633844,-0.162844883537,decay
33.96,left,0.975561396484,0.812101334287,-0.163460062197,decay
33.97,left,0.976128534638,0.812031720884,-0.164096813754,decay
33.98,left,0.976704971704,0.81196284136,-0.164742130344,decay
33.99,left,0.977277396333,0.811894707036,-0.165382689297,decay
34,left,0.977833107973,0.811827298047,-0.166005809926,decay
34.01,left,0.978361334626,0.8117605694,-0.166600765226,decay
34.02,left,0.978854810591,0.811694456568,-0.167160354023,decay
34.03,left,0.979310895243,0.811628880605,-0.167682014639,decay
34.04,left,0.979731780476,0.811563752877,-0.168168027599,decay
34.05,left,0.980123903384,0.811498979513,-0.168624923871,decay
34.06,left,0.980496645981,0.81143446565,-0.169062180332,decay
34.07,left,0.980860525155,0.811370119509,-0.169490405646,decay
34.08,left,0.981225468792,0.811305856182,-0.16991961261,decay
34.09,left,0.981599408802,0.811241601031,-0.170357807771,decay
34.1,left,0.98198674382,0.811177292926,-0.170809450895,decay
34.11,left,0.982386729815,0.811112887583,-0.171273842233,decay
34.12,left,0.98279287084,0.811048361183,-0.171744509657,decay
34.13,left,0.983193913196,0.810983714334,-0.172210198861,decay
34.14,left,0.983575981442,0.810918976446,-0.172657004997,decay
34.15,left,0.983925484256,0.810854210593,-0.173071273663,decay
34.16,left,0.984232269005,0.810789518935,-0.173442750069,decay
34.17,left,0.984491535828,0.810725047688,-0.17376648814,decay
34.18,left,0.984703543875,0.810660988406,-0.17404255547,decay
34.19,left,0.984871740139,0.810597573068,-0.174274167071,decay
34.2,left,0.985000182783,0.810535064738,-0.174465118045,decay
34.21,left,0.985090851318,0.810473747007,-0.174617104312,decay
34.22,left,0.985141920016,0.810413913424,-0.174728006591,decay
34.23,left,0.985147924611,0.810355856781,-0.17479206783,decay
34.24,left,0.985101402863,0.810299858003,-0.17480154486,decay
34.25,left,0.984994958637,0.810246174419,-0.174748784218,decay
34.26,left,0.984823389544,0.810195027133,-0.174628362411,decay
34.27,left,0.984585575518,0.810146588945,-0.174438986573,decay
34.28,left,0.984285279036,0.810100977887,-0.174184301149,decay
34.29,left,0.983930686792,0.810058260191,-0.173872426601,decay
34.3,left,0.983533346676,0.810018459689,-0.173514886987,decay
34.31,left,0.983106600943,0.809981568273,-0.17312503267,decay
34.32,left,0.982663382338,0.809947555317,-0.172715827021,decay
34.33,left,0.982214130886,0.809916375998,-0.172297754887,decay
34.34,left,0.981765738985,0.809887978684,-0.171877760301,decay
34.35,left,0.981321688656,0.809862311487,-0.171459377169,decay
34.36,left,0.980883268672,0.809839328121,-0.17104394055,decay
34.37,left,0.980451516654,0.809818992661,-0.170632523993,decay
34.38,left,0.98002877546,0.809801281727,-0.170227493733,decay
34.39,left,0.979618866969,0.809786182987,-0.169832683981,decay
34.4,left,0.979226251614,0.809773690831,-0.169452560783,decay
34.41,left,0.978855103224,0.809763800779,-0.169091302445,decay
34.42,left,0.978508501727,0.809756503188,-0.168751998539,decay
34.43,left,0.978187842693,0.809751776229,-0.168436066464,decay
34.44,left,0.977893016997,0.809749578016,-0.168143438981,decay
34.45,left,0.977623264508,0.809749837771,-0.167873426737,decay
34.46,left,0.977377820854,0.809752445898,-0.167625374956,decay
34.47,left,0.977156015525,0.809757244145,-0.16739877138,decay
34.48,left,0.97695696388,0.809764019798,-0.167192944082,decay
34.49,left,0.976778792052,0.809772506949,-0.167006285103,decay
34.5,left,0.976617727851,0.809782392554,-0.166835335298,decay
34.51,left,0.97646796638,0.80979332321,-0.166674643171,decay
34.52,left,0.976322605029,0.809804911102,-0.166517693927,decay
34.53,left,0.976174938623,0.809816739137,-0.166358199486,decay
34.54,left,0.976019622751,0.809828365449,-0.166191257302,decay
34.55,left,0.975853802808,0.80983932746,-0.166014475348,decay
34.56,left,0.97567787573,0.809849145656,-0.165828730073,decay
34.57,left,0.975495347831,0.809857327336,-0.165638020495,decay
34.58,left,0.975312046982,0.80986337068,-0.165448676302,decay
34.59,left,0.975135035001,0.809866769494,-0.165268265507,decay
34.6,left,0.974970962188,0.809867018699,-0.165103943488,decay
34.61,left,0.974824110947,0.809863620604,-0.164960490343,decay
34.62,left,0.974695180567,0.809856092082,-0.164839088485,decay
34.63,left,0.974581299985,0.809843972904,-0.164737327081,decay
34.64,left,0.974476831936,0.809826835469,-0.164649996466,decay
34.65,left,0.974374566329,0.809804296206,-0.164570270123,decay
34.66,left,0.974267132962,0.809776028929,-0.164491104033,decay
34.67,left,0.974148199866,0.809741778408,-0.164406421458,decay
34.68,left,0.974013175194,0.809701368057,-0.164311807138,decay
34.69,left,0.973859742268,0.809654697131,-0.164205045138,decay
34.7,left,0.973688258448,0.80960173109,-0.164086527358,decay
34.71,left,0.973501475429,0.80954249161,-0.163958983819,decay
34.72,left,0.973303646833,0.809477048841,-0.163826597992,decay
34.73,left,0.973099557707,0.809405516005,-0.163694041702,decay
34.74,left,0.972893438409,0.809328046238,-0.16356539217,decay
34.75,left,0.972687822011,0.80924483159,-0.163442990421,decay
34.76,left,0.972483023408,0.809156104136,-0.163326919272,decay
34.77,left,0.972277343924,0.809062138145,-0.163215205779,decay
34.78,left,0.972067384824,0.808963250124,-0.163104134699,decay
34.79,left,0.971848390579,0.80885979429,-0.162988596289,decay
34.8,left,0.971615008469,0.808752155128,-0.162862853341,decay
34.81,left,0.971362301623,0.808640740111,-0.162721561511,decay
34.82,left,0.971086751105,0.808525973719,-0.162560777386,decay
34.83,left,0.970787665555,0.808408292674,-0.16237937288,decay
34.84,left,0.970468929895,0.808288142221,-0.162180787674,decay
34.85,left,0.970139895467,0.808165973264,-0.161973922202,decay
34.86,left,0.969814847078,0.808042240224,-0.161772606854,decay
34.87,left,0.969511620818,0.80791739926,-0.161594221557,decay
34.88,left,0.969249607786,0.807791906139,-0.161457701646,decay
34.89,left,0.96904726978,0.807666213137,-0.161381056643,decay
34.9,left,0.968920066606,0.807540765166,-0.161379301439,decay
34.91,left,0.968879307018,0.807415995558,-0.16146331146,decay
34.92,left,0.968931471685,0.807292321584,-0.161639150101,decay
34.93,left,0.969077896027,0.807170139548,-0.16190775648,decay
34.94,left,0.969315172549,0.807049819274,-0.162265353274,decay
34.95,left,0.969636003989,0.806931697805,-0.162704306184,decay
34.96,left,0.970029873661,0.806816072107,-0.163213801554,decay
34.97,left,0.970483573578,0.806703191843,-0.163780381735,decay
34.98,left,0.970981868937,0.806593255883,-0.164388613054,decay
34.99,left,0.971507897267,0.806486415354,-0.165021481913,decay
35,left,0.972043065862,0.806382781004,-0.165660284858,decay
35.01,left,0.972567168471,0.80628243095,-0.166284737522,decay
35.02,left,0.973059164471,0.806185417239,-0.166873747231,decay
35.03,left,0.973498292725,0.806091771183,-0.167406521543,decay
35.04,left,0.973865479678,0.80600150751,-0.167863972168,decay
35.05,left,0.97414501976,0.805914627423,-0.168230392337,decay
35.06,left,0.974325848109,0.805831120583,-0.168494727527,decay
35.07,left,0.974401964787,0.805750966239,-0.168650998548,decay
35.08,left,0.974372266487,0.805674134067,-0.16869813242,decay
35.09,left,0.974239918378,0.805600585145,-0.168639333232,decay
35.1,left,0.974011263512,0.805530272783,-0.168480990728,decay
35.11,left,0.973694934959,0.805463142651,-0.168231792308,decay
35.12,left,0.973301922719,0.805399131994,-0.167902790725,decay
35.13,left,0.972846087236,0.805338167917,-0.167507919318,decay
35.14,left,0.972344117697,0.80528016472,-0.167063952976,decay
35.15,left,0.971814902823,0.805225020268,-0.166589882555,decay
35.16,left,0.971278497212,0.80517261135,-0.166105885862,decay
35.17,left,0.970754443854,0.805122788952,-0.165631654901,decay
35.18,left,0.970259857984,0.805075376338,-0.165184481646,decay
35.19,left,0.969808209026,0.805030172194,-0.164778036832,decay
35.2,left,0.969408974326,0.804986957222,-0.164422017104,decay
35.21,left,0.969067831859,0.804945501279,-0.16412233058,decay
35.22,left,0.968787434786,0.804905569935,-0.163881864851,decay
35.23,left,0.96856864489,0.804866930538,-0.163701714352,decay
35.24,left,0.968411426648,0.804829357913,-0.163582068735,decay
35.25,left,0.968315021467,0.804792639855,-0.163522381612,decay
35.26,left,0.96827801755,0.80475658256,-0.16352143499,decay
35.27,left,0.968298584299,0.804721015498,-0.163577568801,decay
35.28,left,0.968374424599,0.804685793869,-0.16368863073,decay
35.29,left,0.968502648892,0.804650797262,-0.16385185163,decay
35.3,left,0.968680189445,0.804615925634,-0.164064263811,decay
35.31,left,0.968904409889,0.804581094652,-0.164323315237,decay
35.32,left,0.969173258418,0.804546231165,-0.164627027253,decay
35.33,left,0.969485101532,0.804511268854,-0.164973832678,decay
35.34,left,0.969838447499,0.804476143992,-0.165362303507,decay
35.35,left,0.970231400652,0.804440791272,-0.16579060938,decay
35.36,left,0.970661007312,0.804405139652,-0.16625586766,decay
35.37,left,0.971122863808,0.804369108688,-0.16675375512,decay
35.38,left,0.971610875527,0.804332606982,-0.167278268545,decay
35.39,left,0.972117072741,0.80429553395,-0.16782153879,decay
35.4,left,0.972632024117,0.80425778404,-0.168374240077,decay
35.41,left,0.973145933955,0.804219251773,-0.168926682182,decay
35.42,left,0.973649435639,0.804179837021,-0.169469598619,decay
35.43,left,0.974133511806,0.80413945056,-0.169994061246,decay
35.44,left,0.974589014128,0.804098020026,-0.170490994102,decay
35.45,left,0.975006214107,0.804055496369,-0.170950717739,decay
35.46,left,0.975374753337,0.804011860948,-0.171362892389,decay
35.47,left,0.975684502013,0.803967132247,-0.171717369766,decay
35.48,left,0.975926933324,0.803921368807,-0.172005564517,decay
35.49,left,0.976096037872,0.803874665781,-0.172221372091,decay
35.5,left,0.976188703152,0.803827147055,-0.172361556097,decay
35.51,left,0.976205072648,0.80377895642,-0.172426116228,decay
35.52,left,0.976148750143,0.803730249139,-0.172418501004,decay
35.53,left,0.976026345342,0.803681183866,-0.172345161476,decay
35.54,left,0.975846613342,0.803631914747,-0.172214698595,decay
35.55,left,0.975619785399,0.80358258354,-0.172037201859,decay
35.56,left,0.975357064188,0.80353331159,-0.171823752599,decay
35.57,left,0.975070329339,0.803484192335,-0.171586137003,decay
35.58,left,0.974772489506,0.803435286789,-0.171337202717,decay
35.59,left,0.974478039802,0.803386623849,-0.171091415953,decay
35.6,left,0.97420275967,0.803338203946,-0.170864555724,decay
35.61,left,0.973962556831,0.803290003387,-0.170672553444,decay
35.62,left,0.973772280269,0.803241978351,-0.170530301918,decay
35.63,left,0.973644810524,0.80319406851,-0.170450742014,decay
35.64,left,0.973590374021,0.803146200348,-0.170444173673,decay
35.65,left,0.973616243411,0.803098290241,-0.17051795317,decay
35.66,left,0.973726830751,0.803050247368,-0.170676583383,decay
35.67,left,0.973923856214,0.803001976367,-0.170921879848,decay
35.68,left,0.974206615011,0.802953379338,-0.171253235673,decay
35.69,left,0.974572536452,0.802904356888,-0.171668179564,decay
35.7,left,0.975017445521,0.802854808534,-0.172162636987,decay
35.71,left,0.975534918979,0.802804632977,-0.172730286002,decay
35.72,left,0.976115445298,0.802753728481,-0.173361716817,decay
35.73,left,0.976746348656,0.802701993403,-0.174044355254,decay
35.74,left,0.977412407816,0.8026493269,-0.174763080916,decay
35.75,left,0.978096886991,0.802595629874,-0.175501257117,decay
35.76,left,0.978782752307,0.802540806159,-0.176241946148,decay
35.77,left,0.979453273261,0.802484764004,-0.176968509256,decay
35.78,left,0.980091614427,0.802427417773,-0.177664196653,decay
35.79,left,0.980680316705,0.802368689872,-0.178311626832,decay
35.8,left,0.98120158674,0.802308512989,-0.178893073751,decay
35.81,left,0.981638255601,0.802246832806,-0.179391422794,decay
35.82,left,0.981975074156,0.802183611276,-0.17979146288,decay
35.83,left,0.982200454412,0.802118830531,-0.180081623881,decay
35.84,left,0.982308223292,0.802052497503,-0.180255725789,decay
35.85,left,0.982298341876,0.801984649326,-0.180313692551,decay
35.86,left,0.982176419882,0.801915359599,-0.180261060283,decay
35.87,left,0.981952700889,0.801844744375,-0.180107956514,decay
35.88,left,0.98164081079,0.80177296407,-0.17986784672,decay
35.89,left,0.981256331654,0.801700218412,-0.179556113241,decay
35.9,left,0.980815386371,0.80162673651,-0.17918864986,decay
35.91,left,0.980333172626,0.80155276583,-0.178780406796,decay
35.92,left,0.97982258101,0.801478561516,-0.178344019494,decay
35.93,left,0.979293716779,0.801404375949,-0.17788934083,decay
35.94,left,0.978754793399,0.801330448323,-0.177424345075,decay
35.95,left,0.978213599499,0.801256994013,-0.176956605486,decay
35.96,left,0.977678546129,0.801184193492,-0.176494352637,decay
35.97,left,0.977159224353,0.801112181974,-0.176047042379,decay
35.98,left,0.976666465796,0.801041043872,-0.175625421923,decay
35.99,left,0.976211404621,0.800970815185,-0.175240589435,decay
36,left,0.975803706543,0.800901491373,-0.174902215169,decay
36.01,left,0.97544993422,0.800833036362,-0.174616897857,decay
36.02,left,0.975152661719,0.800765390982,-0.174387270737,decay
36.03,left,0.974910702744,0.800698480819,-0.174212221925,decay
36.04,left,0.974720878151,0.800632223625,-0.174088654526,decay
36.05,left,0.974580801572,0.800566536417,-0.174014265155,decay
36.06,left,0.974491171442,0.800501342404,-0.173989829038,decay
36.07,left,0.974456521534,0.800436577424,-0.17401994411,decay
36.08,left,0.974484343116,0.800372194647,-0.17411214847,decay
36.09,left,0.974582845418,0.800308166603,-0.174274678815,decay
36.1,left,0.97475790882,0.800244485367,-0.174513423452,decay
36.11,left,0.975010413137,0.800181162325,-0.174829250812,decay
36.12,left,0.975335066502,0.800118228104,-0.175216838398,decay
36.13,left,0.975720800662,0.800055732722,-0.17566506794,decay
36.14,left,0.976152296547,0.799993745942,-0.176158550605,decay
36.15,left,0.976612314852,0.799932357828,-0.176679957025,decay
36.16,left,0.97708395663,0.799871679493,-0.177212277137,decay
36.17,left,0.977551823394,0.799811843634,-0.17773997976,decay
36.18,left,0.978002183797,0.799753003606,-0.178249180191,decay
36.19,left,0.978422914014,0.799695330071,-0.178727583942,decay
36.2,left,0.978803411529,0.799639005827,-0.179164405702,decay
36.21,left,0.97913435726,0.799584219962,-0.179550137298,decay
36.22,left,0.979407571441,0.79953116173,-0.179876409711,decay
36.23,left,0.979616132343,0.799480014039,-0.180136118304,decay
36.24,left,0.979754494156,0.799430946402,-0.180323547755,decay
36.25,left,0.979818755538,0.799384107199,-0.180434648339,decay
36.26,left,0.979807549243,0.799339615082,-0.180467934161,decay
36.27,left,0.979723039698,0.799297550432,-0.180425489265,decay
36.28,left,0.979571065591,0.799257950072,-0.180313115519,decay
36.29,left,0.979360527805,0.799220807653,-0.180139720151,decay
36.3,left,0.97910255387,0.799186077801,-0.179916476069,decay
36.31,left,0.978809395333,0.799153680578,-0.179655714755,decay
36.32,left,0.9784932069,0.799123504932,-0.179369701968,decay
36.33,left,0.978165199129,0.799095411045,-0.179069788084,decay
36.34,left,0.977835077832,0.799069231691,-0.178765846141,decay
36.35,left,0.9775105261,0.799044772622,-0.178465753478,decay
36.36,left,0.977197084582,0.799021812052,-0.178175272529,decay
36.37,left,0.976898552955,0.799000100016,-0.177898452939,decay
36.38,left,0.976617206199,0.798979359934,-0.177637846265,decay
36.39,left,0.976353532343,0.798959294217,-0.177394238126,decay
36.4,left,0.976106233492,0.798939592734,-0.177166640758,decay
36.41,left,0.975872814018,0.798919941982,-0.176952872036,decay
36.42,left,0.975650216174,0.798900034196,-0.176750181978,decay
36.43,left,0.975435386996,0.798879576531,-0.176555810464,decay
36.44,left,0.975225884826,0.798858300555,-0.176367584271,decay
36.45,left,0.975020070939,0.798835972248,-0.176184098691,decay
36.46,left,0.974816847681,0.79881240277,-0.176004444912,decay
36.47,left,0.974615622518,0.798787458625,-0.175828163893,decay
36.48,left,0.974416631561,0.798761066604,-0.175655564957,decay
36.49,left,0.974221134787,0.798733209944,-0.175487924843,decay
36.5,left,0.974031359213,0.798703918457,-0.175327440757,decay
36.51,left,0.973850308559,0.798673257503,-0.175177051056,decay
36.52,left,0.973681245641,0.798641317714,-0.175039927927,decay
36.53,left,0.973526937223,0.798608205456,-0.174918731767,decay
36.54,left,0.973389416217,0.798574033861,-0.174815382356,decay
36.55,left,0.973270496281,0.798538914269,-0.174731582012,decay
36.56,left,0.973172236474,0.7985029479,-0.174669288574,decay
36.57,left,0.973097038862,0.798466218322,-0.17463082054,decay
36.58,left,0.973047929463,0.798428786818,-0.174619142645,decay
36.59,left,0.973028857303,0.798390692211,-0.174638165091,decay
36.6,left,0.973044416907,0.798351953873,-0.174692463033,decay
36.61,left,0.973099376218,0.798312575625,-0.174786800593,decay
36.62,left,0.973198445035,0.798272549639,-0.174925895397,decay
36.63,left,0.973345905826,0.798231860316,-0.17511404551,decay
36.64,left,0.973545078836,0.798190488204,-0.175354590632,decay
36.65,left,0.973798147165,0.798148414023,-0.175649733142,decay
36.66,left,0.974106359402,0.79810562286,-0.176000736541,decay
36.67,left,0.974470281416,0.798062108235,-0.176408173181,decay
36.68,left,0.974890136204,0.798017874895,-0.176872261309,decay
36.69,left,0.975366145419,0.797972939502,-0.177393205917,decay
36.7,left,0.975898187742,0.797927329893,-0.177970857849,decay
36.71,left,0.976484557364,0.797881084147,-0.178603473217,decay
36.72,left,0.977120669294,0.797834249935,-0.17928641936,decay
36.73,left,0.977798339426,0.79778688418,-0.180011455246,decay
36.74,left,0.978505579911,0.797739053019,-0.180766526892,decay
36.75,left,0.979227105808,0.797690832034,-0.181536273774,decay
36.76,left,0.979945648593,0.797642306755,-0.182303341838,decay
36.77,left,0.980643319282,0.79759357317,-0.183049746111,decay
36.78,left,0.9813024625,0.797544737444,-0.183757725056,decay
36.79,left,0.981906449037,0.797495914247,-0.184410534791,decay
36.8,left,0.982440797155,0.797447224074,-0.184993573081,decay
36.81,left,0.982894271171,0.797398790298,-0.185495480873,decay
36.82,left,0.983259753009,0.7973507362,-0.185909016809,decay
36.83,left,0.983535037005,0.797303181936,-0.186231855069,decay
36.84,left,0.983723104598,0.797256241362,-0.186466863236,decay
36.85,left,0.983831278048,0.797210018631,-0.186621259417,decay
36.86,left,0.983869696896,0.797164604481,-0.186705092415,decay
36.87,left,0.983849908264,0.797120072534,-0.186729835729,decay
36.88,left,0.983783701149,0.797076476759,-0.18670722439,decay
36.89,left,0.983682339484,0.79703385097,-0.186648488514,decay
36.9,left,0.983556516982,0.79699220964,-0.186564307342,decay
36.91,left,0.983416600584,0.796951548736,-0.186465051848,decay
36.92,left,0.983272452337,0.796911846059,-0.186360606278,decay
36.93,left,0.983132901767,0.796873061056,-0.186259840711,decay
36.94,left,0.983005111471,0.796835134094,-0.186169977377,decay
36.95,left,0.982893485663,0.796797985207,-0.186095500456,decay
36.96,left,0.982798222361,0.796761512308,-0.186036710052,decay
36.97,left,0.982714598069,0.796725589288,-0.185989008781,decay
36.98,left,0.982633459564,0.79669006537,-0.185943394193,decay
36.99,left,0.982542290826,0.796654766762,-0.185887524064,decay
37,left,0.982426571422,0.796619499882,-0.18580707154,decay
37.01,left,0.982271500199,0.796584054856,-0.185687445343,decay
37.02,left,0.982063572821,0.79654820879,-0.185515364031,decay
37.03,left,0.981791710769,0.796511728893,-0.185279981876,decay
37.04,left,0.981448385531,0.796474375534,-0.184974009996,decay
37.05,left,0.981030638817,0.79643590536,-0.184594733456,decay
37.06,left,0.980540256124,0.796396074566,-0.184144181558,decay
37.07,left,0.979983083065,0.796354642217,-0.183628440847,decay
37.08,left,0.979368008474,0.796311373026,-0.183056635449,decay
37.09,left,0.978705554539,0.796266039141,-0.182439515398,decay
37.1,left,0.978005964962,0.796218421468,-0.181787543494,decay
37.11,left,0.977277666869,0.796168311309,-0.18110935556,decay
37.12,left,0.976527058618,0.79611551272,-0.180411545899,decay
37.13,left,0.975759343331,0.796059845692,-0.179699497639,decay
37.14,left,0.974979588652,0.796001150269,-0.178978438383,decay
37.15,left,0.97419357739,0.795939291693,-0.178254285697,decay
37.16,left,0.973408003405,0.795874166717,-0.177533836688,decay
37.17,left,0.97262978195,0.795805710218,-0.176824071732,decay
37.18,left,0.971865166202,0.795733899154,-0.176131267048,decay
37.19,left,0.971119393786,0.795658751642,-0.175460642144,decay
37.2,left,0.970396743496,0.795580322901,-0.174816420596,decay
37.21,left,0.969700804532,0.795498701186,-0.174202103346,decay
37.22,left,0.969035088261,0.795414004964,-0.173621083298,decay
37.23,left,0.968403793985,0.79532638136,-0.173077412625,decay
37.24,left,0.96781228921,0.795236005841,-0.172576283369,decay
37.25,left,0.967267367267,0.795143083075,-0.172124284191,decay
37.26,left,0.966777439908,0.795047848946,-0.171729590962,decay
37.27,left,0.966352215524,0.794950572793,-0.171401642731,decay
37.28,left,0.966001750084,0.794851557021,-0.171150193063,decay
37.29,left,0.965735607023,0.794751131892,-0.17098447513,decay
37.3,left,0.965562420139,0.794649646946,-0.170912773193,decay
37.31,left,0.965489399501,0.794547461769,-0.170941937732,decay
37.32,left,0.965521721067,0.794444937087,-0.171076783981,decay
37.33,left,0.965662154813,0.794342426052,-0.171319728761,decay
37.34,left,0.965910910128,0.794240265496,-0.171670644632,decay
37.35,left,0.96626554743,0.794138766921,-0.172126780509,decay
37.36,left,0.96672103203,0.794038207004,-0.172682825027,decay
37.37,left,0.967269811978,0.793938818622,-0.173330993356,decay
37.38,left,0.967901647724,0.793840786034,-0.17406086169,decay
37.39,left,0.968603537891,0.793744246966,-0.174859290925,decay
37.4,left,0.969360327143,0.793649299392,-0.175711027751,decay
37.41,left,0.970155593455,0.793556009107,-0.176599584348,decay
37.42,left,0.970972093108,0.793464416515,-0.177507676592,decay
37.43,left,0.971792126708,0.793374542613,-0.178417584095,decay
37.44,left,0.972598322285,0.793286394231,-0.179311928054,decay
37.45,left,0.97337439448,0.793199968626,-0.180174425854,decay
37.46,left,0.974105713094,0.793115257481,-0.180990455612,decay
37.47,left,0.974779905288,0.793032250209,-0.18174765508,decay
37.48,left,0.975386877864,0.792950936027,-0.182435941837,decay
37.49,left,0.975917924979,0.792871304432,-0.183046620547,decay
37.5,left,0.976364980326,0.792793344389,-0.183571635936,decay
37.51,left,0.976720835175,0.792717042832,-0.184003792343,decay
37.52,left,0.976979834794,0.792642382686,-0.184337452108,decay
37.53,left,0.977138502601,0.792569340412,-0.184569162189,decay
37.54,left,0.977196194853,0.792497883035,-0.184698311818,decay
37.55,left,0.977155592867,0.792427964619,-0.184727628247,decay
37.56,left,0.977022554711,0.792359522133,-0.184663032578,decay
37.57,left,0.976805605077,0.792292471414,-0.184513133663,decay
37.58,left,0.976515497519,0.7922267055,-0.184288792019,decay
37.59,left,0.976164516019,0.792162097074,-0.184002418945,decay
37.6,left,0.975765410634,0.792098503763,-0.183666906871,decay
37.61,left,0.975330665679,0.792035773982,-0.183294891697,decay
37.62,left,0.974872437873,0.791973752463,-0.18289868541,decay
37.63,left,0.974402751813,0.791912285514,-0.182490466298,decay
37.64,left,0.973933586606,0.791851226116,-0.18208236049,decay
37.65,left,0.973476661816,0.79179043899,-0.181686222826,decay
37.66,left,0.973042564202,0.79172980575,-0.181312758452,decay
37.67,left,0.972639191501,0.791669229619,-0.180969961882,decay
37.68,left,0.972270380456,0.791608637881,-0.180661742575,decay
37.69,left,0.971935512465,0.79154798066,-0.180387531805,decay
37.7,left,0.971630005124,0.79148722714,-0.180142777984,decay
37.71,left,0.971346613084,0.791426361197,-0.179920251887,decay
37.72,left,0.971077623246,0.79136537722,-0.179712246026,decay
37.73,left,0.970817206058,0.791304276124,-0.179512929935,decay
37.74,left,0.970562933657,0.791243061495,-0.179319872162,decay
37.75,left,0.970316419846,0.791181735811,-0.179134684035,decay
37.76,left,0.970083437712,0.791120296664,-0.178963141047,decay
37.77,left,0.969873474065,0.791058733379,-0.178814740687,decay
37.78,left,0.969698768581,0.79099702528,-0.178701743301,decay
37.79,left,0.969573165172,0.790935142622,-0.17863802255,decay
37.8,left,0.969510726264,0.790873049406,-0.178637676858,decay
37.81,left,0.96952387332,0.790810706775,-0.178713166545,decay
37.82,left,0.969621563068,0.790748076455,-0.178873486613,decay
37.83,left,0.969808312672,0.790685124276,-0.179123188396,decay
37.84,left,0.970084084395,0.790621823822,-0.179462260573,decay
37.85,left,0.970444808473,0.790558160297,-0.179886648176,decay
37.86,left,0.970883728525,0.790494134646,-0.180389593879,decay
37.87,left,0.971393211414,0.79042976757,-0.180963443844,decay
37.88,left,0.971965974277,0.790365102061,-0.181600872216,decay
37.89,left,0.972595285147,0.79030020343,-0.182295081718,decay
37.9,left,0.973274466141,0.790235157624,-0.183039308517,decay
37.91,left,0.973995981823,0.790170069275,-0.183825912548,decay
37.92,left,0.974750557853,0.790105060022,-0.184645497831,decay
37.93,left,0.975527092586,0.790040267117,-0.185486825469,decay
37.94,left,0.976313454165,0.789975842256,-0.186337611909,decay
37.95,left,0.977097488238,0.78991195058,-0.187185537658,decay
37.96,left,0.977868001733,0.789848769801,-0.188019231932,decay
37.97,left,0.978615903225,0.789786489146,-0.188829414079,decay
37.98,left,0.979334922064,0.789725307297,-0.189609614767,decay
37.99,left,0.980021138154,0.789665428692,-0.190355709461,decay
38,left,0.98067173908,0.789607058493,-0.191064680587,decay
38.01,left,0.981283810027,0.789550396886,-0.191733413141,decay
38.02,left,0.981853342316,0.789495632908,-0.192357709408,decay
38.03,left,0.982374762598,0.789442937648,-0.19293182495,decay
38.04,left,0.982841328439,0.789392456707,-0.193448871732,decay
38.05,left,0.983245926061,0.78934430172,-0.193901624341,decay
38.06,left,0.983581763339,0.789298540797,-0.194283222542,decay
38.07,left,0.983843189112,0.789255189179,-0.194587999933,decay
38.08,left,0.984026716831,0.789214204625,-0.194812512206,decay
38.09,left,0.984131636224,0.789175490926,-0.194956145299,decay
38.1,left,0.984159878443,0.789138906969,-0.195020971474,decay
38.11,left,0.984115562321,0.789104276684,-0.195011285638,decay
38.12,left,0.984004390203,0.789071398063,-0.19493299214,decay
38.13,left,0.983832657373,0.789040051291,-0.194792606082,decay
38.14,left,0.983606245434,0.789010006144,-0.19459623929,decay
38.15,left,0.983330117367,0.788981028842,-0.194349088525,decay
38.16,left,0.983008100651,0.788952888518,-0.194055212133,decay
38.17,left,0.982642841038,0.788925362817,-0.193717478221,decay
38.18,left,0.982236369027,0.788898240755,-0.193338128272,decay
38.19,left,0.98179120275,0.78887132142,-0.192919881329,decay
38.2,left,0.981311208365,0.788844409717,-0.192466798648,decay
38.21,left,0.980801829395,0.788817311205,-0.19198451819,decay
38.22,left,0.98026984968,0.788789826881,-0.191480022799,decay
38.23,left,0.97972274116,0.788761747932,-0.190960993228,decay
38.24,left,0.979167774662,0.788732850433,-0.190434924229,decay
38.25,left,0.978611567968,0.788702889954,-0.189908678013,decay
38.26,left,0.978060238289,0.788671596053,-0.189388642236,decay
38.27,left,0.977519357016,0.788638667717,-0.1888806893,decay
38.28,left,0.976993387527,0.788603773162,-0.188389614365,decay
38.29,left,0.976485208557,0.788566556621,-0.187918651937,decay
38.3,left,0.975995876444,0.788526650355,-0.187469226089,decay
38.31,left,0.975524347107,0.78848368865,-0.187040658457,decay
38.32,left,0.975067448928,0.788437322634,-0.186630126294,decay
38.33,left,0.974620338762,0.788387236138,-0.186233102624,decay
38.34,left,0.974177139194,0.788333162929,-0.185843976265,decay
38.35,left,0.973731775342,0.788274905657,-0.185456869684,decay
38.36,left,0.973279032939,0.788212356907,-0.185066676032,decay
38.37,left,0.972815053021,0.788145519536,-0.184669533485,decay
38.38,left,0.972336666648,0.788074516794,-0.184262149854,decay
38.39,left,0.971840313721,0.787999584985,-0.183840728736,decay
38.4,left,0.971321698758,0.787921054138,-0.18340064462,decay
38.41,left,0.970776242473,0.787839326581,-0.182936915892,decay
38.42,left,0.97019992888,0.78775485719,-0.18244507169,decay
38.43,left,0.969590639903,0.787668135285,-0.181922504618,decay
38.44,left,0.968949555858,0.787579667752,-0.181369888107,decay
38.45,left,0.968281623205,0.787489963008,-0.180791660197,decay
38.46,left,0.967594998062,0.787399515436,-0.180195482625,decay
38.47,left,0.966900068179,0.787308790927,-0.179591277252,decay
38.48,left,0.966208282399,0.787218216358,-0.178990066041,decay
38.49,left,0.965531083447,0.787128175122,-0.178402908325,decay
38.5,left,0.964879558209,0.787039006688,-0.177840551522,decay
38.51,left,0.964264628067,0.786951006825,-0.177313621242,decay
38.52,left,0.963696821666,0.786864427025,-0.176832394641,decay
38.53,left,0.963185454788,0.78677947293,-0.176405981858,decay
38.54,left,0.962737920078,0.786696301687,-0.176041618391,decay
38.55,left,0.962359277344,0.786615018119,-0.175744259225,decay
38.56,left,0.962051988198,0.786535669632,-0.175516318565,decay
38.57,left,0.961816155818,0.786458241401,-0.175357914417,decay
38.58,left,0.96165023776,0.786382656921,-0.17526758084,decay
38.59,left,0.961551376794,0.78630878783,-0.175242588965,decay
38.6,left,0.961515186309,0.786236470211,-0.175278716098,decay
38.61,left,0.961535769411,0.786165522305,-0.175370247106,decay
38.62,left,0.961606290016,0.786095761735,-0.175510528281,decay
38.63,left,0.961719986719,0.786027022381,-0.175692964338,decay
38.64,left,0.961871780951,0.785959171206,-0.175912609745,decay
38.65,left,0.962060055747,0.785892125353,-0.176167930394,decay
38.66,left,0.962287232946,0.785825869803,-0.176461363144,decay
38.67,left,0.962558482206,0.785760473412,-0.176798008794,decay
38.68,left,0.962879498689,0.785696095806,-0.177183402883,decay
38.69,left,0.963254383592,0.785632979411,-0.177621404181,decay
38.7,left,0.963683923672,0.785571430883,-0.178112492788,decay
38.71,left,0.964164833189,0.785511799629,-0.17865303356,decay
38.72,left,0.964690481381,0.785454456328,-0.179236025054,decay
38.73,left,0.965252420528,0.785399771306,-0.179852649223,decay
38.74,left,0.965841824794,0.785348092331,-0.180493732463,decay
38.75,left,0.966450801302,0.785299721383,-0.181151079919,decay
38.76,left,0.967073356855,0.785254889939,-0.181818466915,decay
38.77,left,0.967705453003,0.785213735399,-0.182491717603,decay
38.78,left,0.968344363107,0.78517628776,-0.183168075347,decay
38.79,left,0.968987906822,0.785142473483,-0.18384543334,decay
38.8,left,0.969633423878,0.785112131136,-0.184521292741,decay
38.81,left,0.970276288355,0.785085029181,-0.185191259174,decay
38.82,left,0.97090868024,0.785060882114,-0.185847798126,decay
38.83,left,0.971519335532,0.78503936495,-0.186479970582,decay
38.84,left,0.972094139092,0.785020126332,-0.187074012759,decay
38.85,left,0.972617523161,0.785002800568,-0.187614722593,decay
38.86,left,0.973074760507,0.784987018867,-0.18808774164,decay
38.87,left,0.973454283759,0.784972419527,-0.188481864232,decay
38.88,left,0.973749050032,0.784958655728,-0.188790394304,decay
38.89,left,0.973957087918,0.78494539993,-0.189011687988,decay
38.9,left,0.974081666887,0.784932345958,-0.189149320929,decay
38.91,left,0.974131000684,0.784919210554,-0.18921179013,decay
38.92,left,0.97411735247,0.784905735175,-0.189211617295,decay
38.93,left,0.974055687502,0.784891688206,-0.189163999296,decay
38.94,left,0.973962039183,0.784876867685,-0.189085171498,decay
38.95,left,0.973851756128,0.784861104631,-0.188990651497,decay
38.96,left,0.973738105686,0.784844267096,-0.18889383859,decay
38.97,left,0.973631679854,0.784826263978,-0.188805415876,decay
38.98,left,0.973540273999,0.784807045387,-0.188733228613,decay
38.99,left,0.973468768943,0.784786597134,-0.188682171809,decay
39,left,0.973419266147,0.784764931152,-0.188654334995,decay
39.01,left,0.973391681157,0.784742075095,-0.188649606062,decay
39.02,left,0.973384613937,0.784718062383,-0.188666551554,decay
39.03,left,0.973396587371,0.784692922637,-0.188703664734,decay
39.04,left,0.973427546984,0.784666672339,-0.188760874645,decay
39.05,left,0.973479828987,0.784639305577,-0.18884052341,decay
39.06,left,0.973558140021,0.784610784707,-0.188947355314,decay
39.07,left,0.973668836471,0.784581032095,-0.189087804376,decay
39.08,left,0.973818652777,0.784549926812,-0.189268725965,decay
39.09,left,0.974012835957,0.784517309272,-0.189495526686,decay
39.1,left,0.974253373599,0.784482991618,-0.18977038198,decay
39.11,left,0.974538455164,0.78444676991,-0.190091685254,decay
39.12,left,0.974863213954,0.784408436623,-0.190454777331,decay
39.13,left,0.975220797016,0.784367793572,-0.190853003445,decay
39.14,left,0.97560330924,0.784324665521,-0.19127864372,decay
39.15,left,0.976002535545,0.784278914723,-0.191723620822,decay
39.16,left,0.97641005312,0.784230456691,-0.192179596428,decay
39.17,left,0.976816892473,0.784179275335,-0.192637617138,decay
39.18,left,0.977213589227,0.784125431156,-0.193088158071,decay
39.19,left,0.977590876211,0.784069057668,-0.193521818543,decay
39.2,left,0.977940592496,0.784010349748,-0.193930242747,decay
39.21,left,0.978256586599,0.783949550529,-0.194307036069,decay
39.22,left,0.978535390682,0.783886939406,-0.194648451276,decay
39.23,left,0.978776086341,0.783822821139,-0.194953265202,decay
39.24,left,0.978979290292,0.783757515813,-0.195221774479,decay
39.25,left,0.979146159791,0.783691349417,-0.195454810374,decay
39.26,left,0.979277958297,0.783624644819,-0.195653313478,decay
39.27,left,0.979375786906,0.78355771335,-0.195818073556,decay
39.28,left,0.979440434721,0.783490848164,-0.195949586556,decay
39.29,left,0.979472620226,0.783424320242,-0.196048299984,decay
39.3,left,0.979473183538,0.783358376091,-0.196114807448,decay
39.31,left,0.979442859148,0.783293235621,-0.196149623527,decay
39.32,left,0.979382047904,0.783229089509,-0.196152958395,decay
39.33,left,0.979290866174,0.783166095886,-0.196124770288,decay
39.34,left,0.979169374278,0.783104376276,-0.196064998002,decay
39.35,left,0.979018093379,0.783044010656,-0.195974082723,decay
39.36,left,0.978838741521,0.782985031549,-0.195853709971,decay
39.37,left,0.978634510077,0.782927418334,-0.195707091743,decay
39.38,left,0.978409476067,0.782871095766,-0.195538380301,decay
39.39,left,0.978167795236,0.782815939758,-0.195351855478,decay
39.4,left,0.977913345322,0.782761788186,-0.195151557136,decay
39.41,left,0.977649615613,0.782708452701,-0.194941162913,decay
39.42,left,0.97737975559,0.782655730019,-0.19472402557,decay
39.43,left,0.97710702197,0.782603412777,-0.194503609193,decay
39.44,left,0.976835137453,0.782551300159,-0.194283837294,decay
39.45,left,0.976567967315,0.782499208531,-0.194068758785,decay
39.46,left,0.976308845917,0.782446982293,-0.193861863624,decay
39.47,left,0.976059992242,0.782394504084,-0.193665488158,decay
39.48,left,0.975821948079,0.782341701144,-0.193480246935,decay
39.49,left,0.975593282972,0.782288545432,-0.19330473754,decay
39.5,left,0.975371145699,0.782235049461,-0.193136096238,decay
39.51,left,0.975152445961,0.782181261278,-0.192971184683,decay
39.52,left,0.974934854599,0.782127259979,-0.19280759462,decay
39.53,left,0.974717448712,0.782073151777,-0.192644296934,decay
39.54,left,0.974501111046,0.782019066562,-0.192482044484,decay
39.55,left,0.974288204243,0.78196515485,-0.192323049393,decay
39.56,left,0.974081423004,0.781911585066,-0.192169837938,decay
39.57,left,0.973882756271,0.781858540927,-0.192024215344,decay
39.58,left,0.973693105815,0.781806218494,-0.191886887322,decay
39.59,left,0.973512202557,0.781754822497,-0.19175738006,decay
39.6,left,0.973338685265,0.78170456205,-0.191634123215,decay
39.61,left,0.973170483802,0.781655646022,-0.191514837779,decay
39.62,left,0.973005323153,0.781608278114,-0.191397045039,decay
39.63,left,0.972841342594,0.781562651503,-0.191278691092,decay
39.64,left,0.972678122097,0.781518942942,-0.191159179154,decay
39.65,left,0.972517724087,0.781477306161,-0.191040417926,decay
39.66,left,0.972364809304,0.781437864414,-0.190926944891,decay
39.67,left,0.972225743552,0.781400703087,-0.190825040465,decay
39.68,left,0.972107539292,0.781365865501,-0.190741673791,decay
39.69,left,0.972016994099,0.78133335428,-0.190683639819,decay
39.7,left,0.971959834579,0.781303136422,-0.190656698157,decay
39.71,left,0.97194001249,0.781275148753,-0.190664863737,decay
39.72,left,0.971959133514,0.781249302444,-0.19070983107,decay
39.73,left,0.97201562834,0.781225486558,-0.190790141783,decay
39.74,left,0.97210401178,0.781203570716,-0.190900441064,decay
39.75,left,0.972215141235,0.781183406943,-0.191031734292,decay
39.76,left,0.972337648987,0.781164830754,-0.191172818233,decay
39.77,left,0.972460016848,0.781147661931,-0.191312354917,decay
39.78,left,0.972572885,0.781131706242,-0.191441178758,decay
39.79,left,0.972671028712,0.78111675907,-0.191554269642,decay
39.8,left,0.972754008154,0.781102610388,-0.191651397766,decay
39.81,left,0.972825249372,0.781089049946,-0.191736199425,decay
39.82,left,0.972890520962,0.781075872299,-0.191814648663,decay
39.83,left,0.972956471789,0.781062881763,-0.191893590026,decay
39.84,left,0.973029085463,0.781049897428,-0.191979188035,decay
39.85,left,0.973112335462,0.781036758356,-0.192075577106,decay
39.86,left,0.97320756749,0.781023329098,-0.192184238392,decay
39.87,left,0.973313281419,0.781009504637,-0.192303776782,decay
39.88,left,0.973424928724,0.780995211767,-0.192429716957,decay
39.89,left,0.973535187416,0.780980404599,-0.192554782817,decay
39.9,left,0.973635065054,0.780965055924,-0.19267000913,decay
39.91,left,0.973715496933,0.780949147559,-0.192766349373,decay
39.92,left,0.973769100689,0.780932660853,-0.192836439836,decay
39.93,left,0.973791722871,0.780915567329,-0.192876155543,decay
39.94,left,0.973782993801,0.780897819313,-0.192885174488,decay
39.95,left,0.973745492046,0.780879340424,-0.192866151622,decay
39.96,left,0.973683301236,0.780860015758,-0.192823285478,decay
39.97,left,0.973600858461,0.780839682985,-0.192761175476,decay
39.98,left,0.973502011636,0.78081812831,-0.192683883326,decay
39.99,left,0.973389241711,0.78079509038,-0.192594151332,decay
40,left,0.973263585813,0.780770269881,-0.192493315932,decay
40.01,left,0.973125224286,0.780743340831,-0.192381883455,decay
40.02,left,0.972974247604,0.780713962031,-0.192260285573,decay
40.03,left,0.972811551853,0.780681788819,-0.192129763035,decay
40.04,left,0.972639581048,0.780646485376,-0.191993095672,decay
40.05,left,0.972462146041,0.780607737884,-0.191854408157,decay
40.06,left,0.972283323578,0.780565268813,-0.191718054765,decay
40.07,left,0.972106297533,0.780518850972,-0.19158744656,decay
40.08,left,0.971932531521,0.780468316406,-0.191464215114,decay
40.09,left,0.971761132242,0.780413556421,-0.191347575821,decay
40.1,left,0.971588667851,0.780354515765,-0.191234152086,decay
40.11,left,0.971409720395,0.780291186289,-0.191118534105,decay
40.12,left,0.971217653701,0.780223602249,-0.190994051452,decay
40.13,left,0.971005194664,0.780151837346,-0.190853357318,decay
40.14,left,0.970765268368,0.780076003471,-0.190689264897,decay
40.15,left,0.97049222177,0.779996251094,-0.190495970677,decay
40.16,left,0.97018300632,0.779912771291,-0.190270235028,decay
40.17,left,0.969838353609,0.779825798344,-0.190012555265,decay
40.18,left,0.9694639775,0.779735609608,-0.189728367892,decay
40.19,left,0.969071046782,0.779642520148,-0.189428526634,decay
40.2,left,0.968675392043,0.77954687384,-0.189128518203,decay
40.21,left,0.968295713201,0.779449034138,-0.188846679063,decay
40.22,left,0.967950966692,0.779349375668,-0.188601591024,decay
40.23,left,0.967657139949,0.779248276559,-0.188408863389,decay
40.24,left,0.967424583021,0.779146111284,-0.188278471738,decay
40.25,left,0.967257252691,0.779043243798,-0.188214008893,decay
40.26,left,0.967153784189,0.778940020795,-0.188213763394,decay
40.27,left,0.967109328822,0.778836765537,-0.188272563284,decay
40.28,left,0.967117588237,0.778733774235,-0.188383814003,decay
40.29,left,0.967172529237,0.778631316416,-0.188541212821,decay
40.3,left,0.967268899289,0.778529638019,-0.18873926127,decay
40.31,left,0.967401601647,0.778428964955,-0.188972636692,decay
40.32,left,0.967564942795,0.778329506248,-0.189235436547,decay
40.33,left,0.967752290929,0.778231456644,-0.189520834285,decay
40.34,left,0.967956162674,0.778134998703,-0.189821163972,decay
40.35,left,0.968168769255,0.778040304327,-0.190128464927,decay
40.36,left,0.968382680449,0.777947535738,-0.190435144711,decay
40.37,left,0.968590956746,0.777856845945,-0.190734110801,decay
40.38,left,0.968786887473,0.777768379028,-0.191018508445,decay
40.39,left,0.968964262173,0.77768227042,-0.191281991754,decay
40.4,left,0.969118223422,0.777598646982,-0.191519576439,decay
40.41,left,0.969245723107,0.777517626507,-0.191728096601,decay
40.42,left,0.96934536518,0.777439316455,-0.191906048724,decay
40.43,left,0.969417161392,0.777363811885,-0.192053349507,decay
40.44,left,0.969462224696,0.777291192497,-0.192171032199,decay
40.45,left,0.969482367285,0.777221518729,-0.192260848555,decay
40.46,left,0.969480075566,0.77715482683,-0.192325248736,decay
40.47,left,0.969458966879,0.777091123614,-0.192367843266,decay
40.48,left,0.969424220384,0.77703038335,-0.192393837034,decay
40.49,left,0.969382840118,0.776972548627,-0.192410291491,decay
40.5,left,0.969343936175,0.776917533766,-0.19242640241,decay
40.51,left,0.969318730896,0.776865228234,-0.192453502662,decay
40.52,left,0.969320006122,0.776815499046,-0.192504507076,decay
40.53,left,0.969361423729,0.776768192129,-0.192593231599,decay
40.54,left,0.969456951945,0.77672313271,-0.192733819235,decay
40.55,left,0.969619807502,0.77668012476,-0.192939682742,decay
40.56,left,0.969860822968,0.776638949545,-0.193221873424,decay
40.57,left,0.970187020133,0.776599363914,-0.193587656218,decay
40.58,left,0.970600659996,0.776561100294,-0.194039559702,decay
40.59,left,0.97109860473,0.776523869867,-0.194574734863,decay
40.6,left,0.971672262702,0.776487367985,-0.195184894717,decay
40.61,left,0.972308215044,0.776451279951,-0.195856935094,decay
40.62,left,0.97298913443,0.776415286541,-0.19657384789,decay
40.63,left,0.973695013858,0.776379069342,-0.197315944516,decay
40.64,left,0.974405074345,0.776342316082,-0.198062758263,decay
40.65,left,0.975099956979,0.776304726113,-0.198795230866,decay
40.66,left,0.975763168666,0.77626601621,-0.199497152455,decay
40.67,left,0.976381485238,0.776225926342,-0.200155558896,decay
40.68,left,0.976944864763,0.776184223942,-0.200760640821,decay
40.69,left,0.977446196937,0.776140705619,-0.201305491318,decay
40.7,left,0.977881021011,0.776095197301,-0.20178582371,decay
40.71,left,0.978247448989,0.776047554548,-0.202199894441,decay
40.72,left,0.978546012339,0.775997663775,-0.202548348564,decay
40.73,left,0.978779000643,0.775945444506,-0.202833556137,decay
40.74,left,0.978949718272,0.775890852701,-0.203058865571,decay
40.75,left,0.979062203197,0.775833885257,-0.20322831794,decay
40.76,left,0.979121029372,0.775774585747,-0.203346443626,decay
40.77,left,0.97913074487,0.775713050256,-0.203417694614,decay
40.78,left,0.97909530903,0.775649429562,-0.203445879467,decay
40.79,left,0.979017898916,0.775583924782,-0.203433974134,decay
40.8,left,0.978900876774,0.775516778575,-0.203384098199,decay
40.81,left,0.978745945373,0.775448265694,-0.203297679679,decay
40.82,left,0.978554894494,0.775378684317,-0.203176210177,decay
40.83,left,0.978330640069,0.775308348091,-0.203022291978,decay
40.84,left,0.978077874621,0.775237578692,-0.20284029593,decay
40.85,left,0.977803479422,0.775166698696,-0.202636780726,decay
40.86,left,0.977516879734,0.775096024582,-0.202420855152,decay
40.87,left,0.977229699083,0.775025859985,-0.202203839099,decay
40.88,left,0.976954521609,0.774956490046,-0.201998031563,decay
40.89,left,0.97670340913,0.774888177456,-0.201815231674,decay
40.9,left,0.976486470341,0.774821159473,-0.201665310869,decay
40.91,left,0.976310548087,0.774755644743,-0.201554903344,decay
40.92,left,0.976178564905,0.774691809388,-0.201486755517,decay
40.93,left,0.976089810593,0.774629792193,-0.2014600184,decay
40.94,left,0.976040520598,0.774569688788,-0.20147083181,decay
40.95,left,0.976024219309,0.77451154469,-0.201512674618,decay
40.96,left,0.97603229941,0.774455347076,-0.201576952334,decay
40.97,left,0.976055200205,0.774401016815,-0.20165418339,decay
40.98,left,0.976083726764,0.774348405876,-0.201735320888,decay
40.99,left,0.976110187996,0.774297303993,-0.201812884003,decay
41,left,0.976129190785,0.774247451766,-0.20188173902,decay
41.01,left,0.976137498991,0.774198555016,-0.201938943976,decay
41.02,left,0.976132935286,0.774150298481,-0.201982636805,decay
41.03,left,0.976113274227,0.774102358928,-0.202010915299,decay
41.04,left,0.976075701221,0.774054417984,-0.202021283237,decay
41.05,left,0.976016773097,0.774006174959,-0.202010598138,decay
41.06,left,0.975932993017,0.773957359952,-0.201975633065,decay
41.07,left,0.975822009715,0.77390774603,-0.201914263684,decay
41.08,left,0.975683721293,0.77385715611,-0.201826565184,decay
41.09,left,0.975520541022,0.773805461236,-0.201715079786,decay
41.1,left,0.975336941974,0.773752572923,-0.201584369051,decay
41.11,left,0.975138624902,0.773698434257,-0.201440190644,decay
41.12,left,0.974931337339,0.773643011635,-0.201288325705,decay
41.13,left,0.974719781657,0.773586287183,-0.201133494474,decay
41.14,left,0.9745073822,0.773528251751,-0.200979130448,decay
41.15,left,0.974296871453,0.773468898367,-0.200827973086,decay
41.16,left,0.974090957047,0.773408216056,-0.200682740991,decay
41.17,left,0.973892720283,0.773346184487,-0.200546535796,decay
41.18,left,0.973705674296,0.773282771095,-0.200422903201,decay
41.19,left,0.973533249569,0.773217931923,-0.200315317646,decay
41.2,left,0.973378014763,0.773151615241,-0.200226399522,decay
41.21,left,0.97324150708,0.773083766196,-0.200157740884,decay
41.22,left,0.973124844903,0.77301433185,-0.200110513053,decay
41.23,left,0.973029441823,0.772943266633,-0.20008617519,decay
41.24,left,0.972957459729,0.77287053831,-0.200086921419,decay
41.25,left,0.972912035938,0.772796134572,-0.200115901366,decay
41.26,left,0.972896942306,0.772720070357,-0.200176871949,decay
41.27,left,0.972915606759,0.772642394982,-0.200273211777,decay
41.28,left,0.972970297843,0.772563195963,-0.20040710188,decay
41.29,left,0.973061824787,0.772482597138,-0.200579227649,decay
41.3,left,0.973189261827,0.772400752898,-0.200788508929,decay
41.31,left,0.97334962887,0.772317841741,-0.201031787129,decay
41.32,left,0.973537833538,0.772234060412,-0.201303773126,decay
41.33,left,0.973746747715,0.772149618599,-0.201597129116,decay
41.34,left,0.973967350601,0.772064734043,-0.201902616558,decay
41.35,left,0.974189308595,0.771979627954,-0.202209680641,decay
41.36,left,0.97440191183,0.771894520584,-0.202507391246,decay
41.37,left,0.974594694557,0.771809627115,-0.202785067442,decay
41.38,left,0.974757695516,0.7717251546,-0.203032540916,decay
41.39,left,0.974881942507,0.771641300474,-0.203240642032,decay
41.4,left,0.974959988263,0.771558252093,-0.20340173617,decay
41.41,left,0.974985832152,0.771476186348,-0.203509645804,decay
41.42,left,0.974954510112,0.771395268947,-0.203559241164,decay
41.43,left,0.97486203804,0.771315653269,-0.20354638477,decay
41.44,left,0.974705638546,0.771237478736,-0.20346815981,decay
41.45,left,0.97448410076,0.771160868637,-0.203323232122,decay
41.46,left,0.974198420343,0.771085927337,-0.203112493005,decay
41.47,left,0.973852399174,0.771012737254,-0.20283966192,decay
41.48,left,0.973452720853,0.770941356975,-0.202511363878,decay
41.49,left,0.973008671317,0.770871821544,-0.202136849774,decay
41.5,left,0.972531766106,0.770804144083,-0.201727622023,decay
41.51,left,0.972034980244,0.770738317274,-0.20129666297,decay
41.52,left,0.971531544598,0.7706743141,-0.200857230498,decay
41.53,left,0.971033976625,0.770612087811,-0.200421888814,decay
41.54,left,0.970553608642,0.770551571125,-0.200002037517,decay
41.55,left,0.970100215648,0.770492674645,-0.199607541003,decay
41.56,left,0.969681783292,0.770435284512,-0.199246498781,decay
41.57,left,0.969304733823,0.770379259963,-0.19892547386,decay
41.58,left,0.968974210157,0.770324433006,-0.198649777152,decay
41.59,left,0.968693941981,0.770270611879,-0.198423330103,decay
41.6,left,0.968465986319,0.770217587154,-0.198248399166,decay
41.61,left,0.968290703742,0.770165138322,-0.19812556542,decay
41.62,left,0.9681669341,0.77011304009,-0.19805389401,decay
41.63,left,0.968092444917,0.770061068449,-0.198031376468,decay
41.64,left,0.968064716133,0.770009006683,-0.19805570945,decay
41.65,left,0.968081531826,0.769956651454,-0.198124880372,decay
41.66,left,0.968140874786,0.769903819125,-0.198237055662,decay
41.67,left,0.968240545364,0.769850351889,-0.198390193475,decay
41.68,left,0.968378020298,0.769796122062,-0.198581898236,decay
41.69,left,0.968550289235,0.769741033291,-0.198809255944,decay
41.7,left,0.968753617719,0.769685019771,-0.199068597947,decay
41.71,left,0.968983656224,0.769628045322,-0.199355610902,decay
41.72,left,0.969235644362,0.769570103098,-0.199665541265,decay
41.73,left,0.969504306089,0.769511216009,-0.19999309008,decay
41.74,left,0.969783921405,0.769451437853,-0.200332483553,decay
41.75,left,0.970068943254,0.769390855165,-0.20067808809,decay
41.76,left,0.970354586202,0.76932958982,-0.201024996383,decay
41.77,left,0.970636904617,0.769267801652,-0.201369102965,decay
41.78,left,0.970912552911,0.769205688832,-0.201706864079,decay
41.79,left,0.971178372974,0.769143484253,-0.202034888721,decay
41.8,left,0.971430824253,0.769081449121,-0.202349375132,decay
41.81,left,0.971665684953,0.769019865959,-0.202645818994,decay
41.82,left,0.971878330402,0.768959031818,-0.202919298584,decay
41.83,left,0.972064157392,0.768899251602,-0.20316490579,decay
41.84,left,0.972218965163,0.76884083134,-0.203378133823,decay
41.85,left,0.972339772024,0.768784071194,-0.20355570083,decay
41.86,left,0.972425842157,0.768729258045,-0.203696584112,decay
41.87,left,0.972479009815,0.768676658197,-0.203802351618,decay
41.88,left,0.972503228814,0.768626512359,-0.203876716456,decay
41.89,left,0.972503860881,0.768579034508,-0.203924826373,decay
41.9,left,0.97248675402,0.768534413222,-0.203952340798,decay
41.91,left,0.972457172528,0.768492813026,-0.203964359502,decay
41.92,left,0.972419109588,0.768454374725,-0.203964734864,decay
41.93,left,0.972375146418,0.768419214598,-0.20395593182,decay
41.94,left,0.972326361692,0.768387422418,-0.203938939274,decay
41.95,left,0.9722722258,0.768359058218,-0.203913167581,decay
41.96,left,0.972210985092,0.768334147753,-0.203876837339,decay
41.97,left,0.972140380293,0.768312677504,-0.203827702789,decay
41.98,left,0.972058112252,0.768294592166,-0.203763520086,decay
41.99,left,0.971962217842,0.768279796789,-0.203682421054,decay
42,left,0.97185162314,0.768268161942,-0.203583461199,decay
42.01,left,0.971726397119,0.768259528889,-0.20346686823,decay
42.02,left,0.97158744956,0.768253713618,-0.203333735942,decay
42.03,left,0.971436090959,0.76825050971,-0.20318558125,decay
42.04,left,0.971273637427,0.76824969015,-0.203023947277,decay
42.05,left,0.97110103288,0.768251008157,-0.202850024722,decay
42.06,left,0.970918855511,0.7682541971,-0.202664658411,decay
42.07,left,0.970727828134,0.768258969961,-0.202468858173,decay
42.08,left,0.970529150101,0.768265019654,-0.202264130447,decay
42.09,left,0.970324275534,0.768272021203,-0.202052254331,decay
42.1,left,0.970114789065,0.768279635188,-0.201835153877,decay
42.11,left,0.969902764101,0.768287511294,-0.201615252808,decay
42.12,left,0.969691101779,0.768295291585,-0.201395810194,decay
42.13,left,0.96948374981,0.768302613591,-0.201181136219,decay
42.14,left,0.96928612789,0.768309113344,-0.200977014546,decay
42.15,left,0.969105462555,0.768314428509,-0.200791034046,decay
42.16,left,0.968950817052,0.768318201747,-0.200632615305,decay
42.17,left,0.968833152981,0.768320084296,-0.200513068685,decay
42.18,left,0.968765175842,0.768319739419,-0.200445436424,decay
42.19,left,0.968760290264,0.768316845498,-0.200443444765,decay
42.2,left,0.968830842428,0.768311099186,-0.200519743242,decay
42.21,left,0.968986400349,0.768302219247,-0.200684181102,decay
42.22,left,0.969232309419,0.768289951462,-0.200942357957,decay
42.23,left,0.969568533219,0.768274074739,-0.20129445848,decay
42.24,left,0.969989281187,0.768254408597,-0.20173487259,decay
42.25,left,0.970483607377,0.768230822208,-0.202252785169,decay
42.26,left,0.971036279941,0.768203245165,-0.202833034776,decay
42.27,left,0.971628691259,0.768171678226,-0.203457013033,decay
42.28,left,0.972240383306,0.768136198078,-0.204104185228,decay
42.29,left,0.972851033883,0.768096951596,-0.204754082287,decay
42.3,left,0.973442102076,0.768054142997,-0.205387959078,decay
42.31,left,0.97399805837,0.76800802,-0.20599003837,decay
42.32,left,0.974507455905,0.76795886134,-0.206548594565,decay
42.33,left,0.974963546727,0.767906965616,-0.20705658111,decay
42.34,left,0.975364188031,0.767852641211,-0.20751154682,decay
42.35,left,0.975711158327,0.767796197054,-0.207914961273,decay
42.36,left,0.976008767646,0.767737934004,-0.208270833642,decay
42.37,left,0.976261739429,0.767678137066,-0.208583602363,decay
42.38,left,0.976473280375,0.767617069552,-0.208856210823,decay
42.39,left,0.976644348979,0.767554970018,-0.209089378962,decay
42.4,left,0.976773941384,0.767492051114,-0.20928189027,decay
42.41,left,0.976859771975,0.767428498889,-0.209431273086,decay
42.42,left,0.976899268204,0.767364471937,-0.209534796267,decay
42.43,left,0.976890621173,0.767300100262,-0.20959052091,decay
42.44,left,0.976833303554,0.767235483822,-0.209597819733,decay
42.45,left,0.976728162048,0.767170690673,-0.209557471376,decay
42.46,left,0.976577586019,0.767105754682,-0.209471831337,decay
42.47,left,0.976385698411,0.767040673497,-0.209345024913,decay
42.48,left,0.97615840231,0.766975409068,-0.209182993242,decay
42.49,left,0.975903437822,0.766909892498,-0.208993545324,decay
42.5,left,0.975630272589,0.766844031969,-0.20878624062,decay
42.51,left,0.975349258823,0.766777721451,-0.208571537372,decay
42.52,left,0.975070132783,0.766710849361,-0.208359283422,decay
42.53,left,0.974800689629,0.766643307248,-0.208157382381,decay
42.54,left,0.974545976499,0.766574998666,-0.207970977833,decay
42.55,left,0.974307756781,0.766505848407,-0.207801908375,decay
42.56,left,0.974084440032,0.76643581226,-0.207648627771,decay
42.57,left,0.973871701405,0.766364886176,-0.207506815228,decay
42.58,left,0.973663413391,0.766293110932,-0.207370302459,decay
42.59,left,0.97345270845,0.766220569347,-0.207232139103,decay
42.6,left,0.973233247187,0.766147378311,-0.207085868876,decay
42.61,left,0.973000227825,0.766073679651,-0.206926548174,decay
42.62,left,0.972750626306,0.765999631417,-0.20675099489,decay
42.63,left,0.972482946659,0.765925399553,-0.206557547106,decay
42.64,left,0.972196886963,0.765851149779,-0.206345737184,decay
42.65,left,0.971892662448,0.765777039508,-0.20611562294,decay
42.66,left,0.971569911793,0.76570320965,-0.205866702143,decay
42.67,left,0.97122694397,0.76562977694,-0.20559716703,decay
42.68,left,0.970860771685,0.765556829215,-0.20530394247,decay
42.69,left,0.970467559068,0.765484425477,-0.20498313359,decay
42.7,left,0.970043371699,0.765412599238,-0.204630772461,decay
42.71,left,0.969585291092,0.765341362521,-0.204243928571,decay
42.72,left,0.969092257165,0.765270709473,-0.203821547692,decay
42.73,left,0.96856514569,0.765200619542,-0.203364526148,decay
42.74,left,0.968006448412,0.765131060284,-0.202875388128,decay
42.75,left,0.967419804096,0.765061989829,-0.202357814267,decay
42.76,left,0.96680925279,0.764993359075,-0.201815893715,decay
42.77,left,0.966178566834,0.764925113785,-0.201253453049,decay
42.78,left,0.965531224545,0.764857197074,-0.200674027471,decay
42.79,left,0.964870828045,0.764789552683,-0.200081275362,decay
42.8,left,0.964201428632,0.764722128846,-0.199479299786,decay
42.81,left,0.963527855469,0.76465488236,-0.198872973109,decay
42.82,left,0.962856241929,0.76458778276,-0.19826845917,decay
42.83,left,0.962194348179,0.764520816636,-0.197673531543,decay
42.84,left,0.961551500445,0.7644539922,-0.197097508244,decay
42.85,left,0.960938503231,0.764387344145,-0.196551159086,decay
42.86,left,0.960367372857,0.764320938892,-0.196046433965,decay
42.87,left,0.959850505073,0.764254879252,-0.195595625821,decay
42.88,left,0.959399817008,0.764189305298,-0.195210511709,decay
42.89,left,0.95902653697,0.764124389015,-0.194902147955,decay
42.9,left,0.958741297743,0.764060324448,-0.194680973295,decay
42.91,left,0.958553968601,0.76399731653,-0.194556652072,decay
42.92,left,0.958473199579,0.763935569744,-0.194537629835,decay
42.93,left,0.958505640163,0.76387527652,-0.194630363643,decay
42.94,left,0.958654782687,0.763816605117,-0.19483817757,decay
42.95,left,0.95892005142,0.763759686762,-0.195160364658,decay
42.96,left,0.959296784118,0.763704601798,-0.19559218232,decay
42.97,left,0.959776612915,0.763651366613,-0.196125246301,decay
42.98,left,0.960347505171,0.763599927441,-0.196747577729,decay
42.99,left,0.960993762836,0.763550165663,-0.197443597173,decay
43,left,0.961696427063,0.763501911103,-0.198194515961,decay
43.01,left,0.962434006808,0.763454957015,-0.198979049793,decay
43.02,left,0.96318368857,0.763409074346,-0.199774614224,decay
43.03,left,0.963923122163,0.763364025317,-0.200559096846,decay
43.04,left,0.964632055815,0.763319576592,-0.201312479223,decay
43.05,left,0.965293161785,0.763275512317,-0.202017649468,decay
43.06,left,0.965892288975,0.763231647272,-0.202660641703,decay
43.07,left,0.966418488911,0.763187839045,-0.203230649867,decay
43.08,left,0.966863804977,0.76314399515,-0.203719809827,decay
43.09,left,0.967223113116,0.763100072051,-0.204123041065,decay
43.1,left,0.967494358557,0.763056068516,-0.204438290041,decay
43.11,left,0.96767862314,0.763012017688,-0.204666605452,decay
43.12,left,0.967779299398,0.762967979546,-0.204811319852,decay
43.13,left,0.967800844058,0.762924033814,-0.204876810244,decay
43.14,left,0.967748006027,0.76288027317,-0.204867732857,decay
43.15,left,0.967625726821,0.762836796643,-0.204788930178,decay
43.16,left,0.967439760012,0.762793703057,-0.204646056955,decay
43.17,left,0.967198018177,0.762751084761,-0.204446933416,decay
43.18,left,0.966911927677,0.762709022621,-0.204202905057,decay
43.19,left,0.966596909149,0.762667583005,-0.203929326145,decay
43.2,left,0.966271854594,0.762626816063,-0.203645038531,decay
43.21,left,0.965957708663,0.762586754106,-0.203370954557,decay
43.22,left,0.965674936859,0.762547409575,-0.203127527284,decay
43.23,left,0.965440300301,0.762508772519,-0.202931527782,decay
43.24,left,0.965264486755,0.762470807539,-0.202793679216,decay
43.25,left,0.965151612829,0.762433450156,-0.202718162673,decay
43.26,left,0.965100136019,0.762396602544,-0.202703533475,decay
43.27,left,0.965104556113,0.762360129482,-0.202744426631,decay
43.28,left,0.965157454248,0.762323857237,-0.202833597011,decay
43.29,left,0.965250874927,0.762287577477,-0.20296329745,decay
43.3,left,0.965376525303,0.762251054743,-0.20312547056,decay
43.31,left,0.965525451863,0.762214034773,-0.203311417089,decay
43.32,left,0.965687783095,0.762176252695,-0.2035115304,decay
43.33,left,0.965852599719,0.762137441173,-0.203715158546,decay
43.34,left,0.966008193507,0.762097338708,-0.203910854798,decay
43.35,left,0.966142869413,0.762055698296,-0.204087171117,decay
43.36,left,0.966245736159,0.762012296627,-0.204233439531,decay
43.37,left,0.966307056952,0.761966943013,-0.204340113939,decay
43.38,left,0.966318668706,0.761919484973,-0.204399183733,decay
43.39,left,0.966274809776,0.761869808194,-0.204405001582,decay
43.4,left,0.966172589599,0.761817832741,-0.204354756858,decay
43.41,left,0.966011594974,0.761763508871,-0.204248086104,decay
43.42,left,0.965793247239,0.761706813771,-0.204086433467,decay
43.43,left,0.965520379252,0.761647749329,-0.203872629922,decay
43.44,left,0.965197025135,0.761586340877,-0.203610684259,decay
43.45,left,0.964828651168,0.761522636904,-0.203306014264,decay
43.46,left,0.964422774104,0.761456709732,-0.202966064371,decay
43.47,left,0.963989313286,0.761388656765,-0.202600656521,decay
43.48,left,0.963540342129,0.761318601182,-0.202221740947,decay
43.49,left,0.963089443881,0.761246691202,-0.201842752679,decay
43.5,left,0.962650700682,0.761173098516,-0.201477602166,decay
43.51,left,0.962237155732,0.761098017033,-0.201139138699,decay
43.52,left,0.961859206712,0.761021662351,-0.200837544361,decay
43.53,left,0.961523831496,0.760944271952,-0.200579559544,decay
43.54,left,0.961234772187,0.760866106056,-0.200368666131,decay
43.55,left,0.960993249002,0.760787449099,-0.200205799903,decay
43.56,left,0.960799129812,0.760708611785,-0.200090518026,decay
43.57,left,0.960652186126,0.760629932863,-0.200022253262,decay
43.58,left,0.960552610211,0.76055177803,-0.200000832181,decay
43.59,left,0.960500766354,0.76047453396,-0.200026232394,decay
43.6,left,0.960496862475,0.760398598727,-0.200098263748,decay
43.61,left,0.960540783354,0.760324370986,-0.200216412367,decay
43.62,left,0.960632033437,0.760252238758,-0.200379794679,decay
43.63,left,0.960770041956,0.760182567605,-0.200587474351,decay
43.64,left,0.960954800015,0.760115687929,-0.200839112086,decay
43.65,left,0.961187121521,0.7600518811,-0.201135240421,decay
43.66,left,0.961468243292,0.759991364102,-0.20147687919,decay
43.67,left,0.961799363525,0.759934274627,-0.201865088898,decay
43.68,left,0.962181399778,0.759880663279,-0.202300736499,decay
43.69,left,0.962614715871,0.759830497934,-0.202784217937,decay
43.7,left,0.963098932864,0.759783676351,-0.203315256513,decay
43.71,left,0.963632940803,0.759740040039,-0.203892900764,decay
43.72,left,0.964214752311,0.759699386643,-0.204515365668,decay
43.73,left,0.964841273452,0.759661480834,-0.205179792618,decay
43.74,left,0.965508531093,0.759626063933,-0.205882467161,decay
43.75,left,0.966212163887,0.75959286247,-0.206619301417,decay
43.76,left,0.966947594041,0.759561595889,-0.207385998152,decay
43.77,left,0.967710024544,0.759531983395,-0.208178041149,decay
43.78,left,0.968494622119,0.759503749545,-0.208990872574,decay
43.79,left,0.969296636475,0.759476628318,-0.209820008157,decay
43.8,left,0.970111261742,0.759450366113,-0.210660895629,decay
43.81,left,0.970933682805,0.759424724404,-0.211508958401,decay
43.82,left,0.97175939299,0.759399482386,-0.212359910603,decay
43.83,left,0.972584190675,0.759374439754,-0.213209750922,decay
43.84,left,0.973403877053,0.759349419693,-0.21405445736,decay
43.85,left,0.974214172484,0.759324272202,-0.214889900282,decay
43.86,left,0.975010710347,0.759298877823,-0.215711832524,decay
43.87,left,0.97578895439,0.75927315105,-0.21651580334,decay
43.88,left,0.976544469035,0.759247040855,-0.217297428179,decay
43.89,left,0.977273569114,0.75922052642,-0.218053042694,decay
43.9,left,0.977973733647,0.759193609485,-0.218780124163,decay
43.91,left,0.97864349527,0.75916630595,-0.21947718932,decay
43.92,left,0.97928205776,0.759138637698,-0.220143420062,decay
43.93,left,0.979888699398,0.759110624618,-0.22077807478,decay
43.94,left,0.980461959976,0.759082276676,-0.2213796833,decay
43.95,left,0.980999232679,0.759053585931,-0.221945646748,decay
43.96,left,0.981497170293,0.759024518341,-0.222472651952,decay
43.97,left,0.981952229666,0.758995006182,-0.222957223484,decay
43.98,left,0.982360814465,0.758964943847,-0.223395870618,decay
43.99,left,0.982719385662,0.75893418916,-0.223785196502,decay
44,left,0.983024662068,0.758902568592,-0.224122093476,decay
44.01,left,0.983273724851,0.758869883494,-0.224403841357,decay
44.02,left,0.983464479221,0.758835916265,-0.224628562956,decay
44.03,left,0.983596798256,0.758800436482,-0.224796361773,decay
44.04,left,0.983673677204,0.758763207154,-0.22491047005,decay
44.05,left,0.983701669997,0.758723991251,-0.224977678747,decay
44.06,left,0.983690529554,0.758682558673,-0.225007970881,decay
44.07,left,0.983652009352,0.758638693177,-0.225013316175,decay
44.08,left,0.983597804936,0.75859219739,-0.225005607546,decay
44.09,left,0.983537360526,0.758542894519,-0.224994466007,decay
44.1,left,0.983476411747,0.758490627993,-0.224985783754,decay
44.11,left,0.983416253198,0.758435261194,-0.224980992004,decay
44.12,left,0.983353562919,0.758376678168,-0.224976884751,decay
44.13,left,0.983281210285,0.758314785441,-0.224966424844,decay
44.14,left,0.983189997515,0.75824951501,-0.224940482505,decay
44.15,left,0.983070434384,0.758180828555,-0.224889605829,decay
44.16,left,0.982914041218,0.758108722978,-0.22480531824,decay
44.17,left,0.982714153785,0.758033236222,-0.224680917563,decay
44.18,left,0.982466089975,0.757954449946,-0.224511640029,decay
44.19,left,0.98216697837,0.757872486442,-0.224294491928,decay
44.2,left,0.981816000768,0.757787501744,-0.224028499024,decay
44.21,left,0.981415010931,0.757699678429,-0.223715332502,decay
44.22,left,0.980968532441,0.757609219473,-0.223359312968,decay
44.23,left,0.980482768876,0.757516343148,-0.222966425729,decay
44.24,left,0.979964412497,0.75742127881,-0.222543133688,decay
44.25,left,0.979419752225,0.757324263487,-0.222095488738,decay
44.26,left,0.978854008838,0.757225539126,-0.221628469712,decay
44.27,left,0.978271174073,0.757125350516,-0.221145823557,decay
44.28,left,0.977674427239,0.757023944082,-0.220650483157,decay
44.29,left,0.977066444725,0.756921567722,-0.220144877003,decay
44.3,left,0.976449359986,0.756818471427,-0.219630888559,decay
44.31,left,0.975824971323,0.756714908321,-0.219110063003,decay
44.32,left,0.975195446728,0.756611135946,-0.218584310782,decay
44.33,left,0.974564254696,0.756507417735,-0.218056836961,decay
44.34,left,0.973937187301,0.756404024624,-0.217533162678,decay
44.35,left,0.973323110419,0.756301236774,-0.217021873645,decay
44.36,left,0.972733578218,0.75619934536,-0.216534232858,decay
44.37,left,0.972181057057,0.756098653936,-0.216082403122,decay
44.38,left,0.971676671663,0.755999478009,-0.215677193654,decay
44.39,left,0.971228336339,0.755902141702,-0.215326194637,decay
44.4,left,0.970839485476,0.755806972157,-0.21503251332,decay
44.41,left,0.970508796844,0.755714292898,-0.214794503946,decay
44.42,left,0.970231155999,0.755624416545,-0.214606739454,decay
44.43,left,0.969999081511,0.755537636727,-0.214461444783,decay
44.44,left,0.969803796661,0.755454218993,-0.214349577668,decay
44.45,left,0.96963599458,0.755374390494,-0.214261604086,decay
44.46,left,0.969486423785,0.755298328224,-0.214188095561,decay
44.47,left,0.969346270473,0.75522614748,-0.214120122993,decay
44.48,left,0.969207648758,0.755157896298,-0.21404975246,decay
44.49,left,0.96906428631,0.755093560242,-0.213970726068,decay
44.5,left,0.968911678643,0.755033074172,-0.213878604472,decay
44.51,left,0.968746173819,0.754976335014,-0.213769838805,decay
44.52,left,0.968563629206,0.754923213173,-0.213640416034,decay
44.53,left,0.968358542679,0.754873562579,-0.2134849801,decay
44.54,left,0.968123786405,0.754827229575,-0.21329655683,decay
44.55,left,0.967851074285,0.754784060799,-0.213067013486,decay
44.56,left,0.967532672186,0.754743910241,-0.212788761945,decay
44.57,left,0.967163936366,0.75470664519,-0.212457291177,decay
44.58,left,0.966745327592,0.754672149829,-0.212073177763,decay
44.59,left,0.966283123924,0.754640325579,-0.211642798345,decay
44.6,left,0.965788815149,0.754611088972,-0.211177726177,decay
44.61,left,0.965277329714,0.754584368472,-0.210692961242,decay
44.62,left,0.964764605599,0.754560100777,-0.210204504821,decay
44.63,left,0.964265308192,0.754538226627,-0.209727081565,decay
44.64,left,0.963791028466,0.754518686043,-0.209272342423,decay
44.65,left,0.963348922272,0.754501412971,-0.208847509301,decay
44.66,left,0.962941252366,0.754486329227,-0.208454923139,decay
44.67,left,0.962566352315,0.754473338573,-0.208093013741,decay
44.68,left,0.962220442401,0.754462323592,-0.207758118809,decay
44.69,left,0.961899326473,0.754453147399,-0.207446179075,decay
44.7,left,0.961599800265,0.754445658674,-0.207154141591,decay
44.71,left,0.961320724023,0.754439697294,-0.206881026729,decay
44.72,left,0.961063446136,0.754435099479,-0.206628346657,decay
44.73,left,0.960831859427,0.754431702518,-0.206400156909,decay
44.74,left,0.960632365306,0.754429349152,-0.206203016154,decay
44.75,left,0.960473180827,0.754427891753,-0.206045289075,decay
44.76,left,0.960362750729,0.754427196379,-0.20593555435,decay
44.77,left,0.960308033191,0.754427146154,-0.205880887037,decay
44.78,left,0.960313306271,0.754427641905,-0.205885664366,decay
44.79,left,0.960379425129,0.754428598532,-0.205950826596,decay
44.8,left,0.960503524299,0.75442993828,-0.206073586019,decay
44.81,left,0.96067937843,0.754431583013,-0.206247795417,decay
44.82,left,0.960898061681,0.75443344633,-0.206464615352,decay
44.83,left,0.961148481063,0.754435425452,-0.206713055611,decay
44.84,left,0.961418273319,0.754437392814,-0.206980880505,decay
44.85,left,0.96169542033,0.754439187227,-0.207256233103,decay
44.86,left,0.961969879153,0.754440604511,-0.207529274641,decay
44.87,left,0.962234663864,0.754441389134,-0.20779327473,decay
44.88,left,0.962486532583,0.75444123181,-0.208045300772,decay
44.89,left,0.962726250023,0.754439776913,-0.208286473109,decay
44.9,left,0.962958155843,0.754436636988,-0.208521518855,decay
44.91,left,0.963189151547,0.754431409436,-0.20875774211,decay
44.92,left,0.963427307176,0.754423693575,-0.209003613602,decay
44.93,left,0.963679958452,0.754413108243,-0.209266850209,decay
44.94,left,0.963951586282,0.754399310349,-0.209552275933,decay
44.95,left,0.964242527963,0.754382014733,-0.20986051323,decay
44.96,left,0.964549055001,0.754361015763,-0.210188039239,decay
44.97,left,0.964864396099,0.754336207957,-0.210528188142,decay
44.98,left,0.965180440711,0.754307596422,-0.210872844289,decay
44.99,left,0.96548994042,0.754275290047,-0.211214650373,decay
45,left,0.965788216649,0.754239482869,-0.21154873378,decay
45.01,left,0.966073551282,0.754200433244,-0.211873118039,decay
45.02,left,0.966346619678,0.754158444557,-0.212188175121,decay
45.03,left,0.966609429423,0.754113847473,-0.21249558195,decay
45.04,left,0.966863916968,0.75406698335,-0.212796933618,decay
45.05,left,0.967110862631,0.754018188477,-0.213092674155,decay
45.06,left,0.967349803655,0.753967778805,-0.21338202485,decay
45.07,left,0.967579647897,0.753916036172,-0.213663611725,decay
45.08,left,0.967799230334,0.753863199858,-0.213936030477,decay
45.09,left,0.968007743925,0.753809466367,-0.214198277558,decay
45.1,left,0.968205284339,0.75375499502,-0.214450289319,decay
45.11,left,0.96839311592,0.753699915098,-0.214693200822,decay
45.12,left,0.968573423581,0.753644332846,-0.214929090735,decay
45.13,left,0.968749039396,0.753588338277,-0.215160701119,decay
45.14,left,0.968923251735,0.753532011832,-0.215391239903,decay
45.15,left,0.969099383305,0.753475431003,-0.215623952302,decay
45.16,left,0.969280334878,0.753418676991,-0.215861657886,decay
45.17,left,0.969468262742,0.753361840766,-0.216106421976,decay
45.18,left,0.969664003733,0.753305026386,-0.216358977347,decay
45.19,left,0.969866287558,0.753248349929,-0.216617937628,decay
45.2,left,0.970071512551,0.753191935265,-0.216879577287,decay
45.21,left,0.970274356345,0.753135908881,-0.217138447464,decay
45.22,left,0.970468612183,0.753080394606,-0.217388217577,decay
45.23,left,0.970647920346,0.753025508192,-0.217622412154,decay
45.24,left,0.970806450023,0.752971351641,-0.217835098382,decay
45.25,left,0.970939142548,0.752918007157,-0.218021135391,decay
45.26,left,0.971041345224,0.7528655306,-0.218175814623,decay
45.27,left,0.97110847214,0.752813945299,-0.21829452684,decay
45.28,left,0.971135955436,0.752763239125,-0.218372716312,decay
45.29,left,0.971119114118,0.752713367059,-0.218405747059,decay
45.3,left,0.971053150782,0.752664257562,-0.21838889322,decay
45.31,left,0.970933791536,0.752615819719,-0.218317971817,decay
45.32,left,0.970758263449,0.752567949993,-0.218190313457,decay
45.33,left,0.970526090781,0.752520538617,-0.218005552164,decay
45.34,left,0.97023981482,0.752473475742,-0.217766339078,decay
45.35,left,0.969905627638,0.752426657463,-0.217478970175,decay
45.36,left,0.969533337547,0.752379991857,-0.21715334569,decay
45.37,left,0.969135495122,0.752333404377,-0.216802090744,decay
45.38,left,0.968726135384,0.752286840287,-0.216439295097,decay
45.39,left,0.968319127293,0.75224026241,-0.216078864883,decay
45.4,left,0.96792598822,0.752193645526,-0.215732342694,decay
45.41,left,0.967554083347,0.752146969844,-0.215407113503,decay
45.42,left,0.967206220993,0.752100214488,-0.215106006505,decay
45.43,left,0.966881403216,0.752053350974,-0.214828052242,decay
45.44,left,0.966576123082,0.75200633659,-0.214569786491,decay
45.45,left,0.966285982787,0.751959107583,-0.214326875204,decay
45.46,left,0.966007236464,0.751911572041,-0.214095664423,decay
45.47,left,0.965737839432,0.751863603463,-0.213874235969,decay
45.48,left,0.965478084748,0.751815038222,-0.213663046526,decay
45.49,left,0.965230886905,0.751765679409,-0.213465207496,decay
45.5,left,0.965001188891,0.751715305271,-0.21328588362,decay
45.51,left,0.96479429235,0.751663678983,-0.213130613366,decay
45.52,left,0.964614062224,0.751610558571,-0.213003503653,decay
45.53,left,0.964461849532,0.751555707054,-0.212906142479,decay
45.54,left,0.964336043916,0.751498903049,-0.212837140867,decay
45.55,left,0.964232361222,0.751439952061,-0.212792409161,decay
45.56,left,0.964145131648,0.751378698675,-0.212766432973,decay
45.57,left,0.964068933751,0.751315038329,-0.212753895422,decay
45.58,left,0.963999678879,0.751248923897,-0.212750754982,decay
45.59,left,0.963935037743,0.751180363528,-0.212754674215,decay
45.6,left,0.963874343646,0.751109412526,-0.212764931121,decay
45.61,left,0.963818020717,0.751036164284,-0.212781856432,decay
45.62,left,0.963767134016,0.750960742255,-0.212806391761,decay
45.63,left,0.963723793772,0.750883292962,-0.212840500809,decay
45.64,left,0.963692088858,0.750803979927,-0.212888108931,decay
45.65,left,0.963678634055,0.750722978373,-0.212955655682,decay
45.66,left,0.963692513312,0.750640470587,-0.213052042726,decay
45.67,left,0.963744693938,0.750556641896,-0.213188052043,decay
45.68,left,0.963846611425,0.750471677425,-0.213374934,decay
45.69,left,0.964008167459,0.750385759733,-0.213622407726,decay
45.7,left,0.964236071552,0.750299067087,-0.213937004465,decay
45.71,left,0.96453279342,0.750211772039,-0.214321021381,decay
45.72,left,0.964895903675,0.750124040108,-0.214771863567,decay
45.73,left,0.965318186208,0.750036028513,-0.215282157695,decay
45.74,left,0.965788728881,0.749947884874,-0.215840844007,decay
45.75,left,0.966294314319,0.749859745842,-0.216434568476,decay
45.76,left,0.966820755146,0.749771735585,-0.217049019561,decay
45.77,left,0.967354515001,0.749683964371,-0.217670550631,decay
45.78,left,0.967884383869,0.749596528146,-0.218287855722,decay
45.79,left,0.968402357194,0.749509509752,-0.218892847441,decay
45.8,left,0.968903566457,0.74942298126,-0.219480585197,decay
45.81,left,0.969385663554,0.74933700646,-0.220048657094,decay
45.82,left,0.969847622324,0.749251643135,-0.220595979189,decay
45.83,left,0.970288185433,0.749166945093,-0.22112124034,decay
45.84,left,0.970704981737,0.749082963991,-0.221622017746,decay
45.85,left,0.971094730165,0.748999750953,-0.222094979211,decay
45.86,left,0.971453970453,0.748917357999,-0.222536612454,decay
45.87,left,0.971780030312,0.748835839079,-0.222944191233,decay
45.88,left,0.972072040841,0.748755250053,-0.223316790789,decay
45.89,left,0.972331291515,0.748675647085,-0.22365564443,decay
45.9,left,0.972560669927,0.748597083811,-0.223963586116,decay
45.91,left,0.972763811044,0.748519607904,-0.22424420314,decay
45.92,left,0.972944293908,0.748443257265,-0.224501036643,decay
45.93,left,0.973104562362,0.748368055775,-0.224736506587,decay
45.94,left,0.973244678623,0.748294008556,-0.224950670066,decay
45.95,left,0.973361699384,0.748221096639,-0.225140602746,decay
45.96,left,0.9734500167,0.748149270961,-0.225300745739,decay
45.97,left,0.973502479629,0.748078446707,-0.225424032922,decay
45.98,left,0.97351235096,0.748008501319,-0.225503849641,decay
45.99,left,0.973475723174,0.747939278738,-0.225536444436,decay
46,left,0.973393158706,0.747870598024,-0.225522560682,decay
46.01,left,0.973269841839,0.747802262978,-0.225467578861,decay
46.02,left,0.973114406493,0.747734071524,-0.22538033497,decay
46.03,left,0.972936645475,0.747665824894,-0.225270820582,decay
46.04,left,0.972744816472,0.747597336844,-0.225147479629,decay
46.05,left,0.972544007007,0.747528443073,-0.225015563935,decay
46.06,left,0.972336319294,0.74745901105,-0.224877308243,decay
46.07,left,0.972122101903,0.747388949137,-0.224733152767,decay
46.08,left,0.971901127341,0.747318211086,-0.224582916256,decay
46.09,left,0.971673431166,0.747246792964,-0.224426638202,decay
46.1,left,0.971439699178,0.747174724787,-0.224264974391,decay
46.11,left,0.971200983401,0.747102060955,-0.224098922445,decay
46.12,left,0.970958319714,0.747028871106,-0.223929448607,decay
46.13,left,0.970712994419,0.746955231344,-0.223757763075,decay
46.14,left,0.970467090426,0.746881215711,-0.223585874714,decay
46.15,left,0.970223757917,0.746806887738,-0.22341687018,decay
46.16,left,0.969987466764,0.746732291921,-0.223255174843,decay
46.17,left,0.969764293201,0.746657446009,-0.223106847192,decay
46.18,left,0.969561772278,0.746582337162,-0.222979435116,decay
46.19,left,0.969388262928,0.746506924317,-0.222881338611,decay
46.2,left,0.969252088415,0.746431144971,-0.222820943444,decay
46.21,left,0.969160450605,0.746354923197,-0.222805527409,decay
46.22,left,0.969118359398,0.746278177641,-0.222840181756,decay
46.23,left,0.969128368561,0.746200829562,-0.222927538999,decay
46.24,left,0.969191197079,0.746122811028,-0.223068386051,decay
46.25,left,0.96930610419,0.746044073446,-0.223262030744,decay
46.26,left,0.969470382978,0.745964596562,-0.223505786416,decay
46.27,left,0.969678612664,0.745884396994,-0.22379421567,decay
46.28,left,0.969922278223,0.745803533052,-0.224118745171,decay
46.29,left,0.970189999237,0.745722103359,-0.224467895878,decay
46.3,left,0.970468753995,0.745640241185,-0.224828512809,decay
46.31,left,0.970745797087,0.745558107888,-0.225187689199,decay
46.32,left,0.971010120786,0.745475886791,-0.225534233995,decay
46.33,left,0.971252986439,0.745393777467,-0.225859208972,decay
46.34,left,0.971468022987,0.745311990312,-0.226156032674,decay
46.35,left,0.971651121695,0.745230741251,-0.226420380444,decay
46.36,left,0.971799866519,0.745150246452,-0.226649620067,decay
46.37,left,0.971912780837,0.745070717339,-0.226842063499,decay
46.38,left,0.971989076587,0.74499235707,-0.226996719517,decay
46.39,left,0.972028810609,0.744915359378,-0.227113451231,decay
46.4,left,0.972033056503,0.74483990894,-0.227193147563,decay
46.41,left,0.972004263691,0.744766181874,-0.227238081817,decay
46.42,left,0.971946597829,0.744694345758,-0.227252252071,decay
46.43,left,0.97186549961,0.74462455908,-0.22724094053,decay
46.44,left,0.971766496246,0.744556970071,-0.227209526175,decay
46.45,left,0.971654006115,0.744491714857,-0.227162291258,decay
46.46,left,0.971530510752,0.744428914871,-0.22710159588,decay
46.47,left,0.971396277193,0.744368673925,-0.227027603267,decay
46.48,left,0.971249907392,0.744311076372,-0.22693883102,decay
46.49,left,0.971089385254,0.744256187424,-0.22683319783,decay
46.5,left,0.970912659187,0.74420405476,-0.226708604427,decay
46.51,left,0.970717495208,0.744154709869,-0.226562785338,decay
46.52,left,0.970501246736,0.744108168499,-0.226393078237,decay
46.53,left,0.970260756333,0.744064430152,-0.226196326181,decay
46.54,left,0.969992332161,0.744023476629,-0.225968855531,decay
46.55,left,0.969692433445,0.743985269575,-0.225707163869,decay
46.56,left,0.96935935838,0.743949747017,-0.225409611364,decay
46.57,left,0.96899492671,0.743916819557,-0.225078107153,decay
46.58,left,0.96860508524,0.743886368449,-0.224718716791,decay
46.59,left,0.968199205951,0.743858247235,-0.224340958716,decay
46.6,left,0.967788183839,0.743832285707,-0.223955898132,decay
46.61,left,0.967381872633,0.743808293969,-0.223573578664,decay
46.62,left,0.96698703358,0.74378606571,-0.223200967871,decay
46.63,left,0.966606607637,0.743765380736,-0.222841226901,decay
46.64,left,0.966240086594,0.743746006832,-0.222494079762,decay
46.65,left,0.965884558619,0.743727701046,-0.222156857573,decay
46.66,left,0.965536388524,0.743710210478,-0.221826178046,decay
46.67,left,0.965193081047,0.743693273001,-0.221499808045,decay
46.68,left,0.964854448937,0.743676619133,-0.221177829804,decay
46.69,left,0.964523027415,0.743659975981,-0.220863051434,decay
46.7,left,0.964204164163,0.743643072772,-0.220561091392,decay
46.71,left,0.963905503923,0.743625646924,-0.220279856999,decay
46.72,left,0.963635661001,0.743607450364,-0.220028210637,decay
46.73,left,0.963402732972,0.743588256201,-0.219814476771,decay
46.74,left,0.963213115887,0.743567865923,-0.219645249965,decay
46.75,left,0.963070593265,0.743546117302,-0.219524475962,decay
46.76,left,0.96297599977,0.743522893166,-0.219453106604,decay
46.77,left,0.962927742125,0.743498129832,-0.219429612293,decay
46.78,left,0.962922635875,0.743471821036,-0.219450814839,decay
46.79,left,0.96295634624,0.74344401419,-0.21951233205,decay
46.8,left,0.963023567528,0.743414801381,-0.219608766147,decay
46.81,left,0.963118297211,0.743384309436,-0.219733987775,decay
46.82,left,0.963234076493,0.743352690743,-0.219881385749,decay
46.83,left,0.963364449159,0.74332011479,-0.220044334369,decay
46.84,left,0.963504133553,0.743286760259,-0.220217373294,decay
46.85,left,0.963650258695,0.743252807508,-0.220397451187,decay
46.86,left,0.96380255851,0.743218431273,-0.220584127237,decay
46.87,left,0.963962464605,0.743183794003,-0.220778670602,decay
46.88,left,0.964131562211,0.743149041459,-0.220982520752,decay
46.89,left,0.964309757898,0.743114301793,-0.221195456104,decay
46.9,left,0.96449398896,0.743079687049,-0.221414301912,decay
46.91,left,0.96467841903,0.743045295225,-0.221633123804,decay
46.92,left,0.964855926559,0.743011212158,-0.221844714401,decay
46.93,left,0.965019896959,0.742977513146,-0.222042383813,decay
46.94,left,0.965165742763,0.742944264336,-0.222221478427,decay
46.95,left,0.965291832349,0.742911523869,-0.22238030848,decay
46.96,left,0.965399223262,0.742879342785,-0.222519880477,decay
46.97,left,0.965490104785,0.742847765689,-0.222642339096,decay
46.98,left,0.965565889786,0.742816831171,-0.222749058616,decay
46.99,left,0.965625763303,0.742786571994,-0.22283919131,decay
47,left,0.96566580549,0.742757015016,-0.222908790474,decay
47.01,left,0.965678971063,0.742728180862,-0.222950790201,decay
47.02,left,0.965656193581,0.742700083309,-0.222956110273,decay
47.03,left,0.965588126624,0.742672728391,-0.222915398233,decay
47.04,left,0.965466917782,0.742646113195,-0.222820804587,decay
47.05,left,0.965287918999,0.742620224321,-0.222667694678,decay
47.06,left,0.965051179118,0.742595036,-0.222456143119,decay
47.07,left,0.964762250325,0.7425705081,-0.222191742225,decay
47.08,left,0.96443225781,0.742546584842,-0.221885672967,decay
47.09,left,0.964077626766,0.742523194845,-0.221554431921,decay
47.1,left,0.963719276483,0.742500252032,-0.221219024451,decay
47.11,left,0.963380828042,0.742477656566,-0.220903171476,decay
47.12,left,0.963086249892,0.742455295485,-0.220630954407,decay
47.13,left,0.96285751795,0.742433043036,-0.220424474914,decay
47.14,left,0.962712226232,0.742410760761,-0.220301465471,decay
47.15,left,0.962661485044,0.742388297341,-0.220273187702,decay
47.16,left,0.962709041129,0.742365488258,-0.220343552871,decay
47.17,left,0.962851877733,0.742342155708,-0.220509722025,decay
47.18,left,0.963081845336,0.742318110147,-0.220763735189,decay
47.19,left,0.963387919919,0.742293154521,-0.221094765398,decay
47.2,left,0.963758422133,0.74226709054,-0.221491331593,decay
47.21,left,0.964182206911,0.742239725774,-0.221942481137,decay
47.22,left,0.964648690263,0.742210881175,-0.222437809088,decay
47.23,left,0.965147674305,0.742180399128,-0.222967275176,decay
47.24,left,0.965669449358,0.742148152221,-0.223521297137,decay
47.25,left,0.966204705392,0.742114052893,-0.2240906525,decay
47.26,left,0.966744225729,0.742078064168,-0.224666161561,decay
47.27,left,0.967278881642,0.742040209771,-0.22523867187,decay
47.28,left,0.967799866747,0.742000577995,-0.225799288752,decay
47.29,left,0.968298902478,0.741959314994,-0.226339587484,decay
47.3,left,0.968768589135,0.741916610713,-0.226851978422,decay
47.31,left,0.969202719987,0.741872683217,-0.22733003677,decay
47.32,left,0.96959600883,0.741827763606,-0.227768245224,decay
47.33,left,0.969943502975,0.741782081464,-0.22816142151,decay
47.34,left,0.970240518845,0.741735850514,-0.228504668332,decay
47.35,left,0.97048319903,0.741689254224,-0.228793944806,decay
47.36,left,0.970669250004,0.741642431077,-0.229026818928,decay
47.37,left,0.970798837928,0.741595461026,-0.229203376902,decay
47.38,left,0.970875382535,0.741548358534,-0.229327024001,decay
47.39,left,0.970905303773,0.741501076278,-0.229404227496,decay
47.4,left,0.970896730442,0.74145351637,-0.229443214072,decay
47.41,left,0.970858402431,0.741405543438,-0.229452858993,decay
47.42,left,0.970799247291,0.741356997386,-0.229442249904,decay
47.43,left,0.970728129221,0.741307705874,-0.229420423347,decay
47.44,left,0.970653553001,0.741257496737,-0.229396056264,decay
47.45,left,0.970583245547,0.741206210609,-0.229377034938,decay
47.46,left,0.970523345749,0.741153713972,-0.229369631777,decay
47.47,left,0.970477511848,0.741099911487,-0.22937760036,decay
47.48,left,0.970446684327,0.741044753509,-0.229401930819,decay
47.49,left,0.970429492582,0.740988235656,-0.229441256927,decay
47.5,left,0.970422727028,0.740930392938,-0.22949233409,decay
47.51,left,0.970421933695,0.740871292829,-0.229550640866,decay
47.52,left,0.970422542986,0.740811029024,-0.229611513962,decay
47.53,left,0.970421128896,0.740749715941,-0.229671412956,decay
47.54,left,0.970416122505,0.740687483824,-0.229728638681,decay
47.55,left,0.970408055212,0.740624474376,-0.229783580836,decay
47.56,left,0.970399497956,0.740560836796,-0.22983866116,decay
47.57,left,0.9703945967,0.740496724327,-0.229897872373,decay
47.58,left,0.970398632887,0.740432291849,-0.229966341038,decay
47.59,left,0.97041808683,0.740367694895,-0.230050391934,decay
47.6,left,0.970460760017,0.740303089691,-0.230157670327,decay
47.61,left,0.970535386166,0.740238633526,-0.23029675264,decay
47.62,left,0.970650800387,0.740174485178,-0.230476315209,decay
47.63,left,0.970814728636,0.740110805309,-0.230703923328,decay
47.64,left,0.971032126848,0.740047756826,-0.230984370022,decay
47.65,left,0.97130366841,0.739985505152,-0.231318163258,decay
47.66,left,0.971625312714,0.739924218381,-0.231701094333,decay
47.67,left,0.971988842164,0.739864067051,-0.232124775113,decay
47.68,left,0.972382546073,0.739805222801,-0.232577323273,decay
47.69,left,0.972791979785,0.739747855334,-0.233044124451,decay
47.7,left,0.973201067499,0.739692127984,-0.233508939515,decay
47.71,left,0.973593393725,0.739638192492,-0.233955201233,decay
47.72,left,0.973953778226,0.739586183156,-0.23436759507,decay
47.73,left,0.974270304283,0.739536210264,-0.234734094019,decay
47.74,left,0.974536138831,0.739488352658,-0.235047786173,decay
47.75,left,0.974750366238,0.739442649289,-0.235307716949,decay
47.76,left,0.974917949229,0.739399089615,-0.235518859614,decay
47.77,left,0.975049147541,0.739357604029,-0.235691543512,decay
47.78,left,0.975158158557,0.739318058412,-0.235840100145,decay
47.79,left,0.975261005168,0.739280255898,-0.235980749271,decay
47.8,left,0.975373486191,0.739243943511,-0.23612954268,decay
47.81,left,0.975509533282,0.739208819442,-0.23630071384,decay
47.82,left,0.975679641625,0.739174539326,-0.236505102299,decay
47.83,left,0.975889747571,0.739140721558,-0.236749026013,decay
47.84,left,0.976141173811,0.739106951802,-0.237034222009,decay
47.85,left,0.976431245284,0.739072786871,-0.237358458413,decay
47.86,left,0.976753986601,0.739037758137,-0.237716228464,decay
47.87,left,0.977100884458,0.73900137524,-0.238099509218,decay
47.88,left,0.977461439825,0.738963132093,-0.238498307732,decay
47.89,left,0.97782309114,0.738922516818,-0.238900574321,decay
47.9,left,0.978171024075,0.738879024811,-0.239291999263,decay
47.91,left,0.978488748373,0.738832173382,-0.239656574991,decay
47.92,left,0.978759377126,0.738781517526,-0.2399778596,decay
47.93,left,0.978967034165,0.738726667143,-0.240240367022,decay
47.94,left,0.979098289254,0.738667306066,-0.240430983188,decay
47.95,left,0.979143415272,0.738603213329,-0.240540201943,decay
47.96,left,0.979096673663,0.738534287054,-0.24056238661,decay
47.97,left,0.978955423779,0.738460567478,-0.240494856301,decay
47.98,left,0.978718846426,0.738382247238,-0.240336599188,decay
47.99,left,0.978386860776,0.738299659864,-0.240087200912,decay
48,left,0.977959478345,0.738213253271,-0.239746225074,decay
48.01,left,0.977437069843,0.738123560432,-0.239313509411,decay
48.02,left,0.976821549092,0.73803117191,-0.238790377182,decay
48.03,left,0.976117675623,0.737936710136,-0.238180965487,decay
48.04,left,0.975333869195,0.737840804858,-0.237493064337,decay
48.05,left,0.974482526767,0.737744069233,-0.236738457534,decay
48.06,left,0.973579795493,0.737647076017,-0.235932719476,decay
48.07,left,0.972644661234,0.737550335566,-0.235094325667,decay
48.08,left,0.971697791921,0.737454282099,-0.234243509822,decay
48.09,left,0.970760676195,0.737359273097,-0.233401403097,decay
48.1,left,0.969854672282,0.73726559775,-0.232589074532,decay
48.11,left,0.968999566426,0.737173487288,-0.231826079138,decay
48.12,left,0.968212246583,0.73708312432,-0.231129122263,decay
48.13,left,0.96750593033,0.736994650999,-0.230511279331,decay
48.14,left,0.966889613633,0.736908176119,-0.229981437514,decay
48.15,left,0.966367742534,0.736823781212,-0.229543961322,decay
48.16,left,0.965940396129,0.7367415257,-0.229198870429,decay
48.17,left,0.965603637473,0.736661451429,-0.228942186044,decay
48.18,left,0.965349636523,0.736583587362,-0.228766049162,decay
48.19,left,0.965166913138,0.73650795507,-0.228658958068,decay
48.2,left,0.965041036911,0.736434574668,-0.228606462243,decay
48.21,left,0.964955459775,0.736363470507,-0.228591989268,decay
48.22,left,0.964892322005,0.736294676403,-0.228597645602,decay
48.23,left,0.964833565463,0.736228240432,-0.228605325031,decay
48.24,left,0.964762235268,0.736164229374,-0.228598005895,decay
48.25,left,0.964663621675,0.736102732859,-0.228560888815,decay
48.26,left,0.964526609566,0.736043867262,-0.228482742304,decay
48.27,left,0.964345457727,0.735987778534,-0.228357679192,decay
48.28,left,0.964121186551,0.735934641348,-0.228186545202,decay
48.29,left,0.963861773551,0.735884652524,-0.227977121028,decay
48.3,left,0.963580997469,0.735838020087,-0.227742977382,decay
48.31,left,0.963295868501,0.735794950495,-0.227500918006,decay
48.32,left,0.963023114809,0.735755634888,-0.227267479921,decay
48.33,left,0.962776116383,0.735720234208,-0.227055882176,decay
48.34,left,0.962563346527,0.735688862897,-0.22687448363,decay
48.35,left,0.962388088721,0.735661570874,-0.226726517847,decay
48.36,left,0.962248844802,0.735638323484,-0.226610521318,decay
48.37,left,0.962140489335,0.735618982304,-0.226521507031,decay
48.38,left,0.962056097218,0.735603296566,-0.226452800652,decay
48.39,left,0.961988805564,0.735590912604,-0.226397892961,decay
48.4,left,0.961933536722,0.735581395811,-0.226352140911,decay
48.41,left,0.961888667659,0.735574255158,-0.226314412502,decay
48.42,left,0.961856947941,0.73556896645,-0.226287981492,decay
48.43,left,0.961845131812,0.735564994468,-0.226280137343,decay
48.44,left,0.961862853146,0.735561814468,-0.226301038678,decay
48.45,left,0.961921125298,0.735558933513,-0.226362191785,decay
48.46,left,0.962030312956,0.735555912111,-0.226474400846,decay
48.47,left,0.962198048354,0.735552384384,-0.226645663969,decay
48.48,left,0.96242800714,0.735548070275,-0.226879936865,decay
48.49,left,0.962719593122,0.73554277485,-0.227176818273,decay
48.5,left,0.963067997757,0.735536378736,-0.22753161902,decay
48.51,left,0.963464860856,0.735528826783,-0.227936034073,decay
48.52,left,0.963899762468,0.735520117751,-0.228379644717,decay
48.53,left,0.964361543311,0.735510295154,-0.228851248156,decay
48.54,left,0.964838794046,0.735499439094,-0.229339354951,decay
48.55,left,0.965320108475,0.735487658949,-0.229832449527,decay
48.56,left,0.965794332892,0.735475086789,-0.230319246102,decay
48.57,left,0.966250600062,0.735461871179,-0.230788728883,decay
48.58,left,0.96667853151,0.735448170606,-0.231230360904,decay
48.59,left,0.967068804137,0.735434145921,-0.231634658216,decay
48.6,left,0.967413599794,0.735419952001,-0.231993647793,decay
48.61,left,0.967706876758,0.735405729097,-0.23230114766,decay
48.62,left,0.967944793363,0.735391593983,-0.23255319938,decay
48.63,left,0.968125897575,0.735377630729,-0.232748266846,decay
48.64,left,0.968250396278,0.735363880946,-0.232886515331,decay
48.65,left,0.968318845244,0.735350333316,-0.232968511929,decay
48.66,left,0.968331288479,0.735336912227,-0.232994376252,decay
48.67,left,0.968287136037,0.735323467355,-0.232963668682,decay
48.68,left,0.968185517821,0.735309770232,-0.232875747589,decay
48.69,left,0.968026140186,0.735295522475,-0.232730617711,decay
48.7,left,0.967810356276,0.735280372293,-0.232529983983,decay
48.71,left,0.96754176272,0.735263933182,-0.232277829538,decay
48.72,left,0.967226296573,0.735245802516,-0.231980494058,decay
48.73,left,0.966872093704,0.735225580212,-0.231646513493,decay
48.74,left,0.966488844313,0.735202887862,-0.231285956451,decay
48.75,left,0.966086774214,0.735177388728,-0.230909385486,decay
48.76,left,0.965676106725,0.735148809023,-0.230527297702,decay
48.77,left,0.965267078574,0.735116958149,-0.230150120425,decay
48.78,left,0.964869563789,0.735081739787,-0.229787824002,decay
48.79,left,0.964492036477,0.735043147676,-0.229448888801,decay
48.8,left,0.964140635402,0.735001250895,-0.229139384507,decay
48.81,left,0.963818672641,0.734956177234,-0.228862495407,decay
48.82,left,0.963526337613,0.734908098016,-0.228618239596,decay
48.83,left,0.963260788133,0.734857214411,-0.228403573723,decay
48.84,left,0.963016883449,0.734803744967,-0.228213138483,decay
48.85,left,0.962788120784,0.734747914132,-0.228040206652,decay
48.86,left,0.96256733367,0.734689941512,-0.227877392158,decay
48.87,left,0.962347192892,0.734630032378,-0.227717160514,decay
48.88,left,0.962120414099,0.73456837148,-0.227552042619,decay
48.89,left,0.961879564523,0.734505121715,-0.227374442808,decay
48.9,left,0.961617038053,0.73444042629,-0.227176611762,decay
48.91,left,0.961325770615,0.734374412032,-0.226951358583,decay
48.92,left,0.961000321699,0.734307192873,-0.226693128826,decay
48.93,left,0.960637706995,0.734238873476,-0.226398833519,decay
48.94,left,0.960237961466,0.734169553012,-0.226068408454,decay
48.95,left,0.95980424523,0.734099329125,-0.225704916105,decay
48.96,left,0.959342057319,0.734028302128,-0.22531375519,decay
48.97,left,0.958858128629,0.733956579038,-0.224901549591,decay
48.98,left,0.958359869676,0.73388427612,-0.224475593556,decay
48.99,left,0.95785510217,0.733811518967,-0.224043583204,decay
49,left,0.957351589399,0.733738440828,-0.223613148571,decay
49.01,left,0.956856644791,0.733665180558,-0.223191464232,decay
49.02,left,0.95637704296,0.733591880677,-0.222785162283,decay
49.03,left,0.955919067992,0.73351868554,-0.222400382453,decay
49.04,left,0.955488740292,0.73344573954,-0.222043000752,decay
49.05,left,0.955092181731,0.733373185296,-0.221718996435,decay
49.06,left,0.95473556694,0.733301161733,-0.221434405207,decay
49.07,left,0.954424404935,0.733229802082,-0.221194602853,decay
49.08,left,0.954162779041,0.733159231879,-0.221003547162,decay
49.09,left,0.953953003645,0.733089567058,-0.220863436587,decay
49.1,left,0.953795268757,0.733020911954,-0.220774356803,decay
49.11,left,0.953687174637,0.732953356991,-0.220733817647,decay
49.12,left,0.953623789984,0.732886975888,-0.220736814096,decay
49.13,left,0.953598284535,0.732821822339,-0.220776462196,decay
49.14,left,0.953602689483,0.732757926073,-0.22084476341,decay
49.15,left,0.953628862826,0.732695288228,-0.220933574598,decay
49.16,left,0.95366970503,0.732633875961,-0.221035829069,decay
49.17,left,0.953720075788,0.732573617176,-0.221146458612,decay
49.18,left,0.953777181582,0.732514398319,-0.221262783264,decay
49.19,left,0.953840779542,0.732456067501,-0.221384712041,decay
49.2,left,0.953913145156,0.732398441288,-0.221514703868,decay
49.21,left,0.953998373777,0.732341312176,-0.221657061601,decay
49.22,left,0.954101271981,0.732284455618,-0.221816816363,decay
49.23,left,0.954226573812,0.732227636658,-0.221998937155,decay
49.24,left,0.95437848246,0.732170616326,-0.222207866134,decay
49.25,left,0.954560169757,0.732113157974,-0.222447011783,decay
49.26,left,0.954773485121,0.732055033682,-0.22271845144,decay
49.27,left,0.955019093938,0.731996030338,-0.2230230636,decay
49.28,left,0.955296807637,0.731935953715,-0.223360853922,decay
49.29,left,0.955606124584,0.731874629289,-0.223731495295,decay
49.3,left,0.955946919946,0.731811900909,-0.224135019037,decay
49.31,left,0.956319640539,0.731747629233,-0.224572011306,decay
49.32,left,0.956724817633,0.731681690707,-0.225043126926,decay
49.33,left,0.957162551895,0.731613977189,-0.225548574705,decay
49.34,left,0.957632307378,0.731544396231,-0.226087911146,decay
49.35,left,0.958132708374,0.731472872057,-0.226659836317,decay
49.36,left,0.958661329078,0.731399347274,-0.227261981804,decay
49.37,left,0.959214797006,0.731323784996,-0.22789101201,decay
49.38,left,0.959788930753,0.731246170289,-0.228542760464,decay
49.39,left,0.960378541791,0.731166510113,-0.229212031678,decay
49.4,left,0.960977405356,0.73108483242,-0.229892572936,decay
49.41,left,0.961578760427,0.731001185566,-0.230577574861,decay
49.42,left,0.962175848225,0.730915638514,-0.231260209711,decay
49.43,left,0.962762372651,0.730828281852,-0.231934090799,decay
49.44,left,0.963333264887,0.730739229642,-0.232594035245,decay
49.45,left,0.963885336198,0.730648622079,-0.233236714119,decay
49.46,left,0.964417062838,0.730556629003,-0.233860433835,decay
49.47,left,0.964927831485,0.730463453392,-0.234464378093,decay
49.48,left,0.965417408386,0.730369332163,-0.235048076223,decay
49.49,left,0.965885532451,0.730274532202,-0.235611000249,decay
49.5,left,0.966331351271,0.730179343061,-0.23615200821,decay
49.51,left,0.966753120829,0.730084068921,-0.236669051908,decay
49.52,left,0.967148474278,0.729989020791,-0.237159453487,decay
49.53,left,0.967515017965,0.729894508832,-0.237620509133,decay
49.54,left,0.967851271727,0.729800834619,-0.238050437108,decay
49.55,left,0.968157926655,0.729708283121,-0.238449643534,decay
49.56,left,0.96843853903,0.72961711422,-0.238821424809,decay
49.57,left,0.968698973968,0.729527554532,-0.239171419436,decay
49.58,left,0.968946075076,0.729439792422,-0.239506282653,decay
49.59,left,0.969186157403,0.729353978388,-0.239832179015,decay
49.6,left,0.969423432032,0.729270228999,-0.240153203033,decay
49.61,left,0.969658807754,0.729188631248,-0.240470176507,decay
49.62,left,0.969889683684,0.729109246019,-0.240780437664,decay
49.63,left,0.970110482867,0.729032110609,-0.241078372258,decay
49.64,left,0.970313309108,0.728957240314,-0.241356068794,decay
49.65,left,0.970488795129,0.728884629106,-0.241604166023,decay
49.66,left,0.970627333489,0.728814249404,-0.241813084085,decay
49.67,left,0.970720310607,0.728746051539,-0.241974259068,decay
49.68,left,0.970761182638,0.728679964799,-0.242081217839,decay
49.69,left,0.970746616589,0.728615901498,-0.242130715091,decay
49.7,left,0.970677293727,0.728553763063,-0.242123530664,decay
49.71,left,0.970557719754,0.728493446322,-0.242064273432,decay
49.72,left,0.970395123076,0.728434849299,-0.241960273777,decay
49.73,left,0.970197767745,0.728377876573,-0.241819891172,decay
49.74,left,0.969972941441,0.728322444298,-0.241650497142,decay
49.75,left,0.969725472039,0.728268485013,-0.241456987025,decay
49.76,left,0.969457726522,0.728215952305,-0.241241774217,decay
49.77,left,0.969170802222,0.728164824904,-0.241005977318,decay
49.78,left,0.968865752448,0.728115108594,-0.240750643854,decay
49.79,left,0.968544428891,0.728066834707,-0.240477594184,decay
49.8,left,0.968210165102,0.72802005615,-0.240190108951,decay
49.81,left,0.96786799446,0.72797484263,-0.23989315183,decay
49.82,left,0.967524172766,0.727931275697,-0.239592897069,decay
49.83,left,0.967185581265,0.727889443592,-0.239296137673,decay
49.84,left,0.966859231491,0.727849435779,-0.239009795712,decay
49.85,left,0.966551524372,0.727811337062,-0.238740187311,decay
49.86,left,0.96626757407,0.727775221167,-0.238492352903,decay
49.87,left,0.966011126622,0.727741144324,-0.238269982298,decay
49.88,left,0.965784810211,0.727709140739,-0.238075669473,decay
49.89,left,0.965590459475,0.727679221394,-0.237911238082,decay
49.9,left,0.965429785953,0.727651374995,-0.237778410958,decay
49.91,left,0.965305172355,0.727625568977,-0.237679603378,decay
49.92,left,0.965219743536,0.727601749731,-0.237617993805,decay
49.93,left,0.965176573826,0.727579841975,-0.237596731851,decay
49.94,left,0.965177707631,0.727559747297,-0.237617960334,decay
49.95,left,0.965223216542,0.727541341842,-0.237681874701,decay
49.96,left,0.965310319837,0.727524473144,-0.237785846693,decay
49.97,left,0.965433329158,0.727508956971,-0.237924372187,decay
49.98,left,0.965584853908,0.727494576939,-0.238090276969,decay
49.99,left,0.965757562338,0.727481088996,-0.238276473341,decay
50,left,0.965945809627,0.727468229348,-0.238477580279,decay
50.01,left,0.966146885785,0.727455723114,-0.238691162672,decay
50.02,left,0.966361369246,0.727443292764,-0.238918076482,decay
50.03,left,0.966592240235,0.727430666418,-0.239161573817,decay
50.04,left,0.966843317328,0.72741758621,-0.239425731117,decay
50.05,left,0.967117703105,0.727403816938,-0.239713886167,decay
50.06,left,0.967416319063,0.727389155168,-0.240027163895,decay
50.07,left,0.967736766497,0.727373437917,-0.24036332858,decay
50.08,left,0.968073185352,0.727356547646,-0.240716637706,decay
50.09,left,0.968417081235,0.727338411103,-0.241078670132,decay
50.1,left,0.968758360418,0.727318993995,-0.241439366423,decay
50.11,left,0.9690864152,0.72729829499,-0.241788120209,decay
50.12,left,0.969391377894,0.727276340438,-0.242115037456,decay
50.13,left,0.969664967249,0.727253179847,-0.242411787402,decay
50.14,left,0.969900626203,0.727228882049,-0.242671744154,decay
50.15,left,0.970093518641,0.727203531963,-0.242889986678,decay
50.16,left,0.970240619202,0.727177227911,-0.243063391291,decay
50.17,left,0.970340518419,0.72715007936,-0.24319043906,decay
50.18,left,0.970393004285,0.72712220495,-0.243270799335,decay
50.19,left,0.970398794312,0.727093730647,-0.243305063665,decay
50.2,left,0.970359188539,0.727064788031,-0.243294400508,decay
50.21,left,0.970275356127,0.727035512776,-0.243239843351,decay
50.22,left,0.970147849632,0.727006043303,-0.243141806329,decay
50.23,left,0.969976860189,0.726976519568,-0.243000340621,decay
50.24,left,0.969762611807,0.726947081918,-0.242815529889,decay
50.25,left,0.9695053868,0.726917869966,-0.242587516834,decay
50.26,left,0.969205485562,0.726889021436,-0.242316464126,decay
50.27,left,0.968863211531,0.726860670862,-0.242002540669,decay
50.28,left,0.968478866936,0.726832947928,-0.241645919008,decay
50.29,left,0.968053195848,0.726805975242,-0.241247220606,decay
50.3,left,0.967588323693,0.726779865593,-0.2408084581,decay
50.31,left,0.967088510633,0.726754718778,-0.240333791855,decay
50.32,left,0.966560251227,0.726730618007,-0.23982963322,decay
50.33,left,0.966011777232,0.7267076258,-0.239304151432,decay
50.34,left,0.965451876586,0.726685779296,-0.23876609729,decay
50.35,left,0.964887958597,0.726665084883,-0.238222873714,decay
50.36,left,0.964324198841,0.726645512054,-0.237678686787,decay
50.37,left,0.963760880683,0.726626987426,-0.237133893257,decay
50.38,left,0.963194950101,0.72660939207,-0.236585558032,decay
50.39,left,0.962621193906,0.726592564534,-0.236028629372,decay
50.4,left,0.962033785984,0.726576307806,-0.235457478178,decay
50.41,left,0.961427628665,0.726560397019,-0.234867231646,decay
50.42,left,0.960798673707,0.726544586686,-0.234254087021,decay
50.43,left,0.960143560273,0.726528617531,-0.233614942742,decay
50.44,left,0.959459572323,0.726512223067,-0.232947349256,decay
50.45,left,0.958745035331,0.726495136109,-0.232249899222,decay
50.46,left,0.957999905723,0.726477095375,-0.231522810348,decay
50.47,left,0.957226745852,0.726457851828,-0.230768894024,decay
50.48,left,0.956431860469,0.726437173242,-0.229994687227,decay
50.49,left,0.955625731586,0.7264148459,-0.229210885687,decay
50.5,left,0.954822559824,0.726390674436,-0.228431885388,decay
50.51,left,0.954039493956,0.726364481616,-0.22767501234,decay
50.52,left,0.953295504764,0.726336108808,-0.226959395956,decay
50.53,left,0.952609500813,0.726305417253,-0.22630408356,decay
50.54,left,0.951998229166,0.726272290197,-0.22572593897,decay
50.55,left,0.951474768317,0.726236635957,-0.22523813236,decay
50.56,left,0.95104768396,0.726198391995,-0.224849291965,decay
50.57,left,0.950720823946,0.726157529214,-0.224563294732,decay
50.58,left,0.950493852667,0.726114053868,-0.224379798799,decay
50.59,left,0.950363088659,0.726068005096,-0.224295083563,decay
50.6,left,0.950322123437,0.726019449568,-0.224302673869,decay
50.61,left,0.950362499877,0.725968475973,-0.224394023903,decay
50.62,left,0.95047490617,0.725915190377,-0.224559715794,decay
50.63,left,0.950650511891,0.725859712465,-0.224790799426,decay
50.64,left,0.950881906175,0.725802172588,-0.225079733586,decay
50.65,left,0.951163795871,0.725742709522,-0.22542108635,decay
50.66,left,0.951493448401,0.725681468877,-0.225811979524,decay
50.67,left,0.951870380509,0.725618602023,-0.226251778485,decay
50.68,left,0.952295492973,0.725554265198,-0.226741227775,decay
50.69,left,0.952770215234,0.725488618557,-0.227281596676,decay
50.7,left,0.953295533548,0.725421825261,-0.227873708287,decay
50.71,left,0.953870886991,0.725354050817,-0.228516836175,decay
50.72,left,0.954493505226,0.725285462738,-0.229208042488,decay
50.73,left,0.955158248184,0.725216230478,-0.229942017706,decay
50.74,left,0.955857509172,0.725146525605,-0.230710983567,decay
50.75,left,0.956581406522,0.725076522168,-0.231504884354,decay
50.76,left,0.957318705386,0.72500639722,-0.232312308166,decay
50.77,left,0.95805796555,0.724936331396,-0.233121634153,decay
50.78,left,0.958788231878,0.724866509265,-0.233921722614,decay
50.79,left,0.959499485422,0.724797119247,-0.234702366175,decay
50.8,left,0.960183076342,0.724728353192,-0.235454723149,decay
50.81,left,0.960831640907,0.724660405786,-0.236171235121,decay
50.82,left,0.961438447103,0.72459347384,-0.236844973264,decay
50.83,left,0.961996906909,0.724527755408,-0.237469151501,decay
50.84,left,0.962500495757,0.724463448669,-0.238037047089,decay
50.85,left,0.96294277672,0.724400750501,-0.238542026219,decay
50.86,left,0.963317545525,0.724339854687,-0.238977690838,decay
50.87,left,0.963619114404,0.724280949703,-0.239338164701,decay
50.88,left,0.963842536557,0.724224216157,-0.239618320399,decay
50.89,left,0.96398392411,0.724169823883,-0.239814100227,decay
50.9,left,0.964041147549,0.724117928524,-0.239923219025,decay
50.91,left,0.964014604638,0.724068667373,-0.239945937265,decay
50.92,left,0.963907486975,0.724022154292,-0.239885332683,decay
50.93,left,0.963725653872,0.723978473599,-0.239747180272,decay
50.94,left,0.963477561571,0.72393767281,-0.239539888761,decay
50.95,left,0.963174033874,0.723899754068,-0.239274279806,decay
50.96,left,0.962827537448,0.723864664149,-0.238962873299,decay
50.97,left,0.962451257534,0.723832284707,-0.238618972828,decay
50.98,left,0.962058160593,0.723802428366,-0.238255732227,decay
50.99,left,0.961659983514,0.723774844941,-0.237885138573,decay
51,left,0.961266616165,0.723749234641,-0.237517381524,decay
51.01,left,0.960886301218,0.723725262589,-0.237161038629,decay
51.02,left,0.960526201192,0.723702572496,-0.236823628696,decay
51.03,left,0.960192790239,0.723680799583,-0.236511990656,decay
51.04,left,0.95989218068,0.723659583049,-0.236232597631,decay
51.05,left,0.959630444156,0.72363857837,-0.235991865786,decay
51.06,left,0.95941355768,0.723617469715,-0.235796087966,decay
51.07,left,0.95924705667,0.723595981304,-0.235651075365,decay
51.08,left,0.959135916243,0.723573883446,-0.235562032798,decay
51.09,left,0.95908447439,0.723550990013,-0.235533484378,decay
51.1,left,0.959095957873,0.72352714997,-0.235568807903,decay
51.11,left,0.959172130543,0.723502237552,-0.235669892991,decay
51.12,left,0.959313607014,0.723476142916,-0.235837464098,decay
51.13,left,0.959520392528,0.723448763314,-0.236071629214,decay
51.14,left,0.959792305213,0.723419994678,-0.236372310535,decay
51.15,left,0.960129414169,0.723389723503,-0.236739690667,decay
51.16,left,0.960532127065,0.723357818934,-0.237174308132,decay
51.17,left,0.961000456746,0.723324125991,-0.237676330754,decay
51.18,left,0.961532934079,0.723288463072,-0.238244471007,decay
51.19,left,0.962125882381,0.723250626139,-0.238875256242,decay
51.2,left,0.96277293665,0.723210397877,-0.239562538773,decay
51.21,left,0.963464596776,0.723167558679,-0.240297038097,decay
51.22,left,0.964188400822,0.723121898307,-0.241066502515,decay
51.23,left,0.964929941864,0.72307322837,-0.241856713494,decay
51.24,left,0.965674036224,0.723021395842,-0.242652640382,decay
51.25,left,0.966405910199,0.722966297908,-0.243439612291,decay
51.26,left,0.967112716585,0.722907898387,-0.244204818198,decay
51.27,left,0.967784781818,0.722846243616,-0.244938538202,decay
51.28,left,0.968415796705,0.722781470502,-0.245634326202,decay
51.29,left,0.969002104088,0.722713801222,-0.246288302866,decay
51.3,left,0.969541559749,0.722643528743,-0.246898031006,decay
51.31,left,0.970032238271,0.722571000694,-0.247461237577,decay
51.32,left,0.970471499244,0.722496604485,-0.247974894758,decay
51.33,left,0.970855920723,0.722420753619,-0.248435167105,decay
51.34,left,0.971181831962,0.722343874882,-0.248837957079,decay
51.35,left,0.971445898265,0.722266396123,-0.249179502142,decay
51.36,left,0.971645775176,0.722188734289,-0.249457040887,decay
51.37,left,0.971780786796,0.722111284076,-0.24966950272,decay
51.38,left,0.971851907075,0.722034408815,-0.24981749826,decay
51.39,left,0.971860755204,0.721958434808,-0.249902320396,decay
51.4,left,0.971808321451,0.721883647828,-0.249924673623,decay
51.41,left,0.971693853706,0.721810289649,-0.249883564058,decay
51.42,left,0.97151392916,0.721738553652,-0.249775375508,decay
51.43,left,0.971262344621,0.721668579311,-0.24959376531,decay
51.44,left,0.97093126126,0.721600445415,-0.249330815845,decay
51.45,left,0.97051295431,0.721534161893,-0.248978792417,decay
51.46,left,0.970001429635,0.721469660093,-0.248531769543,decay
51.47,left,0.969393702193,0.721406783601,-0.247986918592,decay
51.48,left,0.968690405908,0.721345286498,-0.24734511941,decay
51.49,left,0.967895386155,0.721284844303,-0.246610541852,decay
51.5,left,0.967014824633,0.721225073851,-0.245789750783,decay
51.51,left,0.966056776316,0.721165555233,-0.244891221083,decay
51.52,left,0.965031011016,0.721105853237,-0.243925157778,decay
51.53,left,0.963948690196,0.721045538487,-0.242903151709,decay
51.54,left,0.962822026442,0.720984208712,-0.24183781773,decay
51.55,left,0.961663846967,0.72092151061,-0.240742336357,decay
51.56,left,0.960486692012,0.720857162728,-0.239629529284,decay
51.57,left,0.959301958913,0.720790976976,-0.238510981936,decay
51.58,left,0.958119871019,0.720722870304,-0.237397000716,decay
51.59,left,0.956950127239,0.720652860128,-0.23629726711,decay
51.6,left,0.955802704625,0.720581048526,-0.235221656099,decay
51.61,left,0.954688612967,0.720507604115,-0.234181008852,decay
51.62,left,0.953620314922,0.720432745127,-0.233187569796,decay
51.63,left,0.952611301467,0.720356723671,-0.232254577796,decay
51.64,left,0.951674946622,0.72027981089,-0.231395135732,decay
51.65,left,0.950823415844,0.720202282704,-0.230621133139,decay
51.66,left,0.950066776517,0.72012440586,-0.229942370657,decay
51.67,left,0.949411934303,0.720046425093,-0.22936550921,decay
51.68,left,0.948861805607,0.719968554581,-0.228893251027,decay
51.69,left,0.948415387534,0.71989097607,-0.228524411465,decay
51.7,left,0.9480685355,0.719813841628,-0.228254693872,decay
51.71,left,0.947815101867,0.719737277454,-0.228077824413,decay
51.72,left,0.94764831372,0.71966138729,-0.22798692643,decay
51.73,left,0.947561807401,0.719586255336,-0.227975552065,decay
51.74,left,0.947549781413,0.719511948687,-0.228037832726,decay
51.75,left,0.94760668724,0.719438519312,-0.228168167928,decay
51.76,left,0.947727039246,0.719366005581,-0.228361033665,decay
51.77,left,0.947905201145,0.719294433355,-0.22861076779,decay
51.78,left,0.948135175286,0.719223816626,-0.22891135866,decay
51.79,left,0.948411054813,0.719154157692,-0.229256897122,decay
51.8,left,0.94872801359,0.719085446879,-0.229642566711,decay
51.81,left,0.949082724065,0.719017661832,-0.230065062233,decay
51.82,left,0.949472950376,0.718950766358,-0.230522184018,decay
51.83,left,0.949896958973,0.71888470882,-0.231012250153,decay
51.84,left,0.950352864876,0.718819420072,-0.231533444804,decay
51.85,left,0.950837938838,0.718754810892,-0.232083127947,decay
51.86,left,0.951348343934,0.718690768919,-0.232657575015,decay
51.87,left,0.951879298065,0.71862715579,-0.233252142275,decay
51.88,left,0.952425172923,0.718563806778,-0.233861366146,decay
51.89,left,0.952979546289,0.718500534701,-0.234479011588,decay
51.9,left,0.953535660592,0.718437136877,-0.235098523715,decay
51.91,left,0.954087233258,0.71837340289,-0.235713830368,decay
51.92,left,0.954629090973,0.718309122342,-0.236319968632,decay
51.93,left,0.955157540886,0.7182440927,-0.236913448186,decay
51.94,left,0.955670598564,0.7181781274,-0.237492471165,decay
51.95,left,0.956167781444,0.718111064385,-0.238056717059,decay
51.96,left,0.956649591787,0.718042775279,-0.238606816508,decay
51.97,left,0.957117321999,0.71797317433,-0.239144147669,decay
51.98,left,0.95757303122,0.717902224148,-0.239670807072,decay
51.99,left,0.958019079767,0.717829935933,-0.240189143834,decay
52,left,0.958457340345,0.717756366048,-0.240700974297,decay
52.01,left,0.958888474418,0.717681612163,-0.241206862255,decay
52.02,left,0.959311261872,0.717605810255,-0.241705451617,decay
52.03,left,0.959722142262,0.717529132514,-0.242193009748,decay
52.04,left,0.960115369172,0.71745178608,-0.242663583092,decay
52.05,left,0.960483633166,0.717374012558,-0.243109620608,decay
52.06,left,0.960818713814,0.717296088238,-0.243522625576,decay
52.07,left,0.961112208153,0.717218324217,-0.243893883936,decay
52.08,left,0.961356447733,0.717141064004,-0.244215383729,decay
52.09,left,0.961545127838,0.717064676728,-0.244480451111,decay
52.1,left,0.96167331561,0.716989547094,-0.244683768516,decay
52.11,left,0.961737465638,0.716916064284,-0.244821401353,decay
52.12,left,0.961735958587,0.716844610514,-0.244891348073,decay
52.13,left,0.961669672248,0.716775549077,-0.244894123171,decay
52.14,left,0.96154219296,0.716709211577,-0.244832981383,decay
52.15,left,0.96135971277,0.716645884051,-0.244713828719,decay
52.16,left,0.961130328117,0.716585791702,-0.244544536415,decay
52.17,left,0.960862649937,0.716529084061,-0.244333565876,decay
52.18,left,0.960564426629,0.716475827028,-0.244088599601,decay
52.19,left,0.960241768757,0.716426006655,-0.243815762102,decay
52.2,left,0.959898869725,0.716379540888,-0.243519328837,decay
52.21,left,0.959538279881,0.716336292482,-0.243201987399,decay
52.22,left,0.959162026077,0.716296080449,-0.242865945628,decay
52.23,left,0.958772959827,0.716258689997,-0.24251426983,decay
52.24,left,0.95837531955,0.716223881187,-0.242151438363,decay
52.25,left,0.957974529086,0.716191396465,-0.241783132621,decay
52.26,left,0.957576742425,0.716160967282,-0.241415775144,decay
52.27,left,0.957188203522,0.716132319917,-0.241055883605,decay
52.28,left,0.95681464199,0.716105180598,-0.240709461392,decay
52.29,left,0.956461137287,0.71607927999,-0.240381857297,decay
52.3,left,0.956132208303,0.716054357248,-0.240077851055,decay
52.31,left,0.955831684854,0.716030163856,-0.239801520999,decay
52.32,left,0.95556266069,0.716006467405,-0.239556193285,decay
52.33,left,0.955327758787,0.715983055448,-0.239344703338,decay
52.34,left,0.95512911363,0.71595973954,-0.239169374091,decay
52.35,left,0.954967879464,0.715936359584,-0.239031519879,decay
52.36,left,0.954844051968,0.715912788609,-0.238931263359,decay
52.37,left,0.954756720065,0.715888937289,-0.238867782776,decay
52.38,left,0.954703878472,0.715864755896,-0.238839122576,decay
52.39,left,0.95468180533,0.71584023189,-0.23884157344,decay
52.4,left,0.954684883004,0.715815384532,-0.238869498472,decay
52.41,left,0.954706029164,0.715790258938,-0.238915770226,decay
52.42,left,0.954737429469,0.715764920554,-0.238972508915,decay
52.43,left,0.954771514731,0.715739450003,-0.239032064728,decay
52.44,left,0.954801819645,0.715713938241,-0.239087881405,decay
52.45,left,0.954823175095,0.715688481895,-0.2391346932,decay
52.46,left,0.954831457022,0.715663178714,-0.239168278309,decay
52.47,left,0.954823466718,0.715638123365,-0.239185343353,decay
52.48,left,0.954796779698,0.715613404619,-0.239183375079,decay
52.49,left,0.954749237604,0.715589104658,-0.239160132946,decay
52.5,left,0.954678603966,0.715565299859,-0.239113304107,decay
52.51,left,0.954582780349,0.715542061895,-0.239040718454,decay
52.52,left,0.954460002322,0.715519458674,-0.238940543648,decay
52.53,left,0.954308849837,0.715497555078,-0.238811294759,decay
52.54,left,0.954128812117,0.71547641349,-0.238652398627,decay
52.55,left,0.953921500838,0.715456094116,-0.238465406722,decay
52.56,left,0.953691868834,0.715436655068,-0.238255213766,decay
52.57,left,0.953449072826,0.71541815217,-0.238030920656,decay
52.58,left,0.953206612241,0.715400638309,-0.237805973932,decay
52.59,left,0.952981349569,0.715384162213,-0.237597187356,decay
52.6,left,0.952791844193,0.715368766688,-0.237423077506,decay
52.61,left,0.952656905845,0.715354486441,-0.237302419404,decay
52.62,left,0.952594523314,0.715341345496,-0.237253177818,decay
52.63,left,0.952620660845,0.715329354159,-0.237291306687,decay
52.64,left,0.952747898697,0.71531850548,-0.237429393218,decay
52.65,left,0.952984378386,0.715308771158,-0.237675607228,decay
52.66,left,0.953333075029,0.715300096816,-0.238032978213,decay
52.67,left,0.953791326974,0.715292397335,-0.238498929639,decay
52.68,left,0.95435113567,0.715285554495,-0.239065581175,decay
52.69,left,0.95500041024,0.715279418665,-0.239720991575,decay
52.7,left,0.955724516349,0.715273813254,-0.240450703095,decay
52.71,left,0.95650769906,0.715268539637,-0.241239159423,decay
52.72,left,0.957334257902,0.715263381689,-0.242070876213,decay
52.73,left,0.958189137462,0.715258109953,-0.242931027509,decay
52.74,left,0.959057996063,0.715252485572,-0.243805510491,decay
52.75,left,0.959927461685,0.715246264102,-0.244681197583,decay
52.76,left,0.960785815184,0.715239199322,-0.245546615862,decay
52.77,left,0.961623572644,0.715231046936,-0.246392525708,decay
52.78,left,0.962433802955,0.715221567566,-0.247212235389,decay
52.79,left,0.963212399258,0.715210528588,-0.24800187067,decay
52.8,left,0.963957796173,0.715197705331,-0.248760090842,decay
52.81,left,0.964669558933,0.71518288246,-0.249486676473,decay
52.82,left,0.965346597243,0.71516585592,-0.250180741323,decay
52.83,left,0.965986039305,0.715146435568,-0.250839603737,decay
52.84,left,0.966582692166,0.715124448581,-0.251458243585,decay
52.85,left,0.967128869316,0.715099743731,-0.252029125585,decay
52.86,left,0.9676148729,0.715072196657,-0.252542676243,decay
52.87,left,0.968030048492,0.715041715327,-0.252988333165,decay
52.88,left,0.9683640301,0.715008243002,-0.253355787098,decay
52.89,left,0.96860816248,0.714971756638,-0.253636405842,decay
52.9,left,0.968756907486,0.714932262344,-0.253824645143,decay
52.91,left,0.968808413646,0.714889790735,-0.253918622911,decay
52.92,left,0.968763956543,0.714844393342,-0.253919563201,decay
52.93,left,0.968627171253,0.714796140087,-0.253831031166,decay
52.94,left,0.968403810976,0.714745117794,-0.253658693181,decay
52.95,left,0.968101703161,0.714691429684,-0.253410273477,decay
52.96,left,0.967730527717,0.714635195819,-0.253095331898,decay
52.97,left,0.967301270987,0.714576553876,-0.252724717111,decay
52.98,left,0.966824943001,0.714515658309,-0.252309284691,decay
52.99,left,0.966310753329,0.714452676418,-0.251858076911,decay
53,left,0.965764890164,0.714387782322,-0.251377107842,decay
53.01,left,0.965190465609,0.714321150678,-0.25086931493,decay
53.02,left,0.964588244423,0.714252950815,-0.250335293608,decay
53.03,left,0.963957969772,0.714183341227,-0.249774628545,decay
53.04,left,0.963300074233,0.714112464288,-0.249187609944,decay
53.05,left,0.96261685942,0.714040441068,-0.248576418352,decay
53.06,left,0.961912578125,0.713967366131,-0.247945211995,decay
53.07,left,0.961192997217,0.713893302924,-0.247299694292,decay
53.08,left,0.960464989736,0.713818281916,-0.24664670782,decay
53.09,left,0.959736014448,0.713742303102,-0.245993711346,decay
53.1,left,0.959013670162,0.713665341657,-0.245348328506,decay
53.11,left,0.958305822949,0.713587354464,-0.244718468485,decay
53.12,left,0.957620919034,0.713508286693,-0.244112632341,decay
53.13,left,0.956967782016,0.713428078451,-0.243539703564,decay
53.14,left,0.956355072203,0.713346671621,-0.243008400583,decay
53.15,left,0.955790728343,0.713264017015,-0.242526711328,decay
53.16,left,0.955281169476,0.713180081981,-0.242101087495,decay
53.17,left,0.954830263432,0.713094857576,-0.241735405856,decay
53.18,left,0.954438593474,0.713008362377,-0.241430231096,decay
53.19,left,0.954103320385,0.712920640656,-0.241182679729,decay
53.2,left,0.953818433474,0.712831756658,-0.240986676816,decay
53.21,left,0.953575359931,0.71274178807,-0.240833571861,decay
53.22,left,0.953364028186,0.712650819888,-0.240713208298,decay
53.23,left,0.953173833728,0.712558938664,-0.240614895064,decay
53.24,left,0.952994039179,0.712466227039,-0.24052781214,decay
53.25,left,0.952814209226,0.712372758437,-0.240441450789,decay
53.26,left,0.952625246317,0.712278591826,-0.240346654491,decay
53.27,left,0.952420665813,0.712183767293,-0.24023689852,decay
53.28,left,0.952197590664,0.712088305005,-0.240109285658,decay
53.29,left,0.951957067399,0.711992209522,-0.239964857877,decay
53.3,left,0.951703293646,0.711895477999,-0.239807815647,decay
53.31,left,0.951441955982,0.711798109677,-0.239643846305,decay
53.32,left,0.951178615732,0.711700115647,-0.239478500085,decay
53.33,left,0.95091777785,0.711601528969,-0.239316248881,decay
53.34,left,0.950662556368,0.711502415295,-0.239160141073,decay
53.35,left,0.950415014522,0.711402884154,-0.239012130368,decay
53.36,left,0.950177395417,0.711303101058,-0.238874294359,decay
53.37,left,0.949953473315,0.711203298648,-0.238750174667,decay
53.38,left,0.949748799742,0.711103780901,-0.23864501884,decay
53.39,left,0.949569755738,0.711004915872,-0.238564839865,decay
53.4,left,0.949422098249,0.710907120221,-0.238514978028,decay
53.41,left,0.949309377521,0.710810841527,-0.238498535994,decay
53.42,left,0.949231755496,0.710716540596,-0.2385152149,decay
53.43,left,0.949185888841,0.7106246736,-0.238561215241,decay
53.44,left,0.949165607084,0.710535673644,-0.23862993344,decay
53.45,left,0.949162714242,0.710449931354,-0.238712782888,decay
53.46,left,0.949168012655,0.710367774077,-0.238800238578,decay
53.47,left,0.949172736266,0.710289446011,-0.238883290255,decay
53.48,left,0.949169763256,0.710215097423,-0.238954665833,decay
53.49,left,0.949154143454,0.710144789148,-0.239009354305,decay
53.5,left,0.949123485839,0.710078507499,-0.23904497834,decay
53.51,left,0.949078558624,0.710016180965,-0.239062377659,decay
53.52,left,0.949023633052,0.709957695286,-0.239065937766,decay
53.53,left,0.948966428249,0.709902906861,-0.239063521388,decay
53.54,left,0.948917838294,0.709851654722,-0.239066183572,decay
53.55,left,0.94889113946,0.70980377131,-0.23908736815,decay
53.56,left,0.948900634219,0.709759092252,-0.239141541966,decay
53.57,left,0.948960355219,0.709717464556,-0.239242890663,decay
53.58,left,0.949082953093,0.709678750941,-0.239404202151,decay
53.59,left,0.949278282208,0.709642828586,-0.239635453623,decay
53.6,left,0.949551884241,0.709609583685,-0.239942300555,decay
53.61,left,0.949904188307,0.709578904322,-0.240325283984,decay
53.62,left,0.950330596774,0.709550672603,-0.24077992417,decay
53.63,left,0.950822112884,0.709524756052,-0.241297356832,decay
53.64,left,0.951366514203,0.70950099816,-0.241865516043,decay
53.65,left,0.951949951828,0.709479207977,-0.242470743852,decay
53.66,left,0.952558327502,0.709459148607,-0.243099178895,decay
53.67,left,0.953178255543,0.709440526619,-0.243737728924,decay
53.68,left,0.953797994521,0.709422988845,-0.244375005676,decay
53.69,left,0.95440810615,0.709406131562,-0.245001974589,decay
53.7,left,0.955001284298,0.709389518499,-0.245611765799,decay
53.71,left,0.955571649549,0.709372701241,-0.246198948308,decay
53.72,left,0.956114098729,0.709355239605,-0.246758859125,decay
53.73,left,0.956623862542,0.709336722196,-0.247287140346,decay
53.74,left,0.957096491043,0.70931678759,-0.247779703453,decay
53.75,left,0.957528521433,0.709295146562,-0.248233374871,decay
53.76,left,0.957918339794,0.709271605809,-0.248646733984,decay
53.77,left,0.95826633566,0.70924609013,-0.24902024553,decay
53.78,left,0.958574288886,0.709218652586,-0.2493556363,decay
53.79,left,0.958844662193,0.709189464682,-0.249655197511,decay
53.8,left,0.95907998499,0.709158792602,-0.249921192388,decay
53.81,left,0.959282304046,0.709126970334,-0.250155333712,decay
53.82,left,0.959453205843,0.709094373852,-0.25035883199,decay
53.83,left,0.959594501997,0.709061396244,-0.250533105752,decay
53.84,left,0.959708996573,0.709028423308,-0.250680573266,decay
53.85,left,0.959801220148,0.708995809128,-0.25080541102,decay
53.86,left,0.959878141517,0.708963851153,-0.250914290364,decay
53.87,left,0.959949190982,0.708932766945,-0.251016424037,decay
53.88,left,0.96002521357,0.708902680431,-0.251122533139,decay
53.89,left,0.960117009362,0.708873623601,-0.251243385761,decay
53.9,left,0.960234153588,0.708845548906,-0.251388604682,decay
53.91,left,0.96038407514,0.708818343985,-0.251565731155,decay
53.92,left,0.960571439967,0.708791845419,-0.251779594548,decay
53.93,left,0.960798201003,0.708765851463,-0.25203234954,decay
53.94,left,0.96106401847,0.708740133993,-0.252323884478,decay
53.95,left,0.96136640873,0.708714449911,-0.252651958819,decay
53.96,left,0.961700905844,0.708688552247,-0.253012353597,decay
53.97,left,0.962061795396,0.708662200478,-0.253399594918,decay
53.98,left,0.962443116343,0.708635168119,-0.253807948223,decay
53.99,left,0.962839595984,0.7086072461,-0.254232349884,decay
54,left,0.963247541359,0.708578243302,-0.254669298057,decay
54.01,left,0.96366517421,0.708547986582,-0.255117187629,decay
54.02,left,0.964091901646,0.708516321278,-0.255575580368,decay
54.03,left,0.964527124119,0.70848311232,-0.256044011799,decay
54.04,left,0.964969491763,0.708448245999,-0.256521245765,decay
54.05,left,0.9654165623,0.708411632469,-0.257004929831,decay
54.06,left,0.965864496232,0.708373209041,-0.257491287191,decay
54.07,left,0.966308024643,0.708332943553,-0.257975081091,decay
54.08,left,0.966740732283,0.708290835456,-0.258449896827,decay
54.09,left,0.967155267342,0.708246912799,-0.258908354543,decay
54.1,left,0.967543715256,0.708201226463,-0.259342488793,decay
54.11,left,0.967898552748,0.708153844072,-0.259744708677,decay
54.12,left,0.968213656889,0.708104844534,-0.260108812355,decay
54.13,left,0.968484858718,0.708054313183,-0.260430545536,decay
54.14,left,0.968710382757,0.708002337421,-0.260708045336,decay
54.15,left,0.96889112402,0.707949002793,-0.260942121226,decay
54.16,left,0.969030034903,0.707894389387,-0.261135645516,decay
54.17,left,0.969130654307,0.70783856873,-0.261292085577,decay
54.18,left,0.969195642447,0.707781601872,-0.261414040575,decay
54.19,left,0.969225755145,0.707723539158,-0.261502215986,decay
54.2,left,0.969219268923,0.707664421258,-0.261554847664,decay
54.21,left,0.969172199794,0.707604280659,-0.261567919135,decay
54.22,left,0.969079446378,0.707543143326,-0.261536303052,decay
54.23,left,0.968936200301,0.70748103052,-0.261455169782,decay
54.24,left,0.968739281142,0.707417960782,-0.26132132036,decay
54.25,left,0.968488706963,0.707353952137,-0.261134754827,decay
54.26,left,0.968188920309,0.707289024511,-0.260899895798,decay
54.27,left,0.967848548056,0.707223202071,-0.260625345986,decay
54.28,left,0.967478957846,0.707156514366,-0.26032244348,decay
54.29,left,0.967092536939,0.707088995466,-0.260003541472,decay
54.3,left,0.966700924075,0.707020681701,-0.259680242374,decay
54.31,left,0.966313515484,0.706951609118,-0.259361906366,decay
54.32,left,0.96593685943,0.706881811109,-0.259055048321,decay
54.33,left,0.965574779518,0.706811316171,-0.258763463347,decay
54.34,left,0.965228564997,0.706740145783,-0.258488419214,decay
54.35,left,0.964897272374,0.706668312343,-0.258228960031,decay
54.36,left,0.964578445609,0.706595817132,-0.257982628477,decay
54.37,left,0.964268829833,0.706522648659,-0.257746181174,decay
54.38,left,0.963964850995,0.706448782554,-0.25751606844,decay
54.39,left,0.963663496647,0.706374183923,-0.257289312724,decay
54.4,left,0.96336371126,0.706298811515,-0.257064899745,decay
54.41,left,0.96306749774,0.706222622528,-0.256844875212,decay
54.42,left,0.962780207595,0.706145577636,-0.25663462996,decay
54.43,left,0.962509868813,0.706067646265,-0.256442222548,decay
54.44,left,0.962265349395,0.705988812233,-0.256276537161,decay
54.45,left,0.962053762204,0.705909079838,-0.256144682366,decay
54.46,left,0.96187834975,0.705828480486,-0.256049869264,decay
54.47,left,0.96173772936,0.705747078964,-0.255990650395,decay
54.48,left,0.961626316961,0.705664976226,-0.255961340735,decay
54.49,left,0.961535682963,0.705582306345,-0.255953376618,decay
54.5,left,0.961456841937,0.705499229383,-0.255957612554,decay
54.51,left,0.961382648006,0.705415923318,-0.255966724688,decay
54.52,left,0.961309159858,0.705332576255,-0.255976583603,decay
54.53,left,0.961235886027,0.705249378848,-0.255986507179,decay
54.54,left,0.961165204035,0.70516651677,-0.255998687266,decay
54.55,left,0.961100909167,0.705084163072,-0.256016746095,decay
54.56,left,0.961046369425,0.70500247026,-0.256043899165,decay
54.57,left,0.961003214424,0.704921562919,-0.256081651505,decay
54.58,left,0.960970719841,0.704841533896,-0.256129185945,decay
54.59,left,0.960945511049,0.704762446282,-0.256183064767,decay
54.6,left,0.960921736414,0.704684339418,-0.256237396995,decay
54.61,left,0.960891953258,0.704607235753,-0.256284717505,decay
54.62,left,0.960848241936,0.704531147296,-0.25631709464,decay
54.63,left,0.960783144848,0.704456081654,-0.256327063194,decay
54.64,left,0.960690721909,0.704382047742,-0.256308674167,decay
54.65,left,0.960567656448,0.704309061262,-0.256258595187,decay
54.66,left,0.960413796636,0.704237150021,-0.256176646615,decay
54.67,left,0.960232162933,0.70416635861,-0.256065804323,decay
54.68,left,0.960028851332,0.704096750706,-0.255932100626,decay
54.69,left,0.959812520221,0.704028407692,-0.255784112529,decay
54.7,left,0.959593085018,0.70396142457,-0.255631660447,decay
54.71,left,0.959380111932,0.703895904948,-0.255484206984,decay
54.72,left,0.959181523933,0.703831955743,-0.25534956819,decay
54.73,left,0.959002927112,0.703769681583,-0.255233245528,decay
54.74,left,0.958847889919,0.703709178766,-0.255138711153,decay
54.75,left,0.958719093778,0.703650528672,-0.255068565106,decay
54.76,left,0.958619470804,0.703593790491,-0.255025680313,decay
54.77,left,0.958552543046,0.703538994266,-0.25501354878,decay
54.78,left,0.958522200257,0.703486137622,-0.255036062635,decay
54.79,left,0.958532390727,0.703435188765,-0.255097201963,decay
54.8,left,0.958586571417,0.703386093784,-0.255200477633,decay
54.81,left,0.958686999286,0.703338784755,-0.25534821453,decay
54.82,left,0.958834415185,0.703293187283,-0.255541227901,decay
54.83,left,0.959027966885,0.70324922749,-0.255778739395,decay
54.84,left,0.959264855699,0.703206838583,-0.256058017116,decay
54.85,left,0.959540039385,0.703165967122,-0.256374072264,decay
54.86,left,0.959846487411,0.703126579098,-0.256719908314,decay
54.87,left,0.960175747372,0.703088665265,-0.257087082106,decay
54.88,left,0.960518628999,0.703052243699,-0.2574663853,decay
54.89,left,0.960866194777,0.703017358039,-0.257848836738,decay
54.9,left,0.961210701809,0.702984072603,-0.258226629206,decay
54.91,left,0.961545878197,0.702952466455,-0.258593411741,decay
54.92,left,0.961866934625,0.702922627231,-0.258944307393,decay
54.93,left,0.96217103129,0.702894644674,-0.259276386616,decay
54.94,left,0.962457779124,0.70286860376,-0.259589175364,decay
54.95,left,0.96272912191,0.70284457728,-0.25988454463,decay
54.96,left,0.962988844033,0.702822617744,-0.260166226289,decay
54.97,left,0.963241843495,0.702802749463,-0.260439094032,decay
54.98,left,0.963492876081,0.70278496381,-0.260707912271,decay
54.99,left,0.963745108831,0.702769219935,-0.260975888896,decay
55,left,0.963999036285,0.702755449148,-0.261243587137,decay
55.01,left,0.964251650093,0.702743559806,-0.261508090287,decay
55.02,left,0.964495954404,0.70273344146,-0.261762512944,decay
55.03,left,0.964721601883,0.702724968222,-0.261996633661,decay
55.04,left,0.964916795977,0.702718001448,-0.26219879453,decay
55.05,left,0.965070421536,0.702712391808,-0.262358029728,decay
55.06,left,0.965173559963,0.702707980804,-0.262465579158,decay
55.07,left,0.965220387469,0.702704601935,-0.262515785533,decay
55.08,left,0.965208310807,0.702702081965,-0.262506228843,decay
55.09,left,0.965137111721,0.702700242665,-0.262436869056,decay
55.1,left,0.965007706998,0.702698902869,-0.262308804129,decay
55.11,left,0.96482121598,0.702697880494,-0.262123335486,decay
55.12,left,0.964578257209,0.702696994441,-0.261881262769,decay
55.13,left,0.964278512115,0.702696066424,-0.26158244569,decay
55.14,left,0.963920921993,0.702694922821,-0.261225999172,decay
55.15,left,0.963504183407,0.702693396592,-0.260810786814,decay
55.16,left,0.96302686693,0.702691329374,-0.260335537556,decay
55.17,left,0.962487316369,0.702688573449,-0.25979874292,decay
55.18,left,0.961883897721,0.702684992613,-0.259198905108,decay
55.19,left,0.961215552899,0.702680461187,-0.258535091711,decay
55.2,left,0.960482350426,0.702674861787,-0.257807488639,decay
55.21,left,0.959686049138,0.70266808298,-0.257017966158,decay
55.22,left,0.958830451291,0.702660017254,-0.256170434038,decay
55.23,left,0.957921085434,0.702650559357,-0.255270526077,decay
55.24,left,0.956964593348,0.702639604985,-0.254324988363,decay
55.25,left,0.955968641102,0.702627049845,-0.253341591257,decay
55.26,left,0.954942189096,0.702612789087,-0.25232940001,decay
55.27,left,0.953895398081,0.702596717103,-0.251298680978,decay
55.28,left,0.952839054688,0.702578727633,-0.250260327055,decay
55.29,left,0.951783673888,0.702558714121,-0.249224959766,decay
55.3,left,0.950738395342,0.702536570423,-0.248201824919,decay
55.31,left,0.949710195859,0.702512191984,-0.247198003875,decay
55.32,left,0.948703973747,0.702485477578,-0.246218496169,decay
55.33,left,0.947723307391,0.70245633166,-0.245266975731,decay
55.34,left,0.946771384704,0.702424667398,-0.244346717305,decay
55.35,left,0.945852103081,0.702390410448,-0.243461692633,decay
55.36,left,0.944971166288,0.702353503569,-0.242617662719,decay
55.37,left,0.944136321247,0.702313911486,-0.241822409761,decay
55.38,left,0.943356483511,0.702271624034,-0.241084859477,decay
55.39,left,0.942640482217,0.702226656078,-0.240413826139,decay
55.4,left,0.941995965882,0.702179045398,-0.239816920484,decay
55.41,left,0.941428780626,0.702128850649,-0.239299929977,decay
55.42,left,0.940943280908,0.702076150239,-0.238867130668,decay
55.43,left,0.940543407208,0.702021042173,-0.238522365036,decay
55.44,left,0.940233574646,0.701963644827,-0.238269929819,decay
55.45,left,0.940018878452,0.701904098666,-0.238114779786,decay
55.46,left,0.939904879031,0.701842568868,-0.238062310162,decay
55.47,left,0.939896905587,0.701779248047,-0.23811765754,decay
55.48,left,0.939998513792,0.701714356441,-0.238284157352,decay
55.49,left,0.940209536671,0.701648137547,-0.238561399123,decay
55.5,left,0.940524795716,0.701580850594,-0.238943945122,decay
55.51,left,0.940933895703,0.701512762371,-0.239421133332,decay
55.52,left,0.941421939226,0.701444139351,-0.239977799875,decay
55.53,left,0.941971111502,0.701375240018,-0.240595871484,decay
55.54,left,0.942562706374,0.701306307193,-0.24125639918,decay
55.55,left,0.943178869333,0.701237560191,-0.241941309143,decay
55.56,left,0.943804012285,0.701169186608,-0.242634825677,decay
55.57,left,0.944426018413,0.701101334683,-0.24332468373,decay
55.58,left,0.945036703688,0.7010341095,-0.244002594188,decay
55.59,left,0.945631242514,0.700967575551,-0.244663666963,decay
55.6,left,0.946207163209,0.700901763681,-0.245305399528,decay
55.61,left,0.946763511474,0.700836678938,-0.245926832536,decay
55.62,left,0.947300162176,0.700772307954,-0.246527854221,decay
55.63,left,0.9478173393,0.700708625858,-0.247108713442,decay
55.64,left,0.948315709794,0.70064560282,-0.247670106974,decay
55.65,left,0.948796735789,0.700583210354,-0.248213525435,decay
55.66,left,0.949262586315,0.700521427466,-0.248741158849,decay
55.67,left,0.949715881417,0.700460246166,-0.249255635252,decay
55.68,left,0.950159813428,0.700399674568,-0.24976013886,decay
55.69,left,0.95059832268,0.700339736219,-0.250258586461,decay
55.7,left,0.951036047919,0.700280466719,-0.2507555812,decay
55.71,left,0.951478260922,0.700221909505,-0.251256351417,decay
55.72,left,0.951930642267,0.700164111525,-0.251766530741,decay
55.73,left,0.952398696198,0.700107118788,-0.25229157741,decay
55.74,left,0.952887160143,0.700050971703,-0.25283618844,decay
55.75,left,0.953399679914,0.699995700132,-0.253403979782,decay
55.76,left,0.953938497767,0.699941318065,-0.253997179702,decay
55.77,left,0.9545041827,0.699887818453,-0.254616364246,decay
55.78,left,0.955095968646,0.699835170092,-0.255260798555,decay
55.79,left,0.955712529679,0.69978331798,-0.255929211699,decay
55.8,left,0.95635227498,0.699732186046,-0.256620088935,decay
55.81,left,0.957013069988,0.699681680254,-0.257331389734,decay
55.82,left,0.957691936078,0.699631691321,-0.258060244757,decay
55.83,left,0.958384745731,0.699582097027,-0.258802648704,decay
55.84,left,0.959085803471,0.6995327642,-0.259553039271,decay
55.85,left,0.959787722547,0.699483550423,-0.260304172124,decay
55.86,left,0.960481857408,0.699434305535,-0.261047551873,decay
55.87,left,0.961159054178,0.699384873109,-0.261774181069,decay
55.88,left,0.961810634516,0.699335092418,-0.262475542098,decay
55.89,left,0.962429637758,0.699284801261,-0.263144836497,decay
55.9,left,0.963011850066,0.699233839499,-0.263778010567,decay
55.91,left,0.96355604703,0.699182052957,-0.264373994073,decay
55.92,left,0.964063546101,0.699129297597,-0.264934248504,decay
55.93,left,0.964537400222,0.699075444062,-0.26546195616,decay
55.94,left,0.96498114209,0.699020382696,-0.265960759394,decay
55.95,left,0.965397297958,0.698964029151,-0.266433268807,decay
55.96,left,0.965786484749,0.698906330691,-0.266880154058,decay
55.97,left,0.966147258695,0.698847272337,-0.267299986359,decay
55.98,left,0.966476248171,0.698786879845,-0.267689368326,decay
55.99,left,0.966768615404,0.698725217266,-0.268043398137,decay
56,left,0.967018918588,0.698662380798,-0.26835653779,decay
56.01,left,0.967221825801,0.698598492031,-0.26862333377,decay
56.02,left,0.967372475009,0.698533691777,-0.268838783232,decay
56.03,left,0.967466916785,0.698468134464,-0.268998782322,decay
56.04,left,0.967502662064,0.69840198298,-0.269100679084,decay
56.05,left,0.967478950121,0.698335403839,-0.269143546282,decay
56.06,left,0.967397030428,0.698268562548,-0.26912846788,decay
56.07,left,0.967260977122,0.698201619319,-0.269059357803,decay
56.08,left,0.967078534488,0.698134725768,-0.26894380872,decay
56.09,left,0.966861266292,0.698068023078,-0.268793243214,decay
56.1,left,0.966624065683,0.698001641135,-0.268622424548,decay
56.11,left,0.966383951663,0.697935697786,-0.268448253877,decay
56.12,left,0.966157840627,0.69787029786,-0.268287542767,decay
56.13,left,0.965959964885,0.697805531866,-0.268154433019,decay
56.14,left,0.965800055244,0.697741474332,-0.268058580912,decay
56.15,left,0.965682544193,0.697678181736,-0.268004362456,decay
56.16,left,0.965606591517,0.697615689968,-0.26799090155,decay
56.17,left,0.965566819012,0.697554011771,-0.26801280724,decay
56.18,left,0.965554265973,0.697493135668,-0.268061130306,decay
56.19,left,0.965556884722,0.697433027483,-0.268123857239,decay
56.2,left,0.96555976225,0.697373633641,-0.268186128609,decay
56.21,left,0.965545877423,0.69731488467,-0.268230992753,decay
56.22,left,0.965497374217,0.697256698336,-0.268240675881,decay
56.23,left,0.965396727395,0.697198982411,-0.268197744984,decay
56.24,left,0.965227851705,0.697141637145,-0.26808621456,decay
56.25,left,0.964977451123,0.697084557497,-0.267892893626,decay
56.26,left,0.964636295475,0.697027635195,-0.26760866028,decay
56.27,left,0.964200109791,0.696970760679,-0.267229349112,decay
56.28,left,0.963670156185,0.696913825036,-0.266756331149,decay
56.29,left,0.96305340579,0.696856721992,-0.266196683798,decay
56.3,left,0.962362049617,0.696799350013,-0.265562699604,decay
56.31,left,0.961612437467,0.696741614531,-0.264870822936,decay
56.32,left,0.960823572976,0.696683430355,-0.264140142621,decay
56.33,left,0.960015038392,0.696624724319,-0.263390314074,decay
56.34,left,0.959204748169,0.696565438231,-0.262639309937,decay
56.35,left,0.958407526363,0.696505532194,-0.261901994169,decay
56.36,left,0.957634699206,0.696444988355,-0.261189710851,decay
56.37,left,0.956893974313,0.696383814578,-0.260510159735,decay
56.38,left,0.95618943981,0.696322046283,-0.259867393527,decay
56.39,left,0.955522125112,0.696259745107,-0.259262380004,decay
56.4,left,0.954890976218,0.696196995409,-0.258693980809,decay
56.41,left,0.954293838096,0.696133900419,-0.258159937677,decay
56.42,left,0.95372848102,0.69607057873,-0.25765790229,decay
56.43,left,0.953193448152,0.696007161131,-0.25718628702,decay
56.44,left,0.952688217103,0.695943787672,-0.256744429431,decay
56.45,left,0.952212939003,0.695880604914,-0.256332334089,decay
56.46,left,0.951768476481,0.695817763262,-0.255950713219,decay
56.47,left,0.951356649569,0.695755414303,-0.255601235266,decay
56.48,left,0.950980193151,0.695693708024,-0.255286485127,decay
56.49,left,0.950642748795,0.695632789799,-0.255009958997,decay
56.5,left,0.950349249346,0.695572797091,-0.254776452255,decay
56.51,left,0.950106046423,0.695513855805,-0.254592190618,decay
56.52,left,0.949920436511,0.69545607623,-0.254464360281,decay
56.53,left,0.94980023155,0.695399548468,-0.254400683083,decay
56.54,left,0.949753414725,0.695344337251,-0.254409077474,decay
56.55,left,0.949787240181,0.695290476047,-0.254496764134,decay
56.56,left,0.949906950644,0.695237960336,-0.254668990307,decay
56.57,left,0.950114675432,0.695186741209,-0.254927934223,decay
56.58,left,0.950408581729,0.695136723074,-0.255271858655,decay
56.59,left,0.950782504643,0.695087768391,-0.255694736252,decay
56.6,left,0.951226438044,0.695039707293,-0.256186730751,decay
56.61,left,0.951727606708,0.694992348244,-0.256735258465,decay
56.62,left,0.95227152648,0.694945488264,-0.257326038216,decay
56.63,left,0.952843037155,0.694898922807,-0.257944114348,decay
56.64,left,0.953427468898,0.694852455477,-0.258575013421,decay
56.65,left,0.954011506592,0.694805907806,-0.259205598786,decay
56.66,left,0.954583522977,0.694759129291,-0.259824393686,decay
56.67,left,0.955133896241,0.694712006797,-0.260421889443,decay
56.68,left,0.955655312951,0.694664470135,-0.260990842816,decay
56.69,left,0.956142309976,0.69461649138,-0.261525818596,decay
56.7,left,0.956589986589,0.694568079887,-0.262021906702,decay
56.71,left,0.956992621425,0.694519276417,-0.262473345008,decay
56.72,left,0.95734275827,0.694470147761,-0.262872610509,decay
56.73,left,0.957631219546,0.694420781864,-0.263210437682,decay
56.74,left,0.957848479229,0.694371283368,-0.263477195862,decay
56.75,left,0.957986947266,0.694321769474,-0.263665177792,decay
56.76,left,0.958042915091,0.694272366044,-0.263770549047,decay
56.77,left,0.958017504626,0.694223204006,-0.26379430062,decay
56.78,left,0.957916855011,0.69417441653,-0.263742438481,decay
56.79,left,0.957751535601,0.694126137285,-0.263625398317,decay
56.8,left,0.957535047713,0.694078499421,-0.263456548292,decay
56.81,left,0.957282170531,0.694031634664,-0.263250535866,decay
56.82,left,0.95700790349,0.693985672246,-0.263022231244,decay
56.83,left,0.956726541001,0.693940737597,-0.262785803404,decay
56.84,left,0.956450283664,0.693896950756,-0.262553332908,decay
56.85,left,0.956187712614,0.693854424438,-0.262333288176,decay
56.86,left,0.955942670319,0.69381326169,-0.262129408629,decay
56.87,left,0.955713859042,0.693773553446,-0.261940305596,decay
56.88,left,0.955495459569,0.693735377036,-0.261760082534,decay
56.89,left,0.95527878729,0.693698796444,-0.261579990846,decay
56.9,left,0.955054407581,0.693663863667,-0.261390543914,decay
56.91,left,0.954814147349,0.693630620003,-0.261183527346,decay
56.92,left,0.954552945299,0.693599096792,-0.260953848507,decay
56.93,left,0.954270079175,0.693569315585,-0.26070076359,decay
56.94,left,0.953968797532,0.693541287715,-0.260427509817,decay
56.95,left,0.953654575809,0.693515013276,-0.260139562533,decay
56.96,left,0.953333369908,0.693490479479,-0.259842890429,decay
56.97,left,0.953010493309,0.693467658681,-0.259542834629,decay
56.98,left,0.952689943616,0.69344650703,-0.259243436587,decay
56.99,left,0.9523742581,0.693426964456,-0.258947293644,decay
57,left,0.952064902015,0.69340895545,-0.258655946565,decay
57.01,left,0.951762793726,0.693392389648,-0.258370404078,decay
57.02,left,0.951468798486,0.693377161831,-0.258091636655,decay
57.03,left,0.95118419843,0.69336315133,-0.2578210471,decay
57.04,left,0.9509107234,0.693350220847,-0.257560502553,decay
57.05,left,0.95064988218,0.693338214706,-0.257311667474,decay
57.06,left,0.950402357885,0.693326956551,-0.257075401334,decay
57.07,left,0.950168246363,0.69331624711,-0.256851999253,decay
57.08,left,0.949947796109,0.693305864038,-0.256641932071,decay
57.09,left,0.949742238779,0.693295565354,-0.256446673426,decay
57.1,left,0.949554835999,0.693285095463,-0.256269740537,decay
57.11,left,0.949391665686,0.693274191861,-0.256117473825,decay
57.12,left,0.949261363625,0.693262591843,-0.255998771782,decay
57.13,left,0.949174110478,0.693250039321,-0.255924071157,decay
57.14,left,0.949140515173,0.693236291916,-0.255904223257,decay
57.15,left,0.949170318115,0.693221128514,-0.255949189601,decay
57.16,left,0.949270926369,0.693204357446,-0.256066568922,decay
57.17,left,0.94944624117,0.693185824405,-0.256260416765,decay
57.18,left,0.949695856027,0.693165416814,-0.256530439213,decay
57.19,left,0.950014485026,0.693143062224,-0.256871422801,decay
57.2,left,0.950392049057,0.69311872267,-0.257273326388,decay
57.21,left,0.950814852294,0.693092388471,-0.257722463823,decay
57.22,left,0.951267264287,0.693064072861,-0.258203191427,decay
57.23,left,0.951733120746,0.693033807475,-0.258699313271,decay
57.24,left,0.952196925299,0.693001638631,-0.259195286667,decay
57.25,left,0.952644882361,0.692967624327,-0.259677258034,decay
57.26,left,0.953065330512,0.692931831906,-0.260133498606,decay
57.27,left,0.953448833218,0.69289433616,-0.260554497058,decay
57.28,left,0.95378848762,0.692855217281,-0.260933270339,decay
57.29,left,0.954080176946,0.692814558204,-0.261265618742,decay
57.3,left,0.954322448278,0.692772441597,-0.261550006681,decay
57.31,left,0.954516324665,0.692728946975,-0.26178737769,decay
57.32,left,0.954665105352,0.692684148118,-0.261980957235,decay
57.33,left,0.954773798537,0.69263811074,-0.262135687797,decay
57.34,left,0.954848402283,0.692590890366,-0.262257511917,decay
57.35,left,0.954895704125,0.692542530353,-0.262353173771,decay
57.36,left,0.954923552446,0.692493060021,-0.262430492425,decay
57.37,left,0.954941095109,0.692442493186,-0.262498601923,decay
57.38,left,0.954959029396,0.692390828123,-0.262568201273,decay
57.39,left,0.954989822627,0.69233804974,-0.262651772887,decay
57.4,left,0.955047256319,0.6922841334,-0.262763122919,decay
57.41,left,0.9551451286,0.692229049361,-0.26291607924,decay
57.42,left,0.955295668482,0.692172767462,-0.263122901021,decay
57.43,left,0.95550797858,0.692115262092,-0.263392716488,decay
57.44,left,0.955786668831,0.692056517539,-0.263730151292,decay
57.45,left,0.956131213724,0.691996533793,-0.264134679931,decay
57.46,left,0.956536317581,0.691935332919,-0.264600984663,decay
57.47,left,0.956992751446,0.691872965203,-0.265119786244,decay
57.48,left,0.957488169064,0.69180951244,-0.265678656624,decay
57.49,left,0.958008135427,0.691745086339,-0.266263049088,decay
57.5,left,0.958537436576,0.691679823575,-0.266857613002,decay
57.51,left,0.959061265265,0.691613880204,-0.267447385062,decay
57.52,left,0.959566382533,0.691547426498,-0.268018956035,decay
57.53,left,0.960042509626,0.691480642178,-0.268561867447,decay
57.54,left,0.96048325719,0.691413711922,-0.269069545268,decay
57.55,left,0.96088579198,0.691346821031,-0.269538970949,decay
57.56,left,0.961249547384,0.691280151151,-0.269969396233,decay
57.57,left,0.961574662333,0.69121387618,-0.270360786153,decay
57.58,left,0.961860420019,0.691148159103,-0.270712260916,decay
57.59,left,0.962104091279,0.691083150247,-0.271020941032,decay
57.6,left,0.962300706975,0.691018986449,-0.271281720525,decay
57.61,left,0.962443552141,0.690955790208,-0.271487761933,decay
57.62,left,0.962524827577,0.690893668427,-0.27163115915,decay
57.63,left,0.962536645937,0.690832710672,-0.271703935264,decay
57.64,left,0.962472563067,0.690772986883,-0.271699576184,decay
57.65,left,0.962328903111,0.69071454448,-0.271614358632,decay
57.66,left,0.962105385734,0.690657404806,-0.271447980927,decay
57.67,left,0.961805467738,0.690601559488,-0.27120390825,decay
57.68,left,0.961436397495,0.690546968634,-0.270889428862,decay
57.69,left,0.96100863002,0.69049356238,-0.27051506764,decay
57.7,left,0.960535070563,0.690441244648,-0.270093825914,decay
57.71,left,0.960030695594,0.690389897124,-0.26964079847,decay
57.72,left,0.959512196833,0.690339382683,-0.26917281415,decay
57.73,left,0.95899727978,0.690289548278,-0.268707731502,decay
57.74,left,0.958503805714,0.690240227363,-0.268263578351,decay
57.75,left,0.958048731017,0.690191241934,-0.267857489083,decay
57.76,left,0.957646569018,0.690142404259,-0.267504164759,decay
57.77,left,0.957307852988,0.690093518542,-0.267214334446,decay
57.78,left,0.957038389284,0.690044383104,-0.26699400618,decay
57.79,left,0.956839187664,0.689994793574,-0.266844394089,decay
57.8,left,0.956706805616,0.689944546881,-0.266762258735,decay
57.81,left,0.956634562614,0.689893445616,-0.266741116998,decay
57.82,left,0.956614566837,0.689841302679,-0.266773264158,decay
57.83,left,0.95663955976,0.689787946294,-0.266851613466,decay
57.84,left,0.956704053307,0.689733225536,-0.266970827771,decay
57.85,left,0.956804891983,0.689677016483,-0.2671278755,decay
57.86,left,0.956941123505,0.689619229144,-0.267321894362,decay
57.87,left,0.957113141437,0.68955981432,-0.267553327116,decay
57.88,left,0.957321664071,0.689498767499,-0.267822896571,decay
57.89,left,0.957566920714,0.689436127572,-0.268130793143,decay
57.9,left,0.95784773655,0.689371972101,-0.268475764449,decay
57.91,left,0.958160501613,0.689306412191,-0.268854089422,decay
57.92,left,0.958498669915,0.689239588153,-0.269259081762,decay
57.93,left,0.958852929637,0.689171665991,-0.269681263646,decay
57.94,left,0.959211640246,0.689102834608,-0.270108805638,decay
57.95,left,0.959561679572,0.689033303652,-0.270528375921,decay
57.96,left,0.959889836872,0.688963301913,-0.270926534959,decay
57.97,left,0.960184079901,0.688893075761,-0.27129100414,decay
57.98,left,0.960434191106,0.688822886143,-0.271611304963,decay
57.99,left,0.960631947971,0.688753003011,-0.27187894496,decay
58,left,0.960770916302,0.688683697799,-0.272087218502,decay
58.01,left,0.96084582714,0.688615235215,-0.272230591925,decay
58.02,left,0.960852050196,0.688547864716,-0.27230418548,decay
58.03,left,0.960785720316,0.68848181155,-0.272303908766,decay
58.04,left,0.960644224295,0.688417267123,-0.272226957172,decay
58.05,left,0.960426584853,0.688354378512,-0.272072206341,decay
58.06,left,0.960134072418,0.6882932369,-0.271840835518,decay
58.07,left,0.95977128003,0.688233866621,-0.271537413409,decay
58.08,left,0.959347015919,0.688176220617,-0.271170795302,decay
58.09,left,0.958874547805,0.688120186681,-0.270754361124,decay
58.1,left,0.95837137661,0.68806560121,-0.2703057754,decay
58.11,left,0.957858448161,0.688012264505,-0.269846183655,decay
58.12,left,0.95735862406,0.687959955356,-0.269398668703,decay
58.13,left,0.956894755622,0.687908444973,-0.268986310649,decay
58.14,left,0.956487521926,0.687857510535,-0.268630011391,decay
58.15,left,0.956152907643,0.68780694864,-0.268345959003,decay
58.16,left,0.955899930636,0.68775658891,-0.268143341725,decay
58.17,left,0.955729720395,0.687706306778,-0.268023413617,decay
58.18,left,0.955636148876,0.687656031834,-0.267980117041,decay
58.19,left,0.955607368356,0.687605748989,-0.268001619367,decay
58.2,left,0.955627993423,0.687555494692,-0.268072498731,decay
58.21,left,0.955681732,0.687505352173,-0.268176379827,decay
58.22,left,0.955753609362,0.687455447276,-0.268298162086,decay
58.23,left,0.955831345341,0.687405944931,-0.26842540041,decay
58.24,left,0.955906248308,0.687357046191,-0.268549202117,decay
58.25,left,0.95597348111,0.687308985728,-0.268664495382,decay
58.26,left,0.956031240524,0.687262029716,-0.268769210809,decay
58.27,left,0.956079331516,0.687216473365,-0.268862858152,decay
58.28,left,0.956117973469,0.687172636063,-0.268945337406,decay
58.29,left,0.956147045007,0.687130852502,-0.269016192505,decay
58.3,left,0.956165797682,0.687091460685,-0.269074336997,decay
58.31,left,0.956173146739,0.687054788561,-0.269118358178,decay
58.32,left,0.956168170463,0.687021139839,-0.269147030625,decay
58.33,left,0.95615030507,0.686990778718,-0.269159526352,decay
58.34,left,0.956119513148,0.686963913252,-0.269155599896,decay
58.35,left,0.956076843941,0.68694067699,-0.269136166952,decay
58.36,left,0.956024837956,0.686921108561,-0.269103729395,decay
58.37,left,0.95596731014,0.686905132207,-0.269062177933,decay
58.38,left,0.955909106205,0.686892549345,-0.26901655686,decay
58.39,left,0.955856158307,0.686883048872,-0.268973109435,decay
58.4,left,0.955815227015,0.686876230469,-0.268938996546,decay
58.41,left,0.955792985959,0.686871630563,-0.268921355396,decay
58.42,left,0.955794644293,0.686868746983,-0.268925897311,decay
58.43,left,0.955822280789,0.686867062457,-0.268955218333,decay
58.44,left,0.955873467624,0.686866067431,-0.269007400193,decay
58.45,left,0.955941105421,0.686865282714,-0.269075822707,decay
58.46,left,0.956014516812,0.686864282424,-0.269150234387,decay
58.47,left,0.956080817498,0.686862715179,-0.269218102319,decay
58.48,left,0.956125927087,0.686860316032,-0.269265611055,decay
58.49,left,0.956135499463,0.686856903507,-0.269278595956,decay
58.5,left,0.956095854307,0.686852366249,-0.269243488057,decay
58.51,left,0.9559945407,0.686846647373,-0.269147893327,decay
58.52,left,0.955820777572,0.686839729653,-0.268981047919,decay
58.53,left,0.955566175443,0.686831621651,-0.268734553792,decay
58.54,left,0.955225422561,0.686822344541,-0.268403078021,decay
58.55,left,0.954796863866,0.686811919437,-0.26798494443,decay
58.56,left,0.954283455073,0.686800355016,-0.267483100057,decay
58.57,left,0.953693832718,0.686787636375,-0.266906196343,decay
58.58,left,0.95304257252,0.686773718516,-0.266268854005,decay
58.59,left,0.952349370356,0.686758527012,-0.265590843344,decay
58.6,left,0.951637481389,0.686741963877,-0.264895517513,decay
58.61,left,0.950931500492,0.686723915015,-0.264207585478,decay
58.62,left,0.950254745899,0.686704257908,-0.263550487992,decay
58.63,left,0.949627135398,0.686682869531,-0.262944265867,decay
58.64,left,0.949063903,0.686659634672,-0.262404268328,decay
58.65,left,0.948574680129,0.686634454808,-0.261940225321,decay
58.66,left,0.948163120192,0.686607257705,-0.261555862487,decay
58.67,left,0.947827621617,0.686578006748,-0.261249614869,decay
58.68,left,0.947562680921,0.686546706453,-0.261015974468,decay
58.69,left,0.947360200332,0.686513401519,-0.260846798812,decay
58.7,left,0.947210821234,0.686478171493,-0.260732649741,decay
58.71,left,0.947105116384,0.68644112477,-0.260663991613,decay
58.72,left,0.947033971835,0.686402393416,-0.260631578418,decay
58.73,left,0.946988230365,0.686362128805,-0.260626101561,decay
58.74,left,0.946958417067,0.686320497992,-0.260637919075,decay
58.75,left,0.946934883157,0.686277680726,-0.260657202431,decay
58.76,left,0.946908259961,0.68623386699,-0.260674392971,decay
58.77,left,0.946870324218,0.686189254837,-0.260681069381,decay
58.78,left,0.946814994902,0.686144047828,-0.260670947074,decay
58.79,left,0.946738584934,0.686098451593,-0.26064013334,decay
58.8,left,0.946639207621,0.6860526697,-0.260586537921,decay
58.81,left,0.946516266096,0.686006899329,-0.260509366767,decay
58.82,left,0.946370447779,0.685961326878,-0.260409120901,decay
58.83,left,0.946203970417,0.685916123387,-0.26028784703,decay
58.84,left,0.946021076309,0.685871439673,-0.260149636635,decay
58.85,left,0.94582863411,0.685827401056,-0.260001233054,decay
58.86,left,0.945636250921,0.685784101547,-0.259852149374,decay
58.87,left,0.94545576795,0.685741598145,-0.259714169805,decay
58.88,left,0.945300530781,0.685699907473,-0.259600623308,decay
58.89,left,0.945184356438,0.685659006474,-0.259525349965,decay
58.9,left,0.945119931038,0.685618835803,-0.259501095235,decay
58.91,left,0.945117200905,0.685579303557,-0.259537897348,decay
58.92,left,0.945182552613,0.685540288383,-0.259642264229,decay
58.93,left,0.945318632664,0.685501641964,-0.259816990699,decay
58.94,left,0.945524506596,0.68546319095,-0.260061315646,decay
58.95,left,0.94579649739,0.685424738398,-0.260371758993,decay
58.96,left,0.946129575794,0.685386064798,-0.260743510996,decay
58.97,left,0.946518529557,0.685346929122,-0.261171600435,decay
58.98,left,0.946958586211,0.685307071174,-0.261651515037,decay
58.99,left,0.947445500489,0.685266216234,-0.262179284255,decay
59,left,0.947974890688,0.68522408146,-0.262750809228,decay
59.01,left,0.948540948333,0.685180382958,-0.263360565375,decay
59.02,left,0.949135318911,0.685134843205,-0.264000475706,decay
59.03,left,0.949746672715,0.685087198972,-0.264659473743,decay
59.04,left,0.950360770984,0.685037209924,-0.26532356106,decay
59.05,left,0.950961038277,0.684984668121,-0.265976370155,decay
59.06,left,0.951530111474,0.684929408615,-0.266600702859,decay
59.07,left,0.952052112282,0.684871319767,-0.267180792515,decay
59.08,left,0.952514655221,0.68481034851,-0.267704306711,decay
59.09,left,0.952910204158,0.684746496932,-0.268163707226,decay
59.1,left,0.953236731496,0.684679812981,-0.268556918515,decay
59.11,left,0.953497311975,0.68461038031,-0.268886931665,decay
59.12,left,0.953698856486,0.684538309215,-0.269160547271,decay
59.13,left,0.953850852559,0.684463728689,-0.26938712387,decay
59.14,left,0.953964350481,0.684386779432,-0.269577571049,decay
59.15,left,0.954050852732,0.684307607676,-0.269743245056,decay
59.16,left,0.954121276576,0.684226359702,-0.269894916873,decay
59.17,left,0.954185336785,0.684143177211,-0.270042159574,decay
59.18,left,0.95425096979,0.684058194412,-0.270192775377,decay
59.19,left,0.954323414469,0.683971537453,-0.270351877016,decay
59.2,left,0.954404411972,0.683883325599,-0.270521086372,decay
59.21,left,0.954491820555,0.683793673179,-0.270698147376,decay
59.22,left,0.954579300829,0.683702691865,-0.270876608964,decay
59.23,left,0.954656390995,0.683610493285,-0.271045897711,decay
59.24,left,0.954709742492,0.68351719196,-0.271192550532,decay
59.25,left,0.95472519309,0.683422908599,-0.271302284491,decay
59.26,left,0.954689769744,0.683327773768,-0.271361995976,decay
59.27,left,0.95459340281,0.683231931541,-0.27136147127,decay
59.28,left,0.954430367843,0.683135541873,-0.271294825971,decay
59.29,left,0.954200191481,0.683038780712,-0.271161410769,decay
59.3,left,0.953908051241,0.682941838562,-0.270966212679,decay
59.31,left,0.953564886927,0.682844918761,-0.270719968166,decay
59.32,left,0.95318686492,0.682748235968,-0.270438628952,decay
59.33,left,0.952793754542,0.682652014819,-0.270141739723,decay
59.34,left,0.952406693895,0.682556488678,-0.269850205217,decay
59.35,left,0.952046121949,0.682461898417,-0.269584223532,decay
59.36,left,0.951730014994,0.682368491132,-0.269361523862,decay
59.37,left,0.951472598775,0.682276518837,-0.269196079939,decay
59.38,left,0.951284046701,0.682186237398,-0.269097809304,decay
59.39,left,0.951170958605,0.682097905885,-0.26907305272,decay
59.4,left,0.951136885541,0.682011786075,-0.269125099467,decay
59.41,left,0.95118283683,0.681928141662,-0.269254695168,decay
59.42,left,0.951307889085,0.68184723696,-0.269460652124,decay
59.43,left,0.951509434769,0.681769334991,-0.269740099778,decay
59.44,left,0.951783074381,0.681694694855,-0.270088379526,decay
59.45,left,0.952123024572,0.681623568298,-0.270499456273,decay
59.46,left,0.952523324365,0.68155619533,-0.270967129035,decay
59.47,left,0.952979035996,0.681492799224,-0.271486236772,decay
59.48,left,0.953486805799,0.681433582167,-0.272053223632,decay
59.49,left,0.954044809299,0.681378722458,-0.272666086841,decay
59.5,left,0.954652017151,0.681328372388,-0.273323644763,decay
59.51,left,0.95530692569,0.681282655255,-0.274024270435,decay
59.52,left,0.956006640919,0.681241660845,-0.274764980074,decay
59.53,left,0.956746780718,0.681205439209,-0.275541341509,decay
59.54,left,0.957521666295,0.681173992634,-0.276347673662,decay
59.55,left,0.958324398503,0.68114726565,-0.277177132854,decay
59.56,left,0.959146800507,0.681125132935,-0.278021667573,decay
59.57,left,0.959979044563,0.68110738714,-0.278871657424,decay
59.58,left,0.960809078764,0.681093733387,-0.279715345377,decay
59.59,left,0.961622643058,0.681083795583,-0.280538847475,decay
59.6,left,0.962404251069,0.681077130765,-0.281327120304,decay
59.61,left,0.963138431403,0.681073244676,-0.282065186727,decay
59.62,left,0.963810625092,0.68107160594,-0.282739019152,decay
59.63,left,0.964407933282,0.681071658963,-0.283336274318,decay
59.64,left,0.964919765861,0.681072835885,-0.283846929977,decay
59.65,left,0.965338256575,0.681074567903,-0.284263688672,decay
59.66,left,0.965658848255,0.681076296311,-0.284582551944,decay
59.67,left,0.96588118614,0.681077482924,-0.284803703216,decay
59.68,left,0.966009538677,0.681077618254,-0.284931920423,decay
59.69,left,0.96605219615,0.681076226241,-0.284975969909,decay
59.7,left,0.966020090125,0.681072866853,-0.284947223272,decay
59.71,left,0.965924799996,0.681067138737,-0.284857661259,decay
59.72,left,0.965776081496,0.681058682901,-0.284717398596,decay
59.73,left,0.965579804897,0.681047187661,-0.284532617236,decay
59.74,left,0.965337190585,0.681032395024,-0.284304795561,decay
59.75,left,0.965045145328,0.68101410868,-0.284031036648,decay
59.76,left,0.964697204201,0.680992203795,-0.283705000407,decay
59.77,left,0.964285122,0.680966636795,-0.283318485205,decay
59.78,left,0.963800823881,0.680937449049,-0.282863374832,decay
59.79,left,0.96323787483,0.68090475981,-0.282333115019,decay
59.8,left,0.962592387452,0.680868751872,-0.28172363558,decay
59.81,left,0.961863799591,0.680829656204,-0.281034143387,decay
59.82,left,0.961055211036,0.680787737952,-0.280267473084,decay
59.83,left,0.960173052343,0.680743283752,-0.279429768591,decay
59.84,left,0.959226812235,0.680696590099,-0.278530222135,decay
59.85,left,0.958229310664,0.680647952509,-0.277581358155,decay
59.86,left,0.95719704052,0.68059765522,-0.2765993853,decay
59.87,left,0.95614997449,0.680545961967,-0.275604012523,decay
59.88,left,0.955110590406,0.680493109919,-0.274617480487,decay
59.89,left,0.954101953822,0.680439308368,-0.273662645454,decay
59.9,left,0.953145054348,0.680384740772,-0.272760313576,decay
59.91,left,0.952256362096,0.680329567705,-0.271926794391,decay
59.92,left,0.951446377379,0.680273929722,-0.271172447657,decay
59.93,left,0.950718893112,0.680217950059,-0.270500943052,decay
59.94,left,0.950070793652,0.680161737187,-0.269909056464,decay
59.95,left,0.949492914173,0.680105387205,-0.269387526969,decay
59.96,left,0.948971925589,0.680048986103,-0.268922939486,decay
59.97,left,0.948492629139,0.679992611767,-0.268500017373,decay
59.98,left,0.948040488883,0.679936335266,-0.268104153617,decay
59.99,left,0.947604178243,0.679880221136,-0.267723957107,decay
60,left,0.947177360392,0.679824326852,-0.26735303354,decay
60.01,left,0.946759339031,0.679768701962,-0.266990637069,decay
60.02,left,0.946354816774,0.679713387011,-0.266641429763,decay
60.03,left,0.945972623694,0.679658412265,-0.266314211428,decay
60.04,left,0.945623246892,0.679603796188,-0.266019450704,decay
60.05,left,0.945316063661,0.679549543649,-0.265766520012,decay
60.06,left,0.945057591219,0.67949564383,-0.265561947389,decay
60.07,left,0.9448510259,0.679442068216,-0.265408957684,decay
60.08,left,0.944696689618,0.679388769979,-0.265307919639,decay
60.09,left,0.944593277174,0.679335685758,-0.265257591416,decay
60.1,left,0.944539430978,0.679282739106,-0.265256691872,decay
60.11,left,0.944534633053,0.67922984429,-0.265304788763,decay
60.12,left,0.944579090702,0.679176909965,-0.265402180736,decay
60.13,left,0.944673022609,0.679123842743,-0.265549179865,decay
60.14,left,0.944815573551,0.679070550741,-0.26574502281,decay
60.15,left,0.945003734934,0.679016947183,-0.265986787751,decay
60.16,left,0.945232148789,0.678962954145,-0.266269194644,decay
60.17,left,0.945494074593,0.678908506155,-0.266585568438,decay
60.18,left,0.94578266927,0.678853552633,-0.266929116637,decay
60.19,left,0.946091841607,0.678798058375,-0.267293783231,decay
60.2,left,0.946416724451,0.67874200276,-0.267674721691,decay
60.21,left,0.946753696231,0.678685378795,-0.268068317436,decay
60.22,left,0.947099763148,0.678628192489,-0.268471570659,decay
60.23,left,0.947451891919,0.678570462564,-0.268881429355,decay
60.24,left,0.947806917093,0.678512220515,-0.269294696578,decay
60.25,left,0.948161754654,0.678453511009,-0.269708243644,decay
60.26,left,0.948513707727,0.678394392615,-0.270119315112,decay
60.27,left,0.948861031996,0.678334938609,-0.270526093387,decay
60.28,left,0.949203375985,0.678275237028,-0.270928138957,decay
60.29,left,0.949541596551,0.678215389336,-0.271326207215,decay
60.3,left,0.949877298886,0.678155508124,-0.271721790762,decay
60.31,left,0.950212551337,0.678095714648,-0.272116836689,decay
60.32,left,0.950549460257,0.678036136473,-0.272513323784,decay
60.33,left,0.950889463876,0.677976905207,-0.27291255867,decay
60.34,left,0.951233030728,0.677918154229,-0.273314876499,decay
60.35,left,0.951579947697,0.677860016376,-0.273719931321,decay
60.36,left,0.951929427382,0.677802621479,-0.274126805903,decay
60.37,left,0.952279867522,0.677746093957,-0.274533773565,decay
60.38,left,0.952628808194,0.677690551097,-0.274938257097,decay
60.39,left,0.952973037238,0.677636102545,-0.275336934694,decay
60.4,left,0.953308726449,0.677582850528,-0.275725875921,decay
60.41,left,0.953632045199,0.677530890037,-0.276101155162,decay
60.42,left,0.953940043794,0.677480308611,-0.276459735184,decay
60.43,left,0.954230891811,0.677431185681,-0.27679970613,decay
60.44,left,0.954503335063,0.67738359145,-0.277119743614,decay
60.45,left,0.954755975811,0.677337585238,-0.277418390573,decay
60.46,left,0.954986562382,0.677293213298,-0.277693349084,decay
60.47,left,0.955191298489,0.677250506438,-0.277940792051,decay
60.48,left,0.955364823919,0.67720947881,-0.278155345109,decay
60.49,left,0.955501261678,0.677170128831,-0.278331132847,decay
60.5,left,0.955595616971,0.677132441484,-0.278463175487,decay
60.51,left,0.955644903629,0.677096390612,-0.278548513017,decay
60.52,left,0.955649080397,0.677061940672,-0.278587139724,decay
60.53,left,0.955611509741,0.677029047932,-0.278582461809,decay
60.54,left,0.955538354857,0.676997661124,-0.278540693733,decay
60.55,left,0.955437073494,0.676967721599,-0.278469351895,decay
60.56,left,0.955314532698,0.676939162979,-0.278375369719,decay
60.57,left,0.95517507904,0.676911910588,-0.278263168452,decay
60.58,left,0.955019236496,0.676885881469,-0.278133355026,decay
60.59,left,0.954843855432,0.676860985627,-0.277982869805,decay
60.6,left,0.954643588203,0.676837128061,-0.277806460143,decay
60.61,left,0.954412680085,0.67681421081,-0.277598469275,decay
60.62,left,0.954146429056,0.676792134729,-0.277354294327,decay
60.63,left,0.95384223321,0.67677080099,-0.27707143222,decay
60.64,left,0.953499933683,0.6767501124,-0.276749821283,decay
60.65,left,0.9531214802,0.676729974537,-0.276391505663,decay
60.66,left,0.952710794447,0.676710296781,-0.276000497665,decay
60.67,left,0.952274110267,0.676690993138,-0.27558311713,decay
60.68,left,0.95181997109,0.676671982496,-0.275147988594,decay
60.69,left,0.951358516738,0.676653188072,-0.274705328666,decay
60.7,left,0.950900475835,0.676634536252,-0.274265939584,decay
60.71,left,0.950456091872,0.676615955253,-0.273840136619,decay
60.72,left,0.950034125266,0.676597373765,-0.2734367515,decay
60.73,left,0.949641427252,0.676578719578,-0.273062707674,decay
60.74,left,0.949283238629,0.676559918198,-0.272723320431,decay
60.75,left,0.948963596615,0.676540891443,-0.272422705172,decay
60.76,left,0.948685495704,0.676521556023,-0.272163939681,decay
60.77,left,0.948451149148,0.676501822281,-0.271949326867,decay
60.78,left,0.948262262877,0.676481593707,-0.27178066917,decay
60.79,left,0.948119881928,0.676460767677,-0.271659114251,decay
60.8,left,0.948024285433,0.676439237123,-0.271585048311,decay
60.81,left,0.947975463513,0.67641689255,-0.271558570962,decay
60.82,left,0.947973493317,0.676393624229,-0.271579869088,decay
60.83,left,0.948018172221,0.676369324574,-0.271648847647,decay
60.84,left,0.948108261542,0.676343890799,-0.271764370743,decay
60.85,left,0.94824061062,0.676317227902,-0.271923382718,decay
60.86,left,0.948409112561,0.676289252062,-0.272119860498,decay
60.87,left,0.948604060481,0.676259893968,-0.272344166512,decay
60.88,left,0.94881252955,0.676229100448,-0.272583429102,decay
60.89,left,0.949019363628,0.67619683315,-0.272822530478,decay
60.9,left,0.949208179673,0.676163065253,-0.27304511442,decay
60.91,left,0.949362578573,0.676127777936,-0.273234800637,decay
60.92,left,0.949467515206,0.676090957288,-0.273376557919,decay
60.93,left,0.949510120998,0.676052591673,-0.273457529325,decay
60.94,left,0.94947992532,0.676012669531,-0.273467255789,decay
60.95,left,0.949369144472,0.675971177552,-0.27339796692,decay
60.96,left,0.949173158129,0.675928099224,-0.273245058904,decay
60.97,left,0.948890985526,0.67588341384,-0.273007571686,decay
60.98,left,0.948525995437,0.6758370963,-0.272688899137,decay
60.99,left,0.948086769801,0.675789117982,-0.272297651819,decay
61,left,0.947587443606,0.675739448503,-0.271847995103,decay
61.01,left,0.947047277719,0.675688058028,-0.271359219691,decay
61.02,left,0.946489729027,0.67563492003,-0.270854808997,decay
61.03,left,0.94594101248,0.675580014536,-0.270360997944,decay
61.04,left,0.945428218004,0.675523331909,-0.269904886095,decay
61.05,left,0.944977615066,0.675464877251,-0.269512737815,decay
61.06,left,0.944613442326,0.67540467547,-0.269208766856,decay
61.07,left,0.94435654399,0.675342776317,-0.269013767672,decay
61.08,left,0.944222635072,0.675279256955,-0.268943378117,decay
61.09,left,0.944221085576,0.675214220216,-0.26900686536,decay
61.1,left,0.94435476391,0.675147789943,-0.269206973966,decay
61.11,left,0.944620730451,0.675080105876,-0.269540624575,decay
61.12,left,0.945011735131,0.675011319056,-0.270000416075,decay
61.13,left,0.945518233526,0.674941587719,-0.270576645807,decay
61.14,left,0.946129969068,0.674871073587,-0.271258895481,decay
61.15,left,0.946836592352,0.674799938444,-0.272036653907,decay
61.16,left,0.947627724269,0.674728340919,-0.27289938335,decay
61.17,left,0.948492748318,0.674656433663,-0.273836314655,decay
61.18,left,0.949420091922,0.674584361796,-0.274835730126,decay
61.19,left,0.950396326188,0.674512263232,-0.275884062956,decay
61.2,left,0.951406065847,0.674440270343,-0.276965795504,decay
61.21,left,0.952432854273,0.674368511968,-0.278064342305,decay
61.22,left,0.953460417596,0.674297115376,-0.27916330222,decay
61.23,left,0.954473938515,0.674226208146,-0.280247730369,decay
61.24,left,0.955460873978,0.674155919958,-0.28130495402,decay
61.25,left,0.956410664291,0.674086384297,-0.282324279994,decay
61.26,left,0.957313747738,0.674017740059,-0.283296007679,decay
61.27,left,0.958160917203,0.673950132827,-0.284210784376,decay
61.28,left,0.958943208285,0.673883715075,-0.28505949321,decay
61.29,left,0.959652079963,0.673818644746,-0.285833435217,decay
61.3,left,0.96028004085,0.673755082541,-0.28652495831,decay
61.31,left,0.960821627398,0.673693188578,-0.28712843882,decay
61.32,left,0.961274004823,0.673633118642,-0.287640886181,decay
61.33,left,0.961636828372,0.67357501994,-0.288061808432,decay
61.34,left,0.961911870474,0.673519026267,-0.288392844207,decay
61.35,left,0.962102802447,0.673465252463,-0.288637549984,decay
61.36,left,0.962215056392,0.673413788039,-0.288801268353,decay
61.37,left,0.962255954368,0.673364690726,-0.288891263643,decay
61.38,left,0.962235119572,0.673317982545,-0.288917137027,decay
61.39,left,0.962164350183,0.673273650381,-0.288890699802,decay
61.4,left,0.962056500683,0.673231649485,-0.288824851198,decay
61.41,left,0.961923983951,0.673191907157,-0.288732076794,decay
61.42,left,0.961777465852,0.673154325498,-0.288623140354,decay
61.43,left,0.961624989242,0.673118783191,-0.288506206051,decay
61.44,left,0.961472003864,0.673085136374,-0.288386867489,decay
61.45,left,0.9613224344,0.673053218641,-0.288269215758,decay
61.46,left,0.961179851375,0.673022840214,-0.288157011161,decay
61.47,left,0.961047853862,0.672993786878,-0.288054066984,decay
61.48,left,0.960929964929,0.672965820512,-0.287964144417,decay
61.49,left,0.960829459821,0.67293868259,-0.287890777231,decay
61.5,left,0.96074883457,0.672912099779,-0.287836734791,decay
61.51,left,0.960689053677,0.672885789912,-0.287803263765,decay
61.52,left,0.960649212349,0.672859467748,-0.287789744601,decay
61.53,left,0.960626452754,0.672832850623,-0.287793602131,decay
61.54,left,0.960615809262,0.67280566413,-0.287810145132,decay
61.55,left,0.96061050913,0.672777648019,-0.287832861112,decay
61.56,left,0.960602945929,0.67274856245,-0.287854383479,decay
61.57,left,0.96058563847,0.672718194035,-0.287867444436,decay
61.58,left,0.960551889454,0.672686359461,-0.287865529993,decay
61.59,left,0.960496515246,0.672652905061,-0.287843610185,decay
61.6,left,0.960416469879,0.672617703703,-0.287798766176,decay
61.61,left,0.96031081095,0.672580651417,-0.287730159533,decay
61.62,left,0.960180183728,0.672541664745,-0.287638518983,decay
61.63,left,0.960026174785,0.672500678879,-0.287525495907,decay
61.64,left,0.95985033458,0.67245764658,-0.287392688,decay
61.65,left,0.959653085663,0.672412537879,-0.287240547784,decay
61.66,left,0.959433336925,0.67236534056,-0.287067996365,decay
61.67,left,0.959188818891,0.672316061041,-0.286872757849,decay
61.68,left,0.958916476493,0.672264724382,-0.286651752111,decay
61.69,left,0.958612869788,0.672211372452,-0.286401497337,decay
61.7,left,0.958274695345,0.672156060974,-0.286118634371,decay
61.71,left,0.957899042962,0.672098856688,-0.285800186275,decay
61.72,left,0.957483427849,0.672039835141,-0.285443592708,decay
61.73,left,0.957026268554,0.671979079095,-0.285047189459,decay
61.74,left,0.956527931481,0.671916677496,-0.284611253985,decay
61.75,left,0.955991788434,0.67185272499,-0.284139063444,decay
61.76,left,0.955424972711,0.671787321934,-0.283637650776,decay
61.77,left,0.954838725131,0.671720574818,-0.283118150313,decay
61.78,left,0.954247932202,0.671652596841,-0.282595335361,decay
61.79,left,0.953669712509,0.671583508462,-0.282086204048,decay
61.8,left,0.953121680252,0.671513438023,-0.281608242229,decay
61.81,left,0.952620347264,0.671442522681,-0.281177824583,decay
61.82,left,0.95217950003,0.671370909702,-0.280808590328,decay
61.83,left,0.951808803704,0.671298758144,-0.280510045561,decay
61.84,left,0.951513283721,0.671226240886,-0.280287042836,decay
61.85,left,0.951293660331,0.671153547023,-0.280140113307,decay
61.86,left,0.951147011839,0.671080884602,-0.280066127236,decay
61.87,left,0.951067558521,0.671008483104,-0.280059075418,decay
61.88,left,0.951047460563,0.67093659379,-0.280110866773,decay
61.89,left,0.951077291931,0.670865486477,-0.280211805454,decay
61.9,left,0.951146326404,0.670795443666,-0.280350882738,decay
61.91,left,0.951243276474,0.670726753819,-0.280516522655,decay
61.92,left,0.951357302294,0.670659704391,-0.280697597903,decay
61.93,left,0.951478464269,0.67059457451,-0.28088388976,decay
61.94,left,0.951597741867,0.670531627104,-0.281066114763,decay
61.95,left,0.951707177782,0.670471100301,-0.281236077481,decay
61.96,left,0.95179989851,0.670413197878,-0.281386700632,decay
61.97,left,0.951869886855,0.670358079723,-0.281511807133,decay
61.98,left,0.951912074991,0.670305855696,-0.281606219295,decay
61.99,left,0.951922873726,0.670256585459,-0.281666288267,decay
62,left,0.951900696893,0.670210282184,-0.281690414709,decay
62.01,left,0.951846405486,0.670166916451,-0.281679489035,decay
62.02,left,0.951763678949,0.670126418864,-0.281637260085,decay
62.03,left,0.951658769952,0.670088681294,-0.281570088659,decay
62.04,left,0.951539405401,0.670053556787,-0.281485848614,decay
62.05,left,0.951413617681,0.670020858171,-0.28139275951,decay
62.06,left,0.951289112582,0.669990355361,-0.281298757221,decay
62.07,left,0.951172929472,0.669961772687,-0.281211156785,decay
62.08,left,0.951071407576,0.669934790262,-0.281136617314,decay
62.09,left,0.950990702535,0.669909052533,-0.281081650002,decay
62.1,left,0.950937331604,0.669884181911,-0.281053149693,decay
62.11,left,0.950918141791,0.669859793608,-0.281058348183,decay
62.12,left,0.950939790383,0.669835510293,-0.281104280089,decay
62.13,left,0.951007861704,0.669810976742,-0.281196884961,decay
62.14,left,0.951125703168,0.669785874807,-0.281339828361,decay
62.15,left,0.951293714392,0.669759939039,-0.281533775353,decay
62.16,left,0.951509894302,0.669732973276,-0.281776921025,decay
62.17,left,0.951771344891,0.66970486614,-0.282066478751,decay
62.18,left,0.952075805041,0.669675598219,-0.282400206822,decay
62.19,left,0.952422901281,0.66964523549,-0.282777665791,decay
62.2,left,0.952815044228,0.669613913135,-0.283201131093,decay
62.21,left,0.953257351075,0.669581817256,-0.283675533819,decay
62.22,left,0.953756352844,0.669549167361,-0.284207185483,decay
62.23,left,0.954318225351,0.66951619957,-0.284802025781,decay
62.24,left,0.954947042577,0.669483150229,-0.285463892348,decay
62.25,left,0.955643079642,0.669450239602,-0.28619284004,decay
62.26,left,0.956401736286,0.669417655332,-0.286984080953,decay
62.27,left,0.957213648326,0.66938553714,-0.287828111187,decay
62.28,left,0.958065581542,0.669353968022,-0.28871161352,decay
62.29,left,0.958941582139,0.669322975959,-0.289618606181,decay
62.3,left,0.959824433439,0.66929254294,-0.290531890499,decay
62.31,left,0.960697171108,0.669262615712,-0.291434555396,decay
62.32,left,0.961544001997,0.669233116018,-0.29231088598,decay
62.33,left,0.962350701712,0.669203950321,-0.293146751391,decay
62.34,left,0.963105106816,0.669175019183,-0.293930087633,decay
62.35,left,0.963797501741,0.669146226453,-0.294651275288,decay
62.36,left,0.964420317967,0.669117488467,-0.2953028295,decay
62.37,left,0.96496760799,0.669088742496,-0.295878865494,decay
62.38,left,0.965435027199,0.66905995185,-0.29637507535,decay
62.39,left,0.965820148792,0.669031105618,-0.296789043174,decay
62.4,left,0.966122857199,0.669002214661,-0.297120642537,decay
62.41,left,0.966345847982,0.668973306665,-0.297372541317,decay
62.42,left,0.966494756142,0.66894442137,-0.297550334772,decay
62.43,left,0.966577385971,0.668915605994,-0.297661779976,decay
62.44,left,0.966602416266,0.668886910778,-0.297715505488,decay
62.45,left,0.966578178256,0.668858384544,-0.297719793712,decay
62.46,left,0.966511442554,0.668830070217,-0.297681372337,decay
62.47,left,0.966406369952,0.668802000542,-0.29760436941,decay
62.48,left,0.966264467081,0.668774194989,-0.297490272092,decay
62.49,left,0.966085531031,0.668746658585,-0.297338872446,decay
62.5,left,0.965868534062,0.668719382036,-0.297149152026,decay
62.51,left,0.965612173591,0.66869234205,-0.29691983154,decay
62.52,left,0.965315448562,0.668665501413,-0.296649947149,decay
62.53,left,0.964977961721,0.66863880878,-0.296339152941,decay
62.54,left,0.964599713364,0.668612198201,-0.295987515162,decay
62.55,left,0.964180911601,0.668585588376,-0.295595323225,decay
62.56,left,0.9637220145,0.668558881644,-0.295163132856,decay
62.57,left,0.963223751151,0.668531962951,-0.2946917882,decay
62.58,left,0.962687382477,0.668504699536,-0.294182682941,decay
62.59,left,0.962115515581,0.668476941891,-0.29363857369,decay
62.6,left,0.961512878495,0.668448525649,-0.293064352846,decay
62.61,left,0.960886383719,0.668419273689,-0.29246711003,decay
62.62,left,0.960244748012,0.668388998247,-0.291855749765,decay
62.63,left,0.959598076196,0.668357503049,-0.291240573148,decay
62.64,left,0.958957224175,0.668324585588,-0.290632638587,decay
62.65,left,0.958333006025,0.668290039596,-0.290042966429,decay
62.66,left,0.957735737032,0.66825365782,-0.289482079212,decay
62.67,left,0.957174968903,0.668215234983,-0.28895973392,decay
62.68,left,0.956659008966,0.668174570375,-0.288484438591,decay
62.69,left,0.956194551405,0.668131469688,-0.288063081718,decay
62.7,left,0.955786673236,0.668085746533,-0.287700926703,decay
62.71,left,0.955438791797,0.6680372244,-0.287401567397,decay
62.72,left,0.9551525748,0.667985739403,-0.287166835397,decay
62.73,left,0.954928293641,0.667931143935,-0.286997149706,decay
62.74,left,0.954765399749,0.66787331132,-0.286892088429,decay
62.75,left,0.954662621688,0.667812141583,-0.286850480105,decay
62.76,left,0.95461774664,0.667747568454,-0.286870178185,decay
62.77,left,0.954627590255,0.667679566457,-0.286948023797,decay
62.78,left,0.954687767564,0.667608154236,-0.287079613327,decay
62.79,left,0.954792001592,0.667533391172,-0.28725861042,decay
62.8,left,0.954931720465,0.667455369519,-0.287476350946,decay
62.81,left,0.955096367868,0.667374206052,-0.287722161816,decay
62.82,left,0.955274180365,0.667290034774,-0.287984145591,decay
62.83,left,0.955453481698,0.667203000688,-0.288250481011,decay
62.84,left,0.955624362506,0.667113254502,-0.288511108004,decay
62.85,left,0.955779950883,0.667020948142,-0.288759002741,decay
62.86,left,0.955916789207,0.666926230964,-0.288990558243,decay
62.87,left,0.956034564388,0.666829246824,-0.289205317564,decay
62.88,left,0.956135371256,0.666730132687,-0.289405238569,decay
62.89,left,0.956222476415,0.666629019302,-0.289593457113,decay
62.9,left,0.956299104853,0.666526033476,-0.289773071377,decay
62.91,left,0.956367891363,0.666421301148,-0.289946590216,decay
62.92,left,0.956430607015,0.666314950947,-0.290115656068,decay
62.93,left,0.956487493657,0.666207118236,-0.290280375421,decay
62.94,left,0.956536575839,0.666097949666,-0.290438626173,decay
62.95,left,0.95657356604,0.665987608279,-0.290585957762,decay
62.96,left,0.956592334048,0.665876279212,-0.290716054836,decay
62.97,left,0.956585941902,0.665764175215,-0.290821766687,decay
62.98,left,0.956548205961,0.665651539474,-0.290896666487,decay
62.99,left,0.956475094069,0.665538643794,-0.290936450275,decay
63,left,0.956365446176,0.665425783531,-0.290939662645,decay
63.01,left,0.956221242067,0.665313271765,-0.290907970301,decay
63.02,left,0.956047533417,0.66520143366,-0.290846099757,decay
63.03,left,0.955851785035,0.665090600917,-0.290761184119,decay
63.04,left,0.955642817889,0.664981106166,-0.290661711723,decay
63.05,left,0.955430011489,0.664873277123,-0.290556734366,decay
63.06,left,0.955222701508,0.664767430323,-0.290455271185,decay
63.07,left,0.955029105816,0.664663864947,-0.29036524087,decay
63.08,left,0.954855013167,0.66456285864,-0.290292154527,decay
63.09,left,0.954703092163,0.664464666796,-0.290238425367,decay
63.1,left,0.954572948984,0.664369523985,-0.290203424999,decay
63.11,left,0.954461743959,0.664277645334,-0.290184098625,decay
63.12,left,0.954365397947,0.664189226903,-0.290176171044,decay
63.13,left,0.954279851881,0.664104444944,-0.290175406938,decay
63.14,left,0.954201477743,0.664023453968,-0.290178023775,decay
63.15,left,0.954126669606,0.663946383564,-0.290180286042,decay
63.16,left,0.954051327594,0.663873333864,-0.29017799373,decay
63.17,left,0.953970347214,0.663804370389,-0.290165976825,decay
63.18,left,0.95387702258,0.663739520749,-0.290137501832,decay
63.19,left,0.953762982167,0.66367877506,-0.290084207107,decay
63.2,left,0.953619073313,0.663622088614,-0.289996984699,decay
63.21,left,0.953436753755,0.663569384157,-0.289867369598,decay
63.22,left,0.953209669324,0.663520552732,-0.289689116592,decay
63.23,left,0.952935303983,0.663475453014,-0.289459850969,decay
63.24,left,0.95261594105,0.663433909165,-0.289182031884,decay
63.25,left,0.952258331592,0.663395707203,-0.288862624389,decay
63.26,left,0.951872613561,0.663360589871,-0.28851202369,decay
63.27,left,0.951471089726,0.663328251529,-0.288142838196,decay
63.28,left,0.951066898906,0.663298337823,-0.287768561083,decay
63.29,left,0.950672845235,0.663270453802,-0.287402391433,decay
63.3,left,0.950300701727,0.663244177966,-0.287056523761,decay
63.31,left,0.9499607697,0.663219077603,-0.286741692097,decay
63.32,left,0.949661557371,0.663194723721,-0.28646683365,decay
63.33,left,0.949409908027,0.663170705733,-0.286239202294,decay
63.34,left,0.949211584692,0.66314664626,-0.286064938432,decay
63.35,left,0.949071663795,0.663122216355,-0.28594944744,decay
63.36,left,0.948994404555,0.663097151518,-0.285897253037,decay
63.37,left,0.948982949922,0.663071266639,-0.285911683283,decay
63.38,left,0.94903893076,0.663044463458,-0.285994467302,decay
63.39,left,0.949161747912,0.663016725632,-0.286145022279,decay
63.4,left,0.949347844375,0.662988105209,-0.286359739166,decay
63.41,left,0.94959023799,0.662958707293,-0.286631530698,decay
63.42,left,0.949877956013,0.66292867552,-0.286949280493,decay
63.43,left,0.950195329203,0.662898178345,-0.287297150859,decay
63.44,left,0.950521784992,0.662867395868,-0.287654389124,decay
63.45,left,0.95083252778,0.662836506976,-0.287996020804,decay
63.46,left,0.951099981391,0.662805676522,-0.288294304869,decay
63.47,left,0.951296079045,0.662775043515,-0.28852103553,decay
63.48,left,0.951395563588,0.662744713771,-0.288650849817,decay
63.49,left,0.951379497905,0.662714759674,-0.288664738231,decay
63.5,left,0.951237687954,0.662685224891,-0.288552463063,decay
63.51,left,0.950969617673,0.662656130254,-0.288313487419,decay
63.52,left,0.950584018761,0.66262747932,-0.287956539441,decay
63.53,left,0.95009706863,0.662599263533,-0.287497805097,decay
63.54,left,0.949529742336,0.662571467099,-0.286958275236,decay
63.55,left,0.948905244531,0.662544071628,-0.286361172903,decay
63.56,left,0.94824686304,0.662517060626,-0.285729802413,decay
63.57,left,0.947576197321,0.662490423553,-0.285085773769,decay
63.58,left,0.946912016769,0.662464158298,-0.284447858471,decay
63.59,left,0.946269859222,0.662438271271,-0.283831587952,decay
63.6,left,0.945661865649,0.662412775754,-0.283249089895,decay
63.61,left,0.945096668396,0.662387689726,-0.28270897867,decay
63.62,left,0.944579785976,0.66236303361,-0.282216752366,decay
63.63,left,0.944114324215,0.662338827973,-0.281775496242,decay
63.64,left,0.943701317299,0.662315091102,-0.281386226197,decay
63.65,left,0.943339959831,0.66229183644,-0.281048123391,decay
63.66,left,0.943028148809,0.662269069832,-0.280759078978,decay
63.67,left,0.942762900601,0.662246786842,-0.280516113759,decay
63.68,left,0.942540516172,0.662224971145,-0.280315545027,decay
63.69,left,0.942357096596,0.662203594704,-0.280153501892,decay
63.7,left,0.942209382677,0.662182619174,-0.280026763503,decay
63.71,left,0.942095249751,0.662161997508,-0.279933252243,decay
63.72,left,0.942013795877,0.662141675352,-0.279872120524,decay
63.73,left,0.941965440843,0.662121592249,-0.279843848593,decay
63.74,left,0.941951932165,0.66210168266,-0.279850249506,decay
63.75,left,0.941975905903,0.662081876848,-0.279894029055,decay
63.76,left,0.942040220298,0.662062101655,-0.279978118643,decay
63.77,left,0.942147339846,0.662042281011,-0.280105058835,decay
63.78,left,0.942298702976,0.6620223356,-0.280276367376,decay
63.79,left,0.942494478335,0.662002181287,-0.280492297048,decay
63.8,left,0.942734247713,0.661981726601,-0.280752521112,decay
63.81,left,0.943018084064,0.661960869891,-0.281057214173,decay
63.82,left,0.943347076877,0.661939496375,-0.281407580502,decay
63.83,left,0.943723115927,0.661917475078,-0.281805640849,decay
63.84,left,0.944148112875,0.661894655653,-0.282253457222,decay
63.85,left,0.944622802874,0.66187086505,-0.282751937824,decay
63.86,left,0.945145656166,0.661845904038,-0.283299752129,decay
63.87,left,0.945712537297,0.661819544315,-0.283892992982,decay
63.88,left,0.946317015377,0.661791528617,-0.284525486761,decay
63.89,left,0.946950810215,0.661761575653,-0.285189234562,decay
63.9,left,0.947604347681,0.661729388669,-0.285874959012,decay
63.91,left,0.94826751269,0.66169466535,-0.286572847341,decay
63.92,left,0.948930121045,0.661657108293,-0.287273012751,decay
63.93,left,0.949581894767,0.661616436194,-0.287965458573,decay
63.94,left,0.950212534693,0.661572395992,-0.2886401387,decay
63.95,left,0.950812056048,0.66152477626,-0.289287279788,decay
63.96,left,0.951370866671,0.661473422083,-0.289897444588,decay
63.97,left,0.951879619791,0.661418249736,-0.290461370055,decay
63.98,left,0.95232917955,0.661359255202,-0.290969924348,decay
63.99,left,0.952710595372,0.661296512009,-0.291414083363,decay
64,left,0.953015206868,0.661230161917,-0.291785044951,decay
64.01,left,0.95323541838,0.661160404731,-0.292075013648,decay
64.02,left,0.953366136475,0.661087489722,-0.292278646754,decay
64.03,left,0.953406155448,0.661011708673,-0.292394446775,decay
64.04,left,0.95335905619,0.660933390406,-0.292425665785,decay
64.05,left,0.953233576553,0.660852896599,-0.292380679954,decay
64.06,left,0.953043035593,0.660770618773,-0.29227241682,decay
64.07,left,0.952803631366,0.660686975849,-0.292116655517,decay
64.08,left,0.952532413157,0.660602410818,-0.291930002339,decay
64.09,left,0.952245462537,0.660517385318,-0.291728077219,decay
64.1,left,0.951956060124,0.660432372728,-0.291523687397,decay
64.11,left,0.95167317836,0.66034785092,-0.29132532744,decay
64.12,left,0.951401026772,0.660264295044,-0.291136731728,decay
64.13,left,0.951139661426,0.660182170136,-0.290957491289,decay
64.14,left,0.950886357213,0.660101923332,-0.290784433881,decay
64.15,left,0.950637623787,0.66002397543,-0.290613648357,decay
64.16,left,0.950391298934,0.659948711574,-0.290442587359,decay
64.17,left,0.950147556031,0.659876472007,-0.290271084024,decay
64.18,left,0.949908426482,0.65980754645,-0.290100880031,decay
64.19,left,0.949676738065,0.659742174766,-0.289934563299,decay
64.2,left,0.949455205555,0.659680551687,-0.289774653869,decay
64.21,left,0.949245714871,0.659622831694,-0.289622883177,decay
64.22,left,0.949049035307,0.659569132454,-0.289479902853,decay
64.23,left,0.948865187225,0.659519536695,-0.28934565053,decay
64.24,left,0.94869411869,0.659474092514,-0.289220026176,decay
64.25,left,0.948536419986,0.659432812114,-0.289103607872,decay
64.26,left,0.948394009835,0.659395668921,-0.288998340915,decay
64.27,left,0.948270219426,0.659362594062,-0.288907625364,decay
64.28,left,0.948168880711,0.659333475304,-0.288835405407,decay
64.29,left,0.948093178456,0.659308160818,-0.288785017638,decay
64.3,left,0.948045197751,0.659286466061,-0.28875873169,decay
64.31,left,0.948026060467,0.659268180646,-0.28875787982,decay
64.32,left,0.948036152215,0.659253074012,-0.288783078203,decay
64.33,left,0.948075534686,0.659240899911,-0.288834634774,decay
64.34,left,0.948144613153,0.659231399853,-0.288913213299,decay
64.35,left,0.948244513261,0.659224305616,-0.289020207645,decay
64.36,left,0.948376954623,0.659219340935,-0.289157613688,decay
64.37,left,0.948543935867,0.659216222724,-0.289327713143,decay
64.38,left,0.948747091927,0.659214662803,-0.289532429125,decay
64.39,left,0.948986593211,0.659214370839,-0.289772222372,decay
64.4,left,0.949260202709,0.659215058163,-0.290045144545,decay
64.41,left,0.949562919866,0.65921644168,-0.290346478186,decay
64.42,left,0.94988700189,0.659218247658,-0.290668754232,decay
64.43,left,0.950222392261,0.659220215489,-0.291002176772,decay
64.44,left,0.950557910284,0.659222101546,-0.291335808738,decay
64.45,left,0.950882948258,0.659223683276,-0.291659264981,decay
64.46,left,0.951188938194,0.659224763634,-0.29196417456,decay
64.47,left,0.951470416692,0.659225175122,-0.292245241569,decay
64.48,left,0.951725742129,0.659224780788,-0.292500961341,decay
64.49,left,0.951957012005,0.659223470177,-0.292733541829,decay
64.5,left,0.952169158465,0.659221151784,-0.292948006681,decay
64.51,left,0.952368939606,0.659217744766,-0.29315119484,decay
64.52,left,0.952563936248,0.659213170964,-0.293350765284,decay
64.53,left,0.952761071783,0.659207347256,-0.293553724527,decay
64.54,left,0.952964820007,0.659200178115,-0.293764641892,decay
64.55,left,0.953175718911,0.659191548289,-0.293984170621,decay
64.56,left,0.953389560203,0.659181315513,-0.29420824469,decay
64.57,left,0.953597643151,0.659169304238,-0.294428338912,decay
64.58,left,0.953788358327,0.659155303718,-0.294633054609,decay
64.59,left,0.95394943829,0.65913907297,-0.29481036532,decay
64.6,left,0.954069666976,0.659120350839,-0.294949316137,decay
64.61,left,0.954139697588,0.659098867871,-0.295040829717,decay
64.62,left,0.954152522872,0.6590743588,-0.295078164072,decay
64.63,left,0.95410374843,0.6590465758,-0.29505717263,decay
64.64,left,0.953991492026,0.659015302772,-0.294976189253,decay
64.65,left,0.953816366172,0.658980370956,-0.294835995216,decay
64.66,left,0.953581861145,0.658941676163,-0.294640184982,decay
64.67,left,0.953294514526,0.65889919546,-0.294395319066,decay
64.68,left,0.952963467635,0.658852995812,-0.294110471823,decay
64.69,left,0.952599632632,0.65880322901,-0.293796403622,decay
64.7,left,0.952214504127,0.658750117223,-0.293464386904,decay
64.71,left,0.951818776974,0.658693936949,-0.293124840025,decay
64.72,left,0.95142159063,0.658635004388,-0.292786586242,decay
64.73,left,0.951030885571,0.658573662211,-0.29245722336,decay
64.74,left,0.95065416373,0.658510267447,-0.292143896282,decay
64.75,left,0.9502988812,0.65844518019,-0.29185370101,decay
64.76,left,0.949972569071,0.658378752882,-0.291593816189,decay
64.77,left,0.949682619045,0.658311320535,-0.29137129851,decay
64.78,left,0.94943535527,0.658243193644,-0.291192161626,decay
64.79,left,0.949234925262,0.658174655082,-0.291060270181,decay
64.8,left,0.949082835936,0.658105959712,-0.290976876224,decay
64.81,left,0.948977992603,0.658037334596,-0.290940658007,decay
64.82,left,0.94891700874,0.657968978862,-0.290948029877,decay
64.83,left,0.948895052279,0.657901063121,-0.290993989158,decay
64.84,left,0.94890696795,0.657833728364,-0.291073239585,decay
64.85,left,0.948948067773,0.657767084284,-0.291180983489,decay
64.86,left,0.949014702071,0.657701206953,-0.291313495118,decay
64.87,left,0.949104924022,0.657636136479,-0.291468787543,decay
64.88,left,0.949218815459,0.657571876706,-0.291646938754,decay
64.89,left,0.949358035842,0.657508398519,-0.291849637323,decay
64.9,left,0.949524995751,0.657445645614,-0.292079350137,decay
64.91,left,0.949721902043,0.657383540618,-0.292338361425,decay
64.92,left,0.949949278683,0.657321990774,-0.292627287908,decay
64.93,left,0.950204284474,0.657260893223,-0.29294339125,decay
64.94,left,0.950479843362,0.657200139979,-0.293279703383,decay
64.95,left,0.950764785596,0.657139622717,-0.293625162879,decay
64.96,left,0.951044707942,0.657079237464,-0.293965470478,decay
64.97,left,0.951303632753,0.657018888957,-0.294284743796,decay
64.98,left,0.951526164611,0.656958493662,-0.294567670949,decay
64.99,left,0.9516993234,0.656897980737,-0.294801342663,decay
65,left,0.951813692169,0.656837291567,-0.294976400602,decay
65.01,left,0.951863894114,0.656776379028,-0.295087515085,decay
65.02,left,0.951848183206,0.656715206933,-0.295132976272,decay
65.03,left,0.951767178566,0.656653749708,-0.295113428858,decay
65.04,left,0.951622589358,0.656591992299,-0.295030597058,decay
65.05,left,0.951416755036,0.656529930322,-0.294886824714,decay
65.06,left,0.951152866532,0.656467570448,-0.294685296084,decay
65.07,left,0.950835540245,0.656404930884,-0.294430609361,decay
65.08,left,0.950471802395,0.656342041432,-0.294129760963,decay
65.09,left,0.950071969887,0.656278942751,-0.293793027136,decay
65.1,left,0.94964951015,0.656215685086,-0.293433825065,decay
65.11,left,0.949219910374,0.656152326965,-0.293067583409,decay
65.12,left,0.948799175794,0.656088934049,-0.292710241745,decay
65.13,left,0.948402168932,0.656025578123,-0.292376590809,decay
65.14,left,0.948041090556,0.655962336182,-0.292078754374,decay
65.15,left,0.947724736709,0.655899289605,-0.291825447104,decay
65.16,left,0.947458517014,0.655836523355,-0.291621993659,decay
65.17,left,0.947244605516,0.655774125323,-0.291470480194,decay
65.18,left,0.947082253253,0.655712186161,-0.291370067092,decay
65.19,left,0.94696876697,0.65565079989,-0.29131796708,decay
65.2,left,0.946900796349,0.655590065023,-0.291310731327,decay
65.21,left,0.946875168958,0.655530085815,-0.291345083143,decay
65.22,left,0.946889322156,0.655470973452,-0.291418348705,decay
65.23,left,0.946941571967,0.655412847147,-0.29152872482,decay
65.24,left,0.947030998454,0.655355835163,-0.291675163291,decay
65.25,left,0.947157080003,0.655300075714,-0.291857004288,decay
65.26,left,0.947319528775,0.655245717756,-0.292073811019,decay
65.27,left,0.947518155843,0.655192921247,-0.292325234596,decay
65.28,left,0.947752468139,0.655141855712,-0.292610612427,decay
65.29,left,0.948021321931,0.655092696165,-0.292928625766,decay
65.3,left,0.948322803566,0.655045616949,-0.293277186617,decay
65.31,left,0.948653878076,0.655000784545,-0.293653093532,decay
65.32,left,0.949009751329,0.654958349698,-0.294051401631,decay
65.33,left,0.949383626576,0.654918438728,-0.294465187848,decay
65.34,left,0.949766986621,0.654881143847,-0.294885842774,decay
65.35,left,0.950149907705,0.654846512311,-0.295303395394,decay
65.36,left,0.950521524891,0.654814534197,-0.295706990694,decay
65.37,left,0.950870933472,0.654785130542,-0.29608580293,decay
65.38,left,0.951188043266,0.654758147627,-0.296429895639,decay
65.39,left,0.951464014733,0.654733361855,-0.296730652878,decay
65.4,left,0.951691694729,0.654710491889,-0.29698120284,decay
65.41,left,0.951866342788,0.654689212122,-0.297177130666,decay
65.42,left,0.95198640757,0.654669165166,-0.297317242404,decay
65.43,left,0.952054254294,0.654649973454,-0.29740428084,decay
65.44,left,0.952076700022,0.654631250201,-0.29744544982,decay
65.45,left,0.952064660395,0.654612610013,-0.297452050383,decay
65.46,left,0.952031625844,0.654593679395,-0.297437946449,decay
65.47,left,0.951991813814,0.654574106812,-0.297417707002,decay
65.48,left,0.951958577207,0.65455357063,-0.297405006577,decay
65.49,left,0.95194268114,0.654531783708,-0.297410897432,decay
65.5,left,0.951950614744,0.654508495897,-0.297442118847,decay
65.51,left,0.951983908697,0.654483496549,-0.297500412148,decay
65.52,left,0.95203967853,0.654456617948,-0.297583060582,decay
65.53,left,0.952111810299,0.654427739859,-0.29768407044,decay
65.54,left,0.952192448854,0.654396795294,-0.29779565356,decay
65.55,left,0.952273546082,0.65436377762,-0.297909768461,decay
65.56,left,0.952348030706,0.654328749141,-0.298019281566,decay
65.57,left,0.952410500366,0.654291849426,-0.298118650941,decay
65.58,left,0.952457568423,0.654253297711,-0.298204270713,decay
65.59,left,0.952487625801,0.654213385029,-0.298274240773,decay
65.6,left,0.95249986707,0.6541724592,-0.29832740787,decay
65.61,left,0.952493263058,0.65413090837,-0.298362354688,decay
65.62,left,0.952466196445,0.654089145234,-0.298377051211,decay
65.63,left,0.952416452004,0.654047591805,-0.298368860199,decay
65.64,left,0.952341167348,0.654006664377,-0.298334502971,decay
65.65,left,0.952237110198,0.653966758354,-0.298270351843,decay
65.66,left,0.952101259077,0.653928232587,-0.29817302649,decay
65.67,left,0.951931119917,0.65389139458,-0.298039725338,decay
65.68,left,0.951724981492,0.653856491563,-0.297868489928,decay
65.69,left,0.951482593278,0.653823711177,-0.2976588821,decay
65.7,left,0.951205931756,0.653793188696,-0.29741274306,decay
65.71,left,0.950899672892,0.653765015356,-0.297134657536,decay
65.72,left,0.950571532705,0.653739245614,-0.296832287091,decay
65.73,left,0.950232381512,0.653715903227,-0.296516478285,decay
65.74,left,0.949895624629,0.653694986252,-0.296200638377,decay
65.75,left,0.949575900403,0.653676471025,-0.295899429379,decay
65.76,left,0.949287606945,0.653660315182,-0.295627291763,decay
65.77,left,0.949043188353,0.653646459884,-0.295396728469,decay
65.78,left,0.948851128688,0.653634831556,-0.295216297133,decay
65.79,left,0.948714548567,0.653625343405,-0.295089205162,decay
65.8,left,0.948631070286,0.653617896607,-0.29501317368,decay
65.81,left,0.948593533074,0.653612380882,-0.294981152192,decay
65.82,left,0.948591253399,0.653608674401,-0.294982578997,decay
65.83,left,0.948611957647,0.653606643013,-0.295005314634,decay
65.84,left,0.948643849894,0.653606138829,-0.295037711064,decay
65.85,left,0.948677012346,0.653606998164,-0.295070014182,decay
65.86,left,0.94870412127,0.653609038848,-0.295095082422,decay
65.87,left,0.948720668238,0.653612057491,-0.295108610748,decay
65.88,left,0.948724459654,0.653615828543,-0.295108631111,decay
65.89,left,0.948714528605,0.653620106563,-0.295094422042,decay
65.9,left,0.948690259442,0.653624630733,-0.295065628708,decay
65.91,left,0.948651070684,0.653629129865,-0.295021940819,decay
65.92,left,0.948596369698,0.653633327237,-0.294963042462,decay
65.93,left,0.948525961703,0.653636945355,-0.294889016348,decay
65.94,left,0.948441138015,0.653639710781,-0.294801427234,decay
65.95,left,0.948345664912,0.653641359161,-0.294704305751,decay
65.96,left,0.948245885497,0.65364164062,-0.294604244877,decay
65.97,left,0.948149977501,0.653640324879,-0.294509652621,decay
65.98,left,0.948066431158,0.65363720382,-0.294429227338,decay
65.99,left,0.94800195354,0.653632089751,-0.294369863789,decay
66,left,0.947959834636,0.653624810811,-0.294335023825,decay
66.01,left,0.947939663338,0.653615205995,-0.294324457343,decay
66.02,left,0.947938049908,0.653603120802,-0.294334929106,decay
66.03,left,0.947949648125,0.653588403577,-0.294361244548,decay
66.04,left,0.947968472887,0.653570902519,-0.294397570368,decay
66.05,left,0.947989465019,0.653550463353,-0.294439001665,decay
66.06,left,0.948009702632,0.653526927657,-0.294482774975,decay
66.07,left,0.948029103343,0.653500131937,-0.294528971406,decay
66.08,left,0.948050826359,0.653469907679,-0.29458091868,decay
66.09,left,0.948080979372,0.653436082585,-0.294644896787,decay
66.1,left,0.948127364218,0.653398482925,-0.294728881292,decay
66.11,left,0.9481980077,0.653356936876,-0.294841070823,decay
66.12,left,0.948300163718,0.653311278846,-0.294988884872,decay
66.13,left,0.948439578847,0.653261354892,-0.295178223956,decay
66.14,left,0.948619831823,0.653207029351,-0.295412802471,decay
66.15,left,0.94884203093,0.653148192844,-0.295693838086,decay
66.16,left,0.949104814286,0.653084771788,-0.296020042498,decay
66.17,left,0.949404371033,0.65301673814,-0.296387632893,decay
66.18,left,0.94973489263,0.65294411492,-0.296790777711,decay
66.19,left,0.950089814408,0.652866974169,-0.29722284024,decay
66.2,left,0.950462959967,0.652785429923,-0.297677530044,decay
66.21,left,0.950848607986,0.652699630854,-0.298148977132,decay
66.22,left,0.95124083621,0.652609754388,-0.298631081822,decay
66.23,left,0.951632880276,0.652516002364,-0.299116877912,decay
66.24,left,0.952016745196,0.652418598094,-0.299598147103,decay
66.25,left,0.952383389096,0.652317784735,-0.300065604361,decay
66.26,left,0.952723646089,0.652213824903,-0.300509821186,decay
66.27,left,0.953029271235,0.65210700092,-0.300922270315,decay
66.28,left,0.953293548907,0.651997614024,-0.301295934882,decay
66.29,left,0.953511631125,0.651885981236,-0.301625649889,decay
66.3,left,0.95368057067,0.651772430676,-0.301908139994,decay
66.31,left,0.953798614034,0.65165729688,-0.302141317154,decay
66.32,left,0.953864201596,0.651540916628,-0.302323284968,decay
66.33,left,0.953875702043,0.651423625218,-0.302452076824,decay
66.34,left,0.953831771563,0.651305753023,-0.30252601854,decay
66.35,left,0.953731534016,0.651187622199,-0.302543911818,decay
66.36,left,0.953574557036,0.651069543416,-0.30250501362,decay
66.37,left,0.953360785927,0.650951812935,-0.302408972993,decay
66.38,left,0.953090124531,0.650834711355,-0.302255413176,decay
66.39,left,0.952761895903,0.650718505034,-0.302043390869,decay
66.4,left,0.952374970201,0.650603449296,-0.301771520905,decay
66.41,left,0.951928505574,0.650489791912,-0.301438713662,decay
66.42,left,0.951422525264,0.650377776225,-0.301044749039,decay
66.43,left,0.950858107814,0.650267643853,-0.300590463961,decay
66.44,left,0.950237418733,0.650159636951,-0.300077781782,decay
66.45,left,0.949563576808,0.650054000006,-0.299509576801,decay
66.46,left,0.948840605963,0.649950981143,-0.29888962482,decay
66.47,left,0.948074133134,0.649850832617,-0.298223300517,decay
66.48,left,0.947272602692,0.649753809682,-0.29751879301,decay
66.49,left,0.946447849015,0.649660167116,-0.296787681899,decay
66.5,left,0.945614660827,0.649570153767,-0.296044507059,decay
66.51,left,0.944789757088,0.649484005782,-0.295305751306,decay
66.52,left,0.94399023905,0.649401938692,-0.294588300358,decay
66.53,left,0.943231771586,0.649324138205,-0.293907633382,decay
66.54,left,0.942527320058,0.649250749493,-0.293276570564,decay
66.55,left,0.941886813193,0.649181864776,-0.292704948417,decay
66.56,left,0.941317484007,0.649117508949,-0.292199975058,decay
66.57,left,0.940824736665,0.649057625478,-0.291767111188,decay
66.58,left,0.94041326238,0.649002069948,-0.291411192432,decay
66.59,left,0.940087575469,0.648950616919,-0.29113695855,decay
66.6,left,0.939851519024,0.648902975851,-0.290948543173,decay
66.61,left,0.939707506017,0.648858808528,-0.290848697489,decay
66.62,left,0.939656257565,0.648817745035,-0.29083851253,decay
66.63,left,0.939696695616,0.648779398361,-0.290917297255,decay
66.64,left,0.939825516273,0.64874337796,-0.291082138313,decay
66.65,left,0.9400365993,0.648709302559,-0.29132729674,decay
66.66,left,0.940320456623,0.648676812538,-0.291643644085,decay
66.67,left,0.940663811252,0.648645581174,-0.292018230078,decay
66.68,left,0.941049654511,0.648615321964,-0.292434332547,decay
66.69,left,0.941458032348,0.648585789939,-0.292872242409,decay
66.7,left,0.941867457633,0.648556778791,-0.293310678842,decay
66.71,left,0.942256968739,0.648528117014,-0.293728851725,decay
66.72,left,0.942608766593,0.648499664357,-0.294109102237,decay
66.73,left,0.942910547454,0.648471308668,-0.294439238787,decay
66.74,left,0.943156445789,0.648442963144,-0.294713482645,decay
66.75,left,0.943346570017,0.648414563947,-0.29493200607,decay
66.76,left,0.943485787327,0.648386068184,-0.295099719143,decay
66.77,left,0.943582118639,0.648357452,-0.295224666638,decay
66.78,left,0.943645301758,0.648328708074,-0.295316593685,decay
66.79,left,0.943686251644,0.648299841939,-0.295386409705,decay
66.8,left,0.943717068717,0.648270867496,-0.295446201221,decay
66.81,left,0.943750599626,0.648241802349,-0.295508797276,decay
66.82,left,0.943799533382,0.648212663215,-0.295586870167,decay
66.83,left,0.943875712693,0.64818346133,-0.295692251363,decay
66.84,left,0.943989899905,0.648154197796,-0.295835702109,decay
66.85,left,0.944152040242,0.648124858783,-0.29602718146,decay
66.86,left,0.944371988549,0.648095410503,-0.296276578046,decay
66.87,left,0.944659976017,0.648065794536,-0.296594181481,decay
66.88,left,0.945025969655,0.648035925398,-0.296990044257,decay
66.89,left,0.945478214594,0.648005691824,-0.297472522771,decay
66.9,left,0.946021955005,0.647974960669,-0.298046994336,decay
66.91,left,0.946658487403,0.647943581481,-0.298714905923,decay
66.92,left,0.947384163907,0.64791139099,-0.299472772916,decay
66.93,left,0.948189681499,0.647878217564,-0.300311463935,decay
66.94,left,0.949060048498,0.647843885731,-0.301216162767,decay
66.95,left,0.949975032794,0.647808220891,-0.302166811903,decay
66.96,left,0.950910292889,0.647771054337,-0.303139238553,decay
66.97,left,0.951839566804,0.647732228293,-0.304107338511,decay
66.98,left,0.952737241101,0.647691599846,-0.305045641255,decay
66.99,left,0.953580269642,0.647649042919,-0.305931226724,decay
67,left,0.95434928858,0.647604449082,-0.306744839498,decay
67.01,left,0.955029120047,0.647557728541,-0.307471391506,decay
67.02,left,0.955608599822,0.647508811883,-0.308099787939,decay
67.03,left,0.956080124551,0.647457652683,-0.308622471868,decay
67.04,left,0.95643966066,0.647404231028,-0.309035429632,decay
67.05,left,0.956687012818,0.647348558019,-0.309338454799,decay
67.06,left,0.956825645857,0.647290681332,-0.309534964526,decay
67.07,left,0.956862127819,0.647230690867,-0.309631436952,decay
67.08,left,0.956805494357,0.647168721275,-0.309636773082,decay
67.09,left,0.956666403102,0.647104948909,-0.309561454193,decay
67.1,left,0.95645616095,0.647039584998,-0.309416575952,decay
67.11,left,0.956186028863,0.646972868302,-0.309213160561,decay
67.12,left,0.955866783301,0.646905058483,-0.308961724817,decay
67.13,left,0.955508263939,0.646836430141,-0.308671833798,decay
67.14,left,0.955119059865,0.646767267369,-0.308351792495,decay
67.15,left,0.954706531001,0.646697858656,-0.308008672345,decay
67.16,left,0.954276853106,0.646628491998,-0.307648361107,decay
67.17,left,0.953834944312,0.646559450333,-0.307275493978,decay
67.18,left,0.953384855071,0.646491007985,-0.306893847085,decay
67.19,left,0.952930767249,0.646423428624,-0.306507338625,decay
67.2,left,0.952477715661,0.646356964157,-0.306120751504,decay
67.21,left,0.952031619753,0.646291853609,-0.305739766144,decay
67.22,left,0.951599152927,0.64622832155,-0.305370831377,decay
67.23,left,0.951187551567,0.646166575944,-0.305020975623,decay
67.24,left,0.950804042156,0.646106805351,-0.304697236805,decay
67.25,left,0.950455136221,0.646049175367,-0.304405960854,decay
67.26,left,0.950146132305,0.645993824206,-0.3041523081,decay
67.27,left,0.949880695729,0.645940858062,-0.303939837667,decay
67.28,left,0.949660592728,0.645890348483,-0.303770244245,decay
67.29,left,0.949485862582,0.64584233344,-0.303643529142,decay
67.3,left,0.949355106039,0.645796820752,-0.303558285286,decay
67.31,left,0.949265443839,0.645753791501,-0.303511652338,decay
67.32,left,0.949212715507,0.64571320247,-0.303499513037,decay
67.33,left,0.949192626535,0.645674987576,-0.303517638959,decay
67.34,left,0.949202229272,0.645639058335,-0.303563170937,decay
67.35,left,0.949240846357,0.645605303364,-0.303635542993,decay
67.36,left,0.949310339334,0.645573586958,-0.303736752376,decay
67.37,left,0.949414508521,0.645543747375,-0.303870761145,decay
67.38,left,0.949557445172,0.645515596866,-0.304041848306,decay
67.39,left,0.949741773871,0.645488924992,-0.304252848879,decay
67.4,left,0.949967932523,0.64546350418,-0.304504428343,decay
67.41,left,0.950234442762,0.645439095575,-0.304795347186,decay
67.42,left,0.950538498784,0.645415454472,-0.305123044311,decay
67.43,left,0.950876553264,0.645392335395,-0.305484217869,decay
67.44,left,0.951244600415,0.645369496976,-0.305875103439,decay
67.45,left,0.951637872796,0.645346706765,-0.306291166031,decay
67.46,left,0.952050567864,0.645323746115,-0.306726821749,decay
67.47,left,0.952476340639,0.645300414735,-0.307175925904,decay
67.48,left,0.952908923785,0.645276533408,-0.307632390378,decay
67.49,left,0.953342027271,0.645251943728,-0.308090083544,decay
67.5,left,0.953768933099,0.645226505833,-0.308542427266,decay
67.51,left,0.954182322616,0.645200095847,-0.308982226769,decay
67.52,left,0.954574152268,0.645172603727,-0.309401548541,decay
67.53,left,0.954935626943,0.645143931575,-0.309791695368,decay
67.54,left,0.955257603562,0.645113992413,-0.310143611148,decay
67.55,left,0.955531179926,0.645082709425,-0.310448470501,decay
67.56,left,0.955748100108,0.645050015682,-0.310698084426,decay
67.57,left,0.955901147003,0.645015854177,-0.310885292826,decay
67.58,left,0.955984558471,0.644980177638,-0.311004380834,decay
67.59,left,0.955993975426,0.644942947694,-0.311051027732,decay
67.6,left,0.955925894314,0.644904133734,-0.31102176058,decay
67.61,left,0.955777412298,0.644863712011,-0.310913700287,decay
67.62,left,0.955546501453,0.644821665234,-0.310724836219,decay
67.63,left,0.95523220431,0.644777982672,-0.310454221638,decay
67.64,left,0.954834648709,0.644732660764,-0.310101987945,decay
67.65,left,0.954355164117,0.644685704257,-0.309669459859,decay
67.66,left,0.953796219548,0.644637127887,-0.309159091661,decay
67.67,left,0.953161026785,0.644586958262,-0.308574068523,decay
67.68,left,0.952453302095,0.644535234847,-0.307918067247,decay
67.69,left,0.951677315664,0.644482009193,-0.307195306471,decay
67.7,left,0.95083781309,0.644427343051,-0.306410470039,decay
67.71,left,0.949939813649,0.644371306496,-0.305568507152,decay
67.72,left,0.948988520419,0.644313976507,-0.304674543912,decay
67.73,left,0.947989064913,0.644255435994,-0.303733628919,decay
67.74,left,0.94694605975,0.644195773252,-0.302750286498,decay
67.75,left,0.945863845468,0.644135081801,-0.301728763667,decay
67.76,left,0.94474773,0.644073460589,-0.300674269411,decay
67.77,left,0.943605175791,0.644011014292,-0.299594161499,decay
67.78,left,0.94244630403,0.643947852913,-0.298498451117,decay
67.79,left,0.94128409531,0.643884090057,-0.297400005253,decay
67.8,left,0.940134322571,0.643819840285,-0.296314482286,decay
67.81,left,0.939014895058,0.643755216266,-0.295259678792,decay
67.82,left,0.937944845481,0.643690325997,-0.294254519484,decay
67.83,left,0.936943228665,0.643625270046,-0.293317958619,decay
67.84,left,0.936027719353,0.643560138739,-0.292467580613,decay
67.85,left,0.935213058352,0.643495009235,-0.291718049118,decay
67.86,left,0.934510029369,0.643429942402,-0.291080086967,decay
67.87,left,0.93392516503,0.643364979999,-0.290560185031,decay
67.88,left,0.933460794425,0.643300143804,-0.290160650621,decay
67.89,left,0.933115374932,0.643235437962,-0.28987993697,decay
67.9,left,0.932884232702,0.643170853599,-0.289713379103,decay
67.91,left,0.932760244951,0.643106374002,-0.289653870949,decay
67.92,left,0.932734123865,0.643041979694,-0.289692144171,decay
67.93,left,0.932794716866,0.642977653457,-0.28981706341,decay
67.94,left,0.932929471161,0.642913385348,-0.290016085813,decay
67.95,left,0.933124783961,0.64284917783,-0.290275606131,decay
67.96,left,0.933366465382,0.642785051079,-0.290581414303,decay
67.97,left,0.933640564192,0.642721047846,-0.290919516346,decay
67.98,left,0.933934094099,0.642657235795,-0.291276858304,decay
67.99,left,0.934235358613,0.642593705676,-0.291641652936,decay
68,left,0.934534284323,0.642530566564,-0.292003717758,decay
68.01,left,0.93482291162,0.642467940292,-0.292354971328,decay
68.02,left,0.935095581304,0.642405955915,-0.292689625389,decay
68.03,left,0.935348821995,0.642344744162,-0.293004077833,decay
68.04,left,0.935581466222,0.642284431743,-0.293297034479,decay
68.05,left,0.935794786602,0.642225135409,-0.293569651192,decay
68.06,left,0.935992084096,0.642166955623,-0.293825128472,decay
68.07,left,0.936177996172,0.642109970498,-0.294068025674,decay
68.08,left,0.936357858261,0.642054232306,-0.294303625954,decay
68.09,left,0.9365369171,0.641999768317,-0.294537148783,decay
68.1,left,0.936719692089,0.641946584551,-0.294773107538,decay
68.11,left,0.936910078973,0.641894670018,-0.295015408955,decay
68.12,left,0.93711193574,0.641844000445,-0.295267935295,decay
68.13,left,0.937329651931,0.641794541478,-0.295535110453,decay
68.14,left,0.937568772738,0.641746251408,-0.295822521331,decay
68.15,left,0.937836454235,0.64169908348,-0.296137370754,decay
68.16,left,0.93814088922,0.641652987831,-0.296487901389,decay
68.17,left,0.938489530888,0.641607913138,-0.29688161775,decay
68.18,left,0.938887182877,0.641563808216,-0.29732337466,decay
68.19,left,0.939334853385,0.641520623702,-0.297814229683,decay
68.2,left,0.939829382234,0.641478313781,-0.298351068453,decay
68.21,left,0.940363884049,0.641436837816,-0.298927046232,decay
68.22,left,0.940928987162,0.641396161851,-0.299532825311,decay
68.23,left,0.94151419228,0.641356259999,-0.300157932281,decay
68.24,left,0.94210888873,0.641317115763,-0.300791772967,decay
68.25,left,0.942703138541,0.641278723311,-0.30142441523,decay
68.26,left,0.943288074319,0.641241088725,-0.302046985594,decay
68.27,left,0.9438557155,0.64120423105,-0.30265148445,decay
68.28,left,0.944398688246,0.641168182541,-0.303230505705,decay
68.29,left,0.944910297296,0.641132987637,-0.303777309658,decay
68.3,left,0.945384593625,0.641098701001,-0.304285892624,decay
68.31,left,0.945816144825,0.641065385211,-0.304750759614,decay
68.32,left,0.946199970917,0.64103310833,-0.305166862587,decay
68.33,left,0.946531843164,0.641001941318,-0.305529901845,decay
68.34,left,0.946808444757,0.640971955229,-0.305836489527,decay
68.35,left,0.947027425135,0.640943218124,-0.30608420701,decay
68.36,left,0.94718780039,0.640915791648,-0.306272008742,decay
68.37,left,0.94729033338,0.640889727527,-0.306400605853,decay
68.38,left,0.947337427915,0.640865064996,-0.306472362919,decay
68.39,left,0.947333035232,0.64084182989,-0.306491205342,decay
68.4,left,0.947283056587,0.640820034772,-0.306463021815,decay
68.41,left,0.947195803642,0.640799678992,-0.306396124649,decay
68.42,left,0.947082022402,0.640780748211,-0.306301274191,decay
68.43,left,0.946954464862,0.640763213345,-0.306191251517,decay
68.44,left,0.946826780607,0.640747028919,-0.306079751689,decay
68.45,left,0.946711545678,0.640732130813,-0.305979414865,decay
68.46,left,0.946618246374,0.640718433375,-0.305899813,decay
68.47,left,0.946552323961,0.640705826445,-0.305846497516,decay
68.48,left,0.946515361424,0.640694174099,-0.305821187325,decay
68.49,left,0.946505998338,0.640683316455,-0.305822681883,decay
68.5,left,0.946521425877,0.640673073591,-0.305848352287,decay
68.51,left,0.946558837952,0.640663249778,-0.305895588175,decay
68.52,left,0.946615939458,0.640653637386,-0.305962302072,decay
68.53,left,0.946690731642,0.640644020488,-0.306046711154,decay
68.54,left,0.946781409862,0.640634178281,-0.306147231581,decay
68.55,left,0.946886534639,0.640623888436,-0.306262646203,decay
68.56,left,0.947005366445,0.640612930476,-0.306392435969,decay
68.57,left,0.947138278318,0.640601089072,-0.306537189245,decay
68.58,left,0.947286633245,0.640588156663,-0.306698476582,decay
68.59,left,0.947451589011,0.640573934967,-0.306877654044,decay
68.6,left,0.947632557867,0.640558235868,-0.307074321999,decay
68.61,left,0.947826627544,0.640540882454,-0.30728574509,decay
68.62,left,0.948029040235,0.640521710585,-0.307507329651,decay
68.63,left,0.948234012476,0.640500571073,-0.307733441402,decay
68.64,left,0.948435790261,0.640477332564,-0.307958457697,decay
68.65,left,0.948629816694,0.640451885185,-0.308177931509,decay
68.66,left,0.94881339109,0.640424145069,-0.308389246021,decay
68.67,left,0.948985746578,0.640394058866,-0.308591687712,decay
68.68,left,0.949147893214,0.640361605311,-0.308786287903,decay
68.69,left,0.949302097532,0.64032679162,-0.308975305912,decay
68.7,left,0.949450940779,0.640289646383,-0.309161294395,decay
68.71,left,0.949596567239,0.640250211984,-0.309346355255,decay
68.72,left,0.949740589021,0.640208537714,-0.309532051307,decay
68.73,left,0.949884412894,0.640164673577,-0.309719739317,decay
68.74,left,0.950029747389,0.640118664659,-0.30991108273,decay
68.75,left,0.950179297829,0.640070545983,-0.310108751845,decay
68.76,left,0.950337082294,0.640020337736,-0.310316744558,decay
68.77,left,0.950507555873,0.639968041339,-0.310539514534,decay
68.78,left,0.950693894586,0.639913637991,-0.310780256594,decay
68.79,left,0.950896432018,0.639857090924,-0.311039341094,decay
68.8,left,0.951111497878,0.639798350442,-0.311313147436,decay
68.81,left,0.951330717543,0.639737360091,-0.311593357453,decay
68.82,left,0.951541354084,0.639674063329,-0.311867290755,decay
68.83,left,0.951727946741,0.639608410764,-0.312119535977,decay
68.84,left,0.951874796016,0.639540368083,-0.312334427933,decay
68.85,left,0.95196885953,0.639469924812,-0.312498934718,decay
68.86,left,0.952002495533,0.639397104053,-0.312605391479,decay
68.87,left,0.951974875197,0.63932197205,-0.312652903147,decay
68.88,left,0.951891284959,0.639244643638,-0.312646641322,decay
68.89,left,0.951760942013,0.639165280602,-0.312595661411,decay
68.9,left,0.951594371747,0.639084085215,-0.312510286533,decay
68.91,left,0.951400888002,0.639001293031,-0.312399594972,decay
68.92,left,0.951186831014,0.638917166516,-0.312269664498,decay
68.93,left,0.950955025894,0.63883198951,-0.312123036384,decay
68.94,left,0.950704775418,0.638746062362,-0.311958713055,decay
68.95,left,0.950431822847,0.638659697583,-0.311772125263,decay
68.96,left,0.950128953472,0.638573215888,-0.311555737584,decay
68.97,left,0.949787618686,0.638486942453,-0.311300676233,decay
68.98,left,0.949399793029,0.638401203206,-0.310998589823,decay
68.99,left,0.948959419585,0.638316320958,-0.310643098627,decay
69,left,0.948463531866,0.638232611273,-0.310230920593,decay
69.01,left,0.947912986945,0.638150377979,-0.309762608966,decay
69.02,left,0.947312653058,0.638069908201,-0.309242744857,decay
69.03,left,0.946671540437,0.637991466754,-0.308680073683,decay
69.04,left,0.946003157864,0.637915289745,-0.308087868119,decay
69.05,left,0.945325274337,0.637841577208,-0.30748369713,decay
69.06,left,0.944658487067,0.637770484604,-0.306888002463,decay
69.07,left,0.944024146272,0.637702114378,-0.306322031893,decay
69.08,left,0.943442162281,0.637636511713,-0.305805650568,decay
69.09,left,0.942928824034,0.637573667611,-0.305355156423,decay
69.1,left,0.942495145917,0.637513526884,-0.304981619033,decay
69.11,left,0.942146205786,0.637455996722,-0.304690209063,decay
69.12,left,0.941881270815,0.637400954142,-0.304480316673,decay
69.13,left,0.941694542817,0.6373482523,-0.304346290517,decay
69.14,left,0.94157660544,0.637297725803,-0.304278879636,decay
69.15,left,0.941516196052,0.637249195146,-0.304267000905,decay
69.16,left,0.941501719924,0.637202470366,-0.304299249558,decay
69.17,left,0.941522667209,0.637157354145,-0.304365313064,decay
69.18,left,0.941571387635,0.637113644788,-0.304457742846,decay
69.19,left,0.941644661893,0.637071139416,-0.304573522477,decay
69.2,left,0.941744018933,0.637029637295,-0.304714381638,decay
69.21,left,0.941874649989,0.636988943049,-0.304885706939,decay
69.22,left,0.942043338507,0.63694886972,-0.305094468787,decay
69.23,left,0.942255935451,0.636909241751,-0.3053466937,decay
69.24,left,0.94251548642,0.636869898004,-0.305645588416,decay
69.25,left,0.94282198672,0.63683069488,-0.30599129184,decay
69.26,left,0.943173344215,0.636791509654,-0.306381834561,decay
69.27,left,0.943566381966,0.636752243589,-0.306814138377,decay
69.28,left,0.943997403975,0.636712823338,-0.307284580637,decay
69.29,left,0.944462347872,0.636673199485,-0.307789148386,decay
69.3,left,0.944956330658,0.636633343132,-0.308322987526,decay
69.31,left,0.945472757451,0.636593242118,-0.308879515333,decay
69.32,left,0.946002790311,0.636552897518,-0.309449892793,decay
69.33,left,0.946535395835,0.636512320397,-0.310023075439,decay
69.34,left,0.947057523703,0.636471528794,-0.310585994909,decay
69.35,left,0.947554611985,0.636430544868,-0.311124067117,decay
69.36,left,0.948011810715,0.636389392169,-0.311622418547,decay
69.37,left,0.948415397404,0.636348093145,-0.312067304259,decay
69.38,left,0.948753875255,0.636306667419,-0.312447207836,decay
69.39,left,0.949018950954,0.636265131181,-0.312753819773,decay
69.4,left,0.94920628357,0.636223497392,-0.312982786178,decay
69.41,left,0.949315497274,0.636181776224,-0.31313372105,decay
69.42,left,0.949349543718,0.636139975489,-0.313209568229,decay
69.43,left,0.949313890048,0.636098101065,-0.313215788983,decay
69.44,left,0.949215497859,0.636056157303,-0.313159340556,decay
69.45,left,0.949061378457,0.636014147432,-0.313047231025,decay
69.46,left,0.948857185809,0.635972073964,-0.312885111845,decay
69.47,left,0.948606407799,0.635929939007,-0.312676468792,decay
69.48,left,0.948310035969,0.635887744194,-0.312422291775,decay
69.49,left,0.947966792166,0.635845489998,-0.312121302168,decay
69.5,left,0.947574366171,0.635803174605,-0.311771191566,decay
69.51,left,0.947131254533,0.635760792614,-0.311370461919,decay
69.52,left,0.946638377992,0.635718333698,-0.310920044295,decay
69.53,left,0.94610031325,0.635675781192,-0.310424532057,decay
69.54,left,0.945525897667,0.635633110615,-0.309892787053,decay
69.55,left,0.944927602573,0.635590288073,-0.3093373145,decay
69.56,left,0.944319930677,0.635547268564,-0.308772662113,decay
69.57,left,0.943717921971,0.63550399454,-0.308213927431,decay
69.58,left,0.943136114143,0.635460396006,-0.307675718137,decay
69.59,left,0.942587528878,0.635416393118,-0.307171135761,decay
69.6,left,0.942082896783,0.635371900616,-0.306710996166,decay
69.61,left,0.941630661826,0.635326832866,-0.306303828959,decay
69.62,left,0.941237403495,0.635281109057,-0.305956294438,decay
69.63,left,0.940908124791,0.635234658625,-0.305673466166,decay
69.64,left,0.94064646532,0.635187427004,-0.305459038315,decay
69.65,left,0.940454728871,0.63513938181,-0.305315347061,decay
69.66,left,0.940333492608,0.635090519569,-0.305242973039,decay
69.67,left,0.940281227768,0.635040872254,-0.305240355514,decay
69.68,left,0.940294355365,0.634990511041,-0.305303844324,decay
69.69,left,0.940367477577,0.634939545349,-0.305427932228,decay
69.7,left,0.940493718931,0.634888118647,-0.305605600284,decay
69.71,left,0.940665550249,0.634836403703,-0.305829146547,decay
69.72,left,0.940875800213,0.634784598323,-0.30609120189,decay
69.73,left,0.941118055407,0.634732921554,-0.306385133853,decay
69.74,left,0.941386541479,0.634681610242,-0.306704931237,decay
69.75,left,0.941676224651,0.634630915843,-0.307045308808,decay
69.76,left,0.941983115504,0.634581101369,-0.307402014135,decay
69.77,left,0.942304330361,0.634532438273,-0.307771892087,decay
69.78,left,0.942638060131,0.634485202872,-0.308152857259,decay
69.79,left,0.942983503191,0.634439671966,-0.308543831226,decay
69.8,left,0.943340339144,0.634396117692,-0.308944221452,decay
69.81,left,0.943707911413,0.63435480174,-0.309353109673,decay
69.82,left,0.944084676342,0.63431596889,-0.309768707453,decay
69.83,left,0.944467755333,0.634279839728,-0.310187915605,decay
69.84,left,0.94485230867,0.634246602355,-0.310605706315,decay
69.85,left,0.945231228971,0.634216402896,-0.311014826075,decay
69.86,left,0.945595601393,0.634189334627,-0.311406266766,decay
69.87,left,0.945935524104,0.634165427195,-0.311770096909,decay
69.88,left,0.946240874588,0.634144641016,-0.312096233572,decay
69.89,left,0.946502254708,0.634126870717,-0.31237538399,decay
69.9,left,0.946711998134,0.634111954663,-0.31260004347,decay
69.91,left,0.946864525964,0.634099685287,-0.312764840676,decay
69.92,left,0.946956065099,0.634089818169,-0.31286624693,decay
69.93,left,0.946984339078,0.634082079867,-0.312902259211,decay
69.94,left,0.946948283754,0.634076174683,-0.312872109072,decay
69.95,left,0.946847720573,0.634071790546,-0.312775930027,decay
69.96,left,0.946683278306,0.634068604174,-0.312614674132,decay
69.97,left,0.94645650575,0.634066285798,-0.312390219952,decay
69.98,left,0.9461698319,0.634064503991,-0.312105327908,decay
69.99,left,0.945826527505,0.634062931049,-0.311763596455,decay
70,left,0.945430892187,0.634061248866,-0.311369643321,decay
