 ASCII 3
!File started at: 2026/07/24 21:09:30
 Degrees of freedom: 
temperature              :    12620   12620   1 : heat equation
 Total DOFs:            1
 Number Of Nodes:        12620
Time:       1      1  1.00000000E+000
temperature
Perm:        12620        12620
          1       8708
          2       8707
          3       8702
          4       8687
          5       8656
          6       8608
          7       8706
          8       8705
          9       8701
         10       8686
         11       8655
         12       8607
         13       8699
         14       8698
         15       8695
         16       8684
         17       8653
         18       8605
         19       8680
         20       8679
         21       8676
         22       8668
         23       8649
         24       8601
         25       8643
         26       8642
         27       8639
         28       8637
         29       8623
         30       8595
         31       8588
         32       8587
         33       8584
         34       8579
         35       8576
         36       8553
         37       8534
         38       8533
         39       8530
         40       8525
         41       8522
         42       8519
         43       8474
         44       8473
         45       8470
         46       8465
         47       8458
         48       8454
         49       8402
         50       8401
         51       8398
         52       8390
         53       8386
         54       8377
         55       8318
         56       8317
         57       8314
         58       8312
         59       8302
         60       8298
         61       8678
         62       8677
         63       8675
         64       8667
         65       8648
         66       8600
         67       8400
         68       8399
         69       8397
         70       8389
         71       8385
         72       8376
         73       8704
         74       8703
         75       8700
         76       8685
         77       8654
         78       8606
         79       8532
         80       8531
         81       8529
         82       8524
         83       8521
         84       8518
         85       8586
         86       8585
         87       8583
         88       8578
         89       8575
         90       8552
         91       8697
         92       8696
         93       8694
         94       8683
         95       8652
         96       8604
         97       8641
         98       8640
         99       8638
        100       8636
        101       8622
        102       8594
        103       8472
        104       8471
        105       8469
        106       8464
        107       8457
        108       8453
        109       8316
        110       8315
        111       8313
        112       8311
        113       8301
        114       8297
        115       8674
        116       8673
        117       8670
        118       8666
        119       8647
        120       8599
        121       8396
        122       8395
        123       8392
        124       8388
        125       8384
        126       8375
        127       8693
        128       8692
        129       8689
        130       8682
        131       8651
        132       8603
        133       8468
        134       8467
        135       8466
        136       8463
        137       8456
        138       8452
        139       8582
        140       8581
        141       8580
        142       8577
        143       8574
        144       8551
        145       8228
        146       8227
        147       8226
        148       8225
        149       8224
        150       8213
        151       8691
        152       8690
        153       8688
        154       8681
        155       8650
        156       8602
        157       8528
        158       8527
        159       8526
        160       8523
        161       8520
        162       8517
        163       8672
        164       8671
        165       8669
        166       8665
        167       8646
        168       8598
        169       8635
        170       8634
        171       8631
        172       8626
        173       8621
        174       8593
        175       8394
        176       8393
        177       8391
        178       8387
        179       8383
        180       8374
        181       8310
        182       8309
        183       8306
        184       8304
        185       8300
        186       8296
        187       8633
        188       8632
        189       8630
        190       8625
        191       8620
        192       8592
        193       8664
        194       8663
        195       8662
        196       8658
        197       8645
        198       8597
        199       8462
        200       8461
        201       8460
        202       8459
        203       8455
        204       8451
        205       8573
        206       8572
        207       8569
        208       8564
        209       8557
        210       8550
        211       8308
        212       8307
        213       8305
        214       8303
        215       8299
        216       8295
        217       8223
        218       8222
        219       8219
        220       8217
        221       8215
        222       8212
        223       8661
        224       8660
        225       8659
        226       8657
        227       8644
        228       8596
        229       8629
        230       8628
        231       8627
        232       8624
        233       8619
        234       8591
        235       8571
        236       8570
        237       8568
        238       8563
        239       8556
        240       8549
        241       8516
        242       8515
        243       8512
        244       8507
        245       8500
        246       8491
        247       8382
        248       8381
        249       8380
        250       8379
        251       8378
        252       8373
        253       8221
        254       8220
        255       8218
        256       8216
        257       8214
        258       8211
        259       8618
        260       8617
        261       8616
        262       8615
        263       8610
        264       8590
        265       8567
        266       8566
        267       8565
        268       8562
        269       8555
        270       8548
        271       8514
        272       8513
        273       8511
        274       8506
        275       8499
        276       8490
        277       8450
        278       8449
        279       8446
        280       8441
        281       8434
        282       8425
        283       8294
        284       8293
        285       8292
        286       8291
        287       8290
        288       8289
        289       8138
        290       8137
        291       8136
        292       8135
        293       8134
        294       8133
        295       8614
        296       8613
        297       8612
        298       8611
        299       8609
        300       8589
        301       8561
        302       8560
        303       8559
        304       8558
        305       8554
        306       8547
        307       8510
        308       8509
        309       8508
        310       8505
        311       8498
        312       8489
        313       8448
        314       8447
        315       8445
        316       8440
        317       8433
        318       8424
        319       8372
        320       8371
        321       8368
        322       8363
        323       8356
        324       8347
        325       8210
        326       8209
        327       8208
        328       8207
        329       8206
        330       8205
        331       8546
        332       8545
        333       8544
        334       8543
        335       8542
        336       8536
        337       8504
        338       8503
        339       8502
        340       8501
        341       8497
        342       8488
        343       8444
        344       8443
        345       8442
        346       8439
        347       8432
        348       8423
        349       8370
        350       8369
        351       8367
        352       8362
        353       8355
        354       8346
        355       8288
        356       8287
        357       8284
        358       8279
        359       8272
        360       8263
        361       8132
        362       8131
        363       8130
        364       8129
        365       8128
        366       8127
        367       8541
        368       8540
        369       8539
        370       8538
        371       8537
        372       8535
        373       8496
        374       8495
        375       8494
        376       8493
        377       8492
        378       8487
        379       8438
        380       8437
        381       8436
        382       8435
        383       8431
        384       8422
        385       8366
        386       8365
        387       8364
        388       8361
        389       8354
        390       8345
        391       8286
        392       8285
        393       8283
        394       8278
        395       8271
        396       8262
        397       8204
        398       8203
        399       8200
        400       8195
        401       8188
        402       8179
        403       8486
        404       8485
        405       8484
        406       8483
        407       8482
        408       8481
        409       8430
        410       8429
        411       8428
        412       8427
        413       8426
        414       8421
        415       8360
        416       8359
        417       8358
        418       8357
        419       8353
        420       8344
        421       8282
        422       8281
        423       8280
        424       8277
        425       8270
        426       8261
        427       8202
        428       8201
        429       8199
        430       8194
        431       8187
        432       8178
        433       8126
        434       8125
        435       8122
        436       8117
        437       8110
        438       8101
        439       8480
        440       8479
        441       8478
        442       8477
        443       8476
        444       8475
        445       8420
        446       8419
        447       8418
        448       8417
        449       8416
        450       8415
        451       8352
        452       8351
        453       8350
        454       8349
        455       8348
        456       8343
        457       8276
        458       8275
        459       8274
        460       8273
        461       8269
        462       8260
        463       8198
        464       8197
        465       8196
        466       8193
        467       8186
        468       8177
        469       8124
        470       8123
        471       8121
        472       8116
        473       8109
        474       8100
        475       8414
        476       8413
        477       8412
        478       8411
        479       8410
        480       8409
        481       8342
        482       8341
        483       8340
        484       8339
        485       8338
        486       8337
        487       8268
        488       8267
        489       8266
        490       8265
        491       8264
        492       8259
        493       8192
        494       8191
        495       8190
        496       8189
        497       8185
        498       8176
        499       8120
        500       8119
        501       8118
        502       8115
        503       8108
        504       8099
        505       8054
        506       8053
        507       8050
        508       8048
        509       8042
        510       8034
        511       8408
        512       8407
        513       8406
        514       8405
        515       8404
        516       8403
        517       8336
        518       8335
        519       8334
        520       8333
        521       8332
        522       8331
        523       8258
        524       8257
        525       8256
        526       8255
        527       8254
        528       8253
        529       8184
        530       8183
        531       8182
        532       8181
        533       8180
        534       8175
        535       8114
        536       8113
        537       8112
        538       8111
        539       8107
        540       8098
        541       8052
        542       8051
        543       8049
        544       8047
        545       8041
        546       8033
        547       8330
        548       8329
        549       8328
        550       8327
        551       8326
        552       8325
        553       8252
        554       8251
        555       8250
        556       8249
        557       8248
        558       8247
        559       8174
        560       8173
        561       8172
        562       8171
        563       8170
        564       8169
        565       8106
        566       8105
        567       8104
        568       8103
        569       8102
        570       8097
        571       8046
        572       8045
        573       8044
        574       8043
        575       8040
        576       8032
        577       7982
        578       7981
        579       7978
        580       7976
        581       7974
        582       7967
        583       8324
        584       8323
        585       8322
        586       8321
        587       8320
        588       8319
        589       8246
        590       8245
        591       8244
        592       8243
        593       8242
        594       8241
        595       8168
        596       8167
        597       8166
        598       8165
        599       8164
        600       8163
        601       8096
        602       8095
        603       8094
        604       8093
        605       8092
        606       8091
        607       8039
        608       8038
        609       8037
        610       8036
        611       8035
        612       8031
        613       7980
        614       7979
        615       7977
        616       7975
        617       7973
        618       7966
        619       8240
        620       8239
        621       8238
        622       8237
        623       8236
        624       8235
        625       8162
        626       8161
        627       8160
        628       8159
        629       8158
        630       8157
        631       8090
        632       8089
        633       8088
        634       8087
        635       8086
        636       8085
        637       8030
        638       8029
        639       8028
        640       8027
        641       8026
        642       8025
        643       7972
        644       7971
        645       7970
        646       7969
        647       7968
        648       7965
        649       7910
        650       7909
        651       7906
        652       7904
        653       7902
        654       7900
        655       8234
        656       8233
        657       8232
        658       8231
        659       8230
        660       8229
        661       8156
        662       8155
        663       8154
        664       8153
        665       8152
        666       8151
        667       8084
        668       8083
        669       8082
        670       8081
        671       8080
        672       8079
        673       8024
        674       8023
        675       8022
        676       8021
        677       8020
        678       8019
        679       7964
        680       7963
        681       7962
        682       7961
        683       7960
        684       7959
        685       7908
        686       7907
        687       7905
        688       7903
        689       7901
        690       7899
        691       8150
        692       8149
        693       8148
        694       8147
        695       8146
        696       8145
        697       8078
        698       8077
        699       8076
        700       8075
        701       8074
        702       8073
        703       8018
        704       8017
        705       8016
        706       8015
        707       8014
        708       8013
        709       7958
        710       7957
        711       7956
        712       7955
        713       7954
        714       7953
        715       7898
        716       7897
        717       7896
        718       7895
        719       7894
        720       7893
        721       7838
        722       7837
        723       7834
        724       7832
        725       7830
        726       7828
        727       8144
        728       8143
        729       8142
        730       8141
        731       8140
        732       8139
        733       8072
        734       8071
        735       8070
        736       8069
        737       8068
        738       8067
        739       8012
        740       8011
        741       8010
        742       8009
        743       8008
        744       8007
        745       7952
        746       7951
        747       7950
        748       7949
        749       7948
        750       7947
        751       7892
        752       7891
        753       7890
        754       7889
        755       7888
        756       7887
        757       7836
        758       7835
        759       7833
        760       7831
        761       7829
        762       7827
        763       8066
        764       8065
        765       8064
        766       8063
        767       8062
        768       8061
        769       8006
        770       8005
        771       8004
        772       8003
        773       8002
        774       8001
        775       7946
        776       7945
        777       7944
        778       7943
        779       7942
        780       7941
        781       7886
        782       7885
        783       7884
        784       7883
        785       7882
        786       7881
        787       7826
        788       7825
        789       7824
        790       7823
        791       7822
        792       7821
        793       7766
        794       7765
        795       7762
        796       7760
        797       7758
        798       7756
        799       8060
        800       8059
        801       8058
        802       8057
        803       8056
        804       8055
        805       8000
        806       7999
        807       7998
        808       7997
        809       7996
        810       7995
        811       7940
        812       7939
        813       7938
        814       7937
        815       7936
        816       7935
        817       7880
        818       7879
        819       7878
        820       7877
        821       7876
        822       7875
        823       7820
        824       7819
        825       7818
        826       7817
        827       7816
        828       7815
        829       7764
        830       7763
        831       7761
        832       7759
        833       7757
        834       7755
        835       7994
        836       7993
        837       7992
        838       7991
        839       7990
        840       7989
        841       7934
        842       7933
        843       7932
        844       7931
        845       7930
        846       7929
        847       7874
        848       7873
        849       7872
        850       7871
        851       7870
        852       7869
        853       7814
        854       7813
        855       7812
        856       7811
        857       7810
        858       7809
        859       7754
        860       7753
        861       7752
        862       7751
        863       7750
        864       7749
        865       7694
        866       7693
        867       7690
        868       7688
        869       7686
        870       7684
        871       7988
        872       7987
        873       7986
        874       7985
        875       7984
        876       7983
        877       7928
        878       7927
        879       7926
        880       7925
        881       7924
        882       7923
        883       7868
        884       7867
        885       7866
        886       7865
        887       7864
        888       7863
        889       7808
        890       7807
        891       7806
        892       7805
        893       7804
        894       7803
        895       7748
        896       7747
        897       7746
        898       7745
        899       7744
        900       7743
        901       7692
        902       7691
        903       7689
        904       7687
        905       7685
        906       7683
        907       7922
        908       7921
        909       7920
        910       7919
        911       7918
        912       7917
        913       7862
        914       7861
        915       7860
        916       7859
        917       7858
        918       7857
        919       7802
        920       7801
        921       7800
        922       7799
        923       7798
        924       7797
        925       7742
        926       7741
        927       7740
        928       7739
        929       7738
        930       7737
        931       7682
        932       7681
        933       7680
        934       7679
        935       7678
        936       7677
        937       7622
        938       7621
        939       7618
        940       7616
        941       7614
        942       7612
        943       7916
        944       7915
        945       7914
        946       7913
        947       7912
        948       7911
        949       7856
        950       7855
        951       7854
        952       7853
        953       7852
        954       7851
        955       7796
        956       7795
        957       7794
        958       7793
        959       7792
        960       7791
        961       7736
        962       7735
        963       7734
        964       7733
        965       7732
        966       7731
        967       7676
        968       7675
        969       7674
        970       7673
        971       7672
        972       7671
        973       7620
        974       7619
        975       7617
        976       7615
        977       7613
        978       7611
        979       7850
        980       7849
        981       7848
        982       7847
        983       7846
        984       7845
        985       7790
        986       7789
        987       7788
        988       7787
        989       7786
        990       7785
        991       7730
        992       7729
        993       7728
        994       7727
        995       7726
        996       7725
        997       7670
        998       7669
        999       7668
       1000       7667
       1001       7666
       1002       7665
       1003       7610
       1004       7609
       1005       7608
       1006       7607
       1007       7606
       1008       7605
       1009       7550
       1010       7549
       1011       7546
       1012       7544
       1013       7542
       1014       7540
       1015       7844
       1016       7843
       1017       7842
       1018       7841
       1019       7840
       1020       7839
       1021       7784
       1022       7783
       1023       7782
       1024       7781
       1025       7780
       1026       7779
       1027       7724
       1028       7723
       1029       7722
       1030       7721
       1031       7720
       1032       7719
       1033       7664
       1034       7663
       1035       7662
       1036       7661
       1037       7660
       1038       7659
       1039       7604
       1040       7603
       1041       7602
       1042       7601
       1043       7600
       1044       7599
       1045       7548
       1046       7547
       1047       7545
       1048       7543
       1049       7541
       1050       7539
       1051       7778
       1052       7777
       1053       7776
       1054       7775
       1055       7774
       1056       7773
       1057       7718
       1058       7717
       1059       7716
       1060       7715
       1061       7714
       1062       7713
       1063       7658
       1064       7657
       1065       7656
       1066       7655
       1067       7654
       1068       7653
       1069       7598
       1070       7597
       1071       7596
       1072       7595
       1073       7594
       1074       7593
       1075       7538
       1076       7537
       1077       7536
       1078       7535
       1079       7534
       1080       7533
       1081       7478
       1082       7477
       1083       7474
       1084       7472
       1085       7470
       1086       7468
       1087       7772
       1088       7771
       1089       7770
       1090       7769
       1091       7768
       1092       7767
       1093       7712
       1094       7711
       1095       7710
       1096       7709
       1097       7708
       1098       7707
       1099       7652
       1100       7651
       1101       7650
       1102       7649
       1103       7648
       1104       7647
       1105       7592
       1106       7591
       1107       7590
       1108       7589
       1109       7588
       1110       7587
       1111       7532
       1112       7531
       1113       7530
       1114       7529
       1115       7528
       1116       7527
       1117       7476
       1118       7475
       1119       7473
       1120       7471
       1121       7469
       1122       7467
       1123       7706
       1124       7705
       1125       7704
       1126       7703
       1127       7702
       1128       7701
       1129       7646
       1130       7645
       1131       7644
       1132       7643
       1133       7642
       1134       7641
       1135       7586
       1136       7585
       1137       7584
       1138       7583
       1139       7582
       1140       7581
       1141       7526
       1142       7525
       1143       7524
       1144       7523
       1145       7522
       1146       7521
       1147       7466
       1148       7465
       1149       7464
       1150       7463
       1151       7462
       1152       7461
       1153       7406
       1154       7405
       1155       7402
       1156       7400
       1157       7398
       1158       7396
       1159       7700
       1160       7699
       1161       7698
       1162       7697
       1163       7696
       1164       7695
       1165       7640
       1166       7639
       1167       7638
       1168       7637
       1169       7636
       1170       7635
       1171       7580
       1172       7579
       1173       7578
       1174       7577
       1175       7576
       1176       7575
       1177       7520
       1178       7519
       1179       7518
       1180       7517
       1181       7516
       1182       7515
       1183       7460
       1184       7459
       1185       7458
       1186       7457
       1187       7456
       1188       7455
       1189       7404
       1190       7403
       1191       7401
       1192       7399
       1193       7397
       1194       7395
       1195       7634
       1196       7633
       1197       7632
       1198       7631
       1199       7630
       1200       7629
       1201       7574
       1202       7573
       1203       7572
       1204       7571
       1205       7570
       1206       7569
       1207       7514
       1208       7513
       1209       7512
       1210       7511
       1211       7510
       1212       7509
       1213       7454
       1214       7453
       1215       7452
       1216       7451
       1217       7450
       1218       7449
       1219       7394
       1220       7393
       1221       7392
       1222       7391
       1223       7390
       1224       7389
       1225       7334
       1226       7333
       1227       7330
       1228       7328
       1229       7326
       1230       7324
       1231       7628
       1232       7627
       1233       7626
       1234       7625
       1235       7624
       1236       7623
       1237       7568
       1238       7567
       1239       7566
       1240       7565
       1241       7564
       1242       7563
       1243       7508
       1244       7507
       1245       7506
       1246       7505
       1247       7504
       1248       7503
       1249       7448
       1250       7447
       1251       7446
       1252       7445
       1253       7444
       1254       7443
       1255       7388
       1256       7387
       1257       7386
       1258       7385
       1259       7384
       1260       7383
       1261       7332
       1262       7331
       1263       7329
       1264       7327
       1265       7325
       1266       7323
       1267       7562
       1268       7561
       1269       7560
       1270       7559
       1271       7558
       1272       7557
       1273       7502
       1274       7501
       1275       7500
       1276       7499
       1277       7498
       1278       7497
       1279       7442
       1280       7441
       1281       7440
       1282       7439
       1283       7438
       1284       7437
       1285       7382
       1286       7381
       1287       7380
       1288       7379
       1289       7378
       1290       7377
       1291       7322
       1292       7321
       1293       7320
       1294       7319
       1295       7318
       1296       7317
       1297       7262
       1298       7261
       1299       7258
       1300       7256
       1301       7254
       1302       7252
       1303       7556
       1304       7555
       1305       7554
       1306       7553
       1307       7552
       1308       7551
       1309       7496
       1310       7495
       1311       7494
       1312       7493
       1313       7492
       1314       7491
       1315       7436
       1316       7435
       1317       7434
       1318       7433
       1319       7432
       1320       7431
       1321       7376
       1322       7375
       1323       7374
       1324       7373
       1325       7372
       1326       7371
       1327       7316
       1328       7315
       1329       7314
       1330       7313
       1331       7312
       1332       7311
       1333       7260
       1334       7259
       1335       7257
       1336       7255
       1337       7253
       1338       7251
       1339       7490
       1340       7489
       1341       7488
       1342       7487
       1343       7486
       1344       7485
       1345       7430
       1346       7429
       1347       7428
       1348       7427
       1349       7426
       1350       7425
       1351       7370
       1352       7369
       1353       7368
       1354       7367
       1355       7366
       1356       7365
       1357       7310
       1358       7309
       1359       7308
       1360       7307
       1361       7306
       1362       7305
       1363       7250
       1364       7249
       1365       7248
       1366       7247
       1367       7246
       1368       7245
       1369       7190
       1370       7189
       1371       7186
       1372       7184
       1373       7182
       1374       7180
       1375       7484
       1376       7483
       1377       7482
       1378       7481
       1379       7480
       1380       7479
       1381       7424
       1382       7423
       1383       7422
       1384       7421
       1385       7420
       1386       7419
       1387       7364
       1388       7363
       1389       7362
       1390       7361
       1391       7360
       1392       7359
       1393       7304
       1394       7303
       1395       7302
       1396       7301
       1397       7300
       1398       7299
       1399       7244
       1400       7243
       1401       7242
       1402       7241
       1403       7240
       1404       7239
       1405       7188
       1406       7187
       1407       7185
       1408       7183
       1409       7181
       1410       7179
       1411       7418
       1412       7417
       1413       7416
       1414       7415
       1415       7414
       1416       7413
       1417       7358
       1418       7357
       1419       7356
       1420       7355
       1421       7354
       1422       7353
       1423       7298
       1424       7297
       1425       7296
       1426       7295
       1427       7294
       1428       7293
       1429       7238
       1430       7237
       1431       7236
       1432       7235
       1433       7234
       1434       7233
       1435       7178
       1436       7177
       1437       7176
       1438       7175
       1439       7174
       1440       7173
       1441       7118
       1442       7117
       1443       7114
       1444       7112
       1445       7110
       1446       7108
       1447       7412
       1448       7411
       1449       7410
       1450       7409
       1451       7408
       1452       7407
       1453       7352
       1454       7351
       1455       7350
       1456       7349
       1457       7348
       1458       7347
       1459       7292
       1460       7291
       1461       7290
       1462       7289
       1463       7288
       1464       7287
       1465       7232
       1466       7231
       1467       7230
       1468       7229
       1469       7228
       1470       7227
       1471       7172
       1472       7171
       1473       7170
       1474       7169
       1475       7168
       1476       7167
       1477       7116
       1478       7115
       1479       7113
       1480       7111
       1481       7109
       1482       7107
       1483       7346
       1484       7345
       1485       7344
       1486       7343
       1487       7342
       1488       7341
       1489       7286
       1490       7285
       1491       7284
       1492       7283
       1493       7282
       1494       7281
       1495       7226
       1496       7225
       1497       7224
       1498       7223
       1499       7222
       1500       7221
       1501       7166
       1502       7165
       1503       7164
       1504       7163
       1505       7162
       1506       7161
       1507       7106
       1508       7105
       1509       7104
       1510       7103
       1511       7102
       1512       7101
       1513       7046
       1514       7045
       1515       7042
       1516       7040
       1517       7038
       1518       7036
       1519       7340
       1520       7339
       1521       7338
       1522       7337
       1523       7336
       1524       7335
       1525       7280
       1526       7279
       1527       7278
       1528       7277
       1529       7276
       1530       7275
       1531       7220
       1532       7219
       1533       7218
       1534       7217
       1535       7216
       1536       7215
       1537       7160
       1538       7159
       1539       7158
       1540       7157
       1541       7156
       1542       7155
       1543       7100
       1544       7099
       1545       7098
       1546       7097
       1547       7096
       1548       7095
       1549       7044
       1550       7043
       1551       7041
       1552       7039
       1553       7037
       1554       7035
       1555       7274
       1556       7273
       1557       7272
       1558       7271
       1559       7270
       1560       7269
       1561       7214
       1562       7213
       1563       7212
       1564       7211
       1565       7210
       1566       7209
       1567       7154
       1568       7153
       1569       7152
       1570       7151
       1571       7150
       1572       7149
       1573       7094
       1574       7093
       1575       7092
       1576       7091
       1577       7090
       1578       7089
       1579       7034
       1580       7033
       1581       7032
       1582       7031
       1583       7030
       1584       7029
       1585       6974
       1586       6973
       1587       6970
       1588       6968
       1589       6966
       1590       6964
       1591       7268
       1592       7267
       1593       7266
       1594       7265
       1595       7264
       1596       7263
       1597       7208
       1598       7207
       1599       7206
       1600       7205
       1601       7204
       1602       7203
       1603       7148
       1604       7147
       1605       7146
       1606       7145
       1607       7144
       1608       7143
       1609       7088
       1610       7087
       1611       7086
       1612       7085
       1613       7084
       1614       7083
       1615       7028
       1616       7027
       1617       7026
       1618       7025
       1619       7024
       1620       7023
       1621       6972
       1622       6971
       1623       6969
       1624       6967
       1625       6965
       1626       6963
       1627       7202
       1628       7201
       1629       7200
       1630       7199
       1631       7198
       1632       7197
       1633       7142
       1634       7141
       1635       7140
       1636       7139
       1637       7138
       1638       7137
       1639       7082
       1640       7081
       1641       7080
       1642       7079
       1643       7078
       1644       7077
       1645       7022
       1646       7021
       1647       7020
       1648       7019
       1649       7018
       1650       7017
       1651       6962
       1652       6961
       1653       6960
       1654       6959
       1655       6958
       1656       6957
       1657       6902
       1658       6901
       1659       6898
       1660       6896
       1661       6894
       1662       6892
       1663       7196
       1664       7195
       1665       7194
       1666       7193
       1667       7192
       1668       7191
       1669       7136
       1670       7135
       1671       7134
       1672       7133
       1673       7132
       1674       7131
       1675       7076
       1676       7075
       1677       7074
       1678       7073
       1679       7072
       1680       7071
       1681       7016
       1682       7015
       1683       7014
       1684       7013
       1685       7012
       1686       7011
       1687       6956
       1688       6955
       1689       6954
       1690       6953
       1691       6952
       1692       6951
       1693       6900
       1694       6899
       1695       6897
       1696       6895
       1697       6893
       1698       6891
       1699       7130
       1700       7129
       1701       7128
       1702       7127
       1703       7126
       1704       7125
       1705       7070
       1706       7069
       1707       7068
       1708       7067
       1709       7066
       1710       7065
       1711       7010
       1712       7009
       1713       7008
       1714       7007
       1715       7006
       1716       7005
       1717       6950
       1718       6949
       1719       6948
       1720       6947
       1721       6946
       1722       6945
       1723       6890
       1724       6889
       1725       6888
       1726       6887
       1727       6886
       1728       6885
       1729       6830
       1730       6829
       1731       6826
       1732       6824
       1733       6822
       1734       6820
       1735       7124
       1736       7123
       1737       7122
       1738       7121
       1739       7120
       1740       7119
       1741       7064
       1742       7063
       1743       7062
       1744       7061
       1745       7060
       1746       7059
       1747       7004
       1748       7003
       1749       7002
       1750       7001
       1751       7000
       1752       6999
       1753       6944
       1754       6943
       1755       6942
       1756       6941
       1757       6940
       1758       6939
       1759       6884
       1760       6883
       1761       6882
       1762       6881
       1763       6880
       1764       6879
       1765       6828
       1766       6827
       1767       6825
       1768       6823
       1769       6821
       1770       6819
       1771       7058
       1772       7057
       1773       7056
       1774       7055
       1775       7054
       1776       7053
       1777       6998
       1778       6997
       1779       6996
       1780       6995
       1781       6994
       1782       6993
       1783       6938
       1784       6937
       1785       6936
       1786       6935
       1787       6934
       1788       6933
       1789       6878
       1790       6877
       1791       6876
       1792       6875
       1793       6874
       1794       6873
       1795       6818
       1796       6817
       1797       6816
       1798       6815
       1799       6814
       1800       6813
       1801       6758
       1802       6757
       1803       6754
       1804       6752
       1805       6750
       1806       6748
       1807       7052
       1808       7051
       1809       7050
       1810       7049
       1811       7048
       1812       7047
       1813       6992
       1814       6991
       1815       6990
       1816       6989
       1817       6988
       1818       6987
       1819       6932
       1820       6931
       1821       6930
       1822       6929
       1823       6928
       1824       6927
       1825       6872
       1826       6871
       1827       6870
       1828       6869
       1829       6868
       1830       6867
       1831       6812
       1832       6811
       1833       6810
       1834       6809
       1835       6808
       1836       6807
       1837       6756
       1838       6755
       1839       6753
       1840       6751
       1841       6749
       1842       6747
       1843       6986
       1844       6985
       1845       6984
       1846       6983
       1847       6982
       1848       6981
       1849       6926
       1850       6925
       1851       6924
       1852       6923
       1853       6922
       1854       6921
       1855       6866
       1856       6865
       1857       6864
       1858       6863
       1859       6862
       1860       6861
       1861       6806
       1862       6805
       1863       6804
       1864       6803
       1865       6802
       1866       6801
       1867       6746
       1868       6745
       1869       6744
       1870       6743
       1871       6742
       1872       6741
       1873       6686
       1874       6685
       1875       6682
       1876       6680
       1877       6678
       1878       6676
       1879       6980
       1880       6979
       1881       6978
       1882       6977
       1883       6976
       1884       6975
       1885       6920
       1886       6919
       1887       6918
       1888       6917
       1889       6916
       1890       6915
       1891       6860
       1892       6859
       1893       6858
       1894       6857
       1895       6856
       1896       6855
       1897       6800
       1898       6799
       1899       6798
       1900       6797
       1901       6796
       1902       6795
       1903       6740
       1904       6739
       1905       6738
       1906       6737
       1907       6736
       1908       6735
       1909       6684
       1910       6683
       1911       6681
       1912       6679
       1913       6677
       1914       6675
       1915       6914
       1916       6913
       1917       6912
       1918       6911
       1919       6910
       1920       6909
       1921       6854
       1922       6853
       1923       6852
       1924       6851
       1925       6850
       1926       6849
       1927       6794
       1928       6793
       1929       6792
       1930       6791
       1931       6790
       1932       6789
       1933       6734
       1934       6733
       1935       6732
       1936       6731
       1937       6730
       1938       6729
       1939       6674
       1940       6673
       1941       6672
       1942       6671
       1943       6670
       1944       6669
       1945       6614
       1946       6613
       1947       6610
       1948       6608
       1949       6606
       1950       6604
       1951       6908
       1952       6907
       1953       6906
       1954       6905
       1955       6904
       1956       6903
       1957       6848
       1958       6847
       1959       6846
       1960       6845
       1961       6844
       1962       6843
       1963       6788
       1964       6787
       1965       6786
       1966       6785
       1967       6784
       1968       6783
       1969       6728
       1970       6727
       1971       6726
       1972       6725
       1973       6724
       1974       6723
       1975       6668
       1976       6667
       1977       6666
       1978       6665
       1979       6664
       1980       6663
       1981       6612
       1982       6611
       1983       6609
       1984       6607
       1985       6605
       1986       6603
       1987       6842
       1988       6841
       1989       6840
       1990       6839
       1991       6838
       1992       6837
       1993       6782
       1994       6781
       1995       6780
       1996       6779
       1997       6778
       1998       6777
       1999       6722
       2000       6721
       2001       6720
       2002       6719
       2003       6718
       2004       6717
       2005       6662
       2006       6661
       2007       6660
       2008       6659
       2009       6658
       2010       6657
       2011       6602
       2012       6601
       2013       6600
       2014       6599
       2015       6598
       2016       6597
       2017       6542
       2018       6541
       2019       6538
       2020       6536
       2021       6534
       2022       6532
       2023       6836
       2024       6835
       2025       6834
       2026       6833
       2027       6832
       2028       6831
       2029       6776
       2030       6775
       2031       6774
       2032       6773
       2033       6772
       2034       6771
       2035       6716
       2036       6715
       2037       6714
       2038       6713
       2039       6712
       2040       6711
       2041       6656
       2042       6655
       2043       6654
       2044       6653
       2045       6652
       2046       6651
       2047       6596
       2048       6595
       2049       6594
       2050       6593
       2051       6592
       2052       6591
       2053       6540
       2054       6539
       2055       6537
       2056       6535
       2057       6533
       2058       6531
       2059       6770
       2060       6769
       2061       6768
       2062       6767
       2063       6766
       2064       6765
       2065       6710
       2066       6709
       2067       6708
       2068       6707
       2069       6706
       2070       6705
       2071       6650
       2072       6649
       2073       6648
       2074       6647
       2075       6646
       2076       6645
       2077       6590
       2078       6589
       2079       6588
       2080       6587
       2081       6586
       2082       6585
       2083       6530
       2084       6529
       2085       6528
       2086       6527
       2087       6526
       2088       6525
       2089       6470
       2090       6469
       2091       6466
       2092       6464
       2093       6462
       2094       6460
       2095       6764
       2096       6763
       2097       6762
       2098       6761
       2099       6760
       2100       6759
       2101       6704
       2102       6703
       2103       6702
       2104       6701
       2105       6700
       2106       6699
       2107       6644
       2108       6643
       2109       6642
       2110       6641
       2111       6640
       2112       6639
       2113       6584
       2114       6583
       2115       6582
       2116       6581
       2117       6580
       2118       6579
       2119       6524
       2120       6523
       2121       6522
       2122       6521
       2123       6520
       2124       6519
       2125       6468
       2126       6467
       2127       6465
       2128       6463
       2129       6461
       2130       6459
       2131       6698
       2132       6697
       2133       6696
       2134       6695
       2135       6694
       2136       6693
       2137       6638
       2138       6637
       2139       6636
       2140       6635
       2141       6634
       2142       6633
       2143       6578
       2144       6577
       2145       6576
       2146       6575
       2147       6574
       2148       6573
       2149       6518
       2150       6517
       2151       6516
       2152       6515
       2153       6514
       2154       6513
       2155       6458
       2156       6457
       2157       6456
       2158       6455
       2159       6454
       2160       6453
       2161       6398
       2162       6397
       2163       6394
       2164       6392
       2165       6390
       2166       6388
       2167       6692
       2168       6691
       2169       6690
       2170       6689
       2171       6688
       2172       6687
       2173       6632
       2174       6631
       2175       6630
       2176       6629
       2177       6628
       2178       6627
       2179       6572
       2180       6571
       2181       6570
       2182       6569
       2183       6568
       2184       6567
       2185       6512
       2186       6511
       2187       6510
       2188       6509
       2189       6508
       2190       6507
       2191       6452
       2192       6451
       2193       6450
       2194       6449
       2195       6448
       2196       6447
       2197       6396
       2198       6395
       2199       6393
       2200       6391
       2201       6389
       2202       6387
       2203       6626
       2204       6625
       2205       6624
       2206       6623
       2207       6622
       2208       6621
       2209       6566
       2210       6565
       2211       6564
       2212       6563
       2213       6562
       2214       6561
       2215       6506
       2216       6505
       2217       6504
       2218       6503
       2219       6502
       2220       6501
       2221       6446
       2222       6445
       2223       6444
       2224       6443
       2225       6442
       2226       6441
       2227       6386
       2228       6385
       2229       6384
       2230       6383
       2231       6382
       2232       6381
       2233       6326
       2234       6325
       2235       6322
       2236       6320
       2237       6318
       2238       6316
       2239       6620
       2240       6619
       2241       6618
       2242       6617
       2243       6616
       2244       6615
       2245       6560
       2246       6559
       2247       6558
       2248       6557
       2249       6556
       2250       6555
       2251       6500
       2252       6499
       2253       6498
       2254       6497
       2255       6496
       2256       6495
       2257       6440
       2258       6439
       2259       6438
       2260       6437
       2261       6436
       2262       6435
       2263       6380
       2264       6379
       2265       6378
       2266       6377
       2267       6376
       2268       6375
       2269       6324
       2270       6323
       2271       6321
       2272       6319
       2273       6317
       2274       6315
       2275       6554
       2276       6553
       2277       6552
       2278       6551
       2279       6550
       2280       6549
       2281       6494
       2282       6493
       2283       6492
       2284       6491
       2285       6490
       2286       6489
       2287       6434
       2288       6433
       2289       6432
       2290       6431
       2291       6430
       2292       6429
       2293       6374
       2294       6373
       2295       6372
       2296       6371
       2297       6370
       2298       6369
       2299       6314
       2300       6313
       2301       6312
       2302       6311
       2303       6310
       2304       6309
       2305       6254
       2306       6253
       2307       6250
       2308       6248
       2309       6246
       2310       6244
       2311       6548
       2312       6547
       2313       6546
       2314       6545
       2315       6544
       2316       6543
       2317       6488
       2318       6487
       2319       6486
       2320       6485
       2321       6484
       2322       6483
       2323       6428
       2324       6427
       2325       6426
       2326       6425
       2327       6424
       2328       6423
       2329       6368
       2330       6367
       2331       6366
       2332       6365
       2333       6364
       2334       6363
       2335       6308
       2336       6307
       2337       6306
       2338       6305
       2339       6304
       2340       6303
       2341       6252
       2342       6251
       2343       6249
       2344       6247
       2345       6245
       2346       6243
       2347       6482
       2348       6481
       2349       6480
       2350       6479
       2351       6478
       2352       6477
       2353       6422
       2354       6421
       2355       6420
       2356       6419
       2357       6418
       2358       6417
       2359       6362
       2360       6361
       2361       6360
       2362       6359
       2363       6358
       2364       6357
       2365       6302
       2366       6301
       2367       6300
       2368       6299
       2369       6298
       2370       6297
       2371       6242
       2372       6241
       2373       6240
       2374       6239
       2375       6238
       2376       6237
       2377       6182
       2378       6181
       2379       6178
       2380       6176
       2381       6174
       2382       6172
       2383       6476
       2384       6475
       2385       6474
       2386       6473
       2387       6472
       2388       6471
       2389       6416
       2390       6415
       2391       6414
       2392       6413
       2393       6412
       2394       6411
       2395       6356
       2396       6355
       2397       6354
       2398       6353
       2399       6352
       2400       6351
       2401       6296
       2402       6295
       2403       6294
       2404       6293
       2405       6292
       2406       6291
       2407       6236
       2408       6235
       2409       6234
       2410       6233
       2411       6232
       2412       6231
       2413       6180
       2414       6179
       2415       6177
       2416       6175
       2417       6173
       2418       6171
       2419       6410
       2420       6409
       2421       6408
       2422       6407
       2423       6406
       2424       6405
       2425       6350
       2426       6349
       2427       6348
       2428       6347
       2429       6346
       2430       6345
       2431       6290
       2432       6289
       2433       6288
       2434       6287
       2435       6286
       2436       6285
       2437       6230
       2438       6229
       2439       6228
       2440       6227
       2441       6226
       2442       6225
       2443       6170
       2444       6169
       2445       6168
       2446       6167
       2447       6166
       2448       6165
       2449       6110
       2450       6109
       2451       6106
       2452       6104
       2453       6102
       2454       6100
       2455       6404
       2456       6403
       2457       6402
       2458       6401
       2459       6400
       2460       6399
       2461       6344
       2462       6343
       2463       6342
       2464       6341
       2465       6340
       2466       6339
       2467       6284
       2468       6283
       2469       6282
       2470       6281
       2471       6280
       2472       6279
       2473       6224
       2474       6223
       2475       6222
       2476       6221
       2477       6220
       2478       6219
       2479       6164
       2480       6163
       2481       6162
       2482       6161
       2483       6160
       2484       6159
       2485       6108
       2486       6107
       2487       6105
       2488       6103
       2489       6101
       2490       6099
       2491       6338
       2492       6337
       2493       6336
       2494       6335
       2495       6334
       2496       6333
       2497       6278
       2498       6277
       2499       6276
       2500       6275
       2501       6274
       2502       6273
       2503       6218
       2504       6217
       2505       6216
       2506       6215
       2507       6214
       2508       6213
       2509       6158
       2510       6157
       2511       6156
       2512       6155
       2513       6154
       2514       6153
       2515       6098
       2516       6097
       2517       6096
       2518       6095
       2519       6094
       2520       6093
       2521       6038
       2522       6037
       2523       6034
       2524       6032
       2525       6030
       2526       6028
       2527       6332
       2528       6331
       2529       6330
       2530       6329
       2531       6328
       2532       6327
       2533       6272
       2534       6271
       2535       6270
       2536       6269
       2537       6268
       2538       6267
       2539       6212
       2540       6211
       2541       6210
       2542       6209
       2543       6208
       2544       6207
       2545       6152
       2546       6151
       2547       6150
       2548       6149
       2549       6148
       2550       6147
       2551       6092
       2552       6091
       2553       6090
       2554       6089
       2555       6088
       2556       6087
       2557       6036
       2558       6035
       2559       6033
       2560       6031
       2561       6029
       2562       6027
       2563       6266
       2564       6265
       2565       6264
       2566       6263
       2567       6262
       2568       6261
       2569       6206
       2570       6205
       2571       6204
       2572       6203
       2573       6202
       2574       6201
       2575       6146
       2576       6145
       2577       6144
       2578       6143
       2579       6142
       2580       6141
       2581       6086
       2582       6085
       2583       6084
       2584       6083
       2585       6082
       2586       6081
       2587       6026
       2588       6025
       2589       6024
       2590       6023
       2591       6022
       2592       6021
       2593       5966
       2594       5965
       2595       5962
       2596       5960
       2597       5958
       2598       5956
       2599       6260
       2600       6259
       2601       6258
       2602       6257
       2603       6256
       2604       6255
       2605       6200
       2606       6199
       2607       6198
       2608       6197
       2609       6196
       2610       6195
       2611       6140
       2612       6139
       2613       6138
       2614       6137
       2615       6136
       2616       6135
       2617       6080
       2618       6079
       2619       6078
       2620       6077
       2621       6076
       2622       6075
       2623       6020
       2624       6019
       2625       6018
       2626       6017
       2627       6016
       2628       6015
       2629       5964
       2630       5963
       2631       5961
       2632       5959
       2633       5957
       2634       5955
       2635       6194
       2636       6193
       2637       6192
       2638       6191
       2639       6190
       2640       6189
       2641       6134
       2642       6133
       2643       6132
       2644       6131
       2645       6130
       2646       6129
       2647       6074
       2648       6073
       2649       6072
       2650       6071
       2651       6070
       2652       6069
       2653       6014
       2654       6013
       2655       6012
       2656       6011
       2657       6010
       2658       6009
       2659       5954
       2660       5953
       2661       5952
       2662       5951
       2663       5950
       2664       5949
       2665       5894
       2666       5893
       2667       5890
       2668       5888
       2669       5886
       2670       5884
       2671       6188
       2672       6187
       2673       6186
       2674       6185
       2675       6184
       2676       6183
       2677       6128
       2678       6127
       2679       6126
       2680       6125
       2681       6124
       2682       6123
       2683       6068
       2684       6067
       2685       6066
       2686       6065
       2687       6064
       2688       6063
       2689       6008
       2690       6007
       2691       6006
       2692       6005
       2693       6004
       2694       6003
       2695       5948
       2696       5947
       2697       5946
       2698       5945
       2699       5944
       2700       5943
       2701       5892
       2702       5891
       2703       5889
       2704       5887
       2705       5885
       2706       5883
       2707       6122
       2708       6121
       2709       6120
       2710       6119
       2711       6118
       2712       6117
       2713       6062
       2714       6061
       2715       6060
       2716       6059
       2717       6058
       2718       6057
       2719       6002
       2720       6001
       2721       6000
       2722       5999
       2723       5998
       2724       5997
       2725       5942
       2726       5941
       2727       5940
       2728       5939
       2729       5938
       2730       5937
       2731       5882
       2732       5881
       2733       5880
       2734       5879
       2735       5878
       2736       5877
       2737       5822
       2738       5821
       2739       5818
       2740       5816
       2741       5814
       2742       5812
       2743       6116
       2744       6115
       2745       6114
       2746       6113
       2747       6112
       2748       6111
       2749       6056
       2750       6055
       2751       6054
       2752       6053
       2753       6052
       2754       6051
       2755       5996
       2756       5995
       2757       5994
       2758       5993
       2759       5992
       2760       5991
       2761       5936
       2762       5935
       2763       5934
       2764       5933
       2765       5932
       2766       5931
       2767       5876
       2768       5875
       2769       5874
       2770       5873
       2771       5872
       2772       5871
       2773       5820
       2774       5819
       2775       5817
       2776       5815
       2777       5813
       2778       5811
       2779       6050
       2780       6049
       2781       6048
       2782       6047
       2783       6046
       2784       6045
       2785       5990
       2786       5989
       2787       5988
       2788       5987
       2789       5986
       2790       5985
       2791       5930
       2792       5929
       2793       5928
       2794       5927
       2795       5926
       2796       5925
       2797       5870
       2798       5869
       2799       5868
       2800       5867
       2801       5866
       2802       5865
       2803       5810
       2804       5809
       2805       5808
       2806       5807
       2807       5806
       2808       5805
       2809       5744
       2810       5743
       2811       5740
       2812       5738
       2813       5736
       2814       5734
       2815       5984
       2816       5983
       2817       5982
       2818       5981
       2819       5980
       2820       5979
       2821       6044
       2822       6043
       2823       6042
       2824       6041
       2825       6040
       2826       6039
       2827       5924
       2828       5923
       2829       5922
       2830       5921
       2831       5920
       2832       5919
       2833       5864
       2834       5863
       2835       5862
       2836       5861
       2837       5860
       2838       5859
       2839       5804
       2840       5803
       2841       5802
       2842       5801
       2843       5800
       2844       5799
       2845       5742
       2846       5741
       2847       5739
       2848       5737
       2849       5735
       2850       5733
       2851       5978
       2852       5977
       2853       5976
       2854       5975
       2855       5974
       2856       5973
       2857       5918
       2858       5917
       2859       5916
       2860       5915
       2861       5914
       2862       5913
       2863       5858
       2864       5857
       2865       5856
       2866       5855
       2867       5854
       2868       5853
       2869       5798
       2870       5797
       2871       5796
       2872       5795
       2873       5794
       2874       5793
       2875       5732
       2876       5731
       2877       5730
       2878       5729
       2879       5728
       2880       5727
       2881       5672
       2882       5671
       2883       5668
       2884       5666
       2885       5664
       2886       5662
       2887       5852
       2888       5851
       2889       5850
       2890       5849
       2891       5848
       2892       5847
       2893       5792
       2894       5791
       2895       5790
       2896       5789
       2897       5788
       2898       5787
       2899       5912
       2900       5911
       2901       5910
       2902       5909
       2903       5908
       2904       5907
       2905       5726
       2906       5725
       2907       5724
       2908       5723
       2909       5722
       2910       5721
       2911       5670
       2912       5669
       2913       5667
       2914       5665
       2915       5663
       2916       5661
       2917       5972
       2918       5971
       2919       5970
       2920       5969
       2921       5968
       2922       5967
       2923       5846
       2924       5845
       2925       5844
       2926       5843
       2927       5842
       2928       5841
       2929       5786
       2930       5785
       2931       5784
       2932       5783
       2933       5782
       2934       5781
       2935       5720
       2936       5719
       2937       5718
       2938       5717
       2939       5716
       2940       5715
       2941       5594
       2942       5593
       2943       5590
       2944       5588
       2945       5586
       2946       5584
       2947       5660
       2948       5659
       2949       5658
       2950       5657
       2951       5656
       2952       5655
       2953       5906
       2954       5905
       2955       5902
       2956       5900
       2957       5898
       2958       5896
       2959       5904
       2960       5903
       2961       5901
       2962       5899
       2963       5897
       2964       5895
       2965       5840
       2966       5839
       2967       5838
       2968       5837
       2969       5836
       2970       5835
       2971       5780
       2972       5779
       2973       5778
       2974       5777
       2975       5776
       2976       5775
       2977       5714
       2978       5713
       2979       5712
       2980       5711
       2981       5710
       2982       5709
       2983       5654
       2984       5653
       2985       5652
       2986       5651
       2987       5650
       2988       5649
       2989       5592
       2990       5591
       2991       5589
       2992       5587
       2993       5585
       2994       5583
       2995       5774
       2996       5773
       2997       5772
       2998       5771
       2999       5770
       3000       5769
       3001       5708
       3002       5707
       3003       5706
       3004       5705
       3005       5704
       3006       5703
       3007       5648
       3008       5647
       3009       5646
       3010       5645
       3011       5644
       3012       5643
       3013       5582
       3014       5581
       3015       5580
       3016       5579
       3017       5578
       3018       5577
       3019       5834
       3020       5833
       3021       5832
       3022       5828
       3023       5826
       3024       5824
       3025       5522
       3026       5521
       3027       5518
       3028       5516
       3029       5514
       3030       5512
       3031       5831
       3032       5830
       3033       5829
       3034       5827
       3035       5825
       3036       5823
       3037       5520
       3038       5519
       3039       5517
       3040       5515
       3041       5513
       3042       5511
       3043       5702
       3044       5701
       3045       5700
       3046       5699
       3047       5698
       3048       5697
       3049       5642
       3050       5641
       3051       5640
       3052       5639
       3053       5638
       3054       5637
       3055       5576
       3056       5575
       3057       5574
       3058       5573
       3059       5572
       3060       5571
       3061       5760
       3062       5759
       3063       5756
       3064       5754
       3065       5750
       3066       5746
       3067       5636
       3068       5635
       3069       5634
       3070       5633
       3071       5632
       3072       5631
       3073       5570
       3074       5569
       3075       5568
       3076       5567
       3077       5566
       3078       5565
       3079       5768
       3080       5767
       3081       5764
       3082       5762
       3083       5752
       3084       5748
       3085       5766
       3086       5765
       3087       5763
       3088       5761
       3089       5751
       3090       5747
       3091       5510
       3092       5509
       3093       5508
       3094       5507
       3095       5506
       3096       5505
       3097       5444
       3098       5443
       3099       5442
       3100       5441
       3101       5440
       3102       5439
       3103       5758
       3104       5757
       3105       5755
       3106       5753
       3107       5749
       3108       5745
       3109       5686
       3110       5685
       3111       5682
       3112       5680
       3113       5678
       3114       5674
       3115       5504
       3116       5503
       3117       5502
       3118       5501
       3119       5500
       3120       5499
       3121       5564
       3122       5563
       3123       5562
       3124       5561
       3125       5560
       3126       5559
       3127       5696
       3128       5695
       3129       5694
       3130       5690
       3131       5688
       3132       5676
       3133       5498
       3134       5497
       3135       5496
       3136       5495
       3137       5494
       3138       5493
       3139       5693
       3140       5692
       3141       5691
       3142       5689
       3143       5687
       3144       5675
       3145       5684
       3146       5683
       3147       5681
       3148       5679
       3149       5677
       3150       5673
       3151       5612
       3152       5611
       3153       5608
       3154       5603
       3155       5600
       3156       5597
       3157       5438
       3158       5437
       3159       5434
       3160       5432
       3161       5430
       3162       5428
       3163       5366
       3164       5365
       3165       5364
       3166       5363
       3167       5362
       3168       5361
       3169       5436
       3170       5435
       3171       5433
       3172       5431
       3173       5429
       3174       5427
       3175       5426
       3176       5425
       3177       5424
       3178       5423
       3179       5422
       3180       5421
       3181       5546
       3182       5545
       3183       5542
       3184       5537
       3185       5530
       3186       5526
       3187       5610
       3188       5609
       3189       5607
       3190       5602
       3191       5599
       3192       5596
       3193       5622
       3194       5621
       3195       5620
       3196       5619
       3197       5616
       3198       5613
       3199       5630
       3200       5629
       3201       5626
       3202       5624
       3203       5618
       3204       5615
       3205       5628
       3206       5627
       3207       5625
       3208       5623
       3209       5617
       3210       5614
       3211       5544
       3212       5543
       3213       5541
       3214       5536
       3215       5529
       3216       5525
       3217       5360
       3218       5359
       3219       5356
       3220       5354
       3221       5352
       3222       5350
       3223       5358
       3224       5357
       3225       5355
       3226       5353
       3227       5351
       3228       5349
       3229       5402
       3230       5401
       3231       5396
       3232       5393
       3233       5386
       3234       5372
       3235       5606
       3236       5605
       3237       5604
       3238       5601
       3239       5598
       3240       5595
       3241       5474
       3242       5473
       3243       5470
       3244       5465
       3245       5454
       3246       5449
       3247       5472
       3248       5471
       3249       5469
       3250       5464
       3251       5453
       3252       5448
       3253       5540
       3254       5539
       3255       5538
       3256       5535
       3257       5528
       3258       5524
       3259       5555
       3260       5554
       3261       5553
       3262       5551
       3263       5549
       3264       5547
       3265       5558
       3266       5557
       3267       5556
       3268       5552
       3269       5550
       3270       5548
       3271       5468
       3272       5467
       3273       5466
       3274       5463
       3275       5452
       3276       5447
       3277       5324
       3278       5323
       3279       5322
       3280       5315
       3281       5312
       3282       5304
       3283       5288
       3284       5287
       3285       5286
       3286       5285
       3287       5284
       3288       5283
       3289       5400
       3290       5399
       3291       5395
       3292       5392
       3293       5385
       3294       5371
       3295       5398
       3296       5397
       3297       5394
       3298       5391
       3299       5384
       3300       5370
       3301       5534
       3302       5533
       3303       5532
       3304       5531
       3305       5527
       3306       5523
       3307       5492
       3308       5491
       3309       5488
       3310       5486
       3311       5480
       3312       5477
       3313       5490
       3314       5489
       3315       5487
       3316       5485
       3317       5479
       3318       5476
       3319       5462
       3320       5461
       3321       5458
       3322       5456
       3323       5451
       3324       5446
       3325       5460
       3326       5459
       3327       5457
       3328       5455
       3329       5450
       3330       5445
       3331       5484
       3332       5483
       3333       5482
       3334       5481
       3335       5478
       3336       5475
       3337       5390
       3338       5389
       3339       5388
       3340       5387
       3341       5383
       3342       5369
       3343       5321
       3344       5320
       3345       5317
       3346       5314
       3347       5311
       3348       5303
       3349       5319
       3350       5318
       3351       5316
       3352       5313
       3353       5310
       3354       5302
       3355       5258
       3356       5257
       3357       5256
       3358       5255
       3359       5246
       3360       5243
       3361       5222
       3362       5221
       3363       5220
       3364       5219
       3365       5218
       3366       5217
       3367       5420
       3368       5419
       3369       5418
       3370       5414
       3371       5412
       3372       5405
       3373       5417
       3374       5416
       3375       5415
       3376       5413
       3377       5411
       3378       5404
       3379       5410
       3380       5409
       3381       5408
       3382       5407
       3383       5406
       3384       5403
       3385       5382
       3386       5381
       3387       5380
       3388       5376
       3389       5374
       3390       5368
       3391       5379
       3392       5378
       3393       5377
       3394       5375
       3395       5373
       3396       5367
       3397       5309
       3398       5308
       3399       5307
       3400       5306
       3401       5305
       3402       5301
       3403       5254
       3404       5253
       3405       5252
       3406       5248
       3407       5245
       3408       5242
       3409       5251
       3410       5250
       3411       5249
       3412       5247
       3413       5244
       3414       5241
       3415       5186
       3416       5185
       3417       5184
       3418       5183
       3419       5182
       3420       5171
       3421       5150
       3422       5149
       3423       5148
       3424       5147
       3425       5146
       3426       5145
       3427       5348
       3428       5347
       3429       5344
       3430       5342
       3431       5336
       3432       5333
       3433       5346
       3434       5345
       3435       5343
       3436       5341
       3437       5335
       3438       5332
       3439       5340
       3440       5339
       3441       5338
       3442       5337
       3443       5334
       3444       5331
       3445       5330
       3446       5329
       3447       5328
       3448       5327
       3449       5326
       3450       5325
       3451       5300
       3452       5299
       3453       5298
       3454       5297
       3455       5292
       3456       5290
       3457       5296
       3458       5295
       3459       5294
       3460       5293
       3461       5291
       3462       5289
       3463       5240
       3464       5239
       3465       5238
       3466       5237
       3467       5236
       3468       5235
       3469       5181
       3470       5180
       3471       5179
       3472       5178
       3473       5173
       3474       5170
       3475       5177
       3476       5176
       3477       5175
       3478       5174
       3479       5172
       3480       5169
       3481       5114
       3482       5113
       3483       5112
       3484       5111
       3485       5110
       3486       5109
       3487       5282
       3488       5281
       3489       5280
       3490       5276
       3491       5274
       3492       5267
       3493       5279
       3494       5278
       3495       5277
       3496       5275
       3497       5273
       3498       5266
       3499       5272
       3500       5271
       3501       5270
       3502       5269
       3503       5268
       3504       5265
       3505       5264
       3506       5263
       3507       5262
       3508       5261
       3509       5260
       3510       5259
       3511       5234
       3512       5233
       3513       5232
       3514       5231
       3515       5230
       3516       5224
       3517       5229
       3518       5228
       3519       5227
       3520       5226
       3521       5225
       3522       5223
       3523       5168
       3524       5167
       3525       5166
       3526       5165
       3527       5164
       3528       5163
       3529       5108
       3530       5107
       3531       5106
       3532       5105
       3533       5104
       3534       5098
       3535       5103
       3536       5102
       3537       5101
       3538       5100
       3539       5099
       3540       5097
       3541       5042
       3542       5041
       3543       5040
       3544       5039
       3545       5038
       3546       5037
       3547       5216
       3548       5215
       3549       5212
       3550       5210
       3551       5204
       3552       5201
       3553       5214
       3554       5213
       3555       5211
       3556       5209
       3557       5203
       3558       5200
       3559       5208
       3560       5207
       3561       5206
       3562       5205
       3563       5202
       3564       5199
       3565       5198
       3566       5197
       3567       5196
       3568       5195
       3569       5194
       3570       5193
       3571       5192
       3572       5191
       3573       5190
       3574       5189
       3575       5188
       3576       5187
       3577       5162
       3578       5161
       3579       5160
       3580       5159
       3581       5158
       3582       5157
       3583       5156
       3584       5155
       3585       5154
       3586       5153
       3587       5152
       3588       5151
       3589       5096
       3590       5095
       3591       5094
       3592       5093
       3593       5092
       3594       5091
       3595       5036
       3596       5035
       3597       5034
       3598       5033
       3599       5032
       3600       5031
       3601       5030
       3602       5029
       3603       5028
       3604       5027
       3605       5026
       3606       5025
       3607      10021
       3608      10844
       3609      11558
       3610      11886
       3611      12306
       3612      12505
       3613      12588
       3614      12616
       3615      12620
       3616      10423
       3617      11225
       3618      11863
       3619      12138
       3620      12422
       3621      12557
       3622      12607
       3623      12619
       3624      10399
       3625      10843
       3626      11557
       3627      11885
       3628      12305
       3629      12504
       3630      12587
       3631      12615
       3632      12618
       3633      10793
       3634      11224
       3635      11862
       3636      12135
       3637      12419
       3638      12554
       3639      12604
       3640      12614
       3641      10389
       3642      10841
       3643      11555
       3644      11883
       3645      12301
       3646      12498
       3647      12582
       3648      12603
       3649      12610
       3650      10422
       3651      11223
       3652      11578
       3653      12134
       3654      12415
       3655      12546
       3656      12581
       3657      12600
       3658      10020
       3659      10840
       3660      11549
       3661      11882
       3662      12294
       3663      12487
       3664      12545
       3665      12578
       3666      12594
       3667      10421
       3668      11219
       3669      11577
       3670      12127
       3671      12394
       3672      12486
       3673      12544
       3674      12574
       3675      10019
       3676      10836
       3677      11541
       3678      11876
       3679      12262
       3680      12393
       3681      12484
       3682      12538
       3683      12563
       3684      10420
       3685      11206
       3686      11569
       3687      12077
       3688      12261
       3689      12392
       3690      12483
       3691      12532
       3692      10017
       3693      10814
       3694      11239
       3695      11808
       3696      12076
       3697      12260
       3698      12391
       3699      12476
       3700      12513
       3701      10401
       3702      11180
       3703      11479
       3704      11807
       3705      12074
       3706      12355
       3707      12390
       3708      12463
       3709      10041
       3710      10772
       3711      11138
       3712      11478
       3713      11806
       3714      12215
       3715      12258
       3716      12382
       3717      12443
       3718      10400
       3719      10771
       3720      11238
       3721      11802
       3722      12068
       3723      12214
       3724      12257
       3725      12361
       3726      10015
       3727      10369
       3728      10871
       3729      11477
       3730      11797
       3731      12017
       3732      12072
       3733      12244
       3734      12336
       3735      10058
       3736      10732
       3737      11476
       3738      11137
       3739      12042
       3740      11796
       3741      12071
       3742      12223
       3743      11468
       3744       9685
       3745      10339
       3746      11136
       3747      10734
       3748      11805
       3749      11764
       3750      12193
       3751      12048
       3752      11763
       3753      11135
       3754      11804
       3755       9994
       3756      11467
       3757      10340
       3758      10733
       3759      12025
       3760      11420
       3761       9665
       3762      10338
       3763      11716
       3764      11068
       3765      11993
       3766      10710
       3767      11722
       3768      11773
       3769      11076
       3770       9993
       3771      11772
       3772      11402
       3773      11745
       3774      11437
       3775       5144
       3776       5143
       3777       5142
       3778       5138
       3779       5136
       3780       5129
       3781       5141
       3782       5140
       3783       5139
       3784       5137
       3785       5135
       3786       5128
       3787       5134
       3788       5133
       3789       5132
       3790       5131
       3791       5130
       3792       5127
       3793       5126
       3794       5125
       3795       5124
       3796       5123
       3797       5122
       3798       5121
       3799       5120
       3800       5119
       3801       5118
       3802       5117
       3803       5116
       3804       5115
       3805       5090
       3806       5089
       3807       5088
       3808       5087
       3809       5086
       3810       5085
       3811       5084
       3812       5083
       3813       5082
       3814       5081
       3815       5080
       3816       5079
       3817       5024
       3818       5023
       3819       5022
       3820       5021
       3821       5020
       3822       5019
       3823       4970
       3824       4969
       3825       4968
       3826       4967
       3827       4966
       3828       4965
       3829       4964
       3830       4963
       3831       4962
       3832       4961
       3833       4960
       3834       4959
       3835      10016
       3836      12522
       3837       9353
       3838      11740
       3839       9684
       3840      12221
       3841      10040
       3842      12360
       3843      10388
       3844      12598
       3845      10398
       3846      12613
       3847       9682
       3848      12021
       3849      10018
       3850      12569
       3851      10397
       3852      12617
       3853      10039
       3854      12451
       3855      10396
       3856      10839
       3857      10842
       3858      11554
       3859      11556
       3860      11861
       3861      11884
       3862      12137
       3863      12304
       3864      12421
       3865      12503
       3866      12556
       3867      12586
       3868      12606
       3869      12612
       3870      10810
       3871      10838
       3872      11222
       3873      11553
       3874      11860
       3875      12109
       3876      12115
       3877      12136
       3878      12303
       3879      12420
       3880      12502
       3881      12555
       3882      12585
       3883      12605
       3884      12611
       3885      10792
       3886      11189
       3887      11221
       3888      11552
       3889      11859
       3890      12108
       3891      12114
       3892      12283
       3893      12406
       3894      12418
       3895      12501
       3896      12553
       3897      12583
       3898      12602
       3899      12601
       3900      10791
       3901      10835
       3902      11218
       3903      11548
       3904      11858
       3905      11865
       3906      12113
       3907      12133
       3908      12300
       3909      12414
       3910      12497
       3911      12547
       3912      12580
       3913      12579
       3914      12599
       3915      10419
       3916      10834
       3917      11217
       3918      11547
       3919      11853
       3920      11852
       3921      11881
       3922      12132
       3923      12293
       3924      12413
       3925      12485
       3926      12541
       3927      12543
       3928      12542
       3929      12573
       3930      10418
       3931      10833
       3932      11205
       3933      11540
       3934      11539
       3935      11790
       3936      11875
       3937      12126
       3938      12292
       3939      12389
       3940      12481
       3941      12482
       3942      12529
       3943      12528
       3944      12531
       3945      10417
       3946      10813
       3947      11204
       3948      11518
       3949      11517
       3950      11568
       3951      11874
       3952      12075
       3953      12256
       3954      12259
       3955      12388
       3956      12460
       3957      12459
       3958      12475
       3959      12474
       3960      10448
       3961      10812
       3962      10811
       3963      11179
       3964      11237
       3965      11567
       3966      11801
       3967      12070
       3968      12069
       3969      12254
       3970      12354
       3971      12353
       3972      12379
       3973      12381
       3974      12380
       3975      10447
       3976      10769
       3977      10770
       3978      11129
       3979      11134
       3980      11475
       3981      11800
       3982      11799
       3983      12067
       3984      12066
       3985      12213
       3986      12240
       3987      12239
       3988      12243
       3989      12242
       3990      10057
       3991      10460
       3992      10731
       3993      11128
       3994      11133
       3995      11472
       3996      11474
       3997      11473
       3998      11795
       3999      11794
       4000      12041
       4001      12040
       4002      12039
       4003      12047
       4004      12222
       4005      10056
       4006      10337
       4007      10730
       4008      10729
       4009      11113
       4010      11131
       4011      11401
       4012      11419
       4013      11737
       4014      11736
       4015      11992
       4016      11991
       4017      11990
       4018      11803
       4019      12024
       4020       9681
       4021      10049
       4022      10451
       4023      10709
       4024      11112
       4025      11111
       4026      11110
       4027      11418
       4028      11417
       4029      11721
       4030      11720
       4031      11719
       4032      11715
       4033      11771
       4034      11744
       4035       5078
       4036       5077
       4037       5074
       4038       5072
       4039       5066
       4040       5063
       4041       5076
       4042       5075
       4043       5073
       4044       5071
       4045       5065
       4046       5062
       4047       5070
       4048       5069
       4049       5068
       4050       5067
       4051       5064
       4052       5061
       4053       5060
       4054       5059
       4055       5058
       4056       5057
       4057       5056
       4058       5055
       4059       5054
       4060       5053
       4061       5052
       4062       5051
       4063       5050
       4064       5049
       4065       5048
       4066       5047
       4067       5046
       4068       5045
       4069       5044
       4070       5043
       4071       5018
       4072       5017
       4073       5016
       4074       5015
       4075       5014
       4076       5013
       4077       5012
       4078       5011
       4079       5010
       4080       5009
       4081       5008
       4082       5007
       4083       4958
       4084       4957
       4085       4956
       4086       4955
       4087       4954
       4088       4953
       4089       4898
       4090       4897
       4091       4896
       4092       4895
       4093       4894
       4094       4893
       4095      10037
       4096      12220
       4097      10414
       4098      12521
       4099       9683
       4100      12023
       4101      10416
       4102      12572
       4103      10395
       4104      12609
       4105      10394
       4106       9680
       4107      11743
       4108      10038
       4109      12346
       4110      10393
       4111      12597
       4112      10809
       4113      11532
       4114      11559
       4115      11857
       4116      12110
       4117      12302
       4118      12500
       4119      10808
       4120      11199
       4121      11531
       4122      11551
       4123      11856
       4124      12107
       4125      12112
       4126      12282
       4127      12405
       4128      12417
       4129      12499
       4130      12552
       4131      12584
       4132      12596
       4133      12595
       4134      10807
       4135      11528
       4136      11550
       4137      11855
       4138      12106
       4139      12281
       4140      12404
       4141      12593
       4142      10790
       4143      11188
       4144      11220
       4145      11546
       4146      11851
       4147      12105
       4148      12111
       4149      12280
       4150      12403
       4151      12412
       4152      12496
       4153      12551
       4154      10803
       4155      12577
       4156      12575
       4157      12608
       4158      10415
       4159      12530
       4160      10831
       4161      10837
       4162      11216
       4163      11850
       4164      11849
       4165      12104
       4166      12291
       4167      12480
       4168      12540
       4169      12539
       4170      12571
       4171      12570
       4172      10830
       4173      10832
       4174      11203
       4175      11538
       4176      11836
       4177      11835
       4178      11873
       4179      12124
       4180      12290
       4181      12387
       4182      12479
       4183      12478
       4184      12527
       4185      12526
       4186      12525
       4187      10442
       4188      12450
       4189      10446
       4190      11202
       4191      11566
       4192      11789
       4193      12063
       4194      12125
       4195      12255
       4196      12386
       4197      12458
       4198      12457
       4199      12462
       4200      10445
       4201      10861
       4202      11178
       4203      11236
       4204      11465
       4205      11788
       4206      12062
       4207      12061
       4208      12073
       4209      12253
       4210      12352
       4211      12351
       4212      12350
       4213      12378
       4214      12359
       4215      10444
       4216      10870
       4217      11464
       4218      11798
       4219      12065
       4220      12212
       4221      12238
       4222      12241
       4223      12219
       4224      10055
       4225      10459
       4226      10869
       4227      11127
       4228      11132
       4229      11471
       4230      11470
       4231      11793
       4232      11792
       4233      12016
       4234      12015
       4235      12192
       4236      12046
       4237      12045
       4238      10054
       4239      10457
       4240      10728
       4241      10864
       4242      11109
       4243      11456
       4244      11455
       4245      11709
       4246      11735
       4247      11989
       4248      11988
       4249      11987
       4250      11770
       4251      12022
       4252       9678
       4253      10048
       4254      10450
       4255      10708
       4256      11108
       4257      11107
       4258      11400
       4259      11416
       4260      11415
       4261      11718
       4262      11717
       4263      11714
       4264      11711
       4265      11742
       4266      11741
       4267       5006
       4268       5005
       4269       5004
       4270       5000
       4271       4998
       4272       4991
       4273       5003
       4274       5002
       4275       5001
       4276       4999
       4277       4997
       4278       4990
       4279       4996
       4280       4995
       4281       4994
       4282       4993
       4283       4992
       4284       4989
       4285       4946
       4286       4945
       4287       4944
       4288       4943
       4289       4942
       4290       4941
       4291       4988
       4292       4987
       4293       4986
       4294       4985
       4295       4984
       4296       4983
       4297       4982
       4298       4981
       4299       4980
       4300       4979
       4301       4978
       4302       4977
       4303       4976
       4304       4975
       4305       4974
       4306       4973
       4307       4972
       4308       4971
       4309      10036
       4310      12206
       4311       4952
       4312       4951
       4313       4950
       4314       4949
       4315       4948
       4316       4947
       4317       4892
       4318       4891
       4319       4890
       4320       4889
       4321       4888
       4322       4887
       4323       4846
       4324       4845
       4325       4844
       4326       4843
       4327       4842
       4328       4841
       4329      12299
       4330      11198
       4331      11530
       4332      12101
       4333      12279
       4334      12491
       4335      12550
       4336      12576
       4337      11187
       4338      11545
       4339      11848
       4340      12273
       4341      12411
       4342      12495
       4343      12562
       4344      10860
       4345      11516
       4346      11834
       4347      12123
       4348      12385
       4349      12442
       4350      12456
       4351      10851
       4352      11233
       4353      11565
       4354      12060
       4355      12064
       4356      12335
       4357      12237
       4358      10053
       4359      10727
       4360      11130
       4361      11466
       4362      11734
       4363      11986
       4364      11769
       4365      10789
       4366      12568
       4367      10806
       4368      12592
       4369      10443
       4370      12461
       4371      10439
       4372      12345
       4373       9679
       4374      12006
       4375       9352
       4376      11726
       4377       4880
       4378       4879
       4379       4878
       4380       4877
       4381       4876
       4382       4875
       4383      10802
       4384      11197
       4385      12489
       4386      12566
       4387      12517
       4388      12591
       4389      11196
       4390      11843
       4391      12278
       4392      12402
       4393      12549
       4394      12548
       4395      12565
       4396      12590
       4397      10805
       4398      11842
       4399      12277
       4400      12564
       4401      10829
       4402      11527
       4403      11854
       4404      12401
       4405      12494
       4406      12537
       4407      10828
       4408      11215
       4409      12096
       4410      12512
       4411      12533
       4412      10827
       4413      11214
       4414      12095
       4415      12289
       4416      12477
       4417      12524
       4418      12523
       4419      10859
       4420      11872
       4421      12252
       4422      12455
       4423      12453
       4424      10858
       4425      11564
       4426      12251
       4427      12349
       4428      12358
       4429      12357
       4430      10438
       4431      10850
       4432      10868
       4433      11235
       4434      11787
       4435      12211
       4436      12210
       4437      12218
       4438      12217
       4439      12216
       4440      10052
       4441      10458
       4442      10867
       4443      11126
       4444      11234
       4445      11469
       4446      11782
       4447      11791
       4448      11983
       4449      12014
       4450      12013
       4451      12020
       4452      12019
       4453      12044
       4454      12043
       4455      10051
       4456      10456
       4457      10726
       4458      10863
       4459      11106
       4460      11454
       4461      11453
       4462      11708
       4463      11707
       4464      11733
       4465      11739
       4466      11985
       4467      11984
       4468      11768
       4469       9677
       4470      10047
       4471      10449
       4472      10707
       4473      11105
       4474      11104
       4475      11103
       4476      11414
       4477      11413
       4478      11424
       4479      11423
       4480      11713
       4481      11712
       4482      11438
       4483      11766
       4484       4940
       4485       4939
       4486       4936
       4487       4934
       4488       4928
       4489       4925
       4490       4938
       4491       4937
       4492       4935
       4493       4933
       4494       4927
       4495       4924
       4496      10801
       4497      12589
       4498       4932
       4499       4931
       4500       4930
       4501       4929
       4502       4926
       4503       4923
       4504      10413
       4505      12567
       4506       4922
       4507       4921
       4508       4920
       4509       4919
       4510       4918
       4511       4917
       4512      10411
       4513       4916
       4514       4915
       4515       4914
       4516       4913
       4517       4912
       4518       4911
       4519      12520
       4520       4910
       4521       4909
       4522       4908
       4523       4907
       4524       4906
       4525       4905
       4526      10441
       4527      12356
       4528       4904
       4529       4903
       4530       4902
       4531       4901
       4532       4900
       4533       4899
       4534       4886
       4535       4885
       4536       4884
       4537       4883
       4538       4882
       4539       4881
       4540      10035
       4541      12205
       4542      11864
       4543       4840
       4544       4839
       4545       4838
       4546       4837
       4547       4836
       4548       4835
       4549      12559
       4550      10800
       4551      12561
       4552      10412
       4553      12519
       4554      10440
       4555      12452
       4556      10437
       4557      12229
       4558      10023
       4559      12005
       4560       9676
       4561      11725
       4562       4834
       4563       4833
       4564       4830
       4565       4828
       4566       4826
       4567       4824
       4568      10799
       4569      11537
       4570      12275
       4571      12298
       4572      12397
       4573      12516
       4574      11195
       4575      11529
       4576      11536
       4577      11847
       4578      12103
       4579      12274
       4580      12400
       4581      12416
       4582      12490
       4583      12488
       4584      12515
       4585      12560
       4586      10804
       4587      11544
       4588      12100
       4589      12102
       4590      12276
       4591      12493
       4592      10826
       4593      11194
       4594      11212
       4595      11543
       4596      11841
       4597      12099
       4598      12271
       4599      12399
       4600      12410
       4601      12441
       4602      12492
       4603      12536
       4604      12535
       4605      10825
       4606      11213
       4607      12121
       4608      12288
       4609      12440
       4610      10824
       4611      10857
       4612      11208
       4613      11542
       4614      11833
       4615      11871
       4616      12088
       4617      12122
       4618      12248
       4619      12384
       4620      12439
       4621      12438
       4622      12511
       4623      12464
       4624      10856
       4625      11232
       4626      11563
       4627      12059
       4628      12250
       4629      12383
       4630      12436
       4631      10855
       4632      11231
       4633      11506
       4634      11786
       4635      12058
       4636      12186
       4637      12249
       4638      12334
       4639      12330
       4640      12348
       4641      10433
       4642      10849
       4643      10866
       4644      11230
       4645       4850
       4646       4849
       4647       4848
       4648       4847
       4649      11462
       4650      11463
       4651      11785
       4652      12057
       4653      12055
       4654      12191
       4655      12209
       4656      12228
       4657      10424
       4658      10455
       4659      10865
       4660      11125
       4661      11124
       4662      11461
       4663      11781
       4664      11982
       4665      11981
       4666      12012
       4667      12018
       4668      12027
       4669      10050
       4670      10454
       4671      10723
       4672      10862
       4673      11119
       4674      11452
       4675      11706
       4676      11705
       4677      11732
       4678      11731
       4679      11738
       4680      11767
       4681      10045
       4682      10336
       4683      10722
       4684      10721
       4685      11102
       4686      11101
       4687      11451
       4688      11399
       4689      11412
       4690      11422
       4691      11421
       4692      11710
       4693      11669
       4694      11746
       4695      11765
       4696       4868
       4697       4867
       4698       4866
       4699       4863
       4700       4874
       4701       4873
       4702       4870
       4703       4865
       4704       4872
       4705       4871
       4706       4869
       4707       4864
       4708       4854
       4709       4853
       4710       4852
       4711       4851
       4712       4858
       4713       4857
       4714       4856
       4715       4855
       4716      10798
       4717      12558
       4718      10410
       4719      12518
       4720       4790
       4721       4789
       4722       4788
       4723       4787
       4724       4786
       4725       4785
       4726       4862
       4727       4861
       4728       4860
       4729       4859
       4730      10408
       4731      12449
       4732      10436
       4733      12364
       4734       4832
       4735       4831
       4736       4829
       4737       4827
       4738       4825
       4739       4823
       4740      10034
       4741      12028
       4742      11193
       4743      11526
       4744      11846
       4745      12098
       4746      12398
       4747      12409
       4748      12534
       4749      10823
       4750      11210
       4751      12091
       4752      12270
       4753      12333
       4754      12437
       4755      12510
       4756      10854
       4757      11509
       4758      11830
       4759      12087
       4760      12247
       4761      12374
       4762      12454
       4763      10853
       4764      11177
       4765      11505
       4766      11972
       4767      12054
       4768      12190
       4769      12225
       4770      10046
       4771      10725
       4772      11450
       4773      11780
       4774      11704
       4775      11976
       4776      11955
       4777      12508
       4778      10797
       4779      12509
       4780       4784
       4781       4783
       4782       4782
       4783       4778
       4784       4776
       4785       4774
       4786      10409
       4787      12467
       4788      10435
       4789      12363
       4790      10432
       4791       4794
       4792       4793
       4793       4792
       4794       4791
       4795      12227
       4796      10796
       4797      11192
       4798      11201
       4799      11535
       4800      11845
       4801      12272
       4802      12297
       4803      12396
       4804      12447
       4805      10022
       4806      11954
       4807      10795
       4808      11191
       4809      11190
       4810      11525
       4811      11534
       4812      11844
       4813      12094
       4814      12130
       4815      12296
       4816      12295
       4817      12395
       4818      12448
       4819      12465
       4820      12514
       4821       9675
       4822      11671
       4823      10822
       4824      11211
       4825      11840
       4826      12097
       4827      12408
       4828      12473
       4829      12472
       4830      10821
       4831      11209
       4832      11524
       4833      11839
       4834      12269
       4835      12287
       4836      12407
       4837      12471
       4838      12470
       4839      10817
       4840      11520
       4841      11831
       4842      12268
       4843      12267
       4844      12469
       4845      12468
       4846       4810
       4847       4809
       4848       4808
       4849       4807
       4850      10816
       4851      11207
       4852      11829
       4853      12090
       4854      12246
       4855      12373
       4856      12435
       4857      10434
       4858      11515
       4859      11510
       4860      11828
       4861      12056
       4862      12185
       4863      12332
       4864      12331
       4865      12347
       4866      12362
       4867      10431
       4868      11504
       4869      12184
       4870      12189
       4871       4816
       4872       4815
       4873       4814
       4874       4811
       4875      12224
       4876      10430
       4877      10848
       4878      11165
       4879      11460
       4880      11784
       4881      11970
       4882      11980
       4883      11979
       4884      12188
       4885      12179
       4886      12178
       4887      10043
       4888      10453
       4889      10724
       4890      11123
       4891      11459
       4892      11779
       4893      11703
       4894      11978
       4895      11975
       4896      12011
       4897      10044
       4898      10452
       4899      10720
       4900      11118
       4901      11117
       4902      11730
       4903       9992
       4904      10335
       4905      10719
       4906      10718
       4907      11100
       4908      11449
       4909      11448
       4910      11447
       4911      11398
       4912      11411
       4913      11410
       4914      11694
       4915      11672
       4916      11953
       4917      11952
       4918       4806
       4919       4805
       4920       4802
       4921       4800
       4922       4822
       4923       4821
       4924       4818
       4925       4813
       4926       4820
       4927       4819
       4928       4817
       4929       4812
       4930       4798
       4931       4797
       4932       4796
       4933       4795
       4934       4740
       4935       4739
       4936       4738
       4937       4737
       4938       4736
       4939       4735
       4940        276
       4941        275
       4942      10392
       4943      12507
       4944      11200
       4945      12131
       4946      12366
       4947        274
       4948        273
       4949        270
       4950        269
       4951        128
       4952        127
       4953      10407
       4954      12466
       4955        262
       4956        261
       4957      10404
       4958        252
       4959        251
       4960      12367
       4961      11512
       4962      12086
       4963      12372
       4964        238
       4965        237
       4966      10033
       4967      12226
       4968       4804
       4969       4803
       4970       4801
       4971       4799
       4972       4781
       4973       4780
       4974       4779
       4975       4777
       4976       4775
       4977       4773
       4978      10032
       4979      12026
       4980      11122
       4981      11702
       4982      11961
       4983        126
       4984        125
       4985       4772
       4986       4771
       4987       4768
       4988       4763
       4989        122
       4990        121
       4991      10391
       4992      10788
       4993      11249
       4994      11533
       4995      11880
       4996      12083
       4997      12263
       4998      12344
       4999      12343
       5000      12365
       5001      10794
       5002      10820
       5003      11186
       5004      11523
       5005      11522
       5006      11837
       5007      12093
       5008      12129
       5009      12266
       5010      12285
       5011      12342
       5012      12341
       5013      12375
       5014      12446
       5015      10819
       5016      12377
       5017      10818
       5018      11185
       5019      11521
       5020      11838
       5021      12092
       5022      12128
       5023      12265
       5024      12286
       5025      12371
       5026      12376
       5027      12432
       5028      12506
       5029      10784
       5030      11183
       5031      11519
       5032      11824
       5033      12089
       5034      12085
       5035      12120
       5036      12370
       5037      12369
       5038      12431
       5039       4760
       5040       4759
       5041       4758
       5042       4757
       5043      10403
       5044      10815
       5045      11169
       5046      11508
       5047      11511
       5048      11827
       5049      11826
       5050      12084
       5051      12053
       5052      12235
       5053      12234
       5054      12368
       5055      12329
       5056      12434
       5057      11176
       5058      11175
       5059      11507
       5060      11825
       5061      12052
       5062      12183
       5063      12245
       5064      12328
       5065       4734
       5066       4733
       5067       4732
       5068       4731
       5069       4726
       5070       4724
       5071      10429
       5072      10852
       5073      11174
       5074      11173
       5075      11166
       5076      11503
       5077      11783
       5078      11971
       5079      12182
       5080      12181
       5081      12187
       5082      12208
       5083      12207
       5084      12327
       5085      12445
       5086      10768
       5087      11121
       5088      11164
       5089      11458
       5090      11692
       5091      11969
       5092      11977
       5093      12010
       5094      12009
       5095      12176
       5096      10030
       5097      10428
       5098      10758
       5099      11116
       5100      11120
       5101      11457
       5102      11690
       5103      11689
       5104      11698
       5105      11701
       5106      11974
       5107      11960
       5108      11957
       5109      12175
       5110      10468
       5111      12444
       5112      10042
       5113      10334
       5114      10717
       5115      10716
       5116      11115
       5117      11446
       5118      11445
       5119      11700
       5120      11699
       5121      11693
       5122      11951
       5123       9991
       5124      10333
       5125      10715
       5126      10714
       5127      11099
       5128      11098
       5129      11097
       5130      11396
       5131      11395
       5132      11392
       5133      11409
       5134      11667
       5135      11668
       5136      11950
       5137      11949
       5138      10406
       5139      12430
       5140      10402
       5141      12326
       5142       4756
       5143       4755
       5144       4754
       5145       4750
       5146       4748
       5147       4747
       5148       4744
       5149       4742
       5150      10031
       5151       9674
       5152      12174
       5153      11948
       5154       9673
       5155      11670
       5156       4770
       5157       4769
       5158       4767
       5159       4762
       5160        236
       5161        235
       5162        272
       5163        271
       5164       4690
       5165       4689
       5166       4688
       5167       4687
       5168       4686
       5169       4685
       5170      11576
       5171      12340
       5172        268
       5173        267
       5174      10882
       5175      11248
       5176      11832
       5177      12082
       5178      12264
       5179      12284
       5180      12429
       5181        250
       5182        249
       5183        260
       5184        259
       5185      11158
       5186        114
       5187        113
       5188      11499
       5189      11823
       5190      11878
       5191      12233
       5192      12315
       5193      12428
       5194      10783
       5195      11168
       5196      11502
       5197      11820
       5198      12180
       5199      12230
       5200      12325
       5201      10427
       5202      11054
       5203      11383
       5204      11691
       5205      11965
       5206      12008
       5207      12173
       5208        120
       5209        119
       5210      10028
       5211      10713
       5212      11114
       5213      11394
       5214      11397
       5215      11729
       5216      11947
       5217        124
       5218        123
       5219      10390
       5220      12433
       5221       4766
       5222       4765
       5223       4764
       5224       4761
       5225      10405
       5226      12427
       5227       9976
       5228      11946
       5229       4753
       5230       4752
       5231       4751
       5232       4749
       5233      10382
       5234       4746
       5235       4745
       5236       4743
       5237       4741
       5238      12324
       5239        222
       5240        221
       5241      10029
       5242      12172
       5243       4730
       5244       4729
       5245       4728
       5246       4727
       5247       4725
       5248       4723
       5249       4722
       5250       4721
       5251       4720
       5252       4716
       5253      10787
       5254      12081
       5255      12004
       5256      12203
       5257      10786
       5258      11184
       5259      11575
       5260      11879
       5261      12118
       5262      12117
       5263      12204
       5264      12339
       5265      10752
       5266      10753
       5267      11877
       5268      12119
       5269      12236
       5270      12426
       5271      10782
       5272       9672
       5273      11665
       5274      10781
       5275      11182
       5276      11501
       5277      11822
       5278      12038
       5279      12232
       5280      12323
       5281      10426
       5282      11167
       5283      11968
       5284      12051
       5285      12050
       5286      10425
       5287      10780
       5288      11382
       5289      11687
       5290      11967
       5291      11966
       5292      12049
       5293      12177
       5294      10319
       5295      11055
       5296      11683
       5297      11688
       5298      11697
       5299      11964
       5300      11973
       5301      12007
       5302      10027
       5303      10377
       5304      10687
       5305      10757
       5306      11065
       5307      11388
       5308      11387
       5309      11390
       5310      11696
       5311      11695
       5312      11728
       5313      11956
       5314      10011
       5315      10302
       5316      10674
       5317      10712
       5318      11063
       5319      11386
       5320      11385
       5321      11393
       5322      11407
       5323      11408
       5324      11675
       5325      11674
       5326      11945
       5327        112
       5328        111
       5329       9990
       5330      10301
       5331      10332
       5332      10711
       5333      11062
       5334      11061
       5335      11096
       5336      11095
       5337      11075
       5338      11391
       5339      11362
       5340      11361
       5341      11360
       5342      11666
       5343      11664
       5344      12338
       5345      10385
       5346        104
       5347        103
       5348      12425
       5349        234
       5350        233
       5351       4710
       5352       4709
       5353       4708
       5354       4707
       5355       4719
       5356       4718
       5357       4717
       5358       4715
       5359      10381
       5360      12424
       5361       4706
       5362       4705
       5363       4704
       5364       4703
       5365      10379
       5366      12322
       5367      10024
       5368      12171
       5369        266
       5370        265
       5371       4698
       5372       4697
       5373       4696
       5374       4692
       5375       4684
       5376       4683
       5377       4682
       5378       4681
       5379       4680
       5380       4674
       5381       4640
       5382       4639
       5383       4638
       5384       4637
       5385       4636
       5386       4635
       5387        264
       5388        263
       5389       9671
       5390      11354
       5391        258
       5392        257
       5393        118
       5394        117
       5395        102
       5396        101
       5397      11963
       5398        248
       5399        247
       5400        116
       5401        115
       5402       9975
       5403      11943
       5404      10387
       5405      12320
       5406       4714
       5407       4713
       5408       4712
       5409       4711
       5410       4672
       5411       4671
       5412       4670
       5413       4669
       5414      10358
       5415      12316
       5416       4702
       5417       4701
       5418       4700
       5419       4699
       5420      10380
       5421      12312
       5422       4695
       5423       4694
       5424       4693
       5425       4691
       5426        220
       5427        219
       5428      12337
       5429      10026
       5430      12166
       5431       4679
       5432       4678
       5433       4677
       5434       4676
       5435       4675
       5436       4673
       5437      10014
       5438      10880
       5439      11247
       5440      11574
       5441      11867
       5442      12202
       5443      10386
       5444      10785
       5445      10881
       5446      11246
       5447      11245
       5448      11573
       5449      11572
       5450      11870
       5451      12080
       5452      11866
       5453      12116
       5454      12201
       5455      12200
       5456      10751
       5457      10750
       5458      11157
       5459      11156
       5460      11244
       5461      11514
       5462      11571
       5463      11819
       5464      11869
       5465      11868
       5466      12079
       5467      12149
       5468      12314
       5469      12319
       5470      12423
       5471      10749
       5472      11155
       5473      11500
       5474      11570
       5475      12037
       5476      12150
       5477      12317
       5478      10378
       5479      10779
       5480      10778
       5481      11181
       5482      11162
       5483      11498
       5484      11497
       5485      11821
       5486      11762
       5487      12036
       5488      12035
       5489      12231
       5490      12167
       5491      12321
       5492      10375
       5493      10777
       5494      11163
       5495      11686
       5496      11962
       5497      11778
       5498      12034
       5499      12168
       5500       9670
       5501      11663
       5502      10025
       5503      10376
       5504      10685
       5505      11053
       5506      11052
       5507      11381
       5508      11682
       5509      11685
       5510      11681
       5511      11777
       5512      11776
       5513      12033
       5514      11959
       5515      12170
       5516      10318
       5517      10686
       5518      11374
       5519      11680
       5520      11679
       5521      11678
       5522      11775
       5523      11774
       5524      11958
       5525      12169
       5526       9980
       5527      10320
       5528      10673
       5529      11042
       5530      11064
       5531      11373
       5532      11372
       5533      11384
       5534      11389
       5535      11441
       5536      11440
       5537      11727
       5538      11937
       5539      11944
       5540       9979
       5541      10300
       5542      10672
       5543      10693
       5544      11060
       5545      11059
       5546      11067
       5547      11074
       5548      11406
       5549      11405
       5550      11673
       5551       9952
       5552      10299
       5553      10331
       5554      10689
       5555      11058
       5556      11057
       5557      10706
       5558      11066
       5559      11073
       5560      11072
       5561      11359
       5562      11358
       5563      11357
       5564      11662
       5565      11661
       5566         92
       5567         91
       5568        256
       5569        255
       5570        110
       5571        109
       5572        254
       5573        253
       5574        246
       5575        245
       5576       4634
       5577       4633
       5578       4630
       5579       4628
       5580       4626
       5581       4624
       5582      12199
       5583        100
       5584         99
       5585       4668
       5586       4667
       5587       4666
       5588       4665
       5589      10368
       5590      12313
       5591       4660
       5592       4659
       5593       4658
       5594       4657
       5595      10356
       5596      12311
       5597        232
       5598        231
       5599       4656
       5600       4655
       5601       4654
       5602       4653
       5603      10012
       5604      12165
       5605       4648
       5606       4647
       5607       4646
       5608       4645
       5609       9974
       5610      11942
       5611      10767
       5612      11172
       5613      11513
       5614      11818
       5615      12078
       5616      12157
       5617      12318
       5618       4632
       5619       4631
       5620       4629
       5621       4627
       5622       4625
       5623       4623
       5624       9650
       5625      10748
       5626      11161
       5627      11241
       5628      11761
       5629      11909
       5630      11353
       5631      12153
       5632      12310
       5633      10374
       5634      10776
       5635      11380
       5636      11684
       5637      11757
       5638      12032
       5639      12163
       5640      10317
       5641      11041
       5642      11371
       5643      11377
       5644      11443
       5645      11755
       5646      11940
       5647       9978
       5648      10671
       5649      11038
       5650      11056
       5651      11091
       5652      11404
       5653      11660
       5654        108
       5655        107
       5656        106
       5657        105
       5658        230
       5659        229
       5660         90
       5661         89
       5662      10384
       5663      11243
       5664      11817
       5665      11816
       5666      12003
       5667      12198
       5668      10383
       5669      10766
       5670      11171
       5671      11242
       5672      11562
       5673      11815
       5674      11814
       5675      11917
       5676      12156
       5677      12197
       5678       4664
       5679       4663
       5680       4662
       5681       4661
       5682      10013
       5683      10747
       5684      12196
       5685      10746
       5686      10765
       5687      10879
       5688      11240
       5689      11561
       5690      11560
       5691      11813
       5692      11916
       5693      12152
       5694      12309
       5695       4616
       5696       4615
       5697       4614
       5698       4613
       5699      10357
       5700      10373
       5701      11160
       5702      11159
       5703      11760
       5704      11759
       5705      12308
       5706      12151
       5707      12162
       5708      10372
       5709      10775
       5710      11154
       5711      11496
       5712      11758
       5713      12031
       5714      12161
       5715       4652
       5716       4651
       5717       4650
       5718       4649
       5719      10355
       5720      10314
       5721      10774
       5722      11050
       5723      11379
       5724      11677
       5725      12030
       5726      11933
       5727      12160
       5728      12159
       5729       4644
       5730       4643
       5731       4642
       5732       4641
       5733      10684
       5734      11051
       5735      11378
       5736      11676
       5737      11756
       5738      11939
       5739      11938
       5740      12164
       5741        218
       5742        217
       5743      10010
       5744       9973
       5745      11040
       5746      11039
       5747      11376
       5748      11367
       5749      11442
       5750      11754
       5751      11936
       5752      11935
       5753      11941
       5754      11932
       5755       9652
       5756      11659
       5757       9977
       5758      10316
       5759      10670
       5760      10692
       5761      11037
       5762      11370
       5763      11369
       5764      11366
       5765      11439
       5766      11654
       5767      11655
       5768      11934
       5769       9651
       5770      11658
       5771       4622
       5772       4621
       5773       4620
       5774       4619
       5775       4618
       5776       4617
       5777       9971
       5778      10298
       5779      10324
       5780      10691
       5781      11036
       5782        244
       5783        243
       5784       9951
       5785      10297
       5786      10323
       5787      10688
       5788      10690
       5789      10695
       5790      10694
       5791      11031
       5792      11071
       5793      11070
       5794      11069
       5795      11356
       5796      11355
       5797      11648
       5798      11647
       5799        240
       5800        239
       5801        242
       5802        241
       5803         78
       5804         77
       5805       4584
       5806       4583
       5807       4580
       5808       4578
       5809       4576
       5810       4574
       5811         98
       5812         97
       5813         88
       5814         87
       5815         96
       5816         95
       5817      10878
       5818      11490
       5819      12002
       5820       4582
       5821       4581
       5822       4579
       5823       4577
       5824       4575
       5825       4573
       5826      10773
       5827      11495
       5828      12029
       5829      10668
       5830      11044
       5831      11653
       5832      12000
       5833       4612
       5834       4611
       5835       4610
       5836       4609
       5837      10354
       5838      12195
       5839       4604
       5840       4603
       5841       4602
       5842       4601
       5843       4600
       5844       4599
       5845       4598
       5846       4597
       5847      10351
       5848      12148
       5849         94
       5850         93
       5851        216
       5852        215
       5853      10009
       5854       9647
       5855      11931
       5856      11352
       5857       4592
       5858       4591
       5859       4590
       5860       4589
       5861       9669
       5862      11929
       5863      12307
       5864       9649
       5865      11646
       5866        214
       5867        213
       5868       9998
       5869      10762
       5870      10761
       5871      10877
       5872      11229
       5873      11486
       5874      11617
       5875      11913
       5876      11998
       5877         76
       5878         75
       5879      10353
       5880      10367
       5881      10764
       5882      10875
       5883      10876
       5884      11228
       5885      11227
       5886      11494
       5887      11812
       5888      11811
       5889      11616
       5890      11912
       5891      12001
       5892      12194
       5893      10352
       5894      10350
       5895      10366
       5896      10466
       5897      10874
       5898      10873
       5899      11226
       5900      11493
       5901      11492
       5902      11489
       5903      11810
       5904      11635
       5905      11915
       5906      12155
       5907      10349
       5908      10756
       5909      10872
       5910      11088
       5911      11436
       5912      11488
       5913      11487
       5914      11910
       5915      11927
       5916      12146
       5917      10008
       5918      10370
       5919      10755
       5920      10754
       5921      10745
       5922      11153
       5923      11152
       5924      11435
       5925      11434
       5926      11752
       5927      11751
       5928      11925
       5929      11926
       5930      12158
       5931      10007
       5932      10371
       5933      10681
       5934      11049
       5935      11375
       5936      11365
       5937      11433
       5938      11753
       5939      11750
       5940      11924
       5941      11930
       5942       9972
       5943      10313
       5944      10667
       5945      10683
       5946      10682
       5947      11048
       5948      11046
       5949      11364
       5950      11363
       5951      11444
       5952      11749
       5953      11748
       5954      11747
       5955      11922
       5956      11928
       5957       9970
       5958      10315
       5959      10669
       5960        224
       5961        223
       5962      10666
       5963      11027
       5964      11368
       5965      11045
       5966      11094
       5967      11432
       5968      11652
       5969      11651
       5970      11657
       5971      11656
       5972       9948
       5973      10296
       5974      10295
       5975      10665
       5976      10664
       5977      11035
       5978      11034
       5979      11030
       5980      11029
       5981      11090
       5982      11089
       5983      11431
       5984      11650
       5985      11649
       5986       9950
       5987      10294
       5988      10293
       5989      10662
       5990      10663
       5991      11033
       5992      11032
       5993      11028
       5994      11349
       5995      11645
       5996       9949
       5997       9982
       5998      10322
       5999      10321
       6000      10325
       6001      10657
       6002      10661
       6003      10653
       6004      10696
       6005      11011
       6006      11018
       6007      11341
       6008      11344
       6009      11345
       6010      11644
       6011        228
       6012        227
       6013        226
       6014        225
       6015       4608
       6016       4607
       6017       4606
       6018       4605
       6019       9999
       6020      11999
       6021       4566
       6022       4565
       6023       4564
       6024       4563
       6025       4588
       6026       4587
       6027       4586
       6028       4585
       6029      10001
       6030      12147
       6031       4596
       6032       4595
       6033       4594
       6034       4593
       6035      10000
       6036      11923
       6037        204
       6038        203
       6039       9668
       6040      11643
       6041         86
       6042         85
       6043       4572
       6044       4571
       6045       4570
       6046       4569
       6047       4568
       6048       4567
       6049         64
       6050         63
       6051       4534
       6052       4533
       6053       4532
       6054       4528
       6055       4526
       6056       4524
       6057       9646
       6058      11639
       6059       4484
       6060       4483
       6061       4480
       6062       4478
       6063       4472
       6064       4469
       6065         84
       6066         83
       6067      10847
       6068      11484
       6069      11997
       6070      10365
       6071      10763
       6072      11170
       6073      11491
       6074      11809
       6075      12154
       6076      10360
       6077      10465
       6078      11087
       6079      11148
       6080      11611
       6081      12145
       6082         82
       6083         81
       6084      10067
       6085      10359
       6086      11047
       6087      11086
       6088      11430
       6089      11632
       6090      11921
       6091       9969
       6092      10312
       6093      11026
       6094      11025
       6095      11093
       6096      11426
       6097      11628
       6098       9947
       6099      10291
       6100      10660
       6101      10658
       6102      11010
       6103      11340
       6104      11914
       6105         80
       6106         79
       6107      11996
       6108       4562
       6109       4561
       6110       4560
       6111       4559
       6112       4550
       6113       4549
       6114       4548
       6115       4547
       6116      10006
       6117       9624
       6118      12144
       6119      11343
       6120       4554
       6121       4553
       6122       4552
       6123       4551
       6124      10003
       6125      12143
       6126       4542
       6127       4541
       6128       4540
       6129       4539
       6130       9691
       6131      11642
       6132       9648
       6133      11638
       6134       4531
       6135       4530
       6136       4529
       6137       4527
       6138       4525
       6139       4523
       6140      12142
       6141         62
       6142         61
       6143      11346
       6144      11904
       6145        202
       6146        201
       6147      10076
       6148      10075
       6149      10467
       6150      10846
       6151      11151
       6152      11485
       6153      11724
       6154      11995
       6155      10072
       6156      10071
       6157      10464
       6158      10845
       6159      11147
       6160      11483
       6161      11615
       6162      10066
       6163       9623
       6164      10065
       6165      10463
       6166      10744
       6167      11143
       6168      11342
       6169      11428
       6170      11634
       6171      11920
       6172       9967
       6173      10680
       6174      11085
       6175      11631
       6176       9966
       6177      10064
       6178      10311
       6179      10679
       6180      11043
       6181      11020
       6182      11092
       6183      11429
       6184      11630
       6185      11629
       6186      11641
       6187       9946
       6188       9968
       6189      10292
       6190      10647
       6191      11024
       6192      11023
       6193      11022
       6194      11019
       6195      11321
       6196      11348
       6197      11425
       6198      11637
       6199      11636
       6200        206
       6201        205
       6202       9945
       6203       9944
       6204      10290
       6205      10289
       6206      10646
       6207      10659
       6208      11021
       6209      10650
       6210      10705
       6211      11084
       6212      11347
       6213      11351
       6214      11335
       6215       9942
       6216       9943
       6217      10287
       6218      10286
       6219      10288
       6220      10656
       6221       9655
       6222       9981
       6223      10285
       6224      10284
       6225      10655
       6226      10654
       6227      10652
       6228      10651
       6229      10649
       6230      11009
       6231      11008
       6232      11339
       6233      11338
       6234      11350
       6235         74
       6236         73
       6237        212
       6238        211
       6239        210
       6240        209
       6241        208
       6242        207
       6243      11337
       6244         72
       6245         71
       6246       4558
       6247       4557
       6248       4556
       6249       4555
       6250       9698
       6251      11994
       6252       4516
       6253       4515
       6254       4514
       6255       4513
       6256       9695
       6257       4538
       6258       4537
       6259       4536
       6260       4535
       6261      12141
       6262       4546
       6263       4545
       6264       4544
       6265       4543
       6266       4482
       6267       4481
       6268       4479
       6269       4477
       6270       4471
       6271       4468
       6272       9690
       6273      11919
       6274         50
       6275         49
       6276        192
       6277        191
       6278       9645
       6279      11334
       6280       4522
       6281       4521
       6282       4520
       6283       4519
       6284       4518
       6285       4517
       6286       9622
       6287      11331
       6288         70
       6289         69
       6290         68
       6291         67
       6292      11903
       6293         66
       6294         65
       6295         60
       6296         59
       6297      11899
       6298       4512
       6299       4511
       6300       4510
       6301       4509
       6302       9697
       6303      11905
       6304       4500
       6305       4499
       6306       4498
       6307       4497
       6308       4504
       6309       4503
       6310       4502
       6311       4501
       6312       9694
       6313      11908
       6314       4492
       6315       4491
       6316       4490
       6317       4489
       6318        190
       6319        189
       6320       9480
       6321      10156
       6322      10537
       6323      10925
       6324      11150
       6325      11141
       6326      11403
       6327       4476
       6328       4475
       6329      11723
       6330      11898
       6331       4474
       6332       4473
       6333       4470
       6334       4467
       6335       9688
       6336      11640
       6337       9799
       6338      10074
       6339      10364
       6340      10532
       6341      10760
       6342      10931
       6343      11146
       6344      11149
       6345      11482
       6346      11481
       6347      11614
       6348      11891
       6349      11911
       6350      12140
       6351      10070
       6352       9644
       6353      11330
       6354      10069
       6355      10363
       6356      10759
       6357      10930
       6358      11145
       6359      11144
       6360      11480
       6361      11613
       6362      12139
       6363      10002
       6364      10073
       6365      10462
       6366      10701
       6367      10743
       6368      11142
       6369      11296
       6370      11608
       6371      11902
       6372      11907
       6373       9689
       6374      10063
       6375      10062
       6376      10461
       6377      10348
       6378      10741
       6379      10740
       6380      11081
       6381      11080
       6382      11427
       6383      11326
       6384      11633
       6385      11625
       6386      11918
       6387       9618
       6388      11005
       6389      10310
       6390      10309
       6391      10678
       6392      10739
       6393      10700
       6394      11083
       6395      11325
       6396      11624
       6397      11626
       6398       9687
       6399       9965
       6400      10270
       6401      10308
       6402      10307
       6403      10677
       6404      10676
       6405      10704
       6406      10703
       6407      11082
       6408      11320
       6409      11319
       6410      11318
       6411      11627
       6412       9620
       6413      11015
       6414       9941
       6415      10269
       6416      10268
       6417      10645
       6418      10675
       6419      10702
       6420      10982
       6421      11317
       6422      11316
       6423      11329
       6424      11333
       6425       9621
       6426       9924
       6427      10267
       6428      10266
       6429      10283
       6430      10644
       6431      10641
       6432      10642
       6433      10606
       6434      10981
       6435      11006
       6436      11017
       6437      11016
       6438      11328
       6439       9940
       6440       9939
       6441      10282
       6442        194
       6443        193
       6444      10640
       6445      10648
       6446      11007
       6447      11336
       6448       9654
       6449       9653
       6450       9938
       6451      10278
       6452      10277
       6453      10281
       6454      10280
       6455      10276
       6456      10638
       6457      10637
       6458      11004
       6459      11003
       6460      11002
       6461      11014
       6462      11013
       6463        196
       6464        195
       6465        200
       6466        199
       6467        198
       6468        197
       6469         58
       6470         57
       6471         56
       6472         55
       6473       4428
       6474       4427
       6475       4424
       6476       4422
       6477       4420
       6478       4413
       6479      10154
       6480      10531
       6481      10929
       6482      11277
       6483      11592
       6484      11890
       6485      11901
       6486         54
       6487         53
       6488       4508
       6489       4507
       6490       4506
       6491       4505
       6492      10068
       6493      10362
       6494      10533
       6495      10742
       6496      11300
       6497      11607
       6498      11906
       6499       9485
       6500      11897
       6501       4460
       6502       4459
       6503       4458
       6504       4457
       6505       9964
       6506      10061
       6507      10347
       6508      10737
       6509      11079
       6510      11324
       6511      11622
       6512         48
       6513         47
       6514       9693
       6515      11900
       6516       4488
       6517       4487
       6518       4486
       6519       4485
       6520       4496
       6521       4495
       6522       4494
       6523       4493
       6524       9643
       6525       9962
       6526      10643
       6527      10330
       6528      10978
       6529      10986
       6530      11327
       6531       9667
       6532      11623
       6533        178
       6534        177
       6535       9619
       6536       9923
       6537      10279
       6538      10275
       6539      10636
       6540      11001
       6541      11000
       6542       9355
       6543      11332
       6544       4466
       6545       4465
       6546       4464
       6547       4463
       6548       4462
       6549       4461
       6550       9340
       6551      11012
       6552         52
       6553         51
       6554       4426
       6555       4425
       6556       4423
       6557       4421
       6558       4419
       6559       4412
       6560         46
       6561         45
       6562       9801
       6563      10165
       6564      10536
       6565      10924
       6566      11271
       6567      11299
       6568      11896
       6569       9798
       6570      10155
       6571      10164
       6572      10535
       6573      10928
       6574      11276
       6575      11275
       6576      11591
       6577      11612
       6578      11895
       6579       9797
       6580       9796
       6581      10153
       6582      10530
       6583      11140
       6584      11274
       6585      11889
       6586       9692
       6587      10005
       6588      10151
       6589      10361
       6590      11139
       6591      11270
       6592      11606
       6593      11888
       6594       9686
       6595       9696
       6596      10060
       6597      10059
       6598      10346
       6599      10736
       6600      11078
       6601      11323
       6602      11621
       6603       9642
       6604       9963
       6605      10306
       6606      10345
       6607      10343
       6608      10699
       6609      11077
       6610      11313
       6611      11322
       6612       9641
       6613      10305
       6614      10342
       6615      10698
       6616      10985
       6617      11315
       6618       9617
       6619       9961
       6620      10265
       6621      10329
       6622      10605
       6623      10980
       6624      10979
       6625      10990
       6626      10989
       6627       9616
       6628       9925
       6629       9937
       6630      10304
       6631      10274
       6632      10604
       6633      10639
       6634      10999
       6635      10998
       6636       9922
       6637       9921
       6638       9935
       6639      10635
       6640       9604
       6641       9615
       6642       9614
       6643       9934
       6644       9933
       6645      10262
       6646      10261
       6647      10273
       6648      10272
       6649      10632
       6650      10634
       6651      10997
       6652      10996
       6653      10995
       6654      10988
       6655      11894
       6656       4456
       6657       4455
       6658       4454
       6659       4453
       6660       9479
       6661      11893
       6662       4448
       6663       4447
       6664       4446
       6665       4445
       6666       9477
       6667      11620
       6668        188
       6669        187
       6670       4444
       6671       4443
       6672       4442
       6673       4441
       6674       4418
       6675       4417
       6676       4416
       6677       4415
       6678       4414
       6679       4411
       6680        186
       6681        185
       6682       9354
       6683      11619
       6684        180
       6685        179
       6686        184
       6687        183
       6688        182
       6689        181
       6690         44
       6691         43
       6692       4436
       6693       4435
       6694       4434
       6695       4433
       6696       9339
       6697      10993
       6698       9603
       6699      10987
       6700       9309
       6701      10633
       6702         40
       6703         39
       6704      10163
       6705      10923
       6706      11603
       6707       4372
       6708       4371
       6709       4368
       6710       4366
       6711       4364
       6712       4362
       6713      10004
       6714      10913
       6715      11584
       6716         38
       6717         37
       6718       9936
       6719      10232
       6720      10630
       6721         42
       6722         41
       6723         34
       6724         33
       6725       4452
       6726       4451
       6727       4450
       6728       4449
       6729       9484
       6730      11604
       6731         36
       6732         35
       6733       4370
       6734       4369
       6735       4367
       6736       4365
       6737       4363
       6738       4361
       6739       4404
       6740       4403
       6741       4402
       6742       4401
       6743       9478
       6744      11610
       6745       4440
       6746       4439
       6747       4438
       6748       4437
       6749       9356
       6750      11312
       6751        168
       6752        167
       6753       4432
       6754       4431
       6755       4430
       6756       4429
       6757       9337
       6758      11308
       6759       4410
       6760       4409
       6761       4408
       6762       4407
       6763       4406
       6764       4405
       6765       9308
       6766      10992
       6767       9482
       6768       9808
       6769      10162
       6770      10527
       6771      10920
       6772      11298
       6773      11601
       6774       9483
       6775       9800
       6776       9807
       6777      10161
       6778      10160
       6779      10534
       6780      10526
       6781      10922
       6782      10921
       6783      11273
       6784      11297
       6785      11587
       6786      11605
       6787      11892
       6788       9481
       6789       9476
       6790       9795
       6791       9804
       6792      10159
       6793      10529
       6794      10927
       6795      11269
       6796      11590
       6797      11589
       6798      11887
       6799       9475
       6800      10341
       6801      10738
       6802      11268
       6803      11586
       6804      11583
       6805       9636
       6806       9960
       6807       9996
       6808      10344
       6809      10735
       6810      10909
       6811      10908
       6812      11267
       6813      11260
       6814      11310
       6815      11582
       6816      11618
       6817       9357
       6818       9640
       6819       9959
       6820       9958
       6821       9997
       6822      10502
       6823      10907
       6824      10984
       6825      11311
       6826       9632
       6827       9957
       6828       9956
       6829      10263
       6830      10328
       6831      10500
       6832      10697
       6833      10969
       6834      10968
       6835      10983
       6836      10977
       6837      11314
       6838       9338
       6839       9955
       6840      10303
       6841      10603
       6842      10610
       6843      10976
       6844         32
       6845         31
       6846       9602
       6847       9631
       6848       9639
       6849       9638
       6850       9932
       6851      10264
       6852       9989
       6853      10231
       6854      10602
       6855      10601
       6856      10629
       6857      10628
       6858      10626
       6859      10991
       6860       9601
       6861       9600
       6862       9613
       6863      10260
       6864      10271
       6865      10259
       6866      10631
       6867      10994
       6868       9599
       6869       9598
       6870       9609
       6871       9612
       6872       9611
       6873       9920
       6874       9930
       6875       9929
       6876       9928
       6877      10257
       6878      10625
       6879      10627
       6880      10624
       6881      10623
       6882      10622
       6883      11609
       6884        176
       6885        175
       6886        174
       6887        173
       6888        172
       6889        171
       6890        170
       6891        169
       6892      11600
       6893       4400
       6894       4399
       6895       4398
       6896       4397
       6897       9474
       6898        166
       6899        165
       6900      11602
       6901       4360
       6902       4359
       6903       4358
       6904       4357
       6905       4356
       6906       4355
       6907       4392
       6908       4391
       6909       4390
       6910       4389
       6911       9351
       6912      11309
       6913       4388
       6914       4387
       6915       4386
       6916       4385
       6917       9332
       6918      11307
       6919       4380
       6920       4379
       6921       4378
       6922       4377
       6923       9323
       6924      10975
       6925       9300
       6926      10615
       6927       9298
       6928      10258
       6929      10158
       6930      10919
       6931      11599
       6932       9794
       6933      10152
       6934      10528
       6935      10926
       6936      11272
       6937      11588
       6938      11598
       6939       9666
       6940       9995
       6941      10525
       6942      10912
       6943      11266
       6944      11585
       6945       4316
       6946       4315
       6947         26
       6948         25
       6949       4314
       6950       4313
       6951       4312
       6952       4311
       6953       9635
       6954       9788
       6955      10142
       6956      10506
       6957      10906
       6958      11251
       6959      11306
       6960       9630
       6961       9637
       6962       9954
       6963      10230
       6964      10600
       6965      10609
       6966      10974
       6967         24
       6968         23
       6969       9321
       6970       9610
       6971       9931
       6972       9988
       6973      10229
       6974      10621
       6975      10620
       6976         30
       6977         29
       6978         28
       6979         27
       6980       4396
       6981       4395
       6982       4394
       6983       4393
       6984       9236
       6985      11597
       6986       4348
       6987       4347
       6988       4346
       6989       4345
       6990       9228
       6991      11295
       6992       4384
       6993       4383
       6994       4382
       6995       4381
       6996       9331
       6997      11305
       6998        154
       6999        153
       7000       4376
       7001       4375
       7002       4374
       7003       4373
       7004       9322
       7005      10973
       7006       4354
       7007       4353
       7008       4352
       7009       4351
       7010       4350
       7011       4349
       7012       9299
       7013      10614
       7014       9492
       7015       9806
       7016      10520
       7017      11292
       7018       9491
       7019       9805
       7020       9809
       7021      10157
       7022      10522
       7023      10521
       7024      10918
       7025      11261
       7026      11291
       7027      11596
       7028       9487
       7029      10150
       7030      10917
       7031      11581
       7032       9486
       7033       9803
       7034      10149
       7035      11265
       7036      11580
       7037       9350
       7038      10148
       7039      10143
       7040      10524
       7041      10911
       7042      10910
       7043      11264
       7044      11579
       7045      11294
       7046      11304
       7047       9349
       7048      10141
       7049      10508
       7050      10905
       7051      11259
       7052      11303
       7053       9336
       7054       9634
       7055       9770
       7056      10501
       7057      10904
       7058      10903
       7059       9335
       7060       9918
       7061      10122
       7062      10588
       7063      10608
       7064      10972
       7065       9320
       7066       9628
       7067       9627
       7068       9953
       7069      10327
       7070      10326
       7071      10587
       7072      10253
       7073      10607
       7074      10599
       7075      10971
       7076       9319
       7077       9334
       7078       9919
       7079       9987
       7080      10228
       7081      10256
       7082      10619
       7083       9318
       7084      10227
       7085      10255
       7086       9297
       7087       9307
       7088       9306
       7089       9608
       7090       9607
       7091       9917
       7092       9916
       7093       9915
       7094       9927
       7095       9926
       7096      10254
       7097      10618
       7098      10617
       7099      10616
       7100      10613
       7101         22
       7102         21
       7103        164
       7104        163
       7105        162
       7106        161
       7107         18
       7108         17
       7109        160
       7110        159
       7111        158
       7112        157
       7113        156
       7114        155
       7115      11595
       7116       4266
       7117       4265
       7118       4264
       7119       4263
       7120       4262
       7121       4261
       7122       4344
       7123       4343
       7124       4342
       7125       4341
       7126       9234
       7127      11594
       7128       4336
       7129       4335
       7130       4334
       7131       4333
       7132       9226
       7133       4310
       7134       4309
       7135      10967
       7136       4308
       7137       4307
       7138       4306
       7139       4305
       7140       4332
       7141       4331
       7142       4330
       7143       4329
       7144       9102
       7145      11302
       7146         14
       7147         13
       7148         20
       7149         19
       7150       4324
       7151       4323
       7152       4322
       7153       4321
       7154       9097
       7155      10598
       7156       9085
       7157      10244
       7158      10586
       7159       9062
       7160      10243
       7161         16
       7162         15
       7163       9233
       7164       9490
       7165       9782
       7166       9802
       7167      10136
       7168      10514
       7169      10519
       7170      10895
       7171      11288
       7172      11287
       7173       9232
       7174       9489
       7175       9488
       7176       9792
       7177      10147
       7178      10146
       7179      10518
       7180      10517
       7181      10916
       7182      10915
       7183      11257
       7184      11286
       7185      11285
       7186      11593
       7187       9473
       7188       9793
       7189       9472
       7190       9791
       7191      10145
       7192      10523
       7193      10902
       7194      10901
       7195      11263
       7196      11262
       7197      11256
       7198      11293
       7199       9460
       7200       9787
       7201       9786
       7202      10140
       7203      10507
       7204      10505
       7205      10900
       7206      11258
       7207      11253
       7208      11252
       7209       4340
       7210       4339
       7211       4338
       7212       4337
       7213       9328
       7214       9633
       7215       9785
       7216       9784
       7217       9783
       7218      10139
       7219      10121
       7220      10504
       7221      10503
       7222      10899
       7223      10894
       7224      11250
       7225      10964
       7226      11301
       7227       9235
       7228       9330
       7229       9457
       7230      11289
       7231       9454
       7232       9769
       7233      10120
       7234      10118
       7235      10499
       7236      10888
       7237      10966
       7238       9202
       7239       9329
       7240       9629
       7241       9595
       7242       9594
       7243       9768
       7244       9986
       7245      10211
       7246      10210
       7247      10498
       7248      10496
       7249      10887
       7250      10597
       7251      10970
       7252       4298
       7253       4297
       7254       4296
       7255       4295
       7256         10
       7257          9
       7258       9227
       7259       9096
       7260       9333
       7261       9317
       7262       9626
       7263      11283
       7264       9985
       7265       9984
       7266      10113
       7267      10209
       7268      10233
       7269      10596
       7270      10595
       7271       9083
       7272       9095
       7273       9312
       7274       9597
       7275       9625
       7276       9664
       7277       9663
       7278       9983
       7279       9891
       7280      10208
       7281      10226
       7282      10252
       7283      10249
       7284      10612
       7285       4328
       7286       4327
       7287       4326
       7288       4325
       7289       9205
       7290       9084
       7291       9081
       7292       9305
       7293       9596
       7294       9606
       7295       9890
       7296       9889
       7297       9914
       7298      10965
       7299      10251
       7300      10250
       7301      10611
       7302       4320
       7303       4319
       7304       4318
       7305       4317
       7306       9069
       7307       9068
       7308       9304
       7309       9303
       7310       9593
       7311       9592
       7312       9591
       7313       9888
       7314       9605
       7315       9913
       7316       9911
       7317      10248
       7318      10247
       7319      10246
       7320      10245
       7321        144
       7322        143
       7323       9098
       7324      10962
       7325       4304
       7326       4303
       7327       4302
       7328       4301
       7329       4300
       7330       4299
       7331       9082
       7332      10242
       7333        152
       7334        151
       7335        150
       7336        149
       7337        148
       7338        147
       7339         12
       7340         11
       7341        146
       7342        145
       7343      10497
       7344       4260
       7345       4259
       7346       4256
       7347       4254
       7348       4252
       7349       4250
       7350        142
       7351        141
       7352       4206
       7353       4205
       7354       4202
       7355       4197
       7356       4194
       7357       4191
       7358          6
       7359          5
       7360      11281
       7361       9471
       7362       9790
       7363      10144
       7364      10516
       7365      10914
       7366      11255
       7367      11290
       7368       9467
       7369       9777
       7370      10138
       7371      10495
       7372      10898
       7373      10896
       7374      10963
       7375       9327
       7376       9456
       7377       9767
       7378      10117
       7379      10886
       7380      10959
       7381       9201
       7382       9316
       7383       9661
       7384       9860
       7385      10112
       7386      10473
       7387      10594
       7388       8922
       7389       9296
       7390       9574
       7391       9659
       7392       9912
       7393       9910
       7394      10241
       7395       4294
       7396       4293
       7397       4292
       7398       4291
       7399      10944
       7400       9225
       7401      11282
       7402       4282
       7403       4281
       7404       4280
       7405       4279
       7406       4286
       7407       4285
       7408       4284
       7409       4283
       7410       9223
       7411      10958
       7412       9093
       7413      10961
       7414       4274
       7415       4273
       7416       4272
       7417       4271
       7418       9003
       7419      10593
       7420       8918
       7421      10235
       7422       8917
       7423      10234
       7424       4258
       7425       4257
       7426       4255
       7427       4253
       7428       4251
       7429       4249
       7430          8
       7431          7
       7432       9231
       7433       9230
       7434       9450
       7435       9781
       7436      10513
       7437      10557
       7438      10564
       7439      11280
       7440       9229
       7441       9470
       7442       9780
       7443       9779
       7444      10135
       7445      10512
       7446      10511
       7447      10942
       7448      10948
       7449      11279
       7450      11284
       7451       9224
       7452       9469
       7453       9468
       7454       9789
       7455       9222
       7456       9466
       7457       9776
       7458      10494
       7459      10515
       7460      10897
       7461      11254
       7462      10952
       7463       9326
       7464       9775
       7465       9774
       7466      10492
       7467      10493
       7468      10893
       7469      10957
       7470       9325
       7471       9459
       7472      10956
       7473       9200
       7474       9455
       7475       9315
       7476       9453
       7477      10116
       7478      10885
       7479      10884
       7480      10955
       7481      10960
       7482       9199
       7483       9314
       7484       9438
       7485       9859
       7486      10474
       7487      10592
       7488       9079
       7489       9313
       7490       9311
       7491       9347
       7492       9662
       7493       9660
       7494       9858
       7495       9857
       7496      10111
       7497      10472
       7498      10240
       7499       8914
       7500       9078
       7501       9094
       7502       9310
       7503       9348
       7504       9658
       7505       9657
       7506       9855
       7507      10082
       7508      10225
       7509      10239
       7510      10591
       7511       8916
       7512       9073
       7513       9072
       7514       9302
       7515       9656
       7516       9909
       7517       9905
       7518      10238
       7519      10237
       7520          4
       7521          3
       7522       8915
       7523       9067
       7524       9066
       7525       9295
       7526       9301
       7527       9573
       7528       9572
       7529       9590
       7530       9589
       7531       9908
       7532       9907
       7533       9903
       7534       9904
       7535       9902
       7536       9901
       7537      10491
       7538          2
       7539          1
       7540        140
       7541        139
       7542       9030
       7543      10943
       7544        138
       7545        137
       7546       4278
       7547       4277
       7548       4276
       7549       4275
       7550       4242
       7551       4241
       7552       4240
       7553       4239
       7554        136
       7555        135
       7556       9026
       7557      10951
       7558        134
       7559        133
       7560       9092
       7561        132
       7562        131
       7563      10585
       7564        130
       7565        129
       7566       9002
       7567      10584
       7568       4248
       7569       4247
       7570       4246
       7571       4245
       7572       4244
       7573       4243
       7574       8913
       7575      10224
       7576       4204
       7577       4203
       7578       4201
       7579       4196
       7580       4193
       7581       4190
       7582       4290
       7583       4289
       7584       4288
       7585       4287
       7586       4270
       7587       4269
       7588       4268
       7589       4267
       7590       9451
       7591      10185
       7592      10938
       7593       9452
       7594      10115
       7595      10883
       7596       9101
       7597       9538
       7598      10081
       7599       4238
       7600       4237
       7601       4236
       7602       4235
       7603      10489
       7604       4226
       7605       4225
       7606       4224
       7607       4223
       7608       4230
       7609       4229
       7610       4228
       7611       4227
       7612       9029
       7613      10941
       7614       9091
       7615      10580
       7616       4218
       7617       4217
       7618       4216
       7619       4215
       7620       4200
       7621       4199
       7622       9088
       7623       4198
       7624       4195
       7625       4192
       7626       4189
       7627      10583
       7628       9001
       7629      10223
       7630       8909
       7631       9896
       7632       8798
       7633       9895
       7634       9028
       7635       9220
       7636       9449
       7637       9761
       7638      10129
       7639      10556
       7640      10937
       7641      10940
       7642       9027
       7643       9221
       7644       9219
       7645       9465
       7646       9772
       7647       9778
       7648      10134
       7649      10133
       7650      10510
       7651      10555
       7652      10563
       7653      10562
       7654      10947
       7655      11278
       7656      10939
       7657       9217
       7658       9218
       7659       9464
       7660      10950
       7661       9216
       7662       9215
       7663       9463
       7664       9773
       7665      10137
       7666      10132
       7667      10131
       7668      10509
       7669      10890
       7670      10889
       7671      10946
       7672      10949
       7673       9090
       7674       9458
       7675       9766
       7676      10488
       7677      10579
       7678       9089
       7679       9324
       7680       9445
       7681       9444
       7682       9750
       7683      10119
       7684      10487
       7685      10892
       7686      10578
       7687      10954
       7688      10953
       7689       9087
       7690       9198
       7691       9196
       7692       9437
       7693       9751
       7694      10106
       7695      10486
       7696      10470
       7697      10582
       7698      10581
       7699       9077
       7700       9197
       7701       9195
       7702       9194
       7703       9346
       7704       9540
       7705       9735
       7706       9856
       7707      10114
       7708      10108
       7709      10471
       7710      10469
       7711      10590
       7712      10589
       7713       8912
       7714       9076
       7715       9080
       7716       9345
       7717       9539
       7718       9746
       7719      10083
       7720      10218
       7721       9075
       7722       9074
       7723       9071
       7724       9100
       7725       9344
       7726       9343
       7727       9411
       7728       9537
       7729       9535
       7730       9742
       7731       9887
       7732      10080
       7733       9900
       7734      10236
       7735       8908
       7736       8907
       7737       9070
       7738       9065
       7739       9283
       7740       9571
       7741       9588
       7742       9906
       7743       9886
       7744       9899
       7745      10222
       7746       8797
       7747       8899
       7748       9061
       7749       9064
       7750       9063
       7751       9282
       7752       9294
       7753       9341
       7754       9587
       7755       9586
       7756       9585
       7757       9581
       7758       9580
       7759       9898
       7760       9884
       7761       4146
       7762       4145
       7763       4142
       7764       4140
       7765       4134
       7766       4131
       7767       4144
       7768       4143
       7769       4141
       7770       4139
       7771       4133
       7772       4130
       7773       8884
       7774      10558
       7775       9021
       7776      10568
       7777       8921
       7778      10571
       7779       8919
       7780      10213
       7781       4182
       7782       4181
       7783       4180
       7784       4179
       7785       4188
       7786       4187
       7787       4186
       7788       4185
       7789       4184
       7790       4183
       7791       8906
       7792      10221
       7793       4222
       7794       4221
       7795       4220
       7796       4219
       7797       9025
       7798       9462
       7799       9771
       7800      10130
       7801      10477
       7802      10891
       7803      10945
       7804       9204
       7805       9446
       7806       9765
       7807      10110
       7808      10485
       7809      10490
       7810      10577
       7811       9086
       7812       9193
       7813       9749
       7814      10105
       7815      10484
       7816      10483
       7817      10576
       7818       4234
       7819       4233
       7820       4232
       7821       4231
       7822       8997
       7823       9161
       7824       9342
       7825       9536
       7826      10099
       7827      10079
       7828      10217
       7829       4214
       7830       4213
       7831       4210
       7832       4208
       7833       8905
       7834       8923
       7835       9281
       7836       9410
       7837       9584
       7838       9703
       7839       9897
       7840       4212
       7841       4211
       7842       4209
       7843       4207
       7844       4158
       7845       4157
       7846       4156
       7847       4155
       7848       4170
       7849       4169
       7850       4168
       7851       4167
       7852       4138
       7853       4137
       7854       4136
       7855       4135
       7856       4132
       7857       4129
       7858       8883
       7859       9024
       7860       9442
       7861      10128
       7862      10127
       7863       9020
       7864      10184
       7865      10553
       7866      10936
       7867      10554
       7868      10567
       7869       9023
       7870       9022
       7871       9214
       7872       9448
       7873       9760
       7874      10126
       7875      10183
       7876      10476
       7877      10552
       7878      10935
       7879      10934
       7880       9019
       7881       9213
       7882      10125
       7883      10561
       7884      10560
       7885      10933
       7886      10932
       7887       9018
       7888      10206
       7889       9017
       7890       9461
       7891       9764
       7892       9763
       7893      10124
       7894      10475
       7895      10565
       7896      10566
       7897       9016
       7898       9211
       7899       9436
       7900       9443
       7901       9762
       7902      10107
       7903      10123
       7904      10482
       7905      10481
       7906      10205
       7907      10575
       7908      10574
       7909       8920
       7910      10570
       7911       9011
       7912       9190
       7913       9203
       7914       9431
       7915      10104
       7916      10103
       7917      10480
       7918      10204
       7919      10573
       7920      10569
       7921       9000
       7922       9189
       7923       9422
       7924       9748
       7925      10102
       7926      10101
       7927      10479
       7928      10203
       7929      10207
       7930      10572
       7931       8911
       7932       9885
       7933       8904
       7934       8999
       7935       8998
       7936       9160
       7937       9421
       7938       9418
       7939       9745
       7940       9744
       7941      10098
       7942      10091
       7943      10216
       7944       9883
       7945       8910
       7946       8996
       7947       9157
       7948       9156
       7949       9397
       7950       9409
       7951       9743
       7952       9730
       7953       9738
       7954       9737
       7955      10078
       7956      10077
       7957      10215
       7958      10220
       7959       8903
       7960       8902
       7961       8964
       7962       9099
       7963       9120
       7964       9408
       7965       9414
       7966       9702
       7967       9894
       7968      10219
       7969       8793
       7970       9882
       7971       8901
       7972       8900
       7973       8898
       7974       9056
       7975       9280
       7976       9293
       7977       9583
       7978       9701
       7979       9893
       7980       9892
       7981       8792
       7982       8789
       7983       8897
       7984       9055
       7985       9054
       7986       9053
       7987       9279
       7988       9278
       7989       9292
       7990       9291
       7991       9582
       7992       9360
       7993       9579
       7994       9881
       7995       9575
       7996       4076
       7997       4075
       7998       4074
       7999       4073
       8000       4072
       8001       4066
       8002       8882
       8003       4056
       8004       4118
       8005       4178
       8006       4177
       8007       4174
       8008       4172
       8009      10544
       8010       4055
       8011       4117
       8012       4176
       8013       4175
       8014       4173
       8015       4171
       8016       8878
       8017      10539
       8018       4053
       8019       4112
       8020       4122
       8021       4121
       8022       4120
       8023       4119
       8024       4039
       8025       4105
       8026       4166
       8027       4165
       8028       4162
       8029       4160
       8030       8876
       8031       4025
       8032       4104
       8033       4164
       8034       4163
       8035       4161
       8036       4159
       8037      10198
       8038       8852
       8039       4023
       8040       4095
       8041      10212
       8042       4154
       8043       4153
       8044       4152
       8045       4148
       8046       4064
       8047       4087
       8048       4151
       8049       4150
       8050       4149
       8051       4147
       8052       4128
       8053       4127
       8054       4126
       8055       4125
       8056       4124
       8057       4123
       8058       8796
       8059       9880
       8060       4071
       8061       4070
       8062       4069
       8063       4068
       8064       4067
       8065       4065
       8066       8881
       8067       9015
       8068       9188
       8069       9187
       8070       9192
       8071       9447
       8072       9759
       8073       9826
       8074      10182
       8075      10550
       8076      10551
       8077      10543
       8078       8880
       8079       8990
       8080       9186
       8081       9209
       8082       9435
       8083       9441
       8084       9758
       8085       9825
       8086       9824
       8087      10085
       8088      10190
       8089      10549
       8090      10548
       8091      10559
       8092      10542
       8093       8879
       8094       9014
       8095       9212
       8096       9434
       8097      10084
       8098      10547
       8099      10546
       8100      10545
       8101      10538
       8102       9013
       8103       9012
       8104       9210
       8105       9208
       8106       9433
       8107       9440
       8108       9757
       8109       9756
       8110       9755
       8111      10100
       8112      10176
       8113      10191
       8114      10541
       8115      10540
       8116       9010
       8117       9207
       8118       9206
       8119       9432
       8120       9741
       8121      10096
       8122      10109
       8123      10201
       8124      10200
       8125      10197
       8126       8867
       8127       9009
       8128       9177
       8129       9176
       8130       9430
       8131       9429
       8132       9747
       8133       9753
       8134       9752
       8135      10097
       8136      10478
       8137      10094
       8138       9854
       8139      10199
       8140      10196
       8141       8866
       8142       8993
       8143       9159
       8144       9169
       8145       9420
       8146       9733
       8147       9734
       8148       9732
       8149      10090
       8150      10092
       8151       9875
       8152      10202
       8153      10195
       8154       8851
       8155       8992
       8156       8968
       8157       9158
       8158       9155
       8159       9419
       8160       9413
       8161       9412
       8162       9731
       8163      10089
       8164       9729
       8165       9874
       8166       9873
       8167      10214
       8168      10194
       8169       8850
       8170       8849
       8171       8963
       8172       9154
       8173       9153
       8174       9151
       8175       9407
       8176       9713
       8177       9728
       8178       9872
       8179       9871
       8180       9879
       8181       8794
       8182       8848
       8183       8961
       8184       8960
       8185       9051
       8186       9135
       8187       9406
       8188       9405
       8189       9373
       8190       9398
       8191       9393
       8192       9700
       8193       9577
       8194       9878
       8195       9877
       8196       8791
       8197       8817
       8198       8894
       8199       8893
       8200       9052
       8201       9050
       8202       9136
       8203       9137
       8204       9290
       8205       9289
       8206       9361
       8207       9578
       8208       9576
       8209       9876
       8210       8731
       8211       8788
       8212       8892
       8213       8891
       8214       8890
       8215       9049
       8216       9048
       8217       9060
       8218       9288
       8219       9287
       8220       9286
       8221       9359
       8222       9567
       8223       9566
       8224       9569
       8225       8877
       8226      10192
       8227       8790
       8228       9570
       8229       8875
       8230       8795
       8231      10167
       8232       9862
       8233       8799
       8234      10193
       8235       8730
       8236       9568
       8237       8871
       8238       9175
       8239       9439
       8240       9754
       8241       9706
       8242      10181
       8243      10189
       8244       9008
       8245       9007
       8246       9428
       8247       9736
       8248      10095
       8249      10093
       8250      10169
       8251       8861
       8252       8975
       8253       9395
       8254       9424
       8255       9727
       8256      10088
       8257       9853
       8258       8842
       8259       8962
       8260       9150
       8261       9404
       8262       9712
       8263       9699
       8264       9870
       8265       3990
       8266       3989
       8267       3986
       8268       3984
       8269       3982
       8270       3980
       8271       8756
       8272       8816
       8273       8937
       8274       9134
       8275       9124
       8276       9392
       8277       9564
       8278       4024
       8279       4103
       8280       4038
       8281       4102
       8282       4101
       8283       4100
       8284       4097
       8285       4090
       8286       4099
       8287       4098
       8288       4096
       8289       4089
       8290       4022
       8291       4094
       8292       4093
       8293       4092
       8294       4091
       8295       4088
       8296       4054
       8297       4116
       8298       4115
       8299       4114
       8300       4113
       8301       4107
       8302       4009
       8303       4086
       8304       4085
       8305       4084
       8306       4083
       8307       4082
       8308       4063
       8309       4081
       8310       4080
       8311       4079
       8312       4078
       8313       4077
       8314       8780
       8315      10173
       8316       4062
       8317       4061
       8318       4060
       8319       4059
       8320       4058
       8321       4057
       8322       3988
       8323       3987
       8324       3985
       8325       3983
       8326       3981
       8327       3979
       8328       8758
       8329       9565
       8330       4052
       8331       4111
       8332       4110
       8333       4109
       8334       4108
       8335       4106
       8336       8865
       8337       9847
       8338       8771
       8339       9861
       8340       8869
       8341      10166
       8342       8874
       8343       8873
       8344       8989
       8345       8991
       8346       9191
       8347       9238
       8348       9509
       8349       9510
       8350       9843
       8351      10180
       8352      10188
       8353      10172
       8354       8872
       8355       8988
       8356       8987
       8357       9184
       8358       9427
       8359       9508
       8360       9507
       8361       9705
       8362       9842
       8363      10179
       8364      10187
       8365      10171
       8366       8870
       8367       9006
       8368       9174
       8369       9183
       8370       9506
       8371       9704
       8372       9841
       8373      10175
       8374      10178
       8375      10177
       8376      10186
       8377      10170
       8378       8868
       8379       9173
       8380       9182
       8381       9426
       8382       9723
       8383       9722
       8384       9821
       8385      10174
       8386      10168
       8387       8864
       8388       9004
       8389       9005
       8390       9171
       8391       9172
       8392       9721
       8393      10087
       8394       9851
       8395       9850
       8396       9846
       8397       8863
       8398       8862
       8399       8974
       8400       9170
       8401       9720
       8402      10086
       8403       9849
       8404       9852
       8405       9848
       8406       8843
       8407       8860
       8408       8973
       8409       8971
       8410       9168
       8411       9417
       8412       9396
       8413       9423
       8414       9726
       8415       9725
       8416       9717
       8417       9869
       8418       9868
       8419       8841
       8420       8840
       8421       8967
       8422       8966
       8423       9152
       8424       9149
       8425       9372
       8426       9711
       8427       9714
       8428       9716
       8429       9715
       8430       9867
       8431       9866
       8432       9865
       8433       8757
       8434       8839
       8435       8959
       8436       8958
       8437       8957
       8438       9148
       8439       9147
       8440       9394
       8441       9558
       8442       9864
       8443       9863
       8444       8755
       8445       8815
       8446       8956
       8447       8955
       8448       8954
       8449       9133
       8450       9132
       8451       9131
       8452       9123
       8453       9563
       8454       9562
       8455       9561
       8456       8741
       8457       8814
       8458       8813
       8459       8889
       8460       8888
       8461       8942
       8462       8941
       8463       9130
       8464       9059
       8465       9122
       8466       9358
       8467       9285
       8468       9560
       8469       9559
       8470       8728
       8471       8740
       8472       8787
       8473       8786
       8474       8887
       8475       8940
       8476       8939
       8477       8938
       8478       9058
       8479       9057
       8480       9117
       8481       9274
       8482       9273
       8483       9284
       8484       9276
       8485       8774
       8486       9814
       8487       8779
       8488       9844
       8489       8752
       8490       9546
       8491       8778
       8492       9811
       8493       8729
       8494       9277
       8495       8770
       8496       9845
       8497       4037
       8498       4036
       8499       4035
       8500       4031
       8501       4029
       8502       4027
       8503       4021
       8504       4020
       8505       4019
       8506       4015
       8507       4013
       8508       4011
       8509       8713
       8510       9275
       8511       4051
       8512       4050
       8513       4049
       8514       4045
       8515       4043
       8516       4041
       8517       8721
       8518       9543
       8519       4018
       8520       4017
       8521       4016
       8522       4014
       8523       4012
       8524       4010
       8525       4002
       8526       4001
       8527       4000
       8528       3999
       8529       3998
       8530       3997
       8531       3912
       8532       3911
       8533       3996
       8534       3995
       8535       3910
       8536       3909
       8537       3908
       8538       3907
       8539       3994
       8540       3993
       8541       3992
       8542       3991
       8543       3978
       8544       3977
       8545       3976
       8546       3975
       8547       3974
       8548       3973
       8549       4048
       8550       4047
       8551       4046
       8552       4044
       8553       4042
       8554       4040
       8555       4008
       8556       4007
       8557       4006
       8558       4005
       8559       4004
       8560       4003
       8561       8777
       8562       9813
       8563       4034
       8564       4033
       8565       4032
       8566       4030
       8567       4028
       8568       4026
       8569       8776
       8570       8838
       8571       8847
       8572       8995
       8573       8981
       8574       9167
       8575       9032
       8576       9365
       8577       9364
       8578       9531
       8579       9840
       8580       9838
       8581       9837
       8582       9833
       8583       8775
       8584       8859
       8585       8846
       8586       8994
       8587       9181
       8588       9166
       8589       9239
       8590       9363
       8591       9362
       8592       9530
       8593       9839
       8594       9836
       8595       9835
       8596       9834
       8597       9832
       8598       8829
       8599       8858
       8600       8985
       8601       8986
       8602       9180
       8603       9179
       8604       9425
       8605       9386
       8606       9385
       8607       9529
       8608       8769
       8609       9820
       8610       9823
       8611       9831
       8612       9830
       8613       9829
       8614       9534
       8615       8828
       8616       8972
       8617       8984
       8618       8983
       8619       9178
       8620       9185
       8621       9384
       8622       9383
       8623       9503
       8624       9528
       8625       9819
       8626       9822
       8627       9818
       8628       9828
       8629       9827
       8630       8754
       8631       8854
       8632       8857
       8633       8856
       8634       8982
       8635       9128
       8636       9403
       8637       9402
       8638       9382
       8639       9719
       8640       9740
       8641       9739
       8642       9817
       8643       9816
       8644       9815
       8645       9555
       8646       9533
       8647       8853
       8648       8855
       8649       8970
       8650       8969
       8651       9143
       8652       9416
       8653       9415
       8654       9381
       8655       9718
       8656       9724
       8657       9709
       8658       9710
       8659       9708
       8660       9554
       8661       9553
       8662       8773
       8663       8761
       8664       8831
       8665       8830
       8666       8946
       8667       8965
       8668       9146
       8669       9380
       8670       9812
       8671       9379
       8672       9389
       8673       9707
       8674       9376
       8675       9557
       8676       9556
       8677       9552
       8678       8753
       8679       8822
       8680       8821
       8681       8820
       8682       8953
       8683       9145
       8684       9144
       8685       9371
       8686       9377
       8687       9374
       8688       9375
       8689       9551
       8690       9550
       8691       9545
       8692       8747
       8693       8819
       8694       8818
       8695       8952
       8696       8951
       8697       9107
       8698       9129
       8699       9391
       8700       9390
       8701       9549
       8702       9548
       8703       9547
       8704       9542
       8705       8735
       8706       8810
       8707       8812
       8708       8811
       8709       8950
       8710       8949
       8711       8936
       8712       9119
       8713       9118
       8714       9121
       8715       9252
       8716       9272
       8717       9544
       8718       9541
       8719       8734
       8720       8739
       8721       8785
       8722       8784
       8723       8809
       8724       8805
       8725       8935
       8726       8934
       8727       8933
       8728       9035
       8729       9116
       8730       9271
       8731       9270
       8732       9269
       8733       9267
       8734       8772
       8735       9810
       8736       8738
       8737       8725
       8738       8783
       8739       8782
       8740       8781
       8741       8802
       8742       8932
       8743       8931
       8744       8896
       8745       8895
       8746       8926
       8747       9103
       8748       9046
       8749       9268
       8750       9266
       8751       8720
       8752       9262
       8753       3948
       8754       3947
       8755       3946
       8756       3945
       8757       3940
       8758       3938
       8759       8712
       8760       9047
       8761       8716
       8762       9245
       8763       8760
       8764       9532
       8765       8711
       8766       3960
       8767       3959
       8768       3958
       8769       3957
       8770       3952
       8771       3950
       8772       3972
       8773       3971
       8774       3970
       8775       3969
       8776       3964
       8777       3962
       8778       3944
       8779       3943
       8780       3942
       8781       3941
       8782       3939
       8783       3937
       8784       3936
       8785       3935
       8786       3932
       8787       3930
       8788       3928
       8789       3926
       8790       3924
       8791       3923
       8792       3922
       8793       3921
       8794       3920
       8795       3919
       8796       3918
       8797       3917
       8798       3916
       8799       3915
       8800       3914
       8801       3913
       8802       3906
       8803       3905
       8804       3904
       8805       3903
       8806       3902
       8807       3901
       8808       3840
       8809       3839
       8810       3838
       8811       3837
       8812       3836
       8813       3835
       8814       3968
       8815       3967
       8816       3966
       8817       3965
       8818       3963
       8819       3961
       8820       8723
       8821       8768
       8822       3934
       8823       3933
       8824       3931
       8825       3929
       8826       3927
       8827       3925
       8828       9497
       8829       8980
       8830       9031
       8831       8845
       8832       9105
       8833       9104
       8834       9242
       8835       9527
       8836       9526
       8837       9523
       8838       9522
       8839       8767
       8840       8766
       8841       9518
       8842       8836
       8843       8749
       8844       9496
       8845       9519
       8846       8844
       8847       8979
       8848       8978
       8849       9165
       8850       9164
       8851       9241
       8852       9525
       8853       9520
       8854       9524
       8855       9521
       8856       8827
       8857       9517
       8858       8748
       8859       8835
       8860       9495
       8861       8837
       8862       8977
       8863       9514
       8864       9163
       8865       9162
       8866       9237
       8867       9240
       8868       9502
       8869       9516
       8870       9515
       8871       8826
       8872       9511
       8873       3956
       8874       3955
       8875       3954
       8876       3953
       8877       3951
       8878       3949
       8879       8762
       8880       8834
       8881       8976
       8882       9127
       8883       9126
       8884       9125
       8885       9401
       8886       9501
       8887       9505
       8888       8833
       8889       9504
       8890       9513
       8891       9494
       8892       9512
       8893       8765
       8894       9493
       8895       8825
       8896       8832
       8897       8945
       8898       9142
       8899       9139
       8900       8764
       8901       9378
       8902       9400
       8903       9399
       8904       9500
       8905       9499
       8906       9498
       8907       8759
       8908       9256
       8909       9243
       8910       8763
       8911       8824
       8912       8823
       8913       8944
       8914       9261
       8915       9141
       8916       9140
       8917       9138
       8918       9388
       8919       9387
       8920       9370
       8921       9369
       8922       9368
       8923       9264
       8924       8722
       8925       9260
       8926       8751
       8927       8750
       8928       8803
       8929       8943
       8930       9109
       8931       9108
       8932       9110
       8933       9115
       8934       9259
       8935       9367
       8936       9366
       8937       9265
       8938       9263
       8939       8719
       8940       9258
       8941       8808
       8942       8948
       8943       8746
       8944       8718
       8945       8947
       8946       9106
       8947       9114
       8948       8745
       8949       9113
       8950       9251
       8951       9255
       8952       9254
       8953       9253
       8954       9257
       8955       8717
       8956       9036
       8957       8744
       8958       8924
       8959       8930
       8960       8742
       8961       8929
       8962       9112
       8963       9249
       8964       9248
       8965       9111
       8966       9250
       8967       8743
       8968       8807
       8969       9244
       8970       8715
       8971       8928
       8972       9033
       8973       9247
       8974       8806
       8975       8804
       8976       8927
       8977       8737
       8978       9034
       8979       8736
       8980       9045
       8981       9246
       8982       9044
       8983       9043
       8984       8733
       8985       8714
       8986       9038
       8987       3888
       8988       3887
       8989       3884
       8990       3882
       8991       3880
       8992       3873
       8993       8710
       8994       9040
       8995       8886
       8996       8727
       8997       8732
       8998       8724
       8999       8726
       9000       8801
       9001       9042
       9002       8885
       9003       8925
       9004       8800
       9005       9041
       9006       8709
       9007       9039
       9008       9037
       9009       3900
       9010       3899
       9011       3898
       9012       3897
       9013       3896
       9014       3890
       9015       3852
       9016       3851
       9017       3850
       9018       3849
       9019       3848
       9020       3847
       9021       3864
       9022       3863
       9023       3862
       9024       3858
       9025       3856
       9026       3854
       9027       3886
       9028       3885
       9029       3883
       9030       3881
       9031       3879
       9032       3872
       9033       3870
       9034       3869
       9035       3868
       9036       3867
       9037       3866
       9038       3865
       9039       3846
       9040       3845
       9041       3844
       9042       3843
       9043       3842
       9044       3841
       9045       3834
       9046       3833
       9047       3832
       9048       3831
       9049       3830
       9050       3829
       9051       3895
       9052       3894
       9053       3893
       9054       3892
       9055       3891
       9056       3889
       9057       3878
       9058       3877
       9059       3876
       9060       3875
       9061       3874
       9062       3871
       9063       3816
       9064       3815
       9065       3814
       9066       3810
       9067       3808
       9068       3806
       9069       3861
       9070       3860
       9071       3859
       9072       3857
       9073       3855
       9074       3853
       9075       3792
       9076       3791
       9077       3788
       9078       3786
       9079       3780
       9080       3777
       9081       3774
       9082       3773
       9083       3772
       9084       3771
       9085       3770
       9086       3769
       9087       3768
       9088       3767
       9089       3766
       9090       3765
       9091       3764
       9092       3763
       9093       3828
       9094       3827
       9095       3826
       9096       3825
       9097       3824
       9098       3823
       9099       3813
       9100       3812
       9101       3811
       9102       3809
       9103       3807
       9104       3805
       9105       3798
       9106       3797
       9107       3796
       9108       3795
       9109       3794
       9110       3793
       9111       3790
       9112       3789
       9113       3787
       9114       3785
       9115       3779
       9116       3776
       9117       3822
       9118       3821
       9119       3820
       9120       3819
       9121       3818
       9122       3817
       9123       3804
       9124       3803
       9125       3802
       9126       3801
       9127       3800
       9128       3799
       9129       3750
       9130       3749
       9131       3748
       9132       3747
       9133       3742
       9134       3740
       9135       3784
       9136       3783
       9137       3782
       9138       3781
       9139       3778
       9140       3775
       9141       3726
       9142       3725
       9143       3724
       9144       3720
       9145       3718
       9146       3711
       9147       3708
       9148       3707
       9149       3706
       9150       3705
       9151       3704
       9152       3703
       9153       3702
       9154       3701
       9155       3700
       9156       3699
       9157       3698
       9158       3697
       9159       3762
       9160       3761
       9161       3760
       9162       3759
       9163       3758
       9164       3757
       9165       3746
       9166       3745
       9167       3744
       9168       3743
       9169       3741
       9170       3739
       9171       3732
       9172       3731
       9173       3730
       9174       3729
       9175       3728
       9176       3727
       9177       3723
       9178       3722
       9179       3721
       9180       3719
       9181       3717
       9182       3710
       9183       3756
       9184       3755
       9185       3754
       9186       3753
       9187       3752
       9188       3751
       9189       3738
       9190       3737
       9191       3736
       9192       3735
       9193       3734
       9194       3733
       9195       3684
       9196       3683
       9197       3682
       9198       3681
       9199       3680
       9200       3674
       9201       3716
       9202       3715
       9203       3714
       9204       3713
       9205       3712
       9206       3709
       9207       3660
       9208       3659
       9209       3656
       9210       3654
       9211       3648
       9212       3645
       9213       3630
       9214       3629
       9215       3628
       9216       3627
       9217       3626
       9218       3625
       9219       3658
       9220       3657
       9221       3655
       9222       3653
       9223       3647
       9224       3644
       9225       3636
       9226       3635
       9227       3634
       9228       3633
       9229       3632
       9230       3631
       9231       3696
       9232       3695
       9233       3694
       9234       3693
       9235       3692
       9236       3691
       9237       3679
       9238       3678
       9239       3677
       9240       3676
       9241       3675
       9242       3673
       9243       3666
       9244       3665
       9245       3664
       9246       3663
       9247       3662
       9248       3661
       9249       3652
       9250       3651
       9251       3650
       9252       3649
       9253       3646
       9254       3643
       9255       3564
       9256       3563
       9257       3562
       9258       3561
       9259       3560
       9260       3559
       9261       3690
       9262       3689
       9263       3688
       9264       3687
       9265       3686
       9266       3685
       9267       3585
       9268       3584
       9269       3583
       9270       3581
       9271       3579
       9272       3572
       9273       3672
       9274       3671
       9275       3670
       9276       3669
       9277       3668
       9278       3667
       9279       3588
       9280       3587
       9281       3586
       9282       3582
       9283       3580
       9284       3573
       9285       3612
       9286       3611
       9287       3610
       9288       3609
       9289       3608
       9290       3607
       9291       3642
       9292       3641
       9293       3640
       9294       3639
       9295       3638
       9296       3637
       9297       3624
       9298       3623
       9299       3622
       9300       3621
       9301       3620
       9302       3619
       9303       3606
       9304       3605
       9305       3604
       9306       3603
       9307       3602
       9308       3601
       9309       3594
       9310       3593
       9311       3592
       9312       3591
       9313       3590
       9314       3589
       9315       3578
       9316       3577
       9317       3576
       9318       3575
       9319       3574
       9320       3571
       9321       3492
       9322       3491
       9323       3490
       9324       3489
       9325       3488
       9326       3487
       9327       3522
       9328       3521
       9329       3518
       9330       3516
       9331       3510
       9332       3507
       9333       3514
       9334       3513
       9335       3512
       9336       3511
       9337       3508
       9338       3505
       9339       3618
       9340       3617
       9341       3616
       9342       3615
       9343       3614
       9344       3613
       9345       3600
       9346       3599
       9347       3598
       9348       3597
       9349       3596
       9350       3595
       9351       3546
       9352       3545
       9353       3544
       9354       3543
       9355       3542
       9356       3541
       9357       3570
       9358       3569
       9359       3568
       9360       3567
       9361       3566
       9362       3565
       9363       3520
       9364       3519
       9365       3517
       9366       3515
       9367       3509
       9368       3506
       9369       3558
       9370       3557
       9371       3556
       9372       3555
       9373       3554
       9374       3553
       9375       3540
       9376       3539
       9377       3538
       9378       3537
       9379       3536
       9380       3535
       9381       3528
       9382       3527
       9383       3526
       9384       3525
       9385       3524
       9386       3523
       9387       3504
       9388       3503
       9389       3502
       9390       3501
       9391       3500
       9392       3499
       9393       3450
       9394       3449
       9395       3448
       9396       3444
       9397       3442
       9398       3430
       9399       3440
       9400       3439
       9401       3436
       9402       3434
       9403       3432
       9404       3428
       9405       3552
       9406       3551
       9407       3550
       9408       3549
       9409       3548
       9410       3547
       9411       3534
       9412       3533
       9413       3532
       9414       3531
       9415       3530
       9416       3529
       9417       3474
       9418       3473
       9419       3472
       9420       3471
       9421       3470
       9422       3469
       9423       3498
       9424       3497
       9425       3496
       9426       3495
       9427       3494
       9428       3493
       9429       3447
       9430       3446
       9431       3445
       9432       3443
       9433       3441
       9434       3429
       9435       3438
       9436       3437
       9437       3435
       9438       3433
       9439       3431
       9440       3427
       9441       3486
       9442       3485
       9443       3484
       9444       3483
       9445       3482
       9446       3481
       9447       3468
       9448       3467
       9449       3466
       9450       3465
       9451       3464
       9452       3463
       9453       3456
       9454       3455
       9455       3454
       9456       3453
       9457       3452
       9458       3451
       9459       3426
       9460       3425
       9461       3424
       9462       3423
       9463       3422
       9464       3421
       9465       3378
       9466       3377
       9467       3376
       9468       3375
       9469       3370
       9470       3368
       9471       3366
       9472       3365
       9473       3362
       9474       3360
       9475       3358
       9476       3356
       9477       3480
       9478       3479
       9479       3478
       9480       3477
       9481       3476
       9482       3475
       9483       3462
       9484       3461
       9485       3460
       9486       3459
       9487       3458
       9488       3457
       9489       3402
       9490       3401
       9491       3400
       9492       3399
       9493       3398
       9494       3397
       9495       3420
       9496       3419
       9497       3418
       9498       3417
       9499       3416
       9500       3415
       9501       3374
       9502       3373
       9503       3372
       9504       3371
       9505       3369
       9506       3367
       9507       3364
       9508       3363
       9509       3361
       9510       3359
       9511       3357
       9512       3355
       9513       3414
       9514       3413
       9515       3412
       9516       3411
       9517       3410
       9518       3409
       9519       3396
       9520       3395
       9521       3394
       9522       3393
       9523       3392
       9524       3391
       9525       3384
       9526       3383
       9527       3382
       9528       3381
       9529       3380
       9530       3379
       9531       3354
       9532       3353
       9533       3352
       9534       3351
       9535       3350
       9536       3349
       9537       3306
       9538       3305
       9539       3304
       9540       3303
       9541       3302
       9542       3296
       9543       3294
       9544       3293
       9545       3290
       9546       3288
       9547       3286
       9548       3284
       9549       3408
       9550       3407
       9551       3406
       9552       3405
       9553       3404
       9554       3403
       9555       3390
       9556       3389
       9557       3388
       9558       3387
       9559       3386
       9560       3385
       9561       3330
       9562       3329
       9563       3328
       9564       3327
       9565       3326
       9566       3325
       9567       3348
       9568       3347
       9569       3346
       9570       3345
       9571       3344
       9572       3343
       9573       3301
       9574       3300
       9575       3299
       9576       3298
       9577       3297
       9578       3295
       9579       3292
       9580       3291
       9581       3289
       9582       3287
       9583       3285
       9584       3283
       9585       3342
       9586       3341
       9587       3340
       9588       3339
       9589       3338
       9590       3337
       9591       3324
       9592       3323
       9593       3322
       9594       3321
       9595       3320
       9596       3319
       9597       3312
       9598       3311
       9599       3310
       9600       3309
       9601       3308
       9602       3307
       9603       3282
       9604       3281
       9605       3280
       9606       3279
       9607       3278
       9608       3277
       9609       3234
       9610       3233
       9611       3232
       9612       3231
       9613       3230
       9614       3229
       9615       3222
       9616       3221
       9617       3218
       9618       3216
       9619       3214
       9620       3212
       9621       3336
       9622       3335
       9623       3334
       9624       3333
       9625       3332
       9626       3331
       9627       3318
       9628       3317
       9629       3316
       9630       3315
       9631       3314
       9632       3313
       9633       3258
       9634       3257
       9635       3256
       9636       3255
       9637       3254
       9638       3253
       9639       3276
       9640       3275
       9641       3274
       9642       3273
       9643       3272
       9644       3271
       9645       3228
       9646       3227
       9647       3226
       9648       3225
       9649       3224
       9650       3223
       9651       3220
       9652       3219
       9653       3217
       9654       3215
       9655       3213
       9656       3211
       9657       3270
       9658       3269
       9659       3268
       9660       3267
       9661       3266
       9662       3265
       9663       3252
       9664       3251
       9665       3250
       9666       3249
       9667       3248
       9668       3247
       9669       3240
       9670       3239
       9671       3238
       9672       3237
       9673       3236
       9674       3235
       9675       3210
       9676       3209
       9677       3208
       9678       3207
       9679       3206
       9680       3205
       9681       3162
       9682       3161
       9683       3160
       9684       3159
       9685       3158
       9686       3157
       9687       3150
       9688       3149
       9689       3146
       9690       3144
       9691       3142
       9692       3140
       9693       3264
       9694       3263
       9695       3262
       9696       3261
       9697       3260
       9698       3259
       9699       3246
       9700       3245
       9701       3244
       9702       3243
       9703       3242
       9704       3241
       9705       3186
       9706       3185
       9707       3184
       9708       3183
       9709       3182
       9710       3181
       9711       3204
       9712       3203
       9713       3202
       9714       3201
       9715       3200
       9716       3199
       9717       3156
       9718       3155
       9719       3154
       9720       3153
       9721       3152
       9722       3151
       9723       3148
       9724       3147
       9725       3145
       9726       3143
       9727       3141
       9728       3139
       9729       3198
       9730       3197
       9731       3196
       9732       3195
       9733       3194
       9734       3193
       9735       3180
       9736       3179
       9737       3178
       9738       3177
       9739       3176
       9740       3175
       9741       3168
       9742       3167
       9743       3166
       9744       3165
       9745       3164
       9746       3163
       9747       3138
       9748       3137
       9749       3136
       9750       3135
       9751       3134
       9752       3133
       9753       3090
       9754       3089
       9755       3088
       9756       3087
       9757       3086
       9758       3085
       9759       3078
       9760       3077
       9761       3074
       9762       3072
       9763       3070
       9764       3068
       9765       3192
       9766       3191
       9767       3190
       9768       3189
       9769       3188
       9770       3187
       9771       3174
       9772       3173
       9773       3172
       9774       3171
       9775       3170
       9776       3169
       9777       3114
       9778       3113
       9779       3112
       9780       3111
       9781       3110
       9782       3109
       9783       3132
       9784       3131
       9785       3130
       9786       3129
       9787       3128
       9788       3127
       9789       3084
       9790       3083
       9791       3082
       9792       3081
       9793       3080
       9794       3079
       9795       3076
       9796       3075
       9797       3073
       9798       3071
       9799       3069
       9800       3067
       9801       3126
       9802       3125
       9803       3124
       9804       3123
       9805       3122
       9806       3121
       9807       3108
       9808       3107
       9809       3106
       9810       3105
       9811       3104
       9812       3103
       9813       3096
       9814       3095
       9815       3094
       9816       3093
       9817       3092
       9818       3091
       9819       3066
       9820       3065
       9821       3064
       9822       3063
       9823       3062
       9824       3061
       9825       3018
       9826       3017
       9827       3016
       9828       3015
       9829       3014
       9830       3013
       9831       3006
       9832       3005
       9833       3002
       9834       3000
       9835       2998
       9836       2996
       9837       3120
       9838       3119
       9839       3118
       9840       3117
       9841       3116
       9842       3115
       9843       3102
       9844       3101
       9845       3100
       9846       3099
       9847       3098
       9848       3097
       9849       3042
       9850       3041
       9851       3040
       9852       3039
       9853       3038
       9854       3037
       9855       3060
       9856       3059
       9857       3058
       9858       3057
       9859       3056
       9860       3055
       9861       3012
       9862       3011
       9863       3010
       9864       3009
       9865       3008
       9866       3007
       9867       3004
       9868       3003
       9869       3001
       9870       2999
       9871       2997
       9872       2995
       9873       3054
       9874       3053
       9875       3052
       9876       3051
       9877       3050
       9878       3049
       9879       3036
       9880       3035
       9881       3034
       9882       3033
       9883       3032
       9884       3031
       9885       3024
       9886       3023
       9887       3022
       9888       3021
       9889       3020
       9890       3019
       9891       2994
       9892       2993
       9893       2992
       9894       2991
       9895       2990
       9896       2989
       9897       2946
       9898       2945
       9899       2944
       9900       2943
       9901       2942
       9902       2941
       9903       2934
       9904       2933
       9905       2930
       9906       2928
       9907       2926
       9908       2924
       9909       3048
       9910       3047
       9911       3046
       9912       3045
       9913       3044
       9914       3043
       9915       3030
       9916       3029
       9917       3028
       9918       3027
       9919       3026
       9920       3025
       9921       2970
       9922       2969
       9923       2968
       9924       2967
       9925       2966
       9926       2965
       9927       2988
       9928       2987
       9929       2986
       9930       2985
       9931       2984
       9932       2983
       9933       2940
       9934       2939
       9935       2938
       9936       2937
       9937       2936
       9938       2935
       9939       2932
       9940       2931
       9941       2929
       9942       2927
       9943       2925
       9944       2923
       9945       2982
       9946       2981
       9947       2980
       9948       2979
       9949       2978
       9950       2977
       9951       2964
       9952       2963
       9953       2962
       9954       2961
       9955       2960
       9956       2959
       9957       2952
       9958       2951
       9959       2950
       9960       2949
       9961       2948
       9962       2947
       9963       2922
       9964       2921
       9965       2920
       9966       2919
       9967       2918
       9968       2917
       9969       2874
       9970       2873
       9971       2872
       9972       2871
       9973       2870
       9974       2869
       9975       2862
       9976       2861
       9977       2858
       9978       2856
       9979       2854
       9980       2852
       9981       2976
       9982       2975
       9983       2974
       9984       2973
       9985       2972
       9986       2971
       9987       2958
       9988       2957
       9989       2956
       9990       2955
       9991       2954
       9992       2953
       9993       2898
       9994       2897
       9995       2896
       9996       2895
       9997       2894
       9998       2893
       9999       2916
      10000       2915
      10001       2914
      10002       2913
      10003       2912
      10004       2911
      10005       2868
      10006       2867
      10007       2866
      10008       2865
      10009       2864
      10010       2863
      10011       2860
      10012       2859
      10013       2857
      10014       2855
      10015       2853
      10016       2851
      10017       2910
      10018       2909
      10019       2908
      10020       2907
      10021       2906
      10022       2905
      10023       2892
      10024       2891
      10025       2890
      10026       2889
      10027       2888
      10028       2887
      10029       2880
      10030       2879
      10031       2878
      10032       2877
      10033       2876
      10034       2875
      10035       2850
      10036       2849
      10037       2848
      10038       2847
      10039       2846
      10040       2845
      10041       2802
      10042       2801
      10043       2800
      10044       2799
      10045       2798
      10046       2797
      10047       2790
      10048       2789
      10049       2786
      10050       2784
      10051       2782
      10052       2780
      10053       2904
      10054       2903
      10055       2902
      10056       2901
      10057       2900
      10058       2899
      10059       2886
      10060       2885
      10061       2884
      10062       2883
      10063       2882
      10064       2881
      10065       2826
      10066       2825
      10067       2824
      10068       2823
      10069       2822
      10070       2821
      10071       2844
      10072       2843
      10073       2842
      10074       2841
      10075       2840
      10076       2839
      10077       2796
      10078       2795
      10079       2794
      10080       2793
      10081       2792
      10082       2791
      10083       2788
      10084       2787
      10085       2785
      10086       2783
      10087       2781
      10088       2779
      10089       2838
      10090       2837
      10091       2836
      10092       2835
      10093       2834
      10094       2833
      10095       2820
      10096       2819
      10097       2818
      10098       2817
      10099       2816
      10100       2815
      10101       2808
      10102       2807
      10103       2806
      10104       2805
      10105       2804
      10106       2803
      10107       2778
      10108       2777
      10109       2776
      10110       2775
      10111       2774
      10112       2773
      10113       2730
      10114       2729
      10115       2728
      10116       2727
      10117       2726
      10118       2725
      10119       2718
      10120       2717
      10121       2714
      10122       2712
      10123       2710
      10124       2708
      10125       2832
      10126       2831
      10127       2830
      10128       2829
      10129       2828
      10130       2827
      10131       2814
      10132       2813
      10133       2812
      10134       2811
      10135       2810
      10136       2809
      10137       2754
      10138       2753
      10139       2752
      10140       2751
      10141       2750
      10142       2749
      10143       2772
      10144       2771
      10145       2770
      10146       2769
      10147       2768
      10148       2767
      10149       2724
      10150       2723
      10151       2722
      10152       2721
      10153       2720
      10154       2719
      10155       2716
      10156       2715
      10157       2713
      10158       2711
      10159       2709
      10160       2707
      10161       2766
      10162       2765
      10163       2764
      10164       2763
      10165       2762
      10166       2761
      10167       2748
      10168       2747
      10169       2746
      10170       2745
      10171       2744
      10172       2743
      10173       2736
      10174       2735
      10175       2734
      10176       2733
      10177       2732
      10178       2731
      10179       2706
      10180       2705
      10181       2704
      10182       2703
      10183       2702
      10184       2701
      10185       2658
      10186       2657
      10187       2656
      10188       2655
      10189       2654
      10190       2653
      10191       2646
      10192       2645
      10193       2642
      10194       2640
      10195       2638
      10196       2636
      10197       2760
      10198       2759
      10199       2758
      10200       2757
      10201       2756
      10202       2755
      10203       2742
      10204       2741
      10205       2740
      10206       2739
      10207       2738
      10208       2737
      10209       2682
      10210       2681
      10211       2680
      10212       2679
      10213       2678
      10214       2677
      10215       2700
      10216       2699
      10217       2698
      10218       2697
      10219       2696
      10220       2695
      10221       2652
      10222       2651
      10223       2650
      10224       2649
      10225       2648
      10226       2647
      10227       2644
      10228       2643
      10229       2641
      10230       2639
      10231       2637
      10232       2635
      10233       2694
      10234       2693
      10235       2692
      10236       2691
      10237       2690
      10238       2689
      10239       2676
      10240       2675
      10241       2674
      10242       2673
      10243       2672
      10244       2671
      10245       2664
      10246       2663
      10247       2662
      10248       2661
      10249       2660
      10250       2659
      10251       2634
      10252       2633
      10253       2632
      10254       2631
      10255       2630
      10256       2629
      10257       2586
      10258       2585
      10259       2584
      10260       2583
      10261       2582
      10262       2581
      10263       2574
      10264       2573
      10265       2570
      10266       2568
      10267       2566
      10268       2564
      10269       2688
      10270       2687
      10271       2686
      10272       2685
      10273       2684
      10274       2683
      10275       2670
      10276       2669
      10277       2668
      10278       2667
      10279       2666
      10280       2665
      10281       2610
      10282       2609
      10283       2608
      10284       2607
      10285       2606
      10286       2605
      10287       2628
      10288       2627
      10289       2626
      10290       2625
      10291       2624
      10292       2623
      10293       2580
      10294       2579
      10295       2578
      10296       2577
      10297       2576
      10298       2575
      10299       2572
      10300       2571
      10301       2569
      10302       2567
      10303       2565
      10304       2563
      10305       2622
      10306       2621
      10307       2620
      10308       2619
      10309       2618
      10310       2617
      10311       2604
      10312       2603
      10313       2602
      10314       2601
      10315       2600
      10316       2599
      10317       2592
      10318       2591
      10319       2590
      10320       2589
      10321       2588
      10322       2587
      10323       2562
      10324       2561
      10325       2560
      10326       2559
      10327       2558
      10328       2557
      10329       2514
      10330       2513
      10331       2512
      10332       2511
      10333       2510
      10334       2509
      10335       2502
      10336       2501
      10337       2498
      10338       2496
      10339       2494
      10340       2492
      10341       2616
      10342       2615
      10343       2614
      10344       2613
      10345       2612
      10346       2611
      10347       2598
      10348       2597
      10349       2596
      10350       2595
      10351       2594
      10352       2593
      10353       2538
      10354       2537
      10355       2536
      10356       2535
      10357       2534
      10358       2533
      10359       2556
      10360       2555
      10361       2554
      10362       2553
      10363       2552
      10364       2551
      10365       2508
      10366       2507
      10367       2506
      10368       2505
      10369       2504
      10370       2503
      10371       2500
      10372       2499
      10373       2497
      10374       2495
      10375       2493
      10376       2491
      10377       2550
      10378       2549
      10379       2548
      10380       2547
      10381       2546
      10382       2545
      10383       2532
      10384       2531
      10385       2530
      10386       2529
      10387       2528
      10388       2527
      10389       2520
      10390       2519
      10391       2518
      10392       2517
      10393       2516
      10394       2515
      10395       2490
      10396       2489
      10397       2488
      10398       2487
      10399       2486
      10400       2485
      10401       2442
      10402       2441
      10403       2440
      10404       2439
      10405       2438
      10406       2437
      10407       2430
      10408       2429
      10409       2426
      10410       2424
      10411       2422
      10412       2420
      10413       2544
      10414       2543
      10415       2542
      10416       2541
      10417       2540
      10418       2539
      10419       2526
      10420       2525
      10421       2524
      10422       2523
      10423       2522
      10424       2521
      10425       2466
      10426       2465
      10427       2464
      10428       2463
      10429       2462
      10430       2461
      10431       2484
      10432       2483
      10433       2482
      10434       2481
      10435       2480
      10436       2479
      10437       2436
      10438       2435
      10439       2434
      10440       2433
      10441       2432
      10442       2431
      10443       2428
      10444       2427
      10445       2425
      10446       2423
      10447       2421
      10448       2419
      10449       2478
      10450       2477
      10451       2476
      10452       2475
      10453       2474
      10454       2473
      10455       2460
      10456       2459
      10457       2458
      10458       2457
      10459       2456
      10460       2455
      10461       2448
      10462       2447
      10463       2446
      10464       2445
      10465       2444
      10466       2443
      10467       2418
      10468       2417
      10469       2416
      10470       2415
      10471       2414
      10472       2413
      10473       2370
      10474       2369
      10475       2368
      10476       2367
      10477       2366
      10478       2365
      10479       2358
      10480       2357
      10481       2354
      10482       2352
      10483       2350
      10484       2348
      10485       2472
      10486       2471
      10487       2470
      10488       2469
      10489       2468
      10490       2467
      10491       2454
      10492       2453
      10493       2452
      10494       2451
      10495       2450
      10496       2449
      10497       2394
      10498       2393
      10499       2392
      10500       2391
      10501       2390
      10502       2389
      10503       2412
      10504       2411
      10505       2410
      10506       2409
      10507       2408
      10508       2407
      10509       2364
      10510       2363
      10511       2362
      10512       2361
      10513       2360
      10514       2359
      10515       2356
      10516       2355
      10517       2353
      10518       2351
      10519       2349
      10520       2347
      10521       2406
      10522       2405
      10523       2404
      10524       2403
      10525       2402
      10526       2401
      10527       2388
      10528       2387
      10529       2386
      10530       2385
      10531       2384
      10532       2383
      10533       2376
      10534       2375
      10535       2374
      10536       2373
      10537       2372
      10538       2371
      10539       2346
      10540       2345
      10541       2344
      10542       2343
      10543       2342
      10544       2341
      10545       2298
      10546       2297
      10547       2296
      10548       2295
      10549       2294
      10550       2293
      10551       2286
      10552       2285
      10553       2282
      10554       2280
      10555       2278
      10556       2276
      10557       2400
      10558       2399
      10559       2398
      10560       2397
      10561       2396
      10562       2395
      10563       2382
      10564       2381
      10565       2380
      10566       2379
      10567       2378
      10568       2377
      10569       2322
      10570       2321
      10571       2320
      10572       2319
      10573       2318
      10574       2317
      10575       2340
      10576       2339
      10577       2338
      10578       2337
      10579       2336
      10580       2335
      10581       2292
      10582       2291
      10583       2290
      10584       2289
      10585       2288
      10586       2287
      10587       2284
      10588       2283
      10589       2281
      10590       2279
      10591       2277
      10592       2275
      10593       2334
      10594       2333
      10595       2332
      10596       2331
      10597       2330
      10598       2329
      10599       2316
      10600       2315
      10601       2314
      10602       2313
      10603       2312
      10604       2311
      10605       2304
      10606       2303
      10607       2302
      10608       2301
      10609       2300
      10610       2299
      10611       2274
      10612       2273
      10613       2272
      10614       2271
      10615       2270
      10616       2269
      10617       2226
      10618       2225
      10619       2224
      10620       2223
      10621       2222
      10622       2221
      10623       2214
      10624       2213
      10625       2210
      10626       2208
      10627       2206
      10628       2204
      10629       2328
      10630       2327
      10631       2326
      10632       2325
      10633       2324
      10634       2323
      10635       2310
      10636       2309
      10637       2308
      10638       2307
      10639       2306
      10640       2305
      10641       2250
      10642       2249
      10643       2248
      10644       2247
      10645       2246
      10646       2245
      10647       2268
      10648       2267
      10649       2266
      10650       2265
      10651       2264
      10652       2263
      10653       2220
      10654       2219
      10655       2218
      10656       2217
      10657       2216
      10658       2215
      10659       2212
      10660       2211
      10661       2209
      10662       2207
      10663       2205
      10664       2203
      10665       2262
      10666       2261
      10667       2260
      10668       2259
      10669       2258
      10670       2257
      10671       2244
      10672       2243
      10673       2242
      10674       2241
      10675       2240
      10676       2239
      10677       2232
      10678       2231
      10679       2230
      10680       2229
      10681       2228
      10682       2227
      10683       2202
      10684       2201
      10685       2200
      10686       2199
      10687       2198
      10688       2197
      10689       2154
      10690       2153
      10691       2152
      10692       2151
      10693       2150
      10694       2149
      10695       2142
      10696       2141
      10697       2138
      10698       2136
      10699       2134
      10700       2132
      10701       2256
      10702       2255
      10703       2254
      10704       2253
      10705       2252
      10706       2251
      10707       2238
      10708       2237
      10709       2236
      10710       2235
      10711       2234
      10712       2233
      10713       2178
      10714       2177
      10715       2176
      10716       2175
      10717       2174
      10718       2173
      10719       2196
      10720       2195
      10721       2194
      10722       2193
      10723       2192
      10724       2191
      10725       2148
      10726       2147
      10727       2146
      10728       2145
      10729       2144
      10730       2143
      10731       2140
      10732       2139
      10733       2137
      10734       2135
      10735       2133
      10736       2131
      10737       2190
      10738       2189
      10739       2188
      10740       2187
      10741       2186
      10742       2185
      10743       2172
      10744       2171
      10745       2170
      10746       2169
      10747       2168
      10748       2167
      10749       2160
      10750       2159
      10751       2158
      10752       2157
      10753       2156
      10754       2155
      10755       2130
      10756       2129
      10757       2128
      10758       2127
      10759       2126
      10760       2125
      10761       2082
      10762       2081
      10763       2080
      10764       2079
      10765       2078
      10766       2077
      10767       2070
      10768       2069
      10769       2066
      10770       2064
      10771       2062
      10772       2060
      10773       2184
      10774       2183
      10775       2182
      10776       2181
      10777       2180
      10778       2179
      10779       2166
      10780       2165
      10781       2164
      10782       2163
      10783       2162
      10784       2161
      10785       2106
      10786       2105
      10787       2104
      10788       2103
      10789       2102
      10790       2101
      10791       2124
      10792       2123
      10793       2122
      10794       2121
      10795       2120
      10796       2119
      10797       2076
      10798       2075
      10799       2074
      10800       2073
      10801       2072
      10802       2071
      10803       2068
      10804       2067
      10805       2065
      10806       2063
      10807       2061
      10808       2059
      10809       2118
      10810       2117
      10811       2116
      10812       2115
      10813       2114
      10814       2113
      10815       2100
      10816       2099
      10817       2098
      10818       2097
      10819       2096
      10820       2095
      10821       2088
      10822       2087
      10823       2086
      10824       2085
      10825       2084
      10826       2083
      10827       2058
      10828       2057
      10829       2056
      10830       2055
      10831       2054
      10832       2053
      10833       2010
      10834       2009
      10835       2008
      10836       2007
      10837       2006
      10838       2005
      10839       1998
      10840       1997
      10841       1994
      10842       1992
      10843       1990
      10844       1988
      10845       2112
      10846       2111
      10847       2110
      10848       2109
      10849       2108
      10850       2107
      10851       2094
      10852       2093
      10853       2092
      10854       2091
      10855       2090
      10856       2089
      10857       2034
      10858       2033
      10859       2032
      10860       2031
      10861       2030
      10862       2029
      10863       2052
      10864       2051
      10865       2050
      10866       2049
      10867       2048
      10868       2047
      10869       2004
      10870       2003
      10871       2002
      10872       2001
      10873       2000
      10874       1999
      10875       1996
      10876       1995
      10877       1993
      10878       1991
      10879       1989
      10880       1987
      10881       2046
      10882       2045
      10883       2044
      10884       2043
      10885       2042
      10886       2041
      10887       2028
      10888       2027
      10889       2026
      10890       2025
      10891       2024
      10892       2023
      10893       2016
      10894       2015
      10895       2014
      10896       2013
      10897       2012
      10898       2011
      10899       1986
      10900       1985
      10901       1984
      10902       1983
      10903       1982
      10904       1981
      10905       1938
      10906       1937
      10907       1936
      10908       1935
      10909       1934
      10910       1933
      10911       1926
      10912       1925
      10913       1922
      10914       1920
      10915       1918
      10916       1916
      10917       2040
      10918       2039
      10919       2038
      10920       2037
      10921       2036
      10922       2035
      10923       2022
      10924       2021
      10925       2020
      10926       2019
      10927       2018
      10928       2017
      10929       1962
      10930       1961
      10931       1960
      10932       1959
      10933       1958
      10934       1957
      10935       1980
      10936       1979
      10937       1978
      10938       1977
      10939       1976
      10940       1975
      10941       1932
      10942       1931
      10943       1930
      10944       1929
      10945       1928
      10946       1927
      10947       1924
      10948       1923
      10949       1921
      10950       1919
      10951       1917
      10952       1915
      10953       1974
      10954       1973
      10955       1972
      10956       1971
      10957       1970
      10958       1969
      10959       1956
      10960       1955
      10961       1954
      10962       1953
      10963       1952
      10964       1951
      10965       1944
      10966       1943
      10967       1942
      10968       1941
      10969       1940
      10970       1939
      10971       1914
      10972       1913
      10973       1912
      10974       1911
      10975       1910
      10976       1909
      10977       1866
      10978       1865
      10979       1864
      10980       1863
      10981       1862
      10982       1861
      10983       1854
      10984       1853
      10985       1850
      10986       1848
      10987       1846
      10988       1844
      10989       1968
      10990       1967
      10991       1966
      10992       1965
      10993       1964
      10994       1963
      10995       1950
      10996       1949
      10997       1948
      10998       1947
      10999       1946
      11000       1945
      11001       1890
      11002       1889
      11003       1888
      11004       1887
      11005       1886
      11006       1885
      11007       1908
      11008       1907
      11009       1906
      11010       1905
      11011       1904
      11012       1903
      11013       1860
      11014       1859
      11015       1858
      11016       1857
      11017       1856
      11018       1855
      11019       1852
      11020       1851
      11021       1849
      11022       1847
      11023       1845
      11024       1843
      11025       1902
      11026       1901
      11027       1900
      11028       1899
      11029       1898
      11030       1897
      11031       1884
      11032       1883
      11033       1882
      11034       1881
      11035       1880
      11036       1879
      11037       1872
      11038       1871
      11039       1870
      11040       1869
      11041       1868
      11042       1867
      11043       1842
      11044       1841
      11045       1840
      11046       1839
      11047       1838
      11048       1837
      11049       1794
      11050       1793
      11051       1792
      11052       1791
      11053       1790
      11054       1789
      11055       1782
      11056       1781
      11057       1778
      11058       1776
      11059       1774
      11060       1772
      11061       1896
      11062       1895
      11063       1894
      11064       1893
      11065       1892
      11066       1891
      11067       1878
      11068       1877
      11069       1876
      11070       1875
      11071       1874
      11072       1873
      11073       1818
      11074       1817
      11075       1816
      11076       1815
      11077       1814
      11078       1813
      11079       1836
      11080       1835
      11081       1834
      11082       1833
      11083       1832
      11084       1831
      11085       1788
      11086       1787
      11087       1786
      11088       1785
      11089       1784
      11090       1783
      11091       1780
      11092       1779
      11093       1777
      11094       1775
      11095       1773
      11096       1771
      11097       1830
      11098       1829
      11099       1828
      11100       1827
      11101       1826
      11102       1825
      11103       1812
      11104       1811
      11105       1810
      11106       1809
      11107       1808
      11108       1807
      11109       1800
      11110       1799
      11111       1798
      11112       1797
      11113       1796
      11114       1795
      11115       1770
      11116       1769
      11117       1768
      11118       1767
      11119       1766
      11120       1765
      11121       1722
      11122       1721
      11123       1720
      11124       1719
      11125       1718
      11126       1717
      11127       1710
      11128       1709
      11129       1706
      11130       1704
      11131       1702
      11132       1700
      11133       1824
      11134       1823
      11135       1822
      11136       1821
      11137       1820
      11138       1819
      11139       1806
      11140       1805
      11141       1804
      11142       1803
      11143       1802
      11144       1801
      11145       1746
      11146       1745
      11147       1744
      11148       1743
      11149       1742
      11150       1741
      11151       1764
      11152       1763
      11153       1762
      11154       1761
      11155       1760
      11156       1759
      11157       1716
      11158       1715
      11159       1714
      11160       1713
      11161       1712
      11162       1711
      11163       1708
      11164       1707
      11165       1705
      11166       1703
      11167       1701
      11168       1699
      11169       1758
      11170       1757
      11171       1756
      11172       1755
      11173       1754
      11174       1753
      11175       1740
      11176       1739
      11177       1738
      11178       1737
      11179       1736
      11180       1735
      11181       1728
      11182       1727
      11183       1726
      11184       1725
      11185       1724
      11186       1723
      11187       1698
      11188       1697
      11189       1696
      11190       1695
      11191       1694
      11192       1693
      11193       1650
      11194       1649
      11195       1648
      11196       1647
      11197       1646
      11198       1645
      11199       1638
      11200       1637
      11201       1634
      11202       1632
      11203       1630
      11204       1628
      11205       1752
      11206       1751
      11207       1750
      11208       1749
      11209       1748
      11210       1747
      11211       1734
      11212       1733
      11213       1732
      11214       1731
      11215       1730
      11216       1729
      11217       1674
      11218       1673
      11219       1672
      11220       1671
      11221       1670
      11222       1669
      11223       1692
      11224       1691
      11225       1690
      11226       1689
      11227       1688
      11228       1687
      11229       1644
      11230       1643
      11231       1642
      11232       1641
      11233       1640
      11234       1639
      11235       1636
      11236       1635
      11237       1633
      11238       1631
      11239       1629
      11240       1627
      11241       1686
      11242       1685
      11243       1684
      11244       1683
      11245       1682
      11246       1681
      11247       1668
      11248       1667
      11249       1666
      11250       1665
      11251       1664
      11252       1663
      11253       1656
      11254       1655
      11255       1654
      11256       1653
      11257       1652
      11258       1651
      11259       1626
      11260       1625
      11261       1624
      11262       1623
      11263       1622
      11264       1621
      11265       1578
      11266       1577
      11267       1576
      11268       1575
      11269       1574
      11270       1573
      11271       1566
      11272       1565
      11273       1562
      11274       1560
      11275       1558
      11276       1556
      11277       1680
      11278       1679
      11279       1678
      11280       1677
      11281       1676
      11282       1675
      11283       1662
      11284       1661
      11285       1660
      11286       1659
      11287       1658
      11288       1657
      11289       1602
      11290       1601
      11291       1600
      11292       1599
      11293       1598
      11294       1597
      11295       1620
      11296       1619
      11297       1618
      11298       1617
      11299       1616
      11300       1615
      11301       1572
      11302       1571
      11303       1570
      11304       1569
      11305       1568
      11306       1567
      11307       1564
      11308       1563
      11309       1561
      11310       1559
      11311       1557
      11312       1555
      11313       1614
      11314       1613
      11315       1612
      11316       1611
      11317       1610
      11318       1609
      11319       1596
      11320       1595
      11321       1594
      11322       1593
      11323       1592
      11324       1591
      11325       1584
      11326       1583
      11327       1582
      11328       1581
      11329       1580
      11330       1579
      11331       1554
      11332       1553
      11333       1552
      11334       1551
      11335       1550
      11336       1549
      11337       1506
      11338       1505
      11339       1504
      11340       1503
      11341       1502
      11342       1501
      11343       1494
      11344       1493
      11345       1490
      11346       1488
      11347       1486
      11348       1484
      11349       1608
      11350       1607
      11351       1606
      11352       1605
      11353       1604
      11354       1603
      11355       1590
      11356       1589
      11357       1588
      11358       1587
      11359       1586
      11360       1585
      11361       1530
      11362       1529
      11363       1528
      11364       1527
      11365       1526
      11366       1525
      11367       1548
      11368       1547
      11369       1546
      11370       1545
      11371       1544
      11372       1543
      11373       1500
      11374       1499
      11375       1498
      11376       1497
      11377       1496
      11378       1495
      11379       1492
      11380       1491
      11381       1489
      11382       1487
      11383       1485
      11384       1483
      11385       1542
      11386       1541
      11387       1540
      11388       1539
      11389       1538
      11390       1537
      11391       1524
      11392       1523
      11393       1522
      11394       1521
      11395       1520
      11396       1519
      11397       1512
      11398       1511
      11399       1510
      11400       1509
      11401       1508
      11402       1507
      11403       1482
      11404       1481
      11405       1480
      11406       1479
      11407       1478
      11408       1477
      11409       1434
      11410       1433
      11411       1432
      11412       1431
      11413       1430
      11414       1429
      11415       1422
      11416       1421
      11417       1418
      11418       1416
      11419       1414
      11420       1412
      11421       1536
      11422       1535
      11423       1534
      11424       1533
      11425       1532
      11426       1531
      11427       1518
      11428       1517
      11429       1516
      11430       1515
      11431       1514
      11432       1513
      11433       1458
      11434       1457
      11435       1456
      11436       1455
      11437       1454
      11438       1453
      11439       1476
      11440       1475
      11441       1474
      11442       1473
      11443       1472
      11444       1471
      11445       1428
      11446       1427
      11447       1426
      11448       1425
      11449       1424
      11450       1423
      11451       1420
      11452       1419
      11453       1417
      11454       1415
      11455       1413
      11456       1411
      11457       1470
      11458       1469
      11459       1468
      11460       1467
      11461       1466
      11462       1465
      11463       1452
      11464       1451
      11465       1450
      11466       1449
      11467       1448
      11468       1447
      11469       1440
      11470       1439
      11471       1438
      11472       1437
      11473       1436
      11474       1435
      11475       1410
      11476       1409
      11477       1408
      11478       1407
      11479       1406
      11480       1405
      11481       1362
      11482       1361
      11483       1360
      11484       1359
      11485       1358
      11486       1357
      11487       1350
      11488       1349
      11489       1346
      11490       1344
      11491       1342
      11492       1340
      11493       1464
      11494       1463
      11495       1462
      11496       1461
      11497       1460
      11498       1459
      11499       1446
      11500       1445
      11501       1444
      11502       1443
      11503       1442
      11504       1441
      11505       1386
      11506       1385
      11507       1384
      11508       1383
      11509       1382
      11510       1381
      11511       1404
      11512       1403
      11513       1402
      11514       1401
      11515       1400
      11516       1399
      11517       1356
      11518       1355
      11519       1354
      11520       1353
      11521       1352
      11522       1351
      11523       1348
      11524       1347
      11525       1345
      11526       1343
      11527       1341
      11528       1339
      11529       1398
      11530       1397
      11531       1396
      11532       1395
      11533       1394
      11534       1393
      11535       1380
      11536       1379
      11537       1378
      11538       1377
      11539       1376
      11540       1375
      11541       1368
      11542       1367
      11543       1366
      11544       1365
      11545       1364
      11546       1363
      11547       1338
      11548       1337
      11549       1336
      11550       1335
      11551       1334
      11552       1333
      11553       1290
      11554       1289
      11555       1288
      11556       1287
      11557       1286
      11558       1285
      11559       1278
      11560       1277
      11561       1274
      11562       1272
      11563       1270
      11564       1268
      11565       1392
      11566       1391
      11567       1390
      11568       1389
      11569       1388
      11570       1387
      11571       1374
      11572       1373
      11573       1372
      11574       1371
      11575       1370
      11576       1369
      11577       1314
      11578       1313
      11579       1312
      11580       1311
      11581       1310
      11582       1309
      11583       1332
      11584       1331
      11585       1330
      11586       1329
      11587       1328
      11588       1327
      11589       1284
      11590       1283
      11591       1282
      11592       1281
      11593       1280
      11594       1279
      11595       1276
      11596       1275
      11597       1273
      11598       1271
      11599       1269
      11600       1267
      11601       1326
      11602       1325
      11603       1324
      11604       1323
      11605       1322
      11606       1321
      11607       1308
      11608       1307
      11609       1306
      11610       1305
      11611       1304
      11612       1303
      11613       1296
      11614       1295
      11615       1294
      11616       1293
      11617       1292
      11618       1291
      11619       1266
      11620       1265
      11621       1264
      11622       1263
      11623       1262
      11624       1261
      11625       1218
      11626       1217
      11627       1216
      11628       1215
      11629       1214
      11630       1213
      11631       1206
      11632       1205
      11633       1202
      11634       1200
      11635       1198
      11636       1196
      11637       1320
      11638       1319
      11639       1318
      11640       1317
      11641       1316
      11642       1315
      11643       1302
      11644       1301
      11645       1300
      11646       1299
      11647       1298
      11648       1297
      11649       1242
      11650       1241
      11651       1240
      11652       1239
      11653       1238
      11654       1237
      11655       1260
      11656       1259
      11657       1258
      11658       1257
      11659       1256
      11660       1255
      11661       1212
      11662       1211
      11663       1210
      11664       1209
      11665       1208
      11666       1207
      11667       1204
      11668       1203
      11669       1201
      11670       1199
      11671       1197
      11672       1195
      11673       1254
      11674       1253
      11675       1252
      11676       1251
      11677       1250
      11678       1249
      11679       1236
      11680       1235
      11681       1234
      11682       1233
      11683       1232
      11684       1231
      11685       1224
      11686       1223
      11687       1222
      11688       1221
      11689       1220
      11690       1219
      11691       1194
      11692       1193
      11693       1192
      11694       1191
      11695       1190
      11696       1189
      11697       1146
      11698       1145
      11699       1144
      11700       1143
      11701       1142
      11702       1141
      11703       1134
      11704       1133
      11705       1130
      11706       1128
      11707       1126
      11708       1124
      11709       1248
      11710       1247
      11711       1246
      11712       1245
      11713       1244
      11714       1243
      11715       1230
      11716       1229
      11717       1228
      11718       1227
      11719       1226
      11720       1225
      11721       1170
      11722       1169
      11723       1168
      11724       1167
      11725       1166
      11726       1165
      11727       1188
      11728       1187
      11729       1186
      11730       1185
      11731       1184
      11732       1183
      11733       1140
      11734       1139
      11735       1138
      11736       1137
      11737       1136
      11738       1135
      11739       1132
      11740       1131
      11741       1129
      11742       1127
      11743       1125
      11744       1123
      11745       1182
      11746       1181
      11747       1180
      11748       1179
      11749       1178
      11750       1177
      11751       1164
      11752       1163
      11753       1162
      11754       1161
      11755       1160
      11756       1159
      11757       1152
      11758       1151
      11759       1150
      11760       1149
      11761       1148
      11762       1147
      11763       1122
      11764       1121
      11765       1120
      11766       1119
      11767       1118
      11768       1117
      11769       1074
      11770       1073
      11771       1072
      11772       1071
      11773       1070
      11774       1069
      11775       1062
      11776       1061
      11777       1058
      11778       1056
      11779       1054
      11780       1052
      11781       1176
      11782       1175
      11783       1174
      11784       1173
      11785       1172
      11786       1171
      11787       1158
      11788       1157
      11789       1156
      11790       1155
      11791       1154
      11792       1153
      11793       1098
      11794       1097
      11795       1096
      11796       1095
      11797       1094
      11798       1093
      11799       1116
      11800       1115
      11801       1114
      11802       1113
      11803       1112
      11804       1111
      11805       1068
      11806       1067
      11807       1066
      11808       1065
      11809       1064
      11810       1063
      11811       1060
      11812       1059
      11813       1057
      11814       1055
      11815       1053
      11816       1051
      11817       1110
      11818       1109
      11819       1108
      11820       1107
      11821       1106
      11822       1105
      11823       1092
      11824       1091
      11825       1090
      11826       1089
      11827       1088
      11828       1087
      11829       1080
      11830       1079
      11831       1078
      11832       1077
      11833       1076
      11834       1075
      11835       1050
      11836       1049
      11837       1048
      11838       1047
      11839       1046
      11840       1045
      11841       1002
      11842       1001
      11843       1000
      11844        999
      11845        998
      11846        997
      11847        990
      11848        989
      11849        986
      11850        984
      11851        982
      11852        980
      11853       1104
      11854       1103
      11855       1102
      11856       1101
      11857       1100
      11858       1099
      11859       1086
      11860       1085
      11861       1084
      11862       1083
      11863       1082
      11864       1081
      11865       1026
      11866       1025
      11867       1024
      11868       1023
      11869       1022
      11870       1021
      11871       1044
      11872       1043
      11873       1042
      11874       1041
      11875       1040
      11876       1039
      11877        996
      11878        995
      11879        994
      11880        993
      11881        992
      11882        991
      11883        988
      11884        987
      11885        985
      11886        983
      11887        981
      11888        979
      11889       1038
      11890       1037
      11891       1036
      11892       1035
      11893       1034
      11894       1033
      11895       1020
      11896       1019
      11897       1018
      11898       1017
      11899       1016
      11900       1015
      11901       1008
      11902       1007
      11903       1006
      11904       1005
      11905       1004
      11906       1003
      11907        978
      11908        977
      11909        976
      11910        975
      11911        974
      11912        973
      11913        930
      11914        929
      11915        928
      11916        927
      11917        926
      11918        925
      11919        918
      11920        917
      11921        914
      11922        912
      11923        910
      11924        908
      11925       1032
      11926       1031
      11927       1030
      11928       1029
      11929       1028
      11930       1027
      11931       1014
      11932       1013
      11933       1012
      11934       1011
      11935       1010
      11936       1009
      11937        954
      11938        953
      11939        952
      11940        951
      11941        950
      11942        949
      11943        972
      11944        971
      11945        970
      11946        969
      11947        968
      11948        967
      11949        924
      11950        923
      11951        922
      11952        921
      11953        920
      11954        919
      11955        916
      11956        915
      11957        913
      11958        911
      11959        909
      11960        907
      11961        966
      11962        965
      11963        964
      11964        963
      11965        962
      11966        961
      11967        948
      11968        947
      11969        946
      11970        945
      11971        944
      11972        943
      11973        936
      11974        935
      11975        934
      11976        933
      11977        932
      11978        931
      11979        906
      11980        905
      11981        904
      11982        903
      11983        902
      11984        901
      11985        858
      11986        857
      11987        856
      11988        855
      11989        854
      11990        853
      11991        846
      11992        845
      11993        842
      11994        840
      11995        838
      11996        836
      11997        960
      11998        959
      11999        958
      12000        957
      12001        956
      12002        955
      12003        942
      12004        941
      12005        940
      12006        939
      12007        938
      12008        937
      12009        882
      12010        881
      12011        880
      12012        879
      12013        878
      12014        877
      12015        900
      12016        899
      12017        898
      12018        897
      12019        896
      12020        895
      12021        852
      12022        851
      12023        850
      12024        849
      12025        848
      12026        847
      12027        844
      12028        843
      12029        841
      12030        839
      12031        837
      12032        835
      12033        894
      12034        893
      12035        892
      12036        891
      12037        890
      12038        889
      12039        876
      12040        875
      12041        874
      12042        873
      12043        872
      12044        871
      12045        864
      12046        863
      12047        862
      12048        861
      12049        860
      12050        859
      12051        834
      12052        833
      12053        832
      12054        831
      12055        830
      12056        829
      12057        786
      12058        785
      12059        784
      12060        783
      12061        782
      12062        781
      12063        774
      12064        773
      12065        770
      12066        768
      12067        766
      12068        764
      12069        888
      12070        887
      12071        886
      12072        885
      12073        884
      12074        883
      12075        870
      12076        869
      12077        868
      12078        867
      12079        866
      12080        865
      12081        810
      12082        809
      12083        808
      12084        807
      12085        806
      12086        805
      12087        828
      12088        827
      12089        826
      12090        825
      12091        824
      12092        823
      12093        780
      12094        779
      12095        778
      12096        777
      12097        776
      12098        775
      12099        772
      12100        771
      12101        769
      12102        767
      12103        765
      12104        763
      12105        822
      12106        821
      12107        820
      12108        819
      12109        818
      12110        817
      12111        804
      12112        803
      12113        802
      12114        801
      12115        800
      12116        799
      12117        792
      12118        791
      12119        790
      12120        789
      12121        788
      12122        787
      12123        762
      12124        761
      12125        760
      12126        759
      12127        758
      12128        757
      12129        714
      12130        713
      12131        712
      12132        711
      12133        710
      12134        709
      12135        702
      12136        701
      12137        698
      12138        696
      12139        694
      12140        692
      12141        816
      12142        815
      12143        814
      12144        813
      12145        812
      12146        811
      12147        798
      12148        797
      12149        796
      12150        795
      12151        794
      12152        793
      12153        738
      12154        737
      12155        736
      12156        735
      12157        734
      12158        733
      12159        756
      12160        755
      12161        754
      12162        753
      12163        752
      12164        751
      12165        708
      12166        707
      12167        706
      12168        705
      12169        704
      12170        703
      12171        700
      12172        699
      12173        697
      12174        695
      12175        693
      12176        691
      12177        750
      12178        749
      12179        748
      12180        747
      12181        746
      12182        745
      12183        732
      12184        731
      12185        730
      12186        729
      12187        728
      12188        727
      12189        720
      12190        719
      12191        718
      12192        717
      12193        716
      12194        715
      12195        690
      12196        689
      12197        688
      12198        687
      12199        686
      12200        685
      12201        642
      12202        641
      12203        640
      12204        639
      12205        638
      12206        637
      12207        630
      12208        629
      12209        626
      12210        624
      12211        622
      12212        620
      12213        744
      12214        743
      12215        742
      12216        741
      12217        740
      12218        739
      12219        726
      12220        725
      12221        724
      12222        723
      12223        722
      12224        721
      12225        666
      12226        665
      12227        664
      12228        663
      12229        662
      12230        661
      12231        684
      12232        683
      12233        682
      12234        681
      12235        680
      12236        679
      12237        636
      12238        635
      12239        634
      12240        633
      12241        632
      12242        631
      12243        628
      12244        627
      12245        625
      12246        623
      12247        621
      12248        619
      12249        678
      12250        677
      12251        676
      12252        675
      12253        674
      12254        673
      12255        660
      12256        659
      12257        658
      12258        657
      12259        656
      12260        655
      12261        648
      12262        647
      12263        646
      12264        645
      12265        644
      12266        643
      12267        618
      12268        617
      12269        616
      12270        615
      12271        614
      12272        613
      12273        570
      12274        569
      12275        568
      12276        567
      12277        566
      12278        565
      12279        558
      12280        557
      12281        554
      12282        552
      12283        550
      12284        548
      12285        672
      12286        671
      12287        670
      12288        669
      12289        668
      12290        667
      12291        654
      12292        653
      12293        652
      12294        651
      12295        650
      12296        649
      12297        594
      12298        593
      12299        592
      12300        591
      12301        590
      12302        589
      12303        612
      12304        611
      12305        610
      12306        609
      12307        608
      12308        607
      12309        564
      12310        563
      12311        562
      12312        561
      12313        560
      12314        559
      12315        556
      12316        555
      12317        553
      12318        551
      12319        549
      12320        547
      12321        606
      12322        605
      12323        604
      12324        603
      12325        602
      12326        601
      12327        588
      12328        587
      12329        586
      12330        585
      12331        584
      12332        583
      12333        576
      12334        575
      12335        574
      12336        573
      12337        572
      12338        571
      12339        546
      12340        545
      12341        544
      12342        543
      12343        542
      12344        541
      12345        498
      12346        497
      12347        496
      12348        495
      12349        494
      12350        493
      12351        486
      12352        485
      12353        482
      12354        480
      12355        478
      12356        476
      12357        600
      12358        599
      12359        598
      12360        597
      12361        596
      12362        595
      12363        582
      12364        581
      12365        580
      12366        579
      12367        578
      12368        577
      12369        522
      12370        521
      12371        520
      12372        519
      12373        518
      12374        517
      12375        492
      12376        491
      12377        490
      12378        489
      12379        488
      12380        487
      12381        540
      12382        539
      12383        538
      12384        537
      12385        536
      12386        535
      12387        484
      12388        483
      12389        481
      12390        479
      12391        477
      12392        475
      12393        516
      12394        515
      12395        514
      12396        513
      12397        512
      12398        511
      12399        534
      12400        533
      12401        532
      12402        531
      12403        530
      12404        529
      12405        504
      12406        503
      12407        502
      12408        501
      12409        500
      12410        499
      12411        474
      12412        473
      12413        472
      12414        471
      12415        470
      12416        469
      12417        426
      12418        425
      12419        424
      12420        423
      12421        422
      12422        421
      12423        414
      12424        413
      12425        410
      12426        408
      12427        406
      12428        404
      12429        510
      12430        509
      12431        508
      12432        507
      12433        506
      12434        505
      12435        450
      12436        449
      12437        448
      12438        447
      12439        446
      12440        445
      12441        412
      12442        411
      12443        409
      12444        407
      12445        405
      12446        403
      12447        528
      12448        527
      12449        526
      12450        525
      12451        524
      12452        523
      12453        468
      12454        467
      12455        466
      12456        465
      12457        464
      12458        463
      12459        420
      12460        419
      12461        418
      12462        417
      12463        416
      12464        415
      12465        444
      12466        443
      12467        442
      12468        441
      12469        440
      12470        439
      12471        432
      12472        431
      12473        430
      12474        429
      12475        428
      12476        427
      12477        462
      12478        461
      12479        460
      12480        459
      12481        458
      12482        457
      12483        354
      12484        353
      12485        352
      12486        351
      12487        350
      12488        349
      12489        402
      12490        401
      12491        400
      12492        399
      12493        398
      12494        397
      12495        336
      12496        335
      12497        332
      12498        330
      12499        328
      12500        326
      12501        438
      12502        437
      12503        436
      12504        435
      12505        434
      12506        433
      12507        366
      12508        365
      12509        364
      12510        363
      12511        362
      12512        361
      12513        456
      12514        455
      12515        454
      12516        453
      12517        452
      12518        451
      12519        334
      12520        333
      12521        331
      12522        329
      12523        327
      12524        325
      12525        396
      12526        395
      12527        392
      12528        390
      12529        388
      12530        386
      12531        348
      12532        347
      12533        344
      12534        342
      12535        340
      12536        338
      12537        394
      12538        393
      12539        391
      12540        389
      12541        387
      12542        385
      12543        360
      12544        359
      12545        358
      12546        357
      12547        356
      12548        355
      12549        384
      12550        383
      12551        382
      12552        381
      12553        380
      12554        379
      12555        346
      12556        345
      12557        343
      12558        341
      12559        339
      12560        337
      12561        378
      12562        377
      12563        374
      12564        372
      12565        370
      12566        368
      12567        376
      12568        375
      12569        373
      12570        371
      12571        369
      12572        367
      12573        306
      12574        305
      12575        304
      12576        303
      12577        302
      12578        301
      12579        300
      12580        299
      12581        298
      12582        297
      12583        296
      12584        295
      12585        324
      12586        323
      12587        320
      12588        315
      12589        312
      12590        309
      12591        322
      12592        321
      12593        319
      12594        314
      12595        311
      12596        308
      12597        318
      12598        317
      12599        316
      12600        313
      12601        310
      12602        307
      12603        294
      12604        293
      12605        290
      12606        288
      12607        286
      12608        284
      12609        292
      12610        291
      12611        289
      12612        287
      12613        285
      12614        283
      12615        282
      12616        281
      12617        280
      12618        279
      12619        278
      12620        277
  0.15000000000000002
  0.15000001647369848
  0.15000001851916256
  0.15000001888336403
  0.15000001888701098
  0.15000001888702716
  0.15000000000000002
  0.1500000164647535
  0.1500000185091068
  0.15000001887311076
  0.15000001887675574
  0.15000001887677189
  0.14999999999999997
  0.15000001645245484
  0.15000001849528094
  0.15000001885901307
  0.15000001886265532
  0.15000001886267159
  0.14999999999999997
  0.15000001643301081
  0.15000001847342265
  0.15000001883672484
  0.15000001884036274
  0.15000001884037895
  0.15000000000000002
  0.15000001640701477
  0.15000001844419861
  0.15000001880692601
  0.15000001881055824
  0.15000001881057437
  0.15000000000000005
  0.15000001637804866
  0.15000001841163579
  0.15000001877372249
  0.15000001877734831
  0.15000001877736432
  0.14999999999999999
  0.15000001634234009
  0.15000001837149352
  0.15000001873279056
  0.15000001873640845
  0.15000001873642452
  0.14999999999999999
  0.15000001630535004
  0.15000001832991094
  0.15000001869039031
  0.15000001869399998
  0.15000001869401605
  0.14999999999999999
  0.15000001626139797
  0.15000001828050138
  0.15000001864000917
  0.15000001864360912
  0.150000018643625
  0.15000000000000002
  0.15000001621432216
  0.15000001822758019
  0.15000001858604728
  0.15000001858963677
  0.15000001858965273
  0.14999999999999997
  0.15000001646184849
  0.15000001850584099
  0.15000001886978082
  0.15000001887342512
  0.15000001887344128
  0.15000000000000002
  0.15000001630247489
  0.1500000183266787
  0.15000001868709462
  0.15000001869070362
  0.15000001869071969
  0.14999999999999999
  0.15000001650032038
  0.15000001854908993
  0.15000001891388015
  0.15000001891753301
  0.15000001891754933
  0.15000000000000002
  0.1500000163897755
  0.15000001842481875
  0.15000001878716454
  0.15000001879079294
  0.15000001879080907
  0.14999999999999997
  0.15000001642240354
  0.15000001846149782
  0.1500000188245656
  0.15000001882820116
  0.15000001882821742
  0.14999999999999999
  0.15000001649171019
  0.1500000185394105
  0.15000001890401057
  0.15000001890766146
  0.15000001890767781
  0.14999999999999999
  0.15000001645553357
  0.15000001849874173
  0.15000001886254197
  0.15000001886618489
  0.15000001886620115
  0.14999999999999999
  0.150000016350822
  0.15000001838102892
  0.15000001874251331
  0.15000001874613311
  0.15000001874614907
  0.14999999999999999
  0.15000001626938228
  0.15000001828947684
  0.15000001864916115
  0.15000001865276297
  0.15000001865277904
  0.15000000000000002
  0.1500000165308876
  0.15000001858345233
  0.15000001894891832
  0.150000018952578
  0.15000001895259427
  0.14999999999999999
  0.15000001636139462
  0.15000001839291408
  0.15000001875463245
  0.15000001875825456
  0.15000001875827065
  0.14999999999999999
  0.15000001657199197
  0.15000001862966059
  0.15000001899603529
  0.15000001899970408
  0.15000001899972035
  0.14999999999999999
  0.1500000164424897
  0.15000001848407818
  0.15000001884758962
  0.1500000188512296
  0.15000001885124573
  0.15000000000000002
  0.15000001650863248
  0.15000001855843365
  0.15000001892340767
  0.15000001892706238
  0.15000001892707851
  0.14999999999999999
  0.15000001630013818
  0.15000001832405149
  0.15000001868441573
  0.15000001868802421
  0.15000001868804039
  0.15000000000000005
  0.15000001660395096
  0.15000001866558779
  0.15000001903266916
  0.15000001903634494
  0.15000001903636132
  0.14999999999999999
  0.15000001650342623
  0.15000001855258099
  0.15000001891743969
  0.15000001892109321
  0.15000001892110945
  0.14999999999999999
  0.15000001661269594
  0.15000001867541837
  0.15000001904269322
  0.15000001904637097
  0.15000001904638738
  0.15000000000000002
  0.15000001657910977
  0.15000001863766196
  0.15000001900419413
  0.15000001900786436
  0.15000001900788063
  0.14999999999999997
  0.15000001646193428
  0.15000001850593705
  0.1500000188698784
  0.15000001887352277
  0.15000001887353898
  0.14999999999999999
  0.15000001638275229
  0.15000001841692326
  0.15000001877911395
  0.15000001878274083
  0.15000001878275693
  0.15000000000000002
  0.15000001668074586
  0.15000001875191799
  0.15000001912069705
  0.15000001912438984
  0.15000001912440625
  0.15000000000000002
  0.15000001671216978
  0.15000001878724356
  0.15000001915671748
  0.15000001916041722
  0.15000001916043365
  0.14999999999999997
  0.15000001657824449
  0.15000001863668891
  0.15000001900320184
  0.15000001900687193
  0.1500000190068882
  0.14999999999999997
  0.15000001664309592
  0.15000001870959295
  0.15000001907753968
  0.15000001908122418
  0.15000001908124053
  0.15000000000000005
  0.15000001650429504
  0.15000001855355755
  0.15000001891843531
  0.150000018922089
  0.15000001892210518
  0.14999999999999999
  0.1500000164300741
  0.15000001847012095
  0.15000001883335781
  0.1500000188369951
  0.15000001883701114
  0.14999999999999999
  0.15000001681848979
  0.15000001890676484
  0.15000001927858914
  0.15000001928231249
  0.15000001928232903
  0.14999999999999997
  0.15000001680250627
  0.15000001888879688
  0.15000001926026804
  0.15000001926398776
  0.15000001926400428
  0.15000000000000002
  0.15000001676646105
  0.15000001884827613
  0.1500000192189502
  0.15000001922266196
  0.1500000192226785
  0.14999999999999999
  0.15000001671251478
  0.15000001878763114
  0.15000001915711245
  0.15000001916081235
  0.15000001916082875
  0.14999999999999997
  0.15000001664609061
  0.15000001871295915
  0.15000001908097202
  0.15000001908465715
  0.15000001908467347
  0.14999999999999999
  0.150000016564177
  0.15000001862087492
  0.15000001898707649
  0.15000001899074347
  0.15000001899075988
  0.14999999999999997
  0.1500000169381239
  0.15000001904125349
  0.15000001941572269
  0.15000001941947241
  0.15000001941948912
  0.14999999999999997
  0.15000001691062098
  0.15000001901033586
  0.1500000193841971
  0.1500000193879408
  0.15000001938795757
  0.14999999999999997
  0.15000001686540204
  0.15000001895950202
  0.15000001933236362
  0.15000001933609722
  0.15000001933611395
  0.14999999999999991
  0.15000001680344446
  0.15000001888985107
  0.15000001926134282
  0.15000001926506271
  0.15000001926507919
  0.15000000000000005
  0.15000001672702523
  0.15000001880394317
  0.15000001917374525
  0.15000001917744832
  0.15000001917746478
  0.15000000000000002
  0.1500000166385696
  0.15000001870450444
  0.1500000190723508
  0.15000001907603433
  0.15000001907605073
  0.15000000000000002
  0.15000001708999214
  0.15000001921197856
  0.15000001958980522
  0.15000001959358866
  0.15000001959360551
  0.15000000000000002
  0.15000001707138044
  0.15000001919105602
  0.15000001956847153
  0.15000001957225087
  0.15000001957226766
  0.15000000000000002
  0.15000001703402546
  0.15000001914906297
  0.1500000195256527
  0.15000001952942374
  0.1500000195294405
  0.15000000000000002
  0.1500000169787663
  0.15000001908694191
  0.15000001946230976
  0.15000001946606853
  0.15000001946608529
  0.15000000000000002
  0.15000001690771045
  0.15000001900706331
  0.15000001938086013
  0.15000001938460322
  0.15000001938461993
  0.14999999999999997
  0.15000001682268713
  0.15000001891148326
  0.15000001928340029
  0.15000001928712448
  0.15000001928714088
  0.15000000000000002
  0.1500000172479497
  0.15000001938954899
  0.15000001977086783
  0.15000001977468624
  0.15000001977470326
  0.15000000000000005
  0.15000001721916173
  0.15000001935718674
  0.1500000197378695
  0.15000001974168151
  0.15000001974169849
  0.14999999999999999
  0.15000001717148023
  0.15000001930358492
  0.15000001968321316
  0.15000001968701462
  0.15000001968703147
  0.14999999999999997
  0.15000001710628216
  0.15000001923029099
  0.15000001960847817
  0.1500000196122652
  0.15000001961228196
  0.15000000000000005
  0.15000001702564578
  0.15000001913964242
  0.15000001951604652
  0.15000001951981567
  0.15000001951983241
  0.15000000000000005
  0.15000001693199522
  0.15000001903436375
  0.15000001940869759
  0.15000001941244595
  0.15000001941246266
  0.14999999999999999
  0.15000001744031444
  0.15000001960579887
  0.15000001999137094
  0.15000001999523191
  0.15000001999524906
  0.14999999999999997
  0.15000001742068431
  0.15000001958373155
  0.15000001996886958
  0.15000001997272622
  0.15000001997274331
  0.14999999999999999
  0.15000001738121738
  0.1500000195393642
  0.15000001992362974
  0.15000001992747763
  0.15000001992749476
  0.14999999999999999
  0.15000001732281801
  0.15000001947371344
  0.15000001985668773
  0.15000001986052261
  0.15000001986053965
  0.14999999999999999
  0.15000001724734172
  0.15000001938886551
  0.15000001977017105
  0.15000001977398933
  0.15000001977400623
  0.15000000000000002
  0.15000001715704944
  0.15000001928736195
  0.15000001966667142
  0.15000001967046961
  0.1500000196704866
  0.15000000000000002
  0.15000001763842966
  0.15000001982851355
  0.15000002021846556
  0.15000002022237041
  0.15000002022238776
  0.15000000000000002
  0.15000001760794604
  0.15000001979424482
  0.15000002018352318
  0.15000002018742123
  0.15000002018743852
  0.14999999999999997
  0.1500000175572391
  0.15000001973724186
  0.15000002012539898
  0.15000002012928582
  0.15000002012930305
  0.14999999999999997
  0.15000001748777766
  0.15000001965915555
  0.15000002004577678
  0.15000002004964827
  0.15000002004966551
  0.14999999999999999
  0.15000001740170726
  0.15000001956239789
  0.15000001994711631
  0.15000001995096876
  0.15000001995098577
  0.14999999999999999
  0.15000001730164711
  0.15000001944991362
  0.15000001983241992
  0.15000001983625019
  0.15000001983626723
  0.15000000000000002
  0.15000001787211312
  0.1500000200912126
  0.15000002048633129
  0.15000002049028791
  0.15000002049030545
  0.14999999999999999
  0.15000001785149819
  0.15000002006803795
  0.15000002046270086
  0.15000002046665276
  0.15000002046667041
  0.14999999999999999
  0.15000001780939295
  0.15000002002070467
  0.15000002041443669
  0.15000002041837934
  0.15000002041839694
  0.15000000000000002
  0.15000001774692315
  0.15000001995047826
  0.15000002034282897
  0.1500000203467578
  0.15000002034677534
  0.14999999999999999
  0.15000001766600152
  0.15000001985950845
  0.15000002025006992
  0.15000002025398076
  0.15000002025399828
  0.14999999999999994
  0.15000001756910689
  0.15000001975058286
  0.15000002013900221
  0.15000002014289168
  0.15000002014290897
  0.15000000000000002
  0.15000001811164601
  0.15000002036048721
  0.15000002076090171
  0.15000002076491131
  0.15000002076492913
  0.14999999999999999
  0.15000001807911972
  0.15000002032392235
  0.15000002072361784
  0.15000002072762025
  0.15000002072763799
  0.14999999999999994
  0.15000001802467283
  0.15000002026271494
  0.15000002066120663
  0.15000002066519699
  0.15000002066521476
  0.14999999999999997
  0.15000001794992235
  0.150000020178683
  0.15000002057552161
  0.15000002057949538
  0.15000002057951292
  0.14999999999999999
  0.15000001785716663
  0.15000002007440982
  0.15000002046919794
  0.15000002047315122
  0.15000002047316877
  0.14999999999999999
  0.15000001774926505
  0.15000001995311027
  0.15000002034551263
  0.15000002034944193
  0.15000002034945947
  0.14999999999999999
  0.15000001838812338
  0.1500000206712937
  0.15000002107782121
  0.15000002108189203
  0.15000002108191007
  0.14999999999999997
  0.15000001836619323
  0.15000002064664045
  0.15000002105268284
  0.15000002105674878
  0.15000002105676685
  0.14999999999999999
  0.15000001832086174
  0.15000002059568049
  0.15000002100072077
  0.15000002100477666
  0.15000002100479465
  0.15000000000000002
  0.1500000182534009
  0.15000002051984343
  0.15000002092339187
  0.15000002092743284
  0.15000002092745082
  0.15000000000000002
  0.15000001816586303
  0.15000002042143601
  0.150000020823049
  0.15000002082707067
  0.15000002082708858
  0.14999999999999999
  0.15000001806095259
  0.15000002030349877
  0.1500000207027925
  0.15000002070679083
  0.15000002070680854
  0.14999999999999997
  0.15000001867031715
  0.15000002098852622
  0.15000002140129279
  0.15000002140542606
  0.15000002140544441
  0.15000000000000002
  0.15000001863526707
  0.15000002094912443
  0.15000002136111579
  0.15000002136524132
  0.15000002136525975
  0.14999999999999999
  0.15000001857629877
  0.1500000208828344
  0.15000002129352219
  0.15000002129763465
  0.15000002129765294
  0.14999999999999999
  0.15000001849516667
  0.15000002079162802
  0.15000002120052186
  0.15000002120461631
  0.15000002120463451
  0.14999999999999999
  0.15000001839437019
  0.15000002067831572
  0.15000002108498112
  0.15000002108905328
  0.15000002108907132
  0.14999999999999999
  0.15000001827704781
  0.15000002054642578
  0.150000020950497
  0.15000002095454326
  0.1500000209545613
  0.14999999999999999
  0.15000001899112786
  0.15000002134917095
  0.15000002176903071
  0.15000002177323499
  0.15000002177325372
  0.15000000000000005
  0.15000001896759435
  0.1500000213227155
  0.15000002174205473
  0.15000002174625385
  0.15000002174627247
  0.15000000000000005
  0.15000001891840656
  0.15000002126742062
  0.15000002168567222
  0.1500000216898604
  0.150000021689879
  0.15000000000000002
  0.15000001884497527
  0.15000002118487152
  0.15000002160149936
  0.1500000216056713
  0.15000002160568976
  0.14999999999999999
  0.15000001874954033
  0.15000002107758642
  0.15000002149210434
  0.15000002149625513
  0.15000002149627356
  0.15000000000000002
  0.1500000186350722
  0.15000002094890469
  0.15000002136089191
  0.15000002136501736
  0.15000002136503576
  0.14999999999999999
  0.15000001931747328
  0.15000002171603768
  0.15000002214311295
  0.15000002214738953
  0.15000002214740854
  0.15000000000000002
  0.15000001927943904
  0.15000002167328116
  0.1500000220995151
  0.1500000221037833
  0.15000002210380231
  0.14999999999999999
  0.15000001921510811
  0.15000002160096285
  0.1500000220257745
  0.15000002203002838
  0.15000002203004728
  0.14999999999999997
  0.15000001912640787
  0.15000002150124819
  0.15000002192409895
  0.1500000219283332
  0.15000002192835191
  0.14999999999999999
  0.15000001901608698
  0.15000002137722909
  0.15000002179764046
  0.15000002180185032
  0.150000021801869
  0.14999999999999999
  0.15000001888761039
  0.15000002123279971
  0.15000002165037038
  0.15000002165455176
  0.1500000216545703
  0.14999999999999997
  0.15000001968445648
  0.1500000221285881
  0.15000002256377762
  0.15000002256813535
  0.15000002256815467
  0.15000000000000002
  0.15000001965902848
  0.15000002210000321
  0.15000002253463054
  0.15000002253898273
  0.15000002253900202
  0.15000000000000002
  0.15000001960530043
  0.15000002203960425
  0.15000002247304331
  0.15000002247738356
  0.15000002247740285
  0.14999999999999999
  0.15000001952483233
  0.15000002194914419
  0.15000002238080409
  0.15000002238512655
  0.15000002238514579
  0.14999999999999999
  0.15000001942009564
  0.1500000218314024
  0.15000002226074641
  0.15000002226504569
  0.1500000222650649
  0.14999999999999997
  0.15000001929437573
  0.15000002169007198
  0.15000002211663624
  0.15000002212090768
  0.1500000221209267
  0.14999999999999999
  0.15000002005672203
  0.15000002254707726
  0.15000002299049794
  0.15000002299493817
  0.15000002299495793
  0.14999999999999997
  0.15000002001519763
  0.15000002250039693
  0.15000002294289935
  0.15000002294733045
  0.1500000229473501
  0.14999999999999999
  0.15000001994458242
  0.15000002242101387
  0.15000002286195477
  0.15000002286637018
  0.15000002286638975
  0.15000000000000002
  0.15000001984701161
  0.15000002231132709
  0.15000002275011082
  0.15000002275450447
  0.15000002275452404
  0.15000000000000002
  0.15000001972553259
  0.15000002217476446
  0.15000002261086193
  0.15000002261522882
  0.1500000226152482
  0.15000000000000002
  0.15000001958399115
  0.15000002201564802
  0.15000002244861566
  0.15000002245295119
  0.15000002245297039
  0.15000000000000005
  0.15000002047197941
  0.15000002301389617
  0.15000002346649902
  0.15000002347103114
  0.15000002347105126
  0.14999999999999999
  0.15000002044435001
  0.15000002298283624
  0.15000002343482813
  0.15000002343935417
  0.15000002343937416
  0.14999999999999999
  0.15000002038532881
  0.15000002291648648
  0.150000023367173
  0.150000023371686
  0.15000002337170601
  0.14999999999999999
  0.1500000202966498
  0.15000002281679614
  0.1500000232655217
  0.1500000232700151
  0.15000002327003509
  0.14999999999999999
  0.15000002018106104
  0.15000002268685489
  0.1500000231330248
  0.15000002313749261
  0.15000002313751243
  0.14999999999999999
  0.15000002004221794
  0.15000002253077169
  0.15000002297387138
  0.15000002297830836
  0.1500000229783281
  0.15000000000000005
  0.15000002089221087
  0.15000002348630717
  0.15000002394820222
  0.15000002395282741
  0.15000002395284792
  0.14999999999999994
  0.15000002084663749
  0.15000002343507493
  0.15000002389596204
  0.1500000239005771
  0.15000002390059769
  0.15000000000000002
  0.15000002076871971
  0.1500000233474823
  0.15000002380664615
  0.150000023811244
  0.15000002381126445
  0.14999999999999994
  0.15000002066083792
  0.15000002322620454
  0.15000002368298299
  0.15000002368755702
  0.15000002368757734
  0.15000000000000002
  0.15000002052639133
  0.15000002307506402
  0.15000002352886935
  0.15000002353341355
  0.15000002353343372
  0.14999999999999999
  0.15000002036966953
  0.15000002289888217
  0.15000002334922177
  0.15000002335373125
  0.15000002335375123
  0.14999999999999997
  0.15000002135813406
  0.15000002401008333
  0.15000002448228122
  0.15000002448700966
  0.1500000244870307
  0.14999999999999997
  0.15000002132796611
  0.1500000239761696
  0.15000002444770033
  0.15000002445242208
  0.15000002445244312
  0.14999999999999999
  0.15000002126281731
  0.15000002390293113
  0.15000002437302098
  0.15000002437772836
  0.15000002437774934
  0.15000000000000002
  0.15000002116462585
  0.15000002379254737
  0.15000002426046558
  0.15000002426515108
  0.15000002426517198
  0.14999999999999994
  0.15000002103646459
  0.15000002364847209
  0.15000002411355653
  0.1500000241182137
  0.15000002411823438
  0.15000000000000002
  0.15000002088242001
  0.15000002347529995
  0.15000002393697762
  0.15000002394160064
  0.15000002394162124
  0.14999999999999999
  0.15000002182866037
  0.15000002453903463
  0.15000002502163748
  0.15000002502647003
  0.15000002502649143
  0.14999999999999999
  0.15000002177841792
  0.1500000244825537
  0.15000002496404535
  0.1500000249688668
  0.1500000249688882
  0.14999999999999999
  0.15000002169206572
  0.15000002438547896
  0.15000002486506078
  0.15000002486986308
  0.1500000248698844
  0.14999999999999999
  0.15000002157227085
  0.15000002425080877
  0.15000002472774124
  0.150000024732517
  0.15000002473253823
  0.15000000000000002
  0.15000002142284283
  0.15000002408282645
  0.15000002455645423
  0.15000002456119702
  0.15000002456121814
  0.14999999999999999
  0.15000002124858675
  0.15000002388693276
  0.15000002435670673
  0.15000002436141088
  0.15000002436143176
  0.14999999999999999
  0.1500000223479524
  0.150000025122807
  0.15000002561689377
  0.15000002562184139
  0.1500000256218634
  0.15000000000000002
  0.15000002231487247
  0.15000002508561988
  0.1500000255789749
  0.15000002558391515
  0.15000002558393707
  0.14999999999999997
  0.15000002224266692
  0.15000002500444828
  0.15000002549620645
  0.1500000255011307
  0.15000002550115257
  0.15000000000000002
  0.15000002213351207
  0.15000002488173944
  0.1500000253710832
  0.15000002537598334
  0.15000002537600507
  0.14999999999999999
  0.15000002199085893
  0.15000002472137275
  0.15000002520756142
  0.15000002521242986
  0.15000002521245143
  0.15000000000000002
  0.15000002181929542
  0.15000002452850594
  0.15000002501090023
  0.15000002501573076
  0.15000002501575224
  0.14999999999999999
  0.15000002287140313
  0.15000002571125509
  0.15000002621691819
  0.15000002622198166
  0.15000002622200415
  0.14999999999999994
  0.15000002281580088
  0.15000002564874862
  0.15000002615318198
  0.15000002615823327
  0.15000002615825581
  0.14999999999999999
  0.15000002271974963
  0.15000002554077033
  0.1500000260430793
  0.15000002604810916
  0.15000002604813156
  0.14999999999999999
  0.15000002258625081
  0.15000002539069462
  0.15000002589005035
  0.15000002589505065
  0.15000002589507294
  0.14999999999999999
  0.15000002241959048
  0.15000002520333994
  0.1500000256990093
  0.15000002570397272
  0.15000002570399473
  0.14999999999999999
  0.15000002222517078
  0.15000002498477816
  0.1500000254761476
  0.150000025481068
  0.15000002548108995
  0.14999999999999994
  0.15000002344710153
  0.15000002635843909
  0.15000002687683514
  0.15000002688202616
  0.15000002688204922
  0.15000000000000002
  0.15000002341069468
  0.15000002631751158
  0.15000002683510227
  0.1500000268402851
  0.15000002684030816
  0.15000000000000002
  0.15000002333039306
  0.15000002622723826
  0.15000002674305302
  0.15000002674821813
  0.15000002674824103
  0.15000000000000002
  0.15000002320864997
  0.15000002609037791
  0.15000002660349915
  0.15000002660863732
  0.15000002660866019
  0.14999999999999994
  0.15000002304935542
  0.15000002591130307
  0.15000002642090052
  0.15000002642600344
  0.15000002642602614
  0.14999999999999999
  0.15000002285767811
  0.15000002569582441
  0.15000002620118175
  0.15000002620624217
  0.15000002620626468
  0.14999999999999999
  0.15000002402642831
  0.15000002700970261
  0.15000002754091254
  0.15000002754623182
  0.15000002754625533
  0.14999999999999997
  0.15000002396469297
  0.15000002694030118
  0.15000002747014551
  0.15000002747545121
  0.15000002747547472
  0.14999999999999999
  0.15000002385752478
  0.15000002681982522
  0.15000002734729864
  0.15000002735258058
  0.15000002735260407
  0.15000000000000002
  0.15000002370831308
  0.15000002665208473
  0.15000002717625699
  0.15000002718150585
  0.15000002718152919
  0.14999999999999999
  0.15000002352189545
  0.15000002644251895
  0.15000002696256692
  0.15000002696777445
  0.15000002696779757
  0.14999999999999997
  0.15000002330436402
  0.15000002619797537
  0.15000002671321117
  0.15000002671837048
  0.15000002671839344
  0.14999999999999994
  0.15000002466193194
  0.15000002772411936
  0.15000002826938724
  0.15000002827484729
  0.15000002827487163
  0.15000000000000002
  0.15000002462173453
  0.15000002767893039
  0.15000002822330891
  0.15000002822876016
  0.15000002822878444
  0.14999999999999997
  0.15000002453216982
  0.15000002757824357
  0.15000002812064056
  0.15000002812607197
  0.15000002812609617
  0.14999999999999999
  0.15000002439601257
  0.15000002742517857
  0.1500000279645628
  0.15000002796996395
  0.15000002796998788
  0.14999999999999994
  0.15000002421766101
  0.15000002722467978
  0.15000002776011759
  0.15000002776547913
  0.15000002776550306
  0.14999999999999999
  0.15000002400295542
  0.15000002698331266
  0.15000002751399996
  0.15000002751931407
  0.1500000275193378
  0.14999999999999997
  0.15000002530043272
  0.15000002844190671
  0.15000002900129994
  0.15000002900690154
  0.15000002900692649
  0.14999999999999999
  0.15000002523169595
  0.15000002836463402
  0.15000002892250655
  0.15000002892809272
  0.15000002892811759
  0.15000000000000002
  0.15000002511181512
  0.15000002822986652
  0.15000002878508598
  0.15000002879064567
  0.1500000287906704
  0.14999999999999997
  0.15000002494462869
  0.15000002804191864
  0.15000002859343819
  0.15000002859896083
  0.1500000285989854
  0.14999999999999999
  0.15000002473561266
  0.15000002780694699
  0.15000002835384135
  0.15000002835931775
  0.15000002835934204
  0.15000000000000002
  0.15000002449165553
  0.15000002753269553
  0.15000002807419135
  0.15000002807961363
  0.15000002807963769
  0.15000000000000002
  0.1500000259995313
  0.15000002922781766
  0.1500000298026791
  0.15000002980843549
  0.150000029808461
  0.14999999999999999
  0.15000002595502379
  0.15000002917778321
  0.15000002975165994
  0.15000002975740645
  0.15000002975743199
  0.15000000000000002
  0.15000002585488173
  0.15000002906520521
  0.15000002963686537
  0.15000002964258977
  0.15000002964261516
  0.14999999999999999
  0.1500000257022519
  0.15000002889362132
  0.15000002946190313
  0.15000002946759372
  0.15000002946761898
  0.14999999999999999
  0.15000002550212096
  0.1500000286686374
  0.15000002923248967
  0.15000002923813588
  0.15000002923816094
  0.14999999999999999
  0.1500000252611047
  0.15000002839769119
  0.15000002895620901
  0.15000002896180173
  0.15000002896182643
  0.14999999999999999
  0.15000002670087831
  0.15000003001625808
  0.15000003060663977
  0.1500000306125516
  0.15000003061257774
  0.14999999999999997
  0.15000002662416181
  0.15000002993001449
  0.15000003051869779
  0.15000003052459265
  0.15000003052461885
  0.15000000000000002
  0.15000002648976751
  0.15000002977893029
  0.1500000303646383
  0.1500000303705033
  0.15000003037052947
  0.14999999999999999
  0.15000002630205364
  0.15000002956790467
  0.15000003014945693
  0.15000003015528035
  0.15000003015530627
  0.14999999999999999
  0.15000002606723384
  0.1500000293039237
  0.15000002988027752
  0.15000002988604888
  0.15000002988607461
  0.15000000000000002
  0.15000002579311567
  0.15000002899576428
  0.15000002956605027
  0.15000002957176087
  0.15000002957178626
  0.14999999999999999
  0.1500000274677869
  0.15000003087840333
  0.15000003148575886
  0.15000003149184063
  0.15000003149186777
  0.15000000000000005
  0.15000002741838556
  0.15000003082286695
  0.15000003142912882
  0.15000003143519969
  0.1500000314352268
  0.14999999999999997
  0.1500000273061815
  0.15000003069672851
  0.15000003130050588
  0.15000003130655176
  0.15000003130657866
  0.14999999999999999
  0.15000002713475272
  0.15000003050400978
  0.15000003110399096
  0.15000003110999888
  0.15000003111002549
  0.14999999999999994
  0.15000002690976641
  0.15000003025108233
  0.15000003084608135
  0.15000003085203942
  0.15000003085206587
  0.14999999999999999
  0.15000002663873371
  0.15000002994639028
  0.15000003053538832
  0.15000003054128624
  0.15000003054131245
  0.14999999999999999
  0.15000002823605751
  0.15000003174208246
  0.15000003236644577
  0.15000003237269782
  0.15000003237272566
  0.14999999999999994
  0.1500000281502564
  0.15000003164562556
  0.15000003226808847
  0.15000003227432157
  0.1500000322743493
  0.14999999999999997
  0.15000002799931095
  0.15000003147593366
  0.15000003209505275
  0.15000003210125235
  0.15000003210127996
  0.14999999999999999
  0.1500000277881815
  0.15000003123858252
  0.15000003185302516
  0.1500000318591779
  0.15000003185920541
  0.14999999999999999
  0.15000002752393413
  0.15000003094151698
  0.15000003155010691
  0.15000003155620104
  0.15000003155622807
  0.15000000000000002
  0.15000002721543579
  0.15000003059470587
  0.15000003119646338
  0.15000003120248909
  0.15000003120251598
  0.15000000000000002
  0.15000002907545509
  0.15000003268572479
  0.1500000333286747
  0.150000033335113
  0.15000003333514156
  0.14999999999999999
  0.1500000290205018
  0.15000003262394646
  0.15000003326567929
  0.15000003327210537
  0.15000003327213388
  0.14999999999999999
  0.15000002889455497
  0.15000003248235741
  0.15000003312129934
  0.15000003312769739
  0.15000003312772583
  0.15000000000000002
  0.15000002870169205
  0.15000003226554065
  0.15000003290020886
  0.15000003290656419
  0.15000003290659239
  0.14999999999999999
  0.15000002844836763
  0.15000003198075285
  0.15000003260980832
  0.15000003261610736
  0.1500000326161354
  0.14999999999999997
  0.1500000281431263
  0.15000003163760128
  0.15000003225989411
  0.15000003226612546
  0.15000003226615316
  0.14999999999999999
  0.15000002991516739
  0.1500000336297248
  0.15000003429127406
  0.15000003429789852
  0.15000003429792802
  0.14999999999999997
  0.15000002981903071
  0.15000003352164754
  0.150000034181066
  0.15000003418766911
  0.15000003418769847
  0.15000000000000002
  0.15000002964922368
  0.15000003333074968
  0.15000003398640357
  0.15000003399296899
  0.15000003399299813
  0.14999999999999999
  0.15000002941140403
  0.1500000330633908
  0.15000003371377288
  0.15000003372028553
  0.15000003372031445
  0.14999999999999999
  0.15000002911362331
  0.15000003272862392
  0.15000003337240608
  0.15000003337885268
  0.1500000333788814
  0.15000000000000005
  0.15000002876597104
  0.15000003233779255
  0.15000003297387005
  0.15000003298023945
  0.15000003298026776
  0.14999999999999999
  0.15000003083224106
  0.15000003466069894
  0.15000003534256817
  0.15000003534939618
  0.15000003534942655
  0.14999999999999999
  0.15000003077099222
  0.15000003459184247
  0.15000003527235414
  0.15000003527916853
  0.15000003527919881
  0.14999999999999999
  0.15000003062939543
  0.15000003443265766
  0.15000003511002888
  0.15000003511681179
  0.1500000351168419
  0.15000000000000002
  0.15000003041210694
  0.1500000341883789
  0.15000003486093047
  0.15000003486766503
  0.15000003486769498
  0.14999999999999999
  0.15000003012649307
  0.15000003386728761
  0.15000003453350541
  0.15000003454017666
  0.15000003454020627
  0.14999999999999999
  0.15000002978229293
  0.15000003348033408
  0.15000003413891991
  0.15000003414551474
  0.150000034145544
  0.14999999999999997
  0.15000003174839396
  0.15000003569064407
  0.15000003639282178
  0.1500000363998531
  0.1500000363998843
  0.14999999999999999
  0.15000003164050196
  0.15000003556934974
  0.1500000362691335
  0.15000003627614086
  0.15000003627617203
  0.14999999999999997
  0.15000003144920837
  0.15000003535429318
  0.15000003604983148
  0.15000003605679638
  0.15000003605682738
  0.14999999999999999
  0.15000003118097885
  0.15000003505274323
  0.15000003574232909
  0.15000003574923435
  0.15000003574926507
  0.14999999999999999
  0.15000003084500557
  0.15000003467503503
  0.15000003535716677
  0.15000003536399731
  0.15000003536402759
  0.14999999999999999
  0.15000003045278887
  0.15000003423409844
  0.15000003490753028
  0.15000003491427374
  0.15000003491430372
  0.14999999999999997
  0.15000003274888851
  0.15000003681541393
  0.1500000375397802
  0.15000003754703373
  0.15000003754706584
  0.14999999999999999
  0.15000003268050144
  0.15000003673853204
  0.15000003746138085
  0.15000003746861917
  0.15000003746865129
  0.15000000000000002
  0.15000003252108621
  0.1500000365593121
  0.15000003727862093
  0.15000003728582384
  0.15000003728585579
  0.15000000000000002
  0.15000003227597064
  0.150000036283745
  0.15000003699761025
  0.15000003700475864
  0.15000003700479031
  0.15000000000000002
  0.1500000319535772
  0.15000003592129998
  0.15000003662800668
  0.15000003663508335
  0.15000003663511471
  0.15000000000000002
  0.1500000315650265
  0.15000003548447988
  0.15000003618256172
  0.15000003618955204
  0.15000003618958316
  0.14999999999999999
  0.15000003374700649
  0.15000003793752203
  0.15000003868403802
  0.15000003869151329
  0.15000003869154654
  0.14999999999999999
  0.15000003362574457
  0.15000003780119453
  0.15000003854501617
  0.15000003855246447
  0.15000003855249755
  0.15000000000000002
  0.15000003340997631
  0.15000003755861785
  0.15000003829764383
  0.15000003830504413
  0.15000003830507708
  0.14999999999999999
  0.15000003310710458
  0.15000003721811575
  0.15000003795041064
  0.15000003795774355
  0.15000003795777622
  0.14999999999999999
  0.15000003272764309
  0.15000003679150889
  0.15000003751537311
  0.15000003752262156
  0.15000003752265384
  0.15000000000000005
  0.15000003228472134
  0.15000003629355974
  0.15000003700758696
  0.15000003701473691
  0.15000003701476861
  0.14999999999999999
  0.15000003483728014
  0.150000039163245
  0.15000003993397248
  0.1500000399416902
  0.15000003994172456
  0.14999999999999999
  0.15000003476079873
  0.15000003907726159
  0.15000003984628954
  0.15000003985399035
  0.15000003985402463
  0.14999999999999999
  0.15000003458109479
  0.15000003887522756
  0.15000003964025796
  0.15000003964791855
  0.15000003964795253
  0.14999999999999999
  0.15000003430427705
  0.15000003856401217
  0.15000003932288414
  0.15000003933048314
  0.15000003933051684
  0.14999999999999997
  0.15000003393999364
  0.15000003815446378
  0.15000003890523314
  0.1500000389127511
  0.15000003891278452
  0.14999999999999999
  0.15000003350096366
  0.1500000376608826
  0.15000003840189163
  0.15000003840931181
  0.15000003840934487
  0.15000000000000002
  0.15000003592346436
  0.15000004038438586
  0.15000004117925525
  0.15000004118721472
  0.15000004118725008
  0.14999999999999999
  0.15000003578699339
  0.15000004023095548
  0.15000004102278661
  0.15000004103071563
  0.15000004103075093
  0.15000000000000002
  0.15000003554334276
  0.15000003995702413
  0.15000004074342854
  0.15000004075130333
  0.15000004075133841
  0.14999999999999999
  0.15000003520100563
  0.15000003957214234
  0.15000004035092315
  0.15000004035872153
  0.15000004035875619
  0.14999999999999999
  0.15000003477202753
  0.15000003908985399
  0.15000003985908547
  0.15000003986678823
  0.15000003986682248
  0.14999999999999999
  0.15000003427142203
  0.15000003852704125
  0.15000003928513525
  0.15000003929272646
  0.15000003929276012
  0.15000000000000002
  0.15000003711055315
  0.15000004171898601
  0.15000004254026578
  0.15000004254848975
  0.15000004254852631
  0.14999999999999999
  0.15000003702488982
  0.15000004162267686
  0.15000004244204895
  0.15000004245025375
  0.15000004245029017
  0.14999999999999999
  0.15000003682207785
  0.15000004139465581
  0.15000004220950536
  0.15000004221766494
  0.15000004221770119
  0.14999999999999999
  0.15000003650913615
  0.15000004104281575
  0.15000004185068619
  0.15000004185877591
  0.1500000418588118
  0.14999999999999999
  0.15000003609713744
  0.1500000405796077
  0.15000004137829326
  0.15000004138629092
  0.15000004138632655
  0.14999999999999999
  0.15000003560065259
  0.15000004002141634
  0.15000004080903992
  0.15000004081692681
  0.15000004081696186
  0.14999999999999999
  0.15000003829153877
  0.15000004304674791
  0.15000004389433536
  0.15000004390282273
  0.15000004390286048
  0.14999999999999999
  0.15000003813775917
  0.15000004287385119
  0.15000004371800529
  0.15000004372645837
  0.15000004372649586
  0.14999999999999999
  0.15000003786233362
  0.15000004256418334
  0.15000004340218528
  0.15000004341057671
  0.15000004341061393
  0.14999999999999999
  0.15000003747502519
  0.15000004212872417
  0.15000004295807676
  0.15000004296638161
  0.15000004296641853
  0.14999999999999997
  0.15000003698965877
  0.15000004158302035
  0.15000004240153944
  0.1500000424097358
  0.15000004240977224
  0.14999999999999999
  0.15000003642342966
  0.15000004094640798
  0.1500000417522987
  0.15000004176036863
  0.15000004176040455
  0.15000000000000002
  0.15000003958322858
  0.15000004449899973
  0.15000004537540026
  0.15000004538417627
  0.15000004538421519
  0.14999999999999999
  0.15000003948714266
  0.15000004439096865
  0.15000004526522331
  0.1500000452739777
  0.15000004527401672
  0.14999999999999999
  0.15000003925799993
  0.15000004413333151
  0.1500000450024592
  0.15000004501116218
  0.15000004501120096
  0.14999999999999997
  0.15000003890388044
  0.15000004373517659
  0.15000004459637989
  0.15000004460500363
  0.15000004460504204
  0.14999999999999999
  0.15000003843751569
  0.15000004321082161
  0.15000004406159423
  0.15000004407011355
  0.1500000440701513
  0.15000000000000002
  0.15000003787562677
  0.15000004257907149
  0.15000004341728712
  0.15000004342568066
  0.15000004342571796
  0.14999999999999999
  0.15000004086644866
  0.15000004594176528
  0.15000004684684151
  0.15000004685590465
  0.15000004685594495
  0.14999999999999997
  0.15000004069295902
  0.1500000457466977
  0.15000004664788569
  0.15000004665690983
  0.15000004665694985
  0.15000000000000002
  0.15000004038130463
  0.15000004539627704
  0.15000004629047536
  0.15000004629942956
  0.15000004629946934
  0.14999999999999999
  0.15000003994273026
  0.15000004490315177
  0.15000004578751738
  0.15000004579637302
  0.15000004579641238
  0.15000000000000002
  0.15000003939313206
  0.15000004428520006
  0.15000004515725346
  0.15000004516598586
  0.15000004516602472
  0.15000000000000005
  0.15000003875223511
  0.15000004356460503
  0.15000004442231704
  0.15000004443090575
  0.150000044430944
  0.14999999999999999
  0.15000004227135624
  0.15000004752139012
  0.15000004845792214
  0.15000004846730022
  0.15000004846734197
  0.14999999999999999
  0.15000004216343096
  0.15000004740004072
  0.15000004833415304
  0.15000004834350678
  0.15000004834354833
  0.14999999999999999
  0.15000004190426608
  0.15000004710862894
  0.15000004803691472
  0.1500000480462102
  0.15000004804625158
  0.15000000000000002
  0.15000004150318341
  0.150000046657641
  0.15000004757690924
  0.15000004758611446
  0.15000004758615529
  0.14999999999999999
  0.15000004097484942
  0.15000004606357462
  0.15000004697097333
  0.1500000469800597
  0.15000004698010011
  0.14999999999999999
  0.15000004033848621
  0.15000004534804959
  0.150000046241168
  0.15000004625011129
  0.15000004625015106
  0.15000000000000005
  0.15000004366501443
  0.15000004908842199
  0.1500000500562382
  0.15000005006592951
  0.15000005006597264
  0.14999999999999997
  0.15000004346906329
  0.15000004886808255
  0.15000004983148332
  0.15000004984113041
  0.15000004984117332
  0.15000000000000002
  0.15000004311607484
  0.15000004847115547
  0.15000004942659484
  0.15000004943616219
  0.15000004943620471
  0.14999999999999999
  0.15000004261902763
  0.15000004791224195
  0.15000004885647694
  0.15000004886593216
  0.15000004886597409
  0.15000000000000005
  0.1500000419962329
  0.15000004721194105
  0.15000004814215323
  0.15000004815146797
  0.15000004815150927
  0.14999999999999999
  0.1500000412703546
  0.15000004639574477
  0.15000004730963856
  0.15000004731878985
  0.15000004731883054
  0.14999999999999999
  0.15000004519268031
  0.15000005080619744
  0.1500000518083999
  0.15000005181843556
  0.15000005181848008
  0.15000000000000005
  0.15000004507129336
  0.15000005066970121
  0.1500000516691663
  0.15000005167917457
  0.15000005167921918
  0.14999999999999999
  0.15000004477787116
  0.15000005033973943
  0.15000005133256392
  0.15000005134250569
  0.15000005134254984
  0.15000000000000002
  0.15000004432319139
  0.15000004982843884
  0.15000005081097381
  0.15000005082081258
  0.15000005082085627
  0.14999999999999999
  0.15000004372418402
  0.15000004915484805
  0.15000005012384213
  0.15000005013354523
  0.15000005013358833
  0.14999999999999999
  0.15000004300298478
  0.1500000483438694
  0.15000004929658711
  0.15000004930612723
  0.1500000493061697
  0.14999999999999997
  0.15000004670583167
  0.15000005250773815
  0.15000005354412385
  0.1500000535545018
  0.15000005355454787
  0.14999999999999997
  0.1500000464842601
  0.15000005225856322
  0.15000005328991836
  0.15000005330024596
  0.1500000533002917
  0.15000000000000002
  0.15000004608407641
  0.1500000518085173
  0.15000005283077592
  0.15000005284101237
  0.150000052841058
  0.14999999999999997
  0.15000004552029167
  0.15000005117449317
  0.15000005218394724
  0.15000005219405552
  0.15000005219410043
  0.14999999999999999
  0.15000004481404094
  0.15000005038027256
  0.15000005137371308
  0.15000005138366104
  0.15000005138370523
  0.14999999999999999
  0.15000004399140796
  0.15000004945520112
  0.15000005043003029
  0.15000005043979187
  0.15000005043983525
  0.14999999999999999
  0.15000004836682387
  0.1500000543756263
  0.1500000554496809
  0.15000005546043604
  0.15000005546048392
  0.15000000000000002
  0.15000004823011415
  0.15000005422188295
  0.15000005529282956
  0.15000005530355362
  0.15000005530360125
  0.14999999999999999
  0.15000004789756655
  0.1500000538478756
  0.15000005491122725
  0.15000005492187526
  0.15000005492192259
  0.15000000000000002
  0.15000004738167058
  0.15000005326766244
  0.15000005431923277
  0.15000005432976293
  0.15000005432980976
  0.14999999999999999
  0.1500000467020102
  0.15000005250328474
  0.1500000535393593
  0.15000005354973414
  0.15000005354978022
  0.15000000000000002
  0.15000004588412383
  0.1500000515834822
  0.15000005260095289
  0.15000005261114144
  0.15000005261118668
  0.14999999999999999
  0.1500000500094654
  0.15000005622301113
  0.15000005733451008
  0.15000005734564023
  0.15000005734568969
  0.14999999999999999
  0.1500000497586399
  0.15000005594089647
  0.15000005704664032
  0.15000005705771285
  0.15000005705776212
  0.15000000000000002
  0.15000004930451946
  0.15000005543011607
  0.15000005652542553
  0.15000005653639359
  0.1500000565364423
  0.14999999999999999
  0.15000004866450545
  0.15000005471026073
  0.15000005579088255
  0.15000005580170347
  0.15000005580175163
  0.15000000000000005
  0.15000004786304172
  0.1500000538088454
  0.15000005487111928
  0.15000005488175649
  0.15000005488180382
  0.15000000000000002
  0.15000004693020016
  0.15000005275971429
  0.15000005380069892
  0.15000005381112291
  0.15000005381116924
  0.15000000000000002
  0.15000005181549669
  0.15000005825430596
  0.15000005940719921
  0.15000005941874386
  0.1500000594187951
  0.14999999999999999
  0.15000005166132438
  0.1500000580808972
  0.15000005923024595
  0.15000005924175516
  0.15000005924180637
  0.14999999999999997
  0.15000005128404575
  0.15000005765650609
  0.15000005879712849
  0.15000005880855025
  0.15000005880860112
  0.15000000000000002
  0.15000005069816874
  0.15000005699747102
  0.15000005812454592
  0.150000058135832
  0.15000005813588221
  0.14999999999999999
  0.15000004992639732
  0.15000005612935691
  0.15000005723862742
  0.15000005724973525
  0.15000005724978455
  0.14999999999999999
  0.15000004899825325
  0.15000005508539974
  0.15000005617333018
  0.15000005618422441
  0.15000005618427278
  0.14999999999999997
  0.15000005359866822
  0.15000006026009544
  0.15000006145415659
  0.15000006146611353
  0.15000006146616673
  0.14999999999999994
  0.15000005331440125
  0.15000005994030166
  0.15000006112774472
  0.1500000611396354
  0.15000006113968822
  0.14999999999999997
  0.15000005279857667
  0.1500000593599958
  0.15000006053540951
  0.15000006054717974
  0.15000006054723208
  0.14999999999999999
  0.1500000520714152
  0.15000005854195575
  0.15000005970044183
  0.1500000597120425
  0.15000005971209404
  0.15000000000000005
  0.15000005116124762
  0.15000005751808865
  0.15000005865546059
  0.15000005866684982
  0.15000005866690033
  0.15000000000000002
  0.15000005010280779
  0.15000005632750221
  0.15000005744042941
  0.15000005745157385
  0.15000005745162354
  0.14999999999999999
  0.15000005556272841
  0.1500000624695951
  0.15000006370934849
  0.15000006372176297
  0.15000006372181812
  0.15000000000000002
  0.15000005538862804
  0.15000006227372883
  0.15000006350941733
  0.1500000635217911
  0.150000063521846
  0.15000000000000002
  0.1500000549601507
  0.15000006179162503
  0.15000006301722776
  0.15000006302950056
  0.15000006302955507
  0.14999999999999999
  0.15000005429419236
  0.15000006104232508
  0.15000006225226259
  0.15000006226437851
  0.15000006226443233
  0.14999999999999997
  0.15000005341713521
  0.15000006005555558
  0.15000006124492998
  0.15000006125683998
  0.15000006125689294
  0.14999999999999999
  0.15000005236317618
  0.15000005886983647
  0.15000006003461908
  0.15000006004628288
  0.15000006004633476
  0.14999999999999999
  0.15000005749862344
  0.15000006464772814
  0.15000006593298087
  0.15000006594585108
  0.15000006594590828
  0.14999999999999997
  0.1500000571760787
  0.15000006428476823
  0.15000006556235984
  0.15000006557515327
  0.15000006557521017
  0.15000000000000002
  0.15000005658958437
  0.15000006362476426
  0.1500000648883959
  0.1500000649010495
  0.15000006490110593
  0.14999999999999997
  0.15000005576269626
  0.15000006269427274
  0.1500000639382755
  0.15000006395073257
  0.15000006395078797
  0.15000000000000005
  0.15000005472832484
  0.15000006153038495
  0.15000006274995453
  0.1500000627621669
  0.15000006276222111
  0.15000000000000005
  0.15000005352666537
  0.15000006017838521
  0.15000006136974872
  0.1500000613816786
  0.15000006138173153
  0.15000000000000002
  0.15000005963512589
  0.15000006705193816
  0.15000006838794372
  0.15000006840132218
  0.15000006840138161
  0.14999999999999999
  0.15000005943825009
  0.15000006683038083
  0.15000006816169009
  0.15000006817502148
  0.15000006817508071
  0.14999999999999999
  0.15000005895109764
  0.15000006628206763
  0.15000006760163184
  0.15000006761484552
  0.1500000676149042
  0.14999999999999997
  0.1500000581933989
  0.15000006542925581
  0.15000006673057331
  0.15000006674360436
  0.1500000667436622
  0.14999999999999999
  0.15000005719588644
  0.15000006430660515
  0.1500000655840148
  0.1500000655968064
  0.1500000655968633
  0.14999999999999999
  0.15000005599825691
  0.15000006295886614
  0.15000006420776599
  0.15000006422027201
  0.15000006422032777
  0.14999999999999999
  0.15000006173721275
  0.15000006941791288
  0.15000007080457264
  0.15000007081845834
  0.15000007081852013
  0.14999999999999999
  0.1500000613707935
  0.15000006900541515
  0.15000007038312921
  0.15000007039692528
  0.1500000703969866
  0.15000000000000002
  0.15000006070326175
  0.15000006825390907
  0.15000006961528511
  0.1500000696289176
  0.15000006962897819
  0.14999999999999997
  0.15000005976213207
  0.15000006719444928
  0.15000006853288136
  0.15000006854628403
  0.15000006854634362
  0.14999999999999999
  0.15000005858572557
  0.15000006587026807
  0.1500000671802206
  0.15000006719333808
  0.15000006719339629
  0.15000000000000005
  0.1500000572206511
  0.15000006433391896
  0.15000006561111695
  0.15000006562390639
  0.1500000656239632
  0.15000000000000002
  0.15000006406215671
  0.1500000720352874
  0.15000007347880379
  0.15000007349325886
  0.15000007349332323
  0.15000000000000002
  0.15000006383920994
  0.15000007178428196
  0.15000007322232131
  0.15000007323672157
  0.15000007323678555
  0.14999999999999999
  0.15000006328472318
  0.15000007115987804
  0.15000007258410533
  0.15000007259836728
  0.15000007259843073
  0.14999999999999999
  0.15000006242180342
  0.15000007018817707
  0.15000007159095075
  0.15000007160499781
  0.15000007160506024
  0.14999999999999999
  0.15000006128634363
  0.15000006890970938
  0.15000007028444365
  0.15000007029820986
  0.15000007029827109
  0.14999999999999999
  0.15000005992452925
  0.15000006737659652
  0.15000006871802091
  0.15000006873145358
  0.15000006873151325
  0.15000000000000002
  0.15000006634530852
  0.15000007460637524
  0.15000007610684526
  0.15000007612187083
  0.15000007612193758
  0.14999999999999997
  0.15000006592852455
  0.15000007413691546
  0.15000007562682316
  0.15000007564174286
  0.15000007564180917
  0.14999999999999997
  0.15000006516794495
  0.15000007328016932
  0.15000007475074595
  0.15000007476547217
  0.15000007476553762
  0.14999999999999999
  0.15000006409579938
  0.1500000720725673
  0.15000007351604847
  0.15000007353050318
  0.15000007353056743
  0.15000000000000005
  0.15000006275682015
  0.15000007056464565
  0.15000007197461868
  0.15000007198873788
  0.15000007198880075
  0.14999999999999999
  0.15000006120516615
  0.15000006881754127
  0.15000007018916195
  0.15000007020289707
  0.15000007020295805
  0.15000000000000002
  0.15000006887645573
  0.15000007745760605
  0.15000007902250342
  0.15000007903817408
  0.15000007903824372
  0.15000000000000005
  0.15000006862361442
  0.15000007717277061
  0.15000007873120266
  0.15000007874680868
  0.15000007874687801
  0.14999999999999999
  0.15000006799174548
  0.15000007646074628
  0.15000007800273099
  0.15000007801817225
  0.15000007801824092
  0.14999999999999999
  0.1500000670079924
  0.15000007535225118
  0.15000007686870623
  0.15000007688389183
  0.15000007688395936
  0.15000000000000002
  0.15000006571438959
  0.15000007389483186
  0.15000007537803339
  0.15000007539288596
  0.15000007539295199
  0.14999999999999999
  0.15000006416479791
  0.15000007214936356
  0.15000007359325607
  0.15000007360771489
  0.15000007360777912
  0.14999999999999997
  0.15000007135708496
  0.15000008025310915
  0.15000008188289121
  0.15000008189921188
  0.1500000818992844
  0.14999999999999994
  0.15000007088239428
  0.15000007971800486
  0.15000008133513862
  0.15000008135133255
  0.15000008135140461
  0.15000000000000002
  0.1500000700148304
  0.15000007873997376
  0.15000008033391549
  0.15000008034987705
  0.15000008034994797
  0.14999999999999999
  0.15000006879225572
  0.15000007736190452
  0.15000007892342576
  0.15000007893906267
  0.15000007893913214
  0.14999999999999999
  0.15000006726702292
  0.15000007564305434
  0.15000007716467662
  0.15000007717991393
  0.15000007717998165
  0.14999999999999997
  0.15000006550220127
  0.15000007365473197
  0.15000007513097
  0.15000007514575281
  0.15000007514581853
  0.14999999999999997
  0.15000007411414848
  0.1500000833614771
  0.15000008506536799
  0.15000008508243082
  0.15000008508250667
  0.15000000000000002
  0.15000007382696531
  0.15000008303767909
  0.15000008473381918
  0.15000008475080442
  0.15000008475087992
  0.14999999999999999
  0.1500000731060338
  0.15000008222453029
  0.15000008390077346
  0.15000008391755942
  0.15000008391763406
  0.15000000000000002
  0.15000007198333973
  0.1500000809583216
  0.15000008260372075
  0.15000008262019779
  0.15000008262027095
  0.15000000000000005
  0.15000007050824785
  0.15000007929502401
  0.15000008090042563
  0.15000008091650202
  0.15000008091657352
  0.14999999999999997
  0.15000006874372501
  0.15000007730595102
  0.15000007886437064
  0.15000007887997649
  0.15000007888004591
  0.14999999999999999
  0.15000007681033917
  0.15000008640304058
  0.15000008818212182
  0.15000008819993785
  0.15000008820001703
  0.14999999999999997
  0.15000007626896059
  0.15000008579209442
  0.15000008755575947
  0.15000008757342109
  0.15000008757349967
  0.14999999999999999
  0.15000007527821593
  0.15000008467396944
  0.150000086409325
  0.15000008642670307
  0.15000008642678045
  0.14999999999999999
  0.15000007388271736
  0.15000008309934815
  0.15000008479527144
  0.15000008481225455
  0.15000008481233004
  0.14999999999999997
  0.15000007214390143
  0.15000008113795144
  0.1500000827856465
  0.15000008280214647
  0.15000008280221974
  0.14999999999999999
  0.15000007013537947
  0.150000078873189
  0.15000008046645757
  0.15000008048241242
  0.15000008048248326
  0.14999999999999997
  0.15000007981517624
  0.15000008979485024
  0.15000009166081946
  0.15000009167950576
  0.15000009167958889
  0.14999999999999997
  0.15000007948846464
  0.15000008942604612
  0.15000009128254332
  0.15000009130113479
  0.15000009130121739
  0.14999999999999997
  0.15000007866487197
  0.15000008849588919
  0.150000090327844
  0.15000009034618964
  0.15000009034627115
  0.14999999999999999
  0.15000007738220861
  0.15000008704743112
  0.15000008884141819
  0.15000008885938351
  0.15000008885946334
  0.15000000000000005
  0.15000007569861468
  0.15000008514680777
  0.15000008689183797
  0.15000008690931294
  0.15000008690939065
  0.15000000000000002
  0.15000007368788973
  0.15000008287783781
  0.15000008456581995
  0.15000008458272346
  0.15000008458279862
  0.15000000000000002
  0.15000008274680227
  0.15000009310684609
  0.15000009506182857
  0.15000009508140649
  0.15000009508149356
  0.14999999999999997
  0.15000008212849378
  0.15000009240802298
  0.15000009434380757
  0.15000009436319325
  0.15000009436327938
  0.14999999999999999
  0.15000008099572321
  0.15000009112766005
  0.15000009302815645
  0.15000009304718862
  0.15000009304727316
  0.14999999999999997
  0.15000007940120996
  0.15000008932589065
  0.1500000911774613
  0.15000009119600333
  0.15000009119608582
  0.14999999999999999
  0.15000007741725116
  0.15000008708505508
  0.15000008887724625
  0.15000008889519342
  0.15000008889527344
  0.14999999999999999
  0.15000007512996105
  0.15000008450302288
  0.15000008622885955
  0.15000008624614225
  0.15000008624621899
  0.14999999999999999
  0.15000008602360143
  0.15000009681197188
  0.15000009887124402
  0.15000009889186691
  0.15000009889195851
  0.14999999999999997
  0.15000008565129419
  0.15000009639099807
  0.1500000984384221
  0.15000009845892628
  0.15000009845901732
  0.14999999999999999
  0.15000008470919085
  0.15000009532506378
  0.15000009734150699
  0.15000009736170078
  0.15000009736179043
  0.14999999999999999
  0.15000008324211683
  0.15000009366545275
  0.15000009563410446
  0.15000009565381944
  0.15000009565390707
  0.15000000000000002
  0.15000008131874581
  0.1500000914906329
  0.15000009339808984
  0.15000009341719175
  0.15000009341727652
  0.14999999999999997
  0.15000007902580004
  0.15000008889948271
  0.15000009073632678
  0.15000009075472132
  0.15000009075480292
  0.14999999999999999
  0.1500000892124041
  0.15000010042197223
  0.15000010258936414
  0.15000010261107005
  0.15000010261116653
  0.14999999999999999
  0.15000008850520605
  0.15000009962099339
  0.1500001017638703
  0.1500001017853306
  0.15000010178542603
  0.15000000000000002
  0.15000008720846786
  0.15000009815219842
  0.15000010024999461
  0.15000010027100324
  0.15000010027109667
  0.14999999999999999
  0.15000008538466222
  0.15000009608723211
  0.15000009812288195
  0.15000009814326806
  0.15000009814335868
  0.15000000000000002
  0.15000008311910912
  0.1500000935237466
  0.15000009548467114
  0.15000009550430862
  0.150000095504396
  0.14999999999999999
  0.15000008051278688
  0.15000009057697475
  0.15000009245538978
  0.15000009247420071
  0.15000009247428439
  0.14999999999999999
  0.1500000927878474
  0.15000010447455889
  0.15000010677063608
  0.15000010679363121
  0.15000010679373343
  0.14999999999999999
  0.1500000923628203
  0.15000010399285377
  0.15000010627370183
  0.15000010629654437
  0.15000010629664592
  0.14999999999999994
  0.15000009128373079
  0.15000010276885326
  0.15000010500954458
  0.1500001050319848
  0.15000010503208458
  0.14999999999999999
  0.15000008960382794
  0.15000010086386992
  0.15000010304283851
  0.15000010306466033
  0.15000010306475731
  0.15000000000000002
  0.15000008740446585
  0.15000009837142911
  0.15000010047201881
  0.15000010049305537
  0.15000010049314891
  0.14999999999999997
  0.1500000847878262
  0.15000009540865511
  0.15000009741985476
  0.15000009743999584
  0.15000009744008547
  0.14999999999999999
  0.15000009625742411
  0.15000010841391553
  0.15000011084524303
  0.15000011086959333
  0.15000011086970166
  0.14999999999999999
  0.15000009544737924
  0.15000010749375864
  0.15000010989289012
  0.15000010991691778
  0.15000010991702462
  0.14999999999999999
  0.1500000939611332
  0.15000010580538106
  0.15000010814531622
  0.15000010816875081
  0.15000010816885503
  0.14999999999999994
  0.15000009187289945
  0.15000010343452222
  0.15000010569339398
  0.15000010571601638
  0.15000010571611691
  0.15000000000000002
  0.15000008928366981
  0.15000010049755003
  0.15000010266000485
  0.15000010268166128
  0.15000010268175742
  0.14999999999999999
  0.15000008631212969
  0.15000009713066198
  0.15000009918814819
  0.15000009920875293
  0.15000009920884444
  0.15000000000000002
  0.15000010016079343
  0.15000011285329629
  0.1500001154484023
  0.1500001154743936
  0.15000011547450917
  0.14999999999999994
  0.15000009967465061
  0.15000011230053423
  0.15000011487546347
  0.15000011490125267
  0.15000011490136728
  0.15000000000000002
  0.15000009843706893
  0.15000011089186638
  0.15000011341322222
  0.15000011343847452
  0.15000011343858674
  0.15000000000000002
  0.15000009651130802
  0.15000010870075817
  0.150000111140114
  0.15000011116454476
  0.15000011116465334
  0.14999999999999997
  0.15000009399404857
  0.15000010583928308
  0.15000010817549331
  0.15000010819889045
  0.15000010819899448
  0.14999999999999997
  0.15000009100601525
  0.15000010244682424
  0.15000010466697064
  0.15000010468920497
  0.15000010468930389
  0.14999999999999999
  0.15000010393638016
  0.15000011715779896
  0.15000011992757167
  0.15000011995531312
  0.15000011995543652
  0.14999999999999999
  0.15000010300730571
  0.15000011609815536
  0.1500001188243818
  0.15000011885168701
  0.1500001188518085
  0.14999999999999999
  0.15000010130186237
  0.15000011415292674
  0.1500001167991
  0.15000011682560296
  0.15000011682572092
  0.14999999999999999
  0.15000009890846269
  0.15000011142529435
  0.15000011396265397
  0.15000011398806665
  0.15000011398817956
  0.15000000000000002
  0.15000009594703981
  0.15000010805471839
  0.15000011046422476
  0.15000011048835638
  0.15000011048846368
  0.15000000000000002
  0.15000009255740482
  0.15000010420286172
  0.15000010647539422
  0.15000010649815332
  0.15000010649825454
  0.15000000000000002
  0.15000010818954931
  0.1500001220182498
  0.15000012500282772
  0.15000012503272184
  0.15000012503285462
  0.15000000000000002
  0.15000010763711058
  0.15000012138730948
  0.15000012434459689
  0.15000012437421753
  0.1500001243743492
  0.14999999999999999
  0.15000010622142099
  0.15000011976816449
  0.15000012265209847
  0.15000012268098398
  0.1500001226811124
  0.14999999999999999
  0.15000010401145053
  0.15000011724204113
  0.1500001200137574
  0.15000012004151839
  0.15000012004164182
  0.14999999999999997
  0.15000010112788417
  0.15000011395028812
  0.15000011658230986
  0.15000011660867105
  0.15000011660878818
  0.14999999999999999
  0.15000009771371897
  0.15000011005962779
  0.15000011253678427
  0.15000011256159365
  0.15000011256170387
  0.14999999999999997
  0.15000011228829058
  0.15000012671831847
  0.15000012993533812
  0.15000012996756171
  0.15000012996770504
  0.14999999999999997
  0.15000011123783225
  0.15000012551361105
  0.15000012867100035
  0.15000012870262633
  0.15000012870276697
  0.15000000000000005
  0.15000010928184629
  0.15000012327013906
  0.15000012631614218
  0.15000012634665191
  0.15000012634678758
  0.15000000000000002
  0.15000010653614565
  0.15000012012465747
  0.15000012302023208
  0.1500001230492343
  0.15000012304936325
  0.14999999999999999
  0.15000010314674647
  0.15000011624895832
  0.15000011897008977
  0.15000011899734386
  0.15000011899746502
  0.14999999999999999
  0.15000009927867675
  0.15000011183583961
  0.15000011437335684
  0.15000011439877098
  0.15000011439888405
  0.14999999999999999
  0.15000011691804027
  0.15000013204453341
  0.15000013555173358
  0.15000013558686545
  0.15000013558702163
  0.14999999999999999
  0.15000011631125307
  0.15000013134765308
  0.15000013481876837
  0.15000013485353855
  0.15000013485369318
  0.15000000000000002
  0.15000011469206576
  0.15000012948346583
  0.15000013285121247
  0.15000013288494668
  0.15000013288509675
  0.15000000000000002
  0.15000011215338005
  0.15000012656307718
  0.15000012977263555
  0.15000012980478433
  0.15000012980492725
  0.14999999999999997
  0.15000010884781856
  0.15000012276762689
  0.15000012578243122
  0.15000012581262814
  0.15000012581276254
  0.14999999999999997
  0.15000010494494717
  0.1500001182974417
  0.15000012109973734
  0.15000012112780467
  0.15000012112792951
  0.15000000000000002
  0.15000012136762361
  0.15000013718874264
  0.15000014101554926
  0.15000014105388443
  0.15000014105405512
  0.14999999999999999
  0.15000012019972961
  0.15000013583930583
  0.15000013958377076
  0.1500001396212807
  0.15000013962144756
  0.15000000000000002
  0.15000011795419768
  0.15000013324386013
  0.15000013682872804
  0.15000013686463837
  0.15000013686479804
  0.14999999999999999
  0.150000114802081
  0.15000012960684347
  0.15000013297770362
  0.15000013301146903
  0.15000013301161913
  0.15000000000000002
  0.15000011092086057
  0.15000012514033101
  0.15000012826634196
  0.15000012829765344
  0.15000012829779263
  0.14999999999999997
  0.15000010650586812
  0.15000012007573585
  0.15000012294882367
  0.1500001229776004
  0.15000012297772838
  0.14999999999999999
  0.15000012616138417
  0.15000014275311474
  0.15000014696062761
  0.15000014700277878
  0.1500001470029661
  0.14999999999999997
  0.15000012576241764
  0.15000014229504269
  0.15000014647925616
  0.15000014652117383
  0.15000014652136037
  0.14999999999999997
  0.15000012390505943
  0.15000014013685439
  0.15000014417055318
  0.15000014421096217
  0.15000014421114216
  0.15000000000000002
  0.15000012098730581
  0.15000013675094218
  0.15000014055539884
  0.15000014059351002
  0.15000014059367978
  0.15000000000000002
  0.15000011719600451
  0.1500001323629957
  0.15000013588828273
  0.1500001359235959
  0.15000013592375311
  0.15000000000000002
  0.15000011273332731
  0.15000012721610281
  0.15000013044167634
  0.15000013047398555
  0.15000013047412919
  0.14999999999999994
  0.15000013130944681
  0.1500001487756627
  0.15000015346954068
  0.15000015351656709
  0.15000015351677534
  0.14999999999999997
  0.1500001299618399
  0.15000014720025792
  0.15000015176914941
  0.15000015181492302
  0.15000015181512616
  0.15000000000000005
  0.15000012737283258
  0.15000014417610527
  0.15000014850933571
  0.15000014855274707
  0.15000014855293986
  0.14999999999999999
  0.15000012375219268
  0.15000013995732123
  0.15000014397785466
  0.15000014401813172
  0.1500001440183108
  0.15000000000000002
  0.15000011930646948
  0.15000013479628818
  0.15000013846375379
  0.15000013850049193
  0.15000013850065563
  0.14999999999999999
  0.15000011426752427
  0.15000012897299228
  0.15000013228282094
  0.1500001323159745
  0.15000013231612211
  0.14999999999999999
  0.15000013608104129
  0.15000015439308301
  0.15000015959712368
  0.15000015964926408
  0.15000015964949662
  0.15000000000000002
  0.15000013723564343
  0.150000155741671
  0.15000016105074895
  0.15000016110394226
  0.1500001611041816
  0.14999999999999999
  0.15000013391831019
  0.15000015184867282
  0.15000015682568743
  0.15000015687555213
  0.1500001568757737
  0.14999999999999997
  0.15000013056202668
  0.15000014790697544
  0.15000015254313506
  0.15000015258958299
  0.15000015258978905
  0.14999999999999994
  0.15000012621318609
  0.15000014281872592
  0.15000014704445072
  0.1500001470867845
  0.15000014708697182
  0.14999999999999997
  0.15000012111067945
  0.15000013687806774
  0.15000014067011466
  0.15000014070810141
  0.15000014070827036
  0.14999999999999997
  0.15000014045291546
  0.15000015957981594
  0.15000016531879382
  0.1500001653762969
  0.15000016537655572
  0.15000000000000002
  0.15000014057536359
  0.15000015972653877
  0.15000016548384487
  0.15000016554153173
  0.15000016554179071
  0.15000000000000002
  0.15000013758819558
  0.15000015618654808
  0.15000016158728735
  0.15000016164139962
  0.15000016164164298
  0.14999999999999997
  0.15000013342951637
  0.15000015127552088
  0.15000015620848459
  0.15000015625790775
  0.15000015625812935
  0.14999999999999997
  0.15000012839190183
  0.15000014535692771
  0.15000014977329598
  0.1500001498175407
  0.15000014981773685
  0.15000000000000005
  0.15000012258866433
  0.15000013858239775
  0.15000014247529186
  0.15000014251428948
  0.15000014251446259
  0.15000000000000005
  0.15000014478247059
  0.15000016476008413
  0.15000017110690256
  0.15000017117049927
  0.15000017117078077
  0.14999999999999999
  0.15000014092133973
  0.15000016015072146
  0.15000016597924143
  0.1500001660376423
  0.15000016603790192
  0.15000000000000005
  0.15000014795174321
  0.15000016855574549
  0.15000017534941609
  0.15000017541749264
  0.15000017541778868
  0.15000000000000005
  0.15000013597004325
  0.15000015427097632
  0.15000015948663697
  0.15000015953889412
  0.15000015953913112
  0.14999999999999997
  0.15000013020584513
  0.15000014747248838
  0.1500001520522832
  0.15000015209816614
  0.15000015209837103
  0.14999999999999997
  0.15000015044260911
  0.15000017156121984
  0.15000017874673849
  0.15000017881874339
  0.15000017881905472
  0.15000000000000002
  0.15000015198255714
  0.15000017345553943
  0.15000018094890685
  0.1500001810239982
  0.15000018102432827
  0.14999999999999997
  0.15000014864285419
  0.15000016941843003
  0.15000017637712318
  0.15000017644685429
  0.15000017644715269
  0.14999999999999999
  0.15000014386863419
  0.15000016367678434
  0.15000016992123735
  0.15000016998380797
  0.15000016998407364
  0.14999999999999997
  0.15000013148282337
  0.15000014895622923
  0.15000015364266747
  0.15000015368961933
  0.15000015368982952
  0.14999999999999997
  0.1500001382448812
  0.15000015696058636
  0.15000016244327438
  0.15000016249820838
  0.15000016249845258
  0.14999999999999997
  0.15000015961721871
  0.15000018279458804
  0.15000019171346871
  0.15000019180285187
  0.15000019180328772
  0.15000000000000002
  0.15000015935684913
  0.15000018248054806
  0.15000019135820697
  0.15000019144717677
  0.15000019144760882
  0.14999999999999999
  0.1500001587275617
  0.1500001817301449
  0.15000019052632357
  0.15000019061447667
  0.15000019061489203
  0.14999999999999999
  0.15000015646464468
  0.15000017895338025
  0.15000018731490122
  0.15000018739869647
  0.15000018739909074
  0.14999999999999997
  0.150000152098515
  0.15000017362577298
  0.15000018120086198
  0.15000018127677278
  0.15000018127713302
  0.14999999999999999
  0.15000014638544149
  0.15000016670279162
  0.1500001733306375
  0.15000017339705179
  0.15000017339733346
  0.15000000000000002
  0.15000014020123487
  0.15000015928105645
  0.15000016500756516
  0.15000016506494337
  0.15000016506519373
  0.15000000000000002
  0.15000016421836401
  0.15000018857918956
  0.15000019864367672
  0.15000019874454618
  0.15000019874498374
  0.15000000000000002
  0.15000016056465149
  0.15000018404771087
  0.1500001933248544
  0.15000019341782986
  0.15000019341827184
  0.15000000000000005
  0.15000015509433398
  0.15000017730457779
  0.1500001854734441
  0.15000018555530803
  0.15000018555573494
  0.14999999999999999
  0.15000014842742551
  0.15000016916273334
  0.15000017611226105
  0.15000017618190037
  0.15000017618222647
  0.15000000000000005
  0.15000017007913136
  0.1500001959506912
  0.15000020747531728
  0.15000020759082677
  0.15000020759122168
  0.15000000000000005
  0.15000014314253027
  0.1500001627681157
  0.15000016885810527
  0.15000016891912737
  0.15000016891939585
  0.14999999999999999
  0.15000017058992432
  0.1500001966288913
  0.15000020834858679
  0.1500002084660523
  0.15000020846644685
  0.14999999999999999
  0.15000014980407489
  0.1500001708338414
  0.15000017802558913
  0.15000017809765681
  0.15000017809799684
  0.14999999999999997
  0.15000016918882353
  0.15000019489515426
  0.15000020632671701
  0.15000020644129367
  0.15000020644167844
  0.14999999999999999
  0.15000016410647513
  0.15000018850600491
  0.15000019868501127
  0.15000019878702936
  0.1500001987872836
  0.14999999999999999
  0.15000015758898705
  0.15000018039154719
  0.15000018910156404
  0.15000018918885377
  0.15000018918925587
  0.14999999999999999
  0.15000017692159445
  0.15000020485544382
  0.15000021865484606
  0.15000021879316253
  0.1500002187940527
  0.14999999999999999
  0.15000017335535956
  0.15000020029529867
  0.15000021308006867
  0.15000021320821283
  0.15000021320890902
  0.15000000000000002
  0.15000016704085181
  0.15000019224467523
  0.15000020326095084
  0.15000020337136399
  0.15000020337167003
  0.14999999999999999
  0.15000018228692633
  0.15000021184072274
  0.15000022742241881
  0.15000022757860507
  0.15000022757992007
  0.15000000000000002
  0.1500001820440337
  0.1500002115503449
  0.15000022709965022
  0.15000022725551226
  0.15000022725652978
  0.14999999999999999
  0.15000015992766186
  0.15000018328631448
  0.15000019250947313
  0.15000019260190772
  0.15000019260221559
  0.15000000000000002
  0.1500001549890326
  0.15000017715801187
  0.15000018530090786
  0.15000018538251164
  0.15000018538287144
  0.14999999999999994
  0.15000018310456859
  0.15000021303274549
  0.15000022913589467
  0.15000022929730977
  0.15000022929845011
  0.14999999999999997
  0.15000018273702337
  0.15000021261264562
  0.15000022872187849
  0.15000022888335568
  0.15000022888439241
  0.15000000000000002
  0.15000016924576828
  0.15000019508400456
  0.15000020679364084
  0.15000020691100538
  0.15000020691167137
  0.14999999999999999
  0.15000017692424036
  0.15000020500710168
  0.15000021912725514
  0.15000021926878762
  0.1500002192705675
  0.14999999999999999
  0.15000019485758118
  0.15000022906569446
  0.15000025051402122
  0.15000025072904319
  0.15000025072783413
  0.15000000000000005
  0.15000017911767677
  0.15000020794634136
  0.1500002229824105
  0.15000022313312927
  0.1500002231337646
  0.14999999999999994
  0.15000019398665088
  0.15000022792731263
  0.15000024908229542
  0.150000249294372
  0.15000024929478717
  0.15000000000000002
  0.15000019213512808
  0.15000022537600791
  0.1500002456441332
  0.15000024584732211
  0.15000024584616156
  0.15000000000000005
  0.15000018669956289
  0.15000021806363953
  0.15000023608967503
  0.15000023627037828
  0.15000023626923292
  0.15000000000000002
  0.15000016675630473
  0.15000019189342531
  0.15000020288841157
  0.15000020299861105
  0.15000020299924266
  0.15000000000000002
  0.15000016115790543
  0.1500001847971934
  0.15000019428610775
  0.1500001943812069
  0.15000019438157794
  0.14999999999999999
  0.15000017348176567
  0.15000020056692401
  0.15000021365498784
  0.15000021378617423
  0.15000021378713166
  0.15000000000000002
  0.15000017966206064
  0.1500002087294465
  0.15000022411361222
  0.15000022426782383
  0.15000022426736712
  0.15000000000000002
  0.15000018961624836
  0.15000022220389278
  0.15000024191924391
  0.15000024211689006
  0.15000024211289467
  0.14999999999999999
  0.15000019690995142
  0.15000023225886519
  0.15000025547473428
  0.15000025570746625
  0.15000025571037498
  0.14999999999999999
  0.15000020434523156
  0.15000024295829384
  0.15000027067926397
  0.15000027095716684
  0.15000027095870405
  0.15000000000000002
  0.15000020831572108
  0.15000024869942324
  0.15000027889118456
  0.15000027919384509
  0.15000027920310824
  0.14999999999999999
  0.15000020760538421
  0.15000024770476911
  0.15000027751601286
  0.15000027781485117
  0.15000027782284439
  0.14999999999999997
  0.15000019974227335
  0.15000023652450981
  0.15000026189940932
  0.1500002621537655
  0.15000026216846576
  0.15000000000000002
  0.15000017994386969
  0.15000020911899176
  0.15000022468090424
  0.15000022483689607
  0.15000022483646672
  0.15000000000000002
  0.15000017386493372
  0.15000020105729781
  0.15000021429433538
  0.1500002144270158
  0.15000021442761943
  0.14999999999999999
  0.15000018640529794
  0.1500002178967951
  0.15000023634572712
  0.15000023653066347
  0.15000023653107616
  0.14999999999999999
  0.15000020757417237
  0.15000024792098027
  0.15000027829635848
  0.1500002786008362
  0.15000027861344054
  0.14999999999999999
  0.15000019323544522
  0.15000022737677238
  0.15000024927582686
  0.15000024949535104
  0.15000024950137192
  0.14999999999999997
  0.15000020087883387
  0.15000023841071164
  0.15000026505442079
  0.15000026532151292
  0.15000026533685157
  0.15000000000000005
  0.15000021266890853
  0.15000025601032879
  0.15000029115523461
  0.15000029150770519
  0.1500002914777398
  0.14999999999999999
  0.15000021881981049
  0.15000026546502737
  0.15000030559037472
  0.15000030599280409
  0.15000030597801031
  0.14999999999999999
  0.15000022157405327
  0.15000026987035664
  0.15000031262916241
  0.15000031305799119
  0.1500003130334536
  0.14999999999999999
  0.15000021100763139
  0.15000025383072571
  0.15000028850595259
  0.15000028885370817
  0.15000028880138372
  0.14999999999999999
  0.15000019395746847
  0.15000022855980347
  0.15000025128160976
  0.15000025150939905
  0.15000025151541893
  0.14999999999999999
  0.15000018744322005
  0.15000021936185848
  0.15000023845276061
  0.15000023864413578
  0.15000023864659748
  0.14999999999999997
  0.15000020044431955
  0.15000023798084097
  0.15000026486116219
  0.15000026513067655
  0.15000026512611511
  0.14999999999999999
  0.15000020689374355
  0.15000024762225905
  0.15000027920767581
  0.15000027952441577
  0.15000027948824801
  0.15000000000000002
  0.15000022056332749
  0.15000026879898018
  0.15000031185978674
  0.15000031229166849
  0.15000031227255126
  0.14999999999999997
  0.15000023594964257
  0.15000029547680269
  0.15000035798857447
  0.15000035861488203
  0.1500003587315957
  0.14999999999999999
  0.15000023512188315
  0.15000029415082569
  0.15000035585484689
  0.15000035647305091
  0.15000035655270882
  0.14999999999999999
  0.15000022985261313
  0.1500002853479461
  0.15000034126606243
  0.15000034182622662
  0.15000034191871175
  0.14999999999999997
  0.15000022574411942
  0.15000027846668271
  0.15000032981200231
  0.15000033032640406
  0.15000033048631492
  0.15000000000000005
  0.15000023341363752
  0.15000029144452579
  0.15000035162483677
  0.15000035222771088
  0.15000035228477035
  0.14999999999999999
  0.15000022090088783
  0.15000027046285805
  0.15000031663516847
  0.15000031709775011
  0.15000031727442031
  0.14999999999999999
  0.15000021499035213
  0.15000026079690246
  0.15000030082965821
  0.15000030123083347
  0.15000030130409309
  0.14999999999999999
  0.1500002086374469
  0.15000025070088258
  0.15000028476082797
  0.15000028510225841
  0.1500002850938944
  0.15000000000000002
  0.15000020176613701
  0.15000024013113017
  0.15000026848144785
  0.15000026876568398
  0.15000026875282788
  0.14999999999999999
  0.15000019452734664
  0.15000022940349722
  0.15000025261867855
  0.15000025285141669
  0.15000025285386215
  0.15000000000000005
  0.15000024914085772
  0.15000032328525373
  0.15000041444426493
  0.15000041536042585
  0.15000041498238983
  0.14999999999999999
  0.15000024758468594
  0.15000032046989256
  0.1500004094134478
  0.150000410307528
  0.15000041008152021
  0.14999999999999999
  0.15000024470638021
  0.15000031506992237
  0.15000039949015931
  0.15000040033885328
  0.15000040011915541
  0.14999999999999999
  0.15000024078819149
  0.1500003076974164
  0.15000038589405379
  0.15000038668010809
  0.15000038620081294
  0.15000000000000002
  0.15000023590478939
  0.15000029854051233
  0.15000036899052069
  0.15000036969859659
  0.15000036901209662
  0.15000000000000002
  0.15000023011909147
  0.15000028782518382
  0.15000034932907655
  0.15000034994693154
  0.15000034948242885
  0.15000000000000002
  0.15000022363964571
  0.15000027615529415
  0.15000032835429028
  0.15000032887815495
  0.15000032881167846
  0.15000000000000002
  0.15000021656156004
  0.15000026390734511
  0.15000030707481696
  0.15000030750766014
  0.15000030758170688
  0.15000000000000002
  0.15000020899893918
  0.15000025144238704
  0.15000028638634108
  0.15000028673665036
  0.15000028675270083
  0.15000000000000002
  0.15000020106906775
  0.15000023903999371
  0.15000026688153073
  0.1500002671606652
  0.15000026715040848
  0.14999999999999999
  0.15000026192301077
  0.15000035642161999
  0.15000049170186089
  0.15000049305010868
  0.15000049467720417
  0.14999999999999999
  0.15000026090026897
  0.15000035438790435
  0.15000048771210425
  0.15000048904014876
  0.15000049019796965
  0.14999999999999999
  0.15000025854267604
  0.15000034939542403
  0.15000047763615978
  0.15000047891296112
  0.1500004796151185
  0.14999999999999997
  0.1500002549685554
  0.15000034166050649
  0.15000046177815757
  0.15000046297408007
  0.15000046418371366
  0.15000000000000005
  0.15000025032833844
  0.15000033150958669
  0.15000044070601171
  0.15000044179345684
  0.15000044416287539
  0.14999999999999999
  0.15000024476108917
  0.15000031936227887
  0.15000041537417733
  0.15000041633095171
  0.15000041872475295
  0.14999999999999997
  0.15000023839367246
  0.15000030578527729
  0.15000038735941182
  0.15000038817399519
  0.15000038910774763
  0.14999999999999999
  0.1500002313417321
  0.15000029141261015
  0.15000035856703581
  0.15000035923962274
  0.15000035905979603
  0.15000000000000002
  0.15000022368890353
  0.15000027676461822
  0.15000033060238749
  0.1500003311423978
  0.15000033097337992
  0.14999999999999999
  0.15000021552890189
  0.15000026223050572
  0.15000030453156002
  0.15000030495571343
  0.15000030499406175
  0.14999999999999999
  0.15000027200136248
  0.15000039341988389
  0.15000059391475873
  0.15000059596090534
  0.15000059054006049
  0.15000000000000005
  0.15000027023623302
  0.15000038913665278
  0.15000058439736741
  0.15000058639338043
  0.15000058320607129
  0.15000000000000002
  0.15000026717674822
  0.15000038136144295
  0.15000056674031731
  0.15000056863656444
  0.15000056575427259
  0.15000000000000002
  0.15000026299056801
  0.15000037034744698
  0.15000054108544122
  0.15000054283106254
  0.1500005361330134
  0.15000000000000002
  0.15000025786149759
  0.15000035655146163
  0.1500005082593166
  0.15000050980911198
  0.15000049988895395
  0.14999999999999999
  0.15000025193312408
  0.15000034067723775
  0.15000047024382607
  0.15000047156322335
  0.1500004649890366
  0.15000000000000005
  0.15000024528150815
  0.15000032360211102
  0.15000043005984018
  0.1500004311353168
  0.15000043045662875
  0.14999999999999997
  0.15000023793195472
  0.15000030615318821
  0.15000039079090974
  0.15000039163965528
  0.15000039266421772
  0.14999999999999999
  0.15000022991027895
  0.15000028892127698
  0.15000035456835215
  0.15000035522605931
  0.15000035529874139
  0.15000000000000002
  0.15000022128627544
  0.15000027223713183
  0.15000032228501647
  0.15000032278709141
  0.15000032265455818
  0.14999999999999999
  0.15000027938590688
  0.15000043819070513
  0.15000074012061868
  0.15000074300691077
  0.15000076600395096
  0.15000000000000002
  0.15000027829638168
  0.15000043517303677
  0.15000073270464245
  0.15000073553573715
  0.15000075180452618
  0.14999999999999999
  0.15000027587575335
  0.15000042783956066
  0.15000071440275867
  0.15000071711876459
  0.15000072656065777
  0.15000000000000002
  0.15000027231911872
  0.15000041629536384
  0.15000068452891191
  0.1500006870717413
  0.15000070303518137
  0.15000000000000002
  0.15000026788224349
  0.15000040086265587
  0.15000064288464926
  0.15000064518377854
  0.1500006788099856
  0.15000000000000002
  0.15000026277452039
  0.15000038228040977
  0.15000059111337699
  0.15000059310377434
  0.150000627716187
  0.15000000000000002
  0.15000025705459061
  0.15000036173662767
  0.15000053351827983
  0.15000053518218237
  0.15000054744689822
  0.14999999999999999
  0.15000025063274045
  0.15000034061317197
  0.15000047613434578
  0.15000047748251058
  0.15000047415459541
  0.15000000000000002
  0.1500002433662378
  0.150000319886511
  0.1500004236029279
  0.15000042464671814
  0.1500004228151075
  0.15000000000000002
  0.15000023521230524
  0.15000030004179765
  0.15000037788585691
  0.15000037866586272
  0.15000037933497187
  0.16798371256669622
  0.16798371256853925
  0.16798371257254929
  0.16798371257619138
  0.16798371257867961
  0.16798371258018521
  0.16798371258101033
  0.16798371258143197
  0.16798371258153927
  0.16798371256877204
  0.1679837125719354
  0.16798371257565978
  0.16798371257853187
  0.16798371258033173
  0.16798371258132183
  0.16798371258183842
  0.1679837125820586
  0.1679837125698839
  0.16798371257158248
  0.16798371257508404
  0.16798371257823047
  0.16798371258036854
  0.16798371258158085
  0.16798371258221273
  0.16798371258251021
  0.16798371258259556
  0.16798371257188291
  0.16798371257458911
  0.16798371257781206
  0.16798371258027936
  0.16798371258174971
  0.16798371258253714
  0.16798371258292044
  0.16798371258306632
  0.16798371257292199
  0.16798371257436748
  0.16798371257735534
  0.16798371258004705
  0.16798371258182873
  0.16798371258281319
  0.16798371258329559
  0.16798371258349762
  0.16798371258356257
  0.16798371257466654
  0.16798371257697239
  0.16798371257971698
  0.16798371258177924
  0.16798371258300449
  0.16798371258362274
  0.16798371258389114
  0.16798371258397926
  0.16798371257565659
  0.16798371257683228
  0.1679837125793153
  0.16798371258158551
  0.1679837125830691
  0.16798371258387113
  0.16798371258423778
  0.1679837125843725
  0.16798371258440672
  0.16798371257714065
  0.16798371257901104
  0.16798371258129166
  0.16798371258302616
  0.16798371258403619
  0.16798371258452546
  0.16798371258471828
  0.16798371258477626
  0.16798371257800537
  0.16798371257896724
  0.16798371258096617
  0.16798371258284941
  0.16798371258408454
  0.16798371258474026
  0.16798371258502193
  0.16798371258511477
  0.16798371258514119
  0.16798371257925768
  0.16798371258073
  0.16798371258257749
  0.16798371258401795
  0.16798371258486425
  0.16798371258525838
  0.16798371258540451
  0.16798371258544353
  0.16798371257996808
  0.16798371258071748
  0.16798371258231726
  0.16798371258386183
  0.16798371258489567
  0.16798371258543163
  0.16798371258565542
  0.16798371258572364
  0.16798371258573541
  0.16798371258097419
  0.16798371258212272
  0.16798371258361194
  0.16798371258479861
  0.16798371258551284
  0.16798371258584235
  0.16798371258595868
  0.1679837125859876
  0.16798371258154873
  0.16798371258210903
  0.16798371258338191
  0.16798371258463698
  0.16798371258549913
  0.1679837125859637
  0.16798371258614986
  0.16798371258620245
  0.16798371258621519
  0.16798371258232464
  0.16798371258322267
  0.16798371258440989
  0.16798371258538247
  0.16798371258598935
  0.16798371258628333
  0.16798371258638298
  0.16798371258640077
  0.16798371258272471
  0.16798371258317549
  0.16798371258417572
  0.16798371258519521
  0.16798371258593198
  0.1679837125863434
  0.16798371258651523
  0.16798371258656081
  0.16798371258657802
  0.16798371258330252
  0.16798371258400818
  0.16798371258578881
  0.16798371258498337
  0.16798371258658856
  0.16798371258633693
  0.16798371258668257
  0.16798371258670394
  0.16798371258622011
  0.16798371258357334
  0.16798371258391367
  0.16798371258559977
  0.16798371258474559
  0.16798371258675901
  0.16798371258660535
  0.16798371258682221
  0.16798371258684633
  0.16798371258677888
  0.16798371258607439
  0.16798371258685751
  0.16798371258391032
  0.16798371258653225
  0.16798371258452094
  0.16798371258536385
  0.16798371258690561
  0.16798371258639699
  0.16798371258408143
  0.16798371258435907
  0.16798371258692099
  0.16798371258590583
  0.1679837125869704
  0.16798371258510017
  0.16798371258676059
  0.16798371258696365
  0.1679837125863122
  0.16798371258418579
  0.16798371258697925
  0.16798371258658171
  0.1679837125869855
  0.16798371258688286
  0.14999999999999997
  0.15000028076793812
  0.15000048818190109
  0.15000094040395781
  0.15000094554754703
  0.15000086932977252
  0.15000000000000002
  0.15000027906150468
  0.15000048198759416
  0.15000092352354563
  0.15000092860188713
  0.15000088335360609
  0.15000000000000002
  0.15000027623820328
  0.15000047056321913
  0.15000089127357696
  0.15000089613456458
  0.15000085862043694
  0.14999999999999997
  0.15000027267010338
  0.15000045390726377
  0.15000084132166328
  0.15000084577534595
  0.15000075397699175
  0.14999999999999997
  0.1500002687458421
  0.15000043245691344
  0.15000077270518261
  0.150000776602768
  0.15000063240357578
  0.15000000000000002
  0.15000026462006036
  0.15000040755558866
  0.150000689528556
  0.1500006927105742
  0.15000059951618605
  0.15000000000000002
  0.15000026004495542
  0.15000038136678065
  0.15000060217628708
  0.15000060452039185
  0.15000060003267154
  0.15000000000000002
  0.15000025454853996
  0.15000035602508296
  0.1500005224981476
  0.15000052415867871
  0.15000053795499452
  0.14999999999999999
  0.15000024776173504
  0.15000033217975642
  0.15000045502563072
  0.15000045625316721
  0.15000045508937634
  0.14999999999999999
  0.15000023967613013
  0.15000030987411928
  0.1500003993652495
  0.1500004002680014
  0.15000039934685921
  0.16798371257898592
  0.1679837125854832
  0.16798371258417885
  0.16798371258701444
  0.16798371258326217
  0.16798371258675054
  0.16798371258228056
  0.16798371258647385
  0.16798371257412728
  0.16798371258405104
  0.16798371257116226
  0.16798371258320563
  0.16798371258392272
  0.16798371258694197
  0.16798371257711051
  0.16798371258495845
  0.16798371256752781
  0.16798371258211681
  0.16798371258083916
  0.16798371258605493
  0.16798371256522929
  0.16798371256664674
  0.16798371256895733
  0.16798371257139824
  0.16798371257358283
  0.16798371257548761
  0.16798371257703906
  0.16798371257819364
  0.16798371257909583
  0.16798371257979974
  0.16798371258034411
  0.16798371258071707
  0.16798371258099246
  0.16798371258116404
  0.16798371258128914
  0.1679837125681051
  0.16798371256964076
  0.16798371257173161
  0.16798371257379266
  0.16798371257572373
  0.16798371257738581
  0.16798371257872508
  0.16798371257975714
  0.16798371258057254
  0.16798371258111797
  0.16798371258151806
  0.1679837125818219
  0.16798371258201655
  0.16798371258215872
  0.16798371258223199
  0.16798371257093764
  0.16798371257231609
  0.16798371257405753
  0.16798371257601516
  0.16798371257765918
  0.16798371257910052
  0.16798371258030584
  0.16798371258119704
  0.16798371258178754
  0.16798371258225941
  0.16798371258256803
  0.16798371258278982
  0.16798371258295741
  0.16798371258303957
  0.16798371258310499
  0.16798371257364039
  0.16798371257474884
  0.16798371257622474
  0.16798371257791492
  0.16798371257937947
  0.16798371258063211
  0.16798371258160785
  0.167983712582359
  0.16798371258292091
  0.16798371258328446
  0.16798371258355749
  0.16798371258370828
  0.16798371258381148
  0.16798371258386807
  0.16798371258389397
  0.16798371257596642
  0.16798371257688943
  0.16798371257813588
  0.16798371257951664
  0.16798371258077829
  0.16798371258189596
  0.16798371258276171
  0.16798371258336381
  0.16798371258383896
  0.16798371258415137
  0.16798371258435618
  0.16798371258450015
  0.16798371258455708
  0.16798371258459677
  0.167983712584612
  0.16798371257805181
  0.16798371257873826
  0.16798371257978745
  0.16798371258093572
  0.16798371258196493
  0.1679837125829701
  0.16798371258367945
  0.16798371258422978
  0.16798371258461511
  0.16798371258488226
  0.1679837125850559
  0.16798371258515232
  0.16798371258519612
  0.16798371258522068
  0.16798371258522632
  0.16798371257976949
  0.16798371258035499
  0.16798371258120834
  0.167983712582087
  0.16798371258302089
  0.16798371258379524
  0.16798371258443937
  0.1679837125849058
  0.16798371258526801
  0.16798371258545275
  0.16798371258560754
  0.16798371258568651
  0.1679837125857202
  0.16798371258574332
  0.1679837125857444
  0.1679837125812251
  0.16798371258166539
  0.16798371258233916
  0.16798371258309086
  0.16798371258384925
  0.16798371258450503
  0.16798371258502345
  0.16798371258545164
  0.16798371258573927
  0.16798371258594941
  0.16798371258606187
  0.16798371258612146
  0.16798371258615963
  0.16798371258616596
  0.16798371258617023
  0.16798371258236455
  0.16798371258270822
  0.16798371258326386
  0.16798371258386002
  0.16798371258450082
  0.16798371258504016
  0.16798371258550562
  0.16798371258583428
  0.16798371258611436
  0.16798371258628306
  0.16798371258641082
  0.16798371258646511
  0.16798371258649536
  0.16798371258650921
  0.16798371258650344
  0.16798371258326283
  0.16798371258354394
  0.16798371258395195
  0.16798371258446493
  0.16798371258497352
  0.16798371258543185
  0.16798371258585179
  0.16798371258615941
  0.16798371258639563
  0.16798371258656208
  0.16798371258666264
  0.16798371258672135
  0.16798371258675518
  0.16798371258676334
  0.16798371258675124
  0.16798371258388409
  0.1679837125840995
  0.16798371258444517
  0.16798371258487302
  0.16798371258530756
  0.16798371258573477
  0.16798371258607667
  0.16798371258636344
  0.16798371258659248
  0.16798371258672795
  0.16798371258684183
  0.16798371258689729
  0.16798371258692918
  0.16798371258693476
  0.16798371258694061
  0.16798371258425696
  0.16798371258444106
  0.16798371258474307
  0.16798371258511693
  0.16798371258550174
  0.16798371258587952
  0.16798371258621672
  0.16798371258649031
  0.16798371258669648
  0.16798371258685321
  0.16798371258694159
  0.16798371258700048
  0.16798371258702963
  0.167983712587045
  0.16798371258704464
  0.15000000000000002
  0.15000027524852513
  0.15000054832902565
  0.15000123667400972
  0.15000124115740343
  0.15000156504514481
  0.14999999999999999
  0.15000027427422735
  0.15000054410259941
  0.15000122416344927
  0.15000122836575527
  0.15000145698185727
  0.14999999999999999
  0.15000027219823411
  0.15000053377224037
  0.15000119306063683
  0.15000119695808092
  0.15000132866981297
  0.14999999999999994
  0.15000026949431469
  0.15000051694897662
  0.15000113851204722
  0.15000114221060803
  0.15000134793136488
  0.14999999999999997
  0.15000026688302423
  0.15000049326624357
  0.15000105388479956
  0.15000105735271357
  0.15000153593009688
  0.14999999999999997
  0.15000026494454688
  0.15000046337386794
  0.15000093659515218
  0.15000093953045718
  0.15000144498017803
  0.14999999999999999
  0.15000026347382744
  0.15000043019710438
  0.15000079916208617
  0.15000080182990488
  0.15000095878285935
  0.15000000000000005
  0.15000026135099159
  0.15000039790978403
  0.15000066833409154
  0.15000067092624139
  0.15000061145804769
  0.15000000000000005
  0.1500002573951571
  0.15000036910804607
  0.15000056452210217
  0.15000056654312352
  0.15000055372281471
  0.15000000000000002
  0.15000025139892595
  0.15000034293321962
  0.15000048355442375
  0.15000048493355442
  0.15000049308773275
  0.16798371258284561
  0.16798371258669434
  0.16798371257907668
  0.16798371258567571
  0.16798371258365871
  0.16798371258692935
  0.16798371257499883
  0.16798371258458869
  0.16798371256881142
  0.16798371258294925
  0.16798371256307601
  0.16798371258427386
  0.1679837125871049
  0.1679837125819881
  0.16798371258651476
  0.16798371257189734
  0.16798371258387143
  0.16798371256293468
  0.16798371256852776
  0.1679837125742554
  0.16798371257630415
  0.16798371257779893
  0.16798371257974762
  0.16798371258073211
  0.16798371256630845
  0.16798371256836342
  0.16798371257191794
  0.16798371257448971
  0.16798371257642561
  0.1679837125782534
  0.1679837125796064
  0.16798371258059758
  0.1679837125812555
  0.16798371258170747
  0.16798371258194969
  0.16798371258220718
  0.16798371258231998
  0.1679837125824015
  0.1679837125824471
  0.16798371256969263
  0.16798371257433956
  0.16798371257669076
  0.16798371257855424
  0.16798371257998784
  0.16798371258122891
  0.16798371258195813
  0.16798371258331501
  0.16798371257281475
  0.16798371257447145
  0.16798371257652664
  0.16798371257848482
  0.16798371258025255
  0.16798371258145509
  0.16798371258237668
  0.16798371258309019
  0.16798371258357087
  0.1679837125838313
  0.16798371258401446
  0.16798371258404607
  0.16798371256496011
  0.16798371258411973
  0.16798371258408687
  0.16798371258227127
  0.16798371257687011
  0.16798371258526348
  0.16798371257541214
  0.16798371257666503
  0.16798371257837655
  0.16798371258153363
  0.16798371258271555
  0.16798371258352657
  0.16798371258444383
  0.16798371258475386
  0.16798371258482078
  0.16798371258483002
  0.16798371258484093
  0.16798371258481873
  0.16798371257761324
  0.16798371257866346
  0.16798371258014408
  0.16798371258141095
  0.16798371258260775
  0.16798371258364214
  0.16798371258437533
  0.16798371258481831
  0.16798371258517147
  0.16798371258534509
  0.16798371258543987
  0.16798371258546421
  0.16798371258544628
  0.16798371258544187
  0.16798371258542738
  0.16798371258070455
  0.16798371258624981
  0.16798371257954151
  0.1679837125814839
  0.16798371258353947
  0.16798371258442843
  0.16798371258499542
  0.16798371258547609
  0.16798371258574257
  0.16798371258597439
  0.16798371258594857
  0.16798371258595202
  0.16798371258593139
  0.16798371258117298
  0.16798371258174588
  0.16798371258258452
  0.1679837125835078
  0.16798371258432904
  0.16798371258499348
  0.16798371258547468
  0.16798371258591133
  0.16798371258614359
  0.16798371258630282
  0.1679837125863477
  0.16798371258639214
  0.16798371258638359
  0.16798371258635819
  0.16798371258634909
  0.16798371258236838
  0.16798371258350636
  0.1679837125849151
  0.16798371258593572
  0.167983712586464
  0.16798371258668984
  0.16798371258669761
  0.16798371258668998
  0.16798371258667646
  0.16798371258336955
  0.16798371258375347
  0.16798371258418929
  0.16798371258479991
  0.16798371258534023
  0.16798371258581346
  0.167983712586212
  0.16798371258650374
  0.16798371258670761
  0.16798371258684527
  0.16798371258690131
  0.16798371258693515
  0.16798371258693953
  0.16798371258693079
  0.16798371258404546
  0.16798371258429357
  0.16798371258469461
  0.16798371258513789
  0.16798371258562517
  0.1679837125860407
  0.16798371258638264
  0.16798371258666808
  0.16798371258687667
  0.16798371258706604
  0.16798371258709457
  0.16798371258710487
  0.1679837125870921
  0.1679837125870868
  0.16798371258442032
  0.16798371258464517
  0.16798371258497988
  0.16798371258537226
  0.16798371258579362
  0.16798371258617018
  0.16798371258650124
  0.16798371258676331
  0.16798371258695
  0.16798371258707939
  0.16798371258715383
  0.16798371258718567
  0.16798371258719835
  0.16798371258719288
  0.16798371258718928
  0.14999999999999997
  0.15000025874100803
  0.15000061336685042
  0.15000164626364265
  0.15000166713058888
  0.15000063558238763
  0.14999999999999997
  0.15000025738164668
  0.15000060516672661
  0.15000162012140977
  0.15000164136739721
  0.15000096455749518
  0.14999999999999997
  0.1500002553572167
  0.15000058977225675
  0.15000156810458004
  0.15000158906616368
  0.15000112273432598
  0.15000000000000002
  0.15000026205295594
  0.15000040969652192
  0.1500007173933858
  0.150000720090225
  0.15000088064878617
  0.15000000000000002
  0.15000025367762893
  0.15000056594911843
  0.15000147906718034
  0.15000149787274825
  0.15000024663559994
  0.15000000000000002
  0.15000025387647453
  0.15000053218376325
  0.15000133237039232
  0.1500013485923109
  0.1499992475462997
  0.14999999999999999
  0.15000025673000161
  0.15000048981533351
  0.15000112175942495
  0.1500011344692245
  0.14999979935327873
  0.16798371258310452
  0.16798371258688241
  0.15000000000000002
  0.15000026056167198
  0.15000044659897294
  0.15000089573815148
  0.15000090228412588
  0.15000094630867764
  0.15000000000000005
  0.15000025985927984
  0.15000038118633066
  0.15000060461824505
  0.15000060698698164
  0.15000056442354126
  0.15000000000000002
  0.15000025479573845
  0.15000035294128503
  0.1500005100461636
  0.15000051163987058
  0.15000052263860961
  0.16798371257977934
  0.16798371256824371
  0.16798371257514619
  0.16798371257935066
  0.16798371258159475
  0.16798371258252362
  0.16798371258288927
  0.16798371258300476
  0.1679837125741363
  0.16798371257880582
  0.16798371258220987
  0.16798371258393549
  0.16798371258461958
  0.16798371258470451
  0.16798371258467537
  0.16798371257889033
  0.16798371258174102
  0.16798371258423891
  0.16798371258543729
  0.16798371258593167
  0.16798371258600053
  0.16798371258588257
  0.16798371258205153
  0.16798371258374975
  0.16798371258532496
  0.16798371258623448
  0.16798371258665698
  0.16798371258673533
  0.16798371258668218
  0.16798371258399286
  0.16798371258491177
  0.16798371258594647
  0.16798371258669248
  0.16798371258705047
  0.16798371258715816
  0.16798371258713748
  0.16798371257371514
  0.16798371258482681
  0.16798371256679204
  0.16798371258328695
  0.16798371257875735
  0.16798371258596848
  0.16798371258209413
  0.1679837125867405
  0.16798371258409611
  0.16798371258718109
  0.16798371258455674
  0.16798371258729225
  0.15000000000000002
  0.1500002626746571
  0.15000041566070366
  0.15000074186707105
  0.15000074463917865
  0.15000092346310734
  0.16798371255879849
  0.16798371256314576
  0.16798371258156986
  0.16798371258170305
  0.1679837125817488
  0.16798371258179057
  0.16798371256260658
  0.1679837125761284
  0.16798371258197203
  0.16798371258237102
  0.16798371258274022
  0.16798371258276407
  0.16798371258277142
  0.16798371258276193
  0.16798371256759459
  0.167983712578163
  0.16798371258284608
  0.16798371258363867
  0.16798371257089084
  0.16798371257713149
  0.16798371258191164
  0.16798371258462461
  0.16798371258468325
  0.16798371258456773
  0.16798371257418365
  0.16798371257644229
  0.16798371258408812
  0.16798371258531911
  0.16798371258512992
  0.16798371257685751
  0.16798371258058112
  0.16798371258551767
  0.16798371258607175
  0.16798371258603315
  0.16798371258577313
  0.16798371258572045
  0.16798371257919115
  0.16798371258548433
  0.16798371258632921
  0.16798371258625472
  0.1679837125861886
  0.16798371258088785
  0.16798371258523709
  0.1679837125868075
  0.16798371258669761
  0.16798371258664202
  0.16798371258659361
  0.16798371258247496
  0.16798371258314448
  0.16798371258395448
  0.16798371258479997
  0.16798371258660197
  0.16798371258709088
  0.16798371258704853
  0.16798371258700304
  0.16798371258694331
  0.16798371258690437
  0.1679837125835508
  0.16798371258401654
  0.16798371258458764
  0.16798371258521427
  0.16798371258585751
  0.16798371258636902
  0.16798371258674435
  0.16798371258702138
  0.16798371258717637
  0.16798371258726161
  0.16798371258725692
  0.16798371258723774
  0.16798371258720526
  0.1679837125871721
  0.1679837125871434
  0.16798371258430073
  0.16798371258459116
  0.1679837125850443
  0.16798371258558512
  0.16798371258607245
  0.16798371258650904
  0.16798371258683673
  0.16798371258711636
  0.16798371258727074
  0.16798371258734401
  0.16798371258738695
  0.16798371258737479
  0.1679837125873502
  0.16798371258731754
  0.16798371258470174
  0.16798371258493591
  0.16798371258533143
  0.16798371258577621
  0.16798371258621514
  0.16798371258660305
  0.16798371258692185
  0.16798371258717176
  0.16798371258733211
  0.1679837125874189
  0.16798371258745931
  0.16798371258746095
  0.1679837125874411
  0.16798371258741499
  0.16798371258739606
  0.15000000000000002
  0.15000022978734501
  0.15000068685603524
  0.15000229092628359
  0.15000226405349057
  0.15000631059928055
  0.14999999999999997
  0.15000022906601337
  0.15000068167350544
  0.15000227478815142
  0.15000224702492371
  0.15000581382926054
  0.16798371255995836
  0.16798371258257672
  0.15000000000000002
  0.15000022768794397
  0.15000066889241051
  0.15000223316468977
  0.15000220147514651
  0.15000384220623206
  0.16798371256904296
  0.16798371258428324
  0.14999999999999997
  0.15000022608910354
  0.15000064818091582
  0.15000215158640412
  0.15000212321391279
  0.15000487749421676
  0.16798371257579797
  0.14999999999999997
  0.15000022686870984
  0.15000061542247387
  0.15000200464722527
  0.15000198219902525
  0.15000863486333033
  0.16798371258561454
  0.15000000000000005
  0.15000023360559719
  0.15000056574070594
  0.15000172464599504
  0.15000170526413914
  0.15000928912028383
  0.16798371258050324
  0.16798371258655911
  0.15000000000000002
  0.15000024678843182
  0.15000050287315714
  0.15000129946658516
  0.15000128803322413
  0.15000312864040846
  0.14999999999999994
  0.15000025921766591
  0.15000045168676548
  0.15000092711743288
  0.15000093263342901
  0.14999991633833876
  0.16798371258335948
  0.16798371258712572
  0.16798371257906547
  0.14999999999999991
  0.15000026317041534
  0.15000039779480656
  0.15000066001437767
  0.15000066246759561
  0.15000061617647609
  0.1679837125817957
  0.16798371256217842
  0.16798371258367656
  0.16798371257075279
  0.16798371258520048
  0.16798371257773698
  0.16798371258630451
  0.16798371258211259
  0.16798371258704212
  0.16798371258426825
  0.16798371258742034
  0.16798371258489014
  0.16798371258754408
  0.14999999999999999
  0.1500002623611815
  0.15000044898946321
  0.15000089756620874
  0.15000090460900686
  0.15000103459857994
  0.16798371255180275
  0.1679837125752891
  0.16798371258185565
  0.16798371258210396
  0.16798371258221978
  0.1679837125822175
  0.16798371255887351
  0.16798371257449354
  0.16798371257850017
  0.16798371258098291
  0.16798371258347808
  0.16798371258367212
  0.1679837125836596
  0.16798371258355016
  0.16798371258352435
  0.16798371258338138
  0.16798371258328515
  0.16798371258318368
  0.16798371256413247
  0.16798371258056716
  0.16798371258407704
  0.16798371258483696
  0.16798371258487568
  0.16798371258434602
  0.16798371256818237
  0.16798371257298209
  0.16798371257843919
  0.16798371258210995
  0.16798371258440656
  0.16798371258522768
  0.16798371258570521
  0.16798371258592726
  0.16798371258569247
  0.16798371258546357
  0.1679837125852276
  0.16798371258507022
  0.16798371258494135
  0.16798371257143532
  0.16798371258027534
  0.16798371258648531
  0.16798371258662478
  0.16798371258613079
  0.16798371257539618
  0.16798371257834005
  0.16798371258151235
  0.16798371258390163
  0.16798371258573039
  0.16798371258654113
  0.16798371258701589
  0.16798371258710551
  0.16798371258710143
  0.16798371258692363
  0.16798371258670111
  0.16798371258648326
  0.16798371258631445
  0.16798371258608458
  0.16798371257833361
  0.16798371258255659
  0.16798371258597647
  0.16798371258720857
  0.16798371258740039
  0.16798371258708084
  0.16798371258676259
  0.16798371258077044
  0.16798371258356165
  0.16798371258630176
  0.16798371258694789
  0.16798371258734832
  0.16798371258761818
  0.16798371258751571
  0.16798371258737668
  0.16798371258712061
  0.16798371258699663
  0.1679837125825476
  0.16798371258336772
  0.1679837125844548
  0.16798371258554706
  0.15213383889188117
  0.15213346724339477
  0.15221196527622677
  0.15223273827720443
  0.16798371258640435
  0.16798371258704098
  0.16798371258744352
  0.16798371258763864
  0.16798371258767503
  0.16798371258768319
  0.16798371258737724
  0.16798371258721326
  0.16798371258378259
  0.16798371258434563
  0.16798371258507483
  0.16798371258589681
  0.16798371258659037
  0.16798371258707462
  0.16798371258746028
  0.16798371258775879
  0.16798371258777378
  0.16798371258773462
  0.16798371258755723
  0.16798371258748404
  0.16798371258459163
  0.16798371258499811
  0.16798371258553504
  0.16798371258614272
  0.16798371258668968
  0.16798371258713085
  0.16798371258770756
  0.16798371258778527
  0.16798371258782971
  0.16798371258780742
  0.1679837125877367
  0.16798371258766753
  0.16798371258504693
  0.16798371258535805
  0.16798371258580333
  0.16798371258628819
  0.16798371258677228
  0.16798371258716563
  0.1679837125874786
  0.16798371258769326
  0.16798371258781211
  0.16798371258785175
  0.16798371258784223
  0.16798371258780342
  0.16798371258774833
  0.16798371258770256
  0.16798371258765737
  0.157459826050626
  0.15745943668562723
  0.15744766411206582
  0.1574431457865309
  0.1578343116663333
  0.1578338276729358
  0.15761668091242262
  0.15758297970427687
  0.15773577894292121
  0.15773538665442202
  0.15767960995589264
  0.15766666041703459
  0.15512992393762609
  0.15512951527253951
  0.15472636052946653
  0.15466476368420359
  0.15752747775287765
  0.15752686634243074
  0.15708294820388269
  0.15701652727508295
  0.1679837125473759
  0.16798371258300224
  0.16798371256230876
  0.1679837125847064
  0.15000000000000002
  0.15000026550695356
  0.15000043720428305
  0.15000082368260345
  0.15000082637744572
  0.15000101314954739
  0.15881786107222534
  0.15881739328962699
  0.15861210701795159
  0.15857994176590201
  0.16798371257267017
  0.16798371258601585
  0.16798371257986114
  0.16798371258690062
  0.15000000000000005
  0.15000024858713978
  0.15000050682901736
  0.15000130997273678
  0.1500012981884917
  0.15000258809986416
  0.1679837125835385
  0.16798371258743794
  0.16798371256391889
  0.1679837125801347
  0.16798371258487685
  0.16798371258564559
  0.16798371258491693
  0.16798371258440878
  0.1679837125839756
  0.16798371257035599
  0.16798371258320965
  0.16798371258713118
  0.16798371258741052
  0.16798371258690559
  0.16798371258608719
  0.16798371258560593
  0.1679837125774179
  0.16798371258400763
  0.16798371258732087
  0.16798371258806336
  0.16798371258771591
  0.1679837125871721
  0.16798371258673048
  0.16798371258223821
  0.16798371258517528
  0.16798371258734232
  0.16798371258806669
  0.16798371258805878
  0.16798371258770395
  0.16798371258741157
  0.16798371258465405
  0.16798371258601003
  0.16798371258732434
  0.16798371258797534
  0.16798371258811187
  0.16798371258795275
  0.16798371258775024
  0.16798371258223238
  0.16798371254755518
  0.16798371258410918
  0.15000000000000002
  0.15000025960552923
  0.15000049220249798
  0.15000111883271769
  0.15000113139228177
  0.14999966003863366
  0.16798371256278116
  0.16798371258561401
  0.16798371257560979
  0.16798371258670677
  0.16798371258181469
  0.15517348194346547
  0.15517305151819288
  0.15480377916322646
  0.15474929256937056
  0.16798371258740616
  0.16798371254214545
  0.16798371257427167
  0.16798371257995787
  0.1679837125830515
  0.16798371258413439
  0.1679837125840811
  0.16798371258381475
  0.16798371258324976
  0.16798371258283498
  0.16798371258472275
  0.16798371258775208
  0.16798371254803934
  0.16798371256674918
  0.16798371257867223
  0.16798371258413905
  0.16798371258592612
  0.16798371258640121
  0.16798371258638706
  0.16798371258608272
  0.16798371258551151
  0.16798371258496261
  0.16798371258450392
  0.16798371258415756
  0.16798371258390443
  0.16798371258374095
  0.16798371258536896
  0.1679837125878671
  0.16798371255959704
  0.16798371258064851
  0.16798371258745964
  0.1679837125878765
  0.16798371258554073
  0.16798371258514799
  0.16798371258482894
  0.16798371256174532
  0.16798371258320249
  0.16798371258576059
  0.16798371258843481
  0.16798371258822178
  0.1679837125876035
  0.16798371258646447
  0.16798371258599371
  0.16798371258565614
  0.16798371256749287
  0.16798371258690545
  0.16798371258863834
  0.16798371258868766
  0.16798371258813796
  0.16798371258664213
  0.16798371258632727
  0.16345130874399882
  0.16345186638963916
  0.1635276183026467
  0.1635044047410471
  0.1679837125724073
  0.16798371258362249
  0.16798371258857148
  0.16798371258919051
  0.16798371258844802
  0.16798371258755379
  0.16798371258686559
  0.16798371257695396
  0.16798371258644237
  0.16798371258796249
  0.16798371258871858
  0.16798371258883762
  0.16798371258856437
  0.16798371258820338
  0.16798371258756165
  0.16798371258726219
  0.16798371258706601
  0.16798371258008116
  0.16798371258781528
  0.16798371258861328
  0.1679837125883252
  0.16400594461717313
  0.16400741703986299
  0.16511195245231661
  0.165213473927428
  0.1679837125875715
  0.16798371258242217
  0.1679837125852916
  0.16798371258657405
  0.16798371258761283
  0.16798371258855532
  0.16798371258858541
  0.16798371258849351
  0.16798371258837447
  0.16798371258818362
  0.16798371258796327
  0.16798371258778921
  0.16798371258401279
  0.16798371258483416
  0.16798371258580042
  0.16798371258678971
  0.1679837125875214
  0.1679837125884848
  0.1679837125884622
  0.16798371258837641
  0.16798371258808376
  0.16798371258794906
  0.16798371258500125
  0.16798371258547978
  0.16798371258615585
  0.1679837125868581
  0.16798371258747119
  0.16798371258828654
  0.16798371258549333
  0.1679837125858635
  0.16798371258636521
  0.16798371258691588
  0.16798371258745176
  0.16798371258786871
  0.16798371258815389
  0.16798371258829795
  0.16798371258837394
  0.16798371258835687
  0.16798371258829498
  0.16798371258819944
  0.16798371258810788
  0.16798371258801706
  0.16798371258795944
  0.16429710996809133
  0.16429885810916617
  0.16548628057211678
  0.16558069322915905
  0.16448024395934621
  0.16448121358169207
  0.16495332671159918
  0.1649710352876208
  0.16613138031379079
  0.16613359474965644
  0.16797931029809615
  0.16816643879593879
  0.16437760228258094
  0.1643818622412262
  0.16803946240661519
  0.16840003664946074
  0.14999999999999999
  0.15000026906414818
  0.15000045650608912
  0.15000088568664458
  0.1500008884414602
  0.15000137430006324
  0.16798285100026264
  0.16798285097169305
  0.16798371249048116
  0.16798371258345648
  0.16798371258747738
  0.16798371258614575
  0.16798371258384254
  0.16798299610580872
  0.16798299612413461
  0.16798253911708452
  0.16798253914586939
  0.16798281187405401
  0.16798371249666549
  0.16798371253686226
  0.16798371258518727
  0.16798221816363185
  0.16798221816477787
  0.16798371256534417
  0.16798108628876768
  0.16798108631356126
  0.16798371258645803
  0.16798371258979958
  0.1679837125894931
  0.16798371258710112
  0.1679793048581546
  0.16797930494380656
  0.16798371257849984
  0.16798371258730646
  0.16660647992603517
  0.1666088286358024
  0.1687543052710872
  0.16898632275741562
  0.14999999999999999
  0.15000023615417871
  0.15000057283398979
  0.15000174797016005
  0.15000173170335654
  0.15001057832318668
  0.16798371258374079
  0.16798371258779959
  0.16798371258771427
  0.16798371258896991
  0.16798371258817701
  0.16798302167233864
  0.16798371252743513
  0.16727192675223759
  0.16727413852360523
  0.16943158288394453
  0.16967623954266356
  0.16798297721751038
  0.16798371252430919
  0.16798371254515648
  0.16798371258744499
  0.16798371259011347
  0.16798371258993616
  0.16798371258838116
  0.16798371258580566
  0.16798371258499561
  0.16798371258435446
  0.16798371258384304
  0.16798371258347822
  0.16798371255451724
  0.16798371257978922
  0.16798371259173142
  0.16798371259411504
  0.16798371259386094
  0.16798371259248712
  0.16798371259055189
  0.1679837125891612
  0.16798371258757358
  0.16798371258654263
  0.16798371258569347
  0.16798371258504444
  0.16798371258458342
  0.16798371258428443
  0.16798371256073028
  0.16798371258601474
  0.16798371255944361
  0.16798371259183156
  0.16798371259468678
  0.16798371259347342
  0.16798371259218717
  0.16798371259090036
  0.16798371258959208
  0.16798371258850731
  0.16798371258756567
  0.16798371258685099
  0.16798371258634975
  0.16798371258597775
  0.16798371256272121
  0.16798371258700029
  0.16798371259319375
  0.16798371259354616
  0.16798371259221026
  0.1679837125911296
  0.16798371258987962
  0.16798371258811104
  0.16798371258748898
  0.1679837125869553
  0.16747774965891862
  0.16747848951298763
  0.16799774556203489
  0.16803497331368053
  0.16798371256843242
  0.16798371257742986
  0.16798371258641634
  0.16798371259049621
  0.16798371259209074
  0.16798371259209885
  0.16798371259166511
  0.1679837125908058
  0.16798371258998684
  0.16798371258924008
  0.16798371258848824
  0.16798371258789899
  0.16798371258745629
  0.16798371258715067
  0.16798371258588093
  0.1679837125892201
  0.16798371259085543
  0.16798371259096775
  0.16798371259048964
  0.16798371258990505
  0.16798371258868214
  0.16798371258780542
  0.14999999999999997
  0.15000025785540755
  0.15000053387326351
  0.15000132183090539
  0.15000133749812411
  0.14999893023053196
  0.16798371257955136
  0.16798371258277997
  0.16798371258596836
  0.16798371258832137
  0.16798371258975162
  0.16798371259018982
  0.16798371259030045
  0.16798371259007183
  0.16798371258968645
  0.16798371258922684
  0.16798371258878539
  0.16798371258840758
  0.16798371258808525
  0.16798371258783196
  0.16798371258272607
  0.16798371258629291
  0.1679837125879371
  0.16798371258904263
  0.16798371258985803
  0.16798371258971675
  0.1679837125894709
  0.16798371258915976
  0.16798371258883021
  0.16798371258851572
  0.16798371258824421
  0.16798371258437453
  0.16798371258547881
  0.16798371258664332
  0.16798371258776326
  0.16798371258857847
  0.16798371258901632
  0.16798371258933276
  0.16798371258936129
  0.16798371258921377
  0.16798371258903397
  0.16798371258881492
  0.16798371258857578
  0.1679837125883675
  0.16798371258820413
  0.16798371250337479
  0.16798371258463415
  0.16798371258546058
  0.16798371258604852
  0.16798371258690051
  0.16798371258769115
  0.1679837125883451
  0.16798371258880426
  0.16798371258906616
  0.16798371258909184
  0.16798371258897285
  0.16798371258879638
  0.167983712588436
  0.16798371258601968
  0.16798371258641978
  0.16798371258703398
  0.16798371258768041
  0.16798371258822392
  0.16798371258862768
  0.16798371258888814
  0.16798371258897757
  0.16798371258899891
  0.16798371258889466
  0.16798371258877415
  0.16798371258862194
  0.16798371258847031
  0.16798371258836056
  0.16798371258827402
  0.16798371253418626
  0.16798371258611844
  0.16798371257017147
  0.16798371258714673
  0.16768738849629866
  0.16768812340978628
  0.16803772433631697
  0.16804013536389611
  0.15758704600387508
  0.15758632702757619
  0.15693459010276573
  0.15684057152557598
  0.16798371258122169
  0.16798371258513381
  0.16798371258778891
  0.16798371258810402
  0.16798371258591949
  0.16798371258821032
  0.16780479112304553
  0.16780557928330206
  0.16842314161552943
  0.16847704976586228
  0.16798164305351393
  0.16798164301100862
  0.16798348962601495
  0.16798348962981688
  0.14999999999999999
  0.15000026907382891
  0.15000049870470294
  0.15000107535432336
  0.15000107835990265
  0.15000182344047558
  0.16798371259193287
  0.16798371258305875
  0.16798334604973322
  0.1679833460262832
  0.16798371259213715
  0.16798371260272554
  0.16798371259820061
  0.16798371259230541
  0.16798371258847219
  0.16798371258638667
  0.16798371258518388
  0.16798226891190038
  0.16798226891647541
  0.16798297645641422
  0.16798297644932128
  0.16798371257438313
  0.16798285284963638
  0.16798371248943086
  0.16798371259940356
  0.16798371259737788
  0.16798371259350275
  0.16798371259010031
  0.16798371258801748
  0.1679837125867428
  0.16798371257360237
  0.16798371259111908
  0.16798371259365807
  0.16798371259222356
  0.16798371259027153
  0.1679837125887198
  0.16798371258772127
  0.16798371258228947
  0.16798371258801764
  0.16798371259063721
  0.16798371259066625
  0.16798371258990583
  0.16798371258897465
  0.16798371258826186
  0.16798334988147384
  0.16798371249552427
  0.16798371258565511
  0.16798371258777517
  0.16798371258922729
  0.16798371258962866
  0.16798371258942271
  0.16798371258895478
  0.1679837125885171
  0.16798378726111363
  0.16798371248444202
  0.16798371256566905
  0.16798371258397038
  0.16791227270996045
  0.16791185359905927
  0.16736121920049146
  0.16728329997829786
  0.16798371248703697
  0.16798371258565006
  0.16798371258397896
  0.16798371258814665
  0.16793689867922776
  0.16793673543286528
  0.16766178200892751
  0.16761987587990762
  0.16798371254698682
  0.16588287777346183
  0.16588516630962882
  0.16766463384204325
  0.16782981411608552
  0.16798371258690051
  0.16798116728152551
  0.16798116729801199
  0.16798371257607977
  0.16798371258771744
  0.15000000000000002
  0.1500002298007046
  0.15000062534959624
  0.15000204741194678
  0.15000202824966788
  0.15000897877260133
  0.16782525845506913
  0.16782477676650182
  0.16713646585157046
  0.16703673229868632
  0.16798371261489284
  0.16798371258790709
  0.16798371258653211
  0.16798371258553002
  0.16798371262124664
  0.1679837126203591
  0.16798371260581382
  0.16798371259549449
  0.16798371258987779
  0.16798371258818773
  0.16798371258692177
  0.16798371258529374
  0.16798371260519862
  0.16798371256991082
  0.16798371259662748
  0.16798371259158426
  0.16798371258873671
  0.16798371258701794
  0.16798371256385181
  0.16798371258593967
  0.16798371258841444
  0.16798371256148234
  0.16798371259406877
  0.16798371259725697
  0.1679837125945618
  0.1679837125916423
  0.16798371258943953
  0.16798371258806177
  0.16798371257131758
  0.16798371259340039
  0.16798371259232908
  0.1679837125903704
  0.16798371258949787
  0.16798371257856551
  0.16798371258831818
  0.16798371259220002
  0.16798371259216935
  0.16798371259152234
  0.16798371259083839
  0.16798371258953704
  0.16798371258856709
  0.16798371258232039
  0.16798371258974257
  0.16798371259118028
  0.16798371259087364
  0.1679837125904233
  0.16798371258994407
  0.16798371258947639
  0.16798371258906886
  0.16798371258471217
  0.16798371258603473
  0.16798371258769637
  0.16798371258904624
  0.1679837125897907
  0.16798371259028122
  0.16798371259045591
  0.16798371259027495
  0.16798371259008038
  0.16798371258973593
  0.16798371258939321
  0.16798371258879222
  0.16798371258601613
  0.16798371258674616
  0.16798371258771966
  0.16798371258864644
  0.16798371258931233
  0.16798371258973935
  0.16798371258994668
  0.16798371258978825
  0.16798371258957931
  0.16798371258932224
  0.16798371258906558
  0.16798371258883757
  0.16798371258864064
  0.16798334586435704
  0.16798371246477015
  0.16798371258658065
  0.16798371258708611
  0.16798371258777958
  0.16798371258846903
  0.16798371258903827
  0.16798371258945721
  0.1679837125896595
  0.16798371258967612
  0.16798371258962119
  0.16798371258947545
  0.16798371258925113
  0.16798371258905107
  0.16798371258885619
  0.16798371258869793
  0.16798371258858188
  0.16798371258321937
  0.16798371261797693
  0.16798267816526893
  0.16798371252268909
  0.16798371258512601
  0.16798220302508346
  0.16798220302820041
  0.16804291207652042
  0.1680431929124318
  0.16839787735620068
  0.16844705778465646
  0.16799631139575541
  0.16799644174779052
  0.16820780876352198
  0.16824090904955255
  0.16798371247631985
  0.16798371258659575
  0.16793567037840765
  0.16793587761883999
  0.16810487845774894
  0.16811957968393904
  0.1679837125609957
  0.16798371258759628
  0.16798371258071829
  0.16798371258819431
  0.16798506892273651
  0.16798506878826036
  0.15811130916460417
  0.15811079293285368
  0.15784970565143513
  0.15781198732515589
  0.14999999999999999
  0.15000025951834284
  0.15000056866087763
  0.15000145629475867
  0.15000147460980942
  0.14999995456316206
  0.15000000000000002
  0.15000027464708696
  0.15000049707451829
  0.1500010262949408
  0.15000103097045503
  0.15000109661604477
  0.16798340705359074
  0.16798340710382706
  0.16798371258664502
  0.16798371258858127
  0.16798342172101055
  0.16798342173296135
  0.16798347400127434
  0.16798371297407336
  0.16798324350106877
  0.16798371253176506
  0.16798371259038311
  0.16798312330875939
  0.16798312330929857
  0.16798434219853486
  0.16798371296072803
  0.16798371258438027
  0.16798371258851705
  0.16798371277885116
  0.16798371258450276
  0.16805369272919859
  0.16805398580233064
  0.16838693330947502
  0.16843006934166138
  0.16797320401143898
  0.16797326230403956
  0.16807261850167857
  0.16808797989022356
  0.16798371262349357
  0.16798371258619033
  0.16794556081053422
  0.16794543148622632
  0.16784424325941108
  0.1678352218326645
  0.16798371248933719
  0.16798371258739769
  0.1661396767033427
  0.16614173862194745
  0.16775559328166958
  0.16790898064373377
  0.1679819821540772
  0.1679819821673513
  0.16798371258489078
  0.16798371257230063
  0.16798371258814404
  0.15000000000000002
  0.15000022832442586
  0.15000066118051641
  0.1500022121349909
  0.1500021828351005
  0.15000747675141934
  0.16798371271218784
  0.16798371264382972
  0.16798371261290193
  0.16798371259754152
  0.16798371258835915
  0.16798371258479391
  0.1679837127330234
  0.16798371268579471
  0.16798371265051126
  0.16798371263251768
  0.16798371261764258
  0.16798371260821288
  0.16798371260076861
  0.16798371259608444
  0.16798371259241301
  0.16798371258998035
  0.16798371258810663
  0.1679837125869407
  0.16798371258595729
  0.16798371269859705
  0.16798371264133985
  0.16798371263925929
  0.16798371263118769
  0.16798371262263675
  0.16798371261285833
  0.16798371260680769
  0.16798371260085851
  0.16798371259716166
  0.16798371259387762
  0.16798371259166983
  0.16798371258986711
  0.16798371258862929
  0.16798371258768163
  0.16798371258708206
  0.16798371258962727
  0.16798371261791098
  0.16798371260813832
  0.16798371259952569
  0.16798371259371078
  0.16798371259019088
  0.16798371258819661
  0.16798371255812686
  0.16798371258803838
  0.16798371260222489
  0.16798371260448625
  0.16798371260262424
  0.16798371260041325
  0.16798371259766515
  0.16798371259538983
  0.16798371259333794
  0.16798371259175857
  0.16798371259041037
  0.16798371258944231
  0.16798371258864533
  0.16798371258812667
  0.16798371256833805
  0.16798371259552805
  0.16798371259853506
  0.16798371259580636
  0.16798371259268982
  0.1679837125915476
  0.16798371259038197
  0.16798371258888919
  0.16798371258636816
  0.16798371258868763
  0.16798371257826911
  0.16798371258439532
  0.16798371259090392
  0.16798371259391903
  0.16798371259475339
  0.1679837125945714
  0.16798371259399897
  0.16798371259303901
  0.16798371259191211
  0.16798371259108735
  0.16798371259029754
  0.16798371258963229
  0.16798371258904465
  0.16798371258866021
  0.16798371258304168
  0.16798371258961881
  0.16798371259272199
  0.16798371259262945
  0.16798371259202929
  0.16798371259136025
  0.1679837125907343
  0.16798371259012895
  0.16798371258913758
  0.16798371258882341
  0.1679837125854198
  0.16798371258705758
  0.16798371258882777
  0.16798371259020262
  0.16798371259119152
  0.16798371259145289
  0.16798371259151701
  0.16798371259122996
  0.16798371259087211
  0.16798371259040679
  0.16798371258993347
  0.16798371258954689
  0.16798371258919695
  0.16798371258892111
  0.16798371258663994
  0.16798371258749606
  0.16798371258866521
  0.16798371258961539
  0.16798371259035819
  0.16798371259067649
  0.16798371259082204
  0.16798371259050637
  0.16798371259018188
  0.16798371258982822
  0.16798371258920755
  0.16798371258720779
  0.16798371258778089
  0.16798371258855699
  0.16798371258927966
  0.16798371258989053
  0.16798371259025235
  0.16798371259040173
  0.16798371259034775
  0.16798371259022996
  0.16798371258999345
  0.16798371258973011
  0.16798371258945649
  0.16798371258921654
  0.16798371258902878
  0.16798371258888301
  0.16798273886995449
  0.16798371246865984
  0.16798394665577909
  0.16798394668204822
  0.1679840524052541
  0.16798371280675786
  0.16798433265457427
  0.16798433261986365
  0.16798380197124679
  0.16798380196056675
  0.15000000000000002
  0.15000027119575027
  0.15000055089191991
  0.15000128820253419
  0.1500012913948785
  0.15000206263304056
  0.16798371258362438
  0.16798343720616665
  0.16798371242387078
  0.16794394444051222
  0.1679437411473032
  0.16767980277806033
  0.16764271884856349
  0.16798371284378369
  0.16798371258555597
  0.16798319579647977
  0.16798314589557614
  0.16787667742506415
  0.16785855890838977
  0.16798371258098932
  0.16798371258702038
  0.16798288943371417
  0.16798288942839706
  0.16793639522817516
  0.16793657731889886
  0.16799236769202291
  0.16798499596527
  0.16798371254554609
  0.16798371258799083
  0.15867560398366812
  0.15867509049343193
  0.15839511236183004
  0.15834958368575194
  0.16798371258012187
  0.16798371258859635
  0.16798371273736584
  0.16798371264955306
  0.16798371261671963
  0.16798371260029243
  0.16798371259243236
  0.16798371258832825
  0.16798371258633119
  0.14999999999999999
  0.15000025271508843
  0.15000061707782536
  0.15000173056326888
  0.15000175330633683
  0.14999994943353162
  0.16798371258729713
  0.167983712650177
  0.16798371262834544
  0.16798371261161585
  0.16798371259989439
  0.16798371259355155
  0.16798371258888239
  0.16798371258979664
  0.16798371258785585
  0.16798371258286823
  0.16798371260383912
  0.16798371260189002
  0.16798371259681721
  0.16798371259295689
  0.16798371259028566
  0.16798371258873981
  0.16798371258376463
  0.16798371259275835
  0.16798371259465597
  0.16798371259366288
  0.16798371259173284
  0.16798371259017608
  0.16798371258912131
  0.16798371258709388
  0.16798371258981637
  0.16798371259150102
  0.16798371259146275
  0.16798371259079245
  0.16798371258990835
  0.16798371258922409
  0.16798446201650849
  0.16798371118269528
  0.16798379247337999
  0.16798371317032526
  0.16798361790050118
  0.16798361790417932
  0.16798321660978763
  0.16798371303529361
  0.16798371282626107
  0.16798371262526321
  0.16798371259651582
  0.16798371259256503
  0.1679837125863278
  0.16798371258535202
  0.1679837128324955
  0.16798371268948056
  0.16798371265183951
  0.16798371263041431
  0.16798371260554218
  0.16798371259888939
  0.16798371259443037
  0.16798371258918388
  0.16798371258761952
  0.16798371258652567
  0.16799157271225987
  0.16799157631084496
  0.16799230391062803
  0.16799215641719334
  0.16798371296812548
  0.16798371279969029
  0.16798371258487407
  0.1679837127325387
  0.16798371265414119
  0.16798371263736733
  0.16798371262214751
  0.16798371260495232
  0.16798371259976372
  0.16798371259563225
  0.16798371259080633
  0.16798371258927935
  0.16798371258820469
  0.16799752324197356
  0.16799760238848821
  0.16809929172519633
  0.16811359700699058
  0.16798371281695781
  0.16798371264179385
  0.16798371262445971
  0.16798371261563788
  0.16798371259865597
  0.16798371259533049
  0.167983712586594
  0.16798371258975109
  0.16798371258869663
  0.16798371258641273
  0.16798371261331652
  0.1679837126090574
  0.16798371260029418
  0.16798371259473566
  0.16798371259115399
  0.16798371258909395
  0.16799754466141387
  0.16799760877262526
  0.16810668521161962
  0.16812450314775654
  0.16798371253031175
  0.16798371257367845
  0.16798371260321709
  0.16798371260240955
  0.16798371260030492
  0.16798371259578307
  0.16798371259014
  0.16798371258937345
  0.16798371258776362
  0.16798371258882103
  0.16619081503336888
  0.16619290540066989
  0.16786486773025505
  0.16802896475779927
  0.16798371259447301
  0.1679837125978372
  0.16798371259566902
  0.16798371259303427
  0.16798371259087327
  0.16798371258950118
  0.16798371258905551
  0.16798371258880715
  0.16798255681454233
  0.16798255682988666
  0.16798371256620406
  0.16798371258350886
  0.16798371259352182
  0.16798371259438344
  0.16798371259307798
  0.16798371259219697
  0.16798371259136285
  0.16798371259005496
  0.16798371258954131
  0.1679837125891786
  0.16798371258896327
  0.16798371258854217
  0.16798371258493774
  0.16798371258887732
  0.16798371258609895
  0.16798371258794292
  0.16798371258982425
  0.16798371259155276
  0.16798371259242695
  0.16798371259241646
  0.167983712592013
  0.1679837125915421
  0.16798371259043726
  0.16798371258993597
  0.16798371258954645
  0.16798371258923467
  0.16798371258691022
  0.167983712588955
  0.15000000000000002
  0.15000022916808248
  0.15000068407515527
  0.15000229112445293
  0.15000226341224165
  0.15000879018509286
  0.16798371258723127
  0.16798371258828093
  0.16798371258949885
  0.16798371259057357
  0.16798371259156217
  0.16798452113985829
  0.16798452110133111
  0.1679837125878417
  0.16798371258843978
  0.16798371258925529
  0.16798371259010214
  0.16798371259060493
  0.16798371259098427
  0.16798371259102948
  0.1679837125909589
  0.16798371259074518
  0.16798371259042505
  0.16798371259012052
  0.16798371258981268
  0.1679837125895306
  0.16798371258930961
  0.16798371258914335
  0.16798389555192261
  0.16798389558297697
  0.16798468304317402
  0.16798468302319117
  0.16798287985706414
  0.16798371198606063
  0.15000000000000002
  0.15000027972964283
  0.15000052758154742
  0.15000112300332002
  0.15000112833381726
  0.15000121412625647
  0.16798391361350462
  0.16798371314772401
  0.16798369435276556
  0.16798371268574461
  0.16798436565066957
  0.16798371369885226
  0.16798371264474576
  0.1679837125967851
  0.1679837125867148
  0.14999999999999999
  0.15000026269743935
  0.15000060888485486
  0.15000160055618708
  0.15000161987267471
  0.15000012526624232
  0.16798371262042913
  0.16798371259746725
  0.16798371258966627
  0.16798371259361683
  0.16798371259251046
  0.16798371258993017
  0.16798371258402148
  0.16800424750428705
  0.16800433604473791
  0.1681169055330059
  0.16813251300650703
  0.16798371302059126
  0.16798371258596873
  0.16795958804145594
  0.16795950664233067
  0.16787817285272874
  0.16786834973167383
  0.16793208999879133
  0.16793220972807413
  0.1679402500690278
  0.16792827198954241
  0.16798371272022755
  0.16798371258740769
  0.16798452985748949
  0.16798371367914414
  0.16798326026363267
  0.16798326025958968
  0.16798371253186883
  0.16798371258793673
  0.16798371258839395
  0.1679837125891441
  0.15900551346170644
  0.15900498929958304
  0.15875245506543562
  0.15871035992583993
  0.16798371258077446
  0.16798371258888795
  0.1679837125873942
  0.16798371258736047
  0.16798371258913722
  0.16798380045380343
  0.16798380045537264
  0.16798371291535327
  0.16798371270786328
  0.16798371266444878
  0.16798371263532988
  0.16798371260622255
  0.16798371259414208
  0.167983712588472
  0.16798371258691983
  0.16798371258580269
  0.16798349152302114
  0.16798371072254042
  0.16798371293917305
  0.16798371280835017
  0.16798371272223436
  0.16798371266954387
  0.16798371264050696
  0.1679837126225448
  0.1679837126097842
  0.16798371260145525
  0.16798371259631728
  0.16798371259268269
  0.1679837125900529
  0.16798371258824343
  0.16798371258696787
  0.1679837125862193
  0.16798371289126704
  0.16798371280903979
  0.1679837127392774
  0.16798371268055676
  0.16798371265300852
  0.16798371263016557
  0.16798371261841338
  0.16798371260843431
  0.16798371260214609
  0.16798371259724532
  0.16798371259411607
  0.16798371259161479
  0.16798371258988465
  0.167983712588682
  0.16798371269747084
  0.16798371265685377
  0.16798371263719092
  0.16798371262238063
  0.16798371260611372
  0.16798371260090331
  0.16798371259683961
  0.1679837125918297
  0.16798371259033062
  0.1679837125891418
  0.16798371261361222
  0.16798371262245179
  0.16798371262620865
  0.16798371262044956
  0.16798371261318662
  0.16798371260803008
  0.16798371260279876
  0.16798371259909661
  0.16798371259604331
  0.16798371259375322
  0.16798371259183884
  0.1679837125905439
  0.16798371258954256
  0.16798371258887651
  0.16798371257560937
  0.16798371261070474
  0.16798371260839159
  0.16798371260561712
  0.16798371259980016
  0.16798371259716469
  0.16798371259492287
  0.1679837125916718
  0.1679837125905832
  0.16798371258973854
  0.16798371258883171
  0.16798371258131548
  0.16798371258924547
  0.16798371259747161
  0.16798371260004166
  0.16798371259987968
  0.16798371259861175
  0.16798371259698922
  0.16798371259531292
  0.16798371259379299
  0.1679837125925662
  0.16798371259140787
  0.16798371259050515
  0.16798371258983189
  0.16798371258937253
  0.16798371258904965
  0.16798371258555264
  0.16798371258928216
  0.16798371259328645
  0.16798436112911697
  0.16798436110840195
  0.16798371259515674
  0.16798371259599987
  0.16798371259494282
  0.16798371259388023
  0.16798371259289557
  0.16798371259107645
  0.16798371259040124
  0.1679837125898396
  0.16798371258943129
  0.1679837125892048
  0.16798371258707548
  0.16798371258914008
  0.16798371259110581
  0.16798371259273387
  0.16798371259339828
  0.1679837125933743
  0.16798371259323913
  0.16798371259267703
  0.16798371259208145
  0.16798371259142314
  0.16798371259081887
  0.16798371259027908
  0.16798371258982003
  0.16798371258947167
  0.16798371258796843
  0.16798371258901029
  0.16798371259020148
  0.16798371259132655
  0.16798371259198155
  0.16798371259223038
  0.16798371259222403
  0.16798371259156805
  0.16798371259062317
  0.16798371258980888
  0.16798371258837785
  0.16798371258904743
  0.16798371258993261
  0.16798371259070294
  0.16798371259126293
  0.16798371259154959
  0.16798371259161279
  0.16798371259139858
  0.16798371259118494
  0.16798371259081227
  0.16798371259046396
  0.16798371259009462
  0.16798371258978459
  0.16798371258953843
  0.16798371258936048
  0.16798429956323974
  0.16798429959935757
  0.16798444106112576
  0.16798444106240601
  0.1679362501653848
  0.16793605069779122
  0.16770900717056475
  0.16767945750052157
  0.16798371314025765
  0.16798371258523159
  0.16798084737393415
  0.16798078485223752
  0.16789242549191111
  0.16787952505668136
  0.16615166070476478
  0.16615374613733563
  0.16778746524457711
  0.16794471601143515
  0.16798371296181913
  0.16798371258694483
  0.16798379493002494
  0.16798376564382519
  0.16796196717494918
  0.16796072634552384
  0.16798371259918612
  0.16798371258807113
  0.16798285788183265
  0.16798285789674386
  0.16798371256677763
  0.1679837125888122
  0.16798408492731956
  0.16798371365362028
  0.14999999999999999
  0.15000023112527003
  0.1500006961130935
  0.15000231790839214
  0.15000229827098746
  0.15000734628595866
  0.16798293976360407
  0.16798371277933283
  0.14999999999999999
  0.15000027629493559
  0.15000056303596745
  0.15000130129965356
  0.15000130583989285
  0.15000184815561118
  0.16798371258533162
  0.16798371258913741
  0.14999999999999997
  0.15000028439857921
  0.15000050174450252
  0.15000098324383138
  0.15000098886077126
  0.1500008305191923
  0.16798446796213726
  0.16798370931859621
  0.16798371262537301
  0.16798371259166917
  0.16798371258490638
  0.16798371286507771
  0.1679837126918555
  0.16798371263191078
  0.16798371260592337
  0.16798371259507183
  0.16798371258708353
  0.16798371274209409
  0.16798371266096071
  0.16798371262267578
  0.16798371260498585
  0.16798371259579659
  0.16798371258863973
  0.16798455920773153
  0.16798371027359812
  0.16798371261076647
  0.16798371261829823
  0.16798371260822689
  0.16798371260036621
  0.16798371259459802
  0.16798371259134878
  0.16798371258941247
  0.16798371258729855
  0.16798371259695166
  0.16798371259805064
  0.16798371259547681
  0.16798371259299219
  0.16798371259095204
  0.16798371258971601
  0.16798371258855563
  0.16798371259162759
  0.16798371259301279
  0.16798371259272254
  0.1679837125916617
  0.16798371259056868
  0.16798371258987943
  0.16798466363004882
  0.16798371361220388
  0.16798371258425554
  0.16800990661908344
  0.16801002304378945
  0.16813464839003203
  0.16815019744190796
  0.16794176324499227
  0.16794198857170256
  0.16807513218109699
  0.16807980626908181
  0.16798371311985344
  0.1679837125884597
  0.16798371258616612
  0.16798371258934278
  0.16802119341228913
  0.1680213491959158
  0.16818678704481591
  0.16820715814021009
  0.16798371280909449
  0.16798371258761488
  0.15862784507867186
  0.15862730259468447
  0.15835415628604868
  0.1583109776308721
  0.16798371253528621
  0.16798371258859821
  0.16798371258121619
  0.16798371258910144
  0.14999999999999999
  0.15000026157886956
  0.15000062518188115
  0.15000168314786638
  0.15000170285221825
  0.15000027626861467
  0.16798371258917655
  0.16798342104408281
  0.16798371169643059
  0.16798371258966949
  0.16798371259102673
  0.16798355382365507
  0.16798355381819374
  0.16798371296171091
  0.16798371296747047
  0.16798371273495311
  0.16798371264549414
  0.1679837126114421
  0.16798371259696354
  0.16798371259037939
  0.16798371258722927
  0.16798371292607903
  0.16798371284327049
  0.16798371268900369
  0.16798371263445222
  0.16798371260946732
  0.16798371259779835
  0.16798371259199329
  0.16798371272709639
  0.16798371258789618
  0.16798371263652173
  0.16798371262910275
  0.16798371261540915
  0.1679837126038268
  0.16798371258932374
  0.16798371259645686
  0.16798371259216888
  0.167983712589729
  0.16798371258130135
  0.16798371261031952
  0.16798371259775374
  0.16798371259081288
  0.16798371258385547
  0.16798371259023911
  0.16798371259902614
  0.16798371260093556
  0.16798371259759881
  0.16798371259587769
  0.16798371259424633
  0.16798371259168021
  0.1679837125907484
  0.16798371259002559
  0.16798371258920039
  0.1679837125860407
  0.16798371259032532
  0.16798371259400455
  0.16798371259600114
  0.16798371259635428
  0.16798371259535233
  0.16798371259426342
  0.16798371259323311
  0.16798371259133144
  0.1679837125906237
  0.16798371259004671
  0.16798371258962724
  0.16798371258935729
  0.16798394230780747
  0.16798394232294181
  0.16798371258763523
  0.16798371258969405
  0.16798371259182943
  0.16798371259331263
  0.16798371259392816
  0.16798371259402872
  0.16798371259371486
  0.16798371259305056
  0.16798371259240699
  0.16798371259104788
  0.16798371259047246
  0.16798371259001532
  0.16798371258947573
  0.16798371258834888
  0.16798371258952252
  0.16798371259085773
  0.16798371259185171
  0.16798371259247796
  0.16798371259271341
  0.16798371258877381
  0.1679837125894518
  0.16798371259032535
  0.1679837125911138
  0.16798371259168657
  0.16798371259193703
  0.1679837125919118
  0.16798371259173775
  0.16798371259142358
  0.16798371259105002
  0.16798371259065731
  0.16798371259028355
  0.16798371258995282
  0.16798371258945904
  0.16798381107772495
  0.16798371284671915
  0.16798477640955983
  0.16798477639825329
  0.16798486985035607
  0.16798486983126135
  0.1679844311001088
  0.16798443110404998
  0.16798371258971903
  0.16798413628827893
  0.16798371291452124
  0.16798704854300028
  0.16798711529538582
  0.16808758737329327
  0.16810271333667787
  0.16798371319484454
  0.16798371258539865
  0.16795708005110399
  0.16795699308471673
  0.16788005310898363
  0.16787192988373437
  0.16798371300945358
  0.16610726510093884
  0.16610938492000105
  0.1677757713746505
  0.16793626076269472
  0.1679837125869873
  0.16794772252852641
  0.16794758112704319
  0.16782712763233829
  0.16781545041067494
  0.14999999999999999
  0.1500002807838321
  0.15000054812230237
  0.15000120385265128
  0.15000120846071538
  0.15000152905855216
  0.16798371263379303
  0.16798371258822234
  0.16798294189598018
  0.16798371275662038
  0.16798295311367298
  0.16798295312772329
  0.16798371257003258
  0.16798371258896111
  0.14999999999999999
  0.15000023131263146
  0.15000070043228678
  0.15000233920300959
  0.15000231573096787
  0.15000798894616696
  0.1679837125861523
  0.16798371258928085
  0.16798454214123382
  0.16798371412208196
  0.16798485293082455
  0.16798371353134545
  0.16798371259002648
  0.16798445054093278
  0.16798371303957105
  0.16798353402115321
  0.16798371254897501
  0.16798371258440842
  0.16795848814075506
  0.16795836057361085
  0.16780420133200036
  0.16778337740545479
  0.16798371312680196
  0.1679837125863573
  0.16793003903873213
  0.16793020604016151
  0.16798226228580806
  0.16797537855270331
  0.16798323226918813
  0.1679832032515256
  0.1679315726191456
  0.16792314208209966
  0.16798371281847219
  0.16798371258769892
  0.15879372956469717
  0.15879319906997577
  0.15852588222389838
  0.15848198704342051
  0.16798332552265979
  0.16798332552713574
  0.16798371295586659
  0.16798371272244306
  0.16798371263924475
  0.1679837126084443
  0.16798371260062053
  0.16798371259515604
  0.1679837125891461
  0.15000000000000005
  0.15000026239562433
  0.16798371258745648
  0.16798371258624023
  0.15000062287920421
  0.15000166500588794
  0.15000168517896151
  0.15000016377406725
  0.16798371254010735
  0.16798371258865932
  0.16798371298260098
  0.16798371283917313
  0.16798371273937632
  0.16798371267954837
  0.16798371264702705
  0.16798371262623613
  0.16798371261224035
  0.16798371260290207
  0.1679837125972371
  0.16798371259345202
  0.16798371259058459
  0.16798371258870973
  0.16798371258741537
  0.16798371258659195
  0.16798371291242548
  0.1679837125813472
  0.16798371258921269
  0.16798371283922639
  0.16798371268969636
  0.16798371263438722
  0.16798371262086961
  0.16798371261076447
  0.16798371260347514
  0.16798371259803302
  0.16798371259210357
  0.16798371258893194
  0.16798371273248186
  0.16798371266120085
  0.16798371264181022
  0.16798371262607903
  0.16798371260755604
  0.16798371260181699
  0.16798371259749523
  0.16798371259233147
  0.16798371259069592
  0.16798371258948583
  0.16798371262384965
  0.16798371263225553
  0.16798371263103043
  0.16798371262426051
  0.1679837126165801
  0.16798371260993991
  0.16798371260412021
  0.16798371260008227
  0.16798371259668121
  0.16798371259435665
  0.16798371259233977
  0.16798371259096584
  0.16798371258986808
  0.16798371258919007
  0.16798371258876488
  0.16798371258945821
  0.16798371261447143
  0.16798371261128575
  0.16798371260772416
  0.16798371260072606
  0.16798371259786127
  0.1679837125955691
  0.16798371259209061
  0.16798371259094372
  0.1679837125900496
  0.16798371258167336
  0.16798371259368602
  0.16798371259997652
  0.16798371260168238
  0.16798371260120229
  0.16798371259950631
  0.1679837125977878
  0.1679837125959491
  0.16798371259437231
  0.16798371259301545
  0.16798371259180017
  0.1679837125908529
  0.16798371259012557
  0.167983712589623
  0.16798371258780895
  0.16798371258936903
  0.16798371259026323
  0.16798371259456851
  0.16798371259633116
  0.16798371259684131
  0.16798371259556982
  0.16798371259448019
  0.16798371259333036
  0.16798371259143799
  0.16798371259071612
  0.16798371259013301
  0.16798371258946315
  0.16798371258781547
  0.16798371258997505
  0.16798371259205258
  0.16798371259343922
  0.16798371259420428
  0.16798371259419323
  0.16798371259381609
  0.16798371259322242
  0.16798371259251096
  0.16798371259180989
  0.16798371259114322
  0.16798371259056752
  0.16798371259010045
  0.16798371258973255
  0.16798371259104716
  0.16798371259199152
  0.16798371259262437
  0.16798397408559734
  0.16798397407080329
  0.16798371259275963
  0.16798371259197017
  0.16798371259092584
  0.16798371259006981
  0.1679837125889922
  0.16798371258968814
  0.16798371259055422
  0.16798371259128067
  0.16798371259178627
  0.16798371259203373
  0.16798371259209277
  0.16798371259184
  0.16798371259156469
  0.16798371259115957
  0.16798371259076655
  0.1679837125903734
  0.1679837125900436
  0.16798371258978229
  0.16798371258958833
  0.16798426976057562
  0.16798426975567593
  0.1679846664037378
  0.16798466640651857
  0.16798443108296557
  0.16798443109557878
  0.16798395609716621
  0.16798371348446142
  0.16798439493765446
  0.16798371363418396
  0.14999999999999999
  0.15000028459491838
  0.15000050087028097
  0.15000097843174984
  0.15000098381455582
  0.15000086790407055
  0.16798371286043046
  0.16798371268629328
  0.16798371263106451
  0.1679837126060699
  0.16798371259518191
  0.16798371258987171
  0.16798371258726075
  0.16798440078008006
  0.16798371235802118
  0.16803525643657835
  0.16803542373920158
  0.16819950525622632
  0.16821866025158255
  0.1679837127462816
  0.16798371265943138
  0.1679837126216332
  0.16798371260485737
  0.16798371259610309
  0.1679837125911823
  0.16798371258882264
  0.16798371315145358
  0.16798371258547176
  0.16800891982695304
  0.16800903610756676
  0.1681374239029792
  0.16815383819901783
  0.16798371260832284
  0.1679837126179751
  0.16798371260857289
  0.16798371260028899
  0.16798371259487668
  0.16798371259152073
  0.16798371258953321
  0.16798290510192365
  0.1679837126445641
  0.16798371296711781
  0.16798371258709294
  0.16614435805444516
  0.16614646696818644
  0.16782461036912022
  0.16798796055019874
  0.16800548974449636
  0.1680055592251157
  0.16810311129513469
  0.16811791825602651
  0.16798371258778097
  0.16798371259770373
  0.16798371259799219
  0.16798371259578679
  0.16798371259318293
  0.16798371259118455
  0.16798371258987874
  0.16798371260227074
  0.16798371258829242
  0.16798285158245441
  0.16798285159629506
  0.16798371258890685
  0.16798371259202557
  0.16798371259333411
  0.16798371259288802
  0.16798371259185937
  0.1679837125907549
  0.16798371258989597
  0.16798371257028447
  0.1679837125889633
  0.14999999999999999
  0.1500002303880188
  0.1500006969325664
  0.15000233291266482
  0.15000230865471154
  0.15000822298496563
  0.16798371258633682
  0.1679837125893292
  0.16798476250372874
  0.16798371327412837
  0.14999999999999997
  0.15000027581602696
  0.15000056451846266
  0.15000131102385406
  0.15000131600560535
  0.15000178759279917
  0.16798340447753207
  0.16798371223317365
  0.1679837128970092
  0.16798371266087225
  0.16798371263323805
  0.16798371259932637
  0.16798371259436301
  0.16798371258720576
  0.16798371258610637
  0.16798371291205114
  0.1679837127111844
  0.16798371266682019
  0.16798371263984918
  0.16798371260938672
  0.16798371260172112
  0.16798371259643236
  0.16798371259025816
  0.16798371258851294
  0.16798371258728675
  0.16798371286835881
  0.16798371279283839
  0.16798371267743037
  0.16798371264995604
  0.16798371260208081
  0.16798371259745115
  0.16798371259013054
  0.16798371269451309
  0.16798371265141579
  0.16798371263593634
  0.16798371262156311
  0.16798371260074821
  0.16798371259692416
  0.16798371259054121
  0.16798371258942152
  0.16798371261295522
  0.16798371262500042
  0.16798371262544173
  0.1679837126183511
  0.1679837126129248
  0.16798371260228398
  0.16798371259612727
  0.16798371259202818
  0.16798371258974795
  0.16798371257779879
  0.16798371260834491
  0.16798371260790598
  0.16798371260293549
  0.16798371259992506
  0.16798371259732228
  0.16798371259340714
  0.16798371259191991
  0.16798371259085346
  0.16798371258391559
  0.16798371260050807
  0.16798371259719649
  0.1679837125941232
  0.16798371259163467
  0.16798371259008635
  0.1679837125863676
  0.16798371259545022
  0.1679837125961767
  0.167983712594162
  0.16798371259314671
  0.16798371259222483
  0.1679837125913792
  0.16798371259068232
  0.16798371259008582
  0.16798371258780076
  0.16798371259171091
  0.16798371259314243
  0.16798371259343656
  0.16798371259294262
  0.16798371259232572
  0.16798371259107797
  0.16798371259054093
  0.16798371259008285
  0.16798371258951439
  0.16798371259079853
  0.16798371259189449
  0.16798371259134401
  0.16798371258897521
  0.16798371258954178
  0.16798371259040923
  0.16798371259115666
  0.16798371259167122
  0.16798371259190792
  0.16798371259192585
  0.16798371259176212
  0.1679837125914958
  0.16798371259110673
  0.167983712590731
  0.16798371259036488
  0.1679837125900446
  0.16798371258979228
  0.16798371258960773
  0.16798371258438385
  0.16798330165994538
  0.16798331772163702
  0.16801903431780055
  0.16802510419536162
  0.16798371302626047
  0.16798371258630768
  0.16798708031687082
  0.16798709634800521
  0.16800597486329305
  0.16800830720939591
  0.16798371272824592
  0.16798371258773365
  0.16798484100523062
  0.16798484097583596
  0.16793928176540579
  0.16793943471662912
  0.1679955210896803
  0.16799084931251665
  0.14999999999999997
  0.15000025764363065
  0.15000062521868993
  0.15000171833396653
  0.15000174050438289
  0.1499998522642367
  0.16798442537146785
  0.16798442538228475
  0.16798371253291641
  0.16798371258863995
  0.1679833179634693
  0.16798331795859087
  0.16798452815169984
  0.16798452812759154
  0.167983596984005
  0.16798359700984386
  0.16798380790423645
  0.16798370587654374
  0.15872360463221138
  0.15872307651881803
  0.15844839611837089
  0.15840463884941372
  0.16798371258205244
  0.16798371258916647
  0.16798371258799794
  0.16798371258938816
  0.16798371258877379
  0.16798371258947234
  0.16798446485988547
  0.16798371377344642
  0.16798371264444623
  0.16798371259720682
  0.16798371258716463
  0.14999999999999999
  0.15000028029849688
  0.15000052052268611
  0.15000108915213012
  0.150001095829745
  0.1500008820033388
  0.1679837126189328
  0.16798371259767711
  0.16798371258999742
  0.16798436279886292
  0.16798371299266748
  0.16798371259432435
  0.16798371259294984
  0.16798371259027822
  0.16798345012189458
  0.16798371348936997
  0.16798285956614689
  0.1679837123251787
  0.16794855063340644
  0.16794839318932706
  0.16777791059186895
  0.16775651483078383
  0.16798371300363021
  0.16798371258541575
  0.16798444849710803
  0.16798371290850492
  0.15000000000000002
  0.15000027028584498
  0.15000057128984987
  0.15000138374146091
  0.15000138905750654
  0.15000194194404998
  0.16795629331047857
  0.16795617248864977
  0.1678253449465365
  0.1678089804694369
  0.167983712832288
  0.16798371258699696
  0.16795531331932931
  0.1679551872425514
  0.16784881738137225
  0.16783869526493989
  0.16798371252843838
  0.16798371258824979
  0.16798254488736236
  0.16798254490115172
  0.1662513125039442
  0.16625332062681344
  0.1678274681033293
  0.16797856405179171
  0.16798371257045541
  0.16798371258895775
  0.15000000000000005
  0.15000022860944451
  0.15000068488123369
  0.15000230735612086
  0.15000227752678838
  0.15000887726487894
  0.16798371258623609
  0.16798371258929268
  0.16798371280425178
  0.16798371267014045
  0.16798371262405845
  0.1679837126024962
  0.16798371259290418
  0.16798371258816108
  0.16798371258585604
  0.1679837128273676
  0.16798371274121704
  0.16798371269069895
  0.16798371264987585
  0.16798371263027456
  0.16798371261600423
  0.16798371260639081
  0.16798371259948136
  0.16798371259514486
  0.16798371259201142
  0.16798371258975717
  0.16798371258816822
  0.16798371258709119
  0.16798371258637343
  0.1679837127817892
  0.16798371271538937
  0.1679837126803683
  0.16798371265806666
  0.16798371263780529
  0.16798371262329045
  0.16798371260507364
  0.16798371259604769
  0.16798371259352238
  0.1679837125913673
  0.1679837125886815
  0.16798371262933021
  0.16798371261556891
  0.16798371260300957
  0.16798371259578854
  0.16798371259155756
  0.1679837125891937
  0.16798371258635811
  0.16798371261402714
  0.16798371260904396
  0.16798371260485512
  0.16798371260094824
  0.16798371259783365
  0.16798371259538172
  0.16798371259335301
  0.16798371259172243
  0.16798371259050818
  0.16798371258960743
  0.16798371258899691
  0.16798371257019931
  0.16798371258975284
  0.16798371260128245
  0.16798371260265052
  0.16798371260266123
  0.16798371259842027
  0.1679837125944251
  0.16798371259154912
  0.16798371258980732
  0.16798371258141176
  0.16798371259525752
  0.16798371259836883
  0.16798371259755066
  0.16798371259629977
  0.16798371259483147
  0.16798371259356198
  0.16798371259239972
  0.16798371259139255
  0.16798371259058967
  0.167983712589934
  0.16798371258948838
  0.16798371258578704
  0.16798371259522948
  0.16798371259449657
  0.16798371259271477
  0.1679837125911226
  0.16798371258996661
  0.16798379786726333
  0.16798371357284025
  0.16798371258745187
  0.16798371258877193
  0.16798371259090408
  0.16798371259230407
  0.16798371259309555
  0.16798371259320621
  0.16798371259311573
  0.16798371259257569
  0.16798371259208145
  0.16798371259148356
  0.16798371259092168
  0.16798371259039643
  0.16798371258998068
  0.16798371258966752
  0.16798371258838046
  0.16798371258919872
  0.16798371259036357
  0.16798371259227604
  0.16798371259160663
  0.16798371259114733
  0.16798371259072212
  0.16798371258996866
  0.1679837125887452
  0.16798371258934525
  0.16798371259010553
  0.16798371259071837
  0.16798371259130818
  0.1679837125915678
  0.16798371259170083
  0.1679837125915386
  0.16798371259129066
  0.1679837125909544
  0.16798371259060524
  0.16798371259026607
  0.16798371258996503
  0.16798371258973141
  0.16798371258955147
  0.16798371258777847
  0.1679843629475217
  0.16798436293700386
  0.16798397542744789
  0.16798397544113816
  0.16798381052524211
  0.16798381052575651
  0.16798348517232498
  0.16798348515386821
  0.16798371258427863
  0.16799497988979559
  0.16799500159523961
  0.16798658748576009
  0.16798274710494523
  0.16798371283906013
  0.1679827286730125
  0.16798272867598171
  0.16798371258618011
  0.14999999999999999
  0.15000025602982842
  0.15000060906828178
  0.15000166386010105
  0.15000168588956822
  0.14999999998139166
  0.16799286781777045
  0.16799289446885576
  0.16798871327704376
  0.16798517478426536
  0.16798371258909145
  0.16798371258762138
  0.16794992066554026
  0.16795007864214462
  0.16798822772782582
  0.16797928810142332
  0.16798371254912023
  0.16798371258854189
  0.15828540228568219
  0.15828487471652275
  0.1579834505919975
  0.15793536537694627
  0.16798371258255532
  0.16798371258908076
  0.16798371258784697
  0.16798371258933043
  0.16798371258853834
  0.16798371258940872
  0.16798371261012565
  0.16798371258979292
  0.16798371258473763
  0.16798371271132917
  0.16798371265212764
  0.16798371261708572
  0.16798371260112654
  0.16798371259306619
  0.16798371258905312
  0.16798371258688363
  0.1679837126355892
  0.16798371263081446
  0.16798371261237491
  0.16798371260067116
  0.16798371259413575
  0.16798371259051234
  0.15000000000000005
  0.15000027342358074
  0.16798387791637692
  0.16798371247550978
  0.15000053793838122
  0.15000121356852636
  0.15000121726537727
  0.15000176207391561
  0.16798371258062472
  0.16798371260478301
  0.16798371260219888
  0.16798371259752176
  0.16798371259353698
  0.16798371259082809
  0.16798371258922667
  0.16798371258576902
  0.1679837125938502
  0.16798371259565412
  0.16798371259428668
  0.16798371259235023
  0.16798371259072645
  0.16798371258964306
  0.16798422250995038
  0.16798371293125866
  0.16798371258810074
  0.16798371259098174
  0.16798371259237591
  0.16798371259217817
  0.16798371259140824
  0.16798371259045769
  0.16798371258974573
  0.16798337325050211
  0.16798371219719282
  0.16798284613968786
  0.16798371229985509
  0.16803124177256545
  0.16803144181006327
  0.16827408908842656
  0.16830663025039139
  0.16798371278312835
  0.16798371258520042
  0.16801151235719014
  0.16801165452910885
  0.16819674536149562
  0.16822241637080904
  0.1679837126395454
  0.16798371258683922
  0.16800773428780671
  0.16800782375263992
  0.16813870787781715
  0.16815842780413981
  0.16798371250080305
  0.16798371258805295
  0.16798191407497812
  0.16798191409064633
  0.16593817688145518
  0.16594049632017813
  0.16780315588914577
  0.16798395977283145
  0.1679837125746175
  0.16798371258877981
  0.14999999999999994
  0.15000022762090745
  0.15000066218702154
  0.15000222300128246
  0.15000219749635355
  0.15000724097830648
  0.1679837125858569
  0.16798371258915556
  0.16798371269016646
  0.16798371262488754
  0.16798371259428641
  0.1679837125863409
  0.1679837127024337
  0.16798371265119671
  0.16798371263076892
  0.16798371261673639
  0.16798371260132577
  0.16798371259666786
  0.16798371259304556
  0.16798371258885453
  0.16798371258758327
  0.16798371258666886
  0.16798371267182666
  0.16798371262787976
  0.16798371259741823
  0.16798371258851766
  0.16798371262941655
  0.16798371263005077
  0.1679837126132189
  0.16798371259455361
  0.16798371258831413
  0.16798371258022773
  0.16798371261402048
  0.1679837126088366
  0.16798371260444722
  0.16798371259724326
  0.16798371259455511
  0.1679837125925813
  0.16798371258985104
  0.16798371258889674
  0.16798371258828396
  0.16798371256164829
  0.16798371260364386
  0.16798371259851425
  0.16798371259399866
  0.16798371259109976
  0.16798371258925571
  0.16798371257417058
  0.1679837125951037
  0.16798371259874811
  0.16798371259491704
  0.16798371259217809
  0.16798371259102604
  0.16798371258013248
  0.16798371259593828
  0.16798371259473871
  0.16798371259276113
  0.1679837125909073
  0.16798371258966585
  0.16798371258515291
  0.16798371259272218
  0.16798371259379896
  0.16798371259368869
  0.16798371259283182
  0.16798371259213396
  0.16798371259141839
  0.16798371259077388
  0.16798371259023412
  0.16798371258975062
  0.1679837125894208
  0.16798371258685801
  0.1679837125903072
  0.16798371259216241
  0.16798371259232131
  0.16798371259158643
  0.16798371259060929
  0.1679837125898018
  0.16798371258882266
  0.16798371259149933
  0.16798371259085179
  0.16798371258853931
  0.16798371258901007
  0.16798371258967201
  0.16798371259031966
  0.16798371259081896
  0.16798371259115893
  0.16798371259122774
  0.16798371259112041
  0.16798371259094955
  0.16798371259067846
  0.16798371259038436
  0.16798371259008879
  0.16798371258981598
  0.16798371258960987
  0.16798371258944339
  0.16798337423917545
  0.16798371246748073
  0.16798407168375956
  0.16798407166756024
  0.16798380162349394
  0.16798380163305218
  0.16798374860563367
  0.16798371270731399
  0.16798374951625655
  0.16798374950137271
  0.16798296748371955
  0.16798296749920066
  0.16798234907103185
  0.1679823490727782
  0.16798371258401829
  0.14999999999999999
  0.15000027481680731
  0.15000049779997038
  0.15000102729456799
  0.15000103182726116
  0.1500011331270546
  0.16796115662025984
  0.16796107085889572
  0.16792207446399424
  0.16792224707326248
  0.16798371262951461
  0.1679837125859252
  0.16796041032905162
  0.16796037585512846
  0.1679673508163752
  0.1679723074919541
  0.16798371248460042
  0.14999999999999999
  0.15000025989609325
  0.1679837125874018
  0.15000056787046176
  0.150001447469712
  0.15000146545113663
  0.14999994338234637
  0.16794412950854773
  0.16794424495417787
  0.16800111184351757
  0.16800056548523379
  0.16798371256790892
  0.16798371258832798
  0.16798395093224641
  0.16798371269011916
  0.16798250673228962
  0.16798371264973416
  0.15837603194277397
  0.15837553201200621
  0.15810664423859025
  0.15806500317567995
  0.16798371258328196
  0.16798371258891975
  0.16798371258726186
  0.16798371258918013
  0.16798371259116199
  0.16798371258823447
  0.16798371258927694
  0.16798359309337724
  0.16798371262956141
  0.16798371259976971
  0.16798371260685241
  0.16798371260438924
  0.16798371260172562
  0.16798371259369049
  0.16798371259127678
  0.16798371258928457
  0.16798371258654035
  0.16798371258570313
  0.16798371258506206
  0.16798371260716483
  0.16798371261860723
  0.16798371261636885
  0.16798371261180353
  0.16798371260530628
  0.1679837126003918
  0.16798371259678424
  0.16798371259335429
  0.16798371259113312
  0.16798371258930497
  0.1679837125879492
  0.16798371258691019
  0.16798371258621345
  0.1679837125857114
  0.16798371259678216
  0.16798371261504266
  0.16798371258015893
  0.16798371260532008
  0.16798371260398809
  0.16798371260098813
  0.16798371259745715
  0.16798371259260228
  0.16798371259100775
  0.1679837125895989
  0.16798371258785699
  0.16798371258734615
  0.16798371256778388
  0.1679837125998318
  0.16798371260204009
  0.16798371260163816
  0.16798371259692244
  0.16798371259478279
  0.1679837125928986
  0.16798371259014525
  0.16798371258920552
  0.16798371258844594
  0.16792294075159184
  0.1679225434625139
  0.16736244514932597
  0.16728108542662129
  0.16798371256589059
  0.16798371258216277
  0.16798371259265721
  0.16798371259777248
  0.1679837125975718
  0.16798371259718803
  0.16798371259587416
  0.16798371259417277
  0.16798371259269479
  0.16798371259139849
  0.16798371259042155
  0.16798371258957009
  0.16798371258890293
  0.16798371258843711
  0.16798371257309413
  0.16798371257589614
  0.16798371259134567
  0.16798371258488468
  0.16798371259463776
  0.1679837125955326
  0.16798371259445863
  0.16798371259337719
  0.16798371259227002
  0.16798371259042794
  0.16798371258913267
  0.16798371258125636
  0.16798371258592293
  0.16798371258995856
  0.16798371259232828
  0.16798371259338393
  0.16798371259343803
  0.16798371259321043
  0.16798371259254338
  0.167983712591845
  0.1679837125910984
  0.16798371259043199
  0.16798371258987865
  0.16798371258937186
  0.16798371258902239
  0.16791756656028639
  0.16791736417256342
  0.16752826935032633
  0.16746593103949137
  0.16798341417840681
  0.16798371253816596
  0.1679837125125295
  0.16798371258505904
  0.16798371258950581
  0.1679837125911601
  0.16798371259207834
  0.16798371258661976
  0.16798371259224876
  0.16798371259189693
  0.16798371259137476
  0.16798371259085534
  0.16798371259033382
  0.16798371258988698
  0.16798371258950173
  0.16798371258675354
  0.16798371258801184
  0.16798371258933459
  0.16798371259045447
  0.16798371259114517
  0.16798371259146025
  0.16798371259153017
  0.16798371259134756
  0.16798371259099965
  0.16798371259062167
  0.16798371259024888
  0.16798371258988459
  0.16798371258955419
  0.16798371258932765
  0.1679278828079
  0.16792770313330282
  0.16765489182191992
  0.16761527961947223
  0.16798371254546604
  0.16798371258774727
  0.1679837125883904
  0.16798371258924122
  0.16798371259002043
  0.16798371259065978
  0.16798371259105044
  0.16798371259093858
  0.1679837125907199
  0.16798371258781214
  0.16798371259015296
  0.16798371258957268
  0.16798371258924277
  0.16600976640265458
  0.16601199005027048
  0.16773505223751181
  0.16789524374019152
  0.16798371258816919
  0.16798371258861575
  0.16798371258921585
  0.1679837125898031
  0.1679837125903226
  0.16798371259058373
  0.1679837125907373
  0.16798371259069525
  0.167983712590553
  0.16798371259034134
  0.16798371259009065
  0.16798371258983641
  0.16798371258960562
  0.16798371258943279
  0.16798371258929248
  0.16798118494659536
  0.16798118496309719
  0.16798371257869402
  0.16798371258856198
  0.14999999999999997
  0.15000022901749666
  0.15000062588525356
  0.15000205262687877
  0.15000203303781448
  0.15000908237202576
  0.16798371258601608
  0.16798371258897646
  0.16798351812533635
  0.16798351811962947
  0.16798327951867029
  0.16798327952101338
  0.16798295155980347
  0.16798295155765244
  0.16798276739567944
  0.16798371247278321
  0.16798230905940287
  0.16798230905648026
  0.1679837125908579
  0.14999999999999997
  0.15000026869126998
  0.15000050240626525
  0.15000109288863595
  0.15000109610866419
  0.15000183101483272
  0.16798166661562011
  0.16798166657716421
  0.14999999999999999
  0.15000027361295029
  0.15000045187522193
  0.15000083482767496
  0.15000083935522637
  0.15000063098290706
  0.16798339921282723
  0.16798371253631972
  0.16798371258403871
  0.16798371259276559
  0.16798371260477263
  0.16798371259877615
  0.16798371259348335
  0.16798371258972164
  0.16798371258740524
  0.16798371258612044
  0.16798371257701486
  0.16798371259845674
  0.16798371259892034
  0.16798371259467818
  0.16798371259121916
  0.16798371258905373
  0.16798371258766376
  0.16798371257871611
  0.16798371259269471
  0.16798371259479358
  0.16798371259354333
  0.16798371258972072
  0.16798371258863651
  0.16798371258505668
  0.16798371258988121
  0.16798371259207934
  0.16798371259184214
  0.1679837125909108
  0.1679837125899129
  0.16798371258910977
  0.16798371258748271
  0.16798371258936165
  0.16798371259060266
  0.16798371259084185
  0.16798371259042971
  0.16798371258986664
  0.16798371258934147
  0.16771334404152677
  0.16771440468592441
  0.16862718097089083
  0.16871763085453306
  0.16798371258377254
  0.16798371250907934
  0.16798371258566933
  0.16772717594566655
  0.16772788315855988
  0.16806778030403252
  0.16807069585421291
  0.16758329061427391
  0.16758414146890074
  0.16825039744342343
  0.16830769204635745
  0.16798371254122715
  0.16798371258709399
  0.16798371257416664
  0.16798371258812619
  0.15784708972125616
  0.15784638370871615
  0.15725426446629792
  0.15716873226078734
  0.16798371258412961
  0.16798371258869188
  0.16798371258723788
  0.1679837125890187
  0.16798371258785769
  0.16798371258909858
  0.14999999999999999
  0.15000025617115098
  0.15000053968612403
  0.15000136041542625
  0.15000137634576921
  0.14999900513895448
  0.16798288958219523
  0.1679837124922591
  0.16798371255051364
  0.16798371257784503
  0.1679837125913281
  0.16798371259213074
  0.16798371258856015
  0.16798371258723377
  0.16798371258498332
  0.16798371258455749
  0.16798371256162067
  0.16798371259471123
  0.16798371259597294
  0.16798371259526562
  0.16798371259229686
  0.16798371259055803
  0.16798371258893757
  0.16798371258694189
  0.16798371258620334
  0.16798371258565908
  0.16798371258511902
  0.167983712563121
  0.16798371258542893
  0.16798371259470923
  0.16798371259646946
  0.16798371256747716
  0.16798371259308897
  0.16798371259572156
  0.16798371259396114
  0.16798371259223302
  0.16798371258873612
  0.16798371258797948
  0.16798371258735306
  0.16798371257000094
  0.16798371259476061
  0.16798371259559056
  0.16798371259243844
  0.16798371259118128
  0.16798371258854652
  0.1679837125879553
  0.16798371257445902
  0.16798371258998257
  0.16798371258843522
  0.16798371257880854
  0.16798371258352002
  0.16798371258831926
  0.16798371259123188
  0.16798371259188022
  0.16798371258924519
  0.16798371258877337
  0.16798371258848083
  0.16798371258827249
  0.16798371258285177
  0.16798371258838193
  0.16798371259146741
  0.16798371259167685
  0.16798371258987221
  0.16798371258900838
  0.16798371258525974
  0.1679837125865839
  0.16798371258974576
  0.16798371259062989
  0.16798371259101047
  0.16798371259108114
  0.16798371259089612
  0.16798371259056635
  0.16798371259023556
  0.16798371258949096
  0.16798371258917746
  0.16798371258667286
  0.16798371258746814
  0.16798371258852829
  0.16798371258947412
  0.16798371259015041
  0.16798371259066422
  0.16798371259058323
  0.1679837125903749
  0.1679837125898398
  0.16798371258954004
  0.1679837125892828
  0.1679837125889618
  0.16798371258745384
  0.16798371258795061
  0.16798371258861722
  0.16798371258933331
  0.16798371259034608
  0.16798371258955233
  0.16798371258934394
  0.1679837125891798
  0.16798371258905428
  0.16798308944891757
  0.16798371252248281
  0.16798371258783634
  0.16798371258820052
  0.16798371258872202
  0.16798371258925757
  0.16798371258967773
  0.16798371258998859
  0.16798371259015182
  0.16798371259019065
  0.16798371259010003
  0.16798371258995715
  0.16798371258975403
  0.16798371258956216
  0.16798371258937589
  0.1679837125892289
  0.16798371258911401
  0.16798371259059491
  0.16798293771982886
  0.16798371249810659
  0.16798292696551487
  0.16798292698108386
  0.16798371251774649
  0.16798371258462846
  0.16798300298586138
  0.16798300299374103
  0.16658660067355394
  0.16658891360902633
  0.1686654281451892
  0.16888505878390081
  0.16633540817329168
  0.1663378057070462
  0.16853877451663132
  0.16877612988836996
  0.16798268536152566
  0.16798268537411931
  0.16798371254873667
  0.16798371258621572
  0.16798226537455452
  0.16798226537728261
  0.1679837125710337
  0.16798104552575369
  0.16798104555735166
  0.16798371258752454
  0.16797943317514671
  0.16797943325273623
  0.16798371258167946
  0.16798371258832251
  0.14999999999999999
  0.15000023571040413
  0.15000057199241318
  0.15000174295501376
  0.15000172589304991
  0.15001059530429017
  0.16798371258618791
  0.16798371258879757
  0.14999999999999999
  0.15000026865917376
  0.15000046380884913
  0.15000091948053795
  0.15000092243888652
  0.15000141497235464
  0.16582530347101998
  0.16582770955914916
  0.16790849147238704
  0.16812463676318662
  0.16437112481304253
  0.16437528229543724
  0.16791430020606035
  0.16826120727375424
  0.16798371259045686
  0.16798371258788775
  0.16798371258509404
  0.16798371259259387
  0.1679837125909836
  0.16798371258822459
  0.16798371258954969
  0.1679837125902576
  0.16798371258921399
  0.1638983939003463
  0.16389897385771499
  0.16388319033120446
  0.16383869178955204
  0.16798371258935613
  0.1643628484274019
  0.16436479396072787
  0.16577230408574761
  0.16589334344057965
  0.16283554890977611
  0.16283590615352231
  0.16266733756077401
  0.16261690869356615
  0.16798371255280101
  0.16798371258533171
  0.16798371256838088
  0.16798371258678318
  0.15514258134211209
  0.15514215635782655
  0.15476799574081213
  0.15471339572974685
  0.14999999999999997
  0.150000258261312
  0.16798371257940467
  0.15000049725420994
  0.1500011504140305
  0.15000116357119359
  0.14999964027647639
  0.16798371258784042
  0.16798371258481201
  0.16798371258846026
  0.16798371258702349
  0.16798371258881539
  0.16798371258751318
  0.16798371258889847
  0.16798371255439351
  0.16798371257827399
  0.16798371258608183
  0.16798371258613565
  0.16798371258554237
  0.16798371258458877
  0.16798371258407538
  0.16798371258376135
  0.16798371256199654
  0.16798371257407665
  0.16798371258300562
  0.16798371258730987
  0.16798371258877487
  0.16798371258848857
  0.16798371258855774
  0.16798371258784256
  0.1679837125871444
  0.16798371258655503
  0.16798371258599612
  0.16798371258549333
  0.1679837125851617
  0.16798371258492314
  0.16798371258474953
  0.16798371256638028
  0.16798371257761033
  0.16798371258539394
  0.16798371258560246
  0.16798371257050315
  0.16798371257915709
  0.16798371258586445
  0.16798371259119915
  0.16798371259109787
  0.16798371259078121
  0.16798371258988939
  0.16798371258910932
  0.16798371258775585
  0.16798371258726436
  0.16798371258685252
  0.16798371258656447
  0.16798371257424255
  0.16798371258643971
  0.16798371259129943
  0.16798371258964281
  0.16798371258746514
  0.16798371257797834
  0.16798371258165776
  0.16798371258648273
  0.16798371258903325
  0.16798371259070824
  0.16798371259063904
  0.16798371258996708
  0.16798371258875636
  0.16798371258800329
  0.16798371258774752
  0.16798371258755174
  0.16798371258121392
  0.16798371258384731
  0.16798371258682981
  0.16798371259019396
  0.16798371259052317
  0.16798371259039704
  0.1679837125887147
  0.16798371258838415
  0.16798371258814834
  0.16798371258797079
  0.16798371258366909
  0.1679837125852742
  0.16798371258711819
  0.16798371258868411
  0.16798371258977979
  0.16798371259006967
  0.16798371259031694
  0.16798371259022948
  0.16798371258991338
  0.16798371258926287
  0.1679837125889502
  0.16798371258867892
  0.1679837125884574
  0.16798371258829814
  0.16798371258531572
  0.16798371258632258
  0.16798371258755035
  0.16798371258945291
  0.16798371259009021
  0.16798371258984821
  0.16798371258935507
  0.16798371258885572
  0.16798371258646003
  0.16798371258706599
  0.16798371258783798
  0.16798371258868669
  0.16798371258926245
  0.1679837125896515
  0.16798371258984846
  0.16798371258984415
  0.16798371258977204
  0.16798371258960473
  0.16798371258938946
  0.16798371258918793
  0.16798371258901038
  0.16798371258885683
  0.1679837125871535
  0.16798371258754077
  0.16798371258809652
  0.16798371258869166
  0.16798371258918582
  0.16798371258970454
  0.16798371258970493
  0.16798371258940248
  0.16798371258924344
  0.16798371258907491
  0.16798371258885855
  0.16798371258752293
  0.16798371258781131
  0.16798371258824354
  0.16798371258870512
  0.16798371258911568
  0.1679837125894125
  0.16798371258959952
  0.16798371258967201
  0.16798371258964956
  0.16798371258955627
  0.16798371258942263
  0.16798371258927774
  0.16798371258913455
  0.16798371258901956
  0.16798371258892572
  0.14999999999999999
  0.15000026501911129
  0.15000044512370447
  0.15000086161444456
  0.15000086463296985
  0.15000105610760456
  0.14999999999999999
  0.1500002659902499
  0.15000040706771031
  0.15000068442877951
  0.15000068761565569
  0.15000058702589042
  0.16798371255818459
  0.16798371258429709
  0.16798371256922798
  0.16798371258594338
  0.16798371257755901
  0.16798371258722011
  0.16798371258316189
  0.16798371258806613
  0.15836171261014079
  0.1583612784445404
  0.15821417945969718
  0.1581913640926933
  0.14999999999999999
  0.15000024797297556
  0.15000050547031743
  0.15000130653588761
  0.15000129266237608
  0.15000281700377485
  0.16798371258613845
  0.16798371258855108
  0.1584823017814079
  0.15848184848731747
  0.15824524002559384
  0.15820787172802253
  0.16798371257125408
  0.16798371258417383
  0.16798371258726671
  0.16798371258761993
  0.16798371258667241
  0.16798371258579325
  0.16798371258524458
  0.16798371257718919
  0.16798371258623876
  0.16798371258956815
  0.16798371258938327
  0.1679837125884627
  0.16798371258745284
  0.16798371258681247
  0.16798371258164768
  0.16798371258701453
  0.16798371258942643
  0.16798371258983075
  0.16798371258924988
  0.16798371258844969
  0.16798371258787564
  0.15772560663298349
  0.15772512456248988
  0.15756369792147962
  0.15753889881605446
  0.16798371258505276
  0.16798371258760805
  0.1679837125892549
  0.16798371258974007
  0.1679837125894226
  0.16798371258895473
  0.16798371258852746
  0.15755002205237031
  0.1575494221610147
  0.15709983434951461
  0.1570311393222886
  0.16798371258690731
  0.16798371258805131
  0.16798371258907646
  0.16798371258949207
  0.16798371258943859
  0.16798371258914124
  0.16798371258885383
  0.15522049392012091
  0.15522008485317043
  0.15485313430501838
  0.15479746620759952
  0.15212456862028512
  0.15212420550227887
  0.15220093159286296
  0.15222067586025298
  0.1558058366845807
  0.15580549217398634
  0.15594279846480189
  0.15596625978543935
  0.14999999999999999
  0.15000026018648904
  0.15000046109049814
  0.15000096949741906
  0.15000097682824179
  0.15000107379712968
  0.1679837125623295
  0.16798371256883993
  0.16798371257888992
  0.16798371258391154
  0.1679837125840169
  0.1679837125683451
  0.16798371258396358
  0.16798371258370656
  0.167983712583536
  0.16798371258347267
  0.16798371258500402
  0.1679837125673877
  0.16798371257390524
  0.16798371257871789
  0.16798371258424649
  0.16798371258586747
  0.16798371258567188
  0.16798371258556899
  0.16798371258507944
  0.16798371258484324
  0.16798371258465306
  0.16798371258441222
  0.16798371257181352
  0.16798371257715755
  0.16798371258695222
  0.1679837125857962
  0.16798371258556527
  0.16798371258540706
  0.16798371258527864
  0.16798371257590483
  0.16798371258648007
  0.16798371257450148
  0.16798371258542139
  0.16798371258723729
  0.16798371258819744
  0.16798371258768194
  0.16798371258694283
  0.16798371258636391
  0.16798371258603237
  0.16798371257772762
  0.16798371258068068
  0.16798371258626557
  0.16798371258789069
  0.16798371258852451
  0.16798371258859163
  0.16798371258828307
  0.16798371258798142
  0.1679837125872887
  0.16798371258703557
  0.16798371258684133
  0.16798371258669437
  0.16798371258161257
  0.16798371258754502
  0.16798371258021788
  0.16798371258230704
  0.16798371258493547
  0.16798371258816519
  0.16798371258896791
  0.16798371258874212
  0.16798371258780662
  0.16798371258757783
  0.1679837125874078
  0.16798371258725078
  0.16798371258227887
  0.1679837125837309
  0.16798371258729905
  0.16798371258922945
  0.16798371258919495
  0.16798371258901093
  0.16798371258850564
  0.16798371258823111
  0.16798371258799774
  0.16798371258771125
  0.16798371258506428
  0.167983712588231
  0.16798371258665062
  0.16798371258411299
  0.16798371258508932
  0.16798371258647316
  0.16798371258849076
  0.16798371258919392
  0.16798371258922593
  0.16798371258913786
  0.16798371258872022
  0.16798371258851724
  0.16798371258833519
  0.16798371258857236
  0.16798371258545122
  0.16798371258601996
  0.16798371258778802
  0.16798371258851102
  0.16798371258888772
  0.16798371258917935
  0.1679837125892448
  0.16798371258919856
  0.16798371258907199
  0.16798371258890391
  0.16798371258872602
  0.16798371258855524
  0.167983712588433
  0.16798371258833097
  0.16798371258631775
  0.16798371258673978
  0.16798371258734707
  0.16798371258799014
  0.16798371258854364
  0.16798371258915634
  0.16798371258922823
  0.1679837125890031
  0.16798371258872613
  0.16798371258852868
  0.16798371258718212
  0.16798371258869285
  0.16798371258691583
  0.16798371258721814
  0.16798371258765393
  0.16798371258814301
  0.16798371258891109
  0.16798371258922454
  0.16798371258917741
  0.16798371258895262
  0.16798371258874187
  0.16798371258866288
  0.16798371258724235
  0.1679837125874909
  0.16798371258783792
  0.16798371258821992
  0.16798371258860714
  0.16798371258890402
  0.16798371258910047
  0.16798371258920278
  0.16798371258923345
  0.16798371258919154
  0.16798371258911207
  0.1679837125890076
  0.16798371258890907
  0.16798371258881087
  0.16798371258874414
  0.15000000000000002
  0.15000026332845934
  0.15000040387016017
  0.15000068475157666
  0.15000068741077327
  0.15000064476789096
  0.16798371256719041
  0.15000000000000002
  0.1500002290268137
  0.15000068002374489
  0.15000226788883042
  0.1500022388037979
  0.15000560041421729
  0.16798371258398936
  0.15000000000000002
  0.15000022838203381
  0.15000067509685336
  0.15000223750411212
  0.15000221712585177
  0.15000596586340595
  0.1679837125745029
  0.1679837125856474
  0.15000000000000002
  0.15000022729311668
  0.15000066182004224
  0.15000220577815443
  0.15000217669711491
  0.15000301659100179
  0.14999999999999999
  0.15000022536856747
  0.15000064192863094
  0.15000214595479724
  0.15000211135184346
  0.15000358614503481
  0.1679837125800572
  0.15000000000000002
  0.15000022555112569
  0.1500006113118377
  0.15000199908451453
  0.15000197653190567
  0.15000946955632785
  0.16798371258692951
  0.16798371258386846
  0.14999999999999997
  0.15000023232902898
  0.16798371258780045
  0.15000056256592678
  0.15000171746399557
  0.15000169782959363
  0.15000919033957882
  0.14999999999999999
  0.15000024579603774
  0.15000050011364485
  0.15000128975486787
  0.15000127851591485
  0.15000290920766043
  0.14999999999999999
  0.15000025845187021
  0.15000044975175605
  0.15000092049478869
  0.15000092593754094
  0.14999992423566966
  0.16798371258605654
  0.16798371258834263
  0.14999999999999999
  0.1500002618709928
  0.1500004213526327
  0.15000077132016609
  0.15000077440650242
  0.15000093412256948
  0.16798371256722908
  0.16798371257024564
  0.16798371257390057
  0.16798371257686076
  0.16798371257925476
  0.16798371258071154
  0.16798371258188524
  0.16798371258290129
  0.16798371258315178
  0.16798371258323
  0.1679837125831983
  0.16798371258320252
  0.16798371257047334
  0.16798371257377526
  0.1679837125768589
  0.16798371257941197
  0.16798371258159656
  0.16798371258291717
  0.1679837125837976
  0.16798371258419648
  0.16798371258434236
  0.16798371258436889
  0.16798371258435063
  0.16798371258430844
  0.16798371258424197
  0.16798371258419387
  0.16798371258414141
  0.1679837125741192
  0.16798371257687841
  0.16798371257878425
  0.16798371258157055
  0.16798371258545022
  0.16798371258527181
  0.16798371258515021
  0.16798371258506686
  0.16798371258500383
  0.16798371257665173
  0.1679837125789673
  0.16798371258101305
  0.16798371258328992
  0.16798371258478265
  0.16798371258561481
  0.16798371258622743
  0.16798371258648512
  0.16798371258650802
  0.16798371258639577
  0.16798371258627542
  0.16798371258612094
  0.16798371258596659
  0.1679837125858282
  0.16798371257923231
  0.16798371258256486
  0.16798371258452655
  0.16798371258587463
  0.16798371258702302
  0.16798371258722627
  0.1679837125869639
  0.16798371258664774
  0.16798371258652114
  0.16798371258644043
  0.1679837125811893
  0.16798371258242029
  0.16798371258389688
  0.16798371258542313
  0.16798371258651898
  0.16798371258726244
  0.16798371258755962
  0.16798371258784289
  0.16798371258777875
  0.1679837125876876
  0.16798371258751796
  0.16798371258736924
  0.16798371258722908
  0.16798371258709582
  0.16798371258700118
  0.16798371258298825
  0.16798371258379746
  0.16798371258492778
  0.16798371258618838
  0.16798371258711078
  0.16798371258805683
  0.16798371258816613
  0.16798371258821471
  0.16798371258797545
  0.16798371258782879
  0.16798371258768335
  0.16798371258753889
  0.16798371258746636
  0.16798371258430997
  0.16798371258492403
  0.16798371258585196
  0.16798371258670028
  0.1679837125874743
  0.16798371258789926
  0.16798371258825498
  0.16798371258844991
  0.16798371258847036
  0.16798371258841072
  0.16798371258828587
  0.16798371258816119
  0.16798371258803307
  0.16798371258791156
  0.1679837125878296
  0.16798371258540284
  0.1679837125858698
  0.16798371258645861
  0.16798371258715478
  0.16798371258772493
  0.1679837125881487
  0.16798371258843944
  0.16798371258866068
  0.16798371258851039
  0.16798371258829387
  0.1679837125881973
  0.16798371258812828
  0.16798371258619751
  0.16798371258652789
  0.16798371258698352
  0.16798371258748923
  0.16798371258795569
  0.16798371258829772
  0.16798371258855563
  0.16798371258871611
  0.16798371258876815
  0.1679837125887271
  0.16798371258866934
  0.1679837125885828
  0.16798371258849268
  0.16798371258840755
  0.16798371258834346
  0.16798371258673037
  0.16798371258694461
  0.16798371258731459
  0.16798371258772968
  0.1679837125880756
  0.16798371258841185
  0.16798371258863878
  0.1679837125887812
  0.16798371258882389
  0.16798371258882916
  0.16798371258877987
  0.16798371258862144
  0.16798371258854988
  0.16798371258849412
  0.16798371258702338
  0.16798371258720629
  0.16798371258750255
  0.16798371258785078
  0.1679837125881857
  0.16798371258846875
  0.16798371258867931
  0.16798371258880437
  0.16798371258887554
  0.16798371258887485
  0.16798371258883257
  0.16798371258877653
  0.16798371258869757
  0.16798371258863334
  0.167983712588577
  0.16798371257274386
  0.16798371258472888
  0.16798371258659514
  0.16798371258842534
  0.16798371257841491
  0.1679837125851158
  0.16798371258620781
  0.1679837125880167
  0.16798371258250661
  0.1679837125873031
  0.167983712586939
  0.16798371258851813
  0.16798371257424363
  0.16798371257885134
  0.16798371258226863
  0.16798371258401576
  0.16798371258451705
  0.16798371258460693
  0.16798371258452643
  0.16798371257915873
  0.16798371258247283
  0.16798371258521708
  0.16798371258626343
  0.16798371258651443
  0.16798371258635655
  0.16798371258610612
  0.16798371258271924
  0.16798371258481853
  0.1679837125867496
  0.16798371258752065
  0.16798371258772302
  0.16798371258749806
  0.16798371258725558
  0.16798371258510889
  0.16798371258633693
  0.16798371258752159
  0.1679837125881842
  0.16798371258831579
  0.16798371258820277
  0.16798371258800773
  0.14999999999999999
  0.15000025484994933
  0.15000035467877326
  0.15000051631277786
  0.15000051794943275
  0.15000052880184753
  0.16798371258652306
  0.16798371258721528
  0.16798371258799819
  0.16798371258848954
  0.16798371258863437
  0.16798371258859238
  0.16798371258843434
  0.15000000000000005
  0.150000251864357
  0.14999999999999999
  0.15000025368746381
  0.15000056289590644
  0.15000148095345761
  0.1500015012365489
  0.15000019032037806
  0.15000058422637547
  0.15000155807685742
  0.15000158091538116
  0.15000144317458333
  0.15000000000000002
  0.15000025219328583
  0.15000052991056176
  0.15000133442710462
  0.15000135026406239
  0.14999918531298509
  0.14999999999999999
  0.15000025812872309
  0.15000060567997389
  0.15000161375869617
  0.15000163396443902
  0.1500005476539934
  0.15000000000000002
  0.15000025539889247
  0.15000048725415002
  0.1500011173920687
  0.1500011298140943
  0.14999993096377939
  0.14999999999999997
  0.15000025950460616
  0.15000044441164376
  0.15000089037114325
  0.1500008969315661
  0.1500009499220275
  0.1679837125708338
  0.1679837125837737
  0.14999999999999999
  0.15000026114789503
  0.15000040959128241
  0.15000072067561349
  0.1500007234089368
  0.1500008730322753
  0.15000000000000005
  0.15000025902013467
  0.15000038029925802
  0.15000060410222962
  0.15000060647454563
  0.15000056638508827
  0.16798371258591127
  0.16798371258817008
  0.15000000000000002
  0.15000025945958201
  0.15000058911117087
  0.15000152682909998
  0.15000154622424341
  0.15000089213781601
  0.16798371258096303
  0.16798371258668168
  0.16798371258403233
  0.16798371258759007
  0.16798371257674452
  0.16798371258533887
  0.16798371256973302
  0.16798371257142364
  0.16798371257371567
  0.16798371257607922
  0.1679837125780794
  0.16798371257956068
  0.16798371258073452
  0.16798371258151953
  0.16798371258247469
  0.16798371258284414
  0.16798371258291614
  0.16798371258299771
  0.16798371257259651
  0.16798371257428976
  0.16798371257648675
  0.16798371257842165
  0.16798371258144634
  0.16798371258242623
  0.16798371258306311
  0.1679837125834793
  0.16798371258372302
  0.16798371258393402
  0.16798371258392666
  0.16798371258393124
  0.16798371257539987
  0.16798371257691516
  0.16798371257861411
  0.16798371258036934
  0.16798371258439024
  0.16798371258465825
  0.16798371258481717
  0.1679837125848703
  0.16798371258487613
  0.16798371258484315
  0.16798371258481376
  0.16798371258479133
  0.16798371257768829
  0.16798371258048406
  0.16798371258217232
  0.167983712585173
  0.16798371258549102
  0.16798371258569178
  0.16798371258578734
  0.16798371258565789
  0.16798371258559255
  0.16798371257988465
  0.16798371258082642
  0.16798371258217912
  0.16798371258351952
  0.16798371258469172
  0.16798371258634792
  0.16798371258645228
  0.16798371258635972
  0.16798371258628719
  0.16798371258623548
  0.16798371258167083
  0.16798371258247979
  0.16798371258348233
  0.16798371258459616
  0.167983712587053
  0.16798371258713707
  0.16798371258694514
  0.16798371258687619
  0.16798371258680284
  0.16798371258321179
  0.1679837125837865
  0.1679837125845926
  0.1679837125855059
  0.16798371258631559
  0.1679837125872882
  0.16798371258751432
  0.16798371258761371
  0.16798371258764297
  0.16798371258760023
  0.16798371258753314
  0.16798371258742495
  0.16798371258727776
  0.16798371258439734
  0.16798371258484424
  0.16798371258549136
  0.16798371258617509
  0.16798371258681877
  0.16798371258730543
  0.16798371258789094
  0.16798371258798353
  0.16798371258801076
  0.16798371258796652
  0.16798371258788797
  0.16798371258779685
  0.16798371258773367
  0.16798371258766612
  0.16798371258536848
  0.16798371258571063
  0.16798371258618561
  0.16798371258673314
  0.16798371258722999
  0.16798371258764327
  0.16798371258795983
  0.16798371258824243
  0.16798371258809
  0.16798371258802855
  0.16798371258797359
  0.1679837125860717
  0.16798371258633191
  0.16798371258668923
  0.16798371258713074
  0.1679837125875496
  0.16798371258788947
  0.16798371258814693
  0.16798371258832787
  0.16798371258842346
  0.16798371258830436
  0.16798371258825134
  0.16798371258819764
  0.16798371258655678
  0.16798371258675843
  0.16798371258706274
  0.16798371258740522
  0.16798371258774619
  0.16798371258804692
  0.16798371258828659
  0.16798371258844946
  0.16798371258853373
  0.16798371258857747
  0.16798371258852041
  0.16798371258845604
  0.1679837125884012
  0.16798371258835842
  0.16798371258683834
  0.16798371258700898
  0.16798371258726569
  0.16798371258756919
  0.16798371258786846
  0.16798371258814548
  0.1679837125883645
  0.16798371258850756
  0.1679837125885984
  0.16798371258863229
  0.1679837125886291
  0.16798371258859204
  0.1679837125885405
  0.16798371258849079
  0.1679837125884488
  0.16798371256907363
  0.16798371258286024
  0.16798371257422545
  0.16798371258446085
  0.16798371258505479
  0.16798371258785286
  0.16798371257934555
  0.16798371258604355
  0.16798371258641592
  0.1679837125882864
  0.16798371258273989
  0.16798371258707834
  0.14999999999999999
  0.15000026800749514
  0.15000053522645443
  0.15000122930557427
  0.15000123293987169
  0.15000136113430829
  0.14999999999999994
  0.15000026641568043
  0.15000051928405037
  0.15000117063682339
  0.1500011741171173
  0.1500013481380095
  0.16798371258676242
  0.16798371258839406
  0.14999999999999997
  0.15000027163370844
  0.15000054593177356
  0.15000124927336242
  0.15000125325806848
  0.15000157512108231
  0.16798371258577519
  0.16798371258805875
  0.14999999999999997
  0.15000026448383683
  0.15000049566079587
  0.15000108087870942
  0.1500010843215609
  0.15000165105108124
  0.14999999999999991
  0.15000026213086012
  0.15000042755540485
  0.15000079416007295
  0.15000079674208758
  0.15000095319286721
  0.15000000000000005
  0.15000025084349874
  0.14999999999999994
  0.15000026026198793
  0.15000034282269553
  0.15000048492936585
  0.15000048632459465
  0.15000049345546695
  0.15000039634081666
  0.15000066614459365
  0.15000066872962253
  0.15000060878913057
  0.15000000000000002
  0.15000025649802096
  0.1500003679531742
  0.15000056307864629
  0.15000056509851994
  0.15000055370432938
  0.15000000000000002
  0.15000027553630199
  0.15000053427569024
  0.15000117003938535
  0.15000117424369649
  0.15000137262866112
  0.15000000000000002
  0.15000026447130996
  0.15000045397018016
  0.15000089476050094
  0.15000089748955234
  0.15000137010941061
  0.16798371257289862
  0.16798371258365416
  0.14999999999999997
  0.15000027471887109
  0.15000051208061418
  0.15000107847782751
  0.15000108330280246
  0.15000113938328369
  0.16798371257101119
  0.16798371257218769
  0.16798371257392203
  0.16798371257575584
  0.16798371257746628
  0.16798371257889735
  0.16798371258005634
  0.16798371258094258
  0.16798371258159084
  0.16798371258204078
  0.16798371258233821
  0.16798371258272829
  0.16798371258280831
  0.16798371258286696
  0.16798371257369005
  0.16798371257478098
  0.16798371257627573
  0.16798371257786765
  0.16798371257937253
  0.16798371258070624
  0.16798371258171502
  0.16798371258243433
  0.16798371258293787
  0.16798371258329675
  0.16798371258349806
  0.16798371258365205
  0.1679837125837283
  0.16798371258377603
  0.16798371258379366
  0.16798371257605696
  0.16798371257702671
  0.16798371257841765
  0.16798371257985295
  0.16798371258116612
  0.16798371258222142
  0.16798371258306607
  0.16798371258372902
  0.1679837125841579
  0.16798371258440223
  0.1679837125810727
  0.16798371258453684
  0.16798371258461414
  0.16798371258463987
  0.16798371258464814
  0.16798371258465056
  0.16798371258641254
  0.16798371257828196
  0.16798371257909669
  0.16798371258025627
  0.16798371258154154
  0.16798371258256914
  0.16798371258357533
  0.16798371258436076
  0.16798371258488581
  0.16798371258517159
  0.16798371258535591
  0.16798371258544606
  0.16798371258545883
  0.16798371258546541
  0.16798371258543315
  0.16798371258541034
  0.16798371258408529
  0.16798371258023617
  0.16798371258089373
  0.16798371258190783
  0.16798371258297187
  0.16798371258393482
  0.16798371258469386
  0.16798371258536482
  0.16798371258576308
  0.1679837125859921
  0.16798371258616113
  0.16798371258618516
  0.16798371258619987
  0.1679837125861679
  0.16798371258612532
  0.16798371258744391
  0.16798371258609562
  0.1679837125819035
  0.16798371258245584
  0.16798371258324538
  0.16798371258416056
  0.16798371258496667
  0.16798371258561598
  0.16798371258611294
  0.16798371258650638
  0.16798371258669756
  0.1679837125867821
  0.16798371258683567
  0.16798371258681247
  0.16798371258676592
  0.16798371258671907
  0.16798371258667943
  0.16798371257606601
  0.16798371258328743
  0.1679837125837203
  0.1679837125843974
  0.16798371258513037
  0.16798371258579092
  0.16798371258635092
  0.16798371258676906
  0.16798371258472805
  0.16798371258708736
  0.16798371258731862
  0.16798371258733508
  0.16798371258732661
  0.16798371258726408
  0.16798371258719835
  0.16798371258716321
  0.16798371258442968
  0.1679837125847784
  0.16798371258531664
  0.16798371258587735
  0.16798371258642922
  0.16798371258689282
  0.16798371258726338
  0.16798371258752715
  0.16798371258768285
  0.16798371258773273
  0.1679837125877304
  0.16798371258765077
  0.16798371258759709
  0.16798371258756392
  0.16798371258531763
  0.16798371258558389
  0.16798371258646658
  0.16798371258693323
  0.16798371258732572
  0.16798371258763489
  0.16798371258783654
  0.16798371258803527
  0.16798371258802886
  0.16798371258801389
  0.16798371258795974
  0.16798371258790865
  0.16798371258787134
  0.1679837125859942
  0.16798371258620573
  0.16798371258653541
  0.16798371258690889
  0.16798371258728392
  0.16798371258763384
  0.16798371258789299
  0.16798371258807407
  0.16798371258819575
  0.1679837125882358
  0.16798371258823966
  0.16798371258818551
  0.16798371258814551
  0.16798371258810868
  0.16798371258645953
  0.16798371258663178
  0.16798371258689992
  0.16798371258720973
  0.16798371258753608
  0.16798371258782446
  0.16798371258806627
  0.16798371258824546
  0.16798371258834022
  0.16798371258839553
  0.16798371258839184
  0.16798371258838349
  0.16798371258834685
  0.16798371258830067
  0.16798371258827349
  0.16798371257858702
  0.16798371258555392
  0.16798371258672756
  0.16798371258688377
  0.16798371258711314
  0.16798371258739467
  0.1679837125876856
  0.16798371258794248
  0.16798371258816158
  0.16798371258832337
  0.16798371258843031
  0.16798371258847658
  0.16798371258848571
  0.16798371258847186
  0.16798371258843661
  0.16798371258839837
  0.16798371258836825
  0.16798371258525366
  0.16798371258784006
  0.15000000000000002
  0.15000027009764605
  0.1500004708650966
  0.15000092995140885
  0.15000093520666608
  0.15000082812298685
  0.16798371258650438
  0.16798371258827446
  0.16798371258601127
  0.16798371258810232
  0.16798371258262901
  0.16798371258692035
  0.16798371258670761
  0.15000000000000002
  0.15000027412201727
  0.15000047520257845
  0.15000092252875197
  0.15000092780750601
  0.15000088776514592
  0.14999999999999999
  0.15000027848039918
  0.15000048753013304
  0.15000094906154207
  0.1500009545568835
  0.15000086019996889
  0.14999999999999999
  0.15000026828391136
  0.15000044069417753
  0.15000080963140949
  0.15000081389529013
  0.15000064606992408
  0.15000000000000002
  0.15000026254178264
  0.15000040342820015
  0.15000068217346155
  0.1500006854124028
  0.15000056250588398
  0.14999999999999997
  0.15000025874817646
  0.15000037915842479
  0.15000059829052328
  0.15000060061846707
  0.15000059955086917
  0.14999999999999997
  0.1500002534812358
  0.15000035445578716
  0.15000052010167519
  0.15000052175388218
  0.15000053515471445
  0.14999999999999999
  0.15000024683265684
  0.15000033091504628
  0.15000045327302441
  0.15000045449532126
  0.15000045323539196
  0.15000000000000002
  0.15000023885545818
  0.15000030878358228
  0.1500003978874456
  0.15000039878625321
  0.15000039804733076
  0.15000000000000002
  0.15000027955466769
  0.15000046076365184
  0.15000083060133121
  0.15000083444676701
  0.15000082527457437
  0.16798371257194375
  0.16798371257345521
  0.14999999999999999
  0.15000026409157219
  0.15000040032645992
  0.15000065941976762
  0.15000066215363653
  0.15000062343233991
  0.16798371258312192
  0.16798371257859399
  0.16798371258010836
  0.16798371257703745
  0.16798371258129458
  0.16798371258213446
  0.16798371258269873
  0.16798371258306052
  0.16798371258328995
  0.16798371258342054
  0.16798371258348174
  0.16798371257384859
  0.16798371257581704
  0.16798371258357789
  0.16798371257612749
  0.16798371257486744
  0.16798371258415831
  0.16798371258428169
  0.16798371257815486
  0.16798371257968567
  0.16798371258109998
  0.16798371258227363
  0.16798371258313344
  0.16798371258370021
  0.16798371258405298
  0.16798371258435982
  0.16798371258424363
  0.16798371258433767
  0.16798371257656525
  0.16798371258464573
  0.16798371257752759
  0.16798371257899761
  0.16798371258509473
  0.16798371258069555
  0.16798371258201331
  0.16798371258514999
  0.1679837125831341
  0.16798371258401615
  0.16798371258459827
  0.16798371258493267
  0.16798371258511946
  0.16798371258520586
  0.16798371258519049
  0.16798371257886696
  0.16798371258548198
  0.14999999999999997
  0.15000027690364495
  0.15000045225880013
  0.15000080922227982
  0.15000081270511384
  0.15000082345158414
  0.16798371257984343
  0.16798371258164546
  0.16798371258283523
  0.1679837125838842
  0.1679837125847434
  0.16798371258534292
  0.1679837125856819
  0.16798371258589317
  0.16798371258596259
  0.16798371258073416
  0.16798371258597122
  0.16798371258595077
  0.16798371258591008
  0.1679837125859929
  0.16798371258049069
  0.16798371258610453
  0.16798371258265107
  0.16798371258358885
  0.16798371258453434
  0.16798371258531997
  0.16798371258592407
  0.16798371258197237
  0.16798371258631323
  0.16798371258652084
  0.16798371258661518
  0.16798371258662195
  0.16798371258659786
  0.16798371258656788
  0.16798371258178027
  0.16798371258655326
  0.16798371258660649
  0.16798371258294686
  0.16798371258348771
  0.16798371258422717
  0.167983712585065
  0.16798371258697245
  0.16798371258580305
  0.16798371258638697
  0.16798371258680206
  0.16798371258701728
  0.16798371258714481
  0.16798371258717404
  0.16798371258714703
  0.16798371258709482
  0.16798371258705055
  0.16798371258340311
  0.16798371258716668
  0.16798371258426223
  0.1679837125848456
  0.16798371258551795
  0.16798371258617087
  0.16798371258670136
  0.16798371258713138
  0.1679837125874149
  0.16798371258755465
  0.16798371258742603
  0.16798371258759956
  0.16798371258757383
  0.16798371258753958
  0.16798371258748729
  0.16798371258467062
  0.16798371258761091
  0.16798371258642933
  0.16798371258695519
  0.167983712585457
  0.16798371258524195
  0.16798371258737421
  0.16798371258766442
  0.16798371258782691
  0.16798371258587738
  0.16798371258791939
  0.16798371258792186
  0.16798371258789077
  0.16798371258784203
  0.16798371258780889
  0.16798371258779166
  0.16798371258560804
  0.16798371258794967
  0.16798371258615793
  0.16798371258751177
  0.16798371258781689
  0.16798371258661204
  0.16798371258801653
  0.167983712588128
  0.16798371258811456
  0.16798371258806966
  0.16798371258816341
  0.16798371258814959
  0.16798371258603184
  0.16798371258713732
  0.16798371258806685
  0.16798371258625319
  0.16798371258808328
  0.16798371258817557
  0.16798371258822972
  0.16798371258756981
  0.16798371258789044
  0.16798371258824982
  0.16798371258671527
  0.16798371258832173
  0.16798371258705841
  0.16798371258832956
  0.16798371258824524
  0.16798371258830611
  0.16798371258835393
  0.16798371258740183
  0.16798371258653488
  0.16798371258825981
  0.14999999999999999
  0.15000027075487166
  0.15000042821596671
  0.15000074194492036
  0.15000074483353909
  0.15000078932089539
  0.16798371258662964
  0.16798371258836164
  0.16798371258831207
  0.16798371258709727
  0.1679837125877445
  0.16798371258683145
  0.16798371258741288
  0.16798371258823311
  0.16798371258841061
  0.16798371258836545
  0.16798371258842537
  0.16798371258802131
  0.16798371258843675
  0.16798371258672654
  0.16798371258834596
  0.16798371258833378
  0.15000000000000002
  0.15000027673606042
  0.15000043079572367
  0.15000072138005527
  0.15000072415038415
  0.15000074111552414
  0.14999999999999999
  0.15000024937544787
  0.15000033867076235
  0.15000047304985969
  0.15000047438951436
  0.15000046868079228
  0.15000000000000002
  0.15000025573728376
  0.15000035949636686
  0.15000052953724327
  0.15000053115288217
  0.15000055507288271
  0.14999999999999999
  0.15000027226778684
  0.15000041699814493
  0.15000068669347968
  0.1500006893090125
  0.15000068958181592
  0.14999999999999999
  0.15000026487001569
  0.15000039220265723
  0.1500006209582645
  0.15000062317806548
  0.15000065241739041
  0.15000000000000002
  0.1500002423461233
  0.15000031848592713
  0.15000042166475067
  0.15000042270283342
  0.15000042128897123
  0.14999999999999999
  0.15000023431247847
  0.15000029885882346
  0.15000037633556323
  0.15000037711198058
  0.15000037771715133
  0.14999999999999999
  0.15000027389540455
  0.15000040703296386
  0.15000063876588393
  0.15000064110907144
  0.15000063749849279
  0.14999999999999997
  0.15000027128811111
  0.1500004004757968
  0.15000062404376815
  0.15000062633399081
  0.15000062144884641
  0.15000000000000005
  0.15000026506619496
  0.15000038330551002
  0.15000058327789101
  0.1500005853448656
  0.15000057310066989
  0.14999999999999999
  0.15000025621677468
  0.15000035679825918
  0.1500005158619927
  0.15000051745929163
  0.15000051604076678
  0.15000000000000002
  0.15000024390152558
  0.15000032189475024
  0.15000042840675371
  0.15000042949135362
  0.15000042578940809
  0.14999999999999999
  0.15000023685636901
  0.15000030468165323
  0.15000038876986557
  0.1500003896121774
  0.15000039120049932
  0.14999999999999997
  0.15000022894968756
  0.15000028766954293
  0.15000035296322115
  0.15000035361748987
  0.15000035356554287
  0.15000000000000005
  0.15000026814282125
  0.15000038184644471
  0.15000056401546535
  0.15000056585606536
  0.1500005641267281
  0.14999999999999999
  0.15000026366531674
  0.15000037113089351
  0.15000054069262767
  0.15000054239244909
  0.15000054482217356
  0.14999999999999999
  0.15000025588737642
  0.15000035136318793
  0.15000049538148857
  0.15000049682903757
  0.15000049362593268
  0.15000000000000002
  0.15000024511567375
  0.15000032367507582
  0.15000043036500513
  0.15000043144752787
  0.15000042770261537
  0.14999999999999999
  0.15000026291470625
  0.15000036184377039
  0.15000050791205682
  0.15000050936987139
  0.15000051053815672
  0.15000000000000002
  0.15000026043455494
  0.15000035669038378
  0.15000049769338306
  0.15000049909768551
  0.15000049996315626
  0.15000000000000002
  0.15000025426652844
  0.15000034292551986
  0.15000046890656585
  0.15000047015959689
  0.15000047253736967
  0.14999999999999997
  0.15000024514917243
  0.15000032209988959
  0.15000042400016303
  0.15000042501926192
  0.15000042640529385
  0.14999999999999999
  0.15000023193667705
  0.15000029335428011
  0.15000036345710005
  0.15000036415657284
  0.15000036499439054
  0.14999999999999999
  0.15000022269296476
  0.15000027549573888
  0.15000032904122565
  0.15000032957884232
  0.15000032915925593
  0.14999999999999997
  0.15000021463332311
  0.15000026111467393
  0.15000030319894375
  0.1500003036208418
  0.15000030371550524
  0.15000000000000005
  0.15000025544696258
  0.15000034069027054
  0.15000045600277823
  0.15000045715924559
  0.15000045714494062
  0.15000000000000005
  0.15000025117008747
  0.15000033212570713
  0.15000043949023903
  0.15000044056967557
  0.15000043965081805
  0.15000000000000002
  0.15000024356888247
  0.15000031646303882
  0.1500004083643447
  0.15000040928715358
  0.15000040928566033
  0.15000000000000002
  0.15000023333347265
  0.15000029571950133
  0.1500003672401142
  0.15000036795609878
  0.15000036832333219
  0.15000000000000002
  0.15000024888318908
  0.15000032373955716
  0.15000041667751751
  0.15000041761048355
  0.150000417429275
  0.15000000000000002
  0.1500002465745309
  0.15000031958824392
  0.15000040932684616
  0.15000041022785007
  0.15000041020841368
  0.15000000000000002
  0.15000024074479865
  0.15000030859849539
  0.15000038906849711
  0.15000038987649009
  0.15000038958673376
  0.14999999999999997
  0.15000023197377219
  0.15000029203039572
  0.15000035821171276
  0.15000035887576996
  0.15000035856246224
  0.15000000000000002
  0.15000022203144667
  0.15000027397947771
  0.15000032551012882
  0.1500003260275464
  0.15000032579148603
  0.14999999999999999
  0.15000020161832847
  0.15000024015195021
  0.15000026900383309
  0.15000026929312768
  0.15000026926515964
  0.15000000000000002
  0.15000021553022427
  0.15000026255593063
  0.15000030532740347
  0.15000030575662676
  0.15000030570872366
  0.15000000000000002
  0.15000020840062378
  0.15000025082143392
  0.15000028588297804
  0.15000028623433886
  0.15000028630993648
  0.15000000000000002
  0.15000024058951272
  0.15000030584389162
  0.15000037965159838
  0.15000038039133187
  0.15000038043699565
  0.14999999999999999
  0.15000023663634948
  0.1500002989598703
  0.150000367822722
  0.150000368512448
  0.15000036873261216
  0.15000000000000002
  0.15000022952740813
  0.15000028642142532
  0.15000034592287148
  0.15000034651906211
  0.15000034662090458
  0.14999999999999999
  0.15000021985554107
  0.15000026965187493
  0.15000031689605581
  0.15000031736977501
  0.15000031739424641
  0.15000000000000002
  0.15000019555206093
  0.15000023112000646
  0.15000025545880458
  0.1500002557028306
  0.15000025569575523
  0.15000000000000002
  0.15000023339951885
  0.15000029134626827
  0.15000035120564334
  0.15000035180578458
  0.15000035182226018
  0.14999999999999994
  0.15000020081980159
  0.15000023894779396
  0.15000026705915795
  0.15000026734096875
  0.1500002673341258
  0.15000000000000002
  0.15000023130120749
  0.15000028798156081
  0.15000034584740674
  0.15000034642758014
  0.15000034639562898
  0.14999999999999999
  0.15000020766027164
  0.15000024947751123
  0.1500002832899491
  0.15000028362880394
  0.15000028367114931
  0.14999999999999999
  0.15000022595686036
  0.15000027912962963
  0.15000033130769572
  0.15000033183085323
  0.15000033183809605
  0.15000000000000002
  0.15000021784951303
  0.15000026576418887
  0.15000030934451719
  0.15000030978144918
  0.15000030982275242
  0.14999999999999997
  0.15000022487010986
  0.15000027605581279
  0.1500003239552575
  0.15000032443558892
  0.15000032443199957
  0.15000000000000002
  0.15000022129790061
  0.15000027047553796
  0.15000031531692667
  0.15000031576665163
  0.15000031573340827
  0.14999999999999999
  0.15000021483177373
  0.15000026031984809
  0.15000029946779209
  0.15000029986036911
  0.15000029983627777
  0.14999999999999997
  0.15000020602538708
  0.15000024672625542
  0.15000027855558332
  0.15000027887471912
  0.15000027885896999
  0.14999999999999999
  0.15000018319239505
  0.15000021363520022
  0.15000023091910814
  0.15000023109236485
  0.15000023109326455
  0.15000000000000005
  0.15000019391079658
  0.15000022874297472
  0.15000025194690567
  0.15000025217955498
  0.1500002521736544
  0.15000000000000002
  0.15000018569398207
  0.15000021706523581
  0.15000023550598582
  0.15000023569084142
  0.15000023569468349
  0.15000000000000002
  0.15000021751729764
  0.15000026352652931
  0.15000030267323033
  0.15000030306570358
  0.15000030306857368
  0.14999999999999999
  0.15000021564195404
  0.15000026077565115
  0.1500002986862933
  0.15000029906636364
  0.15000029908069035
  0.14999999999999997
  0.15000021084172724
  0.15000025357111393
  0.15000028798956411
  0.15000028833461279
  0.15000028834481599
  0.15000000000000002
  0.15000020351694271
  0.15000024265146017
  0.15000027185047188
  0.15000027214319847
  0.15000027214403677
  0.14999999999999999
  0.15000019419772834
  0.15000022906756208
  0.15000025221941454
  0.15000025245153012
  0.15000025244884513
  0.14999999999999999
  0.15000020912208759
  0.1500002503238777
  0.15000028194728235
  0.15000028226432099
  0.1500002822647982
  0.15000000000000002
  0.15000020594363361
  0.15000024575640855
  0.15000027549023226
  0.15000027578831593
  0.15000027579281119
  0.14999999999999999
  0.15000020016515314
  0.15000023743509328
  0.15000026368300631
  0.15000026394614238
  0.1500002639508905
  0.14999999999999999
  0.15000019223055458
  0.15000022616241623
  0.15000024790052796
  0.15000024811844501
  0.15000024812328075
  0.14999999999999999
  0.15000018270082663
  0.15000021300011537
  0.15000023005757687
  0.15000023022855924
  0.15000023023052872
  0.15000000000000005
  0.15000017209023905
  0.15000019882341445
  0.150000211608494
  0.15000021173664324
  0.15000021173667696
  0.14999999999999997
  0.15000020189580346
  0.15000023938441237
  0.15000026547479303
  0.15000026573635977
  0.15000026573716901
  0.14999999999999999
  0.15000020023872032
  0.15000023711418559
  0.15000026243779138
  0.15000026269167133
  0.15000026269012262
  0.14999999999999999
  0.15000019598484968
  0.15000023118856984
  0.15000025435902567
  0.15000025459131613
  0.15000025458968019
  0.15000000000000005
  0.15000018946871571
  0.15000022216851466
  0.15000024213478919
  0.15000024233494688
  0.15000024233472528
  0.14999999999999999
  0.15000018116002242
  0.15000021087125476
  0.15000022713259017
  0.15000022729559356
  0.15000022729617402
  0.15000000000000002
  0.1500001715807297
  0.15000019818648858
  0.15000021082852447
  0.15000021095523988
  0.15000021095511162
  0.14999999999999999
  0.15000019385242255
  0.15000022786980963
  0.15000024919244101
  0.15000024940619414
  0.15000024940778151
  0.14999999999999997
  0.15000019105329765
  0.15000022409487845
  0.15000024424598063
  0.15000024444798776
  0.15000024444914289
  0.15000000000000002
  0.15000018594970624
  0.15000021720701853
  0.15000023520713812
  0.15000023538757679
  0.15000023538830437
  0.14999999999999999
  0.15000017891950501
  0.15000020782176024
  0.15000022304222396
  0.15000022319479189
  0.15000022319496217
  0.14999999999999997
  0.15000017043534933
  0.15000019671605144
  0.15000020899325225
  0.15000020911630924
  0.15000020911675888
  0.14999999999999997
  0.15000016098669322
  0.15000018465026663
  0.15000019421675675
  0.15000019431263362
  0.15000019431325537
  0.15000000000000002
  0.15000018692318506
  0.15000021822923168
  0.1500002360247896
  0.15000023620317562
  0.15000023620393255
  0.14999999999999999
  0.1500001854697913
  0.15000021633851579
  0.15000023365620771
  0.15000023382980215
  0.15000023383093236
  0.14999999999999999
  0.15000018173375829
  0.15000021141828701
  0.15000022739975294
  0.15000022755994918
  0.15000022756113141
  0.15000000000000005
  0.15000017599380053
  0.15000020389880719
  0.15000021789505188
  0.1500002180353435
  0.15000021803627198
  0.15000000000000002
  0.15000016864903123
  0.15000019440472015
  0.15000020609126813
  0.15000020620840179
  0.15000020620905219
  0.14999999999999999
  0.15000016015399029
  0.15000018363146328
  0.15000019302789147
  0.15000019312206322
  0.15000019312259447
  0.15000000000000005
  0.15000017934808865
  0.1500002080965305
  0.15000022284368458
  0.15000022299150551
  0.1500002229919957
  0.15000000000000002
  0.15000017689932829
  0.1500002049483781
  0.15000021896434021
  0.15000021910482977
  0.15000021910527767
  0.15000000000000002
  0.15000017242560737
  0.15000019919573054
  0.15000021187215859
  0.15000021199921723
  0.15000021199967584
  0.14999999999999997
  0.15000016624362986
  0.15000019131258444
  0.15000020225367464
  0.15000020236333381
  0.15000020236384506
  0.14999999999999999
  0.1500001587546258
  0.15000018189655215
  0.15000019097545386
  0.15000019106644216
  0.1500001910668278
  0.15000000000000002
  0.15000015038895528
  0.15000017156331022
  0.15000017889529615
  0.15000017896877005
  0.15000017896904996
  0.15000000000000002
  0.15000017280776601
  0.15000019953190583
  0.15000021200852642
  0.15000021213358092
  0.1500002121341785
  0.14999999999999999
  0.15000017153883283
  0.15000019794404651
  0.15000021012039721
  0.15000021024244115
  0.15000021024297275
  0.14999999999999999
  0.15000016827588217
  0.15000019382344812
  0.15000020516293164
  0.15000020527658506
  0.15000020527704877
  0.14999999999999999
  0.15000016325024401
  0.15000018750316352
  0.1500001975984159
  0.15000019769959427
  0.1500001977000012
  0.15000000000000002
  0.15000015679730769
  0.15000017946705091
  0.15000018810333046
  0.15000018818988101
  0.15000018819024116
  0.15000000000000002
  0.15000014930682698
  0.1500001702656488
  0.15000017743268595
  0.15000017750450614
  0.15000017750481556
  0.14999999999999999
  0.15000016575245192
  0.1500001905462893
  0.15000020105280801
  0.1500002011581093
  0.15000020115860527
  0.15000000000000002
  0.15000016361881513
  0.15000018789962244
  0.15000019794530675
  0.15000019804598774
  0.15000019804647757
  0.14999999999999997
  0.15000015971509051
  0.1500001830570292
  0.15000019225889213
  0.15000019235111295
  0.15000019235155715
  0.14999999999999997
  0.15000015430505478
  0.15000017638747512
  0.15000018449121447
  0.15000018457242567
  0.15000018457279446
  0.14999999999999999
  0.1500001477273869
  0.15000016836030025
  0.15000017527101533
  0.15000017534026555
  0.15000017534058305
  0.14999999999999997
  0.15000014035217146
  0.15000015947268341
  0.15000016524203691
  0.15000016529984472
  0.15000016530011023
  0.15000000000000002
  0.15000015964234104
  0.15000018288586262
  0.15000019191340547
  0.15000019200387826
  0.1500001920042684
  0.15000000000000002
  0.1500001585372509
  0.15000018154242095
  0.15000019037906734
  0.1500001904676263
  0.15000019046801197
  0.14999999999999999
  0.150000155696832
  0.1500001780655528
  0.15000018637181933
  0.15000018645506077
  0.1500001864554274
  0.14999999999999999
  0.1500001513125768
  0.15000017271566679
  0.15000018023144179
  0.15000018030675813
  0.15000018030709497
  0.14999999999999999
  0.15000014566488626
  0.15000016587292933
  0.15000017245368436
  0.15000017251962675
  0.15000017251992234
  0.15000000000000002
  0.15000013908457938
  0.15000015797770999
  0.15000016360181986
  0.15000016365817162
  0.15000016365842156
  0.15000000000000002
  0.1500001531180524
  0.15000017486572814
  0.15000018260323017
  0.15000018268076915
  0.15000018268111245
  0.14999999999999999
  0.15000015126304572
  0.15000017262495693
  0.15000018006822735
  0.15000018014281655
  0.15000018014314287
  0.14999999999999999
  0.1500001478655042
  0.15000016852072318
  0.15000017542492697
  0.15000017549411193
  0.15000017549441394
  0.14999999999999999
  0.15000014314449225
  0.15000016284361392
  0.15000016904215666
  0.15000016910426719
  0.15000016910454153
  0.14999999999999999
  0.15000013738451293
  0.15000015596726818
  0.15000016138949848
  0.1500001614438265
  0.1500001614440663
  0.15000000000000002
  0.15000013090086223
  0.15000014829593655
  0.15000015296073613
  0.15000015300747116
  0.15000015300767808
  0.14999999999999997
  0.15000014744793611
  0.15000016797571294
  0.15000017473586497
  0.15000017480360547
  0.15000017480390937
  0.15000000000000002
  0.15000014648657439
  0.1500001668316884
  0.15000017346860195
  0.15000017353510708
  0.15000017353540587
  0.14999999999999997
  0.15000014401814718
  0.15000016387900339
  0.15000017017472628
  0.1500001702378109
  0.15000017023809425
  0.15000000000000002
  0.15000014020101524
  0.15000015932342312
  0.15000016510877787
  0.15000016516674614
  0.1500001651670051
  0.14999999999999999
  0.15000013526900879
  0.15000015346734114
  0.15000015864327132
  0.15000015869513025
  0.15000015869536121
  0.14999999999999999
  0.1500001295014031
  0.15000014666647743
  0.15000015120875987
  0.15000015125426683
  0.15000015125446989
  0.15000000000000002
  0.15000014144204449
  0.15000016077883566
  0.15000016668051341
  0.15000016673964767
  0.15000016673991029
  0.14999999999999994
  0.1500001398307298
  0.15000015887016982
  0.15000016458087498
  0.15000016463809476
  0.15000016463834959
  0.14999999999999999
  0.15000013687739203
  0.1500001553715839
  0.15000016073200259
  0.15000016078571091
  0.15000016078595041
  0.14999999999999999
  0.15000013276380675
  0.15000015051449042
  0.15000015541321898
  0.15000015546229906
  0.15000015546251771
  0.15000000000000005
  0.15000012772835736
  0.15000014459962105
  0.1500001489837991
  0.15000014902772127
  0.15000014902791681
  0.15000000000000002
  0.15000012203847857
  0.15000013795821956
  0.15000014183043447
  0.15000014186922486
  0.1500001418693975
  0.14999999999999999
  0.15000013620282682
  0.15000015455349738
  0.1500001597977961
  0.15000015985034024
  0.15000015985057388
  0.15000000000000002
  0.1500001353665659
  0.15000015357382182
  0.15000015873701766
  0.15000015878874867
  0.15000015878897835
  0.14999999999999999
  0.1500001332226773
  0.15000015105243769
  0.15000015599209429
  0.15000015604158462
  0.15000015604180425
  0.15000000000000002
  0.15000012990217396
  0.15000014715360896
  0.15000015175740836
  0.15000015180353202
  0.15000015180373683
  0.14999999999999999
  0.15000012559990622
  0.1500001421204534
  0.15000014631911968
  0.15000014636118225
  0.15000014636136921
  0.14999999999999999
  0.1500001205510654
  0.15000013624288447
  0.15000014001336667
  0.15000014005113735
  0.15000014005130524
  0.14999999999999999
  0.15000013068943691
  0.15000014806680798
  0.15000015272843634
  0.15000015277513956
  0.15000015277534762
  0.14999999999999999
  0.15000012928981962
  0.1500001464325513
  0.1500001509677073
  0.15000015101314285
  0.15000015101334516
  0.15000000000000002
  0.15000012672341589
  0.15000014343559073
  0.15000014773845519
  0.15000014778156232
  0.15000014778175419
  0.15000000000000002
  0.15000012314114181
  0.15000013926209102
  0.15000014325646804
  0.15000014329648301
  0.15000014329666103
  0.14999999999999999
  0.15000011874260055
  0.15000013415640104
  0.15000013780233154
  0.15000013783885391
  0.15000013783901631
  0.15000000000000002
  0.1500001137542106
  0.15000012839188398
  0.15000013168429477
  0.15000013171727392
  0.15000013171742063
  0.14999999999999999
  0.15000012586134998
  0.15000014242120555
  0.15000014663106903
  0.15000014667324385
  0.15000014667343137
  0.14999999999999999
  0.15000012513347188
  0.1500001415782079
  0.15000014573344833
  0.15000014577507564
  0.15000014577526094
  0.14999999999999997
  0.15000012327115911
  0.15000013941498758
  0.15000014342053328
  0.15000014346066015
  0.15000014346083873
  0.14999999999999999
  0.15000012038295546
  0.15000013606393933
  0.15000013984347824
  0.15000013988133981
  0.15000013988150829
  0.15000000000000002
  0.15000011663132906
  0.15000013172237281
  0.15000013522636724
  0.15000013526146705
  0.15000013526162315
  0.14999999999999994
  0.15000011221423942
  0.1500001266284447
  0.15000012983637551
  0.15000012986850803
  0.15000012986865088
  0.15000000000000002
  0.15000012080800448
  0.15000013655336805
  0.15000014035827208
  0.15000014039638782
  0.15000014039655735
  0.14999999999999997
  0.15000011959156451
  0.15000013514782354
  0.15000013886695157
  0.1500001389042076
  0.15000013890437328
  0.15000000000000002
  0.15000011736071761
  0.1500001325698489
  0.15000013613123384
  0.15000013616690888
  0.15000013616706748
  0.14999999999999999
  0.15000011424095383
  0.15000012897058068
  0.15000013232080245
  0.15000013235436102
  0.15000013235451021
  0.15000000000000002
  0.15000011039951255
  0.15000012455020745
  0.15000012765863815
  0.15000012768977347
  0.15000012768991206
  0.14999999999999999
  0.15000010602802921
  0.15000011953576259
  0.15000012239411906
  0.15000012242274824
  0.15000012242287558
  0.14999999999999999
  0.15000011636583163
  0.15000013141811169
  0.15000013490453348
  0.15000013493945713
  0.15000013493961251
  0.14999999999999999
  0.15000011573162278
  0.15000013068968865
  0.15000013413832392
  0.15000013417286892
  0.15000013417302249
  0.14999999999999997
  0.15000011411284619
  0.15000012882629604
  0.15000013217211819
  0.15000013220563277
  0.15000013220578179
  0.14999999999999997
  0.15000011159962948
  0.15000012593558004
  0.15000012912539104
  0.15000012915734204
  0.15000012915748415
  0.14999999999999994
  0.15000010832765329
  0.15000012217901121
  0.15000012517653349
  0.15000012520655739
  0.15000012520669093
  0.14999999999999999
  0.15000010446365347
  0.15000011775360028
  0.15000012054110942
  0.15000012056902867
  0.1500001205691528
  0.14999999999999994
  0.1500001117376373
  0.15000012609417285
  0.15000012929127357
  0.15000012932329754
  0.15000012932344001
  0.14999999999999999
  0.1500001106793768
  0.15000012488069936
  0.15000012801802509
  0.15000012804945004
  0.15000012804958981
  0.14999999999999999
  0.15000010873883088
  0.15000012265523563
  0.15000012568253157
  0.15000012571285384
  0.15000012571298871
  0.14999999999999999
  0.15000010602058378
  0.15000011954148731
  0.15000012242029354
  0.15000012244912778
  0.15000012244925603
  0.14999999999999999
  0.15000010266497532
  0.15000011570466454
  0.15000011841112534
  0.15000011843823244
  0.15000011843835295
  0.15000000000000002
  0.15000009883431556
  0.15000011133438992
  0.15000011385925413
  0.15000011388454151
  0.1500001138846539
  0.15000000000000002
  0.1500001076539616
  0.15000012141165661
  0.15000012437758506
  0.15000012440729232
  0.15000012440742441
  0.14999999999999999
  0.15000010710063
  0.15000012077994848
  0.15000012371895241
  0.15000012374838992
  0.1500001237485209
  0.14999999999999997
  0.15000010569217573
  0.15000011916929484
  0.15000012203566804
  0.15000012206437763
  0.15000012206450533
  0.14999999999999999
  0.15000010350364154
  0.15000011666791385
  0.15000011942353017
  0.15000011945112993
  0.15000011945125258
  0.14999999999999999
  0.15000010064859012
  0.15000011340892561
  0.15000011602655253
  0.1500001160527695
  0.15000011605288602
  0.14999999999999999
  0.15000009726766644
  0.15000010955631271
  0.15000011202083102
  0.15000011204551383
  0.15000011204562361
  0.14999999999999999
  0.15000010341604317
  0.15000011656918943
  0.1500001193219542
  0.1500001193495254
  0.15000011934964796
  0.14999999999999999
  0.15000010249428108
  0.15000011551807255
  0.15000011822793308
  0.15000011825507434
  0.15000011825519505
  0.14999999999999999
  0.15000010080462547
  0.15000011359104284
  0.15000011622189177
  0.15000011624824128
  0.15000011624835832
  0.14999999999999999
  0.15000009843447742
  0.15000011089009482
  0.15000011341347094
  0.15000011343874348
  0.15000011343885586
  0.14999999999999999
  0.15000009550185542
  0.15000010755245571
  0.15000010994945734
  0.15000010997346366
  0.15000010997357041
  0.14999999999999999
  0.15000009214441987
  0.15000010373730024
  0.15000010599879296
  0.15000010602144156
  0.15000010602154221
  0.14999999999999994
  0.15000009966320887
  0.15000011229088012
  0.15000011487041329
  0.15000011489624859
  0.15000011489636345
  0.14999999999999997
  0.15000009917971627
  0.15000011174130329
  0.15000011430104598
  0.15000011432668289
  0.15000011432679689
  0.14999999999999997
  0.15000009795283389
  0.1500001103449678
  0.150000112851843
  0.1500001128769502
  0.1500001128770618
  0.15000000000000002
  0.15000009604523909
  0.15000010817468429
  0.15000011060057147
  0.15000011062486726
  0.1500001106249752
  0.14999999999999999
  0.15000009355223498
  0.15000010534092215
  0.15000010766486968
  0.15000010768814404
  0.15000010768824756
  0.14999999999999999
  0.15000009059269467
  0.15000010198092342
  0.15000010419007875
  0.15000010421220292
  0.15000010421230126
  0.15000000000000002
  0.15000009578209672
  0.15000010787719076
  0.15000011029446578
  0.1500001103186753
  0.15000011031878299
  0.15000000000000002
  0.15000009497814806
  0.15000010696408694
  0.15000010934961003
  0.15000010937350144
  0.15000010937360775
  0.14999999999999999
  0.15000009350530266
  0.15000010529105909
  0.15000010761811497
  0.15000010764142055
  0.1500001076415243
  0.14999999999999999
  0.15000009143682411
  0.15000010294275085
  0.15000010518969406
  0.15000010521219692
  0.15000010521229695
  0.15000000000000002
  0.15000008887220881
  0.15000010003380224
  0.15000010218539964
  0.15000010220694721
  0.15000010220704305
  0.14999999999999999
  0.15000008592842026
  0.15000009669843295
  0.15000009874615292
  0.15000009876665982
  0.15000009876675094
  0.14999999999999997
  0.15000009233334438
  0.15000010396166408
  0.15000010624477986
  0.15000010626764512
  0.15000010626774671
  0.15000000000000002
  0.15000009191020611
  0.15000010348219844
  0.15000010575030889
  0.15000010577302386
  0.15000010577312486
  0.14999999999999997
  0.15000009084013641
  0.15000010226853161
  0.15000010449697992
  0.15000010451929749
  0.1500001045193966
  0.14999999999999999
  0.15000008917565802
  0.1500001003811415
  0.15000010254858775
  0.15000010257029414
  0.15000010257039065
  0.14999999999999997
  0.15000008699698383
  0.15000009791223734
  0.15000010000218025
  0.15000010002311032
  0.15000010002320321
  0.14999999999999999
  0.1500000844048163
  0.15000009497724581
  0.15000009697874417
  0.15000009699878808
  0.15000009699887723
  0.14999999999999994
  0.15000008877769413
  0.15000009993175101
  0.15000010208725942
  0.15000010210884629
  0.1500001021089423
  0.14999999999999999
  0.15000008807551354
  0.15000009913653589
  0.15000010126782909
  0.15000010128917338
  0.1500001012892683
  0.14999999999999997
  0.15000008679012733
  0.15000009768068218
  0.1500000997674158
  0.15000009978831372
  0.15000009978840664
  0.14999999999999999
  0.15000008498314571
  0.15000009563484415
  0.1500000976601239
  0.15000009768040612
  0.1500000976804963
  0.15000000000000002
  0.15000008273867788
  0.15000009309528453
  0.15000009504663558
  0.15000009506617715
  0.15000009506626399
  0.15000000000000002
  0.15000008015630562
  0.15000009017564148
  0.15000009204531617
  0.15000009206403961
  0.15000009206412282
  0.14999999999999999
  0.15000008560777231
  0.15000009634325404
  0.15000009839147507
  0.15000009841198703
  0.15000009841207829
  0.15000000000000002
  0.15000008523685607
  0.15000009592390964
  0.15000009796041514
  0.15000009798080982
  0.15000009798090039
  0.14999999999999997
  0.15000008430233575
  0.15000009486662141
  0.15000009687249632
  0.15000009689258417
  0.15000009689267343
  0.14999999999999999
  0.15000008284837463
  0.15000009322191074
  0.15000009518052088
  0.15000009520013527
  0.15000009520022253
  0.14999999999999994
  0.15000008094268907
  0.15000009106714868
  0.15000009296521694
  0.15000009298422479
  0.15000009298430933
  0.15000000000000002
  0.15000007867079976
  0.15000008849984164
  0.15000009032801798
  0.15000009034632572
  0.15000009034640702
  0.15000000000000002
  0.15000008234867676
  0.15000009265829756
  0.15000009460302163
  0.15000009462249683
  0.15000009462258346
  0.14999999999999999
  0.15000008173450835
  0.15000009196420369
  0.1500000938899349
  0.15000009390921992
  0.15000009390930566
  0.15000000000000002
  0.15000008061135603
  0.15000009069476622
  0.15000009258558947
  0.15000009260452474
  0.15000009260460895
  0.14999999999999997
  0.15000007903119902
  0.15000008890927066
  0.15000009075168622
  0.1500000907701366
  0.15000009077021853
  0.14999999999999999
  0.15000007706533874
  0.15000008668892123
  0.15000008847256549
  0.15000008849042715
  0.15000008849050658
  0.14999999999999999
  0.15000007479874458
  0.15000008413028565
  0.15000008584822591
  0.15000008586542948
  0.15000008586550598
  0.14999999999999999
  0.15000007943412913
  0.15000008936568279
  0.15000009122204017
  0.15000009124063027
  0.15000009124071292
  0.14999999999999997
  0.15000007910846688
  0.1500000889980963
  0.15000009084506324
  0.15000009086355928
  0.15000009086364158
  0.14999999999999997
  0.15000007829125617
  0.15000008807518889
  0.1500000898978669
  0.15000008991611963
  0.15000008991620084
  0.14999999999999999
  0.15000007701975748
  0.1500000866393815
  0.15000008842448651
  0.1500000884423629
  0.15000008844244239
  0.14999999999999999
  0.15000007535131302
  0.1500000847558996
  0.15000008649254737
  0.15000008650993835
  0.15000008651001567
  0.15000000000000002
  0.15000007335873533
  0.1500000825074394
  0.15000008418760152
  0.15000008420442673
  0.15000008420450153
  0.14999999999999999
  0.15000007644518734
  0.15000008599191195
  0.15000008776198623
  0.15000008777971208
  0.15000008777979087
  0.14999999999999999
  0.15000007590724254
  0.15000008538487156
  0.15000008713967364
  0.15000008715724641
  0.15000008715732466
  0.15000000000000002
  0.15000007492465958
  0.15000008427599182
  0.15000008600276918
  0.15000008602006132
  0.15000008602013817
  0.14999999999999999
  0.15000007354143433
  0.15000008271525278
  0.15000008440299498
  0.15000008441989612
  0.15000008441997131
  0.14999999999999997
  0.15000007181818154
  0.15000008077144023
  0.1500000824114292
  0.15000008242785207
  0.15000008242792506
  0.15000000000000002
  0.15000006982756611
  0.15000007852689115
  0.15000008011297222
  0.15000008012885513
  0.15000008012892563
  0.14999999999999999
  0.15000007376444455
  0.15000008296783213
  0.15000008466323181
  0.15000008468020964
  0.15000008468028503
  0.14999999999999999
  0.15000007347806293
  0.15000008264495804
  0.15000008433265855
  0.15000008434955925
  0.1500000843496343
  0.14999999999999994
  0.15000007276251584
  0.15000008183790842
  0.15000008350589986
  0.15000008352260322
  0.15000008352267735
  0.14999999999999991
  0.15000007164934467
  0.150000080582468
  0.15000008221991812
  0.15000008223631553
  0.15000008223638844
  0.15000000000000002
  0.15000007018725425
  0.15000007893385578
  0.15000008053169925
  0.15000008054769995
  0.15000008054777106
  0.14999999999999999
  0.15000006843839522
  0.15000007696246076
  0.15000007851377062
  0.15000007852930519
  0.15000007852937428
  0.15000000000000002
  0.1500000710216913
  0.15000007987566016
  0.1500000814974278
  0.1500000815136682
  0.15000008151374045
  0.14999999999999999
  0.15000007054986195
  0.15000007934380027
  0.1500000809530242
  0.15000008096913892
  0.15000008096921061
  0.14999999999999999
  0.15000006968923782
  0.15000007837361454
  0.15000007995986447
  0.15000007997574905
  0.15000007997581971
  0.15000000000000002
  0.15000006847717556
  0.15000007700741663
  0.15000007856155675
  0.15000007857711981
  0.15000007857718892
  0.14999999999999997
  0.1500000669653484
  0.15000007530369208
  0.15000007681831254
  0.15000007683347974
  0.15000007683354713
  0.14999999999999999
  0.15000006521603834
  0.1500000733328605
  0.15000007480251776
  0.1500000748172346
  0.15000007481730004
  0.14999999999999997
  0.15000006855504575
  0.15000007709595348
  0.15000007865325779
  0.15000007866885254
  0.1500000786689219
  0.14999999999999999
  0.15000006830281923
  0.15000007681182242
  0.15000007836269524
  0.15000007837822554
  0.15000007837829463
  0.14999999999999999
  0.15000006767550542
  0.15000007610494764
  0.15000007763951631
  0.15000007765488324
  0.15000007765495163
  0.14999999999999999
  0.15000006669989108
  0.15000007500564133
  0.15000007651491756
  0.15000007653003125
  0.15000007653009845
  0.14999999999999999
  0.15000006541746586
  0.15000007356083156
  0.15000007503716623
  0.15000007505194998
  0.15000007505201554
  0.14999999999999999
  0.15000006388141382
  0.15000007183062755
  0.15000007326801743
  0.15000007328241119
  0.15000007328247514
  0.14999999999999997
  0.1500000660368096
  0.15000007425930631
  0.15000007575257074
  0.15000007576752408
  0.15000007576759053
  0.14999999999999999
  0.15000006562241883
  0.15000007379255345
  0.1500000752753341
  0.15000007529018244
  0.15000007529024834
  0.15000000000000005
  0.15000006486775297
  0.15000007294248302
  0.15000007440610322
  0.1500000744207596
  0.15000007442082469
  0.15000000000000002
  0.15000006380462838
  0.15000007174505584
  0.15000007318182879
  0.15000007319621636
  0.15000007319628031
  0.14999999999999999
  0.1500000624772142
  0.15000007025017048
  0.15000007165374346
  0.15000007166779858
  0.15000007166786106
  0.14999999999999999
  0.1500000609390128
  0.15000006851822273
  0.15000006988379028
  0.15000006989746478
  0.15000006989752554
  0.14999999999999997
  0.15000006376632918
  0.15000007170251303
  0.15000007313917643
  0.15000007315356287
  0.15000007315362682
  0.14999999999999997
  0.15000006354385248
  0.15000007145204344
  0.1500000728832524
  0.15000007289758421
  0.15000007289764797
  0.14999999999999997
  0.15000006299322929
  0.15000007083200076
  0.15000007224950948
  0.15000007226370421
  0.15000007226376735
  0.14999999999999999
  0.15000006213727893
  0.1500000698681595
  0.15000007126440426
  0.15000007127838597
  0.15000007127844817
  0.15000000000000002
  0.15000006101144542
  0.15000006860054069
  0.15000006996899956
  0.15000006998270296
  0.15000006998276386
  0.15000000000000002
  0.15000005966134988
  0.15000006708062952
  0.1500000684160788
  0.15000006842945157
  0.15000006842951105
  0.14999999999999999
  0.15000006145305433
  0.15000006909830074
  0.15000007047843061
  0.15000007049225098
  0.15000007049231237
  0.14999999999999997
  0.15000006108864233
  0.15000006868806928
  0.15000007005931368
  0.15000007007304503
  0.15000007007310606
  0.15000000000000002
  0.15000006042616071
  0.15000006794225834
  0.15000006929730075
  0.15000006931086982
  0.15000006931093016
  0.14999999999999997
  0.15000005949278622
  0.15000006689153736
  0.15000006822383821
  0.15000006823717951
  0.15000006823723885
  0.14999999999999997
  0.15000005832637187
  0.15000006557861129
  0.15000006688268658
  0.15000006689574527
  0.15000006689580325
  0.14999999999999999
  0.15000005697297691
  0.15000006405541327
  0.15000006532702337
  0.15000006533975691
  0.15000006533981344
  0.15000000000000002
  0.15000005936246241
  0.15000006674528069
  0.15000006807505717
  0.1500000680883733
  0.15000006808843247
  0.14999999999999994
  0.15000005916594267
  0.15000006652412776
  0.15000006784922332
  0.15000006786249248
  0.15000006786255146
  0.15000000000000002
  0.15000005868207467
  0.15000006597951801
  0.15000006729295728
  0.15000006730610974
  0.15000006730616819
  0.14999999999999999
  0.15000005793035537
  0.15000006513344402
  0.15000006642879093
  0.15000006644176217
  0.15000006644181982
  0.14999999999999999
  0.1500000569411461
  0.15000006402014457
  0.15000006529179297
  0.15000006530452689
  0.15000006530458357
  0.14999999999999999
  0.15000005575367245
  0.15000006268384009
  0.15000006392722887
  0.15000006393967974
  0.15000006393973508
  0.15000000000000002
  0.15000005723652246
  0.15000006435297294
  0.15000006563227197
  0.15000006564508245
  0.1500000656451394
  0.14999999999999994
  0.15000005691566456
  0.15000006399191504
  0.15000006526359982
  0.15000006527633405
  0.15000006527639073
  0.15000000000000002
  0.15000005633349159
  0.15000006333678034
  0.1500000645946159
  0.15000006460721144
  0.15000006460726747
  0.14999999999999999
  0.1500000555132816
  0.15000006241380912
  0.15000006365218294
  0.15000006366458357
  0.15000006366463875
  0.14999999999999997
  0.15000005448755552
  0.1500000612596542
  0.15000006247380643
  0.15000006248596459
  0.15000006248601869
  0.15000000000000002
  0.15000005329604657
  0.15000005991907894
  0.15000006110526931
  0.15000006111714742
  0.15000006111720032
  0.14999999999999999
  0.15000005531106617
  0.15000006218659576
  0.15000006342065611
  0.15000006343301356
  0.15000006343306854
  0.14999999999999999
  0.15000005513723094
  0.15000006199102994
  0.15000006322103571
  0.15000006323335266
  0.15000006323340739
  0.14999999999999999
  0.15000005471155142
  0.15000006151207812
  0.15000006273207003
  0.15000006274428665
  0.15000006274434091
  0.14999999999999999
  0.15000005405073225
  0.15000006076856551
  0.1500000619730196
  0.15000006198508059
  0.15000006198513413
  0.15000000000000002
  0.15000005318084791
  0.15000005978986999
  0.15000006097393614
  0.15000006098579299
  0.15000006098584559
  0.14999999999999999
  0.15000005213570056
  0.15000005861406798
  0.15000005977375336
  0.15000005978536599
  0.15000005978541767
  0.15000000000000002
  0.15000005335657929
  0.15000005998787616
  0.15000006117648251
  0.15000006118838483
  0.15000006118843767
  0.14999999999999994
  0.15000005307373168
  0.15000005966968152
  0.15000006085170714
  0.15000006086354356
  0.15000006086359616
  0.14999999999999999
  0.15000005256161164
  0.15000005909354694
  0.15000006026363444
  0.15000006027535132
  0.15000006027540344
  0.14999999999999997
  0.15000005184020967
  0.15000005828199012
  0.15000005943528971
  0.1500000594468385
  0.15000005944688991
  0.14999999999999999
  0.15000005093753185
  0.1500000572665515
  0.15000005839891573
  0.15000005841025477
  0.15000005841030511
  0.14999999999999999
  0.15000004988792248
  0.15000005608590058
  0.15000005719402781
  0.15000005720512416
  0.15000005720517345
  0.14999999999999994
  0.15000005158289642
  0.15000005799276717
  0.15000005914043446
  0.15000005915192677
  0.15000005915197795
  0.14999999999999999
  0.15000005142891654
  0.15000005781957618
  0.1500000589637063
  0.15000005897516322
  0.15000005897521426
  0.14999999999999997
  0.15000005105402511
  0.1500000573978725
  0.15000005853333506
  0.15000005854470516
  0.1500000585447557
  0.15000000000000002
  0.15000005047257228
  0.15000005674381695
  0.15000005786583898
  0.15000005787707452
  0.15000005787712448
  0.15000000000000002
  0.15000004970700545
  0.15000005588268514
  0.1500000569870501
  0.15000005699810884
  0.15000005699815797
  0.14999999999999999
  0.15000004878651577
  0.15000005484733939
  0.15000005593054386
  0.15000005594139071
  0.150000055941439
  0.14999999999999999
  0.15000004978555145
  0.1500000559712488
  0.15000005707773115
  0.15000005708881109
  0.15000005708886024
  0.14999999999999994
  0.15000004953592136
  0.15000005569047997
  0.15000005679123746
  0.15000005680226008
  0.15000005680230899
  0.15000000000000002
  0.15000004908498143
  0.15000005518327927
  0.15000005627367871
  0.15000005628459767
  0.15000005628464608
  0.15000000000000002
  0.15000004844994219
  0.15000005446902151
  0.15000005554485096
  0.15000005555562396
  0.15000005555567181
  0.15000000000000002
  0.15000004765497491
  0.15000005357491486
  0.15000005463254823
  0.15000005464313901
  0.150000054643186
  0.14999999999999999
  0.15000004672982251
  0.15000005253443319
  0.15000005357095525
  0.15000005358133464
  0.15000005358138069
  0.14999999999999999
  0.15000004815154225
  0.15000005413357689
  0.15000005520281795
  0.15000005521352491
  0.1500000552135724
  0.14999999999999999
  0.15000004801496672
  0.15000005397998517
  0.15000005504612338
  0.15000005505679925
  0.15000005505684674
  0.14999999999999999
  0.1500000476844584
  0.15000005360827284
  0.15000005466686489
  0.15000005467746527
  0.15000005467751237
  0.14999999999999999
  0.15000004717237653
  0.15000005303235101
  0.15000005407925171
  0.15000005408973494
  0.15000005408978156
  0.14999999999999997
  0.15000004649809051
  0.15000005227401936
  0.15000005330554941
  0.15000005331587873
  0.15000005331592475
  0.14999999999999999
  0.15000004568685968
  0.15000005136170316
  0.15000005237478325
  0.15000005238492775
  0.15000005238497288
  0.15000000000000002
  0.15000004649843915
  0.15000005227456478
  0.15000005330632224
  0.15000005331665384
  0.15000005331669977
  0.14999999999999994
  0.15000004627787455
  0.15000005202652303
  0.15000005305327488
  0.15000005306355624
  0.15000005306360215
  0.14999999999999999
  0.1500000458804252
  0.15000005157955371
  0.15000005259727342
  0.15000005260746446
  0.15000005260750982
  0.15000000000000002
  0.15000004532094283
  0.15000005095036936
  0.15000005195538427
  0.15000005196544811
  0.15000005196549274
  0.14999999999999997
  0.15000004462033345
  0.15000005016249393
  0.15000005115162537
  0.1500000511615302
  0.15000005116157419
  0.14999999999999999
  0.15000004380440154
  0.15000004924495963
  0.15000005021563259
  0.15000005022535259
  0.15000005022539586
  0.14999999999999997
  0.15000004499314656
  0.15000005058186439
  0.15000005157962057
  0.15000005158961174
  0.1500000515896561
  0.15000000000000002
  0.15000004487184695
  0.1500000504454666
  0.15000005144048867
  0.15000005145045245
  0.15000005145049677
  0.15000000000000002
  0.15000004458016852
  0.15000005011746692
  0.15000005110588949
  0.15000005111578721
  0.15000005111583109
  0.15000000000000002
  0.15000004412878121
  0.1500000496098699
  0.15000005058807914
  0.15000005059787447
  0.15000005059791796
  0.14999999999999997
  0.15000004353443439
  0.15000004894152105
  0.15000004990629645
  0.15000004991595742
  0.15000004991600036
  0.15000000000000002
  0.15000004281902787
  0.15000004813705731
  0.15000004908568848
  0.15000004909518769
  0.15000004909522996
  0.15000000000000002
  0.15000004347265083
  0.15000004887215415
  0.15000004983568979
  0.15000004984533827
  0.15000004984538121
  0.14999999999999999
  0.15000004327754762
  0.15000004865276889
  0.15000004961190919
  0.15000004962151361
  0.15000004962155625
  0.15000000000000002
  0.15000004292691291
  0.15000004825848928
  0.15000004920972299
  0.15000004921924831
  0.15000004921929061
  0.15000000000000002
  0.15000004243359083
  0.15000004770376579
  0.15000004864388006
  0.150000048653294
  0.15000004865333591
  0.14999999999999997
  0.15000004181570012
  0.15000004700897948
  0.1500000479351831
  0.15000004794445768
  0.15000004794449895
  0.14999999999999997
  0.15000004109566675
  0.15000004619935656
  0.15000004710937379
  0.1500000471184863
  0.15000004711852677
  0.14999999999999991
  0.15000004208615128
  0.1500000473131734
  0.15000004824558846
  0.1500000482549253
  0.15000004825496674
  0.14999999999999999
  0.15000004197827535
  0.15000004719188012
  0.15000004812187701
  0.15000004813118967
  0.150000048131231
  0.15000000000000002
  0.15000004172060313
  0.15000004690214741
  0.15000004782635243
  0.15000004783560703
  0.15000004783564827
  0.14999999999999999
  0.15000004132236572
  0.15000004645435933
  0.15000004736961206
  0.15000004737877698
  0.15000004737881764
  0.14999999999999997
  0.15000004079807777
  0.15000004586484275
  0.15000004676831785
  0.15000004677736489
  0.15000004677740511
  0.14999999999999997
  0.15000004016676086
  0.15000004515499271
  0.1500000460443017
  0.15000004605320688
  0.15000004605324646
  0.15000000000000002
  0.15000004068776387
  0.15000004574088177
  0.1500000466419896
  0.15000004665101294
  0.1500000466510531
  0.14999999999999997
  0.15000004051498803
  0.15000004554661733
  0.15000004644385373
  0.15000004645283835
  0.15000004645287823
  0.14999999999999999
  0.15000004020536137
  0.15000004519847721
  0.15000004608877038
  0.15000004609768544
  0.1500000460977251
  0.14999999999999999
  0.15000003977001611
  0.15000004470898307
  0.15000004558951657
  0.15000004559833385
  0.15000004559837304
  0.14999999999999999
  0.15000003922468477
  0.15000004409582915
  0.15000004496414721
  0.15000004497284217
  0.1500000449728808
  0.14999999999999999
  0.15000003858889024
  0.15000004338097175
  0.15000004423506275
  0.15000004424361521
  0.15000004424365324
  0.14999999999999994
  0.15000003941106713
  0.15000004430545222
  0.15000004517803198
  0.15000004518676965
  0.15000004518680843
  0.14999999999999999
  0.15000003931500047
  0.15000004419744292
  0.15000004506787767
  0.15000004507659387
  0.1500000450766325
  0.14999999999999999
  0.15000003908713608
  0.15000004394124342
  0.15000004480658052
  0.15000004481524565
  0.15000004481528409
  0.14999999999999999
  0.15000003873547782
  0.150000043545856
  0.15000004440332457
  0.15000004441191089
  0.15000004441194906
  0.15000000000000002
  0.15000003827262895
  0.15000004302545422
  0.15000004387257168
  0.15000004388105437
  0.15000004388109203
  0.14999999999999999
  0.15000003771513995
  0.15000004239865167
  0.15000004323331106
  0.15000004324166893
  0.15000004324170615
  0.15000000000000002
  0.15000003812530888
  0.15000004285987031
  0.15000004370377074
  0.15000004371222117
  0.15000004371225889
  0.14999999999999999
  0.15000003797212941
  0.15000004268764849
  0.15000004352813004
  0.15000004353654628
  0.15000004353658372
  0.15000000000000002
  0.15000003769845216
  0.15000004237994677
  0.1500000432143157
  0.15000004322267074
  0.1500000432227078
  0.15000000000000002
  0.15000003731394537
  0.15000004194763783
  0.15000004277342033
  0.15000004278168941
  0.15000004278172618
  0.14999999999999997
  0.15000003683229493
  0.15000004140611203
  0.15000004222114488
  0.15000004222930632
  0.15000004222934266
  0.14999999999999999
  0.15000003627052344
  0.15000004077451162
  0.15000004157701557
  0.15000004158505154
  0.15000004158508723
  0.14999999999999997
  0.1500000369502692
  0.15000004153879434
  0.15000004235652081
  0.15000004236470915
  0.15000004236474554
  0.14999999999999999
  0.15000003686460064
  0.15000004144247941
  0.15000004225829863
  0.15000004226646799
  0.15000004226650424
  0.14999999999999997
  0.15000003666288372
  0.15000004121568963
  0.15000004202701128
  0.15000004203513551
  0.15000004203517159
  0.14999999999999999
  0.15000003635207293
  0.15000004086624549
  0.15000004167063583
  0.15000004167869063
  0.15000004167872641
  0.15000000000000002
  0.15000003594313227
  0.15000004040647547
  0.15000004120174992
  0.15000004120971347
  0.15000004120974889
  0.14999999999999997
  0.15000003545048687
  0.15000003985260152
  0.15000004063689956
  0.1500000406447532
  0.15000004064478811
  0.14999999999999999
  0.15000003576857676
  0.15000004021026189
  0.15000004100169934
  0.1500000410096245
  0.15000004100965969
  0.14999999999999997
  0.15000003563260952
  0.1500000400573977
  0.15000004084580867
  0.15000004085370353
  0.15000004085373869
  0.15000000000000002
  0.15000003539046727
  0.15000003978516246
  0.15000004056818064
  0.15000004057602143
  0.15000004057605643
  0.15000000000000005
  0.15000003505056317
  0.15000003940301593
  0.15000004017846519
  0.15000004018623014
  0.1500000401862647
  0.14999999999999999
  0.15000003462482381
  0.15000003892436931
  0.15000003969034173
  0.15000003969801182
  0.15000003969804587
  0.15000000000000002
  0.15000003412811541
  0.150000038365938
  0.15000003912085916
  0.15000003912841864
  0.1500000391284522
  0.14999999999999994
  0.1500000346878122
  0.15000003899521494
  0.15000003976263149
  0.15000003977031612
  0.15000003977035029
  0.14999999999999997
  0.15000003461130632
  0.15000003890920371
  0.15000003967492051
  0.15000003968258804
  0.15000003968262213
  0.14999999999999999
  0.15000003443254029
  0.15000003870822418
  0.15000003946996512
  0.15000003947759294
  0.15000003947762677
  0.15000000000000002
  0.15000003415756893
  0.15000003839908468
  0.15000003915470828
  0.15000003916227475
  0.15000003916230831
  0.14999999999999999
  0.15000003379594767
  0.15000003799252876
  0.15000003874010984
  0.15000003874759585
  0.1500000387476291
  0.15000000000000002
  0.15000003336027062
  0.15000003750271798
  0.15000003824061287
  0.15000003824800182
  0.15000003824803468
  0.14999999999999999
  0.1500000336024476
  0.15000003777501122
  0.15000003851832594
  0.15000003852576921
  0.15000003852580235
  0.14999999999999999
  0.15000003348160709
  0.15000003763915751
  0.15000003837978798
  0.1500000383872043
  0.15000003838723724
  0.15000000000000002
  0.15000003326714106
  0.15000003739804471
  0.1500000381339088
  0.15000003814127749
  0.1500000381413103
  0.15000000000000005
  0.15000003296638381
  0.1500000370599196
  0.15000003778910001
  0.15000003779640173
  0.15000003779643428
  0.14999999999999997
  0.15000003258974756
  0.15000003663648928
  0.15000003735730191
  0.15000003736451983
  0.15000003736455197
  0.15000000000000002
  0.15000003215023519
  0.15000003614237339
  0.15000003685342445
  0.15000003686054467
  0.15000003686057636
  0.14999999999999997
  0.15000003260926859
  0.15000003665845624
  0.15000003737973128
  0.15000003738695381
  0.15000003738698597
  0.14999999999999999
  0.15000003254084143
  0.15000003658152891
  0.15000003730128605
  0.1500000373084934
  0.15000003730852532
  0.14999999999999997
  0.15000003238222945
  0.15000003640321219
  0.15000003711944776
  0.15000003712661986
  0.15000003712665175
  0.14999999999999999
  0.15000003213871477
  0.15000003612944457
  0.15000003684027235
  0.1500000368473903
  0.150000036847422
  0.14999999999999997
  0.15000003181864033
  0.15000003576960647
  0.15000003647332769
  0.15000003648037444
  0.15000003648040572
  0.15000000000000002
  0.15000003143302026
  0.1500000353360815
  0.15000003603124273
  0.15000003603820386
  0.15000003603823478
  0.14999999999999999
  0.15000003161323799
  0.15000003553870472
  0.15000003623789077
  0.15000003624489214
  0.15000003624492322
  0.14999999999999999
  0.15000003150569724
  0.15000003541780557
  0.15000003611460613
  0.15000003612158361
  0.15000003612161461
  0.14999999999999997
  0.15000003131552819
  0.15000003520401295
  0.15000003589659328
  0.15000003590352842
  0.15000003590355923
  0.14999999999999999
  0.15000003104913739
  0.15000003490453015
  0.15000003559119943
  0.15000003559807545
  0.15000003559810599
  0.15000000000000002
  0.1500000307156307
  0.15000003452959507
  0.15000003520886465
  0.15000003521566665
  0.15000003521569688
  0.15000000000000002
  0.15000003032639925
  0.15000003409201448
  0.15000003476265017
  0.15000003476936558
  0.15000003476939541
  0.14999999999999999
  0.15000003070158421
  0.15000003451381752
  0.15000003519279537
  0.15000003519959434
  0.15000003519962454
  0.14999999999999997
  0.15000003064028253
  0.15000003444490209
  0.15000003512252122
  0.15000003512930668
  0.15000003512933688
  0.14999999999999999
  0.15000003049937335
  0.15000003428649014
  0.15000003496098457
  0.15000003496773864
  0.15000003496776868
  0.14999999999999999
  0.15000003028347353
  0.1500000340437723
  0.15000003471347842
  0.15000003472018464
  0.15000003472021434
  0.14999999999999994
  0.15000002999988118
  0.15000003372495405
  0.15000003438837098
  0.15000003439501419
  0.1500000343950437
  0.15000000000000002
  0.15000002965824455
  0.15000003334088255
  0.15000003399672432
  0.15000003400329168
  0.15000003400332082
  0.15000000000000002
  0.15000002978856639
  0.15000003348740329
  0.1500000341461514
  0.15000003415274787
  0.15000003415277721
  0.14999999999999997
  0.15000002969272144
  0.15000003337965412
  0.15000003403627823
  0.15000003404285334
  0.15000003404288262
  0.14999999999999999
  0.15000002952388555
  0.15000003318984775
  0.15000003384272897
  0.15000003384926672
  0.15000003384929581
  0.14999999999999999
  0.15000002928766581
  0.15000003292428801
  0.15000003357193317
  0.15000003357841837
  0.15000003357844727
  0.14999999999999994
  0.15000002899204012
  0.150000032591944
  0.15000003323303673
  0.15000003323945635
  0.15000003323948483
  0.15000000000000002
  0.15000002864700368
  0.15000003220405311
  0.15000003283749933
  0.15000003284384239
  0.15000003284387059
  0.14999999999999999
  0.15000002895294917
  0.15000003254800695
  0.15000003318824662
  0.15000003319465768
  0.15000003319468627
  0.14999999999999999
  0.1500000288979334
  0.15000003248615862
  0.1500000331251799
  0.15000003313157878
  0.15000003313160717
  0.14999999999999999
  0.15000002877257468
  0.15000003234523057
  0.15000003298147432
  0.15000003298784542
  0.1500000329878737
  0.14999999999999997
  0.15000002858091671
  0.1500000321297687
  0.15000003276176549
  0.15000003276809401
  0.15000003276812218
  0.14999999999999997
  0.15000002832935594
  0.15000003184696409
  0.150000032473387
  0.15000003247965965
  0.15000003247968752
  0.14999999999999999
  0.15000002802635876
  0.15000003150633531
  0.15000003212604551
  0.15000003213225094
  0.15000003213227858
  0.15000000000000005
  0.15000002811723298
  0.15000003160850339
  0.15000003223023792
  0.15000003223646374
  0.15000003223649136
  0.14999999999999999
  0.1500000280316727
  0.15000003151231728
  0.15000003213215704
  0.15000003213836391
  0.15000003213839144
  0.15000000000000002
  0.15000002788156586
  0.15000003134356818
  0.15000003196008291
  0.15000003196625641
  0.15000003196628386
  0.14999999999999999
  0.15000002767182966
  0.15000003110778376
  0.15000003171965287
  0.15000003172577989
  0.15000003172580706
  0.14999999999999999
  0.15000002740946658
  0.15000003081283672
  0.15000003141889498
  0.15000003142496379
  0.15000003142499083
  0.14999999999999999
  0.15000002710326238
  0.15000003046860416
  0.15000003106788104
  0.15000003107388193
  0.15000003107390855
  0.14999999999999999
  0.15000002735268567
  0.15000003074901003
  0.15000003135381951
  0.15000003135987586
  0.15000003135990272
  0.15000000000000002
  0.15000002730321427
  0.1500000306933949
  0.15000003129710934
  0.15000003130315459
  0.15000003130318157
  0.14999999999999999
  0.15000002719151251
  0.15000003056782127
  0.15000003116906233
  0.1500000311750829
  0.15000003117510971
  0.14999999999999999
  0.15000002702112991
  0.15000003037627893
  0.15000003097374684
  0.15000003097972961
  0.1500000309797562
  0.14999999999999999
  0.15000002679768384
  0.15000003012508276
  0.1500000307176029
  0.15000003072353613
  0.15000003072356247
  0.14999999999999999
  0.15000002652861716
  0.15000002982260097
  0.15000003040916376
  0.15000003041503734
  0.15000003041506335
  0.15000000000000002
  0.15000002658911346
  0.15000002989061534
  0.15000003047852503
  0.15000003048441213
  0.1500000304844383
  0.14999999999999997
  0.15000002651259431
  0.15000002980459382
  0.15000003039080967
  0.15000003039667978
  0.15000003039670576
  0.14999999999999997
  0.15000002637892393
  0.15000002965432402
  0.15000003023758024
  0.15000003024342068
  0.1500000302434468
  0.15000000000000002
  0.15000002619242447
  0.15000002944466315
  0.15000003002379078
  0.15000003002958992
  0.15000003002961571
  0.14999999999999999
  0.15000002595925385
  0.15000002918253605
  0.15000002975650206
  0.15000002976224955
  0.15000002976227506
  0.15000000000000002
  0.15000002568714935
  0.15000002887664024
  0.15000002944458313
  0.1500000294502703
  0.15000002945029559
  0.15000000000000002
  0.1500000258911468
  0.1500000291059751
  0.15000002967843951
  0.15000002968417195
  0.15000002968419743
  0.14999999999999999
  0.15000002584656319
  0.15000002905585519
  0.15000002962733319
  0.15000002963305581
  0.15000002963308126
  0.14999999999999997
  0.15000002574684962
  0.15000002894375913
  0.1500000295130299
  0.15000002951873034
  0.15000002951875568
  0.14999999999999999
  0.15000002559512846
  0.15000002877319685
  0.15000002933910919
  0.15000002934477602
  0.15000002934480117
  0.14999999999999999
  0.15000002539634344
  0.15000002854972591
  0.15000002911123861
  0.15000002911686136
  0.15000002911688634
  0.14999999999999999
  0.15000002515705149
  0.15000002828071782
  0.15000002883693486
  0.15000002884250455
  0.1500000288425295
  0.14999999999999999
  0.15000002519506575
  0.15000002832345632
  0.1500000288805195
  0.15000002888609765
  0.15000002888612241
  0.14999999999999999
  0.15000002512648913
  0.15000002824636396
  0.15000002880190985
  0.15000002880747282
  0.15000002880749755
  0.15000000000000005
  0.15000002500723358
  0.1500000281122994
  0.15000002866520584
  0.15000002867074239
  0.15000002867076706
  0.14999999999999999
  0.15000002484110575
  0.15000002792554165
  0.15000002847477156
  0.15000002848027136
  0.15000002848029589
  0.14999999999999999
  0.15000002463353437
  0.150000027692194
  0.15000002823683078
  0.15000002824228453
  0.15000002824230874
  0.15000000000000002
  0.15000002439134685
  0.1500000274199314
  0.15000002795920939
  0.15000002796460946
  0.15000002796463344
  0.14999999999999997
  0.15000002455962796
  0.15000002760911244
  0.15000002815211783
  0.15000002815755523
  0.15000002815757943
  0.14999999999999997
  0.15000002451934955
  0.15000002756383291
  0.15000002810594718
  0.15000002811137561
  0.15000002811139979
  0.14999999999999999
  0.15000002443015004
  0.15000002746355631
  0.15000002800369691
  0.15000002800910564
  0.15000002800912968
  0.14999999999999999
  0.15000002429478226
  0.15000002731137888
  0.1500000278485242
  0.15000002785390298
  0.15000002785392694
  0.15000000000000002
  0.15000002411760763
  0.15000002711220334
  0.1500000276454283
  0.15000002765076775
  0.15000002765079148
  0.15000000000000002
  0.15000002390441602
  0.15000002687253769
  0.15000002740104598
  0.15000002740633828
  0.15000002740636173
  0.15000000000000002
  0.15000002392684628
  0.15000002689775577
  0.15000002742676372
  0.15000002743206098
  0.15000002743208446
  0.14999999999999997
  0.15000002386523936
  0.15000002682849872
  0.15000002735614371
  0.15000002736142731
  0.15000002736145079
  0.14999999999999999
  0.15000002375861096
  0.15000002670862955
  0.15000002723391526
  0.15000002723917519
  0.15000002723919856
  0.14999999999999999
  0.15000002361032275
  0.1500000265419274
  0.15000002706393256
  0.15000002706915969
  0.15000002706918286
  0.14999999999999997
  0.15000002342517202
  0.15000002633378531
  0.15000002685169417
  0.15000002685688038
  0.15000002685690347
  0.14999999999999999
  0.15000002320919731
  0.15000002609099194
  0.15000002660412348
  0.15000002660926179
  0.15000002660928463
  0.14999999999999999
  0.15000002335028795
  0.15000002624960457
  0.15000002676585991
  0.15000002677102955
  0.15000002677105254
  0.14999999999999999
  0.150000023313797
  0.15000002620858233
  0.15000002672403029
  0.15000002672919188
  0.15000002672921481
  0.14999999999999997
  0.15000002323380549
  0.15000002611865765
  0.1500000266323363
  0.15000002663748008
  0.15000002663750292
  0.15000000000000002
  0.15000002311274843
  0.15000002598256851
  0.15000002649356903
  0.15000002649868602
  0.15000002649870881
  0.14999999999999999
  0.150000022954484
  0.15000002580465185
  0.15000002631215123
  0.15000002631723316
  0.1500000263172557
  0.15000000000000002
  0.15000002276413729
  0.15000002559066894
  0.15000002609395824
  0.15000002609899787
  0.15000002609902033
  0.14999999999999999
  0.1500000227770367
  0.1500000256051717
  0.15000002610874832
  0.1500000261137909
  0.15000002611381333
  0.15000000000000002
  0.15000002272153584
  0.15000002554277903
  0.15000002604512791
  0.15000002605015814
  0.15000002605018051
  0.15000000000000002
  0.15000002262595014
  0.15000002543532412
  0.15000002593555883
  0.15000002594056799
  0.1500000259405902
  0.14999999999999997
  0.15000002249325756
  0.15000002528615464
  0.15000002578345412
  0.15000002578843386
  0.150000025788456
  0.14999999999999999
  0.15000002232770926
  0.15000002510004973
  0.1500000255936875
  0.15000002559863052
  0.15000002559865253
  0.15000000000000005
  0.15000002213466107
  0.15000002488303041
  0.15000002537239837
  0.15000002537729867
  0.15000002537732035
  0.14999999999999999
  0.1500000222560802
  0.15000002501952758
  0.15000002551158312
  0.15000002551651032
  0.15000002551653216
  0.14999999999999997
  0.15000002222291381
  0.15000002498224277
  0.15000002547356447
  0.15000002547848432
  0.15000002547850627
  0.14999999999999999
  0.15000002215097094
  0.15000002490136646
  0.1500000253910973
  0.1500000253960013
  0.15000002539602306
  0.15000000000000002
  0.15000002204241231
  0.15000002477932792
  0.15000002526665732
  0.15000002527153719
  0.1500000252715589
  0.14999999999999997
  0.1500000219006615
  0.15000002461997577
  0.15000002510417002
  0.15000002510901847
  0.15000002510904001
  0.14999999999999997
  0.15000002173026919
  0.15000002442842558
  0.15000002490885145
  0.15000002491366229
  0.15000002491368369
  0.15000000000000005
  0.15000002173897917
  0.150000024438218
  0.15000002491883802
  0.15000002492365078
  0.15000002492367218
  0.15000000000000002
  0.15000002168881493
  0.15000002438182486
  0.15000002486133543
  0.15000002486613706
  0.15000002486615846
  0.14999999999999999
  0.15000002160286377
  0.15000002428520107
  0.15000002476281055
  0.15000002476759311
  0.15000002476761448
  0.14999999999999999
  0.15000002148377289
  0.15000002415132246
  0.15000002462629808
  0.15000002463105427
  0.15000002463107537
  0.15000000000000002
  0.15000002133532209
  0.15000002398443862
  0.15000002445613106
  0.15000002446085442
  0.15000002446087538
  0.15000000000000002
  0.15000002116227676
  0.15000002378990621
  0.15000002425777181
  0.15000002426245679
  0.1500000242624776
  0.14999999999999997
  0.15000002127069056
  0.15000002391178249
  0.15000002438204701
  0.15000002438675608
  0.15000002438677698
  0.14999999999999994
  0.15000002124043432
  0.15000002387776945
  0.1500000243473649
  0.15000002435206722
  0.15000002435208806
  0.14999999999999997
  0.15000002117550743
  0.15000002380478028
  0.15000002427293982
  0.15000002427762782
  0.15000002427764861
  0.14999999999999997
  0.15000002107783397
  0.15000002369497867
  0.15000002416097799
  0.15000002416564434
  0.15000002416566502
  0.14999999999999997
  0.1500000209504638
  0.15000002355179312
  0.15000002401497575
  0.15000002401961393
  0.15000002401963447
  0.14999999999999999
  0.15000002079745178
  0.15000002337978169
  0.15000002383958044
  0.15000002384418462
  0.1500000238442051
  0.14999999999999999
  0.15000002080671829
  0.15000002339019924
  0.15000002385020428
  0.15000002385481059
  0.15000002385483105
  0.14999999999999997
  0.15000002076120333
  0.15000002333903298
  0.15000002379803121
  0.15000002380262747
  0.15000002380264785
  0.14999999999999999
  0.150000020683631
  0.15000002325182818
  0.15000002370911092
  0.15000002371368998
  0.15000002371371035
  0.14999999999999994
  0.15000002057636397
  0.15000002313124183
  0.15000002358615258
  0.1500000235907078
  0.15000002359072812
  0.15000000000000002
  0.15000002044277722
  0.15000002298106799
  0.15000002343302449
  0.15000002343755015
  0.15000002343757032
  0.14999999999999999
  0.1500000202871262
  0.15000002280608984
  0.15000002325460449
  0.15000002325909573
  0.15000002325911571
  0.14999999999999999
  0.15000002038848373
  0.15000002292003348
  0.15000002337079033
  0.15000002337530394
  0.15000002337532403
  0.14999999999999999
  0.15000002036076557
  0.15000002288887382
  0.15000002333901774
  0.1500000233435253
  0.15000002334354548
  0.14999999999999997
  0.15000002030193102
  0.15000002282273364
  0.15000002327157633
  0.15000002327607082
  0.15000002327609083
  0.14999999999999999
  0.15000002021370168
  0.15000002272354868
  0.15000002317044034
  0.15000002317491526
  0.15000002317493516
  0.14999999999999999
  0.15000002009880703
  0.15000002259438786
  0.15000002303873886
  0.15000002304318838
  0.15000002304320809
  0.14999999999999999
  0.15000001996087561
  0.15000002243932972
  0.15000002288063075
  0.15000002288504974
  0.15000002288506936
  0.15000000000000002
  0.15000001997495183
  0.15000002245515415
  0.15000002289676725
  0.15000002290118944
  0.15000002290120903
  0.14999999999999997
  0.15000001993346979
  0.15000002240852145
  0.15000002284921726
  0.1500000228536302
  0.15000002285364977
  0.14999999999999999
  0.15000001986315131
  0.15000002232947118
  0.15000002276861185
  0.15000002277300925
  0.15000002277302871
  0.14999999999999999
  0.15000001976611688
  0.15000002222038838
  0.15000002265738333
  0.15000002266175921
  0.15000002266177859
  0.14999999999999999
  0.15000001964539547
  0.15000002208467716
  0.15000002251900255
  0.15000002252335168
  0.15000002252337102
  0.15000000000000002
  0.15000001950480324
  0.15000002192662784
  0.15000002235784471
  0.15000002236216267
  0.15000002236218191
  0.14999999999999999
  0.150000019604456
  0.15000002203865478
  0.15000002247207594
  0.15000002247641597
  0.15000002247643521
  0.14999999999999997
  0.15000001957894055
  0.15000002200997131
  0.1500000224428284
  0.15000002244716287
  0.15000002244718211
  0.14999999999999999
  0.15000001952536898
  0.15000002194974763
  0.15000002238141971
  0.15000002238574228
  0.1500000223857616
  0.15000000000000002
  0.15000001944529001
  0.1500000218597253
  0.15000002228962636
  0.15000002229393114
  0.15000002229395035
  0.14999999999999997
  0.15000001934116233
  0.1500000217426683
  0.15000002217026706
  0.15000002217454883
  0.15000002217456787
  0.14999999999999999
  0.15000001921624911
  0.1500000216022449
  0.15000002202708199
  0.15000002203133606
  0.15000002203135501
  0.15000000000000002
  0.15000001923898609
  0.15000002162780554
  0.15000002205314603
  0.15000002205740512
  0.1500000220574241
  0.14999999999999999
  0.15000001920098183
  0.15000002158508241
  0.15000002200958237
  0.15000002201383311
  0.15000002201385204
  0.14999999999999999
  0.15000001913690417
  0.15000002151304828
  0.15000002193613093
  0.15000002194036749
  0.15000002194038634
  0.14999999999999997
  0.15000001904867125
  0.15000002141385971
  0.15000002183499128
  0.1500000218392083
  0.150000021839227
  0.14999999999999997
  0.15000001893901879
  0.15000002129059184
  0.15000002170929896
  0.15000002171349169
  0.15000002171351037
  0.14999999999999999
  0.1500000188113855
  0.1500000211471105
  0.15000002156299577
  0.15000002156716025
  0.15000002156717876
  0.14999999999999999
  0.15000001891419321
  0.15000002126268397
  0.15000002168084325
  0.15000002168503052
  0.15000002168504917
  0.14999999999999999
  0.15000001889057746
  0.15000002123613612
  0.15000002165377319
  0.1500000216579552
  0.1500000216579738
  0.14999999999999999
  0.15000001884152001
  0.15000002118098735
  0.15000002159753922
  0.15000002160171044
  0.15000002160172893
  0.15000000000000002
  0.15000001876842328
  0.15000002109881441
  0.15000002151374975
  0.15000002151790467
  0.15000002151792316
  0.14999999999999999
  0.15000001867352264
  0.15000002099212997
  0.15000002140496735
  0.15000002140910129
  0.15000002140911967
  0.14999999999999997
  0.15000001855976997
  0.15000002086425288
  0.15000002127457507
  0.15000002127868386
  0.1500000212787021
  0.14999999999999997
  0.15000001859469761
  0.15000002090351755
  0.1500000213146129
  0.15000002131872958
  0.15000002131874771
  0.15000000000000002
  0.15000001855966941
  0.15000002086414038
  0.15000002127446063
  0.15000002127856948
  0.15000002127858772
  0.15000000000000002
  0.15000001850091424
  0.15000002079808966
  0.1500000212071107
  0.15000002121120645
  0.15000002121122472
  0.14999999999999999
  0.15000001842018693
  0.15000002070733856
  0.15000002111457464
  0.15000002111865257
  0.15000002111867067
  0.14999999999999997
  0.15000001831998153
  0.15000002059469095
  0.15000002099971152
  0.15000002100376725
  0.15000002100378526
  0.14999999999999999
  0.15000001820341016
  0.15000002046364513
  0.15000002086608849
  0.15000002087011843
  0.15000002087013634
  0.15000000000000002
  0.15000001831383439
  0.1500000205877805
  0.15000002099266607
  0.15000002099672033
  0.15000002099673843
  0.14999999999999997
  0.15000001829184595
  0.15000002056306194
  0.15000002096746112
  0.15000002097151061
  0.15000002097152865
  0.15000000000000002
  0.15000001824662207
  0.150000020512223
  0.15000002091562184
  0.15000002091966136
  0.15000002091967932
  0.14999999999999997
  0.15000001817944331
  0.15000002043670285
  0.15000002083861647
  0.15000002084264105
  0.15000002084265882
  0.15000000000000002
  0.15000001809237373
  0.1500000203388219
  0.15000002073881044
  0.15000002074281577
  0.15000002074283361
  0.15000000000000002
  0.15000001798810067
  0.15000002022160155
  0.15000002061928469
  0.15000002062326687
  0.15000002062328452
  0.14999999999999997
  0.15000001803849927
  0.15000002027825796
  0.1500000206770559
  0.15000002068104923
  0.15000002068106702
  0.14999999999999997
  0.1500000180059948
  0.15000002024171782
  0.15000002063979684
  0.15000002064378298
  0.15000002064380069
  0.15000000000000002
  0.15000001795171963
  0.15000002018070344
  0.15000002057758241
  0.15000002058155659
  0.1500000205815743
  0.14999999999999999
  0.15000001787731426
  0.15000002009705948
  0.1500000204922933
  0.15000002049625102
  0.15000002049626854
  0.14999999999999999
  0.15000001778508548
  0.15000001999337895
  0.15000002038657342
  0.15000002039051075
  0.15000002039052826
  0.15000000000000002
  0.15000001767785312
  0.15000001987283182
  0.15000002026365558
  0.15000002026756917
  0.1500000202675866
  0.15000000000000002
  0.15000001780003849
  0.15000002001018847
  0.15000002040371416
  0.15000002040765475
  0.1500000204076723
  0.15000000000000005
  0.15000001777943769
  0.15000001998702983
  0.15000002038009969
  0.15000002038403579
  0.15000002038405327
  0.14999999999999999
  0.15000001773742405
  0.15000001993979961
  0.15000002033194079
  0.15000002033586754
  0.15000002033588497
  0.14999999999999997
  0.15000001767517879
  0.15000001986982539
  0.15000002026059028
  0.15000002026450315
  0.15000002026452061
  0.14999999999999999
  0.15000001759466747
  0.15000001977931746
  0.15000002016830224
  0.15000002017219732
  0.15000002017221467
  0.14999999999999999
  0.15000001749834802
  0.15000001967103843
  0.15000002005789365
  0.15000002006176744
  0.1500000200617847
  0.14999999999999997
  0.15000001756731035
  0.1500000197485632
  0.1500000201369435
  0.15000002014083261
  0.15000002014084979
  0.15000000000000002
  0.15000001753692957
  0.15000001971441046
  0.15000002010211888
  0.15000002010600119
  0.1500000201060184
  0.15000000000000002
  0.15000001748634534
  0.15000001965754534
  0.15000002004413526
  0.15000002004800639
  0.1500000200480236
  0.14999999999999997
  0.15000001741716668
  0.15000001957977721
  0.15000001996483778
  0.15000001996869364
  0.15000001996871087
  0.14999999999999999
  0.15000001733157886
  0.1500000194835624
  0.15000001986673045
  0.15000001987056732
  0.15000001987058442
  0.14999999999999999
  0.15000001723211179
  0.15000001937174468
  0.15000001975271374
  0.15000001975652855
  0.15000001975654553
  0.14999999999999997
  0.15000001736994867
  0.15000001952669617
  0.15000001991071291
  0.15000001991455827
  0.15000001991457543
  0.14999999999999997
  0.15000001735054699
  0.15000001950488548
  0.15000001988847339
  0.15000001989231446
  0.15000001989233155
  0.14999999999999997
  0.15000001731116305
  0.15000001946061151
  0.15000001984332836
  0.15000001984716071
  0.15000001984717776
  0.15000000000000002
  0.15000001725291207
  0.15000001939512778
  0.15000001977655683
  0.15000001978037625
  0.15000001978039307
  0.14999999999999999
  0.15000001717779624
  0.15000001931068507
  0.15000001969045335
  0.15000001969425611
  0.15000001969427298
  0.15000000000000002
  0.15000001708804894
  0.15000001920979403
  0.15000001958757803
  0.150000019591361
  0.15000001959137779
  0.14999999999999999
  0.1500000171785249
  0.15000001931150422
  0.15000001969128859
  0.15000001969509158
  0.15000001969510851
  0.14999999999999999
  0.15000001714994973
  0.15000001927938089
  0.15000001965853366
  0.15000001966233037
  0.15000001966234727
  0.14999999999999999
  0.15000001710228719
  0.1500000192258005
  0.15000001960389928
  0.15000001960768539
  0.15000001960770229
  0.15000000000000005
  0.15000001703729907
  0.15000001915274305
  0.15000001952940525
  0.15000001953317696
  0.15000001953319375
  0.14999999999999999
  0.15000001695714416
  0.15000001906263535
  0.15000001943752531
  0.15000001944127939
  0.1500000194412961
  0.15000000000000002
  0.15000001686399189
  0.15000001895791679
  0.15000001933074711
  0.15000001933448054
  0.15000001933449716
  0.14999999999999999
  0.15000001702111965
  0.15000001913455469
  0.15000001951085903
  0.15000001951462716
  0.15000001951464387
  0.15000000000000005
  0.1500000170028685
  0.1500000191140374
  0.1500000194899383
  0.15000001949370242
  0.15000001949371924
  0.14999999999999999
  0.15000001696552775
  0.15000001907206034
  0.15000001944713556
  0.15000001945089134
  0.1500000194509081
  0.14999999999999999
  0.15000001691030565
  0.15000001900998133
  0.15000001938383561
  0.15000001938757929
  0.15000001938759594
  0.15000000000000002
  0.15000001683954745
  0.15000001893043705
  0.15000001930272722
  0.15000001930645523
  0.1500000193064718
  0.14999999999999997
  0.15000001675516705
  0.15000001883557956
  0.15000001920600403
  0.15000001920971326
  0.15000001920972972
  0.14999999999999999
  0.15000001687013378
  0.15000001896482162
  0.15000001933778781
  0.15000001934152249
  0.15000001934153914
  0.15000000000000002
  0.15000001684453221
  0.15000001893604109
  0.15000001930844126
  0.15000001931217041
  0.15000001931218693
  0.15000000000000002
  0.15000001679760927
  0.15000001888329215
  0.15000001925465492
  0.15000001925837356
  0.15000001925839004
  0.14999999999999999
  0.15000001673578833
  0.15000001881379468
  0.15000001918379077
  0.15000001918749573
  0.15000001918751216
  0.15000000000000002
  0.15000001665993157
  0.15000001872851895
  0.15000001909683805
  0.15000001910052627
  0.15000001910054264
  0.14999999999999999
  0.15000001657168691
  0.15000001862931747
  0.15000001899568524
  0.150000018999354
  0.15000001899937038
  0.14999999999999997
  0.15000001675201446
  0.15000001883203573
  0.15000001920239056
  0.15000001920609915
  0.15000001920611566
  0.14999999999999999
  0.15000001673631039
  0.15000001881438196
  0.15000001918438935
  0.15000001918809441
  0.15000001918811084
  0.14999999999999999
  0.15000001669856813
  0.1500000187719534
  0.15000001914112637
  0.15000001914482317
  0.1500000191448396
  0.14999999999999997
  0.1500000165777729
  0.15000001863615903
  0.15000001900266138
  0.15000001900633142
  0.15000001900634771
  0.14999999999999999
  0.15000001664092905
  0.15000001870715715
  0.150000019075056
  0.15000001907874003
  0.15000001907875643
  0.14999999999999997
  0.15000001649810354
  0.15000001854659745
  0.15000001891133857
  0.15000001891499096
  0.15000001891500722
  0.14999999999999997
  0.15000001662066861
  0.15000001868438168
  0.15000001905183241
  0.15000001905551189
  0.15000001905552826
  0.15000000000000002
  0.15000001664027326
  0.15000001870642013
  0.15000001907430444
  0.15000001907798827
  0.15000001907800461
  0.15000000000000005
  0.15000001657611733
  0.15000001863429832
  0.15000001900076418
  0.15000001900443385
  0.15000001900445012
  0.14999999999999999
  0.15000001651181782
  0.1500000185620147
  0.15000001892705891
  0.15000001893071435
  0.15000001893073064
  0.14999999999999999
  0.15000001643914557
  0.15000001848031877
  0.15000001884375633
  0.15000001884739567
  0.15000001884741185
  0.15000000000000002
  0.15000001635367297
  0.15000001838423366
  0.15000001874578153
  0.15000001874940197
  0.15000001874941807
  0.15000000000000002
  0.15000001656244832
  0.1500000186189322
  0.15000001898509574
  0.15000001898876233
  0.15000001898877866
  0.15000000000000002
  0.15000001651353018
  0.15000001856393999
  0.15000001892902198
  0.15000001893267781
  0.15000001893269405
  0.14999999999999999
  0.15000001631789997
  0.15000001834401891
  0.15000001870477586
  0.15000001870838831
  0.15000001870840429
  0.14999999999999999
  0.15000001653801917
  0.15000001859146958
  0.15000001895709303
  0.15000001896075424
  0.15000001896077048
  0.14999999999999999
  0.15000001643596012
  0.15000001847673827
  0.15000001884010522
  0.15000001884374375
  0.15000001884375999
  0.14999999999999997
  0.15000001636423474
  0.15000001839610655
  0.15000001875788771
  0.15000001876151042
  0.15000001876152652
  0.14999999999999999
  0.15000001648185274
  0.15000001852832942
  0.15000001889271097
  0.15000001889635978
  0.15000001889637596
  0.14999999999999997
  0.15000001644269037
  0.15000001848430425
  0.15000001884782002
  0.15000001885146011
  0.15000001885147624
  0.15000000000000002
  0.1500000164980953
  0.1500000185465884
  0.15000001891132933
  0.15000001891498163
  0.15000001891499801
  0.15000000000000005
  0.15000001630672363
  0.15000001833145468
  0.15000001869196444
  0.15000001869557436
  0.15000001869559035
  0.15000000000000002
  0.15000001637041424
  0.15000001840305352
  0.15000001876497132
  0.15000001876859545
  0.15000001876861152
  0.15000000000000005
  0.15000001621091502
  0.15000001822374998
  0.1500000185821416
  0.15000001858573034
  0.15000001858574621
  0.14999999999999997
  0.15000001646172559
  0.15000001850570305
  0.15000001886963973
  0.1500000188732841
  0.15000001887330028
  0.15000000000000005
  0.15000001639293292
  0.15000001842836869
  0.15000001879078417
  0.1500000187944133
  0.15000001879442945
  0.15000000000000002
  0.15000001643479907
  0.15000001847543309
  0.15000001883877442
  0.15000001884241287
  0.150000018842429
  0.14999999999999999
  0.15000001620310824
  0.15000001821497383
  0.15000001857319267
  0.15000001857677966
  0.15000001857679568
  0.14999999999999999
  0.15000001635639523
  0.15000001838729413
  0.15000001874890181
  0.15000001875252278
  0.15000001875253888
  0.14999999999999999
  0.15000001624592404
  0.15000001826310577
  0.15000001862227108
  0.15000001862586762
  0.15000001862588364
  0.15000000000000002
  0.15000001632296453
  0.15000001834971224
  0.15000001871058097
  0.15000001871419449
  0.15000001871421056
  0.14999999999999997
  0.15000001640367586
  0.15000001844044536
  0.15000001880309857
  0.15000001880673003
  0.15000001880674615
  0.15000000000000002
  0.15000001641853078
  0.15000001845714489
  0.15000001882012653
  0.15000001882376124
  0.15000001882377734
  0.15000000000000002
  0.15000001628273293
  0.15000001830448498
  0.15000001866446416
  0.15000001866806889
  0.15000001866808485
  0.14999999999999997
  0.15000001640784483
  0.15000001844513239
  0.15000001880787786
  0.15000001881151012
  0.15000001881152625
  0.15000000000000005
  0.15000001640007229
  0.15000001843639457
  0.15000001879896818
  0.15000001880259878
  0.1500000188026151
  0.14999999999999997
  0.15000001638702534
  0.15000001842172755
  0.15000001878401262
  0.15000001878764038
  0.15000001878765645
  0.14999999999999997
  0.15000001636646934
  0.15000001839861921
  0.15000001876044949
  0.15000001876407271
  0.15000001876408897
  0.14999999999999999
  0.15000001634115376
  0.15000001837016053
  0.15000001873143101
  0.15000001873504862
  0.15000001873506469
  0.15000000000000005
  0.15000001631263207
  0.15000001833809701
  0.15000001869873714
  0.1500000187023485
  0.15000001870236446
  0.15000000000000005
  0.15000001627766243
  0.15000001829878512
  0.15000001865865223
  0.15000001866225574
  0.15000001866227178
  0.15000000000000005
  0.15000001623940978
  0.15000001825578269
  0.15000001861480389
  0.15000001861839901
  0.150000018618415
  0.14999999999999999
  0.1500000161956147
  0.15000001820654993
  0.15000001856460288
  0.15000001856818831
  0.15000001856820425
  0.14999999999999997
  0.15000001615018432
  0.15000001815547864
  0.15000001851252737
  0.15000001851610273
  0.15000001851611855
