 ASCII 3
!File started at: 2026/07/24 21:09:30
 Degrees of freedom: 
temperature              :    12725   12725   1 : heat equation
 Total DOFs:            1
 Number Of Nodes:        12725
Time:       1      1  1.00000000E+000
temperature
Perm:        12725        12725
          1       8800
          2       8799
          3       8794
          4       8776
          5       8748
          6       8700
          7       8798
          8       8797
          9       8793
         10       8775
         11       8747
         12       8699
         13       8791
         14       8790
         15       8787
         16       8773
         17       8745
         18       8697
         19       8768
         20       8767
         21       8764
         22       8759
         23       8740
         24       8692
         25       8735
         26       8734
         27       8731
         28       8726
         29       8715
         30       8687
         31       8680
         32       8679
         33       8676
         34       8668
         35       8664
         36       8645
         37       8626
         38       8625
         39       8622
         40       8620
         41       8610
         42       8606
         43       8560
         44       8559
         45       8556
         46       8551
         47       8548
         48       8535
         49       8482
         50       8481
         51       8478
         52       8476
         53       8470
         54       8467
         55       8398
         56       8397
         57       8394
         58       8389
         59       8386
         60       8378
         61       8678
         62       8677
         63       8675
         64       8667
         65       8663
         66       8644
         67       8558
         68       8557
         69       8555
         70       8550
         71       8547
         72       8534
         73       8789
         74       8788
         75       8786
         76       8772
         77       8744
         78       8696
         79       8766
         80       8765
         81       8763
         82       8758
         83       8739
         84       8691
         85       8624
         86       8623
         87       8621
         88       8619
         89       8609
         90       8605
         91       8396
         92       8395
         93       8393
         94       8388
         95       8385
         96       8377
         97       8796
         98       8795
         99       8792
        100       8774
        101       8746
        102       8698
        103       8302
        104       8301
        105       8300
        106       8296
        107       8294
        108       8292
        109       8733
        110       8732
        111       8730
        112       8725
        113       8714
        114       8686
        115       8480
        116       8479
        117       8477
        118       8475
        119       8469
        120       8466
        121       8785
        122       8784
        123       8779
        124       8771
        125       8743
        126       8695
        127       8554
        128       8553
        129       8552
        130       8549
        131       8546
        132       8533
        133       8674
        134       8673
        135       8670
        136       8666
        137       8662
        138       8643
        139       8783
        140       8782
        141       8778
        142       8770
        143       8742
        144       8694
        145       8729
        146       8728
        147       8727
        148       8724
        149       8713
        150       8685
        151       8392
        152       8391
        153       8390
        154       8387
        155       8384
        156       8376
        157       8762
        158       8761
        159       8760
        160       8757
        161       8738
        162       8690
        163       8299
        164       8298
        165       8297
        166       8295
        167       8293
        168       8291
        169       8781
        170       8780
        171       8777
        172       8769
        173       8741
        174       8693
        175       8618
        176       8617
        177       8614
        178       8612
        179       8608
        180       8604
        181       8672
        182       8671
        183       8669
        184       8665
        185       8661
        186       8642
        187       8474
        188       8473
        189       8472
        190       8471
        191       8468
        192       8465
        193       8756
        194       8755
        195       8754
        196       8750
        197       8737
        198       8689
        199       8545
        200       8544
        201       8541
        202       8539
        203       8537
        204       8532
        205       8616
        206       8615
        207       8613
        208       8611
        209       8607
        210       8603
        211       8723
        212       8722
        213       8719
        214       8717
        215       8712
        216       8684
        217       8383
        218       8382
        219       8381
        220       8380
        221       8379
        222       8375
        223       8753
        224       8752
        225       8751
        226       8749
        227       8736
        228       8688
        229       8721
        230       8720
        231       8718
        232       8716
        233       8711
        234       8683
        235       8660
        236       8659
        237       8656
        238       8651
        239       8648
        240       8641
        241       8543
        242       8542
        243       8540
        244       8538
        245       8536
        246       8531
        247       8464
        248       8463
        249       8460
        250       8458
        251       8456
        252       8454
        253       8290
        254       8289
        255       8288
        256       8287
        257       8286
        258       8285
        259       8710
        260       8709
        261       8708
        262       8707
        263       8702
        264       8682
        265       8658
        266       8657
        267       8655
        268       8650
        269       8647
        270       8640
        271       8462
        272       8461
        273       8459
        274       8457
        275       8455
        276       8453
        277       8602
        278       8601
        279       8598
        280       8593
        281       8586
        282       8582
        283       8374
        284       8373
        285       8370
        286       8368
        287       8366
        288       8364
        289       8706
        290       8705
        291       8704
        292       8703
        293       8701
        294       8681
        295       8654
        296       8653
        297       8652
        298       8649
        299       8646
        300       8639
        301       8600
        302       8599
        303       8597
        304       8592
        305       8585
        306       8581
        307       8530
        308       8529
        309       8526
        310       8521
        311       8514
        312       8505
        313       8372
        314       8371
        315       8369
        316       8367
        317       8365
        318       8363
        319       8284
        320       8283
        321       8280
        322       8278
        323       8276
        324       8274
        325       8638
        326       8637
        327       8636
        328       8635
        329       8634
        330       8628
        331       8596
        332       8595
        333       8594
        334       8591
        335       8584
        336       8580
        337       8528
        338       8527
        339       8525
        340       8520
        341       8513
        342       8504
        343       8452
        344       8451
        345       8448
        346       8443
        347       8436
        348       8427
        349       8282
        350       8281
        351       8279
        352       8277
        353       8275
        354       8273
        355       8633
        356       8632
        357       8631
        358       8630
        359       8629
        360       8627
        361       8590
        362       8589
        363       8588
        364       8587
        365       8583
        366       8579
        367       8524
        368       8523
        369       8522
        370       8519
        371       8512
        372       8503
        373       8450
        374       8449
        375       8447
        376       8442
        377       8435
        378       8426
        379       8362
        380       8361
        381       8358
        382       8353
        383       8346
        384       8337
        385       8206
        386       8205
        387       8204
        388       8203
        389       8202
        390       8201
        391       8572
        392       8571
        393       8568
        394       8566
        395       8564
        396       8562
        397       8578
        398       8577
        399       8576
        400       8575
        401       8574
        402       8573
        403       8518
        404       8517
        405       8516
        406       8515
        407       8511
        408       8502
        409       8446
        410       8445
        411       8444
        412       8441
        413       8434
        414       8425
        415       8360
        416       8359
        417       8357
        418       8352
        419       8345
        420       8336
        421       8272
        422       8271
        423       8268
        424       8263
        425       8256
        426       8247
        427       8570
        428       8569
        429       8567
        430       8565
        431       8563
        432       8561
        433       8510
        434       8509
        435       8508
        436       8507
        437       8506
        438       8501
        439       8440
        440       8439
        441       8438
        442       8437
        443       8433
        444       8424
        445       8356
        446       8355
        447       8354
        448       8351
        449       8344
        450       8335
        451       8270
        452       8269
        453       8267
        454       8262
        455       8255
        456       8246
        457       8200
        458       8199
        459       8196
        460       8191
        461       8184
        462       8175
        463       8494
        464       8493
        465       8490
        466       8488
        467       8486
        468       8484
        469       8500
        470       8499
        471       8498
        472       8497
        473       8496
        474       8495
        475       8432
        476       8431
        477       8430
        478       8429
        479       8428
        480       8423
        481       8350
        482       8349
        483       8348
        484       8347
        485       8343
        486       8334
        487       8266
        488       8265
        489       8264
        490       8261
        491       8254
        492       8245
        493       8198
        494       8197
        495       8195
        496       8190
        497       8183
        498       8174
        499       8492
        500       8491
        501       8489
        502       8487
        503       8485
        504       8483
        505       8422
        506       8421
        507       8420
        508       8419
        509       8418
        510       8417
        511       8342
        512       8341
        513       8340
        514       8339
        515       8338
        516       8333
        517       8260
        518       8259
        519       8258
        520       8257
        521       8253
        522       8244
        523       8194
        524       8193
        525       8192
        526       8189
        527       8182
        528       8173
        529       8128
        530       8127
        531       8126
        532       8122
        533       8116
        534       8108
        535       8410
        536       8409
        537       8406
        538       8404
        539       8402
        540       8400
        541       8416
        542       8415
        543       8414
        544       8413
        545       8412
        546       8411
        547       8332
        548       8331
        549       8330
        550       8329
        551       8328
        552       8327
        553       8252
        554       8251
        555       8250
        556       8249
        557       8248
        558       8243
        559       8188
        560       8187
        561       8186
        562       8185
        563       8181
        564       8172
        565       8125
        566       8124
        567       8123
        568       8121
        569       8115
        570       8107
        571       8408
        572       8407
        573       8405
        574       8403
        575       8401
        576       8399
        577       8326
        578       8325
        579       8324
        580       8323
        581       8322
        582       8321
        583       8242
        584       8241
        585       8240
        586       8239
        587       8238
        588       8237
        589       8180
        590       8179
        591       8178
        592       8177
        593       8176
        594       8171
        595       8120
        596       8119
        597       8118
        598       8117
        599       8114
        600       8106
        601       8056
        602       8055
        603       8054
        604       8053
        605       8048
        606       8041
        607       8314
        608       8313
        609       8310
        610       8308
        611       8306
        612       8304
        613       8320
        614       8319
        615       8318
        616       8317
        617       8316
        618       8315
        619       8236
        620       8235
        621       8234
        622       8233
        623       8232
        624       8231
        625       8170
        626       8169
        627       8168
        628       8167
        629       8166
        630       8165
        631       8113
        632       8112
        633       8111
        634       8110
        635       8109
        636       8105
        637       8052
        638       8051
        639       8050
        640       8049
        641       8047
        642       8040
        643       8312
        644       8311
        645       8309
        646       8307
        647       8305
        648       8303
        649       8230
        650       8229
        651       8228
        652       8227
        653       8226
        654       8225
        655       8164
        656       8163
        657       8162
        658       8161
        659       8160
        660       8159
        661       8104
        662       8103
        663       8102
        664       8101
        665       8100
        666       8099
        667       8046
        668       8045
        669       8044
        670       8043
        671       8042
        672       8039
        673       7984
        674       7983
        675       7982
        676       7981
        677       7980
        678       7974
        679       8218
        680       8217
        681       8214
        682       8212
        683       8210
        684       8208
        685       8224
        686       8223
        687       8222
        688       8221
        689       8220
        690       8219
        691       8158
        692       8157
        693       8156
        694       8155
        695       8154
        696       8153
        697       8098
        698       8097
        699       8096
        700       8095
        701       8094
        702       8093
        703       8038
        704       8037
        705       8036
        706       8035
        707       8034
        708       8033
        709       7979
        710       7978
        711       7977
        712       7976
        713       7975
        714       7973
        715       8216
        716       8215
        717       8213
        718       8211
        719       8209
        720       8207
        721       8152
        722       8151
        723       8150
        724       8149
        725       8148
        726       8147
        727       8092
        728       8091
        729       8090
        730       8089
        731       8088
        732       8087
        733       8032
        734       8031
        735       8030
        736       8029
        737       8028
        738       8027
        739       7972
        740       7971
        741       7970
        742       7969
        743       7968
        744       7967
        745       7912
        746       7911
        747       7910
        748       7909
        749       7908
        750       7907
        751       8140
        752       8139
        753       8136
        754       8134
        755       8132
        756       8130
        757       8146
        758       8145
        759       8144
        760       8143
        761       8142
        762       8141
        763       8086
        764       8085
        765       8084
        766       8083
        767       8082
        768       8081
        769       8026
        770       8025
        771       8024
        772       8023
        773       8022
        774       8021
        775       7966
        776       7965
        777       7964
        778       7963
        779       7962
        780       7961
        781       7906
        782       7905
        783       7904
        784       7903
        785       7902
        786       7901
        787       8138
        788       8137
        789       8135
        790       8133
        791       8131
        792       8129
        793       8080
        794       8079
        795       8078
        796       8077
        797       8076
        798       8075
        799       8020
        800       8019
        801       8018
        802       8017
        803       8016
        804       8015
        805       7960
        806       7959
        807       7958
        808       7957
        809       7956
        810       7955
        811       7900
        812       7899
        813       7898
        814       7897
        815       7896
        816       7895
        817       7840
        818       7839
        819       7838
        820       7837
        821       7836
        822       7835
        823       8068
        824       8067
        825       8064
        826       8062
        827       8060
        828       8058
        829       8074
        830       8073
        831       8072
        832       8071
        833       8070
        834       8069
        835       8014
        836       8013
        837       8012
        838       8011
        839       8010
        840       8009
        841       7954
        842       7953
        843       7952
        844       7951
        845       7950
        846       7949
        847       7894
        848       7893
        849       7892
        850       7891
        851       7890
        852       7889
        853       7834
        854       7833
        855       7832
        856       7831
        857       7830
        858       7829
        859       8066
        860       8065
        861       8063
        862       8061
        863       8059
        864       8057
        865       8008
        866       8007
        867       8006
        868       8005
        869       8004
        870       8003
        871       7948
        872       7947
        873       7946
        874       7945
        875       7944
        876       7943
        877       7888
        878       7887
        879       7886
        880       7885
        881       7884
        882       7883
        883       7828
        884       7827
        885       7826
        886       7825
        887       7824
        888       7823
        889       7768
        890       7767
        891       7766
        892       7765
        893       7764
        894       7763
        895       7996
        896       7995
        897       7992
        898       7990
        899       7988
        900       7986
        901       8002
        902       8001
        903       8000
        904       7999
        905       7998
        906       7997
        907       7942
        908       7941
        909       7940
        910       7939
        911       7938
        912       7937
        913       7882
        914       7881
        915       7880
        916       7879
        917       7878
        918       7877
        919       7822
        920       7821
        921       7820
        922       7819
        923       7818
        924       7817
        925       7762
        926       7761
        927       7760
        928       7759
        929       7758
        930       7757
        931       7994
        932       7993
        933       7991
        934       7989
        935       7987
        936       7985
        937       7936
        938       7935
        939       7934
        940       7933
        941       7932
        942       7931
        943       7876
        944       7875
        945       7874
        946       7873
        947       7872
        948       7871
        949       7816
        950       7815
        951       7814
        952       7813
        953       7812
        954       7811
        955       7756
        956       7755
        957       7754
        958       7753
        959       7752
        960       7751
        961       7696
        962       7695
        963       7694
        964       7693
        965       7692
        966       7691
        967       7924
        968       7923
        969       7920
        970       7918
        971       7916
        972       7914
        973       7930
        974       7929
        975       7928
        976       7927
        977       7926
        978       7925
        979       7870
        980       7869
        981       7868
        982       7867
        983       7866
        984       7865
        985       7810
        986       7809
        987       7808
        988       7807
        989       7806
        990       7805
        991       7750
        992       7749
        993       7748
        994       7747
        995       7746
        996       7745
        997       7690
        998       7689
        999       7688
       1000       7687
       1001       7686
       1002       7685
       1003       7922
       1004       7921
       1005       7919
       1006       7917
       1007       7915
       1008       7913
       1009       7864
       1010       7863
       1011       7862
       1012       7861
       1013       7860
       1014       7859
       1015       7804
       1016       7803
       1017       7802
       1018       7801
       1019       7800
       1020       7799
       1021       7744
       1022       7743
       1023       7742
       1024       7741
       1025       7740
       1026       7739
       1027       7684
       1028       7683
       1029       7682
       1030       7681
       1031       7680
       1032       7679
       1033       7624
       1034       7623
       1035       7622
       1036       7621
       1037       7620
       1038       7619
       1039       7852
       1040       7851
       1041       7848
       1042       7846
       1043       7844
       1044       7842
       1045       7858
       1046       7857
       1047       7856
       1048       7855
       1049       7854
       1050       7853
       1051       7798
       1052       7797
       1053       7796
       1054       7795
       1055       7794
       1056       7793
       1057       7738
       1058       7737
       1059       7736
       1060       7735
       1061       7734
       1062       7733
       1063       7678
       1064       7677
       1065       7676
       1066       7675
       1067       7674
       1068       7673
       1069       7618
       1070       7617
       1071       7616
       1072       7615
       1073       7614
       1074       7613
       1075       7850
       1076       7849
       1077       7847
       1078       7845
       1079       7843
       1080       7841
       1081       7792
       1082       7791
       1083       7790
       1084       7789
       1085       7788
       1086       7787
       1087       7732
       1088       7731
       1089       7730
       1090       7729
       1091       7728
       1092       7727
       1093       7672
       1094       7671
       1095       7670
       1096       7669
       1097       7668
       1098       7667
       1099       7612
       1100       7611
       1101       7610
       1102       7609
       1103       7608
       1104       7607
       1105       7552
       1106       7551
       1107       7550
       1108       7549
       1109       7548
       1110       7547
       1111       7780
       1112       7779
       1113       7776
       1114       7774
       1115       7772
       1116       7770
       1117       7786
       1118       7785
       1119       7784
       1120       7783
       1121       7782
       1122       7781
       1123       7726
       1124       7725
       1125       7724
       1126       7723
       1127       7722
       1128       7721
       1129       7666
       1130       7665
       1131       7664
       1132       7663
       1133       7662
       1134       7661
       1135       7606
       1136       7605
       1137       7604
       1138       7603
       1139       7602
       1140       7601
       1141       7546
       1142       7545
       1143       7544
       1144       7543
       1145       7542
       1146       7541
       1147       7778
       1148       7777
       1149       7775
       1150       7773
       1151       7771
       1152       7769
       1153       7720
       1154       7719
       1155       7718
       1156       7717
       1157       7716
       1158       7715
       1159       7660
       1160       7659
       1161       7658
       1162       7657
       1163       7656
       1164       7655
       1165       7600
       1166       7599
       1167       7598
       1168       7597
       1169       7596
       1170       7595
       1171       7540
       1172       7539
       1173       7538
       1174       7537
       1175       7536
       1176       7535
       1177       7480
       1178       7479
       1179       7478
       1180       7477
       1181       7476
       1182       7475
       1183       7708
       1184       7707
       1185       7704
       1186       7702
       1187       7700
       1188       7698
       1189       7714
       1190       7713
       1191       7712
       1192       7711
       1193       7710
       1194       7709
       1195       7654
       1196       7653
       1197       7652
       1198       7651
       1199       7650
       1200       7649
       1201       7594
       1202       7593
       1203       7592
       1204       7591
       1205       7590
       1206       7589
       1207       7534
       1208       7533
       1209       7532
       1210       7531
       1211       7530
       1212       7529
       1213       7474
       1214       7473
       1215       7472
       1216       7471
       1217       7470
       1218       7469
       1219       7706
       1220       7705
       1221       7703
       1222       7701
       1223       7699
       1224       7697
       1225       7648
       1226       7647
       1227       7646
       1228       7645
       1229       7644
       1230       7643
       1231       7588
       1232       7587
       1233       7586
       1234       7585
       1235       7584
       1236       7583
       1237       7528
       1238       7527
       1239       7526
       1240       7525
       1241       7524
       1242       7523
       1243       7468
       1244       7467
       1245       7466
       1246       7465
       1247       7464
       1248       7463
       1249       7408
       1250       7407
       1251       7406
       1252       7405
       1253       7404
       1254       7403
       1255       7636
       1256       7635
       1257       7632
       1258       7630
       1259       7628
       1260       7626
       1261       7642
       1262       7641
       1263       7640
       1264       7639
       1265       7638
       1266       7637
       1267       7582
       1268       7581
       1269       7580
       1270       7579
       1271       7578
       1272       7577
       1273       7522
       1274       7521
       1275       7520
       1276       7519
       1277       7518
       1278       7517
       1279       7462
       1280       7461
       1281       7460
       1282       7459
       1283       7458
       1284       7457
       1285       7402
       1286       7401
       1287       7400
       1288       7399
       1289       7398
       1290       7397
       1291       7634
       1292       7633
       1293       7631
       1294       7629
       1295       7627
       1296       7625
       1297       7576
       1298       7575
       1299       7574
       1300       7573
       1301       7572
       1302       7571
       1303       7516
       1304       7515
       1305       7514
       1306       7513
       1307       7512
       1308       7511
       1309       7456
       1310       7455
       1311       7454
       1312       7453
       1313       7452
       1314       7451
       1315       7396
       1316       7395
       1317       7394
       1318       7393
       1319       7392
       1320       7391
       1321       7336
       1322       7335
       1323       7334
       1324       7333
       1325       7332
       1326       7331
       1327       7564
       1328       7563
       1329       7560
       1330       7558
       1331       7556
       1332       7554
       1333       7570
       1334       7569
       1335       7568
       1336       7567
       1337       7566
       1338       7565
       1339       7510
       1340       7509
       1341       7508
       1342       7507
       1343       7506
       1344       7505
       1345       7450
       1346       7449
       1347       7448
       1348       7447
       1349       7446
       1350       7445
       1351       7390
       1352       7389
       1353       7388
       1354       7387
       1355       7386
       1356       7385
       1357       7330
       1358       7329
       1359       7328
       1360       7327
       1361       7326
       1362       7325
       1363       7562
       1364       7561
       1365       7559
       1366       7557
       1367       7555
       1368       7553
       1369       7504
       1370       7503
       1371       7502
       1372       7501
       1373       7500
       1374       7499
       1375       7444
       1376       7443
       1377       7442
       1378       7441
       1379       7440
       1380       7439
       1381       7384
       1382       7383
       1383       7382
       1384       7381
       1385       7380
       1386       7379
       1387       7324
       1388       7323
       1389       7322
       1390       7321
       1391       7320
       1392       7319
       1393       7264
       1394       7263
       1395       7262
       1396       7261
       1397       7260
       1398       7259
       1399       7492
       1400       7491
       1401       7488
       1402       7486
       1403       7484
       1404       7482
       1405       7498
       1406       7497
       1407       7496
       1408       7495
       1409       7494
       1410       7493
       1411       7438
       1412       7437
       1413       7436
       1414       7435
       1415       7434
       1416       7433
       1417       7378
       1418       7377
       1419       7376
       1420       7375
       1421       7374
       1422       7373
       1423       7318
       1424       7317
       1425       7316
       1426       7315
       1427       7314
       1428       7313
       1429       7258
       1430       7257
       1431       7256
       1432       7255
       1433       7254
       1434       7253
       1435       7490
       1436       7489
       1437       7487
       1438       7485
       1439       7483
       1440       7481
       1441       7432
       1442       7431
       1443       7430
       1444       7429
       1445       7428
       1446       7427
       1447       7372
       1448       7371
       1449       7370
       1450       7369
       1451       7368
       1452       7367
       1453       7312
       1454       7311
       1455       7310
       1456       7309
       1457       7308
       1458       7307
       1459       7252
       1460       7251
       1461       7250
       1462       7249
       1463       7248
       1464       7247
       1465       7192
       1466       7191
       1467       7190
       1468       7189
       1469       7188
       1470       7187
       1471       7420
       1472       7419
       1473       7416
       1474       7414
       1475       7412
       1476       7410
       1477       7426
       1478       7425
       1479       7424
       1480       7423
       1481       7422
       1482       7421
       1483       7366
       1484       7365
       1485       7364
       1486       7363
       1487       7362
       1488       7361
       1489       7306
       1490       7305
       1491       7304
       1492       7303
       1493       7302
       1494       7301
       1495       7246
       1496       7245
       1497       7244
       1498       7243
       1499       7242
       1500       7241
       1501       7186
       1502       7185
       1503       7184
       1504       7183
       1505       7182
       1506       7181
       1507       7418
       1508       7417
       1509       7415
       1510       7413
       1511       7411
       1512       7409
       1513       7360
       1514       7359
       1515       7358
       1516       7357
       1517       7356
       1518       7355
       1519       7300
       1520       7299
       1521       7298
       1522       7297
       1523       7296
       1524       7295
       1525       7240
       1526       7239
       1527       7238
       1528       7237
       1529       7236
       1530       7235
       1531       7180
       1532       7179
       1533       7178
       1534       7177
       1535       7176
       1536       7175
       1537       7120
       1538       7119
       1539       7118
       1540       7117
       1541       7116
       1542       7115
       1543       7348
       1544       7347
       1545       7344
       1546       7342
       1547       7340
       1548       7338
       1549       7354
       1550       7353
       1551       7352
       1552       7351
       1553       7350
       1554       7349
       1555       7294
       1556       7293
       1557       7292
       1558       7291
       1559       7290
       1560       7289
       1561       7234
       1562       7233
       1563       7232
       1564       7231
       1565       7230
       1566       7229
       1567       7174
       1568       7173
       1569       7172
       1570       7171
       1571       7170
       1572       7169
       1573       7114
       1574       7113
       1575       7112
       1576       7111
       1577       7110
       1578       7109
       1579       7346
       1580       7345
       1581       7343
       1582       7341
       1583       7339
       1584       7337
       1585       7288
       1586       7287
       1587       7286
       1588       7285
       1589       7284
       1590       7283
       1591       7228
       1592       7227
       1593       7226
       1594       7225
       1595       7224
       1596       7223
       1597       7168
       1598       7167
       1599       7166
       1600       7165
       1601       7164
       1602       7163
       1603       7108
       1604       7107
       1605       7106
       1606       7105
       1607       7104
       1608       7103
       1609       7048
       1610       7047
       1611       7046
       1612       7045
       1613       7044
       1614       7043
       1615       7276
       1616       7275
       1617       7272
       1618       7270
       1619       7268
       1620       7266
       1621       7282
       1622       7281
       1623       7280
       1624       7279
       1625       7278
       1626       7277
       1627       7222
       1628       7221
       1629       7220
       1630       7219
       1631       7218
       1632       7217
       1633       7162
       1634       7161
       1635       7160
       1636       7159
       1637       7158
       1638       7157
       1639       7102
       1640       7101
       1641       7100
       1642       7099
       1643       7098
       1644       7097
       1645       7042
       1646       7041
       1647       7040
       1648       7039
       1649       7038
       1650       7037
       1651       7274
       1652       7273
       1653       7271
       1654       7269
       1655       7267
       1656       7265
       1657       7216
       1658       7215
       1659       7214
       1660       7213
       1661       7212
       1662       7211
       1663       7156
       1664       7155
       1665       7154
       1666       7153
       1667       7152
       1668       7151
       1669       7096
       1670       7095
       1671       7094
       1672       7093
       1673       7092
       1674       7091
       1675       7036
       1676       7035
       1677       7034
       1678       7033
       1679       7032
       1680       7031
       1681       6976
       1682       6975
       1683       6974
       1684       6973
       1685       6972
       1686       6971
       1687       7204
       1688       7203
       1689       7200
       1690       7198
       1691       7196
       1692       7194
       1693       7210
       1694       7209
       1695       7208
       1696       7207
       1697       7206
       1698       7205
       1699       7150
       1700       7149
       1701       7148
       1702       7147
       1703       7146
       1704       7145
       1705       7090
       1706       7089
       1707       7088
       1708       7087
       1709       7086
       1710       7085
       1711       7030
       1712       7029
       1713       7028
       1714       7027
       1715       7026
       1716       7025
       1717       6970
       1718       6969
       1719       6968
       1720       6967
       1721       6966
       1722       6965
       1723       7202
       1724       7201
       1725       7199
       1726       7197
       1727       7195
       1728       7193
       1729       7144
       1730       7143
       1731       7142
       1732       7141
       1733       7140
       1734       7139
       1735       7084
       1736       7083
       1737       7082
       1738       7081
       1739       7080
       1740       7079
       1741       7024
       1742       7023
       1743       7022
       1744       7021
       1745       7020
       1746       7019
       1747       6964
       1748       6963
       1749       6962
       1750       6961
       1751       6960
       1752       6959
       1753       6904
       1754       6903
       1755       6902
       1756       6901
       1757       6900
       1758       6899
       1759       7132
       1760       7131
       1761       7128
       1762       7126
       1763       7124
       1764       7122
       1765       7138
       1766       7137
       1767       7136
       1768       7135
       1769       7134
       1770       7133
       1771       7078
       1772       7077
       1773       7076
       1774       7075
       1775       7074
       1776       7073
       1777       7018
       1778       7017
       1779       7016
       1780       7015
       1781       7014
       1782       7013
       1783       6958
       1784       6957
       1785       6956
       1786       6955
       1787       6954
       1788       6953
       1789       6898
       1790       6897
       1791       6896
       1792       6895
       1793       6894
       1794       6893
       1795       7130
       1796       7129
       1797       7127
       1798       7125
       1799       7123
       1800       7121
       1801       7072
       1802       7071
       1803       7070
       1804       7069
       1805       7068
       1806       7067
       1807       7012
       1808       7011
       1809       7010
       1810       7009
       1811       7008
       1812       7007
       1813       6952
       1814       6951
       1815       6950
       1816       6949
       1817       6948
       1818       6947
       1819       6892
       1820       6891
       1821       6890
       1822       6889
       1823       6888
       1824       6887
       1825       6832
       1826       6831
       1827       6830
       1828       6829
       1829       6828
       1830       6827
       1831       7060
       1832       7059
       1833       7056
       1834       7054
       1835       7052
       1836       7050
       1837       7066
       1838       7065
       1839       7064
       1840       7063
       1841       7062
       1842       7061
       1843       7006
       1844       7005
       1845       7004
       1846       7003
       1847       7002
       1848       7001
       1849       6946
       1850       6945
       1851       6944
       1852       6943
       1853       6942
       1854       6941
       1855       6886
       1856       6885
       1857       6884
       1858       6883
       1859       6882
       1860       6881
       1861       6826
       1862       6825
       1863       6824
       1864       6823
       1865       6822
       1866       6821
       1867       7058
       1868       7057
       1869       7055
       1870       7053
       1871       7051
       1872       7049
       1873       7000
       1874       6999
       1875       6998
       1876       6997
       1877       6996
       1878       6995
       1879       6940
       1880       6939
       1881       6938
       1882       6937
       1883       6936
       1884       6935
       1885       6880
       1886       6879
       1887       6878
       1888       6877
       1889       6876
       1890       6875
       1891       6820
       1892       6819
       1893       6818
       1894       6817
       1895       6816
       1896       6815
       1897       6760
       1898       6759
       1899       6758
       1900       6757
       1901       6756
       1902       6755
       1903       6988
       1904       6987
       1905       6984
       1906       6982
       1907       6980
       1908       6978
       1909       6994
       1910       6993
       1911       6992
       1912       6991
       1913       6990
       1914       6989
       1915       6934
       1916       6933
       1917       6932
       1918       6931
       1919       6930
       1920       6929
       1921       6874
       1922       6873
       1923       6872
       1924       6871
       1925       6870
       1926       6869
       1927       6814
       1928       6813
       1929       6812
       1930       6811
       1931       6810
       1932       6809
       1933       6754
       1934       6753
       1935       6752
       1936       6751
       1937       6750
       1938       6749
       1939       6986
       1940       6985
       1941       6983
       1942       6981
       1943       6979
       1944       6977
       1945       6928
       1946       6927
       1947       6926
       1948       6925
       1949       6924
       1950       6923
       1951       6868
       1952       6867
       1953       6866
       1954       6865
       1955       6864
       1956       6863
       1957       6808
       1958       6807
       1959       6806
       1960       6805
       1961       6804
       1962       6803
       1963       6748
       1964       6747
       1965       6746
       1966       6745
       1967       6744
       1968       6743
       1969       6688
       1970       6687
       1971       6686
       1972       6685
       1973       6684
       1974       6683
       1975       6916
       1976       6915
       1977       6912
       1978       6910
       1979       6908
       1980       6906
       1981       6922
       1982       6921
       1983       6920
       1984       6919
       1985       6918
       1986       6917
       1987       6862
       1988       6861
       1989       6860
       1990       6859
       1991       6858
       1992       6857
       1993       6802
       1994       6801
       1995       6800
       1996       6799
       1997       6798
       1998       6797
       1999       6742
       2000       6741
       2001       6740
       2002       6739
       2003       6738
       2004       6737
       2005       6682
       2006       6681
       2007       6680
       2008       6679
       2009       6678
       2010       6677
       2011       6914
       2012       6913
       2013       6911
       2014       6909
       2015       6907
       2016       6905
       2017       6856
       2018       6855
       2019       6854
       2020       6853
       2021       6852
       2022       6851
       2023       6796
       2024       6795
       2025       6794
       2026       6793
       2027       6792
       2028       6791
       2029       6736
       2030       6735
       2031       6734
       2032       6733
       2033       6732
       2034       6731
       2035       6676
       2036       6675
       2037       6674
       2038       6673
       2039       6672
       2040       6671
       2041       6616
       2042       6615
       2043       6614
       2044       6613
       2045       6612
       2046       6611
       2047       6844
       2048       6843
       2049       6840
       2050       6838
       2051       6836
       2052       6834
       2053       6850
       2054       6849
       2055       6848
       2056       6847
       2057       6846
       2058       6845
       2059       6790
       2060       6789
       2061       6788
       2062       6787
       2063       6786
       2064       6785
       2065       6730
       2066       6729
       2067       6728
       2068       6727
       2069       6726
       2070       6725
       2071       6670
       2072       6669
       2073       6668
       2074       6667
       2075       6666
       2076       6665
       2077       6610
       2078       6609
       2079       6608
       2080       6607
       2081       6606
       2082       6605
       2083       6842
       2084       6841
       2085       6839
       2086       6837
       2087       6835
       2088       6833
       2089       6784
       2090       6783
       2091       6782
       2092       6781
       2093       6780
       2094       6779
       2095       6724
       2096       6723
       2097       6722
       2098       6721
       2099       6720
       2100       6719
       2101       6664
       2102       6663
       2103       6662
       2104       6661
       2105       6660
       2106       6659
       2107       6604
       2108       6603
       2109       6602
       2110       6601
       2111       6600
       2112       6599
       2113       6544
       2114       6543
       2115       6542
       2116       6541
       2117       6540
       2118       6539
       2119       6772
       2120       6771
       2121       6768
       2122       6766
       2123       6764
       2124       6762
       2125       6778
       2126       6777
       2127       6776
       2128       6775
       2129       6774
       2130       6773
       2131       6718
       2132       6717
       2133       6716
       2134       6715
       2135       6714
       2136       6713
       2137       6658
       2138       6657
       2139       6656
       2140       6655
       2141       6654
       2142       6653
       2143       6598
       2144       6597
       2145       6596
       2146       6595
       2147       6594
       2148       6593
       2149       6538
       2150       6537
       2151       6536
       2152       6535
       2153       6534
       2154       6533
       2155       6770
       2156       6769
       2157       6767
       2158       6765
       2159       6763
       2160       6761
       2161       6712
       2162       6711
       2163       6710
       2164       6709
       2165       6708
       2166       6707
       2167       6652
       2168       6651
       2169       6650
       2170       6649
       2171       6648
       2172       6647
       2173       6592
       2174       6591
       2175       6590
       2176       6589
       2177       6588
       2178       6587
       2179       6532
       2180       6531
       2181       6530
       2182       6529
       2183       6528
       2184       6527
       2185       6472
       2186       6471
       2187       6470
       2188       6469
       2189       6468
       2190       6467
       2191       6700
       2192       6699
       2193       6696
       2194       6694
       2195       6692
       2196       6690
       2197       6706
       2198       6705
       2199       6704
       2200       6703
       2201       6702
       2202       6701
       2203       6646
       2204       6645
       2205       6644
       2206       6643
       2207       6642
       2208       6641
       2209       6586
       2210       6585
       2211       6584
       2212       6583
       2213       6582
       2214       6581
       2215       6526
       2216       6525
       2217       6524
       2218       6523
       2219       6522
       2220       6521
       2221       6466
       2222       6465
       2223       6464
       2224       6463
       2225       6462
       2226       6461
       2227       6698
       2228       6697
       2229       6695
       2230       6693
       2231       6691
       2232       6689
       2233       6640
       2234       6639
       2235       6638
       2236       6637
       2237       6636
       2238       6635
       2239       6580
       2240       6579
       2241       6578
       2242       6577
       2243       6576
       2244       6575
       2245       6520
       2246       6519
       2247       6518
       2248       6517
       2249       6516
       2250       6515
       2251       6460
       2252       6459
       2253       6458
       2254       6457
       2255       6456
       2256       6455
       2257       6400
       2258       6399
       2259       6398
       2260       6397
       2261       6396
       2262       6395
       2263       6628
       2264       6627
       2265       6624
       2266       6622
       2267       6620
       2268       6618
       2269       6634
       2270       6633
       2271       6632
       2272       6631
       2273       6630
       2274       6629
       2275       6574
       2276       6573
       2277       6572
       2278       6571
       2279       6570
       2280       6569
       2281       6514
       2282       6513
       2283       6512
       2284       6511
       2285       6510
       2286       6509
       2287       6454
       2288       6453
       2289       6452
       2290       6451
       2291       6450
       2292       6449
       2293       6394
       2294       6393
       2295       6392
       2296       6391
       2297       6390
       2298       6389
       2299       6626
       2300       6625
       2301       6623
       2302       6621
       2303       6619
       2304       6617
       2305       6568
       2306       6567
       2307       6566
       2308       6565
       2309       6564
       2310       6563
       2311       6508
       2312       6507
       2313       6506
       2314       6505
       2315       6504
       2316       6503
       2317       6448
       2318       6447
       2319       6446
       2320       6445
       2321       6444
       2322       6443
       2323       6388
       2324       6387
       2325       6386
       2326       6385
       2327       6384
       2328       6383
       2329       6328
       2330       6327
       2331       6326
       2332       6325
       2333       6324
       2334       6323
       2335       6556
       2336       6555
       2337       6552
       2338       6550
       2339       6548
       2340       6546
       2341       6562
       2342       6561
       2343       6560
       2344       6559
       2345       6558
       2346       6557
       2347       6502
       2348       6501
       2349       6500
       2350       6499
       2351       6498
       2352       6497
       2353       6442
       2354       6441
       2355       6440
       2356       6439
       2357       6438
       2358       6437
       2359       6382
       2360       6381
       2361       6380
       2362       6379
       2363       6378
       2364       6377
       2365       6322
       2366       6321
       2367       6320
       2368       6319
       2369       6318
       2370       6317
       2371       6554
       2372       6553
       2373       6551
       2374       6549
       2375       6547
       2376       6545
       2377       6496
       2378       6495
       2379       6494
       2380       6493
       2381       6492
       2382       6491
       2383       6436
       2384       6435
       2385       6434
       2386       6433
       2387       6432
       2388       6431
       2389       6376
       2390       6375
       2391       6374
       2392       6373
       2393       6372
       2394       6371
       2395       6316
       2396       6315
       2397       6314
       2398       6313
       2399       6312
       2400       6311
       2401       6256
       2402       6255
       2403       6254
       2404       6253
       2405       6252
       2406       6251
       2407       6484
       2408       6483
       2409       6480
       2410       6478
       2411       6476
       2412       6474
       2413       6490
       2414       6489
       2415       6488
       2416       6487
       2417       6486
       2418       6485
       2419       6430
       2420       6429
       2421       6428
       2422       6427
       2423       6426
       2424       6425
       2425       6370
       2426       6369
       2427       6368
       2428       6367
       2429       6366
       2430       6365
       2431       6310
       2432       6309
       2433       6308
       2434       6307
       2435       6306
       2436       6305
       2437       6250
       2438       6249
       2439       6248
       2440       6247
       2441       6246
       2442       6245
       2443       6482
       2444       6481
       2445       6479
       2446       6477
       2447       6475
       2448       6473
       2449       6424
       2450       6423
       2451       6422
       2452       6421
       2453       6420
       2454       6419
       2455       6364
       2456       6363
       2457       6362
       2458       6361
       2459       6360
       2460       6359
       2461       6304
       2462       6303
       2463       6302
       2464       6301
       2465       6300
       2466       6299
       2467       6244
       2468       6243
       2469       6242
       2470       6241
       2471       6240
       2472       6239
       2473       6184
       2474       6183
       2475       6182
       2476       6181
       2477       6180
       2478       6179
       2479       6412
       2480       6411
       2481       6408
       2482       6406
       2483       6404
       2484       6402
       2485       6418
       2486       6417
       2487       6416
       2488       6415
       2489       6414
       2490       6413
       2491       6358
       2492       6357
       2493       6356
       2494       6355
       2495       6354
       2496       6353
       2497       6298
       2498       6297
       2499       6296
       2500       6295
       2501       6294
       2502       6293
       2503       6238
       2504       6237
       2505       6236
       2506       6235
       2507       6234
       2508       6233
       2509       6178
       2510       6177
       2511       6176
       2512       6175
       2513       6174
       2514       6173
       2515       6410
       2516       6409
       2517       6407
       2518       6405
       2519       6403
       2520       6401
       2521       6352
       2522       6351
       2523       6350
       2524       6349
       2525       6348
       2526       6347
       2527       6292
       2528       6291
       2529       6290
       2530       6289
       2531       6288
       2532       6287
       2533       6232
       2534       6231
       2535       6230
       2536       6229
       2537       6228
       2538       6227
       2539       6172
       2540       6171
       2541       6170
       2542       6169
       2543       6168
       2544       6167
       2545       6112
       2546       6111
       2547       6110
       2548       6109
       2549       6108
       2550       6107
       2551       6340
       2552       6339
       2553       6336
       2554       6334
       2555       6332
       2556       6330
       2557       6346
       2558       6345
       2559       6344
       2560       6343
       2561       6342
       2562       6341
       2563       6286
       2564       6285
       2565       6284
       2566       6283
       2567       6282
       2568       6281
       2569       6226
       2570       6225
       2571       6224
       2572       6223
       2573       6222
       2574       6221
       2575       6166
       2576       6165
       2577       6164
       2578       6163
       2579       6162
       2580       6161
       2581       6106
       2582       6105
       2583       6104
       2584       6103
       2585       6102
       2586       6101
       2587       6338
       2588       6337
       2589       6335
       2590       6333
       2591       6331
       2592       6329
       2593       6280
       2594       6279
       2595       6278
       2596       6277
       2597       6276
       2598       6275
       2599       6220
       2600       6219
       2601       6218
       2602       6217
       2603       6216
       2604       6215
       2605       6160
       2606       6159
       2607       6158
       2608       6157
       2609       6156
       2610       6155
       2611       6100
       2612       6099
       2613       6098
       2614       6097
       2615       6096
       2616       6095
       2617       6046
       2618       6045
       2619       6044
       2620       6043
       2621       6042
       2622       6041
       2623       6268
       2624       6267
       2625       6264
       2626       6262
       2627       6260
       2628       6258
       2629       6274
       2630       6273
       2631       6272
       2632       6271
       2633       6270
       2634       6269
       2635       6214
       2636       6213
       2637       6212
       2638       6211
       2639       6210
       2640       6209
       2641       6154
       2642       6153
       2643       6152
       2644       6151
       2645       6150
       2646       6149
       2647       6094
       2648       6093
       2649       6092
       2650       6091
       2651       6090
       2652       6089
       2653       6040
       2654       6039
       2655       6038
       2656       6037
       2657       6036
       2658       6035
       2659       6266
       2660       6265
       2661       6263
       2662       6261
       2663       6259
       2664       6257
       2665       6208
       2666       6207
       2667       6206
       2668       6205
       2669       6204
       2670       6203
       2671       6148
       2672       6147
       2673       6146
       2674       6145
       2675       6144
       2676       6143
       2677       6034
       2678       6033
       2679       6032
       2680       6031
       2681       6030
       2682       6029
       2683       6088
       2684       6087
       2685       6086
       2686       6085
       2687       6084
       2688       6083
       2689       5974
       2690       5973
       2691       5972
       2692       5971
       2693       5970
       2694       5969
       2695       6196
       2696       6195
       2697       6192
       2698       6190
       2699       6188
       2700       6186
       2701       6202
       2702       6201
       2703       6200
       2704       6199
       2705       6198
       2706       6197
       2707       6142
       2708       6141
       2709       6140
       2710       6139
       2711       6138
       2712       6137
       2713       6082
       2714       6081
       2715       6080
       2716       6079
       2717       6078
       2718       6077
       2719       5968
       2720       5967
       2721       5966
       2722       5965
       2723       5964
       2724       5963
       2725       6028
       2726       6027
       2727       6026
       2728       6025
       2729       6024
       2730       6023
       2731       5962
       2732       5961
       2733       5960
       2734       5959
       2735       5958
       2736       5957
       2737       6194
       2738       6193
       2739       6191
       2740       6189
       2741       6187
       2742       6185
       2743       6136
       2744       6135
       2745       6134
       2746       6133
       2747       6132
       2748       6131
       2749       6076
       2750       6075
       2751       6074
       2752       6073
       2753       6072
       2754       6071
       2755       5902
       2756       5901
       2757       5900
       2758       5899
       2759       5898
       2760       5897
       2761       6022
       2762       6021
       2763       6020
       2764       6019
       2765       6018
       2766       6017
       2767       5896
       2768       5895
       2769       5894
       2770       5893
       2771       5892
       2772       5891
       2773       6016
       2774       6015
       2775       6014
       2776       6013
       2777       6012
       2778       6011
       2779       6124
       2780       6123
       2781       6120
       2782       6118
       2783       6116
       2784       6114
       2785       5956
       2786       5955
       2787       5954
       2788       5953
       2789       5952
       2790       5951
       2791       6130
       2792       6129
       2793       6128
       2794       6127
       2795       6126
       2796       6125
       2797       6070
       2798       6069
       2799       6068
       2800       6067
       2801       6066
       2802       6065
       2803       5890
       2804       5889
       2805       5888
       2806       5887
       2807       5886
       2808       5885
       2809       6122
       2810       6121
       2811       6119
       2812       6117
       2813       6115
       2814       6113
       2815       6010
       2816       6009
       2817       6008
       2818       6007
       2819       6006
       2820       6005
       2821       5818
       2822       5817
       2823       5816
       2824       5815
       2825       5814
       2826       5813
       2827       6064
       2828       6063
       2829       6062
       2830       6061
       2831       6060
       2832       6059
       2833       5950
       2834       5949
       2835       5946
       2836       5944
       2837       5942
       2838       5940
       2839       5948
       2840       5947
       2841       5945
       2842       5943
       2843       5941
       2844       5939
       2845       5812
       2846       5811
       2847       5810
       2848       5809
       2849       5808
       2850       5807
       2851       5884
       2852       5883
       2853       5882
       2854       5881
       2855       5880
       2856       5879
       2857       6004
       2858       6003
       2859       6002
       2860       6001
       2861       6000
       2862       5999
       2863       6058
       2864       6057
       2865       6056
       2866       6055
       2867       6054
       2868       6053
       2869       6052
       2870       6051
       2871       6050
       2872       6049
       2873       6048
       2874       6047
       2875       5938
       2876       5937
       2877       5934
       2878       5932
       2879       5930
       2880       5928
       2881       5936
       2882       5935
       2883       5933
       2884       5931
       2885       5929
       2886       5927
       2887       5998
       2888       5997
       2889       5994
       2890       5992
       2891       5990
       2892       5988
       2893       5878
       2894       5877
       2895       5876
       2896       5872
       2897       5870
       2898       5868
       2899       5875
       2900       5874
       2901       5873
       2902       5871
       2903       5869
       2904       5867
       2905       5806
       2906       5805
       2907       5804
       2908       5803
       2909       5802
       2910       5801
       2911       5996
       2912       5995
       2913       5993
       2914       5991
       2915       5989
       2916       5987
       2917       5740
       2918       5739
       2919       5736
       2920       5734
       2921       5732
       2922       5730
       2923       5738
       2924       5737
       2925       5735
       2926       5733
       2927       5731
       2928       5729
       2929       5986
       2930       5985
       2931       5984
       2932       5983
       2933       5982
       2934       5981
       2935       5980
       2936       5979
       2937       5978
       2938       5977
       2939       5976
       2940       5975
       2941       5926
       2942       5925
       2943       5922
       2944       5920
       2945       5918
       2946       5916
       2947       5924
       2948       5923
       2949       5921
       2950       5919
       2951       5917
       2952       5915
       2953       5866
       2954       5865
       2955       5864
       2956       5860
       2957       5858
       2958       5856
       2959       5863
       2960       5862
       2961       5861
       2962       5859
       2963       5857
       2964       5855
       2965       5800
       2966       5799
       2967       5798
       2968       5797
       2969       5792
       2970       5790
       2971       5796
       2972       5795
       2973       5794
       2974       5793
       2975       5791
       2976       5789
       2977       5728
       2978       5727
       2979       5726
       2980       5725
       2981       5724
       2982       5723
       2983       5662
       2984       5661
       2985       5660
       2986       5659
       2987       5658
       2988       5657
       2989       5914
       2990       5913
       2991       5910
       2992       5908
       2993       5906
       2994       5904
       2995       5854
       2996       5853
       2997       5850
       2998       5848
       2999       5846
       3000       5844
       3001       5852
       3002       5851
       3003       5849
       3004       5847
       3005       5845
       3006       5843
       3007       5788
       3008       5787
       3009       5786
       3010       5785
       3011       5780
       3012       5778
       3013       5784
       3014       5783
       3015       5782
       3016       5781
       3017       5779
       3018       5777
       3019       5722
       3020       5721
       3021       5720
       3022       5719
       3023       5718
       3024       5712
       3025       5912
       3026       5911
       3027       5909
       3028       5907
       3029       5905
       3030       5903
       3031       5717
       3032       5716
       3033       5715
       3034       5714
       3035       5713
       3036       5711
       3037       5656
       3038       5655
       3039       5654
       3040       5653
       3041       5652
       3042       5651
       3043       5584
       3044       5583
       3045       5582
       3046       5581
       3047       5580
       3048       5579
       3049       5836
       3050       5835
       3051       5832
       3052       5828
       3053       5824
       3054       5820
       3055       5842
       3056       5841
       3057       5838
       3058       5830
       3059       5826
       3060       5822
       3061       5840
       3062       5839
       3063       5837
       3064       5829
       3065       5825
       3066       5821
       3067       5776
       3068       5775
       3069       5774
       3070       5770
       3071       5768
       3072       5766
       3073       5773
       3074       5772
       3075       5771
       3076       5769
       3077       5767
       3078       5765
       3079       5710
       3080       5709
       3081       5708
       3082       5707
       3083       5706
       3084       5700
       3085       5705
       3086       5704
       3087       5703
       3088       5702
       3089       5701
       3090       5699
       3091       5650
       3092       5649
       3093       5648
       3094       5647
       3095       5646
       3096       5645
       3097       5644
       3098       5643
       3099       5642
       3100       5641
       3101       5640
       3102       5639
       3103       5578
       3104       5577
       3105       5576
       3106       5575
       3107       5574
       3108       5573
       3109       5834
       3110       5833
       3111       5831
       3112       5827
       3113       5823
       3114       5819
       3115       5764
       3116       5763
       3117       5760
       3118       5755
       3119       5748
       3120       5744
       3121       5752
       3122       5751
       3123       5750
       3124       5749
       3125       5745
       3126       5741
       3127       5762
       3128       5761
       3129       5759
       3130       5754
       3131       5747
       3132       5743
       3133       5758
       3134       5757
       3135       5756
       3136       5753
       3137       5746
       3138       5742
       3139       5698
       3140       5697
       3141       5696
       3142       5695
       3143       5690
       3144       5688
       3145       5694
       3146       5693
       3147       5692
       3148       5691
       3149       5689
       3150       5687
       3151       5638
       3152       5637
       3153       5636
       3154       5635
       3155       5634
       3156       5633
       3157       5632
       3158       5631
       3159       5630
       3160       5629
       3161       5628
       3162       5627
       3163       5572
       3164       5571
       3165       5570
       3166       5569
       3167       5568
       3168       5567
       3169       5566
       3170       5565
       3171       5564
       3172       5563
       3173       5562
       3174       5561
       3175       5506
       3176       5505
       3177       5504
       3178       5503
       3179       5502
       3180       5501
       3181       5686
       3182       5685
       3183       5682
       3184       5677
       3185       5670
       3186       5666
       3187       5684
       3188       5683
       3189       5681
       3190       5676
       3191       5669
       3192       5665
       3193       5680
       3194       5679
       3195       5678
       3196       5675
       3197       5668
       3198       5664
       3199       5674
       3200       5673
       3201       5672
       3202       5671
       3203       5667
       3204       5663
       3205       5626
       3206       5625
       3207       5624
       3208       5623
       3209       5622
       3210       5616
       3211       5621
       3212       5620
       3213       5619
       3214       5618
       3215       5617
       3216       5615
       3217       5560
       3218       5559
       3219       5558
       3220       5557
       3221       5556
       3222       5555
       3223       5554
       3224       5553
       3225       5552
       3226       5551
       3227       5550
       3228       5549
       3229       5500
       3230       5499
       3231       5498
       3232       5497
       3233       5496
       3234       5495
       3235       5494
       3236       5493
       3237       5492
       3238       5491
       3239       5490
       3240       5489
       3241       5614
       3242       5613
       3243       5610
       3244       5605
       3245       5598
       3246       5589
       3247       5612
       3248       5611
       3249       5609
       3250       5604
       3251       5597
       3252       5588
       3253       5608
       3254       5607
       3255       5606
       3256       5603
       3257       5596
       3258       5587
       3259       5602
       3260       5601
       3261       5600
       3262       5599
       3263       5595
       3264       5586
       3265       5594
       3266       5593
       3267       5592
       3268       5591
       3269       5590
       3270       5585
       3271       5548
       3272       5547
       3273       5546
       3274       5545
       3275       5544
       3276       5543
       3277       5542
       3278       5541
       3279       5540
       3280       5539
       3281       5538
       3282       5537
       3283       5488
       3284       5487
       3285       5486
       3286       5485
       3287       5484
       3288       5483
       3289       5482
       3290       5481
       3291       5480
       3292       5479
       3293       5478
       3294       5477
       3295       5428
       3296       5427
       3297       5426
       3298       5425
       3299       5424
       3300       5423
       3301       5434
       3302       5433
       3303       5432
       3304       5431
       3305       5430
       3306       5429
       3307       5536
       3308       5535
       3309       5532
       3310       5530
       3311       5524
       3312       5516
       3313       5534
       3314       5533
       3315       5531
       3316       5529
       3317       5523
       3318       5515
       3319       5528
       3320       5527
       3321       5526
       3322       5525
       3323       5522
       3324       5514
       3325       5521
       3326       5520
       3327       5519
       3328       5518
       3329       5517
       3330       5513
       3331       5512
       3332       5511
       3333       5510
       3334       5509
       3335       5508
       3336       5507
       3337       5476
       3338       5475
       3339       5474
       3340       5473
       3341       5472
       3342       5471
       3343       5470
       3344       5469
       3345       5468
       3346       5467
       3347       5466
       3348       5465
       3349       5422
       3350       5421
       3351       5420
       3352       5419
       3353       5418
       3354       5417
       3355       5416
       3356       5415
       3357       5414
       3358       5413
       3359       5412
       3360       5411
       3361       5356
       3362       5355
       3363       5354
       3364       5353
       3365       5352
       3366       5351
       3367       5461
       3368       5460
       3369       5459
       3370       5457
       3371       5455
       3372       5448
       3373       5464
       3374       5463
       3375       5462
       3376       5458
       3377       5456
       3378       5449
       3379       5454
       3380       5453
       3381       5452
       3382       5451
       3383       5450
       3384       5447
       3385       5446
       3386       5445
       3387       5444
       3388       5443
       3389       5442
       3390       5441
       3391       5440
       3392       5439
       3393       5438
       3394       5437
       3395       5436
       3396       5435
       3397       5410
       3398       5409
       3399       5408
       3400       5407
       3401       5406
       3402       5405
       3403       5404
       3404       5403
       3405       5402
       3406       5401
       3407       5400
       3408       5399
       3409       5350
       3410       5349
       3411       5348
       3412       5347
       3413       5346
       3414       5345
       3415       5344
       3416       5343
       3417       5342
       3418       5341
       3419       5340
       3420       5339
       3421       5284
       3422       5283
       3423       5282
       3424       5281
       3425       5280
       3426       5279
       3427       5398
       3428       5397
       3429       5392
       3430       5389
       3431       5382
       3432       5378
       3433       5386
       3434       5385
       3435       5384
       3436       5383
       3437       5379
       3438       5375
       3439       5396
       3440       5395
       3441       5391
       3442       5388
       3443       5381
       3444       5377
       3445       5374
       3446       5373
       3447       5372
       3448       5371
       3449       5370
       3450       5369
       3451       5368
       3452       5367
       3453       5366
       3454       5365
       3455       5364
       3456       5363
       3457       5362
       3458       5361
       3459       5360
       3460       5359
       3461       5358
       3462       5357
       3463       5338
       3464       5337
       3465       5336
       3466       5335
       3467       5334
       3468       5333
       3469       5332
       3470       5331
       3471       5330
       3472       5329
       3473       5328
       3474       5327
       3475       5278
       3476       5277
       3477       5276
       3478       5275
       3479       5274
       3480       5273
       3481       5272
       3482       5271
       3483       5270
       3484       5269
       3485       5394
       3486       5393
       3487       5268
       3488       5267
       3489       5390
       3490       5387
       3491       5380
       3492       5376
       3493       5320
       3494       5319
       3495       5318
       3496       5315
       3497       5312
       3498       5304
       3499       5326
       3500       5325
       3501       5322
       3502       5317
       3503       5314
       3504       5306
       3505       5311
       3506       5310
       3507       5309
       3508       5308
       3509       5307
       3510       5303
       3511       5302
       3512       5301
       3513       5300
       3514       5299
       3515       5298
       3516       5297
       3517       5296
       3518       5295
       3519       5294
       3520       5293
       3521       5292
       3522       5291
       3523       5290
       3524       5289
       3525       5288
       3526       5287
       3527       5286
       3528       5285
       3529       5266
       3530       5265
       3531       5264
       3532       5263
       3533       5262
       3534       5261
       3535       5260
       3536       5259
       3537       5258
       3538       5257
       3539       5256
       3540       5255
       3541       5206
       3542       5205
       3543       5204
       3544       5203
       3545       5202
       3546       5201
       3547       5200
       3548       5199
       3549       5198
       3550       5197
       3551       5196
       3552       5195
       3553       5324
       3554       5323
       3555       5321
       3556       5316
       3557       5313
       3558       5305
       3559       5248
       3560       5247
       3561       5244
       3562       5240
       3563       5236
       3564       5232
       3565       5254
       3566       5253
       3567       5250
       3568       5242
       3569       5238
       3570       5234
       3571       5230
       3572       5229
       3573       5228
       3574       5227
       3575       5226
       3576       5225
       3577       5252
       3578       5251
       3579       5249
       3580       5241
       3581       5237
       3582       5233
       3583       5224
       3584       5223
       3585       5222
       3586       5221
       3587       5220
       3588       5219
       3589       5218
       3590       5217
       3591       5216
       3592       5215
       3593       5214
       3594       5213
       3595       5212
       3596       5211
       3597       5210
       3598       5209
       3599       5208
       3600       5207
       3601       5194
       3602       5193
       3603       5192
       3604       5191
       3605       5190
       3606       5189
       3607       5188
       3608       5187
       3609       5186
       3610       5185
       3611       5184
       3612       5183
       3613       5134
       3614       5133
       3615       5132
       3616       5131
       3617       5130
       3618       5129
       3619       5246
       3620       5245
       3621       5243
       3622       5239
       3623       5235
       3624       5231
       3625       9575
       3626      10454
       3627       9273
       3628      11262
       3629      11247
       3630      10911
       3631      11293
       3632       9279
       3633       9973
       3634      11298
       3635      11287
       3636      11297
       3637      10906
       3638       9059
       3639      11301
       3640      10914
       3641      11284
       3642       9576
       3643      10455
       3644       9278
       3645      11296
       3646      11286
       3647      11274
       3648      11300
       3649      11299
       3650      11654
       3651       9277
       3652       9572
       3653       9974
       3654      10912
       3655      11639
       3656      11295
       3657      11658
       3658      11629
       3659       9570
       3660       9969
       3661      10456
       3662      11285
       3663      11638
       3664      11653
       3665      11644
       3666      11657
       3667       9276
       3668       9966
       3669      10445
       3670      10913
       3671      11637
       3672      11936
       3673      11930
       3674      11659
       3675      11586
       3676       9569
       3677      10425
       3678      10896
       3679      11290
       3680      11935
       3681      11942
       3682      11945
       3683      11899
       3684       9511
       3685       9965
       3686      10877
       3687      11244
       3688      11643
       3689      12193
       3690      12185
       3691      11944
       3692      11898
       3693       9875
       3694      10426
       3695      10895
       3696      11289
       3697      11941
       3698      12200
       3699      12209
       3700      12170
       3701       9864
       3702      10259
       3703      10878
       3704      11245
       3705      11642
       3706      12199
       3707      12208
       3708      12207
       3709      12169
       3710       9944
       3711      10732
       3712      11242
       3713      11597
       3714      11940
       3715      12399
       3716      12412
       3717      12381
       3718       9939
       3719      10407
       3720      11142
       3721      11575
       3722      11911
       3723      12198
       3724      12411
       3725      12410
       3726      12210
       3727       9945
       3728      10854
       3729      11238
       3730      11885
       3731      11943
       3732      12398
       3733      12555
       3734      12415
       3735       9935
       3736      10410
       3737      11141
       3738      11583
       3739      11910
       3740      12203
       3741      12409
       3742      12554
       3743      12416
       3744       9951
       3745      10858
       3746      11237
       3747      11894
       3748      12166
       3749      12406
       3750      12553
       3751      12560
       3752       9943
       3753      10421
       3754      11224
       3755      11582
       3756      12158
       3757      12377
       3758      12550
       3759      12563
       3760      12566
       3761       9952
       3762      10857
       3763      11233
       3764      11893
       3765      12165
       3766      12405
       3767      12557
       3768      12565
       3769       9950
       3770      10423
       3771      11223
       3772      11581
       3773      12156
       3774      12376
       3775      12548
       3776      12570
       3777      12562
       3778      10418
       3779      10870
       3780      11232
       3781      11891
       3782      12164
       3783      12402
       3784      12556
       3785      12569
       3786       9949
       3787      10422
       3788      10871
       3789      11580
       3790      12153
       3791      12201
       3792      12413
       3793      12561
       3794      12568
       3795      10417
       3796      10869
       3797      11231
       3798      11887
       3799      12163
       3800      12401
       3801      12533
       3802      12567
       3803       5182
       3804       5181
       3805       5178
       3806       5173
       3807       5166
       3808       5162
       3809       5180
       3810       5179
       3811       5177
       3812       5172
       3813       5165
       3814       5161
       3815       5158
       3816       5157
       3817       5156
       3818       5155
       3819       5154
       3820       5153
       3821       5152
       3822       5151
       3823       5150
       3824       5149
       3825       5148
       3826       5147
       3827       5170
       3828       5169
       3829       5168
       3830       5167
       3831       5163
       3832       5159
       3833       5176
       3834       5175
       3835       5174
       3836       5171
       3837       5164
       3838       5160
       3839       5146
       3840       5145
       3841       5144
       3842       5143
       3843       5142
       3844       5141
       3845       5140
       3846       5139
       3847       5138
       3848       5137
       3849       5136
       3850       5135
       3851       5128
       3852       5127
       3853       5126
       3854       5125
       3855       5124
       3856       5123
       3857       5122
       3858       5121
       3859       5120
       3860       5119
       3861       5118
       3862       5117
       3863       5068
       3864       5067
       3865       5066
       3866       5065
       3867       5064
       3868       5063
       3869       9275
       3870      11652
       3871       9863
       3872      12168
       3873       9272
       3874      11292
       3875       9942
       3876      12564
       3877       9948
       3878      12659
       3879       9936
       3880      12414
       3881       9274
       3882       9509
       3883      11897
       3884      11294
       3885       9947
       3886      12658
       3887       9938
       3888      12380
       3889      11651
       3890       9946
       3891      12657
       3892       5104
       3893       5103
       3894       5102
       3895       5101
       3896       5097
       3897       5093
       3898       9566
       3899       9565
       3900       9574
       3901       9972
       3902      10453
       3903      10910
       3904      11273
       3905      11283
       3906      11282
       3907      11608
       3908      11607
       3909      11620
       3910      11618
       3911      11617
       3912       9568
       3913       9571
       3914       9573
       3915       9971
       3916      10452
       3917      10909
       3918      11278
       3919      11281
       3920      11636
       3921      11635
       3922      11634
       3923      11630
       3924      11656
       3925      11655
       3926       9567
       3927       9964
       3928       9968
       3929      10444
       3930      10894
       3931      10908
       3932      11277
       3933      11633
       3934      11929
       3935      11934
       3936      11933
       3937      11931
       3938      11956
       3939      11955
       3940      11954
       3941       9862
       3942       9963
       3943      10441
       3944      10876
       3945      10893
       3946      11261
       3947      11288
       3948      11632
       3949      11932
       3950      12192
       3951      12191
       3952      12190
       3953      12184
       3954      11953
       3955      11957
       3956      10289
       3957      10298
       3958      10424
       3959      10875
       3960      11241
       3961      11243
       3962      11596
       3963      11641
       3964      11939
       3965      12189
       3966      12394
       3967      12393
       3968      12206
       3969      12205
       3970      12204
       3971      10384
       3972      10383
       3973      10731
       3974      10874
       3975      11240
       3976      11592
       3977      11595
       3978      11909
       3979      11938
       3980      12196
       3981      12197
       3982      12397
       3983      12396
       3984      12408
       3985      12407
       3986      10382
       3987      10409
       3988      10760
       3989      11140
       3990      11501
       3991      11591
       3992      11884
       3993      11908
       3994      12176
       3995      12195
       3996      12395
       3997      12544
       3998      12543
       3999      12552
       4000      12534
       4001      10381
       4002      10408
       4003      10856
       4004      11220
       4005      11236
       4006      11590
       4007      11883
       4008      12151
       4009      12173
       4010      12202
       4011      12404
       4012      12542
       4013      12551
       4014      12651
       4015      12559
       4016      10406
       4017      10420
       4018      10855
       4019      11222
       4020      11235
       4021      11585
       4022      11892
       4023      12157
       4024      12364
       4025      12375
       4026      12403
       4027      12549
       4028      12650
       4029      12649
       4030      12654
       4031      10416
       4032      10419
       4033      10866
       4034      11221
       4035      11570
       4036      11584
       4037      11890
       4038      12155
       4039      12363
       4040      12374
       4041      12529
       4042      12547
       4043      12648
       4044      12652
       4045      12656
       4046      10415
       4047       5116
       4048       5115
       4049      10865
       4050      10868
       4051      11228
       4052      11230
       4053      11579
       4054      11889
       4055      12154
       4056      12362
       4057      12373
       4058       5112
       4059       5107
       4060       5100
       4061       5096
       4062      12400
       4063      12546
       4064      12545
       4065      12639
       4066      12655
       4067      10414
       4068      10413
       4069      10867
       4070      11229
       4071      11578
       4072      11886
       4073      12162
       4074      12370
       4075      12379
       4076      12532
       4077      12637
       4078       5114
       4079       5113
       4080       5111
       4081       5106
       4082       5099
       4083       5095
       4084       5092
       4085       5091
       4086       5090
       4087       5089
       4088       5088
       4089       5087
       4090       5086
       4091       5085
       4092       5084
       4093       5083
       4094       5082
       4095       5081
       4096       5080
       4097       5079
       4098       5078
       4099       5077
       4100       5076
       4101       5075
       4102       5074
       4103       5073
       4104       5072
       4105       5071
       4106       5070
       4107       5069
       4108       5062
       4109       5061
       4110       5060
       4111       5059
       4112       5058
       4113       5057
       4114       5056
       4115       5055
       4116       5054
       4117       5053
       4118       5052
       4119       5051
       4120       9940
       4121      12558
       4122       5110
       4123       5109
       4124       5108
       4125       5105
       4126       5098
       4127       5094
       4128       9510
       4129      11650
       4130       9861
       4131       9271
       4132      12167
       4133      11291
       4134       9941
       4135      12653
       4136       9937
       4137      12531
       4138      10401
       4139      12705
       4140       9520
       4141       9872
       4142      11950
       4143      11649
       4144       5050
       4145       5049
       4146       5046
       4147       5041
       4148       5030
       4149       5025
       4150       9564
       4151       9960
       4152       9959
       4153       9970
       4154      10451
       4155      10905
       4156      11272
       4157      11280
       4158      11279
       4159      11606
       4160      11605
       4161      11619
       4162      11616
       4163      11647
       4164      11648
       4165       5038
       4166       5037
       4167       5034
       4168       5032
       4169       5027
       4170       5022
       4171       9563
       4172       9961
       4173       9967
       4174      10442
       4175      10450
       4176      10907
       4177      11271
       4178      11628
       4179      11627
       4180      11626
       4181      11917
       4182      11922
       4183      11921
       4184       9874
       4185       9962
       4186      10440
       4187      10443
       4188      10892
       4189      11260
       4190      11276
       4191      11631
       4192      11928
       4193      11927
       4194      11926
       4195      10287
       4196      10297
       4197      10763
       4198      10888
       4199      10891
       4200      11259
       4201      11615
       4202      11640
       4203      11925
       4204      12188
       4205      12187
       4206      12186
       4207      12183
       4208      12218
       4209      12217
       4210      10285
       4211      12378
       4212      10288
       4213      10765
       4214      11239
       4215      11594
       4216      11937
       4217      12392
       4218      12391
       4219      12222
       4220      12221
       4221      10380
       4222      10759
       4223      10764
       4224      11158
       4225      11500
       4226      11589
       4227      11593
       4228      11907
       4229      12175
       4230      12194
       4231      12390
       4232      12541
       4233      12540
       4234      12429
       4235      12382
       4236      10379
       4237      10834
       4238      11835
       4239      11906
       4240      12172
       4241      12386
       4242      12535
       4243      10405
       4244      10730
       4245      11139
       4246      11499
       4247      11905
       4248      12174
       4249      12385
       4250      12539
       4251      12647
       4252      12646
       4253      12645
       4254      10398
       4255      12704
       4256      10404
       4257      10853
       4258      11219
       4259      11569
       4260      11896
       4261      12361
       4262      12372
       4263      12528
       4264      12644
       4265      12701
       4266      12700
       4267      10412
       4268      10864
       4269      11218
       4270      11567
       4271      11568
       4272      11881
       4273      11895
       4274      12150
       4275      12360
       4276      12520
       4277      12527
       4278      12634
       4279      12643
       4280      12699
       4281      10851
       4282      10863
       4283      11226
       4284      11574
       4285      11577
       4286      11888
       4287      12359
       4288      12526
       4289      12640
       4290      12698
       4291      12703
       4292      10862
       4293      10861
       4294      11227
       4295      11573
       4296      11576
       4297      12152
       4298      12369
       4299      12633
       4300      12638
       4301      12694
       4302      12693
       4303       5048
       4304       5047
       4305       5045
       4306       5040
       4307       5029
       4308       5024
       4309      10400
       4310      12702
       4311      10373
       4312      12636
       4313       5044
       4314       5043
       4315       5042
       4316       5039
       4317       5028
       4318       5023
       4319       5020
       4320       5019
       4321       5018
       4322       5017
       4323       5016
       4324       5015
       4325       5014
       4326       5013
       4327       5012
       4328       5011
       4329       5010
       4330       5009
       4331       5008
       4332       5007
       4333       5006
       4334       5005
       4335       5004
       4336       5003
       4337       5002
       4338       5001
       4339       5000
       4340       4999
       4341       4998
       4342       4997
       4343       4996
       4344       4995
       4345       4994
       4346       4993
       4347       4992
       4348       4991
       4349       4990
       4350       4989
       4351       4988
       4352       4987
       4353       4986
       4354       4985
       4355       9873
       4356      10439
       4357      10890
       4358      11275
       4359      11625
       4360      12181
       4361      11952
       4362      10758
       4363      11157
       4364      11257
       4365      11902
       4366      12182
       4367      12389
       4368      12220
       4369      10829
       4370      11156
       4371      11588
       4372      11904
       4373      12384
       4374      12538
       4375      12537
       4376       9270
       4377      11419
       4378       5036
       4379       5035
       4380       5033
       4381       5031
       4382       5026
       4383       5021
       4384       9871
       4385      10843
       4386      11498
       4387      11834
       4388      12161
       4389      12366
       4390      12536
       4391      11949
       4392      12642
       4393      10286
       4394      12216
       4395      10850
       4396      11566
       4397      11880
       4398      12149
       4399      12368
       4400      12623
       4401      12689
       4402      10392
       4403      12692
       4404      10374
       4405      12530
       4406      10399
       4407      12721
       4408       9562
       4409       9958
       4410       9957
       4411      10434
       4412      10449
       4413      10904
       4414      10903
       4415      11270
       4416      11602
       4417      11604
       4418      11916
       4419      11915
       4420      11645
       4421      11646
       4422      11773
       4423       9889
       4424       9956
       4425      10438
       4426      10437
       4427      10448
       4428      10900
       4429      11269
       4430      11268
       4431      11624
       4432      11914
       4433      11948
       4434      11951
       4435      10295
       4436      10296
       4437      10762
       4438      10887
       4439      10889
       4440      11258
       4441      11614
       4442      11623
       4443      11924
       4444      11923
       4445      10294
       4446      11256
       4447      11920
       4448      10757
       4449      11613
       4450      12388
       4451      12427
       4452      10756
       4453      11521
       4454      12171
       4455      12428
       4456      12430
       4457      10828
       4458      11903
       4459      12579
       4460      12580
       4461      10403
       4462      10852
       4463      11212
       4464      12114
       4465      12371
       4466      12523
       4467      12626
       4468      12641
       4469      12664
       4470      10842
       4471      12625
       4472      12685
       4473      12697
       4474      12696
       4475      10849
       4476      12358
       4477      12684
       4478      12695
       4479      12720
       4480      10848
       4481      11217
       4482      12632
       4483      12688
       4484      12715
       4485      12719
       4486      10847
       4487      11572
       4488      12148
       4489      12330
       4490      12631
       4491      12686
       4492      12714
       4493       4969
       4494       4968
       4495       4967
       4496       4963
       4497       4961
       4498       4956
       4499       9519
       4500      11772
       4501       4984
       4502       4983
       4503       4982
       4504       4978
       4505       4972
       4506       4959
       4507       9870
       4508      12215
       4509       4981
       4510       4980
       4511       4979
       4512       4977
       4513       4971
       4514       4958
       4515       4976
       4516       4975
       4517       4974
       4518       4973
       4519       4970
       4520       4957
       4521      10284
       4522      12426
       4523       4954
       4524       4953
       4525       4952
       4526       4951
       4527       4950
       4528       4949
       4529       4948
       4530       4947
       4531       4946
       4532       4945
       4533       4944
       4534       4943
       4535      10372
       4536      12635
       4537       4942
       4538       4941
       4539       4940
       4540       4939
       4541       4938
       4542       4937
       4543      10397
       4544      12718
       4545       4936
       4546       4935
       4547       4934
       4548       4933
       4549       4932
       4550       4931
       4551       4930
       4552       4929
       4553       4928
       4554       4927
       4555       4926
       4556       4925
       4557      10395
       4558      12717
       4559      11882
       4560       4906
       4561       4905
       4562       4902
       4563       4900
       4564       4894
       4565       4891
       4566       9518
       4567      11767
       4568       4966
       4569       4965
       4570       4964
       4571       4962
       4572       4960
       4573       4955
       4574       9869
       4575      12054
       4576      10283
       4577      12425
       4578      10371
       4579      12573
       4580      10391
       4581      12691
       4582      10396
       4583      12724
       4584      12519
       4585       4913
       4586       4912
       4587       4911
       4588       4907
       4589       4884
       4590       4883
       4591       4882
       4592       4881
       4593       9888
       4594       9955
       4595      10433
       4596      10432
       4597      10447
       4598      10899
       4599      10902
       4600      10901
       4601      11264
       4602      11601
       4603      11603
       4604      11771
       4605      11770
       4606      11947
       4607      12050
       4608       9887
       4609      10317
       4610      10436
       4611      10886
       4612      10885
       4613      10898
       4614      11266
       4615      11267
       4616      11622
       4617      11913
       4618      12053
       4619      12214
       4620      10293
       4621      10316
       4622      10435
       4623      10884
       4624      11255
       4625      11265
       4626      11621
       4627      12213
       4628      10292
       4629      10761
       4630      10873
       4631      11168
       4632      11254
       4633      11612
       4634      11919
       4635      12180
       4636      12219
       4637       4921
       4638       4920
       4639       4916
       4640       4910
       4641      10755
       4642      11234
       4643      11587
       4644      11609
       4645      11918
       4646      12179
       4647      12178
       4648      12387
       4649      10754
       4650      11155
       4651      11520
       4652      11850
       4653      11901
       4654      12160
       4655      12355
       4656      12383
       4657      12421
       4658      12578
       4659      10827
       4660      11205
       4661      12125
       4662      12518
       4663      12577
       4664      10402
       4665      10841
       4666      11204
       4667      11497
       4668      11564
       4669      11849
       4670      12124
       4671      12159
       4672      12367
       4673      12522
       4674      12622
       4675      12624
       4676      12663
       4677      10840
       4678      11216
       4679      11563
       4680      12113
       4681      12338
       4682      12365
       4683      12521
       4684      12621
       4685      12683
       4686      12709
       4687      10846
       4688      11215
       4689      11879
       4690      12146
       4691      12357
       4692      12616
       4693      12682
       4694      12713
       4695      10845
       4696      11565
       4697      12147
       4698      12356
       4699      12630
       4700      12687
       4701      10844
       4702      11225
       4703      11214
       4704      11571
       4705      12111
       4706      12144
       4707      12329
       4708      12503
       4709      12525
       4710      12629
       4711      12723
       4712       4918
       4713       4917
       4714       4914
       4715       4908
       4716       4888
       4717       4887
       4718       4886
       4719       4885
       4720       4876
       4721       4875
       4722       4874
       4723       4873
       4724       4872
       4725       4871
       4726       4870
       4727       4869
       4728       4904
       4729       4903
       4730       4901
       4731       4899
       4732       4893
       4733       4890
       4734       9550
       4735      12049
       4736       4924
       4737       4923
       4738       4922
       4739       4919
       4740       4915
       4741       4909
       4742       9868
       4743      12291
       4744       4880
       4745       4879
       4746       4878
       4747       4877
       4748      10282
       4749      12424
       4750      10370
       4751      12662
       4752      10394
       4753      12716
       4754      10393
       4755      12725
       4756       9917
       4757      10431
       4758      11253
       4759      11263
       4760      11946
       4761      12290
       4762      10753
       4763      10872
       4764      11530
       4765      11611
       4766      12139
       4767      12177
       4768      12423
       4769      11912
       4770      10826
       4771      11154
       4772      11848
       4773      11900
       4774      12354
       4775      12517
       4776      12576
       4777      10839
       4778      11211
       4779      11878
       4780      12123
       4781      12507
       4782      12516
       4783      10860
       4784      11562
       4785      11877
       4786      12145
       4787      12502
       4788      12619
       4789      12712
       4790      12681
       4791       4850
       4792       4849
       4793       4846
       4794       4844
       4795       4842
       4796       4835
       4797       9517
       4798      11766
       4799       4898
       4800       4897
       4801       4896
       4802       4895
       4803       4892
       4804       4889
       4805       9867
       4806      12289
       4807      12620
       4808      10281
       4809       4860
       4810       4859
       4811       4856
       4812       4852
       4813      12422
       4814      10369
       4815      12572
       4816       4832
       4817       4831
       4818       4828
       4819       4826
       4820       4865
       4821       4864
       4822       4862
       4823       4854
       4824      10390
       4825      12690
       4826       9886
       4827       9954
       4828      10430
       4829      10429
       4830      10446
       4831      10882
       4832      10897
       4833      11252
       4834      11599
       4835      11600
       4836      11763
       4837      11768
       4838      11769
       4839      12052
       4840      12048
       4841      10411
       4842      12722
       4843       9916
       4844      10315
       4845      10428
       4846      10778
       4847      10883
       4848      11251
       4849      12051
       4850      10291
       4851      10335
       4852      10776
       4853      10777
       4854      11171
       4855      11610
       4856      11869
       4857      12046
       4858      12288
       4859      10290
       4860      10793
       4861      11170
       4862      11868
       4863      12278
       4864      10752
       4865      11153
       4866      11167
       4867      11529
       4868      11857
       4869      11875
       4870      12138
       4871      12352
       4872      12277
       4873      12419
       4874      10751
       4875      11519
       4876      11528
       4877      12131
       4878      12143
       4879      12418
       4880      12420
       4881      12575
       4882      10825
       4883      11518
       4884      11847
       4885      12130
       4886      12349
       4887      12515
       4888      12574
       4889      10824
       4890      11203
       4891      11558
       4892      12122
       4893      12342
       4894      12514
       4895      12513
       4896      10833
       4897      11210
       4898      11561
       4899      11845
       4900      12121
       4901      12340
       4902      12506
       4903      12615
       4904      12617
       4905      12680
       4906      10832
       4907      11560
       4908      12337
       4909      12505
       4910      12679
       4911      10837
       4912      11213
       4913      11559
       4914      11833
       4915      12112
       4916      12336
       4917      12335
       4918      12614
       4919      12628
       4920      12678
       4921      10859
       4922      11208
       4923      11496
       4924      11832
       4925      12110
       4926      12328
       4927      12501
       4928      12524
       4929      12627
       4930      12676
       4931      12711
       4932       4824
       4933       4823
       4934       4820
       4935       4818
       4936       4816
       4937       4815
       4938       4814
       4939       4813
       4940       4848
       4941       4847
       4942       4845
       4943       4843
       4944       4841
       4945       4834
       4946       9549
       4947      12047
       4948       4868
       4949       4867
       4950       4866
       4951       4863
       4952       4861
       4953       4853
       4954       4830
       4955       4829
       4956       4827
       4957       4825
       4958       9866
       4959      12287
       4960       4858
       4961       4857
       4962       4855
       4963       4851
       4964      11169
       4965      11867
       4966      12212
       4967        306
       4968        305
       4969      10280
       4970      12476
       4971        304
       4972        303
       4973      10368
       4974        298
       4975        297
       4976      12661
       4977      11557
       4978      12341
       4979      12512
       4980        290
       4981        289
       4982      10378
       4983      12708
       4984        278
       4985        277
       4986        264
       4987        263
       4988      10388
       4989      12707
       4990       4822
       4991       4821
       4992       4819
       4993       4817
       4994      11495
       4995      12109
       4996      12610
       4997        144
       4998        143
       4999        142
       5000        141
       5001      12032
       5002       9885
       5003       9953
       5004      10311
       5005      10310
       5006      10427
       5007      10804
       5008      10880
       5009      11246
       5010      11417
       5011      11418
       5012      11762
       5013      11761
       5014      12044
       5015      12043
       5016      12042
       5017       9884
       5018      10314
       5019      10313
       5020      10775
       5021      10786
       5022      10881
       5023      11250
       5024      11249
       5025      11598
       5026      11755
       5027      11764
       5028      12045
       5029      12041
       5030      12286
       5031      10278
       5032      10312
       5033      10342
       5034      10798
       5035      11166
       5036      11248
       5037      11544
       5038      11864
       5039      12036
       5040      12285
       5041      10277
       5042      10750
       5043      10749
       5044      10797
       5045      11179
       5046      11527
       5047      11555
       5048      11545
       5049      11866
       5050      12137
       5051      12136
       5052      12276
       5053      12284
       5054      12475
       5055      10748
       5056      11151
       5057      11176
       5058        136
       5059        135
       5060      11526
       5061      11855
       5062      11865
       5063      12135
       5064      12211
       5065      12304
       5066      12474
       5067      10366
       5068      10823
       5069      11152
       5070      11517
       5071      11516
       5072      11846
       5073      11856
       5074      12129
       5075      12142
       5076      12351
       5077      12350
       5078      12417
       5079      12473
       5080      12601
       5081      10822
       5082      11202
       5083      11515
       5084      12128
       5085      12353
       5086      12511
       5087       4794
       5088       4793
       5089       4790
       5090       4788
       5091       4786
       5092       4784
       5093      10376
       5094      10831
       5095      11201
       5096      11514
       5097      11843
       5098      12120
       5099      12348
       5100      12509
       5101      12618
       5102       9516
       5103      11765
       5104      10830
       5105      11165
       5106      11525
       5107      11844
       5108      12119
       5109      12339
       5110      12343
       5111      12508
       5112      12609
       5113      12674
       5114       4840
       5115       4839
       5116       4838
       5117       4837
       5118       4836
       5119       4833
       5120      10389
       5121      10838
       5122      11209
       5123      11511
       5124      11556
       5125      11876
       5126      12118
       5127      12334
       5128      12333
       5129      12504
       5130      12613
       5131      12612
       5132      12677
       5133      12710
       5134       9865
       5135      12283
       5136      10836
       5137      11148
       5138      11510
       5139      11831
       5140      12108
       5141      12107
       5142      12332
       5143      12500
       5144      12611
       5145      12604
       5146      12673
       5147      10387
       5148      10835
       5149      11207
       5150      11206
       5151      11494
       5152      11830
       5153      12106
       5154      12105
       5155      12327
       5156      12496
       5157      12603
       5158      12675
       5159      10279
       5160      12472
       5161       4809
       5162       4808
       5163       4806
       5164       4804
       5165       4802
       5166       4801
       5167       4800
       5168       4796
       5169      10367
       5170      12571
       5171       4776
       5172       4775
       5173       4774
       5174       4770
       5175      10377
       5176      12672
       5177      10386
       5178      12706
       5179       4768
       5180       4767
       5181       4766
       5182       4762
       5183        302
       5184        301
       5185        140
       5186        139
       5187        288
       5188        287
       5189       9915
       5190      10341
       5191      11174
       5192      11186
       5193      11863
       5194      12024
       5195      12282
       5196      10747
       5197      10795
       5198      11537
       5199      11542
       5200      12134
       5201      12081
       5202      12471
       5203      10821
       5204      11196
       5205      11842
       5206      11874
       5207      12141
       5208      12489
       5209      12600
       5210        246
       5211        245
       5212        128
       5213        127
       5214      10816
       5215      11524
       5216      11854
       5217      12127
       5218      12347
       5219      12510
       5220      12671
       5221        276
       5222        275
       5223      10774
       5224      11509
       5225      11841
       5226      12104
       5227      12331
       5228      12591
       5229      12670
       5230        262
       5231        261
       5232        296
       5233        295
       5234       4792
       5235       4791
       5236       4789
       5237       4787
       5238       4785
       5239       4783
       5240       9548
       5241      12035
       5242       4812
       5243       4811
       5244       4810
       5245       4807
       5246       4805
       5247       4803
       5248       9860
       5249      12281
       5250       4799
       5251       4798
       5252       4797
       5253       4795
       5254        300
       5255        299
       5256      10275
       5257      12470
       5258       4773
       5259       4772
       5260       4771
       5261       4769
       5262      10365
       5263      12602
       5264        138
       5265        137
       5266       4765
       5267       4764
       5268       4763
       5269       4761
       5270      10375
       5271      12669
       5272      10385
       5273      12660
       5274       4760
       5275       4759
       5276       4758
       5277       4757
       5278        134
       5279        133
       5280       9883
       5281       9882
       5282      10309
       5283      10308
       5284      10344
       5285      10803
       5286      10879
       5287      11182
       5288      11416
       5289      11540
       5290      11760
       5291      11759
       5292      12040
       5293      12039
       5294      12038
       5295       9914
       5296       9921
       5297      10340
       5298      10339
       5299      10785
       5300      11185
       5301      11184
       5302      11541
       5303      11758
       5304      12037
       5305       9913
       5306      10334
       5307      10338
       5308      10796
       5309      11543
       5310      10276
       5311        126
       5312      10792
       5313        125
       5314      11178
       5315      11534
       5316      11862
       5317      12078
       5318      12280
       5319      10746
       5320      10745
       5321      11150
       5322      11536
       5323      11859
       5324      12133
       5325      12132
       5326      12305
       5327      12488
       5328      10815
       5329      12140
       5330      12346
       5331      12487
       5332      10814
       5333      11195
       5334      12345
       5335      12486
       5336      12606
       5337      10773
       5338      12344
       5339      12499
       5340      10772
       5341      11164
       5342      11840
       5343      12117
       5344      12319
       5345      12498
       5346      12497
       5347      12668
       5348      10741
       5349      12326
       5350      12325
       5351      12495
       5352      11147
       5353      11512
       5354      12103
       5355      12324
       5356      12323
       5357      12494
       5358      12608
       5359        132
       5360        131
       5361       4738
       5362       4737
       5363       4734
       5364       4732
       5365       4730
       5366       4728
       5367       9515
       5368      11757
       5369       4782
       5370       4781
       5371       4780
       5372       4779
       5373       4778
       5374       4777
       5375       9547
       5376      12279
       5377       4753
       5378       4752
       5379       4750
       5380       4748
       5381      10274
       5382        118
       5383        117
       5384      12469
       5385       4746
       5386       4745
       5387       4744
       5388       4743
       5389      10362
       5390      12477
       5391        294
       5392        293
       5393       4720
       5394       4719
       5395       4718
       5396       4717
       5397        286
       5398        285
       5399      10359
       5400      12667
       5401      10306
       5402      12666
       5403       4712
       5404       4711
       5405       4710
       5406       4709
       5407        274
       5408        273
       5409        260
       5410        259
       5411        244
       5412        243
       5413      12322
       5414        116
       5415        115
       5416        130
       5417        129
       5418       4736
       5419       4735
       5420       4733
       5421       4731
       5422       4729
       5423       4727
       5424       9546
       5425      12034
       5426       4756
       5427       4755
       5428       4754
       5429       4751
       5430       4749
       5431       4747
       5432       9859
       5433      12275
       5434       4742
       5435       4741
       5436       4740
       5437       4739
       5438        292
       5439        291
       5440      10273
       5441      12466
       5442       4716
       5443       4715
       5444       4714
       5445       4713
       5446        284
       5447        283
       5448      10361
       5449      12599
       5450       4708
       5451       4707
       5452       4706
       5453       4705
       5454      10307
       5455      12592
       5456      10270
       5457      12587
       5458       4704
       5459       4703
       5460       4702
       5461       4701
       5462        124
       5463        123
       5464       9545
       5465       9881
       5466      10221
       5467      10220
       5468      10343
       5469      10802
       5470      10801
       5471      11181
       5472      11180
       5473      11397
       5474      11738
       5475      11754
       5476      12031
       5477      12030
       5478      12033
       5479      12607
       5480       9912
       5481       9920
       5482      10219
       5483      10337
       5484      10689
       5485      10800
       5486      11031
       5487      11391
       5488      11393
       5489      11735
       5490      11737
       5491      12023
       5492      12029
       5493      12273
       5494       9911
       5495       9919
       5496      10336
       5497      10687
       5498      10799
       5499      11183
       5500      11734
       5501      12022
       5502      12272
       5503       9932
       5504      10333
       5505      10791
       5506      10794
       5507      10820
       5508      11177
       5509      11533
       5510      11539
       5511      11538
       5512      11860
       5513      12077
       5514      12264
       5515      12271
       5516      12465
       5517      10358
       5518      10790
       5519      11175
       5520        122
       5521        121
       5522      11200
       5523      11535
       5524      11858
       5525      11861
       5526      12080
       5527      12303
       5528      12464
       5529      10360
       5530      10813
       5531      10817
       5532      11194
       5533      11513
       5534      11553
       5535      11554
       5536      11873
       5537      12074
       5538      12079
       5539      12302
       5540      12485
       5541      12484
       5542      12598
       5543      10812
       5544      12301
       5545      10811
       5546      11193
       5547      11552
       5548      11872
       5549      12126
       5550      12321
       5551      12483
       5552      12597
       5553      10770
       5554      11163
       5555      11523
       5556      11522
       5557      11853
       5558      12116
       5559      12318
       5560      12320
       5561      12482
       5562      12605
       5563      10305
       5564      10771
       5565      11162
       5566      11508
       5567      11507
       5568      11839
       5569      11838
       5570      12115
       5571      12317
       5572      12316
       5573      12449
       5574      12590
       5575      12589
       5576      12665
       5577      10739
       5578      11146
       5579      11828
       5580      12102
       5581      12315
       5582      12314
       5583      12448
       5584      12593
       5585      10269
       5586      10740
       5587      11491
       5588      11829
       5589      12101
       5590      12100
       5591      12313
       5592      12493
       5593      12492
       5594        104
       5595        103
       5596        102
       5597        101
       5598        272
       5599        271
       5600        258
       5601        257
       5602        242
       5603        241
       5604        228
       5605        227
       5606       4682
       5607       4681
       5608       4678
       5609       4676
       5610       4674
       5611       4672
       5612       9267
       5613      11756
       5614       4726
       5615       4725
       5616       4724
       5617       4723
       5618       4722
       5619       4721
       5620       9544
       5621      12270
       5622       4697
       5623       4696
       5624       4694
       5625       4692
       5626       9931
       5627      12463
       5628       4690
       5629       4689
       5630       4688
       5631       4687
       5632      10354
       5633      12468
       5634        282
       5635        281
       5636       4664
       5637       4663
       5638       4662
       5639       4661
       5640      10352
       5641      12588
       5642       9561
       5643      10222
       5644      11104
       5645      11390
       5646      11733
       5647      12021
       5648      12269
       5649       4656
       5650       4655
       5651       4654
       5652       4653
       5653      10303
       5654      12586
       5655      10357
       5656      10789
       5657      11199
       5658      11532
       5659      11806
       5660      12076
       5661      12462
       5662      10809
       5663      11192
       5664      11551
       5665      11871
       5666      12073
       5667      12481
       5668      12596
       5669      10810
       5670      11191
       5671      11550
       5672      11852
       5673      12099
       5674      12480
       5675      12595
       5676      10766
       5677      11490
       5678      11827
       5679      12090
       5680      12096
       5681      12452
       5682      12585
       5683        112
       5684        111
       5685        120
       5686        119
       5687        114
       5688        113
       5689       9554
       5690       9828
       5691      10218
       5692      10217
       5693      10224
       5694      10692
       5695      10691
       5696      11033
       5697      11035
       5698      11396
       5699      11415
       5700      11753
       5701      11752
       5702      12028
       5703      12027
       5704       9553
       5705       9918
       5706      10216
       5707      10686
       5708      10688
       5709      11107
       5710      11392
       5711       4680
       5712       4679
       5713      11736
       5714      11748
       5715      12026
       5716       4677
       5717       4675
       5718       4673
       5719       4671
       5720       9543
       5721      12019
       5722       9560
       5723       9934
       5724      10332
       5725      10685
       5726      11103
       5727      11466
       5728      11719
       5729      12020
       5730      12268
       5731       9930
       5732      10364
       5733      10788
       5734      11102
       5735      11462
       5736      11465
       5737      11803
       5738      12008
       5739      12263
       5740      12267
       5741       4700
       5742       4699
       5743       4698
       5744       4695
       5745       4693
       5746       4691
       5747      12097
       5748       9558
       5749      12266
       5750      10356
       5751      10787
       5752      10819
       5753      11198
       5754      11531
       5755      11802
       5756      12072
       5757      12075
       5758      12262
       5759      12461
       5760      10355
       5761      10805
       5762      11149
       5763      11197
       5764      11548
       5765      11804
       5766      12071
       5767      12300
       5768      12299
       5769      12460
       5770       4686
       5771       4685
       5772       4684
       5773       4683
       5774        280
       5775        279
       5776       9933
       5777      12459
       5778      10808
       5779      11190
       5780      11445
       5781      11870
       5782      12098
       5783      12479
       5784      12457
       5785      10807
       5786      11189
       5787      11851
       5788      12298
       5789      12478
       5790      12456
       5791      12594
       5792       4660
       5793       4659
       5794       4658
       5795       4657
       5796      10353
       5797      12467
       5798      10769
       5799      11161
       5800      11160
       5801      11506
       5802      11549
       5803      11837
       5804      12584
       5805      10768
       5806      11159
       5807      11489
       5808      11505
       5809      11836
       5810      12095
       5811      12094
       5812      12297
       5813      12451
       5814      12583
       5815       4652
       5816       4651
       5817       4650
       5818       4649
       5819      10304
       5820      10729
       5821      12582
       5822      11488
       5823      11493
       5824      12093
       5825      12092
       5826      12450
       5827      12491
       5828      11137
       5829      11487
       5830      11492
       5831      11826
       5832      11825
       5833      12089
       5834      12244
       5835      12312
       5836       4648
       5837       4647
       5838       4646
       5839       4645
       5840        270
       5841        269
       5842      10268
       5843      12447
       5844         98
       5845         97
       5846         88
       5847         87
       5848        110
       5849        109
       5850        256
       5851        255
       5852        240
       5853        239
       5854        226
       5855        225
       5856         96
       5857         95
       5858      10684
       5859      11464
       5860      12017
       5861      11188
       5862      12067
       5863      12294
       5864       4626
       5865       4625
       5866       4622
       5867       4620
       5868       4618
       5869       4616
       5870       9266
       5871      11750
       5872      11138
       5873      11818
       5874      12311
       5875       4670
       5876       4669
       5877       4668
       5878       4667
       5879       4666
       5880       4665
       5881       9269
       5882      12018
       5883       4641
       5884       4640
       5885       4638
       5886       4636
       5887       9929
       5888      12261
       5889       4634
       5890       4633
       5891       4632
       5892       4631
       5893        268
       5894        267
       5895      10349
       5896      12455
       5897       4608
       5898       4607
       5899       4606
       5900       4605
       5901      10347
       5902      12454
       5903       4600
       5904       4599
       5905       4598
       5906       4597
       5907      10302
       5908      12446
       5909        108
       5910        107
       5911        106
       5912        105
       5913         84
       5914         83
       5915       9552
       5916       9827
       5917      10215
       5918      10214
       5919      10223
       5920      10237
       5921      10712
       5922      11032
       5923      11034
       5924      11395
       5925      11412
       5926      11747
       5927      11746
       5928      11751
       5929      11749
       5930       9551
       5931       9910
       5932      10213
       5933      10212
       5934      10683
       5935      10690
       5936      11106
       5937      11120
       5938      11119
       5939      11394
       5940      11411
       5941      11745
       5942      11744
       5943      12025
       5944       9559
       5945       9909
       5946      10331
       5947      10682
       5948      10784
       5949      11105
       5950      11118
       5951      11471
       5952      11732
       5953      11743
       5954      12016
       5955       9905
       5956      10329
       5957      10330
       5958      10363
       5959      10818
       5960      11173
       5961      11461
       5962      11463
       5963      11470
       5964      11805
       5965      11799
       5966      12007
       5967      12015
       5968      12265
       5969        100
       5970         99
       5971      10272
       5972      10744
       5973      10781
       5974      11172
       5975      11460
       5976      11801
       5977      11800
       5978      12070
       5979      12059
       5980      12260
       5981       9928
       5982      10350
       5983      10743
       5984      10742
       5985      11082
       5986      11444
       5987      11547
       5988      11546
       5989      11824
       5990      12069
       5991      12068
       5992      12293
       5993      12259
       5994      12458
       5995      10348
       5996      11081
       5997      11823
       5998      12292
       5999      12257
       6000      10351
       6001      10806
       6002      11443
       6003      11792
       6004      12066
       6005      12295
       6006      12445
       6007      12444
       6008      12453
       6009      10724
       6010      11135
       6011      11134
       6012      11187
       6013      11504
       6014      11822
       6015      12065
       6016      12296
       6017      12443
       6018      12442
       6019      10301
       6020      10767
       6021      11133
       6022      11145
       6023      11144
       6024      11503
       6025      11502
       6026      11820
       6027      11821
       6028      12091
       6029      12242
       6030      12441
       6031      12440
       6032      12581
       6033      10727
       6034      11136
       6035      11132
       6036      11478
       6037      11817
       6038      11819
       6039      11815
       6040      12243
       6041      12310
       6042      12438
       6043      10258
       6044      10728
       6045      11131
       6046      11486
       6047      11816
       6048      11814
       6049      11985
       6050      12088
       6051      12309
       6052      12490
       6053       4624
       6054       4623
       6055       4621
       6056       4619
       6057       4617
       6058       4615
       6059        254
       6060        253
       6061       9265
       6062      11731
       6063       4644
       6064       4643
       6065       4642
       6066       4639
       6067       4637
       6068       4635
       6069        238
       6070        237
       6071       9557
       6072      12014
       6073        224
       6074        223
       6075        210
       6076        209
       6077       4630
       6078       4629
       6079       4628
       6080       4627
       6081        252
       6082        251
       6083        266
       6084        265
       6085       9926
       6086      12258
       6087         94
       6088         93
       6089       4604
       6090       4603
       6091       4602
       6092       4601
       6093       9927
       6094      12274
       6095         74
       6096         73
       6097       4596
       6098       4595
       6099       4594
       6100       4593
       6101      10253
       6102      12439
       6103       4592
       6104       4591
       6105       4590
       6106       4589
       6107      10256
       6108      12308
       6109         82
       6110         81
       6111       9542
       6112      10208
       6113      10783
       6114      10711
       6115      11469
       6116      11453
       6117      12013
       6118      10271
       6119      10326
       6120      11100
       6121      11459
       6122      11798
       6123      11797
       6124      12256
       6125      10346
       6126      10674
       6127      11442
       6128      11485
       6129      12064
       6130      12061
       6131      12255
       6132      10723
       6133      11080
       6134      11441
       6135      11791
       6136      12063
       6137      12241
       6138      12437
       6139      10726
       6140      10738
       6141      11477
       6142      11482
       6143      11984
       6144      12236
       6145      12436
       6146       4570
       6147       4569
       6148       4566
       6149       4564
       6150       4562
       6151       4560
       6152       9264
       6153      11413
       6154       4614
       6155       4613
       6156       4612
       6157       4611
       6158       4610
       6159       4609
       6160       9268
       6161      12012
       6162         92
       6163         91
       6164       4585
       6165       4584
       6166       4582
       6167       4580
       6168       9858
       6169      12254
       6170        250
       6171        249
       6172       4578
       6173       4577
       6174       4576
       6175       4575
       6176       9925
       6177      12253
       6178       4552
       6179       4551
       6180       4550
       6181       4549
       6182      10252
       6183      12435
       6184       4544
       6185       4543
       6186       4542
       6187       4541
       6188      10255
       6189      12434
       6190         70
       6191         69
       6192         90
       6193         89
       6194      12249
       6195       9541
       6196       9826
       6197       9825
       6198      10211
       6199      10210
       6200      10236
       6201      10235
       6202      10710
       6203      10708
       6204      11046
       6205      11045
       6206      11410
       6207      11414
       6208      11742
       6209      11741
       6210       9540
       6211       9908
       6212       9907
       6213      10209
       6214      10327
       6215      10681
       6216      10709
       6217      11117
       6218      11114
       6219      11409
       6220      11740
       6221       9537
       6222       9906
       6223      10325
       6224      10328
       6225      10680
       6226      11101
       6227      11468
       6228       9904
       6229      10324
       6230      10780
       6231      10782
       6232      11109
       6233      11467
       6234      11796
       6235      12011
       6236      10173
       6237      10172
       6238      10645
       6239      11098
       6240      11458
       6241      11794
       6242      12058
       6243      12252
       6244      10345
       6245      10251
       6246      12240
       6247         86
       6248         85
       6249      10300
       6250      10299
       6251      10737
       6252      11143
       6253      11483
       6254      11813
       6255      12239
       6256      12433
       6257      10257
       6258      10725
       6259      11130
       6260      11480
       6261      11693
       6262      12087
       6263      12307
       6264        222
       6265        221
       6266        208
       6267        207
       6268         80
       6269         79
       6270        236
       6271        235
       6272        234
       6273        233
       6274       4568
       6275       4567
       6276       4565
       6277       4563
       6278       4561
       6279       4559
       6280       9263
       6281      11728
       6282         68
       6283         67
       6284       4588
       6285       4587
       6286       4586
       6287       4583
       6288       4581
       6289       4579
       6290       9535
       6291      12010
       6292       4574
       6293       4573
       6294       4572
       6295       4571
       6296        248
       6297        247
       6298         58
       6299         57
       6300       9792
       6301      12251
       6302       4548
       6303       4547
       6304       4546
       6305       4545
       6306       9924
       6307      12248
       6308       4540
       6309       4539
       6310       4538
       6311       4537
       6312       9880
       6313      12432
       6314       4536
       6315       4535
       6316       4534
       6317       4533
       6318       9853
       6319      12233
       6320         78
       6321         77
       6322         54
       6323         53
       6324       4514
       6325       4513
       6326       4510
       6327       4508
       6328       4506
       6329       4504
       6330       9262
       6331      11407
       6332       4558
       6333       4557
       6334       4556
       6335       4555
       6336       4554
       6337       4553
       6338       9260
       6339        232
       6340        231
       6341      11727
       6342       4529
       6343       4528
       6344       4526
       6345       4524
       6346       9791
       6347      12004
       6348         76
       6349         75
       6350       4522
       6351       4521
       6352       4520
       6353       4519
       6354       9261
       6355       9539
       6356       9534
       6357       9824
       6358       9837
       6359      10207
       6360      10234
       6361      10701
       6362      10700
       6363      10699
       6364      11044
       6365      11405
       6366      11404
       6367      11408
       6368       9923
       6369      11406
       6370      12003
       6371       9538
       6372       9901
       6373       9903
       6374       9894
       6375      10206
       6376      10679
       6377      10233
       6378      10707
       6379      11113
       6380      11112
       6381      11389
       6382      11403
       6383      11402
       6384      11739
       6385       4496
       6386       4495
       6387       4494
       6388       4493
       6389       9536
       6390      10323
       6391      10322
       6392      10678
       6393      10706
       6394      11116
       6395      11115
       6396      11452
       6397      11730
       6398      11729
       6399       9879
       6400      12247
       6401       9790
       6402       9902
       6403      10321
       6404      10320
       6405      10677
       6406      10693
       6407      11096
       6408      11108
       6409      11111
       6410      11454
       6411      11451
       6412      11779
       6413      11726
       6414      12009
       6415       4488
       6416       4487
       6417       4486
       6418       4485
       6419       9891
       6420      10319
       6421      10673
       6422      10779
       6423      11099
       6424      11457
       6425      11456
       6426      11795
       6427      12057
       6428      12006
       6429       9878
       6430      12232
       6431       9922
       6432      10184
       6433      10644
       6434      10672
       6435      11078
       6436      11097
       6437      11129
       6438      11455
       6439      11787
       6440      11793
       6441      11785
       6442      12056
       6443      12005
       6444      12250
       6445      10183
       6446      11077
       6447      11484
       6448      12055
       6449      10250
       6450      10652
       6451      11079
       6452      11440
       6453      11790
       6454      12060
       6455      12246
       6456      10249
       6457      10722
       6458      10735
       6459      11075
       6460      11439
       6461      11789
       6462      11788
       6463      12062
       6464      12238
       6465      12235
       6466       9877
       6467      10266
       6468      10265
       6469      10736
       6470      10734
       6471      11127
       6472      11432
       6473      11481
       6474      11691
       6475      11983
       6476      11982
       6477      12237
       6478      12231
       6479      12431
       6480       9876
       6481      10267
       6482      10733
       6483      11123
       6484      11126
       6485      11479
       6486      11692
       6487      11981
       6488      12230
       6489      12234
       6490       9852
       6491      10254
       6492      10721
       6493      10715
       6494      11124
       6495      11331
       6496      11476
       6497      11812
       6498      11975
       6499      12086
       6500      12306
       6501         72
       6502         71
       6503        220
       6504        219
       6505        218
       6506        217
       6507        206
       6508        205
       6509        192
       6510        191
       6511         66
       6512         65
       6513        216
       6514        215
       6515       9900
       6516       9899
       6517      10676
       6518      10705
       6519      11110
       6520      11388
       6521      11724
       6522       4512
       6523       4511
       6524       4509
       6525       4507
       6526       4505
       6527       4503
       6528       9890
       6529      10201
       6530      10675
       6531      11095
       6532      11450
       6533      11778
       6534      12001
       6535       9258
       6536      11387
       6537         42
       6538         41
       6539       4532
       6540       4531
       6541       4530
       6542       4527
       6543       4525
       6544       4523
       6545      10182
       6546      10643
       6547      11076
       6548      11128
       6549      11784
       6550      11783
       6551      12000
       6552       9444
       6553      11725
       6554       4518
       6555       4517
       6556       4516
       6557       4515
       6558      10248
       6559      10651
       6560      11074
       6561        230
       6562        229
       6563      11438
       6564      11786
       6565      11993
       6566      12245
       6567       9556
       6568      12002
       6569       4492
       6570       4491
       6571       4490
       6572       4489
       6573       9857
       6574      10264
       6575      10719
       6576      11125
       6577      11690
       6578      11978
       6579      12228
       6580       9850
       6581      11999
       6582       4484
       6583       4483
       6584       4482
       6585       4481
       6586       9848
       6587      12229
       6588       4480
       6589       4479
       6590       4478
       6591       4477
       6592       9513
       6593      12085
       6594         64
       6595         63
       6596         52
       6597         51
       6598         62
       6599         61
       6600       9259
       6601       9529
       6602       9528
       6603       9823
       6604       9836
       6605       9838
       6606      10227
       6607      10698
       6608      10697
       6609      10696
       6610      10660
       6611      11056
       6612      11042
       6613      11401
       6614      11400
       6615       9531
       6616       9532
       6617       9898
       6618       9893
       6619      10203
       6620      10232
       6621      10231
       6622      10704
       6623      10695
       6624      10694
       6625      11089
       6626      11399
       6627       9530
       6628       9897
       6629       9896
       6630       9892
       6631      10225
       6632      10670
       6633      10703
       6634      10702
       6635      11090
       6636      11422
       6637      11723
       6638       9533
       6639       9895
       6640      10205
       6641      10669
       6642      11094
       6643      11091
       6644      11449
       6645      11717
       6646      11722
       6647       9818
       6648      10200
       6649         60
       6650      10318
       6651         59
       6652      10663
       6653      11093
       6654      11092
       6655      11448
       6656      11776
       6657      11777
       6658      11998
       6659       9797
       6660      10180
       6661      10646
       6662      10671
       6663      10720
       6664      11070
       6665      11431
       6666      11447
       6667      11775
       6668      11774
       6669      11997
       6670       9847
       6671      10650
       6672      10649
       6673      11437
       6674      11436
       6675      11782
       6676      11992
       6677       9849
       6678      10648
       6679      10647
       6680      11435
       6681      11991
       6682       9856
       6683      10263
       6684      10262
       6685      10718
       6686      11073
       6687      11434
       6688      11689
       6689      11980
       6690      11979
       6691      12227
       6692       9855
       6693      10261
       6694      10260
       6695      10717
       6696      11067
       6697      11344
       6698      11688
       6699      11977
       6700      11976
       6701      12226
       6702       9851
       6703      10713
       6704      10714
       6705      11330
       6706      11678
       6707      11974
       6708      12084
       6709       4458
       6710       4457
       6711       4454
       6712       4452
       6713       4450
       6714       4448
       6715      10247
       6716      10246
       6717      10942
       6718      11329
       6719      11973
       6720      11972
       6721      12083
       6722       9058
       6723      11043
       6724       4502
       6725       4501
       6726       4500
       6727       4499
       6728       4498
       6729       4497
       6730       9254
       6731      11721
       6732       4473
       6733       4472
       6734       4470
       6735       4468
       6736       9472
       6737      11996
       6738         56
       6739         55
       6740       4466
       6741       4465
       6742       4464
       6743       4463
       6744       9555
       6745      11995
       6746       4440
       6747       4439
       6748       4438
       6749       4437
       6750       9514
       6751      12225
       6752        214
       6753        213
       6754       4432
       6755       4431
       6756       4430
       6757       4429
       6758         50
       6759         49
       6760       9512
       6761      12224
       6762        200
       6763        199
       6764        204
       6765        203
       6766        202
       6767        201
       6768        190
       6769        189
       6770      10204
       6771      10668
       6772      11386
       6773      10179
       6774      11433
       6775      11990
       6776      10242
       6777      11328
       6778      11811
       6779         38
       6780         37
       6781       4456
       6782       4455
       6783       4453
       6784       4451
       6785       4449
       6786       4447
       6787       9253
       6788      11384
       6789       4476
       6790       4475
       6791       4474
       6792       4471
       6793       4469
       6794       4467
       6795       9257
       6796      11711
       6797       4462
       6798       4461
       6799       4460
       6800       4459
       6801        212
       6802        211
       6803       9471
       6804      11718
       6805       4436
       6806       4435
       6807       4434
       6808       4433
       6809       9504
       6810      11989
       6811         36
       6812         35
       6813       4428
       6814       4427
       6815       4426
       6816       4425
       6817       9508
       6818      11971
       6819       4424
       6820       4423
       6821       4422
       6822       4421
       6823       9506
       6824      11966
       6825         48
       6826         47
       6827         46
       6828         45
       6829       9252
       6830       9527
       6831       9526
       6832       9525
       6833       9835
       6834       9834
       6835      10230
       6836      10229
       6837      10226
       6838      10659
       6839      10658
       6840      11055
       6841      11041
       6842      11040
       6843      11383
       6844       9255
       6845       9524
       6846       9523
       6847       9830
       6848       9833
       6849      10197
       6850      10228
       6851      10607
       6852      10661
       6853      11054
       6854      11053
       6855      11398
       6856       9256
       6857       9522
       6858       9521
       6859       9829
       6860      10196
       6861      11050
       6862      11385
       6863       9470
       6864       9817
       6865       9816
       6866       9822
       6867      10202
       6868      10662
       6869      10667
       6870      10666
       6871      11088
       6872      11420
       6873      11375
       6874      11374
       6875      11716
       6876      11720
       6877       9815
       6878       9814
       6879      10199
       6880      10665
       6881      10664
       6882      11087
       6883      11421
       6884      11715
       6885      11714
       6886       9503
       6887       9813
       6888      10178
       6889      10177
       6890      10198
       6891      10642
       6892      11069
       6893      11086
       6894      11428
       6895      11446
       6896      11429
       6897      11713
       6898      11712
       6899      11994
       6900         44
       6901         43
       6902       9796
       6903      10641
       6904      11781
       6905       9846
       6906      10181
       6907      10640
       6908      11072
       6909      11071
       6910      11430
       6911      11780
       6912      11988
       6913       9845
       6914      10175
       6915      10245
       6916      10639
       6917      10966
       6918      11343
       6919      11685
       6920      11684
       6921      11970
       6922      11969
       6923       9507
       6924       9854
       6925      10241
       6926      10244
       6927      10243
       6928      10716
       6929      10967
       6930      11327
       6931      11342
       6932      11687
       6933      11683
       6934      11681
       6935      11968
       6936      12223
       6937       9842
       6938      10240
       6939      10492
       6940      10941
       6941      11341
       6942      11686
       6943      11964
       6944       9505
       6945       9843
       6946      10239
       6947      10493
       6948      10940
       6949      10962
       6950      11326
       6951      11677
       6952      11680
       6953      11810
       6954      12082
       6955        198
       6956        197
       6957        188
       6958        187
       6959        186
       6960        185
       6961        184
       6962        183
       6963       4402
       6964       4401
       6965       4398
       6966       4396
       6967       4394
       6968       4392
       6969        176
       6970        175
       6971       9055
       6972      11029
       6973       4446
       6974       4445
       6975       4444
       6976       4443
       6977       4442
       6978       4441
       6979       9057
       6980      11382
       6981       4417
       6982       4416
       6983       4414
       6984       4412
       6985       9467
       6986      11710
       6987         40
       6988         39
       6989       4410
       6990       4409
       6991       4408
       6992       4407
       6993       9449
       6994      11709
       6995       4384
       6996       4383
       6997       4382
       6998       4381
       6999       9502
       7000      11967
       7001       4376
       7002       4375
       7003       4374
       7004       4373
       7005       9492
       7006      11965
       7007        196
       7008        195
       7009       9247
       7010       9483
       7011      10193
       7012      10606
       7013      11049
       7014      11052
       7015      11381
       7016       9469
       7017       9812
       7018      10194
       7019      10634
       7020      11085
       7021      11373
       7022      11708
       7023       9795
       7024      10176
       7025      10638
       7026      11068
       7027      11427
       7028      11701
       7029      11987
       7030       9844
       7031      10174
       7032      10953
       7033      11334
       7034      11682
       7035      11702
       7036      11986
       7037       9841
       7038      10238
       7039      10527
       7040      10961
       7041      11340
       7042      11679
       7043      11963
       7044         26
       7045         25
       7046         34
       7047         33
       7048         32
       7049         31
       7050       4400
       7051       4399
       7052       4397
       7053       4395
       7054       4393
       7055       4391
       7056       9056
       7057         28
       7058         27
       7059      11028
       7060       4420
       7061       4419
       7062       4418
       7063       4415
       7064       4413
       7065       4411
       7066       9217
       7067      11380
       7068       4406
       7069       4405
       7070       4404
       7071       4403
       7072        194
       7073        193
       7074       9466
       7075      11707
       7076       4380
       7077       4379
       7078       4378
       7079       4377
       7080       9501
       7081      11706
       7082       4372
       7083       4371
       7084       4370
       7085       4369
       7086       9498
       7087      11962
       7088       4368
       7089       4367
       7090       4366
       7091       4365
       7092       9491
       7093      11809
       7094       9251
       7095       9250
       7096       9482
       7097       9485
       7098       9484
       7099       9754
       7100       9832
       7101      10138
       7102      10191
       7103      10614
       7104      10613
       7105      10616
       7106      10615
       7107      11039
       7108      11038
       7109       9249
       7110       9248
       7111       9481
       7112       9480
       7113       9809
       7114       9831
       7115      10137
       7116      10190
       7117      10605
       7118      10612
       7119      10611
       7120      11037
       7121       9246
       7122       9479
       7123       9821
       7124      10195
       7125      10657
       7126      11048
       7127      11030
       7128         30
       7129         29
       7130       9468
       7131       9478
       7132      10633
       7133      11047
       7134      11051
       7135      11379
       7136       9465
       7137       9820
       7138      11065
       7139       9464
       7140       9811
       7141       9810
       7142      10187
       7143      10656
       7144      10655
       7145      11084
       7146      11083
       7147      11372
       7148      11705
       7149       9500
       7150      10171
       7151      11066
       7152      11426
       7153      11425
       7154      11424
       7155      11700
       7156       9499
       7157      10637
       7158      11423
       7159       9649
       7160      11339
       7161      11676
       7162       9648
       7163      10050
       7164      10526
       7165      10965
       7166      11336
       7167      11338
       7168      11675
       7169      11961
       7170       9494
       7171      10054
       7172      10963
       7173      11674
       7174       9493
       7175       9840
       7176      10016
       7177      10053
       7178      10525
       7179      10518
       7180      11325
       7181      11337
       7182      11475
       7183      11808
       7184        182
       7185        181
       7186        174
       7187        173
       7188        172
       7189        171
       7190        170
       7191        169
       7192         24
       7193         23
       7194       4346
       7195       4345
       7196       4342
       7197       4340
       7198       4338
       7199       4336
       7200       9054
       7201      10597
       7202       4390
       7203       4389
       7204       4388
       7205       4387
       7206       4386
       7207       4385
       7208       9050
       7209      11027
       7210       4361
       7211       4360
       7212       4358
       7213       4356
       7214       9216
       7215      11378
       7216       4354
       7217       4353
       7218       4352
       7219       4351
       7220       4328
       7221       4327
       7222       4326
       7223       4325
       7224       9245
       7225      11704
       7226        180
       7227        179
       7228       9331
       7229      11960
       7230         22
       7231         21
       7232       4320
       7233       4319
       7234       4318
       7235       4317
       7236       9329
       7237      11959
       7238      11324
       7239         18
       7240         17
       7241         20
       7242         19
       7243         16
       7244         15
       7245      11699
       7246       9053
       7247       9232
       7248       9231
       7249       9462
       7250       9461
       7251       9460
       7252       9753
       7253      10136
       7254      10143
       7255      10142
       7256      10145
       7257      10144
       7258      10599
       7259      10598
       7260      11020
       7261       9052
       7262       9230
       7263       9229
       7264       9477
       7265       9459
       7266       9807
       7267       9806
       7268      10189
       7269      10603
       7270      10602
       7271      10601
       7272      10610
       7273      10596
       7274      11036
       7275      11377
       7276       9224
       7277       9476
       7278       9475
       7279       9808
       7280      10165
       7281      10188
       7282      10604
       7283      10609
       7284      10595
       7285      11026
       7286       9215
       7287       9228
       7288       9424
       7289       9774
       7290       9819
       7291      10192
       7292      10632
       7293      10631
       7294      10630
       7295      10654
       7296      10608
       7297      11023
       7298      11022
       7299      11376
       7300       9219
       7301       9474
       7302       9773
       7303      10160
       7304      10629
       7305      10628
       7306      10653
       7307      11010
       7308      11371
       7309      11370
       7310       4344
       7311       4343
       7312       4341
       7313       4339
       7314       4337
       7315       4335
       7316       9243
       7317       9463
       7318       9786
       7319       9789
       7320      10170
       7321      10507
       7322      10636
       7323      10635
       7324      11064
       7325      11060
       7326      11059
       7327      11368
       7328      11698
       7329      11703
       7330       9051
       7331      11019
       7332       9448
       7333      10169
       7334      11063
       7335      11062
       7336      11360
       7337       4324
       7338       4323
       7339       4322
       7340       4321
       7341       9497
       7342       9794
       7343      10510
       7344      10952
       7345      11333
       7346       4364
       7347       4363
       7348      11362
       7349       4362
       7350       4359
       7351       4357
       7352       4355
       7353       9214
       7354      11025
       7355       9496
       7356       9793
       7357      10168
       7358      10509
       7359      10951
       7360      10964
       7361      11335
       7362      11323
       7363      11352
       7364      11696
       7365       9328
       7366       9647
       7367       9656
       7368      10049
       7369      10048
       7370      10524
       7371      10523
       7372      10958
       7373      10957
       7374      11321
       7375      11322
       7376      11671
       7377      11670
       7378      11958
       7379       4350
       7380       4349
       7381       4348
       7382       4347
       7383        178
       7384        177
       7385       9213
       7386      11369
       7387       9489
       7388       9839
       7389       9655
       7390      10052
       7391      10522
       7392      10956
       7393      10960
       7394      11332
       7395      11669
       7396      11673
       7397       9238
       7398       9490
       7399       9654
       7400       9653
       7401      10051
       7402      10515
       7403      10939
       7404      10959
       7405      11318
       7406      11474
       7407      11807
       7408       9244
       7409      11668
       7410       4316
       7411       4315
       7412       4314
       7413       4313
       7414       9330
       7415      11672
       7416       4312
       7417       4311
       7418       4310
       7419       4309
       7420       9239
       7421      11665
       7422         14
       7423         13
       7424        168
       7425        167
       7426         12
       7427         11
       7428        166
       7429        165
       7430        160
       7431        159
       7432        158
       7433        157
       7434        156
       7435        155
       7436         10
       7437          9
       7438        164
       7439        163
       7440       9223
       7441       9227
       7442       9805
       7443       9802
       7444      10600
       7445      10141
       7446      11015
       7447          8
       7448          7
       7449       9218
       7450       9423
       7451      10159
       7452      10164
       7453      10621
       7454      11009
       7455      11365
       7456       9447
       7457       9785
       7458      10506
       7459      10625
       7460      11061
       7461      11058
       7462      11697
       7463       9495
       7464      10034
       7465      10508
       7466      10950
       7467      11057
       7468      11361
       7469      11695
       7470       9488
       7471       9646
       7472      10047
       7473      10517
       7474      10944
       7475      11319
       7476      11662
       7477       4290
       7478       4289
       7479       4286
       7480       4284
       7481       4282
       7482       4280
       7483       4272
       7484       4271
       7485       4270
       7486       4269
       7487       8917
       7488      10584
       7489       4334
       7490       4333
       7491       4332
       7492       4331
       7493       4330
       7494       4329
       7495       9040
       7496      11018
       7497       4305
       7498       4304
       7499       4302
       7500       4300
       7501       9035
       7502      11021
       7503       9197
       7504      11367
       7505       9242
       7506      11667
       7507       9235
       7508      11664
       7509       4264
       7510       4263
       7511       4262
       7512       4261
       7513       4298
       7514       4297
       7515       4296
       7516       4295
       7517          6
       7518          5
       7519       4268
       7520       4267
       7521       4266
       7522       4265
       7523       8916
       7524       9042
       7525       9210
       7526       9209
       7527       9208
       7528       9457
       7529       9752
       7530       9801
       7531      10133
       7532      10132
       7533      10131
       7534      10140
       7535      10580
       7536      10583
       7537      10582
       7538       9038
       7539       9222
       7540       9226
       7541       9225
       7542       9458
       7543       9800
       7544      10135
       7545      10139
       7546      10594
       7547      11017
       7548      11016
       7549       9039
       7550       9221
       7551       9220
       7552       9473
       7553       9804
       7554      10163
       7555      10134
       7556      10186
       7557      10593
       7558      11014
       7559      11024
       7560       9041
       7561       9422
       7562       9772
       7563      10162
       7564      10161
       7565      10185
       7566      10567
       7567      11008
       7568      11013
       7569       9212
       7570       9443
       7571       9771
       7572       9782
       7573      10167
       7574      10627
       7575      10620
       7576      10984
       7577      11007
       7578      11364
       7579       9211
       7580       9442
       7581       9788
       7582      10031
       7583      10166
       7584      10624
       7585      10626
       7586      11356
       7587      11366
       7588       9240
       7589       9787
       7590      10156
       7591      10949
       7592      10948
       7593      11355
       7594      11359
       7595       9241
       7596      10033
       7597      10155
       7598      10623
       7599      10947
       7600      10992
       7601      11358
       7602      11357
       7603      11694
       7604       9327
       7605       9446
       7606       9784
       7607      10032
       7608      10046
       7609      10521
       7610      10946
       7611      10955
       7612       9326
       7613       9783
       7614       9645
       7615      10045
       7616      10520
       7617      10519
       7618      10954
       7619      10991
       7620      11351
       7621      11661
       7622      11666
       7623       9237
       7624       9487
       7625       9652
       7626       9651
       7627      10516
       7628      10934
       7629      11317
       7630      11473
       7631       9236
       7632       9486
       7633       9650
       7634      10043
       7635      10491
       7636      11316
       7637      11315
       7638      11314
       7639      11663
       7640          4
       7641          3
       7642       4288
       7643       4287
       7644       4285
       7645       4283
       7646       4281
       7647       4279
       7648       8915
       7649      10581
       7650       4308
       7651       4307
       7652       4306
       7653       4303
       7654       4301
       7655       4299
       7656       9034
       7657      10592
       7658        162
       7659        161
       7660       9033
       7661      11006
       7662        150
       7663        149
       7664       9049
       7665        154
       7666        153
       7667      11347
       7668       4294
       7669       4293
       7670       4292
       7671       4291
       7672        152
       7673          2
       7674        151
       7675          1
       7676       9107
       7677      11320
       7678        148
       7679        147
       7680        146
       7681        145
       7682       9047
       7683      11310
       7684       4260
       7685       4259
       7686       4258
       7687       4257
       7688       4256
       7689       4255
       7690       4254
       7691       4253
       7692       9770
       7693       9799
       7694      10575
       7695       9767
       7696      10945
       7697      10989
       7698       9335
       7699      10488
       7700      11122
       7701       4212
       7702       4211
       7703       4210
       7704       4209
       7705       4242
       7706       4241
       7707       4238
       7708       4236
       7709       4278
       7710       4277
       7711       4276
       7712       4275
       7713       4274
       7714       4273
       7715       4240
       7716       4239
       7717       4237
       7718       4235
       7719       4230
       7720       4229
       7721       4226
       7722       4224
       7723       4222
       7724       4220
       7725       8833
       7726      10115
       7727       8911
       7728      10591
       7729       4208
       7730       4207
       7731       4206
       7732       4205
       7733       4249
       7734       4248
       7735       4246
       7736       4244
       7737       9032
       7738      10585
       7739       9048
       7740      11005
       7741       9106
       7742      11346
       7743       9105
       7744      11313
       7745       8912
       7746       8977
       7747       9152
       7748       9151
       7749       9207
       7750       9451
       7751       9452
       7752       9750
       7753       9749
       7754       9756
       7755       9755
       7756      10129
       7757      10579
       7758      10578
       7759      10577
       7760       9037
       7761       9146
       7762       9150
       7763       9419
       7764       9206
       7765       9456
       7766       9450
       7767       9776
       7768       9751
       7769      10130
       7770      10100
       7771      10128
       7772      10576
       7773      10590
       7774      10589
       7775       9036
       7776       9154
       7777       9418
       7778       9455
       7779       9777
       7780      10078
       7781      10099
       7782      10566
       7783      10588
       7784       9014
       7785       9189
       7786       9421
       7787       9420
       7788       9769
       7789       9803
       7790       9781
       7791       9798
       7792      10077
       7793      10544
       7794      10565
       7795      11003
       7796      11002
       7797      11012
       7798       9188
       7799       9441
       7800       9440
       7801       9780
       7802      10158
       7803      10543
       7804      10983
       7805      11001
       7806      11000
       7807      11011
       7808       9092
       7809       9312
       7810       9439
       7811       9625
       7812       9779
       7813      10157
       7814      10505
       7815      10504
       7816      10622
       7817      10982
       7818      11354
       7819      11363
       7820      11004
       7821       9196
       7822      10028
       7823      10503
       7824      10981
       7825      10999
       7826      11353
       7827       9195
       7828       9445
       7829       9630
       7830       9766
       7831      10154
       7832      10502
       7833      10501
       7834      10619
       7835      10987
       7836      10986
       7837      10988
       7838      11349
       7839      11345
       7840       9182
       7841       9438
       7842       9629
       7843       9644
       7844      10041
       7845      10499
       7846      10514
       7847      10618
       7848      10990
       7849      11350
       7850      11348
       7851       9181
       7852       9437
       7853       9436
       7854       9643
       7855       9642
       7856      10044
       7857      10498
       7858      10513
       7859      10512
       7860      10938
       7861      10547
       7862      10985
       7863      11309
       7864      11660
       7865      11312
       7866       9234
       7867       9435
       7868       9434
       7869       9641
       7870      10042
       7871      10511
       7872      10943
       7873      11308
       7874      11311
       7875       9233
       7876       9175
       7877       9334
       7878       9332
       7879       9638
       7880      10040
       7881      10039
       7882      10487
       7883      10933
       7884      10937
       7885      10936
       7886      11472
       7887      11121
       7888       8910
       7889      10127
       7890       4252
       7891       4251
       7892       4250
       7893       4247
       7894       4245
       7895       4243
       7896       8907
       7897      10587
       7898       9011
       7899      10571
       7900       9022
       7901      10978
       7902       9003
       7903      10970
       7904       4228
       7905       4227
       7906       4225
       7907       4223
       7908       4221
       7909       4219
       7910       9046
       7911      10932
       7912       4234
       7913       4233
       7914       4232
       7915       4231
       7916       8979
       7917       9417
       7918       9454
       7919       9775
       7920       9748
       7921      10564
       7922      10574
       7923       9187
       7924       9186
       7925       9778
       7926       9768
       7927      10542
       7928      10563
       7929      10998
       7930       9194
       7931       9624
       7932      10027
       7933      10500
       7934      10538
       7935      10980
       7936      10997
       7937       9193
       7938       9628
       7939      10024
       7940      10152
       7941      10617
       7942      10975
       7943      11307
       7944       4204
       7945       4203
       7946       4200
       7947       4198
       7948       9180
       7949       9333
       7950       9640
       7951      10038
       7952      10496
       7953      10935
       7954      11306
       7955       4178
       7956       4177
       7957       4174
       7958       4172
       7959       4176
       7960       4175
       7961       4173
       7962       4171
       7963       4196
       7964       4195
       7965       4192
       7966       4190
       7967       4202
       7968       4201
       7969       4199
       7970       4197
       7971       4194
       7972       4193
       7973       4191
       7974       4189
       7975       4218
       7976       4217
       7977       4216
       7978       4215
       7979       4214
       7980       4213
       7981       4185
       7982       4184
       7983       4182
       7984       4180
       7985       8832
       7986      10114
       7987       8909
       7988       8976
       7989       9149
       7990       9148
       7991       9031
       7992       9205
       7993       9198
       7994       9427
       7995       9747
       7996       9746
       7997       9745
       7998      10096
       7999       8908
       8000      10125
       8001      10124
       8002      10123
       8003      10126
       8004       8974
       8005       9145
       8006       9147
       8007       9204
       8008       9428
       8009       9744
       8010       9743
       8011      10098
       8012      10122
       8013      10121
       8014       9013
       8015       9153
       8016       9416
       8017       9453
       8018       9010
       8019       9687
       8020       9711
       8021      10097
       8022      10562
       8023      10586
       8024      10570
       8025       9012
       8026       9185
       8027       9685
       8028      10076
       8029      10561
       8030      10573
       8031       9009
       8032       9184
       8033       9433
       8034      10075
       8035      10560
       8036      10559
       8037      10996
       8038       9019
       8039       9183
       8040       9304
       8041       9432
       8042       9627
       8043      10030
       8044      10029
       8045      10153
       8046      10995
       8047      10994
       8048       9192
       8049       9191
       8050       9311
       8051       9623
       8052      10497
       8053      10979
       8054      10993
       8055       9020
       8056      10977
       8057      10969
       8058       9089
       8059       9190
       8060       9415
       8061       9765
       8062      10026
       8063      10546
       8064      10974
       8065      10973
       8066      10971
       8067      10968
       8068       9179
       8069       9310
       8070      10972
       8071      11305
       8072       9045
       8073       9021
       8074      10931
       8075      10976
       8076       9178
       8077       9177
       8078       9325
       8079       9639
       8080      10037
       8081      10490
       8082      10545
       8083      11304
       8084      11303
       8085       9044
       8086       9176
       8087       9324
       8088      10036
       8089      10035
       8090      10495
       8091      10929
       8092      11302
       8093      10930
       8094       9043
       8095       9174
       8096       9323
       8097       9637
       8098      10494
       8099      10928
       8100      10484
       8101       4162
       8102       4161
       8103       4158
       8104       4156
       8105       4154
       8106       4152
       8107       8863
       8108       9742
       8109       4160
       8110       4159
       8111       4157
       8112       4155
       8113       4153
       8114       4151
       8115       4188
       8116       4187
       8117       4186
       8118       4183
       8119       4181
       8120       4179
       8121       8894
       8122      10120
       8123       4134
       8124       4133
       8125       4170
       8126       4169
       8127       4166
       8128       4164
       8129       4063
       8130       4116
       8131       4168
       8132       4167
       8133       4165
       8134       4163
       8135       4043
       8136       4111
       8137       4120
       8138       4119
       8139       4118
       8140       4117
       8141       4029
       8142       4092
       8143       4150
       8144       4149
       8145       4146
       8146       4141
       8147       4021
       8148       4091
       8149       4148
       8150       4147
       8151       4145
       8152       4140
       8153       8899
       8154      10549
       8155       9002
       8156      10923
       8157       4019
       8158       4082
       8159       4144
       8160       4143
       8161       4142
       8162       4139
       8163       9018
       8164      10534
       8165       8914
       8166       4005
       8167       4074
       8168       4138
       8169       4137
       8170       4136
       8171       4135
       8172      10486
       8173       8866
       8174       8865
       8175       8975
       8176       9023
       8177       9030
       8178       9029
       8179       9160
       8180       9397
       8181       9396
       8182       9704
       8183       9703
       8184       9707
       8185       9740
       8186       9739
       8187       9738
       8188       8893
       8189       8978
       8190       9142
       8191       9144
       8192       9201
       8193       9203
       8194       9200
       8195       9426
       8196       9395
       8197       9710
       8198      10093
       8199      10095
       8200      10092
       8201      10119
       8202      10118
       8203       8892
       8204       8999
       8205       9143
       8206       9167
       8207       9202
       8208       9199
       8209       9425
       8210       9365
       8211       9709
       8212      10094
       8213      10113
       8214      10117
       8215      10116
       8216       9007
       8217       9008
       8218       9173
       8219       9172
       8220       9431
       8221       9430
       8222       9353
       8223       9686
       8224       9697
       8225      10089
       8226      10091
       8227      10112
       8228      10557
       8229      10572
       8230      10569
       8231       9006
       8232       9005
       8233       9171
       8234       9170
       8235       9429
       8236       9684
       8237      10074
       8238      10541
       8239      10556
       8240      10555
       8241      10568
       8242       9017
       8243       9004
       8244       9169
       8245       9168
       8246       9306
       8247       9626
       8248      10023
       8249      10022
       8250      10067
       8251      10540
       8252      10539
       8253      10553
       8254      10552
       8255      10558
       8256      10554
       8257       9016
       8258       9091
       8259       9090
       8260       9303
       8261       9622
       8262      10025
       8263      10021
       8264      10151
       8265      10551
       8266      10548
       8267       9015
       8268       9141
       8269       9309
       8270       9414
       8271       9621
       8272      10020
       8273      10150
       8274      10149
       8275      10147
       8276      10537
       8277      10536
       8278      10550
       8279      10922
       8280      10529
       8281       9088
       8282       9087
       8283       9308
       8284       9614
       8285       9764
       8286      10148
       8287      10532
       8288      10927
       8289      10926
       8290      10921
       8291       9001
       8292       9086
       8293       9104
       8294       9321
       8295       9320
       8296       9634
       8297       9633
       8298      10015
       8299      10014
       8300      10146
       8301      10531
       8302      10920
       8303      10919
       8304      10925
       8305      10918
       8306       9000
       8307       9103
       8308       9108
       8309       9319
       8310       9322
       8311       9636
       8312       9635
       8313      10019
       8314      10489
       8315      10924
       8316      10917
       8317      10916
       8318       9102
       8319       9101
       8320       9318
       8321       9632
       8322      10018
       8323      10013
       8324      10483
       8325      10915
       8326      10458
       8327       8810
       8328       9731
       8329       8831
       8330       9741
       8331       8891
       8332      10106
       8333       8913
       8334      10485
       8335       8943
       8336      10528
       8337       8898
       8338      10533
       8339       4042
       8340       4110
       8341       4109
       8342       4108
       8343       4107
       8344       4105
       8345       4020
       8346       4090
       8347       4089
       8348       4088
       8349       4084
       8350       4077
       8351       8884
       8352       8989
       8353       9028
       8354       9159
       8355       9708
       8356      10090
       8357       9737
       8358       8890
       8359       8998
       8360       9351
       8361       9683
       8362      10073
       8363      10088
       8364      10111
       8365       8944
       8366       9079
       8367       9620
       8368       9619
       8369      10066
       8370      10535
       8371      10087
       8372       8970
       8373       9307
       8374       9413
       8375       9761
       8376      10057
       8377      10530
       8378      10481
       8379       4104
       8380       4103
       8381       4100
       8382       4098
       8383       4096
       8384       4094
       8385       4102
       8386       4101
       8387       4099
       8388       4097
       8389       4095
       8390       4093
       8391       8954
       8392       9100
       8393       9317
       8394       9631
       8395      10017
       8396      10482
       8397      10476
       8398       4132
       8399       4131
       8400       4128
       8401       4126
       8402       4124
       8403       4122
       8404       4130
       8405       4129
       8406       4127
       8407       4125
       8408       4123
       8409       4121
       8410       4004
       8411       4073
       8412       4028
       8413       4087
       8414       4072
       8415       4071
       8416       4070
       8417       4069
       8418       4086
       8419       4085
       8420       4083
       8421       4076
       8422       8942
       8423      10472
       8424       4062
       8425       4115
       8426       4114
       8427       4113
       8428       4112
       8429       4106
       8430       3991
       8431       4068
       8432       4067
       8433       4066
       8434       4065
       8435       4064
       8436       8821
       8437       9732
       8438       8885
       8439      10457
       8440       4018
       8441       4081
       8442       4080
       8443       4079
       8444       4078
       8445       4075
       8446       8889
       8447      10105
       8448       8896
       8449      10101
       8450       8862
       8451       8864
       8452       8972
       8453       8906
       8454       9027
       8455       9158
       8456       9157
       8457       9362
       8458       9702
       8459       9701
       8460       9706
       8461       9394
       8462       9736
       8463       9393
       8464       8861
       8465       8973
       8466       8971
       8467       9024
       8468       9026
       8469       9025
       8470       9156
       8471       9364
       8472       9700
       8473       9730
       8474       9735
       8475       9734
       8476       9733
       8477       8888
       8478       8997
       8479       8996
       8480       8995
       8481       9166
       8482       9165
       8483       9155
       8484       9363
       8485       9676
       8486       9705
       8487      10110
       8488      10109
       8489      10108
       8490       8887
       8491       8994
       8492       8993
       8493       9164
       8494       9163
       8495       9350
       8496       9352
       8497       9682
       8498       9681
       8499      10072
       8500      10071
       8501      10085
       8502      10084
       8503      10107
       8504      10104
       8505       8886
       8506       8992
       8507       8991
       8508       9162
       8509       9613
       8510      10070
       8511      10083
       8512      10103
       8513      10102
       8514       8895
       8515       8924
       8516       9072
       8517       9300
       8518       9680
       8519      10086
       8520       8969
       8521       8990
       8522       8968
       8523       9078
       8524       9302
       8525       9618
       8526       9617
       8527       9616
       8528       9763
       8529      10065
       8530      10471
       8531      10470
       8532       8897
       8533      10079
       8534       8967
       8535       8966
       8536       9085
       8537       9296
       8538       9295
       8539       9301
       8540       9615
       8541       9762
       8542       9760
       8543      10063
       8544      10062
       8545      10480
       8546      10479
       8547      10469
       8548      10468
       8549       8941
       8550       9084
       8551       9412
       8552      10061
       8553      10478
       8554      10477
       8555      10467
       8556       8940
       8557       9083
       8558       9082
       8559       9294
       8560       9411
       8561       9759
       8562       9985
       8563      10465
       8564      10464
       8565      10475
       8566      10466
       8567       8953
       8568       8952
       8569       9099
       8570       9098
       8571       9316
       8572       9315
       8573       9314
       8574       9611
       8575      10012
       8576      10474
       8577      10473
       8578      10460
       8579      10461
       8580       8951
       8581       8950
       8582       8949
       8583       9097
       8584       9313
       8585       9610
       8586       9607
       8587      10459
       8588       9978
       8589       8851
       8590      10010
       8591       8809
       8592       9388
       8593       8856
       8594      10058
       8595       8854
       8596      10055
       8597       8820
       8598       9719
       8599       8823
       8600       9714
       8601       4041
       8602       4040
       8603       4039
       8604       4035
       8605       4033
       8606       4031
       8607       4017
       8608       4016
       8609       4015
       8610       4014
       8611       4013
       8612       4007
       8613       8850
       8614       9994
       8615       4003
       8616       4002
       8617       4001
       8618       3997
       8619       3995
       8620       3993
       8621       4027
       8622       4026
       8623       4025
       8624       4024
       8625       4023
       8626       4022
       8627       4061
       8628       4060
       8629       4057
       8630       4052
       8631       4049
       8632       4046
       8633       4059
       8634       4058
       8635       4056
       8636       4051
       8637       4048
       8638       4045
       8639       4055
       8640       4054
       8641       4053
       8642       4050
       8643       4047
       8644       4044
       8645       4038
       8646       4037
       8647       4036
       8648       4034
       8649       4032
       8650       4030
       8651       3990
       8652       3989
       8653       3988
       8654       3987
       8655       3986
       8656       3985
       8657       4012
       8658       4011
       8659       4010
       8660       4009
       8661       4008
       8662       4006
       8663       8860
       8664       8859
       8665       8904
       8666       8903
       8667       8905
       8668       8962
       8669       9123
       8670       9122
       8671       9360
       8672       9359
       8673       9358
       8674       9387
       8675       9392
       8676       9391
       8677       9390
       8678       8858
       8679       8857
       8680       8902
       8681       8901
       8682       8986
       8683       8985
       8684       9121
       8685       9120
       8686       9361
       8687       9357
       8688       9699
       8689       9729
       8690       9728
       8691       9727
       8692       9718
       8693       8808
       8694       9389
       8695       4000
       8696       3999
       8697       8883
       8698       8882
       8699       3998
       8700       3996
       8701       3994
       8702       3992
       8703       8900
       8704       8988
       8705       8987
       8706       8984
       8707       9119
       8708       9349
       8709       9675
       8710       9674
       8711       8849
       8712       9698
       8713       9726
       8714       9725
       8715       9724
       8716       9717
       8717       9977
       8718       8881
       8719       8880
       8720       8878
       8721       8983
       8722       9112
       8723       9114
       8724       9113
       8725       9348
       8726       9673
       8727       9672
       8728       9695
       8729       9723
       8730       9722
       8731       9721
       8732       9720
       8733       8835
       8734       8879
       8735       8981
       8736       8982
       8737       9161
       8738       9291
       8739       9347
       8740       9679
       8741       9678
       8742       9671
       8743      10069
       8744      10082
       8745       9696
       8746       9715
       8747       9713
       8748       8877
       8749       8923
       8750       8928
       8751       9077
       8752       8822
       8753       9299
       8754       9305
       8755       9612
       8756       9408
       8757       9677
       8758      10064
       8759      10068
       8760      10081
       8761      10080
       8762       9993
       8763       9991
       8764       9712
       8765       8876
       8766       8875
       8767       8939
       8768       9076
       8769       9075
       8770       9298
       8771       9405
       8772       9407
       8773       9406
       8774       9668
       8775      10060
       8776      10059
       8777      10009
       8778       9992
       8779       9990
       8780       8935
       8781       8938
       8782       8937
       8783       9074
       8784       9073
       8785       9297
       8786       9404
       8787       9403
       8788       9663
       8789       9666
       8790      10008
       8791      10007
       8792      10006
       8793       9988
       8794      10004
       8795       8819
       8796       9716
       8797       8934
       8798       8936
       8799       9081
       8800       9293
       8801       9292
       8802       9140
       8803       9410
       8804       9758
       8805       9757
       8806       9662
       8807      10056
       8808      10463
       8809      10005
       8810      10003
       8811      10002
       8812       8933
       8813       8932
       8814       9068
       8815       9096
       8816       9138
       8817       9139
       8818       9409
       8819       9608
       8820       9580
       8821       9579
       8822       9984
       8823      10462
       8824       9998
       8825      10001
       8826       9986
       8827       8848
       8828       8931
       8829       9067
       8830       9095
       8831       9094
       8832       9135
       8833       9288
       8834       9287
       8835       9609
       8836       9606
       8837      10011
       8838      10000
       8839       9997
       8840       9996
       8841       9976
       8842       8847
       8843       8921
       8844       8947
       8845       9093
       8846       9286
       8847       9285
       8848       9284
       8849       9605
       8850       9999
       8851       9995
       8852       9975
       8853       8855
       8854       9989
       8855       8853
       8856       9987
       8857       8807
       8858       9128
       8859       8839
       8860       9601
       8861       8841
       8862       9657
       8863       8818
       8864       9371
       8865       8814
       8866       9374
       8867       3948
       8868       3947
       8869       3946
       8870       3945
       8871       3944
       8872       3943
       8873       3960
       8874       3959
       8875       3958
       8876       3957
       8877       3956
       8878       3955
       8879       3936
       8880       3935
       8881       3934
       8882       3933
       8883       3928
       8884       3926
       8885       3972
       8886       3971
       8887       3970
       8888       3969
       8889       3965
       8890       3961
       8891       3954
       8892       3953
       8893       3952
       8894       3951
       8895       3950
       8896       3949
       8897       3984
       8898       3983
       8899       3980
       8900       3975
       8901       3968
       8902       3964
       8903       3982
       8904       3981
       8905       3979
       8906       3974
       8907       3967
       8908       3963
       8909       3978
       8910       3977
       8911       3976
       8912       3973
       8913       3966
       8914       3962
       8915       8806
       8916       8829
       8917       9127
       8918       8828
       8919       8830
       8920       8852
       8921       8961
       8922       8960
       8923       9116
       8924       9115
       8925       9124
       8926       9131
       8927       9129
       8928       9130
       8929       8805
       8930       9126
       8931       8804
       8932       9370
       8933       8870
       8934       8827
       8935       8959
       8936       8958
       8937       9118
       8938       9117
       8939       9356
       8940       9386
       8941       8826
       8942       9383
       8943       9381
       8944       8803
       8945       9125
       8946       8817
       8947       9369
       8948       8874
       8949       8873
       8950       8871
       8951       8957
       8952       9111
       8953       9342
       8954       9355
       8955       9385
       8956       9384
       8957       9382
       8958       8825
       8959       9380
       8960       8816
       8961       9368
       8962       8824
       8963       8815
       8964       8872
       8965       8955
       8966       8956
       8967       9110
       8968       9341
       8969       9340
       8970       9354
       8971       9379
       8972       9378
       8973       9377
       8974       9373
       8975       8813
       8976       9367
       8977       8868
       8978       9375
       8979       8869
       8980       8980
       8981       9062
       8982       9109
       8983       9346
       8984       9345
       8985       9670
       8986       9694
       8987       9693
       8988       9376
       8989       8812
       8990       9372
       8991       8801
       8992       8867
       8993       9366
       8994       8927
       8995       9071
       8996       9290
       8997       9587
       8998       9344
       8999       9343
       9000       9665
       9001       9669
       9002       9692
       9003       9689
       9004       8834
       9005       9585
       9006       8811
       9007       8846
       9008       8926
       9009       9070
       9010       9080
       9011       9289
       9012       9338
       9013       9664
       9014       9584
       9015       9667
       9016       9586
       9017       9691
       9018       9690
       9019       9688
       9020       3942
       9021       3941
       9022       3940
       9023       3939
       9024       3938
       9025       3937
       9026       8845
       9027       9597
       9028       8925
       9029       8963
       9030       8918
       9031       9132
       9032       9133
       9033       9337
       9034       8842
       9035       9339
       9036       9661
       9037       9660
       9038       9600
       9039       9596
       9040       9583
       9041       8844
       9042       9595
       9043       9066
       9044       9065
       9045       9069
       9046       9137
       9047       9402
       9048       9401
       9049       9659
       9050       9983
       9051       8930
       9052       9982
       9053       9599
       9054       8840
       9055       9594
       9056       9582
       9057       3932
       9058       3931
       9059       3930
       9060       3929
       9061       3927
       9062       3925
       9063       8843
       9064       8929
       9065       9064
       9066       9063
       9067       9136
       9068       9592
       9069       9400
       9070       9399
       9071       9398
       9072       9658
       9073       9981
       9074       9598
       9075       9593
       9076       8838
       9077       9336
       9078       8922
       9079       8964
       9080       8837
       9081       8965
       9082       9134
       9083       9280
       9084       8948
       9085       9283
       9086       9604
       9087       9980
       9088       9979
       9089       9581
       9090       9591
       9091       9590
       9092       3924
       9093       3923
       9094       3922
       9095       3921
       9096       3920
       9097       3919
       9098       8802
       9099       8920
       9100       9578
       9101       8946
       9102       9061
       9103       8945
       9104       9060
       9105       9282
       9106       9281
       9107       9603
       9108       9602
       9109       9589
       9110       9588
       9111       8836
       9112       8919
       9113       9577
       9114       3898
       9115       3897
       9116       3896
       9117       3895
       9118       3894
       9119       3889
       9120       3912
       9121       3911
       9122       3910
       9123       3907
       9124       3900
       9125       3891
       9126       3918
       9127       3917
       9128       3914
       9129       3909
       9130       3902
       9131       3893
       9132       3916
       9133       3915
       9134       3913
       9135       3908
       9136       3901
       9137       3892
       9138       3906
       9139       3905
       9140       3904
       9141       3903
       9142       3899
       9143       3890
       9144       3882
       9145       3881
       9146       3880
       9147       3879
       9148       3878
       9149       3877
       9150       3870
       9151       3869
       9152       3868
       9153       3867
       9154       3866
       9155       3860
       9156       3888
       9157       3887
       9158       3886
       9159       3885
       9160       3884
       9161       3883
       9162       3876
       9163       3875
       9164       3874
       9165       3873
       9166       3872
       9167       3871
       9168       3865
       9169       3864
       9170       3863
       9171       3862
       9172       3861
       9173       3859
       9174       3832
       9175       3831
       9176       3828
       9177       3826
       9178       3824
       9179       3818
       9180       3858
       9181       3857
       9182       3856
       9183       3855
       9184       3854
       9185       3853
       9186       3840
       9187       3839
       9188       3838
       9189       3837
       9190       3833
       9191       3819
       9192       3846
       9193       3845
       9194       3844
       9195       3841
       9196       3834
       9197       3820
       9198       3852
       9199       3851
       9200       3848
       9201       3843
       9202       3836
       9203       3822
       9204       3850
       9205       3849
       9206       3847
       9207       3842
       9208       3835
       9209       3821
       9210       3816
       9211       3815
       9212       3830
       9213       3829
       9214       3814
       9215       3813
       9216       3812
       9217       3811
       9218       3827
       9219       3825
       9220       3823
       9221       3817
       9222       3810
       9223       3809
       9224       3808
       9225       3807
       9226       3806
       9227       3805
       9228       3798
       9229       3797
       9230       3796
       9231       3795
       9232       3794
       9233       3793
       9234       3762
       9235       3761
       9236       3760
       9237       3756
       9238       3754
       9239       3752
       9240       3804
       9241       3803
       9242       3802
       9243       3801
       9244       3800
       9245       3799
       9246       3792
       9247       3791
       9248       3790
       9249       3789
       9250       3788
       9251       3787
       9252       3786
       9253       3785
       9254       3784
       9255       3783
       9256       3782
       9257       3781
       9258       3772
       9259       3771
       9260       3770
       9261       3769
       9262       3766
       9263       3763
       9264       3777
       9265       3776
       9266       3775
       9267       3773
       9268       3767
       9269       3764
       9270       3780
       9271       3779
       9272       3778
       9273       3774
       9274       3768
       9275       3765
       9276       3759
       9277       3758
       9278       3757
       9279       3755
       9280       3753
       9281       3751
       9282       3750
       9283       3749
       9284       3748
       9285       3747
       9286       3746
       9287       3745
       9288       3744
       9289       3743
       9290       3742
       9291       3741
       9292       3740
       9293       3739
       9294       3732
       9295       3731
       9296       3730
       9297       3729
       9298       3728
       9299       3727
       9300       3699
       9301       3698
       9302       3697
       9303       3696
       9304       3695
       9305       3691
       9306       3690
       9307       3689
       9308       3688
       9309       3687
       9310       3682
       9311       3680
       9312       3706
       9313       3705
       9314       3704
       9315       3703
       9316       3700
       9317       3692
       9318       3738
       9319       3737
       9320       3736
       9321       3735
       9322       3734
       9323       3733
       9324       3714
       9325       3713
       9326       3710
       9327       3708
       9328       3702
       9329       3694
       9330       3712
       9331       3711
       9332       3709
       9333       3707
       9334       3701
       9335       3693
       9336       3726
       9337       3725
       9338       3724
       9339       3723
       9340       3722
       9341       3721
       9342       3720
       9343       3719
       9344       3718
       9345       3717
       9346       3716
       9347       3715
       9348       3686
       9349       3685
       9350       3684
       9351       3683
       9352       3681
       9353       3679
       9354       3678
       9355       3677
       9356       3676
       9357       3675
       9358       3674
       9359       3673
       9360       3672
       9361       3671
       9362       3670
       9363       3669
       9364       3668
       9365       3667
       9366       3660
       9367       3659
       9368       3658
       9369       3657
       9370       3656
       9371       3655
       9372       3642
       9373       3641
       9374       3639
       9375       3638
       9376       3640
       9377       3636
       9378       3634
       9379       3627
       9380       3637
       9381       3635
       9382       3633
       9383       3626
       9384       3632
       9385       3631
       9386       3630
       9387       3629
       9388       3628
       9389       3625
       9390       3624
       9391       3623
       9392       3622
       9393       3621
       9394       3620
       9395       3614
       9396       3666
       9397       3665
       9398       3664
       9399       3663
       9400       3662
       9401       3661
       9402       3654
       9403       3653
       9404       3652
       9405       3651
       9406       3650
       9407       3649
       9408       3648
       9409       3647
       9410       3646
       9411       3645
       9412       3644
       9413       3643
       9414       3619
       9415       3618
       9416       3617
       9417       3616
       9418       3615
       9419       3613
       9420       3612
       9421       3611
       9422       3610
       9423       3609
       9424       3608
       9425       3607
       9426       3606
       9427       3605
       9428       3604
       9429       3603
       9430       3602
       9431       3601
       9432       3594
       9433       3593
       9434       3592
       9435       3591
       9436       3590
       9437       3589
       9438       3568
       9439       3567
       9440       3566
       9441       3565
       9442       3562
       9443       3559
       9444       3576
       9445       3575
       9446       3572
       9447       3570
       9448       3564
       9449       3561
       9450       3574
       9451       3573
       9452       3571
       9453       3569
       9454       3563
       9455       3560
       9456       3552
       9457       3551
       9458       3550
       9459       3549
       9460       3548
       9461       3547
       9462       3600
       9463       3599
       9464       3598
       9465       3597
       9466       3596
       9467       3595
       9468       3558
       9469       3557
       9470       3556
       9471       3555
       9472       3554
       9473       3553
       9474       3588
       9475       3587
       9476       3586
       9477       3585
       9478       3584
       9479       3583
       9480       3582
       9481       3581
       9482       3580
       9483       3579
       9484       3578
       9485       3577
       9486       3546
       9487       3545
       9488       3544
       9489       3543
       9490       3542
       9491       3541
       9492       3540
       9493       3539
       9494       3538
       9495       3537
       9496       3536
       9497       3535
       9498       3534
       9499       3533
       9500       3532
       9501       3531
       9502       3530
       9503       3529
       9504       3522
       9505       3521
       9506       3520
       9507       3519
       9508       3518
       9509       3517
       9510       3504
       9511       3503
       9512       3500
       9513       3498
       9514       3496
       9515       3494
       9516       3502
       9517       3501
       9518       3499
       9519       3497
       9520       3495
       9521       3493
       9522       3492
       9523       3491
       9524       3490
       9525       3489
       9526       3488
       9527       3487
       9528       3486
       9529       3485
       9530       3484
       9531       3483
       9532       3482
       9533       3481
       9534       3528
       9535       3527
       9536       3526
       9537       3525
       9538       3524
       9539       3523
       9540       3516
       9541       3515
       9542       3514
       9543       3513
       9544       3512
       9545       3511
       9546       3510
       9547       3509
       9548       3508
       9549       3507
       9550       3506
       9551       3505
       9552       3438
       9553       3437
       9554       3434
       9555       3429
       9556       3426
       9557       3423
       9558       3436
       9559       3435
       9560       3433
       9561       3428
       9562       3425
       9563       3422
       9564       3432
       9565       3431
       9566       3430
       9567       3427
       9568       3424
       9569       3421
       9570       3480
       9571       3479
       9572       3478
       9573       3477
       9574       3476
       9575       3475
       9576       3474
       9577       3473
       9578       3472
       9579       3471
       9580       3470
       9581       3469
       9582       3468
       9583       3467
       9584       3466
       9585       3465
       9586       3464
       9587       3463
       9588       3456
       9589       3455
       9590       3454
       9591       3453
       9592       3452
       9593       3451
       9594       3420
       9595       3419
       9596       3418
       9597       3417
       9598       3416
       9599       3415
       9600       3414
       9601       3413
       9602       3412
       9603       3411
       9604       3410
       9605       3409
       9606       3462
       9607       3461
       9608       3460
       9609       3459
       9610       3458
       9611       3457
       9612       3450
       9613       3449
       9614       3448
       9615       3447
       9616       3446
       9617       3445
       9618       3444
       9619       3443
       9620       3442
       9621       3441
       9622       3440
       9623       3439
       9624       3363
       9625       3362
       9626       3361
       9627       3359
       9628       3357
       9629       3355
       9630       3366
       9631       3365
       9632       3364
       9633       3360
       9634       3358
       9635       3356
       9636       3408
       9637       3407
       9638       3406
       9639       3405
       9640       3404
       9641       3403
       9642       3402
       9643       3401
       9644       3400
       9645       3399
       9646       3398
       9647       3397
       9648       3396
       9649       3395
       9650       3394
       9651       3393
       9652       3392
       9653       3391
       9654       3384
       9655       3383
       9656       3382
       9657       3381
       9658       3380
       9659       3379
       9660       3354
       9661       3353
       9662       3352
       9663       3351
       9664       3350
       9665       3349
       9666       3348
       9667       3347
       9668       3346
       9669       3345
       9670       3344
       9671       3343
       9672       3390
       9673       3389
       9674       3388
       9675       3387
       9676       3386
       9677       3385
       9678       3378
       9679       3377
       9680       3376
       9681       3375
       9682       3374
       9683       3373
       9684       3372
       9685       3371
       9686       3370
       9687       3369
       9688       3368
       9689       3367
       9690       3300
       9691       3299
       9692       3296
       9693       3294
       9694       3292
       9695       3290
       9696       3234
       9697       3233
       9698       3230
       9699       3225
       9700       3222
       9701       3219
       9702       3298
       9703       3297
       9704       3295
       9705       3293
       9706       3291
       9707       3289
       9708       3342
       9709       3341
       9710       3340
       9711       3339
       9712       3338
       9713       3337
       9714       3336
       9715       3335
       9716       3334
       9717       3333
       9718       3332
       9719       3331
       9720       3330
       9721       3329
       9722       3328
       9723       3327
       9724       3326
       9725       3325
       9726       3318
       9727       3317
       9728       3316
       9729       3315
       9730       3314
       9731       3313
       9732       3288
       9733       3287
       9734       3286
       9735       3285
       9736       3284
       9737       3283
       9738       3282
       9739       3281
       9740       3280
       9741       3279
       9742       3278
       9743       3277
       9744       3324
       9745       3323
       9746       3322
       9747       3321
       9748       3320
       9749       3319
       9750       3312
       9751       3311
       9752       3310
       9753       3309
       9754       3308
       9755       3307
       9756       3306
       9757       3305
       9758       3304
       9759       3303
       9760       3302
       9761       3301
       9762       3232
       9763       3231
       9764       3229
       9765       3224
       9766       3221
       9767       3218
       9768       3228
       9769       3227
       9770       3226
       9771       3223
       9772       3220
       9773       3217
       9774       3276
       9775       3275
       9776       3274
       9777       3273
       9778       3272
       9779       3271
       9780       3270
       9781       3269
       9782       3268
       9783       3267
       9784       3266
       9785       3265
       9786       3264
       9787       3263
       9788       3262
       9789       3261
       9790       3260
       9791       3259
       9792       3252
       9793       3251
       9794       3250
       9795       3249
       9796       3248
       9797       3247
       9798       3216
       9799       3215
       9800       3162
       9801       3161
       9802       3214
       9803       3213
       9804       3212
       9805       3211
       9806       3160
       9807       3159
       9808       3154
       9809       3152
       9810       3210
       9811       3209
       9812       3208
       9813       3207
       9814       3206
       9815       3205
       9816       3258
       9817       3257
       9818       3256
       9819       3255
       9820       3254
       9821       3253
       9822       3246
       9823       3245
       9824       3244
       9825       3243
       9826       3242
       9827       3241
       9828       3240
       9829       3239
       9830       3238
       9831       3237
       9832       3236
       9833       3235
       9834       3096
       9835       3095
       9836       3092
       9837       3090
       9838       3088
       9839       3081
       9840       3158
       9841       3157
       9842       3156
       9843       3155
       9844       3153
       9845       3151
       9846       3204
       9847       3203
       9848       3202
       9849       3201
       9850       3200
       9851       3199
       9852       3198
       9853       3197
       9854       3196
       9855       3195
       9856       3194
       9857       3193
       9858       3192
       9859       3191
       9860       3190
       9861       3189
       9862       3188
       9863       3187
       9864       3180
       9865       3179
       9866       3178
       9867       3177
       9868       3176
       9869       3175
       9870       3094
       9871       3093
       9872       3091
       9873       3089
       9874       3087
       9875       3080
       9876       3150
       9877       3149
       9878       3148
       9879       3147
       9880       3146
       9881       3145
       9882       3144
       9883       3143
       9884       3142
       9885       3141
       9886       3140
       9887       3139
       9888       3186
       9889       3185
       9890       3184
       9891       3183
       9892       3182
       9893       3181
       9894       3174
       9895       3173
       9896       3172
       9897       3171
       9898       3170
       9899       3169
       9900       3168
       9901       3167
       9902       3166
       9903       3165
       9904       3164
       9905       3163
       9906       3024
       9907       3023
       9908       3020
       9909       3018
       9910       3016
       9911       3014
       9912       3086
       9913       3085
       9914       3084
       9915       3083
       9916       3082
       9917       3079
       9918       3138
       9919       3137
       9920       3136
       9921       3135
       9922       3134
       9923       3133
       9924       3132
       9925       3131
       9926       3130
       9927       3129
       9928       3128
       9929       3127
       9930       3126
       9931       3125
       9932       3124
       9933       3123
       9934       3122
       9935       3121
       9936       3114
       9937       3113
       9938       3112
       9939       3111
       9940       3110
       9941       3109
       9942       3022
       9943       3021
       9944       3019
       9945       3017
       9946       3015
       9947       3013
       9948       3078
       9949       3077
       9950       3076
       9951       3075
       9952       3074
       9953       3073
       9954       3072
       9955       3071
       9956       3070
       9957       3069
       9958       3068
       9959       3067
       9960       3120
       9961       3119
       9962       3118
       9963       3117
       9964       3116
       9965       3115
       9966       3108
       9967       3107
       9968       3106
       9969       3105
       9970       3104
       9971       3103
       9972       3102
       9973       3101
       9974       3100
       9975       3099
       9976       3098
       9977       3097
       9978       2952
       9979       2951
       9980       2948
       9981       2946
       9982       2944
       9983       2942
       9984       3012
       9985       3011
       9986       3010
       9987       3009
       9988       3008
       9989       3007
       9990       3066
       9991       3065
       9992       3064
       9993       3063
       9994       3062
       9995       3061
       9996       3060
       9997       3059
       9998       3058
       9999       3057
      10000       3056
      10001       3055
      10002       3054
      10003       3053
      10004       3052
      10005       3051
      10006       3050
      10007       3049
      10008       3042
      10009       3041
      10010       3040
      10011       3039
      10012       3038
      10013       3037
      10014       2950
      10015       2949
      10016       2947
      10017       2945
      10018       2943
      10019       2941
      10020       3006
      10021       3005
      10022       3004
      10023       3003
      10024       3002
      10025       3001
      10026       3000
      10027       2999
      10028       2998
      10029       2997
      10030       2996
      10031       2995
      10032       3048
      10033       3047
      10034       3046
      10035       3045
      10036       3044
      10037       3043
      10038       3036
      10039       3035
      10040       3034
      10041       3033
      10042       3032
      10043       3031
      10044       3030
      10045       3029
      10046       3028
      10047       3027
      10048       3026
      10049       3025
      10050       2880
      10051       2879
      10052       2876
      10053       2874
      10054       2872
      10055       2870
      10056       2940
      10057       2939
      10058       2938
      10059       2937
      10060       2936
      10061       2935
      10062       2994
      10063       2993
      10064       2992
      10065       2991
      10066       2990
      10067       2989
      10068       2988
      10069       2987
      10070       2986
      10071       2985
      10072       2984
      10073       2983
      10074       2982
      10075       2981
      10076       2980
      10077       2979
      10078       2978
      10079       2977
      10080       2970
      10081       2969
      10082       2968
      10083       2967
      10084       2966
      10085       2965
      10086       2878
      10087       2877
      10088       2875
      10089       2873
      10090       2871
      10091       2869
      10092       2934
      10093       2933
      10094       2932
      10095       2931
      10096       2930
      10097       2929
      10098       2928
      10099       2927
      10100       2926
      10101       2925
      10102       2924
      10103       2923
      10104       2976
      10105       2975
      10106       2974
      10107       2973
      10108       2972
      10109       2971
      10110       2964
      10111       2963
      10112       2962
      10113       2961
      10114       2960
      10115       2959
      10116       2958
      10117       2957
      10118       2956
      10119       2955
      10120       2954
      10121       2953
      10122       2808
      10123       2807
      10124       2804
      10125       2802
      10126       2800
      10127       2798
      10128       2868
      10129       2867
      10130       2866
      10131       2865
      10132       2864
      10133       2863
      10134       2922
      10135       2921
      10136       2920
      10137       2919
      10138       2918
      10139       2917
      10140       2916
      10141       2915
      10142       2914
      10143       2913
      10144       2912
      10145       2911
      10146       2910
      10147       2909
      10148       2908
      10149       2907
      10150       2906
      10151       2905
      10152       2898
      10153       2897
      10154       2896
      10155       2895
      10156       2894
      10157       2893
      10158       2806
      10159       2805
      10160       2803
      10161       2801
      10162       2799
      10163       2797
      10164       2862
      10165       2861
      10166       2860
      10167       2859
      10168       2858
      10169       2857
      10170       2856
      10171       2855
      10172       2854
      10173       2853
      10174       2852
      10175       2851
      10176       2904
      10177       2903
      10178       2902
      10179       2901
      10180       2900
      10181       2899
      10182       2892
      10183       2891
      10184       2890
      10185       2889
      10186       2888
      10187       2887
      10188       2886
      10189       2885
      10190       2884
      10191       2883
      10192       2882
      10193       2881
      10194       2736
      10195       2735
      10196       2732
      10197       2730
      10198       2728
      10199       2726
      10200       2796
      10201       2795
      10202       2794
      10203       2793
      10204       2792
      10205       2791
      10206       2850
      10207       2849
      10208       2848
      10209       2847
      10210       2846
      10211       2845
      10212       2844
      10213       2843
      10214       2842
      10215       2841
      10216       2840
      10217       2839
      10218       2838
      10219       2837
      10220       2836
      10221       2835
      10222       2834
      10223       2833
      10224       2826
      10225       2825
      10226       2824
      10227       2823
      10228       2822
      10229       2821
      10230       2734
      10231       2733
      10232       2731
      10233       2729
      10234       2727
      10235       2725
      10236       2790
      10237       2789
      10238       2788
      10239       2787
      10240       2786
      10241       2785
      10242       2784
      10243       2783
      10244       2782
      10245       2781
      10246       2780
      10247       2779
      10248       2832
      10249       2831
      10250       2830
      10251       2829
      10252       2828
      10253       2827
      10254       2820
      10255       2819
      10256       2818
      10257       2817
      10258       2816
      10259       2815
      10260       2814
      10261       2813
      10262       2812
      10263       2811
      10264       2810
      10265       2809
      10266       2664
      10267       2663
      10268       2660
      10269       2658
      10270       2656
      10271       2654
      10272       2724
      10273       2723
      10274       2722
      10275       2721
      10276       2720
      10277       2719
      10278       2778
      10279       2777
      10280       2776
      10281       2775
      10282       2774
      10283       2773
      10284       2772
      10285       2771
      10286       2770
      10287       2769
      10288       2768
      10289       2767
      10290       2766
      10291       2765
      10292       2764
      10293       2763
      10294       2762
      10295       2761
      10296       2754
      10297       2753
      10298       2752
      10299       2751
      10300       2750
      10301       2749
      10302       2662
      10303       2661
      10304       2659
      10305       2657
      10306       2655
      10307       2653
      10308       2718
      10309       2717
      10310       2716
      10311       2715
      10312       2714
      10313       2713
      10314       2712
      10315       2711
      10316       2710
      10317       2709
      10318       2708
      10319       2707
      10320       2760
      10321       2759
      10322       2758
      10323       2757
      10324       2756
      10325       2755
      10326       2748
      10327       2747
      10328       2746
      10329       2745
      10330       2744
      10331       2743
      10332       2742
      10333       2741
      10334       2740
      10335       2739
      10336       2738
      10337       2737
      10338       2592
      10339       2591
      10340       2588
      10341       2586
      10342       2584
      10343       2582
      10344       2652
      10345       2651
      10346       2650
      10347       2649
      10348       2648
      10349       2647
      10350       2706
      10351       2705
      10352       2704
      10353       2703
      10354       2702
      10355       2701
      10356       2700
      10357       2699
      10358       2698
      10359       2697
      10360       2696
      10361       2695
      10362       2694
      10363       2693
      10364       2692
      10365       2691
      10366       2690
      10367       2689
      10368       2682
      10369       2681
      10370       2680
      10371       2679
      10372       2678
      10373       2677
      10374       2590
      10375       2589
      10376       2587
      10377       2585
      10378       2583
      10379       2581
      10380       2646
      10381       2645
      10382       2644
      10383       2643
      10384       2642
      10385       2641
      10386       2640
      10387       2639
      10388       2638
      10389       2637
      10390       2636
      10391       2635
      10392       2688
      10393       2687
      10394       2686
      10395       2685
      10396       2684
      10397       2683
      10398       2676
      10399       2675
      10400       2674
      10401       2673
      10402       2672
      10403       2671
      10404       2670
      10405       2669
      10406       2668
      10407       2667
      10408       2666
      10409       2665
      10410       2520
      10411       2519
      10412       2516
      10413       2514
      10414       2512
      10415       2510
      10416       2580
      10417       2579
      10418       2578
      10419       2577
      10420       2576
      10421       2575
      10422       2634
      10423       2633
      10424       2632
      10425       2631
      10426       2630
      10427       2629
      10428       2628
      10429       2627
      10430       2626
      10431       2625
      10432       2624
      10433       2623
      10434       2622
      10435       2621
      10436       2620
      10437       2619
      10438       2618
      10439       2617
      10440       2610
      10441       2609
      10442       2608
      10443       2607
      10444       2606
      10445       2605
      10446       2518
      10447       2517
      10448       2515
      10449       2513
      10450       2511
      10451       2509
      10452       2574
      10453       2573
      10454       2572
      10455       2571
      10456       2570
      10457       2569
      10458       2568
      10459       2567
      10460       2566
      10461       2565
      10462       2564
      10463       2563
      10464       2616
      10465       2615
      10466       2614
      10467       2613
      10468       2612
      10469       2611
      10470       2604
      10471       2603
      10472       2602
      10473       2601
      10474       2600
      10475       2599
      10476       2598
      10477       2597
      10478       2596
      10479       2595
      10480       2594
      10481       2593
      10482       2448
      10483       2447
      10484       2444
      10485       2442
      10486       2440
      10487       2438
      10488       2508
      10489       2507
      10490       2506
      10491       2505
      10492       2504
      10493       2503
      10494       2562
      10495       2561
      10496       2560
      10497       2559
      10498       2558
      10499       2557
      10500       2556
      10501       2555
      10502       2554
      10503       2553
      10504       2552
      10505       2551
      10506       2550
      10507       2549
      10508       2548
      10509       2547
      10510       2546
      10511       2545
      10512       2538
      10513       2537
      10514       2536
      10515       2535
      10516       2534
      10517       2533
      10518       2446
      10519       2445
      10520       2443
      10521       2441
      10522       2439
      10523       2437
      10524       2502
      10525       2501
      10526       2500
      10527       2499
      10528       2498
      10529       2497
      10530       2496
      10531       2495
      10532       2494
      10533       2493
      10534       2492
      10535       2491
      10536       2544
      10537       2543
      10538       2542
      10539       2541
      10540       2540
      10541       2539
      10542       2532
      10543       2531
      10544       2530
      10545       2529
      10546       2528
      10547       2527
      10548       2526
      10549       2525
      10550       2524
      10551       2523
      10552       2522
      10553       2521
      10554       2376
      10555       2375
      10556       2372
      10557       2370
      10558       2368
      10559       2366
      10560       2436
      10561       2435
      10562       2434
      10563       2433
      10564       2432
      10565       2431
      10566       2490
      10567       2489
      10568       2488
      10569       2487
      10570       2486
      10571       2485
      10572       2484
      10573       2483
      10574       2482
      10575       2481
      10576       2480
      10577       2479
      10578       2478
      10579       2477
      10580       2476
      10581       2475
      10582       2474
      10583       2473
      10584       2466
      10585       2465
      10586       2464
      10587       2463
      10588       2462
      10589       2461
      10590       2374
      10591       2373
      10592       2371
      10593       2369
      10594       2367
      10595       2365
      10596       2430
      10597       2429
      10598       2428
      10599       2427
      10600       2426
      10601       2425
      10602       2424
      10603       2423
      10604       2422
      10605       2421
      10606       2420
      10607       2419
      10608       2472
      10609       2471
      10610       2470
      10611       2469
      10612       2468
      10613       2467
      10614       2460
      10615       2459
      10616       2458
      10617       2457
      10618       2456
      10619       2455
      10620       2454
      10621       2453
      10622       2452
      10623       2451
      10624       2450
      10625       2449
      10626       2304
      10627       2303
      10628       2300
      10629       2298
      10630       2296
      10631       2294
      10632       2364
      10633       2363
      10634       2362
      10635       2361
      10636       2360
      10637       2359
      10638       2418
      10639       2417
      10640       2416
      10641       2415
      10642       2414
      10643       2413
      10644       2412
      10645       2411
      10646       2410
      10647       2409
      10648       2408
      10649       2407
      10650       2406
      10651       2405
      10652       2404
      10653       2403
      10654       2402
      10655       2401
      10656       2394
      10657       2393
      10658       2392
      10659       2391
      10660       2390
      10661       2389
      10662       2302
      10663       2301
      10664       2299
      10665       2297
      10666       2295
      10667       2293
      10668       2358
      10669       2357
      10670       2356
      10671       2355
      10672       2354
      10673       2353
      10674       2352
      10675       2351
      10676       2350
      10677       2349
      10678       2348
      10679       2347
      10680       2400
      10681       2399
      10682       2398
      10683       2397
      10684       2396
      10685       2395
      10686       2388
      10687       2387
      10688       2386
      10689       2385
      10690       2384
      10691       2383
      10692       2382
      10693       2381
      10694       2380
      10695       2379
      10696       2378
      10697       2377
      10698       2232
      10699       2231
      10700       2228
      10701       2226
      10702       2224
      10703       2222
      10704       2292
      10705       2291
      10706       2290
      10707       2289
      10708       2288
      10709       2287
      10710       2346
      10711       2345
      10712       2344
      10713       2343
      10714       2342
      10715       2341
      10716       2340
      10717       2339
      10718       2338
      10719       2337
      10720       2336
      10721       2335
      10722       2334
      10723       2333
      10724       2332
      10725       2331
      10726       2330
      10727       2329
      10728       2322
      10729       2321
      10730       2320
      10731       2319
      10732       2318
      10733       2317
      10734       2230
      10735       2229
      10736       2227
      10737       2225
      10738       2223
      10739       2221
      10740       2286
      10741       2285
      10742       2284
      10743       2283
      10744       2282
      10745       2281
      10746       2280
      10747       2279
      10748       2278
      10749       2277
      10750       2276
      10751       2275
      10752       2328
      10753       2327
      10754       2326
      10755       2325
      10756       2324
      10757       2323
      10758       2316
      10759       2315
      10760       2314
      10761       2313
      10762       2312
      10763       2311
      10764       2310
      10765       2309
      10766       2308
      10767       2307
      10768       2306
      10769       2305
      10770       2160
      10771       2159
      10772       2156
      10773       2154
      10774       2152
      10775       2150
      10776       2220
      10777       2219
      10778       2218
      10779       2217
      10780       2216
      10781       2215
      10782       2274
      10783       2273
      10784       2272
      10785       2271
      10786       2270
      10787       2269
      10788       2268
      10789       2267
      10790       2266
      10791       2265
      10792       2264
      10793       2263
      10794       2262
      10795       2261
      10796       2260
      10797       2259
      10798       2258
      10799       2257
      10800       2250
      10801       2249
      10802       2248
      10803       2247
      10804       2246
      10805       2245
      10806       2158
      10807       2157
      10808       2155
      10809       2153
      10810       2151
      10811       2149
      10812       2214
      10813       2213
      10814       2212
      10815       2211
      10816       2210
      10817       2209
      10818       2208
      10819       2207
      10820       2206
      10821       2205
      10822       2204
      10823       2203
      10824       2256
      10825       2255
      10826       2254
      10827       2253
      10828       2252
      10829       2251
      10830       2244
      10831       2243
      10832       2242
      10833       2241
      10834       2240
      10835       2239
      10836       2238
      10837       2237
      10838       2236
      10839       2235
      10840       2234
      10841       2233
      10842       2088
      10843       2087
      10844       2084
      10845       2082
      10846       2080
      10847       2078
      10848       2148
      10849       2147
      10850       2146
      10851       2145
      10852       2144
      10853       2143
      10854       2202
      10855       2201
      10856       2200
      10857       2199
      10858       2198
      10859       2197
      10860       2196
      10861       2195
      10862       2194
      10863       2193
      10864       2192
      10865       2191
      10866       2190
      10867       2189
      10868       2188
      10869       2187
      10870       2186
      10871       2185
      10872       2178
      10873       2177
      10874       2176
      10875       2175
      10876       2174
      10877       2173
      10878       2086
      10879       2085
      10880       2083
      10881       2081
      10882       2079
      10883       2077
      10884       2142
      10885       2141
      10886       2140
      10887       2139
      10888       2138
      10889       2137
      10890       2136
      10891       2135
      10892       2134
      10893       2133
      10894       2132
      10895       2131
      10896       2184
      10897       2183
      10898       2182
      10899       2181
      10900       2180
      10901       2179
      10902       2172
      10903       2171
      10904       2170
      10905       2169
      10906       2168
      10907       2167
      10908       2166
      10909       2165
      10910       2164
      10911       2163
      10912       2162
      10913       2161
      10914       2016
      10915       2015
      10916       2012
      10917       2010
      10918       2008
      10919       2006
      10920       2076
      10921       2075
      10922       2074
      10923       2073
      10924       2072
      10925       2071
      10926       2130
      10927       2129
      10928       2128
      10929       2127
      10930       2126
      10931       2125
      10932       2124
      10933       2123
      10934       2122
      10935       2121
      10936       2120
      10937       2119
      10938       2118
      10939       2117
      10940       2116
      10941       2115
      10942       2114
      10943       2113
      10944       2106
      10945       2105
      10946       2104
      10947       2103
      10948       2102
      10949       2101
      10950       2014
      10951       2013
      10952       2011
      10953       2009
      10954       2007
      10955       2005
      10956       2070
      10957       2069
      10958       2068
      10959       2067
      10960       2066
      10961       2065
      10962       2064
      10963       2063
      10964       2062
      10965       2061
      10966       2060
      10967       2059
      10968       2112
      10969       2111
      10970       2110
      10971       2109
      10972       2108
      10973       2107
      10974       2100
      10975       2099
      10976       2098
      10977       2097
      10978       2096
      10979       2095
      10980       2094
      10981       2093
      10982       2092
      10983       2091
      10984       2090
      10985       2089
      10986       1944
      10987       1943
      10988       1940
      10989       1938
      10990       1936
      10991       1934
      10992       2004
      10993       2003
      10994       2002
      10995       2001
      10996       2000
      10997       1999
      10998       2058
      10999       2057
      11000       2056
      11001       2055
      11002       2054
      11003       2053
      11004       2052
      11005       2051
      11006       2050
      11007       2049
      11008       2048
      11009       2047
      11010       2046
      11011       2045
      11012       2044
      11013       2043
      11014       2042
      11015       2041
      11016       2034
      11017       2033
      11018       2032
      11019       2031
      11020       2030
      11021       2029
      11022       1942
      11023       1941
      11024       1939
      11025       1937
      11026       1935
      11027       1933
      11028       1998
      11029       1997
      11030       1996
      11031       1995
      11032       1994
      11033       1993
      11034       1992
      11035       1991
      11036       1990
      11037       1989
      11038       1988
      11039       1987
      11040       2040
      11041       2039
      11042       2038
      11043       2037
      11044       2036
      11045       2035
      11046       2028
      11047       2027
      11048       2026
      11049       2025
      11050       2024
      11051       2023
      11052       2022
      11053       2021
      11054       2020
      11055       2019
      11056       2018
      11057       2017
      11058       1872
      11059       1871
      11060       1868
      11061       1866
      11062       1864
      11063       1862
      11064       1932
      11065       1931
      11066       1930
      11067       1929
      11068       1928
      11069       1927
      11070       1986
      11071       1985
      11072       1984
      11073       1983
      11074       1982
      11075       1981
      11076       1980
      11077       1979
      11078       1978
      11079       1977
      11080       1976
      11081       1975
      11082       1974
      11083       1973
      11084       1972
      11085       1971
      11086       1970
      11087       1969
      11088       1962
      11089       1961
      11090       1960
      11091       1959
      11092       1958
      11093       1957
      11094       1870
      11095       1869
      11096       1867
      11097       1865
      11098       1863
      11099       1861
      11100       1926
      11101       1925
      11102       1924
      11103       1923
      11104       1922
      11105       1921
      11106       1920
      11107       1919
      11108       1918
      11109       1917
      11110       1916
      11111       1915
      11112       1968
      11113       1967
      11114       1966
      11115       1965
      11116       1964
      11117       1963
      11118       1956
      11119       1955
      11120       1954
      11121       1953
      11122       1952
      11123       1951
      11124       1950
      11125       1949
      11126       1948
      11127       1947
      11128       1946
      11129       1945
      11130       1800
      11131       1799
      11132       1796
      11133       1794
      11134       1792
      11135       1790
      11136       1860
      11137       1859
      11138       1858
      11139       1857
      11140       1856
      11141       1855
      11142       1914
      11143       1913
      11144       1912
      11145       1911
      11146       1910
      11147       1909
      11148       1908
      11149       1907
      11150       1906
      11151       1905
      11152       1904
      11153       1903
      11154       1902
      11155       1901
      11156       1900
      11157       1899
      11158       1898
      11159       1897
      11160       1890
      11161       1889
      11162       1888
      11163       1887
      11164       1886
      11165       1885
      11166       1798
      11167       1797
      11168       1795
      11169       1793
      11170       1791
      11171       1789
      11172       1854
      11173       1853
      11174       1852
      11175       1851
      11176       1850
      11177       1849
      11178       1848
      11179       1847
      11180       1846
      11181       1845
      11182       1844
      11183       1843
      11184       1896
      11185       1895
      11186       1894
      11187       1893
      11188       1892
      11189       1891
      11190       1884
      11191       1883
      11192       1882
      11193       1881
      11194       1880
      11195       1879
      11196       1878
      11197       1877
      11198       1876
      11199       1875
      11200       1874
      11201       1873
      11202       1728
      11203       1727
      11204       1724
      11205       1722
      11206       1720
      11207       1718
      11208       1788
      11209       1787
      11210       1786
      11211       1785
      11212       1784
      11213       1783
      11214       1842
      11215       1841
      11216       1840
      11217       1839
      11218       1838
      11219       1837
      11220       1836
      11221       1835
      11222       1834
      11223       1833
      11224       1832
      11225       1831
      11226       1830
      11227       1829
      11228       1828
      11229       1827
      11230       1826
      11231       1825
      11232       1818
      11233       1817
      11234       1816
      11235       1815
      11236       1814
      11237       1813
      11238       1726
      11239       1725
      11240       1723
      11241       1721
      11242       1719
      11243       1717
      11244       1782
      11245       1781
      11246       1780
      11247       1779
      11248       1778
      11249       1777
      11250       1776
      11251       1775
      11252       1774
      11253       1773
      11254       1772
      11255       1771
      11256       1824
      11257       1823
      11258       1822
      11259       1821
      11260       1820
      11261       1819
      11262       1812
      11263       1811
      11264       1810
      11265       1809
      11266       1808
      11267       1807
      11268       1806
      11269       1805
      11270       1804
      11271       1803
      11272       1802
      11273       1801
      11274       1656
      11275       1655
      11276       1652
      11277       1650
      11278       1648
      11279       1646
      11280       1716
      11281       1715
      11282       1714
      11283       1713
      11284       1712
      11285       1711
      11286       1770
      11287       1769
      11288       1768
      11289       1767
      11290       1766
      11291       1765
      11292       1764
      11293       1763
      11294       1762
      11295       1761
      11296       1760
      11297       1759
      11298       1758
      11299       1757
      11300       1756
      11301       1755
      11302       1754
      11303       1753
      11304       1746
      11305       1745
      11306       1744
      11307       1743
      11308       1742
      11309       1741
      11310       1654
      11311       1653
      11312       1651
      11313       1649
      11314       1647
      11315       1645
      11316       1710
      11317       1709
      11318       1708
      11319       1707
      11320       1706
      11321       1705
      11322       1704
      11323       1703
      11324       1702
      11325       1701
      11326       1700
      11327       1699
      11328       1752
      11329       1751
      11330       1750
      11331       1749
      11332       1748
      11333       1747
      11334       1740
      11335       1739
      11336       1738
      11337       1737
      11338       1736
      11339       1735
      11340       1734
      11341       1733
      11342       1732
      11343       1731
      11344       1730
      11345       1729
      11346       1584
      11347       1583
      11348       1580
      11349       1578
      11350       1576
      11351       1574
      11352       1644
      11353       1643
      11354       1642
      11355       1641
      11356       1640
      11357       1639
      11358       1698
      11359       1697
      11360       1696
      11361       1695
      11362       1694
      11363       1693
      11364       1692
      11365       1691
      11366       1690
      11367       1689
      11368       1688
      11369       1687
      11370       1686
      11371       1685
      11372       1684
      11373       1683
      11374       1682
      11375       1681
      11376       1674
      11377       1673
      11378       1672
      11379       1671
      11380       1670
      11381       1669
      11382       1582
      11383       1581
      11384       1579
      11385       1577
      11386       1575
      11387       1573
      11388       1638
      11389       1637
      11390       1636
      11391       1635
      11392       1634
      11393       1633
      11394       1632
      11395       1631
      11396       1630
      11397       1629
      11398       1628
      11399       1627
      11400       1680
      11401       1679
      11402       1678
      11403       1677
      11404       1676
      11405       1675
      11406       1668
      11407       1667
      11408       1666
      11409       1665
      11410       1664
      11411       1663
      11412       1662
      11413       1661
      11414       1660
      11415       1659
      11416       1658
      11417       1657
      11418       1512
      11419       1511
      11420       1508
      11421       1506
      11422       1504
      11423       1502
      11424       1572
      11425       1571
      11426       1570
      11427       1569
      11428       1568
      11429       1567
      11430       1626
      11431       1625
      11432       1624
      11433       1623
      11434       1622
      11435       1621
      11436       1620
      11437       1619
      11438       1618
      11439       1617
      11440       1616
      11441       1615
      11442       1614
      11443       1613
      11444       1612
      11445       1611
      11446       1610
      11447       1609
      11448       1602
      11449       1601
      11450       1600
      11451       1599
      11452       1598
      11453       1597
      11454       1510
      11455       1509
      11456       1507
      11457       1505
      11458       1503
      11459       1501
      11460       1566
      11461       1565
      11462       1564
      11463       1563
      11464       1562
      11465       1561
      11466       1560
      11467       1559
      11468       1558
      11469       1557
      11470       1556
      11471       1555
      11472       1608
      11473       1607
      11474       1606
      11475       1605
      11476       1604
      11477       1603
      11478       1596
      11479       1595
      11480       1594
      11481       1593
      11482       1592
      11483       1591
      11484       1590
      11485       1589
      11486       1588
      11487       1587
      11488       1586
      11489       1585
      11490       1440
      11491       1439
      11492       1436
      11493       1434
      11494       1432
      11495       1430
      11496       1500
      11497       1499
      11498       1498
      11499       1497
      11500       1496
      11501       1495
      11502       1554
      11503       1553
      11504       1552
      11505       1551
      11506       1550
      11507       1549
      11508       1548
      11509       1547
      11510       1546
      11511       1545
      11512       1544
      11513       1543
      11514       1542
      11515       1541
      11516       1540
      11517       1539
      11518       1538
      11519       1537
      11520       1530
      11521       1529
      11522       1528
      11523       1527
      11524       1526
      11525       1525
      11526       1438
      11527       1437
      11528       1435
      11529       1433
      11530       1431
      11531       1429
      11532       1494
      11533       1493
      11534       1492
      11535       1491
      11536       1490
      11537       1489
      11538       1488
      11539       1487
      11540       1486
      11541       1485
      11542       1484
      11543       1483
      11544       1536
      11545       1535
      11546       1534
      11547       1533
      11548       1532
      11549       1531
      11550       1524
      11551       1523
      11552       1522
      11553       1521
      11554       1520
      11555       1519
      11556       1518
      11557       1517
      11558       1516
      11559       1515
      11560       1514
      11561       1513
      11562       1368
      11563       1367
      11564       1364
      11565       1362
      11566       1360
      11567       1358
      11568       1428
      11569       1427
      11570       1426
      11571       1425
      11572       1424
      11573       1423
      11574       1482
      11575       1481
      11576       1480
      11577       1479
      11578       1478
      11579       1477
      11580       1476
      11581       1475
      11582       1474
      11583       1473
      11584       1472
      11585       1471
      11586       1470
      11587       1469
      11588       1468
      11589       1467
      11590       1466
      11591       1465
      11592       1458
      11593       1457
      11594       1456
      11595       1455
      11596       1454
      11597       1453
      11598       1366
      11599       1365
      11600       1363
      11601       1361
      11602       1359
      11603       1357
      11604       1422
      11605       1421
      11606       1420
      11607       1419
      11608       1418
      11609       1417
      11610       1416
      11611       1415
      11612       1414
      11613       1413
      11614       1412
      11615       1411
      11616       1464
      11617       1463
      11618       1462
      11619       1461
      11620       1460
      11621       1459
      11622       1452
      11623       1451
      11624       1450
      11625       1449
      11626       1448
      11627       1447
      11628       1446
      11629       1445
      11630       1444
      11631       1443
      11632       1442
      11633       1441
      11634       1296
      11635       1295
      11636       1292
      11637       1290
      11638       1288
      11639       1286
      11640       1356
      11641       1355
      11642       1354
      11643       1353
      11644       1352
      11645       1351
      11646       1410
      11647       1409
      11648       1408
      11649       1407
      11650       1406
      11651       1405
      11652       1404
      11653       1403
      11654       1402
      11655       1401
      11656       1400
      11657       1399
      11658       1398
      11659       1397
      11660       1396
      11661       1395
      11662       1394
      11663       1393
      11664       1386
      11665       1385
      11666       1384
      11667       1383
      11668       1382
      11669       1381
      11670       1294
      11671       1293
      11672       1291
      11673       1289
      11674       1287
      11675       1285
      11676       1350
      11677       1349
      11678       1348
      11679       1347
      11680       1346
      11681       1345
      11682       1344
      11683       1343
      11684       1342
      11685       1341
      11686       1340
      11687       1339
      11688       1392
      11689       1391
      11690       1390
      11691       1389
      11692       1388
      11693       1387
      11694       1380
      11695       1379
      11696       1378
      11697       1377
      11698       1376
      11699       1375
      11700       1374
      11701       1373
      11702       1372
      11703       1371
      11704       1370
      11705       1369
      11706       1224
      11707       1223
      11708       1220
      11709       1218
      11710       1216
      11711       1214
      11712       1284
      11713       1283
      11714       1282
      11715       1281
      11716       1280
      11717       1279
      11718       1338
      11719       1337
      11720       1336
      11721       1335
      11722       1334
      11723       1333
      11724       1332
      11725       1331
      11726       1330
      11727       1329
      11728       1328
      11729       1327
      11730       1326
      11731       1325
      11732       1324
      11733       1323
      11734       1322
      11735       1321
      11736       1314
      11737       1313
      11738       1312
      11739       1311
      11740       1310
      11741       1309
      11742       1222
      11743       1221
      11744       1219
      11745       1217
      11746       1215
      11747       1213
      11748       1278
      11749       1277
      11750       1276
      11751       1275
      11752       1274
      11753       1273
      11754       1272
      11755       1271
      11756       1270
      11757       1269
      11758       1268
      11759       1267
      11760       1320
      11761       1319
      11762       1318
      11763       1317
      11764       1316
      11765       1315
      11766       1308
      11767       1307
      11768       1306
      11769       1305
      11770       1304
      11771       1303
      11772       1302
      11773       1301
      11774       1300
      11775       1299
      11776       1298
      11777       1297
      11778       1152
      11779       1151
      11780       1148
      11781       1146
      11782       1144
      11783       1142
      11784       1212
      11785       1211
      11786       1210
      11787       1209
      11788       1208
      11789       1207
      11790       1266
      11791       1265
      11792       1264
      11793       1263
      11794       1262
      11795       1261
      11796       1260
      11797       1259
      11798       1258
      11799       1257
      11800       1256
      11801       1255
      11802       1254
      11803       1253
      11804       1252
      11805       1251
      11806       1250
      11807       1249
      11808       1242
      11809       1241
      11810       1240
      11811       1239
      11812       1238
      11813       1237
      11814       1150
      11815       1149
      11816       1147
      11817       1145
      11818       1143
      11819       1141
      11820       1206
      11821       1205
      11822       1204
      11823       1203
      11824       1202
      11825       1201
      11826       1200
      11827       1199
      11828       1198
      11829       1197
      11830       1196
      11831       1195
      11832       1248
      11833       1247
      11834       1246
      11835       1245
      11836       1244
      11837       1243
      11838       1236
      11839       1235
      11840       1234
      11841       1233
      11842       1232
      11843       1231
      11844       1230
      11845       1229
      11846       1228
      11847       1227
      11848       1226
      11849       1225
      11850       1080
      11851       1079
      11852       1076
      11853       1074
      11854       1072
      11855       1070
      11856       1140
      11857       1139
      11858       1138
      11859       1137
      11860       1136
      11861       1135
      11862       1194
      11863       1193
      11864       1192
      11865       1191
      11866       1190
      11867       1189
      11868       1188
      11869       1187
      11870       1186
      11871       1185
      11872       1184
      11873       1183
      11874       1182
      11875       1181
      11876       1180
      11877       1179
      11878       1178
      11879       1177
      11880       1170
      11881       1169
      11882       1168
      11883       1167
      11884       1166
      11885       1165
      11886       1078
      11887       1077
      11888       1075
      11889       1073
      11890       1071
      11891       1069
      11892       1134
      11893       1133
      11894       1132
      11895       1131
      11896       1130
      11897       1129
      11898       1128
      11899       1127
      11900       1126
      11901       1125
      11902       1124
      11903       1123
      11904       1176
      11905       1175
      11906       1174
      11907       1173
      11908       1172
      11909       1171
      11910       1164
      11911       1163
      11912       1162
      11913       1161
      11914       1160
      11915       1159
      11916       1158
      11917       1157
      11918       1156
      11919       1155
      11920       1154
      11921       1153
      11922       1008
      11923       1007
      11924       1004
      11925       1002
      11926       1000
      11927        998
      11928       1068
      11929       1067
      11930       1066
      11931       1065
      11932       1064
      11933       1063
      11934       1122
      11935       1121
      11936       1120
      11937       1119
      11938       1118
      11939       1117
      11940       1116
      11941       1115
      11942       1114
      11943       1113
      11944       1112
      11945       1111
      11946       1110
      11947       1109
      11948       1108
      11949       1107
      11950       1106
      11951       1105
      11952       1098
      11953       1097
      11954       1096
      11955       1095
      11956       1094
      11957       1093
      11958       1006
      11959       1005
      11960       1003
      11961       1001
      11962        999
      11963        997
      11964       1062
      11965       1061
      11966       1060
      11967       1059
      11968       1058
      11969       1057
      11970       1056
      11971       1055
      11972       1054
      11973       1053
      11974       1052
      11975       1051
      11976       1104
      11977       1103
      11978       1102
      11979       1101
      11980       1100
      11981       1099
      11982       1092
      11983       1091
      11984       1090
      11985       1089
      11986       1088
      11987       1087
      11988       1086
      11989       1085
      11990       1084
      11991       1083
      11992       1082
      11993       1081
      11994        936
      11995        935
      11996        932
      11997        930
      11998        928
      11999        926
      12000        996
      12001        995
      12002        994
      12003        993
      12004        992
      12005        991
      12006       1050
      12007       1049
      12008       1048
      12009       1047
      12010       1046
      12011       1045
      12012       1044
      12013       1043
      12014       1042
      12015       1041
      12016       1040
      12017       1039
      12018       1038
      12019       1037
      12020       1036
      12021       1035
      12022       1034
      12023       1033
      12024       1026
      12025       1025
      12026       1024
      12027       1023
      12028       1022
      12029       1021
      12030        934
      12031        933
      12032        931
      12033        929
      12034        927
      12035        925
      12036        990
      12037        989
      12038        988
      12039        987
      12040        986
      12041        985
      12042        984
      12043        983
      12044        982
      12045        981
      12046        980
      12047        979
      12048       1032
      12049       1031
      12050       1030
      12051       1029
      12052       1028
      12053       1027
      12054       1020
      12055       1019
      12056       1018
      12057       1017
      12058       1016
      12059       1015
      12060       1014
      12061       1013
      12062       1012
      12063       1011
      12064       1010
      12065       1009
      12066        864
      12067        863
      12068        860
      12069        858
      12070        856
      12071        854
      12072        924
      12073        923
      12074        922
      12075        921
      12076        920
      12077        919
      12078        978
      12079        977
      12080        976
      12081        975
      12082        974
      12083        973
      12084        972
      12085        971
      12086        970
      12087        969
      12088        968
      12089        967
      12090        966
      12091        965
      12092        964
      12093        963
      12094        962
      12095        961
      12096        954
      12097        953
      12098        952
      12099        951
      12100        950
      12101        949
      12102        862
      12103        861
      12104        859
      12105        857
      12106        855
      12107        853
      12108        918
      12109        917
      12110        916
      12111        915
      12112        914
      12113        913
      12114        912
      12115        911
      12116        910
      12117        909
      12118        908
      12119        907
      12120        960
      12121        959
      12122        958
      12123        957
      12124        956
      12125        955
      12126        948
      12127        947
      12128        946
      12129        945
      12130        944
      12131        943
      12132        942
      12133        941
      12134        940
      12135        939
      12136        938
      12137        937
      12138        792
      12139        791
      12140        788
      12141        786
      12142        784
      12143        782
      12144        852
      12145        851
      12146        850
      12147        849
      12148        848
      12149        847
      12150        906
      12151        905
      12152        904
      12153        903
      12154        902
      12155        901
      12156        900
      12157        899
      12158        898
      12159        897
      12160        896
      12161        895
      12162        894
      12163        893
      12164        892
      12165        891
      12166        890
      12167        889
      12168        882
      12169        881
      12170        880
      12171        879
      12172        878
      12173        877
      12174        790
      12175        789
      12176        787
      12177        785
      12178        783
      12179        781
      12180        846
      12181        845
      12182        844
      12183        843
      12184        842
      12185        841
      12186        840
      12187        839
      12188        838
      12189        837
      12190        836
      12191        835
      12192        888
      12193        887
      12194        886
      12195        885
      12196        884
      12197        883
      12198        876
      12199        875
      12200        874
      12201        873
      12202        872
      12203        871
      12204        870
      12205        869
      12206        868
      12207        867
      12208        866
      12209        865
      12210        720
      12211        719
      12212        716
      12213        714
      12214        712
      12215        710
      12216        780
      12217        779
      12218        778
      12219        777
      12220        776
      12221        775
      12222        834
      12223        833
      12224        832
      12225        831
      12226        830
      12227        829
      12228        828
      12229        827
      12230        826
      12231        825
      12232        824
      12233        823
      12234        822
      12235        821
      12236        820
      12237        819
      12238        818
      12239        817
      12240        810
      12241        809
      12242        808
      12243        807
      12244        806
      12245        805
      12246        718
      12247        717
      12248        715
      12249        713
      12250        711
      12251        709
      12252        774
      12253        773
      12254        772
      12255        771
      12256        770
      12257        769
      12258        768
      12259        767
      12260        766
      12261        765
      12262        764
      12263        763
      12264        816
      12265        815
      12266        814
      12267        813
      12268        812
      12269        811
      12270        804
      12271        803
      12272        802
      12273        801
      12274        800
      12275        799
      12276        798
      12277        797
      12278        796
      12279        795
      12280        794
      12281        793
      12282        648
      12283        647
      12284        644
      12285        642
      12286        640
      12287        638
      12288        708
      12289        707
      12290        706
      12291        705
      12292        704
      12293        703
      12294        762
      12295        761
      12296        760
      12297        759
      12298        758
      12299        757
      12300        756
      12301        755
      12302        754
      12303        753
      12304        752
      12305        751
      12306        750
      12307        749
      12308        748
      12309        747
      12310        746
      12311        745
      12312        738
      12313        737
      12314        736
      12315        735
      12316        734
      12317        733
      12318        646
      12319        645
      12320        643
      12321        641
      12322        639
      12323        637
      12324        702
      12325        701
      12326        700
      12327        699
      12328        698
      12329        697
      12330        696
      12331        695
      12332        694
      12333        693
      12334        692
      12335        691
      12336        744
      12337        743
      12338        742
      12339        741
      12340        740
      12341        739
      12342        732
      12343        731
      12344        730
      12345        729
      12346        728
      12347        727
      12348        726
      12349        725
      12350        724
      12351        723
      12352        722
      12353        721
      12354        576
      12355        575
      12356        572
      12357        570
      12358        568
      12359        566
      12360        636
      12361        635
      12362        634
      12363        633
      12364        632
      12365        631
      12366        690
      12367        689
      12368        688
      12369        687
      12370        686
      12371        685
      12372        684
      12373        683
      12374        682
      12375        681
      12376        680
      12377        679
      12378        678
      12379        677
      12380        676
      12381        675
      12382        674
      12383        673
      12384        666
      12385        665
      12386        664
      12387        663
      12388        662
      12389        661
      12390        574
      12391        573
      12392        571
      12393        569
      12394        567
      12395        565
      12396        630
      12397        629
      12398        628
      12399        627
      12400        626
      12401        625
      12402        624
      12403        623
      12404        622
      12405        621
      12406        620
      12407        619
      12408        672
      12409        671
      12410        670
      12411        669
      12412        668
      12413        667
      12414        660
      12415        659
      12416        658
      12417        657
      12418        656
      12419        655
      12420        654
      12421        653
      12422        652
      12423        651
      12424        650
      12425        649
      12426        504
      12427        503
      12428        500
      12429        498
      12430        496
      12431        494
      12432        564
      12433        563
      12434        562
      12435        561
      12436        560
      12437        559
      12438        618
      12439        617
      12440        616
      12441        615
      12442        614
      12443        613
      12444        612
      12445        611
      12446        610
      12447        609
      12448        608
      12449        607
      12450        606
      12451        605
      12452        604
      12453        603
      12454        602
      12455        601
      12456        594
      12457        593
      12458        592
      12459        591
      12460        590
      12461        589
      12462        502
      12463        501
      12464        499
      12465        497
      12466        495
      12467        493
      12468        558
      12469        557
      12470        556
      12471        555
      12472        554
      12473        553
      12474        552
      12475        551
      12476        550
      12477        549
      12478        548
      12479        547
      12480        600
      12481        599
      12482        598
      12483        597
      12484        596
      12485        595
      12486        588
      12487        587
      12488        586
      12489        585
      12490        584
      12491        583
      12492        582
      12493        581
      12494        580
      12495        579
      12496        578
      12497        577
      12498        492
      12499        491
      12500        490
      12501        489
      12502        488
      12503        487
      12504        546
      12505        545
      12506        544
      12507        543
      12508        542
      12509        541
      12510        540
      12511        539
      12512        538
      12513        537
      12514        536
      12515        535
      12516        522
      12517        521
      12518        520
      12519        519
      12520        518
      12521        517
      12522        534
      12523        533
      12524        532
      12525        531
      12526        530
      12527        529
      12528        486
      12529        485
      12530        484
      12531        483
      12532        482
      12533        481
      12534        480
      12535        479
      12536        478
      12537        477
      12538        476
      12539        475
      12540        516
      12541        515
      12542        514
      12543        513
      12544        512
      12545        511
      12546        528
      12547        527
      12548        526
      12549        525
      12550        524
      12551        523
      12552        426
      12553        425
      12554        424
      12555        423
      12556        422
      12557        421
      12558        510
      12559        509
      12560        508
      12561        507
      12562        506
      12563        505
      12564        474
      12565        473
      12566        472
      12567        471
      12568        470
      12569        469
      12570        420
      12571        419
      12572        418
      12573        417
      12574        416
      12575        415
      12576        450
      12577        449
      12578        448
      12579        447
      12580        446
      12581        445
      12582        468
      12583        467
      12584        466
      12585        465
      12586        464
      12587        463
      12588        462
      12589        461
      12590        460
      12591        459
      12592        458
      12593        457
      12594        414
      12595        413
      12596        412
      12597        411
      12598        410
      12599        409
      12600        408
      12601        407
      12602        406
      12603        405
      12604        404
      12605        403
      12606        354
      12607        353
      12608        350
      12609        348
      12610        346
      12611        344
      12612        444
      12613        443
      12614        442
      12615        441
      12616        440
      12617        439
      12618        352
      12619        351
      12620        349
      12621        347
      12622        345
      12623        343
      12624        456
      12625        455
      12626        454
      12627        453
      12628        452
      12629        451
      12630        438
      12631        437
      12632        434
      12633        432
      12634        430
      12635        428
      12636        402
      12637        401
      12638        400
      12639        399
      12640        398
      12641        397
      12642        436
      12643        435
      12644        433
      12645        431
      12646        429
      12647        427
      12648        342
      12649        341
      12650        340
      12651        339
      12652        338
      12653        337
      12654        396
      12655        395
      12656        394
      12657        393
      12658        392
      12659        391
      12660        390
      12661        389
      12662        388
      12663        387
      12664        386
      12665        385
      12666        318
      12667        317
      12668        316
      12669        312
      12670        310
      12671        308
      12672        315
      12673        314
      12674        313
      12675        311
      12676        309
      12677        307
      12678        324
      12679        323
      12680        322
      12681        321
      12682        320
      12683        319
      12684        336
      12685        335
      12686        332
      12687        330
      12688        328
      12689        326
      12690        334
      12691        333
      12692        331
      12693        329
      12694        327
      12695        325
      12696        384
      12697        383
      12698        380
      12699        378
      12700        376
      12701        374
      12702        382
      12703        381
      12704        379
      12705        377
      12706        375
      12707        373
      12708        372
      12709        371
      12710        368
      12711        366
      12712        364
      12713        362
      12714        370
      12715        369
      12716        367
      12717        365
      12718        363
      12719        361
      12720        360
      12721        359
      12722        358
      12723        357
      12724        356
      12725        355
  0.14999999999999997
  0.15000001630693993
  0.15000001833169771
  0.15000001869221247
  0.1500000186958225
  0.15000001869583854
  0.14999999999999999
  0.15000001634240731
  0.15000001837156918
  0.15000001873286778
  0.15000001873648566
  0.15000001873650179
  0.14999999999999999
  0.15000001637686258
  0.15000001841030272
  0.15000001877236319
  0.1500000187759887
  0.15000001877600483
  0.14999999999999997
  0.1500000164052181
  0.150000018442179
  0.15000001880486641
  0.1500000188084982
  0.15000001880851441
  0.14999999999999997
  0.15000001643136104
  0.15000001847156824
  0.15000001883483355
  0.15000001883847106
  0.15000001883848721
  0.15000000000000002
  0.15000001645066055
  0.15000001849326378
  0.15000001885695582
  0.15000001886059763
  0.15000001886061373
  0.15000000000000002
  0.15000001646493991
  0.15000001850931627
  0.15000001887332387
  0.15000001887696895
  0.15000001887698522
  0.14999999999999999
  0.15000001647378255
  0.15000001851925671
  0.15000001888346018
  0.15000001888710721
  0.15000001888712339
  0.14999999999999994
  0.15000001647533123
  0.15000001852099773
  0.15000001888523565
  0.15000001888888295
  0.15000001888889911
  0.15000000000000002
  0.15000001647369848
  0.15000001851916256
  0.15000001888336403
  0.15000001888701098
  0.15000001888702716
  0.14999999999999999
  0.15000001646015054
  0.1500000185039323
  0.15000001886783393
  0.15000001887147793
  0.15000001887149425
  0.15000000000000002
  0.15000001648763753
  0.15000001853483202
  0.15000001889934159
  0.15000001890299169
  0.15000001890300793
  0.15000000000000002
  0.15000001638900168
  0.150000018423949
  0.15000001878627786
  0.15000001878990607
  0.15000001878992217
  0.15000000000000005
  0.15000001642050778
  0.15000001845936692
  0.15000001882239228
  0.15000001882602751
  0.15000001882604361
  0.14999999999999994
  0.1500000164863719
  0.15000001853340941
  0.15000001889789094
  0.15000001890154066
  0.15000001890155684
  0.14999999999999999
  0.15000001650465894
  0.15000001855396725
  0.15000001891885328
  0.15000001892250714
  0.15000001892252338
  0.15000000000000002
  0.15000001635327517
  0.1500000183837864
  0.15000001874532537
  0.15000001874894558
  0.15000001874896171
  0.14999999999999999
  0.15000001650032038
  0.15000001854908993
  0.15000001891388015
  0.15000001891753301
  0.15000001891754933
  0.14999999999999999
  0.15000001645461689
  0.1500000184977115
  0.15000001886149095
  0.1500000188651337
  0.15000001886514983
  0.14999999999999999
  0.15000001650759928
  0.15000001855727246
  0.15000001892222348
  0.15000001892587789
  0.15000001892589418
  0.14999999999999999
  0.15000001636644272
  0.15000001839858876
  0.15000001876041905
  0.15000001876404231
  0.15000001876405838
  0.15000000000000005
  0.15000001655165995
  0.15000001860680376
  0.15000001897272866
  0.15000001897639287
  0.15000001897640899
  0.14999999999999997
  0.15000001652887687
  0.15000001858119205
  0.15000001894661324
  0.15000001895027237
  0.15000001895028864
  0.14999999999999999
  0.1500000164468214
  0.15000001848894803
  0.15000001885255504
  0.15000001885619604
  0.15000001885621217
  0.14999999999999999
  0.15000001650714273
  0.1500000185567591
  0.15000001892169981
  0.15000001892535417
  0.15000001892537049
  0.15000000000000002
  0.15000001657763676
  0.15000001863600612
  0.15000001900250567
  0.15000001900617563
  0.15000001900619195
  0.14999999999999999
  0.15000001650376246
  0.15000001855295911
  0.15000001891782527
  0.15000001892147882
  0.15000001892149514
  0.15000000000000005
  0.15000001660395096
  0.15000001866558779
  0.15000001903266916
  0.15000001903634494
  0.15000001903636132
  0.14999999999999999
  0.15000001646646247
  0.15000001851102779
  0.15000001887506903
  0.15000001887871442
  0.15000001887873068
  0.14999999999999999
  0.15000001660513301
  0.15000001866691642
  0.15000001903402341
  0.15000001903769949
  0.15000001903771595
  0.15000000000000002
  0.15000001657542303
  0.1500000186335175
  0.15000001899996782
  0.15000001900363732
  0.15000001900365356
  0.14999999999999997
  0.15000001662265297
  0.15000001868661167
  0.15000001905410626
  0.15000001905778623
  0.15000001905780269
  0.14999999999999999
  0.15000001658125836
  0.15000001864007753
  0.15000001900665649
  0.15000001901032728
  0.15000001901034365
  0.14999999999999999
  0.15000001670096408
  0.15000001877464658
  0.1500000191438722
  0.15000001914756947
  0.15000001914758593
  0.14999999999999999
  0.15000001668038287
  0.15000001875150987
  0.15000001912028052
  0.15000001912397323
  0.15000001912398972
  0.15000000000000002
  0.15000001664274101
  0.15000001870919397
  0.15000001907713256
  0.15000001908081698
  0.15000001908083327
  0.15000000000000002
  0.15000001671649169
  0.15000001879210209
  0.15000001916167138
  0.15000001916537209
  0.15000001916538847
  0.14999999999999999
  0.15000001664930684
  0.15000001871657523
  0.15000001908465871
  0.15000001908834446
  0.15000001908836091
  0.14999999999999997
  0.1500000167134202
  0.15000001878864924
  0.15000001915815026
  0.15000001916185021
  0.1500000191618667
  0.14999999999999999
  0.1500000167663906
  0.15000001884819672
  0.15000001921886896
  0.15000001922258072
  0.15000001922259726
  0.14999999999999999
  0.15000001679828764
  0.15000001888405418
  0.15000001925543169
  0.15000001925915049
  0.15000001925916692
  0.15000000000000002
  0.15000001681615255
  0.15000001890413736
  0.15000001927590997
  0.15000001927963275
  0.15000001927964929
  0.14999999999999999
  0.15000001681848979
  0.15000001890676484
  0.15000001927858914
  0.15000001928231249
  0.15000001928232903
  0.15000000000000005
  0.15000001680476061
  0.15000001889133102
  0.1500000192628515
  0.15000001926657175
  0.15000001926658829
  0.14999999999999999
  0.15000001686470177
  0.1500000189587147
  0.15000001933156046
  0.15000001933529397
  0.15000001933531054
  0.14999999999999997
  0.1500000169319585
  0.15000001903432233
  0.15000001940865529
  0.15000001941240368
  0.15000001941242017
  0.15000000000000002
  0.15000001690999962
  0.15000001900963733
  0.15000001938348428
  0.15000001938722785
  0.15000001938724453
  0.14999999999999999
  0.1500000169452419
  0.150000019049255
  0.15000001942388169
  0.15000001942763302
  0.15000001942764965
  0.14999999999999999
  0.15000001690943962
  0.1500000190090077
  0.15000001938284258
  0.15000001938658608
  0.15000001938660276
  0.14999999999999999
  0.15000001697795987
  0.1500000190860355
  0.15000001946138544
  0.1500000194651441
  0.15000001946516078
  0.15000000000000002
  0.15000001703221497
  0.15000001914702762
  0.15000001952357675
  0.15000001952734732
  0.15000001952736403
  0.14999999999999999
  0.15000001706864066
  0.15000001918797592
  0.15000001956533049
  0.15000001956910916
  0.15000001956912601
  0.15000000000000002
  0.15000001709242314
  0.15000001921471112
  0.15000001959259171
  0.15000001959637563
  0.1500000195963925
  0.15000000000000002
  0.15000001708999214
  0.15000001921197856
  0.15000001958980522
  0.15000001959358866
  0.15000001959360551
  0.15000000000000002
  0.15000001710537642
  0.15000001922927306
  0.15000001960743997
  0.15000001961122672
  0.1500000196112436
  0.14999999999999999
  0.15000001716905864
  0.15000001930086235
  0.15000001968043697
  0.15000001968423785
  0.15000001968425478
  0.14999999999999999
  0.15000001721707326
  0.15000001935483906
  0.15000001973547508
  0.15000001973928662
  0.15000001973930358
  0.14999999999999999
  0.15000001724695514
  0.15000001938843072
  0.15000001976972793
  0.15000001977354607
  0.15000001977356309
  0.15000000000000002
  0.15000001725813406
  0.15000001940099769
  0.15000001978254196
  0.15000001978636252
  0.15000001978637956
  0.14999999999999999
  0.15000001724641723
  0.15000001938782648
  0.15000001976911151
  0.15000001977292959
  0.1500000197729465
  0.14999999999999997
  0.15000001731975204
  0.15000001947026689
  0.15000001985317307
  0.15000001985700734
  0.1500000198570243
  0.14999999999999997
  0.15000001737777935
  0.15000001953549935
  0.15000001991968831
  0.15000001992353537
  0.15000001992355241
  0.14999999999999999
  0.15000001741916819
  0.15000001958202722
  0.15000001996713153
  0.15000001997098783
  0.15000001997100496
  0.15000000000000005
  0.15000001744006625
  0.1500000196055197
  0.15000001999108614
  0.15000001999494708
  0.15000001999496415
  0.14999999999999999
  0.15000001744031444
  0.15000001960579887
  0.15000001999137094
  0.15000001999523191
  0.15000001999524906
  0.14999999999999999
  0.15000001740086921
  0.15000001956145614
  0.15000001994615603
  0.15000001995000825
  0.15000001995002538
  0.14999999999999999
  0.15000001748406619
  0.15000001965498341
  0.15000002004152266
  0.15000002004539328
  0.15000002004541055
  0.15000000000000005
  0.15000001755258843
  0.15000001973201393
  0.15000002012006763
  0.15000002012395344
  0.15000002012397076
  0.14999999999999999
  0.15000001760389289
  0.15000001978968838
  0.15000002017887673
  0.15000002018277389
  0.15000002018279118
  0.15000000000000002
  0.15000001763624843
  0.15000001982606115
  0.15000002021596504
  0.15000002021986936
  0.1500000202198867
  0.15000000000000002
  0.15000001764796203
  0.15000001983922923
  0.15000002022939227
  0.15000002023329911
  0.15000002023331646
  0.14999999999999997
  0.15000001766170751
  0.15000001985468181
  0.15000002024514852
  0.15000002024905845
  0.15000002024907591
  0.14999999999999997
  0.15000001774101565
  0.15000001994383733
  0.15000002033605725
  0.1500000203399848
  0.1500000203400022
  0.15000000000000002
  0.15000001780374192
  0.15000002001435175
  0.15000002040795848
  0.15000002041189991
  0.15000002041191746
  0.14999999999999999
  0.15000001784751091
  0.15000002006355539
  0.15000002045812996
  0.15000002046208108
  0.15000002046209859
  0.14999999999999999
  0.15000001787085226
  0.15000002008979499
  0.15000002048488592
  0.1500000204888422
  0.15000002048885994
  0.15000000000000002
  0.15000001787211312
  0.1500000200912126
  0.15000002048633129
  0.15000002049028791
  0.15000002049030545
  0.15000000000000002
  0.15000001785241085
  0.15000002006906357
  0.15000002046374655
  0.15000002046769878
  0.15000002046771629
  0.15000000000000002
  0.15000001794272821
  0.15000002017059574
  0.15000002056727546
  0.15000002057124767
  0.15000002057126532
  0.15000000000000002
  0.15000001801721835
  0.15000002025433493
  0.15000002065266135
  0.15000002065665005
  0.15000002065666779
  0.14999999999999999
  0.15000001807313523
  0.15000002031719489
  0.15000002071675772
  0.1500000207207588
  0.15000002072077664
  0.15000000000000002
  0.15000001810843508
  0.15000002035687762
  0.15000002075722138
  0.15000002076123028
  0.15000002076124819
  0.15000000000000002
  0.15000001812141159
  0.15000002037146534
  0.15000002077209601
  0.15000002077610777
  0.15000002077612556
  0.15000000000000002
  0.15000001815740899
  0.1500000204119325
  0.15000002081335853
  0.15000002081737826
  0.15000002081739597
  0.14999999999999997
  0.1500000182439947
  0.15000002050926942
  0.15000002091260958
  0.15000002091664846
  0.15000002091666639
  0.14999999999999999
  0.15000001831257292
  0.15000002058636261
  0.1500000209912192
  0.15000002099527335
  0.15000002099529133
  0.14999999999999999
  0.15000001836057372
  0.15000002064032328
  0.15000002104624144
  0.15000002105030619
  0.15000002105032417
  0.15000000000000002
  0.15000001838617286
  0.15000002066910112
  0.15000002107558538
  0.15000002107965571
  0.15000002107967372
  0.14999999999999999
  0.15000001838812338
  0.1500000206712937
  0.15000002107782121
  0.15000002108189203
  0.15000002108191007
  0.14999999999999999
  0.15000001838476718
  0.15000002066752069
  0.15000002107397353
  0.1500000210780435
  0.15000002107806162
  0.15000000000000002
  0.15000001848372227
  0.15000002077876273
  0.15000002118740352
  0.15000002119149544
  0.15000002119151368
  0.14999999999999999
  0.1500000185654401
  0.1500000208706273
  0.15000002128107484
  0.15000002128518483
  0.15000002128520318
  0.14999999999999999
  0.15000001862691179
  0.15000002093973155
  0.15000002135153825
  0.15000002135566196
  0.15000002135568019
  0.14999999999999997
  0.15000001866580825
  0.15000002098345766
  0.15000002139612462
  0.15000002140025681
  0.1500000214002753
  0.14999999999999999
  0.15000001868052912
  0.15000002100000642
  0.15000002141299881
  0.15000002141713428
  0.15000002141715268
  0.15000000000000002
  0.15000001873604979
  0.15000002106242097
  0.15000002147664046
  0.15000002148078831
  0.15000002148080674
  0.15000000000000002
  0.15000001883133665
  0.15000002116953923
  0.1500000215858654
  0.15000002159003434
  0.15000002159005282
  0.14999999999999999
  0.15000001890692458
  0.15000002125451278
  0.15000002167251045
  0.15000002167669607
  0.15000002167671467
  0.14999999999999997
  0.15000001895999393
  0.15000002131417128
  0.15000002173334248
  0.15000002173753987
  0.15000002173755855
  0.15000000000000002
  0.15000001898848264
  0.15000002134619736
  0.15000002176599866
  0.15000002177020241
  0.15000002177022106
  0.14999999999999999
  0.15000001899112786
  0.15000002134917095
  0.15000002176903071
  0.15000002177323499
  0.15000002177325372
  0.15000000000000005
  0.15000001900063736
  0.15000002135986137
  0.15000002177993074
  0.1500000217841371
  0.15000002178415583
  0.14999999999999997
  0.1500000191098512
  0.15000002148263605
  0.15000002190512016
  0.15000002190935066
  0.15000002190936942
  0.15000000000000002
  0.15000001920015596
  0.15000002158415365
  0.1500000220086346
  0.15000002201288518
  0.15000002201290397
  0.15000000000000002
  0.15000001926823014
  0.15000002166068049
  0.15000002208666685
  0.15000002209093249
  0.1500000220909514
  0.15000000000000002
  0.1500000193114901
  0.15000002170931134
  0.15000002213625438
  0.15000002214052965
  0.15000002214054869
  0.14999999999999997
  0.15000001932818646
  0.15000002172808097
  0.15000002215539313
  0.15000002215967209
  0.15000002215969105
  0.14999999999999999
  0.1500000194005735
  0.15000002180945612
  0.15000002223836842
  0.15000002224266332
  0.15000002224268244
  0.14999999999999999
  0.15000001950613046
  0.15000002192811981
  0.1500000223593661
  0.15000002236368437
  0.15000002236370366
  0.14999999999999999
  0.15000001958999856
  0.15000002202240192
  0.15000002245550254
  0.15000002245983945
  0.15000002245985891
  0.14999999999999997
  0.15000001964905232
  0.15000002208878802
  0.15000002252319455
  0.15000002252754444
  0.15000002252756378
  0.14999999999999997
  0.15000001968099699
  0.1500000221246989
  0.1500000225598121
  0.15000002256416911
  0.15000002256418851
  0.14999999999999997
  0.15000001968445648
  0.1500000221285881
  0.15000002256377762
  0.15000002256813535
  0.15000002256815467
  0.14999999999999999
  0.150000019703105
  0.1500000221495521
  0.15000002258515316
  0.15000002258951509
  0.15000002258953443
  0.14999999999999999
  0.15000001982436367
  0.1500000222858672
  0.15000002272414956
  0.15000002272853835
  0.15000002272855784
  0.15000000000000002
  0.15000001992475551
  0.15000002239872445
  0.150000022839227
  0.15000002284363806
  0.15000002284365763
  0.14999999999999999
  0.15000002000059035
  0.15000002248397576
  0.15000002292615514
  0.15000002293058293
  0.15000002293060261
  0.15000000000000005
  0.1500000200489944
  0.15000002253838982
  0.15000002298163961
  0.15000002298607812
  0.1500000229860978
  0.15000000000000002
  0.15000002006801982
  0.15000002255977748
  0.15000002300344806
  0.15000002300789078
  0.15000002300791052
  0.15000000000000005
  0.15000002015437433
  0.15000002265685439
  0.15000002310243346
  0.15000002310689534
  0.15000002310691507
  0.14999999999999999
  0.15000002027193984
  0.15000002278901772
  0.15000002323719661
  0.15000002324168454
  0.15000002324170444
  0.14999999999999999
  0.15000002036549559
  0.15000002289419037
  0.15000002334443835
  0.15000002334894696
  0.15000002334896692
  0.15000000000000002
  0.1500000204315575
  0.15000002296845522
  0.15000002342016386
  0.15000002342468702
  0.15000002342470711
  0.15000000000000002
  0.15000002046756461
  0.15000002300893292
  0.15000002346143801
  0.15000002346596927
  0.15000002346598951
  0.15000000000000005
  0.15000002047197941
  0.15000002301389617
  0.15000002346649902
  0.15000002347103114
  0.15000002347105126
  0.15000000000000002
  0.15000002049569644
  0.15000002304055746
  0.15000002349368308
  0.15000002349822045
  0.15000002349824063
  0.15000000000000002
  0.15000002063098267
  0.15000002319264219
  0.15000002364875989
  0.15000002365332726
  0.15000002365334764
  0.15000000000000002
  0.15000002074312871
  0.1500000233187132
  0.15000002377731128
  0.15000002378190352
  0.15000002378192395
  0.14999999999999999
  0.15000002082801267
  0.15000002341413757
  0.15000002387461261
  0.15000002387922359
  0.15000002387924422
  0.14999999999999999
  0.15000002088242123
  0.15000002347530172
  0.15000002393697989
  0.15000002394160286
  0.15000002394162334
  0.15000000000000002
  0.1500000209041738
  0.15000002349975516
  0.15000002396191467
  0.15000002396654255
  0.15000002396656309
  0.14999999999999999
  0.15000002100131984
  0.15000002360896339
  0.15000002407326951
  0.15000002407791888
  0.15000002407793966
  0.14999999999999997
  0.15000002113283015
  0.15000002375680307
  0.1500000242240179
  0.15000002422869638
  0.15000002422871722
  0.15000000000000002
  0.15000002123764231
  0.15000002387463032
  0.15000002434416326
  0.15000002434886495
  0.15000002434888574
  0.14999999999999999
  0.15000002131185411
  0.15000002395805692
  0.1500000244292308
  0.15000002443394897
  0.15000002443396987
  0.14999999999999999
  0.15000002135259347
  0.15000002400385443
  0.15000002447592981
  0.15000002448065694
  0.15000002448067795
  0.14999999999999997
  0.15000002135813406
  0.15000002401008333
  0.15000002448228122
  0.15000002448700966
  0.1500000244870307
  0.14999999999999999
  0.15000002138240651
  0.15000002403736845
  0.15000002451010075
  0.15000002451483446
  0.15000002451485536
  0.15000000000000002
  0.15000002153393283
  0.15000002420770994
  0.15000002468379389
  0.15000002468856119
  0.15000002468858231
  0.14999999999999997
  0.15000002165969517
  0.15000002434908855
  0.15000002482795405
  0.15000002483274924
  0.15000002483277058
  0.15000000000000002
  0.15000002175506943
  0.15000002445630584
  0.1500000249372809
  0.15000002494209727
  0.15000002494211873
  0.15000000000000002
  0.15000002181644645
  0.15000002452530398
  0.15000002500763659
  0.15000002501246643
  0.15000002501248796
  0.14999999999999994
  0.15000002184137462
  0.15000002455332734
  0.15000002503621143
  0.15000002504104681
  0.15000002504106827
  0.14999999999999999
  0.1500000219457765
  0.15000002467069148
  0.15000002515588226
  0.15000002516074085
  0.15000002516076227
  0.14999999999999999
  0.15000002209339755
  0.15000002483664313
  0.15000002532509921
  0.15000002532999038
  0.15000002533001205
  0.14999999999999999
  0.15000002221122405
  0.15000002496910081
  0.15000002546016283
  0.15000002546508007
  0.15000002546510191
  0.15000000000000005
  0.15000002229486625
  0.15000002506312923
  0.15000002555604144
  0.15000002556097719
  0.15000002556099917
  0.14999999999999997
  0.15000002234109125
  0.15000002511509353
  0.15000002560902867
  0.15000002561397471
  0.1500000256139967
  0.14999999999999999
  0.1500000223479524
  0.150000025122807
  0.15000002561689377
  0.15000002562184139
  0.1500000256218634
  0.14999999999999997
  0.15000002236772372
  0.15000002514503133
  0.1500000256395522
  0.15000002564450418
  0.15000002564452614
  0.14999999999999999
  0.15000002253796896
  0.15000002533641682
  0.15000002583470365
  0.15000002583969324
  0.15000002583971556
  0.15000000000000002
  0.15000002267943688
  0.15000002549545138
  0.15000002599686746
  0.15000002600188844
  0.15000002600191087
  0.14999999999999999
  0.15000002278692043
  0.15000002561628173
  0.15000002612007551
  0.15000002612512031
  0.1500000261251426
  0.14999999999999994
  0.15000002285635072
  0.15000002569433341
  0.1500000261996636
  0.15000002620472383
  0.15000002620474631
  0.14999999999999999
  0.15000002288496139
  0.15000002572649679
  0.15000002623245984
  0.15000002623752631
  0.15000002623754885
  0.15000000000000002
  0.1500000229926377
  0.15000002584754143
  0.15000002635588272
  0.15000002636097301
  0.15000002636099563
  0.14999999999999994
  0.15000002315880318
  0.15000002603434071
  0.15000002654635797
  0.15000002655148503
  0.15000002655150782
  0.14999999999999999
  0.15000002329162052
  0.15000002618365074
  0.1500000266986064
  0.15000002670376303
  0.15000002670378593
  0.15000000000000002
  0.15000002338613574
  0.15000002628990278
  0.15000002680694963
  0.1500000268121271
  0.15000002681215016
  0.14999999999999997
  0.15000002343869653
  0.15000002634899018
  0.15000002686720013
  0.15000002687238934
  0.15000002687241237
  0.14999999999999994
  0.15000002344710153
  0.15000002635843909
  0.15000002687683514
  0.15000002688202616
  0.15000002688204922
  0.14999999999999997
  0.15000002345665925
  0.15000002636918033
  0.15000002688778266
  0.15000002689297579
  0.15000002689299896
  0.14999999999999997
  0.15000002364841095
  0.15000002658474337
  0.15000002710758861
  0.15000002711282426
  0.15000002711284746
  0.15000000000000002
  0.15000002380793631
  0.15000002676407806
  0.15000002729045275
  0.15000002729572368
  0.15000002729574705
  0.14999999999999999
  0.15000002392935383
  0.15000002690057315
  0.15000002742963453
  0.15000002743493235
  0.15000002743495602
  0.14999999999999997
  0.15000002400806237
  0.15000002698905582
  0.15000002751985925
  0.15000002752517444
  0.15000002752519806
  0.14999999999999999
  0.1500000240409306
  0.15000002702600559
  0.15000002755753639
  0.15000002756285885
  0.1500000275628825
  0.14999999999999999
  0.15000002414735933
  0.15000002714564661
  0.15000002767952639
  0.15000002768487242
  0.15000002768489612
  0.14999999999999997
  0.15000002433481111
  0.15000002735637596
  0.15000002789440411
  0.15000002789979167
  0.15000002789981556
  0.14999999999999999
  0.15000002448484914
  0.15000002752504588
  0.15000002806639412
  0.15000002807181492
  0.15000002807183896
  0.14999999999999999
  0.15000002459186723
  0.15000002764535364
  0.15000002818907049
  0.15000002819451505
  0.1500000281945392
  0.14999999999999999
  0.15000002465172702
  0.15000002771264703
  0.15000002825768888
  0.15000002826314671
  0.15000002826317102
  0.14999999999999994
  0.15000002466193194
  0.15000002772411936
  0.15000002826938724
  0.15000002827484729
  0.15000002827487163
  0.14999999999999994
  0.15000002465477963
  0.15000002771607374
  0.1500000282611757
  0.15000002826663414
  0.15000002826665826
  0.14999999999999999
  0.15000002487118086
  0.15000002795934836
  0.1500000285092398
  0.15000002851474614
  0.15000002851477057
  0.14999999999999999
  0.15000002505141891
  0.15000002816196858
  0.15000002871584919
  0.15000002872139553
  0.15000002872142021
  0.14999999999999997
  0.1500000251888334
  0.15000002831644796
  0.1500000288733703
  0.15000002887894703
  0.15000002887897179
  0.14999999999999999
  0.15000002527820788
  0.15000002841692125
  0.15000002897582204
  0.15000002898141862
  0.15000002898144355
  0.14999999999999999
  0.15000002531598741
  0.1500000284593927
  0.15000002901913007
  0.15000002902473511
  0.15000002902475998
  0.14999999999999997
  0.15000002541599555
  0.1500000285718141
  0.15000002913375643
  0.15000002913938354
  0.15000002913940863
  0.14999999999999999
  0.1500000256278308
  0.15000002880995675
  0.15000002937658796
  0.15000002938226198
  0.15000002938228726
  0.14999999999999997
  0.1500000257976124
  0.15000002900082254
  0.15000002957121245
  0.15000002957692404
  0.15000002957694941
  0.14999999999999999
  0.15000002591897976
  0.15000002913726204
  0.15000002971033952
  0.15000002971607806
  0.15000002971610366
  0.14999999999999997
  0.15000002598723236
  0.150000029213991
  0.15000002978857974
  0.15000002979433338
  0.15000002979435886
  0.15000000000000002
  0.1500000259995313
  0.15000002922781766
  0.1500000298026791
  0.15000002980843549
  0.150000029808461
  0.15000000000000002
  0.15000002596824269
  0.15000002919263572
  0.15000002976679344
  0.15000002977254273
  0.15000002977256838
  0.14999999999999999
  0.15000002621284575
  0.15000002946761617
  0.15000003004718918
  0.15000003005299278
  0.15000003005301857
  0.15000000000000002
  0.15000002641680188
  0.15000002969690107
  0.15000003028099027
  0.15000003028683906
  0.15000003028686507
  0.14999999999999994
  0.15000002657255165
  0.15000002987199365
  0.15000003045953189
  0.15000003046541532
  0.15000003046544144
  0.15000000000000002
  0.15000002667416701
  0.15000002998622858
  0.15000003057601763
  0.15000003058192354
  0.15000003058194972
  0.15000000000000005
  0.15000002671760318
  0.15000003003505943
  0.15000003062581083
  0.15000003063172632
  0.15000003063175252
  0.14999999999999994
  0.15000002680524097
  0.15000003013357244
  0.15000003072625137
  0.15000003073218629
  0.15000003073221269
  0.14999999999999999
  0.15000002704496723
  0.15000003040307097
  0.15000003100105913
  0.15000003100704717
  0.15000003100707379
  0.14999999999999999
  0.1500000272373522
  0.15000003061934902
  0.15000003122159847
  0.15000003122762914
  0.15000003122765593
  0.14999999999999999
  0.15000002737516516
  0.15000003077427765
  0.15000003137958021
  0.15000003138564139
  0.15000003138566836
  0.14999999999999999
  0.15000002745305538
  0.15000003086184144
  0.15000003146886978
  0.15000003147494839
  0.15000003147497548
  0.14999999999999999
  0.1500000274677869
  0.15000003087840333
  0.15000003148575886
  0.15000003149184063
  0.15000003149186777
  0.14999999999999999
  0.15000002740383825
  0.15000003080650157
  0.15000003141242416
  0.15000003141849164
  0.15000003141851856
  0.15000000000000002
  0.15000002768066656
  0.15000003111771101
  0.15000003172976592
  0.15000003173589477
  0.15000003173592194
  0.15000000000000005
  0.15000002791174888
  0.15000003137749335
  0.15000003199466796
  0.15000003200084802
  0.15000003200087553
  0.14999999999999997
  0.15000002808848956
  0.15000003157618527
  0.15000003219727612
  0.15000003220349545
  0.15000003220352304
  0.14999999999999999
  0.15000002820413719
  0.15000003170619677
  0.15000003232985087
  0.15000003233609588
  0.15000003233612363
  0.14999999999999999
  0.15000002825408082
  0.15000003176234375
  0.15000003238710538
  0.15000003239336149
  0.15000003239338933
  0.14999999999999999
  0.1500000283224783
  0.15000003183922309
  0.15000003246548108
  0.15000003247175209
  0.15000003247178006
  0.14999999999999997
  0.15000002859407349
  0.15000003214455124
  0.15000003277682802
  0.15000003278315929
  0.15000003278318749
  0.14999999999999997
  0.15000002881231084
  0.1500000323898949
  0.15000003302700926
  0.15000003303338907
  0.15000003303341744
  0.14999999999999999
  0.15000002896895426
  0.15000003256599462
  0.15000003320658167
  0.15000003321299621
  0.15000003321302471
  0.14999999999999999
  0.15000002905790066
  0.15000003266598916
  0.15000003330854914
  0.15000003331498341
  0.15000003331501194
  0.15000000000000002
  0.15000002907545509
  0.15000003268572479
  0.1500000333286747
  0.150000033335113
  0.15000003333514156
  0.14999999999999999
  0.15000002896903308
  0.15000003256606811
  0.15000003320663513
  0.15000003321304953
  0.15000003321307806
  0.15000000000000002
  0.15000002928265024
  0.15000003291863886
  0.15000003356615807
  0.15000003357264208
  0.15000003357267089
  0.14999999999999999
  0.15000002954473113
  0.15000003321327307
  0.15000003386660346
  0.15000003387314567
  0.15000003387317473
  0.14999999999999999
  0.15000002974548399
  0.15000003343896226
  0.15000003409674501
  0.15000003410333176
  0.15000003410336107
  0.14999999999999997
  0.15000002987720623
  0.15000003358704661
  0.15000003424775166
  0.15000003425436767
  0.1500000342543972
  0.15000000000000002
  0.15000002993462996
  0.15000003365160397
  0.15000003431358383
  0.15000003432021267
  0.15000003432024209
  0.15000000000000002
  0.15000002997582859
  0.15000003369790063
  0.1500000343607657
  0.15000003436740325
  0.15000003436743278
  0.14999999999999999
  0.15000003028381259
  0.15000003404414131
  0.15000003471383794
  0.15000003472054399
  0.1500000347205738
  0.14999999999999997
  0.15000003053159952
  0.15000003432270861
  0.15000003499790324
  0.15000003500466436
  0.15000003500469428
  0.14999999999999999
  0.15000003070979132
  0.15000003452303637
  0.15000003520218552
  0.15000003520898619
  0.15000003520901642
  0.15000000000000005
  0.1500000308114143
  0.15000003463728379
  0.15000003531868955
  0.1500000353255129
  0.15000003532554321
  0.14999999999999999
  0.15000003083224106
  0.15000003466069894
  0.15000003534256817
  0.15000003534939618
  0.15000003534942655
  0.14999999999999999
  0.15000003067201984
  0.15000003448055069
  0.1500000351588299
  0.15000003516562188
  0.15000003516565205
  0.15000000000000002
  0.15000003102761039
  0.1500000348803133
  0.15000003556648309
  0.15000003557335406
  0.15000003557338459
  0.15000000000000002
  0.15000003132509637
  0.15000003521475544
  0.15000003590752886
  0.15000003591446598
  0.15000003591449687
  0.14999999999999997
  0.15000003155330485
  0.15000003547131507
  0.15000003616915589
  0.15000003617614374
  0.1500000361761748
  0.15000000000000002
  0.15000003170343215
  0.15000003564009415
  0.15000003634126982
  0.15000003634829115
  0.15000003634832229
  0.15000000000000002
  0.15000003176945048
  0.15000003571431522
  0.1500000364169585
  0.15000003642399448
  0.15000003642402579
  0.15000000000000002
  0.15000003177421031
  0.15000003571963769
  0.15000003642234502
  0.1500000364293817
  0.15000003642941306
  0.14999999999999999
  0.1500000321237257
  0.15000003611257515
  0.15000003682304502
  0.15000003683015928
  0.15000003683019084
  0.14999999999999999
  0.15000003240527546
  0.15000003642910531
  0.15000003714583052
  0.1500000371530075
  0.15000003715303944
  0.14999999999999999
  0.15000003260811789
  0.15000003665715089
  0.15000003737838469
  0.15000003738560683
  0.15000003738563886
  0.14999999999999997
  0.15000003272427057
  0.15000003678773591
  0.15000003751155283
  0.15000003751880081
  0.15000003751883287
  0.14999999999999997
  0.15000003274888851
  0.15000003681541393
  0.1500000375397802
  0.15000003754703373
  0.15000003754706584
  0.14999999999999999
  0.15000003252177177
  0.15000003656004449
  0.15000003727931333
  0.15000003728651568
  0.15000003728654762
  0.15000000000000002
  0.15000003292523303
  0.15000003701363318
  0.15000003774186704
  0.15000003774915929
  0.15000003774919163
  0.14999999999999999
  0.15000003326314529
  0.15000003739353143
  0.1500000381292779
  0.15000003813664539
  0.15000003813667823
  0.14999999999999999
  0.15000003352273947
  0.15000003768538281
  0.15000003842690302
  0.15000003843432835
  0.15000003843436133
  0.15000000000000002
  0.15000003369393713
  0.15000003787785476
  0.1500000386231847
  0.15000003863064812
  0.15000003863068131
  0.14999999999999997
  0.15000003376982765
  0.1500000379631769
  0.15000003871019774
  0.15000003871767811
  0.15000003871771136
  0.14999999999999999
  0.15000003372740192
  0.15000003791543751
  0.15000003866145403
  0.15000003866892436
  0.15000003866895764
  0.14999999999999999
  0.15000003412430729
  0.15000003836166312
  0.15000003911650939
  0.15000003912406809
  0.1500000391241017
  0.14999999999999997
  0.15000003444442839
  0.15000003872156595
  0.15000003948353804
  0.15000003949116811
  0.15000003949120208
  0.15000000000000002
  0.15000003467546799
  0.1500000389813195
  0.15000003974843715
  0.15000003975611872
  0.15000003975615278
  0.14999999999999997
  0.15000003480827279
  0.15000003913063037
  0.15000003990070823
  0.15000003990841956
  0.15000003990845376
  0.14999999999999999
  0.15000003483728014
  0.150000039163245
  0.15000003993397248
  0.1500000399416902
  0.15000003994172456
  0.14999999999999994
  0.15000003452810262
  0.15000003881559368
  0.15000003957936356
  0.15000003958701161
  0.15000003958704561
  0.15000000000000002
  0.15000003498615069
  0.15000003933056488
  0.15000004010453244
  0.15000004011228263
  0.15000004011231707
  0.15000000000000002
  0.15000003537021842
  0.15000003976236598
  0.15000004054488983
  0.15000004055272567
  0.15000004055276053
  0.14999999999999999
  0.15000003566569051
  0.150000040094564
  0.15000004088367458
  0.1500000408915764
  0.15000004089161151
  0.15000000000000002
  0.15000003586100963
  0.15000004031416256
  0.15000004110763068
  0.1500000411155761
  0.15000004111561152
  0.15000000000000005
  0.15000003594823916
  0.15000004041223705
  0.15000004120765459
  0.15000004121561947
  0.15000004121565483
  0.15000000000000002
  0.15000003584611216
  0.15000004029735467
  0.15000004109040702
  0.15000004109834833
  0.15000004109838355
  0.14999999999999999
  0.15000003629709011
  0.15000004080438853
  0.15000004160749708
  0.15000004161553909
  0.15000004161557492
  0.14999999999999999
  0.15000003666127751
  0.15000004121384852
  0.15000004202508457
  0.15000004203320788
  0.15000004203324396
  0.14999999999999999
  0.15000003692457375
  0.15000004150987931
  0.15000004232699579
  0.15000004233517805
  0.15000004233521441
  0.15000000000000002
  0.15000003707646498
  0.15000004168065642
  0.15000004250116927
  0.15000004250938551
  0.15000004250942212
  0.15000000000000002
  0.15000003711055315
  0.15000004171898601
  0.15000004254026578
  0.15000004254848975
  0.15000004254852631
  0.14999999999999999
  0.15000003670173123
  0.15000004125926647
  0.15000004207131207
  0.15000004207944365
  0.15000004207947981
  0.14999999999999999
  0.15000003722202337
  0.15000004184423793
  0.15000004266789713
  0.15000004267614489
  0.15000004267618153
  0.15000000000000002
  0.15000003765879164
  0.15000004233530928
  0.15000004316872698
  0.15000004317707255
  0.15000004317710963
  0.14999999999999999
  0.15000003799528319
  0.15000004271364178
  0.15000004355458457
  0.15000004356300553
  0.15000004356304297
  0.14999999999999997
  0.15000003821822191
  0.15000004296430552
  0.15000004381023932
  0.15000004381871015
  0.15000004381874776
  0.15000000000000002
  0.150000038318477
  0.15000004307703133
  0.1500000439252144
  0.15000004393370772
  0.1500000439337455
  0.14999999999999999
  0.15000003814205681
  0.15000004287858443
  0.1500000437226936
  0.15000004373114603
  0.15000004373118372
  0.14999999999999999
  0.1500000386547386
  0.15000004345501761
  0.15000004431059574
  0.15000004431916311
  0.15000004431920108
  0.14999999999999997
  0.15000003906927994
  0.15000004392111421
  0.15000004478597681
  0.15000004479463708
  0.15000004479467552
  0.14999999999999999
  0.15000003936948672
  0.15000004425866242
  0.15000004513025625
  0.15000004513898402
  0.15000004513902274
  0.14999999999999997
  0.15000003954326027
  0.15000004445405479
  0.15000004532955089
  0.15000004533831773
  0.15000004533835673
  0.15000000000000002
  0.15000003958322858
  0.15000004449899973
  0.15000004537540026
  0.15000004538417627
  0.15000004538421519
  0.15000000000000002
  0.15000003905435305
  0.15000004390423755
  0.15000004476863188
  0.15000004477728757
  0.15000004477732601
  0.15000000000000002
  0.15000003964562791
  0.15000004456904903
  0.15000004544668835
  0.15000004545547665
  0.15000004545551571
  0.14999999999999999
  0.15000004014258353
  0.15000004512782175
  0.15000004601660888
  0.15000004602550882
  0.15000004602554837
  0.14999999999999999
  0.15000004052598701
  0.15000004555892565
  0.15000004645632486
  0.15000004646531104
  0.15000004646535101
  0.15000000000000002
  0.15000004078056209
  0.15000004584517909
  0.15000004674830522
  0.15000004675734871
  0.15000004675738898
  0.14999999999999997
  0.15000004089578414
  0.15000004597474362
  0.15000004688046886
  0.15000004688953847
  0.15000004688957869
  0.14999999999999999
  0.15000004062804262
  0.1500000456735614
  0.15000004657308555
  0.15000004658209301
  0.15000004658213303
  0.14999999999999999
  0.15000004121115249
  0.15000004632922068
  0.15000004724184743
  0.15000004725098615
  0.15000004725102672
  0.14999999999999999
  0.15000004168325184
  0.15000004686006979
  0.15000004778332257
  0.15000004779256762
  0.15000004779260881
  0.15000000000000002
  0.15000004202571121
  0.15000004724515484
  0.15000004817612786
  0.15000004818545026
  0.15000004818549162
  0.14999999999999999
  0.15000004222458305
  0.15000004746878645
  0.15000004840425202
  0.15000004841361941
  0.15000004841366107
  0.14999999999999999
  0.15000004227135624
  0.15000004752139012
  0.15000004845792214
  0.15000004846730022
  0.15000004846734197
  0.14999999999999999
  0.1500000415987158
  0.15000004676488016
  0.15000004768603833
  0.15000004769526251
  0.15000004769530351
  0.15000000000000002
  0.1500000422709569
  0.15000004752077917
  0.15000004845707018
  0.15000004846644574
  0.15000004846648746
  0.14999999999999999
  0.15000004283667356
  0.15000004815691498
  0.15000004910596634
  0.1500000491154698
  0.15000004911551201
  0.15000000000000002
  0.15000004327375163
  0.15000004864841254
  0.15000004960734165
  0.15000004961694399
  0.15000004961698674
  0.14999999999999997
  0.15000004356458155
  0.15000004897546235
  0.15000004994097704
  0.15000004995064534
  0.15000004995068833
  0.14999999999999999
  0.1500000436970087
  0.15000004912438913
  0.15000005009291348
  0.15000005010261183
  0.15000005010265496
  0.14999999999999999
  0.15000004331805894
  0.15000004869806877
  0.15000004965775871
  0.15000004966736868
  0.1500000496674114
  0.14999999999999997
  0.15000004398158148
  0.15000004944420925
  0.15000005041889999
  0.15000005042866021
  0.15000005042870362
  0.14999999999999999
  0.15000004451950327
  0.1500000500491292
  0.15000005103600977
  0.15000005104589206
  0.15000005104593597
  0.15000000000000005
  0.15000004491035626
  0.15000005048867693
  0.15000005148443438
  0.15000005149440557
  0.15000005149444992
  0.15000000000000002
  0.15000004513803086
  0.1500000507447263
  0.15000005174566894
  0.15000005175569206
  0.1500000517557365
  0.14999999999999999
  0.15000004519268031
  0.15000005080619744
  0.1500000518083999
  0.15000005181843556
  0.15000005181848008
  0.14999999999999999
  0.15000004434870265
  0.15000004985686463
  0.15000005083960086
  0.1500000508494416
  0.15000005084948534
  0.15000000000000002
  0.15000004511332629
  0.15000005071672373
  0.15000005171678882
  0.15000005172680311
  0.15000005172684752
  0.14999999999999999
  0.15000004575763473
  0.15000005144131082
  0.15000005245601933
  0.1500000524661802
  0.15000005246622539
  0.14999999999999999
  0.15000004625615904
  0.15000005200197034
  0.15000005302803932
  0.15000005303831399
  0.15000005303835973
  0.15000000000000002
  0.15000004658856211
  0.15000005237581832
  0.15000005340948319
  0.15000005341983391
  0.15000005341987999
  0.14999999999999999
  0.15000004674077769
  0.150000052547024
  0.15000005358418375
  0.15000005359456947
  0.15000005359461557
  0.14999999999999997
  0.15000004622737553
  0.15000005196936014
  0.15000005299442984
  0.15000005300469443
  0.15000005300474006
  0.14999999999999997
  0.15000004698275082
  0.15000005281889003
  0.15000005386118059
  0.15000005387161766
  0.15000005387166407
  0.14999999999999999
  0.15000004759598862
  0.15000005350859652
  0.15000005456491389
  0.15000005457549154
  0.15000005457553836
  0.15000000000000002
  0.15000004804230513
  0.15000005401058969
  0.15000005507714748
  0.15000005508782754
  0.15000005508787492
  0.14999999999999994
  0.15000004830305563
  0.15000005430388336
  0.15000005537644626
  0.1500000553871865
  0.15000005538723424
  0.14999999999999999
  0.15000004836682387
  0.1500000543756263
  0.1500000554496809
  0.15000005546043604
  0.15000005546048392
  0.14999999999999999
  0.15000004731941857
  0.15000005319726814
  0.15000005424687024
  0.15000005425738058
  0.1500000542574273
  0.15000000000000005
  0.15000004818949247
  0.15000005417583831
  0.15000005524534171
  0.15000005525605137
  0.15000005525609902
  0.15000000000000002
  0.15000004892367824
  0.15000005500162111
  0.15000005608798483
  0.1500000560988633
  0.15000005609891182
  0.14999999999999999
  0.15000004949259257
  0.15000005564154736
  0.15000005674102426
  0.15000005675203398
  0.15000005675208319
  0.14999999999999997
  0.15000004987270218
  0.15000005606912531
  0.15000005717739723
  0.1500000571884951
  0.15000005718854445
  0.14999999999999999
  0.15000005004769321
  0.15000005626598698
  0.15000005737833336
  0.15000005738947209
  0.1500000573895216
  0.14999999999999999
  0.15000004937264905
  0.15000005550629292
  0.1500000566025167
  0.15000005661349389
  0.15000005661354263
  0.14999999999999999
  0.15000005023299887
  0.15000005647403777
  0.1500000575901021
  0.15000005760127791
  0.15000005760132754
  0.14999999999999997
  0.15000005093247226
  0.15000005726087551
  0.15000005839314437
  0.15000005840448249
  0.15000005840453282
  0.15000000000000002
  0.15000005144240369
  0.15000005783453305
  0.15000005897866636
  0.15000005899012334
  0.15000005899017424
  0.15000000000000002
  0.15000005174116746
  0.15000005817065748
  0.15000005932177718
  0.15000005933330407
  0.15000005933335528
  0.15000000000000002
  0.15000005181549669
  0.15000005825430596
  0.15000005940719921
  0.15000005941874386
  0.1500000594187951
  0.14999999999999999
  0.15000005052728202
  0.15000005680469458
  0.15000005792702589
  0.15000005793826451
  0.15000005793831445
  0.15000000000000005
  0.15000005151777834
  0.15000005791890156
  0.15000005906417549
  0.15000005907564379
  0.15000005907569477
  0.14999999999999999
  0.15000005235481248
  0.1500000588605534
  0.15000006002532335
  0.15000006003698693
  0.15000006003703867
  0.14999999999999999
  0.15000005300442484
  0.15000005959141299
  0.15000006077139252
  0.15000006078320852
  0.15000006078326095
  0.14999999999999997
  0.15000005343932574
  0.15000006008074399
  0.15000006127095908
  0.15000006128287746
  0.15000006128293047
  0.15000000000000002
  0.15000005364055055
  0.15000006030718038
  0.1500000615021711
  0.15000006151413728
  0.15000006151419051
  0.14999999999999999
  0.15000005277203429
  0.15000005932947758
  0.15000006050332451
  0.150000060515079
  0.15000006051513132
  0.15000000000000002
  0.15000005375242506
  0.15000006043249323
  0.15000006162930482
  0.15000006164128932
  0.15000006164134258
  0.14999999999999999
  0.15000005455071133
  0.1500000613307092
  0.15000006254633932
  0.15000006255851225
  0.15000006255856643
  0.14999999999999999
  0.15000005513367043
  0.15000006198670041
  0.15000006321615561
  0.15000006322846704
  0.15000006322852172
  0.14999999999999999
  0.15000005547616144
  0.15000006237213617
  0.15000006360976914
  0.1500000636221625
  0.15000006362221757
  0.14999999999999999
  0.15000005556272841
  0.1500000624695951
  0.15000006370934849
  0.15000006372176297
  0.15000006372181812
  0.14999999999999997
  0.15000005399011909
  0.15000006069940458
  0.15000006190104462
  0.15000006191307741
  0.15000006191313087
  0.14999999999999999
  0.15000005511820744
  0.15000006196869878
  0.15000006319691944
  0.15000006320921849
  0.15000006320927317
  0.15000000000000005
  0.15000005607301664
  0.15000006304314412
  0.15000006429403656
  0.1500000643065626
  0.15000006430661827
  0.14999999999999999
  0.15000005681522388
  0.15000006387843653
  0.15000006514708109
  0.1500000651597849
  0.15000006515984132
  0.14999999999999999
  0.15000005731311311
  0.15000006443882813
  0.15000006571946567
  0.15000006573228961
  0.15000006573234667
  0.14999999999999994
  0.15000005754458282
  0.15000006469939767
  0.15000006598567264
  0.15000006599855295
  0.15000006599861018
  0.14999999999999999
  0.15000005644529998
  0.15000006346144315
  0.1500000647202657
  0.15000006473287109
  0.15000006473292707
  0.15000000000000005
  0.15000005756304971
  0.15000006471938379
  0.1500000660049492
  0.15000006601782237
  0.15000006601787955
  0.14999999999999999
  0.15000005847465403
  0.1500000657454563
  0.15000006705302624
  0.15000006706611982
  0.15000006706617808
  0.14999999999999999
  0.15000005914152675
  0.15000006649615863
  0.15000006781995892
  0.15000006783321509
  0.15000006783327399
  0.15000000000000002
  0.15000005953436896
  0.15000006693844342
  0.15000006827189222
  0.15000006828524506
  0.15000006828530449
  0.15000000000000002
  0.15000005963512589
  0.15000006705193816
  0.15000006838794372
  0.15000006840132218
  0.15000006840138161
  0.15000000000000002
  0.15000005772725652
  0.15000006490345991
  0.15000006619190562
  0.15000006620480774
  0.15000006620486517
  0.15000000000000005
  0.15000005901264382
  0.15000006635022833
  0.15000006766966881
  0.15000006768288138
  0.15000006768294022
  0.14999999999999999
  0.15000006010242564
  0.15000006757702727
  0.15000006892302903
  0.15000006893650758
  0.15000006893656748
  0.14999999999999997
  0.15000006095097865
  0.15000006853241002
  0.15000006989930148
  0.15000006991298923
  0.15000006991305007
  0.14999999999999999
  0.15000006152135537
  0.15000006917468869
  0.15000007055575776
  0.15000007056958742
  0.15000007056964892
  0.14999999999999999
  0.15000006178772984
  0.15000006947470826
  0.15000007086249434
  0.15000007087639128
  0.15000007087645303
  0.15000000000000002
  0.15000006041394456
  0.15000006792682213
  0.15000006927912832
  0.15000006929266996
  0.15000006929273019
  0.15000000000000005
  0.15000006168897939
  0.15000006936238014
  0.15000007074607721
  0.15000007075993319
  0.15000007075999472
  0.14999999999999994
  0.15000006273065267
  0.15000007053541178
  0.15000007194506834
  0.15000007195918436
  0.15000007195924708
  0.14999999999999999
  0.15000006349404876
  0.15000007139522256
  0.15000007282411962
  0.15000007283842834
  0.15000007283849198
  0.15000000000000005
  0.1500000639449342
  0.15000007190314871
  0.15000007334354865
  0.15000007335797255
  0.15000007335803661
  0.15000000000000002
  0.15000006406215671
  0.1500000720352874
  0.15000007347880379
  0.15000007349325886
  0.15000007349332323
  0.15000000000000002
  0.15000006175961131
  0.15000006944088026
  0.15000007082483327
  0.15000007083869185
  0.15000007083875344
  0.14999999999999999
  0.15000006322493392
  0.15000007109093599
  0.15000007251133621
  0.15000007252555969
  0.15000007252562295
  0.15000000000000002
  0.15000006446952432
  0.15000007249274641
  0.15000007394456391
  0.15000007395910214
  0.15000007395916679
  0.14999999999999997
  0.15000006544033925
  0.15000007358642731
  0.15000007506308835
  0.15000007507787536
  0.15000007507794119
  0.15000000000000005
  0.15000006609423036
  0.15000007432322449
  0.15000007581683797
  0.15000007583179487
  0.1500000758318614
  0.14999999999999997
  0.15000006640093225
  0.15000007466891557
  0.15000007617063038
  0.15000007618566841
  0.15000007618573521
  0.15000000000000005
  0.15000006470130975
  0.15000007275255733
  0.15000007420840769
  0.15000007422298639
  0.15000007422305112
  0.14999999999999997
  0.15000006615657685
  0.15000007439198926
  0.15000007588506381
  0.1500000759000153
  0.15000007590008194
  0.15000000000000002
  0.15000006734768664
  0.15000007573418292
  0.15000007725823533
  0.15000007727349701
  0.15000007727356485
  0.14999999999999999
  0.15000006822223458
  0.15000007671989959
  0.15000007826704731
  0.15000007828254028
  0.15000007828260903
  0.14999999999999997
  0.1500000687401111
  0.15000007730375717
  0.15000007886480224
  0.15000007888043443
  0.15000007888050387
  0.15000000000000002
  0.15000006887645573
  0.15000007745760605
  0.15000007902250342
  0.15000007903817408
  0.15000007903824372
  0.14999999999999999
  0.15000006610976807
  0.15000007433781737
  0.15000007582760447
  0.15000007584252295
  0.1500000758425894
  0.15000000000000002
  0.15000006778104405
  0.15000007622098269
  0.15000007775409183
  0.15000007776944413
  0.15000007776951244
  0.14999999999999997
  0.15000006920334524
  0.15000007782411698
  0.15000007939484419
  0.15000007941057342
  0.15000007941064333
  0.14999999999999999
  0.15000007031486862
  0.15000007907733365
  0.15000008067800788
  0.15000008069403706
  0.15000008069410831
  0.15000000000000002
  0.1500000710650948
  0.15000007992343664
  0.15000008154467767
  0.1500000815609128
  0.15000008156098499
  0.14999999999999999
  0.1500000714184459
  0.15000008032210582
  0.15000008195326911
  0.15000008196960363
  0.15000008196967629
  0.15000000000000005
  0.15000006933267884
  0.150000077968136
  0.15000007953972797
  0.15000007955546574
  0.15000007955553568
  0.14999999999999999
  0.15000007099462426
  0.15000007984189567
  0.15000008145820312
  0.15000008147438876
  0.15000008147446067
  0.14999999999999997
  0.15000007235758853
  0.15000008137913315
  0.15000008303294507
  0.15000008304950632
  0.15000008304958001
  0.15000000000000002
  0.15000007336028176
  0.15000008251042038
  0.15000008419239244
  0.15000008420923577
  0.15000008420931074
  0.14999999999999999
  0.15000007395557605
  0.15000008318230029
  0.15000008488134531
  0.15000008489835964
  0.15000008489843528
  0.14999999999999997
  0.15000007411414848
  0.1500000833614771
  0.15000008506536799
  0.15000008508243082
  0.15000008508250667
  0.14999999999999997
  0.15000007080203639
  0.15000007962274653
  0.15000008123093683
  0.15000008124704106
  0.15000008124711262
  0.14999999999999999
  0.15000007270918317
  0.15000008177355315
  0.15000008343393914
  0.15000008345056626
  0.15000008345064003
  0.15000000000000005
  0.15000007433565885
  0.15000008360865563
  0.15000008531477929
  0.15000008533186451
  0.15000008533194042
  0.14999999999999997
  0.1500000756092934
  0.15000008504626242
  0.15000008678909604
  0.15000008680654889
  0.15000008680662644
  0.14999999999999997
  0.15000007647078367
  0.15000008601905176
  0.15000008778728993
  0.15000008780499735
  0.15000008780507598
  0.15000000000000002
  0.15000007687816672
  0.15000008647931792
  0.1500000882599403
  0.15000008827777175
  0.15000008827785097
  0.14999999999999997
  0.15000007433535253
  0.15000008360585512
  0.15000008530839043
  0.15000008532543971
  0.15000008532551551
  0.15000000000000002
  0.1500000762344697
  0.15000008574936138
  0.15000008750648086
  0.15000008752407687
  0.1500000875241552
  0.14999999999999997
  0.15000007779525718
  0.15000008751191499
  0.15000008931525519
  0.15000008933331418
  0.15000008933339445
  0.14999999999999999
  0.15000007894585873
  0.15000008881188201
  0.15000009065022354
  0.15000009066863312
  0.15000009066871503
  0.14999999999999999
  0.15000007963074311
  0.15000008958605932
  0.15000009144580498
  0.15000009146442905
  0.15000009146451188
  0.14999999999999997
  0.15000007981517624
  0.15000008979485024
  0.15000009166081946
  0.15000009167950576
  0.15000009167958889
  0.14999999999999997
  0.1500000758624716
  0.15000008532668127
  0.15000008706899987
  0.15000008708644755
  0.15000008708652501
  0.15000000000000005
  0.15000007803989371
  0.15000008778521529
  0.15000008959147745
  0.15000008960956568
  0.15000008960964603
  0.14999999999999999
  0.15000007990113984
  0.15000008988809432
  0.15000009175101425
  0.15000009176967002
  0.1500000917697529
  0.14999999999999997
  0.15000008136173434
  0.15000009153928734
  0.15000009344812915
  0.15000009346724491
  0.1500000934673299
  0.14999999999999997
  0.15000008235189663
  0.15000009265928649
  0.15000009460019381
  0.15000009461963085
  0.15000009461971725
  0.14999999999999999
  0.15000008282195043
  0.15000009319137272
  0.15000009514808854
  0.15000009516768389
  0.15000009516777099
  0.14999999999999999
  0.15000007973867654
  0.15000008970112813
  0.15000009155410857
  0.15000009157266464
  0.1500000915727471
  0.15000000000000002
  0.15000008191013081
  0.15000009215570623
  0.15000009407662193
  0.15000009409585854
  0.15000009409594409
  0.14999999999999999
  0.15000008369883794
  0.15000009417911897
  0.15000009615822049
  0.15000009617804003
  0.15000009617812807
  0.15000000000000002
  0.15000008502034143
  0.1500000956750355
  0.15000009769863909
  0.15000009771890446
  0.15000009771899456
  0.15000000000000005
  0.15000008580905941
  0.15000009656846833
  0.15000009861955743
  0.1500000986400982
  0.15000009864018962
  0.14999999999999999
  0.15000008602360143
  0.15000009681197188
  0.15000009887124402
  0.15000009889186691
  0.15000009889195851
  0.14999999999999999
  0.15000008131883871
  0.15000009148341531
  0.15000009338010253
  0.15000009339909648
  0.15000009339918091
  0.14999999999999999
  0.15000008380608373
  0.15000009429634445
  0.15000009627293973
  0.15000009629273411
  0.15000009629282221
  0.14999999999999999
  0.15000008593748157
  0.15000009670900877
  0.15000009875735407
  0.15000009877786724
  0.15000009877795853
  0.15000000000000005
  0.15000008761388375
  0.15000009860822078
  0.1500001007153843
  0.15000010073648676
  0.1500001007365806
  0.15000000000000002
  0.1500000887530395
  0.15000009989979898
  0.15000010204845968
  0.15000010206997791
  0.15000010207007344
  0.15000000000000002
  0.15000008929589914
  0.1500001005159195
  0.15000010268528799
  0.15000010270701369
  0.1500001027071102
  0.14999999999999999
  0.15000008557399777
  0.15000009629283961
  0.15000009832201225
  0.15000009834233338
  0.15000009834242364
  0.14999999999999997
  0.15000008805832596
  0.15000009910688339
  0.15000010122254018
  0.15000010124372767
  0.15000010124382182
  0.15000000000000002
  0.15000009010983753
  0.15000010143308237
  0.15000010362380295
  0.15000010364574248
  0.15000010364583993
  0.14999999999999994
  0.15000009162896122
  0.15000010315724233
  0.15000010540601269
  0.15000010542853379
  0.15000010542863407
  0.15000000000000005
  0.15000009253825269
  0.15000010419027304
  0.15000010647531486
  0.15000010649819948
  0.15000010649830128
  0.14999999999999999
  0.1500000927878474
  0.15000010447455889
  0.15000010677063608
  0.15000010679363121
  0.15000010679373343
  0.14999999999999999
  0.15000008720048921
  0.15000009812980264
  0.15000010020764001
  0.15000010022844854
  0.15000010022854102
  0.14999999999999999
  0.1500000900429595
  0.15000010135162492
  0.15000010353162818
  0.15000010355346016
  0.15000010355355717
  0.14999999999999999
  0.1500000924853834
  0.15000010412355819
  0.15000010639673234
  0.15000010641949801
  0.15000010641959921
  0.15000000000000002
  0.15000009441107756
  0.1500001063116104
  0.15000010866213043
  0.15000010868567101
  0.15000010868577565
  0.14999999999999997
  0.15000009572296544
  0.15000010780389189
  0.15000011020962395
  0.15000011023371773
  0.1500001102338249
  0.14999999999999997
  0.15000009635057399
  0.15000010851879547
  0.15000011095243823
  0.15000011097681171
  0.15000011097692006
  0.14999999999999997
  0.15000009187449825
  0.15000010342376352
  0.15000010566404226
  0.1500001056864782
  0.15000010568657804
  0.15000000000000002
  0.15000009471827197
  0.15000010665406968
  0.15000010900726105
  0.15000010903082822
  0.15000010903093311
  0.14999999999999997
  0.15000009707314529
  0.15000010933295502
  0.15000011178564945
  0.15000011181021372
  0.15000011181032291
  0.14999999999999999
  0.15000009882069845
  0.15000011132356292
  0.15000011385406856
  0.15000011387941256
  0.15000011387952519
  0.15000000000000005
  0.15000009987051571
  0.15000011252110382
  0.15000011510096595
  0.15000011512680447
  0.15000011512691935
  0.15000000000000002
  0.15000010016079343
  0.15000011285329629
  0.1500001154484023
  0.1500001154743936
  0.15000011547450917
  0.15000000000000002
  0.15000009353722066
  0.15000010530507785
  0.15000010760038432
  0.15000010762337157
  0.15000010762347371
  0.15000000000000005
  0.15000009678695381
  0.1500001089996976
  0.15000011142894945
  0.15000011145327882
  0.15000011145338696
  0.14999999999999999
  0.15000009958847343
  0.15000011219054765
  0.15000011474418273
  0.15000011476975844
  0.15000011476987218
  0.14999999999999997
  0.15000010180224232
  0.15000011471608243
  0.1500001173743174
  0.15000011740094124
  0.15000011740105967
  0.14999999999999994
  0.15000010331455788
  0.15000011644410097
  0.15000011917797168
  0.15000011920535339
  0.15000011920547518
  0.15000000000000002
  0.15000010404106356
  0.15000011727583246
  0.1500001200484769
  0.15000012007624716
  0.1500001200763707
  0.15000000000000002
  0.15000009867299016
  0.15000011113895106
  0.15000011363874408
  0.15000011366378016
  0.15000011366389152
  0.14999999999999999
  0.15000010193134572
  0.15000011485450085
  0.15000011750580133
  0.15000011753235554
  0.15000011753247358
  0.14999999999999999
  0.15000010463696592
  0.15000011794622117
  0.15000012073331806
  0.15000012076123312
  0.15000012076135721
  0.14999999999999999
  0.15000010664720007
  0.15000012024729598
  0.15000012314139771
  0.15000012317038502
  0.15000012317051387
  0.15000000000000005
  0.15000010786276935
  0.15000012164191542
  0.15000012460566384
  0.15000012463534912
  0.15000012463548115
  0.15000000000000002
  0.15000010818954931
  0.1500001220182498
  0.15000012500282772
  0.15000012503272184
  0.15000012503285462
  0.14999999999999999
  0.15000010036001074
  0.15000011305258179
  0.15000011561573906
  0.15000011564140986
  0.15000011564152402
  0.15000000000000002
  0.15000010407653286
  0.15000011729533738
  0.15000012003877469
  0.15000012006625216
  0.15000012006637428
  0.15000000000000005
  0.15000010729275998
  0.15000012097654497
  0.15000012389091746
  0.15000012392010792
  0.15000012392023768
  0.15000000000000002
  0.1500001098405328
  0.15000012389930301
  0.1500001269594029
  0.15000012699005383
  0.15000012699019014
  0.14999999999999997
  0.15000011158511117
  0.15000012590502457
  0.15000012907170493
  0.15000012910342395
  0.15000012910356497
  0.14999999999999999
  0.15000011242714276
  0.15000012687573711
  0.15000013009792523
  0.15000013013020061
  0.15000013013034419
  0.14999999999999999
  0.15000010600490032
  0.15000011949041939
  0.15000012231831322
  0.1500001223466369
  0.15000012234676283
  0.14999999999999999
  0.15000010973903696
  0.15000012377091776
  0.15000012680761565
  0.15000012683803199
  0.15000012683816721
  0.15000000000000002
  0.15000011285172307
  0.15000012734985854
  0.15000013057759329
  0.1500001306099242
  0.15000013061006798
  0.14999999999999997
  0.15000011657728513
  0.15000013164915948
  0.15000013513008814
  0.15000013516495675
  0.15000013516511168
  0.15000000000000002
  0.15000011539188166
  0.15000013027626971
  0.15000013366889384
  0.15000013370287738
  0.1500001337030285
  0.14999999999999999
  0.15000011691804027
  0.15000013204453341
  0.15000013555173358
  0.15000013558686545
  0.15000013558702163
  0.15000000000000002
  0.15000010769249461
  0.15000012141133856
  0.15000012431317347
  0.15000012434223814
  0.15000012434236734
  0.14999999999999999
  0.15000011194801513
  0.15000012629653786
  0.1500001294475902
  0.15000012947915245
  0.15000012947929295
  0.14999999999999999
  0.15000011564689361
  0.1500001305588943
  0.15000013395215372
  0.15000013398614337
  0.15000013398629478
  0.14999999999999999
  0.15000011858394208
  0.15000013395439682
  0.15000013755738387
  0.15000013759347566
  0.15000013759363653
  0.15000000000000002
  0.15000012129596807
  0.15000013710256629
  0.15000014091909741
  0.15000014095732961
  0.15000014095749975
  0.15000000000000002
  0.15000012059243509
  0.15000013628253953
  0.15000014003855305
  0.1500001400761786
  0.15000014007634618
  0.14999999999999997
  0.15000012498492021
  0.15000014138309148
  0.15000014549074694
  0.15000014553189711
  0.15000014553208055
  0.14999999999999997
  0.15000011388914108
  0.15000012851719752
  0.15000013177106922
  0.15000013180366184
  0.15000013180380684
  0.14999999999999997
  0.1500001181814212
  0.15000013347213609
  0.15000013702132262
  0.15000013705687509
  0.15000013705703333
  0.14999999999999997
  0.15000012174716951
  0.15000013760684305
  0.15000014143082668
  0.15000014146913346
  0.15000014146930357
  0.14999999999999999
  0.15000012616138417
  0.15000014275311474
  0.15000014696062761
  0.15000014700277878
  0.1500001470029661
  0.14999999999999997
  0.15000012593628137
  0.15000014247644616
  0.15000014664320571
  0.15000014668494835
  0.15000014668513337
  0.14999999999999997
  0.15000012976138766
  0.15000014695479899
  0.1500001514864143
  0.15000015153181426
  0.15000015153201526
  0.14999999999999999
  0.15000012686278802
  0.15000014355767188
  0.15000014780892915
  0.15000014785151874
  0.15000014785170721
  0.15000000000000002
  0.15000011553840994
  0.15000013040324034
  0.15000013374361049
  0.15000013377707003
  0.15000013377721896
  0.14999999999999999
  0.15000012991334313
  0.1500001471280622
  0.15000015166795572
  0.1500001517134385
  0.15000015171364012
  0.15000000000000005
  0.1500001204350179
  0.15000013606668802
  0.15000013976177401
  0.15000013979878879
  0.15000013979895321
  0.14999999999999997
  0.15000012481703665
  0.15000014116455493
  0.15000014522488681
  0.15000014526556255
  0.15000014526574265
  0.14999999999999999
  0.15000013259053949
  0.15000015027352989
  0.15000015508817108
  0.15000015513640805
  0.15000015513662182
  0.14999999999999997
  0.15000012231372417
  0.15000013823080657
  0.15000014204997869
  0.15000014208823703
  0.15000014208840692
  0.15000000000000002
  0.15000013231488904
  0.15000014992161506
  0.15000015466654226
  0.15000015471408032
  0.15000015471429465
  0.15000000000000002
  0.15000013723564343
  0.150000155741671
  0.15000016105074895
  0.15000016110394226
  0.1500001611041816
  0.14999999999999997
  0.15000012888522413
  0.15000014589153698
  0.15000015028570665
  0.15000015032972866
  0.15000015032992467
  0.15000000000000002
  0.15000013554041564
  0.15000015372967093
  0.15000015883581652
  0.15000015888697557
  0.15000015888720616
  0.15000000000000002
  0.15000013690221276
  0.15000015534036754
  0.15000016060292001
  0.15000016065564695
  0.15000016065588392
  0.14999999999999997
  0.15000013888746261
  0.15000015770425029
  0.15000016322126863
  0.1500001632765465
  0.15000016327679563
  0.14999999999999991
  0.15000013872748846
  0.15000015750992884
  0.15000016300106886
  0.15000016305608729
  0.15000016305633473
  0.15000000000000002
  0.15000013326742892
  0.1500001510412253
  0.15000015588762716
  0.15000015593618241
  0.15000015593640087
  0.14999999999999997
  0.15000013010167326
  0.15000014730138808
  0.15000015179131129
  0.15000015183629301
  0.15000015183649384
  0.15000000000000002
  0.15000013121918457
  0.15000014859471841
  0.15000015316998189
  0.15000015321581903
  0.15000015321602414
  0.15000000000000002
  0.15000014144415125
  0.15000016071380265
  0.15000016651511472
  0.15000016657324253
  0.15000016657349052
  0.14999999999999999
  0.15000014373737952
  0.15000016345609918
  0.15000016957248583
  0.15000016963377238
  0.15000016963403362
  0.15000000000000002
  0.15000013914066662
  0.15000015796462235
  0.15000016345853831
  0.15000016351358461
  0.15000016351382506
  0.14999999999999999
  0.15000014562869743
  0.15000016573025085
  0.15000017212722686
  0.1500001721913263
  0.15000017219160133
  0.14999999999999997
  0.15000014704617554
  0.15000016743981862
  0.15000017405537469
  0.15000017412166552
  0.15000017412195199
  0.15000000000000002
  0.15000014796801836
  0.15000016855650627
  0.15000017532204812
  0.15000017538984262
  0.15000017539013399
  0.14999999999999999
  0.15000013711019811
  0.1500001555537003
  0.15000016079748557
  0.15000016085002438
  0.15000016085025938
  0.15000000000000002
  0.15000014854124571
  0.15000016925319953
  0.15000017611590333
  0.15000017618467185
  0.15000017618496767
  0.14999999999999997
  0.15000015044260911
  0.15000017156121984
  0.15000017874673849
  0.15000017881874339
  0.15000017881905472
  0.15000000000000005
  0.15000014107873944
  0.15000016023178486
  0.15000016591567966
  0.15000016597263027
  0.15000016597287749
  0.15000000000000002
  0.15000013936847986
  0.1500001581936603
  0.15000016365601121
  0.15000016371074096
  0.15000016371098215
  0.15000000000000002
  0.15000014964979894
  0.15000017055514833
  0.1500001775528983
  0.15000017762302068
  0.1500001776233606
  0.14999999999999999
  0.15000014673887946
  0.15000016703176819
  0.15000017355522702
  0.15000017362059445
  0.15000017362088847
  0.15000000000000005
  0.15000015247077819
  0.15000017398909349
  0.15000018147992883
  0.15000018155499467
  0.15000018155537354
  0.15000000000000002
  0.15000015484349855
  0.15000017689257958
  0.15000018482371111
  0.15000018490319106
  0.15000018490358735
  0.15000000000000005
  0.15000015671663994
  0.15000017919570274
  0.15000018749261146
  0.15000018757575873
  0.15000018757616235
  0.14999999999999997
  0.15000015804288203
  0.15000018083365699
  0.15000018940137086
  0.15000018948723318
  0.15000018948764712
  0.14999999999999997
  0.15000015878846323
  0.15000018176020641
  0.15000019048931779
  0.15000019057679817
  0.15000019057722858
  0.14999999999999997
  0.15000015961721871
  0.15000018279458804
  0.15000019171346871
  0.15000019180285187
  0.15000019180328772
  0.15000000000000002
  0.1500001541954078
  0.15000017605116586
  0.15000018380236116
  0.15000018388003736
  0.15000018388039868
  0.14999999999999999
  0.15000015801053482
  0.15000018076027777
  0.15000018929692729
  0.15000018938247844
  0.15000018938280643
  0.15000000000000002
  0.15000016141518924
  0.15000018499336321
  0.1500001942843186
  0.15000019437743262
  0.15000019437770304
  0.15000000000000002
  0.15000016435192431
  0.15000018867099299
  0.15000019865811928
  0.15000019875821338
  0.15000019875848683
  0.15000000000000002
  0.15000016675519845
  0.15000019169947004
  0.15000020228845037
  0.15000020239457884
  0.15000020239491185
  0.15000000000000002
  0.15000016856755843
  0.15000019399611866
  0.15000020506028874
  0.15000020517118154
  0.15000020517155821
  0.15000000000000002
  0.15000015014118628
  0.15000017109011218
  0.15000017808359853
  0.15000017815367814
  0.15000017815400798
  0.14999999999999999
  0.15000016974264663
  0.15000019549427393
  0.15000020688129675
  0.15000020699542657
  0.15000020699580546
  0.14999999999999999
  0.1500001702491443
  0.1500001961492255
  0.15000020769033548
  0.15000020780601017
  0.15000020780635862
  0.15000000000000005
  0.15000017007913136
  0.1500001959506912
  0.15000020747531728
  0.15000020759082677
  0.15000020759122168
  0.15000000000000002
  0.15000015240937609
  0.15000017380602051
  0.15000018113219488
  0.15000018120560979
  0.15000018120593286
  0.14999999999999999
  0.15000016197877256
  0.15000018563900455
  0.15000019498898143
  0.150000195082687
  0.15000019508301146
  0.14999999999999999
  0.15000016643422878
  0.15000019126275285
  0.15000020175965681
  0.15000020186486177
  0.1500002018653592
  0.14999999999999997
  0.15000017048966097
  0.15000019643808071
  0.15000020808070844
  0.15000020819740023
  0.1500002081983044
  0.15000000000000002
  0.15000017406230309
  0.15000020104267731
  0.15000021377577641
  0.15000021390340129
  0.15000021390460469
  0.14999999999999994
  0.15000017707530697
  0.15000020495962108
  0.15000021867148047
  0.15000021880891859
  0.1500002188101274
  0.14999999999999999
  0.15000017945727845
  0.15000020807911843
  0.15000022260392892
  0.15000022274951813
  0.150000222750622
  0.15000000000000002
  0.15000018114753269
  0.15000021030799096
  0.15000022543496705
  0.15000022558659401
  0.15000022558772147
  0.14999999999999999
  0.1500001821001769
  0.15000021157624552
  0.15000022706209926
  0.15000022721732478
  0.15000022721855211
  0.14999999999999999
  0.15000018228692633
  0.15000021184072274
  0.15000022742241881
  0.15000022757860507
  0.15000022757992007
  0.14999999999999999
  0.1500001593969805
  0.15000018241484664
  0.1500001911669066
  0.15000019125461744
  0.15000019125495651
  0.14999999999999997
  0.15000017000142055
  0.15000019574709905
  0.15000020717170642
  0.15000020728621302
  0.15000020728697327
  0.15000000000000002
  0.1500001647135836
  0.15000018898157211
  0.15000019886767033
  0.15000019896675104
  0.15000019896727632
  0.14999999999999999
  0.15000017483374967
  0.15000020200705283
  0.15000021498172594
  0.15000021511177464
  0.15000021511265069
  0.14999999999999999
  0.15000017958800663
  0.1500002082665986
  0.15000022295548665
  0.15000022310272504
  0.1500002231026541
  0.15000000000000002
  0.15000018386000205
  0.15000021397137242
  0.15000023034972496
  0.15000023051390624
  0.15000023051258463
  0.15000000000000002
  0.15000018755641156
  0.15000021896795324
  0.15000023691860703
  0.15000023709855614
  0.15000023709692692
  0.14999999999999997
  0.1500001905902382
  0.15000022311040845
  0.1500002424250288
  0.15000024261865552
  0.15000024261758171
  0.14999999999999999
  0.15000019288417066
  0.1500002262694059
  0.15000024666075748
  0.15000024686518043
  0.15000024686449587
  0.14999999999999999
  0.15000019437676745
  0.15000022834348756
  0.1500002494658296
  0.15000024967758183
  0.15000024967665609
  0.14999999999999999
  0.15000019502897938
  0.15000022926824047
  0.15000025074003034
  0.15000025095528596
  0.15000025095411493
  0.14999999999999999
  0.15000019485758118
  0.15000022906569446
  0.15000025051402122
  0.15000025072904319
  0.15000025072783413
  0.14999999999999999
  0.15000017663235518
  0.15000020429338035
  0.15000021780819195
  0.15000021794365687
  0.15000021794398058
  0.14999999999999994
  0.15000018303957097
  0.15000021282016299
  0.15000022884699701
  0.15000022900765053
  0.15000022900683457
  0.15000000000000002
  0.15000018858297348
  0.1500002203942789
  0.15000023897480574
  0.15000023916106223
  0.15000023916215854
  0.14999999999999994
  0.15000019360144559
  0.15000022739265845
  0.15000024855897004
  0.15000024877114554
  0.15000024877753526
  0.14999999999999999
  0.15000019804137207
  0.15000023369309881
  0.15000025735581221
  0.15000025759300797
  0.15000025760310215
  0.14999999999999999
  0.15000020179883536
  0.15000023910094812
  0.15000026501669625
  0.15000026527647661
  0.15000026528596921
  0.14999999999999999
  0.15000020477944004
  0.15000024343875681
  0.15000027122552681
  0.15000027150406722
  0.15000027151158934
  0.15000000000000002
  0.15000020690132476
  0.15000024655715427
  0.15000027572531452
  0.15000027601770841
  0.15000027602521851
  0.15000000000000002
  0.15000020810407672
  0.15000024835006029
  0.15000027834232041
  0.15000027864297971
  0.15000027865208712
  0.15000000000000002
  0.15000020831572108
  0.15000024869942324
  0.15000027889118456
  0.15000027919384509
  0.15000027920310824
  0.14999999999999999
  0.15000017645278554
  0.15000020396784722
  0.15000021726582305
  0.15000021739911382
  0.15000021739908953
  0.14999999999999999
  0.15000018933659695
  0.1500002213158978
  0.15000024010967727
  0.15000024029807243
  0.15000024030197887
  0.15000000000000002
  0.15000019732259426
  0.15000023269204146
  0.15000025614596735
  0.15000025638109368
  0.15000025638698711
  0.14999999999999999
  0.15000020311604892
  0.15000024120221825
  0.15000026855680534
  0.15000026883107187
  0.15000026882237708
  0.14999999999999999
  0.15000020833403521
  0.15000024906573281
  0.15000028033663892
  0.15000028065022525
  0.15000028062226525
  0.14999999999999999
  0.15000021286401771
  0.15000025603255238
  0.15000029097781437
  0.15000029132828893
  0.15000029129556552
  0.15000000000000005
  0.15000021659541765
  0.15000026185889695
  0.1500002999906147
  0.15000030037305981
  0.1500003003479789
  0.14999999999999999
  0.15000021942786945
  0.15000026633224453
  0.15000030696490363
  0.15000030737242448
  0.15000030735224645
  0.14999999999999994
  0.15000022127652771
  0.15000026928610907
  0.15000031160243335
  0.15000031202682795
  0.15000031200280647
  0.14999999999999999
  0.15000022157405327
  0.15000026987035664
  0.15000031262916241
  0.15000031305799119
  0.1500003130334536
  0.14999999999999997
  0.1500002220843159
  0.15000027061891089
  0.15000031374143943
  0.15000031417391355
  0.15000031414493514
  0.14999999999999999
  0.15000019872769965
  0.15000023462524931
  0.15000025887475177
  0.15000025911785989
  0.15000025911566128
  0.14999999999999997
  0.15000020565557254
  0.15000024496901881
  0.15000027429800325
  0.1500002745920575
  0.15000027457176954
  0.15000000000000002
  0.150000212216921
  0.15000025524452526
  0.15000029041462687
  0.15000029076720786
  0.15000029076965093
  0.15000000000000002
  0.1500002182070824
  0.15000026496469529
  0.1500003061989208
  0.1500003066121475
  0.15000030669147832
  0.15000000000000002
  0.15000022351417672
  0.15000027383728834
  0.15000032099153307
  0.15000032146391706
  0.15000032159474583
  0.15000000000000002
  0.15000022802166132
  0.15000028153806294
  0.15000033404157762
  0.15000033456747566
  0.15000033468601531
  0.14999999999999999
  0.15000023161325129
  0.15000028776204993
  0.15000034467233633
  0.15000034524240344
  0.15000034533146106
  0.14999999999999999
  0.15000023418249217
  0.15000029226088665
  0.15000035238108403
  0.15000035298337294
  0.15000035307199142
  0.14999999999999999
  0.1500002356439776
  0.15000029486160979
  0.1500003568631694
  0.15000035748435958
  0.15000035759590472
  0.14999999999999997
  0.15000023594964257
  0.15000029547680269
  0.15000035798857447
  0.15000035861488203
  0.1500003587315957
  0.14999999999999999
  0.15000022072008878
  0.1500002693159852
  0.15000031407713305
  0.15000031452590357
  0.15000031460684426
  0.14999999999999997
  0.15000021276453795
  0.15000025593528654
  0.15000029144507968
  0.15000029180106791
  0.15000029184386346
  0.15000000000000005
  0.15000022741524641
  0.15000028119076958
  0.15000033515527209
  0.15000033569677124
  0.15000033556419132
  0.14999999999999999
  0.15000023343658064
  0.15000029237006568
  0.15000035574843543
  0.15000035638519899
  0.15000035596686262
  0.14999999999999999
  0.15000023867415524
  0.15000030241747561
  0.15000037467223537
  0.15000037539876798
  0.15000037491919907
  0.15000000000000002
  0.15000024301119669
  0.15000031090010979
  0.15000039078920974
  0.15000039159258841
  0.15000039122614162
  0.14999999999999997
  0.15000024632511441
  0.15000031744452533
  0.15000040321514568
  0.15000040407745038
  0.15000040377775567
  0.14999999999999997
  0.15000024850127808
  0.15000032177834627
  0.15000041141586243
  0.1500004123167768
  0.15000041196021258
  0.15000000000000002
  0.1500002494526981
  0.15000032374128333
  0.1500004151623974
  0.1500004160811079
  0.15000041564856975
  0.15000000000000005
  0.15000024914085772
  0.15000032328525373
  0.15000041444426493
  0.15000041536042585
  0.15000041498238983
  0.14999999999999999
  0.15000021171049055
  0.15000025406922546
  0.15000028825936504
  0.15000028860214376
  0.15000028861827025
  0.14999999999999999
  0.1500002357273314
  0.15000029743802429
  0.15000036709395653
  0.15000036779196005
  0.15000036776162076
  0.14999999999999997
  0.15000022884227199
  0.15000028382164643
  0.15000034043929802
  0.15000034100724596
  0.15000034067804702
  0.14999999999999997
  0.15000024230352194
  0.15000031136115957
  0.15000039574946336
  0.15000039659233114
  0.15000039770505916
  0.14999999999999997
  0.15000024811299575
  0.15000032432178881
  0.15000042328854749
  0.15000042427388882
  0.15000042611323752
  0.14999999999999999
  0.15000025307014067
  0.15000033571117249
  0.15000044777005261
  0.15000044888451874
  0.15000045050375163
  0.14999999999999997
  0.15000025705982922
  0.15000034496328654
  0.15000046756253063
  0.15000046878238432
  0.1500004699820725
  0.15000000000000002
  0.15000025994527669
  0.15000035164958184
  0.15000048167527519
  0.15000048297016566
  0.15000048416496725
  0.15000000000000002
  0.15000026159730456
  0.15000035551092414
  0.15000048973506067
  0.15000049107271013
  0.15000049260325599
  0.14999999999999999
  0.15000026192301077
  0.15000035642161999
  0.15000049170186089
  0.14999999999999999
  0.15000022293261156
  0.15000049305010868
  0.15000049467720417
  0.15000027295717652
  0.15000032044518027
  0.15000032092133736
  0.15000032090197532
  0.15000000000000002
  0.15000022314238012
  0.15000027289409323
  0.15000031976925543
  0.15000032023938181
  0.15000032009450737
  0.15000000000000002
  0.15000024312394397
  0.15000031365926414
  0.15000040220421382
  0.15000040309137191
  0.15000040441323695
  0.14999999999999999
  0.15000024983180427
  0.15000033036815227
  0.1500004408986943
  0.15000044201353196
  0.15000044018836095
  0.14999999999999999
  0.15000025588989518
  0.15000034687426531
  0.1500004810098709
  0.15000048237683786
  0.15000047629957997
  0.14999999999999999
  0.15000026115828741
  0.15000036198597427
  0.15000051842655165
  0.15000052003044984
  0.15000051326849445
  0.14999999999999999
  0.15000026558642637
  0.15000037482634382
  0.15000054997571122
  0.1500005517717056
  0.15000054666629387
  0.14999999999999999
  0.15000026904549266
  0.1500003847005992
  0.15000057363489169
  0.15000057556821098
  0.15000057137979231
  0.15000000000000002
  0.15000027136169933
  0.15000039119104086
  0.15000058872600111
  0.15000059074258879
  0.15000058574460892
  0.14999999999999997
  0.15000027237688665
  0.15000039411157581
  0.15000059538246457
  0.15000059743474625
  0.15000059127109147
  0.14999999999999999
  0.15000027200136248
  0.15000039341988389
  0.15000059391475873
  0.15000059596090534
  0.15000059054006049
  0.14999999999999999
  0.15000023572701038
  0.15000029703622692
  0.15000036622604074
  0.15000036691940191
  0.15000036745037312
  0.15000000000000002
  0.15000023472662294
  0.15000029434783038
  0.15000036007945883
  0.15000036073801554
  0.15000036110515422
  0.14999999999999999
  0.1500002558748092
  0.15000034875112528
  0.15000048995649112
  0.1500004913671312
  0.15000048997913865
  0.15000000000000005
  0.15000026165304595
  0.15000036937796113
  0.1500005479390813
  0.15000054967433205
  0.15000056573689771
  0.14999999999999997
  0.15000024961306258
  0.15000032963208401
  0.15000043989157513
  0.15000044100168444
  0.15000043597402393
  0.15000000000000002
  0.15000026664175931
  0.15000038918793937
  0.15000060558816902
  0.15000060763515177
  0.15000063382280415
  0.14999999999999994
  0.15000027098385552
  0.1500004067972826
  0.15000065645262381
  0.15000065879748706
  0.150000681078159
  0.14999999999999999
  0.15000027464568361
  0.15000042100641975
  0.15000069594385199
  0.15000069853782438
  0.1500007151825061
  0.14999999999999999
  0.15000027742717179
  0.15000043111036873
  0.15000072255923486
  0.15000072532771663
  0.15000074167977562
  0.14999999999999997
  0.15000027907254213
  0.1500004368483685
  0.15000073691660504
  0.15000073978430556
  0.15000076121891312
  0.14999999999999999
  0.15000027938590688
  0.15000043819070513
  0.15000074012061868
  0.15000074300691077
  0.15000076600395096
  0.14999999999999997
  0.15000024493085409
  0.15000031718963619
  0.15000040984557556
  0.15000041077449044
  0.15000041073453677
  0.16798371255814487
  0.16798371256175684
  0.16798371255622191
  0.1679837125707189
  0.1679837125677289
  0.16798371256584926
  0.16798371257332614
  0.1679837125568828
  0.16798371255981703
  0.16798371257309455
  0.16798371256943237
  0.16798371257261066
  0.16798371256362193
  0.16798371255600877
  0.16798371257178824
  0.16798371257344444
  0.16798371256704048
  0.16798371255824546
  0.16798371256168804
  0.16798371255622724
  0.1679837125734841
  0.16798371256840361
  0.16798371256540962
  0.16798371257108421
  0.1679837125725758
  0.1679837125732318
  0.16798371255595018
  0.16798371255703451
  0.1679837125599829
  0.16798371256363404
  0.16798371257000347
  0.16798371257379502
  0.16798371257211012
  0.16798371256720696
  0.16798371255623817
  0.16798371255847247
  0.16798371256199937
  0.16798371256573694
  0.16798371256900049
  0.16798371257391945
  0.16798371257149772
  0.16798371257308808
  0.16798371255593131
  0.16798371255721758
  0.16798371256035871
  0.16798371256422368
  0.16798371256781439
  0.1679837125706902
  0.16798371257269906
  0.16798371257389444
  0.16798371257433065
  0.16798371255632363
  0.1679837125588266
  0.1679837125626478
  0.1679837125665293
  0.16798371256979605
  0.16798371257221562
  0.16798371257376962
  0.16798371257455552
  0.16798371255605832
  0.1679837125575282
  0.16798371256102576
  0.16798371256510819
  0.16798371256876374
  0.16798371257158395
  0.16798371257352582
  0.16798371257466313
  0.16798371257505912
  0.16798371255665004
  0.16798371255949113
  0.16798371256361003
  0.16798371256761052
  0.16798371257084754
  0.16798371257317229
  0.16798371257464884
  0.1679837125753863
  0.1679837125564991
  0.16798371255819941
  0.16798371256202885
  0.16798371256631714
  0.16798371256998521
  0.16798371257271447
  0.16798371257453518
  0.16798371257559808
  0.16798371257595338
  0.1679837125574094
  0.16798371256051173
  0.16798371256489031
  0.16798371256896893
  0.16798371257213326
  0.16798371257432279
  0.1679837125756761
  0.16798371257635208
  0.16798371255746103
  0.16798371255927333
  0.16798371256342257
  0.16798371256785807
  0.16798371257146796
  0.16798371257404682
  0.1679837125757086
  0.16798371257665703
  0.16798371257696845
  0.16798371255859432
  0.16798371256199135
  0.16798371256657335
  0.16798371257064482
  0.16798371257365616
  0.16798371257565334
  0.16798371257685932
  0.16798371257744377
  0.16798371255887923
  0.1679837125608869
  0.16798371256524428
  0.16798371256969158
  0.16798371257316114
  0.16798371257552927
  0.16798371257699876
  0.16798371257781797
  0.16798371257808842
  0.16798371256039785
  0.16798371256397857
  0.16798371256859448
  0.16798371257252465
  0.16798371257530578
  0.16798371257707254
  0.16798371257812317
  0.1679837125786143
  0.1679837125609876
  0.16798371256304948
  0.16798371256744948
  0.16798371257174574
  0.16798371257497138
  0.16798371257707764
  0.16798371257834208
  0.16798371257905156
  0.16798371257924927
  0.16798371256280384
  0.16798371256643063
  0.16798371257090136
  0.16798371257454103
  0.16798371257702888
  0.16798371257853756
  0.1679837125793977
  0.16798371257979924
  0.16798371256364905
  0.16798371256566466
  0.16798371256996025
  0.16798371257397821
  0.16798371257686748
  0.16798371257867162
  0.16798371257970632
  0.16798371258041286
  0.16798371258028461
  0.1679837125656532
  0.16798371256910305
  0.1679837125732983
  0.16798371257659747
  0.16798371257871358
  0.1679837125799718
  0.16798371258064967
  0.16798371258095257
  0.16798371256669622
  0.16798371256853925
  0.16798371257254929
  0.16798371257619138
  0.16798371257867961
  0.16798371258018521
  0.16798371258101033
  0.16798371258143197
  0.16798371258153927
  0.16798371256877204
  0.1679837125719354
  0.16798371257565978
  0.16798371257853187
  0.16798371258033173
  0.16798371258132183
  0.16798371258183842
  0.1679837125820586
  0.15000000000000002
  0.15000026534627356
  0.15000039070791865
  0.15000062109796067
  0.15000062350564181
  0.15000059901773499
  0.14999999999999997
  0.15000026074133799
  0.15000036665166908
  0.15000054275281888
  0.15000054450314071
  0.15000056695140326
  0.14999999999999997
  0.15000026906765443
  0.15000041618333282
  0.15000070962561093
  0.15000071294764464
  0.15000062365074257
  0.14999999999999997
  0.15000027232140245
  0.15000044014051578
  0.15000079300600105
  0.15000079715593831
  0.15000070347941738
  0.14999999999999999
  0.1500002474682085
  0.15000032187979137
  0.15000041891817428
  0.15000041989587037
  0.15000041724770605
  0.15000000000000002
  0.15000025514121465
  0.1500003447355753
  0.15000047814995213
  0.15000047948043185
  0.15000048672793342
  0.15000000000000002
  0.15000027540272148
  0.1500004603205346
  0.15000085985634384
  0.1500008645374365
  0.15000079341872694
  0.14999999999999999
  0.15000027816574724
  0.1500004753918413
  0.15000090586148992
  0.15000091084326655
  0.15000085269513391
  0.15000000000000002
  0.1500002802096968
  0.15000048498729249
  0.1500009326433823
  0.15000093774236795
  0.15000086883920283
  0.14999999999999997
  0.15000028114945232
  0.15000048919930167
  0.15000094347289497
  0.1500009486026726
  0.15000086060799281
  0.14999999999999997
  0.15000028076793812
  0.15000048818190109
  0.15000094040395781
  0.15000094554754703
  0.15000086932977252
  0.16798371255564151
  0.16798371257405956
  0.16798371255577099
  0.16798371257549716
  0.16798371255579869
  0.1679837125734234
  0.16798371255914926
  0.1679837125787032
  0.16798371256472924
  0.16798371258105643
  0.1679837125572777
  0.16798371257754077
  0.16798371255567202
  0.16798371255548503
  0.16798371257469968
  0.16798371257366077
  0.16798371256155842
  0.16798371257993616
  0.1679837125558761
  0.16798371257635972
  0.16798371257339231
  0.16798371256752781
  0.16798371258211681
  0.15000000000000002
  0.15000025881120885
  0.15000035557821134
  0.15000050716471622
  0.15000050866168158
  0.15000052450277199
  0.16798371255572786
  0.16798371255638397
  0.16798371255758315
  0.16798371255909131
  0.16798371256081318
  0.16798371256264541
  0.16798371256447273
  0.16798371256620706
  0.16798371256778935
  0.16798371256921221
  0.16798371257041861
  0.16798371257144512
  0.16798371257225134
  0.16798371257285569
  0.16798371255558348
  0.16798371255634595
  0.1679837125576128
  0.16798371255920558
  0.16798371256106601
  0.1679837125629553
  0.16798371256481548
  0.16798371256657804
  0.16798371256818057
  0.16798371256959427
  0.1679837125708076
  0.16798371257182021
  0.16798371257261255
  0.1679837125732126
  0.16798371255544339
  0.1679837125563175
  0.16798371255772943
  0.16798371255945971
  0.16798371256144415
  0.16798371256344383
  0.16798371256537253
  0.16798371256715472
  0.16798371256877498
  0.16798371257016897
  0.16798371257136313
  0.16798371257235722
  0.16798371257312122
  0.16798371257369851
  0.16798371257408712
  0.16798371255544953
  0.16798371255643557
  0.16798371255798727
  0.1679837125599371
  0.1679837125620505
  0.1679837125641391
  0.16798371256613909
  0.16798371256795117
  0.16798371256957156
  0.16798371257094641
  0.16798371257211073
  0.16798371257305275
  0.16798371257378267
  0.16798371257433012
  0.1679837125747117
  0.1679837125555288
  0.16798371255684036
  0.16798371255853481
  0.16798371256068825
  0.16798371256295191
  0.16798371256513991
  0.16798371256715322
  0.16798371256897085
  0.16798371257056019
  0.16798371257188827
  0.1679837125730117
  0.16798371257389652
  0.16798371257459344
  0.16798371257511124
  0.16798371257546071
  0.16798371255598765
  0.1679837125573799
  0.16798371255932212
  0.16798371256160813
  0.16798371256406036
  0.16798371256631989
  0.16798371256837533
  0.16798371257020869
  0.16798371257173753
  0.16798371257302128
  0.16798371257405967
  0.16798371257489539
  0.16798371257552744
  0.16798371257600048
  0.16798371257631572
  0.16798371255689498
  0.16798371255833322
  0.16798371256055422
  0.16798371256295563
  0.16798371256549349
  0.16798371256779526
  0.16798371256986247
  0.1679837125716141
  0.16798371257305905
  0.16798371257427522
  0.16798371257523267
  0.16798371257596537
  0.16798371257654421
  0.16798371257697609
  0.16798371257724948
  0.16798371255818303
  0.16798371255987582
  0.16798371256215075
  0.16798371256468705
  0.16798371256721073
  0.16798371256950823
  0.16798371257150396
  0.16798371257318051
  0.16798371257455008
  0.16798371257563743
  0.16798371257648206
  0.1679837125771339
  0.16798371257765793
  0.16798371257801092
  0.16798371257825057
  0.16798371256006378
  0.16798371256172984
  0.16798371256421971
  0.16798371256674843
  0.16798371256922681
  0.16798371257141015
  0.16798371257331282
  0.1679837125748572
  0.16798371257607675
  0.16798371257705452
  0.16798371257776629
  0.16798371257835218
  0.16798371257877562
  0.16798371257908509
  0.16798371257927228
  0.16798371256251807
  0.16798371256413555
  0.1679837125665688
  0.16798371256906244
  0.1679837125713913
  0.16798371257347797
  0.16798371257515168
  0.16798371257653189
  0.16798371257764869
  0.16798371257846934
  0.16798371257909467
  0.16798371257954678
  0.16798371257990938
  0.16798371258013756
  0.16798371258028985
  0.16798371256522929
  0.15000000000000002
  0.15000026744567702
  0.16798371256664674
  0.16798371256895733
  0.16798371257139824
  0.16798371257358283
  0.16798371257548761
  0.16798371257703906
  0.16798371257819364
  0.16798371257909583
  0.16798371257979974
  0.15000040969011325
  0.15000069425111298
  0.15000069704454302
  0.1500006607176767
  0.16798371258034411
  0.16798371258071707
  0.16798371258099246
  0.16798371258116404
  0.16798371258128914
  0.1679837125681051
  0.16798371256964076
  0.16798371257173161
  0.16798371257572373
  0.16798371257738581
  0.16798371257872508
  0.16798371258057254
  0.16798371258111797
  0.16798371258151806
  0.1679837125818219
  0.16798371258215872
  0.14999999999999999
  0.15000026852301485
  0.15000044084108741
  0.15000082625231881
  0.15000082920464161
  0.15000106757659454
  0.14999999999999999
  0.15000026893507082
  0.15000047310711839
  0.15000096667921239
  0.15000096945302022
  0.15000134412586372
  0.15000000000000002
  0.15000026991481619
  0.15000050173440641
  0.15000108415856567
  0.15000108727838585
  0.15000138789281561
  0.15000000000000002
  0.15000027168485933
  0.15000052372475256
  0.15000116440512504
  0.15000116804387831
  0.15000140817690388
  0.15000000000000002
  0.15000027362177545
  0.15000053850541226
  0.15000121095077634
  0.15000121502532088
  0.15000143178220135
  0.14999999999999999
  0.1500002749737302
  0.15000054654167358
  0.15000123278896413
  0.1500012372815476
  0.15000154342361802
  0.15000000000000002
  0.15000027524852513
  0.15000054832902565
  0.15000123667400972
  0.15000124115740343
  0.15000156504514481
  0.16798371255702246
  0.16798371257824329
  0.14999999999999997
  0.15000026523373117
  0.15000038592761711
  0.15000060363784185
  0.15000060589506137
  0.1500005342691389
  0.16798371255487995
  0.1679837125741562
  0.1679837125544997
  0.1679837125552226
  0.16798371257546807
  0.16798371257348432
  0.16798371255770175
  0.16798371257910841
  0.16798371255490777
  0.1679837125772623
  0.16798371256307601
  0.16798371258132222
  0.16798371255447073
  0.1679837125537364
  0.16798371257479913
  0.16798371257380262
  0.14999999999999997
  0.15000026857979018
  0.15000042730844659
  0.15000076783894581
  0.15000077105987342
  0.15000112286233211
  0.16798371255478844
  0.16798371255555239
  0.16798371255684416
  0.1679837125585108
  0.16798371256039016
  0.16798371256234629
  0.16798371256427788
  0.1679837125660967
  0.16798371256775049
  0.1679837125692043
  0.16798371257045278
  0.16798371257148348
  0.16798371257230513
  0.16798371257291617
  0.16798371257330186
  0.14999999999999999
  0.15000026592686619
  0.15000038357176529
  0.15000059153884188
  0.15000059369967295
  0.15000058482701106
  0.16798371255450262
  0.16798371255536265
  0.16798371255679914
  0.16798371255857589
  0.16798371256059519
  0.16798371256263819
  0.16798371256462874
  0.16798371256647002
  0.16798371256815289
  0.16798371256960853
  0.16798371257083708
  0.16798371257182415
  0.16798371257266978
  0.16798371255411104
  0.16798371255509323
  0.16798371255680436
  0.16798371255875844
  0.16798371256091721
  0.16798371256312516
  0.16798371256521122
  0.16798371256710215
  0.16798371256876349
  0.1679837125702143
  0.16798371257143127
  0.16798371255374453
  0.16798371255488209
  0.16798371255697386
  0.16798371255908842
  0.16798371256149194
  0.16798371256380465
  0.16798371256603278
  0.16798371256793609
  0.16798371256961822
  0.16798371257103151
  0.16798371257220251
  0.16798371257312172
  0.16798371257384412
  0.16798371257440534
  0.16798371257480493
  0.16798371255297379
  0.1679837125763341
  0.16798371255329664
  0.16798371255732789
  0.16798371256255937
  0.16798371256712633
  0.16798371257069844
  0.16798371257317254
  0.16798371257470071
  0.16798371257520398
  0.16798371257555381
  0.16798371255342398
  0.16798371255539588
  0.16798371255800079
  0.16798371256060793
  0.16798371256361394
  0.16798371256612124
  0.16798371256841138
  0.16798371257031575
  0.16798371257192343
  0.16798371257319364
  0.16798371257421266
  0.16798371257505243
  0.16798371257567332
  0.16798371257613046
  0.16798371257643654
  0.16798371255402611
  0.1679837125563686
  0.16798371256774758
  0.16798371257004913
  0.16798371257184694
  0.16798371257452929
  0.16798371257740116
  0.16798371255517092
  0.16798371255770353
  0.16798371256090139
  0.16798371256709718
  0.1679837125719654
  0.16798371257489533
  0.16798371257597308
  0.16798371257680522
  0.16798371257787781
  0.16798371257819411
  0.16798371257840816
  0.16798371255845806
  0.1679837125802747
  0.1679837125571465
  0.16798371255958766
  0.16798371256327024
  0.1679837125693098
  0.16798371257382921
  0.16798371257653422
  0.16798371257741204
  0.16798371257810427
  0.16798371257903469
  0.1679837125792826
  0.16798371257944941
  0.16798371255980327
  0.167983712562359
  0.16798371256593325
  0.1679837125690623
  0.16798371257182071
  0.16798371257403877
  0.16798371257572778
  0.16798371257716765
  0.16798371257818484
  0.16798371257897457
  0.16798371257944042
  0.16798371257987454
  0.16798371258016645
  0.16798371258035991
  0.16798371256293468
  0.16798371256544431
  0.16798371256852776
  0.1679837125742554
  0.16798371257630415
  0.16798371257779893
  0.16798371257974762
  0.16798371258073211
  0.16798371258127368
  0.16798371258140915
  0.16798371258150321
  0.16798371256836342
  0.16798371257191794
  0.16798371257448971
  0.16798371257642561
  0.1679837125782534
  0.16798371258059758
  0.16798371258170747
  0.16798371258220718
  0.16798371258231998
  0.1679837125824015
  0.1679837125824471
  0.14999999999999999
  0.15000026621341253
  0.15000046022826863
  0.15000093431946915
  0.1500009405081594
  0.15000066293114278
  0.16798371256496011
  0.16798371258227127
  0.16798371255377006
  0.16798371257825559
  0.15000000000000002
  0.15000026107804137
  0.1500005017695665
  0.15000116288130169
  0.15000117609731792
  0.14999977945771001
  0.14999999999999999
  0.15000025702251532
  0.15000054303532104
  0.15000137858522164
  0.1500013977096028
  0.15000018809916205
  0.15000000000000005
  0.15000025595171343
  0.15000057500680103
  0.1500015235188765
  0.15000154435730689
  0.15000049686920502
  0.14999999999999999
  0.1500002568917794
  0.1500005966166949
  0.15000160262109641
  0.1500016242748772
  0.15000084017930657
  0.14999999999999994
  0.15000025824344451
  0.15000060948907215
  0.15000163952373746
  0.15000166023882713
  0.15000072218953292
  0.15000000000000002
  0.15000025900814745
  0.1500006148676184
  0.15000165215061093
  0.15000167222719085
  0.15000038615700476
  0.14999999999999997
  0.15000025874100803
  0.15000061336685042
  0.15000164626364265
  0.15000166713058888
  0.15000063558238763
  0.16798371255380343
  0.16798371255718128
  0.16798371256150788
  0.16798371256576741
  0.16798371256918815
  0.16798371257168745
  0.16798371257332881
  0.16798371255260799
  0.16798371255739308
  0.16798371256288638
  0.16798371256753011
  0.16798371257095679
  0.16798371257322225
  0.16798371257465633
  0.16798371255282996
  0.16798371255884698
  0.16798371256555075
  0.16798371257027564
  0.16798371257344305
  0.16798371257541142
  0.167983712576566
  0.16798371255395347
  0.16798371257356082
  0.15000000000000002
  0.15000027002066069
  0.15000042497069133
  0.15000075025592052
  0.15000075316037151
  0.15000093459813169
  0.16798371255301461
  0.16798371255469921
  0.16798371256308628
  0.16798371256976879
  0.16798371257412228
  0.16798371257660427
  0.16798371257792388
  0.16798371257430991
  0.1679837125787548
  0.16798371255138417
  0.16798371257558237
  0.16798371256031408
  0.16798371256921185
  0.16798371257486588
  0.16798371257806763
  0.16798371257977934
  0.16798371258055791
  0.16798371258099923
  0.16798371255280345
  0.16798371257938199
  0.16798371255015618
  0.1679837125773426
  0.16798371255882155
  0.1679837125814585
  0.16798371255338798
  0.16798371255433162
  0.1679837125558018
  0.16798371255765526
  0.16798371255976488
  0.16798371256192138
  0.16798371256399086
  0.16798371256594627
  0.16798371256768369
  0.16798371256918987
  0.16798371257046216
  0.16798371257152062
  0.16798371257238792
  0.16798371257299136
  0.16798371257339095
  0.16798371255285938
  0.16798371255385885
  0.16798371255558212
  0.16798371255765043
  0.16798371255990147
  0.16798371256217329
  0.16798371256435954
  0.16798371256636577
  0.16798371256813016
  0.16798371256963887
  0.16798371257279143
  0.16798371257339534
  0.16798371255197708
  0.16798371255320196
  0.16798371255529063
  0.16798371255770342
  0.16798371256019284
  0.16798371256269393
  0.16798371256497538
  0.16798371256702863
  0.1679837125687679
  0.16798371257025044
  0.16798371255102107
  0.16798371256069564
  0.16798371256796962
  0.16798371254962371
  0.16798371256709774
  0.16798371257335945
  0.16798371257568814
  0.16798371254865443
  0.16798371256289724
  0.16798371257219211
  0.16798371257633016
  0.16798371257661013
  0.16798371254821334
  0.16798371257053421
  0.16798371257738651
  0.1679837125776017
  0.16798371254988984
  0.16798371255417929
  0.16798371255873759
  0.16798371257259609
  0.16798371257650654
  0.16798371257725864
  0.16798371257821135
  0.16798371257847894
  0.16798371257864669
  0.16798371255140501
  0.16798371257907022
  0.16798371257938
  0.16798371257956754
  0.1679837125797142
  0.16798371255432831
  0.1679837125791403
  0.16798371258053918
  0.16798371258068209
  0.16798371258076578
  0.16798371255879849
  0.16798371256314576
  0.16798371258156986
  0.16798371258170305
  0.1679837125817488
  0.16798371258179057
  0.16798371256260658
  0.1679837125761284
  0.16798371258197203
  0.16798371258237102
  0.16798371258274022
  0.16798371258276407
  0.16798371258277142
  0.15000000000000002
  0.15000027149178802
  0.15000041629376448
  0.15000070555266568
  0.15000070828433276
  0.15000061292432748
  0.16798371255260736
  0.16798371257390787
  0.15000000000000002
  0.15000026612669654
  0.15000046747905998
  0.15000096803425364
  0.15000097315411007
  0.14999949453222078
  0.16798371255054015
  0.16798371257500277
  0.14999999999999999
  0.150000251761158
  0.15000051625999264
  0.15000133999822496
  0.15000133399788129
  0.15000515807834511
  0.15000000000000002
  0.15000023644515914
  0.15000057943383918
  0.1500018027586342
  0.15000177622189695
  0.15000714898722597
  0.16798371254751199
  0.16798371257651926
  0.14999999999999997
  0.15000022902062635
  0.15000062684719781
  0.15000208691563827
  0.15000205475825756
  0.15000572435420151
  0.14999999999999997
  0.15000022758107276
  0.1500006572226894
  0.15000222221586074
  0.15000219138385149
  0.15000627344429793
  0.167983712546871
  0.16798371257848152
  0.14999999999999999
  0.15000022855326112
  0.1500006753279351
  0.15000227412954192
  0.15000224228431511
  0.15000440393349407
  0.16798371255112912
  0.16798371258057793
  0.15000000000000005
  0.15000022927001694
  0.15000068540982686
  0.1500022839849349
  0.15000226154873464
  0.15000728794840812
  0.15000000000000002
  0.15000022978734501
  0.15000068685603524
  0.15000229092628359
  0.15000226405349057
  0.15000631059928055
  0.16798371255995836
  0.16798371258257672
  0.16798371257906547
  0.14999999999999999
  0.1500002720789041
  0.15000040153763919
  0.1500006393529158
  0.15000064188482681
  0.15000064744838457
  0.16798371255207858
  0.16798371257367606
  0.15000000000000002
  0.15000027020498052
  0.15000046792905444
  0.15000094873637501
  0.15000095595163523
  0.1500011924236106
  0.16798371255028116
  0.16798371257445471
  0.16798371254644981
  0.16798371257578074
  0.16798371254199027
  0.16798371257760955
  0.16798371254243463
  0.1679837125797039
  0.16798371255015415
  0.1679837125817957
  0.16798371258061773
  0.15578468686990224
  0.15578437422894018
  0.15583656515837402
  0.15584149092753266
  0.15612195403323523
  0.15612160413070747
  0.15619735235521306
  0.15620461609422667
  0.16798371255160727
  0.1679837125527239
  0.1679837125544684
  0.16798371255661881
  0.16798371255900252
  0.16798371256140157
  0.16798371256369191
  0.16798371256576733
  0.16798371256762459
  0.16798371256918815
  0.16798371257053837
  0.16798371257160141
  0.16798371257247061
  0.16798371257309286
  0.16798371257348693
  0.16798371255073646
  0.16798371255186956
  0.16798371255398606
  0.16798371255645569
  0.16798371255906427
  0.16798371256160885
  0.16798371256410247
  0.16798371256626005
  0.16798371256808903
  0.16798371257102607
  0.16798371257292383
  0.16798371257347747
  0.16798371254915753
  0.16798371255095798
  0.16798371255335837
  0.16798371255637529
  0.16798371255932881
  0.16798371256480518
  0.16798371256697969
  0.16798371257355246
  0.16798371254740291
  0.16798371254961153
  0.16798371255284056
  0.1679837125563679
  0.16798371255990199
  0.16798371256580941
  0.16798371256980452
  0.16798371257259168
  0.16798371257429079
  0.15224366708751724
  0.15224329119464294
  0.15235776396957246
  0.15238629708966994
  0.16798371254456032
  0.1679837125569999
  0.16798371256434141
  0.16798371256712372
  0.16798371256931782
  0.16798371257248865
  0.16798371257364181
  0.16798371257448982
  0.16798371254205891
  0.1679837125527624
  0.16798371256226793
  0.16798371256592323
  0.16798371256887432
  0.1679837125726788
  0.1679837125739119
  0.16798371257490605
  0.16798371257617845
  0.16798371257682243
  0.16798371254034414
  0.16798371255366462
  0.1679837125710919
  0.16798371257629449
  0.16798371257738809
  0.16798371254070921
  0.16798371254774655
  0.16798371255630745
  0.16798371256286615
  0.16798371256726496
  0.16798371257091188
  0.16798371257347527
  0.16798371257510514
  0.16798371257633324
  0.16798371257790082
  0.16798371257825112
  0.16798371257859723
  0.16798371257882025
  0.167983712542745
  0.16798371256050015
  0.16798371256670563
  0.16798371257609765
  0.16798371257743466
  0.16798371257831407
  0.16798371257937322
  0.16798371257963821
  0.16798371257983738
  0.1679837125800398
  0.16798371254744365
  0.16798371256542102
  0.16798371257477504
  0.16798371257868142
  0.16798371258024936
  0.16798371258080957
  0.16798371258104447
  0.16798371258113631
  0.16798371255180275
  0.1679837125752891
  0.16798371258185565
  0.16798371258210396
  0.16798371258221978
  0.1679837125822175
  0.16798371255887351
  0.16798371257449354
  0.16798371257850017
  0.16798371258098291
  0.16798371258347808
  0.16798371258367212
  0.1679837125836596
  0.16798371258355016
  0.16798371258352435
  0.16798371258338138
  0.16798371258318368
  0.15606714369574526
  0.15606657856277148
  0.15544822894628435
  0.15535718813945287
  0.15824671838728382
  0.15824617324787457
  0.15783433880397454
  0.15777174751865414
  0.15781916149208455
  0.15781869652322097
  0.15765607359229356
  0.15762926684345246
  0.1578343116663333
  0.1578338276729358
  0.15761668091242262
  0.15758297970427687
  0.14999999999999999
  0.15000027523115983
  0.15000045365664502
  0.15000085192042056
  0.15000085478965744
  0.15000099197844743
  0.16798371255004751
  0.16798371257405115
  0.15000000000000002
  0.15000025591132893
  0.15000052964854607
  0.15000138569620924
  0.15000137278539286
  0.15000266089091416
  0.1679837125461689
  0.1679837125752032
  0.15868368074112091
  0.15868318776933324
  0.15844620154395092
  0.15840958896862892
  0.16798371253894395
  0.16798371257677835
  0.16798371253235761
  0.1679837125788313
  0.16798371253565267
  0.16798371258095832
  0.1679837125473759
  0.16798371258300224
  0.16798371254912822
  0.16798371255407957
  0.16798371256005146
  0.16798371256546557
  0.16798371257195407
  0.16798371257361316
  0.16798371254454209
  0.16798371255337607
  0.16798371256170461
  0.16798371256764977
  0.16798371257133038
  0.16798371257372177
  0.16798371257513314
  0.16798371257008332
  0.16798371253844149
  0.1679837125553397
  0.16798371256550734
  0.16798371257135325
  0.16798371257450018
  0.16798371257614342
  0.16798371257714817
  0.16798371253903382
  0.16798371256230332
  0.16798371257206221
  0.16798371257650191
  0.16798371257822522
  0.16798371257914302
  0.16798371255096919
  0.1679837125724003
  0.16798371257983713
  0.16798371258153733
  0.16798371258209335
  0.16798371258197162
  0.16798371258192937
  0.16798371258021394
  0.15000000000000002
  0.1500002781425997
  0.15000043170706334
  0.15000073748149678
  0.15000074093244434
  0.15000064180943415
  0.16798371254972941
  0.16798371257382178
  0.15000000000000002
  0.1500002678363615
  0.1500005183275219
  0.15000120274371551
  0.15000121642382924
  0.14999977686136393
  0.16798371254648184
  0.16798371257464367
  0.16798371257926026
  0.16798371253867009
  0.16344013200382831
  0.16344205441068158
  0.16481725706407072
  0.16493093117720092
  0.16798371257607655
  0.1679837125259753
  0.16798371257796338
  0.16334916313739933
  0.16335040090965627
  0.16410894337301513
  0.16416611549846208
  0.1555178909787214
  0.1555175302178349
  0.15516069630696439
  0.1551017034033014
  0.16798371251604086
  0.16798371258009623
  0.16798371254946842
  0.16798371255082079
  0.16798371255288086
  0.16798371255545241
  0.16798371255817088
  0.167983712560833
  0.16798371256333927
  0.16798371256558048
  0.16798371256753661
  0.16798371256921948
  0.16798371257062134
  0.16798371257172789
  0.1679837125725942
  0.16798371257322345
  0.16798371257361816
  0.16798371252392774
  0.16798371258223238
  0.16798371254809999
  0.16798371254967903
  0.16798371255220579
  0.16798371255512451
  0.16798371255821207
  0.1679837125638475
  0.16798371257307629
  0.16798371254549468
  0.16798371254795311
  0.16798371255121181
  0.16798371255490255
  0.1679837125584013
  0.16798371256695649
  0.16798371256884648
  0.16798371257288486
  0.16798371257370831
  0.16798371254235253
  0.16798371254979841
  0.1679837125548222
  0.16798371256811992
  0.16798371257375935
  0.16798371253679542
  0.16798371254896388
  0.16798371255511912
  0.16798371256007924
  0.16798371256730171
  0.16798371256970168
  0.16798371257148492
  0.16798371257401506
  0.1679837125748215
  0.16798371257543704
  0.16798371253299202
  0.16798371255648495
  0.16798371256223574
  0.16798371257166067
  0.1679837125732532
  0.16798371257605005
  0.16798371257654768
  0.16798371257689362
  0.16798371252517963
  0.16798371255940758
  0.16798371256515349
  0.16798371257390871
  0.16798371257530523
  0.16798371257739059
  0.16798371257778896
  0.16798371252440439
  0.16798371255395791
  0.16798371256341768
  0.16798371257527131
  0.1679837125765721
  0.16798371257861416
  0.1679837125788442
  0.16798371252377137
  0.16798371256203948
  0.16798371256913261
  0.16798371257386627
  0.16798371257842787
  0.16798371257922018
  0.16798371257974068
  0.16798371258016273
  0.16798371258028647
  0.16798371258038952
  0.16798371253336011
  0.16798371257496225
  0.16798371258179765
  0.16798371258186592
  0.16798371258169295
  0.16798371254214545
  0.16798371257427167
  0.16798371257995787
  0.1679837125830515
  0.16798371258413439
  0.1679837125840811
  0.16798371258381475
  0.16798371258324976
  0.16798371258299258
  0.16798371258283498
  0.16798371256674918
  0.16798371258413905
  0.16798371258592612
  0.16798371258640121
  0.16798371258638706
  0.16798371258551151
  0.16798371258496261
  0.16798371258450392
  0.16798371258415756
  0.16798371258390443
  0.16798371258374095
  0.16416266154055545
  0.16416366284765635
  0.16466717062457611
  0.16469137805346851
  0.16613138031379079
  0.16613359474965644
  0.16797931029809615
  0.16816643879593879
  0.15000000000000002
  0.15000027805599397
  0.15000049197127557
  0.15000100681306558
  0.15000100999319815
  0.1500015779835866
  0.16798371254702005
  0.16798371257421502
  0.15000000000000005
  0.15000024319516742
  0.15000060175588895
  0.1500018604543944
  0.15000184002758285
  0.15001068217804089
  0.16655739315893195
  0.16655947109353039
  0.1683770602598825
  0.16856462310853329
  0.16798371254017327
  0.16798371257538286
  0.16453129667956107
  0.16453596045198743
  0.16863445765539137
  0.1690476442933522
  0.16798371255617803
  0.16798371256857528
  0.1679837125738157
  0.1679785024759369
  0.16797850258966279
  0.16798371252534969
  0.16798371257712846
  0.1679808226640844
  0.16798082268172249
  0.16798371249802538
  0.16798179458597731
  0.1679817945805466
  0.1679837125792136
  0.1679837125648117
  0.1679837125764552
  0.16798371257851946
  0.16798230425682217
  0.16798230434333816
  0.16798371248443961
  0.1679837125814124
  0.1679829955902904
  0.16798299560375154
  0.16798285100026264
  0.16798285097169305
  0.16798371249048116
  0.16798371258345648
  0.1665135665514452
  0.16651550547367722
  0.16820855467665663
  0.16838346336371302
  0.16798371258747738
  0.16798371258614575
  0.16798371258384254
  0.16798281187405401
  0.16798371249666549
  0.16798311204770899
  0.16798371245216212
  0.16798371257170985
  0.16798371254722086
  0.16798371254871361
  0.1679837125512525
  0.16798371255421066
  0.16798371255731009
  0.16798371256026279
  0.16798371256308037
  0.16798371256547484
  0.16798371256753511
  0.16798371256931635
  0.16798371257071643
  0.16798371257186454
  0.16798371257275588
  0.16798371257337383
  0.16798371257378797
  0.16798371254499636
  0.16798371254699501
  0.16798371255026004
  0.16798371255379946
  0.1679837125574106
  0.16798371256063116
  0.16798371256356301
  0.16798371256607122
  0.16798371256815892
  0.1679837125698701
  0.16798371257123826
  0.16798371257236114
  0.16798371257321892
  0.16798371257383218
  0.167983712541491
  0.16798371254430208
  0.16798371254878233
  0.16798371255329192
  0.16798371255747888
  0.16798371256445918
  0.16798371256698638
  0.16798371256904368
  0.16798371257305184
  0.16798371257388139
  0.16798371253570599
  0.16798371254055022
  0.16798371254677164
  0.16798371255300878
  0.16798371255822733
  0.16798371256223341
  0.16798371256565006
  0.16798371256827924
  0.1679837125703085
  0.16798371257180106
  0.16798371257307296
  0.16798371257400935
  0.16798371257471278
  0.16798371257518374
  0.16798371252831215
  0.16798371254496419
  0.16798371255303035
  0.16798391466160092
  0.16798371244906918
  0.16798371255971137
  0.16798371256766523
  0.167983712570063
  0.16798371257196801
  0.16798371257443054
  0.16798371257515024
  0.16798371257576036
  0.1679837125171724
  0.16798371253195485
  0.16798371254424752
  0.16798371255421971
  0.16798371256166794
  0.16798371256668665
  0.16798371256985431
  0.16798371257235897
  0.16798371257385517
  0.167983712574996
  0.16798371257582365
  0.16798371257649014
  0.16798371257691855
  0.16798371257720254
  0.1679837125048502
  0.16798371254760866
  0.16798371255855041
  0.16798371257524433
  0.16798371257694883
  0.16798371257795744
  0.15000000000000002
  0.15000028352203768
  0.15000046031184153
  0.15000083121995098
  0.15000083548581211
  0.15000067127009489
  0.16798371249377247
  0.16798371252944649
  0.16798371255383224
  0.16798371256547429
  0.1679837125717526
  0.16798371257740158
  0.16798371257877154
  0.16798371257935069
  0.16798371257958788
  0.16798371254704125
  0.16798371257400746
  0.16798371250309913
  0.16798371256498781
  0.16798371257336892
  0.16798371257768893
  0.16798371258134787
  0.16798371258145564
  0.16798371258128666
  0.16798371258115935
  0.16798371258101205
  0.16798371258093975
  0.15000000000000002
  0.15000026595577884
  0.15000056698027456
  0.15000144064822807
  0.15000145863011563
  0.14999904629588243
  0.16798371252507699
  0.16798371255788619
  0.16798371257657277
  0.16798371258223299
  0.16798371258456257
  0.16798371258508388
  0.16798371258498285
  0.16798371258438397
  0.16798371258376937
  0.16798371258320352
  0.16798371258281139
  0.16798371258252517
  0.16798371258226483
  0.16798371258211472
  0.16798371254189629
  0.16798371257480033
  0.16798371254515648
  0.16798371258744499
  0.16798371259011347
  0.16798371258993616
  0.16798371258838116
  0.16798371258693753
  0.16798371258580566
  0.16798371258499561
  0.16798371258435446
  0.16798371258384304
  0.16798371258347822
  0.16798371255451724
  0.16798371257978922
  0.16798371259173142
  0.16798371259411504
  0.16798371259386094
  0.16798371259248712
  0.16798371259055189
  0.1679837125891612
  0.16798371258757358
  0.16798371258569347
  0.16798371258504444
  0.16798371258428443
  0.16798371252824137
  0.16798371257627762
  0.15802075418286954
  0.15802014995632943
  0.15747919174739797
  0.15738967020843972
  0.16772644886269839
  0.16772720295968707
  0.16808538030048703
  0.16808807619251662
  0.16798371249426808
  0.16798371257830547
  0.16769684366897125
  0.16769764006561097
  0.16830536486118225
  0.16835595651050902
  0.16798371243477581
  0.16798371258054534
  0.16798371246690658
  0.16798371258272607
  0.1677623239555564
  0.16776339674715177
  0.16869203561585222
  0.16878441436103389
  0.16798144909432031
  0.16798144903303186
  0.1679824450011411
  0.16798371250874042
  0.16798260858321748
  0.16798260856849284
  0.1679837125427335
  0.16798371255069289
  0.16798371255877559
  0.16798371256521258
  0.16798371256949379
  0.16798371257225256
  0.16798371257397174
  0.16798371253020275
  0.16798371254865488
  0.16798371256078906
  0.1679837125680563
  0.16798371257204531
  0.16798371257430775
  0.16798371257562436
  0.16798371250932154
  0.16798371255077546
  0.16798371256748584
  0.16798371257351483
  0.1679837125759738
  0.16798371257726333
  0.1679837125779125
  0.16798348962601495
  0.16798348962981688
  0.16798279490255208
  0.1679837124054861
  0.16798371251258884
  0.16798371256874436
  0.16798371257898581
  0.16798371258103642
  0.16798371258077915
  0.16798371258063832
  0.16798371258050507
  0.16798420934835942
  0.16798420920764653
  0.16798371257663264
  0.1679837125944218
  0.16798371259193287
  0.16798371258836778
  0.16798371258534522
  0.16798371258396214
  0.16798371258305875
  0.1679826396289886
  0.16798263972833016
  0.16798209236680459
  0.16798209238952275
  0.15000000000000005
  0.15000028104730942
  0.15000052623159291
  0.1500011393325639
  0.15000114302715487
  0.15000170677659619
  0.16798371254371935
  0.16798371257440223
  0.15000000000000002
  0.15000023689115785
  0.15000065818629396
  0.15000218531899145
  0.15000215822826538
  0.15000975488372259
  0.16798371253316338
  0.16798371257561898
  0.16589937974472277
  0.16590168591392873
  0.16765905442935489
  0.16782018155399137
  0.16798074734447191
  0.16798074736664437
  0.16798371250604202
  0.16798371257743355
  0.1679601774862429
  0.16796002059270901
  0.16773926358088678
  0.16770844792676101
  0.16798371239331791
  0.16798371257964476
  0.16798378726111363
  0.16798371248444202
  0.16788728692786048
  0.16788698735323365
  0.16744181298093899
  0.1673764166927578
  0.16798371245807492
  0.16798371258186728
  0.16798371256566905
  0.16798371258397038
  0.16791227270996045
  0.16791185359905927
  0.16736121920049146
  0.16728329997829786
  0.16798358180823464
  0.16798371251031297
  0.16798371254486491
  0.16798371254678765
  0.16798371254967825
  0.16798371255305483
  0.16798371255651509
  0.16798371255978592
  0.16798371256279698
  0.16798371256534023
  0.1679837125675791
  0.16798371256933839
  0.16798371257083669
  0.16798371257199762
  0.1679837125728951
  0.16798371257352851
  0.16798371257392511
  0.16798371254192238
  0.16798371254435143
  0.16798371254832026
  0.16798371255259917
  0.16798371255643582
  0.1679837125633763
  0.16798371256599973
  0.1679837125682071
  0.16798371257141625
  0.1679837125734043
  0.16798371253705122
  0.16798371254105132
  0.16798371254622085
  0.16798371255186956
  0.1679837125671074
  0.1679837125283184
  0.16798153544069483
  0.16798371254407371
  0.1679837123813199
  0.16798371255780248
  0.16798371256591429
  0.16798371257064895
  0.16798371257338063
  0.16798371257499478
  0.16798371251549035
  0.16798371249801688
  0.1679837125402919
  0.16798371256297659
  0.1679837125712545
  0.16798371257477537
  0.1679837125756399
  0.16798371257640654
  0.16798371257732067
  0.16798371247858188
  0.16798371257740188
  0.1679837125779137
  0.16798371257825345
  0.16798371247431113
  0.16798371256118433
  0.1679837125802634
  0.16798371258024236
  0.16798371258015149
  0.16798371252021344
  0.16798371258255643
  0.16798371258216799
  0.16798371256816583
  0.16798371259962533
  0.16798371259464689
  0.16798371258948233
  0.16798371258583583
  0.16798371258472014
  0.16798371258393777
  0.1679837125829281
  0.16798371261489284
  0.16798371258790709
  0.16798371258653211
  0.16798371258553002
  0.1679837126203591
  0.16798371260581382
  0.16798371259549449
  0.16798371258987779
  0.16798371258818773
  0.16798371258692177
  0.16798371258529374
  0.16798449380025338
  0.16798371262612763
  0.15000000000000005
  0.15000028841707128
  0.1500004847963757
  0.15000090851238868
  0.15000091338954563
  0.15000078972331429
  0.16798371254443431
  0.16798371257417416
  0.14999999999999999
  0.15000026648266812
  0.15000060556122807
  0.15000160748639688
  0.15000162838087377
  0.15000000289469537
  0.16798371253730091
  0.16798371257506114
  0.15842430205118341
  0.15842379301402684
  0.15817255752971185
  0.15813243784115116
  0.16798371251444333
  0.16798252675469894
  0.16798371240181525
  0.16798371257658889
  0.16790924402391277
  0.1679093788535429
  0.16796082333705398
  0.16795683301518519
  0.16798371242664947
  0.16798371257867833
  0.16798194602555938
  0.16798194602463684
  0.16798078914798983
  0.16798076992160299
  0.16798169705067911
  0.16798387521909844
  0.1679831986258436
  0.16798319853431251
  0.16798371237828016
  0.16798371258097278
  0.16798371264058939
  0.16798371258321937
  0.16798188383787849
  0.16798185859325232
  0.16798389432114741
  0.16798726438172562
  0.16798128519744393
  0.167981285416027
  0.16798362917942733
  0.16798362918618115
  0.16798506892273651
  0.16798506878826036
  0.16798371258396616
  0.16798295760276999
  0.16798371235523057
  0.16798434219853486
  0.16798371296072803
  0.14999999999999997
  0.15000028442010524
  0.15000055320487127
  0.15000123462717202
  0.15000123878090302
  0.15000160718291142
  0.16798371254049216
  0.16798371257461045
  0.14999999999999999
  0.15000023648674102
  0.15000069565843943
  0.15000234988178501
  0.15000232042707257
  0.15000727757546684
  0.16798371252510272
  0.16798371257587724
  0.16587403586200802
  0.16587628942080562
  0.16768990709183504
  0.16786773603455088
  0.16798153546012753
  0.16798153548164346
  0.16798371247360569
  0.16798371257778169
  0.16797641138984307
  0.1679765203634413
  0.16815769091753058
  0.1681864165722067
  0.16798288205680609
  0.16798288206936707
  0.16798371234455803
  0.16798371258001579
  0.16804290635694835
  0.16804324632075782
  0.16845514066180728
  0.16851048978602992
  0.16798371262877157
  0.16798371258235958
  0.16798371277885116
  0.16798371258450276
  0.16805369272919859
  0.16805398580233064
  0.16838693330947502
  0.16843006934166138
  0.16798352195452398
  0.16798371262989448
  0.16798371254261166
  0.167983712544855
  0.16798371254822336
  0.16798371255207259
  0.16798371255589284
  0.16798371255940495
  0.16798371256260178
  0.16798371256531078
  0.16798371256758901
  0.16798371256946035
  0.16798371257098638
  0.16798371257213707
  0.16798371257306627
  0.16798371257368405
  0.16798371257408981
  0.16798371258489078
  0.16798371253893016
  0.16798371254226463
  0.16798371254663305
  0.1679837125514177
  0.16798371255597219
  0.16798371255980621
  0.16798371256325653
  0.16798371256601236
  0.16798371256832417
  0.16798371257013686
  0.16798371257159214
  0.16798371257269254
  0.16798371257357819
  0.16798371257417993
  0.16798371253210806
  0.1679837125377778
  0.16798371254418998
  0.16798371255085673
  0.16798371255638003
  0.167983712564512
  0.16798371256950678
  0.16798371257255479
  0.16798371257435307
  0.16798371252125202
  0.16798371252961627
  0.16798371254153796
  0.16798371255098454
  0.16798371255737118
  0.16798371256213662
  0.16798371256620814
  0.16798371256898373
  0.16798371257102052
  0.16798371257244085
  0.16798371257370082
  0.16798371257454095
  0.16798371257525516
  0.16798371257566053
  0.16798371250556557
  0.16798371253969946
  0.16798371255209879
  0.16798420628398603
  0.16798371258082576
  0.16798371256006253
  0.16798371256904684
  0.16798371257137465
  0.16798371257311509
  0.16798371257530961
  0.16798371257589351
  0.16798371257639133
  0.16798371247698929
  0.16798371251385158
  0.16798371254084063
  0.16798371255651626
  0.16798371256471795
  0.16798371256943653
  0.16798371257235567
  0.16798371257441874
  0.1679837125755862
  0.16798371257641259
  0.16798371257700306
  0.1679837125774187
  0.16798371257765657
  0.16798371257787129
  0.16798371246380867
  0.16798371257885186
  0.16798371250988547
  0.1679837125741496
  0.1679837125839759
  0.16798371258305889
  0.16798371258200948
  0.16798371258146846
  0.16798371258111458
  0.16798371258056649
  0.16798371257565578
  0.16798371260178158
  0.1679837125967952
  0.16798371259489911
  0.16798371258862754
  0.16798371258667452
  0.16798371258524725
  0.16798371258394934
  0.16798371258309094
  0.16798371258206882
  0.16798371265953776
  0.16798371264273274
  0.16798371262676545
  0.16798371261325254
  0.16798371260448941
  0.16798371259912864
  0.1679837125939688
  0.16798371259070116
  0.16798371258804479
  0.16798371258637015
  0.16798371258502687
  0.16798371258419284
  0.16798371258353256
  0.16798371258313599
  0.16798371271218784
  0.16798371264382972
  0.16798371261290193
  0.16798371259754152
  0.16798371259030465
  0.16798371258835915
  0.16798371258670108
  0.16798371258479391
  0.1679837127330234
  0.16798371268579471
  0.16798371263251768
  0.16798371260821288
  0.16798371259608444
  0.16798371259241301
  0.16798371258810663
  0.1679837125869407
  0.16798371258595729
  0.16798300077494815
  0.16798371233121956
  0.1679825078748316
  0.16798371235079962
  0.16798346175021928
  0.1679834617386414
  0.16798527690614959
  0.16798527674967292
  0.16798305561706872
  0.16798305573045863
  0.16798394665577909
  0.16798394668204822
  0.15000000000000002
  0.15000029264278494
  0.15000050360137696
  0.15000096442347829
  0.15000096969511464
  0.15000087765945044
  0.16798371254214914
  0.16798371257435485
  0.15000000000000002
  0.15000026864664956
  0.15000063268511835
  0.15000170792948544
  0.15000172981986962
  0.15000043039059374
  0.16798371253246547
  0.16798371257526831
  0.15847298370201382
  0.15847248562968544
  0.15822413545245864
  0.15818069209037994
  0.16798371249843752
  0.16798371257685166
  0.16793095110049086
  0.16793135352776578
  0.16819205620418495
  0.16820723191799916
  0.16798371234804155
  0.16798371257899072
  0.16798266894962655
  0.16798266893837108
  0.16797286358828689
  0.1679727434291321
  0.16780502182253712
  0.16778046249010678
  0.16798371258651193
  0.16798371258135247
  0.16798371253630315
  0.16798371254762129
  0.16798371255793407
  0.1679837125653017
  0.16798371256984956
  0.16798371257266384
  0.16798371257438163
  0.16790088602828718
  0.16790060281434288
  0.16757909927404493
  0.16753729000561399
  0.16798371283250621
  0.16798371258362438
  0.16798371251493605
  0.16798371254636765
  0.16798371256131775
  0.16798371256918768
  0.16798371257293945
  0.16798371257500544
  0.16798371257617783
  0.16798371249943728
  0.16798371255858602
  0.16798371257259129
  0.16798371257643857
  0.16798371257784209
  0.16798371257833791
  0.16798371257867661
  0.16798371258193126
  0.16798371259441616
  0.16798371259180997
  0.16798371258639344
  0.16798371258393235
  0.16798371258219655
  0.16798371258145148
  0.16798371272468018
  0.16798371263713338
  0.16798371261130876
  0.16798371259552902
  0.16798371258930389
  0.16798371258575542
  0.1679837125841879
  0.16798334994781747
  0.16798371247977756
  0.16798379247337999
  0.16798371317032526
  0.16798446463251959
  0.1679837129387261
  0.16798371254109529
  0.16798371254336947
  0.16798371254709873
  0.1679837125511901
  0.16798371255542588
  0.16798371255918165
  0.16798371256250388
  0.16798371256534456
  0.16798371256770658
  0.16798371256956479
  0.1679837125711332
  0.16798371257231887
  0.167983712573226
  0.16798371257383099
  0.16798371257424144
  0.16798371253661712
  0.16798371254017411
  0.16798371254531497
  0.16798371255057046
  0.16798371255548489
  0.16798371256330263
  0.16798371256850017
  0.14999999999999997
  0.15000028757592812
  0.16798371257176614
  0.16798371257288988
  0.16798371257377276
  0.1500005721095766
  0.15000129523265049
  0.15000129982243965
  0.15000166196046552
  0.16798371253776198
  0.16798371257480324
  0.16798371252837194
  0.16798371253445518
  0.16798371254277486
  0.16798371255017774
  0.16798371255621428
  0.16798371256748373
  0.16798371256979627
  0.1679837125737593
  0.1679837125745603
  0.16798371251475627
  0.16798371254060518
  0.16798371255038541
  0.16798371255774447
  0.16798371256665509
  0.16798371256938513
  0.16798371257143419
  0.16798371257403971
  0.16798371257489042
  0.16798371257547987
  0.15000000000000002
  0.15000023817837504
  0.15000071954609717
  0.1500024346925827
  0.15000240651771793
  0.15000764381493964
  0.16798371258713476
  0.16798371251734925
  0.16798371257610797
  0.16798371248852581
  0.1679837125406764
  0.16798371255310637
  0.16798371256129999
  0.16798371256967917
  0.16798371257208733
  0.16798371257380901
  0.16798371257561726
  0.16798371257622738
  0.16798371257669689
  0.16798371247215674
  0.16798371254409192
  0.16798371256045178
  0.1679837125673069
  0.16798371257390121
  0.16798371257557565
  0.16798371257652742
  0.16798371257752534
  0.16798371257781924
  0.16798371257803935
  0.16578272059223889
  0.16578466025897681
  0.16725328646019086
  0.16738919870446903
  0.16798217536631832
  0.16798217538568996
  0.167983712419739
  0.16798371257804845
  0.16798371249479366
  0.16798371257429778
  0.16798371257776165
  0.16798371257991596
  0.16798371257974795
  0.16798371257949776
  0.16798371257952616
  0.16798371255765845
  0.16798371259168771
  0.16798371258451483
  0.16798371258239281
  0.16798371258133918
  0.16798371258105108
  0.16798371258090031
  0.16785762163005272
  0.16785712088025553
  0.16734143572234206
  0.16727954789869232
  0.1679837124732271
  0.16798371258033187
  0.16798371267821469
  0.16798371261711842
  0.16798371261133094
  0.1679837126038716
  0.16798371259174
  0.16798371258919689
  0.16798371258256703
  0.16798371276487439
  0.16798371265635634
  0.16798371263214076
  0.16798371261587292
  0.16798371259835643
  0.16798371259342587
  0.16798371258995312
  0.16798371258601993
  0.16798371258486763
  0.16798371258403802
  0.16792830292698444
  0.16792798050773292
  0.16756841808141826
  0.16752234617622785
  0.16798371283924277
  0.16798371282626107
  0.16798371258275796
  0.16798371264526335
  0.16798371262526321
  0.16798371259651582
  0.16798371259256503
  0.1679837125863278
  0.16798371258535202
  0.16798371268948056
  0.16798371265183951
  0.16798371263041431
  0.16798371260554218
  0.16798371259888939
  0.16798371259443037
  0.16798371258918388
  0.16798371258761952
  0.16799157271225987
  0.16799157631084496
  0.16799230391062803
  0.16799215641719334
  0.16798330312126306
  0.16798330312559287
  0.16798371296812548
  0.16798371258487407
  0.16798311553990114
  0.16798371248585064
  0.16798260866626302
  0.16798371230134151
  0.16798387254533587
  0.16798371270441823
  0.16798380416176059
  0.16798380420862541
  0.16798422989178297
  0.16798422990696282
  0.16798452113985829
  0.16798452110133111
  0.16798362976782505
  0.16798371255449407
  0.16798371255350819
  0.16798371256967706
  0.16798371257475891
  0.16798371258545783
  0.16798371258237565
  0.16798371258056344
  0.15000000000000002
  0.15000029578157253
  0.1500005161863161
  0.15000099979735915
  0.15000100528389393
  0.1500008988744041
  0.16798371254060507
  0.16798371257452427
  0.16798371264474576
  0.1679837125967851
  0.1679837125867148
  0.15000000000000002
  0.15000027087934389
  0.1500006498853923
  0.15000176525731215
  0.15000178732675803
  0.15000030153765212
  0.16798371252949326
  0.1679837125754077
  0.15851531064977911
  0.15851478892127074
  0.15827689335781697
  0.15823704186912224
  0.16798371248788402
  0.16798371257702771
  0.1679327126008496
  0.16793315547797646
  0.16830571423970994
  0.16834075096678788
  0.16798308329821843
  0.16798308328915926
  0.16798371236854406
  0.16798371257925157
  0.16822168138449878
  0.16822252114696984
  0.16910420862007056
  0.16921258302167475
  0.16798371274086324
  0.16798371258167749
  0.1680621800008715
  0.16806253624622094
  0.16847317308686932
  0.16852700612025237
  0.1679837130339526
  0.16798371258402148
  0.16798452985748949
  0.16798371367914414
  0.16798476250078953
  0.1679837123909344
  0.16798316130585308
  0.16798371183056626
  0.16798371253986957
  0.16798371254250802
  0.16798371254641412
  0.16798371255086764
  0.16798371255518074
  0.16798371255909411
  0.16798371256254352
  0.1679837125654263
  0.16798371256780037
  0.167983712569724
  0.1679837125712644
  0.16798371257247957
  0.16798371257335165
  0.16798371257401268
  0.16798371257438766
  0.16798371253505312
  0.16798371253897557
  0.167983712544403
  0.16798371255013539
  0.1679837125553045
  0.16798371255957453
  0.167983712563368
  0.16798371256632111
  0.16798371256861999
  0.1679837125704218
  0.16798371257192815
  0.16798371257308964
  0.16798371257392686
  0.16798371257452727
  0.1679837125259809
  0.167983712533152
  0.16798371254160274
  0.16798371254950717
  0.16798371255624353
  0.16798371256483649
  0.16798371256769629
  0.16798371256999278
  0.16798371257299366
  0.16798371257395447
  0.16798371257474135
  0.16798371251038102
  0.16798371252341715
  0.16798371253970551
  0.16798371255022135
  0.16798371255792591
  0.16798371256295822
  0.16798371256697514
  0.16798371256979766
  0.16798371257177025
  0.16798371257315459
  0.16798371257427611
  0.16798371257509873
  0.16798371257570113
  0.16798371257609537
  0.16798424119917912
  0.16798371294299616
  0.16798371248558827
  0.16798371254119401
  0.16798371255416636
  0.16798371256247435
  0.16798371257052133
  0.16798371257269276
  0.1679837125742126
  0.16798371257597539
  0.16798371257653211
  0.16798371257695688
  0.16798371246620131
  0.16798371251866595
  0.16798371254712158
  0.16798371256312569
  0.16798371256998262
  0.16798371257299244
  0.16798371257501016
  0.16798371257656694
  0.16798371257718467
  0.16798371257765857
  0.16798371257784078
  0.1679837125781746
  0.16798371257832195
  0.16798371257842595
  0.16798371251484359
  0.16798371258102926
  0.16798371258128986
  0.16798371257997888
  0.16798371257985784
  0.16798371261652678
  0.16798371260983286
  0.16798371259507833
  0.16798371258850264
  0.16798371258431408
  0.1679837125824134
  0.16798371258182121
  0.16798371258140951
  0.16798371258121741
  0.16798371274221965
  0.16798371265042025
  0.16798371262541356
  0.16798371261109898
  0.16798371259517356
  0.16798371259080649
  0.16798371258803596
  0.16798371258460573
  0.16798371258365924
  0.16798371258298861
  0.16798371285558245
  0.16798371275629642
  0.16798371268593135
  0.16798371264856382
  0.16798371262533771
  0.16798371261196127
  0.16798371260176317
  0.16798371259584141
  0.1679837125916093
  0.16798371258890893
  0.16798371258675243
  0.16798371258541392
  0.16798371258450884
  0.16798371258393319
  0.16798371291535327
  0.16798371270786328
  0.16798371266444878
  0.16798371263532988
  0.16798371260622255
  0.16798371259906644
  0.16798371259414208
  0.167983712588472
  0.16798371258691983
  0.16798371258580269
  0.16798371293917305
  0.16798371280835017
  0.16798371266954387
  0.1679837126225448
  0.16798371260145525
  0.16798371259631728
  0.16798371259268269
  0.16798371258824343
  0.16798371258696787
  0.1679837125862193
  0.15000000000000002
  0.15000028976576041
  0.15000058327852062
  0.1500013288636429
  0.15000133373878172
  0.15000177195742864
  0.16798425216748553
  0.16798425214029777
  0.16798371253634967
  0.16798371257495517
  0.14999999999999999
  0.15000023957090824
  0.15000073352643181
  0.15000248345158276
  0.15000245633884124
  0.15000841635132769
  0.16798434464050377
  0.16798434463370543
  0.16798371251317984
  0.16798371257626937
  0.1679848265149875
  0.1679848265025019
  0.16798429956323974
  0.16798429959935757
  0.16598620762813568
  0.16598846588271698
  0.16778980574438201
  0.16796496765087812
  0.16798355161317755
  0.16798355162355746
  0.1679824381539464
  0.16798243817663838
  0.16798371237920484
  0.16798371257826872
  0.16798431242097106
  0.16798371273658855
  0.16797698631738586
  0.16797692966945002
  0.16793437730487673
  0.16793124299756987
  0.1679837125873847
  0.16798371258060649
  0.16798253965031953
  0.16798371387895336
  0.16795771964466308
  0.16795757554847054
  0.16779205495894567
  0.16777041680969662
  0.16798371298841736
  0.16798371258306186
  0.1679362501653848
  0.16793605069779122
  0.16770900717056475
  0.16767945750052157
  0.16798371314025765
  0.16798371258523159
  0.16798363847327008
  0.16798371251052416
  0.16798371253278652
  0.1679837125462571
  0.16798371255791603
  0.16798371256563729
  0.16798371257019809
  0.1679837125730497
  0.1679837125747084
  0.16798371250542235
  0.16798371254603106
  0.16798371256255429
  0.16798371257002193
  0.16798371257368877
  0.16798371257553424
  0.16798371257660025
  0.16798371252363606
  0.16798371256678649
  0.16798371257730219
  0.16798371257881789
  0.1679837125792385
  0.16798371257910727
  0.16798371257919348
  0.16798371268633489
  0.16798371262181322
  0.16798371260139988
  0.16798371259030478
  0.16798371258561193
  0.16798371258324296
  0.16798371258212946
  0.16798371285726613
  0.16798371268055698
  0.16798371262537301
  0.16798371260118666
  0.16798371259166917
  0.16798371258702666
  0.16798371258490638
  0.14999999999999997
  0.15000029744160823
  0.15000052250590531
  0.15000101701941326
  0.15000102260458267
  0.15000089750238566
  0.16798371253985683
  0.1679837125746817
  0.14999999999999997
  0.15000027213934228
  0.15000065841773572
  0.15000179318759219
  0.15000181524953862
  0.15000005129406244
  0.16798371252761404
  0.16798371257560107
  0.16798466363004882
  0.16798371361220388
  0.15866094074160028
  0.15866039921341224
  0.15832853707148151
  0.15827099397964733
  0.16798371247839627
  0.16798371257724073
  0.16798330281340818
  0.16798330280002324
  0.16791806573873494
  0.16791799381157532
  0.16767656379128568
  0.16762997036917365
  0.16798371242579238
  0.16798371257947523
  0.1677231561678578
  0.16772232819350749
  0.16685547398956402
  0.16674887198351571
  0.16798371283336896
  0.1679837125819012
  0.16797801846865201
  0.16797791803460219
  0.16784798278627561
  0.16782975949504075
  0.16798371313975
  0.16798371258425554
  0.1679832943751742
  0.16798371375158697
  0.16798466590124125
  0.16798371316068383
  0.16798371258135714
  0.16798371253939351
  0.16798371254224898
  0.16798371254632252
  0.16798371255078878
  0.16798371255522884
  0.16798371255921277
  0.16798371256265213
  0.16798371256552397
  0.16798371256792927
  0.16798371256988426
  0.16798371257138142
  0.16798371257258243
  0.16798371257352399
  0.16798371257410852
  0.16798371257452302
  0.16798371253425581
  0.16798371253847577
  0.16798371254436925
  0.16798371255008909
  0.16798371255536118
  0.1679837125598127
  0.16798371256347311
  0.16798371256880509
  0.16798371257065706
  0.16798371257208694
  0.16798371257407838
  0.16798371252475158
  0.16798371253258107
  0.16798371254179548
  0.16798371254962344
  0.16798371255596503
  0.16798371256105224
  0.16798371257180805
  0.16798371250744754
  0.16798371253937416
  0.16798371255036809
  0.16798371255810371
  0.16798371256735073
  0.16798371257204506
  0.16798371257448988
  0.16798371257586875
  0.1679837124827778
  0.16798371248005076
  0.16798371254917654
  0.16798371257078373
  0.1679837125758428
  0.16798371257756939
  0.16798371257814348
  0.16798371257848732
  0.16798371254193895
  0.16798371265088877
  0.16798371258208397
  0.16798422950051478
  0.16798371297804521
  0.16798371278406748
  0.16798371289993452
  0.16798371269948312
  0.16798371262919945
  0.16798371260348985
  0.16798371259224315
  0.16798371258718853
  0.16798371258476377
  0.16798371296171091
  0.16798371273495311
  0.16798371264549414
  0.1679837126114421
  0.16798371259696354
  0.16798371259037939
  0.16798371258722927
  0.16798454309409663
  0.16798454310223876
  0.16798477640955983
  0.16798477639825329
  0.16798388402422607
  0.16798371278879501
  0.16798417191643802
  0.16798417193753146
  0.16798365917412983
  0.16798365918125824
  0.15000000000000005
  0.15000029051039052
  0.15000058706642863
  0.15000134025720077
  0.1500013452312042
  0.15000182985978133
  0.16798371253593597
  0.16798371257509387
  0.16798351997611718
  0.16798371171405505
  0.14999999999999999
  0.15000023990937769
  0.15000073854881574
  0.15000250349542854
  0.1500024773255913
  0.15000949100234109
  0.16798371251165337
  0.16798371257643424
  0.1662163473474241
  0.16621897995190824
  0.16840241809618417
  0.16862281807589447
  0.16798247811753453
  0.16798247814544978
  0.16798250709281584
  0.16798370300441487
  0.16798371236751314
  0.16798371257843625
  0.16814182731023303
  0.16814239162975528
  0.16877916611037228
  0.1688620639536034
  0.16798371262696243
  0.16798371258075712
  0.16809456915593876
  0.16809506974030963
  0.16865025259919172
  0.1687212953503856
  0.16798371304897519
  0.16798371258323608
  0.16798704854300028
  0.16798711529538582
  0.16808758737329327
  0.16810271333667787
  0.16798371319484454
  0.16798371258539865
  0.16798445054093278
  0.16798371303957105
  0.16798329551703461
  0.16798371462551245
  0.15000000000000002
  0.15000029740844759
  0.15000052259843374
  0.1500010174870037
  0.15000102307519639
  0.15000089322941504
  0.16798371254009925
  0.16798371257482261
  0.14999999999999999
  0.15000027205225666
  0.15000065865094522
  0.15000179487807674
  0.1500018169678505
  0.15000001307733968
  0.16798371252773392
  0.16798329535550324
  0.16798329534069806
  0.16798371257568956
  0.15869577139056443
  0.15869521173518597
  0.15836587537068142
  0.15830932026175276
  0.16798371247751065
  0.16798371257734163
  0.16798480075071409
  0.16798371303928925
  0.16791537207070797
  0.16791530130213092
  0.16771817324855423
  0.16768069275831449
  0.16798371253986183
  0.16798371254263975
  0.16798371254668759
  0.16798371255121802
  0.16798371255549879
  0.167983712559448
  0.16798371256289241
  0.16798371256577474
  0.16798371256817632
  0.16798371257002967
  0.16798371257155367
  0.16798371257271469
  0.16798371257362843
  0.16798371257425831
  0.16798371243019158
  0.1679837125746422
  0.16798371257960149
  0.16798371253464869
  0.16798371253938787
  0.16798371254485189
  0.16798371255052319
  0.16798371255569663
  0.16798371255999986
  0.16798371256376088
  0.16798371256663522
  0.16798371256897687
  0.16798371257074704
  0.16798371257221731
  0.16798371257334724
  0.16798371257418965
  0.16798371257478714
  0.16797713709904755
  0.16797714769370609
  0.16797645642797376
  0.16797515357786308
  0.16798371252537905
  0.16798371254202743
  0.16798371255018821
  0.16798371255650044
  0.16798371256522696
  0.1679837125680935
  0.16798371257033856
  0.16798371257327929
  0.16798371257425238
  0.16798371257498254
  0.16798371283927374
  0.16798371258209877
  0.16798371250940963
  0.1679837125240938
  0.16798371253935185
  0.16798371255081648
  0.1679837125584891
  0.16798371256369057
  0.16798371256757227
  0.16798371257028516
  0.16798371257219416
  0.16798371257359532
  0.16798371257464448
  0.16798371257541381
  0.16798371257598085
  0.16798371257636599
  0.16795177032654579
  0.16795159809757781
  0.16775694281934139
  0.1677317137744799
  0.16798371248994895
  0.16798371254196473
  0.16798371255511493
  0.16798371256347253
  0.1679837125714965
  0.16798371257335606
  0.16798371257473438
  0.16798371257637051
  0.16798371257687869
  0.16798371257723432
  0.16798371314047028
  0.16798371258440842
  0.16798371246976651
  0.16798371252003702
  0.16798371254686112
  0.16798371256372208
  0.1679837125710017
  0.16798371257408387
  0.16798371257577022
  0.16798371257719505
  0.1679837125778714
  0.16798371257806227
  0.16798371257825126
  0.16798371257854203
  0.16798371257865335
  0.16798371257871175
  0.16798371253968911
  0.16798371258314918
  0.1679837125820266
  0.16798371258038533
  0.16798371264977907
  0.16798371261702974
  0.16798371259861156
  0.16798371259008951
  0.16798371258517178
  0.16798371258303341
  0.16798371258170081
  0.16798371278003216
  0.16798371265892961
  0.16798371263168024
  0.16798371261509007
  0.16798371259716227
  0.1679837125923381
  0.16798371258898318
  0.16798371258519224
  0.16798371258411643
  0.16798371258336198
  0.16798371289395836
  0.16798371278434082
  0.1679837127004285
  0.16798371265804762
  0.16798371263101958
  0.16798371261575576
  0.16798371260390743
  0.16798371259715833
  0.1679837125925156
  0.16798371258967501
  0.16798371258737937
  0.1679837125859337
  0.16798371258489031
  0.16798371258427827
  0.16798371295586659
  0.16798371272244306
  0.16798371267158374
  0.16798371263924475
  0.1679837126084443
  0.16798371260062053
  0.16798371259515604
  0.1679837125891461
  0.16798371258745648
  0.16798371258624023
  0.16798371298260098
  0.16798371283917313
  0.16798371267954837
  0.16798371264702705
  0.16798371262623613
  0.16798371260290207
  0.1679837125972371
  0.16798371259345202
  0.16798371259058459
  0.16798371258741537
  0.16798371258659195
  0.16798441227137778
  0.16798371251024044
  0.16798488296105388
  0.16798488291918129
  0.16798415067900901
  0.16798415066565206
  0.1679843753682064
  0.16798437539637759
  0.1679846664037378
  0.16798466640651857
  0.16798366582568341
  0.16798371318146882
  0.16798350380604027
  0.16798350383214986
  0.16798371253378019
  0.16798371254755309
  0.16798371255845612
  0.16798371256605071
  0.16798371257059547
  0.16798371257328673
  0.16798371257495168
  0.15000000000000002
  0.15000028966746362
  0.15000058355472093
  0.15000133042610331
  0.15000133532226617
  0.1500018063576366
  0.16798371250995336
  0.16798371254673181
  0.16798371256334249
  0.16798371257066763
  0.16798371257402103
  0.16798371257585246
  0.16798371257683095
  0.16798371253698047
  0.16798371257520592
  0.16798254581138664
  0.16798371529760539
  0.14999999999999999
  0.15000023926321782
  0.1500007342676046
  0.15000249040712871
  0.15000246335992387
  0.15000876945166633
  0.16798371251857372
  0.16798371256728509
  0.16798371257783262
  0.16798371257905276
  0.16798371257953038
  0.16798371257936934
  0.1679837125794526
  0.16798371251448349
  0.16798371257654046
  0.16611812215381203
  0.16612052445759806
  0.1680270844108244
  0.16821210374320686
  0.16798371268026305
  0.1679837126229545
  0.16798371260204314
  0.167982418352048
  0.16798241837598646
  0.16798371259105832
  0.1679837125861503
  0.16798371258359279
  0.1679837125823454
  0.1679837123837318
  0.16798371257853087
  0.16796659853081031
  0.16796642960915154
  0.16778650431030964
  0.16776472214836879
  0.16798371284362429
  0.16798371268158072
  0.16798371262472811
  0.16798371260178957
  0.16798371259194159
  0.167983712587333
  0.16798371258513625
  0.16798371259409206
  0.16798371258085545
  0.1679616610156186
  0.16796152268731124
  0.16779106487379647
  0.16776782847559099
  0.16798371299581855
  0.16798371258332778
  0.16803525643657835
  0.16803542373920158
  0.16819950525622632
  0.16821866025158255
  0.16798371315145358
  0.16798371258547176
  0.16798476250372874
  0.16798371327412837
  0.16798331868936539
  0.16798370538093563
  0.16798454463993803
  0.16798371285168651
  0.16798371254114858
  0.16798371254379732
  0.16798371254756303
  0.16798371255175196
  0.16798371255601108
  0.16798371255983377
  0.16798371256315994
  0.16798371256602218
  0.16798371256830211
  0.1679837125701793
  0.16798371257165054
  0.16798371257280312
  0.16798371257370365
  0.16798371257434222
  0.16798371257471259
  0.16798371253621283
  0.16798371254035757
  0.16798371254575981
  0.16798371255126293
  0.16798371255619851
  0.16798371256035394
  0.16798371256393752
  0.16798371256687653
  0.1679837125691433
  0.16798371257094941
  0.16798371257234179
  0.16798371257434389
  0.16798371252782776
  0.16798371253518818
  0.16798371254333
  0.16798371255079772
  0.16798371255685224
  0.16798371256555392
  0.16798371256831676
  0.1679837125704311
  0.16798371257211686
  0.16798371257430655
  0.16798371257508288
  0.16798371251354996
  0.1679837125414389
  0.16798371255190575
  0.16798371256779454
  0.16798371257042063
  0.16798371257231975
  0.16798371257463801
  0.16798371257546946
  0.16798371257605951
  0.16798371249017038
  0.16798371254118949
  0.16798405361573746
  0.16798371255498809
  0.16798371358255285
  0.16798371256322786
  0.16798371257132172
  0.16798371257328909
  0.1679837125747104
  0.16798371257635841
  0.1679837125768863
  0.16798371257727313
  0.1679837124740387
  0.16798371254659691
  0.16798371256353536
  0.16798371257034855
  0.16798371257370834
  0.16798371257543165
  0.16798371257698938
  0.16798371257768893
  0.16798371257826381
  0.16798371257850792
  0.16798371257866643
  0.16798371251626201
  0.16798371257885891
  0.16798371258183117
  0.16798371258149764
  0.16798371258116651
  0.16798371258025732
  0.16798371258022513
  0.1679837126080857
  0.16798371260045766
  0.16798371259536671
  0.16798371258641437
  0.16798371258216155
  0.16798371272685617
  0.16798371264215625
  0.1679837126227558
  0.16798371260982858
  0.16798371259547967
  0.1679837125912291
  0.16798371258849443
  0.16798371258502071
  0.16798371258401698
  0.16798371258329201
  0.16798371284083471
  0.16798371267932644
  0.16798371264785877
  0.16798371262467793
  0.16798371260155351
  0.16798371259573208
  0.16798371259179889
  0.16798371258701825
  0.16798371258574799
  0.16798371258481501
  0.1679837128970092
  0.16798371266087225
  0.16798371263323805
  0.16798371259932637
  0.16798371259436301
  0.16798371258720576
  0.16798371258610637
  0.14999999999999999
  0.1500002956827664
  0.15000051644413101
  0.15000100108294168
  0.15000100657545762
  0.15000088857092506
  0.1679837127111844
  0.16798371263984918
  0.16798371260938672
  0.16798371260172112
  0.16798371259025816
  0.16798371258851294
  0.16798371258728675
  0.16798371254172051
  0.1679837125749066
  0.14999999999999999
  0.15000027065763005
  0.1500006504741826
  0.15000176915193353
  0.15000179116878884
  0.15000012667126092
  0.1679837125307522
  0.16798371257582184
  0.15860173689444257
  0.15860119621347807
  0.15831991289843614
  0.15827219816052593
  0.16798371249080668
  0.16798371257743422
  0.16798367644466417
  0.16798371323334552
  0.16792643727935994
  0.1679266280673429
  0.16802080081552126
  0.16802038870158809
  0.16798371238965457
  0.16798371257964942
  0.16797659857091113
  0.16797660284924532
  0.16799953574627985
  0.16800385034302875
  0.16798371273838167
  0.1679837125821001
  0.16798329447929206
  0.16798329446451488
  0.16797700008651664
  0.16797702006625223
  0.16802408477177241
  0.1680322250990707
  0.16798377287953714
  0.1679837132541952
  0.16798371304372123
  0.16798371258438385
  0.16798389746775161
  0.16798389743672607
  0.16798352290252624
  0.16798352296184171
  0.1679844144168825
  0.16798441441611778
  0.16798484100523062
  0.16798484097583596
  0.16798371255453493
  0.16798371257040248
  0.16798371257526182
  0.16798371258638903
  0.16798371258310588
  0.16798371258104888
  0.16798371264444623
  0.16798371259720682
  0.16798371258716463
  0.16798263854876111
  0.16798371403655829
  0.15000000000000002
  0.15000028739279198
  0.15000057258911234
  0.15000129776604121
  0.15000130239772644
  0.15000170219762818
  0.16798371253954095
  0.16798371257529657
  0.15000000000000008
  0.15000023776787844
  0.15000072055015662
  0.15000244168478527
  0.15000241415142052
  0.15000838165574304
  0.16798371252053051
  0.1679837125765751
  0.16592925410550757
  0.16593147153678087
  0.16769922202767662
  0.16787170244349817
  0.16798213722034092
  0.16798213724299418
  0.16798371242546103
  0.16798371257853234
  0.16800362795848794
  0.16800371506301912
  0.16813899881022823
  0.16816026794007333
  0.16798371248573363
  0.16798371258083433
  0.16798304926523921
  0.167983713201281
  0.16801278641946921
  0.16801290065101304
  0.16814687300252543
  0.16816472388023498
  0.16798371286056857
  0.16798371258327272
  0.16794855063340644
  0.16794839318932706
  0.16777791059186895
  0.16775651483078383
  0.16798371300363021
  0.16798371258541575
  0.16798444849710803
  0.16798371290850492
  0.16798432828212576
  0.16798371358782044
  0.1679837125430105
  0.16798371254530245
  0.16798371254888661
  0.16798371255295336
  0.16798371255670522
  0.16798371256036784
  0.16798371256354311
  0.16798371256621922
  0.16798371256851113
  0.16798371257034456
  0.16798371257179409
  0.16798371257286765
  0.16798371257377451
  0.1679837125744113
  0.1679837125747875
  0.16798371253918734
  0.16798371254256611
  0.16798371254734185
  0.16798371255234035
  0.16798371255692263
  0.16798371256078543
  0.16798371256432898
  0.16798371256930494
  0.16798371257104439
  0.16798371257243777
  0.16798371257437203
  0.16798371257494404
  0.16798371253170974
  0.16798371253791222
  0.16798371254511721
  0.16798371255190836
  0.16798371255764397
  0.1679837125705782
  0.16798371257510339
  0.16798371251986752
  0.16798371253041414
  0.1679837125429309
  0.16798371255228078
  0.16798371255919747
  0.16798371256382402
  0.16798371256768868
  0.16798371257036837
  0.16798371257224562
  0.16798371257365841
  0.16798371257465808
  0.16798371257547981
  0.16798371257606212
  0.16798371257644221
  0.16798371249783656
  0.16798371254287076
  0.16798371255494782
  0.16798371257111963
  0.16798371257310146
  0.16798371257460012
  0.16798371257634193
  0.16798371257684311
  0.16798371257727787
  0.16798371247029853
  0.16798371251773156
  0.16798371254448544
  0.16798371256128009
  0.16798371256840278
  0.16798371257277436
  0.1679837125748154
  0.16798371257655006
  0.1679837125772782
  0.1679837125777684
  0.16798371257814143
  0.16798371257841027
  0.16798371257859088
  0.16798371257870762
  0.16798417533017232
  0.1679837078048102
  0.16798371249749819
  0.16798371257894135
  0.16798371258041492
  0.16798371255211528
  0.16798371259071007
  0.16798371259059519
  0.1679837125883262
  0.16798371258686356
  0.16798371258407133
  0.16798371258232714
  0.16798371258161274
  0.16798371265875403
  0.16798371261932163
  0.16798371261135134
  0.16798371260303996
  0.16798371259241282
  0.16798371258953951
  0.16798371258752523
  0.16798371258448758
  0.16798371258369599
  0.16798371258315439
  0.16798371275773749
  0.16798371269765561
  0.16798371265533332
  0.16798371263119091
  0.16798371261601716
  0.16798371260632469
  0.16798371259884054
  0.16798371259402009
  0.16798371259047906
  0.16798371258837153
  0.1679837125866008
  0.16798371258542769
  0.16798371258457895
  0.16798371258407388
  0.16798371280425178
  0.16798371267014045
  0.16798371262405845
  0.1679837126024962
  0.16798371259290418
  0.16798371258816108
  0.16798371258585604
  0.1679837128273676
  0.16798371274121704
  0.16798371264987585
  0.16798371261600423
  0.16798371260639081
  0.16798371259948136
  0.16798371259514486
  0.16798371259201142
  0.16798371258816822
  0.16798371258709119
  0.16798371258637343
  0.16798302754282107
  0.1679830275762963
  0.16798367769922565
  0.1679836776883572
  0.16798460918869834
  0.16798460913548247
  0.16798381612007499
  0.1679838161636128
  0.15000000000000002
  0.15000029247390348
  0.15000050398701611
  0.15000096635121354
  0.15000097163794276
  0.15000087890412686
  0.1679843629475217
  0.16798436293700386
  0.16798371254398362
  0.16798371257497433
  0.14999999999999999
  0.15000026834338703
  0.15000063344414843
  0.15000171210919741
  0.15000173399401354
  0.15000040227790731
  0.16798371253499653
  0.16798371257586384
  0.1584891079036376
  0.1584886116707403
  0.15822598559797801
  0.15817947411049457
  0.16798371250509531
  0.1679837125774101
  0.16798327999157475
  0.16798371286105146
  0.16792337391653786
  0.16792368364091079
  0.16805914934863345
  0.16805652563939227
  0.16798371235635293
  0.16798371257960346
  0.16799760713748921
  0.16799758114235372
  0.16790656563677733
  0.16788943813209359
  0.16798371259199252
  0.1679837125820007
  0.16798959080162984
  0.16798959737917063
  0.16796437575899908
  0.1679582831026408
  0.16798371285039385
  0.16798371258427863
  0.16798262392615343
  0.16798262391225283
  0.16798371253917022
  0.16798371255002331
  0.16798371255973668
  0.16798371256646133
  0.16798371257078532
  0.16798371257342176
  0.16798371257501563
  0.16798371252017819
  0.16798371254900424
  0.16798371256347822
  0.16798371257042222
  0.16798371257396941
  0.16798371257575528
  0.1679837125768496
  0.16798371250608782
  0.16798371256186317
  0.16798371257485972
  0.16798371257767514
  0.16798371257856845
  0.16798371257904088
  0.16798371257932507
  0.16798371257698239
  0.16798371259726075
  0.16798371259180225
  0.16798371258727132
  0.16798371258469691
  0.16798371258288727
  0.16798371258207487
  0.16798371269964191
  0.16798371263918113
  0.16798371261012565
  0.16798371259651473
  0.16798371258979292
  0.16798371258645456
  0.16798371258473763
  0.16798247493489604
  0.16798371173909027
  0.16798422250995038
  0.16798371293125866
  0.16798380576218694
  0.16798371255845415
  0.14999999999999999
  0.15000028413991073
  0.15000055386196545
  0.15000123805671128
  0.15000124221403885
  0.15000157474473869
  0.16798371254271174
  0.16798341067266542
  0.16798371351724931
  0.16798371257534103
  0.15000000000000002
  0.15000023609893973
  0.15000069657263049
  0.15000235415508223
  0.15000232429112165
  0.15000667835621223
  0.16798371252787694
  0.1679837125765849
  0.16576523470787285
  0.16576727141038367
  0.16736301092548111
  0.16751521227033975
  0.16798157218821178
  0.16798157220697968
  0.16798371247857133
  0.16798371257848843
  0.16788408499419352
  0.16788380806469688
  0.16763846862633947
  0.16761278750527331
  0.16798371237127283
  0.16798371258074979
  0.16793471572511029
  0.16793454813811476
  0.16777873619157613
  0.16776124647739774
  0.16798371266441178
  0.16798371258308664
  0.16803124177256545
  0.16803144181006327
  0.16827408908842656
  0.16830663025039139
  0.16798371278312835
  0.16798371258520042
  0.16798371254549507
  0.16798371254751895
  0.16798371255055755
  0.16798371255414371
  0.1679837125577438
  0.16798371256103492
  0.16798371256401848
  0.16798371256659436
  0.16798371256873532
  0.16798371257048586
  0.16798371257185918
  0.16798371257298009
  0.16798371257384789
  0.16798371257442946
  0.16798371257482517
  0.16798371254212813
  0.16798371254494937
  0.16798371254924527
  0.16798371255371347
  0.16798371255778299
  0.16798371256149369
  0.16798371256471842
  0.16798371256736144
  0.16798371256941536
  0.16798371257117203
  0.16798371257250463
  0.16798371257437308
  0.16798371253592498
  0.16798371254703151
  0.16798371255317437
  0.16798371256595848
  0.16798371256852795
  0.16798371257220149
  0.16798371257434899
  0.16798397109659963
  0.16798371325552885
  0.16798371252615299
  0.16798371254469191
  0.1679837125677234
  0.16798371257222675
  0.16798371257459077
  0.16798371257601058
  0.16798371251132133
  0.16798371255523192
  0.1679837125728022
  0.16798371249427477
  0.1679837125459698
  0.16798371255954389
  0.16798371256755021
  0.1679837125741914
  0.16798371257584932
  0.16798371257669431
  0.16798371257732533
  0.16798371257791159
  0.16798371257848391
  0.16798371247868926
  0.16798371256980149
  0.1679837125795397
  0.1679837125798016
  0.16798371257975825
  0.16798371257987904
  0.16798371257987543
  0.16798371250792093
  0.16798371258374686
  0.16798371258242226
  0.16798371257710296
  0.16798371258476574
  0.167983712583891
  0.1679837126460367
  0.1679837126275264
  0.16798371260544062
  0.1679837125949028
  0.16798371258888775
  0.16798371258722997
  0.16798371258581674
  0.16798371258423778
  0.16798371269016646
  0.16798371262488754
  0.16798371259428641
  0.1679837125863409
  0.1679837127024337
  0.16798371265119671
  0.16798371263076892
  0.16798371261673639
  0.16798371260132577
  0.16798371259666786
  0.16798371259304556
  0.16798371258885453
  0.16798371258758327
  0.16798371258666886
  0.16798288930165112
  0.1679828892934416
  0.1679831781578974
  0.16798317819114095
  0.16798378813945145
  0.16798378813892756
  0.16798407168375956
  0.16798407166756024
  0.16798300984645032
  0.16798371213809474
  0.14999999999999997
  0.15000028816222785
  0.15000048525210194
  0.15000091095724977
  0.15000091586415593
  0.15000080644470962
  0.16798371254682773
  0.1679837125750126
  0.15000000000000002
  0.15000026603935401
  0.15000060650639258
  0.1500016124881933
  0.15000163365661462
  0.15000025071016687
  0.1679837125399849
  0.16798371257585504
  0.15837032034829585
  0.15836982713705047
  0.15818473973440114
  0.15815739538342499
  0.16798371252035088
  0.1679837125774345
  0.167910037303169
  0.16791051595289339
  0.1683922046392603
  0.16844693783748693
  0.16810945857451584
  0.16810995085343144
  0.16871039623574738
  0.16879188020681846
  0.16798371243714447
  0.16798371257949404
  0.16798192722017913
  0.16798192722946773
  0.16798371242237448
  0.16798371258179123
  0.16798244945501842
  0.16798371241952562
  0.16798904735372311
  0.16798906993698656
  0.1680582051693762
  0.16807154578708058
  0.16798371263209022
  0.16798371258401829
  0.16798371258491862
  0.16798374331616767
  0.16798371251035818
  0.16798395093224641
  0.16798371269011916
  0.16798308990171604
  0.16798371222539796
  0.1679837125807318
  0.16798371254806321
  0.16798371254984662
  0.16798371255254593
  0.16798371255555936
  0.167983712558776
  0.16798371256182551
  0.16798371256456052
  0.16798371256695749
  0.16798371256895431
  0.16798371257063094
  0.16798371257201056
  0.16798371257305184
  0.16798371257389758
  0.16798371257446493
  0.16798371257487046
  0.16798371254569175
  0.16798371254830929
  0.16798371255152017
  0.16798371255522501
  0.16798371255892741
  0.16798371256218766
  0.16798371256517564
  0.16798371256761352
  0.16798371256961567
  0.16798371257124747
  0.16798371257255285
  0.16798371257358474
  0.16798371257436964
  0.16798371257489386
  0.16798371257524597
  0.16798371254105002
  0.16798371254996522
  0.16798371255505246
  0.16798371255950154
  0.16798371256631078
  0.16798371256874961
  0.16798371257067285
  0.16798371257342851
  0.1679837125743501
  0.16798371257507327
  0.16798371253495767
  0.16798371254143149
  0.16798371254840319
  0.16798371255518615
  0.16798371256053971
  0.16798371256449654
  0.16798371256780695
  0.16798371257026026
  0.1679837125721001
  0.16798371257342126
  0.16798371257455036
  0.16798371257534317
  0.16798371257596892
  0.16798371257640285
  0.16798371252412933
  0.16798371254757791
  0.16798371255642763
  0.16798371256268363
  0.16798371257032374
  0.16798371257239661
  0.16798371257403349
  0.16798371257606914
  0.16798371257661918
  0.16798371257707082
  0.15000000000000005
  0.1500002806124911
  0.15000052719772211
  0.15000114480840551
  0.15000114849521587
  0.1500016659347421
  0.16798371251085761
  0.16798371253011016
  0.16798371254775726
  0.16798371255950958
  0.16798371256598027
  0.16798371256988423
  0.16798371257299946
  0.16798371257499703
  0.16798371257627062
  0.16798371257698957
  0.16798371257758143
  0.16798371257797295
  0.16798371257828829
  0.16798371257847833
  0.16798371254636082
  0.16798371257534059
  0.16798371249354815
  0.16798371256631231
  0.16798371257828509
  0.16798371257912642
  0.16798371257957129
  0.16783095180697605
  0.16783052701321155
  0.16722333573807444
  0.16713595945648693
  0.16798371249402627
  0.16798371256541456
  0.16798371257950931
  0.16798371258194067
  0.16798371258158354
  0.14999999999999999
  0.15000023613032881
  0.16798371258129546
  0.15000065966595039
  0.15000219514508162
  0.1500021669748571
  0.15000898996038392
  0.16798371253660474
  0.1679837125765607
  0.1679837125259388
  0.16798371258138198
  0.16798371258534323
  0.16798371258714234
  0.16798371258649292
  0.16798371258548983
  0.16798371258443143
  0.16798371258371722
  0.1679837125832124
  0.1679837125824544
  0.16798371255805486
  0.16798371258633121
  0.16798371259778358
  0.16798371259673958
  0.16798371259405789
  0.16798371259287642
  0.16798371259057818
  0.16798371258865985
  0.16798371258706959
  0.16798371258587491
  0.16798371258498354
  0.16798371258433986
  0.16798371258384431
  0.1679837125835229
  0.1658364723582717
  0.16583845186980126
  0.16725320256905035
  0.16737357216050466
  0.16798084748019732
  0.16798084749079301
  0.16798371250895539
  0.16798371257836353
  0.16798371259976971
  0.16798371260685241
  0.16798371260438924
  0.16798371260172562
  0.16798371259369049
  0.16798371259127678
  0.16798371258928457
  0.16798371258654035
  0.16798371258570313
  0.16798371258506206
  0.16798371260716483
  0.16798371261860723
  0.16798371261180353
  0.16798371260530628
  0.1679837126003918
  0.16798371259335429
  0.16798371259113312
  0.16798371258930497
  0.1679837125879492
  0.16798371258621345
  0.1679837125857114
  0.16798371241840446
  0.16798371258054426
  0.16794606203870666
  0.167945756138006
  0.16751534551429245
  0.16745263767577029
  0.1679837124783434
  0.16798371258280861
  0.16792294075159184
  0.1679225434625139
  0.16736244514932597
  0.16728108542662129
  0.16798371257309413
  0.16798371258488468
  0.16798330042299014
  0.16798371242057458
  0.16798282100312661
  0.16798282098446179
  0.16798269421744688
  0.16798371256215441
  0.1679819920694017
  0.16798199208424397
  0.16798323320266834
  0.16798323319179062
  0.16798336428179556
  0.16798336428971919
  0.16798351812533635
  0.16798351811962947
  0.16798332498298163
  0.16798371253898942
  0.16798154027895587
  0.16798154021498546
  0.16798371254676034
  0.167983712553952
  0.16798371256134575
  0.16798371256709216
  0.16798371257098133
  0.16798371257347558
  0.16798371257497688
  0.16798339921282723
  0.16798371253631972
  0.16798371253820374
  0.16798371255353151
  0.16798371256375239
  0.16798371257010478
  0.16798371257353245
  0.16798371257558425
  0.16798371257666103
  0.16798371252435912
  0.16798371255806357
  0.16798371257035294
  0.16798371257536496
  0.16798371257743908
  0.16798371257844888
  0.16798371257893768
  0.16798371252489008
  0.16798371257305528
  0.16798371258115552
  0.16798371258280359
  0.16798371258218869
  0.16798371258185951
  0.16798371258155181
  0.167983712575342
  0.16798371259425582
  0.16798371259318681
  0.16798371258965411
  0.16798371258663841
  0.1679837125850186
  0.16798371258403871
  0.15000000000000002
  0.15000028317225117
  0.15000046106153825
  0.15000083531051273
  0.15000083962149505
  0.15000067836233574
  0.16774133793146917
  0.1677417938079302
  0.16792273595479471
  0.16791563304714369
  0.16798371254984543
  0.16798371257503666
  0.14999999999999999
  0.15000026517322027
  0.1500005687393379
  0.15000145165634149
  0.15000146998653327
  0.14999907751572741
  0.16798371254518055
  0.16798371257583664
  0.15811188270869964
  0.15811129673135266
  0.15758843019439309
  0.15749940485003558
  0.16798371253276928
  0.16798371257735856
  0.16798371250311914
  0.16798371257932826
  0.16798371244487767
  0.16798371258157346
  0.16798371248883853
  0.16798371258377254
  0.16766578059555406
  0.16766697987339249
  0.16872632521495873
  0.16883390112027472
  0.16757269094951155
  0.1675736263557199
  0.16805517675513648
  0.16806636805557121
  0.1679828570773855
  0.16798371252946034
  0.16713502535384783
  0.16713733494512242
  0.16959792158251322
  0.16989647778907885
  0.16798371255084296
  0.16798371255219235
  0.16798371255446351
  0.16798371255704836
  0.16798371255990649
  0.16798371256259104
  0.16798371256510955
  0.16798371256726333
  0.16798371256920538
  0.16798371257075029
  0.16798371257206382
  0.16798371257309527
  0.16798371257391542
  0.16798371257450812
  0.16798371257488942
  0.16798371254901084
  0.16798371255085889
  0.16798371255384703
  0.16798371255693528
  0.16798371256008274
  0.16798371256565586
  0.16798371256985054
  0.16798371257261635
  0.16798371257437011
  0.16798371257490577
  0.16798371257527353
  0.16798371254624556
  0.16798371254909431
  0.16798371255284136
  0.16798371255677053
  0.16798371256059136
  0.16798371256889355
  0.16798371257075029
  0.1679837125722112
  0.16798371257432393
  0.16798371257505373
  0.16798371257587055
  0.16798371254176425
  0.1679837125519365
  0.16798371255711306
  0.16798371256802047
  0.16798371257024272
  0.16798371257203901
  0.16798371257443212
  0.16798371257527622
  0.16798371257589792
  0.16798371253651603
  0.16798371255109659
  0.16798371255790814
  0.16798371256326447
  0.16798371256991229
  0.16798371257210007
  0.16798371257373493
  0.16798371257576353
  0.16798371257643749
  0.16798371257692848
  0.16798371252817171
  0.16798371255122393
  0.16798371255997976
  0.16798371256576969
  0.16798371256948269
  0.16798371257448028
  0.16798371257569075
  0.16798371257776118
  0.16798371257846986
  0.16798371252274721
  0.16798371256455438
  0.16798371257014399
  0.16798371257714872
  0.16798371257801673
  0.16798371257918387
  0.16798371257937988
  0.16798371251533692
  0.16798371257073877
  0.16798371257538264
  0.16798371257963993
  0.16798371258012249
  0.16798371258072164
  0.1679837125807454
  0.16798371258072056
  0.16798371258072523
  0.16798371251832189
  0.16798371254915825
  0.16798371256945538
  0.16798371257787945
  0.16798371258091421
  0.16798371258333128
  0.16798371258320804
  0.16798371258288425
  0.1679837125395881
  0.16798371257987246
  0.16798371258521519
  0.16798371258724584
  0.16798371258700312
  0.16798371258601072
  0.16798371258526978
  0.16798371258409223
  0.16798371258368552
  0.16798371258335498
  0.16798371258305322
  0.16798371255051364
  0.16798371257784503
  0.1679837125913281
  0.16798371259213074
  0.16798371258856015
  0.16798371258723377
  0.16798371258498332
  0.16798371258455749
  0.16798371256162067
  0.16798371259471123
  0.16798371259597294
  0.16798371259229686
  0.16798371259055803
  0.16798371258694189
  0.16798371258620334
  0.16798371258565908
  0.16798371258511902
  0.16798301503560731
  0.16798371249259217
  0.15000000000000002
  0.15000027744426639
  0.1500004932593991
  0.15000101486880874
  0.1500010180245632
  0.15000161574550291
  0.16798371255018921
  0.16798371257533365
  0.14999999999999999
  0.15000024170897608
  0.15000060423312558
  0.15000188197953948
  0.1500018605702835
  0.15001132548315149
  0.16798371254410968
  0.16798371257649236
  0.1679781725413787
  0.16797817268181853
  0.16798371253216687
  0.16798371257822417
  0.16798113853779925
  0.16798113853329921
  0.16798371251200145
  0.16798174448244776
  0.16798174450260928
  0.16798371258034242
  0.16440575595033655
  0.16441095613653389
  0.16897991144546162
  0.16944196055320312
  0.16798242307996916
  0.16798293771982886
  0.16798242310489031
  0.16798371249810659
  0.16798371249697888
  0.16798371258257513
  0.16798295980888533
  0.16798295981181247
  0.16798292696551487
  0.16798292698108386
  0.16798371251774649
  0.16798371258462846
  0.16608322549892124
  0.16608559697448744
  0.16811885346845046
  0.16832934488230014
  0.16582530347101998
  0.16582770955914916
  0.16790849147238704
  0.16812463676318662
  0.16798371255935957
  0.16798371257050523
  0.16798371257510522
  0.16798371256929567
  0.16798371257841627
  0.16798371257985062
  0.16798371259045686
  0.16798371258788775
  0.16798371258509404
  0.16453197511609496
  0.16453339829361827
  0.16550095012885033
  0.1655788414019366
  0.16352741420165387
  0.16352778070679641
  0.16333739034062913
  0.16327412216927292
  0.14999999999999999
  0.15000026646113901
  0.15000052277172066
  0.15000123094291992
  0.15000124552697047
  0.14999961821757585
  0.163262068851449
  0.16326460876059828
  0.16540105131982127
  0.16560859614219628
  0.14999999999999999
  0.15000027775387789
  0.15000043316789088
  0.15000074471896918
  0.15000074825739487
  0.15000064486857109
  0.16798371255276284
  0.16798371257504255
  0.16798371255002051
  0.1679837125758166
  0.16334192189636176
  0.16334209172533384
  0.1629904002011201
  0.16291298580379354
  0.15579503193795555
  0.15579467807091546
  0.15545308718915035
  0.15539181038207131
  0.16798371254360395
  0.16798371257723657
  0.16798371253416025
  0.16798371257916525
  0.16798371252576791
  0.16798371258133182
  0.1679837125336418
  0.16798371258347114
  0.16798371255325553
  0.16798371255444455
  0.16798371255629171
  0.16798371255861139
  0.16798371256102701
  0.16798371256334013
  0.16798371256566128
  0.16798371256766245
  0.16798371256941627
  0.16798371257090125
  0.167983712572152
  0.16798371257315792
  0.16798371257392553
  0.1679837125745087
  0.16798371257488995
  0.16798371255216674
  0.16798371255369454
  0.16798371255589259
  0.16798371255843955
  0.16798371256119318
  0.16798371256375733
  0.16798371256611982
  0.16798371256818034
  0.16798371256996775
  0.16798371257144565
  0.16798371257265074
  0.16798371257360178
  0.16798371257435074
  0.16798371257487965
  0.16798371257527012
  0.16798371255034095
  0.16798371255282579
  0.16798371255538971
  0.1679837125616471
  0.16798371256706288
  0.16798371257085612
  0.16798371257222508
  0.16798371257340028
  0.16798371257501951
  0.16798371254796063
  0.1679837125510513
  0.16798371255478783
  0.16798371255868749
  0.16798371256236935
  0.16798371256540742
  0.16798371256815753
  0.16798371257029843
  0.16798371257198169
  0.16798371257328848
  0.16798371257435296
  0.16798371257516917
  0.16798371257579703
  0.16798371257620937
  0.16798371254451683
  0.16798371255450284
  0.16798371255986122
  0.16798371257003222
  0.16798371257192674
  0.1679837125734443
  0.16798371257557387
  0.16798371257625044
  0.16798371257678119
  0.16798371257737113
  0.16798371254169836
  0.16798371254760988
  0.16798371255504227
  0.16798371256124642
  0.16798371256614084
  0.1679837125720684
  0.16798371257389147
  0.1679837125751707
  0.16798371257612532
  0.16798371257686917
  0.16798371257788047
  0.16798371257813649
  0.16798371257834135
  0.16798371253918423
  0.16798371256938932
  0.167983712574717
  0.1679837125784007
  0.16798371257910685
  0.1679837125794045
  0.16798371253745711
  0.16798371254876981
  0.16798371256147104
  0.16798371257287328
  0.1679837125753971
  0.16798371257756786
  0.16798371257866976
  0.16798371257927067
  0.16798371258005068
  0.16798371258024458
  0.16798371258036016
  0.16798371258043771
  0.16798371258050274
  0.16798371254061797
  0.16798371255342709
  0.16798371256598321
  0.1679837125731807
  0.16798371257736669
  0.16798371258072656
  0.16798371258129077
  0.16798371258153566
  0.16798371258167205
  0.16798371258164774
  0.16798371258162018
  0.16798371254647065
  0.16798371256148109
  0.16798371257267908
  0.16798371257857603
  0.16798371258195124
  0.16798371258306646
  0.16798371258375819
  0.16798371258378275
  0.16798371258368461
  0.16798371258349207
  0.16798371258325401
  0.16798371258306258
  0.16798371258292014
  0.16798371258280934
  0.16798371258273018
  0.16798371255439351
  0.16798371256886879
  0.16798371257827399
  0.16798371258608183
  0.16798371258613565
  0.16798371258554237
  0.16798371258458877
  0.16798371258407538
  0.16798371258376135
  0.16798371257407665
  0.16798371258300562
  0.16798371258730987
  0.16798371258877487
  0.16798371258848857
  0.16798371258855774
  0.16798371258784256
  0.1679837125871444
  0.16798371258655503
  0.16798371258599612
  0.16798371258549333
  0.16798371258492314
  0.16798371258474953
  0.16798371255339603
  0.16798371257532482
  0.15000000000000002
  0.15000025424788205
  0.15000053137121047
  0.15000140769193751
  0.15000139068726503
  0.15000287374359383
  0.16798371255017497
  0.1679837125764328
  0.16798371254514549
  0.16798371257808864
  0.1679837125411113
  0.16798371258013467
  0.16798371254521599
  0.16798371258228798
  0.15000000000000002
  0.15000027394690291
  0.1500004551645446
  0.15000086522923828
  0.1500008682793198
  0.15000096422220138
  0.16798371255818459
  0.16798371258429709
  0.15639183459118183
  0.15639131599506878
  0.15577927252239643
  0.15568220738510899
  0.16798371255353531
  0.16798371255790204
  0.16798371256317032
  0.16798371256776032
  0.16798371257118017
  0.16798371257348105
  0.16798371257494629
  0.16798371255071243
  0.16798371255811906
  0.16798371256495404
  0.1679837125700786
  0.16798371257327924
  0.1679837125752483
  0.1679837125764144
  0.16798371254753308
  0.1679837125605301
  0.16798371256913044
  0.1679837125738935
  0.16798371257641251
  0.16798371257775227
  0.16798371257850042
  0.16798371254942257
  0.16798371256738742
  0.16798371257546607
  0.16798371257894498
  0.16798371258013756
  0.16798371258067635
  0.16798371258087885
  0.15823896702634282
  0.15823849484914726
  0.15793971736788684
  0.15788623532840992
  0.16798371256059177
  0.16798371257630226
  0.16798371258287537
  0.16798371258380249
  0.16798371258382722
  0.16798371258346995
  0.1679837125832212
  0.15752239596483303
  0.15752200140057979
  0.15754028579173274
  0.15754717611387092
  0.15702744976342151
  0.15702715717513432
  0.15703287640192834
  0.15702654066306285
  0.15772560663298349
  0.15772512456248988
  0.15756369792147962
  0.15753889881605446
  0.15755522188966248
  0.15755476605836788
  0.15743476846595478
  0.15741884872588147
  0.15740310022437456
  0.15740265814175491
  0.15726236035266378
  0.15724063016965126
  0.15000000000000002
  0.15000026718557335
  0.15000048544357192
  0.15000105289157403
  0.15000106160879789
  0.15000134557144243
  0.15234656382353029
  0.15234617338274362
  0.15245725495640419
  0.15248699112911815
  0.16798371255531894
  0.16798371257504549
  0.16798371255545019
  0.16798371255643005
  0.16798371255794364
  0.16798371255992275
  0.16798371256200273
  0.1679837125640862
  0.16798371256612965
  0.16798371256796152
  0.16798371256963257
  0.16798371257106004
  0.16798371257223035
  0.16798371257317074
  0.16798371255382119
  0.1679837125739464
  0.16798371257449848
  0.16798371257487077
  0.1679837125757718
  0.16798371255477174
  0.16798371255593125
  0.16798371255775046
  0.16798371256220532
  0.16798371256659739
  0.16798371257015049
  0.1679837125715421
  0.16798371257268782
  0.16798371257435779
  0.1679837125748902
  0.16798371255386799
  0.16798371255546421
  0.16798371256008771
  0.16798371256512962
  0.16798371255105579
  0.16798371256925587
  0.1679837125709101
  0.16798371257225164
  0.16798371257425884
  0.16798371257575942
  0.16798371257715253
  0.16798371255242669
  0.1679837125574431
  0.16798371256835806
  0.16798371257195552
  0.16798371257426914
  0.16798371257571848
  0.16798371255153444
  0.16798371255404851
  0.16798371256128222
  0.16798371257179112
  0.16798371257606948
  0.16798371257662198
  0.16798371257699857
  0.16798371255030844
  0.16798371255363381
  0.16798371255816638
  0.16798371256279368
  0.16798371256641315
  0.16798371257167563
  0.16798371257342973
  0.16798371257481018
  0.16798371257768516
  0.16798371257820613
  0.16798371254968222
  0.16798371255492603
  0.16798371256062961
  0.16798371256501382
  0.16798371257544253
  0.1679837125785025
  0.1679837125790673
  0.16798371254974209
  0.16798371257922018
  0.16798371258108455
  0.16798371255006261
  0.1679837125564137
  0.16798371256351105
  0.16798371257172567
  0.16798371257639613
  0.16798371257953196
  0.16798371257983907
  0.16798371258002706
  0.16798371258019867
  0.1679837125802848
  0.16798371255287636
  0.16798371255951072
  0.16798371258117739
  0.16798371258136832
  0.16798371255822056
  0.16798371254892988
  0.16798371258316772
  0.16798371257901196
  0.16798371255765274
  0.16798371256420858
  0.16798371257060746
  0.16798371257882774
  0.16798371258160891
  0.16798371258240746
  0.16798371258251971
  0.16798371258247488
  0.16798371258243913
  0.1679837125623295
  0.16798371256883993
  0.16798371257888992
  0.16798371258391154
  0.1679837125840169
  0.16798371258396358
  0.16798371258370656
  0.167983712583536
  0.16798371258347267
  0.1679837125673877
  0.16798371257871789
  0.16798371258424649
  0.16798371258586747
  0.16798371258507944
  0.16798371258465306
  0.16798371258441222
  0.14999999999999999
  0.15000027028845678
  0.15000040668053463
  0.15000066888794783
  0.15000067170065071
  0.1500006341462419
  0.16798371255605737
  0.16798371257530653
  0.14999999999999999
  0.15000027017694231
  0.15000043896572643
  0.15000081285539496
  0.15000081639835594
  0.15000098271056708
  0.14999999999999994
  0.15000026517258119
  0.15000046713483445
  0.15000096991526335
  0.15000097472915497
  0.14999948378010697
  0.16798371255466124
  0.16798371257635605
  0.15000000000000005
  0.15000025044839402
  0.1500005151166236
  0.15000133679032376
  0.15000133193795848
  0.15000485134114688
  0.14999999999999999
  0.15000023547957672
  0.15000057555554938
  0.15000177068698439
  0.15000174415075371
  0.15000960363370311
  0.14999999999999999
  0.15000022823969295
  0.15000062158230695
  0.15000204851519083
  0.15000200812823786
  0.15000191682123692
  0.14999999999999997
  0.15000022656834641
  0.15000065153844513
  0.15000217759312687
  0.1500021454096693
  0.15000645041525554
  0.14999999999999999
  0.15000022716155517
  0.15000066978900475
  0.15000224518744065
  0.15000221511126074
  0.15000753818172896
  0.16798371255330233
  0.16798371257797529
  0.16798371255866809
  0.16798371258201736
  0.14999999999999999
  0.15000022893190817
  0.15000067828032776
  0.15000225896080616
  0.15000223551642949
  0.15000451831305187
  0.16798371255374733
  0.16798371257993516
  0.16798371256719041
  0.15000000000000002
  0.1500002290268137
  0.15000068002374489
  0.15000226788883042
  0.1500022388037979
  0.15000560041421729
  0.16798371258398936
  0.1679837125572281
  0.16798371255806185
  0.16798371255932715
  0.16798371256101111
  0.16798371256287317
  0.16798371256471975
  0.16798371256657188
  0.16798371256829836
  0.16798371256981962
  0.16798371257114666
  0.16798371257228772
  0.16798371257322314
  0.16798371257396338
  0.16798371257450867
  0.16798371257488082
  0.16798371255698824
  0.16798371255785438
  0.16798371255934774
  0.16798371256117062
  0.16798371256313349
  0.16798371256512684
  0.16798371256701489
  0.16798371256874947
  0.16798371257028588
  0.16798371257158015
  0.16798371257271313
  0.16798371257361633
  0.16798371257432998
  0.1679837125748759
  0.1679837125752339
  0.16798371255648351
  0.1679837125576816
  0.16798371255944455
  0.1679837125614444
  0.16798371256358663
  0.16798371256569533
  0.16798371256766767
  0.16798371256945444
  0.16798371257099326
  0.16798371257337227
  0.16798371257490621
  0.16798371257540165
  0.16798371257574315
  0.16798371255618838
  0.16798371255759784
  0.16798371255961411
  0.16798371256212011
  0.16798371256437963
  0.16798371256658332
  0.16798371256863431
  0.16798371257043299
  0.16798371257193326
  0.1679837125731248
  0.16798371257418931
  0.16798371257498274
  0.16798371257562983
  0.16798371257608558
  0.16798371257639608
  0.16798371255588285
  0.1679837125574925
  0.16798371256007558
  0.16798371256280784
  0.16798371256545225
  0.16798371257000119
  0.16798371257314618
  0.167983712575202
  0.16798371257652314
  0.16798371257690289
  0.16798371257719449
  0.16798371255593936
  0.16798371255787223
  0.16798371256080685
  0.16798371256409972
  0.16798371256690997
  0.16798371256933894
  0.16798371257147371
  0.16798371257318234
  0.16798371257444999
  0.16798371257556113
  0.16798371257635336
  0.16798371257701111
  0.16798371257749226
  0.16798371257785172
  0.16798371257808623
  0.167983712556174
  0.16798371255912617
  0.16798371256263914
  0.16798371256578745
  0.16798371256891806
  0.16798371257345401
  0.16798371257491174
  0.16798371257604267
  0.16798371257889222
  0.16798371257907235
  0.1679837125577027
  0.16798371256089434
  0.16798371256462355
  0.16798371257145481
  0.16798371257351666
  0.16798371257547817
  0.16798371257681988
  0.16798371257777772
  0.16798371257851849
  0.16798371257909953
  0.16798371257946212
  0.16798371257976924
  0.16798371257997416
  0.16798371258010197
  0.1679837125598225
  0.16798371256333072
  0.16798371256735994
  0.16798371257400482
  0.1679837125776944
  0.16798371257948122
  0.16798371258048669
  0.16798371258095166
  0.16798371258106545
  0.16798371258114789
  0.16798371256331274
  0.16798371256689693
  0.16798371257073916
  0.16798371257390854
  0.16798371257649625
  0.16798371257843706
  0.16798371257971995
  0.16798371258064687
  0.16798371258128328
  0.16798371258162698
  0.16798371258189648
  0.16798371258199793
  0.16798371258210124
  0.1679837125821573
  0.16798371258219214
  0.16798371256722908
  0.16798371257024564
  0.16798371257390057
  0.16798371257686076
  0.16798371257925476
  0.16798371258071154
  0.16798371258188524
  0.16798371258290129
  0.16798371258315178
  0.16798371258323
  0.1679837125831983
  0.16798371258320252
  0.1679837125768589
  0.16798371257941197
  0.16798371258291717
  0.16798371258419648
  0.16798371258436889
  0.16798371258435063
  0.16798371258430844
  0.16798371258419387
  0.16798371258414141
  0.16798371255733868
  0.16798371257502792
  0.16798371255676281
  0.16798371257572775
  0.16798371255602948
  0.1679837125770538
  0.16798371256571404
  0.16798371258293704
  0.16798371255915845
  0.16798371258088066
  0.16798371255641603
  0.16798371257882297
  0.14999999999999999
  0.15000025125510469
  0.1500005523577764
  0.15000146229722583
  0.15000148380839387
  0.15000033026443782
  0.14999999999999999
  0.15000025009753032
  0.15000060511243965
  0.15000169215488365
  0.15000171507438723
  0.15000001554285869
  0.1679837125580067
  0.16798371256087655
  0.1679837125646679
  0.16798371256834596
  0.16798371257131176
  0.16798371257347347
  0.1679837125748693
  0.16798371255790029
  0.16798371256181963
  0.16798371256623632
  0.16798371257023392
  0.16798371257307929
  0.1679837125750489
  0.16798371257624634
  0.16798371255875735
  0.16798371256401493
  0.16798371256909703
  0.1679837125730948
  0.16798371257565684
  0.1679837125772167
  0.16798371257814351
  0.16798371256202926
  0.16798371256796368
  0.16798371257349273
  0.16798371257699757
  0.16798371257876044
  0.1679837125798129
  0.16798371258034478
  0.14999999999999999
  0.15000026204564895
  0.15000036477321865
  0.15000053093077248
  0.15000053257036777
  0.15000054854649542
  0.15000000000000002
  0.1500002668167533
  0.15000039413943719
  0.15000063110868886
  0.15000063350806578
  0.15000056533908268
  0.16798371256797376
  0.16798371257372818
  0.16798371257825537
  0.16798371258076042
  0.16798371258193961
  0.16798371258236683
  0.16798371258253958
  0.14999999999999997
  0.15000026810248632
  0.15000042365354849
  0.15000075210106611
  0.15000075527510651
  0.15000103427212313
  0.15000000000000002
  0.15000026531967089
  0.15000045770402537
  0.15000092457680331
  0.15000093050120239
  0.15000077228801661
  0.15000000000000002
  0.15000025769144112
  0.14999999999999999
  0.15000025598518005
  0.15000060918235461
  0.15000163593590246
  0.15000165636780555
  0.15000098670857803
  0.15000056724777083
  0.15000147217473606
  0.15000149270275634
  0.15000114694684596
  0.16798371256436612
  0.16798371258194
  0.14999999999999999
  0.15000026050121718
  0.15000050040455998
  0.15000115005863698
  0.15000116259697502
  0.14999950751474783
  0.14999999999999999
  0.15000025812872309
  0.15000060567997389
  0.15000161375869617
  0.15000163396443902
  0.1500005476539934
  0.16798371255800748
  0.16798371257528202
  0.1679837125708338
  0.1679837125837737
  0.14999999999999999
  0.150000259549017
  0.15000059413653236
  0.15000155289201295
  0.15000157253359087
  0.15000065264605483
  0.1679837125577196
  0.16798371257629735
  0.16798371255794942
  0.16798371257785258
  0.16798371255852912
  0.16798371255923475
  0.1679837125603692
  0.16798371256181521
  0.16798371256518635
  0.16798371256689076
  0.16798371256851199
  0.16798371256993899
  0.16798371257124997
  0.16798371257232347
  0.16798371257324041
  0.16798371257395933
  0.1679837125745148
  0.1679837125748819
  0.16798371255851849
  0.1679837125592209
  0.16798371256048145
  0.16798371256203798
  0.1679837125637704
  0.16798371256557154
  0.16798371256732733
  0.16798371256893874
  0.16798371257169764
  0.16798371257363229
  0.16798371257433298
  0.16798371257486544
  0.16798371257521627
  0.16798371255839442
  0.16798371255929873
  0.1679837125607351
  0.16798371256246059
  0.16798371256428465
  0.16798371256614941
  0.16798371256796218
  0.16798371256959618
  0.16798371257103789
  0.16798371257230479
  0.1679837125748711
  0.16798371257535449
  0.167983712575699
  0.16798371255843633
  0.16798371255946107
  0.167983712561076
  0.16798371256301911
  0.16798371256502606
  0.16798371256694591
  0.16798371256884762
  0.16798371257044425
  0.16798371257190872
  0.16798371257313055
  0.16798371257410621
  0.16798371257493111
  0.16798371257557601
  0.16798371257603831
  0.167983712576351
  0.16798371255863312
  0.16798371255983954
  0.16798371256181965
  0.16798371256381558
  0.16798371257002684
  0.1679837125741809
  0.16798371257642264
  0.16798371257683092
  0.16798371257710976
  0.16798371255918998
  0.16798371256060107
  0.16798371256264696
  0.16798371256507805
  0.16798371257304207
  0.16798371257799347
  0.1679837125601219
  0.16798371256184741
  0.16798371256429898
  0.16798371256667374
  0.16798371256908648
  0.16798371257121078
  0.16798371257310993
  0.16798371257457101
  0.16798371257576769
  0.16798371257671574
  0.16798371257845779
  0.16798371257894912
  0.16798371256084416
  0.16798371257977646
  0.16798371256177663
  0.16798371256360517
  0.16798371256597674
  0.16798371256864369
  0.16798371257114522
  0.16798371257321987
  0.16798371257493666
  0.16798371257632111
  0.16798371257734501
  0.16798371257814548
  0.16798371257875166
  0.16798371257923156
  0.16798371257955635
  0.16798371257980349
  0.16798371257995595
  0.16798371256396455
  0.16798371256584066
  0.16798371257539324
  0.16798371257961761
  0.16798371258070327
  0.16798371258087022
  0.1679837125809851
  0.16798371256675182
  0.16798371256864619
  0.16798371257112527
  0.16798371257359726
  0.16798371257759179
  0.16798371258063577
  0.16798371258108363
  0.16798371258144276
  0.16798371258183348
  0.1679837125819427
  0.1679837125820087
  0.16798371256973302
  0.16798371257142364
  0.16798371257371567
  0.16798371257607922
  0.1679837125780794
  0.16798371257956068
  0.16798371258073452
  0.16798371258151953
  0.16798371258247469
  0.16798371258284414
  0.16798371258291614
  0.16798371258296435
  0.16798371258299771
  0.16798371257259651
  0.16798371257428976
  0.16798371257648675
  0.16798371257842165
  0.16798371258144634
  0.1679837125834793
  0.16798371258372302
  0.16798371258392666
  0.16798371258393124
  0.16798371256907363
  0.16798371258286024
  0.16798371255866629
  0.16798371257501477
  0.16798371255985645
  0.16798371257864564
  0.1679837125641547
  0.16798371258105582
  0.16798371255866312
  0.16798371257569689
  0.16798371255886613
  0.16798371257701725
  0.15000000000000002
  0.15000026577210832
  0.15000050164399373
  0.15000111059262491
  0.15000111247562223
  0.15000160299452525
  0.14999999999999997
  0.15000026779805331
  0.15000054134050558
  0.15000126394484325
  0.15000126655887644
  0.15000174522482448
  0.16798371256733674
  0.16798371258202635
  0.14999999999999994
  0.15000027193658053
  0.15000054895208748
  0.15000126238887643
  0.15000126632266247
  0.15000156224982639
  0.15000000000000002
  0.15000025797965522
  0.15000035368279827
  0.1500005024033268
  0.15000050389127054
  0.15000051923162053
  0.15000000000000002
  0.15000026340513192
  0.15000037984593062
  0.15000058541628442
  0.15000058749963163
  0.15000055713760235
  0.14999999999999997
  0.15000026643086314
  0.15000040786630048
  0.15000068974570971
  0.15000069254931431
  0.15000062679765366
  0.15000000000000002
  0.15000026753251627
  0.15000043694714185
  0.1500008108965917
  0.15000081349379829
  0.15000113240495649
  0.15000000000000002
  0.15000026805167196
  0.15000045869375228
  0.15000090190834917
  0.1500009060654339
  0.15000111746614639
  0.15000000000000002
  0.15000027553630199
  0.15000053427569024
  0.15000117003938535
  0.15000117424369649
  0.15000137262866112
  0.15000000000000002
  0.15000027166956154
  0.15000049272309052
  0.15000102142004162
  0.15000102604806817
  0.15000094566899411
  0.1679837125593758
  0.16798371255996
  0.16798371256100994
  0.16798371256235886
  0.16798371256391367
  0.16798371256550082
  0.16798371256711045
  0.16798371256864009
  0.16798371257005273
  0.16798371257129144
  0.16798371257236611
  0.1679837125732527
  0.16798371257397185
  0.167983712574507
  0.16798371257486858
  0.16798371255940231
  0.16798371256008987
  0.16798371256117792
  0.16798371256259345
  0.16798371256420894
  0.16798371256586889
  0.16798371256753494
  0.16798371256906738
  0.16798371257046388
  0.16798371257170067
  0.16798371257275832
  0.16798371257363215
  0.16798371257433409
  0.16798371257484571
  0.16798371257519815
  0.16798371255923727
  0.16798371257523265
  0.15000000000000002
  0.15000027537590432
  0.16798371255956943
  0.16798371256024985
  0.15000051594688327
  0.15000109365584627
  0.15000109879749429
  0.1500011546899522
  0.16798371256150765
  0.16798371256302391
  0.16798371256474015
  0.16798371256644892
  0.16798371256813677
  0.16798371256969705
  0.1679837125710843
  0.16798371257230824
  0.16798371257289862
  0.16798371257333619
  0.16798371257418251
  0.16798371257485362
  0.16798371257535599
  0.16798371257568726
  0.16798371258365416
  0.16798371255977149
  0.1679837125606585
  0.16798371256197756
  0.16798371256364925
  0.16798371256545455
  0.16798371256724023
  0.16798371256899422
  0.1679837125705721
  0.16798371257193498
  0.16798371257311387
  0.16798371257410169
  0.16798371257490569
  0.16798371257553432
  0.16798371257600281
  0.16798371257631139
  0.16798371256017935
  0.16798371256122921
  0.16798371256275269
  0.16798371256455108
  0.16798371256646513
  0.16798371256832481
  0.1679837125700944
  0.16798371257166644
  0.16798371257297012
  0.16798371257410213
  0.16798371257503
  0.16798371257576711
  0.16798371257635017
  0.16798371257678615
  0.16798371257706801
  0.16798371256101882
  0.16798371256207187
  0.16798371256381969
  0.16798371256569836
  0.1679837125606031
  0.16798371256776312
  0.16798371256966965
  0.16798371257144656
  0.16798371257294156
  0.16798371257420042
  0.16798371257523886
  0.16798371257610312
  0.16798371257679101
  0.16798371257730488
  0.16798371257766925
  0.16798371257792613
  0.16798371257792966
  0.16798371256223368
  0.16798371256336253
  0.16798371256515085
  0.16798371256726435
  0.16798371256931027
  0.16798371257122449
  0.16798371257295186
  0.16798371257439443
  0.16798371257555267
  0.16798371257654396
  0.16798371257729713
  0.16798371257788308
  0.16798371257833591
  0.16798371257865538
  0.16798371257886649
  0.16798371256386244
  0.16798371256517586
  0.16798371256696545
  0.16798371256900307
  0.16798371257112152
  0.16798371257303377
  0.16798371257467226
  0.16798371257599048
  0.16798371257706157
  0.16798371257789874
  0.16798371257855946
  0.1679837125790557
  0.16798371257943229
  0.1679837125796905
  0.16798371257985778
  0.16798371255951317
  0.1679837125762817
  0.1679837125659791
  0.16798371256716688
  0.16798371256906436
  0.1679837125711541
  0.16798371257320108
  0.16798371257497749
  0.16798371257640274
  0.16798371257758207
  0.1679837125785674
  0.16798371257932126
  0.16798371257983757
  0.16798371258023934
  0.16798371258053973
  0.16798371258073796
  0.16798371258087511
  0.16798371256839367
  0.16798371256961453
  0.16798371257147693
  0.16798371257344075
  0.16798371257529951
  0.16798371257696007
  0.16798371257827119
  0.16798371257931055
  0.16798371258012793
  0.16798371258072081
  0.16798371258114747
  0.16798371258142636
  0.16798371258165373
  0.16798371258180095
  0.1679837125818843
  0.16798371257101119
  0.16798371257218769
  0.16798371257392203
  0.16798371257575584
  0.16798371257746628
  0.16798371257889735
  0.16798371258005634
  0.16798371258094258
  0.16798371258159084
  0.16798371258204078
  0.16798371258233821
  0.16798371258257824
  0.16798371258272829
  0.16798371258280831
  0.16798371258286696
  0.16798371257369005
  0.16798371257478098
  0.16798371257627573
  0.16798371257937253
  0.16798371258171502
  0.16798371258243433
  0.16798371258329675
  0.16798371258349806
  0.16798371258365205
  0.16798371258377603
  0.16798371258379366
  0.16798371256217454
  0.16798371257910252
  0.16798371256432337
  0.16798371258027275
  0.16798371255929087
  0.16798371257499048
  0.16798371256985342
  0.16798371258254102
  0.16798371256694583
  0.1679837125814278
  0.16798371255943237
  0.1679837125756336
  0.1679837125601121
  0.16798371257709213
  0.15000000000000002
  0.15000027606342267
  0.15000047530824723
  0.15000091460089168
  0.15000091994231807
  0.15000083366582659
  0.15000000000000002
  0.15000027107836539
  0.15000044042031124
  0.15000079785090301
  0.15000080215871117
  0.15000071459489506
  0.14999999999999999
  0.15000027896951623
  0.15000049016886807
  0.15000095857029216
  0.15000096413897168
  0.15000087227989783
  0.14999999999999999
  0.15000026767473296
  0.15000041361960503
  0.15000070394282525
  0.15000070694112516
  0.15000063791712467
  0.15000000000000002
  0.15000024583306604
  0.15000031896065733
  0.1500004133330553
  0.15000041427956234
  0.15000041224698166
  0.14999999999999997
  0.15000025346487389
  0.15000034108470284
  0.15000046976722484
  0.15000047105727557
  0.15000047069351383
  0.15000000000000005
  0.15000025958966087
  0.15000036441862721
  0.15000053758851153
  0.15000053930362706
  0.15000056192495004
  0.15000000000000002
  0.15000026418634033
  0.15000038860179934
  0.15000061610369383
  0.15000061854903401
  0.15000058377630981
  0.16798371255966915
  0.16798371256021874
  0.1679837125749219
  0.16798371256137531
  0.16798371256294389
  0.16798371256473657
  0.16798371256658273
  0.16798371256836542
  0.16798371257000735
  0.16798371257143724
  0.16798371257263345
  0.16798371257358441
  0.16798371257474923
  0.16798371257428132
  0.1679837125595077
  0.16798371257502198
  0.16798371255976041
  0.16798371257508571
  0.16798371256406017
  0.16798371256226932
  0.16798371256594807
  0.16798371256779285
  0.16798371256951636
  0.16798371257105318
  0.16798371257235911
  0.16798371257343531
  0.1679837125606784
  0.16798371257423497
  0.1679837125749106
  0.16798371255957803
  0.1679837125753596
  0.16798371255994632
  0.1679837125754732
  0.16798371256354203
  0.16798371256187039
  0.16798371256546102
  0.16798371256740233
  0.16798371256922556
  0.16798371257087114
  0.16798371257225816
  0.16798371257341269
  0.16798371257432554
  0.16798371257499156
  0.1679837125607242
  0.16798371257546832
  0.16798371255975697
  0.16798371257591854
  0.16798371256151326
  0.16798371256032543
  0.1679837125631817
  0.16798371256514874
  0.16798371256717817
  0.16798371256909583
  0.1679837125708343
  0.16798371257233427
  0.16798371257357481
  0.16798371257457689
  0.16798371257531125
  0.16798371257581149
  0.16798371257613726
  0.16798371256014794
  0.16798371257665798
  0.16798371256147102
  0.16798371257656025
  0.16798371256296635
  0.16798371256498315
  0.16798371256709785
  0.16798371256915468
  0.16798371257100891
  0.16798371257259975
  0.16798371257389633
  0.16798371257494973
  0.16798371257576494
  0.16798371257635253
  0.16798371256082464
  0.16798371257706482
  0.16798371256090491
  0.16798371256257513
  0.16798371257755507
  0.16798371256492389
  0.16798371256722336
  0.16798371256939254
  0.1679837125774023
  0.16798371257134023
  0.16798371257301539
  0.16798371257439851
  0.16798371257550215
  0.16798371257637046
  0.16798371257699427
  0.1679837125618544
  0.16798371257801234
  0.16798371256215133
  0.16798371256352029
  0.16798371256527986
  0.16798371256752073
  0.16798371256977895
  0.16798371257186323
  0.16798371257362976
  0.16798371257507447
  0.16798371257858383
  0.16798371257621064
  0.16798371257844588
  0.16798371257709049
  0.16798371257774403
  0.16798371257820369
  0.14999999999999999
  0.15000027343908717
  0.15000043433361018
  0.15000075648871317
  0.15000075959476758
  0.15000080276937652
  0.16798371256337108
  0.16798371257912931
  0.16798371256811148
  0.16798371257040515
  0.16798371256572173
  0.16798371257256903
  0.16798371257438788
  0.16798371257587821
  0.16798371256390243
  0.1679837125770606
  0.16798371257794756
  0.16798371257861469
  0.16798371257907677
  0.16798371257948058
  0.16798371257970093
  0.1679837125654256
  0.167983712580245
  0.16798371257121289
  0.1679837125690456
  0.16798371257341257
  0.16798371257531358
  0.16798371257682107
  0.16798371257802525
  0.16798371257891773
  0.16798371257955244
  0.16798371256748368
  0.1679837125800176
  0.16798371258032499
  0.1679837125662034
  0.16798371258063402
  0.16798371258086003
  0.15000000000000002
  0.15000027800655441
  0.15000045458360051
  0.15000081479831609
  0.1500008182687082
  0.15000083604366188
  0.16798371256824476
  0.16798371257019454
  0.16798371257234296
  0.1679837125744669
  0.16798371257636727
  0.16798371258150444
  0.16798371257788888
  0.16798371257906383
  0.16798371257995873
  0.16798371258058423
  0.16798371258101272
  0.16798371258130579
  0.16798371258150654
  0.16798371256895644
  0.16798371258201342
  0.1679837125711475
  0.16798371257563469
  0.16798371257103376
  0.16798371257746986
  0.16798371257901962
  0.16798371258020101
  0.16798371257365005
  0.1679837125810523
  0.16798371258164765
  0.16798371258203765
  0.16798371258230457
  0.16798371258256151
  0.16798371258246747
  0.16798371258256398
  0.15000000000000002
  0.15000027955466769
  0.15000046076365184
  0.15000083060133121
  0.15000083444676701
  0.15000082527457437
  0.16798371257194375
  0.16798371257345521
  0.16798371258312192
  0.16798371257859399
  0.16798371258010836
  0.16798371257703745
  0.16798371258129458
  0.16798371258213446
  0.16798371258269873
  0.16798371258306052
  0.16798371258328995
  0.16798371258342054
  0.16798371258348174
  0.16798371257384859
  0.16798371257581704
  0.16798371258357789
  0.15000000000000002
  0.15000026609789019
  0.15000039345239746
  0.15000062463719832
  0.15000062682663662
  0.15000065706383159
  0.14999999999999997
  0.15000025469373821
  0.15000034676216989
  0.15000048607865896
  0.15000048745370409
  0.15000048868909077
  0.14999999999999997
  0.15000024054547867
  0.150000307621309
  0.15000038894301998
  0.1500003897576439
  0.15000039083955932
  0.15000000000000002
  0.15000024820648039
  0.15000032707860406
  0.15000043477733116
  0.1500004358637555
  0.15000043155416518
  0.15000000000000002
  0.15000025980053674
  0.15000036433241437
  0.15000053423493737
  0.15000053591683993
  0.1500005491059154
  0.14999999999999999
  0.15000027392998386
  0.15000041973329595
  0.15000069177784894
  0.15000069439066802
  0.15000070122064207
  0.14999999999999997
  0.1500002772713378
  0.15000043159919296
  0.15000072270517242
  0.15000072548309074
  0.15000074134037614
  0.15000000000000005
  0.15000026742910025
  0.15000039349654765
  0.15000061700136569
  0.15000061915292162
  0.15000062479452497
  0.14999999999999999
  0.15000026724478158
  0.15000038598436219
  0.15000058617490677
  0.1500005882316375
  0.15000057821295817
  0.14999999999999997
  0.15000027236069285
  0.15000040211073301
  0.15000062677129833
  0.1500006290826493
  0.15000062214619464
  0.15000000000000002
  0.15000025923360932
  0.15000036016243676
  0.1500005189066077
  0.15000052053000559
  0.15000051271033629
  0.14999999999999999
  0.15000027389540455
  0.15000040703296386
  0.15000063876588393
  0.15000064110907144
  0.15000063749849279
  0.14999999999999999
  0.15000024829589326
  0.15000032780331946
  0.15000043637138855
  0.15000043746796288
  0.15000043427748916
  0.14999999999999997
  0.15000024198744641
  0.15000031188246737
  0.15000039912276836
  0.15000039999901738
  0.15000040090969288
  0.14999999999999994
  0.15000022622114725
  0.15000027879418798
  0.15000033095662288
  0.15000033147990366
  0.15000033119816347
  0.15000000000000002
  0.15000023447101465
  0.15000029517710606
  0.15000036324549126
  0.15000036392693589
  0.15000036440774148
  0.14999999999999997
  0.15000025837492162
  0.15000000000000002
  0.15000024906402329
  0.15000035430264502
  0.15000049846589297
  0.15000049991439071
  0.15000050162248962
  0.150000329251682
  0.15000043857629011
  0.15000043967072921
  0.15000043906244162
  0.14999999999999997
  0.15000026518551807
  0.15000037308899841
  0.15000054316410183
  0.15000054487353304
  0.15000054623361589
  0.14999999999999999
  0.15000026864402205
  0.15000038253291945
  0.15000056499846498
  0.15000056684037391
  0.15000056558971059
  0.15000000000000008
  0.15000024793092911
  0.15000032547812264
  0.15000042790442453
  0.15000042892634993
  0.15000043018696546
  0.14999999999999999
  0.15000025618355781
  0.15000034525807918
  0.15000047153819535
  0.15000047279556597
  0.15000047420011783
  0.15000000000000002
  0.1500002613936792
  0.15000035792146738
  0.15000049926087908
  0.15000050066657833
  0.15000050197028572
  0.14999999999999999
  0.15000026291470625
  0.15000036184377039
  0.15000050791205682
  0.15000050936987139
  0.15000051053815672
  0.14999999999999999
  0.15000023639460044
  0.15000029948296376
  0.15000037201957669
  0.15000037274594971
  0.15000037318932566
  0.14999999999999999
  0.15000022784935119
  0.15000028248008376
  0.15000033854295003
  0.15000033910515015
  0.15000033880113064
  0.14999999999999999
  0.15000021978657652
  0.15000026776762213
  0.1500003116228262
  0.15000031206266373
  0.15000031207001494
  0.14999999999999999
  0.15000023658843517
  0.1500002998007619
  0.15000037219739454
  0.15000037292451515
  0.15000037276254813
  0.15000000000000002
  0.15000024578792109
  0.15000031912518932
  0.15000041134632142
  0.1500004122726038
  0.15000041155032889
  0.14999999999999999
  0.15000025252959129
  0.15000033379227704
  0.15000044143070917
  0.15000044251229022
  0.15000044184486686
  0.14999999999999999
  0.15000025590163735
  0.15000034126467368
  0.15000045671620008
  0.15000045787457125
  0.15000045771643658
  0.14999999999999997
  0.15000022575351526
  0.15000027877614494
  0.15000033158501175
  0.15000033211451116
  0.15000033205119565
  0.15000000000000002
  0.15000023442147156
  0.15000029491670402
  0.15000036136256259
  0.1500003620292838
  0.15000036194140029
  0.14999999999999997
  0.15000021991385953
  0.15000026828672369
  0.15000031272692149
  0.15000031317264448
  0.15000031315499968
  0.15000000000000002
  0.15000024243529336
  0.15000031061746483
  0.15000039131407239
  0.15000039212417743
  0.15000039208327479
  0.14999999999999997
  0.1500002050033663
  0.15000024394615827
  0.15000027276851671
  0.1500002730574708
  0.15000027304185828
  0.15000000000000002
  0.15000021262162064
  0.15000025604562839
  0.15000029207474688
  0.15000029243592819
  0.15000029249624713
  0.15000000000000002
  0.15000024743205409
  0.15000032063518304
  0.1500004105461398
  0.15000041144919207
  0.15000041134073194
  0.15000000000000002
  0.15000024888318908
  0.15000032373955716
  0.15000041667751751
  0.15000041761048355
  0.150000417429275
  0.14999999999999997
  0.15000022277277397
  0.15000027322903764
  0.15000032108379624
  0.1500003215633739
  0.15000032161878751
  0.14999999999999999
  0.15000023147718275
  0.15000028871430715
  0.15000034841636059
  0.15000034901453441
  0.15000034917351662
  0.14999999999999999
  0.15000023783898755
  0.15000030039308351
  0.1500003694192292
  0.15000037011066258
  0.15000037026395235
  0.14999999999999999
  0.15000024099460521
  0.15000030633333813
  0.15000038021295647
  0.15000038095329085
  0.1500003810359597
  0.14999999999999997
  0.15000019789398342
  0.14999999999999999
  0.15000020467805233
  0.1500002335355477
  0.15000025745472029
  0.15000025769452416
  0.15000025768856509
  0.1500002437235704
  0.15000027272800528
  0.15000027301877134
  0.15000027301332344
  0.15000000000000002
  0.15000021076954026
  0.15000025322365207
  0.15000028754668923
  0.15000028789082001
  0.15000028789836675
  0.14999999999999999
  0.15000022004182939
  0.15000026833150509
  0.15000031212161896
  0.15000031256069518
  0.15000031254623317
  0.14999999999999999
  0.15000022744361702
  0.15000028087317244
  0.15000033319813305
  0.15000033372278265
  0.15000033368593779
  0.14999999999999997
  0.15000023205980953
  0.15000028888119804
  0.15000034684456512
  0.15000034742567292
  0.15000034741312493
  0.15000000000000002
  0.15000023339951885
  0.15000029134626827
  0.15000035120564334
  0.15000035180578458
  0.15000035182226018
  0.15000000000000002
  0.15000020832716987
  0.15000024938140571
  0.15000028135481622
  0.15000028167540885
  0.15000028166812324
  0.15000000000000002
  0.1500002165423179
  0.15000026230146493
  0.15000030157444774
  0.15000030196827402
  0.15000030194976199
  0.15000000000000002
  0.15000022235687316
  0.15000027171394478
  0.1500003166564651
  0.15000031710719619
  0.15000031708959624
  0.15000000000000002
  0.15000022522794113
  0.1500002764771281
  0.15000032441718195
  0.15000032489794468
  0.15000032488534204
  0.15000000000000002
  0.150000196802234
  0.15000023212873778
  0.15000025561983413
  0.15000025585533611
  0.15000025585589194
  0.14999999999999999
  0.15000019030124254
  0.15000022281685607
  0.15000024240285476
  0.15000024259919711
  0.15000024260246961
  0.14999999999999999
  0.15000018377212757
  0.15000021377293196
  0.15000023008513252
  0.15000023024864506
  0.15000023024953599
  0.14999999999999999
  0.15000020539983144
  0.15000024481641849
  0.15000027412600106
  0.15000027441982758
  0.15000027442880781
  0.15000000000000002
  0.15000021214774614
  0.15000025508252735
  0.15000028959644618
  0.15000028994245007
  0.1500002899574531
  0.14999999999999999
  0.15000019607834414
  0.15000023107303567
  0.15000025403029735
  0.1500002542604362
  0.15000025426208383
  0.15000000000000002
  0.15000021630998017
  0.15000026155368645
  0.15000029952342714
  0.15000029990409447
  0.15000029991407043
  0.15000000000000002
  0.15000021751729764
  0.15000026352652931
  0.15000030267323033
  0.15000030306570358
  0.15000030306857368
  0.15000000000000005
  0.1500001942361073
  0.15000022845824099
  0.1500002502995792
  0.15000025051853325
  0.15000025051982413
  0.14999999999999999
  0.15000020166867487
  0.15000023916236602
  0.1500002654984301
  0.15000026576245148
  0.15000026576408274
  0.14999999999999999
  0.15000020687454102
  0.15000024683132998
  0.15000027663035118
  0.15000027692908913
  0.15000027693069126
  0.14999999999999997
  0.15000020943704695
  0.15000025068889128
  0.15000028233710702
  0.15000028265439
  0.1500002826570267
  0.14999999999999997
  0.15000018365826867
  0.15000021375258871
  0.15000023021572287
  0.15000023038075092
  0.15000023038118027
  0.15000000000000002
  0.15000017652317252
  0.1500002042075449
  0.15000021778223824
  0.15000021791830342
  0.15000021791848658
  0.14999999999999999
  0.15000018325108547
  0.15000021326291085
  0.15000022963258317
  0.1500002297966751
  0.15000022979724434
  0.15000000000000002
  0.15000019112381266
  0.15000022406040464
  0.15000024410853038
  0.15000024430950906
  0.15000024430884085
  0.15000000000000002
  0.15000019713292709
  0.1500002325056459
  0.15000025574153733
  0.15000025597448355
  0.150000255972912
  0.15000000000000002
  0.1500002008261295
  0.15000023779041377
  0.1500002631520726
  0.15000026340633366
  0.15000026340567757
  0.14999999999999997
  0.15000020189580346
  0.15000023938441237
  0.15000026547479303
  0.15000026573635977
  0.15000026573716901
  0.14999999999999999
  0.15000017355865525
  0.15000020044513038
  0.15000021316657086
  0.15000021329408036
  0.15000021329472327
  0.14999999999999999
  0.15000016909044836
  0.15000019463495792
  0.15000020587995358
  0.15000020599265942
  0.15000020599327679
  0.15000000000000002
  0.15000016364035831
  0.15000018769408019
  0.15000019741508644
  0.15000019751251206
  0.1500001975129808
  0.15000000000000002
  0.15000018068435736
  0.15000020983224732
  0.15000022512996869
  0.15000022528330983
  0.15000022528421245
  0.14999999999999999
  0.15000018727202777
  0.15000021871671054
  0.15000023678022453
  0.15000023696129799
  0.15000023696267561
  0.15000000000000002
  0.15000019187173158
  0.15000022503197658
  0.15000024522727143
  0.15000024542972132
  0.15000024543125784
  0.14999999999999997
  0.15000019412941068
  0.1500002281875977
  0.15000024952641974
  0.15000024974033585
  0.15000024974142295
  0.14999999999999999
  0.15000017047993974
  0.15000019648003829
  0.15000020822962923
  0.15000020834739436
  0.15000020834790762
  0.15000000000000005
  0.15000017745104086
  0.15000020555667556
  0.1500002196136429
  0.15000021975454297
  0.15000021975533892
  0.15000000000000008
  0.15000018274373958
  0.15000021256983936
  0.15000022859776524
  0.15000022875842714
  0.15000022875943797
  0.14999999999999999
  0.15000018598646855
  0.15000021692879054
  0.15000023427240991
  0.15000023444626404
  0.15000023444725025
  0.15000000000000002
  0.15000018692318506
  0.15000021822923168
  0.1500002360247896
  0.15000023620317562
  0.15000023620393255
  0.14999999999999997
  0.1500001565953327
  0.1500001789814577
  0.15000018718634137
  0.15000018726856623
  0.15000018726890857
  0.15000000000000005
  0.15000016112140235
  0.15000018462634288
  0.15000019387098898
  0.15000019396363867
  0.15000019396402559
  0.15000000000000002
  0.15000016780038911
  0.15000019307846274
  0.1500002040764255
  0.15000020418665458
  0.15000020418707677
  0.14999999999999999
  0.1500001735903761
  0.15000020051949076
  0.15000021324269691
  0.15000021337022434
  0.15000021337061298
  0.15000000000000005
  0.1500001776197146
  0.15000020576850853
  0.15000021981587564
  0.15000021995667984
  0.15000021995711013
  0.15000000000000005
  0.15000017959184828
  0.15000020837435968
  0.15000022313272171
  0.15000022328065477
  0.15000022328125429
  0.14999999999999999
  0.15000015867039329
  0.1500001816152651
  0.1500001903617379
  0.15000019044939281
  0.15000019044979987
  0.15000000000000002
  0.15000016453640713
  0.15000018896124376
  0.15000019910254839
  0.15000019920418806
  0.15000019920464833
  0.15000000000000002
  0.15000016916595765
  0.15000019483393703
  0.15000020620770416
  0.15000020632170094
  0.15000020632221273
  0.14999999999999999
  0.15000017199389734
  0.15000019846128435
  0.15000021065623223
  0.15000021077846262
  0.15000021077900857
  0.15000000000000002
  0.15000017280776601
  0.15000019953190583
  0.15000021200852642
  0.15000021213358092
  0.1500002121341785
  0.14999999999999999
  0.15000014990879282
  0.15000017085330697
  0.15000017788184192
  0.15000017795227297
  0.15000017795259615
  0.14999999999999999
  0.15000014352076363
  0.15000016312417608
  0.15000016910688385
  0.15000016916683015
  0.15000016916709902
  0.14999999999999999
  0.15000014982017426
  0.15000017076032118
  0.15000017779250097
  0.15000017786296865
  0.15000017786328318
  0.14999999999999994
  0.15000015568371844
  0.15000017794763965
  0.15000018609666271
  0.15000018617832758
  0.15000018617870053
  0.14999999999999999
  0.15000016074333936
  0.15000018422180705
  0.15000019345927576
  0.15000019355185326
  0.15000019355229688
  0.15000000000000005
  0.1500001642540599
  0.15000018861999365
  0.15000019868898837
  0.15000019878990287
  0.15000019879038753
  0.15000000000000002
  0.15000016596730575
  0.15000019079010077
  0.15000020130479141
  0.15000020141017462
  0.1500002014106496
  0.14999999999999999
  0.15000014724089056
  0.15000016766215538
  0.15000017430443366
  0.15000017437099236
  0.15000017437128388
  0.15000000000000002
  0.15000015245037779
  0.15000017400227286
  0.15000018155400779
  0.15000018162968426
  0.15000018163001322
  0.14999999999999999
  0.15000015648295575
  0.15000017895534051
  0.15000018728783898
  0.15000018737134327
  0.15000018737170367
  0.14999999999999997
  0.15000015893883112
  0.15000018199729065
  0.15000019084789895
  0.15000019093659772
  0.15000019093698544
  0.15000000000000002
  0.15000015964234104
  0.15000018288586262
  0.15000019191340547
  0.15000019200387826
  0.1500001920042684
  0.14999999999999999
  0.15000013948883192
  0.15000015835670372
  0.15000016386519316
  0.15000016392038543
  0.15000016392062873
  0.14999999999999999
  0.1500001388769345
  0.15000015765308883
  0.15000016312023282
  0.15000016317501069
  0.15000016317525527
  0.14999999999999999
  0.1500001443853583
  0.15000016424576493
  0.15000017048212749
  0.15000017054461687
  0.15000017054489523
  0.14999999999999999
  0.15000014877540094
  0.15000016954901937
  0.15000017648116579
  0.15000017655063067
  0.15000017655093698
  0.14999999999999999
  0.15000015182447271
  0.15000017325989873
  0.15000018072116175
  0.15000018079593128
  0.15000018079626048
  0.15000000000000002
  0.15000015330782715
  0.15000017508044294
  0.15000018282417776
  0.15000018290177922
  0.15000018290212647
  0.15000000000000002
  0.15000013657209349
  0.15000000000000002
  0.15000013081590846
  0.15000015493850841
  0.15000016015235906
  0.1500001602045978
  0.15000016020483092
  0.15000014813963694
  0.1500001527027629
  0.15000015274847847
  0.15000015274868206
  0.14999999999999999
  0.15000014120990507
  0.15000016046209269
  0.15000016627615709
  0.15000016633441285
  0.150000166334674
  0.14999999999999997
  0.1500001447141813
  0.15000016466516328
  0.15000017098164564
  0.15000017104493826
  0.15000017104522298
  0.14999999999999999
  0.15000014684178273
  0.15000016723308193
  0.15000017388090128
  0.15000017394751564
  0.15000017394781384
  0.14999999999999997
  0.15000014744793611
  0.15000016797571294
  0.15000017473586497
  0.15000017480360547
  0.15000017480390937
  0.14999999999999999
  0.15000012356110121
  0.15000013967288497
  0.1500001435827539
  0.15000014362192146
  0.15000014362209582
  0.14999999999999999
  0.15000012902416093
  0.15000014605912179
  0.15000015047571735
  0.15000015051996418
  0.15000015052016064
  0.14999999999999997
  0.15000013385063635
  0.15000015174005962
  0.15000015666817024
  0.15000015671754463
  0.15000015671776384
  0.14999999999999999
  0.15000013768474549
  0.15000015628250679
  0.15000016166554489
  0.15000016171947977
  0.1500001617197195
  0.15000000000000002
  0.15000014032816436
  0.15000015943169062
  0.15000016515677153
  0.15000016521413534
  0.15000016521439041
  0.15000000000000005
  0.15000014161007302
  0.15000016096856317
  0.15000016687517939
  0.1500001669343631
  0.15000016693462556
  0.14999999999999997
  0.15000012190648115
  0.15000013776962601
  0.15000014157432787
  0.15000014161244138
  0.15000014161261088
  0.14999999999999999
  0.15000012674605012
  0.15000014341216794
  0.1500001476408071
  0.15000014768316997
  0.15000014768335845
  0.14999999999999999
  0.15000013079989602
  0.15000014816565793
  0.15000015279337436
  0.15000015283973758
  0.15000015283994356
  0.14999999999999997
  0.15000013384059055
  0.15000015174934719
  0.15000015670594247
  0.15000015675560233
  0.15000015675582287
  0.14999999999999997
  0.15000013568155693
  0.15000015392919183
  0.15000015910119766
  0.15000015915301687
  0.1500001591532473
  0.14999999999999999
  0.15000013620282682
  0.15000015455349738
  0.1500001597977961
  0.15000015985034024
  0.15000015985057388
  0.15000000000000005
  0.15000011512333614
  0.15000012993310394
  0.15000013325867215
  0.15000013329198333
  0.15000013329213152
  0.14999999999999997
  0.15000011993089662
  0.15000013549481014
  0.15000013917065388
  0.15000013920747587
  0.15000013920763974
  0.14999999999999999
  0.15000012411066196
  0.15000014035442619
  0.15000014437369322
  0.15000014441395743
  0.1500001444141367
  0.15000000000000002
  0.15000012744179447
  0.15000014424523417
  0.15000014856693922
  0.15000014861023503
  0.15000014861042782
  0.15000000000000002
  0.15000012973171795
  0.1500001469307414
  0.15000015147772508
  0.15000015152327908
  0.15000015152348189
  0.15000000000000005
  0.15000013083859534
  0.15000014823499597
  0.15000015290066251
  0.15000015294740621
  0.1500001529476144
  0.15000000000000002
  0.15000011343054587
  0.15000012799766202
  0.15000013123513256
  0.15000013126756082
  0.15000013126770501
  0.15000000000000002
  0.15000011765608415
  0.15000013287638025
  0.1500001364058878
  0.15000013644124313
  0.15000013644140031
  0.14999999999999997
  0.15000012118368053
  0.15000013696589162
  0.15000014076570342
  0.15000014080376806
  0.15000014080393739
  0.15000000000000002
  0.15000012382118807
  0.15000014003471535
  0.15000014405443818
  0.15000014409470708
  0.15000014409488618
  0.14999999999999999
  0.15000012541353372
  0.15000014189381983
  0.15000014605637593
  0.15000014609807646
  0.15000014609826201
  0.14999999999999999
  0.15000012586134998
  0.15000014242120555
  0.15000014663106903
  0.15000014667324385
  0.15000014667343137
  0.14999999999999997
  0.15000010726106949
  0.15000012092327958
  0.15000012381081157
  0.15000012383973291
  0.15000012383986147
  0.14999999999999997
  0.15000011146502062
  0.1500001257495929
  0.15000012888381242
  0.15000012891520598
  0.15000012891534562
  0.14999999999999999
  0.15000011510778619
  0.15000012994657355
  0.150000133318134
  0.15000013335190635
  0.15000013335205645
  0.14999999999999997
  0.15000011800157093
  0.15000013329156336
  0.1500001368689593
  0.15000013690479472
  0.15000013690495417
  0.14999999999999999
  0.15000011998516322
  0.15000013559117026
  0.15000013932026199
  0.15000013935761783
  0.150000139357784
  0.14999999999999997
  0.15000012094076007
  0.15000013670291903
  0.15000014051120936
  0.15000014054935895
  0.15000014054952851
  0.14999999999999999
  0.15000010555772766
  0.15000011898471149
  0.15000012179808317
  0.15000012182626143
  0.15000012182638675
  0.14999999999999997
  0.15000010924619053
  0.15000012321285036
  0.15000012623245482
  0.15000012626269987
  0.15000012626283443
  0.14999999999999994
  0.15000011231556765
  0.15000012674154417
  0.15000012994879544
  0.15000012998092102
  0.15000012998106388
  0.15000000000000002
  0.15000011460371582
  0.15000012937898563
  0.15000013273690735
  0.15000013277054303
  0.15000013277069274
  0.14999999999999997
  0.1500001159812811
  0.15000013097082335
  0.1500001344256664
  0.15000013446027355
  0.15000013446042745
  0.14999999999999999
  0.15000011636583163
  0.15000013141811169
  0.15000013490453348
  0.15000013493945713
  0.15000013493961251
  0.15000000000000002
  0.15000009994686797
  0.15000011258597026
  0.15000011513667311
  0.15000011516221923
  0.15000011516233278
  0.15000000000000002
  0.15000010362268848
  0.15000011678227734
  0.15000011951130404
  0.15000011953863709
  0.15000011953875861
  0.14999999999999999
  0.15000010679746104
  0.15000012041578306
  0.15000012331312512
  0.15000012334214502
  0.15000012334227408
  0.15000000000000002
  0.15000010931194888
  0.1500001233003192
  0.15000012634143411
  0.15000012637189483
  0.1500001263720302
  0.14999999999999997
  0.15000011103085939
  0.15000012527636572
  0.15000012842223986
  0.15000012845375044
  0.15000012845389052
  0.14999999999999999
  0.15000011185610124
  0.15000012622753739
  0.15000012942753357
  0.15000012945958663
  0.15000012945972938
  0.14999999999999994
  0.15000009825386651
  0.1500001106657185
  0.15000011315310247
  0.15000011317801426
  0.15000011317812509
  0.14999999999999997
  0.15000010147386292
  0.15000011433745031
  0.15000011697443097
  0.15000011700084173
  0.15000011700095919
  0.14999999999999997
  0.15000010414530898
  0.15000011738996166
  0.15000012016077161
  0.15000012018852352
  0.15000012018864695
  0.15000000000000002
  0.15000010613134684
  0.15000011966353682
  0.1500001225403928
  0.15000012256920744
  0.15000012256933559
  0.15000000000000002
  0.15000010732375549
  0.15000012103107269
  0.15000012397543333
  0.15000012400492449
  0.15000012400505569
  0.15000000000000002
  0.1500001076539616
  0.15000012141165661
  0.15000012437758506
  0.15000012440729232
  0.15000012440742441
  0.14999999999999997
  0.15000009315009885
  0.15000010486841861
  0.15000010715294521
  0.15000010717582446
  0.15000010717592618
  0.15000000000000005
  0.15000009636456724
  0.15000010852290485
  0.15000011093985438
  0.15000011096406046
  0.15000011096416813
  0.15000000000000002
  0.15000009913235648
  0.15000011167522501
  0.1500001142148808
  0.1500001142403164
  0.1500001142404295
  0.15000000000000005
  0.15000010131840691
  0.15000011416911957
  0.15000011681204276
  0.15000011683851314
  0.15000011683863085
  0.15000000000000002
  0.15000010280893819
  0.15000011587213449
  0.15000011858943268
  0.15000011861664841
  0.15000011861676943
  0.14999999999999999
  0.15000010352202156
  0.15000011668844485
  0.15000011944372305
  0.15000011947131936
  0.15000011947144201
  0.14999999999999997
  0.15000009148340518
  0.15000010298270733
  0.15000010521223023
  0.15000010523455842
  0.15000010523465768
  0.15000000000000005
  0.15000009429535344
  0.15000010617679996
  0.15000010851787149
  0.15000010854131735
  0.15000010854142154
  0.14999999999999999
  0.1500000966216789
  0.15000010882314038
  0.15000011126240106
  0.15000011128683069
  0.1500001112869393
  0.15000000000000002
  0.15000009834670122
  0.15000011078807626
  0.15000011330413979
  0.15000011332933905
  0.15000011332945107
  0.14999999999999997
  0.15000009937962216
  0.15000011196621263
  0.1500001145306365
  0.15000011455632045
  0.15000011455643458
  0.14999999999999994
  0.15000009966320887
  0.15000011229088012
  0.15000011487041329
  0.15000011489624859
  0.15000011489636345
  0.14999999999999997
  0.15000008683908286
  0.15000009772253248
  0.15000009979089909
  0.1500000998116128
  0.15000009981170478
  0.14999999999999999
  0.15000008965093001
  0.15000010090960322
  0.15000010307896869
  0.15000010310069423
  0.15000010310079076
  0.14999999999999999
  0.15000009206512918
  0.15000010364944472
  0.15000010591081117
  0.1500001059334585
  0.15000010593355917
  0.15000000000000002
  0.15000009396696232
  0.15000010581035403
  0.15000010814806236
  0.15000010817147463
  0.15000010817157874
  0.14999999999999997
  0.15000009526051447
  0.1500001072817217
  0.15000010967378583
  0.15000010969774263
  0.15000010969784927
  0.15000000000000002
  0.15000009587713689
  0.15000010798410493
  0.1500001104035861
  0.15000011042781772
  0.15000011042792555
  0.14999999999999999
  0.15000008521077043
  0.15000009588357527
  0.15000009790332142
  0.15000009792354807
  0.15000009792363792
  0.15000000000000002
  0.1500000876675186
  0.15000009866633698
  0.15000010077154075
  0.15000010079262355
  0.15000010079271739
  0.14999999999999997
  0.15000008969465228
  0.15000010096485344
  0.15000010314416709
  0.15000010316599235
  0.15000010316608947
  0.15000000000000002
  0.15000009119419216
  0.15000010266675848
  0.1500001049033331
  0.15000010492573204
  0.15000010492583168
  0.14999999999999997
  0.15000009208973422
  0.15000010368413078
  0.15000010595637231
  0.15000010597912861
  0.15000010597922969
  0.14999999999999997
  0.15000009233334438
  0.15000010396166408
  0.15000010624477986
  0.15000010626764512
  0.15000010626774671
  0.15000000000000002
  0.15000008098229448
  0.15000009110442253
  0.1500000929926876
  0.1500000930115972
  0.1500000930116813
  0.15000000000000002
  0.15000008344293259
  0.15000009388722943
  0.15000009585449903
  0.15000009587420002
  0.15000009587428761
  0.14999999999999997
  0.15000008555000166
  0.15000009627231908
  0.15000009831046476
  0.15000009833087577
  0.15000009833096656
  0.15000000000000002
  0.15000008720587443
  0.1500000981482463
  0.15000010024444965
  0.15000010026544236
  0.15000010026553565
  0.14999999999999999
  0.15000008832948553
  0.15000009942217199
  0.15000010155926546
  0.15000010158066779
  0.15000010158076293
  0.14999999999999999
  0.15000008886312421
  0.15000010002783415
  0.15000010218529644
  0.15000010220690285
  0.15000010220699891
  0.15000000000000002
  0.15000007940133275
  0.15000008932127437
  0.15000009116587515
  0.15000009118434735
  0.1500000911844295
  0.15000000000000002
  0.15000008154891531
  0.15000009174884088
  0.15000009366058642
  0.15000009367973122
  0.15000009367981618
  0.15000000000000002
  0.15000008331663428
  0.15000009374848508
  0.15000009571769396
  0.15000009573741446
  0.15000009573750206
  0.14999999999999999
  0.15000008462130754
  0.15000009522532906
  0.15000009723844251
  0.1500000972586028
  0.15000009725869237
  0.14999999999999999
  0.15000008539844947
  0.1500000961056375
  0.15000009814581644
  0.15000009816624796
  0.15000009816633889
  0.14999999999999999
  0.15000008560777231
  0.15000009634325404
  0.15000009839147507
  0.15000009841198703
  0.15000009841207829
  0.15000000000000002
  0.15000007554910533
  0.15000008497396425
  0.15000008670870443
  0.15000008672607626
  0.15000008672615348
  0.15000000000000002
  0.1500000777033971
  0.15000008740635992
  0.15000008920433139
  0.15000008922233654
  0.15000008922241662
  0.14999999999999999
  0.15000007954363087
  0.15000008948547622
  0.15000009133943054
  0.15000009135799652
  0.15000009135807907
  0.14999999999999999
  0.15000008098654652
  0.15000009111666457
  0.15000009301595671
  0.15000009303497677
  0.15000009303506145
  0.15000000000000005
  0.15000008196344139
  0.15000009222164273
  0.15000009415255092
  0.15000009417188775
  0.15000009417197374
  0.15000000000000002
  0.1500000824256397
  0.15000009274484505
  0.15000009469131101
  0.15000009471080369
  0.15000009471089037
  0.14999999999999997
  0.15000007402199247
  0.15000008325317288
  0.15000008494817266
  0.15000008496514644
  0.15000008496522182
  0.14999999999999999
  0.1500000759004107
  0.15000008537329829
  0.15000008712225876
  0.15000008713977298
  0.15000008713985091
  0.14999999999999999
  0.15000007744308611
  0.15000008711538124
  0.15000008890999963
  0.15000008892797126
  0.15000008892805111
  0.15000000000000002
  0.15000007857922368
  0.15000008839899351
  0.15000009022815428
  0.15000009024647193
  0.15000009024655325
  0.14999999999999997
  0.15000007925423112
  0.15000008916200311
  0.15000009101225553
  0.15000009103078443
  0.15000009103086676
  0.14999999999999999
  0.15000007943412913
  0.15000008936568279
  0.15000009122204017
  0.15000009124063027
  0.15000009124071292
  0.14999999999999999
  0.15000007051023201
  0.15000007929441592
  0.15000008089572447
  0.15000008091175981
  0.15000008091183095
  0.15000000000000002
  0.15000007239724891
  0.15000008142250623
  0.15000008307543738
  0.15000008309198981
  0.15000008309206336
  0.15000000000000002
  0.15000007400553567
  0.15000008323707206
  0.15000008493520658
  0.15000008495221184
  0.15000008495228742
  0.14999999999999999
  0.1500000752639265
  0.15000008465746037
  0.15000008639184712
  0.15000008640921547
  0.15000008640929263
  0.15000000000000002
  0.15000007611403385
  0.15000008561738959
  0.15000008737683559
  0.15000008739445497
  0.15000008739453333
  0.14999999999999999
  0.15000007651466918
  0.15000008607003862
  0.15000008784167423
  0.15000008785941574
  0.15000008785949456
  0.14999999999999999
  0.15000006904150637
  0.1500000776405355
  0.1500000792052901
  0.1500000792209594
  0.15000007922102901
  0.14999999999999999
  0.15000007068547402
  0.1500000794940142
  0.15000008110298194
  0.15000008111909405
  0.15000008111916563
  0.14999999999999999
  0.15000007203277627
  0.15000008101357654
  0.15000008265960016
  0.15000008267608342
  0.15000008267615675
  0.14999999999999999
  0.15000007302300961
  0.15000008213079791
  0.15000008380462101
  0.15000008382138275
  0.15000008382145727
  0.15000000000000002
  0.15000007360981771
  0.1500000827930997
  0.15000008448375252
  0.15000008450068275
  0.15000008450075802
  0.14999999999999999
  0.15000007376444455
  0.15000008296783213
  0.15000008466323181
  0.15000008468020964
  0.15000008468028503
  0.14999999999999999
  0.15000006583798733
  0.1500000740320952
  0.15000007551558886
  0.15000007553044434
  0.15000007553051031
  0.14999999999999999
  0.15000006749172318
  0.15000007589548695
  0.15000007742183338
  0.15000007743711805
  0.15000007743718602
  0.15000000000000002
  0.15000006889824929
  0.15000007748083105
  0.1500000790443638
  0.15000007906002089
  0.15000007906009041
  0.14999999999999994
  0.15000006999660104
  0.15000007871918949
  0.15000008031230277
  0.15000008032825621
  0.15000008032832698
  0.15000000000000005
  0.15000007073702096
  0.15000007955423006
  0.15000008116763669
  0.15000008118379324
  0.15000008118386512
  0.14999999999999997
  0.15000007108454516
  0.15000007994632933
  0.15000008156950254
  0.15000008158575703
  0.15000008158582925
  0.14999999999999999
  0.15000006443063871
  0.15000007244809713
  0.15000007389770031
  0.15000007391221631
  0.15000007391228085
  0.14999999999999999
  0.15000006587026699
  0.1500000740699034
  0.15000007555631817
  0.15000007557120287
  0.15000007557126904
  0.14999999999999999
  0.15000006704780644
  0.15000007539679833
  0.15000007691382744
  0.15000007692901876
  0.15000007692908621
  0.14999999999999999
  0.15000006791159073
  0.15000007637037907
  0.15000007791021244
  0.15000007792563225
  0.15000007792570078
  0.14999999999999999
  0.15000006842214234
  0.15000007694597889
  0.15000007849951433
  0.15000007851507127
  0.15000007851514036
  0.14999999999999997
  0.15000006855504575
  0.15000007709595348
  0.15000007865325779
  0.15000007866885254
  0.1500000786689219
  0.14999999999999999
  0.15000006150640016
  0.15000006915609893
  0.15000007053426567
  0.15000007054806627
  0.15000007054812772
  0.14999999999999999
  0.15000006295641968
  0.15000007078891653
  0.15000007220314043
  0.15000007221730219
  0.15000007221736511
  0.15000000000000002
  0.15000006418730388
  0.15000007217528327
  0.15000007362056911
  0.15000007363504195
  0.15000007363510631
  0.14999999999999999
  0.15000006514671155
  0.1500000732561087
  0.15000007472593896
  0.1500000747406576
  0.15000007474072319
  0.15000000000000002
  0.15000006579212588
  0.15000007398335272
  0.15000007546991323
  0.15000007548479941
  0.15000007548486566
  0.14999999999999999
  0.15000006609377595
  0.15000007432335305
  0.15000007581788702
  0.15000007583285305
  0.15000007583291963
  0.14999999999999999
  0.15000006016220147
  0.15000006764370177
  0.15000006899026891
  0.15000006900375301
  0.15000006900381296
  0.14999999999999999
  0.15000006142361139
  0.15000006906391433
  0.15000007044152927
  0.15000007045532432
  0.15000007045538566
  0.14999999999999999
  0.15000006245350242
  0.15000007022367395
  0.1500000716269482
  0.15000007164100027
  0.15000007164106272
  0.14999999999999999
  0.1500000632075757
  0.15000007107298202
  0.15000007249525785
  0.15000007250950026
  0.15000007250956346
  0.15000000000000002
  0.15000006365211607
  0.15000007157376069
  0.15000007300737878
  0.15000007302173482
  0.1500000730217986
  0.14999999999999997
  0.15000006376632918
  0.15000007170251303
  0.15000007313917643
  0.15000007315356287
  0.15000007315362682
  0.15000000000000002
  0.15000005749124723
  0.15000006463806037
  0.15000006592116372
  0.1500000659340123
  0.15000006593406945
  0.14999999999999999
  0.15000005876326672
  0.15000006606977884
  0.15000006738354882
  0.15000006739670463
  0.15000006739676305
  0.15000000000000002
  0.15000005984111886
  0.15000006728314438
  0.15000006862317922
  0.15000006863659793
  0.15000006863665755
  0.14999999999999997
  0.15000006067977029
  0.15000006822737627
  0.15000006958805259
  0.15000006960167808
  0.15000006960173867
  0.15000000000000002
  0.15000006124279766
  0.15000006886137837
  0.15000007023604817
  0.15000007024981377
  0.15000007024987499
  0.15000000000000002
  0.15000006150477826
  0.15000006915645142
  0.15000007053773126
  0.15000007055156311
  0.15000007055162456
  0.14999999999999999
  0.15000005621102061
  0.15000006319799555
  0.15000006445152439
  0.15000006446407682
  0.15000006446413258
  0.14999999999999997
  0.15000005731688221
  0.15000006444255379
  0.15000006572253644
  0.15000006573535379
  0.15000006573541072
  0.14999999999999999
  0.15000005821823711
  0.15000006545708741
  0.15000006675882302
  0.15000006677185818
  0.15000006677191607
  0.15000000000000002
  0.15000005887701448
  0.15000006619867562
  0.15000006751644232
  0.15000006752963804
  0.15000006752969666
  0.14999999999999997
  0.15000005926434395
  0.15000006663475396
  0.15000006796203502
  0.15000006797532611
  0.15000006797538515
  0.15000000000000002
  0.15000005936246241
  0.15000006674528069
  0.15000006807505717
  0.1500000680883733
  0.15000006808843247
  0.14999999999999999
  0.15000005377003053
  0.15000006045193165
  0.15000006164862373
  0.150000061660607
  0.15000006166066027
  0.14999999999999999
  0.15000005488642709
  0.15000006170806801
  0.15000006293106122
  0.15000006294330792
  0.15000006294336238
  0.14999999999999999
  0.15000005583083539
  0.1500000627708068
  0.15000006401622151
  0.15000006402869281
  0.15000006402874819
  0.15000000000000005
  0.15000005656442944
  0.15000006359640461
  0.15000006485936282
  0.1500000648720097
  0.15000006487206599
  0.14999999999999999
  0.15000005705592984
  0.15000006414960504
  0.15000006542440178
  0.15000006543716729
  0.15000006543722416
  0.14999999999999999
  0.15000005728356733
  0.150000064405862
  0.15000006568620522
  0.15000006569902616
  0.1500000656990832
  0.14999999999999994
  0.15000005255385954
  0.15000005908416095
  0.15000006025310925
  0.15000006026481474
  0.15000006026486679
  0.14999999999999999
  0.15000005352386253
  0.15000006017548759
  0.15000006136715452
  0.15000006137908745
  0.15000006137914046
  0.14999999999999999
  0.15000005431321595
  0.15000006106365116
  0.15000006227392337
  0.15000006228604268
  0.15000006228609658
  0.15000000000000002
  0.15000005488912954
  0.15000006171171357
  0.15000006293564283
  0.15000006294789878
  0.15000006294795332
  0.14999999999999999
  0.15000005522681789
  0.15000006209174507
  0.15000006332373786
  0.15000006333607463
  0.15000006333612939
  0.14999999999999999
  0.15000005531106617
  0.15000006218659576
  0.15000006342065611
  0.15000006343301356
  0.15000006343306854
  0.15000000000000002
  0.15000005032191738
  0.15000005657379281
  0.15000005769152966
  0.15000005770272223
  0.150000057702772
  0.14999999999999999
  0.15000005130217495
  0.15000005767648111
  0.15000005881692091
  0.15000005882834092
  0.15000005882839165
  0.14999999999999999
  0.15000005213012646
  0.15000005860791329
  0.15000005976763561
  0.15000005977924868
  0.15000005977930028
  0.14999999999999997
  0.15000005277223133
  0.15000005933032576
  0.15000006050508038
  0.15000006051684409
  0.15000006051689624
  0.15000000000000002
  0.15000005320156518
  0.15000005981339301
  0.15000006099825167
  0.15000006101011643
  0.15000006101016911
  0.14999999999999999
  0.15000005339943895
  0.15000006003605951
  0.15000006122561582
  0.15000006123752768
  0.15000006123758061
  0.15000000000000002
  0.15000004916931883
  0.15000005527768187
  0.15000005636936098
  0.15000005638029271
  0.15000005638034128
  0.15000000000000002
  0.15000005002057909
  0.1500000562352016
  0.1500000573465099
  0.15000005735763816
  0.15000005735768765
  0.14999999999999999
  0.15000005071225356
  0.15000005701326496
  0.15000005814059547
  0.15000005815188419
  0.1500000581519344
  0.14999999999999999
  0.15000005121604015
  0.15000005758000945
  0.15000005871906077
  0.15000005873046687
  0.15000005873051747
  0.14999999999999997
  0.15000005151060988
  0.1500000579114158
  0.150000059057356
  0.15000005906883104
  0.15000005906888197
  0.14999999999999994
  0.15000005158289642
  0.15000005799276717
  0.15000005914043446
  0.15000005915192677
  0.15000005915197795
  0.14999999999999997
  0.15000004712766138
  0.15000005298167651
  0.1500000540270035
  0.15000005403747105
  0.15000005403751754
  0.14999999999999999
  0.15000004798875879
  0.1500000539501497
  0.15000005501517144
  0.1500000550258361
  0.15000005502588354
  0.15000000000000002
  0.1500000487150005
  0.15000005476699652
  0.15000005584869433
  0.15000005585952605
  0.15000005585957424
  0.14999999999999997
  0.15000004927735885
  0.15000005539954769
  0.15000005649420714
  0.15000005650516862
  0.15000005650521736
  0.15000000000000005
  0.15000004965260683
  0.15000005582165685
  0.15000005692499838
  0.15000005693604676
  0.150000056936096
  0.14999999999999999
  0.15000004982466042
  0.15000005601521499
  0.15000005712256351
  0.15000005713365211
  0.15000005713370126
  0.14999999999999999
  0.15000004603772302
  0.15000005175613693
  0.1500000527769812
  0.15000005278720355
  0.1500000527872489
  0.14999999999999997
  0.15000004678513443
  0.15000005259670912
  0.15000005363459198
  0.15000005364498498
  0.15000005364503105
  0.14999999999999999
  0.15000004739155148
  0.15000005327874366
  0.15000005433049635
  0.15000005434102817
  0.15000005434107488
  0.14999999999999999
  0.1500000478324979
  0.15000005377469669
  0.15000005483656609
  0.1500000548471993
  0.15000005484724649
  0.14999999999999994
  0.1500000480895777
  0.15000005406386199
  0.15000005513165177
  0.1500000551423443
  0.15000005514239187
  0.14999999999999999
  0.15000004815154225
  0.15000005413357689
  0.15000005520281795
  0.15000005521352491
  0.1500000552135724
  0.15000000000000002
  0.15000004416951365
  0.15000004965541017
  0.15000005063416125
  0.15000005064396199
  0.15000005064400565
  0.14999999999999997
  0.1500000449262581
  0.15000005050640808
  0.15000005150230869
  0.15000005151228124
  0.15000005151232551
  0.15000000000000002
  0.15000004556360824
  0.15000005122316892
  0.15000005223355395
  0.15000005224367155
  0.15000005224371649
  0.14999999999999997
  0.15000004605639705
  0.15000005177737757
  0.15000005279899217
  0.15000005280922218
  0.15000005280926776
  0.14999999999999997
  0.15000004638454556
  0.15000005214644077
  0.15000005317555345
  0.1500000531858586
  0.1500000531859044
  0.15000000000000002
  0.1500000465341807
  0.15000005231474484
  0.15000005334729369
  0.15000005335763328
  0.15000005335767927
  0.14999999999999999
  0.15000004314100429
  0.15000004849901535
  0.15000004945476944
  0.15000004946434001
  0.15000004946438245
  0.14999999999999997
  0.15000004379753973
  0.1500000492372979
  0.15000005020789461
  0.15000005021761376
  0.15000005021765694
  0.14999999999999999
  0.15000004432948674
  0.15000004983549844
  0.15000005081814899
  0.15000005082798887
  0.15000005082803261
  0.15000000000000002
  0.15000004471563785
  0.15000005026975849
  0.15000005126117882
  0.15000005127110647
  0.15000005127115057
  0.14999999999999997
  0.15000004494009303
  0.15000005052218754
  0.15000005151871987
  0.15000005152869872
  0.15000005152874307
  0.14999999999999997
  0.15000004499314656
  0.15000005058186439
  0.15000005157962057
  0.15000005158961174
  0.1500000515896561
  0.15000000000000002
  0.15000004143112791
  0.15000004657647278
  0.15000004749391038
  0.15000004750309723
  0.150000047503138
  0.14999999999999997
  0.15000004209644482
  0.15000004732458588
  0.15000004825699972
  0.15000004826633653
  0.15000004826637808
  0.15000000000000002
  0.15000004265605776
  0.15000004795385735
  0.15000004889889357
  0.15000004890835675
  0.15000004890839883
  0.14999999999999999
  0.15000004308810941
  0.15000004843970244
  0.15000004939450254
  0.15000004940406361
  0.15000004940410611
  0.14999999999999997
  0.15000004337520909
  0.15000004876255732
  0.15000004972385861
  0.15000004973348469
  0.1500000497335276
  0.14999999999999997
  0.15000004350536456
  0.15000004890893009
  0.15000004987318949
  0.15000004988284524
  0.15000004988288815
  0.14999999999999997
  0.15000004046258622
  0.15000004548755125
  0.15000004638340333
  0.15000004639237402
  0.15000004639241388
  0.14999999999999999
  0.150000041039558
  0.15000004613630841
  0.15000004704512501
  0.15000004705422554
  0.15000004705426595
  0.14999999999999999
  0.15000004150641541
  0.15000004666126304
  0.1500000475805871
  0.15000004758979288
  0.15000004758983376
  0.15000000000000002
  0.1500000418447506
  0.15000004704171038
  0.1500000479686619
  0.15000004797794397
  0.15000004797798516
  0.14999999999999997
  0.15000004204079331
  0.15000004726216098
  0.15000004819354115
  0.15000004820286764
  0.15000004820290902
  0.14999999999999991
  0.15000004208615128
  0.1500000473131734
  0.15000004824558846
  0.1500000482549253
  0.15000004825496674
  0.14999999999999999
  0.15000003889746649
  0.15000004372786413
  0.15000004458877972
  0.15000004459740052
  0.15000004459743893
  0.14999999999999999
  0.15000003948264967
  0.15000004438582623
  0.15000004525984978
  0.15000004526860186
  0.1500000452686408
  0.14999999999999999
  0.15000003997424352
  0.15000004493856967
  0.15000004582362048
  0.15000004583248291
  0.15000004583252249
  0.14999999999999999
  0.15000004035323486
  0.15000004536471226
  0.1500000462582762
  0.15000004626722399
  0.15000004626726368
  0.15000000000000002
  0.15000004060453317
  0.15000004564728106
  0.15000004654649832
  0.15000004655550267
  0.15000004655554264
  0.15000000000000002
  0.1500000407177513
  0.15000004577459272
  0.15000004667636416
  0.15000004668539413
  0.15000004668543429
  0.14999999999999997
  0.15000003798727293
  0.15000004270457531
  0.15000004354525306
  0.1500000435536713
  0.15000004355370877
  0.15000000000000002
  0.15000003849455568
  0.15000004327493796
  0.15000004412696358
  0.15000004413549536
  0.15000004413553331
  0.15000000000000002
  0.15000003890449126
  0.15000004373585563
  0.15000004459706223
  0.15000004460568603
  0.15000004460572425
  0.14999999999999999
  0.15000003920107433
  0.15000004406932924
  0.15000004493718611
  0.15000004494587649
  0.15000004494591521
  0.15000000000000002
  0.15000003937235659
  0.15000004426192087
  0.1500000451336243
  0.15000004514235318
  0.15000004514239201
  0.14999999999999994
  0.15000003941106713
  0.15000004430545222
  0.15000004517803198
  0.15000004518676965
  0.15000004518680843
  0.15000000000000002
  0.15000003655470931
  0.1500000410939846
  0.15000004190277322
  0.15000004191087205
  0.15000004191090791
  0.14999999999999997
  0.15000003706963599
  0.15000004167292361
  0.15000004249320534
  0.15000004250141935
  0.15000004250145579
  0.14999999999999999
  0.15000003750168764
  0.15000004215869187
  0.1500000429886264
  0.15000004299693698
  0.15000004299697386
  0.14999999999999999
  0.15000003783430002
  0.1500000425326625
  0.15000004337003553
  0.1500000433784206
  0.15000004337845788
  0.14999999999999997
  0.15000003805435499
  0.15000004278008397
  0.1500000436223837
  0.15000004363081815
  0.15000004363085573
  0.15000000000000005
  0.15000003815283866
  0.15000004289081859
  0.15000004373532796
  0.15000004374378456
  0.15000004374382217
  0.14999999999999994
  0.15000003570114334
  0.1500000401343814
  0.15000004092422262
  0.15000004093213171
  0.15000004093216687
  0.14999999999999999
  0.15000003614736637
  0.15000004063606898
  0.15000004143586004
  0.1500000414438688
  0.1500000414439043
  0.14999999999999997
  0.15000003650750074
  0.15000004104097214
  0.15000004184879995
  0.15000004185688925
  0.15000004185692528
  0.15000000000000002
  0.1500000367676077
  0.15000004133341677
  0.15000004214705415
  0.1500000421552016
  0.15000004215523771
  0.15000000000000002
  0.15000003691730102
  0.15000004150172358
  0.15000004231870839
  0.15000004232688929
  0.15000004232692563
  0.14999999999999997
  0.1500000369502692
  0.15000004153879434
  0.15000004235652081
  0.15000004236470915
  0.15000004236474554
  0.14999999999999999
  0.15000003439016638
  0.15000003866052711
  0.15000003942124321
  0.1500000394288607
  0.15000003942889464
  0.14999999999999997
  0.15000003484348315
  0.15000003917017901
  0.15000003994098687
  0.15000003994870545
  0.15000003994873978
  0.14999999999999997
  0.15000003522339619
  0.15000003959730909
  0.15000004037658007
  0.15000004038438339
  0.15000004038441803
  0.14999999999999999
  0.15000003551545224
  0.15000003992566621
  0.15000004071144837
  0.15000004071931686
  0.15000004071935186
  0.15000000000000002
  0.15000003570822892
  0.1500000401424065
  0.15000004093248948
  0.15000004094040106
  0.15000004094043615
  0.14999999999999999
  0.15000003579388946
  0.15000004023871771
  0.15000004103071482
  0.15000004103864553
  0.15000004103868081
  0.15000000000000002
  0.15000003359145297
  0.15000003776260545
  0.15000003850561255
  0.15000003851305266
  0.15000003851308569
  0.15000000000000002
  0.1500000339841652
  0.15000003820411692
  0.15000003895586
  0.15000003896338765
  0.15000003896342115
  0.14999999999999999
  0.15000003430071443
  0.15000003856000396
  0.15000003931879288
  0.15000003932639105
  0.15000003932642475
  0.14999999999999999
  0.15000003452894223
  0.15000003881659577
  0.1500000395804682
  0.15000003958811722
  0.15000003958815131
  0.14999999999999994
  0.15000003465980438
  0.15000003896372358
  0.15000003973051271
  0.15000003973819101
  0.15000003973822512
  0.14999999999999994
  0.1500000346878122
  0.15000003899521494
  0.15000003976263149
  0.15000003977031612
  0.15000003977035029
  0.15000000000000002
  0.15000003239219584
  0.15000003641437751
  0.15000003713077872
  0.15000003713795249
  0.15000003713798438
  0.14999999999999997
  0.15000003279147986
  0.15000003686327007
  0.15000003758854349
  0.1500000375958061
  0.15000003759583838
  0.14999999999999999
  0.15000003312572732
  0.15000003723904817
  0.15000003797175168
  0.1500000379790887
  0.15000003797912129
  0.14999999999999997
  0.15000003338230855
  0.15000003752751176
  0.15000003826592251
  0.15000003827331668
  0.15000003827334948
  0.15000000000000005
  0.15000003355126079
  0.1500000377174594
  0.15000003845963
  0.15000003846706172
  0.15000003846709486
  0.15000000000000002
  0.15000003362575878
  0.15000003780121698
  0.15000003854504715
  0.15000003855249558
  0.15000003855252861
  0.14999999999999999
  0.15000003164654319
  0.15000003557611674
  0.15000003627599942
  0.15000003628300776
  0.15000003628303885
  0.14999999999999999
  0.15000003199235601
  0.15000003596489167
  0.1500000366724539
  0.15000003667953915
  0.15000003667957057
  0.14999999999999999
  0.15000003227075318
  0.15000003627787734
  0.15000003699162467
  0.15000003699877182
  0.1500000369988036
  0.15000000000000002
  0.15000003247111215
  0.15000003650313098
  0.15000003722133154
  0.15000003722852331
  0.15000003722855523
  0.14999999999999997
  0.15000003258554462
  0.15000003663178263
  0.15000003735252826
  0.15000003735974554
  0.15000003735977768
  0.14999999999999997
  0.15000003260926859
  0.15000003665845624
  0.15000003737973128
  0.15000003738695381
  0.15000003738698597
  0.15000000000000005
  0.15000003055012825
  0.15000003434352299
  0.15000003501910597
  0.15000003502587098
  0.15000003502590104
  0.14999999999999999
  0.15000003090202621
  0.1500000347391344
  0.15000003542252574
  0.15000003542936888
  0.15000003542939935
  0.14999999999999999
  0.15000003119627481
  0.15000003506993681
  0.15000003575985904
  0.15000003576676763
  0.15000003576679835
  0.15000000000000002
  0.15000003142182111
  0.15000003532350376
  0.15000003601843429
  0.15000003602539302
  0.15000003602542394
  0.15000000000000002
  0.15000003156996175
  0.15000003549004925
  0.15000003618827051
  0.15000003619526225
  0.15000003619529323
  0.14999999999999999
  0.15000003163474196
  0.15000003556287861
  0.15000003626254035
  0.15000003626954647
  0.15000003626957764
  0.15000000000000002
  0.15000002985575722
  0.1500000335629193
  0.15000003422312863
  0.15000003422973965
  0.15000003422976901
  0.15000000000000002
  0.15000003016046717
  0.15000003390547934
  0.15000003457244671
  0.15000003457912536
  0.15000003457915509
  0.14999999999999994
  0.15000003040546711
  0.15000003418091318
  0.15000003485331651
  0.15000003486004967
  0.1500000348600796
  0.15000000000000002
  0.15000003058146161
  0.15000003437877102
  0.15000003505508017
  0.15000003506185239
  0.15000003506188259
  0.14999999999999997
  0.15000003068155843
  0.15000003449130286
  0.15000003516983484
  0.15000003517662933
  0.15000003517665944
  0.14999999999999999
  0.15000003070158421
  0.15000003451381752
  0.15000003519279537
  0.15000003519959434
  0.15000003519962454
  0.14999999999999999
  0.15000002885419519
  0.15000003243697047
  0.15000003307499774
  0.15000003308138674
  0.15000003308141516
  0.14999999999999999
  0.15000002916454369
  0.15000003278586643
  0.1500000334307732
  0.15000003343723106
  0.15000003343725982
  0.15000000000000002
  0.1500000294237602
  0.1500000330772806
  0.15000003372793455
  0.15000003373444987
  0.15000003373447873
  0.14999999999999997
  0.15000002962215708
  0.15000003330032133
  0.15000003395537539
  0.15000003396193484
  0.15000003396196393
  0.14999999999999999
  0.1500000297521179
  0.15000003344642546
  0.1500000341043628
  0.15000003411095111
  0.15000003411098034
  0.14999999999999999
  0.15000002980843832
  0.1500000335097425
  0.15000003416893018
  0.15000003417553101
  0.15000003417556038
  0.15000000000000002
  0.15000002820936414
  0.15000003171206339
  0.15000003233581985
  0.15000003234206588
  0.15000003234209358
  0.14999999999999997
  0.15000002847805999
  0.15000003201413187
  0.15000003264384243
  0.15000003265014814
  0.15000003265017622
  0.14999999999999997
  0.15000002869382914
  0.15000003225670105
  0.15000003289119407
  0.15000003289754762
  0.15000003289757602
  0.15000000000000002
  0.15000002884852506
  0.15000003243061141
  0.15000003306853421
  0.1500000330749221
  0.15000003307495052
  0.14999999999999999
  0.15000002893611439
  0.15000003252908048
  0.15000003316894597
  0.15000003317535324
  0.15000003317538177
  0.14999999999999999
  0.15000002895294917
  0.15000003254800695
  0.15000003318824662
  0.15000003319465768
  0.15000003319468627
  0.15000000000000002
  0.15000002729546466
  0.1500000306846713
  0.15000003128819767
  0.15000003129424111
  0.15000003129426806
  0.15000000000000002
  0.15000002756939534
  0.15000003099262291
  0.15000003160221681
  0.15000003160832101
  0.15000003160834824
  0.14999999999999999
  0.15000002779793895
  0.15000003124955155
  0.15000003186420863
  0.15000003187036356
  0.1500000318703909
  0.15000000000000002
  0.15000002797259077
  0.1500000314458951
  0.15000003206442222
  0.15000003207061594
  0.15000003207064333
  0.15000000000000002
  0.15000002808667384
  0.1500000315741476
  0.15000003219520333
  0.1500000322014223
  0.15000003220144992
  0.15000000000000002
  0.15000002813563162
  0.15000003162918665
  0.15000003225132807
  0.15000003225755795
  0.15000003225758562
  0.14999999999999999
  0.15000002669848889
  0.15000003001356493
  0.15000003060388339
  0.15000003060979458
  0.15000003060982081
  0.14999999999999999
  0.15000002693564315
  0.15000003028017189
  0.15000003087574235
  0.15000003088170613
  0.15000003088173258
  0.15000000000000002
  0.15000002712583838
  0.15000003049398841
  0.15000003109377127
  0.15000003109977728
  0.15000003109980395
  0.15000000000000002
  0.1500000272619216
  0.15000003064697243
  0.15000003124977021
  0.15000003125580633
  0.15000003125583317
  0.14999999999999999
  0.15000002733860246
  0.15000003073317711
  0.15000003133767395
  0.15000003134372719
  0.15000003134375411
  0.14999999999999999
  0.15000002735268567
  0.15000003074901003
  0.15000003135381951
  0.15000003135987586
  0.15000003135990272
  0.14999999999999999
  0.15000002586578187
  0.15000002907745263
  0.15000002964934486
  0.15000002965507156
  0.15000002965509698
  0.15000000000000002
  0.15000002610781182
  0.15000002934953985
  0.1500000299267904
  0.15000002993257075
  0.15000002993259642
  0.14999999999999999
  0.15000002630951392
  0.15000002957629097
  0.15000003015800784
  0.1500000301638329
  0.15000003016385885
  0.14999999999999997
  0.15000002646340788
  0.15000002974929721
  0.15000003033442172
  0.15000003034028092
  0.15000003034030693
  0.15000000000000002
  0.15000002656363015
  0.15000002986196631
  0.1500000304493106
  0.15000003045519206
  0.1500000304552182
  0.14999999999999999
  0.15000002660618358
  0.15000002990980493
  0.15000003049809207
  0.15000003050398286
  0.15000003050400912
  0.15000000000000002
  0.15000002531504919
  0.15000002845833349
  0.1500000290180436
  0.15000002902364828
  0.15000002902367321
  0.14999999999999999
  0.15000002552459876
  0.15000002869390591
  0.15000002925825492
  0.15000002926390607
  0.15000002926393113
  0.14999999999999997
  0.15000002569243359
  0.15000002888258357
  0.15000002945064791
  0.15000002945633623
  0.15000002945636148
  0.14999999999999999
  0.15000002581226124
  0.15000002901729231
  0.15000002958800926
  0.15000002959372419
  0.15000002959374958
  0.14999999999999997
  0.15000002587943365
  0.15000002909280691
  0.15000002966501158
  0.15000002967074141
  0.15000002967076695
  0.15000000000000002
  0.1500000258911468
  0.1500000291059751
  0.15000002967843951
  0.15000002968417195
  0.15000002968419743
  0.15000000000000002
  0.15000002455771441
  0.15000002760695622
  0.15000002814991228
  0.15000002815534927
  0.15000002815537333
  0.15000000000000002
  0.15000002477182625
  0.15000002784765676
  0.15000002839535151
  0.1500000284008359
  0.15000002840086027
  0.14999999999999999
  0.15000002495005876
  0.15000002804802276
  0.15000002859966227
  0.15000002860518621
  0.15000002860521075
  0.15000000000000002
  0.1500000250858208
  0.1500000282006442
  0.15000002875528876
  0.15000002876084267
  0.15000002876086738
  0.14999999999999997
  0.15000002517395206
  0.15000002829972003
  0.15000002885631517
  0.15000002886188862
  0.15000002886191338
  0.14999999999999997
  0.150000025210939
  0.15000002834130044
  0.1500000288987145
  0.15000002890429626
  0.15000002890432096
  0.14999999999999997
  0.15000002405169827
  0.15000002703810708
  0.15000002756987202
  0.15000002757519693
  0.15000002757522052
  0.14999999999999999
  0.150000024237114
  0.15000002724654776
  0.15000002778241581
  0.15000002778778174
  0.15000002778780561
  0.14999999999999999
  0.15000002438541746
  0.1500000274132679
  0.15000002795241785
  0.15000002795781672
  0.15000002795784073
  0.14999999999999999
  0.15000002449106165
  0.15000002753203112
  0.15000002807351853
  0.15000002807894072
  0.15000002807896481
  0.14999999999999994
  0.15000002454995381
  0.15000002759823683
  0.15000002814102764
  0.15000002814646293
  0.15000002814648708
  0.14999999999999997
  0.15000002455962796
  0.15000002760911244
  0.15000002815211783
  0.15000002815755523
  0.15000002815757943
  0.14999999999999999
  0.15000002336450394
  0.1500000262655819
  0.1500000267821473
  0.15000002678732
  0.15000002678734312
  0.14999999999999999
  0.15000002355421418
  0.15000002647884969
  0.15000002699961232
  0.15000002700482709
  0.15000002700485024
  0.14999999999999999
  0.15000002371195062
  0.15000002665617415
  0.15000002718042696
  0.15000002718567657
  0.15000002718569996
  0.14999999999999997
  0.1500000238318929
  0.15000002679101071
  0.15000002731791731
  0.15000002732319348
  0.15000002732321699
  0.15000000000000002
  0.15000002390948902
  0.15000002687824263
  0.15000002740686613
  0.15000002741215951
  0.15000002741218313
  0.15000000000000002
  0.15000002394164327
  0.15000002691439007
  0.15000002744372523
  0.15000002744902574
  0.15000002744904939
  0.14999999999999997
  0.15000002290177306
  0.15000002574539398
  0.15000002625172643
  0.15000002625679659
  0.15000002625681932
  0.15000000000000002
  0.15000002306612076
  0.15000002593014977
  0.15000002644011803
  0.15000002644522467
  0.15000002644524732
  0.15000000000000002
  0.15000002319738845
  0.15000002607771795
  0.1500000265905905
  0.1500000265957262
  0.15000002659574901
  0.15000000000000005
  0.15000002329067399
  0.15000002618258773
  0.15000002669752388
  0.15000002670268012
  0.15000002670270324
  0.15000000000000002
  0.15000002334236534
  0.15000002624069797
  0.15000002675677779
  0.15000002676194568
  0.15000002676196864
  0.14999999999999999
  0.15000002335028795
  0.15000002624960457
  0.15000002676585991
  0.15000002677102955
  0.15000002677105254
  0.14999999999999999
  0.1500000222800203
  0.15000002504643786
  0.15000002553902006
  0.15000002554395253
  0.15000002554397446
  0.15000000000000002
  0.15000002244844057
  0.1500000252357713
  0.15000002573207899
  0.15000002573704874
  0.15000002573707089
  0.15000000000000002
  0.15000002258830872
  0.15000002539300791
  0.1500000258924096
  0.15000002589741038
  0.15000002589743261
  0.14999999999999994
  0.15000002269447138
  0.15000002551235336
  0.15000002601410356
  0.1500000260191279
  0.15000002601915022
  0.15000000000000002
  0.15000002276290278
  0.15000002558928249
  0.15000002609254631
  0.15000002609758578
  0.15000002609760818
  0.14999999999999997
  0.15000002279086844
  0.15000002562072076
  0.15000002612460356
  0.15000002612964927
  0.15000002612967167
  0.15000000000000002
  0.15000002185924843
  0.15000002457341921
  0.15000002505669705
  0.15000002506153631
  0.15000002506155774
  0.14999999999999999
  0.15000002200524185
  0.15000002473754115
  0.15000002522404823
  0.15000002522891981
  0.15000002522894154
  0.14999999999999999
  0.1500000221216797
  0.15000002486843772
  0.15000002535752013
  0.15000002536241755
  0.15000002536243934
  0.15000000000000002
  0.15000002220421788
  0.15000002496122516
  0.15000002545213317
  0.15000002545704888
  0.15000002545707078
  0.14999999999999997
  0.15000002224965872
  0.15000002501230891
  0.15000002550422226
  0.15000002550914807
  0.15000002550916991
  0.14999999999999999
  0.1500000222560802
  0.15000002501952758
  0.15000002551158312
  0.15000002551651032
  0.15000002551653216
  0.14999999999999999
  0.15000002129872286
  0.15000002394329387
  0.15000002441417623
  0.15000002441889146
  0.15000002441891239
  0.14999999999999999
  0.15000002144861257
  0.15000002411179542
  0.15000002458599307
  0.15000002459074155
  0.1500000245907627
  0.15000000000000002
  0.15000002157293996
  0.15000002425156087
  0.15000002472850832
  0.15000002473328425
  0.15000002473330548
  0.14999999999999997
  0.15000002166712736
  0.15000002435744417
  0.1500000248364747
  0.15000002484127156
  0.15000002484129288
  0.14999999999999997
  0.15000002172760432
  0.15000002442543087
  0.15000002490579895
  0.15000002491060918
  0.15000002491063055
  0.15000000000000002
  0.15000002175194754
  0.15000002445279689
  0.15000002493370365
  0.15000002493851927
  0.15000002493854073
  0.14999999999999999
  0.15000002091869474
  0.15000002351607825
  0.15000002397855802
  0.15000002398318907
  0.15000002398320966
  0.15000000000000002
  0.15000002104874263
  0.15000002366227433
  0.15000002412763003
  0.15000002413228994
  0.15000002413231067
  0.14999999999999997
  0.15000002115230604
  0.15000002377869759
  0.15000002424634357
  0.15000002425102651
  0.15000002425104711
  0.15000000000000002
  0.15000002122552239
  0.15000002386100567
  0.15000002433027088
  0.15000002433496987
  0.15000002433499074
  0.14999999999999997
  0.1500000212655522
  0.15000002390600642
  0.15000002437615731
  0.15000002438086515
  0.15000002438088605
  0.14999999999999997
  0.15000002127069056
  0.15000002391178249
  0.15000002438204701
  0.15000002438675608
  0.15000002438677698
  0.14999999999999999
  0.15000002041562344
  0.15000002295054141
  0.15000002340189711
  0.15000002340641683
  0.15000002340643698
  0.14999999999999999
  0.15000002054943698
  0.15000002310097071
  0.15000002355528566
  0.15000002355983494
  0.15000002355985523
  0.14999999999999999
  0.15000002066029067
  0.15000002322558934
  0.15000002368235554
  0.15000002368692941
  0.1500000236869497
  0.14999999999999997
  0.15000002074410385
  0.15000002331980994
  0.15000002377842955
  0.15000002378302202
  0.15000002378304236
  0.14999999999999999
  0.15000002079769778
  0.15000002338005883
  0.15000002383986405
  0.15000002384446831
  0.15000002384448882
  0.15000000000000005
  0.15000002081891806
  0.15000002340391408
  0.15000002386418854
  0.15000002386879749
  0.15000002386881789
  0.14999999999999999
  0.15000002007524127
  0.15000002256789491
  0.15000002301172463
  0.15000002301616897
  0.15000002301618875
  0.15000000000000002
  0.15000002019148806
  0.15000002269857624
  0.15000002314497649
  0.15000002314944658
  0.15000002314946642
  0.14999999999999999
  0.15000002028391571
  0.15000002280248084
  0.15000002325092476
  0.1500000232554152
  0.15000002325543521
  0.15000000000000002
  0.15000002034907611
  0.15000002287573239
  0.15000002332561735
  0.15000002333012225
  0.1500000233301424
  0.14999999999999999
  0.15000002038443824
  0.15000002291548567
  0.15000002336615292
  0.15000002337066573
  0.1500000233706858
  0.14999999999999999
  0.15000002038848373
  0.15000002292003348
  0.15000002337079033
  0.15000002337530394
  0.15000002337532403
  0.14999999999999999
  0.15000001962625339
  0.15000002206315749
  0.15000002249705971
  0.15000002250140457
  0.15000002250142383
  0.15000000000000002
  0.1500000197461818
  0.15000002219797728
  0.15000002263453147
  0.15000002263890297
  0.15000002263892226
  0.15000000000000002
  0.15000001984540495
  0.15000002230952106
  0.15000002274826915
  0.15000002275266255
  0.15000002275268212
  0.14999999999999999
  0.15000001992026862
  0.15000002239368077
  0.15000002283408409
  0.15000002283849409
  0.15000002283851363
  0.14999999999999999
  0.15000001996793155
  0.15000002244726202
  0.15000002288871958
  0.15000002289314018
  0.15000002289315972
  0.15000000000000002
  0.15000001998647045
  0.15000002246810301
  0.15000002290997067
  0.1500000229143954
  0.15000002291441511
  0.15000000000000005
  0.15000001932454218
  0.15000002172398383
  0.15000002215121519
  0.1500000221554933
  0.15000002215551228
  0.15000000000000002
  0.15000001942890531
  0.15000002184130568
  0.15000002227084466
  0.15000002227514592
  0.15000002227516501
  0.14999999999999999
  0.15000001951174902
  0.15000002193443623
  0.15000002236580681
  0.15000002237012636
  0.15000002237014554
  0.14999999999999999
  0.15000001956998099
  0.15000002199989892
  0.15000002243255736
  0.15000002243688984
  0.15000002243690908
  0.15000000000000002
  0.15000001960133616
  0.15000002203514742
  0.15000002246849942
  0.15000002247283881
  0.15000002247285804
  0.14999999999999999
  0.150000019604456
  0.15000002203865478
  0.15000002247207594
  0.15000002247641597
  0.15000002247643521
  0.15000000000000005
  0.15000001892663581
  0.150000021276671
  0.15000002169510468
  0.15000002169929472
  0.15000002169931342
  0.15000000000000002
  0.15000001903464352
  0.15000002139808954
  0.15000002181891151
  0.15000002182312544
  0.15000002182314418
  0.14999999999999999
  0.15000001912388633
  0.15000002149841371
  0.1500000219212087
  0.15000002192544246
  0.15000002192546127
  0.14999999999999997
  0.1500000191910735
  0.1500000215739436
  0.15000002199822399
  0.15000002200247253
  0.15000002200249143
  0.14999999999999999
  0.1500000192336543
  0.15000002162181156
  0.15000002204703383
  0.15000002205129184
  0.15000002205131077
  0.14999999999999999
  0.15000001924990433
  0.15000002164007933
  0.15000002206566102
  0.15000002206992261
  0.15000002206994151
  0.15000000000000002
  0.15000001866274804
  0.15000002098001727
  0.15000002139261651
  0.15000002139674806
  0.15000002139676646
  0.14999999999999997
  0.15000001875695032
  0.15000002108591637
  0.15000002150059832
  0.15000002150475075
  0.15000002150476915
  0.14999999999999997
  0.15000001883160158
  0.15000002116983704
  0.1500000215861696
  0.15000002159033857
  0.15000002159035711
  0.14999999999999994
  0.15000001888391368
  0.15000002122864481
  0.15000002164613396
  0.15000002165031445
  0.15000002165033313
  0.14999999999999997
  0.15000001891185122
  0.15000002126005135
  0.1500000216781584
  0.15000002168234516
  0.15000002168236387
  0.14999999999999999
  0.15000001891419321
  0.15000002126268397
  0.15000002168084325
  0.15000002168503052
  0.15000002168504917
  0.14999999999999999
  0.15000001831325949
  0.15000002058713402
  0.15000002099200604
  0.15000002099606022
  0.15000002099607829
  0.14999999999999999
  0.15000001841111738
  0.15000002069714255
  0.15000002110417834
  0.15000002110825425
  0.15000002110827235
  0.15000000000000002
  0.15000001849186587
  0.15000002078791752
  0.15000002119673847
  0.15000002120083222
  0.15000002120085046
  0.14999999999999997
  0.15000001855251899
  0.15000002085610181
  0.15000002126626386
  0.15000002127037107
  0.15000002127038931
  0.14999999999999997
  0.15000001859077777
  0.15000002089911113
  0.15000002131011925
  0.1500000213142349
  0.15000002131425308
  0.15000000000000002
  0.15000001860508921
  0.15000002091519951
  0.15000002132652437
  0.15000002133064319
  0.15000002133066159
  0.15000000000000002
  0.15000001808647945
  0.15000002033219564
  0.15000002073205382
  0.15000002073605778
  0.15000002073607563
  0.14999999999999999
  0.15000001817207947
  0.15000002042842425
  0.150000020830175
  0.150000020834198
  0.15000002083421587
  0.15000000000000002
  0.1500000182397922
  0.15000002050454478
  0.1500000209077928
  0.15000002091183073
  0.15000002091184877
  0.14999999999999997
  0.15000001828709031
  0.15000002055771569
  0.15000002096200957
  0.15000002096605797
  0.15000002096607601
  0.14999999999999999
  0.15000001831213944
  0.15000002058587497
  0.15000002099072268
  0.15000002099477672
  0.15000002099479467
  0.15000000000000002
  0.15000001831383439
  0.1500000205877805
  0.15000002099266607
  0.15000002099672033
  0.15000002099673843
  0.15000000000000002
  0.15000001778305513
  0.15000001999109625
  0.1500000203842459
  0.15000002038818278
  0.15000002038820023
  0.14999999999999999
  0.15000001787237222
  0.15000002009150346
  0.15000002048662794
  0.15000002049058458
  0.15000002049060213
  0.14999999999999997
  0.15000001794597437
  0.15000002017424482
  0.15000002057099648
  0.15000002057496939
  0.15000002057498693
  0.15000000000000005
  0.15000001800112209
  0.15000002023624001
  0.15000002063421128
  0.15000002063819645
  0.15000002063821416
  0.14999999999999997
  0.15000001803574348
  0.15000002027516002
  0.15000002067389676
  0.15000002067788962
  0.1500000206779073
  0.15000000000000002
  0.15000001804843074
  0.15000002028942264
  0.15000002068844018
  0.15000002069243581
  0.15000002069245352
  0.14999999999999999
  0.15000001759280288
  0.15000001977722116
  0.15000002016616454
  0.15000002017005928
  0.15000002017007655
  0.14999999999999999
  0.15000001767122587
  0.15000001986538175
  0.15000002025605896
  0.15000002025997106
  0.15000002025998843
  0.15000000000000002
  0.15000001773313554
  0.15000001993497869
  0.15000002032702492
  0.1500000203309507
  0.15000002033096824
  0.14999999999999999
  0.15000001777623545
  0.15000001998343021
  0.15000002037642932
  0.15000002038036461
  0.1500000203803821
  0.14999999999999999
  0.15000001779887503
  0.15000002000888055
  0.15000002040238042
  0.15000002040632079
  0.15000002040633842
  0.15000000000000002
  0.15000001780003849
  0.15000002001018847
  0.15000002040371416
  0.15000002040765475
  0.1500000204076723
  0.14999999999999999
  0.15000001733338492
  0.15000001948559241
  0.15000001986880035
  0.15000001987263756
  0.15000001987265463
  0.15000000000000002
  0.15000001741562732
  0.15000001957804662
  0.15000001996307283
  0.15000001996692836
  0.15000001996694545
  0.14999999999999997
  0.15000001748332076
  0.15000001965414564
  0.1500000200406684
  0.15000002004453883
  0.15000002004455612
  0.14999999999999999
  0.15000001753388836
  0.15000001971099194
  0.150000020098633
  0.15000002010251465
  0.15000002010253188
  0.14999999999999997
  0.15000001756549389
  0.15000001974652175
  0.15000002013486155
  0.15000002013875011
  0.15000002013876745
  0.14999999999999999
  0.15000001757684089
  0.15000001975927746
  0.15000002014786853
  0.15000002015175976
  0.15000002015177699
  0.15000000000000002
  0.15000001717929606
  0.15000001931237134
  0.15000001969217233
  0.15000001969597554
  0.15000001969599244
  0.14999999999999999
  0.15000001725178469
  0.15000001939386046
  0.15000001977526445
  0.15000001977908364
  0.15000001977910074
  0.15000000000000002
  0.15000001730891785
  0.15000001945808766
  0.15000001984075478
  0.15000001984458661
  0.15000001984460362
  0.15000000000000002
  0.15000001734855506
  0.15000001950264646
  0.15000001988619005
  0.15000001989003078
  0.15000001989004783
  0.14999999999999999
  0.15000001736922738
  0.15000001952588546
  0.15000001990988615
  0.15000001991373141
  0.15000001991374848
  0.14999999999999997
  0.15000001736994867
  0.15000001952669617
  0.15000001991071291
  0.15000001991455827
  0.15000001991457543
  0.14999999999999999
  0.15000001696206472
  0.15000001906816712
  0.15000001944316566
  0.15000001944692073
  0.15000001944693739
  0.14999999999999999
  0.15000001703854138
  0.15000001915413971
  0.15000001953082903
  0.1500000195346011
  0.15000001953461786
  0.14999999999999997
  0.15000001710148061
  0.15000001922489392
  0.15000001960297479
  0.15000001960676065
  0.15000001960677753
  0.14999999999999999
  0.15000001714828384
  0.15000001927750861
  0.15000001965662429
  0.15000001966042059
  0.15000001966043749
  0.15000000000000002
  0.15000001717744998
  0.15000001931029619
  0.15000001969005677
  0.15000001969385957
  0.15000001969387652
  0.15000000000000005
  0.15000001718772124
  0.15000001932184262
  0.15000001970183033
  0.15000001970563537
  0.15000001970565241
  0.14999999999999999
  0.15000001684386272
  0.15000001893528839
  0.15000001930767365
  0.15000001931140247
  0.15000001931141907
  0.14999999999999999
  0.15000001691161471
  0.15000001901145302
  0.15000001938533622
  0.15000001938908014
  0.15000001938909671
  0.14999999999999999
  0.15000001696486825
  0.15000001907131888
  0.15000001944637961
  0.15000001945013527
  0.15000001945015201
  0.14999999999999999
  0.15000001700166657
  0.15000001911268646
  0.15000001948856068
  0.15000001949232442
  0.15000001949234112
  0.15000000000000002
  0.15000001702084187
  0.15000001913424257
  0.15000001951054073
  0.15000001951430877
  0.15000001951432548
  0.14999999999999999
  0.15000001702111965
  0.15000001913455469
  0.15000001951085903
  0.15000001951462716
  0.15000001951464387
  0.15000000000000002
  0.15000001666753413
  0.15000001873706584
  0.15000001910555286
  0.15000001910924274
  0.15000001910925917
  0.15000000000000002
  0.15000001674107991
  0.15000001881974359
  0.1500000191898565
  0.15000001919356268
  0.15000001919357916
  0.14999999999999999
  0.15000001679937922
  0.15000001888528172
  0.15000001925668355
  0.15000001926040266
  0.15000001926041925
  0.15000000000000002
  0.15000001684240521
  0.15000001893365025
  0.15000001930600335
  0.150000019309732
  0.15000001930974852
  0.14999999999999999
  0.15000001686949602
  0.15000001896410473
  0.15000001933705678
  0.15000001934079146
  0.15000001934080792
  0.15000000000000002
  0.1500000168797806
  0.15000001897566612
  0.15000001934884558
  0.1500000193525825
  0.15000001935259907
  0.14999999999999999
  0.15000001658543916
  0.15000001864477755
  0.15000001901144946
  0.15000001901512119
  0.15000001901513751
  0.15000000000000005
  0.15000001665387008
  0.15000001872170526
  0.15000001908989011
  0.15000001909357696
  0.15000001909359337
  0.14999999999999999
  0.15000001670143887
  0.15000001877518049
  0.15000001914441724
  0.15000001914811459
  0.15000001914813102
  0.14999999999999999
  0.15000001673361657
  0.15000001881135358
  0.15000001918130154
  0.15000001918500602
  0.15000001918502257
  0.15000000000000002
  0.1500000167518612
  0.15000001883186373
  0.15000001920221492
  0.15000001920592343
  0.15000001920594003
  0.14999999999999997
  0.15000001675201446
  0.15000001883203573
  0.15000001920239056
  0.15000001920609915
  0.15000001920611566
  0.15000000000000002
  0.15000001652294992
  0.15000001857452935
  0.15000001893981976
  0.15000001894347764
  0.15000001894349393
  0.15000000000000002
  0.15000001658077863
  0.15000001863953841
  0.15000001900610732
  0.150000019009778
  0.15000001900979429
  0.14999999999999997
  0.15000001661331161
  0.15000001867611115
  0.15000001904339932
  0.15000001904707719
  0.15000001904709354
  0.14999999999999999
  0.15000001665292886
  0.15000001872064728
  0.15000001908881139
  0.15000001909249799
  0.1500000190925144
  0.15000000000000002
  0.15000001663913456
  0.15000001870514007
  0.15000001907299917
  0.15000001907668267
  0.15000001907669902
  0.14999999999999999
  0.15000001648077177
  0.15000001852711436
  0.15000001889147216
  0.15000001889512066
  0.15000001889513692
  0.15000000000000002
  0.15000001651312386
  0.15000001856348338
  0.15000001892855658
  0.15000001893221224
  0.15000001893222853
  0.14999999999999999
  0.15000001656039494
  0.15000001861662371
  0.15000001898274185
  0.15000001898640805
  0.15000001898642426
  0.14999999999999999
  0.15000001653942632
  0.1500000185930514
  0.15000001895870621
  0.15000001896236773
  0.15000001896238394
  0.15000000000000002
  0.15000001637739305
  0.15000001841089908
  0.15000001877297187
  0.15000001877659747
  0.15000001877661359
  0.14999999999999999
  0.15000001653801917
  0.15000001859146958
  0.15000001895709303
  0.15000001896075424
  0.15000001896077048
  0.15000000000000002
  0.15000001643766347
  0.15000001847865335
  0.15000001884205824
  0.15000001884569722
  0.15000001884571335
  0.15000000000000002
  0.15000001638386187
  0.15000001841817134
  0.15000001878038685
  0.15000001878401395
  0.15000001878403008
  0.14999999999999991
  0.15000001651204681
  0.15000001856227241
  0.15000001892732154
  0.15000001893097697
  0.15000001893099321
  0.14999999999999997
  0.15000001646347835
  0.15000001850767333
  0.15000001887164902
  0.15000001887529374
  0.15000001887530998
  0.15000000000000002
  0.15000001648695088
  0.15000001853406042
  0.15000001889855485
  0.15000001890220482
  0.15000001890222098
  0.14999999999999997
  0.15000001638171379
  0.15000001841575658
  0.15000001877792457
  0.1500000187815512
  0.15000001878156735
  0.15000000000000005
  0.15000001639109822
  0.15000001842630634
  0.15000001878868174
  0.15000001879231045
  0.15000001879232655
  0.14999999999999997
  0.15000001625652959
  0.15000001827502857
  0.15000001863442908
  0.15000001863802798
  0.15000001863804394
  0.14999999999999999
  0.15000001644161703
  0.15000001848309766
  0.15000001884658984
  0.15000001885022965
  0.15000001885024586
  0.14999999999999999
  0.15000001629163176
  0.15000001831448947
  0.15000001867466603
  0.1500000186782727
  0.15000001867828877
  0.14999999999999999
  0.15000001642080527
  0.15000001845970165
  0.15000001882273381
  0.1500000188263691
  0.15000001882638533
  0.15000000000000002
  0.15000001643479907
  0.15000001847543309
  0.15000001883877442
  0.15000001884241287
  0.150000018842429
  0.14999999999999999
  0.15000001635473439
  0.15000001838542729
  0.15000001874699886
  0.1500000187506195
  0.15000001875063557
  0.14999999999999997
  0.15000001643846264
  0.15000001847955155
  0.15000001884297401
  0.15000001884661315
  0.15000001884662933
  0.15000000000000002
  0.15000001631905133
  0.15000001834531337
  0.15000001870609617
  0.15000001870970886
  0.15000001870972485
  0.14999999999999999
  0.15000001639563088
  0.15000001843140168
  0.15000001879387725
  0.15000001879750693
  0.15000001879752295
  0.15000000000000002
  0.15000001642192812
  0.15000001846096384
  0.15000001882402078
  0.15000001882765623
  0.1500000188276725
  0.14999999999999997
  0.15000001624288878
  0.15000001825969411
  0.15000001861879311
  0.15000001862238893
  0.15000001862240495
  0.15000000000000005
  0.15000001628090048
  0.15000001830242565
  0.15000001866236501
  0.15000001866596929
  0.15000001866598531
  0.15000000000000002
  0.15000001631381712
  0.15000001833942936
  0.15000001870009638
  0.15000001870370788
  0.15000001870372395
  0.14999999999999994
  0.15000001634091212
  0.15000001836988897
  0.15000001873115482
  0.15000001873477228
  0.15000001873478844
  0.15000000000000002
  0.15000001636639315
  0.15000001839853391
  0.15000001876036301
  0.15000001876398622
  0.15000001876400229
  0.14999999999999999
  0.15000001638552046
  0.15000001842003588
  0.15000001878228794
  0.15000001878591537
  0.15000001878593161
  0.15000000000000002
  0.15000001639916324
  0.15000001843537233
  0.1500000187979261
  0.15000001880155661
  0.15000001880157257
  0.14999999999999994
  0.15000001640824756
  0.15000001844558478
  0.15000001880833919
  0.1500000188119717
  0.1500000188119878
  0.14999999999999999
  0.15000001640925198
  0.15000001844671398
  0.15000001880949057
  0.15000001881312336
  0.15000001881313954
  0.14999999999999997
  0.15000001640784483
  0.15000001844513239
  0.15000001880787786
  0.15000001881151012
  0.15000001881152625
