time_after_pulse_ms,reference_left_normalized,simulation_left_normalized,reference_right_normalized,simulation_right_normalized,left_residual,right_residual,region
0,0.156705213629,0.00086879484624,0.176704758825,0.160601173259,-0.155836418783,-0.0161035855658,rise
0.01,0.157808811514,0.000882035730473,0.179289598413,0.179746723884,-0.156926775783,0.00045712547108,rise
0.02,0.158887459189,0.000896647312172,0.18191301232,0.200350203969,-0.157990811877,0.0184371916485,rise
0.03,0.159941545361,0.000912771541157,0.184568143065,0.222402099972,-0.15902877382,0.0378339569071,rise
0.04,0.160973810323,0.000930557389817,0.187247924663,0.245864958422,-0.160043252933,0.0586170337583,rise
0.05,0.161989209027,0.000950153452953,0.189945158384,0.270667245311,-0.161039055574,0.0807220869267,rise
0.06,0.162994449274,0.000971689198547,0.19265274904,0.296696554502,-0.162022760075,0.104043805461,rise
0.07,0.16399752334,0.000995255211508,0.195363578346,0.323793819887,-0.163002268128,0.128430241541,rise
0.08,0.165007196502,0.00102090090371,0.198069705594,0.351752476155,-0.163986295598,0.153682770561,rise
0.09,0.166032395681,0.00104865030764,0.200761194376,0.380325605723,-0.164983745374,0.179564411347,rise
0.1,0.167081571516,0.00107852309567,0.203425201655,0.409239421482,-0.166003048421,0.205814219826,rise
0.11,0.168161944645,0.00111055314938,0.206045756298,0.438208610351,-0.167051391495,0.232162854053,rise
0.12,0.169278605707,0.00114480336431,0.208604339356,0.46695025443,-0.168133802343,0.258345915074,rise
0.13,0.170433823844,0.00118137727012,0.211081200481,0.495194691999,-0.169252446574,0.284113491518,rise
0.14,0.17162689208,0.00122042758143,0.213457160133,0.522692368699,-0.170406464498,0.309235208565,rise
0.15,0.172854462636,0.001262161965,0.215715531408,0.549217399144,-0.171592300671,0.333501867736,rise
0.16,0.174111256789,0.00130684806217,0.217843842053,0.574570084603,-0.172804408727,0.35672624255,rise
0.17,0.175391081667,0.00135481912656,0.219835117911,0.598579377272,-0.174036262541,0.378744259361,rise
0.18,0.176687839001,0.00140647914284,0.221688593583,0.621104560798,-0.175281359858,0.399415967216,rise
0.19,0.177996123084,0.00146230582925,0.223409846395,0.642035630043,-0.176533817255,0.418625783648,rise
0.2,0.179311394183,0.00152285161563,0.22501040099,0.661292521431,-0.177788542568,0.436282120441,rise
0.21,0.180629921001,0.00158874370123,0.226506796912,0.678823488991,-0.1790411773,0.45231669208,rise
0.22,0.181948481447,0.00166068322618,0.227919146592,0.694602891504,-0.180287798221,0.466683744911,rise
0.23,0.183263892096,0.00173944263406,0.229269483259,0.708628610308,-0.181524449462,0.479359127049,rise
0.24,0.184572708527,0.00182586101909,0.230580295345,0.720919271987,-0.182746847507,0.490338976642,rise
0.25,0.185871235457,0.00192083825627,0.231873320057,0.731511410216,-0.183950397201,0.499638090159,rise
0.26,0.18715568838,0.00202532910882,0.233168441968,0.740456667215,-0.185130359271,0.507288225246,rise
0.27,0.188422422308,0.00214033804295,0.234482690683,0.747819108162,-0.186282084265,0.51333641748,rise
0.28,0.189668155267,0.00226691442143,0.235829479969,0.753672700047,-0.187401240845,0.517843220077,rise
0.29,0.190889965776,0.00240614753553,0.237218201511,0.758098988257,-0.18848381824,0.520880786745,rise
0.3,0.192085015647,0.00255916098267,0.238654270421,0.7611849902,-0.189525854664,0.522530719779,rise
0.31,0.193250271885,0.00272710545966,0.240139660273,0.763021314512,-0.190523166426,0.522881654239,rise
0.32,0.194382397046,0.00291114979477,0.241673788395,0.763700506452,-0.191471247251,0.522026718057,rise
0.33,0.195477730172,0.00311247167674,0.243254573552,0.76331561417,-0.192365258495,0.520061040618,rise
0.34,0.196532433026,0.0033322496487,0.244879620934,0.761958965626,-0.193200183377,0.517079344692,rise
0.35,0.197542977859,0.00357165616697,0.246547486128,0.759721142739,-0.193971321692,0.513173656611,rise
0.36,0.198506790381,0.00383185009177,0.248258796616,0.756690137811,-0.194674940289,0.508431341194,rise
0.37,0.199422745845,0.00411396776682,0.250016944953,0.752950676242,-0.195308778078,0.502933731289,rise
0.38,0.200291567919,0.00441911373252,0.251828128021,0.748583688682,-0.195872454186,0.496755560662,rise
0.39,0.201116164376,0.00474835245939,0.253700585814,0.743665915505,-0.196367811917,0.489965329691,rise
0.4,0.201901687751,0.00510270130089,0.25564316688,0.738269627688,-0.19679898645,0.482626460809,rise
0.41,0.202655257998,0.00548312433934,0.257663707846,0.732462449823,-0.197172133658,0.474798741977,rise
0.42,0.203385371703,0.00589052683147,0.259767688869,0.726307271366,-0.197494844872,0.466539582497,rise
0.43,0.204100940059,0.00632574986234,0.261957327544,0.719862232445,-0.197775190196,0.457904904901,rise
0.44,0.20481017172,0.00678956522085,0.264231157515,0.713180772292,-0.198020606499,0.448949614777,rise
0.45,0.205519791581,0.00728267071922,0.266584129598,0.70631173022,-0.198237120862,0.439727600621,rise
0.46,0.206234814522,0.00780568597801,0.269008147349,0.699299489629,-0.198429128544,0.43029134228,rise
0.47,0.206958665618,0.00835914884565,0.271492838551,0.692184155718,-0.198599516772,0.420691317167,rise
0.48,0.207693430483,0.00894351293767,0.274026419256,0.685001757831,-0.198749917545,0.410975338575,rise
0.49,0.208440203106,0.0095591467989,0.276596582203,0.67778446807,-0.198881056307,0.401187885867,rise
0.5,0.209199412569,0.0102063344755,0.279191336535,0.670560829925,-0.198993078093,0.39136949339,rise
0.51,0.209970952224,0.0108852766997,0.281799815166,0.663355992661,-0.199085675524,0.381556177494,rise
0.52,0.210754187439,0.0115960923083,0.284413189345,0.656191948131,-0.199158095131,0.371778758785,rise
0.53,0.211547965645,0.0123388197332,0.28702565694,0.649087767249,-0.199209145911,0.362062110309,rise
0.54,0.212350532866,0.0131134180129,0.289635207079,0.642059833515,-0.199237114853,0.352424626436,rise
0.55,0.213159396928,0.0139197672519,0.292243887667,0.635122071262,-0.199239629676,0.342878183595,rise
0.56,0.213971423999,0.0147576696391,0.294857394768,0.628286166945,-0.199213754359,0.333428772176,rise
0.57,0.214783176097,0.0156268521234,0.297483881209,0.621561781679,-0.199156323974,0.32407790047,rise
0.58,0.215591168876,0.0165269707228,0.300132127369,0.614956752519,-0.199064198154,0.31482462515,rise
0.59,0.216391972169,0.0174576154321,0.302809397832,0.608477280968,-0.198934356737,0.305667883136,rise
0.6,0.217182356289,0.0184183147056,0.305519201103,0.602128109002,-0.198764041583,0.296608907899,rise
0.61,0.217959503727,0.0194085399508,0.308259106621,0.595912683147,-0.198550963777,0.287653576527,rise
0.62,0.218721186022,0.0204277106691,0.311019078964,0.589833306807,-0.198293475353,0.278814227843,rise
0.63,0.219465966987,0.0214751989774,0.313781023969,0.583891280946,-0.197990768009,0.270110256977,rise
0.64,0.220193405838,0.0225503326083,0.316519907922,0.578087033022,-0.19764307323,0.2615671251,rise
0.65,0.220904049574,0.0236523975363,0.319206156879,0.572420234379,-0.197251652037,0.2532140775,rise
0.66,0.221599247525,0.0247806410494,0.321808502321,0.566889907333,-0.196818606476,0.245081405012,rise
0.67,0.22228101027,0.0259342749714,0.324296346224,0.561494522656,-0.196346735299,0.237198176433,rise
0.68,0.222951852637,0.0271124786953,0.32664116733,0.556232086731,-0.195839373942,0.229590919402,rise
0.69,0.223614486,0.0283144021802,0.328817082926,0.551100218947,-0.195300083819,0.222283136021,rise
0.7,0.224271538392,0.0295391696385,0.330801021112,0.546096222079,-0.194732368754,0.215295200967,rise
0.71,0.224925464892,0.0307858839555,0.332573013673,0.541217147099,-0.194139580937,0.208644133426,rise
0.72,0.225578528081,0.0320536312857,0.334116957654,0.536459851269,-0.193524896795,0.202342893615,rise
0.73,0.226232776266,0.0333414857982,0.335421845765,0.531821048402,-0.192891290468,0.196399202637,rise
0.74,0.226890076221,0.0346485141627,0.336483095163,0.527297351744,-0.192241562059,0.190814256581,rise
0.75,0.227552093311,0.0359737792686,0.337303469286,0.52288531076,-0.191578314042,0.185581841474,rise
0.76,0.228220080924,0.0373163434255,0.337893287688,0.518581443634,-0.190903737499,0.180688155946,rise
0.77,0.228894664959,0.0386752709295,0.338269960218,0.514382266331,-0.19021939403,0.176112306113,rise
0.78,0.229575850367,0.0400496296362,0.338457021343,0.510284317069,-0.189526220731,0.171827295725,rise
0.79,0.230263087663,0.0414384921409,0.33848273504,0.506284175292,-0.188824595522,0.167801440252,rise
0.8,0.230955265853,0.0428409375271,0.338378287341,0.502378476529,-0.188114328326,0.164000189188,rise
0.81,0.231650881756,0.0442560536396,0.338175694151,0.498563924701,-0.187394828116,0.16038823055,rise
0.82,0.232348534222,0.0456829392902,0.33790570425,0.494837302097,-0.186665594931,0.156931597847,rise
0.83,0.233047575665,0.0471207064013,0.337596039058,0.491195477502,-0.185926869263,0.153599438444,rise
0.84,0.233748725512,0.0485684820932,0.33727016439,0.487635413782,-0.185180243419,0.150365249392,rise
0.85,0.234454438457,0.0500254103339,0.336946590385,0.484154174967,-0.184429028123,0.147207584582,rise
0.86,0.235168741981,0.051490653216,0.336638727666,0.480748931169,-0.183678088765,0.144110203503,rise
0.87,0.235896531747,0.052963392286,0.336355472905,0.477416960305,-0.182933139461,0.1410614874,rise
0.88,0.236642771399,0.0544428293793,0.336102580293,0.474155647989,-0.18219994202,0.138053067696,rise
0.89,0.237411928994,0.0559281857428,0.335884483769,0.470962487478,-0.181483743252,0.135078003709,rise
0.9,0.238207516328,0.0574187000844,0.335706017614,0.467835079635,-0.180788816244,0.132129062021,rise
0.91,0.239031634886,0.0589136277033,0.335573650623,0.464771131785,-0.180118007182,0.129197481162,rise
0.92,0.23988473184,0.0604122412552,0.335496083253,0.461768454734,-0.179472490585,0.126272371481,rise
0.93,0.240765602946,0.0619138321328,0.335484159266,0.458824958253,-0.178851770813,0.123340798987,rise
0.94,0.241671488427,0.0634177118871,0.33555015581,0.455938646528,-0.17825377654,0.120388490719,rise
0.95,0.242598348836,0.064923213947,0.335706634992,0.45310761506,-0.177675134889,0.117400980068,rise
0.96,0.243541391841,0.0664296955362,0.335965055228,0.450330048759,-0.177111696305,0.114364993531,rise
0.97,0.244495645031,0.0679365385253,0.336334387428,0.447604219707,-0.176559106506,0.111269832279,rise
0.98,0.245456499835,0.0694431486157,0.336820094017,0.444928483662,-0.17601335122,0.108108389645,rise
0.99,0.246420288571,0.0709489543373,0.337423722548,0.442301275191,-0.175471334233,0.104877552643,rise
1,0.247384665931,0.0724534070397,0.338143027354,0.439721102106,-0.174931258891,0.101578074753,rise
1.01,0.248348518949,0.0739559808287,0.338972328103,0.437186540403,-0.174392538121,0.0982142122994,rise
1.02,0.249311555673,0.0754561716215,0.339902835737,0.434696230297,-0.173855384052,0.0947933945595,rise
1.03,0.250273838259,0.0769534964866,0.340922783509,0.432248873019,-0.173320341772,0.0913260895101,rise
1.04,0.251235275155,0.0784474938639,0.342017463087,0.429843228033,-0.172787781291,0.0878257649459,rise
1.05,0.252195160502,0.0799377234084,0.343169636352,0.427478110682,-0.172257437094,0.0843084743308,rise
1.06,0.253152066592,0.0814237644823,0.344360873352,0.425152390407,-0.17172830211,0.0807915170555,rise
1.07,0.254104115359,0.0829052133918,0.345573937522,0.422864988799,-0.171198901967,0.0772910512769,rise
1.08,0.255049328649,0.0843816803622,0.346795692021,0.420614876062,-0.170667648287,0.073819184041,rise
1.09,0.255985958925,0.0858527881779,0.348019569984,0.418401065683,-0.170133170747,0.0703814956989,rise
1.1,0.256912770379,0.0873181735521,0.349246711109,0.416222608592,-0.169594596827,0.0669758974836,rise
1.11,0.257829003445,0.0887774900649,0.350485452127,0.414078588108,-0.16905151338,0.0635931359811,rise
1.12,0.258733951037,0.0902304104075,0.351749562401,0.411968116524,-0.168503540629,0.060218554123,rise
1.13,0.259626414679,0.0916766265224,0.353055915073,0.409890333641,-0.167949788157,0.0568344185678,rise
1.14,0.260504224396,0.0931158480403,0.354422133254,0.407844406567,-0.167388376355,0.0534222733132,rise
1.15,0.261363944169,0.0945478003223,0.355864485018,0.405829529772,-0.166816143847,0.0499650447538,rise
1.16,0.26220100058,0.0959722230317,0.357396158425,0.403844924908,-0.166228777549,0.0464487664838,rise
1.17,0.263010267722,0.0973888693137,0.359025952791,0.401889840794,-0.165621398408,0.0428638880026,rise
1.18,0.263786756221,0.0987975047668,0.360757345385,0.399963554005,-0.164989251455,0.0392062086201,rise
1.19,0.264526110914,0.100197905653,0.362587989756,0.398065369221,-0.164328205261,0.0354773794651,rise
1.2,0.265224975699,0.101589857324,0.364509777616,0.396194618065,-0.163635118376,0.0316848404486,rise
1.21,0.265881243431,0.102973154235,0.366509392682,0.394350656692,-0.162908089196,0.0278412640095,rise
1.22,0.266494003353,0.104347601729,0.368569192787,0.392532863525,-0.162146401623,0.0239636707379,rise
1.23,0.267063270929,0.105713018349,0.370668499422,0.390740638155,-0.161350252581,0.0200721387326,rise
1.24,0.267589825637,0.107069237117,0.372785420806,0.388973401554,-0.16052058852,0.0161879807484,rise
1.25,0.268075178858,0.108416105818,0.374899017294,0.387230597239,-0.159659073041,0.0123315799445,rise
1.26,0.268521503646,0.109753487695,0.376991347946,0.385511692877,-0.158768015951,0.00852034493083,rise
1.27,0.268931549591,0.111081263135,0.379048850484,0.383816181443,-0.157850286456,0.00476733095884,rise
1.28,0.26930854638,0.112399331198,0.381062636334,0.382143581428,-0.156909215182,0.00108094509384,rise
1.29,0.269655967516,0.113707609619,0.383027725707,0.38049343647,-0.155948357897,-0.0025342892376,rise
1.3,0.269977248507,0.115006033026,0.384941770023,0.37886531431,-0.154971215482,-0.00607645571214,rise
1.31,0.27027570967,0.116294549868,0.386803996926,0.377258804788,-0.153981159803,-0.00954519213864,rise
1.32,0.270554662207,0.117573118507,0.388614789549,0.375673517068,-0.1529815437,-0.0129412724812,rise
1.33,0.270817525384,0.118841703344,0.390375781018,0.37410907666,-0.15197582204,-0.0162667043577,rise
1.34,0.27106801624,0.120100272428,0.392090060417,0.372565122814,-0.150967743811,-0.0195249376032,rise
1.35,0.27131046065,0.121348797022,0.393762132848,0.371041306578,-0.149961663628,-0.0227208262702,rise
1.36,0.271549922097,0.122587252008,0.395397564655,0.369537289393,-0.148962670089,-0.0258602752618,rise
1.37,0.271791937603,0.123815615883,0.397002515323,0.368052741975,-0.147976321721,-0.0289497733476,rise
1.38,0.272042042166,0.125033870073,0.398583327338,0.36658734338,-0.147008172093,-0.0319959839581,rise
1.39,0.272305223842,0.126241998161,0.400146222274,0.365140780324,-0.146063225681,-0.03500544195,rise
1.4,0.272585326978,0.12743998556,0.40169709673,0.363712746716,-0.145145341418,-0.0379843500138,rise
1.41,0.272884568698,0.128627819426,0.403241289503,0.362302943042,-0.144256749272,-0.0409383464604,rise
1.42,0.273203297378,0.129805488839,0.404783134771,0.360911075045,-0.143397808539,-0.043872059726,rise
1.43,0.273539931064,0.130972985885,0.406325281624,0.35953685198,-0.142566945179,-0.0467884296435,rise
1.44,0.273891132462,0.132130307093,0.407867987616,0.358179985656,-0.141760825369,-0.0496880019602,rise
1.45,0.274252407668,0.13327745382,0.409408672801,0.356840190059,-0.140974953848,-0.052568482742,rise
1.46,0.274618982364,0.134414431939,0.410941929749,0.355517180331,-0.140204550424,-0.0554247494176,rise
1.47,0.274986509016,0.135541252376,0.412460057886,0.354210671496,-0.13944525664,-0.0582493863899,rise
1.48,0.27535147185,0.136657932142,0.413954064416,0.35292037829,-0.138693539709,-0.0610336861264,rise
1.49,0.275711459132,0.137764493726,0.41541487941,0.351646016388,-0.137946965407,-0.0637688630218,rise
1.5,0.276065242027,0.13886096268,0.416834384398,0.350387304404,-0.137204279347,-0.066447079994,rise
1.51,0.276412593204,0.139947365849,0.418205940953,0.349143965804,-0.136465227355,-0.0690619751493,rise
1.52,0.276754164006,0.141023731699,0.419524339564,0.347915730348,-0.135730432307,-0.0716086092152,rise
1.53,0.277091602303,0.142090092056,0.420785282256,0.346702335146,-0.135001510247,-0.0740829471101,rise
1.54,0.277427654562,0.143146483785,0.421984695983,0.345503524961,-0.134281170777,-0.0764811710217,rise
1.55,0.277766107756,0.144192948837,0.423118345421,0.344319051683,-0.133573158919,-0.0787992937378,rise
1.56,0.27811165464,0.14522953237,0.424182145268,0.34314867333,-0.132882122269,-0.0810334719383,rise
1.57,0.278469627147,0.146256280074,0.425173183687,0.341992153189,-0.132213347073,-0.0831810304981,rise
1.58,0.278845537575,0.147273235932,0.426091057587,0.340849259784,-0.131572301643,-0.0852417978031,rise
1.59,0.279244597514,0.148280441193,0.426938956253,0.33971976757,-0.130964156321,-0.0872191886835,rise
1.6,0.279671323655,0.149277934759,0.427723975881,0.338603457489,-0.130393388896,-0.089120518392,rise
1.61,0.280129115822,0.150265754553,0.428456438422,0.337500117057,-0.12986336127,-0.090956321365,rise
1.62,0.280619870857,0.15124393925,0.42914844422,0.336409540226,-0.129375931607,-0.0927389039947,rise
1.63,0.281143919283,0.15221253002,0.429812128251,0.335331527294,-0.128931389262,-0.0944806009564,rise
1.64,0.281700269559,0.153171572059,0.430458101551,0.334265885126,-0.1285286975,-0.0961922164258,rise
1.65,0.282286900004,0.154121115549,0.431094506056,0.333212427543,-0.128165784455,-0.0978820785138,rise
1.66,0.282901108736,0.155061215789,0.431726890373,0.332170975578,-0.127839892947,-0.0995559147945,rise
1.67,0.28353999085,0.155991932686,0.432358767425,0.331141357455,-0.127548058164,-0.101217409971,rise
1.68,0.284200776345,0.156913329922,0.432992489927,0.330123408193,-0.127287446424,-0.102869081734,rise
1.69,0.284880826154,0.157825473684,0.433630051407,0.329116968945,-0.12705535247,-0.104513082462,rise
1.7,0.285577440699,0.158728430585,0.434273487168,0.328121886547,-0.126849010113,-0.106151600621,rise
1.71,0.286287637928,0.159622265326,0.434924751547,0.327138013605,-0.126665372602,-0.107786737942,rise
1.72,0.287007955689,0.160507039514,0.435585322297,0.326165208716,-0.126500916175,-0.109420113581,rise
1.73,0.287734427122,0.161382812054,0.436256014955,0.32520333608,-0.126351615068,-0.111052678875,rise
1.74,0.288462817477,0.162249639887,0.43693727405,0.3242522644,-0.12621317759,-0.11268500965,rise
1.75,0.289188912816,0.163107577998,0.437629787945,0.323311865662,-0.126081334819,-0.114317922283,rise
1.76,0.289908646525,0.163956679384,0.438335138639,0.322382014242,-0.125951967141,-0.115953124397,rise
1.77,0.290618193016,0.164796995727,0.439056277102,0.32146258632,-0.12582119729,-0.117593690782,rise
1.78,0.291314105286,0.165628578305,0.439797583635,0.320553459157,-0.125685526981,-0.119244124478,rise
1.79,0.291993246775,0.166451479086,0.44056432775,0.319654509666,-0.125541767689,-0.120909818083,rise
1.8,0.292652522813,0.167265752036,0.441361596713,0.318765612746,-0.125386770778,-0.122595983967,rise
1.81,0.293288751533,0.168071454065,0.44219293907,0.317886640815,-0.125217297468,-0.124306298254,rise
1.82,0.293898725168,0.168868645493,0.443059071881,0.317017464781,-0.125030079675,-0.1260416071,rise
1.83,0.294479284985,0.169657390561,0.443957091885,0.316157955233,-0.124821894424,-0.127799136652,rise
1.84,0.295027387127,0.170437758405,0.444880560654,0.315307983281,-0.124589628722,-0.129572577373,rise
1.85,0.295540125467,0.171209824105,0.445820561479,0.314467420954,-0.124330301362,-0.131353140524,rise
1.86,0.296014591788,0.171973668944,0.446767498655,0.313636140848,-0.124040922844,-0.133131357808,rise
1.87,0.296447681646,0.172729379999,0.447713180179,0.31281401527,-0.123718301648,-0.134899164909,rise
1.88,0.296836088052,0.173477049648,0.448652594418,0.312000916028,-0.123359038404,-0.136651678389,rise
1.89,0.29717644244,0.174216774075,0.449584893081,0.311196715419,-0.122959668365,-0.138388177662,rise
1.9,0.297465468668,0.174948650061,0.450513490343,0.310401287715,-0.122516818607,-0.140112202629,rise
1.91,0.297700318103,0.175672771604,0.451445488099,0.309614509722,-0.1220275465,-0.141830978377,rise
1.92,0.297879226488,0.176389228281,0.45239067632,0.308836259923,-0.121489998207,-0.143554416397,rise
1.93,0.298002215285,0.17709810597,0.453360361094,0.308066417485,-0.120904109315,-0.145293943609,rise
1.94,0.298071546858,0.177799488636,0.454366275153,0.307304862246,-0.120272058222,-0.147061412908,rise
1.95,0.298091976389,0.178493458939,0.455419714086,0.306551475545,-0.11959851745,-0.14886823854,rise
1.96,0.298070809422,0.179180096982,0.456530898514,0.305806142055,-0.11889071244,-0.150724756459,rise
1.97,0.298017616414,0.179859478814,0.457708538115,0.305068752676,-0.118158137601,-0.152639785439,rise
1.98,0.29794361721,0.180531676227,0.458959531731,0.304339206928,-0.117411940983,-0.154620324803,rise
1.99,0.297860816672,0.1811967577,0.460288599691,0.303617413243,-0.116664058972,-0.156671186449,rise
2,0.297780905257,0.181854789937,0.461697655086,0.302903287698,-0.11592611532,-0.158794367388,rise
2.01,0.29771415684,0.182505839878,0.463184947922,0.302196752867,-0.115208316962,-0.160988195056,rise
2.02,0.297668737437,0.183149976186,0.464744266443,0.301497737616,-0.11451876125,-0.163246528827,rise
2.03,0.297650567877,0.183787269078,0.466364611172,0.300806176974,-0.113863298799,-0.165558434198,rise
2.04,0.29766357693,0.184417789109,0.468030625129,0.300122010741,-0.113245787821,-0.167908614388,rise
2.05,0.297710242982,0.185041606312,0.469723694083,0.299445181164,-0.11266863667,-0.170278512919,rise
2.06,0.297792360437,0.185658790455,0.471423310356,0.298775630975,-0.112133569982,-0.172647679381,rise
2.07,0.297911696224,0.186269412017,0.473108231133,0.298113302191,-0.111642284207,-0.174994928942,rise
2.08,0.298070224954,0.18687354284,0.474757263344,0.297458135552,-0.111196682114,-0.177299127793,rise
2.09,0.298270047634,0.187471255506,0.476349929228,0.29681007066,-0.110798792128,-0.179539858567,rise
2.1,0.298513129465,0.188062621438,0.477867360424,0.296169046056,-0.110450508027,-0.181698314369,rise
2.11,0.298800832852,0.188647709085,0.479293569311,0.295534998042,-0.110153123767,-0.183758571269,rise
2.12,0.299133441011,0.189226583043,0.480616914135,0.294907858596,-0.109906857968,-0.185709055539,rise
2.13,0.299509922479,0.189799303526,0.48183125044,0.294287553964,-0.109710618953,-0.187543696475,rise
2.14,0.299927822903,0.190365925552,0.482936289,0.293674004755,-0.109561897351,-0.189262284245,rise
2.15,0.300383123343,0.190926497945,0.483937015508,0.293067126958,-0.109456625397,-0.19086988855,rise
2.16,0.300870266723,0.191481063174,0.484842320507,0.292466832897,-0.109389203549,-0.19237548761,rise
2.17,0.301382529644,0.192029658738,0.485663160011,0.291873031284,-0.109352870906,-0.193790128727,rise
2.18,0.301912529836,0.192572319375,0.48641066578,0.291285626315,-0.109340210461,-0.195125039465,rise
2.19,0.302452719638,0.193109079205,0.487094634177,0.290704517191,-0.109343640434,-0.196390116986,rise
2.2,0.302996028976,0.193639973905,0.487722682126,0.290129599479,-0.109356055071,-0.197593082647,rise
2.21,0.303536639633,0.194165042867,0.488300071281,0.289560767974,-0.109371596766,-0.198739303306,rise
2.22,0.304070621931,0.194684330742,0.488830060644,0.288997919739,-0.109386291189,-0.199832140905,rise
2.23,0.304596390387,0.195197887824,0.489314797509,0.288440956253,-0.109398502563,-0.200873841256,rise
2.24,0.305114964542,0.195705769147,0.489756726174,0.28788978399,-0.109409195396,-0.201866942184,rise
2.25,0.305629718138,0.196208032553,0.490160153431,0.287344313772,-0.109421685585,-0.202815839659,rise
2.26,0.306145510788,0.196704736115,0.49053242086,0.286804460434,-0.109440774673,-0.203727960426,rise
2.27,0.30666759137,0.197195935652,0.490884155433,0.286270143499,-0.109471655719,-0.204614011934,rise
2.28,0.307200630882,0.197681683455,0.491228302277,0.285741287856,-0.109518947428,-0.20548701442,rise
2.29,0.307747969824,0.198162028489,0.491578208662,0.285217823664,-0.109585941336,-0.206360384998,rise
2.3,0.30831114946,0.198637017201,0.49194549114,0.284699685808,-0.109674132259,-0.207245805332,rise
2.31,0.308889724208,0.199106694476,0.492338380435,0.284186813269,-0.109783029732,-0.208151567166,rise
2.32,0.309481132107,0.199571105283,0.492760970918,0.283679148158,-0.109910026825,-0.20908182276,rise
2.33,0.310080588447,0.2000302969,0.493213614001,0.283176634266,-0.110050291547,-0.210036979735,rise
2.34,0.310681377828,0.200484320761,0.493694409981,0.282679216018,-0.110197057067,-0.211015193963,rise
2.35,0.311275728979,0.200933233376,0.49420127588,0.282186838428,-0.110342495603,-0.212014437452,rise
2.36,0.311855928019,0.201377096469,0.494733845725,0.281699447394,-0.110478831549,-0.213034398332,rise
2.37,0.312415321635,0.201815976462,0.495294665365,0.281216990152,-0.110599345173,-0.214077675213,rise
2.38,0.312949082375,0.202249943321,0.495889408108,0.280739416493,-0.110699139054,-0.215149991616,rise
2.39,0.313454513573,0.202679068764,0.496526102693,0.280266680273,-0.110775444809,-0.216259422419,rise
2.4,0.313930779114,0.203103423565,0.497213703272,0.279798740379,-0.110827355549,-0.217414962892,rise
2.41,0.314378356543,0.203523074152,0.497960443952,0.279335561212,-0.110855282391,-0.218624882739,rise
2.42,0.314798545707,0.20393807997,0.498772264835,0.278877112752,-0.110860465737,-0.219895152083,rise
2.43,0.315193132164,0.204348492731,0.499651519048,0.278423369882,-0.110844639433,-0.221228149166,rise
2.44,0.315564287616,0.204754356789,0.500596254001,0.27797431108,-0.110809930827,-0.222621942921,rise
2.45,0.315914710839,0.205155709755,0.501600342009,0.27752991657,-0.110759001084,-0.224070425439,rise
2.46,0.316247678458,0.205552583818,0.502654485289,0.277090166077,-0.11069509464,-0.225564319213,rise
2.47,0.316566681581,0.205945007795,0.503747848265,0.276655036851,-0.110621673785,-0.227092811415,rise
2.48,0.316874858724,0.206333009129,0.504869849979,0.276224502225,-0.110541849595,-0.228645347753,rise
2.49,0.317174635432,0.206716615549,0.50601145541,0.275798530174,-0.110458019882,-0.230212925236,rise
2.5,0.317467588839,0.207095856457,0.507165442834,0.275377081793,-0.110371732382,-0.231788361041,rise
2.51,0.317754443781,0.207470763824,0.508325698716,0.274960110191,-0.110283679957,-0.233365588525,rise
2.52,0.318035298892,0.207841372834,0.509486093634,0.274547560396,-0.110193926058,-0.234938533238,rise
2.53,0.318309976186,0.208207722742,0.510639502691,0.274139371056,-0.110102253443,-0.236500131635,rise
2.54,0.318578235956,0.208569857511,0.511777299817,0.273735477638,-0.110008378444,-0.238041822179,rise
2.55,0.318839967537,0.208927825433,0.512889494223,0.273335815148,-0.109912142104,-0.239553679075,rise
2.56,0.319095575978,0.209281678108,0.513965507717,0.272940319218,-0.109813897871,-0.241025188498,rise
2.57,0.319346403204,0.209631469549,0.514995393797,0.272548926549,-0.109714933655,-0.242446467248,rise
2.58,0.31959493479,0.20997725497,0.515971120831,0.272161575716,-0.10961767982,-0.243809545114,rise
2.59,0.319844767788,0.210319088923,0.516887407421,0.271778207587,-0.109525678864,-0.245109199834,rise
2.6,0.320100300032,0.210657023971,0.517741725596,0.271398764377,-0.109443276061,-0.246342961219,rise
2.61,0.320366063707,0.210991110504,0.518533535087,0.271023188048,-0.109374953204,-0.247510347039,rise
2.62,0.320645905791,0.211321396911,0.519263204378,0.270651419433,-0.10932450888,-0.248611784944,rise
2.63,0.32094234737,0.211647929805,0.519931018088,0.270283398495,-0.109294417565,-0.249647619594,rise
2.64,0.321256140985,0.211970754056,0.520536328123,0.269919065288,-0.109285386929,-0.250617262835,rise
2.65,0.321585996409,0.212289912004,0.521076773201,0.269558361366,-0.109296084404,-0.251518411835,rise
2.66,0.321928764212,0.212605442447,0.52154763343,0.269201231576,-0.109323321765,-0.252346401853,rise
2.67,0.322280138048,0.21291738036,0.52194158046,0.268847625823,-0.109362757688,-0.253093954637,rise
2.68,0.322635470009,0.213225757006,0.522249253812,0.26849749996,-0.109409713004,-0.253751753853,rise
2.69,0.32299046858,0.213530600064,0.52246098384,0.268150815013,-0.109459868515,-0.254310168826,rise
2.7,0.323341818808,0.213831934343,0.522569336291,0.267807534954,-0.109509884465,-0.254761801337,rise
2.71,0.323687611971,0.214129783569,0.52257151368,0.267467624617,-0.109557828402,-0.255103889063,rise
2.72,0.324027435791,0.214424172396,0.522470769634,0.267131048838,-0.109603263396,-0.255339720796,rise
2.73,0.32436223696,0.214715127213,0.522276650993,0.266797771973,-0.109647109747,-0.25547887902,rise
2.74,0.324694096731,0.215002675387,0.522004323929,0.266467757265,-0.109691421343,-0.255536566664,rise
2.75,0.325025841651,0.215286843471,0.521673291819,0.266140967064,-0.10973899818,-0.255532324755,rise
2.76,0.325360521221,0.215567655326,0.521305824141,0.265817364483,-0.109792865895,-0.255488459658,rise
2.77,0.325701004446,0.215845131385,0.520925443763,0.265496915441,-0.109855873061,-0.255428528322,rise
2.78,0.326049671688,0.216119289666,0.520555685163,0.265179589858,-0.109930382022,-0.255376095306,rise
2.79,0.326407949033,0.216390147853,0.520219148732,0.264865361908,-0.11001780118,-0.255353786824,rise
2.8,0.326775800825,0.216657725251,0.519936706493,0.264554209616,-0.110118075575,-0.255382496877,rise
2.81,0.327151531828,0.216922044557,0.519726548408,0.264246113544,-0.110229487271,-0.255480434864,rise
2.82,0.32753198925,0.217183133722,0.519602863235,0.26394105458,-0.110348855528,-0.255661808654,rise
2.83,0.327913143563,0.217441026605,0.519574409958,0.263639011568,-0.110472116957,-0.25593539839,rise
2.84,0.328291036074,0.217695761104,0.519643612148,0.263339959507,-0.11059527497,-0.256303652641,rise
2.85,0.328662752157,0.217947375673,0.519806727143,0.263043868998,-0.110715376484,-0.256762858144,rise
2.86,0.329026911895,0.21819590636,0.520055221584,0.262750707053,-0.110831005535,-0.257304514531,rise
2.87,0.329383587725,0.218441385827,0.520378015729,0.262460438667,-0.110942201898,-0.257917577062,rise
2.88,0.329733862369,0.218683844737,0.520763919384,0.262173028531,-0.111050017632,-0.258590890853,rise
2.89,0.330079099708,0.218923314054,0.521203484598,0.261888442388,-0.111155785654,-0.259315042211,rise
2.9,0.330420078888,0.219159826325,0.521689766933,0.261606647728,-0.111260252563,-0.260083119205,rise
2.91,0.330756419833,0.219393415992,0.522217970245,0.261327613734,-0.111363003841,-0.260890356511,rise
2.92,0.331086499679,0.219624119569,0.522784314458,0.261051310673,-0.111462380111,-0.261733003785,rise
2.93,0.331407644661,0.219851975562,0.523384717463,0.260777709633,-0.111555669099,-0.26260700783,rise
2.94,0.331716501992,0.220077023728,0.524013969148,0.260506783412,-0.111639478264,-0.263507185736,rise
2.95,0.332009639513,0.220299303595,0.524665723248,0.26023850802,-0.111710335918,-0.264427215228,rise
2.96,0.332284136176,0.220518853074,0.525333083052,0.259972863846,-0.111765283102,-0.265360219206,rise
2.97,0.332537909901,0.220735708309,0.526009307852,0.259709836229,-0.111802201592,-0.266299471623,rise
2.98,0.332769871085,0.220949904482,0.526688264662,0.259449415486,-0.111819966603,-0.267238849176,rise
2.99,0.332980011839,0.22116147634,0.527364459585,0.259191596339,-0.111818535499,-0.268172863245,rise
3,0.333169347486,0.221370458777,0.52803270151,0.258936376798,-0.111798888709,-0.269096324712,rise
3.01,0.333339725874,0.221576888625,0.528687669973,0.258683756623,-0.111762837248,-0.27000391335,rise
3.02,0.333493685271,0.221780807195,0.529323702473,0.258433735408,-0.111712878076,-0.270889967065,rise
3.03,0.333634341649,0.221982261905,0.529934900508,0.258186310609,-0.111652079745,-0.2717485899,rise
3.04,0.333765121672,0.222181306247,0.530515484286,0.257941476284,-0.111583815426,-0.272574008002,rise
3.05,0.33388942977,0.222377998681,0.531060386284,0.257699222805,-0.111511431089,-0.27336116348,rise
3.06,0.334010443693,0.222572401048,0.531566105755,0.257459537022,-0.111438042645,-0.274106568733,rise
3.07,0.334130916362,0.2227645767,0.532031703838,0.257222402239,-0.111366339663,-0.274809301599,rise
3.08,0.334252881209,0.222954588236,0.532459730749,0.256987797914,-0.111298292973,-0.275471932835,rise
3.09,0.334377450673,0.223142494604,0.532856897317,0.256755699118,-0.111234956069,-0.2761011982,rise
3.1,0.334504739881,0.223328348341,0.533234298194,0.256526075708,-0.11117639154,-0.276708222487,rise
3.11,0.334633779432,0.223512194476,0.53360705915,0.256298891747,-0.111121584956,-0.277308167403,rise
3.12,0.334762542231,0.22369407148,0.533993456365,0.256074105591,-0.111068470751,-0.277919350773,rise
3.13,0.334888238849,0.223874013237,0.534413703885,0.255851670468,-0.111014225611,-0.278562033417,rise
3.14,0.335007757479,0.224052050738,0.534888638766,0.25563153566,-0.110955706741,-0.279257103106,rise
3.15,0.335118176495,0.224228212921,0.535438379385,0.255413648444,-0.110889963574,-0.280024730942,rise
3.16,0.335217402402,0.224402526482,0.536080834841,0.25519795598,-0.11081487592,-0.28088287886,rise
3.17,0.335304694055,0.224575014821,0.536830053759,0.25498440672,-0.110729679234,-0.281845647039,rise
3.18,0.33538068642,0.224745697038,0.537694770284,0.254772952291,-0.110634989383,-0.282921817994,rise
3.19,0.335446961143,0.224914587813,0.538677717309,0.254563550064,-0.11053237333,-0.284114167244,rise
3.2,0.335505505796,0.22508169786,0.539776042859,0.254356165216,-0.110423807936,-0.285419877643,rise
3.21,0.335558127041,0.225247034041,0.540982514726,0.254150771548,-0.110311093001,-0.286831743178,rise
3.22,0.335605799717,0.22541059897,0.542286705761,0.253947350963,-0.110195200747,-0.288339354798,rise
3.23,0.335648270714,0.225572391434,0.543675499409,0.253745891365,-0.11007587928,-0.289929608044,rise
3.24,0.335684139119,0.225732408281,0.5451327516,0.253546383241,-0.109951730837,-0.291586368358,rise
3.25,0.335711194213,0.225890646138,0.546638495282,0.25334881625,-0.109820548075,-0.293289679032,rise
3.26,0.335726800056,0.226047101539,0.548168500791,0.253153177115,-0.109679698517,-0.295015323676,rise
3.27,0.335728261837,0.226201770214,0.54969488233,0.252959448948,-0.109526491624,-0.296735433382,rise
3.28,0.335713026642,0.226354646917,0.551187805652,0.252767611517,-0.109358379725,-0.298420194135,rise
3.29,0.335678714237,0.226505726343,0.552617779344,0.252577642156,-0.109172987895,-0.300040137188,rise
3.3,0.335623250912,0.226655004779,0.55395783613,0.252389516981,-0.108968246133,-0.30156831915,rise
3.31,0.335545199715,0.226802481654,0.555185100123,0.252203211846,-0.108742718061,-0.302981888277,rise
3.32,0.335444018175,0.226948160025,0.556281647701,0.252018702594,-0.108495858151,-0.304262945106,rise
3.33,0.335320116081,0.227092045394,0.557234951494,0.251835964852,-0.108228070687,-0.305398986643,rise
3.34,0.335174936843,0.227234143495,0.558038228509,0.251654973963,-0.107940793348,-0.306383254546,rise
3.35,0.335011124054,0.227374458738,0.558690684152,0.25147570511,-0.107636665316,-0.307214979042,rise
3.36,0.334832542034,0.227512994155,0.559197415716,0.251298133276,-0.107319547879,-0.30789928244,rise
3.37,0.334644111584,0.227649752236,0.559568917728,0.251122233051,-0.106994359348,-0.308446684678,rise
3.38,0.334451556246,0.227784735978,0.55982035454,0.25094797868,-0.106666820268,-0.30887237586,rise
3.39,0.334260998919,0.22791794977,0.559970715478,0.250775344738,-0.106343049148,-0.30919537074,rise
3.4,0.334078502619,0.228049399669,0.560041807283,0.250604307245,-0.10602910295,-0.309437500038,rise
3.41,0.333909826796,0.228179093362,0.560056888715,0.250434844547,-0.105730733435,-0.309622044169,rise
3.42,0.333760352599,0.228307040595,0.560038847121,0.250266937563,-0.105453312004,-0.309771909557,rise
3.43,0.33363488609,0.228433253946,0.560008338229,0.25010056957,-0.105201632144,-0.309907768659,rise
3.44,0.333537315723,0.228557749345,0.559982720745,0.249935725577,-0.104979566378,-0.310046995168,rise
3.45,0.333470315234,0.228680545937,0.559976304002,0.249772391294,-0.104789769297,-0.310203912708,rise
3.46,0.333435143937,0.22880166532,0.560001626831,0.249610552476,-0.104633478617,-0.310391074355,rise
3.47,0.33343161753,0.228921130802,0.560070923162,0.249450195647,-0.104510486728,-0.310620727514,rise
3.48,0.333458468351,0.229038967145,0.560196871354,0.249291309594,-0.104419501205,-0.31090556176,rise
3.49,0.333513996433,0.229155200492,0.560392028194,0.249133885851,-0.104358795941,-0.311258142343,rise
3.5,0.333596535821,0.229269858305,0.560666974856,0.248977917389,-0.104326677516,-0.311689057467,rise
3.51,0.333704548904,0.229382969554,0.561027885255,0.248823396453,-0.104321579349,-0.312204488803,rise
3.52,0.333836567659,0.229494565078,0.5614744213,0.24867031321,-0.104342002581,-0.31280410809,rise
3.53,0.333991088387,0.229604678091,0.5619985393,0.248518655384,-0.104386410296,-0.313479883916,rise
3.54,0.334166435125,0.229713344945,0.562584436462,0.248368407828,-0.10445309018,-0.314216028634,rise
3.55,0.334360746507,0.229820605368,0.563209627361,0.24821955178,-0.104540141139,-0.314990075581,rise
3.56,0.334572086305,0.229926501551,0.563846940623,0.248072064384,-0.104645584754,-0.315774876239,rise
3.57,0.334798471104,0.230031076824,0.564467107153,0.24792591912,-0.10476739428,-0.316541188033,rise
3.58,0.335037813304,0.230134374436,0.565041548601,0.247781087456,-0.104903438868,-0.317260461145,rise
3.59,0.335287963054,0.230236435949,0.565544933408,0.2476375412,-0.105051527105,-0.317907392208,rise
3.6,0.335546814618,0.230337299347,0.565957058331,0.247495254584,-0.105209515271,-0.318461803747,rise
3.61,0.335812289854,0.230436997417,0.566263725673,0.247354205615,-0.105375292438,-0.318909520058,rise
3.62,0.336082265022,0.230535556834,0.566456595756,0.247214376914,-0.105546708188,-0.319242218842,rise
3.63,0.336354605056,0.230632998409,0.566532325404,0.247075756169,-0.105721606647,-0.319456569234,rise
3.64,0.336627185545,0.230729338599,0.566491487444,0.246938335906,-0.105897846946,-0.319553151539,rise
3.65,0.336897812663,0.230824591701,0.566337699639,0.246802112494,-0.106073220963,-0.319535587145,rise
3.66,0.337164293006,0.230918771407,0.56607705044,0.246667084706,-0.106245521599,-0.319409965733,rise
3.67,0.337424773085,0.231011890738,0.565717625917,0.246533252446,-0.106412882348,-0.319184373471,rise
3.68,0.337678123686,0.231103961044,0.565268943116,0.246400615804,-0.106574162642,-0.318868327312,rise
3.69,0.337924235528,0.231194991584,0.564741222633,0.246269173847,-0.106729243944,-0.318472048785,rise
3.7,0.338164181749,0.231284989881,0.564144576543,0.246138923096,-0.106879191868,-0.318005653447,rise
3.71,0.338400093231,0.231373962137,0.563488310203,0.246009856532,-0.107026131094,-0.317478453671,rise
3.72,0.338634769272,0.231461913424,0.562780566332,0.245881963548,-0.107172855847,-0.316898602784,rise
3.73,0.338871294313,0.231548847604,0.562028444125,0.245755230674,-0.107322446709,-0.316273213451,rise
3.74,0.33911273913,0.23163476707,0.561238520075,0.245629642642,-0.10747797206,-0.315608877433,rise
3.75,0.339361767953,0.231719672574,0.560417523653,0.245505183165,-0.107642095379,-0.314912340488,rise
3.76,0.339620194001,0.231803562987,0.559572940517,0.245381835058,-0.107816631014,-0.31419110546,rise
3.77,0.339888717431,0.231886434915,0.558713399088,0.245259579787,-0.108002282517,-0.3134538193,rise
3.78,0.340166832892,0.231968282834,0.557848692767,0.245138396932,-0.108198550058,-0.312710295835,rise
3.79,0.340452880312,0.232049100088,0.556989424725,0.24501826405,-0.108403780224,-0.311971160675,rise
3.8,0.340744470577,0.232128880517,0.5561465542,0.244899157077,-0.10861559006,-0.311247397123,rise
3.81,0.341039252018,0.232207620596,0.555331149639,0.244781050865,-0.108831631422,-0.310550098774,rise
3.82,0.341335568981,0.232285321211,0.554554403949,0.244663919792,-0.10905024777,-0.309890484157,rise
3.83,0.341632768021,0.232361987852,0.553827740462,0.244547738824,-0.109270780168,-0.309280001638,rise
3.84,0.341931181684,0.232437629253,0.553162653933,0.244432485062,-0.109493552431,-0.308730168871,rise
3.85,0.342231737607,0.232512255428,0.552569892855,0.244318139043,-0.109719482179,-0.308251753812,rise
3.86,0.342535266327,0.232585876013,0.552057894172,0.244204685265,-0.109949390314,-0.307853208907,rise
3.87,0.342841914142,0.232658499609,0.551630870676,0.244092112164,-0.110183414533,-0.307538758512,rise
3.88,0.343150945432,0.232730134272,0.551287216668,0.243980411894,-0.11042081116,-0.307306804773,rise
3.89,0.343460799447,0.232800788488,0.55101878534,0.243869579939,-0.110660010959,-0.3071492054,rise
3.9,0.343769262581,0.232870472236,0.550811297011,0.243759614644,-0.110898790345,-0.307051682367,rise
3.91,0.3440738169,0.232939198099,0.550645751648,0.243650516999,-0.111134618801,-0.306995234649,rise
3.92,0.344372050148,0.233006981616,0.550500370653,0.243542290961,-0.111365068532,-0.306958079692,rise
3.93,0.344661876134,0.233073840237,0.550352591222,0.243434943878,-0.111588035897,-0.306917647344,rise
3.94,0.344941597067,0.233139791735,0.550180913807,0.243328486368,-0.111801805332,-0.306852427439,rise
3.95,0.345209957646,0.233204852885,0.549966581243,0.243222931766,-0.112005104761,-0.306743649477,rise
3.96,0.3454661867,0.233269038279,0.549695025744,0.243118295708,-0.112197148421,-0.306576730036,rise
3.97,0.345710115239,0.233332359326,0.549356925594,0.243014595893,-0.112377755913,-0.306342329701,rise
3.98,0.345942493826,0.233394824014,0.548948700523,0.242911851425,-0.112547669812,-0.306036849098,rise
3.99,0.346165256128,0.23345643748,0.548472354623,0.242810081229,-0.112708818648,-0.305662273395,rise
4,0.346381337118,0.233517202121,0.5479347609,0.242709301776,-0.112864134996,-0.305225459123,rise
4.01,0.346594053556,0.233577116398,0.547346662686,0.242609524595,-0.113016937158,-0.304737138091,rise
4.02,0.346806371326,0.23363617366,0.546721622076,0.242510754378,-0.113170197666,-0.304210867698,rise
4.03,0.347020305402,0.233694362631,0.546074997369,0.242412988402,-0.113325942771,-0.303662008967,rise
4.04,0.34723660981,0.233751669052,0.545423070707,0.242316217094,-0.113484940758,-0.303106853613,rise
4.05,0.347454936168,0.23380807667,0.544782499598,0.242220425305,-0.113646859499,-0.302562074293,rise
4.06,0.347674408215,0.233863567525,0.544170107744,0.242125593953,-0.11381084069,-0.30204451379,rise
4.07,0.347894267154,0.233918122972,0.543602878226,0.242031701489,-0.113976144183,-0.301571176737,rise
4.08,0.348114351019,0.23397172508,0.543097992762,0.241938724854,-0.114142625939,-0.301159267907,rise
4.09,0.348335338909,0.234024357101,0.542672722031,0.241846640124,-0.114310981808,-0.300826081907,rise
4.1,0.348558604683,0.234076003637,0.542343958428,0.24175542309,-0.114482601046,-0.300588535337,rise
4.11,0.34878566391,0.23412665172,0.542127345739,0.241665049776,-0.11465901219,-0.300462295963,rise
4.12,0.349017537327,0.23417629251,0.542036167884,0.241575496769,-0.114841244817,-0.300460671115,rise
4.13,0.349254262103,0.234224923184,0.542080228479,0.241486741594,-0.115029338919,-0.300593486886,rise
4.14,0.349494518207,0.234272548991,0.542264975996,0.241398763059,-0.115221969216,-0.300866212937,rise
4.15,0.349735446397,0.234319184991,0.542591179022,0.241311541066,-0.115416261407,-0.301279637956,rise
4.16,0.349972847525,0.234364856412,0.54305530271,0.241225055944,-0.115607991113,-0.301830246765,rise
4.17,0.350201676413,0.234409596827,0.543650305148,0.241139288003,-0.115792079586,-0.302511017145,rise
4.18,0.35041653425,0.234453444788,0.544366264925,0.24105421762,-0.115963089462,-0.303312047306,rise
4.19,0.35061208617,0.234496440646,0.54519044072,0.240969825504,-0.116115645524,-0.304220615216,rise
4.2,0.350783444891,0.234538624647,0.546106895816,0.240886092812,-0.116244820244,-0.305220803004,rise
4.21,0.350926365778,0.234580036136,0.547096191306,0.240803001062,-0.116346329642,-0.306293190244,rise
4.22,0.351037252137,0.234620713167,0.548135625521,0.240720531943,-0.11641653897,-0.307415093578,rise
4.23,0.351113284994,0.234660692185,0.549200197196,0.240638667145,-0.11645259281,-0.308561530051,rise
4.24,0.351152705047,0.234700007764,0.550264121924,0.240557388637,-0.116452697283,-0.309706733287,rise
4.25,0.351154930574,0.234738692269,0.551302633826,0.240476679423,-0.116416238305,-0.310825954403,rise
4.26,0.351120447707,0.234776775214,0.552293887873,0.240396523903,-0.116343672493,-0.31189736397,rise
4.27,0.351050622527,0.234814282025,0.553220712056,0.240316907591,-0.116236340502,-0.312903804465,rise
4.28,0.350947451138,0.234851232694,0.554071848606,0.240237817409,-0.116096218444,-0.313834031198,rise
4.29,0.350813276382,0.234887641387,0.554842392992,0.240159242955,-0.115925634995,-0.314683150037,rise
4.3,0.350650628277,0.234923516987,0.555533344787,0.240081177879,-0.11572711129,-0.315452166907,rise
4.31,0.350462207049,0.234958863752,0.556150416507,0.240003620743,-0.115503343298,-0.316146795764,rise
4.32,0.350250854039,0.234993682128,0.556702441557,0.239926574969,-0.115257171911,-0.316775866589,rise
4.33,0.350019564279,0.235027970056,0.557199833101,0.239850047813,-0.114991594223,-0.317349785288,rise
4.34,0.349771735234,0.235061724316,0.557653455654,0.239774049201,-0.114710010917,-0.317879406453,rise
4.35,0.349511473594,0.235094941508,0.558073979012,0.239698591009,-0.114416532087,-0.318375388003,rise
4.36,0.349243629027,0.235127618937,0.558471577804,0.239623686484,-0.11411601009,-0.31884789132,rise
4.37,0.348973601077,0.23515975531,0.558855851033,0.239549349617,-0.113813845767,-0.319306501416,rise
4.38,0.348707041284,0.235191350591,0.559235839625,0.239475594884,-0.113515690693,-0.319760244742,rise
4.39,0.348449378559,0.235222405393,0.559620016011,0.239402437206,-0.113226973166,-0.320217578805,rise
4.4,0.348205274251,0.235252920694,0.560016181404,0.239329891462,-0.112952353557,-0.320686289943,rise
4.41,0.347978263376,0.235282897832,0.560431137592,0.239257971244,-0.112695365544,-0.321173166348,rise
4.42,0.347770616366,0.235312338249,0.560869962875,0.239186687185,-0.112458278117,-0.32168327569,rise
4.43,0.347583415529,0.235341242995,0.56133499161,0.239116045176,-0.112242172534,-0.322218946435,rise
4.44,0.347416992415,0.235369612597,0.561824845758,0.239046044943,-0.112047379818,-0.322778800815,rise
4.45,0.347271625607,0.235397447703,0.562333783989,0.238976679624,-0.111874177904,-0.323357104365,rise
4.46,0.347148020955,0.235424750282,0.562851459724,0.238907936334,-0.111723270673,-0.32394352339,rise
4.47,0.347047271404,0.2354515248,0.563363192652,0.238839797026,-0.111595746604,-0.324523395626,rise
4.48,0.346970452152,0.23547777881,0.56385090133,0.238772239392,-0.111492673342,-0.325078661938,rise
4.49,0.346918097169,0.235503522838,0.564294675853,0.238705238167,-0.111414574331,-0.325589437686,rise
4.5,0.346889702354,0.235528769902,0.564674800464,0.238638766581,-0.111360932452,-0.326036033883,rise
4.51,0.346883516531,0.235553535013,0.564973992895,0.238572797381,-0.111329981518,-0.326401195513,rise
4.52,0.346896812113,0.235577834853,0.565179456093,0.238507303641,-0.111318977261,-0.326672152452,rise
4.53,0.346926417686,0.235601687306,0.565284216293,0.238442259727,-0.11132473038,-0.326841956566,rise
4.54,0.346969244169,0.235625109961,0.565287495962,0.238377642121,-0.111344134208,-0.326909853841,rise
4.55,0.347022758743,0.235648117993,0.565194224954,0.238313429959,-0.11137464075,-0.326880794994,rise
4.56,0.347085282943,0.235670723256,0.565013907456,0.238249605374,-0.111414559687,-0.326764302082,rise
4.57,0.347155971947,0.235692934652,0.564759135151,0.238186153435,-0.111463037295,-0.326572981716,rise
4.58,0.347234626218,0.235714758288,0.564444120323,0.23812306129,-0.11151986793,-0.326321059033,rise
4.59,0.347321571686,0.235736197746,0.564083577161,0.238060316878,-0.11158537394,-0.326023260283,rise
4.6,0.34741757643,0.235757255101,0.563692138265,0.237997908254,-0.111660321329,-0.325694230012,rise
4.61,0.347523731047,0.235777931688,0.563284304712,0.237935823712,-0.111745799359,-0.325348481,rise
4.62,0.347641480139,0.235798227762,0.562874700083,0.237874052253,-0.111843252377,-0.325000647831,rise
4.63,0.347772862821,0.235818141079,0.562478246148,0.237812584195,-0.111954721742,-0.324665661953,rise
4.64,0.347920614121,0.235837665567,0.562109949738,0.237751411602,-0.112082948554,-0.324358538136,rise
4.65,0.348087889405,0.235856791864,0.56178419805,0.237690528285,-0.11223109754,-0.324093669765,rise
4.66,0.348277735866,0.235875509694,0.56151364313,0.237629929652,-0.112402226172,-0.323883713478,rise
4.67,0.348492453045,0.235893810157,0.561307930126,0.237569612705,-0.112598642888,-0.323738317421,rise
4.68,0.348733004526,0.235911686589,0.561172600574,0.237509576242,-0.112821317937,-0.323663024332,rise
4.69,0.348998762117,0.235929134039,0.561108381771,0.237449821362,-0.113069628078,-0.323658560409,rise
4.7,0.34928764414,0.235946148614,0.561110939661,0.237390351961,-0.113341495527,-0.323720587701,rise
4.71,0.349596413972,0.235962727997,0.56117114743,0.237331174391,-0.113633685975,-0.323839973039,rise
4.72,0.349921017723,0.235978872542,0.561275897656,0.237272296085,-0.113942145181,-0.324003601571,rise
4.73,0.35025703311,0.235994585293,0.561409456232,0.237213724247,-0.114262447817,-0.324195731985,rise
4.74,0.350600141498,0.236009870707,0.561555287032,0.237155465703,-0.114590270791,-0.324399821329,rise
4.75,0.350946406435,0.236024733002,0.561698042406,0.237097527487,-0.114921673433,-0.324600514919,rise
4.76,0.351292361434,0.236039174805,0.561825203514,0.237039917171,-0.11525318663,-0.324785286343,rise
4.77,0.351634991755,0.236053196431,0.561927938767,0.236982642963,-0.115581795324,-0.324945295804,rise
4.78,0.351971550347,0.236066795974,0.562001101384,0.236925713687,-0.115904754373,-0.325075387697,rise
4.79,0.352299288235,0.236079970171,0.562042700285,0.236869138363,-0.116219318063,-0.325173561923,rise
4.8,0.352615364903,0.23609271566,0.562053287508,0.236812925418,-0.116522649242,-0.325240362091,rise
4.81,0.352916943498,0.236105030051,0.562035399292,0.236757082091,-0.116811913446,-0.3252783172,rise
4.82,0.353201286265,0.236116912688,0.56199292933,0.236701614354,-0.117084373577,-0.325291314975,rise
4.83,0.353465921116,0.236128365206,0.561930339256,0.236646526803,-0.117337555909,-0.325283812453,rise
4.84,0.353708998004,0.236139391572,0.561851721065,0.236591822073,-0.117569606432,-0.325259898992,rise
4.85,0.353929684782,0.236149997366,0.561759886907,0.236537500502,-0.117779687416,-0.325222386405,rise
4.86,0.354128485659,0.236160188572,0.561655814168,0.236483560901,-0.117968297086,-0.325172253267,rise
4.87,0.354307523204,0.23616997044,0.561538729014,0.236430002039,-0.118137552764,-0.325108726975,rise
4.88,0.354470620659,0.236179346986,0.56140689139,0.236376823851,-0.118291273674,-0.325030067539,rise
4.89,0.354622869481,0.23618832133,0.561258829525,0.236324028047,-0.118434548151,-0.324934801478,rise
4.9,0.35476973475,0.236196896522,0.561094526109,0.23627161834,-0.118572838228,-0.324822907769,rise
4.91,0.354916108771,0.236205076361,0.560916046202,0.236219600222,-0.11871103241,-0.32469644598,rise
4.92,0.355065565751,0.236212865858,0.560727267851,0.236167980599,-0.118852699893,-0.324559287252,rise
4.93,0.355219914396,0.236220271051,0.560532795084,0.236116767787,-0.118999643345,-0.324416027297,rise
4.94,0.355379246508,0.23622729807,0.560336620432,0.236065971276,-0.119151948438,-0.324270649156,rise
4.95,0.355542457132,0.236233952098,0.560141167552,0.236015600245,-0.119308505034,-0.324125567307,rise
4.96,0.355707829735,0.236240237298,0.559947091815,0.235965660782,-0.119467592438,-0.323981431033,rise
4.97,0.355873382793,0.236246157687,0.559753947621,0.235916153026,-0.119627225107,-0.323837794595,rise
4.98,0.356036928755,0.236251718349,0.559561490844,0.23586706977,-0.119785210406,-0.323694421074,rise
4.99,0.356195830339,0.236256926145,0.559371141786,0.235818397001,-0.119938904194,-0.323552744785,rise
5,0.356346601926,0.236261789195,0.559187170316,0.235770115979,-0.120084812731,-0.323417054337,rise
5.01,0.356484773406,0.236266315979,0.559017328859,0.235722206224,-0.120218457427,-0.323295122635,rise
5.02,0.356605300836,0.23627051511,0.558872829616,0.235674648478,-0.120334785725,-0.323198181138,rise
5.03,0.356703336521,0.236274395299,0.558767680557,0.235627426626,-0.120428941222,-0.323140253931,rise
5.04,0.356775009381,0.236277965164,0.558717456966,0.235580528367,-0.120497044218,-0.323136928599,rise
5.05,0.356818031363,0.236281233259,0.558737631936,0.235533944758,-0.120536798104,-0.323203687178,rise
5.06,0.356831934462,0.236284208097,0.55884165508,0.235487669298,-0.120547726365,-0.323353985781,rise
5.07,0.35681779158,0.236286897777,0.559039133542,0.235441697336,-0.120530893803,-0.323597436206,rise
5.08,0.35677764494,0.236289309536,0.559334539132,0.235396025366,-0.120488335404,-0.323938513767,rise
5.09,0.356713976041,0.236291449753,0.559726610087,0.235350649697,-0.120422526287,-0.324375960391,rise
5.1,0.356629282495,0.236293324465,0.560208448168,0.235305565335,-0.12033595803,-0.324902882833,rise
5.11,0.356525803845,0.236294939643,0.560768498662,0.235260765843,-0.120230864203,-0.325507732819,rise
5.12,0.356405553478,0.236296300764,0.561392503636,0.235216244064,-0.120109252714,-0.326176259572,rise
5.13,0.356270609878,0.236297412597,0.562065927514,0.23517199336,-0.119973197281,-0.326893934154,rise
5.14,0.356123465313,0.236298280006,0.562776018885,0.235128008658,-0.119825185307,-0.327648010227,rise
5.15,0.355967390235,0.236298909317,0.563512931289,0.235084286745,-0.119668480918,-0.328428644544,rise
5.16,0.355806774575,0.236299309624,0.564269873215,0.235040826028,-0.119507464951,-0.329229047188,rise
5.17,0.355647159343,0.236299493548,0.56504274238,0.234997626139,-0.119347665795,-0.33004511624,rise
5.18,0.355494779417,0.236299476594,0.565829774849,0.234954687554,-0.119195302823,-0.330875087294,rise
5.19,0.355355905529,0.236299275066,0.566631362109,0.234912011359,-0.119056630463,-0.33171935075,rise
5.2,0.355236327817,0.236298903966,0.567449769119,0.234869599199,-0.11893742385,-0.33258016992,rise
5.21,0.355141012423,0.236298376169,0.568288433641,0.234827453205,-0.118842636255,-0.333460980436,rise
5.22,0.355073962717,0.236297702663,0.569150824002,0.234785575774,-0.118776260054,-0.334365248229,rise
5.23,0.355038336619,0.236296892908,0.570039106506,0.234743969152,-0.118741443711,-0.335295137353,rise
5.24,0.35503655174,0.236295954848,0.57095295518,0.234702634856,-0.118740596891,-0.336250320324,rise
5.25,0.355070129212,0.236294894851,0.571888788442,0.234661573173,-0.118775234361,-0.337227215268,rise
5.26,0.35513945996,0.236293717965,0.572839510756,0.234620782832,-0.118845741996,-0.338218727924,rise
5.27,0.355243700788,0.236292428305,0.573794621067,0.234580260434,-0.118951272484,-0.339214360633,rise
5.28,0.355380751869,0.236291029156,0.574740550783,0.234539999504,-0.119089722713,-0.340200551279,rise
5.29,0.355547334731,0.236289523105,0.575661228055,0.234499989803,-0.119257811627,-0.341161238252,rise
5.3,0.355739265862,0.23628791261,0.576538970685,0.234460217714,-0.119451353252,-0.342078752971,rise
5.31,0.355951763543,0.236286200364,0.577355843991,0.234420667584,-0.119665563178,-0.342935176407,rise
5.32,0.356179541117,0.236284388889,0.578095543245,0.234381323242,-0.119895152228,-0.343714220003,rise
5.33,0.356416815709,0.236282479832,0.578745576015,0.234342169244,-0.120134335877,-0.344403406772,rise
5.34,0.356657538727,0.236280473205,0.579299169501,0.234303191987,-0.120377065522,-0.344995977514,rise
5.35,0.356895823039,0.236278366682,0.579756367677,0.234264380755,-0.120617456357,-0.345491986922,rise
5.36,0.3571263883,0.236276155646,0.580124196558,0.234225728469,-0.120850232654,-0.345898468088,rise
5.37,0.357345010971,0.236273833941,0.580415978975,0.234187232082,-0.12107117703,-0.346228746892,rise
5.38,0.357548874844,0.236271394435,0.580649780649,0.234148892709,-0.121277480409,-0.34650088794,rise
5.39,0.357736614433,0.236268829322,0.580846066643,0.234110715428,-0.12146778511,-0.346735351215,rise
5.4,0.357908099308,0.236266130579,0.581024988157,0.234072708459,-0.121641968729,-0.346952279698,rise
5.41,0.358064090906,0.23626329039,0.581203870794,0.234034881925,-0.121800800516,-0.347168988869,rise
5.42,0.358205749955,0.236260301448,0.58139538298,0.233997246774,-0.121945448507,-0.347398136207,rise
5.43,0.358334162334,0.236257157443,0.58160673401,0.233959813901,-0.12207700489,-0.347646920109,rise
5.44,0.358450251881,0.236253853486,0.581840020921,0.233922593288,-0.122196398395,-0.347917427632,rise
5.45,0.358555064768,0.236250385979,0.582093395831,0.233885593448,-0.122304678789,-0.348207802382,rise
5.46,0.358650017703,0.236246752073,0.582362390656,0.233848821433,-0.12240326563,-0.348513569223,rise
5.47,0.358736965305,0.236242949056,0.582640880298,0.233812283029,-0.122494016249,-0.348828597268,rise
5.48,0.358818249402,0.236238973989,0.582921464244,0.233775982898,-0.122579275412,-0.349145481346,rise
5.49,0.358896639915,0.236234823818,0.583195223495,0.233739924886,-0.122661816097,-0.349455298609,rise
5.5,0.358974962579,0.23623049601,0.583451064707,0.233704112418,-0.122744466569,-0.349746952289,rise
5.51,0.359055560729,0.236225989286,0.583675076773,0.233668548827,-0.122829571443,-0.350006527946,rise
5.52,0.359139801674,0.236221303739,0.583850297716,0.233633237669,-0.122918497936,-0.350217060047,rise
5.53,0.359227655007,0.236216440129,0.583957206844,0.233598182618,-0.123011214878,-0.350359024226,rise
5.54,0.359317484153,0.236211398771,0.583975139935,0.233563386897,-0.123106085381,-0.350411753037,rise
5.55,0.359406234659,0.236206178918,0.583884485836,0.233528852615,-0.12320005574,-0.35035563322,rise
5.56,0.359489907237,0.236200779049,0.583669130299,0.233494579481,-0.123289128189,-0.350174550818,rise
5.57,0.359564112313,0.236195196999,0.583318532059,0.233460562781,-0.123368915314,-0.349857969278,rise
5.58,0.359624702092,0.236189429218,0.582829029,0.233426792029,-0.123435272875,-0.349402236971,rise
5.59,0.359668422558,0.236183470098,0.582204223193,0.233393251083,-0.12348495246,-0.34881097211,rise
5.6,0.359693311077,0.236177312555,0.581454564348,0.233359919362,-0.123515998523,-0.348094644986,rise
5.61,0.359698753325,0.236170949854,0.580596467514,0.23332677383,-0.123527803471,-0.347269693684,rise
5.62,0.359685442609,0.236164377743,0.579651190467,0.233293791441,-0.123521064866,-0.346357399027,rise
5.63,0.359655312537,0.236157595815,0.578643426436,0.233260951119,-0.123497716721,-0.345382475317,rise
5.64,0.35961128246,0.236150607801,0.577599556496,0.233228234624,-0.123460674659,-0.344371321872,rise
5.65,0.359556896367,0.236143420872,0.57654569106,0.233195626871,-0.123413475495,-0.343350064188,rise
5.66,0.359496032799,0.236136044116,0.575505733061,0.233163116325,-0.123359988683,-0.342342616736,rise
5.67,0.359432617148,0.236128486677,0.574499735265,0.233130694869,-0.123304130471,-0.341369040396,rise
5.68,0.35937030887,0.23612075609,0.573542863054,0.233098357053,-0.123249552781,-0.340444506001,rise
5.69,0.359312305988,0.236112857078,0.57264513828,0.233066099676,-0.123199448909,-0.339579038605,rise
5.7,0.359261199716,0.236104791617,0.571811855014,0.233033921893,-0.123156408099,-0.338777933121,rise
5.71,0.359218650899,0.236096560545,0.571044474253,0.233001825313,-0.123122090354,-0.33804264894,rise
5.72,0.35918500609,0.236088165537,0.570341903448,0.232969813895,-0.123096840553,-0.337372089554,rise
5.73,0.359159203862,0.236079610603,0.569701989304,0.23293789369,-0.12307959326,-0.336764095614,rise
5.74,0.359139005488,0.236070903315,0.569122887498,0.23290607259,-0.123068102173,-0.336216814908,rise
5.75,0.359121405583,0.236062055562,0.568604100712,0.232874360212,-0.123059350021,-0.3357297405,rise
5.76,0.359103246227,0.236053083486,0.568147229975,0.232842767699,-0.123050162741,-0.335304462276,rise
5.77,0.359081935134,0.236044006782,0.567756434366,0.232811307082,-0.123037928352,-0.334945127284,rise
5.78,0.359055928458,0.23603484742,0.567438459642,0.23277999052,-0.123021081038,-0.334658469122,rise
5.79,0.359024904058,0.236025627574,0.567202235172,0.23274882983,-0.122999276484,-0.334453405343,rise
5.8,0.358989806916,0.236016367058,0.567058205589,0.232717836206,-0.122973439857,-0.334340369383,rise
5.81,0.358952704303,0.236007081049,0.567017553212,0.232687019546,-0.122945623254,-0.334330533666,rise
5.82,0.35891639875,0.235997778793,0.567091431401,0.232656387201,-0.122918619957,-0.3344350442,rise
5.83,0.358884058604,0.235988463381,0.567290289632,0.232625942858,-0.122895595223,-0.334664346774,rise
5.84,0.358858947545,0.235979132155,0.567623254309,0.232595686128,-0.12287981539,-0.335027568182,rise
5.85,0.358844031007,0.235969777584,0.568097400989,0.232565612725,-0.122874253423,-0.335531788264,rise
5.86,0.358841433254,0.235960388648,0.568716746644,0.232535715081,-0.122881044606,-0.336181031563,rise
5.87,0.358851950039,0.235950952283,0.56948094432,0.232505982931,-0.122900997756,-0.336974961389,rise
5.88,0.358874702008,0.235941454672,0.570383911814,0.232476403364,-0.122933247335,-0.33790750845,rise
5.89,0.358907008315,0.235931882614,0.571412896238,0.232446960725,-0.122975125702,-0.338965935513,rise
5.9,0.358944734138,0.235922224569,0.57254849587,0.232417637329,-0.123022509569,-0.340130858542,rise
5.91,0.358983098982,0.23591247079,0.573765721651,0.232388415188,-0.123070628192,-0.341377306462,rise
5.92,0.359017437747,0.235902612774,0.575035686591,0.232359277912,-0.123114824973,-0.342676408679,rise
5.93,0.359043562449,0.235892642223,0.576327438288,0.232330211907,-0.123150920226,-0.343997226381,rise
5.94,0.359057920993,0.235882549523,0.577609649921,0.232301206443,-0.12317537147,-0.345308443478,rise
5.95,0.359057792759,0.235872322667,0.57885205786,0.232272252755,-0.123185470092,-0.346579805105,rise
5.96,0.359041541461,0.235861947474,0.580026710224,0.232243343123,-0.123179593987,-0.3477833671,rise
5.97,0.359008943687,0.235851408902,0.581109149346,0.232214470428,-0.123157534785,-0.348894678918,rise
5.98,0.358961505316,0.235840692839,0.582079486319,0.232185627965,-0.123120812477,-0.349893858354,rise
5.99,0.3589025127,0.235829787706,0.582923266885,0.232156809551,-0.123072724994,-0.350766457335,rise
6,0.358836755854,0.235818685425,0.583632096701,0.232128010111,-0.123018070429,-0.35150408659,rise
6.01,0.358770121704,0.235807381472,0.584203938166,0.232099226585,-0.122962740232,-0.352104711582,rise
6.02,0.358709118463,0.235795874333,0.584642928032,0.232070458639,-0.12291324413,-0.352572469393,rise
6.03,0.358660209503,0.235784165217,0.584958719059,0.23204170857,-0.122876044286,-0.352917010489,rise
6.04,0.358629076457,0.235772258196,0.585165536897,0.232012980079,-0.122856818261,-0.353152556819,rise
6.05,0.358620105893,0.235760160167,0.585281030552,0.23198427636,-0.122859945726,-0.353296754193,rise
6.06,0.358636109267,0.235747880383,0.58532486661,0.23195559869,-0.122888228883,-0.35336926792,rise
6.07,0.358678152542,0.235735429408,0.585317186903,0.231926946306,-0.122942723135,-0.353390240597,rise
6.08,0.358745571714,0.235722817563,0.585277153625,0.231898317141,-0.12302275415,-0.353378836483,rise
6.09,0.358836168739,0.235710053721,0.585221688924,0.23186970842,-0.123126115018,-0.353351980504,rise
6.1,0.358946401603,0.235697145434,0.585164468708,0.231841116896,-0.123249256169,-0.353323351812,rise
6.11,0.359071654475,0.235684100536,0.585115285595,0.231812539204,-0.123387553939,-0.353302746391,rise
6.12,0.359206840301,0.235670929102,0.585079846304,0.231783972612,-0.1235359112,-0.353295873692,rise
6.13,0.359347225638,0.235657643947,0.585059924686,0.231755416045,-0.123689581691,-0.353304508641,rise
6.14,0.35948918166,0.23564425902,0.585053803807,0.231726871022,-0.123844922641,-0.353326932786,rise
6.15,0.359630778251,0.235630787261,0.585057092431,0.23169834215,-0.12399999099,-0.35335875028,rise
6.16,0.35977212982,0.235617239736,0.585063957321,0.231669837563,-0.124154890084,-0.353394119758,rise
6.17,0.359915213158,0.235603626255,0.585068561183,0.231641369806,-0.124311586903,-0.353427191377,rise
6.18,0.360063118713,0.235589956566,0.585066319544,0.231612956489,-0.124473162147,-0.353453363056,rise
6.19,0.360219110253,0.235576241152,0.585054598304,0.231584619528,-0.124642869101,-0.353469978775,rise
6.2,0.360385782181,0.23556249134,0.585032717781,0.231556383126,-0.12482329084,-0.353476334655,rise
6.21,0.360564380038,0.235548718689,0.585001562259,0.231528271891,-0.125015661348,-0.353473290368,rise
6.22,0.360754456846,0.235534933474,0.584963306791,0.231500310119,-0.125219523372,-0.353462996672,rise
6.23,0.360953955699,0.235521142877,0.584921481852,0.231472521967,-0.125432812822,-0.353448959886,rise
6.24,0.361159489278,0.235507350389,0.58488112869,0.231444931719,-0.125652138889,-0.353436196972,rise
6.25,0.361366711395,0.235493556736,0.58484860233,0.231417563577,-0.125873154658,-0.353431038753,rise
6.26,0.361570905331,0.235479760964,0.584830747743,0.231390440752,-0.126091144367,-0.35344030699,rise
6.27,0.361767642827,0.23546596067,0.584833575262,0.231363583784,-0.126301682157,-0.353469991478,rise
6.28,0.361953203938,0.235452151889,0.584860947294,0.231337008186,-0.126501052049,-0.353523939108,rise
6.29,0.362124784705,0.235438329406,0.584913873131,0.231310722456,-0.126686455299,-0.353603150676,rise
6.3,0.362280658926,0.235424487158,0.584990692448,0.231284727655,-0.126856171768,-0.353705964793,rise
6.31,0.362420173666,0.235410617879,0.585087970002,0.231259018484,-0.127009555787,-0.353828951518,rise
6.32,0.362543455286,0.235396712586,0.585201699636,0.23123358498,-0.1271467427,-0.353968114656,rise
6.33,0.362651063215,0.23538276138,0.585328420958,0.231208413935,-0.127268301835,-0.354120007023,rise
6.34,0.362743805694,0.235368755697,0.585465957806,0.231183489636,-0.127375049997,-0.35428246817,rise
6.35,0.362822651285,0.23535469043,0.585613729097,0.231158794268,-0.127467960856,-0.354454934829,rise
6.36,0.362888772988,0.235340564268,0.585772721931,0.231134308156,-0.127548208719,-0.354638413775,rise
6.37,0.362943835283,0.235326378551,0.585945115419,0.231110009559,-0.127617456731,-0.354835105859,rise
6.38,0.36299031685,0.235312136426,0.586133599697,0.23108587426,-0.127678180424,-0.355047725437,rise
6.39,0.363031618199,0.235297842902,0.586340710888,0.231061875898,-0.127733775297,-0.35527883499,rise
6.4,0.36307199922,0.235283504718,0.586568547898,0.231037987499,-0.127788494501,-0.355530560399,rise
6.41,0.363116369554,0.235269129392,0.586818950357,0.231014183486,-0.127847240162,-0.355804766871,rise
6.42,0.363169855979,0.235254723935,0.587093954285,0.23099044108,-0.127915132044,-0.356103513205,rise
6.43,0.363237289813,0.235240294246,0.58739629581,0.230966740786,-0.127996995568,-0.356429555024,rise
6.44,0.363322808219,0.235225845598,0.58772973966,0.230943066739,-0.128096962621,-0.356786672921,rise
6.45,0.363429534436,0.235211383723,0.58809900053,0.230919407437,-0.128218150713,-0.357179593094,rise
6.46,0.363559306131,0.235196915373,0.588509131344,0.230895756169,-0.128362390758,-0.357613375175,rise
6.47,0.363712636321,0.235182447645,0.588964474488,0.230872110554,-0.128530188676,-0.358092363934,rise
6.48,0.363888990927,0.235167986589,0.589467422735,0.23084847141,-0.128721004338,-0.358618951325,rise
6.49,0.364087109796,0.235153536176,0.590017239328,0.230824841341,-0.12893357362,-0.359192397987,rise
6.5,0.364305153941,0.235139098102,0.590609227567,0.230801223553,-0.129166055839,-0.359808004014,rise
6.51,0.364540766746,0.235124672099,0.591234563389,0.230777621085,-0.129416094647,-0.360456942304,rise
6.52,0.364791067073,0.235110256277,0.591880907676,0.230754035798,-0.129680810796,-0.361126871878,rise
6.53,0.365052533541,0.235095847304,0.592533691945,0.230730466721,-0.129956686237,-0.361803225225,rise
6.54,0.365321017834,0.235081440362,0.593177853263,0.230706908605,-0.130239577472,-0.362470944658,rise
6.55,0.365592105119,0.235067028922,0.593799632857,0.23068335197,-0.130525076197,-0.363116280886,rise
6.56,0.365861641521,0.235052604669,0.594387935997,0.230659784723,-0.130809036852,-0.363728151273,rise
6.57,0.366126182664,0.235038157566,0.594934946024,0.230636194089,-0.131088025098,-0.364298751935,rise
6.58,0.366383349425,0.235023675312,0.595436083758,0.230612567711,-0.131359674114,-0.364823516047,rise
6.59,0.366632045183,0.235009142031,0.595889640029,0.230588894063,-0.131622903152,-0.365300745966,rise
6.6,0.366872346338,0.234994537149,0.596296470665,0.230565162672,-0.131877809188,-0.365731307993,rise
6.61,0.367105122321,0.234979835478,0.596660115285,0.230541364353,-0.132125286843,-0.366118750932,rise
6.62,0.367331697692,0.234965008461,0.596987381097,0.230517491401,-0.132366689231,-0.366469889696,rise
6.63,0.367553605704,0.23495002584,0.597288915822,0.230493537717,-0.132603579864,-0.366795378106,rise
6.64,0.367772308263,0.23493485711,0.597579135685,0.230469498848,-0.132837451153,-0.367109636837,rise
6.65,0.367988984607,0.23491947271,0.59787520631,0.230445371833,-0.133069511897,-0.367429834477,rise
6.66,0.368204445425,0.234903845447,0.598195231216,0.230421154737,-0.133300599978,-0.367774076479,rise
6.67,0.368419005962,0.234887952804,0.598556177973,0.230396845926,-0.133531053158,-0.368159332047,rise
6.68,0.368632324154,0.234871779795,0.598972174257,0.230372443498,-0.133760544359,-0.368599730759,rise
6.69,0.368843382435,0.234855321244,0.59945348613,0.230347945558,-0.133988061191,-0.369105540572,rise
6.7,0.369050599274,0.234838582743,0.600006079996,0.230323351498,-0.134212016531,-0.369682728498,rise
6.71,0.369252012042,0.23482158031,0.600631556141,0.230298663434,-0.134430431732,-0.370332892707,rise
6.72,0.36944564435,0.234804339046,0.601327305051,0.230273886706,-0.134641305304,-0.371053418345,rise
6.73,0.3696300147,0.234786891027,0.602086730908,0.23024902931,-0.134843123673,-0.371837701599,rise
6.74,0.369804418702,0.234769272797,0.602899428334,0.230224101451,-0.135035145905,-0.372675326884,rise
6.75,0.369968769939,0.234751523203,0.60375132803,0.230199116436,-0.135217246736,-0.373552211594,rise
6.76,0.370123200401,0.234733681814,0.604624855664,0.23017409235,-0.135389518587,-0.374450763313,rise
6.77,0.37026761746,0.234715787551,0.605499188803,0.230149052697,-0.135551829909,-0.375350136107,rise
6.78,0.370401303737,0.234697877378,0.606350873667,0.230124025225,-0.135703426359,-0.376226848442,rise
6.79,0.370522811769,0.23467998519,0.607155120522,0.230099039813,-0.135842826578,-0.377056080709,rise
6.8,0.370630245362,0.234662141083,0.607887809665,0.230074126214,-0.135968104279,-0.377813683451,rise
6.81,0.370721591871,0.234644371327,0.608527840731,0.230049311883,-0.136077220543,-0.378478528848,rise
6.82,0.370794888638,0.234626698829,0.609059294371,0.230024620424,-0.136168189809,-0.379034673947,rise
6.83,0.370848347582,0.234609143395,0.609472922294,0.230000071225,-0.136239204187,-0.379472851069,rise
6.84,0.370880473348,0.234591722017,0.609766638686,0.229975679938,-0.136288751332,-0.379790958749,rise
6.85,0.370890119652,0.234574449769,0.609944938631,0.229951459009,-0.136315669883,-0.379993479621,rise
6.86,0.370876594959,0.234557340414,0.610017443081,0.229927417873,-0.136319254546,-0.380090025208,rise
6.87,0.370839866125,0.234540405287,0.609996957226,0.229903562872,-0.136299460838,-0.380093394355,rise
6.88,0.370780629945,0.23452365126,0.609897436824,0.229879897042,-0.136256978684,-0.380017539782,rise
6.89,0.370700141124,0.234507079993,0.609732204311,0.229856419631,-0.13619306113,-0.379875784679,rise
6.9,0.370600076686,0.234490688975,0.609512748891,0.229833125561,-0.136109387711,-0.379679623331,rise
6.91,0.3704826019,0.234474472877,0.609248302075,0.229810005069,-0.136008129023,-0.379438297006,rise
6.92,0.370350421375,0.23445842444,0.608946117311,0.22978704353,-0.135891996935,-0.379159073782,rise
6.93,0.370206757888,0.234442535044,0.608612196805,0.229764221727,-0.135764222845,-0.378847975078,rise
6.94,0.370055436479,0.234426794744,0.608252013729,0.229741516598,-0.135628641735,-0.378510497131,rise
6.95,0.369900961696,0.234411191773,0.607870727647,0.229718902104,-0.135489769923,-0.378151825543,rise
6.96,0.369748387769,0.234395712217,0.607472816213,0.229696350408,-0.135352675552,-0.377776465805,rise
6.97,0.369603077386,0.234380340291,0.60706157769,0.229673833574,-0.135222737096,-0.377387744116,rise
6.98,0.369470401694,0.234365059005,0.606639074878,0.2296513256,-0.135105342689,-0.376987749278,rise
6.99,0.369355312251,0.23434985104,0.606206777638,0.229628804533,-0.135005461211,-0.376577973104,rise
7,0.369261925165,0.234334699666,0.605766660391,0.229606254128,-0.134927225499,-0.376160406263,rise
7.01,0.369193304604,0.234319589177,0.605322214354,0.229583664613,-0.134873715427,-0.375738549741,rise
7.02,0.369151353349,0.234304504706,0.604878939771,0.229561032989,-0.134846848642,-0.375317906781,rise
7.03,0.369136665062,0.234289431948,0.604444156187,0.229538363186,-0.134847233114,-0.374905793001,rise
7.04,0.369148461812,0.23427435699,0.60402618833,0.229515665718,-0.134874104821,-0.374510522612,rise
7.05,0.369184739308,0.23425926651,0.603633109775,0.229492956517,-0.134925472798,-0.374140153258,rise
7.06,0.369242465785,0.234244148477,0.603271304055,0.229470254871,-0.134998317308,-0.373801049183,rise
7.07,0.369317742038,0.234228992521,0.602944206657,0.229447580934,-0.135088749517,-0.373496625722,rise
7.08,0.36940607148,0.234213789549,0.602651527271,0.229424954115,-0.135192281931,-0.373226573156,rise
7.09,0.36950275917,0.234198531206,0.602388950509,0.22940239266,-0.135304227963,-0.372986557849,rise
7.1,0.36960332366,0.234183209343,0.602148220288,0.229379913444,-0.135420114317,-0.372768306844,rise
7.11,0.369703976029,0.234167815477,0.601917711644,0.229357531463,-0.135536160552,-0.372560180181,rise
7.12,0.369802122586,0.234152340583,0.6016836193,0.229335259461,-0.135649782003,-0.372348359839,rise
7.13,0.369896548573,0.234136775314,0.601431666342,0.229313107873,-0.135759773259,-0.372118558469,rise
7.14,0.369987121625,0.234121110519,0.6011490372,0.22929108473,-0.135866011107,-0.37185795247,rise
7.15,0.370074244071,0.234105337456,0.600826225527,0.229269195203,-0.135968906614,-0.371557030325,rise
7.16,0.370158262439,0.234089447487,0.600458615622,0.229247440944,-0.136068814952,-0.371211174678,rise
7.17,0.370238879719,0.234073431828,0.600047700856,0.229225820127,-0.136165447891,-0.370821880729,rise
7.18,0.370314799937,0.234057281835,0.599601824435,0.229204328676,-0.136257518102,-0.370397495759,rise
7.19,0.370383918142,0.23404098992,0.599136177999,0.229182961771,-0.136342928222,-0.369953216228,rise
7.2,0.37044390531,0.234024550687,0.598671707083,0.229161714577,-0.136419354623,-0.369509992507,rise
7.21,0.370492783186,0.234007961286,0.598232924833,0.229140582345,-0.1364848219,-0.369092342487,rise
7.22,0.370529372373,0.233991220401,0.59784506129,0.229119560644,-0.136538151973,-0.368725500646,rise
7.23,0.370553536089,0.233974326011,0.59753098121,0.229098646193,-0.136579210078,-0.368432335018,rise
7.24,0.37056600126,0.233957273099,0.597308254302,0.229077837735,-0.136608728161,-0.368230416567,rise
7.25,0.370567842054,0.233940053092,0.597186911347,0.229057135975,-0.136627788962,-0.368129775372,rise
7.26,0.370559969088,0.233922655,0.597168420298,0.229036542854,-0.136637314089,-0.368131877443,rise
7.27,0.370542734081,0.233905066355,0.597246117066,0.229016061121,-0.136637667726,-0.368230055944,rise
7.28,0.370515613291,0.233887273195,0.597406905922,0.228995694262,-0.136628340096,-0.368411211659,rise
7.29,0.370477088234,0.233869260085,0.597633672896,0.228975446442,-0.136607828149,-0.368658226453,rise
7.3,0.370424790613,0.233851011137,0.59790765421,0.228955322477,-0.136573779475,-0.368952331733,rise
7.31,0.370355724605,0.233832512127,0.598210154342,0.228935327733,-0.136523212478,-0.36927482661,rise
7.32,0.370266490954,0.233813753109,0.598523527284,0.228915467535,-0.136452737845,-0.369608059749,rise
7.33,0.370153725912,0.233794730483,0.598831756329,0.228895745993,-0.136358995429,-0.369936010336,rise
7.34,0.370014776511,0.233775448004,0.599120972444,0.228876164606,-0.136239328507,-0.370244807838,rise
7.35,0.369848332562,0.23375591694,0.599380092148,0.228856721392,-0.136092415622,-0.370523370756,rise
7.36,0.369654866677,0.233736155397,0.599601509835,0.228837411104,-0.135918711279,-0.370764098731,rise
7.37,0.369436848408,0.233716186963,0.599781441569,0.228818225826,-0.135720661445,-0.370963215744,rise
7.38,0.36919859293,0.233696039091,0.599919607138,0.228799154441,-0.135502553838,-0.371120452697,rise
7.39,0.368945771475,0.233675741348,0.600018544391,0.22878018143,-0.135270030127,-0.371238362961,rise
7.4,0.368684879581,0.233655323623,0.600083158613,0.228761286978,-0.135029555958,-0.371321871634,rise
7.41,0.36842280165,0.233634814877,0.600120763781,0.228742448491,-0.134787986773,-0.371378315289,rise
7.42,0.368166422131,0.233614242754,0.600141389809,0.228723641741,-0.134552179377,-0.371417748068,rise
7.43,0.367922352353,0.233593633584,0.600157886284,0.228704840773,-0.13432871877,-0.371453045511,rise
7.44,0.367696797186,0.233573012257,0.600185337608,0.228686017626,-0.134123784929,-0.371499319982,rise
7.45,0.367495346272,0.233552402184,0.600239540894,0.228667143036,-0.133942944089,-0.371572397858,rise
7.46,0.367322591608,0.233531825793,0.600334777551,0.228648187773,-0.133790765815,-0.371686589779,rise
7.47,0.367181813945,0.233511305172,0.600481458635,0.228629123752,-0.133670508773,-0.371852334883,rise
7.48,0.367074861029,0.233490862032,0.600684171483,0.228609924939,-0.133583998997,-0.372074246544,rise
7.49,0.36700202266,0.233470516632,0.600940538966,0.228590568245,-0.133531506028,-0.372349970721,rise
7.5,0.366961902871,0.23345028593,0.601241215402,0.228571034387,-0.133511616941,-0.372670181016,rise
7.51,0.366951512379,0.233430181915,0.601571008412,0.228551308806,-0.133521330464,-0.373019699606,rise
7.52,0.366966544654,0.233410211254,0.601910769767,0.228531382542,-0.1335563334,-0.373379387225,rise
7.53,0.367001717109,0.233390376457,0.602239644225,0.22851125249,-0.133611340653,-0.373728391735,rise
7.54,0.367051282767,0.233370677342,0.602537317059,0.228490920718,-0.133680605425,-0.374046396341,rise
7.55,0.36710967785,0.233351111413,0.602785923954,0.22847039312,-0.133758566437,-0.374315530833,rise
7.56,0.367172009326,0.233331673005,0.602971450232,0.228449677973,-0.133840336321,-0.374521772259,rise
7.57,0.367234289899,0.233312352182,0.603084736022,0.228428784774,-0.133921937717,-0.374655951249,rise
7.58,0.367293576417,0.233293134232,0.603122247487,0.228407723294,-0.134000442185,-0.374714524192,rise
7.59,0.367347990186,0.233274000099,0.603086527217,0.228386502489,-0.134073990087,-0.374700024727,rise
7.6,0.367396499383,0.233254928104,0.602986129194,0.228365129145,-0.134141571279,-0.37462100005,rise
7.61,0.367438633661,0.233235896209,0.602834907291,0.228343606871,-0.134202737452,-0.374491300419,rise
7.62,0.36747432445,0.233216882934,0.602650531243,0.228321936063,-0.134257441516,-0.37432859518,rise
7.63,0.367503750445,0.233197867184,0.602452270902,0.228300114202,-0.134305883261,-0.374152156701,rise
7.64,0.367527144675,0.23317882909,0.602258493212,0.228278135651,-0.134348315585,-0.373980357561,rise
7.65,0.367544749576,0.233159751604,0.60208447489,0.228255991684,-0.134384997972,-0.373828483206,rise
7.66,0.367556889083,0.233140620846,0.601940879975,0.228233671811,-0.134416268237,-0.373707208164,rise
7.67,0.36756396656,0.233121425196,0.601833031926,0.22821116597,-0.134442541364,-0.373621865956,rise
7.68,0.367566437894,0.233102154658,0.601761056262,0.228188466454,-0.134464283236,-0.373572589808,rise
7.69,0.367564830636,0.233082800675,0.601720815727,0.228165569126,-0.134482029962,-0.373555246601,rise
7.7,0.367559666555,0.233063355525,0.601705438956,0.228142474224,-0.13449631103,-0.373562964732,rise
7.71,0.36755126153,0.233043811487,0.601707248222,0.228119187147,-0.134507450043,-0.373588061075,rise
7.72,0.367539572529,0.233024160902,0.601719741401,0.228095718936,-0.134515411627,-0.373624022465,rise
7.73,0.367524124894,0.233004397623,0.601739149169,0.228072085735,-0.134519727271,-0.373667063434,rise
7.74,0.36750391715,0.232984519208,0.601765300997,0.228048307132,-0.134519397942,-0.373716993865,rise
7.75,0.367477389885,0.232964528476,0.601801825797,0.228024404211,-0.134512861408,-0.373777421586,rise
7.76,0.3674426342,0.232944433436,0.601855797397,0.22800039844,-0.134498200764,-0.373855398958,rise
7.77,0.367397675907,0.232924245541,0.601936947671,0.227976311829,-0.134473430366,-0.373960635842,rise
7.78,0.367340587721,0.232903976873,0.602056658404,0.227952167541,-0.134436610848,-0.374104490864,rise
7.79,0.367269599269,0.2328836378,0.602226949741,0.22792798977,-0.134385961469,-0.374298959971,rise
7.8,0.367183407643,0.232863236403,0.602459440923,0.227903802493,-0.13432017124,-0.37455563843,rise
7.81,0.367081526274,0.232842779466,0.602764078086,0.227879627763,-0.134238746807,-0.374884450323,rise
7.82,0.366964584594,0.232822273975,0.603147611816,0.227855484946,-0.134142310619,-0.375292126869,rise
7.83,0.366834723415,0.232801728129,0.603612045477,0.227831391618,-0.134032995285,-0.375780653859,rise
7.84,0.366695998683,0.232781151467,0.604153315359,0.227807364972,-0.133914847217,-0.376345950387,rise
7.85,0.366554483626,0.232760554602,0.604760496222,0.227783422099,-0.133793929024,-0.376977074122,rise
7.86,0.366417935264,0.232739949155,0.605415847349,0.227759578942,-0.133677986109,-0.377656268407,rise
7.87,0.366295034999,0.232719347474,0.606095798173,0.227735848771,-0.133575687525,-0.378359949402,rise
7.88,0.366194227798,0.232698761314,0.606772707749,0.227712240887,-0.133495466484,-0.379060466862,rise
7.89,0.366122433358,0.232678199993,0.607417234843,0.227688760081,-0.133444233365,-0.379728474762,rise
7.9,0.366084073731,0.232657669818,0.608001098399,0.227665406678,-0.133426403913,-0.380335691721,rise
7.91,0.366080537659,0.232637175568,0.608499705294,0.227642176444,-0.133443362091,-0.38085752885,rise
7.92,0.366110008876,0.232616722959,0.608894058044,0.227619060783,-0.133493285917,-0.381274997262,rise
7.93,0.366167833868,0.232596320454,0.609171601589,0.227596047913,-0.133571513414,-0.381575553677,rise
7.94,0.366247528713,0.232575979566,0.609325948565,0.227573124355,-0.133671549147,-0.38175282421,rise
7.95,0.366342076759,0.232555714243,0.609355757634,0.227550275781,-0.133786362516,-0.381805481853,rise
7.96,0.366445140995,0.232535540098,0.60926327779,0.227527487509,-0.133909600897,-0.381735790281,rise
7.97,0.366552033459,0.232515473338,0.609052969397,0.227504745404,-0.134036560121,-0.381548223993,rise
7.98,0.366660216865,0.232495529075,0.60873045534,0.227482037353,-0.134164687791,-0.381248417987,rise
7.99,0.366769199246,0.232475719547,0.608302043602,0.227459354737,-0.134293479699,-0.380842688865,rise
8,0.366880040277,0.232456053017,0.607774891004,0.227436692986,-0.13442398726,-0.380338198019,rise
8.01,0.366994741816,0.232436533865,0.60715754467,0.227414051073,-0.134558207952,-0.379743493597,rise
8.02,0.367115573169,0.232417163849,0.606460417741,0.227391431051,-0.13469840932,-0.37906898669,rise
8.03,0.367244394107,0.232397943793,0.605695861294,0.227368838319,-0.134846450313,-0.378327022975,rise
8.04,0.367382258283,0.232378874523,0.604877780495,0.227346282175,-0.13500338376,-0.37753149832,rise
8.05,0.367529430384,0.232359956579,0.604020965727,0.227323775998,-0.135169473805,-0.376697189729,rise
8.06,0.36768556984,0.232341189012,0.603140394946,0.227301336855,-0.135344380828,-0.37583905809,rise
8.07,0.367849897154,0.23232256778,0.602250745658,0.227278984461,-0.135527329374,-0.374971761197,rise
8.08,0.368021384009,0.23230408397,0.60136616707,0.227256739667,-0.135717300038,-0.374109427403,rise
8.09,0.368198929155,0.232285722025,0.600500113664,0.227234622757,-0.13591320713,-0.373265490907,rise
8.1,0.368381484652,0.232267458987,0.599665031534,0.227212651583,-0.136114025666,-0.372452379952,rise
8.11,0.36856823361,0.232249265656,0.598871894678,0.227190839516,-0.136318967954,-0.371681055162,rise
8.12,0.368758759328,0.232231108995,0.598129715918,0.227169193572,-0.136527650333,-0.370960522346,peak
8.13,0.368952988972,0.232212954347,0.597445157055,0.227147713552,-0.136740034625,-0.370297443503,peak
8.14,0.369150941238,0.232194767094,0.596822347956,0.227126392314,-0.136956174144,-0.369695955642,peak
8.15,0.369352496482,0.232176514519,0.596262915771,0.227105216443,-0.137175981963,-0.369157699328,peak
8.16,0.369557202193,0.232158168006,0.595766026608,0.227084166936,-0.137399034187,-0.368681859672,peak
8.17,0.369764036604,0.232139704559,0.595328299359,0.227063220247,-0.137624332044,-0.368265079112,peak
8.18,0.369971324578,0.232121107242,0.594943776104,0.22704234987,-0.137850217337,-0.367901426234,peak
8.19,0.370176961264,0.232102365008,0.594604247888,0.227021528128,-0.138074596256,-0.367582719759,peak
8.2,0.370378670049,0.232083472023,0.594300071789,0.227000727684,-0.138295198026,-0.367299344105,peak
8.21,0.370574052235,0.232064426421,0.594021415617,0.226979922544,-0.138509625814,-0.367041493073,peak
8.22,0.370760567112,0.232045229061,0.593759591954,0.226959088506,-0.138715338051,-0.366800503448,peak
8.23,0.370935544339,0.232025882851,0.59350801556,0.226938203023,-0.138909661487,-0.366569812538,peak
8.24,0.371096188273,0.232006392655,0.593262711303,0.22691724451,-0.139089795618,-0.366345466793,peak
8.25,0.371239728805,0.231986765427,0.593022719994,0.226896191316,-0.139252963378,-0.366126528678,peak
8.26,0.37136383986,0.231967009892,0.592790538943,0.226875020633,-0.139396829967,-0.36591551831,peak
8.27,0.371467085694,0.231947135251,0.59257233428,0.226853708182,-0.139519950443,-0.365718626098,peak
8.28,0.371549160905,0.231927149483,0.592377668938,0.226832229652,-0.139622011422,-0.365545439286,peak
8.29,0.371610944769,0.231907058438,0.592218684128,0.226810563232,-0.139703886331,-0.365408120895,peak
8.3,0.371654365369,0.231886866462,0.592108837147,0.226788691758,-0.139767498907,-0.365320145389,peak
8.31,0.371682018933,0.231866578241,0.592061504712,0.226766604219,-0.139815440692,-0.365294900493,peak
8.32,0.371696741182,0.231846200417,0.59208880333,0.226744297238,-0.139850540765,-0.365344506092,peak
8.33,0.37170144458,0.231825741893,0.592200734268,0.226721776424,-0.139875702688,-0.365478957844,peak
8.34,0.371699199017,0.23180521327,0.592404557792,0.22669905691,-0.139893985746,-0.365705500882,peak
8.35,0.371693361427,0.231784626201,0.592704356075,0.226676162313,-0.139908735226,-0.366028193762,peak
8.36,0.371687750146,0.231763992754,0.593100883082,0.226653121937,-0.139923757392,-0.366447761145,peak
8.37,0.371686734061,0.231743324899,0.593591776786,0.226629967246,-0.139943409162,-0.366961809541,peak
8.38,0.371694926637,0.231722634477,0.594172024263,0.226606729293,-0.13997229216,-0.367565294971,peak
8.39,0.371716564041,0.231701933581,0.59483440068,0.226583437661,-0.14001463046,-0.368250963019,peak
8.4,0.37175493543,0.231681234921,0.59556957512,0.226560120016,-0.140073700509,-0.369009455104,peak
8.41,0.371811956958,0.231660552049,0.596365824877,0.226536801283,-0.140151404909,-0.369829023594,peak
8.42,0.371887827048,0.231639899097,0.597208648679,0.226513502473,-0.140247927951,-0.370695146206,peak
8.43,0.371980861355,0.231619289592,0.598080618996,0.226490239927,-0.140361571763,-0.371590379069,peak
8.44,0.372087554234,0.23159873508,0.598961660454,0.226467025546,-0.140488819153,-0.372494634908,peak
8.45,0.37220273349,0.231578244809,0.599829819465,0.22644386819,-0.140624488681,-0.373385951275,peak
8.46,0.372319866706,0.231557826417,0.600662474633,0.226420776085,-0.14076204029,-0.374241698548,peak
8.47,0.37243181363,0.231537486655,0.601437804422,0.226397759202,-0.140894326975,-0.37504004522,peak
8.48,0.372531944771,0.231517231508,0.602136197572,0.22637483049,-0.141014713263,-0.375761367083,peak
8.49,0.372615112806,0.231497065087,0.602741330065,0.226352005715,-0.141118047719,-0.37638932435,peak
8.5,0.372678197148,0.231476987364,0.603240829401,0.226329302482,-0.141201209784,-0.376911526919,peak
8.51,0.372720231548,0.23145699259,0.603626495539,0.226306739046,-0.141263238958,-0.377319756492,peak
8.52,0.372742103822,0.231437069654,0.603894057171,0.226284332892,-0.141305034168,-0.377609724279,peak
8.53,0.372746001717,0.231417203243,0.604042618938,0.226262098669,-0.141328798474,-0.377780520269,peak
8.54,0.372734947525,0.231397374998,0.604074034135,0.226240046005,-0.141337572527,-0.377833988129,peak
8.55,0.37271247397,0.231377565491,0.603992316833,0.226218178345,-0.141334908479,-0.377774138488,peak
8.56,0.372682270717,0.231357756804,0.603803241447,0.226196493199,-0.141324513914,-0.377606748248,peak
8.57,0.372647808766,0.231337934078,0.603514431869,0.226174983348,-0.141309874688,-0.377339448521,peak
8.58,0.372612007275,0.23131808578,0.603136001979,0.22615363821,-0.141293921495,-0.37698236377,peak
8.59,0.372576824105,0.231298203953,0.60268137315,0.226132444766,-0.141278620152,-0.376548928385,peak
8.6,0.372542801317,0.231278284681,0.602167845618,0.226111387822,-0.141264516636,-0.376056457796,peak
8.61,0.372508961725,0.231258328041,0.601616670597,0.22609044997,-0.141250633684,-0.375526220627,peak
8.62,0.37247323876,0.231238337517,0.601052462225,0.226069611908,-0.141234901244,-0.374982850317,peak
8.63,0.372433136289,0.231218319589,0.60050187857,0.226048853268,-0.141214816701,-0.374453025302,peak
8.64,0.372386384888,0.231198283892,0.599991657115,0.226028153664,-0.141188100996,-0.373963503452,peak
8.65,0.372331547856,0.23117824315,0.599546254197,0.226007493793,-0.141153304706,-0.373538760403,peak
8.66,0.372268386611,0.231158211891,0.5991854495,0.225986856246,-0.14111017472,-0.373198593254,peak
8.67,0.372197887203,0.231138204275,0.598922367035,0.225966225799,-0.141059682928,-0.372956141237,peak
8.68,0.372122140702,0.231118232407,0.598762337823,0.225945590009,-0.141003908295,-0.372816747814,peak
8.69,0.372044135737,0.231098305771,0.598702813816,0.225924940438,-0.140945829966,-0.372777873377,peak
8.7,0.371967316571,0.231078431385,0.598734330324,0.225904273394,-0.140888885186,-0.37283005693,peak
8.71,0.371895011611,0.231058614353,0.598842380873,0.22588358936,-0.140836397258,-0.372958791512,peak
8.72,0.371830054782,0.231038858885,0.59900984243,0.225862891735,-0.140791195897,-0.373146950695,peak
8.73,0.371774711095,0.231019169842,0.599219306354,0.225842185726,-0.140755541253,-0.373377120628,peak
8.74,0.371730780892,0.230999553981,0.599454692053,0.2258214777,-0.140731226911,-0.373633214353,peak
8.75,0.371699782246,0.230980019534,0.599701936777,0.225800774804,-0.140719762712,-0.373901161973,peak
8.76,0.371683109551,0.230960574382,0.599948979125,0.225780084832,-0.140722535169,-0.374168894294,peak
8.77,0.371681942462,0.230941224611,0.600185450341,0.225759416424,-0.140740717852,-0.374426033918,peak
8.78,0.371696884179,0.230921974006,0.600402482381,0.225738779192,-0.140774910173,-0.374663703189,peak
8.79,0.371727636163,0.230902823847,0.600592834965,0.22571818326,-0.140824812316,-0.374874651705,peak
8.8,0.371772841362,0.230883772505,0.600751255791,0.225697638701,-0.140889068857,-0.375053617089,peak
8.81,0.3718300633,0.230864814564,0.600874822528,0.225677155487,-0.140965248736,-0.37519766704,peak
8.82,0.371896098834,0.230845939931,0.600963031319,0.225656743512,-0.141050158904,-0.375306287807,peak
8.83,0.371967715236,0.230827133876,0.60101749324,0.225636411944,-0.14114058136,-0.375381081296,peak
8.84,0.372042456003,0.230808377791,0.601041256543,0.225616167977,-0.141234078212,-0.375425088566,peak
8.85,0.372119149891,0.230789649867,0.601038081269,0.225596015762,-0.141329500024,-0.375442065507,peak
8.86,0.372198065895,0.230770925888,0.601012199906,0.225575956086,-0.141427140006,-0.37543624382,peak
8.87,0.3722806867,0.230752180651,0.600968812674,0.225555986541,-0.141528506049,-0.375412826133,peak
8.88,0.372369074997,0.230733389858,0.600915025809,0.225536101822,-0.14163568514,-0.375378923986,peak
8.89,0.372465168364,0.23071453214,0.600860666778,0.225516293941,-0.141750636225,-0.375344372837,peak
8.9,0.37257041953,0.23069559073,0.600818424663,0.225496552166,-0.1418748288,-0.375321872497,peak
8.91,0.372685709961,0.230676554013,0.600803005896,0.225476863087,-0.142009155948,-0.37532614281,peak
8.92,0.372811287828,0.230657414626,0.60082946902,0.225457211538,-0.142153873202,-0.375372257482,peak
8.93,0.372946740163,0.230638168206,0.600911209311,0.225437582226,-0.142308571957,-0.375473627085,peak
8.94,0.373091001429,0.230618812934,0.601058013515,0.225417961164,-0.142472188495,-0.37564005235,peak
8.95,0.37324233559,0.230599349609,0.6012745222,0.225398336396,-0.142642985982,-0.375876185805,peak
8.96,0.373398456442,0.230579781662,0.601559449935,0.225378698077,-0.142818674779,-0.376180751858,peak
8.97,0.373556917647,0.230560115534,0.601905791938,0.225359038286,-0.142996802113,-0.376546753651,peak
8.98,0.37371553474,0.230540361567,0.60230190814,0.225339350604,-0.143175173173,-0.376962557536,peak
8.99,0.373872568976,0.230520534194,0.602733081479,0.225319629263,-0.143352034781,-0.377413452216,peak
9,0.374026665481,0.230500650322,0.60318312209,0.225299868237,-0.14352601516,-0.377883253853,peak
9.01,0.37417659187,0.230480726698,0.60363575933,0.225280060958,-0.143695865172,-0.378355698372,peak
9.02,0.374320757052,0.230460778016,0.604075774537,0.225260200712,-0.143859979036,-0.378815573825,peak
9.03,0.374456717193,0.230440816451,0.604489947137,0.225240281161,-0.144015900742,-0.379249665976,peak
9.04,0.374581109139,0.230420851993,0.604867810341,0.225220296853,-0.144160257146,-0.379647513488,peak
9.05,0.374690101486,0.230400892891,0.605202152807,0.225200244081,-0.144289208595,-0.380001908727,peak
9.06,0.37478005816,0.230380945899,0.605489293861,0.225180122005,-0.144399112261,-0.380309171857,peak
9.07,0.374848236427,0.230361016142,0.605729110082,0.225159933479,-0.144487220285,-0.380569176604,peak
9.08,0.374893363689,0.230341107147,0.605924600976,0.225139685355,-0.144552256542,-0.380784915621,peak
9.09,0.37491574034,0.230321221907,0.606080840352,0.225119388541,-0.144594518433,-0.380961451811,peak
9.1,0.374916763477,0.230301364623,0.606203549574,0.225099058015,-0.144615398855,-0.38110449156,peak
9.11,0.374898187995,0.230281541726,0.60629784845,0.225078712517,-0.144616646269,-0.381219135932,peak
9.12,0.374861453624,0.230261761376,0.60636765788,0.225058373488,-0.144599692248,-0.381309284391,peak
9.13,0.374807314054,0.230242031881,0.606415856142,0.225038063683,-0.144565282173,-0.381377792459,peak
9.14,0.37473599815,0.2302223597,0.6064448695,0.225017806247,-0.144513638449,-0.381427063253,peak
9.15,0.374647869871,0.230202747461,0.606457148539,0.224997623757,-0.14444512241,-0.381459524783,peak
9.16,0.374544166083,0.230183193132,0.606455165764,0.224977536288,-0.144360972951,-0.381477629477,peak
9.17,0.374427428245,0.230163691382,0.606440990004,0.224957558987,-0.144263736863,-0.381483431017,peak
9.18,0.374301612542,0.230144236442,0.606415762391,0.224937700383,-0.1441573761,-0.381478062008,peak
9.19,0.374171909736,0.230124824642,0.606379374644,0.224917961767,-0.144047085094,-0.381461412877,peak
9.2,0.374044183034,0.230105455186,0.606330439917,0.224898337396,-0.143938727848,-0.381432102521,peak
9.21,0.373924228023,0.230086129264,0.606266482721,0.224878815658,-0.143838098759,-0.381387667063,peak
9.22,0.373817237031,0.230066849276,0.606184227316,0.224859381259,-0.143750387755,-0.381324846057,peak
9.23,0.373727458013,0.230047619189,0.606079894229,0.224840017582,-0.143679838824,-0.381239876647,peak
9.24,0.373657906699,0.23002844502,0.605949583408,0.224820708337,-0.143629461678,-0.381128875071,peak
9.25,0.373610302158,0.230009334237,0.605789964965,0.224801438642,-0.143600967921,-0.380988526323,peak
9.26,0.373585314664,0.229990294508,0.605599356891,0.224782195866,-0.143595020156,-0.380817161025,peak
9.27,0.373582909593,0.229971332954,0.60537891489,0.224762970205,-0.143611576639,-0.380615944685,peak
9.28,0.373602693745,0.229952455805,0.605133407684,0.224743754801,-0.14365023794,-0.380389652883,peak
9.29,0.373644310742,0.229933667975,0.604871122585,0.224724544963,-0.143710642767,-0.380146577622,peak
9.3,0.373707694108,0.22991497284,0.604602707303,0.224705336302,-0.143792721269,-0.379897371001,peak
9.31,0.373792907424,0.229896371905,0.604339124622,0.224686122603,-0.143896535519,-0.379653002019,peak
9.32,0.373899670707,0.229877863614,0.604089304066,0.224666894496,-0.144021807093,-0.37942240957,peak
9.33,0.374026906077,0.229859441595,0.603858154223,0.224647639151,-0.144167464482,-0.379210515072,peak
9.34,0.37417243297,0.229841093686,0.603645403002,0.22462834036,-0.144331339284,-0.379017062642,peak
9.35,0.374332849539,0.229822802981,0.60344556148,0.224608978683,-0.144510046558,-0.378836582797,peak
9.36,0.374503711548,0.229804550834,0.603249055831,0.224589532177,-0.144699160714,-0.378659523653,peak
9.37,0.37467989158,0.2297863203,0.603044231443,0.224569978259,-0.14489357128,-0.378474253183,peak
9.38,0.374855878144,0.229768098609,0.602819683534,0.224550296375,-0.145087779536,-0.378269387159,peak
9.39,0.375026094865,0.229749878289,0.602566228006,0.224530470609,-0.145276216576,-0.378035757397,peak
9.4,0.37518539172,0.229731657162,0.602277904923,0.224510491621,-0.145453734558,-0.377767413303,peak
9.41,0.37532954171,0.22971343754,0.601951841399,0.224490357647,-0.14561610417,-0.377461483752,peak
9.42,0.375455537859,0.229695224852,0.601587305207,0.224470074444,-0.145760313007,-0.377117230763,peak
9.43,0.375561688042,0.229677026554,0.601184441576,0.224449654244,-0.145884661488,-0.376734787332,peak
9.44,0.375647457712,0.229658851998,0.600743061514,0.224429114226,-0.145988605713,-0.376313947288,peak
9.45,0.37571298157,0.229640712074,0.600261783567,0.2244084751,-0.146072269497,-0.375853308467,peak
9.46,0.375758508522,0.229622617387,0.599737813531,0.224387760288,-0.146135891135,-0.375350053243,peak
9.47,0.375784152907,0.229604575861,0.599167392984,0.224366995462,-0.146179577045,-0.374800397522,peak
9.48,0.375789865614,0.22958659132,0.598546569723,0.22434620774,-0.146203274294,-0.374200361983,peak
9.49,0.375775352701,0.229568663422,0.597871881174,0.224325424505,-0.146206689278,-0.373546456669,peak
9.5,0.375739992412,0.229550788416,0.597140788051,0.224304672553,-0.146189203995,-0.372836115498,peak
9.51,0.375682842761,0.229532959988,0.596351877307,0.22428397799,-0.146149882774,-0.372067899317,peak
9.52,0.375602654802,0.2295151695,0.595504905655,0.224263366544,-0.146087485303,-0.371241539111,peak
9.53,0.375498001898,0.229497405419,0.594600791675,0.22424286347,-0.146000596479,-0.370357928205,peak
9.54,0.375367744322,0.229479652319,0.593641601476,0.224222492688,-0.145888092004,-0.369419108789,peak
9.55,0.375211672082,0.229461890332,0.592630527436,0.224202275766,-0.14574978175,-0.36842825167,peak
9.56,0.375031031522,0.229444095907,0.591572033612,0.224182231393,-0.145586935616,-0.367389802218,peak
9.57,0.37482889737,0.229426243901,0.590472411369,0.22416237503,-0.145402653469,-0.366310036338,peak
9.58,0.37461029964,0.229408310565,0.589340707749,0.224142718283,-0.145201989075,-0.365197989466,peak
9.59,0.374381807267,0.229390276535,0.588189645768,0.224123268383,-0.144991530732,-0.364066377385,peak
9.6,0.374150549624,0.2293721288,0.587036025462,0.224104028281,-0.144778420825,-0.362931997181,peak
9.61,0.373923087334,0.229353861479,0.58590021487,0.224084996858,-0.144569225854,-0.361815218012,peak
9.62,0.373704414873,0.229335475755,0.584804628645,0.224066168623,-0.144368939118,-0.360738460022,peak
9.63,0.37349715176,0.229316978964,0.583771469091,0.224047533324,-0.144180172796,-0.359723935766,peak
9.64,0.373301243393,0.229298383146,0.582820284882,0.224029076317,-0.144002860247,-0.358791208565,peak
9.65,0.373114482012,0.2292797035,0.581965883057,0.224010779927,-0.143834778512,-0.35795510313,peak
9.66,0.37293358687,0.229260956758,0.581216995404,0.223992625264,-0.143672630112,-0.35722437014,peak
9.67,0.372755383262,0.229242159582,0.580576000879,0.223974594055,-0.14351322368,-0.356601406824,peak
9.68,0.372577803241,0.22922332759,0.580039742517,0.223956670381,-0.143354475652,-0.356083072137,peak
9.69,0.372400405971,0.229204475313,0.579601102189,0.223938841656,-0.143195930658,-0.355662260532,peak
9.7,0.372224242434,0.229185616833,0.579250790436,0.223921098234,-0.143038625601,-0.355329692202,peak
9.71,0.372051317896,0.229166766548,0.57897885801,0.22390343227,-0.142884551348,-0.355075425741,peak
9.72,0.371883986718,0.229147939416,0.578775617626,0.223885836975,-0.142736047302,-0.354889780651,peak
9.73,0.371724329877,0.229129150172,0.578631852278,0.223868306251,-0.142595179705,-0.354763546027,peak
9.74,0.37157359819,0.229110411655,0.578538484675,0.223850834491,-0.142463186535,-0.354687650185,peak
9.75,0.371432082701,0.229091733236,0.578486188887,0.223833417056,-0.142340349465,-0.354652771831,peak
9.76,0.37129953624,0.229073120465,0.578465373701,0.223816051382,-0.142226415774,-0.354649322319,peak
9.77,0.371175790155,0.229054575927,0.578466686098,0.223798737726,-0.142121214228,-0.354667948372,peak
9.78,0.371061287642,0.229036100594,0.578481949526,0.223781478907,-0.142025187048,-0.354700470619,peak
9.79,0.370957437728,0.229017695134,0.578505250228,0.223764279165,-0.141939742594,-0.354740971063,peak
9.8,0.370866539971,0.228999361052,0.578533819374,0.223747142981,-0.141867178919,-0.354786676393,peak
9.81,0.370791193172,0.228981101469,0.578568506911,0.223730074837,-0.141810091703,-0.354838432074,peak
9.82,0.370733570968,0.228962921077,0.578613838433,0.223713079721,-0.141770649891,-0.354900758712,peak
9.83,0.370694898295,0.228944825561,0.578677728893,0.223696163355,-0.141750072734,-0.354981565538,peak
9.84,0.370675128149,0.228926821204,0.578770898166,0.223679332165,-0.141748306944,-0.355091566001,peak
9.85,0.370672892901,0.228908914547,0.578905982889,0.223662593857,-0.141763978354,-0.355243389032,peak
9.86,0.370685866735,0.228891111657,0.57909632785,0.223645958418,-0.141794755078,-0.355450369433,peak
9.87,0.370711339267,0.22887341718,0.579354496624,0.223629438735,-0.141837922086,-0.355725057889,peak
9.88,0.370746672166,0.228855833769,0.579690671548,0.22361305066,-0.141890838398,-0.356077620888,peak
9.89,0.370789638402,0.228838362374,0.580111218572,0.22359681298,-0.141951276028,-0.356514405592,peak
9.9,0.370838773741,0.228821003492,0.580617633764,0.223580747186,-0.142017770249,-0.357036886577,peak
9.91,0.370893606511,0.228803758985,0.581205982696,0.223564876507,-0.142089847527,-0.357641106189,peak
9.92,0.370954654277,0.22878663374,0.581866964203,0.223549224295,-0.142168020537,-0.358317739908,peak
9.93,0.371023335808,0.228769636751,0.582586724293,0.223533812693,-0.142253699057,-0.3590529116,peak
9.94,0.371101774836,0.228752781995,0.583348351001,0.223518662285,-0.142348992841,-0.359829688717,peak
9.95,0.371192297161,0.228736089787,0.584133773323,0.223503792322,-0.142456207375,-0.360629981,peak
9.96,0.371296733479,0.228719588362,0.584925766396,0.223489220681,-0.142577145118,-0.361436545715,peak
9.97,0.371415807486,0.228703314713,0.58570975582,0.223474963378,-0.142712492773,-0.362234792442,peak
9.98,0.371548709024,0.228687314228,0.586475054312,0.223461033974,-0.142861394796,-0.363014020338,peak
9.99,0.371692944219,0.228671638958,0.587215351276,0.223447442925,-0.143021305261,-0.363767908351,peak
10,0.371844581304,0.228656344479,0.587928567008,0.223434196747,-0.143188236826,-0.364494370261,peak
10.01,0.371998734597,0.228641486283,0.588616172096,0.223421296838,-0.143357248314,-0.365194875259,peak
10.02,0.37214998761,0.228627116844,0.589281956217,0.223408737812,-0.143522870766,-0.365873218406,peak
10.03,0.372292779707,0.228613283187,0.5899303672,0.223396505597,-0.14367949652,-0.366533861604,peak
10.04,0.372421975223,0.228600024087,0.590564747789,0.223384575838,-0.143821951136,-0.367180171951,peak
10.05,0.372533512838,0.228587366511,0.591185840733,0.22337291291,-0.143946146327,-0.367812927823,peak
10.06,0.372624872058,0.228575322332,0.591790926117,0.223361469532,-0.144049549726,-0.368429456585,peak
10.07,0.37269532675,0.228563887157,0.592373830379,0.223350186914,-0.144131439593,-0.369023643465,peak
10.08,0.372745949146,0.228553041587,0.592925689659,0.223338995487,-0.144192907559,-0.369586694172,peak
10.09,0.372779232742,0.22854275349,0.593436042143,0.22332781611,-0.144236479252,-0.370108226033,peak
10.1,0.372798476181,0.228532980205,0.593893863578,0.223316561363,-0.144265495976,-0.370577302215,peak
10.11,0.372807239125,0.228523670449,0.594288446807,0.223305136736,-0.144283568676,-0.370983310071,peak
10.12,0.372808945858,0.228514765959,0.594610186986,0.223293441732,-0.144294179899,-0.371316745253,peak
10.13,0.372806618479,0.228506202903,0.594851293168,0.223281370906,-0.144300415576,-0.371569922262,decay
10.14,0.372802869197,0.228497913109,0.595006377945,0.223268814902,-0.144304956088,-0.371737563042,decay
10.15,0.372800137119,0.22848982513,0.595072812723,0.223255661524,-0.144310311989,-0.371817151199,decay
10.16,0.372800837519,0.228481865195,0.595050793535,0.22324179687,-0.144318972324,-0.371808996666,decay
10.17,0.372807249557,0.228473958054,0.594943248618,0.223227106554,-0.144333291503,-0.371716142064,decay
10.18,0.37282138175,0.228466027744,0.594755704449,0.223211477045,-0.144355354006,-0.371544227404,decay
10.19,0.372844949857,0.228457998325,0.594496017232,0.223194797184,-0.144386951532,-0.371301220048,decay
10.2,0.372879339943,0.228449794607,0.594173879953,0.223176959955,-0.144429545336,-0.370996919998,decay
10.21,0.372925599597,0.228441342925,0.593800218908,0.223157864595,-0.144484256673,-0.370642354313,decay
10.22,0.372984500723,0.228432571966,0.593386664832,0.223137419087,-0.144551928757,-0.370249245745,decay
10.23,0.373056452181,0.228423413716,0.592945250708,0.22311554311,-0.144633038465,-0.369829707598,decay
10.24,0.373141230485,0.228413804517,0.592488412958,0.223092171513,-0.144727425969,-0.369396241445,decay
10.25,0.373237801619,0.228403686311,0.592029096041,0.223067258389,-0.144834115309,-0.368961837653,decay
10.26,0.373344302616,0.22839300786,0.591580497549,0.223040781133,-0.144951294756,-0.368539716416,decay
10.27,0.373458059287,0.228381725353,0.591155120041,0.223012742417,-0.145076333934,-0.368142377624,decay
10.28,0.373575725985,0.22836980191,0.590763223954,0.22298316849,-0.145205924075,-0.367780055464,decay
10.29,0.373693665639,0.22835720638,0.590411183008,0.222952105017,-0.145336459259,-0.36745907799,decay
10.3,0.373808368158,0.228343912082,0.590100417119,0.222919612611,-0.145464456076,-0.367180804508,decay
10.31,0.373916673005,0.228329895764,0.589827402082,0.222885762892,-0.145586777241,-0.36694163919,decay
10.32,0.374015866271,0.228315136789,0.589584789624,0.222850635089,-0.145700729482,-0.366734154534,decay
10.33,0.374103736962,0.228299616553,0.589363172376,0.222814313098,-0.145804120409,-0.366548859278,decay
10.34,0.374178550129,0.228283318111,0.589152859378,0.222776882933,-0.145895232018,-0.366375976445,decay
10.35,0.374239060559,0.228266226026,0.588945253496,0.222738430517,-0.145972834533,-0.366206822979,decay
10.36,0.374284699532,0.228248326388,0.588733635465,0.222699039821,-0.146036373144,-0.366034595644,decay
10.37,0.37431572915,0.228229606845,0.58851329026,0.222658791537,-0.146086122306,-0.365854498723,decay
10.38,0.374333108642,0.228210056533,0.588281165218,0.222617762419,-0.146123052109,-0.365663402798,decay
10.39,0.374338119906,0.228189666006,0.588035365225,0.222576025124,-0.1461484539,-0.365459340101,decay
10.4,0.374331886222,0.228168427312,0.587774669126,0.222533648292,-0.14616345891,-0.365241020834,decay
10.41,0.374314847627,0.22814633431,0.587498206524,0.222490696754,-0.146168513318,-0.365007509771,decay
10.42,0.374286395894,0.228123383218,0.587205453387,0.222447231834,-0.146163012675,-0.364758221553,decay
10.43,0.374244896686,0.228099573428,0.58689657475,0.222403311748,-0.146145323259,-0.364493263001,decay
10.44,0.374187992302,0.228074908566,0.586572979362,0.222358992077,-0.146113083736,-0.364213987285,decay
10.45,0.374112951214,0.228049397859,0.586237954273,0.222314326313,-0.146063553355,-0.363923627959,decay
10.46,0.374017136447,0.228023057561,0.585897276474,0.222269366437,-0.145994078887,-0.363627910037,decay
10.47,0.373898705229,0.227995911797,0.585559545898,0.22222416337,-0.145902793432,-0.363335382528,decay
10.48,0.373757279702,0.227967992299,0.585235889021,0.222178767214,-0.145789287404,-0.363057121807,decay
10.49,0.373594358038,0.227939337411,0.584938958704,0.222133227327,-0.145655020628,-0.362805731378,decay
10.5,0.373413571411,0.227909991086,0.584681504343,0.222087592382,-0.145503580325,-0.362593911961,decay
10.51,0.373220738319,0.227880002123,0.584474891787,0.22204191044,-0.145340736197,-0.362432981347,decay
10.52,0.373023485484,0.227849423649,0.584327985456,0.221996229043,-0.145174061835,-0.362331756413,decay
10.53,0.372830529512,0.227818312848,0.584246715442,0.221950595301,-0.145012216665,-0.36229612014,decay
10.54,0.372650872483,0.22778673088,0.584234275538,0.221905055986,-0.144864141603,-0.362329219552,decay
10.55,0.372492970749,0.227754743018,0.584291559857,0.221859657594,-0.144738227731,-0.362431902263,decay
10.56,0.37236397143,0.227722418815,0.58441747271,0.2218144464,-0.144641552615,-0.36260302631,decay
10.57,0.372269222164,0.227689831872,0.584609020723,0.221769468502,-0.144579390292,-0.362839552221,decay
10.58,0.372211997889,0.227657058855,0.584861352121,0.221724769877,-0.144554939034,-0.363136582244,decay
10.59,0.372193222032,0.227624177977,0.585167992188,0.221680396416,-0.144569044055,-0.363487595773,decay
10.6,0.372211325179,0.227591267345,0.585521448662,0.221636393897,-0.144620057833,-0.363885054766,decay
10.61,0.37226259035,0.227558403325,0.585914125076,0.221592807883,-0.144704187026,-0.364321317193,decay
10.62,0.372341919293,0.227525658876,0.586339175659,0.221549683515,-0.144816260417,-0.364789492144,decay
10.63,0.372443697732,0.22749310183,0.58679092323,0.2215070652,-0.144950595901,-0.36528385803,decay
10.64,0.372562664651,0.227460793054,0.587264702095,0.221464996167,-0.145101871597,-0.365799705929,decay
10.65,0.372694685364,0.227428784455,0.587756124875,0.221423517876,-0.145265900909,-0.366332606999,decay
10.66,0.372837148008,0.22739711703,0.58825991485,0.221382669344,-0.145440030977,-0.366877245506,decay
10.67,0.372988935813,0.227365819677,0.58876869732,0.221342486583,-0.145623116136,-0.367426210737,decay
10.68,0.373150184132,0.227334909307,0.589272216252,0.221303002316,-0.145815274825,-0.367969213936,decay
10.69,0.373321870832,0.227304391824,0.589757252721,0.221264245831,-0.146017479008,-0.368493006889,decay
10.7,0.373505214357,0.227274263186,0.590208302722,0.221226242707,-0.146230951171,-0.368982060015,decay
10.71,0.373701064709,0.227244510241,0.590608932705,0.221189014305,-0.146456554469,-0.369419918401,decay
10.72,0.373909425766,0.227215111313,0.590943612986,0.221152577009,-0.146694314453,-0.369791035977,decay
10.73,0.374129016035,0.227186036571,0.591199718794,0.221116941191,-0.146942979464,-0.370082777604,decay
10.74,0.374356921351,0.227157248172,0.591369261696,0.221082109878,-0.147199673179,-0.370287151818,decay
10.75,0.374588652953,0.227128700197,0.591449796585,0.22104807711,-0.147459952756,-0.370401719475,decay
10.76,0.374818659292,0.227100338582,0.591444098441,0.221014826265,-0.14771832071,-0.370429272176,decay
10.77,0.375040960187,0.227072101653,0.591358666338,0.220982329339,-0.147968858534,-0.370376336999,decay
10.78,0.375249752693,0.227043921737,0.591201525613,0.220950547916,-0.148205830956,-0.370250977697,decay
10.79,0.37544003542,0.227015727541,0.59097996159,0.220919435277,-0.148424307878,-0.370060526313,decay
10.8,0.375608111579,0.226987446748,0.590698856272,0.220888938665,-0.148620664831,-0.369809917607,decay
10.81,0.375751853579,0.22695900861,0.590360202021,0.220859001321,-0.148792844969,-0.369501200701,decay
10.82,0.375870811198,0.226930346599,0.589963924085,0.220829564296,-0.148940464599,-0.369134359789,decay
10.83,0.375966127106,0.226901401159,0.589509557309,0.220800568102,-0.149064725947,-0.368708989206,decay
10.84,0.376040132183,0.226872122619,0.588998066258,0.220771954212,-0.149168009564,-0.368226112046,decay
10.85,0.37609575954,0.226842474346,0.588433179131,0.220743666476,-0.149253285195,-0.367689512655,decay
10.86,0.376136017335,0.226812435736,0.587821811645,0.220715652411,-0.149323581599,-0.367106159235,decay
10.87,0.376163481138,0.226782003779,0.587173507866,0.22068786421,-0.149381477359,-0.366485643656,decay
10.88,0.376179739394,0.226751192174,0.586499275736,0.220660259365,-0.14942854722,-0.365839016371,decay
10.89,0.376185043521,0.22672002879,0.585810438101,0.220632801018,-0.149465014731,-0.365177637083,decay
10.9,0.376178343487,0.226688552809,0.585117956698,0.220605458267,-0.149489790678,-0.364512498432,decay
10.91,0.376157550067,0.226656812085,0.584432367567,0.220578206526,-0.149500737982,-0.36385416104,decay
10.92,0.376119995219,0.226624860729,0.583764262167,0.220551027956,-0.149495134491,-0.363213234211,decay
10.93,0.376063216472,0.226592756847,0.583124958996,0.22052391197,-0.149470459625,-0.362601047026,decay
10.94,0.375985811937,0.226560560404,0.582526720787,0.220496855847,-0.149425251534,-0.362029864939,decay
10.95,0.37588795709,0.226528331146,0.581982152064,0.220469865447,-0.149359625944,-0.361512286617,decay
10.96,0.375771558852,0.226496126679,0.581503034611,0.220442955855,-0.149275432173,-0.361060078756,decay
10.97,0.37564015099,0.226464001025,0.581099108308,0.220416151376,-0.149176149965,-0.360682956932,decay
10.98,0.375498473769,0.226432003929,0.580777202878,0.220389484431,-0.149066469841,-0.360387718447,decay
10.99,0.375351826467,0.22640018066,0.580540929492,0.220362993665,-0.148951645807,-0.360177935828,decay
11,0.375205456012,0.226368571892,0.580390863756,0.220336721843,-0.14883688412,-0.360054141913,decay
11.01,0.37506405591,0.226337213481,0.580324963174,0.220310713753,-0.148726842428,-0.360014249421,decay
11.02,0.37493135799,0.226306136111,0.580338994789,0.220285014075,-0.14862522188,-0.360053980713,decay
11.03,0.37481002635,0.226275364795,0.58042685082,0.22025966519,-0.148534661555,-0.360167185631,decay
11.04,0.374701968964,0.226244918225,0.580580730204,0.22023470487,-0.14845705074,-0.360346025334,decay
11.05,0.374608725155,0.226214807928,0.580791325497,0.220210163813,-0.148393917227,-0.360581161684,decay
11.06,0.374531662628,0.226185037424,0.581048273309,0.22018606329,-0.148346625204,-0.360862210019,decay
11.07,0.374472157094,0.2261556019,0.581340995895,0.220162413878,-0.148316555194,-0.361178582016,decay
11.08,0.374431833859,0.226126488828,0.581659741553,0.220139216027,-0.14830534503,-0.361520525526,decay
11.09,0.374412685329,0.22609767921,0.581996460214,0.220116461864,-0.148315006119,-0.36187999835,decay
11.1,0.374417008216,0.226069148904,0.582345232209,0.220094137232,-0.148347859312,-0.362251094977,decay
11.11,0.374447219352,0.226040869809,0.582702084547,0.220072223555,-0.148406349543,-0.362629860991,decay
11.12,0.37450550545,0.22601281092,0.583064176404,0.220050699522,-0.14849269453,-0.363013476882,decay
11.13,0.374593347358,0.225984939272,0.583428629005,0.220029542623,-0.148608408086,-0.363399086382,decay
11.14,0.374711149719,0.225957220795,0.583791466139,0.220008730573,-0.148753928925,-0.363782735566,decay
11.15,0.374858065941,0.225929621111,0.584146970117,0.219988242643,-0.148928444829,-0.364158727474,decay
11.16,0.375031927731,0.225902106287,0.584487489027,0.219968060839,-0.149129821444,-0.364519428187,decay
11.17,0.375229335978,0.225874643557,0.584803699329,0.219948170658,-0.14935469242,-0.364855528671,decay
11.18,0.375446008332,0.225847202063,0.585085369241,0.219928561226,-0.149598806269,-0.365156808015,decay
11.19,0.375677167366,0.225819753597,0.585322507856,0.219909224986,-0.149857413769,-0.36541328287,decay
11.2,0.375917715568,0.225792273398,0.585506667456,0.219890157233,-0.15012544217,-0.365616510223,decay
11.21,0.376162332987,0.225764740988,0.585632230711,0.219871355616,-0.150397591999,-0.365760875095,decay
11.22,0.37640566513,0.225737141099,0.585697485723,0.219852819609,-0.15066852403,-0.365844666114,decay
11.23,0.376642465351,0.225709464684,0.585705186474,0.219834549943,-0.150933000667,-0.365870636531,decay
11.24,0.376867700809,0.225681710049,0.585662270313,0.219816547992,-0.15118599076,-0.365845722321,decay
11.25,0.377076885914,0.225653884119,0.585578496568,0.219798815103,-0.151423001795,-0.365779681465,decay
11.26,0.377266603095,0.225626003617,0.58546415754,0.219781351917,-0.151640599478,-0.365682805622,decay
11.27,0.377434874162,0.225598095445,0.585327583076,0.219764157872,-0.151836778718,-0.365563425205,decay
11.28,0.377581226934,0.225570195684,0.585173370383,0.219747231012,-0.15201103125,-0.365426139371,decay
11.29,0.377706461421,0.225542347649,0.585001911233,0.219730568012,-0.152164113772,-0.365271343221,decay
11.3,0.377812117487,0.225514599698,0.584810207961,0.219714164184,-0.152297517789,-0.365096043778,decay
11.31,0.377899849641,0.225487003088,0.584593535165,0.219698013417,-0.152412846552,-0.364895521748,decay
11.32,0.377971083209,0.225459609849,0.5843473325,0.219682108025,-0.15251147336,-0.364665224475,decay
11.33,0.378026981776,0.225432470633,0.584068785589,0.219666438505,-0.152594511144,-0.364402347084,decay
11.34,0.37806844761,0.225405632488,0.58375774404,0.219650993206,-0.152662815122,-0.364106750834,decay
11.35,0.378096152025,0.225379136514,0.583416828575,0.219635757903,-0.152717015511,-0.363781070671,decay
11.36,0.378110670127,0.225353015621,0.583050740245,0.21962071535,-0.152757654507,-0.363430024895,decay
11.37,0.378112449941,0.225327293163,0.582664934628,0.219605845016,-0.152785156778,-0.363059089612,decay
11.38,0.378101491731,0.225301983081,0.582264100415,0.219591123189,-0.15279950865,-0.362672977226,decay
11.39,0.378077061912,0.225277091032,0.581851064197,0.21957652331,-0.15279997088,-0.362274540887,decay
11.4,0.378037706213,0.225252615686,0.581426496959,0.219562016334,-0.152785090527,-0.361864480625,decay
11.41,0.377981554239,0.225228549826,0.580989383154,0.21954757102,-0.152753004413,-0.361441812134,decay
11.42,0.377906890395,0.225204881262,0.580538017623,0.219533154177,-0.152702009133,-0.361004863446,decay
11.43,0.377812868807,0.225181593556,0.580071214267,0.219518730848,-0.152631275251,-0.36055248342,decay
11.44,0.377699958223,0.225158666578,0.579589290124,0.219504264469,-0.152541291645,-0.360085025654,decay
11.45,0.377569846729,0.225136076918,0.579094474874,0.219489717006,-0.152433769811,-0.359604757868,decay
11.46,0.377425071066,0.225113798224,0.57859073525,0.219475049088,-0.152311272841,-0.359115686162,decay
11.47,0.377268666406,0.225091801753,0.578083258654,0.219460220245,-0.152176864652,-0.358623038409,decay
11.48,0.377103778245,0.22507005732,0.577577890739,0.219445189284,-0.152033720926,-0.358132701455,decay
11.49,0.376933259734,0.225048534534,0.577080685604,0.219429914799,-0.1518847252,-0.357650770805,decay
11.5,0.376759475267,0.225027204089,0.576597441871,0.219414355759,-0.151732271178,-0.357183086112,decay
11.51,0.376584240615,0.225006039015,0.576133007568,0.219398472167,-0.151578201599,-0.356734535402,decay
11.52,0.376408683808,0.22498501593,0.57569045394,0.219382225805,-0.151423667879,-0.356308228135,decay
11.53,0.3762331697,0.224964116294,0.575270497912,0.219365581088,-0.151269053406,-0.355904916824,decay
11.54,0.376057470752,0.224943327716,0.574871422167,0.219348506056,-0.151114143036,-0.355522916111,decay
11.55,0.375881101504,0.224922645318,0.574489497062,0.219330973515,-0.150958456186,-0.355158523548,decay
11.56,0.375703833038,0.224902072968,0.574119860778,0.219312962209,-0.15080176007,-0.354806898569,decay
11.57,0.375526403927,0.224881623703,0.573757833164,0.219294457558,-0.150644780224,-0.354463375607,decay
11.58,0.375351010451,0.224861318822,0.573400527621,0.219275451591,-0.15048969163,-0.35412507603,decay
11.59,0.37518111123,0.224841186026,0.573048410563,0.21925594239,-0.150339925204,-0.353792468172,decay
11.6,0.375020701935,0.224821257307,0.572706265374,0.219235933513,-0.150199444628,-0.35347033186,decay
11.61,0.374873577864,0.224801566832,0.57238301317,0.21921543362,-0.150072011032,-0.353167579549,decay
11.62,0.374742783221,0.224782148806,0.572090189355,0.219194456305,-0.149960634415,-0.35289573305,decay
11.63,0.374630245715,0.224763035281,0.571839449278,0.219173020125,-0.149867210434,-0.352666429153,decay
11.64,0.374536708041,0.224744253864,0.571639848645,0.219151148834,-0.149792454177,-0.352488699812,decay
11.65,0.374461864047,0.22472582527,0.571495646372,0.219128871807,-0.149736038777,-0.352366774565,decay
11.66,0.374404426884,0.224707760987,0.571405223264,0.219106224509,-0.149696665897,-0.352298998755,decay
11.67,0.374362155016,0.224690061899,0.571361407932,0.219083248487,-0.149672093117,-0.352278159445,decay
11.68,0.374331979639,0.224672718548,0.571353029768,0.219059990517,-0.149659261091,-0.352293039252,decay
11.69,0.374310123484,0.224655712505,0.571367218775,0.219036501156,-0.149654410979,-0.352330717619,decay
11.7,0.374292186172,0.224639017932,0.571391967954,0.219012833196,-0.14965316824,-0.352379134758,decay
11.71,0.374273445615,0.224622602976,0.57141847851,0.218989040185,-0.149650842639,-0.352429438325,decay
11.72,0.374249389564,0.224606430991,0.571442759478,0.218965175013,-0.149642958574,-0.352477584465,decay
11.73,0.374216176511,0.224590461611,0.571466104005,0.218941288517,-0.1496257149,-0.352524815487,decay
11.74,0.374170973925,0.224574651708,0.571494428302,0.218917428068,-0.149596322217,-0.352577000233,decay
11.75,0.374112339417,0.22455895625,0.571536749522,0.218893636114,-0.149553383167,-0.352643113408,decay
11.76,0.3740405115,0.224543329086,0.571603187906,0.218869948795,-0.149497182414,-0.352733239111,decay
11.77,0.37395740613,0.224527723659,0.571702971545,0.218846395108,-0.149429682472,-0.352856576437,decay
11.78,0.373866456262,0.224512093659,0.57184295564,0.218822996964,-0.149354362603,-0.353019958676,decay
11.79,0.373772349067,0.224496393646,0.572026889473,0.218799769858,-0.149275955421,-0.353227119615,decay
11.8,0.373680463569,0.22448057968,0.572255316483,0.218776723625,-0.14919988389,-0.353478592859,decay
11.81,0.373596092006,0.224464609998,0.572525930497,0.218753863083,-0.149131482008,-0.353772067414,decay
11.82,0.373523752654,0.224448445753,0.572834190961,0.218731188555,-0.149075306901,-0.354103002407,decay
11.83,0.373466658841,0.224432051831,0.573173959873,0.218708696269,-0.14903460701,-0.354465263604,decay
11.84,0.373426353872,0.224415397785,0.573538092772,0.218686378649,-0.149010956087,-0.354851714123,decay
11.85,0.37340276621,0.224398458898,0.57391903971,0.2186642245,-0.149004307311,-0.35525481521,decay
11.86,0.373394781541,0.224381217237,0.574309405548,0.218642219161,-0.149013564304,-0.355667186387,decay
11.87,0.373400950743,0.224363662233,0.574702424047,0.218620344857,-0.14903728851,-0.35608207919,decay
11.88,0.37341996068,0.224345790418,0.575092462022,0.218598581429,-0.149074170261,-0.356493880593,decay
11.89,0.373450837154,0.224327604612,0.575475591342,0.218576907316,-0.149123232542,-0.356898684025,decay
11.9,0.373492836877,0.224309113047,0.575849997224,0.218555300603,-0.14918372383,-0.357294696621,decay
11.91,0.373544980281,0.224290328649,0.576215993883,0.218533740034,-0.149254651632,-0.35768225385,decay
11.92,0.373605597036,0.224271268465,0.57657562011,0.218512206032,-0.149334328571,-0.358063414077,decay
11.93,0.373672327781,0.224251953227,0.57693181392,0.218490681729,-0.149420374554,-0.358441132191,decay
11.94,0.373742497388,0.224232407048,0.577287220321,0.218469154027,-0.14951009034,-0.358818066295,decay
11.95,0.373813580567,0.224212657232,0.577642933407,0.218447614723,-0.149600923335,-0.359195318684,decay
11.96,0.373883690961,0.224192734114,0.577997557479,0.218426061559,-0.149690956847,-0.35957149592,decay
11.97,0.373951967462,0.224172670653,0.578346831016,0.218404498751,-0.149779296809,-0.359942332264,decay
11.98,0.374018655593,0.224152501575,0.578683909178,0.218382936653,-0.149866154018,-0.360300972525,decay
11.99,0.374084926665,0.224132262201,0.579000254126,0.218361390817,-0.149952664465,-0.360638863309,decay
12,0.37415258557,0.224111987175,0.579286844997,0.218339880925,-0.150040598395,-0.360946964072,decay
12.01,0.374223645865,0.224091709207,0.579535216654,0.218318429756,-0.150131936658,-0.361216786898,decay
12.02,0.374299808917,0.224071457784,0.579737963159,0.2182970622,-0.150228351134,-0.361440900959,decay
12.03,0.374382159734,0.22405125783,0.579888665402,0.218275804284,-0.150330901903,-0.361612861119,decay
12.04,0.374471214349,0.224031128298,0.579981412439,0.2182546822,-0.150440086051,-0.361726730239,decay
12.05,0.374567047306,0.22401108064,0.580010214494,0.218233721309,-0.150555966666,-0.361776493185,decay
12.06,0.374669396767,0.223991117402,0.579968699444,0.21821294517,-0.150678279365,-0.361755754275,decay
12.07,0.374777866974,0.223971231664,0.579850393403,0.218192374841,-0.15080663531,-0.361658018562,decay
12.08,0.374892050057,0.223951407909,0.579649535143,0.218172028607,-0.150940642148,-0.361477506536,decay
12.09,0.375011374203,0.223931623884,0.579362061784,0.218151921991,-0.151079750319,-0.361210139793,decay
12.1,0.375134906595,0.223911852703,0.578986388793,0.218132067777,-0.151223053892,-0.360854321016,decay
12.11,0.375261366352,0.223892064892,0.578523806263,0.218112475946,-0.151369301461,-0.360411330317,decay
12.12,0.375389301206,0.223872230384,0.577978565671,0.218093153498,-0.151517070823,-0.359885412173,decay
12.13,0.375517337641,0.22385232052,0.57735778758,0.21807410416,-0.151665017121,-0.35928368342,decay
12.14,0.375644456622,0.223832310075,0.576671159637,0.218055327983,-0.151812146547,-0.358615831654,decay
12.15,0.375770046928,0.223812179361,0.575930316993,0.218036820802,-0.151957867567,-0.35789349619,decay
12.16,0.375893536675,0.223791916185,0.575147909841,0.218018573697,-0.15210162049,-0.357129336144,decay
12.17,0.376013973667,0.223771516905,0.574336559904,0.218000572816,-0.152242456762,-0.356335987089,decay
12.18,0.376130080916,0.223750985999,0.573507928239,0.21798279988,-0.152379094917,-0.355525128359,decay
12.19,0.376240730792,0.223730334609,0.57267190461,0.217965233137,-0.152510396183,-0.354706671473,decay
12.2,0.37634550227,0.223709578845,0.571835902722,0.217947848387,-0.152635923426,-0.353888054335,decay
12.21,0.376445132581,0.223688738173,0.571004433416,0.21793061993,-0.152756394408,-0.353073813487,decay
12.22,0.376541568387,0.223667833883,0.570179189244,0.217913521445,-0.152873734504,-0.352265667799,decay
12.23,0.376637400123,0.223646887609,0.569359820676,0.217896526823,-0.152990512514,-0.351463293853,decay
12.24,0.376735021638,0.223625919859,0.568545365143,0.217879610962,-0.153109101779,-0.35066575418,decay
12.25,0.376836012122,0.223604948557,0.567735861901,0.217862750565,-0.153231063565,-0.349873111337,decay
12.26,0.376940823323,0.223583987692,0.566933497468,0.217845924847,-0.153356835631,-0.34908757262,decay
12.27,0.377048711824,0.223563046585,0.566142911363,0.217829115942,-0.153485665239,-0.34831379542,decay
12.28,0.377157964606,0.223542130114,0.565370621426,0.217812308793,-0.153615834492,-0.347558312633,decay
12.29,0.377266267856,0.223521239624,0.564623637236,0.217795490702,-0.153745028231,-0.346828146534,decay
12.3,0.377370925878,0.223500374005,0.563907525166,0.217778650796,-0.153870551873,-0.34612887437,decay
12.31,0.377468967108,0.223479530744,0.563224517473,0.217761779507,-0.153989436363,-0.345462737967,decay
12.32,0.377557411486,0.223458706953,0.562572281393,0.217744868091,-0.154098704533,-0.344827413302,decay
12.33,0.377633660214,0.223437900375,0.561943671555,0.217727908155,-0.154195759838,-0.3442157634,decay
12.34,0.377695726391,0.223417110408,0.561327586235,0.217710891209,-0.154278615983,-0.343616695025,decay
12.35,0.377742302602,0.22339633914,0.560710892059,0.217693808225,-0.154345963462,-0.343017083834,decay
12.36,0.377772779603,0.223375592302,0.56008106766,0.217676649232,-0.154397187301,-0.342404418428,decay
12.37,0.377787134357,0.223354879742,0.559428992184,0.217659403063,-0.154432254615,-0.341769589121,decay
12.38,0.377785713263,0.223334215148,0.558751329269,0.217642057313,-0.154451498115,-0.341109271956,decay
12.39,0.3777690747,0.223313615214,0.558052011714,0.217624598466,-0.154455459486,-0.340427413248,decay
12.4,0.377737844386,0.223293098668,0.557342417774,0.21760701207,-0.154444745718,-0.339735405704,decay
12.41,0.377692484987,0.223272685296,0.556640117054,0.217589282942,-0.15441979969,-0.339050834111,decay
12.42,0.377633149221,0.223252394963,0.55596643349,0.217571395382,-0.154380754257,-0.338395038109,decay
12.43,0.377559795312,0.22323224661,0.555343367864,0.21755333342,-0.154327548702,-0.337790034444,decay
12.44,0.377472431972,0.223212257203,0.554790619451,0.2175350811,-0.154260174769,-0.337255538351,decay
12.45,0.377371353981,0.223192440621,0.554323391555,0.217516622804,-0.154178913361,-0.336806768751,decay
12.46,0.377257443483,0.22317280659,0.553951279014,0.217497943616,-0.154084636894,-0.336453335398,decay
12.47,0.377132426312,0.223153360103,0.553678126274,0.217479029665,-0.153979066209,-0.336199096608,decay
12.48,0.376998831747,0.223134101638,0.553502615002,0.217459868432,-0.153864730109,-0.33604274657,decay
12.49,0.376859813926,0.223115027921,0.553419426347,0.21744044904,-0.153744786005,-0.335978977307,decay
12.5,0.376719114359,0.223096132798,0.553420867052,0.217420762616,-0.153622981561,-0.336000104436,decay
12.51,0.37658100211,0.223077408022,0.553498766927,0.217400802738,-0.153503594087,-0.336097964189,decay
12.52,0.376450019475,0.22305884397,0.55364640378,0.217380565995,-0.153391175505,-0.336265837784,decay
12.53,0.37633074505,0.223040430287,0.553860144927,0.217360052662,-0.153290314764,-0.336500092265,decay
12.54,0.376227665447,0.223022156483,0.554140331975,0.217339267495,-0.153205508964,-0.33680106448,decay
12.55,0.376144982173,0.223004012494,0.55449096229,0.217318220682,-0.153140969679,-0.337172741608,decay
12.56,0.376086401716,0.222985989188,0.554918133875,0.217296928782,-0.153100412527,-0.337621205093,decay
12.57,0.376055060987,0.222968078798,0.555427751531,0.217275415227,-0.153086982189,-0.338152336304,decay
12.58,0.376053432242,0.222950275232,0.556023227593,0.217253710032,-0.15310315701,-0.33876951756,decay
12.59,0.37608308705,0.22293257432,0.556703826079,0.217231848965,-0.15315051273,-0.339471977114,decay
12.6,0.376144570429,0.222914974027,0.557464062249,0.21720987264,-0.153229596402,-0.340254189609,decay
12.61,0.376237495362,0.222897474679,0.558294204569,0.217187825714,-0.153340020683,-0.341106378855,decay
12.62,0.376360592627,0.222880079206,0.559181618246,0.217165756171,-0.153480513421,-0.342015862075,decay
12.63,0.376511678384,0.222862793388,0.560112602529,0.217143714681,-0.153648884996,-0.342968887847,decay
12.64,0.37668776179,0.222845626131,0.561074286838,0.217121754004,-0.153842135659,-0.343952532833,decay
12.65,0.376885212489,0.222828589759,0.562056056279,0.217099928421,-0.15405662273,-0.344956127857,decay
12.66,0.377099843073,0.222811700241,0.563050205864,0.217078293147,-0.154288142832,-0.345971912718,decay
12.67,0.377327068008,0.222794977069,0.564051858936,0.217056903641,-0.154532090939,-0.346994955295,decay
12.68,0.377562192035,0.222778442566,0.565058302387,0.217035814746,-0.154783749469,-0.348022487641,decay
12.69,0.37780064698,0.222762120771,0.566068005199,0.21701507965,-0.155038526209,-0.349052925549,decay
12.7,0.378038173654,0.222746036181,0.567079665665,0.216994748726,-0.155292137473,-0.350084916939,decay
12.71,0.378271040735,0.222730212422,0.568091509031,0.216974868231,-0.155540828313,-0.3511166408,decay
12.72,0.378496126648,0.22271467086,0.569100892344,0.216955478842,-0.155781455788,-0.352145413502,decay
12.73,0.378710663417,0.222699429101,0.570104103789,0.216936613988,-0.156011234316,-0.3531674898,decay
12.74,0.378911823254,0.222684499369,0.571096128899,0.216918297944,-0.156227323885,-0.354177830954,decay
12.75,0.379096433207,0.222669886716,0.572070217698,0.216900543649,-0.156426546491,-0.355169674048,decay
12.76,0.379260863506,0.222655587284,0.573017269703,0.216883350562,-0.156605276222,-0.356133919141,decay
12.77,0.379401187532,0.222641587319,0.573925338335,0.216866703609,-0.156759600213,-0.357058634726,decay
12.78,0.379513792625,0.222627863486,0.574779710661,0.216850574033,-0.156885929139,-0.357929136629,decay
12.79,0.379596227118,0.222614384062,0.575563758115,0.216834921534,-0.156981843056,-0.358728836581,decay
12.8,0.379647822734,0.222601110276,0.576260265747,0.216819696611,-0.157046712458,-0.359440569137,decay
12.81,0.379669937952,0.222587997497,0.576852634876,0.216804842668,-0.157081940455,-0.360047792209,decay
12.82,0.379665867568,0.222574996283,0.577325481542,0.216790297912,-0.157090871285,-0.36053518363,decay
12.83,0.379640394709,0.222562053312,0.577664655644,0.216775997066,-0.157078341398,-0.360888658578,decay
12.84,0.379599161411,0.222549112219,0.57785721395,0.216761872958,-0.157050049192,-0.361095340991,decay
12.85,0.379548244902,0.222536114379,0.577891991665,0.21674785801,-0.157012130523,-0.361144133655,decay
12.86,0.379494008389,0.222522999679,0.577761077495,0.216733885625,-0.15697100871,-0.36102719187,decay
12.87,0.379442945049,0.222509707407,0.577461981891,0.216719891336,-0.156933237642,-0.360742090555,decay
12.88,0.379401423294,0.222496177366,0.576999848074,0.216705813608,-0.156905245927,-0.360294034465,decay
12.89,0.379375464962,0.222482351182,0.576388857792,0.216691594445,-0.15689311378,-0.359697263347,decay
12.9,0.37937043326,0.222468173744,0.575652104165,0.216677179979,-0.156902259516,-0.358974924186,decay
12.91,0.379390404262,0.222453594776,0.574819717825,0.216662521163,-0.156936809486,-0.358157196661,decay
12.92,0.379437435955,0.222438570575,0.573925751263,0.216647574588,-0.15699886538,-0.357278176676,decay
12.93,0.379511104025,0.222423065947,0.573004704499,0.216632303445,-0.157088038078,-0.356372401054,decay
12.94,0.37960840368,0.222407056398,0.57208848975,0.21661667867,-0.157201347282,-0.35547181108,decay
12.95,0.379724131417,0.222390530609,0.571204392005,0.216600680292,-0.157333600808,-0.354603711714,decay
12.96,0.379851877106,0.22237349283,0.570374238531,0.216584298763,-0.157478384277,-0.353789939769,decay
12.97,0.379985368685,0.22235596394,0.569614571649,0.216567535567,-0.157629404745,-0.353047036082,decay
12.98,0.380119692417,0.222337980221,0.568937444945,0.216550402533,-0.157781712197,-0.352387042413,decay
12.99,0.380252099164,0.222319590545,0.568351536157,0.216532920278,-0.157932508618,-0.351818615879,decay
13,0.380382193639,0.222300853287,0.56786324795,0.216515116542,-0.158081340351,-0.351348131408,decay
13.01,0.380511293353,0.222281833432,0.567477400944,0.216497024685,-0.158229459921,-0.350980376258,decay
13.02,0.380641161465,0.222262599878,0.567197314434,0.216478682362,-0.158378561586,-0.350718632072,decay
13.03,0.380772807332,0.222243222879,0.56702438745,0.216460130335,-0.158529584453,-0.350564257115,decay
13.04,0.380905807819,0.222223771548,0.566957397784,0.216441411394,-0.158682036271,-0.350515986389,decay
13.05,0.381038130164,0.222204311391,0.566991794633,0.216422569372,-0.158833818774,-0.350569225262,decay
13.06,0.381166486677,0.222184902001,0.567119396075,0.216403648252,-0.158981584676,-0.350715747823,decay
13.07,0.381287216384,0.222165595494,0.567328769128,0.216384691512,-0.159121620889,-0.350944077616,decay
13.08,0.381397282631,0.222146436127,0.567606221693,0.216365741773,-0.159250846504,-0.35124047992,decay
13.09,0.38149500231,0.222127460703,0.567937092826,0.21634684067,-0.159367541608,-0.351590252156,decay
13.1,0.381580469518,0.222108699126,0.568306892418,0.216328028761,-0.159471770393,-0.351978863657,decay
13.11,0.381655587377,0.222090174817,0.56870191237,0.216309345421,-0.15956541256,-0.352392566948,decay
13.12,0.381723562926,0.222071904975,0.569109311291,0.216290828697,-0.159651657952,-0.352818482594,decay
13.13,0.381788079115,0.222053900681,0.56951704332,0.216272515097,-0.159734178434,-0.353244528223,decay
13.14,0.38185252004,0.222036166841,0.569914010212,0.216254439328,-0.159816353199,-0.353659570883,decay
13.15,0.381919332418,0.222018701965,0.570290543466,0.216236633944,-0.159900630452,-0.354053909522,decay
13.16,0.381989564552,0.222001497911,0.570639103034,0.216219128959,-0.159988066642,-0.354419974075,decay
13.17,0.382062838586,0.221984540004,0.570955009115,0.216201951569,-0.160078298583,-0.354753057545,decay
13.18,0.382137719629,0.22196780786,0.571236984107,0.21618512611,-0.16016991177,-0.355051857997,decay
13.19,0.382212048218,0.221951276672,0.57148735685,0.21616867413,-0.160260771546,-0.35531868272,decay
13.2,0.382283098906,0.221934918571,0.571711966479,0.21615261441,-0.160348180335,-0.355559352068,decay
13.21,0.382347732808,0.221918703899,0.571919831318,0.21613696286,-0.160429028909,-0.355782868457,decay
13.22,0.382402495015,0.221902602411,0.572122547979,0.21612173226,-0.160499892604,-0.356000815719,decay
13.23,0.382443653703,0.221886584434,0.572333335764,0.216106931855,-0.160557069269,-0.356226403909,decay
13.24,0.382467432377,0.221870622004,0.57256568587,0.216092566789,-0.160596810373,-0.356473119082,decay
13.25,0.38247044532,0.221854690008,0.572831782113,0.216078637362,-0.160615755312,-0.356753144751,decay
13.26,0.382450085912,0.221838767229,0.573141070062,0.216065138243,-0.160611318683,-0.357075931818,decay
13.27,0.382404792382,0.221822836886,0.573499337286,0.216052058037,-0.160581955496,-0.357447279249,decay
13.28,0.382334239792,0.221806886394,0.573908467906,0.216039379525,-0.160527353398,-0.357869088381,decay
13.29,0.382239343558,0.221790906553,0.574366792959,0.216027080342,-0.160448437005,-0.358339712617,decay
13.3,0.382121951074,0.221774890616,0.574869884074,0.21601513367,-0.160347060458,-0.358854750404,decay
13.31,0.381984397597,0.221758833381,0.575411685181,0.216003508777,-0.160225564216,-0.359408176404,decay
13.32,0.38182914415,0.221742730319,0.575985764868,0.215992171408,-0.16008641383,-0.35999359346,decay
13.33,0.381658416992,0.221726576721,0.576586327964,0.215981084038,-0.159931840271,-0.360605243926,decay
13.34,0.381473803901,0.221710366855,0.577208700027,0.215970206003,-0.159763437046,-0.361238494023,decay
13.35,0.381276022795,0.22169409312,0.57784918689,0.215959493519,-0.159581929675,-0.361889693371,decay
13.36,0.381064932834,0.221677745305,0.578504409555,0.215948899656,-0.159387187529,-0.362555509899,decay
13.37,0.380839697326,0.221661310304,0.579170459392,0.215938374495,-0.159178387022,-0.363232084897,decay
13.38,0.380599183462,0.22164477258,0.579842317054,0.215927865611,-0.158954410882,-0.363914451443,decay
13.39,0.380342597146,0.221628115158,0.580513746379,0.215917318796,-0.158714481988,-0.364596427584,decay
13.4,0.380070050105,0.221611320796,0.58117762351,0.215906678853,-0.158458729308,-0.365270944657,decay
13.41,0.379782887154,0.221594373199,0.581826584143,0.215895890378,-0.158188513955,-0.365930693765,decay
13.42,0.379483885862,0.221577258274,0.582453803965,0.215884898572,-0.157906627589,-0.366568905392,decay
13.43,0.379177306704,0.221559965464,0.583053701306,0.215873650092,-0.15761734124,-0.367180051214,decay
13.44,0.37886860429,0.221542489183,0.583622411624,0.215862093985,-0.157326115107,-0.367760317639,decay
13.45,0.37856391214,0.221524830366,0.58415795826,0.215850182712,-0.157039081774,-0.368307775548,decay
13.46,0.378269640315,0.221506997898,0.584660055632,0.215837873187,-0.156762642418,-0.368822182445,decay
13.47,0.377992183529,0.221489009106,0.585129497208,0.215825127416,-0.156503174424,-0.369304369793,decay
13.48,0.377737560467,0.221470888662,0.585567287536,0.215811912464,-0.156266671805,-0.369755375072,decay
13.49,0.377511108867,0.221452666386,0.585973825207,0.215798200004,-0.156058442481,-0.370175625203,decay
13.5,0.37731730144,0.221434374759,0.586348303719,0.215783965848,-0.155882926681,-0.370564337871,decay
13.51,0.377159477891,0.221416046478,0.586688405092,0.215769189663,-0.155743431413,-0.370919215429,decay
13.52,0.377039550855,0.221397712039,0.586990422325,0.215753854884,-0.155641838816,-0.371236567441,decay
13.53,0.376957954933,0.22137939728,0.587249841315,0.215737948811,-0.155578557653,-0.371511892505,decay
13.54,0.376913810064,0.221361120864,0.587462133505,0.215721462914,-0.155552689201,-0.371740670591,decay
13.55,0.376905150665,0.22134289164,0.587623423946,0.21570439335,-0.155562259025,-0.371919030595,decay
13.56,0.376929290254,0.221324706187,0.587730872004,0.215686741564,-0.155604584067,-0.37204413044,decay
13.57,0.376983303123,0.221306547591,0.587782721044,0.215668514585,-0.155676755532,-0.372114206459,decay
13.58,0.37706429072,0.221288386252,0.587778018565,0.215649724712,-0.155775904468,-0.372128293853,decay
13.59,0.377169272913,0.221270182105,0.587716149173,0.215630388821,-0.155899090808,-0.372085760351,decay
13.6,0.377294966796,0.221251887195,0.587596409598,0.215610527697,-0.156043079601,-0.371985881902,decay
13.61,0.377437645334,0.221233448167,0.587417765558,0.215590165541,-0.156204197167,-0.371827600017,decay
13.62,0.377593055185,0.221214808696,0.587178859951,0.21556932968,-0.156378246488,-0.371609530272,decay
13.63,0.377756544433,0.221195911912,0.586878351574,0.215548050434,-0.156560632521,-0.371330301141,decay
13.64,0.37792351866,0.221176702855,0.586515550642,0.215526361165,-0.156746815805,-0.370989189478,decay
13.65,0.378089931583,0.22115713104,0.586091232033,0.215504298475,-0.156932800543,-0.370586933559,decay
13.66,0.378252522553,0.221137152931,0.585608628006,0.215481902437,-0.157115369622,-0.370126725569,decay
13.67,0.378408819378,0.221116733694,0.585074520175,0.215459216454,-0.157292085684,-0.369615303722,decay
13.68,0.3785569101,0.221095847732,0.584500013808,0.215436286436,-0.157461062369,-0.369063727372,decay
13.69,0.378695005472,0.22107447841,0.583900515337,0.215413159504,-0.157620527062,-0.368487355833,decay
13.7,0.378821107047,0.22105261773,0.583294780499,0.215389882588,-0.157768489317,-0.367904897911,decay
13.71,0.378933069999,0.221030266217,0.582703301225,0.215366501058,-0.157902803782,-0.367336800167,decay
13.72,0.379028905604,0.221007433083,0.582146479485,0.21534305737,-0.158021472521,-0.366803422115,decay
13.73,0.379107065023,0.22098413664,0.581643083143,0.215319589692,-0.158122928383,-0.366323493451,decay
13.74,0.379166758794,0.220960404979,0.581209376421,0.215296130475,-0.158206353815,-0.365913245946,decay
13.75,0.379208303743,0.220936276923,0.580858917786,0.215272704942,-0.15827202682,-0.365586212844,decay
13.76,0.37923318986,0.220911802964,0.580602629673,0.215249329696,-0.158321386896,-0.365353299977,decay
13.77,0.379243813188,0.220887045278,0.580448777539,0.215226012128,-0.158356767911,-0.365222765412,decay
13.78,0.379243164025,0.220862076124,0.580402821422,0.215202751168,-0.158381087901,-0.365200070254,decay
13.79,0.379234530829,0.220836975108,0.580467315647,0.215179538963,-0.158397555722,-0.365287776683,decay
13.8,0.379221167723,0.220811826181,0.580642028215,0.215156362773,-0.158409341541,-0.365485665442,decay
13.81,0.379206133745,0.220786714726,0.580924269829,0.215133206799,-0.15841941902,-0.36579106303,decay
13.82,0.379192363687,0.220761724657,0.581309150809,0.215110053957,-0.15843063903,-0.366199096853,decay
13.83,0.379182619278,0.220736935507,0.5817894836,0.215086887626,-0.158445683771,-0.366702595973,decay
13.84,0.37917912696,0.220712419398,0.582355375584,0.215063693404,-0.158466707562,-0.367291682181,decay
13.85,0.379183151282,0.220688237855,0.582993788986,0.215040460895,-0.158494913427,-0.367953328091,decay
13.86,0.379194713603,0.220664438767,0.583688356048,0.215017185373,-0.158530274836,-0.368671170676,decay
13.87,0.379212517246,0.220641054616,0.584419736876,0.214993868689,-0.15857146263,-0.369425868188,decay
13.88,0.379234297686,0.22061810285,0.58516670979,0.214970518974,-0.158616194835,-0.370196190817,decay
13.89,0.379257636536,0.220595587702,0.585907841796,0.214947149492,-0.158662048834,-0.370960692305,decay
13.9,0.37928076113,0.220573502237,0.586623269981,0.214923777283,-0.158707258892,-0.371699492698,decay
13.91,0.37930293641,0.220551830168,0.58729612082,0.21490042185,-0.158751106242,-0.37239569897,decay
13.92,0.379324532663,0.220530547408,0.587913352788,0.214877103884,-0.158793985256,-0.373036248905,decay
13.93,0.379346836263,0.220509623398,0.588466073574,0.214853844004,-0.158837212865,-0.37361222957,decay
13.94,0.379371561895,0.220489022237,0.588949486498,0.214830661487,-0.158882539658,-0.374118825011,decay
13.95,0.379400313688,0.220468703631,0.589362630741,0.214807572962,-0.158931610057,-0.37455505778,decay
13.96,0.3794343104,0.22044862374,0.589707996908,0.214784591191,-0.15898568666,-0.374923405717,decay
13.97,0.379474369935,0.220428736049,0.589990905173,0.214761724391,-0.159045633886,-0.375229180782,decay
13.98,0.379521037287,0.2204089924,0.590218511773,0.214738976416,-0.159112044887,-0.375479535357,decay
13.99,0.379574761573,0.220389344126,0.590398522501,0.214716347557,-0.159185417447,-0.375682174944,decay
14,0.379635847428,0.2203697432,0.590537833118,0.214693835463,-0.159266104228,-0.375843997655,decay
14.01,0.379703995851,0.220350143376,0.590641354685,0.214671436013,-0.159353852475,-0.375969918672,decay
14.02,0.379777808957,0.220330501344,0.590711268057,0.21464914413,-0.159447307613,-0.376062123927,decay
14.03,0.379854797471,0.220310777932,0.590746745206,0.214626954546,-0.15954401954,-0.376119790659,decay
14.04,0.379931836509,0.220290939381,0.590743980474,0.214604862548,-0.159640897127,-0.376139117926,decay
14.05,0.380005668207,0.220270958734,0.590696526826,0.214582864694,-0.159734709472,-0.376113662133,decay
14.06,0.380073388513,0.220250817159,0.590596117839,0.21456095945,-0.159822571354,-0.376035158389,decay
14.07,0.380132973322,0.220230504658,0.590433967472,0.21453914748,-0.159902468664,-0.375894819993,decay
14.08,0.380183677205,0.220210019724,0.590202226942,0.2145174314,-0.159973657481,-0.375684795543,decay
14.09,0.380226209904,0.22018936828,0.589895224276,0.214495815146,-0.160036841624,-0.37539940913,decay
14.1,0.380262677082,0.220168562504,0.589510299872,0.214474303216,-0.160094114579,-0.375035996657,decay
14.11,0.380296160633,0.220147619773,0.589048292043,0.214452899881,-0.160148540859,-0.374595392163,decay
14.12,0.380330024762,0.220126561732,0.588513900363,0.214431608375,-0.16020346303,-0.374082291988,decay
14.13,0.380367414047,0.220105413455,0.587916106792,0.214410430035,-0.160262000592,-0.373505676757,decay
14.14,0.380411231333,0.2200842027,0.587268536234,0.214389363383,-0.160327028634,-0.372879172852,decay
14.15,0.380464330655,0.220062959221,0.586589399767,0.214368403138,-0.160401371434,-0.372220996629,decay
14.16,0.380529619879,0.220041714137,0.585900695441,0.214347539306,-0.160487905742,-0.371553156135,decay
14.17,0.3806100932,0.220020499337,0.585226570669,0.214326756841,-0.160589593863,-0.370899813828,decay
14.18,0.380708727342,0.219999346929,0.584591107498,0.214306036278,-0.160709380413,-0.37028507122,decay
14.19,0.38082809077,0.21997828869,0.584016097549,0.214285355037,-0.16084980208,-0.369730742513,decay
14.2,0.380969922663,0.219957355509,0.583519350766,0.214264688908,-0.161012567154,-0.369254661857,decay
14.21,0.381135028676,0.219936576788,0.583113764701,0.214244013518,-0.161198451888,-0.368869751184,decay
14.22,0.381323395284,0.219915979789,0.58280711829,0.214223305782,-0.161407415495,-0.368583812507,decay
14.23,0.381534351252,0.219895588907,0.582602476685,0.214202545397,-0.161638762345,-0.368399931288,decay
14.24,0.3817667898,0.219875424857,0.582498992108,0.214181716363,-0.161891364944,-0.368317275745,decay
14.25,0.382019260104,0.219855503743,0.582492752375,0.214160808606,-0.162163756361,-0.368331943769,decay
14.26,0.38228970464,0.219835836164,0.582577420588,0.214139819493,-0.162453868476,-0.368437601095,decay
14.27,0.382575096781,0.219816426809,0.582744688287,0.214118754627,-0.162758669973,-0.36862593366,decay
14.28,0.382871363456,0.219797274918,0.582984652134,0.214097627451,-0.163074088538,-0.368887024683,decay
14.29,0.383173592408,0.219778375322,0.583285981441,0.214076458019,-0.163395217086,-0.369209523422,decay
14.3,0.383476434982,0.219759719572,0.583635555291,0.214055271591,-0.16371671541,-0.3695802837,decay
14.31,0.38377476693,0.219741296981,0.584017498814,0.214034097288,-0.164033469949,-0.369983401526,decay
14.32,0.384064407551,0.219723095559,0.584412011962,0.214012966821,-0.164341311992,-0.370399045141,decay
14.33,0.384342456577,0.219705102873,0.584794691003,0.213991913254,-0.164637353704,-0.370802777749,decay
14.34,0.384607208498,0.219687306846,0.585137085523,0.213970969776,-0.164919901652,-0.371166115746,decay
14.35,0.384857940339,0.219669696507,0.585408792883,0.213950168459,-0.165188243833,-0.371458624424,decay
14.36,0.385094600161,0.219652262637,0.585580578793,0.213929539078,-0.165442337524,-0.371651039715,decay
14.37,0.385317325661,0.219634998131,0.585627511586,0.213909108305,-0.16568232753,-0.371718403282,decay
14.38,0.385525991276,0.219617897893,0.585531210264,0.213888899518,-0.165908093384,-0.371642310746,decay
14.39,0.385719902954,0.219600958421,0.585280752791,0.213868933013,-0.166118944534,-0.371411819777,decay
14.4,0.385897539689,0.219584177269,0.584872308607,0.213849226272,-0.16631336242,-0.371023082336,decay
14.41,0.386056392837,0.219567552481,0.584307936915,0.213829794131,-0.166488840356,-0.370478142784,decay
14.42,0.386193063127,0.219551081989,0.583594061752,0.213810648852,-0.166641981138,-0.3697834129,decay
14.43,0.386303543351,0.219534762975,0.582739998867,0.213791800077,-0.166768780376,-0.36894819879,decay
14.44,0.386383535512,0.219518591179,0.58175678531,0.213773254669,-0.166864944334,-0.367983530641,decay
14.45,0.38642884962,0.219502560147,0.580656482265,0.213755016439,-0.166926289474,-0.366901465826,decay
14.46,0.386435858563,0.219486660535,0.579451971148,0.213737085841,-0.166949198028,-0.365714885307,decay
14.47,0.386401742609,0.219470879853,0.578157062226,0.213719459947,-0.166930862756,-0.364437602279,decay
14.48,0.386324462405,0.219455202945,0.576786604726,0.213702132913,-0.16686925946,-0.363084471812,decay
14.49,0.386202735402,0.219439612991,0.575356281527,0.213685096795,-0.16676312241,-0.361671184731,decay
14.5,0.386036109235,0.219424092641,0.573881963278,0.213668342382,-0.166612016594,-0.360213620895,decay
14.51,0.385824971495,0.219408625126,0.572378889202,0.213651859959,-0.166416346369,-0.358727029243,decay
14.52,0.385570515378,0.219393195372,0.570861299234,0.213635639984,-0.166177320005,-0.35722565925,decay
14.53,0.385274753959,0.219377791117,0.569343048131,0.213619673705,-0.165896962842,-0.355723374426,decay
14.54,0.384940470419,0.21936240407,0.567839151362,0.213603953719,-0.165578066349,-0.354235197643,decay
14.55,0.384571083675,0.219347031122,0.566367692773,0.213588474488,-0.165224052554,-0.352779218286,decay
14.56,0.384170635378,0.219331675428,0.564951371819,0.213573232744,-0.16483895995,-0.351378139074,decay
14.57,0.383743897164,0.219316346739,0.563618074289,0.213558227535,-0.164427550425,-0.350059846753,decay
14.58,0.383296329716,0.219301060492,0.562400132129,0.213543459708,-0.163995269224,-0.348856672421,decay
14.59,0.382833886261,0.219285836031,0.561332332484,0.213528930995,-0.16354805023,-0.347803401488,decay
14.6,0.382362916969,0.219270694565,0.56044906973,0.213514642924,-0.163092222403,-0.346934426806,decay
14.61,0.381890132797,0.219255657132,0.559781160898,0.213500595659,-0.162634475665,-0.346280565239,decay
14.62,0.381422431601,0.219240742525,0.559352879015,0.213486786765,-0.162181689076,-0.34586609225,decay
14.63,0.380966724897,0.219225965171,0.559179735118,0.213473209861,-0.161740759727,-0.345706525257,decay
14.64,0.380529884419,0.219211332895,0.559267356175,0.213459853159,-0.161318551524,-0.345807503016,decay
14.65,0.380118632837,0.219196844562,0.559611606144,0.213446697855,-0.160921788275,-0.346164908288,decay
14.66,0.379739377941,0.21918248786,0.560199928143,0.213433716597,-0.160556890081,-0.346766211546,decay
14.67,0.379398101342,0.219168238274,0.561013575414,0.213420872754,-0.160229863068,-0.34759270266,decay
14.68,0.379100130765,0.219154059996,0.562030037776,0.21340812105,-0.159946070769,-0.348621916726,decay
14.69,0.378849678248,0.219139908209,0.563224952464,0.213395409151,-0.159709770039,-0.349829543313,decay
14.7,0.378649341606,0.219125731697,0.564573225602,0.213382679461,-0.159523609909,-0.351190546142,decay
14.71,0.378499689329,0.219111475383,0.566049534459,0.213369870854,-0.159388213946,-0.352679663605,decay
14.72,0.378398831077,0.219097082818,0.567628539878,0.213356920358,-0.159301748259,-0.35427161952,decay
14.73,0.378342134392,0.219082498661,0.569285173151,0.213343764825,-0.159259635731,-0.355941408325,decay
14.74,0.378322547822,0.219067671217,0.570995227717,0.213330342637,-0.159254876606,-0.35766488508,decay
14.75,0.378331583393,0.219052555075,0.572736164415,0.213316595485,-0.159279028318,-0.35941956893,decay
14.76,0.378360541742,0.219037113587,0.574487890176,0.213302470114,-0.159323428156,-0.361185420062,decay
14.77,0.378401707496,0.219021320196,0.576233303024,0.213287919586,-0.1593803873,-0.362945383439,decay
14.78,0.378449329926,0.219005157903,0.577958386285,0.213272903732,-0.159444172023,-0.364685482554,decay
14.79,0.378500071217,0.218988617435,0.579651756488,0.213257389087,-0.159511453782,-0.366394367402,decay
14.8,0.378552862194,0.218971695154,0.581303869604,0.213241348824,-0.15958116704,-0.36806252078,decay
14.81,0.378608419504,0.218954391115,0.582906168587,0.213224762901,-0.159654028389,-0.369681405686,decay
14.82,0.378668543258,0.21893670728,0.584450262508,0.213207618446,-0.159731835978,-0.371242644061,decay
14.83,0.378735244287,0.218918645851,0.585927267152,0.213189910393,-0.159816598435,-0.372737356759,decay
14.84,0.378810032882,0.218900207714,0.587327698389,0.213171642382,-0.159909825168,-0.374156056007,decay
14.85,0.378893640181,0.218881390944,0.588642194618,0.213152827937,-0.160012249237,-0.375489366682,decay
14.86,0.378985939459,0.218862189512,0.58986284571,0.213133491641,-0.160123749947,-0.376729354069,decay
14.87,0.379085804994,0.218842592586,0.590984572085,0.21311366939,-0.160243212408,-0.377870902695,decay
14.88,0.379191087556,0.218822584757,0.592005986773,0.213093407018,-0.160368502799,-0.378912579755,decay
14.89,0.379298884975,0.218802146938,0.592929344464,0.213072757796,-0.160496738037,-0.379856586668,decay
14.9,0.379405950525,0.218781257511,0.593759599662,0.213051779734,-0.160624693014,-0.380707819929,decay
14.91,0.379509106231,0.218759893561,0.594503070595,0.213030533011,-0.160749212669,-0.381472537584,decay
14.92,0.379605627231,0.218738032198,0.595166226814,0.213009077531,-0.160867595033,-0.382157149282,decay
14.93,0.379693373345,0.218715652002,0.595754788146,0.212987470536,-0.160977721343,-0.38276731761,decay
14.94,0.379770560745,0.218692734617,0.596273124545,0.212965764232,-0.161077826128,-0.383307360312,decay
14.95,0.379835497505,0.21866926652,0.596723906781,0.212944003375,-0.161166230984,-0.383779903406,decay
14.96,0.379886534749,0.218645240778,0.597107961825,0.212922223032,-0.16124129397,-0.384185738792,decay
14.97,0.379922131421,0.218620658097,0.597424397526,0.212900447331,-0.161301473324,-0.384523950195,decay
14.98,0.379940981936,0.218595526657,0.597671150363,0.212878689783,-0.161345455278,-0.38479246058,decay
14.99,0.379942275014,0.218569861135,0.597845920017,0.212856954719,-0.161372413879,-0.384988965297,decay
15,0.379925942569,0.218543681631,0.597947134635,0.212835238963,-0.161382260939,-0.385111895671,decay
15.01,0.379892702252,0.218517012793,0.597974574278,0.212813533414,-0.161375689459,-0.385161040864,decay
15.02,0.379844039917,0.218489883146,0.59792958962,0.212791824527,-0.161354156771,-0.385137765093,decay
15.03,0.379782318325,0.218462324594,0.597815088158,0.212770095724,-0.161319993731,-0.385044992434,decay
15.04,0.379710779963,0.218434372107,0.597635467631,0.212748328762,-0.161276407855,-0.384887138869,decay
15.05,0.379633264887,0.21840606355,0.59739660721,0.212726505065,-0.161227201338,-0.384670102145,decay
15.06,0.379553926749,0.218377439626,0.597105926667,0.212704607003,-0.161176487122,-0.384401319664,decay
15.07,0.379477109054,0.218348543812,0.596772428398,0.212682618853,-0.161128565242,-0.384089809544,decay
15.08,0.379407183699,0.218319422169,0.59640661431,0.212660527313,-0.16108776153,-0.383746086997,decay
15.09,0.379348284931,0.218290123107,0.5960201388,0.212638321696,-0.161058161824,-0.383381817104,decay
15.1,0.379304021362,0.218260697182,0.595625060368,0.212615994089,-0.16104332418,-0.383009066279,decay
15.11,0.37927715219,0.218231196972,0.595232806513,0.212593539559,-0.161045955218,-0.382639266954,decay
15.12,0.379269323246,0.218201677014,0.594853333457,0.212570956457,-0.161067646232,-0.382282377,decay
15.13,0.379281110703,0.218172193794,0.594494897854,0.212548246784,-0.161108916908,-0.38194665107,decay
15.14,0.379312336997,0.218142805773,0.594164293806,0.212525416665,-0.161169531224,-0.381638877141,decay
15.15,0.379362356201,0.218113573425,0.59386701079,0.212502476912,-0.161248782776,-0.381364533879,decay
15.16,0.379430291407,0.218084559255,0.593606913815,0.212479443576,-0.161345732152,-0.381127470239,decay
15.17,0.37951536537,0.218055827623,0.593385416848,0.212456338164,-0.161459537747,-0.380929078684,decay
15.18,0.379617060661,0.218027444264,0.59320040563,0.212433187239,-0.161589616397,-0.380767218391,decay
15.19,0.379734790721,0.217999475563,0.593045365261,0.212410021606,-0.161735315159,-0.380635343655,decay
15.2,0.379867293732,0.217971987684,0.592909217079,0.212386875413,-0.161895306048,-0.380522341666,decay
15.21,0.380012124405,0.217945045594,0.592777111583,0.2123637853,-0.162067078811,-0.380413326283,decay
15.22,0.380165433759,0.217918711935,0.592632102552,0.212340789576,-0.162246721824,-0.380291312976,decay
15.23,0.380322303185,0.21789304574,0.592457445566,0.212317927413,-0.162429257445,-0.380139518153,decay
15.24,0.380477718683,0.217868100917,0.592239004211,0.212295238032,-0.162609617766,-0.379943766179,decay
15.25,0.380627649823,0.217843924506,0.591967119658,0.212272759845,-0.162783725317,-0.379694359813,decay
15.26,0.380769655686,0.217820554888,0.591637571315,0.212250529624,-0.162949100798,-0.379387041691,decay
15.27,0.380903017374,0.217798020742,0.591251601212,0.212228581835,-0.163104996631,-0.379023019377,decay
15.28,0.381028592061,0.217776341318,0.590815161103,0.212206948313,-0.163252250742,-0.378608212789,decay
15.29,0.381148394691,0.217755527557,0.590337640258,0.21218565811,-0.163392867135,-0.378151982148,decay
15.3,0.381265024114,0.217735583244,0.589830384375,0.21216473732,-0.16352944087,-0.377665647055,decay
15.31,0.381381250948,0.217716505866,0.589305266963,0.21214420878,-0.163664745082,-0.377161058182,decay
15.32,0.381499803947,0.217698287133,0.588773405955,0.212124091625,-0.163801516814,-0.37664931433,decay
15.33,0.381623144838,0.217680913215,0.588244002358,0.212104400682,-0.163942231622,-0.376139601677,decay
15.34,0.381753307006,0.217664364652,0.587723352954,0.212085145699,-0.164088942355,-0.375638207254,decay
15.35,0.381891913011,0.217648615976,0.587214193648,0.212066330386,-0.164243297036,-0.375147863262,decay
15.36,0.382040120712,0.217633635189,0.586715541614,0.212047951435,-0.164406485522,-0.374667590179,decay
15.37,0.382198386925,0.217619383593,0.586223196255,0.212029998131,-0.164579003332,-0.374193198124,decay
15.38,0.38236631098,0.21760581635,0.585730924011,0.212012452978,-0.164760494631,-0.373718471033,decay
15.39,0.382542651745,0.217592883511,0.585232054121,0.211995293012,-0.164949768234,-0.373236761108,decay
15.4,0.382725386634,0.217580531028,0.584721039324,0.21197849122,-0.165144855607,-0.372742548104,decay
15.41,0.382911860559,0.217568701548,0.584194596984,0.211962017802,-0.16534315901,-0.372232579181,decay
15.42,0.383099101806,0.217557335024,0.583652224891,0.211945841312,-0.165541766782,-0.371706383579,decay
15.43,0.38328406333,0.217546369136,0.583096173895,0.211929929686,-0.165737694194,-0.37116624421,decay
15.44,0.383463585254,0.217535739572,0.582531209067,0.211914251181,-0.165927845683,-0.370616957886,decay
15.45,0.383634303983,0.217525380169,0.581964380201,0.211898775264,-0.166108923814,-0.370065604937,decay
15.46,0.383792713276,0.217515223011,0.581404656119,0.211883473375,-0.166277490265,-0.369521182744,decay
15.47,0.383935282971,0.217505198684,0.580862150746,0.211868319384,-0.166430084287,-0.368993831362,decay
15.48,0.384058693038,0.217495236877,0.580346887092,0.211853289573,-0.16656345616,-0.36849359752,decay
15.49,0.384160330353,0.217485267222,0.579867279708,0.211838362278,-0.166675063131,-0.36802891743,decay
15.5,0.384238768502,0.217475220216,0.579428641195,0.211823517436,-0.166763548286,-0.367605123759,decay
15.51,0.384293873507,0.217465028168,0.57903207542,0.211808736114,-0.166828845339,-0.367223339306,decay
15.52,0.384326655637,0.217454626184,0.578674048172,0.211794000045,-0.166872029453,-0.366880048127,decay
15.53,0.384339068216,0.217443953242,0.578346718244,0.211779291147,-0.166895114973,-0.366567427097,decay
15.54,0.384333700595,0.217432953381,0.578038866244,0.211764591046,-0.166900747214,-0.366274275198,decay
15.55,0.384313442324,0.217421577027,0.577737167585,0.211749880575,-0.166891865297,-0.36598728701,decay
15.56,0.384281329568,0.217409782329,0.577427669391,0.211735139335,-0.166871547239,-0.365692530056,decay
15.57,0.384240449777,0.217397535939,0.577097419136,0.211720345485,-0.166842913838,-0.365377073651,decay
15.58,0.384193600194,0.217384812822,0.576736206696,0.211705475937,-0.166808787373,-0.365030730759,decay
15.59,0.384142765485,0.217371595452,0.576338349251,0.211690506832,-0.166771170032,-0.364647842419,decay
15.6,0.38408871038,0.21735787297,0.575904223327,0.211675414117,-0.16673083741,-0.364228809211,decay
15.61,0.384030801286,0.217343640547,0.575441006807,0.211660174151,-0.16668716074,-0.363780832656,decay
15.62,0.383967166453,0.217328898977,0.57496218665,0.21164476435,-0.166638267476,-0.3633174223,decay
15.63,0.383895345703,0.217313654487,0.574485727104,0.211629163882,-0.166581691216,-0.362856563222,decay
15.64,0.383813187749,0.217297918749,0.574031220651,0.211613354435,-0.166515269,-0.362417866217,decay
15.65,0.383719548457,0.21728170912,0.573616838927,0.211597321073,-0.166437839337,-0.362019517854,decay
15.66,0.383614702722,0.217265048938,0.573257082997,0.211581053073,-0.166349653784,-0.361676029924,decay
15.67,0.383500520682,0.217247967428,0.57296191198,0.211564544372,-0.166252553254,-0.361397367608,decay
15.68,0.383380268167,0.217230498859,0.572737176363,0.211547793343,-0.166149769308,-0.36118938302,decay
15.69,0.383258025011,0.217212681204,0.572585881963,0.211530802125,-0.166045343808,-0.361055079838,decay
15.7,0.383137988645,0.217194554733,0.57250976837,0.211513575889,-0.165943433912,-0.360996192481,decay
15.71,0.383023812997,0.217176160726,0.572510747628,0.211496122199,-0.165847652271,-0.361014625428,decay
15.72,0.382917960242,0.217157540266,0.57259175269,0.211478450474,-0.165760419976,-0.361113302216,decay
15.73,0.382821323426,0.217138733107,0.572756637103,0.21146057153,-0.165682590319,-0.361296065574,decay
15.74,0.382733525358,0.217119776572,0.573008988534,0.211442497203,-0.165613748786,-0.361566491332,decay
15.75,0.382653777445,0.217100704462,0.573350033436,0.211424240041,-0.165553072984,-0.361925793396,decay
15.76,0.382581801211,0.217081546062,0.573776234844,0.211405813049,-0.165500255149,-0.362370421795,decay
15.77,0.38251849766,0.217062325571,0.574277456799,0.211387229471,-0.165456172088,-0.362890227328,decay
15.78,0.382466160876,0.217043062215,0.57483636521,0.211368502586,-0.16542309866,-0.363467862624,decay
15.79,0.382428087935,0.217023770826,0.575429215806,0.211349645525,-0.165404317109,-0.364079570281,decay
15.8,0.382407814602,0.217004462525,0.576027702695,0.211330671117,-0.165403352077,-0.364697031579,decay
15.81,0.382408400646,0.216985145378,0.57660125545,0.211311591754,-0.165423255268,-0.365289663696,decay
15.82,0.382431887187,0.216965824993,0.57711916963,0.211292419292,-0.165466062194,-0.365826750337,decay
15.83,0.382478905764,0.216946505092,0.577552296865,0.211273164958,-0.165532400672,-0.366279131907,decay
15.84,0.382548605479,0.216927188047,0.577874418941,0.211253839277,-0.165621417432,-0.366620579665,decay
15.85,0.38263897656,0.216907875399,0.578063458684,0.211234452003,-0.165731101161,-0.366829006681,decay
15.86,0.382747301004,0.21688856834,0.57810250833,0.211215012069,-0.165858732664,-0.366887496261,decay
15.87,0.382870507194,0.216869268113,0.57798063524,0.211195527532,-0.166001239081,-0.366785107708,decay
15.88,0.383005528156,0.21684997627,0.577693436907,0.211176005543,-0.166155551886,-0.366517431364,decay
15.89,0.383149647906,0.216830694858,0.57724328359,0.211156452321,-0.166318953048,-0.366086831269,decay
15.9,0.383300594927,0.216811426571,0.576639202862,0.211136873117,-0.166489168356,-0.365502329746,decay
15.91,0.383456420632,0.216792174905,0.575896375517,0.21111727218,-0.166664245726,-0.364779103337,decay
15.92,0.383615361984,0.216772944335,0.575035187591,0.21109765271,-0.16684241765,-0.363937534882,decay
15.93,0.383775628912,0.216753740487,0.574079887267,0.211078016798,-0.167021888424,-0.363001870469,decay
15.94,0.383935149302,0.216734570339,0.573057118608,0.21105836536,-0.167200578962,-0.361998753249,decay
15.95,0.384091572897,0.216715442424,0.571994561792,0.211038698044,-0.167376130473,-0.360955863747,decay
15.96,0.384242567619,0.216696366983,0.570919634795,0.21101901316,-0.167546200636,-0.359900621636,decay
15.97,0.384386141677,0.216677355858,0.569858144687,0.210999307665,-0.167708785819,-0.358858837022,decay
15.98,0.384520898249,0.216658421933,0.568832910996,0.210979577289,-0.167862476316,-0.357853333706,decay
15.99,0.384646202542,0.21663957827,0.567862473657,0.210959816741,-0.168006624272,-0.356902656916,decay
16,0.384761975818,0.216620837112,0.566960033864,0.210940019932,-0.168141138706,-0.356020013932,decay
16.01,0.38486798421,0.216602208854,0.566132820335,0.210920180213,-0.168265775356,-0.355212640122,decay
16.02,0.384963067071,0.216583700956,0.565382036477,0.210900290592,-0.168379366116,-0.354481745885,decay
16.03,0.385044723946,0.216565316775,0.564703357694,0.210880343971,-0.16847940717,-0.353823013723,decay
16.04,0.38510905121,0.216547054315,0.564087823148,0.21086033339,-0.168561996895,-0.353227489758,decay
16.05,0.385151102162,0.216528904846,0.563523030202,0.210840252286,-0.168622197316,-0.352682777916,decay
16.06,0.385165814544,0.216510851619,0.562994585108,0.210820094753,-0.168654962925,-0.352174490355,decay
16.07,0.385149175319,0.216492869337,0.562487779659,0.210799855751,-0.168656305983,-0.351687923907,decay
16.08,0.38509908477,0.216474924885,0.561989552,0.210779531216,-0.168624159885,-0.351210020785,decay
16.09,0.385015703855,0.216456978967,0.561490687451,0.210759118102,-0.168558724888,-0.350731569349,decay
16.1,0.38490124963,0.216438987948,0.560987858342,0.210738614448,-0.168462261682,-0.350249243894,decay
16.11,0.384759271162,0.216420905649,0.56048494646,0.210718019467,-0.168338365513,-0.349766926993,decay
16.12,0.384593781249,0.216402685127,0.559993360248,0.210697333682,-0.168191096121,-0.349296026566,decay
16.13,0.384408748434,0.216384280453,0.559531356431,0.210676559109,-0.168024467982,-0.348854797322,decay
16.14,0.384207885387,0.216365648542,0.559122420012,0.21065569948,-0.167842236845,-0.348466720532,decay
16.15,0.383994344779,0.216346751085,0.558792801956,0.21063476052,-0.167647593694,-0.348158041437,decay
16.16,0.38377047623,0.216327556377,0.558568552488,0.210613750208,-0.167442919853,-0.347954802281,decay
16.17,0.383538013234,0.216308040402,0.55847263257,0.210592678823,-0.167229972832,-0.347879953747,decay
16.18,0.383298538618,0.216288186676,0.5585226311,0.210571558615,-0.167010351942,-0.347951072484,decay
16.19,0.383053938791,0.216267985245,0.558729333073,0.210550403211,-0.166785953546,-0.348178929862,decay
16.2,0.382806801381,0.216247431542,0.559096201747,0.210529226963,-0.166559369839,-0.348566974783,decay
16.21,0.38256056704,0.216226525401,0.559619763916,0.210508044306,-0.166334041639,-0.34911171961,decay
16.22,0.382319209195,0.216205270222,0.560290824735,0.210486869124,-0.166113938973,-0.349803955611,decay
16.23,0.38208668577,0.216183672284,0.561096261964,0.210465714107,-0.165903013486,-0.350630547857,decay
16.24,0.381866491056,0.216161740191,0.562020788699,0.210444590091,-0.165704750865,-0.351576198608,decay
16.25,0.381661255731,0.216139484441,0.56304798406,0.210423505359,-0.165521771291,-0.352624478701,decay
16.26,0.381472382335,0.216116917103,0.564160369968,0.210402465021,-0.165355465232,-0.353757904947,decay
16.27,0.381299959737,0.216094051587,0.565338876989,0.210381470824,-0.16520590815,-0.354957406165,decay
16.28,0.381143004339,0.216070902491,0.56656229742,0.210360521685,-0.165072101848,-0.356201775735,decay
16.29,0.380999768104,0.216047485514,0.567807340832,0.210339614734,-0.164952282591,-0.357467726098,decay
16.3,0.380868025153,0.216023817465,0.569049675347,0.210318746489,-0.164844207688,-0.358730928859,decay
16.31,0.380745468218,0.215999916349,0.570265785587,0.210297914022,-0.164745551869,-0.359967871565,decay
16.32,0.380630117397,0.215975801534,0.571434934225,0.210277116134,-0.164654315862,-0.361157818091,decay
16.33,0.380520602678,0.215951494005,0.572540476106,0.210256354535,-0.164569108673,-0.362284121571,decay
16.34,0.380416481728,0.215927016689,0.57357021883,0.210235635072,-0.164489465039,-0.363334583759,decay
16.35,0.380318579079,0.215902394865,0.574515997269,0.210214969007,-0.164416184214,-0.364301028262,decay
16.36,0.38022901435,0.215877656555,0.575372852295,0.210194374187,-0.164351357795,-0.365178478107,decay
16.37,0.380150895022,0.215852832596,0.576138196795,0.210173875529,-0.164298062426,-0.365964321266,decay
16.38,0.380087918315,0.215827956163,0.576811159652,0.210153504395,-0.164259962152,-0.366657655257,decay
16.39,0.380043902589,0.215803061898,0.577392052971,0.210133297172,-0.164240840691,-0.367258755799,decay
16.4,0.380022234438,0.215778184934,0.577881864345,0.210113293627,-0.164244049504,-0.367768570718,decay
16.41,0.380025416822,0.215753359922,0.578281732281,0.210093535249,-0.1642720569,-0.368188197031,decay
16.42,0.380054789893,0.215728620049,0.5785923175,0.210074063577,-0.164326169844,-0.368518253924,decay
16.43,0.38011027942,0.21570399601,0.57881308804,0.210054918453,-0.16440628341,-0.368758169586,decay
16.44,0.380190201455,0.215679514932,0.57894191191,0.210036136194,-0.164510686522,-0.368905775716,decay
16.45,0.380291364636,0.215655199205,0.578975480036,0.210017747605,-0.164636165431,-0.368957732432,decay
16.46,0.380409430958,0.215631065378,0.578910673627,0.209999776069,-0.164778365581,-0.368910897558,decay
16.47,0.380539277834,0.215607123651,0.578746532528,0.209982236374,-0.164932154183,-0.368764296154,decay
16.48,0.38067541494,0.215583378364,0.578486243006,0.20996513482,-0.165092036576,-0.368521108186,decay
16.49,0.380812595542,0.215559829159,0.578138428015,0.209948470176,-0.165252766383,-0.368189957839,decay
16.5,0.380946405366,0.215536472283,0.57771719674,0.209932234756,-0.165409933083,-0.367784961984,decay
16.51,0.381073567699,0.215513301808,0.577240884487,0.209916415297,-0.165560265891,-0.36732446919,decay
16.52,0.381191943181,0.215490310759,0.576729797157,0.209900993653,-0.165701632422,-0.366828803504,decay
16.53,0.381300249833,0.215467492193,0.576203460402,0.209885947302,-0.165832757641,-0.366317513101,decay
16.54,0.381397598316,0.215444840216,0.575677955267,0.209871249679,-0.1659527581,-0.365806705588,decay
16.55,0.381483165,0.215422350992,0.575163929329,0.209856870363,-0.166060814008,-0.365307058966,decay
16.56,0.381556239623,0.215400023637,0.574665771317,0.20984277516,-0.166156215985,-0.364822996157,decay
16.57,0.381616434251,0.215377860771,0.574182164236,0.209828926286,-0.16623857348,-0.36435323795,decay
16.58,0.381663749409,0.215355868503,0.573707822026,0.209815282785,-0.166307880906,-0.363892539241,decay
16.59,0.381698561684,0.215334056034,0.573235767772,0.209801801104,-0.166364505649,-0.363433966668,decay
16.6,0.381721628741,0.215312435125,0.572759211473,0.209788435646,-0.166409193616,-0.362970775827,decay
16.61,0.381733966171,0.215291019556,0.572272276504,0.209775139274,-0.166442946615,-0.36249713723,decay
16.62,0.381736654453,0.215269824572,0.571769503492,0.209761863743,-0.166466829881,-0.362007639749,decay
16.63,0.381730866618,0.215248866293,0.571244704947,0.20974856011,-0.166482000325,-0.361496144837,decay
16.64,0.381718092069,0.21522816109,0.570690037494,0.209735179121,-0.166489930979,-0.360954858373,decay
16.65,0.381700326315,0.215207724897,0.570096021526,0.209721671608,-0.166492601418,-0.360374349918,decay
16.66,0.381680204535,0.215187572534,0.569452606207,0.209707988889,-0.166492632001,-0.359744617318,decay
16.67,0.381661055845,0.215167717241,0.568750679978,0.209694083217,-0.166493338604,-0.359056596761,decay
16.68,0.38164672191,0.215148170593,0.567983304393,0.209679908254,-0.166498551317,-0.358303396139,decay
16.69,0.381641174651,0.21512894265,0.567146411672,0.209665419619,-0.166512232001,-0.357480992053,decay
16.7,0.381648145786,0.215110042119,0.566239136287,0.209650575532,-0.166538103667,-0.356588560755,decay
16.71,0.381670788823,0.215091476419,0.565263972541,0.209635337576,-0.166579312404,-0.355628634965,decay
16.72,0.381711306805,0.215073251642,0.56422686778,0.209619671596,-0.166638055164,-0.354607196184,decay
16.73,0.381770789099,0.215055372411,0.563137313992,0.209603548775,-0.166715416687,-0.353533765217,decay
16.74,0.381849471054,0.215037841631,0.562008308284,0.209586946893,-0.166811629422,-0.352421361391,decay
16.75,0.381947096285,0.215020660119,0.56085597101,0.209569851809,-0.166926436166,-0.351286119201,decay
16.76,0.382063038393,0.215003826189,0.559698767235,0.209552258929,-0.167059212203,-0.350146508306,decay
16.77,0.382196307712,0.214987335396,0.558556365843,0.209534173863,-0.167208972316,-0.34902219198,decay
16.78,0.382345580685,0.214971180592,0.557448248725,0.209515611683,-0.167374400093,-0.347932637042,decay
16.79,0.382509211364,0.214955352183,0.556392403332,0.209496595218,-0.167553859181,-0.346895808114,decay
16.8,0.382685321698,0.214939838362,0.555404495161,0.20947715322,-0.167745483337,-0.345927341942,decay
16.81,0.382871977923,0.214924625229,0.554497615161,0.209457318701,-0.167947352694,-0.345040296461,decay
16.82,0.383067170674,0.214909696805,0.553682391504,0.209437127453,-0.168157473868,-0.344245264051,decay
16.83,0.383268546811,0.214895034934,0.552967233485,0.209416616701,-0.168373511877,-0.343550616784,decay
16.84,0.383473251774,0.214880619077,0.552358573641,0.209395823877,-0.168592632697,-0.342962749764,decay
16.85,0.383678064591,0.214866426007,0.551861092894,0.20937478547,-0.168811638584,-0.342486307424,decay
16.86,0.383879605935,0.214852429507,0.551478003836,0.209353536028,-0.169027176428,-0.342124467808,decay
16.87,0.384074477728,0.214838600436,0.551211429195,0.209332107557,-0.169235877292,-0.341879321638,decay
16.88,0.384259386794,0.21482490742,0.551062739954,0.209310529507,-0.169434479375,-0.341752210447,decay
16.89,0.384431170229,0.214811318007,0.551032542756,0.209288829181,-0.169619852223,-0.341743713575,decay
16.9,0.384586718208,0.214797799922,0.551120152868,0.209267032285,-0.169788918285,-0.341853120583,decay
16.91,0.384723068475,0.21478432232,0.551322774947,0.209245163479,-0.169938746155,-0.342077611468,decay
16.92,0.384837715991,0.214770857035,0.551634739075,0.20922324695,-0.170066858956,-0.342411492125,decay
16.93,0.384928865958,0.214757379872,0.552047033927,0.209201306986,-0.170171486086,-0.342845726941,decay
16.94,0.384995555182,0.214743871949,0.552547254994,0.209179368568,-0.170251683233,-0.343367886426,decay
16.95,0.385037710079,0.21473032113,0.5531198736,0.20915745798,-0.170307388949,-0.34396241562,decay
16.96,0.385056090276,0.214716723318,0.553746648384,0.209135603328,-0.170339366958,-0.344611045055,decay
16.97,0.385052125189,0.21470308286,0.554407234657,0.209113834659,-0.170349042329,-0.345293399998,decay
16.98,0.385027758898,0.214689411459,0.555080270351,0.209092183412,-0.170338347439,-0.345988086939,decay
16.99,0.384985297792,0.214675726055,0.555745090225,0.20907068139,-0.170309571738,-0.346674408834,decay
17,0.384927123475,0.21466204642,0.556383836248,0.20904935955,-0.170265077056,-0.347334476698,decay
17.01,0.38485532628,0.214648392784,0.556983422976,0.209028246729,-0.170206933496,-0.347955176247,decay
17.02,0.38477155787,0.214634783459,0.557536746218,0.209007368302,-0.170136774411,-0.348529377916,decay
17.03,0.384677149508,0.214621232427,0.558042752134,0.208986744717,-0.170055917081,-0.349056007417,decay
17.04,0.384573242025,0.214607746855,0.558505465336,0.208966389908,-0.16996549517,-0.349539075428,decay
17.05,0.384460904477,0.214594324477,0.558932366111,0.208946309533,-0.16986658,-0.349986056578,decay
17.06,0.384341372159,0.2145809512,0.559332360302,0.208926499291,-0.169760420959,-0.350405861011,decay
17.07,0.384216259156,0.214567600055,0.559713482418,0.20890694416,-0.169648659101,-0.350806538258,decay
17.08,0.384087569931,0.214554232371,0.560080732461,0.208887619176,-0.16953333756,-0.351193113285,decay
17.09,0.383957572916,0.214540800521,0.56043463503,0.208868491293,-0.169416772395,-0.351566143737,decay
17.1,0.383828547314,0.21452725108,0.560770896289,0.208849521459,-0.169301296233,-0.35192137483,decay
17.11,0.383702387595,0.214513527951,0.561081158884,0.20883066657,-0.169188859644,-0.352250492314,decay
17.12,0.383580322523,0.214499575473,0.561354614544,0.208811881331,-0.16908074705,-0.352542733213,decay
17.13,0.383462985505,0.214485341583,0.561580085448,0.208793120047,-0.168977643922,-0.352786965401,decay
17.14,0.383350672283,0.214470781096,0.56174805838,0.208774338392,-0.168879891187,-0.352973719988,decay
17.15,0.383243561899,0.214455859155,0.561852295727,0.208755495191,-0.168787702744,-0.353096800536,decay
17.16,0.383141997719,0.214440554473,0.561890944206,0.208736554118,-0.168701443246,-0.353154390087,decay
17.17,0.383046857634,0.214424860975,0.561867098458,0.208717484872,-0.168621996659,-0.353149613585,decay
17.18,0.382959730802,0.214408786796,0.561788727569,0.208698263537,-0.168550944006,-0.353090464032,decay
17.19,0.382882818324,0.214392351441,0.561668007598,0.208678872386,-0.168490466884,-0.352989135212,decay
17.2,0.382818731721,0.214375582558,0.561520182648,0.20865929961,-0.168443149163,-0.352860883039,decay
17.21,0.382770149714,0.214358512873,0.561362085416,0.208639539169,-0.16841163684,-0.352722546248,decay
17.22,0.382739299823,0.214341177293,0.561210644579,0.208619590775,-0.16839812253,-0.352591053804,decay
17.23,0.382727560775,0.214323610115,0.561081790234,0.208599460018,-0.16840395066,-0.352482330216,decay
17.24,0.382735373907,0.214305842296,0.560989876553,0.208579158629,-0.168429531611,-0.352410717924,decay
17.25,0.382762354703,0.214287898726,0.560947456585,0.208558704885,-0.168474455976,-0.3523887517,decay
17.26,0.382807606112,0.214269795783,0.560965154427,0.20853812401,-0.16853781033,-0.352427030418,decay
17.27,0.382870301865,0.21425154011,0.561051393218,0.20851744809,-0.168618761755,-0.352533945129,decay
17.28,0.382950277278,0.214233129368,0.561211870698,0.208496715143,-0.16871714791,-0.352715155555,decay
17.29,0.383048227864,0.214214554375,0.561448856348,0.208475967588,-0.16883367349,-0.35297288876,decay
17.3,0.38316546946,0.214195801649,0.56176053397,0.208455250575,-0.168969667811,-0.353305283395,decay
17.31,0.38330343719,0.21417685596,0.562140615132,0.208434610348,-0.16912658123,-0.353706004784,decay
17.32,0.383463033149,0.214157702891,0.562578262859,0.208414092618,-0.169305330258,-0.354164170241,decay
17.33,0.383644108775,0.214138331474,0.563058320318,0.208393740901,-0.169505777301,-0.354664579417,decay
17.34,0.383845460791,0.214118736919,0.563562014046,0.208373594803,-0.169726723872,-0.355188419243,decay
17.35,0.384065214348,0.214098923506,0.564068270432,0.208353688188,-0.169966290842,-0.355714582244,decay
17.36,0.384301110826,0.21407890729,0.564555541492,0.208334047439,-0.170222203536,-0.356221494053,decay
17.37,0.384550548742,0.214058717489,0.565003954567,0.208314690472,-0.170491831253,-0.356689264095,decay
17.38,0.38481047512,0.214038395693,0.565397498834,0.208295626997,-0.170772079427,-0.357101871837,decay
17.39,0.385077074065,0.21401799353,0.565725708477,0.208276859651,-0.171059080535,-0.357448848826,decay
17.4,0.385345322564,0.213997569982,0.565984349689,0.208258385259,-0.171347752582,-0.35772596443,decay
17.41,0.385608778269,0.213977188801,0.566174950516,0.208240195961,-0.171631589467,-0.357934754555,decay
17.42,0.385859750952,0.213956915992,0.566303307902,0.208222280189,-0.17190283496,-0.358081027713,decay
17.43,0.386089672493,0.213936817333,0.566377437596,0.208204623514,-0.17215285516,-0.358172814082,decay
17.44,0.386289659391,0.213916955855,0.566405636639,0.208187209381,-0.172372703537,-0.358218427258,decay
17.45,0.386451429923,0.213897389243,0.566395070414,0.20817001974,-0.172554040679,-0.358225050674,decay
17.46,0.38656838388,0.213878167338,0.566350893695,0.208153035576,-0.172690216542,-0.358197858119,decay
17.47,0.386636419082,0.213859330457,0.56627587874,0.208136237251,-0.172777088625,-0.358139641489,decay
17.48,0.386654298668,0.213840909083,0.566170638965,0.208119604634,-0.172813389584,-0.358051034331,decay
17.49,0.38662347989,0.213822924463,0.566034389104,0.208103117043,-0.172800555427,-0.357931272061,decay
17.5,0.386547294888,0.213805389305,0.565866006082,0.208086753117,-0.172741905582,-0.357779252965,decay
17.51,0.386429791513,0.21378830827,0.565665227421,0.208070490619,-0.172641483243,-0.357594736802,decay
17.52,0.386274835806,0.213771678215,0.565433798155,0.208054306211,-0.172503157591,-0.357379491944,decay
17.53,0.38608572189,0.213755488203,0.56517617356,0.208038175177,-0.172330233687,-0.357137998383,decay
17.54,0.385865243688,0.213739719276,0.564899473201,0.208022071105,-0.172125524412,-0.356877402096,decay
17.55,0.385616193073,0.21372434399,0.564612678806,0.208005965531,-0.171891849082,-0.356606713275,decay
17.56,0.385342038909,0.21370932592,0.564325258523,0.20798982763,-0.171632712989,-0.356335430893,decay
17.57,0.385047316354,0.213694619797,0.564045570631,0.207973624214,-0.171352696557,-0.356071946417,decay
17.58,0.38473757236,0.213680172769,0.563779480661,0.20795732025,-0.171057399591,-0.355822160411,decay
17.59,0.384419137314,0.213665926453,0.563529466261,0.207940879761,-0.17075321086,-0.3555885865,decay
17.6,0.384098802946,0.21365181914,0.563294233626,0.207924266861,-0.170446983807,-0.355369966765,decay
17.61,0.383783265253,0.213637787915,0.563068743125,0.207907446829,-0.170145477338,-0.355161296296,decay
17.62,0.383478516955,0.213623770735,0.562844599864,0.207890387255,-0.169854746221,-0.354954212609,decay
17.63,0.38318945287,0.213609708484,0.562610850355,0.207873059266,-0.169579744386,-0.35473779109,decay
17.64,0.382919589846,0.213595547088,0.562355188716,0.207855438869,-0.169324042758,-0.354499749847,decay
17.65,0.38267086538,0.213581239709,0.562065498515,0.207837508445,-0.169089625671,-0.35422799007,decay
17.66,0.382443733347,0.213566748822,0.561731566323,0.20781925819,-0.168876984525,-0.353912308133,decay
17.67,0.382237527636,0.213552047402,0.561346653747,0.207800686846,-0.168685480234,-0.353545966901,decay
17.68,0.382050860375,0.213537118634,0.560908572628,0.20778180123,-0.168513741741,-0.353126771398,decay
17.69,0.381882061177,0.213521954621,0.560420107589,0.207762614937,-0.168360106557,-0.352657492652,decay
17.7,0.38172968118,0.21350655491,0.559888860663,0.207743146899,-0.168223126269,-0.352145713764,decay
17.71,0.381592740642,0.213490925171,0.559326616194,0.207723420098,-0.168101815471,-0.351603196096,decay
17.72,0.381470504654,0.213475076021,0.558748304072,0.207703460394,-0.167995428632,-0.351044843679,decay
17.73,0.381362085787,0.213459021997,0.558170739005,0.207683295479,-0.167903063791,-0.350487443526,decay
17.74,0.381266153247,0.213442780633,0.557611337268,0.207662953914,-0.167823372614,-0.349948383354,decay
17.75,0.381180730431,0.213426371649,0.557086899038,0.207642464221,-0.167754358782,-0.349444434817,decay
17.76,0.38110320713,0.213409816196,0.556612455222,0.207621854073,-0.167693390934,-0.348990601149,decay
17.77,0.381030712626,0.213393136107,0.556200167633,0.207601149629,-0.16763757652,-0.348599018004,decay
17.78,0.380960570579,0.213376353098,0.555858362686,0.207580375115,-0.167584217481,-0.348277987571,decay
17.79,0.380890530501,0.213359487931,0.555590922301,0.207559552546,-0.167531042571,-0.348031369755,decay
17.8,0.380818931196,0.213342559559,0.555397290446,0.207538701489,-0.167476371637,-0.347858588958,decay
17.81,0.38074497508,0.213325584266,0.555273235153,0.207517838796,-0.167419390814,-0.347755396358,decay
17.82,0.380668917654,0.213308574783,0.555212310617,0.20749697831,-0.167360342871,-0.347715332307,decay
17.83,0.380592004992,0.213291539349,0.555207683323,0.20747613052,-0.167300465643,-0.347731552803,decay
17.84,0.380516262602,0.213274480729,0.555253688557,0.207455302163,-0.167241781873,-0.347798386395,decay
17.85,0.380444167697,0.213257395129,0.555346552639,0.207434495767,-0.167186772568,-0.347912056872,decay
17.86,0.380378114058,0.213240271226,0.555484237411,0.207413709221,-0.167137842832,-0.348070528191,decay
17.87,0.380319778544,0.213223089866,0.5556658107,0.207392935678,-0.167096688677,-0.348272875022,decay
17.88,0.380269606597,0.213205824895,0.555890744136,0.207372164031,-0.167063781702,-0.348518580105,decay
17.89,0.380226460425,0.213188444786,0.556158256955,0.207351379779,-0.167038015638,-0.348806877177,decay
17.9,0.380187487332,0.213170914495,0.556466633649,0.207330565991,-0.167016572837,-0.349136067658,decay
17.91,0.380148354765,0.213153197293,0.556812510529,0.207309704245,-0.166995157472,-0.349502806284,decay
17.92,0.38010371364,0.213135256624,0.55719028922,0.20728877555,-0.166968457016,-0.349901513669,decay
17.93,0.380047634705,0.213117058008,0.557591882538,0.207267761268,-0.166930576697,-0.350324121269,decay
17.94,0.379974130515,0.213098571029,0.558006925215,0.207246644064,-0.166875559486,-0.350760281151,decay
17.95,0.379877904595,0.213079771461,0.558423454839,0.207225408894,-0.166798133134,-0.351198045945,decay
17.96,0.379755091155,0.21306064328,0.558828907503,0.207204043955,-0.166694447875,-0.351624863549,decay
17.97,0.379603745694,0.213041179781,0.559211154263,0.20718254129,-0.166562565914,-0.352028612973,decay
17.98,0.379424089686,0.213021383156,0.559559305229,0.207160896829,-0.16640270653,-0.3523984084,decay
17.99,0.379218464272,0.213001263042,0.559864105714,0.207139110039,-0.16621720123,-0.352724995676,decay
18,0.378990915268,0.212980834868,0.560117950288,0.207117183521,-0.166010080399,-0.353000766767,decay
18.01,0.378746698974,0.21296011835,0.560314815565,0.207095122683,-0.165786580624,-0.353219692882,decay
18.02,0.378492111975,0.212939136125,0.560450472769,0.20707293549,-0.16555297585,-0.353377537279,decay
18.03,0.378234489849,0.212917912512,0.56052305808,0.207050632283,-0.165316577338,-0.353472425797,decay
18.04,0.377981972192,0.212896472357,0.560533746346,0.20702822568,-0.165085499835,-0.353505520666,decay
18.05,0.377743042127,0.212874839957,0.560487072118,0.207005730527,-0.16486820217,-0.353481341591,decay
18.06,0.377525965583,0.212853038109,0.560390458209,0.206983163888,-0.164672927475,-0.353407294321,decay
18.07,0.377338080903,0.212831087545,0.56025296569,0.206960544936,-0.164506993358,-0.353292420754,decay
18.08,0.377185065575,0.212809006948,0.560083879693,0.206937894672,-0.164376058628,-0.353145985021,decay
18.09,0.377070446839,0.212786813373,0.559891804284,0.206915235515,-0.164283633467,-0.352976568768,decay
18.1,0.376995393693,0.212764522806,0.559684480519,0.20689259088,-0.164230870887,-0.352791889639,decay
18.11,0.37695876692,0.212742150744,0.559469125702,0.206869984755,-0.164216616175,-0.352599140947,decay
18.12,0.376957570456,0.212719712791,0.559252948293,0.206847441298,-0.164237857665,-0.352405506995,decay
18.13,0.376987767542,0.212697225274,0.55904353527,0.20682498442,-0.164290542268,-0.35221855085,decay
18.14,0.377045049579,0.212674705894,0.558848924884,0.206802637347,-0.164370343686,-0.352046287537,decay
18.15,0.377125337361,0.212652174401,0.55867731902,0.206780422156,-0.164473162961,-0.351896896864,decay
18.16,0.37722529834,0.212629653215,0.558536467997,0.206758359331,-0.164595645126,-0.351778108666,decay
18.17,0.377343023681,0.212607167657,0.558432749826,0.206736467574,-0.164735856024,-0.351696282252,decay
18.18,0.377478547031,0.212584745552,0.558370101893,0.206714764032,-0.164893801479,-0.351655337861,decay
18.19,0.377633917052,0.21256241638,0.558349203081,0.206693264802,-0.165071500673,-0.351655938279,decay
18.2,0.377812712217,0.212540210278,0.558367207605,0.206671985479,-0.165272501939,-0.351695222126,decay
18.21,0.378018918312,0.212518157026,0.558418026169,0.206650941657,-0.165500761286,-0.351767084512,decay
18.22,0.37825544117,0.212496284994,0.558493108975,0.206630149373,-0.165759156176,-0.351862959602,decay
18.23,0.378522908581,0.212474620022,0.558582727553,0.206609625498,-0.166048288558,-0.351973102055,decay
18.24,0.378819120793,0.212453184227,0.558677580826,0.206589388077,-0.166365936567,-0.35208819275,decay
18.25,0.379139047383,0.212431994683,0.558770359233,0.206569456623,-0.1667070527,-0.35220090261,decay
18.26,0.379475255647,0.212411062167,0.558856894341,0.206549852316,-0.16706419348,-0.352307042025,decay
18.27,0.379818654949,0.212390390499,0.558936638171,0.206530597973,-0.16742826445,-0.352406040198,decay
18.28,0.380159268503,0.212369976915,0.559012373892,0.20651171768,-0.167789291588,-0.352500656212,decay
18.29,0.38048690147,0.212349813138,0.559089311068,0.206493236153,-0.168137088332,-0.352596074915,decay
18.3,0.380791943663,0.212329886571,0.559173859985,0.206475177953,-0.168462057091,-0.352698682032,decay
18.31,0.381066390717,0.212310181376,0.559272238901,0.20645756659,-0.16875620934,-0.352814672311,decay
18.32,0.381304772682,0.212290679444,0.559389065104,0.206440423511,-0.169014093238,-0.352948641592,decay
18.33,0.381504839143,0.212271361273,0.559526277398,0.206423766931,-0.16923347787,-0.353102510467,decay
18.34,0.381668035022,0.212252206772,0.559682681441,0.206407610508,-0.16941582825,-0.353275070933,decay
18.35,0.381799481255,0.212233196011,0.5598541665,0.206391961816,-0.169566285243,-0.353462204684,decay
18.36,0.381907182259,0.212214309898,0.560034512963,0.206376820835,-0.169692872361,-0.353657692129,decay
18.37,0.382000707342,0.212195530678,0.560216556746,0.206362179174,-0.169805176665,-0.353854377572,decay
18.38,0.382089718742,0.212176842194,0.560393218378,0.206348020563,-0.169912876549,-0.354045197815,decay
18.39,0.382182532164,0.212158229978,0.560557964607,0.206334322209,-0.170024302186,-0.354223642398,decay
18.4,0.382285039,0.212139681294,0.560704689043,0.206321056266,-0.170145357705,-0.354383632777,decay
18.41,0.382400355641,0.212121185179,0.560827197338,0.206308191139,-0.170279170462,-0.354519006198,decay
18.42,0.38252909952,0.212102732502,0.560918470405,0.206295692624,-0.170426367018,-0.354622777781,decay
18.43,0.38266992188,0.21208431604,0.560970083929,0.206283524894,-0.17058560584,-0.354686559035,decay
18.44,0.382820195679,0.212065930566,0.560972322679,0.206271651384,-0.170754265113,-0.354700671296,decay
18.45,0.382976817627,0.212047572966,0.560915207397,0.206260035564,-0.170929244661,-0.354655171833,decay
18.46,0.383136813562,0.212029242325,0.560790149004,0.206248641616,-0.171107571238,-0.354541507387,decay
18.47,0.383297642144,0.212010939818,0.56059171846,0.206237434905,-0.171286702326,-0.354354283555,decay
18.48,0.383457477061,0.211992668288,0.560318993938,0.20622638218,-0.171464808774,-0.354092611758,decay
18.49,0.383615494803,0.211974431582,0.559976029566,0.206215451593,-0.171641063221,-0.353760577973,decay
18.5,0.383771898356,0.211956233826,0.559571329547,0.206204612639,-0.17181566453,-0.353366716908,decay
18.51,0.383927658157,0.211938078687,0.559116633504,0.206193836089,-0.17198957947,-0.352922797416,decay
18.52,0.384084130987,0.211919968616,0.558625492626,0.206183093919,-0.172164162371,-0.352442398707,decay
18.53,0.384242591719,0.211901904064,0.558112033281,0.206172359244,-0.172340687655,-0.351939674037,decay
18.54,0.384403749876,0.211883882651,0.557590127193,0.206161606253,-0.172519867225,-0.35142852094,decay
18.55,0.38456740508,0.211865898287,0.557073030319,0.20615081017,-0.172701506793,-0.350922220149,decay
18.56,0.384732197343,0.211847940344,0.556573430612,0.206139947227,-0.172884256999,-0.350433483386,decay
18.57,0.384895302729,0.211829993297,0.556103693821,0.20612899464,-0.173065309432,-0.34997469918,decay
18.58,0.385052223755,0.211812037124,0.555675987268,0.206117930599,-0.173240186631,-0.34955805667,decay
18.59,0.385196963054,0.211794048243,0.555302015915,0.206106734259,-0.173402914811,-0.349195281656,decay
18.6,0.385322485318,0.211776000593,0.554992211549,0.206095385787,-0.173546484725,-0.348896825763,decay
18.61,0.385421223605,0.211757866688,0.554754432516,0.20608386644,-0.173663356917,-0.348670566076,decay
18.62,0.38548570021,0.211739618677,0.554592589841,0.206072158708,-0.173746081533,-0.348520431132,decay
18.63,0.385509279272,0.211721229404,0.554505710727,0.206060246521,-0.173788049868,-0.348445464206,decay
18.64,0.385486768254,0.211702673521,0.554487783861,0.206048115516,-0.173784094733,-0.348439668345,decay
18.65,0.385414755838,0.211683928659,0.554528564407,0.206035753394,-0.17373082718,-0.348492811013,decay
18.66,0.385291832966,0.211664976574,0.554615229107,0.206023150302,-0.173626856392,-0.348592078805,decay
18.67,0.385118717821,0.211645803942,0.554734448669,0.206010299078,-0.173472913879,-0.348724149591,decay
18.68,0.384898232186,0.211626402549,0.55487438435,0.205997195239,-0.173271829638,-0.348877189112,decay
18.69,0.38463522196,0.211606769085,0.555026198988,0.205983836807,-0.173028452874,-0.349042362181,decay
18.7,0.384336428144,0.21158690492,0.555184715327,0.205970224157,-0.172749523224,-0.34921449117,decay
18.71,0.384010060595,0.211566815983,0.555348065426,0.205956359959,-0.172443244612,-0.349391705467,decay
18.72,0.383665027647,0.211546512784,0.555516557663,0.205942249221,-0.172118514863,-0.349574308442,decay
18.73,0.383310219413,0.21152601056,0.555691222284,0.205927899432,-0.171784208854,-0.349763322852,decay
18.74,0.382954083876,0.211505329547,0.555872575271,0.205913320807,-0.171448754329,-0.349959254464,decay
18.75,0.382604357771,0.211484495389,0.556060115422,0.205898526635,-0.171119862382,-0.350161588787,decay
18.76,0.382267918423,0.211463539537,0.556252754789,0.20588353364,-0.170804378886,-0.350369221149,decay
18.77,0.381950744016,0.211442499258,0.556449868619,0.205868362095,-0.170508244758,-0.350581506524,decay
18.78,0.381657751964,0.21142141693,0.556652317553,0.205853035455,-0.170236335034,-0.350799282098,decay
18.79,0.381392492111,0.211400338835,0.556862822418,0.205837579687,-0.169992153276,-0.351025242731,decay
18.8,0.381156971585,0.211379313843,0.557085359636,0.205822022535,-0.169777657742,-0.351263337101,decay
18.81,0.380951643344,0.21135839212,0.557323640198,0.205806392846,-0.169593251224,-0.351517247352,decay
18.82,0.380775392943,0.211337623838,0.557579204367,0.205790719934,-0.169437769105,-0.351788484433,decay
18.83,0.380625655036,0.211317057866,0.557849990308,0.205775032971,-0.16930859717,-0.352074957337,decay
18.84,0.380498848487,0.211296740396,0.558130034656,0.205759360388,-0.16920210809,-0.352370674268,decay
18.85,0.380390928873,0.211276713484,0.55841039648,0.205743729264,-0.16911421539,-0.352666667216,decay
18.86,0.38029781255,0.211257013601,0.558680977437,0.205728164745,-0.169040798949,-0.352952812692,decay
18.87,0.380215787103,0.211237670663,0.558932751291,0.205712689636,-0.16897811644,-0.353220061656,decay
18.88,0.380141940413,0.211218707841,0.559159860865,0.205697324267,-0.168923232572,-0.353462536598,decay
18.89,0.38007429193,0.211200141882,0.559361122495,0.205682086546,-0.168874150048,-0.353679035949,decay
18.9,0.380011579525,0.21118198346,0.559540676192,0.205666992017,-0.168829596065,-0.353873684175,decay
18.91,0.379953003928,0.211164237344,0.559707583821,0.205652053851,-0.168788766584,-0.35405552997,decay
18.92,0.379897995701,0.211146902365,0.559874272247,0.205637282773,-0.168751093336,-0.354236989474,decay
18.93,0.379845957329,0.211129971198,0.560054154808,0.205622686903,-0.168715986131,-0.354431467905,decay
18.94,0.379796152285,0.211113429929,0.560259127692,0.205608271515,-0.168682722356,-0.354650856177,decay
18.95,0.37974782187,0.211097257428,0.560497579342,0.20559403871,-0.168650564442,-0.354903540632,decay
18.96,0.379700380785,0.211081424712,0.560773339976,0.205579987057,-0.168618956072,-0.355193352919,decay
18.97,0.379653639797,0.211065894943,0.561085715734,0.205566111384,-0.168587744854,-0.355519604351,decay
18.98,0.37960804815,0.211050624548,0.561430342553,0.205552402882,-0.168557423602,-0.355877939671,decay
18.99,0.37956471516,0.211035565128,0.561800349992,0.205538849394,-0.168529150032,-0.356261500597,decay
19,0.379525046425,0.211020665525,0.562187499936,0.205525435703,-0.1685043809,-0.356662064233,decay
19.01,0.379490293494,0.211005873803,0.562583291717,0.205512143739,-0.16848441969,-0.357071147979,decay
19.02,0.379461358375,0.210991139198,0.562980025006,0.205498952704,-0.168470219178,-0.357481072302,decay
19.03,0.379438778053,0.210976414037,0.563371580513,0.205485839131,-0.168462364016,-0.357885741382,decay
19.04,0.379422784178,0.210961655708,0.563753735765,0.205472776863,-0.16846112847,-0.358280958902,decay
19.05,0.379413526644,0.210946828699,0.564124163181,0.205459736985,-0.168466697945,-0.358664426196,decay
19.06,0.379411332658,0.2109319065,0.564482426623,0.205446687736,-0.168479426158,-0.359035738887,decay
19.07,0.379416763669,0.210916872601,0.564830190816,0.205433594606,-0.168499891068,-0.35939659621,decay
19.08,0.379430578081,0.210901720003,0.565171590776,0.205420420726,-0.168528858078,-0.35975117005,decay
19.09,0.379453761075,0.210886449695,0.565513428975,0.205407127485,-0.16856731138,-0.36010630149,decay
19.1,0.379487489975,0.210871068918,0.565864836517,0.205393675216,-0.168616421057,-0.360471161301,decay
19.11,0.379533006902,0.210855589525,0.566236306846,0.205380023901,-0.168677417377,-0.360856282944,decay
19.12,0.379591610653,0.210840026444,0.566638275795,0.205366133912,-0.168751584209,-0.361272141883,decay
19.13,0.379664756359,0.21082439621,0.567079442436,0.205351966804,-0.168840360149,-0.361727475631,decay
19.14,0.379754022486,0.210808715546,0.567565043598,0.205337486195,-0.16894530694,-0.362227557403,decay
19.15,0.379860963511,0.210792999968,0.568095486017,0.20532265874,-0.169067963543,-0.362772827276,decay
19.16,0.379987100981,0.210777262476,0.568665774676,0.205307455113,-0.169209838505,-0.363358319563,decay
19.17,0.380134041446,0.210761512631,0.569265947742,0.205291850643,-0.169372528816,-0.363974097099,decay
19.18,0.380303494763,0.210745756227,0.569882475514,0.205275825336,-0.169557738536,-0.364606650178,decay
19.19,0.380497143231,0.210729995377,0.570500299078,0.205259363501,-0.169767147854,-0.365240935577,decay
19.2,0.380716348073,0.210714228684,0.571104913884,0.205242453385,-0.170002119389,-0.365862460499,decay
19.21,0.38096161404,0.210698451368,0.571683955235,0.20522508695,-0.170263162672,-0.366458868285,decay
19.22,0.381232001138,0.210682655348,0.572228117386,0.20520725984,-0.170549345791,-0.367020857546,decay
19.23,0.381524828341,0.210666829265,0.572731496991,0.205188971506,-0.170857999076,-0.367542525485,decay
19.24,0.381835730807,0.210650958466,0.573191503759,0.205170225515,-0.171184772341,-0.368021278244,decay
19.25,0.382158965037,0.21063502494,0.573608574727,0.205151030039,-0.171523940097,-0.368457544688,decay
19.26,0.382487962408,0.210619007284,0.573985907804,0.205131398376,-0.171868955124,-0.368854509428,decay
19.27,0.382816034122,0.210602880916,0.574329221518,0.205111349055,-0.172213153207,-0.369217872463,decay
19.28,0.38313689978,0.210586618716,0.574646451957,0.205090905148,-0.172550281065,-0.369555546808,decay
19.29,0.383444947976,0.210570191982,0.574947335667,0.205070093066,-0.172874755994,-0.3698772426,decay
19.3,0.383735553187,0.210553571492,0.575242864302,0.205048941283,-0.173181981695,-0.370193923018,decay
19.31,0.384005455402,0.210536728614,0.57554463374,0.205027479171,-0.173468726787,-0.370517154569,decay
19.32,0.384252772891,0.210519636467,0.575864159059,0.205005735933,-0.173733136424,-0.370858423126,decay
19.33,0.384476640938,0.210502271168,0.576212214797,0.204983739611,-0.17397436977,-0.371228475185,decay
19.34,0.384676850314,0.210484613194,0.576598102796,0.204961516152,-0.174192237119,-0.371636586645,decay
19.35,0.384853592626,0.210466648873,0.577028743319,0.204939088494,-0.174386943752,-0.372089654825,decay
19.36,0.385007275627,0.210448371802,0.577507826007,0.204916475794,-0.174558903825,-0.372591350213,decay
19.37,0.385138449454,0.210429783437,0.578035388255,0.204893693132,-0.174708666016,-0.373141695123,decay
19.38,0.385247762895,0.210410892307,0.57860788094,0.204870751971,-0.174836870588,-0.373737128968,decay
19.39,0.38533580877,0.210391712258,0.579218553712,0.204847661175,-0.174944096512,-0.374370892537,decay
19.4,0.385402962946,0.210372260508,0.579857997976,0.204824428181,-0.175030702438,-0.375033569795,decay
19.41,0.385449395573,0.210352555801,0.580514734008,0.204801060212,-0.175096839773,-0.375713673796,decay
19.42,0.385475152993,0.210332616643,0.581175797581,0.204777565522,-0.17514253635,-0.376398232059,decay
19.43,0.385480198971,0.210312459617,0.581827332577,0.204753954684,-0.175167739354,-0.377073377893,decay
19.44,0.385464588917,0.210292097706,0.582455185338,0.204730241953,-0.175172491211,-0.377724943386,decay
19.45,0.385428815557,0.210271538628,0.583045474213,0.204706446714,-0.175157276929,-0.378339027499,decay
19.46,0.385374051342,0.210250783368,0.583585107441,0.204682594826,-0.175123267974,-0.378902512615,decay
19.47,0.385302197918,0.210229825621,0.584062238536,0.204658719217,-0.175072372297,-0.379403519319,decay
19.48,0.385215874963,0.21020865268,0.584466618991,0.204634859245,-0.175007222283,-0.379831759746,decay
19.49,0.385118279082,0.210187247366,0.584789704888,0.204611059177,-0.174931031716,-0.380178645711,decay
19.5,0.385012802759,0.210165590283,0.585024386629,0.204587366442,-0.174847212475,-0.380437020188,decay
19.51,0.38490261529,0.210143662129,0.585164452205,0.204563829882,-0.174758953161,-0.380600622323,decay
19.52,0.384790439927,0.210121446056,0.585204171297,0.204540498018,-0.174668993871,-0.380663673279,decay
19.53,0.384678522937,0.210098930155,0.585138501694,0.20451741725,-0.174579592782,-0.380621084444,decay
19.54,0.384568768661,0.210076110076,0.584964175986,0.204494629988,-0.174492658586,-0.380469545998,decay
19.55,0.384462995475,0.210052991855,0.584681315507,0.204472172653,-0.17441000362,-0.380209142854,decay
19.56,0.384363036024,0.210029594575,0.584294759245,0.204450073736,-0.17433344145,-0.37984468551,decay
19.57,0.384270474148,0.210005951669,0.583814458974,0.204428352614,-0.174264522479,-0.37938610636,decay
19.58,0.38418631049,0.209982109954,0.583254894932,0.204407019631,-0.174204200536,-0.378847875302,decay
19.59,0.384110938404,0.209958127073,0.582633905563,0.204386077024,-0.174152811331,-0.378247828539,decay
19.6,0.384044294934,0.209934068582,0.581971286249,0.204365519968,-0.174110226352,-0.377605766282,decay
19.61,0.383985952951,0.209910005157,0.581287321822,0.204345337425,-0.174075947794,-0.376941984398,decay
19.62,0.383935279501,0.209886009894,0.580601348517,0.204325512812,-0.174049269607,-0.376275835704,decay
19.63,0.383891684956,0.209862155653,0.579930402014,0.20430602448,-0.174029529303,-0.375624377534,decay
19.64,0.383854772034,0.209838512382,0.579288032309,0.204286846018,-0.174016259651,-0.37500118629,decay
19.65,0.383824417411,0.209815144355,0.578683448143,0.204267946411,-0.174009273055,-0.374415501732,decay
19.66,0.383800823013,0.209792107563,0.578121131681,0.204249290125,-0.17400871545,-0.373871841555,decay
19.67,0.383784307113,0.209769448093,0.577600943164,0.204230837431,-0.17401485902,-0.373370105733,decay
19.68,0.383774870342,0.209747202141,0.577118659809,0.204212545188,-0.174027668201,-0.372906114621,decay
19.69,0.383771958158,0.209725397127,0.576666884292,0.204194367949,-0.174046561031,-0.372472516343,decay
19.7,0.383774545111,0.209704052987,0.576236231313,0.204176259114,-0.174070492124,-0.372059972199,decay
19.71,0.38378129519,0.209683183269,0.575816688972,0.20415817205,-0.174098111921,-0.371658516922,decay
19.72,0.383790781797,0.209662796011,0.57539902124,0.204140061199,-0.174127985786,-0.371258960041,decay
19.73,0.383801933218,0.209642894411,0.574975920981,0.204121883188,-0.174159038807,-0.370854037793,decay
19.74,0.383814537931,0.209623477307,0.574542523222,0.204103597984,-0.174191060624,-0.370438925239,decay
19.75,0.383829529599,0.209604539455,0.574096153528,0.204085170119,-0.174224990144,-0.370010983409,decay
19.76,0.383849042567,0.209586071679,0.57363566329,0.204066569882,-0.174262970889,-0.369569093408,decay
19.77,0.383876205546,0.209568061042,0.57316088802,0.204047774089,-0.174308144504,-0.36911311393,decay
19.78,0.383914568053,0.209550491161,0.572672574929,0.204028766155,-0.174364076893,-0.368643808774,decay
19.79,0.383967377772,0.209533342588,0.57217282936,0.204009535691,-0.174434035184,-0.368163293668,decay
19.8,0.384037045326,0.209516593105,0.571665805522,0.203990078072,-0.174520452221,-0.367675727449,decay
19.81,0.384124798217,0.209500217872,0.571158134143,0.203970394128,-0.174624580346,-0.367187740015,decay
19.82,0.384230429966,0.209484189434,0.570658676282,0.203950489984,-0.174746240532,-0.366708186298,decay
19.83,0.384352263781,0.209468477599,0.570177541468,0.203930377035,-0.174883786182,-0.366247164433,decay
19.84,0.384487374191,0.209453049173,0.569724622593,0.20391007207,-0.175034325018,-0.365814550523,decay
19.85,0.384631837088,0.209437867578,0.569308072124,0.203889597519,-0.175193969511,-0.365418474605,decay
19.86,0.384780870051,0.209422892466,0.568933182734,0.203868981712,-0.175357977586,-0.365064201022,decay
19.87,0.384929022686,0.209408079712,0.568601945296,0.203848258712,-0.175520942973,-0.364753686583,decay
19.88,0.385070487129,0.209393382092,0.568313197133,0.203827467396,-0.175677105038,-0.364485729738,decay
19.89,0.385199411372,0.20937875043,0.568063165419,0.20380665,-0.175820660943,-0.36425651542,decay
19.9,0.385310276739,0.209364134879,0.567846380786,0.203785850547,-0.17594614186,-0.36406053024,decay
19.91,0.385398377164,0.209349486177,0.567656925885,0.203765113286,-0.176048890987,-0.363891812599,decay
19.92,0.38546010984,0.209334756914,0.567489803565,0.203744481134,-0.176125352926,-0.363745322431,decay
19.93,0.385492912705,0.20931990283,0.567342076335,0.203723994081,-0.176173009874,-0.363618082254,decay
19.94,0.385495038216,0.209304884191,0.56721335734,0.20370368752,-0.176190154025,-0.36350966982,decay
19.95,0.385465314289,0.209289667261,0.56710543061,0.203683590472,-0.176175647028,-0.363421840138,decay
19.96,0.38540297971,0.209274225707,0.567021225437,0.203663723904,-0.176128754003,-0.363357501533,decay
19.97,0.385307833423,0.209258541301,0.566963629103,0.203644099857,-0.176049292122,-0.363319529246,decay
19.98,0.385180782626,0.209242603463,0.566934546241,0.203624721934,-0.175938179163,-0.363309824307,decay
19.99,0.385024400129,0.209226408002,0.566934419979,0.203605586717,-0.175797992127,-0.363328833262,decay
20,0.384843098525,0.20920995572,0.566962296899,0.20358668536,-0.175633142805,-0.363375611539,decay
20.01,0.3846430249,0.209193251138,0.567016363552,0.203568005061,-0.175449773762,-0.363448358492,decay
20.02,0.38443183811,0.209176301346,0.5670945693,0.203549530417,-0.175255536764,-0.363545038883,decay
20.03,0.384218245451,0.20915911495,0.567194839242,0.203531244678,-0.175059130501,-0.363663594563,decay
20.04,0.384011349924,0.209141701114,0.567314807957,0.203513130931,-0.17486964881,-0.363801677026,decay
20.05,0.383820064772,0.209124068665,0.567451385537,0.203495173228,-0.174695996107,-0.363956212309,decay
20.06,0.383652586508,0.209106225352,0.567600397269,0.203477357617,-0.174546361156,-0.364123039652,decay
20.07,0.383515827992,0.20908817756,0.567756421531,0.203459672827,-0.174427650433,-0.364296748704,decay
20.08,0.383414954364,0.209069930704,0.567912824362,0.203442110453,-0.17434502366,-0.364470713909,decay
20.09,0.383353100663,0.209051490143,0.568061784413,0.203424664776,-0.174301610519,-0.364637119637,decay
20.1,0.383331169247,0.209032862275,0.568194158383,0.203407332489,-0.174298306972,-0.364786825895,decay
20.11,0.383347829384,0.209014055716,0.568299361244,0.203390112409,-0.174333773668,-0.364909248835,decay
20.12,0.383399946724,0.208995082564,0.568365666873,0.203373005207,-0.17440486416,-0.364992661666,decay
20.13,0.383483254779,0.208975959756,0.568381217883,0.203356013131,-0.174507295023,-0.365025204752,decay
20.14,0.38359288701,0.208956710548,0.568335662228,0.203339139729,-0.174636176462,-0.364996522499,decay
20.15,0.383723724057,0.20893736613,0.568222006407,0.20332238956,-0.174786357927,-0.364899616847,decay
20.16,0.383870625995,0.208917967134,0.568038103677,0.203305767893,-0.174952658861,-0.364732335784,decay
20.17,0.384028392509,0.208898564239,0.5677872566,0.203289280367,-0.17512982827,-0.364497976234,decay
20.18,0.38419146538,0.208879217243,0.56747779203,0.203272932599,-0.175312248137,-0.364204859432,decay
20.19,0.384353737959,0.208859993056,0.567121876749,0.203256729743,-0.175493744903,-0.363865147006,decay
20.2,0.384508612833,0.208840963413,0.566733946943,0.203240676004,-0.175667649419,-0.36349327094,decay
20.21,0.38464917829,0.2088222026,0.566329050084,0.203224774089,-0.175826975691,-0.363104275995,decay
20.22,0.384768587691,0.208803785166,0.565921345206,0.203209024613,-0.175964802524,-0.362712320594,decay
20.23,0.384860748328,0.208785783588,0.565522959248,0.203193425419,-0.17607496474,-0.36232953383,decay
20.24,0.384921101671,0.208768265796,0.56514330167,0.203177970825,-0.176152835875,-0.361965330845,decay
20.25,0.384947280837,0.208751292536,0.564788800973,0.203162650776,-0.1761959883,-0.361626150197,decay
20.26,0.384939634862,0.208734914801,0.564462949684,0.203147450043,-0.17620472006,-0.361315499641,decay
20.27,0.384901447343,0.208719172228,0.564166606223,0.203132347959,-0.176182275115,-0.361034258264,decay
20.28,0.384838523223,0.208704093143,0.563898636345,0.203117319049,-0.17613443008,-0.360781317297,decay
20.29,0.384758227024,0.2086896957,0.563656988467,0.203102334294,-0.176068531324,-0.360554654173,decay
20.3,0.384668436535,0.208675989134,0.563439994997,0.203087362548,-0.175992447401,-0.360352632449,decay
20.31,0.384576624332,0.208662974732,0.563247369211,0.203072371929,-0.1759136496,-0.360174997282,decay
20.32,0.384489089097,0.208650646512,0.563080536726,0.203057331189,-0.175838442585,-0.360023205537,decay
20.33,0.384410561702,0.208638991607,0.562942323776,0.203042211109,-0.175771570095,-0.359900112667,decay
20.34,0.384344266135,0.208627990371,0.562836148952,0.20302698593,-0.175716275764,-0.359809163022,decay
20.35,0.384292185114,0.208617616209,0.562764963833,0.203011634862,-0.175674568906,-0.359753328971,decay
20.36,0.384255445872,0.208607835288,0.562730301999,0.202996143494,-0.175647610584,-0.359734158504,decay
20.37,0.384234883869,0.208598606636,0.56273166268,0.202980504497,-0.175636277233,-0.359751158183,decay
20.38,0.384231545871,0.208589882998,0.562766247084,0.202964717159,-0.175641662873,-0.359801529925,decay
20.39,0.384246862689,0.208581612203,0.562829037718,0.202948786112,-0.175665250486,-0.359880251606,decay
20.4,0.384282576457,0.208573738551,0.562913307113,0.202932719886,-0.175708837906,-0.359980587227,decay
20.41,0.384340511562,0.20856620405,0.563011593339,0.202916529532,-0.175774307512,-0.360095063807,decay
20.42,0.384422047859,0.208558949515,0.563116928672,0.202900227326,-0.175863098344,-0.360216701345,decay
20.43,0.384527394514,0.208551915571,0.563223909324,0.202883825523,-0.175975478943,-0.360340083801,decay
20.44,0.384655111357,0.208545043568,0.563329174629,0.202867335131,-0.176110067789,-0.360461839498,decay
20.45,0.384802065151,0.208538276467,0.563431023223,0.202850764701,-0.176263788684,-0.360580258522,decay
20.46,0.384963688613,0.208531559626,0.56352823979,0.202834119218,-0.176432128986,-0.360694120573,decay
20.47,0.385134571779,0.208524841297,0.563618603935,0.202817399452,-0.176609730482,-0.360801204483,decay
20.48,0.38530936049,0.208518072677,0.563697727648,0.202800602062,-0.176791287813,-0.360897125586,decay
20.49,0.385483551795,0.208511207665,0.56375869324,0.202783720214,-0.17697234413,-0.360974973026,decay
20.5,0.385653914535,0.208504202555,0.563792610918,0.202766744341,-0.17714971198,-0.361025866577,decay
20.51,0.385818680189,0.208497015797,0.563789887084,0.202749662902,-0.177321664392,-0.361040224182,decay
20.52,0.385977549021,0.208489607819,0.563741780974,0.202732463123,-0.177487941202,-0.361009317851,decay
20.53,0.386131415906,0.208481940927,0.563641826399,0.202715131754,-0.177649474979,-0.360926694645,decay
20.54,0.386281995656,0.20847397929,0.563486788645,0.202697655844,-0.177808016366,-0.360789132801,decay
20.55,0.386431555899,0.208465689024,0.563276852476,0.202680023554,-0.177965866875,-0.360596828922,decay
20.56,0.386582648525,0.208457038341,0.563014943708,0.202662224952,-0.178125610184,-0.360352718756,decay
20.57,0.386737763476,0.20844799769,0.562705550687,0.202644252586,-0.178289765786,-0.3600612981,decay
20.58,0.386899104759,0.208438539813,0.562353701658,0.202626101673,-0.178460564946,-0.359727599985,decay
20.59,0.387068547723,0.208428639789,0.561964587293,0.202607770038,-0.178639907934,-0.359356817255,decay
20.6,0.387247553859,0.208418275169,0.561543944955,0.202589258039,-0.178829278691,-0.358954686916,decay
20.61,0.387437041346,0.208407426262,0.561099063129,0.202570568568,-0.179029615084,-0.358528494561,decay
20.62,0.387637398421,0.208396076582,0.56063998709,0.202551707137,-0.179241321839,-0.358088279953,decay
20.63,0.38784850773,0.208384213464,0.560180205737,0.20253268205,-0.179464294266,-0.357647523687,decay
20.64,0.388069556725,0.208371828867,0.559736231354,0.202513504662,-0.179697727859,-0.357222726692,decay
20.65,0.388298749247,0.208358920382,0.559326028515,0.202494189731,-0.179939828866,-0.356831838785,decay
20.66,0.388533103461,0.208345492241,0.558966713421,0.202474755757,-0.18018761122,-0.356491957664,decay
20.67,0.388768330673,0.208331555681,0.55867222572,0.202455225033,-0.180436774992,-0.356217000687,decay
20.68,0.388998873514,0.20831712816,0.558451747844,0.20243562316,-0.180681745354,-0.356016124684,decay
20.69,0.389218280943,0.208302231795,0.558309287982,0.20241597819,-0.180916049148,-0.355893309793,decay
20.7,0.389419828529,0.20828689169,0.558244254636,0.202396319697,-0.181132936839,-0.35584793494,decay
20.71,0.389597120727,0.208271134394,0.558252541163,0.202376677861,-0.181325986333,-0.355875863302,decay
20.72,0.389744647918,0.20825498651,0.558327704234,0.202357082571,-0.181489661408,-0.355970621663,decay
20.73,0.389858336054,0.208238473394,0.55846195193,0.202337562519,-0.18161986266,-0.356124389411,decay
20.74,0.389935879239,0.208221617944,0.558646733558,0.202318144263,-0.181714261296,-0.356328589295,decay
20.75,0.389976806591,0.208204439435,0.55887296496,0.202298851232,-0.181772367156,-0.356574113727,decay
20.76,0.389982556919,0.208186952485,0.559131176422,0.202279702798,-0.181795604434,-0.356851473623,decay
20.77,0.389956559781,0.208169166422,0.559411745366,0.202260713766,-0.181787393359,-0.3571510316,decay
20.78,0.389904021701,0.208151085271,0.559705124214,0.202241894597,-0.18175293643,-0.357463229617,decay
20.79,0.389831388598,0.208132708189,0.560001979382,0.202223252119,-0.181698680409,-0.357778727263,decay
20.8,0.389745664155,0.208114030027,0.560293268535,0.202204790327,-0.181631634127,-0.358088478208,decay
20.81,0.389653571748,0.208095041923,0.560570287777,0.202186511104,-0.181558529824,-0.358383776673,decay
20.82,0.389560608138,0.208075731898,0.560824714333,0.202168414867,-0.181484876241,-0.358656299466,decay
20.83,0.389470345839,0.208056085489,0.561048748879,0.202150501141,-0.18141426035,-0.358898247739,decay
20.84,0.389384158543,0.208036086427,0.56123555319,0.202132769074,-0.181348072116,-0.359102784115,decay
20.85,0.389301172117,0.208015717361,0.561380132688,0.202115217906,-0.181285454757,-0.359264914782,decay
20.86,0.38921839336,0.207994960626,0.561480550074,0.202097847347,-0.181223432733,-0.359382702727,decay
20.87,0.389131164332,0.207973798953,0.561539034591,0.202080657815,-0.181157365379,-0.359458376776,decay
20.88,0.389033818357,0.207952216047,0.561562402736,0.202063650423,-0.181081602311,-0.359498752313,decay
20.89,0.388920334958,0.20793019712,0.561561447564,0.202046826806,-0.180990137838,-0.359514620758,decay
20.9,0.388785101629,0.207907729509,0.561549431562,0.202030188856,-0.18087737212,-0.359519242706,decay
20.91,0.388623754762,0.207884803419,0.561540016793,0.202013738419,-0.180738951342,-0.359526278374,decay
20.92,0.388433710668,0.207861412838,0.561545012772,0.201997476936,-0.180572297829,-0.359547535836,decay
20.93,0.388214250581,0.207837556617,0.561572527818,0.20198140504,-0.180376693964,-0.359591122779,decay
20.94,0.387966386867,0.20781323975,0.561626127694,0.201965522086,-0.180153147117,-0.359660605607,decay
20.95,0.387692607375,0.207788474866,0.561705250706,0.201949825618,-0.179904132509,-0.359755425088,decay
20.96,0.387396474434,0.207763283677,0.561806642959,0.201934310813,-0.179633190757,-0.359872332147,decay
20.97,0.387082173147,0.207737697536,0.561926194941,0.201918970102,-0.179344475611,-0.360007224838,decay
20.98,0.386754058665,0.207711756458,0.562060443854,0.201903793096,-0.179042302207,-0.360156650759,decay
20.99,0.386416158521,0.207685507076,0.562207220536,0.201888766697,-0.178730651444,-0.360318453839,decay
21,0.386071824336,0.207659000382,0.562365423882,0.201873875235,-0.178412823954,-0.360491548647,decay
21.01,0.385723839509,0.20763228959,0.562534364369,0.201859100512,-0.178091549919,-0.360675263857,decay
21.02,0.385374794213,0.207605428094,0.562713133709,0.201844421788,-0.177769366119,-0.360868711921,decay
21.03,0.385027260512,0.207578467485,0.562900176571,0.201829815688,-0.177448793027,-0.361070360883,decay
21.04,0.384683750485,0.20755145557,0.563093108507,0.201815256048,-0.177132294915,-0.361277852459,decay
21.05,0.38434666203,0.207524434367,0.563288878898,0.201800713699,-0.176822227663,-0.361488165199,decay
21.06,0.384018175169,0.207497438249,0.56348432711,0.201786156282,-0.176520736919,-0.361698170828,decay
21.07,0.383700121321,0.207470492959,0.563676989451,0.201771548407,-0.176229628363,-0.361905441045,decay
21.08,0.383394037184,0.20744361601,0.56386580465,0.201756852375,-0.175950421174,-0.362108952274,decay
21.09,0.383101406337,0.20741681807,0.564051228711,0.201742029333,-0.175684588267,-0.362309199378,decay
21.1,0.382823910739,0.207390104553,0.564234451728,0.201727040554,-0.175433806186,-0.362507411174,decay
21.11,0.382563717664,0.207363477139,0.564415889878,0.201711848778,-0.175200240525,-0.362704041099,decay
21.12,0.382323855628,0.207336935213,0.564593451909,0.201696419607,-0.174986920414,-0.362897032302,decay
21.13,0.382108396302,0.207310477252,0.564761064815,0.201680723,-0.174797919049,-0.363080341815,decay
21.14,0.381922145126,0.207284102164,0.564907841156,0.201664734895,-0.174638042962,-0.363243106262,decay
21.15,0.381769972066,0.207257810624,0.565018202854,0.201648438997,-0.174512161442,-0.363369763856,decay
21.16,0.381656075606,0.207231606282,0.565073095567,0.201631828464,-0.174424469324,-0.363441267103,decay
21.17,0.381583296246,0.207205496455,0.565052187308,0.201614906617,-0.174377799791,-0.363437280692,decay
21.18,0.381552646135,0.207179492015,0.564936786843,0.201597685999,-0.17437315412,-0.363339100844,decay
21.19,0.381563255464,0.207153606696,0.564712992764,0.201580186297,-0.174409648768,-0.363132806467,decay
21.2,0.38161257245,0.207127856229,0.564374379106,0.201562432022,-0.174484716221,-0.362811947084,decay
21.21,0.381696562131,0.207102257465,0.563923678054,0.201544450305,-0.174594304666,-0.362379227749,decay
21.22,0.381809992866,0.207076827484,0.563373257176,0.201526268801,-0.174733165382,-0.361846988375,decay
21.23,0.381946868275,0.207051582664,0.562744302337,0.201507913652,-0.174895285612,-0.361236388685,decay
21.24,0.382100812253,0.2070265377,0.56206467903,0.201489407484,-0.175074274553,-0.360575271546,decay
21.25,0.382265414614,0.207001704553,0.561365804529,0.201470767387,-0.175263710061,-0.359895037141,decay
21.26,0.382434725724,0.206977091441,0.56067922861,0.201452003093,-0.175457634284,-0.359227225517,decay
21.27,0.382603747466,0.206952702305,0.560033637676,0.201433116071,-0.175651045162,-0.358600521605,decay
21.28,0.382768569989,0.206928537074,0.559452857387,0.201414100102,-0.175840032915,-0.358038757284,decay
21.29,0.382926171376,0.206904592469,0.55895522592,0.201394942898,-0.176021578908,-0.357560283022,decay
21.3,0.383074086817,0.206880862907,0.558554338856,0.201375628011,-0.17619322391,-0.357178710845,decay
21.31,0.383209901602,0.206857341332,0.558260767628,0.201356136743,-0.176352560269,-0.356904630885,decay
21.32,0.383330637484,0.206834019964,0.558084133637,0.201336450056,-0.17649661752,-0.356747683581,decay
21.33,0.383432465546,0.206810890985,0.558034836479,0.201316550522,-0.176621574561,-0.356718285958,decay
21.34,0.383510923042,0.20678794718,0.558124752022,0.201296424347,-0.176722975862,-0.356828327675,decay
21.35,0.383561410659,0.206765182531,0.558366542899,0.201276063512,-0.176796228127,-0.357090479388,decay
21.36,0.383579858287,0.206742592762,0.55877176455,0.201255467789,-0.176837265525,-0.357516296761,decay
21.37,0.38356348035,0.206720175746,0.559348290892,0.201234645882,-0.176843304604,-0.35811364501,decay
21.38,0.383511309503,0.206697931732,0.560097702711,0.20121361508,-0.176813377771,-0.358884087631,decay
21.39,0.383424333813,0.206675863431,0.561013366603,0.201192399889,-0.176748470382,-0.359820966714,decay
21.4,0.383305410122,0.206653976061,0.562079849111,0.201171030456,-0.176651434061,-0.360908818655,decay
21.41,0.38315902611,0.20663227738,0.563273861095,0.201149541095,-0.17652674873,-0.36212432,decay
21.42,0.382990785769,0.206610777718,0.564566351516,0.201127968923,-0.17638000805,-0.363438382594,decay
21.43,0.382806795784,0.206589490003,0.56592508608,0.201106352567,-0.176217305781,-0.364818733513,decay
21.44,0.382613320786,0.206568429769,0.567317049574,0.201084730915,-0.176044891016,-0.366232318659,decay
21.45,0.382416667519,0.206547615164,0.568710200186,0.201063141887,-0.175869052355,-0.367647058299,decay
21.46,0.382223041858,0.206527066906,0.570074504806,0.201041621262,-0.175695974952,-0.369032883544,decay
21.47,0.382038399532,0.206506808122,0.571382487965,0.2010202018,-0.175531591409,-0.370362286165,decay
21.48,0.381868358068,0.206486863998,0.572609507581,0.200998912799,-0.17538149407,-0.371610594781,decay
21.49,0.38171803522,0.206467261259,0.573733898216,0.200977779951,-0.175250773961,-0.372756118265,decay
21.5,0.381591831888,0.206448027578,0.574737192907,0.20095682521,-0.17514380431,-0.373780367697,decay
21.51,0.381493363582,0.206429190892,0.575604674519,0.200936066587,-0.175064172689,-0.374668607931,decay
21.52,0.381425469537,0.206410778643,0.576326326229,0.200915517822,-0.175014690894,-0.375410808406,decay
21.53,0.381390114741,0.206392816901,0.576897963485,0.200895187951,-0.17499729784,-0.376002775534,decay
21.54,0.38138831166,0.20637532937,0.577322106315,0.200875080736,-0.17501298229,-0.376447025579,decay
21.55,0.381420183556,0.206358336232,0.577608060923,0.20085519397,-0.175061847324,-0.376752866953,decay
21.56,0.381484972378,0.206341852977,0.577770884786,0.200835518761,-0.1751431194,-0.376935366026,decay
21.57,0.38158091167,0.20632588968,0.577829357317,0.200816039254,-0.17525502199,-0.377013318064,decay
21.58,0.381705223609,0.206310451065,0.577803438028,0.200796733116,-0.175394772544,-0.377006704912,decay
21.59,0.381854284507,0.206295537082,0.577711814592,0.200777572539,-0.175558747424,-0.376934242053,decay
21.6,0.382023723152,0.206281143511,0.577570116164,0.200758525318,-0.17574257964,-0.376811590846,decay
21.61,0.382208550563,0.206267262374,0.577390192426,0.200739555842,-0.175941288189,-0.376650636583,decay
21.62,0.382403555025,0.206253882162,0.577180403645,0.200720626005,-0.176149672862,-0.37645977764,decay
21.63,0.382603766649,0.206240987884,0.576946450623,0.20070169605,-0.176362778766,-0.376244754573,decay
21.64,0.382804761128,0.206228560919,0.57669232779,0.200682725388,-0.176576200209,-0.376009602402,decay
21.65,0.383002907621,0.206216578705,0.57642120483,0.200663673392,-0.176786328915,-0.375757531438,decay
21.66,0.383195590497,0.206205014344,0.576136092142,0.200644500182,-0.176990576152,-0.37549159196,decay
21.67,0.383381272027,0.206193836442,0.575840192917,0.200625167296,-0.177187435585,-0.375215025621,decay
21.68,0.38355942239,0.206183009447,0.575536935364,0.200605638225,-0.177376412944,-0.374931297139,decay
21.69,0.383730346478,0.206172494292,0.575229690412,0.200585878855,-0.177557852186,-0.374643811557,decay
21.7,0.383894696178,0.20616224905,0.574921225867,0.200565857964,-0.177732447127,-0.374355367903,decay
21.71,0.384052638382,0.206152229474,0.574613107024,0.200545547807,-0.177900408908,-0.374067559218,decay
21.72,0.384203151586,0.20614238943,0.574305298117,0.200524924828,-0.178060762156,-0.373780373288,decay
21.73,0.384343810723,0.206132681245,0.573996070467,0.200503970515,-0.178211129478,-0.373492099952,decay
21.74,0.384470930773,0.206123055992,0.573682210269,0.200482672401,-0.178347874781,-0.373199537868,decay
21.75,0.384579989601,0.20611346371,0.573359473443,0.200461025254,-0.178466525892,-0.372898448189,decay
21.76,0.384666367853,0.20610385364,0.573023087317,0.200439032263,-0.178562514213,-0.372584055054,decay
21.77,0.384726135801,0.206094174625,0.572667987324,0.200416705606,-0.178631961176,-0.372251281717,decay
21.78,0.384756601352,0.206084375789,0.572288697985,0.200394065947,-0.178672225563,-0.371894632038,decay
21.79,0.384756659036,0.206074407453,0.571879105194,0.200371141195,-0.178682251584,-0.371507963999,decay
21.8,0.384726929711,0.206064222163,0.571432427117,0.200347965167,-0.178662707548,-0.371084461951,decay
21.81,0.384669503911,0.2060537758,0.57094159302,0.200324576398,-0.178615728111,-0.370617016622,decay
21.82,0.384587372562,0.206043028798,0.57040012774,0.200301017081,-0.178544343765,-0.370099110659,decay
21.83,0.384483900833,0.206031947498,0.569803338054,0.200277332121,-0.178451953335,-0.369526005933,decay
21.84,0.384362476153,0.206020505674,0.569149224738,0.200253568277,-0.178341970479,-0.36889565646,decay
21.85,0.384226258085,0.206008686257,0.568438561839,0.200229773362,-0.178217571828,-0.368208788477,decay
21.86,0.384078137861,0.205996482975,0.567674077395,0.20020599549,-0.178081654887,-0.367468081905,decay
21.87,0.383920994042,0.20598390095,0.566859223344,0.200182282372,-0.177937093091,-0.366676940972,decay
21.88,0.383757961954,0.205970955514,0.565997257419,0.200158680669,-0.17778700644,-0.36583857675,decay
21.89,0.383592459517,0.205957669787,0.565091184444,0.200135235343,-0.17763478973,-0.3649559491,decay
21.9,0.383428073426,0.205944072015,0.564144617201,0.200111988982,-0.177484001411,-0.364032628219,decay
21.91,0.38326834976,0.205930193037,0.563163102578,0.200088981034,-0.177338156724,-0.363074121543,decay
21.92,0.383116396887,0.205916063866,0.562155268927,0.200066246956,-0.177200333021,-0.362089021971,decay
21.93,0.382974474803,0.205901713356,0.561133299201,0.200043817226,-0.177072761448,-0.361089481975,decay
21.94,0.382843797106,0.20588716588,0.560112510047,0.200021716221,-0.176956631226,-0.360090793826,decay
21.95,0.382724492468,0.205872439013,0.559110207247,0.199999960911,-0.176852053455,-0.359110246336,decay
21.96,0.382615686247,0.205857541422,0.558144369624,0.199978559588,-0.176758144825,-0.358165810036,decay
21.97,0.382515824332,0.205842471817,0.557232710348,0.199957511309,-0.176673352515,-0.357275199039,decay
21.98,0.382423164915,0.205827219599,0.556392231373,0.199936806575,-0.176595945317,-0.356455424798,decay
21.99,0.382336155179,0.205811766704,0.555638949991,0.199916428851,-0.176524388475,-0.355722521139,decay
22,0.382253682818,0.205796089785,0.554987434373,0.199896356222,-0.176457593033,-0.35509107815,decay
22.01,0.382175401741,0.205780162391,0.554450035426,0.199876562903,-0.17639523935,-0.354573472524,decay
22.02,0.382101989073,0.205763957151,0.554035934273,0.199857020613,-0.176338031922,-0.35417891366,decay
22.03,0.382035079403,0.205747448014,0.553750347374,0.199837699843,-0.176287631389,-0.353912647531,decay
22.04,0.381977028884,0.205730612567,0.553594296565,0.199818571034,-0.176246416317,-0.353775725531,decay
22.05,0.381930639645,0.205713434503,0.553564972799,0.199799605705,-0.176217205142,-0.353765367094,decay
22.06,0.381898647297,0.205695905967,0.553656344556,0.199780777453,-0.17620274133,-0.353875567103,decay
22.07,0.381883012205,0.205678028975,0.553859762317,0.199762062572,-0.17620498323,-0.354097699745,decay
22.08,0.381884384416,0.205659815235,0.554164508271,0.199743440085,-0.17622456918,-0.354421068186,decay
22.09,0.381901906361,0.205641284899,0.55455827394,0.19972489136,-0.176260621462,-0.354833382579,decay
22.1,0.381933314342,0.205622465115,0.555027654758,0.199706399616,-0.176310849227,-0.355321255142,decay
22.11,0.381975384568,0.205603388748,0.555558824443,0.199687949416,-0.17637199582,-0.355870875026,decay
22.12,0.382024629718,0.205584093253,0.556138420047,0.199669526178,-0.176440536465,-0.356468893869,decay
22.13,0.382077865075,0.20556461969,0.556754525701,0.199651115685,-0.176513245385,-0.357103410016,decay
22.14,0.382132417814,0.205545011853,0.557397593824,0.199632703592,-0.176587405961,-0.357764890232,decay
22.15,0.382186101674,0.205525315481,0.5580611131,0.199614274932,-0.176660786192,-0.358446838168,decay
22.16,0.382237025922,0.205505577529,0.55874182232,0.1995958137,-0.176731448393,-0.359146008619,decay
22.17,0.382283203216,0.205485845411,0.559439385022,0.199577302802,-0.176797357805,-0.35986208222,decay
22.18,0.38232219783,0.205466166188,0.560155576936,0.199558724574,-0.176856031642,-0.360596852362,decay
22.19,0.382351100338,0.20544658567,0.560892984732,0.199540061741,-0.176904514668,-0.361352922992,decay
22.2,0.382366741087,0.205427147479,0.561653307667,0.199521298516,-0.176939593608,-0.362132009151,decay
22.21,0.382366000977,0.205407892036,0.562435752458,0.199502421769,-0.17695810894,-0.362933330689,decay
22.22,0.382346217014,0.20538885548,0.563236069669,0.19948342225,-0.176957361535,-0.363752647419,decay
22.23,0.382305478335,0.205370068454,0.56404636856,0.199464295908,-0.176935409881,-0.364582072652,decay
22.24,0.382242537874,0.205351554766,0.564855624144,0.199445045325,-0.176890983108,-0.365410578818,decay
22.25,0.382156500833,0.205333329868,0.565650824513,0.199425681282,-0.176823170964,-0.366225143231,decay
22.26,0.382046680839,0.205315399393,0.566418526067,0.199406224234,-0.176731281445,-0.367012301833,decay
22.27,0.381912627255,0.205297758498,0.567146366074,0.199386704939,-0.176614868756,-0.367759661135,decay
22.28,0.381754148457,0.205280392597,0.567824250274,0.199367163654,-0.176473755859,-0.368457086621,decay
22.29,0.381571477136,0.205263279043,0.568445242995,0.199347648317,-0.176308198093,-0.369097594679,decay
22.3,0.381365629706,0.205246388978,0.569006277662,0.199328212504,-0.176119240729,-0.369678065157,decay
22.31,0.381138624863,0.205229689049,0.569508655613,0.199308913435,-0.175908935814,-0.370199742178,decay
22.32,0.38089349307,0.205213143004,0.569958105521,0.199289810015,-0.175680350065,-0.370668295505,decay
22.33,0.380634370488,0.205196713181,0.570364195761,0.199270960872,-0.175437657307,-0.371093234889,decay
22.34,0.380366672596,0.205180361948,0.57073913972,0.19925242234,-0.175186310647,-0.371486717381,decay
22.35,0.380097118458,0.20516405311,0.571096299151,0.199234246338,-0.174933065348,-0.371862052814,decay
22.36,0.379833552497,0.205147753212,0.57144873601,0.199216478321,-0.174685799285,-0.372232257689,decay
22.37,0.37958445489,0.205131432456,0.571807960999,0.199199155906,-0.174453022434,-0.372608805093,decay
22.38,0.379357949616,0.205115064995,0.57218291209,0.199182308639,-0.174242884621,-0.373000603451,decay
22.39,0.379160569794,0.205098628824,0.5725793016,0.199165958523,-0.17406194097,-0.373413343077,decay
22.4,0.37899640697,0.205082105581,0.572999465574,0.199150120606,-0.173914301389,-0.373849344968,decay
22.41,0.378866909464,0.205065480417,0.573442649798,0.199134803361,-0.173801429046,-0.374307846437,decay
22.42,0.378771177236,0.205048741947,0.573905606875,0.199120008835,-0.17372243529,-0.37478559804,decay
22.43,0.378706664186,0.205031882271,0.57438349713,0.199105732562,-0.173674781915,-0.375277764567,decay
22.44,0.378670137122,0.205014897089,0.574871012667,0.199091963247,-0.173655240033,-0.37577904942,decay
22.45,0.378658421043,0.2049977859,0.575363394625,0.199078682205,-0.173660635143,-0.376284712419,decay
22.46,0.378668668625,0.204980552209,0.575857017686,0.199065862753,-0.173688116416,-0.376791154932,decay
22.47,0.378698406155,0.204963203518,0.57634948475,0.199053470141,-0.173735202637,-0.377296014609,decay
22.48,0.378745522159,0.204945750908,0.576839402993,0.199041462472,-0.17379977125,-0.377797940521,decay
22.49,0.378808119499,0.204928208346,0.577326086008,0.199029792304,-0.173879911153,-0.378296293704,decay
22.5,0.378884344511,0.204910591946,0.577809335265,0.199018408335,-0.173973752565,-0.37879092693,decay
22.51,0.378972328288,0.204892919287,0.578289196309,0.199007256974,-0.174079409001,-0.379281939335,decay
22.52,0.379070118791,0.204875208765,0.578765387634,0.198996283799,-0.174194910026,-0.379769103835,decay
22.53,0.379175583983,0.204857478975,0.579236286286,0.19898543494,-0.174318105008,-0.380250851346,decay
22.54,0.379286490921,0.204839748106,0.579697741287,0.198974658432,-0.174446742814,-0.380723082855,decay
22.55,0.379400751617,0.204822033336,0.580142180557,0.198963905563,-0.174578718281,-0.381178274994,decay
22.56,0.379516579179,0.204804350242,0.580558448531,0.198953132154,-0.174712228938,-0.381605316377,decay
22.57,0.379632527003,0.204786712335,0.580932565144,0.198942299473,-0.174845814669,-0.381990265671,decay
22.58,0.379747554914,0.204769130791,0.581249100194,0.19893137458,-0.174978424123,-0.382317725613,decay
22.59,0.379861011044,0.204751614298,0.581492490415,0.198920330285,-0.175109396747,-0.38257216013,decay
22.6,0.379972452531,0.204734168905,0.581647890587,0.198909145075,-0.175238283626,-0.382738745513,decay
22.61,0.380081609977,0.20471679782,0.581701727969,0.198897803147,-0.175364812157,-0.382803924822,decay
22.62,0.380188632559,0.204699501138,0.581642270801,0.198886294571,-0.175489131421,-0.38275597623,decay
22.63,0.380294274396,0.20468227551,0.581460262655,0.198874615579,-0.175611998886,-0.382585647076,decay
22.64,0.380399783371,0.20466511373,0.581149483647,0.198862768995,-0.175734669641,-0.382286714652,decay
22.65,0.380506572881,0.204648004253,0.580707063957,0.198850764814,-0.175858568629,-0.381856299143,decay
22.66,0.380615723183,0.204630930718,0.580133432379,0.198838620746,-0.175984792464,-0.381294811633,decay
22.67,0.380727367305,0.204613871806,0.579431894156,0.198826362138,-0.176113495499,-0.380605532018,decay
22.68,0.380840259184,0.204596801644,0.578607938291,0.198814020833,-0.17624345754,-0.379793917458,decay
22.69,0.380951769862,0.204579690613,0.577668425758,0.198801633273,-0.176372079249,-0.378866792485,decay
22.7,0.381058166429,0.204562506239,0.576620768268,0.198789238424,-0.17649566019,-0.377831529844,decay
22.71,0.381154978276,0.204545214058,0.575472251713,0.198776875725,-0.176609764217,-0.376695375988,decay
22.72,0.381237509558,0.204527778476,0.574229806939,0.198764583051,-0.176709731082,-0.375465223888,decay
22.73,0.381301408193,0.20451016363,0.57290043624,0.198752394648,-0.176791244563,-0.374148041592,decay
22.74,0.381342993937,0.204492334284,0.571492210507,0.198740338979,-0.176850659653,-0.372751871528,decay
22.75,0.381359387516,0.204474256785,0.570015524595,0.198728436467,-0.176885130731,-0.371287088128,decay
22.76,0.381348655249,0.204455900009,0.568484155931,0.198716697347,-0.176892755239,-0.369767458585,decay
22.77,0.381309837604,0.204437236096,0.566915656458,0.198705120441,-0.176872601508,-0.368210536017,decay
22.78,0.381242749996,0.204418240787,0.565330776726,0.19869369349,-0.176824509209,-0.366637083237,decay
22.79,0.381147805631,0.20439889354,0.563751886123,0.198682394543,-0.17674891209,-0.36506949158,decay
22.8,0.381025994954,0.204379177666,0.562200623611,0.198671193557,-0.176646817288,-0.363529430054,decay
22.81,0.380878908689,0.204359080604,0.560695310326,0.198660053864,-0.176519828085,-0.362035256462,decay
22.82,0.380708875979,0.204338594362,0.559248860054,0.19864893351,-0.176370281617,-0.360599926544,decay
22.83,0.380519334762,0.204317716118,0.557867769074,0.198637786496,-0.176201618644,-0.359229982578,decay
22.84,0.380315178718,0.204296449005,0.556552368782,0.198626563952,-0.176018729713,-0.35792580483,decay
22.85,0.380102772285,0.204274803088,0.555298247787,0.198615215266,-0.175827969197,-0.35668303252,decay
22.86,0.379889690419,0.204252796314,0.554098606928,0.198603689177,-0.175636894105,-0.355494917751,decay
22.87,0.379684265287,0.204230454739,0.552947095853,0.198591934723,-0.175453810547,-0.35435516113,decay
22.88,0.379494840202,0.204207811486,0.551840395349,0.198579902008,-0.175287028716,-0.353260493342,decay
22.89,0.379328900962,0.204184904816,0.550779771702,0.198567542857,-0.175143996146,-0.352212228845,decay
22.9,0.379192431331,0.204161776032,0.549771217619,0.198554811524,-0.175030655299,-0.351216406095,decay
22.91,0.37908948337,0.204138467467,0.548824305425,0.19854166551,-0.174951015904,-0.350282639914,decay
22.92,0.379021929619,0.204115020542,0.547950267578,0.198528066526,-0.174906909077,-0.349422201052,decay
22.93,0.378989680578,0.204091473861,0.547159969666,0.198513981627,-0.174898206717,-0.348645988039,decay
22.94,0.378991417162,0.20406786129,0.546462241965,0.198499384551,-0.174923555872,-0.347962857414,decay
22.95,0.379025445923,0.20404420999,0.545862805021,0.198484257272,-0.174981235933,-0.347378547749,decay
22.96,0.379090380534,0.204020538622,0.545363944549,0.198468591589,-0.175069841912,-0.34689535296,decay
22.97,0.379185581021,0.203996856505,0.54496492908,0.198452390005,-0.175188724516,-0.346512539075,decay
22.98,0.379311193247,0.203973164315,0.54466295689,0.198435665382,-0.175338028932,-0.346227291508,decay
22.99,0.37946774548,0.203949455881,0.54445426463,0.198418439767,-0.175518289599,-0.346035824863,decay
23,0.379655685655,0.20392572024,0.544335010656,0.198400743163,-0.175729965415,-0.345934267493,decay
23.01,0.379875162276,0.203901943669,0.544301773472,0.198382612507,-0.175973218607,-0.345919160965,decay
23.02,0.380125828388,0.20387811166,0.544351769776,0.198364090895,-0.176247716728,-0.34598767888,decay
23.03,0.380406497979,0.203854210908,0.544483004654,0.198345226997,-0.176552287071,-0.346137777657,decay
23.04,0.380714910375,0.203830231321,0.544694458273,0.198326074669,-0.176884679053,-0.346368383604,decay
23.05,0.381047736564,0.203806168112,0.54498616621,0.198306692727,-0.177241568453,-0.346679473483,decay
23.06,0.381400685286,0.203782023738,0.545358969823,0.198287144766,-0.177618661548,-0.347071825057,decay
23.07,0.381768711391,0.203757809022,0.545813837046,0.198267498648,-0.178010902369,-0.347546338398,decay
23.08,0.382146377545,0.203733542891,0.5463508046,0.19824782539,-0.178412834653,-0.348102979211,decay
23.09,0.382528200448,0.203709251158,0.546967783555,0.198228197598,-0.17881894929,-0.348739585957,decay
23.1,0.38290886483,0.203684965084,0.547659676519,0.198208687783,-0.179223899747,-0.349450988736,decay
23.11,0.383283408821,0.203660720007,0.548418226396,0.198189366641,-0.179622688814,-0.350228859754,decay
23.12,0.383647343783,0.203636554036,0.549232674381,0.198170301286,-0.180010789747,-0.351062373095,decay
23.13,0.383996497505,0.203612506769,0.55009096954,0.198151553365,-0.180383990735,-0.351939416174,decay
23.14,0.384326700255,0.20358861803,0.550981185927,0.198133177038,-0.180738082225,-0.352848008889,decay
23.15,0.384633686085,0.203564926563,0.551892789955,0.198115216746,-0.181068759522,-0.35377757321,decay
23.16,0.384913211611,0.203541468793,0.552817364532,0.198097705058,-0.181371742818,-0.354719659474,decay
23.17,0.385161189248,0.203518277967,0.55374855642,0.198080661521,-0.181642911281,-0.355667894899,decay
23.18,0.385373936912,0.203495383908,0.554681236855,0.198064093223,-0.181878553004,-0.356617143631,decay
23.19,0.385548579396,0.203472813184,0.555609920059,0.198047996525,-0.182075766212,-0.357561923534,decay
23.2,0.385683306543,0.203450589311,0.556526725528,0.19803235895,-0.182232717232,-0.358494366578,decay
23.21,0.385777429829,0.203428732842,0.557419618707,0.198017160856,-0.182348696987,-0.35940245785,decay
23.22,0.385831458452,0.203407261317,0.558271731598,0.198002376881,-0.182424197135,-0.360269354717,decay
23.23,0.38584714135,0.203386189079,0.559062155162,0.197987977181,-0.182460952271,-0.361074177981,decay
23.24,0.385827280684,0.203365526938,0.559768040184,0.197973928499,-0.182461753745,-0.361794111686,decay
23.25,0.385775431502,0.203345281682,0.560367369653,0.19796019508,-0.18243014982,-0.362407174573,decay
23.26,0.385695688148,0.203325455537,0.560841596708,0.197946739442,-0.182370232611,-0.362894857266,decay
23.27,0.385592495455,0.203306045939,0.561177604381,0.19793352295,-0.182286449516,-0.363244081431,decay
23.28,0.385470453271,0.203287045887,0.561368904514,0.197920506176,-0.182183407384,-0.363448398338,decay
23.29,0.38533431334,0.203268444676,0.56141622189,0.197907649092,-0.182065868665,-0.363508572798,decay
23.3,0.3851891289,0.203250228633,0.561327536294,0.197894911166,-0.181938900267,-0.363432625128,decay
23.31,0.385040231304,0.203232381727,0.561117554887,0.197882251418,-0.181807849577,-0.36323530347,decay
23.32,0.384893012809,0.203214886043,0.560806570767,0.197869628429,-0.181678126766,-0.362936942338,decay
23.33,0.38475268104,0.203197722128,0.560418697278,0.197857000333,-0.181554958913,-0.362561696945,decay
23.34,0.384623886531,0.203180869228,0.559979552055,0.197844324783,-0.181443017303,-0.362135227272,decay
23.35,0.384510232627,0.203164305427,0.559513635212,0.197831558921,-0.1813459272,-0.361682076291,decay
23.36,0.384414004918,0.203148007712,0.559041843513,0.197818659358,-0.181265997206,-0.361223184155,decay
23.37,0.384336241386,0.203131952109,0.558579632292,0.197805582257,-0.181204289278,-0.360774050035,decay
23.38,0.38427692405,0.203116113955,0.558136257996,0.197792283542,-0.181160810095,-0.360343974455,decay
23.39,0.384235196006,0.203100468282,0.557715243087,0.197778719245,-0.181134727724,-0.359936523841,decay
23.4,0.384209662222,0.203084990173,0.557315730634,0.197764845934,-0.181124672049,-0.359550884699,decay
23.41,0.384198627976,0.203069655092,0.556934169419,0.197750621213,-0.181128972884,-0.359183548206,decay
23.42,0.384200067577,0.20305443917,0.556565923007,0.197736004317,-0.181145628407,-0.35882991869,decay
23.43,0.384211427646,0.203039319462,0.556206609556,0.197720956832,-0.181172108183,-0.358485652723,decay
23.44,0.384229410714,0.2030242742,0.555853127136,0.197705443535,-0.181205136513,-0.358147683601,decay
23.45,0.384249689648,0.203009283027,0.555504404345,0.197689433401,-0.181240406621,-0.357814970944,decay
23.46,0.38426675249,0.202994327229,0.555161928227,0.197672900655,-0.181272425261,-0.357489027572,decay
23.47,0.384274252627,0.202979389918,0.554830024319,0.197655825449,-0.181294862709,-0.357174198869,decay
23.48,0.384265747613,0.202964456144,0.554515774692,0.19763819386,-0.181301291469,-0.356877580832,decay
23.49,0.384235427896,0.202949512963,0.554228515321,0.197619997459,-0.181285914933,-0.356608517862,decay
23.5,0.384178697506,0.202934549519,0.553978891828,0.197601232908,-0.181244147987,-0.35637765892,decay
23.51,0.384092521199,0.202919557157,0.553777416954,0.197581901761,-0.181172964041,-0.356195515193,decay
23.52,0.383975399104,0.20290452958,0.553632695677,0.197562010486,-0.181070869524,-0.356070685191,decay
23.53,0.38382715053,0.202889463042,0.553549838877,0.197541570704,-0.180937687488,-0.356008268173,decay
23.54,0.383648869179,0.2028743566,0.553529561725,0.197520599659,-0.180774512579,-0.356008962066,decay
23.55,0.383442999678,0.202859212412,0.553568086376,0.1974991209,-0.180583787266,-0.356068965476,decay
23.56,0.383213220502,0.202844036045,0.553657700927,0.197477165021,-0.180369184457,-0.356180535906,decay
23.57,0.382964158285,0.202828836617,0.553787798678,0.197454769831,-0.180135321668,-0.356333028847,decay
23.58,0.382701101135,0.202813626642,0.553946185298,0.197431979526,-0.179887474494,-0.356514205772,decay
23.59,0.382429614617,0.202798421684,0.554120407053,0.197408843172,-0.179631192932,-0.356711563882,decay
23.6,0.38215509423,0.202783239983,0.554298977759,0.197385413074,-0.179371854247,-0.356913564686,decay
23.61,0.381882567258,0.202768102104,0.554472346896,0.19736174328,-0.179114465154,-0.357110603616,decay
23.62,0.381616731274,0.202753030631,0.554633233061,0.197337888171,-0.178863700643,-0.35729534489,decay
23.63,0.381361918284,0.202738049872,0.554776167238,0.197313901126,-0.178623868412,-0.357462266113,decay
23.64,0.381121974515,0.20272318558,0.554896628824,0.197289833209,-0.178398788934,-0.357606795615,decay
23.65,0.380900212164,0.202708464674,0.554990330565,0.197265731866,-0.17819174749,-0.357724598699,decay
23.66,0.380699373707,0.202693914932,0.555053008076,0.197241639699,-0.178005458776,-0.357811368378,decay
23.67,0.380521601869,0.202679564636,0.555080739836,0.197217593714,-0.177842037233,-0.357863146122,decay
23.68,0.380368576144,0.20266544212,0.555070432348,0.197193625311,-0.177703134025,-0.357876807037,decay
23.69,0.380241707622,0.202651575224,0.555019950092,0.197169760771,-0.177590132398,-0.357850189322,decay
23.7,0.380142073406,0.202637990678,0.55492772427,0.197146021837,-0.177504082729,-0.357781702433,decay
23.71,0.380070122213,0.202624713392,0.554792183615,0.197122426207,-0.177445408821,-0.357669757407,decay
23.72,0.380025451087,0.202611765659,0.554611448925,0.197098987934,-0.177413685428,-0.357512460992,decay
23.73,0.380006663351,0.202599166229,0.554383461359,0.197075717727,-0.177407497122,-0.357307743632,decay
23.74,0.380011179292,0.202586929251,0.554106445667,0.197052623172,-0.177424250041,-0.357053822495,decay
23.75,0.380035189224,0.202575063048,0.553779485475,0.197029708845,-0.177460126177,-0.356749776629,decay
23.76,0.380073924609,0.202563568923,0.553402989378,0.197006976403,-0.177510355687,-0.356396012975,decay
23.77,0.380122082184,0.202552440601,0.552978897854,0.196984424781,-0.177569641583,-0.355994473072,decay
23.78,0.380174235951,0.202541664786,0.552510572254,0.196962050657,-0.177632571165,-0.355548521597,decay
23.79,0.380225176193,0.202531222478,0.552002414281,0.196939849064,-0.177693953715,-0.355062565217,decay
23.8,0.380270050401,0.202521090404,0.55145938356,0.196917814019,-0.177748959997,-0.354541569541,decay
23.81,0.380304331609,0.202511242329,0.550886708504,0.196895939092,-0.177793089279,-0.353990769412,decay
23.82,0.38032389775,0.20250165023,0.550290099804,0.196874217929,-0.17782224752,-0.353415881875,decay
23.83,0.380325350795,0.202492285382,0.549676474229,0.196852644733,-0.177833065413,-0.352823829496,decay
23.84,0.380306329023,0.202483119363,0.549054810402,0.19683121472,-0.17782320966,-0.352223595682,decay
23.85,0.380265595757,0.202474125006,0.548436720585,0.196809924548,-0.177791470751,-0.351626796037,decay
23.86,0.380203046621,0.202465277238,0.54783649199,0.196788772702,-0.177737769383,-0.351047719289,decay
23.87,0.380119753849,0.202456553574,0.547270381486,0.19676775972,-0.177663200275,-0.350502621766,decay
23.88,0.380017919289,0.202447934073,0.546755030801,0.196746888198,-0.177569985216,-0.350008142603,decay
23.89,0.379900770785,0.202439400918,0.54630522075,0.196726162614,-0.177461369868,-0.349579058136,decay
23.9,0.379772520607,0.202430937888,0.545931442664,0.196705589104,-0.177341582719,-0.34922585356,decay
23.91,0.379638249875,0.202422529823,0.545637824627,0.196685175219,-0.177215720051,-0.348952649408,decay
23.92,0.379503633696,0.202414162081,0.54542104691,0.196664929665,-0.177089471615,-0.348756117245,decay
23.93,0.379374641485,0.202405819999,0.545270740582,0.196644862028,-0.176968821486,-0.348625878554,decay
23.94,0.379257192564,0.202397488338,0.545171280733,0.196624982461,-0.176859704226,-0.348546298272,decay
23.95,0.379156592587,0.202389150714,0.545104307369,0.196605301341,-0.176767441873,-0.348499006028,decay
23.96,0.379076896953,0.202380789041,0.545051235407,0.196585828925,-0.176696107913,-0.348465406482,decay
23.97,0.379020560623,0.202372383073,0.544995381495,0.196566575117,-0.17664817755,-0.348428806379,decay
23.98,0.378988414499,0.202363910137,0.544923638981,0.196547549452,-0.176624504363,-0.348376089529,decay
23.99,0.378979852003,0.202355344968,0.544827709103,0.196528761209,-0.176624507035,-0.348298947894,decay
24,0.378993305507,0.202346659584,0.544704882988,0.196510219518,-0.176646645923,-0.348194663469,decay
24.01,0.379026929639,0.202337823132,0.544558315727,0.196491933419,-0.176689106507,-0.348066382308,decay
24.02,0.379079049445,0.202328801726,0.544396774999,0.196473911846,-0.176750247718,-0.347922863153,decay
24.03,0.379148172201,0.202319558272,0.544233977689,0.196456163556,-0.176828613929,-0.347777814133,decay
24.04,0.379232780475,0.202310052289,0.544087591861,0.196438696981,-0.176922728186,-0.347648894879,decay
24.05,0.37933099966,0.202300239737,0.54397782863,0.196421520012,-0.177030759923,-0.347556308618,decay
24.06,0.379440162593,0.202290072917,0.543925557875,0.196404639726,-0.177150089676,-0.347520918149,decay
24.07,0.379556583482,0.202279500699,0.543950031186,0.196388062175,-0.177277082783,-0.347561969011,decay
24.08,0.379675760693,0.202268469231,0.544066452256,0.196371792276,-0.177407291462,-0.347694659981,decay
24.09,0.379792872466,0.202256923053,0.544283768033,0.196355833769,-0.177535949413,-0.347927934264,decay
24.1,0.379903481123,0.202244806399,0.544603131575,0.196340189122,-0.177658674724,-0.348262942453,decay
24.11,0.380004405903,0.202232064635,0.545017443454,0.196324859337,-0.177772341268,-0.348692584116,decay
24.12,0.380094375547,0.202218645854,0.545512133029,0.196309843662,-0.177875729694,-0.349202289366,decay
24.13,0.380174037791,0.202204502678,0.546067030484,0.196295139188,-0.177969535112,-0.349771891296,decay
24.14,0.380245447049,0.202189594296,0.546658940737,0.196280740339,-0.178055852753,-0.350378200398,decay
24.15,0.380311414848,0.202173888788,0.54726428392,0.196266638237,-0.178137526059,-0.350997645682,decay
24.16,0.380374835807,0.202157365469,0.547861140828,0.196252820059,-0.178217470338,-0.351608320769,decay
24.17,0.380438076738,0.202140016301,0.548430437608,0.196239268718,-0.178298060437,-0.35219116889,decay
24.18,0.38050270412,0.202121845671,0.548956395192,0.196225963155,-0.178380858449,-0.352730432037,decay
24.19,0.380569550564,0.202102869083,0.549426508622,0.196212879031,-0.178466681481,-0.353213629591,decay
24.2,0.380638851758,0.202083111785,0.549831442587,0.196199989467,-0.178555739973,-0.353631453119,decay
24.21,0.380710417373,0.202062607702,0.550165210479,0.19618726571,-0.178647809671,-0.353977944769,decay
24.22,0.380783879793,0.202041398721,0.550425720947,0.196174677712,-0.178742481072,-0.354251043234,decay
24.23,0.380858873547,0.202019534272,0.550615595118,0.196162194653,-0.178839339274,-0.354453400465,decay
24.24,0.380935123666,0.201997071217,0.550743087837,0.196149785414,-0.178938052449,-0.354593302423,decay
24.25,0.381012628472,0.201974074014,0.550822687811,0.196137419019,-0.179038554458,-0.354685268792,decay
24.26,0.381091882053,0.201950614967,0.550874762485,0.196125065043,-0.179141267087,-0.354749697442,decay
24.27,0.381173810368,0.201926773935,0.550923878227,0.196112693931,-0.179247036433,-0.354811184296,decay
24.28,0.38125940335,0.201902637053,0.550996062467,0.196100277187,-0.179356766297,-0.35489578528,decay
24.29,0.381349388556,0.201878294739,0.551115718202,0.1960877875,-0.179471093816,-0.355027930702,decay
24.3,0.38144404531,0.201853839575,0.551302850355,0.196075198857,-0.179590205735,-0.355227651498,decay
24.31,0.381543043644,0.201829364247,0.551571043758,0.196062486701,-0.179713679396,-0.355508557057,decay
24.32,0.381645442734,0.201804959522,0.551926448446,0.196049628134,-0.179840483212,-0.355876820313,decay
24.33,0.38174990933,0.201780712191,0.552367775385,0.196036602175,-0.179969197139,-0.35633117321,decay
24.34,0.381854843987,0.201756702936,0.552887188433,0.196023390091,-0.180098141051,-0.356863798341,decay
24.35,0.381958296598,0.201733004065,0.553471994395,0.196009975799,-0.180225292533,-0.357462018596,decay
24.36,0.382057906483,0.201709677295,0.554106833374,0.195996346261,-0.180348229188,-0.358110487113,decay
24.37,0.382150935251,0.201686772318,0.554775827481,0.195982491568,-0.180464162933,-0.358793335912,decay
24.38,0.382234338627,0.201664326691,0.555464213558,0.195968404488,-0.180570011935,-0.35949580907,decay
24.39,0.382305035603,0.201642366582,0.556159247635,0.195954079648,-0.180662669021,-0.360205167987,decay
24.4,0.382360429378,0.201620907586,0.556850387857,0.195939512656,-0.180739521792,-0.360910875201,decay
24.41,0.382398851232,0.201599955274,0.557528953319,0.195924699298,-0.180798895958,-0.36160425402,decay
24.42,0.382419676829,0.201579505468,0.558187633133,0.195909634787,-0.180840171361,-0.362277998346,decay
24.43,0.382423229794,0.201559544223,0.558820166596,0.195894313071,-0.180863685571,-0.362925853525,decay
24.44,0.382410559105,0.201540047536,0.559421202491,0.195878726182,-0.180870511569,-0.363542476308,decay
24.45,0.382383094936,0.201520980773,0.559986117411,0.195862863626,-0.180862114163,-0.364123253786,decay
24.46,0.382342462919,0.201502298056,0.560510588988,0.195846711873,-0.180840164863,-0.364663877114,decay
24.47,0.382290675987,0.201483942404,0.560989879046,0.195830254249,-0.180806733584,-0.365159624796,decay
24.48,0.382230418047,0.201465847214,0.561418092249,0.1958134714,-0.180764570833,-0.365604620849,decay
24.49,0.382165110324,0.201447938681,0.561787945627,0.195796342209,-0.180717171643,-0.365991603418,decay
24.5,0.382098788214,0.201430138398,0.562091328206,0.195778844893,-0.180668649817,-0.366312483313,decay
24.51,0.38203577762,0.201412365866,0.562320318129,0.195760958183,-0.180623411754,-0.366559359946,decay
24.52,0.381980098704,0.201394540948,0.562468146324,0.195742662611,-0.180585557756,-0.366725483713,decay
24.53,0.381934831036,0.201376586315,0.562529887547,0.195723941916,-0.180558244721,-0.366805945631,decay
24.54,0.381901755945,0.201358429951,0.562502863261,0.195704784609,-0.180543325995,-0.366798078652,decay
24.55,0.381881220223,0.201340007779,0.562386808967,0.195685185718,-0.180541212443,-0.366701623248,decay
24.56,0.38187206752,0.20132126614,0.562183916229,0.195665148492,-0.18055080138,-0.366518767737,decay
24.57,0.381871795565,0.201302163176,0.561898783889,0.195644685289,-0.180569632388,-0.3662540986,decay
24.58,0.381877016138,0.20128266843,0.561538187104,0.195623817083,-0.180594347708,-0.365914370021,decay
24.59,0.381883879615,0.2012627612,0.561110636892,0.195602572008,-0.180621118415,-0.365508064883,decay
24.6,0.381888257385,0.201242428696,0.560625884751,0.19558098376,-0.180645828689,-0.36504490099,decay
24.61,0.381885894746,0.201221664383,0.560094604384,0.195559090143,-0.180664230363,-0.36453551424,decay
24.62,0.381872666802,0.201200466532,0.559528417514,0.195536931773,-0.18067220027,-0.363991485741,decay
24.63,0.381844884795,0.201178836956,0.558940255896,0.195514550899,-0.180666047839,-0.363425704996,decay
24.64,0.381799713675,0.201156779905,0.558344831545,0.195491990321,-0.180642933769,-0.362852841224,decay
24.65,0.381735683699,0.201134301122,0.557758876089,0.195469292366,-0.180601382577,-0.362289583723,decay
24.66,0.381653030186,0.201111407063,0.557200901644,0.195446497973,-0.180541623122,-0.361754403671,decay
24.67,0.381553735308,0.201088104461,0.55669044714,0.19542364604,-0.180465630848,-0.3612668011,decay
24.68,0.381441423607,0.201064400317,0.556246883563,0.195400773182,-0.18037702329,-0.360846110382,decay
24.69,0.38132111729,0.201040302249,0.555887816279,0.195377913747,-0.180280815041,-0.360509902532,decay
24.7,0.381198722975,0.201015819012,0.555627161286,0.195355099908,-0.180182903963,-0.360272061378,decay
24.71,0.381080462979,0.200990961154,0.555473085746,0.195332361711,-0.180089501825,-0.360140724035,decay
24.72,0.380972573029,0.200965741787,0.555426091969,0.195309727086,-0.180006831242,-0.360116364883,decay
24.73,0.380881128244,0.200940177499,0.555477724697,0.195287221804,-0.179940950745,-0.360190502894,decay
24.74,0.380811732132,0.20091428941,0.555610567781,0.195264869369,-0.179897442722,-0.360345698412,decay
24.75,0.380769183024,0.200888104384,0.555799903741,0.195242690853,-0.17988107864,-0.360557212888,decay
24.76,0.380757237619,0.200861656199,0.55601668972,0.195220704685,-0.17989558142,-0.360795985035,decay
24.77,0.380778348603,0.200834985995,0.556231036287,0.195198926533,-0.179943362608,-0.361032109754,decay
24.78,0.38083342618,0.200808141497,0.556415435254,0.19517736938,-0.180025284683,-0.361238065874,decay
24.79,0.380921786689,0.200781175374,0.556547237761,0.195156043689,-0.180140611315,-0.361391194073,decay
24.8,0.381041215851,0.200754143402,0.556610158519,0.195134957548,-0.180287072449,-0.361475200971,decay
24.81,0.381188117607,0.200727102688,0.556594875002,0.195114116719,-0.180461014919,-0.361480758283,decay
24.82,0.381357940957,0.200700109923,0.556499010921,0.195093524585,-0.180657831034,-0.361405486337,decay
24.83,0.38154585949,0.200673219636,0.556326793075,0.195073182007,-0.180872639853,-0.361253611068,decay
24.84,0.381747369387,0.200646482406,0.556088444282,0.195053087073,-0.181100886981,-0.361035357209,decay
24.85,0.381958676472,0.200619942973,0.555799217361,0.195033234741,-0.181338733499,-0.360765982619,decay
24.86,0.382176953704,0.200593638469,0.555478052346,0.195013616472,-0.181583315235,-0.360464435874,decay
24.87,0.382400312076,0.200567597452,0.555146034516,0.194994220144,-0.181832714624,-0.360151814372,decay
24.88,0.38262735884,0.200541840276,0.554824995593,0.194975030494,-0.182085518564,-0.359849965099,decay
24.89,0.382856660646,0.200516380381,0.554536500877,0.194956029907,-0.182340280265,-0.35958047097,decay
24.9,0.383086435837,0.200491225741,0.554301133316,0.194937199261,-0.182595210096,-0.359363934054,decay
24.91,0.383314427434,0.200466380181,0.554137843938,0.194918518712,-0.182848047253,-0.359219325226,decay
24.92,0.383537856419,0.200441844549,0.554063212531,0.194899968423,-0.18309601187,-0.359163244108,decay
24.93,0.383753479819,0.200417617765,0.554090528963,0.194881529255,-0.183335862054,-0.359208999708,decay
24.94,0.383957714053,0.200393697762,0.554228766564,0.194863183441,-0.183564016291,-0.359365583123,decay
24.95,0.384146804302,0.200370082333,0.554481754403,0.194844915247,-0.183776721969,-0.359636839156,decay
24.96,0.384317175317,0.200346769872,0.55484795526,0.194826711565,-0.183970405445,-0.360021243695,decay
24.97,0.384465937191,0.200323759949,0.5553210643,0.194808562196,-0.184142177242,-0.360512502104,decay
24.98,0.384591197905,0.200301053665,0.555891213175,0.194790459641,-0.18429014424,-0.361100753534,decay
24.99,0.384692015277,0.200278653841,0.556546310493,0.194772398543,-0.184413361436,-0.36177391195,decay
25,0.384768199522,0.200256565124,0.557273097712,0.19475437504,-0.184511634399,-0.362518722672,decay
25.01,0.384820001981,0.200234794031,0.558057647482,0.194736386115,-0.18458520795,-0.363321261367,decay
25.02,0.384847553348,0.200213348962,0.558885355046,0.194718428956,-0.184634204386,-0.36416692609,decay
25.03,0.384850325347,0.200192240147,0.559740769342,0.194700500306,-0.1846580852,-0.365040269036,decay
25.04,0.384827016592,0.200171479547,0.560607456192,0.1946825958,-0.184655537045,-0.365924860392,decay
25.05,0.384775803281,0.200151080698,0.561467833366,0.194664709277,-0.184624722583,-0.366803124089,decay
25.06,0.384694755747,0.200131058476,0.562303012867,0.194646832162,-0.184563697271,-0.367656180705,decay
25.07,0.38458238397,0.200111428739,0.563092821157,0.194628953221,-0.18447095523,-0.368463867936,decay
25.08,0.384438139842,0.200092207803,0.563816115007,0.194611058932,-0.184345932039,-0.369205056075,decay
25.09,0.384262653791,0.200073411764,0.564451464884,0.194593134298,-0.184189242027,-0.369858330585,decay
25.1,0.384057783768,0.200055055699,0.564978300799,0.194575163789,-0.18400272807,-0.37040313701,decay
25.11,0.383826614556,0.200037152731,0.565378538434,0.19455713229,-0.183789461824,-0.370821406144,decay
25.12,0.383573250359,0.200019712968,0.565638468743,0.19453902607,-0.183553537391,-0.371099442673,decay
25.13,0.383302286769,0.200002742265,0.565750557084,0.194520833793,-0.183299544505,-0.371229723291,decay
25.14,0.383018271346,0.199986240814,0.565714806607,0.194502547575,-0.183032030533,-0.371212259032,decay
25.15,0.382725434285,0.199970201521,0.565539264739,0.194484164127,-0.182755232764,-0.371055100612,decay
25.16,0.382427598643,0.199954608444,0.565239281153,0.194465685825,-0.1824729902,-0.370773595329,decay
25.17,0.382128267633,0.199939436162,0.564835497883,0.194447121229,-0.182188831471,-0.370388376654,decay
25.18,0.381830999277,0.199924650765,0.564350974972,0.194428484676,-0.181906348512,-0.369922490297,decay
25.19,0.381539768558,0.199910211954,0.563808082126,0.194409795225,-0.181629556604,-0.369398286901,decay
25.2,0.381258920905,0.199896075363,0.563225872512,0.194391075463,-0.181362845542,-0.368834797049,decay
25.21,0.380992852587,0.199882194764,0.562618533257,0.194372350357,-0.181110657823,-0.3682461829,decay
25.22,0.380745779936,0.199868524165,0.561995142281,0.194353646158,-0.180877255771,-0.367641496122,decay
25.23,0.380521713504,0.199855019847,0.56136050457,0.19433498932,-0.180666693657,-0.367025515249,decay
25.24,0.380324643915,0.199841642388,0.560716459749,0.194316405421,-0.180483001527,-0.366400054327,decay
25.25,0.380158902882,0.199828358705,0.560062976888,0.194297918056,-0.180330544177,-0.365765058832,decay
25.26,0.380029404719,0.199815143944,0.559398648143,0.194279547781,-0.180214260775,-0.365119100362,decay
25.27,0.379941435957,0.199801982527,0.558720684699,0.194261311393,-0.18013945343,-0.364459373305,decay
25.28,0.379900114876,0.199788867862,0.558024944315,0.194243221764,-0.180111247014,-0.363781722551,decay
25.29,0.379909859898,0.199775801103,0.55730651499,0.194225288034,-0.180134058795,-0.363081226956,decay
25.3,0.379973881899,0.199762789696,0.55656095504,0.194207515865,-0.180211092203,-0.362353439175,decay
25.31,0.380093666595,0.199749845987,0.555785900854,0.194189907601,-0.180343820608,-0.361595993253,decay
25.32,0.380268698961,0.199736985888,0.554982517274,0.19417246234,-0.180531713074,-0.360810054934,decay
25.33,0.380496515603,0.199724227588,0.554156149995,0.194155175913,-0.180772288016,-0.360000974082,decay
25.34,0.380772844328,0.199711590276,0.553315841052,0.194138040769,-0.181061254051,-0.359177800283,decay
25.35,0.381091751347,0.199699092856,0.552472917902,0.194121045771,-0.181392658491,-0.358351872131,decay
25.36,0.381445857184,0.199686752717,0.551639104287,0.194104175982,-0.181759104467,-0.357534928305,decay
25.37,0.381826488854,0.19967458484,0.550824626764,0.194087412743,-0.182151904014,-0.356737214022,decay
25.38,0.382223734125,0.199662601434,0.550036841215,0.194070734248,-0.182561132691,-0.355966106967,decay
25.39,0.382626703012,0.199650811928,0.549279765947,0.194054116482,-0.182975891084,-0.355225649464,decay
25.4,0.383024165189,0.199639223013,0.548554545924,0.194037534227,-0.183384942176,-0.354517011697,decay
25.41,0.383405323403,0.199627838595,0.547860589951,0.194020962048,-0.183777484809,-0.353839627903,decay
25.42,0.383760485251,0.19961665966,0.547196993228,0.194004375266,-0.18414382559,-0.353192617961,decay
25.43,0.384081572455,0.199605684043,0.546563733249,0.193987750946,-0.184475888411,-0.352575982303,decay
25.44,0.384362335298,0.199594906087,0.545962230405,0.193971068904,-0.184767429211,-0.351991161502,decay
25.45,0.384598236427,0.199584316205,0.545395321527,0.193954312778,-0.185013920222,-0.351441008749,decay
25.46,0.384786308637,0.199573900433,0.544867011417,0.193937471022,-0.185212408204,-0.350929540396,decay
25.47,0.384925142095,0.199563640335,0.544382239713,0.193920537392,-0.18536150176,-0.350461702321,decay
25.48,0.385014746102,0.199553513495,0.543946635901,0.193903510592,-0.185461232607,-0.350043125309,decay
25.49,0.385056184718,0.199543494438,0.543566189832,0.193886393334,-0.18551269028,-0.349679796497,decay
25.5,0.385051169986,0.199533555623,0.543246853637,0.193869191275,-0.185517614363,-0.349377662362,decay
25.51,0.385001707713,0.199523668391,0.542994112292,0.193851912005,-0.185478039322,-0.349142200287,decay
25.52,0.384909850214,0.199513803876,0.542812570818,0.193834564087,-0.185396046338,-0.348978006731,decay
25.53,0.384777705422,0.199503933896,0.542705662804,0.193817156134,-0.185273771526,-0.34888850667,decay
25.54,0.38460770473,0.199494031855,0.542675592667,0.193799695903,-0.185113672876,-0.348875896764,decay
25.55,0.384402853123,0.199484073664,0.542723583033,0.193782189385,-0.184918779459,-0.348941393649,decay
25.56,0.384166822095,0.199474038588,0.542850481253,0.193764640013,-0.184692783507,-0.34908584124,decay
25.57,0.383904034385,0.199463909629,0.543057548569,0.193747048333,-0.184440124757,-0.349310500236,decay
25.58,0.383619669536,0.199453673155,0.54334688141,0.193729412423,-0.184165996381,-0.349617468987,decay
25.59,0.383319344788,0.199443318013,0.543721015273,0.193711728855,-0.183876026775,-0.350009286418,decay
25.6,0.383008629787,0.199432834518,0.544181732571,0.193693993819,-0.183575795269,-0.350487738752,decay
25.61,0.38269274858,0.199422213479,0.544728375784,0.193676204265,-0.183270535101,-0.351052171519,decay
25.62,0.382376473773,0.199411445268,0.545356179125,0.193658359072,-0.182965028505,-0.351697820053,decay
25.63,0.382064127494,0.19940051892,0.546055346708,0.193640460255,-0.182663608575,-0.352414886453,decay
25.64,0.381759795062,0.199389421239,0.546811347869,0.193622514249,-0.182370373823,-0.353188833619,decay
25.65,0.381467671272,0.199378135921,0.547606239774,0.19360453326,-0.182089535351,-0.354001706514,decay
25.66,0.381192266312,0.199366642783,0.548420450937,0.193586536502,-0.18182562353,-0.354833914435,decay
25.67,0.380938432306,0.199354917499,0.549234529259,0.193568550633,-0.181583514807,-0.355665978626,decay
25.68,0.380711272934,0.199342932117,0.550030566306,0.193550608847,-0.181368340817,-0.356479957459,decay
25.69,0.380515820889,0.199330656155,0.550793246391,0.193532749023,-0.181185164734,-0.357260497367,decay
25.7,0.380356476779,0.19931805791,0.551510693468,0.193515011618,-0.18103841887,-0.35799568185,decay
25.71,0.380236517975,0.199305105823,0.552175307495,0.193497437537,-0.180931412152,-0.358677869958,decay
25.72,0.380157896515,0.19929176994,0.552784482644,0.193480065999,-0.180866126575,-0.359304416646,decay
25.73,0.38012123416,0.199278023478,0.553340747865,0.193462932321,-0.180843210682,-0.359877815544,decay
25.74,0.380126005795,0.19926384454,0.553850899324,0.193446065596,-0.180862161255,-0.360404833728,decay
25.75,0.380170996307,0.199249218014,0.554324121677,0.193429486215,-0.180921778293,-0.360894635462,decay
25.76,0.380254802068,0.199234137407,0.554769517037,0.19341320352,-0.18102066466,-0.361356313516,decay
25.77,0.380376085872,0.199218605809,0.555193625056,0.193397214645,-0.181157480063,-0.361796410411,decay
25.78,0.380533619899,0.199202635343,0.555598461127,0.193381505307,-0.181330984555,-0.36221695582,decay
25.79,0.380726216595,0.199186245602,0.55598040591,0.19336605196,-0.181539970993,-0.362614353951,decay
25.8,0.380952538472,0.199169461912,0.556330074515,0.193350824231,-0.181783076561,-0.362979250284,decay
25.81,0.381210877475,0.199152313759,0.556633220437,0.193335787227,-0.182058563716,-0.363297433211,decay
25.82,0.381499049113,0.199134833389,0.556872645858,0.193320903702,-0.182364215724,-0.363551742156,decay
25.83,0.381814358916,0.199117054533,0.557030791842,0.193306136155,-0.182697304384,-0.363724655687,decay
25.84,0.382153514877,0.199099011242,0.557092417663,0.193291448872,-0.183054503635,-0.363800968791,decay
25.85,0.382512578581,0.199080736811,0.557046779993,0.193276809974,-0.18343184177,-0.363769970019,decay
25.86,0.38288712261,0.199062262809,0.556888866169,0.193262193318,-0.183824859801,-0.363626672851,decay
25.87,0.383272457621,0.199043618414,0.556619512351,0.193247579718,-0.184228839207,-0.363371932633,decay
25.88,0.383663716818,0.199024830181,0.556244629165,0.193232957081,-0.184638886636,-0.363011672083,decay
25.89,0.384055844268,0.199005922109,0.555773972643,0.193218319795,-0.185049922159,-0.362555652847,decay
25.9,0.384443540301,0.1989869158,0.555219816651,0.193203667948,-0.185456624501,-0.362016148703,decay
25.91,0.384821145157,0.198967830617,0.554595694748,0.193189006625,-0.18585331454,-0.361406688123,decay
25.92,0.385182633436,0.198948683834,0.55391522795,0.19317434529,-0.186233949601,-0.36074088266,decay
25.93,0.385521893706,0.198929490771,0.553190977114,0.193159697233,-0.186592402935,-0.360031279881,decay
25.94,0.38583312892,0.19891026491,0.552433394074,0.19314507908,-0.18692286401,-0.359288314994,decay
25.95,0.386111157513,0.198891018002,0.551650290818,0.193130510357,-0.187220139511,-0.358519780462,decay
25.96,0.386351681826,0.198871760158,0.550847254639,0.193116013044,-0.187479921667,-0.357731241594,decay
25.97,0.386551578826,0.198852499982,0.550028918201,0.193101611021,-0.187699078844,-0.356927307179,decay
25.98,0.38670907322,0.198833244754,0.549200619129,0.193087329273,-0.187875828466,-0.356113289856,decay
25.99,0.386823834928,0.198814000659,0.548370012669,0.193073192928,-0.18800983427,-0.355296819741,decay
26,0.386897162208,0.198794773013,0.547548239408,0.193059226215,-0.188102389195,-0.354489013193,decay
26.01,0.386932061134,0.198775566477,0.546750236846,0.193045451357,-0.188156494657,-0.353704785489,decay
26.02,0.38693300264,0.19875638525,0.545994005572,0.193031887402,-0.18817661739,-0.352962118171,decay
26.03,0.386905613449,0.198737233256,0.545299073602,0.193018548944,-0.188168380194,-0.352280524657,decay
26.04,0.386856542103,0.198718114316,0.544684681643,0.193005444735,-0.188138427787,-0.351679236908,decay
26.05,0.386793290546,0.198699032315,0.544168201652,0.192992576129,-0.18809425823,-0.351175625523,decay
26.06,0.386723855891,0.198679991364,0.543764079683,0.192979935624,-0.188043864527,-0.35078414406,decay
26.07,0.386656292922,0.19866099597,0.543483191948,0.192967506228,-0.187995296952,-0.350515685721,decay
26.08,0.386598213154,0.198642051239,0.54333219508,0.192955262261,-0.187956161915,-0.350376932819,decay
26.09,0.38655625444,0.198623163092,0.54331259313,0.192943171142,-0.187933091348,-0.350369421988,decay
26.1,0.38653574709,0.198604338486,0.543419668112,0.192931195387,-0.187931408604,-0.350488472724,decay
26.11,0.386540610735,0.198585585645,0.543641684546,0.192919294521,-0.18795502509,-0.350722390025,decay
26.12,0.386573190582,0.198566914284,0.54395981814,0.19290742691,-0.188006276299,-0.35105239123,decay
26.13,0.386633977324,0.198548335849,0.544349148093,0.192895551562,-0.188085641475,-0.351453596531,decay
26.14,0.38672157921,0.198529863759,0.544780632114,0.192883629925,-0.188191715451,-0.351897002189,decay
26.15,0.38683305284,0.198511513654,0.545223538786,0.192871627726,-0.188321539186,-0.352351911059,decay
26.16,0.386964274151,0.198493303574,0.545647859575,0.192859516699,-0.188470970577,-0.352788342876,decay
26.17,0.387110249076,0.198475253808,0.546026459226,0.192847275631,-0.188634995269,-0.353179183596,decay
26.18,0.387265482412,0.198457386228,0.54633674714,0.19283489031,-0.188808096184,-0.35350185683,decay
26.19,0.387424335072,0.198439723224,0.546561700312,0.192822352717,-0.188984611848,-0.353739347595,decay
26.2,0.387581354769,0.198422286485,0.546690265285,0.192809660065,-0.189159068285,-0.35388060522,decay
26.21,0.38773176529,0.19840509571,0.546717312938,0.19279681395,-0.18932666958,-0.353920498988,decay
26.22,0.387872046535,0.198388167232,0.546643356412,0.1927838196,-0.189483879303,-0.353859536812,decay
26.23,0.388000277863,0.198371512524,0.546474237239,0.192770685226,-0.189628765339,-0.353703552013,decay
26.24,0.388116152145,0.198355136562,0.546220898408,0.192757421454,-0.189761015583,-0.353463476954,decay
26.25,0.388220787587,0.198339036021,0.545899149274,0.192744040829,-0.189881751566,-0.353155108446,decay
26.26,0.388316323441,0.198323197548,0.545529173867,0.192730557385,-0.189993125893,-0.352798616482,decay
26.27,0.388405262735,0.198307596965,0.545134658278,0.192716986235,-0.190097665769,-0.352417672042,decay
26.28,0.388489770843,0.198292200063,0.544741625254,0.192703343183,-0.19019757078,-0.352038282071,decay
26.29,0.388571121459,0.198276964479,0.54437706419,0.192689644335,-0.19029415698,-0.351687419854,decay
26.3,0.388649255956,0.19826184181,0.544067356496,0.192675905734,-0.190387414147,-0.351391450761,decay
26.31,0.388722525784,0.198246779622,0.543836504143,0.192662143003,-0.190475746162,-0.35117436114,decay
26.32,0.388787808859,0.198231723367,0.543704183052,0.19264837099,-0.190556085492,-0.351055812063,decay
26.33,0.388840900562,0.198216618246,0.543683747823,0.192634603413,-0.190624282315,-0.35104914441,decay
26.34,0.388876969331,0.198201411073,0.543780646601,0.192620852484,-0.190675558258,-0.351159794116,decay
26.35,0.38889115101,0.198186052175,0.543991887466,0.19260712851,-0.190705098836,-0.351384758956,decay
26.36,0.388879295269,0.198170497204,0.544306906692,0.192593439518,-0.190708798065,-0.351713467174,decay
26.37,0.388838583234,0.198154708406,0.544709712661,0.192579791091,-0.190683874827,-0.35212992157,decay
26.38,0.388767859548,0.198138654976,0.54518185227,0.192566186539,-0.190629204572,-0.35261566573,decay
26.39,0.388667726025,0.198122312814,0.545705564043,0.192552627312,-0.190545413211,-0.353152936731,decay
26.4,0.388540327238,0.198105664225,0.546266350677,0.192539113455,-0.190434663013,-0.353727237222,decay
26.41,0.38838876135,0.198088697764,0.546854301316,0.192525644038,-0.190300063587,-0.354328657278,decay
26.42,0.388216438685,0.198071408264,0.547464013602,0.19251221756,-0.190145030421,-0.354951796042,decay
26.43,0.388026846808,0.198053797041,0.548093516347,0.192498832332,-0.189973049767,-0.355594684016,decay
26.44,0.387823692844,0.198035872279,0.548742689307,0.192485486846,-0.189787820565,-0.356257202461,decay
26.45,0.387611056343,0.19801764961,0.549411549588,0.192472180137,-0.189593406733,-0.356939369451,decay
26.46,0.387393372906,0.197999152702,0.550098766011,0.192458912101,-0.189394220204,-0.35763985391,decay
26.47,0.387175175879,0.197980413306,0.550800665009,0.19244568363,-0.189194762573,-0.358354981379,decay
26.48,0.386960560703,0.197961470315,0.551510752117,0.192432496483,-0.188999090388,-0.359078255634,decay
26.49,0.386752653473,0.19794236815,0.552219663646,0.192419352944,-0.188810285323,-0.359800310702,decay
26.5,0.386553486286,0.197923155019,0.552915459356,0.192406255418,-0.188630331267,-0.360509203937,decay
26.51,0.386364312325,0.197903881256,0.55358420684,0.192393206021,-0.188460431069,-0.361191000819,decay
26.52,0.386186095972,0.197884597721,0.554210881082,0.192380206138,-0.188301498251,-0.361830674944,decay
26.53,0.386019940922,0.197865354226,0.554780506848,0.192367255976,-0.188154586696,-0.362413250871,decay
26.54,0.385867207374,0.197846197941,0.555279301184,0.19235435407,-0.188021009433,-0.362924947114,decay
26.55,0.38572912211,0.197827171755,0.555695618347,0.192341496758,-0.187901950355,-0.363354121589,decay
26.56,0.385606122176,0.197808312742,0.556020676131,0.192328677695,-0.187797809434,-0.363691998436,decay
26.57,0.38549743235,0.197789651328,0.556249100474,0.192315887652,-0.187707781022,-0.363933212822,decay
26.58,0.385400990492,0.197771211589,0.556379271038,0.192303114805,-0.187629778903,-0.364076156233,decay
26.59,0.385313549499,0.197753012339,0.556413480153,0.192290345368,-0.18756053716,-0.364123134786,decay
26.6,0.385231067845,0.197735068363,0.556357930587,0.192277564312,-0.187495999482,-0.364080366275,decay
26.61,0.385149497322,0.197717391547,0.556222413917,0.192264756071,-0.187432105775,-0.363957657847,decay
26.62,0.385065558438,0.1976999919,0.556019482812,0.192251905243,-0.187365566538,-0.363767577569,decay
26.63,0.384977088258,0.197682878482,0.555763248006,0.192238997303,-0.187294209776,-0.363524250703,decay
26.64,0.384883010941,0.197666060237,0.555468121147,0.192226019335,-0.187216950703,-0.363242101811,decay
26.65,0.384783038167,0.197649546769,0.555147727746,0.192212960813,-0.187133491397,-0.362934766933,decay
26.66,0.384677188393,0.197633348958,0.554814143935,0.192199814304,-0.187043839435,-0.362614329631,decay
26.67,0.384565490958,0.197617479207,0.554477610396,0.192186575766,-0.18694801175,-0.362291034629,decay
26.68,0.384448125789,0.197601951129,0.554146738405,0.192173244136,-0.18684617466,-0.36197349427,decay
26.69,0.384325731759,0.197586778794,0.553828938569,0.192159820437,-0.186738952965,-0.361669118132,decay
26.7,0.384199575388,0.197571975799,0.553530671601,0.19214630677,-0.186627599589,-0.36138436483,decay
26.71,0.384071609859,0.197557554218,0.553257253136,0.192132705334,-0.186514055642,-0.361124547802,decay
26.72,0.383944397495,0.197543523441,0.553012190965,0.19211901746,-0.186400874053,-0.360893173505,decay
26.73,0.383820742918,0.197529888881,0.55279634119,0.192105242666,-0.186290854037,-0.360691098524,decay
26.74,0.383703263928,0.197516650505,0.55260735309,0.192091377701,-0.186186613422,-0.36051597539,decay
26.75,0.383594329321,0.197503801195,0.552439703262,0.19207741556,-0.186090528125,-0.360362287701,decay
26.76,0.383496348286,0.197491325152,0.552285275128,0.192063344607,-0.186005023134,-0.360221930521,decay
26.77,0.383412110469,0.197479197147,0.552134207352,0.192049148165,-0.185932913322,-0.360085059187,decay
26.78,0.383345033154,0.197467383239,0.551975643864,0.19203480491,-0.185877649915,-0.359940838954,decay
26.79,0.383299173183,0.197455842485,0.551798090298,0.192020289811,-0.185843330697,-0.359777800487,decay
26.8,0.383278849134,0.197444528853,0.551589385193,0.192005575252,-0.185834320281,-0.359583809941,decay
26.81,0.383288053549,0.197433393004,0.551336654191,0.191990632158,-0.185854660545,-0.359346022033,decay
26.82,0.383329982683,0.197422383974,0.551026694178,0.191975431158,-0.185907598709,-0.359051263021,decay
26.83,0.383406694574,0.197411450782,0.550646959861,0.191959943793,-0.185995243792,-0.358687016068,decay
26.84,0.383518809604,0.197400544004,0.550186985945,0.191944143813,-0.186118265601,-0.358242842132,decay
26.85,0.383665465261,0.197389617356,0.549639854056,0.191928008565,-0.186275847906,-0.35771184549,decay
26.86,0.383844647863,0.197378629157,0.549003251792,0.191911520366,-0.186466018706,-0.357091731426,decay
26.87,0.38405361003,0.197367543205,0.548279922882,0.191894667309,-0.186686066824,-0.356385255573,decay
26.88,0.384289175026,0.197356328715,0.547477696209,0.191877443154,-0.18693284631,-0.355600253055,decay
26.89,0.384547999365,0.197344959615,0.546609369236,0.19185984659,-0.187203039751,-0.354749522646,decay
26.9,0.384826699754,0.19733341371,0.545692487033,0.19184188042,-0.187493286045,-0.353850606613,decay
26.91,0.385121723606,0.197321671938,0.544748830136,0.191823550889,-0.187800051668,-0.352925279248,decay
26.92,0.385429176186,0.197309717711,0.543803384857,0.191804867149,-0.188119458475,-0.351998517708,decay
26.93,0.385744803043,0.197297536346,0.54288269557,0.191785840878,-0.188447266697,-0.351096854692,decay
26.94,0.386064051535,0.197285114585,0.542012746762,0.191766486012,-0.18877893695,-0.350246260751,decay
26.95,0.386382229956,0.197272440186,0.541216796269,0.191746818607,-0.18910978977,-0.349469977662,decay
26.96,0.386694916254,0.197259501619,0.54051370988,0.191726856767,-0.189435414636,-0.348786853113,decay
26.97,0.386998459155,0.197246287908,0.53991723232,0.191706620479,-0.189752171247,-0.348210611841,decay
26.98,0.387290201688,0.197232788689,0.53943626277,0.191686131237,-0.190057412998,-0.347750131533,decay
26.99,0.387568384861,0.197218994424,0.539075741864,0.191665411521,-0.190349390437,-0.347410330343,decay
27,0.387831950372,0.197204896735,0.538837542874,0.191644484299,-0.190627053637,-0.347193058575,decay
27.01,0.388080275375,0.19719048884,0.538721008436,0.191623372571,-0.190889786536,-0.347097635865,decay
27.02,0.388312849136,0.197175766075,0.538723236498,0.191602098981,-0.191137083061,-0.347121137518,decay
27.03,0.388529109095,0.197160726541,0.538839339652,0.191580685459,-0.191368382554,-0.347258654193,decay
27.04,0.388728458606,0.197145371868,0.539062660135,0.191559152903,-0.191583086738,-0.347503507231,decay
27.05,0.388910266273,0.197129708114,0.539384888871,0.191537520869,-0.191780558159,-0.347847368002,decay
27.06,0.389073912935,0.197113746655,0.539796238411,0.19151580731,-0.19196016628,-0.3482804311,decay
27.07,0.389219013553,0.197097504584,0.540285764636,0.191494028455,-0.192121508969,-0.348791736181,decay
27.08,0.389345570447,0.19708100425,0.540841647795,0.191472198899,-0.192264566197,-0.349369448896,decay
27.09,0.389453783012,0.197064272208,0.541451175546,0.191450331843,-0.192389510804,-0.350000843703,decay
27.1,0.389543585047,0.197047338068,0.542100396961,0.191428439373,-0.192496246979,-0.350671957588,decay
27.11,0.38961410012,0.197030233435,0.542773653438,0.19140653274,-0.192583866685,-0.351367120698,decay
27.12,0.389663157458,0.197012990935,0.543453331583,0.191384622622,-0.192650166524,-0.35206870896,decay
27.13,0.38968718778,0.196995643293,0.544120153243,0.191362719396,-0.192691544487,-0.352757433848,decay
27.14,0.389681827574,0.196978222453,0.544754006079,0.19134083339,-0.192703605121,-0.353413172689,decay
27.15,0.389643008784,0.196960758707,0.545335068111,0.191318975147,-0.192682250077,-0.354016092964,decay
27.16,0.389567983656,0.196943279878,0.545845057703,0.191297155643,-0.192624703778,-0.354547902061,decay
27.17,0.389456073943,0.1969258107,0.546268532381,0.191275386388,-0.192530263243,-0.354993145994,decay
27.18,0.389309146018,0.196908372519,0.546594109609,0.191253679315,-0.192400773498,-0.355340430294,decay
27.19,0.389131654729,0.196890983193,0.546815458215,0.19123204652,-0.192240671536,-0.355583411695,decay
27.2,0.388930168363,0.196873657017,0.546931938267,0.191210499941,-0.192056511346,-0.355721438327,decay
27.21,0.388712517141,0.19685640458,0.546948726616,0.191189051016,-0.191856112561,-0.3557596756,decay
27.22,0.388486709476,0.196839232552,0.546876255786,0.191167710306,-0.191647476924,-0.35570854548,decay
27.23,0.388259830391,0.196822143387,0.546729063006,0.191146487086,-0.191437687004,-0.35558257592,decay
27.24,0.388037328432,0.196805134945,0.546524473175,0.191125388884,-0.191232193488,-0.355399084291,decay
27.25,0.387822897761,0.196788200011,0.546281496543,0.191104420963,-0.19103469775,-0.355177075581,decay
27.26,0.387618713264,0.196771325841,0.546019975657,0.191083585805,-0.190847387423,-0.354936389852,decay
27.27,0.38742575502,0.196754494077,0.545759755074,0.1910628828,-0.190671260943,-0.354696872274,decay
27.28,0.387244223961,0.196737681317,0.545519686954,0.19104230828,-0.190506542645,-0.354477378674,decay
27.29,0.387073953405,0.196720860134,0.545316530627,0.191021855799,-0.190353093272,-0.354294674828,decay
27.3,0.386914575711,0.196704000208,0.545164011056,0.191001516427,-0.190210575503,-0.354162494629,decay
27.31,0.386765512641,0.196687069414,0.545072259122,0.190981278984,-0.190078443227,-0.354090980138,decay
27.32,0.386626047552,0.196670034902,0.545047638344,0.190961130211,-0.18995601265,-0.354086508133,decay
27.33,0.386495461476,0.196652864176,0.545092879574,0.190941054882,-0.1898425973,-0.354151824693,decay
27.34,0.386373106319,0.19663552621,0.545207557972,0.190921035859,-0.189737580109,-0.354286522112,decay
27.35,0.386258454969,0.196617992618,0.545388992245,0.190901054109,-0.189640462351,-0.354487938136,decay
27.36,0.386151096316,0.196600238788,0.545633377847,0.190881088721,-0.189550857528,-0.354752289126,decay
27.37,0.386050548883,0.196582244619,0.545936649292,0.190861117139,-0.189468304264,-0.355075532153,decay
27.38,0.385955986367,0.196563994604,0.546294692205,0.19084111574,-0.189391991763,-0.355453576465,decay
27.39,0.385866087867,0.196545477467,0.546702892584,0.190821060675,-0.1893206104,-0.355881831909,decay
27.4,0.385778996912,0.196526685765,0.547155270457,0.190800928798,-0.189252311147,-0.35635434166,decay
27.41,0.38569224339,0.196507615592,0.547643613135,0.190780698624,-0.189184627798,-0.356862914512,decay
27.42,0.385602712789,0.196488266422,0.548156978602,0.190760351338,-0.189114446367,-0.357396627264,decay
27.43,0.385506797439,0.196468641062,0.54868168144,0.190739871867,-0.189038156377,-0.357941809573,decay
27.44,0.385400598357,0.196448745736,0.549201701935,0.190719250041,-0.188951852621,-0.358482451894,decay
27.45,0.385280129603,0.19642859029,0.54969946071,0.190698481863,-0.188851539312,-0.359000978847,decay
27.46,0.385141691385,0.196408188437,0.550156879479,0.19067757073,-0.188733502947,-0.359479308749,decay
27.47,0.384982319941,0.196387557776,0.550556546447,0.190656528026,-0.188594762165,-0.359900018421,decay
27.48,0.384800050299,0.196366719385,0.550882744811,0.190635372671,-0.188433330914,-0.360247372139,decay
27.49,0.384594007796,0.196345697127,0.551122100438,0.190614129946,-0.18824831067,-0.360507970491,decay
27.5,0.384364363257,0.196324516931,0.551263665919,0.190592830166,-0.188039846326,-0.360670835753,decay
27.51,0.38411197006,0.196303206137,0.551298445694,0.190571507441,-0.187808763924,-0.360726938253,decay
27.52,0.383837811922,0.196281792909,0.551218644536,0.190550198513,-0.187556019013,-0.360668446023,decay
27.53,0.38354273861,0.196260305692,0.551017136291,0.19052894163,-0.187282432917,-0.360488194661,decay
27.54,0.383227614256,0.196238772696,0.550687585446,0.190507775453,-0.18698884156,-0.360179809992,decay
27.55,0.382893633219,0.196217221397,0.55022529274,0.190486737946,-0.186676411822,-0.359738554794,decay
27.56,0.382542714853,0.19619567808,0.549628492769,0.190465865331,-0.186347036774,-0.359162627438,decay
27.57,0.3821779282,0.19617416751,0.54889969185,0.190445191358,-0.18600376069,-0.358454500491,decay
27.58,0.3818036287,0.196152712829,0.548046628754,0.190424747094,-0.18565091587,-0.35762188166,decay
27.59,0.381425146276,0.196131335582,0.547082580168,0.190404561043,-0.185293810694,-0.356678019125,decay
27.6,0.381048312653,0.196110055765,0.54602593497,0.190384659307,-0.184938256889,-0.355641275663,decay
27.61,0.380679038832,0.196088891825,0.544899106048,0.190365065654,-0.184590147007,-0.354534040394,decay
27.62,0.380322882425,0.196067860623,0.543726994243,0.190345801472,-0.184255021802,-0.353381192772,decay
27.63,0.379984687159,0.196046977332,0.542535222179,0.190326885615,-0.183937709827,-0.352208336564,decay
27.64,0.3796684248,0.196026255281,0.541348171383,0.190308334122,-0.18364216952,-0.35103983726,decay
27.65,0.379377079234,0.196005705726,0.540186858462,0.190290159807,-0.183371373508,-0.349896698654,decay
27.66,0.379112473738,0.195985337613,0.539066970883,0.190272371805,-0.183127136125,-0.348794599078,decay
27.67,0.378875268692,0.195965157471,0.537997656403,0.190254975404,-0.182910111221,-0.347742681,decay
27.68,0.378665200632,0.195945169572,0.536981594624,0.190237972387,-0.182720031061,-0.346743622237,decay
27.69,0.378481302595,0.195925376259,0.536016372023,0.19022136172,-0.182555926336,-0.345795010303,decay
27.7,0.378322015888,0.195905778274,0.535096641188,0.190205140232,-0.182416237614,-0.344891500957,decay
27.71,0.378185332649,0.195886375013,0.534216339184,0.19018930319,-0.182298957636,-0.344027035995,decay
27.72,0.378068916873,0.195867164717,0.533370387933,0.190173844742,-0.182201752156,-0.343196543191,decay
27.73,0.377970143181,0.19584814459,0.53255575301,0.19015875825,-0.182121998591,-0.34239699476,decay
27.74,0.377886298944,0.195829310856,0.53177207018,0.190144036512,-0.182056988088,-0.341628033668,decay
27.75,0.377815074482,0.195810658751,0.531021945971,0.190129671883,-0.18200441573,-0.340892274088,decay
27.76,0.377755075084,0.195792182459,0.530310937144,0.190115656301,-0.181962892626,-0.340195280844,decay
27.77,0.377706097097,0.195773874994,0.529647399395,0.190101981223,-0.181932222102,-0.339545418172,decay
27.78,0.377669098604,0.195755728062,0.529042477285,0.190088637486,-0.181913370542,-0.338953839799,decay
27.79,0.377645853335,0.195737731858,0.52851021625,0.190075615073,-0.181908121477,-0.338434601177,decay
27.8,0.37763844962,0.195719874826,0.528067469231,0.190062902796,-0.181918574794,-0.338004566435,decay
27.81,0.377648955631,0.195702143335,0.527733238382,0.190050487874,-0.181946812296,-0.337682750507,decay
27.82,0.377679338512,0.195684521301,0.527527212112,0.190038355413,-0.181994817211,-0.3374888567,decay
27.83,0.377731402115,0.195666989732,0.527467542774,0.190026487765,-0.182064412382,-0.337441055008,decay
27.84,0.377806629273,0.195649526202,0.527568370889,0.190014863795,-0.182157103071,-0.337553507094,decay
27.85,0.377906084967,0.195632104245,0.527837873956,0.190003458,-0.182273980722,-0.337834415955,decay
27.86,0.378030337279,0.195614692823,0.52827739643,0.189992239689,-0.182415644456,-0.338285156741,decay
27.87,0.378179133707,0.195597256327,0.528881684486,0.189981172706,-0.182581877381,-0.33890051178,decay
27.88,0.378350948432,0.195579755472,0.529639806844,0.189970216111,-0.182771192959,-0.339669590733,decay
27.89,0.3785428027,0.195562148849,0.53053619785,0.189959325535,-0.182980653852,-0.340576872315,decay
27.9,0.37875044378,0.195544394665,0.531551419922,0.189948454697,-0.183206049115,-0.341602965225,decay
27.91,0.378968732224,0.195526452534,0.532662571256,0.189937556891,-0.18344227969,-0.342725014365,decay
27.92,0.379192165006,0.195508285318,0.533843597746,0.189926586463,-0.183683879688,-0.343917011282,decay
27.93,0.379415436911,0.195489861068,0.535065919357,0.189915500311,-0.183925575843,-0.345150419046,decay
27.94,0.379633910392,0.195471155107,0.536299578751,0.189904259445,-0.184162755284,-0.346395319306,decay
27.95,0.379843964139,0.195452152291,0.537514791122,0.189892830636,-0.184391811848,-0.347621960486,decay
27.96,0.380043172132,0.195432849169,0.538683634613,0.189881187977,-0.184610322963,-0.348802446635,decay
27.97,0.380230116379,0.195413255102,0.539781690315,0.189869313685,-0.184816861277,-0.34991237663,decay
27.98,0.380403781588,0.19539339161,0.540789602879,0.189857197636,-0.185010389978,-0.350932405242,decay
27.99,0.380562926312,0.195373290499,0.541694530543,0.189844836044,-0.185189635812,-0.351849694498,decay
28,0.380705863106,0.195352991763,0.542491214086,0.189832229967,-0.185352871343,-0.352658984119,decay
28.01,0.380830650043,0.195332541632,0.543182240173,0.189819383935,-0.185498108411,-0.353362856238,decay
28.02,0.380935532235,0.195311990779,0.543777273834,0.189806304687,-0.185623541456,-0.353970969147,decay
28.03,0.381019519953,0.195291392624,0.544291427432,0.189793000011,-0.185728127329,-0.354498427421,decay
28.04,0.381082799815,0.195270801716,0.544743210665,0.189779477652,-0.185811998098,-0.354963733013,decay
28.05,0.381126694609,0.195250272139,0.545152655811,0.189765744278,-0.18587642247,-0.355386911533,decay
28.06,0.381153308436,0.195229856038,0.545540124244,0.189751804603,-0.185923452398,-0.355788319641,decay
28.07,0.381165101144,0.195209602631,0.545925775984,0.189737660992,-0.185955498514,-0.356188114992,decay
28.08,0.381164426045,0.195189557975,0.546329199193,0.189723313825,-0.18597486807,-0.356605885367,decay
28.09,0.381153143824,0.195169765243,0.546768777842,0.189708762406,-0.185983378581,-0.357060015436,decay
28.1,0.381132558673,0.195150265083,0.547260748919,0.189694006073,-0.185982293591,-0.357566742846,decay
28.11,0.381103628466,0.195131095898,0.547818132246,0.189679045379,-0.185972532568,-0.358139086866,decay
28.12,0.381067133358,0.195112294013,0.548449804614,0.189663883332,-0.185954839345,-0.358785921282,decay
28.13,0.381023731074,0.19509389372,0.549160049269,0.189648526735,-0.185929837354,-0.359511522534,decay
28.14,0.380973990199,0.195075927205,0.549948802143,0.189632987632,-0.185898062994,-0.360315814512,decay
28.15,0.380918253516,0.195058424344,0.550812485092,0.189617284884,-0.185859829172,-0.361195200208,decay
28.16,0.380856257673,0.195041412374,0.55174507911,0.18960144564,-0.185814845299,-0.36214363347,decay
28.17,0.38078684643,0.195024915552,0.552739061415,0.189585505877,-0.185761930878,-0.363153555537,decay
28.18,0.380708072397,0.195008954845,0.553785924394,0.189569509398,-0.185699117552,-0.364216414996,decay
28.19,0.380617636979,0.194993547597,0.554876258396,0.189553505739,-0.185624089382,-0.365322752657,decay
28.2,0.380513552354,0.194978707043,0.555999615622,0.189537547798,-0.185534845311,-0.366462067824,decay
28.21,0.380394822284,0.194964441633,0.557144335467,0.189521689482,-0.185430380651,-0.367622645985,decay
28.22,0.380261751967,0.194950754125,0.55829738743,0.189505983362,-0.185310997842,-0.368791404068,decay
28.23,0.380115787733,0.194937640458,0.559444322126,0.189490478285,-0.185178147275,-0.369953843841,decay
28.24,0.379959262974,0.194925088359,0.56056948483,0.189475216885,-0.185034174615,-0.371094267945,decay
28.25,0.379795326114,0.194913075685,0.561656560487,0.189460232945,-0.18488225043,-0.372196327542,decay
28.26,0.379627939012,0.194901568788,0.562689428927,0.189445548886,-0.184726370223,-0.373243880041,decay
28.27,0.379461851609,0.194890521913,0.563653302887,0.189431174337,-0.184571329697,-0.37422212855,decay
28.28,0.379302611851,0.194879878368,0.564536007613,0.189417106518,-0.184422733483,-0.375118901095,decay
28.29,0.379156442287,0.194869572946,0.565329043273,0.189403331865,-0.184286869341,-0.375925711408,decay
28.3,0.379029765793,0.194859534566,0.566028089806,0.189389827875,-0.184170231226,-0.376638261931,decay
28.31,0.378928632283,0.194849688788,0.566632891157,0.189376564769,-0.184078943495,-0.377256326388,decay
28.32,0.378858373586,0.194839960193,0.567146591315,0.18936350698,-0.184018413393,-0.377783084334,decay
28.33,0.378823397126,0.194830274713,0.56757457366,0.18935061448,-0.183993122413,-0.37822395918,decay
28.34,0.378826987461,0.194820561941,0.567922953352,0.189337843993,-0.18400642552,-0.378585109359,decay
28.35,0.378871111455,0.194810757496,0.568197012783,0.189325150108,-0.184060353959,-0.378871862675,decay
28.36,0.37895611331,0.194800805225,0.568399981608,0.189312486306,-0.184155308085,-0.379087495303,decay
28.37,0.379080310632,0.194790658472,0.568532636009,0.18929980583,-0.18428965216,-0.379232830179,decay
28.38,0.379239847635,0.19478027985,0.568593918304,0.189287062365,-0.184459567785,-0.379306855939,decay
28.39,0.379429075482,0.194769639968,0.568582175639,0.189274210595,-0.184659435514,-0.379307965045,decay
28.4,0.379641285485,0.194758715976,0.568496272196,0.189261206752,-0.184882569509,-0.379235065443,decay
28.41,0.379869508743,0.194747490238,0.568336086359,0.189248009218,-0.185122018505,-0.379088077141,decay
28.42,0.380107278428,0.194735949168,0.568102451634,0.189234579188,-0.185371329261,-0.378867872445,decay
28.43,0.380349178991,0.194724082199,0.567796939969,0.189220881443,-0.185625096792,-0.378576058526,decay
28.44,0.38059095634,0.194711880882,0.567421883442,0.189206885217,-0.185879075458,-0.378214998225,decay
28.45,0.380829318469,0.194699338104,0.566980763688,0.189192565224,-0.186129980365,-0.377788198463,decay
28.46,0.381061707335,0.194686447423,0.566478738254,0.189177902663,-0.186375259912,-0.377300835591,decay
28.47,0.381286030986,0.194673202613,0.565922990537,0.189162885744,-0.186612828373,-0.376760104793,decay
28.48,0.381500327641,0.194659597436,0.565322789317,0.18914750935,-0.186840730205,-0.376175279967,decay
28.49,0.381702587657,0.194645625621,0.564689172628,0.189131774124,-0.187056962035,-0.375557398504,decay
28.5,0.381890824459,0.194631280968,0.564034096675,0.189115685503,-0.187259543491,-0.374918411171,decay
28.51,0.382063206543,0.194616557541,0.563369106771,0.189099252903,-0.187446649002,-0.374269853869,decay
28.52,0.382218170728,0.194601449965,0.562703905903,0.189082489046,-0.187616720763,-0.373621416858,decay
28.53,0.382354557372,0.194585953826,0.562045251273,0.189065409436,-0.187768603546,-0.372979841838,decay
28.54,0.38247163273,0.194570066184,0.561396417885,0.189048031957,-0.187901566547,-0.372348385928,decay
28.55,0.382568911225,0.194553786199,0.560757325908,0.18903037659,-0.188015125026,-0.371726949318,decay
28.56,0.382646046912,0.194537115794,0.560125361165,0.189012465207,-0.188108931118,-0.371112895958,decay
28.57,0.382702993055,0.194520059991,0.559496648447,0.188994321373,-0.188182933064,-0.370502327074,decay
28.58,0.382740201703,0.194502626693,0.558867325653,0.188975970065,-0.18823757501,-0.369891355588,decay
28.59,0.382758654939,0.194484826098,0.558234564076,0.188957437363,-0.188273828841,-0.369277126714,decay
28.6,0.382759763883,0.194466670075,0.557597318118,0.188938750166,-0.188293093808,-0.368658567952,decay
28.61,0.382745089677,0.194448171653,0.556956788833,0.188919935977,-0.188296918023,-0.368036852856,decay
28.62,0.382715865193,0.19442934462,0.556316586367,0.188901022718,-0.188286520573,-0.36741556365,decay
28.63,0.382672564992,0.194410203211,0.555682672334,0.1888820386,-0.188262361781,-0.366800633733,decay
28.64,0.382614705925,0.194390761898,0.555063204125,0.188863012016,-0.188223944028,-0.366200192109,decay
28.65,0.382540858652,0.194371035249,0.554468299711,0.188843971452,-0.188169823403,-0.365624328259,decay
28.66,0.382448952773,0.19435103787,0.553909559591,0.188824945393,-0.188097914903,-0.365084614198,decay
28.67,0.382336974127,0.194330784369,0.553399127573,0.18880596215,-0.188006189758,-0.364593165423,decay
28.68,0.382203832318,0.194310289344,0.552948289555,0.188787049547,-0.187893542973,-0.364161240008,decay
28.69,0.3820500144,0.194289567382,0.552565984702,0.188768234498,-0.187760447018,-0.363797750204,decay
28.7,0.381877922698,0.194268633114,0.552257748613,0.188749542514,-0.187609289584,-0.363508206099,decay
28.71,0.381691948654,0.194247501323,0.552025328427,0.188730997176,-0.187444447332,-0.363294331251,decay
28.72,0.381498129467,0.194226187111,0.551866855486,0.188712619528,-0.187271942357,-0.363154235958,decay
28.73,0.381303380979,0.194204706118,0.551777358348,0.188694427412,-0.187098674861,-0.363082930936,decay
28.74,0.381114710701,0.194183074796,0.551749472766,0.188676434695,-0.186931635905,-0.363073038071,decay
28.75,0.380938671458,0.194161310737,0.551774231642,0.188658650395,-0.186777360721,-0.363115581246,decay
28.76,0.380780984874,0.194139433001,0.551841763538,0.188641077824,-0.186641551873,-0.363200685714,decay
28.77,0.380646362793,0.194117462248,0.551941738585,0.188623714183,-0.186528900545,-0.363318024401,decay
28.78,0.380538560844,0.194095420547,0.552063464334,0.188606550951,-0.186443140297,-0.363456913383,decay
28.79,0.380460411128,0.194073330949,0.552195663848,0.188589574799,-0.186387080179,-0.363606089049,decay
28.8,0.380413663293,0.194051217003,0.552326227829,0.188572768597,-0.18636244629,-0.363753459232,decay
28.81,0.380398834045,0.194029102292,0.552442339311,0.188556112327,-0.186369731753,-0.363886226985,decay
28.82,0.380415232555,0.194007009972,0.552531172887,0.188539583906,-0.186408222583,-0.363991588981,decay
28.83,0.380461090622,0.193984962306,0.5525811771,0.188523159939,-0.186476128317,-0.364058017161,decay
28.84,0.380533832789,0.193962980172,0.552583766485,0.188506816424,-0.186570852616,-0.364076950061,decay
28.85,0.380630617443,0.193941082553,0.552534906941,0.188490529413,-0.18668953489,-0.364044377528,decay
28.86,0.380748974077,0.193919286032,0.552435912514,0.188474275617,-0.186829688044,-0.363961636898,decay
28.87,0.380887234353,0.193897604542,0.552293112611,0.18845803282,-0.186989629811,-0.363835079791,decay
28.88,0.381044739678,0.193876049497,0.552116581038,0.188441780025,-0.187168690182,-0.363674801013,decay
28.89,0.381221845457,0.193854630194,0.55191835546,0.188425497404,-0.187367215263,-0.363492858056,decay
28.9,0.381419582188,0.193833354259,0.551710595009,0.188409166212,-0.18758622793,-0.363301428797,decay
28.91,0.381639022896,0.193812228028,0.551504144846,0.188392768713,-0.187826794868,-0.363111376133,decay
28.92,0.381880629558,0.193791256883,0.5513077915,0.188376288141,-0.188089372674,-0.362931503359,decay
28.93,0.382143716271,0.193770445532,0.551128138235,0.188359708692,-0.18837327074,-0.362768429543,decay
28.94,0.382426078255,0.193749798232,0.550969893665,0.188343015546,-0.188676280023,-0.362626878119,decay
28.95,0.382723995237,0.193729318979,0.550836413303,0.188326194937,-0.188994676258,-0.362510218366,decay
28.96,0.38303274442,0.193709011634,0.550730236905,0.188309234232,-0.189323732786,-0.362421002673,decay
28.97,0.383347360141,0.193688879996,0.550653252151,0.188292121905,-0.189658480145,-0.362361130246,decay
28.98,0.383663260635,0.193668927798,0.550606396592,0.188274847346,-0.189994332836,-0.362331549246,decay
28.99,0.383976659643,0.193649158639,0.550589219076,0.188257400552,-0.190327501003,-0.362331818523,decay
29,0.384284743062,0.193629575864,0.550599642429,0.188239771816,-0.190655167198,-0.362359870613,decay
29.01,0.384585496247,0.193610182389,0.550634115114,0.188221951459,-0.190975313858,-0.362412163655,decay
29.02,0.384877353006,0.193590980476,0.550688177282,0.188203929615,-0.19128637253,-0.362484247667,decay
29.03,0.385158949644,0.193571971451,0.550757152768,0.188185696055,-0.191586978193,-0.362571456713,decay
29.04,0.38542893112,0.193553155354,0.550836562615,0.188167240055,-0.191875775765,-0.36266932256,decay
29.05,0.385685721483,0.193534530526,0.550922149639,0.188148550317,-0.192151190957,-0.362773599321,decay
29.06,0.385927411848,0.193516093204,0.551009690004,0.188129614951,-0.192411318645,-0.362880075052,decay
29.07,0.386151805734,0.193497837391,0.551094837544,0.188110421609,-0.192653968343,-0.362984415934,decay
29.08,0.386356469168,0.193479755213,0.551173258301,0.18809095782,-0.192876713955,-0.36308230048,decay
29.09,0.386538828092,0.1934618376,0.55124122171,0.1880712115,-0.193076990493,-0.36317001021,decay
29.1,0.38669648275,0.193444075028,0.551296512521,0.188051171564,-0.193252407722,-0.363245340957,decay
29.11,0.386827665024,0.193426458233,0.55133928483,0.188030828635,-0.193401206791,-0.363308456195,decay
29.12,0.38693168174,0.193408978879,0.55137258523,0.188010175846,-0.193522702861,-0.363362409385,decay
29.13,0.387009392566,0.19339163021,0.551402513908,0.187989209765,-0.193617762356,-0.363413304143,decay
29.14,0.387063653327,0.193374407692,0.551438019809,0.187967931447,-0.193689245635,-0.363470088362,decay
29.15,0.387099327745,0.193357309652,0.551490201328,0.18794634764,-0.193742018094,-0.363543853688,decay
29.16,0.387122716028,0.193340337852,0.551570975398,0.18792447196,-0.193782378177,-0.363646503437,decay
29.17,0.387140722393,0.193323497733,0.551691113737,0.187902325477,-0.193817224661,-0.36378878826,decay
29.18,0.387160021476,0.193306798132,0.551857876773,0.187879936243,-0.193853223345,-0.36397794053,decay
29.19,0.387186329593,0.193290250626,0.5520728074,0.187857338119,-0.193896078967,-0.364215469282,decay
29.2,0.387223992897,0.193273868759,0.552330362675,0.187834569466,-0.193950124137,-0.364495793209,decay
29.21,0.387275944926,0.193257667253,0.552617755427,0.187811671949,-0.194018277673,-0.364806083479,decay
29.22,0.387343809303,0.193241661192,0.552915999062,0.187788689425,-0.194102148111,-0.365127309636,decay
29.23,0.387428063329,0.193225865173,0.55320192761,0.18776566691,-0.194202198156,-0.3654362607,decay
29.24,0.387528325056,0.193210292395,0.553450833742,0.187742649573,-0.194318032661,-0.365708184169,decay
29.25,0.387643608957,0.193194953674,0.553639288159,0.187719681754,-0.194448655284,-0.365919606405,decay
29.26,0.387772296144,0.193179856471,0.553747667685,0.187696806036,-0.194592439672,-0.366050861649,decay
29.27,0.387911909526,0.193165004252,0.553761998837,0.187674062596,-0.194746905274,-0.366087936241,decay
29.28,0.388059009405,0.193150396398,0.553674914537,0.187651488986,-0.194908613007,-0.366023425552,decay
29.29,0.388209249666,0.1931360285,0.553485736924,0.187629120198,-0.195073221166,-0.365856616726,decay
29.3,0.388357524896,0.193121892679,0.553199948316,0.187606988757,-0.195235632216,-0.365592959559,decay
29.31,0.388498329968,0.193107977808,0.552828419204,0.18758512473,-0.19539035216,-0.365243294474,decay
29.32,0.388626292344,0.193094269615,0.552386514797,0.187563555636,-0.195532022728,-0.364822959161,decay
29.33,0.38873662594,0.193080750695,0.551892928219,0.187542306253,-0.195655875245,-0.364350621966,decay
29.34,0.388825495863,0.193067400406,0.551368178697,0.187521398303,-0.195758095457,-0.363846780394,decay
29.35,0.388890408068,0.193054194676,0.550832965843,0.187500850011,-0.195836213392,-0.363332115832,decay
29.36,0.388930458023,0.193041105795,0.550306709078,0.187480675613,-0.195889352228,-0.362826033466,decay
29.37,0.388946217714,0.193028102454,0.549806592888,0.187460885087,-0.19591811526,-0.362345707801,decay
29.38,0.38893931985,0.193015150241,0.549347199264,0.187441484324,-0.195924169609,-0.36190571494,decay
29.39,0.388911869903,0.193002212456,0.548940441441,0.18742247555,-0.195909657447,-0.36151796589,decay
29.4,0.388865720249,0.192989250994,0.548595456557,0.187403857743,-0.195876469255,-0.361191598814,decay
29.41,0.38880183612,0.192976227219,0.548318486318,0.187385626899,-0.195825608901,-0.36093285942,decay
29.42,0.388720160396,0.192963102831,0.548113028481,0.187367776153,-0.195757057565,-0.360745252329,decay
29.43,0.388619980342,0.192949840752,0.547980299386,0.187350295764,-0.19567013959,-0.360630003622,decay
29.44,0.388500420319,0.192936406059,0.547919726934,0.187333172955,-0.19556401426,-0.360586553979,decay
29.45,0.388360900886,0.192922766989,0.547929233842,0.187316391608,-0.195438133897,-0.360612842234,decay
29.46,0.388201547016,0.192908895924,0.548005304549,0.187299931911,-0.195292651093,-0.360705372638,decay
29.47,0.388023392723,0.192894770038,0.548142921757,0.187283770199,-0.195128622685,-0.360859151558,decay
29.48,0.387828374302,0.192880371387,0.548335406253,0.187267879208,-0.194948002915,-0.361067527044,decay
29.49,0.387619290345,0.192865686613,0.548574192532,0.187252228595,-0.194753603732,-0.361321963937,decay
29.5,0.387399713685,0.192850706642,0.548848667788,0.187236785455,-0.194549007043,-0.361611882333,decay
29.51,0.387173740553,0.192835426505,0.549146327137,0.187221514757,-0.194338314048,-0.36192481238,decay
29.52,0.386945728672,0.192819845299,0.549453447181,0.187206379686,-0.194125883373,-0.362247067495,decay
29.53,0.386720197621,0.192803966286,0.549756117205,0.187191341921,-0.193916231334,-0.362564775284,decay
29.54,0.386501693829,0.192787797139,0.550041152477,0.18717636185,-0.19371389669,-0.362864790627,decay
29.55,0.386294408166,0.192771350323,0.550296502375,0.187161398737,-0.193523057843,-0.363135103638,decay
29.56,0.3861017175,0.19275464349,0.550511078651,0.187146410895,-0.19334707401,-0.363364667756,decay
29.57,0.385925834182,0.192737699424,0.550674127995,0.187131355935,-0.193188134758,-0.363542772061,decay
29.58,0.385767551609,0.192720545212,0.550774406277,0.18711619119,-0.193047006397,-0.363658215087,decay
29.59,0.385626221344,0.192703210859,0.550799650669,0.187100874273,-0.192923010484,-0.363698776396,decay
29.6,0.385500104077,0.1926857278,0.550736856265,0.187085363701,-0.192814376278,-0.363651492565,decay
29.61,0.385386877649,0.192668127458,0.550573443449,0.187069619581,-0.19271875019,-0.363503823868,decay
29.62,0.385284055133,0.192650439851,0.550299011272,0.187053604366,-0.192633615281,-0.363245406906,decay
29.63,0.385189350407,0.19263269219,0.549907212417,0.187037283707,-0.192556658217,-0.36286992871,decay
29.64,0.385100997558,0.192614907467,0.549397269807,0.187020627424,-0.192486090091,-0.362376642383,decay
29.65,0.385017895191,0.192597102988,0.548774873361,0.187003610622,-0.192420792203,-0.361771262738,decay
29.66,0.384939622279,0.192579289022,0.548052459963,0.186986214809,-0.192360333258,-0.361066245154,decay
29.67,0.384866438708,0.192561468166,0.547248913416,0.186968428548,-0.192304970543,-0.360280484868,decay
29.68,0.384799138784,0.19254363587,0.546388608966,0.18695024728,-0.192255502914,-0.359438361687,decay
29.69,0.384738670196,0.192525781786,0.545499737572,0.186931672601,-0.19221288841,-0.358568064971,decay
29.7,0.38468579236,0.192507891303,0.544612046169,0.186912711504,-0.192177901056,-0.357699334665,decay
29.71,0.384640963538,0.192489947061,0.543754317031,0.186893375786,-0.192151016477,-0.356860941246,decay
29.72,0.384604254261,0.192471930411,0.542952051102,0.186873681632,-0.19213232385,-0.35607836947,decay
29.73,0.384575192179,0.192453822885,0.542225885545,0.186853649356,-0.192121369295,-0.355372236189,decay
29.74,0.384552706173,0.192435607674,0.541591001181,0.186833303305,-0.192117098499,-0.354757697877,decay
29.75,0.384535160724,0.192417271166,0.541057291395,0.186812671902,-0.192117889557,-0.354244619493,decay
29.76,0.384520376976,0.192398804403,0.540629891791,0.186791787737,-0.192121572573,-0.353838104054,decay
29.77,0.384505764847,0.192380204021,0.540309856985,0.186770687345,-0.192125560826,-0.35353916964,decay
29.78,0.384488662177,0.192361472343,0.540094892598,0.186749410423,-0.192127189834,-0.353345482175,decay
29.79,0.384466735878,0.192342616881,0.539980041186,0.186727998651,-0.192124118997,-0.353252042535,decay
29.8,0.384438358692,0.192323649745,0.539958215313,0.186706494433,-0.192114708947,-0.353251720879,decay
29.81,0.384403022997,0.19230458713,0.540020469238,0.186684939676,-0.192098435867,-0.353335529562,decay
29.82,0.384361691511,0.192285448896,0.540156037798,0.186663374572,-0.192076242615,-0.353492663225,decay
29.83,0.38431683785,0.192266258241,0.540352392964,0.186641836383,-0.192050579609,-0.353710556582,decay
29.84,0.384272155352,0.192247041428,0.540595608708,0.186620358166,-0.192025113924,-0.353975250542,decay
29.85,0.384232099281,0.192227827589,0.540871104964,0.186598967439,-0.192004271692,-0.354272137525,decay
29.86,0.384201262449,0.192208648524,0.54116455521,0.186577684945,-0.191992613926,-0.354586870265,decay
29.87,0.384183603547,0.192189538331,0.54146269425,0.186556524163,-0.191994065216,-0.354906170086,decay
29.88,0.384181849912,0.192170532755,0.541753851192,0.186535492046,-0.192011317157,-0.355218359146,decay
29.89,0.38419730054,0.192151668298,0.542028084313,0.186514590603,-0.192045632242,-0.355513493709,decay
29.9,0.384229926659,0.19213298125,0.542276996019,0.18649381869,-0.19209694541,-0.355783177329,decay
29.91,0.384278694234,0.192114506671,0.542493475126,0.186473173729,-0.192164187563,-0.356020301397,decay
29.92,0.384342020092,0.192096277319,0.542671471418,0.186452653383,-0.192245742774,-0.356218818035,decay
29.93,0.384418020335,0.192078322471,0.542805834502,0.186432257197,-0.192339697864,-0.356373577306,decay
29.94,0.384504382289,0.192060666647,0.542892384757,0.186411988234,-0.192443715642,-0.356480396523,decay
29.95,0.384598171584,0.192043328173,0.542928269456,0.186391854746,-0.19255484341,-0.35653641471,decay
29.96,0.384695860266,0.192026317775,0.542912306829,0.186371871677,-0.192669542491,-0.356540435152,decay
29.97,0.384793497502,0.192009637756,0.542844952761,0.186352061386,-0.192783859746,-0.356492891375,decay
29.98,0.384886935799,0.191993282209,0.542727873034,0.186332453114,-0.19289365359,-0.35639541992,decay
29.99,0.384972169487,0.191977237901,0.542563496935,0.186313081544,-0.192994931586,-0.356250415391,decay
30,0.3850456408,0.191961485252,0.542355028751,0.186293985095,-0.193084155548,-0.356061043655,decay
30.01,0.385104321615,0.191945999147,0.542107147466,0.186275204196,-0.193158322468,-0.355831943271,decay
30.02,0.385145773558,0.191930749593,0.541827123513,0.186256779515,-0.193215023965,-0.355570343997,decay
30.03,0.385168383163,0.191915702229,0.541525659876,0.186238750125,-0.193252680934,-0.355286909751,decay
30.04,0.385171575944,0.19190081871,0.541216855602,0.186221151537,-0.193270757234,-0.354995704064,decay
30.05,0.385155859315,0.191886056974,0.540917232128,0.1862040136,-0.193269802341,-0.354713218528,decay
30.06,0.38512276937,0.191871371485,0.540644225635,0.186187358456,-0.193251397885,-0.35445686718,decay
30.07,0.385074701302,0.191856713695,0.54041460147,0.186171199404,-0.193217987607,-0.354243402066,decay
30.08,0.385014549019,0.19184203291,0.540243065141,0.186155541271,-0.193172516109,-0.35408752387,decay
30.09,0.384945265739,0.191827277462,0.540141139441,0.186140381809,-0.193117988277,-0.354000757632,decay
30.1,0.384869478013,0.191812395975,0.540116218764,0.186125713255,-0.193057082038,-0.353990505509,decay
30.11,0.384789110624,0.191797338667,0.5401707884,0.186111523702,-0.192991771957,-0.354059264697,decay
30.12,0.384705070716,0.191782058704,0.540302025413,0.18609779829,-0.192923012012,-0.354204227123,decay
30.13,0.384617271346,0.191766513645,0.540502004895,0.186084520225,-0.192850757701,-0.35441748467,decay
30.14,0.38452504127,0.191750667021,0.5407585437,0.186071671647,-0.192774374249,-0.354686872053,decay
30.15,0.384427595141,0.19173449006,0.541056584421,0.186059234381,-0.192693105082,-0.35499735004,decay
30.16,0.384324409625,0.191717963385,0.541379941873,0.18604719054,-0.192606446241,-0.355332751333,decay
30.17,0.384215561024,0.19170107796,0.541713083265,0.18603552296,-0.192514483064,-0.355677560305,decay
30.18,0.384101898018,0.19168383476,0.542042546475,0.186024215417,-0.192418063258,-0.356018331058,decay
30.19,0.383984947861,0.191666243579,0.542357780719,0.18601325267,-0.192318704282,-0.356344528048,decay
30.2,0.383866738358,0.191648321724,0.542651415006,0.186002620411,-0.192218416634,-0.356648794595,decay
30.21,0.383749664271,0.191630092889,0.542919079444,0.185992305125,-0.192119571382,-0.356926774319,decay
30.22,0.38363631863,0.191611586215,0.543158969783,0.185982293895,-0.192024732415,-0.357176675888,decay
30.23,0.383529326885,0.191592835512,0.54337135765,0.185972574126,-0.191936491372,-0.357398783524,decay
30.24,0.383431309712,0.19157387862,0.543558219307,0.185963133204,-0.191857431092,-0.357595086103,decay
30.25,0.383344863387,0.191554756902,0.543723005132,0.185953958074,-0.191790106485,-0.357769047058,decay
30.26,0.383272389186,0.191535514782,0.543870393755,0.185945034788,-0.191736874404,-0.357925358967,decay
30.27,0.3832158811,0.191516199127,0.54400585726,0.185936348121,-0.191699681973,-0.35806950914,decay
30.28,0.383176788752,0.191496858318,0.544134922499,0.185927881344,-0.191679930434,-0.358207041155,decay
30.29,0.383155799052,0.191477541086,0.544262256175,0.185919616098,-0.191678257966,-0.358342640077,decay
30.3,0.383152510791,0.191458295268,0.544391030626,0.185911532232,-0.191694215523,-0.358479498394,decay
30.31,0.383165277051,0.191439166548,0.544522908035,0.185903607572,-0.191726110503,-0.358619300463,decay
30.32,0.38319132837,0.191420197135,0.54465854636,0.185895817612,-0.191771131235,-0.358762728748,decay
30.33,0.383227093897,0.19140142436,0.544798279993,0.185888135125,-0.191825669538,-0.358910144868,decay
30.34,0.383268707067,0.191382879161,0.544942586139,0.185880529702,-0.191885827906,-0.359062056437,decay
30.35,0.383312550857,0.191364584413,0.5450920628,0.185872967207,-0.191947966444,-0.359219095594,decay
30.36,0.383355533594,0.191346553334,0.545246968551,0.185865409261,-0.19200898026,-0.35938155929,decay
30.37,0.383395067616,0.191328788765,0.545406750031,0.185857813053,-0.192066278851,-0.359548936978,decay
30.38,0.38342902589,0.191311283909,0.54557006739,0.185850131719,-0.192117741982,-0.35971993567,decay
30.39,0.38345576993,0.191294024081,0.545735447674,0.185842315134,-0.192161745849,-0.35989313254,decay
30.4,0.383474104421,0.191276988652,0.545902188474,0.185834310815,-0.192197115769,-0.360067877659,decay
30.41,0.383483210447,0.191260152862,0.546070986179,0.185826064834,-0.192223057585,-0.360244921344,decay
30.42,0.383482757044,0.191243489512,0.546243921884,0.185817522759,-0.192239267532,-0.360426399126,decay
30.43,0.383473094194,0.191226970571,0.546423720114,0.185808630633,-0.192246123624,-0.36061508948,decay
30.44,0.383455305148,0.191210568722,0.546612605823,0.185799336059,-0.192244736426,-0.360813269765,decay
30.45,0.383431107839,0.191194258885,0.546811286869,0.185789589372,-0.192236848953,-0.361021697497,decay
30.46,0.383402584325,0.191178019622,0.547018371732,0.185779344843,-0.192224564703,-0.361239026889,decay
30.47,0.38337167864,0.191161834042,0.547230291951,0.185768561501,-0.192209844598,-0.361461730449,decay
30.48,0.383339693555,0.191145689951,0.547441745244,0.185757203304,-0.192194003604,-0.36168454194,decay
30.49,0.383307085436,0.191129579459,0.547646560306,0.185745238898,-0.192177505977,-0.361901321408,decay
30.5,0.383273512457,0.191113498465,0.547838694332,0.185732641409,-0.192160013992,-0.362106052922,decay
30.51,0.383237993965,0.191097446179,0.548013087919,0.185719388441,-0.192140547787,-0.362293699478,decay
30.52,0.383199222073,0.191081424682,0.548166347326,0.1857054623,-0.192117797391,-0.362460885026,decay
30.53,0.383156008647,0.191065438538,0.548297423695,0.185690850463,-0.192090570109,-0.362606573231,decay
30.54,0.383107685571,0.191049494419,0.548408385221,0.185675546295,-0.192058191152,-0.362732838926,decay
30.55,0.383054464885,0.191033600773,0.548505103369,0.185659550032,-0.192020864113,-0.362845553337,decay
30.56,0.3829979322,0.191017767487,0.548597390695,0.185642869836,-0.191980164712,-0.362954520859,decay
30.57,0.382941477849,0.191002005542,0.548698101372,0.185625522295,-0.191939472308,-0.363072579077,decay
30.58,0.382890268461,0.190986326611,0.548821132717,0.18560753188,-0.19190394185,-0.363213600837,decay
30.59,0.382850752121,0.190970742629,0.548978799498,0.185588929721,-0.191880009492,-0.363389869777,decay
30.6,0.382829874822,0.190955265326,0.54917927895,0.185569752347,-0.191874609496,-0.363609526603,decay
30.61,0.382834038142,0.190939905735,0.549424803493,0.185550040642,-0.191894132407,-0.363874762851,decay
30.62,0.382867983225,0.190924673667,0.549711082705,0.18552983902,-0.191943309558,-0.364181243685,decay
30.63,0.382934007567,0.190909577125,0.550027989894,0.185509194779,-0.192024430443,-0.364518795115,decay
30.64,0.383031676852,0.190894621672,0.550361046823,0.185488157635,-0.19213705518,-0.364872889188,decay
30.65,0.383157914092,0.190879809718,0.550693079724,0.185466779398,-0.192278104374,-0.365226300326,decay
30.66,0.383307434638,0.190865139834,0.551005659908,0.185445113728,-0.192442294803,-0.365560546181,decay
30.67,0.383473471528,0.19085060645,0.551280299729,0.185423215767,-0.192622865079,-0.365857083962,decay
30.68,0.383648482575,0.190836200174,0.551499630003,0.185401141502,-0.192812282402,-0.366098488501,decay
30.69,0.383824643329,0.190821908568,0.551648812845,0.185378946932,-0.193002734761,-0.366269865913,decay
30.7,0.383994272899,0.190807716997,0.551717188433,0.185356687201,-0.193186555901,-0.366360501232,decay
30.71,0.384150217806,0.190793609429,0.551699830844,0.185334415733,-0.193356608376,-0.366365415111,decay
30.72,0.384286028818,0.190779569192,0.551598595611,0.185312183365,-0.193506459626,-0.366286412245,decay
30.73,0.38439609191,0.190765579697,0.551422350315,0.185290037439,-0.193630512213,-0.366132312876,decay
30.74,0.384475991697,0.190751625145,0.551186149426,0.185268020827,-0.193724366552,-0.365918128599,decay
30.75,0.384522946934,0.190737691235,0.550909214302,0.185246170866,-0.193785255698,-0.365663043436,decay
30.76,0.384536023957,0.190723765814,0.550611947229,0.185224518331,-0.193812258143,-0.365387428898,decay
30.77,0.384516107394,0.190709839258,0.550312614163,0.185203086912,-0.193806268136,-0.365109527251,decay
30.78,0.384465625177,0.190695904424,0.550024494136,0.185181893545,-0.193769720753,-0.364842600591,decay
30.79,0.384387982108,0.190681956306,0.549754301207,0.185160949324,-0.193706025802,-0.364593351883,decay
30.8,0.38428688193,0.190667991619,0.549502374113,0.18514026048,-0.193618890312,-0.364362113632,decay
30.81,0.38416572413,0.190654008408,0.549264364779,0.185119829247,-0.193511715721,-0.364144535532,decay
30.82,0.384027010074,0.190640005683,0.5490335518,0.185099654595,-0.193387004391,-0.363933897205,decay
30.83,0.383871781245,0.190625983069,0.548802977918,0.185079732852,-0.193245798176,-0.363723245066,decay
30.84,0.383699393161,0.190611940475,0.548566974176,0.185060058211,-0.193087452687,-0.363506915964,decay
30.85,0.383507772256,0.190597877773,0.548321893921,0.185040623152,-0.192909894483,-0.363281270769,decay
30.86,0.383293904463,0.190583794501,0.548066159727,0.185021418797,-0.192710109962,-0.363044740931,decay
30.87,0.383054349521,0.190569689669,0.547799945638,0.185002435332,-0.192484659852,-0.362797510306,decay
30.88,0.382785855785,0.190555561713,0.547524771549,0.184983662581,-0.192230294072,-0.362541108968,decay
30.89,0.382486105314,0.190541408555,0.547243143952,0.184965090675,-0.191944696759,-0.362278053277,decay
30.9,0.382154516684,0.190527227703,0.546958310168,0.184946710724,-0.191627288981,-0.362011599443,decay
30.91,0.381793069313,0.190513016342,0.54667403714,0.184928515463,-0.191280052972,-0.361745521677,decay
30.92,0.381406920753,0.190498771438,0.546394100963,0.184910499864,-0.190908149315,-0.361483601098,decay
30.93,0.381004403208,0.19048448984,0.54612137683,0.184892661753,-0.190519913368,-0.361228715077,decay
30.94,0.380596334766,0.190470168389,0.545856964349,0.184875002407,-0.190126166377,-0.360981961942,decay
30.95,0.380195003151,0.190455804038,0.545599879572,0.184857527181,-0.189739199113,-0.360742352391,decay
30.96,0.379813055963,0.190441393953,0.545347438066,0.184840246021,-0.189371662011,-0.360507192045,decay
30.97,0.379462290506,0.190426935502,0.545096087678,0.184823173515,-0.189035355004,-0.360272914163,decay
30.98,0.379152540706,0.19041242607,0.544842305246,0.184806328207,-0.188740114636,-0.360035977039,decay
30.99,0.378891027829,0.190397862739,0.544583172694,0.184789731351,-0.188493165089,-0.359793441342,decay
31,0.378682217237,0.190383241941,0.544316372383,0.184773405494,-0.188298975296,-0.359542966889,decay
31.01,0.378528012295,0.190368559097,0.544039658626,0.184757372987,-0.188159453198,-0.359282285639,decay
31.02,0.378428218721,0.190353808275,0.543750225346,0.184741654438,-0.188074410446,-0.359008570907,decay
31.03,0.37838109119,0.190338981822,0.543444466959,0.184726267058,-0.188042109368,-0.358718199901,decay
31.04,0.378383660516,0.190324069997,0.543118388306,0.18471122287,-0.188059590518,-0.358407165436,decay
31.05,0.37843183602,0.190309060591,0.542768558437,0.184696526766,-0.188122775428,-0.358072031671,decay
31.06,0.378520502418,0.190293938616,0.542393247246,0.184682174633,-0.188226563802,-0.357711072613,decay
31.07,0.378643698947,0.190278686363,0.54199336416,0.18466815243,-0.188365012584,-0.35732521173,decay
31.08,0.378794915027,0.19026328405,0.541572955256,0.184654436845,-0.188531630976,-0.356918518411,decay
31.09,0.378967593796,0.190247710902,0.541139165109,0.184640997047,-0.188719882894,-0.356498168062,decay
31.1,0.379155729479,0.190231946386,0.54070163924,0.184627796658,-0.188923783092,-0.356073842582,decay
31.11,0.379354229094,0.190215971514,0.540271412224,0.184614795598,-0.18913825758,-0.355656616626,decay
31.12,0.379558949585,0.190199770202,0.539859548511,0.184601951808,-0.189359179383,-0.355257596703,decay
31.13,0.379766615483,0.190183330747,0.539475984474,0.184589222893,-0.189583284736,-0.354886761581,decay
31.14,0.379974671787,0.19016664741,0.53912889958,0.184576567725,-0.189808024377,-0.354552331855,decay
31.15,0.380181048585,0.19014972217,0.538824744937,0.184563948027,-0.190031326414,-0.354260796909,decay
31.16,0.380384059568,0.190132566377,0.538568910739,0.184551329854,-0.190251493191,-0.354017580885,decay
31.17,0.380582559704,0.190115201473,0.538366686968,0.184538684534,-0.190467358231,-0.353828002434,decay
31.18,0.380776109547,0.190097658165,0.538223889556,0.184525988778,-0.190678451382,-0.353697900778,decay
31.19,0.380964940318,0.190079974489,0.538146670964,0.184513224213,-0.190884965829,-0.353633446751,decay
31.2,0.381149755038,0.19006219365,0.538140420657,0.184500376802,-0.191087561388,-0.353640043856,decay
31.21,0.381331354255,0.19004436194,0.538208096788,0.18448743633,-0.191286992315,-0.353720660458,decay
31.22,0.381510143478,0.190026526732,0.538348732405,0.184474395975,-0.191483616746,-0.35387433643,decay
31.23,0.381685885131,0.190008734503,0.538556868536,0.184461251951,-0.191677150628,-0.354095616584,decay
31.24,0.381857946436,0.189991028847,0.538823214962,0.184448003227,-0.19186691759,-0.354375211735,decay
31.25,0.382025791776,0.189973448423,0.539136280364,0.184434651318,-0.192052343353,-0.354701629046,decay
31.26,0.382189353912,0.189956025025,0.539484335775,0.18442120011,-0.192233328887,-0.355063135665,decay
31.27,0.382349213159,0.18993878236,0.539857058649,0.18440765565,-0.192410430799,-0.355449402998,decay
31.28,0.382506518677,0.189921736017,0.540246464305,0.18439402582,-0.19258478266,-0.355852438485,decay
31.29,0.382662463736,0.189904894231,0.540647029498,0.184380319946,-0.192757569504,-0.356266709552,decay
31.3,0.382817482172,0.189888258791,0.54105518091,0.184366548415,-0.192929223381,-0.356688632494,decay
31.31,0.382970647439,0.189871825811,0.541468462642,0.184352722324,-0.193098821628,-0.357115740318,decay
31.32,0.383119520106,0.189855586363,0.541884674419,0.184338853152,-0.193263933743,-0.357545821267,decay
31.33,0.383260485571,0.189839526984,0.542301265768,0.184324952463,-0.193420958587,-0.357976313305,decay
31.34,0.383389598922,0.189823630052,0.542715252951,0.184311031607,-0.19356596887,-0.358404221345,decay
31.35,0.383503692994,0.189807874063,0.54312372552,0.184297101436,-0.193695818931,-0.358826624083,decay
31.36,0.38360131766,0.18979223385,0.543524793637,0.184283172034,-0.19380908381,-0.359241621604,decay
31.37,0.383683314457,0.189776680933,0.543918716097,0.1842692525,-0.193906633523,-0.359649463597,decay
31.38,0.383753033261,0.18976118413,0.544308777068,0.184255350839,-0.193991849131,-0.360053426229,decay
31.39,0.383816092568,0.189745710349,0.544701401947,0.184241473904,-0.194070382219,-0.360459928043,decay
31.4,0.383879667767,0.18973022542,0.545105288217,0.18422762735,-0.194149442346,-0.360877660867,decay
31.41,0.383951632622,0.189714694903,0.545529665412,0.184213815557,-0.194236937719,-0.361315849855,decay
31.42,0.38403979403,0.189699084896,0.545981896565,0.184200041528,-0.194340709134,-0.361781855037,decay
31.43,0.384151098889,0.189683362868,0.546464831206,0.184186306759,-0.194467736021,-0.362278524447,decay
31.44,0.384290815089,0.189667498527,0.546974637326,0.184172611072,-0.194623316563,-0.362802026254,decay
31.45,0.38446194663,0.189651464754,0.547499752728,0.184158952414,-0.194810481876,-0.363340800314,decay
31.46,0.384664973909,0.189635238528,0.548021170926,0.184145326635,-0.195029735381,-0.363875844291,decay
31.47,0.384897864927,0.189618801557,0.548513928329,0.184131727307,-0.19527906337,-0.364382201022,decay
31.48,0.385156393142,0.189602140403,0.548949438247,0.184118145627,-0.195554252739,-0.364831292619,decay
31.49,0.385434696103,0.189585246289,0.549298191432,0.184104570369,-0.195849449814,-0.365193621063,decay
31.5,0.38572587599,0.189568114891,0.549532366428,0.184090987817,-0.196157761099,-0.365441378611,decay
31.51,0.386022642019,0.18955074625,0.549628116949,0.184077381672,-0.196471895769,-0.365550735278,decay
31.52,0.386318099965,0.189533144812,0.549567534317,0.184063732902,-0.196784955152,-0.365503801414,decay
31.53,0.386606508082,0.189515319598,0.549340254388,0.184050019576,-0.197091188484,-0.365290234811,decay
31.54,0.386883672497,0.189497284502,0.54894453059,0.184036216643,-0.197386387994,-0.364908313947,decay
31.55,0.387146970538,0.189479058727,0.548387573105,0.184022295689,-0.19766791181,-0.364365277416,decay
31.56,0.387395201162,0.189460667222,0.547685081206,0.18400822476,-0.19793453394,-0.363676856445,decay
31.57,0.387628252564,0.189442140723,0.546860100252,0.183993968547,-0.198186111841,-0.362866131705,decay
31.58,0.387846595736,0.189423515088,0.545941440242,0.183979489167,-0.198423080648,-0.361961951075,decay
31.59,0.388050881678,0.189404830128,0.544961771509,0.183964747407,-0.19864605155,-0.360997024102,decay
31.6,0.388241734669,0.18938612835,0.543955354645,0.183949704131,-0.19885560632,-0.360005650514,decay
31.61,0.388419570619,0.189367453728,0.542955484451,0.183934321769,-0.199052116891,-0.359021162682,decay
31.62,0.388584453973,0.189348850517,0.541992099845,0.183918565905,-0.199235603456,-0.35807353394,decay
31.63,0.388736084181,0.18933036205,0.541090160859,0.183902407001,-0.199405722131,-0.357187753858,decay
31.64,0.388873837352,0.189312029512,0.54026917605,0.183885822294,-0.19956180784,-0.356383353756,decay
31.65,0.388996863821,0.189293890647,0.539543939736,0.183868797895,-0.199702973174,-0.355675141841,decay
31.66,0.389104322982,0.189275978514,0.538926058091,0.18385133083,-0.199828344468,-0.355074727261,decay
31.67,0.38919557527,0.189258320676,0.538425383967,0.183833430062,-0.199937254594,-0.354591953905,decay
31.68,0.389270021435,0.189240939144,0.53805054164,0.183815115792,-0.200029082291,-0.354235425848,decay
31.69,0.389326660889,0.189223850803,0.537808265862,0.183796417578,-0.200102810086,-0.354011848285,decay
31.7,0.389363755062,0.189207067891,0.537701925337,0.183777372252,-0.200156687172,-0.353924553085,decay
31.71,0.389378733551,0.189190598341,0.537730021641,0.183758022012,-0.20018813521,-0.353971999629,decay
31.72,0.389368273334,0.189174445985,0.537885511404,0.183738412686,-0.200193827348,-0.354147098717,decay
31.73,0.389328662824,0.189158610612,0.538156464792,0.183718592132,-0.200170052212,-0.35443787266,decay
31.74,0.389256460081,0.189143087876,0.538527830476,0.183698608731,-0.200113372205,-0.354829221745,decay
31.75,0.389149143388,0.189127869072,0.53898343747,0.183678509948,-0.200021274316,-0.355304927521,decay
31.76,0.389005641712,0.189112940854,0.539507436276,0.183658341006,-0.199892700858,-0.35584909527,decay
31.77,0.388826825478,0.189098285231,0.54008488538,0.183638143938,-0.199728540247,-0.356446741442,decay
31.78,0.388615759659,0.189083880077,0.540701648241,0.183617957202,-0.199531879581,-0.357083691039,decay
31.79,0.388377508718,0.189069699986,0.541344109453,0.183597815682,-0.199307808733,-0.357746293771,decay
31.8,0.388118646132,0.189055717151,0.541999232515,0.183577750761,-0.199062928981,-0.358421481754,decay
31.81,0.387846629735,0.189041902173,0.542655070489,0.183557790339,-0.198804727562,-0.35909728015,decay
31.82,0.387568998469,0.189028224789,0.543301448228,0.183537958779,-0.19854077368,-0.359763489449,decay
31.83,0.387292524266,0.18901465454,0.543930548555,0.183518276766,-0.198277869726,-0.360412271788,decay
31.84,0.387022682844,0.18900116141,0.54453732978,0.18349876108,-0.198021521435,-0.3610385687,decay
31.85,0.386763510268,0.188987716438,0.54511970432,0.183479424266,-0.197775793831,-0.361640280054,decay
31.86,0.386517580698,0.188974292294,0.545678398085,0.183460274292,-0.197543288404,-0.362218123792,decay
31.87,0.386286081998,0.188960863719,0.546216573364,0.183441314463,-0.197325218279,-0.362775258901,decay
31.88,0.386069168282,0.188947407751,0.546739321628,0.183422543804,-0.197121760531,-0.363316777825,decay
31.89,0.385866490259,0.188933903822,0.547253051224,0.183403957756,-0.196932586437,-0.363849093468,decay
31.9,0.385677700263,0.188920333848,0.547764882839,0.183385548907,-0.196757366415,-0.364379333932,decay
31.91,0.385502876795,0.188906682359,0.548282137254,0.183367307628,-0.196596194437,-0.364914829626,decay
31.92,0.385342732583,0.188892936695,0.548811826732,0.183349222643,-0.196449795888,-0.365462604089,decay
31.93,0.385198463826,0.188879087263,0.549360140175,0.183331281522,-0.196319376563,-0.366028858653,decay
31.94,0.38507140836,0.188865127865,0.549932097885,0.183313471124,-0.196206280495,-0.366618626761,decay
31.95,0.384962798199,0.188851056106,0.550531554641,0.183295777982,-0.196111742092,-0.367235776659,decay
31.96,0.384873624171,0.188836873787,0.551161549875,0.183278188655,-0.196036750384,-0.367883361221,decay
31.97,0.384804492109,0.188822586937,0.55182476189,0.18326069002,-0.195981905172,-0.36856407187,decay
31.98,0.384755564216,0.188808205252,0.552523762966,0.183243269508,-0.195947358964,-0.369280493458,decay
31.99,0.384726699865,0.188793741103,0.553260932412,0.183225915295,-0.195932958762,-0.370035017117,decay
32,0.384717633241,0.188779208465,0.554038059282,0.183208616482,-0.195938424776,-0.370829442799,decay
32.01,0.3847281055,0.188764621867,0.554855740465,0.183191363265,-0.195963483633,-0.3716643772,decay
32.02,0.384758057979,0.188749995381,0.555712659881,0.183174147115,-0.196008062599,-0.372538512766,decay
32.03,0.384807700043,0.188735341603,0.556604799151,0.183156960963,-0.19607235844,-0.373447838188,decay
32.04,0.384877186246,0.188720670638,0.557524725228,0.183139799399,-0.196156515608,-0.374384925829,decay
32.05,0.3849661064,0.188705989037,0.55846131055,0.18312265889,-0.196260117363,-0.37533865166,decay
32.06,0.385073115547,0.188691298814,0.559400305268,0.183105537971,-0.196381816733,-0.376294767297,decay
32.07,0.385195709098,0.188676596917,0.560325897185,0.183088437236,-0.196519112182,-0.377237459949,decay
32.08,0.385330126192,0.188661875419,0.561222854244,0.183071359014,-0.196668250774,-0.37815149523,decay
32.09,0.385471492991,0.188647122233,0.562078431915,0.183054306822,-0.196824370757,-0.379024125093,decay
32.1,0.385614118483,0.188632321944,0.562883291514,0.183037284743,-0.196981796538,-0.379846006771,decay
32.11,0.385751797629,0.188617456608,0.563631199509,0.183020296811,-0.197134341021,-0.380610902697,decay
32.12,0.385878301079,0.188602506525,0.564317871229,0.183003346381,-0.197275794554,-0.381314524848,decay
32.13,0.385988178876,0.188587451004,0.564939567006,0.182986435481,-0.197400727872,-0.381953131525,decay
32.14,0.386077485863,0.188572269127,0.565491988065,0.182969564133,-0.197505216736,-0.382522423932,decay
32.15,0.38614404888,0.188556940542,0.565969860937,0.182952729639,-0.197587108338,-0.383017131297,decay
32.16,0.386187434727,0.18854144624,0.566367283658,0.182935925913,-0.197645988487,-0.383431357745,decay
32.17,0.386208792004,0.188525769167,0.566678531062,0.182919143209,-0.197683022837,-0.383759387853,decay
32.18,0.386210476528,0.188509894562,0.566898939371,0.182902368489,-0.197700581966,-0.383996570882,decay
32.19,0.386195542033,0.188493810124,0.56702571667,0.182885586243,-0.197701731909,-0.384140130427,decay
32.2,0.386167233097,0.188477506193,0.567058659426,0.182868779433,-0.197689726904,-0.384189879993,decay
32.21,0.386128416594,0.18846097601,0.567000668904,0.182851930419,-0.197667440583,-0.384148738485,decay
32.22,0.386081057243,0.188444216092,0.566857889918,0.182835021888,-0.197636841152,-0.38402286803,decay
32.23,0.386026049629,0.1884272267,0.566639343973,0.182818037797,-0.197598822928,-0.383821306176,decay
32.24,0.38596340627,0.18841001244,0.566356049446,0.182800964346,-0.197553393829,-0.3835550851,decay
32.25,0.385892480404,0.188392582976,0.566019775871,0.182783791016,-0.197499897428,-0.383235984856,decay
32.26,0.385812122615,0.188374953709,0.565641696924,0.182766511565,-0.197437168906,-0.382875185359,decay
32.27,0.385720927747,0.188357145876,0.565231238695,0.1827491247,-0.197363781871,-0.382482113995,decay
32.28,0.38561754059,0.188339185641,0.564795389277,0.182731634173,-0.197278354949,-0.382063755104,decay
32.29,0.385500910141,0.18832110249,0.564338653393,0.182714048502,-0.197179807651,-0.381624604891,decay
32.3,0.385370601175,0.188302927457,0.56386364396,0.182696380646,-0.197067673719,-0.381167263314,decay
32.31,0.385227140834,0.188284691386,0.563372003612,0.182678647752,-0.196942449448,-0.38069335586,decay
32.32,0.38507211466,0.188266423215,0.562865197357,0.182660871005,-0.196805691445,-0.380204326352,decay
32.33,0.384907950307,0.188248148244,0.562344895771,0.182643075538,-0.196659802063,-0.379701820233,decay
32.34,0.384737602078,0.188229886352,0.561812909419,0.182625290436,-0.196507715726,-0.379187618983,decay
32.35,0.384564251563,0.188211650133,0.561270774318,0.18260754879,-0.19635260143,-0.378663225528,decay
32.36,0.384391084828,0.1881934432,0.560719257229,0.182589887714,-0.196197641628,-0.378129369515,decay
32.37,0.384221309385,0.188175259531,0.560158104617,0.182572347977,-0.196046049854,-0.37758575664,decay
32.38,0.384058385683,0.188157084501,0.559586166205,0.182554972987,-0.195901301182,-0.377031193218,decay
32.39,0.383906102436,0.188138897134,0.559001805078,0.182537807287,-0.195767205302,-0.376463997791,decay
32.4,0.383768246162,0.188120672658,0.558403426639,0.18252089488,-0.195647573505,-0.375882531759,decay
32.41,0.38364802631,0.188102385034,0.557789960712,0.182504277474,-0.195545641276,-0.375285683238,decay
32.42,0.383547460191,0.188084009485,0.557161119073,0.182487992635,-0.195463450706,-0.374673126438,decay
32.43,0.383466808831,0.188065525053,0.556517308933,0.182472071792,-0.195401283778,-0.374045237141,decay
32.44,0.383404315253,0.188046917235,0.555859302384,0.182456538069,-0.195357398019,-0.373402764315,decay
32.45,0.38335646899,0.188028180758,0.55518793787,0.182441403887,-0.195328288232,-0.372746533983,decay
32.46,0.383318647593,0.188009322141,0.554504130183,0.182426668682,-0.195309325452,-0.3720774615,decay
32.47,0.383285904477,0.187990360883,0.55380931836,0.182412317843,-0.195295543594,-0.371397000517,decay
32.48,0.383253782082,0.187971328422,0.553106133211,0.182398323731,-0.19528245366,-0.37070780948,decay
32.49,0.383218870542,0.187952265491,0.552398793757,0.182384648147,-0.195266605051,-0.370014145611,decay
32.5,0.383178855384,0.187933219091,0.551692962432,0.182371245069,-0.195245636292,-0.369321717363,decay
32.51,0.383132231632,0.187914239532,0.550995235757,0.182358063237,-0.195217992101,-0.368637172521,decay
32.52,0.383078012749,0.187895377507,0.550312559337,0.182345048581,-0.195182635242,-0.367967510756,decay
32.53,0.383015471374,0.187876681176,0.549651629432,0.182332146553,-0.195138790198,-0.367319482879,decay
32.54,0.382943894307,0.187858193159,0.549018168627,0.182319304405,-0.195085701148,-0.366698864222,decay
32.55,0.382862551299,0.187839947416,0.54841606249,0.182306473473,-0.195022603883,-0.366109589017,decay
32.56,0.382770899305,0.187821966331,0.547846539136,0.182293611278,-0.194948932974,-0.365552927858,decay
32.57,0.382668712489,0.18780425919,0.547307597268,0.182280682809,-0.194864453299,-0.365026914458,decay
32.58,0.382556074271,0.187786822961,0.546793785907,0.18226766048,-0.194769251311,-0.364526125427,decay
32.59,0.382433434569,0.187769644673,0.546296299103,0.182254523174,-0.194663789896,-0.364041775928,decay
32.6,0.38230164524,0.187752704143,0.545803253384,0.182241255096,-0.194548941097,-0.363561998288,decay
32.61,0.382161828604,0.187735976572,0.545300193978,0.182227844702,-0.194425852032,-0.363072349276,decay
32.62,0.382015269006,0.187719435006,0.544771122128,0.18221428374,-0.194295834,-0.362556838389,decay
32.63,0.381863446287,0.187703052713,0.544200164661,0.182200566369,-0.194160393574,-0.361999598292,decay
32.64,0.381708024598,0.187686805512,0.543573572869,0.182186688364,-0.194021219086,-0.361386884505,decay
32.65,0.381550697122,0.187670674106,0.54288156846,0.182172646373,-0.193880023017,-0.360708922087,decay
32.66,0.381393023929,0.18765464619,0.542119663954,0.182158437294,-0.193738377739,-0.359961226661,decay
32.67,0.381236328634,0.187638717572,0.541289182533,0.182144057917,-0.193597611062,-0.359145124617,decay
32.68,0.381081632607,0.187622891689,0.540396845976,0.182129504957,-0.193458740917,-0.358267341019,decay
32.69,0.38092979841,0.187607178007,0.539453553293,0.182114775386,-0.193322620402,-0.357338777907,decay
32.7,0.380781997063,0.187591590099,0.538472599236,0.182099866888,-0.193190406963,-0.356372732347,decay
32.71,0.380640193192,0.187576143739,0.53746763388,0.182084778378,-0.193064049454,-0.355382855502,decay
32.72,0.380507356032,0.187560854993,0.536450879292,0.182069510586,-0.192946501039,-0.354381368705,decay
32.73,0.380387500735,0.187545738285,0.535432151365,0.182054066714,-0.19284176245,-0.353378084651,decay
32.74,0.380285601109,0.187530804393,0.534418786524,0.182038453176,-0.192754796715,-0.352380333348,decay
32.75,0.380207176362,0.187516058344,0.533416165757,0.182022680436,-0.192691118018,-0.351393485322,decay
32.76,0.380157577071,0.187501497447,0.532428504735,0.182006763791,-0.192656079624,-0.350421740944,decay
32.77,0.380141177432,0.187487110286,0.531459639734,0.181990723637,-0.192654067145,-0.349468916097,decay
32.78,0.380160564083,0.187472877284,0.53051360684,0.18197458484,-0.192687686799,-0.348539021999,decay
32.79,0.38021591636,0.187458772376,0.529595011337,0.181958375479,-0.192757143984,-0.347636635857,decay
32.8,0.380304899867,0.187444764938,0.528709349688,0.181942125446,-0.192860134929,-0.346767224243,decay
32.81,0.380423057935,0.187430821637,0.52786338368,0.181925865065,-0.192992236297,-0.345937518616,decay
32.82,0.380564380869,0.187416908222,0.527065492464,0.181909623741,-0.193147472647,-0.345155868723,decay
32.83,0.380721958723,0.187402991273,0.526325820632,0.181893428586,-0.19331896745,-0.344432392046,decay
32.84,0.380888789819,0.187389039965,0.525655997444,0.181877303005,-0.193499749853,-0.343778694439,decay
32.85,0.381058490355,0.187375027872,0.52506830766,0.181861265223,-0.193683462484,-0.343207042437,decay
32.86,0.381225533522,0.187360934643,0.524574534351,0.181845326887,-0.19386459888,-0.342729207464,decay
32.87,0.381385059207,0.187346746971,0.524184953211,0.181829492338,-0.194038312236,-0.342355460873,decay
32.88,0.381532499881,0.1873324584,0.52390771281,0.181813758964,-0.194200041481,-0.342093953847,decay
32.89,0.381663191016,0.187318068319,0.523748273251,0.181798118308,-0.194345122697,-0.341950154942,decay
32.9,0.381772254926,0.187303580795,0.523708436496,0.181782557336,-0.194468674131,-0.34192587916,decay
32.91,0.381854971604,0.187289003477,0.523785002344,0.181767059625,-0.194565968128,-0.342017942719,decay
32.92,0.38190739095,0.187274346578,0.523968653083,0.181751606482,-0.194633044373,-0.342217046601,decay
32.93,0.381926845669,0.18725962193,0.524243866066,0.181736178009,-0.194667223739,-0.342507688057,decay
32.94,0.381912349197,0.187244842074,0.524590339182,0.181720754142,-0.194667507123,-0.34286958504,decay
32.95,0.381864899346,0.187230019383,0.524985629156,0.181705315674,-0.194634879962,-0.343280313482,decay
32.96,0.381787549871,0.187215165266,0.525408042076,0.181689845214,-0.194572384605,-0.343718196862,decay
32.97,0.381685261831,0.187200289635,0.525838870607,0.18167432783,-0.194484972196,-0.344164542777,decay
32.98,0.381564712898,0.187185400792,0.526263557195,0.181658751208,-0.194379312106,-0.344604805987,decay
32.99,0.381433975226,0.187170505613,0.526671783773,0.181643105469,-0.194263469613,-0.345028678304,decay
33,0.381301772204,0.187155609793,0.527056830733,0.181627382922,-0.194146162411,-0.345429447811,decay
33.01,0.381176393748,0.187140718104,0.527414726648,0.181611577862,-0.194035675644,-0.345803148787,decay
33.02,0.38106462159,0.187125834617,0.527743582242,0.181595686413,-0.193938786973,-0.34614789583,decay
33.03,0.38097084881,0.187110962928,0.528043267916,0.181579706424,-0.193859885881,-0.346463561492,decay
33.04,0.380896575736,0.187096106365,0.528315418987,0.181563637416,-0.193800469371,-0.346751781571,decay
33.05,0.380840528623,0.187081268192,0.528563594281,0.181547480574,-0.193759260431,-0.347016113707,decay
33.06,0.380799314683,0.187066451786,0.52879333692,0.181531238758,-0.193732862897,-0.347262098162,decay
33.07,0.380768223146,0.187051660733,0.529012041699,0.181514916454,-0.193716562414,-0.347497125245,decay
33.08,0.380741935873,0.187036898789,0.529228749375,0.18149851958,-0.193705037085,-0.347730229795,decay
33.09,0.380715121483,0.187022169749,0.529453930299,0.181482055214,-0.193692951735,-0.347971875085,decay
33.1,0.380682852276,0.187007477277,0.529699127878,0.181465531309,-0.193675374999,-0.348233596569,decay
33.11,0.38064084089,0.186992824727,0.529976357968,0.18144895644,-0.193648016163,-0.348527401528,decay
33.12,0.380585702159,0.186978214947,0.53029736434,0.181432339574,-0.193607487211,-0.348865024766,decay
33.13,0.380515336021,0.186963650065,0.530672951848,0.181415689865,-0.193551685957,-0.349257261983,decay
33.14,0.380429229634,0.186949131254,0.531112580784,0.181399016451,-0.19348009838,-0.349713564334,decay
33.15,0.380328576851,0.186934658473,0.531624235828,0.18138232827,-0.193393918378,-0.350241907557,decay
33.16,0.380216294006,0.18692023019,0.532214356895,0.181365633919,-0.193296063816,-0.350848722975,decay
33.17,0.380096816576,0.186905843137,0.532887614955,0.181348941693,-0.193190973439,-0.351538673262,decay
33.18,0.379975538208,0.186891492133,0.533646572669,0.18133225991,-0.193084046074,-0.352314312759,decay
33.19,0.379858082646,0.18687716995,0.534491454052,0.181315597446,-0.192980912697,-0.353175856606,decay
33.2,0.37974963468,0.186862867147,0.535420210248,0.181298964337,-0.192886767533,-0.354121245911,decay
33.21,0.379654345586,0.186848571878,0.536428899267,0.181282372399,-0.192805773709,-0.355146526868,decay
33.22,0.379574901304,0.186834269649,0.537512189212,0.181265835877,-0.192740631655,-0.356246353336,decay
33.23,0.379512451438,0.186819943034,0.538663678787,0.181249372107,-0.192692508404,-0.35741430668,decay
33.24,0.379466847883,0.186805571345,0.539875889509,0.181233002227,-0.192661276538,-0.358642887282,decay
33.25,0.379436941104,0.186791130258,0.541140128113,0.181216751925,-0.192645810846,-0.359923376187,decay
33.26,0.379420889341,0.186776591538,0.542446517096,0.181200652054,-0.192644297802,-0.361245865042,decay
33.27,0.379416554571,0.186761923315,0.543784201741,0.18118473859,-0.192654631256,-0.362599463151,decay
33.28,0.379421827141,0.186747091254,0.545141525479,0.181169051498,-0.192674735887,-0.363972473981,decay
33.29,0.379434761129,0.186732060404,0.546506162226,0.181153632807,-0.192702700725,-0.365352529419,decay
33.3,0.379453715366,0.186716797276,0.547865407677,0.181138524399,-0.192736918089,-0.366726883278,decay
33.31,0.379477533038,0.186701272023,0.549206749811,0.181123765713,-0.192776261015,-0.368082984098,decay
33.32,0.379505510436,0.186685460721,0.550518680156,0.181109391336,-0.192820049715,-0.36940928882,decay
33.33,0.37953716563,0.186669347823,0.551791564776,0.181095428421,-0.192867817806,-0.370696136355,decay
33.34,0.379572023324,0.186652928809,0.553018265203,0.1810818939,-0.192919094515,-0.371936371302,decay
33.35,0.37960943186,0.186636213088,0.5541941895,0.181068791426,-0.192973218773,-0.373125398075,decay
33.36,0.379648423314,0.186619226728,0.555316601589,0.181056108462,-0.193029196585,-0.374260493127,decay
33.37,0.379687804171,0.1866020136,0.556383302912,0.181043814922,-0.193085790571,-0.375339487989,decay
33.38,0.379726475514,0.186584633842,0.557391077173,0.181031864419,-0.193141841672,-0.376359212754,decay
33.39,0.379763694167,0.186567160459,0.558334403171,0.181020197324,-0.193196533708,-0.377314205847,decay
33.4,0.379799155611,0.186549675485,0.559204911501,0.181008744203,-0.193249480126,-0.378196167297,decay
33.41,0.379833021019,0.186532266258,0.559991797416,0.180997429084,-0.193300754761,-0.378994368332,decay
33.42,0.37986584495,0.186515021786,0.560682939593,0.180986172559,-0.193350823164,-0.379696767034,decay
33.43,0.379898309158,0.186498029119,0.561266317458,0.180974894804,-0.19340028004,-0.380291422654,decay
33.44,0.379930972393,0.186481369642,0.561731566744,0.180963518572,-0.193449602751,-0.380768048171,decay
33.45,0.379964216111,0.186465115229,0.562071610812,0.18095197224,-0.193499100882,-0.381119638572,decay
33.46,0.379998283471,0.186449324536,0.562284165311,0.180940192653,-0.193548958934,-0.381343972658,decay
33.47,0.380033387407,0.186434040598,0.562372837801,0.18092812691,-0.193599346809,-0.381444710891,decay
33.48,0.380069892185,0.18641929056,0.56234750821,0.180915732406,-0.193650601626,-0.381431775804,decay
33.49,0.380108299323,0.186405086853,0.562223803872,0.180902975689,-0.19370321247,-0.381320828183,decay
33.5,0.380148864537,0.186391428565,0.562021900375,0.180889831107,-0.193757435972,-0.381132069269,decay
33.51,0.380191155406,0.186378302502,0.561765103747,0.180876279641,-0.193812852905,-0.380888824105,decay
33.52,0.380233924478,0.186365683925,0.561478411629,0.180862307934,-0.193868240552,-0.380616103695,decay
33.53,0.380275273959,0.186353536969,0.561186951753,0.180847907509,-0.19392173699,-0.380339044244,decay
33.54,0.380313018773,0.186341814754,0.560914244264,0.180833074181,-0.193971204019,-0.380081170084,decay
33.55,0.38034531735,0.18633045921,0.560680389249,0.18081780763,-0.19401485814,-0.379862581619,decay
33.56,0.380371325223,0.186319400842,0.560500302538,0.180802111119,-0.194051924382,-0.379698191419,decay
33.57,0.380391354861,0.186308559151,0.56038225954,0.180785991201,-0.19408279571,-0.379596268339,decay
33.58,0.380406462058,0.186297844267,0.560327170632,0.180769457339,-0.19410861779,-0.379557713293,decay
33.59,0.380417781884,0.186287159429,0.560328794051,0.180752521485,-0.194130622455,-0.379576272566,decay
33.6,0.380425864387,0.186276403654,0.560374737491,0.180735197753,-0.194149460733,-0.379639539737,decay
33.61,0.380430306875,0.18626547436,0.560447989991,0.180717502219,-0.194164832515,-0.379730487772,decay
33.62,0.380429998219,0.186254269977,0.560528684998,0.180699452843,-0.194175728242,-0.379829232155,decay
33.63,0.380423836298,0.186242692619,0.560595789004,0.180681069528,-0.194181143678,-0.379914719477,decay
33.64,0.380411430295,0.186230650886,0.560628612337,0.180662374288,-0.194180779409,-0.379966238049,decay
33.65,0.380393497087,0.186218062855,0.560608204977,0.180643391536,-0.194175434232,-0.379964813441,decay
33.66,0.380371892151,0.186204858998,0.56051856896,0.180624148403,-0.194167033153,-0.379894420557,decay
33.67,0.380349192902,0.186190983982,0.560347446733,0.180604674798,-0.19415820892,-0.379742771935,decay
33.68,0.380327918051,0.186176396595,0.560086600639,0.180585003015,-0.194151521456,-0.379501597624,decay
33.69,0.380309804003,0.186161068428,0.559731810493,0.180565167008,-0.194148735575,-0.379166643485,decay
33.7,0.380295439336,0.18614498243,0.559282861422,0.180545201623,-0.194150456905,-0.378737659799,decay
33.71,0.380284130328,0.186128131792,0.558743674797,0.180525141871,-0.194155998536,-0.378218532926,decay
33.72,0.380273879901,0.186110519178,0.558122691281,0.180505022234,-0.194163360723,-0.377617669047,decay
33.73,0.380261597923,0.186092156308,0.557433387269,0.180484875994,-0.194169441615,-0.376948511275,decay
33.74,0.38024354395,0.186073063863,0.556694418579,0.180464734549,-0.194170480087,-0.37622968403,decay
33.75,0.380215883815,0.186053271731,0.555928917557,0.180444626713,-0.194162612084,-0.375484290844,decay
33.76,0.380175328592,0.18603281936,0.555162927815,0.180424578046,-0.194142509232,-0.374738349769,decay
33.77,0.380119735138,0.186011755558,0.554423340024,0.180404610429,-0.19410797958,-0.374018729595,decay
33.78,0.380048464275,0.185990137221,0.553735835569,0.180384742056,-0.194058327053,-0.373351093513,decay
33.79,0.379962522032,0.185968027345,0.553123299731,0.180364987687,-0.193994494687,-0.372758312044,decay
33.8,0.379864631899,0.185945492953,0.552604903647,0.180345358933,-0.193919138945,-0.372259544714,decay
33.81,0.379759167567,0.185922603197,0.552195716633,0.180325864478,-0.19383656437,-0.371869852155,decay
33.82,0.37965180984,0.185899427593,0.551906652208,0.180306510212,-0.193752382247,-0.371600141996,decay
33.83,0.379549066744,0.185876034352,0.5517447263,0.180287299292,-0.193673032392,-0.371457427008,decay
33.84,0.379457848381,0.185852488769,0.551713572676,0.180268232128,-0.193605359612,-0.371445340548,decay
33.85,0.379384972784,0.185828851609,0.551813979962,0.180249306279,-0.193556121175,-0.371564673684,decay
33.86,0.379336497143,0.185805177637,0.552044221453,0.180230516347,-0.193531319506,-0.371813705106,decay
33.87,0.379317106574,0.185781514762,0.552399980096,0.180211854056,-0.193535591811,-0.37218812604,decay
33.88,0.379329730534,0.185757904161,0.552873715967,0.180193308674,-0.193571826372,-0.372680407294,decay
33.89,0.379375385161,0.185734381075,0.553453703712,0.180174867688,-0.193641004086,-0.373278836024,decay
33.9,0.379453359154,0.185710975739,0.554123311954,0.180156517509,-0.193742383416,-0.373966794445,decay
33.91,0.379561721159,0.185687714235,0.554860932717,0.180138244139,-0.193874006923,-0.374722688578,decay
33.92,0.379697802514,0.185664619247,0.555640614583,0.180120033818,-0.194033183267,-0.375520580764,decay
33.93,0.379858462987,0.185641710719,0.556433201152,0.180101873645,-0.194216752268,-0.376331327507,decay
33.94,0.380040245946,0.185619006443,0.557207672887,0.180083752204,-0.194421239503,-0.377123920683,decay
33.95,0.380239434487,0.185596522551,0.557932551986,0.180065660197,-0.194642911936,-0.377866891788,decay
33.96,0.380451927832,0.18557427395,0.55857749595,0.180047591035,-0.194877653882,-0.378529904914,decay
33.97,0.38067310182,0.185552274719,0.559115247929,0.180029541173,-0.1951208271,-0.379085706757,decay
33.98,0.380897902221,0.185530538504,0.559523858462,0.180011510038,-0.195367363717,-0.379512348424,decay
33.99,0.381121137841,0.185509078884,0.55978875337,0.179993499684,-0.195612058958,-0.379795253686,decay
34,0.381337855688,0.185487909695,0.559904089425,0.179975514368,-0.195849945993,-0.379928575057,decay
34.01,0.381543854868,0.185467045282,0.559873023237,0.179957560159,-0.196076809587,-0.379915463078,decay
34.02,0.381736301887,0.185446500687,0.559706859711,0.179939644567,-0.1962898012,-0.379767215144,decay
34.03,0.381914166946,0.185426291776,0.559423290926,0.17992177618,-0.19648787517,-0.379501514746,decay
34.04,0.382078304845,0.185406435289,0.559044010001,0.179903964322,-0.196671869557,-0.379140045679,decay
34.05,0.382231225939,0.18538694883,0.558592001146,0.179886218694,-0.196844277109,-0.378705782452,decay
34.06,0.382376589051,0.185367850766,0.558088868533,0.179868549023,-0.197008738284,-0.37822031951,decay
34.07,0.382518495581,0.185349160001,0.557552685096,0.179850964696,-0.19716933558,-0.3777017204,decay
34.08,0.382660817234,0.185330895594,0.556996811502,0.179833474381,-0.19732992164,-0.377163337122,decay
34.09,0.382806647315,0.185313076226,0.556429774692,0.179816085628,-0.197493571089,-0.376613689064,decay
34.1,0.382957701216,0.185295719544,0.555855908049,0.179798804431,-0.197661981671,-0.376057103618,decay
34.11,0.383113688777,0.185278841371,0.555276310943,0.17978163474,-0.197834847406,-0.375494676203,decay
34.12,0.383272076692,0.185262454766,0.554689640805,0.179764577909,-0.198009621926,-0.374925062896,decay
34.13,0.383428476215,0.185246568934,0.554092361639,0.179747632083,-0.198181907282,-0.374344729556,decay
34.14,0.383577476167,0.185231187934,0.553478537637,0.1797307915,-0.198346288233,-0.373747746136,decay
34.15,0.383713776168,0.185216309196,0.552839743571,0.179714045707,-0.198497466972,-0.373125697864,decay
34.16,0.383833416869,0.18520192206,0.552165576035,0.179697378839,-0.198631494809,-0.372468197196,decay
34.17,0.383934526408,0.185188007154,0.55144470254,0.179680769486,-0.198746519254,-0.371763933055,decay
34.18,0.384017205848,0.18517453721,0.550666079336,0.179664191524,-0.198842668638,-0.371001887811,decay
34.19,0.384082799457,0.185161478881,0.549820146134,0.179647615655,-0.198921320576,-0.37017253048,decay
34.2,0.384132889847,0.18514879472,0.548900053143,0.179631011115,-0.198984095128,-0.369269042028,decay
34.21,0.384168248995,0.185136445031,0.54790293652,0.179614347393,-0.199031803964,-0.368288589126,decay
34.22,0.384188164896,0.185124389585,0.546831050242,0.179597595948,-0.199063775311,-0.367233454294,decay
34.23,0.384190506584,0.185112589243,0.545692446552,0.17958073198,-0.199077917341,-0.366111714572,decay
34.24,0.384172363913,0.185101007522,0.544500984385,0.17956373628,-0.199071356391,-0.364937248105,decay
34.25,0.384130852522,0.185089612146,0.543275669537,0.179546597195,-0.199041240376,-0.363729072342,decay
34.26,0.384063943568,0.185078376413,0.542039425227,0.179529312482,-0.198985567155,-0.362510112745,decay
34.27,0.383971200246,0.185067279865,0.540817285743,0.179511890238,-0.198903920381,-0.361305395506,decay
34.28,0.383854089856,0.185056307841,0.539634040871,0.179494348314,-0.198797782016,-0.360139692557,decay
34.29,0.383715805066,0.185045450227,0.538511704057,0.179476712668,-0.198670354839,-0.359034991389,decay
34.3,0.383560849352,0.185034699996,0.537467399752,0.179459015481,-0.198526149356,-0.358008384271,decay
34.31,0.38339442596,0.185024051738,0.536512115037,0.179441293372,-0.198370374222,-0.357070821665,decay
34.32,0.383221578435,0.185013500192,0.535650522291,0.1794235857,-0.198208078243,-0.356226936591,decay
34.33,0.383046378205,0.185003038757,0.534881844813,0.17940593291,-0.198043339448,-0.355475911903,decay
34.34,0.382871513185,0.184992657953,0.534201575294,0.179388374894,-0.197878855232,-0.3548132004,decay
34.35,0.382698341302,0.184982343814,0.533603725487,0.179370949333,-0.197715997488,-0.354232776155,decay
34.36,0.382527365156,0.184972076412,0.533082985261,0.179353690138,-0.197555288744,-0.353729295123,decay
34.37,0.3823589894,0.184961829143,0.532636128732,0.179336626462,-0.197397160258,-0.353299502269,decay
34.38,0.382194127708,0.184951569282,0.532262449,0.179319782642,-0.197242558426,-0.352942666358,decay
34.39,0.382034270547,0.184941259445,0.531963420501,0.179303178755,-0.197093011101,-0.352660241746,decay
34.4,0.381881157407,0.184930859279,0.531741921486,0.179286831306,-0.196950298128,-0.35245509018,decay
34.41,0.381736416009,0.184920327151,0.531601217863,0.179270753799,-0.196816088857,-0.352330464065,decay
34.42,0.381601247471,0.184909621835,0.531543725406,0.179254957201,-0.196691625636,-0.352288768205,decay
34.43,0.381476196041,0.18489870424,0.531569670693,0.179239450307,-0.196577491801,-0.352330220385,decay
34.44,0.381361219162,0.184887539215,0.53167599485,0.179224239988,-0.196473679947,-0.352451754862,decay
34.45,0.381256020396,0.184876097471,0.531855887959,0.17920933134,-0.196379922925,-0.352646556619,decay
34.46,0.381160301653,0.184864357386,0.532099200796,0.17919472775,-0.196295944266,-0.352904473045,decay
34.47,0.381073801443,0.1848523059,0.532393612685,0.179180430919,-0.196221495544,-0.353213181766,decay
34.48,0.380996174774,0.184839937884,0.532725991133,0.179166440879,-0.19615623689,-0.353559550255,decay
34.49,0.380926690869,0.184827254468,0.533083309355,0.179152755985,-0.196099436401,-0.35393055337,decay
34.5,0.38086387864,0.184814261148,0.533452903082,0.179139372825,-0.196049617492,-0.354313530257,decay
34.51,0.380805474279,0.184800966024,0.533822361008,0.179126286021,-0.196004508254,-0.354696074987,decay
34.52,0.380748785887,0.184787378143,0.534179590597,0.179113487928,-0.195961407744,-0.355066102669,decay
34.53,0.380691198565,0.184773505945,0.534513485497,0.179100968227,-0.19591769262,-0.355412517271,decay
34.54,0.380630628084,0.184759355765,0.53481521375,0.179088713389,-0.195871272319,-0.355726500362,decay
34.55,0.380565961199,0.184744930381,0.535079677186,0.179076706036,-0.195821030817,-0.35600297115,decay
34.56,0.380497352707,0.18473022773,0.5353064525,0.179064924284,-0.195767124976,-0.356241528215,decay
34.57,0.38042617001,0.18471524029,0.53549971239,0.17905334147,-0.19571092972,-0.35644637092,decay
34.58,0.380354685876,0.18469995549,0.535667165013,0.179041926534,-0.195654730386,-0.356625238479,decay
34.59,0.380285654291,0.184684356872,0.535818539866,0.179030644867,-0.195601297419,-0.356787894999,decay
34.6,0.380221668756,0.1846684255,0.535964280881,0.179019459233,-0.195553243256,-0.356944821648,decay
34.61,0.380164399334,0.184652141427,0.536114851366,0.179008330633,-0.195512257907,-0.357106520733,decay
34.62,0.380114118734,0.184635485227,0.536280524671,0.178997219113,-0.195478633507,-0.357283305557,decay
34.63,0.380069707294,0.184618439633,0.536471142491,0.178986084551,-0.19545126766,-0.357485057939,decay
34.64,0.380028966577,0.184600991292,0.536695429233,0.178974887426,-0.195427975284,-0.357720541807,decay
34.65,0.379989084774,0.184583132685,0.536959860395,0.178963589609,-0.195405952089,-0.357996270786,decay
34.66,0.379947187635,0.184564863974,0.53726744199,0.178952155114,-0.19538232366,-0.358315286877,decay
34.67,0.379900805802,0.184546193987,0.537616931649,0.178940550569,-0.195354611814,-0.35867638108,decay
34.68,0.379848148535,0.184527139727,0.538003011748,0.178928745255,-0.195321008808,-0.359074266492,decay
34.69,0.379788312371,0.184507724879,0.538417637095,0.178916710852,-0.195280587491,-0.359500926243,decay
34.7,0.379721436672,0.184487978135,0.5388522252,0.178904421152,-0.195233458537,-0.359947804048,decay
34.71,0.379648594552,0.184467931656,0.539300005358,0.178891851865,-0.195180662896,-0.360408153493,decay
34.72,0.379571444851,0.184447619678,0.539757957933,0.17887898051,-0.195123825173,-0.360878977424,decay
34.73,0.379491853652,0.18442707722,0.540227925921,0.178865786407,-0.195064776432,-0.361362139515,decay
34.74,0.37941147072,0.184406338875,0.540716585036,0.178852250779,-0.195005131846,-0.361864334256,decay
34.75,0.379331283912,0.184385437652,0.541234271378,0.178838356958,-0.19494584626,-0.36239591442,decay
34.76,0.379251416029,0.184364403945,0.541792961697,0.178824090653,-0.194887012084,-0.362968871044,decay
34.77,0.379171204618,0.184343264939,0.542403861366,0.178809440087,-0.194827939679,-0.363594421279,decay
34.78,0.379089324231,0.184322044677,0.543075256919,0.17879439588,-0.194767279554,-0.364280861039,decay
34.79,0.379003920296,0.184300764589,0.543811305509,0.178778950768,-0.194703155707,-0.365032354741,decay
34.8,0.378912905344,0.184279444164,0.544612010284,0.178763099371,-0.19463346118,-0.365848910913,decay
34.81,0.378814354082,0.18425810161,0.545474065072,0.178746838084,-0.194556252472,-0.366727226988,decay
34.82,0.378706894186,0.184236754504,0.546391973902,0.178730165098,-0.194470139682,-0.367661808804,decay
34.83,0.378590256039,0.184215420446,0.547358974223,0.178713080551,-0.194374835593,-0.368645893672,decay
34.84,0.378465954691,0.1841941177,0.548367554671,0.178695586818,-0.194271836992,-0.369671967853,decay
34.85,0.378337637003,0.184172865857,0.549409526578,0.178677688933,-0.194164771147,-0.370731837645,decay
34.86,0.378210873802,0.184151686428,0.550475736676,0.178659395058,-0.194059187374,-0.371816341617,decay
34.87,0.378092620849,0.184130603153,0.551555553582,0.178640716686,-0.193962017696,-0.372914836897,decay
34.88,0.377990440337,0.184109641851,0.552636229205,0.178621668326,-0.193880798486,-0.374014560879,decay
34.89,0.377911532044,0.184088829927,0.553702307758,0.178602266872,-0.193822702118,-0.375100040886,decay
34.9,0.377861925025,0.184068195776,0.554735335158,0.17858253094,-0.19379372925,-0.376152804219,decay
34.91,0.377846029497,0.184047768149,0.5557140707,0.178562480317,-0.193798261348,-0.377151590383,decay
34.92,0.377866372807,0.184027575485,0.556615372213,0.178542135515,-0.193838797322,-0.378073236698,decay
34.93,0.377923475747,0.184007645181,0.557415920308,0.178521517406,-0.193915830565,-0.378894402903,decay
34.94,0.378016009451,0.183988002791,0.558094702192,0.178500646947,-0.194028006661,-0.379594055245,decay
34.95,0.378141128116,0.183968671124,0.55863573167,0.178479544972,-0.194172456992,-0.380156186698,decay
34.96,0.378294730419,0.183949669363,0.559030203734,0.178458232053,-0.194345061055,-0.380571971681,decay
34.97,0.378471665472,0.183931012547,0.559277333839,0.178436728471,-0.194540652925,-0.380840605368,decay
34.98,0.37866599197,0.183912711713,0.559383486506,0.178415054308,-0.194753280257,-0.380968432198,decay
34.99,0.378871133843,0.183894774479,0.559359810432,0.178393229649,-0.194976359365,-0.380966580783,decay
35,0.37907984026,0.183877205647,0.559219252919,0.178371274834,-0.195202634614,-0.380847978085,decay
35.01,0.379284231136,0.183860007699,0.558974085562,0.17834921076,-0.195424223438,-0.380624874802,decay
35.02,0.379476100994,0.183843181156,0.558634698066,0.178327059223,-0.195632919838,-0.380307638843,decay
35.03,0.379647353353,0.183826724814,0.558209790022,0.178304843301,-0.19582062854,-0.379904946722,decay
35.04,0.37979054986,0.183810635859,0.55770764591,0.178282587778,-0.195979914001,-0.379425058132,decay
35.05,0.379899565616,0.183794909868,0.557137864045,0.178260319618,-0.196104655748,-0.378877544427,decay
35.06,0.379970085518,0.183779540731,0.556512765498,0.178238068397,-0.196190544787,-0.378274697101,decay
35.07,0.379999769695,0.183764520672,0.555847945653,0.178215866482,-0.196235249023,-0.377632079171,decay
35.08,0.379988187876,0.183749840462,0.55516185019,0.178193748767,-0.196238347413,-0.376968101424,decay
35.09,0.379936574422,0.183735489758,0.554474533697,0.178171752082,-0.196201084663,-0.376302781615,decay
35.1,0.379847403012,0.183721457408,0.553805897496,0.178149914513,-0.196125945605,-0.375655982983,decay
35.11,0.379724040394,0.183707731665,0.553173795919,0.178128274696,-0.196016308729,-0.375045521224,decay
35.12,0.379570772476,0.183694300318,0.552592375735,0.178106871079,-0.195876472159,-0.374485504656,decay
35.13,0.379393004589,0.183681150726,0.552070893803,0.178085741139,-0.195711853863,-0.373985152663,decay
35.14,0.379197245225,0.183668269784,0.551613244009,0.178064920516,-0.19552897544,-0.373548323493,decay
35.15,0.378990860655,0.183655643806,0.551218369399,0.178044442051,-0.195335216849,-0.373173927348,decay
35.16,0.378781671823,0.183643258365,0.5508813962,0.178024334821,-0.195138413458,-0.37285706138,decay
35.17,0.378577300155,0.183631098242,0.550595035145,0.178004623487,-0.194946201913,-0.372590411658,decay
35.18,0.378384420293,0.183619147548,0.550350834466,0.177985328221,-0.194765272745,-0.372365506245,decay
35.19,0.378208285077,0.183607389985,0.550140036002,0.17796646498,-0.194600895093,-0.372173571022,decay
35.2,0.378052590508,0.183595809098,0.549953988167,0.177948045785,-0.19445678141,-0.372005942382,decay
35.21,0.377919550896,0.183584388487,0.549784259536,0.177930078838,-0.19433516241,-0.371854180699,decay
35.22,0.377810200929,0.183573111969,0.54962257522,0.177912568459,-0.19423708896,-0.371710006761,decay
35.23,0.377724876686,0.18356196371,0.54946059402,0.177895514864,-0.194162912976,-0.371565079156,decay
35.24,0.377663564314,0.183550928318,0.549289614983,0.177878913747,-0.194112635996,-0.371410701237,decay
35.25,0.377625967975,0.183539990919,0.549100435931,0.177862755685,-0.194085977056,-0.371237680246,decay
35.26,0.377611537093,0.183529137195,0.548883560906,0.177847025519,-0.194082399898,-0.371036535387,decay
35.27,0.377619557766,0.183518353363,0.548629756479,0.177831702227,-0.194101204403,-0.370798054252,decay
35.28,0.37764913416,0.183507626058,0.548330788004,0.177816759691,-0.194141508102,-0.370514028314,decay
35.29,0.377699139398,0.183496942162,0.547980152786,0.177802168081,-0.194202197236,-0.370177984705,decay
35.3,0.377768377117,0.183486288592,0.547573671821,0.177787895325,-0.194282088525,-0.369785776496,decay
35.31,0.377855819179,0.183475652088,0.547109838563,0.177773908476,-0.19438016709,-0.369335930087,decay
35.32,0.377960665415,0.183465018986,0.546589886203,0.17776017498,-0.19449564643,-0.368829711223,decay
35.33,0.37808227879,0.183454374975,0.54601757494,0.17774666389,-0.194627903816,-0.36827091105,decay
35.34,0.378220077554,0.183443704854,0.545398684284,0.177733347027,-0.194776372701,-0.367665337257,decay
35.35,0.37837332243,0.183432992269,0.544740257756,0.177720200141,-0.194940330161,-0.367020057615,decay
35.36,0.378540861533,0.183422219486,0.544049806073,0.177707203932,-0.195118642047,-0.366342602142,decay
35.37,0.37872097751,0.183411367331,0.543334690857,0.177694344513,-0.195309610179,-0.365640346344,decay
35.38,0.378911293569,0.183400415409,0.542601817953,0.177681612989,-0.19551087816,-0.364920204964,decay
35.39,0.379108701652,0.183389342521,0.541857847525,0.177669004395,-0.195719359131,-0.36418884313,decay
35.4,0.379309523707,0.183378127169,0.541110051935,0.177656516464,-0.195931396538,-0.363453535471,decay
35.41,0.379509939579,0.183366748076,0.540367433696,0.177644148385,-0.196143191503,-0.362723285311,decay
35.42,0.379706296454,0.183355184761,0.539641438332,0.177631899552,-0.196351111693,-0.36200953878,decay
35.43,0.379895077715,0.183343418154,0.538945944707,0.177619768291,-0.196551659561,-0.361326176416,decay
35.44,0.380072715675,0.183331431292,0.538296608595,0.17760775054,-0.196741284383,-0.360688858055,decay
35.45,0.38023541639,0.183319210087,0.537709765104,0.177595838453,-0.196916206302,-0.360113926651,decay
35.46,0.380379140261,0.183306744078,0.537201161373,0.177584019108,-0.197072396183,-0.359617142265,decay
35.47,0.380499936841,0.183294026754,0.536784810589,0.177572273842,-0.197205910087,-0.359212536747,decay
35.48,0.380594480824,0.183281055174,0.536472164768,0.177560578625,-0.19731342565,-0.358911586144,decay
35.49,0.380660428648,0.183267829097,0.536271651649,0.177548905184,-0.197392599551,-0.358722746466,decay
35.5,0.380696566491,0.183254350033,0.536188481081,0.177537222296,-0.197442216458,-0.358651258785,decay
35.51,0.380702950309,0.183240620368,0.536224563793,0.177525497054,-0.19746232994,-0.358699066738,decay
35.52,0.380680985514,0.183226642574,0.536378427387,0.177513696107,-0.19745434294,-0.358864731279,decay
35.53,0.380633249777,0.183212418472,0.536645150278,0.177501786906,-0.197420831305,-0.359143363372,decay
35.54,0.380563157432,0.18319794856,0.53701642544,0.177489738977,-0.197365208872,-0.359526686464,decay
35.55,0.380474698491,0.183183231371,0.537480728086,0.17747752526,-0.19729146712,-0.360003202826,decay
35.56,0.380372241801,0.183168262944,0.538023485075,0.177465123389,-0.197203978857,-0.360558361686,decay
35.57,0.380260420211,0.183153036626,0.538627442966,0.177452516497,-0.197107383585,-0.361174926469,decay
35.58,0.380144267872,0.18313754338,0.539273593121,0.177439693222,-0.197006724492,-0.361833899899,decay
35.59,0.380029437624,0.183121772472,0.539942610868,0.177426647189,-0.196907665151,-0.362515963679,decay
35.6,0.379922083174,0.183105712311,0.540616295947,0.177413376408,-0.196816370863,-0.363202919539,decay
35.61,0.379828408256,0.183089351347,0.541278467782,0.177399882783,-0.196739056909,-0.363878584999,decay
35.62,0.379754203716,0.183072679048,0.541915052896,0.177386171742,-0.196681524668,-0.364528881155,decay
35.63,0.379704492739,0.183055686969,0.542513499346,0.177372251977,-0.19664880577,-0.36514124737,decay
35.64,0.379683263453,0.183038369925,0.543062018995,0.177358135288,-0.196644893528,-0.365703883707,decay
35.65,0.379693352064,0.183020727308,0.543549183467,0.177343836535,-0.196672624756,-0.366205346932,decay
35.66,0.379736479197,0.183002764359,0.543964106748,0.177329373628,-0.196733714838,-0.36663473312,decay
35.67,0.379813315691,0.182984492861,0.544297135761,0.177314767418,-0.19682882283,-0.366982368342,decay
35.68,0.379923586689,0.18296593081,0.544540781178,0.177300041353,-0.19695765588,-0.367240739825,decay
35.69,0.380066289669,0.182947101399,0.544690629794,0.177285220977,-0.19711918827,-0.367405408817,decay
35.7,0.380239796445,0.182928031887,0.544746057777,0.177270333429,-0.197311764558,-0.367475724348,decay
35.71,0.380441602068,0.182908752576,0.544710577063,0.177255406977,-0.197532849492,-0.367455170086,decay
35.72,0.380667997206,0.182889295901,0.544591668558,0.177240470594,-0.197778701304,-0.367351197965,decay
35.73,0.380914038511,0.182869695606,0.544400008604,0.177225553547,-0.198044342904,-0.367174455057,decay
35.74,0.381173789965,0.182849985979,0.544148175898,0.177210685002,-0.198323803986,-0.366937490897,decay
35.75,0.381440724903,0.18283020114,0.543849266053,0.177195893614,-0.198610523764,-0.366653372439,decay
35.76,0.381708200413,0.182810374381,0.543515974023,0.17718120714,-0.198897826033,-0.366334766884,decay
35.77,0.381969691889,0.182790537651,0.543160396805,0.177166652162,-0.199179154238,-0.365993744643,decay
35.78,0.382218633809,0.182770721238,0.54279434185,0.177152253999,-0.199447912571,-0.365642087851,decay
35.79,0.382448217429,0.182750953583,0.5424295915,0.177138036733,-0.199697263846,-0.365291554767,decay
35.8,0.38265150365,0.182731261105,0.542077567498,0.177124023231,-0.199920242545,-0.364953544267,decay
35.81,0.382821796889,0.182711667989,0.541748336656,0.177110235104,-0.2001101289,-0.364638101552,decay
35.82,0.38295315025,0.182692195916,0.541449479397,0.177096692593,-0.200260954335,-0.364352786804,decay
35.83,0.383041044619,0.18267286373,0.541185386088,0.177083414381,-0.200368180889,-0.364101971707,decay
35.84,0.383083072602,0.182653687034,0.540957165128,0.177070417319,-0.200429385569,-0.363886747809,decay
35.85,0.383079219022,0.182634677688,0.540763053296,0.177057716047,-0.200444541334,-0.363705337249,decay
35.86,0.383031671571,0.182615843347,0.540599143234,0.177045322575,-0.200415828224,-0.36355382066,decay
35.87,0.382944425066,0.182597187366,0.540460119172,0.177033245926,-0.2003472377,-0.363426873246,decay
35.88,0.382822793368,0.18257870939,0.540339608298,0.177021491987,-0.200244083978,-0.363318116312,decay
35.89,0.382672853211,0.182560406388,0.54023005334,0.177010063439,-0.200112446824,-0.363219989901,decay
35.9,0.382500892242,0.182542273784,0.540122387354,0.176998959638,-0.199958618459,-0.363123427716,decay
35.91,0.382312837293,0.182524306528,0.540005771991,0.176988176359,-0.199788530765,-0.363017595632,decay
35.92,0.38211371547,0.182506500119,0.539867509952,0.176977705405,-0.19960721535,-0.362889804546,decay
35.93,0.381907467644,0.182488851593,0.539693307438,0.176967534075,-0.199418616051,-0.362725773363,decay
35.94,0.381697296927,0.182471360498,0.539468045893,0.176957644475,-0.199225936428,-0.362510401419,decay
35.95,0.381486240746,0.182454029865,0.53917695497,0.17694801268,-0.199032210881,-0.36222894229,decay
35.96,0.381277579264,0.182436867039,0.538806899518,0.176938607909,-0.198840712225,-0.36186829161,decay
35.97,0.38107505283,0.182419883905,0.538347511962,0.176929392284,-0.198655168925,-0.361418119678,decay
35.98,0.380882885588,0.182403096126,0.537791954839,0.176920321606,-0.198479789462,-0.360871633233,decay
35.99,0.380705419668,0.182386521677,0.537137221246,0.176911346839,-0.198318897991,-0.360225874407,decay
36,0.380546424529,0.182370179144,0.536384114676,0.176902415748,-0.198176245385,-0.359481698928,decay
36.01,0.380408459494,0.18235408595,0.53553714509,0.176893474486,-0.198054373543,-0.358643670604,decay
36.02,0.380292528404,0.18233825652,0.534604429397,0.176884469138,-0.197954271884,-0.357719960258,decay
36.03,0.380198168624,0.182322700318,0.533597543002,0.176875347276,-0.197875468306,-0.356722195726,decay
36.04,0.380124140344,0.182307419758,0.532531250506,0.17686605954,-0.197816720586,-0.355665190967,decay
36.05,0.380069512921,0.182292407919,0.531423102761,0.176856561312,-0.197777105003,-0.354566541449,decay
36.06,0.380034558734,0.182277646389,0.530292952126,0.176846814289,-0.197756912346,-0.353446137837,decay
36.07,0.380021045874,0.182263104237,0.529162340085,0.176836787353,-0.197757941638,-0.352325552732,decay
36.08,0.380031895806,0.182248738889,0.528053534357,0.176826456281,-0.197783156917,-0.351227078076,decay
36.09,0.380070309986,0.182234498332,0.526988065441,0.176815802661,-0.197835811653,-0.35017226278,decay
36.1,0.380138581659,0.182220323607,0.525984975925,0.176804812676,-0.197918258052,-0.349180163249,decay
36.11,0.380237053938,0.182206151201,0.525059329165,0.176793476015,-0.198030902737,-0.34826585315,decay
36.12,0.380363663088,0.182191915352,0.52422147807,0.176781784934,-0.198171747735,-0.347439693136,decay
36.13,0.380514092681,0.182177550318,0.523477208071,0.17676973343,-0.198336542363,-0.346707474641,decay
36.14,0.38068236855,0.182162992654,0.522828528848,0.176757316544,-0.198519375896,-0.346071212305,decay
36.15,0.380861767665,0.18214818357,0.522274743125,0.176744529765,-0.198713584095,-0.34553021336,decay
36.16,0.381045699731,0.182133071204,0.521813426217,0.176731368569,-0.198912628528,-0.345082057648,decay
36.17,0.381228159608,0.18211761224,0.52144115185,0.176717828167,-0.199110547369,-0.344723323684,decay
36.18,0.38140379231,0.182101772452,0.52115404385,0.176703903551,-0.199302019858,-0.344450140299,decay
36.19,0.381567869755,0.182085526537,0.520948258926,0.176689589773,-0.199482343218,-0.344258669153,decay
36.2,0.381716257149,0.182068857898,0.520820431664,0.176674882358,-0.199647399251,-0.344145549306,decay
36.21,0.381845320211,0.182051758639,0.520768202252,0.176659777837,-0.199793561572,-0.344108424415,decay
36.22,0.381951868977,0.182034229812,0.520790965563,0.176644274388,-0.199917639165,-0.344146691175,decay
36.23,0.38203320409,0.182016281904,0.520890685152,0.176628372604,-0.200016922186,-0.344262312548,decay
36.24,0.382087162784,0.181997935591,0.521072368718,0.1766120764,-0.200089227193,-0.344460292318,decay
36.25,0.382112223602,0.181979222749,0.521343868723,0.176595394075,-0.200133000853,-0.344748474648,decay
36.26,0.382107853343,0.181960187459,0.521714879971,0.176578339351,-0.200147665884,-0.34513654062,decay
36.27,0.382074896094,0.181940886122,0.522195245785,0.176560931829,-0.200134009972,-0.345634313956,decay
36.28,0.382015628843,0.181921386002,0.522792999491,0.176543196424,-0.200094242841,-0.346249803067,decay
36.29,0.381933522779,0.181901762666,0.523512749408,0.176525162104,-0.200031760113,-0.346987587304,decay
36.3,0.381832917444,0.1818820972,0.524354773797,0.176506860502,-0.199950820244,-0.347847913295,decay
36.31,0.381718590729,0.181862473504,0.525314765316,0.176488324621,-0.199856117224,-0.348826440695,decay
36.32,0.381595282755,0.181842975647,0.52638391698,0.176469587638,-0.199752307108,-0.349914329342,decay
36.33,0.381467365446,0.181823685206,0.527548980636,0.176450681759,-0.199643680239,-0.351098298877,decay
36.34,0.381338623898,0.181804678548,0.528792104115,0.176431637116,-0.19953394535,-0.352360466999,decay
36.35,0.381212054384,0.181786023963,0.530090644806,0.176412480672,-0.199426030421,-0.353678164134,decay
36.36,0.381089817659,0.181767778907,0.531417405784,0.176393235237,-0.199322038752,-0.355024170547,decay
36.37,0.380973395532,0.181749988238,0.532741641605,0.176373918975,-0.199223407294,-0.35636772263,decay
36.38,0.380863675205,0.181732684086,0.534030912728,0.176354545684,-0.199130991119,-0.357676367044,decay
36.39,0.380760847,0.181715886833,0.535253634213,0.17633512562,-0.199044960168,-0.358918508593,decay
36.4,0.380664404762,0.18169960622,0.536381916836,0.176315666471,-0.198964798542,-0.360066250366,decay
36.41,0.380573375239,0.181683842192,0.537394044257,0.176296174304,-0.198889533047,-0.361097869953,decay
36.42,0.380486565962,0.181668585455,0.538276013288,0.176276654512,-0.198817980507,-0.361999358777,decay
36.43,0.38040278633,0.181653817764,0.539022037571,0.176257112744,-0.198748968566,-0.362764924827,decay
36.44,0.380321084138,0.181639511936,0.539634256861,0.176237555856,-0.198681572202,-0.363396701004,decay
36.45,0.380240820312,0.181625631603,0.540121840153,0.176217992885,-0.198615188709,-0.363903847269,decay
36.46,0.380161566787,0.18161213089,0.54049956925,0.176198435921,-0.198549435896,-0.364301133329,decay
36.47,0.380083092483,0.181598954603,0.540786075107,0.176178900509,-0.19848413788,-0.364607174597,decay
36.48,0.380005489481,0.181586039381,0.541001999318,0.176159405244,-0.198419450099,-0.364842594074,decay
36.49,0.379929249149,0.181573315518,0.541168384737,0.176139970809,-0.198355933631,-0.365028413928,decay
36.5,0.379855239986,0.181560708875,0.54130557417,0.176120618842,-0.19829453111,-0.365184955328,decay
36.51,0.379784633389,0.181548142709,0.541432650762,0.176101370794,-0.19823649068,-0.365331279968,decay
36.52,0.379718701799,0.181535539423,0.541567119128,0.176082246756,-0.198183162376,-0.365484872372,decay
36.53,0.379658524208,0.181522822295,0.541724569746,0.176063264243,-0.198135701913,-0.365661305504,decay
36.54,0.379604893414,0.181509917232,0.541918373228,0.176044436905,-0.198094976182,-0.365873936323,decay
36.55,0.379558516714,0.18149675459,0.542159570148,0.176025773141,-0.198061762124,-0.366133797007,decay
36.56,0.379520197103,0.18148327092,0.542457069545,0.176007274791,-0.198036926182,-0.366449794754,decay
36.57,0.379490871346,0.181469410098,0.54281810014,0.175988936482,-0.198021461248,-0.366829163658,decay
36.58,0.379471719537,0.181455123399,0.543248615263,0.175970746095,-0.198016596138,-0.367277869168,decay
36.59,0.379464281727,0.181440368905,0.543753357785,0.175952685999,-0.198023912822,-0.367800671786,decay
36.6,0.379470349701,0.181425110841,0.544335556421,0.175934734435,-0.19804523886,-0.368400821987,decay
36.61,0.379491782874,0.181409319107,0.544996303726,0.17591686684,-0.198082463767,-0.369079436887,decay
36.62,0.379530417985,0.181392969027,0.545733543235,0.175899057087,-0.198137448958,-0.369834486148,decay
36.63,0.379587925121,0.181376041313,0.546540778953,0.175881278687,-0.198211883808,-0.370659500266,decay
36.64,0.379665599121,0.181358522263,0.54740609515,0.175863505963,-0.198307076857,-0.371542589188,decay
36.65,0.379764291355,0.181340404187,0.548312164864,0.175845715235,-0.198423887167,-0.372466449629,decay
36.66,0.379884488751,0.181321685949,0.549237402182,0.175827885935,-0.198562802802,-0.373409516247,decay
36.67,0.380026411988,0.181302373251,0.550157824998,0.175810001347,-0.198724038738,-0.374347823652,decay
36.68,0.380190148032,0.181282478364,0.551049043987,0.17579204877,-0.198907669669,-0.375256995217,decay
36.69,0.380375783323,0.181262019525,0.551887976235,0.175774019282,-0.199113763798,-0.376113956952,decay
36.7,0.380583270548,0.181241020395,0.552654108464,0.175755907426,-0.199342250154,-0.376898201037,decay
36.71,0.380811944473,0.181219509724,0.553330341206,0.175737710968,-0.199592434749,-0.377592630238,decay
36.72,0.38106001703,0.181197521244,0.5539035337,0.17571943072,-0.199862495786,-0.37818410298,decay
36.73,0.381324296561,0.181175093757,0.554364762408,0.175701070436,-0.200149202803,-0.378663691972,decay
36.74,0.381600108013,0.181152271431,0.554709233008,0.175682636772,-0.200447836582,-0.379026596236,decay
36.75,0.381881490528,0.181129104287,0.554935891733,0.175664139319,-0.200752386241,-0.379271752414,decay
36.76,0.38216170968,0.181105648697,0.555046866209,0.175645590648,-0.201056060983,-0.379401275561,decay
36.77,0.382433789079,0.181081967305,0.555046811655,0.175627006274,-0.201351821774,-0.37941980538,decay
36.78,0.382690843437,0.181058127927,0.55494222475,0.175608404406,-0.20163271551,-0.379333820345,decay
36.79,0.382926387651,0.18103420173,0.554740870771,0.175589805575,-0.201892185921,-0.379151065197,decay
36.8,0.383134774096,0.181010261234,0.554451437125,0.175571232246,-0.202124512862,-0.378880204879,decay
36.81,0.383311621053,0.180986378336,0.554083372103,0.175552708449,-0.202325242716,-0.378530663654,decay
36.82,0.383454152594,0.180962622331,0.553646774685,0.175534259435,-0.202491530263,-0.37811251525,decay
36.83,0.383561508551,0.18093905787,0.553152179325,0.175515911333,-0.202622450681,-0.377636267993,decay
36.84,0.383634851632,0.180915742825,0.552610105982,0.175497690806,-0.202719108806,-0.377112415176,decay
36.85,0.38367703739,0.180892725987,0.55203036,0.17547962469,-0.202784311403,-0.37655073531,decay
36.86,0.383692020071,0.180870044893,0.551421191992,0.175461739605,-0.202821975178,-0.375959452387,decay
36.87,0.383684302849,0.180847724756,0.550788476436,0.175444061552,-0.202836578094,-0.375344414884,decay
36.88,0.38365848323,0.180825779239,0.550135141606,0.17542661549,-0.20283270399,-0.374708526116,decay
36.89,0.383618953948,0.180804212495,0.549461183644,0.175409424863,-0.202814741453,-0.374051758781,decay
36.9,0.383569885367,0.180783021434,0.548764472496,0.175392511066,-0.202786863933,-0.37337196143,decay
36.91,0.383515320413,0.180762197826,0.548042187954,0.175375892804,-0.202753122586,-0.37266629515,decay
36.92,0.383459105111,0.180741730221,0.547292436262,0.175359585342,-0.20271737489,-0.371932850919,decay
36.93,0.383404682822,0.180721605728,0.546515538839,0.175343599631,-0.202683077094,-0.371171939209,decay
36.94,0.383354846836,0.180701811685,0.545714608741,0.175327941279,-0.202653035151,-0.370386667462,decay
36.95,0.383311314718,0.180682337239,0.544895373185,0.175312609366,-0.202628977479,-0.369582763818,decay
36.96,0.383274163692,0.180663174758,0.544065548125,0.175297595299,-0.202610988933,-0.368767952826,decay
36.97,0.383241551677,0.180644320718,0.543234063066,0.175282882413,-0.202597230959,-0.367951180653,decay
36.98,0.383209909075,0.180625775796,0.542410257038,0.175268446865,-0.202584133279,-0.367141810173,decay
36.99,0.383174354858,0.1806075444,0.541603199626,0.175254259405,-0.202566810458,-0.366348940222,decay
37,0.383129226308,0.180589633997,0.540821377251,0.175240287336,-0.202539592311,-0.365581089915,decay
37.01,0.383068751236,0.180572054407,0.540072850028,0.17522649638,-0.202496696829,-0.364846353648,decay
37.02,0.382987663186,0.180554817043,0.539365716337,0.175212852461,-0.202432846143,-0.364152863877,decay
37.03,0.382881641728,0.180537934098,0.538708507707,0.175199323453,-0.202343707629,-0.363509184254,decay
37.04,0.382747750874,0.180521417662,0.538110124263,0.175185880916,-0.202226333212,-0.362924243347,decay
37.05,0.382584836942,0.180505278738,0.537579223162,0.175172501863,-0.202079558204,-0.362406721299,decay
37.06,0.382393596245,0.180489526247,0.53712341955,0.175159170388,-0.201904069998,-0.361964249163,decay
37.07,0.382176308471,0.180474166252,0.536748797406,0.175145878558,-0.201702142219,-0.361602918848,decay
37.08,0.38193644011,0.180459201605,0.536459895085,0.175132626113,-0.201477238505,-0.361327268972,decay
37.09,0.38167809463,0.18044463184,0.536259949963,0.175119419331,-0.20123346279,-0.361140530632,decay
37.1,0.381405266898,0.180430453056,0.536151151638,0.175106269691,-0.200974813842,-0.361044881946,decay
37.11,0.381121243346,0.180416657635,0.536134833707,0.17509319259,-0.200704585711,-0.361041641117,decay
37.12,0.380828519221,0.180403233819,0.536211691016,0.175080206101,-0.200425285401,-0.361131484915,decay
37.13,0.38052912365,0.180390165121,0.536382239314,0.175067329757,-0.200138958529,-0.361314909557,decay
37.14,0.380225032926,0.180377429563,0.536647681976,0.17505458334,-0.199847603363,-0.361593098637,decay
37.15,0.379918502245,0.180364998744,0.537010882177,0.175041985637,-0.1995535035,-0.36196889654,decay
37.16,0.379612142094,0.180352836921,0.537476650758,0.175029553262,-0.199259305173,-0.362447097496,decay
37.17,0.379308649301,0.180340900724,0.538050751459,0.175017299825,-0.198967748577,-0.363033451633,decay
37.18,0.379010462496,0.180329139978,0.538737803562,0.17500523569,-0.198681322518,-0.363732567872,decay
37.19,0.378719624262,0.1803174993,0.539538812824,0.174993368119,-0.198402124962,-0.364545444704,decay
37.2,0.378437803255,0.180305919858,0.540449055955,0.174981701477,-0.198131883396,-0.365467354478,decay
37.21,0.378166399198,0.180294341069,0.541456859073,0.17497023734,-0.19787205813,-0.366486621734,decay
37.22,0.377906781465,0.18028270225,0.542543617859,0.174958974523,-0.197624079215,-0.367584643336,decay
37.23,0.377660587708,0.180270944278,0.543685073926,0.174947909004,-0.197389643431,-0.368737164922,decay
37.24,0.377429911164,0.180259011275,0.54485353455,0.174937033759,-0.197170899889,-0.369916500791,decay
37.25,0.377217401111,0.180246852389,0.546020564734,0.17492633849,-0.196970548723,-0.371094226244,decay
37.26,0.377026337987,0.180234423492,0.547159536967,0.174915809333,-0.196791914495,-0.372243727634,decay
37.27,0.376860507895,0.180221688276,0.548247433213,0.174905428718,-0.196638819619,-0.373342004495,decay
37.28,0.376723832486,0.180208618295,0.549265726017,0.174895175555,-0.196515214191,-0.374370550462,decay
37.29,0.376620041335,0.180195192335,0.550200583539,0.174885025622,-0.196424848999,-0.375315557917,decay
37.3,0.376552501471,0.180181395695,0.551042603373,0.174874951977,-0.196371105776,-0.376167651396,decay
37.31,0.376524024696,0.180167219646,0.551786125093,0.174864925297,-0.19635680505,-0.376921199796,decay
37.32,0.376536629543,0.180152661077,0.552428203086,0.174854914164,-0.196383968466,-0.377573288922,decay
37.33,0.376591396254,0.180137722322,0.552967376861,0.174844885313,-0.196453673932,-0.378122491549,decay
37.34,0.376688406488,0.180122411171,0.553402422772,0.174834803831,-0.196565995316,-0.378567618941,decay
37.35,0.37682670885,0.180106741064,0.553731309833,0.174824633353,-0.196719967785,-0.378906676479,decay
37.36,0.377004339899,0.180090731342,0.553950501049,0.174814336251,-0.196913608557,-0.379136164798,decay
37.37,0.377218354506,0.180074407184,0.554054657293,0.17480387388,-0.197143947322,-0.379250783413,decay
37.38,0.377464759426,0.180057798927,0.55403679621,0.174793206935,-0.197406960498,-0.379243589275,decay
37.39,0.377738484348,0.180040940987,0.553888904387,0.174782295899,-0.197697543361,-0.379106608488,decay
37.4,0.378033618955,0.180023870724,0.553602890383,0.174771101557,-0.198009748231,-0.378831788827,decay
37.41,0.378343758945,0.18000662742,0.553171760599,0.174759585579,-0.198337131525,-0.37841217502,decay
37.42,0.378662179567,0.179989251326,0.55259099354,0.174747711191,-0.198672928242,-0.377843282349,decay
37.43,0.378981978367,0.179971782774,0.551860045869,0.174735443948,-0.199010195594,-0.377124601921,decay
37.44,0.37929638058,0.179954261327,0.550983733743,0.174722752636,-0.199342119253,-0.376260981106,decay
37.45,0.379599035199,0.179936724935,0.549973229958,0.174709610321,-0.199662310264,-0.375263619637,decay
37.46,0.379884236702,0.179919209154,0.548846646411,0.174695995419,-0.199965027548,-0.374150650992,decay
37.47,0.380147159898,0.17990174664,0.547629213865,0.174681892325,-0.200245413258,-0.37294732154,decay
37.48,0.380383868615,0.179884367073,0.546352944741,0.174667291245,-0.200499501542,-0.371685653497,decay
37.49,0.380590967727,0.179867097368,0.545055699738,0.17465218752,-0.200723870359,-0.370403512218,decay
37.5,0.380765311514,0.179849961931,0.54377966365,0.174636580932,-0.200915349582,-0.369143082717,decay
37.51,0.380904088698,0.179832982854,0.542569298098,0.174620475185,-0.201071105844,-0.367948822913,decay
37.52,0.381005094032,0.179816180039,0.541468953407,0.174603877575,-0.201188913992,-0.366865075833,decay
37.53,0.381066971709,0.179799571256,0.540520360896,0.174586798846,-0.201267400453,-0.36593356205,decay
37.54,0.381089470681,0.179783172109,0.53976011245,0.174569253223,-0.201306298572,-0.365190859227,decay
37.55,0.381073636614,0.179766995934,0.539217127789,0.174551258617,-0.20130664068,-0.364665869172,decay
37.56,0.381021754054,0.179751053664,0.538910291004,0.174532836915,-0.201270700389,-0.364377454089,decay
37.57,0.380937147481,0.179735353891,0.538846819624,0.174514014059,-0.20120179359,-0.364332805565,decay
37.58,0.380824010594,0.179719903259,0.539021977296,0.174494819687,-0.201104107334,-0.364527157609,decay
37.59,0.380687133931,0.179704707095,0.539420348851,0.174475286494,-0.200982426835,-0.364945062357,decay
37.6,0.380531489792,0.179689770046,0.540018451428,0.174455449599,-0.200841719747,-0.365563001829,decay
37.61,0.380361946843,0.179675096653,0.54078805138,0.174435346024,-0.200686850191,-0.366352705356,decay
37.62,0.380183245992,0.179660691856,0.541699277206,0.174415014282,-0.200522554135,-0.367284262924,decay
37.63,0.380000076621,0.179646561445,0.542722830584,0.174394494053,-0.200353515176,-0.368328336532,decay
37.64,0.379817110374,0.179632712446,0.543831197192,0.174373825935,-0.200184397929,-0.369457371257,decay
37.65,0.379638917676,0.179619153464,0.544999092015,0.174353051263,-0.200019764212,-0.370646040752,decay
37.66,0.379469627179,0.179605894959,0.546203316294,0.174332211927,-0.199863732219,-0.371871104367,decay
37.67,0.379312318861,0.179592949369,0.547422244074,0.174311350073,-0.199719369492,-0.373110894001,decay
37.68,0.379168488987,0.179580331029,0.548635341297,0.174290507561,-0.199588157959,-0.374344833736,decay
37.69,0.379037896312,0.179568055926,0.549823159889,0.174269725244,-0.199469840385,-0.375553434646,decay
37.7,0.378918753778,0.179556141369,0.55096805391,0.174249042163,-0.199362612409,-0.376719011748,decay
37.71,0.378808235825,0.179544605573,0.552055386343,0.174228494701,-0.199263630252,-0.377826891642,decay
37.72,0.378703334481,0.179533467188,0.553074512736,0.174208115665,-0.199169867292,-0.378866397071,decay
37.73,0.37860177632,0.179522744722,0.554018896837,0.174187933279,-0.199079031598,-0.379830963557,decay
37.74,0.378502614519,0.179512455871,0.554885244527,0.174167970062,-0.198990158648,-0.380717274464,decay
37.75,0.378406478432,0.17950261673,0.555672015479,0.174148241568,-0.198903861702,-0.381523773911,decay
37.76,0.378315619464,0.179493240962,0.556377942716,0.174128755167,-0.198822378501,-0.382249187549,decay
37.77,0.378233737304,0.179484339213,0.557001234959,0.174109509508,-0.198749398091,-0.382891725451,decay
37.78,0.378165605213,0.179475918968,0.557539804051,0.174090495127,-0.198689686244,-0.383449308925,decay
37.79,0.378116622074,0.179467984693,0.557992240112,0.174071695854,-0.198648637381,-0.383920544258,decay
37.8,0.378092271989,0.179460537937,0.558358813073,0.174053090354,-0.198631734052,-0.384305722719,decay
37.81,0.378097399111,0.179453577282,0.558641863943,0.174034653557,-0.19864382183,-0.384607210386,decay
37.82,0.378135496409,0.179447098121,0.558845411801,0.174016357982,-0.198688398289,-0.384829053819,decay
37.83,0.378208325497,0.179441092263,0.558974217356,0.173998174979,-0.198767233234,-0.384976042377,decay
37.84,0.378315871659,0.179435547365,0.559032709377,0.173980075917,-0.198880324294,-0.385052633459,decay
37.85,0.378456547757,0.179430446168,0.559024194837,0.173962033347,-0.19902610159,-0.38506216149,decay
37.86,0.378627718921,0.179425765688,0.558950609327,0.17394402207,-0.199201953233,-0.385006587256,decay
37.87,0.378826408361,0.179421476746,0.558812735435,0.173926019891,-0.199404931615,-0.384886715544,decay
37.88,0.379049775887,0.179417544154,0.558610644439,0.173908007853,-0.199632231733,-0.384702636586,decay
37.89,0.379295196149,0.179413927341,0.558344148581,0.173889970142,-0.199881268808,-0.38445417844,decay
37.9,0.37956006489,0.179410580989,0.55801306283,0.173871893905,-0.2001494839,-0.384141168925,decay
37.91,0.37984144342,0.179407455535,0.557617178981,0.173853769126,-0.200433987885,-0.383763409855,decay
37.92,0.38013571491,0.179404497533,0.55715616562,0.173835588548,-0.200731217377,-0.383320577073,decay
37.93,0.380438549911,0.179401649906,0.556629763825,0.173817347649,-0.201036900005,-0.382812416175,decay
37.94,0.38074521721,0.179398852092,0.556038422491,0.173799044688,-0.201346365117,-0.382239377803,decay
37.95,0.381050976822,0.179396040112,0.555384203279,0.173780680794,-0.201654936711,-0.381603522485,decay
37.96,0.381351463645,0.179393146639,0.554671637275,0.173762260068,-0.201958317006,-0.380909377207,decay
37.97,0.381643132181,0.179390101327,0.5539082031,0.17374378952,-0.202253030854,-0.38016441358,decay
37.98,0.381923536987,0.179386831579,0.553104207722,0.173725278694,-0.202536705408,-0.379378929028,decay
37.99,0.382191149292,0.179383263658,0.552272083117,0.173706739094,-0.202807885634,-0.378565344023,decay
38,0.382444872305,0.179379323948,0.551425310189,0.173688183564,-0.203065548356,-0.377737126626,decay
38.01,0.382683569298,0.179374940296,0.550577259382,0.173669625689,-0.203308629002,-0.376907633694,decay
38.02,0.382905676956,0.17937004347,0.549740230217,0.17365107922,-0.203535633486,-0.376089150997,decay
38.03,0.383109021771,0.179364568781,0.548924868193,0.173632557493,-0.20374445299,-0.3752923107,decay
38.04,0.38329097431,0.179358457894,0.548139952419,0.173614072841,-0.203932516416,-0.374525879578,decay
38.05,0.383448760326,0.179351660901,0.547392435357,0.173595635988,-0.204097099425,-0.373796799369,decay
38.06,0.383579731006,0.179344138369,0.546687671228,0.173577255468,-0.204235592637,-0.37311041576,decay
38.07,0.383681682498,0.179335862513,0.546029818009,0.173558937253,-0.204345819985,-0.372470880757,decay
38.08,0.383753255106,0.17932681679,0.545422328008,0.17354068474,-0.204426438317,-0.371881643268,decay
38.09,0.38379417184,0.179316994475,0.54486842674,0.17352249897,-0.204477177365,-0.371345927771,decay
38.1,0.383805185812,0.179306397144,0.544371569946,0.173504378882,-0.204498788668,-0.370867191064,decay
38.11,0.383787903298,0.179295033457,0.543935823195,0.173486321532,-0.204492869841,-0.370449501663,decay
38.12,0.383744548111,0.179282918239,0.543565977899,0.173468322259,-0.204461629872,-0.37009765564,decay
38.13,0.383677575303,0.179270071864,0.543267325703,0.173450374808,-0.204407503439,-0.369816950894,decay
38.14,0.383589278596,0.1792565199,0.543045255356,0.173432471421,-0.204332758696,-0.369612783935,decay
38.15,0.383481593467,0.179242293036,0.542904878221,0.17341460288,-0.204239300431,-0.369490275341,decay
38.16,0.383356012564,0.179227427129,0.542850692032,0.173396758548,-0.204128585435,-0.369453933484,decay
38.17,0.383213567686,0.179211963015,0.542886130007,0.17337892647,-0.204001604671,-0.369507203537,decay
38.18,0.383055050692,0.179195945756,0.543012908269,0.173361093594,-0.203859104937,-0.369651814675,decay
38.19,0.382881443609,0.17917942354,0.543230250477,0.173343246083,-0.203702020069,-0.369887004394,decay
38.2,0.382694254172,0.179162446598,0.543534207735,0.173325369643,-0.203531807574,-0.370208838092,decay
38.21,0.382495605259,0.179145066249,0.543917299627,0.173307449856,-0.20335053901,-0.370609849771,decay
38.22,0.382288142449,0.1791273341,0.544368522353,0.173289472513,-0.20316080835,-0.37107904984,decay
38.23,0.382074779669,0.17910930133,0.544873652815,0.173271423964,-0.202965478339,-0.37160222885,decay
38.24,0.381858352416,0.179091018073,0.545415878737,0.173253291493,-0.202767334343,-0.372162587244,decay
38.25,0.381641441507,0.179072532849,0.545976830236,0.173235063718,-0.202568908658,-0.372741766517,decay
38.26,0.381426432549,0.179053892041,0.546537892642,0.173216731026,-0.202372540508,-0.373321161617,decay
38.27,0.381215498287,0.179035139408,0.547081482619,0.173198285972,-0.20218035888,-0.373883196648,decay
38.28,0.381010379361,0.179016315613,0.547591991587,0.173179723627,-0.201994063748,-0.37441226796,decay
38.29,0.380812198427,0.17899745776,0.548056280699,0.173161041902,-0.201814740667,-0.374895238798,decay
38.3,0.380621367438,0.17897859889,0.548463806645,0.173142241921,-0.201642768548,-0.375321564724,decay
38.31,0.380437479222,0.178959767426,0.548806569265,0.173123328473,-0.201477711796,-0.375683240792,decay
38.32,0.380259296901,0.178940986541,0.549079040405,0.17310431055,-0.20131831036,-0.375974729855,decay
38.33,0.380084931736,0.178922273447,0.549278108655,0.173085201982,-0.201162658289,-0.376192906673,decay
38.34,0.379912091635,0.178903638562,0.549403001105,0.173066022172,-0.201008453074,-0.376336978933,decay
38.35,0.379738407501,0.178885084564,0.549455142261,0.173046796944,-0.200853322938,-0.376408345317,decay
38.36,0.379561845861,0.178866605497,0.549437919973,0.173027559328,-0.200695240365,-0.376410360646,decay
38.37,0.379380901787,0.178848186521,0.54935637681,0.17300834971,-0.200532715265,-0.376348027101,decay
38.38,0.379194339446,0.17882980477,0.549216973136,0.172989214928,-0.200364534675,-0.376227758207,decay
38.39,0.379000770462,0.178811430975,0.549027670114,0.172970206605,-0.200189339488,-0.376057463509,decay
38.4,0.378798519673,0.178793031262,0.548798439264,0.172951379268,-0.200005488411,-0.375847059996,decay
38.41,0.378585801236,0.178774568903,0.548541956966,0.172932788469,-0.199811232333,-0.375609168497,decay
38.42,0.378361048987,0.17875600602,0.54827403652,0.17291448887,-0.199605042968,-0.37535954765,decay
38.43,0.378123436914,0.178737305288,0.548013396177,0.172896532259,-0.199386131626,-0.375116863918,decay
38.44,0.377873425319,0.178718431679,0.547780507881,0.172878965447,-0.199154993641,-0.374901542435,decay
38.45,0.377612943235,0.178699354268,0.547595593904,0.172861827994,-0.198913588967,-0.374733765911,decay
38.46,0.377345171406,0.178680047959,0.547476286145,0.172845150026,-0.198665123447,-0.37463113612,decay
38.47,0.377074160874,0.178660494549,0.547435570177,0.172828950998,-0.198413666325,-0.374606619179,decay
38.48,0.376804376487,0.178640682708,0.54748035423,0.172813240069,-0.198163693779,-0.374667114161,decay
38.49,0.376540280708,0.178620607216,0.547610749848,0.172798017573,-0.197919673491,-0.374812732276,decay
38.5,0.37628619723,0.178600268087,0.547820028605,0.17278327664,-0.197685929142,-0.375036751965,decay
38.51,0.3760463852,0.178579669812,0.548095214793,0.17276900463,-0.197466715388,-0.375326210163,decay
38.52,0.375824950608,0.178558820745,0.548418403905,0.17275518434,-0.197266129864,-0.375663219565,decay
38.53,0.375625526446,0.178537732611,0.548768881614,0.172741795031,-0.197087793835,-0.376027086583,decay
38.54,0.375450995715,0.178516420135,0.549125732256,0.172728813279,-0.19693457558,-0.376396918977,decay
38.55,0.375303331653,0.178494900776,0.549470172772,0.172716213679,-0.196808430878,-0.376753959092,decay
38.56,0.375183494247,0.17847319455,0.549786849386,0.172703969414,-0.196710299696,-0.377082879972,decay
38.57,0.375091523732,0.17845132393,0.550063801445,0.172692052693,-0.196640199802,-0.377371748753,decay
38.58,0.375026818584,0.178429313775,0.550291354553,0.172680435077,-0.196597504808,-0.377610919477,decay
38.59,0.374988264531,0.178407191327,0.550460620808,0.172669087703,-0.196581073205,-0.377791533105,decay
38.6,0.374974150873,0.178384986251,0.550562350273,0.172657981425,-0.196589164622,-0.377904368848,decay
38.61,0.374982177924,0.178362730763,0.550586534281,0.172647086872,-0.196619447161,-0.377939447409,decay
38.62,0.37500967973,0.178340459795,0.550522722868,0.17263637446,-0.196669219935,-0.377886348408,decay
38.63,0.375054019461,0.178318211239,0.55036076559,0.172625814331,-0.196735808221,-0.377734951259,decay
38.64,0.375113216564,0.178296026224,0.550091635487,0.172615376249,-0.19681719034,-0.377476259239,decay
38.65,0.37518664045,0.178273949444,0.549708081618,0.172605029451,-0.196912691006,-0.377103052168,decay
38.66,0.375275235595,0.178252029392,0.549204993268,0.172594742486,-0.197023206204,-0.376610250783,decay
38.67,0.375381018075,0.178230318042,0.548579528444,0.172584483118,-0.197150700033,-0.375995045326,decay
38.68,0.375506208904,0.178208869651,0.547831195671,0.172574218373,-0.197297339253,-0.375256977298,decay
38.69,0.375652407477,0.178187738884,0.546962037427,0.172563914677,-0.197464668593,-0.37439812275,decay
38.7,0.375819920615,0.178166978684,0.545976946356,0.172553538027,-0.197652941931,-0.373423408329,decay
38.71,0.376007466938,0.178146638016,0.544884107501,0.172543054168,-0.197860828922,-0.372341053333,decay
38.72,0.376212460565,0.178126759452,0.543695465344,0.172532428783,-0.198085701113,-0.371163036562,decay
38.73,0.37643160703,0.178107376556,0.542426950848,0.172521627707,-0.198324230474,-0.369905323141,decay
38.74,0.376661464413,0.178088511005,0.541098198926,0.172510617186,-0.198572953407,-0.36858758174,decay
38.75,0.376898954628,0.178070169404,0.539731635331,0.172499364177,-0.198828785224,-0.367232271153,decay
38.76,0.377141740435,0.17805234026,0.538351020539,0.172487836711,-0.199089400175,-0.365863183828,decay
38.77,0.377388246907,0.17803499275,0.536979821602,0.172476004291,-0.199353254157,-0.364503817311,decay
38.78,0.377637410703,0.178018078511,0.535639959965,0.172463838325,-0.199619332192,-0.363176121641,decay
38.79,0.377888381526,0.178001535524,0.53435132044,0.172451312623,-0.199886846002,-0.361900007817,decay
38.8,0.378140121918,0.177985292464,0.53313198553,0.172438404002,-0.200154829454,-0.360693581528,decay
38.81,0.378390827851,0.177969272852,0.531998788643,0.172425093027,-0.200421554998,-0.359573695616,decay
38.82,0.378637449655,0.177953399064,0.530967633175,0.172411364906,-0.200684050591,-0.358556268269,decay
38.83,0.378875594567,0.177937596258,0.530053094293,0.172397210567,-0.200937998309,-0.357655883726,decay
38.84,0.379099757929,0.177921796312,0.529267191833,0.17238262792,-0.201177961617,-0.356884563913,decay
38.85,0.379303868587,0.177905941848,0.528617806536,0.172367623344,-0.201397926739,-0.356250183192,decay
38.86,0.379482183176,0.177889989959,0.528107499495,0.172352213133,-0.201592193217,-0.355755286362,decay
38.87,0.379630190624,0.177873914259,0.527733260141,0.172336424076,-0.201756276365,-0.355396836065,decay
38.88,0.379745144329,0.177857704208,0.527487240011,0.17232029251,-0.201887440121,-0.355166947501,decay
38.89,0.379826275476,0.177841362542,0.527358090722,0.172303862341,-0.201984912934,-0.355054228381,decay
38.9,0.379874859101,0.177824902269,0.527332349533,0.17228718286,-0.202049956832,-0.355045166674,decay
38.91,0.379894098421,0.17780834381,0.52739555394,0.172270306694,-0.202085754611,-0.355125247246,decay
38.92,0.379888775856,0.177791712287,0.527533134372,0.172253287874,-0.202097063568,-0.355279846498,decay
38.93,0.379864727594,0.17777503491,0.527731271574,0.172236179968,-0.202089692684,-0.355495091606,decay
38.94,0.379828206383,0.177758338412,0.527977797745,0.17221903425,-0.202069867971,-0.355758763496,decay
38.95,0.379785197915,0.17774164649,0.528263040944,0.172201897849,-0.202043551425,-0.356061143095,decay
38.96,0.379740876225,0.177724977448,0.528580420923,0.172184812039,-0.202015898777,-0.356395608884,decay
38.97,0.379699372007,0.177708342733,0.528926583094,0.172167811209,-0.201991029274,-0.356758771884,decay
38.98,0.379663725318,0.177691746906,0.529300911199,0.172150922949,-0.201971978412,-0.357149988249,decay
38.99,0.379635839593,0.177675188623,0.52970450189,0.172134168887,-0.201960650971,-0.357570333004,decay
39,0.379616534366,0.177658661851,0.530138905986,0.172117565685,-0.201957872515,-0.358021340301,decay
39.01,0.379605776701,0.177642157035,0.530604970814,0.172101125945,-0.201963619666,-0.358503844869,decay
39.02,0.379603020609,0.177625662195,0.531102057659,0.172084859005,-0.201977358414,-0.359017198653,decay
39.03,0.379607690039,0.177609163981,0.531627779328,0.172068771653,-0.201998526058,-0.359559007675,decay
39.04,0.379619763749,0.177592648713,0.532178259478,0.172052868746,-0.202027115036,-0.360125390732,decay
39.05,0.379640152818,0.177576103397,0.532748794602,0.172037153768,-0.202064049421,-0.360711640834,decay
39.06,0.379670692755,0.177559516699,0.533334699325,0.172021629307,-0.202111176056,-0.361313070017,decay
39.07,0.37971386244,0.17754287961,0.533932096304,0.172006297519,-0.202170982829,-0.361925798784,decay
39.08,0.379772288186,0.177526185654,0.534538456115,0.171991160563,-0.202246102532,-0.362547295552,decay
39.09,0.379848016239,0.177509430774,0.535152744678,0.171976221027,-0.202338585465,-0.363176523651,decay
39.1,0.379941821723,0.177492613162,0.535775119282,0.171961482319,-0.202449208561,-0.363813636963,decay
39.11,0.380052998561,0.177475733123,0.536406191168,0.171946949023,-0.202577265438,-0.364459242144,decay
39.12,0.380179648824,0.177458792995,0.537045944325,0.171932627221,-0.202720855829,-0.365113317103,decay
39.13,0.380319099981,0.17744179711,0.537692591551,0.171918524789,-0.202877302872,-0.365774066762,decay
39.14,0.380468273076,0.177424751809,0.538341788713,0.171904651666,-0.203043521268,-0.366437137047,decay
39.15,0.380623964372,0.177407665497,0.538986544193,0.171891020104,-0.203216298875,-0.367095524089,decay
39.16,0.380782889117,0.177390548716,0.539617952606,0.171877644816,-0.203392340402,-0.367740307791,decay
39.17,0.380941549368,0.177373414134,0.540226574807,0.171864542799,-0.203568135234,-0.368362032008,decay
39.18,0.381096254183,0.177356276385,0.540803970399,0.171851732646,-0.203739977798,-0.368952237753,decay
39.19,0.381243389526,0.177339151797,0.541343728357,0.171839233458,-0.203904237729,-0.369504494899,decay
39.2,0.381379772777,0.177322058107,0.541841524507,0.171827063589,-0.20405771467,-0.370014460918,decay
39.21,0.381503004965,0.177305014194,0.542294326573,0.171815239291,-0.204197990771,-0.370479087283,decay
39.22,0.381611733694,0.177288039815,0.542699393798,0.17180377324,-0.204323693879,-0.370895620558,decay
39.23,0.381705600803,0.177271155351,0.543053748321,0.171792672923,-0.204434445451,-0.371261075398,decay
39.24,0.381784846799,0.177254381539,0.543354493384,0.17178193885,-0.20453046526,-0.371572554533,decay
39.25,0.381849922993,0.177237739187,0.543599910943,0.171771562565,-0.204612183806,-0.371828348377,decay
39.26,0.381901322111,0.177221248903,0.543790822109,0.17176152474,-0.204680073208,-0.372029297369,decay
39.27,0.381939473562,0.177204930927,0.543931545703,0.171751794308,-0.204734542635,-0.372179751396,decay
39.28,0.381964685082,0.177188805143,0.544030008354,0.171742329369,-0.204775879939,-0.372287678985,decay
39.29,0.381977236868,0.177172891211,0.544096894252,0.171733079329,-0.204804345657,-0.372363814923,decay
39.3,0.38197745655,0.177157208694,0.544144066751,0.171723987282,-0.204820247856,-0.372420079469,decay
39.31,0.381965630567,0.177141777133,0.544182847696,0.171714992285,-0.204823853434,-0.372467855411,decay
39.32,0.381941915242,0.177126616066,0.544222855932,0.171706031524,-0.204815299176,-0.372516824408,decay
39.33,0.381906355958,0.177111744983,0.544271755293,0.171697042426,-0.204794610975,-0.372574712867,decay
39.34,0.381858976238,0.177097183213,0.544335691799,0.17168796477,-0.204761793025,-0.37264772703,decay
39.35,0.381799979326,0.177082949732,0.544419907283,0.171678742835,-0.204717029594,-0.372741164448,decay
39.36,0.38173003523,0.177069062882,0.544529149255,0.171669327423,-0.204660972347,-0.372859821832,decay
39.37,0.381650388529,0.177055539949,0.544667780851,0.17165967707,-0.20459484858,-0.373008103781,decay
39.38,0.381562629191,0.17704239657,0.544839703965,0.17164975796,-0.20452023262,-0.373189946005,decay
39.39,0.381468377882,0.177029645974,0.545048256453,0.171639542954,-0.204438731908,-0.3734087135,decay
39.4,0.381369146854,0.17701729807,0.54529609206,0.171629010455,-0.204351848784,-0.373667081605,decay
39.41,0.381266296868,0.177005358388,0.545584905273,0.171618143413,-0.20426093848,-0.37396676186,decay
39.42,0.381161056166,0.176993826844,0.545914911689,0.171606928485,-0.204167229322,-0.374307983204,decay
39.43,0.381054694812,0.176982696317,0.546284131527,0.171595355327,-0.204071998495,-0.3746887762,decay
39.44,0.380948664592,0.176971951012,0.546687729458,0.171583416034,-0.20397671358,-0.375104313424,decay
39.45,0.380844472899,0.176961564588,0.547117884827,0.1715711047,-0.203882908311,-0.375546780127,decay
39.46,0.380743420074,0.176951498369,0.547564574115,0.171558417092,-0.203791921704,-0.376006157023,decay
39.47,0.380646371481,0.176941700759,0.548017156144,0.17154535039,-0.203704670722,-0.376471805754,decay
39.48,0.38055353841,0.176932108656,0.548466145987,0.17153190297,-0.203621429754,-0.376934243017,decay
39.49,0.380464363007,0.176922650301,0.548904487866,0.171518074237,-0.203541712705,-0.377386413628,decay
39.5,0.380377733345,0.176913248451,0.549327983705,0.171503864555,-0.203464484894,-0.377824119151,decay
39.51,0.380292444262,0.176903823466,0.549734897125,0.171489275281,-0.203388620796,-0.378245621844,decay
39.52,0.380207587426,0.176894296352,0.550124986566,0.171474308924,-0.203313291074,-0.378650677642,decay
39.53,0.380122802922,0.176884591814,0.550498402949,0.171458969402,-0.203238211108,-0.379039433547,decay
39.54,0.380038435006,0.176874641399,0.55085480037,0.171443262424,-0.203163793607,-0.379411537945,decay
39.55,0.379955405067,0.176864386784,0.551192707648,0.171427195998,-0.203091018283,-0.37976551165,decay
39.56,0.379874763991,0.176853782865,0.551509150927,0.171410780977,-0.203020981125,-0.38009836995,decay
39.57,0.37979728743,0.176842799374,0.551799600519,0.171394031427,-0.202954488056,-0.380405569092,decay
39.58,0.37972332706,0.176831420062,0.552058270061,0.171376964621,-0.202891906999,-0.38068130544,decay
39.59,0.379652777945,0.176819640209,0.55227876818,0.171359600789,-0.202833137737,-0.380919167391,decay
39.6,0.379585109228,0.176807463798,0.552455024398,0.171341962897,-0.20277764543,-0.381113061501,decay
39.61,0.379519513591,0.176794900878,0.552582150903,0.171324076523,-0.202724612713,-0.38125807438,decay
39.62,0.379455103819,0.176781965125,0.552656799468,0.171305969845,-0.202673138695,-0.381350829624,decay
39.63,0.379391154262,0.176768671551,0.552676935966,0.171287673735,-0.20262248271,-0.38138926223,decay
39.64,0.379327501115,0.17675503434,0.552641474341,0.171269221954,-0.202572466774,-0.381372252387,decay
39.65,0.379264948689,0.176741064748,0.552550299446,0.171250651429,-0.202523883941,-0.381299648017,decay
39.66,0.379205314591,0.176726769261,0.552404831292,0.171232002521,-0.202478545329,-0.381172828771,decay
39.67,0.379151081373,0.176712148627,0.552208959584,0.171213318913,-0.202438932746,-0.380995640672,decay
39.68,0.379104983774,0.176697198232,0.551970019596,0.171194646846,-0.202407785542,-0.38077537275,decay
39.69,0.379069672728,0.17668190946,0.551699277933,0.1711760339,-0.202387763267,-0.380523244033,decay
39.7,0.379047381512,0.176666271376,0.551411433099,0.171157527617,-0.202381110135,-0.380253905482,decay
39.71,0.379039651243,0.17665027248,0.551123058265,0.171139174104,-0.202389378763,-0.379983884162,decay
39.72,0.379047108109,0.176633902538,0.550850374435,0.171121016584,-0.202413205571,-0.37972935785,decay
39.73,0.379069140106,0.17661715453,0.550607057579,0.171103093867,-0.202451985576,-0.379503963712,decay
39.74,0.379103608105,0.176600026736,0.550402772701,0.171085438695,-0.202503581369,-0.379317334007,decay
39.75,0.379146946654,0.176582525005,0.550242757176,0.171068075936,-0.202564421649,-0.37917468124,decay
39.76,0.379194722541,0.17656466493,0.550128399348,0.171051020848,-0.202630057611,-0.3790773785,decay
39.77,0.379242443872,0.176546473021,0.550058550068,0.171034278168,-0.202695970851,-0.379024271901,decay
39.78,0.379286460483,0.176527986176,0.550031142893,0.171017842616,-0.202758474306,-0.379013300277,decay
39.79,0.379324734818,0.176509249979,0.550044518484,0.171001700368,-0.202815484839,-0.379042818116,decay
39.8,0.379357095353,0.176490316763,0.550097923098,0.170985830681,-0.20286677859,-0.379112092417,decay
39.81,0.379384878185,0.176471243815,0.5501911838,0.170970207371,-0.20291363437,-0.379220976429,decay
39.82,0.379410332967,0.176452091706,0.550324050737,0.170954800129,-0.202958241261,-0.379369250608,decay
39.83,0.379436052639,0.176432922706,0.550495646339,0.170939575716,-0.203003129933,-0.379556070623,decay
39.84,0.379464370706,0.17641379925,0.550704192928,0.170924499056,-0.203050571456,-0.379779693872,decay
39.85,0.379496836753,0.176394782405,0.550947070941,0.170909534252,-0.203102054348,-0.380037536689,decay
39.86,0.379533975583,0.176375930419,0.551221158469,0.170894645521,-0.203158045164,-0.380326512948,decay
39.87,0.379575202171,0.17635729762,0.551523278049,0.170879797983,-0.203217904551,-0.380643480065,decay
39.88,0.379618742673,0.176338933906,0.551850572816,0.17086495824,-0.203279808767,-0.380985614576,decay
39.89,0.379661741639,0.176320884598,0.552200694944,0.170850094824,-0.203340857042,-0.38135060012,decay
39.9,0.379700692176,0.176303190302,0.552571748152,0.170835178642,-0.203397501874,-0.38173656951,decay
39.91,0.379732059206,0.176285886637,0.552962040247,0.170820183443,-0.203446172568,-0.382141856803,decay
39.92,0.379752963736,0.176269003791,0.55336978296,0.170805086361,-0.203483959944,-0.382564696599,decay
39.93,0.379761785992,0.176252565891,0.553792824826,0.170789868514,-0.203509220101,-0.383002956312,decay
39.94,0.379758381807,0.176236590176,0.554228435847,0.170774515704,-0.203521791632,-0.383453920143,decay
39.95,0.379743756777,0.176221085943,0.554673202993,0.170759019221,-0.203522670833,-0.383914183772,decay
39.96,0.379719503446,0.17620605348,0.555123142505,0.170743376609,-0.203513449966,-0.384379765896,decay
39.97,0.379687352201,0.176191483604,0.555574054146,0.170727591975,-0.203495868598,-0.384846462171,decay
39.98,0.379648803664,0.176177358336,0.556022028315,0.170711675485,-0.203471445328,-0.385310352831,decay
39.99,0.37960482536,0.17616365232,0.556463934981,0.170695642302,-0.20344117304,-0.385768292679,decay
40,0.379555821752,0.176150334322,0.556897678035,0.170679511431,-0.20340548743,-0.386218166604,decay
40.01,0.37950186317,0.176137368557,0.557322152322,0.170663304631,-0.203364494612,-0.386658847691,decay
40.02,0.379442984897,0.176124715853,0.557737060765,0.170647045398,-0.203318269045,-0.387090015367,decay
40.03,0.379379536392,0.176112334657,0.558142690298,0.170630757992,-0.203267201735,-0.387511932306,decay
40.04,0.379312470778,0.176100181946,0.558539569971,0.170614466494,-0.203212288832,-0.387925103477,decay
40.05,0.37924327422,0.176088214026,0.558928000151,0.170598193863,-0.203155060195,-0.388329806288,decay
40.06,0.379173536579,0.176076387275,0.559307664722,0.170581961059,-0.203097149304,-0.388725703663,decay
40.07,0.379104499509,0.176064658832,0.559677584624,0.170565786465,-0.203039840677,-0.38911179816,decay
40.08,0.379036733795,0.176052987251,0.560036507729,0.170549685776,-0.202983746544,-0.389486821953,decay
40.09,0.378969891066,0.176041333153,0.560383702067,0.170533672225,-0.202928557913,-0.389850029842,decay
40.1,0.378902632962,0.176029659888,0.560719973878,0.170517756849,-0.202872973074,-0.390202217029,decay
40.11,0.378832846576,0.17601793424,0.561048425854,0.170501948726,-0.202814912336,-0.390546477128,decay
40.12,0.378757943915,0.176006127189,0.561374449578,0.170486255143,-0.202751816727,-0.390888194435,decay
40.13,0.378675088597,0.175994214754,0.56170501878,0.170470681716,-0.202680873843,-0.391234337064,decay
40.14,0.378581521526,0.175982178934,0.562047828076,0.170455232455,-0.202599342592,-0.391592595621,decay
40.15,0.378475038116,0.175970008772,0.562410683922,0.170439909767,-0.202505029344,-0.391970774155,decay
40.16,0.378354449484,0.175957701353,0.562801243164,0.170424714436,-0.202396748131,-0.392376528728,decay
40.17,0.378220040939,0.175945262126,0.563227008703,0.170409645652,-0.202274778813,-0.392817363051,decay
40.18,0.378074040787,0.175932704074,0.56369529887,0.170394701153,-0.202141336713,-0.393300597717,decay
40.19,0.37792080466,0.175920046083,0.564212833593,0.170379877437,-0.202000758577,-0.393832956156,decay
40.2,0.377766506214,0.175907311136,0.564784827697,0.17036516996,-0.201859195077,-0.394419657737,decay
40.21,0.377618438088,0.175894524576,0.56541386236,0.170350573295,-0.201723913512,-0.395063289065,decay
40.22,0.377483992963,0.175881712426,0.566098954575,0.17033608124,-0.201602280537,-0.395762873334,decay
40.23,0.377369405658,0.175868899729,0.566835130085,0.170321686893,-0.20150050593,-0.396513443192,decay
40.24,0.377278712513,0.175856108886,0.567613639626,0.170307382684,-0.201422603627,-0.397306256942,decay
40.25,0.377213456603,0.175843357946,0.56842274434,0.170293160378,-0.201370098657,-0.398129583962,decay
40.26,0.377173105692,0.17583065903,0.569248764182,0.170279011059,-0.201342446662,-0.398969753123,decay
40.27,0.377155768874,0.175818017491,0.570077026097,0.17026492516,-0.201337751384,-0.399812100936,decay
40.28,0.377158989902,0.175805432279,0.570892443369,0.170250892598,-0.201353557623,-0.400641550771,decay
40.29,0.377180415934,0.175792897144,0.57167967705,0.170236902957,-0.20138751879,-0.401442774093,decay
40.3,0.377217998573,0.175780402038,0.57242318409,0.170222945698,-0.201437596535,-0.402200238392,decay
40.31,0.377269750178,0.175767934469,0.57310764077,0.170209010344,-0.201501815709,-0.402898630426,decay
40.32,0.377333450377,0.175755480807,0.573718915245,0.170195086668,-0.201577969569,-0.403523828577,decay
40.33,0.377406512881,0.175743027565,0.574245180666,0.170181164874,-0.201663485316,-0.404064015793,decay
40.34,0.377486019305,0.175730562673,0.574677582201,0.17016723578,-0.201755456633,-0.404510346421,decay
40.35,0.377568932163,0.175718076786,0.575010173174,0.170153291019,-0.201850855378,-0.404856882155,decay
40.36,0.377652353798,0.175705564453,0.575239183449,0.170139323224,-0.201946789345,-0.405099860225,decay
40.37,0.37773357792,0.175693024649,0.575362015222,0.170125326146,-0.202040553271,-0.405236689076,decay
40.38,0.377809987487,0.175680460273,0.57537656476,0.170111294663,-0.202129527214,-0.405265270097,decay
40.39,0.377879160526,0.175667876896,0.575281242723,0.170097224705,-0.20221128363,-0.405184018018,decay
40.4,0.377939202727,0.175655281325,0.575075581381,0.170083113179,-0.202283921402,-0.404992468202,decay
40.41,0.37798892538,0.175642680156,0.574761050367,0.170068957912,-0.202346245224,-0.404692092455,decay
40.42,0.37802778405,0.17563007834,0.574341761932,0.170054757626,-0.202397705711,-0.404287004306,decay
40.43,0.378055783321,0.175617477713,0.57382485131,0.170040511931,-0.202438305608,-0.40378433938,decay
40.44,0.378073357224,0.175604875485,0.573220362738,0.170026221344,-0.202468481738,-0.403194141393,decay
40.45,0.378081212482,0.175592262656,0.572540575585,0.170011887342,-0.202488949826,-0.402528688244,decay
40.46,0.378080318751,0.175579622583,0.571798853158,0.169997512403,-0.202500696168,-0.401801340755,decay
40.47,0.378072086732,0.175566930519,0.571008251766,0.169983099985,-0.202505156213,-0.40102515178,decay
40.48,0.378058536205,0.175554154685,0.570180281243,0.169968654361,-0.202504381519,-0.400211626882,decay
40.49,0.378042398623,0.175541258478,0.569324204898,0.169954180361,-0.202501140145,-0.399370024537,decay
40.5,0.378027226764,0.175528202986,0.568447033803,0.169939683103,-0.202499023778,-0.3985073507,decay
40.51,0.378017397144,0.175514949531,0.567554083544,0.169925167722,-0.202502447613,-0.397628915823,decay
40.52,0.37801789446,0.17550146226,0.56664987536,0.169910639111,-0.2025164322,-0.396739236249,decay
40.53,0.378034046605,0.17548771082,0.565739281966,0.169896101665,-0.202546335784,-0.395843180301,decay
40.54,0.378071300943,0.175473673191,0.564828777433,0.169881559015,-0.202597627752,-0.394947218418,decay
40.55,0.378134811769,0.175459338706,0.563927415651,0.169867013754,-0.202675473064,-0.394060401897,decay
40.56,0.378228803597,0.17544471087,0.563047162862,0.169852467177,-0.202784092727,-0.393194695686,decay
40.57,0.378356014801,0.175429808595,0.562202429665,0.169837919101,-0.202926206206,-0.392364510565,decay
40.58,0.378517327133,0.175414664801,0.561408842727,0.169823367836,-0.203102662332,-0.39158547489,decay
40.59,0.378711516893,0.175399323166,0.560681537119,0.169808810247,-0.203312193727,-0.390872726873,decay
40.6,0.378935233496,0.175383834453,0.560033399899,0.16979424183,-0.203551399043,-0.390239158069,decay
40.61,0.379183243817,0.17536825294,0.559473571073,0.16977965678,-0.203814990877,-0.389693914293,decay
40.62,0.3794487905,0.175352632946,0.559006377679,0.16976504803,-0.204096157554,-0.389241329649,decay
40.63,0.379724071164,0.175337025382,0.558630906985,0.169750407283,-0.204387045782,-0.388880499702,decay
40.64,0.380000982368,0.175321474255,0.55834136855,0.169735725025,-0.204679508114,-0.388605643525,decay
40.65,0.380271974474,0.175306013062,0.55812815543,0.169720990528,-0.204965961412,-0.388407164902,decay
40.66,0.380530615464,0.175290661421,0.557979307557,0.169706191865,-0.205239954043,-0.388273115692,decay
40.67,0.380771748142,0.175275423154,0.557881975079,0.16969131598,-0.205496324988,-0.388190659099,decay
40.68,0.380991456329,0.175260286777,0.557823463151,0.169676348865,-0.205731169552,-0.388147114287,decay
40.69,0.381186967133,0.175245227647,0.557791692175,0.169661275815,-0.205941739486,-0.388130416359,decay
40.7,0.381356540937,0.175230210472,0.557775314674,0.169646081724,-0.206126330465,-0.38812923295,decay
40.71,0.381499441456,0.175215191689,0.557763859499,0.169630751396,-0.206284249767,-0.388133108103,decay
40.72,0.381615875955,0.175200121691,0.557748122341,0.169615269887,-0.206415754264,-0.388132852453,decay
40.73,0.38170673733,0.175184946965,0.557720816981,0.169599622893,-0.206521790365,-0.388121194088,decay
40.74,0.381773314227,0.175169612179,0.557677302885,0.169583797171,-0.206603702048,-0.388093505714,decay
40.75,0.381817181386,0.175154062268,0.557616076045,0.169567781035,-0.206663119118,-0.38804829501,decay
40.76,0.381840122568,0.175138244441,0.557538711191,0.169551564856,-0.206701878127,-0.387987146335,decay
40.77,0.381843911442,0.175122109766,0.55744915354,0.169535141429,-0.206721801677,-0.387914012112,decay
40.78,0.381830092083,0.175105614085,0.55735259051,0.169518506086,-0.206724477998,-0.387834084425,decay
40.79,0.381799903489,0.175088718512,0.557254289819,0.169501656652,-0.206711184977,-0.387752633168,decay
40.8,0.381754266895,0.175071389916,0.55715873325,0.169484593416,-0.206682876979,-0.387674139833,decay
40.81,0.381693846351,0.175053601588,0.557069256222,0.169467319193,-0.206640244763,-0.387601937029,decay
40.82,0.381619339841,0.175035334119,0.556988180715,0.169449839473,-0.206584005722,-0.387538341242,decay
40.83,0.381531884526,0.175016576502,0.556917116401,0.169432162669,-0.206515308024,-0.387484953732,decay
40.84,0.381433310411,0.174997327499,0.556857017688,0.169414300465,-0.206435982912,-0.387442717223,decay
40.85,0.381326301069,0.17497759727,0.556807850852,0.169396268263,-0.206348703799,-0.387411582589,decay
40.86,0.38121453219,0.174957408993,0.556768073992,0.169378085619,-0.206257123198,-0.387389988374,decay
40.87,0.381102536746,0.174936799449,0.556734332443,0.169359776327,-0.206165737297,-0.387374556116,decay
40.88,0.380995222331,0.174915817838,0.556701736669,0.169341367881,-0.206079404492,-0.387360368788,decay
40.89,0.380897292844,0.174894523358,0.556664789764,0.169322890492,-0.206002769486,-0.387341899272,decay
40.9,0.380812690501,0.174872982563,0.55661864275,0.169304376019,-0.205939707938,-0.387314266731,decay
40.91,0.38074408389,0.174851266881,0.55656020924,0.169285856922,-0.205892817009,-0.387274352318,decay
40.92,0.380692612752,0.174829450275,0.556488809344,0.169267365241,-0.205863162477,-0.387221444103,decay
40.93,0.380658000118,0.174807606977,0.55640621867,0.169248931565,-0.205850393141,-0.387157287105,decay
40.94,0.380638777879,0.174785809263,0.556316174035,0.169230583971,-0.205852968616,-0.387085590063,decay
40.95,0.380632420661,0.174764125198,0.556223479571,0.169212346917,-0.205868295463,-0.387011132654,decay
40.96,0.38063557176,0.174742616521,0.556132878296,0.169194240183,-0.205892955238,-0.386938638114,decay
40.97,0.38064450267,0.174721337319,0.556047827714,0.169176278311,-0.205923165351,-0.386871549403,decay
40.98,0.380655627531,0.174700333938,0.555969254609,0.169158470839,-0.205955293593,-0.386810783769,decay
40.99,0.38066594695,0.17467964576,0.555894414872,0.16914082309,-0.20598630119,-0.386753591782,decay
41,0.380673357706,0.174659306108,0.555816093359,0.16912333705,-0.206014051597,-0.386692756309,decay
41.01,0.380676597761,0.174639343006,0.555722385142,0.169106012185,-0.206037254755,-0.386616372957,decay
41.02,0.380674817996,0.174619779764,0.555597247831,0.169088846165,-0.206055038232,-0.386508401666,decay
41.03,0.380667150526,0.174600635395,0.555421859205,0.169071835524,-0.206066515131,-0.386350023681,decay
41.04,0.380652497709,0.174581924868,0.555176574854,0.169054976264,-0.206070572841,-0.38612159859,decay
41.05,0.380629516768,0.174563659186,0.554843172514,0.169038264404,-0.206065857583,-0.385804908109,decay
41.06,0.380596843999,0.174545845352,0.554406995729,0.169021696469,-0.206050998647,-0.38538529926,decay
41.07,0.380553562447,0.174528486406,0.553858410553,0.169005269798,-0.206025076041,-0.384853140755,decay
41.08,0.380499632374,0.174511581664,0.553193005379,0.168988982615,-0.205988050711,-0.384204022764,decay
41.09,0.380435994915,0.174495127055,0.55241042134,0.168972833924,-0.20594086786,-0.383437587417,decay
41.1,0.380364394489,0.174479115387,0.551512291139,0.16895682332,-0.205885279102,-0.382555467818,decay
41.11,0.38028705429,0.174463536439,0.55050014874,0.168940950785,-0.205823517851,-0.381559197955,decay
41.12,0.380206215756,0.174448376913,0.549374160104,0.168925216443,-0.205757838843,-0.380448943661,decay
41.13,0.38012371273,0.174433620217,0.548133127283,0.168909620289,-0.205690092513,-0.379223506994,decay
41.14,0.380040880647,0.174419246091,0.546775692757,0.168894161883,-0.205621634556,-0.377881530874,decay
41.15,0.379958785128,0.174405230077,0.545302284928,0.168878839996,-0.205553555051,-0.376423444932,decay
41.16,0.379878482101,0.174391542977,0.543717216744,0.168863652269,-0.205486939124,-0.374853564475,decay
41.17,0.379801173221,0.174378150753,0.542030418932,0.168848595063,-0.205423022468,-0.373181823869,decay
41.18,0.379728228549,0.174365015231,0.540258389464,0.168833663618,-0.205363213318,-0.371424725846,decay
41.19,0.379660985913,0.174352095358,0.538424045352,0.16881885244,-0.205308890554,-0.369605192912,decay
41.2,0.379600447046,0.174339348571,0.536555413979,0.168804155721,-0.205261098476,-0.367751258258,decay
41.21,0.379547211431,0.174326732091,0.534683413336,0.168789567736,-0.20522047934,-0.3658938456,decay
41.22,0.379501715217,0.174314204187,0.532839202485,0.168775083208,-0.20518751103,-0.364064119277,decay
41.23,0.37946450968,0.174301725409,0.531051789922,0.168760697658,-0.205162784271,-0.362291092264,decay
41.24,0.379436437919,0.174289259843,0.529346563372,0.168746407732,-0.205147178076,-0.360600155639,decay
41.25,0.379418723433,0.174276776408,0.527744952549,0.168732211537,-0.205141947024,-0.359012741012,decay
41.26,0.379412837179,0.174264250063,0.526264926129,0.168718108914,-0.205148587116,-0.357546817215,decay
41.27,0.37942011599,0.174251662459,0.524921824522,0.168704101567,-0.205168453532,-0.356217722955,decay
41.28,0.379441444559,0.17423900167,0.523729058697,0.168690192925,-0.205202442889,-0.355038865772,decay
41.29,0.379477138471,0.174226261301,0.522698355792,0.168676387815,-0.20525087717,-0.354021967977,decay
41.3,0.379526836694,0.174213439462,0.5218394845,0.168662692082,-0.205313397231,-0.353176792419,decay
41.31,0.379589377043,0.174200537821,0.521159604872,0.168649112187,-0.205388839222,-0.352510492685,decay
41.32,0.379662773581,0.17418756073,0.520662449318,0.168635654792,-0.205475212851,-0.352026794526,decay
41.33,0.379744246466,0.174174514415,0.520347545214,0.168622326314,-0.20556973205,-0.351725218899,decay
41.34,0.379830277743,0.174161406216,0.520209752904,0.168609132451,-0.205668871527,-0.351600620452,decay
41.35,0.379916837489,0.174148243857,0.520239415855,0.168596077657,-0.205768593632,-0.351643338199,decay
41.36,0.379999749042,0.174135034797,0.520423244801,0.168583164641,-0.205864714246,-0.351840080161,decay
41.37,0.380074930943,0.174121785776,0.520745805913,0.168570394111,-0.205953145168,-0.352175411802,decay
41.38,0.380138498474,0.174108502694,0.521191352824,0.168557764926,-0.20602999578,-0.352633587898,decay
41.39,0.380186952633,0.174095190711,0.521745613162,0.168545274522,-0.206091761922,-0.35320033864,decay
41.4,0.380217389117,0.174081854405,0.522397032756,0.1685329194,-0.206135534712,-0.353864113356,decay
41.41,0.380227467783,0.174068497951,0.523137241815,0.168520695563,-0.206158969832,-0.354616546252,decay
41.42,0.380215252733,0.174055125285,0.523960916572,0.168508598916,-0.206160127449,-0.355452317656,decay
41.43,0.380179190238,0.174041740277,0.524865278295,0.168496625626,-0.206137449962,-0.356368652668,decay
41.44,0.380118197164,0.174028346904,0.525849414454,0.16848477246,-0.20608985026,-0.357364641994,decay
41.45,0.380031801291,0.174014949432,0.526913682182,0.168473037099,-0.20601685186,-0.358440645083,decay
41.46,0.379920390912,0.174001552562,0.528059331146,0.168461418399,-0.20591883835,-0.359597912747,decay
41.47,0.379785448692,0.173988161459,0.5292881316,0.168449916497,-0.205797287233,-0.360838215103,decay
41.48,0.379629581118,0.173974781566,0.530601697506,0.168438532673,-0.205654799553,-0.362163164833,decay
41.49,0.379456409545,0.173961418266,0.53200043173,0.168427269039,-0.205494991279,-0.363573162691,decay
41.5,0.379270424831,0.173948076495,0.533482261954,0.168416128152,-0.205322348336,-0.365066133802,decay
41.51,0.37907668701,0.17393476034,0.535041428688,0.168405112608,-0.20514192667,-0.366636316079,decay
41.52,0.37888035589,0.173921472615,0.536667638816,0.168394224603,-0.204958883274,-0.368273414213,decay
41.53,0.37868631306,0.173908214413,0.538345882297,0.168383465449,-0.204778098647,-0.369962416848,decay
41.54,0.378498977925,0.173894984621,0.540056990526,0.168372835058,-0.204603993304,-0.371684155468,decay
41.55,0.378322162566,0.173881779401,0.541778847624,0.168362331358,-0.204440383165,-0.373416516266,decay
41.56,0.378158981246,0.173868591695,0.543488149154,0.168351949729,-0.204290389552,-0.375136199425,decay
41.57,0.37801193853,0.173855411044,0.545162392633,0.168341682676,-0.204156527486,-0.376820709957,decay
41.58,0.377883040066,0.173842223912,0.546781540566,0.168331519915,-0.204040816154,-0.378450020651,decay
41.59,0.377773740366,0.173829014362,0.548328954532,0.168321448741,-0.203944726004,-0.380007505792,decay
41.6,0.377684841634,0.17381576483,0.549791524444,0.168311454437,-0.203869076804,-0.381480070007,decay
41.61,0.377616484486,0.173802456882,0.551159106118,0.168301520643,-0.203814027605,-0.382857585475,decay
41.62,0.377568216485,0.173789071974,0.55242359364,0.168291629677,-0.203779144511,-0.384131963963,decay
41.63,0.377539167003,0.173775592221,0.55357810968,0.168281762815,-0.203763574782,-0.385296346866,decay
41.64,0.377528353261,0.173762001196,0.554616584421,0.168271900552,-0.203766352065,-0.386344683869,decay
41.65,0.377534911088,0.173748284774,0.555533616898,0.168262022841,-0.203786626314,-0.387271594057,decay
41.66,0.377558053807,0.173734431931,0.55632444362,0.168252109312,-0.203823621876,-0.388072334308,decay
41.67,0.377596923594,0.173720435131,0.55698499846,0.168242139461,-0.203876488463,-0.388742858999,decay
41.68,0.37765053642,0.173706290059,0.557512054701,0.1682320928,-0.203944246361,-0.389279961901,decay
41.69,0.377717718301,0.173691994886,0.557903390587,0.168221948972,-0.204025723415,-0.389681441616,decay
41.7,0.377797012863,0.173677549444,0.558158004339,0.168211687894,-0.204119463418,-0.389946316445,decay
41.71,0.377886723867,0.173662954459,0.558276405053,0.168201289915,-0.204223769408,-0.390075115137,decay
41.72,0.377984994846,0.173648210822,0.558260916834,0.168190736016,-0.204336784023,-0.390070180818,decay
41.73,0.378089768233,0.173633318915,0.558115955779,0.168180008049,-0.204456449318,-0.389935947729,decay
41.74,0.378198813329,0.173618277953,0.557848199187,0.16816908904,-0.204580535376,-0.389679110147,decay
41.75,0.378309966878,0.173603085357,0.557466429072,0.16815796354,-0.204706881521,-0.389308465532,decay
41.76,0.378421362646,0.173587736229,0.556980944526,0.168146618032,-0.204833626416,-0.388834326494,decay
41.77,0.378531461903,0.173572223244,0.556402790334,0.168135041303,-0.204959238659,-0.388267749032,decay
41.78,0.378638959929,0.173556537191,0.555743271075,0.168123224733,-0.205082422738,-0.387620046342,decay
41.79,0.378742625117,0.173540668003,0.555014100439,0.168111162556,-0.205201957114,-0.386902937883,decay
41.8,0.378841076712,0.17352460595,0.55422809523,0.168098852184,-0.205316470762,-0.386129243046,decay
41.81,0.378932668289,0.173508342905,0.553399893041,0.168086294643,-0.205424325384,-0.385313598397,decay
41.82,0.379015596304,0.173491873677,0.552546150165,0.16807349513,-0.205523722628,-0.384472655035,decay
41.83,0.379088065589,0.173475197446,0.551685055983,0.16806046369,-0.205612868143,-0.383624592293,decay
41.84,0.379148437919,0.173458319318,0.550835422101,0.168047216041,-0.205690118602,-0.38278820606,decay
41.85,0.379195550488,0.173441252018,0.550015631206,0.168033774539,-0.20575429847,-0.381981856667,decay
41.86,0.379229116339,0.173424017512,0.549242469344,0.168020169082,-0.205805098826,-0.381222300262,decay
41.87,0.379249850798,0.173406647762,0.54852985797,0.168006437253,-0.205843203036,-0.380523420717,decay
41.88,0.379259295785,0.173389184037,0.547887669794,0.167992623187,-0.205870111749,-0.379895046607,decay
41.89,0.37925954228,0.173371675219,0.547320803192,0.167978775514,-0.205887867061,-0.379342027678,decay
41.9,0.379252870903,0.173354175878,0.546828621939,0.16796494508,-0.205898695025,-0.378863676859,decay
41.91,0.379241334637,0.17333674442,0.546404896496,0.167951182676,-0.205904590217,-0.37845371382,decay
41.92,0.379226490754,0.173319441299,0.546038403675,0.167937536773,-0.205907049456,-0.378100866902,decay
41.93,0.379209345885,0.173302327233,0.545714201329,0.167924051191,-0.205907018652,-0.377790150139,decay
41.94,0.379190320692,0.173285461405,0.545415359004,0.167910762674,-0.205904859287,-0.37750459633,decay
41.95,0.379169208639,0.173268899584,0.545124798538,0.167897698314,-0.205900309055,-0.377227100224,decay
41.96,0.379145325831,0.173252692286,0.544826895215,0.167884873096,-0.205892633545,-0.376942022119,decay
41.97,0.379117791191,0.173236883439,0.544508548224,0.167872288562,-0.205880907752,-0.376636259662,decay
41.98,0.37908570809,0.173221509864,0.544159645587,0.167859933336,-0.205864198227,-0.376299712251,decay
41.99,0.379048310943,0.173206601289,0.543773102998,0.167847784929,-0.205841709654,-0.375925318068,decay
42,0.379005180938,0.173192180376,0.543344699213,0.167835811785,-0.205813000563,-0.375508887427,decay
42.01,0.378956344975,0.173178262525,0.54287289292,0.167823975174,-0.205778082449,-0.375048917746,decay
42.02,0.37890215785,0.173164855455,0.542358743041,0.167812230926,-0.205737302395,-0.374546512115,decay
42.03,0.378843130636,0.173151958525,0.541805886597,0.167800531043,-0.205691172111,-0.374005355554,decay
42.04,0.378779776592,0.173139561799,0.541220466588,0.167788825231,-0.205640214793,-0.373431641357,decay
42.05,0.378712463829,0.173127644843,0.540610974059,0.167777062382,-0.205584818986,-0.372833911678,decay
42.06,0.378641417833,0.173116175489,0.539987904664,0.167765191957,-0.205525242345,-0.372222712707,decay
42.07,0.378566920489,0.173105109412,0.539363008291,0.167753165043,-0.205461811076,-0.371609843248,decay
42.08,0.378489439521,0.173094391154,0.538748061027,0.167740934903,-0.205395048367,-0.371007126123,decay
42.09,0.378409542014,0.173083956124,0.538153429759,0.167728457199,-0.20532558589,-0.370424972559,decay
42.1,0.378327845945,0.173073732761,0.537586854043,0.167715690178,-0.205254113183,-0.369871163865,decay
42.11,0.378245159907,0.173063644553,0.537052749836,0.167702594952,-0.205181515354,-0.369350154884,decay
42.12,0.378162615294,0.173053611913,0.536552162852,0.167689135899,-0.20510900338,-0.368863026953,decay
42.13,0.378081751642,0.173043553982,0.536083386576,0.167675281193,-0.20503819766,-0.368408105383,decay
42.14,0.378004682541,0.173033390394,0.53564307997,0.167661003491,-0.204971292147,-0.367982076479,decay
42.15,0.377934226211,0.173023043052,0.535227503338,0.167646280783,-0.204911183159,-0.367581222555,decay
42.16,0.377873917163,0.173012437845,0.534833515634,0.167631097264,-0.204861479318,-0.36720241837,decay
42.17,0.377828030228,0.173001505927,0.53445918104,0.167615443687,-0.204826524301,-0.366843737353,decay
42.18,0.377801520329,0.172990184304,0.534103961407,0.167599316798,-0.204811336025,-0.366504644609,decay
42.19,0.377799615039,0.17297841599,0.533768565614,0.16758271816,-0.204821199049,-0.366185847454,decay
42.2,0.377827129152,0.17296615016,0.53345461118,0.167565652925,-0.204860978992,-0.365888958255,decay
42.21,0.377887794028,0.172953342502,0.533164182664,0.167548128749,-0.204934451526,-0.365616053915,decay
42.22,0.377983694276,0.172939955799,0.532899262592,0.167530154876,-0.205043738477,-0.365369107715,decay
42.23,0.378114815693,0.172925960751,0.53266113234,0.167511741354,-0.205188854942,-0.365149390986,decay
42.24,0.378278900061,0.172911337077,0.532450036941,0.167492898382,-0.205367562985,-0.364957138559,decay
42.25,0.378471678653,0.172896074908,0.532265310778,0.167473635765,-0.205575603745,-0.364791675013,decay
42.26,0.378687211313,0.17288017623,0.532105808536,0.167453962493,-0.205807035083,-0.364651846043,decay
42.27,0.378918241393,0.172863655566,0.53197029381,0.167433886452,-0.206054585828,-0.364536407357,decay
42.28,0.379156790622,0.172846539266,0.531857589183,0.167413414312,-0.206310251355,-0.364444174871,decay
42.29,0.379394933695,0.172828863884,0.531766512982,0.16739255155,-0.206566069811,-0.364373961432,decay
42.3,0.37962543998,0.172810674464,0.53169577645,0.16737130258,-0.206814765517,-0.36432447387,decay
42.31,0.379842253238,0.172792023078,0.531644104528,0.167349670955,-0.20705023016,-0.364294433573,decay
42.32,0.380040909391,0.172772967605,0.53161070628,0.167327659663,-0.207267941785,-0.364283046618,decay
42.33,0.380218776855,0.172753570714,0.531595883231,0.167305271502,-0.207465206141,-0.364290611729,decay
42.34,0.380375019976,0.172733899025,0.531601363304,0.167282509556,-0.207641120951,-0.364318853748,decay
42.35,0.380510332339,0.172714022417,0.531630112317,0.167259377761,-0.207796309922,-0.364370734556,decay
42.36,0.380626394782,0.172694013416,0.531685794091,0.167235881531,-0.207932381366,-0.36444991256,decay
42.37,0.380725049365,0.172673946482,0.53177238765,0.167212028261,-0.208051102883,-0.364560359388,decay
42.38,0.380807546644,0.172653897061,0.531894382278,0.167187827598,-0.208153649583,-0.36470655468,decay
42.39,0.380874260416,0.17263394046,0.532057423067,0.167163291563,-0.208240319955,-0.364894131504,decay
42.4,0.380924799193,0.172614150639,0.532268819456,0.167138434731,-0.208310648554,-0.365130384725,decay
42.41,0.380958271626,0.172594598959,0.532537473141,0.167113274514,-0.208363672667,-0.365424198628,decay
42.42,0.380973674467,0.172575352849,0.532873188626,0.167087831581,-0.208398321617,-0.365785357046,decay
42.43,0.380970302275,0.172556474345,0.533285516478,0.167062130402,-0.20841382793,-0.366223386076,decay
42.44,0.380947949404,0.17253801847,0.533782406882,0.16703619992,-0.208409930934,-0.366746206962,decay
42.45,0.380906946051,0.172520031414,0.534369015638,0.167010074366,-0.208386914636,-0.367358941272,decay
42.46,0.380848224026,0.17250254873,0.535046788112,0.166983794031,-0.208345675296,-0.36806299408,decay
42.47,0.380773391206,0.172485594343,0.535812827887,0.16695740549,-0.208287796863,-0.368855422397,decay
42.48,0.380684749691,0.172469180977,0.536659697399,0.166930960838,-0.208215568713,-0.369728736561,decay
42.49,0.380585317988,0.172453311513,0.537575687506,0.166904516252,-0.208132006476,-0.370671171254,decay
42.5,0.380478788312,0.172437980437,0.538545320147,0.166878130372,-0.208040807875,-0.371667189775,decay
42.51,0.380369197845,0.172423175062,0.539549971137,0.166851862704,-0.207946022783,-0.372698108433,decay
42.52,0.380260343558,0.17240887649,0.540568790022,0.166825772025,-0.207851467068,-0.373743017997,decay
42.53,0.380155265428,0.172395060347,0.541580020612,0.166799914743,-0.207760205081,-0.37478010587,decay
42.54,0.380055931751,0.172381697305,0.542562523146,0.166774343179,-0.207674234446,-0.375788179967,decay
42.55,0.379963030216,0.172368753404,0.543497206786,0.166749103721,-0.207594276812,-0.376748103065,decay
42.56,0.379875940579,0.172356190265,0.544368220265,0.16672423507,-0.207519750314,-0.377643985195,decay
42.57,0.379792976225,0.172343965454,0.545163828603,0.16669976732,-0.207449010771,-0.378464061283,decay
42.58,0.379711747533,0.172332033187,0.545876903642,0.166675722443,-0.207379714346,-0.379201181199,decay
42.59,0.379629576281,0.172320345269,0.546504971582,0.166652115721,-0.207309231012,-0.379852855861,decay
42.6,0.379543990217,0.172308852038,0.547049735626,0.166628957339,-0.207235138179,-0.380420778287,decay
42.61,0.37945311673,0.172297503221,0.547516027444,0.166606253815,-0.207155613509,-0.380909773629,decay
42.62,0.379355776492,0.17228624875,0.547910328063,0.166584009251,-0.207069527742,-0.381326318812,decay
42.63,0.379251386098,0.172275039522,0.548239171313,0.166562226443,-0.206976346577,-0.38167694487,decay
42.64,0.379139827807,0.172263828173,0.548507864498,0.166540907846,-0.206875999633,-0.381966956652,decay
42.65,0.379021185553,0.172252569854,0.548719982828,0.166520056421,-0.206768615698,-0.382199926407,decay
42.66,0.378895318427,0.172241222954,0.548877785889,0.166499676328,-0.206654095473,-0.38237810956,decay
42.67,0.378761566958,0.172229749498,0.548983218513,0.166479773319,-0.20653181746,-0.382503445193,decay
42.68,0.378618766154,0.172218115012,0.549038903481,0.16646035474,-0.206400651142,-0.382578548742,decay
42.69,0.378465420092,0.172206288026,0.549048634707,0.166441429207,-0.206259132066,-0.3826072055,decay
42.7,0.378299994418,0.172194239531,0.549017220452,0.166423006125,-0.206105754887,-0.382594214327,decay
42.71,0.378121350971,0.172181942511,0.54894990388,0.166405095075,-0.205939408461,-0.382544808805,decay
42.72,0.37792907634,0.172169371566,0.548851772689,0.166387705088,-0.205759704774,-0.382464067601,decay
42.73,0.377723512059,0.172156502617,0.548727400434,0.166370843781,-0.205567009442,-0.382356556653,decay
42.74,0.377505629866,0.172143312706,0.548580639449,0.166354516329,-0.20536231716,-0.382226123121,decay
42.75,0.377276848816,0.172129779884,0.548414425885,0.16633872428,-0.205147068931,-0.382075701605,decay
42.76,0.377038744456,0.172115883214,0.548230682859,0.166323464359,-0.204922861242,-0.381907218499,decay
42.77,0.376792787934,0.17210160291,0.548030606466,0.166308727843,-0.204691185024,-0.381721878623,decay
42.78,0.376540335733,0.172086920669,0.547815530036,0.166294500936,-0.204453415064,-0.3815210291,decay
42.79,0.376282792618,0.172071820164,0.547588154827,0.166280765821,-0.204210972454,-0.381307389006,decay
42.8,0.376021738523,0.172056287693,0.54735355846,0.166267501791,-0.20396545083,-0.381086056669,decay
42.81,0.375759056739,0.172040312969,0.54711940537,0.166254686234,-0.20371874377,-0.380864719136,decay
42.82,0.375497139173,0.172023890077,0.546895102472,0.16624229547,-0.203473249096,-0.380652807003,decay
42.83,0.375239012156,0.172007018613,0.546690025452,0.16623030545,-0.203231993543,-0.380459720002,decay
42.84,0.374988312753,0.171989705014,0.546511303135,0.166218692359,-0.202998607739,-0.380292610777,decay
42.85,0.374749254532,0.171971964119,0.546361871105,0.166207433101,-0.202777290413,-0.380154438004,decay
42.86,0.374526523649,0.171953820701,0.546239448678,0.166196505709,-0.202572702947,-0.380042942969,decay
42.87,0.374324954229,0.171935310159,0.546136821935,0.166185889614,-0.20238964407,-0.379950932321,decay
42.88,0.374149193744,0.171916477752,0.546043420963,0.166175565792,-0.202232715992,-0.37986785517,decay
42.89,0.374003621041,0.171897376834,0.545947722747,0.166165516783,-0.202106244207,-0.379782205964,decay
42.9,0.373892382718,0.171878066901,0.545839760529,0.166155726654,-0.202014315817,-0.379684033875,decay
42.91,0.37381932762,0.171858611781,0.545713112387,0.166146180912,-0.201960715839,-0.379566931475,decay
42.92,0.37378782911,0.171839077941,0.545565941429,0.166136866376,-0.201948751169,-0.379429075053,decay
42.93,0.373800480372,0.171819532872,0.545400829873,0.166127771006,-0.2019809475,-0.379273058866,decay
42.94,0.373858643355,0.17180004351,0.545223399209,0.166118883694,-0.202058599845,-0.379104515515,decay
42.95,0.373962093534,0.171780674653,0.545040048605,0.166110194013,-0.202181418881,-0.378929854592,decay
42.96,0.374109012715,0.171761487466,0.544855483561,0.166101691934,-0.202347525249,-0.378753791627,decay
42.97,0.374296137576,0.171742538465,0.544670939699,0.166093367551,-0.202553599111,-0.378577572149,decay
42.98,0.374518775597,0.17172387926,0.544483820992,0.166085210827,-0.202794896337,-0.378398610165,decay
42.99,0.374770804814,0.171705556813,0.54428875766,0.166077211347,-0.203065248001,-0.378211546313,decay
43,0.375044831606,0.171687613737,0.544079352588,0.16606935804,-0.203357217869,-0.378009994548,decay
43.01,0.375332474841,0.171670088464,0.543849699687,0.166061638848,-0.203662386377,-0.377788060839,decay
43.02,0.375624837652,0.171653015249,0.543595153854,0.16605404035,-0.203971822403,-0.377541113504,decay
43.03,0.375913203855,0.171636424002,0.543312366169,0.166046547325,-0.204276779853,-0.377265818844,decay
43.04,0.376189675613,0.171620339941,0.542998940599,0.166039142257,-0.204569335672,-0.376959798342,decay
43.05,0.376447495409,0.171604783048,0.542653191621,0.166031804779,-0.204842712361,-0.376621386842,decay
43.06,0.376681144563,0.171589767439,0.542274370983,0.166024511154,-0.205091377124,-0.376249859829,decay
43.07,0.37688635336,0.171575301038,0.541863407002,0.166017234118,-0.205311052322,-0.375846172884,decay
43.08,0.377060018858,0.171561385832,0.541423847452,0.16600994333,-0.205498633025,-0.375413904121,decay
43.09,0.377200142764,0.171548018498,0.540962553578,0.166002606264,-0.205652124267,-0.374959947314,decay
43.1,0.377305923755,0.171535190977,0.540489766979,0.165995189216,-0.205770732778,-0.374494577763,decay
43.11,0.377377783728,0.171522890867,0.540018379836,0.165987658319,-0.205854892862,-0.374030721518,decay
43.12,0.377417045713,0.171511101593,0.539562574514,0.165979980578,-0.20590594412,-0.373582593936,decay
43.13,0.377425447754,0.171499802396,0.539136224262,0.16597212494,-0.205925645358,-0.373164099322,decay
43.14,0.377404841844,0.171488968117,0.538751392063,0.165964063442,-0.205915873727,-0.372787328621,decay
43.15,0.377357155087,0.171478568789,0.538417153688,0.165955772439,-0.205878586298,-0.372461381249,decay
43.16,0.377284631275,0.171468569195,0.538138880951,0.1659472338,-0.20581606208,-0.372191647151,decay
43.17,0.377190356176,0.171458928885,0.537918016599,0.165938435555,-0.205731427291,-0.371979581044,decay
43.18,0.377078785871,0.171449603008,0.537752358444,0.165929371637,-0.205629182864,-0.371822986807,decay
43.19,0.37695593414,0.171440543733,0.537636839969,0.165920041004,-0.205515390407,-0.371716798966,decay
43.2,0.376829168534,0.171431701763,0.537564713349,0.165910446664,-0.205397466771,-0.371654266685,decay
43.21,0.3767066571,0.171423027772,0.537528997237,0.165900594823,-0.205283629328,-0.371628402414,decay
43.22,0.376596381029,0.171414473799,0.537523915577,0.165890494136,-0.20518190723,-0.371633421441,decay
43.23,0.376504876864,0.171405994608,0.537545952314,0.165880155073,-0.205098882256,-0.371665797241,decay
43.24,0.376436312648,0.171397549072,0.537594264331,0.16586958937,-0.205038763576,-0.371724674961,decay
43.25,0.376392293786,0.171389101595,0.537670358708,0.165858809559,-0.205003192191,-0.371811549149,decay
43.26,0.376372218728,0.171380623427,0.537777153233,0.165847828559,-0.204991595301,-0.371929324674,decay
43.27,0.376373942487,0.171372093302,0.537917787669,0.16583665925,-0.205001849186,-0.372081128419,decay
43.28,0.376394571837,0.171363496982,0.53809456023,0.165825314004,-0.205031074855,-0.372269246226,decay
43.29,0.376431004272,0.171354826034,0.538308224954,0.165813804171,-0.205076178238,-0.372494420783,decay
43.3,0.376480005727,0.171346076439,0.53855780153,0.165802139574,-0.205133929288,-0.372755661956,decay
43.31,0.376538084488,0.171337247271,0.538840860614,0.165790328021,-0.205200837217,-0.373050532593,decay
43.32,0.376601390837,0.171328339444,0.539154019245,0.165778374817,-0.205273051393,-0.373375644428,decay
43.33,0.376665666445,0.171319354509,0.539493401554,0.165766282288,-0.205346311937,-0.373727119266,decay
43.34,0.376726345309,0.171310293476,0.539854988434,0.165754049274,-0.205416051833,-0.37410093916,decay
43.35,0.376778866563,0.171301155655,0.540234817672,0.165741670619,-0.205477710908,-0.374493147053,decay
43.36,0.376818982799,0.171291937584,0.540628988039,0.165729136733,-0.205527045216,-0.374899851306,decay
43.37,0.376842896839,0.171282632354,0.541033513428,0.165716433561,-0.205560264485,-0.375317079867,decay
43.38,0.376847425221,0.171273229558,0.541444127025,0.165703543212,-0.205574195663,-0.375740583813,decay
43.39,0.376830321003,0.17126371568,0.54185606719,0.165690445078,-0.205566605323,-0.376165622112,decay
43.4,0.376790456917,0.17125407461,0.542263797724,0.165677117097,-0.205536382307,-0.376586680627,decay
43.41,0.376727671822,0.171244288151,0.542660681823,0.165663537073,-0.205483383671,-0.37699714475,decay
43.42,0.376642520013,0.171234336533,0.543038752287,0.165649684042,-0.20540818348,-0.377389068245,decay
43.43,0.376536106258,0.171224198934,0.543388711105,0.165635539723,-0.205311907324,-0.377753171382,decay
43.44,0.376410003793,0.171213854025,0.543700329241,0.165621090083,-0.205196149768,-0.378079239158,decay
43.45,0.376266344371,0.17120328056,0.543963424098,0.165606327038,-0.205063063812,-0.378357097061,decay
43.46,0.376108059396,0.17119245798,0.54416923006,0.165591250075,-0.204915601416,-0.378577979985,decay
43.47,0.375939017238,0.171181366968,0.544311595358,0.16557586704,-0.20475765027,-0.378735728317,decay
43.48,0.375763926318,0.171169989886,0.544387452312,0.165560193503,-0.204593936432,-0.378827258809,decay
43.49,0.375588083867,0.171158311165,0.544396344816,0.165544251157,-0.204429772702,-0.378852093659,decay
43.5,0.375416981672,0.171146317751,0.544339276492,0.165528066016,-0.204270663921,-0.378811210476,decay
43.51,0.375255706355,0.171133999673,0.544217508682,0.165511666723,-0.204121706682,-0.378705841958,decay
43.52,0.37510831283,0.171121350728,0.544032009418,0.165495082964,-0.203986962102,-0.378536926453,decay
43.53,0.374977522346,0.171108369316,0.543783960805,0.165478343942,-0.203869153029,-0.378305616863,decay
43.54,0.374864794257,0.171095059423,0.543476220042,0.165461476901,-0.203769734834,-0.37801474314,decay
43.55,0.374770604428,0.171081431783,0.54311527281,0.165444505654,-0.203689172645,-0.377670767156,decay
43.56,0.37469490133,0.171067504994,0.542713028177,0.165427449233,-0.203627396336,-0.377285578945,decay
43.57,0.374637595855,0.171053305912,0.542287671277,0.1654103211,-0.203584289943,-0.376877350176,decay
43.58,0.374598762986,0.171038868773,0.541862987669,0.16539312924,-0.203559894212,-0.37646985843,decay
43.59,0.374578544786,0.171024233441,0.541466183555,0.165375876866,-0.203554311344,-0.376090306689,decay
43.6,0.374577022341,0.17100944348,0.541124831175,0.165358563287,-0.20356757886,-0.375766267888,decay
43.61,0.374594150717,0.170994544302,0.540863796091,0.16534118474,-0.203599606415,-0.37552261135,decay
43.62,0.374629736658,0.170979581389,0.540702856308,0.165323735191,-0.20365015527,-0.375379121117,decay
43.63,0.374683557573,0.170964598536,0.540655391541,0.165306207113,-0.203718959037,-0.375349184428,decay
43.64,0.374755609994,0.170949636096,0.540728077564,0.165288592265,-0.203805973897,-0.375439485299,decay
43.65,0.374846211329,0.170934729161,0.540921172265,0.165270882475,-0.203911482167,-0.37565028979,decay
43.66,0.374955843916,0.17091990586,0.541229002293,0.165253070389,-0.204035938056,-0.375975931904,decay
43.67,0.375084975031,0.170905186321,0.541640421533,0.165235150028,-0.20417978871,-0.376405271506,decay
43.68,0.375233962506,0.170890582741,0.542139143153,0.165217117025,-0.204343379765,-0.376922026128,decay
43.69,0.375402948223,0.1708761002,0.542704116448,0.165198968657,-0.204526848024,-0.377505147791,decay
43.7,0.375591784404,0.17086173762,0.543310307477,0.165180703847,-0.204730046785,-0.37812960363,decay
43.71,0.375800038186,0.170847488615,0.543930069896,0.165162323211,-0.20495254957,-0.378767746685,decay
43.72,0.376026934526,0.170833342229,0.544534998873,0.165143829168,-0.205193592297,-0.379391169705,decay
43.73,0.376271266842,0.170819283567,0.545097977846,0.165125226102,-0.205451983275,-0.379972751744,decay
43.74,0.376531485683,0.170805294348,0.545595029851,0.16510652059,-0.205726191335,-0.380488509261,decay
43.75,0.376805890199,0.170791353375,0.546006609861,0.165087721681,-0.206014536824,-0.380918888179,decay
43.76,0.377092695131,0.170777436967,0.546318190095,0.165068841203,-0.206315258164,-0.381249348891,decay
43.77,0.377390029728,0.170763519426,0.546520281881,0.165049893927,-0.206626510302,-0.381470387953,decay
43.78,0.377696009097,0.17074957361,0.546608156954,0.165030897483,-0.206946435487,-0.38157725947,decay
43.79,0.378008780706,0.170735571581,0.546581474407,0.165011872109,-0.207273209125,-0.381569602298,decay
43.8,0.37832647035,0.170721485281,0.546443949302,0.164992840379,-0.207604985069,-0.381451108924,decay
43.81,0.378647200219,0.170707287226,0.54620308593,0.164973826976,-0.207939912993,-0.381229258954,decay
43.82,0.378969212788,0.170692951221,0.545869858032,0.164954858494,-0.208276261568,-0.380914999538,decay
43.83,0.379290869499,0.170678453132,0.545458210863,0.164935963267,-0.208612416367,-0.380522247596,decay
43.84,0.379610532888,0.170663771726,0.544984402625,0.164917171216,-0.208946761162,-0.380067231409,decay
43.85,0.379926533972,0.170648889587,0.544466312063,0.1648985137,-0.209277644385,-0.379567798362,decay
43.86,0.380237169845,0.170633794022,0.543922866052,0.164880023341,-0.209603375823,-0.379042842711,decay
43.87,0.380540671447,0.170618477549,0.543373731229,0.164861733731,-0.209922193897,-0.378511997498,decay
43.88,0.380835308979,0.170602937697,0.54283920375,0.164843678949,-0.210232371282,-0.377995524801,decay
43.89,0.381119645293,0.170587176326,0.542339941583,0.164825892924,-0.210532468967,-0.377514048659,decay
43.9,0.381392697248,0.17057119889,0.541896259859,0.164808408691,-0.210821498357,-0.377087851168,decay
43.91,0.381653892598,0.170555013804,0.541527091164,0.164791257573,-0.211098878794,-0.376735833591,decay
43.92,0.38190292083,0.170538631897,0.541248915658,0.164774468253,-0.211364288934,-0.376474447405,decay
43.93,0.382139500487,0.170522065969,0.541074881396,0.164758065721,-0.211617434519,-0.376316815675,decay
43.94,0.382363062113,0.170505330422,0.541014237518,0.164742070075,-0.211857731691,-0.376272167443,decay
43.95,0.382572589096,0.170488440968,0.541072158098,0.164726495145,-0.212084148128,-0.376345662953,decay
43.96,0.38276677608,0.170471414355,0.541249974071,0.164711347133,-0.212295361725,-0.376538626938,decay
43.97,0.382944241298,0.170454268023,0.541545804326,0.164696623926,-0.212489973274,-0.376849180401,decay
43.98,0.383103582242,0.170437019576,0.541955522424,0.164682315558,-0.212666562667,-0.377273206866,decay
43.99,0.383243418754,0.170419686126,0.542473827045,0.164668405475,-0.212823732628,-0.37780542157,decay
44,0.383362471228,0.170402283618,0.543095090781,0.164654871889,-0.21296018761,-0.378440218892,decay
44.01,0.383459601369,0.17038482614,0.543813827529,0.164641688983,-0.213074775229,-0.379172138546,decay
44.02,0.383533992246,0.170367325228,0.544624742273,0.164628827954,-0.213166667018,-0.379995914319,decay
44.03,0.383585594361,0.170349789148,0.545522219059,0.164616257921,-0.213235805214,-0.380905961138,decay
44.04,0.38361557581,0.170332222126,0.546499217956,0.164603946722,-0.213283353684,-0.381895271234,decay
44.05,0.383626492511,0.170314623538,0.547545987062,0.164591861614,-0.213311868973,-0.382954125449,decay
44.06,0.383622147933,0.170296987181,0.548649218239,0.164579969877,-0.213325160751,-0.384069248363,decay
44.07,0.383607125726,0.17027930113,0.549792085925,0.164568239277,-0.213327824595,-0.385223846649,decay
44.08,0.383585986949,0.170261548556,0.550955263033,0.164556638349,-0.213324438393,-0.386398624684,decay
44.09,0.383562414683,0.170243709228,0.552118703451,0.164545136547,-0.213318705456,-0.387573566903,decay
44.1,0.383538645723,0.170225761213,0.553263768268,0.164533704354,-0.213312884509,-0.388730063914,decay
44.11,0.383515184938,0.170207682592,0.554375171533,0.164522313369,-0.213307502346,-0.389852858164,decay
44.12,0.383490736823,0.170189453193,0.555442212497,0.164510936406,-0.21330128363,-0.390931276091,decay
44.13,0.383462520558,0.170171056399,0.556458839282,0.164499547593,-0.213291464159,-0.391959291689,decay
44.14,0.383426949168,0.170152481038,0.557422367566,0.164488122494,-0.21327446813,-0.392934245072,decay
44.15,0.383380321633,0.170133723409,0.558331257689,0.164476638252,-0.213246598224,-0.393854619437,decay
44.16,0.383319331026,0.170114789155,0.559182911927,0.164465073748,-0.213204541871,-0.394717838178,decay
44.17,0.383241378414,0.17009569407,0.559972470566,0.164453409712,-0.213145684344,-0.395519060853,decay
44.18,0.383144637855,0.170076463117,0.56069306119,0.164441628743,-0.213068174737,-0.396251432447,decay
44.19,0.383027989547,0.170057128201,0.561337253085,0.164429715283,-0.212970861345,-0.396907537802,decay
44.2,0.382891114404,0.170037725629,0.561898914135,0.16441765562,-0.212853388774,-0.397481258515,decay
44.21,0.382734735362,0.170018293641,0.562374544654,0.164405437951,-0.212716441721,-0.397969106703,decay
44.22,0.382560616539,0.169998869983,0.562763564824,0.164393052507,-0.212561746556,-0.398370512317,decay
44.23,0.382371177222,0.169979489483,0.563067718745,0.164380491757,-0.212391687739,-0.398687226988,decay
44.24,0.382169027275,0.169960181579,0.563290176748,0.164367750684,-0.212208845697,-0.398922426064,decay
44.25,0.38195661927,0.169940967744,0.563434765974,0.164354827147,-0.212015651526,-0.399079938827,decay
44.26,0.381735989217,0.169921859122,0.563505417593,0.164341722251,-0.211814130095,-0.399163695342,decay
44.27,0.381508693825,0.169902855378,0.563505730932,0.164328440475,-0.211605838447,-0.399177290457,decay
44.28,0.381275972969,0.169883945559,0.563438483439,0.164314989356,-0.21139202741,-0.399123494083,decay
44.29,0.381038870394,0.169865110359,0.56330499908,0.164301378891,-0.211173760035,-0.399003620189,decay
44.3,0.380798218109,0.169846324724,0.563104488288,0.164287620891,-0.210951893386,-0.398816867397,decay
44.31,0.380554717422,0.169827560392,0.5628335795,0.164273728397,-0.21072715703,-0.398559851103,decay
44.32,0.380309213811,0.169808788362,0.562486260167,0.164259715155,-0.210500425449,-0.398226545013,decay
44.33,0.380063059929,0.169789981351,0.562054463552,0.164245595133,-0.210273078578,-0.397808868419,decay
44.34,0.379818514582,0.169771116277,0.561529492145,0.164231382074,-0.210047398305,-0.397298110071,decay
44.35,0.37957903531,0.169752176821,0.560904155877,0.164217089071,-0.209826858489,-0.396687066805,decay
44.36,0.379349128034,0.169733155815,0.560175064467,0.164202728173,-0.209615972219,-0.395972336294,decay
44.37,0.37913365442,0.169714056613,0.55934435215,0.164188310072,-0.209419597807,-0.395156042078,decay
44.38,0.378936952914,0.16969489277,0.558420350671,0.164173843906,-0.209242060143,-0.394246506765,decay
44.39,0.378762109958,0.169675686571,0.557417136232,0.164159337137,-0.209086423388,-0.393257799096,decay
44.4,0.378610464904,0.169656467272,0.55635330132,0.164144795438,-0.208953997632,-0.392208505882,decay
44.41,0.378481502106,0.169637269456,0.555250541924,0.164130222572,-0.20884423265,-0.391120319351,decay
44.42,0.378373227019,0.16961813145,0.554132404633,0.164115620243,-0.208755095569,-0.39001678439,decay
44.43,0.378282722017,0.169599093818,0.553023145869,0.164100987923,-0.208683628199,-0.388922157946,decay
44.44,0.378206564332,0.169580197858,0.551946634321,0.164086322655,-0.208626366473,-0.387860311666,decay
44.45,0.378141124447,0.169561484097,0.550925346334,0.164071618822,-0.20857964035,-0.386853727512,decay
44.46,0.378082794446,0.169542990843,0.549979471795,0.164056867953,-0.208539803604,-0.385922603842,decay
44.47,0.378028137099,0.169524753128,0.54912611638,0.164042058784,-0.208503383971,-0.385084057596,decay
44.48,0.377974077048,0.169506802284,0.54837863316,0.164027177739,-0.208467274764,-0.384351455421,decay
44.49,0.377918168194,0.169489165921,0.54774607434,0.164012209715,-0.208429002273,-0.383733864624,decay
44.5,0.377858653866,0.16947186794,0.547232677973,0.163997138968,-0.208386785926,-0.383235539006,decay
44.51,0.377794109872,0.169454928424,0.546837429917,0.16398195001,-0.208339181448,-0.382855479907,decay
44.52,0.377722920657,0.169438363383,0.546553873147,0.163966628546,-0.208284557274,-0.382587244601,decay
44.53,0.377642940489,0.169422184341,0.546370251732,0.163951162452,-0.208220756148,-0.38241908928,decay
44.54,0.377551389637,0.169406397762,0.546269993349,0.163935542824,-0.208144991874,-0.382334450525,decay
44.55,0.377445036667,0.169391004301,0.546232552179,0.163919765113,-0.208054032366,-0.382312787067,decay
44.56,0.377320865402,0.169375998038,0.546234573352,0.163903830218,-0.207944867364,-0.382330743134,decay
44.57,0.377177064864,0.169361366272,0.546251188633,0.163887745102,-0.207815698592,-0.38236344353,decay
44.58,0.377013814744,0.169347090289,0.546257238914,0.163871522585,-0.207666724455,-0.382385716329,decay
44.59,0.376833563376,0.169333146792,0.54622835901,0.163855180574,-0.207500416584,-0.382373178437,decay
44.6,0.376640791576,0.169319509436,0.546141936941,0.163838741204,-0.20732128214,-0.382303195737,decay
44.61,0.376441321178,0.169306150253,0.545977963321,0.163822230052,-0.207135170925,-0.382155733269,decay
44.62,0.376241367717,0.16929304097,0.545719795591,0.163805675429,-0.206948326747,-0.381914120162,decay
44.63,0.376046650437,0.169280154258,0.545354871044,0.163789107737,-0.206766496179,-0.381565763307,decay
44.64,0.375861689617,0.169267464929,0.544875406597,0.163772558869,-0.206594224688,-0.381102847728,decay
44.65,0.375689275913,0.169254951111,0.544279105137,0.163756061633,-0.206434324802,-0.380523043504,decay
44.66,0.375530291761,0.169242595302,0.543569830879,0.163739649195,-0.206287696459,-0.379830181685,decay
44.67,0.37538408728,0.169230384934,0.542758056749,0.16372335452,-0.206153702346,-0.379034702228,decay
44.68,0.375249188448,0.169218312172,0.541860780333,0.163707209822,-0.206030876276,-0.378153570511,decay
44.69,0.375123958837,0.169206373159,0.54090082566,0.163691245975,-0.205917585677,-0.377209579686,decay
44.7,0.37500714884,0.169194567123,0.539905695601,0.163675491879,-0.205812581718,-0.376230203722,decay
44.71,0.374898313974,0.169182895468,0.538906074862,0.163659973751,-0.205715418506,-0.375246101111,decay
44.72,0.374797980086,0.169171360882,0.537933964301,0.163644714314,-0.205626619204,-0.374289249987,decay
44.73,0.374707665309,0.16915996642,0.53702047695,0.163629731876,-0.205547698888,-0.373390745075,decay
44.74,0.374629866081,0.169148714563,0.536193483674,0.163615039271,-0.205481151518,-0.372578444403,decay
44.75,0.374567786911,0.169137606233,0.535475468708,0.163600642652,-0.205430180678,-0.371874826056,decay
44.76,0.374524721099,0.169126639831,0.53488206074,0.163586540283,-0.205398081268,-0.371295520458,decay
44.77,0.374503382214,0.169115810566,0.534421638428,0.163572721914,-0.205387571647,-0.370848916514,decay
44.78,0.374505438623,0.169105110252,0.534096067723,0.163559169161,-0.205400328371,-0.370536898562,decay
44.79,0.374531223824,0.16909452743,0.533902175332,0.163545856569,-0.205436696394,-0.370356318763,decay
44.8,0.374579620336,0.169084047534,0.533833407034,0.16353275276,-0.205495572802,-0.370300654274,decay
44.81,0.37464820038,0.169073652982,0.533881303877,0.16351982146,-0.205574547398,-0.370361482417,decay
44.82,0.374733483033,0.169063323197,0.534036618567,0.163507022386,-0.205670159836,-0.370529596181,decay
44.83,0.374831142224,0.169053034563,0.534290052405,0.163494312034,-0.205778107661,-0.370795740371,decay
44.84,0.374936356498,0.169042760308,0.53463271675,0.163481644378,-0.20589359619,-0.371151072373,decay
44.85,0.375044438998,0.169032470337,0.53505628924,0.163468971507,-0.20601196866,-0.371587317733,decay
44.86,0.375151473151,0.169022131096,0.535552740032,0.16345624421,-0.206129342056,-0.372096495823,decay
44.87,0.37525473457,0.169011705783,0.536113744018,0.163443412441,-0.206243028787,-0.372670331577,decay
44.88,0.375352958977,0.169001155145,0.536730008144,0.16343042568,-0.206351803832,-0.373299582463,decay
44.89,0.375446444597,0.168990438696,0.53739057846,0.163417233199,-0.206456005901,-0.37397334526,decay
44.9,0.375536883822,0.168979516092,0.538082163366,0.163403784347,-0.206557367729,-0.37467837902,decay
44.91,0.375626968117,0.168968348562,0.538788678961,0.163390028878,-0.206658619555,-0.375398650084,decay
44.92,0.375719844658,0.168956900407,0.539491361613,0.163375917357,-0.206762944251,-0.376115444255,decay
44.93,0.375818374249,0.168945140622,0.540169723699,0.163361401655,-0.206873233627,-0.376808322045,decay
44.94,0.375924304365,0.168933044649,0.540803321665,0.163346435543,-0.206991259715,-0.377456886122,decay
44.95,0.376037766545,0.168920596323,0.541373930464,0.163330975436,-0.207117170223,-0.378042955028,decay
44.96,0.376157306743,0.16890778971,0.541867539144,0.163314981207,-0.207249517033,-0.378552557937,decay
44.97,0.376280284271,0.168894629918,0.542275759038,0.163298416898,-0.207385654353,-0.378977342141,decay
44.98,0.376403536157,0.168881132145,0.542596490196,0.163281251172,-0.207522404012,-0.379315239024,decay
44.99,0.376524235645,0.168867319518,0.542833701116,0.16326345766,-0.207656916127,-0.379570243456,decay
45,0.376640558171,0.16885322069,0.54299626254,0.163245015429,-0.207787337482,-0.379751247111,decay
45.01,0.376751833701,0.168838867563,0.54309614797,0.163225909689,-0.207912966138,-0.379870238281,decay
45.02,0.376858325612,0.168824293145,0.543146482412,0.163206132762,-0.208034032468,-0.37994034965,decay
45.03,0.376960816829,0.168809529473,0.543159743245,0.163185685324,-0.208151287356,-0.379974057921,decay
45.04,0.377060062532,0.168794605592,0.543146239105,0.163164577958,-0.20826545694,-0.379981661148,decay
45.05,0.377156367033,0.168779545526,0.543112879052,0.163142833018,-0.208376821507,-0.379970046033,decay
45.06,0.377249549865,0.16876436644,0.543062255039,0.163120486484,-0.208485183424,-0.379941768555,decay
45.07,0.37733918511,0.168749077682,0.542992302873,0.163097588638,-0.208590107428,-0.379894714234,decay
45.08,0.37742481843,0.168733681214,0.542897002752,0.163074202707,-0.208691137217,-0.379822800045,decay
45.09,0.377506135093,0.168718173035,0.542768294176,0.163050402091,-0.208787962058,-0.379717892085,decay
45.1,0.377583172409,0.168702544872,0.542598651631,0.163026267336,-0.208880627537,-0.379572384295,decay
45.11,0.377656423449,0.168686785848,0.542383339466,0.163001883281,-0.208969637602,-0.379381456185,decay
45.12,0.377726740292,0.168670884151,0.542121679917,0.162977336359,-0.209055856141,-0.379144343558,decay
45.13,0.377795227397,0.168654828717,0.541817209166,0.162952711979,-0.20914039868,-0.378864497187,decay
45.14,0.37786316717,0.168638610951,0.541476960421,0.162928091943,-0.209224556218,-0.378548868478,decay
45.15,0.37793185541,0.168622226547,0.541110373955,0.162903551818,-0.209309628863,-0.378206822137,decay
45.16,0.378002423367,0.168605677195,0.540728316007,0.162879158492,-0.209396746172,-0.377849157516,decay
45.17,0.378075711956,0.168588971632,0.540342329409,0.162854968725,-0.209486740324,-0.377487360684,decay
45.18,0.378152047528,0.168572125563,0.539963960671,0.162831029319,-0.209579921965,-0.377132931352,decay
45.19,0.378230934691,0.168555160814,0.539604071241,0.162807378383,-0.209675773877,-0.376796692858,decay
45.2,0.378310968859,0.168538104336,0.539272203567,0.162784046806,-0.209772864524,-0.37648815676,decay
45.21,0.3783900744,0.168520987287,0.538976051151,0.162761059579,-0.209869087114,-0.376214991572,decay
45.22,0.378465830789,0.168503844215,0.538721055604,0.162738436937,-0.209961986574,-0.375982618667,decay
45.23,0.378535757845,0.168486712303,0.538510285599,0.162716195341,-0.210049045542,-0.375794090258,decay
45.24,0.378597581654,0.168469630662,0.538344684511,0.162694348315,-0.210127950992,-0.375650336196,decay
45.25,0.378649329424,0.168452639656,0.538223509769,0.162672907131,-0.210196689768,-0.375550602638,decay
45.26,0.378689186685,0.168435780228,0.538144801794,0.162651881374,-0.210253406456,-0.37549292042,decay
45.27,0.378715365011,0.168419093208,0.538105963253,0.162631279406,-0.210296271803,-0.375474683846,decay
45.28,0.378726083017,0.168402618571,0.538104593323,0.162611108752,-0.210323464446,-0.37549348457,decay
45.29,0.378719515197,0.168386394635,0.538139517638,0.162591376404,-0.210333120562,-0.375548141234,decay
45.3,0.378693790646,0.16837045717,0.538211766221,0.162572089013,-0.210323333476,-0.375639677208,decay
45.31,0.378647242623,0.168354838414,0.538325261898,0.162553252975,-0.210292404209,-0.375772008923,decay
45.32,0.37857878973,0.168339565947,0.538487066584,0.162534874392,-0.210239223784,-0.375952192192,decay
45.33,0.37848824644,0.168324661425,0.538707075759,0.16251695892,-0.210163585014,-0.376190116838,decay
45.34,0.378376603808,0.168310139125,0.538997103919,0.162499511496,-0.210066464683,-0.376497592423,decay
45.35,0.378246276636,0.168296004284,0.53936944537,0.162482535927,-0.209950272352,-0.376886909443,decay
45.36,0.378101089995,0.168282251493,0.539835132319,0.162466034427,-0.209818838502,-0.377369097892,decay
45.37,0.377945938389,0.168268864035,0.540402197371,0.162450007275,-0.209677074354,-0.377952190096,decay
45.38,0.377786295232,0.168255814852,0.541074315452,0.162434452759,-0.209530480379,-0.378639862693,decay
45.39,0.377627569176,0.168243068624,0.541850083106,0.162419367288,-0.209384500551,-0.379430715818,decay
45.4,0.377474251795,0.168230584062,0.542722844092,0.162404745452,-0.209243667733,-0.38031809864,decay
45.41,0.377329215381,0.168218316063,0.543680693068,0.16239057994,-0.209110899318,-0.381290113128,decay
45.42,0.377193555131,0.168206217741,0.544706360842,0.162376861312,-0.20898733739,-0.38232949953,decay
45.43,0.377066881864,0.168194242369,0.545777066769,0.162363577624,-0.208872639495,-0.383413489145,decay
45.44,0.376947827937,0.168182345288,0.546864762424,0.162350713902,-0.208765482649,-0.384514048522,decay
45.45,0.376834678282,0.168170485814,0.547937153156,0.162338251455,-0.208664192468,-0.385598901701,decay
45.46,0.376725972079,0.168158628982,0.54895954886,0.162326167189,-0.208567343096,-0.386633381671,decay
45.47,0.376620911935,0.168146746514,0.549897316759,0.162314433416,-0.208474165421,-0.387582883342,decay
45.48,0.376519612139,0.168134816555,0.550718629056,0.162303018541,-0.208384795584,-0.388415610515,decay
45.49,0.376423209293,0.168122822547,0.551397124179,0.162291888351,-0.208300386746,-0.389105235828,decay
45.5,0.376333631074,0.168110751899,0.551914036337,0.162281007426,-0.208222879175,-0.389633028911,decay
45.51,0.376252945032,0.168098594711,0.552259512823,0.162270340467,-0.20815435032,-0.389989172356,decay
45.52,0.376182658426,0.168086342562,0.552433048909,0.162259853573,-0.208096315864,-0.390173195336,decay
45.53,0.376123298132,0.168073987338,0.552443004611,0.162249515475,-0.208049310793,-0.390193489136,decay
45.54,0.376074236136,0.168061520098,0.552305224008,0.162239298779,-0.208012716038,-0.390065925229,decay
45.55,0.376033801693,0.168048929942,0.552040969578,0.16222918122,-0.207984871752,-0.389811788358,decay
45.56,0.375999783681,0.168036203013,0.551674562715,0.162219146831,-0.207963580668,-0.389455415884,decay
45.57,0.375970067831,0.168023322016,0.551231154955,0.162209186569,-0.207946745815,-0.389021968386,decay
45.58,0.375943059639,0.168010266548,0.550734931959,0.162199298088,-0.207932793091,-0.388535633871,decay
45.59,0.375917850723,0.167997014026,0.55020781125,0.162189484907,-0.207920836697,-0.388018326343,decay
45.6,0.375894181084,0.167983540811,0.549668421377,0.162179755437,-0.207910640273,-0.38748866594,decay
45.61,0.375872216124,0.167969823377,0.549131115783,0.162170122058,-0.207902392747,-0.386960993725,decay
45.62,0.375852371198,0.167955839543,0.548605085537,0.162160600229,-0.207896531656,-0.386444485308,decay
45.63,0.375835469259,0.167941569779,0.548093896642,0.162151207626,-0.20789389948,-0.385942689016,decay
45.64,0.375823104895,0.167926998632,0.547595684284,0.162141963286,-0.207896106264,-0.385453720998,decay
45.65,0.375817857757,0.167912116277,0.547104023088,0.162132886744,-0.207905741481,-0.384971136344,decay
45.66,0.375823270425,0.167896920045,0.546609436908,0.162123997176,-0.207926350381,-0.384485439732,decay
45.67,0.375843619959,0.167881415343,0.546101489169,0.162115312686,-0.207962204616,-0.383986176483,decay
45.68,0.375883366001,0.167865615528,0.545571185217,0.16210684981,-0.208017750473,-0.383464335407,decay
45.69,0.375946370036,0.167849541073,0.545013068725,0.162098623148,-0.208096828963,-0.382914445576,decay
45.7,0.376035248657,0.167833218646,0.544426197694,0.162090644982,-0.208202030012,-0.382335552712,decay
45.71,0.37615096501,0.167816680328,0.543813487807,0.162082924792,-0.208334284682,-0.381730563015,decay
45.72,0.376292571676,0.167799962984,0.543179666252,0.162075468677,-0.208492608692,-0.381104197575,decay
45.73,0.376457254498,0.167783107758,0.542528754127,0.162068278647,-0.208674146739,-0.38046047548,decay
45.74,0.376640757933,0.167766159688,0.541862145183,0.162061351791,-0.208874598245,-0.379800793392,decay
45.75,0.376837927435,0.167749167406,0.541177998115,0.162054679299,-0.209088760029,-0.379123318816,decay
45.76,0.377043230174,0.16773218284,0.540472061876,0.1620482455,-0.209311047334,-0.378423816376,decay
45.77,0.377251387208,0.167715260585,0.539739480412,0.162042027447,-0.209536126622,-0.377697452965,decay
45.78,0.377458026823,0.167698456726,0.538976902867,0.162035995476,-0.209759570097,-0.376940907392,decay
45.79,0.377660027385,0.167681827231,0.538184393487,0.162030114406,-0.209978200154,-0.376154279081,decay
45.8,0.377855490255,0.167665426183,0.537366834529,0.162024344878,-0.210190064072,-0.375342489651,decay
45.81,0.378043499714,0.167649303925,0.536534529118,0.162018644599,-0.210394195788,-0.374515884519,decay
45.82,0.378223655576,0.167633505092,0.535702770346,0.162012969513,-0.210590150484,-0.373689800833,decay
45.83,0.378395467503,0.167618066477,0.53489050791,0.162007274935,-0.210777401026,-0.372883232975,decay
45.84,0.378558010792,0.167603014697,0.534118560145,0.162001516652,-0.210954996095,-0.372117043493,decay
45.85,0.37871000588,0.167588363607,0.533407771841,0.161995652056,-0.211121642273,-0.371412119786,decay
45.86,0.378850103326,0.167574111826,0.532777460592,0.161989641206,-0.2112759915,-0.370787819386,decay
45.87,0.378977260984,0.16756024161,0.532244510261,0.161983447565,-0.211417019374,-0.370261062697,decay
45.88,0.379091139997,0.167546720018,0.531823188075,0.161977038195,-0.211544419979,-0.36984614988,decay
45.89,0.379192243238,0.167533501663,0.531525278631,0.161970383603,-0.211658741574,-0.369554895028,decay
45.9,0.379281696817,0.16752053177,0.531360021232,0.161963457551,-0.211761165047,-0.369396563682,decay
45.91,0.37936091831,0.167507749055,0.531333672115,0.161956236968,-0.211853169254,-0.369377435147,decay
45.92,0.379431303478,0.167495088441,0.53144882867,0.161948701986,-0.211936215037,-0.369500126684,decay
45.93,0.37949380538,0.167482483667,0.531703835476,0.161940836094,-0.212011321713,-0.369762999382,decay
45.94,0.379548448277,0.167469869843,0.532092594137,0.161932626426,-0.212078578434,-0.370159967711,decay
45.95,0.379594084333,0.167457186024,0.532604813767,0.161924064192,-0.212136898309,-0.370680749575,decay
45.96,0.379628526546,0.167444377598,0.533226471211,0.161915145129,-0.212184148948,-0.371311326082,decay
45.97,0.379648986173,0.167431397846,0.533940265762,0.161905869589,-0.212217588327,-0.372034396173,decay
45.98,0.37965283582,0.167418208144,0.534726011532,0.161896241963,-0.212234627676,-0.372829769569,decay
45.99,0.379638551622,0.167404777246,0.535560989266,0.161886269662,-0.212233774376,-0.373674719604,decay
46,0.37960635292,0.167391080401,0.536420318895,0.161875962051,-0.212215272518,-0.374544356844,decay
46.01,0.379558261493,0.167377098603,0.537277482588,0.161865329484,-0.21218116289,-0.375412153104,decay
46.02,0.379497644419,0.167362818003,0.538105057846,0.16185438244,-0.212134826417,-0.376250675406,decay
46.03,0.379428320723,0.167348229469,0.538875594452,0.161843130744,-0.212080091254,-0.377032463707,decay
46.04,0.379353510758,0.167333328304,0.539562627864,0.161831582856,-0.212020182453,-0.377731045008,decay
46.05,0.379275198569,0.167318114101,0.540141919491,0.161819745212,-0.211957084468,-0.378322174279,decay
46.06,0.379194203984,0.167302590688,0.540592938789,0.161807621656,-0.211891613296,-0.378785317132,decay
46.07,0.379110662938,0.167286765955,0.540900391568,0.161795213075,-0.211823896983,-0.379105178493,decay
46.08,0.379024486713,0.16727065142,0.541055474833,0.161782517331,-0.211753835293,-0.379272957503,decay
46.09,0.378935689176,0.167254261626,0.541056656701,0.16176952942,-0.211681427551,-0.379287127281,decay
46.1,0.378844537778,0.167237613573,0.540909950877,0.161756241716,-0.211606924205,-0.37915370916,decay
46.11,0.378751442789,0.167220726246,0.540628701664,0.161742644255,-0.211530716543,-0.378886057409,decay
46.12,0.378656808184,0.167203620247,0.540232846468,0.161728725049,-0.211453187937,-0.378504121419,decay
46.13,0.378561135598,0.167186317502,0.539747567631,0.16171447046,-0.211374818096,-0.37803309717,decay
46.14,0.37846523733,0.167168841051,0.539201391754,0.161699865617,-0.211296396279,-0.377501526137,decay
46.15,0.378370341896,0.167151214907,0.53862409413,0.161684894904,-0.21121912699,-0.376939199226,decay
46.16,0.378278192468,0.167133463941,0.538044818271,0.161669542495,-0.211144728527,-0.376375275776,decay
46.17,0.378191158672,0.167115613722,0.537490519736,0.161653792885,-0.21107554495,-0.37583672685,decay
46.18,0.378112179044,0.167097690224,0.536984578536,0.161637631353,-0.211014488821,-0.375346947184,decay
46.19,0.378044513424,0.167079719455,0.536545506453,0.161621044426,-0.210964793969,-0.374924462027,decay
46.2,0.377991407739,0.167061727067,0.536185942475,0.161604020435,-0.210929680673,-0.37458192204,decay
46.21,0.377955670592,0.167043737958,0.535912304165,0.161586550197,-0.210911932634,-0.374325753968,decay
46.22,0.377939255755,0.167025775887,0.535725446467,0.161568627849,-0.210913479868,-0.374156818618,decay
46.23,0.377943159154,0.167007863051,0.535622398619,0.16155025185,-0.210935296104,-0.374072146769,decay
46.24,0.37796766118,0.166990019642,0.535598733624,0.161531426157,-0.210977641539,-0.374067307467,decay
46.25,0.378012472949,0.166972263358,0.535650764223,0.161512161609,-0.211040209592,-0.374138602614,decay
46.26,0.378076538811,0.16695460894,0.535776942675,0.161492477312,-0.211121929871,-0.374284465363,decay
46.27,0.378157744756,0.166937067992,0.535978318489,0.161472401344,-0.211220676764,-0.374505917145,decay
46.28,0.378252770074,0.16691964927,0.536258224953,0.161451970289,-0.211333120804,-0.374806254664,decay
46.29,0.3783571766,0.166902359298,0.536621493128,0.161431227966,-0.211454817302,-0.375190265162,decay
46.3,0.378465886093,0.166885203039,0.537073472727,0.161410224037,-0.211580683054,-0.37566324869,decay
46.31,0.378573928066,0.166868184519,0.537619023309,0.161389012768,-0.211705743547,-0.376230010541,decay
46.32,0.378677009698,0.166851307401,0.538261627369,0.161367651925,-0.211825702297,-0.376893975444,decay
46.33,0.378771723067,0.16683457552,0.539002823966,0.161346201775,-0.211937147547,-0.377656622191,decay
46.34,0.37885558357,0.166817993385,0.539842031869,0.161324724167,-0.212037590185,-0.378517307702,decay
46.35,0.378926988872,0.166801566655,0.540776607097,0.16130328166,-0.212125422217,-0.379473325437,decay
46.36,0.378984996759,0.166785302574,0.54180194457,0.161281936695,-0.212199694185,-0.380520007875,decay
46.37,0.379029031373,0.166769210288,0.542911575471,0.161260750857,-0.212259821085,-0.381650824614,decay
46.38,0.379058785385,0.166753301011,0.544097324938,0.161239784258,-0.212305484373,-0.382857540679,decay
46.39,0.379074280961,0.166737588062,0.545349590465,0.161219094979,-0.212336692899,-0.384130495485,decay
46.4,0.379075936785,0.166722086857,0.546657691191,0.161198738453,-0.212353849928,-0.385458952738,decay
46.41,0.379064708091,0.166706814888,0.548010144048,0.161178766744,-0.212357893203,-0.386831377303,decay
46.42,0.37904221941,0.166691791671,0.549394789392,0.161159227692,-0.21235042774,-0.3882355617,decay
46.43,0.37901059252,0.166677038678,0.55079881039,0.161140163885,-0.212333553842,-0.389658646504,decay
46.44,0.378971982934,0.166662579232,0.55220870017,0.16112161145,-0.212309403702,-0.39108708872,decay
46.45,0.378928113746,0.166648438364,0.553610201964,0.161103598612,-0.212279675381,-0.392506603352,decay
46.46,0.378879952708,0.166634642588,0.554988320353,0.161086144255,-0.21224531012,-0.393902176097,decay
46.47,0.378827603961,0.166621219459,0.556327615632,0.161069257186,-0.212206384503,-0.395258358447,decay
46.48,0.378770522292,0.166608196826,0.557612840342,0.161052936667,-0.212162325466,-0.396559903675,decay
46.49,0.378707921459,0.16659560182,0.558829571714,0.161037173793,-0.212112319638,-0.397792397921,decay
46.5,0.378639001375,0.16658345967,0.55996439801,0.16102195294,-0.212055541705,-0.398942445071,decay
46.51,0.378562890827,0.166571792382,0.561004648417,0.161007252999,-0.211991098445,-0.399997395418,decay
46.52,0.378478557695,0.166560617255,0.561938115844,0.160993048387,-0.21191794044,-0.400945067458,decay
46.53,0.378384770633,0.166549945197,0.562753266696,0.160979309853,-0.211834825436,-0.401773956842,decay
46.54,0.378280089888,0.166539778823,0.56344016909,0.160966005108,-0.211740311065,-0.402474163981,decay
46.55,0.37816313462,0.166530110289,0.563991965732,0.16095309928,-0.211633024331,-0.403038866452,decay
46.56,0.378033241155,0.166520919216,0.564406269978,0.160940555271,-0.211512321939,-0.403465714707,decay
46.57,0.37789111916,0.166512171822,0.564685782837,0.160928334147,-0.211378947338,-0.40375744869,decay
46.58,0.377739087787,0.166503822143,0.564837910512,0.16091639568,-0.211235265644,-0.403921514832,decay
46.59,0.377580801944,0.166495814693,0.564873674038,0.160904698991,-0.21108498725,-0.403968975047,decay
46.6,0.37742051049,0.166488087417,0.564806269018,0.160893203164,-0.210932423073,-0.403913065854,decay
46.61,0.377262056207,0.166480574493,0.564649531365,0.160881867812,-0.210781481713,-0.403767663553,decay
46.62,0.377108075863,0.166473209012,0.56441653477,0.160870653594,-0.210634866851,-0.403545881176,decay
46.63,0.376959716381,0.166465925576,0.56411840124,0.160859522713,-0.210493790805,-0.403258878527,decay
46.64,0.376816779568,0.166458662889,0.56376327451,0.160848439405,-0.210358116679,-0.402914835105,decay
46.65,0.376678129859,0.166451366394,0.563355549895,0.160837370437,-0.210226763465,-0.402518179458,decay
46.66,0.376542349595,0.166443990692,0.562895610902,0.160826285597,-0.210098358903,-0.402069325305,decay
46.67,0.376408465667,0.166436500839,0.56238015737,0.160815158021,-0.209971964828,-0.40156499935,decay
46.68,0.376276405051,0.16642887181,0.561802989544,0.160803964295,-0.209847533242,-0.400999025249,decay
46.69,0.376147156439,0.166421086691,0.56115612056,0.160792684396,-0.209726069748,-0.400363436164,decay
46.7,0.376022805333,0.166413134592,0.56043107326,0.160781301639,-0.209609670741,-0.399649771621,decay
46.71,0.375906333048,0.166405008648,0.559620091145,0.160769802694,-0.209501324401,-0.398850288451,decay
46.72,0.375801099016,0.166396704133,0.558717008924,0.16075817768,-0.209404394883,-0.397958831244,decay
46.73,0.375710261147,0.166388216648,0.557717697073,0.160746420346,-0.2093220445,-0.396971276727,decay
46.74,0.375636313792,0.166379540361,0.55662021273,0.160734528338,-0.209256773431,-0.395885684392,decay
46.75,0.375580732455,0.166370666271,0.555424930524,0.16072250356,-0.209210066184,-0.394702426963,decay
46.76,0.375543842642,0.166361580619,0.554134762784,0.160710352513,-0.209182262023,-0.393424410271,decay
46.77,0.375525023002,0.166352263905,0.552755247415,0.160698086219,-0.209172759097,-0.392057161196,decay
46.78,0.375523031654,0.166342690849,0.551294217071,0.160685719439,-0.209180340805,-0.390608497632,decay
46.79,0.375536178108,0.16633283104,0.549761088032,0.160673269385,-0.209203347069,-0.389087818647,decay
46.8,0.375562393238,0.166322649776,0.548166138296,0.16066075432,-0.209239743462,-0.387505383977,decay
46.81,0.375599336162,0.166312108941,0.546520031262,0.160648192178,-0.209287227221,-0.385871839084,decay
46.82,0.375644488062,0.166301167896,0.544833535505,0.160635599196,-0.209343320167,-0.384197936309,decay
46.83,0.375695331128,0.166289784425,0.543117394159,0.160622988529,-0.209405546702,-0.382494405629,decay
46.84,0.375749805605,0.166277915765,0.541382423538,0.160610368829,-0.20947188984,-0.380772054709,decay
46.85,0.375806791862,0.166265519723,0.53963985675,0.160597742753,-0.209541272139,-0.379042113997,decay
46.86,0.375866186133,0.166252555851,0.537901850557,0.160585105592,-0.209613630282,-0.377316744965,decay
46.87,0.375928546721,0.166238986413,0.536181986217,0.160572444675,-0.209689560308,-0.375609541542,decay
46.88,0.375994491837,0.16622477698,0.534495442712,0.160559740017,-0.209769714857,-0.373935702695,decay
46.89,0.376063985047,0.166209896819,0.532858605319,0.160546965868,-0.209854088228,-0.372311639451,decay
46.9,0.376135831948,0.166194319372,0.531288200828,0.160534092486,-0.209941512576,-0.370754108342,decay
46.91,0.376207756458,0.166178022968,0.529800194906,0.160521087891,-0.21002973349,-0.369279107015,decay
46.92,0.376276981298,0.16616099178,0.52840867198,0.160507919608,-0.210115989518,-0.367900752373,decay
46.93,0.376340926894,0.166143217061,0.527124974255,0.160494556431,-0.210197709833,-0.366630417824,decay
46.94,0.376397804214,0.166124698669,0.525957358487,0.160480970259,-0.210273105545,-0.365476388229,decay
46.95,0.376446976953,0.166105446922,0.524911173508,0.160467138016,-0.210341530031,-0.364444035492,decay
46.96,0.376488857536,0.166085484444,0.523989322851,0.160453043488,-0.210403373092,-0.363536279364,decay
46.97,0.376524299744,0.166064846908,0.523192849608,0.160438678356,-0.210459452836,-0.362754171252,decay
46.98,0.376553854573,0.166043581849,0.522521612586,0.160424041934,-0.210510272724,-0.362097570652,decay
46.99,0.3765772042,0.166021746155,0.521974929141,0.160409139998,-0.210555458045,-0.361565789143,decay
47,0.376592819954,0.165999403341,0.521552037238,0.16039398345,-0.210593416613,-0.361158053788,decay
47.01,0.376597954298,0.165976621037,0.521252395487,0.160378587107,-0.210621333262,-0.360873808379,decay
47.02,0.376589071478,0.165953468659,0.521075876706,0.160362968613,-0.210635602818,-0.360712908093,decay
47.03,0.376562526552,0.165930015233,0.521022886355,0.160347147457,-0.210632511319,-0.360675738898,decay
47.04,0.376515257217,0.16590632729,0.521094486514,0.160331144073,-0.210608929927,-0.360763342441,decay
47.05,0.376445450814,0.16588246681,0.521292516011,0.160314979013,-0.210562984004,-0.360977536998,decay
47.06,0.376353126391,0.165858489378,0.521619505732,0.160298672205,-0.210494637012,-0.361320833527,decay
47.07,0.376240449201,0.165834443246,0.522078195957,0.160282242417,-0.210406005955,-0.36179595354,decay
47.08,0.376111757876,0.165810369807,0.52267070939,0.160265707015,-0.210301388069,-0.362405002375,decay
47.09,0.375973457955,0.165786305065,0.523397591265,0.160249081936,-0.21018715289,-0.363148509329,decay
47.1,0.375833707595,0.165762281366,0.524256875301,0.160232381716,-0.210071426229,-0.364024493585,decay
47.11,0.375701718607,0.165738329094,0.525243340744,0.16021561953,-0.209963389513,-0.365027721214,decay
47.12,0.375586838267,0.165714478324,0.52634818564,0.160198807229,-0.209872359943,-0.366149378411,decay
47.13,0.375497636799,0.165690760454,0.527559247558,0.160181955372,-0.209806876345,-0.367377292187,decay
47.14,0.375440975563,0.165667209832,0.528861749321,0.160165073244,-0.209773765731,-0.368696676077,decay
47.15,0.375421187385,0.165643865398,0.530239438252,0.160148168876,-0.209777321987,-0.370091269376,decay
47.16,0.375439733429,0.16562077212,0.531675819836,0.160131249058,-0.209818961308,-0.371544570778,decay
47.17,0.375495437213,0.165597981531,0.533155104134,0.160114319437,-0.209897455682,-0.373040784697,decay
47.18,0.375585120567,0.165575550819,0.534662636411,0.160097384714,-0.210009569748,-0.374565251697,decay
47.19,0.375704484315,0.165553540851,0.536184710187,0.160080448936,-0.210150943463,-0.376104261251,decay
47.2,0.375848973716,0.165532013839,0.537707735313,0.160063515802,-0.210316959876,-0.377644219511,decay
47.21,0.376014242387,0.165511030885,0.539217010269,0.160046588962,-0.210503211502,-0.379170421307,decay
47.22,0.376196162757,0.165490649393,0.540695651171,0.160029672326,-0.210705513364,-0.380665978846,decay
47.23,0.37639075783,0.165470920289,0.542124120123,0.160012770364,-0.210919837541,-0.382111349759,decay
47.24,0.376594240999,0.16545188498,0.543480400384,0.159995888417,-0.21114235602,-0.383484511966,decay
47.25,0.376802981516,0.165433572003,0.544740741629,0.159979033023,-0.211369409513,-0.384761708606,decay
47.26,0.377013385037,0.165415993797,0.545880986938,0.159962212198,-0.21159739124,-0.38591877474,decay
47.27,0.377221891517,0.165399145081,0.546878367757,0.159945435567,-0.211822746436,-0.386932932189,decay
47.28,0.37742506662,0.165383003989,0.547713384728,0.159928714205,-0.212042062631,-0.387784670523,decay
47.29,0.37761968185,0.165367535085,0.548371297686,0.159912060291,-0.212252146765,-0.388459237395,decay
47.3,0.377802851454,0.165352692701,0.548842932417,0.159895486694,-0.212450158753,-0.388947445723,decay
47.31,0.377972154914,0.165338424004,0.549124843133,0.159879006553,-0.21263373091,-0.38924583658,decay
47.32,0.378125530702,0.165324671794,0.549219156316,0.159862632835,-0.212800858908,-0.389356523481,decay
47.33,0.378261047357,0.165311377085,0.54913348828,0.159846377872,-0.212949670272,-0.389287110407,decay
47.34,0.378376878366,0.16529848153,0.5488810528,0.159830252863,-0.213078396836,-0.389050799937,decay
47.35,0.378471519405,0.16528592974,0.548480643428,0.159814267315,-0.213185589665,-0.388666376113,decay
47.36,0.37854407604,0.165273671386,0.547956019792,0.159798428529,-0.213270404654,-0.388157591263,decay
47.37,0.378594613069,0.165261662625,0.547334492125,0.159782741344,-0.213332950445,-0.38755175078,decay
47.38,0.378624464131,0.1652498665,0.546644872693,0.159767208361,-0.213374597631,-0.386877664332,decay
47.39,0.378636132892,0.165238252627,0.545915227678,0.159751830476,-0.213397880265,-0.386163397202,decay
47.4,0.378632789442,0.165226796695,0.545170994606,0.159736607479,-0.213405992747,-0.385434387127,decay
47.41,0.378617842186,0.165215479996,0.544433856283,0.159721538596,-0.21340236219,-0.384712317687,decay
47.42,0.378594772714,0.165204289008,0.543721375228,0.159706622991,-0.213390483706,-0.384014752237,decay
47.43,0.378567037907,0.16519321502,0.543047186011,0.159691860228,-0.213373822887,-0.383355325783,decay
47.44,0.378537954482,0.165182253804,0.542421507771,0.159677250689,-0.213355700678,-0.382744257081,decay
47.45,0.378510535802,0.165171405329,0.541851683274,0.159662795987,-0.213339130473,-0.382188887287,decay
47.46,0.378487175925,0.165160673451,0.541342514081,0.159648499281,-0.213326502474,-0.381694014801,decay
47.47,0.378469301503,0.165150065405,0.540896400895,0.159634365352,-0.213319236098,-0.381262035543,decay
47.48,0.378457279308,0.165139590945,0.540513453278,0.159620400285,-0.213317688363,-0.380893052993,decay
47.49,0.378450574827,0.165129261225,0.540191738736,0.159606610866,-0.213321313602,-0.38058512787,decay
47.5,0.378447936379,0.165119087588,0.539927770692,0.159593003851,-0.213328848791,-0.38033476684,decay
47.51,0.378447626993,0.165109080311,0.539717119767,0.159579585204,-0.213338546682,-0.380137534563,decay
47.52,0.378447864606,0.165099247298,0.539554821193,0.159566359255,-0.213348617308,-0.379988461938,decay
47.53,0.378447313135,0.165089592686,0.539435355156,0.159553327801,-0.213357720449,-0.379882027354,decay
47.54,0.37844536073,0.165080115363,0.539352364234,0.159540489112,-0.213365245367,-0.379811875122,decay
47.55,0.378442214627,0.165070807338,0.53929851005,0.15952783683,-0.213371407289,-0.379770673219,decay
47.56,0.378438877446,0.165061652235,0.539265710464,0.159515358926,-0.21337722521,-0.379750351538,decay
47.57,0.378436966042,0.16505262467,0.539245751665,0.159503037229,-0.213384341372,-0.379742714436,decay
47.58,0.378438540084,0.165043691116,0.539231157374,0.159490847931,-0.213394848968,-0.379740309443,decay
47.59,0.378446126782,0.165034811827,0.539216088975,0.159478762777,-0.213411314955,-0.379737326199,decay
47.6,0.378462768581,0.165025943008,0.539197050621,0.159466750396,-0.213436825573,-0.379730300225,decay
47.61,0.378491871478,0.165017038936,0.539173344404,0.159454777582,-0.213474832541,-0.379718566821,decay
47.62,0.37853688101,0.165008054054,0.539147294872,0.159442810523,-0.213528826956,-0.379704484349,decay
47.63,0.378600810168,0.16499894507,0.539124184735,0.15943081601,-0.213601865098,-0.379693368724,decay
47.64,0.378685591679,0.164989673115,0.539111742547,0.159418762663,-0.213695918563,-0.379692979884,decay
47.65,0.378791488151,0.164980206004,0.539119015415,0.159406622178,-0.213811282148,-0.379712393238,decay
47.66,0.37891692382,0.164970520385,0.539154601356,0.159394370523,-0.213946403434,-0.379760230833,decay
47.67,0.379058693964,0.164960603058,0.539224402509,0.15938198869,-0.214098090907,-0.379842413819,decay
47.68,0.379212231621,0.164950450874,0.539329311825,0.159369462734,-0.214261780748,-0.379959849092,decay
47.69,0.379371903627,0.164940069697,0.539463509996,0.159356783321,-0.214431833931,-0.380106726675,decay
47.7,0.3795314407,0.164929473193,0.539614003987,0.15934394521,-0.214601967507,-0.380270058776,decay
47.71,0.379684441084,0.164918681776,0.53976172777,0.159330946817,-0.214765759308,-0.380430780952,decay
47.72,0.379824984754,0.164907721717,0.539884175245,0.159317789877,-0.214917263037,-0.380566385368,decay
47.73,0.379948424395,0.164896624384,0.539959015121,0.159304479201,-0.215051800011,-0.38065453592,decay
47.74,0.380052095232,0.164885425622,0.539967652996,0.159291022522,-0.215166669609,-0.380676630474,decay
47.75,0.380135640184,0.164874165222,0.539897783834,0.159277430422,-0.215261474961,-0.380620353412,decay
47.76,0.380200994627,0.16486288641,0.539744467616,0.159263716318,-0.215338108217,-0.380480751298,decay
47.77,0.38025215968,0.164851635084,0.539509686331,0.159249896404,-0.215400524596,-0.380259789927,decay
47.78,0.380294672074,0.164840458607,0.539200691722,0.159235989501,-0.215454213467,-0.379964702221,decay
47.79,0.380334780459,0.164829404248,0.538827809444,0.159222016831,-0.215505376211,-0.379605792613,decay
47.8,0.380378646096,0.164818517501,0.538402467944,0.159208001818,-0.215560128595,-0.379194466126,decay
47.81,0.380431702088,0.16480784033,0.537935947413,0.159193969939,-0.215623861759,-0.378741977474,decay
47.82,0.380498041375,0.164797409315,0.537439006267,0.159179948612,-0.21570063206,-0.378259057655,decay
47.83,0.380579979029,0.164787253671,0.536922280778,0.159165967123,-0.215792725358,-0.377756313655,decay
47.84,0.380678030877,0.164777393073,0.536397078742,0.159152056579,-0.215900637804,-0.377245022163,decay
47.85,0.380791153692,0.164767835276,0.535876070542,0.159138249879,-0.216023318415,-0.376737820663,decay
47.86,0.380917017176,0.16475857383,0.535373508578,0.159124581637,-0.216158443346,-0.376248926941,decay
47.87,0.381052301289,0.164749587007,0.534904772761,0.159111087878,-0.216302714282,-0.375793684883,decay
47.88,0.381192911593,0.164740838777,0.534485220028,0.15909780535,-0.216452072816,-0.375387414678,decay
47.89,0.381333949297,0.164732281202,0.534128642305,0.159084770535,-0.216601668095,-0.375043871769,decay
47.9,0.381469637073,0.16472385711,0.533845867499,0.159072018533,-0.216745779963,-0.374773848967,decay
47.91,0.381593544007,0.164715502619,0.533643849419,0.159059581837,-0.216878041388,-0.374584267582,decay
47.92,0.3816990845,0.16470714952,0.533525285824,0.159047489018,-0.21699193498,-0.374477796806,decay
47.93,0.381780067123,0.164698727577,0.533488796226,0.159035763245,-0.217081339546,-0.374453032981,decay
47.94,0.381831254319,0.164690166788,0.533529774132,0.159024420654,-0.217141087531,-0.374505353477,decay
47.95,0.381848852679,0.164681399676,0.533641848699,0.159013468501,-0.217167453003,-0.374628380198,decay
47.96,0.381830624266,0.164672363457,0.533818597363,0.159002903387,-0.217158260809,-0.374815693976,decay
47.97,0.381775539275,0.164663001565,0.534055003371,0.158992710473,-0.21711253771,-0.375062292898,decay
47.98,0.381683278234,0.164653264115,0.534348204495,0.158982864379,-0.21703001412,-0.375365340117,decay
47.99,0.381553809622,0.164643107675,0.534697439044,0.158973331248,-0.216910701947,-0.375724107796,decay
48,0.381387137928,0.164632494964,0.535103577372,0.158964071033,-0.216754642964,-0.376139506339,decay
48.01,0.381183407725,0.164621394726,0.535568693162,0.158955039637,-0.216562012999,-0.376613653525,decay
48.02,0.380943365369,0.164609781813,0.536095796937,0.158946190919,-0.216333583555,-0.377149606018,decay
48.03,0.380668866994,0.164597637497,0.536688614528,0.15893747862,-0.216071229496,-0.377751135908,decay
48.04,0.380363196159,0.164584949998,0.537351243038,0.158928858227,-0.21577824616,-0.378422384811,decay
48.05,0.380031187462,0.164571715267,0.538087582266,0.158920288845,-0.215459472195,-0.379167293421,decay
48.06,0.379679138011,0.164557937816,0.538900537219,0.158911734925,-0.215121200195,-0.379988802293,decay
48.07,0.379314451962,0.164543630989,0.539790972535,0.158903167398,-0.214770820972,-0.380887805137,decay
48.08,0.378945189446,0.164528816194,0.540756531032,0.158894563841,-0.214416373252,-0.381861967191,decay
48.09,0.378579730659,0.164513521438,0.541790725233,0.158885907992,-0.214066209221,-0.382904817241,decay
48.1,0.378226404936,0.164497779809,0.542882738379,0.158877189125,-0.213728625127,-0.384005549255,decay
48.11,0.377892928568,0.16448162813,0.544018175398,0.158868401515,-0.213411300439,-0.385149773882,decay
48.12,0.377585887563,0.164465105785,0.545180665843,0.158859543992,-0.213120781778,-0.386321121851,decay
48.13,0.377310436544,0.164448253692,0.546353762431,0.158850619587,-0.212862182852,-0.387503142844,decay
48.14,0.377070083783,0.164431113392,0.547522510765,0.158841635261,-0.212638970391,-0.388680875504,decay
48.15,0.376866563158,0.164413726225,0.54867439274,0.158832601715,-0.212452836933,-0.389841791025,decay
48.16,0.376699905514,0.164396132606,0.549799499065,0.158823533203,-0.212303772908,-0.390975965862,decay
48.17,0.376568575512,0.16437837143,0.550889841098,0.158814447158,-0.212190204082,-0.39207539394,decay
48.18,0.376469519572,0.164360479648,0.551937951219,0.158805363454,-0.212109039925,-0.393132587765,decay
48.19,0.376398260639,0.164342491942,0.552935168122,0.15879630341,-0.212055768697,-0.394138864712,decay
48.2,0.376349171106,0.164324440445,0.553870116517,0.158787288726,-0.212024730661,-0.395082827791,decay
48.21,0.376315797516,0.164306354432,0.554727865943,0.158778340411,-0.212009443084,-0.395949525532,decay
48.22,0.376291174887,0.164288259991,0.555490090317,0.158769477689,-0.212002914896,-0.396720612628,decay
48.23,0.376268260861,0.164270179651,0.556136257023,0.158760716857,-0.211998081209,-0.397375540166,decay
48.24,0.376240443329,0.164252131951,0.556645542475,0.15875207008,-0.211988311378,-0.397893472396,decay
48.25,0.376201985748,0.16423413095,0.556999098719,0.15874354409,-0.211967854797,-0.398255554629,decay
48.26,0.376148553415,0.164216185751,0.557182368747,0.158735138957,-0.211932367664,-0.39844722979,decay
48.27,0.376077907358,0.164198300352,0.557187002185,0.158726847457,-0.211879607006,-0.398460154727,decay
48.28,0.375990445511,0.164180474036,0.557011909962,0.158718655453,-0.211809971475,-0.398293254509,decay
48.29,0.375889278966,0.164162702147,0.556663279739,0.158710542978,-0.211726576819,-0.397952736761,decay
48.3,0.375779781192,0.164144976929,0.556153518835,0.158702485459,-0.211634804263,-0.397451033376,decay
48.31,0.375668585868,0.164127288306,0.555499230249,0.158694454871,-0.211541297562,-0.396804775377,decay
48.32,0.375562216686,0.164109624629,0.554718704473,0.158686420819,-0.211452592057,-0.396032283654,decay
48.33,0.375465891608,0.164091973374,0.553829671278,0.158678351579,-0.211373918234,-0.395151319698,decay
48.34,0.375382915075,0.164074321832,0.552847935459,0.158670215116,-0.211308593243,-0.394177720343,decay
48.35,0.375314567588,0.164056657782,0.551787208265,0.158661980107,-0.211257909806,-0.393125228158,decay
48.36,0.375260264888,0.164038970124,0.550660144732,0.158653616911,-0.211221294765,-0.392006527821,decay
48.37,0.375218008146,0.164021249272,0.549480189018,0.158645098219,-0.211196758874,-0.390835090799,decay
48.38,0.375185096693,0.164003487213,0.548263392597,0.158636399233,-0.21118160948,-0.389626993364,decay
48.39,0.375158854122,0.1639856773,0.547029437085,0.158627497497,-0.211173176822,-0.388401939588,decay
48.4,0.375137300237,0.163967814006,0.54580160367,0.158618372703,-0.211169486231,-0.387183230967,decay
48.41,0.375119802085,0.163949892695,0.544605723075,0.158609006561,-0.21116990939,-0.385996716513,decay
48.42,0.375107431949,0.163931909419,0.543468229995,0.158599382762,-0.21117552253,-0.384868847232,decay
48.43,0.375102823864,0.163913860741,0.54241369562,0.15858948703,-0.211188963123,-0.383824208589,decay
48.44,0.375109734875,0.163895743589,0.541462428637,0.158579307274,-0.211213991287,-0.382883121363,decay
48.45,0.375132459998,0.163877555121,0.540628646587,0.15856883384,-0.211254904878,-0.382059812746,decay
48.46,0.375175041281,0.163859292646,0.539919526909,0.158558059799,-0.211315748634,-0.38136146711,decay
48.47,0.37524045516,0.163840953685,0.539335349889,0.158546981035,-0.211399501475,-0.380788368854,decay
48.48,0.375330135075,0.163822536231,0.538870717051,0.15853559596,-0.211507598844,-0.380335121091,decay
48.49,0.375443848522,0.163804039179,0.53851641957,0.158523904992,-0.211639809343,-0.379992514578,decay
48.5,0.375579720252,0.163785462827,0.538261357189,0.158511910022,-0.211794257425,-0.379749447167,decay
48.51,0.375734489938,0.16376680942,0.538094101282,0.158499613986,-0.211967680519,-0.379594487297,decay
48.52,0.375904093981,0.163748083748,0.538003909996,0.158487020515,-0.212156010233,-0.379516889481,decay
48.53,0.376084180455,0.163729293804,0.53798115247,0.158474133687,-0.21235488665,-0.379507018784,decay
48.54,0.376270299917,0.163710451511,0.538017320357,0.158460957846,-0.212559848405,-0.379556362511,decay
48.55,0.376458004149,0.163691573521,0.538104882485,0.158447497513,-0.212766430628,-0.379657384972,decay
48.56,0.376642943399,0.163672681961,0.538237100713,0.158433757347,-0.212970261438,-0.379803343366,decay
48.57,0.376820879637,0.163653804669,0.538407901642,0.158419742127,-0.213167074968,-0.379988159516,decay
48.58,0.376987765437,0.163634974564,0.538611938894,0.158405456715,-0.213352790873,-0.380206482179,decay
48.59,0.377139964954,0.163616228414,0.538844831628,0.15839090602,-0.21352373654,-0.380453925607,decay
48.6,0.377274429246,0.163597605436,0.539103409904,0.158376095018,-0.21367682381,-0.380727314886,decay
48.61,0.377388802146,0.163579145893,0.539385786172,0.158361028823,-0.213809656253,-0.38102475735,decay
48.62,0.377481585472,0.163560889686,0.539691130985,0.158345712843,-0.213920695786,-0.381345418142,decay
48.63,0.377552212956,0.163542874887,0.540019189282,0.158330152996,-0.214009338069,-0.381689036286,decay
48.64,0.377600765278,0.163525136204,0.540369749294,0.158314355994,-0.214075629075,-0.3820553933,decay
48.65,0.377627459181,0.163507703321,0.540742252743,0.15829832971,-0.21411975586,-0.382443923033,decay
48.66,0.377632311826,0.163490599321,0.541135540227,0.158282083525,-0.214141712505,-0.382853456702,decay
48.67,0.377615093144,0.163473839814,0.541547671661,0.158265628403,-0.21414125333,-0.383282043258,decay
48.68,0.377575463812,0.163457433286,0.541975931757,0.15824897647,-0.214118030526,-0.383726955288,decay
48.69,0.377513309314,0.163441382268,0.542417161853,0.158232140258,-0.214071927047,-0.384185021595,decay
48.7,0.377429157353,0.163425684632,0.542868350801,0.158215131876,-0.214003472721,-0.384653218925,decay
48.71,0.377324410551,0.163410334762,0.543327320606,0.158197962207,-0.213914075789,-0.385129358399,decay
48.72,0.377201384257,0.163395324569,0.543793411432,0.158180640133,-0.213806059688,-0.385612771298,decay
48.73,0.377063251317,0.163380644382,0.544268070416,0.158163171773,-0.213682606935,-0.386104898643,decay
48.74,0.376913790739,0.163366283735,0.544755168007,0.158145559704,-0.213547507004,-0.386609608303,decay
48.75,0.376756990414,0.163352232048,0.545260810109,0.158127802176,-0.213404758366,-0.387133007933,decay
48.76,0.376596837256,0.163338479194,0.545792445096,0.158109892408,-0.213258358062,-0.387682552687,decay
48.77,0.376437323412,0.163325015807,0.546357261356,0.158091818358,-0.213112307606,-0.388265442999,decay
48.78,0.37628229958,0.163311833251,0.546960230903,0.158073563238,-0.212970466329,-0.388886667665,decay
48.79,0.376135070514,0.163298923328,0.547602458592,0.158055106583,-0.212836147185,-0.389547352009,decay
48.8,0.375998030224,0.163286277853,0.548280400604,0.158036425472,-0.21271175237,-0.390243975132,decay
48.81,0.375872470363,0.163273888162,0.548986029612,0.158017495789,-0.212598582201,-0.390968533823,decay
48.82,0.375758464801,0.163261744541,0.549707663122,0.157998293515,-0.21249672026,-0.391709369607,decay
48.83,0.375654905136,0.163249835579,0.550431160543,0.157978796079,-0.212405069557,-0.392452364464,decay
48.84,0.375559786564,0.163238147426,0.551141229423,0.157958983813,-0.212321639138,-0.39318224561,decay
48.85,0.375470573115,0.163226662961,0.551822561086,0.157938841516,-0.212243910154,-0.39388371957,decay
48.86,0.375384469991,0.163215360984,0.552460564204,0.157918359973,-0.212169109007,-0.394542204231,decay
48.87,0.375298618928,0.163204215869,0.553041537256,0.15789753683,-0.212094403059,-0.395144000426,decay
48.88,0.375210179155,0.16319319799,0.553552235602,0.15787637638,-0.212016981164,-0.395675859222,decay
48.89,0.375116252021,0.163182274696,0.553979066182,0.157854888602,-0.211933977324,-0.39612417758,decay
48.9,0.375013871277,0.163171411404,0.554307451978,0.157833088094,-0.211842459873,-0.396474363885,decay
48.91,0.374900282057,0.16316057265,0.554521978705,0.157810993132,-0.211739709406,-0.396710985573,decay
48.92,0.374773362656,0.163149723124,0.554607678621,0.157788624872,-0.211623639532,-0.396819053749,decay
48.93,0.374631949247,0.163138828681,0.554552408064,0.157766006667,-0.211493120566,-0.396786401397,decay
48.94,0.374476055463,0.163127857392,0.554349892858,0.157743163491,-0.211348198071,-0.396606729367,decay
48.95,0.374306913697,0.163116780631,0.554002609114,0.157720121445,-0.211190133065,-0.396282487669,decay
48.96,0.374126668473,0.163105574107,0.55352349968,0.157696907367,-0.211021094366,-0.395826592313,decay
48.97,0.373937944725,0.163094218465,0.552935866068,0.157673548576,-0.21084372626,-0.395262317492,decay
48.98,0.373743632425,0.163082699176,0.552271329639,0.157650072803,-0.210660933249,-0.394621256836,decay
48.99,0.373546781902,0.163071005936,0.55156625732,0.157626508246,-0.210475775966,-0.393939749074,decay
49,0.373350420704,0.163059131992,0.550857454252,0.157602883707,-0.210291288712,-0.393254570545,decay
49.01,0.373157400941,0.163047073557,0.550178093017,0.157579228746,-0.210110327384,-0.392598864272,decay
49.02,0.372970364592,0.163034829307,0.549554655811,0.157555573872,-0.209935535285,-0.391999081938,decay
49.03,0.372791762343,0.163022399978,0.549005221275,0.157531950758,-0.209769362365,-0.391473270517,decay
49.04,0.372623942047,0.163009788025,0.548539017319,0.157508392464,-0.209614154022,-0.391030624855,decay
49.05,0.372469291125,0.16299699737,0.548156946914,0.157484933688,-0.209472293755,-0.390672013226,decay
49.06,0.372330217577,0.162984033211,0.54785276643,0.157461610976,-0.209346184366,-0.390391155454,decay
49.07,0.372208869823,0.162970901915,0.547614704133,0.15743846279,-0.209237967908,-0.390176241343,decay
49.08,0.372106840288,0.162957610973,0.547427377097,0.15741552933,-0.209149229314,-0.390011847767,decay
49.09,0.372025031542,0.162944169045,0.547273735833,0.157392852162,-0.209080862497,-0.389880883671,decay
49.1,0.371963517687,0.162930586046,0.54713663782,0.157370473761,-0.209032931641,-0.38976616406,decay
49.11,0.371921362866,0.162916873308,0.546999825818,0.157348437002,-0.209004489558,-0.389651388816,decay
49.12,0.371896643957,0.162903043789,0.54684838132,0.157326784579,-0.208993600168,-0.389521596742,decay
49.13,0.371886697277,0.162889112342,0.546668889536,0.157305558334,-0.208997584935,-0.389363331202,decay
49.14,0.37188841513,0.162875096049,0.546449631758,0.157284798482,-0.20901331908,-0.389164833276,decay
49.15,0.371898622277,0.162861014608,0.546181008513,0.157264542695,-0.209037607669,-0.388916465818,decay
49.16,0.371914550024,0.162846890679,0.545856073668,0.157244825161,-0.209067659345,-0.388611248506,decay
49.17,0.371934193741,0.162832749861,0.545470847052,0.157225675986,-0.20910144388,-0.388245171066,decay
49.18,0.371956464005,0.162818620035,0.545024181515,0.157207121208,-0.20913784397,-0.387817060307,decay
49.19,0.3719812661,0.162804530249,0.544517222735,0.157189183203,-0.209176735851,-0.387328039532,decay
49.2,0.372009487427,0.162790509476,0.543952695537,0.157171881068,-0.20921897795,-0.386780814469,decay
49.21,0.372042725102,0.162776585339,0.543334376607,0.157155230807,-0.209266139764,-0.3861791458,decay
49.22,0.372082853607,0.162762782797,0.542667071018,0.157139245313,-0.20932007081,-0.385527825705,decay
49.23,0.372131719135,0.162749122773,0.541957085617,0.157123934133,-0.209382596362,-0.384833151484,decay
49.24,0.372190960858,0.162735620681,0.541212850977,0.157109303015,-0.209455340178,-0.384103547962,decay
49.25,0.372261815735,0.16272228483,0.540445339962,0.157095353224,-0.209539530905,-0.383349986737,decay
49.26,0.372345005006,0.162709114929,0.539668169191,0.157082080772,-0.209635890077,-0.38258608842,decay
49.27,0.372440788161,0.162696101432,0.538897376634,0.157069476011,-0.209744686728,-0.381827900623,decay
49.28,0.372549091659,0.162683226297,0.538150834605,0.157057523963,-0.209865865362,-0.381093310642,decay
49.29,0.372669719873,0.162670464729,0.537447245499,0.157046205091,-0.209999255144,-0.380401040408,decay
49.3,0.37280262412,0.162657787141,0.536804666145,0.157035496071,-0.210144836979,-0.379769170074,decay
49.31,0.37294797865,0.162645161042,0.536238679137,0.157025370348,-0.210302817607,-0.379213308789,decay
49.32,0.373105990649,0.162632552853,0.535760718014,0.157015798496,-0.210473437795,-0.378744919518,decay
49.33,0.373276699375,0.162619929695,0.535377151901,0.157006748381,-0.21065676968,-0.378370403521,decay
49.34,0.37345989582,0.162607261184,0.535089326156,0.156998185147,-0.210852634636,-0.378091141009,decay
49.35,0.37365504348,0.162594521267,0.534894321681,0.156990071025,-0.211060522213,-0.377904250656,decay
49.36,0.373861196333,0.162581689941,0.534786101259,0.156982365076,-0.211279506392,-0.377803736183,decay
49.37,0.374077039171,0.162568754255,0.534756785949,0.156975023215,-0.211508284916,-0.377781762734,decay
49.38,0.374300941318,0.162555708148,0.534797824322,0.156967998757,-0.21174523317,-0.377829825565,decay
49.39,0.374530879338,0.162542551485,0.53490089487,0.156961243337,-0.211988327853,-0.377939651533,decay
49.4,0.374764425682,0.162529288927,0.535058512932,0.156954707864,-0.212235136755,-0.378103805068,decay
49.41,0.374998943671,0.162515928876,0.535264286308,0.156948343419,-0.212483014794,-0.378315942889,decay
49.42,0.375231797497,0.162502482509,0.535512718494,0.15694210209,-0.212729314988,-0.378570616404,decay
49.43,0.375460531792,0.162488962879,0.535798648142,0.156935937791,-0.212971568913,-0.378862710351,decay
49.44,0.375683169806,0.16247538407,0.536116705566,0.156929807071,-0.213207785737,-0.379186898494,decay
49.45,0.375898467987,0.16246176038,0.536461223631,0.156923669944,-0.213436707607,-0.379537553687,decay
49.46,0.376105832102,0.162448105595,0.536826788699,0.156917490652,-0.213657726507,-0.379909298047,decay
49.47,0.376305022965,0.162434432495,0.537209267254,0.156911237981,-0.213870590469,-0.380298029272,decay
49.48,0.376495949417,0.162420752757,0.53760686432,0.15690488489,-0.21407519666,-0.38070197943,decay
49.49,0.376678509636,0.162407077107,0.538020730499,0.156898407633,-0.214271432529,-0.381122322865,decay
49.5,0.3768523712,0.162393415563,0.538454919447,0.156891784804,-0.214458955636,-0.381563134643,decay
49.51,0.377016853971,0.162379777659,0.538915818625,0.156884996415,-0.214637076312,-0.382030822211,decay
49.52,0.377171034919,0.16236617266,0.539411251571,0.156878023052,-0.214804862259,-0.38253322852,decay
49.53,0.377313980564,0.162352609778,0.539949466645,0.156870845069,-0.214961370786,-0.383078621576,decay
49.54,0.377445113666,0.162339098362,0.54053828137,0.15686344183,-0.215106015304,-0.38367483954,decay
49.55,0.377564703739,0.162325648091,0.541184468087,0.156855790987,-0.215239055648,-0.3843286771,decay
49.56,0.37767413767,0.162312269115,0.541893211687,0.156847867881,-0.215361868555,-0.385045343806,decay
49.57,0.377775702753,0.162298972011,0.542667522251,0.156839645359,-0.215476730742,-0.385827876893,decay
49.58,0.377872067875,0.162285767458,0.543507648291,0.156831094231,-0.215586300417,-0.38667655406,decay
49.59,0.377965695795,0.162272665691,0.5444105425,0.156822184216,-0.215693030104,-0.387588358284,decay
49.6,0.378058228761,0.162259675871,0.545369410912,0.156812885088,-0.21579855289,-0.388556525824,decay
49.61,0.378150021187,0.162246805402,0.546373485454,0.15680316792,-0.215903215786,-0.389570317534,decay
49.62,0.378240058772,0.16223405919,0.547408265629,0.156793006457,-0.216005999583,-0.390615259172,decay
49.63,0.378326166603,0.16222143884,0.548456370926,0.156782378623,-0.216104727763,-0.391673992303,decay
49.64,0.378405265299,0.162208941762,0.549498947883,0.156771268218,-0.216196323536,-0.392727679665,decay
49.65,0.378473701786,0.162196560188,0.550517500788,0.156759666813,-0.216277141598,-0.393757833975,decay
49.66,0.37852772933,0.162184280258,0.551495892624,0.1567475756,-0.216343449072,-0.394748317023,decay
49.67,0.378563988784,0.1621720818,0.552422023441,0.15673500625,-0.216391906984,-0.39568701719,decay
49.68,0.378579928163,0.162159939236,0.55328873272,0.15672198011,-0.216419988927,-0.39656675261,decay
49.69,0.378574247658,0.162147823294,0.554093796657,0.156708526249,-0.216426424364,-0.397385270408,decay
49.7,0.378547212951,0.162135702932,0.554839168464,0.156694679302,-0.216411510019,-0.398144489162,decay
49.71,0.378500581187,0.162123547251,0.55552981044,0.156680477473,-0.216377033936,-0.398849332967,decay
49.72,0.378437171319,0.162111327408,0.556172487217,0.156665960698,-0.216325843911,-0.399506526519,decay
49.73,0.378360206182,0.162099018573,0.556774651855,0.156651168922,-0.21626118761,-0.400123482933,decay
49.74,0.378272527846,0.162086601961,0.557343337978,0.156636140454,-0.216185925884,-0.400707197524,decay
49.75,0.378176019095,0.162074066992,0.557883971075,0.156620910365,-0.216101952104,-0.40126306071,decay
49.76,0.378071603014,0.162061413278,0.558399168503,0.156605509076,-0.216010189736,-0.401793659427,decay
49.77,0.377959707542,0.162048651539,0.55888771048,0.156589961626,-0.215911056003,-0.402297748854,decay
49.78,0.377840743451,0.162035802695,0.559343850924,0.156574288027,-0.215804940756,-0.402769562897,decay
49.79,0.377715432869,0.162022895698,0.55975714328,0.156558504389,-0.21569253717,-0.403198638891,decay
49.8,0.377585075822,0.162009965064,0.560112881327,0.156542624257,-0.215575110758,-0.40357025707,decay
49.81,0.37745163524,0.161997048465,0.560393018246,0.156526659964,-0.215454586774,-0.403866358282,decay
49.82,0.377317550777,0.161984184386,0.560577373897,0.156510623985,-0.215333366391,-0.404066749912,decay
49.83,0.377185505997,0.16197140978,0.560645046959,0.156494530316,-0.215214096217,-0.404150516643,decay
49.84,0.377058235278,0.161958757698,0.560575946742,0.156478395892,-0.21509947758,-0.40409755085,decay
49.85,0.376938234869,0.161946254826,0.560352361512,0.15646224207,-0.214991980043,-0.403890119442,decay
49.86,0.376827499204,0.16193391917,0.559960446805,0.156446095958,-0.214893580034,-0.403514350847,decay
49.87,0.376727489172,0.161921758712,0.559391363392,0.156429990897,-0.21480573046,-0.402961372495,decay
49.88,0.37663922972,0.16190977165,0.558641810556,0.156413965554,-0.21472945807,-0.402227845002,decay
49.89,0.376563436323,0.161897947737,0.557713965308,0.15639806201,-0.214665488586,-0.401315903297,decay
49.9,0.376500776452,0.161886269842,0.556615046923,0.156382323559,-0.21461450661,-0.400232723363,decay
49.91,0.376452179322,0.161874715396,0.555356741342,0.156366792462,-0.214577463927,-0.39898994888,decay
49.92,0.376418863573,0.161863257713,0.553954649035,0.156351507642,-0.21455560586,-0.397603141393,decay
49.93,0.376402028139,0.161851867218,0.552427834705,0.156336502284,-0.214550160921,-0.396091332422,decay
49.94,0.376402470303,0.161840512596,0.550798434043,0.15632180127,-0.214561957708,-0.394476632773,decay
49.95,0.376420217985,0.16182916191,0.549091143331,0.156307418424,-0.214591056075,-0.392783724907,decay
49.96,0.376454186751,0.161817783613,0.5473324826,0.156293353882,-0.214636403137,-0.391039128718,decay
49.97,0.37650215824,0.161806347238,0.545549955201,0.156279592766,-0.214695811002,-0.389270362435,decay
49.98,0.376561250249,0.161794823606,0.543771275208,0.156266106024,-0.214766426644,-0.387505169184,decay
49.99,0.376628603524,0.161783184697,0.542023699815,0.156252852778,-0.214845418827,-0.385770847037,decay
50,0.376702016684,0.161771403452,0.540333415477,0.156239782975,-0.214930613231,-0.384093632502,decay
50.01,0.376780432878,0.161759453598,0.53872484868,0.15622683988,-0.21502097928,-0.3824980088,decay
50.02,0.376864077686,0.161747309536,0.537219743191,0.156213962407,-0.21511676815,-0.381005780784,decay
50.03,0.376954113345,0.161734946271,0.535836016869,0.156201087367,-0.215219167074,-0.379634929503,decay
50.04,0.377052029032,0.161722339407,0.534586706552,0.156188151648,-0.215329689625,-0.378398554903,decay
50.05,0.377159034699,0.161709465202,0.533479407599,0.156175094411,-0.215449569497,-0.377304313188,decay
50.06,0.377275489713,0.161696300696,0.532516353546,0.156161859157,-0.215579189017,-0.376354494389,decay
50.07,0.377400458623,0.161682823909,0.531694977622,0.156148395215,-0.215717634714,-0.375546582407,decay
50.08,0.377531656109,0.161669014107,0.531008643673,0.156134658291,-0.215862642002,-0.374873985381,decay
50.09,0.377665769504,0.161654852162,0.530447215326,0.156120610386,-0.216010917343,-0.37432660494,decay
50.1,0.377798862433,0.161640321016,0.529997429058,0.156106219649,-0.216158541417,-0.373891209409,decay
50.11,0.377926798075,0.161625406264,0.529643451011,0.156091460386,-0.216301391811,-0.373551990626,decay
50.12,0.378045728207,0.161610096874,0.529368029254,0.156076313246,-0.216435631332,-0.373291716008,decay
50.13,0.378152423283,0.161594386055,0.529154280532,0.156060765611,-0.216558037227,-0.373093514921,decay
50.14,0.378244326164,0.161578272293,0.528987721934,0.156044812177,-0.216666053872,-0.372942909757,decay
50.15,0.37831955085,0.161561760566,0.528857936576,0.156028455759,-0.216757790284,-0.372829480817,decay
50.16,0.378376917503,0.161544863574,0.52875932918,0.156011708127,-0.216832053929,-0.372747621052,decay
50.17,0.378415876455,0.161527602337,0.528690789108,0.155994590257,-0.216888274119,-0.372696198851,decay
50.18,0.378436345028,0.161510005734,0.528654560866,0.155977131541,-0.216926339293,-0.372677429325,decay
50.19,0.378438603037,0.161492109304,0.52865482789,0.155959368292,-0.216946493734,-0.372695459598,decay
50.2,0.378423157477,0.161473953939,0.528696330046,0.155941342147,-0.216949203537,-0.372754987899,decay
50.21,0.378390464298,0.161455584728,0.528783127045,0.155923098618,-0.21693487957,-0.372860028427,decay
50.22,0.378340738989,0.161437049915,0.52891762213,0.155904685765,-0.216903689074,-0.373012936365,decay
50.23,0.378274056089,0.161418399975,0.529099975959,0.155886152961,-0.216855656114,-0.373213822998,decay
50.24,0.378190502957,0.161399686761,0.529327996507,0.155867549729,-0.216790816197,-0.373460446778,decay
50.25,0.378090189691,0.161380962699,0.529597576351,0.155848924605,-0.216709226992,-0.373748651746,decay
50.26,0.37797323344,0.161362280045,0.529903606023,0.155830324084,-0.216610953395,-0.374073281939,decay
50.27,0.377839752538,0.161343690254,0.530241063695,0.155811791885,-0.216496062283,-0.37442927181,decay
50.28,0.37768986485,0.161325243529,0.530605962012,0.155793368692,-0.216364621321,-0.374812593321,decay
50.29,0.377523860551,0.161306988451,0.530995915003,0.155775092214,-0.2162168721,-0.375220822789,decay
50.3,0.377342568519,0.161288971603,0.531410126807,0.155756997294,-0.216053596915,-0.375653129513,decay
50.31,0.377147650144,0.161271237112,0.531848802613,0.15573911594,-0.215876413032,-0.376109686672,decay
50.32,0.37694163819,0.161253826089,0.532312338557,0.155721477269,-0.215687812101,-0.376590861288,decay
50.33,0.376727742899,0.161236775957,0.532800778592,0.15570410735,-0.215490966942,-0.377096671242,decay
50.34,0.376509391413,0.161220119634,0.533313726662,0.15568702894,-0.21528927178,-0.377626697723,decay
50.35,0.376289473234,0.16120388456,0.533850527054,0.155670261094,-0.215085588674,-0.37818026596,decay
50.36,0.376069616763,0.161188091683,0.534410440116,0.155653818739,-0.21488152508,-0.378756621376,decay
50.37,0.375849932507,0.161172754871,0.534992619299,0.155637712432,-0.214677177636,-0.379354906867,decay
50.38,0.375629229452,0.161157881076,0.535595844343,0.155621948512,-0.214471348376,-0.379973895831,decay
50.39,0.375405474544,0.161143470991,0.536218203556,0.155606529493,-0.214262003553,-0.380611674063,decay
50.4,0.375176395701,0.161129519707,0.536856996267,0.155591454422,-0.214046875993,-0.381265541845,decay
50.41,0.37494000492,0.161116017188,0.537508983829,0.155576719111,-0.213823987731,-0.381932264717,decay
50.42,0.374694723457,0.161102948542,0.538170993797,0.155562316229,-0.213591774915,-0.382608677567,decay
50.43,0.374439240645,0.161090294106,0.538840746952,0.15554823526,-0.213348946539,-0.383292511692,decay
50.44,0.374172497275,0.161078029353,0.539517583324,0.155534462324,-0.213094467923,-0.383983121,decay
50.45,0.373893840312,0.161066124603,0.540202800983,0.155520979873,-0.212827715709,-0.384681821111,decay
50.46,0.373603252762,0.161054544719,0.540899584949,0.155507766347,-0.212548708043,-0.385391818601,decay
50.47,0.373301733899,0.161043249209,0.541612603577,0.155494796168,-0.21225848469,-0.386117807409,decay
50.48,0.372991742465,0.161032193111,0.542347310274,0.155482040302,-0.211959549353,-0.386865269972,decay
50.49,0.372677366262,0.161021328417,0.54310909592,0.15546946723,-0.211656037845,-0.38763962869,decay
50.5,0.372364143284,0.16101060559,0.54390258118,0.155457043992,-0.211353537694,-0.388445537188,decay
50.51,0.372058761255,0.160999975041,0.544731193742,0.155444737159,-0.211058786214,-0.389286456582,decay
50.52,0.371768618447,0.16098938855,0.545596825699,0.155432513778,-0.210779229897,-0.390164311922,decay
50.53,0.371501088872,0.160978800703,0.546499334065,0.155420342278,-0.21052228817,-0.391078991787,decay
50.54,0.371262703593,0.160968170349,0.5474360055,0.155408193393,-0.210294533243,-0.392027812106,decay
50.55,0.371058562992,0.160957462136,0.548401303267,0.155396041097,-0.210101100857,-0.39300526217,decay
50.56,0.370892007543,0.160946647945,0.549387112585,0.155383863465,-0.209945359598,-0.394003249121,decay
50.57,0.370764537839,0.160935707685,0.550383500899,0.155371643116,-0.209828830154,-0.395011857783,decay
50.58,0.370676022999,0.160924629002,0.551379725709,0.155359366953,-0.209751393997,-0.396020358756,decay
50.59,0.370625027317,0.16091340625,0.552365131292,0.155347025428,-0.209711621067,-0.397018105864,decay
50.6,0.370609051595,0.160902039329,0.55332979359,0.155334611697,-0.209707012266,-0.397995181892,decay
50.61,0.370624797702,0.160890532626,0.554264864192,0.155322120832,-0.209734265076,-0.39894274336,decay
50.62,0.370668634196,0.160878894057,0.555162480664,0.155309549069,-0.209789740139,-0.399852931595,decay
50.63,0.370737117364,0.160867134209,0.556015182106,0.155296893102,-0.209869983155,-0.400718289004,decay
50.64,0.370827357098,0.160855265551,0.55681501407,0.155284149404,-0.209972091547,-0.401530864666,decay
50.65,0.370937289163,0.160843301706,0.557552710148,0.155271313561,-0.210093987457,-0.402281396588,decay
50.66,0.371065847899,0.160831256792,0.558217322039,0.155258379694,-0.210234591107,-0.402958942346,decay
50.67,0.371212844846,0.160819144881,0.55879651405,0.155245340197,-0.210393699966,-0.403551173853,decay
50.68,0.371378631292,0.16080697962,0.559277478801,0.155232185968,-0.210571651673,-0.404045292833,decay
50.69,0.371563764693,0.160794773961,0.559648002063,0.155218906995,-0.210768990732,-0.404429095068,decay
50.7,0.371768629673,0.160782539926,0.559897049527,0.155205493075,-0.210986089747,-0.404691556451,decay
50.71,0.37199300748,0.160770288368,0.560014696522,0.155191934567,-0.211222719112,-0.404822761954,decay
50.72,0.372235817731,0.160758028721,0.559991745617,0.155178223185,-0.21147778901,-0.404813522432,decay
50.73,0.372495055889,0.160745768734,0.559819518204,0.155164352851,-0.211749287156,-0.404655165353,decay
50.74,0.372767755477,0.160733514179,0.559490190516,0.155150320626,-0.212034241298,-0.404339869891,decay
50.75,0.373050062817,0.16072126853,0.55899777162,0.155136127719,-0.212328794287,-0.403861643901,decay
50.76,0.373337596513,0.160709032643,0.558339442482,0.15512178045,-0.21262856387,-0.403217662033,decay
50.77,0.373625895082,0.160696804593,0.557516817282,0.155107290627,-0.212929090488,-0.402409526656,decay
50.78,0.373910686212,0.160684579747,0.556536883044,0.155092674983,-0.213226106465,-0.401444208061,decay
50.79,0.374188062688,0.160672351014,0.555412536341,0.155077953936,-0.213515711674,-0.400334582405,decay
50.8,0.374454651222,0.160660109118,0.554162628099,0.155063150197,-0.213794542104,-0.399099477903,decay
50.81,0.37470758009,0.160647842847,0.552811513964,0.155048287422,-0.214059737243,-0.397763226542,decay
50.82,0.374944223922,0.160635539265,0.551388188436,0.155033388905,-0.214308684656,-0.39635479953,decay
50.83,0.375162013505,0.160623183918,0.549924960487,0.155018476272,-0.214538829586,-0.394906484215,decay
50.84,0.375358404371,0.16061076101,0.548455558047,0.155003568161,-0.214747643362,-0.393451989886,decay
50.85,0.375530886232,0.160598253579,0.547012735904,0.154988678863,-0.214932632653,-0.392024057041,decay
50.86,0.375677039529,0.160585643696,0.54562570098,0.154973817065,-0.215091395833,-0.390651883915,decay
50.87,0.375794646132,0.160572912752,0.544317812627,0.154958985242,-0.215221733379,-0.389358827386,decay
50.88,0.375881776874,0.160560041909,0.543105116515,0.154944180092,-0.215321734965,-0.388160936423,decay
50.89,0.375936915553,0.16054701267,0.541996183963,0.154929393718,-0.215389902884,-0.387066790245,decay
50.9,0.375959231696,0.160533807535,0.540993289562,0.154914614982,-0.215425424161,-0.38607867458,decay
50.91,0.375948880424,0.160520410703,0.540094380691,0.154899830822,-0.215428469721,-0.385194549869,decay
50.92,0.375907106404,0.160506808849,0.5392950478,0.154885027546,-0.215400297555,-0.384410020254,decay
50.93,0.375836194665,0.160492991991,0.538589981116,0.154870192106,-0.215343202674,-0.383719789009,decay
50.94,0.375739442996,0.160478954458,0.537973791553,0.154855313396,-0.215260488538,-0.383118478157,decay
50.95,0.375621072488,0.16046469598,0.537441283269,0.154840383583,-0.215156376509,-0.382600899686,decay
50.96,0.375485944926,0.160450222715,0.536987431133,0.154825399345,-0.215035722211,-0.382162031788,decay
50.97,0.375339202323,0.160435547592,0.536607373593,0.154810362544,-0.214903654731,-0.38179701105,decay
50.98,0.375185901373,0.160420689484,0.536296568423,0.154795279976,-0.214765211889,-0.381501288448,decay
50.99,0.375030619257,0.160405671572,0.536051115011,0.154780162472,-0.214624947685,-0.381270952539,decay
51,0.374877212853,0.160390519532,0.535868243802,0.154765023854,-0.214486693321,-0.381103219948,decay
51.01,0.374728896658,0.160375259766,0.535746936574,0.154749879919,-0.214353636892,-0.380997056655,decay
51.02,0.374588463929,0.16035991769,0.535688530433,0.154734747464,-0.214228546239,-0.380953782969,decay
51.03,0.374458439473,0.160344516027,0.535697095841,0.154719643334,-0.214113923446,-0.380977452506,decay
51.04,0.374341206988,0.16032907308,0.53577935793,0.154704583458,-0.214012133908,-0.381074774472,decay
51.05,0.37423913431,0.160313600953,0.535943916841,0.154689581868,-0.213925533357,-0.381254334973,decay
51.06,0.374154552367,0.160298103918,0.536199589891,0.154674649775,-0.213856448449,-0.381524940117,decay
51.07,0.374089619877,0.160282577668,0.536552999226,0.154659794986,-0.213807042209,-0.38189320424,decay
51.08,0.37404627705,0.160267009981,0.537006017496,0.154645021876,-0.213779267068,-0.38236099562,decay
51.09,0.374026215624,0.160251382404,0.537553918812,0.154630331738,-0.213774833221,-0.382923587074,decay
51.1,0.374030693982,0.160235672185,0.538184875055,0.154615723214,-0.213795021797,-0.383569151841,decay
51.11,0.374060399995,0.160219854193,0.538880948345,0.154601192662,-0.213840545801,-0.384279755684,decay
51.12,0.374115573351,0.160203902808,0.539620153728,0.154586734472,-0.213911670543,-0.385033419256,decay
51.13,0.374196216094,0.160187793835,0.540378897499,0.154572341337,-0.214008422259,-0.385806556162,decay
51.14,0.374302257298,0.160171506483,0.541134216094,0.154558004469,-0.214130750815,-0.386576211625,decay
51.15,0.374433723911,0.16015502542,0.541865445967,0.154543713781,-0.214278698491,-0.387321732186,decay
51.16,0.374590774916,0.160138342716,0.542555148345,0.154529458056,-0.2144524322,-0.388025690289,decay
51.17,0.374773415322,0.160121458885,0.543189342401,0.154515225197,-0.214651956437,-0.388674117204,decay
51.18,0.374981072194,0.160104382441,0.54375734194,0.154501002602,-0.214876689754,-0.389256339338,decay
51.19,0.375212311689,0.160087128437,0.544251567953,0.154486777655,-0.215125183252,-0.389764790298,decay
51.2,0.375464651568,0.160069716777,0.544667528147,0.15447253824,-0.215394934791,-0.390194989906,decay
51.21,0.375734386952,0.160052170615,0.545003914357,0.154458273274,-0.215682216336,-0.390545641083,decay
51.22,0.376016657904,0.160034514858,0.545262612297,0.154443973252,-0.215982143047,-0.390818639045,decay
51.23,0.376305845976,0.160016774715,0.545448376501,0.154429630831,-0.216289071261,-0.39101874567,decay
51.24,0.376596029797,0.159998974293,0.545568181749,0.154415241455,-0.216597055504,-0.391152940294,decay
51.25,0.376881447881,0.159981135187,0.545630616595,0.154400804028,-0.216900312694,-0.391229812567,decay
51.26,0.377157090043,0.159963275184,0.545645605972,0.15438632157,-0.217193814859,-0.391259284402,decay
51.27,0.377419183761,0.159945407466,0.545624366273,0.154371801564,-0.217473776295,-0.391252564708,decay
51.28,0.37766526856,0.159927540616,0.545579240792,0.154357255786,-0.217737727944,-0.391221985006,decay
51.29,0.377893918212,0.159909679178,0.545523033052,0.154342699782,-0.217984239034,-0.391180333271,decay
51.3,0.37810429651,0.159891824346,0.545467689309,0.154328152273,-0.218212472164,-0.391139537037,decay
51.31,0.378295652575,0.159873974617,0.545422593281,0.154313634609,-0.218421677958,-0.391108958672,decay
51.32,0.378466956692,0.159856126394,0.54539301158,0.154299170254,-0.218610830299,-0.391093841326,decay
51.33,0.378616874364,0.159838274564,0.545379231403,0.154284784304,-0.2187785998,-0.391094447098,decay
51.34,0.378743974062,0.159820413043,0.545376707563,0.154270503013,-0.218923561019,-0.39110620455,decay
51.35,0.378846955314,0.15980253531,0.545377176121,0.154256353317,-0.219044420005,-0.391120822803,decay
51.36,0.378924903823,0.159784634912,0.545370432507,0.154242362359,-0.219140268911,-0.391128070148,decay
51.37,0.378977556,0.159766705871,0.545346421591,0.154228557015,-0.219210850128,-0.391117864576,decay
51.38,0.379005291668,0.159748742945,0.545297286898,0.154214963447,-0.219256548723,-0.39108232345,decay
51.39,0.379008742284,0.159730741782,0.545219008615,0.154201606644,-0.219278000502,-0.391017401971,decay
51.4,0.378988294035,0.159712699077,0.545112286784,0.154188509902,-0.219275594958,-0.390923776882,decay
51.41,0.378943653611,0.159694612735,0.544982448226,0.15417569422,-0.219249040876,-0.390806754005,decay
51.42,0.378873486176,0.159676482076,0.544838471242,0.154163177598,-0.2191970041,-0.390675293644,decay
51.43,0.378775372595,0.159658308068,0.544691510946,0.154150974211,-0.219117064527,-0.390540536735,decay
51.44,0.378646255859,0.159640093594,0.544553248616,0.154139093453,-0.219006162265,-0.390414155164,decay
51.45,0.378483123445,0.159621843771,0.544434283873,0.154127538822,-0.218861279674,-0.390306745051,decay
51.46,0.378283637745,0.159603566226,0.544342884663,0.154116306812,-0.218680071518,-0.390226577851,decay
51.47,0.378046634643,0.159585271137,0.544284382207,0.154105386343,-0.218461363506,-0.390178995864,decay
51.48,0.377772361359,0.159566970832,0.544261204918,0.154094759134,-0.218205390527,-0.390166445783,decay
51.49,0.377462317523,0.159548679106,0.544273291594,0.154084400716,-0.217913638417,-0.390188890877,decay
51.5,0.377118913889,0.159530410434,0.544318647807,0.154074281529,-0.217588503455,-0.390244366278,decay
51.51,0.376745291757,0.159512179207,0.544393896704,0.154064367893,-0.21723311255,-0.390329528811,decay
51.52,0.376345261182,0.159493998942,0.544494670182,0.15405462285,-0.21685126224,-0.390440047331,decay
51.53,0.375923174941,0.159475881482,0.544615774316,0.154045006909,-0.21644729346,-0.390570767406,decay
51.54,0.37548379573,0.159457836147,0.544751149626,0.1540354787,-0.216025959582,-0.390715670926,decay
51.55,0.375032125937,0.159439868842,0.54489366625,0.154025995574,-0.215592257095,-0.390867670675,decay
51.56,0.374573056038,0.159421981222,0.545034977435,0.154016514157,-0.215151074816,-0.391018463277,decay
51.57,0.374111030794,0.159404170401,0.545165791009,0.154006990888,-0.214706860394,-0.39115880012,decay
51.58,0.373650037135,0.15938642951,0.545276632746,0.153997382564,-0.214263607626,-0.391279250182,decay
51.59,0.373193857465,0.15936874887,0.545358722058,0.153987646905,-0.213825108595,-0.391371075153,decay
51.6,0.37274638266,0.159351117318,0.545404458449,0.153977743158,-0.213395265342,-0.391426715291,decay
51.61,0.372311906347,0.159333523509,0.545407297881,0.153967632757,-0.212978382837,-0.391439665124,decay
51.62,0.371895288743,0.159315957203,0.545361199101,0.153957280062,-0.21257933154,-0.391403919039,decay
51.63,0.371501791096,0.159298410562,0.545260038034,0.153946653191,-0.212203380535,-0.391313384844,decay
51.64,0.37113662904,0.159280879473,0.545097331474,0.153935724976,-0.211855749567,-0.391161606498,decay
51.65,0.370804546889,0.159263364932,0.544866334757,0.153924474066,-0.211541181957,-0.390941860691,decay
51.66,0.37050947075,0.159245874348,0.544560274625,0.153912885992,-0.211263596402,-0.390647388633,decay
51.67,0.370254093709,0.15922842231,0.544172486265,0.15390095363,-0.211025671399,-0.390271532636,decay
51.68,0.370039553114,0.159211030481,0.543696458395,0.153888676599,-0.210828522633,-0.389807781796,decay
51.69,0.369865457852,0.159193726878,0.543125918223,0.15387605995,-0.210671730974,-0.389249858273,decay
51.7,0.369730191609,0.159176545014,0.542455195624,0.153863112733,-0.210553646595,-0.388592082891,decay
51.71,0.369631356913,0.159159523087,0.5416802059,0.153849846705,-0.210471833825,-0.387830359195,decay
51.72,0.369566312445,0.159142703214,0.540800152457,0.153836275152,-0.21042360923,-0.386963877306,decay
51.73,0.369532576489,0.159126130686,0.539819538313,0.15382241182,-0.210406445803,-0.385997126493,decay
51.74,0.369527886564,0.159109853222,0.538749769872,0.153808269935,-0.210418033342,-0.384941499937,decay
51.75,0.369550078844,0.159093920199,0.537609724292,0.15379386128,-0.210456158645,-0.383815863012,decay
51.76,0.369597014027,0.159078381833,0.53642498263,0.153779195407,-0.210518632194,-0.382645787223,decay
51.77,0.36966649406,0.15906328829,0.535225886379,0.153764279246,-0.210603205769,-0.381461607133,decay
51.78,0.369756179963,0.159048688686,0.534044937455,0.153749117282,-0.210707491277,-0.380295820173,decay
51.79,0.369863768167,0.159034629965,0.532914055781,0.153733712169,-0.210829138201,-0.379180343612,decay
51.8,0.369987376561,0.159021155618,0.531862048239,0.153718065497,-0.210966220943,-0.378143982742,decay
51.81,0.370125707459,0.159008304205,0.530912680005,0.15370217862,-0.211117403254,-0.377210501384,decay
51.82,0.370277888913,0.15899610766,0.530083805837,0.153686053533,-0.211281781253,-0.376397752304,decay
51.83,0.37044324487,0.158984589328,0.529387778032,0.153669693823,-0.211458655543,-0.375718084208,decay
51.84,0.37062104022,0.158973761706,0.528832800913,0.153653105706,-0.211647278513,-0.375179695207,decay
51.85,0.370810210604,0.158963623843,0.528424456613,0.153636299163,-0.211846586761,-0.37478815745,decay
51.86,0.371009259688,0.158954158833,0.528166641882,0.153619289048,-0.212055100855,-0.374547352835,decay
51.87,0.371216322538,0.158945332875,0.528061569097,0.153602095717,-0.212270989663,-0.37445947338,decay
51.88,0.371429204211,0.158937097013,0.528109055645,0.153584744855,-0.212492107198,-0.37452431079,decay
51.89,0.371645400154,0.158929390741,0.528305731451,0.153567266733,-0.212716009413,-0.374738464718,decay
51.9,0.371862275031,0.158922145961,0.52864467562,0.153549695376,-0.21294012907,-0.375094980244,decay
51.91,0.37207737875,0.158915290761,0.529115522299,0.153532067801,-0.213162087989,-0.375583454498,decay
51.92,0.372288693807,0.158908752999,0.529704847836,0.153514423323,-0.213379940808,-0.376190424513,decay
51.93,0.372494780056,0.1589024638,0.530396729786,0.153496802917,-0.213592316256,-0.376899926868,decay
51.94,0.372694863601,0.158896361011,0.531173450534,0.153479248607,-0.21379850259,-0.377694201928,decay
51.95,0.372888756251,0.158890392712,0.532016349411,0.153461802863,-0.213998363539,-0.378554546548,decay
51.96,0.373076653881,0.158884520416,0.53290680177,0.153444508004,-0.214192133465,-0.379462293766,decay
51.97,0.373259060505,0.158878720727,0.533827176376,0.1534274056,-0.214380339778,-0.380399770776,decay
51.98,0.373436779152,0.158872984511,0.534761543217,0.15341053588,-0.214563794641,-0.381351007337,decay
51.99,0.373610730305,0.158867314333,0.535695995429,0.153393937109,-0.214743415972,-0.38230205832,decay
52,0.373781644286,0.158861721438,0.536618577518,0.15337764489,-0.214919922847,-0.383240932628,decay
52.01,0.373949779054,0.158856222826,0.537518946057,0.153361691353,-0.215093556227,-0.384157254704,decay
52.02,0.374114658786,0.158850838381,0.538387996891,0.153346104214,-0.215263820405,-0.385041892677,decay
52.03,0.374274894971,0.158845588034,0.539217652545,0.153330905683,-0.215429306937,-0.385886746862,decay
52.04,0.374428246607,0.158840488891,0.540000898806,0.153316111184,-0.215587757716,-0.386684787622,decay
52.05,0.374571863141,0.158835552286,0.540732078737,0.15330172788,-0.215736310855,-0.387430350857,decay
52.06,0.374702538749,0.158830781025,0.541407427996,0.153287753224,-0.215871757724,-0.388119674772,decay
52.07,0.374816996422,0.158826167766,0.542025816308,0.153274174356,-0.215990828656,-0.388751641952,decay
52.08,0.374912245598,0.158821695259,0.542589488262,0.153260968953,-0.216090550338,-0.389328519309,decay
52.09,0.374985827548,0.158817337888,0.543104404542,0.15324810707,-0.21616848966,-0.389856297472,decay
52.1,0.375035818543,0.158813063495,0.543579867656,0.153235553156,-0.216222755048,-0.390344314501,decay
52.11,0.375060835934,0.158808835124,0.544027419119,0.153223267924,-0.21625200081,-0.390804151194,decay
52.12,0.375060248211,0.158804612653,0.544459202205,0.153211210088,-0.216255635558,-0.391247992117,decay
52.13,0.375034397695,0.158800354375,0.544886110487,0.153199337993,-0.21623404332,-0.391686772494,decay
52.14,0.374984682996,0.158796018547,0.545316247036,0.153187611186,-0.216188664449,-0.39212863585,decay
52.15,0.374913518905,0.15879156495,0.545754151253,0.153175991965,-0.216121953955,-0.392578159288,decay
52.16,0.374824062892,0.158786956335,0.546200807218,0.153164446792,-0.216037106557,-0.393036360425,decay
52.17,0.374719673071,0.158782159316,0.546654190562,0.15315294721,-0.215937513755,-0.393501243352,decay
52.18,0.374603371182,0.158777144358,0.547110125879,0.153141469959,-0.215826226824,-0.39396865592,decay
52.19,0.374477540241,0.158771885159,0.547563164793,0.153129996557,-0.215705655082,-0.394433168235,decay
52.2,0.374343815599,0.158766357908,0.548007195685,0.153118512751,-0.215577457692,-0.394888682934,decay
52.21,0.37420319185,0.158760540631,0.548435745427,0.153107008017,-0.215442651219,-0.39532873741,decay
52.22,0.374056459429,0.158754412635,0.548842086329,0.153095475134,-0.215302046794,-0.395746611195,decay
52.23,0.373904730378,0.158747954036,0.549219207907,0.1530839098,-0.215156776342,-0.396135298107,decay
52.24,0.373749657606,0.158741145389,0.549559823541,0.153072310312,-0.215008512217,-0.396487513229,decay
52.25,0.373593356317,0.158733967403,0.54985674032,0.153060677289,-0.214859388914,-0.396796063032,decay
52.26,0.373438226457,0.15872640076,0.550103746041,0.153049013425,-0.214711825697,-0.397054732616,decay
52.27,0.373286703062,0.158718426112,0.550296849087,0.15303732321,-0.214568276951,-0.397259525877,decay
52.28,0.373141020581,0.15871002427,0.550435509611,0.15302561256,-0.214430996311,-0.397409897051,decay
52.29,0.373003159913,0.1587011766,0.55052343784,0.1530138884,-0.214301983313,-0.397509549439,decay
52.3,0.372874883347,0.158691865548,0.550568651456,0.153002158238,-0.214183017799,-0.397566493218,decay
52.31,0.372757684444,0.158682075296,0.550582730112,0.152990429745,-0.214075609148,-0.397592300366,decay
52.32,0.372652769713,0.158671792574,0.550579399626,0.152978710349,-0.213980977138,-0.397600689277,decay
52.33,0.372561162067,0.158661007619,0.550572611973,0.152967006816,-0.213900154448,-0.397605605157,decay
52.34,0.372483693921,0.158649715319,0.550574318057,0.152955324821,-0.213833978603,-0.397618993236,decay
52.35,0.372420815409,0.158637916559,0.550592389895,0.152943668499,-0.21378289885,-0.397648721396,decay
52.36,0.372372524845,0.15862561956,0.550629365523,0.152932040005,-0.213746905285,-0.397697325518,decay
52.37,0.372338466927,0.158612840539,0.550682428196,0.152920439201,-0.213725626388,-0.397761988994,decay
52.38,0.372317859627,0.158599603166,0.550744517608,0.152908863555,-0.213718256461,-0.397835654053,decay
52.39,0.372309251487,0.158585937211,0.550806124273,0.152897308184,-0.213723314276,-0.397908816088,decay
52.4,0.372310451726,0.158571877078,0.55085716118,0.152885765906,-0.213738574648,-0.397971395273,decay
52.41,0.372318698359,0.158557460492,0.550888404395,0.152874227263,-0.213761237867,-0.398014177132,decay
52.42,0.372330943931,0.158542727343,0.55089235901,0.152862680496,-0.213788216587,-0.398029678514,decay
52.43,0.372344236589,0.158527718646,0.550863695859,0.15285111149,-0.213816517943,-0.398012584368,decay
52.44,0.372356054976,0.158512475605,0.550799442244,0.152839503681,-0.213843579372,-0.397959938563,decay
52.45,0.372364383229,0.158497038746,0.550699066089,0.152827837928,-0.213867344483,-0.397871228161,decay
52.46,0.372367613036,0.15848144713,0.550564506218,0.152816092415,-0.213886165906,-0.397748413802,decay
52.47,0.372364496957,0.158465737704,0.550399986209,0.152804242776,-0.213898759253,-0.397595743432,decay
52.48,0.372354089485,0.158449944841,0.550211343855,0.152792262574,-0.213904144644,-0.397419081282,decay
52.49,0.372335548897,0.158434100007,0.550004892759,0.152780124054,-0.213901448891,-0.397224768705,decay
52.5,0.372308003011,0.158418231436,0.549786274981,0.152767799004,-0.213889771574,-0.397018475977,decay
52.51,0.372270633472,0.15840236378,0.549559875996,0.15275525964,-0.213868269691,-0.396804616356,decay
52.52,0.372222752183,0.158386517696,0.549329027656,0.152742479556,-0.213836234486,-0.3965865481,decay
52.53,0.37216380535,0.158370709382,0.549096753657,0.152729434745,-0.213793095968,-0.396367318912,decay
52.54,0.37209359378,0.158354950029,0.548866499998,0.152716104718,-0.213738643751,-0.39615039528,decay
52.55,0.372012745997,0.158339245189,0.54864228718,0.152702473747,-0.213673500808,-0.395939813433,decay
52.56,0.371923193521,0.158323594183,0.548428133713,0.152688532102,-0.213599599338,-0.395739601612,decay
52.57,0.371828507313,0.158307989982,0.548227101013,0.152674276808,-0.213520517331,-0.395552824204,decay
52.58,0.371733951914,0.1582924199,0.548040405088,0.152659711602,-0.213441532014,-0.395380693486,decay
52.59,0.371646103401,0.158276866843,0.547866844746,0.152644846327,-0.213369236558,-0.395221998419,decay
52.6,0.37157219961,0.158261310697,0.547702655177,0.152629696297,-0.213310888914,-0.395072958881,decay
52.61,0.371519576008,0.158245729668,0.547541768027,0.152614281791,-0.21327384634,-0.394927486236,decay
52.62,0.371495247909,0.158230101612,0.547376302911,0.152598627707,-0.213265146298,-0.394777675205,decay
52.63,0.37150544109,0.158214405345,0.547197102695,0.152582763344,-0.213291035746,-0.394614339351,decay
52.64,0.371555061633,0.158198622002,0.546994294805,0.15256672233,-0.213356439632,-0.394427572475,decay
52.65,0.371647284587,0.158182736432,0.546757996666,0.152550542653,-0.213464548155,-0.394207454013,decay
52.66,0.371783270196,0.158166738529,0.546479201387,0.152534266727,-0.213616531667,-0.39394493466,decay
52.67,0.371961980461,0.158150624021,0.546150730702,0.152517941164,-0.21381135644,-0.393632789537,decay
52.68,0.372180296087,0.158134394375,0.545768041731,0.152501616037,-0.214045901713,-0.393266425694,decay
52.69,0.372433501844,0.158118056098,0.54532960944,0.152485343765,-0.214315445746,-0.392844265675,decay
52.7,0.372715890596,0.158101619918,0.544836762541,0.152469177908,-0.214614270678,-0.392367584634,decay
52.71,0.373021318192,0.158085100039,0.544293195732,0.152453171941,-0.214936218154,-0.391840023791,decay
52.72,0.373343661723,0.15806851348,0.543704555455,0.152437378019,-0.215275148243,-0.391267177436,decay
52.73,0.37367704984,0.15805187948,0.543078395613,0.152421845662,-0.215625170359,-0.390656549951,decay
52.74,0.374015889538,0.158035218949,0.542424585533,0.152406620361,-0.215980670589,-0.390017965172,decay
52.75,0.374354965965,0.158018553964,0.541756011512,0.152391742042,-0.216336412001,-0.38936426947,decay
52.76,0.374689708857,0.158001907269,0.541089186572,0.152377243564,-0.216687801588,-0.388711943007,decay
52.77,0.375016419653,0.15798530174,0.540444307701,0.152363149799,-0.217031117913,-0.388081157902,decay
52.78,0.375332395342,0.157968759755,0.539844509703,0.152349477711,-0.217363635587,-0.387495031992,decay
52.79,0.375636034319,0.157952302477,0.539314416975,0.1523362371,-0.217683731842,-0.386978179874,decay
52.8,0.375926726114,0.157935949095,0.538878245969,0.152323431409,-0.217990777018,-0.38655481456,decay
52.81,0.376204301175,0.157919716001,0.538557669809,0.152311058328,-0.218284585174,-0.386246611481,decay
52.82,0.376468334306,0.157903615897,0.538369703587,0.152299110212,-0.218564718409,-0.386070593375,decay
52.83,0.376717705556,0.157887656821,0.538324987972,0.152287574298,-0.218830048735,-0.386037413674,decay
52.84,0.376950389765,0.157871841059,0.538426895657,0.152276432739,-0.219078548705,-0.386150462918,decay
52.85,0.377163389326,0.157856163934,0.538671758995,0.152265662447,-0.219307225393,-0.386406096549,decay
52.86,0.377352922247,0.157840612671,0.539050165326,0.152255234874,-0.219512309576,-0.386794930451,decay
52.87,0.377514833485,0.157825166044,0.539548891087,0.152245116061,-0.219689667441,-0.387303775026,decay
52.88,0.377645080487,0.15780979531,0.540152927947,0.152235267225,-0.219835285177,-0.387917660722,decay
52.89,0.377740287857,0.157794466063,0.540847247901,0.152225645709,-0.219945821794,-0.388621602192,decay
52.9,0.377798295815,0.157779140305,0.541618170126,0.152216205964,-0.22001915551,-0.389401964162,decay
52.91,0.377818382319,0.157763778483,0.542454219857,0.152206900437,-0.220054603836,-0.390247319421,decay
52.92,0.377801044824,0.157748341488,0.543346406233,0.152197680381,-0.220052703336,-0.391148725852,decay
52.93,0.377747700947,0.157732792681,0.544287977018,0.15218849662,-0.220014908266,-0.392099480398,decay
52.94,0.377660594335,0.15771709997,0.545273766801,0.152179300274,-0.219943494364,-0.393094466527,decay
52.95,0.377542777556,0.157701237994,0.546299253883,0.152170043491,-0.219841539562,-0.394129210392,decay
52.96,0.377398025608,0.157685190195,0.547359548649,0.152160680158,-0.219712835413,-0.395198868491,decay
52.97,0.377230622971,0.157668950073,0.548448647547,0.152151166536,-0.219561672897,-0.396297481011,decay
52.98,0.377044863365,0.157652521075,0.549559172859,0.152141461757,-0.21939234229,-0.397417711101,decay
52.99,0.376844338362,0.157635915536,0.550682578795,0.152131528265,-0.219208422826,-0.39855105053,decay
53,0.376631461249,0.157619153468,0.551809609544,0.152121332306,-0.219012307781,-0.399688277238,decay
53.01,0.376407445692,0.157602261478,0.552930703482,0.152110844542,-0.218805184214,-0.40081985894,decay
53.02,0.376172589934,0.157585271834,0.554036138401,0.152100040792,-0.2185873181,-0.40193609761,decay
53.03,0.375926793814,0.15756822165,0.555115916821,0.152088902932,-0.218358572164,-0.403027013889,decay
53.04,0.37567022603,0.157551152176,0.556159470812,0.152077419972,-0.218119073853,-0.40408205084,decay
53.05,0.37540378417,0.157534108165,0.557155291118,0.152065589321,-0.217869676005,-0.405089701797,decay
53.06,0.37512912675,0.157517137278,0.558090679992,0.152053418026,-0.217611989472,-0.406037261966,decay
53.07,0.374848502747,0.15750028945,0.558951812455,0.152040923189,-0.217348213297,-0.406910889265,decay
53.08,0.374564592528,0.157483616135,0.559724110148,0.152028130982,-0.217080976394,-0.407695979166,decay
53.09,0.374280304882,0.157467169447,0.56039276268,0.152015074682,-0.216813135435,-0.408377687998,decay
53.1,0.37399860321,0.157451001242,0.560943228283,0.152001792531,-0.216547601968,-0.408941435751,decay
53.11,0.373722555144,0.157435162134,0.561361702886,0.151988325712,-0.21628739301,-0.409373377174,decay
53.12,0.373455454564,0.157419700417,0.561635641818,0.151974716419,-0.216035754147,-0.409660925399,decay
53.13,0.37320074252,0.157404660881,0.561754379612,0.151961005997,-0.215796081639,-0.409793373615,decay
53.14,0.37296179638,0.157390083458,0.561709776433,0.151947233108,-0.215571712923,-0.409762543325,decay
53.15,0.372741712119,0.157376001704,0.561496662001,0.151933431871,-0.215365710415,-0.40956323013,decay
53.16,0.372542993049,0.15736244126,0.561112917227,0.151919630155,-0.215180551789,-0.409193287072,decay
53.17,0.372367147557,0.157349418911,0.560559331234,0.151905848642,-0.215017728646,-0.408653482592,decay
53.18,0.372214403105,0.157336942705,0.559839519028,0.151892101098,-0.2148774604,-0.40794741793,decay
53.19,0.372083652449,0.157325012756,0.558960095327,0.151878395506,-0.214758639693,-0.407081699821,decay
53.2,0.371972551523,0.157313622091,0.557931117608,0.151864735395,-0.214658929432,-0.406066382213,decay
53.21,0.371877757081,0.157302757258,0.556766623621,0.151851121112,-0.214574999823,-0.404915502509,decay
53.22,0.371795341387,0.157292398708,0.555484920388,0.151837551035,-0.214502942679,-0.403647369354,decay
53.23,0.371721168866,0.157282520939,0.554108271164,0.151824022735,-0.214438647927,-0.402284248429,decay
53.24,0.371651052128,0.157273092425,0.552661908902,0.151810534127,-0.214377959703,-0.400851374775,decay
53.25,0.371580921583,0.15726407533,0.55117261396,0.151797084604,-0.214316846253,-0.399375529356,decay
53.26,0.371507229344,0.15725542515,0.549667153651,0.151783676058,-0.214251804194,-0.397883477593,decay
53.27,0.371427446517,0.157247090782,0.548170805565,0.151770313394,-0.214180355734,-0.396400492171,decay
53.28,0.371340451099,0.157239015357,0.5467060922,0.151757004228,-0.214101435742,-0.394949087972,decay
53.29,0.371246651222,0.157231137613,0.545291790637,0.15174375801,-0.214015513609,-0.393548032627,decay
53.3,0.371147683885,0.15722339335,0.543942370432,0.151730584968,-0.213924290535,-0.392211785465,decay
53.31,0.371045766754,0.157215716807,0.54266811627,0.151717495034,-0.213830049947,-0.390950621236,decay
53.32,0.37094306865,0.15720804198,0.54147597869,0.151704496753,-0.21373502667,-0.389771481937,decay
53.33,0.370841346426,0.157200303918,0.54037079791,0.151691596141,-0.213641042508,-0.388679201769,decay
53.34,0.3707418145,0.157192440036,0.539356428685,0.151678795484,-0.213549374463,-0.387677633201,decay
53.35,0.370645277498,0.157184391485,0.538436478818,0.151666092055,-0.213460886012,-0.386770386764,decay
53.36,0.370552610192,0.15717610447,0.537614570693,0.151653476923,-0.213376505722,-0.38596109377,decay
53.37,0.370465284478,0.157167531145,0.536894213477,0.151640934467,-0.213297753333,-0.38525327901,decay
53.38,0.370385465354,0.157158629798,0.536278502537,0.151628443047,-0.213226835556,-0.384650059489,decay
53.39,0.370315641316,0.157149364569,0.535769803659,0.1516159765,-0.213166276747,-0.384153827159,decay
53.4,0.370258057471,0.157139705152,0.535369405045,0.151603505833,-0.213118352319,-0.383765899212,decay
53.41,0.370214098353,0.157129626662,0.535077057863,0.151591000902,-0.213084471691,-0.383486056962,decay
53.42,0.370183827117,0.157119109681,0.534890459661,0.151578432056,-0.213064717436,-0.383312027605,decay
53.43,0.370165939922,0.157108140508,0.534804824531,0.151565771812,-0.213057799414,-0.383239052719,decay
53.44,0.37015803039,0.157096711593,0.534812640748,0.151552996572,-0.213061318798,-0.383259644175,decay
53.45,0.370156902232,0.157084822196,0.534903697667,0.151540088428,-0.213072080037,-0.383363609239,decay
53.46,0.370158968521,0.1570724791,0.535065412357,0.151527036856,-0.213086489421,-0.383538375501,decay
53.47,0.370160810647,0.157059696903,0.535283424279,0.151513839631,-0.213101113744,-0.383769584648,decay
53.48,0.370159651225,0.157046497506,0.535542464929,0.151500502448,-0.213113153719,-0.384041962481,decay
53.49,0.370153559774,0.157032909083,0.535827514157,0.151487037644,-0.213120650691,-0.384340476514,decay
53.5,0.370141603839,0.157018965017,0.536125045741,0.151473462731,-0.213122638823,-0.38465158301,decay
53.51,0.370124083009,0.157004703001,0.536423839756,0.151459799026,-0.213119380008,-0.38496404073,decay
53.52,0.370102662994,0.156990164299,0.536714893962,0.151446070359,-0.213112498696,-0.385268823603,decay
53.53,0.370080354119,0.156975393136,0.536990503168,0.151432301847,-0.213104960983,-0.385558201321,decay
53.54,0.370061404884,0.156960436213,0.537242983938,0.151418518708,-0.213100968671,-0.385824465231,decay
53.55,0.370050992805,0.156945342312,0.53746363427,0.151404745077,-0.213105650493,-0.386058889193,decay
53.56,0.370054695595,0.156930161931,0.537642448402,0.151391002923,-0.213124533664,-0.386251445479,decay
53.57,0.370077985743,0.156914946747,0.537768657613,0.151377311323,-0.213163038996,-0.38639134629,decay
53.58,0.370125796776,0.156899748768,0.537831674722,0.151363686347,-0.213226048008,-0.386467988375,decay
53.59,0.370201971724,0.15688461923,0.537822049054,0.151350141332,-0.213317352494,-0.386471907722,decay
53.6,0.370308671744,0.156869607407,0.537732382081,0.15133668725,-0.213439064336,-0.386395694831,decay
53.61,0.370446064184,0.156854759364,0.537558316212,0.151323333031,-0.21359130482,-0.386234983181,decay
53.62,0.370612356048,0.156840116624,0.537299591682,0.151310085823,-0.213772239425,-0.385989505859,decay
53.63,0.370804038758,0.156825714727,0.536960952948,0.151296951209,-0.213978324031,-0.385664001739,decay
53.64,0.371016345776,0.156811581647,0.536552541865,0.151283933361,-0.214204764129,-0.385268608504,decay
53.65,0.371243876273,0.156797736021,0.53608937185,0.151271035156,-0.214446140252,-0.384818336694,decay
53.66,0.371481132174,0.156784185428,0.535589630173,0.151258258237,-0.214696946746,-0.384331371936,decay
53.67,0.371722893296,0.156770925497,0.535072031086,0.151245603064,-0.214951967799,-0.383826428022,decay
53.68,0.371964580688,0.156757940437,0.534552955724,0.15123306896,-0.215206640251,-0.383319886764,decay
53.69,0.372202513581,0.15674520453,0.534044285698,0.151220654144,-0.215457309051,-0.382823631554,decay
53.7,0.372433842712,0.156732683785,0.533552618059,0.151208355725,-0.215701158927,-0.382344262333,decay
53.71,0.372656275211,0.156720337415,0.533079964455,0.15119616965,-0.215935937796,-0.381883794806,decay
53.72,0.372867820929,0.156708119165,0.532625352942,0.151184090605,-0.216159701764,-0.381441262337,decay
53.73,0.373066619924,0.156695978503,0.532186434216,0.151172111871,-0.216370641421,-0.381014322345,decay
53.74,0.373250936795,0.156683861713,0.531760448177,0.151160225122,-0.216567075082,-0.380600223055,decay
53.75,0.373419421111,0.156671712917,0.531344527229,0.151148420183,-0.216747708195,-0.380196107047,decay
53.76,0.373571443472,0.156659475047,0.530935769529,0.151136684774,-0.216911968425,-0.379799084755,decay
53.77,0.37370715579,0.156647090762,0.530531534266,0.151125004412,-0.217060065028,-0.379406529854,decay
53.78,0.373827252177,0.1566345033,0.530130076924,0.151113362556,-0.217192748877,-0.379016714368,decay
53.79,0.37393269305,0.156621657333,0.529731175032,0.151101740948,-0.217311035718,-0.378629434084,decay
53.8,0.374024464836,0.156608499871,0.529336315733,0.15109011998,-0.217415964966,-0.378246195754,decay
53.81,0.374103365739,0.15659498127,0.528948448203,0.151078479036,-0.217508384469,-0.377869969168,decay
53.82,0.374170014459,0.156581056376,0.528571572382,0.151066796825,-0.217588958083,-0.377504775557,decay
53.83,0.374225117494,0.156566685818,0.528210229966,0.151055051708,-0.217658431676,-0.377155178258,decay
53.84,0.374269768382,0.156551837507,0.527868815461,0.151043222024,-0.217717930875,-0.376825593438,decay
53.85,0.374305733968,0.156536488356,0.527550819097,0.151031286435,-0.217769245612,-0.376519532662,decay
53.86,0.37433573196,0.156520625959,0.527258281204,0.151019224289,-0.217815106001,-0.376239056914,decay
53.87,0.374363440012,0.156504249314,0.526991684942,0.151007015965,-0.217859190698,-0.375984668976,decay
53.88,0.374393087495,0.156487367888,0.52675034144,0.150994643192,-0.217905719607,-0.375755698248,decay
53.89,0.374428886253,0.156469999563,0.52653305946,0.15098208937,-0.21795888669,-0.37555097009,decay
53.9,0.374474570457,0.156452168397,0.526338710731,0.150969339943,-0.218022402061,-0.375369370788,decay
53.91,0.374533037248,0.15643390257,0.526166458189,0.150956382845,-0.218099134678,-0.375210075344,decay
53.92,0.374606106262,0.156415232517,0.526015797315,0.150943209039,-0.218190873745,-0.375072588275,decay
53.93,0.374694539111,0.156396189199,0.525886715339,0.15092981315,-0.218298349911,-0.374956902188,decay
53.94,0.374798203286,0.156376802492,0.525780021608,0.150916194217,-0.218421400795,-0.374863827391,decay
53.95,0.374916130213,0.156357099642,0.52569764608,0.150902356564,-0.218559030571,-0.374795289515,decay
53.96,0.375046578252,0.156337103924,0.525642769774,0.150888310641,-0.218709474328,-0.374754459133,decay
53.97,0.375187318883,0.156316833906,0.52561978874,0.150874073271,-0.218870484977,-0.374745715469,decay
53.98,0.375336027401,0.156296303655,0.525634082037,0.150859666916,-0.219039723746,-0.374774415121,decay
53.99,0.375490647545,0.156275523624,0.525691511432,0.150845118236,-0.219215123921,-0.374846393195,decay
54,0.375649739125,0.156254501757,0.525797643559,0.150830456511,-0.219395237368,-0.374967187048,decay
54.01,0.375812608653,0.156233244627,0.525956821516,0.150815712105,-0.219579364025,-0.375141109411,decay
54.02,0.375979024909,0.156211758623,0.526171306192,0.150800914993,-0.219767266286,-0.375370391199,decay
54.03,0.376148754082,0.156190051189,0.526440669691,0.150786093289,-0.219958702893,-0.375654576403,decay
54.04,0.376321269747,0.156168132132,0.526761520753,0.150771271764,-0.220153137615,-0.375990248989,decay
54.05,0.376495619458,0.156146015035,0.527127563561,0.150756470318,-0.220349604423,-0.376371093243,decay
54.06,0.376670305878,0.15612371859,0.527530036768,0.150741702547,-0.220546587288,-0.376788334222,decay
54.07,0.376843274222,0.156101267331,0.527958653785,0.15072697493,-0.220742006891,-0.377231678855,decay
54.08,0.377012022654,0.156078691328,0.528403027591,0.150712287019,-0.220933331326,-0.377690740572,decay
54.09,0.377173684096,0.156056025183,0.528854306886,0.150697632332,-0.221117658913,-0.378156674554,decay
54.1,0.377325172007,0.156033306854,0.529306517316,0.150682999393,-0.221291865153,-0.378623517923,decay
54.11,0.377463552439,0.156010576542,0.529756905214,0.150668372703,-0.221452975898,-0.379088532511,decay
54.12,0.377586437558,0.155987875622,0.530204840517,0.150653733642,-0.221598561936,-0.379551106876,decay
54.13,0.377692201541,0.155965245601,0.530649712509,0.150639061321,-0.22172695594,-0.380010651188,decay
54.14,0.377780151982,0.155942727065,0.531088888379,0.150624333403,-0.221837424917,-0.380464554976,decay
54.15,0.377850637921,0.155920358597,0.531516614282,0.150609526909,-0.221930279325,-0.380907087373,decay
54.16,0.377904810743,0.155898175748,0.531924202376,0.150594618957,-0.222006634995,-0.381329583418,decay
54.17,0.377944050556,0.155876210389,0.532301418231,0.150579587282,-0.222067840166,-0.381721830948,decay
54.18,0.377969394797,0.155854490683,0.532638586137,0.150564410368,-0.222114904113,-0.382074175769,decay
54.19,0.377981138223,0.155833041479,0.532928648976,0.150549067343,-0.222148096744,-0.382379581633,decay
54.2,0.37797860871,0.155811884754,0.533168581611,0.150533537823,-0.222166723956,-0.382635043787,decay
54.21,0.377960252571,0.155791039947,0.533360046813,0.150517801809,-0.222169212623,-0.382842245005,decay
54.22,0.377924080356,0.155770524193,0.533509535562,0.150501839618,-0.222153556163,-0.383007695945,decay
54.23,0.377868216885,0.155750352427,0.533628263638,0.150485631892,-0.222117864458,-0.383142631746,decay
54.24,0.377791421848,0.155730537383,0.533731860651,0.150469159657,-0.222060884465,-0.383262700993,decay
54.25,0.377693702289,0.155711089465,0.533839601773,0.15045240445,-0.221982612824,-0.383387197323,decay
54.26,0.377576790723,0.155692016575,0.533972918517,0.15043534852,-0.221884774148,-0.383537569997,decay
54.27,0.377444051481,0.155673324155,0.534153210859,0.150417975094,-0.221770727326,-0.383735235765,decay
54.28,0.377299917746,0.155655015635,0.53439937104,0.1504002687,-0.221644902111,-0.38399910234,decay
54.29,0.377149220333,0.155637093136,0.534725689341,0.150382215575,-0.221512127197,-0.384343473767,decay
54.3,0.376996498147,0.155619558186,0.535140678074,0.150363804174,-0.221376939961,-0.3847768739,decay
54.31,0.376845415554,0.15560241233,0.535646898583,0.150345025805,-0.221243003224,-0.385301872778,decay
54.32,0.376698526263,0.155585657652,0.536241516248,0.150325875393,-0.22111286861,-0.385915640855,decay
54.33,0.376557321413,0.155569297198,0.536917265188,0.150306352399,-0.220988024215,-0.386610912789,decay
54.34,0.376422303789,0.155553335319,0.537663697901,0.150286461902,-0.22086896847,-0.387377235999,decay
54.35,0.376293105445,0.155537777942,0.538468730112,0.150266215861,-0.220755327503,-0.388202514251,decay
54.36,0.376168768568,0.155522632728,0.539320338988,0.150245634373,-0.220646135839,-0.389074704615,decay
54.37,0.376048023816,0.155507909056,0.540208028108,0.150224746294,-0.22054011476,-0.389983281814,decay
54.38,0.375929477371,0.155493617746,0.541123674449,0.15020358873,-0.220435859625,-0.39092008572,decay
54.39,0.375811954432,0.155479770589,0.542061598965,0.150182205773,-0.220332183843,-0.391879393192,decay
54.4,0.37569504336,0.155466379734,0.543017897658,0.150160647111,-0.220228663626,-0.392857250547,decay
54.41,0.375579525254,0.155453456969,0.543989237889,0.150138966754,-0.220126068286,-0.393850271135,decay
54.42,0.375467487109,0.155441012879,0.544971535261,0.150117221879,-0.22002647423,-0.394854313382,decay
54.43,0.3753620597,0.155429055877,0.545958946903,0.150095471753,-0.219933003823,-0.395863475149,decay
54.44,0.375266701392,0.155417591065,0.546943413921,0.150073776707,-0.219849110326,-0.396869637214,decay
54.45,0.375184186078,0.155406618934,0.547914820446,0.150052197125,-0.219777567143,-0.397862623322,decay
54.46,0.375115778281,0.155396134059,0.548861689377,0.150030792463,-0.219719644222,-0.398830896914,decay
54.47,0.375060938781,0.155386124394,0.549772085065,0.150009620407,-0.219674814388,-0.399762464658,decay
54.48,0.375017489889,0.155376571628,0.550634256063,0.149988736227,-0.219640918261,-0.400645519836,decay
54.49,0.374982144211,0.155367452251,0.551436777828,0.149968192241,-0.219614691961,-0.401468585588,decay
54.5,0.374951397586,0.155358738699,0.552168352546,0.149948037219,-0.219592658887,-0.402220315328,decay
54.51,0.374922463247,0.155350400369,0.552817648469,0.149928315652,-0.219572062878,-0.402889332817,decay
54.52,0.374893804151,0.155342404462,0.553373539268,0.149909066856,-0.21955139969,-0.403464472412,decay
54.53,0.374865228635,0.155334716712,0.553825862574,0.149890323881,-0.219530511924,-0.403935538693,decay
54.54,0.374837663892,0.155327302001,0.554166487367,0.149872112208,-0.219510361891,-0.40429437516,decay
54.55,0.374812590014,0.15532012488,0.554390259367,0.149854448195,-0.219492465134,-0.404535811172,decay
54.56,0.374791320466,0.15531315003,0.554495396804,0.14983733753,-0.219478170437,-0.404658059274,decay
54.57,0.374774490769,0.15530634268,0.55448317526,0.149820774512,-0.219468148089,-0.404662400748,decay
54.58,0.374761818448,0.155299669039,0.554357088415,0.149804742825,-0.219462149409,-0.404552345591,decay
54.59,0.374751987459,0.15529309672,0.55412195513,0.149789217295,-0.219458890739,-0.404332737835,decay
54.6,0.374742715766,0.155286595169,0.553783526291,0.149774165784,-0.219456120597,-0.404009360507,decay
54.61,0.374731100855,0.155280136092,0.553348792264,0.149759550875,-0.219450964763,-0.403589241389,decay
54.62,0.374714054202,0.155273693906,0.552826752332,0.149745331351,-0.219440360295,-0.403081420981,decay
54.63,0.374688667473,0.15526724622,0.552229313225,0.149731463512,-0.219421421252,-0.402497849712,decay
54.64,0.374652624139,0.155260774358,0.551571968445,0.149717902349,-0.21939184978,-0.401854066097,decay
54.65,0.374604630756,0.155254263948,0.550873844041,0.149704602604,-0.219350366807,-0.401169241437,decay
54.66,0.374544628113,0.155247705466,0.550156905036,0.149691519727,-0.219296922647,-0.40046538531,decay
54.67,0.374473794137,0.155241094386,0.549444535938,0.14967861063,-0.21923269975,-0.399765925308,decay
54.68,0.374394506159,0.155234430682,0.548759861345,0.149665834203,-0.219160075477,-0.399094027142,decay
54.69,0.374310140799,0.155227717857,0.548124055682,0.149653151656,-0.219082422942,-0.398470904026,decay
54.7,0.374224564897,0.155220961889,0.547554874085,0.149640526821,-0.219003603008,-0.397914347264,decay
54.71,0.374141509109,0.155214170207,0.547065612313,0.149627926464,-0.218927338902,-0.397437685849,decay
54.72,0.374064063253,0.155207350698,0.546664486062,0.149615320632,-0.218856712555,-0.39704916543,decay
54.73,0.373994413608,0.155200510739,0.54635429275,0.149602683043,-0.218793902869,-0.396751609707,decay
54.74,0.373933951807,0.155193656221,0.546132263938,0.149589991535,-0.218740295586,-0.396542272402,decay
54.75,0.373883723559,0.155186790558,0.545990105369,0.149577228595,-0.218696933001,-0.396412876774,decay
54.76,0.373844872337,0.155179913773,0.545914389156,0.149564381875,-0.218664958564,-0.39635000728,decay
54.77,0.373818771678,0.15517302201,0.545887548377,0.149551444475,-0.218645749668,-0.396336103902,decay
54.78,0.37380693852,0.155166107729,0.545889566315,0.149538414764,-0.218640830791,-0.396351151551,decay
54.79,0.373810912626,0.155159160377,0.545900166282,0.149525295926,-0.218651752249,-0.396374870355,decay
54.8,0.37383204215,0.155152167196,0.545901097004,0.14951209547,-0.218679874954,-0.396389001534,decay
54.81,0.373871207267,0.155145114008,0.545878076369,0.149498824823,-0.218726093259,-0.396379251547,decay
54.82,0.373928696896,0.15513798599,0.5458219729,0.149485499012,-0.218790710906,-0.396336473889,decay
54.83,0.374004178683,0.155130768458,0.545728887034,0.149472136412,-0.218873410225,-0.396256750622,decay
54.84,0.374096561188,0.155123447669,0.545599141394,0.149458758567,-0.21897311352,-0.396140382828,decay
54.85,0.374203878026,0.155116011659,0.545435615349,0.149445390064,-0.219087866366,-0.395990225285,decay
54.86,0.374323387411,0.155108451027,0.545242055954,0.149432058404,-0.219214936384,-0.39580999755,decay
54.87,0.374451793052,0.155100759294,0.545021928827,0.149418793636,-0.219351033758,-0.395603135191,decay
54.88,0.374585510906,0.155092932603,0.544778031905,0.149405627623,-0.219492578302,-0.395372404283,decay
54.89,0.374721055496,0.155084968946,0.544512628734,0.149392593001,-0.21963608655,-0.395120035733,decay
54.9,0.374855407229,0.155076867279,0.544227613075,0.149379722047,-0.21977853995,-0.394847891028,decay
54.91,0.374986120174,0.155068626682,0.543924346695,0.149367045488,-0.219917493493,-0.394557301207,decay
54.92,0.375111326581,0.15506024555,0.543603184164,0.149354591255,-0.220051081031,-0.394248592909,decay
54.93,0.375229918976,0.155051720814,0.543262941345,0.149342383136,-0.220178198162,-0.39392055821,decay
54.94,0.37534174563,0.155043047169,0.542900541097,0.149330439312,-0.220298698461,-0.393570101785,decay
54.95,0.375447564583,0.155034216303,0.542511089768,0.149318770743,-0.22041334828,-0.393192319025,decay
54.96,0.375548851681,0.155025216211,0.542088594713,0.149307379605,-0.220523635469,-0.392781215108,decay
54.97,0.375647517058,0.155016030874,0.541627160884,0.149296258472,-0.220631486183,-0.392330902411,decay
54.98,0.375745415387,0.155006640503,0.541122287333,0.149285390783,-0.220738774885,-0.39183689655,decay
54.99,0.37584378176,0.154997022208,0.540572082944,0.149274752173,-0.220846759553,-0.391297330771,decay
55,0.375942809038,0.154987150806,0.539978320396,0.149264311966,-0.220955658232,-0.39071400843,decay
55.01,0.376041324017,0.154976999657,0.53934710346,0.149254034521,-0.22106432436,-0.390093068939,decay
55.02,0.376136598437,0.154966541536,0.538688836932,0.149243880463,-0.221170056901,-0.389444956469,decay
55.03,0.376224597017,0.154955749575,0.538017277703,0.149233807808,-0.221268847442,-0.388783469895,decay
55.04,0.37630071931,0.154944598286,0.537347711284,0.149223773016,-0.221356121024,-0.388123938267,decay
55.05,0.376360630598,0.154933064681,0.536694660544,0.149213732001,-0.221427565917,-0.387480928543,decay
55.06,0.376400852785,0.15492112942,0.536069807031,0.149203641079,-0.221479723365,-0.386866165952,decay
55.07,0.376419114696,0.154908777629,0.535480713113,0.149193457759,-0.221510337066,-0.386287255354,decay
55.08,0.376414405008,0.154895999156,0.534930485077,0.149183141301,-0.221518405853,-0.385747343776,decay
55.09,0.376386638607,0.154882788459,0.534418212367,0.149172653134,-0.221503850148,-0.385245559233,decay
55.1,0.376336173022,0.154869144521,0.533940014658,0.14916195728,-0.221467028501,-0.384778057377,decay
55.11,0.376263444778,0.154855070919,0.53349052779,0.149151020865,-0.221408373859,-0.384339506925,decay
55.12,0.376168695095,0.154840576085,0.533064622231,0.14913981472,-0.22132811901,-0.383924807511,decay
55.13,0.376051799737,0.154825673745,0.532659151782,0.149128314113,-0.221226125992,-0.383530837669,decay
55.14,0.375912345827,0.154810383551,0.532274457488,0.14911649961,-0.221101962276,-0.383157957878,decay
55.15,0.375749825047,0.154794731908,0.531915195417,0.149104358098,-0.22095509314,-0.382810837318,decay
55.16,0.375563679947,0.154778752794,0.531590079197,0.14909188381,-0.220784927153,-0.382498195387,decay
55.17,0.37535326464,0.154762487934,0.531310442025,0.149079078827,-0.220590776706,-0.382231363198,decay
55.18,0.375117941893,0.154745985823,0.53108795346,0.149065952661,-0.22037195607,-0.382022000799,decay
55.19,0.37485729907,0.154729299958,0.530932200638,0.149052521216,-0.220127999112,-0.381879679422,decay
55.2,0.374571362895,0.154712486898,0.530848948249,0.149038805685,-0.219858875997,-0.381810142565,decay
55.21,0.374260819282,0.154695604399,0.53083953703,0.149024831575,-0.219565214883,-0.381814705455,decay
55.22,0.373927151047,0.154678709604,0.53090126353,0.149010627889,-0.219248441443,-0.381890635641,decay
55.23,0.373572514224,0.154661857231,0.531028217775,0.148996226409,-0.218910656993,-0.382031991365,decay
55.24,0.373199498995,0.154645097737,0.531212176281,0.148981661099,-0.218554401258,-0.382230515182,decay
55.25,0.372811094992,0.154628475396,0.531443425278,0.148966967576,-0.218182619596,-0.382476457702,decay
55.26,0.372410796614,0.154612026483,0.531711512317,0.148952182654,-0.217798770131,-0.382759329663,decay
55.27,0.372002566377,0.154595778233,0.53200595745,0.148937343912,-0.217406788144,-0.383068613538,decay
55.28,0.37159061088,0.154579749059,0.532316904049,0.148922489259,-0.21701086182,-0.38339441479,decay
55.29,0.371179030777,0.154563949649,0.532635542089,0.148907656493,-0.216615081128,-0.383727885596,decay
55.3,0.370771390377,0.154548384196,0.532954177969,0.148892882853,-0.21622300618,-0.384061295116,decay
55.31,0.370370410513,0.15453305151,0.53326613992,0.14887820456,-0.215837359003,-0.38438793536,decay
55.32,0.369978001441,0.154517945971,0.533565879617,0.148863656321,-0.21546005547,-0.384702223296,decay
55.33,0.369595558668,0.154503058366,0.533849397084,0.148849270787,-0.215092500302,-0.385000126296,decay
55.34,0.369224325425,0.154488376604,0.534114771882,0.148835077952,-0.214735948821,-0.385279693929,decay
55.35,0.368865821627,0.154473886331,0.534362500434,0.148821104458,-0.214391935296,-0.385541395976,decay
55.36,0.368522271644,0.15445957148,0.534595465209,0.148807372894,-0.214062700164,-0.385788092314,decay
55.37,0.36819669664,0.154445414781,0.534818529506,0.14879390132,-0.213751281859,-0.386024628186,decay
55.38,0.367892573526,0.154431398308,0.535037964608,0.148780703211,-0.213461175218,-0.386257261397,decay
55.39,0.367613345511,0.154417504018,0.535260952266,0.148767787662,-0.213195841493,-0.386493164605,decay
55.4,0.367361995382,0.154403714285,0.535495141864,0.148755159572,-0.212958281097,-0.386739982292,decay
55.41,0.367140803026,0.154390012403,0.535748067723,0.14874281971,-0.212750790623,-0.387005248013,decay
55.42,0.366951466604,0.154376383078,0.536026359194,0.148730764636,-0.212575083527,-0.387295594558,decay
55.43,0.366795522837,0.154362812924,0.536334931745,0.148718986482,-0.212432709912,-0.387615945262,decay
55.44,0.366674693542,0.154349290969,0.536676476686,0.148707472603,-0.212325402573,-0.387969004083,decay
55.45,0.366590965771,0.15433580918,0.537051397813,0.148696205066,-0.212255156591,-0.388355192747,decay
55.46,0.366546507985,0.154322362957,0.53745808636,0.148685160134,-0.212224145029,-0.388772926227,decay
55.47,0.366543398481,0.154308951366,0.537893364055,0.148674308126,-0.212234447115,-0.389219055929,decay
55.48,0.366583023909,0.15429557696,0.538353022854,0.148663613975,-0.212287446949,-0.389689408879,decay
55.49,0.366665319151,0.154282245295,0.53883245381,0.148653038256,-0.212383073856,-0.390179415554,decay
55.5,0.366788264679,0.154268964394,0.539327240956,0.148642538297,-0.212519300285,-0.390684702659,decay
55.51,0.366947806538,0.154255744221,0.539833500023,0.14863206923,-0.212692062317,-0.391201430794,decay
55.52,0.367138134999,0.154242596175,0.540347917768,0.148621584976,-0.212895538825,-0.391726332792,decay
55.53,0.367352302608,0.154229532593,0.540867606072,0.148611039215,-0.213122770015,-0.392256566857,decay
55.54,0.367583014288,0.154216566249,0.541389786243,0.148600386347,-0.213366448039,-0.392789399896,decay
55.55,0.367823307095,0.154203709838,0.541911304867,0.148589582486,-0.213619597257,-0.393321722381,decay
55.56,0.368067101942,0.154190975458,0.542428182531,0.148578586415,-0.213876126483,-0.393849596116,decay
55.57,0.368309673482,0.154178374162,0.542935487344,0.148567360255,-0.21413129932,-0.394368127089,decay
55.58,0.368547830087,0.154165915612,0.543427689854,0.148555869655,-0.214381914475,-0.394871820199,decay
55.59,0.368779689858,0.154153607804,0.543899359874,0.148544083684,-0.214626082054,-0.395355276189,decay
55.6,0.369004288883,0.15414145676,0.544345761737,0.148531974706,-0.214862832124,-0.39581378703,decay
55.61,0.369221255002,0.154129466155,0.544762891654,0.148519518379,-0.215091788847,-0.396243373275,decay
55.62,0.369430539415,0.15411763687,0.54514682386,0.148506693781,-0.215312902545,-0.396640130079,decay
55.63,0.369632229473,0.154105966454,0.545492682675,0.148493483681,-0.215526263019,-0.396999198994,decay
55.64,0.369826585272,0.154094448502,0.545793804913,0.148479874962,-0.21573213677,-0.397313929951,decay
55.65,0.37001417702,0.154083071924,0.546041491481,0.1484658592,-0.215931105096,-0.397575632281,decay
55.66,0.370195850599,0.154071820253,0.546225480998,0.1484514333,-0.216124030345,-0.397774047698,decay
55.67,0.370372627782,0.15406067146,0.546335048164,0.148436599797,-0.216311956322,-0.397898448367,decay
55.68,0.370545753523,0.154049598611,0.546360285305,0.148421366542,-0.216496154911,-0.397938918764,decay
55.69,0.370716764482,0.15403857114,0.546293072251,0.148405745994,-0.216678193342,-0.397887326256,decay
55.7,0.37088746969,0.154027556251,0.546127639765,0.148389754502,-0.216859913439,-0.397737885263,decay
55.71,0.371059925047,0.154016520296,0.545860878181,0.148373411727,-0.217043404751,-0.397487466454,decay
55.72,0.371236345881,0.154005430142,0.545492442545,0.148356740217,-0.217230915739,-0.397135702328,decay
55.73,0.37141887875,0.153994254535,0.545024594833,0.148339765113,-0.217424624215,-0.39668482972,decay
55.74,0.371609371168,0.153982965527,0.544461763945,0.148322513975,-0.217626405641,-0.39613924997,decay
55.75,0.371809244939,0.153971539963,0.543809928523,0.14830501673,-0.217837704976,-0.395504911793,decay
55.76,0.372019374503,0.153959960878,0.543076019975,0.148287305661,-0.218059413625,-0.394788714313,decay
55.77,0.372239981759,0.153948218215,0.542267604914,0.148269415262,-0.218291763545,-0.393998189652,decay
55.78,0.372470767956,0.153936308406,0.541393031619,0.1482513818,-0.21853445955,-0.393141649819,decay
55.79,0.372711216004,0.153924233182,0.540461877697,0.148233242678,-0.218786982822,-0.392228635019,decay
55.8,0.372960705512,0.153911998212,0.539485236813,0.148215035776,-0.2190487073,-0.391270201038,decay
55.81,0.373218404039,0.153899611835,0.538475492051,0.148196798807,-0.219318792204,-0.390278693244,decay
55.82,0.373483149973,0.15388708386,0.537445586409,0.1481785687,-0.219596066113,-0.38926701771,decay
55.83,0.373753333653,0.153874424443,0.536408057219,0.148160380965,-0.219878909209,-0.388247676254,decay
55.84,0.374026733943,0.153861642994,0.535374125507,0.148142269048,-0.220165090949,-0.387231856459,decay
55.85,0.374300470139,0.153848747109,0.534353014145,0.148124263631,-0.22045172303,-0.386228750514,decay
55.86,0.374571170627,0.153835741623,0.533351514976,0.148106391966,-0.220735429004,-0.38524512301,decay
55.87,0.374835265554,0.153822628147,0.532373790127,0.148088677493,-0.221012637408,-0.384285112634,decay
55.88,0.375089370521,0.153809405349,0.531421571523,0.148071139943,-0.221279965172,-0.38335043158,decay
55.89,0.375330770988,0.153796069783,0.530494991415,0.148053795766,-0.221534701205,-0.38244119565,decay
55.9,0.375557823632,0.15378261688,0.529593972183,0.148036658579,-0.221775206753,-0.381557313604,decay
55.91,0.375770050956,0.153769041969,0.528719780837,0.148019739548,-0.222001008986,-0.380700041289,decay
55.92,0.375967966741,0.153755341324,0.527876271879,0.148003047666,-0.222212625418,-0.379873224213,decay
55.93,0.376152761583,0.153741513249,0.527070376328,0.147986589948,-0.222411248334,-0.37908378638,decay
55.94,0.376325813171,0.153727559241,0.52631158478,0.147970371536,-0.22259825393,-0.378341213244,decay
55.95,0.376488106701,0.153713485225,0.525610499001,0.147954395714,-0.222774621475,-0.377656103287,decay
55.96,0.37663988276,0.153699302707,0.524976770157,0.147938663866,-0.222940580053,-0.377038106291,decay
55.97,0.376780578306,0.153685029283,0.524416894951,0.147923175451,-0.223095549023,-0.3764937195,decay
55.98,0.376908878464,0.153670688079,0.523932406558,0.147907928077,-0.223238190385,-0.376024478481,decay
55.99,0.377022896584,0.15365630643,0.523518835363,0.147892917598,-0.223366590154,-0.375625917765,decay
56,0.37712051046,0.15364191438,0.523165518415,0.147878138182,-0.22347859608,-0.375287380233,decay
56.01,0.377199640734,0.153627543211,0.522856233211,0.147863582284,-0.223572097523,-0.374992650927,decay
56.02,0.377258391297,0.153613223992,0.522570786648,0.147849240535,-0.223645167305,-0.374721546112,decay
56.03,0.377295221943,0.153598986129,0.522287655842,0.147835101551,-0.223696235814,-0.374452554291,decay
56.04,0.377309161978,0.153584855859,0.521987282935,0.147821151651,-0.223724306118,-0.374166131284,decay
56.05,0.377299914734,0.153570854695,0.521655096409,0.147807374491,-0.223729060039,-0.373847721918,decay
56.06,0.377267967482,0.15355699794,0.521283315352,0.1477937507,-0.223710969542,-0.373489564652,decay
56.07,0.377214909066,0.153543293891,0.520871146729,0.147780257814,-0.223671615175,-0.373090888915,decay
56.08,0.377143759621,0.153529744128,0.520423701492,0.147766870719,-0.223614015493,-0.372656830773,decay
56.09,0.377059028815,0.153516344578,0.519950389284,0.147753562468,-0.223542684237,-0.372196826816,decay
56.1,0.376966524715,0.153503086721,0.519463468597,0.147740305168,-0.223463437994,-0.371723163429,decay
56.11,0.376872884435,0.153489958719,0.518976974773,0.147727070847,-0.223382925717,-0.371249903926,decay
56.12,0.376784705075,0.153476946448,0.518505904569,0.147713832306,-0.223307758627,-0.370792072263,decay
56.13,0.376707536987,0.15346403447,0.518065472048,0.14770056398,-0.223243502518,-0.370364908068,decay
56.14,0.376645175017,0.153451206947,0.517670245833,0.147687242821,-0.22319396807,-0.369983003012,decay
56.15,0.376599347757,0.153438448531,0.517333065876,0.147673849233,-0.223160899226,-0.369659216643,decay
56.16,0.376569727538,0.153425745182,0.517063949718,0.147660367965,-0.223143982356,-0.369403581753,decay
56.17,0.376554216955,0.153413084787,0.516869423635,0.147646788658,-0.223141132167,-0.369222634978,decay
56.18,0.376549321489,0.153400457466,0.516752535699,0.147633105806,-0.223148864022,-0.369119429893,decay
56.19,0.376550342755,0.153387855663,0.516713515588,0.14761931833,-0.223162487092,-0.369094197258,decay
56.2,0.37655146494,0.153375274192,0.516750978198,0.147605429083,-0.223176190748,-0.369145549114,decay
56.21,0.3765460501,0.153362710316,0.516863453632,0.147591444448,-0.223183339785,-0.369272009184,decay
56.22,0.376527134696,0.153350163846,0.517050750279,0.147577374001,-0.22317697085,-0.369473376278,decay
56.23,0.376487884191,0.15333763729,0.517314683231,0.147563230257,-0.223150246901,-0.369751452974,decay
56.24,0.376422025618,0.153325136027,0.517658999493,0.147549028487,-0.22309688959,-0.370109971006,decay
56.25,0.376324373758,0.153312668534,0.518088470204,0.147534786587,-0.223011705224,-0.370553683617,decay
56.26,0.376191329007,0.153300246547,0.51860725842,0.147520524979,-0.22289108246,-0.371086733441,decay
56.27,0.376021224198,0.153287884873,0.519216985751,0.147506266425,-0.222733339325,-0.371710719327,decay
56.28,0.375814551536,0.153275600616,0.519915062842,0.147492035673,-0.22253895092,-0.372423027169,decay
56.29,0.37557402964,0.153263411962,0.52069369594,0.147477858985,-0.222310617678,-0.373215836956,decay
56.3,0.375304412792,0.153251336834,0.521539790905,0.14746376363,-0.222053075958,-0.374076027275,decay
56.31,0.375012077129,0.153239391498,0.522435788856,0.147449777384,-0.22177268563,-0.374986011472,decay
56.32,0.374704433737,0.153227589121,0.523361196701,0.147435928005,-0.221476844617,-0.375925268696,decay
56.33,0.374389119353,0.15321593824,0.52429437961,0.147422242694,-0.221173181113,-0.376872136916,decay
56.34,0.3740731203,0.153204441133,0.52521426056,0.147408747502,-0.220868679167,-0.377805513058,decay
56.35,0.373762217702,0.153193092041,0.526101801595,0.147395466685,-0.220569125661,-0.378706334911,decay
56.36,0.373460828591,0.153181875503,0.526941267351,0.147382422031,-0.220278953088,-0.37955884532,decay
56.37,0.373171958803,0.153170765608,0.52772127866,0.147369632334,-0.220001193195,-0.380351646326,decay
56.38,0.372897202636,0.153159726789,0.528435575525,0.147357113107,-0.219737475847,-0.381078462418,decay
56.39,0.372636961544,0.153148715694,0.529083172309,0.147344876452,-0.219488245849,-0.381738295857,decay
56.4,0.372390824485,0.153137683313,0.529667520856,0.14733293088,-0.219253141171,-0.382334589976,decay
56.41,0.372157951033,0.153126577034,0.53019475863,0.147321281013,-0.219031373998,-0.382873477617,decay
56.42,0.371937471635,0.15311534265,0.530671694342,0.147309927151,-0.218822128985,-0.383361767191,decay
56.43,0.371728818149,0.153103926355,0.531104280018,0.147298864697,-0.218624891794,-0.383805415322,decay
56.44,0.371531786853,0.153092276787,0.531497005164,0.147288083427,-0.218439510065,-0.384208921737,decay
56.45,0.371346436684,0.15308034715,0.531853185102,0.147277566604,-0.218266089534,-0.384575618498,decay
56.46,0.371173104053,0.153068097237,0.532175646029,0.147267290104,-0.218105006816,-0.384908355926,decay
56.47,0.371012498741,0.153055494733,0.532467147043,0.14725722215,-0.217957004009,-0.385209924893,decay
56.48,0.370865687304,0.153042515264,0.532730201803,0.147247324102,-0.217823172041,-0.385482877701,decay
56.49,0.370734089892,0.153029141645,0.53296646515,0.147237551979,-0.217704948247,-0.385728913171,decay
56.5,0.370619630226,0.153015362998,0.533176130216,0.147227858128,-0.217604267228,-0.385948272088,decay
56.51,0.370524785328,0.153001174056,0.533357776338,0.147218192833,-0.217523611273,-0.386139583505,decay
56.52,0.3704524007,0.152986574645,0.533508935453,0.147208505865,-0.217465826055,-0.386300429588,decay
56.53,0.370405522863,0.152971569363,0.53362726808,0.147198748017,-0.2174339535,-0.386428520063,decay
56.54,0.370387265117,0.152956167427,0.533711850306,0.147188872664,-0.21743109769,-0.386522977641,decay
56.55,0.370400456455,0.152940382702,0.533764046759,0.14717883738,-0.217460073753,-0.386585209379,decay
56.56,0.370447141447,0.152924233793,0.533787600885,0.147168605464,-0.217522907654,-0.386618995421,decay
56.57,0.370528150491,0.152907743895,0.533787707246,0.147158146845,-0.217620406597,-0.386629560401,decay
56.58,0.370642768821,0.152890940132,0.533769196568,0.147147437945,-0.217751828689,-0.386621758623,decay
56.59,0.370788592235,0.152873852577,0.533734450841,0.147136460851,-0.217914739658,-0.38659798999,decay
56.6,0.370961718517,0.152856513235,0.533681779713,0.147125202364,-0.218105205282,-0.386556577349,decay
56.61,0.371157165555,0.152838955129,0.533604704739,0.147113653175,-0.218318210426,-0.386491051563,decay
56.62,0.371369284778,0.152821211455,0.533492258786,0.147101807174,-0.218548073323,-0.386390451612,decay
56.63,0.371592163972,0.152803314802,0.533330177522,0.147089660876,-0.21878884917,-0.386240516646,decay
56.64,0.371820082158,0.152785296408,0.533102689368,0.147077212969,-0.21903478575,-0.3860254764,decay
56.65,0.372047846671,0.152767185428,0.532794485529,0.147064463973,-0.219280661243,-0.385730021556,decay
56.66,0.372270923084,0.152749008287,0.532392511168,0.147051415987,-0.219521914797,-0.385341095181,decay
56.67,0.372485559056,0.152730788341,0.531887373493,0.147038072507,-0.219754770715,-0.384849300986,decay
56.68,0.372688902478,0.152712546033,0.531274189608,0.147024438275,-0.219976356445,-0.384249751333,decay
56.69,0.372878822823,0.152694299378,0.5305527886,0.147010519185,-0.220184523445,-0.383542269415,decay
56.7,0.373053408893,0.152676064552,0.529727412938,0.146996322255,-0.220377344342,-0.382731090683,decay
56.71,0.373210429456,0.152657856439,0.528806162174,0.146981855707,-0.220552573017,-0.381824306467,decay
56.72,0.373346976718,0.152639689176,0.527800399807,0.146967129114,-0.220707287542,-0.380833270693,decay
56.73,0.373459471584,0.152621576665,0.526724314556,0.146952153652,-0.220837894919,-0.379772160904,decay
56.74,0.373544199071,0.152603533076,0.525594755672,0.146936942438,-0.220940665995,-0.378657813234,decay
56.75,0.37359819919,0.15258557334,0.524431358646,0.146921510957,-0.22101262585,-0.377509847689,decay
56.76,0.373620025665,0.152567713579,0.523256778965,0.146905877511,-0.221052312086,-0.376350901454,decay
56.77,0.373610116027,0.152549971265,0.522096571182,0.14689006344,-0.221060144762,-0.375206507742,decay
56.78,0.373570864433,0.152532364985,0.520978187935,0.146874092928,-0.221038499448,-0.374104095007,decay
56.79,0.373506392747,0.152514913892,0.519928924746,0.146857992525,-0.220991478855,-0.373070932221,decay
56.8,0.373421966247,0.152497637048,0.518973244026,0.146841790636,-0.220924329199,-0.37213145339,decay
56.81,0.373323348557,0.152480552713,0.518130307131,0.146825517056,-0.220842795844,-0.371304790075,decay
56.82,0.373216389195,0.152463677584,0.517412322227,0.146809202562,-0.220752711611,-0.370603119665,decay
56.83,0.373106662732,0.152447025954,0.516823812147,0.146792878527,-0.220659636778,-0.370030933619,decay
56.84,0.372998927189,0.152430608787,0.516361675073,0.146776576565,-0.220568318402,-0.369585098508,decay
56.85,0.37289652906,0.152414432678,0.516015880281,0.146760328174,-0.220482096382,-0.369255552107,decay
56.86,0.372800966839,0.152398498863,0.515770653115,0.146744164395,-0.220402467976,-0.369026488719,decay
56.87,0.372711734432,0.152382802776,0.515606097261,0.146728115549,-0.220328931656,-0.368877981712,decay
56.88,0.372626562448,0.152367334562,0.515500233203,0.146712211069,-0.220259227886,-0.368788022135,decay
56.89,0.372542064038,0.152352080231,0.515431242404,0.146696479406,-0.220189983807,-0.368734762999,decay
56.9,0.372454559866,0.152337022951,0.515379491028,0.146680947907,-0.220117536914,-0.368698543121,decay
56.91,0.372360862566,0.152322144246,0.515329027311,0.146665642637,-0.220038718319,-0.368663384674,decay
56.92,0.372258998322,0.152307425129,0.515268536115,0.14665058813,-0.219951573193,-0.368617947985,decay
56.93,0.372148685468,0.152292847176,0.515191803505,0.146635807058,-0.219855838292,-0.368555996446,decay
56.94,0.372031190883,0.152278393573,0.515097774669,0.146621319813,-0.21975279731,-0.368476454856,decay
56.95,0.371908649892,0.152264050149,0.514990342748,0.146607143973,-0.219644599743,-0.368383198775,decay
56.96,0.371783385193,0.15224980632,0.514877831713,0.14659329375,-0.219533578874,-0.368284537963,decay
56.97,0.371657468952,0.152235655625,0.514772000988,0.146579779669,-0.219421813327,-0.368192221319,decay
56.98,0.371532460163,0.152221595637,0.51468665529,0.146566608677,-0.219310864526,-0.368120046614,decay
56.99,0.371409348318,0.15220762742,0.514636279423,0.14655378453,-0.219201720898,-0.368082494893,decay
57,0.371288704841,0.152193754873,0.514635095091,0.146541308174,-0.219094949968,-0.368093786917,decay
57.01,0.371170887878,0.152179984077,0.514696639403,0.146529178002,-0.218990903801,-0.368167461401,decay
57.02,0.371056234862,0.152166322661,0.514833680378,0.146517389979,-0.218889912201,-0.368316290399,decay
57.03,0.370945245805,0.15215277916,0.515058138297,0.14650593765,-0.218792466645,-0.368552200647,decay
57.04,0.370838595313,0.152139362362,0.5153807327,0.14649481202,-0.218699232952,-0.36888592068,decay
57.05,0.370736871788,0.152126080628,0.515810340816,0.146484001305,-0.21861079116,-0.369326339511,decay
57.06,0.37064034163,0.152112941259,0.516353341637,0.146473490636,-0.218527400371,-0.369879851001,decay
57.07,0.37054904222,0.152099950136,0.517013214452,0.146463261925,-0.218449092084,-0.370549952527,decay
57.08,0.370463070466,0.152087111817,0.517790445799,0.146453294079,-0.218375958649,-0.37133715172,decay
57.09,0.370382906693,0.152074429962,0.518682691839,0.146443563415,-0.218308476731,-0.372239128424,decay
57.1,0.370309822878,0.152061907808,0.519685086058,0.146434044091,-0.21824791507,-0.373251041967,decay
57.11,0.370246189302,0.152049548613,0.520790506361,0.146424708437,-0.218196640689,-0.374365797924,decay
57.12,0.370195373771,0.152037356062,0.521989671964,0.146415527216,-0.218158017709,-0.375574144747,decay
57.13,0.370161346566,0.152025334635,0.523271107138,0.146406469802,-0.21813601193,-0.376864637336,decay
57.14,0.370148244983,0.152013489948,0.524621119916,0.146397504305,-0.218134755035,-0.378223615612,decay
57.15,0.37015986761,0.152001829063,0.526023972768,0.146388597644,-0.218158038547,-0.379635375124,decay
57.16,0.370199103074,0.151990360727,0.52746244834,0.14637971563,-0.218208742347,-0.38108273271,decay
57.17,0.370267472789,0.151979095313,0.528918901958,0.146370823226,-0.218288377476,-0.382548078732,decay
57.18,0.370364818229,0.151968044348,0.530376562918,0.14636188513,-0.218396773881,-0.384014677788,decay
57.19,0.370489077981,0.151957219701,0.531820642443,0.146352866591,-0.21853185828,-0.385467775852,decay
57.2,0.370636321367,0.151946632642,0.533238949204,0.146343734329,-0.218689688725,-0.386895214876,decay
57.21,0.370801207254,0.151936292815,0.534621902031,0.146334457494,-0.218864914439,-0.388287444536,decay
57.22,0.37097764004,0.151926207141,0.53596186428,0.146325008704,-0.219051432899,-0.389636855575,decay
57.23,0.371159315933,0.151916378599,0.53725190435,0.146315365162,-0.219242937334,-0.390936539188,decay
57.24,0.371340191619,0.151906804894,0.538484448689,0.146305509896,-0.219433386724,-0.392178938793,decay
57.25,0.371514887059,0.151897476972,0.539650409974,0.146295433138,-0.219617410087,-0.393354976835,decay
57.26,0.371678854504,0.151888377582,0.540739138804,0.146285133662,-0.219790476922,-0.394454005143,decay
57.27,0.37182841387,0.151879480544,0.541739200428,0.146274619429,-0.219948933326,-0.395464580998,decay
57.28,0.371960873162,0.151870751227,0.542639636875,0.146263907089,-0.220090121935,-0.396375729786,decay
57.29,0.372074626911,0.151862147861,0.543431191402,0.146253020664,-0.220212479051,-0.397178170738,decay
57.3,0.372169108505,0.151853623004,0.544107128979,0.146241990109,-0.220315485501,-0.39786513887,decay
57.31,0.372244716914,0.151845124921,0.544663544292,0.146230849978,-0.220399591993,-0.398432694314,decay
57.32,0.372302738787,0.15183659887,0.545099124411,0.146219638196,-0.220466139917,-0.398879486215,decay
57.33,0.372345127233,0.151827988333,0.545414436526,0.146208394921,-0.2205171389,-0.399206041606,decay
57.34,0.372374221393,0.15181923623,0.545611056264,0.146197161452,-0.220554985163,-0.399413894812,decay
57.35,0.372392668286,0.151810286142,0.545690849099,0.146185979167,-0.220582382144,-0.399504869932,decay
57.36,0.372403528645,0.151801083511,0.545655410023,0.146174888492,-0.220602445134,-0.39948052153,decay
57.37,0.372410369978,0.151791576631,0.545505635274,0.146163928005,-0.220618793347,-0.399341707269,decay
57.38,0.372417364037,0.15178171729,0.54524162721,0.146153133719,-0.220635646746,-0.399088493491,decay
57.39,0.37242937286,0.151771461222,0.544863099423,0.146142538483,-0.220657911638,-0.39872056094,decay
57.4,0.372451770998,0.151760768596,0.544370294083,0.146132171326,-0.220691002401,-0.398238122757,decay
57.41,0.37248993948,0.151749604684,0.543765302256,0.146122056712,-0.220740334797,-0.397643245544,decay
57.42,0.372548647409,0.1517379407,0.543053459016,0.146112213658,-0.220810706709,-0.396941245358,decay
57.43,0.372631444643,0.151725754869,0.542244429631,0.1461026547,-0.220905689774,-0.396141774931,decay
57.44,0.37274012898,0.151713033723,0.541352850669,0.146093384694,-0.221027095257,-0.395259465974,decay
57.45,0.372874495478,0.151699773657,0.540398584336,0.146084399424,-0.221174721821,-0.394314184911,decay
57.46,0.373032478916,0.151685982484,0.539406552621,0.146075684257,-0.221346496432,-0.393330868364,decay
57.47,0.373210480162,0.151671680067,0.538405941026,0.146067213672,-0.221538800096,-0.392338727354,decay
57.48,0.373403684391,0.151656897343,0.537428595469,0.146058952277,-0.221746787049,-0.391369643193,decay
57.49,0.373606462203,0.151641674253,0.536506641658,0.146050856861,-0.22196478795,-0.390455784797,decay
57.5,0.373812880419,0.151626057504,0.535669540234,0.146042878662,-0.222186822915,-0.389626661573,decay
57.51,0.37401716447,0.151610098506,0.534941035302,0.14603496553,-0.222407065964,-0.388906069772,decay
57.52,0.374214151394,0.151593851492,0.534336773715,0.146027064012,-0.222620299901,-0.388309709703,decay
57.53,0.374399832655,0.151577371766,0.533863373251,0.146019121396,-0.222822460889,-0.387844251854,decay
57.54,0.374571716517,0.151560714034,0.533519213689,0.146011087767,-0.223011002483,-0.387508125922,decay
57.55,0.374728698064,0.151543930798,0.533296545147,0.146002918116,-0.223184767266,-0.387293627031,decay
57.56,0.374870556326,0.15152707088,0.533184052513,0.145994574316,-0.223343485446,-0.387189478197,decay
57.57,0.374997345485,0.151510178506,0.533169046062,0.145986026295,-0.223487166979,-0.387183019768,decay
57.58,0.375108785998,0.151493293214,0.533238927333,0.145977251879,-0.223615492784,-0.387261675455,decay
57.59,0.375203813539,0.151476450348,0.533382114158,0.145968235737,-0.223727363191,-0.387413878421,decay
57.6,0.375280490231,0.151459681686,0.533588847796,0.145958968157,-0.223820808545,-0.387629879639,decay
57.61,0.375336197354,0.151443016007,0.533852122926,0.145949443935,-0.223893181347,-0.387902678991,decay
57.62,0.375367893357,0.151426479604,0.534168549405,0.145939661416,-0.223941413753,-0.388228887989,decay
57.63,0.375372502311,0.151410096723,0.534538694014,0.145929621638,-0.223962405588,-0.388609072377,decay
57.64,0.375347511109,0.15139388994,0.534966531408,0.145919327595,-0.223953621169,-0.389047203813,decay
57.65,0.375291486233,0.151377880476,0.535457956038,0.145908783594,-0.223913605757,-0.389549172444,decay
57.66,0.375204318354,0.151362088417,0.536018730179,0.145897994715,-0.223842229937,-0.390120735464,decay
57.67,0.375087355567,0.151346532781,0.536652453262,0.145886966468,-0.223740822786,-0.390765486794,decay
57.68,0.37494342461,0.151331231363,0.537359003027,0.145875704686,-0.223612193248,-0.391483298341,decay
57.69,0.374776602757,0.151316200396,0.538133710021,0.145864215604,-0.22346040236,-0.392269494416,decay
57.7,0.374591922829,0.151301454097,0.538967410044,0.145852506052,-0.223290468731,-0.393114903991,decay
57.71,0.374395225389,0.151287004099,0.539847269598,0.145840583707,-0.223108221289,-0.394006685892,decay
57.72,0.374193019916,0.151272858782,0.540757971977,0.14582845742,-0.222920161134,-0.394929514557,decay
57.73,0.373992211247,0.151259022472,0.541682813164,0.145816137614,-0.222733188775,-0.39586667555,decay
57.74,0.373799764969,0.151245494499,0.542604402312,0.145803636761,-0.22255427047,-0.396800765551,decay
57.75,0.373622293775,0.151232268105,0.543504796282,0.14579096993,-0.22239002567,-0.397713826352,decay
57.76,0.37346545761,0.151219329374,0.544365221119,0.145778155327,-0.222246128237,-0.398587065793,decay
57.77,0.373333364267,0.151206656827,0.545165937689,0.145765214472,-0.22212670744,-0.399400723217,decay
57.78,0.373228278123,0.151194222145,0.54588674936,0.14575217178,-0.222034055978,-0.400134577581,decay
57.79,0.373150592966,0.151181991678,0.54650823222,0.14573905371,-0.221968601287,-0.40076917851,decay
57.8,0.373098966276,0.151169928109,0.547013504086,0.14572588782,-0.221929038167,-0.401287616266,decay
57.81,0.373070792765,0.151157992026,0.547390103624,0.145712701844,-0.22191280074,-0.40167740178,decay
57.82,0.373062994761,0.151146143426,0.547631253702,0.145699522786,-0.221916851335,-0.401931730915,decay
57.83,0.373072741565,0.151134343176,0.547735952374,0.145686376006,-0.221938398389,-0.402049576369,decay
57.84,0.373097892924,0.151122554458,0.547707939671,0.145673284276,-0.221975338466,-0.402034655395,decay
57.85,0.373137218248,0.15111074425,0.54755398562,0.145660266795,-0.222026473999,-0.401893718825,decay
57.86,0.373190346166,0.151098884684,0.54728201745,0.145647338238,-0.222091461481,-0.401634679213,decay
57.87,0.373257430159,0.151086953798,0.546899595026,0.145634508178,-0.222170476361,-0.401265086847,decay
57.88,0.373338750348,0.151074935281,0.5464131249,0.14562178114,-0.222263815068,-0.40079134376,decay
57.89,0.373434396161,0.151062817543,0.545827939414,0.145609157061,-0.222371578618,-0.400218782353,decay
57.9,0.373543909439,0.151050592627,0.545149077255,0.145596631825,-0.222493316812,-0.399552445429,decay
57.91,0.373665882358,0.151038255183,0.544382466905,0.145584197719,-0.222627627175,-0.398798269186,decay
57.92,0.373797762097,0.151025801516,0.543536192741,0.145571843801,-0.222771960581,-0.39796434894,decay
57.93,0.373935917209,0.151013228684,0.542621468277,0.145559556204,-0.222922688525,-0.397061912073,decay
57.94,0.37407580809,0.151000533635,0.541653037242,0.145547318367,-0.223075274454,-0.396105718875,decay
57.95,0.374212317321,0.150987712384,0.540648955346,0.145535111206,-0.223224604938,-0.39511384414,decay
57.96,0.374340292944,0.150974759281,0.539629835612,0.145522913288,-0.223365533663,-0.394106922325,decay
57.97,0.374455042593,0.150961666693,0.538617732186,0.145510701161,-0.2234933759,-0.393107031025,decay
57.98,0.3745525816,0.150948425278,0.537634915591,0.145498449974,-0.223604156322,-0.392136465617,decay
57.99,0.374629703328,0.15093502472,0.536702722787,0.145486134305,-0.223694678608,-0.391216588482,decay
58,0.374683898553,0.150921454614,0.535840508953,0.145473729073,-0.223762443939,-0.39036677988,decay
58.01,0.374713112473,0.150907705405,0.535064701594,0.145461210464,-0.223805407069,-0.389603491129,decay
58.02,0.374715539356,0.150893769378,0.534388089137,0.145448556913,-0.223821769978,-0.388939532224,decay
58.03,0.37468967186,0.150879641733,0.533819514388,0.145435750136,-0.223810030127,-0.388383764252,decay
58.04,0.37463449088,0.150865321735,0.53336400981,0.14542277626,-0.223769169145,-0.38794123355,decay
58.05,0.374549615294,0.150850813995,0.533023352011,0.145409627054,-0.223698801299,-0.387613724957,decay
58.06,0.374435540547,0.150836129676,0.53279701481,0.145396301117,-0.223599410871,-0.387400713693,decay
58.07,0.374294057844,0.150821287037,0.53268337785,0.145382804494,-0.223472770807,-0.387300573356,decay
58.08,0.374128602241,0.150806310873,0.532680911706,0.145369150319,-0.223322291367,-0.387311761386,decay
58.09,0.373944347918,0.150791231167,0.532789032157,0.145355357793,-0.223153116751,-0.387433674364,decay
58.1,0.373748119928,0.150776081575,0.533008339217,0.145341451037,-0.222972038353,-0.38766688818,decay
58.11,0.37354808678,0.150760897979,0.533340019725,0.145327458044,-0.222787188801,-0.38801256168,decay
58.12,0.3733531641,0.150745717084,0.533784409549,0.145313409722,-0.222607447015,-0.388470999827,decay
58.13,0.3731722635,0.150730575042,0.53433903011,0.145299338995,-0.222441688458,-0.389039691115,decay
58.14,0.373013449462,0.150715506066,0.534996619675,0.14528527996,-0.222297943396,-0.389711339715,decay
58.15,0.372882955729,0.150700541001,0.535743787471,0.145271267064,-0.222182414728,-0.390472520408,decay
58.16,0.372784299108,0.150685705983,0.536560862127,0.145257334316,-0.222098593125,-0.391303527811,decay
58.17,0.372717920083,0.150671021643,0.537423070488,0.145243514623,-0.22204689844,-0.392179555865,decay
58.18,0.372681428823,0.150656503196,0.538302603242,0.145229839297,-0.222024925627,-0.393072763945,decay
58.19,0.372670204922,0.150642161142,0.539170863306,0.145216337674,-0.222028043781,-0.393954525632,decay
58.2,0.372678248339,0.150628002078,0.54000038227,0.145203036712,-0.222050246261,-0.394797345558,decay
58.21,0.372699205446,0.150614029419,0.540766262232,0.145189960505,-0.222085176027,-0.395576301727,decay
58.22,0.372727236364,0.150600244025,0.541447234587,0.145177129711,-0.222126992339,-0.396270104876,decay
58.23,0.37275755204,0.150586644737,0.54202648816,0.145164560862,-0.222170907303,-0.396861927298,decay
58.24,0.37278676289,0.15057322884,0.542492324502,0.14515226555,-0.22221353405,-0.397340058952,decay
58.25,0.37281298251,0.15055999245,0.542838553601,0.145140249471,-0.22225299006,-0.397698304131,decay
58.26,0.372835507674,0.150546930824,0.543064588558,0.145128511457,-0.22228857685,-0.3979360771,decay
58.27,0.372854262322,0.150534038555,0.543175287285,0.145117042995,-0.222320223768,-0.39805824429,decay
58.28,0.37286933201,0.150521309628,0.543180516377,0.145105828556,-0.222348022382,-0.398074687822,decay
58.29,0.372880669403,0.150508737359,0.543094440313,0.145094846499,-0.222371932044,-0.397999593813,decay
58.3,0.372887982619,0.150496314262,0.542934769897,0.14508407004,-0.222391668357,-0.397850699857,decay
58.31,0.372890848623,0.150484031865,0.542722202182,0.145073468089,-0.222406816758,-0.397648734093,decay
58.32,0.372888907962,0.15047188047,0.542479931611,0.14506300598,-0.222417027492,-0.397416925631,decay
58.33,0.37288194077,0.150459848859,0.542232876211,0.145052646095,-0.222422091912,-0.397180230116,decay
58.34,0.372869932458,0.150447923945,0.542006319372,0.145042348403,-0.222422008513,-0.396963970968,decay
58.35,0.372853292211,0.150436090363,0.541823872011,0.145032070944,-0.222417201849,-0.396791801066,decay
58.36,0.372833010784,0.150424330073,0.541705043028,0.145021770272,-0.222408680712,-0.396683272756,decay
58.37,0.37281057594,0.15041262223,0.541663133534,0.145011401934,-0.222397953709,-0.396651731601,decay
58.38,0.37278787742,0.150400943504,0.541704187762,0.145000921029,-0.222386933916,-0.396703266733,decay
58.39,0.372767228663,0.150389268709,0.541827217105,0.144990282849,-0.222377959954,-0.396836934256,decay
58.4,0.372751266174,0.150377571521,0.54202534478,0.144979443564,-0.222373694653,-0.397045901216,decay
58.41,0.37274259255,0.150365825177,0.542287365999,0.14496836097,-0.222376767372,-0.397319005029,decay
58.42,0.372743239271,0.150354003184,0.542599372944,0.144956995308,-0.222389236088,-0.397642377636,decay
58.43,0.372754017023,0.150342080027,0.542946298525,0.144945310184,-0.222411936996,-0.398000988342,decay
58.44,0.372773978995,0.150330031932,0.5433134743,0.144933273615,-0.222443947063,-0.398380200685,decay
58.45,0.372800356556,0.150317837667,0.54368832095,0.144920859226,-0.222482518889,-0.398767461724,decay
58.46,0.372828985718,0.150305479328,0.544061931549,0.144908047434,-0.222523506391,-0.399153884115,decay
58.47,0.372854841829,0.150292942846,0.544430041105,0.144894826107,-0.222561898983,-0.399535214997,decay
58.48,0.372872433782,0.150280218014,0.544793039729,0.144881190261,-0.222592215768,-0.399911849469,decay
58.49,0.372876166842,0.150267298191,0.545155013848,0.144867141136,-0.222608868651,-0.400287872712,decay
58.5,0.372860705922,0.150254179988,0.545522002806,0.144852685216,-0.222606525935,-0.40066931759,decay
58.51,0.372821195383,0.15024086304,0.545899819436,0.144837833408,-0.222580332343,-0.401061986028,decay
58.52,0.372753430794,0.150227349876,0.546291927695,0.1448226004,-0.222526080918,-0.401469327296,decay
58.53,0.372654140405,0.150213645884,0.546697837678,0.144807004174,-0.222440494521,-0.401890833504,decay
58.54,0.372521252725,0.150199759373,0.547112380155,0.144791065672,-0.222321493352,-0.402321314483,decay
58.55,0.372354122309,0.150185701725,0.547526136323,0.144774808591,-0.222168420584,-0.402751327732,decay
58.56,0.372153901835,0.150171487581,0.547926980199,0.144758259252,-0.221982414254,-0.403168720947,decay
58.57,0.371923959401,0.150157134852,0.548302214463,0.14474144632,-0.221766824549,-0.403560768143,decay
58.58,0.371669979284,0.150142664397,0.548640537324,0.144724400215,-0.221527314887,-0.403916137109,decay
58.59,0.371399642532,0.150128099487,0.548933255599,0.144707152316,-0.221271543045,-0.404226103282,decay
58.6,0.371122018252,0.150113465232,0.549174597097,0.144689734143,-0.22100855302,-0.404484862954,decay
58.61,0.370846698017,0.150098788067,0.549361320829,0.144672176586,-0.22074790995,-0.404689144243,decay
58.62,0.37058277553,0.150084095262,0.549492008598,0.14465450917,-0.220498680268,-0.404837499427,decay
58.63,0.370338018382,0.150069414465,0.549566472267,0.144636759327,-0.220268603917,-0.404929712941,decay
58.64,0.370118367572,0.150054773253,0.549585504044,0.144618951665,-0.220063594319,-0.404966552379,decay
58.65,0.369927579186,0.150040198678,0.54955092651,0.14460110722,-0.219887380508,-0.40494981929,decay
58.66,0.369767077989,0.150025716835,0.549465785405,0.144583242783,-0.219741361155,-0.404882542622,decay
58.67,0.369636239397,0.15001135257,0.549334485152,0.144565370709,-0.219624886826,-0.404769114443,decay
58.68,0.369532917147,0.14999712941,0.549162733416,0.144547499485,-0.219535787737,-0.404615233931,decay
58.69,0.369453953249,0.149983069624,0.548957377147,0.144529634839,-0.219470883625,-0.404427742308,decay
58.7,0.369395698006,0.149969194305,0.548726311783,0.144511780993,-0.219426503701,-0.404214530789,decay
58.71,0.369354474959,0.149955523386,0.54847846047,0.14449394191,-0.219398951573,-0.403984518561,decay
58.72,0.369326729825,0.149942075588,0.548223601509,0.144476122521,-0.219384654238,-0.403747478988,decay
58.73,0.36930889145,0.14992886831,0.54797188708,0.144458329979,-0.219380023141,-0.403513557101,decay
58.74,0.369297264784,0.14991591743,0.547733105144,0.14444057493,-0.219381347354,-0.403292530214,decay
58.75,0.369288086969,0.149903237029,0.5475157941,0.144422872843,-0.21938484994,-0.403092921256,decay
58.76,0.369277704388,0.149890839086,0.547326356998,0.144405245223,-0.219386865301,-0.402921111775,decay
58.77,0.369262910109,0.149878733353,0.547168389929,0.144387720192,-0.219384176756,-0.402780669736,decay
58.78,0.369241332641,0.149866927561,0.547042319298,0.144370332029,-0.219374405081,-0.402671987269,decay
58.79,0.369211534087,0.149855427837,0.546945307622,0.144353119962,-0.219356106249,-0.402592187661,decay
58.8,0.369172778668,0.149844239124,0.546871437473,0.144336126752,-0.219328539544,-0.402535310721,decay
58.81,0.369124833618,0.149833365503,0.546812216617,0.144319397275,-0.219291468115,-0.402492819342,decay
58.82,0.369067967018,0.14982281043,0.546757436285,0.144302977068,-0.219245156588,-0.402454459216,decay
58.83,0.36900304375,0.149812576884,0.546696454542,0.144286910838,-0.219190466866,-0.402409543703,decay
58.84,0.368931718238,0.149802667426,0.546619814999,0.144271240862,-0.219129050813,-0.402348574137,decay
58.85,0.368856669138,0.149793084165,0.546520677559,0.144256005272,-0.219063584972,-0.402264672287,decay
58.86,0.36878164305,0.149783828671,0.546395422047,0.144241236378,-0.218997814379,-0.402154185669,decay
58.87,0.368711257839,0.149774901876,0.546243323434,0.144226959646,-0.218936355963,-0.402016363788,decay
58.88,0.368650718051,0.149766304037,0.546065806545,0.144213193793,-0.218884414014,-0.401852612753,decay
58.89,0.368605412084,0.14975803471,0.545865814596,0.144199951624,-0.218847377374,-0.401665862973,decay
58.9,0.368580287301,0.14975009266,0.545647416295,0.144187240948,-0.218830194641,-0.401460175348,decay
58.91,0.368579222597,0.149742475682,0.545415520766,0.144175065304,-0.218836746916,-0.401240455461,decay
58.92,0.368604708623,0.149735180319,0.545175576591,0.144163424492,-0.218869528304,-0.401012152099,decay
58.93,0.36865777747,0.149728201488,0.544933237742,0.144152314902,-0.218929575982,-0.40078092284,decay
58.94,0.368738064712,0.149721531987,0.544694141691,0.14414172966,-0.219016532725,-0.400552412031,decay
58.95,0.368844136378,0.1497151619,0.544463884845,0.144131658589,-0.219128974477,-0.400332226257,decay
58.96,0.368974031145,0.149709077952,0.544247985264,0.144122088053,-0.219264953193,-0.400125897211,decay
58.97,0.369125716328,0.149703263053,0.544051588655,0.144113000894,-0.219422453275,-0.399938587761,decay
58.98,0.369297330747,0.149697696217,0.54387902983,0.144104376625,-0.21959963453,-0.399774653205,decay
58.99,0.369487218822,0.149692352701,0.543733635337,0.144096191766,-0.219794866121,-0.399637443571,decay
59,0.369693671766,0.149687204141,0.543617982553,0.144088420115,-0.220006467625,-0.399529562438,decay
59.01,0.369914424373,0.149682218582,0.543534466537,0.14408103287,-0.220232205791,-0.399453433667,decay
59.02,0.370146218531,0.149677360404,0.543485845269,0.144073998608,-0.220468858127,-0.399411846661,decay
59.03,0.370384635851,0.149672590142,0.543475512387,0.144067283127,-0.220712045709,-0.39940822926,decay
59.04,0.370624123464,0.149667864226,0.543507523552,0.144060849154,-0.220956259238,-0.399446674398,decay
59.05,0.370858217238,0.149663134619,0.543586601092,0.144054655922,-0.221195082619,-0.39953194517,decay
59.06,0.371080145858,0.149658348515,0.543718166656,0.144048658746,-0.221421797343,-0.39966950791,decay
59.07,0.371283717068,0.149653448482,0.543908159186,0.144042808969,-0.221630268586,-0.399865350218,decay
59.08,0.371464100746,0.149648373375,0.54416242013,0.144037054565,-0.221815727371,-0.400125365565,decay
59.09,0.371618357932,0.149643059817,0.544485617815,0.144031341224,-0.221975298114,-0.400454276592,decay
59.1,0.371745697898,0.149637443876,0.544879760091,0.144025613539,-0.222108254022,-0.400854146552,decay
59.11,0.37184731974,0.149631462804,0.54534255199,0.144019816188,-0.222215856935,-0.401322735802,decay
59.12,0.371925918583,0.149625056875,0.545866258598,0.144013895112,-0.222300861709,-0.401852363486,decay
59.13,0.3719851944,0.149618171357,0.546437719851,0.14400779874,-0.222367023044,-0.402429921111,decay
59.14,0.37202945661,0.149610758678,0.547039558834,0.144001479275,-0.222418697933,-0.403038079559,decay
59.15,0.37206319098,0.149602780816,0.547652121964,0.143994894092,-0.222460410163,-0.403657227872,decay
59.16,0.37209065505,0.149594211626,0.548255595106,0.143988007095,-0.222496443424,-0.404267588011,decay
59.17,0.372115637414,0.149585038021,0.548831793672,0.143980789526,-0.222530599393,-0.404851004147,decay
59.18,0.372141233141,0.149575259222,0.549365305382,0.143973219847,-0.22256597392,-0.405392085535,decay
59.19,0.372169485302,0.149564884688,0.549844002638,0.143965283007,-0.222604600615,-0.405878719631,decay
59.2,0.372201072916,0.149553931846,0.55025917848,0.14395696964,-0.22264714107,-0.40630220884,decay
59.21,0.372235160738,0.149542424056,0.550605497028,0.143948275435,-0.222692736683,-0.406657221592,decay
59.22,0.37226927652,0.149530388813,0.550880782334,0.143939200676,-0.222738887706,-0.406941581657,decay
59.23,0.37229934034,0.149517856163,0.551085615523,0.143929749951,-0.222781484177,-0.407155865572,decay
59.24,0.372320146493,0.149504857277,0.551222689381,0.143919932023,-0.222815289216,-0.407302757358,decay
59.25,0.372326171957,0.149491423183,0.551295870688,0.143909759865,-0.222834748774,-0.407386110824,decay
59.26,0.372312357469,0.149477583693,0.55130903924,0.143899250741,-0.222834773777,-0.407409788499,decay
59.27,0.372274776046,0.149463366785,0.551264954406,0.143888425984,-0.222811409261,-0.407376528422,decay
59.28,0.372211195253,0.149448798636,0.551164468051,0.143877310208,-0.222762396617,-0.407287157843,decay
59.29,0.372121430487,0.149433904128,0.551006290186,0.14386593013,-0.222687526359,-0.407140360056,decay
59.3,0.372007500889,0.149418707555,0.550787325951,0.14385431334,-0.222588793334,-0.406933012611,decay
59.31,0.371873672792,0.149403233411,0.550503415116,0.143842487135,-0.222470439381,-0.406660927981,decay
59.32,0.371726250803,0.149387507258,0.550150278305,0.143830477412,-0.222338743545,-0.406319800894,decay
59.33,0.371572944613,0.149371556679,0.549724674653,0.143818307587,-0.222201387934,-0.405906367067,decay
59.34,0.371421997712,0.14935541233,0.549225829638,0.143805997527,-0.222066585382,-0.405419832112,decay
59.35,0.371281380943,0.14933910909,0.548656852508,0.143793562461,-0.221942271853,-0.404863290047,decay
59.36,0.371158104744,0.14932268712,0.548025524285,0.143781011988,-0.221835417624,-0.404244512296,decay
59.37,0.371057716909,0.149306192162,0.547344000894,0.143768349561,-0.221751524747,-0.403575651333,decay
59.38,0.370984184889,0.149289674567,0.546627464164,0.143755572745,-0.221694510322,-0.402871891419,decay
59.39,0.370940082504,0.149273187429,0.545892067804,0.143742674029,-0.221666895075,-0.402149393775,decay
59.4,0.370926794604,0.149256784441,0.545152688029,0.143729641764,-0.221670010163,-0.401423046265,decay
59.41,0.370944714804,0.149240517742,0.544421092134,0.143716461087,-0.221704197063,-0.400704631048,decay
59.42,0.370993483003,0.149224435714,0.543704970736,0.143703114827,-0.221769047289,-0.40000185591,decay
59.43,0.371072082304,0.149208580682,0.54300791114,0.143689584414,-0.221863501622,-0.399318326726,decay
59.44,0.37117879698,0.149192986479,0.542330118132,0.143675850802,-0.221985810501,-0.398654267331,decay
59.45,0.371311371624,0.149177675812,0.54166955499,0.143661895437,-0.222133695812,-0.398007659553,decay
59.46,0.371467481561,0.149162657771,0.541023100576,0.143647701182,-0.22230482379,-0.397375399394,decay
59.47,0.371645201148,0.149147926596,0.540387397974,0.143633252904,-0.222497274553,-0.396754145071,decay
59.48,0.371843222514,0.14913346256,0.539759307549,0.143618537517,-0.222709759955,-0.396140770032,decay
59.49,0.372060834146,0.149119234325,0.539136034301,0.14360354365,-0.222941599821,-0.395532490651,decay
59.5,0.372297634617,0.149105201585,0.538515067411,0.143588261264,-0.223192433032,-0.394926806148,decay
59.51,0.372553037523,0.149091317552,0.537894201836,0.143572681347,-0.223461719971,-0.394321520489,decay
59.52,0.372825914257,0.149077531292,0.537271879298,0.14355679571,-0.223748382966,-0.393715083588,decay
59.53,0.373114555869,0.149063789956,0.536647708286,0.143540596851,-0.224050765913,-0.393107111435,decay
59.54,0.373416747727,0.149050040958,0.536022794596,0.143524077925,-0.224366706769,-0.392498716672,decay
59.55,0.373729799286,0.149036234146,0.535399747025,0.143507232792,-0.22469356514,-0.391892514233,decay
59.56,0.374050521723,0.149022323866,0.534782481841,0.143490056162,-0.225028197856,-0.391292425679,decay
59.57,0.374375082388,0.149008270529,0.534175979876,0.143472543834,-0.225366811859,-0.390703436042,decay
59.58,0.374698781248,0.148994041364,0.533586058942,0.143454693032,-0.225704739884,-0.39013136591,decay
59.59,0.375016057131,0.148979610658,0.533019061075,0.143436502851,-0.226036446473,-0.389582558223,decay
59.6,0.375320870622,0.148964959934,0.532481335635,0.143417974816,-0.226355910688,-0.38906336082,decay
59.61,0.375607188146,0.148950078278,0.531978637977,0.143399113563,-0.226657109867,-0.388579524414,decay
59.62,0.375869331959,0.148934962852,0.531515725227,0.143379927661,-0.226934369108,-0.388135797566,decay
59.63,0.376102271734,0.148919619574,0.531096276433,0.143360430569,-0.22718265216,-0.387735845864,decay
59.64,0.376301877512,0.148904064015,0.530722965788,0.143340641761,-0.227397813497,-0.387382324027,decay
59.65,0.376465081591,0.148888322489,0.530397390884,0.14332058802,-0.227576759102,-0.387076802864,decay
59.66,0.376590106754,0.148872433095,0.530119736011,0.143300304672,-0.227717673659,-0.386819431339,decay
59.67,0.376676814651,0.148856445833,0.529888361754,0.143279835994,-0.227820368818,-0.38660852576,decay
59.68,0.376726869902,0.148840421136,0.529699646428,0.143259234216,-0.227886448766,-0.386440412212,decay
59.69,0.376743505572,0.148824427281,0.529548223552,0.143238557522,-0.227919078291,-0.386309666031,decay
59.7,0.376730984782,0.148808537526,0.529427456853,0.143217867827,-0.227922447257,-0.386209589027,decay
59.71,0.376693823294,0.148792827289,0.529329874587,0.143197228598,-0.227900996005,-0.386132645989,decay
59.72,0.376635825673,0.148777371334,0.529247453541,0.143176702704,-0.227858454339,-0.386070750837,decay
59.73,0.376559281223,0.148762240898,0.529171916637,0.143156350245,-0.227797040325,-0.386015566392,decay
59.74,0.376464665874,0.148747500703,0.529095309738,0.143136226305,-0.22771716517,-0.385959083433,decay
59.75,0.376350773317,0.148733205782,0.529010941987,0.143116378591,-0.227617567535,-0.385894563397,decay
59.76,0.376215082347,0.148719398437,0.528914453267,0.143096845178,-0.22749568391,-0.385817608089,decay
59.77,0.376054377477,0.148706106472,0.528804593955,0.143077653257,-0.227348271005,-0.385726940698,decay
59.78,0.375865509658,0.148693343546,0.528683358946,0.14305881951,-0.227172166112,-0.385624539435,decay
59.79,0.375645969347,0.148681110983,0.528555343281,0.143040351612,-0.226964858365,-0.38551499167,decay
59.8,0.375394240529,0.148669399798,0.528426488837,0.143022249921,-0.226724840731,-0.385404238915,decay
59.81,0.375110103973,0.148658192482,0.528302533167,0.143004509003,-0.226451911491,-0.385298024163,decay
59.82,0.37479476854,0.148647464507,0.528187415941,0.142987118957,-0.226147304034,-0.385200296984,decay
59.83,0.374450742037,0.148637185607,0.528081858404,0.142970066594,-0.225813556431,-0.38511179181,decay
59.84,0.374081724901,0.148627320841,0.527982351324,0.142953336466,-0.22545440406,-0.385029014858,decay
59.85,0.373692716688,0.148617831471,0.527880777299,0.142936911782,-0.225074885217,-0.384943865517,decay
59.86,0.373290149337,0.148608675671,0.527764780524,0.142920775186,-0.224681473666,-0.384844005338,decay
59.87,0.37288181185,0.148599809087,0.527618869379,0.142904909343,-0.224282002763,-0.384713960037,decay
59.88,0.372476470187,0.148591185254,0.527426126024,0.142889297266,-0.223885284933,-0.384536828758,decay
59.89,0.372083119513,0.148582755899,0.527170176784,0.142873922462,-0.223500363614,-0.384296254322,decay
59.9,0.37170994541,0.148574471148,0.526836957795,0.142858768969,-0.223135474262,-0.383978188826,decay
59.91,0.371363370933,0.14856627966,0.526415981469,0.14284382135,-0.222797091273,-0.383572160119,decay
59.92,0.371047491022,0.148558128702,0.525901003453,0.142829064631,-0.22248936232,-0.383071938822,decay
59.93,0.370763784847,0.148549964174,0.525290142667,0.142814484201,-0.222213820673,-0.382475658466,decay
59.94,0.370511037363,0.148541730613,0.524585761767,0.142800065662,-0.221969306749,-0.381785696105,decay
59.95,0.370285674446,0.148533371166,0.523794461166,0.142785794651,-0.22175230328,-0.381008666516,decay
59.96,0.370082497986,0.148524827608,0.522927202824,0.142771656627,-0.221557670378,-0.380155546197,decay
59.97,0.369895580731,0.148516040539,0.521999277067,0.142757636733,-0.221379540192,-0.379241640335,decay
59.98,0.369719253918,0.148506949881,0.521029720847,0.142743719753,-0.221212304036,-0.378286001093,decay
59.99,0.369549100379,0.148497495618,0.520039853626,0.142729890159,-0.22105160476,-0.377309963467,decay
60,0.369382648862,0.148487618671,0.519050987436,0.142716132146,-0.220895030191,-0.376334855291,decay
60.01,0.369219627822,0.14847726189,0.518081888682,0.142702429651,-0.220742365933,-0.375379459031,decay
60.02,0.369061871198,0.148466371178,0.51714670604,0.142688766352,-0.220595500021,-0.374457939689,decay
60.03,0.368912822564,0.148454896787,0.516253754786,0.142675125643,-0.220457925776,-0.373578629142,decay
60.04,0.368776571705,0.148442794816,0.515405162924,0.142661490599,-0.220333776889,-0.372743672324,decay
60.05,0.368656775603,0.148430028946,0.514597197021,0.142647843926,-0.220226746658,-0.371949353095,decay
60.06,0.36855597586,0.148416572213,0.513821058469,0.142634167938,-0.220139403647,-0.37118689053,decay
60.07,0.368475418988,0.148402408114,0.513064079251,0.142620444649,-0.220073010874,-0.370443634602,decay
60.08,0.36841523053,0.148387530494,0.512311467754,0.142606656054,-0.220027700037,-0.369704811699,decay
60.09,0.368374901481,0.148371942661,0.511548736601,0.142592784561,-0.22000295882,-0.36895595204,decay
60.1,0.368353902404,0.148355656479,0.510764539399,0.142578813486,-0.219998245925,-0.368185725913,decay
60.11,0.368352031297,0.148338691749,0.509953233151,0.142564727589,-0.220013339548,-0.367388505561,decay
60.12,0.368369369004,0.148321075891,0.509116466732,0.142550513658,-0.220048293114,-0.366565953074,decay
60.13,0.368406000809,0.148302843915,0.508263405452,0.142536161147,-0.220103156895,-0.365727244305,decay
60.14,0.36846159319,0.14828403868,0.507409690499,0.142521662898,-0.220177554511,-0.364888027601,decay
60.15,0.368534972848,0.148264711427,0.506575649184,0.142507015946,-0.220270261421,-0.364068633238,decay
60.16,0.368624050267,0.14824492235,0.505784303494,0.14249222233,-0.220379127917,-0.363292081164,decay
60.17,0.368726196762,0.148224740436,0.505059489344,0.142477289626,-0.220501456326,-0.362582199718,decay
60.18,0.368838743652,0.148204242002,0.504424208658,0.142462230981,-0.22063450165,-0.361961977677,decay
60.19,0.36895931547,0.148183508309,0.503899289229,0.142447064822,-0.220775807161,-0.361452224407,decay
60.2,0.369086014113,0.148162622984,0.503502381686,0.142431814536,-0.220923391129,-0.36107056715,decay
60.21,0.369217427229,0.148141669511,0.503247227523,0.142416508249,-0.221075757718,-0.360830719274,decay
60.22,0.36935238729,0.14812072876,0.503143131524,0.142401178699,-0.22123165853,-0.360741952825,decay
60.23,0.369489711369,0.14809987649,0.503194671842,0.142385863196,-0.221389834879,-0.360808808645,decay
60.24,0.369628164994,0.148079180768,0.503401759003,0.142370603662,-0.221548984225,-0.36103115534,decay
60.25,0.369766545453,0.148058699246,0.50376015053,0.142355446735,-0.221707846207,-0.361404703795,decay
60.26,0.369903801012,0.148038476599,0.504262418084,0.142340443807,-0.221865324414,-0.361921974277,decay
60.27,0.370039251419,0.148018543207,0.504899102038,0.14232565058,-0.222020708211,-0.362573451459,decay
60.28,0.370172759603,0.147998915915,0.505659544567,0.142311125807,-0.222173843688,-0.363348418761,decay
60.29,0.370304659724,0.147979600198,0.506531989044,0.142296929427,-0.222325059526,-0.364235059617,decay
60.3,0.370435577779,0.147960592614,0.507502950001,0.142283120461,-0.222474985165,-0.365219829539,decay
60.31,0.370566320387,0.147941883072,0.508556274399,0.1422697548,-0.222624437315,-0.3662865196,decay
60.32,0.370697708989,0.147923456916,0.509672490576,0.142256882837,-0.222774252073,-0.367415607739,decay
60.33,0.37083030447,0.147905296868,0.510828973319,0.142244546915,-0.222925007602,-0.368584426404,decay
60.34,0.370964289549,0.147887384848,0.512001180194,0.142232778511,-0.223076904701,-0.369768401683,decay
60.35,0.371099581116,0.147869703729,0.513164742316,0.142221595119,-0.223229877387,-0.370943147198,decay
60.36,0.371235872097,0.147852238898,0.514297762131,0.142210997255,-0.223383633199,-0.372086764876,decay
60.37,0.371372537639,0.14783497926,0.515382595193,0.142200967041,-0.223537558379,-0.373181628152,decay
60.38,0.371508618414,0.147817917383,0.516406682445,0.142191469473,-0.223690701032,-0.374215212972,decay
60.39,0.371642861737,0.147801049028,0.517362444945,0.142182455542,-0.223841812709,-0.375179989402,decay
60.4,0.371773774674,0.147784372493,0.51824661959,0.142173865702,-0.223989402182,-0.376072753888,decay
60.41,0.371899863347,0.147767887924,0.519059438105,0.142165633097,-0.224131975423,-0.376893805008,decay
60.42,0.372019977426,0.147751596617,0.51980372721,0.14215768658,-0.22426838081,-0.37764604063,decay
60.43,0.37213340308,0.147735500282,0.520483763768,0.142149953554,-0.224397902798,-0.378333810213,decay
60.44,0.372239651196,0.147719600271,0.521103849269,0.142142362741,-0.224520050925,-0.378961486527,decay
60.45,0.372338176681,0.147703896744,0.521666844594,0.1421348469,-0.224634279937,-0.379531997693,decay
60.46,0.372428101421,0.14768838789,0.522173001047,0.142127345348,-0.224739713531,-0.380045655699,decay
60.47,0.372507944932,0.147673069539,0.522619383663,0.142119805609,-0.224834875392,-0.380499578054,decay
60.48,0.372575616823,0.14765793543,0.523000074591,0.142112183686,-0.224917681392,-0.380887890905,decay
60.49,0.372628825169,0.147642977944,0.523307076099,0.142104443391,-0.224985847224,-0.381202632708,decay
60.5,0.372665622087,0.147628188929,0.523531613771,0.142096555486,-0.225037433158,-0.381435058285,decay
60.51,0.372684843024,0.14761356049,0.523665547288,0.142088496931,-0.225071282534,-0.381577050357,decay
60.52,0.372686471891,0.147599085738,0.523702705051,0.14208025027,-0.225087386153,-0.381622454781,decay
60.53,0.37267181999,0.147584759517,0.523640086925,0.142071803153,-0.225087060473,-0.381568283772,decay
60.54,0.372643290862,0.147570579118,0.523478944385,0.142063147974,-0.225072711744,-0.381415796411,decay
60.55,0.372603792896,0.14755654499,0.523225693948,0.142054281648,-0.225047247906,-0.381171412301,decay
60.56,0.372556004123,0.147542661387,0.522892469741,0.142045205456,-0.225013342737,-0.380847264285,decay
60.57,0.37250161963,0.147528936656,0.522497057806,0.142035924837,-0.224972682974,-0.380461132969,decay
60.58,0.372440843756,0.14751538299,0.522062134899,0.142026449009,-0.224925460765,-0.38003568589,decay
60.59,0.3723724482,0.147502015782,0.521613840307,0.142016790493,-0.224870432418,-0.379597049814,decay
60.6,0.372294347474,0.14748885285,0.521179652473,0.142006964676,-0.224805494624,-0.379172687797,decay
60.61,0.372204297336,0.147475913657,0.520785727319,0.141996989458,-0.224728383678,-0.37878873786,decay
60.62,0.372100464078,0.147463218494,0.520454240306,0.141986884988,-0.224637245585,-0.378467355318,decay
60.63,0.371981833005,0.147450787624,0.520201443481,0.141976673458,-0.22453104538,-0.378224770023,decay
60.64,0.37184834216,0.147438640369,0.52003694717,0.141966378981,-0.224409701791,-0.378070568189,decay
60.65,0.371700751903,0.147426794104,0.519964317849,0.141956027507,-0.224273957799,-0.378008290342,decay
60.66,0.371540591623,0.147415263291,0.519982639004,0.141945646773,-0.224125328332,-0.378036992231,decay
60.67,0.37137029241,0.147404058914,0.520088332724,0.141935266133,-0.223966233496,-0.378153066591,decay
60.68,0.371193186053,0.147393188622,0.520276511244,0.141924916209,-0.223799997431,-0.378351595035,decay
60.69,0.371013226904,0.147382657335,0.520541520452,0.141914628396,-0.22363056957,-0.378626892056,decay
60.7,0.370834598942,0.147372467914,0.520876848392,0.141904434316,-0.223462131027,-0.378972414076,decay
60.71,0.370661296948,0.14736262173,0.521274888337,0.141894365262,-0.223298675218,-0.379380523075,decay
60.72,0.370496737332,0.147353119114,0.521727094617,0.141884451607,-0.223143618218,-0.379842643009,decay
60.73,0.370343591956,0.147343959714,0.522224783188,0.141874722177,-0.222999632242,-0.38035006101,decay
60.74,0.370203904641,0.147335142754,0.522760270935,0.141865203549,-0.222868761887,-0.380895067386,decay
60.75,0.370079249831,0.147326667189,0.523327659136,0.141855919273,-0.222752582642,-0.381471739863,decay
60.76,0.369970795327,0.14731853179,0.523922718224,0.141846889068,-0.222652263536,-0.382075829156,decay
60.77,0.369879404258,0.147310735142,0.524541817243,0.141838128191,-0.222568669116,-0.382703689052,decay
60.78,0.369805741907,0.147303275581,0.52518028174,0.141829647147,-0.222502466325,-0.383350634593,decay
60.79,0.36975021582,0.147296151062,0.525830830459,0.141821451586,-0.222454064758,-0.384009378873,decay
60.8,0.369712934855,0.147289358938,0.526482737052,0.141813542169,-0.222423575917,-0.384669194883,decay
60.81,0.369693895157,0.147282895643,0.527122020578,0.141805914283,-0.222410999514,-0.385316106295,decay
60.82,0.369693126815,0.147276756288,0.527732541063,0.141798557603,-0.222416370528,-0.38593398346,decay
60.83,0.369710550809,0.147270934137,0.528297711378,0.141791455494,-0.222439616672,-0.386506255884,decay
60.84,0.369745684072,0.147265419987,0.52880252446,0.141784584247,-0.222480264086,-0.387017940213,decay
60.85,0.369797297904,0.147260201421,0.529235487429,0.141777912136,-0.222537096483,-0.387457575293,decay
60.86,0.369863010722,0.14725526205,0.529590052278,0.141771398517,-0.222607748671,-0.387818653761,decay
60.87,0.36993903701,0.147250581085,0.529865360365,0.141764993668,-0.222688455925,-0.388100366697,decay
60.88,0.370020336311,0.147246133505,0.530066246564,0.1417586399,-0.222774202806,-0.388307606664,decay
60.89,0.370100997993,0.147241890625,0.530202340152,0.141752273573,-0.222859107368,-0.388450066579,decay
60.9,0.370174632957,0.147237820716,0.530286095084,0.141745827331,-0.222936812242,-0.388540267753,decay
60.91,0.370234845835,0.147233889528,0.530329935648,0.141739232305,-0.223000956307,-0.388590703343,decay
60.92,0.370275769292,0.147230060746,0.530343234749,0.141732420315,-0.223045708546,-0.388610814434,decay
60.93,0.370292384808,0.14722629636,0.530330205195,0.141725326117,-0.223066088448,-0.388604879078,decay
60.94,0.37028060902,0.147222556995,0.530289653267,0.141717889756,-0.223058052025,-0.388571763511,decay
60.95,0.370237406422,0.147218802202,0.530216747167,0.141710059066,-0.223018604219,-0.388506688102,decay
60.96,0.370160975166,0.147214990725,0.530105933757,0.141701792079,-0.222945984441,-0.388404141678,decay
60.97,0.370050932773,0.147211080769,0.529953756373,0.141693058416,-0.222839852004,-0.388260697956,decay
60.98,0.369908593005,0.147207030302,0.529760696626,0.141683838985,-0.222701562703,-0.388076857641,decay
60.99,0.369737302668,0.147202797379,0.529531709916,0.14167412453,-0.22253450529,-0.387857585385,decay
61,0.369542574162,0.147198340517,0.529275626178,0.141663914014,-0.222344233645,-0.387611712164,decay
61.01,0.369331918888,0.14719361912,0.529003956705,0.141653213215,-0.222138299769,-0.38735074349,decay
61.02,0.369114484624,0.147188593969,0.528729631885,0.141642033566,-0.221925890655,-0.387087598319,decay
61.03,0.368900494742,0.147183227811,0.528465889053,0.141630391197,-0.22171726693,-0.386835497856,decay
61.04,0.368700513841,0.147177486048,0.528225329054,0.141618306172,-0.221523027793,-0.386607022882,decay
61.05,0.368524786555,0.147171337552,0.528019185224,0.141605801917,-0.221353449002,-0.386413383307,decay
61.06,0.368382765538,0.14716475553,0.527856902629,0.141592904769,-0.221218010008,-0.38626399786,decay
61.07,0.368282579668,0.147157718108,0.527746068761,0.141579643587,-0.22112486156,-0.386166425175,decay
61.08,0.368230357526,0.147150208414,0.52769261343,0.141566049335,-0.221080149112,-0.386126564095,decay
61.09,0.36822975325,0.147142214348,0.527701048352,0.141552154677,-0.221087538902,-0.386148893676,decay
61.1,0.368281885468,0.147133728395,0.527774433571,0.141537993635,-0.221148157074,-0.386236439935,decay
61.11,0.36838560778,0.147124747613,0.527913905834,0.14152360136,-0.221260860168,-0.386390304473,decay
61.12,0.368538092785,0.147115273825,0.528117850769,0.141509013969,-0.22142281896,-0.3866088368,decay
61.13,0.368735618324,0.147105314007,0.528380924997,0.141494268467,-0.221630304317,-0.386886656531,decay
61.14,0.368974184515,0.147094880877,0.528693222696,0.141479402729,-0.221879303638,-0.387213819968,decay
61.15,0.36924975527,0.147083993707,0.529039991272,0.141464455534,-0.222165761563,-0.387575535738,decay
61.16,0.369558282918,0.147072679126,0.529402271206,0.141449466611,-0.222485603792,-0.387952804595,decay
61.17,0.369895627208,0.147060971243,0.529758541422,0.141434476559,-0.222834655965,-0.388324064863,decay
61.18,0.370257275038,0.147048910571,0.530087051956,0.141419526557,-0.223208364467,-0.388667525399,decay
61.19,0.370637989373,0.147036542103,0.530368312113,0.141404657913,-0.22360144727,-0.3889636542,decay
61.2,0.371031770227,0.147023913236,0.530587193524,0.141389911538,-0.224007856991,-0.389197281986,decay
61.21,0.371432199803,0.147011071783,0.530734219078,0.141375327404,-0.22442112802,-0.389358891673,decay
61.22,0.371832931575,0.146998064055,0.530805915525,0.141360943947,-0.22483486752,-0.389444971578,decay
61.23,0.372228187055,0.146984932975,0.530804395297,0.141346797406,-0.225243254079,-0.389457597891,decay
61.24,0.37261307467,0.14697171618,0.530736302495,0.141332921083,-0.22564135849,-0.389403381412,decay
61.25,0.372983476325,0.146958444069,0.53061119595,0.141319344488,-0.226025032256,-0.389291851462,decay
61.26,0.373335663117,0.146945138008,0.530439651713,0.141306092497,-0.226390525108,-0.389133559216,decay
61.27,0.373666044431,0.146931809405,0.5302315929,0.141293184907,-0.226734235026,-0.388938407993,decay
61.28,0.373971124307,0.146918460216,0.529995330036,0.141280636689,-0.227052664092,-0.388714693347,decay
61.29,0.374247571897,0.146905084446,0.529737547497,0.141268458704,-0.22734248745,-0.388469088793,decay
61.3,0.374492465689,0.146891669893,0.52946403679,0.141256658456,-0.227600795797,-0.388207378335,decay
61.31,0.374703674996,0.146878199808,0.529180595634,0.14124524071,-0.227825475188,-0.387935354924,decay
61.32,0.374880094301,0.146864654517,0.52889357653,0.141234207977,-0.228015439784,-0.387659368553,decay
61.33,0.375021589156,0.14685101299,0.528609968241,0.141223560866,-0.228170576166,-0.387386407374,decay
61.34,0.375128850778,0.146837254423,0.528337184289,0.141213298305,-0.228291596355,-0.387123885984,decay
61.35,0.375203310917,0.146823359839,0.528082744747,0.141203417642,-0.228379951079,-0.386879327106,decay
61.36,0.375247087998,0.146809313603,0.527853951356,0.141193914645,-0.228437774395,-0.386660036712,decay
61.37,0.375263037495,0.146795104448,0.527657627739,0.14118478346,-0.228467933048,-0.386472844279,decay
61.38,0.375254912288,0.14678072567,0.527499941299,0.141176016578,-0.228474186619,-0.386323924721,decay
61.39,0.375227313461,0.146766174782,0.527386240363,0.141167604772,-0.228461138679,-0.386218635591,decay
61.4,0.375185254037,0.146751453065,0.527320823656,0.141159536944,-0.228433800973,-0.386161286711,decay
61.41,0.375133574823,0.146736565204,0.527306535839,0.14115179986,-0.228397009619,-0.386154735978,decay
61.42,0.37507643532,0.146721519027,0.527344085964,0.141144377759,-0.228354916293,-0.386199708205,decay
61.43,0.375016972102,0.146706325327,0.527431223721,0.141137251842,-0.228310646775,-0.386293971879,decay
61.44,0.374957310473,0.146690997779,0.527562199244,0.141130399632,-0.228266312694,-0.386431799612,decay
61.45,0.374898980991,0.146675552934,0.527727858746,0.141123794204,-0.228223428057,-0.386604064542,decay
61.46,0.374843376098,0.146660010228,0.527916407033,0.141117403429,-0.22818336587,-0.386799003603,decay
61.47,0.374791899371,0.146644391811,0.528114704927,0.141111189701,-0.22814750756,-0.387003515226,decay
61.48,0.374745924743,0.146628722024,0.528309922432,0.141105110516,-0.228117202719,-0.387204811916,decay
61.49,0.374706729504,0.146613026639,0.528491188677,0.141099119649,-0.228093702865,-0.387392069028,decay
61.5,0.374675287063,0.14659733204,0.528650789557,0.141093168456,-0.228077955023,-0.387557621102,decay
61.51,0.374651973557,0.14658166441,0.52878468705,0.141087207129,-0.228070309147,-0.387697479921,decay
61.52,0.374636436134,0.146566048925,0.52889227467,0.141081185933,-0.22807038721,-0.387811088737,decay
61.53,0.374627560289,0.146550508909,0.52897530433,0.14107505644,-0.228077051381,-0.38790024789,decay
61.54,0.374623409513,0.146535064963,0.529036316738,0.141068772797,-0.22808834455,-0.387967543942,decay
61.55,0.374621342554,0.146519734022,0.529077371811,0.141062293065,-0.228101608532,-0.388015078746,decay
61.56,0.374618393037,0.146504528474,0.529099722506,0.141055580481,-0.228113864563,-0.388044142025,decay
61.57,0.374611643431,0.146489455749,0.529104465817,0.14104860409,-0.228122187682,-0.388055861727,decay
61.58,0.374598481903,0.146474518701,0.529093634978,0.141041338366,-0.228123963202,-0.388052296612,decay
61.59,0.374576886928,0.146459716539,0.52907094506,0.141033762132,-0.228117170388,-0.388037182928,decay
61.6,0.374545670631,0.146445045862,0.529041719221,0.141025857354,-0.228100624768,-0.388015861867,decay
61.61,0.374504465491,0.146430501638,0.529012173582,0.141017608048,-0.228073963853,-0.387994565534,decay
61.62,0.374453523153,0.146416078122,0.528988543387,0.1410089993,-0.228037445031,-0.387979544088,decay
61.63,0.374393462352,0.146401769736,0.528976372737,0.141000016387,-0.227991692616,-0.38797635635,decay
61.64,0.374324887739,0.146387571915,0.52898003393,0.140990643997,-0.227937315824,-0.387989389933,decay
61.65,0.374247964102,0.146373481943,0.529002439304,0.140980865529,-0.227874482159,-0.388021573774,decay
61.66,0.374162265928,0.146359499682,0.52904498494,0.140970662513,-0.227802766245,-0.388074322427,decay
61.67,0.374066908159,0.146345627875,0.529107758383,0.140960014266,-0.227721280285,-0.388147744117,decay
61.68,0.373960699375,0.146331871766,0.529189883865,0.140948897877,-0.227628827609,-0.388240985988,decay
61.69,0.373842298056,0.146318238239,0.52928983599,0.140937288459,-0.227524059817,-0.38835254753,decay
61.7,0.373710415921,0.146304734788,0.529405642629,0.140925159541,-0.227405681133,-0.388480483088,decay
61.71,0.373563918045,0.146291368464,0.529534986244,0.140912483564,-0.227272549581,-0.388622502681,decay
61.72,0.3734018354,0.146278144773,0.529675256381,0.140899232493,-0.227123690628,-0.388776023888,decay
61.73,0.373223551249,0.146265066519,0.529823571617,0.140885378561,-0.22695848473,-0.388938193056,decay
61.74,0.373029208483,0.146252132574,0.529976760726,0.140870895152,-0.22677707591,-0.389105865573,decay
61.75,0.372820122047,0.146239336537,0.53013135413,0.140855757868,-0.226580785511,-0.389275596261,decay
61.76,0.372599073802,0.146226665528,0.530283676348,0.140839945652,-0.226372408275,-0.389443730696,decay
61.77,0.372370447472,0.146214099833,0.530430075537,0.140823441606,-0.226156347639,-0.38960663393,decay
61.78,0.372140048535,0.146201613976,0.530567283413,0.140806233238,-0.225938434559,-0.389761050175,decay
61.79,0.371914552941,0.146189178801,0.530692917787,0.140788312342,-0.22572537414,-0.389904605444,decay
61.8,0.37170082992,0.146176763823,0.530806074537,0.140769674954,-0.225524066097,-0.390036399584,decay
61.81,0.371505318799,0.146164339584,0.530907760099,0.140750321531,-0.225340979215,-0.390157438568,decay
61.82,0.371333396068,0.146151880004,0.531000929502,0.140730257387,-0.225181516064,-0.390270672115,decay
61.83,0.371188830967,0.1461393648,0.531090225989,0.140709493379,-0.225049466166,-0.39038073261,decay
61.84,0.371073583328,0.146126782002,0.531181676249,0.140688046866,-0.224946801326,-0.390493629383,decay
61.85,0.370987934037,0.146114130608,0.531282430937,0.140665942939,-0.224873803428,-0.390616487997,decay
61.86,0.370930743683,0.146101423045,0.531400471736,0.140643215706,-0.224829320638,-0.39075725603,decay
61.87,0.370899758275,0.146088686221,0.531544132211,0.140619908858,-0.224811072054,-0.390924223353,decay
61.88,0.370891920422,0.146075960281,0.531721355355,0.140596074952,-0.224815960141,-0.391125280403,decay
61.89,0.370903554135,0.146063295725,0.531938876618,0.140571773822,-0.22484025841,-0.391367102796,decay
61.9,0.370930476375,0.146050750122,0.532201688979,0.140547070881,-0.224879726253,-0.391654618098,decay
61.91,0.370968285212,0.146038384871,0.532512886854,0.140522035597,-0.22492990034,-0.391990851256,decay
61.92,0.371012753292,0.146026261994,0.532873519306,0.140496740141,-0.224986491298,-0.392376779165,decay
61.93,0.371060004349,0.146014440895,0.533282044283,0.140471258151,-0.225045563454,-0.392810786132,decay
61.94,0.371106520532,0.146002975015,0.533733431277,0.140445663596,-0.225103545517,-0.393287767681,decay
61.95,0.37114919863,0.145991908316,0.534218331984,0.140420029686,-0.225157290313,-0.393798302298,decay
61.96,0.371185358096,0.145981271906,0.534722768625,0.140394427868,-0.22520408619,-0.394328340757,decay
61.97,0.37121265233,0.14597108189,0.53522864128,0.140368927102,-0.225241570441,-0.394859714177,decay
61.98,0.371229104967,0.145961339297,0.535715099496,0.14034359355,-0.22526776567,-0.395371505945,decay
61.99,0.371233316286,0.145952031403,0.536160556761,0.140318490525,-0.225281284882,-0.395842066236,decay
62,0.371224667708,0.14594313326,0.536545019026,0.140293678456,-0.225281534448,-0.39625134057,decay
62.01,0.371203495006,0.145934608966,0.536852330487,0.140269214765,-0.22526888604,-0.396583115722,decay
62.02,0.371171233099,0.145926412667,0.537071774881,0.140245153614,-0.225244820432,-0.396826621267,decay
62.03,0.371130320421,0.145918489296,0.537198465094,0.140221545519,-0.225211831124,-0.396976919574,decay
62.04,0.371083770328,0.145910775095,0.537232332923,0.140198436802,-0.225172995233,-0.397033896122,decay
62.05,0.371034715311,0.14590319792,0.537176098265,0.140175868862,-0.225131517391,-0.397000229403,decay
62.06,0.370986160494,0.145895677515,0.537032990462,0.140153877414,-0.225090482979,-0.396879113048,decay
62.07,0.370940851108,0.145888126206,0.536805040642,0.140132492159,-0.225052724901,-0.396672548482,decay
62.08,0.370901259339,0.145880450378,0.536492502564,0.14011173728,-0.225020808961,-0.396380765285,decay
62.09,0.370869785781,0.145872552542,0.536094448635,0.140091632447,-0.224997233239,-0.396002816188,decay
62.1,0.370848972049,0.145864333569,0.535610088929,0.14007219384,-0.22498463848,-0.395537895089,decay
62.11,0.370841488357,0.145855694979,0.535040254599,0.140053434961,-0.224985793378,-0.394986819638,decay
62.12,0.37084993093,0.145846541313,0.534388574026,0.140035367244,-0.225003389617,-0.394353206781,decay
62.13,0.370876477557,0.145836782663,0.533661876049,0.140018000456,-0.225039694894,-0.393643875593,decay
62.14,0.370922433673,0.14582633742,0.532869634388,0.140001342898,-0.225096096254,-0.392868291491,decay
62.15,0.37098795512,0.145815135297,0.532022887365,0.139985401413,-0.225172819823,-0.392037485952,decay
62.16,0.371072261514,0.145803120332,0.531133356368,0.139970181234,-0.225269141182,-0.391163175134,decay
62.17,0.371174222683,0.145790252718,0.530213112201,0.139955685839,-0.225383969965,-0.390257426362,decay
62.18,0.371292956831,0.145776508622,0.529274623499,0.139941916917,-0.225516448209,-0.389332706582,decay
62.19,0.37142831831,0.145761878673,0.528330824791,0.13992887436,-0.225666439637,-0.388401950431,decay
62.2,0.371581247219,0.145746366351,0.527394898214,0.139916556112,-0.225834880868,-0.387478342102,decay
62.21,0.371753739174,0.145729986755,0.526479638402,0.139904957818,-0.226023752419,-0.386574680583,decay
62.22,0.37194834116,0.145712765773,0.525596443462,0.13989407225,-0.226235575387,-0.385702371213,decay
62.23,0.372167461637,0.145694739644,0.524754115534,0.1398838885,-0.226472721993,-0.384870227035,decay
62.24,0.372412689387,0.145675954898,0.523957786795,0.139874390949,-0.226736734488,-0.384083395846,decay
62.25,0.372684131701,0.145656468655,0.523208306312,0.139865557975,-0.227027663046,-0.383342748337,decay
62.26,0.372979994559,0.145636349059,0.522502352557,0.139857360644,-0.2273436455,-0.382644991913,decay
62.27,0.373296626092,0.145615675148,0.521833408186,0.139849762141,-0.227680950944,-0.381983646045,decay
62.28,0.373628865186,0.145594535606,0.521193455734,0.139842718511,-0.22803432958,-0.381350737223,decay
62.29,0.373970490139,0.145573026769,0.52057495549,0.139836180295,-0.22839746337,-0.380738775195,decay
62.3,0.374314786746,0.145551250536,0.519972547852,0.139830094303,-0.22876353621,-0.38014245355,decay
62.31,0.374655139214,0.145529312449,0.519384041798,0.139824405219,-0.229125826764,-0.379559636579,decay
62.32,0.374985388489,0.145507319885,0.518810638866,0.139819057069,-0.229478068604,-0.378991581797,decay
62.33,0.375299987307,0.145485380325,0.518256740046,0.13981399457,-0.229814606982,-0.378442745475,decay
62.34,0.375594192138,0.145463599636,0.517729619227,0.139809164413,-0.230130592502,-0.377920454814,decay
62.35,0.375864214081,0.145442080318,0.517238844395,0.139804516492,-0.230422133763,-0.377434327903,decay
62.36,0.376107101546,0.145420919787,0.516795249918,0.139800005008,-0.230686181759,-0.37699524491,decay
62.37,0.376320535108,0.145400209076,0.51640957072,0.139795589022,-0.230920326032,-0.376613981698,decay
62.38,0.376502820447,0.145380032236,0.516091029259,0.139791232194,-0.231122788211,-0.376299797065,decay
62.39,0.37665301115,0.14536046613,0.515846204851,0.139786901936,-0.23129254502,-0.376059302915,decay
62.4,0.376771062148,0.145341580196,0.515678576028,0.13978256841,-0.231429481953,-0.375896007618,decay
62.41,0.376858024664,0.145323435944,0.515588924029,0.139778203555,-0.23153458872,-0.375810720474,decay
62.42,0.376916096249,0.14530608616,0.515576344026,0.139773780139,-0.231610010089,-0.375802563887,decay
62.43,0.376948320441,0.145289573786,0.515639384605,0.139769270831,-0.231658746655,-0.375870113774,decay
62.44,0.37695808182,0.145273930441,0.515776900344,0.13976464729,-0.231684151378,-0.376012253054,decay
62.45,0.376948629419,0.145259174559,0.515988361179,0.139759879256,-0.231689454859,-0.376228481923,decay
62.46,0.376922603659,0.145245309461,0.516273595583,0.139754933727,-0.231677294198,-0.376518661856,decay
62.47,0.376881627177,0.145232322469,0.516632171857,0.139749774493,-0.231649304708,-0.376882397364,decay
62.48,0.376826287532,0.145220185897,0.51706259919,0.13974436223,-0.231606101635,-0.37731823696,decay
62.49,0.376756505594,0.145208859292,0.517561403498,0.139738655001,-0.231547646302,-0.377822748497,decay
62.5,0.376671880561,0.145198291785,0.518122283351,0.139732608916,-0.231473588776,-0.378389674436,decay
62.51,0.376571904449,0.145188424114,0.518735733117,0.139726178835,-0.231383480335,-0.379009554281,decay
62.52,0.376456186864,0.145179190328,0.51938933155,0.139719319149,-0.231276996536,-0.379670012401,decay
62.53,0.376324572883,0.145170519202,0.520068618384,0.139711984637,-0.23115405368,-0.380356633748,decay
62.54,0.376177062621,0.145162335421,0.520758412634,0.139704131445,-0.2310147272,-0.381054281189,decay
62.55,0.376013737239,0.145154560541,0.521444411351,0.139695718207,-0.230859176698,-0.381748693143,decay
62.56,0.375834775374,0.145147113817,0.522114861481,0.139686707202,-0.230687661557,-0.382428154278,decay
62.57,0.375640461359,0.145139912967,0.522762047781,0.139677065184,-0.230500548392,-0.383084982597,decay
62.58,0.375431286932,0.145132874974,0.523383285545,0.1396667636,-0.230298411958,-0.383716521944,decay
62.59,0.375208268818,0.145125916907,0.523981114953,0.139655778446,-0.230082351911,-0.384325336507,decay
62.6,0.374973250866,0.145118956742,0.524562571359,0.139644090166,-0.229854294124,-0.384918481193,decay
62.61,0.374728928832,0.145111914173,0.525137721945,0.139631683789,-0.229617014659,-0.385506038156,decay
62.62,0.374478702098,0.145104711454,0.525717826603,0.139618549304,-0.229373990644,-0.386099277299,decay
62.63,0.37422651137,0.145097274296,0.52631336164,0.139604682307,-0.229129237073,-0.386708679334,decay
62.64,0.37397659026,0.145089532873,0.526932035501,0.139590084905,-0.228887057387,-0.387341950596,decay
62.65,0.37373315607,0.145081422936,0.52757700458,0.13957476692,-0.228651733134,-0.38800223766,decay
62.66,0.373500231581,0.145072886963,0.528245574206,0.139558747141,-0.228427344618,-0.388686827065,decay
62.67,0.373281541792,0.145063874872,0.528928689923,0.139542053866,-0.22821766692,-0.389386636057,decay
62.68,0.373080326416,0.145054343994,0.529611510003,0.139524724156,-0.228025982423,-0.390086785847,decay
62.69,0.372899196069,0.145044258573,0.530275087367,0.139506802225,-0.227854937496,-0.390768285142,decay
62.7,0.372740130698,0.145033589298,0.530898752225,0.139488337734,-0.2277065414,-0.391410414492,decay
62.71,0.372604463005,0.145022313046,0.531462618715,0.1394693843,-0.227582149959,-0.391993234414,decay
62.72,0.372492843368,0.145010412878,0.531949815664,0.139449998204,-0.22748243049,-0.39249981746,decay
62.73,0.372405377628,0.144997878289,0.53234822844,0.139430237252,-0.22740749934,-0.392917991188,decay
62.74,0.372341851852,0.144984705701,0.532651592227,0.139410159786,-0.227357146152,-0.393241432441,decay
62.75,0.372301770201,0.144970899243,0.532859810714,0.139389823787,-0.227330870959,-0.393469986927,decay
62.76,0.372284269715,0.144956471601,0.532978394237,0.139369286103,-0.227327798114,-0.393609108134,decay
62.77,0.372288108553,0.144941444342,0.533016952266,0.139348601941,-0.227346664211,-0.393668350325,decay
62.78,0.372311576654,0.144925847242,0.532986928924,0.139327824711,-0.227385729412,-0.393659104212,decay
62.79,0.372352226107,0.144909716952,0.532899173722,0.139307006121,-0.227442509155,-0.393592167601,decay
62.8,0.37240671403,0.144893095635,0.532762077335,0.139286196336,-0.227513618395,-0.393475880999,decay
62.81,0.372470923646,0.144876029798,0.53258072426,0.139265444138,-0.227594893848,-0.393315280122,decay
62.82,0.372540267418,0.144858569312,0.532357131311,0.139244797055,-0.227681698106,-0.393112334256,decay
62.83,0.37261019181,0.144840766603,0.532091338072,0.139224301459,-0.227769425207,-0.392867036613,decay
62.84,0.372676832345,0.14482267598,0.531782853849,0.139204002621,-0.227854156365,-0.392578851227,decay
62.85,0.372737509097,0.144804353078,0.531431864889,0.139183944703,-0.227933156019,-0.392247920185,decay
62.86,0.372790873657,0.144785854405,0.531039832716,0.139164170689,-0.228005019251,-0.391875662026,decay
62.87,0.372836803923,0.144767236999,0.530609464817,0.139144722218,-0.228069566924,-0.391464742599,decay
62.88,0.372876116843,0.14474855819,0.530144186301,0.139125639305,-0.228127558653,-0.391018546996,decay
62.89,0.372910086336,0.14472987545,0.529647283597,0.139106959942,-0.228180210886,-0.390540323654,decay
62.9,0.37293997009,0.14471124626,0.529121009734,0.139088719569,-0.22822872383,-0.390032290165,decay
62.91,0.372966795629,0.144692727993,0.528565968297,0.139070950401,-0.228274067636,-0.389495017896,decay
62.92,0.372991253639,0.14467437777,0.527980951497,0.139053680594,-0.228316875869,-0.388927270902,decay
62.93,0.373013438438,0.14465625229,0.527363285922,0.139036933235,-0.228357186147,-0.388326352687,decay
62.94,0.373032579632,0.144638407612,0.526709629838,0.139020725116,-0.22839417202,-0.387688904722,decay
62.95,0.373047005166,0.144620898867,0.526016998886,0.139005065283,-0.228426106299,-0.387011933602,decay
62.96,0.373054324361,0.144603779913,0.525283767098,0.138989953596,-0.228450544448,-0.386293813502,decay
62.97,0.373051831536,0.144587103001,0.52451056969,0.138975380085,-0.228464728535,-0.385535189605,decay
62.98,0.373037115177,0.144570918486,0.523701127933,0.138961325733,-0.228466196691,-0.3847398022,decay
62.99,0.373008602815,0.144555274536,0.522862879488,0.138947764212,-0.228453328278,-0.383915115276,decay
63,0.372965842049,0.144540216712,0.522007215,0.138934663756,-0.228425625337,-0.383072551245,decay
63.01,0.372909604962,0.144525787375,0.521149244014,0.138921988856,-0.228383817587,-0.382227255158,decay
63.02,0.372841861618,0.144512024903,0.520307134299,0.138909701781,-0.228329836715,-0.381397432517,decay
63.03,0.372765523164,0.144498962679,0.51950108353,0.138897763953,-0.228266560485,-0.380603319577,decay
63.04,0.372684029622,0.144486627835,0.518752043229,0.13888613721,-0.228197401787,-0.37986590602,decay
63.05,0.372601038838,0.144475039719,0.518080372356,0.138874784997,-0.228125999118,-0.379205587359,decay
63.06,0.372520191562,0.144464208294,0.51750450097,0.138863673404,-0.228055983267,-0.378640827566,decay
63.07,0.372444692619,0.144454133133,0.517039650937,0.138852771822,-0.227990559485,-0.378186879115,decay
63.08,0.372376799522,0.144444803554,0.516696763315,0.138842053011,-0.227931995968,-0.377854710303,decay
63.09,0.37231755298,0.144436199465,0.516481797394,0.138831492769,-0.227881353516,-0.377650304626,decay
63.1,0.372266799411,0.144428292214,0.516395455127,0.138821069457,-0.227838507196,-0.37757438567,decay
63.11,0.372223431391,0.144421045142,0.516433291319,0.138810763535,-0.227802386249,-0.377622527784,decay
63.12,0.372185858126,0.14441441383,0.516586194269,0.138800557079,-0.227771444296,-0.37778563719,decay
63.13,0.372152496653,0.144408346072,0.516841251185,0.138790433304,-0.227744150581,-0.378050817881,decay
63.14,0.372121932106,0.144402781551,0.517182991798,0.138780376078,-0.227719150555,-0.37840261572,decay
63.15,0.372092758238,0.144397651264,0.517594976767,0.138770369423,-0.227695106974,-0.378824607345,decay
63.16,0.372063376167,0.144392876969,0.518061574095,0.138760397062,-0.227670499198,-0.379301177032,decay
63.17,0.372031795232,0.144388371628,0.518569584271,0.138750442198,-0.227643423603,-0.379819142072,decay
63.18,0.371995400252,0.144384041565,0.519109355398,0.138740487649,-0.227611358688,-0.380368867749,decay
63.19,0.371950926481,0.144379789852,0.519675195345,0.138730516256,-0.227571136629,-0.380944679089,decay
63.2,0.371894804538,0.144375520045,0.520265016692,0.138720511379,-0.227519284492,-0.381544505314,decay
63.21,0.37182370309,0.14437113994,0.520879249711,0.138710457405,-0.227452563151,-0.382168792306,decay
63.22,0.371735144123,0.14436656539,0.521519333149,0.138700340287,-0.227368578733,-0.382818992862,decay
63.23,0.371628146426,0.144361724294,0.522186310464,0.138690148117,-0.227266422132,-0.383496162347,decay
63.24,0.371503600453,0.144356560811,0.522879891659,0.138679871748,-0.227147039642,-0.384200019912,decay
63.25,0.371364139002,0.1443510399,0.523598038862,0.138669505481,-0.227013099102,-0.384928533381,decay
63.26,0.371213715698,0.144345151565,0.524336928455,0.138659047717,-0.226868564133,-0.385677880738,decay
63.27,0.371057128406,0.144338912633,0.52509099143,0.138648501234,-0.226718215773,-0.386442490196,decay
63.28,0.370899501037,0.14433236446,0.525852853458,0.138637872849,-0.226567136576,-0.387214980608,decay
63.29,0.370745826979,0.14432556777,0.526613349599,0.138627172645,-0.226420259208,-0.387986176954,decay
63.3,0.370600697502,0.144318596848,0.52736191964,0.138616413108,-0.226282100653,-0.388745506532,decay
63.31,0.370468129941,0.144311533933,0.528087510786,0.138605608311,-0.226156596008,-0.389481902474,decay
63.32,0.370351442351,0.144304463773,0.528779863893,0.138594773137,-0.226046978578,-0.390185090756,decay
63.33,0.370253303497,0.144297468252,0.5294308968,0.138583922521,-0.225955835244,-0.390846974279,decay
63.34,0.370175960856,0.144290620967,0.53003579268,0.138573070713,-0.225885339888,-0.391462721967,decay
63.35,0.370121394146,0.144283981656,0.530593396168,0.138562230519,-0.22583741249,-0.39203116565,decay
63.36,0.37009126439,0.144277591027,0.531105772776,0.138551412611,-0.225813673364,-0.392554360164,decay
63.37,0.370086797283,0.144271467913,0.531577043098,0.138540625142,-0.22581532937,-0.393036417955,decay
63.38,0.370108628834,0.144265610234,0.532011714934,0.13852987384,-0.225843018599,-0.393481841094,decay
63.39,0.37015652538,0.144259998599,0.532412992454,0.138519162445,-0.225896526782,-0.393893830009,decay
63.4,0.370229099755,0.144254600518,0.532781698704,0.138508493229,-0.225974499237,-0.394273205475,decay
63.41,0.370323629037,0.14424937442,0.533116176341,0.138497867486,-0.226074254617,-0.394618308855,decay
63.42,0.370435834047,0.144244273466,0.53341315356,0.138487286,-0.226191560581,-0.39492586756,decay
63.43,0.370559604055,0.144239249244,0.533669262881,0.138476749491,-0.226320354811,-0.39519251339,decay
63.44,0.370686916119,0.144234255402,0.533882607264,0.138466259052,-0.226452660717,-0.395416348212,decay
63.45,0.370808100385,0.144229251298,0.534053611199,0.138455816575,-0.226578849088,-0.395597794623,decay
63.46,0.370912402629,0.144224205326,0.534184613533,0.13844542514,-0.226688197303,-0.395739188393,decay
63.47,0.370988877293,0.144219096741,0.534278285535,0.138435089197,-0.226769780552,-0.395843196339,decay
63.48,0.37102767453,0.144213915069,0.534335552151,0.138424814453,-0.22681375946,-0.395910737699,decay
63.49,0.371021409194,0.144208657821,0.534353821523,0.138414607535,-0.226812751373,-0.395939213988,decay
63.5,0.370966105786,0.144203327771,0.534326136184,0.138404475579,-0.226762778015,-0.395921660605,decay
63.51,0.370861563053,0.144197930291,0.534241537107,0.138394425809,-0.226663632762,-0.395847111299,decay
63.52,0.370711186203,0.144192470747,0.53408638358,0.138384465094,-0.226518715456,-0.395701918485,decay
63.53,0.370521284146,0.144186951905,0.533845954642,0.138374599485,-0.226334332241,-0.395471355158,decay
63.54,0.370300036787,0.144181371323,0.533505826138,0.138364833705,-0.226118665464,-0.395140992433,decay
63.55,0.370056493536,0.144175718665,0.533052874334,0.138355170611,-0.225880774871,-0.394697703723,decay
63.56,0.369799736239,0.144169973233,0.532475953705,0.138345610676,-0.225629763006,-0.39413034303,decay
63.57,0.369538188307,0.144164102679,0.53176654427,0.138336151779,-0.225374085629,-0.393430392491,decay
63.58,0.369279169477,0.144158063628,0.530919747289,0.138326789512,-0.225121105849,-0.392592957777,decay
63.59,0.369028739235,0.144151803666,0.529935607778,0.138317517828,-0.224876935569,-0.39161808995,decay
63.6,0.368791632347,0.144145263686,0.528820234413,0.138308329778,-0.224646368661,-0.390511904635,decay
63.61,0.368571215277,0.14413838023,0.52758608164,0.138299218221,-0.224432835047,-0.389286863419,decay
63.62,0.368369640149,0.14413108782,0.526251047988,0.138290176504,-0.224238552329,-0.387960871484,decay
63.63,0.368188118181,0.14412332136,0.524836474533,0.138281199134,-0.224064796821,-0.3865552754,decay
63.64,0.368027052688,0.144115018629,0.523364603986,0.138272282451,-0.22391203406,-0.385092321535,decay
63.65,0.367886129579,0.144106122952,0.521856355397,0.138263425314,-0.223780006627,-0.383592930083,decay
63.66,0.367764528719,0.144096585797,0.520330071652,0.138254629696,-0.223667942922,-0.382075441956,decay
63.67,0.367661086545,0.14408636844,0.518801406062,0.138245900852,-0.223574718105,-0.38055550521,decay
63.68,0.367574360497,0.144075442065,0.517284110929,0.138237246794,-0.223498918432,-0.379046864135,decay
63.69,0.367502830061,0.144063786822,0.515791218798,0.138228677271,-0.22343904324,-0.377562541527,decay
63.7,0.36744522421,0.144051390778,0.514336029429,0.138220202587,-0.223393833432,-0.376115826842,decay
63.71,0.367400714359,0.14403824915,0.512932526415,0.138211832398,-0.223362465209,-0.374720694017,decay
63.72,0.367368948769,0.144024363834,0.511595131037,0.138203574478,-0.223344584935,-0.373391556559,decay
63.73,0.367350091149,0.144009743222,0.51033786471,0.138195433424,-0.223340347927,-0.372142431286,decay
63.74,0.367344823001,0.143994402319,0.509173066417,0.138187409285,-0.223350420682,-0.370985657132,decay
63.75,0.36735417234,0.143978363142,0.508109877709,0.138179496087,-0.223375809198,-0.369930381621,decay
63.76,0.367379253833,0.143961655225,0.507152794725,0.138171680464,-0.223417598608,-0.368981114261,decay
63.77,0.367421028588,0.143944315653,0.506300661639,0.138163941051,-0.223476712935,-0.368136720587,decay
63.78,0.367480057568,0.143926388185,0.505546572514,0.138156249178,-0.223553669383,-0.367390323337,decay
63.79,0.367556406543,0.143907921765,0.504879085545,0.138148570457,-0.223648484779,-0.366730515088,decay
63.8,0.367649912418,0.143888968995,0.504284629826,0.138140866602,-0.223760943424,-0.366143763224,decay
63.81,0.367760603644,0.143869584784,0.503750323876,0.138133097204,-0.22389101886,-0.365617226672,decay
63.82,0.367888905103,0.143849825155,0.503266263256,0.138125221473,-0.224039079948,-0.365141041783,decay
63.83,0.368035553773,0.143829746172,0.502826703197,0.138117200002,-0.224205807601,-0.364709503195,decay
63.84,0.368201295169,0.14380940297,0.502430078575,0.13810899657,-0.2243918922,-0.364321082005,decay
63.85,0.368386415989,0.143788848847,0.502078206297,0.138100580037,-0.224597567142,-0.36397762626,decay
63.86,0.368590319653,0.143768134449,0.501775209432,0.13809192615,-0.224822185204,-0.363683283282,decay
63.87,0.368811393405,0.143747307181,0.501526691557,0.138083018624,-0.225064086225,-0.363443672933,decay
63.88,0.369047129313,0.143726410963,0.501339484925,0.138073849029,-0.22532071835,-0.363265635896,decay
63.89,0.369294298244,0.143705486202,0.501221933315,0.138064415861,-0.225588812042,-0.363157517453,decay
63.9,0.369549166456,0.143684569806,0.501184335225,0.138054723479,-0.22586459665,-0.363129611746,decay
63.91,0.369807789242,0.143663695157,0.501239040201,0.138044781172,-0.226144094086,-0.36319425903,decay
63.92,0.370066194943,0.143642892022,0.501399803248,0.138034602374,-0.226423302921,-0.363365200874,decay
63.93,0.370320375325,0.143622186406,0.501680355926,0.138024204009,-0.226698188919,-0.363656151917,decay
63.94,0.370566313896,0.143601600315,0.502092522672,0.138013605943,-0.226964713581,-0.364078916729,decay
63.95,0.370800116767,0.143581151443,0.502644333173,0.138002830543,-0.227218965324,-0.36464150263,decay
63.96,0.371018043163,0.143560852856,0.503338649575,0.137991902287,-0.227457190306,-0.365346747288,decay
63.97,0.371216448005,0.143540713012,0.504172870136,0.137980847266,-0.227675734993,-0.36619202287,decay
63.98,0.37139176847,0.143520736341,0.505139872781,0.137969692493,-0.227871032129,-0.367170180288,decay
63.99,0.371540513987,0.143500924217,0.506229741338,0.137958465052,-0.228039589771,-0.368271276286,decay
64,0.371659307157,0.143481275993,0.507431583131,0.137947191216,-0.228178031164,-0.369484391916,decay
64.01,0.371745185806,0.143461789978,0.508734906312,0.137935895562,-0.228283395828,-0.370799010749,decay
64.02,0.371796163583,0.143442464344,0.510130328124,0.137924600079,-0.228353699239,-0.372205728045,decay
64.03,0.371811770284,0.143423298006,0.511609689848,0.13791332323,-0.228388472278,-0.373696366618,decay
64.04,0.371793402395,0.143404291464,0.513165802048,0.137902078967,-0.228389110932,-0.375263723081,decay
64.05,0.371744467526,0.143385447628,0.514791964506,0.137890875667,-0.228359019898,-0.376901088839,decay
64.06,0.371670159875,0.143366772552,0.516481238182,0.137879715115,-0.228303387322,-0.378601523067,decay
64.07,0.371576796402,0.143348275773,0.518225408767,0.137868591974,-0.228228520629,-0.380356816793,decay
64.08,0.371471026031,0.143329970033,0.520013717261,0.137857494064,-0.228141055998,-0.382156223196,decay
64.09,0.371359120295,0.143311870566,0.521831621035,0.137846403206,-0.228047249729,-0.383985217829,decay
64.1,0.371246258402,0.143293994223,0.523659968093,0.137835296167,-0.227952264179,-0.385824671926,decay
64.11,0.371135939448,0.143276358568,0.525474907229,0.137824145549,-0.22785958088,-0.387650761679,decay
64.12,0.371029805076,0.14325898093,0.527248638777,0.137812920612,-0.227770824146,-0.389435718165,decay
64.13,0.37092787715,0.143241877379,0.528950922494,0.137801588053,-0.227685999771,-0.391149334441,decay
64.14,0.370829092926,0.143225061636,0.530551176381,0.137790112767,-0.22760403129,-0.392761063614,decay
64.15,0.370732091228,0.143208543859,0.532020937018,0.137778458604,-0.227523547369,-0.394242478414,decay
64.16,0.370636028832,0.143192329493,0.533336328342,0.137766589137,-0.227443699339,-0.395569739206,decay
64.17,0.370540973352,0.143176418708,0.534480106593,0.137754468404,-0.227364554643,-0.396725638189,decay
64.18,0.370447716998,0.143160806847,0.535443004534,0.137742061632,-0.227286910151,-0.397700942903,decay
64.19,0.370357362557,0.143145485563,0.536224321708,0.137729335973,-0.227211876994,-0.398494985735,decay
64.2,0.370270968743,0.143130444084,0.536831744207,0.137716261323,-0.227140524659,-0.399115482883,decay
64.21,0.37018927103,0.143115670388,0.537280402567,0.137702811267,-0.227073600642,-0.399577591301,decay
64.22,0.370112569431,0.143101152288,0.537591263542,0.13768896416,-0.227011417143,-0.399902299382,decay
64.23,0.370040871886,0.143086878446,0.537788950396,0.137674704393,-0.22695399344,-0.400114246003,decay
64.24,0.369974158141,0.143072839335,0.5378991603,0.137660023837,-0.226901318806,-0.400239136462,decay
64.25,0.369912658397,0.143059028173,0.537946048353,0.137644923525,-0.226853630224,-0.400301124828,decay
64.26,0.369857120922,0.143045441729,0.537950053904,0.137629415287,-0.226811679193,-0.400320638617,decay
64.27,0.369808844822,0.143032080721,0.537926607154,0.137613522501,-0.226776764101,-0.400313084653,decay
64.28,0.369769324491,0.143018949542,0.537885966286,0.137597279296,-0.226750374949,-0.40028868699,decay
64.29,0.369739801932,0.143006055523,0.537834066095,0.137580728694,-0.226733746409,-0.4002533374,decay
64.3,0.369721090294,0.142993408031,0.537773865544,0.137563920574,-0.226727682263,-0.40020994497,decay
64.31,0.369713627087,0.142981017525,0.537706572438,0.137546909783,-0.226732609562,-0.400159662655,decay
64.32,0.369717562693,0.142968894572,0.537632397975,0.137529754397,-0.226748668121,-0.400102643578,decay
64.33,0.369732921169,0.142957048797,0.537550869659,0.137512514081,-0.226775872372,-0.400038355577,decay
64.34,0.369759860566,0.142945487756,0.537460932559,0.137495248512,-0.22681437281,-0.399965684048,decay
64.35,0.369798819866,0.142934215696,0.537361099517,0.137478015817,-0.22686460417,-0.399883083701,decay
64.36,0.369850469687,0.142923232363,0.537249844271,0.137460871109,-0.226927237324,-0.399788973162,decay
64.37,0.36991558946,0.142912532306,0.537126232822,0.137443865391,-0.227003057154,-0.399682367431,decay
64.38,0.369994816779,0.142902105057,0.536990572647,0.137427045049,-0.227092711722,-0.399563527599,decay
64.39,0.370088218102,0.1428919359,0.53684489888,0.13741045173,-0.227196282202,-0.39943444715,decay
64.4,0.370194921034,0.142882006726,0.536693276908,0.13739412225,-0.227312914308,-0.399299154659,decay
64.41,0.370312975445,0.142872296796,0.536541897526,0.137378088378,-0.227440678649,-0.399163809147,decay
64.42,0.370439361781,0.142862783398,0.536398891932,0.137362376479,-0.227576578383,-0.399036515453,decay
64.43,0.370570158176,0.142853442418,0.536273811473,0.137347006988,-0.227716715758,-0.398926804485,decay
64.44,0.370701004352,0.142844248839,0.536176739353,0.13733199372,-0.227856755513,-0.398844745633,decay
64.45,0.370827763492,0.142835177186,0.536117085434,0.137317342982,-0.227992586307,-0.398799742452,decay
64.46,0.37094709423,0.142826201899,0.536102307095,0.137303052669,-0.228120892331,-0.398799254427,decay
64.47,0.371056865934,0.142817297606,0.536136938808,0.137289111889,-0.228239568328,-0.398847826919,decay
64.48,0.371156438401,0.142808439239,0.536222194626,0.137275501567,-0.228347999162,-0.398946693059,decay
64.49,0.371246629619,0.142799602049,0.536356158707,0.137262195685,-0.22844702757,-0.399093963022,decay
64.5,0.371329363038,0.142790761593,0.536534459622,0.137249162605,-0.228538601444,-0.399285297017,decay
64.51,0.371407274198,0.142781893708,0.536751191963,0.137236366248,-0.22862538049,-0.399514825714,decay
64.52,0.371483319487,0.142772974496,0.536999673149,0.137223767129,-0.228710344991,-0.39977590602,decay
64.53,0.371560198907,0.142763980324,0.537272739353,0.137211323281,-0.228796218583,-0.400061416072,decay
64.54,0.371639657161,0.14275488783,0.537562609384,0.137198991094,-0.228884769331,-0.400363618289,decay
64.55,0.371721904054,0.142745673962,0.53786054693,0.137186726084,-0.228976230092,-0.400673820846,decay
64.56,0.371805298428,0.142736316034,0.538156604815,0.137174483616,-0.229068982394,-0.400982121199,decay
64.57,0.371886447148,0.142726791773,0.5384396464,0.13716221959,-0.229159655375,-0.40127742681,decay
64.58,0.37196082274,0.142717079345,0.538697635712,0.137149891092,-0.229243743395,-0.40154774462,decay
64.59,0.372023641116,0.142707157386,0.538918108014,0.13713745705,-0.22931648373,-0.401780650963,decay
64.6,0.372070528206,0.142697005063,0.539088865031,0.137124878929,-0.229373523143,-0.401963986102,decay
64.61,0.372097838923,0.142686602206,0.539199004601,0.137112121482,-0.229411236717,-0.402086883119,decay
64.62,0.372102840561,0.142675929501,0.539240146483,0.137099153604,-0.229426911059,-0.402140992879,decay
64.63,0.372083819379,0.142664968765,0.539207414918,0.137085949286,-0.229418850614,-0.402121465632,decay
64.64,0.372040041339,0.142653703298,0.539099801609,0.137072488703,-0.229386338042,-0.402027312906,decay
64.65,0.371971745311,0.142642118344,0.53891979788,0.137058759464,-0.229329626967,-0.401861038416,decay
64.66,0.371880292441,0.142630201597,0.53867231298,0.137044757831,-0.229250090844,-0.401627555149,decay
64.67,0.371768232272,0.142617943634,0.5383630522,0.137030489283,-0.229150288638,-0.401332562917,decay
64.68,0.371639129759,0.142605338156,0.537996783822,0.137015967943,-0.229033791603,-0.400980815878,decay
64.69,0.371497240454,0.142592382137,0.537575983906,0.137001215235,-0.228904858317,-0.400574768671,decay
64.7,0.371347047055,0.142579076039,0.537100241539,0.136986258413,-0.228767971016,-0.400113983126,decay
64.71,0.371192720368,0.142565424168,0.536566679043,0.136971129225,-0.2286272962,-0.399595549818,decay
64.72,0.371037824622,0.142551435178,0.53597134322,0.136955862688,-0.228486389444,-0.399015480532,decay
64.73,0.370885456464,0.142537122727,0.535311083821,0.136940495969,-0.228348333737,-0.398370587852,decay
64.74,0.370738541517,0.142522506302,0.534585257605,0.136925067326,-0.228216035215,-0.397660190279,decay
64.75,0.370599987528,0.142507612215,0.533796846721,0.136909615094,-0.228092375313,-0.396887231627,decay
64.76,0.370472731489,0.142492474575,0.532952913519,0.136894176753,-0.227980256915,-0.396058736766,decay
64.77,0.370359656037,0.142477135623,0.532064482636,0.136878788232,-0.227882520414,-0.395185694404,decay
64.78,0.370263227478,0.142461644935,0.531145981785,0.136863483577,-0.227801582542,-0.394282498208,decay
64.79,0.370185063271,0.142446057841,0.530214291566,0.136848294867,-0.22773900543,-0.393365996699,decay
64.8,0.370125751086,0.142430433676,0.529287329383,0.136833252153,-0.227695317411,-0.39245407723,decay
64.81,0.370084864015,0.142414834099,0.528382169066,0.136818383357,-0.227670029916,-0.391563785709,decay
64.82,0.370061081372,0.142399321459,0.527513044675,0.136803714088,-0.227661759913,-0.390709330587,decay
64.83,0.370052518736,0.142383957161,0.526689849951,0.136789267388,-0.227668561575,-0.389900582563,decay
64.84,0.370057165639,0.142368799996,0.525917629509,0.136775063378,-0.227688365643,-0.389142566132,decay
64.85,0.370073193854,0.142353904399,0.525197180732,0.13676111881,-0.227719289455,-0.388436061922,decay
64.86,0.370099180068,0.142339318746,0.524526420009,0.136747446599,-0.227759861322,-0.38777897341,decay
64.87,0.370134365055,0.142325084198,0.523901881871,0.136734055633,-0.227809280857,-0.387167826238,decay
64.88,0.370178780729,0.142311234443,0.523319913678,0.136720951085,-0.227867546286,-0.386598962593,decay
64.89,0.370233074249,0.142297796028,0.52277755184,0.136708135053,-0.227935278222,-0.386069416788,decay
64.9,0.370298185702,0.142284788726,0.522273218089,0.136695607224,-0.228013396975,-0.385577610865,decay
64.91,0.370374975721,0.142272225716,0.521807213778,0.136683365436,-0.228102750005,-0.385123848342,decay
64.92,0.370463648644,0.142260113541,0.521381829055,0.136671406137,-0.228203535103,-0.384710422918,decay
64.93,0.370563096455,0.142248451861,0.521000939106,0.136659724756,-0.228314644594,-0.38434121435,decay
64.94,0.370670559615,0.142237232975,0.520669164959,0.136648315978,-0.22843332664,-0.384020848981,decay
64.95,0.370781682115,0.142226441117,0.520390849129,0.136637173945,-0.228555240999,-0.383753675184,decay
64.96,0.370890846948,0.142216051744,0.520169183345,0.136626292361,-0.228674795204,-0.383542890984,decay
64.97,0.370991823108,0.142206031507,0.5200058168,0.136615664458,-0.2287857916,-0.383390152342,decay
64.98,0.371078606651,0.142196339459,0.519901061761,0.136605282786,-0.228882267192,-0.383295778975,decay
64.99,0.371146135558,0.142186929099,0.519854468614,0.136595138856,-0.228959206458,-0.383259329758,decay
65,0.371190737383,0.142177750592,0.5198653629,0.136585222683,-0.229012986791,-0.383280140217,decay
65.01,0.371210315266,0.142168752875,0.519932975837,0.136575522243,-0.22904156239,-0.383357453594,decay
65.02,0.371204188285,0.142159885697,0.520055951098,0.136566022836,-0.229044302589,-0.383489928262,decay
65.03,0.371172597889,0.142151101617,0.520231332802,0.136556706361,-0.229021496272,-0.383674626441,decay
65.04,0.37111621062,0.142142358023,0.520453486205,0.136547550479,-0.228973852597,-0.383905935726,decay
65.05,0.371035938825,0.142133619197,0.520713390666,0.136538527667,-0.228902319628,-0.384174862999,decay
65.06,0.370933026911,0.142124858247,0.520998430233,0.13652960433,-0.228808168665,-0.384468825903,decay
65.07,0.370809275194,0.142116058192,0.521292585124,0.136520740505,-0.228693217003,-0.384771844618,decay
65.08,0.370667423778,0.142107211675,0.521576895247,0.136511890599,-0.228560212102,-0.385065004648,decay
65.09,0.370511496074,0.142098319726,0.521830195846,0.136503004836,-0.228413176348,-0.38532719101,decay
65.1,0.370346744146,0.142089390314,0.522030310464,0.136494030908,-0.228257353831,-0.385536279556,decay
65.11,0.370179207726,0.142080437013,0.522155770398,0.136484915603,-0.228098770713,-0.385670854795,decay
65.12,0.370015128579,0.142071477745,0.522187716284,0.136475606445,-0.227943650834,-0.385712109839,decay
65.13,0.369860302828,0.142062533609,0.522111443156,0.136466053382,-0.227797769219,-0.385645389775,decay
65.14,0.369719488559,0.142053627762,0.521917308579,0.136456210559,-0.227665860798,-0.38546109802,decay
65.15,0.369596116077,0.142044784324,0.521601072516,0.136446038222,-0.227551331753,-0.385155034294,decay
65.16,0.36949229504,0.142036027357,0.521163828673,0.136435504576,-0.227456267683,-0.384728324098,decay
65.17,0.369408873287,0.142027380098,0.520611679254,0.136424586975,-0.22738149319,-0.384187092279,decay
65.18,0.369345558736,0.142018864584,0.519955350319,0.136413271996,-0.227326694152,-0.383542078323,decay
65.19,0.369301301065,0.142010501542,0.519209773913,0.136401554744,-0.227290799524,-0.382808219169,decay
65.2,0.369274793709,0.14200231031,0.51839331815,0.136389438104,-0.227272483399,-0.382003880046,decay
65.21,0.369264799474,0.14199430872,0.517526379215,0.136376932178,-0.227270490754,-0.381149447036,decay
65.22,0.369270318974,0.141986512903,0.51662951106,0.136364053951,-0.227283806071,-0.380265457109,decay
65.23,0.369290695489,0.141978937021,0.515721654717,0.136350827149,-0.227311758468,-0.379370827569,decay
65.24,0.369325570259,0.141971592924,0.51481907005,0.136337282307,-0.227353977335,-0.378481787743,decay
65.25,0.369374739864,0.141964489701,0.513935207235,0.136323457031,-0.227410250162,-0.377611750204,decay
65.26,0.369438092051,0.141957633199,0.513081168535,0.136309396264,-0.227480458852,-0.376771772271,decay
65.27,0.369515553143,0.141951025637,0.512266117087,0.136295152004,-0.227564527506,-0.375970965083,decay
65.28,0.369606930851,0.141944665452,0.511497163611,0.136280782011,-0.227662265399,-0.3752163816,decay
65.29,0.369711779141,0.141938547276,0.510778698815,0.136266347824,-0.227773231865,-0.374512350991,decay
65.3,0.369829351719,0.141932661858,0.510111637536,0.136251912591,-0.227896689861,-0.373859724945,decay
65.31,0.369958465004,0.141926995882,0.509493236927,0.136237538928,-0.228031469122,-0.373255697999,decay
65.32,0.370097249365,0.14192153165,0.508917879541,0.136223286773,-0.228175717715,-0.372694592768,decay
65.33,0.370243054189,0.141916246654,0.508378749916,0.136209211172,-0.228326807535,-0.372169538744,decay
65.34,0.37039255792,0.141911113009,0.507869931671,0.136195359969,-0.228481444911,-0.371674571701,decay
65.35,0.370541890463,0.141906096764,0.507388329562,0.13618177133,-0.2286357937,-0.371206558232,decay
65.36,0.370686814684,0.141901157225,0.50693496996,0.136168471392,-0.228785657459,-0.370766498568,decay
65.37,0.370823077935,0.141896246775,0.506515414001,0.136155473022,-0.228926831161,-0.370359940979,decay
65.38,0.370946745224,0.141891311529,0.506139295311,0.13614277643,-0.229055433695,-0.369996518881,decay
65.39,0.371054369282,0.141886292602,0.505819311268,0.136130371058,-0.22916807668,-0.36968894021,decay
65.4,0.371143160509,0.14188112752,0.505570015284,0.136118237701,-0.229262032989,-0.369451777583,decay
65.41,0.371211270206,0.141875751607,0.505406596091,0.136106350454,-0.229335518599,-0.369300245638,decay
65.42,0.371258093376,0.141870099381,0.505343750552,0.13609467849,-0.229387993996,-0.369249072062,decay
65.43,0.371284552415,0.14186410599,0.505394628404,0.136083187691,-0.229420446426,-0.369311440712,decay
65.44,0.371293305858,0.14185770872,0.505569671008,0.136071842181,-0.229435597138,-0.369497828828,decay
65.45,0.371288610613,0.141850848634,0.505875249343,0.136060605777,-0.22943776198,-0.369814643566,decay
65.46,0.371275727715,0.141843472185,0.506312274074,0.136049443316,-0.22943225553,-0.370262830758,decay
65.47,0.371260201717,0.141835532315,0.506875153777,0.136038321589,-0.229424669402,-0.370836832188,decay
65.48,0.37124724002,0.141826988652,0.507551512364,0.136027209705,-0.229420251368,-0.371524302659,decay
65.49,0.371241040831,0.141817807128,0.508322938399,0.13601607905,-0.229423233703,-0.37230685935,decay
65.5,0.371244134799,0.141807959601,0.509166770018,0.136004903155,-0.229436175198,-0.373161866863,decay
65.51,0.37125711886,0.141797423707,0.510058531745,0.135993657583,-0.229459695152,-0.374064874162,decay
65.52,0.371278868122,0.141786182974,0.510974341376,0.13598231987,-0.229492685147,-0.374992021506,decay
65.53,0.371306998253,0.141774227198,0.511892706357,0.135970869507,-0.229532771055,-0.37592183685,decay
65.54,0.371338445883,0.141761553099,0.5127954626,0.135959287976,-0.229576892784,-0.376836174624,decay
65.55,0.371370072387,0.141748165265,0.513667932243,0.135947558853,-0.229621907123,-0.37772037339,decay
65.56,0.371399120092,0.141734077154,0.514498678831,0.135935667945,-0.229665042938,-0.378563010885,decay
65.57,0.37142348217,0.141719311408,0.515279315616,0.135923603402,-0.229704170761,-0.379355712214,decay
65.58,0.371441837891,0.141703898909,0.516004586298,0.135911355748,-0.229737938982,-0.38009323055,decay
65.59,0.371453559744,0.141687876978,0.516672682215,0.135898917887,-0.229765682766,-0.380773764328,decay
65.6,0.371458333625,0.141671287504,0.517285650336,0.135886285143,-0.229787046121,-0.381399365193,decay
65.61,0.371455758176,0.141654175249,0.517849662599,0.1358734554,-0.229801582927,-0.3819762072,decay
65.62,0.371445202669,0.141636586356,0.51837481828,0.135860429315,-0.229808616313,-0.382514388965,decay
65.63,0.371425803205,0.141618567007,0.518874198956,0.135847210641,-0.229807236198,-0.383026988315,decay
65.64,0.371396443502,0.141600162198,0.519362248669,0.135833806632,-0.229796281304,-0.383528442036,decay
65.65,0.371355863028,0.141581414607,0.519852928822,0.135820228566,-0.229774448422,-0.384032700257,decay
65.66,0.371302883461,0.14156236363,0.520358070903,0.135806492245,-0.229740519831,-0.384551578659,decay
65.67,0.371236532156,0.141543044907,0.520886128305,0.13579261813,-0.229693487249,-0.385093510175,decay
65.68,0.371156141766,0.141523490563,0.521441388983,0.135778630815,-0.229632651203,-0.385662758168,decay
65.69,0.371061614591,0.141503729981,0.52202358377,0.135764558033,-0.229557884609,-0.386259025737,decay
65.7,0.370953721423,0.141483790746,0.522627860563,0.135750429581,-0.229469930677,-0.386877430982,decay
65.71,0.370834285808,0.141463699623,0.523245309778,0.13573627628,-0.229370586185,-0.387509033498,decay
65.72,0.370706316859,0.141443483571,0.523864180007,0.135722128959,-0.229262833288,-0.388142051047,decay
65.73,0.37057405381,0.141423170795,0.524471557671,0.135708017458,-0.229150883014,-0.388763540214,decay
65.74,0.370442724499,0.141402791853,0.525055118037,0.1356939696,-0.229039932646,-0.389361148437,decay
65.75,0.370318037628,0.141382380817,0.525604702686,0.135680010135,-0.228935656812,-0.389924692551,decay
65.76,0.370205608208,0.141361976325,0.526113605115,0.135666159747,-0.228843631883,-0.390447445369,decay
65.77,0.370110289221,0.141341621936,0.526579514115,0.135652434527,-0.228768667284,-0.390927079588,decay
65.78,0.370035389302,0.141321365339,0.527005137132,0.13563884623,-0.228714023963,-0.391366290902,decay
65.79,0.369982125437,0.141301256737,0.527398435231,0.135625403044,-0.228680868699,-0.391773032187,decay
65.8,0.369949570363,0.141281346977,0.527772168794,0.135612110478,-0.228668223386,-0.392160058316,decay
65.81,0.369934931505,0.141261685623,0.528142440866,0.135598972182,-0.228673245882,-0.392543468684,decay
65.82,0.369934042472,0.141242318968,0.528526268268,0.135585990695,-0.228691723504,-0.392940277573,decay
65.83,0.369942116767,0.141223287924,0.528938627715,0.135573168143,-0.228718828844,-0.393365459573,decay
65.84,0.369954554187,0.14120462576,0.529389691473,0.135560506887,-0.228749928427,-0.393829184586,decay
65.85,0.369967486965,0.141186355631,0.529883026823,0.135548010139,-0.228781131334,-0.394335016684,decay
65.86,0.369978058973,0.141168488227,0.530415324941,0.135535682499,-0.228809570745,-0.394879642442,decay
65.87,0.369984512002,0.141151020676,0.530977766564,0.135523530275,-0.228833491326,-0.39545423629,decay
65.88,0.369985990588,0.141133937538,0.531558602232,0.135511561491,-0.22885205305,-0.396047040741,decay
65.89,0.369982117652,0.141117213254,0.532146106427,0.135499785648,-0.228864904398,-0.396646320779,decay
65.9,0.369972653101,0.141100814886,0.53273089154,0.135488213391,-0.228871838216,-0.397242678149,decay
65.91,0.369957370169,0.141084704676,0.533306810683,0.135476856153,-0.228872665493,-0.397829954531,decay
65.92,0.369936037739,0.141068842468,0.53387034214,0.135465725742,-0.228867195271,-0.398404616398,decay
65.93,0.369908579849,0.141053188,0.534419111385,0.135454833898,-0.228855391849,-0.398964277487,decay
65.94,0.369875500091,0.141037703145,0.534950541229,0.13544419178,-0.228837796945,-0.399506349449,decay
65.95,0.369838267246,0.14102235413,0.535461290379,0.135433809385,-0.228815913116,-0.400027480993,decay
65.96,0.369799355014,0.141007113553,0.535947550983,0.135423694959,-0.228792241461,-0.400523856024,decay
65.97,0.369761952569,0.140991961556,0.536405794253,0.135413854574,-0.228769991013,-0.400991939679,decay
65.98,0.369729370952,0.140976885649,0.536833312782,0.135404292036,-0.228752485304,-0.401429020746,decay
65.99,0.369704225806,0.140961879584,0.537228124433,0.13539500899,-0.228742346221,-0.401833115443,decay
66,0.369687800168,0.140946941995,0.53758825382,0.135386005017,-0.228740858173,-0.402202248803,decay
66.01,0.369679933714,0.140932075058,0.537910684466,0.135377277635,-0.228747858655,-0.402533406832,decay
66.02,0.369679304504,0.140917283204,0.538190432709,0.135368822194,-0.2287620213,-0.402821610514,decay
66.03,0.369683827606,0.140902571842,0.538420202243,0.135360631679,-0.228781255765,-0.403059570564,decay
66.04,0.369691168935,0.140887946078,0.538590778318,0.135352696389,-0.228803222857,-0.403238081928,decay
66.05,0.3696993555,0.140873409417,0.538691961397,0.135345003525,-0.228825946084,-0.403346957872,decay
66.06,0.369707247817,0.140858962551,0.538713714055,0.135337536729,-0.228848285266,-0.403376177326,decay
66.07,0.369714813756,0.140844602704,0.538647294117,0.135330275839,-0.228870211052,-0.403317018278,decay
66.08,0.369723285353,0.140830323829,0.538486270644,0.135323197023,-0.228892961524,-0.403163073621,decay
66.09,0.369735044502,0.140816117435,0.538227373445,0.135316273174,-0.228918927067,-0.402911100271,decay
66.1,0.369753133783,0.140801973558,0.537871224897,0.135309474322,-0.228951160225,-0.402561750576,decay
66.11,0.369780683508,0.140787881711,0.537422988951,0.135302767961,-0.228992801798,-0.40212022099,decay
66.12,0.369820522574,0.140773831806,0.536892688525,0.135296119322,-0.229046690767,-0.401596569203,decay
66.13,0.369874892042,0.140759815077,0.536294761643,0.135289491566,-0.229115076965,-0.401005270077,decay
66.14,0.369945187558,0.140745825004,0.535646683609,0.135282845949,-0.229199362554,-0.40036383766,decay
66.15,0.370031841335,0.14073185827,0.534966995642,0.135276141936,-0.229299983064,-0.399690853706,decay
66.16,0.37013432226,0.140717915656,0.534273430475,0.135269337336,-0.229416406603,-0.399004093139,decay
66.17,0.370251144166,0.140704002566,0.533581742262,0.135262388547,-0.2295471416,-0.398319353714,decay
66.18,0.370380041823,0.140690128944,0.532905364198,0.135255251018,-0.229689912879,-0.39765011318,decay
66.19,0.370518455126,0.140676308776,0.532255501796,0.135247879871,-0.22984214635,-0.397007621924,decay
66.2,0.370663975385,0.140662559483,0.531641220944,0.135240230625,-0.230001415902,-0.396400990319,decay
66.21,0.370814371385,0.140648901353,0.531069523695,0.135232259975,-0.230165470032,-0.39583726372,decay
66.22,0.370967333551,0.140635356999,0.530545731468,0.135223926669,-0.230331976552,-0.395321804799,decay
66.23,0.371120223898,0.140621950824,0.530074365669,0.135215192494,-0.230498273074,-0.394859173175,decay
66.24,0.371269924521,0.140608708496,0.529660403219,0.135206023402,-0.230661216026,-0.394454379817,decay
66.25,0.371412909247,0.140595656396,0.529310526056,0.135196390804,-0.230817252851,-0.394114135252,decay
66.26,0.371545603539,0.140582821065,0.529033837199,0.135186272883,-0.230962782474,-0.393847564316,decay
66.27,0.371664792015,0.140570228666,0.528841704037,0.135175655413,-0.231094563349,-0.393666048624,decay
66.28,0.371767855697,0.140557904491,0.528746870419,0.1351645317,-0.231209951206,-0.393582338719,decay
66.29,0.371852903958,0.140545872476,0.528762276525,0.13515290195,-0.231307031482,-0.393609374575,decay
66.3,0.371918787434,0.140534154645,0.528899919248,0.135140772621,-0.231384632789,-0.393759146628,decay
66.31,0.371964822287,0.140522770456,0.529169827539,0.135128155984,-0.231442051831,-0.394041671555,decay
66.32,0.371990400292,0.140511736024,0.529579178542,0.135115069901,-0.231478664268,-0.39446410864,decay
66.33,0.371994885266,0.140501063216,0.530131690033,0.135101537811,-0.23149382205,-0.395030152222,decay
66.34,0.371977753145,0.140490758574,0.530827356539,0.135087588926,-0.23148699457,-0.395739767614,decay
66.35,0.37193866225,0.140480822085,0.531662422753,0.135073258624,-0.231457840166,-0.396589164129,decay
66.36,0.371877443966,0.140471245962,0.532629391221,0.135058588878,-0.231406198004,-0.397570802343,decay
66.37,0.371794076962,0.140462014177,0.533716879665,0.135043628144,-0.231332062785,-0.39867325152,decay
66.38,0.371688523739,0.140453103239,0.534909327553,0.1350284303,-0.2312354205,-0.399880897253,decay
66.39,0.371560520299,0.140444483848,0.536186690878,0.13501305291,-0.231116036451,-0.401173637968,decay
66.4,0.371409626025,0.14043612271,0.537524219896,0.13499755536,-0.230973503315,-0.402526664536,decay
66.41,0.371235512608,0.140427984239,0.538892456444,0.134981997037,-0.230807528368,-0.403910459408,decay
66.42,0.371038189113,0.140420032158,0.540257772172,0.134966435541,-0.230618156955,-0.405291336632,decay
66.43,0.370818076153,0.140412231031,0.541583716847,0.134950924891,-0.230405845122,-0.406632791956,decay
66.44,0.370576018238,0.140404547767,0.542833037613,0.134935513667,-0.23017147047,-0.407897523947,decay
66.45,0.370313231641,0.140396953122,0.543969914995,0.134920243056,-0.229916278519,-0.409049671939,decay
66.46,0.370031285622,0.140389423064,0.544962094457,0.134905145009,-0.229641862558,-0.410056949448,decay
66.47,0.369732374588,0.140381939573,0.545782860496,0.134890241228,-0.229350435016,-0.410892619268,decay
66.48,0.369419791697,0.140374490493,0.546412746177,0.134875543559,-0.229045301205,-0.411537202618,decay
66.49,0.369098152149,0.140367068745,0.546840662889,0.13486105533,-0.228731083404,-0.411979607559,decay
66.5,0.368773223289,0.140359671378,0.547064135351,0.134846772868,-0.228413551911,-0.412217362483,decay
66.51,0.36845152522,0.140352298665,0.547088502063,0.134832686878,-0.228099226556,-0.412255815185,decay
66.52,0.368139727131,0.140344953239,0.546925232408,0.134818783679,-0.227794773892,-0.412106448729,decay
66.53,0.367843938051,0.140337639269,0.546589850276,0.134805046326,-0.227506298782,-0.41178480395,decay
66.54,0.367569214242,0.140330361641,0.546100008258,0.134791455633,-0.227238852601,-0.411308552625,decay
66.55,0.367319427737,0.140323125155,0.545473982004,0.134777991114,-0.226996302582,-0.410695990891,decay
66.56,0.367097399286,0.140315933739,0.544729635382,0.134764631847,-0.226781465547,-0.409965003535,decay
66.57,0.366905236418,0.140308789807,0.543883874874,0.134751357168,-0.226596446611,-0.409132517706,decay
66.58,0.366744768624,0.140301693827,0.542952552011,0.134738147157,-0.226443074797,-0.408214404854,decay
66.59,0.366617756409,0.140294644033,0.541950639187,0.134724982972,-0.226323112376,-0.407225656215,decay
66.6,0.366525698513,0.140287636139,0.540892475051,0.134711847143,-0.226238062374,-0.406180627909,decay
66.61,0.366469535953,0.140280663012,0.539791944518,0.134698723875,-0.226188872941,-0.405093220644,decay
66.62,0.36644954995,0.140273714285,0.538662491309,0.134685599364,-0.226175835665,-0.403976891945,decay
66.63,0.366465320085,0.140266775917,0.53751693723,0.13467246215,-0.226198544168,-0.40284447508,decay
66.64,0.366515557894,0.140259829676,0.53636722014,0.134659303498,-0.226255728218,-0.401707916641,decay
66.65,0.366597876593,0.14025285257,0.535224178292,0.134646117832,-0.226345024023,-0.400578060461,decay
66.66,0.366708575997,0.140245816306,0.534097430961,0.134632903132,-0.226462759691,-0.399464527829,decay
66.67,0.366842478313,0.140238687145,0.53299529442,0.134619661043,-0.226603791168,-0.398375633377,decay
66.68,0.366992950454,0.140231426417,0.531924532592,0.134606396473,-0.226761524037,-0.39731813612,decay
66.69,0.367152210687,0.140223991515,0.530889767496,0.134593116855,-0.226928219172,-0.396296650641,decay
66.7,0.367311879407,0.140216337017,0.529892583505,0.134579831321,-0.227095542389,-0.395312752184,decay
66.71,0.367463781944,0.14020841583,0.528930619678,0.134566549899,-0.227255366114,-0.394364069779,decay
66.72,0.367600976971,0.140200180354,0.527997175691,0.134553282726,-0.227400796616,-0.393443892965,decay
66.73,0.367718666242,0.140191583711,0.527081854781,0.13454003926,-0.227527082532,-0.392541815521,decay
66.74,0.367814562304,0.140182581059,0.526172418719,0.134526827478,-0.227631981244,-0.391645591241,decay
66.75,0.367888707436,0.140173131037,0.525257481486,0.134513653047,-0.227715576399,-0.390743828439,decay
66.76,0.367942999759,0.140163197192,0.524329254309,0.134500518535,-0.227779802567,-0.389828735774,decay
66.77,0.36798056729,0.140152748902,0.523385538397,0.134487422911,-0.227827818388,-0.388898115486,decay
66.78,0.368005207605,0.14014176144,0.522430481037,0.13447436154,-0.227863446164,-0.387956119496,decay
66.79,0.368021177346,0.140130215462,0.521474056846,0.134461326497,-0.227890961883,-0.387012730349,decay
66.8,0.368033195466,0.140118096478,0.520530574511,0.134448306955,-0.227915098988,-0.386082267557,decay
66.81,0.368046271936,0.140105394523,0.519616633152,0.134435289522,-0.227940877413,-0.38518134363,decay
66.82,0.368065355247,0.14009210404,0.518748925844,0.134422258544,-0.227973251208,-0.3843266673,decay
66.83,0.36809506385,0.14007822398,0.517942166611,0.134409196359,-0.22801683987,-0.383532970252,decay
66.84,0.368139594871,0.140063758126,0.517207346025,0.134396083533,-0.228075836745,-0.382811262492,decay
66.85,0.368202826774,0.140048715632,0.516550537412,0.13438289907,-0.228154111142,-0.382167638343,decay
66.86,0.368288602777,0.140033111658,0.515972429077,0.13436962065,-0.228255491119,-0.381602808427,decay
66.87,0.368400912866,0.140016967634,0.515468618641,0.134356225012,-0.228383945233,-0.381112393629,decay
66.88,0.368543644001,0.140000310818,0.515030516397,0.134342688579,-0.228543333183,-0.380687827818,decay
66.89,0.368720011639,0.139983173403,0.514646540991,0.134328988285,-0.228736838236,-0.380317552706,decay
66.9,0.368932060914,0.139965591612,0.51430325702,0.134315102484,-0.228966469302,-0.379988154536,decay
66.91,0.369180297447,0.139947604966,0.513986244649,0.134301011943,-0.229232692481,-0.379685232705,decay
66.92,0.369463298625,0.139929255709,0.513680746501,0.134286700907,-0.229534042916,-0.379394045595,decay
66.93,0.369777436435,0.139910588387,0.513372263214,0.134272158276,-0.229866848048,-0.379100104938,decay
66.94,0.370116864383,0.139891649549,0.513047200815,0.134257378913,-0.230225214834,-0.378789821903,decay
66.95,0.370473692298,0.139872487559,0.512693685082,0.134242365097,-0.23060120474,-0.378451319985,decay
66.96,0.370838427422,0.139853152455,0.512302671691,0.134227127922,-0.230985274967,-0.378075543769,decay
66.97,0.371200828039,0.139833695667,0.511869181327,0.1342116879,-0.231367132373,-0.377657493427,decay
66.98,0.371550905357,0.139814169457,0.511393186242,0.134196074223,-0.231736735899,-0.377197112018,decay
66.99,0.371879671783,0.139794626158,0.510879792078,0.134180323104,-0.232085045625,-0.376699468974,decay
67,0.372179575755,0.13977511734,0.510338684062,0.134164475911,-0.232404458415,-0.376174208152,decay
67.01,0.372444698168,0.139755692981,0.509782990748,0.134148577398,-0.232689005187,-0.37563441335,decay
67.02,0.372670685172,0.139736400591,0.509227747559,0.134132674017,-0.232934284581,-0.375095073542,decay
67.03,0.372854571592,0.139717284278,0.508688213992,0.134116812259,-0.233137287314,-0.374571401733,decay
67.04,0.372994784403,0.139698383732,0.508178374318,0.13410103701,-0.233296400672,-0.374077337307,decay
67.05,0.37309124743,0.13967973309,0.507709819424,0.13408538986,-0.23341151434,-0.373624429564,decay
67.06,0.373145311897,0.139661359854,0.50729105055,0.134069907511,-0.233483952043,-0.373221143038,decay
67.07,0.373159539226,0.139643284412,0.506927213514,0.134054620774,-0.233516254814,-0.372872592739,decay
67.08,0.373137453164,0.139625520611,0.506620133308,0.134039554514,-0.233511932553,-0.372580578795,decay
67.09,0.37308321,0.139608077027,0.506368378174,0.134024728239,-0.233475132973,-0.372343649936,decay
67.1,0.373001219228,0.139590958357,0.506167258027,0.134010156802,-0.233410260871,-0.372157101225,decay
67.11,0.372895872427,0.139574166679,0.506008982688,0.133995850978,-0.233321705748,-0.37201313171,decay
67.12,0.372771372226,0.139557702599,0.505883310008,0.133981817919,-0.233213669627,-0.371901492089,decay
67.13,0.372631555929,0.13954156629,0.505778825499,0.133968061477,-0.233089989639,-0.371810764021,decay
67.14,0.372479773128,0.139525758435,0.505684690516,0.133954582421,-0.232954014693,-0.371730108095,decay
67.15,0.372318894067,0.139510281107,0.505592472979,0.133941378517,-0.23280861296,-0.371651094463,decay
67.16,0.372151327183,0.139495138509,0.505497613865,0.133928444552,-0.232656188674,-0.371569169313,decay
67.17,0.371978990462,0.139480337387,0.505400256457,0.133915772421,-0.232498653075,-0.371484484036,decay
67.18,0.371803463508,0.139465886952,0.505305390658,0.133903351384,-0.232337576556,-0.371402039274,decay
67.19,0.371626377179,0.139451798437,0.505222247086,0.13389116844,-0.232174578741,-0.371331078646,decay
67.2,0.371449694962,0.139438084494,0.505162879484,0.133879208657,-0.232011610468,-0.371283670826,decay
67.21,0.371275725339,0.139424758515,0.505140214666,0.133867455421,-0.231850966825,-0.371272759244,decay
67.22,0.371107070821,0.139411833873,0.505166172154,0.133855890599,-0.231695236947,-0.371310281555,decay
67.23,0.37094655347,0.139399323065,0.505250405888,0.133844494628,-0.231547230404,-0.371405911259,decay
67.24,0.370796991489,0.139387236737,0.50539994906,0.133833246539,-0.231409754752,-0.371566702521,decay
67.25,0.37066092426,0.139375582576,0.505619664009,0.133822123905,-0.231285341684,-0.371797540104,decay
67.26,0.370540418123,0.139364364221,0.505912990354,0.133811102776,-0.231176053902,-0.372101887578,decay
67.27,0.370436902489,0.139353580683,0.506282399796,0.133800157715,-0.231083321805,-0.372482242081,decay
67.28,0.370351066157,0.139343226662,0.506729282482,0.133789262027,-0.231007839495,-0.372940020455,decay
67.29,0.370282924448,0.139333293467,0.507253318803,0.133778388126,-0.230949630981,-0.373474930677,decay
67.3,0.370231931677,0.139323770018,0.507851545862,0.13376750794,-0.230908161659,-0.374084037921,decay
67.31,0.370196964984,0.139314643719,0.508517430364,0.133756593297,-0.230882321264,-0.374760837067,decay
67.32,0.370176401854,0.139305901208,0.50924031676,0.133745616313,-0.230870500645,-0.375494700447,decay
67.33,0.370168567505,0.139297528993,0.510005553093,0.133734549801,-0.230871038512,-0.376271003292,decay
67.34,0.370172312405,0.139289513986,0.510795445563,0.133723367694,-0.230882798419,-0.377072077868,decay
67.35,0.370187372395,0.139281843961,0.511591021119,0.133712045521,-0.230905528433,-0.377878975598,decay
67.36,0.370214473443,0.13927450788,0.512374326473,0.133700560892,-0.230939965563,-0.37867376558,decay
67.37,0.370255097609,0.13926749599,0.51313067984,0.133688893918,-0.230987601619,-0.379441785922,decay
67.38,0.37031084041,0.139260799586,0.51385016697,0.133677027484,-0.231050040824,-0.380173139486,decay
67.39,0.370382725387,0.139254410513,0.514527868477,0.133664947458,-0.231128314874,-0.380862921019,decay
67.4,0.370470923316,0.139248320541,0.515162751389,0.13365264294,-0.231222602775,-0.381510108449,decay
67.41,0.370574857661,0.139242520652,0.515755754571,0.133640106617,-0.231332337009,-0.382115647954,decay
67.42,0.370693434206,0.139237000245,0.51630800606,0.13362733523,-0.23145643396,-0.38268067083,decay
67.43,0.370825269556,0.139231746238,0.516819926243,0.133614330163,-0.231593523318,-0.38320559608,decay
67.44,0.370968801525,0.139226742063,0.517291371247,0.133601098165,-0.231742059462,-0.383690273081,decay
67.45,0.371122170894,0.13922196654,0.517722486694,0.133587652213,-0.231900204354,-0.384134834481,decay
67.46,0.371283114772,0.139217392805,0.51811478444,0.133574012355,-0.232065721967,-0.384540772085,decay
67.47,0.371449158727,0.139212987895,0.518471997744,0.133560205981,-0.232236170833,-0.384911791763,decay
67.48,0.371617858609,0.139208713431,0.518800412845,0.133546267107,-0.232409145178,-0.385254145738,decay
67.49,0.371786761414,0.139204527081,0.519108619318,0.133532234976,-0.232582234333,-0.385576384342,decay
67.5,0.37195324724,0.139200384207,0.519406763727,0.133518152506,-0.232752863033,-0.385888611221,decay
67.51,0.372114461941,0.139196239479,0.519705343313,0.133504064812,-0.232918222461,-0.386201278501,decay
67.52,0.372267268671,0.139192048461,0.52001368695,0.133490017765,-0.23307522021,-0.386523669185,decay
67.53,0.372408237488,0.139187769214,0.520338558268,0.133476056569,-0.233220468275,-0.386862501699,decay
67.54,0.372533802753,0.139183363953,0.520683334921,0.133462224321,-0.2333504388,-0.3872211106,decay
67.55,0.372640492764,0.139178800791,0.521047918178,0.133448560506,-0.233461691973,-0.387599357672,decay
67.56,0.372725087851,0.139174055363,0.521429235517,0.133435099576,-0.233551032488,-0.387994135941,decay
67.57,0.37278477347,0.13916911165,0.521821972713,0.133421870084,-0.23361566182,-0.388400102629,decay
67.58,0.372817302488,0.139163961446,0.522219052517,0.133408894728,-0.233653341042,-0.388810157788,decay
67.59,0.372820974936,0.139158602897,0.522611654943,0.133396191026,-0.233662372039,-0.389215463917,decay
67.6,0.37279442449,0.139153038852,0.52298914145,0.133383772069,-0.233641385638,-0.389605369381,decay
67.61,0.372736519094,0.139147275315,0.523339542484,0.133371647167,-0.233589243779,-0.389967895317,decay
67.62,0.372646467892,0.139141319993,0.523651023951,0.133359822355,-0.233505147899,-0.390291201597,decay
67.63,0.372523897488,0.139135180931,0.523914167421,0.133348300778,-0.233388716557,-0.390565866643,decay
67.64,0.372368857739,0.139128865188,0.524124382624,0.133337082953,-0.233239992551,-0.390787299671,decay
67.65,0.372181867111,0.139122377555,0.524283659775,0.133326166915,-0.233059489557,-0.39095749286,decay
67.66,0.371963888479,0.139115719395,0.52440114459,0.133315548279,-0.232848169084,-0.391085596312,decay
67.67,0.371716174382,0.139108887972,0.524492392637,0.133305220351,-0.232607286409,-0.391187172286,decay
67.68,0.371440174097,0.139101876535,0.524577440896,0.133295174363,-0.232338297562,-0.391282266533,decay
67.69,0.371137552925,0.139094674941,0.524678016751,0.133285399775,-0.232042877984,-0.391392616975,decay
67.7,0.370810161564,0.139087270449,0.524814409404,0.133275884538,-0.231722891115,-0.391538524866,decay
67.71,0.370459957446,0.139079648535,0.525002708639,0.133266615261,-0.231380308911,-0.391736093378,decay
67.72,0.37008896968,0.139071793725,0.525253054511,0.133257577303,-0.231017175955,-0.391995477208,decay
67.73,0.369699199466,0.13906369047,0.525569243358,0.133248754772,-0.230635508996,-0.392320488587,decay
67.74,0.369292445646,0.139055324079,0.525949608229,0.13324013045,-0.230237121567,-0.392709477778,decay
67.75,0.368870400953,0.139046681732,0.52638865762,0.13323168565,-0.229823719221,-0.393156971971,decay
67.76,0.368435135389,0.139037753441,0.526878733437,0.133223400047,-0.229397381948,-0.39365533339,decay
67.77,0.367989559177,0.139028532584,0.527411079732,0.133215251717,-0.228961026593,-0.394195828016,decay
67.78,0.367537619405,0.139019015674,0.527976144072,0.133207217505,-0.228518603731,-0.394768926568,decay
67.79,0.367084378276,0.139009201629,0.528563326678,0.133199273639,-0.228075176648,-0.395364053039,decay
67.8,0.366635986964,0.138999090955,0.529160541616,0.133191396399,-0.227636896009,-0.395969145217,decay
67.81,0.36619942976,0.138988685011,0.529754013494,0.133183562764,-0.227210744749,-0.39657045073,decay
67.82,0.36578212909,0.138977985366,0.530328647157,0.133175751063,-0.226804143724,-0.397152896094,decay
67.83,0.365391516003,0.138966993233,0.5308690641,0.133167941629,-0.22642452277,-0.397701122471,decay
67.84,0.36503448334,0.138955708966,0.531361196307,0.133160117482,-0.226078774375,-0.398201078825,decay
67.85,0.364716779761,0.138944131627,0.531794083824,0.133152265053,-0.225772648133,-0.398641818771,decay
67.86,0.36444261072,0.138932258624,0.532161255143,0.133144374869,-0.225510352096,-0.399016880274,decay
67.87,0.364214523829,0.13892008549,0.53246101144,0.133136441909,-0.225294438339,-0.399324569531,decay
67.88,0.364033427394,0.138907605882,0.532695260613,0.133128465414,-0.225125821511,-0.399566795199,decay
67.89,0.363898719817,0.138894811717,0.532867277095,0.133120448324,-0.2250039081,-0.399746828771,decay
67.9,0.363808578379,0.138881693406,0.532979375898,0.133112396638,-0.224926884972,-0.39986697926,decay
67.91,0.363760225319,0.138868240146,0.533031459487,0.133104318829,-0.224891985172,-0.399927140658,decay
67.92,0.363750038551,0.138854440267,0.533020903612,0.133096225298,-0.224895598284,-0.399924678313,decay
67.93,0.363773668764,0.138840281655,0.532943645258,0.133088127876,-0.22493338711,-0.399855517382,decay
67.94,0.363826220589,0.138825752256,0.532795871462,0.13308003934,-0.225000468333,-0.399715832122,decay
67.95,0.363902389174,0.138810840669,0.532575593797,0.133071972956,-0.225091548505,-0.39950362084,decay
67.96,0.363996640712,0.138795536788,0.532283610927,0.133063942031,-0.225201103924,-0.399219668896,decay
67.97,0.364103534467,0.138779832358,0.531923644179,0.133055959507,-0.225323702109,-0.398867684672,decay
67.98,0.364218006011,0.13876372131,0.531501642425,0.133048037608,-0.2254542847,-0.398453604817,decay
67.99,0.364335493916,0.138747200009,0.531024598942,0.133040187512,-0.225588293907,-0.39798441143,decay
68,0.364452069729,0.138730267551,0.530499580447,0.13303241901,-0.225721802178,-0.397467161437,decay
68.01,0.36456462934,0.13871292621,0.529933559023,0.133024740124,-0.225851703131,-0.3969088189,decay
68.02,0.364670965761,0.138695182036,0.529334149451,0.133017156672,-0.225975783725,-0.396316992779,decay
68.03,0.364769725213,0.138677045616,0.528710907254,0.133009671788,-0.226092679597,-0.395701235466,decay
68.04,0.364860452403,0.138658533009,0.528076508179,0.133002285362,-0.226201919394,-0.395074222817,decay
68.05,0.364943643631,0.138639666862,0.527447093688,0.132994993412,-0.226303976768,-0.394452100276,decay
68.06,0.365020586212,0.138620477497,0.526841537113,0.132987787467,-0.226400108715,-0.393853749646,decay
68.07,0.365093088679,0.138601003257,0.526279845546,0.132980654256,-0.226492085422,-0.39329919129,decay
68.08,0.365163231756,0.138581289567,0.525780993967,0.132973575938,-0.226581942189,-0.392807418029,decay
68.09,0.36523306158,0.138561387104,0.525360608227,0.132966530693,-0.226671674476,-0.392394077534,decay
68.1,0.365304340637,0.138541349768,0.525029136559,0.132959493382,-0.226762990869,-0.392069643176,decay
68.11,0.365378588201,0.138521232734,0.524791000218,0.13295243616,-0.226857355467,-0.391838564058,decay
68.12,0.365457308819,0.138501090552,0.524644741003,0.132945329035,-0.226956218267,-0.391699411969,decay
68.13,0.365542214336,0.138480975261,0.524583851709,0.132938140409,-0.227061239075,-0.3916457113,decay
68.14,0.36563546728,0.138460934466,0.524597886519,0.1329308376,-0.227174532814,-0.39166704892,decay
68.15,0.365739858394,0.138441009344,0.524673487811,0.132923387367,-0.22729884905,-0.391750100445,decay
68.16,0.365858582728,0.138421232784,0.524795151206,0.132915756414,-0.227437349945,-0.391879394792,decay
68.17,0.365994546898,0.138401628435,0.524945823086,0.132907911729,-0.227592918462,-0.392037911357,decay
68.18,0.366149624237,0.138382211257,0.525107501491,0.132899820682,-0.22776741298,-0.392207680809,decay
68.19,0.366324207927,0.138362989085,0.525261854139,0.132891450951,-0.227961218842,-0.392370403187,decay
68.2,0.366517065551,0.138343964429,0.525390845368,0.132882770466,-0.228173101123,-0.392508074902,decay
68.21,0.366725511936,0.138325136156,0.525477510279,0.1328737474,-0.228400375779,-0.392603762878,decay
68.22,0.366945892293,0.138306501074,0.525506971637,0.132864350262,-0.228639391219,-0.392642621374,decay
68.23,0.367174112081,0.138288055424,0.525467550997,0.132854548068,-0.228886056657,-0.39261300293,decay
68.24,0.367406033323,0.138269796325,0.525351691423,0.132844310618,-0.229136236998,-0.392507380805,decay
68.25,0.367637780384,0.138251723179,0.525156439146,0.132833608893,-0.229386057205,-0.392322830253,decay
68.26,0.367865895134,0.138233838922,0.524883302343,0.132822415527,-0.229632056212,-0.392060886816,decay
68.27,0.368087265294,0.138216150692,0.524537541788,0.132810705235,-0.229871114602,-0.391726836553,decay
68.28,0.368299015193,0.138198669581,0.524127309568,0.132798455116,-0.230100345612,-0.391328854451,decay
68.29,0.368498533799,0.138181409735,0.523663082394,0.1327856449,-0.230317124064,-0.390877437494,decay
68.3,0.368683501094,0.138164387233,0.523157479844,0.132772257311,-0.23051911386,-0.390385222533,decay
68.31,0.368851798534,0.13814761893,0.522625236911,0.132758278615,-0.230704179604,-0.389866958296,decay
68.32,0.369001484015,0.138131121248,0.522082950194,0.132743699369,-0.230870362767,-0.389339250825,decay
68.33,0.369130908402,0.138114908903,0.521548303002,0.132728515383,-0.2310159995,-0.38881978762,decay
68.34,0.369238778199,0.138098993527,0.521038921805,0.132712728918,-0.231139784671,-0.388326192887,decay
68.35,0.369324176727,0.138083382184,0.520571376185,0.13269635014,-0.231240794542,-0.387875026045,decay
68.36,0.369386720279,0.138068075934,0.520160572227,0.132679398571,-0.231318644345,-0.387481173657,decay
68.37,0.369426706356,0.138053069111,0.519819238573,0.132661903681,-0.231373637246,-0.387157334892,decay
68.38,0.369445072404,0.138038349776,0.519557065595,0.132643903998,-0.231406722628,-0.386913161597,decay
68.39,0.369443359334,0.138023900993,0.519379379598,0.132625445187,-0.231419458341,-0.386753934412,decay
68.4,0.369423868534,0.138009702249,0.519285649484,0.132606577961,-0.231414166284,-0.386679071524,decay
68.41,0.369389841407,0.137995730786,0.519268465081,0.132587356167,-0.231394110621,-0.386681108913,decay
68.42,0.369345468709,0.137981962822,0.519313697119,0.13256783502,-0.231363505887,-0.386745862099,decay
68.43,0.369295723493,0.137968374708,0.519402186558,0.13254806944,-0.231327348785,-0.386854117118,decay
68.44,0.369245928861,0.137954944033,0.519512728941,0.132528112473,-0.231290984828,-0.386984616468,decay
68.45,0.369200989248,0.137941650702,0.519625629029,0.132508013735,-0.231259338546,-0.387117615295,decay
68.46,0.369164604147,0.137928477911,0.519725896636,0.132487818011,-0.231236126236,-0.387238078625,decay
68.47,0.369138895556,0.137915412725,0.519805255437,0.13246756448,-0.231223482831,-0.387337690956,decay
68.48,0.369124480811,0.137902446036,0.519862493713,0.132447286906,-0.231222034775,-0.387415206807,decay
68.49,0.369120829371,0.137889572088,0.519902299722,0.132427014508,-0.231231257284,-0.387475285215,decay
68.5,0.369126845842,0.137876787877,0.519933216438,0.132406773,-0.231250057965,-0.387526443439,decay
68.51,0.369141435899,0.137864092571,0.519965357565,0.132386585592,-0.231277343328,-0.387578771973,decay
68.52,0.36916370449,0.137851486926,0.52000836442,0.132366473939,-0.231312217564,-0.387641890481,decay
68.53,0.369192872137,0.137838972722,0.520069962852,0.132346459058,-0.231353899416,-0.387723503795,decay
68.54,0.369228235062,0.137826552178,0.520155241349,0.132326562211,-0.231401682883,-0.387828679138,decay
68.55,0.369269231891,0.137814227362,0.520266541312,0.132306805771,-0.231455004529,-0.38795973554,decay
68.56,0.369315574223,0.137801999654,0.520403821441,0.132287214009,-0.231513574568,-0.388116607432,decay
68.57,0.369367407534,0.137789869539,0.520565371941,0.1322678136,-0.231577537996,-0.388297558342,decay
68.58,0.369425263368,0.13777783692,0.520748574656,0.132248633705,-0.231647426448,-0.388499940951,decay
68.59,0.36948959324,0.137765901815,0.52095022633,0.132229705737,-0.231723691424,-0.388720520593,decay
68.6,0.369560167937,0.137754065144,0.52116614933,0.132211063001,-0.231806102793,-0.388955086329,decay
68.61,0.369635851726,0.137742329523,0.521390298395,0.132192740309,-0.231893522202,-0.389197558086,decay
68.62,0.369714789145,0.137730700066,0.521613997521,0.13217477353,-0.231984089078,-0.389439223991,decay
68.63,0.369794724743,0.137719185186,0.521826045008,0.132157199092,-0.232075539557,-0.389668845917,decay
68.64,0.36987341456,0.137707797435,0.522013983124,0.13214005339,-0.232165617125,-0.389873929734,decay
68.65,0.369949081484,0.137696554371,0.522166133154,0.132123372104,-0.232252527113,-0.39004276105,decay
68.66,0.370020672297,0.137685479301,0.522273626296,0.132107189465,-0.232335192995,-0.390166436831,decay
68.67,0.37008788793,0.137674601339,0.522331790023,0.132091537679,-0.232413286591,-0.390240252344,decay
68.68,0.37015112229,0.137663954359,0.522340593248,0.132076446659,-0.232487167931,-0.390264146589,decay
68.69,0.370211259284,0.137653575146,0.522304130315,0.132061943925,-0.232557684138,-0.39024218639,decay
68.7,0.370269305554,0.13764350127,0.522229400221,0.132048054421,-0.232625804284,-0.390181345801,decay
68.71,0.370326097334,0.137633768891,0.522124816627,0.132034800166,-0.232692328443,-0.390090016461,decay
68.72,0.370382263316,0.137624410459,0.521998800449,0.132022199691,-0.232757852858,-0.389976600758,decay
68.73,0.370438352118,0.137615452273,0.521858734642,0.13201026727,-0.232822899845,-0.389848467372,decay
68.74,0.370495030036,0.137606911851,0.52171058895,0.131999011912,-0.232888118185,-0.389711577038,decay
68.75,0.370553352099,0.137598795054,0.521559381347,0.131988436108,-0.232954557045,-0.389570945239,decay
68.76,0.370614885288,0.137591093365,0.521410273681,0.131978534549,-0.233023791923,-0.389431739132,decay
68.77,0.37068136701,0.137583782618,0.521269799804,0.131969293559,-0.233097584392,-0.389300506245,decay
68.78,0.370754035858,0.137576824194,0.521146703982,0.131960691813,-0.233177211664,-0.389186012169,decay
68.79,0.370833021924,0.137570167915,0.521051950936,0.131952701919,-0.233262854008,-0.389099249018,decay
68.8,0.370916893858,0.137563755304,0.520997714138,0.131945292089,-0.233353138553,-0.389052422049,decay
68.81,0.371002385703,0.137557522685,0.520995661305,0.131938427629,-0.233444863019,-0.389057233677,decay
68.82,0.37108453028,0.137551404135,0.521055165449,0.131932072223,-0.233533126145,-0.389123093226,decay
68.83,0.371157298162,0.137545334363,0.52118195621,0.131926189063,-0.233611963798,-0.389255767147,decay
68.84,0.371214566817,0.137539251567,0.521377548049,0.13192074184,-0.233675315251,-0.389456806209,decay
68.85,0.371251249947,0.137533100326,0.521639637417,0.131915695624,-0.233718149621,-0.389723941792,decay
68.86,0.371264367401,0.137526834313,0.521963317215,0.131911017593,-0.233737533088,-0.390052299623,decay
68.87,0.371253595952,0.13752041793,0.52234253737,0.131906677438,-0.233733178023,-0.390435859932,decay
68.88,0.371220997217,0.137513826217,0.522771182947,0.13190264731,-0.233707171001,-0.390868535637,decay
68.89,0.371170165742,0.137507043584,0.523243535107,0.131898901432,-0.233663122158,-0.391344633675,decay
68.9,0.371105206244,0.137500062292,0.523754365677,0.131895415565,-0.233605143952,-0.391858950111,decay
68.91,0.371029750958,0.137492881082,0.524299073496,0.131892166434,-0.233536869877,-0.392406907062,decay
68.92,0.370946272467,0.137485503946,0.524874029182,0.131889131089,-0.23346076852,-0.392984898092,decay
68.93,0.370855872513,0.137477939045,0.525476926698,0.131886286227,-0.233377933469,-0.393590640471,decay
68.94,0.370758279193,0.137470197726,0.526106776748,0.131883607438,-0.233288081467,-0.39422316931,decay
68.95,0.370651832451,0.137462293651,0.526763396147,0.131881068401,-0.2331895388,-0.394882327746,decay
68.96,0.370533718678,0.137454242009,0.527446616099,0.131878640113,-0.233079476669,-0.395567975986,decay
68.97,0.370400604065,0.137446058854,0.528155574015,0.131876290526,-0.232954545211,-0.396279283489,decay
68.98,0.370249358824,0.137437760572,0.528888353501,0.131873984852,-0.232811598252,-0.39701436865,decay
68.99,0.370077620862,0.137429363447,0.529642034583,0.131871686352,-0.232648257415,-0.397770348231,decay
69,0.369884233302,0.137420883276,0.530412952853,0.131869357251,-0.232463350026,-0.398543595602,decay
69.01,0.369669530386,0.137412334999,0.531196829059,0.131866959645,-0.232257195387,-0.399329869414,decay
69.02,0.369435410642,0.13740373234,0.531988620152,0.131864456413,-0.232031678301,-0.400124163739,decay
69.03,0.369185387902,0.137395087445,0.532782276248,0.131861812166,-0.231790300457,-0.400920464082,decay
69.04,0.368924730357,0.137386410503,0.533570727326,0.131858994239,-0.231538319854,-0.401711733086,decay
69.05,0.368660367606,0.137377709357,0.534346343,0.131855973773,-0.231282658249,-0.402490369228,decay
69.06,0.368400332202,0.137368989149,0.535101919399,0.131852726741,-0.231031343053,-0.403249192658,decay
69.07,0.368152950356,0.137360252211,0.535831934875,0.131849234508,-0.230792698146,-0.403982700367,decay
69.08,0.367925986752,0.137351498376,0.536533589662,0.131845483573,-0.230574488376,-0.404688106089,decay
69.09,0.36772579379,0.137342725563,0.537207264595,0.131841464773,-0.230383068227,-0.405365799822,decay
69.1,0.367556666889,0.137333930449,0.537856271725,0.131837172402,-0.230222736439,-0.406019099322,decay
69.11,0.367420586324,0.137325109127,0.538485859074,0.131832603443,-0.230095477197,-0.406653255631,decay
69.12,0.367317266307,0.13731625776,0.539101543027,0.131827756901,-0.230001008546,-0.407273786126,decay
69.13,0.367244445644,0.13730737325,0.539707117795,0.131822633248,-0.229937072394,-0.407884484547,decay
69.14,0.367198452125,0.137298453915,0.540302877598,0.131817233953,-0.22989999821,-0.408485643645,decay
69.15,0.367174893517,0.137289500207,0.540884472777,0.131811561103,-0.22988539331,-0.409072911674,decay
69.16,0.36716924808,0.137280515345,0.54144257871,0.13180561709,-0.229888732734,-0.40963696162,decay
69.17,0.367177417156,0.137271505506,0.541963395899,0.131799404334,-0.229905911649,-0.410163991565,decay
69.18,0.367196417272,0.137262479286,0.54242988456,0.131792925009,-0.229933937986,-0.41063695955,decay
69.19,0.367224992954,0.137253446639,0.542823475234,0.131786180796,-0.229971546315,-0.411037294437,decay
69.2,0.367263740467,0.137244417677,0.543125870269,0.131779172673,-0.23001932279,-0.411346697595,decay
69.21,0.3673146843,0.137235401442,0.543320541508,0.131771900763,-0.230079282858,-0.411548640744,decay
69.22,0.36738046988,0.137226404679,0.543393642905,0.131764364237,-0.230154065201,-0.411629278668,decay
69.23,0.36746337898,0.137217430557,0.543334322841,0.131756561262,-0.230245948422,-0.411577761578,decay
69.24,0.36756459933,0.137208477336,0.543134697799,0.13174848901,-0.230356121994,-0.411386208789,decay
69.25,0.367684129101,0.137199536945,0.542789844278,0.131740143706,-0.230484592156,-0.411049700572,decay
69.26,0.367821152395,0.137190593639,0.542298075287,0.131731520726,-0.230630558756,-0.410566554561,decay
69.27,0.367974430262,0.13718162328,0.541661512658,0.131722614678,-0.230792806982,-0.409938897979,decay
69.28,0.368142521327,0.137172593647,0.540886632594,0.131713419459,-0.23096992768,-0.409173213135,decay
69.29,0.368323841337,0.137163465478,0.539984302896,0.131703928287,-0.231160375859,-0.408280374609,decay
69.3,0.368516486007,0.137154193672,0.538969046319,0.13169413379,-0.231362292335,-0.407274912529,decay
69.31,0.368717883448,0.137144728448,0.537857718312,0.131684028145,-0.231573155,-0.406173690167,decay
69.32,0.368924587018,0.137135016462,0.536668075513,0.131673603296,-0.231789570556,-0.404994472217,decay
69.33,0.369132293882,0.137125001924,0.535417652755,0.131662851241,-0.232007291958,-0.403754801514,decay
69.34,0.369335914643,0.13711462773,0.534123129021,0.1316517644,-0.232221286914,-0.402471364621,decay
69.35,0.369529770402,0.137103836652,0.532800083522,0.131640336078,-0.23242593375,-0.401159747444,decay
69.36,0.369708069932,0.137092572566,0.531462824312,0.131628560946,-0.232615497366,-0.399834263366,decay
69.37,0.369865461701,0.137080781557,0.530124052089,0.131616435331,-0.232784680144,-0.398507616758,decay
69.38,0.369997462159,0.137068412811,0.528794485337,0.131603957146,-0.232929049348,-0.397190528191,decay
69.39,0.370100837058,0.137055419431,0.527482775386,0.131591125595,-0.233045417627,-0.39589164979,decay
69.4,0.37017389351,0.13704175936,0.526195814249,0.131577940876,-0.23313213415,-0.394617873373,decay
69.41,0.37021648495,0.13702739655,0.524939190324,0.13156440398,-0.233189088399,-0.393374786344,decay
69.42,0.370229762469,0.137012302378,0.523717487862,0.131550516599,-0.233217460091,-0.392166971263,decay
69.43,0.37021585816,0.136996457364,0.522534270326,0.131536281126,-0.233219400796,-0.3909979892,decay
69.44,0.370177486922,0.136979853217,0.521391734958,0.131521700754,-0.233197633705,-0.389870034203,decay
69.45,0.370117383044,0.136962495245,0.520290296728,0.131506779685,-0.233154887799,-0.388783517044,decay
69.46,0.370037751473,0.136944404747,0.519228589782,0.131491523385,-0.233093346727,-0.387737066397,decay
69.47,0.369939952423,0.13692562013,0.51820414519,0.131475938798,-0.233014332293,-0.386728206392,decay
69.48,0.369824372579,0.136906195771,0.517214542175,0.131460034384,-0.232918176808,-0.385754507791,decay
69.49,0.369690513484,0.136886199341,0.516258663279,0.131443820096,-0.232804314142,-0.384814843183,decay
69.5,0.369537474191,0.136865708906,0.515337724937,0.131427307386,-0.232671765285,-0.383910417551,decay
69.51,0.369364668381,0.136844810276,0.514455762351,0.131410509318,-0.232519858105,-0.383045253033,decay
69.52,0.369172455127,0.13682359461,0.513619390261,0.131393440774,-0.232348860518,-0.382225949487,decay
69.53,0.368962619263,0.136802156204,0.512836975535,0.131376118769,-0.232160463059,-0.381460856766,decay
69.54,0.368738607206,0.136780590408,0.512117561415,0.131358562861,-0.231958016798,-0.380758998554,decay
69.55,0.368505282555,0.136758991618,0.511469856372,0.131340795665,-0.231746290937,-0.380129060706,decay
69.56,0.368268301115,0.136737451413,0.5109014382,0.13132284337,-0.231530849702,-0.37957859483,decay
69.57,0.368033528221,0.13671605721,0.510418197997,0.131304735893,-0.231317471011,-0.379113462104,decay
69.58,0.367806633316,0.136694891678,0.510024058362,0.131286506432,-0.231111741638,-0.37873755193,decay
69.59,0.367592694632,0.136674032675,0.509720988045,0.131268190579,-0.230918661957,-0.378452797466,decay
69.6,0.367395896917,0.136653553232,0.509509210977,0.131249825344,-0.230742343686,-0.378259385633,decay
69.61,0.367219533172,0.136633521402,0.50938738738,0.131231448207,-0.23058601177,-0.378155939173,decay
69.62,0.367066169283,0.136613999939,0.509352544635,0.131213096196,-0.230452169344,-0.378139448438,decay
69.63,0.366937756332,0.136595045772,0.509399729024,0.131194804955,-0.23034271056,-0.37820492407,decay
69.64,0.366835713702,0.136576709264,0.509521564955,0.131176607783,-0.230259004438,-0.378344957172,decay
69.65,0.366760939832,0.136559033228,0.509707941051,0.131158534633,-0.230201906604,-0.378549406418,decay
69.66,0.366713659804,0.136542051867,0.509946017005,0.131140611131,-0.230171607937,-0.378805405874,decay
69.67,0.366693277428,0.136525790253,0.510220750819,0.131122857991,-0.230167487175,-0.379097892827,decay
69.68,0.366698396962,0.136510264807,0.510516053636,0.131105291059,-0.230188132155,-0.379410762577,decay
69.69,0.366726913349,0.136495484413,0.510816492881,0.131087921777,-0.230231428936,-0.379728571103,decay
69.7,0.366776145275,0.136481451526,0.51110925381,0.131070757705,-0.230294693749,-0.380038496105,decay
69.71,0.366843156492,0.136468163009,0.511385792142,0.13105380294,-0.230374993483,-0.380331989201,decay
69.72,0.366925150311,0.136455610698,0.511642486679,0.131037058434,-0.230469539613,-0.380605428245,decay
69.73,0.367019625611,0.136443781698,0.511880022992,0.131020522204,-0.230575843913,-0.380859500787,decay
69.74,0.367124330495,0.136432658422,0.51210198333,0.131004189447,-0.230691672073,-0.381097793883,decay
69.75,0.36723730188,0.13642221837,0.51231340825,0.130988052555,-0.23081508351,-0.381325355695,decay
69.76,0.367356983959,0.136412433788,0.512519734085,0.13097210111,-0.230944550171,-0.381547632975,decay
69.77,0.36748225215,0.136403271631,0.512726121988,0.130956322079,-0.231078980519,-0.381769799909,decay
69.78,0.367612400939,0.136394694132,0.512937065318,0.130940700383,-0.231217706807,-0.381996364935,decay
69.79,0.367747117707,0.136386659779,0.513156054002,0.130925219731,-0.231360457928,-0.382230834271,decay
69.8,0.367886277504,0.136379124273,0.513385109379,0.130909863491,-0.231507153231,-0.382475245888,decay
69.81,0.368029624278,0.136372041321,0.513624288228,0.13089461554,-0.231657582957,-0.382729672688,decay
69.82,0.368176556028,0.136365363274,0.513871406533,0.130879461077,-0.231811192754,-0.382991945456,decay
69.83,0.368325950153,0.136359041631,0.514122164328,0.130864387444,-0.231966908522,-0.383257776885,decay
69.84,0.368475919246,0.13635302742,0.514370781071,0.130849384941,-0.232122891826,-0.38352139613,decay
69.85,0.368623691554,0.136347271495,0.514611056972,0.130834447685,-0.23227642006,-0.383776609287,decay
69.86,0.368765790443,0.136341724751,0.514837428254,0.130819574374,-0.232424065692,-0.384017853881,decay
69.87,0.368898354371,0.136336338359,0.515045494272,0.130804768607,-0.232562016012,-0.384240725665,decay
69.88,0.369017435733,0.136331064031,0.51523191928,0.130790038482,-0.232686371702,-0.384441880798,decay
69.89,0.369119369421,0.136325854344,0.515394119237,0.130775395658,-0.232793515077,-0.384618723579,decay
69.9,0.369201165698,0.136320663056,0.515530140372,0.130760854295,-0.232880502642,-0.384769286077,decay
69.91,0.369260648891,0.136315445442,0.515638863307,0.130746429984,-0.232945203449,-0.384892433322,decay
69.92,0.369296347558,0.136310158633,0.515720570231,0.130732138684,-0.232986188925,-0.384988431548,decay
69.93,0.369307373916,0.136304762002,0.51577774927,0.130717995624,-0.233002611914,-0.385059753646,decay
69.94,0.369293312969,0.136299217602,0.515815754721,0.130704014175,-0.232994095367,-0.385111740546,decay
69.95,0.369254095082,0.136293490666,0.515842989658,0.13069020464,-0.232960604417,-0.385152785017,decay
69.96,0.369189965466,0.136287550135,0.515870477358,0.130676573117,-0.232902415331,-0.385193904241,decay
69.97,0.369101528125,0.136281369002,0.515910756411,0.130663120844,-0.232820159123,-0.385247635567,decay
69.98,0.368989730324,0.136274924329,0.515976197478,0.130649844387,-0.232714805995,-0.38532635309,decay
69.99,0.368855847598,0.136268197063,0.516077128477,0.130636736392,-0.232587650535,-0.385440392085,decay
70,0.368701556726,0.136261171892,0.516220303911,0.130623786445,-0.232440384834,-0.385596517466,decay
