time_after_pulse_ms,comparison_channel,reference_normalized,simulation_normalized,residual,region
0,left,0.401826212093,0.0037327025853,-0.398093509508,rise
0.01,left,0.404656076826,0.00379453759595,-0.40086153923,rise
0.02,left,0.407421963803,0.00386277400536,-0.403559189798,rise
0.03,left,0.410124869749,0.00393804225242,-0.406186827496,rise
0.04,left,0.412771821372,0.00402097117809,-0.408750850194,rise
0.05,left,0.415375524245,0.00411210868021,-0.411263415565,rise
0.06,left,0.417953178627,0.00421183810665,-0.413741340521,rise
0.07,left,0.420525278452,0.0043203685644,-0.416204909888,rise
0.08,left,0.423114299792,0.00443780175696,-0.418676498035,rise
0.09,left,0.425743133213,0.00456422093622,-0.421178912277,rise
0.1,left,0.428433447989,0.00469976948619,-0.423733678503,rise
0.11,left,0.431203759402,0.00484471357563,-0.426359045826,rise
0.12,left,0.434067120962,0.00499949133355,-0.429067629629,rise
0.13,left,0.437029351237,0.00516474903568,-0.431864602202,rise
0.14,left,0.440088637389,0.00534136551058,-0.434747271878,rise
0.15,left,0.443236394985,0.00553047339437,-0.437705921591,rise
0.16,left,0.446459088234,0.00573348298899,-0.440725605246,rise
0.17,left,0.449740837264,0.00595210392423,-0.44378873334,rise
0.18,left,0.453066004789,0.0061883578644,-0.446877646925,rise
0.19,left,0.456420729405,0.00644458264704,-0.449976146758,rise
0.2,left,0.459793370247,0.00672343252785,-0.453069937719,rise
0.21,left,0.463174359458,0.00702787467398,-0.456146484785,rise
0.22,left,0.466555434901,0.00736117800313,-0.459194256898,rise
0.23,left,0.469928433578,0.00772689349299,-0.462201540085,rise
0.24,left,0.473284523248,0.00812882934039,-0.465155693908,rise
0.25,left,0.476614228403,0.0085710260247,-0.468043202379,rise
0.26,left,0.479907844747,0.0090577343642,-0.470850110383,rise
0.27,left,0.483156025737,0.00959339517573,-0.473562630561,rise
0.28,left,0.486350355681,0.0101826182503,-0.47616773743,rise
0.29,left,0.489483343265,0.0108301585596,-0.478653184705,rise
0.3,left,0.49254771076,0.0115408857578,-0.481006825003,rise
0.31,left,0.495535680909,0.0123197462299,-0.483215934679,rise
0.32,left,0.498438695776,0.0131717238578,-0.485266971918,rise
0.33,left,0.501247367872,0.0141018061388,-0.487145561733,rise
0.34,left,0.503951855124,0.0151149548116,-0.488836900313,rise
0.35,left,0.506543111618,0.0162160740771,-0.490327037541,rise
0.36,left,0.509014536314,0.0174099728486,-0.491604563466,rise
0.37,left,0.511363245116,0.01870132545,-0.492661919666,rise
0.38,left,0.513591093666,0.0200946366329,-0.493496457033,rise
0.39,left,0.515705538127,0.0215942117534,-0.494111326373,rise
0.4,left,0.517719790715,0.0232041307284,-0.494515659987,rise
0.41,left,0.519652108542,0.0249282245299,-0.494723884012,rise
0.42,left,0.521524278702,0.0267700525607,-0.494754226141,rise
0.43,left,0.523359151422,0.0287328809677,-0.494626270454,rise
0.44,left,0.525177775482,0.030819662835,-0.494358112647,rise
0.45,left,0.526997394972,0.0330330203455,-0.493964374627,rise
0.46,left,0.528830869133,0.0353752296297,-0.493455639503,rise
0.47,left,0.5306869806,0.0378482103511,-0.492838770249,rise
0.48,left,0.532571077342,0.0404535221611,-0.49211755518,rise
0.49,left,0.534485964585,0.0431923671198,-0.491293597465,rise
0.5,left,0.536432742586,0.0460655947091,-0.490367147877,rise
0.51,left,0.538411137879,0.0490737078366,-0.489337430042,rise
0.52,left,0.54041952313,0.0522168691431,-0.488202653987,rise
0.53,left,0.542454942897,0.0554949052831,-0.486960037614,rise
0.54,left,0.544512899611,0.0589073088686,-0.485605590742,rise
0.55,left,0.546587002794,0.0624532427789,-0.484133760015,rise
0.56,left,0.548669216615,0.0661315514848,-0.482537665131,rise
0.57,left,0.55075072535,0.0699407792823,-0.480809946068,rise
0.58,left,0.552822594373,0.0738791910637,-0.478943403309,rise
0.59,left,0.55487602799,0.0779447912859,-0.476931236705,rise
0.6,left,0.556902744586,0.0821353429896,-0.474767401596,rise
0.61,left,0.558895519454,0.0864483895517,-0.472447129902,rise
0.62,left,0.560848638334,0.0908812738233,-0.469967364511,rise
0.63,left,0.562758418532,0.0954311508236,-0.467327267708,rise
0.64,left,0.564623729784,0.100094998856,-0.464528730928,rise
0.65,left,0.566445974709,0.104869632505,-0.461576342204,rise
0.66,left,0.56822861329,0.109751716273,-0.458476897016,rise
0.67,left,0.569976801081,0.11473777742,-0.455239023661,rise
0.68,left,0.571696986651,0.119824218643,-0.451872768008,rise
0.69,left,0.57339612255,0.125007333681,-0.448388788869,rise
0.7,left,0.57508094763,0.130283326017,-0.444797621614,rise
0.71,left,0.576757757242,0.135648328333,-0.441109428909,rise
0.72,left,0.578432353136,0.141098422589,-0.437333930547,rise
0.73,left,0.58010998762,0.146629659008,-0.433480328612,rise
0.74,left,0.581795447503,0.152238071815,-0.429557375688,rise
0.75,left,0.583493003144,0.157919692781,-0.425573310363,rise
0.76,left,0.585205868507,0.163670562085,-0.421535306422,rise
0.77,left,0.586935648525,0.169486734969,-0.417448913557,rise
0.78,left,0.5886823559,0.175364286731,-0.413318069169,rise
0.79,left,0.590444581629,0.181299320129,-0.4091452615,rise
0.8,left,0.592219476885,0.187287974998,-0.404931501888,rise
0.81,left,0.594003187182,0.193326437583,-0.4006767496,rise
0.82,left,0.595792119671,0.199410949612,-0.396381170059,rise
0.83,left,0.597584613798,0.205537817132,-0.392046796667,rise
0.84,left,0.599382514333,0.211703417484,-0.387679096849,rise
0.85,left,0.601192115641,0.217904204715,-0.383287910926,rise
0.86,left,0.603023745058,0.224136715194,-0.378887029864,rise
0.87,left,0.604889956131,0.230397571158,-0.374492384973,rise
0.88,left,0.606803476722,0.236683476985,-0.370119999737,rise
0.89,left,0.608775763895,0.242991210951,-0.365784552944,rise
0.9,left,0.610815822662,0.249317621544,-0.361498201118,rise
0.91,left,0.612929041683,0.2556596307,-0.357269410983,rise
0.92,left,0.61511656761,0.262014239655,-0.353102327955,rise
0.93,left,0.617375312495,0.268378534947,-0.348996777549,rise
0.94,left,0.619698199673,0.274749695703,-0.344948503971,rise
0.95,left,0.622074871123,0.281125001746,-0.340949869378,rise
0.96,left,0.624493038266,0.287501837204,-0.336991201062,rise
0.97,left,0.626939950757,0.293877687053,-0.333062263704,rise
0.98,left,0.629403791222,0.30025013288,-0.329153658341,rise
0.99,left,0.631875154923,0.306616852841,-0.325258302082,rise
1,left,0.634348027987,0.312975621396,-0.321372406592,rise
1.01,left,0.636819556524,0.319324305307,-0.317495251217,rise
1.02,left,0.639288991905,0.325660860847,-0.313628131058,rise
1.03,left,0.64175649351,0.331983334734,-0.309773158777,rise
1.04,left,0.644221826585,0.338289863461,-0.305931963124,rise
1.05,left,0.646683181152,0.344578666927,-0.302104514225,rise
1.06,left,0.649136896256,0.350848036731,-0.298288859525,rise
1.07,left,0.651578156127,0.357096323379,-0.294481832748,rise
1.08,left,0.654001888351,0.363321930525,-0.290679957827,rise
1.09,left,0.656403611863,0.36952332077,-0.286880291093,rise
1.1,left,0.658780157781,0.375699028093,-0.283081129688,rise
1.11,left,0.661129578415,0.381847667351,-0.279281911064,rise
1.12,left,0.66345006064,0.387967934869,-0.275482125771,rise
1.13,left,0.665738531308,0.394058601828,-0.27167992948,rise
1.14,left,0.667989426126,0.40011850598,-0.267870920146,rise
1.15,left,0.670193934401,0.4061465456,-0.2640473888,rise
1.16,left,0.67234032889,0.412141676021,-0.260198652869,rise
1.17,left,0.674415465655,0.418102905272,-0.256312560383,rise
1.18,left,0.67640655086,0.424029286514,-0.252377264347,rise
1.19,left,0.678302416917,0.429919911373,-0.248382505544,rise
1.2,left,0.680094458056,0.435773910002,-0.244320548054,rise
1.21,left,0.681777271094,0.441590458627,-0.240186812467,rise
1.22,left,0.683348520656,0.447368789334,-0.235979731323,rise
1.23,left,0.684808246397,0.453108195491,-0.231700050906,rise
1.24,left,0.686158447062,0.458808032932,-0.22735041413,rise
1.25,left,0.687402998165,0.464467722918,-0.222935275247,rise
1.26,left,0.688547471886,0.470086759253,-0.218460712633,rise
1.27,left,0.689598918771,0.475664714766,-0.213934204005,rise
1.28,left,0.690565620441,0.481201241322,-0.209364379119,rise
1.29,left,0.69145648371,0.486696062268,-0.204760421442,rise
1.3,left,0.692280317971,0.492148959448,-0.200131358523,rise
1.31,left,0.693045637234,0.497559756653,-0.195485880582,rise
1.32,left,0.693760932142,0.502928303229,-0.190832628913,rise
1.33,left,0.694434970434,0.508254463965,-0.186180506469,rise
1.34,left,0.695077283408,0.513538117244,-0.181539166163,rise
1.35,left,0.695698963547,0.518779156769,-0.176919806778,rise
1.36,left,0.696312994719,0.523977491545,-0.172335503174,rise
1.37,left,0.696933575057,0.529133042969,-0.167800532088,rise
1.38,left,0.69757489749,0.534245741561,-0.16332915593,rise
1.39,left,0.698249752484,0.539315525592,-0.158934226892,rise
1.4,left,0.698967997777,0.544342340708,-0.154625657069,rise
1.41,left,0.699735318559,0.549326140694,-0.150409177864,rise
1.42,left,0.700552608138,0.554266892062,-0.146285716076,rise
1.43,left,0.701415810042,0.559164580123,-0.142251229919,rise
1.44,left,0.702316366727,0.564019210617,-0.138297156109,rise
1.45,left,0.703242754841,0.5688308084,-0.134411946441,rise
1.46,left,0.704182732,0.573599419707,-0.130583312293,rise
1.47,left,0.705125150183,0.578325116528,-0.126800033655,rise
1.48,left,0.706060994178,0.583007994038,-0.123053000139,rise
1.49,left,0.706984079776,0.587648160369,-0.119335919407,rise
1.5,left,0.707891255977,0.592245729129,-0.115645526848,rise
1.51,left,0.708781939858,0.596800820779,-0.111981119079,rise
1.52,left,0.7096578016,0.601313570005,-0.108344231595,rise
1.53,left,0.710523066703,0.605784132821,-0.104738933883,rise
1.54,left,0.711384777704,0.610212686758,-0.101172090946,rise
1.55,left,0.712252645222,0.614599422917,-0.0976532223047,rise
1.56,left,0.713138702502,0.61894453466,-0.094194167842,rise
1.57,left,0.714056621781,0.623248208114,-0.0908084136668,rise
1.58,left,0.715020537784,0.627510617844,-0.08750991994,rise
1.59,left,0.716043814163,0.631731928484,-0.0843118856792,rise
1.6,left,0.717138032696,0.635912300515,-0.0812257321811,rise
1.61,left,0.718311911269,0.640051897611,-0.0782600136585,rise
1.62,left,0.719570313795,0.644150893998,-0.0754194197962,rise
1.63,left,0.720914087808,0.64820948094,-0.072704606868,rise
1.64,left,0.722340690784,0.652227870804,-0.0701128199809,rise
1.65,left,0.723844938691,0.656206297614,-0.0676386410773,rise
1.66,left,0.725419903319,0.660145014889,-0.0652748884304,rise
1.67,left,0.727058135857,0.664044292122,-0.0630138437352,rise
1.68,left,0.728752533422,0.667904409418,-0.0608481240039,rise
1.69,left,0.730496328873,0.671725648676,-0.0587706801966,rise
1.7,left,0.732282599906,0.675508283702,-0.0567743162034,rise
1.71,left,0.734103699893,0.679252575212,-0.0548511246813,rise
1.72,left,0.73595075112,0.682958772492,-0.0529919786284,rise
1.73,left,0.737813581704,0.686627116509,-0.0511864651943,rise
1.74,left,0.739681332816,0.69025783995,-0.0494234928663,rise
1.75,left,0.741543199011,0.693851167103,-0.0476920319081,rise
1.76,left,0.743388752604,0.697407316674,-0.0459814359297,rise
1.77,left,0.745208183956,0.700926505673,-0.0442816782833,rise
1.78,left,0.746992654203,0.704408954023,-0.0425837001801,rise
1.79,left,0.748734120525,0.707854890099,-0.0408792304266,rise
1.8,left,0.750424647516,0.711264554745,-0.0391600927708,rise
1.81,left,0.752056076174,0.714638203229,-0.0374178729457,rise
1.82,left,0.75362018109,0.717976107412,-0.035644073678,rise
1.83,left,0.75510886259,0.721278559872,-0.0338303027182,rise
1.84,left,0.756514315556,0.724545878345,-0.0319684372112,rise
1.85,left,0.757829088054,0.727778406809,-0.0300506812445,rise
1.86,left,0.75904572278,0.730976513767,-0.0280692090133,rise
1.87,left,0.760156259265,0.734140590161,-0.0260156691046,rise
1.88,left,0.761152217671,0.737271043026,-0.0238811746443,rise
1.89,left,0.762024960263,0.74036828194,-0.0216566783228,rise
1.9,left,0.762766086305,0.743432704682,-0.0193333816223,rise
1.91,left,0.763368291277,0.746464690349,-0.0169036009278,rise
1.92,left,0.763827051245,0.749464602362,-0.0143624488825,rise
1.93,left,0.76414242124,0.752432796054,-0.0117096251859,rise
1.94,left,0.764320202455,0.755369621234,-0.00895058122071,rise
1.95,left,0.764372588211,0.758275416892,-0.00609717131876,rise
1.96,left,0.764318311507,0.761150504866,-0.00316780664161,rise
1.97,left,0.76418191308,0.763995188971,-0.000186724109215,rise
1.98,left,0.763992163044,0.766809759003,0.0028175959592,rise
1.99,left,0.763779844476,0.769594497247,0.00581465277085,rise
2,left,0.763574934247,0.772349686992,0.00877475274503,rise
2.01,left,0.763403776805,0.775075618811,0.0116718420058,rise
2.02,left,0.763287311587,0.777772589855,0.014485278268,rise
2.03,left,0.763240720889,0.780440898709,0.0172001778195,rise
2.04,left,0.763274078927,0.783080841745,0.019806762819,rise
2.05,left,0.763393740822,0.78569271422,0.0222989733985,rise
2.06,left,0.763604307817,0.788276814396,0.024672506579,rise
2.07,left,0.763910310701,0.790833446295,0.026923135594,rise
2.08,left,0.764316812806,0.793362917082,0.0290461042762,rise
2.09,left,0.764829201569,0.795865529012,0.0310363274433,rise
2.1,left,0.765452516192,0.798341571759,0.032889055567,rise
2.11,left,0.766190250181,0.800791318685,0.0346010685044,rise
2.12,left,0.767043129758,0.80321502461,0.0361718948518,rise
2.13,left,0.768008510033,0.805612922369,0.0376044123358,rise
2.14,left,0.76908009751,0.807985218582,0.0389051210724,rise
2.15,left,0.770247586753,0.810332092967,0.0400845062144,rise
2.16,left,0.771496728211,0.812653704226,0.0411569760143,rise
2.17,left,0.772810281631,0.814950199357,0.0421399177254,rise
2.18,left,0.774169317266,0.817221722761,0.0430524054948,rise
2.19,left,0.775554481277,0.819468425419,0.0439139441419,rise
2.2,left,0.776947644454,0.821690474034,0.0447428295799,rise
2.21,left,0.778333887626,0.823888057563,0.0455541699371,rise
2.22,left,0.779703134246,0.826061388846,0.0463582545996,rise
2.23,left,0.781051318791,0.828210700786,0.047159381995,rise
2.24,left,0.782381055585,0.830336238166,0.0479551825804,rise
2.25,left,0.783700995635,0.83243824674,0.0487372511052,rise
2.26,left,0.785023600046,0.834516962736,0.04949336269,rise
2.27,left,0.786362328082,0.836572607443,0.0502102793607,rise
2.28,left,0.787729157194,0.838605388075,0.0508762308808,rise
2.29,left,0.789132653151,0.840615501194,0.0514828480425,rise
2.3,left,0.790576768087,0.842603136751,0.0520263686643,rise
2.31,left,0.792060359438,0.844568485044,0.0525081256056,rise
2.32,left,0.793576857775,0.846511746159,0.052934888384,rise
2.33,left,0.795113994062,0.848433137756,0.0533191436938,rise
2.34,left,0.796654548559,0.850332898979,0.0536783504199,rise
2.35,left,0.798178594032,0.852211291043,0.0540326970107,rise
2.36,left,0.799666350419,0.854068595034,0.0544022446155,rise
2.37,left,0.801100757181,0.855905107048,0.0548043498674,rise
2.38,left,0.802469435678,0.857721130591,0.0552516949135,rise
2.39,left,0.803765471076,0.859516965168,0.0557514940917,rise
2.4,left,0.804986719391,0.861292891898,0.0563061725065,rise
2.41,left,0.806134405155,0.863049162347,0.0569147571913,rise
2.42,left,0.807211861458,0.86478599536,0.0575741339024,rise
2.43,left,0.808223666859,0.866503578634,0.0582799117755,rise
2.44,left,0.80917539007,0.868202071342,0.0590266812716,rise
2.45,left,0.810073951345,0.869881609698,0.0598076583533,rise
2.46,left,0.810927752658,0.871542315657,0.0606145629994,rise
2.47,left,0.811745745968,0.873184305352,0.0614385593837,rise
2.48,left,0.812535979114,0.874807696138,0.0622717170237,rise
2.49,left,0.81330467172,0.876412612433,0.0631079407139,rise
2.5,left,0.8140558679,0.877999189539,0.0639433216391,rise
2.51,left,0.814791426292,0.879567576354,0.0647761500623,rise
2.52,left,0.815511599812,0.881117939002,0.0656063391893,rise
2.53,left,0.816215932067,0.882650463527,0.0664345314599,rise
2.54,left,0.816903808397,0.884165354296,0.0672615458991,rise
2.55,left,0.817574945033,0.88566282968,0.0680878846469,rise
2.56,left,0.818230380608,0.887143118258,0.0689127376508,rise
2.57,left,0.818873556108,0.888606453689,0.0697328975811,rise
2.58,left,0.819510845087,0.890053066832,0.0705422217442,rise
2.59,left,0.820151471169,0.891483180127,0.0713317089578,rise
2.6,left,0.820806711358,0.892897006827,0.0720902954688,rise
2.61,left,0.82148818716,0.894294751708,0.0728065645487,rise
2.62,left,0.822205763058,0.895676612026,0.0734708489684,rise
2.63,left,0.822965903667,0.897042777677,0.0740768740097,rise
2.64,left,0.823770538671,0.898393427836,0.0746228891649,rise
2.65,left,0.824616359637,0.899728726689,0.0751123670516,rise
2.66,left,0.825495290751,0.901048822249,0.0755535314977,rise
2.67,left,0.826396289602,0.902353846824,0.0759575572223,rise
2.68,left,0.827307437949,0.903643917549,0.0763364796001,rise
2.69,left,0.828217731407,0.904919139404,0.0767014079973,rise
2.7,left,0.829118669722,0.906179612803,0.0770609430805,rise
2.71,left,0.830005358516,0.907425442079,0.0774200835624,rise
2.72,left,0.830876740619,0.908656738907,0.0777799982881,rise
2.73,left,0.831735243551,0.909873619106,0.0781383755547,rise
2.74,left,0.8325862041,0.911076195037,0.0784899909364,rise
2.75,left,0.833436870148,0.912264567687,0.0788276975386,rise
2.76,left,0.834295061275,0.913438823522,0.0791437622473,rise
2.77,left,0.835168134234,0.914599038791,0.0794309045568,rise
2.78,left,0.836062192791,0.915745288336,0.0796830955445,rise
2.79,left,0.836980893739,0.916877653852,0.0798967601136,rise
2.8,left,0.837924145651,0.917996231394,0.0800720857428,rise
2.81,left,0.83888760157,0.919101139239,0.0802135376698,rise
2.82,left,0.839863177054,0.920192520687,0.0803293436336,rise
2.83,left,0.840840539518,0.921270536112,0.0804299965944,rise
2.84,left,0.841809538014,0.92233534825,0.0805258102357,rise
2.85,left,0.842762698808,0.923387109656,0.0806244108475,rise
2.86,left,0.84369648349,0.924425958545,0.080729475055,rise
2.87,left,0.844611077807,0.925452024687,0.0808409468807,rise
2.88,left,0.84550925809,0.926465439122,0.0809561810322,rise
2.89,left,0.846394521632,0.927466339576,0.081071817944,rise
2.9,left,0.847268866326,0.928454871814,0.0811860054884,rise
2.91,left,0.848131317578,0.929431190355,0.0812998727766,rise
2.92,left,0.848977714016,0.930395458158,0.0814177441426,rise
2.93,left,0.849801199517,0.931347843464,0.0815466439471,rise
2.94,left,0.850593176815,0.93228851356,0.0816953367458,rise
2.95,left,0.851344845103,0.93321762888,0.0818727837766,rise
2.96,left,0.852048714182,0.934135342379,0.0820866281967,rise
2.97,left,0.852699445145,0.935041802945,0.0823423577999,rise
2.98,left,0.853294244014,0.935937157627,0.0826429136135,rise
2.99,left,0.85383309056,0.936821554094,0.0829884635342,rise
3,left,0.854318588292,0.937695148214,0.0833765599213,rise
3.01,left,0.854755475494,0.938558114811,0.0838026393178,rise
3.02,left,0.855150260837,0.939410654554,0.0842603937172,rise
3.03,left,0.855510934348,0.94025299382,0.0847420594719,rise
3.04,left,0.855846282739,0.941085380006,0.0852390972674,rise
3.05,left,0.856165035707,0.941908074816,0.0857430391091,rise
3.06,left,0.856475341696,0.942721346351,0.0862460046558,rise
3.07,left,0.856784259793,0.943525459528,0.0867411997346,rise
3.08,left,0.857097004157,0.944320663803,0.0872236596454,rise
3.09,left,0.857416427326,0.945107181518,0.0876907541919,rise
3.1,left,0.857742824509,0.945885203223,0.0881423787138,rise
3.11,left,0.858073709951,0.946654891728,0.0885811817771,rise
3.12,left,0.858403885742,0.947416390427,0.0890125046857,rise
3.13,left,0.858726199177,0.948169830473,0.0894436312961,rise
3.14,left,0.859032670911,0.948915334327,0.0898826634162,rise
3.15,left,0.859315809257,0.949653014964,0.0903372057079,rise
3.16,left,0.85957024604,0.950382971409,0.0908127253687,rise
3.17,left,0.859794080801,0.951105284498,0.0913112036973,rise
3.18,left,0.859988941736,0.951820016352,0.0918310746161,rise
3.19,left,0.860158884524,0.95252721231,0.0923683277867,rise
3.2,left,0.860309005732,0.953226901414,0.0929178956822,rise
3.21,left,0.860443938037,0.953919094729,0.0934751566923,rise
3.22,left,0.860566181135,0.954603787115,0.0940376059802,rise
3.23,left,0.860675085998,0.955280965237,0.0946058792384,rise
3.24,left,0.86076706038,0.955950614817,0.0951835544368,rise
3.25,left,0.860836435519,0.956612721189,0.09577628567,rise
3.26,left,0.860876452291,0.957267266287,0.0963908139962,rise
3.27,left,0.860880200616,0.957914227907,0.0970340272912,rise
3.28,left,0.860841134264,0.958553583598,0.0977124493336,rise
3.29,left,0.860753149805,0.959185317649,0.0984321678436,rise
3.3,left,0.860610929789,0.959809427638,0.0991984978493,rise
3.31,left,0.860410789564,0.96042592651,0.100015136946,rise
3.32,left,0.860151338115,0.961034837546,0.100883499431,rise
3.33,left,0.859833626227,0.961636185008,0.101802558781,rise
3.34,left,0.859461355121,0.962229987563,0.102768632442,rise
3.35,left,0.85904130354,0.96281625804,0.1037749545,rise
3.36,left,0.858583380444,0.963395006979,0.104811626535,rise
3.37,left,0.858100203833,0.963966247062,0.105866043229,rise
3.38,left,0.857606450116,0.964529996862,0.106923546747,rise
3.39,left,0.857117819728,0.965086282009,0.107968462281,rise
3.4,left,0.856649859569,0.965635135038,0.10898527547,rise
3.41,left,0.856217338114,0.966176597194,0.10995925908,rise
3.42,left,0.855834053799,0.966710721704,0.110876667905,rise
3.43,left,0.855512330411,0.967237575981,0.11172524557,rise
3.44,left,0.855262138795,0.967757241049,0.112495102254,rise
3.45,left,0.855090334985,0.968269808303,0.113179473318,rise
3.46,left,0.855000148138,0.968775376385,0.113775228247,rise
3.47,left,0.854991105664,0.96927405009,0.114282944425,rise
3.48,left,0.855059957001,0.969765940043,0.114705983041,rise
3.49,left,0.855202343068,0.970251162466,0.115048819398,rise
3.5,left,0.855413991992,0.97072983996,0.115315847968,rise
3.51,left,0.855690961001,0.971202103025,0.115511142024,rise
3.52,left,0.856029485769,0.971668092231,0.115638606461,rise
3.53,left,0.856425710487,0.972127961409,0.115702250923,rise
3.54,left,0.856875337616,0.97258187869,0.115706541073,rise
3.55,left,0.857373594215,0.973030022615,0.1156564284,rise
3.56,left,0.85791551537,0.973472576561,0.115557061191,rise
3.57,left,0.858496015178,0.973909723549,0.115413708371,rise
3.58,left,0.859109740576,0.974341639468,0.115231898892,rise
3.59,left,0.859751178881,0.974768485065,0.115017306183,rise
3.6,left,0.860414930526,0.975190399085,0.114775468559,rise
3.61,left,0.861095666707,0.975607494425,0.114511827718,rise
3.62,left,0.861787941689,0.976019859147,0.114231917458,rise
3.63,left,0.862486280702,0.976427562897,0.113941282195,rise
3.64,left,0.863185236294,0.976830666181,0.113645429888,rise
3.65,left,0.86387918302,0.977229226945,0.113350043925,rise
3.66,left,0.864562496513,0.977623300283,0.11306080377,rise
3.67,left,0.865230424024,0.978012934237,0.112782510213,rise
3.68,left,0.865880070004,0.97839816799,0.112518097986,rise
3.69,left,0.866511154237,0.978779033369,0.112267879133,rise
3.7,left,0.867126428474,0.979155556632,0.112029128158,rise
3.71,left,0.867731356767,0.979527759239,0.111796402472,rise
3.72,left,0.868333117119,0.97989565753,0.11156254041,rise
3.73,left,0.868939618709,0.980259261635,0.111319642926,rise
3.74,left,0.869558735674,0.980618574735,0.111059839061,rise
3.75,left,0.870197299679,0.980973592057,0.110776292378,rise
3.76,left,0.870859960208,0.981324299231,0.110464339023,rise
3.77,left,0.871548512622,0.981670672886,0.110122160264,rise
3.78,left,0.872261661084,0.982012684852,0.109751023767,rise
3.79,left,0.872995148813,0.982350309057,0.109355160244,rise
3.8,left,0.8737428496,0.982683530588,0.108940680988,rise
3.81,left,0.874498733256,0.983012353193,0.108513619937,rise
3.82,left,0.875258554325,0.983336800106,0.108078245781,rise
3.83,left,0.876020637229,0.983656908287,0.107636271058,rise
3.84,left,0.876785834694,0.983972720114,0.107186885421,rise
3.85,left,0.877556525376,0.984284276367,0.106727750991,rise
3.86,left,0.878334838955,0.984591613448,0.106256774492,rise
3.87,left,0.879121150573,0.98489476544,0.105773614867,rise
3.88,left,0.879913573936,0.985193768266,0.105280194329,rise
3.89,left,0.880708106948,0.985488664152,0.104780557204,rise
3.9,left,0.881499073438,0.985779506344,0.104280432906,rise
3.91,left,0.882280016877,0.986066360608,0.10378634373,rise
3.92,left,0.883044751715,0.986349300786,0.103304549071,rise
3.93,left,0.883787928508,0.986628402096,0.102840473588,rise
3.94,left,0.884505193751,0.986903735526,0.102398541775,rise
3.95,left,0.885193328577,0.987175362826,0.101982034249,rise
3.96,left,0.885850355536,0.987443332285,0.101592976749,rise
3.97,left,0.886475841305,0.9877076777,0.101231836395,rise
3.98,left,0.887071710486,0.987968420813,0.100896710326,rise
3.99,left,0.887642921423,0.988225571773,0.10058265035,rise
4,left,0.888197000025,0.988479124061,0.100282124036,rise
4.01,left,0.888742451186,0.988729049528,0.0999865983411,rise
4.02,left,0.889286880073,0.988975300463,0.0996884203906,rise
4.03,left,0.889835453523,0.98921781652,0.0993823629972,rise
4.04,left,0.890390105017,0.989456528911,0.0990664238938,rise
4.05,left,0.89094994123,0.989691361642,0.0987414204116,rise
4.06,left,0.891512715238,0.989922235802,0.0984095205635,rise
4.07,left,0.892076481325,0.990149075512,0.0980725941873,rise
4.08,left,0.892640824167,0.990371809888,0.0977309857211,rise
4.09,left,0.893207485125,0.990590373776,0.0973828886507,rise
4.1,left,0.893779987076,0.990804712294,0.0970247252185,rise
4.11,left,0.894362216262,0.991014788028,0.0966525717664,rise
4.12,left,0.894956790078,0.991220589037,0.0962637989582,rise
4.13,left,0.895563803832,0.991422137531,0.0958583336993,rise
4.14,left,0.89617987268,0.991619497242,0.0954396245617,rise
4.15,left,0.896797664901,0.991812774939,0.0950151100376,rise
4.16,left,0.897406412968,0.992002112688,0.0945956997197,rise
4.17,left,0.897993179949,0.992187673648,0.0941944936987,rise
4.18,left,0.898544122122,0.992369628581,0.0938255064597,rise
4.19,left,0.899045559729,0.992548147798,0.0935025880685,rise
4.2,left,0.899484960717,0.992723397811,0.0932384370934,rise
4.21,left,0.899851440921,0.992895539656,0.0930440987352,rise
4.22,left,0.900135777635,0.993064727568,0.0929289499332,rise
4.23,left,0.900330742401,0.993231107862,0.0929003654618,rise
4.24,left,0.900431823979,0.993394817503,0.0929629935242,rise
4.25,left,0.900437530714,0.993555981388,0.0931184506747,rise
4.26,left,0.900349109152,0.993714707128,0.0933655979758,rise
4.27,left,0.900170062221,0.993871079314,0.0937010170936,rise
4.28,left,0.899905508365,0.994025157904,0.0941196495386,rise
4.29,left,0.899561455141,0.994176980491,0.0946155253502,rise
4.3,left,0.899144390065,0.994326565088,0.0951821750237,rise
4.31,left,0.898661237102,0.994473913589,0.0958126764866,rise
4.32,left,0.898119282067,0.994619017276,0.0964997352098,rise
4.33,left,0.897526204874,0.994761862528,0.0972356576544,rise
4.34,left,0.896890717361,0.994902434946,0.0980117175852,rise
4.35,left,0.896223349976,0.995040723139,0.0988173731631,rise
4.36,left,0.895536538317,0.995176721622,0.0996401833051,rise
4.37,left,0.894844127989,0.99531043025,0.100466302261,rise
4.38,left,0.89416061077,0.995441851616,0.101281240847,rise
4.39,left,0.893499907565,0.995570989856,0.102071082291,rise
4.4,left,0.892873971086,0.995697850634,0.102823879548,rise
4.41,left,0.892291865884,0.995822440056,0.103530574172,rise
4.42,left,0.891759413841,0.99594476256,0.104185348719,rise
4.43,left,0.891279390223,0.996064820379,0.104785430156,rise
4.44,left,0.890852645203,0.996182616257,0.105329971054,rise
4.45,left,0.890479893127,0.996298158524,0.105818265396,rise
4.46,left,0.890162943946,0.996411466079,0.106248522133,rise
4.47,left,0.88990460021,0.99652257089,0.10661797068,rise
4.48,left,0.88970761896,0.996631517496,0.106923898536,rise
4.49,left,0.889573369409,0.996738360991,0.107164991582,rise
4.5,left,0.889500558935,0.996843164901,0.107342605966,rise
4.51,left,0.88948469714,0.996945999822,0.107461302683,rise
4.52,left,0.889518789901,0.997046941441,0.10752815154,rise
4.53,left,0.889594705022,0.99714606419,0.107551359168,rise
4.54,left,0.889704521428,0.997243432283,0.107538910855,rise
4.55,left,0.889841744421,0.997339095897,0.107497351476,rise
4.56,left,0.890002070053,0.997433092696,0.107431022643,rise
4.57,left,0.890183332018,0.997525448526,0.107342116508,rise
4.58,left,0.890385018656,0.997616178546,0.107231159891,rise
4.59,left,0.890607965724,0.997705291538,0.107097325814,rise
4.6,left,0.890854142745,0.997792793154,0.106938650409,rise
4.61,left,0.891126346246,0.997878684465,0.106752338219,rise
4.62,left,0.891428280498,0.997962955986,0.106534675487,rise
4.63,left,0.891765174238,0.998045582012,0.106280407774,rise
4.64,left,0.892144040672,0.998126522926,0.105982482254,rise
4.65,left,0.892572970838,0.998205735241,0.105632764402,rise
4.66,left,0.89305977841,0.998283181293,0.105223402883,rise
4.67,left,0.893610359903,0.998358832882,0.104748472979,rise
4.68,left,0.894227186162,0.998432669051,0.104205482889,rise
4.69,left,0.894908646361,0.998504673332,0.103596026971,rise
4.7,left,0.895649402629,0.998574835918,0.102925433289,rise
4.71,left,0.896441155558,0.9986431583,0.102202002742,rise
4.72,left,0.897273510095,0.998709653372,0.101436143276,rise
4.73,left,0.898135126548,0.998774339984,0.100639213436,rise
4.74,left,0.899014930994,0.998837235991,0.0998223049974,rise
4.75,left,0.899902829519,0.998898352513,0.0989955229938,rise
4.76,left,0.900789933298,0.998957690879,0.0981677575812,rise
4.77,left,0.901668511875,0.999015243028,0.0973467311527,rise
4.78,left,0.902531521224,0.999070995145,0.0965394739213,rise
4.79,left,0.903371912369,0.999124933005,0.0957530206368,rise
4.8,left,0.904182401614,0.999177046494,0.0949946448806,rise
4.81,left,0.90495571465,0.999227332833,0.0942716181833,rise
4.82,left,0.905684831278,0.999275798949,0.0935909676714,rise
4.83,left,0.906363412528,0.999322461622,0.0929590490939,rise
4.84,left,0.906986714478,0.999367344465,0.0923806299869,rise
4.85,left,0.907552603321,0.999410472813,0.0918578694915,rise
4.86,left,0.908062371959,0.99945186887,0.091389496911,rise
4.87,left,0.908521463121,0.99949154964,0.0909700865196,rise
4.88,left,0.908939680429,0.999529528327,0.0905898478983,rise
4.89,left,0.909330079486,0.999565817832,0.0902357383464,rise
4.9,left,0.90970667394,0.999600434241,0.0898937603006,rise
4.91,left,0.910082008732,0.999633398748,0.0895513900167,rise
4.92,left,0.910465248896,0.999664736916,0.08919948802,rise
4.93,left,0.910861032356,0.99969447468,0.088833442324,rise
4.94,left,0.911269594505,0.999722633978,0.0884530394732,rise
4.95,left,0.911688102002,0.999749232428,0.0880611304253,rise
4.96,left,0.912112153286,0.999774287027,0.0876621337413,rise
4.97,left,0.912536667293,0.999797819292,0.0872611519989,rise
4.98,left,0.912956034669,0.999819858255,0.0868638235866,rise
4.99,left,0.913363492851,0.999840438283,0.0864769454319,rise
5,left,0.913750103957,0.99985959526,0.0861094913027,rise
5.01,left,0.91410440565,0.999877365638,0.0857729599884,rise
5.02,left,0.914413464163,0.999893786277,0.0854803221142,rise
5.03,left,0.914664848959,0.99990889365,0.0852440446909,rise
5.04,left,0.914848633743,0.999922723961,0.0850740902181,rise
5.05,left,0.914958951452,0.999935313229,0.0849763617772,rise
5.06,left,0.914994602016,0.999946695734,0.0849520937179,rise
5.07,left,0.914958336596,0.9999569021,0.0849985655034,rise
5.08,left,0.914855391888,0.999965959323,0.0851105674346,rise
5.09,left,0.914692130998,0.99997389295,0.0852817619517,rise
5.1,left,0.914474958348,0.999980728247,0.0855057698991,rise
5.11,left,0.914209616609,0.999986488401,0.0857768717924,rise
5.12,left,0.913901268543,0.999991193587,0.0860899250437,rise
5.13,left,0.913555243836,0.999994864391,0.0864396205551,rise
5.14,left,0.913177933204,0.999997527582,0.0868195943778,rise
5.15,left,0.912777722797,0.999999221647,0.0872214988498,rise
5.16,left,0.91236586935,1,0.0876341306498,rise
5.17,left,0.91195658122,0.999999928253,0.0880433470328,rise
5.18,left,0.911565845985,0.999999075404,0.088433229419,rise
5.19,left,0.911209743165,0.999997504939,0.0887877617744,rise
5.2,left,0.910903119931,0.999995271342,0.0890921514107,rise
5.21,left,0.910658710556,0.999992421121,0.0893337105647,rise
5.22,left,0.910486780542,0.999988994305,0.0895022137635,rise
5.23,left,0.910395427488,0.999985024514,0.089589597026,rise
5.24,left,0.910390850669,0.999980538694,0.0895896880252,rise
5.25,left,0.910476950603,0.999975558206,0.0894986076036,rise
5.26,left,0.910654729703,0.999970100472,0.0893153707682,rise
5.27,left,0.910922025832,0.99996417939,0.0890421535575,rise
5.28,left,0.911273454578,0.999957805904,0.0886843513262,rise
5.29,left,0.911700609227,0.999950990425,0.0882503811977,rise
5.3,left,0.912192762344,0.999943744342,0.0877509819975,rise
5.31,left,0.912737652563,0.999936078326,0.087198425763,rise
5.32,left,0.913321723748,0.999927999355,0.0866062756068,rise
5.33,left,0.91393014735,0.999919507476,0.0859893601256,rise
5.34,left,0.914547413466,0.999910592843,0.0853631793772,rise
5.35,left,0.915158426209,0.999901235922,0.0847428097124,rise
5.36,left,0.915749645629,0.999891410656,0.0841417650272,rise
5.37,left,0.916310241652,0.999881086867,0.0835708452149,rise
5.38,left,0.916832992912,0.999870231521,0.0830372386091,rise
5.39,left,0.917314398005,0.999858810664,0.0825444126592,rise
5.4,left,0.917754122481,0.999846791217,0.0820926687363,rise
5.41,left,0.918154118827,0.99983414226,0.0816800234324,rise
5.42,left,0.918517363403,0.999820837091,0.0813034736885,rise
5.43,left,0.918846640641,0.999806855015,0.0809602143743,rise
5.44,left,0.919144319461,0.999792180811,0.0806478613506,rise
5.45,left,0.919413082473,0.999776802419,0.0803637199462,rise
5.46,left,0.919656562426,0.999760708367,0.0801041459403,rise
5.47,left,0.919879514968,0.999743886211,0.079864371243,rise
5.48,left,0.920087945052,0.999726323027,0.0796383779751,rise
5.49,left,0.920288955357,0.999708008101,0.079419052744,rise
5.5,left,0.920489791685,0.999688936017,0.079199144332,rise
5.51,left,0.920696462851,0.999669107165,0.0789726443141,rise
5.52,left,0.920912474936,0.999648524769,0.0787360498326,rise
5.53,left,0.921137749967,0.999627190158,0.0784894401911,rise
5.54,left,0.921368091412,0.999605100171,0.0782370087593,rise
5.55,left,0.921595666991,0.999582248366,0.0779865813751,rise
5.56,left,0.92181022166,0.999558625592,0.0777484039323,rise
5.57,left,0.922000499596,0.999534216816,0.0775337172208,rise
5.58,left,0.922155864953,0.999508998312,0.077353133359,rise
5.59,left,0.922267973726,0.999482940096,0.0772149663704,rise
5.6,left,0.922331793296,0.999456013672,0.077124220376,rise
5.61,left,0.9223457484,0.999428201038,0.077082452638,rise
5.62,left,0.922311616835,0.999399500479,0.0770878836448,rise
5.63,left,0.922234356782,0.999369927777,0.0771355709948,rise
5.64,left,0.922121454099,0.999339513288,0.0772180591889,rise
5.65,left,0.921981996343,0.999308295462,0.0773262991198,rise
5.66,left,0.92182592893,0.999276313001,0.0774503840707,rise
5.67,left,0.921663317424,0.999243597793,0.0775802803695,rise
5.68,left,0.921503545464,0.999210169828,0.0777066243634,rise
5.69,left,0.921354813472,0.999176037459,0.0778212239871,rise
5.7,left,0.921223765888,0.999141204241,0.0779174383533,rise
5.71,left,0.921114661479,0.999105677258,0.0779910157795,rise
5.72,left,0.921028388879,0.99906947348,0.0780410846005,rise
5.73,left,0.920962226361,0.999032624955,0.0780703985947,rise
5.74,left,0.920910433341,0.998995181995,0.0780847486539,rise
5.75,left,0.920865303362,0.998957212905,0.0780919095427,rise
5.76,left,0.920818738826,0.998918801044,0.078100062218,rise
5.77,left,0.920764092555,0.998880039378,0.0781159468224,rise
5.78,left,0.920697405788,0.998841021746,0.0781436159586,rise
5.79,left,0.920617852485,0.998801832009,0.0781839795234,rise
5.8,left,0.920527855789,0.998762534383,0.0782346785939,rise
5.81,left,0.920432716629,0.998723168001,0.0782904513714,rise
5.82,left,0.920339621304,0.998683745945,0.0783441246411,rise
5.83,left,0.920256694143,0.998644256964,0.0783875628204,rise
5.84,left,0.920192303933,0.998604669191,0.0784123652578,rise
5.85,left,0.920154054689,0.998564935985,0.078410881297,rise
5.86,left,0.920147393485,0.998525002066,0.0783776085809,rise
5.87,left,0.920174360808,0.998484808958,0.0783104481508,rise
5.88,left,0.920232701797,0.998444300796,0.0782115989982,rise
5.89,left,0.920315542189,0.998403428746,0.0780878865566,rise
5.9,left,0.920412279395,0.998362151555,0.0779498721595,rise
5.91,left,0.920510655189,0.998320433242,0.0778097780528,rise
5.92,left,0.920598707243,0.998278238694,0.0776795314513,rise
5.93,left,0.920665696655,0.998235527217,0.0775698305624,rise
5.94,left,0.920702515081,0.998192248004,0.0774897329232,rise
5.95,left,0.920702186261,0.998148341043,0.077446154782,rise
5.96,left,0.920660514402,0.998103742674,0.0774432282711,rise
5.97,left,0.920576926628,0.998058393175,0.0774814665471,rise
5.98,left,0.920455284338,0.998012243551,0.0775569592126,rise
5.99,left,0.920304014455,0.997965259611,0.0776612451558,rise
6,left,0.920135399615,0.997917422216,0.0777820226019,rise
6.01,left,0.919964535179,0.997868724948,0.0779041897686,rise
6.02,left,0.919808109615,0.997819172933,0.0780110633186,rise
6.03,left,0.919682696416,0.997768783402,0.0780860869862,rise
6.04,left,0.919602864522,0.99771758554,0.0781147210177,rise
6.05,left,0.919579862048,0.997665618506,0.0780857564586,rise
6.06,left,0.919620898176,0.997612927002,0.0779920288268,rise
6.07,left,0.919728706267,0.997559554716,0.0778308484483,rise
6.08,left,0.91990158367,0.997505539188,0.0776039555179,rise
6.09,left,0.920133894125,0.997450912378,0.0773170182528,rise
6.1,left,0.920416555136,0.997395707443,0.0769791523072,rise
6.11,left,0.920737730713,0.99733996702,0.0766022363072,rise
6.12,left,0.92108437654,0.997283745338,0.0761993687981,rise
6.13,left,0.921444355042,0.997227101428,0.0757827463858,rise
6.14,left,0.921808361124,0.997170090054,0.0753617289305,rise
6.15,left,0.922171445544,0.997112758044,0.0749413124997,rise
6.16,left,0.922533901675,0.997055146914,0.0745212452387,rise
6.17,left,0.922900798439,0.996997297913,0.0740964994737,rise
6.18,left,0.923280060415,0.996939255411,0.0736591949961,rise
6.19,left,0.923680056612,0.996881067341,0.0732010107299,rise
6.2,left,0.924107439644,0.996822782616,0.0727153429721,rise
6.21,left,0.924565403351,0.99676444472,0.0721990413691,rise
6.22,left,0.925052801582,0.99670608405,0.071653282468,rise
6.23,left,0.925564359981,0.996647715375,0.0710833553943,rise
6.24,left,0.926091392732,0.996589341773,0.0704979490411,rise
6.25,left,0.926622755257,0.996530959199,0.0699082039425,rise
6.26,left,0.92714635287,0.996472557492,0.0693262046221,rise
6.27,left,0.927650830553,0.996414119869,0.0687632893161,rise
6.28,left,0.928126649555,0.99635562426,0.0682289747056,rise
6.29,left,0.928566619917,0.996297045005,0.0677304250872,rise
6.3,left,0.928966315284,0.996238351356,0.0672720360722,rise
6.31,left,0.929324061387,0.996179505303,0.0668554439159,rise
6.32,left,0.929640182243,0.996120464948,0.0664802827049,rise
6.33,left,0.92991611235,0.996061194051,0.0661450817005,rise
6.34,left,0.930153924215,0.996001670997,0.0658477467823,rise
6.35,left,0.930356101441,0.995941890246,0.0655857888049,rise
6.36,left,0.930525651851,0.995881857459,0.0653562056083,rise
6.37,left,0.930666843537,0.99582158596,0.0651547424225,rise
6.38,left,0.930786032375,0.99576109694,0.0649750645647,rise
6.39,left,0.930891938005,0.995700418928,0.0648084809228,rise
6.4,left,0.930995483715,0.99563958373,0.0646441000149,rise
6.41,left,0.931109258893,0.995578621024,0.0644693621311,rise
6.42,left,0.931246409707,0.995517555766,0.0642711460583,rise
6.43,left,0.931419324707,0.995456410277,0.0640370855701,rise
6.44,left,0.931638612477,0.995395208813,0.0637565963359,rise
6.45,left,0.931912281684,0.995333979947,0.0634216982631,rise
6.46,left,0.932245044504,0.995272753716,0.0630277092116,rise
6.47,left,0.932638216422,0.995211555715,0.0625733392928,rise
6.48,left,0.933090427944,0.995150402759,0.0620599748143,rise
6.49,left,0.933598447768,0.995089302018,0.06149085425,rise
6.5,left,0.934157560326,0.995028252362,0.060870692036,rise
6.51,left,0.934761722745,0.994967245791,0.0602055230462,rise
6.52,left,0.935403547162,0.994906268202,0.0595027210401,rise
6.53,left,0.936074003987,0.994845299211,0.0587712952238,rise
6.54,left,0.936762456044,0.994784311181,0.0580218551367,rise
6.55,left,0.937457582736,0.994723268932,0.0572656861955,rise
6.56,left,0.938148732628,0.994662129983,0.0565133973552,rise
6.57,left,0.938827073591,0.994600842274,0.0557737686825,rise
6.58,left,0.939486505037,0.994539338625,0.0550528335877,rise
6.59,left,0.940124214988,0.99447753197,0.0543533169817,rise
6.6,left,0.940740399355,0.994415315705,0.0536749163507,rise
6.61,left,0.941337287546,0.994352568994,0.053015281448,rise
6.62,left,0.941918276023,0.994289163773,0.0523708877494,rise
6.63,left,0.942487296375,0.994224970956,0.0517376745811,rise
6.64,left,0.943048097248,0.994159865442,0.0511117681941,rise
6.65,left,0.943603702468,0.994093732152,0.0504900296835,rise
6.66,left,0.944156190815,0.994026475797,0.0498702849822,rise
6.67,left,0.944706370644,0.993958032956,0.0492516623111,rise
6.68,left,0.945253364834,0.99388838172,0.0486350168857,rise
6.69,left,0.945794564118,0.993817545764,0.0480229816463,rise
6.7,left,0.946325913111,0.993745592867,0.0474196797566,rise
6.71,left,0.946842379207,0.993672629257,0.0468302500507,rise
6.72,left,0.947338894509,0.993598790678,0.0462598961682,rise
6.73,left,0.947811660143,0.993524231779,0.0457125716364,rise
6.74,left,0.948258869893,0.993449116958,0.0451902470647,rise
6.75,left,0.94868030217,0.993373613671,0.0446933115005,rise
6.76,left,0.949076295426,0.99329788662,0.0442215911949,rise
6.77,left,0.949446612138,0.993222092243,0.0437754801045,rise
6.78,left,0.949789412795,0.993146373979,0.0433569611832,rise
6.79,left,0.950100985787,0.993070859187,0.0429698733996,rise
6.8,left,0.95037646886,0.992995659044,0.0426191901833,rise
6.81,left,0.950610701153,0.992920870485,0.0423101693318,rise
6.82,left,0.950798649989,0.992846577335,0.0420479273458,rise
6.83,left,0.950935730336,0.992772851497,0.0418371211604,rise
6.84,left,0.95101810778,0.992699756766,0.041681648986,rise
6.85,left,0.951042842999,0.992627351383,0.0415845083839,rise
6.86,left,0.951008162747,0.992555683323,0.0415475205754,rise
6.87,left,0.950913982037,0.99248478166,0.0415707996229,rise
6.88,left,0.950762087602,0.992414653423,0.0416525658212,rise
6.89,left,0.950555696779,0.992345287981,0.0417895912019,rise
6.9,left,0.95029910982,0.992276662791,0.0419775529712,rise
6.91,left,0.949997878949,0.992208747128,0.0422108681795,rise
6.92,left,0.949658939367,0.99214150451,0.0424825651431,rise
6.93,left,0.949290554975,0.992074892858,0.0427843378828,rise
6.94,left,0.948902534006,0.992008862369,0.0431063283623,rise
6.95,left,0.948506427102,0.991943354161,0.043436927059,rise
6.96,left,0.948115194406,0.991878301436,0.0437631070293,rise
6.97,left,0.947742587018,0.991813632295,0.0440710452768,rise
6.98,left,0.94740237772,0.991749273438,0.0443468957188,rise
6.99,left,0.947107263384,0.991685154069,0.0445778906848,rise
7,left,0.946867798606,0.991621207724,0.0447534091189,rise
7.01,left,0.946691840579,0.991557371487,0.0448655309076,rise
7.02,left,0.946584268447,0.991493584814,0.0449093163671,rise
7.03,left,0.946546604489,0.991429788836,0.044883184347,rise
7.04,left,0.946576853918,0.991365927167,0.0447890732486,rise
7.05,left,0.9466698773,0.991301948894,0.0446320715935,rise
7.06,left,0.946817900527,0.991237810136,0.0444199096088,rise
7.07,left,0.947010925196,0.991173472412,0.0441625472163,rise
7.08,left,0.947237421075,0.991108900361,0.0438714792864,rise
7.09,left,0.947485349316,0.991044059496,0.0435587101799,rise
7.1,left,0.947743218516,0.990978913925,0.0432356954089,rise
7.11,left,0.948001313057,0.990913425445,0.0429121123877,rise
7.12,left,0.948252982151,0.99084755451,0.0425945723586,rise
7.13,left,0.948495110897,0.990781262386,0.0422861514891,rise
7.14,left,0.94872735988,0.990714512084,0.0419871522041,rise
7.15,left,0.948950760757,0.990647267044,0.0416965062865,rise
7.16,left,0.949166202107,0.990579490095,0.0414132879879,rise
7.17,left,0.949372922327,0.990511144654,0.041138222327,rise
7.18,left,0.949567598261,0.990442198609,0.0408746003486,rise
7.19,left,0.949744832354,0.990372629128,0.0406277967733,rise
7.2,left,0.949898652485,0.990302424149,0.0404037716643,rise
7.21,left,0.950023985978,0.990231578101,0.0402075921234,rise
7.22,left,0.950117808603,0.990160082434,0.040042273831,rise
7.23,left,0.950179769619,0.990087915916,0.0399081462974,rise
7.24,left,0.950211733026,0.990015042266,0.0398033092406,rise
7.25,left,0.950216453223,0.98994141497,0.0397249617477,rise
7.26,left,0.950196265227,0.989866981275,0.0396707160477,rise
7.27,left,0.950152070924,0.989791682085,0.0396396111618,rise
7.28,left,0.950082527326,0.989715452086,0.0396329247604,rise
7.29,left,0.94998374071,0.989638224044,0.039654483334,rise
7.3,left,0.949849638248,0.989559937755,0.0397102995077,rise
7.31,left,0.949672537999,0.989480551135,0.0398080131363,rise
7.32,left,0.949443723533,0.989400048948,0.0399563254155,rise
7.33,left,0.949154569465,0.989318447087,0.0401638776219,rise
7.34,left,0.948798273016,0.989235793232,0.0404375202166,rise
7.35,left,0.94837147457,0.989152164009,0.0407806894393,rise
7.36,left,0.94787538601,0.989067659239,0.0411922732297,rise
7.37,left,0.947316339803,0.988982395105,0.0416660553016,rise
7.38,left,0.946705400996,0.988896496726,0.0421910957306,rise
7.39,left,0.946057111861,0.988810090594,0.0427529787335,rise
7.4,left,0.945388128364,0.988723299273,0.0433351709087,rise
7.41,left,0.944716103613,0.988636239739,0.0439201361262,rise
7.42,left,0.944058690828,0.988549023429,0.044490332601,rise
7.43,left,0.943432842894,0.98846175567,0.0450289127762,rise
7.44,left,0.942854470442,0.988374535539,0.0455200650967,rise
7.45,left,0.942337906535,0.988287457949,0.0459495514142,rise
7.46,left,0.941894926044,0.988200616368,0.0463056903235,rise
7.47,left,0.941533941532,0.988114102686,0.046580161154,rise
7.48,left,0.941259691021,0.988028002626,0.0467683116053,rise
7.49,left,0.941072917619,0.98794238796,0.0468694703416,rise
7.5,left,0.940970041762,0.987857309427,0.0468872676653,rise
7.51,left,0.940943398284,0.987772795231,0.0468293969469,rise
7.52,left,0.940981944302,0.987688856003,0.0467069117009,rise
7.53,left,0.941072134119,0.987605490973,0.0465333568542,rise
7.54,left,0.941199231234,0.987522689572,0.046323458338,rise
7.55,left,0.941348968913,0.987440427831,0.046091458918,rise
7.56,left,0.941508800359,0.987358663698,0.0458498633394,rise
7.57,left,0.941668501278,0.987277334917,0.0456088336389,rise
7.58,left,0.941820524791,0.987196360842,0.045375836051,rise
7.59,left,0.941960053516,0.987115649728,0.0451555962121,rise
7.6,left,0.942084441635,0.987035108316,0.0449506666804,rise
7.61,left,0.942192483079,0.986954645702,0.0447621626227,rise
7.62,left,0.942284002017,0.986874172614,0.0445901705979,rise
7.63,left,0.94235945666,0.986793604966,0.0444341483061,rise
7.64,left,0.942419444547,0.986712870615,0.0442934260678,rise
7.65,left,0.942464587338,0.986631910822,0.0441673234845,rise
7.66,left,0.942495715671,0.986550676415,0.0440549607437,rise
7.67,left,0.94251386386,0.986469125083,0.0439552612227,rise
7.68,left,0.942520200897,0.986387220619,0.0438670197219,rise
7.69,left,0.94251607954,0.986304930347,0.043788850807,rise
7.7,left,0.942502837713,0.986222221589,0.0437193838752,rise
7.71,left,0.942481285403,0.986139061931,0.0436577765286,rise
7.72,left,0.942451312266,0.986055425359,0.0436041130935,rise
7.73,left,0.942411701172,0.985971301547,0.0435596003747,rise
7.74,left,0.942359884128,0.985886702415,0.043526818287,rise
7.75,left,0.942291862455,0.98580166186,0.0435097994047,rise
7.76,left,0.942202741329,0.985716228349,0.0435134870195,rise
7.77,left,0.942087458499,0.985630453015,0.0435429945151,rise
7.78,left,0.941941071987,0.985544379732,0.0436033077456,rise
7.79,left,0.941759042175,0.9854580427,0.0436990005251,rise
7.8,left,0.941538028121,0.985371470628,0.0438334425071,rise
7.81,left,0.941276782155,0.985284693079,0.0440079109237,rise
7.82,left,0.940976918284,0.985197744752,0.0442208264679,rise
7.83,left,0.940643926007,0.985110666009,0.0444667400018,rise
7.84,left,0.940288205658,0.985023501773,0.0447352961152,rise
7.85,left,0.939925330306,0.984936301218,0.0450109709126,rise
7.86,left,0.939575190641,0.984849116601,0.0452739259597,rise
7.87,left,0.939260047662,0.984761997668,0.0455019500057,rise
7.88,left,0.939001556098,0.984674983848,0.0456734277503,rise
7.89,left,0.938817459556,0.984588101838,0.0457706422824,rise
7.9,left,0.938719097139,0.984501371859,0.0457822747201,rise
7.91,left,0.938710029881,0.984414818105,0.0457047882242,rise
7.92,left,0.938785600485,0.984328476382,0.0455428758975,rise
7.93,left,0.938933876328,0.98424239542,0.0453085190922,rise
7.94,left,0.939138231223,0.984156634241,0.0450184030176,rise
7.95,left,0.939380672953,0.984071258922,0.0446905859696,rise
7.96,left,0.939644952046,0.983986338043,0.0443413859967,rise
7.97,left,0.939919047545,0.983901935565,0.0439828880201,rise
7.98,left,0.940196453303,0.983818103272,0.043621649969,rise
7.99,left,0.940475907802,0.983734876139,0.0432589683375,rise
8,left,0.940760128287,0.983652272693,0.0428921444059,rise
8.01,left,0.941054247953,0.983570300382,0.0425160524284,rise
8.02,left,0.941364085792,0.983488962688,0.0421248768963,rise
8.03,left,0.941694410662,0.983408263106,0.0417138524435,rise
8.04,left,0.942047924361,0.983328203927,0.0412802795661,rise
8.05,left,0.942425305603,0.983248781127,0.0408234755244,rise
8.06,left,0.94282568109,0.983169977606,0.0403442965165,rise
8.07,left,0.943247052022,0.983091755645,0.0398447036231,rise
8.08,left,0.943686781573,0.983014049404,0.039327267831,rise
8.09,left,0.944142045899,0.982936761731,0.0387947158315,rise
8.1,left,0.944610157856,0.982859769054,0.0382496111983,rise
8.11,left,0.945089022755,0.982782931558,0.0376939088031,rise
8.12,left,0.945577572086,0.982706102585,0.0371285304994,rise
8.13,left,0.946075619092,0.982629135626,0.0365535165345,rise
8.14,left,0.946583211707,0.982551892231,0.0359686805234,rise
8.15,left,0.94710004314,0.982474251301,0.0353742081605,rise
8.16,left,0.947624953056,0.982396115514,0.0347711624582,rise
8.17,left,0.948155321419,0.982317413197,0.0341620917777,rise
8.18,left,0.94868685282,0.982238097606,0.033551244786,rise
8.19,left,0.949214149957,0.98215814405,0.0329439940929,rise
8.2,left,0.949731375102,0.982077544631,0.0323461695294,rise
8.21,left,0.950232377475,0.981996302983,0.0317639255077,rise
8.22,left,0.950710642141,0.981914431417,0.0312037892764,rise
8.23,left,0.951159321763,0.981831950513,0.0306726287498,rise
8.24,left,0.951571247711,0.981748889699,0.0301776419877,rise
8.25,left,0.951939316819,0.981665285902,0.0297259690829,rise
8.26,left,0.952257564527,0.981581178057,0.0293236135301,rise
8.27,left,0.952522309276,0.981496599933,0.0289742906566,rise
8.28,left,0.952732767947,0.981411576284,0.0286788083369,rise
8.29,left,0.952891195199,0.981326125503,0.028434930304,rise
8.3,left,0.953002535048,0.981240267424,0.0282377323758,rise
8.31,left,0.953073444796,0.98115403015,0.0280805853542,rise
8.32,left,0.95311119584,0.981067451359,0.0279562555191,rise
8.33,left,0.953123256375,0.98098057592,0.0278573195447,rise
8.34,left,0.953117498262,0.980893453138,0.0277759548757,rise
8.35,left,0.953102529413,0.98080613409,0.027703604677,rise
8.36,left,0.953088140871,0.98071866943,0.0276305285583,rise
8.37,left,0.953085535409,0.980631109267,0.0275455738579,rise
8.38,left,0.953106542952,0.980543504778,0.0274369618257,rise
8.39,left,0.953162025956,0.980455909752,0.0272938837959,rise
8.4,left,0.953260418534,0.980368381542,0.0271079630086,rise
8.41,left,0.953406634121,0.98028097995,0.0268743458288,rise
8.42,left,0.953601181514,0.980193762222,0.0265925807081,rise
8.43,left,0.95383974169,0.980106777221,0.0262670355312,rise
8.44,left,0.954113325409,0.980020064082,0.0259067386727,rise
8.45,left,0.954408670045,0.979933655124,0.0255249850796,rise
8.46,left,0.954709025059,0.979847578927,0.0251385538674,rise
8.47,left,0.954996081291,0.979761860814,0.024765779523,rise
8.48,left,0.95525283929,0.979676518181,0.024423678891,rise
8.49,left,0.955466100202,0.979591550911,0.0241254507089,rise
8.5,left,0.95562786216,0.979506934671,0.0238790725113,rise
8.51,left,0.955735647491,0.979422622447,0.0236869749553,rise
8.52,left,0.955791732755,0.979338549432,0.0235468166776,rise
8.53,left,0.955801727806,0.979254637932,0.0234529101265,rise
8.54,left,0.955773382455,0.979170805728,0.0233974232731,rise
8.55,left,0.955715755377,0.979086976997,0.0233712216205,rise
8.56,left,0.955638307676,0.979003088854,0.0233647811783,rise
8.57,left,0.955549939746,0.978919092492,0.0233691527458,rise
8.58,left,0.955458136946,0.978834954237,0.0233768172909,rise
8.59,left,0.955367919655,0.978750657516,0.0233827378612,rise
8.6,left,0.955280677833,0.97866620266,0.0233855248273,rise
8.61,left,0.955193905768,0.978581604406,0.0233876986376,rise
8.62,left,0.955102304325,0.978496890184,0.0233945858589,rise
8.63,left,0.954999472878,0.978412100765,0.0234126278869,rise
8.64,left,0.954879592127,0.978327289994,0.0234476978672,rise
8.65,left,0.954738978064,0.978242519355,0.023503541291,rise
8.66,left,0.954577018911,0.978157848774,0.0235808298635,rise
8.67,left,0.954396243113,0.978073329473,0.0236770863604,rise
8.68,left,0.954202012629,0.977989001588,0.0237869889593,rise
8.69,left,0.95400199095,0.977904894825,0.0239029038748,rise
8.7,left,0.95380500992,0.977821030775,0.0240160208548,rise
8.71,left,0.953619604294,0.977737427262,0.0241178229683,rise
8.72,left,0.953453040873,0.977654104853,0.0242010639807,rise
8.73,left,0.953311127635,0.977571092144,0.0242599645093,rise
8.74,left,0.953198481051,0.977488423972,0.0242899429213,rise
8.75,left,0.953118993788,0.977406133692,0.0242871399039,rise
8.76,left,0.953076241376,0.977324247053,0.0242480056767,rise
8.77,left,0.953073248708,0.977242780079,0.0241695313712,rise
8.78,left,0.953111562515,0.977161738183,0.0240501756685,rise
8.79,left,0.953190417284,0.977081114472,0.0238906971884,rise
8.8,left,0.953306333234,0.977000886028,0.0236945527934,rise
8.81,left,0.953453062715,0.976921010132,0.0234679474176,rise
8.82,left,0.953622392172,0.976841424455,0.0232190322837,rise
8.83,left,0.953806032184,0.97676205025,0.0229560180663,rise
8.84,left,0.953997683748,0.976682795217,0.0226851114688,rise
8.85,left,0.954194343538,0.976603556882,0.022409213344,rise
8.86,left,0.954396701316,0.97652422858,0.022127527264,rise
8.87,left,0.95460855901,0.976444707492,0.0218361484817,rise
8.88,left,0.954835205808,0.97636490318,0.0215296973725,rise
8.89,left,0.955081610077,0.976284744695,0.0212031346179,rise
8.9,left,0.955351496933,0.976204182876,0.0208526859431,rise
8.91,left,0.955647126645,0.976123186567,0.0204760599222,rise
8.92,left,0.955969135577,0.976041737301,0.0200726017242,rise
8.93,left,0.956316464792,0.975959827384,0.0196433625923,rise
8.94,left,0.956686382019,0.975877460194,0.0191910781752,rise
8.95,left,0.957074435685,0.975794650256,0.0187202145715,rise
8.96,left,0.957474763465,0.97571142482,0.0182366613552,rise
8.97,left,0.957881092421,0.975627827658,0.0177467352362,rise
8.98,left,0.958287821107,0.975543919849,0.0172560987421,rise
8.99,left,0.958690491004,0.975459772938,0.0167692819341,rise
9,left,0.959085627921,0.975375457802,0.0162898298805,rise
9.01,left,0.959470071754,0.975291036621,0.0158209648677,rise
9.02,left,0.9598397426,0.975206560922,0.0153668183225,rise
9.03,left,0.960188373939,0.975122072981,0.0149336990416,rise
9.04,left,0.960507341913,0.975037607703,0.0145302657907,rise
9.05,left,0.960786821969,0.974953193679,0.0141663717106,rise
9.06,left,0.961017490426,0.974868852588,0.0138513621625,rise
9.07,left,0.961192314313,0.974784599358,0.0135922850449,rise
9.08,left,0.961308030417,0.974700446661,0.0133924162442,rise
9.09,left,0.961365409012,0.974616412269,0.0132510032572,rise
9.1,left,0.961368032558,0.974532523402,0.0131644908435,rise
9.11,left,0.961320400986,0.974448814589,0.0131284136035,rise
9.12,left,0.961226206077,0.974365320992,0.0131391149153,rise
9.13,left,0.96108738046,0.974282069943,0.0131946894833,rise
9.14,left,0.960904510987,0.974199072561,0.0132945615749,rise
9.15,left,0.960678530935,0.974116320251,0.0134377893168,rise
9.16,left,0.960412611892,0.974033790452,0.0136211785599,rise
9.17,left,0.960113270715,0.973951458745,0.0138381880306,rise
9.18,left,0.959790651917,0.973869309606,0.0140786576889,rise
9.19,left,0.959458065744,0.973787339662,0.0143292739176,rise
9.2,left,0.959130546732,0.973705553954,0.0145750072213,rise
9.21,left,0.958822956024,0.97362396263,0.0148010066062,rise
9.22,left,0.958548607876,0.973542582486,0.0149939746099,rise
9.23,left,0.95831839497,0.973461438983,0.0151430440126,rise
9.24,left,0.95814005029,0.97338056372,0.0152405134308,rise
9.25,left,0.958017981905,0.973299989155,0.0152820072504,rise
9.26,left,0.957953908541,0.973219745421,0.0152658368795,rise
9.27,left,0.957947741419,0.973139858881,0.0151921174623,rise
9.28,left,0.957998472282,0.973060350333,0.0150618780508,rise
9.29,left,0.958105187304,0.972981234058,0.0148760467539,rise
9.3,left,0.958267716024,0.972902516433,0.0146348004093,rise
9.31,left,0.958486221479,0.97282419087,0.0143379693909,rise
9.32,left,0.958759985731,0.972746230405,0.0139862446746,rise
9.33,left,0.959086244861,0.972668583564,0.0135823387031,rise
9.34,left,0.959459407431,0.972591178805,0.0131317713734,rise
9.35,left,0.959870750364,0.972513937224,0.0126431868597,rise
9.36,left,0.960308877676,0.972436787102,0.0121279094266,rise
9.37,left,0.960760641552,0.972359674406,0.0115990328543,rise
9.38,left,0.961211909337,0.972282567514,0.011070658177,rise
9.39,left,0.961648381989,0.972205457204,0.0105570752147,rise
9.4,left,0.962056853732,0.972128353264,0.0100714995313,rise
9.41,left,0.962426485623,0.972051278667,0.00962479304426,rise
9.42,left,0.962749567122,0.971974264971,0.00922469784901,rise
9.43,left,0.963021759252,0.971897351747,0.00887559249477,rise
9.44,left,0.963241691319,0.971820585078,0.00857889375944,rise
9.45,left,0.963409708727,0.971744009855,0.00833430112774,rise
9.46,left,0.963526449723,0.971667659604,0.00814120988121,rise
9.47,left,0.963592207496,0.971591550507,0.00799934301148,rise
9.48,left,0.963606856119,0.971515681119,0.00790882499961,rise
9.49,left,0.963569641856,0.971440035565,0.00787039370928,rise
9.5,left,0.963478970393,0.971364587123,0.00788561672999,rise
9.51,left,0.963332426273,0.971289299242,0.00795687296932,rise
9.52,left,0.963126806926,0.971214123118,0.00808731619181,rise
9.53,left,0.962858454144,0.971138993457,0.00828053931338,rise
9.54,left,0.96252444542,0.971063826191,0.00853938077133,rise
9.55,left,0.962124242289,0.970988521649,0.00886427935962,rise
9.56,left,0.96166104065,0.970912973433,0.00925193278271,rise
9.57,left,0.96114272477,0.970837081032,0.00969435626161,rise
9.58,left,0.960582192701,0.970760762498,0.0101785697974,rise
9.59,left,0.959996288614,0.970683962778,0.0106876741632,rise
9.6,left,0.959403293778,0.970606656983,0.0112033632055,rise
9.61,left,0.958820031049,0.970528850112,0.011708819063,rise
9.62,left,0.958259307354,0.970450573216,0.0121912658625,rise
9.63,left,0.957727839703,0.970371877244,0.0126440375403,rise
9.64,left,0.957225488088,0.970292826521,0.0130673384332,rise
9.65,left,0.956746591335,0.970213491852,0.0134669005175,rise
9.66,left,0.956282736891,0.970133943749,0.0138512068584,rise
9.67,left,0.955825784125,0.970054248309,0.0142284641845,rise
9.68,left,0.955370430372,0.969974467028,0.0146040366565,rise
9.69,left,0.954915545231,0.969894659493,0.0149791142618,rise
9.7,left,0.95446382365,0.969814886639,0.0153510629888,rise
9.71,left,0.954020407568,0.969735211764,0.0157148041968,rise
9.72,left,0.953591334073,0.969655697233,0.0160643631592,rise
9.73,left,0.953181939249,0.96957639737,0.0163944581212,rise
9.74,left,0.952795430455,0.96949735184,0.0167019213858,rise
9.75,left,0.952432553998,0.969418584128,0.0169860301305,rise
9.76,left,0.952092676075,0.969340105168,0.0172474290924,rise
9.77,left,0.95177536423,0.969261919079,0.0174865548493,rise
9.78,left,0.951481754911,0.969184028689,0.0177022737787,rise
9.79,left,0.951215461171,0.969106440365,0.0178909791946,rise
9.8,left,0.950982379574,0.969029167312,0.0180467877379,rise
9.81,left,0.950789174011,0.968952229389,0.0181630553784,rise
9.82,left,0.950641418162,0.968875650656,0.0182342324943,rise
9.83,left,0.950542253027,0.968799457701,0.0182572046747,rise
9.84,left,0.950491558076,0.968723678201,0.0182321201248,rise
9.85,left,0.950485826416,0.968648337836,0.0181625114201,rise
9.86,left,0.950519094144,0.968573456268,0.018054362124,rise
9.87,left,0.95058441125,0.968499044719,0.0179146334692,rise
9.88,left,0.95067501248,0.968425107214,0.0177500947339,rise
9.89,left,0.950785187244,0.968351645856,0.0175664586126,rise
9.9,left,0.950911180928,0.968278668521,0.0173674875932,rise
9.91,left,0.951051784063,0.968206195897,0.0171544118337,rise
9.92,left,0.951208323798,0.968134266037,0.0169259422396,rise
9.93,left,0.951384438163,0.968062938096,0.0166784999322,rise
9.94,left,0.951585572871,0.967992298046,0.016406725175,rise
9.95,left,0.95181769178,0.967922465374,0.0161047735942,rise
9.96,left,0.952085489189,0.967853596634,0.0157681074454,rise
9.97,left,0.952390820811,0.967785883898,0.0153950630862,rise
9.98,left,0.952731609228,0.967719547445,0.0149879382173,rise
9.99,left,0.953101459601,0.967654822469,0.0145533628684,rise
10,left,0.953490290032,0.967591943809,0.0141016537766,rise
10.01,left,0.953885572564,0.967531133526,0.0136455609622,rise
10.02,left,0.95427341815,0.96747259063,0.0131991724799,rise
10.03,left,0.954639568109,0.96741647921,0.0127769111011,rise
10.04,left,0.954970853479,0.967362913389,0.0123920599098,rise
10.05,left,0.955256860155,0.967311943414,0.0120550832591,rise
10.06,left,0.955491125043,0.967263550696,0.0117724256531,rise
10.07,left,0.955671786179,0.967217653137,0.0115458669576,rise
10.08,left,0.955801593,0.967174114757,0.011372521757,rise
10.09,left,0.955886939372,0.96713275502,0.0112458156473,rise
10.1,left,0.95593628373,0.9670933569,0.0111570731699,rise
10.11,left,0.955958753822,0.967055673831,0.0110969200087,rise
10.12,left,0.955963130257,0.967019435684,0.0110563054268,rise
10.13,left,0.955957162351,0.966984353956,0.0110271916053,rise
10.14,left,0.955947548377,0.966950126296,0.0110025779186,rise
10.15,left,0.955940542736,0.966916440509,0.010975897773,rise
10.16,left,0.955942338714,0.966882978137,0.0109406394229,rise
10.17,left,0.955958780572,0.966849417718,0.0108906371462,rise
10.18,left,0.955995018587,0.966815437876,0.0108204192897,rise
10.19,left,0.956055452331,0.96678072042,0.010725268089,rise
10.2,left,0.956143635984,0.966744953595,0.0106013176109,rise
10.21,left,0.956262255787,0.966707835622,0.0104455798348,rise
10.22,left,0.95641329107,0.966669078659,0.0102557875885,rise
10.23,left,0.956597790239,0.966628413321,0.0100306230816,rise
10.24,left,0.95681518023,0.966585593905,0.00977041367496,rise
10.25,left,0.957062809598,0.966540403583,0.00947759398438,rise
10.26,left,0.957335901292,0.966492656941,0.00915675564876,rise
10.27,left,0.957627598108,0.966442197913,0.00881459980424,rise
10.28,left,0.957929321085,0.966388894668,0.00845957358269,rise
10.29,left,0.958231743983,0.966332634293,0.00810089031083,rise
10.3,left,0.958525866161,0.966273318386,0.0077474522254,rise
10.31,left,0.958803583316,0.966210859621,0.00740727630484,rise
10.32,left,0.959057936399,0.966145179261,0.0070872428617,rise
10.33,left,0.959283255942,0.966076205596,0.00679294965325,rise
10.34,left,0.959475093155,0.9660038733,0.00652878014465,rise
10.35,left,0.959630255044,0.965928123506,0.00629786846156,rise
10.36,left,0.959747283287,0.965848903938,0.00610162065182,rise
10.37,left,0.959826849968,0.96576616863,0.00593931866203,rise
10.38,left,0.959871414761,0.965679877598,0.00580846283701,rise
10.39,left,0.959884264729,0.965589997195,0.0057057324655,rise
10.4,left,0.959868280209,0.965496501427,0.00562822121755,rise
10.41,left,0.959824589551,0.965399374299,0.00557478474777,rise
10.42,left,0.959751633126,0.965298613225,0.00554698009849,rise
10.43,left,0.959645220143,0.965194233562,0.00554901341935,rise
10.44,left,0.959499304939,0.965086274349,0.0055869694096,rise
10.45,left,0.959306883286,0.964974804376,0.00566792108971,rise
10.46,left,0.959061193408,0.964859925741,0.00579873233303,rise
10.47,left,0.958757510035,0.964741772721,0.00598426268538,rise
10.48,left,0.95839486426,0.964620507594,0.00622564333458,rise
10.49,left,0.957977097718,0.964496316366,0.00651921864789,rise
10.5,left,0.957513521531,0.964369405541,0.00685588401078,rise
10.51,left,0.95701905559,0.964239999961,0.00722094437083,rise
10.52,left,0.956513256468,0.964108341609,0.00759508514126,rise
10.53,left,0.956018475436,0.963974689322,0.00795621388569,rise
10.54,left,0.955557795782,0.963839319325,0.00828152354272,rise
10.55,left,0.955152901432,0.963702525959,0.00854962452684,rise
10.56,left,0.954822119152,0.963564620699,0.00874250154698,rise
10.57,left,0.954579161449,0.963425927991,0.00884676654195,rise
10.58,left,0.954432425976,0.963286778821,0.00885435284498,rise
10.59,left,0.954384280599,0.963147503739,0.00876322313945,rise
10.6,left,0.954430701002,0.96300842591,0.00857772490777,rise
10.61,left,0.954562156039,0.962869854098,0.0083076980592,rise
10.62,left,0.954765572683,0.962732075362,0.00796650267917,rise
10.63,left,0.955026554711,0.962595347281,0.00756879257006,rise
10.64,left,0.955331611737,0.962459889524,0.0071282777879,rise
10.65,left,0.955670141528,0.96232587559,0.0066557340624,rise
10.66,left,0.956035446695,0.962193427769,0.00615798107338,rise
10.67,left,0.956424663603,0.962062617627,0.00563795402387,rise
10.68,left,0.956838139325,0.961933470152,0.00509533082692,rise
10.69,left,0.957278381324,0.961805968238,0.00452758691479,rise
10.7,left,0.957748513953,0.961680056222,0.00393154226921,rise
10.71,left,0.958250716805,0.961555642381,0.00330492557567,rise
10.72,left,0.95878499982,0.961432600469,0.00264760064869,rise
10.73,left,0.959348076977,0.961310770334,0.00196269335719,rise
10.74,left,0.95993247572,0.961189957653,0.00125748193317,rise
10.75,left,0.960526685891,0.961069933633,0.000543247741601,rise
10.76,left,0.961116472112,0.960950437277,-0.000166034835571,rise
10.77,left,0.961686499904,0.960831182192,-0.000855317712329,rise
10.78,left,0.962221889248,0.960711866678,-0.00151002257067,rise
10.79,left,0.9627098155,0.960592184687,-0.00211763081259,rise
10.8,left,0.963140799285,0.960471836829,-0.00266896245656,rise
10.81,left,0.963509385003,0.960350541561,-0.0031588434418,rise
10.82,left,0.963814418183,0.96022804684,-0.00358637134223,rise
10.83,left,0.964058828877,0.960104142472,-0.00395468640534,rise
10.84,left,0.964248593973,0.959978673418,-0.00426992055481,rise
10.85,left,0.964391234602,0.959851552497,-0.00453968210457,rise
10.86,left,0.964494464333,0.959722766959,-0.00477169737373,rise
10.87,left,0.964564887489,0.959592374784,-0.00497251270514,rise
10.88,left,0.96460657719,0.95946049391,-0.00514608328027,rise
10.89,left,0.964620178125,0.959327290147,-0.00529288797803,rise
10.9,left,0.964602997782,0.959192966018,-0.00541003176435,rise
10.91,left,0.964549678935,0.95905775051,-0.0054919284254,rise
10.92,left,0.964453380148,0.958921889526,-0.00553149062184,rise
10.93,left,0.964307787104,0.958785636828,-0.00552215027628,rise
10.94,left,0.964109305061,0.958649245264,-0.00546005979661,rise
10.95,left,0.963858383973,0.958512958611,-0.00534542536139,rise
10.96,left,0.963559913603,0.958377005488,-0.00518290811509,rise
10.97,left,0.963222955297,0.958241596411,-0.00498135888665,rise
10.98,left,0.962859664123,0.958106922958,-0.00475274116551,rise
10.99,left,0.962483628581,0.957973157257,-0.00451047132401,rise
11,left,0.962108302936,0.957840451043,-0.00426785189233,rise
11.01,left,0.961745722353,0.957708934169,-0.00403678818424,rise
11.02,left,0.96140545606,0.957578712496,-0.00382674356312,rise
11.03,left,0.961094335375,0.957449865116,-0.00364447025863,rise
11.04,left,0.960817252762,0.957322440819,-0.00349481194288,rise
11.05,left,0.960578155377,0.957196454498,-0.00338170087841,rise
11.06,left,0.960380550316,0.957071885787,-0.00330866452941,rise
11.07,left,0.960227965201,0.956948681663,-0.00327928353832,rise
11.08,left,0.960124567664,0.956826761731,-0.0032978059338,rise
11.09,left,0.960075466675,0.956706023824,-0.00336944285168,rise
11.1,left,0.960086551496,0.956586349023,-0.00350020247316,rise
11.11,left,0.960164019412,0.956467606116,-0.00369641329597,rise
11.12,left,0.96031347763,0.956349655594,-0.00396382203566,rise
11.13,left,0.960538723365,0.956232353281,-0.00430637008426,rise
11.14,left,0.960840794212,0.956115553695,-0.00472524051733,rise
11.15,left,0.961217519322,0.955999113222,-0.00521840609923,rise
11.16,left,0.961663338724,0.955882893212,-0.00578044551146,rise
11.17,left,0.962169536356,0.955766763066,-0.00640277328901,rise
11.18,left,0.962725131344,0.955650603421,-0.00707452792316,rise
11.19,left,0.963317873327,0.955534309479,-0.00778356384762,rise
11.2,left,0.963934691176,0.955417794589,-0.00851689658711,rise
11.21,left,0.964561943381,0.955300994131,-0.0092609492497,rise
11.22,left,0.96518589986,0.955183869822,-0.0100020300372,rise
11.23,left,0.965793107073,0.955066414493,-0.0107266925801,rise
11.24,left,0.96637065972,0.954948657446,-0.0114220022742,rise
11.25,left,0.966907055775,0.95483066946,-0.012076386315,rise
11.26,left,0.967393531843,0.954712564371,-0.0126809674717,rise
11.27,left,0.967825015416,0.954594494881,-0.0132305205351,rise
11.28,left,0.968200295719,0.95447664429,-0.0137236514294,rise
11.29,left,0.96852142415,0.954359217246,-0.014162206904,rise
11.3,left,0.968792349258,0.954242430665,-0.0145499185934,rise
11.31,left,0.969017313559,0.954126504733,-0.0148908088257,rise
11.32,left,0.969199971903,0.954011653804,-0.0151883180997,rise
11.33,left,0.969343307974,0.953898076983,-0.0154452309913,rise
11.34,left,0.969449635379,0.953785948207,-0.0156636871727,rise
11.35,left,0.96952067552,0.953675406734,-0.0158452687855,rise
11.36,left,0.969557903088,0.953566551412,-0.0159913516753,rise
11.37,left,0.969562466916,0.953459441229,-0.016103025687,rise
11.38,left,0.969534367684,0.953354100129,-0.0161802675554,rise
11.39,left,0.969471724322,0.953250522477,-0.0162212018451,rise
11.4,left,0.969370807759,0.95314867774,-0.0162221300192,rise
11.41,left,0.9692268219,0.953048514328,-0.0161783075718,rise
11.42,left,0.969035367583,0.952949962671,-0.0160854049118,rise
11.43,left,0.968794275805,0.95285293759,-0.0159413382152,rise
11.44,left,0.968504748538,0.952757340007,-0.0157474085305,rise
11.45,left,0.968171114399,0.95266305841,-0.0155080559896,rise
11.46,left,0.967799878146,0.952569971156,-0.0152299069904,rise
11.47,left,0.967398822619,0.952477950504,-0.0149208721151,rise
11.48,left,0.966976013554,0.952386867848,-0.0145891457066,rise
11.49,left,0.966538767046,0.952296599159,-0.014242167887,rise
11.5,left,0.966093145917,0.95220703031,-0.0138861156067,rise
11.51,left,0.965643806199,0.952118062343,-0.013525743856,rise
11.52,left,0.965193640407,0.952029616805,-0.0131640236026,rise
11.53,left,0.964743584104,0.951941641255,-0.0128019428489,rise
11.54,left,0.96429305383,0.951854115049,-0.0124389387814,rise
11.55,left,0.963840804761,0.951767054558,-0.0120737502027,rise
11.56,left,0.963386249903,0.951680514954,-0.0117057349487,rise
11.57,left,0.962931283117,0.951594586367,-0.0113366967496,rise
11.58,left,0.962481536139,0.951509386032,-0.0109721501073,rise
11.59,left,0.962045877625,0.951425049338,-0.0106208282873,rise
11.6,left,0.961634553344,0.951341720868,-0.0102928324762,rise
11.61,left,0.961257295263,0.951259545379,-0.00999774988455,rise
11.62,left,0.960921909382,0.951178658516,-0.00974325086645,rise
11.63,left,0.960633338768,0.951099177104,-0.00953416166408,rise
11.64,left,0.960393487852,0.951021188814,-0.00937229903787,rise
11.65,left,0.960201571592,0.950944742254,-0.00925682933802,rise
11.66,left,0.960054290228,0.95086984117,-0.00918444905725,rise
11.67,left,0.959945895973,0.950796445538,-0.00914945043572,rise
11.68,left,0.959868519751,0.950724477364,-0.0091440423864,rise
11.69,left,0.959812475822,0.950653827306,-0.00915864851601,rise
11.7,left,0.959766480657,0.950584360563,-0.00918212009382,rise
11.71,left,0.959718425797,0.950515922054,-0.00920250374343,rise
11.72,left,0.959656740857,0.950448340954,-0.00920839990274,rise
11.73,left,0.959571575373,0.950381434747,-0.00919014062615,rise
11.74,left,0.959455666122,0.950315012861,-0.00914065326124,rise
11.75,left,0.959305314505,0.950248879987,-0.00905643451746,rise
11.76,left,0.959121132122,0.950182839105,-0.00893829301665,rise
11.77,left,0.958908031899,0.950116694234,-0.00879133766463,rise
11.78,left,0.958674816677,0.950050253071,-0.00862456360666,rise
11.79,left,0.958433505385,0.949983329669,-0.0084501757164,rise
11.8,left,0.958197891006,0.949915747292,-0.00828214371432,rise
11.81,left,0.957981543988,0.949847341536,-0.00813420245202,rise
11.82,left,0.957796050173,0.949777963807,-0.00801808636621,rise
11.83,left,0.957649649234,0.949707485258,-0.00794216397628,rise
11.84,left,0.957546298537,0.949635801283,-0.00791049725377,rise
11.85,left,0.957485814647,0.949562835993,-0.00792297865323,rise
11.86,left,0.957465340222,0.94948854466,-0.00797679556147,rise
11.87,left,0.957481159396,0.949412912612,-0.00806824678372,rise
11.88,left,0.957529905003,0.949335951776,-0.00819395322628,rise
11.89,left,0.957609078991,0.949257696996,-0.00835138199418,rise
11.9,left,0.957716775406,0.949178202973,-0.00853857243217,rise
11.91,left,0.957850482422,0.949097541844,-0.00875294057807,rise
11.92,left,0.958005916951,0.949015801346,-0.00899011560478,rise
11.93,left,0.958177029078,0.948933083523,-0.00924394555499,rise
11.94,left,0.958356959194,0.948849503929,-0.00950745526473,rise
11.95,left,0.958539231909,0.948765190935,-0.00977404097372,rise
11.96,left,0.958719010191,0.948680284019,-0.0100387261726,rise
11.97,left,0.958894085971,0.948594930145,-0.0102991558265,rise
11.98,left,0.959065088829,0.948509278777,-0.0105558100516,rise
11.99,left,0.959235022255,0.948423476537,-0.0108115457176,rise
12,left,0.959408514386,0.948337661848,-0.0110708525378,rise
12.01,left,0.959590728421,0.948251959491,-0.01133876893,rise
12.02,left,0.959786027032,0.948166474951,-0.0116195520806,rise
12.03,left,0.959997192416,0.948081288427,-0.0119159039884,rise
12.04,left,0.960225547796,0.947996448391,-0.0122290994053,rise
12.05,left,0.960471284318,0.947911965611,-0.0125593187071,rise
12.06,left,0.960733730573,0.947827810807,-0.0129059197661,rise
12.07,left,0.961011871748,0.947743918306,-0.0132679534418,rise
12.08,left,0.96130466198,0.947660193941,-0.0136444680387,rise
12.09,left,0.961610635013,0.947576523933,-0.0140341110797,rise
12.1,left,0.961927398903,0.947492783543,-0.0144346153601,rise
12.11,left,0.962251669195,0.947408845538,-0.0148428236566,rise
12.12,left,0.962579721954,0.947324588633,-0.0152551333209,rise
12.13,left,0.962908035189,0.947239906078,-0.0156681291104,rise
12.14,left,0.963233995872,0.947154714555,-0.0160792813176,rise
12.15,left,0.963556036701,0.947068962464,-0.0164870742374,rise
12.16,left,0.963872691243,0.946982634389,-0.0168900568538,rise
12.17,left,0.964181517855,0.946895749287,-0.0172857685674,rise
12.18,left,0.964479242065,0.946808354305,-0.0176708877596,rise
12.19,left,0.964762972386,0.946720517619,-0.0180424547671,rise
12.2,left,0.965031629218,0.94663232161,-0.0183993076079,rise
12.21,left,0.965287102978,0.946543856379,-0.0187432465987,rise
12.22,left,0.965534385337,0.946455213469,-0.0190791718678,rise
12.23,left,0.965780118726,0.94636647968,-0.0194136390461,rise
12.24,left,0.966030441501,0.946277730856,-0.0197527106453,rise
12.25,left,0.966289403041,0.946189026201,-0.0201003768392,rise
12.26,left,0.966558161731,0.946100405161,-0.0204577565709,rise
12.27,left,0.966834811287,0.946011888379,-0.0208229229087,rise
12.28,left,0.967114959155,0.945923481545,-0.0211914776102,rise
12.29,left,0.967392672216,0.945835179962,-0.0215574922538,rise
12.3,left,0.967661038121,0.945746973,-0.021914065121,rise
12.31,left,0.967912437135,0.945658848429,-0.0222535887062,rise
12.32,left,0.968139227736,0.945570796706,-0.0225684310301,rise
12.33,left,0.968334746038,0.945482815277,-0.0228519307609,rise
12.34,left,0.968493897201,0.945394912981,-0.0230989842197,rise
12.35,left,0.968613328726,0.945307114068,-0.023306214658,rise
12.36,left,0.968691478375,0.94521946022,-0.0234720181545,rise
12.37,left,0.968728287083,0.945132009359,-0.0235962777237,rise
12.38,left,0.968724643089,0.945044832136,-0.0236798109535,rise
12.39,left,0.968681978199,0.944958007804,-0.0237239703956,rise
12.4,left,0.968601896891,0.944871620095,-0.0237302767966,rise
12.41,left,0.968485585536,0.944785753076,-0.02369983246,rise
12.42,left,0.968333435741,0.944700486903,-0.0236329488385,rise
12.43,left,0.968145340382,0.944615893379,-0.0235294470032,rise
12.44,left,0.967921321799,0.944532031235,-0.0233892905647,rise
12.45,left,0.967662135872,0.944448941633,-0.0232131942392,rise
12.46,left,0.967370044608,0.944366645703,-0.0230033989056,rise
12.47,left,0.967049473421,0.944285145463,-0.0227643279581,rise
12.48,left,0.966706907932,0.944204427063,-0.0225024808689,rise
12.49,left,0.966350436038,0.944124464458,-0.0222259715801,rise
12.5,left,0.965989651781,0.944045222751,-0.0219444290305,rise
12.51,left,0.965635501969,0.943966661211,-0.0216688407582,rise
12.52,left,0.965299634037,0.943888736017,-0.0214108980193,rise
12.53,left,0.9649937885,0.943811402785,-0.0211823857147,rise
12.54,left,0.964729470002,0.943734618917,-0.0209948510849,rise
12.55,left,0.964517452126,0.943658345772,-0.0208591063545,rise
12.56,left,0.964367239106,0.943582550473,-0.0207846886325,rise
12.57,left,0.964286874668,0.943507207251,-0.0207796674176,rise
12.58,left,0.964282698213,0.943432298449,-0.0208503997641,rise
12.59,left,0.964358739583,0.943357815456,-0.0210009241278,rise
12.6,left,0.964516396325,0.943283759659,-0.0212326366658,rise
12.61,left,0.964754676042,0.943210143449,-0.0215445325924,rise
12.62,left,0.965070324171,0.94313699129,-0.021933332881,rise
12.63,left,0.965457740877,0.943064340871,-0.0223934000052,rise
12.64,left,0.965909256982,0.942992244347,-0.0229170126344,rise
12.65,left,0.966415563471,0.942920769299,-0.0234947941721,rise
12.66,left,0.966965922917,0.942849998212,-0.0241159247053,rise
12.67,left,0.967548577016,0.942780025554,-0.0247685514617,rise
12.68,left,0.968151486101,0.942710953065,-0.0254405330364,rise
12.69,left,0.968762936386,0.942642884403,-0.0261200519821,rise
12.7,left,0.96937200638,0.942575919558,-0.0267960868219,rise
12.71,left,0.969969128167,0.942510148946,-0.027458979221,rise
12.72,left,0.970546297347,0.942445647077,-0.0281006502699,rise
12.73,left,0.97109641623,0.94238246568,-0.0287139505498,rise
12.74,left,0.971612233756,0.942320626137,-0.029291607619,rise
12.75,left,0.972085613783,0.942260112119,-0.0298255016643,rise
12.76,left,0.972507248791,0.942200865421,-0.0303063833701,rise
12.77,left,0.97286707008,0.942142787288,-0.0307242827915,rise
12.78,left,0.973155814,0.942085743476,-0.0310700705248,rise
12.79,left,0.973367193949,0.942029569904,-0.0313376240453,rise
12.8,left,0.973499496318,0.941974077703,-0.0315254186156,rise
12.81,left,0.973556204541,0.941919057637,-0.0316371469037,rise
12.82,left,0.973545767194,0.941864284048,-0.0316814831456,rise
12.83,left,0.97348044925,0.941809518409,-0.0316709308408,rise
12.84,left,0.973374718115,0.941754512622,-0.0316202054926,rise
12.85,left,0.973244157125,0.94169901229,-0.0315451448344,rise
12.86,left,0.973105082921,0.94164276049,-0.0314623224315,rise
12.87,left,0.972974145424,0.941585502471,-0.0313886429527,rise
12.88,left,0.972867674623,0.941526991198,-0.0313406834249,rise
12.89,left,0.972801111821,0.941466993447,-0.0313341183744,rise
12.9,left,0.972788209444,0.941405296456,-0.0313829129879,rise
12.91,left,0.972839419433,0.941341715273,-0.0314977041602,rise
12.92,left,0.972960018911,0.941276100965,-0.0316839179457,rise
12.93,left,0.973148919846,0.941208349873,-0.031940569973,rise
12.94,left,0.973398417301,0.941138414094,-0.0322600032067,rise
12.95,left,0.973695168361,0.941066311614,-0.0326288567465,rise
12.96,left,0.97402273606,0.940992130798,-0.0330306052623,rise
12.97,left,0.974365037469,0.940916025179,-0.0334490122904,rise
12.98,left,0.974709472701,0.940838201586,-0.0338712711155,rise
12.99,left,0.975048992364,0.940758907052,-0.0342900853118,rise
13,left,0.975382582861,0.940678416589,-0.0347041662722,rise
13.01,left,0.975713622576,0.940597021776,-0.0351166008,rise
13.02,left,0.976046632629,0.94051501991,-0.0355316127182,rise
13.03,left,0.976384201232,0.940432703478,-0.0359514977539,rise
13.04,left,0.976725243375,0.940350349695,-0.0363748936795,rise
13.05,left,0.977064546615,0.940268210755,-0.0367963358609,rise
13.06,left,0.9773936806,0.94018650721,-0.0372071733899,rise
13.07,left,0.977703257796,0.940105426345,-0.0375978314516,rise
13.08,left,0.977985491566,0.940025123912,-0.037960367654,rise
13.09,left,0.978236066054,0.939945726462,-0.0382903395919,rise
13.1,left,0.978455222543,0.939867333112,-0.0385878894318,rise
13.11,left,0.978647841052,0.939790016645,-0.0388578244068,rise
13.12,left,0.978822145128,0.939713823956,-0.039108321172,rise
13.13,left,0.978987578652,0.939638775807,-0.0393488028448,rise
13.14,left,0.979152819184,0.939564865891,-0.0395879532938,rise
13.15,left,0.979324140635,0.939492059747,-0.0398320808884,rise
13.16,left,0.979504231086,0.939420295282,-0.0400839358047,rise
13.17,left,0.979692121629,0.939349486226,-0.0403426354027,rise
13.18,left,0.979884132891,0.939279527601,-0.0406046052897,rise
13.19,left,0.980074727541,0.939210301465,-0.0408644260756,rise
13.2,left,0.980256916941,0.939141682308,-0.0411152346331,rise
13.21,left,0.980422652307,0.939073542136,-0.0413491101711,rise
13.22,left,0.980563074502,0.939005755376,-0.0415573191256,rise
13.23,left,0.980668614321,0.938938203685,-0.0417304106354,rise
13.24,left,0.980729588006,0.938870780791,-0.0418588072153,rise
13.25,left,0.980737313846,0.9388033969,-0.0419339169462,rise
13.26,left,0.980685107901,0.938735981003,-0.0419491268977,rise
13.27,left,0.980568965452,0.938668479833,-0.0419004856188,rise
13.28,left,0.980388053282,0.938600854461,-0.0417871988208,rise
13.29,left,0.980144718723,0.938533076335,-0.0416116423875,rise
13.3,left,0.97984369889,0.93846512344,-0.04137857545,rise
13.31,left,0.979490981891,0.938396976608,-0.0410940052833,rise
13.32,left,0.979092878323,0.93832861591,-0.0407642624131,rise
13.33,left,0.9786550968,0.938260017091,-0.0403950797093,rise
13.34,left,0.978181708726,0.938191147986,-0.0399905607396,rise
13.35,left,0.977674555003,0.938121965378,-0.0395525896258,rise
13.36,left,0.977133274484,0.938052413808,-0.0390808606763,rise
13.37,left,0.97655572171,0.937982427521,-0.0385732941885,rise
13.38,left,0.97593899191,0.937911934682,-0.0380270572287,rise
13.39,left,0.975281048851,0.937840862326,-0.0374401865241,rise
13.4,left,0.974582179027,0.93776914149,-0.0368130375365,rise
13.41,left,0.973845830835,0.937696712535,-0.0361491183009,rise
13.42,left,0.973079126564,0.937623530789,-0.0354555957749,rise
13.43,left,0.972292990999,0.937549572608,-0.0347434183903,rise
13.44,left,0.971501410944,0.937474841945,-0.0340265689988,rise
13.45,left,0.970720114075,0.93739937641,-0.0333207376651,rise
13.46,left,0.969965537186,0.937323249322,-0.0326422878644,rise
13.47,left,0.969254077709,0.937246565099,-0.0320075126104,rise
13.48,left,0.968601168861,0.937169449927,-0.0314317189339,rise
13.49,left,0.968020497761,0.937092041265,-0.0309284564962,rise
13.5,left,0.967523533413,0.937014477491,-0.0305090559218,rise
13.51,left,0.967118839546,0.936936887654,-0.0301819518928,rise
13.52,left,0.966811320573,0.9368593811,-0.0299519394721,rise
13.53,left,0.9666020909,0.936782036813,-0.0298200540868,rise
13.54,left,0.966488893867,0.936704892238,-0.0297840016292,rise
13.55,left,0.966466689285,0.936627932898,-0.0298387563868,rise
13.56,left,0.966528588437,0.936551087218,-0.0299775012189,rise
13.57,left,0.966667089167,0.936474229924,-0.0301928592434,rise
13.58,left,0.966874758961,0.936397191473,-0.0304775674875,rise
13.59,left,0.96714395611,0.936319768921,-0.0308241871891,rise
13.6,left,0.967466262534,0.936241736472,-0.0312245260629,rise
13.61,left,0.967832121302,0.936162855767,-0.0316692655346,rise
13.62,left,0.968230625922,0.936082886131,-0.032147739791,rise
13.63,left,0.968649847874,0.936001594985,-0.0326482528886,rise
13.64,left,0.969078006066,0.935918768674,-0.0331592373913,rise
13.65,left,0.969504724955,0.935834222961,-0.0336705019938,rise
13.66,left,0.969921643525,0.935747810434,-0.0341738330907,rise
13.67,left,0.970322422539,0.93565942276,-0.0346629997789,rise
13.68,left,0.970702159324,0.935568989552,-0.0351331697722,rise
13.69,left,0.971056265859,0.935476476951,-0.0355797889088,rise
13.7,left,0.971379617693,0.935381887188,-0.0359977305045,rise
13.71,left,0.971666715025,0.935285259247,-0.036381455778,rise
13.72,left,0.971912458338,0.935186670618,-0.0367257877202,rise
13.73,left,0.972112876068,0.935086240182,-0.0370266358857,rise
13.74,left,0.972265943865,0.934984132236,-0.0372818116291,rise
13.75,left,0.97237247414,0.934880560456,-0.0374919136845,rise
13.76,left,0.97243628755,0.934775787967,-0.0376604995827,rise
13.77,left,0.972463528072,0.934670120567,-0.0377934075049,rise
13.78,left,0.972461863477,0.934563895131,-0.0378979683459,rise
13.79,left,0.972439726088,0.934457466945,-0.0379822591424,rise
13.8,left,0.972405460178,0.934351197332,-0.0380542628464,rise
13.81,left,0.972366909795,0.93424544142,-0.0381214683744,rise
13.82,left,0.972331600375,0.934140535777,-0.0381910645972,rise
13.83,left,0.972306613592,0.934036785622,-0.0382698279698,rise
13.84,left,0.972297658529,0.933934451326,-0.0383632072031,rise
13.85,left,0.972307977766,0.933833735543,-0.0384742422236,rise
13.86,left,0.972337626068,0.93373477574,-0.0386028503277,rise
13.87,left,0.972383278477,0.93363764576,-0.0387456327166,rise
13.88,left,0.972439128256,0.933542363507,-0.0388967647496,rise
13.89,left,0.972498974139,0.933448899638,-0.0390500745018,rise
13.9,left,0.972558270621,0.933357185225,-0.0392010853961,rise
13.91,left,0.972615132858,0.933267118335,-0.0393480145228,rise
13.92,left,0.972670510343,0.933178569649,-0.0394919406942,rise
13.93,left,0.972727701617,0.933091387231,-0.0396363143866,rise
13.94,left,0.97279110351,0.933005400565,-0.0397857029448,rise
13.95,left,0.972864829354,0.932920424119,-0.0399444052353,rise
13.96,left,0.972952004309,0.932836261049,-0.0401157432601,rise
13.97,left,0.97305472566,0.932752707552,-0.0403020181085,rise
13.98,left,0.973174390889,0.932669557672,-0.0405048332161,rise
13.99,left,0.973312151629,0.932586608167,-0.0407255434613,rise
14,left,0.973468789032,0.932503663327,-0.0409651257053,rise
14.01,left,0.973643536395,0.932420539866,-0.0412229965293,rise
14.02,left,0.973832809234,0.932337072009,-0.0414957372254,rise
14.03,left,0.974030224511,0.932253116897,-0.0417771076137,rise
14.04,left,0.974227769339,0.932168560444,-0.0420592088953,rise
14.05,left,0.974417089853,0.932083322955,-0.0423337668975,rise
14.06,left,0.97459073943,0.931997362124,-0.0425933773056,rise
14.07,left,0.974743527826,0.931910671571,-0.0428328562555,rise
14.08,left,0.974873543599,0.931823276359,-0.0430502672394,rise
14.09,left,0.974982606677,0.931735228027,-0.0432473786502,rise
14.1,left,0.975076116445,0.931646600116,-0.043429516329,rise
14.11,left,0.975161975543,0.931557484219,-0.0436044913239,rise
14.12,left,0.975248810527,0.931467986452,-0.0437808240748,rise
14.13,left,0.975344684778,0.931378224283,-0.043966460495,rise
14.14,left,0.975457041818,0.93128832363,-0.0441687181884,rise
14.15,left,0.975593200014,0.931198416183,-0.0443947838318,rise
14.16,left,0.97576061577,0.931108636898,-0.0446519788722,rise
14.17,left,0.975966966847,0.931019121647,-0.0449478452002,rise
14.18,left,0.976219886217,0.930930004913,-0.0452898813033,rise
14.19,left,0.976525959978,0.930841417416,-0.0456845425618,rise
14.2,left,0.976889647764,0.93075348358,-0.0461361641837,rise
14.21,left,0.977313015452,0.930666318775,-0.0466466966773,rise
14.22,left,0.977796028356,0.930580026243,-0.0472160021138,rise
14.23,left,0.978336965288,0.930494693642,-0.0478422716462,rise
14.24,left,0.978932988225,0.930410389129,-0.0485225990953,rise
14.25,left,0.979580376934,0.930327157553,-0.0492532193806,rise
14.26,left,0.980273855477,0.930245018762,-0.0500288367159,rise
14.27,left,0.98100566293,0.930163969538,-0.0508416933917,rise
14.28,left,0.981765355047,0.930083988001,-0.0516813670458,rise
14.29,left,0.98254033574,0.930005038405,-0.0525352973355,rise
14.3,left,0.983316889891,0.929927075517,-0.0533898143748,rise
14.31,left,0.984081877821,0.929850048596,-0.0542318292248,rise
14.32,left,0.984824579298,0.929773905031,-0.0550506742666,rise
14.33,left,0.985537557405,0.929698593711,-0.0558389636939,rise
14.34,left,0.986216438849,0.929624068203,-0.0565923706457,rise
14.35,left,0.986859369761,0.929550289505,-0.0573090802569,rise
14.36,left,0.98746621696,0.929477227534,-0.0579889894257,rise
14.37,left,0.988037333529,0.929404860734,-0.0586324727945,rise
14.38,left,0.988572397498,0.929333174284,-0.0592392232139,rise
14.39,left,0.989069629169,0.929262157833,-0.0598074713356,rise
14.4,left,0.989525128348,0.929191803099,-0.0603333252498,rise
14.41,left,0.989932462331,0.929122101332,-0.0608103609989,rise
14.42,left,0.990282914647,0.929053040608,-0.0612298740386,rise
14.43,left,0.990566209943,0.928984602898,-0.0615816070449,rise
14.44,left,0.990771327222,0.928916760891,-0.0618545663318,rise
14.45,left,0.99088752244,0.928849475042,-0.062038047398,rise
14.46,left,0.990905494891,0.928782692494,-0.0621228023964,rise
14.47,left,0.990818014173,0.928716349111,-0.062101665062,rise
14.48,left,0.99061985094,0.928650373713,-0.0619694772279,rise
14.49,left,0.99030771646,0.928584692868,-0.0617230235925,rise
14.5,left,0.989880450769,0.928519235618,-0.0613612151505,rise
14.51,left,0.989339047734,0.928453938169,-0.0608851095651,rise
14.52,left,0.988686566967,0.928388748631,-0.0602978183361,rise
14.53,left,0.987928170437,0.928323631915,-0.0596045385214,rise
14.54,left,0.987070994815,0.928258574863,-0.0588124199519,rise
14.55,left,0.986123806956,0.928193590832,-0.0579302161238,rise
14.56,left,0.985096970522,0.92812872108,-0.0569682494427,rise
14.57,left,0.984002721033,0.928064030944,-0.0559386900895,rise
14.58,left,0.982855060863,0.927999602277,-0.0548554585856,rise
14.59,left,0.981669255377,0.927935524842,-0.0537337305353,rise
14.6,left,0.980461587793,0.927871887661,-0.0525897001322,rise
14.61,left,0.979249266464,0.927808770274,-0.0514404961903,rise
14.62,left,0.978049978989,0.927746233726,-0.0503037452629,rise
14.63,left,0.976881447998,0.927684311142,-0.0491971368565,rise
14.64,left,0.975761294108,0.927622997707,-0.0481382964008,rise
14.65,left,0.974706755706,0.927562241327,-0.0471445143795,rise
14.66,left,0.973734263761,0.927501938253,-0.0462323255083,rise
14.67,left,0.972859156418,0.927441936948,-0.0454172194698,rise
14.68,left,0.972095095123,0.927382047751,-0.0447130473721,rise
14.69,left,0.971452880458,0.927322053918,-0.0441308265406,rise
14.7,left,0.970939173785,0.927261722372,-0.0436774514129,rise
14.71,left,0.970555432836,0.927200814221,-0.0433546186148,rise
14.72,left,0.970296810365,0.92713909527,-0.0431577150951,rise
14.73,left,0.970151427748,0.927076346746,-0.043075081002,rise
14.74,left,0.970101203529,0.927012376481,-0.0430888270478,rise
14.75,left,0.970124372695,0.926947029373,-0.0431773433217,rise
14.76,left,0.970198628193,0.926880193042,-0.043318435151,rise
14.77,left,0.970304186128,0.92681179555,-0.043492390578,rise
14.78,left,0.970426300385,0.926741797651,-0.0436845027337,rise
14.79,left,0.970556412078,0.926670183951,-0.043886228127,rise
14.8,left,0.970691779612,0.926596954685,-0.0440948249274,rise
14.81,left,0.970834240627,0.92652211815,-0.0443121224774,rise
14.82,left,0.970988410994,0.926445683671,-0.0445427273229,rise
14.83,left,0.971159446921,0.926367654991,-0.0447917919303,rise
14.84,left,0.971351221128,0.92628802397,-0.0450631971577,rise
14.85,left,0.971565608405,0.926206765091,-0.0453588433141,rise
14.86,left,0.971802283807,0.926123832516,-0.0456784512916,rise
14.87,left,0.972058360734,0.926039161031,-0.0460191997026,rise
14.88,left,0.972328328096,0.925952669863,-0.0463756582334,rise
14.89,left,0.972604744098,0.925864267529,-0.0467404765697,rise
14.9,left,0.972879283428,0.925773857051,-0.0471054263768,rise
14.91,left,0.973143797068,0.925681341562,-0.0474624555059,rise
14.92,left,0.973391297881,0.925586630416,-0.0478046674653,rise
14.93,left,0.973616297982,0.925489645929,-0.0481266520526,rise
14.94,left,0.973814223243,0.925390330877,-0.0484238923666,rise
14.95,left,0.973980735203,0.925288655914,-0.0486920792886,rise
14.96,left,0.974111605785,0.925184624032,-0.0489269817532,rise
14.97,left,0.974202883387,0.925078269848,-0.0491246135391,rise
14.98,left,0.974251220201,0.924969655471,-0.0492815647297,rise
14.99,left,0.974254535935,0.924858865964,-0.0493956699715,rise
15,left,0.974212655998,0.924746005639,-0.0494666503591,rise
15.01,left,0.974127420604,0.924631195205,-0.0494962253991,rise
15.02,left,0.974002639804,0.924514569685,-0.0494880701186,rise
15.03,left,0.973844372234,0.924396277062,-0.0494480951725,rise
15.04,left,0.973660932331,0.924276477577,-0.0493844547541,rise
15.05,left,0.973462166837,0.92415534349,-0.0493068233474,rise
15.06,left,0.973258726613,0.924033058783,-0.0492256678303,rise
15.07,left,0.973061749357,0.923909818389,-0.049151930968,rise
15.08,left,0.972882445554,0.923785827171,-0.0490966183829,rise
15.09,left,0.972731416317,0.923661299079,-0.049070117239,rise
15.1,left,0.972617914911,0.923536456616,-0.0490814582942,rise
15.11,left,0.972549016515,0.923411530585,-0.0491374859308,rise
15.12,left,0.972528941402,0.923286760029,-0.0492421813733,rise
15.13,left,0.972559167003,0.92316239234,-0.0493967746622,rise
15.14,left,0.972639238004,0.923038683451,-0.0496005545537,rise
15.15,left,0.972767498109,0.922915897874,-0.0498516002354,rise
15.16,left,0.972941698739,0.922794307973,-0.050147390766,rise
15.17,left,0.973159846861,0.922674191935,-0.0504856549264,rise
15.18,left,0.97342061568,0.922555830695,-0.0508647849854,rise
15.19,left,0.973722501133,0.922439504256,-0.0512829968768,rise
15.2,left,0.974062267639,0.922325487546,-0.0517367800927,rise
15.21,left,0.974433644948,0.922214045673,-0.0522195992749,rise
15.22,left,0.974826763438,0.922105428446,-0.0527213349927,rise
15.23,left,0.975229010726,0.921999864011,-0.0532291467154,rise
15.24,left,0.975627529827,0.921897551429,-0.0537299783981,rise
15.25,left,0.976011985844,0.921798653129,-0.0542133327144,rise
15.26,left,0.976376119726,0.921703290482,-0.0546728292447,rise
15.27,left,0.976718088067,0.921611544944,-0.0551065431237,rise
15.28,left,0.977040088846,0.921523462818,-0.0555166260276,rise
15.29,left,0.977347288818,0.921439060132,-0.0559082286862,rise
15.3,left,0.977646351997,0.921358326235,-0.056288025762,rise
15.31,left,0.977944382847,0.921281226061,-0.0566631567865,rise
15.32,left,0.978248378495,0.921207701069,-0.0570406774253,rise
15.33,left,0.978564651333,0.921137668911,-0.0574269824226,rise
15.34,left,0.978898415411,0.92107102181,-0.0578273936009,rise
15.35,left,0.97925383132,0.921007624356,-0.0582462069642,rise
15.36,left,0.979633868062,0.920947312775,-0.0586865552873,rise
15.37,left,0.980039697017,0.920889897318,-0.0591497996993,rise
15.38,left,0.980470290777,0.920835166609,-0.0596351241675,rise
15.39,left,0.980922466807,0.920782891916,-0.0601395748902,rise
15.4,left,0.981391038763,0.920732830535,-0.0606582082281,rise
15.41,left,0.981869198417,0.920684728341,-0.0611844700761,rise
15.42,left,0.982349325653,0.920638321605,-0.061711004048,rise
15.43,left,0.982823607183,0.920593338163,-0.06223026902,rise
15.44,left,0.983283940398,0.920549498024,-0.0627344423746,rise
15.45,left,0.983721700307,0.920506513767,-0.0632151865399,rise
15.46,left,0.984127896149,0.920464091643,-0.0636638045056,rise
15.47,left,0.984493475822,0.920421934096,-0.0640715417264,rise
15.48,left,0.984809926043,0.920379743335,-0.0644301827085,rise
15.49,left,0.985070546201,0.920337225235,-0.0647333209664,rise
15.5,left,0.985271678655,0.920294093325,-0.0649775853302,rise
15.51,left,0.98541297986,0.920250072984,-0.065162906876,rise
15.52,left,0.985497040362,0.920204905976,-0.0652921343863,rise
15.53,left,0.985528868911,0.920158355467,-0.065370513444,rise
15.54,left,0.985515105166,0.920110211674,-0.065404893492,rise
15.55,left,0.985463158557,0.920060297485,-0.0654028610719,rise
15.56,left,0.985380814476,0.920008471768,-0.0653723427075,rise
15.57,left,0.985275989809,0.919954628585,-0.0653213612238,rise
15.58,left,0.985155857301,0.919898693766,-0.0652571635356,rise
15.59,left,0.985025506062,0.91984062135,-0.0651848847123,rise
15.6,left,0.984886897029,0.919780390906,-0.0651065061226,rise
15.61,left,0.984738405533,0.9197180058,-0.065020399733,rise
15.62,left,0.984575231997,0.919653492371,-0.0649217396257,rise
15.63,left,0.98439106799,0.919586900023,-0.0648041679671,rise
15.64,left,0.984180397146,0.919518302208,-0.0646620949375,rise
15.65,left,0.983940285659,0.919447797691,-0.0644924879677,rise
15.66,left,0.983671438417,0.919375510146,-0.0642959282709,rise
15.67,left,0.98337865086,0.919301584601,-0.0640770662594,rise
15.68,left,0.983070297286,0.91922618175,-0.0638441155365,rise
15.69,left,0.982756839277,0.91914947202,-0.0636073672573,rise
15.7,left,0.982449039957,0.919071630096,-0.0633774098602,rise
15.71,left,0.982156268789,0.918992829843,-0.0631634389461,rise
15.72,left,0.981884839331,0.918913239494,-0.0629715998364,rise
15.73,left,0.981637041539,0.918833016998,-0.062804024541,rise
15.74,left,0.981411908219,0.918752305399,-0.0626596028197,rise
15.75,left,0.981207417245,0.918671228627,-0.0625361886187,rise
15.76,left,0.981022854543,0.918589889093,-0.0624329654494,rise
15.77,left,0.980860530485,0.918508368158,-0.0623521623264,rise
15.78,left,0.9807263276,0.918426728585,-0.0622995990154,rise
15.79,left,0.98062870031,0.918345017447,-0.0622836828627,rise
15.8,left,0.980576715079,0.918263268871,-0.0623134462083,rise
15.81,left,0.980578217823,0.918181506593,-0.0623967112302,rise
15.82,left,0.980638442417,0.918099746362,-0.0625386960558,rise
15.83,left,0.980759008263,0.918017998217,-0.0627410100454,rise
15.84,left,0.980937733474,0.91793626868,-0.0630014647931,rise
15.85,left,0.981169464559,0.9178545628,-0.0633149017595,rise
15.86,left,0.981447231968,0.917772885825,-0.063674346143,rise
15.87,left,0.981763159404,0.917691244335,-0.0640719150695,rise
15.88,left,0.982109382485,0.91760964699,-0.0644997354958,rise
15.89,left,0.982478936836,0.917528105183,-0.0649508316523,rise
15.9,left,0.98286599779,0.91744663372,-0.0654193640703,rise
15.91,left,0.98326556875,0.917365251528,-0.0659003172213,rise
15.92,left,0.983673128909,0.917283982427,-0.0663891464817,rise
15.93,left,0.984084088128,0.917202855939,-0.0668812321887,rise
15.94,left,0.984493133064,0.917121908175,-0.0673712248885,rise
15.95,left,0.984894237145,0.917041182482,-0.0678530546622,rise
15.96,left,0.985281420417,0.916960728965,-0.0683206914525,rise
15.97,left,0.985649575492,0.916880602155,-0.068768973337,rise
15.98,left,0.985995120619,0.916800857323,-0.0691942632963,rise
15.99,left,0.986316428048,0.916721546284,-0.0695948817641,rise
16,left,0.98661329588,0.916642713032,-0.069970582848,rise
16.01,left,0.986885124429,0.91656438913,-0.070320735299,rise
16.02,left,0.987128937541,0.916486588793,-0.0706423487477,rise
16.03,left,0.987338323508,0.916409303565,-0.0709290199431,rise
16.04,left,0.987503272588,0.916332496504,-0.0711707760844,rise
16.05,left,0.987611100364,0.916256096736,-0.0713550036274,rise
16.06,left,0.987648826108,0.916179997197,-0.0714688289106,rise
16.07,left,0.987606159522,0.916104057755,-0.0715021017662,rise
16.08,left,0.987477716471,0.91602811211,-0.0714496043604,rise
16.09,left,0.987263909691,0.915951975596,-0.0713119340955,rise
16.1,left,0.986970424191,0.915875452797,-0.0710949713939,rise
16.11,left,0.986606360554,0.91579834505,-0.0708080155043,rise
16.12,left,0.986182008465,0.915720457982,-0.0704615504832,rise
16.13,left,0.98570754413,0.915641609271,-0.070065934859,rise
16.14,left,0.98519248764,0.915561636789,-0.0696308508504,rise
16.15,left,0.984644923129,0.915480406363,-0.0691645167656,rise
16.16,left,0.984070875532,0.915397816363,-0.0686730591685,rise
16.17,left,0.983474789908,0.915313797032,-0.0681609928756,rise
16.18,left,0.982860724967,0.915228306238,-0.0676324187289,rise
16.19,left,0.982233517871,0.91514132466,-0.0670921932104,rise
16.2,left,0.981599803862,0.915052851592,-0.0665469522697,rise
16.21,left,0.980968405516,0.914962901424,-0.0660055040924,rise
16.22,left,0.980349511566,0.914871500728,-0.0654780108372,rise
16.23,left,0.979753270987,0.914778685917,-0.0649745850699,rise
16.24,left,0.979188643904,0.914684501415,-0.0645041424888,rise
16.25,left,0.978662375944,0.914588998299,-0.0640733776457,rise
16.26,left,0.978178063523,0.914492233321,-0.0636858302018,rise
16.27,left,0.977735934523,0.91439426825,-0.0633416662732,rise
16.28,left,0.977333466783,0.914295169531,-0.0630382972518,rise
16.29,left,0.97696617796,0.914195008298,-0.0627711696615,rise
16.3,left,0.976628360412,0.914093860742,-0.0625344996699,rise
16.31,left,0.976314097803,0.913991808833,-0.06232228897,rise
16.32,left,0.976018313238,0.913888941372,-0.0621293718663,rise
16.33,left,0.975737493709,0.913785355386,-0.0619521383225,rise
16.34,left,0.975470504972,0.913681157854,-0.0617893471175,rise
16.35,left,0.97521946131,0.913576467363,-0.0616429939467,rise
16.36,left,0.974989797887,0.913471414412,-0.0615183834745,rise
16.37,left,0.974789482959,0.913366139397,-0.061423343562,rise
16.38,left,0.974627997001,0.913260788916,-0.061367208085,rise
16.39,left,0.974515131117,0.913155511651,-0.0613596194652,rise
16.4,left,0.974459569269,0.913050454247,-0.061409115022,rise
16.41,left,0.974467729593,0.912945757138,-0.0615219724549,rise
16.42,left,0.974543048529,0.912841550233,-0.0617014982954,rise
16.43,left,0.97468533573,0.912737948329,-0.061947387401,rise
16.44,left,0.974890273191,0.912635046174,-0.0622552270171,rise
16.45,left,0.975149677565,0.912532913803,-0.0626167637619,rise
16.46,left,0.975452425266,0.912431594389,-0.0630208308764,rise
16.47,left,0.975785380865,0.912331106289,-0.0634542745755,rise
16.48,left,0.97613446598,0.912231447991,-0.0639030179888,rise
16.49,left,0.976486226846,0.912132603617,-0.064353623229,rise
16.5,left,0.976829344306,0.912034548073,-0.064794796233,rise
16.51,left,0.977155416152,0.911937251849,-0.0652181643036,rise
16.52,left,0.977458956607,0.911840685553,-0.0656182710538,rise
16.53,left,0.977736678393,0.911744824253,-0.0659918541395,rise
16.54,left,0.977986301052,0.911649651708,-0.0663366493436,rise
16.55,left,0.97820571262,0.911555164182,-0.0666505484374,rise
16.56,left,0.978393091827,0.911461372755,-0.0669317190711,rise
16.57,left,0.978547443931,0.91136830329,-0.0671791406405,rise
16.58,left,0.978668770276,0.911275994718,-0.0673927755579,rise
16.59,left,0.978758036511,0.911184496809,-0.0675735397015,rise
16.6,left,0.978817185457,0.911093867885,-0.0677233175715,rise
16.61,left,0.978848821309,0.911004172458,-0.0678446488512,rise
16.62,left,0.978855714647,0.910915478749,-0.0679402358989,rise
16.63,left,0.978840873381,0.910827856033,-0.0680130173483,rise
16.64,left,0.978808116661,0.910741371747,-0.0680667449149,rise
16.65,left,0.978762561408,0.910656088606,-0.0681064728019,rise
16.66,left,0.978710964793,0.910572062643,-0.0681389021503,rise
16.67,left,0.978661863393,0.910489342836,-0.068172520557,rise
16.68,left,0.978625108069,0.910407971764,-0.0682171363051,rise
16.69,left,0.978610883691,0.910327986273,-0.0682828974179,rise
16.7,left,0.978628759196,0.910249417759,-0.0683793414374,rise
16.71,left,0.978686820862,0.910172292003,-0.0685145288596,rise
16.72,left,0.978790717772,0.910096628573,-0.0686940891989,rise
16.73,left,0.978943243294,0.910022439755,-0.0689208035392,rise
16.74,left,0.979145000921,0.90994972901,-0.0691952719111,rise
16.75,left,0.979395333223,0.909878489205,-0.069516844018,rise
16.76,left,0.979692633975,0.909808701525,-0.0698839324501,rise
16.77,left,0.980034365463,0.909740335725,-0.0702940297382,rise
16.78,left,0.980417133795,0.909673351202,-0.0707437825929,rise
16.79,left,0.980836718406,0.909607697987,-0.0712290204192,rise
16.8,left,0.981288303563,0.909543317261,-0.0717449863017,rise
16.81,left,0.981766930673,0.909480141401,-0.0722867892716,rise
16.82,left,0.982267447292,0.90941809357,-0.0728493537224,rise
16.83,left,0.982783819459,0.909357086851,-0.0734267326076,rise
16.84,left,0.983308727455,0.909297022947,-0.0740117045076,rise
16.85,left,0.983833912014,0.909237790913,-0.0745961211012,rise
16.86,left,0.984350707805,0.909179267419,-0.0751714403856,rise
16.87,left,0.984850401417,0.909121319704,-0.0757290817136,rise
16.88,left,0.985324548436,0.909063810427,-0.076260738009,rise
16.89,left,0.985765038483,0.909006603006,-0.0767584354771,rise
16.9,left,0.986163897293,0.908949566902,-0.0772143303903,rise
16.91,left,0.986513528999,0.908892582927,-0.0776209460726,rise
16.92,left,0.98680751014,0.908835548683,-0.0779719614565,rise
16.93,left,0.987041238457,0.908778384265,-0.078262854192,rise
16.94,left,0.987212244116,0.908721038312,-0.0784912058041,rise
16.95,left,0.987320338428,0.908663493495,-0.0786568449331,rise
16.96,left,0.987367469249,0.908605768199,-0.07876170105,rise
16.97,left,0.987357301902,0.908547911956,-0.0788093899467,rise
16.98,left,0.987294821441,0.90848999645,-0.0788048249907,rise
16.99,left,0.98718594194,0.908432105362,-0.0787538365784,rise
17,left,0.987036770352,0.9083743243,-0.0786624460526,rise
17.01,left,0.986852666746,0.908316730756,-0.07853593599,rise
17.02,left,0.986637866344,0.908259383907,-0.078378482437,rise
17.03,left,0.986395782793,0.908202314074,-0.0781934687195,rise
17.04,left,0.986129341433,0.908145511675,-0.0779838297579,rise
17.05,left,0.985841283553,0.908088917069,-0.0777523664843,rise
17.06,left,0.985534776722,0.908032416124,-0.0775023605971,rise
17.07,left,0.985213959802,0.907975845186,-0.0772381146161,rise
17.08,left,0.984883972672,0.907919002701,-0.0769649699711,rise
17.09,left,0.984550632082,0.907861662584,-0.0766889694976,rise
17.1,left,0.984219782407,0.907803587432,-0.0764161949752,rise
17.11,left,0.983896281481,0.907744541693,-0.0761517397888,rise
17.12,left,0.983583280118,0.907684305044,-0.0758989750738,rise
17.13,left,0.983282402511,0.90762268626,-0.0756597162511,rise
17.14,left,0.98299440701,0.907559537834,-0.0754348691765,rise
17.15,left,0.982719752716,0.907494769681,-0.0752249830352,rise
17.16,left,0.982459320093,0.907428356091,-0.0750309640017,rise
17.17,left,0.982215360247,0.907360331486,-0.0748550287606,rise
17.18,left,0.981991948119,0.907290778417,-0.0747011697021,rise
17.19,left,0.981794727818,0.907219813885,-0.0745749139329,rise
17.2,left,0.981630395844,0.907147576386,-0.0744828194581,rise
17.21,left,0.981505821023,0.907074213639,-0.0744316073838,rise
17.22,left,0.981426715202,0.906999870788,-0.0744268444148,rise
17.23,left,0.981396613733,0.906924678839,-0.0744719348936,rise
17.24,left,0.9814166483,0.906848743131,-0.0745679051698,rise
17.25,left,0.981485832922,0.906772132963,-0.0747136999585,rise
17.26,left,0.981601867367,0.906694876459,-0.0749069909079,rise
17.27,left,0.981762632897,0.906616963714,-0.0751456691826,rise
17.28,left,0.981967707231,0.906538355873,-0.0754293513573,rise
17.29,left,0.982218873814,0.906458995884,-0.0757598779304,rise
17.3,left,0.982519506736,0.906378819286,-0.0761406874501,rise
17.31,left,0.982873285969,0.906297765077,-0.0765755208919,rise
17.32,left,0.983282524681,0.906215786834,-0.0770667378472,rise
17.33,left,0.983746841926,0.906132864291,-0.077613977635,rise
17.34,left,0.984263152238,0.906049015558,-0.0782141366803,rise
17.35,left,0.984826648101,0.905964308578,-0.0788623395227,rise
17.36,left,0.985431537917,0.905878867006,-0.0795526709106,rise
17.37,left,0.986071150926,0.905792866839,-0.0802782840868,rise
17.38,left,0.986737658628,0.905706526562,-0.0810311320667,rise
17.39,left,0.98742127624,0.905620095791,-0.0818011804493,rise
17.4,left,0.98810912367,0.905533844311,-0.0825752793592,rise
17.41,left,0.988784681332,0.905448051453,-0.0833366298793,rise
17.42,left,0.989428229817,0.90536299558,-0.0840652342369,rise
17.43,left,0.990017798599,0.90527894344,-0.0847388551586,rise
17.44,left,0.990530608453,0.905196139152,-0.0853344693004,rise
17.45,left,0.99094542324,0.905114793632,-0.0858306296077,rise
17.46,left,0.991245318596,0.905035077502,-0.0862102410938,rise
17.47,left,0.991419775633,0.904957119766,-0.0864626558667,rise
17.48,left,0.991465622777,0.904881010334,-0.0865846124425,rise
17.49,left,0.991386596735,0.90480680299,-0.0865797937449,rise
17.5,left,0.991191241838,0.904734517457,-0.0864567243815,rise
17.51,left,0.990889937657,0.904664140433,-0.0862257972246,rise
17.52,left,0.99049259756,0.904595625635,-0.0858969719245,rise
17.53,left,0.990007668395,0.904528892835,-0.0854787755604,rise
17.54,left,0.989442314385,0.904463825889,-0.0849784884964,rise
17.55,left,0.988803694501,0.904400270654,-0.0844034238462,rise
17.56,left,0.988100703666,0.904338035553,-0.0837626681134,rise
17.57,left,0.987344971007,0.904276896919,-0.0830680740873,rise
17.58,left,0.986550720112,0.904216607683,-0.0823341124296,rise
17.59,left,0.985734183473,0.904156906693,-0.0815772767803,rise
17.6,left,0.984912776563,0.904097527708,-0.080815248855,rise
17.61,left,0.984103669367,0.904038208154,-0.080065461213,rise
17.62,left,0.983322228524,0.903978697866,-0.0793435306585,rise
17.63,left,0.982581005411,0.903918768003,-0.0786622374077,rise
17.64,left,0.981889017989,0.903858220352,-0.0780307976363,rise
17.65,left,0.981251234422,0.903796896114,-0.077454338308,rise
17.66,left,0.980668818544,0.903734680916,-0.0769341376287,rise
17.67,left,0.980140062303,0.903671503598,-0.0764685587048,rise
17.68,left,0.979661406892,0.903607330743,-0.0760540761495,rise
17.69,left,0.979228569078,0.903542160437,-0.0756864086413,rise
17.7,left,0.97883783366,0.903476016667,-0.0753618169928,rise
17.71,left,0.978486688369,0.90340894437,-0.0750777439992,rise
17.72,left,0.97817324874,0.90334100506,-0.0748322436802,rise
17.73,left,0.977895239213,0.903272272946,-0.0746229662668,rise
17.74,left,0.977649247339,0.903202831478,-0.0744464158605,rise
17.75,left,0.977430204681,0.903132770163,-0.0742974345176,rise
17.76,left,0.977231418094,0.903062181397,-0.0741692366972,rise
17.77,left,0.977045526436,0.902991157086,-0.0740543693501,rise
17.78,left,0.976865666988,0.902919785089,-0.0739458818995,rise
17.79,left,0.976686069014,0.902848145612,-0.0738379234018,rise
17.8,left,0.976502472839,0.902776307572,-0.0737261652664,rise
17.81,left,0.976312833293,0.902704324837,-0.0736085084556,rise
17.82,left,0.976117805527,0.902632232286,-0.0734855732406,rise
17.83,left,0.975920584753,0.902560041608,-0.0733605431446,rise
17.84,left,0.97572636481,0.902487736756,-0.0732386280536,rise
17.85,left,0.97554149781,0.90241526981,-0.0731262280007,rise
17.86,left,0.975372121931,0.90234255971,-0.0730295622202,rise
17.87,left,0.975222536998,0.902269495772,-0.0729530412262,rise
17.88,left,0.975093885227,0.902195944585,-0.0728979406423,rise
17.89,left,0.974983249068,0.902121757835,-0.0728614912332,rise
17.9,left,0.974883313592,0.902046780093,-0.0728365334985,rise
17.91,left,0.974782969188,0.90197085666,-0.0728121125276,rise
17.92,left,0.974668499644,0.901893841614,-0.0727746580293,rise
17.93,left,0.974524701071,0.901815606244,-0.0727090948276,rise
17.94,left,0.97433622036,0.901736048018,-0.0726001723418,rise
17.95,left,0.974089476196,0.901655099134,-0.0724343770619,rise
17.96,left,0.973774555856,0.901572731207,-0.0722018246489,rise
17.97,left,0.973386473214,0.90148895352,-0.0718975196941,rise
17.98,left,0.972925796177,0.901403806854,-0.0715219893238,rise
17.99,left,0.972398527943,0.901317356505,-0.0710811714383,rise
18,left,0.971815042861,0.901229685905,-0.070585356956,rise
18.01,left,0.971188819228,0.901140890857,-0.0700479283707,rise
18.02,left,0.970536002853,0.901051074273,-0.0694849285797,rise
18.03,left,0.969875403755,0.900960341305,-0.0689150624498,rise
18.04,left,0.969227893622,0.90086879477,-0.068359098852,rise
18.05,left,0.968615225028,0.900776531141,-0.0678386938874,rise
18.06,left,0.96805859361,0.900683638162,-0.0673749554478,rise
18.07,left,0.967576816471,0.900590194893,-0.0669866215776,rise
18.08,left,0.967184451928,0.900496273512,-0.0666881784166,rise
18.09,left,0.966890544588,0.900401941669,-0.0664886029191,rise
18.1,left,0.966698092015,0.900307264946,-0.0663908270689,rise
18.11,left,0.966604173011,0.900212309375,-0.0663918636362,rise
18.12,left,0.966601105019,0.900117144055,-0.0664839609634,rise
18.13,left,0.966678536908,0.900021843891,-0.0666566930168,rise
18.14,left,0.966825420495,0.899926492468,-0.0668989280273,rise
18.15,left,0.967031295811,0.899831184663,-0.0672001111474,rise
18.16,left,0.967287617478,0.899736027633,-0.0675515898451,rise
18.17,left,0.967589490827,0.899641139134,-0.0679483516935,rise
18.18,left,0.96793700214,0.899546643915,-0.0683903582256,rise
18.19,left,0.968335404629,0.899452669519,-0.0688827351099,rise
18.2,left,0.968793874274,0.899359341974,-0.0694345323,rise
18.21,left,0.969322631501,0.899266781334,-0.0700558501663,rise
18.22,left,0.969929127492,0.899175096959,-0.0707540305323,rise
18.23,left,0.970614972041,0.899084382436,-0.0715305896048,rise
18.24,left,0.971374524507,0.898994710031,-0.0723798144757,rise
18.25,left,0.972194885786,0.898906125348,-0.0732887604379,rise
18.26,left,0.973056996816,0.898818644553,-0.0742383522638,rise
18.27,left,0.973937547233,0.898732255945,-0.0752052912874,rise
18.28,left,0.974810954382,0.898646924502,-0.0761640298806,rise
18.29,left,0.975651076489,0.898562596911,-0.0770884795774,rise
18.3,left,0.976433270941,0.898479206149,-0.0779540647926,rise
18.31,left,0.977137012812,0.898396675578,-0.0787403372339,rise
18.32,left,0.977748275959,0.898314922667,-0.0794333532917,rise
18.33,left,0.978261289829,0.898233862395,-0.0800274274336,rise
18.34,left,0.978679759518,0.898153410423,-0.0805263490949,rise
18.35,left,0.979016816216,0.898073485948,-0.0809433302675,rise
18.36,left,0.979292984989,0.897994013833,-0.0812989711565,rise
18.37,left,0.979532803621,0.897914925707,-0.0816178779144,rise
18.38,left,0.979761048188,0.897836160344,-0.0819248878442,rise
18.39,left,0.979999041967,0.89775766384,-0.0822413781261,rise
18.4,left,0.980261891762,0.897679389803,-0.0825825019586,rise
18.41,left,0.980557588683,0.897601299595,-0.0829562890879,rise
18.42,left,0.980887715959,0.897523362645,-0.0833643533144,rise
18.43,left,0.981248815084,0.897445556833,-0.0838032582517,rise
18.44,left,0.981634149752,0.897367868981,-0.084266280771,rise
18.45,left,0.982035762452,0.897290295215,-0.0847454672371,rise
18.46,left,0.98244602679,0.897212840514,-0.085233186276,rise
18.47,left,0.982858426214,0.897135516901,-0.0857229093121,rise
18.48,left,0.983268277665,0.897058340662,-0.086209937003,rise
18.49,left,0.983673469484,0.896981329259,-0.0866921402257,rise
18.5,left,0.984074522172,0.896904498206,-0.0871700239663,rise
18.51,left,0.984473924142,0.896827857877,-0.0876460662654,rise
18.52,left,0.984875154472,0.896751410178,-0.0881237442941,rise
18.53,left,0.985281482214,0.896675145044,-0.0886063371702,rise
18.54,left,0.98569472674,0.896599036695,-0.0890956900449,rise
18.55,left,0.986114374238,0.89652304016,-0.0895913340782,rise
18.56,left,0.986536937402,0.896447089736,-0.0900898476659,rise
18.57,left,0.986955175047,0.896371100689,-0.0905840743578,rise
18.58,left,0.987357554647,0.896294973227,-0.0910625814198,rise
18.59,left,0.987728697654,0.896218597056,-0.0915101005985,rise
18.6,left,0.988050564009,0.896141855866,-0.0919087081433,rise
18.61,left,0.98830375043,0.896064631784,-0.0922391186455,rise
18.62,left,0.988469082451,0.895986809894,-0.0924822725566,rise
18.63,left,0.988529544289,0.895908282926,-0.092621261363,rise
18.64,left,0.988471821149,0.895828956213,-0.0926428649352,rise
18.65,left,0.98828716567,0.895748752552,-0.0925384131185,rise
18.66,left,0.987971964719,0.895667615552,-0.0923043491671,rise
18.67,left,0.98752805988,0.895585510451,-0.0919425494286,rise
18.68,left,0.986962686811,0.895502423252,-0.0914602635594,rise
18.69,left,0.986288271451,0.895418359741,-0.0908699117102,rise
18.7,left,0.985522099194,0.895333345013,-0.0901887541814,rise
18.71,left,0.984685221895,0.895247423547,-0.0894377983481,rise
18.72,left,0.983800482458,0.895160659821,-0.0886398226372,rise
18.73,left,0.982890677064,0.895073139478,-0.0878175375855,rise
18.74,left,0.981977468176,0.894984971036,-0.0869924971395,rise
18.75,left,0.981080694464,0.894896287597,-0.0861844068668,rise
18.76,left,0.980217990885,0.89480724687,-0.0854107440148,rise
18.77,left,0.979404686798,0.894718028192,-0.0846866586064,rise
18.78,left,0.978653391524,0.894628827428,-0.0840245640957,rise
18.79,left,0.977973207632,0.894539851396,-0.0834333562365,rise
18.8,left,0.977369281838,0.894451312387,-0.082917969451,rise
18.81,left,0.976842775619,0.894363422727,-0.0824793528916,rise
18.82,left,0.976390831301,0.894276389226,-0.0821144420757,rise
18.83,left,0.976006870775,0.894190407368,-0.0818164634075,rise
18.84,left,0.975681711235,0.894105655121,-0.0815760561143,rise
18.85,left,0.975404981901,0.89402228684,-0.0813826950611,rise
18.86,left,0.975166211418,0.893940429121,-0.0812257822974,rise
18.87,left,0.974955880352,0.893860180017,-0.0810957003353,rise
18.88,left,0.974766521395,0.893781610407,-0.0809849109886,rise
18.89,left,0.974593055987,0.893704765462,-0.0808882905257,rise
18.9,left,0.974432247756,0.893629665358,-0.0808025823985,rise
18.91,left,0.974282047201,0.893556305157,-0.0807257420443,rise
18.92,left,0.974140994157,0.89348465385,-0.0806563403064,rise
18.93,left,0.974007556465,0.893414652562,-0.0805929039033,rise
18.94,left,0.973879845513,0.893346211871,-0.0805336336421,rise
18.95,left,0.973755915828,0.893279209122,-0.0804767067059,rise
18.96,left,0.973634266579,0.893213488416,-0.0804207781632,rise
18.97,left,0.973514412531,0.893148865361,-0.0803655471703,rise
18.98,left,0.973397505644,0.893085135139,-0.0803123705055,rise
18.99,left,0.973286390444,0.893022081242,-0.0802643092029,rise
19,left,0.973184671188,0.892959483895,-0.0802251872933,rise
19.01,left,0.973095557123,0.892897128258,-0.080198428865,rise
19.02,left,0.973021361194,0.892834812589,-0.0801865486045,rise
19.03,left,0.972963460341,0.892772356557,-0.0801911037835,rise
19.04,left,0.972922448571,0.892709609876,-0.0802128386953,rise
19.05,left,0.972898710244,0.892646460358,-0.0802522498861,rise
19.06,left,0.972893084387,0.892582838136,-0.0803102462509,rise
19.07,left,0.972907010679,0.892518713587,-0.0803882970912,rise
19.08,left,0.972942433833,0.8924540909,-0.0804883429323,rise
19.09,left,0.973001880065,0.892389000719,-0.0806128793458,rise
19.1,left,0.973088368291,0.892323493205,-0.0807648750864,rise
19.11,left,0.973205083582,0.892257631528,-0.0809474520538,rise
19.12,left,0.973355356331,0.892191485662,-0.0811638706686,rise
19.13,left,0.973542917812,0.892125126385,-0.0814177914276,rise
19.14,left,0.973771815556,0.892058619353,-0.0817131962031,rise
19.15,left,0.974046035577,0.891992019582,-0.0820540159953,rise
19.16,left,0.974369479454,0.891925367533,-0.0824441119209,rise
19.17,left,0.974746266728,0.89185868773,-0.0828875789985,rise
19.18,left,0.975180781845,0.891791989112,-0.0833887927336,rise
19.19,left,0.97567733859,0.891725265764,-0.0839520728263,rise
19.2,left,0.976239427425,0.891658497463,-0.0845809299627,rise
19.21,left,0.976868342651,0.891591650005,-0.0852766926462,rise
19.22,left,0.977561673912,0.891524675324,-0.0860369985885,rise
19.23,left,0.978312546476,0.89145751141,-0.0868550350659,rise
19.24,left,0.979109767942,0.891390082043,-0.0877196858991,rise
19.25,left,0.979938610732,0.891322296641,-0.0886163140913,rise
19.26,left,0.980782231467,0.891254051177,-0.0895281802897,rise
19.27,left,0.981623478615,0.891185230886,-0.0904382477296,rise
19.28,left,0.982446247871,0.891115714299,-0.0913305335717,rise
19.29,left,0.983236150367,0.891045377757,-0.0921907726104,rise
19.3,left,0.983981325264,0.890974100085,-0.0930072251792,rise
19.31,left,0.984673413179,0.890901767524,-0.0937716456548,rise
19.32,left,0.98530758895,0.89082827901,-0.0944793099406,rise
19.33,left,0.985881635259,0.890753551917,-0.0951280833414,rise
19.34,left,0.986395015594,0.890677528391,-0.0957174872029,rise
19.35,left,0.98684822128,0.890600181329,-0.0962480399505,rise
19.36,left,0.987242297882,0.8905215169,-0.0967207809813,rise
19.37,left,0.987578656072,0.890441571193,-0.0971370848786,rise
19.38,left,0.987858959483,0.890360402805,-0.0974985566788,rise
19.39,left,0.988084728235,0.890278084602,-0.0978066436331,rise
19.4,left,0.988256926133,0.890194695901,-0.098062230232,rise
19.41,left,0.988375989475,0.890110315029,-0.0982656744457,rise
19.42,left,0.988442037096,0.890025012155,-0.098417024941,rise
19.43,left,0.988454976079,0.889938842223,-0.098516133856,rise
19.44,left,0.98841494851,0.889851837896,-0.0985631106139,rise
19.45,left,0.988323217842,0.889764003345,-0.0985592144973,rise
19.46,left,0.988182790498,0.889675311888,-0.0985074786104,rise
19.47,left,0.987998542709,0.889585709744,-0.0984128329651,rise
19.48,left,0.987777191898,0.889495124216,-0.0982820676821,rise
19.49,left,0.987526934856,0.889403473227,-0.0981234616287,rise
19.5,left,0.98725647065,0.889310675083,-0.0979457955665,rise
19.51,left,0.986973926041,0.889216658492,-0.0977572675485,rise
19.52,left,0.986686284041,0.88912137305,-0.0975649109907,rise
19.53,left,0.986399304563,0.889024800355,-0.0973745042074,rise
19.54,left,0.986117870756,0.888926965949,-0.0971909048075,rise
19.55,left,0.985846645327,0.888827950586,-0.0970186947418,rise
19.56,left,0.98559032758,0.888727895754,-0.0968624318253,rise
19.57,left,0.985352978819,0.88862699958,-0.0967259792397,rise
19.58,left,0.985137164916,0.888525506001,-0.096611658915,rise
19.59,left,0.984943894513,0.888423692451,-0.0965202020618,rise
19.6,left,0.984773006178,0.888321858018,-0.0964511481605,rise
19.61,left,0.984623404659,0.88822031204,-0.0964030926194,rise
19.62,left,0.984493466924,0.888119362857,-0.0963741040672,rise
19.63,left,0.98438168104,0.88801930648,-0.0963623745598,rise
19.64,left,0.984287028287,0.887920414915,-0.0963666133713,rise
19.65,left,0.984209192439,0.887822925108,-0.0963862673304,rise
19.66,left,0.984148691278,0.887727032096,-0.096421659182,rise
19.67,left,0.984106340922,0.887632889058,-0.0964734518634,rise
19.68,left,0.984082142991,0.887540612034,-0.0965415309567,rise
19.69,left,0.984074675518,0.887450285392,-0.0966243901261,rise
19.7,left,0.984081309027,0.887361966464,-0.0967193425631,rise
19.71,left,0.984098617697,0.887275689264,-0.0968229284325,rise
19.72,left,0.984122943418,0.887191467334,-0.0969314760845,rise
19.73,left,0.984151538084,0.887109295747,-0.0970422423369,rise
19.74,left,0.984183859306,0.887029152316,-0.0971547069899,rise
19.75,left,0.9842223012,0.886950998209,-0.0972713029902,rise
19.76,left,0.984272336691,0.886874778677,-0.0973975580141,peak
19.77,left,0.984341988468,0.886800424387,-0.0975415640816,peak
19.78,left,0.984440358272,0.886727853039,-0.0977125052326,peak
19.79,left,0.984575773864,0.886656970606,-0.0979188032582,peak
19.8,left,0.984754416607,0.886587671967,-0.0981667446405,peak
19.81,left,0.984979434085,0.88651984094,-0.0984595931447,peak
19.82,left,0.985250296838,0.886453349747,-0.0987969470902,peak
19.83,left,0.985562705207,0.886388057916,-0.0991746472906,peak
19.84,left,0.985909157651,0.886323810656,-0.099585346995,peak
19.85,left,0.986279591905,0.886260437215,-0.10001915469,peak
19.86,left,0.986661744799,0.886197750864,-0.100463993936,peak
19.87,left,0.987041640341,0.886135551743,-0.100906088598,peak
19.88,left,0.987404385908,0.886073631753,-0.101330754154,peak
19.89,left,0.987734975675,0.886011779945,-0.10172319573,peak
19.9,left,0.98801925856,0.885949787848,-0.102069470712,peak
19.91,left,0.988245167191,0.885887454819,-0.102357712372,peak
19.92,left,0.988403463183,0.885824593558,-0.102578869625,peak
19.93,left,0.988487576855,0.885761035913,-0.102726540942,peak
19.94,left,0.988493027127,0.885696639119,-0.102796388007,peak
19.95,left,0.98841680852,0.885631291733,-0.102785516787,peak
19.96,left,0.988256969119,0.88556491662,-0.102692052499,peak
19.97,left,0.988012993368,0.885497469002,-0.102515524366,peak
19.98,left,0.987687207523,0.885428931143,-0.102258276381,peak
19.99,left,0.987286208825,0.885359306439,-0.101926902386,peak
20,left,0.986821312124,0.885288614026,-0.101532698099,peak
20.01,left,0.986308279885,0.8852168839,-0.101091395986,peak
20.02,left,0.985766751075,0.885144152486,-0.100622598588,peak
20.03,left,0.985219053094,0.885070458567,-0.100148594526,peak
20.04,left,0.984688528014,0.884995839496,-0.0996926885179,peak
20.05,left,0.984198031327,0.884920328065,-0.0992777032612,peak
20.06,left,0.983768580673,0.884843951293,-0.0989246293806,peak
20.07,left,0.983417902128,0.884766732104,-0.0986511700245,peak
20.08,left,0.983159240231,0.884688693169,-0.0984705470619,peak
20.09,left,0.983000633903,0.884609861563,-0.0983907723405,peak
20.1,left,0.982944396988,0.884530273754,-0.0984141232345,peak
20.11,left,0.982987117199,0.884449980937,-0.0985371362619,peak
20.12,left,0.983120757382,0.884369054789,-0.0987517025928,peak
20.13,left,0.983334377334,0.884287593726,-0.0990467836082,peak
20.14,left,0.983615498191,0.884205729739,-0.0994097684517,peak
20.15,left,0.983950992804,0.884123634788,-0.0998273580161,peak
20.16,left,0.984327681289,0.884041523334,-0.100286157955,peak
20.17,left,0.984732228906,0.883959648439,-0.100772580467,peak
20.18,left,0.985150383173,0.883878293263,-0.10127208991,peak
20.19,left,0.985566485321,0.883797761382,-0.101768723939,peak
20.2,left,0.985963618143,0.883718367162,-0.102245250981,peak
20.21,left,0.986324058514,0.883640426102,-0.102683632412,peak
20.22,left,0.986630250159,0.883564244906,-0.103066005253,peak
20.23,left,0.986866570056,0.883490111052,-0.103376459004,peak
20.24,left,0.987021329137,0.883418281614,-0.103603047523,peak
20.25,left,0.987088458206,0.883348972388,-0.103739485818,peak
20.26,left,0.987068852265,0.883282351113,-0.103786501152,peak
20.27,left,0.98697093117,0.883218537666,-0.103752393503,peak
20.28,left,0.986809580057,0.883157608875,-0.103651971182,peak
20.29,left,0.986603683159,0.883099603816,-0.103504079343,peak
20.3,left,0.986373440838,0.883044527939,-0.103328912899,peak
20.31,left,0.986138014403,0.882992355926,-0.103145658477,peak
20.32,left,0.985913555044,0.882943033327,-0.102970521717,peak
20.33,left,0.985712193743,0.882896477003,-0.10281571674,peak
20.34,left,0.985542197505,0.882852574402,-0.102689623103,peak
20.35,left,0.985408650454,0.88281118235,-0.102597468104,peak
20.36,left,0.985314443054,0.882772127454,-0.102542315601,peak
20.37,left,0.985261717612,0.882735209737,-0.102526507875,peak
20.38,left,0.985253158259,0.882700208415,-0.102552949844,peak
20.39,left,0.985292433909,0.882666887768,-0.10262554614,peak
20.4,left,0.98538401177,0.882635002378,-0.102749009392,peak
20.41,left,0.985532569965,0.882604301785,-0.102928268179,peak
20.42,left,0.985741646744,0.882574534712,-0.103167112032,peak
20.43,left,0.986011778455,0.882545452963,-0.103466325492,peak
20.44,left,0.986339272187,0.882516815149,-0.103822457038,peak
20.45,left,0.986716093641,0.88248839003,-0.10422770361,peak
20.46,left,0.987130531308,0.882459958614,-0.104670572695,peak
20.47,left,0.987568712872,0.882431314374,-0.105137398498,peak
20.48,left,0.9880169091,0.882402262205,-0.105614646895,peak
20.49,left,0.988463573449,0.882372617156,-0.106090956293,peak
20.5,left,0.988900420524,0.88234220339,-0.106558217135,peak
20.51,left,0.989322915459,0.882310853438,-0.107012062021,peak
20.52,left,0.989730289657,0.882278407781,-0.107451881876,peak
20.53,left,0.990124837778,0.88224471479,-0.107880122988,peak
20.54,left,0.990510956971,0.882209631065,-0.108301325906,peak
20.55,left,0.990894461927,0.882173022087,-0.10872143984,peak
20.56,left,0.991281896245,0.882134762797,-0.109147133448,peak
20.57,left,0.991679644676,0.882094737842,-0.109584906834,peak
20.58,left,0.992093358779,0.882052841754,-0.110040517025,peak
20.59,left,0.992527847351,0.882008979533,-0.110518867817,peak
20.6,left,0.992986857973,0.881963067852,-0.11102379012,peak
20.61,left,0.993472745055,0.881915036942,-0.111557708113,peak
20.62,left,0.993986504122,0.881864833202,-0.11212167092,peak
20.63,left,0.994527834254,0.881812422608,-0.112715411646,peak
20.64,left,0.995094651902,0.881757794962,-0.11333685694,peak
20.65,left,0.99568235132,0.881700968175,-0.113981383145,peak
20.66,left,0.996283286437,0.881641989801,-0.114641296636,peak
20.67,left,0.996886460113,0.88158093372,-0.115305526393,peak
20.68,left,0.997477622042,0.881517893533,-0.11595972851,peak
20.69,left,0.998040230358,0.881452975468,-0.116587254889,peak
20.7,left,0.998557042154,0.88138629189,-0.117170750264,peak
20.71,left,0.999011657866,0.881317955374,-0.117693702492,peak
20.72,left,0.999389949634,0.881248073227,-0.118141876407,peak
20.73,left,0.999681470714,0.881176742351,-0.118504728363,peak
20.74,left,0.999880308288,0.881104044318,-0.118776263971,peak
20.75,left,0.99998525491,0.881030040985,-0.118955213925,peak
20.76,left,1,0.880954771828,-0.119045228172,peak
20.77,left,0.999933337689,0.880878253887,-0.119055083802,peak
20.78,left,0.999798618638,0.880800483588,-0.118998135051,peak
20.79,left,0.999612371583,0.880721439148,-0.118890932435,peak
20.8,left,0.999392555487,0.880641083054,-0.118751472433,peak
20.81,left,0.999156410548,0.880559364615,-0.118597045932,peak
20.82,left,0.998918031657,0.880476222632,-0.118441809025,peak
20.83,left,0.998686579512,0.880391588247,-0.118294991265,peak
20.84,left,0.998465576561,0.880305388037,-0.118160188524,peak
20.85,left,0.998252781337,0.880217547247,-0.11803523409,peak
20.86,left,0.998040518618,0.880127992788,-0.11791252583,peak
20.87,left,0.997816844442,0.880036655704,-0.117780188738,peak
20.88,left,0.997567228213,0.879943473421,-0.117623754793,peak
20.89,left,0.997276232124,0.87984839234,-0.117427839784,peak
20.9,left,0.996929464487,0.879751371016,-0.117178093471,peak
20.91,left,0.996515736067,0.879652384002,-0.116863352065,peak
20.92,left,0.996028421723,0.879551426439,-0.116476995283,peak
20.93,left,0.995465678383,0.879448519462,-0.116017158922,peak
20.94,left,0.994830101972,0.879343716512,-0.11548638546,peak
20.95,left,0.994128071876,0.879237109473,-0.114890962403,peak
20.96,left,0.993368722679,0.87912883103,-0.114239891649,peak
20.97,left,0.992562785898,0.879019050526,-0.113543735372,peak
20.98,left,0.991721429083,0.878907965303,-0.11281346378,peak
20.99,left,0.990854979703,0.878795791157,-0.112059188546,peak
21,left,0.989972032047,0.878682753283,-0.111289278764,peak
21.01,left,0.989079723351,0.878569077644,-0.110510645708,peak
21.02,left,0.988184695381,0.878454982564,-0.109729712817,peak
21.03,left,0.987293543469,0.878340670365,-0.108952873104,peak
21.04,left,0.986412709132,0.87822631886,-0.108186390272,peak
21.05,left,0.985548341102,0.878112073513,-0.107436267589,peak
21.06,left,0.984706029425,0.87799804326,-0.106707986165,peak
21.07,left,0.983890470262,0.877884302227,-0.106006168035,peak
21.08,left,0.983105604037,0.877770895553,-0.105334708483,peak
21.09,left,0.982355234972,0.877657846149,-0.104697388823,peak
21.1,left,0.981643675973,0.877545161123,-0.10409851485,peak
21.11,left,0.980976484399,0.87743283788,-0.103543646519,peak
21.12,left,0.980361426029,0.877320869966,-0.103040556063,peak
21.13,left,0.979808941508,0.877209252765,-0.102599688743,peak
21.14,left,0.979331353031,0.877097989134,-0.102233363897,peak
21.15,left,0.978941148245,0.876987094516,-0.101954053729,peak
21.16,left,0.978649092978,0.876876599877,-0.1017724931,peak
21.17,left,0.978462470887,0.876766551229,-0.101695919658,peak
21.18,left,0.978383877344,0.87665700669,-0.101726870654,peak
21.19,left,0.978411081967,0.876548032833,-0.101863049135,peak
21.2,left,0.978537541435,0.876439700973,-0.102097840462,peak
21.21,left,0.978752909224,0.876332083386,-0.102420825838,peak
21.22,left,0.97904377027,0.876225249385,-0.102818520885,peak
21.23,left,0.979394748557,0.876119261161,-0.103275487395,peak
21.24,left,0.979789494359,0.876014169329,-0.103775325031,peak
21.25,left,0.980211570573,0.875910008662,-0.104301561911,peak
21.26,left,0.980645721043,0.875806795847,-0.104838925196,peak
21.27,left,0.98107912951,0.875704530579,-0.10537459893,peak
21.28,left,0.981501770265,0.875603198983,-0.105898571283,peak
21.29,left,0.981905894462,0.875502777433,-0.106403117029,peak
21.3,left,0.982285181787,0.875403236065,-0.106881945722,peak
21.31,left,0.9826334404,0.875304541953,-0.107328898448,peak
21.32,left,0.982943033433,0.875206662018,-0.107736371414,peak
21.33,left,0.983204142705,0.875109565725,-0.10809457698,peak
21.34,left,0.983405324771,0.875013227607,-0.108392097165,peak
21.35,left,0.983534785988,0.874917629563,-0.108617156425,peak
21.36,left,0.983582089715,0.874822762597,-0.108759327118,peak
21.37,left,0.983540093127,0.874728627761,-0.108811465365,peak
21.38,left,0.98340631574,0.87463523653,-0.108771079211,peak
21.39,left,0.983183291176,0.87454261098,-0.108640680196,peak
21.4,left,0.982878344996,0.874450783948,-0.108427561049,peak
21.41,left,0.982502984587,0.874359799152,-0.108143185435,peak
21.42,left,0.982071579801,0.874269711294,-0.107801868507,peak
21.43,left,0.98159978951,0.874180586119,-0.107419203391,peak
21.44,left,0.981103677581,0.874092500422,-0.107011177159,peak
21.45,left,0.980599415882,0.874005541885,-0.106593873997,peak
21.46,left,0.98010291762,0.873919808383,-0.106183109238,peak
21.47,left,0.979629454583,0.873835406489,-0.105794048094,peak
21.48,left,0.979193431329,0.873752449315,-0.105440982014,peak
21.49,left,0.978807970889,0.87367105396,-0.105136916929,peak
21.5,left,0.978484358128,0.873591338656,-0.104893019473,peak
21.51,left,0.978231863998,0.873513419531,-0.104718444467,peak
21.52,left,0.978057768917,0.873437406919,-0.104620361997,peak
21.53,left,0.977967111539,0.873363401129,-0.10460371041,peak
21.54,left,0.977962488047,0.873291487566,-0.104671000481,peak
21.55,left,0.978044214512,0.87322173179,-0.104822482723,peak
21.56,left,0.978210347127,0.873154176433,-0.105056170695,peak
21.57,left,0.978456356317,0.873088841483,-0.105367514834,peak
21.58,left,0.978775119135,0.873025726738,-0.105749392397,peak
21.59,left,0.97915734366,0.87296481433,-0.10619252933,peak
21.6,left,0.979591821157,0.872906070498,-0.106685750659,peak
21.61,left,0.980065758792,0.872849446545,-0.107216312246,peak
21.62,left,0.980565792598,0.872794879019,-0.107770913579,peak
21.63,left,0.981079178699,0.872742289127,-0.108336889572,peak
21.64,left,0.981594572208,0.872691581387,-0.108902990821,peak
21.65,left,0.982102662864,0.872642641962,-0.109460020902,peak
21.66,left,0.982596743618,0.872595338001,-0.110001405617,peak
21.67,left,0.983072871402,0.872549519048,-0.110523352354,peak
21.68,left,0.983529687636,0.872505019778,-0.111024667859,peak
21.69,left,0.98396797413,0.87246166276,-0.11150631137,peak
21.7,left,0.984389402466,0.872419260739,-0.111970141726,peak
21.71,left,0.984794400591,0.872377618481,-0.11241678211,peak
21.72,left,0.985180349144,0.872336534244,-0.1128438149,peak
21.73,left,0.985541029731,0.872295800965,-0.113245228766,peak
21.74,left,0.985866993156,0.872255207216,-0.113611785941,peak
21.75,left,0.986146643685,0.872214538193,-0.113932105492,peak
21.76,left,0.986368136288,0.872173577398,-0.11419455889,peak
21.77,left,0.986521394292,0.87213210953,-0.114389284762,decay
21.78,left,0.986599514581,0.872089924352,-0.114509590229,decay
21.79,left,0.986599662497,0.872046821043,-0.114552841454,decay
21.8,left,0.986523430048,0.872002612895,-0.114520817153,decay
21.81,left,0.986376177821,0.871957132467,-0.114419045354,decay
21.82,left,0.9861655752,0.87191023732,-0.114255337881,decay
21.83,left,0.985900251207,0.871861816464,-0.114038434744,decay
21.84,left,0.985588891948,0.871811797662,-0.113777094286,decay
21.85,left,0.985239599227,0.871760154377,-0.11347944485,decay
21.86,left,0.984859786795,0.871706908286,-0.113152878509,decay
21.87,left,0.984456835902,0.871652124266,-0.112804711636,decay
21.88,left,0.984038786211,0.871595900163,-0.112442886048,decay
21.89,left,0.983614402006,0.871538355513,-0.112076046493,decay
21.9,left,0.983192880356,0.871479620818,-0.111713259538,decay
21.91,left,0.982783314177,0.871419827332,-0.111363486845,decay
21.92,left,0.982393673998,0.871359097152,-0.111034576846,decay
21.93,left,0.982029754943,0.871297533434,-0.110732221509,decay
21.94,left,0.981694668937,0.871235210546,-0.11045945839,decay
21.95,left,0.981388745927,0.871172165165,-0.110216580762,decay
21.96,left,0.981109743136,0.871108391838,-0.110001351298,decay
21.97,left,0.980853675492,0.871043845707,-0.109809829785,decay
21.98,left,0.980616076618,0.870978450328,-0.109637626289,decay
21.99,left,0.980392964751,0.870912106899,-0.109480857852,decay
22,left,0.9801814877,0.870844703478,-0.109336784222,decay
22.01,left,0.979980758012,0.870776124239,-0.109204633773,decay
22.02,left,0.979792511983,0.870706258928,-0.109086253055,decay
22.03,left,0.979620941051,0.870635012704,-0.108985928347,decay
22.04,left,0.97947208691,0.870562316549,-0.108909770361,decay
22.05,left,0.979353134822,0.870488137232,-0.10886499759,decay
22.06,left,0.979271099493,0.870412483274,-0.108858616219,decay
22.07,left,0.97923100772,0.870335404225,-0.108895603494,decay
22.08,left,0.979234526365,0.870256985366,-0.108977541,decay
22.09,left,0.979279456439,0.870177341591,-0.109102114848,decay
22.1,left,0.979359993327,0.870096611978,-0.109263381348,decay
22.11,left,0.979467870526,0.870014955032,-0.109452915494,decay
22.12,left,0.979594145791,0.869932544517,-0.109661601274,decay
22.13,left,0.97973065281,0.869849565764,-0.109881087046,decay
22.14,left,0.979870537885,0.869766212341,-0.110104325544,decay
22.15,left,0.980008194964,0.869682682951,-0.110325512013,decay
22.16,left,0.980138775799,0.869599178254,-0.110539597545,decay
22.17,left,0.980257184415,0.869515897401,-0.110741287013,decay
22.18,left,0.980357175075,0.869433034264,-0.110924140811,decay
22.19,left,0.980431287386,0.869350773437,-0.111080513949,decay
22.2,left,0.980471393663,0.86926928599,-0.111202107673,decay
22.21,left,0.98046949586,0.869188724851,-0.111280771009,decay
22.22,left,0.980418765483,0.869109219705,-0.111309545778,decay
22.23,left,0.980314302658,0.869030871302,-0.111283431356,decay
22.24,left,0.980152909642,0.868953745035,-0.111199164607,decay
22.25,left,0.979932291976,0.86887786474,-0.111054427236,decay
22.26,left,0.979650689653,0.868803209926,-0.110847479728,decay
22.27,left,0.979306947141,0.868729718863,-0.110577228278,decay
22.28,left,0.978900573073,0.868657295711,-0.110243277363,decay
22.29,left,0.978432164122,0.868585818344,-0.109846345778,decay
22.3,left,0.977904326591,0.868515145623,-0.109389180968,decay
22.31,left,0.977322236857,0.868445124122,-0.108877112735,decay
22.32,left,0.976693665682,0.868375594464,-0.108318071219,decay
22.33,left,0.976029219088,0.868306397393,-0.107722821695,decay
22.34,left,0.975342783535,0.868237379732,-0.107105403803,decay
22.35,left,0.974651588165,0.868168399906,-0.106483188258,decay
22.36,left,0.973975747782,0.868099331808,-0.105876415975,decay
22.37,left,0.9733370074,0.868030066062,-0.105306941338,decay
22.38,left,0.97275619867,0.86796050954,-0.10479568913,decay
22.39,left,0.972250073925,0.867890584535,-0.10435948939,decay
22.4,left,0.971829124778,0.867820228212,-0.104008896566,decay
22.41,left,0.971497065039,0.867749392383,-0.103747672656,decay
22.42,left,0.971251586811,0.867678043622,-0.103573543189,decay
22.43,left,0.971086161335,0.867606163734,-0.103479997601,decay
22.44,left,0.970992498007,0.86753375059,-0.103458747417,decay
22.45,left,0.970962455435,0.867460819027,-0.103501636408,decay
22.46,left,0.97098873246,0.867387400795,-0.103601331665,decay
22.47,left,0.971064985948,0.867313542789,-0.103751443159,decay
22.48,left,0.971185801618,0.867239304109,-0.103946497509,decay
22.49,left,0.971346314797,0.867164752956,-0.104181561841,decay
22.5,left,0.97154177229,0.867089963718,-0.104451808572,decay
22.51,left,0.971767381807,0.867015014246,-0.104752367561,decay
22.52,left,0.972018137903,0.866939983235,-0.105078154668,decay
22.53,left,0.972288573566,0.86686494766,-0.105423625906,decay
22.54,left,0.972572963049,0.866789980211,-0.105782982839,decay
22.55,left,0.972865952298,0.86671514681,-0.106150805488,decay
22.56,left,0.973162959332,0.866640504641,-0.106522454691,decay
22.57,left,0.973460274743,0.866566100994,-0.106894173748,decay
22.58,left,0.973755231295,0.866491972637,-0.107263258658,decay
22.59,left,0.974046157461,0.866418145173,-0.107628012289,decay
22.6,left,0.974331917644,0.866344632171,-0.107987285473,decay
22.61,left,0.97461182105,0.866271434038,-0.108340387012,decay
22.62,left,0.974886250203,0.866198536597,-0.108687713606,decay
22.63,left,0.975157138822,0.866125909358,-0.109031229463,decay
22.64,left,0.975427686757,0.866053503459,-0.109374183299,decay
22.65,left,0.975701518261,0.865981249666,-0.109720268595,decay
22.66,left,0.975981403346,0.865909057754,-0.110072345593,decay
22.67,left,0.97626768313,0.865836818234,-0.110430864896,decay
22.68,left,0.976557162434,0.865764405761,-0.110792756673,decay
22.69,left,0.976843100039,0.865691682904,-0.111151417134,decay
22.7,left,0.977115923951,0.86561850382,-0.111497420131,decay
22.71,left,0.977364170559,0.865544717872,-0.111819452687,decay
22.72,left,0.977575798697,0.865470173291,-0.112105625406,decay
22.73,left,0.977739648678,0.865394720969,-0.11234492771,decay
22.74,left,0.977846283562,0.865318218481,-0.112528065081,decay
22.75,left,0.97788832026,0.865240534119,-0.112647786141,decay
22.76,left,0.977860800394,0.865161549973,-0.112699250422,decay
22.77,left,0.977761263519,0.86508116339,-0.112680100129,decay
22.78,left,0.977589236318,0.864999287436,-0.112589948882,decay
22.79,left,0.977345778338,0.864915851479,-0.11242992686,decay
22.8,left,0.977033429299,0.864830802368,-0.112202626931,decay
22.81,left,0.976656268163,0.864744106278,-0.111912161884,decay
22.82,left,0.976220267355,0.864655751269,-0.111564516086,decay
22.83,left,0.975734242496,0.864565750598,-0.111168491898,decay
22.84,left,0.975210742046,0.864474146858,-0.110736595188,decay
22.85,left,0.974666085807,0.864381016002,-0.110285069805,decay
22.86,left,0.97411969761,0.864286468299,-0.109833229311,decay
22.87,left,0.973592942941,0.864190643915,-0.109402299026,decay
22.88,left,0.97310721587,0.864093704773,-0.109013511097,decay
22.89,left,0.97268171161,0.863995825664,-0.108685885946,decay
22.9,left,0.972331773827,0.863897185735,-0.108434588092,decay
22.91,left,0.972067792891,0.86379796028,-0.108269832611,decay
22.92,left,0.971894570396,0.863698312665,-0.108196257731,decay
22.93,left,0.97181187685,0.863598386208,-0.108213490641,decay
22.94,left,0.971816329828,0.863498295854,-0.108318033973,decay
22.95,left,0.971903586964,0.863398120575,-0.108505466389,decay
22.96,left,0.972070093414,0.863297899805,-0.108772193609,decay
22.97,left,0.972314208144,0.86319763641,-0.109116571734,decay
22.98,left,0.972636305181,0.863097304265,-0.109539000916,decay
22.99,left,0.973037739117,0.862996856991,-0.110040882126,decay
23,left,0.973519658557,0.8628962365,-0.110623422057,decay
23.01,left,0.974082444294,0.8627953814,-0.111287062894,decay
23.02,left,0.974725206664,0.862694235383,-0.112030971281,decay
23.03,left,0.97544490447,0.862592755748,-0.112852148722,decay
23.04,left,0.976235740856,0.862490922225,-0.113744818631,decay
23.05,left,0.977089179512,0.862388745223,-0.11470043429,decay
23.06,left,0.977994216713,0.86228627054,-0.115707946173,decay
23.07,left,0.978937915601,0.862183578272,-0.116754337329,decay
23.08,left,0.979906333667,0.862080777657,-0.11782555601,decay
23.09,left,0.980885410543,0.86197800099,-0.118907409553,decay
23.1,left,0.981861516719,0.861875397823,-0.119986118896,decay
23.11,left,0.98282192888,0.861773129421,-0.121048799459,decay
23.12,left,0.983755137188,0.861671363371,-0.122083773817,decay
23.13,left,0.984650443184,0.861570268193,-0.123080174991,decay
23.14,left,0.985497154773,0.861470007853,-0.12402714692,decay
23.15,left,0.986284333133,0.861370736504,-0.124913596629,decay
23.16,left,0.98700109731,0.861272594838,-0.125728502472,decay
23.17,left,0.987636965844,0.861175709065,-0.126461256779,decay
23.18,left,0.988182497074,0.861080191619,-0.127102305455,decay
23.19,left,0.988630318346,0.860986142021,-0.127644176325,decay
23.2,left,0.98897578802,0.860893647243,-0.128082140777,decay
23.21,left,0.989217140574,0.860802781518,-0.128414359056,decay
23.22,left,0.989355681701,0.860713605541,-0.12864207616,decay
23.23,left,0.989395896059,0.860626165063,-0.128769730996,decay
23.24,left,0.989344968995,0.860540488805,-0.128804480189,decay
23.25,left,0.989212016428,0.860456586191,-0.128755430237,decay
23.26,left,0.989007537144,0.86037444637,-0.128633090773,decay
23.27,left,0.988742928662,0.860294039716,-0.128448888945,decay
23.28,left,0.988429985988,0.860215320921,-0.128214665068,decay
23.29,left,0.988080893629,0.860138232125,-0.127942661503,decay
23.3,left,0.987708609182,0.860062705491,-0.127645903691,decay
23.31,left,0.987326803398,0.859988665197,-0.127338138201,decay
23.32,left,0.986949303193,0.85991602892,-0.127033274273,decay
23.33,left,0.986589462051,0.859844708837,-0.126744753213,decay
23.34,left,0.986259204949,0.859774612194,-0.126484592755,decay
23.35,left,0.985967771647,0.859705641608,-0.12626213004,decay
23.36,left,0.985721022896,0.859637695615,-0.126083327282,decay
23.37,left,0.985521620307,0.859570669855,-0.125950950452,decay
23.38,left,0.98536951777,0.859504458652,-0.125865059118,decay
23.39,left,0.985262518,0.859438956569,-0.125823561431,decay
23.4,left,0.98519704383,0.85937405977,-0.12582298406,decay
23.41,left,0.985168749627,0.859309667239,-0.125859082388,decay
23.42,left,0.985172441076,0.859245681883,-0.125926759193,decay
23.43,left,0.985201570759,0.859182011574,-0.126019559186,decay
23.44,left,0.985247683253,0.859118570163,-0.12612911309,decay
23.45,left,0.985299682846,0.859055278457,-0.12624440439,decay
23.46,left,0.98534343568,0.858992064987,-0.126351370693,decay
23.47,left,0.985362667662,0.858928866484,-0.126433801178,decay
23.48,left,0.985340858956,0.858865628172,-0.126475230785,decay
23.49,left,0.985263112614,0.858802304109,-0.126460808506,decay
23.5,left,0.98511764357,0.85873885767,-0.1263787859,decay
23.51,left,0.984896668797,0.858675262201,-0.126221406596,decay
23.52,left,0.984596342302,0.858611501852,-0.12598484045,decay
23.53,left,0.984216200751,0.858547572631,-0.12566862812,decay
23.54,left,0.983759048634,0.858483483675,-0.12527556496,decay
23.55,left,0.983231154509,0.858419258542,-0.124811895967,decay
23.56,left,0.982641950782,0.858354935812,-0.12428701497,decay
23.57,left,0.982003301149,0.858290568449,-0.1237127327,decay
23.58,left,0.981328765467,0.858226222322,-0.123102543144,decay
23.59,left,0.980632615053,0.858161974612,-0.122470640441,decay
23.6,left,0.979928685142,0.858097912354,-0.121830772787,decay
23.61,left,0.979229866778,0.85803413112,-0.121195735658,decay
23.62,left,0.978548205561,0.857970733781,-0.12057747178,decay
23.63,left,0.977894809697,0.857907829325,-0.119986980371,decay
23.64,left,0.977279541745,0.857845531661,-0.119434010084,decay
23.65,left,0.976710894901,0.85778395835,-0.118926936551,decay
23.66,left,0.976195901465,0.85772322908,-0.118472672386,decay
23.67,left,0.975740055851,0.857663463754,-0.118076592097,decay
23.68,left,0.975347664648,0.857604780194,-0.117742884454,decay
23.69,left,0.975022346193,0.857547291511,-0.117475054682,decay
23.7,left,0.974766862419,0.857491103131,-0.117275759288,decay
23.71,left,0.974582363928,0.857436309392,-0.117146054536,decay
23.72,left,0.974467817456,0.857382989643,-0.117084827813,decay
23.73,left,0.97441964162,0.857331203758,-0.117088437862,decay
23.74,left,0.974431221473,0.857280986963,-0.11715023451,decay
23.75,left,0.974492788156,0.857232344773,-0.117260443383,decay
23.76,left,0.974592114099,0.85718525063,-0.117406863469,decay
23.77,left,0.974715600582,0.857139648269,-0.117575952314,decay
23.78,left,0.97484933417,0.85709545728,-0.11775387689,decay
23.79,left,0.974979956018,0.857052579181,-0.117927376838,decay
23.8,left,0.975095023237,0.857010902937,-0.118084120301,decay
23.81,left,0.9751829277,0.856970309963,-0.118212617737,decay
23.82,left,0.975233099537,0.856930678699,-0.118302420838,decay
23.83,left,0.975236825461,0.856891888861,-0.1183449366,decay
23.84,left,0.975188049505,0.85685382548,-0.118334224025,decay
23.85,left,0.975083600562,0.856816382456,-0.118267218105,decay
23.86,left,0.974923210988,0.85677946463,-0.118143746358,decay
23.87,left,0.974709630225,0.856742987609,-0.117966642616,decay
23.88,left,0.97444850429,0.856706875999,-0.117741628291,decay
23.89,left,0.974148110076,0.856671061156,-0.11747704892,decay
23.9,left,0.973819248757,0.856635478916,-0.117183769841,decay
23.91,left,0.973474949428,0.856600067321,-0.116874882107,decay
23.92,left,0.973129764301,0.856564764316,-0.116564999984,decay
23.93,left,0.972799000247,0.856529505413,-0.116269494834,decay
23.94,left,0.972497835699,0.856494221276,-0.116003614422,decay
23.95,left,0.972239875502,0.856458835361,-0.115781040141,decay
23.96,left,0.972035518583,0.856423261999,-0.115612256584,decay
23.97,left,0.971891059993,0.856387405229,-0.115503654764,decay
23.98,left,0.971808630349,0.856351158141,-0.115457472208,decay
23.99,left,0.971786674247,0.856314402312,-0.115472271935,decay
24,left,0.971821171955,0.856277007176,-0.115544164779,decay
24.01,left,0.971907391534,0.856238829328,-0.115668562206,decay
24.02,left,0.972041038038,0.85619971179,-0.115841326248,decay
24.03,left,0.972218283802,0.856159483254,-0.116058800549,decay
24.04,left,0.9724352378,0.856117957339,-0.116317280461,decay
24.05,left,0.972687093126,0.856074932197,-0.116612160929,decay
24.06,left,0.972967010604,0.856030191442,-0.116936819162,decay
24.07,left,0.973265539056,0.855983507177,-0.117282031879,decay
24.08,left,0.973571135316,0.855934644702,-0.117636490615,decay
24.09,left,0.973871435344,0.855883368019,-0.117988067325,decay
24.1,left,0.974155059971,0.855829445921,-0.11832561405,decay
24.11,left,0.974413853032,0.855772658746,-0.118641194286,decay
24.12,left,0.974644554747,0.855712805992,-0.118931748755,decay
24.13,left,0.974848826045,0.855649714946,-0.119199111099,decay
24.14,left,0.975031934897,0.855583250529,-0.119448684368,decay
24.15,left,0.975201090664,0.855513325202,-0.119687765463,decay
24.16,left,0.975363715783,0.855439904952,-0.11992381083,decay
24.17,left,0.975525879269,0.855363008341,-0.120162870928,decay
24.18,left,0.975691597916,0.855282700986,-0.12040889693,decay
24.19,left,0.975863006721,0.855199089724,-0.120663916997,decay
24.2,left,0.976040710037,0.855112318136,-0.120928391902,decay
24.21,left,0.976224219823,0.855022563475,-0.121201656349,decay
24.22,left,0.976412593428,0.854930034927,-0.1214825585,decay
24.23,left,0.976604893704,0.854834973126,-0.121769920578,decay
24.24,left,0.976800415576,0.854737650858,-0.122062764718,decay
24.25,left,0.976999154738,0.8546383741,-0.122360780638,decay
24.26,left,0.977202378137,0.854537480818,-0.122664897318,decay
24.27,left,0.977412460134,0.854435335521,-0.122977124613,decay
24.28,left,0.977631939136,0.854332320853,-0.123299618283,decay
24.29,left,0.977862680752,0.85422882861,-0.123633852142,decay
24.3,left,0.978105401235,0.854125251039,-0.123980150196,decay
24.31,left,0.97835925447,0.854021972253,-0.124337282217,decay
24.32,left,0.978621827984,0.853919359543,-0.124702468441,decay
24.33,left,0.978889703031,0.853817754355,-0.125071948676,decay
24.34,left,0.979158778289,0.853717462684,-0.125441315606,decay
24.35,left,0.97942405326,0.853618745711,-0.125805307549,decay
24.36,left,0.979679474644,0.853521813736,-0.126157660909,decay
24.37,left,0.979918020616,0.853426825692,-0.126491194925,decay
24.38,left,0.980131884991,0.85333389232,-0.126797992671,decay
24.39,left,0.980313167398,0.853243079612,-0.127070087786,decay
24.4,left,0.98045520907,0.853154411154,-0.127300797916,decay
24.41,left,0.980553731052,0.853067869258,-0.127485861794,decay
24.42,left,0.980607132407,0.852983394913,-0.127623737494,decay
24.43,left,0.98061624298,0.852900886541,-0.127715356439,decay
24.44,left,0.980583752581,0.852820197568,-0.127763555013,decay
24.45,left,0.980513328486,0.852741133847,-0.127772194639,decay
24.46,left,0.980409139166,0.852663454239,-0.127745684927,decay
24.47,left,0.980276346222,0.852586876887,-0.127689469336,decay
24.48,left,0.980121831772,0.852511089449,-0.127610742323,decay
24.49,left,0.979954368581,0.852435760115,-0.127518608466,decay
24.5,left,0.979784304285,0.852360548225,-0.12742375606,decay
24.51,left,0.979622731433,0.852285114641,-0.127337616792,decay
24.52,left,0.979479958595,0.85220913211,-0.127270826486,decay
24.53,left,0.97936388246,0.852132295872,-0.127231586587,decay
24.54,left,0.979279070741,0.85205433476,-0.127224735981,decay
24.55,left,0.979226412688,0.851975021684,-0.127251391004,decay
24.56,left,0.979202943169,0.851894179516,-0.127308763653,decay
24.57,left,0.979202245817,0.851811679355,-0.127390566461,decay
24.58,left,0.979215632502,0.851727433597,-0.127488198905,decay
24.59,left,0.979233231947,0.851641388114,-0.127591843833,decay
24.6,left,0.979244457501,0.851553515252,-0.127690942248,decay
24.61,left,0.979238399182,0.851463807694,-0.127774591488,decay
24.62,left,0.979204479859,0.851372273106,-0.127832206753,decay
24.63,left,0.979133240756,0.851278929485,-0.127854311271,decay
24.64,left,0.979017412191,0.851183801125,-0.127833611066,decay
24.65,left,0.978853225423,0.851086915353,-0.12776631007,decay
24.66,left,0.978641283858,0.850988300657,-0.127652983201,decay
24.67,left,0.97838667022,0.850887986674,-0.127498683547,decay
24.68,left,0.978098678618,0.850786005633,-0.127312672985,decay
24.69,left,0.977790187084,0.850682394591,-0.127107792493,decay
24.7,left,0.977476341472,0.850577198182,-0.12689914329,decay
24.71,left,0.977173097149,0.850470471897,-0.126702625252,decay
24.72,left,0.976896443877,0.850362285935,-0.126534157942,decay
24.73,left,0.976661959583,0.850252729674,-0.126409229909,decay
24.74,left,0.976484012875,0.850141916801,-0.126342096074,decay
24.75,left,0.976374907718,0.850029990261,-0.126344917458,decay
24.76,left,0.976344277105,0.849917124154,-0.126427152951,decay
24.77,left,0.976398410255,0.849803520449,-0.126594889806,decay
24.78,left,0.976539641128,0.849689402035,-0.126850239093,decay
24.79,left,0.97676621667,0.849575004956,-0.127191211714,decay
24.8,left,0.977072458987,0.84946057088,-0.127611888107,decay
24.81,left,0.977449147004,0.849346339719,-0.128102807285,decay
24.82,left,0.977884610966,0.849232542243,-0.128652068724,decay
24.83,left,0.978366474911,0.849119392486,-0.129247082425,decay
24.84,left,0.978883190066,0.84900707979,-0.129876110277,decay
24.85,left,0.979425027339,0.848895761296,-0.130529266044,decay
24.86,left,0.979984737583,0.848785557855,-0.131199179728,decay
24.87,left,0.980557476973,0.848676555607,-0.131880921366,decay
24.88,left,0.981139674201,0.848568811428,-0.132570862773,decay
24.89,left,0.981727653849,0.848462359063,-0.133265294786,decay
24.9,left,0.982316847356,0.848357214698,-0.133959632658,decay
24.91,left,0.982901467344,0.848253381923,-0.134648085421,decay
24.92,left,0.983474387801,0.848150856168,-0.135323531632,decay
24.93,left,0.984027293041,0.848049628687,-0.135977664354,decay
24.94,left,0.984550993988,0.847949690136,-0.136601303852,decay
24.95,left,0.985035862468,0.84785103372,-0.137184828748,decay
24.96,left,0.985472730763,0.847753657619,-0.137719073144,decay
24.97,left,0.985854188527,0.847657566494,-0.138196622033,decay
24.98,left,0.98617538421,0.847562772286,-0.138612611923,decay
24.99,left,0.986433901855,0.847469294651,-0.138964607204,decay
25,left,0.986629254811,0.84737716118,-0.139252093631,decay
25.01,left,0.98676208757,0.847286407414,-0.139475680155,decay
25.02,left,0.986832735259,0.847197076647,-0.139635658612,decay
25.03,left,0.986839843266,0.847109219498,-0.139730623768,decay
25.04,left,0.986780074556,0.84702289325,-0.139757181306,decay
25.05,left,0.986648752501,0.846938160854,-0.139710591646,decay
25.06,left,0.986440929016,0.846855089422,-0.139585839594,decay
25.07,left,0.986152783365,0.846773748002,-0.139379035363,decay
25.08,left,0.985782910084,0.846694204715,-0.139088705369,decay
25.09,left,0.985332925725,0.846616523358,-0.138716402368,decay
25.1,left,0.984807594479,0.846540759473,-0.138266835006,decay
25.11,left,0.984214826396,0.84646695583,-0.137747870566,decay
25.12,left,0.983565145552,0.846395137211,-0.13717000834,decay
25.13,left,0.982870336041,0.84632530443,-0.136545031611,decay
25.14,left,0.982142058794,0.846257427465,-0.135884631329,decay
25.15,left,0.981391160951,0.846191438846,-0.135199722105,decay
25.16,left,0.98062744566,0.846127230997,-0.134500214663,decay
25.17,left,0.979859895919,0.846064660415,-0.133795235505,decay
25.18,left,0.979097635272,0.846003556556,-0.133094078716,decay
25.19,left,0.978350856439,0.845943731667,-0.132407124773,decay
25.2,left,0.977630702042,0.845884990115,-0.131745711928,decay
25.21,left,0.97694844507,0.845827137265,-0.131121307805,decay
25.22,left,0.976314897116,0.845769988105,-0.130544909011,decay
25.23,left,0.975740342108,0.845713375799,-0.130026966309,decay
25.24,left,0.975235012867,0.845657160346,-0.129577852521,decay
25.25,left,0.974810016852,0.845601236564,-0.129208780288,decay
25.26,left,0.974477955427,0.845545538532,-0.128932416895,decay
25.27,left,0.974252384409,0.845490038349,-0.12876234606,decay
25.28,left,0.97414642818,0.8454347409,-0.12871168728,decay
25.29,left,0.974171416535,0.845379677698,-0.128791738837,decay
25.3,left,0.974335582855,0.845324900987,-0.129010681868,decay
25.31,left,0.974642736837,0.845270478106,-0.129372258731,decay
25.32,left,0.975091557851,0.845216486032,-0.129875071819,decay
25.33,left,0.975675729215,0.845163005971,-0.130512723244,decay
25.34,left,0.976384296098,0.845110117918,-0.13127417818,decay
25.35,left,0.977202042977,0.845057895465,-0.132144147512,decay
25.36,left,0.978110047274,0.84500640201,-0.133103645263,decay
25.37,left,0.979086069568,0.844955689222,-0.134130380347,decay
25.38,left,0.980104692744,0.844905797006,-0.135198895738,decay
25.39,left,0.981137992517,0.844856753671,-0.136281238847,decay
25.4,left,0.982157171888,0.84480857575,-0.137348596138,decay
25.41,left,0.983134544355,0.84476126742,-0.138373276935,decay
25.42,left,0.984045256491,0.844714819513,-0.139330436979,decay
25.43,left,0.984868593839,0.84466920809,-0.140199385748,decay
25.44,left,0.985588530765,0.844624392579,-0.140964138186,decay
25.45,left,0.986193432509,0.844580313891,-0.141613118618,decay
25.46,left,0.986675690515,0.844536894,-0.142138796515,decay
25.47,left,0.987031689662,0.844494038047,-0.142537651615,decay
25.48,left,0.987261453803,0.844451638222,-0.142809815581,decay
25.49,left,0.987367711417,0.844409577975,-0.142958133442,decay
25.5,left,0.987354852554,0.844367736025,-0.142987116529,decay
25.51,left,0.98722802054,0.844325990209,-0.142902030331,decay
25.52,left,0.986992477958,0.844284221268,-0.14270825669,decay
25.53,left,0.986653630003,0.844242316644,-0.142411313359,decay
25.54,left,0.986217711297,0.844200174399,-0.142017536897,decay
25.55,left,0.985692427271,0.844157706785,-0.141534720486,decay
25.56,left,0.985087192436,0.844114841863,-0.140972350573,decay
25.57,left,0.984413347658,0.844071521948,-0.14034182571,decay
25.58,left,0.983684174405,0.844027699842,-0.139656474563,decay
25.59,left,0.982914076507,0.843983334554,-0.138930741952,decay
25.6,left,0.982117335741,0.843938387189,-0.138178948552,decay
25.61,left,0.981307347701,0.843892817009,-0.137414530692,decay
25.62,left,0.980496350386,0.843846577602,-0.136649772783,decay
25.63,left,0.979695426669,0.843799613131,-0.135895813537,decay
25.64,left,0.978915052195,0.843751854593,-0.135163197601,decay
25.65,left,0.978165983334,0.843703216581,-0.134462766753,decay
25.66,left,0.977459785186,0.843653596146,-0.13380618904,decay
25.67,left,0.976808899648,0.843602874995,-0.133206024653,decay
25.68,left,0.976226413668,0.843550924136,-0.132675489533,decay
25.69,left,0.975725232163,0.843497609397,-0.132227622766,decay
25.7,left,0.975316639246,0.843442797232,-0.131873842014,decay
25.71,left,0.975009038811,0.843386360874,-0.131622677937,decay
25.72,left,0.974807436307,0.843328186978,-0.131479249329,decay
25.73,left,0.974713426064,0.843268182881,-0.131445243183,decay
25.74,left,0.974725661572,0.843206284626,-0.131519376946,decay
25.75,left,0.974841027019,0.843142464742,-0.131698562277,decay
25.76,left,0.975055923197,0.843076736297,-0.1319791869,decay
25.77,left,0.975366921221,0.8430091506,-0.132357770621,decay
25.78,left,0.975770872689,0.842939790566,-0.132831082123,decay
25.79,left,0.976264732461,0.84286876337,-0.133395969092,decay
25.8,left,0.976845070923,0.842796193801,-0.134048877122,decay
25.81,left,0.97750750825,0.842722218315,-0.134785289935,decay
25.82,left,0.978246442936,0.842646979656,-0.13559946328,decay
25.83,left,0.979054965772,0.842570621937,-0.136484343835,decay
25.84,left,0.979924635337,0.842493286049,-0.137431349287,decay
25.85,left,0.980845352681,0.842415105592,-0.138430247089,decay
25.86,left,0.981805764941,0.842336204049,-0.139469560893,decay
25.87,left,0.982793847625,0.842256693795,-0.14053715383,decay
25.88,left,0.983797121206,0.842176676391,-0.141620444815,decay
25.89,left,0.984802621178,0.842096243254,-0.142706377924,decay
25.9,left,0.985796758034,0.842015476332,-0.143781281703,decay
25.91,left,0.98676501892,0.841934448725,-0.144830570196,decay
25.92,left,0.9876919534,0.841853225262,-0.145838728139,decay
25.93,left,0.988561890439,0.841771863002,-0.146790027437,decay
25.94,left,0.989359965144,0.84169041167,-0.147669553473,decay
25.95,left,0.990072890858,0.841608914062,-0.148463976795,decay
25.96,left,0.99068964745,0.841527406583,-0.149162240867,decay
25.97,left,0.991202226786,0.841445920042,-0.149756306744,decay
25.98,left,0.991606076628,0.841364480616,-0.150241596013,decay
25.99,left,0.99190035058,0.841283110804,-0.150617239777,decay
26,left,0.992088377657,0.841201830325,-0.150886547332,decay
26.01,left,0.992177866084,0.84112065695,-0.151057209134,decay
26.02,left,0.992180280309,0.841039607287,-0.151140673022,decay
26.03,left,0.992110048475,0.840958697507,-0.151151350968,decay
26.04,left,0.991984218882,0.840877944053,-0.15110627483,decay
26.05,left,0.991822028147,0.840797364314,-0.151024663834,decay
26.06,left,0.991643982607,0.84071697737,-0.150927005237,decay
26.07,left,0.991470736478,0.840636804829,-0.150833931649,decay
26.08,left,0.991321807333,0.840556871745,-0.150764935588,decay
26.09,left,0.991214216075,0.840477207564,-0.150737008511,decay
26.1,left,0.991161630776,0.840397847083,-0.150763783693,decay
26.11,left,0.991174102217,0.84031883142,-0.150855270796,decay
26.12,left,0.991257644024,0.840240209016,-0.151017435008,decay
26.13,left,0.991413514437,0.840162036653,-0.151251477784,decay
26.14,left,0.991638144704,0.840084380519,-0.151553764185,decay
26.15,left,0.991923987309,0.840007316957,-0.151916670352,decay
26.16,left,0.992260467258,0.839930931834,-0.152329535424,decay
26.17,left,0.992634778679,0.839855317707,-0.152779460972,decay
26.18,left,0.993032830677,0.839780569328,-0.153252261348,decay
26.19,left,0.993440163407,0.839706778484,-0.153733384924,decay
26.2,left,0.993842796025,0.839634028541,-0.154208767484,decay
26.21,left,0.994228481277,0.839562388618,-0.154666092659,decay
26.22,left,0.994588192865,0.839491907264,-0.155096285601,decay
26.23,left,0.994917005848,0.839422605542,-0.155494400307,decay
26.24,left,0.995214132682,0.839354469378,-0.155859663304,decay
26.25,left,0.995482440686,0.839287442261,-0.156194998425,decay
26.26,left,0.995727415371,0.839221421882,-0.156505993488,decay
26.27,left,0.995955475043,0.839156263461,-0.156799211582,decay
26.28,left,0.996172172192,0.839091787721,-0.157080384471,decay
26.29,left,0.996380772845,0.83902778983,-0.157352983015,decay
26.3,left,0.99658112667,0.838964047894,-0.157617078776,decay
26.31,left,0.996769006427,0.838900331063,-0.157868675365,decay
26.32,left,0.996936406415,0.838836407435,-0.15809999898,decay
26.33,left,0.997072545073,0.838772051931,-0.158300493142,decay
26.34,left,0.997165033234,0.838707054335,-0.158457978899,decay
26.35,left,0.99720139814,0.83864122698,-0.15856017116,decay
26.36,left,0.997170997445,0.838574410089,-0.158596587355,decay
26.37,left,0.997066602941,0.838506473293,-0.158560129648,decay
26.38,left,0.996885252045,0.83843731461,-0.158447937435,decay
26.39,left,0.996628487938,0.838366859151,-0.158261628788,decay
26.4,left,0.996301809772,0.838295058485,-0.158006751287,decay
26.41,left,0.995913161908,0.838221890746,-0.157691271161,decay
26.42,left,0.995471289156,0.8381473615,-0.157323927656,decay
26.43,left,0.994985134396,0.838071505383,-0.156913629012,decay
26.44,left,0.994464203497,0.837994388546,-0.156469814951,decay
26.45,left,0.993918957311,0.837916111156,-0.156002846154,decay
26.46,left,0.993360769687,0.837836807576,-0.155523962111,decay
26.47,left,0.992801265108,0.837756642398,-0.15504462271,decay
26.48,left,0.99225094517,0.837675803608,-0.154575141562,decay
26.49,left,0.991717825864,0.837594495218,-0.154123330645,decay
26.5,left,0.991207117928,0.83751293024,-0.153694187688,decay
26.51,left,0.990722034793,0.83743132391,-0.153290710883,decay
26.52,left,0.990265049346,0.837349887024,-0.152915162323,decay
26.53,left,0.989838991702,0.837268819203,-0.152570172499,decay
26.54,left,0.989447349702,0.83718830195,-0.152259047752,decay
26.55,left,0.989093269088,0.837108492161,-0.151984776927,decay
26.56,left,0.988777870535,0.837029518591,-0.151748351944,decay
26.57,left,0.988499166206,0.836951483133,-0.151547683073,decay
26.58,left,0.988251868331,0.836874465407,-0.151377402924,decay
26.59,left,0.988027650629,0.836798527979,-0.15122912265,decay
26.6,left,0.987816149748,0.836723721148,-0.1510924286,decay
26.61,left,0.987606985206,0.836650087277,-0.150956897929,decay
26.62,left,0.987391747673,0.836577664698,-0.150814082975,decay
26.63,left,0.98716489091,0.836506491273,-0.150658399637,decay
26.64,left,0.98692365623,0.836436607636,-0.150487048594,decay
26.65,left,0.986667304318,0.836368059832,-0.150299244487,decay
26.66,left,0.986395882503,0.836300900354,-0.150094982149,decay
26.67,left,0.986109466012,0.836235186803,-0.149874279209,decay
26.68,left,0.985808516221,0.836170978733,-0.149637537488,decay
26.69,left,0.98549467134,0.836108333677,-0.149386337662,decay
26.7,left,0.985171178997,0.836047302731,-0.149123876265,decay
26.71,left,0.98484304758,0.835987925641,-0.148855121939,decay
26.72,left,0.98451684744,0.835930225304,-0.148586622136,decay
26.73,left,0.984199770241,0.835874201588,-0.148325568653,decay
26.74,left,0.983898528587,0.835819824368,-0.14807870422,decay
26.75,left,0.98361919659,0.835767026777,-0.147852169813,decay
26.76,left,0.98336795193,0.835715702059,-0.14765224987,decay
26.77,left,0.983151947865,0.835665706573,-0.147486241292,decay
26.78,left,0.982979947058,0.835616867056,-0.147363080002,decay
26.79,left,0.982862352129,0.835568988696,-0.147293363432,decay
26.8,left,0.982810236852,0.8355218627,-0.147288374153,decay
26.81,left,0.982833838973,0.835475273391,-0.147358565581,decay
26.82,left,0.982941354381,0.835429005021,-0.147512349359,decay
26.83,left,0.983138060336,0.835382848434,-0.147755211902,decay
26.84,left,0.98342554763,0.83533660776,-0.14808893987,decay
26.85,left,0.983801604596,0.835290106608,-0.148511497988,decay
26.86,left,0.984261067714,0.835243191773,-0.149017875942,decay
26.87,left,0.984796892106,0.835195732975,-0.149601159131,decay
26.88,left,0.985400931933,0.835147619876,-0.150253312057,decay
26.89,left,0.98606461377,0.835098758557,-0.150965855212,decay
26.9,left,0.986779262114,0.835049068346,-0.151730193769,decay
26.91,left,0.987535767364,0.83499847904,-0.152537288324,decay
26.92,left,0.988324142573,0.834946928508,-0.153377214065,decay
26.93,left,0.989133478405,0.834894360639,-0.154239117767,decay
26.94,left,0.989952100896,0.834840723627,-0.155111377269,decay
26.95,left,0.990767979492,0.834785968674,-0.155982010818,decay
26.96,left,0.991569775092,0.834730049341,-0.156839725752,decay
26.97,left,0.992348125035,0.834672921757,-0.157675203278,decay
26.98,left,0.99309621627,0.83461454556,-0.15848167071,decay
26.99,left,0.993809538362,0.834554885303,-0.159254653059,decay
27,left,0.994485377592,0.834493912276,-0.159991465316,decay
27.01,left,0.995122136849,0.834431606747,-0.160690530102,decay
27.02,left,0.995718506499,0.834367960679,-0.16135054582,decay
27.03,left,0.996273044015,0.834302980967,-0.161970063048,decay
27.04,left,0.996784219471,0.834236693249,-0.162547526223,decay
27.05,left,0.997250413827,0.834169145667,-0.16308126816,decay
27.06,left,0.997670039421,0.834100410561,-0.16356962886,decay
27.07,left,0.998042108928,0.834030582509,-0.164011526419,decay
27.08,left,0.998366628301,0.833959773885,-0.164406854416,decay
27.09,left,0.998644108826,0.833888109996,-0.164755998831,decay
27.1,left,0.998874380752,0.833815724597,-0.165058656155,decay
27.11,left,0.999055196718,0.833742755757,-0.165312440961,decay
27.12,left,0.999180990393,0.833669341965,-0.165511648427,decay
27.13,left,0.999242609359,0.833595618404,-0.165646990954,decay
27.14,left,0.999228864625,0.833521713269,-0.165707151355,decay
27.15,left,0.999129324815,0.833447744304,-0.16568158051,decay
27.16,left,0.998936944086,0.833373816184,-0.165563127903,decay
27.17,left,0.998649983271,0.833300019237,-0.165349964034,decay
27.18,left,0.998273228149,0.833226429042,-0.165046799107,decay
27.19,left,0.997818101925,0.83315310609,-0.164664995835,decay
27.2,left,0.997301447109,0.833080095196,-0.164221351913,decay
27.21,left,0.996743342092,0.833007424586,-0.163735917505,decay
27.22,left,0.996164322181,0.83293510465,-0.163229217531,decay
27.23,left,0.995582554919,0.832863126322,-0.162719428596,decay
27.24,left,0.995012011557,0.832791459076,-0.162220552481,decay
27.25,left,0.99446216473,0.832720048978,-0.161742115752,decay
27.26,left,0.993938591321,0.83264881834,-0.161289772981,decay
27.27,left,0.993443804464,0.832577668122,-0.160866136342,decay
27.28,left,0.99297831939,0.832506482262,-0.160471837128,decay
27.29,left,0.992541708694,0.832435132443,-0.160106576251,decay
27.3,left,0.992133029661,0.832363482717,-0.159769546944,decay
27.31,left,0.991750799565,0.832291394064,-0.1594594055,decay
27.32,left,0.991393180778,0.832218728966,-0.159174451812,decay
27.33,left,0.99105832971,0.832145356121,-0.158912973588,decay
27.34,left,0.990744584504,0.832071155404,-0.1586734291,decay
27.35,left,0.990450593535,0.831996022657,-0.158454570878,decay
27.36,left,0.990175302625,0.831919872817,-0.158255429808,decay
27.37,left,0.989917477163,0.831842640255,-0.158074836908,decay
27.38,left,0.989674998327,0.831764277257,-0.15791072107,decay
27.39,left,0.989444479044,0.831684752319,-0.157759726725,decay
27.4,left,0.989221158914,0.83160404892,-0.157617109994,decay
27.41,left,0.988998704037,0.831522164826,-0.157476539211,decay
27.42,left,0.988769128125,0.831439111918,-0.157330016207,decay
27.43,left,0.98852318033,0.831354916537,-0.157168263794,decay
27.44,left,0.988250862812,0.831269620349,-0.156981242463,decay
27.45,left,0.987941954754,0.831183281387,-0.156758673367,decay
27.46,left,0.987586969087,0.831095974127,-0.15649099496,decay
27.47,left,0.987178306081,0.831007787771,-0.15617051831,decay
27.48,left,0.986710927121,0.830918823307,-0.155792103814,decay
27.49,left,0.986182589382,0.83082919046,-0.155353398922,decay
27.5,left,0.985593730892,0.830739004935,-0.154854725957,decay
27.51,left,0.984946539904,0.83064838592,-0.154298153984,decay
27.52,left,0.984243538877,0.830557453787,-0.15368608509,decay
27.53,left,0.983486906798,0.830466327919,-0.153020578879,decay
27.54,left,0.982678859495,0.830375124597,-0.152303734898,decay
27.55,left,0.981822459557,0.830283955051,-0.151538504507,decay
27.56,left,0.980922628631,0.830192924091,-0.150729704539,decay
27.57,left,0.979987236401,0.830102129649,-0.149885106752,decay
27.58,left,0.979027451165,0.830011662901,-0.149015788264,decay
27.59,left,0.978056940007,0.829921608464,-0.148135331543,decay
27.6,left,0.977090656729,0.829832044413,-0.147258612316,decay
27.61,left,0.976143758426,0.829743042099,-0.146400716327,decay
27.62,left,0.975230496023,0.829654665733,-0.14557583029,decay
27.63,left,0.974363289889,0.829566971716,-0.144796318173,decay
27.64,left,0.973552324492,0.829480007692,-0.1440723168,decay
27.65,left,0.972805251165,0.829393811516,-0.143411439648,decay
27.66,left,0.972126745188,0.829308410816,-0.142818334372,decay
27.67,left,0.971518499916,0.829223823673,-0.142294676243,decay
27.68,left,0.970979839775,0.829140060003,-0.141839779771,decay
27.69,left,0.970508285255,0.829057122944,-0.141451162311,decay
27.7,left,0.970099839533,0.828975009941,-0.141124829592,decay
27.71,left,0.969749354013,0.82889371355,-0.140855640463,decay
27.72,left,0.969450838672,0.828813221937,-0.140637616735,decay
27.73,left,0.969197561468,0.828733519126,-0.140464042342,decay
27.74,left,0.968982566629,0.828654584956,-0.140327981674,decay
27.75,left,0.968799931633,0.828576394806,-0.140223536827,decay
27.76,left,0.968646080144,0.828498919125,-0.140147161019,decay
27.77,left,0.968520489943,0.8284221228,-0.140098367143,decay
27.78,left,0.96842561777,0.828345964349,-0.140079653421,decay
27.79,left,0.968366011851,0.828270394858,-0.140095616993,decay
27.8,left,0.968347027115,0.828195356647,-0.140151670468,decay
27.81,left,0.96837396681,0.828120781651,-0.140253185159,decay
27.82,left,0.968451875118,0.828046589497,-0.140405285621,decay
27.83,left,0.968585377507,0.827972685276,-0.140612692231,decay
27.84,left,0.968778276284,0.827898956988,-0.140879319296,decay
27.85,left,0.969033302291,0.827825273284,-0.141208029007,decay
27.86,left,0.969351912213,0.827751483466,-0.141600428747,decay
27.87,left,0.969733458581,0.827677421291,-0.14205603729,decay
27.88,left,0.97017402886,0.827602911509,-0.142571117351,decay
27.89,left,0.970665984886,0.827527777266,-0.14313820762,decay
27.9,left,0.971198421724,0.827451847646,-0.143746574078,decay
27.91,left,0.971758160719,0.827374965483,-0.144383195237,decay
27.92,left,0.972331090911,0.827296995574,-0.145034095337,decay
27.93,left,0.972903608582,0.827217833489,-0.145685775093,decay
27.94,left,0.973463822051,0.827137415135,-0.146326406916,decay
27.95,left,0.974002445494,0.82705572591,-0.146946719583,decay
27.96,left,0.974513258065,0.826972805432,-0.147540452633,decay
27.97,left,0.974992623727,0.82688874477,-0.148103878957,decay
27.98,left,0.975437939053,0.826803678526,-0.148634260527,decay
27.99,left,0.975846020699,0.826717775946,-0.149128244754,decay
28,left,0.976212541693,0.826631232676,-0.149581309016,decay
28.01,left,0.97653252251,0.826544263157,-0.149988259353,decay
28.02,left,0.976801463236,0.826457093462,-0.150344369774,decay
28.03,left,0.977016825992,0.826369954436,-0.150646871556,decay
28.04,left,0.977179089304,0.826283074955,-0.150896014349,decay
28.05,left,0.977291645093,0.826196675695,-0.151094969398,decay
28.06,left,0.977359888726,0.826110964945,-0.151248923782,decay
28.07,left,0.977390127793,0.826026137613,-0.15136399018,decay
28.08,left,0.977388396692,0.825942376398,-0.151446020294,decay
28.09,left,0.977359466625,0.825859853326,-0.151499613299,decay
28.1,left,0.977306681827,0.825778730917,-0.15152795091,decay
28.11,left,0.977232498492,0.825699162888,-0.151533335604,decay
28.12,left,0.977138917106,0.82562129436,-0.151517622746,decay
28.13,left,0.977027624221,0.825545261551,-0.15148236267,decay
28.14,left,0.976900077811,0.825471190883,-0.151428886927,decay
28.15,left,0.976757156846,0.825399197627,-0.151357959219,decay
28.16,left,0.976598186037,0.825329384433,-0.151268801603,decay
28.17,left,0.97642020053,0.825261840037,-0.151158360493,decay
28.18,left,0.976218206795,0.82519663783,-0.151021568965,decay
28.19,left,0.975986310735,0.825133833829,-0.150852476906,decay
28.2,left,0.975719415146,0.825073463786,-0.15064595136,decay
28.21,left,0.975414965451,0.82501553938,-0.15039942607,decay
28.22,left,0.975073744249,0.824960043421,-0.150113700828,decay
28.23,left,0.974699460241,0.824906923972,-0.149792536269,decay
28.24,left,0.974298096755,0.824856087324,-0.149442009431,decay
28.25,left,0.973877727031,0.824807391086,-0.149070335945,decay
28.26,left,0.973448510135,0.824760641617,-0.148687868517,decay
28.27,left,0.973022625953,0.824715599013,-0.14830702694,decay
28.28,left,0.972614300618,0.824671987314,-0.147942313304,decay
28.29,left,0.9722394901,0.824629505719,-0.147609984381,decay
28.3,left,0.971914664048,0.824587839196,-0.147326824852,decay
28.31,left,0.971655335759,0.824546668585,-0.147108667174,decay
28.32,left,0.971475177196,0.82450568043,-0.146969496767,decay
28.33,left,0.971385489952,0.824464576778,-0.146920913174,decay
28.34,left,0.971394696351,0.824423085175,-0.146971611176,decay
28.35,left,0.971507839858,0.824380967982,-0.147126871875,decay
28.36,left,0.971725803081,0.824338027762,-0.147387775319,decay
28.37,left,0.972044271997,0.824294106286,-0.147750165711,decay
28.38,left,0.972453359531,0.824249079183,-0.148204280349,decay
28.39,left,0.972938580842,0.824202849747,-0.148735731095,decay
28.4,left,0.973482733392,0.824155343348,-0.149327390044,decay
28.41,left,0.974067947407,0.824106502489,-0.149961444917,decay
28.42,left,0.974677640537,0.824056282453,-0.150621358084,decay
28.43,left,0.975297926132,0.824004647486,-0.151293278646,decay
28.44,left,0.975917895781,0.82395156748,-0.151966328301,decay
28.45,left,0.976529108064,0.823897015181,-0.152632092883,decay
28.46,left,0.977125003604,0.823840964236,-0.153284039369,decay
28.47,left,0.977700218179,0.823783388246,-0.153916829933,decay
28.48,left,0.978249721359,0.823724260678,-0.154525460681,decay
28.49,left,0.97876835998,0.823663555287,-0.155104804693,decay
28.5,left,0.979251040036,0.823601246955,-0.155649793082,decay
28.51,left,0.979693065149,0.823537312937,-0.156155752212,decay
28.52,left,0.980090426986,0.823471734554,-0.156618692432,decay
28.53,left,0.980440151972,0.823404499359,-0.157035652613,decay
28.54,left,0.980740358624,0.823335603806,-0.157404754819,decay
28.55,left,0.980989801819,0.823265056024,-0.157724745795,decay
28.56,left,0.981187594478,0.823192877268,-0.15799471721,decay
28.57,left,0.98133361676,0.823119100988,-0.158214515772,decay
28.58,left,0.981429027818,0.823043770336,-0.158385257482,decay
28.59,left,0.981476345923,0.822966935541,-0.158509410383,decay
28.6,left,0.981479189498,0.822888651744,-0.158590537754,decay
28.61,left,0.981441561644,0.822808977289,-0.158632584355,decay
28.62,left,0.981366623719,0.822727972424,-0.158638651295,decay
28.63,left,0.981255592597,0.822645698384,-0.158609894213,decay
28.64,left,0.98110722938,0.822562216831,-0.158545012549,decay
28.65,left,0.980917868928,0.822477589568,-0.15844027936,decay
28.66,left,0.980682202286,0.822391878423,-0.158290323863,decay
28.67,left,0.980395064711,0.822305145165,-0.158089919546,decay
28.68,left,0.980053660187,0.822217451527,-0.15783620866,decay
28.69,left,0.97965923763,0.822128859426,-0.157530378203,decay
28.7,left,0.979217957117,0.822039431426,-0.157178525691,decay
28.71,left,0.978741079267,0.821949231437,-0.15679184783,decay
28.72,left,0.978244084764,0.821858325645,-0.156385759119,decay
28.73,left,0.977744707331,0.821766783671,-0.15597792366,decay
28.74,left,0.977260915748,0.821674679967,-0.155586235781,decay
28.75,left,0.976809512886,0.821582095187,-0.155227417699,decay
28.76,left,0.976405170227,0.821489116768,-0.154916053458,decay
28.77,left,0.976059969964,0.821395838106,-0.154664131858,decay
28.78,left,0.975783542348,0.821302356745,-0.154481185602,decay
28.79,left,0.975583149496,0.821208772346,-0.154374377149,decay
28.8,left,0.975463277891,0.821115184712,-0.154348093179,decay
28.81,left,0.975425252479,0.821021691834,-0.154403560645,decay
28.82,left,0.975467301821,0.820928387924,-0.154538913897,decay
28.83,left,0.975584891868,0.820835361346,-0.154749530521,decay
28.84,left,0.975771418586,0.820742692424,-0.155028726162,decay
28.85,left,0.976019595465,0.820650451343,-0.155369144121,decay
28.86,left,0.976323087588,0.820558697063,-0.155764390525,decay
28.87,left,0.976677616974,0.820467477884,-0.15621013909,decay
28.88,left,0.977081494846,0.82037683316,-0.156704661686,decay
28.89,left,0.977535632539,0.820286795153,-0.157248837386,decay
28.9,left,0.978042672476,0.820197390683,-0.157845281793,decay
28.91,left,0.978605366124,0.820108642526,-0.158496723598,decay
28.92,left,0.979224898094,0.8200205706,-0.159204327494,decay
28.93,left,0.979899509584,0.819933192929,-0.159966316655,decay
28.94,left,0.980623547054,0.819846526416,-0.160777020638,decay
28.95,left,0.981387470919,0.819760587405,-0.161626883514,decay
28.96,left,0.9821791709,0.81967539197,-0.16250377893,decay
28.97,left,0.982985913959,0.81959095591,-0.163394958049,decay
28.98,left,0.983795951453,0.819507294458,-0.164288656995,decay
28.99,left,0.984599574597,0.819424421766,-0.165175152831,decay
29,left,0.985389567414,0.819342350175,-0.166047217239,decay
29.01,left,0.986160763919,0.819261089261,-0.166899674658,decay
29.02,left,0.986909148058,0.819180644632,-0.167728503425,decay
29.03,left,0.987631223012,0.819101016461,-0.168530206552,decay
29.04,left,0.98832351417,0.819022197723,-0.169301316448,decay
29.05,left,0.988981980451,0.818944172491,-0.17003780796,decay
29.06,left,0.989601727055,0.818866915395,-0.17073481166,decay
29.07,left,0.990177121727,0.818790393108,-0.171386728619,decay
29.08,left,0.990701923235,0.818714567242,-0.171987355993,decay
29.09,left,0.991169531135,0.8186393975,-0.172530133635,decay
29.1,left,0.991573791928,0.818564844673,-0.173008947255,decay
29.11,left,0.991910171778,0.818490873487,-0.173419298291,decay
29.12,left,0.992176893234,0.81841745535,-0.173759437884,decay
29.13,left,0.992376160676,0.81834457107,-0.174031589605,decay
29.14,left,0.992515297055,0.818272213572,-0.174243083482,decay
29.15,left,0.992606774013,0.818200390313,-0.1744063837,decay
29.16,left,0.992666746653,0.818129124316,-0.174537622337,decay
29.17,left,0.992712918885,0.818058452979,-0.174654465906,decay
29.18,left,0.992762405926,0.817988425297,-0.174773980629,decay
29.19,left,0.992829865652,0.817919098587,-0.174910767066,decay
29.2,left,0.992926442546,0.817850535146,-0.175075907399,decay
29.21,left,0.993059658834,0.817782798815,-0.17527686002,decay
29.22,left,0.993233677843,0.817715951363,-0.175517726479,decay
29.23,left,0.99344972347,0.817650048648,-0.175799674822,decay
29.24,left,0.993706816318,0.817585136441,-0.176121679876,decay
29.25,left,0.994002429287,0.817521246325,-0.176481182962,decay
29.26,left,0.99433241119,0.817458392955,-0.176874018235,decay
29.27,left,0.994690410233,0.817396573719,-0.177293836514,decay
29.28,left,0.995067606281,0.817335769957,-0.177731836324,decay
29.29,left,0.99545285495,0.817275948329,-0.178176906621,decay
29.3,left,0.995833064852,0.817217061739,-0.178616003113,decay
29.31,left,0.996194119648,0.817159049798,-0.17903506985,decay
29.32,left,0.996522242979,0.81710183884,-0.179420404138,decay
29.33,left,0.996805162289,0.817045341515,-0.179759820774,decay
29.34,left,0.99703304408,0.816989455954,-0.180043588126,decay
29.35,left,0.997199493075,0.816934064887,-0.180265428188,decay
29.36,left,0.99730218986,0.816879035819,-0.180423154041,decay
29.37,left,0.997342601132,0.81682422312,-0.180518378012,decay
29.38,left,0.99732491351,0.816769471477,-0.180555442033,decay
29.39,left,0.997254525882,0.816714619638,-0.180539906244,decay
29.4,left,0.997136188143,0.816659504097,-0.180476684046,decay
29.41,left,0.996972375358,0.816603962768,-0.18036841259,decay
29.42,left,0.996762941058,0.816547838738,-0.18021510232,decay
29.43,left,0.996506057635,0.816490984224,-0.180015073411,decay
29.44,left,0.996199479762,0.816433264805,-0.179766214957,decay
29.45,left,0.995841721625,0.816374563597,-0.179467158027,decay
29.46,left,0.995433103683,0.816314784014,-0.179118319669,decay
29.47,left,0.994976277372,0.816253850108,-0.178722427264,decay
29.48,left,0.994476207771,0.816191705353,-0.178284502417,decay
29.49,left,0.993940071083,0.816128311349,-0.177811759734,decay
29.5,left,0.993377028822,0.816063647067,-0.177313381755,decay
29.51,left,0.99279758462,0.815997708685,-0.176799875935,decay
29.52,left,0.99221291262,0.815930510013,-0.176282402608,decay
29.53,left,0.991634602008,0.815862083513,-0.175772518495,decay
29.54,left,0.991074310816,0.815792481942,-0.175281828873,decay
29.55,left,0.990542785343,0.815721779998,-0.174821005345,decay
29.56,left,0.990048684612,0.815650074108,-0.174398610504,decay
29.57,left,0.989597681575,0.815577478896,-0.174020202679,decay
29.58,left,0.989191810672,0.815504121342,-0.17368768933,decay
29.59,left,0.988829409167,0.815430134472,-0.173399274695,decay
29.6,left,0.988506017097,0.815355651277,-0.173150365819,decay
29.61,left,0.988215679935,0.815280798781,-0.172934881154,decay
29.62,left,0.987952020666,0.81520569214,-0.172746328525,decay
29.63,left,0.987709177174,0.815130428658,-0.172578748516,decay
29.64,left,0.987482621275,0.815055081568,-0.172427539707,decay
29.65,left,0.987269528751,0.814979694329,-0.172289834422,decay
29.66,left,0.987068820002,0.814904277932,-0.172164542069,decay
29.67,left,0.986881161426,0.814828813127,-0.172052348299,decay
29.68,left,0.9867085898,0.814753256111,-0.171955333689,decay
29.69,left,0.986553535203,0.814677545063,-0.17187599014,decay
29.7,left,0.986417944942,0.814601606507,-0.171816338435,decay
29.71,left,0.986302994104,0.814525361528,-0.171777632575,decay
29.72,left,0.986208863544,0.814448731967,-0.171760131577,decay
29.73,left,0.986134342052,0.814371646695,-0.171762695357,decay
29.74,left,0.986076683047,0.814294048105,-0.171782634942,decay
29.75,left,0.986031692703,0.814215898283,-0.17181579442,decay
29.76,left,0.985993783963,0.814137182999,-0.171856600964,decay
29.77,left,0.98595631529,0.814057912078,-0.171898403212,decay
29.78,left,0.985912460328,0.813978117317,-0.171934343011,decay
29.79,left,0.985856236534,0.81389784996,-0.171958386574,decay
29.8,left,0.985783471263,0.813817178539,-0.171966292724,decay
29.81,left,0.985692862864,0.813736187112,-0.171956675752,decay
29.82,left,0.985586879956,0.813654973838,-0.171931906118,decay
29.83,left,0.985471865423,0.813573649868,-0.171898215555,decay
29.84,left,0.985357289793,0.813492338485,-0.171864951307,decay
29.85,left,0.985254577324,0.813411174258,-0.171843403066,decay
29.86,left,0.985175504987,0.813330301498,-0.17184520349,decay
29.87,left,0.985130223725,0.813249871466,-0.171880352259,decay
29.88,left,0.985125727025,0.813170038637,-0.171955688387,decay
29.89,left,0.985165345792,0.813090956586,-0.172074389206,decay
29.9,left,0.98524900625,0.813012773691,-0.172236232559,decay
29.91,left,0.985374056905,0.812935628572,-0.172438428334,decay
29.92,left,0.985536438164,0.812859645136,-0.172676793028,decay
29.93,left,0.985731319297,0.812784927143,-0.172946392155,decay
29.94,left,0.985952770111,0.812711552149,-0.173241217962,decay
29.95,left,0.986193266238,0.812639565542,-0.173553700695,decay
29.96,left,0.986443761241,0.812568977077,-0.173874784164,decay
29.97,left,0.986694124327,0.812499761747,-0.17419436258,decay
29.98,left,0.986933720419,0.812431863557,-0.174501856862,decay
29.99,left,0.987152278113,0.812365199643,-0.17478707847,decay
30,left,0.98734067452,0.812299663722,-0.175041010798,decay
30.01,left,0.98749114488,0.812235128865,-0.175256016014,decay
30.02,left,0.987597436667,0.812171449662,-0.175425987005,decay
30.03,left,0.987655412606,0.812108463834,-0.175546948772,decay
30.04,left,0.98766359959,0.812045993381,-0.175617606209,decay
30.05,left,0.987623298738,0.811983845601,-0.175639453137,decay
30.06,left,0.987538448929,0.811921815041,-0.175616633888,decay
30.07,left,0.987415191961,0.811859687169,-0.175555504793,decay
30.08,left,0.98726094844,0.811797243328,-0.175463705113,decay
30.09,left,0.987083291059,0.811734266102,-0.175349024957,decay
30.1,left,0.986888954864,0.811670544814,-0.17521841005,decay
30.11,left,0.986682875419,0.811605881266,-0.175076994153,decay
30.12,left,0.986467378837,0.811540095859,-0.174927282978,decay
30.13,left,0.986242242177,0.811473034249,-0.174769207928,decay
30.14,left,0.986005744226,0.811404574681,-0.174601169544,decay
30.15,left,0.985755871181,0.811334635153,-0.174421236028,decay
30.16,left,0.985491281101,0.811263177426,-0.174228103676,decay
30.17,left,0.98521216964,0.811190205624,-0.174021964015,decay
30.18,left,0.984920713,0.811115761194,-0.173804951806,decay
30.19,left,0.984620827388,0.811039917378,-0.173580910011,decay
30.2,left,0.984317712541,0.810962774449,-0.173354938092,decay
30.21,left,0.984017509148,0.810884455732,-0.173133053416,decay
30.22,left,0.983726866302,0.810805104299,-0.172921762003,decay
30.23,left,0.983452516221,0.810724880292,-0.172727635929,decay
30.24,left,0.983201178896,0.810643958756,-0.17255722014,decay
30.25,left,0.982979511738,0.810562527687,-0.17241698405,decay
30.26,left,0.982793672141,0.810480785426,-0.172312886715,decay
30.27,left,0.982648773132,0.810398936718,-0.172249836415,decay
30.28,left,0.98254853186,0.810317187781,-0.17223134408,decay
30.29,left,0.982494709708,0.810235741066,-0.172258968643,decay
30.3,left,0.982486277894,0.810154789898,-0.172331487996,decay
30.31,left,0.982519013359,0.810074512901,-0.172444500458,decay
30.32,left,0.982585814599,0.809995068063,-0.172590746536,decay
30.33,left,0.982677525181,0.80991658631,-0.172760938871,decay
30.34,left,0.982784230389,0.809839164443,-0.172945065947,decay
30.35,left,0.982896655393,0.809762858402,-0.173133796991,decay
30.36,left,0.983006872468,0.809687680209,-0.173319192259,decay
30.37,left,0.983108246289,0.809613601097,-0.173494645192,decay
30.38,left,0.983195322682,0.809540558926,-0.173654763755,decay
30.39,left,0.983263900209,0.809468466394,-0.173795433814,decay
30.4,left,0.983310913829,0.809397218716,-0.173913695112,decay
30.41,left,0.983334263656,0.809326700791,-0.174007562865,decay
30.42,left,0.983333101033,0.809256793992,-0.174076307041,decay
30.43,left,0.983308323387,0.809187382717,-0.174120940669,decay
30.44,left,0.983262708407,0.809118360834,-0.174144347573,decay
30.45,left,0.98320066125,0.809049637609,-0.174151023641,decay
30.46,left,0.983127520763,0.808981141567,-0.174146379196,decay
30.47,left,0.983048271874,0.808912821101,-0.174135450773,decay
30.48,left,0.982966255167,0.808844642825,-0.174121612341,decay
30.49,left,0.982882640864,0.808776589385,-0.17410605148,decay
30.5,left,0.982796552452,0.80870865743,-0.174087895023,decay
30.51,left,0.982705475323,0.808640855777,-0.174064619547,decay
30.52,left,0.982606055768,0.808573203729,-0.17403285204,decay
30.53,left,0.982495247156,0.808505729531,-0.173989517625,decay
30.54,left,0.98237133629,0.808438468929,-0.173932867361,decay
30.55,left,0.982234866891,0.808371463769,-0.173863403123,decay
30.56,left,0.982089904803,0.808304760513,-0.17378514429,decay
30.57,left,0.981945143584,0.808238408568,-0.173706735016,decay
30.58,left,0.981813831587,0.80817245844,-0.173641373147,decay
30.59,left,0.981712503106,0.808106959767,-0.173605543339,decay
30.6,left,0.981658969176,0.808041959246,-0.17361700993,decay
30.61,left,0.981669644834,0.807977498385,-0.173692146449,decay
30.62,left,0.981756687399,0.807913611062,-0.173843076337,decay
30.63,left,0.981925988158,0.807850320819,-0.174075667339,decay
30.64,left,0.982176433423,0.807787637848,-0.174388795574,decay
30.65,left,0.98250013313,0.80772555611,-0.174774577021,decay
30.66,left,0.982883536294,0.807664052021,-0.175219484273,decay
30.67,left,0.983309290952,0.807603085848,-0.175706205104,decay
30.68,left,0.983758057299,0.807542604951,-0.176215452348,decay
30.69,left,0.984209771743,0.80748254739,-0.176727224353,decay
30.7,left,0.984644738811,0.807422845323,-0.177221893488,decay
30.71,left,0.985044615432,0.807363428197,-0.177681187235,decay
30.72,left,0.985392864372,0.807304225805,-0.178088638567,decay
30.73,left,0.985675090053,0.80724517129,-0.178429918763,decay
30.74,left,0.985879970463,0.807186204131,-0.178693766332,decay
30.75,left,0.986000373892,0.807127272897,-0.178873100995,decay
30.76,left,0.986033906221,0.807068336858,-0.178965569363,decay
30.77,left,0.985982835826,0.807009365788,-0.178973470038,decay
30.78,left,0.985853388455,0.8069503385,-0.178903049955,decay
30.79,left,0.985654294758,0.806891241094,-0.178763053664,decay
30.8,left,0.985395051938,0.806832065298,-0.17856298664,decay
30.81,left,0.985084377015,0.806772806918,-0.178311570097,decay
30.82,left,0.984728684042,0.806713464369,-0.178015219673,decay
30.83,left,0.9843306436,0.806654037267,-0.177676606332,decay
30.84,left,0.983888603102,0.80659452507,-0.177294078032,decay
30.85,left,0.98339724547,0.806534925823,-0.176862319647,decay
30.86,left,0.982848841986,0.806475235337,-0.176373606648,decay
30.87,left,0.982234571072,0.80641544699,-0.175819124083,decay
30.88,left,0.981546094803,0.806355551992,-0.175190542811,decay
30.89,left,0.980777469474,0.806295539791,-0.174481929682,decay
30.9,left,0.979927204188,0.806235398481,-0.173691805707,decay
30.91,left,0.979000374605,0.806175115221,-0.172825259384,decay
30.92,left,0.978010205804,0.806114676674,-0.17189552913,decay
30.93,left,0.976978063373,0.806054069473,-0.170923993899,decay
30.94,left,0.975931687233,0.805993280723,-0.16993840651,decay
30.95,left,0.974902585785,0.805932298428,-0.168970287356,decay
30.96,left,0.973923190216,0.805871111455,-0.168052078761,decay
30.97,left,0.973023751379,0.805809708733,-0.167214042646,decay
30.98,left,0.972229485598,0.805748077918,-0.166481407679,decay
30.99,left,0.971558909768,0.805686203901,-0.165872705866,decay
31,left,0.971023474045,0.805624067318,-0.165399406727,decay
31.01,left,0.970628059074,0.805561643054,-0.16506641602,decay
31.02,left,0.970372166669,0.805498898724,-0.164873267945,decay
31.03,left,0.970251321442,0.80543579311,-0.164815528331,decay
31.04,left,0.970257909751,0.80537227454,-0.164885635212,decay
31.05,left,0.970381442209,0.805308279585,-0.165073162624,decay
31.06,left,0.970608802118,0.805243733307,-0.165365068812,decay
31.07,left,0.970924704783,0.805178551988,-0.165746152795,decay
31.08,left,0.971312455662,0.805112647705,-0.166199807957,decay
31.09,left,0.971755241541,0.805045933574,-0.166709307967,decay
31.1,left,0.972237662304,0.804978329228,-0.167259333076,decay
31.11,left,0.972746658443,0.804909766612,-0.16783689183,decay
31.12,left,0.973271606257,0.80484019619,-0.168431410068,decay
31.13,left,0.973804106735,0.804769593681,-0.169034513054,decay
31.14,left,0.974337608298,0.804697967462,-0.169639640837,decay
31.15,left,0.974866803243,0.804625365555,-0.170241437688,decay
31.16,left,0.975387367509,0.804551878715,-0.170835488795,decay
31.17,left,0.975896364983,0.804477636878,-0.171418728105,decay
31.18,left,0.976392668829,0.804402801018,-0.171989867811,decay
31.19,left,0.97687687195,0.80432755397,-0.17254931798,decay
31.2,left,0.977350777043,0.804252091641,-0.173098685402,decay
31.21,left,0.977816436888,0.804176614508,-0.173639822379,decay
31.22,left,0.978274891297,0.804101319263,-0.174173572035,decay
31.23,left,0.978725531076,0.804026390382,-0.174699140693,decay
31.24,left,0.979166733643,0.803951991477,-0.175214742166,decay
31.25,left,0.979597125558,0.80387825709,-0.175718868468,decay
31.26,left,0.980016534408,0.803805287552,-0.176211246857,decay
31.27,left,0.980426448248,0.803733148831,-0.176693299416,decay
31.28,left,0.98082981377,0.803661875782,-0.177167937988,decay
31.29,left,0.98122969078,0.80359147597,-0.17763821481,decay
31.3,left,0.981627191729,0.80352193295,-0.178105258779,decay
31.31,left,0.982019940749,0.803453208945,-0.178566731804,decay
31.32,left,0.98240168261,0.803385246974,-0.179016435636,decay
31.33,left,0.982763148686,0.803317972468,-0.179445176219,decay
31.34,left,0.983094223368,0.80325129442,-0.179842928948,decay
31.35,left,0.983386785358,0.803185106327,-0.180201679031,decay
31.36,left,0.983637116209,0.803119287663,-0.180517828546,decay
31.37,left,0.98384737381,0.803053706467,-0.180793667343,decay
31.38,left,0.984026147972,0.802988222701,-0.181037925271,decay
31.39,left,0.984187845734,0.802922691757,-0.181265153977,decay
31.4,left,0.984350866355,0.802856967886,-0.181493898469,decay
31.41,left,0.984535399879,0.802790907623,-0.181744492256,decay
31.42,left,0.984761464882,0.802724373295,-0.182037091587,decay
31.43,left,0.98504687472,0.802657236708,-0.182389638013,decay
31.44,left,0.985405137413,0.8025893831,-0.182815754312,decay
31.45,left,0.98584395586,0.802520715049,-0.18332324081,decay
31.46,left,0.986364561911,0.802451155141,-0.183913406771,decay
31.47,left,0.986961745077,0.802380646509,-0.184581098568,decay
31.48,left,0.987624667586,0.80230915201,-0.185315515576,decay
31.49,left,0.98833829684,0.802236653344,-0.186101643495,decay
31.5,left,0.989084945331,0.802163150687,-0.186921794644,decay
31.51,left,0.989845917901,0.802088662851,-0.18775725505,decay
31.52,left,0.990603536262,0.802013228012,-0.18859030825,decay
31.53,left,0.991343077331,0.801936904971,-0.18940617236,decay
31.54,left,0.992053787105,0.801859774992,-0.190194012113,decay
31.55,left,0.992728940484,0.801781943656,-0.190946996827,decay
31.56,left,0.993365457733,0.80170354104,-0.191661916693,decay
31.57,left,0.99396305216,0.801624718884,-0.192338333275,decay
31.58,left,0.994522931487,0.801545645674,-0.192977285813,decay
31.59,left,0.995046765024,0.801466501287,-0.193580263738,decay
31.6,left,0.995536153556,0.801387471827,-0.19414868173,decay
31.61,left,0.995992163567,0.801308744569,-0.194683418998,decay
31.62,left,0.996414960308,0.801230502898,-0.19518445741,decay
31.63,left,0.996803773102,0.801152921105,-0.195650851997,decay
31.64,left,0.997157002158,0.801076158924,-0.196080843234,decay
31.65,left,0.997472468753,0.80100035625,-0.196472112504,decay
31.66,left,0.997748017387,0.800925629733,-0.196822387654,decay
31.67,left,0.997982008078,0.800852072522,-0.197129935557,decay
31.68,left,0.99817290422,0.800779756071,-0.197393148148,decay
31.69,left,0.998318140084,0.800708732167,-0.197609407917,decay
31.7,left,0.998413257604,0.800639034388,-0.197774223216,decay
31.71,left,0.998451665703,0.800570678949,-0.197880986753,decay
31.72,left,0.998424843433,0.800503664953,-0.19792117848,decay
31.73,left,0.99832327348,0.800437974014,-0.197885299465,decay
31.74,left,0.998138129963,0.800373569289,-0.197764560674,decay
31.75,left,0.997862946646,0.800310394297,-0.197552552349,decay
31.76,left,0.997494977173,0.800248372907,-0.197246604266,decay
31.77,left,0.997036453501,0.800187411485,-0.196849042016,decay
31.78,left,0.996495234886,0.800127402505,-0.196367832381,decay
31.79,left,0.995884307715,0.800068228298,-0.195816079417,decay
31.8,left,0.995220527805,0.800009764451,-0.195210763354,decay
31.81,left,0.994523018667,0.799951882886,-0.194571135781,decay
31.82,left,0.993811111787,0.79989445471,-0.193916657077,decay
31.83,left,0.993102171864,0.799837352894,-0.19326481897,decay
31.84,left,0.992410239837,0.799780454879,-0.192629784958,decay
31.85,left,0.991745665046,0.799723645009,-0.192022020037,decay
31.86,left,0.991115048199,0.799666816386,-0.191448231813,decay
31.87,left,0.99052143524,0.799609871836,-0.190911563404,decay
31.88,left,0.989965221346,0.799552724322,-0.190412497024,decay
31.89,left,0.989445510865,0.799495297308,-0.189950213557,decay
31.9,left,0.9889614123,0.79943752533,-0.18952388697,decay
31.91,left,0.988513126948,0.799379354813,-0.189133772135,decay
31.92,left,0.988102482397,0.799320745158,-0.188781737239,decay
31.93,left,0.98773254596,0.799261670133,-0.188470875827,decay
31.94,left,0.987406748142,0.79920211961,-0.188204628532,decay
31.95,left,0.987128248094,0.799142101203,-0.187986146891,decay
31.96,left,0.986899586513,0.799081640431,-0.187817946082,decay
31.97,left,0.986722316888,0.799020778322,-0.187701538566,decay
31.98,left,0.986596855141,0.798959567236,-0.187637287905,decay
31.99,left,0.986522840674,0.798898066308,-0.187624774366,decay
32,left,0.986499591879,0.798836337028,-0.187663254851,decay
32.01,left,0.986526445028,0.79877443894,-0.187752006089,decay
32.02,left,0.986603249691,0.79871242536,-0.187890824331,decay
32.03,left,0.986730542727,0.798650339045,-0.188080203683,decay
32.04,left,0.986908720448,0.798588207716,-0.188320512733,decay
32.05,left,0.98713673104,0.798526039904,-0.188610691137,decay
32.06,left,0.987411125741,0.798463822684,-0.188947303057,decay
32.07,left,0.98772548224,0.798401522517,-0.189323959723,decay
32.08,left,0.988070156872,0.798339088251,-0.189731068621,decay
32.09,left,0.988432652054,0.798276454647,-0.190156197407,decay
32.1,left,0.988798374802,0.798213545767,-0.190584829035,decay
32.11,left,0.989151414043,0.798150278247,-0.191001135795,decay
32.12,left,0.989475796373,0.79808656452,-0.191389231853,decay
32.13,left,0.989757546914,0.798022316067,-0.191735230847,decay
32.14,left,0.989986549431,0.797957446759,-0.192029102672,decay
32.15,left,0.990157231468,0.79789187615,-0.192265355319,decay
32.16,left,0.990268482205,0.797825532067,-0.192442950138,decay
32.17,left,0.990323246904,0.797758352045,-0.192564894859,decay
32.18,left,0.990327566388,0.79769028403,-0.192637282358,decay
32.19,left,0.9902892711,0.797621287134,-0.192667983966,decay
32.2,left,0.990216680838,0.797551332762,-0.192665348076,decay
32.21,left,0.99011714689,0.797480406166,-0.192636740723,decay
32.22,left,0.989995707226,0.797408508461,-0.192587198765,decay
32.23,left,0.989854655752,0.797335659131,-0.192518996622,decay
32.24,left,0.989694024571,0.797261899073,-0.192432125498,decay
32.25,left,0.989512155243,0.797187293468,-0.192324861775,decay
32.26,left,0.989306100414,0.797111932185,-0.192194168229,decay
32.27,left,0.989072256961,0.797035925948,-0.192036331013,decay
32.28,left,0.988807149828,0.796959399541,-0.191847750286,decay
32.29,left,0.988508084019,0.796882484297,-0.191625599722,decay
32.3,left,0.988173943521,0.796805310746,-0.191368632775,decay
32.31,left,0.987806080039,0.796728001352,-0.191078078687,decay
32.32,left,0.98740855925,0.79665066318,-0.19075789607,decay
32.33,left,0.986987606184,0.796573380356,-0.190414225829,decay
32.34,left,0.986550796317,0.796496206177,-0.19005459014,decay
32.35,left,0.986106287935,0.796419155939,-0.189687131996,decay
32.36,left,0.985662250806,0.796342204146,-0.18932004666,decay
32.37,left,0.985226909685,0.796265288917,-0.188961620768,decay
32.38,left,0.984809137919,0.796188321479,-0.188620816439,decay
32.39,left,0.98441865059,0.796111196994,-0.188307453596,decay
32.4,left,0.984065157155,0.796033805276,-0.18803135188,decay
32.41,left,0.983756887336,0.795956041468,-0.187800845868,decay
32.42,left,0.98349901396,0.795877816871,-0.187621197088,decay
32.43,left,0.983292206349,0.795799070117,-0.187493136231,decay
32.44,left,0.98313195924,0.795719778892,-0.187412180348,decay
32.45,left,0.983009271026,0.795639970774,-0.187369300252,decay
32.46,left,0.982912288747,0.795559728295,-0.187352560453,decay
32.47,left,0.982828328285,0.795479184487,-0.187349143798,decay
32.48,left,0.982745959486,0.795398511731,-0.187347447755,decay
32.49,left,0.982656438712,0.795317908937,-0.187338529775,decay
32.5,left,0.982553831152,0.795237589003,-0.18731624215,decay
32.51,left,0.982434277725,0.795157766469,-0.187276511256,decay
32.52,left,0.98229524873,0.795078645134,-0.187216603597,decay
32.53,left,0.982134879056,0.795000405367,-0.187134473689,decay
32.54,left,0.981951339905,0.794923190887,-0.187028149019,decay
32.55,left,0.981742758762,0.794847096415,-0.186895662347,decay
32.56,left,0.981507743137,0.794772161251,-0.186735581887,decay
32.57,left,0.981245713942,0.794698372566,-0.186547341376,decay
32.58,left,0.980956885081,0.794625675466,-0.186331209615,decay
32.59,left,0.98064241024,0.794553984537,-0.186088425702,decay
32.6,left,0.980304473768,0.794483194834,-0.185821278935,decay
32.61,left,0.979945953539,0.79441319229,-0.185532761248,decay
32.62,left,0.97957014289,0.794343863777,-0.185226279113,decay
32.63,left,0.979180836456,0.79427510696,-0.184905729496,decay
32.64,left,0.97878230148,0.794206840174,-0.184575461305,decay
32.65,left,0.978378879651,0.794139011355,-0.184239868296,decay
32.66,left,0.977974571329,0.794071602754,-0.183902968575,decay
32.67,left,0.977572770551,0.794004628923,-0.183568141627,decay
32.68,left,0.977176096329,0.793938129915,-0.183237966414,decay
32.69,left,0.976786760462,0.793872163172,-0.18291459729,decay
32.7,left,0.976407765698,0.793806795445,-0.182600970253,decay
32.71,left,0.976044149768,0.793742094732,-0.182302055036,decay
32.72,left,0.975703526429,0.79367812207,-0.182025404359,decay
32.73,left,0.975396191409,0.793614923068,-0.181781268341,decay
32.74,left,0.975134898629,0.793552519001,-0.181582379628,decay
32.75,left,0.974933800541,0.793490898486,-0.181442902055,decay
32.76,left,0.974806617183,0.793430013206,-0.181376603977,decay
32.77,left,0.974764564945,0.793369780312,-0.181394784633,decay
32.78,left,0.974814276532,0.793310089502,-0.181504187029,decay
32.79,left,0.974956211795,0.793250811177,-0.181705400618,decay
32.8,left,0.975184384839,0.793191804279,-0.18199258056,decay
32.81,left,0.975487367794,0.793132923852,-0.182354443942,decay
32.82,left,0.9758497505,0.793074028469,-0.182775722032,decay
32.83,left,0.976253814352,0.793014987683,-0.183238826669,decay
32.84,left,0.976681605526,0.792955689657,-0.183725915869,decay
32.85,left,0.977116754569,0.792896048271,-0.184220706298,decay
32.86,left,0.977545089539,0.792836007214,-0.184709082325,decay
32.87,left,0.977954148052,0.792775539156,-0.185178608896,decay
32.88,left,0.978332217971,0.792714641518,-0.185617576453,decay
32.89,left,0.978667338436,0.792653331511,-0.186014006925,decay
32.9,left,0.978947001995,0.792591641499,-0.186355360497,decay
32.91,left,0.979159105527,0.792529614711,-0.186629490817,decay
32.92,left,0.979293520119,0.792467301213,-0.186826218906,decay
32.93,left,0.979343406245,0.792404754079,-0.186938652166,decay
32.94,left,0.97930623414,0.792342025673,-0.186964208467,decay
32.95,left,0.979184562413,0.792279164272,-0.186905398141,decay
32.96,left,0.978986221555,0.792216211825,-0.186770009731,decay
32.97,left,0.978723932799,0.79215320347,-0.186570729328,decay
32.98,left,0.978414819146,0.792090168296,-0.18632465085,decay
32.99,left,0.978079579352,0.792027130415,-0.186052448937,decay
33,left,0.977740582083,0.791964110012,-0.185776472071,decay
33.01,left,0.977419084481,0.791901124321,-0.18551796016,decay
33.02,left,0.977132476387,0.791838188558,-0.185294287829,decay
33.03,left,0.976892022605,0.791775316807,-0.185116705798,decay
33.04,left,0.97670157031,0.791712522879,-0.184989047431,decay
33.05,left,0.976557853335,0.791649821069,-0.184908032266,decay
33.06,left,0.97645217184,0.79158722655,-0.18486494529,decay
33.07,left,0.976372446384,0.791524755218,-0.184847691166,decay
33.08,left,0.976305040106,0.791462423134,-0.184842616972,decay
33.09,left,0.976236282184,0.791400245804,-0.18483603638,decay
33.1,left,0.976153536926,0.79133823742,-0.184815299507,decay
33.11,left,0.976045810605,0.791276410032,-0.184769400573,decay
33.12,left,0.975904422919,0.791214772648,-0.18468965027,decay
33.13,left,0.975723988856,0.791153330237,-0.184570658619,decay
33.14,left,0.975503193373,0.791092082622,-0.18441111075,decay
33.15,left,0.97524509777,0.791031023316,-0.184214074454,decay
33.16,left,0.974957180162,0.79097013849,-0.183987041673,decay
33.17,left,0.974650814074,0.790909406225,-0.183741407849,decay
33.18,left,0.97433982999,0.790848795923,-0.183491034067,decay
33.19,left,0.974038648414,0.790788267638,-0.183250380776,decay
33.2,left,0.973760564266,0.790727771237,-0.183032793029,decay
33.21,left,0.973516222329,0.790667245383,-0.182848976946,decay
33.22,left,0.973312509931,0.790606616328,-0.182705893602,decay
33.23,left,0.973152374906,0.790545796523,-0.182606578384,decay
33.24,left,0.973035437484,0.790484683032,-0.182550754453,decay
33.25,left,0.972958750004,0.790423156367,-0.182535593637,decay
33.26,left,0.972917589797,0.790361081653,-0.182556508144,decay
33.27,left,0.972906474506,0.790298313593,-0.182608160913,decay
33.28,left,0.97291999452,0.790234704272,-0.182685290248,decay
33.29,left,0.972953160076,0.790170111975,-0.182783048101,decay
33.3,left,0.973001762856,0.790104410382,-0.182897352475,decay
33.31,left,0.973062836542,0.790037498254,-0.183025338288,decay
33.32,left,0.97313457667,0.789969309797,-0.183165266873,decay
33.33,left,0.973215747463,0.78989982588,-0.183315921583,decay
33.34,left,0.973305130165,0.789829086323,-0.183476043841,decay
33.35,left,0.973401053779,0.789757201448,-0.18364385233,decay
33.36,left,0.973501036336,0.789684356906,-0.183816679429,decay
33.37,left,0.97360201741,0.789610807202,-0.183991210208,decay
33.38,left,0.973701179135,0.789536861285,-0.18416431785,decay
33.39,left,0.973796615846,0.789462866313,-0.184333749532,decay
33.4,left,0.973887546693,0.789389191898,-0.184498354795,decay
33.41,left,0.973974384955,0.789316214714,-0.184658170241,decay
33.42,left,0.974058552647,0.789244303145,-0.184814249503,decay
33.43,left,0.974141797929,0.789173801612,-0.184967996317,decay
33.44,left,0.97422555356,0.789105014274,-0.185120539286,decay
33.45,left,0.974310797675,0.789038189362,-0.185272608313,decay
33.46,left,0.974398153785,0.788973508993,-0.185424644792,decay
33.47,left,0.974488167905,0.788911088045,-0.185577079859,decay
33.48,left,0.974581774087,0.788850979129,-0.185730794958,decay
33.49,left,0.974680258332,0.788793178377,-0.185887079954,decay
33.5,left,0.974784276354,0.78873762996,-0.186046646394,decay
33.51,left,0.974892719331,0.788684229184,-0.186208490147,decay
33.52,left,0.975002388521,0.788632824265,-0.186369564256,decay
33.53,left,0.975108417575,0.788583216815,-0.186525200759,decay
33.54,left,0.975205203477,0.788535161087,-0.18667004239,decay
33.55,left,0.975288024045,0.788488362984,-0.186799661061,decay
33.56,left,0.975354713883,0.788442481843,-0.186912232041,decay
33.57,left,0.975406074226,0.788397137337,-0.18700893689,decay
33.58,left,0.97544481236,0.78835191998,-0.18709289238,decay
33.59,left,0.975473838854,0.788306402425,-0.187167436429,decay
33.6,left,0.975494564147,0.788260150554,-0.187234413593,decay
33.61,left,0.975505955651,0.788212734528,-0.187293221123,decay
33.62,left,0.975505164191,0.788163740103,-0.187341424088,decay
33.63,left,0.975489363686,0.788112780478,-0.187376583208,decay
33.64,left,0.975457551999,0.788059508968,-0.187398043031,decay
33.65,left,0.975411567358,0.788003631332,-0.187407936025,decay
33.66,left,0.97535616761,0.787944913407,-0.187411254203,decay
33.67,left,0.975297961803,0.787883180787,-0.187414781016,decay
33.68,left,0.975243408464,0.787818313247,-0.187425095216,decay
33.69,left,0.97519696011,0.78775023863,-0.18744672148,decay
33.7,left,0.975160125981,0.787678928114,-0.187481197867,decay
33.71,left,0.975131127229,0.787604392983,-0.187526734245,decay
33.72,left,0.975104842906,0.787526682828,-0.187578160079,decay
33.73,left,0.975073349247,0.787445885173,-0.187627464073,decay
33.74,left,0.975027054938,0.7873621265,-0.187664928438,decay
33.75,left,0.974956128342,0.78727557375,-0.187680554592,decay
33.76,left,0.97485213594,0.787186433473,-0.187665702467,decay
33.77,left,0.974709582246,0.787094946454,-0.187614635791,decay
33.78,left,0.974526828269,0.787001379278,-0.187525448991,decay
33.79,left,0.974306453688,0.786906015587,-0.187400438101,decay
33.8,left,0.974055442119,0.786809148024,-0.187246294095,decay
33.81,left,0.973785008661,0.786711070774,-0.187073937887,decay
33.82,left,0.973509720124,0.786612072508,-0.186897647616,decay
33.83,left,0.973246264506,0.786512429539,-0.186733834967,decay
33.84,left,0.973012360806,0.786412399023,-0.186599961783,decay
33.85,left,0.972825491942,0.786312212723,-0.186513279219,decay
33.86,left,0.972701189868,0.786212073386,-0.186489116482,decay
33.87,left,0.972651468236,0.786112155267,-0.186539312969,decay
33.88,left,0.972683838812,0.7860126075,-0.186671231312,decay
33.89,left,0.972800907194,0.785913558045,-0.186887349149,decay
33.9,left,0.973000849453,0.785815117279,-0.187185732175,decay
33.91,left,0.973278713174,0.785717381188,-0.187561331986,decay
33.92,left,0.973627655333,0.785620434186,-0.188007221147,decay
33.93,left,0.974039623689,0.785524351559,-0.18851527213,decay
33.94,left,0.97450575469,0.785429201579,-0.18907655311,decay
33.95,left,0.975016517381,0.785335047332,-0.189681470049,decay
33.96,left,0.975561396484,0.7852419484,-0.190319448084,decay
33.97,left,0.976128534638,0.785149962524,-0.190978572114,decay
33.98,left,0.976704971704,0.785059147179,-0.191645824526,decay
33.99,left,0.977277396333,0.784969560914,-0.192307835419,decay
34,left,0.977833107973,0.784881264436,-0.192951843537,decay
34.01,left,0.978361334626,0.784794321405,-0.193567013222,decay
34.02,left,0.978854810591,0.784708798955,-0.194146011636,decay
34.03,left,0.979310895243,0.784624767936,-0.194686127307,decay
34.04,left,0.979731780476,0.784542302848,-0.195189477628,decay
34.05,left,0.980123903384,0.784461481415,-0.195662421969,decay
34.06,left,0.980496645981,0.784382383636,-0.196114262345,decay
34.07,left,0.980860525155,0.784305090167,-0.196555434988,decay
34.08,left,0.981225468792,0.784229680069,-0.196995788722,decay
34.09,left,0.981599408802,0.784156228023,-0.197443180779,decay
34.1,left,0.98198674382,0.784084800983,-0.197901942838,decay
34.11,left,0.982386729815,0.784015454221,-0.198371275594,decay
34.12,left,0.98279287084,0.783948226685,-0.198844644155,decay
34.13,left,0.983193913196,0.78388313556,-0.199310777636,decay
34.14,left,0.983575981442,0.783820169966,-0.199755811476,decay
34.15,left,0.983925484256,0.783759284793,-0.200166199463,decay
34.16,left,0.984232269005,0.783700398054,-0.20053187095,decay
34.17,left,0.984491535828,0.783643394362,-0.200848141466,decay
34.18,left,0.984703543875,0.783588132587,-0.201115411288,decay
34.19,left,0.984871740139,0.783534454263,-0.201337285876,decay
34.2,left,0.985000182783,0.783482191398,-0.201517991384,decay
34.21,left,0.985090851318,0.783431173744,-0.201659677574,decay
34.22,left,0.985141920016,0.783381235666,-0.20176068435,decay
34.23,left,0.985147924611,0.783332222779,-0.201815701832,decay
34.24,left,0.985101402863,0.783283998484,-0.20181740438,decay
34.25,left,0.984994958637,0.783236449785,-0.201758508851,decay
34.26,left,0.984823389544,0.783189490111,-0.201633899433,decay
34.27,left,0.984585575518,0.783143057407,-0.201442518111,decay
34.28,left,0.984285279036,0.783097108879,-0.201188170157,decay
34.29,left,0.983930686792,0.783051614786,-0.200879072006,decay
34.3,left,0.983533346676,0.783006552234,-0.200526794442,decay
34.31,left,0.983106600943,0.782961898962,-0.200144701981,decay
34.32,left,0.982663382338,0.782917627032,-0.199745755306,decay
34.33,left,0.982214130886,0.782873696321,-0.199340434565,decay
34.34,left,0.981765738985,0.782830047736,-0.198935691249,decay
34.35,left,0.981321688656,0.782786596936,-0.19853509172,decay
34.36,left,0.980883268672,0.782743231335,-0.198140037337,decay
34.37,left,0.980451516654,0.782699812451,-0.197751704204,decay
34.38,left,0.98002877546,0.782656182069,-0.197372593391,decay
34.39,left,0.979618866969,0.782612169423,-0.197006697545,decay
34.4,left,0.979226251614,0.782567598324,-0.19665865329,decay
34.41,left,0.978855103224,0.782522294307,-0.196332808917,decay
34.42,left,0.978508501727,0.782476091943,-0.196032409784,decay
34.43,left,0.978187842693,0.782428842478,-0.195759000215,decay
34.44,left,0.977893016997,0.78238042196,-0.195512595037,decay
34.45,left,0.977623264508,0.782330738888,-0.19529252562,decay
34.46,left,0.977377820854,0.782279737989,-0.195098082865,decay
34.47,left,0.977156015525,0.782227397564,-0.194928617961,decay
34.48,left,0.97695696388,0.782173722391,-0.194783241489,decay
34.49,left,0.976778792052,0.782118735734,-0.194660056318,decay
34.5,left,0.976617727851,0.782062471864,-0.194555255988,decay
34.51,left,0.97646796638,0.782004969069,-0.194462997311,decay
34.52,left,0.976322605029,0.781946263067,-0.194376341962,decay
34.53,left,0.976174938623,0.781886380673,-0.19428855795,decay
34.54,left,0.976019622751,0.781825333636,-0.194194289115,decay
34.55,left,0.975853802808,0.781763113229,-0.19409068958,decay
34.56,left,0.97567787573,0.781699687616,-0.193978188114,decay
34.57,left,0.975495347831,0.781635003601,-0.19386034423,decay
34.58,left,0.975312046982,0.781568991535,-0.193743055447,decay
34.59,left,0.975135035001,0.78150157128,-0.193633463721,decay
34.6,left,0.974970962188,0.78143265842,-0.193538303767,decay
34.61,left,0.974824110947,0.781362170755,-0.193461940192,decay
34.62,left,0.974695180567,0.781290035207,-0.19340514536,decay
34.63,left,0.974581299985,0.781216195264,-0.193365104721,decay
34.64,left,0.974476831936,0.781140619108,-0.193336212827,decay
34.65,left,0.974374566329,0.781063307429,-0.1933112589,decay
34.66,left,0.974267132962,0.780984297581,-0.193282835381,decay
34.67,left,0.974148199866,0.780903661521,-0.193244538345,decay
34.68,left,0.974013175194,0.780821499483,-0.193191675712,decay
34.69,left,0.973859742268,0.780737932887,-0.193121809382,decay
34.7,left,0.973688258448,0.780653097839,-0.193035160609,decay
34.71,left,0.973501475429,0.780567139221,-0.192934336208,decay
34.72,left,0.973303646833,0.780480205229,-0.192823441603,decay
34.73,left,0.973099557707,0.780392442261,-0.192707115446,decay
34.74,left,0.972893438409,0.780303990005,-0.192589448404,decay
34.75,left,0.972687822011,0.780214977089,-0.192472844922,decay
34.76,left,0.972483023408,0.780125518559,-0.192357504849,decay
34.77,left,0.972277343924,0.780035716156,-0.192241627768,decay
34.78,left,0.972067384824,0.779945660576,-0.192121724248,decay
34.79,left,0.971848390579,0.779855434293,-0.191992956286,decay
34.8,left,0.971615008469,0.77976511436,-0.191849894109,decay
34.81,left,0.971362301623,0.779674775168,-0.191687526455,decay
34.82,left,0.971086751105,0.779584491188,-0.191502259917,decay
34.83,left,0.970787665555,0.779494339721,-0.191293325834,decay
34.84,left,0.970468929895,0.779404403671,-0.191064526224,decay
34.85,left,0.970139895467,0.779314774073,-0.190825121394,decay
34.86,left,0.969814847078,0.779225551391,-0.190589295686,decay
34.87,left,0.969511620818,0.779136844885,-0.190374775933,decay
34.88,left,0.969249607786,0.779048770535,-0.190200837251,decay
34.89,left,0.96904726978,0.778961448507,-0.190085821273,decay
34.9,left,0.968920066606,0.778875000474,-0.190045066132,decay
34.91,left,0.968879307018,0.778789546784,-0.190089760234,decay
34.92,left,0.968931471685,0.778705203378,-0.190226268307,decay
34.93,left,0.969077896027,0.778622078397,-0.19045581763,decay
34.94,left,0.969315172549,0.778540268377,-0.190774904172,decay
34.95,left,0.969636003989,0.77845985449,-0.191176149499,decay
34.96,left,0.970029873661,0.778380900378,-0.191648973283,decay
34.97,left,0.970483573578,0.778303452758,-0.19218012082,decay
34.98,left,0.970981868937,0.778227543858,-0.192754325079,decay
34.99,left,0.971507897267,0.778153194007,-0.193354703261,decay
35,left,0.972043065862,0.778080413707,-0.193962652155,decay
35.01,left,0.972567168471,0.778009205162,-0.194557963309,decay
35.02,left,0.973059164471,0.777939563278,-0.195119601193,decay
35.03,left,0.973498292725,0.777871476148,-0.195626816577,decay
35.04,left,0.973865479678,0.777804925047,-0.19606055463,decay
35.05,left,0.97414501976,0.777739884126,-0.196405135634,decay
35.06,left,0.974325848109,0.777676320474,-0.196649527636,decay
35.07,left,0.974401964787,0.777614195034,-0.196787769753,decay
35.08,left,0.974372266487,0.777553464036,-0.196818802451,decay
35.09,left,0.974239918378,0.777494080285,-0.196745838093,decay
35.1,left,0.974011263512,0.777435994073,-0.196575269439,decay
35.11,left,0.973694934959,0.777379153716,-0.196315781243,decay
35.12,left,0.973301922719,0.777323505724,-0.195978416995,decay
35.13,left,0.972846087236,0.777268994641,-0.195577092595,decay
35.14,left,0.972344117697,0.777215562539,-0.195128555157,decay
35.15,left,0.971814902823,0.777163148376,-0.194651754447,decay
35.16,left,0.971278497212,0.777111687735,-0.194166809477,decay
35.17,left,0.970754443854,0.777061113382,-0.193693330472,decay
35.18,left,0.970259857984,0.777011356342,-0.193248501643,decay
35.19,left,0.969808209026,0.776962346982,-0.192845862044,decay
35.2,left,0.969408974326,0.776914015897,-0.192494958429,decay
35.21,left,0.969067831859,0.776866294604,-0.192201537255,decay
35.22,left,0.968787434786,0.776819116089,-0.191968318697,decay
35.23,left,0.96856864489,0.776772415218,-0.191796229672,decay
35.24,left,0.968411426648,0.776726129045,-0.191685297603,decay
35.25,left,0.968315021467,0.77668019698,-0.191634824486,decay
35.26,left,0.96827801755,0.776634560689,-0.191643456861,decay
35.27,left,0.968298584299,0.776589163619,-0.19170942068,decay
35.28,left,0.968374424599,0.776543950249,-0.191830474349,decay
35.29,left,0.968502648892,0.776498865219,-0.192003783673,decay
35.3,left,0.968680189445,0.776453852412,-0.192226337033,decay
35.31,left,0.968904409889,0.776408853997,-0.192495555892,decay
35.32,left,0.969173258418,0.776363809419,-0.192809448999,decay
35.33,left,0.969485101532,0.776318654345,-0.193166447186,decay
35.34,left,0.969838447499,0.776273319568,-0.193565127931,decay
35.35,left,0.970231400652,0.776227730038,-0.194003670615,decay
35.36,left,0.970661007312,0.776181804612,-0.194479202699,decay
35.37,left,0.971122863808,0.776135456978,-0.19498740683,decay
35.38,left,0.971610875527,0.77608859743,-0.195522278097,decay
35.39,left,0.972117072741,0.776041134982,-0.196075937758,decay
35.4,left,0.972632024117,0.775992979599,-0.196639044518,decay
35.41,left,0.973145933955,0.775944044601,-0.197201889354,decay
35.42,left,0.973649435639,0.775894249291,-0.197755186349,decay
35.43,left,0.974133511806,0.775843521876,-0.19828998993,decay
35.44,left,0.974589014128,0.775791802745,-0.198797211384,decay
35.45,left,0.975006214107,0.77573904762,-0.199267166487,decay
35.46,left,0.975374753337,0.775685228952,-0.199689524384,decay
35.47,left,0.975684502013,0.775630334294,-0.200054167719,decay
35.48,left,0.975926933324,0.775574362626,-0.200352570698,decay
35.49,left,0.976096037872,0.775517320336,-0.200578717536,decay
35.5,left,0.976188703152,0.775459217526,-0.200729485626,decay
35.51,left,0.976205072648,0.775400064651,-0.200805007997,decay
35.52,left,0.976148750143,0.775339869424,-0.200808880719,decay
35.53,left,0.976026345342,0.775278633947,-0.200747711395,decay
35.54,left,0.975846613342,0.775216352015,-0.200630261327,decay
35.55,left,0.975619785399,0.775153006864,-0.200466778535,decay
35.56,left,0.975357064188,0.775088570339,-0.200268493849,decay
35.57,left,0.975070329339,0.775023004197,-0.200047325142,decay
35.58,left,0.974772489506,0.774956263015,-0.199816226491,decay
35.59,left,0.974478039802,0.774888297735,-0.199589742067,decay
35.6,left,0.97420275967,0.774819059482,-0.199383700188,decay
35.61,left,0.973962556831,0.774748503687,-0.199214053143,decay
35.62,left,0.973772280269,0.774676594606,-0.199095685663,decay
35.63,left,0.973644810524,0.774603310303,-0.199041500221,decay
35.64,left,0.973590374021,0.774528648199,-0.199061725823,decay
35.65,left,0.973616243411,0.774452630478,-0.199163612933,decay
35.66,left,0.973726830751,0.774375307002,-0.199351523749,decay
35.67,left,0.973923856214,0.774296753931,-0.199627102283,decay
35.68,left,0.974206615011,0.774217069416,-0.199989545595,decay
35.69,left,0.974572536452,0.77413636881,-0.200436167642,decay
35.7,left,0.975017445521,0.774054780353,-0.200962665168,decay
35.71,left,0.975534918979,0.773972441309,-0.20156247767,decay
35.72,left,0.976115445298,0.773889494473,-0.202225950825,decay
35.73,left,0.976746348656,0.773806084954,-0.202940263703,decay
35.74,left,0.977412407816,0.773722357142,-0.203690050674,decay
35.75,left,0.978096886991,0.773638451931,-0.204458435059,decay
35.76,left,0.978782752307,0.773554504524,-0.205228247783,decay
35.77,left,0.979453273261,0.773470643097,-0.205982630164,decay
35.78,left,0.980091614427,0.773386988008,-0.206704626419,decay
35.79,left,0.980680316705,0.773303651063,-0.207376665642,decay
35.8,left,0.98120158674,0.773220734609,-0.207980852132,decay
35.81,left,0.981638255601,0.773138330398,-0.208499925203,decay
35.82,left,0.981975074156,0.773056518181,-0.208918555975,decay
35.83,left,0.982200454412,0.77297536398,-0.209225090432,decay
35.84,left,0.982308223292,0.772894917996,-0.209413305296,decay
35.85,left,0.982298341876,0.772815212613,-0.209483129263,decay
35.86,left,0.982176419882,0.772736262039,-0.209440157843,decay
35.87,left,0.981952700889,0.772658064765,-0.209294636124,decay
35.88,left,0.98164081079,0.772580607968,-0.209060202822,decay
35.89,left,0.981256331654,0.772503872281,-0.208752459373,decay
35.9,left,0.980815386371,0.772427836334,-0.208387550037,decay
35.91,left,0.980333172626,0.772352481077,-0.207980691549,decay
35.92,left,0.97982258101,0.772277793969,-0.207544787041,decay
35.93,left,0.979293716779,0.772203773095,-0.207089943684,decay
35.94,left,0.978754793399,0.77213043128,-0.206624362118,decay
35.95,left,0.978213599499,0.772057799618,-0.206155799882,decay
35.96,left,0.977678546129,0.771985928393,-0.205692617736,decay
35.97,left,0.977159224353,0.771914883892,-0.205244340461,decay
35.98,left,0.976666465796,0.77184474219,-0.204821723606,decay
35.99,left,0.976211404621,0.771775581934,-0.204435822687,decay
36,left,0.975803706543,0.771707476865,-0.204096229678,decay
36.01,left,0.97544993422,0.771640488018,-0.203809446201,decay
36.02,left,0.975152661719,0.771574655455,-0.203578006264,decay
36.03,left,0.974910702744,0.771509989382,-0.203400713362,decay
36.04,left,0.974720878151,0.771446460513,-0.203274417638,decay
36.05,left,0.974580801572,0.771383990933,-0.203196810639,decay
36.06,left,0.974491171442,0.771322449744,-0.203168721697,decay
36.07,left,0.974456521534,0.771261656777,-0.203194864757,decay
36.08,left,0.974484343116,0.771201391912,-0.203282951204,decay
36.09,left,0.974582845418,0.771141405641,-0.203441439778,decay
36.1,left,0.97475790882,0.771081429185,-0.203676479635,decay
36.11,left,0.975010413137,0.771021184247,-0.20398922889,decay
36.12,left,0.975335066502,0.770960392603,-0.204374673899,decay
36.13,left,0.975720800662,0.770898785767,-0.204822014894,decay
36.14,left,0.976152296547,0.770836114945,-0.205316181602,decay
36.15,left,0.976612314852,0.770772160654,-0.205840154198,decay
36.16,left,0.97708395663,0.770706739592,-0.206377217039,decay
36.17,left,0.977551823394,0.770639706914,-0.20691211648,decay
36.18,left,0.978002183797,0.770570955542,-0.207431228256,decay
36.19,left,0.978422914014,0.770500415233,-0.207922498781,decay
36.2,left,0.978803411529,0.770428052577,-0.208375358952,decay
36.21,left,0.97913435726,0.770353872023,-0.208780485237,decay
36.22,left,0.979407571441,0.770277917956,-0.209129653485,decay
36.23,left,0.979616132343,0.770200277871,-0.209415854471,decay
36.24,left,0.979754494156,0.770121086663,-0.209633407494,decay
36.25,left,0.979818755538,0.770040530882,-0.209778224656,decay
36.26,left,0.979807549243,0.769958849215,-0.209848700028,decay
36.27,left,0.979723039698,0.769876326311,-0.209846713387,decay
36.28,left,0.979571065591,0.769793281968,-0.209777783623,decay
36.29,left,0.979360527805,0.769710059336,-0.209650468469,decay
36.3,left,0.97910255387,0.769627013473,-0.209475540397,decay
36.31,left,0.978809395333,0.769544500145,-0.209264895189,decay
36.32,left,0.9784932069,0.769462864589,-0.209030342311,decay
36.33,left,0.978165199129,0.769382429977,-0.208782769152,decay
36.34,left,0.977835077832,0.769303485306,-0.208531592526,decay
36.35,left,0.9775105261,0.769226273735,-0.208284252365,decay
36.36,left,0.977197084582,0.769150985088,-0.208046099494,decay
36.37,left,0.976898552955,0.769077755339,-0.207820797616,decay
36.38,left,0.976617206199,0.769006670748,-0.207610535451,decay
36.39,left,0.976353532343,0.768937772536,-0.207415759808,decay
36.4,left,0.976106233492,0.768871060466,-0.207235173026,decay
36.41,left,0.975872814018,0.768806495212,-0.207066318806,decay
36.42,left,0.975650216174,0.768743999559,-0.206906216614,decay
36.43,left,0.975435386996,0.768683458474,-0.206751928522,decay
36.44,left,0.975225884826,0.768624718049,-0.206601166777,decay
36.45,left,0.975020070939,0.768567584143,-0.206452486797,decay
36.46,left,0.974816847681,0.768511823178,-0.206305024503,decay
36.47,left,0.974615622518,0.768457167025,-0.206158455493,decay
36.48,left,0.974416631561,0.768403320683,-0.206013310878,decay
36.49,left,0.974221134787,0.768349970408,-0.205871164379,decay
36.5,left,0.974031359213,0.768296791428,-0.205734567786,decay
36.51,left,0.973850308559,0.768243455359,-0.2056068532,decay
36.52,left,0.973681245641,0.768189637522,-0.205491608119,decay
36.53,left,0.973526937223,0.768135024359,-0.205391912864,decay
36.54,left,0.973389416217,0.768079321139,-0.205310095078,decay
36.55,left,0.973270496281,0.76802225936,-0.205248236921,decay
36.56,left,0.973172236474,0.7679636015,-0.205208634974,decay
36.57,left,0.973097038862,0.767903141365,-0.205193897497,decay
36.58,left,0.973047929463,0.767840701562,-0.205207227901,decay
36.59,left,0.973028857303,0.767776130693,-0.20525272661,decay
36.6,left,0.973044416907,0.767709301377,-0.20533511553,decay
36.61,left,0.973099376218,0.767640109182,-0.205459267036,decay
36.62,left,0.973198445035,0.767568472491,-0.205629972545,decay
36.63,left,0.973345905826,0.767494333316,-0.205851572511,decay
36.64,left,0.973545078836,0.767417659109,-0.206127419728,decay
36.65,left,0.973798147165,0.767338445065,-0.2064597021,decay
36.66,left,0.974106359402,0.767256715316,-0.206849644085,decay
36.67,left,0.974470281416,0.767172521793,-0.207297759623,decay
36.68,left,0.974890136204,0.767085941673,-0.207804194532,decay
36.69,left,0.975366145419,0.766997075081,-0.208369070338,decay
36.7,left,0.975898187742,0.766906043696,-0.208992144046,decay
36.71,left,0.976484557364,0.76681299026,-0.209671567104,decay
36.72,left,0.977120669294,0.766718078981,-0.210402590313,decay
36.73,left,0.977798339426,0.766621496775,-0.211176842651,decay
36.74,left,0.978505579911,0.76652345533,-0.211982124581,decay
36.75,left,0.979227105808,0.766424193205,-0.212802912603,decay
36.76,left,0.979945648593,0.766323975502,-0.213621673091,decay
36.77,left,0.980643319282,0.766223089217,-0.214420230065,decay
36.78,left,0.9813024625,0.766121835521,-0.215180626978,decay
36.79,left,0.981906449037,0.766020521314,-0.215885927724,decay
36.8,left,0.982440797155,0.765919450858,-0.216521346297,decay
36.81,left,0.982894271171,0.765818917398,-0.217075353773,decay
36.82,left,0.983259753009,0.765719194541,-0.217540558467,decay
36.83,left,0.983535037005,0.765620527191,-0.217914509814,decay
36.84,left,0.983723104598,0.765523121826,-0.218199982772,decay
36.85,left,0.983831278048,0.765427137303,-0.218404140745,decay
36.86,left,0.983869696896,0.765332680322,-0.218537016574,decay
36.87,left,0.983849908264,0.765239808704,-0.21861009956,decay
36.88,left,0.983783701149,0.765148540017,-0.218635161132,decay
36.89,left,0.983682339484,0.765058861193,-0.218623478291,decay
36.9,left,0.983556516982,0.764970737398,-0.218585779584,decay
36.91,left,0.983416600584,0.764884120178,-0.218532480406,decay
36.92,left,0.983272452337,0.764798954982,-0.218473497355,decay
36.93,left,0.983132901767,0.764715188221,-0.218417713546,decay
36.94,left,0.983005111471,0.764632773969,-0.218372337502,decay
36.95,left,0.982893485663,0.764551679929,-0.218341805735,decay
36.96,left,0.982798222361,0.764471891182,-0.218326331179,decay
36.97,left,0.982714598069,0.764393410599,-0.21832118747,decay
36.98,left,0.982633459564,0.76431625683,-0.218317202733,decay
36.99,left,0.982542290826,0.764240461482,-0.218301829344,decay
37,left,0.982426571422,0.764166066106,-0.218260505316,decay
37.01,left,0.982271500199,0.764093118999,-0.2181783812,decay
37.02,left,0.982063572821,0.764021671767,-0.218041901054,decay
37.03,left,0.981791710769,0.763951775568,-0.217839935201,decay
37.04,left,0.981448385531,0.763883476971,-0.217564908559,decay
37.05,left,0.981030638817,0.763816813727,-0.21721382509,decay
37.06,left,0.980540256124,0.763751811494,-0.21678844463,decay
37.07,left,0.979983083065,0.763688482337,-0.216294600728,decay
37.08,left,0.979368008474,0.763626824294,-0.21574118418,decay
37.09,left,0.978705554539,0.763566820846,-0.215138733693,decay
37.1,left,0.978005964962,0.763508439759,-0.214497525202,decay
37.11,left,0.977277666869,0.763451631278,-0.213826035591,decay
37.12,left,0.976527058618,0.763396325624,-0.213130732994,decay
37.13,left,0.975759343331,0.763342429791,-0.21241691354,decay
37.14,left,0.974979588652,0.763289823588,-0.211689765063,decay
37.15,left,0.97419357739,0.763238355753,-0.210955221637,decay
37.16,left,0.973408003405,0.763187842749,-0.210220160656,decay
37.17,left,0.97262978195,0.763138072241,-0.209491709709,decay
37.18,left,0.971865166202,0.763088809852,-0.208776356349,decay
37.19,left,0.971119393786,0.763039806608,-0.208079587178,decay
37.2,left,0.970396743496,0.762990806122,-0.207405937374,decay
37.21,left,0.969700804532,0.7629415516,-0.206759252932,decay
37.22,left,0.969035088261,0.762891792829,-0.206143295432,decay
37.23,left,0.968403793985,0.762841293346,-0.205562500639,decay
37.24,left,0.96781228921,0.762789837939,-0.205022451271,decay
37.25,left,0.967267367267,0.762737239873,-0.204530127394,decay
37.26,left,0.966777439908,0.762683345486,-0.204094094422,decay
37.27,left,0.966352215524,0.762628034405,-0.203724181119,decay
37.28,left,0.966001750084,0.762571216847,-0.203430533238,decay
37.29,left,0.965735607023,0.762512830601,-0.203222776422,decay
37.3,left,0.965562420139,0.76245283873,-0.20310958141,decay
37.31,left,0.965489399501,0.762391228065,-0.203098171436,decay
37.32,left,0.965521721067,0.762328008484,-0.203193712584,decay
37.33,left,0.965662154813,0.762263212954,-0.203398941859,decay
37.34,left,0.965910910128,0.762196898351,-0.203714011777,decay
37.35,left,0.96626554743,0.762129146526,-0.204136400904,decay
37.36,left,0.96672103203,0.762060064031,-0.204660968,decay
37.37,left,0.967269811978,0.761989779257,-0.205280032721,decay
37.38,left,0.967901647724,0.761918437841,-0.205983209883,decay
37.39,left,0.968603537891,0.761846197896,-0.206757339995,decay
37.4,left,0.969360327143,0.761773225653,-0.20758710149,decay
37.41,left,0.970155593455,0.761699691451,-0.208455902004,decay
37.42,left,0.970972093108,0.761625765978,-0.20934632713,decay
37.43,left,0.971792126708,0.761551616658,-0.21024051005,decay
37.44,left,0.972598322285,0.76147740409,-0.211120918194,decay
37.45,left,0.97337439448,0.761403278746,-0.211971115734,decay
37.46,left,0.974105713094,0.761329378825,-0.212776334269,decay
37.47,left,0.974779905288,0.761255829929,-0.213524075359,decay
37.48,left,0.975386877864,0.761182745962,-0.214204131902,decay
37.49,left,0.975917924979,0.761110230204,-0.214807694776,decay
37.5,left,0.976364980326,0.761038376146,-0.21532660418,decay
37.51,left,0.976720835175,0.760967268018,-0.215753567156,decay
37.52,left,0.976979834794,0.760896981014,-0.21608285378,decay
37.53,left,0.977138502601,0.760827581175,-0.216310921426,decay
37.54,left,0.977196194853,0.760759124933,-0.21643706992,decay
37.55,left,0.977155592867,0.760691658562,-0.216463934305,decay
37.56,left,0.977022554711,0.760625218414,-0.216397336297,decay
37.57,left,0.976805605077,0.760559832613,-0.216245772465,decay
37.58,left,0.976515497519,0.760495523698,-0.216019973821,decay
37.59,left,0.976164516019,0.760432311335,-0.215732204684,decay
37.6,left,0.975765410634,0.760370214742,-0.215395195892,decay
37.61,left,0.975330665679,0.760309254831,-0.215021410848,decay
37.62,left,0.974872437873,0.760249456095,-0.214622981778,decay
37.63,left,0.974402751813,0.760190848268,-0.214211903545,decay
37.64,left,0.973933586606,0.760133467774,-0.213800118832,decay
37.65,left,0.973476661816,0.760077358875,-0.213399302941,decay
37.66,left,0.973042564202,0.760022574203,-0.213019989999,decay
37.67,left,0.972639191501,0.759969174424,-0.212670017077,decay
37.68,left,0.972270380456,0.759917227202,-0.212353153254,decay
37.69,left,0.971935512465,0.759866805775,-0.21206870669,decay
37.7,left,0.971630005124,0.759817987239,-0.211812017886,decay
37.71,left,0.971346613084,0.759770850511,-0.211575762573,decay
37.72,left,0.971077623246,0.759725473917,-0.211352149329,decay
37.73,left,0.970817206058,0.759681932347,-0.211135273711,decay
37.74,left,0.970562933657,0.759640293912,-0.210922639746,decay
37.75,left,0.970316419846,0.759600616435,-0.21071580341,decay
37.76,left,0.970083437712,0.759562944965,-0.210520492747,decay
37.77,left,0.969873474065,0.759527311181,-0.210346162884,decay
37.78,left,0.969698768581,0.759493733981,-0.210205034599,decay
37.79,left,0.969573165172,0.759462219923,-0.210110945249,decay
37.8,left,0.969510726264,0.759432763004,-0.21007796326,decay
37.81,left,0.96952387332,0.759405343728,-0.210118529592,decay
37.82,left,0.969621563068,0.759379927435,-0.210241635633,decay
37.83,left,0.969808312672,0.75935646188,-0.210451850792,decay
37.84,left,0.970084084395,0.759334874035,-0.210749210361,decay
37.85,left,0.970444808473,0.759315066631,-0.211129741842,decay
37.86,left,0.970883728525,0.75929691618,-0.211586812345,decay
37.87,left,0.971393211414,0.759280273776,-0.212112937638,decay
37.88,left,0.971965974277,0.759264967721,-0.212701006556,decay
37.89,left,0.972595285147,0.759250806236,-0.213344478911,decay
37.9,left,0.973274466141,0.75923757957,-0.214036886571,decay
37.91,left,0.973995981823,0.759225061549,-0.214770920273,decay
37.92,left,0.974750557853,0.759213010627,-0.215537547226,decay
37.93,left,0.975527092586,0.759201170509,-0.216325922077,decay
37.94,left,0.976313454165,0.759189270439,-0.217124183726,decay
37.95,left,0.977097488238,0.7591770255,-0.217920462738,decay
37.96,left,0.977868001733,0.759164137992,-0.218703863741,decay
37.97,left,0.978615903225,0.759150300687,-0.219465602538,decay
37.98,left,0.979334922064,0.759135201539,-0.220199720525,decay
37.99,left,0.980021138154,0.759118529011,-0.220902609142,decay
38,left,0.98067173908,0.759099977755,-0.221571761325,decay
38.01,left,0.981283810027,0.759079254792,-0.222204555235,decay
38.02,left,0.981853342316,0.759056086356,-0.22279725596,decay
38.03,left,0.982374762598,0.759030225588,-0.22334453701,decay
38.04,left,0.982841328439,0.759001461271,-0.223839867167,decay
38.05,left,0.983245926061,0.758969626537,-0.224276299524,decay
38.06,left,0.983581763339,0.758934603794,-0.224647159544,decay
38.07,left,0.983843189112,0.75889632304,-0.224946866072,decay
38.08,left,0.984026716831,0.758854755811,-0.225171961019,decay
38.09,left,0.984131636224,0.758809908781,-0.225321727443,decay
38.1,left,0.984159878443,0.758761818591,-0.225398059852,decay
38.11,left,0.984115562321,0.758710547988,-0.225405014333,decay
38.12,left,0.984004390203,0.758656183185,-0.225348207018,decay
38.13,left,0.983832657373,0.758598832392,-0.225233824981,decay
38.14,left,0.983606245434,0.758538625473,-0.225067619961,decay
38.15,left,0.983330117367,0.758475714181,-0.224854403186,decay
38.16,left,0.983008100651,0.758410271323,-0.224597829328,decay
38.17,left,0.982642841038,0.758342487599,-0.224300353439,decay
38.18,left,0.982236369027,0.758272566945,-0.223963802082,decay
38.19,left,0.98179120275,0.75820072192,-0.223590480829,decay
38.2,left,0.981311208365,0.758127169717,-0.223184038648,decay
38.21,left,0.980801829395,0.75805212872,-0.222749700675,decay
38.22,left,0.98026984968,0.757975815523,-0.222294034157,decay
38.23,left,0.97972274116,0.757898442285,-0.221824298874,decay
38.24,left,0.979167774662,0.757820214339,-0.221347560323,decay
38.25,left,0.978611567968,0.757741327976,-0.220870239992,decay
38.26,left,0.978060238289,0.757661968375,-0.220398269914,decay
38.27,left,0.977519357016,0.757582307626,-0.219937049391,decay
38.28,left,0.976993387527,0.757502502745,-0.219490884781,decay
38.29,left,0.976485208557,0.757422693561,-0.219062514997,decay
38.3,left,0.975995876444,0.757343000353,-0.218652876091,decay
38.31,left,0.975524347107,0.757263521198,-0.218260825909,decay
38.32,left,0.975067448928,0.757184328923,-0.217883120004,decay
38.33,left,0.974620338762,0.757105467622,-0.21751487114,decay
38.34,left,0.974177139194,0.75702694863,-0.217150190564,decay
38.35,left,0.973731775342,0.756948746741,-0.216783028601,decay
38.36,left,0.973279032939,0.756870799154,-0.216408233785,decay
38.37,left,0.972815053021,0.756793009097,-0.216022043924,decay
38.38,left,0.972336666648,0.756715252706,-0.215621413942,decay
38.39,left,0.971840313721,0.756637386637,-0.215202927084,decay
38.4,left,0.971321698758,0.756559255455,-0.214762443303,decay
38.41,left,0.970776242473,0.75648069886,-0.214295543613,decay
38.42,left,0.97019992888,0.756401558903,-0.213798369976,decay
38.43,left,0.969590639903,0.756321687344,-0.213268952558,decay
38.44,left,0.968949555858,0.756240953313,-0.212708602545,decay
38.45,left,0.968281623205,0.756159250603,-0.212122372602,decay
38.46,left,0.967594998062,0.756076502182,-0.21151849588,decay
38.47,left,0.966900068179,0.7559926601,-0.210907408079,decay
38.48,left,0.966208282399,0.755907702274,-0.210300580126,decay
38.49,left,0.965531083447,0.755821628755,-0.209709454692,decay
38.5,left,0.964879558209,0.755734458551,-0.209145099659,decay
38.51,left,0.964264628067,0.755646227013,-0.208618401054,decay
38.52,left,0.963696821666,0.755556983766,-0.208139837901,decay
38.53,left,0.963185454788,0.755466791124,-0.207718663664,decay
38.54,left,0.962737920078,0.755375722967,-0.207362197111,decay
38.55,left,0.962359277344,0.755283864009,-0.207075413334,decay
38.56,left,0.962051988198,0.755191309344,-0.206860678854,decay
38.57,left,0.961816155818,0.755098164182,-0.206717991635,decay
38.58,left,0.96165023776,0.755004543801,-0.20664569396,decay
38.59,left,0.961551376794,0.754910573751,-0.206640803043,decay
38.6,left,0.961515186309,0.754816390355,-0.206698795954,decay
38.61,left,0.961535769411,0.754722141455,-0.206813627956,decay
38.62,left,0.961606290016,0.754627987399,-0.206978302618,decay
38.63,left,0.961719986719,0.754534102238,-0.20718588448,decay
38.64,left,0.961871780951,0.754440675123,-0.207431105828,decay
38.65,left,0.962060055747,0.754347911268,-0.207712144479,decay
38.66,left,0.962287232946,0.754256030624,-0.208031202322,decay
38.67,left,0.962558482206,0.754165262799,-0.208393219407,decay
38.68,left,0.962879498689,0.754075839133,-0.208803659555,decay
38.69,left,0.963254383592,0.753987983678,-0.209266399914,decay
38.7,left,0.963683923672,0.753901903644,-0.209782020027,decay
38.71,left,0.964164833189,0.753817779197,-0.210347053991,decay
38.72,left,0.964690481381,0.753735752377,-0.210954729005,decay
38.73,left,0.965252420528,0.753655914921,-0.211596505607,decay
38.74,left,0.965841824794,0.753578294775,-0.212263530019,decay
38.75,left,0.966450801302,0.753502843303,-0.212947957999,decay
38.76,left,0.967073356855,0.753429430071,-0.213643926783,decay
38.77,left,0.967705453003,0.753357850402,-0.214347602601,decay
38.78,left,0.968344363107,0.753287841848,-0.215056521259,decay
38.79,left,0.968987906822,0.753219102555,-0.215768804268,decay
38.8,left,0.969633423878,0.753151308876,-0.216482115002,decay
38.81,left,0.970276288355,0.753084132311,-0.217192156044,decay
38.82,left,0.97090868024,0.753017256136,-0.217891424104,decay
38.83,left,0.971519335532,0.752950392065,-0.218568943467,decay
38.84,left,0.972094139092,0.752883297279,-0.219210841813,decay
38.85,left,0.972617523161,0.752815790199,-0.219801732962,decay
38.86,left,0.973074760507,0.752747759161,-0.220327001346,decay
38.87,left,0.973454283759,0.75267915956,-0.220775124199,decay
38.88,left,0.973749050032,0.752610002974,-0.221139047058,decay
38.89,left,0.973957087918,0.752540344453,-0.221416743465,decay
38.9,left,0.974081666887,0.752470270418,-0.221611396469,decay
38.91,left,0.974131000684,0.752399887185,-0.221731113499,decay
38.92,left,0.97411735247,0.752329309898,-0.221788042572,decay
38.93,left,0.974055687502,0.752258651691,-0.221797035812,decay
38.94,left,0.973962039183,0.752188012853,-0.22177402633,decay
38.95,left,0.973851756128,0.752117470841,-0.221734285287,decay
38.96,left,0.973738105686,0.752047074094,-0.221691031592,decay
38.97,left,0.973631679854,0.751976841921,-0.221654837933,decay
38.98,left,0.973540273999,0.751906768631,-0.221633505369,decay
38.99,left,0.973468768943,0.751836828695,-0.221631940248,decay
39,left,0.973419266147,0.751766981672,-0.221652284475,decay
39.01,left,0.973391681157,0.751697176865,-0.221694504292,decay
39.02,left,0.973384613937,0.751627357785,-0.221757256152,decay
39.03,left,0.973396587371,0.751557466528,-0.221839120843,decay
39.04,left,0.973427546984,0.751487448114,-0.22194009887,decay
39.05,left,0.973479828987,0.751417254575,-0.222062574412,decay
39.06,left,0.973558140021,0.751346847784,-0.222211292237,decay
39.07,left,0.973668836471,0.751276200335,-0.222392636136,decay
39.08,left,0.973818652777,0.751205295063,-0.222613357714,decay
39.09,left,0.974012835957,0.751134124314,-0.222878711643,decay
39.1,left,0.974253373599,0.75106268938,-0.223190684218,decay
39.11,left,0.974538455164,0.750991000151,-0.223547455013,decay
39.12,left,0.974863213954,0.750919074965,-0.223944138989,decay
39.13,left,0.975220797016,0.750846940654,-0.224373856362,decay
39.14,left,0.97560330924,0.750774632789,-0.224828676451,decay
39.15,left,0.976002535545,0.750702195981,-0.225300339564,decay
39.16,left,0.97641005312,0.750629683842,-0.225780369277,decay
39.17,left,0.976816892473,0.750557158299,-0.226259734174,decay
39.18,left,0.977213589227,0.750484688451,-0.226728900776,decay
39.19,left,0.977590876211,0.750412349364,-0.227178526847,decay
39.2,left,0.977940592496,0.750340220926,-0.22760037157,decay
39.21,left,0.978256586599,0.750268386754,-0.227988199845,decay
39.22,left,0.978535390682,0.750196933094,-0.228338457588,decay
39.23,left,0.978776086341,0.750125947701,-0.22865013864,decay
39.24,left,0.978979290292,0.750055518637,-0.228923771654,decay
39.25,left,0.979146159791,0.749985733114,-0.229160426676,decay
39.26,left,0.979277958297,0.749916676782,-0.229361281515,decay
39.27,left,0.979375786906,0.749848433793,-0.229527353113,decay
39.28,left,0.979440434721,0.749781087345,-0.229659347376,decay
39.29,left,0.979472620226,0.749714720224,-0.229757900002,decay
39.3,left,0.979473183538,0.749649415127,-0.229823768411,decay
39.31,left,0.979442859148,0.749585254739,-0.229857604409,decay
39.32,left,0.979382047904,0.749522321542,-0.229859726362,decay
39.33,left,0.979290866174,0.74946069733,-0.229830168844,decay
39.34,left,0.979169374278,0.749400462411,-0.229768911866,decay
39.35,left,0.979018093379,0.749341694406,-0.229676398973,decay
39.36,left,0.978838741521,0.749284466466,-0.229554275055,decay
39.37,left,0.978634510077,0.749228844768,-0.229405665308,decay
39.38,left,0.978409476067,0.749174885295,-0.229234590772,decay
39.39,left,0.978167795236,0.749122629983,-0.229045165253,decay
39.4,left,0.977913345322,0.749072102231,-0.228841243091,decay
39.41,left,0.977649615613,0.749023301685,-0.228626313929,decay
39.42,left,0.97737975559,0.748976198211,-0.228403557379,decay
39.43,left,0.97710702197,0.748930724968,-0.228176297002,decay
39.44,left,0.976835137453,0.748886770474,-0.227948366979,decay
39.45,left,0.976567967315,0.748844171067,-0.227723796248,decay
39.46,left,0.976308845917,0.748802708385,-0.227506137532,decay
39.47,left,0.976059992242,0.748762115394,-0.227297876848,decay
39.48,left,0.975821948079,0.748722088418,-0.227099859661,decay
39.49,left,0.975593282972,0.748682300563,-0.226910982409,decay
39.5,left,0.975371145699,0.748642414803,-0.226728730896,decay
39.51,left,0.975152445961,0.74860209684,-0.226550349122,decay
39.52,left,0.974934854599,0.748561028035,-0.226373826564,decay
39.53,left,0.974717448712,0.748518918697,-0.226198530015,decay
39.54,left,0.974501111046,0.748475522009,-0.226025589037,decay
39.55,left,0.974288204243,0.748430647098,-0.225857557145,decay
39.56,left,0.974081423004,0.748384165868,-0.225697257135,decay
39.57,left,0.973882756271,0.748336009556,-0.225546746715,decay
39.58,left,0.973693105815,0.748286158188,-0.225406947627,decay
39.59,left,0.973512202557,0.74823462862,-0.225277573938,decay
39.6,left,0.973338685265,0.748181463378,-0.225157221887,decay
39.61,left,0.973170483802,0.748126720334,-0.225043763468,decay
39.62,left,0.973005323153,0.748070463025,-0.224934860127,decay
39.63,left,0.972841342594,0.748012751472,-0.224828591122,decay
39.64,left,0.972678122097,0.747953633309,-0.224724488788,decay
39.65,left,0.972517724087,0.747893135985,-0.224624588102,decay
39.66,left,0.972364809304,0.747831262665,-0.224533546639,decay
39.67,left,0.972225743552,0.747767993824,-0.224457749728,decay
39.68,left,0.972107539292,0.747703293,-0.224404246292,decay
39.69,left,0.972016994099,0.747637113917,-0.224379880182,decay
39.7,left,0.971959834579,0.747569407904,-0.224390426675,decay
39.71,left,0.97194001249,0.747500131657,-0.224439880834,decay
39.72,left,0.971959133514,0.747429255466,-0.224529878048,decay
39.73,left,0.97201562834,0.747356772054,-0.224658856286,decay
39.74,left,0.97210401178,0.74728270617,-0.22482130561,decay
39.75,left,0.972215141235,0.747207123802,-0.225008017433,decay
39.76,left,0.972337648987,0.747130137141,-0.225207511846,decay
39.77,left,0.972460016848,0.747051902337,-0.225408114511,decay
39.78,left,0.972572885,0.746972612293,-0.225600272708,decay
39.79,left,0.972671028712,0.746892488481,-0.225778540231,decay
39.8,left,0.972754008154,0.746811773336,-0.225942234818,decay
39.81,left,0.972825249372,0.746730723188,-0.226094526184,decay
39.82,left,0.972890520962,0.746649601559,-0.226240919404,decay
39.83,left,0.972956471789,0.746568672666,-0.226387799123,decay
39.84,left,0.973029085463,0.746488194947,-0.226540890517,decay
39.85,left,0.973112335462,0.746408414891,-0.226703920571,decay
39.86,left,0.97320756749,0.746329562419,-0.22687800507,decay
39.87,left,0.973313281419,0.746251848695,-0.227061432723,decay
39.88,left,0.973424928724,0.746175465508,-0.227249463216,decay
39.89,left,0.973535187416,0.746100584705,-0.227434602711,decay
39.9,left,0.973635065054,0.746027357022,-0.227607708032,decay
39.91,left,0.973715496933,0.745955910209,-0.227759586724,decay
39.92,left,0.973769100689,0.745886346369,-0.22788275432,decay
39.93,left,0.973791722871,0.745818738455,-0.227972984416,decay
39.94,left,0.973782993801,0.745753125821,-0.22802986798,decay
39.95,left,0.973745492046,0.745689509673,-0.228055982373,decay
39.96,left,0.973683301236,0.745627851157,-0.22805545008,decay
39.97,left,0.973600858461,0.745568074188,-0.228032784273,decay
39.98,left,0.973502011636,0.745510071457,-0.227991940179,decay
39.99,left,0.973389241711,0.745453710784,-0.227935530927,decay
40,left,0.973263585813,0.745398840737,-0.227864745076,decay
40.01,left,0.973125224286,0.745345295532,-0.227779928754,decay
40.02,left,0.972974247604,0.745292899332,-0.227681348272,decay
40.03,left,0.972811551853,0.745241470059,-0.227570081795,decay
40.04,left,0.972639581048,0.745190822805,-0.227448758242,decay
40.05,left,0.972462146041,0.74514077297,-0.227321373071,decay
40.06,left,0.972283323578,0.745091139164,-0.227192184413,decay
40.07,left,0.972106297533,0.745041745997,-0.227064551536,decay
40.08,left,0.971932531521,0.744992426814,-0.226940104707,decay
40.09,left,0.971761132242,0.744943026516,-0.226818105725,decay
40.1,left,0.971588667851,0.744893404538,-0.226695263313,decay
40.11,left,0.971409720395,0.74484343807,-0.226566282324,decay
40.12,left,0.971217653701,0.744793025627,-0.226424628074,decay
40.13,left,0.971005194664,0.744742091031,-0.226263103633,decay
40.14,left,0.970765268368,0.744690587907,-0.226074680461,decay
40.15,left,0.97049222177,0.744638503921,-0.225853717849,decay
40.16,left,0.97018300632,0.744585862136,-0.225597144184,decay
40.17,left,0.969838353609,0.744532717495,-0.225305636114,decay
40.18,left,0.9694639775,0.74447914992,-0.22498482758,decay
40.19,left,0.969071046782,0.744425256674,-0.224645790108,decay
40.2,left,0.968675392043,0.744371145005,-0.224304247039,decay
40.21,left,0.968295713201,0.744316925038,-0.223978788163,decay
40.22,left,0.967950966692,0.744262702759,-0.223688263933,decay
40.23,left,0.967657139949,0.744208572965,-0.223448566984,decay
40.24,left,0.967424583021,0.744154612038,-0.223269970984,decay
40.25,left,0.967257252691,0.744100871269,-0.223156381422,decay
40.26,left,0.967153784189,0.744047373318,-0.223106410871,decay
40.27,left,0.967109328822,0.743994113738,-0.223115215084,decay
40.28,left,0.967117588237,0.743941066079,-0.223176522159,decay
40.29,left,0.967172529237,0.743888187818,-0.22328434142,decay
40.3,left,0.967268899289,0.743835426093,-0.223433473196,decay
40.31,left,0.967401601647,0.743782723222,-0.223618878425,decay
40.32,left,0.967564942795,0.743730022125,-0.22383492067,decay
40.33,left,0.967752290929,0.74367727173,-0.224075019199,decay
40.34,left,0.967956162674,0.743624432483,-0.224331730191,decay
40.35,left,0.968168769255,0.74357148132,-0.224597287935,decay
40.36,left,0.968382680449,0.743518413905,-0.224864266544,decay
40.37,left,0.968590956746,0.743465242498,-0.225125714248,decay
40.38,left,0.968786887473,0.743411990684,-0.225374896789,decay
40.39,left,0.968964262173,0.743358687263,-0.225605574911,decay
40.4,left,0.969118223422,0.743305360155,-0.225812863267,decay
40.41,left,0.969245723107,0.743252030306,-0.225993692801,decay
40.42,left,0.96934536518,0.74319870549,-0.22614665969,decay
40.43,left,0.969417161392,0.743145373902,-0.22627178749,decay
40.44,left,0.969462224696,0.743091997444,-0.226370227253,decay
40.45,left,0.969482367285,0.743038505698,-0.226443861586,decay
40.46,left,0.969480075566,0.742984793926,-0.22649528164,decay
40.47,left,0.969458966879,0.742930727651,-0.226528239228,decay
40.48,left,0.969424220384,0.742876151965,-0.226548068418,decay
40.49,left,0.969382840118,0.742820902197,-0.226561937922,decay
40.5,left,0.969343936175,0.742764814668,-0.226579121508,decay
40.51,left,0.969318730896,0.742707737645,-0.22661099325,decay
40.52,left,0.969320006122,0.742649542685,-0.226670463437,decay
40.53,left,0.969361423729,0.742590136594,-0.226771287134,decay
40.54,left,0.969456951945,0.742529474232,-0.226927477713,decay
40.55,left,0.969619807502,0.742467570435,-0.227152237068,decay
40.56,left,0.969860822968,0.742404505236,-0.227456317732,decay
40.57,left,0.970187020133,0.742340417946,-0.227846602187,decay
40.58,left,0.970600659996,0.742275493412,-0.228325166584,decay
40.59,left,0.97109860473,0.742209946454,-0.228888658276,decay
40.6,left,0.971672262702,0.742144006772,-0.22952825593,decay
40.61,left,0.972308215044,0.742077904243,-0.230230310801,decay
40.62,left,0.97298913443,0.742011854316,-0.230977280114,decay
40.63,left,0.973695013858,0.741946043227,-0.231748970631,decay
40.64,left,0.974405074345,0.741880612735,-0.23252446161,decay
40.65,left,0.975099956979,0.741815645852,-0.233284311127,decay
40.66,left,0.975763168666,0.741751158761,-0.234012009905,decay
40.67,left,0.976381485238,0.74168710286,-0.234694382378,decay
40.68,left,0.976944864763,0.74162337386,-0.235321490903,decay
40.69,left,0.977446196937,0.741559822414,-0.235886374523,decay
40.7,left,0.977881021011,0.741496264162,-0.236384756849,decay
40.71,left,0.978247448989,0.741432489171,-0.236814959818,decay
40.72,left,0.978546012339,0.741368270979,-0.23717774136,decay
40.73,left,0.978779000643,0.741303375427,-0.237475625216,decay
40.74,left,0.978949718272,0.741237569485,-0.237712148787,decay
40.75,left,0.979062203197,0.741170629743,-0.237891573454,decay
40.76,left,0.979121029372,0.741102349125,-0.238018680247,decay
40.77,left,0.97913074487,0.741032540764,-0.238098204106,decay
40.78,left,0.97909530903,0.74096104009,-0.23813426894,decay
40.79,left,0.979017898916,0.740887706898,-0.238130192018,decay
40.8,left,0.978900876774,0.740812428159,-0.238088448616,decay
40.81,left,0.978745945373,0.740735121732,-0.238010823641,decay
40.82,left,0.978554894494,0.740655741045,-0.23789915345,decay
40.83,left,0.978330640069,0.740574280848,-0.237756359221,decay
40.84,left,0.978077874621,0.740490784145,-0.237587090477,decay
40.85,left,0.977803479422,0.740405349015,-0.237398130406,decay
40.86,left,0.977516879734,0.740318131123,-0.237198748611,decay
40.87,left,0.977229699083,0.740229338675,-0.237000360408,decay
40.88,left,0.976954521609,0.740139222188,-0.236815299421,decay
40.89,left,0.97670340913,0.740048063315,-0.236655345815,decay
40.9,left,0.976486470341,0.73995616434,-0.236530306001,decay
40.91,left,0.976310548087,0.739863838258,-0.236446709829,decay
40.92,left,0.976178564905,0.73977139922,-0.236407165685,decay
40.93,left,0.976089810593,0.73967915309,-0.236410657503,decay
40.94,left,0.976040520598,0.73958738791,-0.236453132688,decay
40.95,left,0.976024219309,0.739496364963,-0.236527854345,decay
40.96,left,0.97603229941,0.73940631313,-0.23662598628,decay
40.97,left,0.976055200205,0.739317428551,-0.236737771654,decay
40.98,left,0.976083726764,0.739229877886,-0.236853848878,decay
40.99,left,0.976110187996,0.739143802155,-0.236966385841,decay
41,left,0.976129190785,0.739059319951,-0.237069870835,decay
41.01,left,0.976137498991,0.738976529918,-0.237160969073,decay
41.02,left,0.976132935286,0.738895512525,-0.237237422761,decay
41.03,left,0.976113274227,0.738816331116,-0.237296943111,decay
41.04,left,0.976075701221,0.738739032253,-0.237336668968,decay
41.05,left,0.976016773097,0.738663645574,-0.237353127523,decay
41.06,left,0.975932993017,0.738590183946,-0.237342809072,decay
41.07,left,0.975822009715,0.738518644468,-0.237303365246,decay
41.08,left,0.975683721293,0.738449009922,-0.237234711372,decay
41.09,left,0.975520541022,0.738381249858,-0.237139291165,decay
41.1,left,0.975336941974,0.738315321033,-0.237021620941,decay
41.11,left,0.975138624902,0.73825116717,-0.236887457732,decay
41.12,left,0.974931337339,0.738188718046,-0.236742619293,decay
41.13,left,0.974719781657,0.738127887926,-0.236591893731,decay
41.14,left,0.9745073822,0.73806857331,-0.23643880889,decay
41.15,left,0.974296871453,0.73801065063,-0.236286220823,decay
41.16,left,0.974090957047,0.737953975841,-0.236136981205,decay
41.17,left,0.973892720283,0.737898387393,-0.235994332891,decay
41.18,left,0.973705674296,0.737843711557,-0.235861962739,decay
41.19,left,0.973533249569,0.737789768201,-0.235743481368,decay
41.2,left,0.973378014763,0.737736376298,-0.235641638466,decay
41.21,left,0.97324150708,0.737683359239,-0.235558147841,decay
41.22,left,0.973124844903,0.737630550077,-0.235494294826,decay
41.23,left,0.973029441823,0.73757779683,-0.235451644994,decay
41.24,left,0.972957459729,0.737524967961,-0.235432491768,decay
41.25,left,0.972912035938,0.737471957501,-0.235440078437,decay
41.26,left,0.972896942306,0.737418687795,-0.235478254512,decay
41.27,left,0.972915606759,0.737365108379,-0.23555049838,decay
41.28,left,0.972970297843,0.737311192187,-0.235659105656,decay
41.29,left,0.973061824787,0.737256931221,-0.235804893566,decay
41.3,left,0.973189261827,0.737202332539,-0.235986929289,decay
41.31,left,0.97334962887,0.737147414557,-0.236202214313,decay
41.32,left,0.973537833538,0.737092203626,-0.236445629912,decay
41.33,left,0.973746747715,0.737036730806,-0.236710016909,decay
41.34,left,0.973967350601,0.73698102879,-0.236986321811,decay
41.35,left,0.974189308595,0.736925129132,-0.237264179463,decay
41.36,left,0.97440191183,0.736869060365,-0.237532851464,decay
41.37,left,0.974594694557,0.73681284746,-0.237781847097,decay
41.38,left,0.974757695516,0.73675651224,-0.238001183275,decay
41.39,left,0.974881942507,0.736700074093,-0.238181868414,decay
41.4,left,0.974959988263,0.736643550679,-0.238316437585,decay
41.41,left,0.974985832152,0.736586958657,-0.238398873495,decay
41.42,left,0.974954510112,0.736530314404,-0.238424195707,decay
41.43,left,0.97486203804,0.736473634755,-0.238388403284,decay
41.44,left,0.974705638546,0.736416937755,-0.238288700792,decay
41.45,left,0.97448410076,0.736360243304,-0.238123857456,decay
41.46,left,0.974198420343,0.73630357326,-0.237894847083,decay
41.47,left,0.973852399174,0.736246950653,-0.237605448521,decay
41.48,left,0.973452720853,0.736190398267,-0.237262322585,decay
41.49,left,0.973008671317,0.736133936993,-0.236874734324,decay
41.5,left,0.972531766106,0.736077584124,-0.236454181982,decay
41.51,left,0.972034980244,0.736021351565,-0.236013628679,decay
41.52,left,0.971531544598,0.735965243944,-0.235566300654,decay
41.53,left,0.971033976625,0.735909256555,-0.23512472007,decay
41.54,left,0.970553608642,0.73585337315,-0.234700235492,decay
41.55,left,0.970100215648,0.735797563862,-0.234302651785,decay
41.56,left,0.969681783292,0.735741784435,-0.233939998857,decay
41.57,left,0.969304733823,0.735685977579,-0.233618756245,decay
41.58,left,0.968974210157,0.735630075852,-0.233344134305,decay
41.59,left,0.968693941981,0.735574004921,-0.233119937061,decay
41.6,left,0.968465986319,0.73551768678,-0.232948299539,decay
41.61,left,0.968290703742,0.735461042953,-0.232829660789,decay
41.62,left,0.9681669341,0.735403997748,-0.232762936351,decay
41.63,left,0.968092444917,0.735346481647,-0.23274596327,decay
41.64,left,0.968064716133,0.73528843488,-0.232776281253,decay
41.65,left,0.968081531826,0.735229810789,-0.232851721037,decay
41.66,left,0.968140874786,0.735170577486,-0.232970297301,decay
41.67,left,0.968240545364,0.735110716706,-0.233129828658,decay
41.68,left,0.968378020298,0.735050220708,-0.233327799589,decay
41.69,left,0.968550289235,0.73498908879,-0.233561200445,decay
41.7,left,0.968753617719,0.734927324013,-0.233826293705,decay
41.71,left,0.968983656224,0.734864930157,-0.234118726067,decay
41.72,left,0.969235644362,0.73480190883,-0.234433735532,decay
41.73,left,0.969504306089,0.734738256719,-0.23476604937,decay
41.74,left,0.969783921405,0.734673962905,-0.2351099585,decay
41.75,left,0.970068943254,0.734609006659,-0.235459936595,decay
41.76,left,0.970354586202,0.734543356981,-0.235811229222,decay
41.77,left,0.970636904617,0.734476974898,-0.236159929719,decay
41.78,left,0.970912552911,0.7344098178,-0.236502735111,decay
41.79,left,0.971178372974,0.734341844515,-0.236836528459,decay
41.8,left,0.971430824253,0.734273020646,-0.237157803608,decay
41.81,left,0.971665684953,0.734203324229,-0.237462360725,decay
41.82,left,0.971878330402,0.734132751795,-0.237745578606,decay
41.83,left,0.972064157392,0.734061324945,-0.238002832447,decay
41.84,left,0.972218965163,0.733989097539,-0.238229867624,decay
41.85,left,0.972339772024,0.733916162529,-0.238423609495,decay
41.86,left,0.972425842157,0.733842655175,-0.238583186982,decay
41.87,left,0.972479009815,0.733768750128,-0.238710259686,decay
41.88,left,0.972503228814,0.733694654252,-0.238808574562,decay
41.89,left,0.972503860881,0.733620598481,-0.2388832624,decay
41.9,left,0.97248675402,0.733546829989,-0.238939924031,decay
41.91,left,0.972457172528,0.733473604603,-0.238983567925,decay
41.92,left,0.972419109588,0.733401179286,-0.239017930302,decay
41.93,left,0.972375146418,0.733329804493,-0.239045341925,decay
41.94,left,0.972326361692,0.733259716227,-0.239066645464,decay
41.95,left,0.9722722258,0.733191128279,-0.23908109752,decay
41.96,left,0.972210985092,0.73312422654,-0.239086758551,decay
41.97,left,0.972140380293,0.733059166834,-0.239081213459,decay
41.98,left,0.972058112252,0.732996074974,-0.239062037278,decay
41.99,left,0.971962217842,0.732935046855,-0.239027170987,decay
42,left,0.97185162314,0.732876147659,-0.238975475482,decay
42.01,left,0.971726397119,0.732819410043,-0.238906987077,decay
42.02,left,0.97158744956,0.732764831294,-0.238822618266,decay
42.03,left,0.971436090959,0.732712369374,-0.238723721586,decay
42.04,left,0.971273637427,0.732661937797,-0.23861169963,decay
42.05,left,0.97110103288,0.732613400432,-0.238487632448,decay
42.06,left,0.970918855511,0.732566569708,-0.238352285804,decay
42.07,left,0.970727828134,0.732521210924,-0.238206617211,decay
42.08,left,0.970529150101,0.732477050734,-0.238052099367,decay
42.09,left,0.970324275534,0.732433786306,-0.237890489228,decay
42.1,left,0.970114789065,0.732391093839,-0.237723695226,decay
42.11,left,0.969902764101,0.732348636533,-0.237554127568,decay
42.12,left,0.969691101779,0.732306072198,-0.237385029581,decay
42.13,left,0.96948374981,0.732263060727,-0.237220689083,decay
42.14,left,0.96928612789,0.732219271629,-0.237066856261,decay
42.15,left,0.969105462555,0.732174391267,-0.236931071288,decay
42.16,left,0.968950817052,0.732128128288,-0.236822688764,decay
42.17,left,0.968833152981,0.732080216113,-0.236752936868,decay
42.18,left,0.968765175842,0.732030413576,-0.236734762266,decay
42.19,left,0.968760290264,0.731978505593,-0.23678178467,decay
42.2,left,0.968830842428,0.731924304642,-0.236906537786,decay
42.21,left,0.968986400349,0.731867653216,-0.237118747134,decay
42.22,left,0.969232309419,0.731808427324,-0.237423882095,decay
42.23,left,0.969568533219,0.73174654114,-0.237821992079,decay
42.24,left,0.969989281187,0.731681952896,-0.238307328291,decay
42.25,left,0.970483607377,0.731614671,-0.238868936377,decay
42.26,left,0.971036279941,0.73154475691,-0.239491523031,decay
42.27,left,0.971628691259,0.731472322142,-0.240156369118,decay
42.28,left,0.972240383306,0.73139752138,-0.240842861926,decay
42.29,left,0.972851033883,0.73132054525,-0.241530488634,decay
42.3,left,0.973442102076,0.73124161412,-0.242200487956,decay
42.31,left,0.97399805837,0.731160972929,-0.242837085441,decay
42.32,left,0.974507455905,0.731078886884,-0.243428569021,decay
42.33,left,0.974963546727,0.730995637913,-0.243967908814,decay
42.34,left,0.975364188031,0.730911521744,-0.244452666286,decay
42.35,left,0.975711158327,0.730826845301,-0.244884313026,decay
42.36,left,0.976008767646,0.730741923688,-0.245266843959,decay
42.37,left,0.976261739429,0.730657076191,-0.245604663238,decay
42.38,left,0.976473280375,0.730572621499,-0.245900658876,decay
42.39,left,0.976644348979,0.730488872604,-0.246155476376,decay
42.4,left,0.976773941384,0.730406131505,-0.246367809878,decay
42.41,left,0.976859771975,0.730324683553,-0.246535088422,decay
42.42,left,0.976899268204,0.730244791278,-0.246654476926,decay
42.43,left,0.976890621173,0.730166687536,-0.246723933637,decay
42.44,left,0.976833303554,0.730090567796,-0.246742735758,decay
42.45,left,0.976728162048,0.730016582514,-0.246711579535,decay
42.46,left,0.976577586019,0.729944832945,-0.246632753075,decay
42.47,left,0.976385698411,0.729875372934,-0.246510325477,decay
42.48,left,0.97615840231,0.729808214665,-0.246350187644,decay
42.49,left,0.975903437822,0.729743334815,-0.246160103008,decay
42.5,left,0.975630272589,0.729680679688,-0.245949592901,decay
42.51,left,0.975349258823,0.729620169309,-0.245729089514,decay
42.52,left,0.975070132783,0.729561700528,-0.245508432255,decay
42.53,left,0.974800689629,0.729505149234,-0.245295540395,decay
42.54,left,0.974545976499,0.729450371711,-0.245095604789,decay
42.55,left,0.974307756781,0.729397205543,-0.244910551238,decay
42.56,left,0.974084440032,0.729345471149,-0.244738968883,decay
42.57,left,0.973871701405,0.729294974775,-0.244576726629,decay
42.58,left,0.973663413391,0.729245512471,-0.244417900919,decay
42.59,left,0.97345270845,0.729196874062,-0.244255834389,decay
42.6,left,0.973233247187,0.729148846806,-0.24408440038,decay
42.61,left,0.973000227825,0.729101218808,-0.243899009017,decay
42.62,left,0.972750626306,0.729053782279,-0.243696844027,decay
42.63,left,0.972482946659,0.729006336776,-0.243476609883,decay
42.64,left,0.972196886963,0.728958692496,-0.243238194467,decay
42.65,left,0.971892662448,0.728910673348,-0.2429819891,decay
42.66,left,0.971569911793,0.728862118629,-0.242707793165,decay
42.67,left,0.97122694397,0.728812882443,-0.242414061528,decay
42.68,left,0.970860771685,0.728762831611,-0.242097940074,decay
42.69,left,0.970467559068,0.72871184337,-0.241755715698,decay
42.7,left,0.970043371699,0.728659803394,-0.241383568305,decay
42.71,left,0.969585291092,0.72860660419,-0.240978686903,decay
42.72,left,0.969092257165,0.728552143858,-0.240540113307,decay
42.73,left,0.96856514569,0.72849632524,-0.24006882045,decay
42.74,left,0.968006448412,0.728439055454,-0.239567392958,decay
42.75,left,0.967419804096,0.728380245889,-0.239039558206,decay
42.76,left,0.96680925279,0.728319812819,-0.238489439971,decay
42.77,left,0.966178566834,0.728257678783,-0.237920888051,decay
42.78,left,0.965531224545,0.72819377469,-0.237337449855,decay
42.79,left,0.964870828045,0.728128042551,-0.236742785495,decay
42.8,left,0.964201428632,0.728060438833,-0.236140989799,decay
42.81,left,0.963527855469,0.727990938509,-0.23553691696,decay
42.82,left,0.962856241929,0.727919539861,-0.234936702068,decay
42.83,left,0.962194348179,0.727846270136,-0.234348078044,decay
42.84,left,0.961551500445,0.727771192131,-0.233780308314,decay
42.85,left,0.960938503231,0.72769441068,-0.233244092551,decay
42.86,left,0.960367372857,0.727616075588,-0.23275129727,decay
42.87,left,0.959850505073,0.727536378393,-0.23231412668,decay
42.88,left,0.959399817008,0.727455544879,-0.231944272128,decay
42.89,left,0.95902653697,0.727373826833,-0.231652710137,decay
42.9,left,0.958741297743,0.727291494369,-0.231449803374,decay
42.91,left,0.958553968601,0.727208828768,-0.231345139834,decay
42.92,left,0.958473199579,0.727126115643,-0.231347083935,decay
42.93,left,0.958505640163,0.727043638267,-0.231462001896,decay
42.94,left,0.958654782687,0.726961670858,-0.231693111829,decay
42.95,left,0.95892005142,0.726880472265,-0.232039579155,decay
42.96,left,0.959296784118,0.726800281651,-0.232496502467,decay
42.97,left,0.959776612915,0.726721317434,-0.233055295481,decay
42.98,left,0.960347505171,0.726643778347,-0.233703726824,decay
42.99,left,0.960993762836,0.726567844727,-0.234425918109,decay
43,left,0.961696427063,0.726493679214,-0.235202747849,decay
43.01,left,0.962434006808,0.726421426772,-0.236012580036,decay
43.02,left,0.96318368857,0.726351213981,-0.236832474589,decay
43.03,left,0.963923122163,0.726283147562,-0.237639974601,decay
43.04,left,0.964632055815,0.726217312072,-0.238414743743,decay
43.05,left,0.965293161785,0.72615376725,-0.239139394534,decay
43.06,left,0.965892288975,0.72609254663,-0.239799742345,decay
43.07,left,0.966418488911,0.726033658626,-0.240384830285,decay
43.08,left,0.966863804977,0.725977089167,-0.24088671581,decay
43.09,left,0.967223113116,0.725922804157,-0.241300308959,decay
43.1,left,0.967494358557,0.725870751101,-0.241623607456,decay
43.11,left,0.96767862314,0.725820859865,-0.241857763275,decay
43.12,left,0.967779299398,0.725773042596,-0.242006256802,decay
43.13,left,0.967800844058,0.725727192819,-0.242073651239,decay
43.14,left,0.967748006027,0.725683183717,-0.242064822309,decay
43.15,left,0.967625726821,0.725640866261,-0.24198486056,decay
43.16,left,0.967439760012,0.72560006926,-0.241839690752,decay
43.17,left,0.967198018177,0.725560602917,-0.24163741526,decay
43.18,left,0.966911927677,0.725522264814,-0.241389662863,decay
43.19,left,0.966596909149,0.725484846323,-0.241112062827,decay
43.2,left,0.966271854594,0.725448138708,-0.240823715886,decay
43.21,left,0.965957708663,0.725411938997,-0.240545769666,decay
43.22,left,0.965674936859,0.72537605576,-0.2402988811,decay
43.23,left,0.965440300301,0.725340314947,-0.240099985354,decay
43.24,left,0.965264486755,0.725304565921,-0.239959920834,decay
43.25,left,0.965151612829,0.725268687009,-0.239882925819,decay
43.26,left,0.965100136019,0.725232588223,-0.239867547796,decay
43.27,left,0.965104556113,0.725196209307,-0.239908346807,decay
43.28,left,0.965157454248,0.725159514569,-0.239997939679,decay
43.29,left,0.965250874927,0.725122487003,-0.240128387924,decay
43.3,left,0.965376525303,0.72508512269,-0.240291402612,decay
43.31,left,0.965525451863,0.725047425501,-0.240478026362,decay
43.32,left,0.965687783095,0.725009401994,-0.240678381101,decay
43.33,left,0.965852599719,0.72497105645,-0.240881543269,decay
43.34,left,0.966008193507,0.724932385944,-0.241075807563,decay
43.35,left,0.966142869413,0.724893375825,-0.241249493588,decay
43.36,left,0.966245736159,0.724853996857,-0.241391739301,decay
43.37,left,0.966307056952,0.724814204999,-0.241492851953,decay
43.38,left,0.966318668706,0.724773943052,-0.241544725654,decay
43.39,left,0.966274809776,0.724733142837,-0.241541666939,decay
43.4,left,0.966172589599,0.724691727348,-0.241480862251,decay
43.41,left,0.966011594974,0.724649612921,-0.241361982053,decay
43.42,left,0.965793247239,0.724606711436,-0.241186535803,decay
43.43,left,0.965520379252,0.724562932634,-0.240957446617,decay
43.44,left,0.965197025135,0.7245181866,-0.240678838536,decay
43.45,left,0.964828651168,0.724472386332,-0.240356264836,decay
43.46,left,0.964422774104,0.724425450083,-0.23999732402,decay
43.47,left,0.963989313286,0.72437730321,-0.239612010075,decay
43.48,left,0.963540342129,0.724327879822,-0.239212462307,decay
43.49,left,0.963089443881,0.724277124682,-0.238812319199,decay
43.5,left,0.962650700682,0.72422499559,-0.238425705092,decay
43.51,left,0.962237155732,0.724171466298,-0.238065689434,decay
43.52,left,0.961859206712,0.724116530031,-0.237742676681,decay
43.53,left,0.961523831496,0.72406020366,-0.237463627836,decay
43.54,left,0.961234772187,0.724002532607,-0.23723223958,decay
43.55,left,0.960993249002,0.723943595585,-0.237049653417,decay
43.56,left,0.960799129812,0.723883506241,-0.236915623571,decay
43.57,left,0.960652186126,0.723822409456,-0.23682977667,decay
43.58,left,0.960552610211,0.723760473937,-0.236792136274,decay
43.59,left,0.960500766354,0.72369788404,-0.236802882315,decay
43.6,left,0.960496862475,0.723634831946,-0.236862030529,decay
43.61,left,0.960540783354,0.723571510126,-0.236969273227,decay
43.62,left,0.960632033437,0.723508103928,-0.237123929509,decay
43.63,left,0.960770041956,0.723444784114,-0.237325257842,decay
43.64,left,0.960954800015,0.723381699193,-0.237573100821,decay
43.65,left,0.961187121521,0.723318968203,-0.237868153318,decay
43.66,left,0.961468243292,0.723256676327,-0.238211566966,decay
43.67,left,0.961799363525,0.723194875177,-0.238604488349,decay
43.68,left,0.962181399778,0.723133586255,-0.239047813524,decay
43.69,left,0.962614715871,0.723072805,-0.239541910871,decay
43.7,left,0.963098932864,0.723012504386,-0.240086428477,decay
43.71,left,0.963632940803,0.722952638044,-0.240680302759,decay
43.72,left,0.964214752311,0.722893142943,-0.241321609368,decay
43.73,left,0.964841273452,0.72283394172,-0.242007331732,decay
43.74,left,0.965508531093,0.722774944671,-0.242733586422,decay
43.75,left,0.966212163887,0.722716051578,-0.243496112309,decay
43.76,left,0.966947594041,0.722657153691,-0.24429044035,decay
43.77,left,0.967710024544,0.722598136146,-0.245111888398,decay
43.78,left,0.968494622119,0.722538880711,-0.245955741408,decay
43.79,left,0.969296636475,0.722479268652,-0.246817367822,decay
43.8,left,0.970111261742,0.722419183651,-0.247692078091,decay
43.81,left,0.970933682805,0.722358514856,-0.248575167949,decay
43.82,left,0.97175939299,0.72229716014,-0.24946223285,decay
43.83,left,0.972584190675,0.722235029637,-0.250349161039,decay
43.84,left,0.973403877053,0.72217204965,-0.251231827403,decay
43.85,left,0.974214172484,0.722108166461,-0.252106006023,decay
43.86,left,0.975010710347,0.722043348411,-0.252967361936,decay
43.87,left,0.97578895439,0.721977585036,-0.253811369354,decay
43.88,left,0.976544469035,0.72191088421,-0.254633584825,decay
43.89,left,0.977273569114,0.72184326902,-0.255430300094,decay
43.9,left,0.977973733647,0.721774775068,-0.25619895858,decay
43.91,left,0.97864349527,0.721705448184,-0.256938047086,decay
43.92,left,0.97928205776,0.72163534254,-0.25764671522,decay
43.93,left,0.979888699398,0.721564519086,-0.258324180312,decay
43.94,left,0.980461959976,0.721493044304,-0.258968915671,decay
43.95,left,0.980999232679,0.721420989081,-0.259578243597,decay
43.96,left,0.981497170293,0.721348427218,-0.260148743075,decay
43.97,left,0.981952229666,0.721275433208,-0.260676796458,decay
43.98,left,0.982360814465,0.721202079477,-0.261158734987,decay
43.99,left,0.982719385662,0.721128433497,-0.261590952165,decay
44,left,0.983024662068,0.721054554886,-0.261970107182,decay
44.01,left,0.983273724851,0.720980492469,-0.262293232382,decay
44.02,left,0.983464479221,0.720906281219,-0.262558198003,decay
44.03,left,0.983596798256,0.720831939029,-0.262764859226,decay
44.04,left,0.983673677204,0.720757463256,-0.262916213947,decay
44.05,left,0.983701669997,0.720682827646,-0.263018842352,decay
44.06,left,0.983690529554,0.720607981734,-0.26308254782,decay
44.07,left,0.983652009352,0.720532854301,-0.263119155051,decay
44.08,left,0.983597804936,0.720457359733,-0.263140445203,decay
44.09,left,0.983537360526,0.720381405213,-0.263155955312,decay
44.1,left,0.983476411747,0.720304897975,-0.263171513772,decay
44.11,left,0.983416253198,0.720227752659,-0.263188500539,decay
44.12,left,0.983353562919,0.720149898942,-0.263203663977,decay
44.13,left,0.983281210285,0.720071289546,-0.263209920739,decay
44.14,left,0.983189997515,0.719991908803,-0.263198088712,decay
44.15,left,0.983070434384,0.719911780599,-0.263158653785,decay
44.16,left,0.982914041218,0.719830971771,-0.263083069447,decay
44.17,left,0.982714153785,0.719749587965,-0.262964565821,decay
44.18,left,0.982466089975,0.719667764192,-0.262798325783,decay
44.19,left,0.98216697837,0.719585654104,-0.262581324266,decay
44.2,left,0.981816000768,0.719503419529,-0.262312581239,decay
44.21,left,0.981415010931,0.719421220207,-0.261993790725,decay
44.22,left,0.980968532441,0.719339203529,-0.261629328912,decay
44.23,left,0.980482768876,0.719257494067,-0.261225274809,decay
44.24,left,0.979964412497,0.7191761827,-0.260788229797,decay
44.25,left,0.979419752225,0.719095316586,-0.260324435639,decay
44.26,left,0.978854008838,0.719014894307,-0.259839114531,decay
44.27,left,0.978271174073,0.71893486951,-0.259336304563,decay
44.28,left,0.977674427239,0.718855160492,-0.258819266747,decay
44.29,left,0.977066444725,0.718775661232,-0.258290783493,decay
44.3,left,0.976449359986,0.718696252124,-0.257753107862,decay
44.31,left,0.975824971323,0.71861681044,-0.257208160884,decay
44.32,left,0.975195446728,0.718537220717,-0.256658226011,decay
44.33,left,0.974564254696,0.718457385278,-0.256106869418,decay
44.34,left,0.973937187301,0.718377235058,-0.255559952243,decay
44.35,left,0.973323110419,0.71829673973,-0.255026370689,decay
44.36,left,0.972733578218,0.718215913477,-0.254517664741,decay
44.37,left,0.972181057057,0.718134813674,-0.254046243383,decay
44.38,left,0.971676671663,0.718053534618,-0.253623137045,decay
44.39,left,0.971228336339,0.71797220013,-0.253256136209,decay
44.4,left,0.970839485476,0.71789095655,-0.252948528926,decay
44.41,left,0.970508796844,0.717809966086,-0.252698830757,decay
44.42,left,0.970231155999,0.717729400395,-0.252501755604,decay
44.43,left,0.969999081511,0.717649434251,-0.25234964726,decay
44.44,left,0.969803796661,0.717570239155,-0.252233557506,decay
44.45,left,0.96963599458,0.717491977223,-0.252144017357,decay
44.46,left,0.969486423785,0.717414796715,-0.25207162707,decay
44.47,left,0.969346270473,0.717338830223,-0.25200744025,decay
44.48,left,0.969207648758,0.717264194587,-0.251943454172,decay
44.49,left,0.96906428631,0.717190990955,-0.251873295355,decay
44.5,left,0.968911678643,0.717119304319,-0.251792374325,decay
44.51,left,0.968746173819,0.717049202428,-0.251696971391,decay
44.52,left,0.968563629206,0.716980734054,-0.251582895153,decay
44.53,left,0.968358542679,0.716913926555,-0.251444616124,decay
44.54,left,0.968123786405,0.716848782694,-0.251275003711,decay
44.55,left,0.967851074285,0.716785277422,-0.251065796863,decay
44.56,left,0.967532672186,0.716723356994,-0.250809315192,decay
44.57,left,0.967163936366,0.71666294221,-0.250500994157,decay
44.58,left,0.966745327592,0.716603934479,-0.250141393114,decay
44.59,left,0.966283123924,0.716546222312,-0.249736901612,decay
44.6,left,0.965788815149,0.716489687348,-0.249299127801,decay
44.61,left,0.965277329714,0.716434209942,-0.248843119771,decay
44.62,left,0.964764605599,0.716379674439,-0.24838493116,decay
44.63,left,0.964265308192,0.716325974243,-0.247939333949,decay
44.64,left,0.963791028466,0.716273016795,-0.247518011671,decay
44.65,left,0.963348922272,0.716220728029,-0.247128194244,decay
44.66,left,0.962941252366,0.716169054759,-0.246772197607,decay
44.67,left,0.962566352315,0.716117963822,-0.246448388492,decay
44.68,left,0.962220442401,0.716067438905,-0.246153003497,decay
44.69,left,0.961899326473,0.716017476729,-0.245881849744,decay
44.7,left,0.961599800265,0.715968083247,-0.245631717018,decay
44.71,left,0.961320724023,0.71591926983,-0.245401454193,decay
44.72,left,0.961063446136,0.715871049405,-0.245192396731,decay
44.73,left,0.960831859427,0.715823432474,-0.245008426953,decay
44.74,left,0.960632365306,0.715776422934,-0.244855942372,decay
44.75,left,0.960473180827,0.715730014026,-0.244743166802,decay
44.76,left,0.960362750729,0.715684185468,-0.244678565262,decay
44.77,left,0.960308033191,0.715638902619,-0.244669130572,decay
44.78,left,0.960313306271,0.715594116989,-0.244719189282,decay
44.79,left,0.960379425129,0.715549766931,-0.244829658197,decay
44.8,left,0.960503524299,0.71550577804,-0.244997746258,decay
44.81,left,0.96067937843,0.715462063241,-0.245217315189,decay
44.82,left,0.960898061681,0.715418522589,-0.245479539093,decay
44.83,left,0.961148481063,0.71537504279,-0.245773438272,decay
44.84,left,0.961418273319,0.71533149648,-0.246086776839,decay
44.85,left,0.96169542033,0.715287741661,-0.246407678669,decay
44.86,left,0.961969879153,0.715243622595,-0.246726256557,decay
44.87,left,0.962234663864,0.715198973164,-0.2470356907,decay
44.88,left,0.962486532583,0.715153622034,-0.247332910549,decay
44.89,left,0.962726250023,0.715107398476,-0.247618851546,decay
44.9,left,0.962958155843,0.715060138407,-0.247898017436,decay
44.91,left,0.963189151547,0.71501169076,-0.248177460787,decay
44.92,left,0.963427307176,0.714961924316,-0.248465382861,decay
44.93,left,0.963679958452,0.714910735155,-0.248769223297,decay
44.94,left,0.963951586282,0.714858054862,-0.24909353142,decay
44.95,left,0.964242527963,0.714803858332,-0.249438669631,decay
44.96,left,0.964549055001,0.714748167175,-0.249800887826,decay
44.97,left,0.964864396099,0.714691045711,-0.250173350389,decay
44.98,left,0.965180440711,0.714632591812,-0.250547848899,decay
44.99,left,0.96548994042,0.714572926731,-0.250917013689,decay
45,left,0.965788216649,0.714512185482,-0.251276031167,decay
45.01,left,0.966073551282,0.714450507742,-0.25162304354,decay
45.02,left,0.966346619678,0.714388029099,-0.251958590579,decay
45.03,left,0.966609429423,0.714324872466,-0.252284556957,decay
45.04,left,0.966863916968,0.714261139507,-0.252602777461,decay
45.05,left,0.967110862631,0.714196902865,-0.252913959767,decay
45.06,left,0.967349803655,0.714132202097,-0.253217601558,decay
45.07,left,0.967579647897,0.714067045511,-0.253512602386,decay
45.08,left,0.967799230334,0.714001416177,-0.253797814158,decay
45.09,left,0.968007743925,0.713935279076,-0.254072464849,decay
45.1,left,0.968205284339,0.713868588184,-0.254336696155,decay
45.11,left,0.96839311592,0.713801293515,-0.254591822405,decay
45.12,left,0.968573423581,0.713733348236,-0.254840075345,decay
45.13,left,0.968749039396,0.71366471599,-0.255084323406,decay
45.14,left,0.968923251735,0.71359537854,-0.255327873194,decay
45.15,left,0.969099383305,0.713525343046,-0.255574040259,decay
45.16,left,0.969280334878,0.713454646478,-0.2558256884,decay
45.17,left,0.969468262742,0.713383355299,-0.256084907443,decay
45.18,left,0.969664003733,0.71331156188,-0.256352441853,decay
45.19,left,0.969866287558,0.713239380267,-0.25662690729,decay
45.2,left,0.970071512551,0.713166942326,-0.256904570226,decay
45.21,left,0.970274356345,0.713094394258,-0.257179962087,decay
45.22,left,0.970468612183,0.713021893415,-0.257446718768,decay
45.23,left,0.970647920346,0.712949605317,-0.257698315028,decay
45.24,left,0.970806450023,0.712877700779,-0.257928749243,decay
45.25,left,0.970939142548,0.71280635307,-0.258132789478,decay
45.26,left,0.971041345224,0.712735734975,-0.258305610249,decay
45.27,left,0.97110847214,0.712666015668,-0.258442456472,decay
45.28,left,0.971135955436,0.712597357304,-0.258538598133,decay
45.29,left,0.971119114118,0.712529911267,-0.258589202852,decay
45.3,left,0.971053150782,0.712463813975,-0.258589336807,decay
45.31,left,0.970933791536,0.712399182153,-0.258534609383,decay
45.32,left,0.970758263449,0.712336107445,-0.258422156005,decay
45.33,left,0.970526090781,0.712274650268,-0.258251440513,decay
45.34,left,0.97023981482,0.712214832785,-0.258024982036,decay
45.35,left,0.969905627638,0.712156632103,-0.257748995535,decay
45.36,left,0.969533337547,0.712099977484,-0.257433360063,decay
45.37,left,0.969135495122,0.712044754417,-0.257090740705,decay
45.38,left,0.968726135384,0.711990813429,-0.256735321955,decay
45.39,left,0.968319127293,0.71193797979,-0.256381147503,decay
45.4,left,0.96792598822,0.71188606263,-0.25603992559,decay
45.41,left,0.967554083347,0.711834863526,-0.255719219821,decay
45.42,left,0.967206220993,0.711784184736,-0.255422036257,decay
45.43,left,0.966881403216,0.711733837268,-0.255147565947,decay
45.44,left,0.966576123082,0.711683648953,-0.254892474129,decay
45.45,left,0.966285982787,0.711633471817,-0.25465251097,decay
45.46,left,0.966007236464,0.711583186191,-0.254424050273,decay
45.47,left,0.965737839432,0.711532699586,-0.254205139847,decay
45.48,left,0.965478084748,0.711481941931,-0.253996142817,decay
45.49,left,0.965230886905,0.711430859943,-0.253800026962,decay
45.5,left,0.965001188891,0.711379411726,-0.253621777165,decay
45.51,left,0.96479429235,0.711327561639,-0.253466730711,decay
45.52,left,0.964614062224,0.71127527535,-0.253338786874,decay
45.53,left,0.964461849532,0.711222515016,-0.253239334517,decay
45.54,left,0.964336043916,0.71116923451,-0.253166809406,decay
45.55,left,0.964232361222,0.711115375195,-0.253116986027,decay
45.56,left,0.964145131648,0.711060863876,-0.253084267772,decay
45.57,left,0.964068933751,0.711005614211,-0.25306331954,decay
45.58,left,0.963999678879,0.71094953063,-0.253050148249,decay
45.59,left,0.963935037743,0.710892513092,-0.253042524651,decay
45.6,left,0.963874343646,0.710834462042,-0.253039881604,decay
45.61,left,0.963818020717,0.710775283606,-0.25304273711,decay
45.62,left,0.963767134016,0.710714895142,-0.253052238874,decay
45.63,left,0.963723793772,0.710653231247,-0.253070562525,decay
45.64,left,0.963692088858,0.710590250344,-0.253101838513,decay
45.65,left,0.963678634055,0.710525941142,-0.253152692913,decay
45.66,left,0.963692513312,0.710460326522,-0.25323218679,decay
45.67,left,0.963744693938,0.710393463006,-0.253351230933,decay
45.68,left,0.963846611425,0.710325437236,-0.253521174189,decay
45.69,left,0.964008167459,0.710256362068,-0.253751805391,decay
45.7,left,0.964236071552,0.710186373269,-0.254049698283,decay
45.71,left,0.96453279342,0.710115626845,-0.254417166575,decay
45.72,left,0.964895903675,0.710044296918,-0.254851606757,decay
45.73,left,0.965318186208,0.709972574078,-0.255345612129,decay
45.74,left,0.965788728881,0.709900664142,-0.255888064739,decay
45.75,left,0.966294314319,0.709828786857,-0.256465527462,decay
45.76,left,0.966820755146,0.709757173268,-0.257063581878,decay
45.77,left,0.967354515001,0.709686060719,-0.257668454282,decay
45.78,left,0.967884383869,0.709615686065,-0.258268697804,decay
45.79,left,0.968402357194,0.70954627818,-0.258856079014,decay
45.8,left,0.968903566457,0.709478050114,-0.259425516343,decay
45.81,left,0.969385663554,0.709411190753,-0.259974472801,decay
45.82,left,0.969847622324,0.709345855805,-0.26050176652,decay
45.83,left,0.970288185433,0.709282157911,-0.261006027521,decay
45.84,left,0.970704981737,0.709220155706,-0.261484826031,decay
45.85,left,0.971094730165,0.709159843341,-0.261934886823,decay
45.86,left,0.971453970453,0.709101145727,-0.262352824726,decay
45.87,left,0.971780030312,0.709043923463,-0.262736106849,decay
45.88,left,0.972072040841,0.708987984475,-0.263084056366,decay
45.89,left,0.972331291515,0.708933096957,-0.263398194558,decay
45.9,left,0.972560669927,0.708879001559,-0.263681668368,decay
45.91,left,0.972763811044,0.708825422884,-0.263938388161,decay
45.92,left,0.972944293908,0.708772080515,-0.264172213393,decay
45.93,left,0.973104562362,0.708718699854,-0.264385862508,decay
45.94,left,0.973244678623,0.708665022974,-0.264579655649,decay
45.95,left,0.973361699384,0.708610818769,-0.264750880615,decay
45.96,left,0.9734500167,0.708555889528,-0.264894127172,decay
45.97,left,0.973502479629,0.708500071796,-0.265002407834,decay
45.98,left,0.97351235096,0.708443233343,-0.265069117617,decay
45.99,left,0.973475723174,0.708385269422,-0.265090453752,decay
46,left,0.973393158706,0.708326099604,-0.265067059102,decay
46.01,left,0.973269841839,0.708265665278,-0.265004176561,decay
46.02,left,0.973114406493,0.708203927806,-0.264910478688,decay
46.03,left,0.972936645475,0.708140867303,-0.264795778172,decay
46.04,left,0.972744816472,0.708076482048,-0.264668334424,decay
46.05,left,0.972544007007,0.708010788241,-0.264533218767,decay
46.06,left,0.972336319294,0.707943819274,-0.264392500019,decay
46.07,left,0.972122101903,0.707875623888,-0.264246478015,decay
46.08,left,0.971901127341,0.70780626363,-0.264094863711,decay
46.09,left,0.971673431166,0.70773581044,-0.263937620726,decay
46.1,left,0.971439699178,0.707664344666,-0.263775354512,decay
46.11,left,0.971200983401,0.707591953486,-0.263609029915,decay
46.12,left,0.970958319714,0.707518729691,-0.263439590023,decay
46.13,left,0.970712994419,0.707444770789,-0.263268223629,decay
46.14,left,0.970467090426,0.707370178399,-0.263096912027,decay
46.15,left,0.970223757917,0.707295057775,-0.262928700142,decay
46.16,left,0.969987466764,0.707219517116,-0.262767949647,decay
46.17,left,0.969764293201,0.707143666347,-0.262620626854,decay
46.18,left,0.969561772278,0.707067615536,-0.262494156743,decay
46.19,left,0.969388262928,0.706991473228,-0.262396789699,decay
46.2,left,0.969252088415,0.706915344803,-0.262336743612,decay
46.21,left,0.969160450605,0.706839330797,-0.262321119808,decay
46.22,left,0.969118359398,0.706763525148,-0.262354834249,decay
46.23,left,0.969128368561,0.70668801331,-0.26244035525,decay
46.24,left,0.969191197079,0.706612870179,-0.2625783269,decay
46.25,left,0.96930610419,0.706538158138,-0.262767946052,decay
46.26,left,0.969470382978,0.70646392629,-0.263006456688,decay
46.27,left,0.969678612664,0.706390211692,-0.263288400972,decay
46.28,left,0.969922278223,0.706317041954,-0.263605236269,decay
46.29,left,0.970189999237,0.70624443808,-0.263945561158,decay
46.3,left,0.970468753995,0.706172417104,-0.26429633689,decay
46.31,left,0.970745797087,0.706100994529,-0.264644802557,decay
46.32,left,0.971010120786,0.706030186585,-0.2649799342,decay
46.33,left,0.971252986439,0.705960012355,-0.265292974084,decay
46.34,left,0.971468022987,0.705890495789,-0.265577527198,decay
46.35,left,0.971651121695,0.705821667536,-0.265829454159,decay
46.36,left,0.971799866519,0.705753566308,-0.266046300211,decay
46.37,left,0.971912780837,0.705686239558,-0.266226541279,decay
46.38,left,0.971989076587,0.70561974365,-0.266369332937,decay
46.39,left,0.972028810609,0.705554143828,-0.266474666781,decay
46.4,left,0.972033056503,0.705489514111,-0.266543542392,decay
46.41,left,0.972004263691,0.705425937092,-0.266578326599,decay
46.42,left,0.971946597829,0.705363503641,-0.266583094188,decay
46.43,left,0.97186549961,0.705302312457,-0.266563187153,decay
46.44,left,0.971766496246,0.705242469471,-0.266524026775,decay
46.45,left,0.971654006115,0.705184086881,-0.266469919234,decay
46.46,left,0.971530510752,0.705127281303,-0.266403229448,decay
46.47,left,0.971396277193,0.705072170595,-0.266324106598,decay
46.48,left,0.971249907392,0.705018869567,-0.266231037825,decay
46.49,left,0.971089385254,0.704967484986,-0.266121900268,decay
46.5,left,0.970912659187,0.704918109985,-0.265994549203,decay
46.51,left,0.970717495208,0.704870817767,-0.265846677441,decay
46.52,left,0.970501246736,0.704825654496,-0.26567559224,decay
46.53,left,0.970260756333,0.704782631237,-0.265478125096,decay
46.54,left,0.969992332161,0.704741714798,-0.265250617362,decay
46.55,left,0.969692433445,0.704702818933,-0.264989614511,decay
46.56,left,0.96935935838,0.704665800683,-0.264693557697,decay
46.57,left,0.96899492671,0.70463046553,-0.26436446118,decay
46.58,left,0.96860508524,0.704596578661,-0.264008506579,decay
46.59,left,0.968199205951,0.704563877463,-0.263635328488,decay
46.6,left,0.967788183839,0.70453208339,-0.263256100449,decay
46.61,left,0.967381872633,0.704500913281,-0.262880959352,decay
46.62,left,0.96698703358,0.704470090377,-0.262516943203,decay
46.63,left,0.966606607637,0.704439355284,-0.262167252353,decay
46.64,left,0.966240086594,0.704408477117,-0.261831609477,decay
46.65,left,0.965884558619,0.704377263755,-0.261507294863,decay
46.66,left,0.965536388524,0.704345567315,-0.261190821209,decay
46.67,left,0.965193081047,0.704313281889,-0.260879799158,decay
46.68,left,0.964854448937,0.704280335908,-0.260574113029,decay
46.69,left,0.964523027415,0.70424668328,-0.260276344135,decay
46.7,left,0.964204164163,0.704212294954,-0.25999186921,decay
46.71,left,0.963905503923,0.704177150929,-0.259728352994,decay
46.72,left,0.963635661001,0.704141232591,-0.25949442841,decay
46.73,left,0.963402732972,0.704104515261,-0.259298217711,decay
46.74,left,0.963213115887,0.704066960845,-0.259146155043,decay
46.75,left,0.963070593265,0.704028511114,-0.259042082151,decay
46.76,left,0.96297599977,0.703989083544,-0.258986916225,decay
46.77,left,0.962927742125,0.703948571162,-0.258979170963,decay
46.78,left,0.962922635875,0.70390684526,-0.259015790615,decay
46.79,left,0.96295634624,0.703863758991,-0.259092587249,decay
46.8,left,0.963023567528,0.703819151046,-0.259204416483,decay
46.81,left,0.963118297211,0.703772849441,-0.25934544777,decay
46.82,left,0.963234076493,0.703724675532,-0.259509400961,decay
46.83,left,0.963364449159,0.703674448339,-0.25969000082,decay
46.84,left,0.963504133553,0.70362198931,-0.259882144244,decay
46.85,left,0.963650258695,0.70356712727,-0.260083131425,decay
46.86,left,0.96380255851,0.703509702526,-0.260292855984,decay
46.87,left,0.963962464605,0.703449569377,-0.260512895228,decay
46.88,left,0.964131562211,0.703386597758,-0.260744964452,decay
46.89,left,0.964309757898,0.703320675285,-0.260989082613,decay
46.9,left,0.96449398896,0.703251710245,-0.261242278715,decay
46.91,left,0.96467841903,0.703179635663,-0.261498783367,decay
46.92,left,0.964855926559,0.703104414515,-0.261751512044,decay
46.93,left,0.965019896959,0.703026046203,-0.261993850756,decay
46.94,left,0.965165742763,0.702944574395,-0.262221168368,decay
46.95,left,0.965291832349,0.702860094832,-0.262431737517,decay
46.96,left,0.965399223262,0.702772758479,-0.262626464783,decay
46.97,left,0.965490104785,0.702682766502,-0.262807338283,decay
46.98,left,0.965565889786,0.702590359642,-0.262975530144,decay
46.99,left,0.965625763303,0.702495806694,-0.26312995661,decay
47,left,0.96566580549,0.702399393856,-0.263266411634,decay
47.01,left,0.965678971063,0.702301414901,-0.263377556162,decay
47.02,left,0.965656193581,0.702202161933,-0.263454031648,decay
47.03,left,0.965588126624,0.70210191651,-0.263486210115,decay
47.04,left,0.965466917782,0.702000940922,-0.26346597686,decay
47.05,left,0.965287918999,0.701899470405,-0.263388448594,decay
47.06,left,0.965051179118,0.701797709154,-0.263253469964,decay
47.07,left,0.964762250325,0.701695832342,-0.263066417984,decay
47.08,left,0.96443225781,0.701593992334,-0.262838265476,decay
47.09,left,0.964077626766,0.701492326019,-0.262585300748,decay
47.1,left,0.963719276483,0.701390961975,-0.262328314507,decay
47.11,left,0.963380828042,0.701290027479,-0.262090800563,decay
47.12,left,0.963086249892,0.701189655406,-0.261896594485,decay
47.13,left,0.96285751795,0.701089991116,-0.261767526834,decay
47.14,left,0.962712226232,0.700991199394,-0.261721026838,decay
47.15,left,0.962661485044,0.700893470542,-0.261768014502,decay
47.16,left,0.962709041129,0.700797022646,-0.261912018483,decay
47.17,left,0.962851877733,0.700702097718,-0.262149780016,decay
47.18,left,0.963081845336,0.700608953349,-0.262472891988,decay
47.19,left,0.963387919919,0.700517852806,-0.262870067112,decay
47.2,left,0.963758422133,0.70042905467,-0.263329367463,decay
47.21,left,0.964182206911,0.700342801874,-0.263839405037,decay
47.22,left,0.964648690263,0.70025930993,-0.264389380332,decay
47.23,left,0.965147674305,0.70017875407,-0.264968920235,decay
47.24,left,0.965669449358,0.700101255061,-0.265568194297,decay
47.25,left,0.966204705392,0.700026865539,-0.266177839853,decay
47.26,left,0.966744225729,0.699955563159,-0.26678866257,decay
47.27,left,0.967278881642,0.69988725539,-0.267391626252,decay
47.28,left,0.967799866747,0.699821792262,-0.267978074485,decay
47.29,left,0.968298902478,0.699758980513,-0.268539921965,decay
47.3,left,0.968768589135,0.699698596562,-0.269069992573,decay
47.31,left,0.969202719987,0.699640398342,-0.269562321645,decay
47.32,left,0.96959600883,0.699584136228,-0.270011872602,decay
47.33,left,0.969943502975,0.699529563301,-0.270413939673,decay
47.34,left,0.970240518845,0.699476445159,-0.270764073687,decay
47.35,left,0.97048319903,0.699424568814,-0.271058630216,decay
47.36,left,0.970669250004,0.699373748725,-0.271295501279,decay
47.37,left,0.970798837928,0.699323828496,-0.271475009432,decay
47.38,left,0.970875382535,0.699274679543,-0.271600702992,decay
47.39,left,0.970905303773,0.699226198981,-0.271679104792,decay
47.4,left,0.970896730442,0.699178307644,-0.271718422798,decay
47.41,left,0.970858402431,0.699130948304,-0.271727454127,decay
47.42,left,0.970799247291,0.699084084098,-0.271715163193,decay
47.43,left,0.970728129221,0.699037697135,-0.271690432086,decay
47.44,left,0.970653553001,0.698991787281,-0.27166176572,decay
47.45,left,0.970583245547,0.698946370858,-0.27163687469,decay
47.46,left,0.970523345749,0.69890147848,-0.271621867268,decay
47.47,left,0.970477511848,0.698857151427,-0.271620360421,decay
47.48,left,0.970446684327,0.698813436903,-0.271633247424,decay
47.49,left,0.970429492582,0.69877038291,-0.271659109673,decay
47.5,left,0.970422727028,0.698728032939,-0.271694694089,decay
47.51,left,0.970421933695,0.698686420435,-0.27173551326,decay
47.52,left,0.970422542986,0.698645562915,-0.271776980071,decay
47.53,left,0.970421128896,0.698605455663,-0.271815673234,decay
47.54,left,0.970416122505,0.698566064867,-0.271850057637,decay
47.55,left,0.970408055212,0.698527321227,-0.271880733985,decay
47.56,left,0.970399497956,0.698489117313,-0.271910380643,decay
47.57,left,0.9703945967,0.698451311248,-0.271943285452,decay
47.58,left,0.970398632887,0.69841373483,-0.271984898057,decay
47.59,left,0.97041808683,0.698376202717,-0.272041884113,decay
47.6,left,0.970460760017,0.698338521418,-0.272122238599,decay
47.61,left,0.970535386166,0.698300498137,-0.272234888029,decay
47.62,left,0.970650800387,0.698261949667,-0.27238885072,decay
47.63,left,0.970814728636,0.698222711518,-0.272592017119,decay
47.64,left,0.971032126848,0.698182647481,-0.272849479367,decay
47.65,left,0.97130366841,0.698141658741,-0.273162009668,decay
47.66,left,0.971625312714,0.698099689427,-0.273525623288,decay
47.67,left,0.971988842164,0.69805672622,-0.273932115944,decay
47.68,left,0.972382546073,0.698012793934,-0.274369752139,decay
47.69,left,0.972791979785,0.697967950402,-0.274824029383,decay
47.7,left,0.973201067499,0.697922282017,-0.275278785483,decay
47.71,left,0.973593393725,0.697875899946,-0.275717493779,decay
47.72,left,0.973953778226,0.697828936948,-0.276124841278,decay
47.73,left,0.974270304283,0.69778154471,-0.276488759573,decay
47.74,left,0.974536138831,0.697733891625,-0.276802247206,decay
47.75,left,0.974750366238,0.69768616062,-0.277064205618,decay
47.76,left,0.974917949229,0.697638545937,-0.277279403293,decay
47.77,left,0.975049147541,0.697591248005,-0.277457899537,decay
47.78,left,0.975158158557,0.697544466868,-0.277613691688,decay
47.79,left,0.975261005168,0.697498395052,-0.277762610116,decay
47.8,left,0.975373486191,0.69745321014,-0.277920276051,decay
47.81,left,0.975509533282,0.697409066946,-0.278100466336,decay
47.82,left,0.975679641625,0.697366089095,-0.27831355253,decay
47.83,left,0.975889747571,0.697324359857,-0.278565387713,decay
47.84,left,0.976141173811,0.697283912048,-0.278857261763,decay
47.85,left,0.976431245284,0.697244718371,-0.279186526913,decay
47.86,left,0.976753986601,0.697206686876,-0.279547299725,decay
47.87,left,0.977100884458,0.697169665088,-0.27993121937,decay
47.88,left,0.977461439825,0.697133450134,-0.280327989691,decay
47.89,left,0.97782309114,0.697097800069,-0.28072529107,decay
47.9,left,0.978171024075,0.69706244455,-0.281108579524,decay
47.91,left,0.978488748373,0.697027094925,-0.281461653448,decay
47.92,left,0.978759377126,0.696991453955,-0.281767923171,decay
47.93,left,0.978967034165,0.696955225402,-0.282011808763,decay
47.94,left,0.979098289254,0.696918123705,-0.28218016555,decay
47.95,left,0.979143415272,0.696879883172,-0.2822635321,decay
47.96,left,0.979096673663,0.696840264416,-0.282256409247,decay
47.97,left,0.978955423779,0.696799056327,-0.282156367452,decay
47.98,left,0.978718846426,0.696756075109,-0.281962771317,decay
47.99,left,0.978386860776,0.696711162991,-0.281675697784,decay
48,left,0.977959478345,0.696664187696,-0.281295290649,decay
48.01,left,0.977437069843,0.696615042808,-0.280822027035,decay
48.02,left,0.976821549092,0.696563649063,-0.28025790003,decay
48.03,left,0.976117675623,0.696509956612,-0.279607719012,decay
48.04,left,0.975333869195,0.696453948317,-0.278879920878,decay
48.05,left,0.974482526767,0.696395643278,-0.278086883488,decay
48.06,left,0.973579795493,0.696335097968,-0.277244697525,decay
48.07,left,0.972644661234,0.696272402974,-0.276372258259,decay
48.08,left,0.971697791921,0.696207676826,-0.275490115095,decay
48.09,left,0.970760676195,0.696141059548,-0.274619616647,decay
48.1,left,0.969854672282,0.69607270697,-0.273781965312,decay
48.11,left,0.968999566426,0.696002785767,-0.272996780659,decay
48.12,left,0.968212246583,0.6959314691,-0.272280777484,decay
48.13,left,0.96750593033,0.69585893276,-0.27164699757,decay
48.14,left,0.966889613633,0.695785351699,-0.271104261934,decay
48.15,left,0.966367742534,0.695710896952,-0.270656845583,decay
48.16,left,0.965940396129,0.695635733121,-0.270304663008,decay
48.17,left,0.965603637473,0.69556001657,-0.270043620902,decay
48.18,left,0.965349636523,0.695483894081,-0.269865742442,decay
48.19,left,0.965166913138,0.695407501631,-0.269759411507,decay
48.2,left,0.965041036911,0.695330963113,-0.269710073797,decay
48.21,left,0.964955459775,0.695254388931,-0.269701070844,decay
48.22,left,0.964892322005,0.69517787442,-0.269714447585,decay
48.23,left,0.964833565463,0.695101498041,-0.269732067422,decay
48.24,left,0.964762235268,0.695025319285,-0.269736915983,decay
48.25,left,0.964663621675,0.694949376681,-0.269714244993,decay
48.26,left,0.964526609566,0.694873687143,-0.269652922424,decay
48.27,left,0.964345457727,0.694798247641,-0.269547210085,decay
48.28,left,0.964121186551,0.694723038474,-0.269398148077,decay
48.29,left,0.963861773551,0.694648026808,-0.269213746744,decay
48.3,left,0.963580997469,0.694573170012,-0.269007827457,decay
48.31,left,0.963295868501,0.694498418784,-0.268797449717,decay
48.32,left,0.963023114809,0.694423720128,-0.268599394681,decay
48.33,left,0.962776116383,0.694349020255,-0.268427096128,decay
48.34,left,0.962563346527,0.694274267453,-0.268289079074,decay
48.35,left,0.962388088721,0.694199414736,-0.268188673985,decay
48.36,left,0.962248844802,0.694124421552,-0.26812442325,decay
48.37,left,0.962140489335,0.694049253979,-0.268091235356,decay
48.38,left,0.962056097218,0.693973883894,-0.268082213323,decay
48.39,left,0.961988805564,0.693898287908,-0.268090517657,decay
48.4,left,0.961933536722,0.693822446395,-0.268111090327,decay
48.41,left,0.961888667659,0.693746342648,-0.268142325011,decay
48.42,left,0.961856947941,0.69366996213,-0.268186985811,decay
48.43,left,0.961845131812,0.693593291835,-0.268251839977,decay
48.44,left,0.961862853146,0.693516319735,-0.268346533411,decay
48.45,left,0.961921125298,0.693439034447,-0.268482090851,decay
48.46,left,0.962030312956,0.693361425472,-0.268668887484,decay
48.47,left,0.962198048354,0.693283484324,-0.26891456403,decay
48.48,left,0.96242800714,0.693205206325,-0.269222800815,decay
48.49,left,0.962719593122,0.693126592732,-0.26959300039,decay
48.5,left,0.963067997757,0.693047653047,-0.270020344709,decay
48.51,left,0.963464860856,0.692968407545,-0.270496453311,decay
48.52,left,0.963899762468,0.692888890053,-0.271010872415,decay
48.53,left,0.964361543311,0.69280915102,-0.271552392291,decay
48.54,left,0.964838794046,0.692729260919,-0.272109533127,decay
48.55,left,0.965320108475,0.692649313394,-0.272670795082,decay
48.56,left,0.965794332892,0.692569426246,-0.273224906646,decay
48.57,left,0.966250600062,0.692489738791,-0.273760861271,decay
48.58,left,0.96667853151,0.692410406629,-0.274268124881,decay
48.59,left,0.967068804137,0.692331595719,-0.274737208419,decay
48.6,left,0.967413599794,0.692253476456,-0.275160123338,decay
48.61,left,0.967706876758,0.69217621769,-0.275530659068,decay
48.62,left,0.967944793363,0.692099980544,-0.275844812818,decay
48.63,left,0.968125897575,0.692024911896,-0.276100985679,decay
48.64,left,0.968250396278,0.691951137373,-0.276299258905,decay
48.65,left,0.968318845244,0.691878754652,-0.276440090592,decay
48.66,left,0.968331288479,0.691807829799,-0.27652345868,decay
48.67,left,0.968287136037,0.691738398725,-0.276548737312,decay
48.68,left,0.968185517821,0.691670472135,-0.276515045686,decay
48.69,left,0.968026140186,0.691604041034,-0.276422099153,decay
48.7,left,0.967810356276,0.691539081649,-0.276271274626,decay
48.71,left,0.96754176272,0.691475559747,-0.276066202973,decay
48.72,left,0.967226296573,0.691413434405,-0.275812862168,decay
48.73,left,0.966872093704,0.691352661326,-0.275519432378,decay
48.74,left,0.966488844313,0.691293195745,-0.275195648567,decay
48.75,left,0.966086774214,0.6912349948,-0.274851779414,decay
48.76,left,0.965676106725,0.691178018854,-0.274498087871,decay
48.77,left,0.965267078574,0.691122231364,-0.27414484721,decay
48.78,left,0.964869563789,0.691067597633,-0.273801966156,decay
48.79,left,0.964492036477,0.691014083025,-0.273477953453,decay
48.8,left,0.964140635402,0.690961650872,-0.27317898453,decay
48.81,left,0.963818672641,0.690910260069,-0.272908412572,decay
48.82,left,0.963526337613,0.690859862321,-0.272666475292,decay
48.83,left,0.963260788133,0.69081039902,-0.272450389113,decay
48.84,left,0.963016883449,0.690761797709,-0.27225508574,decay
48.85,left,0.962788120784,0.690713968674,-0.27207415211,decay
48.86,left,0.96256733367,0.690666803464,-0.271900530206,decay
48.87,left,0.962347192892,0.690620176709,-0.271727016184,decay
48.88,left,0.962120414099,0.690573950229,-0.271546463871,decay
48.89,left,0.961879564523,0.690527977668,-0.271351586855,decay
48.9,left,0.961617038053,0.690482108957,-0.271134929096,decay
48.91,left,0.961325770615,0.690436194654,-0.270889575961,decay
48.92,left,0.961000321699,0.690390090268,-0.270610231431,decay
48.93,left,0.960637706995,0.690343660678,-0.270294046317,decay
48.94,left,0.960237961466,0.690296784737,-0.269941176729,decay
48.95,left,0.95980424523,0.690249359649,-0.269554885581,decay
48.96,left,0.959342057319,0.690201303509,-0.269140753809,decay
48.97,left,0.958858128629,0.690152554826,-0.268705573802,decay
48.98,left,0.958359869676,0.690103069995,-0.268256799681,decay
48.99,left,0.95785510217,0.690052820443,-0.267802281727,decay
49,left,0.957351589399,0.690001790137,-0.267349799262,decay
49.01,left,0.956856644791,0.689949973483,-0.266906671308,decay
49.02,left,0.95637704296,0.689897373584,-0.266479669376,decay
49.03,left,0.955919067992,0.689844000837,-0.266075067156,decay
49.04,left,0.955488740292,0.689789871837,-0.265698868455,decay
49.05,left,0.955092181731,0.689735008587,-0.265357173144,decay
49.06,left,0.95473556694,0.689679438021,-0.26505612892,decay
49.07,left,0.954424404935,0.689623191852,-0.264801213084,decay
49.08,left,0.954162779041,0.689566306716,-0.264596472325,decay
49.09,left,0.953953003645,0.689508824583,-0.264444179061,decay
49.1,left,0.953795268757,0.689450793405,-0.264344475352,decay
49.11,left,0.953687174637,0.689392268018,-0.264294906619,decay
49.12,left,0.953623789984,0.689333311284,-0.2642904787,decay
49.13,left,0.953598284535,0.689273995487,-0.264324289048,decay
49.14,left,0.953602689483,0.689214403986,-0.264388285497,decay
49.15,left,0.953628862826,0.689154632683,-0.264474230143,decay
49.16,left,0.95366970503,0.689094789906,-0.264574915124,decay
49.17,left,0.953720075788,0.689034993642,-0.264685082146,decay
49.18,left,0.953777181582,0.688975366829,-0.264801814753,decay
49.19,left,0.953840779542,0.688916032074,-0.264924747468,decay
49.2,left,0.953913145156,0.688857106271,-0.265056038885,decay
49.21,left,0.953998373777,0.68879869505,-0.265199678727,decay
49.22,left,0.954101271981,0.688740886955,-0.265360385026,decay
49.23,left,0.954226573812,0.688683747212,-0.2655428266,decay
49.24,left,0.95437848246,0.688627310989,-0.265751171472,decay
49.25,left,0.954560169757,0.688571577053,-0.265988592705,decay
49.26,left,0.954773485121,0.688516505006,-0.266256980115,decay
49.27,left,0.955019093938,0.688462018494,-0.266557075444,decay
49.28,left,0.955296807637,0.688408012587,-0.26688879505,decay
49.29,left,0.955606124584,0.688354362079,-0.267251762505,decay
49.3,left,0.955946919946,0.688300929469,-0.267645990477,decay
49.31,left,0.956319640539,0.688247572652,-0.268072067887,decay
49.32,left,0.956724817633,0.688194152486,-0.268530665147,decay
49.33,left,0.957162551895,0.688140540389,-0.269022011506,decay
49.34,left,0.957632307378,0.688086626109,-0.269545681268,decay
49.35,left,0.958132708374,0.688032324997,-0.270100383378,decay
49.36,left,0.958661329078,0.687977582238,-0.270683746839,decay
49.37,left,0.959214797006,0.687922372185,-0.271292424821,decay
49.38,left,0.959788930753,0.687866694271,-0.271922236482,decay
49.39,left,0.960378541791,0.687810568219,-0.272567973572,decay
49.4,left,0.960977405356,0.687754029584,-0.273223375772,decay
49.41,left,0.961578760427,0.687697125665,-0.273881634762,decay
49.42,left,0.962175848225,0.687639911705,-0.27453593652,decay
49.43,left,0.962762372651,0.6875824473,-0.275179925351,decay
49.44,left,0.963333264887,0.687524792969,-0.275808471918,decay
49.45,left,0.963885336198,0.687467007041,-0.276418329156,decay
49.46,left,0.964417062838,0.687409143611,-0.277007919227,decay
49.47,left,0.964927831485,0.687351252083,-0.277576579402,decay
49.48,left,0.965417408386,0.68729337786,-0.278124030526,decay
49.49,left,0.965885532451,0.687235563331,-0.278649969119,decay
49.5,left,0.966331351271,0.687177848841,-0.27915350243,decay
49.51,left,0.966753120829,0.687120273608,-0.279632847221,decay
49.52,left,0.967148474278,0.687062876608,-0.28008559767,decay
49.53,left,0.967515017965,0.687005697407,-0.280509320558,decay
49.54,left,0.967851271727,0.686948776968,-0.280902494759,decay
49.55,left,0.968157926655,0.686892158244,-0.281265768411,decay
49.56,left,0.96843853903,0.686835885995,-0.281602653035,decay
49.57,left,0.968698973968,0.686780005411,-0.281918968557,decay
49.58,left,0.968946075076,0.686724559812,-0.282221515264,decay
49.59,left,0.969186157403,0.686669587965,-0.282516569437,decay
49.6,left,0.969423432032,0.686615121199,-0.282808310833,decay
49.61,left,0.969658807754,0.686561180279,-0.283097627475,decay
49.62,left,0.969889683684,0.686507771997,-0.283381911687,decay
49.63,left,0.970110482867,0.686454885395,-0.283655597472,decay
49.64,left,0.970313309108,0.68640248759,-0.283910821518,decay
49.65,left,0.970488795129,0.686350519937,-0.284138275192,decay
49.66,left,0.970627333489,0.68629889707,-0.284328436419,decay
49.67,left,0.970720310607,0.68624751074,-0.284472799867,decay
49.68,left,0.970761182638,0.68619623707,-0.284564945569,decay
49.69,left,0.970746616589,0.686144944696,-0.284601671893,decay
49.7,left,0.970677293727,0.686093502854,-0.284583790873,decay
49.71,left,0.970557719754,0.686041789485,-0.284515930269,decay
49.72,left,0.970395123076,0.685989699507,-0.284405423569,decay
49.73,left,0.970197767745,0.685937153431,-0.284260614314,decay
49.74,left,0.969972941441,0.685884106471,-0.28408883497,decay
49.75,left,0.969725472039,0.685830556998,-0.283894915041,decay
49.76,left,0.969457726522,0.685776550369,-0.283681176153,decay
49.77,left,0.969170802222,0.685722175117,-0.283448627105,decay
49.78,left,0.968865752448,0.68566755377,-0.283198198679,decay
49.79,left,0.968544428891,0.685612832391,-0.2829315965,decay
49.8,left,0.968210165102,0.685558170409,-0.282651994692,decay
49.81,left,0.96786799446,0.685503730684,-0.282364263776,decay
49.82,left,0.967524172766,0.685449669604,-0.282074503162,decay
49.83,left,0.967185581265,0.685396127035,-0.28178945423,decay
49.84,left,0.966859231491,0.685343215908,-0.281516015583,decay
49.85,left,0.966551524372,0.685291012428,-0.281260511944,decay
49.86,left,0.96626757407,0.685239550372,-0.281028023698,decay
49.87,left,0.966011126622,0.685188822114,-0.280822304508,decay
49.88,left,0.965784810211,0.685138784286,-0.280646025926,decay
49.89,left,0.965590459475,0.685089364394,-0.280501095081,decay
49.9,left,0.965429785953,0.68504046693,-0.280389319023,decay
49.91,left,0.965305172355,0.684991978962,-0.280313193393,decay
49.92,left,0.965219743536,0.684943775322,-0.280275968214,decay
49.93,left,0.965176573826,0.684895723498,-0.280280850328,decay
49.94,left,0.965177707631,0.684847688332,-0.280330019299,decay
49.95,left,0.965223216542,0.684799536316,-0.280423680226,decay
49.96,left,0.965310319837,0.684751138517,-0.28055918132,decay
49.97,left,0.965433329158,0.684702371454,-0.280730957705,decay
49.98,left,0.965584853908,0.684653116553,-0.280931737355,decay
49.99,left,0.965757562338,0.684603259292,-0.281154303045,decay
50,left,0.965945809627,0.684552688495,-0.281393121131,decay
50.01,left,0.966146885785,0.684501295824,-0.281645589961,decay
50.02,left,0.966361369246,0.684448975505,-0.281912393741,decay
50.03,left,0.966592240235,0.684395624293,-0.282196615942,decay
50.04,left,0.966843317328,0.684341141717,-0.282502175611,decay
50.05,left,0.967117703105,0.684285430614,-0.282832272491,decay
50.06,left,0.967416319063,0.68422839796,-0.283187921103,decay
50.07,left,0.967736766497,0.684169956013,-0.283566810484,decay
50.08,left,0.968073185352,0.684110023827,-0.283963161525,decay
50.09,left,0.968417081235,0.684048529214,-0.284368552021,decay
50.1,left,0.968758360418,0.683985411214,-0.284772949204,decay
50.11,left,0.9690864152,0.683920623137,-0.285165792063,decay
50.12,left,0.969391377894,0.683854136245,-0.285537241649,decay
50.13,left,0.969664967249,0.683785944128,-0.285879023122,decay
50.14,left,0.969900626203,0.683716067862,-0.286184558341,decay
50.15,left,0.970093518641,0.683644561181,-0.286448957461,decay
50.16,left,0.970240619202,0.683571513046,-0.286669106156,decay
50.17,left,0.970340518419,0.683497045673,-0.286843472746,decay
50.18,left,0.970393004285,0.683421309453,-0.286971694832,decay
50.19,left,0.970398794312,0.683344477446,-0.287054316866,decay
50.2,left,0.970359188539,0.683266740456,-0.287092448084,decay
50.21,left,0.970275356127,0.683188302652,-0.287087053475,decay
50.22,left,0.970147849632,0.683109377643,-0.287038471989,decay
50.23,left,0.969976860189,0.683030184861,-0.286946675328,decay
50.24,left,0.969762611807,0.682950946174,-0.286811665633,decay
50.25,left,0.9695053868,0.68287188272,-0.286633504081,decay
50.26,left,0.969205485562,0.682793212257,-0.286412273305,decay
50.27,left,0.968863211531,0.682715147234,-0.286148064297,decay
50.28,left,0.968478866936,0.682637893247,-0.28584097369,decay
50.29,left,0.968053195848,0.682561647432,-0.285491548416,decay
50.3,left,0.967588323693,0.682486596526,-0.285101727167,decay
50.31,left,0.967088510633,0.682412914509,-0.284675596124,decay
50.32,left,0.966560251227,0.682340759752,-0.284219491475,decay
50.33,left,0.966011777232,0.682270271566,-0.283741505666,decay
50.34,left,0.965451876586,0.682201566069,-0.283250310517,decay
50.35,left,0.964887958597,0.682134731915,-0.282753226682,decay
50.36,left,0.964324198841,0.682069827788,-0.282254371053,decay
50.37,left,0.963760880683,0.682006883113,-0.28175399757,decay
50.38,left,0.963194950101,0.681945900819,-0.281249049282,decay
50.39,left,0.962621193906,0.681886860137,-0.280734333769,decay
50.4,left,0.962033785984,0.681829718589,-0.280204067395,decay
50.41,left,0.961427628665,0.681774413152,-0.279653215513,decay
50.42,left,0.960798673707,0.681720860623,-0.279077813085,decay
50.43,left,0.960143560273,0.681668957195,-0.278474603078,decay
50.44,left,0.959459572323,0.681618577276,-0.277840995048,decay
50.45,left,0.958745035331,0.68156957216,-0.277175463171,decay
50.46,left,0.957999905723,0.68152177049,-0.276478135233,decay
50.47,left,0.957226745852,0.681474981995,-0.275751763856,decay
50.48,left,0.956431860469,0.681429003502,-0.275002856967,decay
50.49,left,0.955625731586,0.681383625385,-0.274242106201,decay
50.5,left,0.954822559824,0.681338637775,-0.273483922048,decay
50.51,left,0.954039493956,0.681293836618,-0.272745657338,decay
50.52,left,0.953295504764,0.68124902972,-0.272046475044,decay
50.53,left,0.952609500813,0.681204042939,-0.271405457874,decay
50.54,left,0.951998229166,0.68115872666,-0.270839502506,decay
50.55,left,0.951474768317,0.681112961894,-0.270361806423,decay
50.56,left,0.95104768396,0.681066663616,-0.269981020344,decay
50.57,left,0.950720823946,0.681019779542,-0.269701044404,decay
50.58,left,0.950493852667,0.68097228578,-0.269521566888,decay
50.59,left,0.950363088659,0.680924181907,-0.269438906751,decay
50.6,left,0.950322123437,0.680875486485,-0.269446636953,decay
50.61,left,0.950362499877,0.680826233019,-0.269536266858,decay
50.62,left,0.95047490617,0.680776466312,-0.269698439858,decay
50.63,left,0.950650511891,0.68072623913,-0.269924272762,decay
50.64,left,0.950881906175,0.680675609123,-0.270206297051,decay
50.65,left,0.951163795871,0.680624636037,-0.270539159834,decay
50.66,left,0.951493448401,0.680573379426,-0.270920068975,decay
50.67,left,0.951870380509,0.680521897043,-0.271348483466,decay
50.68,left,0.952295492973,0.680470243701,-0.271825249272,decay
50.69,left,0.952770215234,0.680418470273,-0.272351744961,decay
50.7,left,0.953295533548,0.680366622687,-0.272928910861,decay
50.71,left,0.953870886991,0.68031474087,-0.273556146122,decay
50.72,left,0.954493505226,0.680262857614,-0.274230647612,decay
50.73,left,0.955158248184,0.680210997349,-0.274947250836,decay
50.74,left,0.955857509172,0.680159174769,-0.275698334403,decay
50.75,left,0.956581406522,0.680107393505,-0.276474013017,decay
50.76,left,0.957318705386,0.680055645404,-0.277263059982,decay
50.77,left,0.95805796555,0.680003910861,-0.278054054688,decay
50.78,left,0.958788231878,0.679952159869,-0.27883607201,decay
50.79,left,0.959499485422,0.679900353174,-0.279599132248,decay
50.8,left,0.960183076342,0.679848443323,-0.280334633019,decay
50.81,left,0.960831640907,0.67979637558,-0.281035265327,decay
50.82,left,0.961438447103,0.679744088769,-0.281694358334,decay
50.83,left,0.961996906909,0.679691516043,-0.282305390866,decay
50.84,left,0.962500495757,0.679638585626,-0.282861910131,decay
50.85,left,0.96294277672,0.67958522164,-0.28335755508,decay
50.86,left,0.963317545525,0.679531345334,-0.283786200191,decay
50.87,left,0.963619114404,0.679476876982,-0.284142237422,decay
50.88,left,0.963842536557,0.679421738317,-0.28442079824,decay
50.89,left,0.96398392411,0.679365855274,-0.284618068836,decay
50.9,left,0.964041147549,0.679309160983,-0.284731986565,decay
50.91,left,0.964014604638,0.679251599058,-0.28476300558,decay
50.92,left,0.963907486975,0.679193127254,-0.284714359721,decay
50.93,left,0.963725653872,0.679133721569,-0.284591932303,decay
50.94,left,0.963477561571,0.679073380862,-0.284404180709,decay
50.95,left,0.963174033874,0.679012131199,-0.284161902675,decay
50.96,left,0.962827537448,0.678950027287,-0.283877510161,decay
50.97,left,0.962451257534,0.678887148995,-0.28356410854,decay
50.98,left,0.962058160593,0.67882359443,-0.283234566163,decay
50.99,left,0.961659983514,0.678759472243,-0.28290051127,decay
51,left,0.961266616165,0.67869489417,-0.282571721995,decay
51.01,left,0.960886301218,0.678629967767,-0.282256333451,decay
51.02,left,0.960526201192,0.678564789197,-0.281961411996,decay
51.03,left,0.960192790239,0.678499435918,-0.281693354321,decay
51.04,left,0.95989218068,0.67843395915,-0.28145822153,decay
51.05,left,0.959630444156,0.678368376976,-0.28126206718,decay
51.06,left,0.95941355768,0.678302671163,-0.281110886518,decay
51.07,left,0.95924705667,0.678236789994,-0.281010266676,decay
51.08,left,0.959135916243,0.678170655372,-0.280965260871,decay
51.09,left,0.95908447439,0.678104171021,-0.280980303369,decay
51.1,left,0.959095957873,0.678037230582,-0.28105872729,decay
51.11,left,0.959172130543,0.677969725631,-0.281202404912,decay
51.12,left,0.959313607014,0.677901553787,-0.281412053227,decay
51.13,left,0.959520392528,0.677832627053,-0.281687765475,decay
51.14,left,0.959792305213,0.677762880551,-0.282029424662,decay
51.15,left,0.960129414169,0.677692280724,-0.282437133446,decay
51.16,left,0.960532127065,0.677620829738,-0.282911297328,decay
51.17,left,0.961000456746,0.677548563633,-0.283451893113,decay
51.18,left,0.961532934079,0.677475546111,-0.284057387968,decay
51.19,left,0.962125882381,0.677401861398,-0.284724020983,decay
51.2,left,0.96277293665,0.677327607487,-0.285445329163,decay
51.21,left,0.963464596776,0.677252889775,-0.286211707001,decay
51.22,left,0.964188400822,0.677177814951,-0.287010585871,decay
51.23,left,0.964929941864,0.677102485032,-0.287827456833,decay
51.24,left,0.965674036224,0.677026991405,-0.288647044819,decay
51.25,left,0.966405910199,0.676951409342,-0.289454500858,decay
51.26,left,0.967112716585,0.67687579463,-0.290236921955,decay
51.27,left,0.967784781818,0.676800183592,-0.290984598225,decay
51.28,left,0.968415796705,0.676724595458,-0.291691201247,decay
51.29,left,0.969002104088,0.676649035279,-0.292353068808,decay
51.3,left,0.969541559749,0.676573496693,-0.292968063056,decay
51.31,left,0.970032238271,0.676497964484,-0.293534273787,decay
51.32,left,0.970471499244,0.67642241701,-0.294049082234,decay
51.33,left,0.970855920723,0.676346828523,-0.294509092201,decay
51.34,left,0.971181831962,0.676271171428,-0.294910660533,decay
51.35,left,0.971445898265,0.676195418418,-0.295250479847,decay
51.36,left,0.971645775176,0.676119544196,-0.29552623098,decay
51.37,left,0.971780786796,0.676043526569,-0.295737260227,decay
51.38,left,0.971851907075,0.675967347131,-0.295884559944,decay
51.39,left,0.971860755204,0.675890991887,-0.295969763316,decay
51.4,left,0.971808321451,0.675814451978,-0.295993869473,decay
51.41,left,0.971693853706,0.675737724523,-0.295956129183,decay
51.42,left,0.97151392916,0.675660813616,-0.295853115544,decay
51.43,left,0.971262344621,0.675583731464,-0.295678613157,decay
51.44,left,0.97093126126,0.675506499714,-0.295424761546,decay
51.45,left,0.97051295431,0.675429150651,-0.295083803659,decay
51.46,left,0.970001429635,0.675351727338,-0.294649702298,decay
51.47,left,0.969393702193,0.675274281957,-0.294119420236,decay
51.48,left,0.968690405908,0.675196872876,-0.293493533033,decay
51.49,left,0.967895386155,0.675119561362,-0.292775824792,decay
51.5,left,0.967014824633,0.67504240831,-0.291972416324,decay
51.51,left,0.966056776316,0.674965470925,-0.291091305391,decay
51.52,left,0.965031011016,0.674888799324,-0.290142211691,decay
51.53,left,0.963948690196,0.674812432956,-0.289136257239,decay
51.54,left,0.962822026442,0.674736396797,-0.288085629645,decay
51.55,left,0.961663846967,0.674660697862,-0.287003149104,decay
51.56,left,0.960486692012,0.674585323935,-0.285901368077,decay
51.57,left,0.959301958913,0.674510245944,-0.284791712968,decay
51.58,left,0.958119871019,0.674435422933,-0.283684448087,decay
51.59,left,0.956950127239,0.674360807658,-0.282589319581,decay
51.6,left,0.955802704625,0.674286352107,-0.281516352518,decay
51.61,left,0.954688612967,0.674212012947,-0.280476600021,decay
51.62,left,0.953620314922,0.674137757004,-0.279482557919,decay
51.63,left,0.952611301467,0.674063566878,-0.278547734589,decay
51.64,left,0.951674946622,0.673989446786,-0.277685499836,decay
51.65,left,0.950823415844,0.673915428074,-0.27690798777,decay
51.66,left,0.950066776517,0.673841572484,-0.276225204034,decay
51.67,left,0.949411934303,0.673767971696,-0.275643962607,decay
51.68,left,0.948861805607,0.673694744275,-0.275167061332,decay
51.69,left,0.948415387534,0.673622032042,-0.274793355492,decay
51.7,left,0.9480685355,0.673549996649,-0.274518538851,decay
51.71,left,0.947815101867,0.673478816331,-0.274336285535,decay
51.72,left,0.94764831372,0.673408682756,-0.274239630963,decay
51.73,left,0.947561807401,0.673339797868,-0.274222009534,decay
51.74,left,0.947549781413,0.673272370625,-0.274277410788,decay
51.75,left,0.94760668724,0.673206613542,-0.274400073698,decay
51.76,left,0.947727039246,0.673142738911,-0.274584300336,decay
51.77,left,0.947905201145,0.673080954588,-0.274824246557,decay
51.78,left,0.948135175286,0.67302145924,-0.275113716046,decay
51.79,left,0.948411054813,0.672964436912,-0.275446617902,decay
51.8,left,0.94872801359,0.672910050791,-0.275817962799,decay
51.81,left,0.949082724065,0.672858436015,-0.27622428805,decay
51.82,left,0.949472950376,0.672809691381,-0.276663258995,decay
51.83,left,0.949896958973,0.672763869779,-0.277133089194,decay
51.84,left,0.950352864876,0.672720967179,-0.277631897697,decay
51.85,left,0.950837938838,0.672680912034,-0.278157026804,decay
51.86,left,0.951348343934,0.672643561304,-0.27870478263,decay
51.87,left,0.951879298065,0.672608707817,-0.279270590248,decay
51.88,left,0.952425172923,0.672576095506,-0.279849077418,decay
51.89,left,0.952979546289,0.672545436196,-0.280434110093,decay
51.9,left,0.953535660592,0.672516425553,-0.28101923504,decay
51.91,left,0.954087233258,0.672488758284,-0.281598474974,decay
51.92,left,0.954629090973,0.672462142909,-0.282166948064,decay
51.93,left,0.955157540886,0.672436316408,-0.282721224478,decay
51.94,left,0.955670598564,0.672411059061,-0.283259539504,decay
51.95,left,0.956167781444,0.672386207989,-0.283781573456,decay
51.96,left,0.956649591787,0.672361664179,-0.284287927609,decay
51.97,left,0.957117321999,0.672337388988,-0.284779933011,decay
51.98,left,0.95757303122,0.672313393259,-0.285259637961,decay
51.99,left,0.958019079767,0.672289724591,-0.285729355176,decay
52,left,0.958457340345,0.672266454917,-0.286190885428,decay
52.01,left,0.958888474418,0.672243668389,-0.286644806028,decay
52.02,left,0.959311261872,0.672221449352,-0.28708981252,decay
52.03,left,0.959722142262,0.672199870198,-0.287522272064,decay
52.04,left,0.960115369172,0.672178978894,-0.287936390278,decay
52.05,left,0.960483633166,0.672158787311,-0.288324845856,decay
52.06,left,0.960818713814,0.672139264377,-0.288679449437,decay
52.07,left,0.961112208153,0.672120337097,-0.288991871056,decay
52.08,left,0.961356447733,0.672101897058,-0.289254550674,decay
52.09,left,0.961545127838,0.672083808181,-0.289461319657,decay
52.1,left,0.96167331561,0.672065914063,-0.289607401547,decay
52.11,left,0.961737465638,0.672048044914,-0.289689420724,decay
52.12,left,0.961735958587,0.672030024233,-0.289705934354,decay
52.13,left,0.961669672248,0.672011675366,-0.289657996883,decay
52.14,left,0.96154219296,0.671992828107,-0.289549364853,decay
52.15,left,0.96135971277,0.671973324829,-0.289386387941,decay
52.16,left,0.961130328117,0.671953024239,-0.289177303878,decay
52.17,left,0.960862649937,0.671931801351,-0.288930848587,decay
52.18,left,0.960564426629,0.671909544852,-0.288654881777,decay
52.19,left,0.960241768757,0.671886153981,-0.288355614777,decay
52.2,left,0.959898869725,0.671861535747,-0.288037333978,decay
52.21,left,0.959538279881,0.671835602571,-0.28770267731,decay
52.22,left,0.959162026077,0.671808270312,-0.287353755765,decay
52.23,left,0.958772959827,0.671779456679,-0.286993503148,decay
52.24,left,0.95837531955,0.671749080031,-0.286626239519,decay
52.25,left,0.957974529086,0.671717058623,-0.286257470463,decay
52.26,left,0.957576742425,0.671683310567,-0.285893431859,decay
52.27,left,0.957188203522,0.671647754665,-0.285540448857,decay
52.28,left,0.95681464199,0.671610312055,-0.285204329935,decay
52.29,left,0.956461137287,0.671570908447,-0.28489022884,decay
52.3,left,0.956132208303,0.671529476909,-0.284602731395,decay
52.31,left,0.955831684854,0.671485961277,-0.284345723577,decay
52.32,left,0.95556266069,0.671440320234,-0.284122340457,decay
52.33,left,0.955327758787,0.67139253215,-0.283935226637,decay
52.34,left,0.95512911363,0.671342600768,-0.283786512862,decay
52.35,left,0.954967879464,0.671290560882,-0.283677318581,decay
52.36,left,0.954844051968,0.671236481118,-0.28360757085,decay
52.37,left,0.954756720065,0.671180461644,-0.283576258421,decay
52.38,left,0.954703878472,0.671122628448,-0.283581250024,decay
52.39,left,0.95468180533,0.671063127122,-0.283618678208,decay
52.4,left,0.954684883004,0.671002117319,-0.283682765685,decay
52.41,left,0.954706029164,0.670939767846,-0.283766261318,decay
52.42,left,0.954737429469,0.670876252275,-0.283861177194,decay
52.43,left,0.954771514731,0.670811744979,-0.283959769752,decay
52.44,left,0.954801819645,0.670746417465,-0.284055402181,decay
52.45,left,0.954823175095,0.67068043503,-0.284142740064,decay
52.46,left,0.954831457022,0.670613954031,-0.284217502992,decay
52.47,left,0.954823466718,0.670547119935,-0.284276346783,decay
52.48,left,0.954796779698,0.670480065901,-0.284316713796,decay
52.49,left,0.954749237604,0.670412911419,-0.284336326185,decay
52.5,left,0.954678603966,0.670345760805,-0.284332843161,decay
52.51,left,0.954582780349,0.670278701483,-0.284304078866,decay
52.52,left,0.954460002322,0.670211801999,-0.284248200323,decay
52.53,left,0.954308849837,0.670145109714,-0.284163740123,decay
52.54,left,0.954128812117,0.670078648124,-0.284050163993,decay
52.55,left,0.953921500838,0.670012414354,-0.283909086484,decay
52.56,left,0.953691868834,0.669946378663,-0.283745490172,decay
52.57,left,0.953449072826,0.669880487357,-0.283568585469,decay
52.58,left,0.953206612241,0.669814668101,-0.28339194414,decay
52.59,left,0.952981349569,0.669748835769,-0.2832325138,decay
52.6,left,0.952791844193,0.669682898141,-0.283108946052,decay
52.61,left,0.952656905845,0.669616761491,-0.283040144354,decay
52.62,left,0.952594523314,0.669550336183,-0.283044187132,decay
52.63,left,0.952620660845,0.669483542374,-0.283137118471,decay
52.64,left,0.952747898697,0.669416315951,-0.283331582747,decay
52.65,left,0.952984378386,0.669348614143,-0.283635764243,decay
52.66,left,0.953333075029,0.66928041887,-0.28405265616,decay
52.67,left,0.953791326974,0.669211736345,-0.284579590629,decay
52.68,left,0.95435113567,0.669142594104,-0.285208541566,decay
52.69,left,0.95500041024,0.669073037542,-0.285927372698,decay
52.7,left,0.955724516349,0.669003126773,-0.286721389576,decay
52.71,left,0.95650769906,0.668932933823,-0.287574765237,decay
52.72,left,0.957334257902,0.668862540106,-0.288471717796,decay
52.73,left,0.958189137462,0.668792034111,-0.28939710335,decay
52.74,left,0.959057996063,0.668721509264,-0.290336486799,decay
52.75,left,0.959927461685,0.668651061822,-0.291276399864,decay
52.76,left,0.960785815184,0.668580788593,-0.292205026591,decay
52.77,left,0.961623572644,0.668510784272,-0.293112788372,decay
52.78,left,0.962433802955,0.668441138428,-0.293992664527,decay
52.79,left,0.963212399258,0.668371932263,-0.294840466995,decay
52.8,left,0.963957796173,0.668303235143,-0.29565456103,decay
52.81,left,0.964669558933,0.668235100828,-0.296434458105,decay
52.82,left,0.965346597243,0.668167563334,-0.297179033909,decay
52.83,left,0.965986039305,0.668100632333,-0.297885406972,decay
52.84,left,0.966582692166,0.668034288027,-0.298548404139,decay
52.85,left,0.967128869316,0.667968476365,-0.299160392952,decay
52.86,left,0.9676148729,0.667903107513,-0.299711765387,decay
52.87,left,0.968030048492,0.667838059832,-0.30019198866,decay
52.88,left,0.9683640301,0.667773187718,-0.300590842382,decay
52.89,left,0.96860816248,0.667708330374,-0.300899832107,decay
52.9,left,0.968756907486,0.667643320407,-0.30111358708,decay
52.91,left,0.968808413646,0.667577992314,-0.301230421332,decay
52.92,left,0.968763956543,0.667512191043,-0.3012517655,decay
52.93,left,0.968627171253,0.667445780786,-0.301181390467,decay
52.94,left,0.968403810976,0.66737865421,-0.301025156766,decay
52.95,left,0.968101703161,0.667310741243,-0.300790961918,decay
52.96,left,0.967730527717,0.667242014386,-0.300488513331,decay
52.97,left,0.967301270987,0.667172488217,-0.30012878277,decay
52.98,left,0.966824943001,0.667102214943,-0.299722728057,decay
52.99,left,0.966310753329,0.667031279252,-0.299279474077,decay
53,left,0.965764890164,0.666959793742,-0.298805096423,decay
53.01,left,0.965190465609,0.666887894966,-0.298302570642,decay
53.02,left,0.964588244423,0.666815739993,-0.29777250443,decay
53.03,left,0.963957969772,0.666743503386,-0.297214466386,decay
53.04,left,0.963300074233,0.666671374532,-0.296628699701,decay
53.05,left,0.96261685942,0.666599555135,-0.296017304285,decay
53.06,left,0.961912578125,0.666528256516,-0.29538432161,decay
53.07,left,0.961192997217,0.666457696419,-0.294735300798,decay
53.08,left,0.960464989736,0.66638809539,-0.294076894346,decay
53.09,left,0.959736014448,0.666319672879,-0.293416341569,decay
53.1,left,0.959013670162,0.666252643075,-0.292761027087,decay
53.11,left,0.958305822949,0.666187210365,-0.292118612584,decay
53.12,left,0.957620919034,0.666123564283,-0.291497354751,decay
53.13,left,0.956967782016,0.66606187383,-0.290905908186,decay
53.14,left,0.956355072203,0.666002281009,-0.290352791195,decay
53.15,left,0.955790728343,0.665944894327,-0.289845834016,decay
53.16,left,0.955281169476,0.665889784819,-0.289391384657,decay
53.17,left,0.954830263432,0.66583698654,-0.288993276892,decay
53.18,left,0.954438593474,0.66578649998,-0.288652093494,decay
53.19,left,0.954103320385,0.665738295623,-0.288365024762,decay
53.2,left,0.953818433474,0.665692316545,-0.288126116929,decay
53.21,left,0.953575359931,0.665648480012,-0.287926879919,decay
53.22,left,0.953364028186,0.665606678106,-0.28775735008,decay
53.23,left,0.953173833728,0.665566777414,-0.287607056314,decay
53.24,left,0.952994039179,0.665528617808,-0.287465421371,decay
53.25,left,0.952814209226,0.66549201096,-0.287322198266,decay
53.26,left,0.952625246317,0.665456740602,-0.287168505715,decay
53.27,left,0.952420665813,0.665422566068,-0.286998099745,decay
53.28,left,0.952197590664,0.665389228103,-0.286808362561,decay
53.29,left,0.951957067399,0.665356455019,-0.28660061238,decay
53.3,left,0.951703293646,0.665323968522,-0.286379325125,decay
53.31,left,0.951441955982,0.665291489285,-0.286150466697,decay
53.32,left,0.951178615732,0.665258742443,-0.285919873289,decay
53.33,left,0.95091777785,0.665225463145,-0.285692314705,decay
53.34,left,0.950662556368,0.66519140234,-0.285471154028,decay
53.35,left,0.950415014522,0.665156332372,-0.285258682151,decay
53.36,left,0.950177395417,0.665120050767,-0.28505734465,decay
53.37,left,0.949953473315,0.665082381,-0.284871092315,decay
53.38,left,0.949748799742,0.665043171314,-0.284705628428,decay
53.39,left,0.949569755738,0.665002293457,-0.28456746228,decay
53.4,left,0.949422098249,0.664959642115,-0.284462456135,decay
53.41,left,0.949309377521,0.66491513512,-0.284394242401,decay
53.42,left,0.949231755496,0.664868714482,-0.284363041015,decay
53.43,left,0.949185888841,0.664820348254,-0.284365540586,decay
53.44,left,0.949165607084,0.664770033305,-0.284395573779,decay
53.45,left,0.949162714242,0.664717798341,-0.284444915901,decay
53.46,left,0.949168012655,0.664663705135,-0.28450430752,decay
53.47,left,0.949172736266,0.664607846375,-0.284564889891,decay
53.48,left,0.949169763256,0.664550341286,-0.28461942197,decay
53.49,left,0.949154143454,0.664491331145,-0.284662812308,decay
53.5,left,0.949123485839,0.664430975469,-0.28469251037,decay
53.51,left,0.949078558624,0.664369448878,-0.284709109746,decay
53.52,left,0.949023633052,0.664306938533,-0.284716694519,decay
53.53,left,0.948966428249,0.664243642066,-0.284722786183,decay
53.54,left,0.948917838294,0.66417976592,-0.284738072374,decay
53.55,left,0.94889113946,0.664115523797,-0.284775615664,decay
53.56,left,0.948900634219,0.664051134393,-0.284849499826,decay
53.57,left,0.948960355219,0.663986817795,-0.284973537424,decay
53.58,left,0.949082953093,0.663922790836,-0.285160162257,decay
53.59,left,0.949278282208,0.663859262041,-0.285419020168,decay
53.6,left,0.949551884241,0.663796426345,-0.285755457895,decay
53.61,left,0.949904188307,0.663734459472,-0.286169728835,decay
53.62,left,0.950330596774,0.663673511832,-0.286657084942,decay
53.63,left,0.950822112884,0.663613701803,-0.287208411081,decay
53.64,left,0.951366514203,0.663555108253,-0.287811405949,decay
53.65,left,0.951949951828,0.663497763259,-0.288452188569,decay
53.66,left,0.952558327502,0.663441648323,-0.289116679179,decay
53.67,left,0.953178255543,0.663386696615,-0.289791558928,decay
53.68,left,0.953797994521,0.663332799307,-0.290465195214,decay
53.69,left,0.95440810615,0.663279812543,-0.291128293608,decay
53.7,left,0.955001284298,0.663227563722,-0.291773720576,decay
53.71,left,0.955571649549,0.663175857095,-0.292395792454,decay
53.72,left,0.956114098729,0.663124478815,-0.292989619914,decay
53.73,left,0.956623862542,0.663073201557,-0.293550660985,decay
53.74,left,0.957096491043,0.663021788851,-0.294074702192,decay
53.75,left,0.957528521433,0.662969999195,-0.294558522238,decay
53.76,left,0.957918339794,0.66291758992,-0.295000749874,decay
53.77,left,0.95826633566,0.662864320818,-0.295402014843,decay
53.78,left,0.958574288886,0.662809957742,-0.295764331144,decay
53.79,left,0.958844662193,0.662754276444,-0.296090385749,decay
53.8,left,0.95907998499,0.662697066842,-0.296382918148,decay
53.81,left,0.959282304046,0.662638137836,-0.29664416621,decay
53.82,left,0.959453205843,0.662577322816,-0.296875883026,decay
53.83,left,0.959594501997,0.662514485986,-0.297080016011,decay
53.84,left,0.959708996573,0.662449529643,-0.297259466931,decay
53.85,left,0.959801220148,0.662382401286,-0.297418818862,decay
53.86,left,0.959878141517,0.662313096672,-0.297565044845,decay
53.87,left,0.959949190982,0.662241655867,-0.297707535114,decay
53.88,left,0.96002521357,0.662168154547,-0.297857059023,decay
53.89,left,0.960117009362,0.66209269452,-0.298024314843,decay
53.9,left,0.960234153588,0.662015395045,-0.298218758544,decay
53.91,left,0.96038407514,0.661936384917,-0.298447690223,decay
53.92,left,0.960571439967,0.661855795165,-0.298715644802,decay
53.93,left,0.960798201003,0.661773752214,-0.299024448789,decay
53.94,left,0.96106401847,0.661690371377,-0.299373647094,decay
53.95,left,0.96136640873,0.661605751145,-0.299760657585,decay
53.96,left,0.961700905844,0.661519970096,-0.300180935748,decay
53.97,left,0.962061795396,0.661433087764,-0.300628707632,decay
53.98,left,0.962443116343,0.661345148387,-0.301097967955,decay
53.99,left,0.962839595984,0.661256185576,-0.301583410408,decay
54,left,0.963247541359,0.661166227152,-0.302081314207,decay
54.01,left,0.96366517421,0.661075300154,-0.302589874057,decay
54.02,left,0.964091901646,0.660983436077,-0.303108465569,decay
54.03,left,0.964527124119,0.660890676433,-0.303636447685,decay
54.04,left,0.964969491763,0.6607970787,-0.304172413064,decay
54.05,left,0.9654165623,0.660702721983,-0.304713840317,decay
54.06,left,0.965864496232,0.6606077101,-0.305256786132,decay
54.07,left,0.966308024643,0.660512170315,-0.305795854328,decay
54.08,left,0.966740732283,0.660416249055,-0.306324483227,decay
54.09,left,0.967155267342,0.660320106958,-0.306835160384,decay
54.1,left,0.967543715256,0.660223914148,-0.307319801107,decay
54.11,left,0.967898552748,0.660127845725,-0.307770707023,decay
54.12,left,0.968213656889,0.660032077339,-0.308181579551,decay
54.13,left,0.968484858718,0.659936780748,-0.30854807797,decay
54.14,left,0.968710382757,0.659842119234,-0.308868263523,decay
54.15,left,0.96889112402,0.659748243246,-0.309142880773,decay
54.16,left,0.969030034903,0.659655287655,-0.309374747248,decay
54.17,left,0.969130654307,0.659563371647,-0.30956728266,decay
54.18,left,0.969195642447,0.659472600384,-0.309723042063,decay
54.19,left,0.969225755145,0.659383066863,-0.309842688282,decay
54.2,left,0.969219268923,0.659294853358,-0.309924415565,decay
54.21,left,0.969172199794,0.659208032374,-0.30996416742,decay
54.22,left,0.969079446378,0.659122667122,-0.309956779256,decay
54.23,left,0.968936200301,0.659038811489,-0.309897388812,decay
54.24,left,0.968739281142,0.658956509501,-0.309782771642,decay
54.25,left,0.968488706963,0.6588757946,-0.309612912363,decay
54.26,left,0.968188920309,0.658796689819,-0.30939223049,decay
54.27,left,0.967848548056,0.658719209668,-0.309129338388,decay
54.28,left,0.967478957846,0.658643363128,-0.308835594717,decay
54.29,left,0.967092536939,0.658569156662,-0.308523380277,decay
54.3,left,0.966700924075,0.658496596814,-0.30820432726,decay
54.31,left,0.966313515484,0.658425692397,-0.307887823086,decay
54.32,left,0.96593685943,0.6583564563,-0.30758040313,decay
54.33,left,0.965574779518,0.658288906943,-0.307285872575,decay
54.34,left,0.965228564997,0.658223069404,-0.307005495592,decay
54.35,left,0.964897272374,0.658158976108,-0.306738296266,decay
54.36,left,0.964578445609,0.658096666737,-0.306481778872,decay
54.37,left,0.964268829833,0.65803618709,-0.306232642743,decay
54.38,left,0.963964850995,0.657977587064,-0.30598726393,decay
54.39,left,0.963663496647,0.657920918069,-0.305742578578,decay
54.4,left,0.96336371126,0.657866229989,-0.305497481271,decay
54.41,left,0.96306749774,0.657813567627,-0.305253930113,decay
54.42,left,0.962780207595,0.657762966578,-0.305017241018,decay
54.43,left,0.962509868813,0.657714448438,-0.304795420375,decay
54.44,left,0.962265349395,0.657668015284,-0.30459733411,decay
54.45,left,0.962053762204,0.657623644154,-0.30443011805,decay
54.46,left,0.96187834975,0.657581284075,-0.304297065675,decay
54.47,left,0.96173772936,0.657540857559,-0.304196871801,decay
54.48,left,0.961626316961,0.657502265103,-0.304124051858,decay
54.49,left,0.961535682963,0.657465390072,-0.304070292892,decay
54.5,left,0.961456841937,0.657430102944,-0.304026738993,decay
54.51,left,0.961382648006,0.657396264922,-0.303986383084,decay
54.52,left,0.961309159858,0.657363730998,-0.303945428861,decay
54.53,left,0.961235886027,0.657332352551,-0.303903533476,decay
54.54,left,0.961165204035,0.657301979569,-0.303863224466,decay
54.55,left,0.961100909167,0.657272462576,-0.303828446591,decay
54.56,left,0.961046369425,0.657243654432,-0.303802714993,decay
54.57,left,0.961003214424,0.657215412133,-0.303787802291,decay
54.58,left,0.960970719841,0.657187598622,-0.30378312122,decay
54.59,left,0.960945511049,0.657160084591,-0.303785426458,decay
54.6,left,0.960921736414,0.657132750309,-0.303788986105,decay
54.61,left,0.960891953258,0.65710548751,-0.303786465748,decay
54.62,left,0.960848241936,0.657078201433,-0.303770040503,decay
54.63,left,0.960783144848,0.657050813046,-0.303732331801,decay
54.64,left,0.960690721909,0.657023261528,-0.303667460381,decay
54.65,left,0.960567656448,0.65699550657,-0.303572149878,decay
54.66,left,0.960413796636,0.656967529026,-0.30344626761,decay
54.67,left,0.960232162933,0.656939328776,-0.303292834157,decay
54.68,left,0.960028851332,0.656910920654,-0.303117930678,decay
54.69,left,0.959812520221,0.656882329956,-0.302930190265,decay
54.7,left,0.959593085018,0.656853588115,-0.302739496903,decay
54.71,left,0.959380111932,0.656824728514,-0.302555383418,decay
54.72,left,0.959181523933,0.656795782371,-0.302385741563,decay
54.73,left,0.959002927112,0.656766774615,-0.302236152496,decay
54.74,left,0.958847889919,0.656737719694,-0.302110170225,decay
54.75,left,0.958719093778,0.656708617707,-0.302010476071,decay
54.76,left,0.958619470804,0.656679452336,-0.301940018468,decay
54.77,left,0.958552543046,0.656650191665,-0.301902351381,decay
54.78,left,0.958522200257,0.656620791043,-0.301901409213,decay
54.79,left,0.958532390727,0.656591196479,-0.301941194248,decay
54.8,left,0.958586571417,0.656561347967,-0.30202522345,decay
54.81,left,0.958686999286,0.656531182782,-0.302155816503,decay
54.82,left,0.958834415185,0.656500638781,-0.302333776404,decay
54.83,left,0.959027966885,0.656469657803,-0.302558309082,decay
54.84,left,0.959264855699,0.656438189225,-0.302826666474,decay
54.85,left,0.959540039385,0.656406193251,-0.303133846134,decay
54.86,left,0.959846487411,0.656373642468,-0.303472844943,decay
54.87,left,0.960175747372,0.656340520559,-0.303835226813,decay
54.88,left,0.960518628999,0.656306819018,-0.304211809981,decay
54.89,left,0.960866194777,0.65627253343,-0.304593661347,decay
54.9,left,0.961210701809,0.6562376599,-0.304973041908,decay
54.91,left,0.961545878197,0.656202191641,-0.305343686555,decay
54.92,left,0.961866934625,0.656166115663,-0.305700818962,decay
54.93,left,0.96217103129,0.65612940951,-0.30604162178,decay
54.94,left,0.962457779124,0.65609203801,-0.306365741114,decay
54.95,left,0.96272912191,0.656053950365,-0.306675171545,decay
54.96,left,0.962988844033,0.656015078775,-0.306973765258,decay
54.97,left,0.963241843495,0.655975339495,-0.307266504,decay
54.98,left,0.963492876081,0.655934635663,-0.307558240418,decay
54.99,left,0.963745108831,0.655892860705,-0.307852248126,decay
55,left,0.963999036285,0.655849901877,-0.308149134408,decay
55.01,left,0.964251650093,0.655805643969,-0.308446006124,decay
55.02,left,0.964495954404,0.655759973281,-0.308735981123,decay
55.03,left,0.964721601883,0.655712781942,-0.309008819941,decay
55.04,left,0.964916795977,0.655663972675,-0.309252823302,decay
55.05,left,0.965070421536,0.655613463632,-0.309456957903,decay
55.06,left,0.965173559963,0.655561191872,-0.309612368091,decay
55.07,left,0.965220387469,0.655507114424,-0.309713273044,decay
55.08,left,0.965208310807,0.655451207844,-0.309757102963,decay
55.09,left,0.965137111721,0.655393467821,-0.3097436439,decay
55.1,left,0.965007706998,0.655333909497,-0.309673797502,decay
55.11,left,0.96482121598,0.655272568553,-0.309548647427,decay
55.12,left,0.964578257209,0.655209503077,-0.309368754132,decay
55.13,left,0.964278512115,0.655144796235,-0.309133715879,decay
55.14,left,0.963920921993,0.65507855977,-0.308842362223,decay
55.15,left,0.963504183407,0.655010937475,-0.308493245931,decay
55.16,left,0.96302686693,0.654942105926,-0.308084761003,decay
55.17,left,0.962487316369,0.654872270354,-0.307615046015,decay
55.18,left,0.961883897721,0.654801657147,-0.307082240574,decay
55.19,left,0.961215552899,0.65473050566,-0.306485047239,decay
55.2,left,0.960482350426,0.654659060315,-0.305823290111,decay
55.21,left,0.959686049138,0.654587562932,-0.305098486206,decay
55.22,left,0.958830451291,0.654516245079,-0.304314206213,decay
55.23,left,0.957921085434,0.654445320281,-0.303475765152,decay
55.24,left,0.956964593348,0.654374975901,-0.302589617447,decay
55.25,left,0.955968641102,0.654305365457,-0.301663275645,decay
55.26,left,0.954942189096,0.654236604199,-0.300705584898,decay
55.27,left,0.953895398081,0.654168770057,-0.299726628024,decay
55.28,left,0.952839054688,0.654101908252,-0.298737146436,decay
55.29,left,0.951783673888,0.654036036539,-0.297747637349,decay
55.3,left,0.950738395342,0.653971149872,-0.296767245469,decay
55.31,left,0.949710195859,0.653907224476,-0.295802971382,decay
55.32,left,0.948703973747,0.653844221358,-0.294859752388,decay
55.33,left,0.947723307391,0.653782089348,-0.293941218043,decay
55.34,left,0.946771384704,0.653720767708,-0.293050616995,decay
55.35,left,0.945852103081,0.653660188435,-0.292191914646,decay
55.36,left,0.944971166288,0.653600278453,-0.291370887835,decay
55.37,left,0.944136321247,0.653540961891,-0.290595359356,decay
55.38,left,0.943356483511,0.6534821624,-0.289874321111,decay
55.39,left,0.942640482217,0.653423805387,-0.28921667683,decay
55.4,left,0.941995965882,0.653365820149,-0.288630145733,decay
55.41,left,0.941428780626,0.653308141967,-0.288120638659,decay
55.42,left,0.940943280908,0.653250714195,-0.287692566713,decay
55.43,left,0.940543407208,0.653193490393,-0.287349916815,decay
55.44,left,0.940233574646,0.653136436572,-0.287097138075,decay
55.45,left,0.940018878452,0.653079533263,-0.286939345189,decay
55.46,left,0.939904879031,0.653022776517,-0.286882102513,decay
55.47,left,0.939896905587,0.65296617713,-0.286930728457,decay
55.48,left,0.939998513792,0.652909758622,-0.287088755171,decay
55.49,left,0.940209536671,0.652853554943,-0.287355981728,decay
55.5,left,0.940524795716,0.652797608259,-0.287727187458,decay
55.51,left,0.940933895703,0.65274196681,-0.288191928893,decay
55.52,left,0.941421939226,0.652686682807,-0.28873525642,decay
55.53,left,0.941971111502,0.652631810307,-0.289339301195,decay
55.54,left,0.942562706374,0.652577403034,-0.28998530334,decay
55.55,left,0.943178869333,0.652523512189,-0.290655357144,decay
55.56,left,0.943804012285,0.65247018454,-0.291333827745,decay
55.57,left,0.944426018413,0.652417460982,-0.292008557432,decay
55.58,left,0.945036703688,0.652365375352,-0.292671328337,decay
55.59,left,0.945631242514,0.652313953134,-0.293317289379,decay
55.6,left,0.946207163209,0.652263209883,-0.293943953326,decay
55.61,left,0.946763511474,0.652213149321,-0.294550362153,decay
55.62,left,0.947300162176,0.652163761082,-0.295136401094,decay
55.63,left,0.9478173393,0.652115018058,-0.295702321242,decay
55.64,left,0.948315709794,0.652066873315,-0.296248836479,decay
55.65,left,0.948796735789,0.652019257172,-0.296777478617,decay
55.66,left,0.949262586315,0.651972076396,-0.297290509919,decay
55.67,left,0.949715881417,0.651925217013,-0.297790664405,decay
55.68,left,0.950159813428,0.651878549663,-0.298281263765,decay
55.69,left,0.95059832268,0.651831935558,-0.298766387122,decay
55.7,left,0.951036047919,0.651785232308,-0.299250815611,decay
55.71,left,0.951478260922,0.651738299686,-0.299739961236,decay
55.72,left,0.951930642267,0.651691005437,-0.30023963683,decay
55.73,left,0.952398696198,0.651643231285,-0.300755464913,decay
55.74,left,0.952887160143,0.651594879238,-0.301292280904,decay
55.75,left,0.953399679914,0.651545877506,-0.301853802408,decay
55.76,left,0.953938497767,0.651496183522,-0.302442314245,decay
55.77,left,0.9545041827,0.651445782192,-0.303058400508,decay
55.78,left,0.955095968646,0.651394680838,-0.303701287809,decay
55.79,left,0.955712529679,0.651342903455,-0.304369626224,decay
55.8,left,0.95635227498,0.651290485325,-0.305061789656,decay
55.81,left,0.957013069988,0.651237467967,-0.305775602021,decay
55.82,left,0.957691936078,0.651183894357,-0.306508041721,decay
55.83,left,0.958384745731,0.651129804317,-0.307254941414,decay
55.84,left,0.959085803471,0.651075229991,-0.30801057348,decay
55.85,left,0.959787722547,0.651020191846,-0.308767530701,decay
55.86,left,0.960481857408,0.650964696695,-0.309517160713,decay
55.87,left,0.961159054178,0.650908738903,-0.310250315275,decay
55.88,left,0.961810634516,0.650852303885,-0.310958330631,decay
55.89,left,0.962429637758,0.650795372308,-0.31163426545,decay
55.9,left,0.963011850066,0.650737924405,-0.312273925661,decay
55.91,left,0.96355604703,0.6506799444,-0.31287610263,decay
55.92,left,0.964063546101,0.650621425125,-0.313442120976,decay
55.93,left,0.964537400222,0.650562372915,-0.313975027308,decay
55.94,left,0.96498114209,0.650502812839,-0.314478329251,decay
55.95,left,0.965397297958,0.65044279359,-0.314954504368,decay
55.96,left,0.965786484749,0.650382389635,-0.315404095114,decay
55.97,left,0.966147258695,0.650321698839,-0.315825559856,decay
55.98,left,0.966476248171,0.650260836885,-0.316215411287,decay
55.99,left,0.966768615404,0.650199930915,-0.316568684489,decay
56,left,0.967018918588,0.650139113309,-0.316879805279,decay
56.01,left,0.967221825801,0.650078515556,-0.317143310245,decay
56.02,left,0.967372475009,0.650018262089,-0.31735421292,decay
56.03,left,0.967466916785,0.649958463953,-0.317508452832,decay
56.04,left,0.967502662064,0.649899212177,-0.317603449887,decay
56.05,left,0.967478950121,0.649840571533,-0.317638378588,decay
56.06,left,0.967397030428,0.649782577125,-0.317614453303,decay
56.07,left,0.967260977122,0.649725235645,-0.317535741477,decay
56.08,left,0.967078534488,0.649668529851,-0.317410004637,decay
56.09,left,0.966861266292,0.649612423692,-0.3172488426,decay
56.1,left,0.966624065683,0.649556867067,-0.317067198616,decay
56.11,left,0.966383951663,0.649501800209,-0.316882151454,decay
56.12,left,0.966157840627,0.649447157781,-0.316710682846,decay
56.13,left,0.965959964885,0.649392872761,-0.316567092124,decay
56.14,left,0.965800055244,0.649338880194,-0.31646117505,decay
56.15,left,0.965682544193,0.649285120667,-0.316397423526,decay
56.16,left,0.965606591517,0.649231542919,-0.316375048598,decay
56.17,left,0.965566819012,0.649178105137,-0.316388713875,decay
56.18,left,0.965554265973,0.649124775341,-0.316429490632,decay
56.19,left,0.965556884722,0.649071531594,-0.316485353129,decay
56.2,left,0.96555976225,0.649018362303,-0.316541399947,decay
56.21,left,0.965545877423,0.648965266677,-0.316580610746,decay
56.22,left,0.965497374217,0.648912255321,-0.316585118895,decay
56.23,left,0.965396727395,0.648859351008,-0.316537376387,decay
56.24,left,0.965227851705,0.648806589604,-0.316421262101,decay
56.25,left,0.964977451123,0.648754020777,-0.316223430347,decay
56.26,left,0.964636295475,0.648701707192,-0.315934588283,decay
56.27,left,0.964200109791,0.648649721226,-0.315550388565,decay
56.28,left,0.963670156185,0.648598139847,-0.315072016338,decay
56.29,left,0.96305340579,0.648547038899,-0.31450636689,decay
56.3,left,0.962362049617,0.648496487222,-0.313865562395,decay
56.31,left,0.961612437467,0.648446540532,-0.313165896934,decay
56.32,left,0.960823572976,0.648397234965,-0.312426338011,decay
56.33,left,0.960015038392,0.648348580153,-0.311666458239,decay
56.34,left,0.959204748169,0.648300551729,-0.310904196439,decay
56.35,left,0.958407526363,0.648253084265,-0.310154442098,decay
56.36,left,0.957634699206,0.648206068107,-0.309428631099,decay
56.37,left,0.956893974313,0.648159352733,-0.308734621579,decay
56.38,left,0.95618943981,0.648112754686,-0.308076685123,decay
56.39,left,0.955522125112,0.648066066559,-0.307456058553,decay
56.4,left,0.954890976218,0.6480190657,-0.306871910518,decay
56.41,left,0.954293838096,0.647971522709,-0.306322315387,decay
56.42,left,0.95372848102,0.647923209889,-0.305805271132,decay
56.43,left,0.953193448152,0.647873909879,-0.305319538272,decay
56.44,left,0.952688217103,0.647823424634,-0.304864792469,decay
56.45,left,0.952212939003,0.647771584014,-0.304441354989,decay
56.46,left,0.951768476481,0.647718251252,-0.30405022523,decay
56.47,left,0.951356649569,0.647663323208,-0.303693326361,decay
56.48,left,0.950980193151,0.647606727153,-0.303373465998,decay
56.49,left,0.950642748795,0.647548417056,-0.303094331739,decay
56.5,left,0.950349249346,0.64748837062,-0.302860878727,decay
56.51,left,0.950106046423,0.647426587115,-0.302679459308,decay
56.52,left,0.949920436511,0.647363085998,-0.302557350513,decay
56.53,left,0.94980023155,0.647297906274,-0.302502325276,decay
56.54,left,0.949753414725,0.647231106616,-0.302522308109,decay
56.55,left,0.949787240181,0.647162765764,-0.302624474417,decay
56.56,left,0.949906950644,0.647092981871,-0.302813968772,decay
56.57,left,0.950114675432,0.647021869732,-0.3030928057,decay
56.58,left,0.950408581729,0.646949556605,-0.303459025125,decay
56.59,left,0.950782504643,0.646876177938,-0.303906326705,decay
56.6,left,0.951226438044,0.646801873478,-0.304424564566,decay
56.61,left,0.951727606708,0.64672678371,-0.305000822999,decay
56.62,left,0.95227152648,0.646651046551,-0.305620479929,decay
56.63,left,0.952843037155,0.646574794191,-0.306268242964,decay
56.64,left,0.953427468898,0.646498150014,-0.306929318883,decay
56.65,left,0.954011506592,0.646421225849,-0.307590280743,decay
56.66,left,0.954583522977,0.64634412054,-0.308239402437,decay
56.67,left,0.955133896241,0.646266920591,-0.308866975649,decay
56.68,left,0.955655312951,0.646189702253,-0.309465610698,decay
56.69,left,0.956142309976,0.646112533967,-0.310029776008,decay
56.7,left,0.956589986589,0.646035478735,-0.310554507854,decay
56.71,left,0.956992621425,0.645958596375,-0.31103402505,decay
56.72,left,0.95734275827,0.645881945719,-0.311460812551,decay
56.73,left,0.957631219546,0.645805586734,-0.311825632812,decay
56.74,left,0.957848479229,0.645729582613,-0.312118896616,decay
56.75,left,0.957986947266,0.645654001574,-0.312332945692,decay
56.76,left,0.958042915091,0.645578917563,-0.312463997528,decay
56.77,left,0.958017504626,0.645504409234,-0.312513095392,decay
56.78,left,0.957916855011,0.645430557646,-0.312486297365,decay
56.79,left,0.957751535601,0.645357443464,-0.312394092138,decay
56.8,left,0.957535047713,0.645285143966,-0.312249903747,decay
56.81,left,0.957282170531,0.645213729809,-0.312068440722,decay
56.82,left,0.95700790349,0.645143261483,-0.311864642007,decay
56.83,left,0.956726541001,0.645073785382,-0.311652755618,decay
56.84,left,0.956450283664,0.645005329423,-0.311444954241,decay
56.85,left,0.956187712614,0.644937898829,-0.311249813786,decay
56.86,left,0.955942670319,0.644871474282,-0.311071196037,decay
56.87,left,0.955713859042,0.64480601407,-0.310907844972,decay
56.88,left,0.955495459569,0.644741459,-0.310754000569,decay
56.89,left,0.95527878729,0.644677737831,-0.310601049459,decay
56.9,left,0.955054407581,0.644614772377,-0.310439635204,decay
56.91,left,0.954814147349,0.644552482285,-0.310261665064,decay
56.92,left,0.954552945299,0.644490789588,-0.310062155711,decay
56.93,left,0.954270079175,0.644429623129,-0.309840456046,decay
56.94,left,0.953968797532,0.644368922941,-0.309599874591,decay
56.95,left,0.953654575809,0.644308644228,-0.309345931581,decay
56.96,left,0.953333369908,0.644248759653,-0.309084610255,decay
56.97,left,0.953010493309,0.644189258941,-0.308821234368,decay
56.98,left,0.952689943616,0.644130146598,-0.308559797018,decay
56.99,left,0.9523742581,0.64407143912,-0.30830281898,decay
57,left,0.952064902015,0.644013162246,-0.308051739769,decay
57.01,left,0.951762793726,0.64395534826,-0.307807445466,decay
57.02,left,0.951468798486,0.643898033278,-0.307570765208,decay
57.03,left,0.95118419843,0.643841254491,-0.307342943939,decay
57.04,left,0.9509107234,0.643785047288,-0.307125676112,decay
57.05,left,0.95064988218,0.643729442563,-0.306920439618,decay
57.06,left,0.950402357885,0.643674465196,-0.306727892689,decay
57.07,left,0.950168246363,0.643620134489,-0.306548111873,decay
57.08,left,0.949947796109,0.643566465923,-0.306381330186,decay
57.09,left,0.949742238779,0.643513473196,-0.306228765583,decay
57.1,left,0.949554835999,0.6434611701,-0.306093665899,decay
57.11,left,0.949391665686,0.64340957223,-0.305982093456,decay
57.12,left,0.949261363625,0.643358698543,-0.305902665082,decay
57.13,left,0.949174110478,0.6433085728,-0.305865537678,decay
57.14,left,0.949140515173,0.643259224898,-0.305881290275,decay
57.15,left,0.949170318115,0.643210691842,-0.305959626273,decay
57.16,left,0.949270926369,0.643163017538,-0.306107908831,decay
57.17,left,0.94944624117,0.643116250762,-0.306329990408,decay
57.18,left,0.949695856027,0.643070441749,-0.306625414278,decay
57.19,left,0.950014485026,0.643025638185,-0.30698884684,decay
57.2,left,0.950392049057,0.642981880893,-0.307410168165,decay
57.21,left,0.950814852294,0.64293919915,-0.307875653144,decay
57.22,left,0.951267264287,0.642897605569,-0.308369658719,decay
57.23,left,0.951733120746,0.642857090438,-0.308876030308,decay
57.24,left,0.952196925299,0.642817615441,-0.309379309858,decay
57.25,left,0.952644882361,0.64277910757,-0.309865774791,decay
57.26,left,0.953065330512,0.642741456037,-0.310323874475,decay
57.27,left,0.953448833218,0.642704514288,-0.31074431893,decay
57.28,left,0.95378848762,0.642668105549,-0.311120382071,decay
57.29,left,0.954080176946,0.642632029055,-0.311448147891,decay
57.3,left,0.954322448278,0.64259606587,-0.311726382408,decay
57.31,left,0.954516324665,0.642559984324,-0.311956340341,decay
57.32,left,0.954665105352,0.642523545241,-0.312141560111,decay
57.33,left,0.954773798537,0.642486507062,-0.312287291476,decay
57.34,left,0.954848402283,0.642448631025,-0.312399771258,decay
57.35,left,0.954895704125,0.642409686248,-0.312486017876,decay
57.36,left,0.954923552446,0.642369453914,-0.312554098532,decay
57.37,left,0.954941095109,0.642327729998,-0.312613365111,decay
57.38,left,0.954959029396,0.64228432716,-0.312674702235,decay
57.39,left,0.954989822627,0.64223907685,-0.312750745777,decay
57.4,left,0.955047256319,0.64219183209,-0.312855424229,decay
57.41,left,0.9551451286,0.64214247107,-0.31300265753,decay
57.42,left,0.955295668482,0.642090901639,-0.313204766843,decay
57.43,left,0.95550797858,0.642037066796,-0.313470911785,decay
57.44,left,0.955786668831,0.641980951288,-0.313805717542,decay
57.45,left,0.956131213724,0.64192258818,-0.314208625544,decay
57.46,left,0.956536317581,0.641862061528,-0.314674256054,decay
57.47,left,0.956992751446,0.641799502256,-0.31519324919,decay
57.48,left,0.957488169064,0.641735079397,-0.315753089667,decay
57.49,left,0.958008135427,0.6416689906,-0.316339144827,decay
57.5,left,0.958537436576,0.641601453434,-0.316935983142,decay
57.51,left,0.959061265265,0.64153269741,-0.317528567856,decay
57.52,left,0.959566382533,0.641462956563,-0.31810342597,decay
57.53,left,0.960042509626,0.641392462416,-0.31865004721,decay
57.54,left,0.96048325719,0.641321437141,-0.319161820049,decay
57.55,left,0.96088579198,0.641250087358,-0.319635704622,decay
57.56,left,0.961249547384,0.641178600222,-0.320070947162,decay
57.57,left,0.961574662333,0.641107143055,-0.320467519278,decay
57.58,left,0.961860420019,0.641035865435,-0.320824554583,decay
57.59,left,0.962104091279,0.640964901836,-0.321139189443,decay
57.6,left,0.962300706975,0.640894374055,-0.321406332919,decay
57.61,left,0.962443552141,0.640824393359,-0.321619158781,decay
57.62,left,0.962524827577,0.640755062355,-0.321769765222,decay
57.63,left,0.962536645937,0.640686476585,-0.321850169352,decay
57.64,left,0.962472563067,0.64061872585,-0.321853837217,decay
57.65,left,0.962328903111,0.640551895157,-0.321777007955,decay
57.66,left,0.962105385734,0.640486064986,-0.321619320748,decay
57.67,left,0.961805467738,0.640421310644,-0.321384157094,decay
57.68,left,0.961436397495,0.640357700833,-0.321078696662,decay
57.69,left,0.96100863002,0.64029529571,-0.32071333431,decay
57.7,left,0.960535070563,0.640234144508,-0.320300926055,decay
57.71,left,0.960030695594,0.640174282691,-0.319856412903,decay
57.72,left,0.959512196833,0.640115728563,-0.31939646827,decay
57.73,left,0.95899727978,0.640058479297,-0.318938800483,decay
57.74,left,0.958503805714,0.640002506286,-0.318501299428,decay
57.75,left,0.958048731017,0.639947750642,-0.318100980374,decay
57.76,left,0.957646569018,0.639894121467,-0.317752447551,decay
57.77,left,0.957307852988,0.639841498917,-0.317466354071,decay
57.78,left,0.957038389284,0.639789740589,-0.317248648695,decay
57.79,left,0.956839187664,0.639738688555,-0.317100499108,decay
57.8,left,0.956706805616,0.639688176034,-0.317018629581,decay
57.81,left,0.956634562614,0.639638033738,-0.316996528876,decay
57.82,left,0.956614566837,0.63958809605,-0.317026470787,decay
57.83,left,0.95663955976,0.639538207166,-0.317101352594,decay
57.84,left,0.956704053307,0.639488227338,-0.31721582597,decay
57.85,left,0.956804891983,0.639438038634,-0.31736685335,decay
57.86,left,0.956941123505,0.639387548104,-0.317553575402,decay
57.87,left,0.957113141437,0.639336686729,-0.317776454708,decay
57.88,left,0.957321664071,0.639285405461,-0.318036258609,decay
57.89,left,0.957566920714,0.639233670623,-0.318333250091,decay
57.9,left,0.95784773655,0.639181459577,-0.318666276973,decay
57.91,left,0.958160501613,0.639128756684,-0.319031744929,decay
57.92,left,0.958498669915,0.639075549491,-0.319423120424,decay
57.93,left,0.958852929637,0.639021825092,-0.319831104544,decay
57.94,left,0.959211640246,0.638967566611,-0.320244073635,decay
57.95,left,0.959561679572,0.638912750147,-0.320648929426,decay
57.96,left,0.959889836872,0.638857343391,-0.321032493481,decay
57.97,left,0.960184079901,0.638801306814,-0.321382773087,decay
57.98,left,0.960434191106,0.638744596756,-0.32168959435,decay
57.99,left,0.960631947971,0.638687169185,-0.321944778786,decay
58,left,0.960770916302,0.638628983662,-0.322141932639,decay
58.01,left,0.96084582714,0.638570007548,-0.322275819592,decay
58.02,left,0.960852050196,0.638510220515,-0.322341829681,decay
58.03,left,0.960785720316,0.638449619463,-0.322336100853,decay
58.04,left,0.960644224295,0.638388223903,-0.322256000391,decay
58.05,left,0.960426584853,0.638326081072,-0.322100503782,decay
58.06,left,0.960134072418,0.638263268247,-0.321870804171,decay
58.07,left,0.95977128003,0.638199890355,-0.321571389675,decay
58.08,left,0.959347015919,0.638136074279,-0.321210941639,decay
58.09,left,0.958874547805,0.638071962455,-0.320802585349,decay
58.1,left,0.95837137661,0.638007706728,-0.320363669882,decay
58.11,left,0.957858448161,0.63794346243,-0.319914985731,decay
58.12,left,0.95735862406,0.637879382555,-0.319479241505,decay
58.13,left,0.956894755622,0.637815611887,-0.319079143735,decay
58.14,left,0.956487521926,0.637752280962,-0.318735240963,decay
58.15,left,0.956152907643,0.63768950039,-0.318463407254,decay
58.16,left,0.955899930636,0.637627357473,-0.318272573163,decay
58.17,left,0.955729720395,0.637565916599,-0.318163803796,decay
58.18,left,0.955636148876,0.637505222208,-0.318130926668,decay
58.19,left,0.955607368356,0.637445302215,-0.318162066142,decay
58.2,left,0.955627993423,0.637386171073,-0.31824182235,decay
58.21,left,0.955681732,0.637327832419,-0.318353899581,decay
58.22,left,0.955753609362,0.637270281353,-0.318483328009,decay
58.23,left,0.955831345341,0.637213506383,-0.318617838958,decay
58.24,left,0.955906248308,0.637157491071,-0.318748757236,decay
58.25,left,0.95597348111,0.637102215344,-0.318871265766,decay
58.26,left,0.956031240524,0.637047656322,-0.318983584203,decay
58.27,left,0.956079331516,0.636993788551,-0.319085542966,decay
58.28,left,0.956117973469,0.636940583743,-0.319177389726,decay
58.29,left,0.956147045007,0.636888010221,-0.319259034786,decay
58.3,left,0.956165797682,0.636836032129,-0.319329765553,decay
58.31,left,0.956173146739,0.636784608425,-0.319388538315,decay
58.32,left,0.956168170463,0.636733691637,-0.319434478826,decay
58.33,left,0.95615030507,0.636683226385,-0.319467078685,decay
58.34,left,0.956119513148,0.636633147639,-0.31948636551,decay
58.35,left,0.956076843941,0.636583379059,-0.319493464883,decay
58.36,left,0.956024837956,0.636533832435,-0.319491005521,decay
58.37,left,0.95596731014,0.636484409027,-0.319482901113,decay
58.38,left,0.955909106205,0.636435002256,-0.319474103949,decay
58.39,left,0.955856158307,0.636385500717,-0.31947065759,decay
58.4,left,0.955815227015,0.636335791159,-0.319479435856,decay
58.41,left,0.955792985959,0.636285761454,-0.319507224504,decay
58.42,left,0.955794644293,0.636235303637,-0.319559340656,decay
58.43,left,0.955822280789,0.636184317093,-0.319637963696,decay
58.44,left,0.955873467624,0.636132711966,-0.319740755658,decay
58.45,left,0.955941105421,0.636080412492,-0.319860692929,decay
58.46,left,0.956014516812,0.636027359134,-0.319987157677,decay
58.47,left,0.956080817498,0.635973508692,-0.320107308806,decay
58.48,left,0.956125927087,0.635918833064,-0.320207094023,decay
58.49,left,0.956135499463,0.63586331791,-0.320272181553,decay
58.5,left,0.956095854307,0.635806961684,-0.320288892623,decay
58.51,left,0.9559945407,0.635749775086,-0.320244765613,decay
58.52,left,0.955820777572,0.635691780921,-0.320128996651,decay
58.53,left,0.955566175443,0.635633014348,-0.319933161095,decay
58.54,left,0.955225422561,0.63557352354,-0.319651899022,decay
58.55,left,0.954796863866,0.635513370454,-0.319283493412,decay
58.56,left,0.954283455073,0.635452630886,-0.318830824187,decay
58.57,left,0.953693832718,0.635391393112,-0.318302439606,decay
58.58,left,0.95304257252,0.635329755609,-0.317712816911,decay
58.59,left,0.952349370356,0.635267824651,-0.317081545706,decay
58.6,left,0.951637481389,0.635205712097,-0.316431769292,decay
58.61,left,0.950931500492,0.635143533356,-0.315787967137,decay
58.62,left,0.950254745899,0.635081405431,-0.315173340468,decay
58.63,left,0.949627135398,0.635019445027,-0.314607690371,decay
58.64,left,0.949063903,0.634957766623,-0.314106136377,decay
58.65,left,0.948574680129,0.634896480657,-0.313678199473,decay
58.66,left,0.948163120192,0.634835692273,-0.313327427919,decay
58.67,left,0.947827621617,0.634775501028,-0.313052120589,decay
58.68,left,0.947562680921,0.634716001172,-0.312846679749,decay
58.69,left,0.947360200332,0.634657281967,-0.312702918364,decay
58.7,left,0.947210821234,0.634599427761,-0.312611393473,decay
58.71,left,0.947105116384,0.634542517787,-0.312562598596,decay
58.72,left,0.947033971835,0.634486625674,-0.312547346161,decay
58.73,left,0.946988230365,0.634431818617,-0.312556411749,decay
58.74,left,0.946958417067,0.634378156204,-0.312580260863,decay
58.75,left,0.946934883157,0.634325689131,-0.312609194026,decay
58.76,left,0.946908259961,0.634274458665,-0.312633801296,decay
58.77,left,0.946870324218,0.634224497523,-0.312645826694,decay
58.78,left,0.946814994902,0.634175831641,-0.312639163261,decay
58.79,left,0.946738584934,0.634128481929,-0.312610103005,decay
58.8,left,0.946639207621,0.634082465658,-0.312556741962,decay
58.81,left,0.946516266096,0.634037797459,-0.312478468637,decay
58.82,left,0.946370447779,0.633994489936,-0.312375957843,decay
58.83,left,0.946203970417,0.633952553923,-0.312251416494,decay
58.84,left,0.946021076309,0.633911998355,-0.312109077954,decay
58.85,left,0.94582863411,0.633872829866,-0.311955804243,decay
58.86,left,0.945636250921,0.633835052404,-0.311801198517,decay
58.87,left,0.94545576795,0.633798667058,-0.311657100891,decay
58.88,left,0.945300530781,0.633763671947,-0.311536858834,decay
58.89,left,0.945184356438,0.633730061845,-0.311454294593,decay
58.9,left,0.945119931038,0.633697827419,-0.311422103619,decay
58.91,left,0.945117200905,0.633666954045,-0.31145024686,decay
58.92,left,0.945182552613,0.633637420206,-0.311545132406,decay
58.93,left,0.945318632664,0.633609195429,-0.311709437235,decay
58.94,left,0.945524506596,0.633582237746,-0.31194226885,decay
58.95,left,0.94579649739,0.633556490976,-0.312240006414,decay
58.96,left,0.946129575794,0.633531882805,-0.312597692989,decay
58.97,left,0.946518529557,0.633508324414,-0.313010205143,decay
58.98,left,0.946958586211,0.633485711093,-0.313472875118,decay
58.99,left,0.947445500489,0.633463922811,-0.313981577678,decay
59,left,0.947974890688,0.633442824337,-0.314532066351,decay
59.01,left,0.948540948333,0.633422264925,-0.315118683407,decay
59.02,left,0.949135318911,0.633402077571,-0.31573324134,decay
59.03,left,0.949746672715,0.633382077881,-0.316364594834,decay
59.04,left,0.950360770984,0.633362062573,-0.316998708411,decay
59.05,left,0.950961038277,0.633341808176,-0.317619230101,decay
59.06,left,0.951530111474,0.633321071641,-0.318209039833,decay
59.07,left,0.952052112282,0.633299594206,-0.318752518076,decay
59.08,left,0.952514655221,0.633277107668,-0.319237547553,decay
59.09,left,0.952910204158,0.633253341468,-0.31965686269,decay
59.1,left,0.953236731496,0.633228030063,-0.320008701433,decay
59.11,left,0.953497311975,0.633200920696,-0.320296391279,decay
59.12,left,0.953698856486,0.633171781751,-0.320527074735,decay
59.13,left,0.953850852559,0.633140411904,-0.320710440655,decay
59.14,left,0.953964350481,0.633106650252,-0.320857700229,decay
59.15,left,0.954050852732,0.633070386145,-0.320980466588,decay
59.16,left,0.954121276576,0.633031564202,-0.321089712374,decay
59.17,left,0.954185336785,0.632990181128,-0.321195155656,decay
59.18,left,0.95425096979,0.632946276956,-0.321304692834,decay
59.19,left,0.954323414469,0.632899925431,-0.321423489038,decay
59.2,left,0.954404411972,0.63285122541,-0.321553186562,decay
59.21,left,0.954491820555,0.632800293255,-0.321691527299,decay
59.22,left,0.954579300829,0.63274725611,-0.321832044719,decay
59.23,left,0.954656390995,0.632692245895,-0.3219641451,decay
59.24,left,0.954709742492,0.632635393916,-0.322074348576,decay
59.25,left,0.95472519309,0.632576826333,-0.322148366758,decay
59.26,left,0.954689769744,0.63251666155,-0.322173108194,decay
59.27,left,0.95459340281,0.632455010343,-0.322138392468,decay
59.28,left,0.954430367843,0.632391978011,-0.322038389832,decay
59.29,left,0.954200191481,0.632327667365,-0.321872524116,decay
59.3,left,0.953908051241,0.632262182062,-0.321645869178,decay
59.31,left,0.953564886927,0.632195630278,-0.321369256649,decay
59.32,left,0.95318686492,0.632128128742,-0.321058736178,decay
59.33,left,0.952793754542,0.632059807184,-0.320733947358,decay
59.34,left,0.952406693895,0.631990813214,-0.320415880681,decay
59.35,left,0.952046121949,0.631921316792,-0.320124805157,decay
59.36,left,0.951730014994,0.631851511485,-0.319878503509,decay
59.37,left,0.951472598775,0.631781610387,-0.319690988389,decay
59.38,left,0.951284046701,0.631711838175,-0.319572208526,decay
59.39,left,0.951170958605,0.631642422079,-0.319528536526,decay
59.4,left,0.951136885541,0.631573582749,-0.319563302792,decay
59.41,left,0.95118283683,0.63150552493,-0.3196773119,decay
59.42,left,0.951307889085,0.631438427741,-0.319869461344,decay
59.43,left,0.951509434769,0.631372434356,-0.320137000413,decay
59.44,left,0.951783074381,0.631307640875,-0.320475433507,decay
59.45,left,0.952123024572,0.631244085763,-0.320878938808,decay
59.46,left,0.952523324365,0.631181744642,-0.321341579723,decay
59.47,left,0.952979035996,0.631120534033,-0.321858501964,decay
59.48,left,0.953486805799,0.631060321314,-0.322426484485,decay
59.49,left,0.954044809299,0.631000935914,-0.323043873385,decay
59.5,left,0.954652017151,0.63094217983,-0.323709837321,decay
59.51,left,0.95530692569,0.630883837512,-0.324423088178,decay
59.52,left,0.956006640919,0.630825685309,-0.325180955609,decay
59.53,left,0.956746780718,0.630767500684,-0.325979280035,decay
59.54,left,0.957521666295,0.630709071391,-0.326812594904,decay
59.55,left,0.958324398503,0.630650204233,-0.32767419427,decay
59.56,left,0.959146800507,0.630590731665,-0.328556068842,decay
59.57,left,0.959979044563,0.630530515012,-0.329448529551,decay
59.58,left,0.960809078764,0.630469445454,-0.33033963331,decay
59.59,left,0.961622643058,0.630407444794,-0.331215198264,decay
59.6,left,0.962404251069,0.630344466854,-0.332059784215,decay
59.61,left,0.963138431403,0.630280499612,-0.332857931791,decay
59.62,left,0.963810625092,0.630215568125,-0.333595056967,decay
59.63,left,0.964407933282,0.630149738281,-0.334258195001,decay
59.64,left,0.964919765861,0.630083121439,-0.334836644422,decay
59.65,left,0.965338256575,0.630015878833,-0.335322377742,decay
59.66,left,0.965658848255,0.629948222056,-0.3357106262,decay
59.67,left,0.96588118614,0.629880406856,-0.336000779284,decay
59.68,left,0.966009538677,0.629812722177,-0.3361968165,decay
59.69,left,0.96605219615,0.629745478042,-0.336306718107,decay
59.7,left,0.966020090125,0.629678993616,-0.336341096509,decay
59.71,left,0.965924799996,0.629613585288,-0.336311214709,decay
59.72,left,0.965776081496,0.629549554528,-0.336226526968,decay
59.73,left,0.965579804897,0.629487175236,-0.336092629661,decay
59.74,left,0.965337190585,0.629426680306,-0.335910510279,decay
59.75,left,0.965045145328,0.629368248761,-0.335676896567,decay
59.76,left,0.964697204201,0.629311998256,-0.335385205945,decay
59.77,left,0.964285122,0.629257986605,-0.335027135394,decay
59.78,left,0.963800823881,0.629206219405,-0.334594604477,decay
59.79,left,0.96323787483,0.629156658638,-0.334081216192,decay
59.8,left,0.962592387452,0.629109230197,-0.333483157255,decay
59.81,left,0.961863799591,0.629063830289,-0.332799969303,decay
59.82,left,0.961055211036,0.629020330831,-0.332034880205,decay
59.83,left,0.960173052343,0.628978583956,-0.331194468387,decay
59.84,left,0.959226812235,0.628938425723,-0.330288386512,decay
59.85,left,0.958229310664,0.628899679131,-0.329329631533,decay
59.86,left,0.95719704052,0.628862156477,-0.328334884043,decay
59.87,left,0.95614997449,0.628825661126,-0.327324313365,decay
59.88,left,0.955110590406,0.62878998879,-0.326320601616,decay
59.89,left,0.954101953822,0.628754928406,-0.325347025416,decay
59.9,left,0.953145054348,0.628720262704,-0.324424791645,decay
59.91,left,0.952256362096,0.628685768518,-0.323570593579,decay
59.92,left,0.951446377379,0.62865121691,-0.322795160469,decay
59.93,left,0.950718893112,0.628616373159,-0.322102519953,decay
59.94,left,0.950070793652,0.628580996667,-0.321489796985,decay
59.95,left,0.949492914173,0.62854484103,-0.320948073143,decay
59.96,left,0.948971925589,0.628507654878,-0.320464270711,decay
59.97,left,0.948492629139,0.628469183965,-0.320023445175,decay
59.98,left,0.948040488883,0.628429174301,-0.319611314582,decay
59.99,left,0.947604178243,0.628387375874,-0.319216802369,decay
60,left,0.947177360392,0.628343546829,-0.318833813563,decay
60.01,left,0.946759339031,0.628297458233,-0.318461880798,decay
60.02,left,0.946354816774,0.628248899557,-0.318105917218,decay
60.03,left,0.945972623694,0.628197685012,-0.317774938682,decay
60.04,left,0.945623246892,0.628143660898,-0.317479585993,decay
60.05,left,0.945316063661,0.628086713113,-0.317229350548,decay
60.06,left,0.945057591219,0.628026771811,-0.317030819408,decay
60.07,left,0.9448510259,0.627963810949,-0.316887214951,decay
60.08,left,0.944696689618,0.627897844524,-0.316798845094,decay
60.09,left,0.944593277174,0.627828922743,-0.316764354431,decay
60.1,left,0.944539430978,0.627757129403,-0.316782301575,decay
60.11,left,0.944534633053,0.627682580541,-0.316852052512,decay
60.12,left,0.944579090702,0.62760542432,-0.316973666382,decay
60.13,left,0.944673022609,0.627525842114,-0.317147180495,decay
60.14,left,0.944815573551,0.627444050772,-0.317371522779,decay
60.15,left,0.945003734934,0.627360305026,-0.317643429907,decay
60.16,left,0.945232148789,0.627274896828,-0.317957251961,decay
60.17,left,0.945494074593,0.627188149144,-0.318305925449,decay
60.18,left,0.94578266927,0.627100405863,-0.318682263407,decay
60.19,left,0.946091841607,0.627012020885,-0.319079820721,decay
60.2,left,0.946416724451,0.626923347513,-0.319493376939,decay
60.21,left,0.946753696231,0.62683472798,-0.319918968252,decay
60.22,left,0.947099763148,0.62674648289,-0.320353280258,decay
60.23,left,0.947451891919,0.6266589003,-0.320792991619,decay
60.24,left,0.947806917093,0.626572224185,-0.321234692908,decay
60.25,left,0.948161754654,0.626486643605,-0.321675111048,decay
60.26,left,0.948513707727,0.626402287136,-0.322111420592,decay
60.27,left,0.948861031996,0.62631922605,-0.322541805946,decay
60.28,left,0.949203375985,0.626237483525,-0.32296589246,decay
60.29,left,0.949541596551,0.626157044996,-0.323384551556,decay
60.3,left,0.949877298886,0.626077867754,-0.323799431132,decay
60.31,left,0.950212551337,0.625999889781,-0.324212661555,decay
60.32,left,0.950549460257,0.62592303795,-0.324626422307,decay
60.33,left,0.950889463876,0.625847235758,-0.325042228119,decay
60.34,left,0.951233030728,0.625772410719,-0.325460620009,decay
60.35,left,0.951579947697,0.625698500993,-0.325881446703,decay
60.36,left,0.951929427382,0.625625459626,-0.326303967756,decay
60.37,left,0.952279867522,0.625553255166,-0.326726612357,decay
60.38,left,0.952628808194,0.625481869677,-0.327146938517,decay
60.39,left,0.952973037238,0.625411295951,-0.327561741287,decay
60.4,left,0.953308726449,0.625341534613,-0.327967191837,decay
60.41,left,0.953632045199,0.625272591143,-0.328359454056,decay
60.42,left,0.953940043794,0.625204472781,-0.328735571013,decay
60.43,left,0.954230891811,0.625137185243,-0.329093706569,decay
60.44,left,0.954503335063,0.62507072921,-0.329432605853,decay
60.45,left,0.954755975811,0.625005097018,-0.329750878793,decay
60.46,left,0.954986562382,0.624940271017,-0.330046291365,decay
60.47,left,0.955191298489,0.624876224715,-0.330315073773,decay
60.48,left,0.955364823919,0.624812925866,-0.330551898054,decay
60.49,left,0.955501261678,0.624750339971,-0.330750921707,decay
60.5,left,0.955595616971,0.62468843362,-0.330907183351,decay
60.51,left,0.955644903629,0.624627177662,-0.331017725966,decay
60.52,left,0.955649080397,0.624566550276,-0.33108253012,decay
60.53,left,0.955611509741,0.624506539992,-0.331104969749,decay
60.54,left,0.955538354857,0.62444714872,-0.331091206137,decay
60.55,left,0.955437073494,0.624388394453,-0.33104867904,decay
60.56,left,0.955314532698,0.624330312522,-0.330984220176,decay
60.57,left,0.95517507904,0.624272954527,-0.330902124513,decay
60.58,left,0.955019236496,0.624216385602,-0.330802850894,decay
60.59,left,0.954843855432,0.624160681159,-0.330683174274,decay
60.6,left,0.954643588203,0.624105923559,-0.330537664644,decay
60.61,left,0.954412680085,0.624052198673,-0.330360481412,decay
60.62,left,0.954146429056,0.623999592257,-0.330146836799,decay
60.63,left,0.95384223321,0.623948186072,-0.329894047138,decay
60.64,left,0.953499933683,0.623898053654,-0.329601880028,decay
60.65,left,0.9531214802,0.623849256202,-0.329272223998,decay
60.66,left,0.952710794447,0.623801840201,-0.328908954245,decay
60.67,left,0.952274110267,0.62375583802,-0.328518272247,decay
60.68,left,0.95181997109,0.62371127048,-0.32810870061,decay
60.69,left,0.951358516738,0.623668149693,-0.327690367045,decay
60.7,left,0.950900475835,0.623626481452,-0.327273994384,decay
60.71,left,0.950456091872,0.623586267162,-0.32686982471,decay
60.72,left,0.950034125266,0.623547505338,-0.326486619928,decay
60.73,left,0.949641427252,0.623510192686,-0.326131234567,decay
60.74,left,0.949283238629,0.623474324794,-0.325808913835,decay
60.75,left,0.948963596615,0.623439896456,-0.325523700159,decay
60.76,left,0.948685495704,0.623406901683,-0.325278594021,decay
60.77,left,0.948451149148,0.623375333436,-0.325075815712,decay
60.78,left,0.948262262877,0.623345183059,-0.324917079818,decay
60.79,left,0.948119881928,0.623316439346,-0.324803442582,decay
60.8,left,0.948024285433,0.623289087216,-0.324735198217,decay
60.81,left,0.947975463513,0.623263105969,-0.324712357544,decay
60.82,left,0.947973493317,0.623238467105,-0.324735026212,decay
60.83,left,0.948018172221,0.623215131677,-0.324803040544,decay
60.84,left,0.948108261542,0.623193047137,-0.324915214405,decay
60.85,left,0.94824061062,0.623172144127,-0.325068466494,decay
60.86,left,0.948409112561,0.623152334667,-0.325256777893,decay
60.87,left,0.948604060481,0.623133512874,-0.325470547607,decay
60.88,left,0.94881252955,0.623115557356,-0.325696972194,decay
60.89,left,0.949019363628,0.623098333834,-0.325921029794,decay
60.9,left,0.949208179673,0.623081697374,-0.326126482299,decay
60.91,left,0.949362578573,0.623065494282,-0.326297084291,decay
60.92,left,0.949467515206,0.623049563708,-0.326417951498,decay
60.93,left,0.949510120998,0.623033739025,-0.326476381974,decay
60.94,left,0.94947992532,0.623017849052,-0.326462076269,decay
60.95,left,0.949369144472,0.623001719193,-0.326367425279,decay
60.96,left,0.949173158129,0.622985172583,-0.326187985546,decay
60.97,left,0.948890985526,0.622968031338,-0.325922954188,decay
60.98,left,0.948525995437,0.622950117956,-0.32557587748,decay
60.99,left,0.948086769801,0.622931256885,-0.325155512916,decay
61,left,0.947587443606,0.622911276319,-0.324676167287,decay
61.01,left,0.947047277719,0.622890010295,-0.324157267424,decay
61.02,left,0.946489729027,0.622867301159,-0.323622427869,decay
61.03,left,0.94594101248,0.62284300249,-0.32309800999,decay
61.04,left,0.945428218004,0.622816982562,-0.322611235442,decay
61.05,left,0.944977615066,0.622789127986,-0.32218848708,decay
61.06,left,0.944613442326,0.622759346195,-0.321854096131,decay
61.07,left,0.94435654399,0.622727565787,-0.321628978203,decay
61.08,left,0.944222635072,0.622693735559,-0.321528899513,decay
61.09,left,0.944221085576,0.622657823703,-0.321563261873,decay
61.1,left,0.94435476391,0.622619817773,-0.321734946137,decay
61.11,left,0.944620730451,0.622579725485,-0.322041004967,decay
61.12,left,0.945011735131,0.622537576354,-0.322474158777,decay
61.13,left,0.945518233526,0.622493424208,-0.323024809318,decay
61.14,left,0.946129969068,0.622447350601,-0.323682618467,decay
61.15,left,0.946836592352,0.622399468224,-0.324437124128,decay
61.16,left,0.947627724269,0.622349921429,-0.32527780284,decay
61.17,left,0.948492748318,0.622298881657,-0.326193866661,decay
61.18,left,0.949420091922,0.622246539318,-0.327173552604,decay
61.19,left,0.950396326188,0.622193094994,-0.328203231194,decay
61.2,left,0.951406065847,0.622138751023,-0.329267314824,decay
61.21,left,0.952432854273,0.622083703389,-0.330349150884,decay
61.22,left,0.953460417596,0.622028133739,-0.331432283857,decay
61.23,left,0.954473938515,0.621972201349,-0.332501737165,decay
61.24,left,0.955460873978,0.62191603487,-0.333544839107,decay
61.25,left,0.956410664291,0.621859724717,-0.334550939574,decay
61.26,left,0.957313747738,0.621803319165,-0.335510428572,decay
61.27,left,0.958160917203,0.621746826494,-0.33641409071,decay
61.28,left,0.958943208285,0.62169022134,-0.337252986945,decay
61.29,left,0.959652079963,0.621633452053,-0.33801862791,decay
61.3,left,0.96028004085,0.621576447764,-0.338703593086,decay
61.31,left,0.960821627398,0.621519125206,-0.339302502191,decay
61.32,left,0.961274004823,0.621461395389,-0.339812609434,decay
61.33,left,0.961636828372,0.621403170268,-0.340233658104,decay
61.34,left,0.961911870474,0.621344369529,-0.340567500945,decay
61.35,left,0.962102802447,0.621284927017,-0.340817875429,decay
61.36,left,0.962215056392,0.621224795041,-0.34099026135,decay
61.37,left,0.962255954368,0.621163945236,-0.341092009132,decay
61.38,left,0.962235119572,0.621102367077,-0.341132752496,decay
61.39,left,0.962164350183,0.621040065982,-0.341124284201,decay
61.4,left,0.962056500683,0.620977061782,-0.341079438901,decay
61.41,left,0.961923983951,0.620913387599,-0.341010596352,decay
61.42,left,0.961777465852,0.620849089112,-0.34092837674,decay
61.43,left,0.961624989242,0.620784224192,-0.340840765051,decay
61.44,left,0.961472003864,0.620718862877,-0.340753140986,decay
61.45,left,0.9613224344,0.620653087427,-0.340669346973,decay
61.46,left,0.961179851375,0.620586991572,-0.340592859803,decay
61.47,left,0.961047853862,0.620520678325,-0.340527175537,decay
61.48,left,0.960929964929,0.620454256749,-0.34047570818,decay
61.49,left,0.960829459821,0.620387838496,-0.340441621325,decay
61.5,left,0.96074883457,0.620321534378,-0.340427300192,decay
61.51,left,0.960689053677,0.620255450928,-0.340433602749,decay
61.52,left,0.960649212349,0.620189686859,-0.34045952549,decay
61.53,left,0.960626452754,0.620124329352,-0.340502123402,decay
61.54,left,0.960615809262,0.620059450075,-0.340556359188,decay
61.55,left,0.96061050913,0.619995101447,-0.340615407683,decay
61.56,left,0.960602945929,0.619931314913,-0.340671631015,decay
61.57,left,0.96058563847,0.619868102558,-0.340717535913,decay
61.58,left,0.960551889454,0.619805461028,-0.340746428426,decay
61.59,left,0.960496515246,0.619743375932,-0.340753139315,decay
61.6,left,0.960416469879,0.619681825971,-0.340734643908,decay
61.61,left,0.96031081095,0.61962078684,-0.34069002411,decay
61.62,left,0.960180183728,0.61956023493,-0.340619948798,decay
61.63,left,0.960026174785,0.61950015092,-0.340526023866,decay
61.64,left,0.95985033458,0.619440523317,-0.340409811263,decay
61.65,left,0.959653085663,0.619381351541,-0.340271734122,decay
61.66,left,0.959433336925,0.619322647194,-0.340110689731,decay
61.67,left,0.959188818891,0.619264432474,-0.339924386416,decay
61.68,left,0.958916476493,0.619206736509,-0.339709739983,decay
61.69,left,0.958612869788,0.619149591019,-0.33946327877,decay
61.7,left,0.958274695345,0.619093025836,-0.339181669508,decay
61.71,left,0.957899042962,0.619037064263,-0.3388619787,decay
61.72,left,0.957483427849,0.618981718171,-0.338501709679,decay
61.73,left,0.957026268554,0.618926982779,-0.338099285775,decay
61.74,left,0.956527931481,0.618872831003,-0.337655100477,decay
61.75,left,0.955991788434,0.618819208336,-0.337172580098,decay
61.76,left,0.955424972711,0.618766031351,-0.33665894136,decay
61.77,left,0.954838725131,0.618713192233,-0.336125532898,decay
61.78,left,0.954247932202,0.618660567594,-0.335587364609,decay
61.79,left,0.953669712509,0.618608028432,-0.335061684078,decay
61.8,left,0.953121680252,0.618555450074,-0.334566230178,decay
61.81,left,0.952620347264,0.618502722157,-0.334117625107,decay
61.82,left,0.95217950003,0.618449758847,-0.333729741183,decay
61.83,left,0.951808803704,0.61839650948,-0.333412294224,decay
61.84,left,0.951513283721,0.618342969824,-0.333170313898,decay
61.85,left,0.951293660331,0.618289192462,-0.333004467869,decay
61.86,left,0.951147011839,0.618235291272,-0.332911720567,decay
61.87,left,0.951067558521,0.618181436141,-0.332886122381,decay
61.88,left,0.951047460563,0.618127840784,-0.332919619779,decay
61.89,left,0.951077291931,0.618074748826,-0.333002543106,decay
61.9,left,0.951146326404,0.618022420101,-0.333123906303,decay
61.91,left,0.951243276474,0.617971117084,-0.33327215939,decay
61.92,left,0.951357302294,0.617921091166,-0.333436211128,decay
61.93,left,0.951478464269,0.617872568505,-0.333605895765,decay
61.94,left,0.951597741867,0.617825735148,-0.33377200672,decay
61.95,left,0.951707177782,0.617780722734,-0.333926455047,decay
61.96,left,0.95179989851,0.617737599424,-0.334062299085,decay
61.97,left,0.951869886855,0.617696369576,-0.334173517279,decay
61.98,left,0.951912074991,0.617656979336,-0.334255095655,decay
61.99,left,0.951922873726,0.617619323124,-0.334303550602,decay
62,left,0.951900696893,0.617583249015,-0.334317447879,decay
62.01,left,0.951846405486,0.617548562952,-0.334297842534,decay
62.02,left,0.951763678949,0.617515031901,-0.334248647048,decay
62.03,left,0.951658769952,0.617482386034,-0.334176383918,decay
62.04,left,0.951539405401,0.617450320053,-0.334089085347,decay
62.05,left,0.951413617681,0.617418494322,-0.333995123359,decay
62.06,left,0.951289112582,0.617386537804,-0.333902574779,decay
62.07,left,0.951172929472,0.617354054332,-0.33381887514,decay
62.08,left,0.951071407576,0.617320631338,-0.333750776238,decay
62.09,left,0.950990702535,0.617285849321,-0.333704853215,decay
62.1,left,0.950937331604,0.617249291518,-0.333688040086,decay
62.11,left,0.950918141791,0.617210553957,-0.333707587834,decay
62.12,left,0.950939790383,0.617169256156,-0.333770534226,decay
62.13,left,0.951007861704,0.617125052745,-0.333882808958,decay
62.14,left,0.951125703168,0.617077646284,-0.334048056884,decay
62.15,left,0.951293714392,0.617026799943,-0.334266914449,decay
62.16,left,0.951509894302,0.616972345261,-0.334537549041,decay
62.17,left,0.951771344891,0.616914181375,-0.334857163516,decay
62.18,left,0.952075805041,0.616852268635,-0.335223536405,decay
62.19,left,0.952422901281,0.616786621769,-0.335636279512,decay
62.2,left,0.952815044228,0.616717304668,-0.336097739561,decay
62.21,left,0.953257351075,0.616644426888,-0.336612924188,decay
62.22,left,0.953756352844,0.616568141795,-0.337188211048,decay
62.23,left,0.954318225351,0.616488646298,-0.337829579053,decay
62.24,left,0.954947042577,0.61640618212,-0.338540860457,decay
62.25,left,0.955643079642,0.616321037646,-0.339322041996,decay
62.26,left,0.956401736286,0.616233547357,-0.340168188929,decay
62.27,left,0.957213648326,0.616144086559,-0.341069561768,decay
62.28,left,0.958065581542,0.616053062929,-0.342012518612,decay
62.29,left,0.958941582139,0.615960907706,-0.342980674433,decay
62.3,left,0.959824433439,0.615868067528,-0.343956365911,decay
62.31,left,0.960697171108,0.615774996806,-0.344922174301,decay
62.32,left,0.961544001997,0.615682150394,-0.345861851603,decay
62.33,left,0.962350701712,0.615589976315,-0.346760725398,decay
62.34,left,0.963105106816,0.615498908333,-0.347606198483,decay
62.35,left,0.963797501741,0.615409358704,-0.348388143037,decay
62.36,left,0.964420317967,0.615321712685,-0.349098605283,decay
62.37,left,0.96496760799,0.615236325956,-0.349731282034,decay
62.38,left,0.965435027199,0.615153523806,-0.350281503393,decay
62.39,left,0.965820148792,0.615073600088,-0.350746548703,decay
62.4,left,0.966122857199,0.614996815109,-0.35112604209,decay
62.41,left,0.966345847982,0.614923392254,-0.351422455728,decay
62.42,left,0.966494756142,0.614853513246,-0.351641242896,decay
62.43,left,0.966577385971,0.614787311898,-0.351790074073,decay
62.44,left,0.966602416266,0.61472486622,-0.351877550046,decay
62.45,left,0.966578178256,0.614666190267,-0.351911987989,decay
62.46,left,0.966511442554,0.614611230385,-0.351900212168,decay
62.47,left,0.966406369952,0.614559869413,-0.351846500539,decay
62.48,left,0.966264467081,0.614511936154,-0.351752530927,decay
62.49,left,0.966085531031,0.614467215333,-0.351618315698,decay
62.5,left,0.965868534062,0.614425456162,-0.351443077901,decay
62.51,left,0.965612173591,0.614386379538,-0.351225794053,decay
62.52,left,0.965315448562,0.61434968405,-0.350965764512,decay
62.53,left,0.964977961721,0.61431505096,-0.350662910761,decay
62.54,left,0.964599713364,0.614282148309,-0.350317565055,decay
62.55,left,0.964180911601,0.614250634387,-0.349930277215,decay
62.56,left,0.9637220145,0.614220160984,-0.349501853516,decay
62.57,left,0.963223751151,0.614190376774,-0.349033374377,decay
62.58,left,0.962687382477,0.614160930807,-0.34852645167,decay
62.59,left,0.962115515581,0.614131475962,-0.347984039619,decay
62.6,left,0.961512878495,0.614101672392,-0.347411206103,decay
62.61,left,0.960886383719,0.614071191075,-0.346815192644,decay
62.62,left,0.960244748012,0.614039717639,-0.346205030373,decay
62.63,left,0.959598076196,0.61400695657,-0.345591119626,decay
62.64,left,0.958957224175,0.613972635986,-0.344984588189,decay
62.65,left,0.958333006025,0.613936512452,-0.344396493573,decay
62.66,left,0.957735737032,0.613898374026,-0.343837363006,decay
62.67,left,0.957174968903,0.613858040132,-0.343316928771,decay
62.68,left,0.956659008966,0.613815359464,-0.342843649503,decay
62.69,left,0.956194551405,0.613770207969,-0.342424343436,decay
62.7,left,0.955786673236,0.613722487797,-0.342064185438,decay
62.71,left,0.955438791797,0.61367212727,-0.341766664527,decay
62.72,left,0.9551525748,0.613619081918,-0.341533492881,decay
62.73,left,0.954928293641,0.61356333661,-0.341364957031,decay
62.74,left,0.954765399749,0.613504908816,-0.341260490933,decay
62.75,left,0.954662621688,0.613443852225,-0.341218769464,decay
62.76,left,0.95461774664,0.613380258105,-0.341237488535,decay
62.77,left,0.954627590255,0.613314252459,-0.341313337795,decay
62.78,left,0.954687767564,0.613245990399,-0.341441777165,decay
62.79,left,0.954792001592,0.613175650355,-0.341616351237,decay
62.8,left,0.954931720465,0.613103429137,-0.341828291328,decay
62.81,left,0.955096367868,0.613029537797,-0.342066830071,decay
62.82,left,0.955274180365,0.612954198199,-0.342319982165,decay
62.83,left,0.955453481698,0.612877640173,-0.342575841526,decay
62.84,left,0.955624362506,0.612800099161,-0.342824263345,decay
62.85,left,0.955779950883,0.612721814302,-0.343058136581,decay
62.86,left,0.955916789207,0.612643026971,-0.343273762236,decay
62.87,left,0.956034564388,0.61256397979,-0.343470584598,decay
62.88,left,0.956135371256,0.612484915971,-0.343650455285,decay
62.89,left,0.956222476415,0.612406078775,-0.34381639764,decay
62.9,left,0.956299104853,0.612327710994,-0.343971393859,decay
62.91,left,0.956367891363,0.61225005436,-0.344117837003,decay
62.92,left,0.956430607015,0.612173348821,-0.344257258193,decay
62.93,left,0.956487493657,0.612097831613,-0.344389662043,decay
62.94,left,0.956536575839,0.612023736045,-0.344512839793,decay
62.95,left,0.95657356604,0.611951290043,-0.344622275998,decay
62.96,left,0.956592334048,0.611880714722,-0.344711619326,decay
62.97,left,0.956585941902,0.611812223189,-0.344773718713,decay
62.98,left,0.956548205961,0.611746019282,-0.344802186679,decay
62.99,left,0.956475094069,0.611682295807,-0.344792798262,decay
63,left,0.956365446176,0.611621232041,-0.344744214134,decay
63.01,left,0.956221242067,0.611562990395,-0.344658251672,decay
63.02,left,0.956047533417,0.611507712139,-0.344539821278,decay
63.03,left,0.955851785035,0.611455512093,-0.344396272942,decay
63.04,left,0.955642817889,0.611406472143,-0.344236345746,decay
63.05,left,0.955430011489,0.611360634443,-0.344069377046,decay
63.06,left,0.955222701508,0.611317997191,-0.343904704317,decay
63.07,left,0.955029105816,0.611278515179,-0.343750590637,decay
63.08,left,0.954855013167,0.611242103384,-0.343612909783,decay
63.09,left,0.954703092163,0.611208640551,-0.343494451612,decay
63.1,left,0.954572948984,0.611177971536,-0.343394977448,decay
63.11,left,0.954461743959,0.611149908372,-0.343311835586,decay
63.12,left,0.954365397947,0.611124230118,-0.343241167829,decay
63.13,left,0.954279851881,0.611100681526,-0.343179170356,decay
63.14,left,0.954201477743,0.611078970572,-0.343122507171,decay
63.15,left,0.954126669606,0.611058766147,-0.343067903459,decay
63.16,left,0.954051327594,0.611039699917,-0.343011627677,decay
63.17,left,0.953970347214,0.611021375445,-0.342948971769,decay
63.18,left,0.95387702258,0.611003382545,-0.342873640035,decay
63.19,left,0.953762982167,0.610985313077,-0.34277766909,decay
63.2,left,0.953619073313,0.610966776831,-0.342652296482,decay
63.21,left,0.953436753755,0.610947417714,-0.342489336042,decay
63.22,left,0.953209669324,0.610926930595,-0.342282738729,decay
63.23,left,0.952935303983,0.610905079156,-0.342030224827,decay
63.24,left,0.95261594105,0.610881715118,-0.341734225932,decay
63.25,left,0.952258331592,0.610856796167,-0.341401535425,decay
63.26,left,0.951872613561,0.610830393522,-0.341042220039,decay
63.27,left,0.951471089726,0.610802682193,-0.340668407532,decay
63.28,left,0.951066898906,0.610773919161,-0.340292979745,decay
63.29,left,0.950672845235,0.610744418795,-0.339928426441,decay
63.3,left,0.950300701727,0.610714529118,-0.339586172609,decay
63.31,left,0.9499607697,0.610684608784,-0.339276160916,decay
63.32,left,0.949661557371,0.610655004316,-0.339006553055,decay
63.33,left,0.949409908027,0.610626027168,-0.338783880859,decay
63.34,left,0.949211584692,0.61059793015,-0.338613654542,decay
63.35,left,0.949071663795,0.610570885533,-0.338500778262,decay
63.36,left,0.948994404555,0.610544973022,-0.338449431533,decay
63.37,left,0.948982949922,0.610520183806,-0.338462766116,decay
63.38,left,0.94903893076,0.610496435827,-0.338542494933,decay
63.39,left,0.949161747912,0.610473591595,-0.338688156317,decay
63.4,left,0.949347844375,0.610451475177,-0.338896369198,decay
63.41,left,0.94959023799,0.61042988836,-0.33916034963,decay
63.42,left,0.949877956013,0.610408626266,-0.339469329747,decay
63.43,left,0.950195329203,0.610387492738,-0.339807836465,decay
63.44,left,0.950521784992,0.61036631578,-0.340155469212,decay
63.45,left,0.95083252778,0.610344961644,-0.340487566136,decay
63.46,left,0.951099981391,0.610323342534,-0.340776638858,decay
63.47,left,0.951296079045,0.610301414124,-0.340994664922,decay
63.48,left,0.951395563588,0.610279165882,-0.341116397706,decay
63.49,left,0.951379497905,0.610256609549,-0.341122888356,decay
63.5,left,0.951237687954,0.61023376786,-0.341003920094,decay
63.51,left,0.950969617673,0.610210663518,-0.340758954156,decay
63.52,left,0.950584018761,0.610187308235,-0.340396710526,decay
63.53,left,0.95009706863,0.610163691671,-0.339933376959,decay
63.54,left,0.949529742336,0.610139770086,-0.33938997225,decay
63.55,left,0.948905244531,0.61011545589,-0.33878978864,decay
63.56,left,0.94824686304,0.610090612189,-0.338156250851,decay
63.57,left,0.947576197321,0.610065055424,-0.337511141897,decay
63.58,left,0.946912016769,0.610038563779,-0.336873452989,decay
63.59,left,0.946269859222,0.610010887124,-0.336258972098,decay
63.6,left,0.945661865649,0.609981756902,-0.335680108747,decay
63.61,left,0.945096668396,0.609950896026,-0.335145772369,decay
63.62,left,0.944579785976,0.609918029006,-0.33466175697,decay
63.63,left,0.944114324215,0.609882892531,-0.334231431684,decay
63.64,left,0.943701317299,0.609845246761,-0.333856070538,decay
63.65,left,0.943339959831,0.609804886305,-0.333535073526,decay
63.66,left,0.943028148809,0.609761647291,-0.333266501518,decay
63.67,left,0.942762900601,0.609715407772,-0.333047492829,decay
63.68,left,0.942540516172,0.609666083741,-0.332874432431,decay
63.69,left,0.942357096596,0.609613624705,-0.332743471891,decay
63.7,left,0.942209382677,0.60955801042,-0.332651372257,decay
63.71,left,0.942095249751,0.609499248904,-0.332596000847,decay
63.72,left,0.942013795877,0.609437375678,-0.332576420198,decay
63.73,left,0.941965440843,0.609372454241,-0.332592986602,decay
63.74,left,0.941951932165,0.609304577764,-0.332647354402,decay
63.75,left,0.941975905903,0.609233871232,-0.33274203467,decay
63.76,left,0.942040220298,0.609160491593,-0.332879728705,decay
63.77,left,0.942147339846,0.609084624026,-0.33306271582,decay
63.78,left,0.942298702976,0.609006475655,-0.333292227321,decay
63.79,left,0.942494478335,0.608926269092,-0.333568209243,decay
63.8,left,0.942734247713,0.60884423671,-0.333890011003,decay
63.81,left,0.943018084064,0.608760615586,-0.334257468478,decay
63.82,left,0.943347076877,0.608675642982,-0.334671433894,decay
63.83,left,0.943723115927,0.608589552227,-0.3351335637,decay
63.84,left,0.944148112875,0.608502568873,-0.335645544002,decay
63.85,left,0.944622802874,0.608414907244,-0.336207895631,decay
63.86,left,0.945145656166,0.608326767961,-0.336818888206,decay
63.87,left,0.945712537297,0.608238336888,-0.337474200409,decay
63.88,left,0.946317015377,0.608149785023,-0.338167230355,decay
63.89,left,0.946950810215,0.608061268557,-0.338889541658,decay
63.9,left,0.947604347681,0.607972928759,-0.339631418923,decay
63.91,left,0.94826751269,0.607884891606,-0.340382621084,decay
63.92,left,0.948930121045,0.607797267144,-0.341132853901,decay
63.93,left,0.949581894767,0.607710148504,-0.341871746263,decay
63.94,left,0.950212534693,0.60762361056,-0.342588924133,decay
63.95,left,0.950812056048,0.607537708612,-0.343274347436,decay
63.96,left,0.951370866671,0.607452478451,-0.34391838822,decay
63.97,left,0.951879619791,0.607367938822,-0.344511680969,decay
63.98,left,0.95232917955,0.607284095543,-0.345045084007,decay
63.99,left,0.952710595372,0.60720094588,-0.345509649492,decay
64,left,0.953015206868,0.607118482666,-0.345896724202,decay
64.01,left,0.95323541838,0.607036698174,-0.346198720205,decay
64.02,left,0.953366136475,0.606955587812,-0.346410548663,decay
64.03,left,0.953406155448,0.606875153689,-0.346531001759,decay
64.04,left,0.95335905619,0.606795408127,-0.346563648063,decay
64.05,left,0.953233576553,0.606716376745,-0.346517199808,decay
64.06,left,0.953043035593,0.606638099897,-0.346404935696,decay
64.07,left,0.952803631366,0.606560631514,-0.346242999852,decay
64.08,left,0.952532413157,0.606484036059,-0.346048377098,decay
64.09,left,0.952245462537,0.606408384847,-0.34583707769,decay
64.1,left,0.951956060124,0.606333752211,-0.345622307913,decay
64.11,left,0.95167317836,0.606260211474,-0.345412966885,decay
64.12,left,0.951401026772,0.606187830657,-0.345213196115,decay
64.13,left,0.951139661426,0.606116667817,-0.345022993609,decay
64.14,left,0.950886357213,0.606046765945,-0.344839591269,decay
64.15,left,0.950637623787,0.605978148083,-0.344659475705,decay
64.16,left,0.950391298934,0.605910814951,-0.344480483982,decay
64.17,left,0.950147556031,0.605844746842,-0.344302809189,decay
64.18,left,0.949908426482,0.605779908429,-0.344128518053,decay
64.19,left,0.949676738065,0.605716254127,-0.343960483938,decay
64.2,left,0.949455205555,0.605653733061,-0.343801472494,decay
64.21,left,0.949245714871,0.605592293658,-0.343653421213,decay
64.22,left,0.949049035307,0.605531887933,-0.343517147373,decay
64.23,left,0.948865187225,0.605472475573,-0.343392711652,decay
64.24,left,0.94869411869,0.60541402787,-0.34328009082,decay
64.25,left,0.948536419986,0.605356531161,-0.343179888825,decay
64.26,left,0.948394009835,0.605299988473,-0.343094021363,decay
64.27,left,0.948270219426,0.605244418404,-0.343025801022,decay
64.28,left,0.948168880711,0.60518985198,-0.342979028731,decay
64.29,left,0.948093178456,0.605136328835,-0.342956849621,decay
64.3,left,0.948045197751,0.605083893233,-0.342961304518,decay
64.31,left,0.948026060467,0.605032589892,-0.342993470574,decay
64.32,left,0.948036152215,0.604982459551,-0.343053692664,decay
64.33,left,0.948075534686,0.604933534176,-0.34314200051,decay
64.34,left,0.948144613153,0.604885831748,-0.343258781405,decay
64.35,left,0.948244513261,0.604839351184,-0.343405162077,decay
64.36,left,0.948376954623,0.604794069423,-0.343582885199,decay
64.37,left,0.948543935867,0.604749942167,-0.343793993699,decay
64.38,left,0.948747091927,0.604706907132,-0.344040184795,decay
64.39,left,0.948986593211,0.604664887685,-0.344321705525,decay
64.4,left,0.949260202709,0.604623796061,-0.344636406647,decay
64.41,left,0.949562919866,0.604583536144,-0.344979383722,decay
64.42,left,0.94988700189,0.604544005885,-0.345342996005,decay
64.43,left,0.950222392261,0.604505099416,-0.345717292845,decay
64.44,left,0.950557910284,0.604466708925,-0.346091201359,decay
64.45,left,0.950882948258,0.604428726252,-0.346454222006,decay
64.46,left,0.951188938194,0.604391044018,-0.346797894176,decay
64.47,left,0.951470416692,0.604353556136,-0.347116860556,decay
64.48,left,0.951725742129,0.604316157878,-0.347409584251,decay
64.49,left,0.951957012005,0.604278745795,-0.34767826621,decay
64.5,left,0.952169158465,0.604241217634,-0.347927940831,decay
64.51,left,0.952368939606,0.604203472265,-0.348165467341,decay
64.52,left,0.952563936248,0.604165409669,-0.34839852658,decay
64.53,left,0.952761071783,0.604126930981,-0.348634140802,decay
64.54,left,0.952964820007,0.604087938651,-0.348876881356,decay
64.55,left,0.953175718911,0.604048336671,-0.34912738224,decay
64.56,left,0.953389560203,0.604008030782,-0.349381529421,decay
64.57,left,0.953597643151,0.603966928589,-0.349630714562,decay
64.58,left,0.953788358327,0.603924939674,-0.349863418653,decay
64.59,left,0.95394943829,0.603881975879,-0.350067462411,decay
64.6,left,0.954069666976,0.603837951845,-0.350231715131,decay
64.61,left,0.954139697588,0.603792785838,-0.35034691175,decay
64.62,left,0.954152522872,0.603746400902,-0.35040612197,decay
64.63,left,0.95410374843,0.603698726374,-0.350405022055,decay
64.64,left,0.953991492026,0.603649699802,-0.350341792224,decay
64.65,left,0.953816366172,0.60359926911,-0.350217097062,decay
64.66,left,0.953581861145,0.603547394421,-0.350034466724,decay
64.67,left,0.953294514526,0.603494049078,-0.349800465448,decay
64.68,left,0.952963467635,0.603439220271,-0.349524247364,decay
64.69,left,0.952599632632,0.60338290996,-0.349216722672,decay
64.7,left,0.952214504127,0.603325136367,-0.34888936776,decay
64.71,left,0.951818776974,0.603265936112,-0.348552840861,decay
64.72,left,0.95142159063,0.603205366999,-0.348216223631,decay
64.73,left,0.951030885571,0.603143511493,-0.347887374079,decay
64.74,left,0.95065416373,0.603080480939,-0.34757368279,decay
64.75,left,0.9502988812,0.603016419693,-0.347282461507,decay
64.76,left,0.949972569071,0.602951506513,-0.347021062558,decay
64.77,left,0.949682619045,0.602885951199,-0.346796667846,decay
64.78,left,0.94943535527,0.602819987899,-0.346615367372,decay
64.79,left,0.949234925262,0.602753867717,-0.346481057545,decay
64.8,left,0.949082835936,0.602687851593,-0.346394984343,decay
64.81,left,0.948977992603,0.602622203379,-0.346355789224,decay
64.82,left,0.94891700874,0.602557182933,-0.346359825807,decay
64.83,left,0.948895052279,0.60249303906,-0.346402013219,decay
64.84,left,0.94890696795,0.602430002119,-0.346476965831,decay
64.85,left,0.948948067773,0.602368276837,-0.346579790936,decay
64.86,left,0.949014702071,0.602308037403,-0.346706664669,decay
64.87,left,0.949104924022,0.602249426379,-0.346855497643,decay
64.88,left,0.949218815459,0.602192556113,-0.347026259347,decay
64.89,left,0.949358035842,0.602137510284,-0.347220525558,decay
64.9,left,0.949524995751,0.602084344659,-0.347440651092,decay
64.91,left,0.949721902043,0.602033086933,-0.34768881511,decay
64.92,left,0.949949278683,0.601983735662,-0.347965543021,decay
64.93,left,0.950204284474,0.601936258258,-0.348268026216,decay
64.94,left,0.950479843362,0.601890588004,-0.348589255358,decay
64.95,left,0.950764785596,0.601846621033,-0.348918164563,decay
64.96,left,0.951044707942,0.601804216218,-0.349240491724,decay
64.97,left,0.951303632753,0.601763200267,-0.349540432486,decay
64.98,left,0.951526164611,0.6017233764,-0.349802788211,decay
64.99,left,0.9516993234,0.601684533713,-0.350014789687,decay
65,left,0.951813692169,0.601646456116,-0.350167236053,decay
65.01,left,0.951863894114,0.601608930946,-0.350254963167,decay
65.02,left,0.951848183206,0.601571757444,-0.350276425762,decay
65.03,left,0.951767178566,0.601534755273,-0.350232423293,decay
65.04,left,0.951622589358,0.601497773281,-0.350124816076,decay
65.05,left,0.951416755036,0.601460697662,-0.349956057375,decay
65.06,left,0.951152866532,0.601423456554,-0.349729409978,decay
65.07,left,0.950835540245,0.601386018826,-0.349449521419,decay
65.08,left,0.950471802395,0.601348388826,-0.349123413569,decay
65.09,left,0.950071969887,0.601310600294,-0.348761369593,decay
65.1,left,0.94964951015,0.601272710661,-0.34837679949,decay
65.11,left,0.949219910374,0.601234795773,-0.347985114601,decay
65.12,left,0.948799175794,0.601196944926,-0.347602230868,decay
65.13,left,0.948402168932,0.601159256116,-0.347242912816,decay
65.14,left,0.948041090556,0.601121831415,-0.346919259141,decay
65.15,left,0.947724736709,0.601084772651,-0.346639964058,decay
65.16,left,0.947458517014,0.601048178162,-0.346410338852,decay
65.17,left,0.947244605516,0.601012141211,-0.346232464306,decay
65.18,left,0.947082253253,0.600976749502,-0.346105503751,decay
65.19,left,0.94696876697,0.600942084884,-0.346026682086,decay
65.2,left,0.946900796349,0.600908222814,-0.345992573535,decay
65.21,left,0.946875168958,0.600875231557,-0.345999937401,decay
65.22,left,0.946889322156,0.600843171051,-0.346046151105,decay
65.23,left,0.946941571967,0.600812091436,-0.346129480531,decay
65.24,left,0.947030998454,0.600782031183,-0.346248967271,decay
65.25,left,0.947157080003,0.600753015031,-0.346404064972,decay
65.26,left,0.947319528775,0.600725052371,-0.346594476404,decay
65.27,left,0.947518155843,0.600698136594,-0.346820019249,decay
65.28,left,0.947752468139,0.600672244976,-0.347080223164,decay
65.29,left,0.948021321931,0.600647338372,-0.347373983559,decay
65.3,left,0.948322803566,0.600623360425,-0.347699443141,decay
65.31,left,0.948653878076,0.600600236247,-0.348053641829,decay
65.32,left,0.949009751329,0.60057787058,-0.348431880749,decay
65.33,left,0.949383626576,0.600556145417,-0.348827481158,decay
65.34,left,0.949766986621,0.600534917079,-0.349232069542,decay
65.35,left,0.950149907705,0.600514013358,-0.349635894346,decay
65.36,left,0.950521524891,0.600493232736,-0.350028292155,decay
65.37,left,0.950870933472,0.600472347181,-0.35039858629,decay
65.38,left,0.951188043266,0.600451107498,-0.350736935767,decay
65.39,left,0.951464014733,0.600429249296,-0.351034765437,decay
65.4,left,0.951691694729,0.600406498873,-0.351285195856,decay
65.41,left,0.951866342788,0.600382579119,-0.351483763668,decay
65.42,left,0.95198640757,0.60035721558,-0.35162919199,decay
65.43,left,0.952054254294,0.600330142862,-0.351724111432,decay
65.44,left,0.952076700022,0.600301111542,-0.351775588479,decay
65.45,left,0.952064660395,0.600269895017,-0.351794765378,decay
65.46,left,0.952031625844,0.600236294143,-0.351795331701,decay
65.47,left,0.951991813814,0.600200138064,-0.35179167575,decay
65.48,left,0.951958577207,0.600161282611,-0.351797294596,decay
65.49,left,0.95194268114,0.600119608687,-0.351823072453,decay
65.5,left,0.951950614744,0.600075021653,-0.351875593091,decay
65.51,left,0.951983908697,0.600027451796,-0.351956456902,decay
65.52,left,0.95203967853,0.599976855935,-0.352062822595,decay
65.53,left,0.952111810299,0.599923220192,-0.352188590107,decay
65.54,left,0.952192448854,0.59986656398,-0.352325884875,decay
65.55,left,0.952273546082,0.599806944253,-0.352466601828,decay
65.56,left,0.952348030706,0.599744456835,-0.352603573871,decay
65.57,left,0.952410500366,0.599679232405,-0.352731267962,decay
65.58,left,0.952457568423,0.599611428916,-0.352846139508,decay
65.59,left,0.952487625801,0.599541223626,-0.352946402175,decay
65.6,left,0.95249986707,0.59946880597,-0.3530310611,decay
65.61,left,0.952493263058,0.599394371224,-0.353098891834,decay
65.62,left,0.952466196445,0.599318114823,-0.353148081623,decay
65.63,left,0.952416452004,0.599240227186,-0.353176224818,decay
65.64,left,0.952341167348,0.599160888924,-0.353180278424,decay
65.65,left,0.952237110198,0.599080266761,-0.353156843437,decay
65.66,left,0.952101259077,0.598998511516,-0.353102747561,decay
65.67,left,0.951931119917,0.598915759142,-0.353015360775,decay
65.68,left,0.951724981492,0.598832133987,-0.352892847505,decay
65.69,left,0.951482593278,0.598747752785,-0.352734840493,decay
65.7,left,0.951205931756,0.598662728806,-0.35254320295,decay
65.71,left,0.950899672892,0.598577176138,-0.352322496754,decay
65.72,left,0.950571532705,0.598491214145,-0.35208031856,decay
65.73,left,0.950232381512,0.598404972139,-0.351827409374,decay
65.74,left,0.949895624629,0.598318594313,-0.351577030316,decay
65.75,left,0.949575900403,0.598232244186,-0.351343656218,decay
65.76,left,0.949287606945,0.598146106088,-0.351141500857,decay
65.77,left,0.949043188353,0.598060381836,-0.350982806517,decay
65.78,left,0.948851128688,0.597975283889,-0.350875844799,decay
65.79,left,0.948714548567,0.597891027423,-0.350823521144,decay
65.8,left,0.948631070286,0.597807822192,-0.350823248094,decay
65.81,left,0.948593533074,0.597725864101,-0.350867668973,decay
65.82,left,0.948591253399,0.59764532629,-0.350945927109,decay
65.83,left,0.948611957647,0.59756634955,-0.351045608097,decay
65.84,left,0.948643849894,0.597489031868,-0.351154818026,decay
65.85,left,0.948677012346,0.597413418487,-0.351263593859,decay
65.86,left,0.94870412127,0.597339497249,-0.351364624022,decay
65.87,left,0.948720668238,0.597267202813,-0.351453465425,decay
65.88,left,0.948724459654,0.597196427023,-0.351528032631,decay
65.89,left,0.948714528605,0.597127030477,-0.351587498128,decay
65.9,left,0.948690259442,0.597058853398,-0.351631406044,decay
65.91,left,0.948651070684,0.596991725838,-0.351659344846,decay
65.92,left,0.948596369698,0.596925477418,-0.35167089228,decay
65.93,left,0.948525961703,0.596859946789,-0.351666014914,decay
65.94,left,0.948441138015,0.59679499102,-0.351646146995,decay
65.95,left,0.948345664912,0.596730494153,-0.35161517076,decay
65.96,left,0.948245885497,0.596666372149,-0.351579513348,decay
65.97,left,0.948149977501,0.59660257215,-0.35154740535,decay
65.98,left,0.948066431158,0.596539067723,-0.351527363436,decay
65.99,left,0.94800195354,0.596475853075,-0.351526100465,decay
66,left,0.947959834636,0.596412937421,-0.351546897215,decay
66.01,left,0.947939663338,0.596350339514,-0.351589323824,decay
66.02,left,0.947938049908,0.596288082239,-0.351649967669,decay
66.03,left,0.947949648125,0.596226187212,-0.351723460912,decay
66.04,left,0.947968472887,0.596164669257,-0.35180380363,decay
66.05,left,0.947989465019,0.596103531312,-0.351885933707,decay
66.06,left,0.948009702632,0.596042761619,-0.351966941013,decay
66.07,left,0.948029103343,0.595982334596,-0.352046768747,decay
66.08,left,0.948050826359,0.595922214307,-0.352128612052,decay
66.09,left,0.948080979372,0.595862358585,-0.352218620787,decay
66.1,left,0.948127364218,0.595802723048,-0.35232464117,decay
66.11,left,0.9481980077,0.595743265009,-0.35245474269,decay
66.12,left,0.948300163718,0.595683947367,-0.352616216351,decay
66.13,left,0.948439578847,0.595624742529,-0.352814836318,decay
66.14,left,0.948619831823,0.595565636461,-0.353054195362,decay
66.15,left,0.94884203093,0.595506632465,-0.353335398465,decay
66.16,left,0.949104814286,0.595447753412,-0.353657060874,decay
66.17,left,0.949404371033,0.595389041389,-0.354015329645,decay
66.18,left,0.94973489263,0.595330555575,-0.354404337056,decay
66.19,left,0.950089814408,0.595272369698,-0.354817444711,decay
66.2,left,0.950462959967,0.595214569618,-0.355248390349,decay
66.21,left,0.950848607986,0.595157251027,-0.355691356959,decay
66.22,left,0.95124083621,0.5951005172,-0.35614031901,decay
66.23,left,0.951632880276,0.595044476755,-0.356588403521,decay
66.24,left,0.952016745196,0.594989241342,-0.357027503854,decay
66.25,left,0.952383389096,0.59493492328,-0.357448465816,decay
66.26,left,0.952723646089,0.594881633284,-0.357842012804,decay
66.27,left,0.953029271235,0.594829478392,-0.358199792843,decay
66.28,left,0.953293548907,0.594778559895,-0.358514989012,decay
66.29,left,0.953511631125,0.594728970998,-0.358782660127,decay
66.3,left,0.95368057067,0.594680794045,-0.358999776625,decay
66.31,left,0.953798614034,0.594634097241,-0.359164516793,decay
66.32,left,0.953864201596,0.594588930793,-0.359275270803,decay
66.33,left,0.953875702043,0.5945453224,-0.359330379643,decay
66.34,left,0.953831771563,0.594503271993,-0.35932849957,decay
66.35,left,0.953731534016,0.594462746631,-0.359268787386,decay
66.36,left,0.953574557036,0.594423678477,-0.359150878559,decay
66.37,left,0.953360785927,0.59438596812,-0.358974817807,decay
66.38,left,0.953090124531,0.594349491568,-0.358740632963,decay
66.39,left,0.952761895903,0.594314107922,-0.358447787981,decay
66.4,left,0.952374970201,0.594279666583,-0.358095303618,decay
66.41,left,0.951928505574,0.594246014028,-0.357682491546,decay
66.42,left,0.951422525264,0.5942130003,-0.357209524964,decay
66.43,left,0.950858107814,0.594180485363,-0.356677622451,decay
66.44,left,0.950237418733,0.594148345448,-0.356089073285,decay
66.45,left,0.949563576808,0.594116478863,-0.355447097945,decay
66.46,left,0.948840605963,0.594084809344,-0.354755796618,decay
66.47,left,0.948074133134,0.594053285452,-0.354020847681,decay
66.48,left,0.947272602692,0.594021877227,-0.353250725466,decay
66.49,left,0.946447849015,0.593990572179,-0.352457276836,decay
66.5,left,0.945614660827,0.593959371462,-0.351655289365,decay
66.51,left,0.944789757088,0.593928286226,-0.350861470862,decay
66.52,left,0.94399023905,0.593897334106,-0.350092904943,decay
66.53,left,0.943231771586,0.593866535786,-0.3493652358,decay
66.54,left,0.942527320058,0.593835911573,-0.348691408484,decay
66.55,left,0.941886813193,0.593805478092,-0.348081335101,decay
66.56,left,0.941317484007,0.593775245558,-0.347542238449,decay
66.57,left,0.940824736665,0.593745215956,-0.347079520709,decay
66.58,left,0.94041326238,0.593715381808,-0.346697880572,decay
66.59,left,0.940087575469,0.593685724978,-0.346401850491,decay
66.6,left,0.939851519024,0.593656215278,-0.346195303746,decay
66.61,left,0.939707506017,0.59362680884,-0.346080697177,decay
66.62,left,0.939656257565,0.593597446234,-0.346058811331,decay
66.63,left,0.939696695616,0.593568050315,-0.346128645301,decay
66.64,left,0.939825516273,0.593538523777,-0.346286992496,decay
66.65,left,0.9400365993,0.593508746888,-0.346527852412,decay
66.66,left,0.940320456623,0.593478576866,-0.346841879758,decay
66.67,left,0.940663811252,0.593447850064,-0.347215961188,decay
66.68,left,0.941049654511,0.59341638617,-0.347633268342,decay
66.69,left,0.941458032348,0.593383992965,-0.348074039382,decay
66.7,left,0.941867457633,0.593350471154,-0.348516986479,decay
66.71,left,0.942256968739,0.593315619298,-0.348941349441,decay
66.72,left,0.942608766593,0.59327923901,-0.349329527583,decay
66.73,left,0.942910547454,0.59324114053,-0.349669406925,decay
66.74,left,0.943156445789,0.593201148816,-0.349955296972,decay
66.75,left,0.943346570017,0.593159109599,-0.350187460419,decay
66.76,left,0.943485787327,0.593114893298,-0.35037089403,decay
66.77,left,0.943582118639,0.593068395264,-0.350513723374,decay
66.78,left,0.943645301758,0.593019533636,-0.350625768123,decay
66.79,left,0.943686251644,0.592968247094,-0.35071800455,decay
66.8,left,0.943717068717,0.592914493466,-0.350802575251,decay
66.81,left,0.943750599626,0.592858249234,-0.350892350392,decay
66.82,left,0.943799533382,0.592799509964,-0.351000023418,decay
66.83,left,0.943875712693,0.59273829166,-0.351137421033,decay
66.84,left,0.943989899905,0.592674633065,-0.35131526684,decay
66.85,left,0.944152040242,0.592608598333,-0.351543441909,decay
66.86,left,0.944371988549,0.59254027815,-0.351831710398,decay
66.87,left,0.944659976017,0.592469787877,-0.35219018814,decay
66.88,left,0.945025969655,0.592397263748,-0.352628705907,decay
66.89,left,0.945478214594,0.592322859059,-0.353155355535,decay
66.9,left,0.946021955005,0.592246741051,-0.353775213954,decay
66.91,left,0.946658487403,0.592169088506,-0.354489398898,decay
66.92,left,0.947384163907,0.592090089937,-0.35529407397,decay
66.93,left,0.948189681499,0.592009942333,-0.356179739165,decay
66.94,left,0.949060048498,0.59192885037,-0.357131198128,decay
66.95,left,0.949975032794,0.591847025801,-0.358128006993,decay
66.96,left,0.950910292889,0.591764686276,-0.359145606614,decay
66.97,left,0.951839566804,0.591682052966,-0.360157513838,decay
66.98,left,0.952737241101,0.591599347331,-0.36113789377,decay
66.99,left,0.953580269642,0.591516787621,-0.362063482021,decay
67,left,0.95434928858,0.591434585335,-0.362914703245,decay
67.01,left,0.955029120047,0.591352941527,-0.36367617852,decay
67.02,left,0.955608599822,0.591272042864,-0.364336556958,decay
67.03,left,0.956080124551,0.591192057309,-0.364888067242,decay
67.04,left,0.95643966066,0.591113129331,-0.36532653133,decay
67.05,left,0.956687012818,0.591035375307,-0.365651637511,decay
67.06,left,0.956825645857,0.590958881525,-0.365866764332,decay
67.07,left,0.956862127819,0.590883706581,-0.365978421238,decay
67.08,left,0.956805494357,0.590809886772,-0.365995607586,decay
67.09,left,0.956666403102,0.590737441968,-0.365928961135,decay
67.1,left,0.95645616095,0.590666380968,-0.365789779982,decay
67.11,left,0.956186028863,0.590596706339,-0.365589322524,decay
67.12,left,0.955866783301,0.590528418807,-0.365338364494,decay
67.13,left,0.955508263939,0.590461521268,-0.365046742672,decay
67.14,left,0.955119059865,0.590396022491,-0.364723037374,decay
67.15,left,0.954706531001,0.590331940262,-0.364374590739,decay
67.16,left,0.954276853106,0.590269303131,-0.364007549975,decay
67.17,left,0.953834944312,0.590208150081,-0.363626794231,decay
67.18,left,0.953384855071,0.590148528646,-0.363236326424,decay
67.19,left,0.952930767249,0.590090492367,-0.362840274881,decay
67.2,left,0.952477715661,0.590034097921,-0.36244361774,decay
67.21,left,0.952031619753,0.589979401902,-0.362052217851,decay
67.22,left,0.951599152927,0.589926457194,-0.361672695733,decay
67.23,left,0.951187551567,0.589875308847,-0.36131224272,decay
67.24,left,0.950804042156,0.589825989397,-0.360978052759,decay
67.25,left,0.950455136221,0.589778514243,-0.360676621978,decay
67.26,left,0.950146132305,0.589732879198,-0.360413253107,decay
67.27,left,0.949880695729,0.589689061833,-0.360191633896,decay
67.28,left,0.949660592728,0.58964702537,-0.360013567357,decay
67.29,left,0.949485862582,0.589606722918,-0.359879139664,decay
67.3,left,0.949355106039,0.589568101173,-0.359787004866,decay
67.31,left,0.949265443839,0.589531103587,-0.359734340253,decay
67.32,left,0.949212715507,0.589495673059,-0.359717042448,decay
67.33,left,0.949192626535,0.589461754212,-0.359730872323,decay
67.34,left,0.949202229272,0.589429295297,-0.359772933975,decay
67.35,left,0.949240846357,0.589398249606,-0.359842596751,decay
67.36,left,0.949310339334,0.589368575865,-0.359941763468,decay
67.37,left,0.949414508521,0.589340237235,-0.360074271286,decay
67.38,left,0.949557445172,0.589313199205,-0.360244245967,decay
67.39,left,0.949741773871,0.589287426944,-0.360454346927,decay
67.4,left,0.949967932523,0.589262882293,-0.36070505023,decay
67.41,left,0.950234442762,0.589239520385,-0.360994922377,decay
67.42,left,0.950538498784,0.589217285859,-0.361321212925,decay
67.43,left,0.950876553264,0.589196108603,-0.361680444661,decay
67.44,left,0.951244600415,0.58917589898,-0.362068701435,decay
67.45,left,0.951637872796,0.58915654331,-0.362481329486,decay
67.46,left,0.952050567864,0.589137902094,-0.36291266577,decay
67.47,left,0.952476340639,0.589119812915,-0.363356527724,decay
67.48,left,0.952908923785,0.589102096625,-0.36380682716,decay
67.49,left,0.953342027271,0.589084564326,-0.364257462945,decay
67.5,left,0.953768933099,0.589067024179,-0.36470190892,decay
67.51,left,0.954182322616,0.589049288134,-0.365133034482,decay
67.52,left,0.954574152268,0.589031178712,-0.365542973557,decay
67.53,left,0.954935626943,0.589012536012,-0.36592309093,decay
67.54,left,0.955257603562,0.588993225084,-0.366264378478,decay
67.55,left,0.955531179926,0.588973142825,-0.366558037101,decay
67.56,left,0.955748100108,0.58895222144,-0.366795878668,decay
67.57,left,0.955901147003,0.5889304262,-0.366970720803,decay
67.58,left,0.955984558471,0.588907749261,-0.36707680921,decay
67.59,left,0.955993975426,0.588884202681,-0.367109772744,decay
67.6,left,0.955925894314,0.588859811866,-0.367066082449,decay
67.61,left,0.955777412298,0.588834609436,-0.366942802863,decay
67.62,left,0.955546501453,0.588808629429,-0.366737872024,decay
67.63,left,0.95523220431,0.588781901725,-0.366450302585,decay
67.64,left,0.954834648709,0.588754446595,-0.366080202114,decay
67.65,left,0.954355164117,0.588726269811,-0.365628894306,decay
67.66,left,0.953796219548,0.588697359794,-0.365098859754,decay
67.67,left,0.953161026785,0.588667687969,-0.364493338817,decay
67.68,left,0.952453302095,0.588637211414,-0.36381609068,decay
67.69,left,0.951677315664,0.588605876216,-0.363071439448,decay
67.7,left,0.95083781309,0.588573620904,-0.362264192186,decay
67.71,left,0.949939813649,0.588540379994,-0.361399433655,decay
67.72,left,0.948988520419,0.588506087684,-0.360482432735,decay
67.73,left,0.947989064913,0.588470681809,-0.359518383104,decay
67.74,left,0.94694605975,0.588434108106,-0.358511951644,decay
67.75,left,0.945863845468,0.588396324315,-0.357467521153,decay
67.76,left,0.94474773,0.588357302406,-0.356390427594,decay
67.77,left,0.943605175791,0.588317027626,-0.355288148166,decay
67.78,left,0.94244630403,0.588275495396,-0.354170808633,decay
67.79,left,0.94128409531,0.588232707857,-0.353051387454,decay
67.8,left,0.940134322571,0.588188670759,-0.351945651812,decay
67.81,left,0.939014895058,0.588143390744,-0.350871504315,decay
67.82,left,0.937944845481,0.588096872939,-0.349847972543,decay
67.83,left,0.936943228665,0.588049118851,-0.348894109814,decay
67.84,left,0.936027719353,0.588000124508,-0.348027594844,decay
67.85,left,0.935213058352,0.587949878933,-0.347263179419,decay
67.86,left,0.934510029369,0.587898363237,-0.346611666132,decay
67.87,left,0.93392516503,0.587845550562,-0.346079614467,decay
67.88,left,0.933460794425,0.587791406708,-0.345669387718,decay
67.89,left,0.933115374932,0.587735891097,-0.345379483834,decay
67.9,left,0.932884232702,0.587678958008,-0.345205274694,decay
67.91,left,0.932760244951,0.587620558054,-0.345139686897,decay
67.92,left,0.932734123865,0.587560639974,-0.345173483891,decay
67.93,left,0.932794716866,0.587499152755,-0.345295564111,decay
67.94,left,0.932929471161,0.587436048146,-0.345493423015,decay
67.95,left,0.933124783961,0.587371283384,-0.345753500577,decay
67.96,left,0.933366465382,0.587304823527,-0.346061641856,decay
67.97,left,0.933640564192,0.587236642901,-0.346403921291,decay
67.98,left,0.933934094099,0.587166726116,-0.346767367983,decay
67.99,left,0.934235358613,0.587095069347,-0.347140289266,decay
68,left,0.934534284323,0.587021682218,-0.347512602105,decay
68.01,left,0.93482291162,0.586946590334,-0.347876321286,decay
68.02,left,0.935095581304,0.5868698385,-0.348225742804,decay
68.03,left,0.935348821995,0.586791494672,-0.348557327323,decay
68.04,left,0.935581466222,0.58671165469,-0.348869811531,decay
68.05,left,0.935794786602,0.586630446877,-0.349164339724,decay
68.06,left,0.935992084096,0.586548033496,-0.349444050599,decay
68.07,left,0.936177996172,0.586464606785,-0.349713389386,decay
68.08,left,0.936357858261,0.5863803812,-0.349977477061,decay
68.09,left,0.9365369171,0.586295584844,-0.350241332256,decay
68.1,left,0.936719692089,0.586210451212,-0.350509240877,decay
68.11,left,0.936910078973,0.586125211156,-0.350784867816,decay
68.12,left,0.93711193574,0.5860400849,-0.35107185084,decay
68.13,left,0.937329651931,0.585955273907,-0.351374378023,decay
68.14,left,0.937568772738,0.585870952433,-0.351697820306,decay
68.15,left,0.937836454235,0.585787259656,-0.352049194578,decay
68.16,left,0.93814088922,0.585704295669,-0.352436593551,decay
68.17,left,0.938489530888,0.585622123767,-0.352867407121,decay
68.18,left,0.938887182877,0.585540777118,-0.353346405759,decay
68.19,left,0.939334853385,0.58546026634,-0.353874587045,decay
68.2,left,0.939829382234,0.585380586642,-0.354448795591,decay
68.21,left,0.940363884049,0.585301724508,-0.35506215954,decay
68.22,left,0.940928987162,0.585223664036,-0.355705323126,decay
68.23,left,0.94151419228,0.585146393033,-0.356367799247,decay
68.24,left,0.94210888873,0.585069908967,-0.357038979763,decay
68.25,left,0.942703138541,0.584994224265,-0.357708914276,decay
68.26,left,0.943288074319,0.584919369129,-0.35836870519,decay
68.27,left,0.9438557155,0.584845390507,-0.359010324993,decay
68.28,left,0.944398688246,0.584772348261,-0.359626339984,decay
68.29,left,0.944910297296,0.584700310436,-0.360209986859,decay
68.3,left,0.945384593625,0.584629348357,-0.360755245268,decay
68.31,left,0.945816144825,0.584559531526,-0.361256613299,decay
68.32,left,0.946199970917,0.584490922214,-0.361709048703,decay
68.33,left,0.946531843164,0.584423569657,-0.362108273507,decay
68.34,left,0.946808444757,0.584357503738,-0.362450941019,decay
68.35,left,0.947027425135,0.584292728948,-0.362734696187,decay
68.36,left,0.94718780039,0.584229221306,-0.362958579084,decay
68.37,left,0.94729033338,0.584166930295,-0.363123403085,decay
68.38,left,0.947337427915,0.584105784234,-0.363231643682,decay
68.39,left,0.947333035232,0.584045696321,-0.363287338911,decay
68.4,left,0.947283056587,0.583986570238,-0.363296486349,decay
68.41,left,0.947195803642,0.583928305346,-0.363267498296,decay
68.42,left,0.947082022402,0.583870801566,-0.363211220836,decay
68.43,left,0.946954464862,0.583813964057,-0.363140500805,decay
68.44,left,0.946826780607,0.583757707776,-0.363069072831,decay
68.45,left,0.946711545678,0.583701961609,-0.363009584069,decay
68.46,left,0.946618246374,0.583646670816,-0.362971575558,decay
68.47,left,0.946552323961,0.583591796857,-0.362960527105,decay
68.48,left,0.946515361424,0.583537315367,-0.362978046057,decay
68.49,left,0.946505998338,0.583483213642,-0.363022784696,decay
68.5,left,0.946521425877,0.58342948815,-0.363091937727,decay
68.51,left,0.946558837952,0.583376142099,-0.363182695853,decay
68.52,left,0.946615939458,0.583323183017,-0.363292756441,decay
68.53,left,0.946690731642,0.583270620299,-0.363420111342,decay
68.54,left,0.946781409862,0.583218462693,-0.363562947169,decay
68.55,left,0.946886534639,0.58316671604,-0.3637198186,decay
68.56,left,0.947005366445,0.583115382389,-0.363889984056,decay
68.57,left,0.947138278318,0.58306446134,-0.364073816978,decay
68.58,left,0.947286633245,0.583013952958,-0.364272680287,decay
68.59,left,0.947451589011,0.582963861138,-0.364487727873,decay
68.6,left,0.947632557867,0.582914196959,-0.364718360908,decay
68.61,left,0.947826627544,0.582864982054,-0.36496164549,decay
68.62,left,0.948029040235,0.58281625203,-0.365212788205,decay
68.63,left,0.948234012476,0.582768060003,-0.365465952472,decay
68.64,left,0.948435790261,0.582720480283,-0.365715309979,decay
68.65,left,0.948629816694,0.582673611501,-0.365956205193,decay
68.66,left,0.94881339109,0.582627576861,-0.366185814229,decay
68.67,left,0.948985746578,0.582582519719,-0.366403226859,decay
68.68,left,0.949147893214,0.582538595743,-0.366609297471,decay
68.69,left,0.949302097532,0.58249596393,-0.366806133602,decay
68.7,left,0.949450940779,0.582454777302,-0.366996163477,decay
68.71,left,0.949596567239,0.582415173186,-0.367181394053,decay
68.72,left,0.949740589021,0.582377262882,-0.367363326139,decay
68.73,left,0.949884412894,0.582341120518,-0.367543292376,decay
68.74,left,0.950029747389,0.582306770903,-0.367722976486,decay
68.75,left,0.950179297829,0.582274177989,-0.36790511984,decay
68.76,left,0.950337082294,0.582243239512,-0.368093842782,decay
68.77,left,0.950507555873,0.582213792034,-0.368293763839,decay
68.78,left,0.950693894586,0.582185623209,-0.368508271377,decay
68.79,left,0.950896432018,0.582158485568,-0.36873794645,decay
68.8,left,0.951111497878,0.582132109635,-0.368979388243,decay
68.81,left,0.951330717543,0.582106216435,-0.369224501108,decay
68.82,left,0.951541354084,0.582080529663,-0.369460824421,decay
68.83,left,0.951727946741,0.582054787767,-0.369673158974,decay
68.84,left,0.951874796016,0.582028756223,-0.369846039793,decay
68.85,left,0.95196885953,0.582002238974,-0.369966620556,decay
68.86,left,0.952002495533,0.581975085366,-0.370027410166,decay
68.87,left,0.951974875197,0.58194718978,-0.370027685417,decay
68.88,left,0.951891284959,0.581918486236,-0.369972798723,decay
68.89,left,0.951760942013,0.581888941985,-0.369872000028,decay
68.9,left,0.951594371747,0.581858551693,-0.369735820054,decay
68.91,left,0.951400888002,0.581827332264,-0.369573555738,decay
68.92,left,0.951186831014,0.581795318224,-0.36939151279,decay
68.93,left,0.950955025894,0.5817625576,-0.369192468295,decay
68.94,left,0.950704775418,0.581729108204,-0.368975667214,decay
68.95,left,0.950431822847,0.581695034319,-0.368736788527,decay
68.96,left,0.950128953472,0.581660403883,-0.368468549589,decay
68.97,left,0.949787618686,0.581625286236,-0.36816233245,decay
68.98,left,0.949399793029,0.581589750293,-0.367810042735,decay
68.99,left,0.948959419585,0.581553862906,-0.367405556679,decay
69,left,0.948463531866,0.581517687302,-0.366945844564,decay
69.01,left,0.947912986945,0.58148128156,-0.366431705385,decay
69.02,left,0.947312653058,0.581444697075,-0.365867955984,decay
69.03,left,0.946671540437,0.581407976971,-0.365263563466,decay
69.04,left,0.946003157864,0.581371154439,-0.364632003425,decay
69.05,left,0.945325274337,0.581334251234,-0.363991023104,decay
69.06,left,0.944658487067,0.581297277233,-0.363361209834,decay
69.07,left,0.944024146272,0.581260231722,-0.36276391455,decay
69.08,left,0.943442162281,0.581223105901,-0.362219056381,decay
69.09,left,0.942928824034,0.581185885704,-0.36174293833,decay
69.1,left,0.942495145917,0.581148554594,-0.361346591322,decay
69.11,left,0.942146205786,0.581111096341,-0.361035109445,decay
69.12,left,0.941881270815,0.581073497824,-0.360807772991,decay
69.13,left,0.941694542817,0.581035751933,-0.360658790884,decay
69.14,left,0.94157660544,0.580997860577,-0.360578744863,decay
69.15,left,0.941516196052,0.580959837383,-0.360556358669,decay
69.16,left,0.941501719924,0.580921708486,-0.360580011438,decay
69.17,left,0.941522667209,0.580883510263,-0.360639156946,decay
69.18,left,0.941571387635,0.580845284848,-0.360726102787,decay
69.19,left,0.941644661893,0.580807075021,-0.360837586872,decay
69.2,left,0.941744018933,0.580768919057,-0.360975099876,decay
69.21,left,0.941874649989,0.580730845497,-0.361143804492,decay
69.22,left,0.942043338507,0.580692867754,-0.361350470753,decay
69.23,left,0.942255935451,0.58065497846,-0.361600956991,decay
69.24,left,0.94251548642,0.580617143459,-0.361898342961,decay
69.25,left,0.94282198672,0.580579296125,-0.362242690595,decay
69.26,left,0.943173344215,0.580541334304,-0.362632009911,decay
69.27,left,0.943566381966,0.580503121642,-0.363063260324,decay
69.28,left,0.943997403975,0.580464491983,-0.363532911992,decay
69.29,left,0.944462347872,0.580425254464,-0.364037093408,decay
69.3,left,0.944956330658,0.580385198413,-0.364571132245,decay
69.31,left,0.945472757451,0.580344098089,-0.365128659361,decay
69.32,left,0.946002790311,0.580301717389,-0.365701072922,decay
69.33,left,0.946535395835,0.580257814652,-0.366277581184,decay
69.34,left,0.947057523703,0.580212147701,-0.366845376002,decay
69.35,left,0.947554611985,0.580164479018,-0.367390132967,decay
69.36,left,0.948011810715,0.580114580435,-0.36789723028,decay
69.37,left,0.948415397404,0.580062236923,-0.368353160481,decay
69.38,left,0.948753875255,0.580007250007,-0.368746625248,decay
69.39,left,0.949018950954,0.579949441714,-0.36906950924,decay
69.4,left,0.94920628357,0.579888659485,-0.369317624085,decay
69.41,left,0.949315497274,0.57982478219,-0.369490715083,decay
69.42,left,0.949349543718,0.579757727396,-0.369591816322,decay
69.43,left,0.949313890048,0.579687460014,-0.369626430034,decay
69.44,left,0.949215497859,0.579614002502,-0.369601495357,decay
69.45,left,0.949061378457,0.579537445004,-0.369523933453,decay
69.46,left,0.948857185809,0.579457950054,-0.369399235755,decay
69.47,left,0.948606407799,0.579375747765,-0.369230660034,decay
69.48,left,0.948310035969,0.579291124521,-0.369018911447,decay
69.49,left,0.947966792166,0.579204410686,-0.36876238148,decay
69.5,left,0.947574366171,0.579115969404,-0.368458396767,decay
69.51,left,0.947131254533,0.579026186453,-0.36810506808,decay
69.52,left,0.946638377992,0.578935460883,-0.367702917109,decay
69.53,left,0.94610031325,0.578844196211,-0.367256117038,decay
69.54,left,0.945525897667,0.578752791909,-0.366773105758,decay
69.55,left,0.944927602573,0.578661635539,-0.366265967034,decay
69.56,left,0.944319930677,0.578571097031,-0.365748833647,decay
69.57,left,0.943717921971,0.578481526242,-0.365236395729,decay
69.58,left,0.943136114143,0.578393252658,-0.364742861485,decay
69.59,left,0.942587528878,0.578306585341,-0.364280943537,decay
69.6,left,0.942082896783,0.578221812289,-0.363861084493,decay
69.61,left,0.941630661826,0.578139199066,-0.36349146276,decay
69.62,left,0.941237403495,0.578058986589,-0.363178416906,decay
69.63,left,0.940908124791,0.577981387997,-0.362926736794,decay
69.64,left,0.94064646532,0.57790658447,-0.362739880849,decay
69.65,left,0.940454728871,0.577834720748,-0.362620008123,decay
69.66,left,0.940333492608,0.577765902935,-0.362567589673,decay
69.67,left,0.940281227768,0.577700200525,-0.362581027243,decay
69.68,left,0.940294355365,0.577637651116,-0.362656704249,decay
69.69,left,0.940367477577,0.577578265093,-0.362789212484,decay
69.7,left,0.940493718931,0.577522029183,-0.362971689748,decay
69.71,left,0.940665550249,0.577468908835,-0.363196641414,decay
69.72,left,0.940875800213,0.577418849483,-0.36345695073,decay
69.73,left,0.941118055407,0.577371776696,-0.363746278711,decay
69.74,left,0.941386541479,0.577327595254,-0.364058946225,decay
69.75,left,0.941676224651,0.577286187711,-0.36439003694,decay
69.76,left,0.941983115504,0.577247414216,-0.364735701288,decay
69.77,left,0.942304330361,0.577211114947,-0.365093215414,decay
69.78,left,0.942638060131,0.577177114227,-0.365460945904,decay
69.79,left,0.942983503191,0.577145224585,-0.365838278606,decay
69.8,left,0.943340339144,0.577115250115,-0.36622508903,decay
69.81,left,0.943707911413,0.577086989171,-0.366620922242,decay
69.82,left,0.944084676342,0.577060236497,-0.367024439846,decay
69.83,left,0.944467755333,0.577034784853,-0.36743297048,decay
69.84,left,0.94485230867,0.577010426249,-0.367841882421,decay
69.85,left,0.945231228971,0.576986952888,-0.368244276083,decay
69.86,left,0.945595601393,0.576964158118,-0.368631443275,decay
69.87,left,0.945935524104,0.576941837598,-0.368993686506,decay
69.88,left,0.946240874588,0.576919790629,-0.369321083959,decay
69.89,left,0.946502254708,0.57689782153,-0.369604433178,decay
69.9,left,0.946711998134,0.576875741016,-0.369836257118,decay
69.91,left,0.946864525964,0.576853367674,-0.370011158289,decay
69.92,left,0.946956065099,0.576830529577,-0.370125535522,decay
69.93,left,0.946984339078,0.576807066131,-0.370177272947,decay
69.94,left,0.946948283754,0.576782830209,-0.370165453546,decay
69.95,left,0.946847720573,0.576757690373,-0.3700900302,decay
69.96,left,0.946683278306,0.576731532329,-0.369951745977,decay
69.97,left,0.94645650575,0.576704259,-0.36975224675,decay
69.98,left,0.9461698319,0.576675789766,-0.369494042134,decay
69.99,left,0.945826527505,0.576646059819,-0.369180467686,decay
70,left,0.945430892187,0.576615020038,-0.368815872149,decay
