% Model:              0902gakkai715uA.mph
% Version:            COMSOL 6.2.0.415
% Date:               Aug 6 2026, 16:26
% Table:              プローブテーブル 1 - 
% Time (ms)              温度 (K), 吸収体              温度 (K), TES              アンペアメーターを通る電流 # (µA)
0                        0.16858496766439862      0.16858462294667245      143.0288119038185
0.5                      0.1685849512211619       0.16858425588840834      143.04207468587418
1                        0.16858493080698453      0.16858424758255708      143.04236323405414
1.5                      0.16858491134621578      0.16858424244570694      143.04254158974484
2                        0.16858489267418023      0.16858423764394256      143.0427083040554
2.5                      0.1685848747620894       0.16858423305434417      143.04286765119727
3                        0.16858485757943326      0.16858422865385583      143.04302043253224
3.5                      0.16858484086971928      0.1685842243747616       143.04316899923825
4                        0.1685848247732461       0.16858422025278427      143.04331211096567
4.500000000000001        0.16858480931861494      0.1685842162951642       143.04344951644495
5                        0.16858479449742764      0.16858421249975092      143.04358129026178
5.5                      0.1685847802895273       0.16858420886138778      143.04370761147092
6                        0.16858476667150057      0.16858420537407912      143.04382868823905
6.500000000000001        0.16858475361951952      0.1685842020317235       143.04394473236454
7                        0.1685847411102822       0.16858419882835315      143.0440559510678
7.5                      0.16858472912129302      0.16858419575820713      143.04416254435
8                        0.16858471763094146      0.1685841928157535       143.044264704278
8.5                      0.16858470661849756      0.16858418999568228      143.04436261519498
9.000000000000002        0.1685846960640884       0.16858418729290287      143.04445645383095
9.5                      0.16858468594866285      0.1685841847025399       143.04454638949287
10                       0.16858467625396226      0.1685841822199162       143.0446325845357
10.5                     0.16858466696249053      0.16858417984055085      143.04471519454063
11                       0.16858465805747347      0.16858417756014857      143.04479436862604
11.5                     0.16858464952283767      0.16858417537459383      143.04487024968824
12                       0.1685846413431793       0.1685841732799419       143.04494297467303
12.5                     0.16858463350373287      0.16858417127241107      143.04501267487075
13.000000000000002       0.16858462599034946      0.16858416934837855      143.04507947607743
13.5                     0.1685846187894658       0.16858416750437147      143.04514349887484
14                       0.16858461188808618      0.16858416573706167      143.04520485879524
14.5                     0.16858460527375094      0.16858416404325788      143.04526366665007
15                       0.168584598934523        0.16858416241990348      143.04532002854222
15.5                     0.16858459285895958      0.16858416086406844      143.04537404621163
16                       0.168584587036093        0.16858415937294433      143.0454258171626
16.5                     0.1685845814554155       0.16858415794383982      143.04547543482502
17                       0.16858457610685113      0.16858415657417522      143.04552298879338
17.5                     0.1685845709807471       0.16858415526147813      143.04556856488202
18.000000000000004       0.16858456606785072      0.16858415400337995      143.04561224533455
18.5                     0.16858456135929367      0.16858415279760863      143.04565410903007
19                       0.16858455684657855      0.16858415164198784      143.04569423153384
19.5                     0.1685845525215561       0.16858415053443315      143.04573268522967
20                       0.16858454837642473      0.168584149472944        143.0457695395547
20                       0.16858454837642473      0.168584149472944        143.0457695395547
20.004                   0.16858454834398837      0.16858414946463726      143.04576982793623
20.008                   0.16858454831156297      0.16858414945633404      143.0457701162227
20.012                   0.1685845482791494       0.16858414944803368      143.04577040441276
20.016                   0.16858454824675215      0.16858414943973724      143.04577069245764
20.02                    0.1685845504128469       0.1685841494314427       143.04577098044254
20.024                   0.16952786682734208      0.16858414942315128      143.04577126832623
20.028000000000002       0.16952582610561182      0.1685841517109643       143.0456982538069
20.032                   0.16952421490414046      0.16858420413535732      143.04397786050637
20.036                   0.1695228415492546       0.16858448195836037      143.03469699564602
20.04                    0.16952162365197473      0.16858523947136453      143.0091090522884
20.044                   0.16952052594931702      0.1685868027332314       142.95586916215885
20.048                   0.16951952107546378      0.1685893890348479       142.86730334495454
20.052                   0.169518588526296        0.16859306904807184      142.7408166278716
20.056                   0.16951771487076125      0.1685977801359222       142.57850472070243
20.06                    0.16951689001928721      0.1686033734833404       142.38551209908115
20.064000000000004       0.16951610700624006      0.1686096803314147       142.16771706731845
20.068                   0.16951535947825705      0.16861649832962433      141.93217972924842
20.072                   0.16951464432939795      0.16862371403056176      141.68287280361685
20.076                   0.16951395731961919      0.1686311638859479       141.42550570923785
20.08                    0.16951329533498566      0.1686387226148986       141.16444942408023
20.084                   0.16951265588319234      0.1686462917047641       140.9031366674736
20.088                   0.16951203658836017      0.1686537844317091       140.6445830995938
20.092                   0.16951143622337422      0.16866116010603882      140.39019767941716
20.096                   0.16951085280343847      0.16866836016080994      140.14200718381582
20.100000000000005       0.16951028515578218      0.16867535685806762      139.90096375619055
20.104                   0.1695097321525869       0.16868212806877825      139.6678228715844
20.108                   0.16950919276270496      0.1686886581104801       139.4431153159567
20.112                   0.16950866605656303      0.16869493711280895      139.22716985989783
20.116                   0.1695081511971772       0.16870096001374751      139.02014864822368
20.12                    0.16950764742835414      0.16870672556811067      138.82208201061593
20.124                   0.16950715406352979      0.16871223548422715      138.6328986826117
20.128                   0.169506670476141        0.16871749370954556      138.4524507495508
20.132                   0.16950619609158038      0.16872250585374735      138.2805337365753
20.136000000000003       0.16950573038050643      0.1687272787292941       138.1169025662249
20.14                    0.16950527285332492      0.16873181998876258      137.9612841166269
20.144                   0.16950482305558712      0.1687361378406215       137.81338703136475
20.148                   0.1695043805641457       0.16874024082796515      137.67290932831935
20.152                   0.1695039449839337       0.16874413765748755      137.53954425644315
20.156                   0.1695035159452272       0.16874783706837276      137.4129847636685
20.16                    0.16950309310131575      0.16875134773280762      137.2929268675403
20.164                   0.16950267612650616      0.16875467818147596      137.17907216153625
20.168                   0.16950226471438984      0.16875783674872336      137.0711296426339
20.172000000000004       0.16950185857632974      0.16876083153318533      136.96881700764607
20.176                   0.16950145744014017      0.16876367037049675      136.8718615352689
20.18                    0.16950106104890814      0.1687663608154382       136.78000064663283
20.184                   0.16950066915995385      0.16876891013138665      136.69298221765894
20.188                   0.16950028154388128      0.1687713252854063       136.61056470117524
20.192                   0.16949989798373696      0.16877361294764243      136.5325171045423
20.196                   0.16949951827423757      0.1687757794939825       136.45861885870386
20.2                     0.16949914222106208      0.1687778310111531       136.3886596070372
20.204                   0.1694987696402087       0.16877977330360242      136.32243893607298
20.208000000000002       0.16949840035739766      0.1687816119016622       136.25976606547863
20.212                   0.16949803420751         0.16878335207058925      136.20045951070597
20.216                   0.16949767103408925      0.16878499882017725      136.14434672880776
20.22                    0.16949731068885415      0.16878655691469782      136.09126375540572
20.224                   0.16949695303124976      0.1687880308829837       136.04105483897865
20.228                   0.169496597928033        0.16878942502852484      135.99357207712302
20.232                   0.16949624525287935      0.16879074343944403      135.9486750582485
20.236                   0.16949589488601557      0.1687919899983054       135.90623051125533
20.24                    0.1694955467138668       0.1687931683916774       135.86611196505316
20.244000000000003       0.1694952006287336       0.168794282119407        135.82819941916165
20.248                   0.16949485652848284      0.16879533450359244      135.7923790262254
20.252                   0.16949451431625756      0.1687963286972168       135.7585427869717
20.256                   0.16949417390019464      0.1687972676924549       135.72658825779848
20.260000000000005       0.16949383519317238      0.16879815432862666      135.69641827105002
20.264                   0.169493498112559        0.16879899129980871      135.6679406678977
20.268                   0.1694931625799839       0.16879978116211478      135.6410680435383
20.272                   0.16949282852111244      0.16880052634063228      135.615717504478
20.276                   0.1694924958654394       0.16880122913604723      135.59181043747947
20.28                    0.16949216454608848      0.16880189173094318      135.56927228982354
20.284                   0.1694918344996307       0.16880251619580666      135.54803236044134
20.288                   0.16949150566590052      0.16880310449473304      135.5280236014565
20.292                   0.16949117798782787      0.16880365849085735      135.50918242973657
20.296                   0.16949085141128217      0.1688041799515118       135.49144854798382
20.3                     0.16949052588491625      0.16880467055312842      135.47476477494504
20.304                   0.16949020136002838      0.16880513188589574      135.45907688428116
20.308                   0.1694898777904172       0.1688055654581801       135.44433345173783
20.312                   0.16948955513226283      0.1688059727007248       135.43048571014668
20.316000000000003       0.16948923334400043      0.16880635497063348      135.41748741192075
20.32                    0.16948891238620062      0.16880671355515503      135.40529469864512
20.324                   0.1694885922214622       0.16880704967527313      135.39386597740804
20.328                   0.1694882728143091       0.1688073644891111       135.38316180354732
20.332000000000004       0.1694879541310915       0.1688076590951672       135.37314476945306
20.336                   0.16948763613988405      0.16880793453538168      135.36377939914658
20.34                    0.1694873188104119       0.16880819179804313      135.35503204831494
20.344                   0.16948700211394965      0.16880843182055325      135.34687080955888
20.348                   0.16948668602325345      0.16880865549204468      135.33926542250558
20.352                   0.169486370512477        0.16880886365586403      135.3321871886427
20.356                   0.16948605555710514      0.16880905711193092      135.32560889052306
20.36                    0.16948574113388412      0.16880923661897368      135.3195047151823
20.364                   0.169485427220753        0.16880940289664684      135.31385018153745
20.368000000000002       0.16948511379678405      0.1688095566275476       135.3086220715239
20.372                   0.16948480084213008      0.16880969845912078      135.3037983648289
20.376                   0.16948448833795762      0.16880982900546915      135.29935817699237
20.38                    0.16948417626640655      0.16880994884907305      135.29528170071575
20.384                   0.16948386461053236      0.16881005854241393      135.2915501502314
20.388                   0.16948355335425846      0.16881015860952484      135.28814570852796
20.392                   0.16948324248234004      0.16881024954744991      135.28505147732048
20.396                   0.16948293198030992      0.16881033182763933      135.28225142961833
20.4                     0.1694826218344463       0.16881040589726262      135.27973036473927
20.404000000000003       0.169482312031733        0.1688104721804629       135.27747386564826
20.408                   0.16948200255982113      0.16881053107953983      135.2754682585112
20.412                   0.1694816934069938       0.16881058297607726      135.27370057434396
20.416                   0.16948138456214007      0.1688106282320069       135.27215851263392
20.42                    0.1694810760147145       0.16881066719062351      135.2708304068538
20.424                   0.16948076775471754      0.1688107001775423       135.26970519175202
20.428                   0.16948045977265958      0.16881072750160972      135.2687723723293
20.432                   0.1694801520595367       0.16881074945576902      135.26802199443324
20.436                   0.16947984460681104      0.16881076631787675      135.267444616857
20.440000000000005       0.16947953740637864      0.1688107783514823       135.2670312848814
20.444                   0.1694792304505543       0.16881078580655964      135.2667735052079
20.448                   0.16947892373204188      0.16881078892021345      135.26666322214317
20.452                   0.16947861724392477      0.16881078791733672      135.26669279504588
20.456                   0.16947831097963653      0.16881078301124144      135.26685497693154
20.46                    0.16947800493295037      0.16881077440425382      135.2671428941696
20.464                   0.16947769909795518      0.16881076228828287      135.2675500272505
20.468                   0.16947739346904322      0.16881074684535333      135.26807019252473
20.472                   0.1694770880408962       0.16881072824811658      135.26869752488557
20.476000000000003       0.16947678280846282      0.1688107066603331       135.2694264613613
20.48                    0.16947647776695657      0.16881068223732976      135.27025172554423
20.484                   0.16947617291182931      0.16881065512643698      135.27116831281452
20.488                   0.16947586823877162      0.16881062546739373      135.27217147634497
20.492                   0.16947556374368727      0.16881059339274693      135.2732567138089
20.496                   0.1694752594226934       0.16881055902821468      135.2744197547843
20.5                     0.1694749552721048       0.16881052249304423      135.2756565488098
20.504                   0.16947465128842507      0.16881048390033848      135.27696325404122
20.508                   0.16947434746833417      0.16881044335737783      135.27833622651752
20.512000000000004       0.16947404380868009      0.16881040096591823      135.27977200994906
20.516                   0.16947374030647536      0.16881035682247322      135.28126732607242
20.52                    0.1694734369588818       0.16881031101858884      135.28281906545163
20.524                   0.16947313376320544      0.168810263641096        135.2844242788026
20.528                   0.1694728307168908       0.1688102147723517       135.28608016873577
20.532                   0.16947252781751024      0.1688101644904742       135.28778408192974
20.536                   0.169472225062762        0.16881011286955866      135.28953350171355
20.54                    0.16947192245045792      0.16881005997988302      135.29132604102847
20.544                   0.1694716199785222       0.1688100058881074       135.2931594357511
20.548000000000005       0.1694713176449849       0.16880995065745824      135.2950315383579
20.552                   0.16947101544797494      0.1688098943479052       135.2969403119283
20.556                   0.16947071338571632      0.16880983701633043      135.29888382443775
20.56                    0.16947041145652056      0.16880977871668734      135.30086024336737
20.564                   0.16947010965878742      0.16880971950014792      135.30286783056312
20.568                   0.16946980799099481      0.16880965941525192      135.3049049373967
20.572                   0.16946950645169875      0.16880959850803776      135.3069700001304
20.576                   0.16946920503952742      0.16880953682217242      135.30906153557405
20.58                    0.16946890375317714      0.1688094743990748       135.31117813691222
20.584000000000003       0.16946860259141114      0.16880941127803045      135.31331846977463
20.588                   0.16946830155305267      0.16880934749630103      135.31548126852385
20.592                   0.1694680006369855       0.16880928308922877      135.31766533269683
20.596                   0.16946769984214874      0.16880921809033753      135.31986952365446
20.6                     0.169467399167532        0.16880915253142248      135.32209276140122
20.6                     0.169467399167532        0.16880915253142248      135.32209276140122
20.610000000000003       0.16946664800045763      0.16880898638837544      135.32772724443177
20.620000000000005       0.1694658975632656       0.16880881741940373      135.33345786778207
20.630000000000003       0.16946514784562053      0.16880864594619935      135.33927370504907
20.64                    0.1694643988373829       0.16880847228285623      135.34516408730278
20.650000000000002       0.16946365052924442      0.16880829671572176      135.35111928782987
20.66                    0.16946290291286623      0.1688081194994651       135.35713065573046
20.67                    0.1694621559808334       0.16880794085843442      135.3631905698406
20.68                    0.1694614097265744       0.16880776098953218      135.36929234128374
20.69                    0.1694606641442602       0.16880758006530816      135.37543010822745
20.700000000000003       0.16945991922872158      0.16880739823688382      135.3815987367194
20.710000000000004       0.16945917497535992      0.16880721563657664      135.38779373143748
20.720000000000002       0.1694584313800895       0.16880703238023237      135.39401115667576
20.73                    0.16945768843925857      0.1688068485692617       135.40024756687805
20.740000000000002       0.169456946149608        0.16880666429244304      135.40649994569546
20.75                    0.1694562045082143       0.16880647962748888      135.41276565261452
20.76                    0.16945546351245439      0.16880629464242491      135.4190423761865
20.770000000000003       0.16945472315996213      0.16880610939679566      135.42532809308395
20.78                    0.16945398344860205      0.16880592394271746      135.4316210322512
20.790000000000003       0.16945324437643491      0.1688057383258062       135.43791964352633
20.800000000000004       0.1694525059416999       0.16880555258598437      135.44422257013224
20.810000000000002       0.1694517681427869       0.16880536675818847      135.45052862464937
20.82                    0.16945103097821937      0.16880518087299246      135.45683676790676
20.830000000000002       0.1694502944466393       0.16880499495714854      135.4631460905475
20.84                    0.16944955854679222      0.16880480903406295      135.4694557968904
20.85                    0.1694488232775129       0.16880462312421438      135.4757651907703
20.860000000000003       0.16944808863771368      0.16880443724551342      135.48207366316015
20.870000000000005       0.1694473546263797       0.16880425141362781      135.48838068133077
20.880000000000003       0.16944662124255247      0.1688040656422585       135.49468577934638
20.89                    0.1694458884853298       0.16880387994338547      135.50098854977176
20.900000000000002       0.16944515635385596      0.16880369432748063      135.50728863638213
20.91                    0.1694444248473141       0.16880350880369663      135.51358572778463
20.92                    0.1694436939649237       0.1688033233800308       135.51987955184995
20.93                    0.16944296370593606      0.1688031380634686       135.52616987082737
20.94                    0.1694422340696324       0.16880295286010996      135.53245647706612
20.950000000000003       0.16944150505531513      0.16880276777528         135.53873918925981
20.960000000000004       0.16944077666230756      0.1688025828136223       135.54501784917628
20.970000000000002       0.1694400488899521       0.16880239797919144      135.55129231879093
20.98                    0.1694393217376115       0.16880221327551448      135.55756247776233
20.990000000000002       0.16943859520465698      0.16880202870566863      135.56382822124314
21                       0.16943786929047575      0.16880184427232853      135.5700894579369
21.01                    0.1694371439944661       0.16880165997782157      135.576346108428
21.020000000000003       0.16943641931603565      0.1688014758241674       135.58259810368546
21.03                    0.1694356952545991       0.1688012918131207       135.5888453837863
21.040000000000003       0.1694349718095827       0.16880110794619832      135.5950878967754
21.050000000000004       0.16943424898041398      0.16880092422471546      135.60132559767126
21.060000000000002       0.16943352676653167      0.16880074064980394      135.6075584476066
21.07                    0.16943280516737744      0.16880055722244106      135.613786413054
21.080000000000002       0.1694320841823965       0.16880037394346528      135.6200094651636
21.09                    0.16943136381103974      0.16880019081359465      135.62622757920764
21.1                     0.16943064405276248      0.16880000783344262      135.63244073402404
21.110000000000003       0.16942992490706615      0.16879982500331697      135.63864892362886
21.12                    0.16942920637333753      0.16879964232411585      135.6448521027546
21.130000000000003       0.16942848845108088      0.16879945979592229      135.65105028335444
21.140000000000004       0.1694277711397277       0.1687992774190501       135.65724344861448
21.150000000000002       0.16942705443879796      0.16879909519372482      135.6634315919177
21.16                    0.16942633834782303      0.16879891312012282      135.66961470671794
21.17                    0.16942562286623739      0.1687987311984661       135.6757927832351
21.18                    0.16942490799347526      0.16879854942897016      135.68196581312785
21.19                    0.16942419372899312      0.1687983678117914       135.68813379074473
21.200000000000003       0.16942348007226346      0.1687981863470024       135.6942967140909
21.21                    0.16942276702276246      0.16879800503459816      135.7004545841632
21.220000000000002       0.16942205457997114      0.16879782387452819      135.70660740318115
21.230000000000004       0.16942134274336706      0.16879764286674087      135.7127551728424
21.240000000000002       0.1694206315124313       0.16879746201120224      135.718897893481
21.25                    0.16941992088664565      0.16879728130790378      135.7250355643463
21.26                    0.1694192108654889       0.168797100756843        135.73116818458004
21.270000000000003       0.16941850144844603      0.1687969203580025       135.7372957542508
21.28                    0.16941779263499793      0.16879674011133383      135.74341827488433
21.290000000000003       0.16941708442462924      0.16879656001675647      135.74953574932687
21.3                     0.1694163768168236       0.16879638007417005      135.7556481811062
21.310000000000002       0.16941566981106643      0.16879620028346773      135.76175557370894
21.320000000000004       0.16941496340684367      0.16879602064454938      135.7678579301184
21.330000000000002       0.16941425760364068      0.16879584115732596      135.7739552527902
21.34                    0.16941355240094466      0.16879566182171232      135.7800475439749
21.35                    0.16941284779824287      0.16879548263762367      135.78613480614436
21.360000000000003       0.16941214379502362      0.1687953036049632       135.79221704228135
21.37                    0.16941144039077266      0.16879512472362332      135.79829425591717
21.380000000000003       0.16941073758498293      0.16879494599348607      135.8043664509261
21.39                    0.16941003537714025      0.1687947674144278       135.81043363123837
21.400000000000002       0.16940933376673678      0.16879458898633162      135.8164958006182
21.410000000000004       0.1694086327532619       0.16879441070907894      135.8225529625954
21.42                    0.16940793233620655      0.16879423258255977      135.82860512055854
21.43                    0.16940723251506123      0.1687940546066596       135.83465227792084
21.44                    0.16940653328931837      0.16879387678126737      135.84069443826144
21.450000000000003       0.16940583465847026      0.16879369910626194      135.84673160537156
21.46                    0.1694051366220111       0.16879352158151964      135.85276378320262
21.470000000000002       0.16940443917943163      0.16879334420691622      135.8587909757617
21.480000000000004       0.16940374233022518      0.16879316698232585      135.86481318700658
21.490000000000002       0.16940304607388873      0.16879298990762628      135.87083042079666
21.5                     0.1694023504099142       0.16879281298269427      135.87684268091758
21.51                    0.16940165533779683      0.16879263620741125      135.8828499711371
21.520000000000003       0.16940096085703452      0.1687924595816536       135.88885229526875
21.53                    0.16940026696711868      0.16879228310529898      135.89484965720413
21.540000000000003       0.1693995736675491       0.1687921067782235       135.90084206090336
21.55                    0.16939888095782177      0.16879193060030004      135.90682951035953
21.560000000000002       0.16939818883743213      0.16879175457140513      135.91281200955748
21.570000000000004       0.16939749730588086      0.16879157869141165      135.91878956244082
21.580000000000002       0.1693968063626629       0.16879140296019665      135.92476217291625
21.59                    0.16939611600727747      0.16879122737763552      135.93072984487284
21.6                     0.16939542623922565      0.1687910519436046       135.93669258221067
21.610000000000003       0.1693947370580043       0.16879087665798118      135.94265038884961
21.62                    0.1693940484631147       0.16879070152063833      135.94860326874183
21.630000000000003       0.1693933604540555       0.16879052653145385      135.95455122585517
21.64                    0.16939267303032893      0.1687903516902996       135.96049426415402
21.650000000000002       0.16939198619143486      0.1687901769970527       135.9664323875861
21.660000000000004       0.16939129993687457      0.168790002451588        135.97236560008565
21.67                    0.16939061426615115      0.16878982805378095      135.97829390557516
21.68                    0.16938992917876586      0.16878965380350838      135.98421730796977
21.69                    0.16938924467422292      0.16878947970064562      135.9901358111948
21.700000000000003       0.16938856075202288      0.16878930574506895      135.99604941918403
21.71                    0.16938787741167247      0.16878913193665276      136.00195813587885
21.720000000000002       0.16938719465267402      0.16878895827527393      136.00786196521668
21.73                    0.16938651247453135      0.16878878476080836      136.0137609111315
21.740000000000002       0.16938583087675038      0.16878861139313175      136.01965497754608
21.750000000000004       0.16938514985883651      0.168788438172119        136.02554416837765
21.76                    0.16938446942029498      0.1687882650976487       136.0314284875389
21.770000000000003       0.16938378956063196      0.1687880921695955       136.03730793894275
21.78                    0.16938311027935493      0.168787919387837        136.04318252650214
21.790000000000003       0.16938243157596922      0.16878774675224872      136.04905225413216
21.8                     0.16938175344998413      0.16878757426270863      136.05491712574513
21.810000000000002       0.16938107590090554      0.16878740191909164      136.0607771452521
21.82                    0.16938039892824275      0.16878722972127486      136.06663231655827
21.830000000000002       0.1693797225315049       0.1687870576691357       136.07248264356284
21.840000000000003       0.16937904671019974      0.1687868857625516       136.07832813016128
21.85                    0.16937837146383866      0.16878671400139794      136.08416878024747
21.860000000000003       0.16937769679192985      0.16878654238555402      136.0900045977134
21.87                    0.16937702269398416      0.16878637091489607      136.09583558645068
21.880000000000003       0.16937634916951363      0.16878619958930163      136.1016617503483
21.89                    0.16937567621802768      0.16878602840864704      136.1074830932907
21.900000000000002       0.16937500383903867      0.1687858573728116       136.11329961916135
21.91                    0.1693743320320588       0.1687856864816719       136.11911133183693
21.92                    0.1693736607965991       0.16878551573510608      136.12491823519466
21.930000000000003       0.16937299013217502      0.16878534513299134      136.13072033310598
21.94                    0.16937232003829863      0.16878517467520718      136.13651762944104
21.950000000000003       0.16937165051448247      0.16878500436163035      136.1423101280657
21.96                    0.1693709815602419       0.16878483419214022      136.14809783284676
21.970000000000002       0.16937031317509268      0.16878466416661325      136.1538807476456
21.98                    0.16936964535854598      0.16878449428492967      136.15965887632035
21.990000000000002       0.16936897811012117      0.16878432454696654      136.16543222272583
22                       0.16936831142933215      0.16878415495260396      136.17120079071492
22.01                    0.169367645315694        0.16878398550171886      136.176964584138
22.020000000000003       0.16936697976872508      0.16878381619419108      136.18272360684358
22.03                    0.16936631478794215      0.1687836470298999       136.1884778626747
22.040000000000003       0.16936565037286302      0.168783478008723        136.19422735547292
22.05                    0.16936498652300294      0.16878330913054052      136.1999720890747
22.060000000000002       0.169364323237883        0.16878314039523204      136.2057120673171
22.07                    0.1693636605170217       0.16878297180267526      136.2114472940315
22.080000000000002       0.16936299835993826      0.1687828033527509       136.2171777730479
22.090000000000003       0.16936233676614973      0.16878263504533797      136.22290350819353
22.1                     0.16936167573517694      0.16878246688031623      136.22862450329225
22.110000000000003       0.16936101526654343      0.16878229885756543      136.2343407621641
22.12                    0.1693603553597662       0.1687821309769658       136.24005228862785
22.130000000000003       0.16935969601436593      0.16878196323839625      136.24575908649814
22.14                    0.16935903722986773      0.1687817956417374       136.25146115958816
22.150000000000002       0.16935837900578976      0.1687816281868688       136.2571585117054
22.16                    0.16935772134165689      0.16878146087367157      136.2628511466571
22.17                    0.16935706423699165      0.16878129370202546      136.26853906824618
22.180000000000003       0.1693564076913154       0.1687811266718109       136.2742222802757
22.19                    0.16935575170415496      0.1687809597829091       136.27990078654173
22.200000000000003       0.16935509627503073      0.16878079303519988      136.28557459083882
22.21                    0.16935444140347014      0.1687806264285637       136.29124369695975
22.220000000000002       0.16935378708899573      0.1687804599628824       136.29690810869272
22.23                    0.16935313333113294      0.1687802936380357       136.3025678298245
22.240000000000002       0.16935248012940907      0.16878012745390653      136.30822286413817
22.25                    0.16935182748334837      0.16877996141037388      136.31387321541519
22.26                    0.16935117539247785      0.1687797955073197       136.31951888743174
22.270000000000007       0.16935052385632518      0.1687796297446253       136.3251598839631
22.28                    0.1693498728744164       0.16877946412217257      136.3307962087824
22.290000000000003       0.16934922244628017      0.16877929863984323      136.33642786565812
22.3                     0.16934857257144384      0.1687791332975189       136.34205485835477
22.310000000000002       0.16934792324943626      0.1687789680950795       136.34767719063544
22.32                    0.169347274479785        0.16877880303240864      136.35329486626196
22.330000000000002       0.16934662626202013      0.16877863810938779      136.35890788899232
22.34                    0.16934597859567177      0.16877847332589882      136.36451626258074
22.35                    0.16934533148027026      0.16877830868182442      136.3701199907788
22.360000000000007       0.1693446849153451       0.16877814417704598      136.37571907733545
22.37                    0.16934403890042757      0.1687779798114466       136.38131352599606
22.380000000000003       0.16934339343504926      0.16877781558490834      136.3869033405054
22.39                    0.16934274851874043      0.16877765149731327      136.3924885246024
22.400000000000002       0.16934210415103507      0.16877748754854432      136.39806908202561
22.41                    0.16934146033146444      0.16877732373848486      136.40364501650876
22.42                    0.16934081705956192      0.1687771600670169       136.40921633178556
22.43                    0.16934017433485865      0.1687769965340242       136.41478303158277
22.44                    0.16933953215689207      0.16877683313938846      136.42034511962788
22.450000000000006       0.1693388905251938       0.16877666988299403      136.42590259964413
22.46                    0.16933824943929912      0.1687765067647241       136.431455475352
22.470000000000002       0.16933760889874197      0.16877634378446107      136.43700375046788
22.48                    0.1693369689030591       0.16877618094208902      136.4425474287083
22.490000000000002       0.169336329451784        0.16877601823749094      136.4480865137851
22.5                     0.16933569054445477      0.16877585567055084      136.45362100940693
22.51                    0.169335052180607        0.16877569324115266      136.4591509192801
22.520000000000007       0.1693344143597772       0.16877553094917983      136.46467624710786
22.53                    0.16933377708150318      0.16877536879451652      136.4701969965904
22.540000000000006       0.1693331403453212       0.1687752067770459       136.47571317142794
22.55                    0.16933250415077264      0.16877504489665357      136.4812247753144
22.560000000000002       0.16933186849739226      0.1687748831532219       136.48673181194098
22.57                    0.16933123338472045      0.1687747215466373       136.49223428499607
22.580000000000002       0.16933059881229576      0.16877456007678185      136.49773219816788
22.59                    0.1693299647796592       0.1687743987435422       136.5032255551425
22.6                     0.16932933128634914      0.16877423754680146      136.5087143595981
22.610000000000007       0.1693286983319073       0.16877407648644493      136.51419861521282
22.62                    0.16932806591587357      0.16877391556235746      136.51967832566189
22.630000000000003       0.1693274340377894       0.16877375477442375      136.5251534946185
22.64                    0.16932680269719624      0.1687735941225285       136.53062412575275
22.650000000000002       0.1693261718936368       0.16877343360655683      136.53609022273122
22.66                    0.16932554162665192      0.16877327322639404      136.54155178921775
22.67                    0.16932491189578575      0.16877311298192677      136.54700882887406
22.68                    0.16932428270058072      0.16877295287303798      136.55246134535838
22.69                    0.1693236540405799       0.1687727928996146       136.5579093423265
22.700000000000006       0.1693230259153289       0.1687726330615419       136.56335282343045
22.71                    0.16932239832436954      0.16877247335870574      136.56879179232286
22.720000000000002       0.16932177126724854      0.1687723137909912       136.5742262526492
22.73                    0.16932114474351093      0.16877215435828452      136.57965620805382
22.740000000000002       0.16932051875270132      0.16877199506047266      136.58508166218041
22.75                    0.16931989329436428      0.16877183589744016      136.5905026186664
22.76                    0.1693192683680494       0.1687716768690729       136.59591908114757
22.770000000000003       0.16931864397330032      0.16877151797525933      136.6013310532574
22.78                    0.1693180201096659       0.16877135921588376      136.60673853862784
22.790000000000006       0.16931739677669308      0.1687712005908332       136.61214154088543
22.8                     0.16931677397392925      0.1687710420999936       136.61754006365672
22.810000000000002       0.16931615170092246      0.16877088374325336      136.6229341105635
22.82                    0.1693155299572217       0.1687707255204978       136.62832368522672
22.830000000000002       0.16931490874237523      0.16877056743161326      136.63370879126043
22.840000000000003       0.16931428805593357      0.16877040947648742      136.63908943227952
22.85                    0.1693136678974454       0.16877025165500747      136.64446561189473
22.860000000000003       0.16931304826646232      0.16877009396706064      136.64983733371656
22.87                    0.1693124291625331       0.16876993641253352      136.6552046013485
22.880000000000006       0.16931181058520967      0.16876977899131357      136.66056741839577
22.89                    0.16931119253404234      0.16876962170328777      136.66592578845746
22.900000000000002       0.16931057500858296      0.16876946454834468      136.67127971513162
22.91                    0.16930995800838403      0.16876930752637098      136.6766292020123
22.92                    0.16930934153299837      0.16876915063725487      136.68197425269054
22.93                    0.16930872558197863      0.16876899388088326      136.68731487075624
22.94                    0.16930811015487685      0.1687688372571447       136.6926510597958
22.950000000000003       0.16930749525124675      0.16876868076592755      136.69798282339335
22.96                    0.1693068808706436       0.16876852440711865      136.70331016513018
22.970000000000006       0.16930626701262064      0.1687683681806076       136.70863308858517
22.98                    0.16930565367673378      0.16876821208628154      136.71395159733314
22.990000000000002       0.16930504086253603      0.1687680561240294       136.7192656949461
23                       0.16930442856958458      0.1687679002937385       136.72457538499324
23.01                    0.16930381679743453      0.16876774459529922      136.72988067104296
23.020000000000003       0.1693032055456428       0.16876758902859873      136.73518155665934
23.03                    0.1693025948137653       0.1687674335935262       136.74047804540535
23.040000000000003       0.1693019846013587       0.16876727828997076      136.74577014083985
23.05                    0.16930137490798103      0.1687671231178201       136.75105784651805
23.060000000000006       0.16930076573318983      0.1687669680769649       136.7563411659942
23.07                    0.1693001570765426       0.1687668131672932       136.7616201028187
23.080000000000002       0.16929954893759971      0.16876665838869384      136.76689466054157
23.090000000000003       0.1692989413159176       0.1687665037410573       136.77216484270605
23.1                     0.16929833421105783      0.16876634922427206      136.7774306528545
23.110000000000003       0.1692977276225787       0.16876619483822736      136.7826920945286
23.12                    0.16929712155003873      0.16876604058281414      136.78794917126606
23.130000000000006       0.1692965159929999       0.1687658864579207       136.79320188659975
23.14                    0.1692959109510252       0.16876573246343723      136.7984502440617
23.150000000000006       0.16929530642367235      0.16876557859925312      136.8036942471829
23.16                    0.1692947024105035       0.16876542486525878      136.80893389948773
23.17                    0.16929409891108207      0.168765271261345        136.8141692045007
23.18                    0.16929349592496934      0.1687651177873999       136.81940016574296
23.19                    0.16929289345172635      0.16876496444331562      136.8246267867324
23.200000000000003       0.16929229149091887      0.16876481122898082      136.82984907098495
23.21                    0.16929169004210853      0.16876465814428768      136.83506702201285
23.220000000000006       0.1692910891048602       0.1687645051891252       136.84028064332742
23.23                    0.16929048867873767      0.16876435236338438      136.8454899384362
23.240000000000002       0.16928988876330336      0.16876419966695644      136.85069491084352
23.25                    0.16928928935812598      0.16876404709973117      136.8558955640516
23.26                    0.16928869046276704      0.16876389466159972      136.86109190155798
23.270000000000003       0.16928809207679432      0.1687637423524537       136.86628392686242
23.28                    0.1692874941997737       0.16876359017218417      136.87147164345913
23.290000000000003       0.1692868968312706       0.1687634381206811       136.87665505483758
23.3                     0.16928629997085118      0.1687632861978366       136.8818341644859
23.310000000000006       0.16928570361808548      0.16876313440354174      136.88700897589138
23.32                    0.1692851077725378       0.16876298273768783      136.8921794925371
23.330000000000002       0.16928451243377846      0.16876283120016602      136.89734571790498
23.340000000000003       0.1692839176013723       0.16876267979086973      136.90250765547145
23.35                    0.1692833232748919       0.1687625285096879       136.9076653087125
23.360000000000003       0.16928272945390374      0.16876237735651503      136.91281868109988
23.37                    0.16928213613797655      0.16876222633124047      136.9179677761042
23.380000000000003       0.16928154332668205      0.16876207543375793      136.92311259719256
23.39                    0.16928095101959023      0.16876192466395853      136.92825314782982
23.400000000000006       0.16928035921626883      0.1687617740217349       136.93338943147893
23.41                    0.169279767916292        0.168761623506979        136.93852145159687
23.42                    0.1692791771192281       0.1687614731195832       136.9436492116421
23.43                    0.1692785868246508       0.16876132285943982      136.94877271506775
23.44                    0.16927799703213         0.1687611727264414       136.9538919653258
23.450000000000003       0.1692774077412383       0.16876102272048119      136.95900696586455
23.46                    0.16927681895154986      0.16876087284145108      136.9641177201301
23.470000000000002       0.16927623066263664      0.1687607230892444       136.96922423156505
23.48                    0.16927564287407246      0.16876057346375276      136.97432650360992
23.490000000000006       0.16927505558543052      0.16876042396487068      136.97942453970464
23.5                     0.16927446879628422      0.16876027459249066      136.98451834328372
23.51                    0.16927388250620878      0.16876012534650497      136.98960791778032
23.520000000000003       0.1692732967147794       0.1687599762268083       136.99469326662452
23.53                    0.16927271142157035      0.16875982723329286      136.99977439324155
23.540000000000003       0.16927212662615881      0.1687596783658526       137.00485130105673
23.55                    0.16927154232811775      0.1687595296243815       137.00992399349448
23.560000000000002       0.16927095852702562      0.16875938100877164      137.01499247397376
23.57                    0.1692703752224583       0.16875923251891753      137.020056745911
23.580000000000005       0.16926979241399343      0.16875908415471294      137.02511681272173
23.590000000000003       0.1692692101012071       0.16875893591605182      137.03017267781516
23.6                     0.16926862828367753      0.16875878780282844      137.0352243446027
23.610000000000003       0.1692680469609837       0.16875863981493594      137.04027181648814
23.62                    0.16926746613270321      0.16875849195226933      137.04531509687672
23.630000000000003       0.169266885798414        0.16875834421472202      137.0503541891688
23.64                    0.1692663059576979       0.16875819660218877      137.0553890967653
23.650000000000006       0.16926572661013065      0.16875804911456407      137.06041982306064
23.66                    0.1692651477552948       0.1687579017517419       137.0654463714484
23.670000000000005       0.1692645693927707       0.16875775451361733      137.0704687453177
23.68                    0.16926399152213553      0.16875760740008505      137.0754869480575
23.69                    0.16926341414297438      0.16875746041103962      137.08050098305435
23.700000000000003       0.1692628372548668       0.16875731354637538      137.08551085368896
23.71                    0.16926226085739476      0.16875716680598782      137.09051656334302
23.720000000000002       0.16926168495013982      0.16875702018977215      137.0955181153935
23.73                    0.16926110953268386      0.168756873697623        137.10051551321686
23.740000000000006       0.16926053460460927      0.16875672732943564      137.10550876018422
23.75                    0.16925996016550238      0.16875658108510574      137.1104978596657
23.760000000000005       0.16925938621494177      0.16875643496452783      137.11548281502795
23.770000000000003       0.16925881275251542      0.16875628896759867      137.12046362963588
23.78                    0.16925823977780496      0.1687561430942128       137.12544030685066
23.790000000000003       0.16925766729039665      0.16875599734426563      137.1304128500327
23.8                     0.1692570952898744       0.16875585171765356      137.1353812625395
23.810000000000002       0.1692565237758221       0.16875570621427213      137.14034554772405
23.82                    0.1692559527478269       0.16875556083401758      137.14530570893874
23.830000000000005       0.1692553822054754       0.1687554155767853       137.15026174953275
23.840000000000003       0.16925481214835258      0.1687552704424717       137.15521367285197
23.85                    0.16925424257604488      0.1687551254309727       137.16016148223852
23.860000000000003       0.16925367348813938      0.16875498054218555      137.16510518103556
23.87                    0.16925310488422451      0.16875483577600484      137.1700447725821
23.880000000000003       0.16925253676388585      0.16875469113232852      137.1749802602151
23.89                    0.1692519691267143       0.16875454661105183      137.17991164726516
23.900000000000002       0.16925140197229657      0.16875440221207239      137.18483893706542
23.91                    0.16925083530021995      0.1687542579352864       137.18976213294326
23.920000000000005       0.16925026911007673      0.1687541137805912       137.1946812382252
23.93                    0.16924970340145423      0.16875396974788287      137.1995962562343
23.94                    0.16924913817394185      0.16875382583705847      137.20450719029066
23.950000000000003       0.16924857342713207      0.16875368204801566      137.20941404371408
23.96                    0.1692480091606129       0.16875353838065077      137.21431681981747
23.970000000000002       0.16924744537397604      0.16875339483486168      137.21921552191557
23.98                    0.1692468820668136       0.16875325141054504      137.2241101533183
23.990000000000002       0.16924631923871553      0.1687531081075987       137.2290007173338
24                       0.16924575688927482      0.16875296492592026      137.23388721726653
24.010000000000005       0.1692451950180841       0.16875282186540694      137.23876965641978
24.020000000000003       0.16924463362473322      0.1687526789259563       137.24364803809385
24.03                    0.16924407270881822      0.16875253610746618      137.24852236558596
24.040000000000003       0.16924351226993128      0.16875239340983453      137.2533926421917
24.05                    0.16924295230766645      0.1687522508329592       137.25825887120394
24.060000000000002       0.1692423928216168       0.16875210837673807      137.26312105591322
24.07                    0.169241833811377        0.1687519660410696       137.2679791996046
24.080000000000002       0.16924127527654173      0.16875182382585113      137.27283330556287
24.090000000000003       0.16924071721670547      0.16875168173098157      137.27768337707107
24.100000000000005       0.16924015963146483      0.16875153975635876      137.2825294174106
24.110000000000003       0.1692396025204158       0.16875139790188184      137.2873714298593
24.12                    0.16923904588315172      0.16875125616744857      137.29220941768978
24.130000000000003       0.16923848971927177      0.16875111455295777      137.29704338417363
24.14                    0.16923793402837195      0.16875097305830866      137.30187333258203
24.150000000000002       0.1692373788100481       0.16875083168339955      137.30669926618188
24.16                    0.1692368240638985       0.16875069042812874      137.31152118823664
24.17                    0.1692362697895216       0.16875054929239547      137.31633910200893
24.18                    0.16923571598651538      0.1687504082760997       137.32115301075854
24.190000000000005       0.16923516265447752      0.16875026737913892      137.3259629177431
24.200000000000003       0.16923460979300634      0.1687501266014138       137.33076882621742
24.21                    0.16923405740170214      0.16874998594282326      137.3355707394321
24.220000000000002       0.16923350548016267      0.16874984540326565      137.3403686606365
24.23                    0.16923295402799218      0.16874970498264152      137.34516259307753
24.240000000000002       0.16923240304478535      0.1687495646808498       137.34995253999904
24.25                    0.16923185253014722      0.16874942449779048      137.3547385046442
24.260000000000005       0.1692313024836749       0.16874928443336318      137.3595204902527
24.270000000000003       0.16923075290497083      0.1687491444874671       137.3642985000616
24.280000000000005       0.1692302037936385       0.16874900466000342      137.36907253730368
24.290000000000003       0.169229655149278        0.1687488649508706       137.3738426052116
24.3                     0.1692291069714901       0.1687487253599691       137.37860870701462
24.310000000000002       0.16922855925988         0.16874858588719974      137.38337084593854
24.32                    0.16922801201404916      0.1687484465324618       137.38812902520905
24.330000000000002       0.16922746523360196      0.1687483072956562       137.39288324804758
24.340000000000003       0.1692269189181406       0.168748168176683        137.39763351767277
24.350000000000005       0.16922637306727148      0.16874802917544318      137.40237983730205
24.360000000000003       0.1692258276805951       0.1687478902918371       137.4071222101501
24.370000000000005       0.16922528275771873      0.16874775152576366      137.41186063942945
24.380000000000003       0.169224738298246        0.1687476128771263       137.41659512834778
24.39                    0.16922419430178262      0.1687474743458244       137.42132568011198
24.400000000000002       0.16922365076793475      0.16874733593175906      137.42605229792713
24.41                    0.1692231076963076       0.16874719763483084      137.4307749849948
24.42                    0.16922256508650713      0.16874705945494056      137.43549374451405
24.43                    0.16922202293814115      0.16874692139199032      137.44020857968226
24.440000000000005       0.16922148125081657      0.1687467834458814       137.44491949369362
24.450000000000003       0.16922094002413912      0.16874664561651384      137.44962648974115
24.46                    0.1692203992577173       0.16874650790379025      137.45432957101323
24.470000000000002       0.16921985895116012      0.1687463703076113       137.45902874069648
24.48                    0.16921931910407395      0.16874623282787868      137.46372400197566
24.490000000000002       0.16921877971606764      0.1687460954644935       137.46841535803276
24.5                     0.1692182407867519       0.16874595821735958      137.4731028120477
24.51                    0.16921770231573513      0.1687458210863763       137.4777863671967
24.520000000000003       0.16921716430262512      0.16874568407144636      137.48246602665506
24.530000000000005       0.169216626747035        0.16874554717247242      137.48714179359558
24.540000000000003       0.16921608964857304      0.16874541038935512      137.49181367118882
24.55                    0.16921555300684987      0.16874527372199777      137.49648166259882
24.560000000000002       0.1692150168214777       0.16874513717030196      137.50114577099197
24.57                    0.16921448109206735      0.16874500073417095      137.5058059995296
24.580000000000002       0.16921394581822918      0.1687448644135055       137.51046235137332
24.590000000000003       0.16921341099957643      0.1687447282082096       137.51511482967982
24.6                     0.16921287663572113      0.1687445921181845       137.51976343760472
24.61                    0.16921234272627522      0.1687444561433333       137.52440817829864
24.620000000000005       0.16921180927085297      0.16874432028355882      137.52904905491238
24.630000000000003       0.16921127626906549      0.16874418453876405      137.53368607059292
24.64                    0.1692107437205299       0.16874404890885145      137.5383192284865
24.650000000000002       0.16921021162485572      0.1687439133937245       137.54294853173658
24.660000000000004       0.16920967998166098      0.16874377799328524      137.5475739834818
24.67                    0.16920914879055862      0.1687436427074376       137.55219558685968
24.68                    0.1692086180511636       0.16874350753608436      137.5568133450068
24.69                    0.16920808776309146      0.1687433724791291       137.56142726105557
24.700000000000003       0.1692075579259566       0.16874323753647533      137.5660373381363
24.710000000000004       0.16920702853937755      0.16874310270802612      137.57064357937676
24.720000000000002       0.16920649960296824      0.16874296799368474      137.57524598790343
24.73                    0.16920597111634583      0.16874283339335525      137.579844566838
24.740000000000002       0.1692054430791275       0.16874269890694105      137.58443931930233
24.75                    0.16920491549093028      0.16874256453434594      137.58903024841368
24.76                    0.1692043883513717       0.16874243027547406      137.5936173572902
24.770000000000003       0.16920386166006962      0.1687422961302292       137.59820064904298
24.78                    0.16920333541664226      0.16874216209851498      137.60278012678472
24.790000000000003       0.16920280962070822      0.16874202818023593      137.6073557936229
24.800000000000004       0.1692022842718874       0.16874189437529583      137.61192765266344
24.810000000000002       0.16920175936979598      0.16874176068359956      137.61649570701115
24.82                    0.16920123491405564      0.16874162710505136      137.62105995976546
24.830000000000002       0.16920071090428654      0.16874149363955468      137.62562041402714
24.840000000000003       0.1692001873401077       0.1687413602870148       137.63017707289208
24.85                    0.1691996642211416       0.16874122704733555      137.63472993945487
24.86                    0.1691991415470064       0.1687410939204233       137.63927901680705
24.870000000000005       0.16919861931732472      0.1687409609061807       137.6438243080373
24.880000000000003       0.16919809753171688      0.16874082800451376      137.648365816233
24.890000000000004       0.1691975761898072       0.16874069521532725      137.6529035444794
24.900000000000002       0.16919705529121384      0.16874056253852557      137.65743749585604
24.910000000000004       0.16919653483556282      0.1687404299740143       137.6619676734437
24.92                    0.16919601482247457      0.16874029752169892      137.66649408032012
24.93                    0.16919549525157396      0.16874016518148394      137.67101671955905
24.94                    0.1691949761224823       0.16874003295327497      137.67553559423533
24.950000000000003       0.16919445743482525      0.1687399008369771       137.6800507074177
24.960000000000004       0.16919393918822578      0.16873976883249572      137.68456206217402
24.970000000000002       0.1691934213823083       0.16873963693973654      137.6890696615688
24.980000000000004       0.16919290401669843      0.16873950515860656      137.69357350866522
24.990000000000002       0.16919238709102016      0.16873937348900853      137.69807360652322
25                       0.16919187060489807      0.1687392419308511       137.7025699582021
25.01                    0.1691913545579601       0.16873911048403795      137.70706256675672
25.020000000000003       0.1691908389498294       0.16873897914847644      137.71155143524106
25.03                    0.1691903237801342       0.16873884792407162      137.7160365667045
25.040000000000003       0.1691898090485023       0.1687387168107301       137.72051796419711
25.050000000000004       0.16918929475455557      0.16873858580835838      137.72499563076582
25.060000000000002       0.16918878089792674      0.16873845491686149      137.72946956945395
25.07                    0.16918826747824106      0.16873832413614667      137.7339397833014
25.080000000000002       0.16918775449512652      0.1687381934661208       137.73840627534625
25.090000000000003       0.16918724194821036      0.16873806290668936      137.74286904862845
25.1                     0.1691867298371226       0.16873793245775917      137.74732810618252
25.11                    0.16918621816149146      0.16873780211923772      137.75178345103737
25.12                    0.16918570692094645      0.16873767189103037      137.75623508622442
25.130000000000003       0.16918519611511557      0.16873754177304431      137.7606830147705
25.140000000000004       0.16918468574362988      0.16873741176518692      137.7651272396994
25.150000000000002       0.16918417580611883      0.16873728186736506      137.76956776403537
25.160000000000004       0.16918366630221413      0.16873715207948553      137.77400459079738
25.17                    0.16918315723154617      0.16873702240145536      137.77843772300363
25.18                    0.16918264859374454      0.16873689283318194      137.78286716366944
25.19                    0.16918214038844062      0.16873676337457297      137.78729291580777
25.200000000000003       0.16918163261526628      0.1687366340255346       137.7917149824294
25.21                    0.16918112527385643      0.16873650478597474      137.79613336654356
25.220000000000002       0.16918061836384046      0.16873637565580132      137.80054807115454
25.230000000000004       0.16918011188484963      0.16873624663492184      137.80495909926734
25.240000000000002       0.1691796058365208       0.1687361177232441       137.80936645388323
25.25                    0.16917910021848442      0.1687359889206757       137.8137701379992
25.26                    0.16917859503037336      0.16873586022712367      137.81817015461417
25.270000000000003       0.1691780902718249       0.16873573164249686      137.82256650671997
25.28                    0.1691775859424703       0.16873560316670283      137.82695919730983
25.290000000000003       0.16917708204194484      0.16873547479964976      137.8313482293748
25.3                     0.16917657856988336      0.1687353465412454       137.83573360590228
25.310000000000002       0.16917607552592143      0.16873521839139866      137.8401153298738
25.320000000000004       0.1691755729096932       0.16873509035001724      137.84449340427375
25.330000000000002       0.1691750707208357       0.16873496241701022      137.84886783208353
25.340000000000003       0.16917456895898397      0.1687348345922849       137.85323861627904
25.35                    0.16917406762377474      0.1687347068757504       137.85760575983684
25.36                    0.16917356671484504      0.1687345792673158       137.8619692657305
25.37                    0.16917306623183226      0.16873445176688923      137.86632913692992
25.380000000000003       0.16917256617437323      0.16873432437437894      137.87068537640437
25.39                    0.16917206654210362      0.16873419708969448      137.87503798712098
25.400000000000002       0.16917156733466424      0.16873406991274503      137.87938697204257
25.410000000000007       0.16917106855169112      0.1687339428434385       137.88373233412966
25.42                    0.16917057019282414      0.1687338158816845       137.88807407634408
25.43                    0.16917007225770178      0.16873368902739228      137.8924122016415
25.44                    0.16916957474596359      0.1687335622804716       137.8967467129764
25.450000000000003       0.16916907765724679      0.16873343564083068      137.9010776133013
25.46                    0.16916858099119467      0.16873330910837908      137.9054049055662
25.470000000000002       0.16916808474744446      0.16873318268302673      137.90972859271906
25.480000000000004       0.16916758892563866      0.1687330563646821       137.91404867770575
25.490000000000002       0.16916709352541456      0.1687329301532568       137.91836516346837
25.500000000000004       0.16916659854641694      0.1687328040486574       137.92267805294844
25.51                    0.16916610398828685      0.16873267805079753      137.92698734908427
25.520000000000003       0.16916560985066298      0.16873255215958333      137.93129305481253
25.53                    0.1691651161331891       0.16873242637492736      137.9355951730679
25.540000000000003       0.1691646228355061       0.16873230069673806      137.93989370677866
25.55                    0.16916412995725885      0.16873217512492553      137.94418865887675
25.560000000000002       0.16916363749808866      0.1687320496594006       137.9484800322901
25.570000000000004       0.16916314545763797      0.16873192430007344      137.9527678299408
25.580000000000002       0.16916265383555207      0.1687317990468534       137.9570520547525
25.590000000000003       0.1691621626314727       0.16873167389965163      137.96133270964563
25.6                     0.16916167184504627      0.16873154885837946      137.9656097975386
25.61                    0.16916118147591386      0.16873142392294474      137.96988332134617
25.62                    0.16916069152372254      0.1687312990932609       137.974153283981
25.630000000000003       0.1691602019881172       0.16873117436923635      137.97841968835488
25.64                    0.16915971286874182      0.16873104975078332      137.98268253737638
25.650000000000002       0.16915922416524365      0.16873092523781177      137.9869418339517
25.660000000000007       0.16915873587726646      0.1687308008302327       137.99119758098544
25.67                    0.1691582480044575       0.16873067652795748      137.9954497813804
25.68                    0.16915776054646398      0.16873055233089634      137.99969843803456
25.69                    0.16915727350293222      0.16873042823896137      138.00394355384552
25.700000000000003       0.16915678687350763      0.16873030425206403      138.00818513170785
25.71                    0.16915630065784013      0.16873018037011317      138.01242317451647
25.720000000000002       0.16915581485557546      0.16873005659302276      138.01665768516
25.73                    0.16915532946636141      0.1687299329207031       138.02088866652798
25.740000000000002       0.16915484448984822      0.16872980935306592      138.02511612150502
25.750000000000004       0.1691543599256842       0.16872968589002157      138.02934005297507
25.76                    0.16915387577351618      0.16872956253148436      138.0335604638199
25.770000000000003       0.1691533920329952       0.16872943927736295      138.03777735691827
25.78                    0.1691529087037697       0.16872931612757153      138.04199073514863
25.790000000000003       0.1691524257854891       0.16872919308202         138.04620060138305
25.8                     0.16915194327780475      0.16872907014062188      138.050406958498
25.810000000000002       0.16915146118036675      0.16872894730328855      138.05460980936178
25.82                    0.16915097949282432      0.16872882456993155      138.058809156841
25.830000000000002       0.16915049821482941      0.16872870194046366      138.0630050038008
25.840000000000007       0.16915001734603452      0.16872857941479688      138.06719735310486
25.85                    0.1691495368860894       0.16872845699284336      138.07138620761665
25.86                    0.16914905683464695      0.16872833467451637      138.07557157019448
25.87                    0.16914857719135828      0.16872821245972675      138.0797534436935
25.880000000000003       0.16914809795587657      0.16872809034838795      138.0839318309677
25.89                    0.16914761912785523      0.1687279683404134       138.08810673487253
25.900000000000002       0.16914714070694445      0.1687278464357142       138.0922781582565
25.910000000000007       0.1691466626928019       0.16872772463420382      138.0964461039656
25.92                    0.16914618508507737      0.1687276029357948       138.10061057484654
25.930000000000003       0.1691457078834268       0.16872748134039994      138.10477157374237
25.94                    0.1691452310875041       0.1687273598479335       138.10892910349367
25.950000000000003       0.1691447546969648       0.16872723845830653      138.11308316693902
25.96                    0.16914427871146145      0.16872711717143382      138.1172337669164
25.970000000000002       0.16914380313065047      0.16872699598722724      138.12138090625987
25.98                    0.16914332795418696      0.1687268749056004       138.12552458780092
25.990000000000002       0.1691428531817262       0.16872675392646774      138.12966481436894
26.000000000000004       0.1691423788129251       0.16872663304974095      138.13380158879238
26.01                    0.16914190484744007      0.1687265122753348       138.13793491389578
26.020000000000007       0.169141431284926        0.16872639160316152      138.14206479250356
26.03                    0.16914095812504126      0.16872627103313617      138.14619122743574
26.040000000000003       0.16914048536744325      0.1687261505651719       138.15031422151148
26.05                    0.1691400130117888       0.1687260301991824       138.15443377754747
26.060000000000002       0.16913954105773446      0.16872590993508133      138.15854989835694
26.07                    0.169139069504941        0.16872578977278183      138.16266258675242
26.080000000000002       0.16913859835306436      0.1687256697122          138.16677184554536
26.090000000000007       0.1691381276017649       0.16872554975324808      138.17087767754177
26.1                     0.16913765725069904      0.16872542989584136      138.1749800855467
26.110000000000003       0.16913718729952898      0.1687253101398928       138.17907907236474
26.12                    0.16913671774791209      0.16872519048531778      138.18317464079652
26.130000000000003       0.16913624859550988      0.16872507093202935      138.18726679364124
26.14                    0.16913577984198086      0.16872495147994332      138.1913555336941
26.150000000000002       0.169135311486985        0.1687248321289737       138.19544086375163
26.160000000000004       0.1691348435301851       0.16872471287903484      138.19952278660475
26.17                    0.16913437597124217      0.16872459373004184      138.20360130504412
26.180000000000003       0.16913390880981435      0.16872447468190863      138.20767642185726
26.19                    0.16913344204556566      0.1687243557345508       138.21174813982884
26.200000000000003       0.16913297567815624      0.16872423688788182      138.21581646174346
26.21                    0.1691325097072518       0.16872411814181873      138.2198813903833
26.220000000000002       0.1691320441325105       0.16872399949627492      138.22394292852567
26.23                    0.16913157895359676      0.16872388095116544      138.2280010789471
26.240000000000002       0.1691311141701741       0.16872376250640628      138.23205584442496
26.25                    0.16913064978190454      0.16872364416191246      138.23610722773006
26.26                    0.16913018578845185      0.16872352591759868      138.24015523163197
26.270000000000007       0.16912972218948139      0.16872340777338113      138.24419985890128
26.28                    0.1691292589846563       0.16872328972917397      138.24824111230186
26.290000000000003       0.16912879617363966      0.1687231717848942       138.25227899459765
26.3                     0.16912833375609868      0.16872305394045628      138.25631350855036
26.310000000000002       0.1691278717316955       0.16872293619577644      138.2603446569208
26.32                    0.1691274101000976       0.16872281855076945      138.2643724424647
26.330000000000002       0.16912694886097016      0.16872270100535253      138.26839686793846
26.340000000000003       0.16912648801397753      0.16872258355944048      138.27241793609463
26.35                    0.1691260275587879       0.16872246621294884      138.27643564968278
26.360000000000003       0.16912556749506766      0.16872234896579508      138.28045001145105
26.37                    0.1691251078224825       0.16872223181789406      138.28446102414753
26.380000000000003       0.16912464854069748      0.16872211476916305      138.2884686905162
26.39                    0.16912418964938217      0.1687219978195172       138.29247301330037
26.400000000000002       0.16912373114820523      0.16872188096887236      138.29647399523915
26.410000000000004       0.16912327303683164      0.16872176421714552      138.3004716390694
26.42                    0.16912281531493242      0.1687216475642536       138.30446594752675
26.43                    0.16912235798217484      0.16872153101011314      138.30845692334432
26.44                    0.16912190103822478      0.16872141455463915      138.3124445692547
26.450000000000006       0.16912144448275518      0.1687212981977496       138.31642888798507
26.46                    0.16912098831543348      0.16872118193936161      138.3204098822645
26.470000000000002       0.16912053253592943      0.16872106577939058      138.3243875548174
26.48                    0.16912007714391317      0.16872094971775395      138.32836190836795
26.490000000000002       0.16911962213905363      0.16872083375436878      138.33233294563522
26.5                     0.16911916752102304      0.16872071788915124      138.33630066933625
26.51                    0.1691187132894898       0.16872060212201995      138.34026508218793
26.520000000000007       0.16911825944412653      0.1687204864528908       138.34422618690553
26.53                    0.1691178059846042       0.16872037088168101      138.348183986199
26.540000000000006       0.16911735291059438      0.16872025540830793      138.3521384827788
26.55                    0.16911690022176837      0.1687201400326895       138.35608967935525
26.560000000000002       0.16911644791779812      0.16872002475474243      138.36003757863358
26.57                    0.16911599599835617      0.1687199095743849       138.3639821833165
26.580000000000002       0.16911554446311536      0.16871979449153354      138.36792349610147
26.590000000000003       0.16911509331174868      0.16871967950610664      138.37186151969027
26.6                     0.1691146425439281       0.16871956461802098      138.37579625678094
26.610000000000003       0.1691141921593294       0.16871944982719517      138.3797277100688
26.62                    0.16911374215762404      0.16871933513354717      138.38365588224477
26.630000000000006       0.16911329253848678      0.16871922053699373      138.38758077600093
26.64                    0.1691128433015933       0.16871910603745413      138.39150239402582
26.650000000000002       0.1691123944466164       0.16871899163484572      138.39542073900392
26.660000000000004       0.16911194597323065      0.16871887732908625      138.39933581362163
26.67                    0.1691114978811113       0.1687187631200948       138.40324762055945
26.68                    0.16911105016993602      0.16871864900778855      138.40715616249852
26.69                    0.16911060283937818      0.16871853499208667      138.41106144211588
26.700000000000006       0.16911015588911463      0.16871842107290705      138.41496346208888
26.71                    0.16910970931882185      0.16871830725016831      138.41886222508995
26.720000000000002       0.1691092631281741       0.16871819352378892      138.42275773379137
26.73                    0.1691088173168504       0.16871807989368753      138.426649990862
26.740000000000002       0.16910837188452935      0.16871796635978192      138.43053899896924
26.75                    0.1691079268308836       0.16871785292199198      138.43442476077888
26.76                    0.16910748215559543      0.16871773958023625      138.43830727895224
26.770000000000003       0.16910703785834055      0.16871762633443343      138.4421865561532
26.78                    0.16910659393879665      0.16871751318450187      138.44606259503956
26.790000000000006       0.16910615039664237      0.16871740013036116      138.4499353982672
26.8                     0.16910570723155743      0.16871728717193069      138.453804968491
26.810000000000002       0.16910526444322047      0.16871717430912908      138.45767130836435
26.82                    0.1691048220313099       0.16871706154187455      138.461534420539
26.830000000000002       0.16910437999550673      0.16871694887008803      138.4653943076621
26.840000000000003       0.16910393833548829      0.16871683629368833      138.46925097237897
26.85                    0.16910349705093725      0.16871672381259417      138.47310441733507
26.86                    0.1691030561415338       0.16871661142672645      138.47695464517108
26.87                    0.16910261560695639      0.1687164991360029       138.48080165852883
26.880000000000006       0.1691021754468879       0.16871638694034413      138.48464546004496
26.89                    0.16910173566100786      0.16871627483966964      138.48848605235668
26.900000000000002       0.16910129624899928      0.1687161628338988       138.49232343809854
26.910000000000004       0.16910085721054313      0.16871605092295264      138.49615761990083
26.92                    0.16910041854532112      0.1687159391067502       138.4999886003928
26.93                    0.1690999802530176       0.16871582738521085      138.50381638220333
26.94                    0.16909954233331131      0.16871571575825473      138.50764096795652
26.950000000000003       0.16909910478588844      0.1687156042258027       138.51146236027583
26.96                    0.16909866761042996      0.1687154927877744       138.51528056178347
26.970000000000006       0.16909823080662112      0.1687153814440902       138.51909557509893
26.98                    0.16909779437414352      0.16871527019466995      138.52290740283908
26.990000000000002       0.16909735831268213      0.1687151590394347       138.52671604761784
27                       0.16909692262192047      0.1687150479783045       138.53052151204997
27.01                    0.16909648730154359      0.16871493701119944      138.5343237987467
27.020000000000003       0.16909605235123656      0.16871482613804065      138.53812291031562
27.03                    0.1690956177706837       0.16871471535874866      138.54191884936336
27.040000000000003       0.16909518355956885      0.16871460467324365      138.54571161849418
27.05                    0.16909474971758048      0.16871449408144648      138.54950122031363
27.060000000000006       0.16909431624440308      0.1687143835832785       138.55328765742
27.07                    0.16909388313972096      0.16871427317866028      138.55707093241412
27.080000000000002       0.16909345040322285      0.16871416286751226      138.56085104789074
27.090000000000003       0.16909301803459326      0.16871405264975614      138.56462800644394
27.1                     0.16909258603352087      0.16871394252531313      138.568401810667
27.11                    0.16909215439969263      0.16871383249410338      138.57217246314943
27.12                    0.16909172313279366      0.16871372255604897      138.57593996648006
27.130000000000006       0.16909129223251343      0.1687136127110708       138.57970432324447
27.14                    0.16909086169853896      0.1687135029590913       138.58346553602956
27.150000000000006       0.16909043153056083      0.16871339330002966      138.58722360741532
27.160000000000004       0.16909000172826466      0.16871328373380895      138.5909785399831
27.17                    0.16908957229134028      0.16871317426035026      138.59473033630957
27.18                    0.16908914321947704      0.16871306487957524      138.59847899897156
27.19                    0.16908871451236293      0.16871295559140534      138.60222453054232
27.200000000000003       0.1690882861696893       0.16871284639576292      138.6059669335944
27.21                    0.16908785819114414      0.1687127372925692       138.60970621069703
27.220000000000006       0.1690874305764183       0.16871262828174596      138.61344236441985
27.23                    0.16908700332520166      0.1687125193632166       138.6171753973279
27.240000000000006       0.16908657643718586      0.16871241053690106      138.620905311986
27.25                    0.1690861499120599       0.1687123018027221       138.62463211095323
27.26                    0.16908572374951497      0.1687121931606021       138.62835579679037
27.270000000000003       0.16908529794924432      0.16871208461046405      138.63207637205605
27.28                    0.16908487251093876      0.16871197615222885      138.63579383930613
27.290000000000003       0.16908444743428921      0.16871186778581884      138.63950820109199
27.3                     0.1690840227189894       0.16871175951115724      138.64321945996767
27.310000000000006       0.16908359836473         0.16871165132816643      138.64692761848355
27.32                    0.1690831743712053       0.16871154323676824      138.6506326791859
27.330000000000002       0.16908275073810597      0.1687114352368866       138.6543346446188
27.340000000000003       0.16908232746512844      0.16871132732844224      138.65803351732555
27.35                    0.16908190455196334      0.16871121951135887      138.66172929985115
27.36                    0.16908148199830556      0.1687111117855595       138.66542199473432
27.37                    0.16908105980384916      0.1687110041509679       138.66911160451096
27.380000000000003       0.1690806379682878       0.16871089660750452      138.67279813171666
27.39                    0.1690802164913157       0.16871078915509352      138.67648157888618
27.400000000000006       0.16907979537262893      0.16871068179365883      138.68016194854997
27.410000000000004       0.16907937461192254      0.1687105745231227       138.68383924323706
27.42                    0.1690789542088895       0.16871046734340855      138.68751346547566
27.43                    0.16907853416322766      0.16871036025443958      138.6911846177914
27.44                    0.16907811447463147      0.16871025325613911      138.6948527027085
27.450000000000003       0.16907769514279788      0.16871014634842976      138.69851772274572
27.46                    0.16907727616742402      0.16871003953123634      138.7021796804254
27.470000000000002       0.16907685754820437      0.16870993280448116      138.70583857826443
27.48                    0.16907643928483485      0.16870982616808844      138.7094944187772
27.490000000000006       0.16907602137701666      0.1687097196219818       138.713147204477
27.5                     0.16907560382444406      0.16870961316608432      138.7167969378766
27.51                    0.16907518662681523      0.16870950680032096      138.72044362148387
27.520000000000003       0.1690747697838281       0.16870940052461433      138.72408725780744
27.53                    0.16907435329518192      0.16870929433888843      138.7277278493528
27.540000000000003       0.16907393716057417      0.1687091882430682       138.7313653986222
27.55                    0.16907352137970172      0.16870908223707679      138.73499990811868
27.560000000000002       0.16907310595226593      0.16870897632083812      138.73863138034184
27.57                    0.16907269087796678      0.16870887049427752      138.74225981778946
27.580000000000005       0.1690722761565005       0.16870876475731753      138.7458852229552
27.590000000000003       0.16907186178756795      0.16870865910988336      138.749507598332
27.6                     0.16907144777086963      0.16870855355189943      138.7531269464134
27.61                    0.16907103410610605      0.16870844808329005      138.75674326968866
27.62                    0.1690706207929769       0.1687083427039797       138.76035657064617
27.630000000000003       0.16907020783118246      0.1687082374138925       138.76396685177127
27.64                    0.16906979522042564      0.16870813221295283      138.7675741155465
27.650000000000006       0.16906938296040533      0.1687080271010863       138.77117836445382
27.660000000000004       0.16906897105082316      0.168707922078218        138.77477960097488
27.670000000000005       0.1690685594913829       0.16870781714427116      138.77837782758357
27.68                    0.16906814828178396      0.16870771229917061      138.78197304675842
27.69                    0.1690677374217309       0.16870760754284272      138.78556526097302
27.700000000000003       0.1690673269109247       0.16870750287521194      138.78915447269918
27.71                    0.1690669167490682       0.16870739829620227      138.7927406844061
27.720000000000002       0.1690665069358644       0.16870729380574068      138.7963238985621
27.73                    0.1690660974710179       0.1687071894037504       138.79990411763546
27.740000000000006       0.1690656883542303       0.1687070850901576       138.8034813440858
27.75                    0.16906527958520598      0.16870698086488822      138.80705558037752
27.760000000000005       0.169064871163648        0.16870687672786638      138.8106268289706
27.770000000000003       0.16906446308926387      0.16870677267901782      138.81419509232288
27.78                    0.1690640553617547       0.16870666871826814      138.81776037289046
27.790000000000003       0.1690636479808267       0.1687065648455423       138.8213226731278
27.8                     0.16906324094618294      0.16870646106076762      138.8248819954876
27.810000000000002       0.16906283425753163      0.16870635736386835      138.82843834241902
27.82                    0.16906242791457768      0.16870625375477025      138.83199171637204
27.830000000000005       0.16906202191702496      0.16870615023339985      138.83554211979165
27.840000000000003       0.16906161626458177      0.1687060467996821       138.83908955512285
27.850000000000005       0.1690612109569514       0.16870594345354356      138.84263402480727
27.86                    0.16906080599384396      0.16870584019490975      138.84617553128692
27.87                    0.16906040137496361      0.16870573702370673      138.84971407699987
27.880000000000003       0.16905999710001693      0.16870563393986143      138.85324966438222
27.89                    0.16905959316871383      0.16870553094329865      138.8567822958701
27.900000000000002       0.1690591895807593       0.16870542803394561      138.86031197389474
27.910000000000004       0.16905878633586288      0.16870532521172837      138.86383870088744
27.920000000000005       0.16905838343373303      0.1687052224765732       138.8673624792777
27.93                    0.1690579808740743       0.1687051198284065       138.87088331149354
27.94                    0.16905757865659973      0.16870501726715517      138.87440119995904
27.950000000000003       0.1690571767810149       0.16870491479274521      138.87791614709715
27.96                    0.16905677524703056      0.1687048124051033       138.8814281553274
27.970000000000002       0.16905637405435597      0.1687047101041562       138.88493722707096
27.98                    0.1690559732026988       0.16870460788982988      138.88844336474452
27.990000000000002       0.1690555726917698       0.16870450576205281      138.89194657076501
28                       0.16905517252127986      0.1687044037207505       138.8954468475451
28.010000000000005       0.16905477269093797      0.1687043017658507       138.89894419749592
28.020000000000003       0.16905437320045613      0.1687041998972792       138.9024386230273
28.03                    0.1690539740495438       0.1687040981149637       138.90593012654685
28.040000000000003       0.16905357523791156      0.1687039964188317       138.90941871046095
28.05                    0.16905317676527218      0.16870389480881         138.91290437717308
28.060000000000002       0.16905277863133603      0.16870379328482604      138.91638712908525
28.07                    0.16905238083581495      0.16870369184680667      138.9198669685981
28.080000000000002       0.1690519833784213       0.16870359049467895      138.92334389810884
28.090000000000003       0.16905158625886654      0.16870348922837078      138.92681792001537
28.100000000000005       0.1690511894768641       0.1687033880478101       138.93028903671066
28.11                    0.16905079303212528      0.16870328695292336      138.93375725058684
28.12                    0.1690503969243661       0.16870318594363903      138.93722256403552
28.130000000000003       0.1690500011532949       0.16870308501988426      138.9406849794444
28.14                    0.169049605718631        0.16870298418158658      138.94414449920103
28.150000000000002       0.16904921062008185      0.1687028834286746       138.9476011256902
28.160000000000004       0.16904881585736578      0.1687027827610756       138.9510548612931
28.17                    0.169048421430196        0.16870268217871695      138.95450570839284
28.18                    0.16904802733828556      0.16870258168152774      138.9579536693685
28.190000000000005       0.16904763358135072      0.16870248126943485      138.96139874659735
28.200000000000003       0.16904724015910536      0.16870238094236711      138.9648409424544
28.21                    0.16904684707126574      0.16870228070025253      138.96828025931296
28.220000000000002       0.16904645431754522      0.16870218054301825      138.97171669954304
28.23                    0.16904606189766214      0.16870208047059448      138.97515026551557
28.240000000000002       0.16904566981133043      0.16870198048290824      138.97858095959828
28.25                    0.1690452780582666       0.16870188057988772      138.98200878415702
28.260000000000005       0.16904488663818662      0.16870178076146267      138.98543374155642
28.270000000000003       0.16904449555080817      0.16870168102755972      138.98885583415978
28.280000000000005       0.16904410479584805      0.16870158137810898      138.99227506432516
28.290000000000003       0.1690437143730215       0.16870148181303835      138.99569143441158
28.3                     0.16904332428204857      0.16870138233227633      138.9991049467747
28.310000000000002       0.16904293452264454      0.1687012829357524       139.0025156037693
28.32                    0.16904254509452818      0.1687011836233948       139.0059234077489
28.330000000000002       0.1690421559974176       0.16870108439513232      139.00932836106446
28.340000000000003       0.16904176723103018      0.1687009852508946       139.0127304660645
28.350000000000005       0.16904137879508668      0.16870088619060963      139.01612972509534
28.36                    0.16904099068930378      0.16870078721420675      139.0195261405033
28.370000000000005       0.169040602913401        0.16870068832161472      139.02291971463157
28.380000000000003       0.16904021546709716      0.16870058951276376      139.02631044982033
28.39                    0.16903982835011158      0.1687004907875828       139.02969834841093
28.400000000000002       0.1690394415621667       0.1687003921459999       139.03308341274138
28.410000000000004       0.16903905510297823      0.16870029358794625      139.03646564514528
28.42                    0.1690386689722695       0.16870019511334952      139.03984504795793
28.43                    0.16903828316976074      0.16870009672213981      139.04322162351104
28.440000000000005       0.16903789769517222      0.16869999841424735      139.0465953741364
28.450000000000003       0.16903751254822352      0.16869990018960054      139.04996630216107
28.460000000000004       0.16903712772863624      0.16869980204813015      139.05333440991157
28.470000000000002       0.1690367432361329       0.1686997039897641       139.0566996997121
28.48                    0.169036359070436        0.16869960601443415      139.06006217388654
28.490000000000002       0.1690359752312647       0.1686995081220697       139.06342183475496
28.5                     0.16903559171834281      0.16869941031259972      139.06677868463802
28.51                    0.16903520853139223      0.16869931258595422      139.07013272585255
28.520000000000003       0.16903482567013528      0.16869921494206402      139.0734839607131
28.530000000000005       0.16903444313429455      0.16869911738085808      139.0768323915343
28.540000000000003       0.16903406092359494      0.16869901990226838      139.08017802062494
28.55                    0.1690336790377575       0.16869892250622268      139.0835208502964
28.560000000000002       0.1690332974765068       0.16869882519265278      139.08686088285867
28.57                    0.16903291623956718      0.16869872796148863      139.09019812061752
28.580000000000002       0.16903253532666052      0.16869863081266023      139.09353256587747
28.590000000000003       0.16903215473751407      0.16869853374609847      139.09686422093895
28.6                     0.16903177447184947      0.16869843676173277      139.10019308810357
28.61                    0.16903139452939261      0.16869833985949537      139.10351916967065
28.620000000000005       0.1690310149098695       0.1686982430393153       139.1068424679358
28.630000000000003       0.16903063561300485      0.16869814630112442      139.1101629851951
28.64                    0.16903025663852128      0.16869804964485208      139.1134807237417
28.650000000000002       0.16902987798614802      0.16869795307042978      139.11679568586788
28.660000000000004       0.1690294996556091       0.16869785657778916      139.12010787386293
28.67                    0.16902912164663197      0.16869776016685906      139.12341729001457
28.68                    0.16902874395894138      0.16869766383757184      139.12672393660944
28.69                    0.16902836659226428      0.1686975675898589       139.13002781593067
28.700000000000003       0.16902798954632867      0.16869747142364944      139.13332893025995
28.710000000000004       0.16902761282085962      0.16869737533887705      139.1366272818793
28.720000000000002       0.16902723641558662      0.16869727933547046      139.13992287306638
28.730000000000004       0.16902686033023562      0.16869718341336237      139.14321570609835
28.740000000000002       0.16902648456453567      0.16869708757248397      139.14650578325148
28.75                    0.1690261091182123       0.1686969918127654       139.14979310679732
28.76                    0.16902573399099688      0.16869689613413932      139.15307767900947
28.770000000000003       0.169025359182616        0.16869680053653668      139.15635950215446
28.78                    0.16902498469279753      0.16869670501988962      139.15963857850002
28.79                    0.16902461052127224      0.16869660958412877      139.16291491031456
28.800000000000004       0.1690242366677685       0.16869651422918588      139.16618849986173
28.810000000000002       0.16902386313201553      0.16869641895499252      139.16945934940344
28.82                    0.16902348991374339      0.16869632376148183      139.17272746120125
28.830000000000002       0.16902311701268138      0.1686962286485838       139.17599283751372
28.840000000000003       0.16902274442855864      0.16869613361623187      139.17925548059674
28.85                    0.16902237216110835      0.16869603866435584      139.1825153927035
28.86                    0.16902200021005717      0.16869594379288977      139.18577257608797
28.870000000000005       0.16902162857513972      0.16869584900176474      139.1890270330041
28.880000000000003       0.1690212572560838       0.16869575429091246      139.19227876570204
28.890000000000004       0.169020886252622        0.16869565966026628      139.1955277764287
28.900000000000002       0.16902051556448677      0.168695565109757        139.198774067429
28.910000000000004       0.16902014519140895      0.16869547063931814      139.2020176409475
28.92                    0.16901977513311872      0.1686953762488806       139.20525849922777
28.93                    0.1690194053893501       0.1686952819383783       139.20849664450947
28.94                    0.16901903595983467      0.16869518770774256      139.2117320790318
28.950000000000003       0.16901866684430641      0.16869509355690634      139.2149648050325
28.960000000000004       0.16901829804249668      0.16869499948580216      139.2181948247452
28.970000000000002       0.16901792955413802      0.1686949054943624       139.22142214040437
28.980000000000004       0.16901756137896545      0.16869481158251992      139.22464675424337
28.990000000000002       0.16901719351671227      0.16869471775020706      139.22786866849088
29                       0.16901682596710935      0.16869462399735674      139.23108788537536
29.01                    0.1690164587298939       0.168694530323902        139.23430440712275
29.020000000000003       0.16901609180479876      0.16869443672977538      139.23751823595592
29.03                    0.1690157251915581       0.16869434321491045      139.24072937410014
29.04                    0.16901535888990782      0.1686942497792398       139.24393782377535
29.050000000000004       0.16901499289958202      0.16869415642269597      139.24714358720266
29.060000000000002       0.16901462722031424      0.16869406314521324      139.25034666659877
29.070000000000004       0.1690142618518427       0.16869396994672378      139.2535470641791
29.080000000000002       0.1690138967939007       0.16869387682716025      139.25674478215603
29.090000000000003       0.169013532046225        0.16869378378645802      139.25993982274184
29.1                     0.16901316760855115      0.16869369082454883      139.26313218814903
29.11                    0.16901280348061484      0.1686935979413662       139.26632188058633
29.12                    0.16901243966215365      0.16869350513684409      139.26950890225953
29.130000000000003       0.16901207615290312      0.16869341241091537      139.27269325537284
29.140000000000004       0.16901171295260134      0.16869331976351415      139.27587494213088
29.150000000000002       0.16901135006098492      0.16869322719457328      139.2790539647344
29.160000000000004       0.16901098747779197      0.16869313470402755      139.28223032538315
29.17                    0.1690106252027571       0.16869304229180973      139.28540402627684
29.18                    0.16901026323562138      0.16869294995785447      139.28857506961086
29.19                    0.1690099015761199       0.16869285770209463      139.29174345757784
29.200000000000003       0.1690095402239945       0.16869276552446452      139.29490919237247
29.21                    0.1690091791789801       0.16869267342489794      139.29807227618574
29.220000000000002       0.16900881844081792      0.16869258140332963      139.301232711206
29.230000000000008       0.16900845800924608      0.16869248945969284      139.30439049962027
29.240000000000002       0.16900809788400334      0.16869239759392196      139.30754564361536
29.25                    0.16900773806482833      0.16869230580595077      139.31069814537585
29.26                    0.16900737855146136      0.16869221409571397      139.31384800708287
29.270000000000003       0.16900701934364282      0.16869212246314583      139.31699523091663
29.28                    0.16900666044111196      0.16869203090818066      139.32013981905655
29.29                    0.16900630184360949      0.16869193943075253      139.32328177367998
29.300000000000008       0.16900594355087445      0.16869184803079673      139.3264210969616
29.310000000000002       0.1690055855626492       0.16869175670824652      139.32955779107405
29.320000000000004       0.16900522787867464      0.16869166546303718      139.33269185818943
29.330000000000002       0.16900487049869048      0.168691574295103        139.33582330047813
29.340000000000003       0.16900451342243822      0.16869148320437932      139.3389521201081
29.35                    0.16900415664966148      0.16869139219080012      139.34207831924599
29.36                    0.1690038001800996       0.16869130125430087      139.34520190005705
29.37                    0.16900344401349723      0.16869121039481536      139.34832286470487
29.380000000000003       0.16900308814959253      0.1686911196122787       139.35144121535066
29.39                    0.1690027325881305       0.16869102890662777      139.35455695415237
29.400000000000002       0.16900237732885462      0.16869093827779513      139.35767008326707
29.410000000000007       0.16900202237150663      0.1686908477257167       139.36078060485218
29.42                    0.16900166771582917      0.16869075725032776      139.36388852106316
29.43                    0.1690013133615659       0.16869066685156361      139.36699383405187
29.44                    0.16900095930846168      0.16869057652935845      139.37009654596955
29.450000000000003       0.16900060555625868      0.16869048628364874      139.37319665896428
29.46                    0.1690002521047008       0.16869039611436878      139.3762941751842
29.470000000000002       0.16899989895353257      0.16869030602145477      139.37938909677544
29.480000000000008       0.16899954610249807      0.16869021600484227      139.38248142588122
29.490000000000002       0.1689991935513427       0.1686901260644664       139.38557116464412
29.500000000000004       0.1689988412998115       0.16869003620026246      139.38865831520485
29.51                    0.16899848934764894      0.16868994641216656      139.391742879702
29.520000000000003       0.16899813769460034      0.16868985670011347      139.39482486027364
29.53                    0.1689977863404111       0.16868976706403968      139.3979042590541
29.54                    0.168997435284826        0.1686896775038805       139.4009810781771
29.550000000000004       0.16899708452759274      0.16868958801957276      139.40405531977478
29.560000000000002       0.16899673406845667      0.1686894986110509       139.40712698597798
29.570000000000004       0.1689963839071644       0.16868940927825202      139.410196078915
29.580000000000002       0.16899603404346164      0.1686893200211109       139.4132626007124
29.590000000000003       0.16899568447709487      0.16868923083956455      139.41632655349488
29.6                     0.1689953352078146       0.168689141733549        139.41938793938613
29.61                    0.168994986235364        0.1686890527030006       139.42244676050862
29.62                    0.1689946375594914       0.16868896374785386      139.42550301898208
29.630000000000003       0.1689942891799453       0.16868887486804687      139.4285567169256
29.64                    0.16899394109647373      0.16868878606351542      139.43160785645614
29.650000000000002       0.16899359330882383      0.16868869733419564      139.434656439686
29.660000000000007       0.16899324581674446      0.16868860868002392      139.43770246872975
29.67                    0.1689928986199833       0.16868852010093738      139.4407459456986
29.680000000000003       0.16899255171829083      0.16868843159687108      139.4437868727024
29.69                    0.16899220511141533      0.168688343167763        139.4468252518491
29.700000000000003       0.1689918587991046       0.16868825481354935      139.44986108524645
29.71                    0.16899151278110947      0.1686881665341664       139.4528943750002
29.720000000000002       0.16899116705717823      0.16868807832955202      139.45592512321033
29.730000000000004       0.16899082162706247      0.16868799019964129      139.4589533319793
29.740000000000002       0.16899047649051088      0.1686879021443717       139.46197900340684
29.750000000000004       0.16899013164727378      0.16868781416368073      139.46500213959152
29.76                    0.16898978709710183      0.16868772625750544      139.46802274262765
29.770000000000003       0.16898944283974637      0.16868763842578188      139.4710408146131
29.78                    0.16898909887495658      0.1686875506684474       139.47405635763926
29.79                    0.16898875520248427      0.1686874629854399       139.47706937379613
29.800000000000004       0.16898841182208182      0.16868737537669445      139.48007986517484
29.810000000000002       0.1689880687334991       0.1686872878421509       139.48308783386352
29.82                    0.16898772593648834      0.16868720038174528      139.48609328194675
29.830000000000002       0.16898738343080372      0.16868711299541497      139.48909621151012
29.840000000000007       0.1689870412161932       0.1686870256830964       139.49209662463616
29.85                    0.16898669929241153      0.16868693844472846      139.49509452340592
29.86                    0.1689863576592118       0.16868685128024755      139.49808990989894
29.87                    0.16898601631634524      0.16868676418959255      139.50108278619473
29.880000000000003       0.16898567526356556      0.16868667717269994      139.50407315436692
29.89                    0.16898533450062692      0.16868659022950755      139.50706101649075
29.900000000000002       0.16898499402728073      0.1686865033599527       139.51004637463956
29.910000000000007       0.16898465384328196      0.16868641656397332      139.51302923088448
29.92                    0.16898431394838345      0.1686863298415083       139.5160095872952
29.930000000000003       0.16898397434234083      0.16868624319249376      139.51898744593862
29.94                    0.16898363502490582      0.16868615661686884      139.52196280888157
29.950000000000003       0.1689832959958356       0.16868607011457057      139.52493567818826
29.96                    0.1689829572548835       0.16868598368553758      139.52790605592182
29.970000000000002       0.16898261880180518      0.16868589732970776      139.53087394414288
29.980000000000004       0.16898228063635332      0.16868581104701935      139.5338393449118
29.990000000000002       0.1689819427582849       0.16868572483741046      139.53680226028544
30                       0.16898160516735694      0.16868563870081912      139.5397626923203
30                       0.16898160516735694      0.16868563870081912      139.5397626923203
31                       0.16894924996489763      0.16867738210265518      139.82365540413633
32                       0.1689195212201995       0.16866979371700833      140.08478380713285
33                       0.1688921828696879       0.16866281376899472      140.3251530476473
34                       0.1688670645717418       0.1686563991588069       140.54620375963177
35                       0.16884399345149262      0.16865050608999085      140.74940822237883
36.00000000000001        0.16882280512639844      0.1686450928734845       140.93617277478066
37                       0.16880334672510033      0.16864012070867065      141.1078098451333
38                       0.16878547721934917      0.16863555377655454      141.26553379511378
39                       0.16876906689102425      0.16863135911041355      141.41046457260927
40                       0.16875399655530307      0.1686275064031708       141.54363367523723
41                       0.16874015674891735      0.16862396780503155      141.665990561396
42                       0.1687274469512421       0.1686207177287725       141.7784088918918
43                       0.16871577485775532      0.16861773266776647      141.88169241139576
44                       0.16870505570920746      0.16861499102768882      141.97658042423848
45                       0.16869521167452467      0.16861247297147178      142.06375286854424
46                       0.16868617128389787      0.16861016027668224      142.14383500821413
47                       0.16867786890825073      0.16860803620438702      142.2174017670621
48                       0.1686702442813483       0.16860608537862767      142.28498172943597
49                       0.16866324206108735      0.1686042936756454       142.34706083138596
50                       0.16865681142672814      0.16860264812208364      142.4040857647074
51.00000000000001        0.16865090570915692      0.16860113680143202      142.45646711518987
52.00000000000001        0.16864548205142027      0.16859974876806633      142.50458225478414
53                       0.16864050109706685      0.16859847396825792      142.54877800628148
54                       0.16863592670401295      0.1685973031675908       142.5893730976687
55                       0.1686317256818228       0.16859622788427592      142.62666042225788
56                       0.1686278675505032       0.1685952403278805       142.66090911944323
57                       0.16862432431901328      0.16859433334303012      142.69236649002607
58                       0.1686210702819199       0.16859350035769452      142.7212597587294
59.00000000000001        0.16861808183265828      0.1685927353356687       142.7477976961513
60                       0.16861533729208267      0.1685920327329294       142.77217211069143
61                       0.1686128167510259       0.16859138745752653      142.79455922114374
62                       0.1686105019257361       0.1685907948327491       142.81512091894524
63                       0.16860837602512327      0.16859025056328802      142.83400592903757
64                       0.16860642362885403      0.16858975070414736      142.85135087730558
65                       0.16860463057542557      0.16858929163208983      142.86728127197918
66                       0.16860298385935768      0.16858887001940795      142.88191240592903
67                       0.16860147153681052      0.16858848280983024      142.89535018604988
68                       0.16860008263889925      0.16858812719639113      142.90769189566598
69                       0.16859880709208624      0.16858780060110098      142.9190268952651
70                       0.16859763564509253      0.16858750065627742      142.9294372665172
71.00000000000001        0.16859655980175467      0.16858722518739006      142.9389984041528
72.00000000000001        0.16859557175939358      0.16858697219731414      142.9477795598355
73                       0.16859466435219053      0.16858673985185565      142.9558443419789
74                       0.16859383099920222      0.1685865264664674       142.96325117497815
75                       0.168593065656617        0.16858633049404043      142.9700537211906
76                       0.16859236277390816      0.1685861505136918       142.97630126864053
77                       0.16859171725356728      0.1685859852204733       142.98203908720305
78                       0.1685911244141315       0.16858583341590536      142.98730875591488
79                       0.16859057995621432      0.16858569399930168      142.99214846356296
80                       0.16859007993132932      0.16858556595978239      142.99659328495076
81                       0.16858962071324263      0.16858544836895356      143.0006754345829
82                       0.16858919897167307      0.16858534037417483      143.00442449978732
83                       0.16858881164813516      0.1685852411923789       143.00786765484585
84                       0.16858845593375615      0.16858515010439504      143.0110298576465
85                       0.16858812924890518      0.16858506644973806      143.01393403039515
86                       0.16858782922447926      0.16858498962181676      143.01660122555256
87.00000000000001        0.16858755368472136      0.1685849190635402       143.01905077829295
88                       0.168587300631447        0.16858485426327235      143.02130044653845
89                       0.16858706822953964      0.16858479475113383      143.02336653954018
90                       0.1685868547936518       0.16858474009558402      143.025264036059
91                       0.1685866587759806       0.16858468990029893      143.0270066928372
92                       0.16858647875503674      0.16858464380129562      143.02860714430008
93                       0.16858631342533995      0.16858460146429238      143.03007699405842
94                       0.16858616158795406      0.1685845625822882       143.03142689901642
95                       0.16858602214178378      0.16858452687333386      143.03266664658528
96                       0.1685858940755958       0.16858449407848705      143.03380522559254
97                       0.16858577646068298      0.16858446395993906      143.03485089146477
98                       0.16858566844413123      0.16858443629928513      143.03581122602654
99                       0.16858556924263005      0.16858441089594578      143.0366931924731
100                      0.16858547813679237      0.16858438756570693      143.03750318580725
100                      0.16858547813679237      0.16858438756570693      143.03750318580725
105                      0.16858511954169614      0.16858429573703854      143.040691366965
110                      0.1685848793086646       0.1685842342182249       143.04282724224115
115                      0.1685847228216118       0.1685841941449828       143.04421855436868
120                      0.1685846226128694       0.16858416848347124      143.04510950513816
125                      0.16858455913131393      0.16858415222706555      143.0456739179754
130                      0.16858451919553175      0.16858414200027372      143.0460289866153
135                      0.16858449418678878      0.16858413559600988      143.04625133935102
140                      0.16858447857302483      0.16858413159762206      143.0463901613977
145                      0.1685844688444775       0.16858412910632486      143.04647665802017
150                      0.16858446279102826      0.1685841275561516       143.0465304792862
155                      0.16858445902776506      0.16858412659245053      143.0465639385283
160                      0.168584456689667        0.16858412599370856      143.04658472657187
165                      0.16858445523761287      0.168584125621864        143.04659763682724
170                      0.16858445433607655      0.16858412539099785      143.04660565240948
175.00000000000003       0.16858445377644418      0.1685841252476865       143.0466106281136
180                      0.16858445342909145      0.16858412515873608      143.04661371641893
185                      0.16858445321351775      0.16858412510353135      143.04661563309827
190                      0.1685844530797339       0.16858412506927234      143.0466168225669
195                      0.16858445299671304      0.16858412504801173      143.04661756071073
200                      0.16858445294519378      0.168584125034819        143.04661801876384
