time_after_pulse_ms,comparison_channel,reference_normalized,simulation_normalized,residual,region
0,left,0.406305663654,0.242767904702,-0.163537758952,peak
0.01,left,0.439427497558,0.269469963042,-0.169957534516,peak
0.02,left,0.473023795116,0.297826147325,-0.175197647791,peak
0.03,left,0.506800149762,0.327737507091,-0.179062642671,peak
0.04,left,0.540461056101,0.359053982007,-0.181407074094,peak
0.05,left,0.573722939217,0.391568780717,-0.1821541585,peak
0.06,left,0.606324589394,0.425020532418,-0.181304056976,peak
0.07,left,0.638034392536,0.459104922924,-0.178929469612,peak
0.08,left,0.668654342935,0.493492493023,-0.175161849912,peak
0.09,left,0.698021255481,0.527848662645,-0.170172592836,peak
0.1,left,0.726006083078,0.561852790138,-0.164153292941,peak
0.11,left,0.752512215141,0.595213807335,-0.157298407806,peak
0.12,left,0.77747318712,0.627681799272,-0.149791387848,peak
0.13,left,0.800849996963,0.65905536468,-0.141794632283,peak
0.14,left,0.822628111203,0.689183415352,-0.133444695851,peak
0.15,left,0.842814061817,0.717961015859,-0.124853045958,peak
0.16,left,0.861431645255,0.74532186257,-0.116109782685,peak
0.17,left,0.8785182093,0.771230447671,-0.107287761629,peak
0.18,left,0.894121656574,0.795674976024,-0.0984466805498,peak
0.19,left,0.908298318764,0.818661021467,-0.0896372972973,peak
0.2,left,0.921111506729,0.840205825499,-0.0809056812299,peak
0.21,left,0.932630523906,0.860333147024,-0.0722973768829,peak
0.22,left,0.942929725335,0.879068577593,-0.0638611477426,peak
0.23,left,0.952087127593,0.896435465789,-0.0556516618044,peak
0.24,left,0.960182535036,0.912452075311,-0.0477304597253,peak
0.25,left,0.967295519229,0.927130447615,-0.0401650716141,peak
0.26,left,0.973503524466,0.940476549334,-0.0330269751317,peak
0.27,left,0.978880356767,0.952490983618,-0.0263893731487,peak
0.28,left,0.983495349358,0.963169977051,-0.0203253723068,peak
0.29,left,0.987413170156,0.972506632698,-0.0149065374575,peak
0.3,left,0.990693876106,0.980492469999,-0.0102014061066,peak
0.31,left,0.993393023479,0.987119277522,-0.00627374595751,peak
0.32,left,0.995561981636,0.992381309926,-0.00318067171018,peak
0.33,left,0.997248353481,0.99627757068,-0.000970782801165,peak
0.34,left,0.998496200762,0.998813299592,0.000317098829976,peak
0.35,left,0.999346179879,1,0.000653820121407,peak
0.36,left,0.999835839748,0.999854529439,1.86896912658e-05,peak
0.37,left,1,0.998398187733,-0.0016018122674,peak
0.38,left,0.999871127122,0.995656177592,-0.00421494952944,peak
0.39,left,0.999479764138,0.991657456673,-0.00782230746512,peak
0.4,left,0.998854842843,0.98643497242,-0.0124198704231,peak
0.41,left,0.998023650416,0.980026276119,-0.0179973742971,peak
0.42,left,0.997011621162,0.972474517542,-0.0245371036196,peak
0.43,left,0.995842238691,0.963829619539,-0.0320126191529,peak
0.44,left,0.994536952905,0.954148996594,-0.0403879563102,peak
0.45,left,0.993114958149,0.943497333325,-0.0496176248243,peak
0.46,left,0.991593008096,0.931945772692,-0.0596472354035,peak
0.47,left,0.989985344375,0.919571151533,-0.0704141928418,peak
0.48,left,0.988303563916,0.906455529345,-0.0818480345702,peak
0.49,left,0.986556518853,0.892686006585,-0.093870512268,peak
0.5,left,0.984750525344,0.878354808948,-0.106395716396,peak
0.51,left,0.982889847267,0.863559617048,-0.119330230219,peak
0.52,left,0.980977317489,0.84840412348,-0.132573194009,peak
0.53,left,0.979015137534,0.832998561315,-0.146016576219,peak
0.54,left,0.977005730183,0.817459439081,-0.159546291101,peak
0.55,left,0.974952309488,0.801907889877,-0.173044419611,peak
0.56,left,0.972859138788,0.786467006119,-0.186392132668,peak
0.57,left,0.970731684597,0.771258861322,-0.199472823275,peak
0.58,left,0.968576609301,0.75640146123,-0.212175148071,peak
0.59,left,0.966401431474,0.742005572236,-0.224395859238,peak
0.6,left,0.964213978388,0.728171347359,-0.236042631029,peak
0.61,left,0.962021833854,0.7149846687,-0.247037165154,peak
0.62,left,0.959831782343,0.702513123487,-0.257318658856,peak
0.63,left,0.957649388034,0.69080215459,-0.266847233444,peak
0.64,left,0.955479016372,0.679873255259,-0.275605761113,peak
0.65,left,0.953324212201,0.669725628963,-0.283598583238,peak
0.66,left,0.951188067856,0.660340222438,-0.290847845418,peak
0.67,left,0.94907346897,0.651684178662,-0.297389290308,peak
0.68,left,0.94698319774,0.643714949948,-0.303268247792,peak
0.69,left,0.944919724832,0.63638407464,-0.308535650192,peak
0.7,left,0.94288472107,0.6296406877,-0.31324403337,peak
0.71,left,0.940878640494,0.623434832734,-0.31744380776,peak
0.72,left,0.938900552052,0.617720640485,-0.321179911567,peak
0.73,left,0.93694808266,0.612459159439,-0.32448892322,peak
0.74,left,0.935017511872,0.6076200327,-0.327397479172,peak
0.75,left,0.933104219233,0.603181410801,-0.329922808432,peak
0.76,left,0.931203331362,0.599128599213,-0.332074732149,peak
0.77,left,0.92931029343,0.595452317544,-0.333857975887,peak
0.78,left,0.92742134887,0.592146916196,-0.335274432674,peak
0.79,left,0.925533807342,0.589208555522,-0.33632525182,peak
0.8,left,0.923645863289,0.58663332018,-0.337012543109,peak
0.81,left,0.9217560857,0.584415239919,-0.337340845781,peak
0.82,left,0.919862902193,0.582544186564,-0.337318715629,peak
0.83,left,0.917964236446,0.581003873048,-0.336960363398,peak
0.84,left,0.916057463263,0.5797707266,-0.336286736663,peak
0.85,left,0.914139868437,0.57881422334,-0.335325645096,peak
0.86,left,0.912209419407,0.578098237791,-0.334111181616,peak
0.87,left,0.910265379669,0.577582606491,-0.332682773178,peak
0.88,left,0.908308610369,0.577224596035,-0.331084014334,peak
0.89,left,0.906341678162,0.576980280176,-0.329361397986,peak
0.9,left,0.904368665449,0.576805858427,-0.327562807022,peak
0.91,left,0.902394533047,0.576658948049,-0.325735584997,peak
0.92,left,0.900424322732,0.576499880797,-0.323924441936,peak
0.93,left,0.89846255735,0.576292912214,-0.322169645136,peak
0.94,left,0.896512821933,0.576006988814,-0.320505833119,peak
0.95,left,0.894577512269,0.575615806408,-0.318961705861,peak
0.96,left,0.892657871821,0.575097387544,-0.317560484277,peak
0.97,left,0.890754199947,0.574433575471,-0.316320624476,peak
0.98,left,0.888866035478,0.573609606643,-0.315256428835,peak
0.99,left,0.886992391522,0.572613773336,-0.314378618186,peak
1,left,0.885132121511,0.571437174763,-0.313694946748,peak
1.01,left,0.883284223402,0.5700735557,-0.313210667701,peak
1.02,left,0.881447970259,0.568519232335,-0.312928737924,peak
1.03,left,0.879623080009,0.566773066376,-0.312850013633,peak
1.04,left,0.877810006367,0.564836365503,-0.312973640864,peak
1.05,left,0.876010109744,0.562712617038,-0.313297492706,peak
1.06,left,0.87422562299,0.560407120246,-0.313818502744,peak
1.07,left,0.872459490009,0.557926637429,-0.314532852581,peak
1.08,left,0.870715001065,0.555279109454,-0.315435891611,peak
1.09,left,0.868995282662,0.552473433905,-0.316521848756,peak
1.1,left,0.867302957817,0.549519300365,-0.317783657452,peak
1.11,left,0.865640052625,0.54642707799,-0.319212974635,peak
1.12,left,0.86400791867,0.543207751159,-0.320800167511,peak
1.13,left,0.862407128627,0.53987288476,-0.322534243867,peak
1.14,left,0.860837509821,0.536434569639,-0.324402940181,peak
1.15,left,0.859298278149,0.53290530986,-0.326392968289,peak
1.16,left,0.85778811937,0.529297873288,-0.328490246082,peak
1.17,left,0.856305309978,0.5256251478,-0.330680162178,peak
1.18,left,0.85484799403,0.521900017418,-0.332947976612,peak
1.19,left,0.853414453904,0.518135254802,-0.335279199101,peak
1.2,left,0.852003294936,0.514343425187,-0.337659869749,peak
1.21,left,0.850613646665,0.510536797017,-0.340076849648,peak
1.22,left,0.84924518535,0.50672725471,-0.34251793064,peak
1.23,left,0.847897703219,0.502926217596,-0.344971485623,peak
1.24,left,0.846570463579,0.499144587182,-0.347425876397,peak
1.25,left,0.84526177923,0.495392738878,-0.349869040352,peak
1.26,left,0.843968939587,0.491680540206,-0.352288399381,peak
1.27,left,0.842688491386,0.488017365779,-0.354671125607,peak
1.28,left,0.84141686955,0.484412095478,-0.357004774072,peak
1.29,left,0.840151072809,0.480873092484,-0.359277980324,peak
1.3,left,0.838888980353,0.47740815859,-0.361480821763,peak
1.31,left,0.837629356019,0.474024463983,-0.363604892035,peak
1.32,left,0.836371827523,0.470728448426,-0.365643379097,peak
1.33,left,0.835116814337,0.467525712473,-0.367591101863,peak
1.34,left,0.833865335779,0.464420963849,-0.36944437193,peak
1.35,left,0.83261890114,0.461418068075,-0.371200833065,peak
1.36,left,0.83137947396,0.458520163861,-0.3728593101,peak
1.37,left,0.83014927242,0.455729773177,-0.374419499243,peak
1.38,left,0.828930507692,0.453048877643,-0.375881630049,decay
1.39,left,0.827725321695,0.450478959323,-0.377246362372,decay
1.4,left,0.826535878912,0.448021006089,-0.378514872823,decay
1.41,left,0.825364499016,0.445675481266,-0.37968901775,decay
1.42,left,0.824213878688,0.443442256816,-0.380771621872,decay
1.43,left,0.823087294392,0.441320530249,-0.381766764143,decay
1.44,left,0.821988504681,0.439308790347,-0.382679714334,decay
1.45,left,0.820921358635,0.437404881166,-0.383516477469,decay
1.46,left,0.819889348928,0.435606127787,-0.384283221141,decay
1.47,left,0.818895107437,0.433909457558,-0.384985649878,decay
1.48,left,0.817939805273,0.432311490994,-0.385628314279,decay
1.49,left,0.817022766085,0.430808602121,-0.386214163964,decay
1.5,left,0.816141470508,0.429396950117,-0.386744520391,decay
1.51,left,0.815291706265,0.428072483614,-0.387219222651,decay
1.52,left,0.814467749894,0.426830918736,-0.387636831158,decay
1.53,left,0.813662689294,0.425667703979,-0.387994985315,decay
1.54,left,0.812868800082,0.424578011296,-0.388290788785,decay
1.55,left,0.812077863384,0.423556783452,-0.388521079932,decay
1.56,left,0.811281595917,0.422598817478,-0.388682778439,decay
1.57,left,0.810472321202,0.42169884661,-0.388773474592,decay
1.58,left,0.809643675025,0.420851606688,-0.388792068337,decay
1.59,left,0.808791150572,0.420051887997,-0.388739262575,decay
1.6,left,0.807912519772,0.419294574703,-0.388617945068,decay
1.61,left,0.807008012658,0.418574673802,-0.388433338856,decay
1.62,left,0.806080003795,0.417887335336,-0.388192668459,decay
1.63,left,0.805132343976,0.417227866041,-0.387904477935,decay
1.64,left,0.804169647965,0.416591739691,-0.387577908274,decay
1.65,left,0.803196572931,0.415974606863,-0.387221966067,decay
1.66,left,0.802217174467,0.415372304371,-0.386844870095,decay
1.67,left,0.801234603902,0.4147808637,-0.386453740202,decay
1.68,left,0.800251114825,0.414196518852,-0.386054595973,decay
1.69,left,0.79926810016,0.413615714646,-0.385652385514,decay
1.7,left,0.798286174358,0.413035116562,-0.385251057796,decay
1.71,left,0.797305503644,0.412451623164,-0.384853880479,decay
1.72,left,0.796326234274,0.411862382163,-0.384463852112,decay
1.73,left,0.795348703593,0.411264807275,-0.384083896318,decay
1.74,left,0.794373460664,0.410656584941,-0.383716875722,decay
1.75,left,0.793401242999,0.410035662671,-0.383365580328,decay
1.76,left,0.792432829834,0.409400226246,-0.383032603588,decay
1.77,left,0.791468757807,0.408748678334,-0.382720079473,decay
1.78,left,0.790509096236,0.408079623742,-0.382429472494,decay
1.79,left,0.789553336777,0.40739186191,-0.382161474868,decay
1.8,left,0.788600351907,0.406684386887,-0.38191596502,decay
1.81,left,0.787648526975,0.405956395083,-0.381692131892,decay
1.82,left,0.786696079933,0.405207301163,-0.38148877877,decay
1.83,left,0.785741389803,0.404436757397,-0.381304632406,decay
1.84,left,0.784783243021,0.403644660812,-0.381138582209,decay
1.85,left,0.783821022391,0.402831136311,-0.380989886079,decay
1.86,left,0.782854786322,0.401996504694,-0.380858281628,decay
1.87,left,0.781885149141,0.401141251694,-0.380743897447,decay
1.88,left,0.780913112577,0.400266004353,-0.380647108224,decay
1.89,left,0.779940109103,0.399371514814,-0.380568594289,decay
1.9,left,0.778968178452,0.398458651123,-0.380509527329,decay
1.91,left,0.778000057401,0.397528394696,-0.380471662705,decay
1.92,left,0.777039204203,0.396581844201,-0.380457360001,decay
1.93,left,0.776089757387,0.395620222631,-0.380469534756,decay
1.94,left,0.775156298584,0.39464487795,-0.380511420634,decay
1.95,left,0.774243490805,0.393657269947,-0.380586220858,decay
1.96,left,0.773355731443,0.392658948122,-0.38069678332,decay
1.97,left,0.772496743317,0.391651529696,-0.380845213621,decay
1.98,left,0.771669119438,0.390636681041,-0.381032438396,decay
1.99,left,0.770874088551,0.389616102183,-0.381257986367,decay
2,left,0.770111593549,0.388591513695,-0.381520079853,decay
2.01,left,0.769380481919,0.387564645365,-0.381815836553,decay
2.02,left,0.768678732128,0.386537226014,-0.382141506114,decay
2.03,left,0.768003822248,0.38551097428,-0.382492847968,decay
2.04,left,0.767353121384,0.384487591068,-0.382865530316,decay
2.05,left,0.766724088247,0.383468754044,-0.383255334202,decay
2.06,left,0.766114377311,0.382456112966,-0.383658264345,decay
2.07,left,0.765521927924,0.381451284003,-0.384070643921,decay
2.08,left,0.764944816109,0.380455842024,-0.384488974085,decay
2.09,left,0.764380834905,0.379471310262,-0.384909524643,decay
2.1,left,0.763827025531,0.378499146804,-0.385327878727,decay
2.11,left,0.76327919327,0.377540727309,-0.385738465961,decay
2.12,left,0.762731407253,0.376597323308,-0.386134083945,decay
2.13,left,0.762175790232,0.375670079252,-0.38650571098,decay
2.14,left,0.761602857001,0.374759999579,-0.386842857422,decay
2.15,left,0.761002256642,0.373867954271,-0.387134302371,decay
2.16,left,0.760363721947,0.372994695918,-0.38736902603,decay
2.17,left,0.759678217353,0.372140875938,-0.387537341414,decay
2.18,left,0.75893904856,0.371307054909,-0.387631993651,decay
2.19,left,0.758142482454,0.37049370657,-0.387648775884,decay
2.2,left,0.757287845039,0.369701215421,-0.387586629618,decay
2.21,left,0.756377351385,0.368929867762,-0.387447483623,decay
2.22,left,0.755415697313,0.368179835941,-0.387235861372,decay
2.23,left,0.754409484796,0.36745115986,-0.386958324936,decay
2.24,left,0.753366751776,0.36674373907,-0.386623012706,decay
2.25,left,0.752296632364,0.366057345547,-0.386239286817,decay
2.26,left,0.751208932366,0.365391649583,-0.385817282784,decay
2.27,left,0.750113608117,0.36474624512,-0.385367362997,decay
2.28,left,0.749020299027,0.364120669159,-0.384899629868,decay
2.29,left,0.747937927167,0.363514415161,-0.384423512006,decay
2.3,left,0.746874410925,0.362926940775,-0.38394747015,decay
2.31,left,0.745836711169,0.362357670137,-0.383479041032,decay
2.32,left,0.744831115062,0.361805990915,-0.383025124147,decay
2.33,left,0.743863227672,0.361271248478,-0.382591979194,decay
2.34,left,0.74293750299,0.360752744367,-0.382184758623,decay
2.35,left,0.742056732627,0.360249744533,-0.381806988094,decay
2.36,left,0.741221737647,0.359761493587,-0.38146024406,decay
2.37,left,0.740431231567,0.359287228115,-0.381144003453,decay
2.38,left,0.739682019025,0.358826186408,-0.380855832617,decay
2.39,left,0.738969632936,0.358377614698,-0.380592018238,decay
2.4,left,0.738289151945,0.357940770191,-0.380348381753,decay
2.41,left,0.737635948731,0.357514921138,-0.380121027593,decay
2.42,left,0.73700629448,0.35709934412,-0.37990695036,decay
2.43,left,0.736397678088,0.356693319936,-0.379704358152,decay
2.44,left,0.73580871434,0.356296131994,-0.379512582346,decay
2.45,left,0.735238851004,0.355907070242,-0.379331780762,decay
2.46,left,0.734688186475,0.35552543869,-0.379162747784,decay
2.47,left,0.734157348485,0.355150562883,-0.379006785602,decay
2.48,left,0.733647288572,0.354781795974,-0.378865492598,decay
2.49,left,0.733159088338,0.35441852354,-0.378740564798,decay
2.5,left,0.732693771296,0.354060167362,-0.378633603933,decay
2.51,left,0.732251944516,0.353706188405,-0.378545756111,decay
2.52,left,0.731833345911,0.353356089166,-0.378477256745,decay
2.53,left,0.731436550495,0.35300941527,-0.378427135225,decay
2.54,left,0.731058906943,0.352665755481,-0.378393151462,decay
2.55,left,0.730696706819,0.352324739502,-0.378371967317,decay
2.56,left,0.730345665916,0.351986034208,-0.378359631708,decay
2.57,left,0.730001568121,0.351649339339,-0.378352228782,decay
2.58,left,0.72966068816,0.351314383101,-0.378346305059,decay
2.59,left,0.729319907197,0.350980917705,-0.378338989492,decay
2.6,left,0.728976711441,0.350648714848,-0.378327996593,decay
2.61,left,0.728629021735,0.35031756113,-0.378311460605,decay
2.62,left,0.728274746788,0.349987253383,-0.378287493405,decay
2.63,left,0.727911357871,0.349657594361,-0.37825376351,decay
2.64,left,0.727535806429,0.349328390193,-0.378207416236,decay
2.65,left,0.727144713745,0.3489994507,-0.378145263045,decay
2.66,left,0.726734710635,0.34867059178,-0.378064118854,decay
2.67,left,0.726302880669,0.34834163851,-0.377961242159,decay
2.68,left,0.725847069,0.348012428402,-0.377834640598,decay
2.69,left,0.72536585468,0.347682814893,-0.377683039787,decay
2.7,left,0.724858367876,0.347352671143,-0.377505696733,decay
2.71,left,0.724324198356,0.347021894253,-0.377302304102,decay
2.72,left,0.723763323587,0.346690409985,-0.377072913601,decay
2.73,left,0.723175956106,0.346358177368,-0.376817778738,decay
2.74,left,0.722562459785,0.346025190993,-0.376537268791,decay
2.75,left,0.721923412692,0.345691479344,-0.376231933347,decay
2.76,left,0.721259712098,0.34535710043,-0.375902611669,decay
2.77,left,0.720572796297,0.34502213701,-0.375550659287,decay
2.78,left,0.71986505957,0.3446866923,-0.37517836727,decay
2.79,left,0.719140138951,0.344350886138,-0.374789252813,decay
2.8,left,0.718402786855,0.344014851547,-0.374387935309,decay
2.81,left,0.717658487696,0.34367873158,-0.373979756116,decay
2.82,left,0.716913056982,0.3433426764,-0.373570380582,decay
2.83,left,0.716172320519,0.34300684068,-0.373165479839,decay
2.84,left,0.715441987192,0.342671381924,-0.372770605268,decay
2.85,left,0.714727729371,0.342336460096,-0.372391269275,decay
2.86,left,0.714035181151,0.342002238164,-0.372032942987,decay
2.87,left,0.713369586634,0.34166888285,-0.371700703783,decay
2.88,left,0.712735261086,0.341336565289,-0.371398695797,decay
2.89,left,0.71213514769,0.341005461535,-0.371129686155,decay
2.9,left,0.711570520307,0.340675752893,-0.370894767414,decay
2.91,left,0.711040955675,0.340347626016,-0.370693329658,decay
2.92,left,0.710544764328,0.340021272745,-0.370523491583,decay
2.93,left,0.710079670731,0.33969688973,-0.370382781001,decay
2.94,left,0.70964337921,0.339374678121,-0.370268701089,decay
2.95,left,0.709233991282,0.339054843506,-0.370179147776,decay
2.96,left,0.708850287414,0.338737595865,-0.370112691549,decay
2.97,left,0.70849173474,0.338423149142,-0.370068585598,decay
2.98,left,0.708158308976,0.338111720254,-0.370046588722,decay
2.99,left,0.707850388245,0.337803527425,-0.37004686082,decay
3,left,0.707568664438,0.33749878779,-0.370069876648,decay
3.01,left,0.707313863003,0.337197714169,-0.370116148834,decay
3.02,left,0.707086403908,0.3369005109,-0.370185893008,decay
3.03,left,0.706886217849,0.336607369274,-0.370278848575,decay
3.04,left,0.706712533236,0.336318464498,-0.370394068737,decay
3.05,left,0.706563454985,0.336033955633,-0.370529499352,decay
3.06,left,0.706435568759,0.335753987272,-0.370681581487,decay
3.07,left,0.706323778331,0.335478690849,-0.370845087482,decay
3.08,left,0.706221371494,0.335208184662,-0.371013186831,decay
3.09,left,0.706120419316,0.334942572516,-0.3711778468,decay
3.1,left,0.70601257218,0.334681940931,-0.371330631249,decay
3.11,left,0.705890012732,0.334426354847,-0.371463657884,decay
3.12,left,0.705746348707,0.334175851737,-0.37157049697,decay
3.13,left,0.705577464667,0.333930435285,-0.371647029382,decay
3.14,left,0.705382207156,0.333690072521,-0.371692134635,decay
3.15,left,0.705162517303,0.333454697316,-0.371707819987,decay
3.16,left,0.70492289025,0.333224218058,-0.371698672192,decay
3.17,left,0.70466947728,0.332998525506,-0.371670951774,decay
3.18,left,0.704409087339,0.332777499289,-0.37163158805,decay
3.19,left,0.704148193691,0.332561013012,-0.371587180679,decay
3.2,left,0.703892185703,0.332348938099,-0.371543247604,decay
3.21,left,0.703644946004,0.332141146461,-0.371503799542,decay
3.22,left,0.703408490452,0.331937512058,-0.371470978394,decay
3.23,left,0.703182626145,0.331737911678,-0.371444714467,decay
3.24,left,0.702964879206,0.33154222583,-0.371422653376,decay
3.25,left,0.702750708604,0.331350340392,-0.371400368213,decay
3.26,left,0.702533893132,0.331162148614,-0.371371744518,decay
3.27,left,0.702307198247,0.330977552671,-0.371329645575,decay
3.28,left,0.702063331793,0.330796464452,-0.371266867341,decay
3.29,left,0.70179586046,0.330618805596,-0.371177054864,decay
3.3,left,0.701499848484,0.330444506808,-0.371055341676,decay
3.31,left,0.701172280204,0.330273506444,-0.370898773759,decay
3.32,left,0.700812206928,0.330105748378,-0.37070645855,decay
3.33,left,0.700420410674,0.329941179464,-0.37047923121,decay
3.34,left,0.699998778529,0.32977974765,-0.37021903088,decay
3.35,left,0.699549834146,0.329621401507,-0.369928432639,decay
3.36,left,0.699076506185,0.329466090597,-0.369610415588,decay
3.37,left,0.698582047581,0.32931376556,-0.369268282021,decay
3.38,left,0.698070194247,0.329164377505,-0.368905816743,decay
3.39,left,0.697545450852,0.32901787665,-0.368527574201,decay
3.4,left,0.697013097556,0.328874210215,-0.368138887341,decay
3.41,left,0.696478776276,0.328733319532,-0.367745456744,decay
3.42,left,0.695947862186,0.328595136355,-0.36735272583,decay
3.43,left,0.695424752497,0.328459578956,-0.366965173541,decay
3.44,left,0.694912256001,0.328326549915,-0.366585706087,decay
3.45,left,0.69441153205,0.328195937085,-0.366215594965,decay
3.46,left,0.693922685448,0.32806761664,-0.365855068808,decay
3.47,left,0.693445470576,0.327941456234,-0.365504014342,decay
3.48,left,0.692979691415,0.327817317531,-0.365162373884,decay
3.49,left,0.692525412188,0.327695058089,-0.364830354099,decay
3.5,left,0.692083046371,0.327574532672,-0.364508513698,decay
3.51,left,0.691653214177,0.32745559405,-0.364197620127,decay
3.52,left,0.691236468668,0.327338093321,-0.363898375347,decay
3.53,left,0.690833014752,0.327221879945,-0.363611134806,decay
3.54,left,0.690442352043,0.327106801887,-0.363335550156,decay
3.55,left,0.690062955973,0.32699270622,-0.363070249753,decay
3.56,left,0.689692316951,0.326879440011,-0.36281287694,decay
3.57,left,0.689327359078,0.326766851128,-0.362560507951,decay
3.58,left,0.688964956027,0.326654788878,-0.362310167149,decay
3.59,left,0.688602412463,0.326543104487,-0.362059307976,decay
3.6,left,0.688237875573,0.326431651482,-0.361806224091,decay
3.61,left,0.687870423418,0.326320286013,-0.361550137405,decay
3.62,left,0.687499753002,0.32620886716,-0.361290885842,decay
3.63,left,0.687125823214,0.326097257245,-0.361028565969,decay
3.64,left,0.686748637322,0.325985322129,-0.360763315194,decay
3.65,left,0.686368079658,0.325872931492,-0.360495148167,decay
3.66,left,0.685983882901,0.325759959175,-0.360223923726,decay
3.67,left,0.685595745969,0.325646283668,-0.359949462301,decay
3.68,left,0.685203344043,0.325531788816,-0.359671555227,decay
3.69,left,0.68480614609,0.325416364791,-0.3593897813,decay
3.7,left,0.684403341388,0.325299909362,-0.359103432026,decay
3.71,left,0.683994064235,0.325182329532,-0.358811734703,decay
3.72,left,0.683577709896,0.325063543563,-0.358514166333,decay
3.73,left,0.683154168511,0.324943483182,-0.358210685329,decay
3.74,left,0.682724024711,0.324822095063,-0.357901929648,decay
3.75,left,0.682288603212,0.324699340958,-0.357589262253,decay
3.76,left,0.681849685392,0.324575197014,-0.357274488379,decay
3.77,left,0.681409053023,0.324449653218,-0.356959399806,decay
3.78,left,0.68096801529,0.324322713391,-0.356645301899,decay
3.79,left,0.680526896632,0.324194395745,-0.356332500887,decay
3.8,left,0.680084731526,0.324064734019,-0.356019997507,decay
3.81,left,0.679639527035,0.323933779206,-0.355705747829,decay
3.82,left,0.67918896302,0.323801601895,-0.355387361125,decay
3.83,left,0.678731105378,0.323668294722,-0.355062810655,decay
3.84,left,0.678264963008,0.323533973331,-0.354730989678,decay
3.85,left,0.67779085073,0.323398774627,-0.354392076102,decay
3.86,left,0.677310371089,0.323262853187,-0.354047517902,decay
3.87,left,0.676825959176,0.323126377407,-0.353699581768,decay
3.88,left,0.676340272419,0.322989526007,-0.353350746412,decay
3.89,left,0.675855646299,0.322852484821,-0.353003161478,decay
3.9,left,0.675373603875,0.322715443809,-0.352658160066,decay
3.91,left,0.674894554119,0.32257859417,-0.352315959949,decay
3.92,left,0.67441786989,0.322442125481,-0.351975744408,decay
3.93,left,0.673942177169,0.322306223072,-0.351635954097,decay
3.94,left,0.67346562298,0.322171066494,-0.351294556486,decay
3.95,left,0.672986123971,0.322036829743,-0.350949294228,decay
3.96,left,0.672501555853,0.321903682648,-0.350597873205,decay
3.97,left,0.672009834744,0.321771792395,-0.35023804235,decay
3.98,left,0.671509053075,0.321641324781,-0.349867728295,decay
3.99,left,0.670997781017,0.321512445123,-0.349485335895,decay
4,left,0.670475301612,0.321385318804,-0.349089982809,decay
4.01,left,0.669941517487,0.32126011142,-0.348681406068,decay
4.02,left,0.669396668272,0.321136988486,-0.348259679786,decay
4.03,left,0.668841108799,0.321016114804,-0.347824993995,decay
4.04,left,0.668275141675,0.320897653864,-0.347377487811,decay
4.05,left,0.667699003905,0.320781767561,-0.346917236343,decay
4.06,left,0.667113252958,0.320668615932,-0.346444637026,decay
4.07,left,0.666519368263,0.320558356414,-0.345961011849,decay
4.08,left,0.665920150167,0.320451142398,-0.345469007769,decay
4.09,left,0.665319866742,0.320347120977,-0.344972745764,decay
4.1,left,0.664724229063,0.320246429844,-0.344477799219,decay
4.11,left,0.66414011445,0.320149193222,-0.343990921228,decay
4.12,left,0.663575113801,0.320055516759,-0.343519597043,decay
4.13,left,0.663037140021,0.319965482072,-0.343071657949,decay
4.14,left,0.662534068793,0.319879143412,-0.34265492538,decay
4.15,left,0.662073219911,0.319796528292,-0.342276691619,decay
4.16,left,0.661660797599,0.319717640605,-0.341943156994,decay
4.17,left,0.661301527923,0.319642463625,-0.341659064299,decay
4.18,left,0.660998374803,0.319570961842,-0.341427412962,decay
4.19,left,0.66075217688,0.319503081558,-0.341249095322,decay
4.2,left,0.660561406346,0.319438750281,-0.341122656066,decay
4.21,left,0.660422227341,0.319377874898,-0.341044352443,decay
4.22,left,0.660328831653,0.319320338643,-0.341008493009,decay
4.23,left,0.660274122398,0.319265997662,-0.341008124737,decay
4.24,left,0.660250678965,0.319214679772,-0.341035999193,decay
4.25,left,0.660251584215,0.319166187424,-0.341085396791,decay
4.26,left,0.660270871383,0.319120303429,-0.341150567954,decay
4.27,left,0.660303777927,0.319076796896,-0.341226981031,decay
4.28,left,0.660346937691,0.319035428382,-0.34131150931,decay
4.29,left,0.660398357578,0.318995954311,-0.341402403267,decay
4.3,left,0.660457129484,0.318958130795,-0.341498998689,decay
4.31,left,0.660523028496,0.318921716966,-0.34160131153,decay
4.32,left,0.660595962052,0.318886477943,-0.341709484109,decay
4.33,left,0.66067520575,0.31885218746,-0.34182301829,decay
4.34,left,0.66075876209,0.318818629995,-0.341940132095,decay
4.35,left,0.660843174388,0.318785602308,-0.34205757208,decay
4.36,left,0.660923691198,0.318752914605,-0.342170776593,decay
4.37,left,0.660994623638,0.318720391667,-0.342274231971,decay
4.38,left,0.661049835247,0.318687874112,-0.342361961135,decay
4.39,left,0.661083115988,0.318655219863,-0.342427896125,decay
4.4,left,0.661088260613,0.318622305892,-0.342465954721,decay
4.41,left,0.661059105795,0.318589030297,-0.342470075498,decay
4.42,left,0.660989823726,0.318555314777,-0.342434508948,decay
4.43,left,0.660875372986,0.31852110699,-0.342354265995,decay
4.44,left,0.660711945611,0.31848638105,-0.342225564561,decay
4.45,left,0.660497436173,0.318451134828,-0.342046301345,decay
4.46,left,0.660231753998,0.318415385057,-0.34181636894,decay
4.47,left,0.659916676769,0.318379162022,-0.341537514746,decay
4.48,left,0.659555389515,0.318342504531,-0.341212884984,decay
4.49,left,0.659152084492,0.318305455135,-0.340846629357,decay
4.5,left,0.658711688152,0.318268055523,-0.340443632628,decay
4.51,left,0.6582396892,0.318230341995,-0.340009347205,decay
4.52,left,0.657742207252,0.318192340942,-0.33954986631,decay
4.53,left,0.657226237378,0.318154064699,-0.339072172679,decay
4.54,left,0.656699701299,0.318115509113,-0.338584192186,decay
4.55,left,0.656171128685,0.318076653828,-0.338094474857,decay
4.56,left,0.655649096121,0.318037464503,-0.337611631618,decay
4.57,left,0.655141459617,0.317997895534,-0.337143564083,decay
4.58,left,0.654654416084,0.317957892736,-0.336696523347,decay
4.59,left,0.654191772049,0.317917395984,-0.336274376066,decay
4.6,left,0.65375470198,0.317876341864,-0.335878360116,decay
4.61,left,0.653341763283,0.31783466641,-0.335507096873,decay
4.62,left,0.652949012822,0.317792307958,-0.335156704864,decay
4.63,left,0.652570469991,0.317749209914,-0.334821260076,decay
4.64,left,0.652198955147,0.317705322596,-0.334493632551,decay
4.65,left,0.651826984558,0.317660603523,-0.334166381035,decay
4.66,left,0.651447518333,0.31761501668,-0.333832501653,decay
4.67,left,0.651054428714,0.317568531683,-0.333485897031,decay
4.68,left,0.650642513606,0.317521123215,-0.333121390391,decay
4.69,left,0.650207153558,0.317472770771,-0.332734382787,decay
4.7,left,0.649744000255,0.317423458712,-0.332320541543,decay
4.71,left,0.649248964847,0.317373176629,-0.331875788218,decay
4.72,left,0.648718509959,0.317321920037,-0.331396589922,decay
4.73,left,0.64815018666,0.317269691227,-0.330880495434,decay
4.74,left,0.647543282331,0.317216499753,-0.330326782577,decay
4.75,left,0.646899218738,0.317162362159,-0.329736856579,decay
4.76,left,0.646221458005,0.317107301232,-0.329114156773,decay
4.77,left,0.645515139979,0.317051345355,-0.328463794624,decay
4.78,left,0.644786736939,0.316994528145,-0.327792208794,decay
4.79,left,0.644043806791,0.31693688841,-0.327106918382,decay
4.8,left,0.643294988322,0.316878470402,-0.32641651792,decay
4.81,left,0.642550245446,0.31681932436,-0.325730921086,decay
4.82,left,0.641820949404,0.316759507345,-0.325061442059,decay
4.83,left,0.641119467281,0.316699084193,-0.324420383088,decay
4.84,left,0.640458396494,0.31663812803,-0.323820268464,decay
4.85,left,0.639849673068,0.316576719944,-0.323272953124,decay
4.86,left,0.639303568607,0.316514948092,-0.322788620515,decay
4.87,left,0.638827706368,0.316452906778,-0.32237479959,decay
4.88,left,0.638426446954,0.316390695704,-0.32203575125,decay
4.89,left,0.638100725768,0.316328419368,-0.3217723064,decay
4.9,left,0.637848136545,0.316266186587,-0.321581949958,decay
4.91,left,0.637663238716,0.316204110097,-0.321459128618,decay
4.92,left,0.637538096983,0.316142306212,-0.321395790771,decay
4.93,left,0.637462852241,0.31608089444,-0.321381957802,decay
4.94,left,0.637426311574,0.316019996885,-0.321406314689,decay
4.95,left,0.637416709381,0.315959737254,-0.321456972126,decay
4.96,left,0.637422455673,0.315900239534,-0.321522216139,decay
4.97,left,0.637432578911,0.31584162643,-0.321590952482,decay
4.98,left,0.637436978762,0.315784017595,-0.321652961167,decay
4.99,left,0.637426747016,0.315727527583,-0.321699219433,decay
5,left,0.637394505871,0.315672263472,-0.321722242399,decay
5.01,left,0.637334645291,0.315618322085,-0.321716323206,decay
5.02,left,0.637243511799,0.315565786744,-0.321677725055,decay
5.03,left,0.637119450824,0.315514724009,-0.321604726815,decay
5.04,left,0.636962487506,0.315465182011,-0.321497305495,decay
5.05,left,0.636773814114,0.315417191576,-0.321356622538,decay
5.06,left,0.636555447484,0.315370769199,-0.321184678285,decay
5.07,left,0.636310021572,0.315325920171,-0.320984101401,decay
5.08,left,0.636040538676,0.315282641204,-0.320757897472,decay
5.09,left,0.635750165492,0.315240922518,-0.320509242974,decay
5.1,left,0.635442037789,0.315200749429,-0.32024128836,decay
5.11,left,0.635118853331,0.315162103474,-0.319956749858,decay
5.12,left,0.63478239217,0.31512496308,-0.31965742909,decay
5.13,left,0.634433339296,0.315089303866,-0.31934403543,decay
5.14,left,0.63407142987,0.315055098759,-0.319016331111,decay
5.15,left,0.633695708456,0.315022318083,-0.318673390373,decay
5.16,left,0.633304877142,0.314990929518,-0.318313947624,decay
5.17,left,0.632897659288,0.314960897745,-0.317936761543,decay
5.18,left,0.632472921691,0.314932183695,-0.317540737996,decay
5.19,left,0.632029645037,0.314904743407,-0.31712490163,decay
5.2,left,0.631567163979,0.314878526467,-0.316688637512,decay
5.21,left,0.63108567199,0.314853474031,-0.31623219796,decay
5.22,left,0.630586604115,0.314829516405,-0.31575708771,decay
5.23,left,0.630072766197,0.314806570599,-0.315266195598,decay
5.24,left,0.629548232563,0.314784539171,-0.314763693392,decay
5.25,left,0.629017936898,0.314763311401,-0.314254625497,decay
5.26,left,0.628487065696,0.314742766045,-0.31374429965,decay
5.27,left,0.627960553735,0.31472277435,-0.313237779385,decay
5.28,left,0.627442754211,0.314703202825,-0.312739551386,decay
5.29,left,0.6269371337,0.314683915803,-0.312253217897,decay
5.3,left,0.626446009483,0.314664777862,-0.311781231621,decay
5.31,left,0.625970493886,0.314645656168,-0.311324837717,decay
5.32,left,0.62551063836,0.31462642284,-0.31088421552,decay
5.33,left,0.625065729524,0.31460695718,-0.310458772344,decay
5.34,left,0.624634817908,0.314587147268,-0.310047670639,decay
5.35,left,0.624217315294,0.314566890515,-0.309650424779,decay
5.36,left,0.623813298709,0.31454609356,-0.30926720515,decay
5.37,left,0.623423508449,0.314524672143,-0.308898836306,decay
5.38,left,0.623049171772,0.314502551247,-0.308546620524,decay
5.39,left,0.622691602455,0.314479665528,-0.308211936927,decay
5.4,left,0.622351712984,0.314455960085,-0.3078957529,decay
5.41,left,0.622029750264,0.314431391583,-0.307598358681,decay
5.42,left,0.621725250458,0.314405929764,-0.307319320694,decay
5.43,left,0.621437001521,0.314379559031,-0.307057442489,decay
5.44,left,0.621163080239,0.314352279022,-0.306810801218,decay
5.45,left,0.620901149004,0.314324103366,-0.306577045637,decay
5.46,left,0.620648815593,0.314295057241,-0.306353758353,decay
5.47,left,0.620403737445,0.31426517481,-0.306138562635,decay
5.48,left,0.620163531181,0.314234496995,-0.305929034187,decay
5.49,left,0.619925635779,0.314203069554,-0.305722566225,decay
5.5,left,0.619687078077,0.314170941448,-0.305516136629,decay
5.51,left,0.619444272171,0.314138163434,-0.305306108737,decay
5.52,left,0.61919318968,0.31410478687,-0.305088402811,decay
5.53,left,0.618929922041,0.314070862755,-0.304859059286,decay
5.54,left,0.618651360873,0.314036441163,-0.30461491971,decay
5.55,left,0.618355864791,0.314001571199,-0.304354293593,decay
5.56,left,0.618043847844,0.313966301342,-0.304077546503,decay
5.57,left,0.617718003791,0.313930679993,-0.303787323798,decay
5.58,left,0.617382988215,0.313894756121,-0.303488232093,decay
5.59,left,0.617044810274,0.313858580007,-0.303186230267,decay
5.6,left,0.616710160334,0.313822204082,-0.302887956251,decay
5.61,left,0.6163856555,0.313785683876,-0.302599971624,decay
5.62,left,0.616077176744,0.313749079046,-0.302328097698,decay
5.63,left,0.615789569311,0.313712454396,-0.302077114915,decay
5.64,left,0.615526621209,0.313675880483,-0.301850740726,decay
5.65,left,0.615291125105,0.313639433516,-0.30165169159,decay
5.66,left,0.615085023659,0.313603194746,-0.301481828913,decay
5.67,left,0.614909528683,0.313567249736,-0.301342278947,decay
5.68,left,0.614764981454,0.313531687617,-0.301233293837,decay
5.69,left,0.61465052482,0.313496600336,-0.301153924484,decay
5.7,left,0.614563836391,0.313462081853,-0.301101754538,decay
5.71,left,0.614500889573,0.313428227246,-0.301072662327,decay
5.72,left,0.614455666102,0.313395131687,-0.301060534415,decay
5.73,left,0.614420170619,0.313362889351,-0.301057281268,decay
5.74,left,0.614385064999,0.313331592451,-0.301053472547,decay
5.75,left,0.614340659444,0.313301330593,-0.301039328851,decay
5.76,left,0.614277930112,0.313272190234,-0.301005739878,decay
5.77,left,0.614189517407,0.31324425397,-0.300945263437,decay
5.78,left,0.614070503486,0.313217599473,-0.300852904013,decay
5.79,left,0.613918716852,0.313192298059,-0.300726418793,decay
5.8,left,0.613734692949,0.313168412831,-0.300566280118,decay
5.81,left,0.613521451624,0.313145996349,-0.300375455276,decay
5.82,left,0.613283970758,0.313125087777,-0.300158882981,decay
5.83,left,0.613028364579,0.313105709889,-0.29992265469,decay
5.84,left,0.612761053804,0.31308786722,-0.299673186584,decay
5.85,left,0.612488047589,0.313071546342,-0.299416501247,decay
5.86,left,0.61221425119,0.313056717506,-0.299157533684,decay
5.87,left,0.611942971244,0.313043336264,-0.29889963498,decay
5.88,left,0.611675908086,0.313031344537,-0.298644563549,decay
5.89,left,0.611413525868,0.313020671103,-0.298392854765,decay
5.9,left,0.611155548437,0.313011231526,-0.298144316911,decay
5.91,left,0.610901544757,0.313002927547,-0.29789861721,decay
5.92,left,0.610651420077,0.312995645944,-0.297655774133,decay
5.93,left,0.610405487147,0.312989257292,-0.297416229855,decay
5.94,left,0.610164209311,0.312983615925,-0.297180593387,decay
5.95,left,0.60992792446,0.312978562116,-0.296949362344,decay
5.96,left,0.609696551181,0.312973925795,-0.296722625386,decay
5.97,left,0.609469251945,0.312969530565,-0.296499721381,decay
5.98,left,0.609244285018,0.312965197552,-0.296279087466,decay
5.99,left,0.609019119047,0.312960749164,-0.296058369883,decay
6,left,0.608790596064,0.31295601285,-0.295834583214,decay
6.01,left,0.608555134388,0.312950824966,-0.295604309422,decay
6.02,left,0.608309145142,0.312945034857,-0.295364110285,decay
6.03,left,0.60804948259,0.312938508822,-0.295110973768,decay
6.04,left,0.607773605659,0.312931132708,-0.29484247295,decay
6.05,left,0.607479515439,0.312922812194,-0.294556703245,decay
6.06,left,0.607165638022,0.312913471572,-0.294252166451,decay
6.07,left,0.606830639614,0.312903052425,-0.29392758719,decay
6.08,left,0.606473311874,0.312891512797,-0.293581799077,decay
6.09,left,0.606092748348,0.312878826882,-0.293213921466,decay
6.1,left,0.60568871856,0.31286498526,-0.2928237333,decay
6.11,left,0.605262017634,0.312849995669,-0.292412021965,decay
6.12,left,0.604814741448,0.31283388435,-0.291980857098,decay
6.13,left,0.604350450482,0.312816697467,-0.291533753015,decay
6.14,left,0.603874054719,0.31279850108,-0.291075553639,decay
6.15,left,0.60339137885,0.312779378502,-0.290612000349,decay
6.16,left,0.602908610352,0.31275942585,-0.290149184502,decay
6.17,left,0.602431693421,0.312738747322,-0.289692946099,decay
6.18,left,0.601965572804,0.31271745075,-0.289248122054,decay
6.19,left,0.601513511095,0.312695643393,-0.288817867702,decay
6.2,left,0.60107683323,0.312673427879,-0.288403405351,decay
6.21,left,0.600655055309,0.312650898199,-0.28800415711,decay
6.22,left,0.600246229716,0.312628135671,-0.287618094045,decay
6.23,left,0.599847520898,0.312605205244,-0.287242315654,decay
6.24,left,0.599455889686,0.312582153497,-0.286873736189,decay
6.25,left,0.599068643134,0.312559009367,-0.286509633767,decay
6.26,left,0.598683847577,0.312535786786,-0.28614806079,decay
6.27,left,0.598300661855,0.312512487765,-0.28578817409,decay
6.28,left,0.597919412125,0.312489105363,-0.285430306761,decay
6.29,left,0.597541301356,0.312465626543,-0.285075674813,decay
6.3,left,0.597168023922,0.312442034937,-0.284725988985,decay
6.31,left,0.596801542216,0.312418313597,-0.284383228619,decay
6.32,left,0.596443913102,0.312394447757,-0.284049465345,decay
6.33,left,0.596097081946,0.31237042748,-0.283726654466,decay
6.34,left,0.595762804344,0.312346249672,-0.283416554672,decay
6.35,left,0.595442708428,0.312321919053,-0.283120789375,decay
6.36,left,0.595138390036,0.312297448447,-0.282840941589,decay
6.37,left,0.594851571117,0.312272858968,-0.282578712149,decay
6.38,left,0.594584232724,0.312248180355,-0.282336052369,decay
6.39,left,0.594338458038,0.312223451468,-0.28211500657,decay
6.4,left,0.594116008755,0.312198720957,-0.281917287798,decay
6.41,left,0.593917949499,0.312174048093,-0.281743901406,decay
6.42,left,0.593744439707,0.31214950377,-0.281594935937,decay
6.43,left,0.593594619207,0.312125171388,-0.281469447819,decay
6.44,left,0.593466729029,0.312101146731,-0.281365582297,decay
6.45,left,0.593358668526,0.312077536153,-0.281281132373,decay
6.46,left,0.593268755177,0.31205445352,-0.281214301657,decay
6.47,left,0.593196298738,0.312032016756,-0.281164281982,decay
6.48,left,0.593141946541,0.312010344292,-0.28113160225,decay
6.49,left,0.593107802649,0.311989551352,-0.281118251296,decay
6.5,left,0.593097158705,0.311969746009,-0.281127412696,decay
6.51,left,0.593113863917,0.31195102489,-0.281162839027,decay
6.52,left,0.593161501874,0.311933468468,-0.281228033406,decay
6.53,left,0.59324242755,0.311917136435,-0.281325291115,decay
6.54,left,0.593356838596,0.311902064996,-0.2814547736,decay
6.55,left,0.593502266528,0.311888267466,-0.281613999063,decay
6.56,left,0.593673696268,0.311875737069,-0.281797959199,decay
6.57,left,0.593864149756,0.311864450001,-0.281999699755,decay
6.58,left,0.594065471988,0.31185436796,-0.282211104029,decay
6.59,left,0.594269114198,0.311845440147,-0.282423674052,decay
6.6,left,0.594466589153,0.311837604762,-0.282628984392,decay
6.61,left,0.594649458692,0.311830790034,-0.282818668658,decay
6.62,left,0.594809326514,0.311824914823,-0.28298441169,decay
6.63,left,0.594938277118,0.311819888963,-0.283118388155,decay
6.64,left,0.595029527088,0.311815613837,-0.283213913251,decay
6.65,left,0.595077941069,0.311811983565,-0.283265957504,decay
6.66,left,0.595080349161,0.311808886586,-0.283271462575,decay
6.67,left,0.595035519851,0.311806207191,-0.28322931266,decay
6.68,left,0.594943639657,0.311803826889,-0.283139812768,decay
6.69,left,0.594805543188,0.31180162561,-0.283003917578,decay
6.7,left,0.594622088175,0.311799482816,-0.282822605359,decay
6.71,left,0.594393794113,0.311797278557,-0.282596515556,decay
6.72,left,0.594120770816,0.311794894521,-0.282325876295,decay
6.73,left,0.593803061416,0.311792215043,-0.282010846373,decay
6.74,left,0.593441223799,0.311789127842,-0.281652095956,decay
6.75,left,0.593036691478,0.31178552435,-0.281251167128,decay
6.76,left,0.592591828747,0.311781299788,-0.280810528959,decay
6.77,left,0.592109932252,0.311776353315,-0.280333578937,decay
6.78,left,0.591595213539,0.311770588393,-0.279824625146,decay
6.79,left,0.591052697077,0.311763913388,-0.279288783689,decay
6.8,left,0.590488127666,0.311756242465,-0.278731885201,decay
6.81,left,0.5899078289,0.311747496795,-0.278160332105,decay
6.82,left,0.589318318828,0.311737606136,-0.277580712692,decay
6.83,left,0.588725809745,0.311726510534,-0.27699929921,decay
6.84,left,0.588135872261,0.311714161398,-0.276421710864,decay
6.85,left,0.587553242162,0.311700521314,-0.275852720848,decay
6.86,left,0.586981674888,0.311685563126,-0.275296111762,decay
6.87,left,0.586424046062,0.3116692691,-0.274754776961,decay
6.88,left,0.58588278939,0.311651630549,-0.274231158841,decay
6.89,left,0.585360332872,0.311632647933,-0.273727684939,decay
6.9,left,0.584859325973,0.311612331442,-0.273246994531,decay
6.91,left,0.584382780712,0.311590702073,-0.272792078639,decay
6.92,left,0.58393404629,0.311567793207,-0.272366253083,decay
6.93,left,0.58351648443,0.311543652306,-0.271972832124,decay
6.94,left,0.583133120359,0.311518341439,-0.27161477892,decay
6.95,left,0.582786488384,0.311491935677,-0.271294552708,decay
6.96,left,0.582478493301,0.311464520045,-0.271013973256,decay
6.97,left,0.5822102263,0.311436186319,-0.270774039981,decay
6.98,left,0.581981916318,0.311407030118,-0.2705748862,decay
6.99,left,0.581792992385,0.311377148308,-0.270415844077,decay
7,left,0.581642085271,0.311346636618,-0.270295448652,decay
7.01,left,0.581527065138,0.311315587426,-0.270211477712,decay
7.02,left,0.581445288792,0.311284087653,-0.270161201139,decay
7.03,left,0.58139390002,0.311252216888,-0.270141683132,decay
7.04,left,0.581369957282,0.311220046291,-0.270149910991,decay
7.05,left,0.581370391474,0.311187638652,-0.270182752822,decay
7.06,left,0.581391799708,0.311155049288,-0.270236750421,decay
7.07,left,0.581430098941,0.311122327132,-0.270307771809,decay
7.08,left,0.581480321603,0.311089515806,-0.270390805797,decay
7.09,left,0.581536755849,0.311056654633,-0.270480101215,decay
7.1,left,0.581593249545,0.311023779609,-0.270569469936,decay
7.11,left,0.581643502831,0.310990924327,-0.270652578505,decay
7.12,left,0.581681396374,0.310958120879,-0.270723275495,decay
7.13,left,0.581701344515,0.310925400656,-0.270775943859,decay
7.14,left,0.581698566317,0.310892794855,-0.270805771462,decay
7.15,left,0.581669344563,0.310860334546,-0.270809010017,decay
7.16,left,0.581611406724,0.3108280504,-0.270783356323,decay
7.17,left,0.581524235888,0.310795972288,-0.2707282636,decay
7.18,left,0.581409018668,0.3107641288,-0.270644889868,decay
7.19,left,0.581268270374,0.310732546711,-0.270535723662,decay
7.2,left,0.58110528337,0.310701250345,-0.270404033025,decay
7.21,left,0.580923480009,0.310670260839,-0.27025321917,decay
7.22,left,0.58072598973,0.310639595289,-0.270086394441,decay
7.23,left,0.580515817311,0.310609265901,-0.26990655141,decay
7.24,left,0.58029643152,0.310579279613,-0.269717151906,decay
7.25,left,0.580072235522,0.310549638533,-0.269522596989,decay
7.26,left,0.579848638877,0.310520340921,-0.269328297956,decay
7.27,left,0.579631734034,0.31049138225,-0.269140351785,decay
7.28,left,0.579427582611,0.310462756145,-0.268964826466,decay
7.29,left,0.579241306378,0.310434455221,-0.268806851157,decay
7.3,left,0.579076502553,0.310406471804,-0.268670030749,decay
7.31,left,0.578935265482,0.310378798579,-0.268556466902,decay
7.32,left,0.578818577148,0.310351429162,-0.268467147986,decay
7.33,left,0.578726785391,0.310324358616,-0.268402426775,decay
7.34,left,0.578659981096,0.31029758399,-0.268362397106,decay
7.35,left,0.578618002245,0.310271104915,-0.26834689733,decay
7.36,left,0.578600009286,0.310244924236,-0.26835508505,decay
7.37,left,0.578603987973,0.310219048651,-0.268384939322,decay
7.38,left,0.578626517312,0.310193489337,-0.268433027974,decay
7.39,left,0.578662849205,0.310168262563,-0.268494586643,decay
7.4,left,0.578707266799,0.310143390309,-0.268563876491,decay
7.41,left,0.578753634742,0.310118900894,-0.268634733849,decay
7.42,left,0.578795835481,0.310094829607,-0.268701005874,decay
7.43,left,0.578827836674,0.310071219189,-0.268756617485,decay
7.44,left,0.578843605922,0.310048119622,-0.268795486301,decay
7.45,left,0.578837232885,0.310025586823,-0.268811646062,decay
7.46,left,0.578803206624,0.310003680507,-0.268799526117,decay
7.47,left,0.578736696048,0.309982461723,-0.268754234325,decay
7.48,left,0.578633912401,0.309961990232,-0.268671922169,decay
7.49,left,0.578492464185,0.309942321694,-0.268550142491,decay
7.5,left,0.578311482834,0.3099235046,-0.268387978233,decay
7.51,left,0.578091624129,0.309905576893,-0.268186047236,decay
7.52,left,0.577835100691,0.309888562201,-0.26794653849,decay
7.53,left,0.577545614197,0.309872466219,-0.267673147978,decay
7.54,left,0.577228106723,0.309857274995,-0.267370831728,decay
7.55,left,0.576888455093,0.309842956478,-0.267045498616,decay
7.56,left,0.57653311679,0.3098294643,-0.26670365249,decay
7.57,left,0.57616864138,0.309816741976,-0.266351899404,decay
7.58,left,0.575801278038,0.309804726783,-0.265996551255,decay
7.59,left,0.575436978569,0.309793353367,-0.265643625201,decay
7.6,left,0.575081563238,0.309782557118,-0.265299006121,decay
7.61,left,0.574740690651,0.309772277394,-0.264968413257,decay
7.62,left,0.574419720433,0.309762460674,-0.264657259759,decay
7.63,left,0.574123570466,0.30975306333,-0.264370507136,decay
7.64,left,0.573856404145,0.309744052989,-0.264112351157,decay
7.65,left,0.573621138565,0.309735407689,-0.263885730876,decay
7.66,left,0.573418928682,0.309727113461,-0.26369181522,decay
7.67,left,0.573248671253,0.309719161427,-0.263529509826,decay
7.68,left,0.573106710628,0.309711544851,-0.263395165777,decay
7.69,left,0.572987163352,0.309704256142,-0.26328290721,decay
7.7,left,0.572882946646,0.309697283758,-0.263185662888,decay
7.71,left,0.572787069064,0.309690608962,-0.263096460102,decay
7.72,left,0.572693787069,0.309684202388,-0.263009584681,decay
7.73,left,0.572599442709,0.309678020815,-0.262921421894,decay
7.74,left,0.572502643,0.309672005524,-0.262830637476,decay
7.75,left,0.57240360044,0.309666083264,-0.262737517176,decay
7.76,left,0.572303113232,0.309660169072,-0.262642944159,decay
7.77,left,0.572201786463,0.309654169536,-0.262547616928,decay
7.78,left,0.572099601709,0.309647985966,-0.262451615743,decay
7.79,left,0.571995760834,0.30964151752,-0.262354243314,decay
7.8,left,0.571888786906,0.309634664324,-0.262254122582,decay
7.81,left,0.571776743555,0.309627330689,-0.262149412866,decay
7.82,left,0.571657488844,0.309619428492,-0.262038060352,decay
7.83,left,0.571529023733,0.309610880455,-0.261918143277,decay
7.84,left,0.571389800712,0.30960162236,-0.261788178353,decay
7.85,left,0.571238687845,0.309591603458,-0.261647084388,decay
7.86,left,0.571074614361,0.309580785708,-0.261493828654,decay
7.87,left,0.570896340168,0.309569142914,-0.261327197253,decay
7.88,left,0.570702556591,0.309556660217,-0.261145896374,decay
7.89,left,0.570492092014,0.309543333969,-0.260948758045,decay
7.9,left,0.570264126503,0.309529172001,-0.260734954503,decay
7.91,left,0.57001841326,0.309514194278,-0.260504218983,decay
7.92,left,0.569755264803,0.309498433962,-0.260256830841,decay
7.93,left,0.56947524814,0.309481938574,-0.259993309567,decay
7.94,left,0.569178914684,0.309464770304,-0.25971414438,decay
7.95,left,0.568866738965,0.309447004743,-0.259419734222,decay
7.96,left,0.56853916852,0.309428728543,-0.259110439976,decay
7.97,left,0.568196735844,0.309410036959,-0.258786698885,decay
7.98,left,0.56784020775,0.309391031612,-0.258449176138,decay
7.99,left,0.567470607571,0.309371818469,-0.258098789102,decay
8,left,0.567089037211,0.309352505963,-0.257736531248,decay
8.01,left,0.5666965915,0.309333203202,-0.257363388298,decay
8.02,left,0.566294647049,0.309314018219,-0.25698062883,decay
8.03,left,0.565885363107,0.309295056303,-0.256590306803,decay
8.04,left,0.565472085952,0.309276418674,-0.256195667277,decay
8.05,left,0.565059481266,0.309258201693,-0.255801279573,decay
8.06,left,0.564653202606,0.309240496388,-0.255412706219,decay
8.07,left,0.564259074956,0.309223387937,-0.255035687019,decay
8.08,left,0.563882176972,0.309206954944,-0.254675222029,decay
8.09,left,0.563526180524,0.309191268456,-0.254334912068,decay
8.1,left,0.563192994339,0.309176390696,-0.254016603642,decay
8.11,left,0.562882778362,0.309162373466,-0.253720404896,decay
8.12,left,0.562594477809,0.309149256181,-0.253445221629,decay
8.13,left,0.56232673898,0.309137063823,-0.253189675156,decay
8.14,left,0.56207877973,0.309125805799,-0.25295297393,decay
8.15,left,0.561850939013,0.30911547644,-0.252735462573,decay
8.16,left,0.561644820702,0.309106056568,-0.252538764133,decay
8.17,left,0.561462870032,0.309097515095,-0.252365354936,decay
8.18,left,0.561307451666,0.30908981024,-0.252217641425,decay
8.19,left,0.561179935027,0.309082890356,-0.252097044672,decay
8.2,left,0.561080155191,0.309076694391,-0.2520034608,decay
8.21,left,0.561006252191,0.309071152005,-0.251935100185,decay
8.22,left,0.560954915504,0.309066183358,-0.251888732147,decay
8.23,left,0.560922011711,0.309061698846,-0.251860312865,decay
8.24,left,0.560903234455,0.309057599656,-0.251845634798,decay
8.25,left,0.560894469078,0.309053779774,-0.251840689304,decay
8.26,left,0.56089196361,0.309050129045,-0.251841834564,decay
8.27,left,0.560892423948,0.309046536483,-0.251845887466,decay
8.28,left,0.560892980107,0.309042893552,-0.251850086556,decay
8.29,left,0.560891111576,0.309039097478,-0.251852014098,decay
8.3,left,0.560884736174,0.309035054661,-0.251849681512,decay
8.31,left,0.560872367872,0.309030684267,-0.251841683604,decay
8.32,left,0.560853124223,0.309025922088,-0.251827202135,decay
8.33,left,0.560826706781,0.309020724191,-0.251805982591,decay
8.34,left,0.560793459753,0.309015068703,-0.25177839105,decay
8.35,left,0.560754253339,0.309008954486,-0.251745298853,decay
8.36,left,0.560710110816,0.30900239766,-0.251707713156,decay
8.37,left,0.560661824913,0.308995427713,-0.2516663972,decay
8.38,left,0.560609650789,0.308988083877,-0.251621566912,decay
8.39,left,0.560553058872,0.308980411754,-0.251572647118,decay
8.4,left,0.560490730862,0.308972460144,-0.251518270718,decay
8.41,left,0.560420904302,0.308964278,-0.251456626302,decay
8.42,left,0.560341843245,0.308955911458,-0.251385931787,decay
8.43,left,0.560252284905,0.308947401134,-0.251304883771,decay
8.44,left,0.560151960456,0.308938780409,-0.251213180047,decay
8.45,left,0.560041984929,0.308930075261,-0.251111909668,decay
8.46,left,0.559924657193,0.308921305178,-0.251003352015,decay
8.47,left,0.559802760211,0.308912484348,-0.250890275863,decay
8.48,left,0.55967881812,0.308903622824,-0.250775195296,decay
8.49,left,0.559554367929,0.308894727619,-0.25065964031,decay
8.5,left,0.559429198614,0.308885803777,-0.250543394837,decay
8.51,left,0.559300840736,0.308876855413,-0.250423985323,decay
8.52,left,0.559164497559,0.308867886751,-0.250296610808,decay
8.53,left,0.55901338793,0.308858903044,-0.250154484886,decay
8.54,left,0.558839615814,0.308849911013,-0.249989704801,decay
8.55,left,0.558635578965,0.308840918525,-0.249794660439,decay
8.56,left,0.558395379149,0.308831933716,-0.249563445433,decay
8.57,left,0.558115629011,0.308822963943,-0.249292665069,decay
8.58,left,0.557795643443,0.308814014709,-0.248981628735,decay
8.59,left,0.557437224145,0.308805088556,-0.248632135589,decay
8.6,left,0.557044042938,0.308796183904,-0.248247859034,decay
8.61,left,0.556620818458,0.308787293817,-0.247833524642,decay
8.62,left,0.556172696597,0.308778404685,-0.247394291912,decay
8.63,left,0.555704943675,0.308769494959,-0.246935448716,decay
8.64,left,0.55522286139,0.308760534453,-0.246462326937,decay
8.65,left,0.554731941323,0.308751484581,-0.245980456742,decay
8.66,left,0.554238099209,0.308742299268,-0.245495799941,decay
8.67,left,0.553747607961,0.308732925996,-0.245014681965,decay
8.68,left,0.553266656693,0.308723306805,-0.244543349888,decay
8.69,left,0.552800825647,0.308713379255,-0.244087446392,decay
8.7,left,0.552354663238,0.30870307738,-0.243651585858,decay
8.71,left,0.551931383458,0.308692332663,-0.243239050794,decay
8.72,left,0.551532835739,0.308681075067,-0.242851760672,decay
8.73,left,0.551159865944,0.308669234061,-0.242490631883,decay
8.74,left,0.550812775275,0.30865673941,-0.242156035865,decay
8.75,left,0.550491571036,0.308643521547,-0.241848049489,decay
8.76,left,0.550196097996,0.308629511708,-0.241566586288,decay
8.77,left,0.549926137262,0.308614642141,-0.241311495121,decay
8.78,left,0.549681456706,0.308598846507,-0.241082610199,decay
8.79,left,0.549461927916,0.308582060535,-0.240879867381,decay
8.8,left,0.549267699867,0.308564222935,-0.240703476932,decay
8.81,left,0.549099221402,0.308545276603,-0.240553944799,decay
8.82,left,0.548957089457,0.308525170167,-0.240431919289,decay
8.83,left,0.548841869723,0.308503859647,-0.240338010076,decay
8.84,left,0.548753819487,0.308481309497,-0.24027250999,decay
8.85,left,0.548692312089,0.308457492484,-0.240234819605,decay
8.86,left,0.548655135272,0.308432388845,-0.240222746427,decay
8.87,left,0.548638123584,0.308405985515,-0.240232138069,decay
8.88,left,0.548635280529,0.308378275765,-0.240257004764,decay
8.89,left,0.548639288109,0.308349259264,-0.240290028845,decay
8.9,left,0.548642389875,0.308318942565,-0.240323447309,decay
8.91,left,0.548637467241,0.308287340042,-0.240350127199,decay
8.92,left,0.548618909566,0.30825447526,-0.240364434306,decay
8.93,left,0.548583126727,0.308220382545,-0.240362744181,decay
8.94,left,0.548528766363,0.30818510786,-0.240343658502,decay
8.95,left,0.548456604998,0.308148708343,-0.240307896655,decay
8.96,left,0.548369178965,0.308111250989,-0.240257927976,decay
8.97,left,0.548270412453,0.308072811359,-0.240197601094,decay
8.98,left,0.548165268349,0.30803347266,-0.240131795689,decay
8.99,left,0.548059128658,0.30799332519,-0.240065803468,decay
9,left,0.547956896382,0.307952466124,-0.240004430258,decay
9.01,left,0.547862277361,0.307910999607,-0.239951277754,decay
9.02,left,0.547777466522,0.307869037147,-0.239908429376,decay
9.03,left,0.54770302489,0.307826698118,-0.239876326771,decay
9.04,left,0.54763791856,0.307784109953,-0.239853808606,decay
9.05,left,0.547579834206,0.307741407627,-0.239838426579,decay
9.06,left,0.547525548136,0.307698732674,-0.239826815462,decay
9.07,left,0.547471153405,0.307656232132,-0.239814921273,decay
9.08,left,0.547412330799,0.307614057547,-0.239798273253,decay
9.09,left,0.547344765485,0.307572364006,-0.239772401479,decay
9.1,left,0.547264553144,0.307531309148,-0.239733243995,decay
9.11,left,0.547168576742,0.307491052087,-0.239677524655,decay
9.12,left,0.547054934015,0.307451752204,-0.239603181811,decay
9.13,left,0.546923218357,0.307413567787,-0.239509650569,decay
9.14,left,0.546774388872,0.307376654639,-0.239397734233,decay
9.15,left,0.546610373896,0.307341164682,-0.239269209213,decay
9.16,left,0.546433694126,0.307307244438,-0.239126449687,decay
9.17,left,0.546247125235,0.307275033133,-0.238972092102,decay
9.18,left,0.546053464261,0.307244660298,-0.238808803963,decay
9.19,left,0.545855532887,0.30721624279,-0.238639290097,decay
9.2,left,0.545656185829,0.307189881144,-0.238466304686,decay
9.21,left,0.54545807504,0.307165655184,-0.238292419856,decay
9.22,left,0.545263352547,0.307143618786,-0.238119733761,decay
9.23,left,0.545073464579,0.307123794558,-0.237949670021,decay
9.24,left,0.544888933718,0.307106171057,-0.237782762661,decay
9.25,left,0.544709248147,0.307090704513,-0.237618543634,decay
9.26,left,0.54453317506,0.307077323539,-0.237455851521,decay
9.27,left,0.544359459411,0.307065934125,-0.237293525286,decay
9.28,left,0.544187527258,0.307056423843,-0.237131103415,decay
9.29,left,0.544017985652,0.307048665266,-0.236969320387,decay
9.3,left,0.543852886156,0.307042518669,-0.236810367488,decay
9.31,left,0.543695559933,0.307037834101,-0.236657725832,decay
9.32,left,0.543549997904,0.307034452891,-0.236515545013,decay
9.33,left,0.543420180831,0.307032208843,-0.236387971988,decay
9.34,left,0.54330961694,0.307030929789,-0.236278687151,decay
9.35,left,0.543221029069,0.307030440046,-0.236190589023,decay
9.36,left,0.543156258652,0.307030563476,-0.236125695175,decay
9.37,left,0.543116431163,0.307031126639,-0.236085304525,decay
9.38,left,0.543102139396,0.307031961847,-0.236070177549,decay
9.39,left,0.54311347453,0.307032910205,-0.236080564325,decay
9.4,left,0.543150001916,0.307033824718,-0.236116177198,decay
9.41,left,0.543210713324,0.307034573554,-0.23617613977,decay
9.42,left,0.543293858482,0.307035043564,-0.236258814918,decay
9.43,left,0.543396782233,0.30703514366,-0.236361638573,decay
9.44,left,0.54351602266,0.307034806662,-0.236481215998,decay
9.45,left,0.543647572928,0.307033988576,-0.236613584352,decay
9.46,left,0.543787042646,0.30703266614,-0.236754376506,decay
9.47,left,0.543929769108,0.307030834124,-0.236898934984,decay
9.48,left,0.54407102175,0.307028503006,-0.237042518744,decay
9.49,left,0.544206239804,0.307025697004,-0.2371805428,decay
9.5,left,0.544331264244,0.307022452472,-0.237308811771,decay
9.51,left,0.544442542461,0.307018816587,-0.237423725874,decay
9.52,left,0.544537049555,0.307014846329,-0.237522203226,decay
9.53,left,0.544611788359,0.307010607501,-0.237601180858,decay
9.54,left,0.544663241464,0.307006173112,-0.237657068352,decay
9.55,left,0.544687185754,0.307001620587,-0.237685565167,decay
9.56,left,0.544678861562,0.306997028123,-0.237681833438,decay
9.57,left,0.544633403624,0.306992470779,-0.237640932845,decay
9.58,left,0.544546568163,0.306988016507,-0.237558551656,decay
9.59,left,0.544415528852,0.30698372206,-0.237431806792,decay
9.6,left,0.544239304695,0.306979628699,-0.237259675996,decay
9.61,left,0.544018736571,0.306975757612,-0.237042978959,decay
9.62,left,0.543756158625,0.306972104974,-0.236784053651,decay
9.63,left,0.543454767879,0.306968637327,-0.236486130552,decay
9.64,left,0.543117842464,0.306965289662,-0.236152552802,decay
9.65,left,0.542748178653,0.306961967998,-0.235786210655,decay
9.66,left,0.542347856932,0.306958555121,-0.235389301811,decay
9.67,left,0.541918212771,0.306954917081,-0.234963295691,decay
9.68,left,0.541460072549,0.306950909537,-0.234509163012,decay
9.69,left,0.540974313605,0.306946383996,-0.234027929609,decay
9.7,left,0.540462435199,0.306941194074,-0.233521241125,decay
9.71,left,0.539926803891,0.306935201927,-0.232991601965,decay
9.72,left,0.539370647056,0.306928284977,-0.232442362079,decay
9.73,left,0.538797940139,0.306920342348,-0.231877597791,decay
9.74,left,0.538213144097,0.306911298819,-0.231301845278,decay
9.75,left,0.537620957581,0.306901104661,-0.23071985292,decay
9.76,left,0.537026371439,0.306889732694,-0.230136638745,decay
9.77,left,0.536434916937,0.306877174915,-0.229557742021,decay
9.78,left,0.535852832409,0.306863439643,-0.228989392765,decay
9.79,left,0.535287120305,0.306848549219,-0.228438571087,decay
9.8,left,0.53474546178,0.306832538221,-0.227912923559,decay
9.81,left,0.534235795527,0.306815452171,-0.227420343356,decay
9.82,left,0.533765604958,0.306797346689,-0.226968258269,decay
9.83,left,0.533341222327,0.306778286974,-0.226562935353,decay
9.84,left,0.532967271555,0.306758347281,-0.226208924274,decay
9.85,left,0.532646230578,0.306737610111,-0.225908620467,decay
9.86,left,0.532378263169,0.306716165287,-0.225662097881,decay
9.87,left,0.532161381316,0.306694109191,-0.225467272125,decay
9.88,left,0.531991665653,0.306671544271,-0.225320121382,decay
9.89,left,0.531863392823,0.306648578805,-0.225214814018,decay
9.9,left,0.53176923957,0.306625326876,-0.225143912694,decay
9.91,left,0.531700568204,0.306601908544,-0.225098659659,decay
9.92,left,0.531647635935,0.306578450187,-0.225069185748,decay
9.93,left,0.531599841816,0.306555084758,-0.225044757058,decay
9.94,left,0.531546190256,0.306531951287,-0.225014238969,decay
9.95,left,0.531475846517,0.306509193055,-0.224966653462,decay
9.96,left,0.531378608422,0.306486954784,-0.224891653638,decay
9.97,left,0.531245351293,0.306465379437,-0.224779971856,decay
9.98,left,0.531068505421,0.306444604842,-0.224623900579,decay
9.99,left,0.530842432529,0.306424760061,-0.224417672468,decay
10,left,0.530563630069,0.306405961427,-0.224157668643,decay
10.01,left,0.530230864557,0.306388308138,-0.223842556419,decay
10.02,left,0.529845213503,0.306371877326,-0.223473336178,decay
10.03,left,0.529409958421,0.306356719173,-0.223053239248,decay
10.04,left,0.528930531738,0.306342854129,-0.222587677609,decay
10.05,left,0.528414594974,0.306330273786,-0.222084321188,decay
10.06,left,0.527871926182,0.306318944185,-0.221552981997,decay
10.07,left,0.52731395203,0.306308809394,-0.221005142635,decay
10.08,left,0.526753157526,0.306299794503,-0.220453363023,decay
10.09,left,0.526202551413,0.306291808016,-0.219910743397,decay
10.1,left,0.525675178551,0.306284743702,-0.219390434849,decay
10.11,left,0.525183709316,0.306278481953,-0.218905227362,decay
10.12,left,0.52474004358,0.306272890704,-0.218467152876,decay
10.13,left,0.524354641867,0.306267826201,-0.218086815666,decay
10.14,left,0.524035540895,0.306263134492,-0.217772406403,decay
10.15,left,0.523787538599,0.30625865428,-0.21752888432,decay
10.16,left,0.523611917067,0.306254220772,-0.217357696294,decay
10.17,left,0.523506542724,0.306249669799,-0.217256872925,decay
10.18,left,0.523466198747,0.306244841952,-0.217221356795,decay
10.19,left,0.523483211058,0.306239586835,-0.217243624224,decay
10.2,left,0.523548250355,0.306233767519,-0.217314482836,decay
10.21,left,0.523651137488,0.306227265326,-0.217423872162,decay
10.22,left,0.523781646761,0.306219985031,-0.21756166173,decay
10.23,left,0.523930225824,0.306211859888,-0.217718365936,decay
10.24,left,0.524088502708,0.306202854291,-0.217885648418,decay
10.25,left,0.524249713298,0.306192962434,-0.218056750864,decay
10.26,left,0.524409189763,0.306182204261,-0.218226985502,decay
10.27,left,0.524564638446,0.306170620988,-0.218394017458,decay
10.28,left,0.524715905554,0.306158271087,-0.218557634467,decay
10.29,left,0.524864408948,0.306145226769,-0.218719182179,decay
10.3,left,0.525012505045,0.30613157086,-0.218880934185,decay
10.31,left,0.525162754202,0.306117394024,-0.219045360178,decay
10.32,left,0.525317151368,0.306102792272,-0.219214359096,decay
10.33,left,0.525476595983,0.306087864679,-0.219388731305,decay
10.34,left,0.525640621529,0.306072711301,-0.219567910228,decay
10.35,left,0.525807310002,0.306057431234,-0.219749878768,decay
10.36,left,0.525973594909,0.306042120756,-0.219931474153,decay
10.37,left,0.526136001927,0.306026871458,-0.220109130468,decay
10.38,left,0.526291447597,0.306011768323,-0.220279679275,decay
10.39,left,0.526437860835,0.305996887672,-0.220440973163,decay
10.4,left,0.52657469048,0.305982294949,-0.220592395531,decay
10.41,left,0.526703178689,0.305968042271,-0.220735136418,decay
10.42,left,0.526826164673,0.305954165693,-0.22087199898,decay
10.43,left,0.526947509022,0.305940682557,-0.221006826464,decay
10.44,left,0.52707140385,0.305927590152,-0.221143813698,decay
10.45,left,0.527201603733,0.305914866623,-0.221286737111,decay
10.46,left,0.527340605208,0.305902473425,-0.221438131783,decay
10.47,left,0.527489068186,0.305890358013,-0.221598710173,decay
10.48,left,0.527645636306,0.305878456278,-0.221767180028,decay
10.49,left,0.527807042028,0.305866694727,-0.221940347301,decay
10.5,left,0.527968486777,0.305854992464,-0.222113494313,decay
10.51,left,0.52812430588,0.305843263019,-0.222281042861,decay
10.52,left,0.52826872516,0.305831416071,-0.222437309088,decay
10.53,left,0.528396564554,0.305819359139,-0.222577205415,decay
10.54,left,0.52850388668,0.305806999326,-0.222696887354,decay
10.55,left,0.528588440945,0.305794245222,-0.222794195723,decay
10.56,left,0.528649644925,0.305781008971,-0.222868635954,decay
10.57,left,0.528688161831,0.305767208522,-0.222920953308,decay
10.58,left,0.528705386444,0.305752770099,-0.222952616345,decay
10.59,left,0.528702892715,0.305737630931,-0.222965261784,decay
10.6,left,0.528681810539,0.305721742327,-0.222960068211,decay
10.61,left,0.528642466754,0.305705073148,-0.222937393606,decay
10.62,left,0.528584553605,0.305687613736,-0.222896939869,decay
10.63,left,0.528507560978,0.305669379756,-0.222838181222,decay
10.64,left,0.528411145749,0.305650414015,-0.222760731734,decay
10.65,left,0.528295400309,0.305630784814,-0.222664615495,decay
10.66,left,0.528160945578,0.305610581921,-0.222550363657,decay
10.67,left,0.528008727081,0.305589912133,-0.222418814949,decay
10.68,left,0.527839724284,0.305568895181,-0.222270829103,decay
10.69,left,0.527654858052,0.305547659952,-0.2221071981,decay
10.7,left,0.527454989189,0.305526340948,-0.22192864824,decay
10.71,left,0.527240855646,0.305505074886,-0.22173578076,decay
10.72,left,0.527013143246,0.305483997354,-0.221529145892,decay
10.73,left,0.526772816642,0.305463239623,-0.221309577018,decay
10.74,left,0.526521545886,0.305442926124,-0.221078619763,decay
10.75,left,0.526262179475,0.305423172942,-0.220839006533,decay
10.76,left,0.525999227025,0.305404086957,-0.220595140068,decay
10.77,left,0.525738992747,0.305385764964,-0.220353227783,decay
10.78,left,0.525489135363,0.305368292486,-0.220120842878,decay
10.79,left,0.525257891748,0.305351742223,-0.219906149525,decay
10.8,left,0.525053216365,0.305336172083,-0.219717044283,decay
10.81,left,0.524881911564,0.305321622741,-0.219560288823,decay
10.82,left,0.524748893956,0.305308114691,-0.219440779265,decay
10.83,left,0.524656732797,0.305295645293,-0.219361087504,decay
10.84,left,0.524605393347,0.305284187583,-0.219321205763,decay
10.85,left,0.524592139557,0.305273692171,-0.219318447386,decay
10.86,left,0.524611770106,0.305264091239,-0.219347678867,decay
10.87,left,0.524657244858,0.305255302846,-0.219401942012,decay
10.88,left,0.524720405725,0.305247234846,-0.219473170879,decay
10.89,left,0.524792559277,0.305239788443,-0.219552770834,decay
10.9,left,0.524864932348,0.305232861459,-0.219632070889,decay
10.91,left,0.524928925156,0.305226351394,-0.219702573762,decay
10.92,left,0.524976130103,0.305220158343,-0.21975597176,decay
10.93,left,0.524998405459,0.305214187634,-0.219784217824,decay
10.94,left,0.524988235413,0.305208351508,-0.219779883904,decay
10.95,left,0.524939246737,0.305202569386,-0.219736677351,decay
10.96,left,0.524846716505,0.305196767136,-0.219649949369,decay
10.97,left,0.52470801906,0.305190876104,-0.219517142956,decay
10.98,left,0.524522818559,0.305184832202,-0.219337986357,decay
10.99,left,0.524292829402,0.305178575098,-0.219114254304,decay
11,left,0.524021389539,0.3051720475,-0.218849342039,decay
11.01,left,0.523713214027,0.305165194543,-0.218548019483,decay
11.02,left,0.523374291921,0.30515796328,-0.218216328641,decay
11.03,left,0.523011765691,0.305150302324,-0.217861463368,decay
11.04,left,0.522633845333,0.305142161751,-0.217491683582,decay
11.05,left,0.522249666266,0.305133493372,-0.217116172894,decay
11.06,left,0.521868823359,0.305124251304,-0.216744572055,decay
11.07,left,0.521500615325,0.305114392776,-0.216386222549,decay
11.08,left,0.521153254358,0.305103879123,-0.216049375236,decay
11.09,left,0.520833157853,0.305092677004,-0.215740480849,decay
11.1,left,0.52054443188,0.30508075987,-0.21546367201,decay
11.11,left,0.520288735604,0.305068109704,-0.2152206259,decay
11.12,left,0.520065500081,0.305054719089,-0.215010780992,decay
11.13,left,0.519872226492,0.305040593208,-0.214831633284,decay
11.14,left,0.519704760402,0.305025750559,-0.214679009843,decay
11.15,left,0.51955767867,0.305010221435,-0.214547457235,decay
11.16,left,0.51942470837,0.304994044867,-0.214430663503,decay
11.17,left,0.519298977965,0.304977265292,-0.214321712673,decay
11.18,left,0.519173249629,0.304959929416,-0.214213320213,decay
11.19,left,0.519040334166,0.304942083273,-0.214098250893,decay
11.2,left,0.518893594467,0.304923769411,-0.213969825056,decay
11.21,left,0.518727479964,0.304905024145,-0.213822455819,decay
11.22,left,0.518538146074,0.304885874839,-0.213652271235,decay
11.23,left,0.518323970826,0.304866337515,-0.21345763331,decay
11.24,left,0.51808569689,0.304846415883,-0.213239281007,decay
11.25,left,0.517826245572,0.304826102619,-0.213000142952,decay
11.26,left,0.517550313727,0.304805382278,-0.212744931449,decay
11.27,left,0.517263644122,0.304784234688,-0.212479409435,decay
11.28,left,0.516972044333,0.304762638424,-0.212209405909,decay
11.29,left,0.516680570276,0.304740574368,-0.211939995909,decay
11.3,left,0.516393094146,0.304718029411,-0.211675064734,decay
11.31,left,0.516112169645,0.30469500038,-0.211417169265,decay
11.32,left,0.515839252872,0.304671498228,-0.211167754644,decay
11.33,left,0.515575319727,0.304647551991,-0.210927767735,decay
11.34,left,0.515321485434,0.304623210697,-0.210698274737,decay
11.35,left,0.515079246559,0.304598541885,-0.210480704674,decay
11.36,left,0.514850404637,0.30457362775,-0.210276776886,decay
11.37,left,0.514636778107,0.304548560741,-0.210088217367,decay
11.38,left,0.514439735575,0.30452343931,-0.209916296265,decay
11.39,left,0.514259817641,0.30449836381,-0.209761453831,decay
11.4,left,0.514096727719,0.304473432421,-0.209623295297,decay
11.41,left,0.513949583308,0.304448737038,-0.209500846271,decay
11.42,left,0.513817168424,0.304424359022,-0.209392809402,decay
11.43,left,0.513698191374,0.304400365228,-0.209297826146,decay
11.44,left,0.513591593244,0.304376805776,-0.209214787468,decay
11.45,left,0.513496710356,0.304353714689,-0.209142995667,decay
11.46,left,0.513413232121,0.3043311125,-0.209082119621,decay
11.47,left,0.513341117605,0.304309009256,-0.209032108349,decay
11.48,left,0.513280370121,0.304287407284,-0.208992962837,decay
11.49,left,0.513230490716,0.304266303711,-0.208964187005,decay
11.5,left,0.513189856519,0.304245692777,-0.208944163742,decay
11.51,left,0.513155409255,0.304225567976,-0.208929841279,decay
11.52,left,0.513122778168,0.304205924065,-0.208916854103,decay
11.53,left,0.513086831286,0.304186758847,-0.20890007244,decay
11.54,left,0.513042527308,0.304168074433,-0.208874452874,decay
11.55,left,0.512985661478,0.304149877713,-0.208835783765,decay
11.56,left,0.512913170327,0.304132180253,-0.208780990073,decay
11.57,left,0.512823129856,0.304114997994,-0.208708131863,decay
11.58,left,0.51271466444,0.304098350862,-0.208616313578,decay
11.59,left,0.512587674788,0.304082262332,-0.208505412456,decay
11.6,left,0.512442418932,0.304066758894,-0.208375660038,decay
11.61,left,0.512279282,0.304051869443,-0.208227412557,decay
11.62,left,0.512098763247,0.304037624543,-0.208061138704,decay
11.63,left,0.511901358213,0.3040240556,-0.207877302614,decay
11.64,left,0.511687304745,0.304011193956,-0.207676110789,decay
11.65,left,0.511456396499,0.303999069951,-0.207457326548,decay
11.66,left,0.511207843374,0.303987711881,-0.207220131493,decay
11.67,left,0.51094015917,0.303977144773,-0.206963014397,decay
11.68,left,0.510651282624,0.303967388909,-0.206683893715,decay
11.69,left,0.510338989727,0.303958458091,-0.206380531636,decay
11.7,left,0.510001393651,0.30395035758,-0.206051036071,decay
11.71,left,0.509637435414,0.303943081711,-0.205694353702,decay
11.72,left,0.509247376396,0.303936611117,-0.205310765279,decay
11.73,left,0.508833072557,0.30393090993,-0.204902162627,decay
11.74,left,0.508397832675,0.303925924193,-0.204471908483,decay
11.75,left,0.507946121284,0.303921582376,-0.204024538909,decay
11.76,left,0.507483381647,0.303917797335,-0.203565584312,decay
11.77,left,0.507015851985,0.303914468439,-0.203101383546,decay
11.78,left,0.506550268272,0.303911483386,-0.202638784887,decay
11.79,left,0.506093508794,0.303908719728,-0.202184789067,decay
11.8,left,0.505652100006,0.303906046143,-0.201746053863,decay
11.81,left,0.505231556634,0.303903323515,-0.201328233118,decay
11.82,left,0.504835848239,0.303900405867,-0.200935442372,decay
11.83,left,0.504467257517,0.303897141362,-0.200570116155,decay
11.84,left,0.504126515882,0.303893373942,-0.200233141941,decay
11.85,left,0.503813054062,0.303888946048,-0.199924108013,decay
11.86,left,0.503525470958,0.303883702219,-0.199641768739,decay
11.87,left,0.503262178552,0.303877493117,-0.199384685435,decay
11.88,left,0.503021905695,0.303870179891,-0.199151725804,decay
11.89,left,0.502803990094,0.303861638925,-0.198942351169,decay
11.9,left,0.502608562946,0.303851767131,-0.198756795815,decay
11.91,left,0.50243651806,0.30384048785,-0.19859603021,decay
11.92,left,0.50228925622,0.303827757522,-0.198461498697,decay
11.93,left,0.502168478453,0.303813572128,-0.198354906325,decay
11.94,left,0.502076138735,0.303797970101,-0.198278168635,decay
11.95,left,0.5020144145,0.303781029206,-0.198233385294,decay
11.96,left,0.501985661803,0.303762859265,-0.198222802538,decay
11.97,left,0.501992389015,0.303743594136,-0.198248794879,decay
11.98,left,0.502037087093,0.303723384262,-0.198313702831,decay
11.99,left,0.502121775609,0.303702389758,-0.198419385851,decay
12,left,0.502247444017,0.303680773886,-0.198566670131,decay
12.01,left,0.502413609973,0.303658696774,-0.198754913199,decay
12.02,left,0.502617984582,0.30363630925,-0.198981675332,decay
12.03,left,0.502856300851,0.303613747162,-0.199242553689,decay
12.04,left,0.503122478781,0.303591127689,-0.199531351092,decay
12.05,left,0.503409016657,0.303568548774,-0.199840467884,decay
12.06,left,0.50370738802,0.303546090702,-0.200161297318,decay
12.07,left,0.504008502206,0.303523818155,-0.200484684052,decay
12.08,left,0.504303267123,0.303501782032,-0.200801485091,decay
12.09,left,0.504583054752,0.303480021024,-0.201103033728,decay
12.1,left,0.504839982466,0.303458562921,-0.201381419544,decay
12.11,left,0.505067127927,0.303437425689,-0.201629702238,decay
12.12,left,0.50525871809,0.303416618307,-0.201842099782,decay
12.13,left,0.505410288204,0.303396141494,-0.20201414671,decay
12.14,left,0.505518978683,0.30337598863,-0.202142990054,decay
12.15,left,0.505584069229,0.30335614715,-0.202227922079,decay
12.16,left,0.505607434607,0.303336600233,-0.202270834374,decay
12.17,left,0.505593551972,0.303317328494,-0.202276223479,decay
12.18,left,0.505549079893,0.303298311571,-0.202250768322,decay
12.19,left,0.505482130024,0.303279529635,-0.202202600389,decay
12.2,left,0.505401317769,0.303260964834,-0.202140352935,decay
12.21,left,0.505314926027,0.303242602716,-0.202072323311,decay
12.22,left,0.505230462181,0.30322443365,-0.202006028531,decay
12.23,left,0.505154414937,0.30320645411,-0.201947960827,decay
12.24,left,0.505091947791,0.303188667351,-0.201903280439,decay
12.25,left,0.505046607517,0.303171083116,-0.201875524401,decay
12.26,left,0.505020135418,0.30315371665,-0.201866418768,decay
12.27,left,0.505012283821,0.30313658752,-0.201875696302,decay
12.28,left,0.505020742761,0.303119718431,-0.20190102433,decay
12.29,left,0.505041433232,0.303103134031,-0.201938299202,decay
12.3,left,0.505069025926,0.303086859677,-0.201982166249,decay
12.31,left,0.505097361093,0.303070920153,-0.20202644094,decay
12.32,left,0.505119830168,0.303055338283,-0.202064491886,decay
12.33,left,0.505129826205,0.303040133647,-0.202089692558,decay
12.34,left,0.50512111388,0.30302532197,-0.20209579191,decay
12.35,left,0.505088155842,0.303010915657,-0.202077240185,decay
12.36,left,0.505026563025,0.30299692511,-0.202029637916,decay
12.37,left,0.504933513582,0.302983360204,-0.201950153378,decay
12.38,left,0.50480793163,0.302970231673,-0.201837699957,decay
12.39,left,0.504650572703,0.302957552403,-0.2016930203,decay
12.4,left,0.504464157977,0.302945338643,-0.201518819334,decay
12.41,left,0.50425331341,0.302933611165,-0.201319702245,decay
12.42,left,0.504024121984,0.302922396372,-0.201101725612,decay
12.43,left,0.503783479762,0.302911727184,-0.200871752578,decay
12.44,left,0.503538393313,0.302901643112,-0.200636750201,decay
12.45,left,0.503295191064,0.302892189069,-0.200403001995,decay
12.46,left,0.503058859661,0.302883413233,-0.200175446428,decay
12.47,left,0.502832777112,0.302875364517,-0.199957412595,decay
12.48,left,0.502618755314,0.302868089871,-0.199750665443,decay
12.49,left,0.502417195749,0.302861631362,-0.199555564387,decay
12.5,left,0.502227331085,0.302856022982,-0.199371308103,decay
12.51,left,0.502047530069,0.302851287128,-0.19919624294,decay
12.52,left,0.501875632659,0.302847430684,-0.199028201975,decay
12.53,left,0.501709376697,0.302844441174,-0.198864935523,decay
12.54,left,0.501546920467,0.302842284628,-0.198704635839,decay
12.55,left,0.501387244638,0.302840906374,-0.198546338264,decay
12.56,left,0.501230212194,0.30284023383,-0.198389978364,decay
12.57,left,0.501076366528,0.302840179593,-0.198236186935,decay
12.58,left,0.500926613792,0.302840644188,-0.198085969604,decay
12.59,left,0.500781737531,0.302841518461,-0.197940219071,decay
12.6,left,0.500641884024,0.302842685691,-0.197799198333,decay
12.61,left,0.500506407938,0.302844023487,-0.197662384451,decay
12.62,left,0.500374140205,0.302845405511,-0.197528734693,decay
12.63,left,0.500243848421,0.302846703103,-0.197397145318,decay
12.64,left,0.500114756895,0.302847786854,-0.197266970042,decay
12.65,left,0.499986953427,0.302848528182,-0.197138425245,decay
12.66,left,0.499861455368,0.302848800984,-0.197012654384,decay
12.67,left,0.499739994496,0.302848483401,-0.196891511095,decay
12.68,left,0.499624786241,0.302847459772,-0.196777326468,decay
12.69,left,0.499518317223,0.302845622838,-0.196672694385,decay
12.7,left,0.499423027246,0.302842876249,-0.196580150996,decay
12.71,left,0.499341017592,0.302839137457,-0.196501880135,decay
12.72,left,0.499273973556,0.302834341045,-0.196439632511,decay
12.73,left,0.499223112176,0.302828442007,-0.196394670169,decay
12.74,left,0.499188934485,0.302821417249,-0.196367517236,decay
12.75,left,0.499170965318,0.302813263991,-0.196357701327,decay
12.76,left,0.499167660796,0.302803996097,-0.196363664699,decay
12.77,left,0.49917640313,0.302793640111,-0.196382763019,decay
12.78,left,0.499193612315,0.30278223171,-0.196411380605,decay
12.79,left,0.499215059073,0.302769812574,-0.196445246499,decay
12.8,left,0.499236226865,0.302756427623,-0.196479799242,decay
12.81,left,0.499252606864,0.302742122551,-0.196510484313,decay
12.82,left,0.49926004871,0.302726941619,-0.196533107091,decay
12.83,left,0.499255176644,0.302710925797,-0.196544250847,decay
12.84,left,0.499235638698,0.302694111674,-0.196541527024,decay
12.85,left,0.499200076685,0.302676531421,-0.196523545263,decay
12.86,left,0.499147878542,0.302658213569,-0.196489664973,decay
12.87,left,0.499078653895,0.30263918412,-0.196439469775,decay
12.88,left,0.498991436395,0.302619467822,-0.196371968573,decay
12.89,left,0.498884030494,0.302599089608,-0.196284940885,decay
12.9,left,0.498752916846,0.302578076206,-0.19617484064,decay
12.91,left,0.498593651028,0.302556457944,-0.196037193084,decay
12.92,left,0.498401563784,0.302534270772,-0.195867293012,decay
12.93,left,0.498172660856,0.302511558235,-0.195661102621,decay
12.94,left,0.497904427597,0.302488372478,-0.195416055118,decay
12.95,left,0.497596241933,0.302464773628,-0.195131468305,decay
12.96,left,0.497249455468,0.302440828021,-0.194808627448,decay
12.97,left,0.496867278765,0.302416606215,-0.19445067255,decay
12.98,left,0.496454418919,0.302392181123,-0.194062237796,decay
12.99,left,0.496016556523,0.302367626246,-0.193648930277,decay
13,left,0.495559980306,0.302343013973,-0.193216966333,decay
13.01,left,0.49509140735,0.302318413893,-0.192772993457,decay
13.02,left,0.494617677258,0.302293891077,-0.192323786181,decay
13.03,left,0.494145322534,0.302269504424,-0.19187581811,decay
13.04,left,0.493680334379,0.302245305436,-0.191435028942,decay
13.05,left,0.493228171232,0.302221337719,-0.191006833513,decay
13.06,left,0.492793897509,0.302197636929,-0.19059626058,decay
13.07,left,0.492382476748,0.302174230738,-0.19020824601,decay
13.08,left,0.491999082067,0.302151138616,-0.189847943451,decay
13.09,left,0.491649091109,0.302128371414,-0.189520719695,decay
13.1,left,0.491337679215,0.302105930728,-0.189231748488,decay
13.11,left,0.491069166938,0.302083808036,-0.188985358903,decay
13.12,left,0.49084620977,0.302061983597,-0.188784226173,decay
13.13,left,0.490669015179,0.302040425408,-0.188628589771,decay
13.14,left,0.490535047965,0.302019089212,-0.188515958753,decay
13.15,left,0.490439470831,0.301997920301,-0.18844155053,decay
13.16,left,0.490376026419,0.301976856599,-0.18839916982,decay
13.17,left,0.490338048211,0.301955832044,-0.188382216168,decay
13.18,left,0.490319483226,0.301934779913,-0.188384703313,decay
13.19,left,0.490315596124,0.301913636138,-0.188401959986,decay
13.2,left,0.490323080617,0.301892342658,-0.188430737959,decay
13.21,left,0.490339812265,0.301870850898,-0.188468961367,decay
13.22,left,0.490364535127,0.301849125427,-0.1885154097,decay
13.23,left,0.490396492483,0.301827147458,-0.188569345025,decay
13.24,left,0.4904350839,0.301804916906,-0.188630166994,decay
13.25,left,0.490479745308,0.301782452059,-0.18869729325,decay
13.26,left,0.490529983067,0.301759787617,-0.18877019545,decay
13.27,left,0.490585369561,0.301736972426,-0.188848397135,decay
13.28,left,0.490645570637,0.301714067444,-0.188931503193,decay
13.29,left,0.490710455129,0.30169114393,-0.189019311199,decay
13.3,left,0.490780063014,0.301668281822,-0.189111781192,decay
13.31,left,0.490854446338,0.301645568256,-0.189208878082,decay
13.32,left,0.490933781263,0.301623096183,-0.18931068508,decay
13.33,left,0.491018829047,0.301600962989,-0.189417866059,decay
13.34,left,0.491111334796,0.301579268921,-0.189532065875,decay
13.35,left,0.4912140365,0.301558115158,-0.189655921342,decay
13.36,left,0.491330164114,0.301537601547,-0.189792562567,decay
13.37,left,0.491462402527,0.301517824119,-0.189944578408,decay
13.38,left,0.491611675781,0.301498872368,-0.190112803413,decay
13.39,left,0.491776443692,0.301480826255,-0.190295617437,decay
13.4,left,0.491952833103,0.301463752839,-0.190489080263,decay
13.41,left,0.492135322415,0.30144770249,-0.190687619926,decay
13.42,left,0.492317660537,0.301432704583,-0.190884955954,decay
13.43,left,0.492493863491,0.30141876334,-0.191075100151,decay
13.44,left,0.492658954864,0.301405855996,-0.191253098868,decay
13.45,left,0.492809153142,0.301393934966,-0.191415218176,decay
13.46,left,0.492941688593,0.301382932754,-0.191558755839,decay
13.47,left,0.493054537453,0.301372767354,-0.191681770099,decay
13.48,left,0.493146096249,0.301363347272,-0.191782748977,decay
13.49,left,0.493214917445,0.301354576182,-0.191860341262,decay
13.5,left,0.493259725009,0.301346357329,-0.19191336768,decay
13.51,left,0.493279593498,0.30133859775,-0.191940995749,decay
13.52,left,0.493274030441,0.301331212422,-0.19194281802,decay
13.53,left,0.493242943092,0.301324128013,-0.191918815078,decay
13.54,left,0.493186547663,0.301317285037,-0.191869262625,decay
13.55,left,0.493105172817,0.301310637514,-0.191794535302,decay
13.56,left,0.492999050821,0.301304150877,-0.191694899944,decay
13.57,left,0.492868411909,0.301297799415,-0.191570612494,decay
13.58,left,0.492713959367,0.301291563772,-0.191422395595,decay
13.59,left,0.492537384579,0.301285428514,-0.191251956066,decay
13.6,left,0.492341602277,0.30127937972,-0.191062222556,decay
13.61,left,0.492130565902,0.301273402585,-0.190857163317,decay
13.62,left,0.491908609711,0.301267478974,-0.190641130737,decay
13.63,left,0.491679631001,0.301261585103,-0.190418045898,decay
13.64,left,0.491446712953,0.301255689889,-0.190191023064,decay
13.65,left,0.491212403509,0.301249754391,-0.189962649118,decay
13.66,left,0.490979364254,0.301243732011,-0.189735632243,decay
13.67,left,0.49075106532,0.301237568852,-0.189513496468,decay
13.68,left,0.49053226451,0.301231204006,-0.189301060503,decay
13.69,left,0.490328943737,0.30122456977,-0.189104373967,decay
13.7,left,0.490147609913,0.301217591797,-0.188930018116,decay
13.71,left,0.489994354423,0.301210189221,-0.188784165202,decay
13.72,left,0.489874087783,0.301202274756,-0.188671813026,decay
13.73,left,0.489790026571,0.301193754984,-0.188596271587,decay
13.74,left,0.489743534492,0.301184531384,-0.188559003108,decay
13.75,left,0.48973445471,0.301174502571,-0.188559952139,decay
13.76,left,0.489761607708,0.301163567478,-0.18859804023,decay
13.77,left,0.489822968082,0.301151628995,-0.188671339088,decay
13.78,left,0.489915520435,0.301138597924,-0.188776922511,decay
13.79,left,0.490035053011,0.301124397312,-0.188910655699,decay
13.8,left,0.490176044574,0.301108967244,-0.18906707733,decay
13.81,left,0.490331848626,0.301092270204,-0.189239578422,decay
13.82,left,0.490495337266,0.301074297105,-0.189421040161,decay
13.83,left,0.490659756092,0.301055073089,-0.189604683003,decay
13.84,left,0.490819337284,0.301034660159,-0.189784677125,decay
13.85,left,0.490969571049,0.30101315436,-0.189956416689,decay
13.86,left,0.491107255263,0.300990679212,-0.190116576051,decay
13.87,left,0.491230231608,0.30096737843,-0.190262853178,decay
13.88,left,0.491336842883,0.300943409094,-0.190393433789,decay
13.89,left,0.49142554821,0.300918935241,-0.190506612969,decay
13.9,left,0.491494915798,0.300894121737,-0.190600794062,decay
13.91,left,0.491543779923,0.300869128277,-0.190674651645,decay
13.92,left,0.491571447942,0.300844103408,-0.190727344534,decay
13.93,left,0.491577937484,0.30081917897,-0.190758758514,decay
13.94,left,0.49156406339,0.300794466631,-0.19076959676,decay
13.95,left,0.491531364081,0.30077005772,-0.190761306361,decay
13.96,left,0.49148214101,0.300746025349,-0.190736115661,decay
13.97,left,0.491419637785,0.300722426985,-0.1906972108,decay
13.98,left,0.49134801885,0.300699306739,-0.190648712111,decay
13.99,left,0.491272023704,0.300676697344,-0.190595326359,decay
14,left,0.491196527144,0.30065462183,-0.190541905314,decay
14.01,left,0.491126076413,0.300633094911,-0.190492981501,decay
14.02,left,0.491064355753,0.30061212412,-0.190452231633,decay
14.03,left,0.491013852614,0.300591710742,-0.190422141872,decay
14.04,left,0.490975962143,0.300571850781,-0.190404111362,decay
14.05,left,0.490951305721,0.30055253611,-0.190398769611,decay
14.06,left,0.490940007777,0.300533755717,-0.19040625206,decay
14.07,left,0.490941850255,0.300515496859,-0.190426353396,decay
14.08,left,0.490956152055,0.300497746064,-0.190458405991,decay
14.09,left,0.490981354047,0.300480489985,-0.190500864062,decay
14.1,left,0.491014651474,0.300463716131,-0.190550935343,decay
14.11,left,0.491051946308,0.300447413492,-0.190604532816,decay
14.12,left,0.491087996613,0.300431573056,-0.190656423557,decay
14.13,left,0.491116681463,0.300416188226,-0.190700493237,decay
14.14,left,0.491131536119,0.300401255065,-0.190730281054,decay
14.15,left,0.491126421166,0.30038677233,-0.190739648836,decay
14.16,left,0.491095922294,0.300372741339,-0.190723180955,decay
14.17,left,0.491035421274,0.300359165725,-0.190676255549,decay
14.18,left,0.490941022029,0.300346051118,-0.190594970912,decay
14.19,left,0.490809375681,0.30033340474,-0.190475970941,decay
14.2,left,0.490637598827,0.300321234914,-0.190316363913,decay
14.21,left,0.490423700091,0.300309550461,-0.19011414963,decay
14.22,left,0.490167499003,0.300298360001,-0.189869139001,decay
14.23,left,0.489871443573,0.300287671172,-0.189583772401,decay
14.24,left,0.489540809939,0.300277489942,-0.189263319997,decay
14.25,left,0.48918321052,0.30026782014,-0.18891539038,decay
14.26,left,0.488807580081,0.300258663071,-0.18854891701,decay
14.27,left,0.488422961219,0.300250017057,-0.188172944162,decay
14.28,left,0.488037559419,0.300241876802,-0.187795682617,decay
14.29,left,0.487658284585,0.300234232571,-0.187424052014,decay
14.3,left,0.487290576627,0.300227069176,-0.187063507451,decay
14.31,left,0.486938434556,0.300220364745,-0.186718069811,decay
14.32,left,0.4866048208,0.300214089271,-0.186390731529,decay
14.33,left,0.486292305653,0.300208203162,-0.18608410249,decay
14.34,left,0.486003563375,0.300202656567,-0.185800906807,decay
14.35,left,0.485741592491,0.30019739005,-0.185544202441,decay
14.36,left,0.485509630939,0.300192336203,-0.185317294737,decay
14.37,left,0.485310626425,0.300187421417,-0.185123205008,decay
14.38,left,0.485146396208,0.300182567541,-0.184963828667,decay
14.39,left,0.485016921693,0.300177693419,-0.184839228274,decay
14.4,left,0.484920017875,0.300172716381,-0.184747301494,decay
14.41,left,0.484851328539,0.3001675537,-0.18468377484,decay
14.42,left,0.484804703292,0.300162124082,-0.18464257921,decay
14.43,left,0.48477301612,0.300156349158,-0.184616666963,decay
14.44,left,0.484749115162,0.300150154769,-0.184598960393,decay
14.45,left,0.484726610311,0.300143471956,-0.184583138354,decay
14.46,left,0.484700603577,0.30013623778,-0.184564365797,decay
14.47,left,0.484668372405,0.300128396257,-0.184539976148,decay
14.48,left,0.48462973706,0.300119899537,-0.184509837522,decay
14.49,left,0.484586998613,0.300110709365,-0.184476289249,decay
14.5,left,0.484544472912,0.300100798848,-0.184443674064,decay
14.51,left,0.48450760676,0.300090154592,-0.184417452168,decay
14.52,left,0.48448188951,0.300078779217,-0.184403110293,decay
14.53,left,0.484472041863,0.300066693828,-0.184405348035,decay
14.54,left,0.484481690085,0.300053938932,-0.184427751153,decay
14.55,left,0.484513261812,0.300040572666,-0.184472689147,decay
14.56,left,0.484567925355,0.300026667177,-0.184541258179,decay
14.57,left,0.484645687954,0.300012304661,-0.184633383293,decay
14.58,left,0.484745601576,0.299997573643,-0.184748027932,decay
14.59,left,0.484865868846,0.299982565475,-0.184883303372,decay
14.6,left,0.485003906593,0.299967370962,-0.185036535631,decay
14.61,left,0.485156479656,0.299952077064,-0.185204402592,decay
14.62,left,0.485319784835,0.299936763568,-0.185383021267,decay
14.63,left,0.485489516367,0.299921500033,-0.185568016334,decay
14.64,left,0.485661151928,0.299906344018,-0.18575480791,decay
14.65,left,0.485830403303,0.299891341361,-0.185939061942,decay
14.66,left,0.485993562016,0.299876527884,-0.186117034132,decay
14.67,left,0.486147696694,0.29986193141,-0.186285765284,decay
14.68,left,0.486290764741,0.299847573642,-0.1864431911,decay
14.69,left,0.486421509154,0.29983347189,-0.186588037264,decay
14.7,left,0.486539057424,0.299819640675,-0.18671941675,decay
14.71,left,0.486642438911,0.299806093215,-0.186836345697,decay
14.72,left,0.486730153727,0.29979284283,-0.186937310897,decay
14.73,left,0.486799722212,0.299779904142,-0.18701981807,decay
14.74,left,0.486847421861,0.299767293673,-0.187080128188,decay
14.75,left,0.486868486153,0.299755029534,-0.187113456619,decay
14.76,left,0.486857570383,0.299743130437,-0.187114439946,decay
14.77,left,0.486809235554,0.29973161444,-0.187077621114,decay
14.78,left,0.486718503216,0.299720497567,-0.186998005649,decay
14.79,left,0.48658140649,0.299709792309,-0.186871614181,decay
14.8,left,0.486395342425,0.299699505962,-0.186695836463,decay
14.81,left,0.486159340488,0.29968963878,-0.186469701708,decay
14.82,left,0.485874407169,0.299680181915,-0.186194225255,decay
14.83,left,0.485543718285,0.299671115445,-0.185872602839,decay
14.84,left,0.485172424768,0.299662407521,-0.185510017247,decay
14.85,left,0.484767231936,0.299654015404,-0.185113216532,decay
14.86,left,0.484335873049,0.299645887836,-0.184689985213,decay
14.87,left,0.483886335484,0.299637967678,-0.184248367807,decay
14.88,left,0.48342599219,0.299630194428,-0.183795797763,decay
14.89,left,0.482961093748,0.299622506637,-0.183338587111,decay
14.9,left,0.482496716544,0.299614844272,-0.182881872272,decay
14.91,left,0.482036980306,0.299607151073,-0.182429829233,decay
14.92,left,0.481585464022,0.299599376975,-0.181986087047,decay
14.93,left,0.48114562094,0.299591480373,-0.181554140568,decay
14.94,left,0.480720870582,0.299583429491,-0.181137441091,decay
14.95,left,0.480314400553,0.299575202305,-0.180739198249,decay
14.96,left,0.479928949191,0.299566785457,-0.180362163734,decay
14.97,left,0.479566576523,0.299558172992,-0.180008403531,decay
14.98,left,0.479228284653,0.299549365227,-0.179678919427,decay
14.99,left,0.478913668314,0.299540367765,-0.17937330055,decay
15,left,0.478620888285,0.299531190648,-0.179089697638,decay
15.01,left,0.478346902977,0.299521847623,-0.178825055353,decay
15.02,left,0.478087865746,0.299512355516,-0.17857551023,decay
15.03,left,0.477839823715,0.299502733638,-0.178337090077,decay
15.04,left,0.477599566225,0.299493003079,-0.178106563146,decay
15.05,left,0.477365201337,0.29948318573,-0.177882015606,decay
15.06,left,0.477136350316,0.299473303129,-0.177663047186,decay
15.07,left,0.476914063127,0.299463375241,-0.177450687886,decay
15.08,left,0.476700436136,0.29945341923,-0.177247016906,decay
15.09,left,0.476497990117,0.299443448196,-0.177054541921,decay
15.1,left,0.476309093723,0.299433469858,-0.176875623865,decay
15.11,left,0.476135642159,0.299423485152,-0.176712157008,decay
15.12,left,0.475978932724,0.299413486724,-0.176565446,decay
15.13,left,0.475839685028,0.299403457497,-0.176436227531,decay
15.14,left,0.475718264415,0.299393369896,-0.17632489452,decay
15.15,left,0.475614933439,0.29938318619,-0.176231747248,decay
15.16,left,0.475529822184,0.29937285962,-0.176156962564,decay
15.17,left,0.475462652036,0.299362335684,-0.176100316352,decay
15.18,left,0.475412416214,0.299351553363,-0.176060862851,decay
15.19,left,0.475377061881,0.299340446297,-0.176036615584,decay
15.2,left,0.475353344592,0.299328943938,-0.176024400655,decay
15.21,left,0.475337145921,0.299316972716,-0.176020173205,decay
15.22,left,0.475324145969,0.299304457264,-0.176019688705,decay
15.23,left,0.475310464467,0.299291321705,-0.176019142762,decay
15.24,left,0.475293147082,0.299277490978,-0.176015656105,decay
15.25,left,0.47527054361,0.299262892192,-0.176007651418,decay
15.26,left,0.475242467716,0.299247456088,-0.175995011628,decay
15.27,left,0.475210076793,0.299231118712,-0.175978958081,decay
15.28,left,0.475175636878,0.299213823389,-0.175961813489,decay
15.29,left,0.475142197862,0.299195523034,-0.175946674827,decay
15.3,left,0.475113041664,0.299176182855,-0.175936858809,decay
15.31,left,0.475091051878,0.299155783503,-0.175935268376,decay
15.32,left,0.475078263322,0.299134324729,-0.175943938593,decay
15.33,left,0.475075580734,0.299111829006,-0.175963751728,decay
15.34,left,0.475082682146,0.299088343279,-0.175994338867,decay
15.35,left,0.47509828367,0.299063937475,-0.176034346195,decay
15.36,left,0.475120696798,0.299038700794,-0.176081996005,decay
15.37,left,0.475148350854,0.299012737662,-0.176135613193,decay
15.38,left,0.475180069805,0.298986164069,-0.176193905736,decay
15.39,left,0.475215032126,0.29895910427,-0.176255927856,decay
15.4,left,0.475252366566,0.298931687767,-0.176320678799,decay
15.41,left,0.475290594159,0.298904046506,-0.176386547653,decay
15.42,left,0.475327460913,0.298876312187,-0.176451148726,decay
15.43,left,0.475360413458,0.298848613783,-0.176511799675,decay
15.44,left,0.475387313179,0.298821075599,-0.17656623758,decay
15.45,left,0.47540698523,0.298793816157,-0.176613169073,decay
15.46,left,0.475419591171,0.298766947599,-0.176652643572,decay
15.47,left,0.475426764079,0.298740575117,-0.176686188962,decay
15.48,left,0.475431379502,0.298714796196,-0.176716583306,decay
15.49,left,0.475437116218,0.298689699607,-0.176747416611,decay
15.5,left,0.475447968862,0.298665364114,-0.176782604748,decay
15.51,left,0.475467665769,0.298641856854,-0.176825808915,decay
15.52,left,0.475499104742,0.298619231336,-0.176879873406,decay
15.53,left,0.475544054376,0.298597525413,-0.176946528963,decay
15.54,left,0.475603048228,0.298576760382,-0.177026287847,decay
15.55,left,0.475675223916,0.298556942104,-0.177118281812,decay
15.56,left,0.475758212741,0.29853806346,-0.177220149281,decay
15.57,left,0.475848370913,0.298520106926,-0.177328263987,decay
15.58,left,0.475941280543,0.298503046794,-0.177438233749,decay
15.59,left,0.476032321465,0.298486851028,-0.177545470438,decay
15.6,left,0.476117382559,0.298471482797,-0.177645899763,decay
15.61,left,0.476193613749,0.298456901715,-0.177736712034,decay
15.62,left,0.476259807319,0.298443064816,-0.177816742504,decay
15.63,left,0.476316277757,0.298429927316,-0.177886350441,decay
15.64,left,0.476364402385,0.298417443285,-0.1779469591,decay
15.65,left,0.476405897381,0.298405566296,-0.178000331085,decay
15.66,left,0.476442031022,0.298394250047,-0.178047780975,decay
15.67,left,0.47647321191,0.298383448866,-0.178089763043,decay
15.68,left,0.476499088723,0.298373118094,-0.178125970629,decay
15.69,left,0.47651886161,0.298363214345,-0.178155647265,decay
15.7,left,0.476531658068,0.29835369568,-0.178177962389,decay
15.71,left,0.476537046728,0.298344521685,-0.178192525043,decay
15.72,left,0.476535477924,0.298335653484,-0.17819982444,decay
15.73,left,0.476528356739,0.298327053705,-0.178201303034,decay
15.74,left,0.476517843182,0.298318686475,-0.178199156706,decay
15.75,left,0.476506534007,0.298310517496,-0.178196016511,decay
15.76,left,0.476496938677,0.29830251418,-0.178194424497,decay
15.77,left,0.476490816632,0.298294645792,-0.178196170839,decay
15.78,left,0.476488680776,0.298286883577,-0.178201797199,decay
15.79,left,0.476489581816,0.298279200889,-0.178210380927,decay
15.8,left,0.476491164046,0.298271573323,-0.178219590724,decay
15.81,left,0.476490134162,0.298263978866,-0.178226155297,decay
15.82,left,0.476483124747,0.29825639807,-0.178226726678,decay
15.83,left,0.476467560175,0.298248814169,-0.178218746006,decay
15.84,left,0.476442211723,0.298241212885,-0.178200998838,decay
15.85,left,0.47640743959,0.298233581706,-0.178173857884,decay
15.86,left,0.476365064521,0.298225908806,-0.178139155715,decay
15.87,left,0.476317761555,0.298218181849,-0.178099579706,decay
15.88,left,0.476268229247,0.298210386789,-0.178057842458,decay
15.89,left,0.47621853897,0.298202506656,-0.178016032314,decay
15.9,left,0.476169782124,0.298194520314,-0.17797526181,decay
15.91,left,0.476122055962,0.298186401175,-0.177935654787,decay
15.92,left,0.476074904581,0.298178115851,-0.17789678873,decay
15.93,left,0.476028066933,0.298169622885,-0.177858444048,decay
15.94,left,0.47598211951,0.298160872019,-0.177821247491,decay
15.95,left,0.47593876055,0.298151804343,-0.177786956207,decay
15.96,left,0.475900693313,0.298142353083,-0.177758340229,decay
15.97,left,0.47587102421,0.298132444558,-0.177738579653,decay
15.98,left,0.475852227071,0.29812199914,-0.177730227931,decay
15.99,left,0.475845139206,0.298110932245,-0.177734206961,decay
16,left,0.475848443895,0.298099155366,-0.177749288529,decay
16.01,left,0.475858654339,0.298086577217,-0.177772077122,decay
16.02,left,0.475870543537,0.298073104996,-0.177797438541,decay
16.03,left,0.475878068748,0.298058645728,-0.17781942302,decay
16.04,left,0.475875522576,0.29804310737,-0.177832415206,decay
16.05,left,0.475858491489,0.298026399471,-0.177832092019,decay
16.06,left,0.475824524195,0.298008433611,-0.177816090584,decay
16.07,left,0.475773451306,0.297989124009,-0.177784327297,decay
16.08,left,0.475707160078,0.297968388482,-0.177738771596,decay
16.09,left,0.475628923083,0.297946149783,-0.1776827733,decay
16.1,left,0.475542635544,0.297922337397,-0.177620298146,decay
16.11,left,0.475452080107,0.297896889807,-0.177555190301,decay
16.12,left,0.475360171396,0.297869757297,-0.177490414099,decay
16.13,left,0.475268407386,0.29784090497,-0.177427502416,decay
16.14,left,0.475176837166,0.297810314786,-0.177366522381,decay
16.15,left,0.47508440958,0.297777985749,-0.17730642383,decay
16.16,left,0.474989362995,0.297743932966,-0.17724543003,decay
16.17,left,0.474889571902,0.297708186809,-0.177181385093,decay
16.18,left,0.474782786015,0.297670792722,-0.177111993293,decay
16.19,left,0.474666631609,0.297631811686,-0.177034819924,decay
16.2,left,0.474538516109,0.29759132134,-0.176947194768,decay
16.21,left,0.474395654472,0.297549417775,-0.176846236697,decay
16.22,left,0.474235195034,0.297506217982,-0.176728977052,decay
16.23,left,0.474054441646,0.297461862395,-0.176592579251,decay
16.24,left,0.473851287499,0.297416515598,-0.176434771902,decay
16.25,left,0.473624701402,0.297370363779,-0.176254337624,decay
16.26,left,0.47337485042,0.297323609913,-0.176051240507,decay
16.27,left,0.473102814278,0.297276468536,-0.175826345742,decay
16.28,left,0.472810273195,0.297229160781,-0.175581112414,decay
16.29,left,0.472499324878,0.297181909613,-0.175317415265,decay
16.3,left,0.472172354227,0.297134935143,-0.175037419084,decay
16.31,left,0.471832064356,0.297088449876,-0.174743614481,decay
16.32,left,0.471481683431,0.297042653768,-0.174439029663,decay
16.33,left,0.471125028076,0.296997729517,-0.174127298559,decay
16.34,left,0.470766265519,0.296953839631,-0.173812425888,decay
16.35,left,0.4704095424,0.296911126482,-0.173498415918,decay
16.36,left,0.470058561119,0.296869714313,-0.173188846805,decay
16.37,left,0.469716169144,0.296829711457,-0.172886457687,decay
16.38,left,0.469384243549,0.29679121203,-0.172593031519,decay
16.39,left,0.469063976488,0.296754297054,-0.172309679434,decay
16.4,left,0.468756246721,0.29671903499,-0.172037211731,decay
16.41,left,0.468461836962,0.296685481673,-0.171776355289,decay
16.42,left,0.468181652421,0.296653679637,-0.171527972784,decay
16.43,left,0.467917049091,0.296623657198,-0.171293391893,decay
16.44,left,0.467670127547,0.296595428531,-0.171074699016,decay
16.45,left,0.467443943847,0.296568995671,-0.170874948175,decay
16.46,left,0.467242537944,0.296544351754,-0.17069818619,decay
16.47,left,0.467070410617,0.296521484244,-0.170548926373,decay
16.48,left,0.466931404534,0.296500377667,-0.170431026867,decay
16.49,left,0.466827547089,0.296481015853,-0.170346531236,decay
16.5,left,0.46675836247,0.296463383721,-0.170294978749,decay
16.51,left,0.466720779102,0.296447468644,-0.170273310458,decay
16.52,left,0.466709648706,0.29643326142,-0.170276387286,decay
16.53,left,0.466718765938,0.296420756793,-0.170298009145,decay
16.54,left,0.466741978826,0.296409953365,-0.170332025461,decay
16.55,left,0.466773981871,0.29640085274,-0.170373129131,decay
16.56,left,0.466810723948,0.296393457989,-0.170417265959,decay
16.57,left,0.466849441699,0.296387771639,-0.170461670061,decay
16.58,left,0.466888208783,0.296383793196,-0.170504415587,decay
16.59,left,0.466925170113,0.296381516211,-0.170543653902,decay
16.6,left,0.466957911813,0.296380924805,-0.170576987008,decay
16.61,left,0.466983173918,0.29638198963,-0.170601184288,decay
16.62,left,0.466996954576,0.296384663184,-0.170612291392,decay
16.63,left,0.466995151587,0.296388875139,-0.170606276448,decay
16.64,left,0.466974597323,0.296394529809,-0.170580067513,decay
16.65,left,0.466933986496,0.29640150741,-0.170532479085,decay
16.66,left,0.466874375707,0.296409667871,-0.170464707836,decay
16.67,left,0.466799224968,0.296418855027,-0.170380369941,decay
16.68,left,0.466714010812,0.296428900334,-0.170285110478,decay
16.69,left,0.466625570831,0.29643962613,-0.170185944701,decay
16.7,left,0.466541527799,0.296450848542,-0.170090679257,decay
16.71,left,0.46646992302,0.296462380113,-0.170007542907,decay
16.72,left,0.466418744001,0.296474032259,-0.169944711742,decay
16.73,left,0.466395146752,0.296485617548,-0.169909529204,decay
16.74,left,0.466404659852,0.296496951652,-0.1699077082,decay
16.75,left,0.466450704085,0.296507854876,-0.169942849209,decay
16.76,left,0.46653453573,0.296518153464,-0.170016382266,decay
16.77,left,0.466655629309,0.296527680996,-0.170127948313,decay
16.78,left,0.466812277274,0.29653628005,-0.170275997225,decay
16.79,left,0.467001971498,0.296543804188,-0.17045816731,decay
16.8,left,0.467221479372,0.296550120366,-0.170671359005,decay
16.81,left,0.467466932341,0.29655511181,-0.170911820531,decay
16.82,left,0.467734031515,0.296558681459,-0.171175350055,decay
16.83,left,0.468018146315,0.296560755513,-0.171457390802,decay
16.84,left,0.468314300051,0.296561285462,-0.171753014589,decay
16.85,left,0.468617309595,0.29656024739,-0.172057062205,decay
16.86,left,0.468922091418,0.296557639522,-0.172364451897,decay
16.87,left,0.469223932339,0.296553479721,-0.172670452618,decay
16.88,left,0.469518683761,0.296547803636,-0.172970880125,decay
16.89,left,0.46980283095,0.296540663519,-0.173262167431,decay
16.9,left,0.470073278569,0.296532127684,-0.173541150885,decay
16.91,left,0.470326958242,0.296522280587,-0.173804677655,decay
16.92,left,0.470560592138,0.29651122352,-0.174049368618,decay
16.93,left,0.470770679839,0.2964990754,-0.174271604439,decay
16.94,left,0.470953595014,0.296485972154,-0.17446762286,decay
16.95,left,0.471105846943,0.296472063502,-0.174633783441,decay
16.96,left,0.471224506109,0.296457507935,-0.174766998174,decay
16.97,left,0.471307549796,0.296442467322,-0.174865082474,decay
16.98,left,0.471353999287,0.296427101692,-0.174926897595,decay
16.99,left,0.471364009349,0.296411564092,-0.174952445257,decay
17,left,0.471338961389,0.296395995433,-0.174942965956,decay
17.01,left,0.471281412498,0.296380519178,-0.17490089332,decay
17.02,left,0.471194946042,0.296365235767,-0.174829710274,decay
17.03,left,0.471084017355,0.29635021742,-0.174733799935,decay
17.04,left,0.470953606872,0.296335505599,-0.174618101273,decay
17.05,left,0.470808609731,0.296321112865,-0.174487496866,decay
17.06,left,0.470653266972,0.296307027781,-0.174346239191,decay
17.07,left,0.470490882682,0.296293220455,-0.174197662227,decay
17.08,left,0.470323842053,0.296279647816,-0.174044194237,decay
17.09,left,0.470153950271,0.296266258596,-0.173887691675,decay
17.1,left,0.469983035544,0.296252998136,-0.173730037408,decay
17.11,left,0.469813453732,0.296239813087,-0.173573640645,decay
17.12,left,0.469648098288,0.296226656097,-0.173421442192,decay
17.13,left,0.46948995605,0.296213490093,-0.173276465958,decay
17.14,left,0.469341484952,0.296200290712,-0.17314119424,decay
17.15,left,0.469203937695,0.296187045808,-0.173016891887,decay
17.16,left,0.469076868788,0.296173752877,-0.172903115911,decay
17.17,left,0.468958206035,0.296160415955,-0.17279779008,decay
17.18,left,0.46884483502,0.29614704257,-0.172697792451,decay
17.19,left,0.468733299643,0.296133640762,-0.17259965888,decay
17.2,left,0.468620466671,0.296120216124,-0.172500250547,decay
17.21,left,0.46850411007,0.2961067688,-0.17239734127,decay
17.22,left,0.468383188111,0.296093290419,-0.172289897692,decay
17.23,left,0.468257762603,0.296079761305,-0.172178001298,decay
17.24,left,0.468128813775,0.296066149244,-0.172062664531,decay
17.25,left,0.467998047374,0.296052410754,-0.17194563662,decay
17.26,left,0.467867599982,0.296038494158,-0.171829105824,decay
17.27,left,0.4677398101,0.296024343157,-0.171715466943,decay
17.28,left,0.467617290778,0.296009900419,-0.171607390359,decay
17.29,left,0.467503029325,0.295995111226,-0.171507918099,decay
17.3,left,0.467400084871,0.295979927214,-0.171420157657,decay
17.31,left,0.467310922188,0.295964310317,-0.17134661187,decay
17.32,left,0.467236589899,0.295948236968,-0.171288352931,decay
17.33,left,0.467175887529,0.295931702036,-0.171244185493,decay
17.34,left,0.467124911758,0.295914720727,-0.171210191032,decay
17.35,left,0.467077346628,0.295897327072,-0.171180019556,decay
17.36,left,0.467025342329,0.29587957005,-0.171145772279,decay
17.37,left,0.466960632281,0.295861509179,-0.171099123102,decay
17.38,left,0.46687570912,0.295843210311,-0.171032498809,decay
17.39,left,0.466764784713,0.295824741588,-0.170940043124,decay
17.4,left,0.466624159146,0.295806169512,-0.170817989634,decay
17.41,left,0.466452055699,0.295787555014,-0.170664500685,decay
17.42,left,0.466248367811,0.295768949475,-0.170479418336,decay
17.43,left,0.466014490046,0.295750390981,-0.170264099065,decay
17.44,left,0.465753136795,0.295731901943,-0.170021234852,decay
17.45,left,0.465468204007,0.295713488917,-0.16975471509,decay
17.46,left,0.465164674044,0.295695143948,-0.169469530096,decay
17.47,left,0.464848370951,0.29567684621,-0.169171524742,decay
17.48,left,0.464525604956,0.295658563477,-0.16886704148,decay
17.49,left,0.464202930246,0.295640253395,-0.168562676852,decay
17.5,left,0.463886975522,0.295621864595,-0.168265110927,decay
17.51,left,0.463584237666,0.295603337671,-0.167980899994,decay
17.52,left,0.463300982823,0.295584606046,-0.167716376777,decay
17.53,left,0.4630433073,0.295565596858,-0.167477710442,decay
17.54,left,0.462817065062,0.295546232173,-0.167270832889,decay
17.55,left,0.462627507009,0.29552643078,-0.167101076229,decay
17.56,left,0.462478911609,0.295506110458,-0.166972801152,decay
17.57,left,0.462374389925,0.295485190465,-0.16688919946,decay
17.58,left,0.462315732145,0.295463594193,-0.166852137953,decay
17.59,left,0.462303292421,0.295441252039,-0.166862040383,decay
17.6,left,0.462335985801,0.295418104556,-0.166917881245,decay
17.61,left,0.46241121866,0.295394105957,-0.167017112704,decay
17.62,left,0.462524666944,0.295369228025,-0.16715543892,decay
17.63,left,0.462670189041,0.295343463953,-0.167326725088,decay
17.64,left,0.462840101234,0.295316830375,-0.167523270859,decay
17.65,left,0.463025792349,0.295289366277,-0.167736426073,decay
17.66,left,0.463218633653,0.295261129808,-0.167957503845,decay
17.67,left,0.463411030786,0.295232194766,-0.168178836019,decay
17.68,left,0.463597229809,0.295202647462,-0.168394582347,decay
17.69,left,0.463773602302,0.295172583953,-0.168601018348,decay
17.7,left,0.463938567619,0.295142107593,-0.168796460025,decay
17.71,left,0.464092409456,0.295111326818,-0.168981082638,decay
17.72,left,0.464236978404,0.29508035312,-0.169156625284,decay
17.73,left,0.464375304962,0.295049299256,-0.169326005706,decay
17.74,left,0.464511300798,0.295018277962,-0.169493022836,decay
17.75,left,0.46464949595,0.294987401381,-0.169662094568,decay
17.76,left,0.464794622515,0.294956780975,-0.16983784154,decay
17.77,left,0.464951086865,0.294926527546,-0.170024559319,decay
17.78,left,0.46512241742,0.294896751193,-0.170225666226,decay
17.79,left,0.465310666459,0.294867561167,-0.170443105292,decay
17.8,left,0.465515951704,0.294839065587,-0.170676886117,decay
17.81,left,0.465736457606,0.294811371,-0.170925086605,decay
17.82,left,0.465968823203,0.294784581734,-0.171184241468,decay
17.83,left,0.466208528106,0.294758799092,-0.171449729014,decay
17.84,left,0.466450227955,0.294734120577,-0.171716107378,decay
17.85,left,0.46668831204,0.294710639297,-0.171977672743,decay
17.86,left,0.466917620066,0.294688443359,-0.172229176708,decay
17.87,left,0.467133994306,0.294667615006,-0.172466379301,decay
17.88,left,0.467334571808,0.294648229336,-0.172686342473,decay
17.89,left,0.467517787194,0.294630352569,-0.172887434625,decay
17.9,left,0.467683063421,0.294614039811,-0.17306902361,decay
17.91,left,0.467830472756,0.29459933226,-0.173231140496,decay
17.92,left,0.467960631942,0.294586253804,-0.173374378138,decay
17.93,left,0.468074686535,0.294574807504,-0.173499879031,decay
17.94,left,0.468174214282,0.294564973695,-0.173609240586,decay
17.95,left,0.46826111596,0.294556710985,-0.173704404975,decay
17.96,left,0.468337453531,0.294549959173,-0.173787494357,decay
17.97,left,0.468405045295,0.294544642296,-0.173860403,decay
17.98,left,0.468464977951,0.294540671113,-0.173924306838,decay
17.99,left,0.468517504306,0.294537945018,-0.173979559287,decay
18,left,0.468562394999,0.294536353436,-0.174026041562,decay
18.01,left,0.468599395669,0.294535776745,-0.174063618924,decay
18.02,left,0.468628603719,0.294536086773,-0.174092516946,decay
18.03,left,0.468650671209,0.294537147097,-0.174113524112,decay
18.04,left,0.468666626379,0.294538813787,-0.174127812592,decay
18.05,left,0.468677401529,0.294540937088,-0.174136464441,decay
18.06,left,0.46868351015,0.294543363763,-0.174140146387,decay
18.07,left,0.468685055233,0.294545939548,-0.174139115685,decay
18.08,left,0.468681866881,0.294548511532,-0.17413335535,decay
18.09,left,0.468673627976,0.294550930524,-0.174122697452,decay
18.1,left,0.468659934354,0.294553053479,-0.174106880875,decay
18.11,left,0.468640152982,0.294554746057,-0.174085406926,decay
18.12,left,0.468613143319,0.294555885398,-0.174057257922,decay
18.13,left,0.468577179926,0.294556362829,-0.174020817096,decay
18.14,left,0.468530145652,0.29455608548,-0.173974060172,decay
18.15,left,0.468469738451,0.29455497603,-0.173914762421,decay
18.16,left,0.4683936488,0.294552971238,-0.173840677562,decay
18.17,left,0.468299787191,0.294550020395,-0.173749766796,decay
18.18,left,0.468186366886,0.294546084158,-0.173640282729,decay
18.19,left,0.468051703322,0.294541133796,-0.173510569526,decay
18.2,left,0.467893955682,0.294535150863,-0.173358804819,decay
18.21,left,0.467711003022,0.294528127278,-0.173182875743,decay
18.22,left,0.467500441738,0.294520065834,-0.172980375904,decay
18.23,left,0.467259786827,0.294510980905,-0.172748805921,decay
18.24,left,0.466986959691,0.294500898665,-0.172486061025,decay
18.25,left,0.466680839669,0.294489856256,-0.172190983413,decay
18.26,left,0.46634161055,0.294477900319,-0.17186371023,decay
18.27,left,0.465970960476,0.294465085585,-0.171505874892,decay
18.28,left,0.46557221735,0.294451473789,-0.171120743561,decay
18.29,left,0.465150257598,0.294437132922,-0.170713124676,decay
18.3,left,0.464711232829,0.294422136776,-0.170289096053,decay
18.31,left,0.464262407299,0.294406564761,-0.169855842538,decay
18.32,left,0.463812072809,0.294390501984,-0.169421570825,decay
18.33,left,0.463369283316,0.294374039438,-0.168995243878,decay
18.34,left,0.462943373706,0.294357273921,-0.168586099785,decay
18.35,left,0.462543311407,0.294340307386,-0.168203004021,decay
18.36,left,0.462176862395,0.294323245892,-0.167853616503,decay
18.37,left,0.461849749308,0.294306198506,-0.167543550803,decay
18.38,left,0.461565149246,0.29428927625,-0.167275872995,decay
18.39,left,0.461323577493,0.294272591095,-0.167050986399,decay
18.4,left,0.461122940942,0.294256254915,-0.166866686027,decay
18.41,left,0.460958843846,0.294240378403,-0.166718465443,decay
18.42,left,0.460825405812,0.294225069862,-0.16660033595,decay
18.43,left,0.460716427562,0.294210433864,-0.166505993698,decay
18.44,left,0.460626485423,0.294196569748,-0.166429915675,decay
18.45,left,0.460551739309,0.29418356994,-0.166368169369,decay
18.46,left,0.460490269314,0.294171518015,-0.166318751299,decay
18.47,left,0.460441780435,0.294160486422,-0.166281294012,decay
18.48,left,0.460406952126,0.294150533797,-0.166256418329,decay
18.49,left,0.460386873101,0.294141701796,-0.166245171306,decay
18.5,left,0.460382613751,0.294134011393,-0.166248602358,decay
18.51,left,0.460394853069,0.294127458571,-0.166267394499,decay
18.52,left,0.460423665141,0.294122009327,-0.166301655814,decay
18.53,left,0.460468496743,0.294117594917,-0.166350901825,decay
18.54,left,0.460528201112,0.294114110362,-0.16641409075,decay
18.55,left,0.460601154874,0.294111418534,-0.16648973634,decay
18.56,left,0.460685580237,0.294109358147,-0.16657622209,decay
18.57,left,0.460779858479,0.294107752602,-0.166672105877,decay
18.58,left,0.460882509515,0.294106418543,-0.166776090971,decay
18.59,left,0.460991887338,0.294105174194,-0.166886713144,decay
18.6,left,0.46110574786,0.294103847646,-0.167001900213,decay
18.61,left,0.461220685656,0.294102285288,-0.167118400368,decay
18.62,left,0.461331641975,0.294100360536,-0.167231281439,decay
18.63,left,0.46143188674,0.294097981979,-0.167333904761,decay
18.64,left,0.461513589641,0.29409509775,-0.16741849189,decay
18.65,left,0.461568812545,0.294091693706,-0.167477118839,decay
18.66,left,0.461590721382,0.294087787306,-0.167502934076,decay
18.67,left,0.461574693375,0.294083420574,-0.1674912728,decay
18.68,left,0.4615188794,0.294078653451,-0.167440225949,decay
18.69,left,0.461424061829,0.294073557544,-0.167350504284,decay
18.7,left,0.4612931045,0.294068210164,-0.167224894336,decay
18.71,left,0.461130296112,0.294062688535,-0.167067607577,decay
18.72,left,0.460940643252,0.29405706406,-0.166883579191,decay
18.73,left,0.460729255914,0.294051397031,-0.166677858883,decay
18.74,left,0.460501031074,0.294045733145,-0.166455297929,decay
18.75,left,0.460260578296,0.294040102906,-0.16622047539,decay
18.76,left,0.460012238675,0.294034523015,-0.16597771566,decay
18.77,left,0.4597601553,0.294028998232,-0.165731157068,decay
18.78,left,0.459508251865,0.294023523088,-0.165484728777,decay
18.79,left,0.459259930796,0.294018083423,-0.165241847373,decay
18.8,left,0.459017672424,0.294012657775,-0.16500501465,decay
18.81,left,0.458782969807,0.294007218641,-0.164775751166,decay
18.82,left,0.458556606364,0.294001733645,-0.164554872719,decay
18.83,left,0.458338853113,0.29399616653,-0.164342686583,decay
18.84,left,0.458129524063,0.293990477689,-0.164139046374,decay
18.85,left,0.457928142197,0.293984624025,-0.163943518171,decay
18.86,left,0.457734119224,0.293978558321,-0.163755560904,decay
18.87,left,0.457546817471,0.29397222844,-0.163574589031,decay
18.88,left,0.457365676429,0.293965576493,-0.163400099935,decay
18.89,left,0.457190423692,0.293958537984,-0.163231885707,decay
18.9,left,0.457021198169,0.293951040924,-0.163070157245,decay
18.91,left,0.456858622723,0.293943004933,-0.16291561779,decay
18.92,left,0.456703865355,0.293934340321,-0.162769525034,decay
18.93,left,0.456558511281,0.293924947443,-0.162633563838,decay
18.94,left,0.456424249436,0.293914717221,-0.162509532215,decay
18.95,left,0.456302634314,0.293903533539,-0.162399100775,decay
18.96,left,0.456194959942,0.293891277058,-0.162303682884,decay
18.97,left,0.456102070965,0.293877829631,-0.162224241334,decay
18.98,left,0.456024174843,0.293863079047,-0.162161095796,decay
18.99,left,0.45596085387,0.293846924154,-0.162113929715,decay
19,left,0.455911189376,0.2938292805,-0.162081908876,decay
19.01,left,0.455873830479,0.293810086578,-0.162063743901,decay
19.02,left,0.455847078901,0.293789310814,-0.162057768087,decay
19.03,left,0.455828956449,0.293766958357,-0.162061998092,decay
19.04,left,0.455817051811,0.293743074487,-0.162073977324,decay
19.05,left,0.455808299823,0.293717742217,-0.162090557606,decay
19.06,left,0.455799082434,0.293691075935,-0.162108006499,decay
19.07,left,0.455785715146,0.293663214368,-0.162122500778,decay
19.08,left,0.455765146123,0.293634314149,-0.162130831974,decay
19.09,left,0.455735704363,0.293604543967,-0.162131160397,decay
19.1,left,0.455697587633,0.293574079169,-0.162123508463,decay
19.11,left,0.455652758886,0.29354309669,-0.162109662196,decay
19.12,left,0.455604392844,0.293511770169,-0.162092622675,decay
19.13,left,0.455556360938,0.293480265494,-0.162076095444,decay
19.14,left,0.455512891967,0.29344873764,-0.162064154328,decay
19.15,left,0.455478232474,0.293417329512,-0.162060902963,decay
19.16,left,0.455456358904,0.293386172134,-0.16207018677,decay
19.17,left,0.455450788625,0.293355385091,-0.162095403534,decay
19.18,left,0.455464251761,0.293325076771,-0.16213917499,decay
19.19,left,0.455498223594,0.293295344332,-0.162202879263,decay
19.2,left,0.455552707453,0.293266273371,-0.162286434082,decay
19.21,left,0.455626471984,0.293237937271,-0.162388534713,decay
19.22,left,0.45571760029,0.293210396185,-0.162507204105,decay
19.23,left,0.455824152137,0.293183695995,-0.162640456141,decay
19.24,left,0.45594466635,0.293157868373,-0.162786797977,decay
19.25,left,0.456078154848,0.293132932782,-0.162945222066,decay
19.26,left,0.456223647092,0.293108899802,-0.163114747291,decay
19.27,left,0.456379836893,0.293085774616,-0.163294062278,decay
19.28,left,0.456545139304,0.293063560234,-0.16348157907,decay
19.29,left,0.456717994988,0.293042260449,-0.163675734539,decay
19.3,left,0.45689733654,0.293021882574,-0.163875453966,decay
19.31,left,0.457083192349,0.293002440012,-0.164080752337,decay
19.32,left,0.45727711005,0.292983954682,-0.164293155368,decay
19.33,left,0.457482134161,0.292966458989,-0.164515675172,decay
19.34,left,0.457702483436,0.292949996229,-0.164752487208,decay
19.35,left,0.457943109345,0.292934618593,-0.165008490752,decay
19.36,left,0.458209151067,0.292920383364,-0.165288767703,decay
19.37,left,0.458505423458,0.292907348403,-0.165598075055,decay
19.38,left,0.458836033944,0.292895567308,-0.165940466636,decay
19.39,left,0.45920390458,0.292885084216,-0.166318820364,decay
19.4,left,0.459610082439,0.292875928128,-0.166734154311,decay
19.41,left,0.460053171979,0.292868106677,-0.167185065302,decay
19.42,left,0.460529158148,0.292861599222,-0.167667558926,decay
19.43,left,0.461031442213,0.292856350237,-0.168175091976,decay
19.44,left,0.461550980729,0.292852266235,-0.168698714495,decay
19.45,left,0.462076709952,0.292849218711,-0.16922749124,decay
19.46,left,0.462596255915,0.292847051261,-0.169749204654,decay
19.47,left,0.46309675395,0.292845587542,-0.170251166408,decay
19.48,left,0.463565749801,0.292844638831,-0.170721110969,decay
19.49,left,0.463992141263,0.2928440112,-0.171148130063,decay
19.5,left,0.464366967671,0.292843512483,-0.171523455188,decay
19.51,left,0.464683945428,0.292842959193,-0.171840986236,decay
19.52,left,0.464939739803,0.292842183537,-0.172097556266,decay
19.53,left,0.465133797454,0.29284104001,-0.172292757444,decay
19.54,left,0.465267562327,0.29283940955,-0.172428152777,decay
19.55,left,0.465343343573,0.292837199759,-0.172506143814,decay
19.56,left,0.465363405408,0.292834342442,-0.172529062966,decay
19.57,left,0.465329541927,0.292830790675,-0.172498751252,decay
19.58,left,0.465243114982,0.292826516298,-0.172416598683,decay
19.59,left,0.465105528917,0.292821507877,-0.17228402104,decay
19.6,left,0.464918830402,0.292815769109,-0.172103061293,decay
19.61,left,0.464685936257,0.292809317653,-0.171876618603,decay
19.62,left,0.464410419217,0.29280218437,-0.171608234847,decay
19.63,left,0.464096134255,0.292794412755,-0.1713017215,decay
19.64,left,0.463746889342,0.29278605801,-0.170960831332,decay
19.65,left,0.463366335889,0.292777185278,-0.170589150611,decay
19.66,left,0.462958234195,0.292767867346,-0.170190366849,decay
19.67,left,0.462526889408,0.292758182324,-0.169768707084,decay
19.68,left,0.462077307501,0.292748211511,-0.16932909599,decay
19.69,left,0.461615011177,0.292738037394,-0.168876973782,decay
19.7,left,0.461145859738,0.292727741747,-0.168418117991,decay
19.71,left,0.460675921356,0.292717403759,-0.167958517596,decay
19.72,left,0.46021116309,0.292707098166,-0.167504064924,decay
19.73,left,0.459757045895,0.292696893454,-0.167060152441,decay
19.74,left,0.459318218584,0.292686850556,-0.166631368028,decay
19.75,left,0.458898243141,0.292677022343,-0.166221220798,decay
19.76,left,0.458499383884,0.292667453612,-0.165831930272,decay
19.77,left,0.458122672796,0.292658181109,-0.165464491687,decay
19.78,left,0.457768204669,0.292649233372,-0.165118971297,decay
19.79,left,0.457435406034,0.292640630374,-0.16479477566,decay
19.8,left,0.457123258706,0.292632382945,-0.164490875761,decay
19.81,left,0.456830601556,0.292624491965,-0.164206109591,decay
19.82,left,0.456556418983,0.292616947311,-0.163939471673,decay
19.83,left,0.456300047782,0.292609726825,-0.163690320957,decay
19.84,left,0.456061496091,0.292602796194,-0.163458699897,decay
19.85,left,0.455841856239,0.292596110396,-0.163245745844,decay
19.86,left,0.455643437593,0.292589616251,-0.163053821342,decay
19.87,left,0.455469498372,0.292583255199,-0.162886243172,decay
19.88,left,0.455323755919,0.292576965973,-0.162746789945,decay
19.89,left,0.455209704952,0.292570687194,-0.162639017758,decay
19.9,left,0.455129802312,0.292564359952,-0.16256544236,decay
19.91,left,0.455084840961,0.29255793042,-0.162526910541,decay
19.92,left,0.455073675376,0.292551352556,-0.16252232282,decay
19.93,left,0.455093144574,0.292544590613,-0.162548553961,decay
19.94,left,0.455138142113,0.29253762039,-0.162600521723,decay
19.95,left,0.455201881778,0.292530428445,-0.162671453333,decay
19.96,left,0.455276223982,0.292523009893,-0.162753214089,decay
19.97,left,0.455351976105,0.292515365876,-0.162836610229,decay
19.98,left,0.455419381303,0.292507501154,-0.162911880149,decay
19.99,left,0.45546889066,0.292499421805,-0.162969468855,decay
20,left,0.455491882196,0.292491133005,-0.163000749191,decay
20.01,left,0.455481126891,0.292482636844,-0.162998490047,decay
20.02,left,0.45543120434,0.292473930149,-0.162957274191,decay
20.03,left,0.455338926176,0.292465002486,-0.16287392369,decay
20.04,left,0.455203628979,0.292455834953,-0.162747794026,decay
20.05,left,0.455027301152,0.29244640025,-0.162580900902,decay
20.06,left,0.454814428885,0.29243666365,-0.162377765235,decay
20.07,left,0.454571385646,0.292426584219,-0.162144801427,decay
20.08,left,0.454305541699,0.292416116039,-0.16188942566,decay
20.09,left,0.454024525686,0.292405209442,-0.161619316245,decay
20.1,left,0.453735800311,0.292393812276,-0.161341988035,decay
20.11,left,0.453446406009,0.292381871251,-0.161064534758,decay
20.12,left,0.453162816932,0.292369333381,-0.160793483551,decay
20.13,left,0.452890884731,0.292356147412,-0.160534737319,decay
20.14,left,0.452635575021,0.292342264769,-0.160293310252,decay
20.15,left,0.452400368012,0.292327639664,-0.160072728348,decay
20.16,left,0.452186751493,0.29231222868,-0.159874522814,decay
20.17,left,0.451994204012,0.292295990338,-0.159698213674,decay
20.18,left,0.451820652971,0.292278884889,-0.159541768082,decay
20.19,left,0.451663292108,0.292260874323,-0.159402417786,decay
20.2,left,0.451519558191,0.292241922638,-0.159277635553,decay
20.21,left,0.451387841194,0.292221996364,-0.15916584483,decay
20.22,left,0.451267653094,0.29220106536,-0.159066587735,decay
20.23,left,0.451159389984,0.292179103779,-0.158980286205,decay
20.24,left,0.451063862379,0.292156090792,-0.158907771587,decay
20.25,left,0.450981633023,0.292132010776,-0.158849622248,decay
20.26,left,0.450912423652,0.292106853214,-0.158805570438,decay
20.27,left,0.450855014262,0.29208061275,-0.158774401512,decay
20.28,left,0.450807571923,0.292053289582,-0.158754282341,decay
20.29,left,0.450767961099,0.292024890209,-0.15874307089,decay
20.3,left,0.450733979395,0.291995428558,-0.158738550836,decay
20.31,left,0.450703692686,0.291964927496,-0.15873876519,decay
20.32,left,0.450675758427,0.291933420745,-0.158742337683,decay
20.33,left,0.450649681297,0.291900954882,-0.158748726415,decay
20.34,left,0.450626102076,0.291867590318,-0.158758511758,decay
20.35,left,0.450606937214,0.291833400436,-0.158773536778,decay
20.36,left,0.450595110679,0.291798469489,-0.158796641191,decay
20.37,left,0.450593972897,0.29176289036,-0.158831082536,decay
20.38,left,0.450606589959,0.291726762615,-0.158879827345,decay
20.39,left,0.450634920338,0.291690190804,-0.158944729533,decay
20.4,left,0.450679064286,0.291653283003,-0.159025781283,decay
20.41,left,0.450737003741,0.291616149503,-0.159120854238,decay
20.42,left,0.450804916347,0.29157890163,-0.159226014716,decay
20.43,left,0.450877732603,0.291541650697,-0.159336081906,decay
20.44,left,0.450949770311,0.291504507233,-0.159445263078,decay
20.45,left,0.451015469308,0.291467580596,-0.159547888712,decay
20.46,left,0.451070066886,0.291430978828,-0.159639088058,decay
20.47,left,0.451110067927,0.29139480852,-0.159715259407,decay
20.48,left,0.451133606157,0.291359174579,-0.159774431579,decay
20.49,left,0.451140691397,0.291324179862,-0.159816511535,decay
20.5,left,0.451133113077,0.291289924641,-0.159843188436,decay
20.51,left,0.451113989756,0.291256505868,-0.159857483888,decay
20.52,left,0.451087226236,0.2912240162,-0.159863210037,decay
20.53,left,0.451056980137,0.291192542909,-0.159864437228,decay
20.54,left,0.451027122673,0.291162167156,-0.159864955517,decay
20.55,left,0.451000877203,0.291132963965,-0.159867913238,decay
20.56,left,0.450980763465,0.291105002598,-0.159875760867,decay
20.57,left,0.450968617582,0.29107834678,-0.159890270801,decay
20.58,left,0.450965497338,0.291053054546,-0.159912442792,decay
20.59,left,0.450971576104,0.29102917766,-0.159942398443,decay
20.6,left,0.450986052723,0.291006760606,-0.159979292117,decay
20.61,left,0.45100704372,0.290985839093,-0.160021204628,decay
20.62,left,0.451031681619,0.290966438066,-0.160065243553,decay
20.63,left,0.451056556001,0.29094856953,-0.160107986471,decay
20.64,left,0.451078256268,0.290932231275,-0.160146024993,decay
20.65,left,0.451093876299,0.290917407331,-0.160176468968,decay
20.66,left,0.451101577613,0.290904069518,-0.160197508095,decay
20.67,left,0.451101065554,0.290892178939,-0.160208886615,decay
20.68,left,0.45109364708,0.290881686978,-0.160211960102,decay
20.69,left,0.451081859427,0.290872535772,-0.160209323655,decay
20.7,left,0.451068929721,0.290864658193,-0.160204271527,decay
20.71,left,0.451058182207,0.290857977345,-0.160200204862,decay
20.72,left,0.451052461923,0.290852405579,-0.160200056344,decay
20.73,left,0.451053793118,0.290847843433,-0.160205949685,decay
20.74,left,0.451063292649,0.290844179678,-0.160219112971,decay
20.75,left,0.451081119968,0.290841293408,-0.16023982656,decay
20.76,left,0.451106486015,0.290839057542,-0.160267428473,decay
20.77,left,0.451137876224,0.290837342589,-0.160300533635,decay
20.78,left,0.451173345029,0.29083602026,-0.160337324769,decay
20.79,left,0.451210702578,0.290834966956,-0.160375735622,decay
20.8,left,0.451247737539,0.290834067242,-0.160413670297,decay
20.81,left,0.451282602934,0.290833217378,-0.160449385556,decay
20.82,left,0.451314169772,0.290832328994,-0.160481840778,decay
20.83,left,0.451342161394,0.290831332489,-0.160510828904,decay
20.84,left,0.451367091423,0.290830178637,-0.160536912785,decay
20.85,left,0.451389931267,0.29082883726,-0.160561094006,decay
20.86,left,0.45141141108,0.290827293861,-0.160584117219,decay
20.87,left,0.451431270642,0.290825545816,-0.160605724826,decay
20.88,left,0.451447866542,0.290823598745,-0.160624267797,decay
20.89,left,0.451458126642,0.29082146307,-0.160636663572,decay
20.9,left,0.45145776371,0.290819150692,-0.160638613017,decay
20.91,left,0.451441810898,0.290816671746,-0.160625139152,decay
20.92,left,0.45140535692,0.290814031362,-0.160591325559,decay
20.93,left,0.451344245067,0.290811226799,-0.160533018268,decay
20.94,left,0.45125572783,0.290808246111,-0.160447481719,decay
20.95,left,0.451139094368,0.29080506927,-0.160334025098,decay
20.96,left,0.450996023908,0.290801671042,-0.160194352865,decay
20.97,left,0.450830509915,0.290798024419,-0.160032485495,decay
20.98,left,0.450648572849,0.290794104108,-0.159854468742,decay
20.99,left,0.450457870099,0.290789890113,-0.159667979986,decay
21,left,0.450267052035,0.29078537148,-0.159481680555,decay
21.01,left,0.450084969156,0.290780550241,-0.159304418916,decay
21.02,left,0.449919970205,0.290775445653,-0.159144524552,decay
21.03,left,0.449779236975,0.290770098098,-0.159009138877,decay
21.04,left,0.44966812861,0.290764570569,-0.158903558041,decay
21.05,left,0.449589804125,0.290758946171,-0.158830857954,decay
21.06,left,0.449545297264,0.290753322795,-0.158791974468,decay
21.07,left,0.449533935807,0.290747807051,-0.158786128755,decay
21.08,left,0.449553994661,0.290742508271,-0.15881148639,decay
21.09,left,0.449603461517,0.290737532524,-0.158865928993,decay
21.1,left,0.449680567697,0.290732976525,-0.158947591172,decay
21.11,left,0.44978380634,0.29072892132,-0.15905488502,decay
21.12,left,0.449911628815,0.290725425608,-0.159186203207,decay
21.13,left,0.450062183654,0.290722519424,-0.15933966423,decay
21.14,left,0.450233196664,0.290720200631,-0.159512996032,decay
21.15,left,0.450422011286,0.290718436108,-0.159703575178,decay
21.16,left,0.450625854771,0.290717166156,-0.159908688615,decay
21.17,left,0.450842103902,0.290716309561,-0.160125794341,decay
21.18,left,0.451068183545,0.290715768274,-0.16035241527,decay
21.19,left,0.451301138054,0.290715431726,-0.160585706328,decay
21.2,left,0.451537188359,0.290715180864,-0.160822007496,decay
21.21,left,0.451771455734,0.290714892001,-0.161056563733,decay
21.22,left,0.451998012715,0.290714440578,-0.161283572137,decay
21.23,left,0.452210427043,0.290713704669,-0.161496722374,decay
21.24,left,0.452402630205,0.290712567565,-0.161690062639,decay
21.25,left,0.452569698733,0.290710918942,-0.161858779791,decay
21.26,left,0.452708392376,0.290708655082,-0.161999737294,decay
21.27,left,0.452817532024,0.290705678975,-0.16211185305,decay
21.28,left,0.45289815396,0.290701900659,-0.1621962533,decay
21.29,left,0.452953410946,0.290697237848,-0.162256173099,decay
21.3,left,0.452988429029,0.290691616876,-0.162296812153,decay
21.31,left,0.45301006724,0.290684974014,-0.162325093225,decay
21.32,left,0.453026224021,0.290677257172,-0.162348966849,decay
21.33,left,0.45304471866,0.290668427692,-0.162376290968,decay
21.34,left,0.453072158237,0.290658461179,-0.162413697057,decay
21.35,left,0.453113048183,0.290647346551,-0.162465701632,decay
21.36,left,0.453169277099,0.290635083946,-0.162534193153,decay
21.37,left,0.453240142094,0.290621682583,-0.162618459511,decay
21.38,left,0.453322829737,0.290607159015,-0.162715670723,decay
21.39,left,0.453412994635,0.290591535781,-0.162821458854,decay
21.4,left,0.45350533429,0.290574840445,-0.162930493845,decay
21.41,left,0.453594328375,0.290557104977,-0.163037223398,decay
21.42,left,0.453674974048,0.290538365487,-0.163136608561,decay
21.43,left,0.453743126467,0.290518662205,-0.163224464261,decay
21.44,left,0.453795477505,0.290498039513,-0.163297437992,decay
21.45,left,0.453829442542,0.290476545833,-0.163352896709,decay
21.46,left,0.453843018749,0.290454233503,-0.163388785246,decay
21.47,left,0.453834730325,0.290431158829,-0.163403571497,decay
21.48,left,0.453803862218,0.290407382401,-0.163396479817,decay
21.49,left,0.453750810826,0.290382969669,-0.163367841157,decay
21.5,left,0.453677168236,0.290357991772,-0.163319176464,decay
21.51,left,0.453585482724,0.290332526613,-0.163252956111,decay
21.52,left,0.453478846392,0.290306660188,-0.163172186204,decay
21.53,left,0.453360329156,0.290280487853,-0.163079841303,decay
21.54,left,0.453232345913,0.290254114565,-0.162978231348,decay
21.55,left,0.453096282637,0.290227653346,-0.162868629292,decay
21.56,left,0.452952538744,0.290201222483,-0.162751316261,decay
21.57,left,0.45280078415,0.290174942386,-0.162625841764,decay
21.58,left,0.452640306246,0.290148932424,-0.162491373822,decay
21.59,left,0.452470464043,0.290123307726,-0.162347156317,decay
21.6,left,0.452291095899,0.290098175831,-0.162192920068,decay
21.61,left,0.452102793785,0.290073633131,-0.162029160654,decay
21.62,left,0.451907156733,0.290049761007,-0.161857395726,decay
21.63,left,0.45170687807,0.29002662213,-0.16168025594,decay
21.64,left,0.451505366056,0.290004258524,-0.161501107532,decay
21.65,left,0.451306040473,0.289982692607,-0.161323347866,decay
21.66,left,0.451111714565,0.289961930273,-0.161149784291,decay
21.67,left,0.450924186305,0.289941964282,-0.160982222024,decay
21.68,left,0.450744017214,0.289922777307,-0.160821239907,decay
21.69,left,0.450570661555,0.289904344627,-0.160666316928,decay
21.7,left,0.450403006336,0.289886636495,-0.160516369841,decay
21.71,left,0.450240003061,0.289869620248,-0.160370382813,decay
21.72,left,0.450081146905,0.289853262182,-0.160227884723,decay
21.73,left,0.449926881378,0.289837529167,-0.160089352211,decay
21.74,left,0.449778853035,0.289822389801,-0.159956463235,decay
21.75,left,0.449639812421,0.289807814958,-0.159831997463,decay
21.76,left,0.449513270433,0.289793777888,-0.159719492545,decay
21.77,left,0.44940305324,0.289780254094,-0.159622799146,decay
21.78,left,0.449312665903,0.289767221114,-0.159545444788,decay
21.79,left,0.449244567833,0.289754658194,-0.159489909638,decay
21.8,left,0.44919971643,0.289742545873,-0.159457170557,decay
21.81,left,0.449177450098,0.289730865464,-0.159446584634,decay
21.82,left,0.449175462766,0.289719598441,-0.159455864325,decay
21.83,left,0.449189828717,0.289708725724,-0.159481102993,decay
21.84,left,0.449215268888,0.289698226911,-0.159517041977,decay
21.85,left,0.449245649192,0.289688079465,-0.159557569727,decay
21.86,left,0.449274600086,0.289678257839,-0.159596342247,decay
21.87,left,0.449296280414,0.289668732479,-0.159627547935,decay
21.88,left,0.44930610897,0.289659468686,-0.159646640284,decay
21.89,left,0.449301116911,0.289650425318,-0.159650691594,decay
21.9,left,0.44927995406,0.28964155333,-0.159638400731,decay
21.91,left,0.4492428162,0.289632794131,-0.159610022069,decay
21.92,left,0.449191277934,0.289624077749,-0.159567200185,decay
21.93,left,0.449127934784,0.289615321152,-0.159512613631,decay
21.94,left,0.449056012353,0.289606427884,-0.159449584469,decay
21.95,left,0.448979038131,0.289597289874,-0.159381748258,decay
21.96,left,0.448900423665,0.289587790826,-0.159312632839,decay
21.97,left,0.448823013989,0.289577810079,-0.15924520391,decay
21.98,left,0.448748926977,0.289567226523,-0.159181700454,decay
21.99,left,0.448679688151,0.289555922638,-0.159123765513,decay
22,left,0.448616393345,0.289543788731,-0.159072604614,decay
22.01,left,0.44855987801,0.289530727487,-0.159029150523,decay
22.02,left,0.44851089554,0.289516658921,-0.158994236619,decay
22.03,left,0.448470067298,0.289501525159,-0.158968542139,decay
22.04,left,0.448437603376,0.289485293063,-0.158952310313,decay
22.05,left,0.448413085034,0.289467953177,-0.158945131857,decay
22.06,left,0.448395360926,0.289449516175,-0.158945844751,decay
22.07,left,0.44838242979,0.289430008947,-0.158952420844,decay
22.08,left,0.448371387011,0.289409471129,-0.158961915882,decay
22.09,left,0.448358586884,0.289387952114,-0.15897063477,decay
22.1,left,0.448339965351,0.289365508464,-0.158974456886,decay
22.11,left,0.448311403392,0.289342201698,-0.158969201694,decay
22.12,left,0.448269178798,0.289318096375,-0.158951082423,decay
22.13,left,0.448210461807,0.289293258538,-0.158917203269,decay
22.14,left,0.448133556149,0.289267754728,-0.158865801421,decay
22.15,left,0.448037810998,0.289241651749,-0.158796159249,decay
22.16,left,0.447923401839,0.289215016993,-0.158708384846,decay
22.17,left,0.447791029627,0.289187919055,-0.158603110572,decay
22.18,left,0.447641638785,0.289160428514,-0.158481210271,decay
22.19,left,0.447476418592,0.289132618851,-0.158343799741,decay
22.2,left,0.44729703217,0.289104567521,-0.158192464649,decay
22.21,left,0.447105725257,0.289076357165,-0.158029368092,decay
22.22,left,0.446905222433,0.289048076966,-0.157857145468,decay
22.23,left,0.446698569529,0.289019823909,-0.15767874562,decay
22.24,left,0.446488924898,0.288991703241,-0.157497221657,decay
22.25,left,0.446279251599,0.28896382755,-0.15731542405,decay
22.26,left,0.446072086259,0.288936314849,-0.15713577141,decay
22.27,left,0.445869473837,0.288909286351,-0.156960187486,decay
22.28,left,0.445672914498,0.28888286417,-0.156790050328,decay
22.29,left,0.445483365115,0.288857168924,-0.156626196191,decay
22.3,left,0.445301470603,0.288832317152,-0.156469153451,decay
22.31,left,0.44512783539,0.288808418492,-0.156319416898,decay
22.32,left,0.444963064099,0.288785572534,-0.156177491565,decay
22.33,left,0.444807680187,0.288763865623,-0.156043814564,decay
22.34,left,0.444662052782,0.288743368636,-0.155918684146,decay
22.35,left,0.444526242643,0.288724136476,-0.155802106168,decay
22.36,left,0.444399834959,0.288706208652,-0.155693626307,decay
22.37,left,0.444281972833,0.288689609805,-0.155592363028,decay
22.38,left,0.444171536514,0.288674349705,-0.155497186809,decay
22.39,left,0.44406724318,0.288660422682,-0.155406820498,decay
22.4,left,0.443967692536,0.288647806478,-0.155319886058,decay
22.41,left,0.443871502651,0.288636460496,-0.155235042154,decay
22.42,left,0.44377739807,0.288626323441,-0.155151074629,decay
22.43,left,0.443684108578,0.288617310885,-0.155066797694,decay
22.44,left,0.443590285069,0.288609314566,-0.154980970504,decay
22.45,left,0.443494522236,0.28860220479,-0.154892317446,decay
22.46,left,0.443395298577,0.288595834953,-0.154799463624,decay
22.47,left,0.443290932611,0.288590046419,-0.154700886192,decay
22.48,left,0.443179876859,0.288584673087,-0.154595203772,decay
22.49,left,0.443061319516,0.288579545692,-0.154481773824,decay
22.5,left,0.442935778945,0.288574495957,-0.154361282988,decay
22.51,left,0.442805451835,0.288569360691,-0.154236091144,decay
22.52,left,0.442674124361,0.288563985953,-0.154110138408,decay
22.53,left,0.442546524435,0.288558231017,-0.153988293418,decay
22.54,left,0.442427370116,0.288551971099,-0.153875399017,decay
22.55,left,0.442320615913,0.288545098085,-0.153775517828,decay
22.56,left,0.442229050641,0.288537519929,-0.153691530712,decay
22.57,left,0.44215410201,0.288529159939,-0.153624942071,decay
22.58,left,0.442095905596,0.288519956443,-0.153575949153,decay
22.59,left,0.442053709134,0.288509862884,-0.15354384625,decay
22.6,left,0.442026419532,0.288498848369,-0.153527571163,decay
22.61,left,0.442013137549,0.288486898686,-0.153526238863,decay
22.62,left,0.442013647894,0.288474017818,-0.153539630076,decay
22.63,left,0.44202870006,0.288460229564,-0.153568470496,decay
22.64,left,0.442059888353,0.288445578001,-0.153614310352,decay
22.65,left,0.442109234353,0.288430125817,-0.153679108536,decay
22.66,left,0.442178716457,0.288413951217,-0.15376476524,decay
22.67,left,0.442269811736,0.288397144682,-0.153872667054,decay
22.68,left,0.442383141845,0.288379806045,-0.1540033358,decay
22.69,left,0.442518492089,0.288362041888,-0.154156450202,decay
22.7,left,0.442675177443,0.288343963166,-0.154331214277,decay
22.71,left,0.442852319533,0.288325683017,-0.154526636517,decay
22.72,left,0.443048846025,0.288307314679,-0.154741531346,decay
22.73,left,0.443263405716,0.288288969511,-0.154974436205,decay
22.74,left,0.443494256808,0.288270755194,-0.155223501614,decay
22.75,left,0.443739115215,0.288252774169,-0.155486341046,decay
22.76,left,0.443995116037,0.288235122181,-0.155759993856,decay
22.77,left,0.444258847199,0.288217886718,-0.156040960481,decay
22.78,left,0.444526190254,0.288201145249,-0.156325045005,decay
22.79,left,0.444792010572,0.288184963197,-0.156607047375,decay
22.8,left,0.445050047132,0.288169391597,-0.156880655535,decay
22.81,left,0.445293162357,0.288154464388,-0.15713869797,decay
22.82,left,0.445513884402,0.288140195276,-0.157373689126,decay
22.83,left,0.445705225884,0.288126574729,-0.157578651155,decay
22.84,left,0.445861624143,0.288113568881,-0.157748055262,decay
22.85,left,0.445979563185,0.288101121772,-0.157878441413,decay
22.86,left,0.446057712952,0.288089159866,-0.157968553086,decay
22.87,left,0.446096846472,0.288077597025,-0.158019249447,decay
22.88,left,0.446099618793,0.288066339223,-0.15803327957,decay
22.89,left,0.446070130852,0.288055289038,-0.158014841814,decay
22.9,left,0.446013437516,0.288044350017,-0.157969087499,decay
22.91,left,0.445935113907,0.288033430995,-0.157901682911,decay
22.92,left,0.44584074606,0.288022450482,-0.157818295577,decay
22.93,left,0.445735383322,0.288011340753,-0.157724042569,decay
22.94,left,0.445623194057,0.288000050407,-0.157623143649,decay
22.95,left,0.4455073326,0.287988544436,-0.157518788164,decay
22.96,left,0.445389868015,0.287976802579,-0.157413065436,decay
22.97,left,0.445271851733,0.287964817352,-0.157307034381,decay
22.98,left,0.445153656296,0.287952592278,-0.157201064018,decay
22.99,left,0.445035402998,0.287940140359,-0.157095262639,decay
23,left,0.444917265672,0.287927482757,-0.156989782914,decay
23.01,left,0.444799734329,0.287914647663,-0.156885086666,decay
23.02,left,0.444683851593,0.287901669317,-0.156782182276,decay
23.03,left,0.444571267494,0.287888587144,-0.156682680349,decay
23.04,left,0.444464212728,0.287875444803,-0.156588767924,decay
23.05,left,0.444365559245,0.287862289055,-0.15650327019,decay
23.06,left,0.444278795928,0.287849168482,-0.156429627446,decay
23.07,left,0.444207701731,0.287836132172,-0.156371569559,decay
23.08,left,0.444155777554,0.287823228403,-0.156332549151,decay
23.09,left,0.444125590781,0.287810503287,-0.156315087494,decay
23.1,left,0.444118152948,0.287797999353,-0.156320153595,decay
23.11,left,0.444132595101,0.287785754021,-0.15634684108,decay
23.12,left,0.444166439782,0.287773797948,-0.156392641834,decay
23.13,left,0.444216316144,0.287762153446,-0.156454162698,decay
23.14,left,0.444278653171,0.287750833742,-0.156527819429,decay
23.15,left,0.444350190141,0.287739843627,-0.156610346514,decay
23.16,left,0.444428298672,0.287729181084,-0.156699117588,decay
23.17,left,0.44451095545,0.287718839074,-0.156792116377,decay
23.18,left,0.444596433184,0.287708807198,-0.156887625987,decay
23.19,left,0.44468305945,0.287699073224,-0.156983986226,decay
23.2,left,0.444769133693,0.287689624503,-0.15707950919,decay
23.21,left,0.444852823016,0.287680449309,-0.157172373707,decay
23.22,left,0.444932053091,0.287671538115,-0.157260514976,decay
23.23,left,0.445004527538,0.287662884731,-0.157341642807,decay
23.24,left,0.445067744915,0.28765448696,-0.157413257955,decay
23.25,left,0.445118888365,0.287646346526,-0.157472541838,decay
23.26,left,0.445154829654,0.287638468488,-0.157516361167,decay
23.27,left,0.445172423938,0.287630860458,-0.15754156348,decay
23.28,left,0.445168890005,0.287623531807,-0.157545358198,decay
23.29,left,0.445142145294,0.287616492805,-0.157525652489,decay
23.3,left,0.445091174793,0.287609753724,-0.157481421069,decay
23.31,left,0.445016317287,0.287603323859,-0.157412993428,decay
23.32,left,0.444919283523,0.28759721046,-0.157322073063,decay
23.33,left,0.444802950402,0.287591417638,-0.157211532764,decay
23.34,left,0.444670942135,0.287585945493,-0.157084996642,decay
23.35,left,0.444526973483,0.287580789646,-0.156946183837,decay
23.36,left,0.444374248119,0.287575941013,-0.156798307107,decay
23.37,left,0.444215270339,0.28757138555,-0.156643884789,decay
23.38,left,0.444052019552,0.287567103851,-0.1564849157,decay
23.39,left,0.44388625265,0.287563070593,-0.156323182057,decay
23.4,left,0.443719923921,0.287559253806,-0.156160670115,decay
23.41,left,0.443555681843,0.287555613991,-0.156000067852,decay
23.42,left,0.443397128269,0.287552103053,-0.155845025216,decay
23.43,left,0.443248720527,0.287548663213,-0.155700057314,decay
23.44,left,0.443115527577,0.287545226342,-0.155570301234,decay
23.45,left,0.443002832328,0.287541714093,-0.155461118235,decay
23.46,left,0.442915432141,0.287538038558,-0.155377393583,decay
23.47,left,0.44285683287,0.287534103025,-0.155322729845,decay
23.48,left,0.442828612221,0.287529802642,-0.15529880958,decay
23.49,left,0.442830040968,0.287525025024,-0.155305015945,decay
23.5,left,0.442858128299,0.287519650831,-0.155338477468,decay
23.51,left,0.442908209216,0.287513554357,-0.155394654858,decay
23.52,left,0.442974800208,0.287506604171,-0.155468196037,decay
23.53,left,0.44305234284,0.287498663942,-0.155553678897,decay
23.54,left,0.443135731337,0.287489593818,-0.155646137519,decay
23.55,left,0.443220654378,0.287479252632,-0.155741401746,decay
23.56,left,0.443303725555,0.287467500832,-0.155836224722,decay
23.57,left,0.443382484678,0.287454203913,-0.155928280765,decay
23.58,left,0.443455510701,0.287439236273,-0.156016274427,decay
23.59,left,0.443522669155,0.287422485622,-0.156100183533,decay
23.6,left,0.443585243802,0.287403858,-0.156181385802,decay
23.61,left,0.443645843418,0.28738328355,-0.156262559868,decay
23.62,left,0.443708108259,0.287360723132,-0.156347385126,decay
23.63,left,0.443776178729,0.287336174895,-0.156440003834,decay
23.64,left,0.44385404278,0.287309677726,-0.156544365054,decay
23.65,left,0.443945057923,0.287281309251,-0.156663748672,decay
23.66,left,0.444051709544,0.287251180168,-0.156800529376,decay
23.67,left,0.444175384336,0.28721942808,-0.156955956256,decay
23.68,left,0.444316125398,0.287186212098,-0.157129913299,decay
23.69,left,0.444472578382,0.287151708182,-0.157320870199,decay
23.7,left,0.444642083938,0.287116105116,-0.157525978822,decay
23.71,left,0.444820654917,0.287079601013,-0.157741053905,decay
23.72,left,0.445002882541,0.287042400244,-0.157960482297,decay
23.73,left,0.445182008049,0.287004710699,-0.15817729735,decay
23.74,left,0.44535022963,0.286966741313,-0.158383488317,decay
23.75,left,0.44549931553,0.286928699791,-0.158570615738,decay
23.76,left,0.445621543756,0.286890790425,-0.158730753331,decay
23.77,left,0.445710575646,0.286853211883,-0.158857363763,decay
23.78,left,0.445761772806,0.28681615488,-0.158945617926,decay
23.79,left,0.445771993304,0.286779799644,-0.158992193661,decay
23.8,left,0.445739262972,0.286744313078,-0.158994949894,decay
23.81,left,0.445662481291,0.286709845541,-0.15895263575,decay
23.82,left,0.44554116065,0.286676527147,-0.158864633503,decay
23.83,left,0.445375385307,0.286644464102,-0.158730921205,decay
23.84,left,0.44516603929,0.286613736893,-0.158552302397,decay
23.85,left,0.444914987878,0.286584401714,-0.158330586164,decay
23.86,left,0.444625068998,0.286556494027,-0.158068574971,decay
23.87,left,0.44430009583,0.286530032334,-0.157770063496,decay
23.88,left,0.443944919679,0.286505021392,-0.157439898287,decay
23.89,left,0.443565456605,0.286481454846,-0.157084001759,decay
23.9,left,0.443168709184,0.286459317323,-0.156709391861,decay
23.91,left,0.442762679834,0.286438586017,-0.156324093817,decay
23.92,left,0.442355944392,0.286419231801,-0.155936712592,decay
23.93,left,0.441956997122,0.286401219978,-0.155555777144,decay
23.94,left,0.441573711663,0.286384510988,-0.155189200675,decay
23.95,left,0.441212997967,0.286369061309,-0.154843936658,decay
23.96,left,0.440880557137,0.286354824412,-0.154525732725,decay
23.97,left,0.440580787079,0.286341751485,-0.154239035594,decay
23.98,left,0.440316827263,0.286329791832,-0.153987035431,decay
23.99,left,0.440090549083,0.286318892944,-0.153771656139,decay
24,left,0.439902534766,0.286309000264,-0.153593534502,decay
24.01,left,0.439752254687,0.286300056651,-0.153452198036,decay
24.02,left,0.439638334556,0.28629200155,-0.153346333006,decay
24.03,left,0.439558706168,0.286284770083,-0.153273936086,decay
24.04,left,0.439510735121,0.286278292696,-0.153232442424,decay
24.05,left,0.439491421681,0.286272495881,-0.1532189258,decay
24.06,left,0.43949753234,0.286267303607,-0.153230228733,decay
24.07,left,0.439525585857,0.286262638853,-0.153262947004,decay
24.08,left,0.439571834865,0.286258424986,-0.153313409879,decay
24.09,left,0.439632340163,0.286254587024,-0.153377753139,decay
24.1,left,0.439703122246,0.286251052797,-0.153452069448,decay
24.11,left,0.439780487105,0.286247754074,-0.153532733031,decay
24.12,left,0.439861561683,0.28624462766,-0.153616934023,decay
24.13,left,0.43994469724,0.286241616397,-0.153703080844,decay
24.14,left,0.440029452216,0.286238669672,-0.153790782544,decay
24.15,left,0.440116365371,0.286235743177,-0.153880622195,decay
24.16,left,0.440206741069,0.286232798132,-0.153973942936,decay
24.17,left,0.440302340743,0.286229800419,-0.154072540324,decay
24.18,left,0.440404995857,0.286226719766,-0.154178276092,decay
24.19,left,0.440516314277,0.28622352901,-0.154292785267,decay
24.2,left,0.440637434012,0.286220203437,-0.154417230575,decay
24.21,left,0.440768776147,0.286216720175,-0.154552055972,decay
24.22,left,0.440909974181,0.286213057659,-0.154696916522,decay
24.23,left,0.44105999027,0.286209195187,-0.154850795082,decay
24.24,left,0.441217156949,0.286205112659,-0.155012044289,decay
24.25,left,0.441379142345,0.286200790579,-0.155178351765,decay
24.26,left,0.44154313133,0.286196210269,-0.155346921061,decay
24.27,left,0.441706188028,0.286191354195,-0.155514833833,decay
24.28,left,0.44186546669,0.28618620639,-0.1556792603,decay
24.29,left,0.442018236964,0.286180752957,-0.155837484006,decay
24.3,left,0.442161876826,0.286174982695,-0.155986894131,decay
24.31,left,0.442293833748,0.286168887828,-0.15612494592,decay
24.32,left,0.442411662404,0.286162464878,-0.156249197526,decay
24.33,left,0.442513324489,0.286155715476,-0.156357609013,decay
24.34,left,0.442597615558,0.286148646479,-0.15644896908,decay
24.35,left,0.442664456926,0.286141268897,-0.156523188028,decay
24.36,left,0.442715042916,0.286133596009,-0.156581446907,decay
24.37,left,0.442751872135,0.28612564127,-0.156626230865,decay
24.38,left,0.442778423029,0.286117416286,-0.156661006743,decay
24.39,left,0.442798353874,0.286108928829,-0.156689425045,decay
24.4,left,0.442814591145,0.286100180851,-0.156714410294,decay
24.41,left,0.442828647948,0.286091166484,-0.156737481464,decay
24.42,left,0.442840204899,0.286081869971,-0.156758334928,decay
24.43,left,0.44284711911,0.286072263874,-0.156774855236,decay
24.44,left,0.442846080933,0.286062308608,-0.156783772325,decay
24.45,left,0.44283366603,0.28605195415,-0.15678171188,decay
24.46,left,0.442807311569,0.286041143313,-0.156766168256,decay
24.47,left,0.442766007491,0.286029815524,-0.156736191967,decay
24.48,left,0.44271052714,0.286017910698,-0.156692616443,decay
24.49,left,0.442642990483,0.286005373252,-0.156637617231,decay
24.5,left,0.44256596935,0.285992156337,-0.156573813013,decay
24.51,left,0.4424816438,0.285978226364,-0.156503417436,decay
24.52,left,0.442391238509,0.285963567908,-0.156427670602,decay
24.53,left,0.442294759013,0.28594818843,-0.156346570583,decay
24.54,left,0.442191201802,0.285932120844,-0.156259080958,decay
24.55,left,0.44207921819,0.285915422445,-0.156163795745,decay
24.56,left,0.441957727709,0.285898171336,-0.156059556374,decay
24.57,left,0.441826116506,0.285880462395,-0.155945654111,decay
24.58,left,0.441684141209,0.285862403578,-0.15582173763,decay
24.59,left,0.441531659761,0.285844112534,-0.155687547227,decay
24.6,left,0.441368299174,0.285825713469,-0.155542585705,decay
24.61,left,0.441193429498,0.285807334165,-0.155386095333,decay
24.62,left,0.441006578305,0.285789103092,-0.155217475213,decay
24.63,left,0.440807897362,0.285771146662,-0.1550367507,decay
24.64,left,0.440598364195,0.285753587006,-0.154844777189,decay
24.65,left,0.440379791919,0.285736540552,-0.154643251367,decay
24.66,left,0.440154708676,0.28572011708,-0.154434591596,decay
24.67,left,0.439926037024,0.285704418756,-0.154221618269,decay
24.68,left,0.439696775346,0.285689538898,-0.154007236448,decay
24.69,left,0.439469965159,0.285675560432,-0.153794404727,decay
24.7,left,0.439248741187,0.285662553964,-0.153586187223,decay
24.71,left,0.439036133585,0.285650575445,-0.15338555814,decay
24.72,left,0.438834729576,0.285639663346,-0.15319506623,decay
24.73,left,0.438646416654,0.285629835771,-0.153016580883,decay
24.74,left,0.438472287476,0.285621088865,-0.152851198612,decay
24.75,left,0.43831285079,0.28561339757,-0.15269945322,decay
24.76,left,0.438168557278,0.28560671792,-0.152561839358,decay
24.77,left,0.438040312018,0.285600989439,-0.152439322579,decay
24.78,left,0.437929724037,0.285596137076,-0.152333586961,decay
24.79,left,0.437839137627,0.285592072667,-0.15224706496,decay
24.8,left,0.437771454292,0.285588695971,-0.152182758321,decay
24.81,left,0.437729648301,0.285585895322,-0.152143752979,decay
24.82,left,0.437716110848,0.285583547921,-0.152132562927,decay
24.83,left,0.437732148199,0.285581520096,-0.152150628103,decay
24.84,left,0.437777683849,0.285579668451,-0.152198015399,decay
24.85,left,0.437851007502,0.285577842615,-0.152273164886,decay
24.86,left,0.437948675191,0.285575889181,-0.15237278601,decay
24.87,left,0.438065723258,0.285573655984,-0.152492067274,decay
24.88,left,0.438196062906,0.285570996483,-0.152625066423,decay
24.89,left,0.438332942837,0.285567774285,-0.152765168551,decay
24.9,left,0.438469497573,0.285563867949,-0.152905629624,decay
24.91,left,0.438599233823,0.285559176157,-0.153040057665,decay
24.92,left,0.438716306269,0.285553623386,-0.153162682883,decay
24.93,left,0.438815694112,0.285547165353,-0.153268528759,decay
24.94,left,0.438893355759,0.285539791828,-0.153353563931,decay
24.95,left,0.438946157632,0.285531524932,-0.1534146327,decay
24.96,left,0.438971500912,0.285522414377,-0.153449086535,decay
24.97,left,0.438966968817,0.285512532174,-0.153454436643,decay
24.98,left,0.438930238222,0.285501967821,-0.153428270401,decay
24.99,left,0.438859202166,0.285490823962,-0.153368378204,decay
25,left,0.438752332097,0.285479212417,-0.153273119679,decay
25.01,left,0.438609309494,0.285467250515,-0.153142058979,decay
25.02,left,0.438431594901,0.285455057619,-0.152976537282,decay
25.03,left,0.438222598129,0.285442751945,-0.152779846184,decay
25.04,left,0.437987504653,0.285430448121,-0.152557056532,decay
25.05,left,0.437732871605,0.285418255797,-0.152314615808,decay
25.06,left,0.437466003273,0.285406278964,-0.152059724309,decay
25.07,left,0.437194290628,0.285394615411,-0.151799675217,decay
25.08,left,0.436924757185,0.285383356033,-0.151541401152,decay
25.09,left,0.436663755371,0.285372583965,-0.151291171407,decay
25.1,left,0.436416648828,0.28536237348,-0.151054275348,decay
25.11,left,0.436187637906,0.285352788636,-0.150834849269,decay
25.12,left,0.435979967091,0.285343881615,-0.150636085476,decay
25.13,left,0.435796367369,0.285335691004,-0.150460676365,decay
25.14,left,0.435639505596,0.285328240913,-0.150311264684,decay
25.15,left,0.435512415094,0.285321541558,-0.150190873536,decay
25.16,left,0.435418697082,0.285315590821,-0.150103106261,decay
25.17,left,0.435362237849,0.285310375837,-0.150051862011,decay
25.18,left,0.435346641152,0.285305874272,-0.15004076688,decay
25.19,left,0.435374670172,0.285302055248,-0.150072614924,decay
25.2,left,0.435447736166,0.285298879973,-0.150148856193,decay
25.21,left,0.435565544989,0.285296302054,-0.150269242935,decay
25.22,left,0.435726082856,0.28529426755,-0.150431815306,decay
25.23,left,0.435925809486,0.285292714845,-0.15063309464,decay
25.24,left,0.436159816424,0.285291574729,-0.150868241695,decay
25.25,left,0.436422109005,0.285290770942,-0.151131338063,decay
25.26,left,0.436706245851,0.285290221009,-0.151416024842,decay
25.27,left,0.437006031509,0.285289837067,-0.151716194442,decay
25.28,left,0.437315856347,0.285289526536,-0.152026329811,decay
25.29,left,0.437630743315,0.28528919269,-0.152341550625,decay
25.3,left,0.437946255851,0.285288735134,-0.152657520717,decay
25.31,left,0.438258278442,0.285288050235,-0.152970228207,decay
25.32,left,0.438562822579,0.285287031528,-0.153275791051,decay
25.33,left,0.438856066734,0.285285570256,-0.153570496478,decay
25.34,left,0.439134623233,0.285283556434,-0.153851066799,decay
25.35,left,0.439395940622,0.285280880756,-0.154115059866,decay
25.36,left,0.43963875218,0.285277437198,-0.154361314982,decay
25.37,left,0.439863235955,0.285273126004,-0.15459010995,decay
25.38,left,0.440070453201,0.285267856981,-0.15480259622,decay
25.39,left,0.440261214312,0.28526155316,-0.154999661152,decay
25.4,left,0.440435120706,0.285254154908,-0.155180965797,decay
25.41,left,0.440590258899,0.285245624576,-0.155344634323,decay
25.42,left,0.440723477673,0.285235951764,-0.15548752591,decay
25.43,left,0.44083111275,0.285225158363,-0.155605954387,decay
25.44,left,0.440909899075,0.285213300531,-0.155696598544,decay
25.45,left,0.440957524241,0.285200465422,-0.155757058819,decay
25.46,left,0.440972598529,0.285186764291,-0.155785834239,decay
25.47,left,0.44095440156,0.285172324858,-0.155782076701,decay
25.48,left,0.440902767655,0.285157284055,-0.1557454836,decay
25.49,left,0.440818237034,0.285141781091,-0.155676455943,decay
25.5,left,0.440702542543,0.285125950716,-0.155576591827,decay
25.51,left,0.440559266862,0.285109916526,-0.155449350336,decay
25.52,left,0.440394135855,0.285093784172,-0.155300351683,decay
25.53,left,0.440214571446,0.2850776351,-0.155136936346,decay
25.54,left,0.440028717878,0.285061523025,-0.154967194853,decay
25.55,left,0.439844336706,0.285045474845,-0.154798861861,decay
25.56,left,0.439667773404,0.285029494639,-0.154638278765,decay
25.57,left,0.439503237766,0.285013568379,-0.154489669386,decay
25.58,left,0.439352663091,0.284997668429,-0.154354994662,decay
25.59,left,0.439216044347,0.284981757805,-0.154234286542,decay
25.6,left,0.439091941211,0.284965794294,-0.154126146916,decay
25.61,left,0.438978039814,0.284949734487,-0.154028305328,decay
25.62,left,0.438871753161,0.284933537799,-0.153938215362,decay
25.63,left,0.438770732736,0.284917170212,-0.153853562524,decay
25.64,left,0.438673218113,0.284900606646,-0.153772611467,decay
25.65,left,0.438578268692,0.284883831193,-0.153694437499,decay
25.66,left,0.438485834853,0.284866835837,-0.153618999015,decay
25.67,left,0.438396552845,0.284849618836,-0.153546934009,decay
25.68,left,0.43831135968,0.284832183217,-0.153479176463,decay
25.69,left,0.438231097331,0.284814535399,-0.153416561932,decay
25.7,left,0.43815606175,0.28479668393,-0.153359377821,decay
25.71,left,0.438085553735,0.2847786383,-0.153306915435,decay
25.72,left,0.438017775597,0.284760407838,-0.153257367759,decay
25.73,left,0.437950200932,0.284742000732,-0.1532082002,decay
25.74,left,0.437880175064,0.284723423491,-0.153156751572,decay
25.75,left,0.437805560225,0.284704681046,-0.153100879178,decay
25.76,left,0.437725278325,0.284685777321,-0.153039501005,decay
25.77,left,0.437639488287,0.284666715966,-0.152972772321,decay
25.78,left,0.43754938638,0.284647501151,-0.15290188523,decay
25.79,left,0.437456933608,0.284628138386,-0.152828795222,decay
25.8,left,0.437364643042,0.284608635424,-0.152756007618,decay
25.81,left,0.437275323803,0.284589003219,-0.152686320583,decay
25.82,left,0.437191864759,0.284569256979,-0.15262260778,decay
25.83,left,0.437117258683,0.284549417144,-0.152567841539,decay
25.84,left,0.43705470556,0.284529509779,-0.152525195782,decay
25.85,left,0.437007517976,0.284509565973,-0.152497952003,decay
25.86,left,0.436978952095,0.284489620551,-0.152489331544,decay
25.87,left,0.436972127518,0.284469710595,-0.152502416923,decay
25.88,left,0.436989908112,0.284449873991,-0.152540034122,decay
25.89,left,0.437034697253,0.284430147974,-0.152604549279,decay
25.9,left,0.43710819622,0.284410567652,-0.152697628568,decay
25.91,left,0.437211045228,0.284391164458,-0.15281988077,decay
25.92,left,0.437342431729,0.284371964514,-0.152970467215,decay
25.93,left,0.437499999046,0.284352987077,-0.153147011969,decay
25.94,left,0.437680141885,0.284334243665,-0.15334589822,decay
25.95,left,0.437878380899,0.284315738349,-0.15356264255,decay
25.96,left,0.438089668048,0.284297468826,-0.153792199222,decay
25.97,left,0.438308865697,0.284279427634,-0.154029438063,decay
25.98,left,0.438531452161,0.284261603249,-0.154269848912,decay
25.99,left,0.438754132576,0.284243981063,-0.154510151513,decay
26,left,0.438975196135,0.284226544249,-0.154748651886,decay
26.01,left,0.439194637891,0.284209274555,-0.154985363336,decay
26.02,left,0.43941388944,0.284192153015,-0.155221736425,decay
26.03,left,0.439635101604,0.284175160613,-0.15545994099,decay
26.04,left,0.439860236607,0.284158278888,-0.15570195772,decay
26.05,left,0.440090183118,0.284141490493,-0.155948692625,decay
26.06,left,0.44032404649,0.28412477973,-0.15619926676,decay
26.07,left,0.440558942184,0.28410813308,-0.156450809104,decay
26.08,left,0.440790444429,0.284091539745,-0.156698904684,decay
26.09,left,0.441013329237,0.284074992221,-0.156938337016,decay
26.1,left,0.441222250098,0.284058486907,-0.157163763191,decay
26.11,left,0.441412413906,0.284042024765,-0.157370389141,decay
26.12,left,0.441580248652,0.284025612039,-0.157554636612,decay
26.13,left,0.441723746897,0.284009260962,-0.157714485936,decay
26.14,left,0.441842435773,0.283992990144,-0.15784944563,decay
26.15,left,0.441937195883,0.283976824463,-0.15796037142,decay
26.16,left,0.442009914689,0.283960794591,-0.158049120098,decay
26.17,left,0.442062916017,0.283944936445,-0.158117979573,decay
26.18,left,0.442098378586,0.283929290684,-0.158169087902,decay
26.19,left,0.442117903501,0.283913902237,-0.158204001265,decay
26.2,left,0.442122197027,0.283898819839,-0.158223377188,decay
26.21,left,0.442110939285,0.283884095569,-0.158226843716,decay
26.22,left,0.442082968321,0.283869784361,-0.15821318396,decay
26.23,left,0.442036665465,0.2838559434,-0.158180722065,decay
26.24,left,0.441970334774,0.283842631179,-0.158127703595,decay
26.25,left,0.441882609272,0.283829906026,-0.158052703246,decay
26.26,left,0.441772899616,0.283817824183,-0.157955075433,decay
26.27,left,0.44164158243,0.283806437604,-0.157835144826,decay
26.28,left,0.441489779302,0.283795791526,-0.157693987775,decay
26.29,left,0.441319030073,0.283785921747,-0.157533108326,decay
26.3,left,0.441131077361,0.283776851575,-0.157354225786,decay
26.31,left,0.440927691239,0.283768588387,-0.157159102852,decay
26.32,left,0.440710574743,0.283761119729,-0.156949455013,decay
26.33,left,0.440481392179,0.283754409508,-0.156726982672,decay
26.34,left,0.440241718344,0.283748396062,-0.156493322282,decay
26.35,left,0.439992843074,0.283742993517,-0.156249849557,decay
26.36,left,0.439735644164,0.283738095364,-0.1559975488,decay
26.37,left,0.439470617034,0.283733578442,-0.155737038592,decay
26.38,left,0.439197964825,0.28372930658,-0.155468658244,decay
26.39,left,0.438917832157,0.283725133955,-0.155192698202,decay
26.4,left,0.438630838333,0.283720908221,-0.154909930112,decay
26.41,left,0.438338672565,0.283716473521,-0.154622199043,decay
26.42,left,0.438044400594,0.283711673453,-0.154332727141,decay
26.43,left,0.43775249293,0.283706353962,-0.154046138968,decay
26.44,left,0.437468630008,0.283700365889,-0.153768264119,decay
26.45,left,0.437199209822,0.283693566984,-0.153505642838,decay
26.46,left,0.436950689292,0.283685823651,-0.153264865641,decay
26.47,left,0.436728946342,0.283677012873,-0.153051933469,decay
26.48,left,0.436538577834,0.283667024523,-0.152871553311,decay
26.49,left,0.436382100348,0.283655764151,-0.152726336198,decay
26.5,left,0.436259350183,0.283643156312,-0.152616193871,decay
26.51,left,0.436167338746,0.283629148515,-0.152538190231,decay
26.52,left,0.436100511358,0.283613715877,-0.152486795481,decay
26.53,left,0.436051382113,0.283596865675,-0.152454516438,decay
26.54,left,0.436011643984,0.283578639179,-0.152433004805,decay
26.55,left,0.435973501453,0.283559108709,-0.152414392745,decay
26.56,left,0.435930736736,0.28353837145,-0.152392365286,decay
26.57,left,0.435879370365,0.283516542713,-0.152362827652,decay
26.58,left,0.435817919349,0.283493749691,-0.152324169658,decay
26.59,left,0.435747099971,0.283470125673,-0.152276974298,decay
26.6,left,0.4356690821,0.283445804606,-0.152223277494,decay
26.61,left,0.435586698566,0.283420915867,-0.1521657827,decay
26.62,left,0.435502763351,0.28339557914,-0.152107184211,decay
26.63,left,0.435419481284,0.283369899845,-0.152049581439,decay
26.64,left,0.435338182092,0.283343966724,-0.151994215368,decay
26.65,left,0.43525955836,0.283317852835,-0.151941705525,decay
26.66,left,0.435184115325,0.283291618941,-0.151892496384,decay
26.67,left,0.435112450264,0.28326531756,-0.151847132704,decay
26.68,left,0.435045348196,0.28323899697,-0.151806351225,decay
26.69,left,0.434983771334,0.283212705175,-0.151771066159,decay
26.7,left,0.434928686332,0.283186493856,-0.151742192476,decay
26.71,left,0.434880858026,0.283160422385,-0.151720435641,decay
26.72,left,0.434840831468,0.283134561938,-0.151706269531,decay
26.73,left,0.434809002303,0.283108999223,-0.15170000308,decay
26.74,left,0.434785603815,0.283083838245,-0.151701765571,decay
26.75,left,0.43477068937,0.283059198851,-0.151711490519,decay
26.76,left,0.434764150836,0.283035212975,-0.151728937861,decay
26.77,left,0.434765679677,0.28301202017,-0.151753659507,decay
26.78,left,0.434774725695,0.282989763043,-0.151784962652,decay
26.79,left,0.434790602078,0.282968582533,-0.151822019544,decay
26.8,left,0.434812712219,0.282948612936,-0.151864099283,decay
26.81,left,0.434840785022,0.282929976543,-0.151910808479,decay
26.82,left,0.434875140094,0.282912777792,-0.151962362302,decay
26.83,left,0.43491694028,0.28289709757,-0.152019842709,decay
26.84,left,0.434968163319,0.282882989954,-0.152085173365,decay
26.85,left,0.435031227507,0.282870483098,-0.152160744409,decay
26.86,left,0.435108548793,0.282859582928,-0.152248965865,decay
26.87,left,0.435202162152,0.282850277184,-0.152351884968,decay
26.88,left,0.435313345068,0.282842538862,-0.152470806206,decay
26.89,left,0.43544235078,0.28283632902,-0.152606021759,decay
26.9,left,0.435588372594,0.282831599003,-0.152756773591,decay
26.91,left,0.435749624508,0.282828292128,-0.15292133238,decay
26.92,left,0.435923472335,0.282826344874,-0.153097127461,decay
26.93,left,0.436106711468,0.282825687643,-0.153281023826,decay
26.94,left,0.436295937818,0.282826245265,-0.153469692553,decay
26.95,left,0.436487802049,0.282827937369,-0.15365986468,decay
26.96,left,0.43667914907,0.282830678563,-0.153848470507,decay
26.97,left,0.43686722428,0.282834378311,-0.154032845969,decay
26.98,left,0.437049886279,0.282838940481,-0.154210945798,decay
26.99,left,0.43722566035,0.282844262545,-0.154381397804,decay
27,left,0.437393739456,0.28285023448,-0.154543504976,decay
27.01,left,0.437554032612,0.282856737345,-0.154697295267,decay
27.02,left,0.43770713577,0.28286364156,-0.154843494211,decay
27.03,left,0.43785421896,0.282870805283,-0.154983413677,decay
27.04,left,0.437996927198,0.282878074122,-0.155118853076,decay
27.05,left,0.438137176304,0.282885283146,-0.155251893158,decay
27.06,left,0.438276734639,0.282892260556,-0.155384474083,decay
27.07,left,0.438416782653,0.282898831837,-0.155517950816,decay
27.08,left,0.438557618416,0.282904823976,-0.155652794441,decay
27.09,left,0.438698384216,0.282910069794,-0.155788314422,decay
27.1,left,0.438836792291,0.282914412526,-0.155922379764,decay
27.11,left,0.43896913525,0.282917710751,-0.1560514245,decay
27.12,left,0.439090675557,0.282919843783,-0.156170831774,decay
27.13,left,0.439196222178,0.282920716881,-0.156275505297,decay
27.14,left,0.439280843249,0.28292026393,-0.156360579319,decay
27.15,left,0.439340627816,0.282918445835,-0.156422181982,decay
27.16,left,0.439373123682,0.28291524602,-0.156457877662,decay
27.17,left,0.439377307092,0.282910665492,-0.1564666416,decay
27.18,left,0.439353324339,0.282904718441,-0.156448605898,decay
27.19,left,0.439302089237,0.282897428393,-0.156404660844,decay
27.2,left,0.439224735937,0.282888824864,-0.156335911073,decay
27.21,left,0.439122219589,0.282878940432,-0.156243279156,decay
27.22,left,0.438995268952,0.282867808202,-0.15612746075,decay
27.23,left,0.438844470498,0.282855459704,-0.155989010794,decay
27.24,left,0.438670330095,0.282841923559,-0.155828406537,decay
27.25,left,0.438473520827,0.282827225134,-0.155646295693,decay
27.26,left,0.438255347066,0.282811386983,-0.155443960083,decay
27.27,left,0.438018095465,0.282794429694,-0.155223665771,decay
27.28,left,0.437765149334,0.28277637301,-0.154988776323,decay
27.29,left,0.437500955411,0.282757237222,-0.154743718189,decay
27.3,left,0.437230750937,0.282737044832,-0.154493706105,decay
27.31,left,0.436960045629,0.282715822542,-0.154244223087,decay
27.32,left,0.436694135783,0.282693603563,-0.15400053222,decay
27.33,left,0.436437796562,0.282670429903,-0.153767366659,decay
27.34,left,0.436195087732,0.282646353482,-0.15354873425,decay
27.35,left,0.43596928324,0.282621435173,-0.153347848067,decay
27.36,left,0.435762928332,0.28259574243,-0.153167185902,decay
27.37,left,0.435577883855,0.282569346679,-0.153008537176,decay
27.38,left,0.435415340241,0.282542320926,-0.152873019315,decay
27.39,left,0.435276034999,0.282514737563,-0.152761297436,decay
27.4,left,0.435160723664,0.282486666328,-0.152674057336,decay
27.41,left,0.435070574959,0.282458172358,-0.152612402601,decay
27.42,left,0.435007291395,0.282429314297,-0.152577977097,decay
27.43,left,0.434973056398,0.282400142619,-0.152572913779,decay
27.44,left,0.434970265745,0.2823706988,-0.152599566944,decay
27.45,left,0.435000930248,0.282341015815,-0.152659914434,decay
27.46,left,0.435066000097,0.282311119565,-0.152754880533,decay
27.47,left,0.435164962488,0.282281030574,-0.152883931914,decay
27.48,left,0.435295773272,0.28225076567,-0.153045007602,decay
27.49,left,0.435455121671,0.282220339662,-0.153234782009,decay
27.5,left,0.435639067844,0.282189767022,-0.153449300822,decay
27.51,left,0.435843830146,0.282159063614,-0.153684766532,decay
27.52,left,0.436066290717,0.282128248471,-0.153938042246,decay
27.53,left,0.436304070332,0.282097345486,-0.154206724846,decay
27.54,left,0.436555352969,0.282066384497,-0.154488968472,decay
27.55,left,0.436818533995,0.282035401367,-0.154783132628,decay
27.56,left,0.4370917688,0.282004437373,-0.155087331427,decay
27.57,left,0.437372792617,0.281973538425,-0.155399254191,decay
27.58,left,0.437659205194,0.281942754346,-0.155716450848,decay
27.59,left,0.437948915216,0.281912138185,-0.156036777031,decay
27.6,left,0.438240406836,0.281881745562,-0.156358661274,decay
27.61,left,0.438532695526,0.281851634007,-0.15668106152,decay
27.62,left,0.438824911482,0.281821862271,-0.157003049211,decay
27.63,left,0.439115694453,0.281792489662,-0.157323204791,decay
27.64,left,0.43940283834,0.281763575589,-0.157639262751,decay
27.65,left,0.439683358779,0.28173517947,-0.157948179309,decay
27.66,left,0.439953683955,0.281707360849,-0.158246323106,decay
27.67,left,0.440209729573,0.281680179497,-0.158529550076,decay
27.68,left,0.440447000482,0.281653695364,-0.158793305117,decay
27.69,left,0.440660812317,0.281627968393,-0.159032843924,decay
27.7,left,0.440846582169,0.281603058136,-0.159243524033,decay
27.71,left,0.441000290619,0.281579023196,-0.159421267423,decay
27.72,left,0.441119038712,0.28155592043,-0.159563118282,decay
27.73,left,0.441201279555,0.281533803999,-0.159667475556,decay
27.74,left,0.441246608966,0.281512724484,-0.159733884482,decay
27.75,left,0.441255469213,0.281492728243,-0.159762740971,decay
27.76,left,0.441228969025,0.281473856831,-0.159755112194,decay
27.77,left,0.441168732066,0.281456146198,-0.159712585868,decay
27.78,left,0.441076779985,0.281439625519,-0.159637154465,decay
27.79,left,0.440955471206,0.281424315634,-0.159531155572,decay
27.8,left,0.44080729499,0.281410227044,-0.159397067946,decay
27.81,left,0.440634470151,0.281397357453,-0.159237112698,decay
27.82,left,0.440438675007,0.281385688793,-0.159052986214,decay
27.83,left,0.440221067592,0.281375184241,-0.158845883351,decay
27.84,left,0.439982435128,0.281365786887,-0.158616648242,decay
27.85,left,0.439723521618,0.281357421321,-0.158366100298,decay
27.86,left,0.439445643854,0.281349997198,-0.158095646656,decay
27.87,left,0.439151271834,0.281343413101,-0.157807858733,decay
27.88,left,0.438844210797,0.281337560051,-0.157506650746,decay
27.89,left,0.438529431019,0.281332324688,-0.157197106331,decay
27.9,left,0.438212673398,0.281327592202,-0.156885081196,decay
27.91,left,0.437899867243,0.281323249076,-0.156576618167,decay
27.92,left,0.437596548602,0.281319185733,-0.156277362869,decay
27.93,left,0.437307493777,0.281315298946,-0.15599219483,decay
27.94,left,0.437036499382,0.281311493464,-0.155725005918,decay
27.95,left,0.436786198966,0.281307682443,-0.155478516523,decay
27.96,left,0.436558090821,0.281303787077,-0.155254303744,decay
27.97,left,0.436352849898,0.281299736055,-0.155053113843,decay
27.98,left,0.43617061531,0.281295465153,-0.154875150157,decay
27.99,left,0.43601109392,0.281290916963,-0.154720176957,decay
28,left,0.435873639617,0.281286040793,-0.154587598824,decay
28.01,left,0.435757312539,0.281280792741,-0.154476519798,decay
28.02,left,0.435660819842,0.281275135955,-0.154385683887,decay
28.03,left,0.435582457292,0.28126904095,-0.154313416341,decay
28.04,left,0.435520124232,0.281262485526,-0.154257638705,decay
28.05,left,0.435471275064,0.281255453928,-0.154215821136,decay
28.06,left,0.435432883092,0.281247935526,-0.154184947566,decay
28.07,left,0.435401715231,0.281239923477,-0.154161791753,decay
28.08,left,0.435374881727,0.281231413545,-0.154143468181,decay
28.09,left,0.435350304618,0.281222403097,-0.154127901521,decay
28.1,left,0.435326955054,0.281212890241,-0.154114064813,decay
28.11,left,0.435304890069,0.281202873104,-0.154102016964,decay
28.12,left,0.435284984321,0.281192349243,-0.154092635078,decay
28.13,left,0.435268402288,0.281181315239,-0.154087087049,decay
28.14,left,0.435256191527,0.281169766735,-0.154086424791,decay
28.15,left,0.435249189256,0.281157699088,-0.154091490168,decay
28.16,left,0.435248094223,0.2811451085,-0.154102985723,decay
28.17,left,0.435253605302,0.281131993417,-0.154121611885,decay
28.18,left,0.435266523494,0.281118356099,-0.154148167394,decay
28.19,left,0.435287567136,0.281104204382,-0.154183362754,decay
28.2,left,0.43531690012,0.281089553657,-0.154227346464,decay
28.21,left,0.435353751738,0.281074429103,-0.154279322635,decay
28.22,left,0.435396344475,0.281058868197,-0.154337476278,decay
28.23,left,0.435441979598,0.281042923073,-0.154399056525,decay
28.24,left,0.435487261837,0.281026661312,-0.154460600524,decay
28.25,left,0.435528675141,0.281010164086,-0.154518511055,decay
28.26,left,0.435563358505,0.280993522424,-0.154569836081,decay
28.27,left,0.435589609281,0.280976833025,-0.154612776256,decay
28.28,left,0.435606985121,0.280960194146,-0.154646790975,decay
28.29,left,0.435616135318,0.280943701525,-0.154672433793,decay
28.3,left,0.435618370709,0.280927444251,-0.154690926458,decay
28.31,left,0.435615093927,0.280911500493,-0.154703593434,decay
28.32,left,0.43560735866,0.280895932999,-0.154711425661,decay
28.33,left,0.435595588648,0.280880784915,-0.154714803733,decay
28.34,left,0.435579425381,0.28086607785,-0.154713347532,decay
28.35,left,0.435557906824,0.280851813648,-0.154706093176,decay
28.36,left,0.435529985898,0.280837978744,-0.154692007154,decay
28.37,left,0.43549499047,0.280824549095,-0.154670441374,decay
28.38,left,0.435452783626,0.280811494915,-0.154641288711,decay
28.39,left,0.435403790807,0.280798785206,-0.154605005601,decay
28.4,left,0.435348982025,0.280786392191,-0.154562589834,decay
28.41,left,0.435289691748,0.280774295696,-0.154515396052,decay
28.42,left,0.435227413817,0.280762487583,-0.154464926234,decay
28.43,left,0.435163842847,0.280750975733,-0.154412867114,decay
28.44,left,0.435101051215,0.280739785896,-0.154361265319,decay
28.45,left,0.435041528972,0.280728960144,-0.154312568827,decay
28.46,left,0.434988051644,0.280718552865,-0.154269498779,decay
28.47,left,0.434943367393,0.28070862606,-0.154234741333,decay
28.48,left,0.434909642292,0.280699244586,-0.154210397707,decay
28.49,left,0.434887850318,0.280690471327,-0.154197378991,decay
28.5,left,0.434877390492,0.280682362194,-0.154195028299,decay
28.51,left,0.434875916111,0.280674960863,-0.154200955248,decay
28.52,left,0.434879312075,0.280668293153,-0.154211018922,decay
28.53,left,0.434882092661,0.280662361683,-0.154219730978,decay
28.54,left,0.434878393836,0.280657143021,-0.154221250815,decay
28.55,left,0.43486316749,0.280652589004,-0.154210578486,decay
28.56,left,0.434833106361,0.280648630942,-0.154184475419,decay
28.57,left,0.43478716627,0.280645184396,-0.154141981873,decay
28.58,left,0.434726580626,0.280642153648,-0.154084426979,decay
28.59,left,0.434654300403,0.280639435851,-0.154014864551,decay
28.6,left,0.434574104985,0.280636924981,-0.153937180004,decay
28.61,left,0.434489664666,0.28063451564,-0.153855149025,decay
28.62,left,0.434403673627,0.280632106832,-0.153771566795,decay
28.63,left,0.434317316787,0.280629605413,-0.153687711374,decay
28.64,left,0.434230394982,0.280626928195,-0.153603466787,decay
28.65,left,0.434141949228,0.280624001904,-0.153517947324,decay
28.66,left,0.434050835104,0.280620761661,-0.153430073443,decay
28.67,left,0.43395602834,0.280617149146,-0.153338879194,decay
28.68,left,0.433856813004,0.280613110894,-0.15324370211,decay
28.69,left,0.43375281455,0.280608596768,-0.153144217782,decay
28.7,left,0.43364382285,0.280603558589,-0.153040264261,decay
28.71,left,0.433529721419,0.280597948917,-0.152931772502,decay
28.72,left,0.433410729528,0.280591719976,-0.152819009552,decay
28.73,left,0.433287738681,0.280584822853,-0.152702915828,decay
28.74,left,0.433162578989,0.280577207393,-0.152585371597,decay
28.75,left,0.433038181396,0.280568823115,-0.152469358281,decay
28.76,left,0.432918400837,0.280559620941,-0.152358779896,decay
28.77,left,0.432807382709,0.280549555332,-0.152257827377,decay
28.78,left,0.432708792312,0.280538586705,-0.152170205607,decay
28.79,left,0.432625227617,0.280526684153,-0.152098543464,decay
28.8,left,0.432557881279,0.280513828545,-0.152044052733,decay
28.81,left,0.432506589245,0.280500016029,-0.152006573216,decay
28.82,left,0.432470442015,0.280485262026,-0.15198517999,decay
28.83,left,0.432448669766,0.280469605124,-0.151979064642,decay
28.84,left,0.432441244974,0.280453108938,-0.151988136037,decay
28.85,left,0.432449080583,0.280435860449,-0.152013220135,decay
28.86,left,0.432473940926,0.28041796593,-0.152055974996,decay
28.87,left,0.432517990653,0.280399546438,-0.152118444215,decay
28.88,left,0.43258306479,0.280380733628,-0.152202331162,decay
28.89,left,0.432669978517,0.280361665871,-0.152308312646,decay
28.9,left,0.432777979414,0.280342484568,-0.152435494846,decay
28.91,left,0.432904321651,0.280323330587,-0.152580991064,decay
28.92,left,0.433044177948,0.280304340712,-0.152739837236,decay
28.93,left,0.433191084653,0.280285644279,-0.152905440374,decay
28.94,left,0.43333772336,0.280267360691,-0.15307036267,decay
28.95,left,0.433476763346,0.280249598338,-0.153227165009,decay
28.96,left,0.433601753621,0.280232454426,-0.153369299195,decay
28.97,left,0.433707983947,0.280216014861,-0.153491969086,decay
28.98,left,0.433793011109,0.280200353823,-0.153592657286,decay
28.99,left,0.433856748723,0.280185532991,-0.153671215732,decay
29,left,0.433901204546,0.280171600359,-0.153729604187,decay
29.01,left,0.433929802651,0.280158588636,-0.153771214015,decay
29.02,left,0.433946381672,0.28014651318,-0.153799868492,decay
29.03,left,0.4339543294,0.280135369805,-0.153818959595,decay
29.04,left,0.433956158026,0.280125133647,-0.153831024379,decay
29.05,left,0.433953427655,0.280115759957,-0.153837667698,decay
29.06,left,0.433946899181,0.280107186155,-0.153839713027,decay
29.07,left,0.433936862982,0.280099333951,-0.153837529031,decay
29.08,left,0.433923420177,0.280092111059,-0.153831309117,decay
29.09,left,0.433906492597,0.280085412504,-0.153821080093,decay
29.1,left,0.433885710828,0.280079121574,-0.153806589254,decay
29.11,left,0.433860427273,0.280073110459,-0.153787316815,decay
29.12,left,0.433829763838,0.2800672406,-0.153762523237,decay
29.13,left,0.433792610295,0.280061363087,-0.153731247208,decay
29.14,left,0.433747743241,0.280055319955,-0.153692423286,decay
29.15,left,0.433694064853,0.280048947107,-0.153645117746,decay
29.16,left,0.433630789986,0.280042078433,-0.153588711553,decay
29.17,left,0.433557599441,0.280034550381,-0.15352304906,decay
29.18,left,0.433474791312,0.280026206722,-0.15344858459,decay
29.19,left,0.4333833041,0.280016903599,-0.153366400501,decay
29.2,left,0.433284629468,0.280006514967,-0.153278114501,decay
29.21,left,0.433180776858,0.279994938565,-0.153185838293,decay
29.22,left,0.433074198354,0.279982102534,-0.15309209582,decay
29.23,left,0.432967423369,0.279967971792,-0.152999451577,decay
29.24,left,0.432862493356,0.279952551116,-0.15290994224,decay
29.25,left,0.432760558576,0.279935882615,-0.152824675962,decay
29.26,left,0.432661761718,0.279918039354,-0.152743722365,decay
29.27,left,0.43256536236,0.279899118312,-0.152666244048,decay
29.28,left,0.432470168567,0.279879233898,-0.152590934668,decay
29.29,left,0.432375180213,0.279858512013,-0.152516668199,decay
29.3,left,0.432280129683,0.279837084535,-0.152443045149,decay
29.31,left,0.432185817569,0.279815084108,-0.152370733461,decay
29.32,left,0.432094289655,0.279792639128,-0.152301650527,decay
29.33,left,0.43200869688,0.279769869213,-0.152238827666,decay
29.34,left,0.431932756541,0.279746882366,-0.152185874175,decay
29.35,left,0.4318701039,0.279723774725,-0.152146329175,decay
29.36,left,0.431823771724,0.279700632122,-0.152123139602,decay
29.37,left,0.431795706738,0.279677532119,-0.152118174619,decay
29.38,left,0.431786308717,0.279654545964,-0.152131762754,decay
29.39,left,0.431794239042,0.279631740436,-0.152162498606,decay
29.4,left,0.431816559953,0.279609179597,-0.152207380356,decay
29.41,left,0.431849040264,0.279586926447,-0.152262113817,decay
29.42,left,0.431886679918,0.279565044507,-0.15232163541,decay
29.43,left,0.431924477326,0.279543599203,-0.152380878123,decay
29.44,left,0.4319581047,0.279522658655,-0.152435446045,decay
29.45,left,0.431984301365,0.279502293574,-0.152482007791,decay
29.46,left,0.43200108306,0.279482576464,-0.152518506597,decay
29.47,left,0.432007727464,0.27946358053,-0.152544146934,decay
29.48,left,0.432004527428,0.279445378414,-0.152559149014,decay
29.49,left,0.431992580334,0.279428040746,-0.152564539588,decay
29.5,left,0.431973791567,0.279411634454,-0.152562157113,decay
29.51,left,0.431950925136,0.27939622081,-0.152554704326,decay
29.52,left,0.431927517387,0.279381853143,-0.152545664245,decay
29.53,left,0.431907704458,0.279368574476,-0.152539129983,decay
29.54,left,0.431895907169,0.279356415946,-0.152539491223,decay
29.55,left,0.431896162533,0.279345396665,-0.152550765869,decay
29.56,left,0.431911280427,0.279335524471,-0.152575755956,decay
29.57,left,0.431942279236,0.279326796657,-0.152615482579,decay
29.58,left,0.431988240115,0.279319200267,-0.152669039848,decay
29.59,left,0.432046501209,0.279312711941,-0.152733789268,decay
29.6,left,0.432113157118,0.279307297321,-0.152805859797,decay
29.61,left,0.432183699495,0.279302909992,-0.152880789503,decay
29.62,left,0.432253549484,0.279299489977,-0.152954059507,decay
29.63,left,0.432318471008,0.2792969621,-0.153021508908,decay
29.64,left,0.43237498088,0.279295235338,-0.153079745542,decay
29.65,left,0.432420678383,0.279294203984,-0.153126474399,decay
29.66,left,0.43245439801,0.279293750038,-0.153160647972,decay
29.67,left,0.43247636391,0.279293745737,-0.153182618173,decay
29.68,left,0.43248843365,0.279294055837,-0.153194377813,decay
29.69,left,0.432494048823,0.279294539647,-0.153199509177,decay
29.7,left,0.432497633806,0.279295052914,-0.153202580892,decay
29.71,left,0.432503748297,0.279295449602,-0.153208298696,decay
29.72,left,0.432516283459,0.279295583627,-0.153220699833,decay
29.73,left,0.432537761004,0.279295310661,-0.153242450343,decay
29.74,left,0.432568966022,0.279294490114,-0.153274475908,decay
29.75,left,0.432609114886,0.279292987434,-0.153316127452,decay
29.76,left,0.432656352931,0.279290676752,-0.153365676179,decay
29.77,left,0.432708303215,0.279287443867,-0.153420859348,decay
29.78,left,0.43276255552,0.279283189623,-0.153479365897,decay
29.79,left,0.432816890307,0.279277833756,-0.153539056551,decay
29.8,left,0.432869060356,0.279271319291,-0.153597741064,decay
29.81,left,0.432916375908,0.279263617593,-0.153652758315,decay
29.82,left,0.432955473566,0.279254734145,-0.153700739421,decay
29.83,left,0.43298226012,0.279244714093,-0.153737546028,decay
29.84,left,0.432991937641,0.279233644267,-0.153758293374,decay
29.85,left,0.432979266338,0.279221649192,-0.153757617146,decay
29.86,left,0.432939026644,0.279208882918,-0.153730143726,decay
29.87,left,0.432866417019,0.27919551998,-0.153670897039,decay
29.88,left,0.432757447732,0.279181746765,-0.153575700967,decay
29.89,left,0.432609528221,0.279167753211,-0.153441775011,decay
29.9,left,0.432422088594,0.279153724667,-0.153268363927,decay
29.91,left,0.432196997022,0.279139833735,-0.153057163287,decay
29.92,left,0.431938768035,0.279126231919,-0.152812536116,decay
29.93,left,0.431654503116,0.279113041806,-0.15254146131,decay
29.94,left,0.431353359592,0.279100352395,-0.152253007198,decay
29.95,left,0.431045561108,0.279088219569,-0.151957341539,decay
29.96,left,0.430741230183,0.279076670099,-0.151664560084,decay
29.97,left,0.430449226716,0.279065706344,-0.151383520372,decay
29.98,left,0.430176155878,0.27905531051,-0.151120845368,decay
29.99,left,0.429925945949,0.27904544846,-0.150880497489,decay
30,left,0.429700148697,0.279036073106,-0.150664075591,decay
30.01,left,0.429498571049,0.279027127476,-0.150471443573,decay
30.02,left,0.429319934538,0.279018547495,-0.150301387044,decay
30.03,left,0.429162570068,0.279010264476,-0.150152305591,decay
30.04,left,0.429024977845,0.279002207166,-0.15002277068,decay
30.05,left,0.428905983782,0.27899430321,-0.149911680572,decay
30.06,left,0.428804591755,0.278986480231,-0.149818111524,decay
30.07,left,0.428719810583,0.278978666755,-0.149741143827,decay
30.08,left,0.428650514694,0.278970793133,-0.149679721561,decay
30.09,left,0.428595330674,0.278962792481,-0.149632538192,decay
30.1,left,0.428552647675,0.278954601684,-0.149598045991,decay
30.11,left,0.42852065565,0.278946162489,-0.14957449316,decay
30.12,left,0.428497146132,0.278937422726,-0.149559723406,decay
30.13,left,0.428479192875,0.278928337511,-0.149550855364,decay
30.14,left,0.428463132095,0.278918869952,-0.149544262143,decay
30.15,left,0.428444959818,0.27890899097,-0.149535968849,decay
30.16,left,0.428420963292,0.278898678552,-0.14952228474,decay
30.17,left,0.428388392648,0.278887916976,-0.149500475672,decay
30.18,left,0.428345926838,0.27887669622,-0.149469230618,decay
30.19,left,0.428293766331,0.278865011581,-0.14942875475,decay
30.2,left,0.428233526997,0.278852863484,-0.149380663513,decay
30.21,left,0.428168123649,0.278840257503,-0.149327866146,decay
30.22,left,0.428101471268,0.278827204564,-0.149274266704,decay
30.23,left,0.428037860986,0.278813721305,-0.149224139681,decay
30.24,left,0.427981277932,0.278799830438,-0.149181447494,decay
30.25,left,0.427934950488,0.278785560976,-0.149149389513,decay
30.26,left,0.427901081889,0.278770948441,-0.149130133448,decay
30.27,left,0.427880726916,0.278756035192,-0.149124691725,decay
30.28,left,0.427873948729,0.27874087094,-0.14913307779,decay
30.29,left,0.427880155609,0.278725513456,-0.149154642152,decay
30.3,left,0.427898418116,0.278710029473,-0.149188388643,decay
30.31,left,0.427927888839,0.27869449577,-0.149233393069,decay
30.32,left,0.427968393022,0.278679000455,-0.149289392567,decay
30.33,left,0.428020863142,0.278663644049,-0.149357219093,decay
30.34,left,0.428087352198,0.278648539205,-0.149438812994,decay
30.35,left,0.428170690057,0.27863380811,-0.149536881947,decay
30.36,left,0.428273823759,0.278619578219,-0.14965424554,decay
30.37,left,0.428398816006,0.278605977409,-0.149792838597,decay
30.38,left,0.42854582766,0.278593128985,-0.149952698675,decay
30.39,left,0.428712588484,0.278581146448,-0.150131442036,decay
30.4,left,0.428894473561,0.27857012792,-0.150324345642,decay
30.41,left,0.429085073068,0.278560150111,-0.150524922958,decay
30.42,left,0.429277174822,0.278551261704,-0.150725913118,decay
30.43,left,0.429463828549,0.278543476997,-0.150920351552,decay
30.44,left,0.429639045235,0.278536772675,-0.15110227256,decay
30.45,left,0.429798123847,0.278531089897,-0.151267033951,decay
30.46,left,0.429937887145,0.278526340035,-0.15141154711,decay
30.47,left,0.430056860725,0.278522411072,-0.151534449653,decay
30.48,left,0.430155311151,0.278519173503,-0.151636137648,decay
30.49,left,0.430235240694,0.278516485751,-0.151718754943,decay
30.5,left,0.430300347318,0.278514199227,-0.151786148091,decay
30.51,left,0.430355758581,0.278512163128,-0.151843595453,decay
30.52,left,0.430407566513,0.278510229113,-0.1518973374,decay
30.53,left,0.430462421111,0.278508255564,-0.151954165547,decay
30.54,left,0.430527156943,0.27850611038,-0.152021046562,decay
30.55,left,0.430608222937,0.278503671489,-0.152104551448,decay
30.56,left,0.430711018743,0.278500825785,-0.152210192957,decay
30.57,left,0.430839397703,0.278497467751,-0.152341929951,decay
30.58,left,0.430995359412,0.278493498245,-0.152501861167,decay
30.59,left,0.431178969941,0.278488823522,-0.152690146418,decay
30.6,left,0.431388633774,0.278483354503,-0.152905279271,decay
30.61,left,0.431621543257,0.278477006277,-0.15314453698,decay
30.62,left,0.431873979481,0.278469697887,-0.153404281594,decay
30.63,left,0.432141449574,0.278461352354,-0.15368009722,decay
30.64,left,0.432418801022,0.278451896874,-0.153966904148,decay
30.65,left,0.432700277914,0.278441263122,-0.154259014792,decay
30.66,left,0.432979541776,0.278429387746,-0.154550154031,decay
30.67,left,0.43324991041,0.278416213197,-0.154833697213,decay
30.68,left,0.433504834712,0.27840168895,-0.155103145762,decay
30.69,left,0.433738265721,0.278385773169,-0.155352492553,decay
30.7,left,0.433944808151,0.278368434841,-0.15557637331,decay
30.71,left,0.434119874996,0.278349656443,-0.155770218553,decay
30.72,left,0.434259858741,0.278329437165,-0.155930421575,decay
30.73,left,0.434362226441,0.278307796251,-0.15605443019,decay
30.74,left,0.434425617183,0.278284774853,-0.156140842329,decay
30.75,left,0.43444993823,0.278260435238,-0.156189502992,decay
30.76,left,0.434436297865,0.278234858212,-0.156201439653,decay
30.77,left,0.434386782667,0.278208140431,-0.156178642236,decay
30.78,left,0.43430418078,0.278180392205,-0.156123788575,decay
30.79,left,0.43419152045,0.27815173581,-0.156039784639,decay
30.8,left,0.434051354411,0.278122304243,-0.155929050169,decay
30.81,left,0.433885196503,0.278092240376,-0.155792956127,decay
30.82,left,0.433693545698,0.278061696467,-0.155631849231,decay
30.83,left,0.433476360059,0.278030833781,-0.155445526278,decay
30.84,left,0.433233607569,0.277999821708,-0.155233785861,decay
30.85,left,0.432965732842,0.277968835879,-0.154996896963,decay
30.86,left,0.432673868608,0.277938055544,-0.154735813064,decay
30.87,left,0.432359707394,0.277907660724,-0.154452046671,decay
30.88,left,0.432025338339,0.277877829306,-0.154147509032,decay
30.89,left,0.431673274352,0.277848734013,-0.153824540339,decay
30.9,left,0.431306511524,0.277820539136,-0.153485972387,decay
30.91,left,0.430928585981,0.277793396966,-0.153135189015,decay
30.92,left,0.430543815586,0.277767443793,-0.152776371793,decay
30.93,left,0.430157609439,0.277742795937,-0.152414813502,decay
30.94,left,0.429776465685,0.277719547351,-0.152056918334,decay
30.95,left,0.429407603556,0.277697770003,-0.151709833553,decay
30.96,left,0.429058470912,0.277677516042,-0.15138095487,decay
30.97,left,0.428736196711,0.277658820064,-0.151077376648,decay
30.98,left,0.428447042263,0.277641700772,-0.150805341491,decay
30.99,left,0.428196104141,0.277626161998,-0.150569942143,decay
31,left,0.42798730056,0.277612193087,-0.150375107474,decay
31.01,left,0.42782341146,0.277599768658,-0.150223642802,decay
31.02,left,0.427706131011,0.277588847744,-0.150117283267,decay
31.03,left,0.427636164838,0.277579372674,-0.150056792164,decay
31.04,left,0.427613223846,0.277571268923,-0.150041954923,decay
31.05,left,0.427635908533,0.277564446839,-0.150071461694,decay
31.06,left,0.427701759989,0.277558804605,-0.150142955383,decay
31.07,left,0.427807589926,0.277554231241,-0.150253358685,decay
31.08,left,0.42794987906,0.277550609218,-0.150399269842,decay
31.09,left,0.428125098746,0.277547816695,-0.150577282051,decay
31.1,left,0.428329973569,0.277545729447,-0.150784244122,decay
31.11,left,0.42856153481,0.277544222552,-0.151017312258,decay
31.12,left,0.428816802625,0.277543171882,-0.151273630743,decay
31.13,left,0.429092373548,0.277542455397,-0.15154991815,decay
31.14,left,0.429384264539,0.277541954073,-0.151842310466,decay
31.15,left,0.42968797978,0.277541552337,-0.152146427443,decay
31.16,left,0.429998743762,0.27754113819,-0.152457605572,decay
31.17,left,0.430311943502,0.277540603254,-0.152771340248,decay
31.18,left,0.430623559849,0.277539842873,-0.153083716975,decay
31.19,left,0.430930273978,0.277538756304,-0.153391517674,decay
31.2,left,0.431229286894,0.277537247025,-0.153692039869,decay
31.21,left,0.431518136645,0.277535223193,-0.153982913453,decay
31.22,left,0.431794645693,0.277532598281,-0.154262047412,decay
31.23,left,0.432056974802,0.277529291834,-0.154527682968,decay
31.24,left,0.432303817039,0.277525230071,-0.154778586968,decay
31.25,left,0.432534638844,0.277520346138,-0.155014292706,decay
31.26,left,0.432749668015,0.277514580215,-0.1552350878,decay
31.27,left,0.432949613904,0.277507879794,-0.15544173411,decay
31.28,left,0.433135396269,0.277500200286,-0.155635195983,decay
31.29,left,0.433307901707,0.277491505991,-0.155816395717,decay
31.3,left,0.433467669998,0.277481771448,-0.15598589855,decay
31.31,left,0.433614657301,0.277470983209,-0.156143674093,decay
31.32,left,0.433748160151,0.277459142058,-0.156289018092,decay
31.33,left,0.433866752734,0.277446265255,-0.156420487479,decay
31.34,left,0.433968254217,0.277432387356,-0.156535866861,decay
31.35,left,0.434049945397,0.277417558534,-0.156632386862,decay
31.36,left,0.434109009385,0.277401841196,-0.156707168189,decay
31.37,left,0.434142993299,0.277385306343,-0.156757686956,decay
31.38,left,0.434150331125,0.277368030246,-0.156782300879,decay
31.39,left,0.434130886877,0.277350091404,-0.156780795473,decay
31.4,left,0.434086017906,0.277331567728,-0.156754450178,decay
31.41,left,0.434017907748,0.277312533881,-0.156705373867,decay
31.42,left,0.433928617032,0.277293058715,-0.156635558317,decay
31.43,left,0.433819267038,0.277273203008,-0.15654606403,decay
31.44,left,0.43368946248,0.277253018306,-0.156436444174,decay
31.45,left,0.433537178198,0.277232547442,-0.156304630757,decay
31.46,left,0.433359219266,0.277211826263,-0.156147393003,decay
31.47,left,0.433151955046,0.27719088571,-0.155961069336,decay
31.48,left,0.432912076246,0.277169753911,-0.155742322334,decay
31.49,left,0.432637376122,0.27714845829,-0.155488917832,decay
31.5,left,0.432327422687,0.277127027701,-0.155200394985,decay
31.51,left,0.431983872656,0.277105494644,-0.154878378012,decay
31.52,left,0.431610490738,0.277083897553,-0.154526593185,decay
31.53,left,0.43121308187,0.27706228293,-0.15415079894,decay
31.54,left,0.430799226134,0.277040706408,-0.153758519726,decay
31.55,left,0.430377720019,0.277019232097,-0.153358487922,decay
31.56,left,0.429958014658,0.276997930691,-0.152960083968,decay
31.57,left,0.429549833104,0.276976877224,-0.15257295588,decay
31.58,left,0.429162817765,0.276956148831,-0.152206668934,decay
31.59,left,0.428806173676,0.276935822471,-0.151870351205,decay
31.6,left,0.428488375614,0.276915972571,-0.151572403043,decay
31.61,left,0.42821681802,0.27689666852,-0.1513201495,decay
31.62,left,0.427997344477,0.276877971978,-0.151119372499,decay
31.63,left,0.427833872755,0.276859934253,-0.150973938502,decay
31.64,left,0.427728268986,0.276842594783,-0.150885674203,decay
31.65,left,0.427680377264,0.276825981474,-0.150854395791,decay
31.66,left,0.427688172508,0.276810112272,-0.150878060236,decay
31.67,left,0.427748129731,0.276794996906,-0.150953132826,decay
31.68,left,0.427855693158,0.276780638338,-0.15107505482,decay
31.69,left,0.428005619407,0.276767033928,-0.151238585479,decay
31.7,left,0.428192315395,0.276754176309,-0.151438139086,decay
31.71,left,0.428410385374,0.276742054008,-0.151668331366,decay
31.72,left,0.428655189375,0.27673065181,-0.151924537565,decay
31.73,left,0.428923139412,0.276719950932,-0.15220318848,decay
31.74,left,0.42921175392,0.2767099292,-0.15250182472,decay
31.75,left,0.429519519003,0.276700561367,-0.152818957636,decay
31.76,left,0.429845590025,0.276691819473,-0.153153770551,decay
31.77,left,0.430189557468,0.276683673089,-0.153505884379,decay
31.78,left,0.430551422776,0.276676089362,-0.153875333414,decay
31.79,left,0.430931567407,0.27666903288,-0.154262534528,decay
31.8,left,0.431330503919,0.27666246535,-0.15466803857,decay
31.81,left,0.43174851334,0.276656345099,-0.15509216824,decay
31.82,left,0.432185227345,0.276650626403,-0.155534600943,decay
31.83,left,0.432639037393,0.276645258816,-0.155993778576,decay
31.84,left,0.433106502996,0.276640187121,-0.156466315875,decay
31.85,left,0.433582186183,0.276635352321,-0.156946833862,decay
31.86,left,0.434059047905,0.276630693385,-0.15742835452,decay
31.87,left,0.434529276508,0.276626149181,-0.157903127328,decay
31.88,left,0.434985402163,0.276621660376,-0.158363741787,decay
31.89,left,0.435421330578,0.27661717134,-0.158804159238,decay
31.9,left,0.435832769956,0.276612632094,-0.159220137862,decay
31.91,left,0.436216913154,0.276608000348,-0.159608912806,decay
31.92,left,0.436571695895,0.276603243668,-0.159968452227,decay
31.93,left,0.436894962391,0.276598341464,-0.160296620927,decay
31.94,left,0.437183821229,0.276593285679,-0.16059053555,decay
31.95,left,0.437434574016,0.27658807936,-0.160846494657,decay
31.96,left,0.437643289504,0.276582733726,-0.161060555779,decay
31.97,left,0.437806529937,0.276577264876,-0.161229265061,decay
31.98,left,0.437921820718,0.276571690568,-0.161350130149,decay
31.99,left,0.437987912637,0.276566027054,-0.161421885583,decay
32,left,0.438004847268,0.276560285916,-0.161444561353,decay
32.01,left,0.437973742027,0.276554470858,-0.161419271168,decay
32.02,left,0.437896516785,0.276548574388,-0.161347942397,decay
32.03,left,0.437775782753,0.276542574749,-0.161233208004,decay
32.04,left,0.437614733395,0.276536434362,-0.161078299032,decay
32.05,left,0.437416920868,0.276530100691,-0.160886820178,decay
32.06,left,0.437186109726,0.276523508843,-0.160662600882,decay
32.07,left,0.436926245622,0.276516584628,-0.160409660994,decay
32.08,left,0.436641318138,0.276509247563,-0.160132070575,decay
32.09,left,0.436335143844,0.276501413883,-0.159833729961,decay
32.1,left,0.436011284594,0.276492999587,-0.159518285006,decay
32.11,left,0.435673022759,0.276483923615,-0.159189099144,decay
32.12,left,0.435323307234,0.276474111213,-0.158849196022,decay
32.13,left,0.434964920186,0.276463497256,-0.15850142293,decay
32.14,left,0.434600898611,0.276452028651,-0.15814886996,decay
32.15,left,0.434234845056,0.276439665144,-0.157795179912,decay
32.16,left,0.433870979491,0.276426379111,-0.15744460038,decay
32.17,left,0.433514058056,0.276412155331,-0.157101902725,decay
32.18,left,0.43316915927,0.276396991157,-0.156772168113,decay
32.19,left,0.432841318499,0.276380897108,-0.156460421391,decay
32.2,left,0.432535179202,0.276363897924,-0.156171281278,decay
32.21,left,0.432254768294,0.276346034058,-0.155908734236,decay
32.22,left,0.432003268031,0.276327363666,-0.155675904366,decay
32.23,left,0.431782782726,0.276307964552,-0.155474818174,decay
32.24,left,0.431594356229,0.276287934493,-0.155306421736,decay
32.25,left,0.431438254552,0.276267388694,-0.155170865858,decay
32.26,left,0.431314228151,0.276246455239,-0.155067772912,decay
32.27,left,0.431221678943,0.276225270125,-0.154996408818,decay
32.28,left,0.431159793281,0.276203972458,-0.154955820823,decay
32.29,left,0.431127523148,0.276182699757,-0.154944823391,decay
32.3,left,0.431123412582,0.276161583273,-0.154961829309,decay
32.31,left,0.431145492128,0.276140743189,-0.155004748938,decay
32.32,left,0.431191295633,0.276120283617,-0.155071012016,decay
32.33,left,0.431257900647,0.276100287915,-0.155157612733,decay
32.34,left,0.431342061,0.276080816252,-0.155261244748,decay
32.35,left,0.431440513362,0.276061906881,-0.155378606482,decay
32.36,left,0.43155026742,0.276043579959,-0.155506687461,decay
32.37,left,0.431668691941,0.276025841884,-0.155642850058,decay
32.38,left,0.431793512957,0.276008689334,-0.155784823623,decay
32.39,left,0.431922783206,0.275992113016,-0.15593067019,decay
32.4,left,0.432054621046,0.275976101158,-0.156078519888,decay
32.41,left,0.432186788362,0.275960642833,-0.156226145529,decay
32.42,left,0.43231648749,0.27594573114,-0.15637075635,decay
32.43,left,0.432440421362,0.275931366033,-0.156509055329,decay
32.44,left,0.432554934158,0.275917555929,-0.15663737823,decay
32.45,left,0.432656282362,0.275904317466,-0.156751964895,decay
32.46,left,0.432741032606,0.275891673907,-0.156849358699,decay
32.47,left,0.432806347769,0.275879653082,-0.156926694688,decay
32.48,left,0.43285008768,0.275868285232,-0.156981802448,decay
32.49,left,0.432870835005,0.275857600727,-0.157013234278,decay
32.5,left,0.432867756555,0.275847627621,-0.157020128934,decay
32.51,left,0.432840178217,0.275838389002,-0.157001789215,decay
32.52,left,0.432787139136,0.275829900085,-0.156957239051,decay
32.53,left,0.432707263536,0.275822165349,-0.156885098188,decay
32.54,left,0.432598922083,0.275815176804,-0.156783745279,decay
32.55,left,0.432460589102,0.275808914183,-0.156651674919,decay
32.56,left,0.4322914105,0.275803346428,-0.156488064072,decay
32.57,left,0.432091740071,0.275798433348,-0.156293306723,decay
32.58,left,0.431863275434,0.275794126999,-0.156069148435,decay
32.59,left,0.431608804428,0.275790372769,-0.15581843166,decay
32.6,left,0.431331815014,0.275787110213,-0.155544704802,decay
32.61,left,0.431036090579,0.275784273655,-0.155251816924,decay
32.62,left,0.430725415055,0.275781792582,-0.154943622473,decay
32.63,left,0.430403575345,0.2757795919,-0.154623983445,decay
32.64,left,0.430074575313,0.275777592217,-0.154296983096,decay
32.65,left,0.429742768213,0.275775710275,-0.153967057938,decay
32.66,left,0.42941288233,0.275773859483,-0.153639022847,decay
32.67,left,0.429090108828,0.275771950435,-0.153318158393,decay
32.68,left,0.42878014375,0.275769891379,-0.153010252371,decay
32.69,left,0.428489010892,0.275767588661,-0.152721422231,decay
32.7,left,0.428222863211,0.275764947183,-0.152457916028,decay
32.71,left,0.427987904426,0.275761870894,-0.152226033532,decay
32.72,left,0.427790237831,0.275758263353,-0.152031974477,decay
32.73,left,0.427635620819,0.275754028387,-0.151881592432,decay
32.74,left,0.427529242612,0.275749070826,-0.151780171786,decay
32.75,left,0.427475362225,0.275743297349,-0.151732064876,decay
32.76,left,0.427476679697,0.275736617468,-0.151740062229,decay
32.77,left,0.427533716334,0.275728944752,-0.151804771582,decay
32.78,left,0.427644489048,0.275720198346,-0.151924290701,decay
32.79,left,0.427804423762,0.275710304819,-0.152094118942,decay
32.8,left,0.428006504103,0.275699200404,-0.152307303699,decay
32.81,left,0.428241860769,0.275686833676,-0.152555027093,decay
32.82,left,0.428500657546,0.275673168738,-0.152827488807,decay
32.83,left,0.428772877628,0.275658188442,-0.153114689186,decay
32.84,left,0.429049019272,0.275641896121,-0.153407123151,decay
32.85,left,0.429320834222,0.275624314649,-0.153696519572,decay
32.86,left,0.429581903515,0.27560548374,-0.153976419774,decay
32.87,left,0.429827895029,0.275585457082,-0.154242437947,decay
32.88,left,0.430056566985,0.275564299955,-0.15449226703,decay
32.89,left,0.430267462937,0.275542087332,-0.154725375605,decay
32.9,left,0.430461273544,0.275518902419,-0.154942371125,decay
32.91,left,0.430639177003,0.275494835584,-0.155144341419,decay
32.92,left,0.430802410931,0.275469983651,-0.15533242728,decay
32.93,left,0.430951901843,0.275444449427,-0.155507452416,decay
32.94,left,0.431087829047,0.275418341154,-0.155669487894,decay
32.95,left,0.431209387964,0.27539177166,-0.155817616304,decay
32.96,left,0.431314895375,0.275364857309,-0.155950038066,decay
32.97,left,0.431402051211,0.275337716994,-0.156064334217,decay
32.98,left,0.431468323399,0.275310471252,-0.156157852147,decay
32.99,left,0.431511506292,0.275283241458,-0.156228264834,decay
33,left,0.431530213435,0.275256149062,-0.156274064372,decay
33.01,left,0.431524157909,0.275229314822,-0.156294843087,decay
33.02,left,0.431494388876,0.275202857985,-0.15629153089,decay
33.03,left,0.431443455942,0.2751768954,-0.156266560542,decay
33.04,left,0.431375243268,0.275151540506,-0.156223702762,decay
33.05,left,0.431294484784,0.275126902197,-0.156167582588,decay
33.06,left,0.431206165488,0.27510308348,-0.156103082008,decay
33.07,left,0.431114815748,0.275080179874,-0.156034635874,decay
33.08,left,0.431023718417,0.275058277485,-0.155965440933,decay
33.09,left,0.430934389627,0.275037450699,-0.155896938927,decay
33.1,left,0.430846628546,0.275017759445,-0.155828869101,decay
33.11,left,0.430758966815,0.274999245949,-0.155759720865,decay
33.12,left,0.430669302401,0.274981930935,-0.155687371466,decay
33.13,left,0.430575699,0.274965809872,-0.155609889128,decay
33.14,left,0.430477115406,0.274950851391,-0.155526264015,decay
33.15,left,0.430373731573,0.274936999438,-0.155436732134,decay
33.16,left,0.43026690897,0.274924177999,-0.155342730972,decay
33.17,left,0.430158939627,0.274912296224,-0.155246643403,decay
33.18,left,0.430052567858,0.274901253148,-0.15515131471,decay
33.19,left,0.429950384828,0.274890942002,-0.155059442827,decay
33.2,left,0.429854349032,0.274881254231,-0.154973094801,decay
33.21,left,0.429765450819,0.274872083297,-0.154893367522,decay
33.22,left,0.429683377664,0.274863328357,-0.154820049307,decay
33.23,left,0.429606338498,0.274854897594,-0.154751440904,decay
33.24,left,0.429531331157,0.274846710361,-0.154684620796,decay
33.25,left,0.429454723024,0.274838697462,-0.154616025562,decay
33.26,left,0.429372829998,0.274830800159,-0.154542029839,decay
33.27,left,0.429282454078,0.274822968858,-0.15445948522,decay
33.28,left,0.42918130707,0.27481516188,-0.154366145191,decay
33.29,left,0.429068061618,0.274807344337,-0.154260717281,decay
33.3,left,0.428942101168,0.274799487115,-0.154142614053,decay
33.31,left,0.428803319302,0.27479156594,-0.154011753362,decay
33.32,left,0.428652061985,0.274783560545,-0.15386850144,decay
33.33,left,0.428489124056,0.274775453905,-0.153713670151,decay
33.34,left,0.428315802761,0.274767231577,-0.153548571185,decay
33.35,left,0.428133959216,0.274758881128,-0.153375078088,decay
33.36,left,0.42794590704,0.274750391647,-0.153195515393,decay
33.37,left,0.42775414935,0.274741753323,-0.153012396027,decay
33.38,left,0.427561240265,0.274732957073,-0.152828283191,decay
33.39,left,0.427369794442,0.274723994218,-0.152645800224,decay
33.4,left,0.427182442268,0.274714856208,-0.15246758606,decay
33.41,left,0.42700182882,0.274705534389,-0.152296294431,decay
33.42,left,0.426830805135,0.274696019814,-0.152134785321,decay
33.43,left,0.426672571297,0.274686303063,-0.151986268234,decay
33.44,left,0.426530576829,0.274676373977,-0.151854202852,decay
33.45,left,0.426408316472,0.274666221232,-0.15174209524,decay
33.46,left,0.426309084548,0.274655831801,-0.151653252746,decay
33.47,left,0.426235674384,0.274645190405,-0.151590483979,decay
33.48,left,0.426190248375,0.274634278978,-0.151555969397,decay
33.49,left,0.426174519297,0.274623076157,-0.151551443141,decay
33.5,left,0.426189914569,0.274611556785,-0.151578357784,decay
33.51,left,0.42623743594,0.274599691431,-0.151637744509,decay
33.52,left,0.42631743734,0.274587445918,-0.151729991422,decay
33.53,left,0.426429507315,0.27457478102,-0.151854726295,decay
33.54,left,0.426572281476,0.274561652814,-0.152010628662,decay
33.55,left,0.426743205516,0.274548014063,-0.152195191453,decay
33.56,left,0.426938497036,0.27453381639,-0.152404680646,decay
33.57,left,0.427153288658,0.274519012783,-0.152634275875,decay
33.58,left,0.427381920524,0.274503560282,-0.152878360243,decay
33.59,left,0.427618598694,0.274487422882,-0.153131175812,decay
33.6,left,0.427858366867,0.274470574711,-0.153387792156,decay
33.61,left,0.428097954698,0.274453003534,-0.153644951164,decay
33.62,left,0.428336245217,0.274434714659,-0.153901530558,decay
33.63,left,0.42857435492,0.274415734705,-0.154158620214,decay
33.64,left,0.428815216874,0.274396113473,-0.154419103402,decay
33.65,left,0.429062630755,0.274375922551,-0.154686708204,decay
33.66,left,0.429320132729,0.274355251687,-0.154964881042,decay
33.67,left,0.429590046796,0.27433420473,-0.155255842066,decay
33.68,left,0.429872751481,0.274312895851,-0.15555985563,decay
33.69,left,0.430166287243,0.274291446029,-0.155874841214,decay
33.7,left,0.430466599682,0.274269979699,-0.156196619983,decay
33.71,left,0.430768270726,0.274248621497,-0.156519649229,decay
33.72,left,0.431065261734,0.274227493014,-0.156837768719,decay
33.73,left,0.431351529407,0.274206709724,-0.157144819683,decay
33.74,left,0.431621578463,0.274186378825,-0.157435199638,decay
33.75,left,0.431870852994,0.274166598517,-0.157704254477,decay
33.76,left,0.432095956552,0.274147458227,-0.157948498325,decay
33.77,left,0.432294892819,0.274129038934,-0.158165853885,decay
33.78,left,0.432467278833,0.274111413219,-0.158355865614,decay
33.79,left,0.432614204043,0.274094645011,-0.158519559032,decay
33.8,left,0.432737753496,0.274078788988,-0.158658964508,decay
33.81,left,0.432840579486,0.274063889624,-0.158776689861,decay
33.82,left,0.432925616765,0.274049979842,-0.158875636923,decay
33.83,left,0.432995798646,0.274037079513,-0.158958719133,decay
33.84,left,0.433053853635,0.274025194625,-0.15902865901,decay
33.85,left,0.433102225463,0.274014317732,-0.159087907731,decay
33.86,left,0.433142889269,0.274004429199,-0.15913846007,decay
33.87,left,0.433177010685,0.273995498406,-0.159181512279,decay
33.88,left,0.433204678944,0.273987484549,-0.159217194395,decay
33.89,left,0.433224852886,0.27398033705,-0.159244515836,decay
33.9,left,0.433235545314,0.273973995568,-0.159261549746,decay
33.91,left,0.433234257658,0.273968389655,-0.159265868003,decay
33.92,left,0.433218476257,0.273963438038,-0.159255038219,decay
33.93,left,0.433185902224,0.273959047824,-0.1592268544,decay
33.94,left,0.433134445503,0.273955114502,-0.159179331002,decay
33.95,left,0.433062352255,0.2739515234,-0.159110828855,decay
33.96,left,0.432968473963,0.273948152173,-0.159020321791,decay
33.97,left,0.432852358176,0.27394487347,-0.158907484706,decay
33.98,left,0.43271418892,0.273941557511,-0.158772631409,decay
33.99,left,0.432554774937,0.273938074592,-0.158616700346,decay
34,left,0.432375486028,0.273934297606,-0.158441188422,decay
34.01,left,0.432178074845,0.273930104648,-0.158247970197,decay
34.02,left,0.431964524359,0.273925381771,-0.158039142588,decay
34.03,left,0.431736847923,0.273920025675,-0.157816822247,decay
34.04,left,0.431496674433,0.273913945451,-0.157582728982,decay
34.05,left,0.431244819273,0.273907062726,-0.157337756548,decay
34.06,left,0.430981164516,0.273899310787,-0.15708185373,decay
34.07,left,0.430704822848,0.273890633642,-0.156814189206,decay
34.08,left,0.430414456198,0.273880985442,-0.156533470756,decay
34.09,left,0.430108818669,0.273870330294,-0.156238488375,decay
34.1,left,0.429787392228,0.273858642474,-0.155928749754,decay
34.11,left,0.429450695392,0.273845907058,-0.155604788334,decay
34.12,left,0.429100199661,0.273832120976,-0.155268078685,decay
34.13,left,0.428738136098,0.273817294196,-0.154920841903,decay
34.14,left,0.428367244202,0.273801450018,-0.154565794184,decay
34.15,left,0.42799047904,0.273784623725,-0.154205855315,decay
34.16,left,0.427610902497,0.273766860141,-0.153844042356,decay
34.17,left,0.427231738598,0.273748211106,-0.153483527492,decay
34.18,left,0.426856335551,0.273728733273,-0.153127602278,decay
34.19,left,0.426488036009,0.273708486192,-0.152779549818,decay
34.2,left,0.426130134079,0.273687530654,-0.152442603425,decay
34.21,left,0.425785902921,0.273665927247,-0.152119975674,decay
34.22,left,0.425458604776,0.273643735088,-0.151814869688,decay
34.23,left,0.425151608566,0.273621010796,-0.15153059777,decay
34.24,left,0.424868636575,0.273597807984,-0.15127082859,decay
34.25,left,0.424613774603,0.273574177504,-0.151039597099,decay
34.26,left,0.424391048759,0.273550168225,-0.150840880534,decay
34.27,left,0.424203839166,0.273525828045,-0.15067801112,decay
34.28,left,0.42405436024,0.273501204992,-0.150553155248,decay
34.29,left,0.423943315546,0.273476348404,-0.150466967142,decay
34.3,left,0.42386998162,0.273451310213,-0.150418671407,decay
34.31,left,0.423832765805,0.273426146313,-0.150406619492,decay
34.32,left,0.423829831603,0.273400918054,-0.150428913549,decay
34.33,left,0.423859441884,0.273375693637,-0.150483748247,decay
34.34,left,0.423920022948,0.273350548835,-0.150569474113,decay
34.35,left,0.424010000577,0.273325566537,-0.150684434041,decay
34.36,left,0.424127452747,0.273300835472,-0.150826617275,decay
34.37,left,0.424269872332,0.27327644869,-0.150993423642,decay
34.38,left,0.424434299904,0.273252502026,-0.151181797878,decay
34.39,left,0.424617615733,0.273229092524,-0.151388523209,decay
34.4,left,0.424816712548,0.273206316768,-0.15161039578,decay
34.41,left,0.425028687134,0.27318426907,-0.151844418065,decay
34.42,left,0.425251142376,0.273163039464,-0.152088102913,decay
34.43,left,0.425482297993,0.273142711667,-0.152339586327,decay
34.44,left,0.425720751403,0.273123361633,-0.15259738977,decay
34.45,left,0.425965081427,0.273105057173,-0.152860024255,decay
34.46,left,0.426213482046,0.273087858211,-0.153125623835,decay
34.47,left,0.426463593429,0.273071816981,-0.153391776448,decay
34.48,left,0.426712721131,0.273056977841,-0.15365574329,decay
34.49,left,0.426958353876,0.273043376671,-0.153914977206,decay
34.5,left,0.427198558671,0.273031039841,-0.154167518831,decay
34.51,left,0.427432031867,0.273019982711,-0.154412049156,decay
34.52,left,0.427658015226,0.273010207643,-0.154647807583,decay
34.53,left,0.427876181311,0.273001701873,-0.154874479438,decay
34.54,left,0.428086372488,0.272994436425,-0.155091936063,decay
34.55,left,0.428288332861,0.272988366956,-0.155299965905,decay
34.56,left,0.428481610376,0.272983435864,-0.155498174512,decay
34.57,left,0.428665440341,0.272979574452,-0.155685865889,decay
34.58,left,0.428838503319,0.27297670467,-0.15586179865,decay
34.59,left,0.428998781981,0.27297474044,-0.156024041541,decay
34.6,left,0.429143626176,0.272973588611,-0.156170037566,decay
34.61,left,0.429269986809,0.272973149561,-0.156296837248,decay
34.62,left,0.42937490771,0.272973317513,-0.156401590197,decay
34.63,left,0.429456243067,0.272973980734,-0.156482262334,decay
34.64,left,0.429513217488,0.272975022245,-0.156538195243,decay
34.65,left,0.429546557146,0.272976321485,-0.156570235661,decay
34.66,left,0.42955836401,0.272977756668,-0.156580607342,decay
34.67,left,0.429551903598,0.272979207314,-0.156572696284,decay
34.68,left,0.429531235087,0.272980556791,-0.156550678296,decay
34.69,left,0.429500753218,0.272981694912,-0.156519058306,decay
34.7,left,0.429464823906,0.27298252066,-0.156482303246,decay
34.71,left,0.429427451128,0.272982945107,-0.156444506021,decay
34.72,left,0.429391913147,0.272982894607,-0.15640901854,decay
34.73,left,0.429360548573,0.272982313851,-0.156378234722,decay
34.74,left,0.429334711484,0.272981167355,-0.156353544129,decay
34.75,left,0.429314677786,0.272979438311,-0.156335239475,decay
34.76,left,0.429299477581,0.272977125633,-0.156322351948,decay
34.77,left,0.429286759102,0.272974240707,-0.156312518395,decay
34.78,left,0.429272632556,0.272970804427,-0.156301828129,decay
34.79,left,0.429251527139,0.272966844534,-0.156284682605,decay
34.8,left,0.42921644029,0.272962393191,-0.1562540471,decay
34.81,left,0.429159859587,0.272957484765,-0.156202374822,decay
34.82,left,0.429075060476,0.272952153772,-0.156122906704,decay
34.83,left,0.428957290183,0.272946433033,-0.156010857151,decay
34.84,left,0.428804591886,0.27294035236,-0.155864239526,decay
34.85,left,0.428618046346,0.272933937967,-0.15568410838,decay
34.86,left,0.428401271459,0.272927212415,-0.155474059043,decay
34.87,left,0.42815946706,0.272920194738,-0.155239272322,decay
34.88,left,0.427898477667,0.272912900595,-0.154985577071,decay
34.89,left,0.427624058943,0.272905342457,-0.154718716486,decay
34.9,left,0.427341390437,0.272897529798,-0.154443860639,decay
34.91,left,0.427054913261,0.272889469315,-0.154165443946,decay
34.92,left,0.42676838933,0.272881165166,-0.153887224164,decay
34.93,left,0.426484909908,0.272872619182,-0.153612290726,decay
34.94,left,0.426206791163,0.272863830922,-0.15334296024,decay
34.95,left,0.425935497707,0.272854797462,-0.153080700245,decay
34.96,left,0.425671601095,0.272845512985,-0.15282608811,decay
34.97,left,0.425414789819,0.272835968338,-0.152578821481,decay
34.98,left,0.42516416489,0.272826150581,-0.152338014309,decay
34.99,left,0.424918840367,0.272816042547,-0.15210279782,decay
35,left,0.424678481099,0.272805622404,-0.151872858695,decay
35.01,left,0.424443558144,0.272794863217,-0.151648694927,decay
35.02,left,0.424215361097,0.272783732508,-0.151431628589,decay
35.03,left,0.423995749846,0.272772191984,-0.151223557862,decay
35.04,left,0.423786732222,0.272760197999,-0.151026534224,decay
35.05,left,0.423590188117,0.272747703157,-0.15084248496,decay
35.06,left,0.423407884435,0.272734658797,-0.150673225638,decay
35.07,left,0.423241564126,0.272721017831,-0.150520546296,decay
35.08,left,0.423092972742,0.272706737767,-0.150386234975,decay
35.09,left,0.422963986337,0.272691783959,-0.150272202378,decay
35.1,left,0.422856856935,0.272676133136,-0.150180723799,decay
35.11,left,0.422774344876,0.272659777282,-0.150114567594,decay
35.12,left,0.422719710309,0.272642727931,-0.150076982377,decay
35.13,left,0.42269661859,0.2726250202,-0.15007159839,decay
35.14,left,0.422708808055,0.272606714277,-0.150102093778,decay
35.15,left,0.422759543268,0.27258789263,-0.150171650637,decay
35.16,left,0.422851116273,0.272568654218,-0.150282462055,decay
35.17,left,0.422984384278,0.272549107999,-0.150435276279,decay
35.18,left,0.423158166149,0.272529366623,-0.150628799526,decay
35.19,left,0.423368681137,0.272509540255,-0.150859140881,decay
35.2,left,0.42360940455,0.272489730419,-0.151119674131,decay
35.21,left,0.42387142685,0.272470023709,-0.151401403141,decay
35.22,left,0.424144297123,0.27245048528,-0.151693811843,decay
35.23,left,0.424417454258,0.272431152799,-0.151986301459,decay
35.24,left,0.424681952106,0.272412033368,-0.152269918738,decay
35.25,left,0.424931680441,0.272393105317,-0.152538575124,decay
35.26,left,0.425163632143,0.272374323385,-0.152789308758,decay
35.27,left,0.42537738915,0.27235562471,-0.15302176444,decay
35.28,left,0.425574088998,0.272336934583,-0.153237154416,decay
35.29,left,0.42575518933,0.272318171998,-0.153437017332,decay
35.3,left,0.425921540184,0.272299255108,-0.153622285076,decay
35.31,left,0.426072986082,0.272280106672,-0.15379287941,decay
35.32,left,0.426208286596,0.272260659629,-0.153947626968,decay
35.33,left,0.426325228379,0.27224086236,-0.154084366019,decay
35.34,left,0.426420945355,0.272220682156,-0.154200263199,decay
35.35,left,0.426492300539,0.272200105735,-0.154292194804,decay
35.36,left,0.426536198702,0.272179137754,-0.154357060948,decay
35.37,left,0.426549938011,0.272157798956,-0.154392139055,decay
35.38,left,0.426531595262,0.272136124613,-0.15439547065,decay
35.39,left,0.426480167652,0.272114163287,-0.154366004365,decay
35.4,left,0.426395470878,0.272091975893,-0.154303494985,decay
35.41,left,0.426278140391,0.272069635021,-0.154208505371,decay
35.42,left,0.426129776853,0.272047224503,-0.15408255235,decay
35.43,left,0.425953041864,0.272024839028,-0.153928202835,decay
35.44,left,0.425751763612,0.272002583248,-0.153749180364,decay
35.45,left,0.425531065132,0.271980569941,-0.153550495191,decay
35.46,left,0.42529724119,0.271958917491,-0.153338323699,decay
35.47,left,0.425057298655,0.27193774714,-0.153119551515,decay
35.48,left,0.424818429464,0.271917180178,-0.152901249286,decay
35.49,left,0.4245876168,0.27189733502,-0.15269028178,decay
35.5,left,0.424371363507,0.271878324073,-0.152493039434,decay
35.51,left,0.424175589406,0.271860250337,-0.152315339069,decay
35.52,left,0.424005758586,0.271843203646,-0.15216255494,decay
35.53,left,0.423867049956,0.27182725692,-0.152039793036,decay
35.54,left,0.423764373402,0.271812463809,-0.151951909593,decay
35.55,left,0.423702283158,0.271798858728,-0.15190342443,decay
35.56,left,0.423684768242,0.271786458461,-0.151898309781,decay
35.57,left,0.423714760434,0.271775263865,-0.15193949657,decay
35.58,left,0.423793500248,0.27176526106,-0.152028239188,decay
35.59,left,0.423920124678,0.27175642209,-0.152163702588,decay
35.6,left,0.424091601598,0.271748705062,-0.152342896537,decay
35.61,left,0.424302966068,0.271742053765,-0.152560912303,decay
35.62,left,0.424547866001,0.271736396795,-0.152811469206,decay
35.63,left,0.424819257317,0.271731646564,-0.153087610753,decay
35.64,left,0.425109880782,0.271727699501,-0.153382181281,decay
35.65,left,0.425412439119,0.2717244384,-0.15368800072,decay
35.66,left,0.425719748199,0.271721736267,-0.153998011932,decay
35.67,left,0.426024919191,0.271719460427,-0.154305458763,decay
35.68,left,0.426321421292,0.271717476451,-0.154603944841,decay
35.69,left,0.426603159414,0.271715651939,-0.154887507475,decay
35.7,left,0.426864724782,0.271713860276,-0.155150864507,decay
35.71,left,0.427101595689,0.271711984422,-0.155389611267,decay
35.72,left,0.42731012033,0.271709920862,-0.155600199468,decay
35.73,left,0.42748744641,0.271707583298,-0.155779863112,decay
35.74,left,0.42763151146,0.271704904705,-0.155926606755,decay
35.75,left,0.427741085652,0.271701836685,-0.156039248967,decay
35.76,left,0.427815956068,0.271698346964,-0.156117609104,decay
35.77,left,0.427857220548,0.271694416558,-0.15616280399,decay
35.78,left,0.427867338828,0.271690037202,-0.156177301627,decay
35.79,left,0.427849780567,0.271685209051,-0.156164571516,decay
35.8,left,0.427808615223,0.27167993864,-0.156128676582,decay
35.81,left,0.42774825001,0.271674237045,-0.156074012966,decay
35.82,left,0.427673146951,0.27166811823,-0.156005028721,decay
35.83,left,0.427587589499,0.27166159764,-0.155925991859,decay
35.84,left,0.42749575144,0.271654691242,-0.155841060198,decay
35.85,left,0.427401930537,0.271647415219,-0.155754515318,decay
35.86,left,0.42731065113,0.271639786135,-0.155670864994,decay
35.87,left,0.42722661864,0.271631821328,-0.155594797312,decay
35.88,left,0.42715454172,0.271623539403,-0.155531002317,decay
35.89,left,0.427098750722,0.271614960836,-0.155483789886,decay
35.9,left,0.427062777941,0.271606108685,-0.155456669257,decay
35.91,left,0.427049181581,0.271597009417,-0.155452172164,decay
35.92,left,0.427059601005,0.271587693861,-0.155471907144,decay
35.93,left,0.427094859152,0.271578198091,-0.155516661061,decay
35.94,left,0.427155078234,0.271568563683,-0.155586514551,decay
35.95,left,0.427239751784,0.271558836873,-0.15568091491,decay
35.96,left,0.427347545959,0.271549066941,-0.155798479018,decay
35.97,left,0.4274758856,0.271539304393,-0.155936581207,decay
35.98,left,0.427620746051,0.271529599158,-0.156091146893,decay
35.99,left,0.427776794386,0.271519998761,-0.156256795624,decay
36,left,0.427937713599,0.271510546457,-0.156427167142,decay
36.01,left,0.428096733753,0.271501279264,-0.156595454489,decay
36.02,left,0.428247403459,0.27149222586,-0.156755177599,decay
36.03,left,0.428384337609,0.271483404587,-0.156900933022,decay
36.04,left,0.428503670941,0.271474822378,-0.157028848563,decay
36.05,left,0.428603152807,0.271466475249,-0.157136677558,decay
36.06,left,0.428681873908,0.271458349861,-0.157223524047,decay
36.07,left,0.428739679763,0.271450425276,-0.157289254487,decay
36.08,left,0.428776613015,0.271442674571,-0.157333938444,decay
36.09,left,0.428792764963,0.271435066307,-0.157357698656,decay
36.1,left,0.428788431558,0.271427565879,-0.157360865679,decay
36.11,left,0.428764263225,0.271420136787,-0.157344126438,decay
36.12,left,0.428721413738,0.271412741844,-0.157308671894,decay
36.13,left,0.428661722488,0.27140534423,-0.157256378258,decay
36.14,left,0.428587771838,0.271397908019,-0.157189863819,decay
36.15,left,0.428502843384,0.271390397894,-0.157112445491,decay
36.16,left,0.428410880057,0.271382778289,-0.157028101768,decay
36.17,left,0.428316256602,0.271375012357,-0.156941244245,decay
36.18,left,0.428223213375,0.271367060937,-0.156856152438,decay
36.19,left,0.428135221395,0.271358881511,-0.156776339884,decay
36.2,left,0.42805455431,0.271350427169,-0.156704127141,decay
36.21,left,0.427982039173,0.271341645548,-0.156640393625,decay
36.22,left,0.427917022491,0.271332477763,-0.156584544728,decay
36.23,left,0.427857767322,0.271322857509,-0.156534909813,decay
36.24,left,0.427802109355,0.271312710924,-0.15648939843,decay
36.25,left,0.427747917554,0.271301957689,-0.156445959865,decay
36.26,left,0.427693370074,0.271290513046,-0.156402857028,decay
36.27,left,0.427637296139,0.27127829018,-0.156359005959,decay
36.28,left,0.427579501934,0.271265202763,-0.156314299171,decay
36.29,left,0.427520963072,0.271251167699,-0.156269795373,decay
36.3,left,0.42746391597,0.271236108141,-0.15622780783,decay
36.31,left,0.427411711812,0.271219956842,-0.156191754971,decay
36.32,left,0.427368310266,0.271202659917,-0.156165650349,decay
36.33,left,0.42733762066,0.271184180603,-0.156153440057,decay
36.34,left,0.427322878178,0.271164501565,-0.156158376612,decay
36.35,left,0.427325909671,0.271143624657,-0.156182285014,decay
36.36,left,0.427346256214,0.271121569009,-0.156224687205,decay
36.37,left,0.427380615023,0.271098368976,-0.156282246047,decay
36.38,left,0.427422981219,0.27107407258,-0.156348908639,decay
36.39,left,0.427465325709,0.271048740443,-0.156416585265,decay
36.4,left,0.427498578537,0.271022445202,-0.156476133336,decay
36.41,left,0.427513806506,0.270995271372,-0.156518535135,decay
36.42,left,0.427503298673,0.270967315641,-0.156535983032,decay
36.43,left,0.427461362591,0.270938687289,-0.156522675301,decay
36.44,left,0.42738495404,0.27090950783,-0.15647544621,decay
36.45,left,0.427274078467,0.270879909168,-0.156394169298,decay
36.46,left,0.427131623036,0.270850030728,-0.156281592308,decay
36.47,left,0.426962645919,0.270820016391,-0.156142629528,decay
36.48,left,0.42677351172,0.270790011546,-0.155983500174,decay
36.49,left,0.426571004439,0.270760160189,-0.15581084425,decay
36.5,left,0.426361425797,0.270730602011,-0.155630823785,decay
36.51,left,0.426150049199,0.270701469367,-0.155448579832,decay
36.52,left,0.425941246868,0.270672884062,-0.155268362806,decay
36.53,left,0.425739021623,0.270644954274,-0.155094067348,decay
36.54,left,0.425547561442,0.270617772809,-0.154929788633,decay
36.55,left,0.425371736779,0.270591417591,-0.154780319188,decay
36.56,left,0.425217360144,0.270565953645,-0.154651406499,decay
36.57,left,0.425090935796,0.270541435262,-0.154549500534,decay
36.58,left,0.424999028717,0.270517907815,-0.154481120901,decay
36.59,left,0.424947501696,0.270495409195,-0.154452092501,decay
36.6,left,0.424940612691,0.270473970882,-0.154466641809,decay
36.61,left,0.424980138154,0.270453618653,-0.154526519501,decay
36.62,left,0.425064972674,0.27043437294,-0.154630599735,decay
36.63,left,0.425191359078,0.270416249004,-0.154775110073,decay
36.64,left,0.42535347494,0.270399257525,-0.154954217415,decay
36.65,left,0.425544157484,0.270383406015,-0.155160751469,decay
36.66,left,0.425755689045,0.270368700775,-0.155386988271,decay
36.67,left,0.425980391052,0.270355148803,-0.155625242249,decay
36.68,left,0.426210859325,0.270342759453,-0.155868099871,decay
36.69,left,0.426440106763,0.270331545836,-0.156108560927,decay
36.7,left,0.426661880864,0.270321525985,-0.156340354879,decay
36.71,left,0.426871075059,0.270312723814,-0.156558351245,decay
36.72,left,0.427064130737,0.270305169852,-0.156758960885,decay
36.73,left,0.427239390778,0.270298901571,-0.156940489207,decay
36.74,left,0.427397162353,0.270293962608,-0.157103199745,decay
36.75,left,0.427539303135,0.270290400351,-0.157248902784,decay
36.76,left,0.427668517444,0.270288262239,-0.157380255205,decay
36.77,left,0.427787558483,0.270287591394,-0.157499967088,decay
36.78,left,0.427898305858,0.270288421812,-0.157609884047,decay
36.79,left,0.428000902114,0.270290773027,-0.157710129087,decay
36.8,left,0.428093495957,0.270294644185,-0.157798851772,decay
36.81,left,0.428172810458,0.270300007397,-0.157872803061,decay
36.82,left,0.428235144831,0.270306800301,-0.15792834453,decay
36.83,left,0.428277396254,0.270314918882,-0.157962477372,decay
36.84,left,0.428297820369,0.270324214197,-0.157973606172,decay
36.85,left,0.428296221362,0.270334495751,-0.157961725611,decay
36.86,left,0.428273607255,0.270345539495,-0.15792806776,decay
36.87,left,0.428231705864,0.270357096771,-0.157874609092,decay
36.88,left,0.428172476924,0.270368902817,-0.157803574107,decay
36.89,left,0.428097530313,0.270380684877,-0.157716845436,decay
36.9,left,0.428007704046,0.270392170134,-0.157615533912,decay
36.91,left,0.427903189986,0.270403093643,-0.157500096343,decay
36.92,left,0.427784103699,0.27041320646,-0.157370897238,decay
36.93,left,0.427651138731,0.27042228336,-0.157228855371,decay
36.94,left,0.427506213191,0.270430127801,-0.15707608539,decay
36.95,left,0.42735299868,0.270436572384,-0.156916426296,decay
36.96,left,0.427196997119,0.270441476304,-0.156755520815,decay
36.97,left,0.427045104288,0.270444722399,-0.156600381889,decay
36.98,left,0.426904891756,0.270446214876,-0.15645867688,decay
36.99,left,0.426783676062,0.270445877781,-0.156337798281,decay
37,left,0.426687525341,0.270443654236,-0.156243871105,decay
37.01,left,0.4266206833,0.270439506429,-0.156181176871,decay
37.02,left,0.426585607672,0.270433416379,-0.156152191292,decay
37.03,left,0.426583286204,0.27042538708,-0.156157899124,decay
37.04,left,0.426613547805,0.27041544272,-0.156198105085,decay
37.05,left,0.426675326696,0.270403627004,-0.156271699692,decay
37.06,left,0.426766769644,0.270390000283,-0.156376769361,decay
37.07,left,0.426885132683,0.270374636812,-0.15651049587,decay
37.08,left,0.427026720668,0.270357622638,-0.15666909803,decay
37.09,left,0.427187062556,0.270339054101,-0.156848008455,decay
37.1,left,0.427361135892,0.270319036922,-0.15704209897,decay
37.11,left,0.427543525216,0.270297685829,-0.157245839388,decay
37.12,left,0.427728673226,0.270275124685,-0.157453548541,decay
37.13,left,0.427911136383,0.270251486852,-0.157659649531,decay
37.14,left,0.428085560735,0.270226914988,-0.157858645746,decay
37.15,left,0.428246457928,0.270201559659,-0.158044898269,decay
37.16,left,0.428388057205,0.270175577156,-0.158212480049,decay
37.17,left,0.428504358244,0.27014912724,-0.158355231004,decay
37.18,left,0.428589518784,0.270122371071,-0.158467147712,decay
37.19,left,0.428638672449,0.270095469278,-0.158543203171,decay
37.2,left,0.428648921957,0.270068580097,-0.15858034186,decay
37.21,left,0.428620021312,0.270041857504,-0.158578163808,decay
37.22,left,0.428554527356,0.270015449289,-0.158539078067,decay
37.23,left,0.42845754013,0.269989495118,-0.158468045012,decay
37.24,left,0.428336047827,0.269964124996,-0.158371922831,decay
37.25,left,0.428197867612,0.269939458376,-0.158258409236,decay
37.26,left,0.428050532548,0.269915603634,-0.158134928914,decay
37.27,left,0.427900476677,0.269892657396,-0.158007819281,decay
37.28,left,0.427752544494,0.269870703496,-0.157881840997,decay
37.29,left,0.427609859322,0.269849811498,-0.157760047824,decay
37.3,left,0.42747409414,0.269830034745,-0.157644059395,decay
37.31,left,0.427345876205,0.269811407889,-0.157534468316,decay
37.32,left,0.427225038858,0.269793943839,-0.15743109502,decay
37.33,left,0.427110797461,0.269777630753,-0.157333166708,decay
37.34,left,0.427001966399,0.269762431115,-0.157239535284,decay
37.35,left,0.426897106656,0.269748284441,-0.157148822215,decay
37.36,left,0.426794647546,0.269735112491,-0.157059535055,decay
37.37,left,0.426693251156,0.269722824904,-0.156970426253,decay
37.38,left,0.42659231444,0.269711324468,-0.156880989972,decay
37.39,left,0.426492184193,0.269700512067,-0.156791672126,decay
37.4,left,0.426394038701,0.269690291392,-0.156703747309,decay
37.41,left,0.426299627225,0.269680573528,-0.156619053697,decay
37.42,left,0.426210833654,0.269671281508,-0.156539552146,decay
37.43,left,0.426129121382,0.269662354443,-0.156466766939,decay
37.44,left,0.426055151543,0.269653749817,-0.156401401726,decay
37.45,left,0.42598863552,0.26964544287,-0.15634319265,decay
37.46,left,0.425928284642,0.269637423922,-0.156290860719,decay
37.47,left,0.425871938264,0.269629695167,-0.156242243097,decay
37.48,left,0.425816989633,0.269622267523,-0.15619472211,decay
37.49,left,0.425760873921,0.269615157554,-0.156145716368,decay
37.5,left,0.425701281538,0.269608384397,-0.156092897141,decay
37.51,left,0.425636132902,0.269601966656,-0.156034166246,decay
37.52,left,0.425563499207,0.2695959192,-0.155967580007,decay
37.53,left,0.425481497686,0.269590250065,-0.155891247621,decay
37.54,left,0.425388312397,0.269584958198,-0.155803354199,decay
37.55,left,0.425282490512,0.269580032596,-0.155702457916,decay
37.56,left,0.425163258871,0.269575452374,-0.155587806497,decay
37.57,left,0.425030626188,0.269571186949,-0.155459439238,decay
37.58,left,0.424885451242,0.269567196017,-0.155318255225,decay
37.59,left,0.424729580506,0.269563429292,-0.155166151214,decay
37.6,left,0.4245658582,0.269559826025,-0.155006032176,decay
37.61,left,0.424397952902,0.269556314294,-0.154841638609,decay
37.62,left,0.424230128892,0.269552810083,-0.154677318809,decay
37.63,left,0.42406691677,0.269549216523,-0.154517700247,decay
37.64,left,0.423912583432,0.269545424479,-0.154367158953,decay
37.65,left,0.423770628916,0.2695413154,-0.154229313516,decay
37.66,left,0.423643593691,0.269536765837,-0.154106827854,decay
37.67,left,0.423533058381,0.269531652504,-0.154001405878,decay
37.68,left,0.42343969773,0.269525857496,-0.153913840234,decay
37.69,left,0.423363526803,0.269519273738,-0.153844253066,decay
37.7,left,0.423304229025,0.269511810768,-0.153792418257,decay
37.71,left,0.423261193761,0.269503400989,-0.153757792772,decay
37.72,left,0.423233293387,0.269494006496,-0.153739286891,decay
37.73,left,0.423218759304,0.26948362557,-0.153735133734,decay
37.74,left,0.423215272252,0.269472295678,-0.153742976574,decay
37.75,left,0.423220192732,0.269460090607,-0.153760102125,decay
37.76,left,0.423230885995,0.269447113512,-0.153783772483,decay
37.77,left,0.423244948447,0.269433489144,-0.153811459303,decay
37.78,left,0.423260108533,0.269419356491,-0.153840752042,decay
37.79,left,0.423274008891,0.269404861814,-0.153869147077,decay
37.8,left,0.423284323365,0.269390151913,-0.153894171452,decay
37.81,left,0.423289237638,0.269375367508,-0.153913870129,decay
37.82,left,0.423288032474,0.269360636564,-0.15392739591,decay
37.83,left,0.423281703144,0.269346068096,-0.153935635048,decay
37.84,left,0.423273461126,0.269331748342,-0.153941712784,decay
37.85,left,0.423268721975,0.269317740744,-0.153950981231,decay
37.86,left,0.423274487647,0.269304088554,-0.153970399093,decay
37.87,left,0.423298393071,0.269290817986,-0.154007575085,decay
37.88,left,0.423347549387,0.269277941085,-0.154069608302,decay
37.89,left,0.423427312919,0.269265458271,-0.154161854648,decay
37.9,left,0.423540435597,0.269253360605,-0.154287074992,decay
37.91,left,0.423686915655,0.269241631811,-0.154445283844,decay
37.92,left,0.423864337797,0.269230250076,-0.154634087721,decay
37.93,left,0.424068412691,0.269219189661,-0.15484922303,decay
37.94,left,0.4242936459,0.269208422283,-0.155085223617,decay
37.95,left,0.424533951843,0.269197918262,-0.155336033581,decay
37.96,left,0.424782989767,0.269187647485,-0.155595342282,decay
37.97,left,0.425034404136,0.269177580274,-0.155856823862,decay
37.98,left,0.425282223502,0.269167688196,-0.156114535306,decay
37.99,left,0.425521267773,0.269157944844,-0.156363322929,decay
38,left,0.425747381594,0.269148326609,-0.156599054985,decay
38.01,left,0.425957542737,0.26913881345,-0.156818729287,decay
38.02,left,0.426149801417,0.269129389699,-0.157020411718,decay
38.03,left,0.426322968433,0.269120044779,-0.157202923654,decay
38.04,left,0.426476264206,0.269110773491,-0.157365490716,decay
38.05,left,0.426609224871,0.269101575585,-0.157507649286,decay
38.06,left,0.426721872897,0.269092454833,-0.157629418064,decay
38.07,left,0.426815014611,0.269083417966,-0.157731596645,decay
38.08,left,0.426890625414,0.269074473633,-0.157816151781,decay
38.09,left,0.426952088646,0.269065631361,-0.157886457286,decay
38.1,left,0.427003823201,0.269056900512,-0.15794692269,decay
38.11,left,0.427050334147,0.269048289208,-0.158002044939,decay
38.12,left,0.427095293485,0.26903980321,-0.158055490275,decay
38.13,left,0.427141045053,0.269031444797,-0.158109600255,decay
38.14,left,0.427188513133,0.269023211833,-0.1581653013,decay
38.15,left,0.427237413257,0.269015097163,-0.158222316094,decay
38.16,left,0.427286586885,0.269007088221,-0.158279498664,decay
38.17,left,0.427334225382,0.268999166603,-0.158335058779,decay
38.18,left,0.427378063203,0.268991307547,-0.158386755656,decay
38.19,left,0.427415845134,0.268983479279,-0.158432365856,decay
38.2,left,0.42744602874,0.268975642233,-0.158470386507,decay
38.21,left,0.427468391312,0.268967748151,-0.158500643161,decay
38.22,left,0.427484404983,0.268959739031,-0.158524665951,decay
38.23,left,0.427497318683,0.268951546213,-0.15854577247,decay
38.24,left,0.427511722569,0.268943090375,-0.158568632194,decay
38.25,left,0.427532636967,0.268934283089,-0.158598353878,decay
38.26,left,0.427564566762,0.2689250295,-0.158639537262,decay
38.27,left,0.427610762549,0.268915231375,-0.158695531174,decay
38.28,left,0.427672637698,0.268904790227,-0.158767847471,decay
38.29,left,0.427749460097,0.268893610589,-0.158855849507,decay
38.3,left,0.427838471325,0.268881603481,-0.158956867844,decay
38.31,left,0.427935271491,0.268868690177,-0.159066581314,decay
38.32,left,0.428034318482,0.268854806335,-0.159179512148,decay
38.33,left,0.428129594508,0.268839906027,-0.159289688481,decay
38.34,left,0.428215308458,0.268823964006,-0.159391344452,decay
38.35,left,0.428286336529,0.268806974947,-0.159479361582,decay
38.36,left,0.428338438778,0.268788950668,-0.15954948811,decay
38.37,left,0.42836852257,0.268769917063,-0.159598605506,decay
38.38,left,0.428374870361,0.268749911469,-0.159624958892,decay
38.39,left,0.428357105047,0.268728980456,-0.15962812459,decay
38.4,left,0.428316012706,0.268707178017,-0.159608834689,decay
38.41,left,0.42825331662,0.268684564098,-0.159568752522,decay
38.42,left,0.428171287602,0.268661203452,-0.159510084151,decay
38.43,left,0.428072336215,0.268637164733,-0.159435171482,decay
38.44,left,0.427958837352,0.26861251972,-0.159346317633,decay
38.45,left,0.427833078484,0.268587342558,-0.159245735926,decay
38.46,left,0.427697183851,0.268561709051,-0.159135474799,decay
38.47,left,0.427553141572,0.26853569607,-0.159017445503,decay
38.48,left,0.427402933577,0.268509381082,-0.158893552495,decay
38.49,left,0.42724848314,0.268482841795,-0.158765641345,decay
38.5,left,0.427091389464,0.268456155877,-0.158635233588,decay
38.51,left,0.426932842545,0.268429400728,-0.158503441817,decay
38.52,left,0.42677391555,0.268402653292,-0.158371262258,decay
38.53,left,0.426616022498,0.268375989903,-0.158240032595,decay
38.54,left,0.4264613463,0.268349486247,-0.158111860052,decay
38.55,left,0.426313065069,0.268323217487,-0.157989847582,decay
38.56,left,0.426175113463,0.268297258479,-0.157877854984,decay
38.57,left,0.426051544713,0.268271683972,-0.157779860741,decay
38.58,left,0.425945938745,0.268246568727,-0.157699370018,decay
38.59,left,0.425861085946,0.268221987539,-0.157639098407,decay
38.6,left,0.425798879272,0.268198015153,-0.157600864119,decay
38.61,left,0.425760418117,0.26817472603,-0.157585692087,decay
38.62,left,0.425746281237,0.26815219397,-0.157594087267,decay
38.63,left,0.42575669185,0.268130491565,-0.157626200285,decay
38.64,left,0.425791431089,0.268109689541,-0.157681741548,decay
38.65,left,0.425849752923,0.268089856007,-0.157759896916,decay
38.66,left,0.425930495323,0.26807105554,-0.157859439783,decay
38.67,left,0.426032243294,0.268053348012,-0.157978895281,decay
38.68,left,0.426153523239,0.268036787074,-0.158116736165,decay
38.69,left,0.426293172526,0.268021418271,-0.158271754255,decay
38.7,left,0.426450685631,0.268007276747,-0.158443408884,decay
38.71,left,0.426626223685,0.267994384477,-0.158631839208,decay
38.72,left,0.426820393039,0.267982746987,-0.158837646053,decay
38.73,left,0.427034005835,0.267972350054,-0.15906165578,decay
38.74,left,0.42726776012,0.26796315808,-0.159304602041,decay
38.75,left,0.42752182551,0.267955115394,-0.159566710115,decay
38.76,left,0.427795482726,0.267948149556,-0.15984733317,decay
38.77,left,0.428086820093,0.267942174891,-0.160144645202,decay
38.78,left,0.428392499923,0.267937095625,-0.160455404297,decay
38.79,left,0.428707884189,0.267932808601,-0.160775075588,decay
38.8,left,0.429027633491,0.267929205653,-0.161098427837,decay
38.81,left,0.429346353967,0.26792617571,-0.161420178257,decay
38.82,left,0.429658946725,0.267923606672,-0.161735340053,decay
38.83,left,0.429960801256,0.26792138704,-0.162039414216,decay
38.84,left,0.430247901538,0.26791940706,-0.162328494477,decay
38.85,left,0.430516715994,0.267917559214,-0.16259915678,decay
38.86,left,0.430764019806,0.267915738253,-0.162848281553,decay
38.87,left,0.430986849547,0.267913841107,-0.16307300844,decay
38.88,left,0.431182452731,0.267911766805,-0.163270685926,decay
38.89,left,0.431348159064,0.267909416452,-0.163438742611,decay
38.9,left,0.431481379811,0.267906693284,-0.163574686527,decay
38.91,left,0.43157974764,0.267903502818,-0.163676244822,decay
38.92,left,0.431641142313,0.267899753143,-0.16374138917,decay
38.93,left,0.431663591535,0.267895355338,-0.163768236197,decay
38.94,left,0.43164528584,0.267890223982,-0.163755061857,decay
38.95,left,0.431584719963,0.267884277726,-0.163700442237,decay
38.96,left,0.431480866827,0.267877440003,-0.163603426824,decay
38.97,left,0.43133348088,0.267869639986,-0.163463840894,decay
38.98,left,0.431143468549,0.267860813854,-0.163282654695,decay
38.99,left,0.430913036187,0.267850906413,-0.163062129774,decay
39,left,0.430645605906,0.267839873113,-0.162805732793,decay
39.01,left,0.430345681761,0.267827682502,-0.162517999259,decay
39.02,left,0.430018607712,0.26781431917,-0.162204288542,decay
39.03,left,0.429670165599,0.267799786747,-0.161870378852,decay
39.04,left,0.429306260007,0.267784109474,-0.161522150533,decay
39.05,left,0.428932803555,0.26776733121,-0.161165472344,decay
39.06,left,0.42855550087,0.267749512755,-0.160805988115,decay
39.07,left,0.428179400534,0.267730728989,-0.160448671545,decay
39.08,left,0.427808563474,0.267711066454,-0.16009749702,decay
39.09,left,0.427446019762,0.267690621354,-0.159755398408,decay
39.1,left,0.427093830734,0.267669497929,-0.159424332805,decay
39.11,left,0.426753280037,0.267647807161,-0.159105472876,decay
39.12,left,0.426425278027,0.267625665745,-0.158799612283,decay
39.13,left,0.426110728099,0.267603195155,-0.158507532945,decay
39.14,left,0.425810728813,0.267580520291,-0.158230208522,decay
39.15,left,0.425526822534,0.267557767315,-0.157969055219,decay
39.16,left,0.425261212296,0.267535060872,-0.157726151425,decay
39.17,left,0.425016610514,0.267512521095,-0.15750408942,decay
39.18,left,0.424795786823,0.26749026051,-0.157305526313,decay
39.19,left,0.424601114463,0.267468380783,-0.15713273368,decay
39.2,left,0.424434162944,0.267446969215,-0.156987193729,decay
39.21,left,0.424295373865,0.26742609493,-0.156869278935,decay
39.22,left,0.42418406893,0.267405804644,-0.156778264287,decay
39.23,left,0.424098848706,0.267386118628,-0.156712730077,decay
39.24,left,0.424038116451,0.267367028885,-0.156671087567,decay
39.25,left,0.424000583506,0.26734850107,-0.156652082436,decay
39.26,left,0.423985697285,0.26733047901,-0.156655218276,decay
39.27,left,0.423993682981,0.267312889697,-0.156680793284,decay
39.28,left,0.424025006632,0.26729564798,-0.156729358652,decay
39.29,left,0.424079520237,0.267278660945,-0.156800859292,decay
39.3,left,0.424155661531,0.267261832088,-0.156893829444,decay
39.31,left,0.424249950412,0.26724506537,-0.157004885043,decay
39.32,left,0.424357023148,0.267228269238,-0.157128753911,decay
39.33,left,0.424470340405,0.267211360408,-0.157258979997,decay
39.34,left,0.424583236324,0.267194266596,-0.157388969728,decay
39.35,left,0.424689735818,0.267176927573,-0.157512808245,decay
39.36,left,0.424784987857,0.267159295101,-0.157625692756,decay
39.37,left,0.424865443058,0.267141332702,-0.157724110356,decay
39.38,left,0.424928674251,0.267123015655,-0.157805658597,decay
39.39,left,0.424972829334,0.267104331254,-0.15786849808,decay
39.4,left,0.424996106282,0.267085279355,-0.157910826926,decay
39.41,left,0.424996529295,0.267065873207,-0.157930656088,decay
39.42,left,0.424971964443,0.267046140587,-0.157925823857,decay
39.43,left,0.424920349243,0.267026124931,-0.157894224312,decay
39.44,left,0.424840093504,0.267005885475,-0.157834208029,decay
39.45,left,0.424730356907,0.266985495626,-0.15774486128,decay
39.46,left,0.42459107351,0.266965040119,-0.157626033391,decay
39.47,left,0.42442299003,0.266944611917,-0.157478378114,decay
39.48,left,0.424227818004,0.266924309226,-0.157303508778,decay
39.49,left,0.424008265047,0.266904232585,-0.157104032462,decay
39.5,left,0.423767951114,0.266884481958,-0.156883469155,decay
39.51,left,0.423511447696,0.266865153767,-0.15664629393,decay
39.52,left,0.423244290427,0.266846337774,-0.156397952653,decay
39.53,left,0.422972615973,0.266828114092,-0.156144501881,decay
39.54,left,0.422702497997,0.266810551216,-0.155891946782,decay
39.55,left,0.422439245245,0.266793705799,-0.155645539446,decay
39.56,left,0.42218678664,0.266777623578,-0.155409163062,decay
39.57,left,0.421947413281,0.2667623404,-0.15518507288,decay
39.58,left,0.421722109252,0.266747882944,-0.154974226308,decay
39.59,left,0.421511156984,0.266734269091,-0.154776887893,decay
39.6,left,0.421314523195,0.266721507958,-0.154593015238,decay
39.61,left,0.421131961194,0.266709599566,-0.154422361628,decay
39.62,left,0.420962977479,0.266698534168,-0.154264443311,decay
39.63,left,0.420806668011,0.266688291445,-0.154118376567,decay
39.64,left,0.42066156801,0.266678840392,-0.153982727617,decay
39.65,left,0.420525843742,0.266670140473,-0.153855703269,decay
39.66,left,0.420397724388,0.266662143619,-0.153735580769,decay
39.67,left,0.420275710165,0.266654796292,-0.153620913873,decay
39.68,left,0.420158493142,0.266648041315,-0.153510451827,decay
39.69,left,0.420044826873,0.266641819476,-0.153403007398,decay
39.7,left,0.41993340458,0.266636070956,-0.153297333624,decay
39.71,left,0.419822878853,0.266630736614,-0.153192142239,decay
39.72,left,0.419712266371,0.266625759156,-0.153086507215,decay
39.73,left,0.419601595144,0.266621084147,-0.152980510997,decay
39.74,left,0.41949238046,0.266616660606,-0.152875719854,decay
39.75,left,0.419387726376,0.266612440995,-0.15277528538,decay
39.76,left,0.41929196619,0.266608380789,-0.152683585401,decay
39.77,left,0.419209741813,0.266604437897,-0.152605303916,decay
39.78,left,0.419144796107,0.266600572091,-0.152544224016,decay
39.79,left,0.419099168963,0.266596744415,-0.152502424548,decay
39.8,left,0.41907312293,0.266592916607,-0.152480206323,decay
39.81,left,0.419065433875,0.26658905052,-0.152476383355,decay
39.82,left,0.419073711795,0.266585107545,-0.15248860425,decay
39.83,left,0.419094722019,0.266581048079,-0.15251367394,decay
39.84,left,0.419124580828,0.266576831206,-0.152547749622,decay
39.85,left,0.419158794249,0.266572414692,-0.152586379557,decay
39.86,left,0.41919243423,0.266567755229,-0.152624679001,decay
39.87,left,0.419220570207,0.266562808783,-0.152657761424,decay
39.88,left,0.41923871833,0.266557530994,-0.152681187335,decay
39.89,left,0.419243167448,0.266551877647,-0.152691289802,decay
39.9,left,0.419231211546,0.266545805223,-0.152685406324,decay
39.91,left,0.419201164461,0.266539271563,-0.152661892899,decay
39.92,left,0.419152011527,0.266532236653,-0.152619774874,decay
39.93,left,0.419082947613,0.266524663482,-0.152558284131,decay
39.94,left,0.418993198315,0.266516518734,-0.152476679581,decay
39.95,left,0.418882118757,0.266507773158,-0.1523743456,decay
39.96,left,0.418749399119,0.266498401763,-0.152250997355,decay
39.97,left,0.418595441746,0.266488384119,-0.152107057627,decay
39.98,left,0.418421874901,0.266477704867,-0.151944170034,decay
39.99,left,0.418231915633,0.266466354489,-0.151765561144,decay
40,left,0.41803050223,0.26645433032,-0.151576171909,decay
40.01,left,0.417824297012,0.266441637849,-0.151382659164,decay
40.02,left,0.417621423683,0.266428292308,-0.151193131374,decay
40.03,left,0.417430828065,0.266414320317,-0.151016507748,decay
40.04,left,0.417261484198,0.266399760709,-0.150861723489,decay
40.05,left,0.417121583149,0.266384663922,-0.150736919228,decay
40.06,left,0.41701763099,0.266369090411,-0.150648540579,decay
40.07,left,0.416953682484,0.266353108952,-0.150600573532,decay
40.08,left,0.416931167867,0.266336795168,-0.150594372699,decay
40.09,left,0.416949329416,0.266320230262,-0.150629099153,decay
40.1,left,0.417005943727,0.266303499925,-0.150702443802,decay
40.11,left,0.417098203755,0.266286693375,-0.15081151038,decay
40.12,left,0.417223570265,0.266269902498,-0.150953667767,decay
40.13,left,0.417380203052,0.266253220987,-0.151126982065,decay
40.14,left,0.417566932554,0.266236743268,-0.151330189286,decay
40.15,left,0.417782988396,0.266220563044,-0.151562425352,decay
40.16,left,0.41802746917,0.266204771496,-0.151822697674,decay
40.17,left,0.418298562835,0.266189455291,-0.152109107544,decay
40.18,left,0.418592897763,0.266174694417,-0.152418203346,decay
40.19,left,0.41890541256,0.266160559787,-0.152744852773,decay
40.2,left,0.4192297581,0.266147110564,-0.153082647536,decay
40.21,left,0.419559090159,0.266134391141,-0.153424699018,decay
40.22,left,0.41988710875,0.266122427721,-0.153764681029,decay
40.23,left,0.420208923371,0.26611122496,-0.154097698411,decay
40.24,left,0.420521270777,0.266100764314,-0.154420506463,decay
40.25,left,0.420822189411,0.266091005327,-0.154731184084,decay
40.26,left,0.42111058216,0.26608188891,-0.15502869325,decay
40.27,left,0.421385810234,0.266073340935,-0.155312469299,decay
40.28,left,0.421647338409,0.266065275499,-0.15558206291,decay
40.29,left,0.421894543198,0.266057597844,-0.155836945354,decay
40.3,left,0.422126637206,0.266050207031,-0.156076430175,decay
40.31,left,0.422342600341,0.266042998407,-0.156299601934,decay
40.32,left,0.422541280875,0.26603586595,-0.156505414926,decay
40.33,left,0.422721808637,0.266028704392,-0.156693104245,decay
40.34,left,0.422884019913,0.266021410728,-0.156862609185,decay
40.35,left,0.423028544029,0.266013884808,-0.157014659222,decay
40.36,left,0.423156672966,0.266006029316,-0.15715064365,decay
40.37,left,0.423270242952,0.265997749637,-0.157272493315,decay
40.38,left,0.423371443913,0.26598895383,-0.157382490083,decay
40.39,left,0.423462526981,0.265979552755,-0.157482974226,decay
40.4,left,0.423545542407,0.26596946037,-0.157576082037,decay
40.41,left,0.423622044674,0.265958594233,-0.157663450441,decay
40.42,left,0.423692753787,0.265946876231,-0.157745877556,decay
40.43,left,0.423757462513,0.265934233511,-0.157823229002,decay
40.44,left,0.423815266955,0.265920599457,-0.157894667498,decay
40.45,left,0.423864808122,0.265905914599,-0.157958893523,decay
40.46,left,0.42390436469,0.265890127598,-0.158014237091,decay
40.47,left,0.423931880688,0.265873196533,-0.158058684155,decay
40.48,left,0.423944879226,0.265855090604,-0.158089788622,decay
40.49,left,0.423940229259,0.265835792309,-0.158104436949,decay
40.5,left,0.423914095853,0.265815300114,-0.15809879574,decay
40.51,left,0.423862398782,0.26579363168,-0.158068767102,decay
40.52,left,0.423781547682,0.265770827696,-0.158010719986,decay
40.53,left,0.423669018744,0.265746955684,-0.15792206306,decay
40.54,left,0.423523674678,0.265722111706,-0.157801562972,decay
40.55,left,0.423345827754,0.265696418385,-0.157649409369,decay
40.56,left,0.423137029686,0.265670020405,-0.157467009281,decay
40.57,left,0.422899839484,0.265643079579,-0.157256759905,decay
40.58,left,0.422637834436,0.265615770295,-0.157022064141,decay
40.59,left,0.422355758399,0.265588275292,-0.156767483107,decay
40.6,left,0.422059609886,0.265560781665,-0.156498828221,decay
40.61,left,0.421756637944,0.265533476979,-0.156223160965,decay
40.62,left,0.421455133083,0.2655065454,-0.155948587684,decay
40.63,left,0.421163850111,0.265480164026,-0.155683686084,decay
40.64,left,0.420891241885,0.265454500335,-0.15543674155,decay
40.65,left,0.420644867146,0.26542971136,-0.155215155786,decay
40.66,left,0.420430975579,0.265405944012,-0.155025031568,decay
40.67,left,0.4202541066,0.265383335472,-0.154870771127,decay
40.68,left,0.420116869506,0.265362013215,-0.154754856291,decay
40.69,left,0.420020037924,0.265342094579,-0.154677943345,decay
40.7,left,0.419962734062,0.265323685859,-0.154639048202,decay
40.71,left,0.419942606018,0.265306880873,-0.154635725145,decay
40.72,left,0.419956109413,0.265291758945,-0.154664350468,decay
40.73,left,0.41999878719,0.265278382628,-0.154720404562,decay
40.74,left,0.420065409521,0.26526679624,-0.154798613281,decay
40.75,left,0.420150211231,0.265257026031,-0.1548931852,decay
40.76,left,0.420247495107,0.265249081323,-0.154998413785,decay
40.77,left,0.42035238095,0.265242955452,-0.155109425498,decay
40.78,left,0.420461303938,0.265238626044,-0.155222677894,decay
40.79,left,0.420572174872,0.26523605458,-0.155336120292,decay
40.8,left,0.420684205699,0.265235185256,-0.155449020444,decay
40.81,left,0.420797412741,0.265235943131,-0.15556146961,decay
40.82,left,0.420912146934,0.265238231541,-0.155673915392,decay
40.83,left,0.421028997723,0.265241929415,-0.155787068307,decay
40.84,left,0.421148908078,0.265246890492,-0.155902017586,decay
40.85,left,0.421273227249,0.265252945984,-0.156020281264,decay
40.86,left,0.421403643348,0.265259909609,-0.156143733739,decay
40.87,left,0.421541856829,0.265267583,-0.15627427383,decay
40.88,left,0.42168891029,0.265275760778,-0.156413149513,decay
40.89,left,0.421844476684,0.265284235333,-0.15656024135,decay
40.9,left,0.422006430926,0.265292801445,-0.156713629482,decay
40.91,left,0.422170695305,0.265301260857,-0.156869434448,decay
40.92,left,0.422331339232,0.265309426955,-0.157021912278,decay
40.93,left,0.42248110271,0.265317129222,-0.157163973488,decay
40.94,left,0.422612283049,0.265324216342,-0.157288066707,decay
40.95,left,0.422717614419,0.265330557052,-0.157387057366,decay
40.96,left,0.422791009729,0.265336039538,-0.157454970191,decay
40.97,left,0.422828254472,0.265340570733,-0.157487683738,decay
40.98,left,0.422827439677,0.265344076078,-0.1574833636,decay
40.99,left,0.422788872693,0.265346499813,-0.15744237288,decay
41,left,0.422714628717,0.265347805827,-0.15736682289,decay
41.01,left,0.422608008041,0.265347979088,-0.157260028953,decay
41.02,left,0.422473006965,0.265347027684,-0.157125979281,decay
41.03,left,0.422313977534,0.265344984919,-0.156968992615,decay
41.04,left,0.422135566299,0.26534190965,-0.156793656648,decay
41.05,left,0.42194261987,0.265337883453,-0.156604736417,decay
41.06,left,0.421739709361,0.265333005637,-0.156406703723,decay
41.07,left,0.421530463953,0.265327387914,-0.156203076039,decay
41.08,left,0.421317199344,0.26532114941,-0.155996049934,decay
41.09,left,0.421100992295,0.265314411986,-0.15578658031,decay
41.1,left,0.420882125811,0.265307295751,-0.15557483006,decay
41.11,left,0.420660876569,0.265299914679,-0.15536096189,decay
41.12,left,0.420438381932,0.265292372219,-0.155146009712,decay
41.13,left,0.420217190492,0.265284757215,-0.154932433277,decay
41.14,left,0.420001434332,0.265277141296,-0.154724293037,decay
41.15,left,0.419796698232,0.265269578623,-0.15452711961,decay
41.16,left,0.419609491992,0.265262107249,-0.154347384743,decay
41.17,left,0.41944643614,0.265254750795,-0.154191685345,decay
41.18,left,0.419313635143,0.265247519919,-0.154066115224,decay
41.19,left,0.419216457758,0.265240413556,-0.153976044202,decay
41.2,left,0.419159444438,0.265233419935,-0.153926024503,decay
41.21,left,0.419146148848,0.265226517406,-0.153919631442,decay
41.22,left,0.419179041467,0.265219675071,-0.153959366396,decay
41.23,left,0.419259508009,0.265212853327,-0.154046654682,decay
41.24,left,0.419387892252,0.265206004553,-0.154181887699,decay
41.25,left,0.419563738695,0.265199074132,-0.154364664563,decay
41.26,left,0.41978619488,0.265192001714,-0.154594193166,decay
41.27,left,0.420054138025,0.265184722508,-0.154869415516,decay
41.28,left,0.420365878957,0.265177168551,-0.155188710406,decay
41.29,left,0.420718752043,0.26516926998,-0.155549482064,decay
41.3,left,0.421108801581,0.265160956339,-0.155947845242,decay
41.31,left,0.421530651087,0.265152157968,-0.156378493118,decay
41.32,left,0.421977718276,0.26514280751,-0.156834910766,decay
41.33,left,0.42244271609,0.265132841409,-0.157309874682,decay
41.34,left,0.42291806605,0.265122200974,-0.157795865076,decay
41.35,left,0.423396047934,0.265110832653,-0.158285215281,decay
41.36,left,0.423868912442,0.265098687825,-0.158770224617,decay
41.37,left,0.424329115614,0.265085722625,-0.159243392989,decay
41.38,left,0.424769595826,0.265071898029,-0.159697697797,decay
41.39,left,0.425184111309,0.265057180208,-0.160126931101,decay
41.4,left,0.425567610196,0.265041541194,-0.160526069002,decay
41.41,left,0.425916321572,0.265024959858,-0.160891361714,decay
41.42,left,0.426227482446,0.265007423222,-0.161220059224,decay
41.43,left,0.426499048422,0.264988927876,-0.161510120546,decay
41.44,left,0.426729588995,0.264969480654,-0.161760108341,decay
41.45,left,0.42691828735,0.264949097964,-0.161969189386,decay
41.46,left,0.427065062571,0.264927804231,-0.16213725834,decay
41.47,left,0.427170822251,0.264905630315,-0.162265191936,decay
41.48,left,0.427237565672,0.264882612218,-0.162354953454,decay
41.49,left,0.427268178052,0.264858790108,-0.162409387944,decay
41.5,left,0.427266236878,0.264834207608,-0.162432029271,decay
41.51,left,0.427236066467,0.26480891135,-0.162427155116,decay
41.52,left,0.42718278324,0.264782950768,-0.162399832472,decay
41.53,left,0.427112144073,0.264756378016,-0.162355766057,decay
41.54,left,0.427030331571,0.264729247746,-0.162301083826,decay
41.55,left,0.426943656779,0.264701616495,-0.162242040283,decay
41.56,left,0.426858070705,0.264673541837,-0.162184528868,decay
41.57,left,0.426778645051,0.264645081537,-0.162133563514,decay
41.58,left,0.426709188028,0.264616292827,-0.162092895201,decay
41.59,left,0.426651982064,0.264587231752,-0.162064750312,decay
41.6,left,0.426607743649,0.264557952596,-0.162049791052,decay
41.61,left,0.426575947475,0.264528507336,-0.162047440139,decay
41.62,left,0.426555285736,0.264498945124,-0.162056340612,decay
41.63,left,0.426543863248,0.264469311823,-0.162074551425,decay
41.64,left,0.426539166906,0.264439649779,-0.162099517126,decay
41.65,left,0.426538134265,0.264409997956,-0.162128136309,decay
41.66,left,0.426537349282,0.264380392318,-0.162156956964,decay
41.67,left,0.426533313481,0.264350866247,-0.162182447234,decay
41.68,left,0.426522926429,0.26432145092,-0.162201475509,decay
41.69,left,0.426504002567,0.264292175631,-0.162211826936,decay
41.7,left,0.426475417837,0.26426306805,-0.162212349787,decay
41.71,left,0.426436909459,0.264234154425,-0.162202755034,decay
41.72,left,0.42638878639,0.264205459725,-0.162183326665,decay
41.73,left,0.426331604474,0.264177007737,-0.162154596738,decay
41.74,left,0.426265941546,0.264148821243,-0.162117120303,decay
41.75,left,0.426192535041,0.26412092235,-0.162071612692,decay
41.76,left,0.42611266712,0.264093332895,-0.162019334225,decay
41.77,left,0.426028373062,0.26406607484,-0.161962298222,decay
41.78,left,0.425942341319,0.264039170582,-0.161903170737,decay
41.79,left,0.425857669898,0.264012643196,-0.161845026702,decay
41.8,left,0.425777495055,0.263986516592,-0.161790978463,decay
41.81,left,0.425704488578,0.263960815596,-0.161743672982,decay
41.82,left,0.425640492909,0.263935565942,-0.161704926967,decay
41.83,left,0.425586436909,0.263910794211,-0.161675642698,decay
41.84,left,0.425542346129,0.263886527838,-0.161655818291,decay
41.85,left,0.425507424115,0.263862795273,-0.161644628841,decay
41.86,left,0.425480328908,0.263839626215,-0.161640702693,decay
41.87,left,0.425459497155,0.263817051793,-0.161642445361,decay
41.88,left,0.425443322311,0.263795104637,-0.161648217674,decay
41.89,left,0.425430257437,0.26377381881,-0.161656438627,decay
41.9,left,0.425418926545,0.263753229621,-0.161665696924,decay
41.91,left,0.425408120813,0.263733373278,-0.161674747535,decay
41.92,left,0.425396609745,0.263714286385,-0.16168232336,decay
41.93,left,0.425382984043,0.263696005331,-0.161686978712,decay
41.94,left,0.425365674312,0.263678565747,-0.161687108566,decay
41.95,left,0.425342997042,0.263662002188,-0.161680994854,decay
41.96,left,0.425313208488,0.263646347893,-0.161666860595,decay
41.97,left,0.425274661357,0.263631634396,-0.161643026961,decay
41.98,left,0.425225903374,0.263617890898,-0.161608012476,decay
41.99,left,0.425165602628,0.263605143356,-0.161560459272,decay
42,left,0.425092462769,0.263593413285,-0.161499049484,decay
42.01,left,0.425005208964,0.263582716232,-0.161422492732,decay
42.02,left,0.424902597902,0.263573059905,-0.161329537997,decay
42.03,left,0.424783589851,0.263564442233,-0.161219147618,decay
42.04,left,0.424647826241,0.263556850312,-0.161090975929,decay
42.05,left,0.42449614844,0.263550260963,-0.160945887476,decay
42.06,left,0.424330829528,0.26354464235,-0.160786187179,decay
42.07,left,0.424155595651,0.263539955657,-0.160615639993,decay
42.08,left,0.423975474753,0.263536156463,-0.16043931829,decay
42.09,left,0.4237962236,0.263533195779,-0.160263027822,decay
42.1,left,0.423623404702,0.263531020794,-0.160092383909,decay
42.11,left,0.423461553587,0.263529575355,-0.159931978232,decay
42.12,left,0.423313623778,0.263528800192,-0.159784823586,decay
42.13,left,0.42318071129,0.263528632953,-0.159652078337,decay
42.14,left,0.423062267145,0.263529008224,-0.159533258921,decay
42.15,left,0.422956853647,0.263529857639,-0.159426996009,decay
42.16,left,0.422863032233,0.263531110032,-0.159331922201,decay
42.17,left,0.42278001102,0.263532691492,-0.159247319527,decay
42.18,left,0.422707974857,0.263534525275,-0.159173449583,decay
42.19,left,0.422647956991,0.26353653159,-0.159111425401,decay
42.2,left,0.42260119174,0.263538627277,-0.159062564463,decay
42.21,left,0.422568388321,0.263540725386,-0.159027662936,decay
42.22,left,0.422549420252,0.263542734669,-0.159006685583,decay
42.23,left,0.422543328678,0.263544559143,-0.158998769535,decay
42.24,left,0.422548317883,0.26354609813,-0.159002219753,decay
42.25,left,0.422561725576,0.263547247108,-0.159014478468,decay
42.26,left,0.422579970874,0.263547899185,-0.159032071688,decay
42.27,left,0.422598447641,0.26354794682,-0.159050500821,decay
42.28,left,0.422611611117,0.263547283671,-0.159064327446,decay
42.29,left,0.422613456377,0.263545806619,-0.159067649758,decay
42.3,left,0.42259821033,0.263543418017,-0.159054792312,decay
42.31,left,0.422561071182,0.263540028234,-0.159021042949,decay
42.32,left,0.422499017256,0.263535558549,-0.158963458708,decay
42.33,left,0.422411500173,0.263529944048,-0.158881556126,decay
42.34,left,0.422300644932,0.263523135233,-0.158777509699,decay
42.35,left,0.422170948486,0.263515097395,-0.158655851091,decay
42.36,left,0.422028813848,0.263505808513,-0.158523005336,decay
42.37,left,0.421882007817,0.263495257036,-0.158386750781,decay
42.38,left,0.421738941448,0.263483440107,-0.158255501341,decay
42.39,left,0.421607891636,0.263470362229,-0.158137529407,decay
42.4,left,0.421496263533,0.263456034377,-0.158040229156,decay
42.41,left,0.421409818637,0.263440473522,-0.157969345115,decay
42.42,left,0.42135201252,0.26342370257,-0.15792830995,decay
42.43,left,0.421323743367,0.263405750551,-0.157917992816,decay
42.44,left,0.421323518215,0.263386652628,-0.157936865587,decay
42.45,left,0.421347857857,0.263366449555,-0.157981408302,decay
42.46,left,0.42139190914,0.26334518684,-0.1580467223,decay
42.47,left,0.421450216693,0.263322914059,-0.158127302633,decay
42.48,left,0.42151735143,0.263299684473,-0.158217666957,decay
42.49,left,0.421588187715,0.263275554965,-0.15831263275,decay
42.5,left,0.421658019223,0.263250586275,-0.158407432949,decay
42.51,left,0.421722721458,0.263224843517,-0.158497877941,decay
42.52,left,0.421778996829,0.263198396984,-0.158580599846,decay
42.53,left,0.421824783305,0.263171323016,-0.158653460289,decay
42.54,left,0.421859710987,0.263143704306,-0.158716006681,decay
42.55,left,0.421885154975,0.263115629141,-0.158769525835,decay
42.56,left,0.421903701116,0.263087189912,-0.158816511204,decay
42.57,left,0.421918337703,0.263058481514,-0.158859856189,decay
42.58,left,0.421931649412,0.263029599841,-0.158902049571,decay
42.59,left,0.421945087781,0.263000640382,-0.158944447398,decay
42.6,left,0.421958525528,0.262971696842,-0.158986828686,decay
42.61,left,0.421970333085,0.262942859755,-0.15902747333,decay
42.62,left,0.421977852782,0.262914215048,-0.159063637734,decay
42.63,left,0.421977997668,0.262885842705,-0.159092154964,decay
42.64,left,0.421967944131,0.262857816097,-0.159110128034,decay
42.65,left,0.42194584515,0.262830202431,-0.159115642718,decay
42.66,left,0.421911230882,0.262803063938,-0.159108166944,decay
42.67,left,0.421864992191,0.262776459161,-0.15908853303,decay
42.68,left,0.421809210293,0.262750444099,-0.159058766195,decay
42.69,left,0.421746926174,0.262725073162,-0.159021853012,decay
42.7,left,0.421681772474,0.262700399968,-0.158981372507,decay
42.71,left,0.421617598778,0.26267647795,-0.158941120828,decay
42.72,left,0.421558182981,0.262653360798,-0.158904822183,decay
42.73,left,0.42150689153,0.262631102662,-0.158875788868,decay
42.74,left,0.421466314428,0.262609757963,-0.158856556465,decay
42.75,left,0.42143808491,0.262589380704,-0.158848704206,decay
42.76,left,0.421422824709,0.262570023308,-0.158852801401,decay
42.77,left,0.421420035151,0.262551735136,-0.158868300015,decay
42.78,left,0.421428145793,0.262534560684,-0.158893585109,decay
42.79,left,0.421444955592,0.262518537439,-0.158926418152,decay
42.8,left,0.421468166703,0.262503693343,-0.15896447336,decay
42.81,left,0.421495700985,0.262490043817,-0.159005657168,decay
42.82,left,0.421525918864,0.262477588289,-0.159048330575,decay
42.83,left,0.421557744551,0.262466306763,-0.159091437788,decay
42.84,left,0.421590492248,0.262456158204,-0.159134334043,decay
42.85,left,0.421623502062,0.262447082102,-0.159176419959,decay
42.86,left,0.421655819985,0.262439002192,-0.159216817794,decay
42.87,left,0.421685955099,0.262431830513,-0.159254124586,decay
42.88,left,0.421711865482,0.262425471102,-0.159286394381,decay
42.89,left,0.421731415834,0.262419823318,-0.159311592515,decay
42.9,left,0.421743086324,0.26241478491,-0.159328301415,decay
42.91,left,0.421746376745,0.262410254855,-0.15933612189,decay
42.92,left,0.421741757641,0.262406136085,-0.159335621555,decay
42.93,left,0.421730425281,0.262402337921,-0.15932808736,decay
42.94,left,0.421713917898,0.262398777618,-0.15931514028,decay
42.95,left,0.421693548836,0.262395380574,-0.159298168262,decay
42.96,left,0.421669925228,0.262392079599,-0.15927784563,decay
42.97,left,0.421642801771,0.262388813947,-0.159253987824,decay
42.98,left,0.421611182281,0.262385528406,-0.159225653875,decay
42.99,left,0.421573600484,0.262382172463,-0.159191428021,decay
43,left,0.421528572996,0.262378699548,-0.159149873448,decay
43.01,left,0.421475003802,0.262375066362,-0.15909993744,decay
43.02,left,0.421412374339,0.262371232277,-0.159041142062,decay
43.03,left,0.421340862915,0.262367158776,-0.158973704139,decay
43.04,left,0.421261535912,0.262362808736,-0.158898727177,decay
43.05,left,0.421176537677,0.262358145438,-0.158818392239,decay
43.06,left,0.42108923208,0.262353131399,-0.158736100681,decay
43.07,left,0.4210043501,0.262347727177,-0.158656622924,decay
43.08,left,0.42092797815,0.262341890241,-0.158586087908,decay
43.09,left,0.420867131191,0.262335573883,-0.158531557308,decay
43.1,left,0.420829066247,0.262328726173,-0.158500340074,decay
43.11,left,0.420820642633,0.262321288956,-0.158499353677,decay
43.12,left,0.420847696518,0.26231319688,-0.158534499638,decay
43.13,left,0.420914432857,0.262304376706,-0.158610056151,decay
43.14,left,0.421023130855,0.262294747646,-0.158728383209,decay
43.15,left,0.421174204073,0.262284223326,-0.158889980747,decay
43.16,left,0.421366328819,0.26227271499,-0.15909361383,decay
43.17,left,0.421596584218,0.262260135242,-0.159336448976,decay
43.18,left,0.421860682572,0.262246402087,-0.159614280485,decay
43.19,left,0.422153089571,0.262231443317,-0.159921646254,decay
43.2,left,0.422466911524,0.262215201355,-0.160251710169,decay
43.21,left,0.422793894448,0.262197638626,-0.160596255822,decay
43.22,left,0.423124794272,0.262178743576,-0.160946050696,decay
43.23,left,0.423449906573,0.262158536497,-0.161291370077,decay
43.24,left,0.423759643679,0.262137072369,-0.16162257131,decay
43.25,left,0.424045267202,0.262114438589,-0.161930828613,decay
43.26,left,0.424299538366,0.262090749181,-0.162208789185,decay
43.27,left,0.424516950376,0.262066138386,-0.162450811989,decay
43.28,left,0.424693700467,0.262040754722,-0.162652945746,decay
43.29,left,0.424827692264,0.262014755507,-0.162812936757,decay
43.3,left,0.424918540155,0.261988301719,-0.162930238436,decay
43.31,left,0.424967503161,0.261961553062,-0.163005950099,decay
43.32,left,0.424977382442,0.261934663128,-0.163042719315,decay
43.33,left,0.424952251777,0.261907774934,-0.163044476844,decay
43.34,left,0.424896869759,0.261881017953,-0.163015851806,decay
43.35,left,0.424816017974,0.261854507482,-0.162961510492,decay
43.36,left,0.424714101717,0.261828345598,-0.16288575612,decay
43.37,left,0.424594967692,0.26180262241,-0.162792345282,decay
43.38,left,0.424461873291,0.261777417095,-0.162684456196,decay
43.39,left,0.424317761054,0.261752798629,-0.162564962425,decay
43.4,left,0.424165704317,0.261728826243,-0.162436878074,decay
43.41,left,0.424009185055,0.261705549574,-0.162303635481,decay
43.42,left,0.42385223388,0.261683008497,-0.162169225384,decay
43.43,left,0.423699535919,0.261661232848,-0.162038303071,decay
43.44,left,0.423556310123,0.261640242685,-0.161916067439,decay
43.45,left,0.423427923815,0.261620049579,-0.161807874236,decay
43.46,left,0.423319492559,0.261600658587,-0.161718833972,decay
43.47,left,0.423235481103,0.261582070218,-0.161653410884,decay
43.48,left,0.423179078372,0.261564282159,-0.161614796213,decay
43.49,left,0.423151414525,0.26154729075,-0.161604123775,decay
43.5,left,0.42315096975,0.261531092238,-0.161619877512,decay
43.51,left,0.423173364141,0.261515683828,-0.161657680313,decay
43.52,left,0.423211601821,0.26150106455,-0.16171053727,decay
43.53,left,0.423256888354,0.261487235878,-0.161769652476,decay
43.54,left,0.423299851776,0.261474201852,-0.161825649924,decay
43.55,left,0.423331676667,0.261461968529,-0.161869708138,decay
43.56,left,0.423344884771,0.26145054289,-0.161894341881,decay
43.57,left,0.423333770833,0.261439931441,-0.161893839393,decay
43.58,left,0.423294461458,0.261430138593,-0.161864322865,decay
43.59,left,0.423224663706,0.261421164813,-0.161803498893,decay
43.6,left,0.423123404758,0.261413004494,-0.161710400264,decay
43.61,left,0.422990949284,0.261405643535,-0.161585305749,decay
43.62,left,0.42282872377,0.261399056573,-0.161429667197,decay
43.63,left,0.422639106085,0.261393204253,-0.161245901832,decay
43.64,left,0.422425252185,0.261388031779,-0.161037220406,decay
43.65,left,0.422191050224,0.261383469688,-0.160807580536,decay
43.66,left,0.421941074772,0.261379436149,-0.160561638622,decay
43.67,left,0.421680565744,0.26137583951,-0.160304726234,decay
43.68,left,0.421415486174,0.261372580597,-0.160042905577,decay
43.69,left,0.421152427253,0.261369554792,-0.159782872461,decay
43.7,left,0.420898185021,0.261366653936,-0.159531531085,decay
43.71,left,0.420659146668,0.261363768116,-0.159295378552,decay
43.72,left,0.420440630131,0.2613607874,-0.159079842732,decay
43.73,left,0.420246293708,0.261357603521,-0.158888690187,decay
43.74,left,0.420077903477,0.26135411149,-0.158723791987,decay
43.75,left,0.419935614883,0.261350211078,-0.158585403805,decay
43.76,left,0.41981844182,0.261345808302,-0.158472633518,decay
43.77,left,0.419724540233,0.261340817061,-0.158383723171,decay
43.78,left,0.419651416265,0.26133516102,-0.158316255245,decay
43.79,left,0.419596247049,0.261328775794,-0.158267471255,decay
43.8,left,0.419556202777,0.26132161149,-0.158234591287,decay
43.81,left,0.419528787558,0.261313635658,-0.158215151899,decay
43.82,left,0.419512357284,0.261304836721,-0.158207520563,decay
43.83,left,0.419506568759,0.261295227284,-0.158211341475,decay
43.84,left,0.419512369634,0.261284845412,-0.158227524222,decay
43.85,left,0.419531584705,0.261273752375,-0.15825783233,decay
43.86,left,0.419566308294,0.261262027964,-0.15830428033,decay
43.87,left,0.419618165848,0.261249765358,-0.158368400489,decay
43.88,left,0.419687698826,0.261237066284,-0.158450632542,decay
43.89,left,0.419774234376,0.261224036448,-0.158550197929,decay
43.9,left,0.419876196629,0.261210781138,-0.15866541549,decay
43.91,left,0.419991572107,0.261197400912,-0.158794171195,decay
43.92,left,0.420118481395,0.261183987254,-0.158934494141,decay
43.93,left,0.420255813903,0.261170618539,-0.159085195364,decay
43.94,left,0.420403535383,0.261157357485,-0.159246177898,decay
43.95,left,0.420562401193,0.261144250989,-0.159418150204,decay
43.96,left,0.420733337066,0.261131331602,-0.159602005464,decay
43.97,left,0.420916854867,0.261118619335,-0.159798235532,decay
43.98,left,0.42111270165,0.261106123259,-0.160006578391,decay
43.99,left,0.421319914809,0.261093842891,-0.160226071917,decay
44,left,0.421537231613,0.261081769364,-0.160455462249,decay
44.01,left,0.421763491147,0.261069886416,-0.160693604732,decay
44.02,left,0.42199782464,0.261058171209,-0.160939653431,decay
44.03,left,0.422239745751,0.261046595107,-0.161193150644,decay
44.04,left,0.422489174627,0.261035124738,-0.16145404989,decay
44.05,left,0.422746273349,0.26102372364,-0.161722549709,decay
44.06,left,0.42301121308,0.261012354312,-0.161998858768,decay
44.07,left,0.42328417351,0.261000980384,-0.162283193125,decay
44.08,left,0.423565504297,0.260989568811,-0.162575935486,decay
44.09,left,0.423855729193,0.26097809212,-0.162877637073,decay
44.1,left,0.424155360597,0.26096653075,-0.163188829847,decay
44.11,left,0.424464623934,0.260954875544,-0.16350974839,decay
44.12,left,0.424783116609,0.260943130412,-0.163839986197,decay
44.13,left,0.425109606786,0.260931314777,-0.164178292009,decay
44.14,left,0.425442164956,0.260919464402,-0.164522700554,decay
44.15,left,0.425778452191,0.260907629538,-0.164870822653,decay
44.16,left,0.426115938974,0.260895871178,-0.165220067796,decay
44.17,left,0.426452111298,0.260884256811,-0.165567854487,decay
44.18,left,0.42678470891,0.260872856208,-0.165911852702,decay
44.19,left,0.427111783532,0.260861737211,-0.166250046321,decay
44.2,left,0.427431508364,0.260850961434,-0.16658054693,decay
44.21,left,0.427741990877,0.260840579795,-0.166901411082,decay
44.22,left,0.428041136172,0.2608306278,-0.167210508372,decay
44.23,left,0.428326366097,0.260821121093,-0.167505245004,decay
44.24,left,0.428594301411,0.260812053152,-0.167782248259,decay
44.25,left,0.428840677672,0.260803396515,-0.168037281157,decay
44.26,left,0.429060497296,0.26079510647,-0.168265390826,decay
44.27,left,0.429248406632,0.260787125266,-0.168461281365,decay
44.28,left,0.429399401804,0.260779386096,-0.168620015708,decay
44.29,left,0.429509676853,0.260771816852,-0.168737860001,decay
44.3,left,0.429577227938,0.26076434375,-0.168812884187,decay
44.31,left,0.429602118761,0.260756894872,-0.168845223888,decay
44.32,left,0.429586528943,0.26074940372,-0.168837125222,decay
44.33,left,0.429534518796,0.260741812506,-0.16879270629,decay
44.34,left,0.429451400903,0.260734074182,-0.168717326721,decay
44.35,left,0.42934294165,0.260726152461,-0.168616789188,decay
44.36,left,0.42921465674,0.260718020448,-0.168496636292,decay
44.37,left,0.429071173507,0.260709658965,-0.168361514542,decay
44.38,left,0.428915677837,0.26070105502,-0.168214622817,decay
44.39,left,0.428749611372,0.260692200429,-0.168057410943,decay
44.4,left,0.428572598783,0.260683090572,-0.16788950821,decay
44.41,left,0.428382492425,0.260673723271,-0.167708769155,decay
44.42,left,0.428175590763,0.260664097768,-0.167511492995,decay
44.43,left,0.427947098917,0.260654213892,-0.167292885025,decay
44.44,left,0.427691792719,0.260644071689,-0.16704772103,decay
44.45,left,0.427404903805,0.260633671735,-0.166771232069,decay
44.46,left,0.427083179557,0.26062301598,-0.166460163577,decay
44.47,left,0.426725702808,0.260612108803,-0.166113594005,decay
44.48,left,0.426334028561,0.260600958194,-0.165733070367,decay
44.49,left,0.42591177767,0.260589577048,-0.165322200623,decay
44.5,left,0.425464116618,0.260577984596,-0.164886132022,decay
44.51,left,0.424997237188,0.260566208002,-0.164431029186,decay
44.52,left,0.424517861617,0.260554284134,-0.163963577484,decay
44.53,left,0.424032910186,0.260542261183,-0.163490649003,decay
44.54,left,0.423549195541,0.260530199085,-0.163018996456,decay
44.55,left,0.423072935335,0.260518167915,-0.16255476742,decay
44.56,left,0.422609342936,0.26050624484,-0.162103098096,decay
44.57,left,0.42216265102,0.260494510672,-0.161668140349,decay
44.58,left,0.421736458855,0.260483046415,-0.16125341244,decay
44.59,left,0.421334106291,0.26047192977,-0.160862176522,decay
44.6,left,0.420958979995,0.260461231514,-0.160497748481,decay
44.61,left,0.420614665192,0.260451011689,-0.160163653503,decay
44.62,left,0.420304780611,0.260441315509,-0.159863465101,decay
44.63,left,0.420032686246,0.260432169469,-0.159600516776,decay
44.64,left,0.419801479739,0.260423579273,-0.159377900467,decay
44.65,left,0.419614224896,0.260415530826,-0.15919869407,decay
44.66,left,0.419474028929,0.260407993339,-0.15906603559,decay
44.67,left,0.419383869401,0.260400922816,-0.158982946585,decay
44.68,left,0.419346211241,0.260394265272,-0.158951945969,decay
44.69,left,0.419362380709,0.260387959672,-0.158974421037,decay
44.7,left,0.419431905268,0.260381940657,-0.159049964611,decay
44.71,left,0.419552191914,0.260376141113,-0.159176050801,decay
44.72,left,0.4197185946,0.260370494639,-0.159348099961,decay
44.73,left,0.419924691069,0.260364937858,-0.15955975321,decay
44.74,left,0.420162730735,0.260359412273,-0.159803318462,decay
44.75,left,0.420424174519,0.260353865439,-0.16007030908,decay
44.76,left,0.420700009392,0.260348251696,-0.160351757696,decay
44.77,left,0.420980733553,0.260342532853,-0.160638200701,decay
44.78,left,0.421256341985,0.260336678988,-0.160919662996,decay
44.79,left,0.421516560317,0.260330669411,-0.161185890906,decay
44.8,left,0.421751330299,0.260324493798,-0.1614268365,decay
44.81,left,0.421951633172,0.260318153539,-0.161633479633,decay
44.82,left,0.422110581631,0.260311663303,-0.161798918328,decay
44.83,left,0.422224246837,0.260305052471,-0.161919194366,decay
44.84,left,0.422291816869,0.260298365256,-0.161993451613,decay
44.85,left,0.42231525394,0.260291658591,-0.162023595349,decay
44.86,left,0.422298702663,0.260284998443,-0.16201370422,decay
44.87,left,0.422247700997,0.260278455714,-0.161969245283,decay
44.88,left,0.42216834421,0.26027210216,-0.16189624205,decay
44.89,left,0.422066633104,0.260266006305,-0.161800626799,decay
44.9,left,0.421947977091,0.260260229246,-0.161687747846,decay
44.91,left,0.42181677843,0.260254820281,-0.161561958149,decay
44.92,left,0.421676323767,0.26024981227,-0.161426511497,decay
44.93,left,0.421529032844,0.26024521729,-0.161283815553,decay
44.94,left,0.421376684151,0.260241024523,-0.161135659628,decay
44.95,left,0.421220480044,0.260237201838,-0.160983278206,decay
44.96,left,0.421061206457,0.260233699969,-0.160827506488,decay
44.97,left,0.420899559646,0.260230457245,-0.160669102401,decay
44.98,left,0.42073652496,0.260227404134,-0.160509120826,decay
44.99,left,0.420573757843,0.260224467587,-0.160349290256,decay
45,left,0.420413791416,0.260221575276,-0.16019221614,decay
45.01,left,0.420259839427,0.260218659829,-0.160041179598,decay
45.02,left,0.420115301998,0.260215663113,-0.159899638884,decay
45.03,left,0.419983287437,0.260212540192,-0.159770747244,decay
45.04,left,0.419866211924,0.260209261483,-0.159656950441,decay
45.05,left,0.419765355875,0.260205812019,-0.159559543856,decay
45.06,left,0.419680530298,0.260202188688,-0.15947834161,decay
45.07,left,0.41961016357,0.260198396986,-0.159411766584,decay
45.08,left,0.419551789555,0.260194447902,-0.159357341653,decay
45.09,left,0.419502757914,0.260190354926,-0.159312402988,decay
45.1,left,0.419461096482,0.260186131139,-0.159274965343,decay
45.11,left,0.41942626203,0.260181786331,-0.159244475699,decay
45.12,left,0.419399367485,0.260177324101,-0.159222043384,decay
45.13,left,0.419382816165,0.260172739181,-0.159210076984,decay
45.14,left,0.419379556451,0.260168015816,-0.159211540636,decay
45.15,left,0.419392163959,0.260163127873,-0.159229036085,decay
45.16,left,0.419422081264,0.260158040151,-0.159264041113,decay
45.17,left,0.419469397562,0.260152710003,-0.159316687559,decay
45.18,left,0.419533132202,0.260147088925,-0.159386043276,decay
45.19,left,0.419611628656,0.260141124118,-0.159470504538,decay
45.2,left,0.419702960024,0.260134760046,-0.159568199978,decay
45.21,left,0.419805551853,0.260127940046,-0.159677611807,decay
45.22,left,0.419918912625,0.260120608013,-0.159798304612,decay
45.23,left,0.420044161967,0.260112710069,-0.159931451898,decay
45.24,left,0.420184309446,0.260104195769,-0.160080113676,decay
45.25,left,0.420344194428,0.260095018544,-0.160249175884,decay
45.26,left,0.420529824902,0.260085135659,-0.160444689244,decay
45.27,left,0.4207472382,0.260074508181,-0.160672730019,decay
45.28,left,0.421001297181,0.260063101174,-0.160938196007,decay
45.29,left,0.421294550607,0.260050884131,-0.161243666475,decay
45.3,left,0.421626240902,0.260037831689,-0.161588409214,decay
45.31,left,0.421991864372,0.260023924612,-0.16196793976,decay
45.32,left,0.422383537511,0.260009151098,-0.162374386413,decay
45.33,left,0.422790869112,0.259993508144,-0.162797360969,decay
45.34,left,0.423201979393,0.259977002223,-0.16322497717,decay
45.35,left,0.423604646767,0.259959648665,-0.163644998101,decay
45.36,left,0.423987442429,0.25994147019,-0.164045972238,decay
45.37,left,0.424340467014,0.259922495407,-0.164417971607,decay
45.38,left,0.424655624811,0.259902757576,-0.164752867235,decay
45.39,left,0.424926620843,0.259882293652,-0.165044327191,decay
45.4,left,0.425148703274,0.259861143574,-0.165287559701,decay
45.41,left,0.425318274495,0.259839349784,-0.165478924711,decay
45.42,left,0.425432684863,0.259816956963,-0.1656157279,decay
45.43,left,0.425490276985,0.259794011962,-0.165696265024,decay
45.44,left,0.425490532673,0.259770563936,-0.165719968737,decay
45.45,left,0.425434284355,0.259746664687,-0.165687619668,decay
45.46,left,0.425323918323,0.259722369186,-0.165601549138,decay
45.47,left,0.425163286078,0.259697736266,-0.165465549812,decay
45.48,left,0.424957213503,0.259672829482,-0.165284384021,decay
45.49,left,0.42471093273,0.259647718122,-0.165063214608,decay
45.5,left,0.424429722024,0.259622478385,-0.164807243639,decay
45.51,left,0.424118723303,0.259597194714,-0.16452152859,decay
45.52,left,0.423782985736,0.259571961292,-0.164211024445,decay
45.53,left,0.423427840162,0.259546883397,-0.163880956765,decay
45.54,left,0.423059316354,0.259522077644,-0.16353723871,decay
45.55,left,0.422684210456,0.259497670365,-0.163186540091,decay
45.56,left,0.422309810904,0.259473794639,-0.162836016266,decay
45.57,left,0.421943423095,0.259450586871,-0.162492836224,decay
45.58,left,0.421591759561,0.259428183264,-0.162163576297,decay
45.59,left,0.421260494325,0.259406716109,-0.161853778215,decay
45.6,left,0.420954338481,0.259386309823,-0.161568028658,decay
45.61,left,0.42067747582,0.259367076614,-0.161310399206,decay
45.62,left,0.420433860939,0.259349111703,-0.161084749237,decay
45.63,left,0.420227237167,0.259332488591,-0.160894748576,decay
45.64,left,0.42006102869,0.259317256266,-0.160743772424,decay
45.65,left,0.419938107143,0.259303439723,-0.16063466742,decay
45.66,left,0.419860469092,0.259291042688,-0.160569426404,decay
45.67,left,0.419829058533,0.259280050566,-0.160549007967,decay
45.68,left,0.419843707681,0.259270432802,-0.160573274878,decay
45.69,left,0.419902905238,0.259262144647,-0.16064076059,decay
45.7,left,0.420003435308,0.259255128346,-0.160748306962,decay
45.71,left,0.420140171344,0.259249313791,-0.160890857553,decay
45.72,left,0.420306101666,0.259244618656,-0.16106148301,decay
45.73,left,0.420492655552,0.259240948311,-0.161251707241,decay
45.74,left,0.420690477252,0.259238196353,-0.161452280899,decay
45.75,left,0.420890454532,0.259236246433,-0.161654208099,decay
45.76,left,0.421084520021,0.259234974938,-0.161849545083,decay
45.77,left,0.421266067614,0.259234253749,-0.162031813865,decay
45.78,left,0.421430206164,0.259233952785,-0.162196253379,decay
45.79,left,0.421573885365,0.259233942379,-0.162339942985,decay
45.8,left,0.421695803407,0.259234095554,-0.162461707853,decay
45.81,left,0.421796303479,0.259234290266,-0.162562013212,decay
45.82,left,0.421877409934,0.25923441169,-0.162642998243,decay
45.83,left,0.421942831999,0.259234354361,-0.162708477638,decay
45.84,left,0.421997902371,0.259234023494,-0.162763878877,decay
45.85,left,0.422049551218,0.259233334967,-0.162816216251,decay
45.86,left,0.42210609146,0.259232214411,-0.162873877049,decay
45.87,left,0.422176523449,0.259230596199,-0.16294592725,decay
45.88,left,0.422269501075,0.259228422657,-0.163041078418,decay
45.89,left,0.422392271359,0.259225643518,-0.163166627841,decay
45.9,left,0.422549656404,0.259222215643,-0.163327440761,decay
45.91,left,0.422743168092,0.259218102998,-0.163525065095,decay
45.92,left,0.422970544649,0.259213276908,-0.163757267742,decay
45.93,left,0.423225774529,0.259207716398,-0.164018058131,decay
45.94,left,0.423499476917,0.259201407979,-0.164298068937,decay
45.95,left,0.423779769221,0.259194344402,-0.164585424819,decay
45.96,left,0.424053693227,0.259186522733,-0.164867170494,decay
45.97,left,0.424308774765,0.259177942389,-0.165130832376,decay
45.98,left,0.424534297095,0.259168603377,-0.165365693718,decay
45.99,left,0.424722232243,0.259158504735,-0.165563727508,decay
46,left,0.424867759853,0.259147643143,-0.165720116709,decay
46.01,left,0.424969278479,0.259136011699,-0.165833266779,decay
46.02,left,0.42502809499,0.259123598817,-0.165904496173,decay
46.03,left,0.425047974892,0.259110387407,-0.165937587485,decay
46.04,left,0.425034426157,0.259096354778,-0.165938071379,decay
46.05,left,0.424993710192,0.259081473625,-0.165912236566,decay
46.06,left,0.42493200768,0.259065713858,-0.165866293823,decay
46.07,left,0.424855028897,0.25904904481,-0.165805984087,decay
46.08,left,0.424767855947,0.259031437683,-0.165736418264,decay
46.09,left,0.424674857951,0.259012868245,-0.165661989706,decay
46.1,left,0.424579770182,0.258993319838,-0.165586450344,decay
46.11,left,0.424485826114,0.258972786748,-0.165513039366,decay
46.12,left,0.424395776756,0.258951277996,-0.16544449876,decay
46.13,left,0.424311913785,0.258928821029,-0.165383092756,decay
46.14,left,0.424236140055,0.258905463605,-0.165330676451,decay
46.15,left,0.424169918305,0.258881272539,-0.165288645766,decay
46.16,left,0.424114123104,0.258856330314,-0.16525779279,decay
46.17,left,0.424069004021,0.258830731312,-0.165238272709,decay
46.18,left,0.424034238708,0.258804578367,-0.165229660341,decay
46.19,left,0.42400890699,0.258777979611,-0.16523092738,decay
46.2,left,0.423991514362,0.258751045546,-0.165240468816,decay
46.21,left,0.423980270315,0.258723886263,-0.165256384052,decay
46.22,left,0.423973415593,0.258696608743,-0.16527680685,decay
46.23,left,0.423969375759,0.258669314384,-0.165300061375,decay
46.24,left,0.423966916577,0.258642097412,-0.165324819165,decay
46.25,left,0.423965421082,0.258615044626,-0.165350376456,decay
46.26,left,0.423965108694,0.258588236075,-0.165376872619,decay
46.27,left,0.423967074167,0.258561745905,-0.165405328262,decay
46.28,left,0.423973141077,0.258535643086,-0.165437497991,decay
46.29,left,0.423985492159,0.258509991963,-0.165475500196,decay
46.3,left,0.424006228197,0.258484852653,-0.165521375544,decay
46.31,left,0.424037213712,0.258460281249,-0.165576932463,decay
46.32,left,0.424080241593,0.258436329839,-0.165643911754,decay
46.33,left,0.424137100382,0.258413046362,-0.16572405402,decay
46.34,left,0.424209310766,0.258390474438,-0.165818836327,decay
46.35,left,0.424297719759,0.258368653265,-0.165929066494,decay
46.36,left,0.424402068703,0.258347617483,-0.16605445122,decay
46.37,left,0.424520580711,0.258327396851,-0.166193183861,decay
46.38,left,0.424649891756,0.258308015651,-0.166341876105,decay
46.39,left,0.424785479831,0.258289491801,-0.16649598803,decay
46.4,left,0.424922251618,0.258271835655,-0.166650415963,decay
46.41,left,0.425055036637,0.258255048473,-0.166799988164,decay
46.42,left,0.425179041844,0.258239120522,-0.166939921322,decay
46.43,left,0.425290204925,0.258224029148,-0.167066175777,decay
46.44,left,0.425385341879,0.258209737911,-0.167175603967,decay
46.45,left,0.425462229754,0.258196197601,-0.167266032153,decay
46.46,left,0.425519711504,0.258183348534,-0.16733636297,decay
46.47,left,0.425557661314,0.258171123015,-0.167386538299,decay
46.48,left,0.425576851112,0.258159447535,-0.167417403577,decay
46.49,left,0.425579008788,0.258148244729,-0.167430764059,decay
46.5,left,0.425566975199,0.258137435123,-0.167429540076,decay
46.51,left,0.425544552395,0.258126938737,-0.167417613658,decay
46.52,left,0.425516039932,0.25811667658,-0.167399363353,decay
46.53,left,0.425485746539,0.258106572034,-0.167379174505,decay
46.54,left,0.425457532718,0.258096552043,-0.167360980676,decay
46.55,left,0.425434425736,0.258086548033,-0.167347877703,decay
46.56,left,0.425418490119,0.258076496682,-0.167341993437,decay
46.57,left,0.425410895292,0.258066340699,-0.167344554594,decay
46.58,left,0.425411952661,0.258056029715,-0.167355922945,decay
46.59,left,0.425421101947,0.258045521304,-0.167375580643,decay
46.6,left,0.425436899167,0.258034782164,-0.167402117004,decay
46.61,left,0.425456912555,0.2580237895,-0.167433123055,decay
46.62,left,0.425477557347,0.258012532627,-0.167465024719,decay
46.63,left,0.425494189291,0.258001014498,-0.167493174792,decay
46.64,left,0.425501532397,0.257989252157,-0.16751228024,decay
46.65,left,0.425494091889,0.257977275364,-0.167516816525,decay
46.66,left,0.425466463628,0.257965123936,-0.167501339692,decay
46.67,left,0.425413768656,0.257952844832,-0.167460923824,decay
46.68,left,0.425332142066,0.257940489351,-0.167391652715,decay
46.69,left,0.425219053979,0.257928110439,-0.167290943539,decay
46.7,left,0.425073506714,0.257915760033,-0.167157746681,decay
46.71,left,0.424896138223,0.257903486397,-0.166992651825,decay
46.72,left,0.424689093219,0.257891331399,-0.166797761819,decay
46.73,left,0.42445571542,0.257879327971,-0.166576387449,decay
46.74,left,0.42420026616,0.257867498675,-0.166332767485,decay
46.75,left,0.423927643618,0.257855856075,-0.166071787543,decay
46.76,left,0.423642997687,0.257844404352,-0.165798593336,decay
46.77,left,0.423351449686,0.257833141186,-0.1655183085,decay
46.78,left,0.423058154051,0.25782205953,-0.165236094521,decay
46.79,left,0.422768529079,0.257811149251,-0.164957379828,decay
46.8,left,0.422488436666,0.257800398691,-0.164688037975,decay
46.81,left,0.42222432423,0.257789796142,-0.164434528088,decay
46.82,left,0.421983197922,0.257779331302,-0.16420386662,decay
46.83,left,0.421772217315,0.257768996587,-0.164003220728,decay
46.84,left,0.421598073142,0.257758788013,-0.163839285128,decay
46.85,left,0.421466470012,0.257748705396,-0.163717764616,decay
46.86,left,0.421381756943,0.257738752067,-0.163643004876,decay
46.87,left,0.421346642835,0.257728934457,-0.163617708378,decay
46.88,left,0.421362049848,0.257719261681,-0.163642788166,decay
46.89,left,0.421427051926,0.257709745138,-0.163717306787,decay
46.9,left,0.421538748057,0.2577003981,-0.163838349957,decay
46.91,left,0.421692203091,0.257691235302,-0.164000967789,decay
46.92,left,0.421880763137,0.257682272505,-0.164198490633,decay
46.93,left,0.422096646424,0.257673526116,-0.164423120307,decay
46.94,left,0.422331454865,0.257665013127,-0.164666441738,decay
46.95,left,0.422576613448,0.257656751549,-0.164919861899,decay
46.96,left,0.42282386643,0.25764876122,-0.165175105209,decay
46.97,left,0.423065699891,0.257641064689,-0.165424635201,decay
46.98,left,0.423295646721,0.257633688093,-0.165661958629,decay
46.99,left,0.423508577294,0.257626662009,-0.165881915285,decay
47,left,0.423700870845,0.257620022305,-0.166080848541,decay
47.01,left,0.423870372085,0.257613810978,-0.166256561107,decay
47.02,left,0.424016352703,0.257608076996,-0.166408275708,decay
47.03,left,0.424139574256,0.257602876846,-0.16653669741,decay
47.04,left,0.424242128851,0.257598273896,-0.166643854955,decay
47.05,left,0.424326902746,0.25759433585,-0.166732566896,decay
47.06,left,0.424397005021,0.25759113077,-0.166805874251,decay
47.07,left,0.424455365156,0.257588722516,-0.16686664264,decay
47.08,left,0.424504334397,0.257587165903,-0.166917168494,decay
47.09,left,0.424545321925,0.257586501513,-0.166958820411,decay
47.1,left,0.424578640899,0.257586750073,-0.166991890826,decay
47.11,left,0.424603485528,0.257587906288,-0.16701557924,decay
47.12,left,0.424618018233,0.257589932041,-0.167028086192,decay
47.13,left,0.424619746974,0.257592749945,-0.167026997029,decay
47.14,left,0.424606131855,0.2575962406,-0.167009891256,decay
47.15,left,0.424575170785,0.257600246091,-0.166974924694,decay
47.16,left,0.424525895073,0.257604577872,-0.166921317201,decay
47.17,left,0.424458704283,0.257609025619,-0.166849678663,decay
47.18,left,0.424375305933,0.257613365794,-0.16676194014,decay
47.19,left,0.424278317519,0.257617369955,-0.166660947564,decay
47.2,left,0.424171021554,0.257620813034,-0.16655020852,decay
47.21,left,0.424057441746,0.257623481737,-0.166433960009,decay
47.22,left,0.423942319342,0.257625183281,-0.166317136061,decay
47.23,left,0.423830771739,0.257625753712,-0.166205018027,decay
47.24,left,0.423727828675,0.257625063095,-0.16610276558,decay
47.25,left,0.423637931024,0.257623015511,-0.166014915513,decay
47.26,left,0.423564447401,0.257619545567,-0.165944901835,decay
47.27,left,0.423509454392,0.257614614378,-0.165894840014,decay
47.28,left,0.423473831681,0.257608206222,-0.165865625458,decay
47.29,left,0.423457427281,0.257600325927,-0.165857101353,decay
47.3,left,0.423459230888,0.257590996957,-0.165868233931,decay
47.31,left,0.423477680999,0.257580260157,-0.165897420842,decay
47.32,left,0.423510970466,0.257568173144,-0.165942797322,decay
47.33,left,0.423557101131,0.257554810065,-0.166002291066,decay
47.34,left,0.423613779572,0.257540260966,-0.166073518606,decay
47.35,left,0.423678360541,0.257524630152,-0.166153730389,decay
47.36,left,0.423747802692,0.257508033951,-0.16623976874,decay
47.37,left,0.423818689216,0.257490598574,-0.166328090642,decay
47.38,left,0.423887554413,0.257472458355,-0.166415096058,decay
47.39,left,0.423951411012,0.257453754328,-0.166497656684,decay
47.4,left,0.424008074882,0.25743463309,-0.166573441792,decay
47.41,left,0.424056190593,0.257415245886,-0.166640944707,decay
47.42,left,0.424095137256,0.25739574788,-0.166699389376,decay
47.43,left,0.424124918853,0.257376297427,-0.166748621427,decay
47.44,left,0.424146166194,0.25735705489,-0.166789111303,decay
47.45,left,0.424160373444,0.257338180672,-0.166822192772,decay
47.46,left,0.424170162126,0.257319832582,-0.166850329544,decay
47.47,left,0.42417918721,0.257302162904,-0.166877024306,decay
47.48,left,0.424191636362,0.257285315213,-0.16690632115,decay
47.49,left,0.424211556377,0.257269420896,-0.166942135481,decay
47.5,left,0.424242050709,0.257254595272,-0.166987455437,decay
47.51,left,0.42428440465,0.25724093321,-0.16704347144,decay
47.52,left,0.424337577113,0.257228504168,-0.167109072946,decay
47.53,left,0.424398352033,0.257217347391,-0.167181004643,decay
47.54,left,0.424461938457,0.25720746987,-0.167254468587,decay
47.55,left,0.424522827701,0.25719884903,-0.167323978671,decay
47.56,left,0.424575878407,0.257191438649,-0.167384439758,decay
47.57,left,0.424617349554,0.257185175336,-0.167432174219,decay
47.58,left,0.424645477668,0.257179984526,-0.167465493141,decay
47.59,left,0.424660502946,0.257175786021,-0.167484716926,decay
47.6,left,0.424664256337,0.257172499154,-0.167491757183,decay
47.61,left,0.424659371217,0.257170047716,-0.167489323501,decay
47.62,left,0.424648358414,0.257168364705,-0.167479993709,decay
47.63,left,0.424632997476,0.25716739645,-0.167465601026,decay
47.64,left,0.424614124653,0.257167104371,-0.167447020281,decay
47.65,left,0.424591541684,0.25716746309,-0.167424078594,decay
47.66,left,0.424564049616,0.257168455887,-0.167395593729,decay
47.67,left,0.424529707685,0.257170069295,-0.167359638389,decay
47.68,left,0.42448608467,0.25717228753,-0.16731379714,decay
47.69,left,0.424430360865,0.257175086717,-0.167255274148,decay
47.7,left,0.424359519889,0.257178428848,-0.167181091041,decay
47.71,left,0.424270771585,0.257182255358,-0.167088516227,decay
47.72,left,0.42416210519,0.257186480255,-0.166975624935,decay
47.73,left,0.424032967556,0.257190983705,-0.16684198385,decay
47.74,left,0.423884989849,0.257195609192,-0.166689380657,decay
47.75,left,0.423722373489,0.257200166618,-0.166522206871,decay
47.76,left,0.423551692264,0.257204439614,-0.166347252651,decay
47.77,left,0.423381352263,0.257208193926,-0.166173158336,decay
47.78,left,0.423220936424,0.257211185716,-0.166009750709,decay
47.79,left,0.423080336413,0.257213169827,-0.165867166586,decay
47.8,left,0.422968755199,0.257213908232,-0.165754846967,decay
47.81,left,0.422893901533,0.257213178844,-0.165680722689,decay
47.82,left,0.422861425659,0.257210784887,-0.165650640772,decay
47.83,left,0.422874526931,0.257206563949,-0.165667962982,decay
47.84,left,0.422933822245,0.257200393478,-0.165733428767,decay
47.85,left,0.423037425622,0.257192190313,-0.165845235309,decay
47.86,left,0.423181064471,0.257181906202,-0.165999158269,decay
47.87,left,0.423358328467,0.2571695228,-0.166188805666,decay
47.88,left,0.423561281357,0.257155047547,-0.166406233809,decay
47.89,left,0.423781318193,0.257138510471,-0.166642807721,decay
47.9,left,0.424009885601,0.257119961881,-0.16688992372,decay
47.91,left,0.424238967405,0.257099470895,-0.16713949651,decay
47.92,left,0.424461500508,0.257077124773,-0.167384375734,decay
47.93,left,0.42467172082,0.257053028741,-0.167618692079,decay
47.94,left,0.4248654055,0.257027305392,-0.167838100108,decay
47.95,left,0.425040046052,0.257000092978,-0.168039953074,decay
47.96,left,0.425194768796,0.256971543024,-0.168223225772,decay
47.97,left,0.425329849951,0.256941818121,-0.16838803183,decay
47.98,left,0.425446116344,0.256911090196,-0.168535026148,decay
47.99,left,0.425544599672,0.256879539225,-0.168665060447,decay
48,left,0.425626438659,0.256847352325,-0.168779086334,decay
48.01,left,0.425692889783,0.256814723169,-0.168878166614,decay
48.02,left,0.425745402567,0.256781851659,-0.168963550908,decay
48.03,left,0.425785602307,0.256748943619,-0.169036658688,decay
48.04,left,0.425814945522,0.256716209842,-0.16909873568,decay
48.05,left,0.425834141765,0.256683863967,-0.169150277798,decay
48.06,left,0.425842733166,0.256652119457,-0.169190613708,decay
48.07,left,0.425839018008,0.256621186189,-0.169217831819,decay
48.08,left,0.425820273367,0.256591266818,-0.169229006549,decay
48.09,left,0.425783286579,0.256562552823,-0.169220733756,decay
48.1,left,0.425725067127,0.256535220121,-0.169189847006,decay
48.11,left,0.425643358852,0.256509424128,-0.169133934724,decay
48.12,left,0.425536782892,0.256485294159,-0.169051488733,decay
48.13,left,0.425404827716,0.256462927858,-0.168941899857,decay
48.14,left,0.425247853252,0.256442388157,-0.168805465095,decay
48.15,left,0.425067068328,0.25642370464,-0.168643363688,decay
48.16,left,0.424864457577,0.256406877841,-0.168457579737,decay
48.17,left,0.424642615378,0.25639188381,-0.168250731568,decay
48.18,left,0.424404337426,0.256378677937,-0.16802565949,decay
48.19,left,0.424152038908,0.256367197974,-0.167784840934,decay
48.2,left,0.423887419523,0.256357366342,-0.167530053181,decay
48.21,left,0.423611562555,0.256349091749,-0.167262470807,decay
48.22,left,0.423325249712,0.256342270185,-0.166982979527,decay
48.23,left,0.423029429098,0.256336785563,-0.166692643535,decay
48.24,left,0.422725852302,0.256332510772,-0.166393341529,decay
48.25,left,0.422417586106,0.256329309757,-0.166088276349,decay
48.26,left,0.422109128467,0.256327040251,-0.165782088216,decay
48.27,left,0.421806109368,0.256325556493,-0.165480552876,decay
48.28,left,0.421514556046,0.256324711675,-0.165189844371,decay
48.29,left,0.421239870511,0.256324360177,-0.164915510334,decay
48.3,left,0.420986075231,0.256324359661,-0.16466171557,decay
48.31,left,0.420755732093,0.256324573088,-0.164431159005,decay
48.32,left,0.420550312945,0.256324870739,-0.164225442207,decay
48.33,left,0.420370652373,0.256325132059,-0.164045520314,decay
48.34,left,0.420217398781,0.256325246693,-0.163892152087,decay
48.35,left,0.420091344876,0.25632511422,-0.163766230656,decay
48.36,left,0.419993417294,0.256324643006,-0.163668774288,decay
48.37,left,0.419924462525,0.256323748941,-0.163600713585,decay
48.38,left,0.419885123987,0.256322354342,-0.163562769645,decay
48.39,left,0.419875705668,0.256320387074,-0.163555318594,decay
48.4,left,0.419895835714,0.256317779877,-0.163578055837,decay
48.41,left,0.419944094263,0.25631446992,-0.163629624343,decay
48.42,left,0.420017775322,0.256310398579,-0.163707376743,decay
48.43,left,0.420112770499,0.25630551141,-0.16380725909,decay
48.44,left,0.420223713903,0.256299758149,-0.163923955753,decay
48.45,left,0.42034460509,0.256293092638,-0.164051512452,decay
48.46,left,0.420469734011,0.256285472763,-0.164184261248,decay
48.47,left,0.4205944588,0.256276860626,-0.164317598173,decay
48.48,left,0.420715697972,0.256267222999,-0.164448474973,decay
48.49,left,0.420832207402,0.256256532113,-0.164575675289,decay
48.5,left,0.42094449801,0.256244766786,-0.164699731225,decay
48.51,left,0.421054378528,0.256231913924,-0.164822464604,decay
48.52,left,0.421164458351,0.256217970416,-0.164946487935,decay
48.53,left,0.42127776896,0.25620294513,-0.165074823831,decay
48.54,left,0.421397397799,0.256186860014,-0.165210537785,decay
48.55,left,0.421526169033,0.256169749546,-0.165356419487,decay
48.56,left,0.421666432683,0.256151659097,-0.165514773586,decay
48.57,left,0.421819826423,0.256132643256,-0.165687183167,decay
48.58,left,0.421987014473,0.256112764499,-0.165874249974,decay
48.59,left,0.422167671173,0.256092092227,-0.166075578946,decay
48.6,left,0.422360776103,0.256070702121,-0.166290073983,decay
48.61,left,0.422565017753,0.2560486758,-0.166516341953,decay
48.62,left,0.422779271385,0.256026100755,-0.166753170629,decay
48.63,left,0.423003182382,0.25600307042,-0.167000111962,decay
48.64,left,0.423237513441,0.255979684024,-0.167257829417,decay
48.65,left,0.423483915906,0.255956045935,-0.167527869971,decay
48.66,left,0.423744317504,0.255932264664,-0.16781205284,decay
48.67,left,0.424020220689,0.255908451829,-0.16811176886,decay
48.68,left,0.424311943942,0.255884721199,-0.168427222743,decay
48.69,left,0.42461796339,0.255861187777,-0.168756775613,decay
48.7,left,0.424934631021,0.255837966882,-0.169096664139,decay
48.71,left,0.425256239098,0.255815173185,-0.169441065913,decay
48.72,left,0.425575295199,0.255792919663,-0.169782375536,decay
48.73,left,0.425883080937,0.255771316456,-0.170111764481,decay
48.74,left,0.426170455326,0.25575046977,-0.170419985556,decay
48.75,left,0.426428581173,0.255730480868,-0.170698100305,decay
48.76,left,0.426649427318,0.255711445043,-0.170937982275,decay
48.77,left,0.426826244138,0.255693450345,-0.171132793793,decay
48.78,left,0.426954030598,0.255676575965,-0.171277454633,decay
48.79,left,0.427029767852,0.255660890218,-0.171368877634,decay
48.8,left,0.427052506253,0.255646448069,-0.171406058184,decay
48.81,left,0.427023512723,0.255633288149,-0.171390224574,decay
48.82,left,0.426946299643,0.255621429206,-0.171324870437,decay
48.83,left,0.426826315939,0.255610866493,-0.171215449446,decay
48.84,left,0.426670353152,0.255601569844,-0.171068783309,decay
48.85,left,0.426485696687,0.255593484752,-0.170892211935,decay
48.86,left,0.426279056916,0.255586535453,-0.170692521462,decay
48.87,left,0.426055618391,0.255580628208,-0.170474990182,decay
48.88,left,0.425818579647,0.255575654071,-0.170242925576,decay
48.89,left,0.425569177951,0.255571491166,-0.169997686785,decay
48.9,left,0.425307063986,0.255568006518,-0.169739057468,decay
48.91,left,0.425031093526,0.255565057511,-0.169466036015,decay
48.92,left,0.424740484291,0.255562493014,-0.169177991277,decay
48.93,left,0.424435958587,0.2555601544,-0.168875804187,decay
48.94,left,0.424120565177,0.255557876974,-0.168562688203,decay
48.95,left,0.423800002962,0.255555492229,-0.168244510734,decay
48.96,left,0.423482175787,0.255552830746,-0.167929345041,decay
48.97,left,0.423176025487,0.25554972532,-0.167626300167,decay
48.98,left,0.422890210926,0.255546014214,-0.167344196712,decay
48.99,left,0.422632037104,0.255541544607,-0.167090492497,decay
49,left,0.422406624062,0.255536176334,-0.166870447728,decay
49.01,left,0.422216388416,0.255529786022,-0.166686602394,decay
49.02,left,0.422060997747,0.255522271709,-0.166538726038,decay
49.03,left,0.421937676577,0.255513557341,-0.166424119235,decay
49.04,left,0.421841664002,0.255503594961,-0.16633806904,decay
49.05,left,0.421766912842,0.255492362965,-0.166274549877,decay
49.06,left,0.421707095189,0.255479861689,-0.166227233499,decay
49.07,left,0.421656574765,0.255466108618,-0.166190466146,decay
49.08,left,0.42161103532,0.255451134097,-0.166159901223,decay
49.09,left,0.421567802731,0.255434977562,-0.166132825169,decay
49.1,left,0.421525846471,0.255417684224,-0.166108162247,decay
49.11,left,0.421485382168,0.255399302141,-0.166086080027,decay
49.12,left,0.421447309151,0.255379879617,-0.166067429534,decay
49.13,left,0.421412763742,0.255359463054,-0.166053300688,decay
49.14,left,0.42138276931,0.25533809573,-0.16604467358,decay
49.15,left,0.421358012401,0.25531581788,-0.16604219452,decay
49.16,left,0.421338960592,0.255292667749,-0.166046292842,decay
49.17,left,0.42132624184,0.255268683102,-0.166057558738,decay
49.18,left,0.421320872775,0.255243902952,-0.166076969823,decay
49.19,left,0.421324152115,0.255218369531,-0.166105782585,decay
49.2,left,0.421337363571,0.255192130499,-0.166145233071,decay
49.21,left,0.421361371004,0.25516524144,-0.166196129564,decay
49.22,left,0.421396183981,0.255137768647,-0.166258415333,decay
49.23,left,0.421440738289,0.255109791825,-0.166330946465,decay
49.24,left,0.421492890877,0.255081405361,-0.166411485515,decay
49.25,left,0.421549342652,0.255052717189,-0.166496625463,decay
49.26,left,0.421605544078,0.255023845946,-0.166581698132,decay
49.27,left,0.421655933995,0.254994917753,-0.166661016242,decay
49.28,left,0.421694551712,0.254966063118,-0.166728488594,decay
49.29,left,0.421715784693,0.254937413915,-0.166778370777,decay
49.3,left,0.421715092523,0.254909100368,-0.166805992154,decay
49.31,left,0.421689556112,0.254881247958,-0.166808308154,decay
49.32,left,0.421638024948,0.254853974173,-0.166784050775,decay
49.33,left,0.42156086253,0.254827385361,-0.166733477169,decay
49.34,left,0.421459549581,0.254801574709,-0.166657974872,decay
49.35,left,0.421336229411,0.254776622094,-0.166559607318,decay
49.36,left,0.421193179104,0.254752595166,-0.166440583938,decay
49.37,left,0.421032504863,0.254729550533,-0.16630295433,decay
49.38,left,0.420856290236,0.254707534573,-0.166148755663,decay
49.39,left,0.420666891773,0.254686583836,-0.165980307936,decay
49.4,left,0.420467055657,0.254666725038,-0.165800330619,decay
49.41,left,0.420259912119,0.254647974626,-0.165611937493,decay
49.42,left,0.420048922944,0.254630337913,-0.165418585031,decay
49.43,left,0.41983778046,0.254613808004,-0.165223972456,decay
49.44,left,0.419630422302,0.254598365312,-0.16503205699,decay
49.45,left,0.419431222734,0.254583978238,-0.164847244496,decay
49.46,left,0.41924500262,0.254570604579,-0.164674398041,decay
49.47,left,0.419076605513,0.25455819288,-0.164518412633,decay
49.48,left,0.418930371342,0.254546683408,-0.164383687934,decay
49.49,left,0.418809820051,0.254536008756,-0.164273811295,decay
49.5,left,0.41871738694,0.254526094095,-0.164191292844,decay
49.51,left,0.418654172487,0.254516857106,-0.164137315382,decay
49.52,left,0.418619939078,0.254508207594,-0.164111731484,decay
49.53,left,0.418613278237,0.254500047113,-0.164113231124,decay
49.54,left,0.418631731632,0.254492269528,-0.164139462104,decay
49.55,left,0.418671938312,0.254484763249,-0.164187175063,decay
49.56,left,0.418729828694,0.254477414672,-0.164252414022,decay
49.57,left,0.418800711196,0.254470111949,-0.164330599247,decay
49.58,left,0.418879350456,0.254462748773,-0.164416601682,decay
49.59,left,0.418960276566,0.25445522825,-0.164505048316,decay
49.6,left,0.419038229099,0.254447466923,-0.164590762176,decay
49.61,left,0.419108466338,0.254439399053,-0.164669067285,decay
49.62,left,0.419166975185,0.254430981244,-0.16473599394,decay
49.63,left,0.419210761785,0.254422196774,-0.164788565011,decay
49.64,left,0.419238143637,0.25441305749,-0.164825086147,decay
49.65,left,0.419248931476,0.254403601638,-0.164845329838,decay
49.66,left,0.419244533515,0.254393888845,-0.16485064467,decay
49.67,left,0.419227805233,0.254383994489,-0.164843810745,decay
49.68,left,0.41920241669,0.254374004298,-0.164828412391,decay
49.69,left,0.419171957832,0.254364009166,-0.164807948666,decay
49.7,left,0.419139185161,0.254354100061,-0.1647850851,decay
49.71,left,0.419105569605,0.254344362952,-0.164761206653,decay
49.72,left,0.419071237255,0.254334873619,-0.164736363636,decay
49.73,left,0.419035415786,0.254325692824,-0.164709722962,decay
49.74,left,0.418997197509,0.254316863434,-0.164680334074,decay
49.75,left,0.418956166078,0.254308410737,-0.16464775534,decay
49.76,left,0.418912709691,0.254300344959,-0.164612364732,decay
49.77,left,0.418868128246,0.254292664244,-0.164575464002,decay
49.78,left,0.41882441314,0.254285357404,-0.164539055736,decay
49.79,left,0.418783608158,0.254278406435,-0.164505201723,decay
49.8,left,0.418747173876,0.254271788816,-0.16447538506,decay
49.81,left,0.41871572838,0.254265479662,-0.164450248718,decay
49.82,left,0.418689028141,0.254259453747,-0.164429574394,decay
49.83,left,0.418666021828,0.254253687298,-0.16441233453,decay
49.84,left,0.41864497212,0.25424815913,-0.16439681299,decay
49.85,left,0.418623542354,0.254242850796,-0.164380691558,decay
49.86,left,0.418598788387,0.254237746031,-0.164361042356,decay
49.87,left,0.418567231666,0.254232829957,-0.164334401709,decay
49.88,left,0.41852516172,0.254228088243,-0.164297073477,decay
49.89,left,0.418469097625,0.254223506226,-0.164245591399,decay
49.9,left,0.418396355221,0.254219067983,-0.164177287238,decay
49.91,left,0.418305785488,0.254214755343,-0.164091030145,decay
49.92,left,0.418198506222,0.254210546826,-0.163987959396,decay
49.93,left,0.418078208715,0.254206416587,-0.163871792128,decay
49.94,left,0.41795092989,0.254202333607,-0.163748596283,decay
49.95,left,0.41782444337,0.254198261328,-0.163626182042,decay
49.96,left,0.417707311016,0.254194157587,-0.163513153429,decay
49.97,left,0.417607747741,0.254189974575,-0.163417773167,decay
49.98,left,0.417532616012,0.254185658727,-0.163346957284,decay
49.99,left,0.417486628677,0.254181150546,-0.16330547813,decay
50,left,0.417471696082,0.254176384357,-0.163295311724,decay
50.01,left,0.417486607882,0.254171288019,-0.163315319862,decay
50.02,left,0.417527281043,0.254165782599,-0.163361498444,decay
50.03,left,0.417587408557,0.254159782214,-0.163427626343,decay
50.04,left,0.417659242158,0.254153194673,-0.163506047485,decay
50.05,left,0.417734561004,0.254145923396,-0.163588637608,decay
50.06,left,0.417805790889,0.25413787032,-0.163667920569,decay
50.07,left,0.417866936738,0.254128939245,-0.163737997493,decay
50.08,left,0.417914242584,0.254119039414,-0.16379520317,decay
50.09,left,0.417946672882,0.254108089413,-0.16383858347,decay
50.1,left,0.41796595449,0.25409602145,-0.16386993304,decay
50.11,left,0.417975978369,0.254082786127,-0.163893192242,decay
50.12,left,0.417981870048,0.254068357768,-0.163913512279,decay
50.13,left,0.417989037996,0.254052739647,-0.163936298349,decay
50.14,left,0.41800224506,0.254035966761,-0.163966278299,decay
50.15,left,0.418024871279,0.254018104377,-0.164006766903,decay
50.16,left,0.418058665424,0.253999243709,-0.164059421715,decay
50.17,left,0.418104006801,0.25397949715,-0.164124509651,decay
50.18,left,0.418160411845,0.253958993998,-0.164201417848,decay
50.19,left,0.418227068086,0.253937876681,-0.164289191405,decay
50.2,left,0.418303219697,0.253916297374,-0.164386922323,decay
50.21,left,0.418388188538,0.25389441492,-0.164493773618,decay
50.22,left,0.418481168745,0.253872391983,-0.164608776762,decay
50.23,left,0.418581213114,0.253850392403,-0.164730820711,decay
50.24,left,0.418687370318,0.253828578922,-0.164858791396,decay
50.25,left,0.418798621326,0.25380711137,-0.164991509955,decay
50.26,left,0.418913655197,0.253786145114,-0.165127510083,decay
50.27,left,0.419030735564,0.253765829454,-0.16526490611,decay
50.28,left,0.419147694036,0.253746305811,-0.165401388225,decay
50.29,left,0.419262065504,0.253727705626,-0.165534359878,decay
50.3,left,0.419371476273,0.253710147895,-0.165661328378,decay
50.31,left,0.419474127926,0.253693736288,-0.165780391638,decay
50.32,left,0.419569019388,0.253678555753,-0.165890463635,decay
50.33,left,0.419655896529,0.253664669105,-0.165991227424,decay
50.34,left,0.419735118937,0.253652115279,-0.166083003658,decay
50.35,left,0.419807377468,0.253640910507,-0.166166466961,decay
50.36,left,0.419873243382,0.253631051451,-0.166242191931,decay
50.37,left,0.419932837311,0.253622518486,-0.166310318825,decay
50.38,left,0.41998572681,0.253615278464,-0.166370448346,decay
50.39,left,0.420030831389,0.253609286923,-0.166421544466,decay
50.4,left,0.42006632194,0.253604489798,-0.166461832142,decay
50.41,left,0.420089732688,0.253600824656,-0.166488908033,decay
50.42,left,0.420098279119,0.253598221512,-0.166500057607,decay
50.43,left,0.420089267548,0.253596603361,-0.166492664187,decay
50.44,left,0.42006064738,0.253595886842,-0.166464760538,decay
50.45,left,0.420011648158,0.253595983381,-0.166415664777,decay
50.46,left,0.419943140354,0.253596800601,-0.166346339753,decay
50.47,left,0.419857518061,0.253598243653,-0.166259274408,decay
50.48,left,0.41975835606,0.253600216342,-0.166158139718,decay
50.49,left,0.419650031295,0.253602622074,-0.166047409221,decay
50.5,left,0.419537225817,0.25360536466,-0.165931861157,decay
50.51,left,0.419424430984,0.253608349024,-0.16581608196,decay
50.52,left,0.419315686798,0.253611481835,-0.165704204963,decay
50.53,left,0.419214507216,0.253614672056,-0.165599835161,decay
50.54,left,0.419123886864,0.253617831246,-0.165506055618,decay
50.55,left,0.419046379573,0.253620873521,-0.165425506052,decay
50.56,left,0.418984105874,0.253623715285,-0.165360390589,decay
50.57,left,0.418938536752,0.253626274942,-0.16531226181,decay
50.58,left,0.418910237,0.253628472695,-0.165281764305,decay
50.59,left,0.418898868036,0.253630230428,-0.165268637608,decay
50.6,left,0.4189033711,0.253631471718,-0.165271899382,decay
50.61,left,0.418922120187,0.253632121979,-0.165289998208,decay
50.62,left,0.418953158618,0.253632108764,-0.165321049854,decay
50.63,left,0.418994596497,0.253631362214,-0.165363234283,decay
50.64,left,0.419044941763,0.25362981553,-0.165415126233,decay
50.65,left,0.419103338353,0.253627405415,-0.165475932938,decay
50.66,left,0.419169891132,0.253624072564,-0.165545818568,decay
50.67,left,0.419245889862,0.253619762383,-0.165626127478,decay
50.68,left,0.419333625522,0.253614426002,-0.165719199519,decay
50.69,left,0.41943590698,0.25360802163,-0.16582788535,decay
50.7,left,0.41955550972,0.253600516274,-0.165954993446,decay
50.71,left,0.41969458235,0.253591887873,-0.166102694477,decay
50.72,left,0.419854085674,0.253582127875,-0.166271957799,decay
50.73,left,0.420033433436,0.253571243851,-0.166462189585,decay
50.74,left,0.420230267376,0.253559260767,-0.166671006609,decay
50.75,left,0.42044022275,0.253546219848,-0.166894002902,decay
50.76,left,0.420656862631,0.253532175833,-0.167124686798,decay
50.77,left,0.420872012189,0.253517194053,-0.167354818137,decay
50.78,left,0.421076382812,0.253501347865,-0.167575034947,decay
50.79,left,0.421260351667,0.253484716462,-0.167775635205,decay
50.8,left,0.421414955223,0.253467382984,-0.167947572239,decay
50.81,left,0.421532877826,0.253449432889,-0.168083444937,decay
50.82,left,0.421608985021,0.253430952544,-0.168178032477,decay
50.83,left,0.421640379676,0.253412028034,-0.168228351642,decay
50.84,left,0.421626272775,0.253392744337,-0.168233528438,decay
50.85,left,0.421567752402,0.253373184958,-0.168194567443,decay
50.86,left,0.421467500157,0.253353431894,-0.168114068263,decay
50.87,left,0.421329687244,0.253333565725,-0.167996121519,decay
50.88,left,0.421160050851,0.253313665739,-0.167846385111,decay
50.89,left,0.420965776455,0.253293810066,-0.167671966389,decay
50.9,left,0.420755004273,0.253274075797,-0.167480928476,decay
50.91,left,0.420536122893,0.253254539086,-0.167281583808,decay
50.92,left,0.420316883711,0.253235275195,-0.167081608515,decay
50.93,left,0.420103384469,0.253216358441,-0.166887026028,decay
50.94,left,0.419899401343,0.253197861883,-0.16670153946,decay
50.95,left,0.41970645832,0.253179856632,-0.166526601689,decay
50.96,left,0.419524435103,0.253162410825,-0.166362024278,decay
50.97,left,0.419352356953,0.253145588378,-0.166206768575,decay
50.98,left,0.419189144917,0.253129447512,-0.166059697406,decay
50.99,left,0.419034101489,0.253114039044,-0.165920062445,decay
51,left,0.41888706065,0.253099404385,-0.165787656265,decay
51.01,left,0.418748368684,0.253085573206,-0.165662795478,decay
51.02,left,0.418618704267,0.253072560722,-0.165546143544,decay
51.03,left,0.418498541817,0.253060365035,-0.165438176782,decay
51.04,left,0.418387395754,0.25304896597,-0.165338429784,decay
51.05,left,0.418283383707,0.253038326536,-0.165245057172,decay
51.06,left,0.418183406219,0.25302839616,-0.165155010058,decay
51.07,left,0.418083779446,0.253019114222,-0.165064665225,decay
51.08,left,0.417981097575,0.253010413292,-0.164970684283,decay
51.09,left,0.417873055627,0.253002222114,-0.164870833513,decay
51.1,left,0.417758828106,0.252994468371,-0.164764359735,decay
51.11,left,0.417638933949,0.252987081309,-0.16465185264,decay
51.12,left,0.417514942826,0.252979994276,-0.16453494855,decay
51.13,left,0.417389219917,0.252973146974,-0.164416072943,decay
51.14,left,0.417264660864,0.252966486683,-0.164298174181,decay
51.15,left,0.417144546698,0.252959967884,-0.164184578814,decay
51.16,left,0.417032667898,0.25295355075,-0.164079117148,decay
51.17,left,0.416933440727,0.252947199319,-0.163986241408,decay
51.18,left,0.416851671475,0.252940879672,-0.163910791804,decay
51.19,left,0.416792113005,0.252934558134,-0.163857554871,decay
51.2,left,0.416759103835,0.252928199461,-0.163830904374,decay
51.21,left,0.416756306285,0.252921765011,-0.163834541274,decay
51.22,left,0.41678659991,0.252915210865,-0.163871389045,decay
51.23,left,0.416852268056,0.25290848614,-0.163943781916,decay
51.24,left,0.416955298359,0.252901532283,-0.164053766076,decay
51.25,left,0.417097523378,0.252894283931,-0.164203239447,decay
51.26,left,0.417280623564,0.252886670914,-0.16439395265,decay
51.27,left,0.417506021405,0.252878620635,-0.16462740077,decay
51.28,left,0.41777451545,0.252870060528,-0.164904454922,decay
51.29,left,0.418085712423,0.252860920624,-0.165224791799,decay
51.3,left,0.418437581858,0.252851136288,-0.16558644557,decay
51.31,left,0.418826287238,0.252840651192,-0.165985636046,decay
51.32,left,0.419246230046,0.252829420568,-0.166416809478,decay
51.33,left,0.419690337655,0.252817414355,-0.1668729233,decay
51.34,left,0.420150592216,0.252804618779,-0.167345973437,decay
51.35,left,0.420618480042,0.252791035304,-0.167827444738,decay
51.36,left,0.421085154074,0.252776677773,-0.168308476301,decay
51.37,left,0.421541548196,0.252761569255,-0.168779978941,decay
51.38,left,0.421978549857,0.252745739178,-0.16923281068,decay
51.39,left,0.42238706043,0.252729220747,-0.169657839683,decay
51.4,left,0.422758054819,0.25271204861,-0.170046006209,decay
51.41,left,0.423082886398,0.252694256714,-0.170388629683,decay
51.42,left,0.423353747809,0.25267587632,-0.17067787149,decay
51.43,left,0.423564127352,0.25265693426,-0.170907193092,decay
51.44,left,0.423709349123,0.252637451849,-0.171071897275,decay
51.45,left,0.423787201232,0.252617444726,-0.171169756506,decay
51.46,left,0.423798347143,0.252596923389,-0.171201423754,decay
51.47,left,0.423746322401,0.252575893973,-0.171170428428,decay
51.48,left,0.423637175023,0.25255435911,-0.171082815913,decay
51.49,left,0.423478663998,0.252532318858,-0.17094634514,decay
51.5,left,0.42327897248,0.252509771716,-0.170769200764,decay
51.51,left,0.42304539328,0.25248671575,-0.17055867753,decay
51.52,left,0.422783502228,0.252463149822,-0.170320352406,decay
51.53,left,0.42249692745,0.25243907485,-0.1700578526,decay
51.54,left,0.422187677313,0.25241449467,-0.169773182642,decay
51.55,left,0.421856893768,0.252389416238,-0.16946747753,decay
51.56,left,0.421505647505,0.252363849385,-0.16914179812,decay
51.57,left,0.421135538411,0.252337806562,-0.168797731849,decay
51.58,left,0.420749297837,0.252311302726,-0.168437995111,decay
51.59,left,0.420351483678,0.252284355394,-0.168067128284,decay
51.6,left,0.419948904007,0.252256984843,-0.167691919163,decay
51.61,left,0.41955048808,0.252229214479,-0.167321273601,decay
51.62,left,0.419166729688,0.252201071345,-0.166965658343,decay
51.63,left,0.418808811794,0.252172586771,-0.166636225023,decay
51.64,left,0.418487407722,0.25214379703,-0.166343610692,decay
51.65,left,0.418211441477,0.25211474396,-0.166096697517,decay
51.66,left,0.417987194578,0.252085475581,-0.165901718997,decay
51.67,left,0.417817807457,0.252056046834,-0.165761760623,decay
51.68,left,0.417703142569,0.252026520476,-0.165676622093,decay
51.69,left,0.417640091112,0.251996968141,-0.16564312297,decay
51.7,left,0.417623208276,0.251967471568,-0.165655736707,decay
51.71,left,0.417645447873,0.251938123987,-0.165707323886,decay
51.72,left,0.417698983001,0.25190903168,-0.165789951321,decay
51.73,left,0.417776109867,0.25188031534,-0.165895794526,decay
51.74,left,0.417869955499,0.2518521101,-0.166017845399,decay
51.75,left,0.417974765433,0.251824563328,-0.166150202105,decay
51.76,left,0.418085888832,0.251797830799,-0.166288058034,decay
51.77,left,0.418199532463,0.25177207229,-0.166427460172,decay
51.78,left,0.418312195982,0.25174744701,-0.166564748972,decay
51.79,left,0.41842004099,0.251724108759,-0.166695932231,decay
51.8,left,0.418518661692,0.251702200728,-0.166816460964,decay
51.81,left,0.418603269172,0.251681849803,-0.16692141937,decay
51.82,left,0.418669000686,0.251663160251,-0.167005840435,decay
51.83,left,0.418711322012,0.251646207513,-0.167065114499,decay
51.84,left,0.418726559707,0.251631034595,-0.167095525112,decay
51.85,left,0.418712417713,0.25161765299,-0.167094764724,decay
51.86,left,0.418668428875,0.251606046599,-0.167062382276,decay
51.87,left,0.418596387092,0.251596176002,-0.167000211089,decay
51.88,left,0.418500568088,0.251587981999,-0.166912586089,decay
51.89,left,0.418387493123,0.251581388407,-0.166806104716,decay
51.9,left,0.418265368342,0.251576304169,-0.166689064174,decay
51.91,left,0.418143461426,0.25157262482,-0.166570836606,decay
51.92,left,0.41803140069,0.251570233369,-0.16646116732,decay
51.93,left,0.417938430079,0.251569000895,-0.166369429184,decay
51.94,left,0.417872875072,0.251568787747,-0.166304087325,decay
51.95,left,0.417841773628,0.251569446041,-0.166272327587,decay
51.96,left,0.417850377518,0.251570823025,-0.166279554494,decay
51.97,left,0.417901643158,0.251572764551,-0.166328878607,decay
51.98,left,0.417996071249,0.251575118369,-0.16642095288,decay
51.99,left,0.418131912438,0.251577737311,-0.166554175127,decay
52,left,0.418305581191,0.251580482448,-0.166725098743,decay
52.01,left,0.418512202912,0.251583226313,-0.1669289766,decay
52.02,left,0.418746096116,0.251585856274,-0.167160239842,decay
52.03,left,0.419000955599,0.251588277687,-0.167412677912,decay
52.04,left,0.419269907744,0.2515904155,-0.167679492244,decay
52.05,left,0.419545788569,0.251592213298,-0.16795357527,decay
52.06,left,0.419821536554,0.251593630607,-0.168227905947,decay
52.07,left,0.420090406849,0.251594639874,-0.168495766975,decay
52.08,left,0.420346120285,0.2515952237,-0.168750896585,decay
52.09,left,0.420583123877,0.251595372335,-0.168987751543,decay
52.1,left,0.420796854379,0.251595081399,-0.16920177298,decay
52.11,left,0.420983981189,0.251594349801,-0.169389631388,decay
52.12,left,0.421142730157,0.251593177816,-0.169549552341,decay
52.13,left,0.421273153765,0.251591565359,-0.169681588406,decay
52.14,left,0.42137713297,0.251589510622,-0.169787622347,decay
52.15,left,0.421458134109,0.251587009195,-0.169871124914,decay
52.16,left,0.421520763398,0.251584053548,-0.16993670985,decay
52.17,left,0.421570017469,0.251580632666,-0.169989384804,decay
52.18,left,0.421610366223,0.251576731753,-0.17003363447,decay
52.19,left,0.421645102838,0.251572331993,-0.170072770845,decay
52.2,left,0.421676087107,0.251567410364,-0.170108676742,decay
52.21,left,0.421703625574,0.251561939517,-0.170141686057,decay
52.22,left,0.421726500763,0.251555887714,-0.170170613049,decay
52.23,left,0.421742363447,0.251549218853,-0.170193144594,decay
52.24,left,0.421748345265,0.251541892638,-0.170206452627,decay
52.25,left,0.421741670749,0.251533864943,-0.170207805806,decay
52.26,left,0.421720267469,0.251525088354,-0.170195179115,decay
52.27,left,0.421683200249,0.251515512864,-0.170167687386,decay
52.28,left,0.421630620848,0.251505086713,-0.170125534135,decay
52.29,left,0.421563305674,0.251493757407,-0.170069548268,decay
52.3,left,0.421482163376,0.25148147293,-0.170000690445,decay
52.31,left,0.42138788281,0.251468183205,-0.169919699605,decay
52.32,left,0.421280686365,0.251453841809,-0.169826844556,decay
52.33,left,0.421160284049,0.251438407812,-0.169721876236,decay
52.34,left,0.421026030483,0.251421847126,-0.169604183357,decay
52.35,left,0.420877009404,0.251404132934,-0.169472876469,decay
52.36,left,0.420711979849,0.251385245577,-0.169326734273,decay
52.37,left,0.420529408725,0.251365172545,-0.16916423618,decay
52.38,left,0.420327611053,0.251343908864,-0.168983702188,decay
52.39,left,0.420104892236,0.251321457888,-0.168783434347,decay
52.4,left,0.419859768159,0.25129783253,-0.168561935629,decay
52.41,left,0.419591272881,0.251273056939,-0.168318215942,decay
52.42,left,0.419299168941,0.251247168654,-0.168052000287,decay
52.43,left,0.418984049231,0.251220220898,-0.167763828333,decay
52.44,left,0.418647510559,0.251192283936,-0.167455226623,decay
52.45,left,0.418292334217,0.25116344468,-0.167128889536,decay
52.46,left,0.41792245069,0.251133805139,-0.166788645551,decay
52.47,left,0.417542760391,0.251103480818,-0.166439279573,decay
52.48,left,0.417158993889,0.2510725995,-0.166086394389,decay
52.49,left,0.416777517461,0.251041300387,-0.165736217074,decay
52.5,left,0.416405003404,0.251009733562,-0.165395269842,decay
52.51,left,0.416048136781,0.250978059728,-0.165070077053,decay
52.52,left,0.415713343522,0.250946450187,-0.164766893335,decay
52.53,left,0.415406334942,0.250915086728,-0.164491248214,decay
52.54,left,0.415131623727,0.250884160535,-0.164247463192,decay
52.55,left,0.414892318334,0.250853869396,-0.164038448938,decay
52.56,left,0.41469016214,0.250824413618,-0.163865748522,decay
52.57,left,0.414525708948,0.250795991419,-0.163729717529,decay
52.58,left,0.414398654707,0.250768794054,-0.163629860653,decay
52.59,left,0.414308134516,0.25074300056,-0.163565133956,decay
52.6,left,0.414252697072,0.25071877201,-0.163533925062,decay
52.61,left,0.414230126083,0.250696245125,-0.163533880958,decay
52.62,left,0.414237542158,0.250675525109,-0.163562017049,decay
52.63,left,0.414271787343,0.250656678607,-0.163615108736,decay
52.64,left,0.414329797715,0.250639729911,-0.163690067804,decay
52.65,left,0.414408932667,0.250624662777,-0.16378426989,decay
52.66,left,0.414507263934,0.250611426021,-0.163895837913,decay
52.67,left,0.414623589628,0.250599939602,-0.164023650026,decay
52.68,left,0.414757106732,0.250590099907,-0.164167006824,decay
52.69,left,0.414906941964,0.250581784227,-0.164325157737,decay
52.7,left,0.415071677222,0.250574854507,-0.164496822715,decay
52.71,left,0.415248973501,0.250569160484,-0.164679813017,decay
52.72,left,0.415435504261,0.250564542275,-0.164870961985,decay
52.73,left,0.415627256265,0.250560832602,-0.165066423663,decay
52.74,left,0.415819922614,0.250557859027,-0.165262063586,decay
52.75,left,0.416009204972,0.250555446504,-0.165453758468,decay
52.76,left,0.416191183004,0.250553420161,-0.165637762843,decay
52.77,left,0.416362754987,0.250551608076,-0.165811146911,decay
52.78,left,0.416521888361,0.25054984402,-0.165972044341,decay
52.79,left,0.41666766153,0.250547970234,-0.166119691296,decay
52.8,left,0.416800238539,0.250545840324,-0.166254398215,decay
52.81,left,0.416920735492,0.250543322371,-0.166377413121,decay
52.82,left,0.417031026303,0.250540302323,-0.166490723979,decay
52.83,left,0.41713369803,0.250536687258,-0.166597010772,decay
52.84,left,0.417232072698,0.250532406977,-0.166699665722,decay
52.85,left,0.417330011471,0.250527412775,-0.166802598695,decay
52.86,left,0.417431567485,0.250521674305,-0.166909893179,decay
52.87,left,0.417540782265,0.250515176163,-0.167025606102,decay
52.88,left,0.41766160979,0.250507914839,-0.16715369495,decay
52.89,left,0.417797755317,0.250499896048,-0.167297859269,decay
52.9,left,0.417952437147,0.250491132398,-0.167461304749,decay
52.91,left,0.418128113443,0.250481641355,-0.167646472088,decay
52.92,left,0.418326084134,0.250471443477,-0.167854640658,decay
52.93,left,0.418546151205,0.250460560865,-0.16808559034,decay
52.94,left,0.418786674005,0.250449015791,-0.168337658215,decay
52.95,left,0.419044877142,0.250436829443,-0.168608047699,decay
52.96,left,0.419317082659,0.250424020786,-0.168893061873,decay
52.97,left,0.419598955727,0.250410605534,-0.169188350193,decay
52.98,left,0.419885906141,0.25039659523,-0.169489310911,decay
52.99,left,0.420173486296,0.250381996414,-0.169791489882,decay
53,left,0.420457687721,0.250366809854,-0.170090877868,decay
53.01,left,0.420735182935,0.250351029844,-0.170384153091,decay
53.02,left,0.421003374076,0.250334643544,-0.170668730532,decay
53.03,left,0.421260109463,0.250317630524,-0.170942478939,decay
53.04,left,0.421503333462,0.250299963069,-0.171203370393,decay
53.05,left,0.421730998235,0.250281607632,-0.171449390603,decay
53.06,left,0.421941145786,0.250262527184,-0.171678618602,decay
53.07,left,0.422131995341,0.25024268392,-0.171889311421,decay
53.08,left,0.422302125714,0.250222042167,-0.172080083547,decay
53.09,left,0.4224506799,0.250200571509,-0.172250108391,decay
53.1,left,0.422577320444,0.2501782502,-0.172399070243,decay
53.11,left,0.422681990696,0.25015506892,-0.172526921776,decay
53.12,left,0.422764715267,0.250131034944,-0.172633680323,decay
53.13,left,0.422825457033,0.25010617618,-0.172719280854,decay
53.14,left,0.422864089884,0.250080543263,-0.172783546621,decay
53.15,left,0.422880668182,0.250054208313,-0.172826459868,decay
53.16,left,0.422875839236,0.250027261401,-0.172848577836,decay
53.17,left,0.422850989785,0.2499998066,-0.172851183185,decay
53.18,left,0.422808108148,0.249971958349,-0.172836149799,decay
53.19,left,0.422749672616,0.2499438381,-0.172805834516,decay
53.2,left,0.422678560881,0.249915571181,-0.1727629897,decay
53.21,left,0.422597791195,0.249887283786,-0.172710507409,decay
53.22,left,0.422510260156,0.249859100014,-0.172651160142,decay
53.23,left,0.422418697538,0.249831139109,-0.172587558428,decay
53.24,left,0.422325719654,0.249803513501,-0.172522206153,decay
53.25,left,0.422233867336,0.249776328128,-0.172457539208,decay
53.26,left,0.42214562258,0.249749680584,-0.172395941996,decay
53.27,left,0.422063236734,0.249723661366,-0.172339575368,decay
53.28,left,0.421988299577,0.249698353904,-0.172289945673,decay
53.29,left,0.421921375492,0.249673834305,-0.172247541187,decay
53.3,left,0.421862010745,0.249650170822,-0.172211839923,decay
53.31,left,0.421808997731,0.249627422988,-0.172181574743,decay
53.32,left,0.421760736611,0.249605640401,-0.17215509621,decay
53.33,left,0.421715776431,0.249584861388,-0.172130915043,decay
53.34,left,0.421673453941,0.249565112337,-0.172108341604,decay
53.35,left,0.421634312865,0.249546408306,-0.172087904559,decay
53.36,left,0.421600207979,0.249528754428,-0.172071453551,decay
53.37,left,0.421574113055,0.249512147281,-0.172061965775,decay
53.38,left,0.421559479979,0.24949657589,-0.172062904089,decay
53.39,left,0.42155921422,0.24948202235,-0.172077191871,decay
53.4,left,0.421574717812,0.249468462066,-0.172106255746,decay
53.41,left,0.421605355604,0.24945586365,-0.172149491953,decay
53.42,left,0.421648473521,0.249444188446,-0.172204285075,decay
53.43,left,0.42170003953,0.249433389897,-0.172266649633,decay
53.44,left,0.421755651792,0.249423413369,-0.172332238424,decay
53.45,left,0.421811228724,0.249414196871,-0.172397031853,decay
53.46,left,0.421862992073,0.249405672383,-0.17245731969,decay
53.47,left,0.421907132948,0.249397767167,-0.172509365781,decay
53.48,left,0.421939680197,0.249390404857,-0.172549275341,decay
53.49,left,0.421956649053,0.249383506334,-0.172573142718,decay
53.5,left,0.421954444099,0.249376990427,-0.172577453672,decay
53.51,left,0.421930506383,0.249370774454,-0.17255973193,decay
53.52,left,0.421883885135,0.249364774649,-0.172519110486,decay
53.53,left,0.421815398505,0.249358906527,-0.172456491977,decay
53.54,left,0.421727441675,0.249353085272,-0.172374356404,decay
53.55,left,0.421623573724,0.24934722625,-0.172276347474,decay
53.56,left,0.421507879028,0.249341245633,-0.172166633395,decay
53.57,left,0.421384264885,0.249335061073,-0.172049203812,decay
53.58,left,0.421255990472,0.249328592437,-0.171927398036,decay
53.59,left,0.421125392382,0.249321762622,-0.17180362976,decay
53.6,left,0.420993520719,0.249314498503,-0.171679022216,decay
53.61,left,0.420859755489,0.249306732017,-0.171553023473,decay
53.62,left,0.420721727604,0.24929840145,-0.171423326154,decay
53.63,left,0.420575601925,0.249289452732,-0.171286149193,decay
53.64,left,0.420416692307,0.249279840125,-0.171136852182,decay
53.65,left,0.420240451477,0.249269525829,-0.170970925648,decay
53.66,left,0.420043527772,0.2492584789,-0.170785048872,decay
53.67,left,0.419824341822,0.249246674131,-0.170577667691,decay
53.68,left,0.419583073173,0.2492340912,-0.170348981973,decay
53.69,left,0.419321326203,0.249220714076,-0.170100612126,decay
53.7,left,0.419041645585,0.249206530693,-0.169835114891,decay
53.71,left,0.418747048813,0.249191532884,-0.16955551593,decay
53.72,left,0.418440816466,0.249175716578,-0.169265099887,decay
53.73,left,0.418126489346,0.249159082243,-0.168967407103,decay
53.74,left,0.417807781941,0.24914163546,-0.168666146482,decay
53.75,left,0.417488421667,0.249123387584,-0.168365034083,decay
53.76,left,0.417172150339,0.249104356552,-0.168067793787,decay
53.77,left,0.416862761146,0.249084567938,-0.167778193208,decay
53.78,left,0.416563875254,0.249064056333,-0.167499818922,decay
53.79,left,0.416278579364,0.249042867054,-0.16723571231,decay
53.8,left,0.41600918972,0.249021058202,-0.166988131518,decay
53.81,left,0.415757167333,0.248998703097,-0.166758464236,decay
53.82,left,0.415523240996,0.248975893101,-0.166547347894,decay
53.83,left,0.415307792361,0.248952740356,-0.166355052005,decay
53.84,left,0.415111228055,0.248929378817,-0.166181849239,decay
53.85,left,0.414934075425,0.248905962379,-0.166028113046,decay
53.86,left,0.414776940842,0.248882660947,-0.165894279895,decay
53.87,left,0.414640543371,0.248859656018,-0.165780887352,decay
53.88,left,0.414525768579,0.248837136365,-0.165688632214,decay
53.89,left,0.414433678795,0.248815293754,-0.165618385041,decay
53.9,left,0.414365620192,0.248794318596,-0.165571301596,decay
53.91,left,0.414323404711,0.248774395397,-0.165549009314,decay
53.92,left,0.414309311877,0.248755697902,-0.165553613974,decay
53.93,left,0.414325904219,0.248738384292,-0.165587519927,decay
53.94,left,0.414375825453,0.248722593813,-0.16565323164,decay
53.95,left,0.414461545399,0.248708445892,-0.165753099507,decay
53.96,left,0.414585058663,0.248696040822,-0.165889017841,decay
53.97,left,0.41474770433,0.248685460426,-0.166062243904,decay
53.98,left,0.414950030181,0.24867676805,-0.166273262131,decay
53.99,left,0.415191476583,0.248670007804,-0.166521468778,decay
54,left,0.415469945144,0.248665203028,-0.166804742116,decay
54.01,left,0.415781485416,0.248662353937,-0.167119131479,decay
54.02,left,0.416120159581,0.248661434415,-0.167458725165,decay
54.03,left,0.416478113261,0.248662388612,-0.167815724649,decay
54.04,left,0.416846059869,0.248665129511,-0.168180930358,decay
54.05,left,0.417214202738,0.248669541116,-0.168544661622,decay
54.06,left,0.417573269595,0.248675483066,-0.168897786529,decay
54.07,left,0.417915449907,0.248682795456,-0.169232654451,decay
54.08,left,0.418235167388,0.248691303056,-0.169543864332,decay
54.09,left,0.41852942383,0.248700818941,-0.16982860489,decay
54.1,left,0.418797554323,0.24871114763,-0.170086406694,decay
54.11,left,0.419040636523,0.248722087846,-0.170318548677,decay
54.12,left,0.419260775971,0.248733434972,-0.170527340999,decay
54.13,left,0.419460291049,0.248744983315,-0.170715307734,decay
54.14,left,0.419641003608,0.248756528298,-0.170884475311,decay
54.15,left,0.419803898561,0.24876786869,-0.171036029871,decay
54.16,left,0.419948994452,0.24877880895,-0.171170185502,decay
54.17,left,0.420075162303,0.248789161721,-0.171286000582,decay
54.18,left,0.420180071295,0.248798750559,-0.171381320736,decay
54.19,left,0.4202604743,0.24880741298,-0.17145306132,decay
54.2,left,0.420312636452,0.248815003924,-0.171497632528,decay
54.21,left,0.420332776836,0.248821399721,-0.171511377115,decay
54.22,left,0.420317697958,0.248826502668,-0.17149119529,decay
54.23,left,0.420265531962,0.248830245512,-0.171435286451,decay
54.24,left,0.420176241638,0.248832593452,-0.171343648187,decay
54.25,left,0.420051788037,0.248833541832,-0.171218246205,decay
54.26,left,0.419896052205,0.248833110926,-0.171062941279,decay
54.27,left,0.419714424443,0.248831340307,-0.170883084136,decay
54.28,left,0.419513109245,0.248828283783,-0.170684825462,decay
54.29,left,0.419298446665,0.248824004895,-0.17047444177,decay
54.3,left,0.419076387073,0.248818572891,-0.170257814183,decay
54.31,left,0.418852088937,0.248812059091,-0.170040029846,decay
54.32,left,0.418629813209,0.24880453359,-0.169825279619,decay
54.33,left,0.418413281044,0.248796062432,-0.169617218612,decay
54.34,left,0.418206148315,0.248786705957,-0.169419442358,decay
54.35,left,0.418012129464,0.248776518803,-0.169235610661,decay
54.36,left,0.417834844876,0.248765551147,-0.169069293729,decay
54.37,left,0.41767762543,0.24875385042,-0.16892377501,decay
54.38,left,0.417543211714,0.248741463202,-0.168801748513,decay
54.39,left,0.417433354037,0.248728437293,-0.168704916744,decay
54.4,left,0.417348455446,0.248714823968,-0.168633631478,decay
54.41,left,0.41728726925,0.248700680454,-0.168586588796,decay
54.42,left,0.417246777837,0.248686072647,-0.168560705191,decay
54.43,left,0.4172225116,0.248671077649,-0.168551433951,decay
54.44,left,0.417209208419,0.248655784772,-0.168553423647,decay
54.45,left,0.417201386351,0.248640293953,-0.168561092398,decay
54.46,left,0.417193696487,0.248624712327,-0.16856898416,decay
54.47,left,0.417181332133,0.248609150328,-0.168572181805,decay
54.48,left,0.417160537203,0.248593717803,-0.1685668194,decay
54.49,left,0.417128918768,0.248578520122,-0.168550398646,decay
54.5,left,0.417085511106,0.248563654179,-0.168521856927,decay
54.51,left,0.417030730401,0.248549204205,-0.168481526196,decay
54.52,left,0.416966181552,0.24853523729,-0.168430944262,decay
54.53,left,0.41689435202,0.24852179907,-0.168372552951,decay
54.54,left,0.416818383475,0.248508911108,-0.168309472367,decay
54.55,left,0.416741852679,0.248496571183,-0.168245281497,decay
54.56,left,0.416668370082,0.248484755513,-0.16818361457,decay
54.57,left,0.416601158611,0.248473421273,-0.168127737338,decay
54.58,left,0.416542885984,0.248462508737,-0.168080377247,decay
54.59,left,0.416495638847,0.248451943028,-0.168043695819,decay
54.6,left,0.416460824045,0.248441635529,-0.168019188516,decay
54.61,left,0.416439109073,0.248431484988,-0.168007624085,decay
54.62,left,0.416430494027,0.248421378354,-0.168009115673,decay
54.63,left,0.416434369741,0.248411191572,-0.168023178169,decay
54.64,left,0.41644963031,0.248400790884,-0.168048839426,decay
54.65,left,0.416475096493,0.248390035123,-0.16808506137,decay
54.66,left,0.416510136981,0.248378778741,-0.16813135824,decay
54.67,left,0.416555114335,0.248366875104,-0.168188239231,decay
54.68,left,0.41661150184,0.248354179921,-0.168257321919,decay
54.69,left,0.416681643796,0.248340554868,-0.168341088928,decay
54.7,left,0.416768134587,0.248325871507,-0.16844226308,decay
54.71,left,0.41687306071,0.248310015596,-0.168563045114,decay
54.72,left,0.416997529137,0.248292891888,-0.168704637249,decay
54.73,left,0.417141585214,0.248274428872,-0.168867156342,decay
54.74,left,0.417304334199,0.248254581532,-0.169049752666,decay
54.75,left,0.417484268338,0.248233330657,-0.169250937681,decay
54.76,left,0.417679784401,0.248210679867,-0.169469104533,decay
54.77,left,0.417889458362,0.248186652415,-0.169702805946,decay
54.78,left,0.418111780634,0.248161288571,-0.169950492063,decay
54.79,left,0.418344631818,0.248134643625,-0.170209988193,decay
54.8,left,0.418584815883,0.248106786463,-0.170478029421,decay
54.81,left,0.418827749272,0.248077798678,-0.170749950594,decay
54.82,left,0.419067483242,0.248047774193,-0.17101970905,decay
54.83,left,0.419297122406,0.248016819137,-0.171280303269,decay
54.84,left,0.419509357873,0.247985051322,-0.171524306551,decay
54.85,left,0.419696934984,0.247952598754,-0.17174433623,decay
54.86,left,0.41985319356,0.24791959753,-0.17193359603,decay
54.87,left,0.419972740786,0.247886189729,-0.172086551057,decay
54.88,left,0.420052116843,0.247852521506,-0.172199595337,decay
54.89,left,0.420090371519,0.247818741357,-0.172271630162,decay
54.9,left,0.420089450585,0.247784998487,-0.172304452097,decay
54.91,left,0.420054035445,0.247751441213,-0.172302594232,decay
54.92,left,0.419990628222,0.247718215345,-0.172272412876,decay
54.93,left,0.41990627924,0.247685462624,-0.172220816616,decay
54.94,left,0.419807488196,0.24765331955,-0.172154168646,decay
54.95,left,0.419699485216,0.247621916894,-0.172077568323,decay
54.96,left,0.4195860222,0.247591379585,-0.171994642615,decay
54.97,left,0.419469693235,0.247561826516,-0.171907866719,decay
54.98,left,0.41935244589,0.247533370056,-0.171819075834,decay
54.99,left,0.419235957198,0.247506115204,-0.171729841994,decay
55,left,0.419121911985,0.247480158355,-0.17164175363,decay
55.01,left,0.419012266501,0.247455585632,-0.17155668087,decay
55.02,left,0.4189093226,0.247432470717,-0.171476851883,decay
55.03,left,0.41881554293,0.247410872568,-0.171404670362,decay
55.04,left,0.418733387453,0.247390834205,-0.171342553248,decay
55.05,left,0.418665285141,0.247372383539,-0.171292901603,decay
55.06,left,0.418613543728,0.247355535471,-0.171258008257,decay
55.07,left,0.418580204283,0.247340293996,-0.171239910287,decay
55.08,left,0.418566948896,0.247326653765,-0.171240295131,decay
55.09,left,0.418574913229,0.247314601105,-0.171260312124,decay
55.1,left,0.418604391757,0.247304114501,-0.171300277256,decay
55.11,left,0.4186547497,0.247295164551,-0.171359585149,decay
55.12,left,0.418724622122,0.247287713411,-0.171436908711,decay
55.13,left,0.418812128424,0.247281713974,-0.17153041445,decay
55.14,left,0.418914980191,0.247277109614,-0.171637870578,decay
55.15,left,0.419030586923,0.247273835105,-0.171756751818,decay
55.16,left,0.419156147304,0.247271818286,-0.171884329018,decay
55.17,left,0.419288652002,0.247270981654,-0.172017670347,decay
55.18,left,0.419424892389,0.247271243596,-0.172153648793,decay
55.19,left,0.419561493635,0.247272519246,-0.172288974388,decay
55.2,left,0.419694833046,0.24727472103,-0.172420112016,decay
55.21,left,0.419820977818,0.247277758899,-0.17254321892,decay
55.22,left,0.419935943496,0.247281540296,-0.172654403201,decay
55.23,left,0.420036190433,0.247285970017,-0.172750220416,decay
55.24,left,0.420119086184,0.247290950417,-0.172828135768,decay
55.25,left,0.420183274733,0.247296382325,-0.172886892408,decay
55.26,left,0.420228830278,0.247302166455,-0.172926663823,decay
55.27,left,0.420256961361,0.247308204904,-0.172948756457,decay
55.28,left,0.420269398162,0.247314402602,-0.17295499556,decay
55.29,left,0.420267897732,0.247320668736,-0.172947228996,decay
55.3,left,0.420254034504,0.247326918207,-0.172927116297,decay
55.31,left,0.420229140641,0.247333073161,-0.17289606748,decay
55.32,left,0.420194377353,0.247339064631,-0.172855312722,decay
55.33,left,0.420150926247,0.247344834076,-0.172806092171,decay
55.34,left,0.420100025495,0.24735033401,-0.172749691485,decay
55.35,left,0.420042766213,0.247355527093,-0.17268723912,decay
55.36,left,0.419979955705,0.247360384196,-0.172619571509,decay
55.37,left,0.419912127047,0.247364882263,-0.172547244783,decay
55.38,left,0.41983946967,0.247369002336,-0.172470467334,decay
55.39,left,0.41976165631,0.247372727725,-0.172388928585,decay
55.4,left,0.419677677647,0.247376042317,-0.17230163533,decay
55.41,left,0.419585711382,0.247378928987,-0.172206782395,decay
55.42,left,0.419483184855,0.247381368101,-0.172101816755,decay
55.43,left,0.41936726381,0.247383336185,-0.171983927626,decay
55.44,left,0.419235605949,0.247384805063,-0.171850800886,decay
55.45,left,0.419086897394,0.247385741688,-0.171701155706,decay
55.46,left,0.41892101433,0.247386108494,-0.171534905836,decay
55.47,left,0.418739040916,0.247385863956,-0.17135317696,decay
55.48,left,0.418543199397,0.24738496324,-0.171158236157,decay
55.49,left,0.41833660616,0.247383358959,-0.170953247201,decay
55.5,left,0.418123024913,0.247381002052,-0.170742022862,decay
55.51,left,0.417906735178,0.247377842809,-0.170528892369,decay
55.52,left,0.41769234338,0.247373832087,-0.170318511293,decay
55.53,left,0.417484526629,0.247368922588,-0.170115604041,decay
55.54,left,0.417287867842,0.247363069856,-0.169924797985,decay
55.55,left,0.41710671405,0.247356232676,-0.169750481374,decay
55.56,left,0.416944946269,0.247348373158,-0.169596573111,decay
55.57,left,0.416805767358,0.247339456924,-0.169466310434,decay
55.58,left,0.41669159428,0.247329453592,-0.169362140688,decay
55.59,left,0.416603946912,0.247318337595,-0.169285609317,decay
55.6,left,0.416543331045,0.247306089346,-0.169237241699,decay
55.61,left,0.416509332785,0.247292696771,-0.169216636014,decay
55.62,left,0.41650090525,0.247278157261,-0.16922274799,decay
55.63,left,0.416516582987,0.247262479744,-0.169254103242,decay
55.64,left,0.416554627761,0.247245686022,-0.169308941738,decay
55.65,left,0.416613172756,0.247227810662,-0.169385362094,decay
55.66,left,0.416690122114,0.247208899987,-0.169481222127,decay
55.67,left,0.416782754965,0.247189011095,-0.16959374387,decay
55.68,left,0.416887429074,0.247168211271,-0.169719217803,decay
55.69,left,0.41699962298,0.247146577805,-0.169853045175,decay
55.7,left,0.417114230431,0.247124198206,-0.169990032225,decay
55.71,left,0.417226121653,0.247101170773,-0.17012495088,decay
55.72,left,0.417331010884,0.24707760554,-0.170253405343,decay
55.73,left,0.417426323254,0.247053625251,-0.170372698003,decay
55.74,left,0.417511666159,0.247029365431,-0.170482300728,decay
55.75,left,0.417588831269,0.247004972809,-0.17058385846,decay
55.76,left,0.417661312665,0.246980602569,-0.170680710096,decay
55.77,left,0.417733245297,0.246956415326,-0.170776829971,decay
55.78,left,0.41780806798,0.24693257416,-0.17087549382,decay
55.79,left,0.41788754129,0.246909241629,-0.170978299661,decay
55.8,left,0.417971417087,0.246886576692,-0.171084840395,decay
55.81,left,0.418057689645,0.246864731454,-0.171192958191,decay
55.82,left,0.418143286093,0.246843847625,-0.171299438468,decay
55.83,left,0.418224888662,0.246824052957,-0.171400835705,decay
55.84,left,0.41829950745,0.246805458639,-0.171494048811,decay
55.85,left,0.418364796033,0.246788158378,-0.171576637655,decay
55.86,left,0.418419364353,0.24677222851,-0.171647135843,decay
55.87,left,0.418463062218,0.246757728015,-0.171705334203,decay
55.88,left,0.4184970422,0.246744697945,-0.171752344255,decay
55.89,left,0.418523670255,0.246733160215,-0.171790510041,decay
55.9,left,0.418546352595,0.246723115717,-0.171823236879,decay
55.91,left,0.418569064811,0.246714541735,-0.171854523076,decay
55.92,left,0.41859556911,0.246707388603,-0.171888180508,decay
55.93,left,0.418628733521,0.246701576369,-0.171927157151,decay
55.94,left,0.41867023104,0.246696993913,-0.171973237127,decay
55.95,left,0.418720575228,0.246693502365,-0.172027072863,decay
55.96,left,0.418779454343,0.246690941519,-0.172088512824,decay
55.97,left,0.418846234573,0.246689136779,-0.172157097794,decay
55.98,left,0.418920309744,0.246687905735,-0.172232404008,decay
55.99,left,0.419001218321,0.246687064425,-0.172314153896,decay
56,left,0.41908878427,0.246686433429,-0.172402350841,decay
56.01,left,0.419183339695,0.24668584394,-0.172497495755,decay
56.02,left,0.419285766557,0.24668514394,-0.172600622617,decay
56.03,left,0.419397264412,0.246684203977,-0.172713060435,decay
56.04,left,0.41951899829,0.246682920591,-0.172836077699,decay
56.05,left,0.419651641336,0.246681215932,-0.172970425405,decay
56.06,left,0.419794860307,0.246679034776,-0.173115825531,decay
56.07,left,0.419947124779,0.246676341038,-0.17327078374,decay
56.08,left,0.42010603027,0.246673114639,-0.173432915631,decay
56.09,left,0.420268848151,0.24666934875,-0.173599499402,decay
56.1,left,0.420433100959,0.246665047378,-0.173768053581,decay
56.11,left,0.420597117279,0.246660223267,-0.173936894012,decay
56.12,left,0.420760280049,0.246654896062,-0.174105383987,decay
56.13,left,0.420922741474,0.246649090685,-0.17427365079,decay
56.14,left,0.421084822585,0.246642835802,-0.174441986784,decay
56.15,left,0.421246421481,0.246636162265,-0.174610259217,decay
56.16,left,0.421406514485,0.246629101563,-0.174777412923,decay
56.17,left,0.421562865255,0.246621684345,-0.17494118091,decay
56.18,left,0.421712235966,0.246613939022,-0.175098296944,decay
56.19,left,0.421851028389,0.246605890425,-0.175245137964,decay
56.2,left,0.421975871295,0.246597558489,-0.175378312806,decay
56.21,left,0.4220839654,0.246588956933,-0.175495008467,decay
56.22,left,0.422173253579,0.246580091918,-0.175593161662,decay
56.23,left,0.422242331966,0.246570960856,-0.17567137111,decay
56.24,left,0.422290139076,0.246561551997,-0.17572858708,decay
56.25,left,0.422315699313,0.246551845259,-0.175763854054,decay
56.26,left,0.422317984367,0.246541813966,-0.175776170402,decay
56.27,left,0.422295709155,0.246531426841,-0.175764282314,decay
56.28,left,0.422247091535,0.246520650046,-0.175726441489,decay
56.29,left,0.422169771292,0.246509449263,-0.175660322029,decay
56.3,left,0.42206089926,0.246497791863,-0.175563107397,decay
56.31,left,0.421917424931,0.246485649214,-0.175431775717,decay
56.32,left,0.42173677505,0.246472999169,-0.175263775881,decay
56.33,left,0.421517782513,0.246459828473,-0.17505795404,decay
56.34,left,0.421261319104,0.246446134244,-0.174815184861,decay
56.35,left,0.420970414097,0.246431923848,-0.174538490249,decay
56.36,left,0.420650097384,0.246417213699,-0.174232883685,decay
56.37,left,0.420307028268,0.246402027908,-0.17390500036,decay
56.38,left,0.419948829651,0.246386397142,-0.173562432508,decay
56.39,left,0.419583326093,0.246370357716,-0.173212968378,decay
56.4,left,0.419217870806,0.246353950871,-0.172863919934,decay
56.41,left,0.418858740179,0.246337222251,-0.172521517928,decay
56.42,left,0.41851075711,0.246320221523,-0.172190535588,decay
56.43,left,0.418177369661,0.246303002084,-0.171874367577,decay
56.44,left,0.417861032946,0.246285620597,-0.171575412349,decay
56.45,left,0.41756361849,0.246268136169,-0.171295482322,decay
56.46,left,0.41728688033,0.24625060928,-0.171036271049,decay
56.47,left,0.417032996409,0.246233100656,-0.170799895753,decay
56.48,left,0.41680484521,0.246215670143,-0.170589175068,decay
56.49,left,0.416605834151,0.246198375568,-0.170407458583,decay
56.5,left,0.416439563071,0.246181271549,-0.170258291521,decay
56.51,left,0.416309506826,0.246164408217,-0.170145098609,decay
56.52,left,0.416218646708,0.246147829818,-0.17007081689,decay
56.53,left,0.416169114227,0.246131573351,-0.170037540877,decay
56.54,left,0.416161905257,0.246115667776,-0.170046237481,decay
56.55,left,0.416196539537,0.246100134201,-0.170096405335,decay
56.56,left,0.416270774023,0.246084986724,-0.170185787299,decay
56.57,left,0.416380751913,0.246070233329,-0.170310518584,decay
56.58,left,0.416521645845,0.246055876614,-0.170465769231,decay
56.59,left,0.416688443581,0.246041914337,-0.170646529244,decay
56.6,left,0.416876626433,0.246028339781,-0.170848286651,decay
56.61,left,0.417082647065,0.246015141951,-0.171067505114,decay
56.62,left,0.417303984192,0.246002305606,-0.171301678586,decay
56.63,left,0.417538737893,0.245989811215,-0.171548926677,decay
56.64,left,0.417785175275,0.245977635107,-0.171807540168,decay
56.65,left,0.418041483141,0.24596575001,-0.17207573313,decay
56.66,left,0.418305557401,0.245954125866,-0.172351431535,decay
56.67,left,0.418574773727,0.245942730637,-0.17263204309,decay
56.68,left,0.418845862145,0.245931531033,-0.172914331112,decay
56.69,left,0.419114770157,0.24592049316,-0.173194276996,decay
56.7,left,0.419376387236,0.245909583109,-0.173466804126,decay
56.71,left,0.419624393633,0.245898767504,-0.17372562613,decay
56.72,left,0.419851542539,0.245888014024,-0.173963528515,decay
56.73,left,0.420050288018,0.245877291856,-0.174172996162,decay
56.74,left,0.420213533442,0.245866571863,-0.174346961579,decay
56.75,left,0.420335443893,0.245855826327,-0.174479617566,decay
56.76,left,0.420412141106,0.245845028391,-0.174567112715,decay
56.77,left,0.420441991999,0.245834151423,-0.174607840576,decay
56.78,left,0.420425572392,0.245823168383,-0.17460240401,decay
56.79,left,0.42036551643,0.245812051207,-0.174553465223,decay
56.8,left,0.420266231621,0.245800770207,-0.174465461414,decay
56.81,left,0.420133585529,0.245789293465,-0.174344292064,decay
56.82,left,0.41997479507,0.245777586251,-0.17419720882,decay
56.83,left,0.419798401077,0.245765610555,-0.174032790522,decay
56.84,left,0.419614009905,0.245753325155,-0.17386068475,decay
56.85,left,0.419431781248,0.245740686511,-0.173691094737,decay
56.86,left,0.419261835976,0.245727650287,-0.173534185689,decay
56.87,left,0.419113569189,0.245714173131,-0.173399396059,decay
56.88,left,0.418994866815,0.245700214588,-0.173294652227,decay
56.89,left,0.418911544573,0.245685739169,-0.173225805403,decay
56.9,left,0.418867258896,0.245670718617,-0.173196540279,decay
56.91,left,0.418863787449,0.245655134415,-0.173208653034,decay
56.92,left,0.418901606689,0.245638980595,-0.173262626094,decay
56.93,left,0.418980737061,0.245622266442,-0.173358470618,decay
56.94,left,0.419101494552,0.245605017804,-0.173496476749,decay
56.95,left,0.419264771282,0.245587276011,-0.173677495271,decay
56.96,left,0.419471884579,0.245569095145,-0.173902789434,decay
56.97,left,0.419724088518,0.245550539015,-0.174173549503,decay
56.98,left,0.420021728155,0.245531678341,-0.174490049814,decay
56.99,left,0.420363324196,0.245512588144,-0.174850736052,decay
57,left,0.420745053426,0.245493345283,-0.175251708143,decay
57.01,left,0.421160737038,0.245474026074,-0.175686710964,decay
57.02,left,0.421602191343,0.245454703943,-0.1761474874,decay
57.03,left,0.422059921627,0.245435447306,-0.176624474321,decay
57.04,left,0.422524040462,0.245416318411,-0.177107722051,decay
57.05,left,0.422984938741,0.24539737371,-0.177587565031,decay
57.06,left,0.423433456228,0.245378665293,-0.178054790935,decay
57.07,left,0.423860817138,0.245360242566,-0.178500574573,decay
57.08,left,0.424258548571,0.245342153867,-0.178916394704,decay
57.09,left,0.424618420746,0.245324447987,-0.179293972759,decay
57.1,left,0.424932565305,0.245307175611,-0.179625389694,decay
57.11,left,0.425193772699,0.245290390699,-0.179903382001,decay
57.12,left,0.425395676879,0.245274151807,-0.180121525072,decay
57.13,left,0.425532793979,0.245258523136,-0.180274270843,decay
57.14,left,0.425600762467,0.245243574614,-0.180357187853,decay
57.15,left,0.425596904046,0.245229380486,-0.18036752356,decay
57.16,left,0.425520793386,0.245216016759,-0.180304776628,decay
57.17,left,0.425374597654,0.245203558165,-0.180171039489,decay
57.18,left,0.425163156171,0.245192074871,-0.1799710813,decay
57.19,left,0.424893628304,0.245181628886,-0.179711999419,decay
57.2,left,0.424574655981,0.245172270095,-0.179402385886,decay
57.21,left,0.424215461803,0.245164031846,-0.179051429958,decay
57.22,left,0.423825237941,0.245156925992,-0.178668311949,decay
57.23,left,0.423412729012,0.245150938066,-0.178261790946,decay
57.24,left,0.422985897633,0.24514602481,-0.177839872824,decay
57.25,left,0.422551732472,0.245142115752,-0.177409616721,decay
57.26,left,0.422116123548,0.245139117571,-0.176977005977,decay
57.27,left,0.421683698643,0.245136918906,-0.176546779737,decay
57.28,left,0.421257742577,0.245135394748,-0.176122347829,decay
57.29,left,0.420840281769,0.245134410402,-0.175705871367,decay
57.3,left,0.420432194137,0.245133825143,-0.175298368995,decay
57.31,left,0.420033304598,0.245133495623,-0.174899808976,decay
57.32,left,0.419642640089,0.24513327915,-0.17450936094,decay
57.33,left,0.41925884232,0.245133036747,-0.174125805573,decay
57.34,left,0.418880516785,0.245132635588,-0.173747881197,decay
57.35,left,0.418506503405,0.245131950503,-0.173374552902,decay
57.36,left,0.418136134854,0.245130864905,-0.173005269949,decay
57.37,left,0.417769285059,0.245129271689,-0.17264001337,decay
57.38,left,0.417406135642,0.245127074365,-0.172279061277,decay
57.39,left,0.417046943407,0.245124188486,-0.171922754921,decay
57.4,left,0.41669193975,0.245120543418,-0.171571396332,decay
57.41,left,0.416341255001,0.245116084501,-0.1712251705,decay
57.42,left,0.415994904497,0.245110775653,-0.170884128844,decay
57.43,left,0.415652903409,0.245104601988,-0.170548301421,decay
57.44,left,0.415315374638,0.245097570992,-0.170217803646,decay
57.45,left,0.41498257245,0.24508971115,-0.1698928613,decay
57.46,left,0.414654991922,0.245081068865,-0.169573923057,decay
57.47,left,0.414333600949,0.245071705164,-0.169261895785,decay
57.48,left,0.414019958434,0.245061692779,-0.168958265655,decay
57.49,left,0.413716185164,0.245051113595,-0.168665071569,decay
57.5,left,0.41342493575,0.245040056407,-0.168384879342,decay
57.51,left,0.413149288714,0.245028614927,-0.168120673788,decay
57.52,left,0.412892473342,0.245016885985,-0.167875587357,decay
57.53,left,0.412657594974,0.245004967898,-0.167652627075,decay
57.54,left,0.412447388723,0.244992958987,-0.167454429736,decay
57.55,left,0.412263821386,0.244980956224,-0.167282865162,decay
57.56,left,0.4121076721,0.244969053955,-0.167138618145,decay
57.57,left,0.411978544013,0.244957342593,-0.16702120142,decay
57.58,left,0.411875418147,0.244945907228,-0.166929510919,decay
57.59,left,0.411797372044,0.244934826101,-0.166862545943,decay
57.6,left,0.411744103224,0.244924168909,-0.166819934315,decay
57.61,left,0.411716093271,0.244913994875,-0.166802098396,decay
57.62,left,0.411714295282,0.244904350555,-0.166809944727,decay
57.63,left,0.411739471274,0.244895267669,-0.166844203605,decay
57.64,left,0.411791587283,0.244886761994,-0.166904825289,decay
57.65,left,0.411869467079,0.244878834113,-0.166990632966,decay
57.66,left,0.411970696136,0.244871471406,-0.16709922473,decay
57.67,left,0.412091938468,0.244864650184,-0.167227288284,decay
57.68,left,0.412229695368,0.244858337549,-0.167371357819,decay
57.69,left,0.412381097499,0.244852492977,-0.167528604522,decay
57.7,left,0.41254440724,0.244847069643,-0.167697337597,decay
57.71,left,0.412719277955,0.244842015538,-0.167877262417,decay
57.72,left,0.412906713281,0.244837274392,-0.168069438888,decay
57.73,left,0.413108485938,0.244832786477,-0.168275699461,decay
57.74,left,0.413326164658,0.244828489421,-0.168497675237,decay
57.75,left,0.413560257174,0.244824319153,-0.168735938021,decay
57.76,left,0.413809671883,0.24482021094,-0.168989460944,decay
57.77,left,0.41407146909,0.24481610043,-0.16925536866,decay
57.78,left,0.414341056167,0.244811924699,-0.169529131467,decay
57.79,left,0.414612815846,0.24480762331,-0.169805192535,decay
57.8,left,0.414880833412,0.244803139434,-0.170077693978,decay
57.81,left,0.415139560153,0.244798421058,-0.170341139096,decay
57.82,left,0.415384407445,0.244793422315,-0.17059098513,decay
57.83,left,0.415612080347,0.244788104759,-0.170823975588,decay
57.84,left,0.415820525465,0.244782437948,-0.171038087517,decay
57.85,left,0.416008694974,0.244776398868,-0.171232296106,decay
57.86,left,0.416176325482,0.244769970567,-0.171406354916,decay
57.87,left,0.416323705115,0.244763140666,-0.17156056445,decay
57.88,left,0.416451477863,0.244755900026,-0.171695577837,decay
57.89,left,0.416560648837,0.244748241561,-0.171812407276,decay
57.9,left,0.416652617699,0.244740159187,-0.171912458512,decay
57.91,left,0.416728912849,0.24473164689,-0.171997265959,decay
57.92,left,0.416790779827,0.244722697912,-0.172068081915,decay
57.93,left,0.416838956455,0.244713304064,-0.172125652392,decay
57.94,left,0.416873636715,0.244703455324,-0.17217018139,decay
57.95,left,0.416894628459,0.244693139816,-0.172201488643,decay
57.96,left,0.416901809809,0.244682344072,-0.172219465737,decay
57.97,left,0.416895674949,0.244671053471,-0.172224621478,decay
57.98,left,0.416877612223,0.244659252771,-0.172218359452,decay
57.99,left,0.416849871982,0.244646926765,-0.172202945218,decay
58,left,0.41681533158,0.244634061061,-0.172181270519,decay
58.01,left,0.416777003502,0.24462064301,-0.172156360492,decay
58.02,left,0.416737380565,0.244606662794,-0.172130717771,decay
58.03,left,0.416698025503,0.244592114514,-0.172105910989,decay
58.04,left,0.416659520723,0.2445769967,-0.172082524024,decay
58.05,left,0.416621469851,0.244561311825,-0.172060158026,decay
58.06,left,0.416582486532,0.244545065143,-0.172037421389,decay
58.07,left,0.416540366481,0.244528263437,-0.172012103043,decay
58.08,left,0.416492381465,0.24451091392,-0.171981467545,decay
58.09,left,0.416435521912,0.244493023271,-0.17194249864,decay
58.1,left,0.416366719014,0.244474596815,-0.171892122199,decay
58.11,left,0.416283056418,0.244455637802,-0.171827418616,decay
58.12,left,0.416181914186,0.244436146801,-0.171745767386,decay
58.13,left,0.416061206016,0.244416121298,-0.171645084718,decay
58.14,left,0.41591987213,0.244395555878,-0.171524316252,decay
58.15,left,0.41575839328,0.244374443257,-0.171383950023,decay
58.16,left,0.415578974345,0.244352775993,-0.171226198351,decay
58.17,left,0.415385403218,0.244330548497,-0.171054854722,decay
58.18,left,0.415182746072,0.244307759225,-0.170874986847,decay
58.19,left,0.414976808848,0.244284413083,-0.170692395765,decay
58.2,left,0.414773349373,0.244260524064,-0.170512825309,decay
58.21,left,0.414577318802,0.244236118181,-0.170341200621,decay
58.22,left,0.414392312081,0.244211236712,-0.170181075369,decay
58.23,left,0.414220258492,0.24418593932,-0.170034319172,decay
58.24,left,0.414061519125,0.24416030549,-0.169901213635,decay
58.25,left,0.41391543328,0.244134433102,-0.169781000178,decay
58.26,left,0.413781003409,0.244108435019,-0.16967256839,decay
58.27,left,0.413657451602,0.244082435227,-0.169575016376,decay
58.28,left,0.413544647857,0.244056565129,-0.169488082728,decay
58.29,left,0.413443358568,0.244030959961,-0.169412398607,decay
58.3,left,0.413355129,0.244005755228,-0.169349373772,decay
58.31,left,0.413281862077,0.243981083081,-0.169300778996,decay
58.32,left,0.41322539952,0.243957068544,-0.169268330975,decay
58.33,left,0.41318719773,0.243933825857,-0.169253371873,decay
58.34,left,0.413168084082,0.243911456002,-0.169256628081,decay
58.35,left,0.413168276658,0.243890046206,-0.169278230452,decay
58.36,left,0.413187641199,0.243869670725,-0.169317970474,decay
58.37,left,0.413225803057,0.243850391712,-0.169375411345,decay
58.38,left,0.413281987187,0.243832259686,-0.169449727501,decay
58.39,left,0.413354835392,0.243815313526,-0.169539521866,decay
58.4,left,0.41344233858,0.243799580006,-0.169642758574,decay
58.41,left,0.413541854045,0.243785072833,-0.169756781213,decay
58.42,left,0.413650246585,0.243771791178,-0.169878455407,decay
58.43,left,0.413764168049,0.243759718083,-0.170004449966,decay
58.44,left,0.413880375191,0.243748820024,-0.170131555168,decay
58.45,left,0.413996071186,0.243739048591,-0.170257022595,decay
58.46,left,0.414109279945,0.243730343597,-0.170378936349,decay
58.47,left,0.414218958467,0.243722636303,-0.170496322164,decay
58.48,left,0.414324592007,0.243715852303,-0.170608739704,decay
58.49,left,0.414425611206,0.24370991406,-0.170715697146,decay
58.5,left,0.414521061006,0.243704743161,-0.170816317845,decay
58.51,left,0.414609454829,0.243700262343,-0.170909192485,decay
58.52,left,0.41468870078,0.243696397354,-0.170992303426,decay
58.53,left,0.414756224896,0.243693078537,-0.171063146359,decay
58.54,left,0.414809270493,0.243690241783,-0.17111902871,decay
58.55,left,0.414845235639,0.243687828552,-0.171157407087,decay
58.56,left,0.414862092763,0.243685785217,-0.171176307546,decay
58.57,left,0.414858856748,0.243684062195,-0.171174794553,decay
58.58,left,0.414835740709,0.243682613022,-0.171153127686,decay
58.59,left,0.414793803204,0.243681393405,-0.1711124098,decay
58.6,left,0.414734444076,0.24368036023,-0.171054083846,decay
58.61,left,0.414659124003,0.243679470542,-0.170979653461,decay
58.62,left,0.414569276663,0.243678680471,-0.170890596192,decay
58.63,left,0.414466353221,0.243677944198,-0.170788409022,decay
58.64,left,0.414351981939,0.243677213217,-0.170674768722,decay
58.65,left,0.414227999277,0.243676436088,-0.170551563189,decay
58.66,left,0.414096232596,0.243675558543,-0.170420674053,decay
58.67,left,0.413958290996,0.243674523686,-0.17028376731,decay
58.68,left,0.413815533148,0.243673272181,-0.170142260967,decay
58.69,left,0.413669111732,0.243671742445,-0.169997369287,decay
58.7,left,0.413520088993,0.243669870857,-0.169850218135,decay
58.71,left,0.4133696893,0.243667592009,-0.169702097291,decay
58.72,left,0.41321948178,0.243664839009,-0.169554642771,decay
58.73,left,0.413071243951,0.243661543907,-0.169409700044,decay
58.74,left,0.412926658887,0.243657638368,-0.169269020519,decay
58.75,left,0.412787127438,0.24365305472,-0.169134072718,decay
58.76,left,0.412653671631,0.243647727328,-0.169005944303,decay
58.77,left,0.412526927394,0.243641594237,-0.168885333157,decay
58.78,left,0.412407451499,0.243634599054,-0.168772852445,decay
58.79,left,0.4122962538,0.243626693123,-0.168669560677,decay
58.8,left,0.412195185567,0.243617838043,-0.168577347525,decay
58.81,left,0.412107110774,0.24360800857,-0.168499102204,decay
58.82,left,0.412035909401,0.243597195972,-0.168438713428,decay
58.83,left,0.411986183347,0.243585411307,-0.16840077204,decay
58.84,left,0.411962679804,0.24357268687,-0.168389992934,decay
58.85,left,0.411969708591,0.24355907448,-0.168410634111,decay
58.86,left,0.412010744963,0.243544641607,-0.168466103357,decay
58.87,left,0.41208821931,0.243529467119,-0.168558752191,decay
58.88,left,0.412203521746,0.243513637362,-0.168689884384,decay
58.89,left,0.4123572035,0.243497242537,-0.168859960964,decay
58.9,left,0.412549070701,0.243480373303,-0.169068697397,decay
58.91,left,0.412777952452,0.243463117539,-0.169314834913,decay
58.92,left,0.41304139123,0.243445557166,-0.169595834064,decay
58.93,left,0.413335528968,0.243427765229,-0.169907763739,decay
58.94,left,0.413655205208,0.243409803908,-0.1702454013,decay
58.95,left,0.413994316663,0.243391723987,-0.170602592676,decay
58.96,left,0.414346462702,0.243373565321,-0.17097289738,decay
58.97,left,0.414705598808,0.243355357512,-0.171350241296,decay
58.98,left,0.415066393935,0.243337120466,-0.171729273469,decay
58.99,left,0.415424360342,0.243318864816,-0.172105495526,decay
59,left,0.415775914396,0.243300592203,-0.172475322193,decay
59.01,left,0.416118235818,0.243282295419,-0.172835940398,decay
59.02,left,0.416448862611,0.243263958417,-0.173184904193,decay
59.03,left,0.416765317383,0.243245556358,-0.173519761025,decay
59.04,left,0.417064929473,0.243227056247,-0.173837873227,decay
59.05,left,0.417344721965,0.24320841857,-0.174136303395,decay
59.06,left,0.417601406379,0.243189599673,-0.174411806705,decay
59.07,left,0.417831588095,0.243170554346,-0.174661033749,decay
59.08,left,0.418031946672,0.243151238462,-0.17488070821,decay
59.09,left,0.418199192845,0.24313161168,-0.175067581165,decay
59.1,left,0.41832998671,0.243111640281,-0.175218346429,decay
59.11,left,0.418420977557,0.243091300186,-0.17532967737,decay
59.12,left,0.418468934631,0.243070580212,-0.175398354419,decay
59.13,left,0.418471039028,0.243049485225,-0.175421553803,decay
59.14,left,0.418425362614,0.24302803802,-0.175397324594,decay
59.15,left,0.418331246724,0.243006279024,-0.1753249677,decay
59.16,left,0.418189355937,0.242984264511,-0.175205091426,decay
59.17,left,0.418001580576,0.242962064582,-0.175039515995,decay
59.18,left,0.417770944227,0.242939761379,-0.174831182848,decay
59.19,left,0.417501420716,0.242917447536,-0.17458397318,decay
59.2,left,0.417197765151,0.242895224821,-0.17430254033,decay
59.21,left,0.41686560408,0.242873202925,-0.173992401155,decay
59.22,left,0.416511603564,0.242851498354,-0.17366010521,decay
59.23,left,0.41614333605,0.242830233299,-0.173313102751,decay
59.24,left,0.415768789572,0.242809534186,-0.172959255387,decay
59.25,left,0.415395650118,0.242789529676,-0.172606120442,decay
59.26,left,0.415030510565,0.24277034819,-0.172260162375,decay
59.27,left,0.414678316599,0.242752115131,-0.171926201468,decay
59.28,left,0.414342340568,0.242734949854,-0.171607390713,decay
59.29,left,0.414024570423,0.242718962296,-0.171305608127,decay
59.3,left,0.413726176747,0.242704249186,-0.171021927561,decay
59.31,left,0.413447971074,0.242690889759,-0.170757081315,decay
59.32,left,0.413190882938,0.242678940865,-0.170511942073,decay
59.33,left,0.412956261072,0.242668432113,-0.170287828959,decay
59.34,left,0.412745859891,0.242659363201,-0.17008649669,decay
59.35,left,0.412561680439,0.242651705075,-0.169909975364,decay
59.36,left,0.412405797406,0.242645403651,-0.169760393755,decay
59.37,left,0.41228016024,0.242640383829,-0.169639776411,decay
59.38,left,0.412186481712,0.242636552915,-0.169549928797,decay
59.39,left,0.412126249733,0.242633803448,-0.169492446285,decay
59.4,left,0.412100592983,0.242632015487,-0.169468577496,decay
59.41,left,0.41210988376,0.242631058434,-0.169478825326,decay
59.42,left,0.412153372858,0.242630792447,-0.16952258041,decay
59.43,left,0.412229096417,0.242631069632,-0.169598026785,decay
59.44,left,0.412334024192,0.242631735478,-0.169702288714,decay
59.45,left,0.412464434528,0.242632630929,-0.169831803598,decay
59.46,left,0.412616490518,0.242633594897,-0.169982895621,decay
59.47,left,0.412786734798,0.242634466886,-0.170152267912,decay
59.48,left,0.412972239602,0.242635089622,-0.17033714998,decay
59.49,left,0.413170506042,0.242635311758,-0.170535194284,decay
59.5,left,0.413379240497,0.242634990734,-0.170744249763,decay
59.51,left,0.41359599643,0.242633995873,-0.170962000557,decay
59.52,left,0.413817837493,0.242632211809,-0.171185625684,decay
59.53,left,0.414041195707,0.242629541906,-0.171411653801,decay
59.54,left,0.41426181203,0.242625910482,-0.171635901548,decay
59.55,left,0.41447471246,0.242621262921,-0.171853449539,decay
59.56,left,0.414674507111,0.242615564447,-0.172058942663,decay
59.57,left,0.414856126488,0.242608798859,-0.172247327629,decay
59.58,left,0.415015618784,0.242600967783,-0.172414651001,decay
59.59,left,0.415150665075,0.242592090475,-0.1725585746,decay
59.6,left,0.415260792277,0.242582204167,-0.17267858811,decay
59.61,left,0.415347188329,0.24257136496,-0.172775823369,decay
59.62,left,0.415412002686,0.242559649274,-0.172852353412,decay
59.63,left,0.415457471913,0.242547155315,-0.172910316598,decay
59.64,left,0.415485344678,0.242534002939,-0.172951341739,decay
59.65,left,0.415496646252,0.242520330616,-0.172976315636,decay
59.66,left,0.415491675961,0.242506290385,-0.172985385576,decay
59.67,left,0.415470278244,0.242492042377,-0.172978235867,decay
59.68,left,0.415432277423,0.242477749509,-0.172954527914,decay
59.69,left,0.41537786068,0.242463572267,-0.172914288414,decay
59.7,left,0.415307944625,0.242449663464,-0.172858281161,decay
59.71,left,0.415224577953,0.24243616285,-0.172788415103,decay
59.72,left,0.415131108394,0.242423191445,-0.172707916949,decay
59.73,left,0.415031905372,0.242410846167,-0.172621059206,decay
59.74,left,0.414931899433,0.242399196784,-0.172532702649,decay
59.75,left,0.414836216813,0.242388286731,-0.172447930082,decay
59.76,left,0.41474977341,0.242378136561,-0.17237163685,decay
59.77,left,0.414676729755,0.242368747839,-0.172307981916,decay
59.78,left,0.414619978561,0.242360106636,-0.172259871925,decay
59.79,left,0.414580737646,0.242352186572,-0.172228551073,decay
59.8,left,0.414558334718,0.242344951488,-0.17221338323,decay
59.81,left,0.41455044365,0.24233835777,-0.17221208588,decay
59.82,left,0.414553743957,0.242332356391,-0.172221387566,decay
59.83,left,0.414564604829,0.242326894639,-0.17223771019,decay
59.84,left,0.414579582972,0.242321917351,-0.172257665621,decay
59.85,left,0.414595783984,0.242317367538,-0.172278416446,decay
59.86,left,0.414610968015,0.242313186547,-0.172297781468,decay
59.87,left,0.414623241183,0.242309313979,-0.172313927203,decay
59.88,left,0.414630562511,0.24230568749,-0.172324875021,decay
59.89,left,0.414630418986,0.242302242477,-0.172328176509,decay
59.9,left,0.41461970216,0.24229891167,-0.17232079049,decay
59.91,left,0.414594767424,0.242295624634,-0.17229914279,decay
59.92,left,0.414551821052,0.242292307196,-0.172259513857,decay
59.93,left,0.414487539612,0.242288880876,-0.172198658736,decay
59.94,left,0.414399604774,0.242285262606,-0.172114342169,decay
59.95,left,0.414287072085,0.242281364917,-0.172005707168,decay
59.96,left,0.414150580087,0.242277096501,-0.171873483586,decay
59.97,left,0.413992257048,0.242272362885,-0.171719894162,decay
59.98,left,0.413815379243,0.242267067176,-0.171548312067,decay
59.99,left,0.413624114279,0.242261110865,-0.171363003413,decay
60,left,0.413423435296,0.242254394766,-0.171169040531,decay
