DBRep_DrawableShape

CASCADE Topology V1, (c) Matra-Datavision
Locations 0
Curve2ds 629
1 0 0 1 0 
1 0 0 1 0 
1 0.00069999999999999988 0 0 -1 
1 0 0 0 1 
1 0 -0.001 1 0 
1 0 0 1 0 
1 0 0 0 -1 
1 0 0 0 1 
1 0 0 1 0 
1 0 0.001 1 0 
1 0.00069999999999999988 0 0 -1 
1 0.001 0 0 1 
1 0 -0.001 1 0 
1 0 0.001 1 0 
1 0 0 0 -1 
1 0.001 0 0 1 
1 0 0 0 1 
1 0 0 1 0 
1 0.00069999999999999988 0 0 1 
1 0 0 1 0 
1 0 0 0 1 
1 0 0.001 1 0 
1 0.00069999999999999988 0 0 1 
1 0 0.001 1 0 
1 0 0 1 0 
1 0 0 1 0 
1 1.5999999999999847e-07 0 0 -1 
1 0 0 0 1 
1 0 -0.00050000000000000001 1 0 
1 0 0 1 0 
1 0 0 0 -1 
1 0 0 0 1 
1 0 0 1 0 
1 0 0.00050000000000000001 1 0 
1 1.5999999999999847e-07 0 0 -1 
1 0.00050000000000000001 0 0 1 
1 0 -0.00050000000000000001 1 0 
1 0 0.00050000000000000001 1 0 
1 0 0 0 -1 
1 0.00050000000000000001 0 0 1 
1 0 0 0 1 
1 0 0 1 0 
1 1.5999999999999847e-07 0 0 1 
1 0 0 1 0 
1 0 0 0 1 
1 0 0.00050000000000000001 1 0 
1 1.5999999999999847e-07 0 0 1 
1 0 0.00050000000000000001 1 0 
1 0 6.2500000000000005e-07 1 0 
2 0 0 1 0 -0 1 0.00024899999999999998
8 0 6.2831853071795862
1 0 0 1 0 
1 6.2831853071795862 -0 0 1 
1 0 -0 0 1 
1 0 0 1 0 
2 0 0 1 0 -0 1 0.00024899999999999998
1 0 6.2500000000000005e-07 1 0 
2 0 0 1 0 -0 1 0.00024899999999999998
8 0 6.2831853071795862
1 0 0 1 0 
1 6.2831853071795862 -0 0 1 
1 0 -0 0 1 
1 0 6.2500000000000005e-07 1 0 
2 0 0 1 0 -0 1 0.00024899999999999998
8 0 6.2831853071795862
1 0 0 1 0 
1 6.2831853071795862 -0 0 1 
1 0 -0 0 1 
1 0 6.2500000000000005e-07 1 0 
2 0 0 1 0 -0 1 0.00024899999999999998
8 0 6.2831853071795862
1 0 0 1 0 
1 6.2831853071795862 -0 0 1 
1 0 -0 0 1 
1 0 6.2500000000000005e-07 1 0 
2 0 0 1 0 -0 1 0.00024899999999999998
8 0 6.2831853071795862
1 0 0 1 0 
1 6.2831853071795862 -0 0 1 
1 0 -0 0 1 
1 0 6.2500000000000005e-07 1 0 
2 0 0 1 0 -0 1 0.00024899999999999998
8 0 6.2831853071795862
1 0 0 1 0 
1 6.2831853071795862 -0 0 1 
1 0 -0 0 1 
1 0 6.2500000000000005e-07 1 0 
2 0 0 1 0 -0 1 0.00024899999999999998
8 0 6.2831853071795862
1 0 0 1 0 
1 6.2831853071795862 -0 0 1 
1 0 -0 0 1 
1 0 6.2500000000000005e-07 1 0 
2 0 0 1 0 -0 1 0.00024899999999999998
8 0 6.2831853071795862
1 0 0 1 0 
1 6.2831853071795862 -0 0 1 
1 0 -0 0 1 
1 0 6.2500000000000005e-07 1 0 
2 0 0 1 0 -0 1 0.00024899999999999998
8 0 6.2831853071795862
1 0 0 1 0 
1 6.2831853071795862 -0 0 1 
1 0 -0 0 1 
1 0 6.2500000000000005e-07 1 0 
2 0 0 1 0 -0 1 0.00024899999999999998
8 0 6.2831853071795862
1 0 0 1 0 
1 6.2831853071795862 -0 0 1 
1 0 -0 0 1 
1 0 6.2500000000000005e-07 1 0 
2 0 0 1 0 -0 1 0.00024899999999999998
8 0 6.2831853071795862
1 0 0 1 0 
1 6.2831853071795862 -0 0 1 
1 0 -0 0 1 
1 0 6.2500000000000005e-07 1 0 
2 0 0 1 0 -0 1 0.00024899999999999998
8 0 6.2831853071795862
1 0 0 1 0 
1 6.2831853071795862 -0 0 1 
1 0 -0 0 1 
1 0 6.2500000000000005e-07 1 0 
2 0 0 1 0 -0 1 0.00024899999999999998
8 0 6.2831853071795862
1 0 0 1 0 
1 6.2831853071795862 -0 0 1 
1 0 -0 0 1 
1 0 6.2500000000000005e-07 1 0 
2 0 0 1 0 -0 1 0.00024899999999999998
8 0 6.2831853071795862
1 0 0 1 0 
1 6.2831853071795862 -0 0 1 
1 0 -0 0 1 
1 0 6.2500000000000005e-07 1 0 
2 0 0 1 0 -0 1 0.00024899999999999998
8 0 6.2831853071795862
1 0 0 1 0 
1 6.2831853071795862 -0 0 1 
1 0 -0 0 1 
1 0 6.2500000000000005e-07 1 0 
2 0 0 1 0 -0 1 0.00024899999999999998
8 0 6.2831853071795862
1 0 0 1 0 
1 6.2831853071795862 -0 0 1 
1 0 -0 0 1 
1 0 6.2500000000000005e-07 1 0 
2 0 0 1 0 -0 1 0.00024899999999999998
8 0 6.2831853071795862
1 0 0 1 0 
1 6.2831853071795862 -0 0 1 
1 0 -0 0 1 
1 0 6.2500000000000005e-07 1 0 
2 0 0 1 0 -0 1 0.00024899999999999998
8 0 6.2831853071795862
1 0 0 1 0 
1 6.2831853071795862 -0 0 1 
1 0 -0 0 1 
1 0 6.2500000000000005e-07 1 0 
2 0 0 1 0 -0 1 0.00024899999999999998
8 0 6.2831853071795862
1 0 0 1 0 
1 6.2831853071795862 -0 0 1 
1 0 -0 0 1 
1 0 6.2500000000000005e-07 1 0 
2 0 0 1 0 -0 1 0.00024899999999999998
8 0 6.2831853071795862
1 0 0 1 0 
1 6.2831853071795862 -0 0 1 
1 0 -0 0 1 
1 0 6.2500000000000005e-07 1 0 
2 0 0 1 0 -0 1 0.00024899999999999998
8 0 6.2831853071795862
1 0 0 1 0 
1 6.2831853071795862 -0 0 1 
1 0 -0 0 1 
1 0 6.2500000000000005e-07 1 0 
2 0 0 1 0 -0 1 0.00024899999999999998
8 0 6.2831853071795862
1 0 0 1 0 
1 6.2831853071795862 -0 0 1 
1 0 -0 0 1 
1 0 6.2500000000000005e-07 1 0 
2 0 0 1 0 -0 1 0.00024899999999999998
8 0 6.2831853071795862
1 0 0 1 0 
1 6.2831853071795862 -0 0 1 
1 0 -0 0 1 
1 0 6.2500000000000005e-07 1 0 
2 0 0 1 0 -0 1 0.00024899999999999998
8 0 6.2831853071795862
1 0 0 1 0 
1 6.2831853071795862 -0 0 1 
1 0 -0 0 1 
1 0 6.2500000000000005e-07 1 0 
2 0 0 1 0 -0 1 0.00024899999999999998
8 0 6.2831853071795862
1 0 0 1 0 
1 6.2831853071795862 -0 0 1 
1 0 -0 0 1 
1 0 6.2500000000000005e-07 1 0 
2 0 0 1 0 -0 1 0.00024899999999999998
8 0 6.2831853071795862
1 0 0 1 0 
1 6.2831853071795862 -0 0 1 
1 0 -0 0 1 
1 0 6.2500000000000005e-07 1 0 
2 0 0 1 0 -0 1 0.00024899999999999998
8 0 6.2831853071795862
1 0 0 1 0 
1 6.2831853071795862 -0 0 1 
1 0 -0 0 1 
1 0 6.2500000000000005e-07 1 0 
2 0 0 1 0 -0 1 0.00024899999999999998
8 0 6.2831853071795862
1 0 0 1 0 
1 6.2831853071795862 -0 0 1 
1 0 -0 0 1 
1 0 6.2500000000000005e-07 1 0 
2 0 0 1 0 -0 1 0.00024899999999999998
8 0 6.2831853071795862
1 0 0 1 0 
1 6.2831853071795862 -0 0 1 
1 0 -0 0 1 
1 0 6.2500000000000005e-07 1 0 
2 0 0 1 0 -0 1 0.00024899999999999998
8 0 6.2831853071795862
1 0 0 1 0 
1 6.2831853071795862 -0 0 1 
1 0 -0 0 1 
1 0 6.2500000000000005e-07 1 0 
2 0 0 1 0 -0 1 0.00024899999999999998
8 0 6.2831853071795862
1 0 0 1 0 
1 6.2831853071795862 -0 0 1 
1 0 -0 0 1 
1 0 6.2500000000000005e-07 1 0 
2 0 0 1 0 -0 1 0.00024899999999999998
1 6.2831853071795862 -0 0 1 
1 0 -0 0 1 
1 0 0 1 0 
1 0 0 1 0 
1 9.999999999999972e-07 0 0 -1 
1 0 0 0 1 
1 0 -0.0060000000000000001 1 0 
1 0 0 1 0 
1 0 0 0 -1 
1 0 0 0 1 
1 0 0 1 0 
1 0 0.0030000000000000001 1 0 
1 9.999999999999972e-07 0 0 -1 
1 0.0030000000000000001 0 0 1 
1 0 -0.0060000000000000001 1 0 
1 0 0.0030000000000000001 1 0 
1 0 0 0 -1 
1 0.0030000000000000001 0 0 1 
1 0 0 0 1 
1 0 0 1 0 
1 0.00035 0 0 1 
1 0 0 1 0 
1 0.00115 0 1 0 
1 9.999999999999972e-07 0 0 1 
1 0 0 1 0 
1 0 0 0 1 
1 0 0 1 0 
1 0.00115 0 1 0 
1 0 0 0 1 
1 0 0.0060000000000000001 1 0 
1 0.00035 0 0 1 
1 0 0.0026499999999999996 1 0 
1 0.00115 0.0060000000000000001 1 0 
1 9.999999999999972e-07 0 0 1 
1 0 0.0060000000000000001 1 0 
1 0 0 0 1 
1 0 0.0026499999999999996 1 0 
1 0.00115 0.0060000000000000001 1 0 
1 0.00035 0 0 -1 
1 0.00115 0 0 1 
1 -5.4210108624275222e-20 -0.0033500000000000005 0 1 
1 0.00115 0 0 1 
1 0.00115 0 0 1 
1 -5.4210108624275222e-20 0 0 1 
1 0.00115 0 0 1 
1 0.00035 0 0 1 
1 0 0.00265 1 0 
1 0.00115 0.00265 1 0 
1 0.00035 0 0 -1 
1 0 0 0 1 
1 0.0007000000000000001 0 0 1 
1 0.0018500000000000001 0 0 1 
1 0.0007000000000000001 -0.0033500000000000005 0 1 
1 0.0018500000000000001 0 0 1 
1 0.00035 0 0 1 
1 0 0 1 0 
1 0.00115 0.0033500000000000005 1 0 
1 0.0018500000000000001 0 0 1 
1 0 0 0 -1 
1 0.00115 0 0 1 
1 -5.4210108624275222e-20 -0.0033500000000000005 0 1 
1 0.00115 0 0 1 
1 0.00115 0 0 1 
1 -5.4210108624275222e-20 0 0 1 
1 0.00115 0 0 1 
1 0 0 0 1 
1 0 0.00265 1 0 
1 0.00115 0.00265 1 0 
1 0 0 0 -1 
1 0 0 0 1 
1 0.0007000000000000001 0 0 1 
1 0.0018500000000000001 0 0 1 
1 0.0007000000000000001 -0.0033500000000000005 0 1 
1 0.0018500000000000001 0 0 1 
1 0 0 0 1 
1 0 0 1 0 
1 0.00115 0.0033500000000000005 1 0 
1 0.0018500000000000001 0 0 1 
1 0 -0.00265 1 0 
1 0 0 1 0 
1 0 -0.00265 1 0 
1 1.5000000000000012e-05 0 0 -1 
1 0.00115 0 0 1 
1 -5.4210108624275222e-20 -0.00265 0 1 
1 0 0 1 0 
1 0 0 1 0 
1 0 -0.0033500000000000005 1 0 
1 0 -0.00265 1 0 
1 0 0.00069999999999999999 1 0 
1 0 -0.00265 1 0 
1 1.5000000000000012e-05 0 0 -1 
1 0 0 0 1 
1 0.0007000000000000001 -0.00265 0 1 
1 0 0 1 0 
1 0 0.00069999999999999999 1 0 
1 0 -0.0033500000000000005 1 0 
1 1.5000000000000012e-05 0 0 1 
1 0 0.00265 1 0 
1 2.7105054312137611e-20 0 0 1 
1 0 0 1 0 
1 0 0 0 1 
1 0 0 1 0 
1 0 9.9999999999999991e-05 0 1 
1 9.9999999999999991e-05 0 1 0 
1 2.7105054312137611e-20 0 0 1 
1 0 0 1 0 
1 1.5000000000000012e-05 0 0 1 
1 0 0 1 0 
1 2.7105054312137611e-20 0 0 1 
1 0 0.00070000000000000032 1 0 
1 0 0 0 1 
1 0 0.00010000000000000005 1 0 
1 0 9.9999999999999991e-05 0 1 
1 9.9999999999999991e-05 0.0007000000000000001 1 0 
1 2.7105054312137611e-20 0 0 1 
1 0 0.00070000000000000032 1 0 
1 0 0 0 -1 
1 9.9999999999999991e-05 0 0 1 
1 -5.4210108624275222e-20 -0.00060000000000000006 0 1 
1 9.9999999999999937e-05 0 0 1 
1 0 0 0 -1 
1 0 0 0 1 
1 0 -0.00010000000000000005 0 -1 
1 0.00010000000000000005 0.00010000000000000005 0 1 
1 9.9999999999999991e-05 0.00010000000000000005 0 1 
1 -5.4210108624275222e-20 0 0 1 
1 9.9999999999999937e-05 0 0 1 
1 0 0 0 1 
1 0 0 1 0 
1 0 0.00010000000000000005 1 0 
1 9.9999999999999991e-05 0.00010000000000000005 1 0 
1 0 0 0 -1 
1 0 0 0 1 
1 0.00050000000000000001 0 0 1 
1 0.00060000000000000006 0 0 1 
1 0.00050000000000000001 -0.00060000000000000006 0 1 
1 0.00060000000000000006 0 0 1 
1 0 0 0 1 
1 0 0.00050000000000000001 1 0 
1 0 0 1 0 
1 9.9999999999999991e-05 0.00060000000000000006 1 0 
1 0 0 0 -1 
1 0.00050000000000000001 0 0 1 
1 0 -0.00010000000000000005 0 -1 
1 0 0.00010000000000000005 0 1 
1 0.00060000000000000006 0.00010000000000000005 0 1 
1 0 0 1 0 
1 0 0 1 0 
1 0 -0.00010000000000000005 1 0 
1 9.999999999999972e-07 0 0 -1 
1 0 0 0 1 
1 9.999999999999972e-07 -0.00010000000000000005 0 -1 
1 0.00010000000000000005 0.00010000000000000005 0 1 
1 0 -0.00050000000000000001 1 0 
1 0 0 1 0 
1 0 -0.00060000000000000006 1 0 
1 0 0 1 0 
1 0 0.00050000000000000001 1 0 
1 0 -0.00010000000000000005 1 0 
1 9.999999999999972e-07 0 0 -1 
1 0.00050000000000000001 0 0 1 
1 9.999999999999972e-07 -0.00010000000000000005 0 -1 
1 0 0.00010000000000000005 0 1 
1 0 -0.00050000000000000001 1 0 
1 0 0.00050000000000000001 1 0 
1 0 -0.00060000000000000006 1 0 
1 9.999999999999972e-07 0 0 1 
1 0 0 1 0 
1 0 0.00010000000000000005 1 0 
1 9.999999999999972e-07 0 0 1 
1 0 0.00050000000000000001 1 0 
1 0 0 1 0 
1 0 -0.00265 1 0 
1 0 0 1 0 
1 0 -0.00265 1 0 
1 9.999999999999972e-07 0 0 -1 
1 0.00115 0 0 1 
1 0 0 1 0 
1 0 0 1 0 
1 0 -0.0033500000000000005 1 0 
1 0 0 1 0 
1 0 9.9999999999999991e-05 1 0 
1 0 -5.4210108624275222e-20 1 0 
1 0 9.9999999999999937e-05 1 0 
1 9.999999999999972e-07 0 0 -1 
1 9.9999999999999991e-05 0 0 1 
1 -5.4210108624275222e-20 0 0 1 
1 -5.4210108624275222e-20 -0.00060000000000000006 0 1 
1 0 -0.0007000000000000001 1 0 
1 0 9.9999999999999991e-05 1 0 
1 0 -5.4210108624275222e-20 1 0 
1 0 9.9999999999999937e-05 1 0 
1 9.999999999999972e-07 0 0 1 
1 0 0.00265 1 0 
1 9.999999999999972e-07 0 0 1 
1 0 0 1 0 
1 0 0 1 0 
1 0 0 1 0 
1 0 0.00050000000000000001 1 0 
1 0 0.00060000000000000006 1 0 
1 9.999999999999972e-07 0 0 -1 
1 0 0 0 1 
1 0.00050000000000000001 0 0 1 
1 0.00050000000000000001 -0.00060000000000000006 0 1 
1 0 -0.0007000000000000001 1 0 
1 0 0 1 0 
1 0 0.00050000000000000001 1 0 
1 0 0.00060000000000000006 1 0 
1 0 -0.00265 1 0 
1 0 0.00069999999999999999 1 0 
1 0 -0.00265 1 0 
1 9.999999999999972e-07 0 0 -1 
1 0 0 0 1 
1 0 0 1 0 
1 0 0.00069999999999999999 1 0 
1 0 -0.0033500000000000005 1 0 
1 9.999999999999972e-07 0 0 1 
1 0 0 1 0 
1 9.999999999999972e-07 9.9999999999999991e-05 0 1 
1 9.999999999999972e-07 0 0 1 
1 0 0.00010000000000000005 1 0 
1 9.999999999999972e-07 9.9999999999999991e-05 0 1 
1 0 0 1 0 
1 0 0 1 0 
1 1.5000000000000012e-05 0 0 -1 
1 0 0 0 1 
1 0 -0.0060000000000000001 1 0 
1 0 0 1 0 
1 0 0 1 0 
1 0 0.00115 1 0 
1 0 -5.4210108624275222e-20 1 0 
1 -5.4210108624275222e-20 0 0 1 
1 -5.4210108624275222e-20 -0.0033500000000000005 0 1 
1 0 -0.0060000000000000001 1 0 
1 0 0.00115 1 0 
1 0 -5.4210108624275222e-20 1 0 
1 1.5000000000000012e-05 0 0 1 
1 0 0 1 0 
1 1.5000000000000012e-05 0 0 1 
1 0 0.0060000000000000001 1 0 
1 0 0 1 0 
1 0 0 1 0 
1 0 0.0007000000000000001 1 0 
1 0.0007000000000000001 0 0 1 
1 0.0007000000000000001 -0.0033500000000000005 0 1 
1 0 -0.0060000000000000001 1 0 
1 0 0 1 0 
1 0 0.0007000000000000001 1 0 
1 0 0 1 0 
1 0 0.00115 1 0 
1 1.5000000000000012e-05 0 0 -1 
1 0.00115 0 0 1 
1 0 -0.0060000000000000001 1 0 
1 0 0.00115 1 0 
1 1.5000000000000012e-05 0 0 1 
1 0 0 1 0 
1 1.5000000000000012e-05 0 0 1 
1 0 0.0060000000000000001 1 0 
1 1.5000000000000012e-05 0 0 1 
1 0 0 1 0 
1 1.5000000000000012e-05 0 0 1 
1 0 0.0026499999999999996 1 0 
1 0 0 1 0 
1 0 0 1 0 
1 9.999999999999972e-07 0 0 -1 
1 0 0 0 1 
1 0 -0.0060000000000000001 1 0 
1 0 0 1 0 
1 0 0 1 0 
1 0 0.00115 1 0 
1 0 -5.4210108624275222e-20 1 0 
1 -5.4210108624275222e-20 0 0 1 
1 -5.4210108624275222e-20 -0.0033500000000000005 0 1 
1 0 -0.0060000000000000001 1 0 
1 0 0.00115 1 0 
1 0 -5.4210108624275222e-20 1 0 
1 9.999999999999972e-07 0 0 1 
1 0 0 1 0 
1 9.999999999999972e-07 0 0 1 
1 0 0.0060000000000000001 1 0 
1 0 0 1 0 
1 0 0 1 0 
1 0 0.0007000000000000001 1 0 
1 0.0007000000000000001 0 0 1 
1 0.0007000000000000001 -0.0033500000000000005 0 1 
1 0 -0.0060000000000000001 1 0 
1 0 0 1 0 
1 0 0.0007000000000000001 1 0 
1 0 0 1 0 
1 0 0.00115 1 0 
1 9.999999999999972e-07 0 0 -1 
1 0.00115 0 0 1 
1 0 -0.0060000000000000001 1 0 
1 0 0.00115 1 0 
1 9.999999999999972e-07 0 0 1 
1 0 0 1 0 
1 9.999999999999972e-07 0 0 1 
1 0 0.0060000000000000001 1 0 
1 9.999999999999972e-07 0 0 1 
1 0 0 1 0 
1 9.999999999999972e-07 0 0 1 
1 0 0.0026499999999999996 1 0 
1 0 0 1 0 
1 0 0 1 0 
1 0 -0.0060000000000000001 1 0 
1 0 0 1 0 
1 0 0 0 -1 
1 0 0 0 1 
1 0 0 1 0 
1 0 0.00115 1 0 
1 0 -5.4210108624275222e-20 1 0 
1 0 -0.00265 1 0 
1 0 0 1 0 
1 0 -0.00265 1 0 
1 0 0 0 -1 
1 0.00115 0 0 1 
1 -5.4210108624275222e-20 0 0 1 
1 0 0 1 0 
1 0 0 1 0 
1 0 -0.0033500000000000005 1 0 
1 0 -0.0060000000000000001 1 0 
1 0 0.00115 1 0 
1 0 -5.4210108624275222e-20 1 0 
1 -5.4210108624275222e-20 -0.0033500000000000005 0 1 
1 0 0 0 1 
1 0 0 1 0 
1 0 0 0 1 
1 0 0.0060000000000000001 1 0 
1 0 0 1 0 
1 0 0 1 0 
1 0 0.0007000000000000001 1 0 
1 0 -0.00265 1 0 
1 0 0.00069999999999999999 1 0 
1 0 -0.00265 1 0 
1 0 0 0 -1 
1 0 0 0 1 
1 0.0007000000000000001 0 0 1 
1 0 0 1 0 
1 0 0.00069999999999999999 1 0 
1 0 -0.0033500000000000005 1 0 
1 0 -0.0060000000000000001 1 0 
1 0 0 1 0 
1 0 0.0007000000000000001 1 0 
1 0.0007000000000000001 -0.0033500000000000005 0 1 
1 0 0 1 0 
1 0 0.00115 1 0 
1 0 -0.0060000000000000001 1 0 
1 0 0.00115 1 0 
1 0 0 0 -1 
1 0.00115 0 0 1 
1 0 0 0 1 
1 0 0 1 0 
1 0 0 0 1 
1 0 0.0060000000000000001 1 0 
1 0 0 0 1 
1 0 0 1 0 
1 0 0 0 1 
1 0 0.00265 1 0 
1 0 0 0 1 
1 0 0 1 0 
1 0 0 0 1 
1 0 0.0026499999999999996 1 0 
1 0 0 1 0 
1 0 0 1 0 
1 0 -0.0060000000000000001 1 0 
1 0 0 1 0 
1 0 0 0 -1 
1 0 0 0 1 
1 0 0 1 0 
1 0 0.00115 1 0 
1 0 -5.4210108624275222e-20 1 0 
1 0 -0.00265 1 0 
1 0 0 1 0 
1 0 -0.00265 1 0 
1 0 0 0 -1 
1 0.00115 0 0 1 
1 -5.4210108624275222e-20 0 0 1 
1 0 0 1 0 
1 0 0 1 0 
1 0 -0.0033500000000000005 1 0 
1 0 -0.0060000000000000001 1 0 
1 0 0.00115 1 0 
1 0 -5.4210108624275222e-20 1 0 
1 -5.4210108624275222e-20 -0.0033500000000000005 0 1 
1 0 0 0 1 
1 0 0 1 0 
1 0 0 0 1 
1 0 0.0060000000000000001 1 0 
1 0 0 1 0 
1 0 0 1 0 
1 0 0.0007000000000000001 1 0 
1 0 -0.00265 1 0 
1 0 0.00069999999999999999 1 0 
1 0 -0.00265 1 0 
1 0 0 0 -1 
1 0 0 0 1 
1 0.0007000000000000001 0 0 1 
1 0 0 1 0 
1 0 0.00069999999999999999 1 0 
1 0 -0.0033500000000000005 1 0 
1 0 -0.0060000000000000001 1 0 
1 0 0 1 0 
1 0 0.0007000000000000001 1 0 
1 0.0007000000000000001 -0.0033500000000000005 0 1 
1 0 0 1 0 
1 0 0.00115 1 0 
1 0 -0.0060000000000000001 1 0 
1 0 0.00115 1 0 
1 0 0 0 -1 
1 0.00115 0 0 1 
1 0 0 0 1 
1 0 0 1 0 
1 0 0 0 1 
1 0 0.0060000000000000001 1 0 
1 0 0 0 1 
1 0 0 1 0 
1 0 0 0 1 
1 0 0.00265 1 0 
1 0 0 0 1 
1 0 0 1 0 
1 0 0 0 1 
1 0 0.0026499999999999996 1 0 
Curves 233
1 -0.00050000000000000001 0.00050000000000000001 0.00021216000000000003 0 0 1 
1 -0.00050000000000000001 0.00050000000000000001 0.00091215999999999997 -0 1 0 
1 -0.00050000000000000001 0.0015 0.00021216000000000003 0 0 1 
1 -0.00050000000000000001 0.00050000000000000001 0.00021216000000000003 -0 1 0 
1 0.00050000000000000001 0.00050000000000000001 0.00021216000000000003 0 0 1 
1 0.00050000000000000001 0.00050000000000000001 0.00091215999999999997 -0 1 0 
1 0.00050000000000000001 0.0015 0.00021216000000000003 0 0 1 
1 0.00050000000000000001 0.00050000000000000001 0.00021216000000000003 -0 1 0 
1 -0.00050000000000000001 0.00050000000000000001 0.00021216000000000003 1 0 -0 
1 -0.00050000000000000001 0.00050000000000000001 0.00091215999999999997 1 0 -0 
1 -0.00050000000000000001 0.0015 0.00021216000000000003 1 0 -0 
1 -0.00050000000000000001 0.0015 0.00091215999999999997 1 0 -0 
1 -0.00025000000000000001 0.00075000000000000002 0.00019199999999999998 0 0 1 
1 -0.00025000000000000001 0.00075000000000000002 0.00019215999999999998 -0 1 0 
1 -0.00025000000000000001 0.00125 0.00019199999999999998 0 0 1 
1 -0.00025000000000000001 0.00075000000000000002 0.00019199999999999998 -0 1 0 
1 0.00025000000000000001 0.00075000000000000002 0.00019199999999999998 0 0 1 
1 0.00025000000000000001 0.00075000000000000002 0.00019215999999999998 -0 1 0 
1 0.00025000000000000001 0.00125 0.00019199999999999998 0 0 1 
1 0.00025000000000000001 0.00075000000000000002 0.00019199999999999998 -0 1 0 
1 -0.00025000000000000001 0.00075000000000000002 0.00019199999999999998 1 0 -0 
1 -0.00025000000000000001 0.00075000000000000002 0.00019215999999999998 1 0 -0 
1 -0.00025000000000000001 0.00125 0.00019199999999999998 1 0 -0 
1 -0.00025000000000000001 0.00125 0.00019215999999999998 1 0 -0 
2 0 0.001 0.000192785 0 0 1 1 0 -0 -0 1 0 0.00024899999999999998
1 0.00024899999999999998 0.001 0.00019216 0 0 1 
2 0 0.001 0.00019216 0 0 1 1 0 -0 -0 1 0 0.00024899999999999998
2 0 0.001 0.00019341000000000001 0 0 1 1 0 -0 -0 1 0 0.00024899999999999998
1 0.00024899999999999998 0.001 0.000192785 0 0 1 
2 0 0.001 0.00019403500000000001 0 0 1 1 0 -0 -0 1 0 0.00024899999999999998
1 0.00024899999999999998 0.001 0.00019341000000000001 0 0 1 
2 0 0.001 0.00019466000000000001 0 0 1 1 0 -0 -0 1 0 0.00024899999999999998
1 0.00024899999999999998 0.001 0.00019403500000000001 0 0 1 
2 0 0.001 0.00019528500000000001 0 0 1 1 0 -0 -0 1 0 0.00024899999999999998
1 0.00024899999999999998 0.001 0.00019466000000000001 0 0 1 
2 0 0.001 0.00019591000000000001 0 0 1 1 0 -0 -0 1 0 0.00024899999999999998
1 0.00024899999999999998 0.001 0.00019528500000000001 0 0 1 
2 0 0.001 0.00019653500000000001 0 0 1 1 0 -0 -0 1 0 0.00024899999999999998
1 0.00024899999999999998 0.001 0.00019591000000000001 0 0 1 
2 0 0.001 0.00019716000000000002 0 0 1 1 0 -0 -0 1 0 0.00024899999999999998
1 0.00024899999999999998 0.001 0.00019653500000000001 0 0 1 
2 0 0.001 0.00019778500000000002 0 0 1 1 0 -0 -0 1 0 0.00024899999999999998
1 0.00024899999999999998 0.001 0.00019716000000000002 0 0 1 
2 0 0.001 0.00019841000000000002 0 0 1 1 0 -0 -0 1 0 0.00024899999999999998
1 0.00024899999999999998 0.001 0.00019778500000000002 0 0 1 
2 0 0.001 0.00019903500000000002 0 0 1 1 0 -0 -0 1 0 0.00024899999999999998
1 0.00024899999999999998 0.001 0.00019841000000000002 0 0 1 
2 0 0.001 0.00019966000000000002 0 0 1 1 0 -0 -0 1 0 0.00024899999999999998
1 0.00024899999999999998 0.001 0.00019903500000000002 0 0 1 
2 0 0.001 0.00020028500000000002 0 0 1 1 0 -0 -0 1 0 0.00024899999999999998
1 0.00024899999999999998 0.001 0.00019966000000000002 0 0 1 
2 0 0.001 0.00020091000000000003 0 0 1 1 0 -0 -0 1 0 0.00024899999999999998
1 0.00024899999999999998 0.001 0.00020028500000000002 0 0 1 
2 0 0.001 0.00020153500000000003 0 0 1 1 0 -0 -0 1 0 0.00024899999999999998
1 0.00024899999999999998 0.001 0.00020091000000000003 0 0 1 
2 0 0.001 0.00020216000000000003 0 0 1 1 0 -0 -0 1 0 0.00024899999999999998
1 0.00024899999999999998 0.001 0.00020153500000000003 0 0 1 
2 0 0.001 0.00020278500000000003 0 0 1 1 0 -0 -0 1 0 0.00024899999999999998
1 0.00024899999999999998 0.001 0.00020216000000000003 0 0 1 
2 0 0.001 0.00020341000000000003 0 0 1 1 0 -0 -0 1 0 0.00024899999999999998
1 0.00024899999999999998 0.001 0.00020278500000000003 0 0 1 
2 0 0.001 0.00020403500000000001 0 0 1 1 0 -0 -0 1 0 0.00024899999999999998
1 0.00024899999999999998 0.001 0.00020341000000000001 0 0 1 
2 0 0.001 0.00020466000000000001 0 0 1 1 0 -0 -0 1 0 0.00024899999999999998
1 0.00024899999999999998 0.001 0.00020403500000000001 0 0 1 
2 0 0.001 0.00020528500000000001 0 0 1 1 0 -0 -0 1 0 0.00024899999999999998
1 0.00024899999999999998 0.001 0.00020466000000000001 0 0 1 
2 0 0.001 0.00020591000000000001 0 0 1 1 0 -0 -0 1 0 0.00024899999999999998
1 0.00024899999999999998 0.001 0.00020528500000000001 0 0 1 
2 0 0.001 0.00020653500000000001 0 0 1 1 0 -0 -0 1 0 0.00024899999999999998
1 0.00024899999999999998 0.001 0.00020591000000000001 0 0 1 
2 0 0.001 0.00020716000000000002 0 0 1 1 0 -0 -0 1 0 0.00024899999999999998
1 0.00024899999999999998 0.001 0.00020653500000000001 0 0 1 
2 0 0.001 0.00020778500000000002 0 0 1 1 0 -0 -0 1 0 0.00024899999999999998
1 0.00024899999999999998 0.001 0.00020716000000000002 0 0 1 
2 0 0.001 0.00020841000000000002 0 0 1 1 0 -0 -0 1 0 0.00024899999999999998
1 0.00024899999999999998 0.001 0.00020778500000000002 0 0 1 
2 0 0.001 0.00020903500000000002 0 0 1 1 0 -0 -0 1 0 0.00024899999999999998
1 0.00024899999999999998 0.001 0.00020841000000000002 0 0 1 
2 0 0.001 0.00020966000000000002 0 0 1 1 0 -0 -0 1 0 0.00024899999999999998
1 0.00024899999999999998 0.001 0.00020903500000000002 0 0 1 
2 0 0.001 0.00021028500000000002 0 0 1 1 0 -0 -0 1 0 0.00024899999999999998
1 0.00024899999999999998 0.001 0.00020966000000000002 0 0 1 
2 0 0.001 0.00021091000000000003 0 0 1 1 0 -0 -0 1 0 0.00024899999999999998
1 0.00024899999999999998 0.001 0.00021028500000000002 0 0 1 
2 0 0.001 0.00021153500000000003 0 0 1 1 0 -0 -0 1 0 0.00024899999999999998
1 0.00024899999999999998 0.001 0.00021091000000000003 0 0 1 
2 0 0.001 0.00021216000000000003 0 0 1 1 0 -0 -0 1 0 0.00024899999999999998
1 0.00024899999999999998 0.001 0.00021153500000000003 0 0 1 
1 -0.0015 -0.002 0.000175 0 0 1 
1 -0.0015 -0.002 0.000176 -0 1 0 
1 -0.0015 0.0040000000000000001 0.000175 0 0 1 
1 -0.0015 -0.002 0.000175 -0 1 0 
1 0.0015 -0.002 0.000175 0 0 1 
1 0.0015 -0.002 0.000176 -0 1 0 
1 0.0015 0.0040000000000000001 0.000175 0 0 1 
1 0.0015 -0.002 0.000175 -0 1 0 
1 -0.0015 -0.002 0.000175 1 0 -0 
1 -0.00035 -0.002 0.000175 1 0 -0 
1 -0.0015 -0.002 0.000176 1 0 -0 
1 -0.00035 -0.002 0.000176 1 0 -0 
1 -0.0015 0.0040000000000000001 0.000175 1 0 -0 
1 -0.00035 0.0040000000000000001 0.000175 1 0 -0 
1 -0.0015 0.0040000000000000001 0.000176 1 0 -0 
1 -0.00035 0.0040000000000000001 0.000176 1 0 -0 
1 -0.00035000000000000005 -0.002 0.000175 -0 1 0 
1 -0.00035 0.00064999999999999997 0.000175 1 0 -0 
1 0.00035000000000000005 -0.002 0.000175 -0 1 0 
1 -0.00035 0.0013500000000000003 0.000175 1 0 -0 
1 -0.00035000000000000005 -0.002 0.000176 -0 1 0 
1 -0.00035 0.00064999999999999997 0.000176 1 0 -0 
1 0.00035000000000000005 -0.002 0.000176 -0 1 0 
1 -0.00035 0.0013500000000000003 0.000176 1 0 -0 
1 -0.00035 0.00064999999999999997 0.000176 0 0 1 
1 -0.00035000000000000005 -0.002 0.00019100000000000001 -0 1 0 
1 -0.00035 0.0013500000000000003 0.000176 0 0 1 
1 0.00035 0.00064999999999999997 0.000176 0 0 1 
1 0.00035000000000000005 -0.002 0.00019100000000000001 -0 1 0 
1 0.00035 0.0013500000000000003 0.000176 0 0 1 
1 -0.00035 0.00064999999999999997 0.00019100000000000001 1 0 -0 
1 -0.00025000000000000001 0.00064999999999999997 0.00019099999999999998 1 0 -0 
1 -0.00035 0.0013500000000000003 0.00019100000000000001 1 0 -0 
1 -0.00025000000000000001 0.0013500000000000001 0.00019099999999999998 1 0 -0 
1 -0.00025000000000000006 0.00064999999999999997 0.00019099999999999998 -0 1 0 
1 -0.00025000000000000001 0.00075000000000000002 0.00019099999999999998 -0 1 0 
1 -0.00025000000000000001 0.00075000000000000002 0.00019099999999999998 1 0 -0 
1 0.00025000000000000001 0.00064999999999999997 0.00019099999999999998 -0 1 0 
1 -0.00025000000000000001 0.00125 0.00019099999999999998 1 0 -0 
1 0.00025000000000000001 0.00075000000000000002 0.00019099999999999998 -0 1 0 
1 -0.00025000000000000001 0.00075000000000000002 0.00019099999999999998 0 0 1 
1 -0.00025000000000000001 0.00075000000000000002 0.00019199999999999998 -0 1 0 
1 -0.00025000000000000001 0.00125 0.00019099999999999998 0 0 1 
1 0.00025000000000000001 0.00075000000000000002 0.00019099999999999998 0 0 1 
1 0.00025000000000000001 0.00075000000000000002 0.00019199999999999998 -0 1 0 
1 0.00025000000000000001 0.00125 0.00019099999999999998 0 0 1 
1 -0.00025000000000000001 0.00075000000000000002 0.00019199999999999998 1 0 -0 
1 -0.00025000000000000001 0.00125 0.00019199999999999998 1 0 -0 
1 -0.00035 0.00064999999999999997 0.00019099999999999998 0 0 1 
1 -0.00035000000000000005 -0.002 0.00019199999999999998 -0 1 0 
1 -0.00035 0.0013500000000000003 0.00019099999999999998 0 0 1 
1 -0.00025000000000000006 0.00064999999999999997 0.00019099999999999998 0 0 1 
1 -0.00025000000000000006 0.00064999999999999997 0.00019199999999999998 -0 1 0 
1 -0.00025000000000000006 0.0013500000000000001 0.00019099999999999998 0 0 1 
1 -0.00035 0.00064999999999999997 0.00019199999999999998 1 0 -0 
1 -0.00035 0.0013500000000000003 0.00019199999999999998 1 0 -0 
1 0.00025000000000000001 0.00064999999999999997 0.00019099999999999998 0 0 1 
1 0.00025000000000000001 0.00064999999999999997 0.00019199999999999998 -0 1 0 
1 0.00025000000000000001 0.0013500000000000001 0.00019099999999999998 0 0 1 
1 0.00035 0.00064999999999999997 0.00019099999999999998 0 0 1 
1 0.00035000000000000005 -0.002 0.00019199999999999998 -0 1 0 
1 0.00035 0.0013500000000000003 0.00019099999999999998 0 0 1 
1 -0.00025000000000000001 0.00064999999999999997 0.00019199999999999998 1 0 -0 
1 -0.00025000000000000001 0.0013500000000000001 0.00019199999999999998 1 0 -0 
1 -0.0015 -0.002 0.000176 0 0 1 
1 -0.0015 -0.002 0.00019100000000000001 -0 1 0 
1 -0.0015 0.0040000000000000001 0.000176 0 0 1 
1 -0.00035000000000000005 -0.002 0.000176 0 0 1 
1 -0.00035000000000000005 0.0040000000000000001 0.000176 0 0 1 
1 -0.0015 -0.002 0.00019100000000000001 1 0 -0 
1 -0.0015 0.0040000000000000001 0.00019100000000000001 1 0 -0 
1 0.00035000000000000005 -0.002 0.000176 0 0 1 
1 0.00035000000000000005 0.0040000000000000001 0.000176 0 0 1 
1 0.0015 -0.002 0.000176 0 0 1 
1 0.0015 -0.002 0.00019100000000000001 -0 1 0 
1 0.0015 0.0040000000000000001 0.000176 0 0 1 
1 0.00035000000000000005 -0.002 0.00019100000000000001 1 0 -0 
1 0.00035000000000000005 0.0040000000000000001 0.00019100000000000001 1 0 -0 
1 -0.00035 -0.002 0.00019100000000000001 1 0 -0 
1 -0.00035 0.0040000000000000001 0.00019100000000000001 1 0 -0 
1 -0.0015 -0.002 0.00019099999999999998 0 0 1 
1 -0.0015 -0.002 0.00019199999999999998 -0 1 0 
1 -0.0015 0.0040000000000000001 0.00019099999999999998 0 0 1 
1 -0.00035000000000000005 -0.002 0.00019099999999999998 0 0 1 
1 -0.00035000000000000005 0.0040000000000000001 0.00019099999999999998 0 0 1 
1 -0.0015 -0.002 0.00019199999999999998 1 0 -0 
1 -0.0015 0.0040000000000000001 0.00019199999999999998 1 0 -0 
1 0.00035000000000000005 -0.002 0.00019099999999999998 0 0 1 
1 0.00035000000000000005 0.0040000000000000001 0.00019099999999999998 0 0 1 
1 0.0015 -0.002 0.00019099999999999998 0 0 1 
1 0.0015 -0.002 0.00019199999999999998 -0 1 0 
1 0.0015 0.0040000000000000001 0.00019099999999999998 0 0 1 
1 0.00035000000000000005 -0.002 0.00019199999999999998 1 0 -0 
1 0.00035000000000000005 0.0040000000000000001 0.00019199999999999998 1 0 -0 
1 -0.00035 -0.002 0.00019199999999999998 1 0 -0 
1 -0.00035 0.0040000000000000001 0.00019199999999999998 1 0 -0 
1 -0.0015 -0.002 -0.000175 0 0 1 
1 -0.0015 0.0040000000000000001 -0.000175 0 0 1 
1 -0.0015 -0.002 -0.000175 -0 1 0 
1 -0.00035000000000000005 -0.002 -0.000175 0 0 1 
1 -0.00035 0.00064999999999999997 -0.000175 0 0 1 
1 -0.00035000000000000005 -0.002 -0.000175 -0 1 0 
1 -0.00035 0.0013500000000000003 -0.000175 0 0 1 
1 -0.00035000000000000005 0.0040000000000000001 -0.000175 0 0 1 
1 -0.0015 -0.002 -0.000175 1 0 -0 
1 -0.0015 0.0040000000000000001 -0.000175 1 0 -0 
1 0.00035000000000000005 -0.002 -0.000175 0 0 1 
1 0.00035 0.00064999999999999997 -0.000175 0 0 1 
1 0.00035000000000000005 -0.002 -0.000175 -0 1 0 
1 0.00035 0.0013500000000000003 -0.000175 0 0 1 
1 0.00035000000000000005 0.0040000000000000001 -0.000175 0 0 1 
1 0.0015 -0.002 -0.000175 0 0 1 
1 0.0015 0.0040000000000000001 -0.000175 0 0 1 
1 0.0015 -0.002 -0.000175 -0 1 0 
1 0.00035000000000000005 -0.002 -0.000175 1 0 -0 
1 0.00035000000000000005 0.0040000000000000001 -0.000175 1 0 -0 
1 -0.00035 -0.002 -0.000175 1 0 -0 
1 -0.00035 0.00064999999999999997 -0.000175 1 0 -0 
1 -0.00035 0.0013500000000000003 -0.000175 1 0 -0 
1 -0.00035 0.0040000000000000001 -0.000175 1 0 -0 
1 -0.0015 -0.002 -0.00017699999999999999 0 0 1 
1 -0.0015 0.0040000000000000001 -0.00017699999999999999 0 0 1 
1 -0.0015 -0.002 -0.00017699999999999999 -0 1 0 
1 -0.00035000000000000005 -0.002 -0.00017699999999999999 0 0 1 
1 -0.00035 0.00064999999999999997 -0.00017699999999999999 0 0 1 
1 -0.00035000000000000005 -0.002 -0.00017699999999999999 -0 1 0 
1 -0.00035 0.0013500000000000003 -0.00017699999999999999 0 0 1 
1 -0.00035000000000000005 0.0040000000000000001 -0.00017699999999999999 0 0 1 
1 -0.0015 -0.002 -0.00017699999999999999 1 0 -0 
1 -0.0015 0.0040000000000000001 -0.00017699999999999999 1 0 -0 
1 0.00035000000000000005 -0.002 -0.00017699999999999999 0 0 1 
1 0.00035 0.00064999999999999997 -0.00017699999999999999 0 0 1 
1 0.00035000000000000005 -0.002 -0.00017699999999999999 -0 1 0 
1 0.00035 0.0013500000000000003 -0.00017699999999999999 0 0 1 
1 0.00035000000000000005 0.0040000000000000001 -0.00017699999999999999 0 0 1 
1 0.0015 -0.002 -0.00017699999999999999 0 0 1 
1 0.0015 0.0040000000000000001 -0.00017699999999999999 0 0 1 
1 0.0015 -0.002 -0.00017699999999999999 -0 1 0 
1 0.00035000000000000005 -0.002 -0.00017699999999999999 1 0 -0 
1 0.00035000000000000005 0.0040000000000000001 -0.00017699999999999999 1 0 -0 
1 -0.00035 -0.002 -0.00017699999999999999 1 0 -0 
1 -0.00035 0.00064999999999999997 -0.00017699999999999999 1 0 -0 
1 -0.00035 0.0013500000000000003 -0.00017699999999999999 1 0 -0 
1 -0.00035 0.0040000000000000001 -0.00017699999999999999 1 0 -0 
Polygon3D 0
PolygonOnTriangulations 0
Surfaces 194
1 -0.00050000000000000001 0.00050000000000000001 0.00021216000000000003 1 0 -0 0 0 1 0 -1 0 
1 -0.00050000000000000001 0.00050000000000000001 0.00021216000000000003 -0 1 0 0 0 1 1 0 -0 
1 -0.00050000000000000001 0.00050000000000000001 0.00091215999999999997 0 0 1 1 0 -0 -0 1 0 
1 -0.00050000000000000001 0.0015 0.00021216000000000003 -0 1 0 0 0 1 1 0 -0 
1 -0.00050000000000000001 0.00050000000000000001 0.00021216000000000003 0 0 1 1 0 -0 -0 1 0 
1 0.00050000000000000001 0.00050000000000000001 0.00021216000000000003 1 0 -0 0 0 1 0 -1 0 
1 -0.00025000000000000001 0.00075000000000000002 0.00019199999999999998 1 0 -0 0 0 1 0 -1 0 
1 -0.00025000000000000001 0.00075000000000000002 0.00019199999999999998 -0 1 0 0 0 1 1 0 -0 
1 -0.00025000000000000001 0.00075000000000000002 0.00019215999999999998 0 0 1 1 0 -0 -0 1 0 
1 -0.00025000000000000001 0.00125 0.00019199999999999998 -0 1 0 0 0 1 1 0 -0 
1 -0.00025000000000000001 0.00075000000000000002 0.00019199999999999998 0 0 1 1 0 -0 -0 1 0 
1 0.00025000000000000001 0.00075000000000000002 0.00019199999999999998 1 0 -0 0 0 1 0 -1 0 
2 0 0.001 0.00019216 0 0 1 1 0 -0 -0 1 0 0.00024899999999999998
1 0 0.001 0.000192785 0 0 1 1 0 -0 -0 1 0 
2 0 0.001 0.000192785 0 0 1 1 0 -0 -0 1 0 0.00024899999999999998
1 0 0.001 0.00019216 0 0 1 1 0 -0 -0 1 0 
1 0 0.001 0.00019341000000000001 0 0 1 1 0 -0 -0 1 0 
2 0 0.001 0.00019341000000000001 0 0 1 1 0 -0 -0 1 0 0.00024899999999999998
1 0 0.001 0.00019403500000000001 0 0 1 1 0 -0 -0 1 0 
2 0 0.001 0.00019403500000000001 0 0 1 1 0 -0 -0 1 0 0.00024899999999999998
1 0 0.001 0.00019466000000000001 0 0 1 1 0 -0 -0 1 0 
2 0 0.001 0.00019466000000000001 0 0 1 1 0 -0 -0 1 0 0.00024899999999999998
1 0 0.001 0.00019528500000000001 0 0 1 1 0 -0 -0 1 0 
2 0 0.001 0.00019528500000000001 0 0 1 1 0 -0 -0 1 0 0.00024899999999999998
1 0 0.001 0.00019591000000000001 0 0 1 1 0 -0 -0 1 0 
2 0 0.001 0.00019591000000000001 0 0 1 1 0 -0 -0 1 0 0.00024899999999999998
1 0 0.001 0.00019653500000000001 0 0 1 1 0 -0 -0 1 0 
2 0 0.001 0.00019653500000000001 0 0 1 1 0 -0 -0 1 0 0.00024899999999999998
1 0 0.001 0.00019716000000000002 0 0 1 1 0 -0 -0 1 0 
2 0 0.001 0.00019716000000000002 0 0 1 1 0 -0 -0 1 0 0.00024899999999999998
1 0 0.001 0.00019778500000000002 0 0 1 1 0 -0 -0 1 0 
2 0 0.001 0.00019778500000000002 0 0 1 1 0 -0 -0 1 0 0.00024899999999999998
1 0 0.001 0.00019841000000000002 0 0 1 1 0 -0 -0 1 0 
2 0 0.001 0.00019841000000000002 0 0 1 1 0 -0 -0 1 0 0.00024899999999999998
1 0 0.001 0.00019903500000000002 0 0 1 1 0 -0 -0 1 0 
2 0 0.001 0.00019903500000000002 0 0 1 1 0 -0 -0 1 0 0.00024899999999999998
1 0 0.001 0.00019966000000000002 0 0 1 1 0 -0 -0 1 0 
2 0 0.001 0.00019966000000000002 0 0 1 1 0 -0 -0 1 0 0.00024899999999999998
1 0 0.001 0.00020028500000000002 0 0 1 1 0 -0 -0 1 0 
2 0 0.001 0.00020028500000000002 0 0 1 1 0 -0 -0 1 0 0.00024899999999999998
1 0 0.001 0.00020091000000000003 0 0 1 1 0 -0 -0 1 0 
2 0 0.001 0.00020091000000000003 0 0 1 1 0 -0 -0 1 0 0.00024899999999999998
1 0 0.001 0.00020153500000000003 0 0 1 1 0 -0 -0 1 0 
2 0 0.001 0.00020153500000000003 0 0 1 1 0 -0 -0 1 0 0.00024899999999999998
1 0 0.001 0.00020216000000000003 0 0 1 1 0 -0 -0 1 0 
2 0 0.001 0.00020216000000000003 0 0 1 1 0 -0 -0 1 0 0.00024899999999999998
1 0 0.001 0.00020278500000000003 0 0 1 1 0 -0 -0 1 0 
2 0 0.001 0.00020278500000000003 0 0 1 1 0 -0 -0 1 0 0.00024899999999999998
1 0 0.001 0.00020341000000000003 0 0 1 1 0 -0 -0 1 0 
2 0 0.001 0.00020341000000000001 0 0 1 1 0 -0 -0 1 0 0.00024899999999999998
1 0 0.001 0.00020403500000000001 0 0 1 1 0 -0 -0 1 0 
2 0 0.001 0.00020403500000000001 0 0 1 1 0 -0 -0 1 0 0.00024899999999999998
1 0 0.001 0.00020466000000000001 0 0 1 1 0 -0 -0 1 0 
2 0 0.001 0.00020466000000000001 0 0 1 1 0 -0 -0 1 0 0.00024899999999999998
1 0 0.001 0.00020528500000000001 0 0 1 1 0 -0 -0 1 0 
2 0 0.001 0.00020528500000000001 0 0 1 1 0 -0 -0 1 0 0.00024899999999999998
1 0 0.001 0.00020591000000000001 0 0 1 1 0 -0 -0 1 0 
2 0 0.001 0.00020591000000000001 0 0 1 1 0 -0 -0 1 0 0.00024899999999999998
1 0 0.001 0.00020653500000000001 0 0 1 1 0 -0 -0 1 0 
2 0 0.001 0.00020653500000000001 0 0 1 1 0 -0 -0 1 0 0.00024899999999999998
1 0 0.001 0.00020716000000000002 0 0 1 1 0 -0 -0 1 0 
2 0 0.001 0.00020716000000000002 0 0 1 1 0 -0 -0 1 0 0.00024899999999999998
1 0 0.001 0.00020778500000000002 0 0 1 1 0 -0 -0 1 0 
2 0 0.001 0.00020778500000000002 0 0 1 1 0 -0 -0 1 0 0.00024899999999999998
1 0 0.001 0.00020841000000000002 0 0 1 1 0 -0 -0 1 0 
2 0 0.001 0.00020841000000000002 0 0 1 1 0 -0 -0 1 0 0.00024899999999999998
1 0 0.001 0.00020903500000000002 0 0 1 1 0 -0 -0 1 0 
2 0 0.001 0.00020903500000000002 0 0 1 1 0 -0 -0 1 0 0.00024899999999999998
1 0 0.001 0.00020966000000000002 0 0 1 1 0 -0 -0 1 0 
2 0 0.001 0.00020966000000000002 0 0 1 1 0 -0 -0 1 0 0.00024899999999999998
1 0 0.001 0.00021028500000000002 0 0 1 1 0 -0 -0 1 0 
2 0 0.001 0.00021028500000000002 0 0 1 1 0 -0 -0 1 0 0.00024899999999999998
1 0 0.001 0.00021091000000000003 0 0 1 1 0 -0 -0 1 0 
2 0 0.001 0.00021091000000000003 0 0 1 1 0 -0 -0 1 0 0.00024899999999999998
1 0 0.001 0.00021153500000000003 0 0 1 1 0 -0 -0 1 0 
2 0 0.001 0.00021153500000000003 0 0 1 1 0 -0 -0 1 0 0.00024899999999999998
1 0 0.001 0.00021216000000000003 0 0 1 1 0 -0 -0 1 0 
1 -0.0015 -0.002 0.000175 1 0 -0 0 0 1 0 -1 0 
1 -0.0015 -0.002 0.000175 -0 1 0 0 0 1 1 0 -0 
1 -0.0015 -0.002 0.000176 0 0 1 1 0 -0 -0 1 0 
1 -0.0015 0.0040000000000000001 0.000175 -0 1 0 0 0 1 1 0 -0 
1 -0.0015 -0.002 0.000175 0 0 1 1 0 -0 -0 1 0 
1 0.0015 -0.002 0.000175 1 0 -0 0 0 1 0 -1 0 
1 -0.00035 -0.002 -0.000175 -0 1 0 0 0 1 1 0 -0 
1 -0.00035 -0.002 0.000175 0 0 1 1 0 -0 -0 1 0 
1 -0.00035 -0.002 0.000176 -0 1 0 0 0 1 1 0 -0 
1 -0.00035 -0.002 0.000176 0 0 1 1 0 -0 -0 1 0 
1 -0.00035 0.0040000000000000001 -0.000175 -0 1 0 0 0 1 1 0 -0 
1 -0.00035 0.0013500000000000003 0.000175 0 0 1 1 0 -0 -0 1 0 
1 -0.00035 0.0040000000000000001 0.000176 -0 1 0 0 0 1 1 0 -0 
1 -0.00035 0.0013500000000000003 0.000176 0 0 1 1 0 -0 -0 1 0 
1 -0.00035000000000000005 -0.002 -0.000175 1 0 -0 0 0 1 0 -1 0 
1 -0.0015 -0.002 0.000175 0 0 1 1 0 -0 -0 1 0 
1 -0.00035 0.00064999999999999997 -0.000175 -0 1 0 0 0 1 1 0 -0 
1 0.00035000000000000005 -0.002 -0.000175 1 0 -0 0 0 1 0 -1 0 
1 0.00035000000000000005 -0.002 0.000175 0 0 1 1 0 -0 -0 1 0 
1 -0.00035 0.0013500000000000003 -0.000175 -0 1 0 0 0 1 1 0 -0 
1 -0.00035000000000000005 -0.002 0.000176 1 0 -0 0 0 1 0 -1 0 
1 -0.0015 -0.002 0.000176 0 0 1 1 0 -0 -0 1 0 
1 -0.00035 0.00064999999999999997 0.000176 -0 1 0 0 0 1 1 0 -0 
1 0.00035000000000000005 -0.002 0.000176 1 0 -0 0 0 1 0 -1 0 
1 0.00035000000000000005 -0.002 0.000176 0 0 1 1 0 -0 -0 1 0 
1 -0.00035 0.0013500000000000003 0.000176 -0 1 0 0 0 1 1 0 -0 
1 -0.00035 -0.002 0.000176 1 0 -0 0 0 1 0 -1 0 
1 -0.0015 -0.002 0.00019100000000000001 0 0 1 1 0 -0 -0 1 0 
1 -0.00035 0.00064999999999999997 0.00019100000000000001 0 0 1 1 0 -0 -0 1 0 
1 -0.00035 0.0013500000000000003 0.000176 1 0 -0 0 0 1 0 -1 0 
1 0.00035 -0.002 0.000176 1 0 -0 0 0 1 0 -1 0 
1 0.00035000000000000005 -0.002 0.00019100000000000001 0 0 1 1 0 -0 -0 1 0 
1 0.00035 0.0013500000000000003 0.000176 1 0 -0 0 0 1 0 -1 0 
1 -0.00035 -0.002 0.00019100000000000001 0 0 1 1 0 -0 -0 1 0 
1 -0.00035 0.00064999999999999997 0.00019099999999999998 -0 1 0 0 0 1 1 0 -0 
1 -0.00025000000000000001 0.00064999999999999997 0.00019099999999999998 -0 1 0 0 0 1 1 0 -0 
1 -0.00025000000000000001 0.00064999999999999997 0.00019099999999999998 0 0 1 1 0 -0 -0 1 0 
1 -0.00035 0.0013500000000000003 0.00019100000000000001 0 0 1 1 0 -0 -0 1 0 
1 -0.00035 0.0013500000000000003 0.00019099999999999998 -0 1 0 0 0 1 1 0 -0 
1 -0.00025000000000000001 0.0013500000000000001 0.00019099999999999998 -0 1 0 0 0 1 1 0 -0 
1 -0.00025000000000000001 0.00125 0.00019099999999999998 0 0 1 1 0 -0 -0 1 0 
1 -0.00025000000000000006 0.00064999999999999997 0.00019099999999999998 1 0 -0 0 0 1 0 -1 0 
1 -0.00035000000000000005 0.00064999999999999997 0.00019099999999999998 0 0 1 1 0 -0 -0 1 0 
1 -0.00025000000000000001 0.00075000000000000002 0.00019099999999999998 1 0 -0 0 0 1 0 -1 0 
1 -0.00025000000000000001 0.00075000000000000002 0.00019099999999999998 0 0 1 1 0 -0 -0 1 0 
1 -0.00025000000000000001 0.00075000000000000002 0.00019099999999999998 -0 1 0 0 0 1 1 0 -0 
1 0.00025000000000000001 0.00064999999999999997 0.00019099999999999998 1 0 -0 0 0 1 0 -1 0 
1 0.00025000000000000001 0.00064999999999999997 0.00019099999999999998 0 0 1 1 0 -0 -0 1 0 
1 -0.00025000000000000001 0.00125 0.00019099999999999998 -0 1 0 0 0 1 1 0 -0 
1 0.00025000000000000001 0.00075000000000000002 0.00019099999999999998 1 0 -0 0 0 1 0 -1 0 
1 -0.00025000000000000001 0.00075000000000000002 0.00019199999999999998 0 0 1 1 0 -0 -0 1 0 
1 -0.00035000000000000005 0.00064999999999999997 0.00019199999999999998 0 0 1 1 0 -0 -0 1 0 
1 0.00025000000000000001 0.00064999999999999997 0.00019199999999999998 0 0 1 1 0 -0 -0 1 0 
1 -0.00025000000000000001 0.00064999999999999997 0.00019199999999999998 0 0 1 1 0 -0 -0 1 0 
1 -0.00025000000000000001 0.00125 0.00019199999999999998 0 0 1 1 0 -0 -0 1 0 
1 -0.00035000000000000005 -0.002 0.00019099999999999998 1 0 -0 0 0 1 0 -1 0 
1 -0.00035 -0.002 0.00019099999999999998 1 0 -0 0 0 1 0 -1 0 
1 -0.0015 -0.002 0.00019199999999999998 0 0 1 1 0 -0 -0 1 0 
1 -0.00035 0.0013500000000000003 0.00019099999999999998 1 0 -0 0 0 1 0 -1 0 
1 -0.00035000000000000005 0.00064999999999999997 0.00019099999999999998 -0 1 0 0 0 1 1 0 -0 
1 -0.00035000000000000005 0.0013500000000000001 0.00019099999999999998 -0 1 0 0 0 1 1 0 -0 
1 -0.00035 -0.002 0.00019199999999999998 0 0 1 1 0 -0 -0 1 0 
1 -0.00035 0.0013500000000000003 0.00019199999999999998 0 0 1 1 0 -0 -0 1 0 
1 0.00025000000000000001 0.00064999999999999997 0.00019099999999999998 -0 1 0 0 0 1 1 0 -0 
1 0.00025000000000000001 0.0013500000000000001 0.00019099999999999998 -0 1 0 0 0 1 1 0 -0 
1 0.00035000000000000005 -0.002 0.00019099999999999998 1 0 -0 0 0 1 0 -1 0 
1 0.00035 -0.002 0.00019099999999999998 1 0 -0 0 0 1 0 -1 0 
1 0.00035000000000000005 -0.002 0.00019199999999999998 0 0 1 1 0 -0 -0 1 0 
1 0.00035 0.0013500000000000003 0.00019099999999999998 1 0 -0 0 0 1 0 -1 0 
1 -0.0015 -0.002 0.000176 1 0 -0 0 0 1 0 -1 0 
1 -0.0015 -0.002 0.000176 -0 1 0 0 0 1 1 0 -0 
1 -0.0015 0.0040000000000000001 0.000176 -0 1 0 0 0 1 1 0 -0 
1 0.00035000000000000005 -0.002 0.000176 -0 1 0 0 0 1 1 0 -0 
1 0.00035000000000000005 0.0040000000000000001 0.000176 -0 1 0 0 0 1 1 0 -0 
1 0.0015 -0.002 0.000176 1 0 -0 0 0 1 0 -1 0 
1 -0.0015 -0.002 0.00019099999999999998 1 0 -0 0 0 1 0 -1 0 
1 -0.0015 -0.002 0.00019099999999999998 -0 1 0 0 0 1 1 0 -0 
1 -0.0015 0.0040000000000000001 0.00019099999999999998 -0 1 0 0 0 1 1 0 -0 
1 -0.00035 -0.002 0.00019099999999999998 -0 1 0 0 0 1 1 0 -0 
1 -0.00035 0.0040000000000000001 0.00019099999999999998 -0 1 0 0 0 1 1 0 -0 
1 0.00035000000000000005 -0.002 0.00019099999999999998 -0 1 0 0 0 1 1 0 -0 
1 0.00035000000000000005 0.0040000000000000001 0.00019099999999999998 -0 1 0 0 0 1 1 0 -0 
1 0.0015 -0.002 0.00019099999999999998 1 0 -0 0 0 1 0 -1 0 
1 -0.0015 -0.002 -0.000175 1 0 -0 0 0 1 0 -1 0 
1 -0.0015 -0.002 -0.000175 -0 1 0 0 0 1 1 0 -0 
1 -0.0015 0.0040000000000000001 -0.000175 -0 1 0 0 0 1 1 0 -0 
1 -0.0015 -0.002 -0.000175 0 0 1 1 0 -0 -0 1 0 
1 -0.00035 -0.002 -0.000175 1 0 -0 0 0 1 0 -1 0 
1 -0.00035 -0.002 -0.000175 0 0 1 1 0 -0 -0 1 0 
1 -0.00035 0.0013500000000000003 -0.000175 1 0 -0 0 0 1 0 -1 0 
1 -0.00035 0.0013500000000000003 -0.000175 0 0 1 1 0 -0 -0 1 0 
1 0.00035000000000000005 -0.002 -0.000175 -0 1 0 0 0 1 1 0 -0 
1 0.00035 -0.002 -0.000175 1 0 -0 0 0 1 0 -1 0 
1 0.00035000000000000005 -0.002 -0.000175 0 0 1 1 0 -0 -0 1 0 
1 0.00035 0.0013500000000000003 -0.000175 1 0 -0 0 0 1 0 -1 0 
1 0.00035000000000000005 0.0040000000000000001 -0.000175 -0 1 0 0 0 1 1 0 -0 
1 0.0015 -0.002 -0.000175 1 0 -0 0 0 1 0 -1 0 
1 -0.0015 -0.002 -0.00017699999999999999 1 0 -0 0 0 1 0 -1 0 
1 -0.0015 -0.002 -0.00017699999999999999 -0 1 0 0 0 1 1 0 -0 
1 -0.0015 0.0040000000000000001 -0.00017699999999999999 -0 1 0 0 0 1 1 0 -0 
1 -0.0015 -0.002 -0.00017699999999999999 0 0 1 1 0 -0 -0 1 0 
1 -0.00035000000000000005 -0.002 -0.00017699999999999999 1 0 -0 0 0 1 0 -1 0 
1 -0.00035 -0.002 -0.00017699999999999999 -0 1 0 0 0 1 1 0 -0 
1 -0.00035 -0.002 -0.00017699999999999999 1 0 -0 0 0 1 0 -1 0 
1 -0.00035 0.00064999999999999997 -0.00017699999999999999 -0 1 0 0 0 1 1 0 -0 
1 -0.00035 -0.002 -0.00017699999999999999 0 0 1 1 0 -0 -0 1 0 
1 -0.00035 0.0013500000000000003 -0.00017699999999999999 1 0 -0 0 0 1 0 -1 0 
1 -0.00035 0.0013500000000000003 -0.00017699999999999999 -0 1 0 0 0 1 1 0 -0 
1 -0.00035 0.0040000000000000001 -0.00017699999999999999 -0 1 0 0 0 1 1 0 -0 
1 -0.00035 0.0013500000000000003 -0.00017699999999999999 0 0 1 1 0 -0 -0 1 0 
1 0.00035000000000000005 -0.002 -0.00017699999999999999 1 0 -0 0 0 1 0 -1 0 
1 0.00035000000000000005 -0.002 -0.00017699999999999999 -0 1 0 0 0 1 1 0 -0 
1 0.00035 -0.002 -0.00017699999999999999 1 0 -0 0 0 1 0 -1 0 
1 0.00035000000000000005 -0.002 -0.00017699999999999999 0 0 1 1 0 -0 -0 1 0 
1 0.00035 0.0013500000000000003 -0.00017699999999999999 1 0 -0 0 0 1 0 -1 0 
1 0.00035000000000000005 0.0040000000000000001 -0.00017699999999999999 -0 1 0 0 0 1 1 0 -0 
1 0.0015 -0.002 -0.00017699999999999999 1 0 -0 0 0 1 0 -1 0 
Triangulations 0

TShapes 907
Ve
1e-07
-0.0005 0.0005 0.00091216
0 0

0101101
*
Ve
1e-07
-0.0005 0.0005 0.00021216
0 0

0101101
*
Ed
 1e-07 1 1 0
1  1 0 0 0.0007
2  1 1 0 0 0.0007
2  2 2 0 0 0.0007
0

0101000
-907 0 +906 0 *
Ve
1e-07
-0.0005 0.0015 0.00091216
0 0

0101101
*
Ed
 1e-07 1 1 0
1  2 0 0 0.001
2  3 1 0 0 0.001
2  4 3 0 0 0.001
0

0101000
-904 0 +907 0 *
Ve
1e-07
-0.0005 0.0015 0.00021216
0 0

0101101
*
Ed
 1e-07 1 1 0
1  3 0 0 0.0007
2  5 1 0 0 0.0007
2  6 4 0 0 0.0007
0

0101000
-904 0 +902 0 *
Ed
 1e-07 1 1 0
1  4 0 0 0.001
2  7 1 0 0 0.001
2  8 5 0 0 0.001
0

0101000
-902 0 +906 0 *
Wi

0101100
-905 0 -903 0 +901 0 +900 0 *
Fa
0  1e-07 1 0

0111000
+899 0 *
Ve
1e-07
0.0005 0.0005 0.00091216
0 0

0101101
*
Ve
1e-07
0.0005 0.0005 0.00021216
0 0

0101101
*
Ed
 1e-07 1 1 0
1  5 0 0 0.0007
2  9 6 0 0 0.0007
2  10 2 0 0 0.0007
0

0101000
-897 0 +896 0 *
Ve
1e-07
0.0005 0.0015 0.00091216
0 0

0101101
*
Ed
 1e-07 1 1 0
1  6 0 0 0.001
2  11 6 0 0 0.001
2  12 3 0 0 0.001
0

0101000
-894 0 +897 0 *
Ve
1e-07
0.0005 0.0015 0.00021216
0 0

0101101
*
Ed
 1e-07 1 1 0
1  7 0 0 0.0007
2  13 6 0 0 0.0007
2  14 4 0 0 0.0007
0

0101000
-894 0 +892 0 *
Ed
 1e-07 1 1 0
1  8 0 0 0.001
2  15 6 0 0 0.001
2  16 5 0 0 0.001
0

0101000
-892 0 +896 0 *
Wi

0101100
-895 0 -893 0 +891 0 +890 0 *
Fa
0  1e-07 6 0

0111000
+889 0 *
Ed
 1e-07 1 1 0
1  9 0 0 0.001
2  17 2 0 0 0.001
2  18 5 0 0 0.001
0

0101000
-896 0 +906 0 *
Ed
 1e-07 1 1 0
1  10 0 0 0.001
2  19 2 0 0 0.001
2  20 3 0 0 0.001
0

0101000
-897 0 +907 0 *
Wi

0101100
-887 0 -895 0 +886 0 +905 0 *
Fa
0  1e-07 2 0

0111000
+885 0 *
Ed
 1e-07 1 1 0
1  11 0 0 0.001
2  21 4 0 0 0.001
2  22 5 0 0 0.001
0

0101000
-892 0 +902 0 *
Ed
 1e-07 1 1 0
1  12 0 0 0.001
2  23 4 0 0 0.001
2  24 3 0 0 0.001
0

0101000
-894 0 +904 0 *
Wi

0101100
-883 0 -891 0 +882 0 +901 0 *
Fa
0  1e-07 4 0

0111000
+881 0 *
Wi

0101100
-900 0 -883 0 +890 0 +887 0 *
Fa
0  1e-07 5 0

0111000
+879 0 *
Wi

0101100
-903 0 -882 0 +893 0 +886 0 *
Fa
0  1e-07 3 0

0111000
+877 0 *
Sh

0101100
-898 0 +888 0 -884 0 +880 0 -878 0 +876 0 *
So

0100000
+875 0 *
Ve
1e-07
-0.00025 0.00075 0.00019216
0 0

0101101
*
Ve
1e-07
-0.00025 0.00075 0.000192
0 0

0101101
*
Ed
 1e-07 1 1 0
1  13 0 0 1.59999999999998e-07
2  25 7 0 0 1.59999999999998e-07
2  26 8 0 0 1.59999999999998e-07
0

0101000
-873 0 +872 0 *
Ve
1e-07
-0.00025 0.00125 0.00019216
0 0

0101101
*
Ed
 1e-07 1 1 0
1  14 0 0 0.0005
2  27 7 0 0 0.0005
2  28 9 0 0 0.0005
0

0101000
-870 0 +873 0 *
Ve
1e-07
-0.00025 0.00125 0.000192
0 0

0101101
*
Ed
 1e-07 1 1 0
1  15 0 0 1.59999999999998e-07
2  29 7 0 0 1.59999999999998e-07
2  30 10 0 0 1.59999999999998e-07
0

0101000
-870 0 +868 0 *
Ed
 1e-07 1 1 0
1  16 0 0 0.0005
2  31 7 0 0 0.0005
2  32 11 0 0 0.0005
0

0101000
-868 0 +872 0 *
Wi

0101100
-871 0 -869 0 +867 0 +866 0 *
Fa
0  1e-07 7 0

0111000
+865 0 *
Ve
1e-07
0.00025 0.00075 0.00019216
0 0

0101101
*
Ve
1e-07
0.00025 0.00075 0.000192
0 0

0101101
*
Ed
 1e-07 1 1 0
1  17 0 0 1.59999999999998e-07
2  33 12 0 0 1.59999999999998e-07
2  34 8 0 0 1.59999999999998e-07
0

0101000
-863 0 +862 0 *
Ve
1e-07
0.00025 0.00125 0.00019216
0 0

0101101
*
Ed
 1e-07 1 1 0
1  18 0 0 0.0005
2  35 12 0 0 0.0005
2  36 9 0 0 0.0005
0

0101000
-860 0 +863 0 *
Ve
1e-07
0.00025 0.00125 0.000192
0 0

0101101
*
Ed
 1e-07 1 1 0
1  19 0 0 1.59999999999998e-07
2  37 12 0 0 1.59999999999998e-07
2  38 10 0 0 1.59999999999998e-07
0

0101000
-860 0 +858 0 *
Ed
 1e-07 1 1 0
1  20 0 0 0.0005
2  39 12 0 0 0.0005
2  40 11 0 0 0.0005
0

0101000
-858 0 +862 0 *
Wi

0101100
-861 0 -859 0 +857 0 +856 0 *
Fa
0  1e-07 12 0

0111000
+855 0 *
Ed
 1e-07 1 1 0
1  21 0 0 0.0005
2  41 8 0 0 0.0005
2  42 11 0 0 0.0005
0

0101000
-862 0 +872 0 *
Ed
 1e-07 1 1 0
1  22 0 0 0.0005
2  43 8 0 0 0.0005
2  44 9 0 0 0.0005
0

0101000
-863 0 +873 0 *
Wi

0101100
-853 0 -861 0 +852 0 +871 0 *
Fa
0  1e-07 8 0

0111000
+851 0 *
Ed
 1e-07 1 1 0
1  23 0 0 0.0005
2  45 10 0 0 0.0005
2  46 11 0 0 0.0005
0

0101000
-858 0 +868 0 *
Ed
 1e-07 1 1 0
1  24 0 0 0.0005
2  47 10 0 0 0.0005
2  48 9 0 0 0.0005
0

0101000
-860 0 +870 0 *
Wi

0101100
-849 0 -857 0 +848 0 +867 0 *
Fa
0  1e-07 10 0

0111000
+847 0 *
Wi

0101100
-866 0 -849 0 +856 0 +853 0 *
Fa
0  1e-07 11 0

0111000
+845 0 *
Wi

0101100
-869 0 -848 0 +859 0 +852 0 *
Fa
0  1e-07 9 0

0111000
+843 0 *
Sh

0101100
-864 0 +854 0 -850 0 +846 0 -844 0 +842 0 *
So

0100000
+841 0 *
Ve
1.00000000000219e-07
0.000249 0.001 0.000192785
0 0

0101101
*
Ed
 1.00000000000219e-07 1 1 0
1  25 0 0 6.28318530717959
2  49 13 0 0 6.28318530717959
2  50 14 0 0 6.28318530717959
2  51 15 0 0 6.28318530717959
0

0101000
+839 0 -839 0 *
Ve
1e-07
0.000249 0.001 0.00019216
0 0

0101101
*
Ed
 1e-07 1 1 0
1  26 0 0 6.25e-07
3  52 53CN 13 0 0 6.25e-07
0

0101000
+837 0 -839 0 *
Ed
 1e-07 1 1 0
1  27 0 0 6.28318530717959
2  54 13 0 0 6.28318530717959
2  55 16 0 0 6.28318530717959
0

0101000
+837 0 -837 0 *
Wi

0101100
-838 0 +836 0 +835 0 -836 0 *
Fa
0  1e-07 13 0

0101000
+834 0 *
Wi

0101100
+838 0 *
Fa
0  1e-07 14 0

0101000
+832 0 *
Wi

0101100
-835 0 *
Fa
0  1e-07 16 0

0111000
-830 0 *
Sh

0101100
+833 0 +831 0 -829 0 *
So

0100000
+828 0 *
Ve
1.00000000000219e-07
0.000249 0.001 0.00019341
0 0

0101101
*
Ed
 1.00000000000219e-07 1 1 0
1  28 0 0 6.28318530717959
2  56 15 0 0 6.28318530717959
2  57 17 0 0 6.28318530717959
2  58 18 0 0 6.28318530717959
0

0101000
+826 0 -826 0 *
Ed
 1e-07 1 1 0
1  29 0 0 6.25e-07
3  59 60CN 15 0 0 6.25e-07
0

0101000
+839 0 -826 0 *
Wi

0101100
-825 0 +824 0 +838 0 -824 0 *
Fa
0  1e-07 15 0

0101000
+823 0 *
Wi

0101100
+825 0 *
Fa
0  1e-07 17 0

0101000
+821 0 *
Sh

0101100
+822 0 +820 0 -831 0 *
So

0100000
+819 0 *
Ve
1.00000000000246e-07
0.000249 0.001 0.000194035
0 0

0101101
*
Ed
 1.00000000000219e-07 1 1 0
1  30 0 0 6.28318530717959
2  61 18 0 0 6.28318530717959
2  62 19 0 0 6.28318530717959
2  63 20 0 0 6.28318530717959
0

0101000
+817 0 -817 0 *
Ed
 1e-07 1 1 0
1  31 0 0 6.25e-07
3  64 65CN 18 0 0 6.25e-07
0

0101000
+826 0 -817 0 *
Wi

0101100
-816 0 +815 0 +825 0 -815 0 *
Fa
0  1e-07 18 0

0101000
+814 0 *
Wi

0101100
+816 0 *
Fa
0  1e-07 19 0

0101000
+812 0 *
Sh

0101100
+813 0 +811 0 -820 0 *
So

0100000
+810 0 *
Ve
1.00000000000219e-07
0.000249 0.001 0.00019466
0 0

0101101
*
Ed
 1.00000000000219e-07 1 1 0
1  32 0 0 6.28318530717959
2  66 20 0 0 6.28318530717959
2  67 21 0 0 6.28318530717959
2  68 22 0 0 6.28318530717959
0

0101000
+808 0 -808 0 *
Ed
 1e-07 1 1 0
1  33 0 0 6.25e-07
3  69 70CN 20 0 0 6.25e-07
0

0101000
+817 0 -808 0 *
Wi

0101100
-807 0 +806 0 +816 0 -806 0 *
Fa
0  1e-07 20 0

0101000
+805 0 *
Wi

0101100
+807 0 *
Fa
0  1e-07 21 0

0101000
+803 0 *
Sh

0101100
+804 0 +802 0 -811 0 *
So

0100000
+801 0 *
Ve
1.00000000000219e-07
0.000249 0.001 0.000195285
0 0

0101101
*
Ed
 1.00000000000219e-07 1 1 0
1  34 0 0 6.28318530717959
2  71 22 0 0 6.28318530717959
2  72 23 0 0 6.28318530717959
2  73 24 0 0 6.28318530717959
0

0101000
+799 0 -799 0 *
Ed
 1e-07 1 1 0
1  35 0 0 6.25e-07
3  74 75CN 22 0 0 6.25e-07
0

0101000
+808 0 -799 0 *
Wi

0101100
-798 0 +797 0 +807 0 -797 0 *
Fa
0  1e-07 22 0

0101000
+796 0 *
Wi

0101100
+798 0 *
Fa
0  1e-07 23 0

0101000
+794 0 *
Sh

0101100
+795 0 +793 0 -802 0 *
So

0100000
+792 0 *
Ve
1.00000000000219e-07
0.000249 0.001 0.00019591
0 0

0101101
*
Ed
 1.00000000000219e-07 1 1 0
1  36 0 0 6.28318530717959
2  76 24 0 0 6.28318530717959
2  77 25 0 0 6.28318530717959
2  78 26 0 0 6.28318530717959
0

0101000
+790 0 -790 0 *
Ed
 1e-07 1 1 0
1  37 0 0 6.25e-07
3  79 80CN 24 0 0 6.25e-07
0

0101000
+799 0 -790 0 *
Wi

0101100
-789 0 +788 0 +798 0 -788 0 *
Fa
0  1e-07 24 0

0101000
+787 0 *
Wi

0101100
+789 0 *
Fa
0  1e-07 25 0

0101000
+785 0 *
Sh

0101100
+786 0 +784 0 -793 0 *
So

0100000
+783 0 *
Ve
1.00000000000246e-07
0.000249 0.001 0.000196535
0 0

0101101
*
Ed
 1.00000000000219e-07 1 1 0
1  38 0 0 6.28318530717959
2  81 26 0 0 6.28318530717959
2  82 27 0 0 6.28318530717959
2  83 28 0 0 6.28318530717959
0

0101000
+781 0 -781 0 *
Ed
 1e-07 1 1 0
1  39 0 0 6.25e-07
3  84 85CN 26 0 0 6.25e-07
0

0101000
+790 0 -781 0 *
Wi

0101100
-780 0 +779 0 +789 0 -779 0 *
Fa
0  1e-07 26 0

0101000
+778 0 *
Wi

0101100
+780 0 *
Fa
0  1e-07 27 0

0101000
+776 0 *
Sh

0101100
+777 0 +775 0 -784 0 *
So

0100000
+774 0 *
Ve
1.00000000000219e-07
0.000249 0.001 0.00019716
0 0

0101101
*
Ed
 1.00000000000219e-07 1 1 0
1  40 0 0 6.28318530717959
2  86 28 0 0 6.28318530717959
2  87 29 0 0 6.28318530717959
2  88 30 0 0 6.28318530717959
0

0101000
+772 0 -772 0 *
Ed
 1e-07 1 1 0
1  41 0 0 6.25e-07
3  89 90CN 28 0 0 6.25e-07
0

0101000
+781 0 -772 0 *
Wi

0101100
-771 0 +770 0 +780 0 -770 0 *
Fa
0  1e-07 28 0

0101000
+769 0 *
Wi

0101100
+771 0 *
Fa
0  1e-07 29 0

0101000
+767 0 *
Sh

0101100
+768 0 +766 0 -775 0 *
So

0100000
+765 0 *
Ve
1.00000000000219e-07
0.000249 0.001 0.000197785
0 0

0101101
*
Ed
 1.00000000000219e-07 1 1 0
1  42 0 0 6.28318530717959
2  91 30 0 0 6.28318530717959
2  92 31 0 0 6.28318530717959
2  93 32 0 0 6.28318530717959
0

0101000
+763 0 -763 0 *
Ed
 1e-07 1 1 0
1  43 0 0 6.25e-07
3  94 95CN 30 0 0 6.25e-07
0

0101000
+772 0 -763 0 *
Wi

0101100
-762 0 +761 0 +771 0 -761 0 *
Fa
0  1e-07 30 0

0101000
+760 0 *
Wi

0101100
+762 0 *
Fa
0  1e-07 31 0

0101000
+758 0 *
Sh

0101100
+759 0 +757 0 -766 0 *
So

0100000
+756 0 *
Ve
1.00000000000219e-07
0.000249 0.001 0.00019841
0 0

0101101
*
Ed
 1.00000000000219e-07 1 1 0
1  44 0 0 6.28318530717959
2  96 32 0 0 6.28318530717959
2  97 33 0 0 6.28318530717959
2  98 34 0 0 6.28318530717959
0

0101000
+754 0 -754 0 *
Ed
 1e-07 1 1 0
1  45 0 0 6.25e-07
3  99 100CN 32 0 0 6.25e-07
0

0101000
+763 0 -754 0 *
Wi

0101100
-753 0 +752 0 +762 0 -752 0 *
Fa
0  1e-07 32 0

0101000
+751 0 *
Wi

0101100
+753 0 *
Fa
0  1e-07 33 0

0101000
+749 0 *
Sh

0101100
+750 0 +748 0 -757 0 *
So

0100000
+747 0 *
Ve
1.00000000000246e-07
0.000249 0.001 0.000199035
0 0

0101101
*
Ed
 1.00000000000219e-07 1 1 0
1  46 0 0 6.28318530717959
2  101 34 0 0 6.28318530717959
2  102 35 0 0 6.28318530717959
2  103 36 0 0 6.28318530717959
0

0101000
+745 0 -745 0 *
Ed
 1e-07 1 1 0
1  47 0 0 6.25e-07
3  104 105CN 34 0 0 6.25e-07
0

0101000
+754 0 -745 0 *
Wi

0101100
-744 0 +743 0 +753 0 -743 0 *
Fa
0  1e-07 34 0

0101000
+742 0 *
Wi

0101100
+744 0 *
Fa
0  1e-07 35 0

0101000
+740 0 *
Sh

0101100
+741 0 +739 0 -748 0 *
So

0100000
+738 0 *
Ve
1.00000000000219e-07
0.000249 0.001 0.00019966
0 0

0101101
*
Ed
 1.00000000000219e-07 1 1 0
1  48 0 0 6.28318530717959
2  106 36 0 0 6.28318530717959
2  107 37 0 0 6.28318530717959
2  108 38 0 0 6.28318530717959
0

0101000
+736 0 -736 0 *
Ed
 1e-07 1 1 0
1  49 0 0 6.25e-07
3  109 110CN 36 0 0 6.25e-07
0

0101000
+745 0 -736 0 *
Wi

0101100
-735 0 +734 0 +744 0 -734 0 *
Fa
0  1e-07 36 0

0101000
+733 0 *
Wi

0101100
+735 0 *
Fa
0  1e-07 37 0

0101000
+731 0 *
Sh

0101100
+732 0 +730 0 -739 0 *
So

0100000
+729 0 *
Ve
1.00000000000219e-07
0.000249 0.001 0.000200285
0 0

0101101
*
Ed
 1.00000000000219e-07 1 1 0
1  50 0 0 6.28318530717959
2  111 38 0 0 6.28318530717959
2  112 39 0 0 6.28318530717959
2  113 40 0 0 6.28318530717959
0

0101000
+727 0 -727 0 *
Ed
 1e-07 1 1 0
1  51 0 0 6.25e-07
3  114 115CN 38 0 0 6.25e-07
0

0101000
+736 0 -727 0 *
Wi

0101100
-726 0 +725 0 +735 0 -725 0 *
Fa
0  1e-07 38 0

0101000
+724 0 *
Wi

0101100
+726 0 *
Fa
0  1e-07 39 0

0101000
+722 0 *
Sh

0101100
+723 0 +721 0 -730 0 *
So

0100000
+720 0 *
Ve
1.00000000000219e-07
0.000249 0.001 0.00020091
0 0

0101101
*
Ed
 1.00000000000219e-07 1 1 0
1  52 0 0 6.28318530717959
2  116 40 0 0 6.28318530717959
2  117 41 0 0 6.28318530717959
2  118 42 0 0 6.28318530717959
0

0101000
+718 0 -718 0 *
Ed
 1e-07 1 1 0
1  53 0 0 6.25e-07
3  119 120CN 40 0 0 6.25e-07
0

0101000
+727 0 -718 0 *
Wi

0101100
-717 0 +716 0 +726 0 -716 0 *
Fa
0  1e-07 40 0

0101000
+715 0 *
Wi

0101100
+717 0 *
Fa
0  1e-07 41 0

0101000
+713 0 *
Sh

0101100
+714 0 +712 0 -721 0 *
So

0100000
+711 0 *
Ve
1.00000000000246e-07
0.000249 0.001 0.000201535
0 0

0101101
*
Ed
 1.00000000000219e-07 1 1 0
1  54 0 0 6.28318530717959
2  121 42 0 0 6.28318530717959
2  122 43 0 0 6.28318530717959
2  123 44 0 0 6.28318530717959
0

0101000
+709 0 -709 0 *
Ed
 1e-07 1 1 0
1  55 0 0 6.25e-07
3  124 125CN 42 0 0 6.25e-07
0

0101000
+718 0 -709 0 *
Wi

0101100
-708 0 +707 0 +717 0 -707 0 *
Fa
0  1e-07 42 0

0101000
+706 0 *
Wi

0101100
+708 0 *
Fa
0  1e-07 43 0

0101000
+704 0 *
Sh

0101100
+705 0 +703 0 -712 0 *
So

0100000
+702 0 *
Ve
1.00000000000219e-07
0.000249 0.001 0.00020216
0 0

0101101
*
Ed
 1.00000000000219e-07 1 1 0
1  56 0 0 6.28318530717959
2  126 44 0 0 6.28318530717959
2  127 45 0 0 6.28318530717959
2  128 46 0 0 6.28318530717959
0

0101000
+700 0 -700 0 *
Ed
 1e-07 1 1 0
1  57 0 0 6.25e-07
3  129 130CN 44 0 0 6.25e-07
0

0101000
+709 0 -700 0 *
Wi

0101100
-699 0 +698 0 +708 0 -698 0 *
Fa
0  1e-07 44 0

0101000
+697 0 *
Wi

0101100
+699 0 *
Fa
0  1e-07 45 0

0101000
+695 0 *
Sh

0101100
+696 0 +694 0 -703 0 *
So

0100000
+693 0 *
Ve
1.00000000000219e-07
0.000249 0.001 0.000202785
0 0

0101101
*
Ed
 1.00000000000219e-07 1 1 0
1  58 0 0 6.28318530717959
2  131 46 0 0 6.28318530717959
2  132 47 0 0 6.28318530717959
2  133 48 0 0 6.28318530717959
0

0101000
+691 0 -691 0 *
Ed
 1e-07 1 1 0
1  59 0 0 6.25e-07
3  134 135CN 46 0 0 6.25e-07
0

0101000
+700 0 -691 0 *
Wi

0101100
-690 0 +689 0 +699 0 -689 0 *
Fa
0  1e-07 46 0

0101000
+688 0 *
Wi

0101100
+690 0 *
Fa
0  1e-07 47 0

0101000
+686 0 *
Sh

0101100
+687 0 +685 0 -694 0 *
So

0100000
+684 0 *
Ve
1.00000000000247e-07
0.000249 0.001 0.00020341
0 0

0101101
*
Ed
 1.0000000000022e-07 1 1 0
1  60 0 0 6.28318530717959
2  136 48 0 0 6.28318530717959
2  137 49 0 0 6.28318530717959
2  138 50 0 0 6.28318530717959
0

0101000
+682 0 -682 0 *
Ed
 1e-07 1 1 0
1  61 0 0 6.25e-07
3  139 140CN 48 0 0 6.25e-07
0

0101000
+691 0 -682 0 *
Wi

0101100
-681 0 +680 0 +690 0 -680 0 *
Fa
0  1e-07 48 0

0101000
+679 0 *
Wi

0101100
+681 0 *
Fa
0  1e-07 49 0

0101000
+677 0 *
Sh

0101100
+678 0 +676 0 -685 0 *
So

0100000
+675 0 *
Ve
1.00000000000219e-07
0.000249 0.001 0.000204035
0 0

0101101
*
Ed
 1.00000000000219e-07 1 1 0
1  62 0 0 6.28318530717959
2  141 50 0 0 6.28318530717959
2  142 51 0 0 6.28318530717959
2  143 52 0 0 6.28318530717959
0

0101000
+673 0 -673 0 *
Ed
 1e-07 1 1 0
1  63 0 0 6.25e-07
3  144 145CN 50 0 0 6.25e-07
0

0101000
+682 0 -673 0 *
Wi

0101100
-672 0 +671 0 +681 0 -671 0 *
Fa
0  1e-07 50 0

0101000
+670 0 *
Wi

0101100
+672 0 *
Fa
0  1e-07 51 0

0101000
+668 0 *
Sh

0101100
+669 0 +667 0 -676 0 *
So

0100000
+666 0 *
Ve
1.00000000000246e-07
0.000249 0.001 0.00020466
0 0

0101101
*
Ed
 1.00000000000219e-07 1 1 0
1  64 0 0 6.28318530717959
2  146 52 0 0 6.28318530717959
2  147 53 0 0 6.28318530717959
2  148 54 0 0 6.28318530717959
0

0101000
+664 0 -664 0 *
Ed
 1e-07 1 1 0
1  65 0 0 6.25e-07
3  149 150CN 52 0 0 6.25e-07
0

0101000
+673 0 -664 0 *
Wi

0101100
-663 0 +662 0 +672 0 -662 0 *
Fa
0  1e-07 52 0

0101000
+661 0 *
Wi

0101100
+663 0 *
Fa
0  1e-07 53 0

0101000
+659 0 *
Sh

0101100
+660 0 +658 0 -667 0 *
So

0100000
+657 0 *
Ve
1.00000000000219e-07
0.000249 0.001 0.000205285
0 0

0101101
*
Ed
 1.00000000000219e-07 1 1 0
1  66 0 0 6.28318530717959
2  151 54 0 0 6.28318530717959
2  152 55 0 0 6.28318530717959
2  153 56 0 0 6.28318530717959
0

0101000
+655 0 -655 0 *
Ed
 1e-07 1 1 0
1  67 0 0 6.25e-07
3  154 155CN 54 0 0 6.25e-07
0

0101000
+664 0 -655 0 *
Wi

0101100
-654 0 +653 0 +663 0 -653 0 *
Fa
0  1e-07 54 0

0101000
+652 0 *
Wi

0101100
+654 0 *
Fa
0  1e-07 55 0

0101000
+650 0 *
Sh

0101100
+651 0 +649 0 -658 0 *
So

0100000
+648 0 *
Ve
1.00000000000219e-07
0.000249 0.001 0.00020591
0 0

0101101
*
Ed
 1.00000000000219e-07 1 1 0
1  68 0 0 6.28318530717959
2  156 56 0 0 6.28318530717959
2  157 57 0 0 6.28318530717959
2  158 58 0 0 6.28318530717959
0

0101000
+646 0 -646 0 *
Ed
 1e-07 1 1 0
1  69 0 0 6.25e-07
3  159 160CN 56 0 0 6.25e-07
0

0101000
+655 0 -646 0 *
Wi

0101100
-645 0 +644 0 +654 0 -644 0 *
Fa
0  1e-07 56 0

0101000
+643 0 *
Wi

0101100
+645 0 *
Fa
0  1e-07 57 0

0101000
+641 0 *
Sh

0101100
+642 0 +640 0 -649 0 *
So

0100000
+639 0 *
Ve
1.00000000000219e-07
0.000249 0.001 0.000206535
0 0

0101101
*
Ed
 1.00000000000219e-07 1 1 0
1  70 0 0 6.28318530717959
2  161 58 0 0 6.28318530717959
2  162 59 0 0 6.28318530717959
2  163 60 0 0 6.28318530717959
0

0101000
+637 0 -637 0 *
Ed
 1e-07 1 1 0
1  71 0 0 6.25e-07
3  164 165CN 58 0 0 6.25e-07
0

0101000
+646 0 -637 0 *
Wi

0101100
-636 0 +635 0 +645 0 -635 0 *
Fa
0  1e-07 58 0

0101000
+634 0 *
Wi

0101100
+636 0 *
Fa
0  1e-07 59 0

0101000
+632 0 *
Sh

0101100
+633 0 +631 0 -640 0 *
So

0100000
+630 0 *
Ve
1.00000000000246e-07
0.000249 0.001 0.00020716
0 0

0101101
*
Ed
 1.00000000000219e-07 1 1 0
1  72 0 0 6.28318530717959
2  166 60 0 0 6.28318530717959
2  167 61 0 0 6.28318530717959
2  168 62 0 0 6.28318530717959
0

0101000
+628 0 -628 0 *
Ed
 1e-07 1 1 0
1  73 0 0 6.25e-07
3  169 170CN 60 0 0 6.25e-07
0

0101000
+637 0 -628 0 *
Wi

0101100
-627 0 +626 0 +636 0 -626 0 *
Fa
0  1e-07 60 0

0101000
+625 0 *
Wi

0101100
+627 0 *
Fa
0  1e-07 61 0

0101000
+623 0 *
Sh

0101100
+624 0 +622 0 -631 0 *
So

0100000
+621 0 *
Ve
1.00000000000219e-07
0.000249 0.001 0.000207785
0 0

0101101
*
Ed
 1.00000000000219e-07 1 1 0
1  74 0 0 6.28318530717959
2  171 62 0 0 6.28318530717959
2  172 63 0 0 6.28318530717959
2  173 64 0 0 6.28318530717959
0

0101000
+619 0 -619 0 *
Ed
 1e-07 1 1 0
1  75 0 0 6.25e-07
3  174 175CN 62 0 0 6.25e-07
0

0101000
+628 0 -619 0 *
Wi

0101100
-618 0 +617 0 +627 0 -617 0 *
Fa
0  1e-07 62 0

0101000
+616 0 *
Wi

0101100
+618 0 *
Fa
0  1e-07 63 0

0101000
+614 0 *
Sh

0101100
+615 0 +613 0 -622 0 *
So

0100000
+612 0 *
Ve
1.00000000000219e-07
0.000249 0.001 0.00020841
0 0

0101101
*
Ed
 1.00000000000219e-07 1 1 0
1  76 0 0 6.28318530717959
2  176 64 0 0 6.28318530717959
2  177 65 0 0 6.28318530717959
2  178 66 0 0 6.28318530717959
0

0101000
+610 0 -610 0 *
Ed
 1e-07 1 1 0
1  77 0 0 6.25e-07
3  179 180CN 64 0 0 6.25e-07
0

0101000
+619 0 -610 0 *
Wi

0101100
-609 0 +608 0 +618 0 -608 0 *
Fa
0  1e-07 64 0

0101000
+607 0 *
Wi

0101100
+609 0 *
Fa
0  1e-07 65 0

0101000
+605 0 *
Sh

0101100
+606 0 +604 0 -613 0 *
So

0100000
+603 0 *
Ve
1.00000000000219e-07
0.000249 0.001 0.000209035
0 0

0101101
*
Ed
 1.00000000000219e-07 1 1 0
1  78 0 0 6.28318530717959
2  181 66 0 0 6.28318530717959
2  182 67 0 0 6.28318530717959
2  183 68 0 0 6.28318530717959
0

0101000
+601 0 -601 0 *
Ed
 1e-07 1 1 0
1  79 0 0 6.25e-07
3  184 185CN 66 0 0 6.25e-07
0

0101000
+610 0 -601 0 *
Wi

0101100
-600 0 +599 0 +609 0 -599 0 *
Fa
0  1e-07 66 0

0101000
+598 0 *
Wi

0101100
+600 0 *
Fa
0  1e-07 67 0

0101000
+596 0 *
Sh

0101100
+597 0 +595 0 -604 0 *
So

0100000
+594 0 *
Ve
1.00000000000246e-07
0.000249 0.001 0.00020966
0 0

0101101
*
Ed
 1.00000000000219e-07 1 1 0
1  80 0 0 6.28318530717959
2  186 68 0 0 6.28318530717959
2  187 69 0 0 6.28318530717959
2  188 70 0 0 6.28318530717959
0

0101000
+592 0 -592 0 *
Ed
 1e-07 1 1 0
1  81 0 0 6.25e-07
3  189 190CN 68 0 0 6.25e-07
0

0101000
+601 0 -592 0 *
Wi

0101100
-591 0 +590 0 +600 0 -590 0 *
Fa
0  1e-07 68 0

0101000
+589 0 *
Wi

0101100
+591 0 *
Fa
0  1e-07 69 0

0101000
+587 0 *
Sh

0101100
+588 0 +586 0 -595 0 *
So

0100000
+585 0 *
Ve
1.00000000000219e-07
0.000249 0.001 0.000210285
0 0

0101101
*
Ed
 1.00000000000219e-07 1 1 0
1  82 0 0 6.28318530717959
2  191 70 0 0 6.28318530717959
2  192 71 0 0 6.28318530717959
2  193 72 0 0 6.28318530717959
0

0101000
+583 0 -583 0 *
Ed
 1e-07 1 1 0
1  83 0 0 6.25e-07
3  194 195CN 70 0 0 6.25e-07
0

0101000
+592 0 -583 0 *
Wi

0101100
-582 0 +581 0 +591 0 -581 0 *
Fa
0  1e-07 70 0

0101000
+580 0 *
Wi

0101100
+582 0 *
Fa
0  1e-07 71 0

0101000
+578 0 *
Sh

0101100
+579 0 +577 0 -586 0 *
So

0100000
+576 0 *
Ve
1.00000000000219e-07
0.000249 0.001 0.00021091
0 0

0101101
*
Ed
 1.00000000000219e-07 1 1 0
1  84 0 0 6.28318530717959
2  196 72 0 0 6.28318530717959
2  197 73 0 0 6.28318530717959
2  198 74 0 0 6.28318530717959
0

0101000
+574 0 -574 0 *
Ed
 1e-07 1 1 0
1  85 0 0 6.25e-07
3  199 200CN 72 0 0 6.25e-07
0

0101000
+583 0 -574 0 *
Wi

0101100
-573 0 +572 0 +582 0 -572 0 *
Fa
0  1e-07 72 0

0101000
+571 0 *
Wi

0101100
+573 0 *
Fa
0  1e-07 73 0

0101000
+569 0 *
Sh

0101100
+570 0 +568 0 -577 0 *
So

0100000
+567 0 *
Ve
1.00000000000219e-07
0.000249 0.001 0.000211535
0 0

0101101
*
Ed
 1.00000000000219e-07 1 1 0
1  86 0 0 6.28318530717959
2  201 74 0 0 6.28318530717959
2  202 75 0 0 6.28318530717959
2  203 76 0 0 6.28318530717959
0

0101000
+565 0 -565 0 *
Ed
 1e-07 1 1 0
1  87 0 0 6.25e-07
3  204 205CN 74 0 0 6.25e-07
0

0101000
+574 0 -565 0 *
Wi

0101100
-564 0 +563 0 +573 0 -563 0 *
Fa
0  1e-07 74 0

0101000
+562 0 *
Wi

0101100
+564 0 *
Fa
0  1e-07 75 0

0101000
+560 0 *
Sh

0101100
+561 0 +559 0 -568 0 *
So

0100000
+558 0 *
Ve
1e-07
0.000249 0.001 0.00021216
0 0

0101101
*
Ed
 1e-07 1 1 0
1  88 0 0 6.28318530717959
2  206 76 0 0 6.28318530717959
2  207 77 0 0 6.28318530717959
0

0101000
+556 0 -556 0 *
Ed
 1e-07 1 1 0
1  89 0 0 6.25e-07
3  208 209CN 76 0 0 6.25e-07
0

0101000
+565 0 -556 0 *
Wi

0101100
-555 0 +554 0 +564 0 -554 0 *
Fa
0  1e-07 76 0

0101000
+553 0 *
Wi

0101100
+555 0 *
Fa
0  1e-07 77 0

0111000
+551 0 *
Sh

0101100
+552 0 +550 0 -559 0 *
So

0100000
+549 0 *
Ve
1e-07
-0.0015 -0.002 0.000175
0 0

0101101
*
Ve
1e-07
-0.0015 -0.002 0.000176
0 0

0101101
*
Ed
 1e-07 1 1 0
1  90 0 0 9.99999999999997e-07
2  210 78 0 0 9.99999999999997e-07
2  211 79 0 0 9.99999999999997e-07
0

0101000
+547 0 -546 0 *
Ve
1e-07
-0.0015 0.004 0.000176
0 0

0101101
*
Ed
 1e-07 1 1 0
1  91 0 0 0.006
2  212 78 0 0 0.006
2  213 80 0 0 0.006
0

0101000
+546 0 -544 0 *
Ve
1e-07
-0.0015 0.004 0.000175
0 0

0101101
*
Ed
 1e-07 1 1 0
1  92 0 0 9.99999999999997e-07
2  214 78 0 0 9.99999999999997e-07
2  215 81 0 0 9.99999999999997e-07
0

0101000
+542 0 -544 0 *
Ed
 1e-07 1 1 0
1  93 0 0 0.006
2  216 78 0 0 0.006
2  217 82 0 0 0.006
0

0101000
+547 0 -542 0 *
Wi

0101100
-545 0 -543 0 +541 0 +540 0 *
Fa
0  1e-07 78 0

0101000
+539 0 *
Ve
1e-07
0.0015 -0.002 0.000175
0 0

0101101
*
Ve
1e-07
0.0015 -0.002 0.000176
0 0

0101101
*
Ed
 1e-07 1 1 0
1  94 0 0 9.99999999999997e-07
2  218 83 0 0 9.99999999999997e-07
2  219 79 0 0 9.99999999999997e-07
0

0101000
+537 0 -536 0 *
Ve
1e-07
0.0015 0.004 0.000176
0 0

0101101
*
Ed
 1e-07 1 1 0
1  95 0 0 0.006
2  220 83 0 0 0.006
2  221 80 0 0 0.006
0

0101000
+536 0 -534 0 *
Ve
1e-07
0.0015 0.004 0.000175
0 0

0101101
*
Ed
 1e-07 1 1 0
1  96 0 0 9.99999999999997e-07
2  222 83 0 0 9.99999999999997e-07
2  223 81 0 0 9.99999999999997e-07
0

0101000
+532 0 -534 0 *
Ed
 1e-07 1 1 0
1  97 0 0 0.006
2  224 83 0 0 0.006
2  225 82 0 0 0.006
0

0101000
+537 0 -532 0 *
Wi

0101100
-535 0 -533 0 +531 0 +530 0 *
Fa
0  1e-07 83 0

0101000
+529 0 *
Ve
1.00000000000108e-07
-0.00035 -0.002 0.000175
0 0

0101101
*
Ed
 1e-07 1 1 0
1  98 0 0 0.00115
2  226 79 0 0 0.00115
2  227 82 0 0 0.00115
0

0101000
+547 0 -527 0 *
Ve
1.00000000000108e-07
0.00035 -0.002 0.000175
0 0

0101101
*
Ed
 1.00000000000108e-07 1 1 0
1  99 0 0 0.0007
2  228 84 0 0 0.0007
2  229 85 0 0 0.0007
2  230 82 0 0 0.0007
0

0101000
+527 0 -525 0 *
Ed
 1e-07 1 1 0
1  98 0 0.00185 0.003
2  226 79 0 0.00185 0.003
2  227 82 0 0.00185 0.003
0

0101000
+525 0 -537 0 *
Ve
1.00000000000108e-07
-0.00035 -0.002 0.000176
0 0

0101101
*
Ed
 1e-07 1 1 0
1  100 0 0 0.00115
2  231 79 0 0 0.00115
2  232 80 0 0 0.00115
0

0101000
+546 0 -522 0 *
Ve
1.00000000000108e-07
0.00035 -0.002 0.000176
0 0

0101101
*
Ed
 1.00000000000108e-07 1 1 0
1  101 0 0 0.0007
2  233 86 0 0 0.0007
2  234 87 0 0 0.0007
2  235 80 0 0 0.0007
0

0101000
+522 0 -520 0 *
Ed
 1e-07 1 1 0
1  100 0 0.00185 0.003
2  231 79 0 0.00185 0.003
2  232 80 0 0.00185 0.003
0

0101000
+520 0 -536 0 *
Wi

0101100
-526 0 -524 0 -523 0 -535 0 +521 0 +519 0 +518 0 +545 0 *
Fa
0  1e-07 79 0

0101000
+517 0 *
Ve
1.00000000000108e-07
-0.00035 0.004 0.000175
0 0

0101101
*
Ed
 1e-07 1 1 0
1  102 0 0 0.00115
2  236 81 0 0 0.00115
2  237 82 0 0 0.00115
0

0101000
+542 0 -515 0 *
Ve
1.00000000000108e-07
0.00035 0.004 0.000175
0 0

0101101
*
Ed
 1.00000000000108e-07 1 1 0
1  103 0 0 0.0007
2  238 88 0 0 0.0007
2  239 89 0 0 0.0007
2  240 82 0 0 0.0007
0

0101000
+515 0 -513 0 *
Ed
 1e-07 1 1 0
1  102 0 0.00185 0.003
2  236 81 0 0.00185 0.003
2  237 82 0 0.00185 0.003
0

0101000
+513 0 -532 0 *
Ve
1.00000000000108e-07
-0.00035 0.004 0.000176
0 0

0101101
*
Ed
 1e-07 1 1 0
1  104 0 0 0.00115
2  241 81 0 0 0.00115
2  242 80 0 0 0.00115
0

0101000
+544 0 -510 0 *
Ve
1.00000000000108e-07
0.00035 0.004 0.000176
0 0

0101101
*
Ed
 1.00000000000108e-07 1 1 0
1  105 0 0 0.0007
2  243 90 0 0 0.0007
2  244 91 0 0 0.0007
2  245 80 0 0 0.0007
0

0101000
+510 0 -508 0 *
Ed
 1e-07 1 1 0
1  104 0 0.00185 0.003
2  241 81 0 0.00185 0.003
2  242 80 0 0.00185 0.003
0

0101000
+508 0 -534 0 *
Wi

0101100
-514 0 -512 0 -511 0 -531 0 +509 0 +507 0 +506 0 +541 0 *
Fa
0  1e-07 81 0

0101000
+505 0 *
Ve
1.00000000000224e-07
-0.00035 0.00135 0.000175
0 0

0101101
*
Ed
 1.00000000000054e-07 1 1 0
1  106 0 0.00335 0.006
2  246 92 0 0.00335 0.006
2  247 93 0 0.00335 0.006
2  248 89 0 0.00335 0.006
2  249 82 0 0.00335 0.006
0

0101000
+503 0 -515 0 *
Ve
1.00000000000054e-07
-0.00035 0.00065 0.000175
0 0

0101101
*
Ed
 1e-07 1 1 0
1  106 0 0.00265 0.00335
2  246 92 0 0.00265 0.00335
2  247 93 0 0.00265 0.00335
2  250 82 0 0.00265 0.00335
0

0101000
+501 0 -503 0 *
Ed
 1.00000000000054e-07 1 1 0
1  106 0 0 0.00265
2  246 92 0 0 0.00265
2  247 93 0 0 0.00265
2  251 85 0 0 0.00265
2  252 82 0 0 0.00265
0

0101000
+527 0 -501 0 *
Wi

0101100
-540 0 -514 0 +502 0 +500 0 +499 0 +526 0 *
Fa
0  1e-07 82 0

0101000
+498 0 *
Ve
1.00000000000054e-07
0.00035 0.00065 0.000175
0 0

0101101
*
Ed
 1e-07 1 1 0
1  107 0 0 0.0007
2  253 94 0 0 0.0007
2  254 85 0 0 0.0007
2  255 82 0 0 0.0007
0

0101000
-496 0 +501 0 *
Ed
 1.00000000000054e-07 1 1 0
1  108 0 0 0.00265
2  256 95 0 0 0.00265
2  257 96 0 0 0.00265
2  258 85 0 0 0.00265
2  259 82 0 0 0.00265
0

0101000
+525 0 -496 0 *
Wi

0101100
-499 0 -495 0 +494 0 +524 0 *
Fa
0  1e-07 85 0

0101000
+493 0 *
Ve
1.00000000000224e-07
0.00035 0.00135 0.000175
0 0

0101101
*
Ed
 1.00000000000054e-07 1 1 0
1  108 0 0.00335 0.006
2  256 95 0 0.00335 0.006
2  257 96 0 0.00335 0.006
2  260 89 0 0.00335 0.006
2  261 82 0 0.00335 0.006
0

0101000
+491 0 -513 0 *
Ed
 1e-07 1 1 0
1  109 0 0 0.0007
2  262 97 0 0 0.0007
2  263 89 0 0 0.0007
2  264 82 0 0 0.0007
0

0101000
-491 0 +503 0 *
Wi

0101100
-502 0 -512 0 +490 0 +489 0 *
Fa
0  1e-07 89 0

0101000
+488 0 *
Ed
 1e-07 1 1 0
1  108 0 0.00265 0.00335
2  256 95 0 0.00265 0.00335
2  257 96 0 0.00265 0.00335
2  265 82 0 0.00265 0.00335
0

0101000
+496 0 -491 0 *
Wi

0101100
-494 0 -486 0 -490 0 -511 0 +530 0 +523 0 *
Fa
0  1e-07 82 0

0101000
+485 0 *
Wi

0101100
-500 0 -489 0 +486 0 +495 0 *
Fa
0  1e-07 82 0

0101000
+483 0 *
Ve
1.00000000000224e-07
-0.00035 0.00135 0.000176
0 0

0101101
*
Ed
 1.00000000000054e-07 1 1 0
1  110 0 0.00335 0.006
2  266 98 0 0.00335 0.006
2  267 99 0 0.00335 0.006
2  268 91 0 0.00335 0.006
2  269 80 0 0.00335 0.006
0

0101000
+481 0 -510 0 *
Ve
1.00000000000054e-07
-0.00035 0.00065 0.000176
0 0

0101101
*
Ed
 1.00000000000054e-07 1 1 0
1  110 0 0.00265 0.00335
2  266 98 0 0.00265 0.00335
2  267 99 0 0.00265 0.00335
2  270 80 0 0.00265 0.00335
0

0101000
+479 0 -481 0 *
Ed
 1.00000000000054e-07 1 1 0
1  110 0 0 0.00265
2  266 98 0 0 0.00265
2  267 99 0 0 0.00265
2  271 87 0 0 0.00265
2  272 80 0 0 0.00265
0

0101000
+522 0 -479 0 *
Wi

0101100
-543 0 -509 0 +480 0 +478 0 +477 0 +521 0 *
Fa
0  1e-07 80 0

0101000
+476 0 *
Ve
1.00000000000054e-07
0.00035 0.00065 0.000176
0 0

0101101
*
Ed
 1e-07 1 1 0
1  111 0 0 0.0007
2  273 100 0 0 0.0007
2  274 87 0 0 0.0007
2  275 80 0 0 0.0007
0

0101000
+479 0 -474 0 *
Ed
 1.00000000000054e-07 1 1 0
1  112 0 0 0.00265
2  276 101 0 0 0.00265
2  277 102 0 0 0.00265
2  278 87 0 0 0.00265
2  279 80 0 0 0.00265
0

0101000
+520 0 -474 0 *
Wi

0101100
-477 0 -473 0 +472 0 +519 0 *
Fa
0  1e-07 80 0

0101000
+471 0 *
Ve
1.00000000000224e-07
0.00035 0.00135 0.000176
0 0

0101101
*
Ed
 1.00000000000054e-07 1 1 0
1  112 0 0.00335 0.006
2  276 101 0 0.00335 0.006
2  277 102 0 0.00335 0.006
2  280 91 0 0.00335 0.006
2  281 80 0 0.00335 0.006
0

0101000
+469 0 -508 0 *
Ed
 1.00000000000217e-07 1 1 0
1  113 0 0 0.0007
2  282 103 0 0 0.0007
2  283 91 0 0 0.0007
2  284 80 0 0 0.0007
0

0101000
+481 0 -469 0 *
Wi

0101100
-507 0 +468 0 +467 0 -480 0 *
Fa
0  1e-07 80 0

0101000
+466 0 *
Ed
 1.00000000000054e-07 1 1 0
1  112 0 0.00265 0.00335
2  276 101 0 0.00265 0.00335
2  277 102 0 0.00265 0.00335
2  285 80 0 0.00265 0.00335
0

0101000
+474 0 -469 0 *
Wi

0101100
-472 0 -464 0 -468 0 -506 0 +533 0 +518 0 *
Fa
0  1e-07 80 0

0101000
+463 0 *
Wi

0101100
-478 0 -467 0 +464 0 +473 0 *
Fa
0  1e-07 80 0

0101000
+461 0 *
Sh

0101100
-538 0 +528 0 -516 0 +504 0 -497 0 -492 0 -487 0 -484 0 -482 0 +475 0 
+470 0 +465 0 +462 0 +460 0 *
So

0100000
+459 0 *
Ve
1.00000000000115e-07
-0.00035 0.00065 0.000191
0 0

0101101
*
Ed
 1.00000000000054e-07 1 1 0
1  114 0 0 1.5e-05
2  286 104 0 0 1.5e-05
2  287 100 0 0 1.5e-05
2  288 98 0 0 1.5e-05
0

0101000
+479 0 -457 0 *
Ve
1.00000000000284e-07
-0.00035 0.00135 0.000191
0 0

0101101
*
Ed
 1.00000000000054e-07 1 1 0
1  115 0 0.00265 0.00335
2  289 98 0 0.00265 0.00335
2  290 105 0 0.00265 0.00335
2  291 106 0 0.00265 0.00335
0

0101000
+457 0 -455 0 *
Ed
 1.00000000000217e-07 1 1 0
1  116 0 0 1.5e-05
2  292 107 0 0 1.5e-05
2  293 103 0 0 1.5e-05
2  294 98 0 0 1.5e-05
0

0101000
+481 0 -455 0 *
Wi

0101100
-456 0 -454 0 +453 0 +478 0 *
Fa
0  1e-07 98 0

0101000
+452 0 *
Ve
1.00000000000081e-07
0.00035 0.00065 0.000191
0 0

0101101
*
Ed
 1.00000000000054e-07 1 1 0
1  117 0 0 1.5e-05
2  295 108 0 0 1.5e-05
2  296 100 0 0 1.5e-05
2  297 101 0 0 1.5e-05
0

0101000
+474 0 -450 0 *
Ve
1.00000000000251e-07
0.00035 0.00135 0.000191
0 0

0101101
*
Ed
 1.00000000000061e-07 1 1 0
1  118 0 0.00265 0.00335
2  298 101 0 0.00265 0.00335
2  299 109 0 0.00265 0.00335
2  300 106 0 0.00265 0.00335
0

0101000
+450 0 -448 0 *
Ed
 1.00000000000217e-07 1 1 0
1  119 0 0 1.5e-05
2  301 110 0 0 1.5e-05
2  302 103 0 0 1.5e-05
2  303 101 0 0 1.5e-05
0

0101000
+469 0 -448 0 *
Wi

0101100
-449 0 -447 0 +446 0 +464 0 *
Fa
0  1e-07 101 0

0101000
+445 0 *
Ve
1.00000000000061e-07
-0.00025 0.00065 0.000191
0 0

0101101
*
Ed
 1.00000000000027e-07 1 1 0
1  120 0 0 9.99999999999999e-05
2  304 100 0 0 9.99999999999999e-05
2  305 111 0 0 9.99999999999999e-05
2  306 112 0 0 9.99999999999999e-05
2  307 106 0 0 9.99999999999999e-05
0

0101000
+457 0 -443 0 *
Ve
1.00000000000061e-07
0.00025 0.00065 0.000191
0 0

0101101
*
Ed
 1.00000000000061e-07 1 1 0
1  121 0 0 0.0005
2  308 113 0 0 0.0005
2  309 114 0 0 0.0005
2  310 112 0 0 0.0005
2  311 106 0 0 0.0005
0

0101000
+443 0 -441 0 *
Ed
 1.00000000000027e-07 1 1 0
1  120 0 0.0006 0.0007
2  304 100 0 0.0006 0.0007
2  305 111 0 0.0006 0.0007
2  312 112 0 0.0006 0.0007
2  313 106 0 0.0006 0.0007
0

0101000
+441 0 -450 0 *
Wi

0101100
-473 0 -449 0 +442 0 +440 0 +439 0 +456 0 *
Fa
0  1e-07 100 0

0101000
+438 0 *
Ve
1.00000000000435e-07
-0.00025 0.00135 0.000191
0 0

0101101
*
Ed
 1.00000000000219e-07 1 1 0
1  122 0 0 9.99999999999999e-05
2  314 103 0 0 9.99999999999999e-05
2  315 115 0 0 9.99999999999999e-05
2  316 116 0 0 9.99999999999999e-05
2  317 106 0 0 9.99999999999999e-05
0

0101000
+455 0 -436 0 *
Ve
1.00000000000225e-07
0.00025 0.00135 0.000191
0 0

0101101
*
Ed
 1.00000000000225e-07 1 1 0
1  123 0 0 0.0005
2  318 117 0 0 0.0005
2  319 118 0 0 0.0005
2  320 116 0 0 0.0005
2  321 106 0 0 0.0005
0

0101000
+436 0 -434 0 *
Ed
 1.00000000000219e-07 1 1 0
1  122 0 0.0006 0.0007
2  314 103 0 0.0006 0.0007
2  315 115 0 0.0006 0.0007
2  322 116 0 0.0006 0.0007
2  323 106 0 0.0006 0.0007
0

0101000
+434 0 -448 0 *
Wi

0101100
-467 0 -446 0 +435 0 +433 0 +432 0 +453 0 *
Fa
0  1e-07 103 0

0101000
+431 0 *
Ve
1.00000000000054e-07
-0.00025 0.00125 0.000191
0 0

0101101
*
Ed
 1.00000000000054e-07 1 1 0
1  124 0 0.0006 0.0007
2  324 119 0 0.0006 0.0007
2  325 120 0 0.0006 0.0007
2  326 118 0 0.0006 0.0007
2  327 106 0 0.0006 0.0007
0

0101000
+429 0 -436 0 *
Ve
1.00000000000163e-07
-0.00025 0.00075 0.000191
0 0

0101101
*
Ed
 1.00000000000054e-07 1 1 0
1  125 0 0 0.0005
2  328 121 0 0 0.0005
2  329 122 0 0 0.0005
2  330 119 0 0 0.0005
2  331 120 0 0 0.0005
2  332 106 0 0 0.0005
0

0101000
+427 0 -429 0 *
Ed
 1.00000000000054e-07 1 1 0
1  124 0 0 0.0001
2  324 119 0 0 0.0001
2  325 120 0 0 0.0001
2  333 114 0 0 0.0001
2  334 106 0 0 0.0001
0

0101000
+443 0 -427 0 *
Wi

0101100
-454 0 -435 0 +428 0 +426 0 +425 0 +442 0 *
Fa
0  1e-07 106 0

0101000
+424 0 *
Ve
1.00000000000027e-07
0.00025 0.00075 0.000191
0 0

0101101
*
Ed
 1.00000000000027e-07 1 1 0
1  126 0 0 0.0005
2  335 123 0 0 0.0005
2  336 122 0 0 0.0005
2  337 114 0 0 0.0005
2  338 106 0 0 0.0005
0

0101000
+427 0 -422 0 *
Ed
 1.00000000000027e-07 1 1 0
1  127 0 0 0.0001
2  339 124 0 0 0.0001
2  340 125 0 0 0.0001
2  341 114 0 0 0.0001
2  342 106 0 0 0.0001
0

0101000
+441 0 -422 0 *
Wi

0101100
-425 0 -421 0 +420 0 +440 0 *
Fa
0  1e-07 114 0

0101000
+419 0 *
Ve
1.00000000000027e-07
0.00025 0.00125 0.000191
0 0

0101101
*
Ed
 1.00000000000027e-07 1 1 0
1  127 0 0.0006 0.0007
2  339 124 0 0.0006 0.0007
2  340 125 0 0.0006 0.0007
2  343 118 0 0.0006 0.0007
2  344 106 0 0.0006 0.0007
0

0101000
+417 0 -434 0 *
Ed
 1.00000000000027e-07 1 1 0
1  128 0 0 0.0005
2  345 126 0 0 0.0005
2  346 122 0 0 0.0005
2  347 118 0 0 0.0005
2  348 106 0 0 0.0005
0

0101000
+429 0 -417 0 *
Wi

0101100
-428 0 -433 0 +416 0 +415 0 *
Fa
0  1e-07 118 0

0101000
+414 0 *
Ed
 1.00000000000027e-07 1 1 0
1  129 0 0 0.0005
2  349 127 0 0 0.0005
2  350 122 0 0 0.0005
2  351 124 0 0 0.0005
2  352 125 0 0 0.0005
2  353 106 0 0 0.0005
0

0101000
+422 0 -417 0 *
Wi

0101100
-420 0 -412 0 -416 0 -432 0 +447 0 +439 0 *
Fa
0  1e-07 106 0

0101000
+411 0 *
Wi

0101100
-426 0 -415 0 +412 0 +421 0 *
Fa
0  1e-07 122 0

0101000
+409 0 *
Sh

0101100
-451 0 +444 0 -437 0 +430 0 -460 0 +423 0 +418 0 +413 0 +410 0 +408 0 
*
So

0100000
+407 0 *
Ve
1.00000000000163e-07
-0.00025 0.00075 0.000192
0 0

0101101
*
Ed
 1.00000000000054e-07 1 1 0
1  130 0 0 9.99999999999997e-07
2  354 121 0 0 9.99999999999997e-07
2  355 123 0 0 9.99999999999997e-07
2  356 119 0 0 9.99999999999997e-07
0

0101000
+427 0 -405 0 *
Ve
1.00000000000054e-07
-0.00025 0.00125 0.000192
0 0

0101101
*
Ed
 1.00000000000054e-07 1 1 0
1  131 0 0 0.0005
2  357 121 0 0 0.0005
2  358 128 0 0 0.0005
2  359 119 0 0 0.0005
2  360 129 0 0 0.0005
0

0101000
+405 0 -403 0 *
Ed
 1.00000000000054e-07 1 1 0
1  132 0 0 9.99999999999997e-07
2  361 121 0 0 9.99999999999997e-07
2  362 126 0 0 9.99999999999997e-07
2  363 119 0 0 9.99999999999997e-07
0

0101000
+429 0 -403 0 *
Wi

0101100
-404 0 -402 0 +401 0 +426 0 *
Fa
0  1e-07 121 0

0101000
+400 0 *
Ve
1e-07
0.00025 0.00075 0.000192
0 0

0101101
*
Ed
 1e-07 1 1 0
1  133 0 0 9.99999999999997e-07
2  364 127 0 0 9.99999999999997e-07
2  365 123 0 0 9.99999999999997e-07
2  366 124 0 0 9.99999999999997e-07
0

0101000
+422 0 -398 0 *
Ve
1e-07
0.00025 0.00125 0.000192
0 0

0101101
*
Ed
 1e-07 1 1 0
1  134 0 0 0.0005
2  367 127 0 0 0.0005
2  368 128 0 0 0.0005
2  369 124 0 0 0.0005
2  370 130 0 0 0.0005
0

0101000
+398 0 -396 0 *
Ed
 1e-07 1 1 0
1  135 0 0 9.99999999999997e-07
2  371 127 0 0 9.99999999999997e-07
2  372 126 0 0 9.99999999999997e-07
2  373 124 0 0 9.99999999999997e-07
0

0101000
+417 0 -396 0 *
Wi

0101100
-397 0 -395 0 +394 0 +412 0 *
Fa
0  1e-07 127 0

0101000
+393 0 *
Ed
 1e-07 1 1 0
1  136 0 0 0.0005
2  374 123 0 0 0.0005
2  375 128 0 0 0.0005
2  376 131 0 0 0.0005
0

0101000
+405 0 -398 0 *
Wi

0101100
-421 0 -397 0 +391 0 +404 0 *
Fa
0  1e-07 123 0

0101000
+390 0 *
Ed
 1e-07 1 1 0
1  137 0 0 0.0005
2  377 126 0 0 0.0005
2  378 128 0 0 0.0005
2  379 132 0 0 0.0005
0

0101000
+403 0 -396 0 *
Wi

0101100
-415 0 -394 0 +388 0 +401 0 *
Fa
0  1e-07 126 0

0101000
+387 0 *
Wi

0101100
-402 0 -388 0 +395 0 +391 0 *
Fa
0  1e-07 128 0

0101000
+385 0 *
Sh

0101100
-399 0 +392 0 -389 0 +386 0 -408 0 +384 0 *
So

0100000
+383 0 *
Ve
1.00000000000054e-07
-0.00035 0.00065 0.000192
0 0

0101101
*
Ed
 1.00000000000054e-07 1 1 0
1  138 0 0 9.99999999999997e-07
2  380 134 0 0 9.99999999999997e-07
2  381 112 0 0 9.99999999999997e-07
2  382 133 0 0 9.99999999999997e-07
0

0101000
+457 0 -381 0 *
Ve
1.00000000000224e-07
-0.00035 0.00135 0.000192
0 0

0101101
*
Ed
 1e-07 1 1 0
1  139 0 0.00265 0.00335
2  383 133 0 0.00265 0.00335
2  384 135 0 0.00265 0.00335
0

0101000
+381 0 -379 0 *
Ed
 1.00000000000224e-07 1 1 0
1  140 0 0 9.99999999999997e-07
2  385 136 0 0 9.99999999999997e-07
2  386 116 0 0 9.99999999999997e-07
2  387 133 0 0 9.99999999999997e-07
0

0101000
+455 0 -379 0 *
Wi

0101100
-380 0 -378 0 +377 0 +454 0 *
Fa
0  1e-07 133 0

0101000
+376 0 *
Ve
1.00000000000054e-07
-0.00025 0.00065 0.000192
0 0

0101101
*
Ed
 1.00000000000054e-07 1 1 0
1  141 0 0 9.99999999999997e-07
2  388 119 0 0 9.99999999999997e-07
2  389 137 0 0 9.99999999999997e-07
2  390 113 0 0 9.99999999999997e-07
2  391 112 0 0 9.99999999999997e-07
0

0101000
+443 0 -374 0 *
Ed
 1.00000000000054e-07 1 1 0
1  142 0 0 0.0001
2  392 119 0 0 0.0001
2  393 129 0 0 0.0001
2  394 131 0 0 0.0001
0

0101000
+374 0 -405 0 *
Wi

0101100
-373 0 -372 0 +404 0 +425 0 *
Fa
0  1e-07 119 0

0101000
+371 0 *
Ve
1.00000000000434e-07
-0.00025 0.00135 0.000192
0 0

0101101
*
Ed
 1.00000000000054e-07 1 1 0
1  142 0 0.0006 0.0007
2  392 119 0 0.0006 0.0007
2  393 129 0 0.0006 0.0007
2  395 132 0 0.0006 0.0007
0

0101000
+403 0 -369 0 *
Ed
 1.00000000000217e-07 1 1 0
1  143 0 0 9.99999999999997e-07
2  396 119 0 0 9.99999999999997e-07
2  397 138 0 0 9.99999999999997e-07
2  398 117 0 0 9.99999999999997e-07
2  399 116 0 0 9.99999999999997e-07
0

0101000
+436 0 -369 0 *
Wi

0101100
-401 0 -368 0 +367 0 +428 0 *
Fa
0  1e-07 119 0

0101000
+366 0 *
Ed
 1e-07 1 1 0
1  144 0 0 9.99999999999999e-05
2  400 112 0 0 9.99999999999999e-05
2  401 139 0 0 9.99999999999999e-05
0

0101000
+381 0 -374 0 *
Wi

0101100
-442 0 -373 0 +364 0 +380 0 *
Fa
0  1e-07 112 0

0101000
+363 0 *
Ed
 1.00000000000217e-07 1 1 0
1  145 0 0 9.99999999999999e-05
2  402 116 0 0 9.99999999999999e-05
2  403 140 0 0 9.99999999999999e-05
0

0101000
+379 0 -369 0 *
Wi

0101100
-435 0 -367 0 +361 0 +377 0 *
Fa
0  1e-07 116 0

0101000
+360 0 *
Wi

0101100
-378 0 -361 0 +372 0 +402 0 +368 0 +364 0 *
Fa
0  1e-07 129 0

0101000
+358 0 *
Sh

0101100
-375 0 +370 0 +399 0 +365 0 -362 0 +359 0 -423 0 +357 0 *
So

0100000
+356 0 *
Ve
1.00000000000054e-07
0.00025 0.00065 0.000192
0 0

0101101
*
Ed
 1e-07 1 1 0
1  146 0 0 9.99999999999997e-07
2  404 124 0 0 9.99999999999997e-07
2  405 141 0 0 9.99999999999997e-07
2  406 113 0 0 9.99999999999997e-07
2  407 112 0 0 9.99999999999997e-07
0

0101000
+441 0 -354 0 *
Ed
 1e-07 1 1 0
1  147 0 0 0.0001
2  408 124 0 0 0.0001
2  409 130 0 0 0.0001
2  410 131 0 0 0.0001
0

0101000
+354 0 -398 0 *
Wi

0101100
-353 0 -352 0 +397 0 +420 0 *
Fa
0  1e-07 124 0

0101000
+351 0 *
Ve
1.00000000000224e-07
0.00025 0.00135 0.000192
0 0

0101101
*
Ed
 1e-07 1 1 0
1  147 0 0.0006 0.0007
2  408 124 0 0.0006 0.0007
2  409 130 0 0.0006 0.0007
2  411 132 0 0.0006 0.0007
0

0101000
+396 0 -349 0 *
Ed
 1.00000000000217e-07 1 1 0
1  148 0 0 9.99999999999997e-07
2  412 124 0 0 9.99999999999997e-07
2  413 142 0 0 9.99999999999997e-07
2  414 117 0 0 9.99999999999997e-07
2  415 116 0 0 9.99999999999997e-07
0

0101000
+434 0 -349 0 *
Wi

0101100
-394 0 -348 0 +347 0 +416 0 *
Fa
0  1e-07 124 0

0101000
+346 0 *
Ve
1.00000000000054e-07
0.00035 0.00065 0.000192
0 0

0101101
*
Ed
 1.00000000000054e-07 1 1 0
1  149 0 0 9.99999999999997e-07
2  416 144 0 0 9.99999999999997e-07
2  417 112 0 0 9.99999999999997e-07
2  418 143 0 0 9.99999999999997e-07
0

0101000
+450 0 -344 0 *
Ve
1.00000000000224e-07
0.00035 0.00135 0.000192
0 0

0101101
*
Ed
 1.00000000000054e-07 1 1 0
1  150 0 0.00265 0.00335
2  419 143 0 0.00265 0.00335
2  420 145 0 0.00265 0.00335
0

0101000
+344 0 -342 0 *
Ed
 1.00000000000217e-07 1 1 0
1  151 0 0 9.99999999999997e-07
2  421 146 0 0 9.99999999999997e-07
2  422 116 0 0 9.99999999999997e-07
2  423 143 0 0 9.99999999999997e-07
0

0101000
+448 0 -342 0 *
Wi

0101100
-343 0 -341 0 +340 0 +447 0 *
Fa
0  1e-07 143 0

0101000
+339 0 *
Ed
 1e-07 1 1 0
1  144 0 0.0006 0.0007
2  400 112 0 0.0006 0.0007
2  401 139 0 0.0006 0.0007
0

0101000
+354 0 -344 0 *
Wi

0101100
-439 0 -343 0 +337 0 +353 0 *
Fa
0  1e-07 112 0

0101000
+336 0 *
Ed
 1.00000000000217e-07 1 1 0
1  145 0 0.0006 0.0007
2  402 116 0 0.0006 0.0007
2  403 140 0 0.0006 0.0007
0

0101000
+349 0 -342 0 *
Wi

0101100
-432 0 -340 0 +334 0 +347 0 *
Fa
0  1e-07 116 0

0101000
+333 0 *
Wi

0101100
-352 0 -395 0 -348 0 -334 0 +341 0 +337 0 *
Fa
0  1e-07 130 0

0101000
+331 0 *
Sh

0101100
-350 0 -392 0 -345 0 +338 0 -335 0 +332 0 -410 0 +330 0 *
So

0100000
+329 0 *
Ed
 1.00000000000054e-07 1 1 0
1  152 0 0 0.0005
2  424 113 0 0 0.0005
2  425 131 0 0 0.0005
2  426 112 0 0 0.0005
0

0101000
+374 0 -354 0 *
Wi

0101100
-440 0 -353 0 +327 0 +373 0 *
Fa
0  1e-07 113 0

0101000
+326 0 *
Wi

0101100
-372 0 -391 0 +352 0 +327 0 *
Fa
0  1e-07 131 0

0101000
+324 0 *
Sh

0101100
-370 0 +350 0 -325 0 +389 0 -418 0 +323 0 *
So

0100000
+322 0 *
Ed
 1.00000000000224e-07 1 1 0
1  153 0 0 0.0005
2  427 117 0 0 0.0005
2  428 132 0 0 0.0005
2  429 116 0 0 0.0005
0

0101000
+369 0 -349 0 *
Wi

0101100
-433 0 -347 0 +320 0 +367 0 *
Fa
0  1e-07 117 0

0101000
+319 0 *
Wi

0101100
-368 0 -320 0 +348 0 +388 0 *
Fa
0  1e-07 132 0

0101000
+317 0 *
Sh

0101100
-365 0 +345 0 -386 0 +318 0 -413 0 +316 0 *
So

0100000
+315 0 *
Ve
1.00000000000246e-07
-0.0015 -0.002 0.000191
0 0

0101101
*
Ed
 1e-07 1 1 0
1  154 0 0 1.5e-05
2  430 147 0 0 1.5e-05
2  431 148 0 0 1.5e-05
0

0101000
+546 0 -313 0 *
Ve
1.00000000000246e-07
-0.0015 0.004 0.000191
0 0

0101101
*
Ed
 1.00000000000027e-07 1 1 0
1  155 0 0 0.006
2  432 147 0 0 0.006
2  433 105 0 0 0.006
0

0101000
+313 0 -311 0 *
Ed
 1e-07 1 1 0
1  156 0 0 1.5e-05
2  434 147 0 0 1.5e-05
2  435 149 0 0 1.5e-05
0

0101000
+544 0 -311 0 *
Wi

0101100
-312 0 -310 0 +309 0 +543 0 *
Fa
0  1e-07 147 0

0101000
+308 0 *
Ve
1.00000000000108e-07
-0.00035 -0.002 0.000191
0 0

0101101
*
Ed
 1.00000000000054e-07 1 1 0
1  157 0 0 1.5e-05
2  436 98 0 0 1.5e-05
2  437 148 0 0 1.5e-05
2  438 86 0 0 1.5e-05
0

0101000
+522 0 -306 0 *
Ed
 1.00000000000081e-07 1 1 0
1  115 0 0 0.00265
2  289 98 0 0 0.00265
2  290 105 0 0 0.00265
2  439 111 0 0 0.00265
0

0101000
+306 0 -457 0 *
Wi

0101100
-305 0 -304 0 +456 0 +477 0 *
Fa
0  1e-07 98 0

0101000
+303 0 *
Ve
1.00000000000108e-07
-0.00035 0.004 0.000191
0 0

0101101
*
Ed
 1.00000000000081e-07 1 1 0
1  115 0 0.00335 0.006
2  289 98 0 0.00335 0.006
2  290 105 0 0.00335 0.006
2  440 115 0 0.00335 0.006
0

0101000
+455 0 -301 0 *
Ed
 1.00000000000054e-07 1 1 0
1  158 0 0 1.5e-05
2  441 98 0 0 1.5e-05
2  442 149 0 0 1.5e-05
2  443 90 0 0 1.5e-05
0

0101000
+510 0 -301 0 *
Wi

0101100
-453 0 -300 0 +299 0 +480 0 *
Fa
0  1e-07 98 0

0101000
+298 0 *
Ed
 1.00000000000027e-07 1 1 0
1  159 0 0 0.00115
2  444 148 0 0 0.00115
2  445 105 0 0 0.00115
0

0101000
+313 0 -306 0 *
Wi

0101100
-521 0 -305 0 +296 0 +312 0 *
Fa
0  1e-07 148 0

0101000
+295 0 *
Ed
 1.00000000000027e-07 1 1 0
1  160 0 0 0.00115
2  446 149 0 0 0.00115
2  447 105 0 0 0.00115
0

0101000
+311 0 -301 0 *
Wi

0101100
-509 0 -299 0 +293 0 +309 0 *
Fa
0  1e-07 149 0

0101000
+292 0 *
Wi

0101100
-310 0 -293 0 +304 0 +454 0 +300 0 +296 0 *
Fa
0  1e-07 105 0

0101000
+290 0 *
Sh

0101100
-307 0 +302 0 +451 0 +297 0 -294 0 +291 0 -475 0 +289 0 *
So

0100000
+288 0 *
Ve
1.00000000000108e-07
0.00035 -0.002 0.000191
0 0

0101101
*
Ed
 1.00000000000054e-07 1 1 0
1  161 0 0 1.5e-05
2  448 101 0 0 1.5e-05
2  449 150 0 0 1.5e-05
2  450 86 0 0 1.5e-05
0

0101000
+520 0 -286 0 *
Ed
 1.00000000000081e-07 1 1 0
1  118 0 0 0.00265
2  298 101 0 0 0.00265
2  299 109 0 0 0.00265
2  451 111 0 0 0.00265
0

0101000
+286 0 -450 0 *
Wi

0101100
-285 0 -284 0 +449 0 +472 0 *
Fa
0  1e-07 101 0

0101000
+283 0 *
Ve
1.00000000000108e-07
0.00035 0.004 0.000191
0 0

0101101
*
Ed
 1.00000000000081e-07 1 1 0
1  118 0 0.00335 0.006
2  298 101 0 0.00335 0.006
2  299 109 0 0.00335 0.006
2  452 115 0 0.00335 0.006
0

0101000
+448 0 -281 0 *
Ed
 1.00000000000054e-07 1 1 0
1  162 0 0 1.5e-05
2  453 101 0 0 1.5e-05
2  454 151 0 0 1.5e-05
2  455 90 0 0 1.5e-05
0

0101000
+508 0 -281 0 *
Wi

0101100
-446 0 -280 0 +279 0 +468 0 *
Fa
0  1e-07 101 0

0101000
+278 0 *
Ve
1.00000000000246e-07
0.0015 -0.002 0.000191
0 0

0101101
*
Ed
 1e-07 1 1 0
1  163 0 0 1.5e-05
2  456 152 0 0 1.5e-05
2  457 150 0 0 1.5e-05
0

0101000
+536 0 -276 0 *
Ve
1.00000000000246e-07
0.0015 0.004 0.000191
0 0

0101101
*
Ed
 1.00000000000027e-07 1 1 0
1  164 0 0 0.006
2  458 152 0 0 0.006
2  459 109 0 0 0.006
0

0101000
+276 0 -274 0 *
Ed
 1e-07 1 1 0
1  165 0 0 1.5e-05
2  460 152 0 0 1.5e-05
2  461 151 0 0 1.5e-05
0

0101000
+534 0 -274 0 *
Wi

0101100
-275 0 -273 0 +272 0 +533 0 *
Fa
0  1e-07 152 0

0101000
+271 0 *
Ed
 1.00000000000027e-07 1 1 0
1  166 0 0 0.00115
2  462 150 0 0 0.00115
2  463 109 0 0 0.00115
0

0101000
+286 0 -276 0 *
Wi

0101100
-518 0 -275 0 +269 0 +285 0 *
Fa
0  1e-07 150 0

0101000
+268 0 *
Ed
 1.00000000000027e-07 1 1 0
1  167 0 0 0.00115
2  464 151 0 0 0.00115
2  465 109 0 0 0.00115
0

0101000
+281 0 -274 0 *
Wi

0101100
-506 0 -272 0 +266 0 +279 0 *
Fa
0  1e-07 151 0

0101000
+265 0 *
Wi

0101100
-284 0 -447 0 -280 0 -266 0 +273 0 +269 0 *
Fa
0  1e-07 109 0

0101000
+263 0 *
Sh

0101100
-282 0 -444 0 -277 0 +270 0 -267 0 +264 0 -462 0 +262 0 *
So

0100000
+261 0 *
Ed
 1.00000000000027e-07 1 1 0
1  168 0 0 0.0007
2  466 86 0 0 0.0007
2  467 111 0 0 0.0007
0

0101000
+306 0 -286 0 *
Wi

0101100
-519 0 -285 0 +259 0 +305 0 *
Fa
0  1e-07 86 0

0101000
+258 0 *
Wi

0101100
-304 0 -442 0 -440 0 -439 0 +284 0 +259 0 *
Fa
0  1e-07 111 0

0101000
+256 0 *
Sh

0101100
-302 0 +282 0 -257 0 +437 0 -470 0 +255 0 *
So

0100000
+254 0 *
Ed
 1.00000000000027e-07 1 1 0
1  169 0 0 0.0007
2  468 90 0 0 0.0007
2  469 115 0 0 0.0007
0

0101000
+301 0 -281 0 *
Wi

0101100
-507 0 -279 0 +252 0 +299 0 *
Fa
0  1e-07 90 0

0101000
+251 0 *
Wi

0101100
-300 0 -252 0 +280 0 +435 0 +433 0 +432 0 *
Fa
0  1e-07 115 0

0101000
+249 0 *
Sh

0101100
-297 0 +277 0 -430 0 +250 0 -465 0 +248 0 *
So

0100000
+247 0 *
Ve
1e-07
-0.0015 -0.002 0.000192
0 0

0101101
*
Ed
 1e-07 1 1 0
1  170 0 0 9.99999999999997e-07
2  470 153 0 0 9.99999999999997e-07
2  471 154 0 0 9.99999999999997e-07
0

0101000
+313 0 -245 0 *
Ve
1e-07
-0.0015 0.004 0.000192
0 0

0101101
*
Ed
 1e-07 1 1 0
1  171 0 0 0.006
2  472 153 0 0 0.006
2  473 135 0 0 0.006
0

0101000
-243 0 +245 0 *
Ed
 1e-07 1 1 0
1  172 0 0 9.99999999999997e-07
2  474 153 0 0 9.99999999999997e-07
2  475 155 0 0 9.99999999999997e-07
0

0101000
+311 0 -243 0 *
Wi

0101100
-244 0 -242 0 +241 0 +310 0 *
Fa
0  1e-07 153 0

0101000
+240 0 *
Ve
1.00000000000054e-07
-0.00035 -0.002 0.000192
0 0

0101101
*
Ed
 1.00000000000054e-07 1 1 0
1  173 0 0 9.99999999999997e-07
2  476 133 0 0 9.99999999999997e-07
2  477 154 0 0 9.99999999999997e-07
2  478 156 0 0 9.99999999999997e-07
0

0101000
+306 0 -238 0 *
Ed
 1.00000000000054e-07 1 1 0
1  139 0 0 0.00265
2  383 133 0 0 0.00265
2  384 135 0 0 0.00265
2  479 139 0 0 0.00265
0

0101000
+238 0 -381 0 *
Wi

0101100
-237 0 -236 0 +380 0 +304 0 *
Fa
0  1e-07 133 0

0101000
+235 0 *
Ve
1.00000000000054e-07
-0.00035 0.004 0.000192
0 0

0101101
*
Ed
 1.00000000000054e-07 1 1 0
1  139 0 0.00335 0.006
2  383 133 0 0.00335 0.006
2  384 135 0 0.00335 0.006
2  480 140 0 0.00335 0.006
0

0101000
+379 0 -233 0 *
Ed
 1.00000000000054e-07 1 1 0
1  174 0 0 9.99999999999997e-07
2  481 133 0 0 9.99999999999997e-07
2  482 155 0 0 9.99999999999997e-07
2  483 157 0 0 9.99999999999997e-07
0

0101000
+301 0 -233 0 *
Wi

0101100
-377 0 -232 0 +231 0 +300 0 *
Fa
0  1e-07 133 0

0101000
+230 0 *
Ed
 1e-07 1 1 0
1  175 0 0 0.00115
2  484 154 0 0 0.00115
2  485 135 0 0 0.00115
0

0101000
+245 0 -238 0 *
Wi

0101100
-296 0 -237 0 +228 0 +244 0 *
Fa
0  1e-07 154 0

0101000
+227 0 *
Ed
 1e-07 1 1 0
1  176 0 0 0.00115
2  486 155 0 0 0.00115
2  487 135 0 0 0.00115
0

0101000
+243 0 -233 0 *
Wi

0101100
-293 0 -231 0 +225 0 +241 0 *
Fa
0  1e-07 155 0

0101000
+224 0 *
Wi

0101100
-242 0 -225 0 +236 0 +378 0 +232 0 +228 0 *
Fa
0  1e-07 135 0

0101000
+222 0 *
Sh

0101100
-239 0 +234 0 +375 0 +229 0 -226 0 +223 0 -289 0 +221 0 *
So

0100000
+220 0 *
Ve
1.00000000000054e-07
0.00035 -0.002 0.000192
0 0

0101101
*
Ed
 1.00000000000054e-07 1 1 0
1  177 0 0 9.99999999999997e-07
2  488 143 0 0 9.99999999999997e-07
2  489 158 0 0 9.99999999999997e-07
2  490 156 0 0 9.99999999999997e-07
0

0101000
+286 0 -218 0 *
Ed
 1.00000000000054e-07 1 1 0
1  150 0 0 0.00265
2  419 143 0 0 0.00265
2  420 145 0 0 0.00265
2  491 139 0 0 0.00265
0

0101000
+218 0 -344 0 *
Wi

0101100
-217 0 -216 0 +343 0 +284 0 *
Fa
0  1e-07 143 0

0101000
+215 0 *
Ve
1.00000000000054e-07
0.00035 0.004 0.000192
0 0

0101101
*
Ed
 1.00000000000054e-07 1 1 0
1  150 0 0.00335 0.006
2  419 143 0 0.00335 0.006
2  420 145 0 0.00335 0.006
2  492 140 0 0.00335 0.006
0

0101000
+342 0 -213 0 *
Ed
 1.00000000000054e-07 1 1 0
1  178 0 0 9.99999999999997e-07
2  493 143 0 0 9.99999999999997e-07
2  494 159 0 0 9.99999999999997e-07
2  495 157 0 0 9.99999999999997e-07
0

0101000
+281 0 -213 0 *
Wi

0101100
-340 0 -212 0 +211 0 +280 0 *
Fa
0  1e-07 143 0

0101000
+210 0 *
Ve
1e-07
0.0015 -0.002 0.000192
0 0

0101101
*
Ed
 1e-07 1 1 0
1  179 0 0 9.99999999999997e-07
2  496 160 0 0 9.99999999999997e-07
2  497 158 0 0 9.99999999999997e-07
0

0101000
+276 0 -208 0 *
Ve
1e-07
0.0015 0.004 0.000192
0 0

0101101
*
Ed
 1e-07 1 1 0
1  180 0 0 0.006
2  498 160 0 0 0.006
2  499 145 0 0 0.006
0

0101000
-206 0 +208 0 *
Ed
 1e-07 1 1 0
1  181 0 0 9.99999999999997e-07
2  500 160 0 0 9.99999999999997e-07
2  501 159 0 0 9.99999999999997e-07
0

0101000
+274 0 -206 0 *
Wi

0101100
-207 0 -205 0 +204 0 +273 0 *
Fa
0  1e-07 160 0

0101000
+203 0 *
Ed
 1e-07 1 1 0
1  182 0 0 0.00115
2  502 158 0 0 0.00115
2  503 145 0 0 0.00115
0

0101000
+218 0 -208 0 *
Wi

0101100
-269 0 -207 0 +201 0 +217 0 *
Fa
0  1e-07 158 0

0101000
+200 0 *
Ed
 1e-07 1 1 0
1  183 0 0 0.00115
2  504 159 0 0 0.00115
2  505 145 0 0 0.00115
0

0101000
+213 0 -206 0 *
Wi

0101100
-266 0 -204 0 +198 0 +211 0 *
Fa
0  1e-07 159 0

0101000
+197 0 *
Wi

0101100
-216 0 -341 0 -212 0 -198 0 +205 0 +201 0 *
Fa
0  1e-07 145 0

0101000
+195 0 *
Sh

0101100
-214 0 -338 0 -209 0 +202 0 -199 0 +196 0 -262 0 +194 0 *
So

0100000
+193 0 *
Ed
 1e-07 1 1 0
1  184 0 0 0.0007
2  506 156 0 0 0.0007
2  507 139 0 0 0.0007
0

0101000
+238 0 -218 0 *
Wi

0101100
-259 0 -217 0 +191 0 +237 0 *
Fa
0  1e-07 156 0

0101000
+190 0 *
Wi

0101100
-236 0 -364 0 -327 0 -337 0 +216 0 +191 0 *
Fa
0  1e-07 139 0

0101000
+188 0 *
Sh

0101100
-234 0 +214 0 -189 0 +362 0 +325 0 +335 0 -255 0 +187 0 *
So

0100000
+186 0 *
Ed
 1e-07 1 1 0
1  185 0 0 0.0007
2  508 157 0 0 0.0007
2  509 140 0 0 0.0007
0

0101000
+233 0 -213 0 *
Wi

0101100
-252 0 -211 0 +184 0 +231 0 *
Fa
0  1e-07 157 0

0101000
+183 0 *
Wi

0101100
-232 0 -184 0 +212 0 +361 0 +320 0 +334 0 *
Fa
0  1e-07 140 0

0101000
+181 0 *
Sh

0101100
-229 0 +209 0 -359 0 -318 0 -332 0 +182 0 -248 0 +180 0 *
So

0100000
+179 0 *
Ve
1e-07
-0.0015 -0.002 -0.000175
0 0

0101101
*
Ed
 1e-07 1 1 0
1  186 0 0 0.00035
2  510 161 0 0 0.00035
2  511 162 0 0 0.00035
0

0101000
+177 0 -547 0 *
Ve
1e-07
-0.0015 0.004 -0.000175
0 0

0101101
*
Ed
 1e-07 1 1 0
1  187 0 0 0.00035
2  512 161 0 0 0.00035
2  513 163 0 0 0.00035
0

0101000
+175 0 -542 0 *
Ed
 1e-07 1 1 0
1  188 0 0 0.006
2  514 161 0 0 0.006
2  515 164 0 0 0.006
0

0101000
+177 0 -175 0 *
Wi

0101100
-176 0 -540 0 +174 0 +173 0 *
Fa
0  1e-07 161 0

0101000
+172 0 *
Ve
1.00000000000054e-07
-0.00035 -0.002 -0.000175
0 0

0101101
*
Ed
 1.00000000000054e-07 1 1 0
1  189 0 0 0.00035
2  516 92 0 0 0.00035
2  517 162 0 0 0.00035
2  518 84 0 0 0.00035
0

0101000
+170 0 -527 0 *
Ve
1.00000000000054e-07
-0.00035 0.00065 -0.000175
0 0

0101101
*
Ed
 1.00000000000054e-07 1 1 0
1  190 0 0 0.00035
2  519 165 0 0 0.00035
2  520 94 0 0 0.00035
2  521 92 0 0 0.00035
0

0101000
+168 0 -501 0 *
Ed
 1.00000000000054e-07 1 1 0
1  191 0 0 0.00265
2  522 92 0 0 0.00265
2  523 164 0 0 0.00265
2  524 166 0 0 0.00265
0

0101000
+170 0 -168 0 *
Wi

0101100
-169 0 -499 0 +167 0 +166 0 *
Fa
0  1e-07 92 0

0101000
+165 0 *
Ve
1.00000000000224e-07
-0.00035 0.00135 -0.000175
0 0

0101101
*
Ed
 1.00000000000054e-07 1 1 0
1  192 0 0 0.00035
2  525 167 0 0 0.00035
2  526 97 0 0 0.00035
2  527 92 0 0 0.00035
0

0101000
+163 0 -503 0 *
Ed
 1e-07 1 1 0
1  191 0 0.00265 0.00335
2  522 92 0 0.00265 0.00335
2  523 164 0 0.00265 0.00335
0

0101000
+168 0 -163 0 *
Wi

0101100
-167 0 -500 0 +162 0 +161 0 *
Fa
0  1e-07 92 0

0101000
+160 0 *
Ve
1.00000000000054e-07
-0.00035 0.004 -0.000175
0 0

0101101
*
Ed
 1.00000000000054e-07 1 1 0
1  193 0 0 0.00035
2  528 92 0 0 0.00035
2  529 163 0 0 0.00035
2  530 88 0 0 0.00035
0

0101000
+158 0 -515 0 *
Ed
 1.00000000000054e-07 1 1 0
1  191 0 0.00335 0.006
2  522 92 0 0.00335 0.006
2  523 164 0 0.00335 0.006
2  531 168 0 0.00335 0.006
0

0101000
+163 0 -158 0 *
Wi

0101100
-162 0 -502 0 +157 0 +156 0 *
Fa
0  1e-07 92 0

0101000
+155 0 *
Ed
 1e-07 1 1 0
1  194 0 0 0.00115
2  532 162 0 0 0.00115
2  533 164 0 0 0.00115
0

0101000
+177 0 -170 0 *
Wi

0101100
-153 0 -169 0 +526 0 +176 0 *
Fa
0  1e-07 162 0

0101000
+152 0 *
Ed
 1e-07 1 1 0
1  195 0 0 0.00115
2  534 163 0 0 0.00115
2  535 164 0 0 0.00115
0

0101000
+175 0 -158 0 *
Wi

0101100
-150 0 -157 0 +514 0 +174 0 *
Fa
0  1e-07 163 0

0101000
+149 0 *
Wi

0101100
-173 0 -150 0 +166 0 +161 0 +156 0 +153 0 *
Fa
0  1e-07 164 0

0101000
+147 0 *
Sh

0101100
-171 0 +164 0 +159 0 +154 0 -151 0 +148 0 -146 0 +497 0 *
So

0100000
+145 0 *
Ve
1.00000000000054e-07
0.00035 -0.002 -0.000175
0 0

0101101
*
Ed
 1.00000000000054e-07 1 1 0
1  196 0 0 0.00035
2  536 95 0 0 0.00035
2  537 169 0 0 0.00035
2  538 84 0 0 0.00035
0

0101000
+143 0 -525 0 *
Ve
1.00000000000054e-07
0.00035 0.00065 -0.000175
0 0

0101101
*
Ed
 1.00000000000054e-07 1 1 0
1  197 0 0 0.00035
2  539 170 0 0 0.00035
2  540 94 0 0 0.00035
2  541 95 0 0 0.00035
0

0101000
+141 0 -496 0 *
Ed
 1.00000000000054e-07 1 1 0
1  198 0 0 0.00265
2  542 95 0 0 0.00265
2  543 171 0 0 0.00265
2  544 166 0 0 0.00265
0

0101000
+143 0 -141 0 *
Wi

0101100
-142 0 -494 0 +140 0 +139 0 *
Fa
0  1e-07 95 0

0101000
+138 0 *
Ve
1.00000000000224e-07
0.00035 0.00135 -0.000175
0 0

0101101
*
Ed
 1.00000000000054e-07 1 1 0
1  199 0 0 0.00035
2  545 172 0 0 0.00035
2  546 97 0 0 0.00035
2  547 95 0 0 0.00035
0

0101000
+136 0 -491 0 *
Ed
 1e-07 1 1 0
1  198 0 0.00265 0.00335
2  542 95 0 0.00265 0.00335
2  543 171 0 0.00265 0.00335
0

0101000
+141 0 -136 0 *
Wi

0101100
-140 0 -486 0 +135 0 +134 0 *
Fa
0  1e-07 95 0

0101000
+133 0 *
Ve
1.00000000000054e-07
0.00035 0.004 -0.000175
0 0

0101101
*
Ed
 1.00000000000054e-07 1 1 0
1  200 0 0 0.00035
2  548 95 0 0 0.00035
2  549 173 0 0 0.00035
2  550 88 0 0 0.00035
0

0101000
+131 0 -513 0 *
Ed
 1.00000000000054e-07 1 1 0
1  198 0 0.00335 0.006
2  542 95 0 0.00335 0.006
2  543 171 0 0.00335 0.006
2  551 168 0 0.00335 0.006
0

0101000
+136 0 -131 0 *
Wi

0101100
-135 0 -490 0 +130 0 +129 0 *
Fa
0  1e-07 95 0

0101000
+128 0 *
Ve
1e-07
0.0015 -0.002 -0.000175
0 0

0101101
*
Ed
 1e-07 1 1 0
1  201 0 0 0.00035
2  552 174 0 0 0.00035
2  553 169 0 0 0.00035
0

0101000
+126 0 -537 0 *
Ve
1e-07
0.0015 0.004 -0.000175
0 0

0101101
*
Ed
 1e-07 1 1 0
1  202 0 0 0.00035
2  554 174 0 0 0.00035
2  555 173 0 0 0.00035
0

0101000
+124 0 -532 0 *
Ed
 1e-07 1 1 0
1  203 0 0 0.006
2  556 174 0 0 0.006
2  557 171 0 0 0.006
0

0101000
+126 0 -124 0 *
Wi

0101100
-125 0 -530 0 +123 0 +122 0 *
Fa
0  1e-07 174 0

0101000
+121 0 *
Ed
 1e-07 1 1 0
1  204 0 0 0.00115
2  558 169 0 0 0.00115
2  559 171 0 0 0.00115
0

0101000
+143 0 -126 0 *
Wi

0101100
-119 0 -125 0 +523 0 +142 0 *
Fa
0  1e-07 169 0

0101000
+118 0 *
Ed
 1e-07 1 1 0
1  205 0 0 0.00115
2  560 173 0 0 0.00115
2  561 171 0 0 0.00115
0

0101000
+131 0 -124 0 *
Wi

0101100
-116 0 -123 0 +511 0 +130 0 *
Fa
0  1e-07 173 0

0101000
+115 0 *
Wi

0101100
-139 0 -134 0 -129 0 -116 0 +122 0 +119 0 *
Fa
0  1e-07 171 0

0101000
+113 0 *
Sh

0101100
-137 0 -132 0 -127 0 +120 0 -117 0 +114 0 -112 0 +484 0 *
So

0100000
+111 0 *
Ed
 1e-07 1 1 0
1  206 0 0 0.0007
2  562 84 0 0 0.0007
2  563 166 0 0 0.0007
0

0101000
+170 0 -143 0 *
Wi

0101100
-109 0 -142 0 +524 0 +169 0 *
Fa
0  1e-07 84 0

0101000
+108 0 *
Ed
 1e-07 1 1 0
1  207 0 0 0.0007
2  564 94 0 0 0.0007
2  565 166 0 0 0.0007
0

0101000
+168 0 -141 0 *
Wi

0101100
-106 0 -140 0 +495 0 +167 0 *
Fa
0  1e-07 94 0

0101000
+105 0 *
Wi

0101100
-166 0 -106 0 +139 0 +109 0 *
Fa
0  1e-07 166 0

0101000
+103 0 *
Sh

0101100
-164 0 +137 0 -107 0 +104 0 -102 0 +492 0 *
So

0100000
+101 0 *
Ed
 1e-07 1 1 0
1  208 0 0 0.0007
2  566 97 0 0 0.0007
2  567 168 0 0 0.0007
0

0101000
+163 0 -136 0 *
Wi

0101100
-99 0 -135 0 +489 0 +162 0 *
Fa
0  1e-07 97 0

0101000
+98 0 *
Ed
 1e-07 1 1 0
1  209 0 0 0.0007
2  568 88 0 0 0.0007
2  569 168 0 0 0.0007
0

0101000
+158 0 -131 0 *
Wi

0101100
-96 0 -130 0 +512 0 +157 0 *
Fa
0  1e-07 88 0

0101000
+95 0 *
Wi

0101100
-156 0 -96 0 +129 0 +99 0 *
Fa
0  1e-07 168 0

0101000
+93 0 *
Sh

0101100
-154 0 +127 0 -97 0 +94 0 -92 0 +487 0 *
So

0100000
+91 0 *
Ve
1e-07
-0.0015 -0.002 -0.000177
0 0

0101101
*
Ed
 1e-07 1 1 0
1  210 0 0 1.99999999999999e-06
2  570 175 0 0 1.99999999999999e-06
2  571 176 0 0 1.99999999999999e-06
0

0101000
+89 0 -177 0 *
Ve
1e-07
-0.0015 0.004 -0.000177
0 0

0101101
*
Ed
 1e-07 1 1 0
1  211 0 0 1.99999999999999e-06
2  572 175 0 0 1.99999999999999e-06
2  573 177 0 0 1.99999999999999e-06
0

0101000
+87 0 -175 0 *
Ed
 1e-07 1 1 0
1  212 0 0 0.006
2  574 175 0 0 0.006
2  575 178 0 0 0.006
0

0101000
-87 0 +89 0 *
Wi

0101100
-88 0 -173 0 +86 0 +85 0 *
Fa
0  1e-07 175 0

0101000
+84 0 *
Ve
1.00000000000054e-07
-0.00035 -0.002 -0.000177
0 0

0101101
*
Ed
 1.00000000000054e-07 1 1 0
1  213 0 0 1.99999999999999e-06
2  576 179 0 0 1.99999999999999e-06
2  577 176 0 0 1.99999999999999e-06
2  578 180 0 0 1.99999999999999e-06
0

0101000
+82 0 -170 0 *
Ve
1.00000000000054e-07
-0.00035 0.00065 -0.000177
0 0

0101101
*
Ed
 1.00000000000054e-07 1 1 0
1  214 0 0 1.99999999999999e-06
2  579 181 0 0 1.99999999999999e-06
2  580 182 0 0 1.99999999999999e-06
2  581 179 0 0 1.99999999999999e-06
0

0101000
+80 0 -168 0 *
Ed
 1.00000000000054e-07 1 1 0
1  215 0 0 0.00265
2  582 179 0 0 0.00265
2  583 178 0 0 0.00265
2  584 183 0 0 0.00265
0

0101000
+82 0 -80 0 *
Wi

0101100
-81 0 -166 0 +79 0 +78 0 *
Fa
0  1e-07 179 0

0101000
+77 0 *
Ve
1.00000000000224e-07
-0.00035 0.00135 -0.000177
0 0

0101101
*
Ed
 1.00000000000054e-07 1 1 0
1  216 0 0 1.99999999999999e-06
2  585 184 0 0 1.99999999999999e-06
2  586 185 0 0 1.99999999999999e-06
2  587 179 0 0 1.99999999999999e-06
0

0101000
+75 0 -163 0 *
Ed
 1e-07 1 1 0
1  215 0 0.00265 0.00335
2  582 179 0 0.00265 0.00335
2  583 178 0 0.00265 0.00335
0

0101000
+80 0 -75 0 *
Wi

0101100
-79 0 -161 0 +74 0 +73 0 *
Fa
0  1e-07 179 0

0101000
+72 0 *
Ve
1.00000000000054e-07
-0.00035 0.004 -0.000177
0 0

0101101
*
Ed
 1.00000000000054e-07 1 1 0
1  217 0 0 1.99999999999999e-06
2  588 179 0 0 1.99999999999999e-06
2  589 177 0 0 1.99999999999999e-06
2  590 186 0 0 1.99999999999999e-06
0

0101000
+70 0 -158 0 *
Ed
 1.00000000000054e-07 1 1 0
1  215 0 0.00335 0.006
2  582 179 0 0.00335 0.006
2  583 178 0 0.00335 0.006
2  591 187 0 0.00335 0.006
0

0101000
+75 0 -70 0 *
Wi

0101100
-74 0 -156 0 +69 0 +68 0 *
Fa
0  1e-07 179 0

0101000
+67 0 *
Ed
 1e-07 1 1 0
1  218 0 0 0.00115
2  592 176 0 0 0.00115
2  593 178 0 0 0.00115
0

0101000
+89 0 -82 0 *
Wi

0101100
-65 0 -81 0 +153 0 +88 0 *
Fa
0  1e-07 176 0

0101000
+64 0 *
Ed
 1e-07 1 1 0
1  219 0 0 0.00115
2  594 177 0 0 0.00115
2  595 178 0 0 0.00115
0

0101000
+87 0 -70 0 *
Wi

0101100
-62 0 -69 0 +150 0 +86 0 *
Fa
0  1e-07 177 0

0101000
+61 0 *
Wi

0101100
-85 0 -62 0 +78 0 +73 0 +68 0 +65 0 *
Fa
0  1e-07 178 0

0101000
+59 0 *
Sh

0101100
-83 0 +76 0 +71 0 +66 0 -63 0 +60 0 -58 0 +146 0 *
So

0100000
+57 0 *
Ve
1.00000000000054e-07
0.00035 -0.002 -0.000177
0 0

0101101
*
Ed
 1.00000000000054e-07 1 1 0
1  220 0 0 1.99999999999999e-06
2  596 188 0 0 1.99999999999999e-06
2  597 189 0 0 1.99999999999999e-06
2  598 180 0 0 1.99999999999999e-06
0

0101000
+55 0 -143 0 *
Ve
1.00000000000054e-07
0.00035 0.00065 -0.000177
0 0

0101101
*
Ed
 1.00000000000054e-07 1 1 0
1  221 0 0 1.99999999999999e-06
2  599 190 0 0 1.99999999999999e-06
2  600 182 0 0 1.99999999999999e-06
2  601 188 0 0 1.99999999999999e-06
0

0101000
+53 0 -141 0 *
Ed
 1.00000000000054e-07 1 1 0
1  222 0 0 0.00265
2  602 188 0 0 0.00265
2  603 191 0 0 0.00265
2  604 183 0 0 0.00265
0

0101000
+55 0 -53 0 *
Wi

0101100
-54 0 -139 0 +52 0 +51 0 *
Fa
0  1e-07 188 0

0101000
+50 0 *
Ve
1.00000000000224e-07
0.00035 0.00135 -0.000177
0 0

0101101
*
Ed
 1.00000000000054e-07 1 1 0
1  223 0 0 1.99999999999999e-06
2  605 192 0 0 1.99999999999999e-06
2  606 185 0 0 1.99999999999999e-06
2  607 188 0 0 1.99999999999999e-06
0

0101000
+48 0 -136 0 *
Ed
 1e-07 1 1 0
1  222 0 0.00265 0.00335
2  602 188 0 0.00265 0.00335
2  603 191 0 0.00265 0.00335
0

0101000
+53 0 -48 0 *
Wi

0101100
-52 0 -134 0 +47 0 +46 0 *
Fa
0  1e-07 188 0

0101000
+45 0 *
Ve
1.00000000000054e-07
0.00035 0.004 -0.000177
0 0

0101101
*
Ed
 1.00000000000054e-07 1 1 0
1  224 0 0 1.99999999999999e-06
2  608 188 0 0 1.99999999999999e-06
2  609 193 0 0 1.99999999999999e-06
2  610 186 0 0 1.99999999999999e-06
0

0101000
+43 0 -131 0 *
Ed
 1.00000000000054e-07 1 1 0
1  222 0 0.00335 0.006
2  602 188 0 0.00335 0.006
2  603 191 0 0.00335 0.006
2  611 187 0 0.00335 0.006
0

0101000
+48 0 -43 0 *
Wi

0101100
-47 0 -129 0 +42 0 +41 0 *
Fa
0  1e-07 188 0

0101000
+40 0 *
Ve
1e-07
0.0015 -0.002 -0.000177
0 0

0101101
*
Ed
 1e-07 1 1 0
1  225 0 0 1.99999999999999e-06
2  612 194 0 0 1.99999999999999e-06
2  613 189 0 0 1.99999999999999e-06
0

0101000
+38 0 -126 0 *
Ve
1e-07
0.0015 0.004 -0.000177
0 0

0101101
*
Ed
 1e-07 1 1 0
1  226 0 0 1.99999999999999e-06
2  614 194 0 0 1.99999999999999e-06
2  615 193 0 0 1.99999999999999e-06
0

0101000
+36 0 -124 0 *
Ed
 1e-07 1 1 0
1  227 0 0 0.006
2  616 194 0 0 0.006
2  617 191 0 0 0.006
0

0101000
-36 0 +38 0 *
Wi

0101100
-37 0 -122 0 +35 0 +34 0 *
Fa
0  1e-07 194 0

0101000
+33 0 *
Ed
 1e-07 1 1 0
1  228 0 0 0.00115
2  618 189 0 0 0.00115
2  619 191 0 0 0.00115
0

0101000
+55 0 -38 0 *
Wi

0101100
-31 0 -37 0 +119 0 +54 0 *
Fa
0  1e-07 189 0

0101000
+30 0 *
Ed
 1e-07 1 1 0
1  229 0 0 0.00115
2  620 193 0 0 0.00115
2  621 191 0 0 0.00115
0

0101000
+43 0 -36 0 *
Wi

0101100
-28 0 -35 0 +116 0 +42 0 *
Fa
0  1e-07 193 0

0101000
+27 0 *
Wi

0101100
-51 0 -46 0 -41 0 -28 0 +34 0 +31 0 *
Fa
0  1e-07 191 0

0101000
+25 0 *
Sh

0101100
-49 0 -44 0 -39 0 +32 0 -29 0 +26 0 -24 0 +112 0 *
So

0100000
+23 0 *
Ed
 1e-07 1 1 0
1  230 0 0 0.0007
2  622 180 0 0 0.0007
2  623 183 0 0 0.0007
0

0101000
+82 0 -55 0 *
Wi

0101100
-21 0 -54 0 +109 0 +81 0 *
Fa
0  1e-07 180 0

0101000
+20 0 *
Ed
 1e-07 1 1 0
1  231 0 0 0.0007
2  624 182 0 0 0.0007
2  625 183 0 0 0.0007
0

0101000
-53 0 +80 0 *
Wi

0101100
-18 0 -52 0 +106 0 +79 0 *
Fa
0  1e-07 182 0

0101000
+17 0 *
Wi

0101100
-78 0 -18 0 +51 0 +21 0 *
Fa
0  1e-07 183 0

0101000
+15 0 *
Sh

0101100
-76 0 +49 0 -19 0 +16 0 -14 0 +102 0 *
So

0100000
+13 0 *
Ed
 1e-07 1 1 0
1  232 0 0 0.0007
2  626 185 0 0 0.0007
2  627 187 0 0 0.0007
0

0101000
-48 0 +75 0 *
Wi

0101100
-11 0 -47 0 +99 0 +74 0 *
Fa
0  1e-07 185 0

0101000
+10 0 *
Ed
 1e-07 1 1 0
1  233 0 0 0.0007
2  628 186 0 0 0.0007
2  629 187 0 0 0.0007
0

0101000
+70 0 -43 0 *
Wi

0101100
-8 0 -42 0 +96 0 +69 0 *
Fa
0  1e-07 186 0

0101000
+7 0 *
Wi

0101100
-68 0 -8 0 +41 0 +11 0 *
Fa
0  1e-07 187 0

0101000
+5 0 *
Sh

0101100
-66 0 +39 0 -9 0 +6 0 -4 0 +92 0 *
So

0100000
+3 0 *
Co

1100000
+874 0 +840 0 +827 0 +818 0 +809 0 +800 0 +791 0 +782 0 +773 0 +764 0 
+755 0 +746 0 +737 0 +728 0 +719 0 +710 0 +701 0 +692 0 +683 0 +674 0 
+665 0 +656 0 +647 0 +638 0 +629 0 +620 0 +611 0 +602 0 +593 0 +584 0 
+575 0 +566 0 +557 0 +548 0 +458 0 +406 0 +382 0 +355 0 +328 0 +321 0 
+314 0 +287 0 +260 0 +253 0 +246 0 +219 0 +192 0 +185 0 +178 0 +144 0 
+110 0 +100 0 +90 0 +56 0 +22 0 +12 0 +2 0 *

+1 0 