% Model:              0902gakkai715uA.mph
% Version:            COMSOL 6.2.0.415
% Date:               Aug 7 2026, 12:45
% Table:              プローブテーブル 1 - 
% Time (ms)              温度 (K), 吸収体              温度 (K), TES              アンペアメーターを通る電流 # (µA)
0                        0.16858496766414924      0.1685846229464304       143.02881191244433
0.5                      0.16858495122091927      0.1685842558883431       143.042074688135
1                        0.16858493080675194      0.16858424758249768      143.04236323612486
1.5                      0.16858491134599282      0.16858424244565         143.0425415917204
2                        0.1685848926739669       0.16858423764388758      143.0427083059503
2.5                      0.16858487476188438      0.16858423305429165      143.04286765302078
3                        0.16858485757923705      0.1685842286538056       143.04302043427708
3.5                      0.16858484086953085      0.16858422437471393      143.04316900088244
4                        0.16858482477306555      0.16858422025273817      143.04331211256428
4.500000000000001        0.1685848093184415       0.1685842162951197       143.04344951799914
5                        0.16858479449726227      0.16858421249970879      143.04358129172937
5.5                      0.16858478028936805      0.1685842088613474       143.04370761289
6                        0.16858476667134803      0.1685842053740405       143.04382868957543
6.500000000000001        0.16858475361937356      0.16858420203168595      143.04394473367037
7                        0.1685847411101417       0.16858419882831652      143.04405595232836
7.5                      0.16858472912115877      0.168584195758173        143.04416254553502
8                        0.16858471763081231      0.16858419281572098      143.04426470541262
8.5                      0.1685847066183747       0.1685841899956508       143.04436261627495
9.000000000000002        0.1685846960639712       0.16858418729287297      143.04445645487476
9.5                      0.16858468594854945      0.1685841847025105       143.04454639050275
10                       0.16858467625385332      0.16858418221988808      143.0446325855067
10.5                     0.16858466696238653      0.16858417984052362      143.04471519548613
11                       0.16858465805737408      0.16858417756012317      143.04479436951183
11.5                     0.16858464952274194      0.16858417537456946      143.0448702505283
12                       0.1685846413430882       0.1685841732799177       143.0449429754919
12.5                     0.1685846335036453       0.16858417127238876      143.04501267565178
13.000000000000002       0.16858462599026597      0.16858416934835743      143.04507947681668
13.5                     0.16858461878938547      0.16858416750435098      143.04514349958836
14                       0.1685846118880085       0.16858416573704138      143.0452048594872
14.5                     0.16858460527367716      0.16858416404323892      143.04526366729877
15                       0.16858459893445174      0.16858416241988533      143.04532002917554
15.5                     0.1685845928588916       0.16858416086405092      143.04537404682674
16                       0.16858458703602822      0.1685841593729279       143.04542581773157
16.5                     0.16858458145535268      0.1685841579438239       143.0454754353918
17                       0.16858457610679095      0.16858415657415987      143.0455229893315
17.5                     0.16858457098068907      0.16858415526146386      143.0455685653834
18.000000000000004       0.16858456606779562      0.16858415400336546      143.0456122458494
18.5                     0.16858456135924124      0.16858415279759523      143.04565410951227
19                       0.1685845568465277       0.1685841516419749       143.04569423198532
19.5                     0.1685845525215087       0.1685841505344208       143.04573268564806
20                       0.16858454837637749      0.16858414947293238      143.04576953995118
20                       0.16858454837637749      0.16858414947293238      143.04576953995118
20.004                   0.1685845483439417       0.16858414946462602      143.04576982833652
20.008                   0.16858454831151679      0.16858414945632244      143.0457701166265
20.012                   0.1685845482791034       0.168584149448022        143.0457704048178
20.016                   0.16858454824670543      0.16858414943972563      143.04577069286285
20.02                    0.16858454899535008      0.16858414943143107      143.0457709808476
20.024                   0.16952760124101682      0.16858414942314212      143.04577126866351
20.028000000000002       0.16952563349720642      0.16858415344809555      143.04564217264544
20.032                   0.1695240484186415       0.16858421652739003      143.04356813473154
20.036                   0.16952268306880006      0.16858449033913298      143.03443018967025
20.04                    0.1695214829387879       0.16858528783894683      143.00749214524188
20.044                   0.1695204004458802       0.16858693058820634      142.95153751929877
20.048                   0.169519406839616        0.16858962832862204      142.85913294484766
20.052                   0.169518483114331        0.16859343382740616      142.72830278381932
20.056                   0.16951761653771164      0.16859826766942065      142.5617302696945
20.06                    0.16951679759405128      0.16860397035722366      142.36493876318622
20.064000000000004       0.16951601871578623      0.16861033818302623      142.14502472007212
20.068                   0.16951527534130012      0.1686172178939162       141.9073462667872
20.072                   0.16951456331196457      0.16862445682107724      141.65723949987762
20.076                   0.16951387908738572      0.16863191718326676      141.39951688831215
20.08                    0.1695132202785312       0.1686395036607898       141.13750696093297
20.084                   0.16951258372680048      0.16864709100878778      140.8755711797209
20.088                   0.16951196704020027      0.16865459136746844      140.6167639103247
20.092                   0.16951136902195515      0.16866196523371643      140.3624522948595
20.096                   0.16951078773702624      0.1686691562980489       140.1145842616635
20.100000000000005       0.16951022203983748      0.16867613824942068      139.87406203982127
20.104                   0.1695096708269854       0.1686828902999588       139.6415942771894
20.108                   0.1695091330879515       0.16868939792889462      139.4176712814388
20.112                   0.16950860791027964      0.1686956522317487       139.20258823546902
20.116                   0.16950809447116363      0.1687016489296085       138.9964801120683
20.12                    0.16950759202620164      0.1687073874007751       138.79935566045353
20.124                   0.16950709989871088      0.16871286984262623      138.61112673649097
20.128                   0.16950661747047957      0.16871810058092254      138.43163241026298
20.132                   0.1695061441740079       0.16872308551383688      138.26065832022815
20.136000000000003       0.16950567948606926      0.16872783167023778      138.09795200740396
20.14                    0.16950522292235756      0.16873234686173985      137.94323495763086
20.144                   0.1695047740330421       0.16873663941049907      137.7962119906106
20.148                   0.16950433239904572      0.16874071793767362      137.65657852923027
20.152                   0.1695038976289032       0.16874459120019322      137.5240261843183
20.156                   0.16950346935610883      0.16874826796587786      137.39824700577725
20.16                    0.16950304723684861      0.16875175691891267      137.2789366811309
20.164                   0.16950263094804607      0.16875506658926628      137.16579690566806
20.168                   0.16950222018566996      0.16875820530097066      137.05853710259237
20.172000000000004       0.16950181466326728      0.16876118113519548      136.9568756347836
20.176                   0.16950141411065558      0.16876400190489238      136.86054062055558
20.18                    0.16950101827276995      0.16876667513844917      136.76927044235256
20.184                   0.16950062690864354      0.16876920807033124      136.68281401870416
20.188                   0.16950023979047218      0.16877160763708018      136.60093089507063
20.192                   0.16949985670278878      0.168773880477433        136.52339119732125
20.196                   0.16949947744169808      0.16877603293551996      136.44997548237504
20.2                     0.16949910181417982      0.16877807106638695      136.38047451305943
20.204                   0.1694987296374542       0.16878000064318688      136.3146889784067
20.208000000000002       0.16949836073838426      0.16878182716557588      136.25242917592925
20.212                   0.16949799495293622      0.16878355586892801      136.19351466878044
20.216                   0.169497632125673        0.16878519173406412      136.13777392773062
20.22                    0.16949727210926765      0.16878673949727502      136.08504396561742
20.224                   0.16949691476407647      0.16878820366045638      136.0351699701606
20.228                   0.1694965599577154       0.16878958850122827      135.98800493949693
20.232                   0.16949620756466857      0.1687908980829263       135.94340932375937
20.236                   0.1694958574659281       0.1687921362644046       135.9012506750988
20.24                    0.16949550954864612      0.16879330670957945      135.8614033078535
20.244000000000003       0.16949516370581208      0.16879441289668762      135.8237479700759
20.248                   0.16949481983594103      0.1687954581272262       135.78817152713412
20.252                   0.16949447784279215      0.1687964455345625       135.75456665786635
20.256                   0.16949413763508664      0.1687973780921987       135.72283156345318
20.260000000000005       0.1694937991262568       0.1687982586216905       135.69286968903538
20.264                   0.1694934622341963       0.16879908980022962      135.66458945790512
20.268                   0.16949312688103002      0.1687998741678788       135.637904018077
20.272                   0.16949279299289546      0.1688006141344783       135.61273100087675
20.276                   0.16949246049973402      0.1688013119862295       135.5889922912144
20.28                    0.16949212933509497      0.16880196989196297      135.56661380907883
20.284                   0.1694917994359491       0.168802589909107        135.5455253019248
20.288                   0.1694914707425123       0.16880317398936098      135.52566014738323
20.292                   0.1694911431980751       0.16880372398409402      135.5069551659615
20.296                   0.1694908167488515       0.16880424164947241      135.48935044322525
20.3                     0.16949049134381805      0.16880472865133306      135.47278916104517
20.304                   0.16949016693458152      0.16880518656981067      135.4572174374836
20.308                   0.16948984347523305      0.16880561690372994      135.4425841748974
20.312                   0.16948952092223105      0.16880602107478498      135.4288409158563
20.316000000000003       0.1694891992342726       0.168806400431492        135.41594170650984
20.32                    0.16948887837217674      0.1688067562529544       135.40384296699017
20.324                   0.16948855829878068      0.1688070897524285       135.3925033685303
20.328                   0.16948823897883208      0.1688074020807064       135.38188371696143
20.332000000000004       0.16948792037889382      0.16880769432933354      135.37194684219497
20.336                   0.1694876024672435       0.16880796753365188      135.36265749349877
20.34                    0.16948728521379383      0.16880822267569362      135.35398224016868
20.344                   0.1694869685900068       0.16880846068692573      135.34588937734844
20.348                   0.16948665256880796      0.16880868245085073      135.33834883674842
20.352                   0.16948633712451322      0.16880888880547473      135.33133210199284
20.356                   0.16948602223276582      0.1688090805456522       135.32481212836637
20.36                    0.16948570787045564      0.1688092584253068       135.31876326671144
20.364                   0.1694853940156611       0.16880942315953562      135.31316119127246
20.368000000000002       0.16948508064759038      0.1688095754266134       135.30798283129107
20.372                   0.1694847677465185       0.1688097158698847       135.30320630614926
20.376                   0.16948445529373354      0.16880984509956432      135.2988108638629
20.38                    0.1694841432714845       0.16880996369444246      135.29477682277118
20.384                   0.16948383166293796      0.16881007220350236      135.29108551624802
20.388                   0.16948352045211715      0.16881017114745767      135.28771924027734
20.392                   0.16948320962387178      0.16881026102020597      135.28466120372937
20.396                   0.16948289916382922      0.16881034229021064      135.28189548123834
20.4                     0.1694825890583533       0.16881041540181016      135.27940696849964
20.404000000000003       0.16948227929450943      0.1688104807764606       135.27718133987602
20.408                   0.16948196986002517      0.16881053881391492      135.27520500822985
20.412                   0.16948166074326165      0.16881058989333975      135.27346508678625
20.416                   0.16948135193317437      0.1688106343743748       135.2719493530052
20.42                    0.1694810434192883       0.16881067259814014      135.2706462143049
20.424                   0.1694807351916621       0.16881070488818997      135.26954467556632
20.428                   0.16948042724086784      0.1688107315514145       135.268634308311
20.432                   0.16948011955796138      0.16881075287890177      135.2679052214661
20.436                   0.16947981213445545      0.16881076914674828      135.26734803365898
20.440000000000005       0.16947950496229686      0.1688107806168333       135.26695384691942
20.444                   0.1694791980338504       0.1688107875375508       135.26671422176275
20.448                   0.16947889134186736      0.16881079014450132      135.26662115354168
20.452                   0.1694785848794714       0.16881078866115398      135.26666705003342
20.456                   0.1694782786401399       0.16881078329947033      135.26684471016418
20.46                    0.16947797261768222      0.1688107742604955       135.26714730386084
20.464                   0.16947766680622875      0.16881076173492227      135.26756835291425
20.468                   0.16947736120020285      0.16881074590362322      135.26810171284677
20.472                   0.16947705579432343      0.16881072693815627      135.26874155571625
20.476000000000003       0.16947675058356976      0.16881070500124504      135.26948235379288
20.48                    0.16947644556318345      0.16881068024723264      135.27031886409068
20.484                   0.1694761407286468       0.16881065282251514      135.27124611369635
20.488                   0.16947583607567607      0.16881062286594825      135.27225938585156
20.492                   0.1694755316002026       0.16881059050923855      135.27335420675246
20.496                   0.1694752272983672       0.1688105558773091       135.2745263330275
20.5                     0.1694749231665069       0.16881051908864986      135.2757717398661
20.504                   0.16947461920114826      0.16881048025564904      135.2770866097691
20.508                   0.16947431539899177      0.16881043948490754      135.2784673218496
20.512000000000004       0.16947401175690482      0.16881039687753632      135.27991044171682
20.516                   0.16947370827191893      0.16881035252943852      135.28141271186217
20.52                    0.16947340494121324      0.1688103065315792       135.2829710425532
20.524                   0.1694731017621119       0.1688102589702396       135.2845825031835
20.528                   0.16947279873207388      0.1688102099272562       135.2862443140792
20.532                   0.16947249584868762      0.16881015948025233      135.28795383872816
20.536                   0.16947219310966416      0.16881010770285262      135.28970857640007
20.54                    0.16947189051283096      0.16881005466489118      135.29150615515036
20.544                   0.16947158805612492      0.168810000432605        135.293344325195
20.548000000000005       0.16947128573758793      0.16880994506882044      135.29522095261618
20.552                   0.16947098355536053      0.16880988863312762      135.29713401339285
20.556                   0.16947068150767478      0.16880983118204873      135.29908158774083
20.56                    0.1694703795928585       0.16880977276919376      135.3010618547375
20.564                   0.16947007780931722      0.16880971344541215      135.3030730872515
20.568                   0.16946977615554032      0.16880965325893676      135.3051136470851
20.572                   0.16946947463009138      0.16880959225551342      135.307181980412
20.576                   0.1694691732316075       0.16880953047853245      135.3092766134276
20.58                    0.16946887195879376      0.16880946796915006      135.31139614822914
20.584000000000003       0.16946857081041938      0.16880940476640377      135.31353925890565
20.588                   0.16946826978531573      0.1688093409073195       135.31570468782596
20.592                   0.1694679688823735       0.16880927642701482      135.3178912421335
20.596                   0.16946766810053743      0.16880921135880164      135.32009779040234
20.6                     0.16946736743880594      0.16880914573427355      135.32232325947768
20.6                     0.16946736743880594      0.16880914573427355      135.32232325947768
20.610000000000003       0.1694666163034706       0.16880897944212636      135.3279628136077
20.620000000000005       0.1694658658974144       0.1688088103429653       135.3336978657185
20.630000000000003       0.16946511621036597      0.16880863875644386      135.33951755861233
20.64                    0.169464367232246        0.16880846499466684      135.34541129094097
20.650000000000002       0.16946361895380233      0.1688082893421672       135.35136939760505
20.66                    0.16946287136674407      0.16880811205199983      135.35738328250778
20.67                    0.1694621244637019       0.16880793334709324      135.36344537276753
20.68                    0.16946137823814145      0.16880775342310003      135.36954902188177
20.69                    0.16946063268426767      0.1688075724514783       135.37568840516457
20.700000000000003       0.1694598877969384       0.1688073905823911       135.38185842119418
20.710000000000004       0.16945914357158662      0.16880720794731724      135.38805460313424
20.720000000000002       0.1694584000041419       0.16880702466136602      135.39427304022945
20.73                    0.16945765709097702      0.168806840825309        135.40051030876262
20.740000000000002       0.1694569148288469       0.16880665652735888      135.40676341151627
20.75                    0.16945617321484646      0.1688064718447359       135.41302972471544
20.76                    0.16945543224636214      0.16880628684503438      135.41930695157322
20.770000000000003       0.1694546919210428       0.16880610158742063      135.4255930815974
20.78                    0.1694539522367606       0.16880591612367982      135.43188635498012
20.790000000000003       0.16945321319158824      0.16880573049913897      135.4381852313878
20.800000000000004       0.1694524747837694       0.16880554475346582      135.44448836267392
20.810000000000002       0.16945173701170207      0.1688053589213761       135.45079456895166
20.82                    0.1694509998739153       0.16880517303324846      135.45710281765864
20.830000000000002       0.1694502633690584       0.16880498711566583      135.4634122052282
20.84                    0.16944952749587813      0.1688048011918846       135.46972194103734
20.85                    0.16944879225321566      0.16880461528225157      135.47603133335554
20.860000000000003       0.16944805763998608      0.16880442940456547      135.4823397770426
20.870000000000005       0.16944732365517703      0.16880424357439344      135.48864674276354
20.880000000000003       0.16944659029783402      0.16880405780534763      135.49495176756295
20.89                    0.16944585756705854      0.16880387210933337      135.50125444660938
20.900000000000002       0.1694451254619922       0.16880368649675273      135.50755442595275
20.91                    0.16944439398182257      0.1688035009767019       135.5138513962104
20.92                    0.16944366312577228      0.16880331555712555      135.52014508699605
20.93                    0.1694429328930937       0.16880313024496382      135.52643526209354
20.94                    0.1694422032830664       0.16880294504627905      135.53272171518572
20.950000000000003       0.16944147429499595      0.16880275996635907      135.53900426614555
20.960000000000004       0.16944074592820602      0.16880257500982027      135.5452827577713
20.970000000000002       0.16944001818204202      0.1688023901806873       135.55155705293478
20.98                    0.1694392910558632       0.16880220548246758      135.5578270320861
20.990000000000002       0.16943856454904563      0.16880202091821522      135.56409259106255
21                       0.16943783866097514      0.1688018364905883       135.57035363917538
21.01                    0.16943711339105028      0.1688016522018979       135.5766100975325
21.020000000000003       0.1694363887386785       0.16880146805415147      135.58286189757644
21.03                    0.16943566470327678      0.16880128404909028      135.58910897978328
21.040000000000003       0.16943494128426947      0.16880110018822267      135.59535129255536
21.050000000000004       0.16943421848108764      0.1688009164728516       135.6015887912179
21.060000000000002       0.16943349629316734      0.16880073290410377      135.60782143717972
21.07                    0.16943277471995105      0.16880054948294773      135.61404919715406
21.080000000000002       0.16943205376088544      0.1688003662102177       135.62027204249986
21.09                    0.1694313334154211       0.16880018308662426      135.6264899486605
21.1                     0.16943061368301252      0.1688000001127767       135.63270289463145
21.110000000000003       0.16942989456316293      0.16879981728898266      135.63891087448175
21.12                    0.16942917605525665      0.16879963461612904      135.645113843318
21.130000000000003       0.16942845815880037      0.1687994520943005       135.65131181298804
21.140000000000004       0.16942774087322507      0.16879926972380765      135.65750476683047
21.150000000000002       0.1694270241980518       0.16879908750487324      135.66369269827328
21.16                    0.1694263081328094       0.16879890543767231      135.66987560083163
21.17                    0.16942559267693333      0.16879872352242614      135.67605346482478
21.18                    0.16942487782986004      0.16879854175934575      135.6822262820054
21.19                    0.16942416359104395      0.16879836014858626      135.6883940467947
21.200000000000003       0.16942344995995812      0.1687981786902182       135.6945567572403
21.21                    0.1694227369360795       0.16879799738423565      135.70071441435337
21.220000000000002       0.1694220245188868       0.16879781623058907      135.70686702035363
21.230000000000004       0.1694213127078615       0.16879763522922622      135.7130145769445
21.240000000000002       0.16942060150248256      0.16879745438011207      135.71915708447972
21.25                    0.16941989090222895      0.16879727368323796      135.72529454224195
21.26                    0.16941918090658517      0.16879709313859964      135.73142694941114
21.270000000000003       0.1694184715150318       0.16879691274617956      135.73755430608557
21.28                    0.16941776272705253      0.16879673250592844      135.74367661380995
21.290000000000003       0.16941705454212982      0.16879655241776578      135.74979387543695
21.3                     0.16941634695974894      0.16879637248159085      135.75590609449577
21.310000000000002       0.16941563997939543      0.1687961926972962       135.76201327447072
21.320000000000004       0.1694149336005533       0.16879601306478303      135.76811541835056
21.330000000000002       0.16941422782271037      0.16879583358395953      135.77421252860128
21.34                    0.16941352264535176      0.16879565425474338      135.78030460748505
21.35                    0.16941281806796726      0.16879547507704745      135.7863916574872
21.360000000000003       0.16941211409004112      0.16879529605077592      135.79247368159972
21.37                    0.1694114107110663       0.16879511717581971      135.79855068335462
21.380000000000003       0.16941070793052626      0.1687949384520611       135.80462266662695
21.39                    0.1694100057479148       0.168794759879378        135.81068963534742
21.400000000000002       0.16940930416271868      0.1687945814576503       135.81675159327992
21.410000000000004       0.16940860317443152      0.16879440318676364      135.82280854395697
21.42                    0.16940790278254067      0.16879422506660377      135.82886049077067
21.43                    0.16940720298654         0.16879404709706006      135.83490743713853
21.44                    0.1694065037859204       0.16879386927801765      135.8409493866443
21.450000000000003       0.16940580518017398      0.16879369160935678      135.84698634308072
21.46                    0.16940510716879367      0.1687935140909541       135.8530183104015
21.470000000000002       0.16940440975127202      0.16879333672268626      135.85904529260938
21.480000000000004       0.16940371292710377      0.16879315950442572      135.86506729366153
21.490000000000002       0.16940301669578164      0.16879298243605068      135.87108431742075
21.5                     0.16940232105680242      0.1687928055174382       135.87709636767323
21.51                    0.16940162600965925      0.16879262874846926      135.8831034481865
21.520000000000003       0.1694009315538474       0.16879245212902058      135.8891055627777
21.53                    0.16940023768886303      0.16879227565897023      135.89510271533777
21.540000000000003       0.16939954441420216      0.16879209933819306      135.90109490982857
21.55                    0.16939885172936217      0.16879192316656333      135.90708215024128
21.560000000000002       0.16939815963384053      0.1687917471439559       135.9130644405603
21.570000000000004       0.16939746812713385      0.16879157127024502      135.91904178472967
21.580000000000002       0.16939677720873975      0.16879139554530775      135.92501418665606
21.59                    0.1693960868781591       0.16879121996901922      135.93098165022948
21.6                     0.16939539713488916      0.16879104454125596      135.9369441793503
21.610000000000003       0.16939470797842884      0.1687908692618939       135.94290177794036
21.62                    0.16939401940827797      0.1687906941308078       135.9488544499492
21.630000000000003       0.1693933314239383       0.16879051914787474      135.95480219934439
21.64                    0.16939264402490897      0.1687903443129669       135.960745030091
21.650000000000002       0.1693919572106919       0.16879016962596102      135.96668294613826
21.660000000000004       0.16939127098078693      0.16878999508673173      135.972615951419
21.67                    0.1693905853346986       0.16878982069515483      135.97854404985378
21.68                    0.16938990027192663      0.1687896464511074       135.98446724536058
21.69                    0.16938921579197563      0.16878947235446454      135.99038554186419
21.700000000000003       0.1693885318943484       0.16878929840510187      135.9962989432993
21.71                    0.16938784857854822      0.16878912460289588      136.00220745360335
21.720000000000002       0.16938716584407865      0.16878895094772134      136.00811107671706
21.73                    0.16938648369044548      0.16878877743945442      136.01400981657383
21.740000000000002       0.16938580211715257      0.16878860407797097      136.01990367709652
21.750000000000004       0.16938512112370546      0.16878843086314788      136.02579266220135
21.76                    0.1693844407096114       0.16878825779486006      136.0316767758003
21.770000000000003       0.16938376087437249      0.16878808487298497      136.03755602180678
21.78                    0.16938308161750043      0.16878791209739938      136.0434304041342
21.790000000000003       0.16938240293849896      0.16878773946797854      136.049299926697
21.8                     0.16938172483687644      0.16878756698460093      136.05516459340984
21.810000000000002       0.16938104731213993      0.16878739464714068      136.06102440818
21.82                    0.1693803703637983       0.16878722245547664      136.06687937491415
21.830000000000002       0.1693796939913614       0.1687870504094839       136.07272949751183
21.840000000000003       0.1693790181943365       0.16878687850904125      136.07857477986713
21.85                    0.169378342972234        0.16878670675402466      136.08441522587535
21.860000000000003       0.16937766832456422      0.16878653514431155      136.0902508394279
21.87                    0.1693769942508377       0.16878636367977937      136.09608162441472
21.880000000000003       0.16937632075056291      0.16878619236030534      136.10190758472595
21.89                    0.1693756478232539       0.168786021185767        136.10772872424616
21.900000000000002       0.16937497546842079      0.1687858501560419       136.1135450468582
21.91                    0.1693743036855765       0.16878567927100752      136.11935655643964
21.92                    0.1693736324742328       0.16878550853054183      136.125163256867
21.930000000000003       0.16937296183390282      0.16878533793452316      136.1309651520115
21.94                    0.16937229176409968      0.16878516748282865      136.1367622457417
21.950000000000003       0.16937162226433838      0.16878499717533613      136.14255454192525
21.96                    0.16937095333412952      0.16878482701192526      136.14834204442792
21.970000000000002       0.16937028497299267      0.16878465699247355      136.15412475711068
21.98                    0.16936961718043872      0.16878448711685903      136.15990268383266
21.990000000000002       0.16936894995598448      0.16878431738496089      136.1656758284474
22                       0.16936828329914563      0.16878414779665646      136.17144419481062
22.01                    0.16936761720943955      0.16878397835182543      136.17720778677187
22.020000000000003       0.16936695168638047      0.16878380905034712      136.182966608176
22.03                    0.16936628672948814      0.16878363989209924      136.18872066286661
22.040000000000003       0.16936562233827712      0.16878347087696116      136.19446995468485
22.05                    0.16936495851226677      0.16878330200481237      136.20021448746948
22.060000000000002       0.1693642952509766       0.16878313327553215      136.20595426505758
22.07                    0.16936363255392425      0.1687829646889991       136.21168929128052
22.080000000000002       0.1693629704206264       0.16878279624509254      136.2174195699673
22.090000000000003       0.16936230885060738      0.16878262794369303      136.22314510494365
22.1                     0.16936164784338284      0.1687824597846796       136.22886590003384
22.110000000000003       0.1693609873984752       0.16878229176793164      136.23458195905792
22.12                    0.16936032751540586      0.1687821238933298       136.2402932858359
22.130000000000003       0.1693596681936928       0.16878195616075337      136.24599988418163
22.14                    0.16935900943286095      0.16878178857008203      136.2517017579078
22.150000000000002       0.16935835123242998      0.16878162112119685      136.2573989108219
22.16                    0.1693576935919238       0.16878145381397694      136.26309134673136
22.17                    0.16935703651086453      0.16878128664830347      136.26877906943946
22.180000000000003       0.16935637998877573      0.16878111962405704      136.27446208274694
22.19                    0.16935572402517976      0.16878095274111762      136.28014039045135
22.200000000000003       0.1693550686196026       0.1687807859993658       136.28581399634686
22.21                    0.1693544137715664       0.16878061939868177      136.2914829042266
22.220000000000002       0.1693537594805989       0.16878045293894828      136.2971471178779
22.23                    0.16935310574622237      0.16878028662004443      136.302806641088
22.240000000000002       0.16935245256796413      0.16878012044185212      136.30846147763955
22.25                    0.16935179994534977      0.16877995440425203      136.31411163131415
22.26                    0.16935114787790592      0.16877978850712513      136.3197571058889
22.270000000000007       0.1693504963651581       0.16877962275035382      136.32539790513766
22.28                    0.16934984540663592      0.16877945713381814      136.3310340328309
22.290000000000003       0.16934919500186452      0.16877929165740135      136.33666549273954
22.3                     0.16934854515037398      0.1687791263209837       136.34229228862986
22.310000000000002       0.16934789585169338      0.16877896112444735      136.34791442426325
22.32                    0.16934724710534857      0.16877879606767396      136.35353190340152
22.330000000000002       0.16934659891087078      0.16877863115054548      136.35914472980124
22.34                    0.169345951267789        0.16877846637294386      136.36475290721737
22.35                    0.16934530417563437      0.1687783017347518       136.37035643940158
22.360000000000007       0.1693446576339357       0.1687781372358512       136.37595533010216
22.37                    0.16934401164222532      0.1687779728761242       136.38154958306592
22.380000000000003       0.16934336620003423      0.1687778086554534       136.38713920203463
22.39                    0.16934272130689357      0.16877764457372135      136.39272419074993
22.400000000000002       0.16934207696233625      0.1687774806308103       136.3983045529492
22.41                    0.16934143316589312      0.16877731682660418      136.40388029236624
22.42                    0.1693407899170993       0.16877715316098385      136.40945141273244
22.43                    0.16934014721548593      0.16877698963383397      136.4150179177786
22.44                    0.16933950506058867      0.16877682624503637      136.42057981123023
22.450000000000006       0.16933886345193927      0.1687766629944745       136.4261370968094
22.46                    0.16933822238907434      0.16877649988203258      136.4316897782368
22.470000000000002       0.16933758187152748      0.16877633690759317      136.43723785922953
22.48                    0.1693369418988339       0.16877617407103873      136.4427813435031
22.490000000000002       0.16933630247053075      0.1687760113722542       136.44832023476863
22.5                     0.16933566358615268      0.16877584881112265      136.45385453673615
22.51                    0.16933502524523614      0.1687756863875278       136.45938425311255
22.520000000000007       0.16933438744731907      0.16877552410135344      136.46490938760024
22.53                    0.16933375019193728      0.16877536195248322      136.47042994389867
22.540000000000006       0.16933311347862942      0.16877519994080184      136.47594592570695
22.55                    0.16933247730693335      0.16877503806619315      136.48145733672044
22.560000000000002       0.16933184167638826      0.16877487632854127      136.4869641806295
22.57                    0.16933120658653114      0.16877471472773037      136.4924664611239
22.580000000000002       0.16933057203690247      0.16877455326364424      136.4979641818916
22.59                    0.16932993802704127      0.16877439193616878      136.50345734661462
22.6                     0.16932930455648845      0.16877423074518794      136.50894595897367
22.610000000000007       0.16932867162478207      0.168774069690586        136.5144300226477
22.62                    0.16932803923146791      0.168773908772248        136.51990954131375
22.630000000000003       0.16932740737608182      0.1687737479900592       136.5253845186417
22.64                    0.16932677605816732      0.168773587343904        136.53085495830047
22.650000000000002       0.16932614527726747      0.1687734268336684       136.53632086395905
22.66                    0.16932551503292284      0.1687732664592361       136.54178223928014
22.67                    0.16932488532467843      0.16877310622049377      136.54723908792545
22.68                    0.16932425615207566      0.1687729461173256       136.5526914135524
22.69                    0.16932362751465774      0.16877278614961816      136.55813921981806
22.700000000000006       0.1693229994119695       0.1687726263172568       136.56358251037446
22.71                    0.16932237184355525      0.16877246662012663      136.56902128887177
22.720000000000002       0.1693217448089576       0.16877230705811333      136.57445555895694
22.73                    0.16932111830772711      0.16877214763110412      136.57988532427652
22.740000000000002       0.16932049233940377      0.16877198833898324      136.58531058847007
22.75                    0.16931986690353457      0.16877182918163788      136.59073135517627
22.76                    0.16931924199966694      0.1687716701589531       136.59614762803008
22.770000000000003       0.16931861762734693      0.16877151127081677      136.60155941066793
22.78                    0.16931799378612258      0.16877135251711314      136.6069667067191
22.790000000000006       0.1693173704755406       0.1687711938977305       136.61236951981235
22.8                     0.16931674769514884      0.16877103541255406      136.6177678535703
22.810000000000002       0.16931612544449431      0.168770877061472        136.6231617116164
22.82                    0.16931550372312734      0.16877071884436962      136.62855109756984
22.830000000000002       0.16931488253059593      0.16877056076113417      136.63393601504757
22.840000000000003       0.16931426186644982      0.1687704028116523       136.63931646766443
22.85                    0.16931364173023902      0.16877024499581128      136.64469245903112
22.860000000000003       0.16931302212151286      0.16877008731349874      136.65006399275484
22.87                    0.16931240303982242      0.1687699297646009       136.65543107244125
22.880000000000006       0.16931178448471934      0.16876977234900625      136.66079370169362
22.89                    0.16931116645575156      0.1687696150666004       136.66615188411419
22.900000000000002       0.1693105489524755       0.16876945791727216      136.67150562329755
22.91                    0.1693099319744396       0.1687693009009098       136.67685492283877
22.92                    0.16930931552119807      0.16876914401739895      136.68219978633041
22.93                    0.16930869959230258      0.1687689872666289       136.68754021736194
22.94                    0.16930808418730736      0.168768830648487        136.69287621951813
22.950000000000003       0.1693074693057655       0.16876867416286084      136.69820779638286
22.96                    0.1693068549472309       0.1687685178096392       136.7035349515383
22.970000000000006       0.16930624111125847      0.16876836158871023      136.70885768856203
22.98                    0.16930562779740158      0.1687682054999619       136.71417601102962
22.990000000000002       0.1693050150052174       0.16876804954328212      136.71948992251308
23                       0.16930440273425937      0.1687678937185595       136.7247994265814
23.01                    0.1693037909840834       0.16876773802568357      136.73010452680398
23.020000000000003       0.16930317975424775      0.16876758246454202      136.73540522674296
23.03                    0.1693025690443074       0.1687674270350234       136.74070152996114
23.040000000000003       0.16930195885382046      0.168767271737017        136.74599344001726
23.05                    0.16930134918234244      0.16876711657041132      136.7512809604691
23.060000000000006       0.16930074002943257      0.1687669615350961       136.75656409486905
23.07                    0.16930013139464875      0.16876680663095914      136.7618428467672
23.080000000000002       0.16929952327754885      0.16876665185789055      136.76711721971196
23.090000000000003       0.16929891567769345      0.16876649721577952      136.77238721724854
23.1                     0.16929830859464023      0.1687663427045162       136.77765284291868
23.110000000000003       0.16929770202794744      0.16876618832398768      136.78291410026347
23.12                    0.16929709597717835      0.16876603407408639      136.78817099282105
23.130000000000006       0.16929649044189246      0.16876587995470008      136.7934235241252
23.14                    0.1692958854216498       0.16876572596571937      136.79867169770566
23.150000000000006       0.16929528091601068      0.16876557210703308      136.8039155170927
23.16                    0.1692946769245388       0.16876541837853246      136.80915498581317
23.17                    0.16929407344679373      0.1687652647801066       136.81439010739138
23.18                    0.16929347048233942      0.168765111311646        136.81962088534672
23.19                    0.16929286803073765      0.1687649579730407       136.82484732319807
23.200000000000003       0.1692922660915518       0.1687648047641813       136.83006942446139
23.21                    0.16929166466434464      0.16876465168495788      136.83528719264822
23.220000000000006       0.16929106374868025      0.16876449873526062      136.8405006312686
23.23                    0.16929046334412443      0.16876434591498113      136.84570974383126
23.240000000000002       0.1692898634502391       0.1687641932240086       136.85091453384152
23.25                    0.1692892640665907       0.1687640406622355       136.8561150047992
23.26                    0.16928866519274416      0.16876388822955193      136.86131116020496
23.270000000000003       0.1692880668282645       0.16876373592584762      136.86650300355498
23.28                    0.16928746897271751      0.16876358375101583      136.8716905383427
23.290000000000003       0.16928687162567194      0.1687634317049463       136.87687376806053
23.3                     0.16928627478669156      0.16876327978753         136.88205269619777
23.310000000000006       0.1692856784553452       0.1687631279986598       136.88722732623864
23.32                    0.1692850826311997       0.1687629763382254       136.89239766166628
23.330000000000002       0.16928448731382353      0.16876282480611868      136.89756370596135
23.340000000000003       0.1692838925027843       0.16876267340223247      136.90272546260127
23.35                    0.1692832981976488       0.16876252212645657      136.90788293506364
23.360000000000003       0.16928270439799067      0.16876237097868454      136.91303612682086
23.37                    0.16928211110337457      0.16876221995880694      136.9181850413407
23.380000000000003       0.16928151831337332      0.16876206906671679      136.92332968209013
23.39                    0.16928092602755457      0.16876191830230425      136.92847005253427
23.400000000000006       0.1692803342454913       0.1687617676654639       136.9336061561358
23.41                    0.16927974296675166      0.1687616171560867       136.93873799635378
23.42                    0.16927915219090742      0.16876146677406487      136.94386557664424
23.43                    0.16927856191753235      0.16876131651929077      136.94898890046045
23.44                    0.1692779721461951       0.16876116639165795      136.95410797125518
23.450000000000003       0.16927738287647057      0.16876101639105753      136.95922279247486
23.46                    0.16927679410793028      0.1687608665173829       136.96433336756698
23.470000000000002       0.16927620584014672      0.16876071677052745      136.9694396999752
23.48                    0.16927561807269387      0.16876056715038287      136.97454179313897
23.490000000000006       0.16927503080514514      0.16876041765684258      136.97963965049763
23.5                     0.16927444403707675      0.16876026828979993      136.98473327548416
23.51                    0.1692738577680586       0.16876011904914812      136.9898226715333
23.520000000000003       0.16927327199766878      0.1687599699347797       136.99490784207345
23.53                    0.16927268672548146      0.16875982094658842      136.99998879053277
23.540000000000003       0.16927210195107312      0.16875967208446804      137.0050655203352
23.55                    0.16927151767401888      0.16875952334831165      137.01013803490392
23.560000000000002       0.16927093389389486      0.16875937473801245      137.01520633765935
23.57                    0.16927035061027926      0.16875922625346476      137.02027043201687
23.580000000000005       0.16926976782274597      0.16875907789456168      137.0253303213902
23.590000000000003       0.16926918553087433      0.168758929661198        137.03038600919191
23.6                     0.16926860373424266      0.16875878155326712      137.0354374988294
23.610000000000003       0.16926802243242775      0.1687586335706635       137.04048479371014
23.62                    0.16926744162500804      0.1687584857132801       137.04552789723783
23.630000000000003       0.16926686131156352      0.16875833798101234      137.05056681281255
23.64                    0.16926628149167264      0.16875819037375434      137.05560154383468
23.650000000000006       0.16926570216491432      0.16875804289139995      137.06063209369816
23.66                    0.16926512333086802      0.1687578955338437       137.06565846579744
23.670000000000005       0.16926454498911547      0.1687577483009809       137.07068066352224
23.68                    0.16926396713923902      0.16875760119270589      137.0756986902608
23.69                    0.16926338978081248      0.1687574542089124       137.08071254939787
23.700000000000003       0.1692628129134254       0.16875730734949693      137.08572224431774
23.71                    0.16926223653665445      0.16875716061435306      137.09072777839893
23.720000000000002       0.1692616606500842       0.16875701400337653      137.09572915501843
23.73                    0.1692610852532949       0.16875686751646277      137.10072637755212
23.740000000000006       0.16926051034587059      0.16875672115350554      137.1057194493724
23.75                    0.16925993592739436      0.16875657491440174      137.11070837384935
23.760000000000005       0.16925936199744934      0.1687564287990461       137.1156931543486
23.770000000000003       0.16925878855561804      0.1687562828073336       137.12067379423627
23.78                    0.16925821560148785      0.1687561369391604       137.12565029687437
23.790000000000003       0.16925764313464015      0.168755991194422        137.13062266562105
23.8                     0.16925707115466054      0.16875584557301357      137.13559090383274
23.810000000000002       0.1692564996611363       0.16875570007483234      137.1405550148645
23.82                    0.16925592865364933      0.1687555546997724       137.1455150020676
23.830000000000005       0.1692553581317891       0.16875540944773143      137.1504708687895
23.840000000000003       0.1692547880951394       0.1687552643186043       137.15542261837888
23.85                    0.16925421854328881      0.16875511931228773      137.16037025417742
23.860000000000003       0.1692536494758226       0.16875497442867762      137.16531377952737
23.87                    0.1692530808923288       0.1687548296676707       137.17025319776798
23.880000000000003       0.16925251279239514      0.16875468502916313      137.17518851223403
23.89                    0.16925194517561074      0.16875454051305075      137.18011972626005
23.900000000000002       0.16925137804156173      0.16875439611923224      137.18504684317617
23.91                    0.16925081138983847      0.16875425184760232      137.18996986631012
23.920000000000005       0.1692502452200285       0.16875410769805796      137.19488879898842
23.93                    0.1692496795317238       0.16875396367049725      137.19980364453417
23.94                    0.16924911432451178      0.16875381976481563      137.20471440626798
23.950000000000003       0.16924854959798508      0.168753675980911        137.20962108750663
23.96                    0.16924798535173083      0.16875353231868037      137.21452369156657
23.970000000000002       0.1692474215853434       0.16875338877802137      137.21942222176077
23.98                    0.16924685829841096      0.16875324535883035      137.22431668139953
23.990000000000002       0.16924629549052725      0.1687531020610045       137.2292070737905
24                       0.16924573316128308      0.16875295888444342      137.23409340223907
24.010000000000005       0.16924517131027103      0.16875281582904295      137.23897567004684
24.020000000000003       0.1692446099370844       0.16875267289470047      137.24385388051454
24.03                    0.1692440490413142       0.1687525300813136       137.24872803694015
24.040000000000003       0.16924348862255445      0.16875238738878204      137.25359814261836
24.05                    0.1692429286804003       0.16875224481700188      137.25846420084102
24.060000000000002       0.16924236921444374      0.16875210236587146      137.26332621489865
24.07                    0.16924181022428028      0.16875196003528958      137.26818418807883
24.080000000000002       0.16924125170950433      0.16875181782515322      137.27303812366534
24.090000000000003       0.16924069366971195      0.16875167573536187      137.27788802493998
24.100000000000005       0.16924013610449615      0.168751533765813        137.28273389518387
24.110000000000003       0.16923957901345346      0.16875139191640515      137.2875757376731
24.12                    0.1692390223961821       0.16875125018703727      137.2924135556831
24.130000000000003       0.1692384662522753       0.16875110857760758      137.29724735248647
24.14                    0.16923791058133283      0.16875096708801493      137.30207713135178
24.150000000000002       0.16923735538294957      0.1687508257181583       137.30690289554462
24.16                    0.1692368006567236       0.16875068446793537      137.3117246483312
24.17                    0.16923624640225232      0.16875054333724662      137.31654239297316
24.18                    0.16923569261913446      0.16875040232598948      137.3213561327307
24.190000000000005       0.16923513930696857      0.1687502614340652       137.32616587086116
24.200000000000003       0.16923458646535305      0.16875012066137063      137.33097161061704
24.21                    0.16923403409388785      0.16874998000780628      137.33577335525013
24.220000000000002       0.16923348219217169      0.16874983947327232      137.34057110800956
24.23                    0.16923293075980428      0.16874969905766604      137.34536487214345
24.240000000000002       0.1692323797963859       0.16874955876088885      137.35015465089697
24.25                    0.16923182930151726      0.16874941858283887      137.3549404475104
24.260000000000005       0.16923127927479875      0.1687492785234174       137.35972226522244
24.270000000000003       0.16923072971583242      0.16874913858252244      137.3645001072706
24.280000000000005       0.16923018062422046      0.16874899876005522      137.3692739768905
24.290000000000003       0.16922963199956237      0.16874885905591597      137.37404387731038
24.3                     0.1692290838414619       0.16874871947000336      137.37880981176198
24.310000000000002       0.1692285361495223       0.1687485800022187       137.38357178347135
24.32                    0.1692279889233457       0.1687484406524615       137.388329795665
24.330000000000002       0.16922744216253421      0.1687483014206312       137.39308385156082
24.340000000000003       0.16922689586669304      0.16874816230663028      137.39783395438008
24.350000000000005       0.16922635003542544      0.1687480233103578       137.4025801073378
24.360000000000003       0.16922580466833584      0.16874788443171498      137.40732231365143
24.370000000000005       0.16922525976502964      0.16874774567060172      137.4120605765302
24.380000000000003       0.16922471532511035      0.16874760702691893      137.41679489918366
24.39                    0.16922417134818332      0.16874746850056796      137.4215252848191
24.400000000000002       0.16922362783385467      0.16874733009144868      137.42625173664058
24.41                    0.16922308478173154      0.16874719179946343      137.43097425784944
24.42                    0.16922254219141708      0.16874705362451187      137.4356928516456
24.43                    0.1692220000625212       0.16874691556649607      137.4404075212248
24.440000000000005       0.16922145839464942      0.16874677762531695      137.44511826978254
24.450000000000003       0.16922091718740837      0.16874663980087498      137.4498251005109
24.46                    0.1692203764404071       0.1687465020930733       137.4545280165985
24.470000000000002       0.16921983615325314      0.16874636450181152      137.45922702123113
24.48                    0.1692192963255553       0.16874622702699238      137.4639221175941
24.490000000000002       0.16921875695691946      0.16874608966851742      137.46861330886946
24.5                     0.1692182180469572       0.16874595242628804      137.47330059823653
24.51                    0.1692176795952783       0.16874581530020585      137.47798398887332
24.520000000000003       0.1692171416014906       0.1687456782901724       137.48266348395344
24.530000000000005       0.16921660406520356      0.1687455413960913       137.48733908664795
24.540000000000003       0.16921606698602998      0.16874540461786314      137.49201080012875
24.55                    0.16921553036358034      0.1687452679553898       137.49667862756058
24.560000000000002       0.16921499419746258      0.16874513140857486      137.50134257210917
24.57                    0.1692144584872901       0.16874499497731926      137.5060026369361
24.580000000000002       0.1692139232326761       0.16874485866152647      137.51065882520174
24.590000000000003       0.16921338843322803      0.16874472246109726      137.51531114006335
24.6                     0.16921285408856263      0.16874458637593617      137.5199595846756
24.61                    0.16921232019829013      0.1687444504059451       137.52460416219034
24.620000000000005       0.16921178676202497      0.16874431455102623      137.5292448757594
24.630000000000003       0.16921125377938007      0.16874417881108267      137.5338817285283
24.64                    0.16921072124996742      0.16874404318601768      137.53851472364215
24.650000000000002       0.16921018917340236      0.16874390767573408      137.54314386424463
24.660000000000004       0.16920965754929987      0.16874377228013382      137.54776915347492
24.67                    0.16920912637727306      0.16874363699912157      137.55239059447035
24.68                    0.1692085956569381       0.1687435018325992       137.5570081903667
24.69                    0.16920806538790883      0.16874336678047136      137.56162194429726
24.700000000000003       0.16920753556980236      0.16874323184264         137.5662318593917
24.710000000000004       0.16920700620223328      0.16874309701900927      137.57083793877874
24.720000000000002       0.16920647728481739      0.16874296230948307      137.57544018558278
24.73                    0.16920594881717438      0.16874282771396384      137.5800386029272
24.740000000000002       0.16920542079891857      0.16874269323235672      137.58463319393334
24.75                    0.16920489322966734      0.16874255886456416      137.58922396171872
24.76                    0.1692043661090376       0.16874242461049085      137.59381090939834
24.770000000000003       0.16920383943665016      0.16874229047004005      137.59839404008721
24.78                    0.16920331321212156      0.16874215644311646      137.60297335689617
24.790000000000003       0.1692027874350683       0.1687420225296234       137.60754886293262
24.800000000000004       0.1692022621051127       0.16874188872946608      137.61212056130282
24.810000000000002       0.1692017372218719       0.16874175504254812      137.61668845511025
24.82                    0.1692012127849643       0.16874162146877356      137.62125254745567
24.830000000000002       0.16920068879401357      0.16874148800804717      137.6258128414396
24.840000000000003       0.1692001652486367       0.1687413546602732       137.6303693401577
24.85                    0.1691996421484536       0.1687412214253568       137.63492204670382
24.86                    0.16919911949308858      0.16874108830320195      137.63947096416936
24.870000000000005       0.16919859728216005      0.16874095529371397      137.6440160956437
24.880000000000003       0.16919807551529054      0.1687408223967968       137.64855744421362
24.890000000000004       0.16919755419210034      0.16874068961235658      137.6530950129637
24.900000000000002       0.1691970333122146       0.16874055694029724      137.65762880497437
24.910000000000004       0.1691965128752527       0.16874042438052433      137.66215882332656
24.92                    0.16919599288083867      0.1687402919329428       137.66668507109722
24.93                    0.169195473328595        0.16874015959745725      137.67120755136162
24.94                    0.16919495421814598      0.16874002737397406      137.67572626719124
24.950000000000003       0.16919443554911448      0.16873989526239852      137.68024122165747
24.960000000000004       0.16919391732112524      0.1687397632626354       137.68475241782596
24.970000000000002       0.16919339953380166      0.16873963137459075      137.6892598587622
24.980000000000004       0.16919288218677123      0.16873949959817044      137.6937635475284
24.990000000000002       0.16919236527965445      0.1687393679332787       137.69826348718775
25                       0.16919184881207971      0.16873923637982283      137.70275968079557
25.01                    0.16919133278367318      0.16873910493770788      137.70725213140807
25.020000000000003       0.16919081719405882      0.1687389736068409       137.7117408420799
25.03                    0.16919030204286253      0.16873884238712608      137.71622581586067
25.040000000000003       0.16918978732971243      0.16873871127847045      137.72070705579867
25.050000000000004       0.16918927305423637      0.16873858028078115      137.72518456493924
25.060000000000002       0.16918875921605958      0.1687384493939627       137.72965834632802
25.07                    0.1691882458148087       0.1687383186179227       137.73412840300466
25.080000000000002       0.16918773285011457      0.16873818795256704      137.7385947380095
25.090000000000003       0.16918722032160446      0.1687380573978022       137.7430573543777
25.1                     0.16918670822890633      0.16873792695353446      137.7475162551444
25.11                    0.16918619657164913      0.16873779661967114      137.75197144334177
25.12                    0.16918568534946182      0.1687376663961185       137.75642292199876
25.130000000000003       0.16918517456197407      0.16873753628278382      137.76087069414268
25.140000000000004       0.16918466420881464      0.1687374062795736       137.76531476279732
25.150000000000002       0.16918415428961595      0.1687372763863936       137.76975513098554
25.160000000000004       0.1691836448040069       0.16873714660315334      137.77419180172762
25.17                    0.16918313575161797      0.1687370169297587       137.77862477804229
25.18                    0.16918262713208101      0.16873688736611614      137.78305406294373
25.19                    0.16918211894502636      0.1687367579121339       137.78747965944382
25.200000000000003       0.16918161119008718      0.1687366285677186       137.79190157055493
25.21                    0.16918110386689356      0.16873649933277887      137.7963197992853
25.220000000000002       0.1691805969750803       0.16873637020722101      137.80073434863843
25.230000000000004       0.1691800905142764       0.16873624119095312      137.80514522161937
25.240000000000002       0.16917958448411854      0.16873611228388272      137.80955242123113
25.25                    0.16917907888423775      0.1687359834859179       137.81395595047138
25.26                    0.16917857371426842      0.1687358547969658       137.8183558123349
25.270000000000003       0.16917806897384363      0.1687357262169354       137.82275200981738
25.28                    0.16917756466259876      0.16873559774573332      137.82714454591058
25.290000000000003       0.16917706078016873      0.16873546938326897      137.83153342360325
25.3                     0.16917655732618606      0.16873534112944907      137.83591864588354
25.310000000000002       0.169176054300286        0.16873521298418287      137.8403002157362
25.320000000000004       0.16917555170210677      0.16873508494737804      137.84467813614157
25.330000000000002       0.1691750495312812       0.1687349570189436       137.8490524100809
25.340000000000003       0.16917454778744734      0.16873482919878746      137.85342304053404
25.35                    0.16917404647024017      0.16873470148681838      137.85779003047517
25.36                    0.16917354557929729      0.16873457388294452      137.8621533828774
25.37                    0.16917304511425466      0.16873444638707502      137.8665131007104
25.380000000000003       0.16917254507475077      0.1687343189991182       137.8708691869447
25.39                    0.16917204546042283      0.1687341917189837       137.87522164454523
25.400000000000002       0.1691715462709094       0.1687340645465797       137.8795704764745
25.410000000000007       0.1691710475058462       0.16873393748181545      137.88391568569588
25.42                    0.1691705491648741       0.1687338105245996       137.8882572751686
25.43                    0.16917005124763154      0.1687336836748417       137.89259524785044
25.44                    0.1691695537537575       0.1687335569324511       137.89692960669373
25.450000000000003       0.16916905668289028      0.16873343029733714      137.90126035465215
25.46                    0.1691685600346719       0.16873330376940832      137.9055874946744
25.470000000000002       0.169168063808741        0.16873317734857457      137.9099110297092
25.480000000000004       0.16916756800473762      0.16873305103474587      137.9142309627007
25.490000000000002       0.16916707262230327      0.1687329248278311       137.9185472965946
25.500000000000004       0.1691665776610798       0.16873279872774022      137.92286003433026
25.51                    0.1691660831207054       0.16873267273438303      137.9271691788453
25.520000000000003       0.16916558900082637      0.16873254684766947      137.9314747330756
25.53                    0.16916509530107945      0.16873242106750924      137.9357766999544
25.540000000000003       0.16916460202111064      0.16873229539381246      137.94007508241518
25.55                    0.16916410916056013      0.1687321698264887       137.94436988338742
25.560000000000002       0.1691636167190723       0.16873204436544847      137.94866110579767
25.570000000000004       0.16916312469628939      0.168731919010602        137.95294875257014
25.580000000000002       0.16916263309185553      0.168731793761859        137.95723282662573
25.590000000000003       0.16916214190541423      0.16873166861913122      137.96151333088466
25.6                     0.16916165113660908      0.168731543582328        137.9657902682664
25.61                    0.1691611607850854       0.16873141865135974      137.97006364168638
25.62                    0.16916067085048667      0.1687312938261373       137.97433345405733
25.630000000000003       0.16916018133245866      0.16873116910657102      137.9785997082916
25.64                    0.1691596922306473       0.16873104449257278      137.982862407295
25.650000000000002       0.16915920354469485      0.16873091998405182      137.98712155397513
25.660000000000007       0.16915871527425075      0.16873079558091975      137.99137715123587
25.67                    0.16915822741896128      0.16873067128308775      137.995629201979
25.68                    0.16915773997846986      0.1687305470904665       137.99987770910383
25.69                    0.1691572529524254       0.16873042300296717      138.00412267550757
25.700000000000003       0.16915676634047422      0.16873029902050143      138.00836410408647
25.71                    0.169156280142265        0.1687301751429793       138.01260199773228
25.720000000000002       0.16915579435744357      0.16873005137031305      138.01683635933696
25.73                    0.1691553089856581       0.16872992770241368      138.0210671917867
25.740000000000002       0.16915482402655838      0.1687298041391938       138.02529449796697
25.750000000000004       0.1691543394797931       0.16872968068056363      138.0295182807624
25.76                    0.16915385534500849      0.16872955732643521      138.03373854305406
25.770000000000003       0.16915337162185604      0.16872943407672056      138.03795528772062
25.78                    0.16915288830998512      0.1687293109313302       138.0421685176406
25.790000000000003       0.16915240540904503      0.16872918789017755      138.04637823568802
25.8                     0.1691519229186855       0.1687290649531739       138.05058444473482
25.810000000000002       0.16915144083855577      0.16872894212023126      138.05478714765042
25.82                    0.16915095916830913      0.16872881939126158      138.0589863473033
25.830000000000002       0.16915047790759632      0.16872869676617677      138.0631820465581
25.840000000000007       0.16914999705606754      0.16872857424489038      138.06737424827904
25.85                    0.16914951661337316      0.16872845182731352      138.07156295532786
25.86                    0.16914903657916677      0.16872832951335798      138.07574817056303
25.87                    0.16914855695309958      0.16872820730293778      138.07992989684055
25.880000000000003       0.16914807773482454      0.16872808519596433      138.08410813701445
25.89                    0.16914759892399503      0.16872796319235017      138.08828289393793
25.900000000000002       0.16914712052026457      0.1687278412920089       138.09245417045992
25.910000000000007       0.16914664252328399      0.16872771949485244      138.09662196942784
25.92                    0.16914616493270948      0.16872759780079388      138.1007862936874
25.930000000000003       0.1691456877481933       0.1687274762097463       138.1049471460811
25.94                    0.16914521096938956      0.1687273547216223       138.1091045294522
25.950000000000003       0.16914473459595458      0.1687272333363349       138.1132584466388
25.96                    0.1691442586275414       0.16872711205379726      138.11740890047463
25.970000000000002       0.1691437830638053       0.16872699087392257      138.12155589379634
25.98                    0.16914330790440338      0.16872686979662466      138.1256994294343
25.990000000000002       0.16914283314898954      0.16872674882181599      138.1298395102197
26.000000000000004       0.16914235879722078      0.1687266279494108       138.1339761389798
26.01                    0.16914188484875253      0.16872650717932125      138.138109318539
26.020000000000007       0.1691414113032419       0.1687263865114624       138.14223905172122
26.03                    0.16914093816034662      0.16872626594574752      138.14636534134718
26.040000000000003       0.1691404654197225       0.1687261454820893       138.15048819023514
26.05                    0.1691399930810265       0.1687260251204024       138.1546076012023
26.060000000000002       0.16913952114391945      0.16872590486060055      138.15872357706266
26.07                    0.16913904960805562      0.16872578470259697      138.16283612062773
26.080000000000002       0.16913857847309624      0.16872566464630678      138.16694523470778
26.090000000000007       0.1691381077386977       0.16872554469164286      138.1710509221104
26.1                     0.16913763740452067      0.1687254248385206       138.17515318564034
26.110000000000003       0.16913716747022392      0.16872530508685316      138.17925202810017
26.12                    0.16913669793546615      0.16872518543655549      138.18334745229197
26.130000000000003       0.16913622879990753      0.16872506588754085      138.18743946101617
26.14                    0.1691357600632087       0.16872494643972538      138.19152805706725
26.150000000000002       0.16913529172503025      0.16872482709302217      138.19561324323956
26.160000000000004       0.1691348237850313       0.16872470784734658      138.19969502232533
26.17                    0.1691343562428746       0.1687245887026124       138.20377339711465
26.180000000000003       0.16913388909821983      0.16872446965873467      138.20784837039483
26.19                    0.16913342235072992      0.16872435071562888      138.21191994495334
26.200000000000003       0.16913295600006595      0.16872423187320923      138.21598812357078
26.21                    0.1691324900458903       0.16872411313139088      138.22005290903002
26.220000000000002       0.16913202448786577      0.1687239944900883       138.2241143041103
26.23                    0.1691315593256537       0.16872387594921692      138.22817231158913
26.240000000000002       0.16913109455891798      0.16872375750869179      138.23222693423872
26.25                    0.16913063018732175      0.16872363916842842      138.2362781748325
26.26                    0.1691301662105289       0.16872352092834197      138.2403260361396
26.270000000000007       0.16912970262820326      0.16872340278834735      138.24437052093054
26.28                    0.1691292394400082       0.1687232847483607       138.24841163196996
26.290000000000003       0.1691287766456078       0.1687231668082966       138.25244937202254
26.3                     0.16912831424466873      0.16872304896807133      138.25648374384903
26.310000000000002       0.16912785223685625      0.1687229312276008       138.26051475020816
26.32                    0.1691273906218317       0.1687228135868003       138.2645423938575
26.330000000000002       0.16912692939926421      0.16872269604558487      138.26856667755152
26.340000000000003       0.1691264685688181       0.16872257860387135      138.27258760404442
26.35                    0.16912600813015993      0.16872246126157514      138.2766051760865
26.360000000000003       0.1691255480829576       0.168722344018613        138.28061939642578
26.37                    0.1691250884268749       0.1687222268749002       138.28463026780884
26.380000000000003       0.1691246291615796       0.16872210983035318      138.28863779298
26.39                    0.16912417028674145      0.16872199288488782      138.29264197468086
26.400000000000002       0.1691237118020261       0.1687218760384203       138.29664281565144
26.410000000000004       0.16912325370709944      0.16872175929086783      138.3006403186287
26.42                    0.16912279600163405      0.16872164264214656      138.30463448634868
26.43                    0.1691223386852947       0.1687215260921718       138.3086253215451
26.44                    0.16912188175775036      0.16872140964086146      138.31261282694987
26.450000000000006       0.16912142521867324      0.16872129328813182      138.31659700529207
26.46                    0.16912096906772894      0.1687211770338999       138.320577859298
26.470000000000002       0.16912051330458883      0.16872106087808142      138.3245553916912
26.48                    0.169120057928922        0.168720944820594        138.3285296051943
26.490000000000002       0.16911960294039807      0.16872082886135392      138.33250050252863
26.5                     0.16911914833868916      0.16872071300027958      138.336468086413
26.51                    0.1691186941234649       0.1687205972372865       138.34043235956275
26.520000000000007       0.16911824029439596      0.1687204815722926       138.34439332469375
26.53                    0.16911778685115364      0.1687203660052145       138.3483509845167
26.540000000000006       0.1691173337934107       0.1687202505359702       138.35230534174107
26.55                    0.16911688112083642      0.1687201351644758       138.35625639907326
26.560000000000002       0.1691164288331054       0.16872001989065033      138.3602041592193
26.57                    0.16911597692988814      0.16871990471441         138.36414862488346
26.580000000000002       0.16911552541085964      0.168719789635673        138.36808979876804
26.590000000000003       0.1691150742756891       0.16871967465435633      138.37202768357096
26.6                     0.16911462352405301      0.1687195597703783       138.37596228198709
26.610000000000003       0.16911417315562352      0.1687194449836565       138.37989359671397
26.62                    0.1691137231700745       0.16871933029410863      138.38382163044406
26.630000000000006       0.16911327356707853      0.16871921570165288      138.38774638586716
26.64                    0.16911282434631286      0.16871910120620628      138.39166786567156
26.650000000000002       0.16911237550745126      0.16871898680768777      138.39558607254423
26.660000000000004       0.16911192705016576      0.1687188725060151       138.39950100916892
26.67                    0.1691114789741356       0.16871875830110622      138.40341267822694
26.68                    0.16911103127903407      0.16871864419287982      138.40732108239817
26.69                    0.16911058396453457      0.16871853018125382      138.4112262243621
26.700000000000006       0.1691101370303176       0.16871841626614695      138.41512810679433
26.71                    0.1691096904760564       0.16871830244747751      138.41902673236683
26.720000000000002       0.16910924430142873      0.16871818872516386      138.42292210375336
26.73                    0.16910879850611146      0.16871807509912445      138.4268142236222
26.740000000000002       0.16910835308978087      0.16871796156927843      138.4307030946391
26.75                    0.16910790805211467      0.16871784813554444      138.43458871946964
26.76                    0.16910746339278962      0.1687177347978403       138.4384711007781
26.770000000000003       0.16910701911148554      0.16871762155608624      138.44235024122554
26.78                    0.16910657520787953      0.1687175084101998       138.4462261434711
26.790000000000006       0.1691061316816491       0.16871739536010127      138.45009881017077
26.8                     0.16910568853247449      0.1687172824057087       138.4539682439787
26.810000000000002       0.16910524576003416      0.16871716954694213      138.45783444754846
26.82                    0.1691048033640066       0.16871705678372         138.46169742352947
26.830000000000002       0.16910436134407222      0.16871694411596097      138.4655571745699
26.840000000000003       0.16910391969991054      0.16871683154358671      138.4694137033156
26.85                    0.16910347843120202      0.168716719066514        138.47326701241283
26.86                    0.16910303753762684      0.16871660668466376      138.47711710450346
26.87                    0.16910259701886382      0.16871649439795477      138.48096398222677
26.880000000000006       0.16910215687459848      0.16871638220630736      138.48480764822074
26.89                    0.16910171710450783      0.16871627010964108      138.48864810512097
26.900000000000002       0.16910127770827418      0.16871615810787485      138.49248535556032
26.910000000000004       0.16910083868558057      0.16871604620092928      138.49631940217188
26.92                    0.16910040003610718      0.16871593438872395      138.50015024758474
26.93                    0.16909996175953745      0.16871582267117896      138.50397789442596
26.94                    0.16909952385555324      0.16871571104821442      138.5078023453211
26.950000000000003       0.16909908632383952      0.16871559951974957      138.51162360289246
26.96                    0.1690986491640749       0.16871548808570502      138.5154416697636
26.970000000000006       0.16909821237594816      0.16871537674600237      138.5192565485532
26.98                    0.16909777595913844      0.16871526550055965      138.52306824187923
26.990000000000002       0.1690973399133322       0.1687151543492982       138.5268767523542
27                       0.16909690423821191      0.16871504329213796      138.5306820825915
27.01                    0.1690964689334631       0.16871493232900103      138.53448423520345
27.020000000000003       0.16909603399877005      0.16871482145980626      138.5382832127958
27.03                    0.16909559943381852      0.1687147106844743       138.5420790179779
27.040000000000003       0.1690951652382935       0.16871460000292696      138.54587165335485
27.05                    0.16909473141187992      0.1687144894150839       138.54966112153005
27.060000000000006       0.16909429795426276      0.16871437892086616      138.55344742510266
27.07                    0.16909386486512984      0.16871426852019555      138.5572305666713
27.080000000000002       0.16909343214416647      0.16871415821299118      138.56101054883098
27.090000000000003       0.1690929997910595       0.16871404799917583      138.5647873741765
27.1                     0.16909256780549634      0.16871393787866978      138.5685610453017
27.11                    0.1690921361871617       0.16871382785139402      138.57233156479666
27.12                    0.16909170493574557      0.1687137179172705       138.57609893524884
27.130000000000006       0.1690912740509355       0.16871360807622         138.57986315924495
27.14                    0.16909084353241777      0.16871349832816324      138.58362423936987
27.150000000000006       0.169090413379882        0.16871338867302307      138.58738217820502
27.160000000000004       0.16908998359301544      0.1687132791107196       138.5911369783293
27.17                    0.1690895541715085       0.16871316964117528      138.59488864232188
27.18                    0.16908912511504814      0.1687130602643102       138.59863717275925
27.19                    0.16908869642332594      0.1687129509800487       138.60238257221397
27.200000000000003       0.1690882680960283       0.1687128417883105       138.60612484325728
27.21                    0.16908784013284714      0.16871273268901754      138.60986398846052
27.220000000000006       0.1690874125334724       0.16871262368209206      138.61360001039318
27.23                    0.16908698529759372      0.16871251476745627      138.61733291161855
27.240000000000006       0.16908655842490172      0.16871240594503184      138.62106269470075
27.25                    0.1690861319150893       0.16871229721474065      138.62478936220083
27.26                    0.1690857057678432       0.16871218857650527      138.6285129166798
27.270000000000003       0.16908527998285902      0.16871208003024754      138.6322333606948
27.28                    0.16908485455982544      0.16871197157589005      138.6359506968016
27.290000000000003       0.16908442949843638      0.16871186321335527      138.6396649275527
27.3                     0.1690840047983826       0.1687117549425649       138.64337605550188
27.310000000000006       0.1690835804593574       0.16871164676344197      138.64708408319788
27.32                    0.16908315648105354      0.16871153867590877      138.65078901318716
27.330000000000002       0.169082732863163        0.16871143067988761      138.65449084801585
27.340000000000003       0.1690823096053804       0.16871132277530185      138.6581895902259
27.35                    0.16908188670739696      0.16871121496207392      138.66188524236017
27.36                    0.16908146416890824      0.16871110724012658      138.66557780695905
27.37                    0.16908104198960774      0.16871099960938243      138.66926728655997
27.380000000000003       0.16908062016918946      0.1687108920697648       138.67295368369787
27.39                    0.1690801987073488       0.1687107846211964       138.67663700090418
27.400000000000006       0.1690797776037798       0.16871067726359992      138.68031724071182
27.410000000000004       0.16907935685817743      0.16871056999689898      138.68399440565122
27.42                    0.16907893647023703      0.16871046282101684      138.68766849824812
27.43                    0.1690785164396535       0.1687103557358768       138.6913395210285
27.44                    0.16907809676612362      0.168710248741402        138.6950074765158
27.450000000000003       0.16907767744934357      0.16871014183751581      138.69867236723172
27.46                    0.16907725848900984      0.16871003502414114      138.702334195695
27.470000000000002       0.16907683988481712      0.16870992830120213      138.705992964423
27.48                    0.1690764216364644       0.16870982166862222      138.70964867593148
27.490000000000006       0.169076003743648        0.16870971512632538      138.71330133273355
27.5                     0.16907558620606425      0.16870960867423415      138.71695093734067
27.51                    0.16907516902341221      0.16870950231227316      138.72059749226267
27.520000000000003       0.16907475219538928      0.1687093960403665       138.72424100000578
27.53                    0.16907433572169397      0.1687092898584382       138.72788146307767
27.540000000000003       0.16907391960202314      0.16870918376641073      138.73151888397908
27.55                    0.16907350383607858      0.16870907776420985      138.73515326521218
27.560000000000002       0.1690730884235559       0.1687089718517587       138.7387846092768
27.57                    0.16907267336415513      0.16870886602898108      138.7424129186705
27.580000000000005       0.1690722586575771       0.16870876029580245      138.74603819588862
27.590000000000003       0.16907184430352082      0.16870865465214582      138.74966044342523
27.6                     0.16907143030168434      0.16870854909793565      138.75327966377048
27.61                    0.16907101665177052      0.1687084436330976       138.75689585941407
27.62                    0.16907060335347757      0.1687083382575549       138.76050903284485
27.630000000000003       0.1690701904065077       0.1687082329712326       138.76411918654682
27.64                    0.16906977781056204      0.16870812777405506      138.76772632300492
27.650000000000006       0.16906936556534083      0.1687080226659472       138.7713304447004
27.660000000000004       0.16906895367054595      0.1687079176468329       138.7749315541124
27.670000000000005       0.16906854212587966      0.16870781271663857      138.77852965371832
27.68                    0.16906813093104248      0.16870770787528758      138.78212474599468
27.69                    0.16906772008573728      0.16870760312270505      138.78571683341613
27.700000000000003       0.16906730958966826      0.1687074984588162       138.78930591845213
27.71                    0.16906689944253617      0.16870739388354708      138.79289200357465
27.720000000000002       0.1690664896440431       0.16870728939682073      138.79647509124956
27.73                    0.16906608019389485      0.16870718499856355      138.8000551839425
27.740000000000006       0.16906567109179238      0.16870708068870083      138.80363228411855
27.75                    0.1690652623374418       0.16870697646715777      138.80720639423976
27.760000000000005       0.16906485393054668      0.16870687233385942      138.8107775167678
27.770000000000003       0.16906444587081032      0.16870676828873163      138.81434565415833
27.78                    0.16906403815793777      0.16870666433169876      138.81791080886816
27.790000000000003       0.16906363079163314      0.16870656046268803      138.82147298335101
27.8                     0.1690632237716014       0.16870645668162412      138.82503218005937
27.810000000000002       0.1690628170975489       0.1687063529884327       138.82858840144195
27.82                    0.16906241076918122      0.16870624938303927      138.832141649949
27.830000000000005       0.1690620047862022       0.16870614586537028      138.8356919280268
27.840000000000003       0.16906159914832009      0.16870604243535092      138.8392392381197
27.850000000000005       0.16906119385523957      0.1687059390929076       138.84278358266886
27.86                    0.16906078890666867      0.168705835837966        138.84632496411623
27.87                    0.16906038430231238      0.16870573267045208      138.8498633849003
27.880000000000003       0.1690599800418789       0.16870562959029228      138.8533988474565
27.89                    0.1690595761250748       0.16870552659741295      138.85693135421974
27.900000000000002       0.1690591725516086       0.1687054236917399       138.86046090762355
27.910000000000004       0.1690587693211869       0.16870532087319917      138.86398751009864
27.920000000000005       0.16905836643351907      0.16870521814171738      138.86751116407322
27.93                    0.1690579638883123       0.16870511549722195      138.87103187197434
27.94                    0.1690575616852754       0.16870501293963705      138.87454963622716
27.950000000000003       0.16905715982411623      0.16870491046889105      138.87806445925415
27.96                    0.1690567583045448       0.16870480808491056      138.88157634347846
27.970000000000002       0.1690563571262713       0.16870470578762142      138.88508529131758
27.98                    0.16905595628900388      0.16870460357695088      138.88859130518833
27.990000000000002       0.1690555557924523       0.16870450145282487      138.89209438750675
28                       0.16905515563632656      0.16870439941517215      138.89559454068726
28.010000000000005       0.16905475582033755      0.1687042974639174       138.8990917671408
28.020000000000003       0.16905435634419538      0.16870419559898878      138.90258606927708
28.03                    0.1690539572076101       0.16870409382031298      138.90607744950267
28.040000000000003       0.16905355841029437      0.16870399212781736      138.90956591022396
28.05                    0.1690531599519581       0.16870389052142895      138.91305145384544
28.060000000000002       0.16905276183231413      0.16870378900107497      138.91653408276713
28.07                    0.16905236405107124      0.16870368756668247      138.92001379939052
28.080000000000002       0.16905196660794422      0.16870358621817902      138.92349060611429
28.090000000000003       0.1690515695026449       0.16870348495549256      138.92696450533347
28.100000000000005       0.16905117273488504      0.16870338377854988      138.93043549944295
28.11                    0.16905077630437848      0.16870328268727794      138.93390359083583
28.12                    0.16905038021083618      0.1687031816816056       138.93736878190143
28.130000000000003       0.16904998445397315      0.16870308076145976      138.9408310750283
28.14                    0.16904958903350115      0.168702979926768        138.9442904726013
28.150000000000002       0.16904919394913612      0.16870287917745924      138.94774697700856
28.160000000000004       0.16904879920059057      0.16870277851345922      138.95120059063177
28.17                    0.16904840478757782      0.16870267793469795      138.95465131585254
28.18                    0.16904801070981423      0.16870257744110145      138.95809915504745
28.190000000000005       0.16904761696701312      0.16870247703259936      138.9615441105967
28.200000000000003       0.16904722355889032      0.16870237670911906      138.96498618487334
28.21                    0.16904683048516006      0.16870227647058914      138.9684253802521
28.220000000000002       0.16904643774553843      0.1687021763169372       138.9718616991038
28.23                    0.16904604533974038      0.16870207624809103      138.97529514379713
28.240000000000002       0.16904565326748255      0.16870197626398048      138.97872571670146
28.25                    0.16904526152848084      0.16870187636453288      138.98215342018065
28.260000000000005       0.1690448701224516       0.16870177654967697      138.98557825660168
28.270000000000003       0.16904447904911163      0.16870167681934095      138.9890002283232
28.280000000000005       0.16904408830817705      0.16870157717345335      138.9924193377071
28.290000000000003       0.16904369789936574      0.16870147761194282      138.9958355871126
28.3                     0.16904330782239418      0.16870137813473848      138.99924897889545
28.310000000000002       0.16904291807698052      0.16870127874176868      139.00265951540817
28.32                    0.1690425286628428       0.16870117943296226      139.00606719900438
28.330000000000002       0.16904213957969758      0.16870108020824864      139.0094720320361
28.340000000000003       0.16904175082726647      0.16870098106755577      139.0128740168508
28.350000000000005       0.16904136240526405      0.16870088201081282      139.0162731557959
28.36                    0.1690409743134127       0.16870078303794944      139.01966945121737
28.370000000000005       0.16904058655142826      0.16870068414889444      139.02306290545783
28.380000000000003       0.16904019911903284      0.16870058534357646      139.0264535208594
28.39                    0.1690398120159435       0.16870048662192583      139.02984129975994
28.400000000000002       0.16903942524188084      0.16870038798387052      139.033226244498
28.410000000000004       0.16903903879656496      0.1687002894293403       139.03660835740737
28.42                    0.16903865267971638      0.16870019095826574      139.03998764082564
28.43                    0.16903826689105567      0.1687000925705744       139.04336409708387
28.440000000000005       0.16903788143030285      0.16869999426619797      139.04673772851112
28.450000000000003       0.16903749629717882      0.16869989604506397      139.05010853743616
28.460000000000004       0.16903711149140452      0.16869979790710207      139.05347652618542
28.470000000000002       0.16903672701270253      0.16869969985224406      139.056841697084
28.48                    0.16903634286079416      0.16869960188041733      139.06020405245334
28.490000000000002       0.16903595903540017      0.16869950399155273      139.06356359461444
28.5                     0.169035575536244        0.1686994061855803       139.0669203258872
28.51                    0.16903519236304868      0.16869930846243014      139.07027424858836
28.520000000000003       0.1690348095155338       0.1686992108220318       139.07362536503456
28.530000000000005       0.16903442699342483      0.16869911326431547      139.07697367753943
28.540000000000003       0.1690340447964432       0.16869901578921073      139.08031918841178
28.55                    0.16903366292431296      0.16869891839664825      139.08366189996335
28.560000000000002       0.16903328137675858      0.1686988210865578       139.0870018145022
28.57                    0.16903290015350209      0.168698723858871        139.09033893433477
28.580000000000002       0.1690325192542696       0.16869862671351657      139.0936732617635
28.590000000000003       0.1690321386787819       0.1686985296504262       139.09700479909196
28.6                     0.16903175842676885      0.16869843266952925      139.1003335486211
28.61                    0.169031378497949        0.16869833577075688      139.1036595126494
28.620000000000005       0.16903099889205178      0.16869823895403932      139.1069826934745
28.630000000000003       0.16903061960880003      0.16869814221930746      139.11030309339074
28.64                    0.16903024064792055      0.16869804556649168      139.11362071469028
28.650000000000002       0.16902986200913822      0.16869794899552382      139.11693555966596
28.660000000000004       0.16902948369217916      0.16869785250633315      139.12024763060558
28.67                    0.16902910569676952      0.16869775609885113      139.1235569297995
28.68                    0.16902872802263577      0.1686976597730089       139.12686345953205
28.69                    0.16902835066950486      0.16869756352873796      139.13016722208764
28.700000000000003       0.16902797363710167      0.1686974673659681       139.13346821974898
28.710000000000004       0.16902759692515418      0.16869737128463047      139.13676645479626
28.720000000000002       0.16902722053339217      0.16869727528465814      139.14006192950714
28.730000000000004       0.16902684446154026      0.16869717936598022      139.14335464615954
28.740000000000002       0.1690264687093262       0.16869708352852864      139.1466446070284
28.75                    0.16902609327648024      0.16869698777223516      139.14993181438567
28.76                    0.16902571816272843      0.16869689209703098      139.1532162705033
28.770000000000003       0.16902534336780153      0.16869679650284652      139.15649797765153
28.78                    0.1690249688914245       0.1686967009896152       139.1597769380977
28.79                    0.16902459473332918      0.16869660555726723      139.1630531541071
28.800000000000004       0.16902422089324365      0.1686965102057346       139.166326627945
28.810000000000002       0.1690238473708979       0.16869641493494894      139.16959736187349
28.82                    0.1690234741660218       0.168696319744842        139.1728653581517
28.830000000000002       0.16902310127834405      0.16869622463534592      139.17613061903828
28.840000000000003       0.16902272870759502      0.16869612960639163      139.17939314679057
28.85                    0.16902235645350489      0.1686960346579116       139.18265294366526
28.86                    0.16902198451580605      0.16869593978983852      139.18591001191288
28.870000000000005       0.1690216128942265       0.16869584500210344      139.1891643537871
28.880000000000003       0.169021241588499        0.1686957502946383       139.19241597153732
28.890000000000004       0.16902087059835402      0.1686956556673762       139.19566486740965
28.900000000000002       0.16902049992352308      0.16869556112024858      139.19891104365095
28.910000000000004       0.16902012956373738      0.1686954666531877       139.20215450250612
28.92                    0.1690197595187299       0.16869537226612646      139.20539524621603
28.93                    0.16901938978823305      0.16869527795899678      139.20863327702173
28.94                    0.16901902037197739      0.16869518373173092      139.21186859716323
28.950000000000003       0.1690186512696976       0.16869508958426196      139.21510120887743
28.960000000000004       0.16901828248112455      0.16869499551652167      139.21833111440165
28.970000000000002       0.16901791400599275      0.16869490152844316      139.22155831596478
28.980000000000004       0.16901754584403428      0.16869480761995945      139.2247828158006
28.990000000000002       0.16901717799498356      0.16869471379100187      139.2280046161383
29                       0.1690168104585745       0.1686946200415051       139.2312237192055
29.01                    0.16901644323453888      0.16869452637140037      139.23444012722896
29.020000000000003       0.16901607632261517      0.1686944327806212       139.2376538424365
29.03                    0.1690157097225318       0.16869433926910052      139.24086486704817
29.04                    0.16901534343402883      0.16869424583677103      139.24407320328572
29.050000000000004       0.16901497745683866      0.1686941524835661       139.24727885336685
29.060000000000002       0.16901461179069743      0.1686940592094193       139.25048181951024
29.070000000000004       0.1690142464353384       0.16869396601426287      139.25368210392907
29.080000000000002       0.1690138813904991       0.16869387289803028      139.25687970884016
29.090000000000003       0.16901351665591452      0.16869377986065487      139.2600746364555
29.1                     0.16901315223132152      0.1686936869020708       139.26326688898467
29.11                    0.1690127881164544       0.1686935940222098       139.26645646863554
29.12                    0.16901242431105123      0.1686935012210064       139.26964337761558
29.130000000000003       0.16901206081484763      0.16869340849839393      139.27282761812924
29.140000000000004       0.16901169762758264      0.1686933158543059       139.27600919237997
29.150000000000002       0.16901133474898963      0.16869322328867598      139.27918810256952
29.160000000000004       0.16901097217881028      0.1686931308014384       139.2823643508983
29.17                    0.169010609916779        0.16869303839252534      139.28553793956283
29.18                    0.16901024796263378      0.1686929460618721       139.28870887076096
29.19                    0.16900988631611405      0.16869285380941132      139.2918771466865
29.200000000000003       0.1690095249769578       0.16869276163507835      139.29504276953082
29.21                    0.16900916394490312      0.16869266953880577      139.2982057414847
29.220000000000002       0.16900880321968764      0.16869257752052844      139.30136606473798
29.230000000000008       0.16900844280105165      0.1686924855801802       139.30452374147967
29.240000000000002       0.16900808268873352      0.16869239371769462      139.30767877389522
29.25                    0.1690077228824729       0.1686923019330061       139.31083116416633
29.26                    0.16900736338200878      0.16869221022604933      139.313980914476
29.270000000000003       0.16900700418708248      0.16869211859675848      139.317128027006
29.28                    0.16900664529743384      0.16869202704506742      139.32027250393395
29.29                    0.1690062867128014       0.16869193557091125      139.3234143474345
29.300000000000008       0.1690059284329263       0.16869184417422417      139.32655355968612
29.310000000000002       0.1690055704575514       0.16869175285493937      139.32969014286056
29.320000000000004       0.16900521278641312      0.16869166161299445      139.33282409913102
29.330000000000002       0.16900485541925517      0.1686915704483204       139.33595543066548
29.340000000000003       0.16900449835582         0.16869147936085463      139.33908413963286
29.35                    0.16900414159584776      0.16869138835053046      139.34221022820034
29.36                    0.16900378513907907      0.1686912974172831       139.34533369853204
29.37                    0.16900342898525894      0.16869120656104789      139.34845455279006
29.380000000000003       0.16900307313412818      0.16869111578175863      139.351572793136
29.39                    0.16900271758542845      0.1686910250793511       139.35468842173006
29.400000000000002       0.16900236233890248      0.16869093445375954      139.35780144073036
29.410000000000007       0.16900200739429344      0.16869084390491904      139.36091185229287
29.42                    0.16900165275134538      0.16869075343276635      139.36401965857047
29.43                    0.1690012984097998       0.16869066303723473      139.36712486171643
29.44                    0.16900094436940216      0.1686905727182609       139.37022746388183
29.450000000000003       0.16900059062989528      0.16869048247577909      139.37332746721498
29.46                    0.16900023719102358      0.16869039230972427      139.37642487386353
29.470000000000002       0.1689998840525296       0.16869030222003245      139.37951968597372
29.480000000000008       0.1689995312141599       0.1686902122066395       139.3826119056905
29.490000000000002       0.16899917867565864      0.16869012226947944      139.38570153515457
29.500000000000004       0.1689988264367695       0.16869003240848957      139.38878857650582
29.51                    0.1689984744972383       0.16868994262360545      139.39187303188496
29.520000000000003       0.16899812285680954      0.16868985291476143      139.39495490342685
29.53                    0.16899777151523027      0.1686897632818932       139.39803419326952
29.54                    0.16899742047224472      0.1686896737249378       139.40111090354395
29.550000000000004       0.16899706972760137      0.16868958424382963      139.40418503638367
29.560000000000002       0.1689967192810428       0.16868949483850618      139.4072565939183
29.570000000000004       0.168996369132318        0.16868940550890205      139.41032557827674
29.580000000000002       0.1689960192811717       0.1686893162549534       139.4133919915836
29.590000000000003       0.16899566972735194      0.16868922707659703      139.41645583596775
29.6                     0.16899532047060487      0.16868913797376842      139.41951711354977
29.61                    0.16899497151067938      0.1686890489464033       139.42257582645266
29.62                    0.168994622847321        0.16868895999443898      139.42563197679587
29.630000000000003       0.16899427448027926      0.16868887111781083      139.4286855666982
29.64                    0.16899392640929875      0.1686887823164556       139.43173659827517
29.650000000000002       0.1689935786341312       0.1686886935903092       139.43478507364145
29.660000000000007       0.16899323115452347      0.16868860493930832      139.4378309949119
29.67                    0.16899288397022455      0.16868851636338977      139.4408743641959
29.680000000000003       0.16899253708098047      0.16868842786248944      139.44391518360402
29.69                    0.1689921904865444       0.16868833943654382      139.44695345524397
29.700000000000003       0.16899184418666244      0.16868825108549035      139.44998918122522
29.71                    0.16899149818108639      0.16868816280926474      139.4530223636493
29.720000000000002       0.16899115246956378      0.16868807460780502      139.4560530046201
29.730000000000004       0.16899080705184413      0.16868798648104633      139.45908110623753
29.740000000000002       0.1689904619276811       0.16868789842892665      139.4621066706024
29.750000000000004       0.16899011709681896      0.16868781045138243      139.46512969981129
29.76                    0.16898977255901315      0.1686877225483506       139.46815019596204
29.770000000000003       0.16898942831401262      0.16868763471976908      139.47116816114922
29.78                    0.16898908436156754      0.16868754696557303      139.47418359746598
29.79                    0.1689887407014304       0.16868745928570114      139.47719650700395
29.800000000000004       0.1689883973333514       0.16868737168009035      139.48020689185032
29.810000000000002       0.16898805425708055      0.16868728414867734      139.4832147540937
29.82                    0.16898771147237318      0.16868719669139992      139.48622009582016
29.830000000000002       0.16898736897898106      0.168687109308195        139.4892229191132
29.840000000000007       0.16898702677665198      0.16868702199900007      139.49222322605848
29.85                    0.16898668486514218      0.16868693476375196      139.49522101873575
29.86                    0.16898634324420247      0.16868684760238942      139.4982162992238
29.87                    0.16898600191358723      0.16868676051484927      139.50120906960072
29.880000000000003       0.16898566087304792      0.16868667350106856      139.5041993319443
29.89                    0.16898532012233766      0.16868658656098548      139.50718708832505
29.900000000000002       0.16898497966121123      0.1686864996945383       139.51017234081968
29.910000000000007       0.1689846394894205       0.16868641290166386      139.5131550914969
29.92                    0.16898429960672143      0.16868632618229992      139.51613534242733
29.930000000000003       0.16898396001286606      0.16868623953638495      139.51911309567743
29.94                    0.16898362070760906      0.16868615296385647      139.52208835331376
29.950000000000003       0.16898328169070642      0.16868606646465217      139.5250611174027
29.96                    0.16898294296191135      0.16868598003871096      139.52803139000434
29.970000000000002       0.1689826045209796       0.16868589368596962      139.53099917318093
29.980000000000004       0.1689822663676637       0.16868580740636757      139.53396446899157
29.990000000000002       0.16898192850172225      0.16868572119984174      139.53692727949436
30                       0.16898159092290868      0.16868563506633186      139.5398876067453
30                       0.16898159092290868      0.16868563506633186      139.5398876067453
31                       0.16894923688157926      0.1686773787635168       139.82377026473063
32                       0.16891950920365387      0.16866979064934234      140.08488941124642
33                       0.16889217183405855      0.16866281095106528      140.32525012336188
34                       0.168867054437301        0.16865639657042664      140.546292985482
35                       0.16884398414472995      0.16865050371251475      140.74949022671447
36.00000000000001        0.16882279657971677      0.1686450906897606       140.93624813721686
37                       0.16880333887639676      0.16864011870293044      141.10787909972788
38                       0.1687854700115913       0.1686355519343086       141.26559743361216
39                       0.16876906027184138      0.168631357418348        141.4105230477665
40                       0.1687539904766084       0.1686275048490536       141.54368740371478
41                       0.16874015116655403      0.16862396637762628      141.66603992659137
42                       0.16872744182466592      0.16862071641775586      141.77845424653543
43                       0.1687157701497361       0.1686177314636556       141.88173407995993
44                       0.16870505138555866      0.16861498992177132      141.97661870516686
45                       0.16869520770385366      0.1686124719557467       142.0637880362624
46                       0.16868616763737712      0.16861015934379664      142.14386731511567
47                       0.1686778655594121       0.16860803534758875      142.21743144516867
48                       0.16867024120588234      0.1686060845917138       142.28500899208652
49                       0.16866323923667056      0.16860429295291995      142.34708587466375
50                       0.16865680883286513      0.1686026474583118       142.40410876888595
51.00000000000001        0.1686509033270222       0.1686011361918072       142.45648824594608
52.00000000000001        0.1686454798637279       0.16859974820817256      142.50460166439225
53                       0.1686404990879423       0.16859847345404008      142.54879583468914
54                       0.16863592485887752      0.16859730269532397      142.58938947347505
55                       0.1686317239872907       0.1685962274505389       142.6266754636467
56                       0.16862786599427848      0.16859523992953052      142.66092293500793
57                       0.16862432288980705      0.16859433297718032      142.69237917952296
58                       0.1686210689693634       0.16859350002169357      142.72127141385965
59.00000000000001        0.16861808062722836      0.16859273502708344      142.74780840111674
60                       0.1686153361850355       0.1685920324495217       142.77218194289554
61                       0.16861281573433215      0.1685913871972429       142.7945682516802
62                       0.16861050099202135      0.16859079459370319      142.8151292131153
63                       0.16860837516761235      0.16859025034374772      142.83401354684398
64                       0.16860642284132896      0.16858975050252134      142.8513578738541
65                       0.16860462985217267      0.1685892914469154       142.8672876979226
66                       0.1686029831951318       0.1685888698493431       142.88191830776825
67                       0.16860147092679495      0.1685884826536428       142.89535560651194
68                       0.1686000820786684       0.16858812705294815      142.9076968739891
69                       0.16859880657757675      0.16858780046936384      142.91903146750064
70                       0.16859763517257245      0.16858750053528937      142.92944146577716
71.00000000000001        0.1685965593677975       0.16858722507627535      142.93900226084438
72.00000000000001        0.16859557136085274      0.16858697209526632      142.94778310190057
73                       0.16859466398617506      0.16858673975813535      142.95584759507176
74                       0.16859383066305852      0.1685865263803958       142.96325416266998
75                       0.1685930653479058       0.16858633041499235      142.97005646512824
76                       0.16859236249039034      0.16858615044109457      142.9763037886995
77                       0.16859171699318923      0.1685859851537993       142.98204140166467
78                       0.16859112417500158      0.1685858333546725       142.98731088154145
79                       0.16859057973659933      0.1685856939430655       142.99215041575349
80                       0.1685900797296367       0.16858556590813553      142.99659507784656
81                       0.16858962052801116      0.16858544832152217      143.00067708117825
82                       0.16858919880155707      0.1685853403306135       143.00442601203758
83                       0.1685888114919032       0.16858524115237208      143.0078690437075
84                       0.16858845579027426      0.16858515006765334      143.011031133176
85                       0.16858812911713317      0.16858506641599463      143.01393520184243
86                       0.1685878291034601       0.1685849895908268       143.01660230141502
87.00000000000001        0.16858755357357896      0.16858491903507863      143.0190517663559
88                       0.16858730052937462      0.16858485423713457      143.021301353971
89                       0.16858706813579666      0.16858479472712856      143.02336737292725
90                       0.1685868547075599       0.16858474007353777      143.02526480144036
91                       0.16858665869691428      0.16858468988005196      143.02700739576807
92                       0.1685864786824217       0.16858464378270083      143.02860778987187
93                       0.16858631335865273      0.16858460144721515      143.0300775869438
94                       0.1685861615267086       0.16858456256660467      143.03142744352655
95                       0.1685860220855367       0.16858452685893016      143.03266714664898
96                       0.16858589402393873      0.16858449406525866      143.03380568485244
97                       0.1685857764132427       0.16858446394779023      143.03485131324936
98                       0.1685856684005615       0.16858443628812778      143.03581161339653
99                       0.16858556920261542      0.16858441088569948      143.0366935482213
100                      0.16858547810004404      0.16858438755629596      143.0375035125407
100                      0.16858547810004404      0.16858438755629596      143.0375035125407
105                      0.16858511951779936      0.1685842957309193       143.04069157941234
110                      0.1685848792933788       0.1685842342143106       143.04282737815083
115                      0.16858472281193596      0.168584194142505        143.0442186403935
120                      0.16858462260678497      0.16858416848191268      143.04510955925045
125                      0.16858455912750467      0.16858415222608905      143.04567395185626
130                      0.16858451919315465      0.16858414199966523      143.04602900774765
135                      0.16858449418530821      0.1685841355956309       143.04625135250222
140                      0.16858447857210357      0.16858413159738603      143.04639016959726
145                      0.168584468843905        0.16858412910617832      143.04647666310365
150                      0.1685844627906727       0.16858412755606036      143.04653048246308
155                      0.16858445902754446      0.16858412659239436      143.0465639404969
160                      0.1685844566895295       0.16858412599367273      143.0465847278203
165                      0.16858445523752763      0.16858412562184283      143.0465976375873
170                      0.1685844543360236       0.16858412539098389      143.04660565288023
175.00000000000003       0.1685844537764111       0.168584125247678        143.04661062840609
180                      0.1685844534290707       0.16858412515873097      143.04661371660094
185                      0.16858445321350515      0.1685841251035284       143.04661563321028
190                      0.16858445307972583      0.16858412506927023      143.04661682263736
195                      0.16858445299670827      0.1685841250480105       143.0466175607541
200                      0.16858445294519064      0.16858412503481823      143.04661801879155
