time_after_pulse_ms,comparison_channel,reference_normalized,simulation_normalized,residual,region
0,left,0.406305663654,0.224019817953,-0.182285845701,peak
0.01,left,0.439427497558,0.250473264604,-0.188954232954,peak
0.02,left,0.473023795116,0.278883166905,-0.194140628211,peak
0.03,left,0.506800149762,0.309223350723,-0.197576799039,peak
0.04,left,0.540461056101,0.341427118354,-0.199033937747,peak
0.05,left,0.573722939217,0.375378548279,-0.198344390938,peak
0.06,left,0.606324589394,0.410902959532,-0.195421629862,peak
0.07,left,0.638034392536,0.447759340182,-0.190275052354,peak
0.08,left,0.668654342935,0.485640970046,-0.183013372889,peak
0.09,left,0.698021255481,0.524188336633,-0.173832918847,peak
0.1,left,0.726006083078,0.563010783977,-0.162995299102,peak
0.11,left,0.752512215141,0.601708700718,-0.150803514424,peak
0.12,left,0.77747318712,0.639889969913,-0.137583217207,peak
0.13,left,0.800849996963,0.677180875526,-0.123669121437,peak
0.14,left,0.822628111203,0.713235660664,-0.10939245054,peak
0.15,left,0.842814061817,0.747745613562,-0.0950684482547,peak
0.16,left,0.861431645255,0.780445554523,-0.0809860907316,peak
0.17,left,0.8785182093,0.811117079135,-0.0674011301653,peak
0.18,left,0.894121656574,0.839589206833,-0.0545324497403,peak
0.19,left,0.908298318764,0.865737087908,-0.0425612308557,peak
0.2,left,0.921111506729,0.889479334323,-0.0316321724068,peak
0.21,left,0.932630523906,0.910774436088,-0.0218560878181,peak
0.22,left,0.942929725335,0.929616626308,-0.0133130990274,peak
0.23,left,0.952087127593,0.946031474282,-0.00605565331098,peak
0.24,left,0.960182535036,0.96007141883,-0.00011111620595,peak
0.25,left,0.967295519229,0.971811398572,0.00451587934326,peak
0.26,left,0.973503524466,0.981344691568,0.0078411671021,peak
0.27,left,0.978880356767,0.988779041981,0.00989868521407,peak
0.28,left,0.983495349358,0.994233120783,0.0107377714249,peak
0.29,left,0.987413170156,0.997833341663,0.0104201715075,peak
0.3,left,0.990693876106,0.999711038279,0.00901716217319,peak
0.31,left,0.993393023479,1,0.00660697652093,peak
0.32,left,0.995561981636,0.998834353087,0.00327237145138,peak
0.33,left,0.997248353481,0.996346767744,-0.000901585737221,peak
0.34,left,0.998496200762,0.99266697064,-0.00582923012123,peak
0.35,left,0.999346179879,0.987920539277,-0.0114256406017,peak
0.36,left,0.999835839748,0.982227948657,-0.0176078910908,peak
0.37,left,1,0.975703840413,-0.0242961595874,peak
0.38,left,0.999871127122,0.968456488101,-0.0314146390208,peak
0.39,left,0.999479764138,0.960587433145,-0.0388923309926,peak
0.4,left,0.998854842843,0.952191268382,-0.0466635744605,peak
0.41,left,0.998023650416,0.943355550865,-0.0546680995518,peak
0.42,left,0.997011621162,0.934160824772,-0.0628507963896,peak
0.43,left,0.995842238691,0.924680733124,-0.0711615055678,peak
0.44,left,0.994536952905,0.914982201341,-0.0795547515638,peak
0.45,left,0.993114958149,0.905125681244,-0.0879892769053,peak
0.46,left,0.991593008096,0.895165443494,-0.0964275646017,peak
0.47,left,0.989985344375,0.885149903393,-0.104835440982,peak
0.48,left,0.988303563916,0.875121965487,-0.113181598428,peak
0.49,left,0.986556518853,0.865119377811,-0.121437141042,peak
0.5,left,0.984750525344,0.855175091602,-0.129575433742,peak
0.51,left,0.982889847267,0.845317621364,-0.137572225903,peak
0.52,left,0.980977317489,0.835571398861,-0.145405918628,peak
0.53,left,0.979015137534,0.825957118983,-0.153058018552,peak
0.54,left,0.977005730183,0.816492077468,-0.160513652715,peak
0.55,left,0.974952309488,0.807190496969,-0.167761812519,peak
0.56,left,0.972859138788,0.798063837342,-0.174795301446,peak
0.57,left,0.970731684597,0.789121089207,-0.18161059539,peak
0.58,left,0.968576609301,0.780369050113,-0.188207559188,peak
0.59,left,0.966401431474,0.771812580099,-0.194588851374,peak
0.6,left,0.964213978388,0.763454834366,-0.200759144022,peak
0.61,left,0.962021833854,0.755297475217,-0.206724358637,peak
0.62,left,0.959831782343,0.747340867093,-0.212490915251,peak
0.63,left,0.957649388034,0.739584257372,-0.218065130662,peak
0.64,left,0.955479016372,0.732025943041,-0.223453073331,peak
0.65,left,0.953324212201,0.724663420881,-0.228660791321,peak
0.66,left,0.951188067856,0.717493519929,-0.233694547927,peak
0.67,left,0.94907346897,0.710512517627,-0.238560951344,peak
0.68,left,0.94698319774,0.70371624232,-0.24326695542,peak
0.69,left,0.944919724832,0.697100165113,-0.247819559718,peak
0.7,left,0.94288472107,0.690659482861,-0.252225238209,peak
0.71,left,0.940878640494,0.684389192501,-0.256489447993,peak
0.72,left,0.938900552052,0.678284156706,-0.260616395346,peak
0.73,left,0.93694808266,0.672339160561,-0.264608922098,peak
0.74,left,0.935017511872,0.666548958928,-0.268468552944,peak
0.75,left,0.933104219233,0.660908315453,-0.272195903779,peak
0.76,left,0.931203331362,0.655412035451,-0.275791295911,peak
0.77,left,0.92931029343,0.650054994202,-0.279255299228,peak
0.78,left,0.92742134887,0.644832160392,-0.282589188478,peak
0.79,left,0.925533807342,0.639738614111,-0.28579519323,peak
0.8,left,0.923645863289,0.634769559808,-0.288876303481,peak
0.81,left,0.9217560857,0.629920335473,-0.291835750227,peak
0.82,left,0.919862902193,0.625186420285,-0.294676481908,peak
0.83,left,0.917964236446,0.620563442063,-0.297400794383,peak
0.84,left,0.916057463263,0.616047183504,-0.300010279759,peak
0.85,left,0.914139868437,0.61163358631,-0.302506282126,peak
0.86,left,0.912209419407,0.607318753741,-0.304890665667,peak
0.87,left,0.910265379669,0.603098952364,-0.307166427305,peak
0.88,left,0.908308610369,0.598970613934,-0.309337996435,peak
0.89,left,0.906341678162,0.594930338038,-0.311411340124,peak
0.9,left,0.904368665449,0.590974893629,-0.31339377182,peak
0.91,left,0.902394533047,0.587101215961,-0.315293317085,peak
0.92,left,0.900424322732,0.583306399298,-0.317117923434,peak
0.93,left,0.89846255735,0.579587689018,-0.318874868332,peak
0.94,left,0.896512821933,0.575942475012,-0.320570346921,peak
0.95,left,0.894577512269,0.572368285815,-0.322209226454,peak
0.96,left,0.892657871821,0.568862781917,-0.323795089904,peak
0.97,left,0.890754199947,0.565423747334,-0.325330452613,peak
0.98,left,0.888866035478,0.562049080345,-0.326816955133,peak
0.99,left,0.886992391522,0.558736785077,-0.328255606445,peak
1,left,0.885132121511,0.555484964872,-0.329647156639,peak
1.01,left,0.883284223402,0.552291817433,-0.330992405969,peak
1.02,left,0.881447970259,0.549155631236,-0.332292339024,peak
1.03,left,0.879623080009,0.546074782338,-0.33354829767,peak
1.04,left,0.877810006367,0.543047729719,-0.334762276648,peak
1.05,left,0.876010109744,0.540073008497,-0.335937101248,peak
1.06,left,0.87422562299,0.537149223747,-0.337076399243,peak
1.07,left,0.872459490009,0.53427504649,-0.338184443519,peak
1.08,left,0.870715001065,0.531449208999,-0.339265792066,peak
1.09,left,0.868995282662,0.528670498335,-0.340324784326,peak
1.1,left,0.867302957817,0.525937751225,-0.341365206592,peak
1.11,left,0.865640052625,0.523249850948,-0.342390201677,peak
1.12,left,0.86400791867,0.52060572404,-0.34340219463,peak
1.13,left,0.862407128627,0.518004337035,-0.344402791592,peak
1.14,left,0.860837509821,0.515444694846,-0.345392814975,peak
1.15,left,0.859298278149,0.512925840216,-0.346372437933,peak
1.16,left,0.85778811937,0.510446852886,-0.347341266484,peak
1.17,left,0.856305309978,0.508006848582,-0.348298461396,peak
1.18,left,0.85484799403,0.505604978205,-0.349243015825,peak
1.19,left,0.853414453904,0.503240426287,-0.350174027617,peak
1.2,left,0.852003294936,0.500912407375,-0.351090887561,peak
1.21,left,0.850613646665,0.498620160752,-0.351993485914,peak
1.22,left,0.84924518535,0.496362945479,-0.352882239871,peak
1.23,left,0.847897703219,0.494140036746,-0.353757666474,peak
1.24,left,0.846570463579,0.491950723305,-0.354619740274,peak
1.25,left,0.84526177923,0.489794306068,-0.355467473162,peak
1.26,left,0.843968939587,0.4876700977,-0.356298841887,peak
1.27,left,0.842688491386,0.48557742269,-0.357111068696,peak
1.28,left,0.84141686955,0.483515617643,-0.357901251907,peak
1.29,left,0.840151072809,0.481484031195,-0.358667041614,peak
1.3,left,0.838888980353,0.479482023477,-0.359406956875,peak
1.31,left,0.837629356019,0.477508967113,-0.360120388906,peak
1.32,left,0.836371827523,0.475564250662,-0.360807576861,peak
1.33,left,0.835116814337,0.473647281967,-0.36146953237,peak
1.34,left,0.833865335779,0.471757489017,-0.362107846761,peak
1.35,left,0.83261890114,0.469894318773,-0.362724582367,peak
1.36,left,0.83137947396,0.468057235598,-0.363322238362,peak
1.37,left,0.83014927242,0.466245720008,-0.363903552411,peak
1.38,left,0.828930507692,0.464459267265,-0.364471240427,decay
1.39,left,0.827725321695,0.462697385687,-0.365027936008,decay
1.4,left,0.826535878912,0.46095959592,-0.365576282992,decay
1.41,left,0.825364499016,0.459245432203,-0.366119066813,decay
1.42,left,0.824213878688,0.457554444623,-0.366659434065,decay
1.43,left,0.823087294392,0.455886201014,-0.367201093379,decay
1.44,left,0.821988504681,0.454240287962,-0.367748216719,decay
1.45,left,0.820921358635,0.452616310463,-0.368305048172,decay
1.46,left,0.819889348928,0.451013891197,-0.368875457731,decay
1.47,left,0.818895107437,0.449432670928,-0.369462436509,decay
1.48,left,0.817939805273,0.447872309189,-0.370067496084,decay
1.49,left,0.817022766085,0.446332483946,-0.370690282139,decay
1.5,left,0.816141470508,0.444812890778,-0.37132857973,decay
1.51,left,0.815291706265,0.443313242388,-0.371978463877,decay
1.52,left,0.814467749894,0.44183326755,-0.372634482344,decay
1.53,left,0.813662689294,0.4403727078,-0.373289981494,decay
1.54,left,0.812868800082,0.438931312428,-0.373937487654,decay
1.55,left,0.812077863384,0.437508834882,-0.374569028502,decay
1.56,left,0.811281595917,0.436105032607,-0.37517656331,decay
1.57,left,0.810472321202,0.434719668944,-0.375752652258,decay
1.58,left,0.809643675025,0.433352514767,-0.376291160259,decay
1.59,left,0.808791150572,0.432003348594,-0.376787801977,decay
1.6,left,0.807912519772,0.430671955339,-0.377240564433,decay
1.61,left,0.807008012658,0.429358124521,-0.377649888137,decay
1.62,left,0.806080003795,0.428061648053,-0.378018355742,decay
1.63,left,0.805132343976,0.426782318309,-0.378350025667,decay
1.64,left,0.804169647965,0.42551992748,-0.378649720484,decay
1.65,left,0.803196572931,0.424274266843,-0.378922306088,decay
1.66,left,0.802217174467,0.423045124708,-0.379172049759,decay
1.67,left,0.801234603902,0.421832285063,-0.379402318839,decay
1.68,left,0.800251114825,0.420635529312,-0.379615585513,decay
1.69,left,0.79926810016,0.419454639863,-0.379813460297,decay
1.7,left,0.798286174358,0.418289402566,-0.379996771792,decay
1.71,left,0.797305503644,0.417139607753,-0.380165895891,decay
1.72,left,0.796326234274,0.416005051439,-0.380321182836,decay
1.73,left,0.795348703593,0.414885536338,-0.380463167255,decay
1.74,left,0.794373460664,0.413780871246,-0.380592589417,decay
1.75,left,0.793401242999,0.412690869023,-0.380710373976,decay
1.76,left,0.792432829834,0.411615344745,-0.380817485089,decay
1.77,left,0.791468757807,0.410554114586,-0.380914643221,decay
1.78,left,0.790509096236,0.409506994614,-0.381002101622,decay
1.79,left,0.789553336777,0.408473798678,-0.3810795381,decay
1.8,left,0.788600351907,0.407454335303,-0.381146016604,decay
1.81,left,0.787648526975,0.406448404462,-0.381200122513,decay
1.82,left,0.786696079933,0.405455795796,-0.381240284138,decay
1.83,left,0.785741389803,0.404476289973,-0.38126509983,decay
1.84,left,0.784783243021,0.403509662767,-0.381273580253,decay
1.85,left,0.783821022391,0.402555689526,-0.381265332864,decay
1.86,left,0.782854786322,0.401614149432,-0.38124063689,decay
1.87,left,0.781885149141,0.40068482944,-0.381200319701,decay
1.88,left,0.780913112577,0.399767525561,-0.381145587016,decay
1.89,left,0.779940109103,0.398862040374,-0.381078068728,decay
1.9,left,0.778968178452,0.397968179012,-0.380999999439,decay
1.91,left,0.778000057401,0.397085746365,-0.380914311036,decay
1.92,left,0.777039204203,0.396214546513,-0.38082465769,decay
1.93,left,0.776089757387,0.395354383245,-0.380735374142,decay
1.94,left,0.775156298584,0.394505060687,-0.380651237897,decay
1.95,left,0.774243490805,0.393666384557,-0.380577106248,decay
1.96,left,0.773355731443,0.392838164362,-0.38051756708,decay
1.97,left,0.772496743317,0.392020215556,-0.380476527761,decay
1.98,left,0.771669119438,0.391212359853,-0.380456759585,decay
1.99,left,0.770874088551,0.390414423545,-0.380459665005,decay
2,left,0.770111593549,0.38962623593,-0.380485357619,decay
2.01,left,0.769380481919,0.388847628426,-0.380532853493,decay
2.02,left,0.768678732128,0.388078433568,-0.38060029856,decay
2.03,left,0.768003822248,0.387318484978,-0.38068533727,decay
2.04,left,0.767353121384,0.386567618811,-0.380785502573,decay
2.05,left,0.766724088247,0.385825675226,-0.380898413021,decay
2.06,left,0.766114377311,0.385092500042,-0.381021877269,decay
2.07,left,0.765521927924,0.384367947689,-0.381153980235,decay
2.08,left,0.764944816109,0.383651884663,-0.381292931446,decay
2.09,left,0.764380834905,0.382944191677,-0.381436643227,decay
2.1,left,0.763827025531,0.382244763542,-0.381582261989,decay
2.11,left,0.76327919327,0.381553507914,-0.381725685356,decay
2.12,left,0.762731407253,0.380870344325,-0.381861062927,decay
2.13,left,0.762175790232,0.380195202607,-0.381980587625,decay
2.14,left,0.761602857001,0.379528020242,-0.382074836758,decay
2.15,left,0.761002256642,0.378868739692,-0.382133516949,decay
2.16,left,0.760363721947,0.378217305813,-0.382146416134,decay
2.17,left,0.759678217353,0.377573663247,-0.382104554106,decay
2.18,left,0.75893904856,0.376937754773,-0.382001293787,decay
2.19,left,0.758142482454,0.376309521767,-0.381832960687,decay
2.2,left,0.757287845039,0.375688905659,-0.38159893938,decay
2.21,left,0.756377351385,0.37507584718,-0.381301504205,decay
2.22,left,0.755415697313,0.374470282731,-0.380945414582,decay
2.23,left,0.754409484796,0.373872140488,-0.380537344309,decay
2.24,left,0.753366751776,0.373281338724,-0.380085413052,decay
2.25,left,0.752296632364,0.372697786938,-0.379598845426,decay
2.26,left,0.751208932366,0.372121388021,-0.379087544345,decay
2.27,left,0.750113608117,0.371552039547,-0.37856156857,decay
2.28,left,0.749020299027,0.370989634267,-0.37803066476,decay
2.29,left,0.747937927167,0.370434060226,-0.377503866941,decay
2.3,left,0.746874410925,0.369885201471,-0.376989209454,decay
2.31,left,0.745836711169,0.369342941738,-0.376493769431,decay
2.32,left,0.744831115062,0.368807170715,-0.376023944347,decay
2.33,left,0.743863227672,0.368277788422,-0.37558543925,decay
2.34,left,0.74293750299,0.367754705127,-0.375182797863,decay
2.35,left,0.742056732627,0.367237838686,-0.374818893941,decay
2.36,left,0.741221737647,0.366727111818,-0.374494625829,decay
2.37,left,0.740431231567,0.366222450099,-0.374208781468,decay
2.38,left,0.739682019025,0.365723780829,-0.373958238196,decay
2.39,left,0.738969632936,0.365231033182,-0.373738599754,decay
2.4,left,0.738289151945,0.364744139875,-0.37354501207,decay
2.41,left,0.737635948731,0.364263039736,-0.373372908995,decay
2.42,left,0.73700629448,0.363787679905,-0.373218614575,decay
2.43,left,0.736397678088,0.363318016501,-0.373079661587,decay
2.44,left,0.73580871434,0.362854014247,-0.372954700093,decay
2.45,left,0.735238851004,0.362395646725,-0.372843204279,decay
2.46,left,0.734688186475,0.361942897146,-0.372745289329,decay
2.47,left,0.734157348485,0.361495757647,-0.372661590838,decay
2.48,left,0.733647288572,0.361054226472,-0.3725930621,decay
2.49,left,0.733159088338,0.36061830407,-0.372540784268,decay
2.5,left,0.732693771296,0.360187989043,-0.372505782253,decay
2.51,left,0.732251944516,0.359763274104,-0.372488670412,decay
2.52,left,0.731833345911,0.359344141905,-0.372489204006,decay
2.53,left,0.731436550495,0.358930560682,-0.372505989813,decay
2.54,left,0.731058906943,0.358522480912,-0.372536426031,decay
2.55,left,0.730696706819,0.358119834733,-0.372576872086,decay
2.56,left,0.730345665916,0.357722538582,-0.372623127334,decay
2.57,left,0.730001568121,0.357330497465,-0.372671070657,decay
2.58,left,0.72966068816,0.356943608389,-0.372717079771,decay
2.59,left,0.729319907197,0.356561761931,-0.372758145266,decay
2.6,left,0.728976711441,0.356184843022,-0.372791868419,decay
2.61,left,0.728629021735,0.355812732392,-0.372816289343,decay
2.62,left,0.728274746788,0.35544530939,-0.372829437398,decay
2.63,left,0.727911357871,0.355082455743,-0.372828902128,decay
2.64,left,0.727535806429,0.354724059084,-0.372811747345,decay
2.65,left,0.727144713745,0.354370015824,-0.372774697921,decay
2.66,left,0.726734710635,0.354020233351,-0.372714477284,decay
2.67,left,0.726302880669,0.353674631047,-0.372628249621,decay
2.68,left,0.725847069,0.353333139453,-0.372513929547,decay
2.69,left,0.72536585468,0.352995697386,-0.372370157293,decay
2.7,left,0.724858367876,0.352662247889,-0.372196119987,decay
2.71,left,0.724324198356,0.352332734774,-0.371991463582,decay
2.72,left,0.723763323587,0.352007100916,-0.37175622267,decay
2.73,left,0.723175956106,0.351685287385,-0.371490668721,decay
2.74,left,0.722562459785,0.351367232437,-0.371195227347,decay
2.75,left,0.721923412692,0.351052871421,-0.370870541271,decay
2.76,left,0.721259712098,0.350742137981,-0.370517574118,decay
2.77,left,0.720572796297,0.350434964856,-0.370137831441,decay
2.78,left,0.71986505957,0.350131283797,-0.369733775773,decay
2.79,left,0.719140138951,0.349831026962,-0.369309111989,decay
2.8,left,0.718402786855,0.349534131452,-0.368868655403,decay
2.81,left,0.717658487696,0.349240544574,-0.368417943122,decay
2.82,left,0.716913056982,0.348950225897,-0.367962831085,decay
2.83,left,0.716172320519,0.348663144704,-0.367509175815,decay
2.84,left,0.715441987192,0.348379274487,-0.367062712705,decay
2.85,left,0.714727729371,0.348098587319,-0.366629142052,decay
2.86,left,0.714035181151,0.347821049894,-0.366214131257,decay
2.87,left,0.713369586634,0.347546621521,-0.365822965113,decay
2.88,left,0.712735261086,0.347275253674,-0.365460007412,decay
2.89,left,0.71213514769,0.347006891258,-0.365128256432,decay
2.9,left,0.711570520307,0.346741476989,-0.364829043318,decay
2.91,left,0.711040955675,0.346478958398,-0.364561997277,decay
2.92,left,0.710544764328,0.346219294066,-0.364325470262,decay
2.93,left,0.710079670731,0.345962456162,-0.364117214569,decay
2.94,left,0.70964337921,0.345708428063,-0.363934951147,decay
2.95,left,0.709233991282,0.345457198746,-0.363776792536,decay
2.96,left,0.708850287414,0.345208757966,-0.363641529448,decay
2.97,left,0.70849173474,0.344963093678,-0.363528641061,decay
2.98,left,0.708158308976,0.344720190459,-0.363438118518,decay
2.99,left,0.707850388245,0.344480028561,-0.363370359683,decay
3,left,0.707568664438,0.344242584447,-0.363326079991,decay
3.01,left,0.707313863003,0.344007833166,-0.363306029836,decay
3.02,left,0.707086403908,0.343775751469,-0.363310652439,decay
3.03,left,0.706886217849,0.3435463194,-0.363339898449,decay
3.04,left,0.706712533236,0.343319518968,-0.363393014268,decay
3.05,left,0.706563454985,0.343095330583,-0.363468124402,decay
3.06,left,0.706435568759,0.342873730108,-0.363561838651,decay
3.07,left,0.706323778331,0.342654689039,-0.363669089292,decay
3.08,left,0.706221371494,0.342438177237,-0.363783194257,decay
3.09,left,0.706120419316,0.342224165942,-0.363896253374,decay
3.1,left,0.70601257218,0.342012629498,-0.363999942682,decay
3.11,left,0.705890012732,0.341803545056,-0.364086467676,decay
3.12,left,0.705746348707,0.341596890963,-0.364149457744,decay
3.13,left,0.705577464667,0.341392645541,-0.364184819126,decay
3.14,left,0.705382207156,0.34119078614,-0.364191421016,decay
3.15,left,0.705162517303,0.340991287134,-0.364171230169,decay
3.16,left,0.70492289025,0.340794117679,-0.364128772571,decay
3.17,left,0.70466947728,0.340599240924,-0.364070236356,decay
3.18,left,0.704409087339,0.340406615295,-0.364002472045,decay
3.19,left,0.704148193691,0.34021619775,-0.36393199594,decay
3.2,left,0.703892185703,0.340027946896,-0.363864238807,decay
3.21,left,0.703644946004,0.339841822856,-0.363803123148,decay
3.22,left,0.703408490452,0.339657784075,-0.363750706377,decay
3.23,left,0.703182626145,0.339475784585,-0.36370684156,decay
3.24,left,0.702964879206,0.339295774463,-0.363669104744,decay
3.25,left,0.702750708604,0.339117701985,-0.363633006619,decay
3.26,left,0.702533893132,0.338941514222,-0.36359237891,decay
3.27,left,0.702307198247,0.338767157137,-0.363540041109,decay
3.28,left,0.702063331793,0.338594578281,-0.363468753512,decay
3.29,left,0.70179586046,0.338423730253,-0.363372130207,decay
3.3,left,0.701499848484,0.338254571418,-0.363245277067,decay
3.31,left,0.701172280204,0.338087064743,-0.363085215461,decay
3.32,left,0.700812206928,0.3379211777,-0.362891029228,decay
3.33,left,0.700420410674,0.337756883773,-0.362663526902,decay
3.34,left,0.699998778529,0.337594163925,-0.362404614604,decay
3.35,left,0.699549834146,0.337433006632,-0.362116827515,decay
3.36,left,0.699076506185,0.337273406146,-0.361803100039,decay
3.37,left,0.698582047581,0.337115359403,-0.361466688178,decay
3.38,left,0.698070194247,0.336958863261,-0.361111330986,decay
3.39,left,0.697545450852,0.336803913604,-0.360741537248,decay
3.4,left,0.697013097556,0.336650505609,-0.360362591947,decay
3.41,left,0.696478776276,0.336498634045,-0.359980142231,decay
3.42,left,0.695947862186,0.336348294202,-0.359599567983,decay
3.43,left,0.695424752497,0.336199484312,-0.359225268186,decay
3.44,left,0.694912256001,0.336052208377,-0.358860047624,decay
3.45,left,0.69441153205,0.335906477414,-0.358505054636,decay
3.46,left,0.693922685448,0.335762308631,-0.358160376817,decay
3.47,left,0.693445470576,0.33561972293,-0.357825747646,decay
3.48,left,0.692979691415,0.335478741131,-0.357500950285,decay
3.49,left,0.692525412188,0.335339380981,-0.357186031207,decay
3.5,left,0.692083046371,0.335201656962,-0.356881389409,decay
3.51,left,0.691653214177,0.335065581862,-0.356587632314,decay
3.52,left,0.691236468668,0.33493116823,-0.356305300439,decay
3.53,left,0.690833014752,0.334798428639,-0.356034586113,decay
3.54,left,0.690442352043,0.334667374157,-0.355774977886,decay
3.55,left,0.690062955973,0.334538011732,-0.355524944242,decay
3.56,left,0.689692316951,0.334410342359,-0.355281974592,decay
3.57,left,0.689327359078,0.33428436054,-0.355042998539,decay
3.58,left,0.688964956027,0.334160054112,-0.354804901915,decay
3.59,left,0.688602412463,0.334037404824,-0.354565007639,decay
3.6,left,0.688237875573,0.333916390931,-0.354321484642,decay
3.61,left,0.687870423418,0.333796990859,-0.354073432559,decay
3.62,left,0.687499753002,0.333679185475,-0.353820567528,decay
3.63,left,0.687125823214,0.333562958622,-0.353562864592,decay
3.64,left,0.686748637322,0.333448297259,-0.353300340063,decay
3.65,left,0.686368079658,0.333335191324,-0.353032888335,decay
3.66,left,0.685983882901,0.333223632368,-0.352760250533,decay
3.67,left,0.685595745969,0.333113611058,-0.352482134911,decay
3.68,left,0.685203344043,0.333005115172,-0.352198228871,decay
3.69,left,0.68480614609,0.33289812923,-0.35190801686,decay
3.7,left,0.684403341388,0.332792635115,-0.351610706272,decay
3.71,left,0.683994064235,0.332688612456,-0.351305451779,decay
3.72,left,0.683577709896,0.332586037793,-0.350991672103,decay
3.73,left,0.683154168511,0.332484883019,-0.350669285492,decay
3.74,left,0.682724024711,0.332385114208,-0.350338910503,decay
3.75,left,0.682288603212,0.332286690796,-0.350001912416,decay
3.76,left,0.681849685392,0.332189565275,-0.349660120117,decay
3.77,left,0.681409053023,0.332093684349,-0.349315368675,decay
3.78,left,0.68096801529,0.331998991207,-0.348969024083,decay
3.79,left,0.680526896632,0.331905427405,-0.348621469228,decay
3.8,left,0.680084731526,0.331812933693,-0.348271797833,decay
3.81,left,0.679639527035,0.331721450094,-0.347918076942,decay
3.82,left,0.67918896302,0.33163091558,-0.34755804744,decay
3.83,left,0.678731105378,0.33154126851,-0.347189836867,decay
3.84,left,0.678264963008,0.331452448207,-0.346812514802,decay
3.85,left,0.67779085073,0.331364396585,-0.346426454145,decay
3.86,left,0.677310371089,0.331277059876,-0.346033311213,decay
3.87,left,0.676825959176,0.331190391238,-0.345635567938,decay
3.88,left,0.676340272419,0.331104353803,-0.345235918616,decay
3.89,left,0.675855646299,0.331018923493,-0.344836722806,decay
3.9,left,0.675373603875,0.330934091063,-0.344439512811,decay
3.91,left,0.674894554119,0.330849862245,-0.344044691874,decay
3.92,left,0.67441786989,0.330766255553,-0.343651614337,decay
3.93,left,0.673942177169,0.330683298558,-0.343258878611,decay
3.94,left,0.67346562298,0.330601023841,-0.342864599139,decay
3.95,left,0.672986123971,0.330519466,-0.342466657971,decay
3.96,left,0.672501555853,0.330438660848,-0.342062895005,decay
3.97,left,0.672009834744,0.330358646664,-0.34165118808,decay
3.98,left,0.671509053075,0.330279466054,-0.341229587021,decay
3.99,left,0.670997781017,0.33020116654,-0.340796614478,decay
4,left,0.670475301612,0.330123799338,-0.340351502275,decay
4.01,left,0.669941517487,0.330047416745,-0.339894100743,decay
4.02,left,0.669396668272,0.329972068388,-0.339424599884,decay
4.03,left,0.668841108799,0.329897797002,-0.338943311797,decay
4.04,left,0.668275141675,0.32982463451,-0.338450507165,decay
4.05,left,0.667699003905,0.329752599128,-0.337946404777,decay
4.06,left,0.667113252958,0.329681694753,-0.337431558205,decay
4.07,left,0.666519368263,0.329611912426,-0.336907455838,decay
4.08,left,0.665920150167,0.329543231247,-0.33637691892,decay
4.09,left,0.665319866742,0.329475618302,-0.335844248439,decay
4.1,left,0.664724229063,0.329409029724,-0.335315199339,decay
4.11,left,0.66414011445,0.329343412655,-0.334796701795,decay
4.12,left,0.663575113801,0.329278707178,-0.334296406623,decay
4.13,left,0.663037140021,0.329214849032,-0.333822290989,decay
4.14,left,0.662534068793,0.32915177216,-0.333382296633,decay
4.15,left,0.662073219911,0.329089409949,-0.332983809962,decay
4.16,left,0.661660797599,0.329027697604,-0.332633099995,decay
4.17,left,0.661301527923,0.328966576917,-0.332334951006,decay
4.18,left,0.660998374803,0.328905999986,-0.332092374818,decay
4.19,left,0.66075217688,0.328845929329,-0.331906247551,decay
4.2,left,0.660561406346,0.328786335941,-0.331775070406,decay
4.21,left,0.660422227341,0.328727197045,-0.331695030296,decay
4.22,left,0.660328831653,0.328668493708,-0.331660337945,decay
4.23,left,0.660274122398,0.32861020876,-0.331663913639,decay
4.24,left,0.660250678965,0.32855232515,-0.331698353815,decay
4.25,left,0.660251584215,0.328494824019,-0.331756760196,decay
4.26,left,0.660270871383,0.328437682606,-0.331833188777,decay
4.27,left,0.660303777927,0.328380873033,-0.331922904894,decay
4.28,left,0.660346937691,0.328324362268,-0.332022575424,decay
4.29,left,0.660398357578,0.328268113128,-0.33213024445,decay
4.3,left,0.660457129484,0.328212086394,-0.33224504309,decay
4.31,left,0.660523028496,0.328156243809,-0.332366784686,decay
4.32,left,0.660595962052,0.328100551742,-0.33249541031,decay
4.33,left,0.66067520575,0.328044984684,-0.332630221066,decay
4.34,left,0.66075876209,0.3279895266,-0.332769235489,decay
4.35,left,0.660843174388,0.327934169914,-0.332909004474,decay
4.36,left,0.660923691198,0.327878914397,-0.333044776801,decay
4.37,left,0.660994623638,0.327823767797,-0.333170855842,decay
4.38,left,0.661049835247,0.327768748191,-0.333281087056,decay
4.39,left,0.661083115988,0.327713886333,-0.333369229655,decay
4.4,left,0.661088260613,0.327659226496,-0.333429034117,decay
4.41,left,0.661059105795,0.327604825635,-0.33345428016,decay
4.42,left,0.660989823726,0.327550750853,-0.333439072873,decay
4.43,left,0.660875372986,0.327497076084,-0.333378296901,decay
4.44,left,0.660711945611,0.327443879034,-0.333268066577,decay
4.45,left,0.660497436173,0.327391237093,-0.333106199079,decay
4.46,left,0.660231753998,0.327339221156,-0.332892532842,decay
4.47,left,0.659916676769,0.327287889769,-0.332628786999,decay
4.48,left,0.659555389515,0.327237286183,-0.332318103332,decay
4.49,left,0.659152084492,0.327187437755,-0.331964646738,decay
4.5,left,0.658711688152,0.327138356203,-0.331573331949,decay
4.51,left,0.6582396892,0.327090038458,-0.331149650742,decay
4.52,left,0.657742207252,0.327042468734,-0.330699738518,decay
4.53,left,0.657226237378,0.326995621472,-0.330230615907,decay
4.54,left,0.656699701299,0.326949463927,-0.329750237372,decay
4.55,left,0.656171128685,0.326903958264,-0.329267170421,decay
4.56,left,0.655649096121,0.326859064098,-0.328790032023,decay
4.57,left,0.655141459617,0.326814741399,-0.328326718217,decay
4.58,left,0.654654416084,0.326770952213,-0.32788346387,decay
4.59,left,0.654191772049,0.326727660198,-0.327464111851,decay
4.6,left,0.65375470198,0.326684829289,-0.327069872691,decay
4.61,left,0.653341763283,0.326642423729,-0.326699339554,decay
4.62,left,0.652949012822,0.326600409497,-0.326348603326,decay
4.63,left,0.652570469991,0.326558755475,-0.326011714516,decay
4.64,left,0.652198955147,0.326517433664,-0.325681521483,decay
4.65,left,0.651826984558,0.326476418568,-0.32535056599,decay
4.66,left,0.651447518333,0.326435686004,-0.325011832329,decay
4.67,left,0.651054428714,0.326395212132,-0.324659216582,decay
4.68,left,0.650642513606,0.326354973106,-0.3242875405,decay
4.69,left,0.650207153558,0.326314945236,-0.323892208322,decay
4.7,left,0.649744000255,0.326275105402,-0.323468894853,decay
4.71,left,0.649248964847,0.326235430601,-0.323013534246,decay
4.72,left,0.648718509959,0.326195895828,-0.322522614131,decay
4.73,left,0.64815018666,0.326156471436,-0.321993715224,decay
4.74,left,0.647543282331,0.326117122118,-0.321426160213,decay
4.75,left,0.646899218738,0.326077808555,-0.320821410183,decay
4.76,left,0.646221458005,0.326038490531,-0.320182967474,decay
4.77,left,0.645515139979,0.325999130236,-0.319516009743,decay
4.78,left,0.644786736939,0.325959695585,-0.318827041353,decay
4.79,left,0.644043806791,0.325920163134,-0.318123643658,decay
4.8,left,0.643294988322,0.325880520159,-0.317414468163,decay
4.81,left,0.642550245446,0.325840766067,-0.316709479379,decay
4.82,left,0.641820949404,0.325800912939,-0.316020036465,decay
4.83,left,0.641119467281,0.325760984968,-0.315358482313,decay
4.84,left,0.640458396494,0.32572101667,-0.314737379824,decay
4.85,left,0.639849673068,0.32568105041,-0.314168622658,decay
4.86,left,0.639303568607,0.325641134127,-0.31366243448,decay
4.87,left,0.638827706368,0.325601319386,-0.313226386981,decay
4.88,left,0.638426446954,0.325561659878,-0.312864787075,decay
4.89,left,0.638100725768,0.325522210787,-0.312578514982,decay
4.9,left,0.637848136545,0.325483027862,-0.312365108683,decay
4.91,left,0.637663238716,0.325444164882,-0.312219073833,decay
4.92,left,0.637538096983,0.325405671088,-0.312132425895,decay
4.93,left,0.637462852241,0.325367590574,-0.312095261667,decay
4.94,left,0.637426311574,0.325329963212,-0.312096348361,decay
4.95,left,0.637416709381,0.325292825478,-0.312123883902,decay
4.96,left,0.637422455673,0.325256210214,-0.312166245459,decay
4.97,left,0.637432578911,0.325220146129,-0.312212432782,decay
4.98,left,0.637436978762,0.325184658268,-0.312252320493,decay
4.99,left,0.637426747016,0.325149768794,-0.312276978222,decay
5,left,0.637394505871,0.32511549651,-0.312279009361,decay
5.01,left,0.637334645291,0.3250818548,-0.312252790491,decay
5.02,left,0.637243511799,0.325048849044,-0.312194662755,decay
5.03,left,0.637119450824,0.325016474113,-0.312102976712,decay
5.04,left,0.636962487506,0.324984711874,-0.311977775632,decay
5.05,left,0.636773814114,0.324953529692,-0.311820284422,decay
5.06,left,0.636555447484,0.324922881022,-0.311632566462,decay
5.07,left,0.636310021572,0.324892707833,-0.311417313739,decay
5.08,left,0.636040538676,0.324862944091,-0.311177594585,decay
5.09,left,0.635750165492,0.324833519718,-0.310916645774,decay
5.1,left,0.635442037789,0.324804364678,-0.310637673111,decay
5.11,left,0.635118853331,0.324775413047,-0.310343440285,decay
5.12,left,0.63478239217,0.324746606037,-0.310035786133,decay
5.13,left,0.634433339296,0.324717892021,-0.309715447276,decay
5.14,left,0.63407142987,0.324689223476,-0.309382206394,decay
5.15,left,0.633695708456,0.324660553738,-0.309035154718,decay
5.16,left,0.633304877142,0.324631835917,-0.308673041225,decay
5.17,left,0.632897659288,0.324603024145,-0.308294635143,decay
5.18,left,0.632472921691,0.324574076503,-0.307898845188,decay
5.19,left,0.632029645037,0.324544957904,-0.307484687133,decay
5.2,left,0.631567163979,0.324515640619,-0.30705152336,decay
5.21,left,0.63108567199,0.324486102053,-0.306599569937,decay
5.22,left,0.630586604115,0.324456321537,-0.306130282578,decay
5.23,left,0.630072766197,0.32442627766,-0.305646488537,decay
5.24,left,0.629548232563,0.324395947859,-0.305152284704,decay
5.25,left,0.629017936898,0.324365311033,-0.304652625865,decay
5.26,left,0.628487065696,0.324334350469,-0.304152715226,decay
5.27,left,0.627960553735,0.324303054698,-0.303657499037,decay
5.28,left,0.627442754211,0.324271417507,-0.303171336704,decay
5.29,left,0.6269371337,0.324239438803,-0.302697694898,decay
5.3,left,0.626446009483,0.32420712598,-0.302238883502,decay
5.31,left,0.625970493886,0.324174494608,-0.301795999277,decay
5.32,left,0.62551063836,0.324141568223,-0.301369070137,decay
5.33,left,0.625065729524,0.324108378204,-0.30095735132,decay
5.34,left,0.624634817908,0.324074964154,-0.300559853754,decay
5.35,left,0.624217315294,0.324041374929,-0.300175940366,decay
5.36,left,0.623813298709,0.324007670105,-0.299805628605,decay
5.37,left,0.623423508449,0.32397391995,-0.2994495885,decay
5.38,left,0.623049171772,0.323940201905,-0.299108969867,decay
5.39,left,0.622691602455,0.323906594166,-0.298785008289,decay
5.4,left,0.622351712984,0.323873169795,-0.29847854319,decay
5.41,left,0.622029750264,0.323839994244,-0.29818975602,decay
5.42,left,0.621725250458,0.323807125153,-0.297918125305,decay
5.43,left,0.621437001521,0.323774611772,-0.297662389749,decay
5.44,left,0.621163080239,0.323742494446,-0.297420585793,decay
5.45,left,0.620901149004,0.323710805709,-0.297190343294,decay
5.46,left,0.620648815593,0.323679572311,-0.296969243282,decay
5.47,left,0.620403737445,0.323648816933,-0.296754920511,decay
5.48,left,0.620163531181,0.323618559177,-0.296544972004,decay
5.49,left,0.619925635779,0.323588814694,-0.296336821085,decay
5.5,left,0.619687078077,0.323559591893,-0.296127486184,decay
5.51,left,0.619444272171,0.323530888202,-0.295913383969,decay
5.52,left,0.61919318968,0.323502688953,-0.295690500728,decay
5.53,left,0.618929922041,0.323474970015,-0.295454952026,decay
5.54,left,0.618651360873,0.323447702202,-0.295203658671,decay
5.55,left,0.618355864791,0.323420854999,-0.294935009792,decay
5.56,left,0.618043847844,0.323394398512,-0.294649449332,decay
5.57,left,0.617718003791,0.323368304082,-0.294349699709,decay
5.58,left,0.617382988215,0.323342545473,-0.294040442741,decay
5.59,left,0.617044810274,0.323317101877,-0.293727708397,decay
5.6,left,0.616710160334,0.32329196155,-0.293418198784,decay
5.61,left,0.6163856555,0.323267123874,-0.293118531626,decay
5.62,left,0.616077176744,0.323242598386,-0.292834578358,decay
5.63,left,0.615789569311,0.323218400812,-0.2925711685,decay
5.64,left,0.615526621209,0.323194547448,-0.29233207376,decay
5.65,left,0.615291125105,0.323171049508,-0.292120075597,decay
5.66,left,0.615085023659,0.323147908558,-0.291937115102,decay
5.67,left,0.614909528683,0.32312511461,-0.291784414073,decay
5.68,left,0.614764981454,0.323102648269,-0.291662333184,decay
5.69,left,0.61465052482,0.323080485542,-0.291570039278,decay
5.7,left,0.614563836391,0.32305860229,-0.291505234101,decay
5.71,left,0.614500889573,0.323036976571,-0.291463913002,decay
5.72,left,0.614455666102,0.323015588755,-0.291440077347,decay
5.73,left,0.614420170619,0.322994420704,-0.291425749916,decay
5.74,left,0.614385064999,0.322973455129,-0.29141160987,decay
5.75,left,0.614340659444,0.322952675099,-0.291387984345,decay
5.76,left,0.614277930112,0.322932063399,-0.291345866713,decay
5.77,left,0.614189517407,0.322911601305,-0.291277916102,decay
5.78,left,0.614070503486,0.322891266117,-0.291179237369,decay
5.79,left,0.613918716852,0.322871028446,-0.291047688406,decay
5.8,left,0.613734692949,0.32285085191,-0.290883841039,decay
5.81,left,0.613521451624,0.322830696283,-0.290690755341,decay
5.82,left,0.613283970758,0.322810521995,-0.290473448763,decay
5.83,left,0.613028364579,0.322790293367,-0.290238071211,decay
5.84,left,0.612761053804,0.322769980119,-0.289991073685,decay
5.85,left,0.612488047589,0.32274955831,-0.289738489279,decay
5.86,left,0.61221425119,0.322729011287,-0.289485239903,decay
5.87,left,0.611942971244,0.322708330521,-0.289234640724,decay
5.88,left,0.611675908086,0.322687515992,-0.288988392094,decay
5.89,left,0.611413525868,0.322666575077,-0.28874695079,decay
5.9,left,0.611155548437,0.322645519953,-0.288510028484,decay
5.91,left,0.610901544757,0.322624364892,-0.288277179864,decay
5.92,left,0.610651420077,0.322603123207,-0.28804829687,decay
5.93,left,0.610405487147,0.322581802688,-0.287823684458,decay
5.94,left,0.610164209311,0.322560401317,-0.287603807994,decay
5.95,left,0.60992792446,0.322538906011,-0.287389018449,decay
5.96,left,0.609696551181,0.322517293787,-0.287179257394,decay
5.97,left,0.609469251945,0.3224955338,-0.286973718145,decay
5.98,left,0.609244285018,0.322473590921,-0.286770694097,decay
5.99,left,0.609019119047,0.322451430792,-0.286567688255,decay
6,left,0.608790596064,0.322429024423,-0.286361571641,decay
6.01,left,0.608555134388,0.322406350991,-0.286148783397,decay
6.02,left,0.608309145142,0.32238339834,-0.285925746801,decay
6.03,left,0.60804948259,0.322360161135,-0.285689321455,decay
6.04,left,0.607773605659,0.322336638565,-0.285436967094,decay
6.05,left,0.607479515439,0.322312834042,-0.285166681398,decay
6.06,left,0.607165638022,0.322288756631,-0.284876881391,decay
6.07,left,0.606830639614,0.322264422416,-0.284566217199,decay
6.08,left,0.606473311874,0.322239854811,-0.284233457063,decay
6.09,left,0.606092748348,0.322215083964,-0.283877664384,decay
6.1,left,0.60568871856,0.322190145771,-0.283498572789,decay
6.11,left,0.605262017634,0.322165080648,-0.283096936986,decay
6.12,left,0.604814741448,0.322139932061,-0.282674809387,decay
6.13,left,0.604350450482,0.322114745724,-0.282235704758,decay
6.14,left,0.603874054719,0.3220895706,-0.281784484119,decay
6.15,left,0.60339137885,0.322064461244,-0.281326917606,decay
6.16,left,0.602908610352,0.322039479332,-0.28086913102,decay
6.17,left,0.602431693421,0.32201469306,-0.28041700036,decay
6.18,left,0.601965572804,0.321990174402,-0.279975398402,decay
6.19,left,0.601513511095,0.321965994519,-0.279547516575,decay
6.2,left,0.60107683323,0.321942218801,-0.279134614429,decay
6.21,left,0.600655055309,0.321918903542,-0.278736151767,decay
6.22,left,0.600246229716,0.321896094269,-0.278350135447,decay
6.23,left,0.599847520898,0.321873824539,-0.277973696359,decay
6.24,left,0.599455889686,0.321852115335,-0.277603774351,decay
6.25,left,0.599068643134,0.32183097567,-0.277237667464,decay
6.26,left,0.598683847577,0.321810403857,-0.276873443719,decay
6.27,left,0.598300661855,0.321790388656,-0.276510273199,decay
6.28,left,0.597919412125,0.321770910195,-0.27614850193,decay
6.29,left,0.597541301356,0.321751940886,-0.27578936047,decay
6.3,left,0.597168023922,0.321733446689,-0.275434577233,decay
6.31,left,0.596801542216,0.321715388644,-0.275086153573,decay
6.32,left,0.596443913102,0.32169772388,-0.274746189222,decay
6.33,left,0.596097081946,0.321680405984,-0.274416675962,decay
6.34,left,0.595762804344,0.321663385391,-0.274099418953,decay
6.35,left,0.595442708428,0.321646610435,-0.273796097993,decay
6.36,left,0.595138390036,0.321630029576,-0.27350836046,decay
6.37,left,0.594851571117,0.321613594232,-0.273237976885,decay
6.38,left,0.594584232724,0.3215972609,-0.272986971824,decay
6.39,left,0.594338458038,0.321580991981,-0.272757466056,decay
6.4,left,0.594116008755,0.321564754994,-0.27255125376,decay
6.41,left,0.593917949499,0.321548520484,-0.272369429015,decay
6.42,left,0.593744439707,0.321532260169,-0.272212179537,decay
6.43,left,0.593594619207,0.321515946582,-0.272078672624,decay
6.44,left,0.593466729029,0.321499554175,-0.271967174854,decay
6.45,left,0.593358668526,0.321483061441,-0.271875607085,decay
6.46,left,0.593268755177,0.321466453915,-0.271802301262,decay
6.47,left,0.593196298738,0.321449727046,-0.271746571691,decay
6.48,left,0.593141946541,0.321432886884,-0.271709059657,decay
6.49,left,0.593107802649,0.321415947663,-0.271691854986,decay
6.5,left,0.593097158705,0.321398927777,-0.271698230928,decay
6.51,left,0.593113863917,0.321381846367,-0.27173201755,decay
6.52,left,0.593161501874,0.321364720733,-0.271796781141,decay
6.53,left,0.59324242755,0.321347563429,-0.271894864121,decay
6.54,left,0.593356838596,0.321330379242,-0.272026459354,decay
6.55,left,0.593502266528,0.321313163363,-0.272189103166,decay
6.56,left,0.593673696268,0.321295901837,-0.272377794432,decay
6.57,left,0.593864149756,0.321278574222,-0.272585575533,decay
6.58,left,0.594065471988,0.321261157152,-0.272804314836,decay
6.59,left,0.594269114198,0.321243628047,-0.273025486152,decay
6.6,left,0.594466589153,0.321225969062,-0.273240620091,decay
6.61,left,0.594649458692,0.321208171088,-0.273441287604,decay
6.62,left,0.594809326514,0.321190236896,-0.273619089618,decay
6.63,left,0.594938277118,0.321172182011,-0.273766095107,decay
6.64,left,0.595029527088,0.321154032612,-0.273875494476,decay
6.65,left,0.595077941069,0.321135821565,-0.273942119504,decay
6.66,left,0.595080349161,0.321117584895,-0.273962764266,decay
6.67,left,0.595035519851,0.321099359692,-0.27393616016,decay
6.68,left,0.594943639657,0.321081181889,-0.273862457768,decay
6.69,left,0.594805543188,0.321063082657,-0.27374246053,decay
6.7,left,0.594622088175,0.321045084813,-0.273577003362,decay
6.71,left,0.594393794113,0.321027201048,-0.273366593065,decay
6.72,left,0.594120770816,0.321009434047,-0.273111336769,decay
6.73,left,0.593803061416,0.320991777699,-0.272811283717,decay
6.74,left,0.593441223799,0.320974218662,-0.272467005137,decay
6.75,left,0.593036691478,0.320956737192,-0.272079954286,decay
6.76,left,0.592591828747,0.320939306517,-0.27165252223,decay
6.77,left,0.592109932252,0.320921891913,-0.27118804034,decay
6.78,left,0.591595213539,0.320904451209,-0.27069076233,decay
6.79,left,0.591052697077,0.320886936566,-0.270165760512,decay
6.8,left,0.590488127666,0.320869296837,-0.269618830829,decay
6.81,left,0.5899078289,0.320851480487,-0.269056348413,decay
6.82,left,0.589318318828,0.320833438591,-0.268484880237,decay
6.83,left,0.588725809745,0.32081512725,-0.267910682495,decay
6.84,left,0.588135872261,0.320796509505,-0.267339362756,decay
6.85,left,0.587553242162,0.320777556853,-0.266775685309,decay
6.86,left,0.586981674888,0.320758249889,-0.266223424999,decay
6.87,left,0.586424046062,0.320738578119,-0.265685467943,decay
6.88,left,0.58588278939,0.320718539317,-0.265164250074,decay
6.89,left,0.585360332872,0.320698137793,-0.26466219508,decay
6.9,left,0.584859325973,0.320677381453,-0.264181944521,decay
6.91,left,0.584382780712,0.320656279434,-0.263726501278,decay
6.92,left,0.58393404629,0.320634841293,-0.263299204997,decay
6.93,left,0.58351648443,0.320613076727,-0.262903407703,decay
6.94,left,0.583133120359,0.320590995409,-0.26254212495,decay
6.95,left,0.582786488384,0.320568607908,-0.262217880477,decay
6.96,left,0.582478493301,0.320545927822,-0.261932565479,decay
6.97,left,0.5822102263,0.320522973758,-0.261687252542,decay
6.98,left,0.581981916318,0.320499770305,-0.261482146012,decay
6.99,left,0.581792992385,0.320476348448,-0.261316643937,decay
7,left,0.581642085271,0.320452745877,-0.261189339394,decay
7.01,left,0.581527065138,0.320429007328,-0.26109805781,decay
7.02,left,0.581445288792,0.320405185292,-0.2610401035,decay
7.03,left,0.58139390002,0.320381340095,-0.261012559925,decay
7.04,left,0.581369957282,0.320357536597,-0.261012420685,decay
7.05,left,0.581370391474,0.320333837685,-0.261036553789,decay
7.06,left,0.581391799708,0.320310299363,-0.261081500345,decay
7.07,left,0.581430098941,0.320286970665,-0.261143128276,decay
7.08,left,0.581480321603,0.3202638963,-0.261216425304,decay
7.09,left,0.581536755849,0.320241118295,-0.261295637554,decay
7.1,left,0.581593249545,0.320218675559,-0.261374573986,decay
7.11,left,0.581643502831,0.320196602082,-0.26144690075,decay
7.12,left,0.581681396374,0.320174924601,-0.261506471773,decay
7.13,left,0.581701344515,0.320153661285,-0.26154768323,decay
7.14,left,0.581698566317,0.320132822186,-0.261565744131,decay
7.15,left,0.581669344563,0.320112410575,-0.261556933988,decay
7.16,left,0.581611406724,0.320092424335,-0.261518982389,decay
7.17,left,0.581524235888,0.32007285712,-0.261451378768,decay
7.18,left,0.581409018668,0.320053698931,-0.261355319737,decay
7.19,left,0.581268270374,0.320034936186,-0.261233334187,decay
7.2,left,0.58110528337,0.320016551596,-0.261088731774,decay
7.21,left,0.580923480009,0.319998523575,-0.260924956434,decay
7.22,left,0.58072598973,0.31998082538,-0.26074516435,decay
7.23,left,0.580515817311,0.319963424971,-0.26055239234,decay
7.24,left,0.58029643152,0.319946285859,-0.260350145661,decay
7.25,left,0.580072235522,0.319929368767,-0.260142866755,decay
7.26,left,0.579848638877,0.319912634178,-0.259936004699,decay
7.27,left,0.579631734034,0.319896045483,-0.259735688552,decay
7.28,left,0.579427582611,0.319879572363,-0.259548010248,decay
7.29,left,0.579241306378,0.3198631938,-0.259378112578,decay
7.3,left,0.579076502553,0.319846899381,-0.259229603172,decay
7.31,left,0.578935265482,0.319830687639,-0.259104577843,decay
7.32,left,0.578818577148,0.319814561963,-0.259004015185,decay
7.33,left,0.578726785391,0.319798526939,-0.258928258452,decay
7.34,left,0.578659981096,0.319782587825,-0.258877393271,decay
7.35,left,0.578618002245,0.319766752515,-0.25885124973,decay
7.36,left,0.578600009286,0.319751033101,-0.258848976185,decay
7.37,left,0.578603987973,0.31973544514,-0.258868542833,decay
7.38,left,0.578626517312,0.319720004642,-0.25890651267,decay
7.39,left,0.578662849205,0.319704724253,-0.258958124953,decay
7.4,left,0.578707266799,0.319689610708,-0.259017656091,decay
7.41,left,0.578753634742,0.319674663939,-0.259078970803,decay
7.42,left,0.578795835481,0.319659876528,-0.259135958953,decay
7.43,left,0.578827836674,0.319645232995,-0.259182603679,decay
7.44,left,0.578843605922,0.319630709907,-0.259212896015,decay
7.45,left,0.578837232885,0.319616278075,-0.25922095481,decay
7.46,left,0.578803206624,0.319601906156,-0.259201300467,decay
7.47,left,0.578736696048,0.319587563385,-0.259149132663,decay
7.48,left,0.578633912401,0.319573221199,-0.259060691202,decay
7.49,left,0.578492464185,0.319558855812,-0.258933608373,decay
7.5,left,0.578311482834,0.319544452001,-0.258767030833,decay
7.51,left,0.578091624129,0.319530006109,-0.25856161802,decay
7.52,left,0.577835100691,0.319515526836,-0.258319573855,decay
7.53,left,0.577545614197,0.319501034729,-0.258044579468,decay
7.54,left,0.577228106723,0.319486561747,-0.257741544977,decay
7.55,left,0.576888455093,0.319472149727,-0.257416305367,decay
7.56,left,0.57653311679,0.319457845902,-0.257075270888,decay
7.57,left,0.57616864138,0.319443697107,-0.256724944273,decay
7.58,left,0.575801278038,0.319429746239,-0.256371531799,decay
7.59,left,0.575436978569,0.319416031269,-0.2560209473,decay
7.6,left,0.575081563238,0.319402583613,-0.255678979625,decay
7.61,left,0.574740690651,0.319389424273,-0.255351266377,decay
7.62,left,0.574419720433,0.319376560318,-0.255043160115,decay
7.63,left,0.574123570466,0.319363984634,-0.254759585832,decay
7.64,left,0.573856404145,0.319351678238,-0.254504725907,decay
7.65,left,0.573621138565,0.319339612787,-0.254281525778,decay
7.66,left,0.573418928682,0.319327752607,-0.254091176074,decay
7.67,left,0.573248671253,0.3193160568,-0.253932614453,decay
7.68,left,0.573106710628,0.319304481274,-0.253802229354,decay
7.69,left,0.572987163352,0.319292979878,-0.253694183474,decay
7.7,left,0.572882946646,0.31928150501,-0.253601441636,decay
7.71,left,0.572787069064,0.319270008947,-0.253517060117,decay
7.72,left,0.572693787069,0.319258445535,-0.253435341534,decay
7.73,left,0.572599442709,0.319246771314,-0.253352671395,decay
7.74,left,0.572502643,0.319234945979,-0.253267697021,decay
7.75,left,0.57240360044,0.3192229314,-0.253180669039,decay
7.76,left,0.572303113232,0.319210688275,-0.253092424957,decay
7.77,left,0.572201786463,0.319198172305,-0.253003614158,decay
7.78,left,0.572099601709,0.319185332978,-0.252914268731,decay
7.79,left,0.571995760834,0.319172114889,-0.252823645945,decay
7.8,left,0.571888786906,0.319158459744,-0.252730327162,decay
7.81,left,0.571776743555,0.319144308455,-0.2526324351,decay
7.82,left,0.571657488844,0.319129603326,-0.252527885518,decay
7.83,left,0.571529023733,0.319114290015,-0.252414733718,decay
7.84,left,0.571389800712,0.319098319388,-0.252291481324,decay
7.85,left,0.571238687845,0.319081649916,-0.252157037929,decay
7.86,left,0.571074614361,0.319064250832,-0.252010363529,decay
7.87,left,0.570896340168,0.319046105836,-0.251850234332,decay
7.88,left,0.570702556591,0.319027216714,-0.251675339877,decay
7.89,left,0.570492092014,0.319007605375,-0.251484486638,decay
7.9,left,0.570264126503,0.31898731294,-0.251276813563,decay
7.91,left,0.57001841326,0.318966396124,-0.251052017137,decay
7.92,left,0.569755264803,0.318944922553,-0.25081034225,decay
7.93,left,0.56947524814,0.318922966618,-0.250552281522,decay
7.94,left,0.569178914684,0.318900605769,-0.250278308915,decay
7.95,left,0.568866738965,0.318877915855,-0.24998882311,decay
7.96,left,0.56853916852,0.318854965822,-0.249684202698,decay
7.97,left,0.568196735844,0.318831814254,-0.24936492159,decay
7.98,left,0.56784020775,0.318808508702,-0.249031699048,decay
7.99,left,0.567470607571,0.318785086179,-0.248685521393,decay
8,left,0.567089037211,0.318761574275,-0.248327462936,decay
8.01,left,0.5666965915,0.31873799371,-0.247958597789,decay
8.02,left,0.566294647049,0.318714362236,-0.247580284813,decay
8.03,left,0.565885363107,0.31869069892,-0.247194664187,decay
8.04,left,0.565472085952,0.31866702756,-0.246805058392,decay
8.05,left,0.565059481266,0.318643378229,-0.246416103037,decay
8.06,left,0.564653202606,0.318619787149,-0.246033415457,decay
8.07,left,0.564259074956,0.318596295951,-0.245662779004,decay
8.08,left,0.563882176972,0.318572950806,-0.245309226167,decay
8.09,left,0.563526180524,0.318549801196,-0.244976379328,decay
8.1,left,0.563192994339,0.318526897755,-0.244666096584,decay
8.11,left,0.562882778362,0.318504289277,-0.244378489086,decay
8.12,left,0.562594477809,0.31848201988,-0.244112457929,decay
8.13,left,0.56232673898,0.318460126358,-0.243866612622,decay
8.14,left,0.56207877973,0.318438635854,-0.243640143876,decay
8.15,left,0.561850939013,0.318417565756,-0.243433373257,decay
8.16,left,0.561644820702,0.318396926526,-0.243247894176,decay
8.17,left,0.561462870032,0.318376725191,-0.24308614484,decay
8.18,left,0.561307451666,0.318356966841,-0.242950484825,decay
8.19,left,0.561179935027,0.318337653138,-0.24284228189,decay
8.2,left,0.561080155191,0.318318778864,-0.242761376327,decay
8.21,left,0.561006252191,0.318300328894,-0.242705923297,decay
8.22,left,0.560954915504,0.31828227805,-0.242672637454,decay
8.23,left,0.560922011711,0.318264594088,-0.242657417623,decay
8.24,left,0.560903234455,0.318247241456,-0.242655992998,decay
8.25,left,0.560894469078,0.318230184313,-0.242664284766,decay
8.26,left,0.56089196361,0.318213388721,-0.242678574888,decay
8.27,left,0.560892423948,0.318196823332,-0.242695600617,decay
8.28,left,0.560892980107,0.318180458383,-0.242712521725,decay
8.29,left,0.560891111576,0.318164264135,-0.242726847441,decay
8.3,left,0.560884736174,0.318148209208,-0.242736526966,decay
8.31,left,0.560872367872,0.318132259181,-0.242740108691,decay
8.32,left,0.560853124223,0.318116376916,-0.242736747307,decay
8.33,left,0.560826706781,0.31810052536,-0.242726181421,decay
8.34,left,0.560793459753,0.31808467151,-0.242708788243,decay
8.35,left,0.560754253339,0.318068789625,-0.242685463714,decay
8.36,left,0.560710110816,0.318052863216,-0.2426572476,decay
8.37,left,0.560661824913,0.318036885617,-0.242624939296,decay
8.38,left,0.560609650789,0.318020858012,-0.242588792777,decay
8.39,left,0.560553058872,0.318004785441,-0.24254827343,decay
8.4,left,0.560490730862,0.317988673248,-0.242502057615,decay
8.41,left,0.560420904302,0.317972525145,-0.242448379157,decay
8.42,left,0.560341843245,0.317956342276,-0.242385500968,decay
8.43,left,0.560252284905,0.317940122282,-0.242312162623,decay
8.44,left,0.560151960456,0.31792385809,-0.242228102365,decay
8.45,left,0.560041984929,0.317907536986,-0.242134447943,decay
8.46,left,0.559924657193,0.317891140614,-0.242033516579,decay
8.47,left,0.559802760211,0.317874645746,-0.241928114465,decay
8.48,left,0.55967881812,0.31785802478,-0.24182079334,decay
8.49,left,0.559554367929,0.317841245489,-0.24171312244,decay
8.5,left,0.559429198614,0.31782427114,-0.241604927474,decay
8.51,left,0.559300840736,0.317807062144,-0.241493778592,decay
8.52,left,0.559164497559,0.317789579038,-0.241374918521,decay
8.53,left,0.55901338793,0.317771786047,-0.241241601883,decay
8.54,left,0.558839615814,0.317753654337,-0.241085961478,decay
8.55,left,0.558635578965,0.317735163936,-0.240900415029,decay
8.56,left,0.558395379149,0.317716304266,-0.240679074882,decay
8.57,left,0.558115629011,0.317697074068,-0.240418554943,decay
8.58,left,0.557795643443,0.317677481085,-0.240118162358,decay
8.59,left,0.557437224145,0.317657541453,-0.239779682692,decay
8.6,left,0.557044042938,0.317637279219,-0.239406763719,decay
8.61,left,0.556620818458,0.317616726671,-0.239004091788,decay
8.62,left,0.556172696597,0.317595924704,-0.238576771893,decay
8.63,left,0.555704943675,0.317574921285,-0.23813002239,decay
8.64,left,0.55522286139,0.317553767826,-0.237669093564,decay
8.65,left,0.554731941323,0.31753251492,-0.237199426403,decay
8.66,left,0.554238099209,0.317511208108,-0.236726891101,decay
8.67,left,0.553747607961,0.317489884225,-0.236257723736,decay
8.68,left,0.553266656693,0.317468569471,-0.235798087222,decay
8.69,left,0.552800825647,0.317447279973,-0.235353545674,decay
8.7,left,0.552354663238,0.31742602452,-0.234928638718,decay
8.71,left,0.551931383458,0.317404807666,-0.234526575791,decay
8.72,left,0.551532835739,0.317383630903,-0.234149204836,decay
8.73,left,0.551159865944,0.317362491602,-0.233797374343,decay
8.74,left,0.550812775275,0.317341381387,-0.233471393888,decay
8.75,left,0.550491571036,0.317320284917,-0.233171286119,decay
8.76,left,0.550196097996,0.317299179183,-0.232896918813,decay
8.77,left,0.549926137262,0.317278033616,-0.232648103646,decay
8.78,left,0.549681456706,0.317256810596,-0.232424646109,decay
8.79,left,0.549461927916,0.317235466089,-0.232226461828,decay
8.8,left,0.549267699867,0.317213951282,-0.232053748585,decay
8.81,left,0.549099221402,0.317192215568,-0.231907005834,decay
8.82,left,0.548957089457,0.317170210015,-0.231786879442,decay
8.83,left,0.548841869723,0.317147890294,-0.231693979429,decay
8.84,left,0.548753819487,0.317125218952,-0.231628600535,decay
8.85,left,0.548692312089,0.317102167484,-0.231590144605,decay
8.86,left,0.548655135272,0.317078717675,-0.231576417597,decay
8.87,left,0.548638123584,0.317054860975,-0.231583262609,decay
8.88,left,0.548635280529,0.317030596295,-0.231604684234,decay
8.89,left,0.548639288109,0.317005928267,-0.231633359842,decay
8.9,left,0.548642389875,0.316980867241,-0.231661522633,decay
8.91,left,0.548637467241,0.316955429995,-0.231682037246,decay
8.92,left,0.548618909566,0.316929639341,-0.231689270225,decay
8.93,left,0.548583126727,0.316903523213,-0.231679603514,decay
8.94,left,0.548528766363,0.31687711464,-0.231651651722,decay
8.95,left,0.548456604998,0.316850451821,-0.231606153176,decay
8.96,left,0.548369178965,0.316823577293,-0.231545601672,decay
8.97,left,0.548270412453,0.316796537102,-0.231473875351,decay
8.98,left,0.548165268349,0.316769380257,-0.231395888093,decay
8.99,left,0.548059128658,0.316742157186,-0.231316971473,decay
9,left,0.547956896382,0.316714916942,-0.231241979439,decay
9.01,left,0.547862277361,0.316687704871,-0.23117457249,decay
9.02,left,0.547777466522,0.31666056236,-0.231116904162,decay
9.03,left,0.54770302489,0.316633528645,-0.231069496245,decay
9.04,left,0.54763791856,0.316606642779,-0.231031275781,decay
9.05,left,0.547579834206,0.316579943662,-0.230999890543,decay
9.06,left,0.547525548136,0.316553468427,-0.230972079709,decay
9.07,left,0.547471153405,0.316527251071,-0.230943902334,decay
9.08,left,0.547412330799,0.316501321971,-0.230911008829,decay
9.09,left,0.547344765485,0.316475707719,-0.230869057766,decay
9.1,left,0.547264553144,0.316450430955,-0.230814122188,decay
9.11,left,0.547168576742,0.316425510007,-0.230743066736,decay
9.12,left,0.547054934015,0.316400958179,-0.230653975836,decay
9.13,left,0.546923218357,0.316376783006,-0.23054643535,decay
9.14,left,0.546774388872,0.316352986278,-0.230421402594,decay
9.15,left,0.546610373896,0.316329565553,-0.230280808343,decay
9.16,left,0.546433694126,0.316306516894,-0.230127177232,decay
9.17,left,0.546247125235,0.316283837645,-0.229963287591,decay
9.18,left,0.546053464261,0.316261528774,-0.229791935487,decay
9.19,left,0.545855532887,0.316239596799,-0.229615936088,decay
9.2,left,0.545656185829,0.316218054707,-0.229438131123,decay
9.21,left,0.54545807504,0.316196921649,-0.229261153392,decay
9.22,left,0.545263352547,0.316176221917,-0.22908713063,decay
9.23,left,0.545073464579,0.316155983451,-0.228917481128,decay
9.24,left,0.544888933718,0.316136235866,-0.228752697853,decay
9.25,left,0.544709248147,0.31611700798,-0.228592240167,decay
9.26,left,0.54453317506,0.3160983253,-0.228434849759,decay
9.27,left,0.544359459411,0.316080208213,-0.228279251198,decay
9.28,left,0.544187527258,0.31606267071,-0.228124856547,decay
9.29,left,0.544017985652,0.316045719303,-0.227972266349,decay
9.3,left,0.543852886156,0.316029353122,-0.227823533034,decay
9.31,left,0.543695559933,0.316013565423,-0.22768199451,decay
9.32,left,0.543549997904,0.315998344761,-0.227551653143,decay
9.33,left,0.543420180831,0.315983675079,-0.227436505753,decay
9.34,left,0.54330961694,0.315969536293,-0.227340080647,decay
9.35,left,0.543221029069,0.315955906257,-0.227265122812,decay
9.36,left,0.543156258652,0.315942762706,-0.227213495945,decay
9.37,left,0.543116431163,0.315930083205,-0.227186347959,decay
9.38,left,0.543102139396,0.315917842379,-0.227184297017,decay
9.39,left,0.54311347453,0.315906008694,-0.227207465836,decay
9.4,left,0.543150001916,0.315894544187,-0.227255457729,decay
9.41,left,0.543210713324,0.315883406701,-0.227327306622,decay
9.42,left,0.543293858482,0.315872551546,-0.227421306937,decay
9.43,left,0.543396782233,0.315861931836,-0.227534850397,decay
9.44,left,0.54351602266,0.315851498685,-0.227664523974,decay
9.45,left,0.543647572928,0.315841201417,-0.227806371511,decay
9.46,left,0.543787042646,0.315830987229,-0.227956055417,decay
9.47,left,0.543929769108,0.315820800685,-0.228108968423,decay
9.48,left,0.54407102175,0.315810583951,-0.228260437799,decay
9.49,left,0.544206239804,0.315800277739,-0.228405962065,decay
9.5,left,0.544331264244,0.31578982259,-0.228541441654,decay
9.51,left,0.544442542461,0.31577916035,-0.228663382112,decay
9.52,left,0.544537049555,0.31576823553,-0.228768814026,decay
9.53,left,0.544611788359,0.315756996044,-0.228854792315,decay
9.54,left,0.544663241464,0.315745393152,-0.228917848312,decay
9.55,left,0.544687185754,0.31573338064,-0.228953805114,decay
9.56,left,0.544678861562,0.315720913874,-0.228957947688,decay
9.57,left,0.544633403624,0.315707949857,-0.228925453767,decay
9.58,left,0.544546568163,0.315694448688,-0.228852119475,decay
9.59,left,0.544415528852,0.315680375658,-0.228735153195,decay
9.6,left,0.544239304695,0.315665703444,-0.228573601251,decay
9.61,left,0.544018736571,0.315650414477,-0.228368322094,decay
9.62,left,0.543756158625,0.315634503482,-0.228121655143,decay
9.63,left,0.543454767879,0.315617979465,-0.227836788413,decay
9.64,left,0.543117842464,0.315600865837,-0.227516976627,decay
9.65,left,0.542748178653,0.315583198876,-0.227164979777,decay
9.66,left,0.542347856932,0.315565026287,-0.226782830645,decay
9.67,left,0.541918212771,0.315546405925,-0.226371806846,decay
9.68,left,0.541460072549,0.315527403114,-0.225932669435,decay
9.69,left,0.540974313605,0.315508085875,-0.22546622773,decay
9.7,left,0.540462435199,0.315488519398,-0.224973915802,decay
9.71,left,0.539926803891,0.315468762405,-0.224458041487,decay
9.72,left,0.539370647056,0.315448866809,-0.223921780247,decay
9.73,left,0.538797940139,0.315428879031,-0.223369061108,decay
9.74,left,0.538213144097,0.315408840981,-0.222804303116,decay
9.75,left,0.537620957581,0.315388790698,-0.222232166883,decay
9.76,left,0.537026371439,0.315368763085,-0.221657608354,decay
9.77,left,0.536434916937,0.315348790481,-0.221086126456,decay
9.78,left,0.535852832409,0.315328902334,-0.220523930075,decay
9.79,left,0.535287120305,0.315309123525,-0.219977996781,decay
9.8,left,0.53474546178,0.315289472501,-0.219455989279,decay
9.81,left,0.534235795527,0.315269960785,-0.218965834743,decay
9.82,left,0.533765604958,0.315250593445,-0.218515011513,decay
9.83,left,0.533341222327,0.315231368789,-0.218109853539,decay
9.84,left,0.532967271555,0.31521227687,-0.217754994685,decay
9.85,left,0.532646230578,0.315193298989,-0.217452931589,decay
9.86,left,0.532378263169,0.315174409735,-0.217203853433,decay
9.87,left,0.532161381316,0.315155580293,-0.217005801023,decay
9.88,left,0.531991665653,0.315136781436,-0.216854884217,decay
9.89,left,0.531863392823,0.315117985725,-0.216745407098,decay
9.9,left,0.53176923957,0.31509916854,-0.216670071029,decay
9.91,left,0.531700568204,0.315080308426,-0.216620259778,decay
9.92,left,0.531647635935,0.315061388063,-0.216586247872,decay
9.93,left,0.531599841816,0.315042396206,-0.21655744561,decay
9.94,left,0.531546190256,0.315023330101,-0.216522860155,decay
9.95,left,0.531475846517,0.315004198002,-0.216471648515,decay
9.96,left,0.531378608422,0.314985021161,-0.216393587261,decay
9.97,left,0.531245351293,0.314965833969,-0.216279517324,decay
9.98,left,0.531068505421,0.314946681635,-0.216121823786,decay
9.99,left,0.530842432529,0.314927616795,-0.215914815733,decay
10,left,0.530563630069,0.314908695701,-0.215654934368,decay
10.01,left,0.530230864557,0.31488997274,-0.215340891816,decay
10.02,left,0.529845213503,0.314871493766,-0.214973719738,decay
10.03,left,0.529409958421,0.314853290234,-0.214556668187,decay
10.04,left,0.528930531738,0.31483537495,-0.214095156789,decay
10.05,left,0.528414594974,0.31481773968,-0.213596855295,decay
10.06,left,0.527871926182,0.314800354638,-0.213071571544,decay
10.07,left,0.52731395203,0.314783169209,-0.212530782821,decay
10.08,left,0.526753157526,0.314766113499,-0.211987044027,decay
10.09,left,0.526202551413,0.314749100456,-0.211453450957,decay
10.1,left,0.525675178551,0.314732028033,-0.210943150518,decay
10.11,left,0.525183709316,0.314714781141,-0.210468928174,decay
10.12,left,0.52474004358,0.314697233419,-0.210042810161,decay
10.13,left,0.524354641867,0.314679248857,-0.20967539301,decay
10.14,left,0.524035540895,0.314660683354,-0.209374857541,decay
10.15,left,0.523787538599,0.314641386255,-0.209146152345,decay
10.16,left,0.523611917067,0.314621201939,-0.208990715127,decay
10.17,left,0.523506542724,0.314599971578,-0.208906571146,decay
10.18,left,0.523466198747,0.314577535141,-0.208888663606,decay
10.19,left,0.523483211058,0.314553733716,-0.208929477342,decay
10.2,left,0.523548250355,0.314528412166,-0.209019838189,decay
10.21,left,0.523651137488,0.314501422192,-0.209149715296,decay
10.22,left,0.523781646761,0.314472625882,-0.209309020879,decay
10.23,left,0.523930225824,0.314441899852,-0.209488325972,decay
10.24,left,0.524088502708,0.314409140065,-0.209679362644,decay
10.25,left,0.524249713298,0.314374267437,-0.209875445861,decay
10.26,left,0.524409189763,0.314337233459,-0.210071956305,decay
10.27,left,0.524564638446,0.31429802312,-0.210266615326,decay
10.28,left,0.524715905554,0.314256653107,-0.210459252448,decay
10.29,left,0.524864408948,0.314213166841,-0.210651242107,decay
10.3,left,0.525012505045,0.314167629188,-0.210844875857,decay
10.31,left,0.525162754202,0.314120121931,-0.211042632271,decay
10.32,left,0.525317151368,0.314070740028,-0.21124641134,decay
10.33,left,0.525476595983,0.31401958858,-0.211457007404,decay
10.34,left,0.525640621529,0.313966780417,-0.211673841112,decay
10.35,left,0.525807310002,0.313912434266,-0.211894875736,decay
10.36,left,0.525973594909,0.313856673346,-0.212116921564,decay
10.37,left,0.526136001927,0.313799624123,-0.212336377804,decay
10.38,left,0.526291447597,0.313741415001,-0.212550032597,decay
10.39,left,0.526437860835,0.313682175024,-0.212755685811,decay
10.4,left,0.52657469048,0.313622032776,-0.212952657704,decay
10.41,left,0.526703178689,0.313561115526,-0.213142063163,decay
10.42,left,0.526826164673,0.313499548574,-0.213326616099,decay
10.43,left,0.526947509022,0.313437454767,-0.213510054255,decay
10.44,left,0.52707140385,0.313374954137,-0.213696449713,decay
10.45,left,0.527201603733,0.313312163631,-0.213889440102,decay
10.46,left,0.527340605208,0.313249196898,-0.214091408309,decay
10.47,left,0.527489068186,0.313186164164,-0.214302904022,decay
10.48,left,0.527645636306,0.313123172174,-0.214522464132,decay
10.49,left,0.527807042028,0.31306032416,-0.214746717868,decay
10.5,left,0.527968486777,0.312997719764,-0.214970767013,decay
10.51,left,0.52812430588,0.312935454869,-0.215188851011,decay
10.52,left,0.52826872516,0.312873621305,-0.215395103855,decay
10.53,left,0.528396564554,0.312812306413,-0.21558425814,decay
10.54,left,0.52850388668,0.312751592425,-0.215752294256,decay
10.55,left,0.528588440945,0.312691555632,-0.215896885313,decay
10.56,left,0.528649644925,0.312632265505,-0.21601737942,decay
10.57,left,0.528688161831,0.31257378432,-0.216114377511,decay
10.58,left,0.528705386444,0.312516167727,-0.216189218716,decay
10.59,left,0.528702892715,0.312459465908,-0.216243426807,decay
10.6,left,0.528681810539,0.312403724701,-0.216278085837,decay
10.61,left,0.528642466754,0.312348986458,-0.216293480296,decay
10.62,left,0.528584553605,0.312295290596,-0.216289263008,decay
10.63,left,0.528507560978,0.312242673859,-0.21626488712,decay
10.64,left,0.528411145749,0.312191170263,-0.216219975486,decay
10.65,left,0.528295400309,0.312140810742,-0.216154589566,decay
10.66,left,0.528160945578,0.312091622649,-0.216069322929,decay
10.67,left,0.528008727081,0.312043629722,-0.21596509736,decay
10.68,left,0.527839724284,0.311996852971,-0.215842871313,decay
10.69,left,0.527654858052,0.311951312132,-0.21570354592,decay
10.7,left,0.527454989189,0.311907027076,-0.215547962113,decay
10.71,left,0.527240855646,0.311864018937,-0.215376836709,decay
10.72,left,0.527013143246,0.311822310944,-0.215190832302,decay
10.73,left,0.526772816642,0.311781928954,-0.214990887688,decay
10.74,left,0.526521545886,0.311742901715,-0.214778644171,decay
10.75,left,0.526262179475,0.311705260831,-0.214556918644,decay
10.76,left,0.525999227025,0.311669040421,-0.214330186604,decay
10.77,left,0.525738992747,0.311634276443,-0.214104716304,decay
10.78,left,0.525489135363,0.31160100563,-0.213888129734,decay
10.79,left,0.525257891748,0.311569264032,-0.213688627717,decay
10.8,left,0.525053216365,0.311539085165,-0.2135141312,decay
10.81,left,0.524881911564,0.311510497729,-0.213371413835,decay
10.82,left,0.524748893956,0.31148352286,-0.213265371096,decay
10.83,left,0.524656732797,0.311458170858,-0.213198561939,decay
10.84,left,0.524605393347,0.311434437343,-0.213170956004,decay
10.85,left,0.524592139557,0.311412298772,-0.213179840785,decay
10.86,left,0.524611770106,0.311391708024,-0.213220062082,decay
10.87,left,0.524657244858,0.311372592457,-0.213284652401,decay
10.88,left,0.524720405725,0.31135485623,-0.213365549495,decay
10.89,left,0.524792559277,0.311338385567,-0.213454173711,decay
10.9,left,0.524864932348,0.311323054521,-0.213541877827,decay
10.91,left,0.524928925156,0.311308730322,-0.213620194834,decay
10.92,left,0.524976130103,0.311295278321,-0.213680851782,decay
10.93,left,0.524998405459,0.311282566661,-0.213715838798,decay
10.94,left,0.524988235413,0.311270470764,-0.213717764649,decay
10.95,left,0.524939246737,0.311258877753,-0.213680368984,decay
10.96,left,0.524846716505,0.311247690494,-0.213599026011,decay
10.97,left,0.52470801906,0.311236830084,-0.213471188975,decay
10.98,left,0.524522818559,0.311226235905,-0.213296582654,decay
10.99,left,0.524292829402,0.31121586398,-0.213076965422,decay
11,left,0.524021389539,0.311205684942,-0.212815704597,decay
11.01,left,0.523713214027,0.311195682124,-0.212517531902,decay
11.02,left,0.523374291921,0.311185849812,-0.212188442109,decay
11.03,left,0.523011765691,0.311176191614,-0.211835574077,decay
11.04,left,0.522633845333,0.311166718941,-0.211467126392,decay
11.05,left,0.522249666266,0.311157449566,-0.2110922167,decay
11.06,left,0.521868823359,0.311148406226,-0.210720417133,decay
11.07,left,0.521500615325,0.311139615221,-0.210361000104,decay
11.08,left,0.521153254358,0.311131104951,-0.210022149407,decay
11.09,left,0.520833157853,0.311122904396,-0.209710253458,decay
11.1,left,0.52054443188,0.311115041506,-0.209429390375,decay
11.11,left,0.520288735604,0.311107541513,-0.209181194091,decay
11.12,left,0.520065500081,0.311100425102,-0.208965074979,decay
11.13,left,0.519872226492,0.311093706427,-0.208778520065,decay
11.14,left,0.519704760402,0.311087390923,-0.208617369479,decay
11.15,left,0.51955767867,0.311081472883,-0.208476205787,decay
11.16,left,0.51942470837,0.311075933176,-0.208348775194,decay
11.17,left,0.519298977965,0.311070738406,-0.208228239559,decay
11.18,left,0.519173249629,0.311065842463,-0.208107407166,decay
11.19,left,0.519040334166,0.311061189777,-0.207979144389,decay
11.2,left,0.518893594467,0.311056718948,-0.207836875519,decay
11.21,left,0.518727479964,0.311052366281,-0.207675113683,decay
11.22,left,0.518538146074,0.311048069227,-0.207490076848,decay
11.23,left,0.518323970826,0.311043769823,-0.207280201003,decay
11.24,left,0.51808569689,0.311039418186,-0.207046278704,decay
11.25,left,0.517826245572,0.311034976132,-0.20679126944,decay
11.26,left,0.517550313727,0.31103042052,-0.206519893207,decay
11.27,left,0.517263644122,0.311025744899,-0.206237899223,decay
11.28,left,0.516972044333,0.311020958378,-0.205951085955,decay
11.29,left,0.516680570276,0.311016082541,-0.205664487736,decay
11.3,left,0.516393094146,0.31101114791,-0.205381946236,decay
11.31,left,0.516112169645,0.311006190511,-0.205105979133,decay
11.32,left,0.515839252872,0.311001248547,-0.204838004325,decay
11.33,left,0.515575319727,0.310996359102,-0.204578960624,decay
11.34,left,0.515321485434,0.310991554835,-0.204329930599,decay
11.35,left,0.515079246559,0.31098686058,-0.204092385979,decay
11.36,left,0.514850404637,0.310982290164,-0.203868114473,decay
11.37,left,0.514636778107,0.310977844454,-0.203658933653,decay
11.38,left,0.514439735575,0.31097351144,-0.203466224135,decay
11.39,left,0.514259817641,0.31096926772,-0.203290549921,decay
11.4,left,0.514096727719,0.31096508028,-0.203131647439,decay
11.41,left,0.513949583308,0.310960908144,-0.202988675164,decay
11.42,left,0.513817168424,0.310956703883,-0.202860464542,decay
11.43,left,0.513698191374,0.310952415013,-0.202745776361,decay
11.44,left,0.513591593244,0.310947985335,-0.20264360791,decay
11.45,left,0.513496710356,0.310943356217,-0.202553354139,decay
11.46,left,0.513413232121,0.310938467848,-0.202474764272,decay
11.47,left,0.513341117605,0.310933260307,-0.202407857298,decay
11.48,left,0.513280370121,0.310927674396,-0.202352695725,decay
11.49,left,0.513230490716,0.310921652336,-0.20230883838,decay
11.5,left,0.513189856519,0.310915138514,-0.202274718005,decay
11.51,left,0.513155409255,0.310908080364,-0.202247328891,decay
11.52,left,0.513122778168,0.310900429425,-0.202222348742,decay
11.53,left,0.513086831286,0.310892142597,-0.202194688689,decay
11.54,left,0.513042527308,0.310883183632,-0.202159343676,decay
11.55,left,0.512985661478,0.310873524894,-0.202112136584,decay
11.56,left,0.512913170327,0.310863149134,-0.202050021193,decay
11.57,left,0.512823129856,0.310852050419,-0.201971079438,decay
11.58,left,0.51271466444,0.310840233556,-0.201874430884,decay
11.59,left,0.512587674788,0.310827712526,-0.201759962262,decay
11.6,left,0.512442418932,0.310814508822,-0.20162791011,decay
11.61,left,0.512279282,0.310800650048,-0.201478631952,decay
11.62,left,0.512098763247,0.310786168794,-0.201312594453,decay
11.63,left,0.511901358213,0.310771101747,-0.201130256466,decay
11.64,left,0.511687304745,0.310755489028,-0.200931815717,decay
11.65,left,0.511456396499,0.310739373726,-0.200717022773,decay
11.66,left,0.511207843374,0.310722801568,-0.200485041807,decay
11.67,left,0.51094015917,0.310705820517,-0.200234338653,decay
11.68,left,0.510651282624,0.31068848017,-0.199962802455,decay
11.69,left,0.510338989727,0.310670831017,-0.19966815871,decay
11.7,left,0.510001393651,0.310652923729,-0.199348469923,decay
11.71,left,0.509637435414,0.310634808514,-0.199002626899,decay
11.72,left,0.509247376396,0.31061653454,-0.198630841855,decay
11.73,left,0.508833072557,0.310598149383,-0.198234923173,decay
11.74,left,0.508397832675,0.310579698499,-0.197818134176,decay
11.75,left,0.507946121284,0.310561224685,-0.1973848966,decay
11.76,left,0.507483381647,0.310542767538,-0.196940614109,decay
11.77,left,0.507015851985,0.310524362967,-0.196491489018,decay
11.78,left,0.506550268272,0.310506042781,-0.196044225491,decay
11.79,left,0.506093508794,0.310487834304,-0.19560567449,decay
11.8,left,0.505652100006,0.31046975994,-0.195182340066,decay
11.81,left,0.505231556634,0.310451836623,-0.19477972001,decay
11.82,left,0.504835848239,0.310434075154,-0.194401773084,decay
11.83,left,0.504467257517,0.310416479403,-0.194050778114,decay
11.84,left,0.504126515882,0.310399045357,-0.193727470525,decay
11.85,left,0.503813054062,0.310381760006,-0.193431294055,decay
11.86,left,0.503525470958,0.310364600265,-0.193160870693,decay
11.87,left,0.503262178552,0.310347532594,-0.192914645959,decay
11.88,left,0.503021905695,0.310330513841,-0.192691391853,decay
11.89,left,0.502803990094,0.310313492926,-0.192490497168,decay
11.9,left,0.502608562946,0.310296412702,-0.192312150244,decay
11.91,left,0.50243651806,0.310279211753,-0.192157306307,decay
11.92,left,0.50228925622,0.310261826129,-0.19202743009,decay
11.93,left,0.502168478453,0.310244191084,-0.191924287368,decay
11.94,left,0.502076138735,0.310226242836,-0.1918498959,decay
11.95,left,0.5020144145,0.31020792041,-0.19180649409,decay
11.96,left,0.501985661803,0.310189167472,-0.191796494331,decay
11.97,left,0.501992389015,0.310169933763,-0.191822455252,decay
11.98,left,0.502037087093,0.310150175862,-0.191886911231,decay
11.99,left,0.502121775609,0.310129857539,-0.19199191807,decay
12,left,0.502247444017,0.310108950162,-0.192138493855,decay
12.01,left,0.502413609973,0.310087433343,-0.19232617663,decay
12.02,left,0.502617984582,0.310065295866,-0.192552688717,decay
12.03,left,0.502856300851,0.310042536912,-0.192813763939,decay
12.04,left,0.503122478781,0.310019167607,-0.193103311174,decay
12.05,left,0.503409016657,0.309995212908,-0.193413803749,decay
12.06,left,0.50370738802,0.3099707135,-0.19373667452,decay
12.07,left,0.504008502206,0.309945726577,-0.19406277563,decay
12.08,left,0.504303267123,0.30992032465,-0.194382942473,decay
12.09,left,0.504583054752,0.309894593013,-0.194688461739,decay
12.1,left,0.504839982466,0.309868626975,-0.19497135549,decay
12.11,left,0.505067127927,0.309842529301,-0.195224598626,decay
12.12,left,0.50525871809,0.309816407821,-0.195442310269,decay
12.13,left,0.505410288204,0.30979037316,-0.195619915044,decay
12.14,left,0.505518978683,0.309764536514,-0.195754442169,decay
12.15,left,0.505584069229,0.309739007411,-0.195845061819,decay
12.16,left,0.505607434607,0.309713891513,-0.195893543093,decay
12.17,left,0.505593551972,0.309689288747,-0.195904263225,decay
12.18,left,0.505549079893,0.30966529196,-0.195883787934,decay
12.19,left,0.505482130024,0.309641985874,-0.19584014415,decay
12.2,left,0.505401317769,0.309619445917,-0.195781871852,decay
12.21,left,0.505314926027,0.309597736745,-0.195717189282,decay
12.22,left,0.505230462181,0.309576910408,-0.195653551773,decay
12.23,left,0.505154414937,0.309557004101,-0.195597410836,decay
12.24,left,0.505091947791,0.309538037461,-0.19555391033,decay
12.25,left,0.505046607517,0.309520009357,-0.195526598159,decay
12.26,left,0.505020135418,0.309502894748,-0.19551724067,decay
12.27,left,0.505012283821,0.309486643522,-0.195525640299,decay
12.28,left,0.505020742761,0.309471182786,-0.195549559975,decay
12.29,left,0.505041433232,0.309456421525,-0.195585011707,decay
12.3,left,0.505069025926,0.309442255693,-0.195626770233,decay
12.31,left,0.505097361093,0.309428572991,-0.195668788102,decay
12.32,left,0.505119830168,0.309415257363,-0.195704572805,decay
12.33,left,0.505129826205,0.309402193314,-0.19572763289,decay
12.34,left,0.50512111388,0.309389270144,-0.195731843736,decay
12.35,left,0.505088155842,0.309376386192,-0.19571176965,decay
12.36,left,0.505026563025,0.309363452756,-0.195663110269,decay
12.37,left,0.504933513582,0.309350396411,-0.19558311717,decay
12.38,left,0.50480793163,0.309337158774,-0.195470772856,decay
12.39,left,0.504650572703,0.309323694501,-0.195326878202,decay
12.4,left,0.504464157977,0.309309968912,-0.195154189065,decay
12.41,left,0.50425331341,0.309295955784,-0.194957357626,decay
12.42,left,0.504024121984,0.309281635349,-0.194742486635,decay
12.43,left,0.503783479762,0.309266992466,-0.194516487296,decay
12.44,left,0.503538393313,0.309252014938,-0.194286378375,decay
12.45,left,0.503295191064,0.309236691964,-0.1940584991,decay
12.46,left,0.503058859661,0.309221012816,-0.193837846845,decay
12.47,left,0.502832777112,0.309204966126,-0.193627810987,decay
12.48,left,0.502618755314,0.309188540052,-0.193430215262,decay
12.49,left,0.502417195749,0.309171723126,-0.193245472622,decay
12.5,left,0.502227331085,0.309154505372,-0.193072825713,decay
12.51,left,0.502047530069,0.309136879568,-0.192910650501,decay
12.52,left,0.501875632659,0.309118842648,-0.192756790011,decay
12.53,left,0.501709376697,0.309100397278,-0.192608979419,decay
12.54,left,0.501546920467,0.30908155362,-0.192465366847,decay
12.55,left,0.501387244638,0.309062331315,-0.192324913323,decay
12.56,left,0.501230212194,0.309042761414,-0.19218745078,decay
12.57,left,0.501076366528,0.309022887274,-0.192053479254,decay
12.58,left,0.500926613792,0.309002763722,-0.19192385007,decay
12.59,left,0.500781737531,0.308982455002,-0.191799282529,decay
12.6,left,0.500641884024,0.308962032482,-0.191679851542,decay
12.61,left,0.500506407938,0.308941572483,-0.191564835455,decay
12.62,left,0.500374140205,0.308921154214,-0.191452985991,decay
12.63,left,0.500243848421,0.308900857765,-0.191342990656,decay
12.64,left,0.500114756895,0.308880762102,-0.191233994793,decay
12.65,left,0.499986953427,0.308860943014,-0.191126010413,decay
12.66,left,0.499861455368,0.308841471127,-0.191019984242,decay
12.67,left,0.499739994496,0.308822410485,-0.190917584011,decay
12.68,left,0.499624786241,0.308803818048,-0.190820968193,decay
12.69,left,0.499518317223,0.308785743775,-0.190732573448,decay
12.7,left,0.499423027246,0.308768230739,-0.190654796507,decay
12.71,left,0.499341017592,0.30875131501,-0.190589702582,decay
12.72,left,0.499273973556,0.308735025298,-0.190538948258,decay
12.73,left,0.499223112176,0.30871938232,-0.190503729856,decay
12.74,left,0.499188934485,0.308704397889,-0.190484536595,decay
12.75,left,0.499170965318,0.308690073698,-0.190480891619,decay
12.76,left,0.499167660796,0.308676400099,-0.190491260697,decay
12.77,left,0.49917640313,0.308663355862,-0.190513047268,decay
12.78,left,0.499193612315,0.308650909651,-0.190542702664,decay
12.79,left,0.499215059073,0.308639022691,-0.190576036382,decay
12.8,left,0.499236226865,0.308627651622,-0.190608575243,decay
12.81,left,0.499252606864,0.308616751186,-0.190635855679,decay
12.82,left,0.49926004871,0.308606276741,-0.190653771969,decay
12.83,left,0.499255176644,0.308596186682,-0.190658989962,decay
12.84,left,0.499235638698,0.308586444788,-0.19064919391,decay
12.85,left,0.499200076685,0.308577022566,-0.190623054118,decay
12.86,left,0.499147878542,0.308567901364,-0.190579977179,decay
12.87,left,0.499078653895,0.308559073448,-0.190519580448,decay
12.88,left,0.498991436395,0.308550541473,-0.190440894923,decay
12.89,left,0.498884030494,0.308542316784,-0.19034171371,decay
12.9,left,0.498752916846,0.308534417402,-0.190218499444,decay
12.91,left,0.498593651028,0.308526866002,-0.190066785026,decay
12.92,left,0.498401563784,0.308519687887,-0.189881875897,decay
12.93,left,0.498172660856,0.308512908917,-0.189659751939,decay
12.94,left,0.497904427597,0.308506553344,-0.189397874253,decay
12.95,left,0.497596241933,0.308500641535,-0.189095600398,decay
12.96,left,0.497249455468,0.308495187729,-0.188754267739,decay
12.97,left,0.496867278765,0.308490198463,-0.188377080302,decay
12.98,left,0.496454418919,0.308485672137,-0.187968746782,decay
12.99,left,0.496016556523,0.308481599325,-0.187534957198,decay
13,left,0.495559980306,0.308477963153,-0.187082017153,decay
13.01,left,0.49509140735,0.30847473947,-0.18661666788,decay
13.02,left,0.494617677258,0.308471896793,-0.186145780465,decay
13.03,left,0.494145322534,0.308469396037,-0.185675926497,decay
13.04,left,0.493680334379,0.308467190023,-0.185213144356,decay
13.05,left,0.493228171232,0.308465222776,-0.184762948456,decay
13.06,left,0.492793897509,0.308463428866,-0.184330468643,decay
13.07,left,0.492382476748,0.308461733594,-0.183920743154,decay
13.08,left,0.491999082067,0.308460054638,-0.18353902743,decay
13.09,left,0.491649091109,0.308458304754,-0.183190786355,decay
13.1,left,0.491337679215,0.308456394765,-0.18288128445,decay
13.11,left,0.491069166938,0.308454236561,-0.182614930377,decay
13.12,left,0.49084620977,0.308451746165,-0.182394463605,decay
13.13,left,0.490669015179,0.308448846916,-0.182220168263,decay
13.14,left,0.490535047965,0.308445472862,-0.182089575103,decay
13.15,left,0.490439470831,0.308441572416,-0.181997898415,decay
13.16,left,0.490376026419,0.308437111788,-0.181938914631,decay
13.17,left,0.490338048211,0.308432076456,-0.181905971756,decay
13.18,left,0.490319483226,0.308426469381,-0.181893013845,decay
13.19,left,0.490315596124,0.308420306946,-0.181895289178,decay
13.2,left,0.490323080617,0.308413614422,-0.181909466195,decay
13.21,left,0.490339812265,0.30840642165,-0.181933390614,decay
13.22,left,0.490364535127,0.308398758927,-0.1819657762,decay
13.23,left,0.490396492483,0.308390653027,-0.182005839455,decay
13.24,left,0.4904350839,0.308382123285,-0.182052960615,decay
13.25,left,0.490479745308,0.308373177669,-0.182106567639,decay
13.26,left,0.490529983067,0.308363809258,-0.182166173809,decay
13.27,left,0.490585369561,0.308353994483,-0.182231375078,decay
13.28,left,0.490645570637,0.308343694226,-0.182301876411,decay
13.29,left,0.490710455129,0.308332856939,-0.182377598191,decay
13.3,left,0.490780063014,0.308321422375,-0.182458640639,decay
13.31,left,0.490854446338,0.308309325363,-0.182545120976,decay
13.32,left,0.490933781263,0.308296499649,-0.182637281613,decay
13.33,left,0.491018829047,0.308282881902,-0.182735947145,decay
13.34,left,0.491111334796,0.308268415934,-0.182842918862,decay
13.35,left,0.4912140365,0.308253057241,-0.182960979259,decay
13.36,left,0.491330164114,0.308236777358,-0.183093386756,decay
13.37,left,0.491462402527,0.30821956631,-0.183242836216,decay
13.38,left,0.491611675781,0.308201431838,-0.183410243943,decay
13.39,left,0.491776443692,0.308182396439,-0.183594047253,decay
13.4,left,0.491952833103,0.308162494025,-0.183790339078,decay
13.41,left,0.492135322415,0.30814176693,-0.183993555486,decay
13.42,left,0.492317660537,0.308120263266,-0.184197397271,decay
13.43,left,0.492493863491,0.308098034575,-0.184395828915,decay
13.44,left,0.492658954864,0.308075133737,-0.184583821128,decay
13.45,left,0.492809153142,0.30805161307,-0.184757540072,decay
13.46,left,0.492941688593,0.308027522755,-0.184914165838,decay
13.47,left,0.493054537453,0.308002909977,-0.185051627476,decay
13.48,left,0.493146096249,0.307977819124,-0.185168277125,decay
13.49,left,0.493214917445,0.307952292762,-0.185262624683,decay
13.5,left,0.493259725009,0.30792637292,-0.185333352089,decay
13.51,left,0.493279593498,0.307900102486,-0.185379491012,decay
13.52,left,0.493274030441,0.307873526719,-0.185400503722,decay
13.53,left,0.493242943092,0.307846694889,-0.185396248203,decay
13.54,left,0.493186547663,0.30781966205,-0.185366885613,decay
13.55,left,0.493105172817,0.307792490978,-0.185312681839,decay
13.56,left,0.492999050821,0.307765253917,-0.185233796904,decay
13.57,left,0.492868411909,0.307738033046,-0.185130378862,decay
13.58,left,0.492713959367,0.307710918815,-0.185003040552,decay
13.59,left,0.492537384579,0.307684006744,-0.184853377835,decay
13.6,left,0.492341602277,0.307657393763,-0.184684208513,decay
13.61,left,0.492130565902,0.307631174475,-0.184499391427,decay
13.62,left,0.491908609711,0.307605437314,-0.184303172397,decay
13.63,left,0.491679631001,0.307580260505,-0.184099370496,decay
13.64,left,0.491446712953,0.307555707741,-0.183891005212,decay
13.65,left,0.491212403509,0.307531823487,-0.183680580022,decay
13.66,left,0.490979364254,0.30750862854,-0.183470735714,decay
13.67,left,0.49075106532,0.307486117941,-0.183264947379,decay
13.68,left,0.49053226451,0.307464262878,-0.183068001631,decay
13.69,left,0.490328943737,0.307443015332,-0.182885928405,decay
13.7,left,0.490147609913,0.307422313277,-0.182725296636,decay
13.71,left,0.489994354423,0.307402085595,-0.182592268828,decay
13.72,left,0.489874087783,0.307382256696,-0.182491831087,decay
13.73,left,0.489790026571,0.307362750957,-0.182427275614,decay
13.74,left,0.489743534492,0.307343497059,-0.182400037433,decay
13.75,left,0.48973445471,0.307324432309,-0.182410022401,decay
13.76,left,0.489761607708,0.30730550658,-0.182456101128,decay
13.77,left,0.489822968082,0.307286684521,-0.182536283561,decay
13.78,left,0.489915520435,0.307267945031,-0.182647575404,decay
13.79,left,0.490035053011,0.307249278794,-0.182785774217,decay
13.8,left,0.490176044574,0.307230685325,-0.182945359249,decay
13.81,left,0.490331848626,0.307212170083,-0.183119678543,decay
13.82,left,0.490495337266,0.307193741664,-0.183301595602,decay
13.83,left,0.490659756092,0.307175409013,-0.183484347079,decay
13.84,left,0.490819337284,0.307157178636,-0.183662158648,decay
13.85,left,0.490969571049,0.307139051734,-0.183830519315,decay
13.86,left,0.491107255263,0.307121021551,-0.183986233713,decay
13.87,left,0.491230231608,0.307103071864,-0.184127159744,decay
13.88,left,0.491336842883,0.307085177335,-0.184251665547,decay
13.89,left,0.49142554821,0.307067305162,-0.184358243048,decay
13.9,left,0.491494915798,0.307049417061,-0.184445498738,decay
13.91,left,0.491543779923,0.307031471186,-0.184512308737,decay
13.92,left,0.491571447942,0.307013424003,-0.184558023939,decay
13.93,left,0.491577937484,0.306995232146,-0.184582705338,decay
13.94,left,0.49156406339,0.306976854302,-0.184587209088,decay
13.95,left,0.491531364081,0.30695825317,-0.184573110911,decay
13.96,left,0.49148214101,0.30693939732,-0.184542743691,decay
13.97,left,0.491419637785,0.30692026238,-0.184499375405,decay
13.98,left,0.49134801885,0.306900831097,-0.184447187753,decay
13.99,left,0.491272023704,0.306881092636,-0.184390931068,decay
14,left,0.491196527144,0.306861041768,-0.184335485376,decay
14.01,left,0.491126076413,0.306840678203,-0.18428539821,decay
14.02,left,0.491064355753,0.306820006072,-0.184244349681,decay
14.03,left,0.491013852614,0.306799033566,-0.184214819049,decay
14.04,left,0.490975962143,0.306777772709,-0.184198189434,decay
14.05,left,0.490951305721,0.306756239274,-0.184195066447,decay
14.06,left,0.490940007777,0.306734452749,-0.184205555027,decay
14.07,left,0.490941850255,0.30671243612,-0.184229414135,decay
14.08,left,0.490956152055,0.306690215277,-0.184265936778,decay
14.09,left,0.490981354047,0.30666781817,-0.184313535877,decay
14.1,left,0.491014651474,0.306645273937,-0.184369377537,decay
14.11,left,0.491051946308,0.306622612091,-0.184429334216,decay
14.12,left,0.491087996613,0.306599861741,-0.184488134873,decay
14.13,left,0.491116681463,0.306577050843,-0.18453963062,decay
14.14,left,0.491131536119,0.306554205459,-0.18457733066,decay
14.15,left,0.491126421166,0.306531348985,-0.184595072181,decay
14.16,left,0.491095922294,0.306508501452,-0.184587420842,decay
14.17,left,0.491035421274,0.306485679094,-0.18454974218,decay
14.18,left,0.490941022029,0.306462894405,-0.184478127625,decay
14.19,left,0.490809375681,0.306440156507,-0.184369219174,decay
14.2,left,0.490637598827,0.30641747158,-0.184220127247,decay
14.21,left,0.490423700091,0.306394843241,-0.18402885685,decay
14.22,left,0.490167499003,0.306372272869,-0.183795226133,decay
14.23,left,0.489871443573,0.306349759883,-0.18352168369,decay
14.24,left,0.489540809939,0.306327301969,-0.18321350797,decay
14.25,left,0.48918321052,0.306304895274,-0.182878315245,decay
14.26,left,0.488807580081,0.306282534588,-0.182525045493,decay
14.27,left,0.488422961219,0.30626021363,-0.182162747588,decay
14.28,left,0.488037559419,0.306237925537,-0.181799633882,decay
14.29,left,0.487658284585,0.306215663473,-0.181442621112,decay
14.3,left,0.487290576627,0.306193421295,-0.181097155332,decay
14.31,left,0.486938434556,0.306171194219,-0.180767240337,decay
14.32,left,0.4866048208,0.306148979505,-0.180455841295,decay
14.33,left,0.486292305653,0.306126777168,-0.180165528484,decay
14.34,left,0.486003563375,0.306104590736,-0.179898972638,decay
14.35,left,0.485741592491,0.306082428051,-0.17965916444,decay
14.36,left,0.485509630939,0.306060301982,-0.179449328958,decay
14.37,left,0.485310626425,0.306038230568,-0.179272395857,decay
14.38,left,0.485146396208,0.306016236223,-0.179130159985,decay
14.39,left,0.485016921693,0.305994344257,-0.179022577436,decay
14.4,left,0.484920017875,0.305972581206,-0.178947436668,decay
14.41,left,0.484851328539,0.305950973133,-0.178900355406,decay
14.42,left,0.484804703292,0.305929543891,-0.178875159402,decay
14.43,left,0.48477301612,0.305908313307,-0.178864702813,decay
14.44,left,0.484749115162,0.30588729527,-0.178861819892,decay
14.45,left,0.484726610311,0.305866495659,-0.178860114652,decay
14.46,left,0.484700603577,0.305845910395,-0.178854693183,decay
14.47,left,0.484668372405,0.305825524469,-0.178842847935,decay
14.48,left,0.48462973706,0.305805312619,-0.178824424441,decay
14.49,left,0.484586998613,0.305785241148,-0.178801757465,decay
14.5,left,0.484544472912,0.305765269992,-0.17877920292,decay
14.51,left,0.48450760676,0.305745354675,-0.178762252086,decay
14.52,left,0.48448188951,0.305725448179,-0.178756441331,decay
14.53,left,0.484472041863,0.305705502752,-0.178766539111,decay
14.54,left,0.484481690085,0.305685471709,-0.178796218376,decay
14.55,left,0.484513261812,0.305665311251,-0.178847950561,decay
14.56,left,0.484567925355,0.305644982239,-0.178922943117,decay
14.57,left,0.484645687954,0.305624451561,-0.179021236393,decay
14.58,left,0.484745601576,0.305603692854,-0.179141908721,decay
14.59,left,0.484865868846,0.305582686809,-0.179283182037,decay
14.6,left,0.485003906593,0.305561421467,-0.179442485126,decay
14.61,left,0.485156479656,0.305539892679,-0.179616586977,decay
14.62,left,0.485319784835,0.305518104758,-0.179801680077,decay
14.63,left,0.485489516367,0.305496071328,-0.179993445039,decay
14.64,left,0.485661151928,0.305473816386,-0.180187335542,decay
14.65,left,0.485830403303,0.305451375585,-0.180379027718,decay
14.66,left,0.485993562016,0.305428797464,-0.180564764552,decay
14.67,left,0.486147696694,0.305406143675,-0.180741553019,decay
14.68,left,0.486290764741,0.305383487506,-0.180907277235,decay
14.69,left,0.486421509154,0.305360911198,-0.181060597957,decay
14.7,left,0.486539057424,0.30533850296,-0.181200554464,decay
14.71,left,0.486642438911,0.305316354034,-0.181326084877,decay
14.72,left,0.486730153727,0.305294555753,-0.181435597974,decay
14.73,left,0.486799722212,0.305273196549,-0.181526525663,decay
14.74,left,0.486847421861,0.305252358816,-0.181595063045,decay
14.75,left,0.486868486153,0.305232115572,-0.181636370582,decay
14.76,left,0.486857570383,0.305212527247,-0.181645043136,decay
14.77,left,0.486809235554,0.305193639788,-0.181615595766,decay
14.78,left,0.486718503216,0.305175484981,-0.181543018236,decay
14.79,left,0.48658140649,0.305158082263,-0.181423324227,decay
14.8,left,0.486395342425,0.305141440742,-0.181253901682,decay
14.81,left,0.486159340488,0.305125560911,-0.181033779577,decay
14.82,left,0.485874407169,0.305110436028,-0.180763971142,decay
14.83,left,0.485543718285,0.305096053198,-0.180447665087,decay
14.84,left,0.485172424768,0.305082394167,-0.180090030601,decay
14.85,left,0.484767231936,0.305069435838,-0.179697796098,decay
14.86,left,0.484335873049,0.305057150591,-0.179278722457,decay
14.87,left,0.483886335484,0.305045506579,-0.178840828905,decay
14.88,left,0.48342599219,0.305034468147,-0.178391524044,decay
14.89,left,0.482961093748,0.305023996279,-0.177937097469,decay
14.9,left,0.482496716544,0.305014048936,-0.177482667608,decay
14.91,left,0.482036980306,0.305004581188,-0.177032399117,decay
14.92,left,0.481585464022,0.304995545191,-0.176589918831,decay
14.93,left,0.48114562094,0.304986889978,-0.176158730962,decay
14.94,left,0.480720870582,0.304978561104,-0.175742309478,decay
14.95,left,0.480314400553,0.304970500138,-0.175343900415,decay
14.96,left,0.479928949191,0.304962644146,-0.174966305045,decay
14.97,left,0.479566576523,0.304954925613,-0.17461165091,decay
14.98,left,0.479228284653,0.30494727315,-0.174281011504,decay
14.99,left,0.478913668314,0.304939612742,-0.173974055572,decay
15,left,0.478620888285,0.304931869159,-0.173689019127,decay
15.01,left,0.478346902977,0.304923967349,-0.173422935628,decay
15.02,left,0.478087865746,0.304915833869,-0.173172031876,decay
15.03,left,0.477839823715,0.30490739837,-0.172932425345,decay
15.04,left,0.477599566225,0.304898595195,-0.172700971031,decay
15.05,left,0.477365201337,0.304889365123,-0.172475836214,decay
15.06,left,0.477136350316,0.304879657094,-0.172256693222,decay
15.07,left,0.476914063127,0.304869429251,-0.172044633876,decay
15.08,left,0.476700436136,0.304858648836,-0.171841787301,decay
15.09,left,0.476497990117,0.304847291317,-0.1716506988,decay
15.1,left,0.476309093723,0.304835339478,-0.171473754245,decay
15.11,left,0.476135642159,0.304822782735,-0.171312859425,decay
15.12,left,0.475978932724,0.304809616709,-0.171169316015,decay
15.13,left,0.475839685028,0.304795843053,-0.171043841975,decay
15.14,left,0.475718264415,0.30478146952,-0.170936794895,decay
15.15,left,0.475614933439,0.304766510291,-0.170848423148,decay
15.16,left,0.475529822184,0.30475098637,-0.170778835814,decay
15.17,left,0.475462652036,0.304734925562,-0.170727726474,decay
15.18,left,0.475412416214,0.304718361596,-0.170694054618,decay
15.19,left,0.475377061881,0.304701332702,-0.170675729179,decay
15.2,left,0.475353344592,0.304683880133,-0.170669464459,decay
15.21,left,0.475337145921,0.304666046842,-0.170671099079,decay
15.22,left,0.475324145969,0.304647876286,-0.170676269683,decay
15.23,left,0.475310464467,0.304629411334,-0.170681053132,decay
15.24,left,0.475293147082,0.304610693255,-0.170682453827,decay
15.25,left,0.47527054361,0.30459176075,-0.17067878286,decay
15.26,left,0.475242467716,0.304572649079,-0.170669818637,decay
15.27,left,0.475210076793,0.30455338947,-0.170656687323,decay
15.28,left,0.475175636878,0.304534008955,-0.170641627923,decay
15.29,left,0.475142197862,0.304514530494,-0.170627667368,decay
15.3,left,0.475113041664,0.304494973169,-0.170618068495,decay
15.31,left,0.475091051878,0.30447535235,-0.170615699528,decay
15.32,left,0.475078263322,0.304455679816,-0.170622583506,decay
15.33,left,0.475075580734,0.304435963843,-0.170639616891,decay
15.34,left,0.475082682146,0.304416209245,-0.170666472901,decay
15.35,left,0.47509828367,0.304396417374,-0.170701866296,decay
15.36,left,0.475120696798,0.304376586145,-0.170744110654,decay
15.37,left,0.475148350854,0.304356710323,-0.170791640531,decay
15.38,left,0.475180069805,0.30433678225,-0.170843287554,decay
15.39,left,0.475215032126,0.30431679288,-0.170898239246,decay
15.4,left,0.475252366566,0.304296732919,-0.170955633647,decay
15.41,left,0.475290594159,0.304276593986,-0.171014000173,decay
15.42,left,0.475327460913,0.3042563698,-0.171071091113,decay
15.43,left,0.475360413458,0.304236057425,-0.171124356033,decay
15.44,left,0.475387313179,0.304215658587,-0.171171654591,decay
15.45,left,0.47540698523,0.304195181089,-0.171211804141,decay
15.46,left,0.475419591171,0.304174640119,-0.171244951052,decay
15.47,left,0.475426764079,0.304154058805,-0.171272705274,decay
15.48,left,0.475431379502,0.304133467492,-0.17129791201,decay
15.49,left,0.475437116218,0.304112902127,-0.171324214091,decay
15.5,left,0.475447968862,0.304092402421,-0.171355566441,decay
15.51,left,0.475467665769,0.304072010032,-0.171395655737,decay
15.52,left,0.475499104742,0.304051766771,-0.171447337971,decay
15.53,left,0.475544054376,0.304031712776,-0.171512341599,decay
15.54,left,0.475603048228,0.30401188463,-0.171591163598,decay
15.55,left,0.475675223916,0.303992313365,-0.171682910551,decay
15.56,left,0.475758212741,0.303973022582,-0.171785190159,decay
15.57,left,0.475848370913,0.303954027416,-0.171894343497,decay
15.58,left,0.475941280543,0.303935334914,-0.172005945628,decay
15.59,left,0.476032321465,0.303916945387,-0.172115376079,decay
15.6,left,0.476117382559,0.303898853931,-0.172218528628,decay
15.61,left,0.476193613749,0.303881051835,-0.172312561914,decay
15.62,left,0.476259807319,0.303863527834,-0.172396279485,decay
15.63,left,0.476316277757,0.303846269265,-0.172470008492,decay
15.64,left,0.476364402385,0.303829263121,-0.172535139264,decay
15.65,left,0.476405897381,0.30381249704,-0.172593400341,decay
15.66,left,0.476442031022,0.303795960199,-0.172646070824,decay
15.67,left,0.47647321191,0.303779644032,-0.172693567878,decay
15.68,left,0.476499088723,0.303763542705,-0.172735546018,decay
15.69,left,0.47651886161,0.303747653406,-0.172771208204,decay
15.7,left,0.476531658068,0.303731976588,-0.17279968148,decay
15.71,left,0.476537046728,0.303716516204,-0.172820530525,decay
15.72,left,0.476535477924,0.303701279935,-0.172834197989,decay
15.73,left,0.476528356739,0.303686279438,-0.172842077301,decay
15.74,left,0.476517843182,0.303671530587,-0.172846312595,decay
15.75,left,0.476506534007,0.303657053726,-0.172849480281,decay
15.76,left,0.476496938677,0.303642873801,-0.172854064876,decay
15.77,left,0.476490816632,0.303629019965,-0.172861796666,decay
15.78,left,0.476488680776,0.303615524337,-0.17287315644,decay
15.79,left,0.476489581816,0.303602420127,-0.172887161689,decay
15.8,left,0.476491164046,0.303589739505,-0.172901424541,decay
15.81,left,0.476490134162,0.303577511328,-0.172912622834,decay
15.82,left,0.476483124747,0.303565758723,-0.172917366025,decay
15.83,left,0.476467560175,0.303554496455,-0.172913063721,decay
15.84,left,0.476442211723,0.303543728049,-0.172898483673,decay
15.85,left,0.47640743959,0.303533442612,-0.172873996978,decay
15.86,left,0.476365064521,0.303523611801,-0.17284145272,decay
15.87,left,0.476317761555,0.303514188491,-0.172803573064,decay
15.88,left,0.476268229247,0.303505108286,-0.172763120961,decay
15.89,left,0.47621853897,0.303496293026,-0.172722245944,decay
15.9,left,0.476169782124,0.303487654719,-0.172682127405,decay
15.91,left,0.476122055962,0.303479099311,-0.172642956651,decay
15.92,left,0.476074904581,0.303470530311,-0.17260437427,decay
15.93,left,0.476028066933,0.303461852363,-0.17256621457,decay
15.94,left,0.47598211951,0.303452974835,-0.172529144675,decay
15.95,left,0.47593876055,0.30344381551,-0.172494945039,decay
15.96,left,0.475900693313,0.303434304101,-0.172466389212,decay
15.97,left,0.47587102421,0.303424384539,-0.172446639671,decay
15.98,left,0.475852227071,0.30341401525,-0.172438211821,decay
15.99,left,0.475845139206,0.303403168074,-0.172441971132,decay
16,left,0.475848443895,0.303391826991,-0.172456616904,decay
16.01,left,0.475858654339,0.30337998712,-0.172478667219,decay
16.02,left,0.475870543537,0.30336765401,-0.172502889527,decay
16.03,left,0.475878068748,0.303354843231,-0.172523225517,decay
16.04,left,0.475875522576,0.303341580239,-0.172533942337,decay
16.05,left,0.475858491489,0.303327900525,-0.172530590964,decay
16.06,left,0.475824524195,0.303313849825,-0.17251067437,decay
16.07,left,0.475773451306,0.30329948377,-0.172473967536,decay
16.08,left,0.475707160078,0.303284866481,-0.172422293597,decay
16.09,left,0.475628923083,0.303270068433,-0.17235885465,decay
16.1,left,0.475542635544,0.303255164187,-0.172287471357,decay
16.11,left,0.475452080107,0.30324023021,-0.172211849897,decay
16.12,left,0.475360171396,0.303225342759,-0.172134828637,decay
16.13,left,0.475268407386,0.303210575756,-0.172057831631,decay
16.14,left,0.475176837166,0.303195998628,-0.171980838539,decay
16.15,left,0.47508440958,0.303181674035,-0.171902735545,decay
16.16,left,0.474989362995,0.303167655692,-0.171821707303,decay
16.17,left,0.474889571902,0.303153986955,-0.171735584947,decay
16.18,left,0.474782786015,0.303140700715,-0.1716420853,decay
16.19,left,0.474666631609,0.303127820144,-0.171538811465,decay
16.2,left,0.474538516109,0.303115359544,-0.171423156565,decay
16.21,left,0.474395654472,0.30310332497,-0.171292329502,decay
16.22,left,0.474235195034,0.303091714626,-0.171143480408,decay
16.23,left,0.474054441646,0.303080519029,-0.170973922617,decay
16.24,left,0.473851287499,0.30306972094,-0.17078156656,decay
16.25,left,0.473624701402,0.303059295071,-0.170565406332,decay
16.26,left,0.47337485042,0.303049207723,-0.170325642697,decay
16.27,left,0.473102814278,0.303039416824,-0.170063397454,decay
16.28,left,0.472810273195,0.303029872752,-0.169780400443,decay
16.29,left,0.472499324878,0.303020519672,-0.169478805206,decay
16.3,left,0.472172354227,0.303011296949,-0.169161057278,decay
16.31,left,0.471832064356,0.303002140443,-0.168829923913,decay
16.32,left,0.471481683431,0.302992983725,-0.168488699706,decay
16.33,left,0.471125028076,0.30298375923,-0.168141268846,decay
16.34,left,0.470766265519,0.302974399406,-0.167791866114,decay
16.35,left,0.4704095424,0.302964837864,-0.167444704536,decay
16.36,left,0.470058561119,0.302955010498,-0.16710355062,decay
16.37,left,0.469716169144,0.302944856288,-0.166771312856,decay
16.38,left,0.469384243549,0.302934317592,-0.166449925957,decay
16.39,left,0.469063976488,0.30292334013,-0.166140636358,decay
16.4,left,0.468756246721,0.302911872975,-0.165844373745,decay
16.41,left,0.468461836962,0.302899868693,-0.165561968269,decay
16.42,left,0.468181652421,0.302887283668,-0.165294368753,decay
16.43,left,0.467917049091,0.302874078616,-0.165042970475,decay
16.44,left,0.467670127547,0.302860219319,-0.164809908229,decay
16.45,left,0.467443943847,0.302845677589,-0.164598266258,decay
16.46,left,0.467242537944,0.302830432352,-0.164412105592,decay
16.47,left,0.467070410617,0.302814470413,-0.164255940205,decay
16.48,left,0.466931404534,0.302797786577,-0.164133617957,decay
16.49,left,0.466827547089,0.302780383405,-0.164047163684,decay
16.5,left,0.46675836247,0.302762271052,-0.163996091417,decay
16.51,left,0.466720779102,0.302743467401,-0.163977311701,decay
16.52,left,0.466709648706,0.302723998485,-0.163985650221,decay
16.53,left,0.466718765938,0.302703899221,-0.164014866717,decay
16.54,left,0.466741978826,0.30268321445,-0.164058764376,decay
16.55,left,0.466773981871,0.302662000285,-0.164111981586,decay
16.56,left,0.466810723948,0.302640325428,-0.164170398521,decay
16.57,left,0.466849441699,0.302618271287,-0.164231170413,decay
16.58,left,0.466888208783,0.302595930042,-0.16429227874,decay
16.59,left,0.466925170113,0.302573401252,-0.164351768861,decay
16.6,left,0.466957911813,0.302550788109,-0.164407123704,decay
16.61,left,0.466983173918,0.302528193768,-0.16445498015,decay
16.62,left,0.466996954576,0.30250571769,-0.164491236886,decay
16.63,left,0.466995151587,0.30248345192,-0.164511699667,decay
16.64,left,0.466974597323,0.302461477228,-0.164513120095,decay
16.65,left,0.466933986496,0.302439859007,-0.164494127489,decay
16.66,left,0.466874375707,0.302418643407,-0.1644557323,decay
16.67,left,0.466799224968,0.302397855294,-0.164401369674,decay
16.68,left,0.466714010812,0.30237749926,-0.164336511552,decay
16.69,left,0.466625570831,0.302357562732,-0.164268008099,decay
16.7,left,0.466541527799,0.302338019486,-0.164203508313,decay
16.71,left,0.46646992302,0.302318832892,-0.164151090128,decay
16.72,left,0.466418744001,0.302299958909,-0.164118785092,decay
16.73,left,0.466395146752,0.302281348856,-0.164113797896,decay
16.74,left,0.466404659852,0.302262952053,-0.164141707799,decay
16.75,left,0.466450704085,0.30224471834,-0.164205985745,decay
16.76,left,0.46653453573,0.302226600426,-0.164307935305,decay
16.77,left,0.466655629309,0.302208555635,-0.164447073674,decay
16.78,left,0.466812277274,0.302190546771,-0.164621730503,decay
16.79,left,0.467001971498,0.302172542363,-0.164829429135,decay
16.8,left,0.467221479372,0.302154516798,-0.165066962574,decay
16.81,left,0.467466932341,0.302136450517,-0.165330481825,decay
16.82,left,0.467734031515,0.302118330317,-0.165615701198,decay
16.83,left,0.468018146315,0.302100149762,-0.165917996553,decay
16.84,left,0.468314300051,0.302081909716,-0.166232390334,decay
16.85,left,0.468617309595,0.302063619005,-0.166553690591,decay
16.86,left,0.468922091418,0.302045295052,-0.166876796366,decay
16.87,left,0.469223932339,0.302026963995,-0.167196968343,decay
16.88,left,0.469518683761,0.302008659886,-0.167510023875,decay
16.89,left,0.46980283095,0.301990423253,-0.167812407698,decay
16.9,left,0.470073278569,0.30197229952,-0.168100979049,decay
16.91,left,0.470326958242,0.301954337473,-0.168372620769,decay
16.92,left,0.470560592138,0.301936587747,-0.168624004391,decay
16.93,left,0.470770679839,0.301919101299,-0.168851578541,decay
16.94,left,0.470953595014,0.301901927838,-0.169051667176,decay
16.95,left,0.471105846943,0.301885114168,-0.169220732775,decay
16.96,left,0.471224506109,0.301868702548,-0.169355803561,decay
16.97,left,0.471307549796,0.301852729495,-0.169454820301,decay
16.98,left,0.471353999287,0.301837225341,-0.169516773946,decay
16.99,left,0.471364009349,0.301822214254,-0.169541795095,decay
17,left,0.471338961389,0.301807714266,-0.169531247123,decay
17.01,left,0.471281412498,0.30179373709,-0.169487675408,decay
17.02,left,0.471194946042,0.301780287712,-0.16941465833,decay
17.03,left,0.471084017355,0.301767363741,-0.169316653613,decay
17.04,left,0.470953606872,0.301754954517,-0.169198652355,decay
17.05,left,0.470808609731,0.301743039947,-0.169065569784,decay
17.06,left,0.470653266972,0.301731589366,-0.168921677606,decay
17.07,left,0.470490882682,0.301720561304,-0.168770321378,decay
17.08,left,0.470323842053,0.301709904862,-0.168613937191,decay
17.09,left,0.470153950271,0.301699562198,-0.168454388073,decay
17.1,left,0.469983035544,0.301689471236,-0.168293564308,decay
17.11,left,0.469813453732,0.301679568261,-0.168133885471,decay
17.12,left,0.469648098288,0.301669790423,-0.167978307865,decay
17.13,left,0.46948995605,0.301660078213,-0.167829877838,decay
17.14,left,0.469341484952,0.301650377952,-0.167691107,decay
17.15,left,0.469203937695,0.301640644365,-0.16756329333,decay
17.16,left,0.469076868788,0.301630842968,-0.16744602582,decay
17.17,left,0.468958206035,0.301620951389,-0.167337254646,decay
17.18,left,0.46884483502,0.301610958917,-0.167233876103,decay
17.19,left,0.468733299643,0.301600864842,-0.167132434801,decay
17.2,left,0.468620466671,0.301590676528,-0.167029790143,decay
17.21,left,0.46850411007,0.301580407611,-0.166923702459,decay
17.22,left,0.468383188111,0.301570076314,-0.166813111797,decay
17.23,left,0.468257762603,0.301559703864,-0.166698058739,decay
17.24,left,0.468128813775,0.301549312959,-0.166579500816,decay
17.25,left,0.467998047374,0.301538926278,-0.166459121096,decay
17.26,left,0.467867599982,0.301528565052,-0.16633903493,decay
17.27,left,0.4677398101,0.301518247837,-0.166221562263,decay
17.28,left,0.467617290778,0.301507989607,-0.166109301171,decay
17.29,left,0.467503029325,0.301497801043,-0.166005228282,decay
17.3,left,0.467400084871,0.301487687818,-0.165912397053,decay
17.31,left,0.467310922188,0.301477649796,-0.165833272392,decay
17.32,left,0.467236589899,0.301467680116,-0.165768909783,decay
17.33,left,0.467175887529,0.301457764156,-0.165718123373,decay
17.34,left,0.467124911758,0.301447878352,-0.165677033406,decay
17.35,left,0.467077346628,0.301437988866,-0.165639357761,decay
17.36,left,0.467025342329,0.301428050337,-0.165597291992,decay
17.37,left,0.466960632281,0.301418005484,-0.165542626797,decay
17.38,left,0.46687570912,0.301407786167,-0.165467922953,decay
17.39,left,0.466764784713,0.301397315471,-0.165367469241,decay
17.4,left,0.466624159146,0.301386510071,-0.165237649075,decay
17.41,left,0.466452055699,0.301375282575,-0.165076773123,decay
17.42,left,0.466248367811,0.301363543901,-0.164884823909,decay
17.43,left,0.466014490046,0.30135120572,-0.164663284326,decay
17.44,left,0.465753136795,0.30133818305,-0.164414953745,decay
17.45,left,0.465468204007,0.301324397046,-0.164143806961,decay
17.46,left,0.465164674044,0.301309777785,-0.163854896259,decay
17.47,left,0.464848370951,0.301294266215,-0.163554104737,decay
17.48,left,0.464525604956,0.301277814679,-0.163247790277,decay
17.49,left,0.464202930246,0.30126038652,-0.162942543726,decay
17.5,left,0.463886975522,0.301241955692,-0.16264501983,decay
17.51,left,0.463584237666,0.30122250675,-0.162361730916,decay
17.52,left,0.463300982823,0.301202035264,-0.16209894756,decay
17.53,left,0.4630433073,0.301180548659,-0.161862758641,decay
17.54,left,0.462817065062,0.301158067501,-0.16165899756,decay
17.55,left,0.462627507009,0.301134627248,-0.161492879761,decay
17.56,left,0.462478911609,0.301110280034,-0.161368631576,decay
17.57,left,0.462374389925,0.301085095149,-0.161289294776,decay
17.58,left,0.462315732145,0.301059157156,-0.16125657499,decay
17.59,left,0.462303292421,0.301032562387,-0.161270730034,decay
17.6,left,0.462335985801,0.301005415188,-0.161330570613,decay
17.61,left,0.46241121866,0.300977824389,-0.161433394271,decay
17.62,left,0.462524666944,0.300949899999,-0.161574766945,decay
17.63,left,0.462670189041,0.300921750023,-0.161748439019,decay
17.64,left,0.462840101234,0.300893477332,-0.161946623902,decay
17.65,left,0.463025792349,0.300865176512,-0.162160615837,decay
17.66,left,0.463218633653,0.300836930958,-0.162381702695,decay
17.67,left,0.463411030786,0.300808811229,-0.162602219557,decay
17.68,left,0.463597229809,0.300780875429,-0.162816354379,decay
17.69,left,0.463773602302,0.300753170981,-0.16302043132,decay
17.7,left,0.463938567619,0.300725736691,-0.163212830928,decay
17.71,left,0.464092409456,0.300698604653,-0.163393804804,decay
17.72,left,0.464236978404,0.300671801983,-0.163565176421,decay
17.73,left,0.464375304962,0.3006453524,-0.163729952562,decay
17.74,left,0.464511300798,0.300619277668,-0.163892023131,decay
17.75,left,0.46464949595,0.300593598913,-0.164055897036,decay
17.76,left,0.464794622515,0.300568337739,-0.164226284776,decay
17.77,left,0.464951086865,0.300543516769,-0.164407570096,decay
17.78,left,0.46512241742,0.300519159394,-0.164603258026,decay
17.79,left,0.465310666459,0.300495288881,-0.164815377578,decay
17.8,left,0.465515951704,0.300471927212,-0.165044024492,decay
17.81,left,0.465736457606,0.300449093765,-0.16528736384,decay
17.82,left,0.465968823203,0.300426803821,-0.165542019382,decay
17.83,left,0.466208528106,0.300405066878,-0.165803461227,decay
17.84,left,0.466450227955,0.30038388474,-0.166066343215,decay
17.85,left,0.46668831204,0.300363249335,-0.166325062706,decay
17.86,left,0.466917620066,0.300343140586,-0.16657447948,decay
17.87,left,0.467133994306,0.300323525339,-0.166810468968,decay
17.88,left,0.467334571808,0.300304358117,-0.167030213691,decay
17.89,left,0.467517787194,0.300285583147,-0.167232204046,decay
17.9,left,0.467683063421,0.300267136582,-0.167415926839,decay
17.91,left,0.467830472756,0.300248948545,-0.167581524211,decay
17.92,left,0.467960631942,0.300230944994,-0.167729686948,decay
17.93,left,0.468074686535,0.30021304945,-0.167861637085,decay
17.94,left,0.468174214282,0.300195184651,-0.16797902963,decay
17.95,left,0.46826111596,0.300177274154,-0.168083841806,decay
17.96,left,0.468337453531,0.300159243893,-0.168178209637,decay
17.97,left,0.468405045295,0.300141023531,-0.168264021764,decay
17.98,left,0.468464977951,0.300122547519,-0.168342430432,decay
17.99,left,0.468517504306,0.300103755994,-0.168413748312,decay
18,left,0.468562394999,0.300084595746,-0.168477799252,decay
18.01,left,0.468599395669,0.300065021366,-0.168534374303,decay
18.02,left,0.468628603719,0.3000449966,-0.168583607119,decay
18.03,left,0.468650671209,0.300024495963,-0.168626175246,decay
18.04,left,0.468666626379,0.300003506629,-0.16866311975,decay
18.05,left,0.468677401529,0.299982030642,-0.168695370887,decay
18.06,left,0.46868351015,0.29996008704,-0.16872342311,decay
18.07,left,0.468685055233,0.299937712533,-0.1687473427,decay
18.08,left,0.468681866881,0.299914959706,-0.168766907175,decay
18.09,left,0.468673627976,0.29989189349,-0.168781734486,decay
18.1,left,0.468659934354,0.299868587288,-0.168791347065,decay
18.11,left,0.468640152982,0.299845119258,-0.168795033724,decay
18.12,left,0.468613143319,0.299821568734,-0.168791574585,decay
18.13,left,0.468577179926,0.299798012703,-0.168779167222,decay
18.14,left,0.468530145652,0.299774522271,-0.168755623382,decay
18.15,left,0.468469738451,0.29975115903,-0.168718579421,decay
18.16,left,0.4683936488,0.299727971703,-0.168665677097,decay
18.17,left,0.468299787191,0.299704994336,-0.168594792856,decay
18.18,left,0.468186366886,0.299682247012,-0.168504119874,decay
18.19,left,0.468051703322,0.299659738336,-0.168391964986,decay
18.2,left,0.467893955682,0.299637468294,-0.168256487388,decay
18.21,left,0.467711003022,0.299615430975,-0.168095572047,decay
18.22,left,0.467500441738,0.299593617133,-0.167906824604,decay
18.23,left,0.467259786827,0.299572016647,-0.16768777018,decay
18.24,left,0.466986959691,0.299550620896,-0.167436338794,decay
18.25,left,0.466680839669,0.299529425123,-0.167151414546,decay
18.26,left,0.46634161055,0.299508430561,-0.166833179989,decay
18.27,left,0.465970960476,0.299487645692,-0.166483314784,decay
18.28,left,0.46557221735,0.299467086092,-0.166105131258,decay
18.29,left,0.465150257598,0.299446773284,-0.165703484315,decay
18.3,left,0.464711232829,0.2994267333,-0.16528449953,decay
18.31,left,0.464262407299,0.299406995228,-0.16485541207,decay
18.32,left,0.463812072809,0.299387589737,-0.164424483073,decay
18.33,left,0.463369283316,0.299368547547,-0.164000735769,decay
18.34,left,0.462943373706,0.299349897825,-0.163593475881,decay
18.35,left,0.462543311407,0.299331666459,-0.163211644948,decay
18.36,left,0.462176862395,0.299313874376,-0.162862988019,decay
18.37,left,0.461849749308,0.299296536499,-0.162553212809,decay
18.38,left,0.461565149246,0.299279661763,-0.162285487482,decay
18.39,left,0.461323577493,0.299263253847,-0.162060323646,decay
18.4,left,0.461122940942,0.299247311992,-0.16187562895,decay
18.41,left,0.460958843846,0.299231831655,-0.161727012191,decay
18.42,left,0.460825405812,0.299216804986,-0.161608600826,decay
18.43,left,0.460716427562,0.299202221132,-0.16151420643,decay
18.44,left,0.460626485423,0.299188066385,-0.161438419038,decay
18.45,left,0.460551739309,0.299174324173,-0.161377415136,decay
18.46,left,0.460490269314,0.299160974943,-0.161329294371,decay
18.47,left,0.460441780435,0.299147996091,-0.161293784344,decay
18.48,left,0.460406952126,0.299135362062,-0.161271590064,decay
18.49,left,0.460386873101,0.299123044528,-0.161263828573,decay
18.5,left,0.460382613751,0.299111012508,-0.161271601243,decay
18.51,left,0.460394853069,0.299099232374,-0.161295620695,decay
18.52,left,0.460423665141,0.29908766774,-0.161335997401,decay
18.53,left,0.460468496743,0.299076279246,-0.161392217496,decay
18.54,left,0.460528201112,0.29906502424,-0.161463176871,decay
18.55,left,0.460601154874,0.299053856364,-0.16154729851,decay
18.56,left,0.460685580237,0.29904272518,-0.161642855057,decay
18.57,left,0.460779858479,0.29903157625,-0.16174828223,decay
18.58,left,0.460882509515,0.299020351988,-0.161862157526,decay
18.59,left,0.460991887338,0.299008993088,-0.161982894249,decay
18.6,left,0.46110574786,0.298997440123,-0.162108307737,decay
18.61,left,0.461220685656,0.298985635197,-0.16223505046,decay
18.62,left,0.461331641975,0.298973523671,-0.162358118304,decay
18.63,left,0.46143188674,0.298961056002,-0.162470830737,decay
18.64,left,0.461513589641,0.298948189737,-0.162565399904,decay
18.65,left,0.461568812545,0.298934891712,-0.162633920832,decay
18.66,left,0.461590721382,0.298921140132,-0.16266958125,decay
18.67,left,0.461574693375,0.298906925439,-0.162667767936,decay
18.68,left,0.4615188794,0.298892249134,-0.162626630266,decay
18.69,left,0.461424061829,0.298877121192,-0.162546940637,decay
18.7,left,0.4612931045,0.298861557195,-0.162431547306,decay
18.71,left,0.461130296112,0.298845575627,-0.162284720484,decay
18.72,left,0.460940643252,0.298829195331,-0.162111447921,decay
18.73,left,0.460729255914,0.298812433064,-0.16191682285,decay
18.74,left,0.460501031074,0.298795301133,-0.161705729941,decay
18.75,left,0.460260578296,0.298777805049,-0.161482773247,decay
18.76,left,0.460012238675,0.298759941478,-0.161252297197,decay
18.77,left,0.4597601553,0.298741697424,-0.161018457876,decay
18.78,left,0.459508251865,0.29872305135,-0.160785200515,decay
18.79,left,0.459259930796,0.298703975712,-0.160555955085,decay
18.8,left,0.459017672424,0.298684439944,-0.16033323248,decay
18.81,left,0.458782969807,0.298664413545,-0.160118556262,decay
18.82,left,0.458556606364,0.298643869272,-0.159912737092,decay
18.83,left,0.458338853113,0.298622786523,-0.15971606659,decay
18.84,left,0.458129524063,0.298601154938,-0.159528369125,decay
18.85,left,0.457928142197,0.29857897831,-0.159349163887,decay
18.86,left,0.457734119224,0.298556278303,-0.159177840922,decay
18.87,left,0.457546817471,0.298533096333,-0.159013721138,decay
18.88,left,0.457365676429,0.298509492359,-0.15885618407,decay
18.89,left,0.457190423692,0.298485541516,-0.158704882176,decay
18.9,left,0.457021198169,0.298461330311,-0.158559867858,decay
18.91,left,0.456858622723,0.298436953023,-0.1584216697,decay
18.92,left,0.456703865355,0.298412508283,-0.158291357072,decay
18.93,left,0.456558511281,0.298388095776,-0.158170415505,decay
18.94,left,0.456424249436,0.298363812965,-0.158060436472,decay
18.95,left,0.456302634314,0.298339751783,-0.157962882532,decay
18.96,left,0.456194959942,0.298315995519,-0.157878964423,decay
18.97,left,0.456102070965,0.298292616845,-0.15780945412,decay
18.98,left,0.456024174843,0.29826967768,-0.157754497163,decay
18.99,left,0.45596085387,0.29824723029,-0.157713623579,decay
19,left,0.455911189376,0.298225318606,-0.15768587077,decay
19.01,left,0.455873830479,0.298203979305,-0.157669851174,decay
19.02,left,0.455847078901,0.298183242657,-0.157663836244,decay
19.03,left,0.455828956449,0.298163133118,-0.157665823332,decay
19.04,left,0.455817051811,0.298143669682,-0.157673382129,decay
19.05,left,0.455808299823,0.298124865993,-0.15768343383,decay
19.06,left,0.455799082434,0.298106730273,-0.157692352162,decay
19.07,left,0.455785715146,0.298089265301,-0.157696449845,decay
19.08,left,0.455765146123,0.298072468602,-0.157692677521,decay
19.09,left,0.455735704363,0.298056332714,-0.157679371649,decay
19.1,left,0.455697587633,0.298040845318,-0.157656742315,decay
19.11,left,0.455652758886,0.298025989124,-0.157626769762,decay
19.12,left,0.455604392844,0.298011741531,-0.157592651313,decay
19.13,left,0.455556360938,0.297998074028,-0.15755828691,decay
19.14,left,0.455512891967,0.297984951355,-0.157527940612,decay
19.15,left,0.455478232474,0.29797233042,-0.157505902054,decay
19.16,left,0.455456358904,0.29796015919,-0.157496199714,decay
19.17,left,0.455450788625,0.297948376367,-0.157502412258,decay
19.18,left,0.455464251761,0.297936912421,-0.157527339339,decay
19.19,left,0.455498223594,0.297925691574,-0.15757253202,decay
19.2,left,0.455552707453,0.29791463397,-0.157638073483,decay
19.21,left,0.455626471984,0.297903657745,-0.157722814239,decay
19.22,left,0.45571760029,0.297892681028,-0.157824919262,decay
19.23,left,0.455824152137,0.29788162392,-0.157942528216,decay
19.24,left,0.45594466635,0.297870410504,-0.158074255846,decay
19.25,left,0.456078154848,0.297858970933,-0.158219183914,decay
19.26,left,0.456223647092,0.297847243466,-0.158376403626,decay
19.27,left,0.456379836893,0.297835175852,-0.158544661041,decay
19.28,left,0.456545139304,0.297822725655,-0.15872241365,decay
19.29,left,0.456717994988,0.297809859883,-0.158908135105,decay
19.3,left,0.45689733654,0.297796554574,-0.159100781966,decay
19.31,left,0.457083192349,0.297782794609,-0.159300397739,decay
19.32,left,0.45727711005,0.297768573768,-0.159508536282,decay
19.33,left,0.457482134161,0.297753895049,-0.159728239113,decay
19.34,left,0.457702483436,0.297738771241,-0.159963712196,decay
19.35,left,0.457943109345,0.297723225775,-0.16021988357,decay
19.36,left,0.458209151067,0.297707293572,-0.160501857495,decay
19.37,left,0.458505423458,0.29769102104,-0.160814402418,decay
19.38,left,0.458836033944,0.297674464574,-0.16116156937,decay
19.39,left,0.45920390458,0.297657688003,-0.161546216577,decay
19.4,left,0.459610082439,0.297640759827,-0.161969322612,decay
19.41,left,0.460053171979,0.297623750556,-0.162429421423,decay
19.42,left,0.460529158148,0.297606730111,-0.162922428037,decay
19.43,left,0.461031442213,0.297589765246,-0.163441676967,decay
19.44,left,0.461550980729,0.297572916915,-0.163978063814,decay
19.45,left,0.462076709952,0.297556237536,-0.164520472415,decay
19.46,left,0.462596255915,0.297539768415,-0.1650564875,decay
19.47,left,0.46309675395,0.297523538259,-0.165573215692,decay
19.48,left,0.463565749801,0.297507563508,-0.166058186293,decay
19.49,left,0.463992141263,0.297491849902,-0.16650029136,decay
19.5,left,0.464366967671,0.297476394283,-0.166890573389,decay
19.51,left,0.464683945428,0.297461186213,-0.167222759216,decay
19.52,left,0.464939739803,0.297446209431,-0.167493530371,decay
19.53,left,0.465133797454,0.297431443143,-0.167702354311,decay
19.54,left,0.465267562327,0.297416863183,-0.167850699144,decay
19.55,left,0.465343343573,0.297402443075,-0.167940900498,decay
19.56,left,0.465363405408,0.297388155011,-0.167975250396,decay
19.57,left,0.465329541927,0.297373970811,-0.167955571116,decay
19.58,left,0.465243114982,0.297359862879,-0.167883252103,decay
19.59,left,0.465105528917,0.297345805199,-0.167759723718,decay
19.6,left,0.464918830402,0.297331774331,-0.16758705607,decay
19.61,left,0.464685936257,0.297317750447,-0.16736818581,decay
19.62,left,0.464410419217,0.29730371841,-0.167106700807,decay
19.63,left,0.464096134255,0.297289668931,-0.166806465324,decay
19.64,left,0.463746889342,0.297275599816,-0.166471289526,decay
19.65,left,0.463366335889,0.297261517332,-0.166104818557,decay
19.66,left,0.462958234195,0.297247437472,-0.165710796723,decay
19.67,left,0.462526889408,0.297233386391,-0.165293503017,decay
19.68,left,0.462077307501,0.297219399477,-0.164857908024,decay
19.69,left,0.461615011177,0.297205519429,-0.164409491747,decay
19.7,left,0.461145859738,0.297191794104,-0.163954065634,decay
19.71,left,0.460675921356,0.297178274382,-0.163497646973,decay
19.72,left,0.46021116309,0.297165012049,-0.163046151041,decay
19.73,left,0.459757045895,0.297152057633,-0.162604988262,decay
19.74,left,0.459318218584,0.297139458161,-0.162178760423,decay
19.75,left,0.458898243141,0.297127254785,-0.161770988356,decay
19.76,left,0.458499383884,0.297115480462,-0.161383903422,decay
19.77,left,0.458122672796,0.29710415842,-0.161018514376,decay
19.78,left,0.457768204669,0.297093301927,-0.160674902742,decay
19.79,left,0.457435406034,0.297082914934,-0.1603524911,decay
19.8,left,0.457123258706,0.297072992808,-0.160050265898,decay
19.81,left,0.456830601556,0.297063522834,-0.159767078722,decay
19.82,left,0.456556418983,0.297054484473,-0.15950193451,decay
19.83,left,0.456300047782,0.297045849392,-0.15925419839,decay
19.84,left,0.456061496091,0.297037581245,-0.159023914847,decay
19.85,left,0.455841856239,0.297029635245,-0.158812220995,decay
19.86,left,0.455643437593,0.29702195769,-0.158621479903,decay
19.87,left,0.455469498372,0.297014486062,-0.15845501231,decay
19.88,left,0.455323755919,0.29700715016,-0.158316605759,decay
19.89,left,0.455209704952,0.296999873951,-0.158209831001,decay
19.9,left,0.455129802312,0.296992577582,-0.15813722473,decay
19.91,left,0.455084840961,0.296985179328,-0.158099661633,decay
19.92,left,0.455073675376,0.296977597524,-0.158096077852,decay
19.93,left,0.455093144574,0.296969752516,-0.158123392057,decay
19.94,left,0.455138142113,0.2969615687,-0.158176573412,decay
19.95,left,0.455201881778,0.296952976679,-0.158248905099,decay
19.96,left,0.455276223982,0.29694391538,-0.158332308602,decay
19.97,left,0.455351976105,0.296934333446,-0.158417642659,decay
19.98,left,0.455419381303,0.296924189405,-0.158495191898,decay
19.99,left,0.45546889066,0.296913451038,-0.158555439622,decay
20,left,0.455491882196,0.296902094702,-0.158589787494,decay
20.01,left,0.455481126891,0.296890104914,-0.158591021977,decay
20.02,left,0.45543120434,0.296877474211,-0.158553730129,decay
20.03,left,0.455338926176,0.296864203306,-0.15847472287,decay
20.04,left,0.455203628979,0.296850301529,-0.15835332745,decay
20.05,left,0.455027301152,0.29683578756,-0.158191513592,decay
20.06,left,0.454814428885,0.296820690238,-0.157993738647,decay
20.07,left,0.454571385646,0.296805048672,-0.157766336974,decay
20.08,left,0.454305541699,0.296788911095,-0.157516630605,decay
20.09,left,0.454024525686,0.296772332863,-0.157252192824,decay
20.1,left,0.453735800311,0.296755374343,-0.156980425968,decay
20.11,left,0.453446406009,0.296738098956,-0.156708307053,decay
20.12,left,0.453162816932,0.296720571371,-0.15644224556,decay
20.13,left,0.452890884731,0.296702855797,-0.156188028934,decay
20.14,left,0.452635575021,0.296685014324,-0.155950560698,decay
20.15,left,0.452400368012,0.296667105291,-0.155733262721,decay
20.16,left,0.452186751493,0.296649181774,-0.155537569719,decay
20.17,left,0.451994204012,0.296631290663,-0.155362913349,decay
20.18,left,0.451820652971,0.296613472665,-0.155207180306,decay
20.19,left,0.451663292108,0.29659576294,-0.155067529169,decay
20.2,left,0.451519558191,0.296578191861,-0.154941366329,decay
20.21,left,0.451387841194,0.296560785689,-0.154827055505,decay
20.22,left,0.451267653094,0.296543567143,-0.154724085952,decay
20.23,left,0.451159389984,0.296526555882,-0.154632834102,decay
20.24,left,0.451063862379,0.296509768883,-0.154554093496,decay
20.25,left,0.450981633023,0.29649322073,-0.154488412293,decay
20.26,left,0.450912423652,0.296476923813,-0.154435499838,decay
20.27,left,0.450855014262,0.296460888474,-0.154394125788,decay
20.28,left,0.450807571923,0.296445123105,-0.154362448818,decay
20.29,left,0.450767961099,0.296429634194,-0.154338326905,decay
20.3,left,0.450733979395,0.29641442629,-0.154319553105,decay
20.31,left,0.450703692686,0.296399501856,-0.15430419083,decay
20.32,left,0.450675758427,0.296384861033,-0.154290897394,decay
20.33,left,0.450649681297,0.296370501285,-0.154279180011,decay
20.34,left,0.450626102076,0.296356416939,-0.154269685137,decay
20.35,left,0.450606937214,0.296342598594,-0.15426433862,decay
20.36,left,0.450595110679,0.296329032487,-0.154266078192,decay
20.37,left,0.450593972897,0.296315700005,-0.154278272892,decay
20.38,left,0.450606589959,0.296302577523,-0.154304012436,decay
20.39,left,0.450634920338,0.296289636438,-0.1543452839,decay
20.4,left,0.450679064286,0.296276843173,-0.154402221113,decay
20.41,left,0.450737003741,0.296264159065,-0.154472844676,decay
20.42,left,0.450804916347,0.296251540136,-0.154553376211,decay
20.43,left,0.450877732603,0.296238936754,-0.15463879585,decay
20.44,left,0.450949770311,0.296226293185,-0.154723477126,decay
20.45,left,0.451015469308,0.296213547051,-0.154801922257,decay
20.46,left,0.451070066886,0.296200628849,-0.154869438037,decay
20.47,left,0.451110067927,0.296187462083,-0.154922605844,decay
20.48,left,0.451133606157,0.296173964387,-0.15495964177,decay
20.49,left,0.451140691397,0.296160049405,-0.154980641991,decay
20.5,left,0.451133113077,0.296145628929,-0.154987484148,decay
20.51,left,0.451113989756,0.296130615128,-0.154983374628,decay
20.52,left,0.451087226236,0.296114922917,-0.15497230332,decay
20.53,left,0.451056980137,0.29609847251,-0.154958507627,decay
20.54,left,0.451027122673,0.296081192237,-0.154945930436,decay
20.55,left,0.451000877203,0.296063021673,-0.15493785553,decay
20.56,left,0.450980763465,0.29604391475,-0.154936848715,decay
20.57,left,0.450968617582,0.296023841668,-0.154944775914,decay
20.58,left,0.450965497338,0.296002788694,-0.154962708644,decay
20.59,left,0.450971576104,0.295980756586,-0.154990819518,decay
20.6,left,0.450986052723,0.2959577589,-0.155028293823,decay
20.61,left,0.45100704372,0.295933820706,-0.155073223014,decay
20.62,left,0.451031681619,0.29590897773,-0.155122703889,decay
20.63,left,0.451056556001,0.295883275894,-0.155173280108,decay
20.64,left,0.451078256268,0.29585677125,-0.155221485018,decay
20.65,left,0.451093876299,0.295829530294,-0.155264346006,decay
20.66,left,0.451101577613,0.295801630372,-0.15529994724,decay
20.67,left,0.451101065554,0.2957731594,-0.155327906154,decay
20.68,left,0.45109364708,0.295744214227,-0.155349432854,decay
20.69,left,0.451081859427,0.295714898087,-0.155366961339,decay
20.7,left,0.451068929721,0.295685317897,-0.155383611824,decay
20.71,left,0.451058182207,0.295655581667,-0.15540260054,decay
20.72,left,0.451052461923,0.295625796005,-0.155426665919,decay
20.73,left,0.451053793118,0.295596063634,-0.155457729484,decay
20.74,left,0.451063292649,0.295566480861,-0.155496811788,decay
20.75,left,0.451081119968,0.295537134931,-0.155543985036,decay
20.76,left,0.451106486015,0.295508101489,-0.155598384526,decay
20.77,left,0.451137876224,0.295479442969,-0.155658433255,decay
20.78,left,0.451173345029,0.295451208549,-0.15572213648,decay
20.79,left,0.451210702578,0.295423435129,-0.155787267448,decay
20.8,left,0.451247737539,0.295396148431,-0.155851589108,decay
20.81,left,0.451282602934,0.295369363828,-0.155913239106,decay
20.82,left,0.451314169772,0.295343086896,-0.155971082876,decay
20.83,left,0.451342161394,0.295317313682,-0.156024847712,decay
20.84,left,0.451367091423,0.295292030693,-0.15607506073,decay
20.85,left,0.451389931267,0.295267214608,-0.156122716659,decay
20.86,left,0.45141141108,0.295242831958,-0.156168579122,decay
20.87,left,0.451431270642,0.295218839521,-0.156212431121,decay
20.88,left,0.451447866542,0.295195186025,-0.156252680517,decay
20.89,left,0.451458126642,0.295171814756,-0.156286311886,decay
20.9,left,0.45145776371,0.295148666345,-0.156309097364,decay
20.91,left,0.451441810898,0.295125681476,-0.156316129421,decay
20.92,left,0.45140535692,0.295102803529,-0.156302553392,decay
20.93,left,0.451344245067,0.295079981228,-0.156264263839,decay
20.94,left,0.45125572783,0.295057171354,-0.156198556476,decay
20.95,left,0.451139094368,0.295034341558,-0.15610475281,decay
20.96,left,0.450996023908,0.295011472997,-0.155984550911,decay
20.97,left,0.450830509915,0.294988561723,-0.155841948192,decay
20.98,left,0.450648572849,0.294965618028,-0.155682954821,decay
20.99,left,0.450457870099,0.294942664371,-0.155515205728,decay
21,left,0.450267052035,0.294919732986,-0.155347319049,decay
21.01,left,0.450084969156,0.294896863607,-0.155188105549,decay
21.02,left,0.449919970205,0.294874101314,-0.155045868891,decay
21.03,left,0.449779236975,0.294851494438,-0.154927742537,decay
21.04,left,0.44966812861,0.294829092493,-0.154839036116,decay
21.05,left,0.449589804125,0.294806944094,-0.154782860032,decay
21.06,left,0.449545297264,0.294785094982,-0.154760202281,decay
21.07,left,0.449533935807,0.294763586715,-0.154770349092,decay
21.08,left,0.449553994661,0.294742456393,-0.154811538268,decay
21.09,left,0.449603461517,0.294721737108,-0.154881724408,decay
21.1,left,0.449680567697,0.294701458489,-0.154979109208,decay
21.11,left,0.44978380634,0.294681647115,-0.155102159225,decay
21.12,left,0.449911628815,0.294662326771,-0.155249302044,decay
21.13,left,0.450062183654,0.294643518538,-0.155418665116,decay
21.14,left,0.450233196664,0.294625240718,-0.155607955946,decay
21.15,left,0.450422011286,0.29460750859,-0.155814502695,decay
21.16,left,0.450625854771,0.294590334068,-0.156035520703,decay
21.17,left,0.450842103902,0.294573725525,-0.156268378377,decay
21.18,left,0.451068183545,0.29455768799,-0.156510495554,decay
21.19,left,0.451301138054,0.294542223549,-0.156758914505,decay
21.2,left,0.451537188359,0.294527331685,-0.157009856674,decay
21.21,left,0.451771455734,0.294513009443,-0.157258446291,decay
21.22,left,0.451998012715,0.294499251412,-0.157498761303,decay
21.23,left,0.452210427043,0.294486049523,-0.157724377519,decay
21.24,left,0.452402630205,0.294473392667,-0.157929237537,decay
21.25,left,0.452569698733,0.29446126612,-0.158108432613,decay
21.26,left,0.452708392376,0.294449650903,-0.158258741472,decay
21.27,left,0.452817532024,0.294438523466,-0.158379008559,decay
21.28,left,0.45289815396,0.294427855971,-0.158470297989,decay
21.29,left,0.452953410946,0.294417616991,-0.158535793956,decay
21.3,left,0.452988429029,0.294407772207,-0.158580656821,decay
21.31,left,0.45301006724,0.294398284974,-0.158611782266,decay
21.32,left,0.453026224021,0.294389116742,-0.158637107279,decay
21.33,left,0.45304471866,0.294380227366,-0.158664491294,decay
21.34,left,0.453072158237,0.294371575305,-0.158700582931,decay
21.35,left,0.453113048183,0.294363117732,-0.158749930452,decay
21.36,left,0.453169277099,0.294354810587,-0.158814466513,decay
21.37,left,0.453240142094,0.294346608679,-0.158893533416,decay
21.38,left,0.453322829737,0.294338465902,-0.158984363835,decay
21.39,left,0.453412994635,0.294330335543,-0.159082659092,decay
21.4,left,0.45350533429,0.294322170597,-0.159183163693,decay
21.41,left,0.453594328375,0.294313924085,-0.15928040429,decay
21.42,left,0.453674974048,0.294305549377,-0.159369424671,decay
21.43,left,0.453743126467,0.294297000542,-0.159446125925,decay
21.44,left,0.453795477505,0.294288232739,-0.159507244766,decay
21.45,left,0.453829442542,0.294279202676,-0.159550239866,decay
21.46,left,0.453843018749,0.294269869088,-0.159573149662,decay
21.47,left,0.453834730325,0.294260193102,-0.159574537223,decay
21.48,left,0.453803862218,0.29425013839,-0.159553723828,decay
21.49,left,0.453750810826,0.294239671195,-0.15951113963,decay
21.5,left,0.453677168236,0.294228760426,-0.15944840781,decay
21.51,left,0.453585482724,0.294217377887,-0.159368104836,decay
21.52,left,0.453478846392,0.294205498672,-0.15927334772,decay
21.53,left,0.453360329156,0.294193101717,-0.159167227439,decay
21.54,left,0.453232345913,0.294180170555,-0.159052175358,decay
21.55,left,0.453096282637,0.294166694258,-0.158929588379,decay
21.56,left,0.452952538744,0.294152668415,-0.158799870329,decay
21.57,left,0.45280078415,0.294138095553,-0.158662688597,decay
21.58,left,0.452640306246,0.294122984551,-0.158517321695,decay
21.59,left,0.452470464043,0.294107349395,-0.158363114648,decay
21.6,left,0.452291095899,0.294091207859,-0.15819988804,decay
21.61,left,0.452102793785,0.294074580363,-0.158028213421,decay
21.62,left,0.451907156733,0.294057489001,-0.157849667732,decay
21.63,left,0.45170687807,0.294039956708,-0.157666921362,decay
21.64,left,0.451505366056,0.294022006571,-0.157483359485,decay
21.65,left,0.451306040473,0.294003661244,-0.15730237923,decay
21.66,left,0.451111714565,0.293984942469,-0.157126772096,decay
21.67,left,0.450924186305,0.293965870729,-0.156958315577,decay
21.68,left,0.450744017214,0.293946465021,-0.156797552193,decay
21.69,left,0.450570661555,0.293926742745,-0.156643918809,decay
21.7,left,0.450403006336,0.293906719662,-0.156496286674,decay
21.71,left,0.450240003061,0.293886409905,-0.156353593156,decay
21.72,left,0.450081146905,0.293865826041,-0.156215320864,decay
21.73,left,0.449926881378,0.293844979186,-0.156081902192,decay
21.74,left,0.449778853035,0.293823879156,-0.15595497388,decay
21.75,left,0.449639812421,0.293802534669,-0.155837277752,decay
21.76,left,0.449513270433,0.293780953586,-0.155732316847,decay
21.77,left,0.44940305324,0.293759143139,-0.155643910101,decay
21.78,left,0.449312665903,0.293737110131,-0.155575555772,decay
21.79,left,0.449244567833,0.293714861133,-0.1555297067,decay
21.8,left,0.44919971643,0.29369240271,-0.15550731372,decay
21.81,left,0.449177450098,0.293669741701,-0.155507708398,decay
21.82,left,0.449175462766,0.293646885557,-0.155528577208,decay
21.83,left,0.449189828717,0.293623842742,-0.155565985975,decay
21.84,left,0.449215268888,0.293600623189,-0.155614645699,decay
21.85,left,0.449245649192,0.293577238842,-0.15566841035,decay
21.86,left,0.449274600086,0.293553704217,-0.155720895869,decay
21.87,left,0.449296280414,0.293530036874,-0.15576624354,decay
21.88,left,0.44930610897,0.293506257697,-0.155799851273,decay
21.89,left,0.449301116911,0.293482391054,-0.155818725857,decay
21.9,left,0.44927995406,0.293458464982,-0.155821489078,decay
21.91,left,0.4492428162,0.293434511444,-0.155808304756,decay
21.92,left,0.449191277934,0.293410566664,-0.155780711269,decay
21.93,left,0.449127934784,0.293386671539,-0.155741263245,decay
21.94,left,0.449056012353,0.293362872113,-0.15569314024,decay
21.95,left,0.448979038131,0.293339220136,-0.155639817995,decay
21.96,left,0.448900423665,0.293315773515,-0.15558465015,decay
21.97,left,0.448823013989,0.293292596211,-0.155530417778,decay
21.98,left,0.448748926977,0.293269757171,-0.155479169807,decay
21.99,left,0.448679688151,0.293247328566,-0.155432359585,decay
22,left,0.448616393345,0.293225383763,-0.155391009582,decay
22.01,left,0.44855987801,0.293203995198,-0.155355882812,decay
22.02,left,0.44851089554,0.293183232116,-0.155327663424,decay
22.03,left,0.448470067298,0.293163158113,-0.155306909185,decay
22.04,left,0.448437603376,0.29314382844,-0.155293774936,decay
22.05,left,0.448413085034,0.293125286998,-0.155287798036,decay
22.06,left,0.448395360926,0.293107563369,-0.155287797557,decay
22.07,left,0.44838242979,0.293090671099,-0.155291758691,decay
22.08,left,0.448371387011,0.293074608128,-0.155296778883,decay
22.09,left,0.448358586884,0.293059358662,-0.155299228222,decay
22.1,left,0.448339965351,0.293044895209,-0.155295070142,decay
22.11,left,0.448311403392,0.293031180264,-0.155280223128,decay
22.12,left,0.448269178798,0.293018167642,-0.155251011156,decay
22.13,left,0.448210461807,0.293005803489,-0.155204658318,decay
22.14,left,0.448133556149,0.292994026987,-0.155139529162,decay
22.15,left,0.448037810998,0.292982770796,-0.155055040203,decay
22.16,left,0.447923401839,0.292971961386,-0.154951440453,decay
22.17,left,0.447791029627,0.292961519781,-0.154829509847,decay
22.18,left,0.447641638785,0.292951363075,-0.154690275709,decay
22.19,left,0.447476418592,0.292941406515,-0.154535012076,decay
22.2,left,0.44729703217,0.292931565695,-0.154365466475,decay
22.21,left,0.447105725257,0.292921758728,-0.15418396653,decay
22.22,left,0.446905222433,0.292911908426,-0.153993314008,decay
22.23,left,0.446698569529,0.292901944548,-0.153796624981,decay
22.24,left,0.446488924898,0.292891806164,-0.153597118733,decay
22.25,left,0.446279251599,0.292881444202,-0.153397807398,decay
22.26,left,0.446072086259,0.292870823885,-0.153201262374,decay
22.27,left,0.445869473837,0.292859926114,-0.153009547723,decay
22.28,left,0.445672914498,0.292848747034,-0.152824167464,decay
22.29,left,0.445483365115,0.292837296383,-0.152646068733,decay
22.3,left,0.445301470603,0.292825595649,-0.152475874954,decay
22.31,left,0.44512783539,0.292813676447,-0.152314158943,decay
22.32,left,0.444963064099,0.292801579112,-0.152161484987,decay
22.33,left,0.444807680187,0.292789351496,-0.152018328691,decay
22.34,left,0.444662052782,0.292777047914,-0.151885004868,decay
22.35,left,0.444526242643,0.292764728237,-0.151761514406,decay
22.36,left,0.444399834959,0.292752457004,-0.151647377955,decay
22.37,left,0.444281972833,0.292740302292,-0.151541670541,decay
22.38,left,0.444171536514,0.292728334105,-0.151443202409,decay
22.39,left,0.44406724318,0.292716622408,-0.151350620771,decay
22.4,left,0.443967692536,0.292705234983,-0.151262457553,decay
22.41,left,0.443871502651,0.292694235183,-0.151177267468,decay
22.42,left,0.44377739807,0.292683679543,-0.151093718527,decay
22.43,left,0.443684108578,0.292673615171,-0.151010493407,decay
22.44,left,0.443590285069,0.292664076889,-0.15092620818,decay
22.45,left,0.443494522236,0.292655084052,-0.150839438184,decay
22.46,left,0.443395298577,0.292646637496,-0.150748661081,decay
22.47,left,0.443290932611,0.292638718104,-0.150652214507,decay
22.48,left,0.443179876859,0.292631288162,-0.150548588697,decay
22.49,left,0.443061319516,0.292624294605,-0.15043702491,decay
22.5,left,0.442935778945,0.29261767264,-0.150318106306,decay
22.51,left,0.442805451835,0.292611349113,-0.150194102723,decay
22.52,left,0.442674124361,0.292605245664,-0.150068878697,decay
22.53,left,0.442546524435,0.292599281719,-0.149947242715,decay
22.54,left,0.442427370116,0.292593377389,-0.149833992727,decay
22.55,left,0.442320615913,0.292587456351,-0.149733159562,decay
22.56,left,0.442229050641,0.292581448524,-0.149647602117,decay
22.57,left,0.44215410201,0.292575291864,-0.149578810146,decay
22.58,left,0.442095905596,0.29256893276,-0.149526972836,decay
22.59,left,0.442053709134,0.292562325474,-0.14949138366,decay
22.6,left,0.442026419532,0.292555431416,-0.149470988116,decay
22.61,left,0.442013137549,0.292548218561,-0.149464918989,decay
22.62,left,0.442013647894,0.292540661045,-0.149472986849,decay
22.63,left,0.44202870006,0.292532738939,-0.149495961121,decay
22.64,left,0.442059888353,0.292524438204,-0.14953545015,decay
22.65,left,0.442109234353,0.292515750823,-0.14959348353,decay
22.66,left,0.442178716457,0.292506675044,-0.149672041413,decay
22.67,left,0.442269811736,0.292497215413,-0.149772596323,decay
22.68,left,0.442383141845,0.292487382419,-0.149895759426,decay
22.69,left,0.442518492089,0.292477191872,-0.150041300218,decay
22.7,left,0.442675177443,0.292466664333,-0.15020851311,decay
22.71,left,0.442852319533,0.292455824696,-0.150396494837,decay
22.72,left,0.443048846025,0.292444701925,-0.150604144099,decay
22.73,left,0.443263405716,0.292433328929,-0.150830076786,decay
22.74,left,0.443494256808,0.292421742573,-0.151072514235,decay
22.75,left,0.443739115215,0.292409983819,-0.151329131396,decay
22.76,left,0.443995116037,0.292398097826,-0.151597018211,decay
22.77,left,0.444258847199,0.292386133553,-0.151872713646,decay
22.78,left,0.444526190254,0.292374142483,-0.15215204777,decay
22.79,left,0.444792010572,0.292362176711,-0.152429833862,decay
22.8,left,0.445050047132,0.292350286829,-0.152699760304,decay
22.81,left,0.445293162357,0.292338519766,-0.152954642591,decay
22.82,left,0.445513884402,0.292326916555,-0.153186967847,decay
22.83,left,0.445705225884,0.292315509967,-0.153389715917,decay
22.84,left,0.445861624143,0.292304321979,-0.153557302164,decay
22.85,left,0.445979563185,0.292293361026,-0.153686202159,decay
22.86,left,0.446057712952,0.292282619407,-0.153775093545,decay
22.87,left,0.446096846472,0.292272072152,-0.153824774319,decay
22.88,left,0.446099618793,0.292261678335,-0.153837940458,decay
22.89,left,0.446070130852,0.29225138409,-0.153818746762,decay
22.9,left,0.446013437516,0.292241126008,-0.153772311507,decay
22.91,left,0.445935113907,0.292230834411,-0.153704279496,decay
22.92,left,0.44584074606,0.292220436506,-0.153620309553,decay
22.93,left,0.445735383322,0.292209859515,-0.153525523807,decay
22.94,left,0.445623194057,0.292199033815,-0.153424160242,decay
22.95,left,0.4455073326,0.292187896184,-0.153319436416,decay
22.96,left,0.445389868015,0.292176392864,-0.15321347515,decay
22.97,left,0.445271851733,0.292164481438,-0.153107370296,decay
22.98,left,0.445153656296,0.292152130753,-0.153001525543,decay
22.99,left,0.445035402998,0.292139319532,-0.152896083466,decay
23,left,0.444917265672,0.292126034744,-0.152791230928,decay
23.01,left,0.444799734329,0.292112270185,-0.152687464144,decay
23.02,left,0.444683851593,0.292098025289,-0.152585826305,decay
23.03,left,0.444571267494,0.292083304141,-0.152487963353,decay
23.04,left,0.444464212728,0.292068114693,-0.152396098035,decay
23.05,left,0.444365559245,0.292052468156,-0.152313091089,decay
23.06,left,0.444278795928,0.292036378544,-0.152242417384,decay
23.07,left,0.444207701731,0.292019862306,-0.152187839425,decay
23.08,left,0.444155777554,0.292002937996,-0.152152839558,decay
23.09,left,0.444125590781,0.291985626001,-0.15213996478,decay
23.1,left,0.444118152948,0.291967948376,-0.152150204572,decay
23.11,left,0.444132595101,0.291949928798,-0.152182666303,decay
23.12,left,0.444166439782,0.291931592645,-0.152234847137,decay
23.13,left,0.444216316144,0.291912967178,-0.152303348966,decay
23.14,left,0.444278653171,0.291894081843,-0.152384571328,decay
23.15,left,0.444350190141,0.291874968668,-0.152475221473,decay
23.16,left,0.444428298672,0.29185566271,-0.152572635962,decay
23.17,left,0.44451095545,0.291836202319,-0.152674753131,decay
23.18,left,0.444596433184,0.291816629062,-0.152779804122,decay
23.19,left,0.44468305945,0.29179698742,-0.15288607203,decay
23.2,left,0.444769133693,0.291777324461,-0.152991809232,decay
23.21,left,0.444852823016,0.291757689559,-0.153095133457,decay
23.22,left,0.444932053091,0.291738134161,-0.15319391893,decay
23.23,left,0.445004527538,0.291718711575,-0.153285815963,decay
23.24,left,0.445067744915,0.291699476768,-0.153368268147,decay
23.25,left,0.445118888365,0.291680486158,-0.153438402207,decay
23.26,left,0.445154829654,0.291661797359,-0.153493032295,decay
23.27,left,0.445172423938,0.29164346878,-0.153528955158,decay
23.28,left,0.445168890005,0.291625559011,-0.153543330994,decay
23.29,left,0.445142145294,0.291608126007,-0.153534019287,decay
23.3,left,0.445091174793,0.291591226125,-0.153499948668,decay
23.31,left,0.445016317287,0.291574913007,-0.15344140428,decay
23.32,left,0.444919283523,0.291559236292,-0.153360047231,decay
23.33,left,0.444802950402,0.291544240116,-0.153258710286,decay
23.34,left,0.444670942135,0.29152996136,-0.153140980774,decay
23.35,left,0.444526973483,0.291516427623,-0.153010545859,decay
23.36,left,0.444374248119,0.291503655174,-0.152870592946,decay
23.37,left,0.444215270339,0.291491647849,-0.15272362249,decay
23.38,left,0.444052019552,0.291480397616,-0.152571621935,decay
23.39,left,0.44388625265,0.291469886234,-0.152416366415,decay
23.4,left,0.443719923921,0.291460087024,-0.152259836897,decay
23.41,left,0.443555681843,0.291450966356,-0.152104715487,decay
23.42,left,0.443397128269,0.291442484849,-0.15195464342,decay
23.43,left,0.443248720527,0.291434598306,-0.151814122221,decay
23.44,left,0.443115527577,0.291427258417,-0.151688269159,decay
23.45,left,0.443002832328,0.29142041324,-0.151582419088,decay
23.46,left,0.442915432141,0.291414007538,-0.151501424603,decay
23.47,left,0.44285683287,0.291407983113,-0.151448849757,decay
23.48,left,0.442828612221,0.291402279267,-0.151426332954,decay
23.49,left,0.442830040968,0.291396833321,-0.151433207647,decay
23.5,left,0.442858128299,0.291391581094,-0.151466547204,decay
23.51,left,0.442908209216,0.291386457293,-0.151521751923,decay
23.52,left,0.442974800208,0.291381395838,-0.151593404371,decay
23.53,left,0.44305234284,0.291376330142,-0.151676012698,decay
23.54,left,0.443135731337,0.291371193369,-0.151764537968,decay
23.55,left,0.443220654378,0.291365918686,-0.151854735692,decay
23.56,left,0.443303725555,0.291360439525,-0.15194328603,decay
23.57,left,0.443382484678,0.29135468984,-0.152027794838,decay
23.58,left,0.443455510701,0.291348604353,-0.152106906348,decay
23.59,left,0.443522669155,0.291342118838,-0.152180550317,decay
23.6,left,0.443585243802,0.29133517048,-0.152250073322,decay
23.61,left,0.443645843418,0.291327698369,-0.152318145049,decay
23.62,left,0.443708108259,0.291319644128,-0.152388464131,decay
23.63,left,0.443776178729,0.291310952718,-0.152465226011,decay
23.64,left,0.44385404278,0.291301573448,-0.152552469331,decay
23.65,left,0.443945057923,0.291291461203,-0.15265359672,decay
23.66,left,0.444051709544,0.291280577694,-0.15277113185,decay
23.67,left,0.444175384336,0.291268891986,-0.15290649235,decay
23.68,left,0.444316125398,0.291256379753,-0.153059745645,decay
23.69,left,0.444472578382,0.291243021683,-0.153229556698,decay
23.7,left,0.444642083938,0.291228801826,-0.153413282112,decay
23.71,left,0.444820654917,0.291213706166,-0.153606948752,decay
23.72,left,0.445002882541,0.291197721455,-0.153805161086,decay
23.73,left,0.445182008049,0.291180834269,-0.15400117378,decay
23.74,left,0.44535022963,0.291163030292,-0.154187199338,decay
23.75,left,0.44549931553,0.291144293806,-0.154355021723,decay
23.76,left,0.445621543756,0.291124607435,-0.154496936321,decay
23.77,left,0.445710575646,0.291103952253,-0.154606623393,decay
23.78,left,0.445761772806,0.291082308365,-0.154679464442,decay
23.79,left,0.445771993304,0.291059655886,-0.154712337419,decay
23.8,left,0.445739262972,0.291035976239,-0.154703286732,decay
23.81,left,0.445662481291,0.291011253724,-0.154651227567,decay
23.82,left,0.44554116065,0.290985477391,-0.154555683259,decay
23.83,left,0.445375385307,0.290958643253,-0.154416742054,decay
23.84,left,0.44516603929,0.290930756872,-0.154235282417,decay
23.85,left,0.444914987878,0.290901836365,-0.154013151513,decay
23.86,left,0.444625068998,0.2908719154,-0.153753153598,decay
23.87,left,0.44430009583,0.290841044773,-0.153459051057,decay
23.88,left,0.443944919679,0.290809291493,-0.153135628186,decay
23.89,left,0.443565456605,0.290776736168,-0.152788720438,decay
23.9,left,0.443168709184,0.290743470157,-0.152425239027,decay
23.91,left,0.442762679834,0.290709593039,-0.152053086795,decay
23.92,left,0.442355944392,0.290675210388,-0.151680734004,decay
23.93,left,0.441956997122,0.290640431802,-0.15131656532,decay
23.94,left,0.441573711663,0.290605369117,-0.150968342547,decay
23.95,left,0.441212997967,0.290570134759,-0.150642863208,decay
23.96,left,0.440880557137,0.290534840256,-0.150345716882,decay
23.97,left,0.440580787079,0.290499595099,-0.150081191981,decay
23.98,left,0.440316827263,0.290464506096,-0.149852321167,decay
23.99,left,0.440090549083,0.290429677037,-0.149660872046,decay
24,left,0.439902534766,0.290395208384,-0.149507326382,decay
24.01,left,0.439752254687,0.290361196854,-0.149391057833,decay
24.02,left,0.439638334556,0.290327734851,-0.149310599705,decay
24.03,left,0.439558706168,0.290294909715,-0.149263796454,decay
24.04,left,0.439510735121,0.290262802755,-0.149247932366,decay
24.05,left,0.439491421681,0.290231488022,-0.149259933659,decay
24.06,left,0.43949753234,0.29020103102,-0.14929650132,decay
24.07,left,0.439525585857,0.290171487995,-0.149354097862,decay
24.08,left,0.439571834865,0.290142906331,-0.149428928534,decay
24.09,left,0.439632340163,0.290115325614,-0.149517014549,decay
24.1,left,0.439703122246,0.290088778663,-0.149614343583,decay
24.11,left,0.439780487105,0.290063292225,-0.14971719488,decay
24.12,left,0.439861561683,0.290038887314,-0.149822674369,decay
24.13,left,0.43994469724,0.290015579196,-0.149929118044,decay
24.14,left,0.440029452216,0.289993377008,-0.150036075208,decay
24.15,left,0.440116365371,0.289972283003,-0.150144082369,decay
24.16,left,0.440206741069,0.289952291624,-0.150254449445,decay
24.17,left,0.440302340743,0.289933389054,-0.150368951689,decay
24.18,left,0.440404995857,0.289915553731,-0.150489442127,decay
24.19,left,0.440516314277,0.289898757458,-0.15061755682,decay
24.2,left,0.440637434012,0.289882966457,-0.150754467555,decay
24.21,left,0.440768776147,0.289868142093,-0.150900634055,decay
24.22,left,0.440909974181,0.289854241262,-0.151055732919,decay
24.23,left,0.44105999027,0.289841216478,-0.151218773791,decay
24.24,left,0.441217156949,0.289829015648,-0.1513881413,decay
24.25,left,0.441379142345,0.289817581558,-0.151561560787,decay
24.26,left,0.44154313133,0.289806851232,-0.151736280098,decay
24.27,left,0.441706188028,0.289796755681,-0.151909432347,decay
24.28,left,0.44186546669,0.289787220425,-0.152078246265,decay
24.29,left,0.442018236964,0.289778166533,-0.15224007043,decay
24.3,left,0.442161876826,0.289769511683,-0.152392365144,decay
24.31,left,0.442293833748,0.289761171067,-0.152532662681,decay
24.32,left,0.442411662404,0.289753058162,-0.152658604242,decay
24.33,left,0.442513324489,0.289745085384,-0.152768239105,decay
24.34,left,0.442597615558,0.28973716468,-0.152860450879,decay
24.35,left,0.442664456926,0.289729208064,-0.152935248862,decay
24.36,left,0.442715042916,0.289721128154,-0.152993914761,decay
24.37,left,0.442751872135,0.289712838721,-0.153039033414,decay
24.38,left,0.442778423029,0.289704255279,-0.15307416775,decay
24.39,left,0.442798353874,0.289695295769,-0.153103058106,decay
24.4,left,0.442814591145,0.289685881339,-0.153128709807,decay
24.41,left,0.442828647948,0.289675937283,-0.153152710665,decay
24.42,left,0.442840204899,0.289665394152,-0.153174810748,decay
24.43,left,0.44284711911,0.28965418908,-0.153192930031,decay
24.44,left,0.442846080933,0.289642267371,-0.153203813562,decay
24.45,left,0.44283366603,0.289629584378,-0.153204081651,decay
24.46,left,0.442807311569,0.289616107433,-0.153191204137,decay
24.47,left,0.442766007491,0.289601816977,-0.153164190514,decay
24.48,left,0.44271052714,0.289586706261,-0.153123820879,decay
24.49,left,0.442642990483,0.289570780099,-0.153072210384,decay
24.5,left,0.44256596935,0.28955405361,-0.15301191574,decay
24.51,left,0.4424816438,0.289536551287,-0.152945092513,decay
24.52,left,0.442391238509,0.289518306419,-0.15287293209,decay
24.53,left,0.442294759013,0.289499360847,-0.152795398165,decay
24.54,left,0.442191201802,0.289479765041,-0.152711436761,decay
24.55,left,0.44207921819,0.289459578489,-0.152619639701,decay
24.56,left,0.441957727709,0.28943887012,-0.152518857589,decay
24.57,left,0.441826116506,0.289417717918,-0.152408398588,decay
24.58,left,0.441684141209,0.289396207059,-0.15228793415,decay
24.59,left,0.441531659761,0.289374427012,-0.152157232749,decay
24.6,left,0.441368299174,0.289352468411,-0.152015830763,decay
24.61,left,0.441193429498,0.289330419976,-0.151863009522,decay
24.62,left,0.441006578305,0.289308365458,-0.151698212848,decay
24.63,left,0.440807897362,0.289286380516,-0.151521516846,decay
24.64,left,0.440598364195,0.289264529482,-0.151333834713,decay
24.65,left,0.440379791919,0.289242861919,-0.15113693,decay
24.66,left,0.440154708676,0.28922140943,-0.150933299246,decay
24.67,left,0.439926037024,0.289200184267,-0.150725852757,decay
24.68,left,0.439696775346,0.289179180902,-0.150517594444,decay
24.69,left,0.439469965159,0.289158379668,-0.15031158549,decay
24.7,left,0.439248741187,0.289137750874,-0.150110990313,decay
24.71,left,0.439036133585,0.289117258762,-0.149918874822,decay
24.72,left,0.438834729576,0.289096865328,-0.149737864248,decay
24.73,left,0.438646416654,0.289076534073,-0.14956988258,decay
24.74,left,0.438472287476,0.289056233754,-0.149416053722,decay
24.75,left,0.43831285079,0.289035942197,-0.149276908593,decay
24.76,left,0.438168557278,0.289015649853,-0.149152907424,decay
24.77,left,0.438040312018,0.288995361898,-0.149044950119,decay
24.78,left,0.437929724037,0.288975097988,-0.148954626049,decay
24.79,left,0.437839137627,0.28895489037,-0.148884247257,decay
24.8,left,0.437771454292,0.28893478161,-0.148836672681,decay
24.81,left,0.437729648301,0.288914822426,-0.148814825875,decay
24.82,left,0.437716110848,0.288895069616,-0.148821041232,decay
24.83,left,0.437732148199,0.288875584058,-0.148856564141,decay
24.84,left,0.437777683849,0.288856428707,-0.148921255142,decay
24.85,left,0.437851007502,0.288837666573,-0.149013340929,decay
24.86,left,0.437948675191,0.288819358717,-0.149129316474,decay
24.87,left,0.438065723258,0.288801562597,-0.149264160661,decay
24.88,left,0.438196062906,0.288784330969,-0.149411731937,decay
24.89,left,0.438332942837,0.288767711121,-0.149565231716,decay
24.9,left,0.438469497573,0.288751744045,-0.149717753527,decay
24.91,left,0.438599233823,0.288736463365,-0.149862770457,decay
24.92,left,0.438716306269,0.288721893986,-0.149994412283,decay
24.93,left,0.438815694112,0.288708050434,-0.150107643678,decay
24.94,left,0.438893355759,0.288694934848,-0.150198420911,decay
24.95,left,0.438946157632,0.288682534603,-0.150263623029,decay
24.96,left,0.438971500912,0.288670819999,-0.150300680913,decay
24.97,left,0.438966968817,0.288659743509,-0.150307225308,decay
24.98,left,0.438930238222,0.288649241725,-0.150280996497,decay
24.99,left,0.438859202166,0.28863923917,-0.150219962996,decay
25,left,0.438752332097,0.288629652486,-0.15012267961,decay
25.01,left,0.438609309494,0.288620394421,-0.149988915073,decay
25.02,left,0.438431594901,0.288611377651,-0.14982021725,decay
25.03,left,0.438222598129,0.288602518523,-0.149620079607,decay
25.04,left,0.437987504653,0.288593740785,-0.149393763868,decay
25.05,left,0.437732871605,0.288584979408,-0.149147892197,decay
25.06,left,0.437466003273,0.288576184102,-0.148889819171,decay
25.07,left,0.437194290628,0.288567321247,-0.14862696938,decay
25.08,left,0.436924757185,0.288558373216,-0.14836638397,decay
25.09,left,0.436663755371,0.288549335895,-0.148114419477,decay
25.1,left,0.436416648828,0.288540215794,-0.147876433034,decay
25.11,left,0.436187637906,0.288531027302,-0.147656610604,decay
25.12,left,0.435979967091,0.288521790076,-0.147458177014,decay
25.13,left,0.435796367369,0.288512526546,-0.147283840823,decay
25.14,left,0.435639505596,0.288503259461,-0.147136246135,decay
25.15,left,0.435512415094,0.288494009459,-0.147018405636,decay
25.16,left,0.435418697082,0.28848479278,-0.146933904302,decay
25.17,left,0.435362237849,0.288475619685,-0.146886618163,decay
25.18,left,0.435346641152,0.288466493966,-0.146880147186,decay
25.19,left,0.435374670172,0.288457413218,-0.146917256955,decay
25.2,left,0.435447736166,0.288448369272,-0.146999366894,decay
25.21,left,0.435565544989,0.288439348549,-0.147126196439,decay
25.22,left,0.435726082856,0.288430332312,-0.147295750544,decay
25.23,left,0.435925809486,0.288421296837,-0.147504512649,decay
25.24,left,0.436159816424,0.288412213502,-0.147747602922,decay
25.25,left,0.436422109005,0.288403048807,-0.148019060198,decay
25.26,left,0.436706245851,0.288393764375,-0.148312481476,decay
25.27,left,0.437006031509,0.288384317135,-0.148621714374,decay
25.28,left,0.437315856347,0.288374659803,-0.148941196544,decay
25.29,left,0.437630743315,0.288364741602,-0.149266001714,decay
25.3,left,0.437946255851,0.288354509051,-0.1495917468,decay
25.31,left,0.438258278442,0.288343906795,-0.149914371647,decay
25.32,left,0.438562822579,0.28833287847,-0.150229944109,decay
25.33,left,0.438856066734,0.288321367657,-0.150534699077,decay
25.34,left,0.439134623233,0.288309318936,-0.150825304297,decay
25.35,left,0.439395940622,0.288296679081,-0.151099261542,decay
25.36,left,0.43963875218,0.288283398292,-0.151355353888,decay
25.37,left,0.439863235955,0.288269431112,-0.151593804843,decay
25.38,left,0.440070453201,0.288254736745,-0.151815716456,decay
25.39,left,0.440261214312,0.288239279025,-0.152021935287,decay
25.4,left,0.440435120706,0.288223026462,-0.152212094244,decay
25.41,left,0.440590258899,0.288205952532,-0.152384306368,decay
25.42,left,0.440723477673,0.28818803625,-0.152535441424,decay
25.43,left,0.44083111275,0.288169263037,-0.152661849713,decay
25.44,left,0.440909899075,0.288149625898,-0.152760273176,decay
25.45,left,0.440957524241,0.288129126938,-0.152828397303,decay
25.46,left,0.440972598529,0.288107778968,-0.152864819561,decay
25.47,left,0.44095440156,0.288085606424,-0.152868795136,decay
25.48,left,0.440902767655,0.288062644964,-0.152840122691,decay
25.49,left,0.440818237034,0.28803894023,-0.152779296804,decay
25.5,left,0.440702542543,0.288014546577,-0.152687995966,decay
25.51,left,0.440559266862,0.287989526098,-0.152569740763,decay
25.52,left,0.440394135855,0.287963947947,-0.152430187908,decay
25.53,left,0.440214571446,0.287937887929,-0.152276683517,decay
25.54,left,0.440028717878,0.287911428335,-0.152117289543,decay
25.55,left,0.439844336706,0.287884658001,-0.151959678705,decay
25.56,left,0.439667773404,0.287857672379,-0.151810101026,decay
25.57,left,0.439503237766,0.287830572989,-0.151672664777,decay
25.58,left,0.439352663091,0.287803465773,-0.151549197317,decay
25.59,left,0.439216044347,0.287776458641,-0.151439585705,decay
25.6,left,0.439091941211,0.287749658768,-0.151342282443,decay
25.61,left,0.438978039814,0.287723169835,-0.151254869979,decay
25.62,left,0.438871753161,0.287697089163,-0.151174663998,decay
25.63,left,0.438770732736,0.287671504665,-0.151099228071,decay
25.64,left,0.438673218113,0.287646491552,-0.151026726561,decay
25.65,left,0.438578268692,0.287622108709,-0.150956159983,decay
25.66,left,0.438485834853,0.287598395216,-0.150887439636,decay
25.67,left,0.438396552845,0.287575368652,-0.150821184194,decay
25.68,left,0.43831135968,0.287553026393,-0.150758333287,decay
25.69,left,0.438231097331,0.28753134899,-0.150699748341,decay
25.7,left,0.43815606175,0.287510303876,-0.150645757874,decay
25.71,left,0.438085553735,0.287489848778,-0.150595704957,decay
25.72,left,0.438017775597,0.287469934804,-0.150547840793,decay
25.73,left,0.437950200932,0.287450509285,-0.150499691647,decay
25.74,left,0.437880175064,0.287431518417,-0.150448656647,decay
25.75,left,0.437805560225,0.287412909762,-0.150392650463,decay
25.76,left,0.437725278325,0.287394634494,-0.150330643832,decay
25.77,left,0.437639488287,0.287376648889,-0.150262839399,decay
25.78,left,0.43754938638,0.287358914703,-0.150190471677,decay
25.79,left,0.437456933608,0.287341398761,-0.150115534847,decay
25.8,left,0.437364643042,0.287324072302,-0.15004057074,decay
25.81,left,0.437275323803,0.287306910337,-0.149968413466,decay
25.82,left,0.437191864759,0.287289891001,-0.149901973758,decay
25.83,left,0.437117258683,0.287272994926,-0.149844263758,decay
25.84,left,0.43705470556,0.287256204609,-0.149798500951,decay
25.85,left,0.437007517976,0.287239503785,-0.14976801419,decay
25.86,left,0.436978952095,0.287222876876,-0.149756075219,decay
25.87,left,0.436972127518,0.287206308782,-0.149765818737,decay
25.88,left,0.436989908112,0.287189785232,-0.14980012288,decay
25.89,left,0.437034697253,0.287173293528,-0.149861403725,decay
25.9,left,0.43710819622,0.287156823434,-0.149951372786,decay
25.91,left,0.437211045228,0.287140368103,-0.150070677125,decay
25.92,left,0.437342431729,0.287123925054,-0.150218506675,decay
25.93,left,0.437499999046,0.287107497212,-0.150392501834,decay
25.94,left,0.437680141885,0.287091094034,-0.150589047851,decay
25.95,left,0.437878380899,0.287074732727,-0.150803648172,decay
25.96,left,0.438089668048,0.287058439382,-0.151031228667,decay
25.97,left,0.438308865697,0.28704224937,-0.151266616326,decay
25.98,left,0.438531452161,0.287026206526,-0.151505245635,decay
25.99,left,0.438754132576,0.28701036146,-0.151743771116,decay
26,left,0.438975196135,0.286994769638,-0.151980426498,decay
26.01,left,0.439194637891,0.286979489467,-0.152215148424,decay
26.02,left,0.43941388944,0.286964580364,-0.152449309076,decay
26.03,left,0.439635101604,0.286950100754,-0.15268500085,decay
26.04,left,0.439860236607,0.286936105972,-0.152924130635,decay
26.05,left,0.440090183118,0.286922646,-0.153167537118,decay
26.06,left,0.44032404649,0.286909763259,-0.153414283231,decay
26.07,left,0.440558942184,0.286897491239,-0.153661450945,decay
26.08,left,0.440790444429,0.286885854531,-0.153904589899,decay
26.09,left,0.441013329237,0.2868748698,-0.154138459437,decay
26.1,left,0.441222250098,0.286864546855,-0.154357703243,decay
26.11,left,0.441412413906,0.286854889469,-0.154557524437,decay
26.12,left,0.441580248652,0.286845895946,-0.154734352706,decay
26.13,left,0.441723746897,0.286837559428,-0.154886187469,decay
26.14,left,0.441842435773,0.286829867956,-0.155012567818,decay
26.15,left,0.441937195883,0.286822804284,-0.155114391599,decay
26.16,left,0.442009914689,0.286816345522,-0.155193569167,decay
26.17,left,0.442062916017,0.286810462823,-0.155252453194,decay
26.18,left,0.442098378586,0.286805121289,-0.155293257297,decay
26.19,left,0.442117903501,0.286800279967,-0.155317623535,decay
26.2,left,0.442122197027,0.286795891726,-0.155326305301,decay
26.21,left,0.442110939285,0.286791902909,-0.155319036377,decay
26.22,left,0.442082968321,0.286788252772,-0.155294715549,decay
26.23,left,0.442036665465,0.286784872713,-0.155251792752,decay
26.24,left,0.441970334774,0.286781685287,-0.155188649486,decay
26.25,left,0.441882609272,0.286778603019,-0.155104006252,decay
26.26,left,0.441772899616,0.286775527324,-0.154997372291,decay
26.27,left,0.44164158243,0.28677234854,-0.15486923389,decay
26.28,left,0.441489779302,0.286768947843,-0.154720831459,decay
26.29,left,0.441319030073,0.286765200527,-0.154553829546,decay
26.3,left,0.441131077361,0.286760979715,-0.154370097646,decay
26.31,left,0.440927691239,0.286756160154,-0.154171531085,decay
26.32,left,0.440710574743,0.286750622155,-0.153959952588,decay
26.33,left,0.440481392179,0.286744255773,-0.153737136407,decay
26.34,left,0.440241718344,0.28673696532,-0.153504753024,decay
26.35,left,0.439992843074,0.286728674314,-0.153264168759,decay
26.36,left,0.439735644164,0.286719330252,-0.153016313913,decay
26.37,left,0.439470617034,0.286708907092,-0.152761709943,decay
26.38,left,0.439197964825,0.286697403854,-0.152500560971,decay
26.39,left,0.438917832157,0.286684840568,-0.15223299159,decay
26.4,left,0.438630838333,0.286671253803,-0.151959584529,decay
26.41,left,0.438338672565,0.286656692646,-0.151681979918,decay
26.42,left,0.438044400594,0.286641215132,-0.151403185461,decay
26.43,left,0.43775249293,0.286624885065,-0.151127607865,decay
26.44,left,0.437468630008,0.286607769157,-0.150860860851,decay
26.45,left,0.437199209822,0.286589934429,-0.150609275393,decay
26.46,left,0.436950689292,0.286571445957,-0.150379243335,decay
26.47,left,0.436728946342,0.28655236534,-0.150176581002,decay
26.48,left,0.436538577834,0.286532750187,-0.150005827647,decay
26.49,left,0.436382100348,0.286512654342,-0.149869446007,decay
26.5,left,0.436259350183,0.286492128386,-0.149767221797,decay
26.51,left,0.436167338746,0.286471220232,-0.149696118515,decay
26.52,left,0.436100511358,0.286449975772,-0.149650535586,decay
26.53,left,0.436051382113,0.286428439605,-0.149622942508,decay
26.54,left,0.436011643984,0.286406655813,-0.14960498817,decay
26.55,left,0.435973501453,0.286384668816,-0.149588832637,decay
26.56,left,0.435930736736,0.286362524169,-0.149568212567,decay
26.57,left,0.435879370365,0.286340268964,-0.149539101401,decay
26.58,left,0.435817919349,0.286317951549,-0.1494999678,decay
26.59,left,0.435747099971,0.286295620759,-0.149451479212,decay
26.6,left,0.4356690821,0.286273325008,-0.149395757092,decay
26.61,left,0.435586698566,0.28625111136,-0.149335587206,decay
26.62,left,0.435502763351,0.286229024572,-0.149273738778,decay
26.63,left,0.435419481284,0.286207106082,-0.149212375202,decay
26.64,left,0.435338182092,0.286185392908,-0.149152789184,decay
26.65,left,0.43525955836,0.286163916439,-0.149095641921,decay
26.66,left,0.435184115325,0.286142701276,-0.149041414049,decay
26.67,left,0.435112450264,0.286121764687,-0.148990685577,decay
26.68,left,0.435045348196,0.286101117116,-0.14894423108,decay
26.69,left,0.434983771334,0.286080763399,-0.148903007935,decay
26.7,left,0.434928686332,0.286060704099,-0.148867982233,decay
26.71,left,0.434880858026,0.286040936717,-0.148839921309,decay
26.72,left,0.434840831468,0.286021456786,-0.148819374682,decay
26.73,left,0.434809002303,0.286002258852,-0.14880674345,decay
26.74,left,0.434785603815,0.285983337377,-0.148802266438,decay
26.75,left,0.43477068937,0.285964687561,-0.148806001809,decay
26.76,left,0.434764150836,0.285946306027,-0.148817844809,decay
26.77,left,0.434765679677,0.2859281911,-0.148837488576,decay
26.78,left,0.434774725695,0.285910342498,-0.148864383197,decay
26.79,left,0.434790602078,0.285892760567,-0.148897841511,decay
26.8,left,0.434812712219,0.28587544534,-0.148937266879,decay
26.81,left,0.434840785022,0.285858395518,-0.148982389504,decay
26.82,left,0.434875140094,0.285841607352,-0.149033532741,decay
26.83,left,0.43491694028,0.285825073432,-0.149091866848,decay
26.84,left,0.434968163319,0.285808781341,-0.149159381978,decay
26.85,left,0.435031227507,0.285792712176,-0.149238515331,decay
26.86,left,0.435108548793,0.285776839141,-0.149331709652,decay
26.87,left,0.435202162152,0.285761126959,-0.149441035193,decay
26.88,left,0.435313345068,0.285745532659,-0.149567812409,decay
26.89,left,0.43544235078,0.285730007337,-0.149712343443,decay
26.9,left,0.435588372594,0.285714498134,-0.14987387446,decay
26.91,left,0.435749624508,0.285698950174,-0.150050674334,decay
26.92,left,0.435923472335,0.285683308455,-0.15024016388,decay
26.93,left,0.436106711468,0.285667519754,-0.150439191715,decay
26.94,left,0.436295937818,0.28565153458,-0.150644403237,decay
26.95,left,0.436487802049,0.28563530923,-0.15085249282,decay
26.96,left,0.43667914907,0.2856188077,-0.151060341369,decay
26.97,left,0.43686722428,0.285602002684,-0.151265221595,decay
26.98,left,0.437049886279,0.285584875014,-0.151465011265,decay
26.99,left,0.43722566035,0.285567412049,-0.151658248301,decay
27,left,0.437393739456,0.285549605859,-0.151844133598,decay
27.01,left,0.437554032612,0.28553145153,-0.152022581082,decay
27.02,left,0.43770713577,0.285512945607,-0.152194190163,decay
27.03,left,0.43785421896,0.285494084651,-0.152360134309,decay
27.04,left,0.437996927198,0.285474863874,-0.152522063324,decay
27.05,left,0.438137176304,0.285455275857,-0.152681900447,decay
27.06,left,0.438276734639,0.285435309469,-0.15284142517,decay
27.07,left,0.438416782653,0.285414949502,-0.153001833151,decay
27.08,left,0.438557618416,0.285394177398,-0.153163441019,decay
27.09,left,0.438698384216,0.285372972791,-0.153325411425,decay
27.1,left,0.438836792291,0.285351315361,-0.15348547693,decay
27.11,left,0.43896913525,0.285329186813,-0.153639948437,decay
27.12,left,0.439090675557,0.285306573011,-0.153784102546,decay
27.13,left,0.439196222178,0.285283466283,-0.153912755894,decay
27.14,left,0.439280843249,0.285259867963,-0.154020975285,decay
27.15,left,0.439340627816,0.28523579119,-0.154104836626,decay
27.16,left,0.439373123682,0.285211263639,-0.154161860043,decay
27.17,left,0.439377307092,0.285186329028,-0.154190978064,decay
27.18,left,0.439353324339,0.285161046526,-0.154192277812,decay
27.19,left,0.439302089237,0.285135488729,-0.154166600508,decay
27.2,left,0.439224735937,0.285109739369,-0.154114996568,decay
27.21,left,0.439122219589,0.285083891243,-0.154038328346,decay
27.22,left,0.438995268952,0.285058044316,-0.153937224636,decay
27.23,left,0.438844470498,0.285032303977,-0.153812166521,decay
27.24,left,0.438670330095,0.285006779368,-0.153663550727,decay
27.25,left,0.438473520827,0.284981581753,-0.153491939074,decay
27.26,left,0.438255347066,0.284956822916,-0.15329852415,decay
27.27,left,0.438018095465,0.2849326137,-0.153085481765,decay
27.28,left,0.437765149334,0.284909062757,-0.152856086577,decay
27.29,left,0.437500955411,0.284886275374,-0.152614680036,decay
27.3,left,0.437230750937,0.284864352151,-0.152366398787,decay
27.31,left,0.436960045629,0.284843387418,-0.152116658211,decay
27.32,left,0.436694135783,0.284823467344,-0.151870668439,decay
27.33,left,0.436437796562,0.284804667667,-0.151633128895,decay
27.34,left,0.436195087732,0.284787050998,-0.151408036734,decay
27.35,left,0.43596928324,0.284770663641,-0.151198619599,decay
27.36,left,0.435762928332,0.284755532392,-0.15100739594,decay
27.37,left,0.435577883855,0.284741662928,-0.150836220927,decay
27.38,left,0.435415340241,0.284729041011,-0.15068629923,decay
27.39,left,0.435276034999,0.284717635569,-0.15055839943,decay
27.4,left,0.435160723664,0.284707401969,-0.150453321695,decay
27.41,left,0.435070574959,0.284698284835,-0.150372290124,decay
27.42,left,0.435007291395,0.2846902204,-0.150317070995,decay
27.43,left,0.434973056398,0.284683138441,-0.150289917956,decay
27.44,left,0.434970265745,0.284676963854,-0.15029330189,decay
27.45,left,0.435000930248,0.284671617899,-0.15032931235,decay
27.46,left,0.435066000097,0.284667019149,-0.150398980948,decay
27.47,left,0.435164962488,0.284663084152,-0.150501878336,decay
27.48,left,0.435295773272,0.284659727792,-0.15063604548,decay
27.49,left,0.435455121671,0.284656863419,-0.150798258252,decay
27.5,left,0.435639067844,0.284654402783,-0.15098466506,decay
27.51,left,0.435843830146,0.284652255831,-0.151191574315,decay
27.52,left,0.436066290717,0.284650330359,-0.151415960358,decay
27.53,left,0.436304070332,0.284648531562,-0.151655538769,decay
27.54,left,0.436555352969,0.284646761484,-0.151908591485,decay
27.55,left,0.436818533995,0.284644918385,-0.152173615611,decay
27.56,left,0.4370917688,0.284642896194,-0.152448872606,decay
27.57,left,0.437372792617,0.284640584553,-0.152732208064,decay
27.58,left,0.437659205194,0.284637869813,-0.153021335381,decay
27.59,left,0.437948915216,0.284634636787,-0.153314278429,decay
27.6,left,0.438240406836,0.284630770788,-0.153609636048,decay
27.61,left,0.438532695526,0.284626159831,-0.153906535696,decay
27.62,left,0.438824911482,0.284620697031,-0.154204214451,decay
27.63,left,0.439115694453,0.284614283277,-0.154501411176,decay
27.64,left,0.43940283834,0.284606830231,-0.154796008109,decay
27.65,left,0.439683358779,0.284598263749,-0.15508509503,decay
27.66,left,0.439953683955,0.284588527284,-0.155365156671,decay
27.67,left,0.440209729573,0.284577583822,-0.15563214575,decay
27.68,left,0.440447000482,0.284565415231,-0.155881585251,decay
27.69,left,0.440660812317,0.284552019907,-0.156108792409,decay
27.7,left,0.440846582169,0.284537410284,-0.156309171885,decay
27.71,left,0.441000290619,0.284521610803,-0.156478679816,decay
27.72,left,0.441119038712,0.28450465639,-0.156614382322,decay
27.73,left,0.441201279555,0.284486591391,-0.156714688163,decay
27.74,left,0.441246608966,0.284467468952,-0.156779140014,decay
27.75,left,0.441255469213,0.284447350811,-0.156808118403,decay
27.76,left,0.441228969025,0.284426307287,-0.156802661738,decay
27.77,left,0.441168732066,0.284404416816,-0.156764315249,decay
27.78,left,0.441076779985,0.284381764508,-0.156695015476,decay
27.79,left,0.440955471206,0.284358440068,-0.156597031138,decay
27.8,left,0.44080729499,0.284334535682,-0.156472759308,decay
27.81,left,0.440634470151,0.284310144088,-0.156324326063,decay
27.82,left,0.440438675007,0.284285356803,-0.156153318204,decay
27.83,left,0.440221067592,0.28426026245,-0.155960805141,decay
27.84,left,0.439982435128,0.284234945146,-0.155747489982,decay
27.85,left,0.439723521618,0.284209482885,-0.155514038733,decay
27.86,left,0.439445643854,0.284183946069,-0.155261697785,decay
27.87,left,0.439151271834,0.284158396671,-0.154992875163,decay
27.88,left,0.438844210797,0.284132888431,-0.154711322366,decay
27.89,left,0.438529431019,0.28410746774,-0.154421963279,decay
27.9,left,0.438212673398,0.284082174658,-0.15413049874,decay
27.91,left,0.437899867243,0.284057043829,-0.153842823414,decay
27.92,left,0.437596548602,0.284032105277,-0.153564443325,decay
27.93,left,0.437307493777,0.284007385088,-0.153300108688,decay
27.94,left,0.437036499382,0.283982905986,-0.153053593395,decay
27.95,left,0.436786198966,0.283958687796,-0.152827511171,decay
27.96,left,0.436558090821,0.283934747817,-0.152623343004,decay
27.97,left,0.436352849898,0.283911101184,-0.152441748714,decay
27.98,left,0.43617061531,0.283887761228,-0.152282854083,decay
27.99,left,0.43601109392,0.283864739842,-0.152146354077,decay
28,left,0.435873639617,0.283842047769,-0.152031591849,decay
28.01,left,0.435757312539,0.283819694786,-0.151937617752,decay
28.02,left,0.435660819842,0.283797689807,-0.151863130035,decay
28.03,left,0.435582457292,0.283776040867,-0.151806416424,decay
28.04,left,0.435520124232,0.283754755022,-0.151765369209,decay
28.05,left,0.435471275064,0.283733838133,-0.151737436931,decay
28.06,left,0.435432883092,0.28371329461,-0.151719588482,decay
28.07,left,0.435401715231,0.283693127321,-0.15170858791,decay
28.08,left,0.435374881727,0.283673337805,-0.151701543922,decay
28.09,left,0.435350304618,0.283653926696,-0.151696377922,decay
28.1,left,0.435326955054,0.283634894124,-0.15169206093,decay
28.11,left,0.435304890069,0.283616240027,-0.151688650042,decay
28.12,left,0.435284984321,0.283597964358,-0.151687019963,decay
28.13,left,0.435268402288,0.283580067208,-0.151688335079,decay
28.14,left,0.435256191527,0.283562548823,-0.151693642704,decay
28.15,left,0.435249189256,0.283545409537,-0.151703779719,decay
28.16,left,0.435248094223,0.283528649645,-0.151719444577,decay
28.17,left,0.435253605302,0.283512269342,-0.151741335959,decay
28.18,left,0.435266523494,0.283496268803,-0.151770254691,decay
28.19,left,0.435287567136,0.283480648352,-0.151806918784,decay
28.2,left,0.43531690012,0.283465408589,-0.151851491531,decay
28.21,left,0.435353751738,0.283450550437,-0.151903201301,decay
28.22,left,0.435396344475,0.283436075084,-0.151960269391,decay
28.23,left,0.435441979598,0.28342198385,-0.152019995748,decay
28.24,left,0.435487261837,0.283408277948,-0.152078983889,decay
28.25,left,0.435528675141,0.28339495815,-0.152133716991,decay
28.26,left,0.435563358505,0.283382024427,-0.152181334079,decay
28.27,left,0.435589609281,0.283369475763,-0.152220133518,decay
28.28,left,0.435606985121,0.283357310341,-0.15224967478,decay
28.29,left,0.435616135318,0.283345525946,-0.152270609372,decay
28.3,left,0.435618370709,0.283334120373,-0.152284250336,decay
28.31,left,0.435615093927,0.28332309175,-0.152292002177,decay
28.32,left,0.43560735866,0.283312438764,-0.152294919896,decay
28.33,left,0.435595588648,0.28330216081,-0.152293427838,decay
28.34,left,0.435579425381,0.283292258051,-0.15228716733,decay
28.35,left,0.435557906824,0.283282731396,-0.152275175428,decay
28.36,left,0.435529985898,0.283273582396,-0.152256403502,decay
28.37,left,0.43549499047,0.283264813043,-0.152230177427,decay
28.38,left,0.435452783626,0.28325642548,-0.152196358146,decay
28.39,left,0.435403790807,0.2832484216,-0.152155369207,decay
28.4,left,0.435348982025,0.283240802547,-0.152108179478,decay
28.41,left,0.435289691748,0.283233568106,-0.152056123642,decay
28.42,left,0.435227413817,0.28322671598,-0.152000697837,decay
28.43,left,0.435163842847,0.283220240932,-0.151943601914,decay
28.44,left,0.435101051215,0.283214133786,-0.151886917429,decay
28.45,left,0.435041528972,0.283208380271,-0.1518331487,decay
28.46,left,0.434988051644,0.283202959837,-0.151785091807,decay
28.47,left,0.434943367393,0.283197844872,-0.151745522521,decay
28.48,left,0.434909642292,0.283193000655,-0.151716641637,decay
28.49,left,0.434887850318,0.283188385786,-0.151699464532,decay
28.5,left,0.434877390492,0.283183952652,-0.151693437841,decay
28.51,left,0.434875916111,0.283179647758,-0.151696268353,decay
28.52,left,0.434879312075,0.283175411913,-0.151703900162,decay
28.53,left,0.434882092661,0.283171180296,-0.151710912365,decay
28.54,left,0.434878393836,0.283166882419,-0.151711511417,decay
28.55,left,0.43486316749,0.283162441994,-0.151700725495,decay
28.56,left,0.434833106361,0.283157776837,-0.151675329524,decay
28.57,left,0.43478716627,0.283152799137,-0.151634367132,decay
28.58,left,0.434726580626,0.283147416379,-0.151579164248,decay
28.59,left,0.434654300403,0.283141532751,-0.151512767652,decay
28.6,left,0.434574104985,0.283135050762,-0.151439054223,decay
28.61,left,0.434489664666,0.283127872963,-0.151361791702,decay
28.62,left,0.434403673627,0.283119903825,-0.151283769802,decay
28.63,left,0.434317316787,0.283111051818,-0.151206264969,decay
28.64,left,0.434230394982,0.283101231757,-0.151129163225,decay
28.65,left,0.434141949228,0.283090367465,-0.151051581763,decay
28.66,left,0.434050835104,0.283078394454,-0.15097244065,decay
28.67,left,0.43395602834,0.283065261515,-0.150890766824,decay
28.68,left,0.433856813004,0.283050930401,-0.150805882602,decay
28.69,left,0.43375281455,0.283035374254,-0.150717440296,decay
28.7,left,0.43364382285,0.283018575987,-0.150625246864,decay
28.71,left,0.433529721419,0.283000527079,-0.15052919434,decay
28.72,left,0.433410729528,0.282981226821,-0.150429502707,decay
28.73,left,0.433287738681,0.282960682,-0.150327056681,decay
28.74,left,0.433162578989,0.282938907012,-0.150223671978,decay
28.75,left,0.433038181396,0.282915924414,-0.150122256982,decay
28.76,left,0.432918400837,0.28289176569,-0.150026635146,decay
28.77,left,0.432807382709,0.282866471553,-0.149940911156,decay
28.78,left,0.432708792312,0.282840091258,-0.149868701053,decay
28.79,left,0.432625227617,0.282812681307,-0.14981254631,decay
28.8,left,0.432557881279,0.28278430422,-0.149773577059,decay
28.81,left,0.432506589245,0.282755027635,-0.14975156161,decay
28.82,left,0.432470442015,0.282724923733,-0.149745518282,decay
28.83,left,0.432448669766,0.28269406896,-0.149754600806,decay
28.84,left,0.432441244974,0.282662544024,-0.149778700951,decay
28.85,left,0.432449080583,0.282630434151,-0.149818646433,decay
28.86,left,0.432473940926,0.282597829415,-0.149876111511,decay
28.87,left,0.432517990653,0.28256482462,-0.149953166033,decay
28.88,left,0.43258306479,0.28253151833,-0.15005154646,decay
28.89,left,0.432669978517,0.282498011296,-0.150171967221,decay
28.9,left,0.432777979414,0.282464404754,-0.15031357466,decay
28.91,left,0.432904321651,0.282430798768,-0.150473522883,decay
28.92,left,0.433044177948,0.282397290578,-0.15064688737,decay
28.93,left,0.433191084653,0.282363972899,-0.150827111754,decay
28.94,left,0.43333772336,0.282330932134,-0.151006791227,decay
28.95,left,0.433476763346,0.282298246425,-0.151178516922,decay
28.96,left,0.433601753621,0.282265983751,-0.151335769869,decay
28.97,left,0.433707983947,0.282234200723,-0.151473783224,decay
28.98,left,0.433793011109,0.282202942582,-0.151590068527,decay
28.99,left,0.433856748723,0.282172243998,-0.151684504725,decay
29,left,0.433901204546,0.282142129885,-0.151759074661,decay
29.01,left,0.433929802651,0.282112615962,-0.151817186689,decay
29.02,left,0.433946381672,0.282083709017,-0.151862672656,decay
29.03,left,0.4339543294,0.282055406873,-0.151898922527,decay
29.04,left,0.433956158026,0.282027698074,-0.151928459953,decay
29.05,left,0.433953427655,0.282000561255,-0.1519528664,decay
29.06,left,0.433946899181,0.281973964471,-0.151972934711,decay
29.07,left,0.433936862982,0.281947865211,-0.151988997771,decay
29.08,left,0.433923420177,0.281922211714,-0.152001208463,decay
29.09,left,0.433906492597,0.28189694515,-0.152009547447,decay
29.1,left,0.433885710828,0.281872001947,-0.152013708881,decay
29.11,left,0.433860427273,0.281847315963,-0.15201311131,decay
29.12,left,0.433829763838,0.281822820539,-0.152006943298,decay
29.13,left,0.433792610295,0.281798450484,-0.151994159811,decay
29.14,left,0.433747743241,0.281774144027,-0.151973599214,decay
29.15,left,0.433694064853,0.281749844798,-0.151944220056,decay
29.16,left,0.433630789986,0.281725503735,-0.151905286251,decay
29.17,left,0.433557599441,0.281701080531,-0.15185651891,decay
29.18,left,0.433474791312,0.281676544329,-0.151798246983,decay
29.19,left,0.4333833041,0.281651873932,-0.151731430168,decay
29.2,left,0.433284629468,0.281627057998,-0.15165757147,decay
29.21,left,0.433180776858,0.281602095398,-0.15157868146,decay
29.22,left,0.433074198354,0.281576995785,-0.151497202569,decay
29.23,left,0.432967423369,0.281551780359,-0.15141564301,decay
29.24,left,0.432862493356,0.281526482852,-0.151336010504,decay
29.25,left,0.432760558576,0.281501150745,-0.151259407831,decay
29.26,left,0.432661761718,0.281475846351,-0.151185915367,decay
29.27,left,0.43256536236,0.28145064666,-0.1511147157,decay
29.28,left,0.432470168567,0.281425641076,-0.151044527491,decay
29.29,left,0.432375180213,0.281400927634,-0.150974252578,decay
29.3,left,0.432280129683,0.281376608779,-0.150903520904,decay
29.31,left,0.432185817569,0.281352787105,-0.150833030464,decay
29.32,left,0.432094289655,0.281329560995,-0.15076472866,decay
29.33,left,0.43200869688,0.281307020067,-0.150701676813,decay
29.34,left,0.431932756541,0.281285240338,-0.150647516203,decay
29.35,left,0.4318701039,0.281264278997,-0.150605824903,decay
29.36,left,0.431823771724,0.2812441694,-0.150579602324,decay
29.37,left,0.431795706738,0.281224918429,-0.150570788308,decay
29.38,left,0.431786308717,0.281206507813,-0.150579800905,decay
29.39,left,0.431794239042,0.281188898169,-0.150605340873,decay
29.4,left,0.431816559953,0.281172033542,-0.150644526411,decay
29.41,left,0.431849040264,0.281155845544,-0.15069319472,decay
29.42,left,0.431886679918,0.281140257125,-0.150746422792,decay
29.43,left,0.431924477326,0.281125186029,-0.150799291297,decay
29.44,left,0.4319581047,0.281110548015,-0.150847556685,decay
29.45,left,0.431984301365,0.281096259928,-0.150888041437,decay
29.46,left,0.43200108306,0.281082242466,-0.150918840595,decay
29.47,left,0.432007727464,0.281068422128,-0.150939305336,decay
29.48,left,0.432004527428,0.281054731919,-0.150949795509,decay
29.49,left,0.431992580334,0.28104111119,-0.150951469144,decay
29.5,left,0.431973791567,0.281027505268,-0.150946286299,decay
29.51,left,0.431950925136,0.281013865139,-0.150937059997,decay
29.52,left,0.431927517387,0.281000147215,-0.150927370173,decay
29.53,left,0.431907704458,0.280986313196,-0.150921391262,decay
29.54,left,0.431895907169,0.280972330037,-0.150923577132,decay
29.55,left,0.431896162533,0.280958170026,-0.150937992507,decay
29.56,left,0.431911280427,0.28094381093,-0.150967469496,decay
29.57,left,0.431942279236,0.28092923608,-0.151013043157,decay
29.58,left,0.431988240115,0.280914434266,-0.15107380585,decay
29.59,left,0.432046501209,0.280899399554,-0.151147101655,decay
29.6,left,0.432113157118,0.280884131165,-0.151229025952,decay
29.61,left,0.432183699495,0.280868633494,-0.151315066002,decay
29.62,left,0.432253549484,0.280852916261,-0.151400633224,decay
29.63,left,0.432318471008,0.280836994815,-0.151481476194,decay
29.64,left,0.43237498088,0.280820890574,-0.151554090306,decay
29.65,left,0.432420678383,0.280804631613,-0.15161604677,decay
29.66,left,0.43245439801,0.280788253226,-0.151666144784,decay
29.67,left,0.43247636391,0.280771797888,-0.151704566022,decay
29.68,left,0.43248843365,0.280755314192,-0.151733119458,decay
29.69,left,0.432494048823,0.280738855056,-0.151755193767,decay
29.7,left,0.432497633806,0.280722475743,-0.151775158063,decay
29.71,left,0.432503748297,0.280706231886,-0.151797516411,decay
29.72,left,0.432516283459,0.280690177505,-0.151826105954,decay
29.73,left,0.432537761004,0.280674362961,-0.151863398043,decay
29.74,left,0.432568966022,0.280658832808,-0.151910133214,decay
29.75,left,0.432609114886,0.280643623489,-0.151965491398,decay
29.76,left,0.432656352931,0.280628761141,-0.15202759179,decay
29.77,left,0.432708303215,0.280614260423,-0.152094042792,decay
29.78,left,0.43276255552,0.280600125053,-0.152162430467,decay
29.79,left,0.432816890307,0.280586349518,-0.152230540789,decay
29.8,left,0.432869060356,0.280572920988,-0.152296139368,decay
29.81,left,0.432916375908,0.280559821061,-0.152356554847,decay
29.82,left,0.432955473566,0.280547027332,-0.152408446234,decay
29.83,left,0.43298226012,0.280534514818,-0.152447745302,decay
29.84,left,0.432991937641,0.280522257256,-0.152469680384,decay
29.85,left,0.432979266338,0.280510228328,-0.152469038011,decay
29.86,left,0.432939026644,0.280498402756,-0.152440623888,decay
29.87,left,0.432866417019,0.2804867572,-0.152379659819,decay
29.88,left,0.432757447732,0.280475270847,-0.152282176885,decay
29.89,left,0.432609528221,0.280463925796,-0.152145602426,decay
29.9,left,0.432422088594,0.280452707393,-0.151969381201,decay
29.91,left,0.432196997022,0.280441604572,-0.15175539245,decay
29.92,left,0.431938768035,0.280430610219,-0.151508157816,decay
29.93,left,0.431654503116,0.280419721576,-0.15123478154,decay
29.94,left,0.431353359592,0.280408940678,-0.150944418915,decay
29.95,left,0.431045561108,0.280398274846,-0.150647286262,decay
29.96,left,0.430741230183,0.280387737108,-0.150353493076,decay
29.97,left,0.430449226716,0.280377346158,-0.150071880558,decay
29.98,left,0.430176155878,0.280367125567,-0.149809030311,decay
29.99,left,0.429925945949,0.280357102432,-0.149568843517,decay
30,left,0.429700148697,0.280347305869,-0.149352842828,decay
30.01,left,0.429498571049,0.280337765467,-0.149160805582,decay
30.02,left,0.429319934538,0.280328509691,-0.148991424847,decay
30.03,left,0.429162570068,0.280319564206,-0.148843005862,decay
30.04,left,0.429024977845,0.280310950085,-0.14871402776,decay
30.05,left,0.428905983782,0.280302681867,-0.148603301915,decay
30.06,left,0.428804591755,0.280294765692,-0.148509826062,decay
30.07,left,0.428719810583,0.280287198337,-0.148432612246,decay
30.08,left,0.428650514694,0.280279967736,-0.148370546958,decay
30.09,left,0.428595330674,0.280273054548,-0.148322276125,decay
30.1,left,0.428552647675,0.280266433901,-0.148286213774,decay
30.11,left,0.42852065565,0.280260077006,-0.148260578644,decay
30.12,left,0.428497146132,0.280253952632,-0.148243193501,decay
30.13,left,0.428479192875,0.280248028481,-0.148231164393,decay
30.14,left,0.428463132095,0.280242272485,-0.14822085961,decay
30.15,left,0.428444959818,0.28023665405,-0.148208305768,decay
30.16,left,0.428420963292,0.280231145162,-0.148189818131,decay
30.17,left,0.428388392648,0.280225720932,-0.148162671716,decay
30.18,left,0.428345926838,0.28022035932,-0.148125567519,decay
30.19,left,0.428293766331,0.280215040244,-0.148078726087,decay
30.2,left,0.428233526997,0.280209744523,-0.148023782474,decay
30.21,left,0.428168123649,0.2802044528,-0.147963670849,decay
30.22,left,0.428101471268,0.280199144463,-0.147902326805,decay
30.23,left,0.428037860986,0.280193796539,-0.147844064447,decay
30.24,left,0.427981277932,0.280188382559,-0.147792895373,decay
30.25,left,0.427934950488,0.28018287138,-0.147752079109,decay
30.26,left,0.427901081889,0.280177226127,-0.147723855762,decay
30.27,left,0.427880726916,0.280171403841,-0.147709323076,decay
30.28,left,0.427873948729,0.280165356249,-0.147708592481,decay
30.29,left,0.427880155609,0.280159031366,-0.147721124242,decay
30.3,left,0.427898418116,0.280152375364,-0.147746042753,decay
30.31,left,0.427927888839,0.280145334491,-0.147782554348,decay
30.32,left,0.427968393022,0.280137857092,-0.147830535929,decay
30.33,left,0.428020863142,0.280129895746,-0.147890967397,decay
30.34,left,0.428087352198,0.280121409581,-0.147965942617,decay
30.35,left,0.428170690057,0.280112366827,-0.148058323231,decay
30.36,left,0.428273823759,0.280102747282,-0.148171076477,decay
30.37,left,0.428398816006,0.280092543716,-0.14830627229,decay
30.38,left,0.42854582766,0.280081761411,-0.148464066249,decay
30.39,left,0.428712588484,0.280070416455,-0.148642172029,decay
30.4,left,0.428894473561,0.280058533855,-0.148835939706,decay
30.41,left,0.429085073068,0.280046145903,-0.149038927165,decay
30.42,left,0.429277174822,0.280033290781,-0.14924388404,decay
30.43,left,0.429463828549,0.280020011394,-0.149443817156,decay
30.44,left,0.429639045235,0.280006354389,-0.149632690846,decay
30.45,left,0.429798123847,0.27999236935,-0.149805754497,decay
30.46,left,0.429937887145,0.279978108112,-0.149959779032,decay
30.47,left,0.430056860725,0.279963624181,-0.150093236544,decay
30.48,left,0.430155311151,0.279948972189,-0.150206338962,decay
30.49,left,0.430235240694,0.279934207407,-0.150301033288,decay
30.5,left,0.430300347318,0.279919385283,-0.150380962035,decay
30.51,left,0.430355758581,0.279904561027,-0.150451197554,decay
30.52,left,0.430407566513,0.279889789193,-0.15051777732,decay
30.53,left,0.430462421111,0.27987512326,-0.150587297851,decay
30.54,left,0.430527156943,0.279860615177,-0.150666541766,decay
30.55,left,0.430608222937,0.279846314863,-0.150761908074,decay
30.56,left,0.430711018743,0.279832269654,-0.150878749089,decay
30.57,left,0.430839397703,0.279818523749,-0.151020873953,decay
30.58,left,0.430995359412,0.279805117693,-0.151190241719,decay
30.59,left,0.431178969941,0.279792087824,-0.151386882116,decay
30.6,left,0.431388633774,0.279779465611,-0.151609168162,decay
30.61,left,0.431621543257,0.279767276815,-0.151854266442,decay
30.62,left,0.431873979481,0.279755540459,-0.152118439022,decay
30.63,left,0.432141449574,0.279744267588,-0.152397181987,decay
30.64,left,0.432418801022,0.279733459782,-0.152685341241,decay
30.65,left,0.432700277914,0.279723107406,-0.152977170507,decay
30.66,left,0.432979541776,0.279713187902,-0.153266353874,decay
30.67,left,0.43324991041,0.27970366511,-0.1535462453,decay
30.68,left,0.433504834712,0.27969449041,-0.153810344302,decay
30.69,left,0.433738265721,0.279685605109,-0.154052660613,decay
30.7,left,0.433944808151,0.279676943049,-0.154267865102,decay
30.71,left,0.434119874996,0.279668433078,-0.154451441918,decay
30.72,left,0.434259858741,0.279660001373,-0.154599857368,decay
30.73,left,0.434362226441,0.279651573686,-0.154710652754,decay
30.74,left,0.434425617183,0.27964307757,-0.154782539613,decay
30.75,left,0.43444993823,0.27963444462,-0.15481549361,decay
30.76,left,0.434436297865,0.279625612577,-0.154810685288,decay
30.77,left,0.434386782667,0.279616526606,-0.154770256061,decay
30.78,left,0.43430418078,0.279607139261,-0.15469704152,decay
30.79,left,0.43419152045,0.279597409549,-0.154594110901,decay
30.8,left,0.434051354411,0.279587301843,-0.154464052568,decay
30.81,left,0.433885196503,0.279576784935,-0.154308411568,decay
30.82,left,0.433693545698,0.279565831259,-0.154127714439,decay
30.83,left,0.433476360059,0.279554416271,-0.153921943789,decay
30.84,left,0.433233607569,0.279542517986,-0.153691089582,decay
30.85,left,0.432965732842,0.279530116678,-0.153435616164,decay
30.86,left,0.432673868608,0.279517194693,-0.153156673915,decay
30.87,left,0.432359707394,0.279503736303,-0.152855971091,decay
30.88,left,0.432025338339,0.279489727501,-0.152535610838,decay
30.89,left,0.431673274352,0.279475155816,-0.152198118536,decay
30.9,left,0.431306511524,0.279460010241,-0.151846501283,decay
30.91,left,0.430928585981,0.279444281323,-0.151484304659,decay
30.92,left,0.430543815586,0.279427961418,-0.151115854168,decay
30.93,left,0.430157609439,0.279411045131,-0.150746564308,decay
30.94,left,0.429776465685,0.279393529929,-0.150382935756,decay
30.95,left,0.429407603556,0.279375416956,-0.1500321866,decay
30.96,left,0.429058470912,0.279356711936,-0.149701758976,decay
30.97,left,0.428736196711,0.279337425806,-0.149398770905,decay
30.98,left,0.428447042263,0.279317574811,-0.149129467452,decay
30.99,left,0.428196104141,0.27929718027,-0.148898923871,decay
31,left,0.42798730056,0.279276268395,-0.148711032165,decay
31.01,left,0.42782341146,0.279254870304,-0.148568541156,decay
31.02,left,0.427706131011,0.279233022248,-0.148473108763,decay
31.03,left,0.427636164838,0.279210766041,-0.148425398796,decay
31.04,left,0.427613223846,0.279188149683,-0.148425074163,decay
31.05,left,0.427635908533,0.279165228195,-0.148470680338,decay
31.06,left,0.427701759989,0.279142064444,-0.148559695545,decay
31.07,left,0.427807589926,0.279118729345,-0.148688860582,decay
31.08,left,0.42794987906,0.279095300949,-0.148854578111,decay
31.09,left,0.428125098746,0.279071862747,-0.149053235998,decay
31.1,left,0.428329973569,0.27904850179,-0.149281471779,decay
31.11,left,0.42856153481,0.279025306843,-0.149536227967,decay
31.12,left,0.428816802625,0.279002366557,-0.149814436068,decay
31.13,left,0.429092373548,0.278979767582,-0.150112605966,decay
31.14,left,0.429384264539,0.278957592597,-0.150426671942,decay
31.15,left,0.42968797978,0.278935918185,-0.150752061595,decay
31.16,left,0.429998743762,0.278914812768,-0.151083930994,decay
31.17,left,0.430311943502,0.27889433534,-0.151417608162,decay
31.18,left,0.430623559849,0.278874535578,-0.151749024271,decay
31.19,left,0.430930273978,0.278855454849,-0.152074819129,decay
31.2,left,0.431229286894,0.278837127288,-0.152392159606,decay
31.21,left,0.431518136645,0.278819580609,-0.152698556036,decay
31.22,left,0.431794645693,0.278802836629,-0.152991809064,decay
31.23,left,0.432056974802,0.278786911495,-0.153270063307,decay
31.24,left,0.432303817039,0.278771815628,-0.15353200141,decay
31.25,left,0.432534638844,0.278757553367,-0.153777085477,decay
31.26,left,0.432749668015,0.278744122444,-0.154005545571,decay
31.27,left,0.432949613904,0.278731513729,-0.154218100175,decay
31.28,left,0.433135396269,0.278719711556,-0.154415684713,decay
31.29,left,0.433307901707,0.278708694391,-0.154599207317,decay
31.3,left,0.433467669998,0.27869843541,-0.154769234588,decay
31.31,left,0.433614657301,0.278688902813,-0.154925754489,decay
31.32,left,0.433748160151,0.27868005986,-0.15506810029,decay
31.33,left,0.433866752734,0.278671864662,-0.155194888072,decay
31.34,left,0.433968254217,0.278664269696,-0.155303984521,decay
31.35,left,0.434049945397,0.278657221092,-0.155392724304,decay
31.36,left,0.434109009385,0.278650657883,-0.155458351502,decay
31.37,left,0.434142993299,0.278644511978,-0.155498481321,decay
31.38,left,0.434150331125,0.278638709421,-0.155511621704,decay
31.39,left,0.434130886877,0.278633172528,-0.15549771435,decay
31.4,left,0.434086017906,0.278627822233,-0.155458195672,decay
31.41,left,0.434017907748,0.278622580371,-0.155395327378,decay
31.42,left,0.433928617032,0.278617371914,-0.155311245118,decay
31.43,left,0.433819267038,0.278612127248,-0.15520713979,decay
31.44,left,0.43368946248,0.278606784515,-0.155082677965,decay
31.45,left,0.433537178198,0.278601292088,-0.15493588611,decay
31.46,left,0.433359219266,0.278595610895,-0.154763608371,decay
31.47,left,0.433151955046,0.278589715567,-0.154562239478,decay
31.48,left,0.432912076246,0.278583593654,-0.154328482592,decay
31.49,left,0.432637376122,0.278577243497,-0.154060132625,decay
31.5,left,0.432327422687,0.27857067184,-0.153756750847,decay
31.51,left,0.431983872656,0.278563891586,-0.15341998107,decay
31.52,left,0.431610490738,0.278556919716,-0.153053571023,decay
31.53,left,0.43121308187,0.278549775313,-0.152663306557,decay
31.54,left,0.430799226134,0.27854247768,-0.152256748454,decay
31.55,left,0.430377720019,0.278535044492,-0.151842675527,decay
31.56,left,0.429958014658,0.278527490077,-0.151430524581,decay
31.57,left,0.429549833104,0.278519824098,-0.151030009006,decay
31.58,left,0.429162817765,0.278512050869,-0.150650766895,decay
31.59,left,0.428806173676,0.278504169102,-0.150302004574,decay
31.6,left,0.428488375614,0.278496171736,-0.149992203878,decay
31.61,left,0.42821681802,0.278488045723,-0.149728772297,decay
31.62,left,0.427997344477,0.278479771747,-0.14951757273,decay
31.63,left,0.427833872755,0.278471323867,-0.149362548888,decay
31.64,left,0.427728268986,0.278462669108,-0.149265599878,decay
31.65,left,0.427680377264,0.278453766973,-0.149226610291,decay
31.66,left,0.427688172508,0.278444569045,-0.149243603463,decay
31.67,left,0.427748129731,0.278435019161,-0.149313110571,decay
31.68,left,0.427855693158,0.278425054521,-0.149430638637,decay
31.69,left,0.428005619407,0.278414607502,-0.149591011904,decay
31.7,left,0.428192315395,0.278403607722,-0.149788707673,decay
31.71,left,0.428410385374,0.27839198419,-0.150018401184,decay
31.72,left,0.428655189375,0.278379667603,-0.150275521772,decay
31.73,left,0.428923139412,0.278366592807,-0.150556546605,decay
31.74,left,0.42921175392,0.278352701512,-0.150859052409,decay
31.75,left,0.429519519003,0.278337945299,-0.151181573704,decay
31.76,left,0.429845590025,0.27832228858,-0.151523301445,decay
31.77,left,0.430189557468,0.278305710274,-0.151883847194,decay
31.78,left,0.430551422776,0.278288203285,-0.152263219491,decay
31.79,left,0.430931567407,0.278269772497,-0.152661794911,decay
31.8,left,0.431330503919,0.278250432602,-0.153080071318,decay
31.81,left,0.43174851334,0.278230206266,-0.153518307074,decay
31.82,left,0.432185227345,0.278209122648,-0.153976104698,decay
31.83,left,0.432639037393,0.278187216249,-0.154451821144,decay
31.84,left,0.433106502996,0.278164526056,-0.15494197694,decay
31.85,left,0.433582186183,0.278141094968,-0.155441091214,decay
31.86,left,0.434059047905,0.278116969421,-0.155942078484,decay
31.87,left,0.434529276508,0.278092199019,-0.156437077489,decay
31.88,left,0.434985402163,0.278066836023,-0.15691856614,decay
31.89,left,0.435421330578,0.278040934772,-0.157380395806,decay
31.9,left,0.435832769956,0.278014551208,-0.157818218748,decay
31.91,left,0.436216913154,0.27798774255,-0.158229170604,decay
31.92,left,0.436571695895,0.277960567114,-0.158611128781,decay
31.93,left,0.436894962391,0.277933084254,-0.158961878137,decay
31.94,left,0.437183821229,0.277905354413,-0.159278466816,decay
31.95,left,0.437434574016,0.277877439271,-0.159557134746,decay
31.96,left,0.437643289504,0.27784940188,-0.159793887625,decay
31.97,left,0.437806529937,0.277821306506,-0.159985223431,decay
31.98,left,0.437921820718,0.27779321794,-0.160128602777,decay
31.99,left,0.437987912637,0.277765200422,-0.160222712215,decay
32,left,0.438004847268,0.277737316416,-0.160267530852,decay
32.01,left,0.437973742027,0.277709625342,-0.160264116685,decay
32.02,left,0.437896516785,0.277682182212,-0.160214334573,decay
32.03,left,0.437775782753,0.27765503616,-0.160120746593,decay
32.04,left,0.437614733395,0.277628228812,-0.159986504583,decay
32.05,left,0.437416920868,0.27760179246,-0.159815128409,decay
32.06,left,0.437186109726,0.277575748336,-0.15961036139,decay
32.07,left,0.436926245622,0.277550105972,-0.15937613965,decay
32.08,left,0.436641318138,0.277524864386,-0.159116453752,decay
32.09,left,0.436335143844,0.277500014542,-0.158835129302,decay
32.1,left,0.436011284594,0.277475542055,-0.158535742539,decay
32.11,left,0.435673022759,0.27745142975,-0.158221593009,decay
32.12,left,0.435323307234,0.277427660081,-0.157895647154,decay
32.13,left,0.434964920186,0.277404217452,-0.157560702734,decay
32.14,left,0.434600898611,0.277381090489,-0.157219808122,decay
32.15,left,0.434234845056,0.277358274287,-0.15687657077,decay
32.16,left,0.433870979491,0.277335772444,-0.156535207047,decay
32.17,left,0.433514058056,0.27731359815,-0.156200459906,decay
32.18,left,0.43316915927,0.277291773782,-0.155877385487,decay
32.19,left,0.432841318499,0.27727032943,-0.15557098907,decay
32.2,left,0.432535179202,0.277249301099,-0.155285878103,decay
32.21,left,0.432254768294,0.277228728896,-0.155026039398,decay
32.22,left,0.432003268031,0.27720865516,-0.154794612872,decay
32.23,left,0.431782782726,0.277189122522,-0.154593660204,decay
32.24,left,0.431594356229,0.277170171845,-0.154424184383,decay
32.25,left,0.431438254552,0.277151839996,-0.154286414556,decay
32.26,left,0.431314228151,0.277134157648,-0.154180070503,decay
32.27,left,0.431221678943,0.277117147815,-0.154104531128,decay
32.28,left,0.431159793281,0.277100825651,-0.154058967629,decay
32.29,left,0.431127523148,0.277085199067,-0.154042324082,decay
32.3,left,0.431123412582,0.277070269408,-0.154053143174,decay
32.31,left,0.431145492128,0.277056031887,-0.154089460241,decay
32.32,left,0.431191295633,0.277042475732,-0.154148819901,decay
32.33,left,0.431257900647,0.277029584081,-0.154228316566,decay
32.34,left,0.431342061,0.277017333594,-0.154324727406,decay
32.35,left,0.431440513362,0.277005693806,-0.154434819557,decay
32.36,left,0.43155026742,0.2769946264,-0.154555641019,decay
32.37,left,0.431668691941,0.276984085031,-0.15468460691,decay
32.38,left,0.431793512957,0.276974016153,-0.154819496804,decay
32.39,left,0.431922783206,0.276964360539,-0.154958422666,decay
32.4,left,0.432054621046,0.276955054886,-0.15509956616,decay
32.41,left,0.432186788362,0.276946033258,-0.155240755104,decay
32.42,left,0.43231648749,0.276937228417,-0.155379259073,decay
32.43,left,0.432440421362,0.27692857305,-0.155511848312,decay
32.44,left,0.432554934158,0.276920000946,-0.155634933212,decay
32.45,left,0.432656282362,0.27691144815,-0.155744834211,decay
32.46,left,0.432741032606,0.276902854052,-0.155838178554,decay
32.47,left,0.432806347769,0.276894162197,-0.155912185573,decay
32.48,left,0.43285008768,0.276885320649,-0.155964767031,decay
32.49,left,0.432870835005,0.276876282083,-0.155994552922,decay
32.5,left,0.432867756555,0.276867003864,-0.156000752691,decay
32.51,left,0.432840178217,0.276857448247,-0.15598272997,decay
32.52,left,0.432787139136,0.276847582713,-0.155939556423,decay
32.53,left,0.432707263536,0.276837380454,-0.155869883083,decay
32.54,left,0.432598922083,0.276826821028,-0.155772101055,decay
32.55,left,0.432460589102,0.276815891203,-0.155644697899,decay
32.56,left,0.4322914105,0.276804585808,-0.155486824692,decay
32.57,left,0.432091740071,0.276792908021,-0.155298832049,decay
32.58,left,0.431863275434,0.276780868664,-0.155082406771,decay
32.59,left,0.431608804428,0.276768484804,-0.154840319624,decay
32.6,left,0.431331815014,0.276755778292,-0.154576036722,decay
32.61,left,0.431036090579,0.276742774421,-0.154293316158,decay
32.62,left,0.430725415055,0.276729500733,-0.153995914322,decay
32.63,left,0.430403575345,0.27671598593,-0.153687589416,decay
32.64,left,0.430074575313,0.276702258875,-0.153372316438,decay
32.65,left,0.429742768213,0.276688347656,-0.153054420557,decay
32.66,left,0.42941288233,0.276674278752,-0.152738603578,decay
32.67,left,0.429090108828,0.276660076508,-0.15243003232,decay
32.68,left,0.42878014375,0.276645763041,-0.15213438071,decay
32.69,left,0.428489010892,0.276631358465,-0.151857652427,decay
32.7,left,0.428222863211,0.276616881208,-0.151605982003,decay
32.71,left,0.427987904426,0.276602348334,-0.151385556093,decay
32.72,left,0.427790237831,0.276587775855,-0.151202461975,decay
32.73,left,0.427635620819,0.276573179055,-0.151062441764,decay
32.74,left,0.427529242612,0.276558572796,-0.150970669816,decay
32.75,left,0.427475362225,0.276543971833,-0.150931390392,decay
32.76,left,0.427476679697,0.276529391086,-0.15094728861,decay
32.77,left,0.427533716334,0.27651484572,-0.151018870613,decay
32.78,left,0.427644489048,0.276500350941,-0.151144138107,decay
32.79,left,0.427804423762,0.27648592157,-0.151318502192,decay
32.8,left,0.428006504103,0.276471571534,-0.151534932569,decay
32.81,left,0.428241860769,0.276457313324,-0.151784547446,decay
32.82,left,0.428500657546,0.276443157401,-0.152057500144,decay
32.83,left,0.428772877628,0.276429111563,-0.152343766066,decay
32.84,left,0.429049019272,0.276415180226,-0.152633839046,decay
32.85,left,0.429320834222,0.276401363641,-0.152919470581,decay
32.86,left,0.429581903515,0.276387657162,-0.153194246353,decay
32.87,left,0.429827895029,0.276374051086,-0.153453843943,decay
32.88,left,0.430056566985,0.276360531418,-0.153696035567,decay
32.89,left,0.430267462937,0.276347081298,-0.153920381639,decay
32.9,left,0.430461273544,0.276333682598,-0.154127590946,decay
32.91,left,0.430639177003,0.276320317493,-0.15431885951,decay
32.92,left,0.430802410931,0.276306970032,-0.154495440899,decay
32.93,left,0.430951901843,0.276293627725,-0.154658274118,decay
32.94,left,0.431087829047,0.276280283177,-0.15480754587,decay
32.95,left,0.431209387964,0.276266935812,-0.154942452152,decay
32.96,left,0.431314895375,0.276253593435,-0.15506130194,decay
32.97,left,0.431402051211,0.276240272872,-0.155161778339,decay
32.98,left,0.431468323399,0.276226999096,-0.155241324303,decay
32.99,left,0.431511506292,0.276213803259,-0.155297703033,decay
33,left,0.431530213435,0.276200720449,-0.155329492985,decay
33.01,left,0.431524157909,0.276187787457,-0.155336370452,decay
33.02,left,0.431494388876,0.276175040539,-0.155319348337,decay
33.03,left,0.431443455942,0.276162513136,-0.155280942806,decay
33.04,left,0.431375243268,0.276150233503,-0.155225009766,decay
33.05,left,0.431294484784,0.276138222197,-0.155156262588,decay
33.06,left,0.431206165488,0.27612648969,-0.155079675798,decay
33.07,left,0.431114815748,0.27611503501,-0.154999780738,decay
33.08,left,0.431023718417,0.276103846092,-0.154919872325,decay
33.09,left,0.430934389627,0.276092901312,-0.154841488314,decay
33.1,left,0.430846628546,0.276082171246,-0.1547644573,decay
33.11,left,0.430758966815,0.276071620271,-0.154687346544,decay
33.12,left,0.430669302401,0.276061208025,-0.154608094377,decay
33.13,left,0.430575699,0.276050890734,-0.154524808267,decay
33.14,left,0.430477115406,0.276040622464,-0.154436492942,decay
33.15,left,0.430373731573,0.276030356304,-0.154343375269,decay
33.16,left,0.43026690897,0.276020045466,-0.154246863505,decay
33.17,left,0.430158939627,0.276009644131,-0.154149295496,decay
33.18,left,0.430052567858,0.275999107922,-0.154053459936,decay
33.19,left,0.429950384828,0.275988394138,-0.15396199069,decay
33.2,left,0.429854349032,0.275977461958,-0.153876887073,decay
33.21,left,0.429765450819,0.275966272711,-0.153799178108,decay
33.22,left,0.429683377664,0.275954790234,-0.15372858743,decay
33.23,left,0.429606338498,0.275942981342,-0.153663357156,decay
33.24,left,0.429531331157,0.275930816406,-0.15360051475,decay
33.25,left,0.429454723024,0.275918270083,-0.153536452941,decay
33.26,left,0.429372829998,0.275905322056,-0.153467507941,decay
33.27,left,0.429282454078,0.275891957408,-0.15339049667,decay
33.28,left,0.42918130707,0.275878166309,-0.153303140761,decay
33.29,left,0.429068061618,0.275863943268,-0.15320411835,decay
33.3,left,0.428942101168,0.275849286361,-0.153092814807,decay
33.31,left,0.428803319302,0.275834196612,-0.15296912269,decay
33.32,left,0.428652061985,0.275818677532,-0.152833384453,decay
33.33,left,0.428489124056,0.275802734798,-0.152686389259,decay
33.34,left,0.428315802761,0.275786376085,-0.152529426677,decay
33.35,left,0.428133959216,0.275769611027,-0.152364348188,decay
33.36,left,0.42794590704,0.275752451285,-0.152193455755,decay
33.37,left,0.42775414935,0.275734910578,-0.152019238772,decay
33.38,left,0.427561240265,0.275717004622,-0.151844235643,decay
33.39,left,0.427369794442,0.275698751003,-0.151671043439,decay
33.4,left,0.427182442268,0.275680169125,-0.151502273143,decay
33.41,left,0.42700182882,0.275661280267,-0.151340548553,decay
33.42,left,0.426830805135,0.275642107754,-0.151188697382,decay
33.43,left,0.426672571297,0.275622677233,-0.151049894064,decay
33.44,left,0.426530576829,0.275603017066,-0.150927559763,decay
33.45,left,0.426408316472,0.275583158822,-0.15082515765,decay
33.46,left,0.426309084548,0.275563137786,-0.150745946762,decay
33.47,left,0.426235674384,0.2755429932,-0.150692681184,decay
33.48,left,0.426190248375,0.275522768004,-0.150667480372,decay
33.49,left,0.426174519297,0.275502508233,-0.150672011065,decay
33.5,left,0.426189914569,0.27548226235,-0.150707652218,decay
33.51,left,0.42623743594,0.27546208062,-0.15077535532,decay
33.52,left,0.42631743734,0.275442014497,-0.150875422843,decay
33.53,left,0.426429507315,0.27542211603,-0.151007391286,decay
33.54,left,0.426572281476,0.275402437232,-0.151169844244,decay
33.55,left,0.426743205516,0.275383029422,-0.151360176094,decay
33.56,left,0.426938497036,0.275363942498,-0.151574554538,decay
33.57,left,0.427153288658,0.275345224164,-0.151808064494,decay
33.58,left,0.427381920524,0.275326919087,-0.152055001437,decay
33.59,left,0.427618598694,0.275309067973,-0.152309530721,decay
33.6,left,0.427858366867,0.275291706469,-0.152566660398,decay
33.61,left,0.428097954698,0.275274863887,-0.152823090811,decay
33.62,left,0.428336245217,0.275258561696,-0.153077683522,decay
33.63,left,0.42857435492,0.275242811764,-0.153331543155,decay
33.64,left,0.428815216874,0.275227614315,-0.153587602559,decay
33.65,left,0.429062630755,0.275212955553,-0.153849675203,decay
33.66,left,0.429320132729,0.275198805383,-0.154121327346,decay
33.67,left,0.429590046796,0.27518511656,-0.154404930236,decay
33.68,left,0.429872751481,0.275171826308,-0.154700925173,decay
33.69,left,0.430166287243,0.275158859653,-0.15500742759,decay
33.7,left,0.430466599682,0.275146133104,-0.155320466577,decay
33.71,left,0.430768270726,0.275133558172,-0.155634712554,decay
33.72,left,0.431065261734,0.275121044744,-0.155944216989,decay
33.73,left,0.431351529407,0.275108504401,-0.156243025007,decay
33.74,left,0.431621578463,0.275095853736,-0.156525724728,decay
33.75,left,0.431870852994,0.275083017771,-0.156787835223,decay
33.76,left,0.432095956552,0.275069933167,-0.157026023385,decay
33.77,left,0.432294892819,0.275056550193,-0.157238342626,decay
33.78,left,0.432467278833,0.275042832666,-0.157424446167,decay
33.79,left,0.432614204043,0.275028756506,-0.157585447537,decay
33.8,left,0.432737753496,0.275014308047,-0.157723445449,decay
33.81,left,0.432840579486,0.274999482562,-0.157841096923,decay
33.82,left,0.432925616765,0.274984283032,-0.157941333733,decay
33.83,left,0.432995798646,0.274968719115,-0.158027079531,decay
33.84,left,0.433053853635,0.274952806329,-0.158101047307,decay
33.85,left,0.433102225463,0.27493656541,-0.158165660053,decay
33.86,left,0.433142889269,0.274920021749,-0.15822286752,decay
33.87,left,0.433177010685,0.274903204566,-0.158273806119,decay
33.88,left,0.433204678944,0.274886145592,-0.158318533353,decay
33.89,left,0.433224852886,0.274868877385,-0.158355975501,decay
33.9,left,0.433235545314,0.274851431585,-0.158384113728,decay
33.91,left,0.433234257658,0.274833837193,-0.158400420466,decay
33.92,left,0.433218476257,0.274816118846,-0.158402357411,decay
33.93,left,0.433185902224,0.274798295078,-0.158387607146,decay
33.94,left,0.433134445503,0.274780376495,-0.158354069009,decay
33.95,left,0.433062352255,0.274762363868,-0.158299988387,decay
33.96,left,0.432968473963,0.274744246382,-0.158224227581,decay
33.97,left,0.432852358176,0.274726000951,-0.158126357225,decay
33.98,left,0.43271418892,0.274707593269,-0.158006595651,decay
33.99,left,0.432554774937,0.274688980112,-0.157865794826,decay
34,left,0.432375486028,0.274670111956,-0.157705374072,decay
34.01,left,0.432178074845,0.274650935591,-0.157527139254,decay
34.02,left,0.431964524359,0.274631396733,-0.157333127625,decay
34.03,left,0.431736847923,0.274611442705,-0.157125405218,decay
34.04,left,0.431496674433,0.274591025222,-0.15690564921,decay
34.05,left,0.431244819273,0.274570103367,-0.156674715907,decay
34.06,left,0.430981164516,0.274548646441,-0.156432518075,decay
34.07,left,0.430704822848,0.274526635717,-0.156178187131,decay
34.08,left,0.430414456198,0.274504064314,-0.155910391885,decay
34.09,left,0.430108818669,0.274480935814,-0.155627882855,decay
34.1,left,0.429787392228,0.27445726269,-0.155330129538,decay
34.11,left,0.429450695392,0.274433064981,-0.155017630411,decay
34.12,left,0.429100199661,0.274408369214,-0.154691830447,decay
34.13,left,0.428738136098,0.274383207572,-0.154354928526,decay
34.14,left,0.428367244202,0.274357617272,-0.154009626929,decay
34.15,left,0.42799047904,0.274331640134,-0.153658838906,decay
34.16,left,0.427610902497,0.274305322308,-0.153305580188,decay
34.17,left,0.427231738598,0.274278714037,-0.152953024561,decay
34.18,left,0.426856335551,0.274251869373,-0.152604466178,decay
34.19,left,0.426488036009,0.274224845882,-0.152263190127,decay
34.2,left,0.426130134079,0.274197704425,-0.151932429654,decay
34.21,left,0.425785902921,0.274170509024,-0.151615393897,decay
34.22,left,0.425458604776,0.274143326818,-0.151315277959,decay
34.23,left,0.425151608566,0.274116228069,-0.151035380497,decay
34.24,left,0.424868636575,0.274089286227,-0.150779350347,decay
34.25,left,0.424613774603,0.274062578016,-0.150551196587,decay
34.26,left,0.424391048759,0.274036183417,-0.150354865342,decay
34.27,left,0.424203839166,0.274010185171,-0.150193653994,decay
34.28,left,0.42405436024,0.273984667493,-0.150069692747,decay
34.29,left,0.423943315546,0.273959714174,-0.149983601372,decay
34.3,left,0.42386998162,0.273935406384,-0.149934575236,decay
34.31,left,0.423832765805,0.27391182028,-0.149920945526,decay
34.32,left,0.423829831603,0.273889024373,-0.14994080723,decay
34.33,left,0.423859441884,0.273867076591,-0.149992365293,decay
34.34,left,0.423920022948,0.273846020981,-0.150074001968,decay
34.35,left,0.424010000577,0.273825883967,-0.15018411661,decay
34.36,left,0.424127452747,0.27380667077,-0.150320781977,decay
34.37,left,0.424269872332,0.273788363892,-0.150481508441,decay
34.38,left,0.424434299904,0.273770925184,-0.15066337472,decay
34.39,left,0.424617615733,0.273754300361,-0.150863315372,decay
34.4,left,0.424816712548,0.273738423981,-0.151078288567,decay
34.41,left,0.425028687134,0.273723224108,-0.151305463026,decay
34.42,left,0.425251142376,0.273708626697,-0.151542515679,decay
34.43,left,0.425482297993,0.273694559759,-0.151787738234,decay
34.44,left,0.425720751403,0.273680957421,-0.152039793982,decay
34.45,left,0.425965081427,0.27366776394,-0.152297317487,decay
34.46,left,0.426213482046,0.273654937331,-0.152558544715,decay
34.47,left,0.426463593429,0.273642451303,-0.152821142127,decay
34.48,left,0.426712721131,0.273630294548,-0.153082426583,decay
34.49,left,0.426958353876,0.273618468138,-0.153339885738,decay
34.5,left,0.427198558671,0.273606982401,-0.15359157627,decay
34.51,left,0.427432031867,0.273595853814,-0.153836178053,decay
34.52,left,0.427658015226,0.27358510191,-0.154072913316,decay
34.53,left,0.427876181311,0.273574746135,-0.154301435175,decay
34.54,left,0.428086372488,0.273564802621,-0.154521569867,decay
34.55,left,0.428288332861,0.273555280793,-0.154733052068,decay
34.56,left,0.428481610376,0.273546180167,-0.154935430209,decay
34.57,left,0.428665440341,0.273537488485,-0.155127951856,decay
34.58,left,0.428838503319,0.273529182066,-0.155309321254,decay
34.59,left,0.428998781981,0.273521227694,-0.155477554287,decay
34.6,left,0.429143626176,0.273513584828,-0.155630041348,decay
34.61,left,0.429269986809,0.273506207638,-0.155763779171,decay
34.62,left,0.42937490771,0.273499046894,-0.155875860815,decay
34.63,left,0.429456243067,0.273492051724,-0.155964191343,decay
34.64,left,0.429513217488,0.273485171296,-0.156028046191,decay
34.65,left,0.429546557146,0.273478356459,-0.156068200687,decay
34.66,left,0.42955836401,0.273471561272,-0.156086802739,decay
34.67,left,0.429551903598,0.273464744125,-0.156087159473,decay
34.68,left,0.429531235087,0.273457868235,-0.156073366853,decay
34.69,left,0.429500753218,0.273450901713,-0.156049851506,decay
34.7,left,0.429464823906,0.273443817575,-0.156021006331,decay
34.71,left,0.429427451128,0.273436593836,-0.155990857292,decay
34.72,left,0.429391913147,0.273429213717,-0.15596269943,decay
34.73,left,0.429360548573,0.273421665962,-0.15593888261,decay
34.74,left,0.429334711484,0.273413945294,-0.15592076619,decay
34.75,left,0.429314677786,0.273406052991,-0.155908624795,decay
34.76,left,0.429299477581,0.27339799745,-0.155901480132,decay
34.77,left,0.429286759102,0.27338979418,-0.155896964921,decay
34.78,left,0.429272632556,0.273381464835,-0.155891167722,decay
34.79,left,0.429251527139,0.273373035553,-0.155878491586,decay
34.8,left,0.42921644029,0.273364535168,-0.155851905122,decay
34.81,left,0.429159859587,0.273355993447,-0.15580386614,decay
34.82,left,0.429075060476,0.273347439379,-0.155727621096,decay
34.83,left,0.428957290183,0.273338899448,-0.155618390735,decay
34.84,left,0.428804591886,0.273330395879,-0.155474196007,decay
34.85,left,0.428618046346,0.273321944805,-0.155296101541,decay
34.86,left,0.428401271459,0.273313554547,-0.155087716911,decay
34.87,left,0.42815946706,0.273305224587,-0.154854242473,decay
34.88,left,0.427898477667,0.273296945725,-0.154601531941,decay
34.89,left,0.427624058943,0.27328870104,-0.154335357903,decay
34.9,left,0.427341390437,0.273280467008,-0.154060923429,decay
34.91,left,0.427054913261,0.273272214544,-0.153782698717,decay
34.92,left,0.42676838933,0.273263909935,-0.153504479395,decay
34.93,left,0.426484909908,0.273255515721,-0.153229394187,decay
34.94,left,0.426206791163,0.273246991524,-0.152959799639,decay
34.95,left,0.425935497707,0.273238294847,-0.15269720286,decay
34.96,left,0.425671601095,0.273229381874,-0.152442219221,decay
34.97,left,0.425414789819,0.273220208238,-0.152194581581,decay
34.98,left,0.42516416489,0.273210729769,-0.151953435121,decay
34.99,left,0.424918840367,0.273200903257,-0.15171793711,decay
35,left,0.424678481099,0.273190687296,-0.151487793803,decay
35.01,left,0.424443558144,0.273180043236,-0.151263514908,decay
35.02,left,0.424215361097,0.273168936282,-0.151046424814,decay
35.03,left,0.423995749846,0.273157336762,-0.150838413084,decay
35.04,left,0.423786732222,0.273145221584,-0.150641510639,decay
35.05,left,0.423590188117,0.273132575932,-0.150457612185,decay
35.06,left,0.423407884435,0.273119394883,-0.150288489552,decay
35.07,left,0.423241564126,0.273105683951,-0.150135880176,decay
35.08,left,0.423092972742,0.273091457782,-0.15000151496,decay
35.09,left,0.422963986337,0.273076737591,-0.149887248745,decay
35.1,left,0.422856856935,0.273061548336,-0.149795308599,decay
35.11,left,0.422774344876,0.273045916046,-0.14972842883,decay
35.12,left,0.422719710309,0.273029865287,-0.149689845021,decay
35.13,left,0.42269661859,0.273013416709,-0.149683201881,decay
35.14,left,0.422708808055,0.272996584642,-0.149712223413,decay
35.15,left,0.422759543268,0.27297937469,-0.149780168577,decay
35.16,left,0.422851116273,0.27296178158,-0.149889334693,decay
35.17,left,0.422984384278,0.272943788137,-0.150040596141,decay
35.18,left,0.423158166149,0.272925366062,-0.150232800087,decay
35.19,left,0.423368681137,0.272906478008,-0.150462203129,decay
35.2,left,0.42360940455,0.272887080037,-0.150722324513,decay
35.21,left,0.42387142685,0.272867124136,-0.151004302714,decay
35.22,left,0.424144297123,0.272846560783,-0.15129773634,decay
35.23,left,0.424417454258,0.272825341637,-0.151592112621,decay
35.24,left,0.424681952106,0.272803422401,-0.151878529705,decay
35.25,left,0.424931680441,0.27278076591,-0.152150914531,decay
35.26,left,0.425163632143,0.272757345175,-0.152406286969,decay
35.27,left,0.42537738915,0.272733145388,-0.152644243762,decay
35.28,left,0.425574088998,0.27270816416,-0.152865924838,decay
35.29,left,0.42575518933,0.272682410573,-0.153072778757,decay
35.3,left,0.425921540184,0.272655904133,-0.153265636051,decay
35.31,left,0.426072986082,0.27262867404,-0.153444312042,decay
35.32,left,0.426208286596,0.272600758806,-0.15360752779,decay
35.33,left,0.426325228379,0.272572206194,-0.153753022185,decay
35.34,left,0.426420945355,0.27254307348,-0.153877871875,decay
35.35,left,0.426492300539,0.272513428028,-0.153978872511,decay
35.36,left,0.426536198702,0.272483347899,-0.154052850803,decay
35.37,left,0.426549938011,0.272452921678,-0.154097016333,decay
35.38,left,0.426531595262,0.272422246873,-0.154109348389,decay
35.39,left,0.426480167652,0.272391427306,-0.154088740346,decay
35.4,left,0.426395470878,0.27236057029,-0.154034900588,decay
35.41,left,0.426278140391,0.272329783862,-0.15394835653,decay
35.42,left,0.426129776853,0.272299174042,-0.153830602811,decay
35.43,left,0.425953041864,0.272268842042,-0.153684199822,decay
35.44,left,0.425751763612,0.272238881349,-0.153512882263,decay
35.45,left,0.425531065132,0.272209374623,-0.153321690509,decay
35.46,left,0.42529724119,0.272180390783,-0.153116850407,decay
35.47,left,0.425057298655,0.272151983624,-0.152905315031,decay
35.48,left,0.424818429464,0.272124192994,-0.15269423647,decay
35.49,left,0.4245876168,0.272097047718,-0.152490569082,decay
35.5,left,0.424371363507,0.272070568852,-0.152300794655,decay
35.51,left,0.424175589406,0.272044772705,-0.152130816701,decay
35.52,left,0.424005758586,0.272019673614,-0.151986084972,decay
35.53,left,0.423867049956,0.271995286515,-0.151871763441,decay
35.54,left,0.423764373402,0.271971629354,-0.151792744048,decay
35.55,left,0.423702283158,0.271948725364,-0.151753557794,decay
35.56,left,0.423684768242,0.271926604968,-0.151758163274,decay
35.57,left,0.423714760434,0.271905306527,-0.151809453908,decay
35.58,left,0.423793500248,0.271884875288,-0.15190862496,decay
35.59,left,0.423920124678,0.271865360998,-0.15205476368,decay
35.6,left,0.424091601598,0.271846814988,-0.152244786611,decay
35.61,left,0.424302966068,0.271829287015,-0.152473679053,decay
35.62,left,0.424547866001,0.271812821844,-0.152735044157,decay
35.63,left,0.424819257317,0.271797455489,-0.153021801828,decay
35.64,left,0.425109880782,0.271783211048,-0.153326669734,decay
35.65,left,0.425412439119,0.271770094065,-0.153642345055,decay
35.66,left,0.425719748199,0.271758088025,-0.153961660174,decay
35.67,left,0.426024919191,0.271747152112,-0.154277767079,decay
35.68,left,0.426321421292,0.271737222827,-0.154584198465,decay
35.69,left,0.426603159414,0.27172821825,-0.154874941164,decay
35.7,left,0.426864724782,0.271720042787,-0.155144681995,decay
35.71,left,0.427101595689,0.27171259153,-0.15538900416,decay
35.72,left,0.42731012033,0.271705754273,-0.155604366058,decay
35.73,left,0.42748744641,0.271699419258,-0.155788027152,decay
35.74,left,0.42763151146,0.271693476744,-0.155938034717,decay
35.75,left,0.427741085652,0.271687822475,-0.156053263177,decay
35.76,left,0.427815956068,0.271682360864,-0.156133595204,decay
35.77,left,0.427857220548,0.271677007057,-0.156180213492,decay
35.78,left,0.427867338828,0.2716716873,-0.156195651529,decay
35.79,left,0.427849780567,0.271666338115,-0.156183442452,decay
35.8,left,0.427808615223,0.27166090523,-0.156147709993,decay
35.81,left,0.42774825001,0.27165534262,-0.15609290739,decay
35.82,left,0.427673146951,0.271649611705,-0.156023535246,decay
35.83,left,0.427587589499,0.271643680697,-0.155943908802,decay
35.84,left,0.42749575144,0.271637524094,-0.155858227345,decay
35.85,left,0.427401930537,0.27163112233,-0.155770808207,decay
35.86,left,0.42731065113,0.271624461494,-0.155686189636,decay
35.87,left,0.42722661864,0.271617532924,-0.155609085716,decay
35.88,left,0.42715454172,0.271610332489,-0.155544209231,decay
35.89,left,0.427098750722,0.271602859685,-0.155495891037,decay
35.9,left,0.427062777941,0.271595116754,-0.155467661187,decay
35.91,left,0.427049181581,0.271587107911,-0.15546207367,decay
35.92,left,0.427059601005,0.271578838664,-0.155480762341,decay
35.93,left,0.427094859152,0.271570315227,-0.155524543926,decay
35.94,left,0.427155078234,0.271561544005,-0.155593534229,decay
35.95,left,0.427239751784,0.271552531151,-0.155687220633,decay
35.96,left,0.427347545959,0.271543282225,-0.155804263733,decay
35.97,left,0.4274758856,0.271533802104,-0.155942083496,decay
35.98,left,0.427620746051,0.271524095253,-0.156096650798,decay
35.99,left,0.427776794386,0.271514166268,-0.156262628118,decay
36,left,0.427937713599,0.271504020555,-0.156433693044,decay
36.01,left,0.428096733753,0.271493665077,-0.156603068677,decay
36.02,left,0.428247403459,0.271483109179,-0.15676429428,decay
36.03,left,0.428384337609,0.271472365511,-0.156911972098,decay
36.04,left,0.428503670941,0.271461451047,-0.157042219894,decay
36.05,left,0.428603152807,0.271450388219,-0.157152764587,decay
36.06,left,0.428681873908,0.27143920593,-0.157242667978,decay
36.07,left,0.428739679763,0.271427939645,-0.157311740118,decay
36.08,left,0.428776613015,0.271416629969,-0.157359983046,decay
36.09,left,0.428792764963,0.271405320127,-0.157387444836,decay
36.1,left,0.428788431558,0.271394053129,-0.157394378429,decay
36.11,left,0.428764263225,0.2713828689,-0.157381394325,decay
36.12,left,0.428721413738,0.271371801353,-0.157349612385,decay
36.13,left,0.428661722488,0.271360875343,-0.157300847145,decay
36.14,left,0.428587771838,0.271350103457,-0.15723766838,decay
36.15,left,0.428502843384,0.271339482563,-0.157163360822,decay
36.16,left,0.428410880057,0.271328990588,-0.157081889469,decay
36.17,left,0.428316256602,0.271318585051,-0.156997671551,decay
36.18,left,0.428223213375,0.271308204511,-0.156915008863,decay
36.19,left,0.428135221395,0.271297772075,-0.15683744932,decay
36.2,left,0.42805455431,0.27128719938,-0.15676735493,decay
36.21,left,0.427982039173,0.271276390474,-0.156705648699,decay
36.22,left,0.427917022491,0.271265245609,-0.156651776882,decay
36.23,left,0.427857767322,0.27125366503,-0.156604102292,decay
36.24,left,0.427802109355,0.271241552854,-0.156560556501,decay
36.25,left,0.427747917554,0.271228821114,-0.156519096439,decay
36.26,left,0.427693370074,0.271215393634,-0.15647797644,decay
36.27,left,0.427637296139,0.271201208446,-0.156436087693,decay
36.28,left,0.427579501934,0.271186217808,-0.156393284126,decay
36.29,left,0.427520963072,0.271170386597,-0.156350576474,decay
36.3,left,0.42746391597,0.271153690485,-0.156310225485,decay
36.31,left,0.427411711812,0.271136114433,-0.156275597379,decay
36.32,left,0.427368310266,0.271117651564,-0.156250658703,decay
36.33,left,0.42733762066,0.271098302377,-0.156239318283,decay
36.34,left,0.427322878178,0.271078074307,-0.156244803871,decay
36.35,left,0.427325909671,0.271056981609,-0.156268928062,decay
36.36,left,0.427346256214,0.271035045474,-0.15631121074,decay
36.37,left,0.427380615023,0.271012294043,-0.15636832098,decay
36.38,left,0.427422981219,0.270988762067,-0.156434219152,decay
36.39,left,0.427465325709,0.270964490397,-0.156500835312,decay
36.4,left,0.427498578537,0.270939525609,-0.156559052928,decay
36.41,left,0.427513806506,0.270913919899,-0.156599886607,decay
36.42,left,0.427503298673,0.270887731242,-0.156615567431,decay
36.43,left,0.427461362591,0.270861023797,-0.156600338794,decay
36.44,left,0.42738495404,0.270833868561,-0.156551085479,decay
36.45,left,0.427274078467,0.270806344266,-0.156467734201,decay
36.46,left,0.427131623036,0.270778538266,-0.15635308477,decay
36.47,left,0.426962645919,0.270750546725,-0.156212099194,decay
36.48,left,0.42677351172,0.270722473518,-0.156051038201,decay
36.49,left,0.426571004439,0.270694428232,-0.155876576207,decay
36.5,left,0.426361425797,0.270666523943,-0.155694901854,decay
36.51,left,0.426150049199,0.27063887502,-0.155511174179,decay
36.52,left,0.425941246868,0.27061159491,-0.155329651958,decay
36.53,left,0.425739021623,0.27058479384,-0.155154227783,decay
36.54,left,0.425547561442,0.270558576387,-0.154988985055,decay
36.55,left,0.425371736779,0.270533038827,-0.154838697952,decay
36.56,left,0.425217360144,0.270508266515,-0.154709093629,decay
36.57,left,0.425090935796,0.27048433215,-0.154606603646,decay
36.58,left,0.424999028717,0.270461295603,-0.154537733114,decay
36.59,left,0.424947501696,0.270439204721,-0.154508296976,decay
36.6,left,0.424940612691,0.270418096157,-0.154522516534,decay
36.61,left,0.424980138154,0.270397995826,-0.154582142328,decay
36.62,left,0.425064972674,0.270378918928,-0.154686053747,decay
36.63,left,0.425191359078,0.270360869565,-0.154830489513,decay
36.64,left,0.42535347494,0.270343839916,-0.155009635024,decay
36.65,left,0.425544157484,0.270327808967,-0.155216348516,decay
36.66,left,0.425755689045,0.270312741168,-0.155442947877,decay
36.67,left,0.425980391052,0.270298586211,-0.155681804841,decay
36.68,left,0.426210859325,0.270285280848,-0.155925578477,decay
36.69,left,0.426440106763,0.270272752095,-0.156167354668,decay
36.7,left,0.426661880864,0.270260920636,-0.156400960228,decay
36.71,left,0.426871075059,0.270249703966,-0.156621371093,decay
36.72,left,0.427064130737,0.270239019318,-0.156825111419,decay
36.73,left,0.427239390778,0.270228786426,-0.157010604352,decay
36.74,left,0.427397162353,0.270218930197,-0.157178232156,decay
36.75,left,0.427539303135,0.270209383342,-0.157329919793,decay
36.76,left,0.427668517444,0.270200088791,-0.157468428653,decay
36.77,left,0.427787558483,0.270191001116,-0.157596557366,decay
36.78,left,0.427898305858,0.270182086414,-0.157716219445,decay
36.79,left,0.428000902114,0.270173321111,-0.157827581004,decay
36.8,left,0.428093495957,0.270164690513,-0.157928805444,decay
36.81,left,0.428172810458,0.270156187431,-0.158016623028,decay
36.82,left,0.428235144831,0.270147810888,-0.158087333943,decay
36.83,left,0.428277396254,0.270139564895,-0.158137831359,decay
36.84,left,0.428297820369,0.270131457269,-0.158166363099,decay
36.85,left,0.428296221362,0.270123498488,-0.158172722874,decay
36.86,left,0.428273607255,0.270115700618,-0.158157906637,decay
36.87,left,0.428231705864,0.270108076574,-0.15812362929,decay
36.88,left,0.428172476924,0.270100639861,-0.158071837063,decay
36.89,left,0.428097530313,0.270093404658,-0.158004125654,decay
36.9,left,0.428007704046,0.270086385983,-0.157921318063,decay
36.91,left,0.427903189986,0.270079599825,-0.157823590161,decay
36.92,left,0.427784103699,0.270073063246,-0.157711040453,decay
36.93,left,0.427651138731,0.270066794429,-0.157584344302,decay
36.94,left,0.427506213191,0.270060812692,-0.157445400499,decay
36.95,left,0.42735299868,0.270055138445,-0.157297860235,decay
36.96,left,0.427196997119,0.270049793002,-0.157147204117,decay
36.97,left,0.427045104288,0.270044797943,-0.157000306346,decay
36.98,left,0.426904891756,0.270040173787,-0.156864717969,decay
36.99,left,0.426783676062,0.270035938128,-0.156747737934,decay
37,left,0.426687525341,0.270032103492,-0.15665542185,decay
37.01,left,0.4266206833,0.270028675004,-0.156592008296,decay
37.02,left,0.426585607672,0.270025647841,-0.156559959831,decay
37.03,left,0.426583286204,0.270023004424,-0.15656028178,decay
37.04,left,0.426613547805,0.27002071131,-0.156592836496,decay
37.05,left,0.426675326696,0.270018715731,-0.156656610965,decay
37.06,left,0.426766769644,0.270016942389,-0.156749827255,decay
37.07,left,0.426885132683,0.270015292445,-0.156869840238,decay
37.08,left,0.427026720668,0.270013646202,-0.157013074465,decay
37.09,left,0.427187062556,0.270011868423,-0.157175194133,decay
37.1,left,0.427361135892,0.270009814315,-0.157351321577,decay
37.11,left,0.427543525216,0.270007335477,-0.157536189739,decay
37.12,left,0.427728673226,0.270004285859,-0.157724387367,decay
37.13,left,0.427911136383,0.270000527856,-0.157910608527,decay
37.14,left,0.428085560735,0.269995938692,-0.158089622042,decay
37.15,left,0.428246457928,0.269990417205,-0.158256040722,decay
37.16,left,0.428388057205,0.269983890298,-0.158404166907,decay
37.17,left,0.428504358244,0.269976316392,-0.158528041853,decay
37.18,left,0.428589518784,0.269967683881,-0.158621834903,decay
37.19,left,0.428638672449,0.269958006159,-0.15868066629,decay
37.2,left,0.428648921957,0.269947316016,-0.158701605941,decay
37.21,left,0.428620021312,0.269935660502,-0.15868436081,decay
37.22,left,0.428554527356,0.269923096276,-0.15863143108,decay
37.23,left,0.42845754013,0.269909685344,-0.158547854786,decay
37.24,left,0.428336047827,0.269895491117,-0.15844055671,decay
37.25,left,0.428197867612,0.269880574694,-0.158317292918,decay
37.26,left,0.428050532548,0.269864991596,-0.158185540952,decay
37.27,left,0.427900476677,0.269848789759,-0.158051686918,decay
37.28,left,0.427752544494,0.269832009391,-0.157920535103,decay
37.29,left,0.427609859322,0.269814684188,-0.157795175134,decay
37.3,left,0.42747409414,0.269796843005,-0.157677251135,decay
37.31,left,0.427345876205,0.26977851161,-0.157567364595,decay
37.32,left,0.427225038858,0.269759714527,-0.157465324331,decay
37.33,left,0.427110797461,0.269740476983,-0.157370320478,decay
37.34,left,0.427001966399,0.269720826977,-0.157281139423,decay
37.35,left,0.426897106656,0.269700797507,-0.157196309149,decay
37.36,left,0.426794647546,0.269680428663,-0.157114218883,decay
37.37,left,0.426693251156,0.269659768593,-0.157033482563,decay
37.38,left,0.42659231444,0.26963887262,-0.15695344182,decay
37.39,left,0.426492184193,0.269617801034,-0.156874383159,decay
37.4,left,0.426394038701,0.26959661656,-0.156797422141,decay
37.41,left,0.426299627225,0.269575381878,-0.156724245347,decay
37.42,left,0.426210833654,0.269554157159,-0.156656676495,decay
37.43,left,0.426129121382,0.269532997588,-0.156596123794,decay
37.44,left,0.426055151543,0.269511950792,-0.156543200751,decay
37.45,left,0.42598863552,0.269491054145,-0.156497581375,decay
37.46,left,0.425928284642,0.26947033224,-0.156457952402,decay
37.47,left,0.425871938264,0.269449795633,-0.156422142631,decay
37.48,left,0.425816989633,0.269429441675,-0.156387547958,decay
37.49,left,0.425760873921,0.269409256805,-0.156351617116,decay
37.5,left,0.425701281538,0.269389219153,-0.156312062385,decay
37.51,left,0.425636132902,0.269369301002,-0.1562668319,decay
37.52,left,0.425563499207,0.269349471134,-0.156214028073,decay
37.53,left,0.425481497686,0.269329697078,-0.156151800608,decay
37.54,left,0.425388312397,0.269309947326,-0.156078365071,decay
37.55,left,0.425282490512,0.269290193543,-0.15599229697,decay
37.56,left,0.425163258871,0.269270412603,-0.155892846268,decay
37.57,left,0.425030626188,0.2692505878,-0.155780038388,decay
37.58,left,0.424885451242,0.269230708733,-0.155654742509,decay
37.59,left,0.424729580506,0.269210770281,-0.155518810225,decay
37.6,left,0.4245658582,0.269190771339,-0.155375086862,decay
37.61,left,0.424397952902,0.269170713622,-0.15522723928,decay
37.62,left,0.424230128892,0.269150600521,-0.155079528371,decay
37.63,left,0.42406691677,0.269130436003,-0.154936480767,decay
37.64,left,0.423912583432,0.269110223532,-0.1548023599,decay
37.65,left,0.423770628916,0.269089964995,-0.154680663921,decay
37.66,left,0.423643593691,0.269069659725,-0.154573933966,decay
37.67,left,0.423533058381,0.269049303924,-0.154483754457,decay
37.68,left,0.42343969773,0.269028890729,-0.154410807001,decay
37.69,left,0.423363526803,0.269008410733,-0.15435511607,decay
37.7,left,0.423304229025,0.26898785264,-0.154316376385,decay
37.71,left,0.423261193761,0.268967203907,-0.154293989854,decay
37.72,left,0.423233293387,0.268946451396,-0.154286841991,decay
37.73,left,0.423218759304,0.268925582034,-0.15429317727,decay
37.74,left,0.423215272252,0.268904583505,-0.154310688748,decay
37.75,left,0.423220192732,0.268883444973,-0.154336747759,decay
37.76,left,0.423230885995,0.268862157822,-0.154368728173,decay
37.77,left,0.423244948447,0.26884071623,-0.154404232218,decay
37.78,left,0.423260108533,0.26881911748,-0.154440991052,decay
37.79,left,0.423274008891,0.26879736211,-0.154476646781,decay
37.8,left,0.423284323365,0.268775454063,-0.154508869302,decay
37.81,left,0.423289237638,0.268753400938,-0.1545358367,decay
37.82,left,0.423288032474,0.26873121433,-0.154556818145,decay
37.83,left,0.423281703144,0.268708910267,-0.154572792877,decay
37.84,left,0.423273461126,0.268686509761,-0.154586951365,decay
37.85,left,0.423268721975,0.268664039452,-0.154604682523,decay
37.86,left,0.423274487647,0.268641532241,-0.154632955407,decay
37.87,left,0.423298393071,0.268619027449,-0.154679365622,decay
37.88,left,0.423347549387,0.268596570203,-0.154750979184,decay
37.89,left,0.423427312919,0.268574210244,-0.154853102675,decay
37.9,left,0.423540435597,0.268552000601,-0.154988434995,decay
37.91,left,0.423686915655,0.268529996283,-0.155156919372,decay
37.92,left,0.423864337797,0.268508252951,-0.155356084846,decay
37.93,left,0.424068412691,0.268486825559,-0.155581587132,decay
37.94,left,0.4242936459,0.268465766916,-0.155827878985,decay
37.95,left,0.424533951843,0.26844512613,-0.156088825713,decay
37.96,left,0.424782989767,0.268424947076,-0.156358042691,decay
37.97,left,0.425034404136,0.268405267364,-0.156629136772,decay
37.98,left,0.425282223502,0.268386118178,-0.156896105324,decay
37.99,left,0.425521267773,0.268367524672,-0.1571537431,decay
38,left,0.425747381594,0.268349506387,-0.157397875207,decay
38.01,left,0.425957542737,0.268332077447,-0.15762546529,decay
38.02,left,0.426149801417,0.268315246537,-0.15783455488,decay
38.03,left,0.426322968433,0.268299016641,-0.158023951792,decay
38.04,left,0.426476264206,0.268283384535,-0.158192879672,decay
38.05,left,0.426609224871,0.268268340041,-0.15834088483,decay
38.06,left,0.426721872897,0.268253865206,-0.158468007691,decay
38.07,left,0.426815014611,0.268239933982,-0.158575080629,decay
38.08,left,0.426890625414,0.268226512868,-0.158664112546,decay
38.09,left,0.426952088646,0.268213562176,-0.158738526471,decay
38.1,left,0.427003823201,0.268201037343,-0.158802785858,decay
38.11,left,0.427050334147,0.268188890073,-0.158861444074,decay
38.12,left,0.427095293485,0.26817706931,-0.158918224175,decay
38.13,left,0.427141045053,0.268165522072,-0.15897552298,decay
38.14,left,0.427188513133,0.268154194179,-0.159034318953,decay
38.15,left,0.427237413257,0.268143030882,-0.159094382375,decay
38.16,left,0.427286586885,0.268131977453,-0.159154609432,decay
38.17,left,0.427334225382,0.268120979793,-0.159213245589,decay
38.18,left,0.427378063203,0.268109985129,-0.159268078073,decay
38.19,left,0.427415845134,0.268098942784,-0.15931690235,decay
38.2,left,0.42744602874,0.268087805006,-0.159358223734,decay
38.21,left,0.427468391312,0.268076527855,-0.159391863457,decay
38.22,left,0.427484404983,0.268065072179,-0.159419332803,decay
38.23,left,0.427497318683,0.268053404693,-0.15944391399,decay
38.24,left,0.427511722569,0.268041499202,-0.159470223368,decay
38.25,left,0.427532636967,0.268029337982,-0.159503298985,decay
38.26,left,0.427564566762,0.268016913137,-0.159547653626,decay
38.27,left,0.427610762549,0.268004227218,-0.159606535331,decay
38.28,left,0.427672637698,0.267991292605,-0.159681345093,decay
38.29,left,0.427749460097,0.267978130039,-0.159771330057,decay
38.3,left,0.427838471325,0.267964767008,-0.159873704316,decay
38.31,left,0.427935271491,0.267951236284,-0.159984035206,decay
38.32,left,0.428034318482,0.267937574584,-0.160096743898,decay
38.33,left,0.428129594508,0.26792382134,-0.160205773169,decay
38.34,left,0.428215308458,0.267910017542,-0.160305290916,decay
38.35,left,0.428286336529,0.267896204634,-0.160390131895,decay
38.36,left,0.428338438778,0.267882423483,-0.160456015295,decay
38.37,left,0.42836852257,0.267868713594,-0.160499808976,decay
38.38,left,0.428374870361,0.26785511268,-0.160519757681,decay
38.39,left,0.428357105047,0.267841656474,-0.160515448572,decay
38.4,left,0.428316012706,0.26782837856,-0.160487634145,decay
38.41,left,0.42825331662,0.267815310146,-0.160438006473,decay
38.42,left,0.428171287602,0.267802479756,-0.160368807846,decay
38.43,left,0.428072336215,0.267789912823,-0.160282423392,decay
38.44,left,0.427958837352,0.267777631175,-0.160181206178,decay
38.45,left,0.427833078484,0.267765652397,-0.160067426088,decay
38.46,left,0.427697183851,0.267753989172,-0.159943194679,decay
38.47,left,0.427553141572,0.267742648938,-0.159810492634,decay
38.48,left,0.427402933577,0.267731634115,-0.159671299462,decay
38.49,left,0.42724848314,0.267720942718,-0.159527540422,decay
38.5,left,0.427091389464,0.267710568975,-0.15938082049,decay
38.51,left,0.426932842545,0.267700503817,-0.159232338728,decay
38.52,left,0.42677391555,0.267690735245,-0.159083180305,decay
38.53,left,0.426616022498,0.267681248562,-0.158934773936,decay
38.54,left,0.4264613463,0.267672026494,-0.158789319806,decay
38.55,left,0.426313065069,0.267663049195,-0.158650015873,decay
38.56,left,0.426175113463,0.267654294205,-0.158520819258,decay
38.57,left,0.426051544713,0.267645736494,-0.158405808219,decay
38.58,left,0.425945938745,0.267637348744,-0.158308590001,decay
38.59,left,0.425861085946,0.267629101766,-0.15823198418,decay
38.6,left,0.425798879272,0.267620964931,-0.15817791434,decay
38.61,left,0.425760418117,0.267612906532,-0.158147511585,decay
38.62,left,0.425746281237,0.267604894111,-0.158141387126,decay
38.63,left,0.42575669185,0.267596894755,-0.158159797095,decay
38.64,left,0.425791431089,0.267588875368,-0.158202555721,decay
38.65,left,0.425849752923,0.267580802942,-0.158268949981,decay
38.66,left,0.425930495323,0.267572644813,-0.15835785051,decay
38.67,left,0.426032243294,0.267564368879,-0.158467874415,decay
38.68,left,0.426153523239,0.267555943745,-0.158597579494,decay
38.69,left,0.426293172526,0.267547338836,-0.15874583369,decay
38.7,left,0.426450685631,0.267538524542,-0.158912161088,decay
38.71,left,0.426626223685,0.267529472418,-0.159096751267,decay
38.72,left,0.426820393039,0.267520155456,-0.159300237583,decay
38.73,left,0.427034005835,0.267510548441,-0.159523457394,decay
38.74,left,0.42726776012,0.2675006284,-0.15976713172,decay
38.75,left,0.42752182551,0.267490375163,-0.160031450346,decay
38.76,left,0.427795482726,0.26747977191,-0.160315710816,decay
38.77,left,0.428086820093,0.267468805325,-0.160618014768,decay
38.78,left,0.428392499923,0.267457465049,-0.160935034874,decay
38.79,left,0.428707884189,0.267445742668,-0.161262141521,decay
38.8,left,0.429027633491,0.267433630628,-0.161594002862,decay
38.81,left,0.429346353967,0.267421121258,-0.161925232709,decay
38.82,left,0.429658946725,0.267408205876,-0.162250740849,decay
38.83,left,0.429960801256,0.267394873987,-0.162565927268,decay
38.84,left,0.430247901538,0.267381112556,-0.162866788982,decay
38.85,left,0.430516715994,0.267366905336,-0.163149810658,decay
38.86,left,0.430764019806,0.267352232373,-0.163411787433,decay
38.87,left,0.430986849547,0.267337069978,-0.163649779569,decay
38.88,left,0.431182452731,0.26732139144,-0.163861061291,decay
38.89,left,0.431348159064,0.267305168299,-0.164042990764,decay
38.9,left,0.431481379811,0.267288371875,-0.164193007936,decay
38.91,left,0.43157974764,0.267270974933,-0.164308772707,decay
38.92,left,0.431641142313,0.267252953528,-0.164388188785,decay
38.93,left,0.431663591535,0.267234289042,-0.164429302493,decay
38.94,left,0.43164528584,0.267214970471,-0.164430315368,decay
38.95,left,0.431584719963,0.267194996986,-0.164389722977,decay
38.96,left,0.431480866827,0.267174380434,-0.164306486393,decay
38.97,left,0.43133348088,0.267153146612,-0.164180334267,decay
38.98,left,0.431143468549,0.267131334419,-0.164012134129,decay
38.99,left,0.430913036187,0.267108993555,-0.163804042632,decay
39,left,0.430645605906,0.267086181981,-0.163559423925,decay
39.01,left,0.430345681761,0.267062963595,-0.163282718166,decay
39.02,left,0.430018607712,0.267039406124,-0.162979201588,decay
39.03,left,0.429670165599,0.267015579176,-0.162654586423,decay
39.04,left,0.429306260007,0.266991552407,-0.1623147076,decay
39.05,left,0.428932803555,0.266967393756,-0.161965409799,decay
39.06,left,0.42855550087,0.266943167883,-0.161612332987,decay
39.07,left,0.428179400534,0.266918935311,-0.161260465223,decay
39.08,left,0.427808563474,0.266894752656,-0.160913810818,decay
39.09,left,0.427446019762,0.266870673623,-0.160575346139,decay
39.1,left,0.427093830734,0.266846750196,-0.160247080538,decay
39.11,left,0.426753280037,0.266823033796,-0.159930246241,decay
39.12,left,0.426425278027,0.266799576389,-0.159625701638,decay
39.13,left,0.426110728099,0.266776431556,-0.159334296543,decay
39.14,left,0.425810728813,0.266753655513,-0.159057073299,decay
39.15,left,0.425526822534,0.266731308105,-0.158795514428,decay
39.16,left,0.425261212296,0.266709453585,-0.158551758712,decay
39.17,left,0.425016610514,0.266688160642,-0.158328449872,decay
39.18,left,0.424795786823,0.266667501273,-0.15812828555,decay
39.19,left,0.424601114463,0.266647548741,-0.157953565722,decay
39.2,left,0.424434162944,0.266628375157,-0.157805787787,decay
39.21,left,0.424295373865,0.266610048843,-0.157685325022,decay
39.22,left,0.42418406893,0.266592631438,-0.157591437492,decay
39.23,left,0.424098848706,0.266576174687,-0.157522674019,decay
39.24,left,0.424038116451,0.266560716843,-0.157477399609,decay
39.25,left,0.424000583506,0.266546278616,-0.15745430489,decay
39.26,left,0.423985697285,0.266532859188,-0.157452838097,decay
39.27,left,0.423993682981,0.266520434061,-0.15747324892,decay
39.28,left,0.424025006632,0.266508956088,-0.157516050544,decay
39.29,left,0.424079520237,0.266498358667,-0.15758116157,decay
39.3,left,0.424155661531,0.266488559234,-0.157667102297,decay
39.31,left,0.424249950412,0.26647946236,-0.157770488052,decay
39.32,left,0.424357023148,0.266470962431,-0.157886060717,decay
39.33,left,0.424470340405,0.266462946004,-0.158007394401,decay
39.34,left,0.424583236324,0.266455293878,-0.158127942446,decay
39.35,left,0.424689735818,0.266447882962,-0.158241852856,decay
39.36,left,0.424784987857,0.266440588008,-0.158344399849,decay
39.37,left,0.424865443058,0.266433283348,-0.15843215971,decay
39.38,left,0.424928674251,0.26642584475,-0.158502829502,decay
39.39,left,0.424972829334,0.266418151415,-0.158554677919,decay
39.4,left,0.424996106282,0.266410088092,-0.15858601819,decay
39.41,left,0.424996529295,0.266401547347,-0.158594981949,decay
39.42,left,0.424971964443,0.266392432049,-0.158579532395,decay
39.43,left,0.424920349243,0.266382658143,-0.158537691101,decay
39.44,left,0.424840093504,0.266372157767,-0.158467935737,decay
39.45,left,0.424730356907,0.266360882794,-0.158369474112,decay
39.46,left,0.42459107351,0.266348808307,-0.158242265203,decay
39.47,left,0.42442299003,0.266335934307,-0.158087055723,decay
39.48,left,0.424227818004,0.266322284396,-0.157905533608,decay
39.49,left,0.424008265047,0.266307902392,-0.157700362655,decay
39.5,left,0.423767951114,0.266292848649,-0.157475102465,decay
39.51,left,0.423511447696,0.266277196757,-0.157234250939,decay
39.52,left,0.423244290427,0.266261030618,-0.156983259809,decay
39.53,left,0.422972615973,0.266244441842,-0.15672817413,decay
39.54,left,0.422702497997,0.266227527385,-0.156474970612,decay
39.55,left,0.422439245245,0.266210387385,-0.15622885786,decay
39.56,left,0.42218678664,0.266193123156,-0.155993663484,decay
39.57,left,0.421947413281,0.266175835399,-0.155771577882,decay
39.58,left,0.421722109252,0.266158622629,-0.155563486623,decay
39.59,left,0.421511156984,0.266141579732,-0.155369577252,decay
39.6,left,0.421314523195,0.266124796495,-0.1551897267,decay
39.61,left,0.421131961194,0.266108356005,-0.155023605189,decay
39.62,left,0.420962977479,0.266092332888,-0.15487064459,decay
39.63,left,0.420806668011,0.266076791324,-0.154729876687,decay
39.64,left,0.42066156801,0.266061782792,-0.154599785218,decay
39.65,left,0.420525843742,0.266047343491,-0.154478500251,decay
39.66,left,0.420397724388,0.266033491806,-0.154364232583,decay
39.67,left,0.420275710165,0.266020227027,-0.154255483139,decay
39.68,left,0.420158493142,0.266007530279,-0.154150962863,decay
39.69,left,0.420044826873,0.265995366933,-0.154049459941,decay
39.7,left,0.41993340458,0.265983689211,-0.153949715369,decay
39.71,left,0.419822878853,0.265972438514,-0.153850440339,decay
39.72,left,0.419712266371,0.265961547435,-0.153750718936,decay
39.73,left,0.419601595144,0.265950941545,-0.153650653598,decay
39.74,left,0.41949238046,0.265940540964,-0.153551839497,decay
39.75,left,0.419387726376,0.26593026178,-0.153457464596,decay
39.76,left,0.41929196619,0.265920017378,-0.153371948812,decay
39.77,left,0.419209741813,0.265909719792,-0.153300022022,decay
39.78,left,0.419144796107,0.265899281177,-0.15324551493,decay
39.79,left,0.419099168963,0.265888615416,-0.153210553547,decay
39.8,left,0.41907312293,0.265877639812,-0.153195483118,decay
39.81,left,0.419065433875,0.265866276907,-0.153199156968,decay
39.82,left,0.419073711795,0.265854456452,-0.153219255343,decay
39.83,left,0.419094722019,0.265842117593,-0.153252604426,decay
39.84,left,0.419124580828,0.265829211317,-0.153295369512,decay
39.85,left,0.419158794249,0.265815703218,-0.153343091031,decay
39.86,left,0.41919243423,0.265801576165,-0.153390858065,decay
39.87,left,0.419220570207,0.26578683146,-0.153433738747,decay
39.88,left,0.41923871833,0.265771487411,-0.153467230919,decay
39.89,left,0.419243167448,0.265755576136,-0.153487591312,decay
39.9,left,0.419231211546,0.265739140052,-0.153492071495,decay
39.91,left,0.419201164461,0.265722228619,-0.153478935842,decay
39.92,left,0.419152011527,0.265704895333,-0.153447116194,decay
39.93,left,0.419082947613,0.265687194886,-0.153395752727,decay
39.94,left,0.418993198315,0.265669180473,-0.153324017842,decay
39.95,left,0.418882118757,0.265650901149,-0.153231217609,decay
39.96,left,0.418749399119,0.265632399442,-0.153116999676,decay
39.97,left,0.418595441746,0.265613709891,-0.152981731855,decay
39.98,left,0.418421874901,0.265594859014,-0.152827015887,decay
39.99,left,0.418231915633,0.265575866289,-0.152656049344,decay
40,left,0.41803050223,0.265556745403,-0.152473756826,decay
40.01,left,0.417824297012,0.265537505471,-0.152286791541,decay
40.02,left,0.417621423683,0.265518152211,-0.152103271472,decay
40.03,left,0.417430828065,0.265498689103,-0.151932138962,decay
40.04,left,0.417261484198,0.265479118535,-0.151782365663,decay
40.05,left,0.417121583149,0.265459442963,-0.151662140186,decay
40.06,left,0.41701763099,0.265439666031,-0.151577964958,decay
40.07,left,0.416953682484,0.26541979348,-0.151533889004,decay
40.08,left,0.416931167867,0.265399833696,-0.151531334171,decay
40.09,left,0.416949329416,0.265379798037,-0.151569531379,decay
40.1,left,0.417005943727,0.265359701122,-0.151646242604,decay
40.11,left,0.417098203755,0.265339561199,-0.151758642556,decay
40.12,left,0.417223570265,0.265319400572,-0.151904169694,decay
40.13,left,0.417380203052,0.26529924611,-0.152080956942,decay
40.14,left,0.417566932554,0.265279129836,-0.152287802718,decay
40.15,left,0.417782988396,0.265259089586,-0.152523898811,decay
40.16,left,0.41802746917,0.265239169614,-0.152788299555,decay
40.17,left,0.418298562835,0.265219420685,-0.153079142149,decay
40.18,left,0.418592897763,0.265199899306,-0.153392998457,decay
40.19,left,0.41890541256,0.265180666331,-0.153724746229,decay
40.2,left,0.4192297581,0.265161785378,-0.154067972722,decay
40.21,left,0.419559090159,0.265143321186,-0.154415768973,decay
40.22,left,0.41988710875,0.265125337916,-0.154761770834,decay
40.23,left,0.420208923371,0.265107897326,-0.155101026045,decay
40.24,left,0.420521270777,0.265091056795,-0.155430213982,decay
40.25,left,0.420822189411,0.265074867139,-0.155747322272,decay
40.26,left,0.42111058216,0.265059370436,-0.156051211724,decay
40.27,left,0.421385810234,0.265044598659,-0.156341211575,decay
40.28,left,0.421647338409,0.265030573694,-0.156616764714,decay
40.29,left,0.421894543198,0.265017308273,-0.156877234925,decay
40.3,left,0.422126637206,0.265004806957,-0.157121830249,decay
40.31,left,0.422342600341,0.264993066829,-0.157349533513,decay
40.32,left,0.422541280875,0.264982077881,-0.157559202994,decay
40.33,left,0.422721808637,0.264971823095,-0.157749985542,decay
40.34,left,0.422884019913,0.264962278223,-0.15792174169,decay
40.35,left,0.423028544029,0.264953411267,-0.158075132762,decay
40.36,left,0.423156672966,0.264945181893,-0.158211491073,decay
40.37,left,0.423270242952,0.264937541455,-0.158332701498,decay
40.38,left,0.423371443913,0.264930434189,-0.158441009725,decay
40.39,left,0.423462526981,0.264923799196,-0.158538727785,decay
40.4,left,0.423545542407,0.264917572533,-0.158627969874,decay
40.41,left,0.423622044674,0.264911689167,-0.158710355508,decay
40.42,left,0.423692753787,0.264906084799,-0.158786668988,decay
40.43,left,0.423757462513,0.264900697628,-0.158856764884,decay
40.44,left,0.423815266955,0.264895470072,-0.158919796884,decay
40.45,left,0.423864808122,0.264890350502,-0.158974457619,decay
40.46,left,0.42390436469,0.264885294836,-0.159019069853,decay
40.47,left,0.423931880688,0.264880267362,-0.159051613326,decay
40.48,left,0.423944879226,0.264875240363,-0.159069638864,decay
40.49,left,0.423940229259,0.2648701929,-0.159070036359,decay
40.5,left,0.423914095853,0.264865109402,-0.159048986451,decay
40.51,left,0.423862398782,0.264859978324,-0.159002420457,decay
40.52,left,0.423781547682,0.264854790878,-0.158926756804,decay
40.53,left,0.423669018744,0.264849539817,-0.158819478928,decay
40.54,left,0.423523674678,0.264844218262,-0.158679456416,decay
40.55,left,0.423345827754,0.264838818548,-0.158507009206,decay
40.56,left,0.423137029686,0.264833331131,-0.158303698555,decay
40.57,left,0.422899839484,0.264827743707,-0.158072095777,decay
40.58,left,0.422637834436,0.264822040674,-0.157815793762,decay
40.59,left,0.422355758399,0.26481620281,-0.157539555589,decay
40.6,left,0.422059609886,0.264810207015,-0.157249402871,decay
40.61,left,0.421756637944,0.264804026025,-0.156952611919,decay
40.62,left,0.421455133083,0.264797628098,-0.156657504986,decay
40.63,left,0.421163850111,0.264790976685,-0.156372873426,decay
40.64,left,0.420891241885,0.264784030071,-0.156107211814,decay
40.65,left,0.420644867146,0.264776741002,-0.155868126144,decay
40.66,left,0.420430975579,0.264769056398,-0.155661919181,decay
40.67,left,0.4202541066,0.264760917453,-0.155493189146,decay
40.68,left,0.420116869506,0.264752260379,-0.155364609127,decay
40.69,left,0.420020037924,0.264743017632,-0.155277020292,decay
40.7,left,0.419962734062,0.264733119355,-0.155229614707,decay
40.71,left,0.419942606018,0.264722494937,-0.155220111081,decay
40.72,left,0.419956109413,0.264711074733,-0.15524503468,decay
40.73,left,0.41999878719,0.264698791973,-0.155299995217,decay
40.74,left,0.420065409521,0.264685584921,-0.155379824601,decay
40.75,left,0.420150211231,0.264671399333,-0.155478811898,decay
40.76,left,0.420247495107,0.264656190993,-0.155591304114,decay
40.77,left,0.42035238095,0.264639927541,-0.155712453409,decay
40.78,left,0.420461303938,0.264622589011,-0.155838714927,decay
40.79,left,0.420572174872,0.264604167568,-0.155968007303,decay
40.8,left,0.420684205699,0.264584667316,-0.156099538383,decay
40.81,left,0.420797412741,0.264564104536,-0.156233308205,decay
40.82,left,0.420912146934,0.264542508392,-0.156369638542,decay
40.83,left,0.421028997723,0.264519922102,-0.156509075621,decay
40.84,left,0.421148908078,0.264496404595,-0.156652503483,decay
40.85,left,0.421273227249,0.264472032661,-0.156801194587,decay
40.86,left,0.421403643348,0.264446903095,-0.156956740253,decay
40.87,left,0.421541856829,0.264421133185,-0.157120723644,decay
40.88,left,0.42168891029,0.264394858319,-0.157294051971,decay
40.89,left,0.421844476684,0.264368227559,-0.157476249124,decay
40.9,left,0.422006430926,0.264341398798,-0.157665032129,decay
40.91,left,0.422170695305,0.264314534084,-0.157856161221,decay
40.92,left,0.422331339232,0.264287795068,-0.158043544164,decay
40.93,left,0.42248110271,0.264261338441,-0.158219764269,decay
40.94,left,0.422612283049,0.264235311271,-0.158376971779,decay
40.95,left,0.422717614419,0.264209846117,-0.158507768302,decay
40.96,left,0.422791009729,0.264185056352,-0.158605953377,decay
40.97,left,0.422828254472,0.264161033308,-0.158667221164,decay
40.98,left,0.422827439677,0.264137846454,-0.158689593223,decay
40.99,left,0.422788872693,0.264115545604,-0.158673327089,decay
41,left,0.422714628717,0.2640941634,-0.158620465317,decay
41.01,left,0.422608008041,0.264073717367,-0.158534290674,decay
41.02,left,0.422473006965,0.26405421149,-0.158418795475,decay
41.03,left,0.422313977534,0.26403563735,-0.158278340184,decay
41.04,left,0.422135566299,0.264017974824,-0.158117591475,decay
41.05,left,0.42194261987,0.264001192366,-0.157941427504,decay
41.06,left,0.421739709361,0.26398524709,-0.157754462271,decay
41.07,left,0.421530463953,0.263970085311,-0.157560378642,decay
41.08,left,0.421317199344,0.26395564406,-0.157361555284,decay
41.09,left,0.421100992295,0.263941853235,-0.157159139061,decay
41.1,left,0.420882125811,0.263928637753,-0.156953488059,decay
41.11,left,0.420660876569,0.263915919496,-0.156744957073,decay
41.12,left,0.420438381932,0.263903619054,-0.156534762878,decay
41.13,left,0.420217190492,0.263891657326,-0.156325533166,decay
41.14,left,0.420001434332,0.263879957021,-0.156121477312,decay
41.15,left,0.419796698232,0.263868444101,-0.155928254131,decay
41.16,left,0.419609491992,0.263857049084,-0.155752442909,decay
41.17,left,0.41944643614,0.263845707827,-0.155600728313,decay
41.18,left,0.419313635143,0.263834361538,-0.155479273605,decay
41.19,left,0.419216457758,0.263822956242,-0.155393501516,decay
41.2,left,0.419159444438,0.263811442139,-0.155348002299,decay
41.21,left,0.419146148848,0.263799773031,-0.155346375817,decay
41.22,left,0.419179041467,0.26378790583,-0.155391135638,decay
41.23,left,0.419259508009,0.263775800154,-0.155483707855,decay
41.24,left,0.419387892252,0.263763418018,-0.155624474233,decay
41.25,left,0.419563738695,0.263750723623,-0.155813015073,decay
41.26,left,0.41978619488,0.263737683249,-0.156048511631,decay
41.27,left,0.420054138025,0.263724265298,-0.156329872726,decay
41.28,left,0.420365878957,0.263710440494,-0.156655438464,decay
41.29,left,0.420718752043,0.263696182246,-0.157022569798,decay
41.3,left,0.421108801581,0.263681467169,-0.157427334411,decay
41.31,left,0.421530651087,0.263666275768,-0.157864375319,decay
41.32,left,0.421977718276,0.263650593286,-0.15832712499,decay
41.33,left,0.42244271609,0.263634410762,-0.158808305328,decay
41.34,left,0.42291806605,0.263617726294,-0.159300339756,decay
41.35,left,0.423396047934,0.263600546543,-0.159795501391,decay
41.36,left,0.423868912442,0.263582888235,-0.160286024207,decay
41.37,left,0.424329115614,0.263564778867,-0.160764336748,decay
41.38,left,0.424769595826,0.263546256018,-0.161223339807,decay
41.39,left,0.425184111309,0.263527365709,-0.1616567456,decay
41.4,left,0.425567610196,0.26350816061,-0.162059449585,decay
41.41,left,0.425916321572,0.263488698435,-0.162427623136,decay
41.42,left,0.426227482446,0.263469040477,-0.162758441969,decay
41.43,left,0.426499048422,0.263449250273,-0.163049798149,decay
41.44,left,0.426729588995,0.263429392358,-0.163300196637,decay
41.45,left,0.42691828735,0.263409531056,-0.163508756294,decay
41.46,left,0.427065062571,0.263389729376,-0.163675333195,decay
41.47,left,0.427170822251,0.263370048222,-0.163800774029,decay
41.48,left,0.427237565672,0.26335054608,-0.163887019591,decay
41.49,left,0.427268178052,0.263331279019,-0.163936899033,decay
41.5,left,0.427266236878,0.263312300725,-0.163953936153,decay
41.51,left,0.427236066467,0.263293662454,-0.163942404013,decay
41.52,left,0.42718278324,0.263275412864,-0.163907370375,decay
41.53,left,0.427112144073,0.263257597729,-0.163854546344,decay
41.54,left,0.427030331571,0.263240259504,-0.163790072067,decay
41.55,left,0.426943656779,0.263223436734,-0.163720220045,decay
41.56,left,0.426858070705,0.263207163376,-0.163650907329,decay
41.57,left,0.426778645051,0.263191468348,-0.163587176703,decay
41.58,left,0.426709188028,0.263176375514,-0.163532812514,decay
41.59,left,0.426651982064,0.263161903923,-0.163490078142,decay
41.6,left,0.426607743649,0.263148067968,-0.163459675681,decay
41.61,left,0.426575947475,0.263134877329,-0.163441070146,decay
41.62,left,0.426555285736,0.263122336681,-0.163432949056,decay
41.63,left,0.426543863248,0.263110445154,-0.163433418094,decay
41.64,left,0.426539166906,0.263099195554,-0.163439971352,decay
41.65,left,0.426538134265,0.26308857331,-0.163449560955,decay
41.66,left,0.426537349282,0.26307855536,-0.163458793922,decay
41.67,left,0.426533313481,0.263069109605,-0.163464203876,decay
41.68,left,0.426522926429,0.263060195421,-0.163462731008,decay
41.69,left,0.426504002567,0.263051764875,-0.163452237692,decay
41.7,left,0.426475417837,0.263043763992,-0.163431653845,decay
41.71,left,0.426436909459,0.263036133831,-0.163400775629,decay
41.72,left,0.42638878639,0.263028811372,-0.163359975018,decay
41.73,left,0.426331604474,0.263021730249,-0.163309874226,decay
41.74,left,0.426265941546,0.263014821349,-0.163251120197,decay
41.75,left,0.426192535041,0.263008013309,-0.163184521732,decay
41.76,left,0.42611266712,0.263001232985,-0.163111434135,decay
41.77,left,0.426028373062,0.262994406067,-0.163033966995,decay
41.78,left,0.425942341319,0.262987457996,-0.162954883323,decay
41.79,left,0.425857669898,0.262980315114,-0.162877354784,decay
41.8,left,0.425777495055,0.262972905939,-0.162804589116,decay
41.81,left,0.425704488578,0.262965162521,-0.162739326057,decay
41.82,left,0.425640492909,0.262957021921,-0.162683470987,decay
41.83,left,0.425586436909,0.262948427863,-0.162638009045,decay
41.84,left,0.425542346129,0.262939332577,-0.162603013552,decay
41.85,left,0.425507424115,0.262929698899,-0.162577725216,decay
41.86,left,0.425480328908,0.26291950227,-0.162560826638,decay
41.87,left,0.425459497155,0.262908731429,-0.162550765726,decay
41.88,left,0.425443322311,0.262897386913,-0.162545935398,decay
41.89,left,0.425430257437,0.262885478029,-0.162544779408,decay
41.9,left,0.425418926545,0.262873019542,-0.162545907003,decay
41.91,left,0.425408120813,0.26286002854,-0.162548092273,decay
41.92,left,0.425396609745,0.262846521481,-0.162550088264,decay
41.93,left,0.425382984043,0.262832511358,-0.162550472684,decay
41.94,left,0.425365674312,0.262818004947,-0.162547669366,decay
41.95,left,0.425342997042,0.262803000071,-0.162539996972,decay
41.96,left,0.425313208488,0.262787483233,-0.162525725255,decay
41.97,left,0.425274661357,0.26277142871,-0.162503232648,decay
41.98,left,0.425225903374,0.262754799966,-0.162471103408,decay
41.99,left,0.425165602628,0.262737552774,-0.162428049854,decay
42,left,0.425092462769,0.262719638875,-0.162372823894,decay
42.01,left,0.425005208964,0.262701009793,-0.162304199171,decay
42.02,left,0.424902597902,0.262681620796,-0.162220977106,decay
42.03,left,0.424783589851,0.262661435104,-0.162122154746,decay
42.04,left,0.424647826241,0.262640428417,-0.162007397823,decay
42.05,left,0.42449614844,0.262618593833,-0.161877554607,decay
42.06,left,0.424330829528,0.262595946556,-0.161734882972,decay
42.07,left,0.424155595651,0.262572526331,-0.16158306932,decay
42.08,left,0.423975474753,0.262548395997,-0.161427078756,decay
42.09,left,0.4237962236,0.262523637387,-0.161272586213,decay
42.1,left,0.423623404702,0.262498346704,-0.161125057998,decay
42.11,left,0.423461553587,0.262472630199,-0.160988923389,decay
42.12,left,0.423313623778,0.262446600146,-0.160867023632,decay
42.13,left,0.42318071129,0.262420371026,-0.160760340264,decay
42.14,left,0.423062267145,0.262394055807,-0.160668211338,decay
42.15,left,0.422956853647,0.262367762268,-0.160589091379,decay
42.16,left,0.422863032233,0.262341589597,-0.160521442636,decay
42.17,left,0.42278001102,0.262315626268,-0.160464384751,decay
42.18,left,0.422707974857,0.262289949925,-0.160418024932,decay
42.19,left,0.422647956991,0.262264628662,-0.160383328329,decay
42.2,left,0.42260119174,0.262239722565,-0.160361469175,decay
42.21,left,0.422568388321,0.262215285083,-0.160353103239,decay
42.22,left,0.422549420252,0.262191364189,-0.160358056063,decay
42.23,left,0.422543328678,0.262168003335,-0.160375325343,decay
42.24,left,0.422548317883,0.262145242208,-0.160403075675,decay
42.25,left,0.422561725576,0.262123117282,-0.160438608294,decay
42.26,left,0.422579970874,0.262101662178,-0.160478308696,decay
42.27,left,0.422598447641,0.262080907842,-0.160517539799,decay
42.28,left,0.422611611117,0.262060882549,-0.160550728568,decay
42.29,left,0.422613456377,0.262041611712,-0.160571844665,decay
42.3,left,0.42259821033,0.262023117479,-0.160575092851,decay
42.31,left,0.422561071182,0.262005418082,-0.160555653101,decay
42.32,left,0.422499017256,0.261988526931,-0.160510490325,decay
42.33,left,0.422411500173,0.261972451436,-0.160439048737,decay
42.34,left,0.422300644932,0.261957191522,-0.16034345341,decay
42.35,left,0.422170948486,0.261942737828,-0.160228210658,decay
42.36,left,0.422028813848,0.261929069889,-0.16009974396,decay
42.37,left,0.421882007817,0.261916155312,-0.159965852506,decay
42.38,left,0.421738941448,0.261903950726,-0.159834990722,decay
42.39,left,0.421607891636,0.261892403932,-0.159715487704,decay
42.4,left,0.421496263533,0.261881456219,-0.159614807314,decay
42.41,left,0.421409818637,0.261871044447,-0.15953877419,decay
42.42,left,0.42135201252,0.261861102911,-0.159490909609,decay
42.43,left,0.421323743367,0.261851565029,-0.159472178338,decay
42.44,left,0.421323518215,0.261842364901,-0.159481153315,decay
42.45,left,0.421347857857,0.261833438769,-0.159514419088,decay
42.46,left,0.42139190914,0.26182472631,-0.15956718283,decay
42.47,left,0.421450216693,0.26181617139,-0.159634045303,decay
42.48,left,0.42151735143,0.261807722019,-0.159709629411,decay
42.49,left,0.421588187715,0.261799329745,-0.15978885797,decay
42.5,left,0.421658019223,0.261790948897,-0.159867070327,decay
42.51,left,0.421722721458,0.261782535838,-0.15994018562,decay
42.52,left,0.421778996829,0.261774048256,-0.160004948574,decay
42.53,left,0.421824783305,0.261765444471,-0.160059338834,decay
42.54,left,0.421859710987,0.261756682787,-0.1601030282,decay
42.55,left,0.421885154975,0.261747720859,-0.160137434117,decay
42.56,left,0.421903701116,0.261738515164,-0.160165185952,decay
42.57,left,0.421918337703,0.261729020801,-0.160189316902,decay
42.58,left,0.421931649412,0.261719191773,-0.160212457639,decay
42.59,left,0.421945087781,0.261708981659,-0.160236106122,decay
42.6,left,0.421958525528,0.261698344467,-0.160260181062,decay
42.61,left,0.421970333085,0.261687235592,-0.160283097493,decay
42.62,left,0.421977852782,0.26167561291,-0.160302239872,decay
42.63,left,0.421977997668,0.261663438022,-0.160314559647,decay
42.64,left,0.421967944131,0.261650677694,-0.160317266437,decay
42.65,left,0.42194584515,0.261637305512,-0.160308539637,decay
42.66,left,0.421911230882,0.261623303572,-0.16028792731,decay
42.67,left,0.421864992191,0.261608663541,-0.16025632865,decay
42.68,left,0.421809210293,0.261593386592,-0.160215823701,decay
42.69,left,0.421746926174,0.261577482615,-0.160169443559,decay
42.7,left,0.421681772474,0.261560969396,-0.160120803078,decay
42.71,left,0.421617598778,0.261543872061,-0.160073726717,decay
42.72,left,0.421558182981,0.261526222786,-0.160031960195,decay
42.73,left,0.42150689153,0.261508060764,-0.159998830767,decay
42.74,left,0.421466314428,0.261489432421,-0.159976882007,decay
42.75,left,0.42143808491,0.261470391882,-0.159967693028,decay
42.76,left,0.421422824709,0.261451001441,-0.159971823269,decay
42.77,left,0.421420035151,0.261431331335,-0.159988703816,decay
42.78,left,0.421428145793,0.261411458281,-0.160016687512,decay
42.79,left,0.421444955592,0.261391463117,-0.160053492474,decay
42.8,left,0.421468166703,0.261371428243,-0.16009673846,decay
42.81,left,0.421495700985,0.261351435086,-0.160144265899,decay
42.82,left,0.421525918864,0.261331561562,-0.160194357302,decay
42.83,left,0.421557744551,0.261311879471,-0.16024586508,decay
42.84,left,0.421590492248,0.261292451767,-0.16029804048,decay
42.85,left,0.421623502062,0.261273329641,-0.16035017242,decay
42.86,left,0.421655819985,0.261254549773,-0.160401270212,decay
42.87,left,0.421685955099,0.261236133024,-0.160449822075,decay
42.88,left,0.421711865482,0.261218085527,-0.160493779955,decay
42.89,left,0.421731415834,0.261200401422,-0.160531014412,decay
42.9,left,0.421743086324,0.261183065927,-0.160560020397,decay
42.91,left,0.421746376745,0.261166058228,-0.160580318517,decay
42.92,left,0.421741757641,0.261149354175,-0.160592403466,decay
42.93,left,0.421730425281,0.261132928854,-0.160597496427,decay
42.94,left,0.421713917898,0.261116759063,-0.160597158835,decay
42.95,left,0.421693548836,0.26110082575,-0.160592723087,decay
42.96,left,0.421669925228,0.261085116221,-0.160584809007,decay
42.97,left,0.421642801771,0.261069625469,-0.160573176302,decay
42.98,left,0.421611182281,0.261054356101,-0.16055682618,decay
42.99,left,0.421573600484,0.261039317293,-0.160534283191,decay
43,left,0.421528572996,0.261024523448,-0.160504049548,decay
43.01,left,0.421475003802,0.261009992872,-0.16046501093,decay
43.02,left,0.421412374339,0.260995746432,-0.160416627906,decay
43.03,left,0.421340862915,0.260981806207,-0.160359056708,decay
43.04,left,0.421261535912,0.260968194066,-0.160293341846,decay
43.05,left,0.421176537677,0.260954930184,-0.160221607493,decay
43.06,left,0.42108923208,0.260942031595,-0.160147200485,decay
43.07,left,0.4210043501,0.260929511249,-0.160074838852,decay
43.08,left,0.42092797815,0.260917377925,-0.160010600225,decay
43.09,left,0.420867131191,0.260905636709,-0.159961494482,decay
43.1,left,0.420829066247,0.260894289542,-0.159934776706,decay
43.11,left,0.420820642633,0.260883335631,-0.159937307001,decay
43.12,left,0.420847696518,0.260872771735,-0.159974924784,decay
43.13,left,0.420914432857,0.260862592289,-0.160051840568,decay
43.14,left,0.421023130855,0.260852789419,-0.160170341436,decay
43.15,left,0.421174204073,0.260843352799,-0.160330851274,decay
43.16,left,0.421366328819,0.26083426942,-0.160532059399,decay
43.17,left,0.421596584218,0.260825523299,-0.16077106092,decay
43.18,left,0.421860682572,0.26081709521,-0.161043587362,decay
43.19,left,0.422153089571,0.260808962379,-0.161344127192,decay
43.2,left,0.422466911524,0.26080109808,-0.161665813443,decay
43.21,left,0.422793894448,0.260793471092,-0.162000423357,decay
43.22,left,0.423124794272,0.260786045018,-0.162338749254,decay
43.23,left,0.423449906573,0.260778777469,-0.162671129104,decay
43.24,left,0.423759643679,0.260771619097,-0.162988024582,decay
43.25,left,0.424045267202,0.260764512477,-0.163280754725,decay
43.26,left,0.424299538366,0.260757391099,-0.163542147267,decay
43.27,left,0.424516950376,0.260750179266,-0.16376677111,decay
43.28,left,0.424693700467,0.260742793516,-0.163950906952,decay
43.29,left,0.424827692264,0.260735145159,-0.164092547105,decay
43.3,left,0.424918540155,0.26072714315,-0.164191397005,decay
43.31,left,0.424967503161,0.260718697011,-0.16424880615,decay
43.32,left,0.424977382442,0.260709719863,-0.164267662579,decay
43.33,left,0.424952251777,0.260700131618,-0.164252120159,decay
43.34,left,0.424896869759,0.260689862413,-0.164207007345,decay
43.35,left,0.424816017974,0.260678856364,-0.16413716161,decay
43.36,left,0.424714101717,0.260667075156,-0.164047026562,decay
43.37,left,0.424594967692,0.260654499837,-0.163940467855,decay
43.38,left,0.424461873291,0.260641129575,-0.163820743716,decay
43.39,left,0.424317761054,0.260626978328,-0.163690782726,decay
43.4,left,0.424165704317,0.26061207116,-0.163553633157,decay
43.41,left,0.424009185055,0.260596440858,-0.163412744198,decay
43.42,left,0.42385223388,0.260580124872,-0.163272109009,decay
43.43,left,0.423699535919,0.260563162504,-0.163136373415,decay
43.44,left,0.423556310123,0.260545592301,-0.163010717822,decay
43.45,left,0.423427923815,0.260527449595,-0.16290047422,decay
43.46,left,0.423319492559,0.260508764377,-0.162810728182,decay
43.47,left,0.423235481103,0.260489560153,-0.16274592095,decay
43.48,left,0.423179078372,0.26046985429,-0.162709224082,decay
43.49,left,0.423151414525,0.260449659446,-0.162701755079,decay
43.5,left,0.42315096975,0.260428985379,-0.162721984371,decay
43.51,left,0.423173364141,0.26040784086,-0.162765523281,decay
43.52,left,0.423211601821,0.260386235687,-0.162825366133,decay
43.53,left,0.423256888354,0.260364182839,-0.162892705515,decay
43.54,left,0.423299851776,0.260341700787,-0.162958150989,decay
43.55,left,0.423331676667,0.260318816021,-0.163012860647,decay
43.56,left,0.423344884771,0.260295565424,-0.163049319348,decay
43.57,left,0.423333770833,0.260271997434,-0.163061773399,decay
43.58,left,0.423294461458,0.260248171124,-0.163046290334,decay
43.59,left,0.423224663706,0.260224153823,-0.163000509883,decay
43.6,left,0.423123404758,0.260200018417,-0.162923386342,decay
43.61,left,0.422990949284,0.260175840734,-0.16281510855,decay
43.62,left,0.42282872377,0.260151697019,-0.16267702675,decay
43.63,left,0.422639106085,0.26012766141,-0.162511444675,decay
43.64,left,0.422425252185,0.260103803383,-0.162321448801,decay
43.65,left,0.422191050224,0.260080185097,-0.162110865127,decay
43.66,left,0.421941074772,0.260056858897,-0.161884215875,decay
43.67,left,0.421680565744,0.260033865966,-0.161646699778,decay
43.68,left,0.421415486174,0.26001123684,-0.161404249335,decay
43.69,left,0.421152427253,0.2599889932,-0.161163434053,decay
43.7,left,0.420898185021,0.25996714992,-0.160931035101,decay
43.71,left,0.420659146668,0.259945716936,-0.160713429732,decay
43.72,left,0.420440630131,0.259924700943,-0.160515929188,decay
43.73,left,0.420246293708,0.259904106934,-0.160342186774,decay
43.74,left,0.420077903477,0.259883939608,-0.160193963869,decay
43.75,left,0.419935614883,0.259864204671,-0.160071410212,decay
43.76,left,0.41981844182,0.259844909926,-0.159973531893,decay
43.77,left,0.419724540233,0.259826065837,-0.159898474396,decay
43.78,left,0.419651416265,0.259807685289,-0.159843730977,decay
43.79,left,0.419596247049,0.259789782766,-0.159806464282,decay
43.8,left,0.419556202777,0.259772373268,-0.159783829509,decay
43.81,left,0.419528787558,0.259755471096,-0.159773316461,decay
43.82,left,0.419512357284,0.259739088521,-0.159773268763,decay
43.83,left,0.419506568759,0.259723234272,-0.159783334487,decay
43.84,left,0.419512369634,0.259707911852,-0.159804457781,decay
43.85,left,0.419531584705,0.259693117636,-0.159838467069,decay
43.86,left,0.419566308294,0.259678838974,-0.15988746932,decay
43.87,left,0.419618165848,0.259665053089,-0.159953112758,decay
43.88,left,0.419687698826,0.259651727348,-0.160035971478,decay
43.89,left,0.419774234376,0.259638820456,-0.16013541392,decay
43.9,left,0.419876196629,0.259626283779,-0.16024991285,decay
43.91,left,0.419991572107,0.259614062464,-0.160377509644,decay
43.92,left,0.420118481395,0.259602096377,-0.160516385017,decay
43.93,left,0.420255813903,0.259590320875,-0.160665493027,decay
43.94,left,0.420403535383,0.25957866744,-0.160824867943,decay
43.95,left,0.420562401193,0.259567064206,-0.160995336987,decay
43.96,left,0.420733337066,0.259555436469,-0.161177900597,decay
43.97,left,0.420916854867,0.259543707395,-0.161373147472,decay
43.98,left,0.42111270165,0.259531799113,-0.161580902537,decay
43.99,left,0.421319914809,0.259519634107,-0.161800280701,decay
44,left,0.421537231613,0.259507136762,-0.162030094851,decay
44.01,left,0.421763491147,0.259494234996,-0.162269256151,decay
44.02,left,0.42199782464,0.259480862045,-0.162516962595,decay
44.03,left,0.422239745751,0.259466958424,-0.162772787327,decay
44.04,left,0.422489174627,0.259452474131,-0.163036700496,decay
44.05,left,0.422746273349,0.259437371122,-0.163308902227,decay
44.06,left,0.42301121308,0.259421625746,-0.163589587334,decay
44.07,left,0.42328417351,0.259405229966,-0.163878943544,decay
44.08,left,0.423565504297,0.259388190499,-0.164177313798,decay
44.09,left,0.423855729193,0.25937052655,-0.164485202643,decay
44.1,left,0.424155360597,0.259352267343,-0.164803093253,decay
44.11,left,0.424464623934,0.25933344993,-0.165131174004,decay
44.12,left,0.424783116609,0.259314117264,-0.165468999345,decay
44.13,left,0.425109606786,0.259294316516,-0.16581529027,decay
44.14,left,0.425442164956,0.25927409758,-0.166168067376,decay
44.15,left,0.425778452191,0.259253511743,-0.166524940448,decay
44.16,left,0.426115938974,0.259232610522,-0.166883328452,decay
44.17,left,0.426452111298,0.259211444758,-0.16724066654,decay
44.18,left,0.42678470891,0.259190064042,-0.167594644868,decay
44.19,left,0.427111783532,0.25916851637,-0.167943267162,decay
44.2,left,0.427431508364,0.259146847885,-0.168284660479,decay
44.21,left,0.427741990877,0.259125102638,-0.168616888239,decay
44.22,left,0.428041136172,0.259103322349,-0.168937813823,decay
44.23,left,0.428326366097,0.25908154614,-0.169244819957,decay
44.24,left,0.428594301411,0.259059810252,-0.169534491159,decay
44.25,left,0.428840677672,0.259038147701,-0.169802529971,decay
44.26,left,0.429060497296,0.259016587938,-0.170043909358,decay
44.27,left,0.429248406632,0.258995156691,-0.170253249941,decay
44.28,left,0.429399401804,0.258973876098,-0.170425525706,decay
44.29,left,0.429509676853,0.258952765045,-0.170556911808,decay
44.3,left,0.429577227938,0.258931839499,-0.170645388439,decay
44.31,left,0.429602118761,0.258911112752,-0.170691006008,decay
44.32,left,0.429586528943,0.258890595591,-0.170695933351,decay
44.33,left,0.429534518796,0.258870296362,-0.170664222434,decay
44.34,left,0.429451400903,0.258850220954,-0.170601179949,decay
44.35,left,0.42934294165,0.258830372684,-0.170512568965,decay
44.36,left,0.42921465674,0.258810752183,-0.170403904556,decay
44.37,left,0.429071173507,0.258791357552,-0.170279815955,decay
44.38,left,0.428915677837,0.258772185026,-0.170143492811,decay
44.39,left,0.428749611372,0.258753229973,-0.1699963814,decay
44.4,left,0.428572598783,0.258734487964,-0.169838110819,decay
44.41,left,0.428382492425,0.258715955796,-0.169666536629,decay
44.42,left,0.428175590763,0.258697632485,-0.169477958278,decay
44.43,left,0.427947098917,0.258679520237,-0.169267578679,decay
44.44,left,0.427691792719,0.258661625423,-0.169030167296,decay
44.45,left,0.427404903805,0.258643959558,-0.168760944247,decay
44.46,left,0.427083179557,0.258626540139,-0.168456639418,decay
44.47,left,0.426725702808,0.258609390808,-0.168116312,decay
44.48,left,0.426334028561,0.258592540426,-0.167741488136,decay
44.49,left,0.42591177767,0.258576021355,-0.167335756315,decay
44.5,left,0.425464116618,0.258559867472,-0.166904249146,decay
44.51,left,0.424997237188,0.258544112097,-0.166453125091,decay
44.52,left,0.424517861617,0.25852878583,-0.165989075788,decay
44.53,left,0.424032910186,0.258513914234,-0.165518995952,decay
44.54,left,0.423549195541,0.258499515341,-0.1650496802,decay
44.55,left,0.423072935335,0.258485596916,-0.164587338419,decay
44.56,left,0.422609342936,0.258472153897,-0.164137189039,decay
44.57,left,0.42216265102,0.258459167342,-0.163703483679,decay
44.58,left,0.421736458855,0.258446605933,-0.163289852922,decay
44.59,left,0.421334106291,0.258434429262,-0.162899677029,decay
44.6,left,0.420958979995,0.258422591504,-0.162536388491,decay
44.61,left,0.420614665192,0.258411044968,-0.162203620224,decay
44.62,left,0.420304780611,0.258399743525,-0.161905037085,decay
44.63,left,0.420032686246,0.258388645995,-0.161644040251,decay
44.64,left,0.419801479739,0.258377719544,-0.161423760196,decay
44.65,left,0.419614224896,0.258366943163,-0.161247281733,decay
44.66,left,0.419474028929,0.258356310856,-0.161117718073,decay
44.67,left,0.419383869401,0.258345833209,-0.161038036192,decay
44.68,left,0.419346211241,0.258335536355,-0.161010674885,decay
44.69,left,0.419362380709,0.258325459098,-0.161036921611,decay
44.7,left,0.419431905268,0.25831564954,-0.161116255728,decay
44.71,left,0.419552191914,0.258306161769,-0.161246030144,decay
44.72,left,0.4197185946,0.25829705256,-0.161421542039,decay
44.73,left,0.419924691069,0.258288378045,-0.161636313024,decay
44.74,left,0.420162730735,0.258280190271,-0.161882540463,decay
44.75,left,0.420424174519,0.258272533596,-0.162151640922,decay
44.76,left,0.420700009392,0.258265441203,-0.162434568189,decay
44.77,left,0.420980733553,0.258258932856,-0.162721800698,decay
44.78,left,0.421256341985,0.258253014731,-0.163003327254,decay
44.79,left,0.421516560317,0.258247680631,-0.163268879686,decay
44.8,left,0.421751330299,0.258242913407,-0.163508416892,decay
44.81,left,0.421951633172,0.258238686096,-0.163712947076,decay
44.82,left,0.422110581631,0.258234962768,-0.163875618863,decay
44.83,left,0.422224246837,0.258231699088,-0.163992547749,decay
44.84,left,0.422291816869,0.258228842629,-0.16406297424,decay
44.85,left,0.42231525394,0.258226332929,-0.164088921011,decay
44.86,left,0.422298702663,0.258224101487,-0.164074601177,decay
44.87,left,0.422247700997,0.258222072191,-0.164025628806,decay
44.88,left,0.42216834421,0.258220162578,-0.163948181632,decay
44.89,left,0.422066633104,0.258218285678,-0.163848347426,decay
44.9,left,0.421947977091,0.258216351991,-0.163731625101,decay
44.91,left,0.42181677843,0.258214271425,-0.163602507005,decay
44.92,left,0.421676323767,0.258211955251,-0.163464368516,decay
44.93,left,0.421529032844,0.258209318103,-0.163319714741,decay
44.94,left,0.421376684151,0.258206280102,-0.163170404049,decay
44.95,left,0.421220480044,0.258202769137,-0.163017710907,decay
44.96,left,0.421061206457,0.258198723095,-0.162862483362,decay
44.97,left,0.420899559646,0.258194091168,-0.162705468478,decay
44.98,left,0.42073652496,0.258188833641,-0.162547691319,decay
44.99,left,0.420573757843,0.258182920646,-0.162390837196,decay
45,left,0.420413791416,0.25817633082,-0.162237460597,decay
45.01,left,0.420259839427,0.258169050225,-0.162090789202,decay
45.02,left,0.420115301998,0.258161071568,-0.16195423043,decay
45.03,left,0.419983287437,0.258152393682,-0.161830893755,decay
45.04,left,0.419866211924,0.258143021292,-0.161723190632,decay
45.05,left,0.419765355875,0.258132965047,-0.161632390828,decay
45.06,left,0.419680530298,0.258122241691,-0.161558288607,decay
45.07,left,0.41961016357,0.25811087399,-0.16149928958,decay
45.08,left,0.419551789555,0.258098890109,-0.161452899446,decay
45.09,left,0.419502757914,0.258086322655,-0.16141643526,decay
45.1,left,0.419461096482,0.258073207753,-0.16138788873,decay
45.11,left,0.41942626203,0.258059584323,-0.161366677708,decay
45.12,left,0.419399367485,0.25804549353,-0.161353873955,decay
45.13,left,0.419382816165,0.258030978404,-0.161351837761,decay
45.14,left,0.419379556451,0.258016083598,-0.161363472853,decay
45.15,left,0.419392163959,0.258000855287,-0.161391308671,decay
45.16,left,0.419422081264,0.257985341137,-0.161436740127,decay
45.17,left,0.419469397562,0.257969590183,-0.161499807378,decay
45.18,left,0.419533132202,0.257953652503,-0.161579479699,decay
45.19,left,0.419611628656,0.257937578737,-0.161674049919,decay
45.2,left,0.419702960024,0.257921419608,-0.161781540417,decay
45.21,left,0.419805551853,0.257905225455,-0.161900326398,decay
45.22,left,0.419918912625,0.257889045802,-0.162029866823,decay
45.23,left,0.420044161967,0.257872928901,-0.162171233066,decay
45.24,left,0.420184309446,0.257856921273,-0.162327388172,decay
45.25,left,0.420344194428,0.257841067189,-0.162503127238,decay
45.26,left,0.420529824902,0.257825408137,-0.162704416765,decay
45.27,left,0.4207472382,0.257809982373,-0.162937255827,decay
45.28,left,0.421001297181,0.257794824629,-0.163206472552,decay
45.29,left,0.421294550607,0.257779965907,-0.1635145847,decay
45.3,left,0.421626240902,0.257765433193,-0.16386080771,decay
45.31,left,0.421991864372,0.257751249046,-0.164240615327,decay
45.32,left,0.422383537511,0.257737431031,-0.16464610648,decay
45.33,left,0.422790869112,0.257723990987,-0.165066878125,decay
45.34,left,0.423201979393,0.257710934112,-0.165491045282,decay
45.35,left,0.423604646767,0.257698257848,-0.165906388918,decay
45.36,left,0.423987442429,0.257685950773,-0.166301491656,decay
45.37,left,0.424340467014,0.25767399218,-0.166666474834,decay
45.38,left,0.424655624811,0.257662352865,-0.166993271947,decay
45.39,left,0.424926620843,0.257650996745,-0.167275624098,decay
45.4,left,0.425148703274,0.257639882611,-0.167508820664,decay
45.41,left,0.425318274495,0.257628965748,-0.167689308748,decay
45.42,left,0.425432684863,0.257618199449,-0.167814485414,decay
45.43,left,0.425490276985,0.257607536441,-0.167882740545,decay
45.44,left,0.425490532673,0.257596930264,-0.167893602409,decay
45.45,left,0.425434284355,0.257586336643,-0.167847947712,decay
45.46,left,0.425323918323,0.257575714745,-0.167748203578,decay
45.47,left,0.425163286078,0.257565027977,-0.167598258101,decay
45.48,left,0.424957213503,0.257554244041,-0.167402969462,decay
45.49,left,0.42471093273,0.257543334491,-0.167167598239,decay
45.5,left,0.424429722024,0.257532274183,-0.166897447841,decay
45.51,left,0.424118723303,0.257521040805,-0.166597682499,decay
45.52,left,0.423782985736,0.257509614484,-0.166273371252,decay
45.53,left,0.423427840162,0.257497977477,-0.165929862685,decay
45.54,left,0.423059316354,0.257486113944,-0.16557320241,decay
45.55,left,0.422684210456,0.257474009798,-0.165210200658,decay
45.56,left,0.422309810904,0.257461652627,-0.164848158278,decay
45.57,left,0.421943423095,0.257449031562,-0.164494391533,decay
45.58,left,0.421591759561,0.25743613707,-0.16415562249,decay
45.59,left,0.421260494325,0.257422960683,-0.163837533642,decay
45.6,left,0.420954338481,0.257409494778,-0.163544843703,decay
45.61,left,0.42067747582,0.257395732442,-0.163281743378,decay
45.62,left,0.420433860939,0.257381667412,-0.163052193527,decay
45.63,left,0.420227237167,0.257367294107,-0.16285994306,decay
45.64,left,0.42006102869,0.257352607743,-0.162708420947,decay
45.65,left,0.419938107143,0.257337604544,-0.162600502599,decay
45.66,left,0.419860469092,0.257322282008,-0.162538187085,decay
45.67,left,0.419829058533,0.257306639174,-0.162522419358,decay
45.68,left,0.419843707681,0.257290676812,-0.162553030869,decay
45.69,left,0.419902905238,0.257274397582,-0.162628507655,decay
45.7,left,0.420003435308,0.257257806285,-0.162745629023,decay
45.71,left,0.420140171344,0.257240910201,-0.162899261144,decay
45.72,left,0.420306101666,0.257223719563,-0.163082382103,decay
45.73,left,0.420492655552,0.257206248145,-0.163286407407,decay
45.74,left,0.420690477252,0.257188513982,-0.16350196327,decay
45.75,left,0.420890454532,0.257170540226,-0.163719914306,decay
45.76,left,0.421084520021,0.257152355948,-0.163932164073,decay
45.77,left,0.421266067614,0.257133996229,-0.164132071384,decay
45.78,left,0.421430206164,0.257115501068,-0.164314705096,decay
45.79,left,0.421573885365,0.257096913436,-0.164476971928,decay
45.8,left,0.421695803407,0.257078277117,-0.16461752629,decay
45.81,left,0.421796303479,0.257059634555,-0.164736668924,decay
45.82,left,0.421877409934,0.257041024696,-0.164836385237,decay
45.83,left,0.421942831999,0.25702248078,-0.164920351219,decay
45.84,left,0.421997902371,0.257004028022,-0.164993874349,decay
45.85,left,0.422049551218,0.256985681168,-0.165063870051,decay
45.86,left,0.42210609146,0.256967442195,-0.165138649265,decay
45.87,left,0.422176523449,0.256949299224,-0.165227224225,decay
45.88,left,0.422269501075,0.256931227428,-0.165338273647,decay
45.89,left,0.422392271359,0.256913191338,-0.165479080021,decay
45.9,left,0.422549656404,0.256895147465,-0.16565450894,decay
45.91,left,0.422743168092,0.256877046826,-0.165866121267,decay
45.92,left,0.422970544649,0.256858837386,-0.166111707263,decay
45.93,left,0.423225774529,0.256840466466,-0.166385308063,decay
45.94,left,0.423499476917,0.256821883167,-0.166677593749,decay
45.95,left,0.423779769221,0.256803040865,-0.166976728357,decay
45.96,left,0.424053693227,0.256783899595,-0.167269793632,decay
45.97,left,0.424308774765,0.256764427691,-0.167544347074,decay
45.98,left,0.424534297095,0.256744602164,-0.167789694931,decay
45.99,left,0.424722232243,0.256724408259,-0.167997823984,decay
46,left,0.424867759853,0.256703838896,-0.168163920956,decay
46.01,left,0.424969278479,0.25668289431,-0.168286384169,decay
46.02,left,0.42502809499,0.25666158189,-0.168366513101,decay
46.03,left,0.425047974892,0.256639916231,-0.168408058661,decay
46.04,left,0.425034426157,0.256617919395,-0.168416506762,decay
46.05,left,0.424993710192,0.256595621372,-0.168398088819,decay
46.06,left,0.42493200768,0.256573060578,-0.168358947103,decay
46.07,left,0.424855028897,0.256550283839,-0.168304745058,decay
46.08,left,0.424767855947,0.256527345447,-0.168240510499,decay
46.09,left,0.424674857951,0.25650430557,-0.168170552381,decay
46.1,left,0.424579770182,0.256481228533,-0.168098541648,decay
46.11,left,0.424485826114,0.256458181188,-0.168027644926,decay
46.12,left,0.424395776756,0.256435231314,-0.167960545442,decay
46.13,left,0.424311913785,0.256412446037,-0.167899467748,decay
46.14,left,0.424236140055,0.256389890213,-0.167846249843,decay
46.15,left,0.424169918305,0.256367624728,-0.167802293577,decay
46.16,left,0.424114123104,0.25634570489,-0.167768418214,decay
46.17,left,0.424069004021,0.256324179491,-0.16774482453,decay
46.18,left,0.424034238708,0.256303090999,-0.167731147709,decay
46.19,left,0.42400890699,0.256282476502,-0.167726430488,decay
46.2,left,0.423991514362,0.256262368751,-0.167729145611,decay
46.21,left,0.423980270315,0.256242797038,-0.167737473277,decay
46.22,left,0.423973415593,0.256223787893,-0.167749627699,decay
46.23,left,0.423969375759,0.256205365605,-0.167764010155,decay
46.24,left,0.423966916577,0.256187552556,-0.167779364021,decay
46.25,left,0.423965421082,0.256170369393,-0.167795051689,decay
46.26,left,0.423965108694,0.256153835024,-0.16781127367,decay
46.27,left,0.423967074167,0.256137966518,-0.16782910765,decay
46.28,left,0.423973141077,0.256122778936,-0.167850362141,decay
46.29,left,0.423985492159,0.256108285059,-0.1678772071,decay
46.3,left,0.424006228197,0.25609449493,-0.167911733266,decay
46.31,left,0.424037213712,0.256081415188,-0.167955798524,decay
46.32,left,0.424080241593,0.256069048165,-0.168011193429,decay
46.33,left,0.424137100382,0.25605739074,-0.168079709642,decay
46.34,left,0.424209310766,0.256046432929,-0.168162877837,decay
46.35,left,0.424297719759,0.256036156182,-0.168261563577,decay
46.36,left,0.424402068703,0.256026531706,-0.168375536997,decay
46.37,left,0.424520580711,0.256017519812,-0.168503060899,decay
46.38,left,0.424649891756,0.256009071054,-0.168640820702,decay
46.39,left,0.424785479831,0.256001128611,-0.16878435122,decay
46.4,left,0.424922251618,0.255993630881,-0.168928620737,decay
46.41,left,0.425055036637,0.255986513914,-0.169068522723,decay
46.42,left,0.425179041844,0.255979713693,-0.169199328151,decay
46.43,left,0.425290204925,0.25597316832,-0.169317036605,decay
46.44,left,0.425385341879,0.255966820155,-0.169418521724,decay
46.45,left,0.425462229754,0.255960617959,-0.169501611795,decay
46.46,left,0.425519711504,0.25595451887,-0.169565192634,decay
46.47,left,0.425557661314,0.25594848959,-0.169609171724,decay
46.48,left,0.425576851112,0.255942506303,-0.169634344809,decay
46.49,left,0.425579008788,0.255936553722,-0.169642455066,decay
46.5,left,0.425566975199,0.255930623939,-0.16963635126,decay
46.51,left,0.425544552395,0.255924715372,-0.169619837024,decay
46.52,left,0.425516039932,0.255918831789,-0.169597208143,decay
46.53,left,0.425485746539,0.255912981432,-0.169572765107,decay
46.54,left,0.425457532718,0.255907176184,-0.169550356535,decay
46.55,left,0.425434425736,0.255901430803,-0.169532994933,decay
46.56,left,0.425418490119,0.25589576218,-0.169522727939,decay
46.57,left,0.425410895292,0.25589018864,-0.169520706652,decay
46.58,left,0.425411952661,0.255884729268,-0.169527223393,decay
46.59,left,0.425421101947,0.255879403236,-0.169541698711,decay
46.6,left,0.425436899167,0.255874229116,-0.169562670052,decay
46.61,left,0.425456912555,0.255869224143,-0.169587688412,decay
46.62,left,0.425477557347,0.255864403425,-0.169613153921,decay
46.63,left,0.425494189291,0.255859779073,-0.169634410218,decay
46.64,left,0.425501532397,0.255855359234,-0.169646173163,decay
46.65,left,0.425494091889,0.255851147025,-0.169642944865,decay
46.66,left,0.425466463628,0.255847139462,-0.169619324166,decay
46.67,left,0.425413768656,0.255843326851,-0.169570441805,decay
46.68,left,0.425332142066,0.255839692943,-0.169492449123,decay
46.69,left,0.425219053979,0.255836215608,-0.16938283837,decay
46.7,left,0.425073506714,0.255832867591,-0.169240639124,decay
46.71,left,0.424896138223,0.255829617148,-0.169066521075,decay
46.72,left,0.424689093219,0.255826428595,-0.168862664624,decay
46.73,left,0.42445571542,0.255823262758,-0.168632452662,decay
46.74,left,0.42420026616,0.255820077359,-0.168380188801,decay
46.75,left,0.423927643618,0.255816827343,-0.168110816274,decay
46.76,left,0.423642997687,0.255813465192,-0.167829532496,decay
46.77,left,0.423351449686,0.255809941283,-0.167541508403,decay
46.78,left,0.423058154051,0.255806204376,-0.167251949675,decay
46.79,left,0.422768529079,0.255802202198,-0.166966326881,decay
46.8,left,0.422488436666,0.255797882092,-0.166690554574,decay
46.81,left,0.42222432423,0.255793191732,-0.166431132498,decay
46.82,left,0.421983197922,0.25578807992,-0.166195118002,decay
46.83,left,0.421772217315,0.255782497498,-0.165989719816,decay
46.84,left,0.421598073142,0.255776398395,-0.165821674746,decay
46.85,left,0.421466470012,0.25576974084,-0.165696729171,decay
46.86,left,0.421381756943,0.255762488597,-0.165619268346,decay
46.87,left,0.421346642835,0.255754611687,-0.165592031148,decay
46.88,left,0.421362049848,0.255746086205,-0.165615963642,decay
46.89,left,0.421427051926,0.255736893547,-0.165690158378,decay
46.9,left,0.421538748057,0.255727019629,-0.165811728428,decay
46.91,left,0.421692203091,0.255716454322,-0.165975748769,decay
46.92,left,0.421880763137,0.255705191124,-0.166175572013,decay
46.93,left,0.422096646424,0.25569322706,-0.166403419364,decay
46.94,left,0.422331454865,0.255680562817,-0.166650892048,decay
46.95,left,0.422576613448,0.255667203106,-0.166909410342,decay
46.96,left,0.42282386643,0.255653157121,-0.167170709308,decay
46.97,left,0.423065699891,0.25563843859,-0.167427261301,decay
46.98,left,0.423295646721,0.255623065077,-0.167672581645,decay
46.99,left,0.423508577294,0.255607056789,-0.167901520505,decay
47,left,0.423700870845,0.255590435361,-0.168110435484,decay
47.01,left,0.423870372085,0.255573222808,-0.168297149277,decay
47.02,left,0.424016352703,0.255555440638,-0.168460912065,decay
47.03,left,0.424139574256,0.255537109102,-0.168602465154,decay
47.04,left,0.424242128851,0.255518246574,-0.168723882277,decay
47.05,left,0.424326902746,0.255498869032,-0.168828033714,decay
47.06,left,0.424397005021,0.255478989707,-0.168918015314,decay
47.07,left,0.424455365156,0.255458619073,-0.168996746083,decay
47.08,left,0.424504334397,0.255437765337,-0.169066569059,decay
47.09,left,0.424545321925,0.255416435316,-0.169128886609,decay
47.1,left,0.424578640899,0.255394635497,-0.169184005403,decay
47.11,left,0.424603485528,0.255372373233,-0.169231112296,decay
47.12,left,0.424618018233,0.255349658057,-0.169268360177,decay
47.13,left,0.424619746974,0.255326503156,-0.169293243818,decay
47.14,left,0.424606131855,0.255302927016,-0.16930320484,decay
47.15,left,0.424575170785,0.255278955251,-0.169296215534,decay
47.16,left,0.424525895073,0.255254622389,-0.169271272684,decay
47.17,left,0.424458704283,0.255229972743,-0.16922873154,decay
47.18,left,0.424375305933,0.255205059741,-0.169170246192,decay
47.19,left,0.424278317519,0.255179944185,-0.169098373334,decay
47.2,left,0.424171021554,0.255154692291,-0.169016329263,decay
47.21,left,0.424057441746,0.255129373827,-0.168928067919,decay
47.22,left,0.423942319342,0.255104060354,-0.168838258988,decay
47.23,left,0.423830771739,0.255078823501,-0.168751948238,decay
47.24,left,0.423727828675,0.255053733245,-0.16867409543,decay
47.25,left,0.423637931024,0.255028856146,-0.168609074878,decay
47.26,left,0.423564447401,0.255004253646,-0.168560193755,decay
47.27,left,0.423509454392,0.25497998089,-0.168529473502,decay
47.28,left,0.423473831681,0.254956086397,-0.168517745284,decay
47.29,left,0.423457427281,0.254932612281,-0.168524815,decay
47.3,left,0.423459230888,0.254909594512,-0.168549636376,decay
47.31,left,0.423477680999,0.254887062983,-0.168590618016,decay
47.32,left,0.423510970466,0.254865041374,-0.168645929092,decay
47.33,left,0.423557101131,0.25484354679,-0.168713554341,decay
47.34,left,0.423613779572,0.254822589171,-0.168791190401,decay
47.35,left,0.423678360541,0.254802170455,-0.168876190086,decay
47.36,left,0.423747802692,0.254782283705,-0.168965518987,decay
47.37,left,0.423818689216,0.254762912919,-0.169055776297,decay
47.38,left,0.423887554413,0.254744034029,-0.169143520384,decay
47.39,left,0.423951411012,0.254725616732,-0.16922579428,decay
47.4,left,0.424008074882,0.254707626425,-0.169300448457,decay
47.41,left,0.424056190593,0.254690025975,-0.169366164618,decay
47.42,left,0.424095137256,0.254672777358,-0.169422359898,decay
47.43,left,0.424124918853,0.254655843169,-0.169469075684,decay
47.44,left,0.424146166194,0.254639188064,-0.16950697813,decay
47.45,left,0.424160373444,0.254622780149,-0.169537593295,decay
47.46,left,0.424170162126,0.254606592242,-0.169563569884,decay
47.47,left,0.42417918721,0.254590602654,-0.169588584556,decay
47.48,left,0.424191636362,0.254574795246,-0.169616841116,decay
47.49,left,0.424211556377,0.254559158971,-0.169652397406,decay
47.5,left,0.424242050709,0.254543687279,-0.16969836343,decay
47.51,left,0.42428440465,0.254528377538,-0.169756027112,decay
47.52,left,0.424337577113,0.254513230475,-0.169824346638,decay
47.53,left,0.424398352033,0.254498249632,-0.169900102401,decay
47.54,left,0.424461938457,0.254483440816,-0.169978497641,decay
47.55,left,0.424522827701,0.254468811556,-0.170054016145,decay
47.56,left,0.424575878407,0.254454370558,-0.17012150785,decay
47.57,left,0.424617349554,0.254440127233,-0.170177222321,decay
47.58,left,0.424645477668,0.254426091346,-0.170219386322,decay
47.59,left,0.424660502946,0.254412272723,-0.170248230223,decay
47.6,left,0.424664256337,0.254398680951,-0.170265575386,decay
47.61,left,0.424659371217,0.25438532501,-0.170274046206,decay
47.62,left,0.424648358414,0.254372212853,-0.17027614556,decay
47.63,left,0.424632997476,0.254359350897,-0.17027364658,decay
47.64,left,0.424614124653,0.254346743434,-0.170267381218,decay
47.65,left,0.424591541684,0.254334391952,-0.170257149732,decay
47.66,left,0.424564049616,0.254322294438,-0.170241755178,decay
47.67,left,0.424529707685,0.254310445008,-0.170219262677,decay
47.68,left,0.42448608467,0.254298834077,-0.170187250593,decay
47.69,left,0.424430360865,0.254287448909,-0.170142911956,decay
47.7,left,0.424359519889,0.254276274202,-0.170083245687,decay
47.71,left,0.424270771585,0.254265292588,-0.170005478997,decay
47.72,left,0.42416210519,0.254254485049,-0.169907620141,decay
47.73,left,0.424032967556,0.254243831261,-0.169789136294,decay
47.74,left,0.423884989849,0.254233309868,-0.169651679981,decay
47.75,left,0.423722373489,0.254222898704,-0.169499474784,decay
47.76,left,0.423551692264,0.254212574976,-0.169339117288,decay
47.77,left,0.423381352263,0.25420231543,-0.169179036833,decay
47.78,left,0.423220936424,0.254192096531,-0.169028839894,decay
47.79,left,0.423080336413,0.254181894645,-0.168898441768,decay
47.8,left,0.422968755199,0.254171686221,-0.168797068978,decay
47.81,left,0.422893901533,0.25416144797,-0.168732453562,decay
47.82,left,0.422861425659,0.254151157048,-0.168710268611,decay
47.83,left,0.422874526931,0.254140791254,-0.168733735677,decay
47.84,left,0.422933822245,0.254130329257,-0.168803492988,decay
47.85,left,0.423037425622,0.254119750845,-0.168917674777,decay
47.86,left,0.423181064471,0.254109037195,-0.169072027276,decay
47.87,left,0.423358328467,0.254098171055,-0.169260157412,decay
47.88,left,0.423561281357,0.254087136787,-0.169474144569,decay
47.89,left,0.423781318193,0.254075920327,-0.169705397866,decay
47.9,left,0.424009885601,0.254064509154,-0.169945376447,decay
47.91,left,0.424238967405,0.254052892347,-0.170186075058,decay
47.92,left,0.424461500508,0.254041060693,-0.170420439815,decay
47.93,left,0.42467172082,0.254029006893,-0.170642713927,decay
47.94,left,0.4248654055,0.25401672584,-0.17084867966,decay
47.95,left,0.425040046052,0.254004214994,-0.171035831058,decay
47.96,left,0.425194768796,0.25399147476,-0.171203294036,decay
47.97,left,0.425329849951,0.253978508606,-0.171351341345,decay
47.98,left,0.425446116344,0.253965322715,-0.171480793629,decay
47.99,left,0.425544599672,0.253951925306,-0.171592674365,decay
48,left,0.425626438659,0.253938325928,-0.17168811273,decay
48.01,left,0.425692889783,0.253924534808,-0.171768354974,decay
48.02,left,0.425745402567,0.253910562267,-0.1718348403,decay
48.03,left,0.425785602307,0.253896418179,-0.171889184129,decay
48.04,left,0.425814945522,0.253882111476,-0.171932834045,decay
48.05,left,0.425834141765,0.253867649679,-0.171966492086,decay
48.06,left,0.425842733166,0.253853038484,-0.171989694682,decay
48.07,left,0.425839018008,0.25383828154,-0.172000736468,decay
48.08,left,0.425820273367,0.253823380506,-0.171996892861,decay
48.09,left,0.425783286579,0.253808335306,-0.171974951274,decay
48.1,left,0.425725067127,0.253793144455,-0.171931922672,decay
48.11,left,0.425643358852,0.253777805411,-0.171865553441,decay
48.12,left,0.425536782892,0.253762314937,-0.171774467955,decay
48.13,left,0.425404827716,0.253746669498,-0.171658158218,decay
48.14,left,0.425247853252,0.253730865682,-0.17151698757,decay
48.15,left,0.425067068328,0.253714900673,-0.171352167655,decay
48.16,left,0.424864457577,0.253698772753,-0.171165684824,decay
48.17,left,0.424642615378,0.253682481819,-0.170960133559,decay
48.18,left,0.424404337426,0.253666029887,-0.170738307539,decay
48.19,left,0.424152038908,0.253649421624,-0.170502617284,decay
48.2,left,0.423887419523,0.253632664939,-0.170254754583,decay
48.21,left,0.423611562555,0.253615771666,-0.169995790889,decay
48.22,left,0.423325249712,0.253598758345,-0.169726491367,decay
48.23,left,0.423029429098,0.253581647112,-0.169447781986,decay
48.24,left,0.422725852302,0.25356446671,-0.169161385592,decay
48.25,left,0.422417586106,0.253547253625,-0.168870332481,decay
48.26,left,0.422109128467,0.25353005312,-0.168579075347,decay
48.27,left,0.421806109368,0.253512919422,-0.168293189947,decay
48.28,left,0.421514556046,0.253495914478,-0.168018641568,decay
48.29,left,0.421239870511,0.253479105696,-0.167760764815,decay
48.3,left,0.420986075231,0.253462563374,-0.167523511857,decay
48.31,left,0.420755732093,0.253446358111,-0.167309373982,decay
48.32,left,0.420550312945,0.253430558151,-0.167119754794,decay
48.33,left,0.420370652373,0.253415226603,-0.16695542577,decay
48.34,left,0.420217398781,0.253400418481,-0.1668169803,decay
48.35,left,0.420091344876,0.2533861775,-0.166705167377,decay
48.36,left,0.419993417294,0.253372532977,-0.166620884317,decay
48.37,left,0.419924462525,0.253359498106,-0.166564964419,decay
48.38,left,0.419885123987,0.253347070544,-0.166538053442,decay
48.39,left,0.419875705668,0.253335234571,-0.166540471096,decay
48.4,left,0.419895835714,0.253323963492,-0.166571872222,decay
48.41,left,0.419944094263,0.253313221771,-0.166630872492,decay
48.42,left,0.420017775322,0.253302966877,-0.166714808445,decay
48.43,left,0.420112770499,0.253293150889,-0.166819619611,decay
48.44,left,0.420223713903,0.253283721894,-0.166939992009,decay
48.45,left,0.42034460509,0.253274625211,-0.167069979879,decay
48.46,left,0.420469734011,0.253265804479,-0.167203929532,decay
48.47,left,0.4205944588,0.253257202647,-0.167337256153,decay
48.48,left,0.420715697972,0.253248762919,-0.167466935053,decay
48.49,left,0.420832207402,0.253240429658,-0.167591777744,decay
48.5,left,0.42094449801,0.253232149279,-0.167712348731,decay
48.51,left,0.421054378528,0.253223871147,-0.167830507381,decay
48.52,left,0.421164458351,0.253215548504,-0.167948909847,decay
48.53,left,0.42127776896,0.253207139466,-0.168070629494,decay
48.54,left,0.421397397799,0.253198608097,-0.168198789702,decay
48.55,left,0.421526169033,0.253189925606,-0.168336243428,decay
48.56,left,0.421666432683,0.253181071458,-0.168485361225,decay
48.57,left,0.421819826423,0.25317203372,-0.168647792703,decay
48.58,left,0.421987014473,0.253162808123,-0.168824206349,decay
48.59,left,0.422167671173,0.25315339623,-0.169014274943,decay
48.6,left,0.422360776103,0.253143803417,-0.169216972686,decay
48.61,left,0.422565017753,0.253134036936,-0.169430980817,decay
48.62,left,0.422779271385,0.253124104049,-0.169655167336,decay
48.63,left,0.423003182382,0.253114010213,-0.16988917217,decay
48.64,left,0.423237513441,0.253103757272,-0.170133756168,decay
48.65,left,0.423483915906,0.253093341637,-0.170390574269,decay
48.66,left,0.423744317504,0.253082752671,-0.170661564833,decay
48.67,left,0.424020220689,0.253071972067,-0.170948248622,decay
48.68,left,0.424311943942,0.253060974798,-0.171250969144,decay
48.69,left,0.42461796339,0.253049731207,-0.171568232183,decay
48.7,left,0.424934631021,0.25303820945,-0.171896421571,decay
48.71,left,0.425256239098,0.253026377997,-0.172229861101,decay
48.72,left,0.425575295199,0.253014208206,-0.172561086993,decay
48.73,left,0.425883080937,0.253001677019,-0.172881403918,decay
48.74,left,0.426170455326,0.252988769835,-0.173181685491,decay
48.75,left,0.426428581173,0.252975483607,-0.173453097566,decay
48.76,left,0.426649427318,0.252961829749,-0.173687597569,decay
48.77,left,0.426826244138,0.252947835493,-0.173878408644,decay
48.78,left,0.426954030598,0.252933542615,-0.174020487984,decay
48.79,left,0.427029767852,0.252919004337,-0.174110763515,decay
48.8,left,0.427052506253,0.252904281829,-0.174148224424,decay
48.81,left,0.427023512723,0.252889440836,-0.174134071887,decay
48.82,left,0.426946299643,0.252874548429,-0.174071751214,decay
48.83,left,0.426826315939,0.252859669806,-0.173966646133,decay
48.84,left,0.426670353152,0.252844865078,-0.173825488075,decay
48.85,left,0.426485696687,0.252830185966,-0.173655510721,decay
48.86,left,0.426279056916,0.252815672678,-0.173463384238,decay
48.87,left,0.426055618391,0.252801351893,-0.173254266497,decay
48.88,left,0.425818579647,0.252787236582,-0.173031343065,decay
48.89,left,0.425569177951,0.25277332706,-0.172795850891,decay
48.9,left,0.425307063986,0.252759612265,-0.17254745172,decay
48.91,left,0.425031093526,0.252746070837,-0.172285022689,decay
48.92,left,0.424740484291,0.252732671984,-0.172007812306,decay
48.93,left,0.424435958587,0.252719376159,-0.171716582428,decay
48.94,left,0.424120565177,0.25270613556,-0.171414429617,decay
48.95,left,0.423800002962,0.252692894477,-0.171107108485,decay
48.96,left,0.423482175787,0.252679589659,-0.170802586128,decay
48.97,left,0.423176025487,0.25266615122,-0.170509874267,decay
48.98,left,0.422890210926,0.252652504495,-0.170237706432,decay
48.99,left,0.422632037104,0.252638572598,-0.169993464506,decay
49,left,0.422406624062,0.252624279233,-0.169782344829,decay
49.01,left,0.422216388416,0.252609551605,-0.169606836811,decay
49.02,left,0.422060997747,0.252594323468,-0.169466674279,decay
49.03,left,0.421937676577,0.252578538399,-0.169359138178,decay
49.04,left,0.421841664002,0.252562153343,-0.169279510659,decay
49.05,left,0.421766912842,0.252545142511,-0.169221770331,decay
49.06,left,0.421707095189,0.252527501132,-0.169179594057,decay
49.07,left,0.421656574765,0.252509247323,-0.169147327441,decay
49.08,left,0.42161103532,0.252490420784,-0.169120614536,decay
49.09,left,0.421567802731,0.252471079297,-0.169096723434,decay
49.1,left,0.421525846471,0.252451294833,-0.169074551638,decay
49.11,left,0.421485382168,0.252431149943,-0.169054232225,decay
49.12,left,0.421447309151,0.252410734426,-0.169036574725,decay
49.13,left,0.421412763742,0.252390142209,-0.169022621533,decay
49.14,left,0.42138276931,0.25236946835,-0.16901330096,decay
49.15,left,0.421358012401,0.252348806115,-0.169009206286,decay
49.16,left,0.421338960592,0.252328244205,-0.169010716387,decay
49.17,left,0.42132624184,0.252307864608,-0.169018377232,decay
49.18,left,0.421320872775,0.252287741398,-0.169033131378,decay
49.19,left,0.421324152115,0.252267940156,-0.169056211959,decay
49.2,left,0.421337363571,0.252248517431,-0.169088846139,decay
49.21,left,0.421361371004,0.252229519999,-0.169131851005,decay
49.22,left,0.421396183981,0.252210983865,-0.169185200115,decay
49.23,left,0.421440738289,0.252192933005,-0.169247805284,decay
49.24,left,0.421492890877,0.252175377782,-0.169317513095,decay
49.25,left,0.421549342652,0.252158313038,-0.169391029614,decay
49.26,left,0.421605544078,0.252141716299,-0.169463827779,decay
49.27,left,0.421655933995,0.252125547567,-0.169530386428,decay
49.28,left,0.421694551712,0.252109751836,-0.169584799876,decay
49.29,left,0.421715784693,0.252094263523,-0.16962152117,decay
49.3,left,0.421715092523,0.252079011334,-0.169636081189,decay
49.31,left,0.421689556112,0.25206392302,-0.169625633092,decay
49.32,left,0.421638024948,0.252048930054,-0.169589094895,decay
49.33,left,0.42156086253,0.252033972327,-0.169526890203,decay
49.34,left,0.421459549581,0.252019002956,-0.169440546625,decay
49.35,left,0.421336229411,0.252003993289,-0.169332236123,decay
49.36,left,0.421193179104,0.251988937513,-0.16920424159,decay
49.37,left,0.421032504863,0.251973854838,-0.169058650025,decay
49.38,left,0.420856290236,0.25195878767,-0.168897502566,decay
49.39,left,0.420666891773,0.251943796983,-0.16872309479,decay
49.4,left,0.420467055657,0.251928956986,-0.168538098671,decay
49.41,left,0.420259912119,0.251914349908,-0.168345562212,decay
49.42,left,0.420048922944,0.251900060864,-0.16814886208,decay
49.43,left,0.41983778046,0.25188617272,-0.16795160774,decay
49.44,left,0.419630422302,0.251872760829,-0.167757661473,decay
49.45,left,0.419431222734,0.251859887559,-0.167571335175,decay
49.46,left,0.41924500262,0.251847597127,-0.167397405492,decay
49.47,left,0.419076605513,0.251835912639,-0.167240692874,decay
49.48,left,0.418930371342,0.251824836757,-0.167105534585,decay
49.49,left,0.418809820051,0.251814354881,-0.16699546517,decay
49.5,left,0.41871738694,0.251804438813,-0.166912948126,decay
49.51,left,0.418654172487,0.25179505014,-0.166859122347,decay
49.52,left,0.418619939078,0.251786143307,-0.166833795771,decay
49.53,left,0.418613278237,0.251777668445,-0.166835609792,decay
49.54,left,0.418631731632,0.251769574014,-0.166862157617,decay
49.55,left,0.418671938312,0.251761809308,-0.166910129004,decay
49.56,left,0.418729828694,0.251754326688,-0.166975502006,decay
49.57,left,0.418800711196,0.25174708303,-0.167053628166,decay
49.58,left,0.418879350456,0.251740039968,-0.167139310488,decay
49.59,left,0.418960276566,0.251733163297,-0.16722711327,decay
49.6,left,0.419038229099,0.251726422119,-0.167311806981,decay
49.61,left,0.419108466338,0.251719787979,-0.16738867836,decay
49.62,left,0.419166975185,0.251713234007,-0.167453741178,decay
49.63,left,0.419210761785,0.251706734058,-0.167504027727,decay
49.64,left,0.419238143637,0.25170026184,-0.167537881797,decay
49.65,left,0.419248931476,0.251693790031,-0.167555141445,decay
49.66,left,0.419244533515,0.251687289446,-0.16755724407,decay
49.67,left,0.419227805233,0.251680728477,-0.167547076756,decay
49.68,left,0.41920241669,0.251674072999,-0.167528343691,decay
49.69,left,0.419171957832,0.251667286586,-0.167504671246,decay
49.7,left,0.419139185161,0.251660330836,-0.167478854326,decay
49.71,left,0.419105569605,0.251653165697,-0.167452403908,decay
49.72,left,0.419071237255,0.251645749814,-0.167425487441,decay
49.73,left,0.419035415786,0.25163804091,-0.167397374876,decay
49.74,left,0.418997197509,0.251629996209,-0.1673672013,decay
49.75,left,0.418956166078,0.25162157293,-0.167334593148,decay
49.76,left,0.418912709691,0.251612728796,-0.167299980896,decay
49.77,left,0.418868128246,0.251603422348,-0.167264705898,decay
49.78,left,0.41882441314,0.25159361293,-0.16723080021,decay
49.79,left,0.418783608158,0.251583260469,-0.167200347689,decay
49.8,left,0.418747173876,0.251572325285,-0.167174848591,decay
49.81,left,0.41871572838,0.251560768041,-0.167154960339,decay
49.82,left,0.418689028141,0.251548549846,-0.167140478294,decay
49.83,left,0.418666021828,0.251535632515,-0.167130389313,decay
49.84,left,0.41864497212,0.251521979013,-0.167122993106,decay
49.85,left,0.418623542354,0.251507554089,-0.167115988265,decay
49.86,left,0.418598788387,0.251492325042,-0.167106463345,decay
49.87,left,0.418567231666,0.251476262364,-0.167090969302,decay
49.88,left,0.41852516172,0.251459340094,-0.167065821626,decay
49.89,left,0.418469097625,0.25144153603,-0.167027561595,decay
49.9,left,0.418396355221,0.251422832099,-0.166973523121,decay
49.91,left,0.418305785488,0.251403215006,-0.166902570482,decay
49.92,left,0.418198506222,0.251382677175,-0.166815829047,decay
49.93,left,0.418078208715,0.251361218025,-0.166716990691,decay
49.94,left,0.41795092989,0.251338845573,-0.166612084317,decay
49.95,left,0.41782444337,0.251315578417,-0.166508864953,decay
49.96,left,0.417707311016,0.251291447741,-0.166415863275,decay
49.97,left,0.417607747741,0.251266498257,-0.166341249484,decay
49.98,left,0.417532616012,0.251240787225,-0.166291828787,decay
49.99,left,0.417486628677,0.251214382181,-0.166272246496,decay
50,left,0.417471696082,0.251187358492,-0.16628433759,decay
50.01,left,0.417486607882,0.251159797172,-0.16632681071,decay
50.02,left,0.417527281043,0.251131782937,-0.166395498106,decay
50.03,left,0.417587408557,0.251103402458,-0.166484006099,decay
50.04,left,0.417659242158,0.251074742757,-0.166584499401,decay
50.05,left,0.417734561004,0.251045889702,-0.166688671302,decay
50.06,left,0.417805790889,0.251016926654,-0.166788864235,decay
50.07,left,0.417866936738,0.250987933543,-0.166879003195,decay
50.08,left,0.417914242584,0.250958986568,-0.166955256016,decay
50.09,left,0.417946672882,0.25093015833,-0.167016514552,decay
50.1,left,0.41796595449,0.25090151803,-0.167064436461,decay
50.11,left,0.417975978369,0.250873131604,-0.167102846765,decay
50.12,left,0.417981870048,0.250845061761,-0.167136808286,decay
50.13,left,0.417989037996,0.250817367896,-0.1671716701,decay
50.14,left,0.41800224506,0.25079010588,-0.16721213918,decay
50.15,left,0.418024871279,0.250763327696,-0.167261543584,decay
50.16,left,0.418058665424,0.250737080988,-0.167321584436,decay
50.17,left,0.418104006801,0.250711408741,-0.167392598059,decay
50.18,left,0.418160411845,0.250686349273,-0.167474062572,decay
50.19,left,0.418227068086,0.250661936372,-0.167565131714,decay
50.2,left,0.418303219697,0.250638199329,-0.167665020368,decay
50.21,left,0.418388188538,0.250615162744,-0.167773025794,decay
50.22,left,0.418481168745,0.250592846088,-0.167888322657,decay
50.23,left,0.418581213114,0.250571263006,-0.168009950108,decay
50.24,left,0.418687370318,0.250550420349,-0.168136949969,decay
50.25,left,0.418798621326,0.250530316914,-0.168268304411,decay
50.26,left,0.418913655197,0.250510942174,-0.168402713023,decay
50.27,left,0.419030735564,0.250492275913,-0.168538459651,decay
50.28,left,0.419147694036,0.250474289481,-0.168673404555,decay
50.29,left,0.419262065504,0.250456948146,-0.168805117359,decay
50.3,left,0.419371476273,0.250440213609,-0.168931262664,decay
50.31,left,0.419474127926,0.25042404635,-0.169050081576,decay
50.32,left,0.419569019388,0.250408407783,-0.169160611605,decay
50.33,left,0.419655896529,0.250393262298,-0.169262634231,decay
50.34,left,0.419735118937,0.250378579209,-0.169356539728,decay
50.35,left,0.419807377468,0.250364334659,-0.16944304281,decay
50.36,left,0.419873243382,0.250350513304,-0.169522730078,decay
50.37,left,0.419932837311,0.250337109177,-0.169595728134,decay
50.38,left,0.41998572681,0.250324125246,-0.169661601564,decay
50.39,left,0.420030831389,0.250311572042,-0.169719259348,decay
50.4,left,0.42006632194,0.250299466006,-0.169766855934,decay
50.41,left,0.420089732688,0.25028782779,-0.169801904898,decay
50.42,left,0.420098279119,0.250276680519,-0.1698215986,decay
50.43,left,0.420089267548,0.250266047966,-0.169823219582,decay
50.44,left,0.42006064738,0.250255952623,-0.169804694757,decay
50.45,left,0.420011648158,0.250246413615,-0.169765234543,decay
50.46,left,0.419943140354,0.250237444651,-0.169705695703,decay
50.47,left,0.419857518061,0.25022905266,-0.169628465401,decay
50.48,left,0.41975835606,0.250221237604,-0.169537118456,decay
50.49,left,0.419650031295,0.250213993079,-0.169436038216,decay
50.5,left,0.419537225817,0.250207306977,-0.169329918839,decay
50.51,left,0.419424430984,0.250201161953,-0.169223269031,decay
50.52,left,0.419315686798,0.250195535659,-0.169120151139,decay
50.53,left,0.419214507216,0.250190400769,-0.169024106448,decay
50.54,left,0.419123886864,0.250185724789,-0.168938162074,decay
50.55,left,0.419046379573,0.250181469672,-0.168864909901,decay
50.56,left,0.418984105874,0.250177591361,-0.168806514513,decay
50.57,left,0.418938536752,0.250174039733,-0.168764497019,decay
50.58,left,0.418910237,0.250170759279,-0.168739477721,decay
50.59,left,0.418898868036,0.25016769029,-0.168731177746,decay
50.6,left,0.4189033711,0.250164770117,-0.168738600983,decay
50.61,left,0.418922120187,0.250161934343,-0.168760185844,decay
50.62,left,0.418953158618,0.250159117899,-0.168794040719,decay
50.63,left,0.418994596497,0.25015625614,-0.168838340357,decay
50.64,left,0.419044941763,0.250153285925,-0.168891655839,decay
50.65,left,0.419103338353,0.250150146735,-0.168953191618,decay
50.66,left,0.419169891132,0.250146781764,-0.169023109369,decay
50.67,left,0.419245889862,0.250143138733,-0.169102751129,decay
50.68,left,0.419333625522,0.250139170234,-0.169194455287,decay
50.69,left,0.41943590698,0.250134833793,-0.169301073186,decay
50.7,left,0.41955550972,0.250130091953,-0.169425417767,decay
50.71,left,0.41969458235,0.250124912525,-0.169569669824,decay
50.72,left,0.419854085674,0.250119269022,-0.169734816652,decay
50.73,left,0.420033433436,0.250113141288,-0.169920292148,decay
50.74,left,0.420230267376,0.250106516352,-0.170123751024,decay
50.75,left,0.42044022275,0.250099389514,-0.170340833236,decay
50.76,left,0.420656862631,0.250091765454,-0.170565097177,decay
50.77,left,0.420872012189,0.250083658695,-0.170788353495,decay
50.78,left,0.421076382812,0.250075092882,-0.17100128993,decay
50.79,left,0.421260351667,0.250066099272,-0.171194252395,decay
50.8,left,0.421414955223,0.250056715131,-0.171358240092,decay
50.81,left,0.421532877826,0.25004698231,-0.171485895516,decay
50.82,left,0.421608985021,0.250036945993,-0.171572039029,decay
50.83,left,0.421640379676,0.250026653578,-0.171613726099,decay
50.84,left,0.421626272775,0.25001615368,-0.171610119094,decay
50.85,left,0.421567752402,0.250005495212,-0.171562257189,decay
50.86,left,0.421467500157,0.249994726533,-0.171472773624,decay
50.87,left,0.421329687244,0.249983894689,-0.171345792555,decay
50.88,left,0.421160050851,0.249973044745,-0.171187006106,decay
50.89,left,0.420965776455,0.249962219165,-0.171003557289,decay
50.9,left,0.420755004273,0.249951457179,-0.170803547095,decay
50.91,left,0.420536122893,0.249940794082,-0.170595328811,decay
50.92,left,0.420316883711,0.249930260476,-0.170386623235,decay
50.93,left,0.420103384469,0.249919881389,-0.170183503081,decay
50.94,left,0.419899401343,0.249909675292,-0.169989726051,decay
50.95,left,0.41970645832,0.249899652968,-0.169806805353,decay
50.96,left,0.419524435103,0.249889816396,-0.169634618706,decay
50.97,left,0.419352356953,0.249880158238,-0.169472198716,decay
50.98,left,0.419189144917,0.249870662318,-0.169318482599,decay
50.99,left,0.419034101489,0.249861304817,-0.169172796671,decay
51,left,0.41888706065,0.249852055558,-0.169035005092,decay
51.01,left,0.418748368684,0.249842879185,-0.1689054895,decay
51.02,left,0.418618704267,0.249833736234,-0.168784968033,decay
51.03,left,0.418498541817,0.249824584118,-0.168673957699,decay
51.04,left,0.418387395754,0.249815378056,-0.168572017698,decay
51.05,left,0.418283383707,0.249806071968,-0.168477311739,decay
51.06,left,0.418183406219,0.249796619376,-0.168386786843,decay
51.07,left,0.418083779446,0.249786974357,-0.16829680509,decay
51.08,left,0.417981097575,0.24977709261,-0.168204004965,decay
51.09,left,0.417873055627,0.249766932641,-0.168106122986,decay
51.1,left,0.417758828106,0.249756457057,-0.168002371049,decay
51.11,left,0.417638933949,0.249745634009,-0.16789329994,decay
51.12,left,0.417514942826,0.249734438791,-0.167780504035,decay
51.13,left,0.417389219917,0.249722855646,-0.167666364271,decay
51.14,left,0.417264660864,0.2497108798,-0.167553781064,decay
51.15,left,0.417144546698,0.249698519775,-0.167446026923,decay
51.16,left,0.417032667898,0.249685799555,-0.167346868343,decay
51.17,left,0.416933440727,0.249672759259,-0.167260681468,decay
51.18,left,0.416851671475,0.249659453256,-0.167192218219,decay
51.19,left,0.416792113005,0.249645946515,-0.16714616649,decay
51.2,left,0.416759103835,0.249632310524,-0.167126793311,decay
51.21,left,0.416756306285,0.249618619317,-0.167137686968,decay
51.22,left,0.41678659991,0.249604945582,-0.167181654327,decay
51.23,left,0.416852268056,0.249591356751,-0.167260911305,decay
51.24,left,0.416955298359,0.249577911007,-0.167377387353,decay
51.25,left,0.417097523378,0.249564653123,-0.167532870255,decay
51.26,left,0.417280623564,0.24955161054,-0.167729013024,decay
51.27,left,0.417506021405,0.249538791094,-0.167967230311,decay
51.28,left,0.41777451545,0.24952618349,-0.16824833196,decay
51.29,left,0.418085712423,0.249513759661,-0.168571952762,decay
51.3,left,0.418437581858,0.249501477507,-0.168936104351,decay
51.31,left,0.418826287238,0.24948928342,-0.169337003818,decay
51.32,left,0.419246230046,0.249477114588,-0.169769115458,decay
51.33,left,0.419690337655,0.249464901139,-0.170225436516,decay
51.34,left,0.420150592216,0.249452568157,-0.170698024059,decay
51.35,left,0.420618480042,0.249440037642,-0.1711784424,decay
51.36,left,0.421085154074,0.249427230393,-0.171657923681,decay
51.37,left,0.421541548196,0.249414067722,-0.172127480475,decay
51.38,left,0.421978549857,0.24940047293,-0.172578076927,decay
51.39,left,0.42238706043,0.249386372679,-0.173000687752,decay
51.4,left,0.422758054819,0.249371698442,-0.173386356377,decay
51.41,left,0.423082886398,0.249356388168,-0.17372649823,decay
51.42,left,0.423353747809,0.249340388177,-0.174013359633,decay
51.43,left,0.423564127352,0.24932365536,-0.174240471992,decay
51.44,left,0.423709349123,0.249306159709,-0.174403189414,decay
51.45,left,0.423787201232,0.24928788725,-0.174499313982,decay
51.46,left,0.423798347143,0.249268842893,-0.17452950425,decay
51.47,left,0.423746322401,0.249249051694,-0.174497270708,decay
51.48,left,0.423637175023,0.249228557317,-0.174408617706,decay
51.49,left,0.423478663998,0.249207418608,-0.17427124539,decay
51.5,left,0.42327897248,0.249185705835,-0.174093266645,decay
51.51,left,0.42304539328,0.249163497221,-0.173881896059,decay
51.52,left,0.422783502228,0.249140875741,-0.173642626486,decay
51.53,left,0.42249692745,0.249117926128,-0.173379001323,decay
51.54,left,0.422187677313,0.249094731996,-0.173092945316,decay
51.55,left,0.421856893768,0.249071373046,-0.172785520722,decay
51.56,left,0.421505647505,0.249047922478,-0.172457725027,decay
51.57,left,0.421135538411,0.249024445281,-0.17211109313,decay
51.58,left,0.420749297837,0.24900099785,-0.171748299987,decay
51.59,left,0.420351483678,0.248977628533,-0.171373855145,decay
51.6,left,0.419948904007,0.248954378361,-0.170994525645,decay
51.61,left,0.41955048808,0.24893128167,-0.17061920641,decay
51.62,left,0.419166729688,0.248908366586,-0.170258363102,decay
51.63,left,0.418808811794,0.24888565538,-0.169923156414,decay
51.64,left,0.418487407722,0.248863164672,-0.16962424305,decay
51.65,left,0.418211441477,0.248840905511,-0.169370535966,decay
51.66,left,0.417987194578,0.248818883392,-0.169168311187,decay
51.67,left,0.417817807457,0.248797098524,-0.169020708934,decay
51.68,left,0.417703142569,0.248775546571,-0.168927595998,decay
51.69,left,0.417640091112,0.248754219699,-0.168885871413,decay
51.7,left,0.417623208276,0.248733107648,-0.168890100628,decay
51.71,left,0.417645447873,0.248712198721,-0.168933249152,decay
51.72,left,0.417698983001,0.248691480696,-0.169007502305,decay
51.73,left,0.417776109867,0.248670941677,-0.16910516819,decay
51.74,left,0.417869955499,0.248650570905,-0.169219384594,decay
51.75,left,0.417974765433,0.248630359539,-0.169344405894,decay
51.76,left,0.418085888832,0.248610301345,-0.169475587488,decay
51.77,left,0.418199532463,0.248590393047,-0.169609139415,decay
51.78,left,0.418312195982,0.248570634167,-0.169741561815,decay
51.79,left,0.41842004099,0.248551026477,-0.169869014512,decay
51.8,left,0.418518661692,0.248531573344,-0.169987088348,decay
51.81,left,0.418603269172,0.248512279043,-0.170090990129,decay
51.82,left,0.418669000686,0.248493148053,-0.170175852633,decay
51.83,left,0.418711322012,0.248474184309,-0.170237137703,decay
51.84,left,0.418726559707,0.248455390411,-0.170271169296,decay
51.85,left,0.418712417713,0.248436766766,-0.170275650948,decay
51.86,left,0.418668428875,0.248418310748,-0.170250118128,decay
51.87,left,0.418596387092,0.248400016155,-0.170196370937,decay
51.88,left,0.418500568088,0.24838187318,-0.170118694908,decay
51.89,left,0.418387493123,0.248363868724,-0.170023624399,decay
51.9,left,0.418265368342,0.24834598675,-0.169919381593,decay
51.91,left,0.418143461426,0.248328208578,-0.169815252848,decay
51.92,left,0.41803140069,0.248310513099,-0.169720887591,decay
51.93,left,0.417938430079,0.248292876924,-0.169645553155,decay
51.94,left,0.417872875072,0.248275274482,-0.16959760059,decay
51.95,left,0.417841773628,0.248257678065,-0.169584095563,decay
51.96,left,0.417850377518,0.2482400579,-0.169610319619,decay
51.97,left,0.417901643158,0.248222382478,-0.169679260681,decay
51.98,left,0.417996071249,0.248204619316,-0.169791451933,decay
51.99,left,0.418131912438,0.248186736045,-0.169945176394,decay
52,left,0.418305581191,0.248168701619,-0.170136879572,decay
52.01,left,0.418512202912,0.24815048759,-0.170361715322,decay
52.02,left,0.418746096116,0.24813206946,-0.170614026655,decay
52.03,left,0.419000955599,0.248113428136,-0.170887527464,decay
52.04,left,0.419269907744,0.248094551524,-0.17117535622,decay
52.05,left,0.419545788569,0.248075436296,-0.171470352273,decay
52.06,left,0.419821536554,0.248056089521,-0.171765447033,decay
52.07,left,0.420090406849,0.248036529204,-0.172053877644,decay
52.08,left,0.420346120285,0.248016782968,-0.172329337316,decay
52.09,left,0.420583123877,0.247996885447,-0.172586238431,decay
52.1,left,0.420796854379,0.247976875358,-0.172819979021,decay
52.11,left,0.420983981189,0.247956792654,-0.173027188535,decay
52.12,left,0.421142730157,0.247936675712,-0.173206054445,decay
52.13,left,0.421273153765,0.24791655852,-0.173356595245,decay
52.14,left,0.42137713297,0.247896467806,-0.173480665164,decay
52.15,left,0.421458134109,0.247876420045,-0.173581714065,decay
52.16,left,0.421520763398,0.247856418707,-0.17366434469,decay
52.17,left,0.421570017469,0.247836452935,-0.173733564534,decay
52.18,left,0.421610366223,0.247816498565,-0.173793867659,decay
52.19,left,0.421645102838,0.247796520809,-0.17384858203,decay
52.2,left,0.421676087107,0.24777647734,-0.173899609767,decay
52.21,left,0.421703625574,0.247756321313,-0.173947304261,decay
52.22,left,0.421726500763,0.247736004328,-0.173990496434,decay
52.23,left,0.421742363447,0.247715479397,-0.17402688405,decay
52.24,left,0.421748345265,0.247694703977,-0.174053641288,decay
52.25,left,0.421741670749,0.247673643122,-0.174068027627,decay
52.26,left,0.421720267469,0.247652272482,-0.174067994988,decay
52.27,left,0.421683200249,0.247630580144,-0.174052620105,decay
52.28,left,0.421630620848,0.247608566575,-0.174022054273,decay
52.29,left,0.421563305674,0.247586243247,-0.173977062427,decay
52.3,left,0.421482163376,0.247563631039,-0.173918532337,decay
52.31,left,0.42138788281,0.247540758822,-0.173847123987,decay
52.32,left,0.421280686365,0.247517662245,-0.17376302412,decay
52.33,left,0.421160284049,0.24749438269,-0.173665901358,decay
52.34,left,0.421026030483,0.247470966378,-0.173555064105,decay
52.35,left,0.420877009404,0.247447463595,-0.173429545809,decay
52.36,left,0.420711979849,0.247423928021,-0.173288051829,decay
52.37,left,0.420529408725,0.247400416159,-0.173128992566,decay
52.38,left,0.420327611053,0.247376986849,-0.172950624204,decay
52.39,left,0.420104892236,0.247353700835,-0.1727511914,decay
52.4,left,0.419859768159,0.247330620353,-0.172529147806,decay
52.41,left,0.419591272881,0.247307808704,-0.172283464177,decay
52.42,left,0.419299168941,0.247285329792,-0.17201383915,decay
52.43,left,0.418984049231,0.247263247609,-0.171720801622,decay
52.44,left,0.418647510559,0.247241625629,-0.17140588493,decay
52.45,left,0.418292334217,0.247220526102,-0.171071808115,decay
52.46,left,0.41792245069,0.247200009264,-0.170722441426,decay
52.47,left,0.417542760391,0.247180132612,-0.170362627779,decay
52.48,left,0.417158993889,0.247160950357,-0.169998043532,decay
52.49,left,0.416777517461,0.247142512912,-0.169635004549,decay
52.5,left,0.416405003404,0.247124866237,-0.169280137167,decay
52.51,left,0.416048136781,0.247108050924,-0.168940085856,decay
52.52,left,0.415713343522,0.247092101008,-0.168621242514,decay
52.53,left,0.415406334942,0.247077042453,-0.168329292489,decay
52.54,left,0.415131623727,0.247062891304,-0.168068732423,decay
52.55,left,0.414892318334,0.247049651453,-0.167842666882,decay
52.56,left,0.41469016214,0.247037312387,-0.167652849753,decay
52.57,left,0.414525708948,0.247025848144,-0.167499860804,decay
52.58,left,0.414398654707,0.247015218388,-0.167383436319,decay
52.59,left,0.414308134516,0.247005370925,-0.167302763591,decay
52.6,left,0.414252697072,0.246996244408,-0.167256452664,decay
52.61,left,0.414230126083,0.246987770737,-0.167242355346,decay
52.62,left,0.414237542158,0.246979877179,-0.167257664978,decay
52.63,left,0.414271787343,0.246972488245,-0.167299299098,decay
52.64,left,0.414329797715,0.246965527381,-0.167364270333,decay
52.65,left,0.414408932667,0.246958918514,-0.167450014154,decay
52.66,left,0.414507263934,0.246952587438,-0.167554676496,decay
52.67,left,0.414623589628,0.246946462915,-0.167677126713,decay
52.68,left,0.414757106732,0.246940477372,-0.16781662936,decay
52.69,left,0.414906941964,0.246934567349,-0.167972374615,decay
52.7,left,0.415071677222,0.246928673886,-0.168143003335,decay
52.71,left,0.415248973501,0.246922742961,-0.16832623054,decay
52.72,left,0.415435504261,0.246916725998,-0.168518778263,decay
52.73,left,0.415627256265,0.246910580473,-0.168716675792,decay
52.74,left,0.415819922614,0.246904270635,-0.168915651978,decay
52.75,left,0.416009204972,0.24689776837,-0.169111436602,decay
52.76,left,0.416191183004,0.246891054084,-0.16930012892,decay
52.77,left,0.416362754987,0.246884117221,-0.169478637766,decay
52.78,left,0.416521888361,0.246876956097,-0.169644932264,decay
52.79,left,0.41666766153,0.246869577303,-0.169798084227,decay
52.8,left,0.416800238539,0.246861995095,-0.169938243444,decay
52.81,left,0.416920735492,0.246854230948,-0.170066504544,decay
52.82,left,0.417031026303,0.246846313274,-0.170184713029,decay
52.83,left,0.41713369803,0.246838277293,-0.170295420737,decay
52.84,left,0.417232072698,0.246830165055,-0.170401907644,decay
52.85,left,0.417330011471,0.246822025593,-0.170507985878,decay
52.86,left,0.417431567485,0.246813915032,-0.170617652453,decay
52.87,left,0.417540782265,0.246805896072,-0.170734886193,decay
52.88,left,0.41766160979,0.246798036411,-0.170863573378,decay
52.89,left,0.417797755317,0.246790406386,-0.171007348931,decay
52.9,left,0.417952437147,0.246783076347,-0.1711693608,decay
52.91,left,0.418128113443,0.246776113969,-0.171351999474,decay
52.92,left,0.418326084134,0.246769581427,-0.171556502707,decay
52.93,left,0.418546151205,0.246763532412,-0.171782618792,decay
52.94,left,0.418786674005,0.246758008887,-0.172028665118,decay
52.95,left,0.419044877142,0.246753037548,-0.172291839594,decay
52.96,left,0.419317082659,0.246748626415,-0.172568456244,decay
52.97,left,0.419598955727,0.246744763088,-0.172854192639,decay
52.98,left,0.419885906141,0.246741415812,-0.173144490329,decay
52.99,left,0.420173486296,0.246738536485,-0.173434949811,decay
53,left,0.420457687721,0.246736064003,-0.173721623718,decay
53.01,left,0.420735182935,0.246733927348,-0.174001255587,decay
53.02,left,0.421003374076,0.246732048412,-0.174271325665,decay
53.03,left,0.421260109463,0.246730344624,-0.174529764839,decay
53.04,left,0.421503333462,0.246728731449,-0.174774602013,decay
53.05,left,0.421730998235,0.246727124801,-0.175003873434,decay
53.06,left,0.421941145786,0.246725443269,-0.175215702517,decay
53.07,left,0.422131995341,0.246723609625,-0.175408385715,decay
53.08,left,0.422302125714,0.24672155125,-0.175580574464,decay
53.09,left,0.4224506799,0.246719199815,-0.175731480085,decay
53.1,left,0.422577320444,0.246716490826,-0.175860829618,decay
53.11,left,0.422681990696,0.246713363283,-0.175968627413,decay
53.12,left,0.422764715267,0.246709759484,-0.176054955783,decay
53.13,left,0.422825457033,0.246705624983,-0.17611983205,decay
53.14,left,0.422864089884,0.246700908724,-0.17616318116,decay
53.15,left,0.422880668182,0.246695563359,-0.176185104823,decay
53.16,left,0.422875839236,0.246689545688,-0.176186293548,decay
53.17,left,0.422850989785,0.24668281698,-0.176168172806,decay
53.18,left,0.422808108148,0.246675342988,-0.17613276516,decay
53.19,left,0.422749672616,0.246667093831,-0.176082578785,decay
53.2,left,0.422678560881,0.246658044001,-0.17602051688,decay
53.21,left,0.422597791195,0.246648172635,-0.175949618559,decay
53.22,left,0.422510260156,0.246637464056,-0.1758727961,decay
53.23,left,0.422418697538,0.246625908599,-0.175792788938,decay
53.24,left,0.422325719654,0.246613503755,-0.175712215899,decay
53.25,left,0.422233867336,0.246600255626,-0.17563361171,decay
53.26,left,0.42214562258,0.246586180469,-0.175559442111,decay
53.27,left,0.422063236734,0.246571305488,-0.175491931246,decay
53.28,left,0.421988299577,0.246555668263,-0.175432631314,decay
53.29,left,0.421921375492,0.246539315265,-0.175382060227,decay
53.3,left,0.421862010745,0.24652230032,-0.175339710425,decay
53.31,left,0.421808997731,0.246504683336,-0.175304314395,decay
53.32,left,0.421760736611,0.246486529287,-0.175274207325,decay
53.33,left,0.421715776431,0.246467907438,-0.175247868993,decay
53.34,left,0.421673453941,0.246448890766,-0.175224563175,decay
53.35,left,0.421634312865,0.24642955556,-0.175204757305,decay
53.36,left,0.421600207979,0.246409981084,-0.175190226895,decay
53.37,left,0.421574113055,0.246390249018,-0.175183864037,decay
53.38,left,0.421559479979,0.246370442449,-0.175189037531,decay
53.39,left,0.42155921422,0.246350644512,-0.175208569708,decay
53.4,left,0.421574717812,0.246330936944,-0.175243780868,decay
53.41,left,0.421605355604,0.246311398588,-0.175293957016,decay
53.42,left,0.421648473521,0.246292103838,-0.175356369683,decay
53.43,left,0.42170003953,0.246273120972,-0.175426918558,decay
53.44,left,0.421755651792,0.246254510319,-0.175501141474,decay
53.45,left,0.421811228724,0.24623632223,-0.175574906494,decay
53.46,left,0.421862992073,0.246218595088,-0.175644396986,decay
53.47,left,0.421907132948,0.246201354201,-0.175705778747,decay
53.48,left,0.421939680197,0.246184612255,-0.175755067942,decay
53.49,left,0.421956649053,0.246168370777,-0.175788278275,decay
53.5,left,0.421954444099,0.246152621732,-0.175801822367,decay
53.51,left,0.421930506383,0.246137348861,-0.175793157522,decay
53.52,left,0.421883885135,0.246122528777,-0.175761356358,decay
53.53,left,0.421815398505,0.246108131818,-0.175707266687,decay
53.54,left,0.421727441675,0.246094122697,-0.175633318978,decay
53.55,left,0.421623573724,0.246080460949,-0.175543112775,decay
53.56,left,0.421507879028,0.246067101293,-0.175440777734,decay
53.57,left,0.421384264885,0.246053994178,-0.175330270707,decay
53.58,left,0.421255990472,0.246041086754,-0.175214903718,decay
53.59,left,0.421125392382,0.246028324128,-0.175097068254,decay
53.6,left,0.420993520719,0.246015650663,-0.174977870056,decay
53.61,left,0.420859755489,0.246003011241,-0.174856744249,decay
53.62,left,0.420721727604,0.245990352507,-0.174731375097,decay
53.63,left,0.420575601925,0.245977624139,-0.174597977786,decay
53.64,left,0.420416692307,0.245964780165,-0.174451912142,decay
53.65,left,0.420240451477,0.245951780367,-0.17428867111,decay
53.66,left,0.420043527772,0.245938591639,-0.174104936133,decay
53.67,left,0.419824341822,0.245925188802,-0.17389915302,decay
53.68,left,0.419583073173,0.245911554507,-0.173671518666,decay
53.69,left,0.419321326203,0.245897678527,-0.173423647675,decay
53.7,left,0.419041645585,0.245883556978,-0.173158088607,decay
53.71,left,0.418747048813,0.245869191682,-0.172877857131,decay
53.72,left,0.418440816466,0.245854589684,-0.172586226782,decay
53.73,left,0.418126489346,0.245839762904,-0.172286726442,decay
53.74,left,0.417807781941,0.245824727938,-0.171983054003,decay
53.75,left,0.417488421667,0.245809505982,-0.171678915686,decay
53.76,left,0.417172150339,0.245794122768,-0.171378027571,decay
53.77,left,0.416862761146,0.245778608181,-0.171084152965,decay
53.78,left,0.416563875254,0.245762995269,-0.170800879986,decay
53.79,left,0.416278579364,0.245747318829,-0.170531260534,decay
53.8,left,0.41600918972,0.245731613894,-0.170277575826,decay
53.81,left,0.415757167333,0.245715914215,-0.170041253117,decay
53.82,left,0.415523240996,0.245700250744,-0.169822990252,decay
53.83,left,0.415307792361,0.245684650058,-0.169623142303,decay
53.84,left,0.415111228055,0.245669132718,-0.169442095337,decay
53.85,left,0.414934075425,0.245653711507,-0.169280363917,decay
53.86,left,0.414776940842,0.245638389811,-0.169138551031,decay
53.87,left,0.414640543371,0.245623160973,-0.169017382397,decay
53.88,left,0.414525768579,0.245608009281,-0.168917759297,decay
53.89,left,0.414433678795,0.245592912085,-0.16884076671,decay
53.9,left,0.414365620192,0.245577842198,-0.168787777993,decay
53.91,left,0.414323404711,0.245562770243,-0.168760634468,decay
53.92,left,0.414309311877,0.245547666954,-0.168761644923,decay
53.93,left,0.414325904219,0.245532505481,-0.168793398737,decay
53.94,left,0.414375825453,0.245517263748,-0.168858561705,decay
53.95,left,0.414461545399,0.245501926887,-0.168959618513,decay
53.96,left,0.414585058663,0.245486489502,-0.169098569161,decay
53.97,left,0.41474770433,0.2454709568,-0.16927674753,decay
53.98,left,0.414950030181,0.245455343879,-0.169494686302,decay
53.99,left,0.415191476583,0.245439673713,-0.169751802869,decay
54,left,0.415469945144,0.245423974837,-0.170045970307,decay
54.01,left,0.415781485416,0.245408279084,-0.170373206332,decay
54.02,left,0.416120159581,0.245392619391,-0.17072754019,decay
54.03,left,0.416478113261,0.24537702762,-0.171101085641,decay
54.04,left,0.416846059869,0.245361532353,-0.171484527516,decay
54.05,left,0.417214202738,0.245346156614,-0.171868046125,decay
54.06,left,0.417573269595,0.24533091574,-0.172242353856,decay
54.07,left,0.417915449907,0.245315816159,-0.172599633749,decay
54.08,left,0.418235167388,0.245300855645,-0.172934311743,decay
54.09,left,0.41852942383,0.245286024606,-0.173243399224,decay
54.1,left,0.418797554323,0.245271307585,-0.173526246738,decay
54.11,left,0.419040636523,0.245256684674,-0.173783951849,decay
54.12,left,0.419260775971,0.24524213282,-0.174018643152,decay
54.13,left,0.419460291049,0.245227627063,-0.174232663986,decay
54.14,left,0.419641003608,0.245213141726,-0.174427861882,decay
54.15,left,0.419803898561,0.24519865158,-0.174605246982,decay
54.16,left,0.419948994452,0.245184132965,-0.174764861487,decay
54.17,left,0.420075162303,0.245169564764,-0.174905597539,decay
54.18,left,0.420180071295,0.24515492913,-0.175025142165,decay
54.19,left,0.4202604743,0.245140212077,-0.175120262223,decay
54.2,left,0.420312636452,0.245125404084,-0.175187232367,decay
54.21,left,0.420332776836,0.245110500787,-0.175222276049,decay
54.22,left,0.420317697958,0.245095503769,-0.17522219419,decay
54.23,left,0.420265531962,0.245080421474,-0.175185110488,decay
54.24,left,0.420176241638,0.245065270254,-0.175110971385,decay
54.25,left,0.420051788037,0.245050075553,-0.175001712485,decay
54.26,left,0.419896052205,0.245034873009,-0.174861179197,decay
54.27,left,0.419714424443,0.245019708687,-0.174694715756,decay
54.28,left,0.419513109245,0.245004637855,-0.17450847139,decay
54.29,left,0.419298446665,0.244989722715,-0.174308723951,decay
54.3,left,0.419076387073,0.244975029861,-0.174101357212,decay
54.31,left,0.418852088937,0.244960627736,-0.173891461201,decay
54.32,left,0.418629813209,0.24494658406,-0.173683229149,decay
54.33,left,0.418413281044,0.244932963179,-0.173480317865,decay
54.34,left,0.418206148315,0.244919823266,-0.173286325049,decay
54.35,left,0.418012129464,0.244907213319,-0.173104916146,decay
54.36,left,0.417834844876,0.244895170274,-0.172939674602,decay
54.37,left,0.41767762543,0.244883717358,-0.172793908072,decay
54.38,left,0.417543211714,0.244872864515,-0.1726703472,decay
54.39,left,0.417433354037,0.244862610263,-0.172570743774,decay
54.4,left,0.417348455446,0.244852943756,-0.17249551169,decay
54.41,left,0.41728726925,0.244843846591,-0.172443422658,decay
54.42,left,0.417246777837,0.244835294356,-0.172411483481,decay
54.43,left,0.4172225116,0.244827257928,-0.172395253672,decay
54.44,left,0.417209208419,0.244819704567,-0.172389503852,decay
54.45,left,0.417201386351,0.244812598825,-0.172388787526,decay
54.46,left,0.417193696487,0.244805903256,-0.172387793231,decay
54.47,left,0.417181332133,0.244799578867,-0.172381753266,decay
54.48,left,0.417160537203,0.244793585259,-0.172366951944,decay
54.49,left,0.417128918768,0.244787880515,-0.172341038253,decay
54.5,left,0.417085511106,0.244782420942,-0.172303090164,decay
54.51,left,0.417030730401,0.244777160711,-0.17225356969,decay
54.52,left,0.416966181552,0.244772051393,-0.172194130159,decay
54.53,left,0.41689435202,0.244767041417,-0.172127310603,decay
54.54,left,0.416818383475,0.244762075429,-0.172056308046,decay
54.55,left,0.416741852679,0.244757093573,-0.171984759106,decay
54.56,left,0.416668370082,0.244752030856,-0.171916339227,decay
54.57,left,0.416601158611,0.24474681714,-0.171854341471,decay
54.58,left,0.416542885984,0.244741378171,-0.171801507813,decay
54.59,left,0.416495638847,0.244735637372,-0.171760001475,decay
54.6,left,0.416460824045,0.244729517906,-0.171731306139,decay
54.61,left,0.416439109073,0.244722944831,-0.171716164242,decay
54.62,left,0.416430494027,0.244715847375,-0.171714646652,decay
54.63,left,0.416434369741,0.244708161399,-0.171726208342,decay
54.64,left,0.41644963031,0.244699832084,-0.171749798226,decay
54.65,left,0.416475096493,0.244690816931,-0.171784279563,decay
54.66,left,0.416510136981,0.244681088722,-0.171829048259,decay
54.67,left,0.416555114335,0.244670637383,-0.171884476952,decay
54.68,left,0.41661150184,0.244659469871,-0.171952031969,decay
54.69,left,0.416681643796,0.24464760878,-0.172034035016,decay
54.7,left,0.416768134587,0.244635090835,-0.172133043752,decay
54.71,left,0.41687306071,0.244621965734,-0.172251094976,decay
54.72,left,0.416997529137,0.244608295367,-0.17238923377,decay
54.73,left,0.417141585214,0.24459415338,-0.172547431834,decay
54.74,left,0.417304334199,0.244579625055,-0.172724709144,decay
54.75,left,0.417484268338,0.244564807499,-0.172919460839,decay
54.76,left,0.417679784401,0.244549809804,-0.173129974597,decay
54.77,left,0.417889458362,0.244534752175,-0.173354706187,decay
54.78,left,0.418111780634,0.244519763278,-0.173592017357,decay
54.79,left,0.418344631818,0.244504976263,-0.173839655555,decay
54.8,left,0.418584815883,0.244490524401,-0.174094291483,decay
54.81,left,0.418827749272,0.244476536627,-0.174351212645,decay
54.82,left,0.419067483242,0.244463132939,-0.174604350303,decay
54.83,left,0.419297122406,0.244450419533,-0.174846702873,decay
54.84,left,0.419509357873,0.244438483575,-0.175070874298,decay
54.85,left,0.419696934984,0.244427387505,-0.175269547479,decay
54.86,left,0.41985319356,0.244417163581,-0.175436029979,decay
54.87,left,0.419972740786,0.244407811206,-0.17556492958,decay
54.88,left,0.420052116843,0.244399298915,-0.175652817928,decay
54.89,left,0.420090371519,0.244391569584,-0.175698801935,decay
54.9,left,0.420089450585,0.244384546229,-0.175704904355,decay
54.91,left,0.420054035445,0.244378137399,-0.175675898046,decay
54.92,left,0.419990628222,0.244372242147,-0.175618386074,decay
54.93,left,0.41990627924,0.244366754717,-0.175539524523,decay
54.94,left,0.419807488196,0.244361569004,-0.175445919191,decay
54.95,left,0.419699485216,0.244356582926,-0.17534290229,decay
54.96,left,0.4195860222,0.244351702424,-0.175234319776,decay
54.97,left,0.419469693235,0.244346844131,-0.175122849104,decay
54.98,left,0.41935244589,0.24434193596,-0.17501050993,decay
54.99,left,0.419235957198,0.244336916258,-0.17489904094,decay
55,left,0.419121911985,0.244331732638,-0.174790179348,decay
55.01,left,0.419012266501,0.24432634095,-0.174685925552,decay
55.02,left,0.4189093226,0.244320704419,-0.174588618181,decay
55.03,left,0.41881554293,0.244314792957,-0.174500749973,decay
55.04,left,0.418733387453,0.244308582633,-0.17442480482,decay
55.05,left,0.418665285141,0.244302055324,-0.174363229817,decay
55.06,left,0.418613543728,0.244295198433,-0.174318345296,decay
55.07,left,0.418580204283,0.244288004447,-0.174292199835,decay
55.08,left,0.418566948896,0.244280470128,-0.174286478768,decay
55.09,left,0.418574913229,0.244272595459,-0.17430231777,decay
55.1,left,0.418604391757,0.244264382624,-0.174340009132,decay
55.11,left,0.4186547497,0.244255835085,-0.174398914615,decay
55.12,left,0.418724622122,0.244246956774,-0.174477665348,decay
55.13,left,0.418812128424,0.244237751369,-0.174574377055,decay
55.14,left,0.418914980191,0.244228221659,-0.174686758532,decay
55.15,left,0.419030586923,0.244218368966,-0.174812217958,decay
55.16,left,0.419156147304,0.244208192654,-0.17494795465,decay
55.17,left,0.419288652002,0.244197689776,-0.175090962226,decay
55.18,left,0.419424892389,0.244186854903,-0.175238037486,decay
55.19,left,0.419561493635,0.244175680095,-0.17538581354,decay
55.2,left,0.419694833046,0.244164154946,-0.175530678099,decay
55.21,left,0.419820977818,0.244152266687,-0.175668711131,decay
55.22,left,0.419935943496,0.244140000325,-0.175795943172,decay
55.23,left,0.420036190433,0.24412733885,-0.175908851583,decay
55.24,left,0.420119086184,0.244114263504,-0.17600482268,decay
55.25,left,0.420183274733,0.244100754115,-0.176082520618,decay
55.26,left,0.420228830278,0.244086789527,-0.176142040751,decay
55.27,left,0.420256961361,0.244072348153,-0.176184613208,decay
55.28,left,0.420269398162,0.244057408684,-0.176211989478,decay
55.29,left,0.420267897732,0.244041950954,-0.176225946778,decay
55.3,left,0.420254034504,0.244025956968,-0.176228077536,decay
55.31,left,0.420229140641,0.244009412086,-0.176219728555,decay
55.32,left,0.420194377353,0.243992306397,-0.176202070956,decay
55.33,left,0.420150926247,0.243974636315,-0.176176289932,decay
55.34,left,0.420100025495,0.243956406403,-0.176143619092,decay
55.35,left,0.420042766213,0.243937631474,-0.176105134739,decay
55.36,left,0.419979955705,0.243918338635,-0.17606161707,decay
55.37,left,0.419912127047,0.243898568157,-0.176013558889,decay
55.38,left,0.41983946967,0.243878372357,-0.175961097313,decay
55.39,left,0.41976165631,0.243857813076,-0.175903843235,decay
55.4,left,0.419677677647,0.243836958904,-0.175840718743,decay
55.41,left,0.419585711382,0.243815882557,-0.175769828825,decay
55.42,left,0.419483184855,0.243794658393,-0.175688526463,decay
55.43,left,0.41936726381,0.243773360006,-0.175593903805,decay
55.44,left,0.419235605949,0.243752057856,-0.175483548093,decay
55.45,left,0.419086897394,0.243730816856,-0.175356080538,decay
55.46,left,0.41892101433,0.243709694143,-0.175211320187,decay
55.47,left,0.418739040916,0.243688737768,-0.175050303148,decay
55.48,left,0.418543199397,0.2436679869,-0.174875212497,decay
55.49,left,0.41833660616,0.243647473051,-0.174689133109,decay
55.5,left,0.418123024913,0.24362722151,-0.174495803403,decay
55.51,left,0.417906735178,0.243607252647,-0.174299482531,decay
55.52,left,0.41769234338,0.24358758307,-0.17410476031,decay
55.53,left,0.417484526629,0.243568226657,-0.173916299972,decay
55.54,left,0.417287867842,0.243549195465,-0.173738672377,decay
55.55,left,0.41710671405,0.243530500532,-0.173576213518,decay
55.56,left,0.416944946269,0.24351215254,-0.173432793729,decay
55.57,left,0.416805767358,0.243494162186,-0.173311605171,decay
55.58,left,0.41669159428,0.24347654017,-0.17321505411,decay
55.59,left,0.416603946912,0.243459296873,-0.173144650039,decay
55.6,left,0.416543331045,0.243442441868,-0.173100889177,decay
55.61,left,0.416509332785,0.243425983319,-0.173083349466,decay
55.62,left,0.41650090525,0.243409927262,-0.173090977988,decay
55.63,left,0.416516582987,0.243394276747,-0.173122306239,decay
55.64,left,0.416554627761,0.243379030837,-0.173175596923,decay
55.65,left,0.416613172756,0.24336418344,-0.173248989315,decay
55.66,left,0.416690122114,0.24334972214,-0.173340399975,decay
55.67,left,0.416782754965,0.243335627565,-0.173447127401,decay
55.68,left,0.416887429074,0.24332187372,-0.173565555354,decay
55.69,left,0.41699962298,0.24330842896,-0.173691194021,decay
55.7,left,0.417114230431,0.243295257049,-0.173818973381,decay
55.71,left,0.417226121653,0.243282318096,-0.173943803558,decay
55.72,left,0.417331010884,0.243269569351,-0.174061441533,decay
55.73,left,0.417426323254,0.243256965913,-0.17416935734,decay
55.74,left,0.417511666159,0.243244461347,-0.174267204812,decay
55.75,left,0.417588831269,0.243232008239,-0.17435682303,decay
55.76,left,0.417661312665,0.24321955871,-0.174441753955,decay
55.77,left,0.417733245297,0.243207064876,-0.174526180421,decay
55.78,left,0.41780806798,0.243194479266,-0.174613588714,decay
55.79,left,0.41788754129,0.243181755222,-0.174705786068,decay
55.8,left,0.417971417087,0.243168847323,-0.174802569764,decay
55.81,left,0.418057689645,0.243155711872,-0.174901977774,decay
55.82,left,0.418143286093,0.243142307442,-0.175000978651,decay
55.83,left,0.418224888662,0.243128595531,-0.175096293131,decay
55.84,left,0.41829950745,0.243114541316,-0.175184966133,decay
55.85,left,0.418364796033,0.243100114554,-0.175264681479,decay
55.86,left,0.418419364353,0.243085290508,-0.175334073845,decay
55.87,left,0.418463062218,0.243070050552,-0.175393011667,decay
55.88,left,0.4184970422,0.243054382161,-0.175442660039,decay
55.89,left,0.418523670255,0.243038278533,-0.175485391722,decay
55.9,left,0.418546352595,0.243021738218,-0.175524614378,decay
55.91,left,0.418569064811,0.243004764935,-0.175564299877,decay
55.92,left,0.41859556911,0.242987367579,-0.175608201531,decay
55.93,left,0.418628733521,0.242969560417,-0.175659173104,decay
55.94,left,0.41867023104,0.242951363476,-0.175718867564,decay
55.95,left,0.418720575228,0.242932803125,-0.175787772103,decay
55.96,left,0.418779454343,0.242913912714,-0.175865541629,decay
55.97,left,0.418846234573,0.242894732835,-0.175951501739,decay
55.98,left,0.418920309744,0.242875310868,-0.176044998875,decay
55.99,left,0.419001218321,0.242855700052,-0.176145518269,decay
56,left,0.41908878427,0.242835958499,-0.176252825771,decay
56.01,left,0.419183339695,0.242816148323,-0.176367191373,decay
56.02,left,0.419285766557,0.24279633486,-0.176489431697,decay
56.03,left,0.419397264412,0.242776585962,-0.17662067845,decay
56.04,left,0.41951899829,0.242756971323,-0.176762026966,decay
56.05,left,0.419651641336,0.242737561828,-0.176914079508,decay
56.06,left,0.419794860307,0.24271842887,-0.177076431436,decay
56.07,left,0.419947124779,0.242699643601,-0.177247481178,decay
56.08,left,0.42010603027,0.242681276056,-0.177424754213,decay
56.09,left,0.420268848151,0.24266339415,-0.177605454001,decay
56.1,left,0.420433100959,0.242646062509,-0.17778703845,decay
56.11,left,0.420597117279,0.242629341143,-0.177967776137,decay
56.12,left,0.420760280049,0.242613283893,-0.178146996156,decay
56.13,left,0.420922741474,0.242597936642,-0.178324804833,decay
56.14,left,0.421084822585,0.242583335218,-0.178501487368,decay
56.15,left,0.421246421481,0.242569502972,-0.178676918509,decay
56.16,left,0.421406514485,0.242556448381,-0.178850066104,decay
56.17,left,0.421562865255,0.242544163925,-0.17901870133,decay
56.18,left,0.421712235966,0.242532627195,-0.179179608772,decay
56.19,left,0.421851028389,0.2425218035,-0.179329224889,decay
56.2,left,0.421975871295,0.2425116487,-0.179464222595,decay
56.21,left,0.4220839654,0.242502111748,-0.179581853651,decay
56.22,left,0.422173253579,0.242493136961,-0.179680116618,decay
56.23,left,0.422242331966,0.242484666056,-0.17975766591,decay
56.24,left,0.422290139076,0.242476640015,-0.179813499062,decay
56.25,left,0.422315699313,0.242469000794,-0.179846698519,decay
56.26,left,0.422317984367,0.242461692819,-0.179856291548,decay
56.27,left,0.422295709155,0.242454663837,-0.179841045318,decay
56.28,left,0.422247091535,0.242447864865,-0.17979922667,decay
56.29,left,0.422169771292,0.24244124947,-0.179728521822,decay
56.3,left,0.42206089926,0.242434772833,-0.179626126427,decay
56.31,left,0.421917424931,0.24242839078,-0.179489034151,decay
56.32,left,0.42173677505,0.242422058787,-0.179314716263,decay
56.33,left,0.421517782513,0.242415730954,-0.179102051559,decay
56.34,left,0.421261319104,0.242409358946,-0.178851960158,decay
56.35,left,0.420970414097,0.242402890895,-0.178567523202,decay
56.36,left,0.420650097384,0.242396270425,-0.178253826958,decay
56.37,left,0.420307028268,0.242389436314,-0.177917591954,decay
56.38,left,0.419948829651,0.242382323197,-0.177566506454,decay
56.39,left,0.419583326093,0.242374863037,-0.177208463056,decay
56.4,left,0.419217870806,0.242366986869,-0.176850883937,decay
56.41,left,0.418858740179,0.242358626624,-0.176500113556,decay
56.42,left,0.41851075711,0.242349717087,-0.176161040023,decay
56.43,left,0.418177369661,0.242340198011,-0.175837171651,decay
56.44,left,0.417861032946,0.242330016449,-0.175531016496,decay
56.45,left,0.41756361849,0.242319129363,-0.175244489127,decay
56.46,left,0.41728688033,0.242307506219,-0.174979374111,decay
56.47,left,0.417032996409,0.242295130643,-0.174737865766,decay
56.48,left,0.41680484521,0.242282000406,-0.174522844805,decay
56.49,left,0.416605834151,0.242268126306,-0.174337707845,decay
56.5,left,0.416439563071,0.242253530995,-0.174186032075,decay
56.51,left,0.416309506826,0.242238248132,-0.174071258694,decay
56.52,left,0.416218646708,0.242222321894,-0.173996324814,decay
56.53,left,0.416169114227,0.242205806833,-0.173963307395,decay
56.54,left,0.416161905257,0.242188768044,-0.173973137212,decay
56.55,left,0.416196539537,0.242171281667,-0.174025257869,decay
56.56,left,0.416270774023,0.242153435362,-0.174117338661,decay
56.57,left,0.416380751913,0.24213532781,-0.174245424103,decay
56.58,left,0.416521645845,0.242117066454,-0.174404579391,decay
56.59,left,0.416688443581,0.242098763993,-0.174589679587,decay
56.6,left,0.416876626433,0.242080534543,-0.174796091889,decay
56.61,left,0.417082647065,0.242062489794,-0.175020157271,decay
56.62,left,0.417303984192,0.242044735112,-0.17525924908,decay
56.63,left,0.417538737893,0.242027365499,-0.175511372394,decay
56.64,left,0.417785175275,0.242010461309,-0.175774713966,decay
56.65,left,0.418041483141,0.241994083643,-0.176047399498,decay
56.66,left,0.418305557401,0.241978270006,-0.176327287395,decay
56.67,left,0.418574773727,0.241963032323,-0.176611741404,decay
56.68,left,0.418845862145,0.241948358853,-0.176897503292,decay
56.69,left,0.419114770157,0.241934218829,-0.177180551327,decay
56.7,left,0.419376387236,0.241920567655,-0.177455819581,decay
56.71,left,0.419624393633,0.241907351822,-0.177717041811,decay
56.72,left,0.419851542539,0.241894513569,-0.17795702897,decay
56.73,left,0.420050288018,0.241881995358,-0.17816829266,decay
56.74,left,0.420213533442,0.241869744266,-0.178343789176,decay
56.75,left,0.420335443893,0.241857716363,-0.17847772753,decay
56.76,left,0.420412141106,0.241845880702,-0.178566260405,decay
56.77,left,0.420441991999,0.241834221526,-0.178607770473,decay
56.78,left,0.420425572392,0.241822737664,-0.178602834728,decay
56.79,left,0.42036551643,0.241811439915,-0.178554076515,decay
56.8,left,0.420266231621,0.241800347911,-0.17846588371,decay
56.81,left,0.420133585529,0.241789487014,-0.178344098515,decay
56.82,left,0.41997479507,0.241778885257,-0.178195909813,decay
56.83,left,0.419798401077,0.241768570264,-0.178029830812,decay
56.84,left,0.419614009905,0.241758566102,-0.177855443803,decay
56.85,left,0.419431781248,0.24174889,-0.177682891249,decay
56.86,left,0.419261835976,0.241739549237,-0.177522286739,decay
56.87,left,0.419113569189,0.241730539214,-0.177383029975,decay
56.88,left,0.418994866815,0.241721843492,-0.177273023323,decay
56.89,left,0.418911544573,0.241713435189,-0.177198109384,decay
56.9,left,0.418867258896,0.241705278632,-0.177161980264,decay
56.91,left,0.418863787449,0.241697330831,-0.177166456618,decay
56.92,left,0.418901606689,0.241689542789,-0.1772120639,decay
56.93,left,0.418980737061,0.241681860647,-0.177298876413,decay
56.94,left,0.419101494552,0.241674226725,-0.177427267828,decay
56.95,left,0.419264771282,0.24166658047,-0.177598190812,decay
56.96,left,0.419471884579,0.241658859339,-0.177813025241,decay
56.97,left,0.419724088518,0.241650999596,-0.178073088922,decay
56.98,left,0.420021728155,0.241642937046,-0.178378791109,decay
56.99,left,0.420363324196,0.241634607722,-0.178728716473,decay
57,left,0.420745053426,0.241625948629,-0.179119104797,decay
57.01,left,0.421160737038,0.241616898553,-0.179543838485,decay
57.02,left,0.421602191343,0.24160739899,-0.179994792353,decay
57.03,left,0.422059921627,0.241597395214,-0.180462526413,decay
57.04,left,0.422524040462,0.241586837516,-0.180937202945,decay
57.05,left,0.422984938741,0.241575682653,-0.181409256088,decay
57.06,left,0.423433456228,0.241563895333,-0.181869560895,decay
57.07,left,0.423860817138,0.241551449145,-0.182309367993,decay
57.08,left,0.424258548571,0.241538326498,-0.182720222073,decay
57.09,left,0.424618420746,0.24152451791,-0.183093902836,decay
57.1,left,0.424932565305,0.241510021317,-0.183422543988,decay
57.11,left,0.425193772699,0.24149484164,-0.18369893106,decay
57.12,left,0.425395676879,0.241478990638,-0.183916686242,decay
57.13,left,0.425532793979,0.241462487044,-0.184070306935,decay
57.14,left,0.425600762467,0.241445356975,-0.184155405492,decay
57.15,left,0.425596904046,0.241427634627,-0.184169269419,decay
57.16,left,0.425520793386,0.241409363027,-0.184111430359,decay
57.17,left,0.425374597654,0.241390594167,-0.183984003486,decay
57.18,left,0.425163156171,0.241371387983,-0.183791768189,decay
57.19,left,0.424893628304,0.241351810539,-0.183541817766,decay
57.2,left,0.424574655981,0.241331932112,-0.18324272387,decay
57.21,left,0.424215461803,0.2413118254,-0.182903636404,decay
57.22,left,0.423825237941,0.241291563846,-0.182533674095,decay
57.23,left,0.423412729012,0.241271220039,-0.182141508973,decay
57.24,left,0.422985897633,0.241250864128,-0.181735033506,decay
57.25,left,0.422551732472,0.241230562226,-0.181321170247,decay
57.26,left,0.422116123548,0.241210374911,-0.180905748637,decay
57.27,left,0.421683698643,0.241190356258,-0.180493342385,decay
57.28,left,0.421257742577,0.241170553741,-0.180087188836,decay
57.29,left,0.420840281769,0.241151008716,-0.179689273053,decay
57.3,left,0.420432194137,0.241131756975,-0.179300437163,decay
57.31,left,0.420033304598,0.241112829163,-0.178920475435,decay
57.32,left,0.419642640089,0.241094251047,-0.178548389043,decay
57.33,left,0.41925884232,0.241076043614,-0.178182798706,decay
57.34,left,0.418880516785,0.241058223021,-0.177822293764,decay
57.35,left,0.418506503405,0.241040800364,-0.177465703041,decay
57.36,left,0.418136134854,0.241023781413,-0.177112353441,decay
57.37,left,0.417769285059,0.241007166747,-0.176762118312,decay
57.38,left,0.417406135642,0.240990952605,-0.176415183037,decay
57.39,left,0.417046943407,0.240975132225,-0.176071811181,decay
57.4,left,0.41669193975,0.240959697247,-0.175732242502,decay
57.41,left,0.416341255001,0.240944638993,-0.175396616008,decay
57.42,left,0.415994904497,0.240929949656,-0.175064954841,decay
57.43,left,0.415652903409,0.240915623405,-0.174737280004,decay
57.44,left,0.415315374638,0.240901657426,-0.174413717212,decay
57.45,left,0.41498257245,0.24088805292,-0.17409451953,decay
57.46,left,0.414654991922,0.240874815887,-0.173780176036,decay
57.47,left,0.414333600949,0.240861957109,-0.17347164384,decay
57.48,left,0.414019958434,0.240849490896,-0.173170467537,decay
57.49,left,0.413716185164,0.240837432901,-0.172878752263,decay
57.5,left,0.41342493575,0.240825797584,-0.172599138166,decay
57.51,left,0.413149288714,0.240814595537,-0.172334693177,decay
57.52,left,0.412892473342,0.24080383064,-0.172088642702,decay
57.53,left,0.412657594974,0.240793496997,-0.171864097976,decay
57.54,left,0.412447388723,0.240783575614,-0.171663813109,decay
57.55,left,0.412263821386,0.240774030762,-0.171489790624,decay
57.56,left,0.4121076721,0.240764806576,-0.171342865523,decay
57.57,left,0.411978544013,0.240755825772,-0.171222718241,decay
57.58,left,0.411875418147,0.240746991871,-0.171128426276,decay
57.59,left,0.411797372044,0.240738193927,-0.171059178117,decay
57.6,left,0.411744103224,0.240729311871,-0.171014791353,decay
57.61,left,0.411716093271,0.240720221768,-0.170995871504,decay
57.62,left,0.411714295282,0.240710801033,-0.171003494249,decay
57.63,left,0.411739471274,0.24070093373,-0.171038537544,decay
57.64,left,0.411791587283,0.240690516044,-0.171101071239,decay
57.65,left,0.411869467079,0.240679462071,-0.171190005009,decay
57.66,left,0.411970696136,0.240667709305,-0.171302986831,decay
57.67,left,0.412091938468,0.240655221739,-0.171436716729,decay
57.68,left,0.412229695368,0.24064198895,-0.171587706418,decay
57.69,left,0.412381097499,0.240628022468,-0.171753075031,decay
57.7,left,0.41254440724,0.240613351635,-0.171931055605,decay
57.71,left,0.412719277955,0.240598019859,-0.172121258096,decay
57.72,left,0.412906713281,0.240582081259,-0.172324632022,decay
57.73,left,0.413108485938,0.240565597653,-0.172542888285,decay
57.74,left,0.413326164658,0.240548635816,-0.172777528841,decay
57.75,left,0.413560257174,0.240531264957,-0.173028992217,decay
57.76,left,0.413809671883,0.240513554456,-0.173296117427,decay
57.77,left,0.41407146909,0.240495572188,-0.173575896901,decay
57.78,left,0.414341056167,0.240477383611,-0.173863672556,decay
57.79,left,0.414612815846,0.240459051423,-0.174153764423,decay
57.8,left,0.414880833412,0.240440635381,-0.17444019803,decay
57.81,left,0.415139560153,0.24042219213,-0.174717368023,decay
57.82,left,0.415384407445,0.240403774998,-0.174980632448,decay
57.83,left,0.415612080347,0.240385433742,-0.175226646604,decay
57.84,left,0.415820525465,0.240367214248,-0.175453311217,decay
57.85,left,0.416008694974,0.240349158126,-0.175659536848,decay
57.86,left,0.416176325482,0.240331302303,-0.175845023179,decay
57.87,left,0.416323705115,0.240313678786,-0.176010026329,decay
57.88,left,0.416451477863,0.240296314771,-0.176155163092,decay
57.89,left,0.416560648837,0.240279232956,-0.176281415881,decay
57.9,left,0.416652617699,0.240262451826,-0.176390165873,decay
57.91,left,0.416728912849,0.240245985803,-0.176482927047,decay
57.92,left,0.416790779827,0.240229845262,-0.176560934566,decay
57.93,left,0.416838956455,0.240214036402,-0.176624920054,decay
57.94,left,0.416873636715,0.240198560967,-0.176675075748,decay
57.95,left,0.416894628459,0.240183415816,-0.176711212643,decay
57.96,left,0.416901809809,0.240168592485,-0.176733217324,decay
57.97,left,0.416895674949,0.240154077219,-0.17674159773,decay
57.98,left,0.416877612223,0.240139851842,-0.176737760381,decay
57.99,left,0.416849871982,0.24012589519,-0.176723976792,decay
58,left,0.41681533158,0.240112184667,-0.176703146913,decay
58.01,left,0.416777003502,0.240098697704,-0.176678305797,decay
58.02,left,0.416737380565,0.240085413183,-0.176651967382,decay
58.03,left,0.416698025503,0.240072312802,-0.1766257127,decay
58.04,left,0.416659520723,0.240059382454,-0.17660013827,decay
58.05,left,0.416621469851,0.240046613612,-0.176574856239,decay
58.06,left,0.416582486532,0.240034004569,-0.176548481962,decay
58.07,left,0.416540366481,0.240021560927,-0.176518805554,decay
58.08,left,0.416492381465,0.240009294879,-0.176483086587,decay
58.09,left,0.416435521912,0.239997223631,-0.176438298281,decay
58.1,left,0.416366719014,0.239985367574,-0.17638135144,decay
58.11,left,0.416283056418,0.239973748429,-0.176309307988,decay
58.12,left,0.416181914186,0.239962387365,-0.176219526821,decay
58.13,left,0.416061206016,0.239951303041,-0.176109902975,decay
58.14,left,0.41591987213,0.239940509552,-0.175979362578,decay
58.15,left,0.41575839328,0.23993001423,-0.17582837905,decay
58.16,left,0.415578974345,0.239919815545,-0.1756591588,decay
58.17,left,0.415385403218,0.239909901953,-0.175475501265,decay
58.18,left,0.415182746072,0.239900252339,-0.175282493733,decay
58.19,left,0.414976808848,0.239890837545,-0.175085971303,decay
58.2,left,0.414773349373,0.23988162212,-0.174891727253,decay
58.21,left,0.414577318802,0.239872565943,-0.17470475286,decay
58.22,left,0.414392312081,0.239863625715,-0.174528686366,decay
58.23,left,0.414220258492,0.239854756372,-0.174365502121,decay
58.24,left,0.414061519125,0.239845912432,-0.174215606693,decay
58.25,left,0.41391543328,0.239837049321,-0.174078383959,decay
58.26,left,0.413781003409,0.239828124579,-0.17395287883,decay
58.27,left,0.413657451602,0.239819098579,-0.173838353023,decay
58.28,left,0.413544647857,0.239809934487,-0.17373471337,decay
58.29,left,0.413443358568,0.23980059769,-0.173642760878,decay
58.3,left,0.413355129,0.239791055111,-0.173564073888,decay
58.31,left,0.413281862077,0.239781274587,-0.17350058749,decay
58.32,left,0.41322539952,0.239771224294,-0.173454175225,decay
58.33,left,0.41318719773,0.23976087226,-0.17342632547,decay
58.34,left,0.413168084082,0.239750185922,-0.17341789816,decay
58.35,left,0.413168276658,0.239739131767,-0.173429144891,decay
58.36,left,0.413187641199,0.239727675086,-0.173459966113,decay
58.37,left,0.413225803057,0.239715780039,-0.173510023018,decay
58.38,left,0.413281987187,0.239703410163,-0.173578577025,decay
58.39,left,0.413354835392,0.239690529236,-0.173664306156,decay
58.4,left,0.41344233858,0.239677102356,-0.173765236224,decay
58.41,left,0.413541854045,0.239663097163,-0.173878756883,decay
58.42,left,0.413650246585,0.239648485249,-0.174001761335,decay
58.43,left,0.413764168049,0.239633243773,-0.174130924276,decay
58.44,left,0.413880375191,0.239617357309,-0.174263017883,decay
58.45,left,0.413996071186,0.239600819981,-0.174395251205,decay
58.46,left,0.414109279945,0.239583637594,-0.174525642351,decay
58.47,left,0.414218958467,0.239565828817,-0.17465312965,decay
58.48,left,0.414324592007,0.239547424728,-0.174777167279,decay
58.49,left,0.414425611206,0.239528467241,-0.174897143965,decay
58.5,left,0.414521061006,0.239509007405,-0.175012053601,decay
58.51,left,0.414609454829,0.23948910395,-0.175120350879,decay
58.52,left,0.41468870078,0.239468822082,-0.175219878698,decay
58.53,left,0.414756224896,0.239448232494,-0.175307992402,decay
58.54,left,0.414809270493,0.239427410549,-0.175381859945,decay
58.55,left,0.414845235639,0.239406435629,-0.17543880001,decay
58.56,left,0.414862092763,0.239385390514,-0.175476702248,decay
58.57,left,0.414858856748,0.239364360545,-0.175494496203,decay
58.58,left,0.414835740709,0.23934343233,-0.175492308379,decay
58.59,left,0.414793803204,0.239322692117,-0.175471111087,decay
58.6,left,0.414734444076,0.239302224014,-0.175432220062,decay
58.61,left,0.414659124003,0.239282108119,-0.175377015884,decay
58.62,left,0.414569276663,0.239262418528,-0.175306858134,decay
58.63,left,0.414466353221,0.239243221145,-0.175223132076,decay
58.64,left,0.414351981939,0.239224571268,-0.175127410671,decay
58.65,left,0.414227999277,0.239206510877,-0.175021488399,decay
58.66,left,0.414096232596,0.239189065975,-0.174907166621,decay
58.67,left,0.413958290996,0.239172245145,-0.174786045851,decay
58.68,left,0.413815533148,0.239156040234,-0.174659492914,decay
58.69,left,0.413669111732,0.239140428454,-0.174528683279,decay
58.7,left,0.413520088993,0.239125374671,-0.174394714321,decay
58.71,left,0.4133696893,0.239110833398,-0.174258855902,decay
58.72,left,0.41321948178,0.239096750471,-0.174122731309,decay
58.73,left,0.413071243951,0.239083064478,-0.173988179473,decay
58.74,left,0.412926658887,0.239069707942,-0.173856950945,decay
58.75,left,0.412787127438,0.239056608319,-0.173730519119,decay
58.76,left,0.412653671631,0.239043688912,-0.173609982719,decay
58.77,left,0.412526927394,0.239030870024,-0.17349605737,decay
58.78,left,0.412407451499,0.239018070572,-0.173389380927,decay
58.79,left,0.4122962538,0.23900521007,-0.17329104373,decay
58.8,left,0.412195185567,0.238992210735,-0.173202974833,decay
58.81,left,0.412107110774,0.238978999665,-0.173128111109,decay
58.82,left,0.412035909401,0.238965511131,-0.17307039827,decay
58.83,left,0.411986183347,0.238951689031,-0.173034494316,decay
58.84,left,0.411962679804,0.238937489568,-0.173025190236,decay
58.85,left,0.411969708591,0.238922884204,-0.173046824387,decay
58.86,left,0.412010744963,0.238907862493,-0.173102882471,decay
58.87,left,0.41208821931,0.238892433407,-0.173195785902,decay
58.88,left,0.412203521746,0.238876624115,-0.173326897631,decay
58.89,left,0.4123572035,0.238860476997,-0.173496726503,decay
58.9,left,0.412549070701,0.238844046333,-0.173705024368,decay
58.91,left,0.412777952452,0.238827395218,-0.173950557234,decay
58.92,left,0.41304139123,0.23881059268,-0.174230798551,decay
58.93,left,0.413335528968,0.238793710948,-0.17454181802,decay
58.94,left,0.413655205208,0.238776822817,-0.174878382391,decay
58.95,left,0.413994316663,0.238759999029,-0.175234317634,decay
58.96,left,0.414346462702,0.238743305868,-0.175603156834,decay
58.97,left,0.414705598808,0.238726803618,-0.17597879519,decay
58.98,left,0.415066393935,0.238710546405,-0.176355847529,decay
58.99,left,0.415424360342,0.238694582974,-0.176729777368,decay
59,left,0.415775914396,0.238678957662,-0.177096956735,decay
59.01,left,0.416118235818,0.23866371125,-0.177454524568,decay
59.02,left,0.416448862611,0.238648881679,-0.177799980932,decay
59.03,left,0.416765317383,0.238634504619,-0.178130812764,decay
59.04,left,0.417064929473,0.238620613902,-0.178444315571,decay
59.05,left,0.417344721965,0.238607241811,-0.178737480154,decay
59.06,left,0.417601406379,0.238594419208,-0.17900698717,decay
59.07,left,0.417831588095,0.23858217547,-0.179249412625,decay
59.08,left,0.418031946672,0.238570538177,-0.179461408496,decay
59.09,left,0.418199192845,0.238559532579,-0.179639660266,decay
59.1,left,0.41832998671,0.238549180863,-0.179780805847,decay
59.11,left,0.418420977557,0.238539501196,-0.179881476361,decay
59.12,left,0.418468934631,0.238530506556,-0.179938428075,decay
59.13,left,0.418471039028,0.238522203301,-0.179948835726,decay
59.14,left,0.418425362614,0.238514589468,-0.179910773146,decay
59.15,left,0.418331246724,0.238507652759,-0.179823593965,decay
59.16,left,0.418189355937,0.238501368568,-0.179687987369,decay
59.17,left,0.418001580576,0.238495699133,-0.179505881444,decay
59.18,left,0.417770944227,0.238490594678,-0.17928034955,decay
59.19,left,0.417501420716,0.238485995917,-0.179015424798,decay
59.2,left,0.417197765151,0.238481836793,-0.178715928359,decay
59.21,left,0.41686560408,0.238478047016,-0.178387557064,decay
59.22,left,0.416511603564,0.23847455444,-0.178037049125,decay
59.23,left,0.41614333605,0.238471287299,-0.177672048751,decay
59.24,left,0.415768789572,0.238468176389,-0.177300613183,decay
59.25,left,0.415395650118,0.238465157226,-0.176930492892,decay
59.26,left,0.415030510565,0.23846217199,-0.176568338574,decay
59.27,left,0.414678316599,0.238459170522,-0.176219146077,decay
59.28,left,0.414342340568,0.238456109816,-0.175886230751,decay
59.29,left,0.414024570423,0.238452952459,-0.175571617964,decay
59.3,left,0.413726176747,0.238449664814,-0.175276511933,decay
59.31,left,0.413447971074,0.238446215255,-0.175001755818,decay
59.32,left,0.413190882938,0.23844257247,-0.174748310468,decay
59.33,left,0.412956261072,0.238438703808,-0.174517557264,decay
59.34,left,0.412745859891,0.238434573654,-0.174311286238,decay
59.35,left,0.412561680439,0.238430141812,-0.174131538627,decay
59.36,left,0.412405797406,0.238425362106,-0.1739804353,decay
59.37,left,0.41228016024,0.238420181849,-0.173859978391,decay
59.38,left,0.412186481712,0.238414542705,-0.173771939007,decay
59.39,left,0.412126249733,0.238408382582,-0.173717867151,decay
59.4,left,0.412100592983,0.23840163789,-0.173698955093,decay
59.41,left,0.41210988376,0.238394245935,-0.173715637825,decay
59.42,left,0.412153372858,0.238386147474,-0.173767225384,decay
59.43,left,0.412229096417,0.238377289483,-0.173851806934,decay
59.44,left,0.412334024192,0.238367628207,-0.173966395986,decay
59.45,left,0.412464434528,0.238357132543,-0.174107301985,decay
59.46,left,0.412616490518,0.23834578734,-0.174270703178,decay
59.47,left,0.412786734798,0.238333595157,-0.174453139641,decay
59.48,left,0.412972239602,0.23832057537,-0.174651664232,decay
59.49,left,0.413170506042,0.238306761491,-0.174863744551,decay
59.5,left,0.413379240497,0.238292198208,-0.17508704229,decay
59.51,left,0.41359599643,0.238276938751,-0.175319057679,decay
59.52,left,0.413817837493,0.238261042577,-0.175556794916,decay
59.53,left,0.414041195707,0.238244573333,-0.175796622374,decay
59.54,left,0.41426181203,0.238227597042,-0.176034214988,decay
59.55,left,0.41447471246,0.238210180472,-0.176264531988,decay
59.56,left,0.414674507111,0.238192389664,-0.176482117447,decay
59.57,left,0.414856126488,0.238174288626,-0.176681837862,decay
59.58,left,0.415015618784,0.238155938219,-0.176859680566,decay
59.59,left,0.415150665075,0.238137395139,-0.177013269936,decay
59.6,left,0.415260792277,0.238118710936,-0.177142081342,decay
59.61,left,0.415347188329,0.238099930991,-0.177247257338,decay
59.62,left,0.415412002686,0.238081093443,-0.177330909243,decay
59.63,left,0.415457471913,0.238062228014,-0.177395243899,decay
59.64,left,0.415485344678,0.238043354722,-0.177441989957,decay
59.65,left,0.415496646252,0.23802448245,-0.177472163803,decay
59.66,left,0.415491675961,0.238005607593,-0.177486068368,decay
59.67,left,0.415470278244,0.237986713564,-0.17748356468,decay
59.68,left,0.415432277423,0.23796777174,-0.177464505682,decay
59.69,left,0.41537786068,0.237948743432,-0.177429117248,decay
59.7,left,0.415307944625,0.237929582062,-0.177378362563,decay
59.71,left,0.415224577953,0.237910235277,-0.177314342676,decay
59.72,left,0.415131108394,0.237890647004,-0.17724046139,decay
59.73,left,0.415031905372,0.237870759486,-0.177161145886,decay
59.74,left,0.414931899433,0.237850515363,-0.17708138407,decay
59.75,left,0.414836216813,0.237829859825,-0.177006356988,decay
59.76,left,0.41474977341,0.23780874277,-0.176941030641,decay
59.77,left,0.414676729755,0.237787120599,-0.176889609156,decay
59.78,left,0.414619978561,0.237764957394,-0.176855021168,decay
59.79,left,0.414580737646,0.237742225721,-0.176838511925,decay
59.8,left,0.414558334718,0.237718907531,-0.176839427187,decay
59.81,left,0.41455044365,0.237694995325,-0.176855448325,decay
59.82,left,0.414553743957,0.237670493638,-0.176883250319,decay
59.83,left,0.414564604829,0.237645420863,-0.176919183966,decay
59.84,left,0.414579582972,0.237619811436,-0.176959771536,decay
59.85,left,0.414595783984,0.237593718429,-0.177002065555,decay
59.86,left,0.414610968015,0.237567215958,-0.177043752058,decay
59.87,left,0.414623241183,0.237540399589,-0.177082841594,decay
59.88,left,0.414630562511,0.237513383315,-0.177117179197,decay
59.89,left,0.414630418986,0.237486294098,-0.177144124888,decay
59.9,left,0.41461970216,0.237459265807,-0.177160436353,decay
59.91,left,0.414594767424,0.237432433208,-0.177162334216,decay
59.92,left,0.414551821052,0.237405925961,-0.177145895091,decay
59.93,left,0.414487539612,0.237379862479,-0.177107677132,decay
59.94,left,0.414399604774,0.237354343535,-0.177045261239,decay
59.95,left,0.414287072085,0.237329445475,-0.17695762661,decay
59.96,left,0.414150580087,0.237305213863,-0.176845366224,decay
59.97,left,0.413992257048,0.237281660413,-0.176710596635,decay
59.98,left,0.413815379243,0.237258765368,-0.176556613875,decay
59.99,left,0.413624114279,0.237236483668,-0.176387630611,decay
60,left,0.413423435296,0.237214751936,-0.17620868336,decay
60.01,left,0.413218934455,0.237193495122,-0.176025439333,decay
60.02,left,0.413016464219,0.237172632827,-0.175843831392,decay
60.03,left,0.412821827596,0.237152085427,-0.175669742169,decay
60.04,left,0.412640516827,0.237131780101,-0.175508736726,decay
60.05,left,0.412477374984,0.237111656895,-0.175365718089,decay
60.06,left,0.412336361009,0.237091674266,-0.175244686743,decay
60.07,left,0.412220547869,0.237071812147,-0.175148735722,decay
60.08,left,0.412132159696,0.237052071072,-0.175080088624,decay
60.09,left,0.412072577488,0.237032468497,-0.175040108991,decay
60.1,left,0.412042435799,0.237013034413,-0.175029401386,decay
60.11,left,0.41204177648,0.236993807043,-0.175047969438,decay
60.12,left,0.412070156415,0.236974828631,-0.175095327783,decay
60.13,left,0.412126748946,0.236956141239,-0.175170607707,decay
60.14,left,0.412210379301,0.236937782477,-0.175272596824,decay
60.15,left,0.412319234333,0.236919781095,-0.175399453237,decay
60.16,left,0.412450292064,0.236902152843,-0.175548139221,decay
60.17,left,0.412598913077,0.23688489807,-0.175714015007,decay
60.18,left,0.41275878996,0.236868002186,-0.175890787773,decay
60.19,left,0.4129221674,0.236851438092,-0.176070729308,decay
60.2,left,0.413080457946,0.236835169045,-0.176245288901,decay
60.21,left,0.413225294362,0.236819151344,-0.176406143018,decay
60.22,left,0.413349577955,0.236803336825,-0.17654624113,decay
60.23,left,0.413448143592,0.236787675233,-0.176660468359,decay
60.24,left,0.4135180683,0.236772116496,-0.176745951804,decay
60.25,left,0.413558644253,0.236756612978,-0.176802031276,decay
60.26,left,0.413570993049,0.236741121551,-0.176829871498,decay
60.27,left,0.413557552369,0.236725605007,-0.176831947362,decay
60.28,left,0.413521649005,0.236710032387,-0.176811616618,decay
60.29,left,0.413467077789,0.236694378597,-0.176772699192,decay
60.3,left,0.413397675979,0.236678623865,-0.176719052114,decay
60.31,left,0.413317113693,0.236662753283,-0.176654360411,decay
60.32,left,0.413228893186,0.23664675645,-0.176582136735,decay
60.33,left,0.4131362166,0.236630627222,-0.176505589378,decay
60.34,left,0.413041643192,0.236614363548,-0.176427279645,decay
60.35,left,0.41294683994,0.236597967418,-0.176348872522,decay
60.36,left,0.412852564333,0.236581444885,-0.176271119448,decay
60.37,left,0.412758843548,0.236564806116,-0.176194037432,decay
60.38,left,0.412665352648,0.236548065438,-0.17611728721,decay
60.39,left,0.412571819266,0.236531241408,-0.176040577859,decay
60.4,left,0.412478265211,0.23651435694,-0.17596390827,decay
60.41,left,0.412385261501,0.236497439536,-0.175887821965,decay
60.42,left,0.412294423216,0.236480521584,-0.175813901632,decay
60.43,left,0.412208908962,0.236463640765,-0.175745268197,decay
60.44,left,0.412133499401,0.236446840521,-0.17568665888,decay
60.45,left,0.412074211383,0.236430170624,-0.175644040759,decay
60.46,left,0.412037613024,0.23641368762,-0.175623925404,decay
60.47,left,0.412029853761,0.236397454592,-0.175632399169,decay
60.48,left,0.412055585529,0.236381539763,-0.175674045765,decay
60.49,left,0.412117171999,0.236366014246,-0.175751157753,decay
60.5,left,0.412214242445,0.236350949488,-0.175863292957,decay
60.51,left,0.412343418773,0.236336414602,-0.176007004171,decay
60.52,left,0.412498378256,0.236322473547,-0.176175904709,decay
60.53,left,0.412670499621,0.236309182088,-0.176361317533,decay
60.54,left,0.412849960874,0.236296584486,-0.176553376388,decay
60.55,left,0.413027015764,0.236284709833,-0.176742305931,decay
60.56,left,0.413193287147,0.236273568505,-0.176919718642,decay
60.57,left,0.413342763627,0.236263150282,-0.177079613345,decay
60.58,left,0.413472087167,0.236253425326,-0.177218661841,decay
60.59,left,0.413580187473,0.236244347107,-0.177335840366,decay
60.6,left,0.413667726388,0.236235855654,-0.177431870733,decay
60.61,left,0.413736572001,0.236227880478,-0.177508691523,decay
60.62,left,0.413789302819,0.236220343186,-0.177568959633,decay
60.63,left,0.413828891691,0.236213159845,-0.177615731846,decay
60.64,left,0.413858604827,0.236206243144,-0.177652361682,decay
60.65,left,0.413881888261,0.236199504412,-0.177682383849,decay
60.66,left,0.413902163097,0.236192855494,-0.177709307603,decay
60.67,left,0.413922651217,0.23618621036,-0.177736440857,decay
60.68,left,0.413946224955,0.236179486359,-0.177766738596,decay
60.69,left,0.413975189751,0.236172605264,-0.177802584487,decay
60.7,left,0.414011083428,0.236165494328,-0.1778455891,decay
60.71,left,0.414054620003,0.236158087452,-0.177896532551,decay
60.72,left,0.414105706544,0.236150326527,-0.177955380017,decay
60.73,left,0.414163483414,0.236142162963,-0.178021320451,decay
60.74,left,0.41422648219,0.236133559472,-0.178092922718,decay
60.75,left,0.414292772304,0.236124492119,-0.178168280185,decay
60.76,left,0.414359856217,0.236114952344,-0.178244903873,decay
60.77,left,0.414424519726,0.236104947902,-0.178319571824,decay
60.78,left,0.414482998465,0.236094501901,-0.178388496564,decay
60.79,left,0.414531344084,0.236083650558,-0.178447693525,decay
60.8,left,0.41456579201,0.236072440766,-0.178493351245,decay
60.81,left,0.414583263399,0.236060927885,-0.178522335513,decay
60.82,left,0.414581951614,0.236049173769,-0.178532777845,decay
60.83,left,0.414561669717,0.236037244957,-0.17852442476,decay
60.84,left,0.414523915146,0.236025211013,-0.178498704132,decay
60.85,left,0.414471819427,0.236013142944,-0.178458676482,decay
60.86,left,0.414409873512,0.236001111727,-0.178408761785,decay
60.87,left,0.414343218777,0.235989187023,-0.178354031753,decay
60.88,left,0.414276710833,0.23597743618,-0.178299274653,decay
60.89,left,0.414214140947,0.235965923372,-0.178248217575,decay
60.9,left,0.414157703972,0.235954708727,-0.178202995246,decay
60.91,left,0.414107782445,0.235943847329,-0.178163935116,decay
60.92,left,0.414063247713,0.235933388068,-0.178129859645,decay
60.93,left,0.414022197889,0.235923372302,-0.178098825587,decay
60.94,left,0.413982849036,0.235913832299,-0.178069016737,decay
60.95,left,0.413944377591,0.235904789429,-0.178039588161,decay
60.96,left,0.41390742054,0.235896252425,-0.178011168115,decay
60.97,left,0.413873940075,0.235888216851,-0.177985723224,decay
60.98,left,0.413846552834,0.235880666625,-0.177965886209,decay
60.99,left,0.413827701806,0.235873576957,-0.177954124849,decay
61,left,0.4138189059,0.235866917564,-0.177951988336,decay
61.01,left,0.413820188815,0.235860655727,-0.177959533089,decay
61.02,left,0.413829909011,0.235854759198,-0.177975149813,decay
61.03,left,0.413845105077,0.235849199017,-0.17799590606,decay
61.04,left,0.413862072749,0.235843952287,-0.178018120462,decay
61.05,left,0.413876920035,0.235839004959,-0.178037915076,decay
61.06,left,0.413886133576,0.235834354267,-0.178051779309,decay
61.07,left,0.413887046169,0.235830009554,-0.178057036615,decay
61.08,left,0.413878035243,0.235825990549,-0.178052044694,decay
61.09,left,0.413858640413,0.235822323786,-0.178036316627,decay
61.1,left,0.413829810115,0.235819038457,-0.178010771658,decay
61.11,left,0.413794126265,0.235816162164,-0.177977964101,decay
61.12,left,0.413755817113,0.235813716556,-0.177942100557,decay
61.13,left,0.413720563724,0.235811712772,-0.177908850953,decay
61.14,left,0.413695037424,0.235810146595,-0.177884890829,decay
61.15,left,0.413686074651,0.235808993274,-0.177877081377,decay
61.16,left,0.413699746632,0.235808202672,-0.177891543961,decay
61.17,left,0.413740711263,0.235807697115,-0.177933014148,decay
61.18,left,0.413811858861,0.235807373735,-0.178004485126,decay
61.19,left,0.413914125066,0.235807109962,-0.178107015104,decay
61.2,left,0.414046563762,0.235806769797,-0.178239793965,decay
61.21,left,0.414206675086,0.235806209933,-0.178400465153,decay
61.22,left,0.414390789124,0.235805285792,-0.178585503332,decay
61.23,left,0.414594517812,0.235803857585,-0.178790660228,decay
61.24,left,0.414813373818,0.235801796548,-0.17901157727,decay
61.25,left,0.415043356572,0.235798991476,-0.179244365096,decay
61.26,left,0.41528125544,0.23579535492,-0.17948590052,decay
61.27,left,0.415524690431,0.235790826771,-0.17973386366,decay
61.28,left,0.415771962123,0.235785373512,-0.179986588612,decay
61.29,left,0.416021673932,0.235778984502,-0.180242689429,decay
61.3,left,0.416272299665,0.23577166775,-0.180500631915,decay
61.31,left,0.41652205857,0.235763446118,-0.180758612453,decay
61.32,left,0.41676904655,0.235754354001,-0.18101469255,decay
61.33,left,0.417011245681,0.235744434417,-0.181266811264,decay
61.34,left,0.417246412677,0.23573373645,-0.181512676227,decay
61.35,left,0.417472082038,0.235722312992,-0.181749769047,decay
61.36,left,0.417685658169,0.23571021878,-0.181975439388,decay
61.37,left,0.417884557579,0.235697508772,-0.182187048807,decay
61.38,left,0.418066512316,0.235684236884,-0.182382275432,decay
61.39,left,0.418229946445,0.235670455031,-0.182559491414,decay
61.4,left,0.418374189212,0.2356562123,-0.182717976912,decay
61.41,left,0.418499502339,0.235641554232,-0.182857948107,decay
61.42,left,0.418606980549,0.235626522144,-0.182980458406,decay
61.43,left,0.418698197886,0.235611152504,-0.183087045382,decay
61.44,left,0.418774591036,0.235595476319,-0.183179114717,decay
61.45,left,0.418836949915,0.235579518516,-0.183257431398,decay
61.46,left,0.418885296785,0.235563297454,-0.18332199933,decay
61.47,left,0.418919072806,0.235546824974,-0.183372247832,decay
61.48,left,0.418937591052,0.235530107317,-0.183407483735,decay
61.49,left,0.418940739889,0.235513146675,-0.183427593214,decay
61.5,left,0.418929573443,0.235495942939,-0.183433630503,decay
61.51,left,0.418906415209,0.235478495492,-0.183427919717,decay
61.52,left,0.418874493728,0.235460805048,-0.183413688679,decay
61.53,left,0.418837229798,0.23544287558,-0.183394354218,decay
61.54,left,0.418797286086,0.235424716357,-0.183372569728,decay
61.55,left,0.418755755339,0.235406344129,-0.18334941121,decay
61.56,left,0.418711915559,0.235387785185,-0.183324130374,decay
61.57,left,0.418663577257,0.235369076423,-0.183294500834,decay
61.58,left,0.418607782663,0.235350264729,-0.183257517934,decay
61.59,left,0.418541704628,0.235331405197,-0.183210299431,decay
61.6,left,0.418463523116,0.235312559064,-0.183150964052,decay
61.61,left,0.418372869588,0.235293791741,-0.183079077847,decay
61.62,left,0.418270712121,0.235275170887,-0.182995541234,decay
61.63,left,0.418158937041,0.235256764512,-0.182902172528,decay
61.64,left,0.418039740196,0.235238639043,-0.182801101153,decay
61.65,left,0.41791487923,0.235220857313,-0.182694021917,decay
61.66,left,0.417785143183,0.235203476576,-0.182581666607,decay
61.67,left,0.417650276398,0.235186546997,-0.182463729401,decay
61.68,left,0.417509147583,0.235170110932,-0.182339036651,decay
61.69,left,0.417359979511,0.235154202707,-0.182205776804,decay
61.7,left,0.417200716399,0.235138848369,-0.18206186803,decay
61.71,left,0.417029473777,0.235124065196,-0.181905408581,decay
61.72,left,0.416844820961,0.235109860919,-0.181734960042,decay
61.73,left,0.416645863041,0.235096232664,-0.181549630378,decay
61.74,left,0.416432229346,0.235083165567,-0.181349063778,decay
61.75,left,0.416203860188,0.235070631069,-0.181133229119,decay
61.76,left,0.415960547656,0.235058585216,-0.18090196244,decay
61.77,left,0.415701556764,0.235046968149,-0.180654588615,decay
61.78,left,0.415425572693,0.235035705647,-0.180389867046,decay
61.79,left,0.415130868131,0.235024712107,-0.180106156024,decay
61.8,left,0.414815646856,0.235013893788,-0.179801753068,decay
61.81,left,0.414478595776,0.235003151917,-0.179475443859,decay
61.82,left,0.414119440961,0.234992385658,-0.179127055303,decay
61.83,left,0.413739294413,0.23498149504,-0.178757799372,decay
61.84,left,0.413340797102,0.234970383896,-0.178370413206,decay
61.85,left,0.412928054404,0.234958962897,-0.177969091506,decay
61.86,left,0.412506277384,0.234947152494,-0.17755912489,decay
61.87,left,0.41208129589,0.234934885014,-0.177146410876,decay
61.88,left,0.411659288489,0.234922105384,-0.176737183105,decay
61.89,left,0.411246647449,0.234908770943,-0.176337876506,decay
61.9,left,0.410849638607,0.234894851213,-0.175954787394,decay
61.91,left,0.410473951542,0.234880327968,-0.175593623575,decay
61.92,left,0.410124429851,0.234865195645,-0.175259234206,decay
61.93,left,0.409804969965,0.234849462112,-0.174955507853,decay
61.94,left,0.409518565233,0.234833149787,-0.174685415446,decay
61.95,left,0.409267591523,0.234816297156,-0.174451294367,decay
61.96,left,0.40905416548,0.234798960232,-0.174255205249,decay
61.97,left,0.408880261548,0.234781212628,-0.174099048921,decay
61.98,left,0.408747597859,0.234763143182,-0.173984454678,decay
61.99,left,0.408657505204,0.234744851869,-0.173912653335,decay
62,left,0.408610785371,0.234726445337,-0.173884340034,decay
62.01,left,0.408607515312,0.234708032546,-0.173899482767,decay
62.02,left,0.40864701623,0.234689720485,-0.173957295745,decay
62.03,left,0.408728112879,0.234671609849,-0.17405650303,decay
62.04,left,0.4088494445,0.234653790597,-0.174195653903,decay
62.05,left,0.409009651178,0.234636337285,-0.174373313892,decay
62.06,left,0.409207435966,0.234619304686,-0.174588131279,decay
62.07,left,0.409441363671,0.234602725436,-0.174838638235,decay
62.08,left,0.409709370035,0.234586611062,-0.175122758973,decay
62.09,left,0.41000831919,0.234570955329,-0.175437363861,decay
62.1,left,0.410333819463,0.234555738055,-0.175778081408,decay
62.11,left,0.410680222251,0.234540928651,-0.1761392936,decay
62.12,left,0.411040886985,0.234526489387,-0.176514397597,decay
62.13,left,0.411408849457,0.234512378447,-0.17689647101,decay
62.14,left,0.411777621898,0.234498552819,-0.177279069079,decay
62.15,left,0.412141706129,0.234484971093,-0.177656735036,decay
62.16,left,0.412496788572,0.234471596045,-0.178025192527,decay
62.17,left,0.412839744443,0.234458396576,-0.178381347866,decay
62.18,left,0.413168425961,0.234445348672,-0.17872307729,decay
62.19,left,0.413481398794,0.234432435681,-0.179048963113,decay
62.2,left,0.41377796838,0.23441964845,-0.17935831993,decay
62.21,left,0.414058423772,0.234406985522,-0.179651438251,decay
62.22,left,0.414324110919,0.234394453417,-0.179929657502,decay
62.23,left,0.414577231165,0.234382067023,-0.180195164142,decay
62.24,left,0.414820472609,0.23436985007,-0.180450622539,decay
62.25,left,0.415056497236,0.234357835717,-0.180698661519,decay
62.26,left,0.415287392081,0.234346066966,-0.180941325115,decay
62.27,left,0.415514306259,0.23433459606,-0.181179710198,decay
62.28,left,0.415737252969,0.234323482199,-0.18141377077,decay
62.29,left,0.415954871194,0.234312788013,-0.181642083181,decay
62.3,left,0.416164272043,0.234302575607,-0.181861696437,decay
62.31,left,0.416361266138,0.23429290246,-0.182068363678,decay
62.32,left,0.416540830027,0.234283817132,-0.182257012895,decay
62.33,left,0.416697518692,0.234275354689,-0.182422164003,decay
62.34,left,0.416825913821,0.234267531774,-0.182558382047,decay
62.35,left,0.416921207008,0.234260341226,-0.182660865782,decay
62.36,left,0.416979726535,0.234253747042,-0.182725979493,decay
62.37,left,0.416999335351,0.234247682337,-0.182751653013,decay
62.38,left,0.41697977763,0.234242052318,-0.182737725313,decay
62.39,left,0.4169228483,0.234236740784,-0.182686107517,decay
62.4,left,0.416832256553,0.234231617452,-0.1826006391,decay
62.41,left,0.416713286117,0.234226545074,-0.182486741043,decay
62.42,left,0.416572286927,0.234221386392,-0.182350900535,decay
62.43,left,0.416415915725,0.234216011095,-0.18219990463,decay
62.44,left,0.416250366545,0.234210302888,-0.182040063657,decay
62.45,left,0.416081057163,0.234204166853,-0.18187689031,decay
62.46,left,0.415912741563,0.234197536325,-0.181715205239,decay
62.47,left,0.415749580704,0.234190376632,-0.181559204072,decay
62.48,left,0.4155950252,0.234182683689,-0.181412341511,decay
62.49,left,0.415451632841,0.234174479009,-0.181277153832,decay
62.5,left,0.415320837671,0.234165803966,-0.181155033705,decay
62.51,left,0.415202859471,0.234156714392,-0.181046145079,decay
62.52,left,0.415097003478,0.234147275524,-0.180949727954,decay
62.53,left,0.415002126789,0.234137557205,-0.180864569583,decay
62.54,left,0.414916910313,0.234127629244,-0.180789281069,decay
62.55,left,0.414840022776,0.234117556842,-0.180722465935,decay
62.56,left,0.414770399139,0.234107396419,-0.180663002719,decay
62.57,left,0.414707488926,0.234097193037,-0.180610295889,decay
62.58,left,0.414651250446,0.234086980326,-0.18056427012,decay
62.59,left,0.414601984551,0.234076782181,-0.18052520237,decay
62.6,left,0.414560098983,0.234066614899,-0.180493484084,decay
62.61,left,0.414525729275,0.234056489244,-0.180469240031,decay
62.62,left,0.414498382756,0.234046412406,-0.180451970351,decay
62.63,left,0.414476883849,0.234036389909,-0.180440493941,decay
62.64,left,0.414459543814,0.234026427467,-0.180433116346,decay
62.65,left,0.414444399937,0.234016532837,-0.1804278671,decay
62.66,left,0.414429601508,0.234006717493,-0.180422884015,decay
62.67,left,0.414413890624,0.233996997545,-0.180416893079,decay
62.68,left,0.41439691379,0.233987393479,-0.180409520311,decay
62.69,left,0.414379296368,0.233977929024,-0.180401367344,decay
62.7,left,0.414362583565,0.233968629778,-0.180393953787,decay
62.71,left,0.414348944456,0.233959521798,-0.180389422658,decay
62.72,left,0.41434049939,0.233950630156,-0.180389869234,decay
62.73,left,0.414338534674,0.233941977435,-0.180396557239,decay
62.74,left,0.414342998313,0.233933582129,-0.180409416183,decay
62.75,left,0.414352368015,0.233925456919,-0.180426911096,decay
62.76,left,0.414363909884,0.233917607006,-0.180446302877,decay
62.77,left,0.414374367351,0.23391002914,-0.18046433821,decay
62.78,left,0.414380790554,0.233902711828,-0.180478078726,decay
62.79,left,0.414381116261,0.233895636341,-0.18048547992,decay
62.8,left,0.414374517017,0.233888777857,-0.180485739161,decay
62.81,left,0.414361654271,0.233882106462,-0.180479547809,decay
62.82,left,0.414344713879,0.233875588026,-0.180469125852,decay
62.83,left,0.41432715999,0.233869184957,-0.180457975033,decay
62.84,left,0.414313390168,0.233862856867,-0.180450533301,decay
62.85,left,0.414308402442,0.233856561162,-0.18045184128,decay
62.86,left,0.414317441633,0.233850253571,-0.180467188062,decay
62.87,left,0.414345708797,0.233843888593,-0.180501820203,decay
62.88,left,0.414398145447,0.233837419862,-0.180560725585,decay
62.89,left,0.414478965996,0.233830800461,-0.180648165535,decay
62.9,left,0.414590780573,0.233823983244,-0.180766797329,decay
62.91,left,0.414733711723,0.233816921179,-0.180916790543,decay
62.92,left,0.414904920533,0.233809567759,-0.181095352774,decay
62.93,left,0.415098610745,0.233801877467,-0.181296733278,decay
62.94,left,0.41530656137,0.23379380634,-0.181512755029,decay
62.95,left,0.415519142081,0.233785312641,-0.18173382944,decay
62.96,left,0.415726402279,0.233776357583,-0.181950044696,decay
62.97,left,0.415918911076,0.2337669059,-0.182152005176,decay
62.98,left,0.41608843127,0.233756926113,-0.182331505158,decay
62.99,left,0.416228481259,0.233746390621,-0.182482090637,decay
63,left,0.41633459979,0.233735275891,-0.182599323899,decay
63.01,left,0.416404342771,0.233723562829,-0.182680779942,decay
63.02,left,0.416437367242,0.233711237382,-0.18272612986,decay
63.03,left,0.416435695153,0.233698291356,-0.182737403797,decay
63.04,left,0.416403892019,0.233684723491,-0.182719168527,decay
63.05,left,0.416348993034,0.233670540798,-0.182678452235,decay
63.06,left,0.416280022209,0.233655759873,-0.182624262336,decay
63.07,left,0.416206893262,0.233640407251,-0.182566486011,decay
63.08,left,0.416138936014,0.23362451809,-0.182514417924,decay
63.09,left,0.416083666245,0.233608133688,-0.182475532557,decay
63.1,left,0.416046078656,0.233591298794,-0.182454779862,decay
63.11,left,0.416028411834,0.233574059059,-0.182454352775,decay
63.12,left,0.416030427094,0.233556458623,-0.18247396847,decay
63.13,left,0.416050149418,0.233538537766,-0.182511611652,decay
63.14,left,0.416084710664,0.233520330602,-0.182564380062,decay
63.15,left,0.416131083522,0.233501862752,-0.182629220771,decay
63.16,left,0.416186844339,0.233483149224,-0.182703695115,decay
63.17,left,0.41625086934,0.233464193324,-0.182786676016,decay
63.18,left,0.416323536949,0.233444987195,-0.182878549754,decay
63.19,left,0.416406322644,0.233425513526,-0.182980809118,decay
63.2,left,0.416501031485,0.233405747566,-0.183095283919,decay
63.21,left,0.416608813848,0.233385659114,-0.183223154734,decay
63.22,left,0.41672913566,0.233365214506,-0.183363921154,decay
63.23,left,0.416859119615,0.233344378623,-0.183514740992,decay
63.24,left,0.416993525117,0.233323116961,-0.183670408156,decay
63.25,left,0.417125288331,0.233301397822,-0.183823890509,decay
63.26,left,0.417246500521,0.233279194467,-0.183967306054,decay
63.27,left,0.417349642916,0.233256486758,-0.184093156158,decay
63.28,left,0.417428628493,0.233233261886,-0.184195366606,decay
63.29,left,0.417479282769,0.233209514539,-0.18426976823,decay
63.3,left,0.417499386834,0.233185247056,-0.184314139778,decay
63.31,left,0.417488518424,0.23316046982,-0.184328048604,decay
63.32,left,0.417447627645,0.233135201906,-0.184312425739,decay
63.33,left,0.417378361243,0.233109471995,-0.184268889248,decay
63.34,left,0.417282422973,0.233083319562,-0.184199103411,decay
63.35,left,0.417161076599,0.233056796352,-0.184104280247,decay
63.36,left,0.417014742302,0.233029967809,-0.183984774493,decay
63.37,left,0.416842902178,0.233002913388,-0.18383998879,decay
63.38,left,0.416644488789,0.232975724932,-0.183668763858,decay
63.39,left,0.416418502622,0.232948503683,-0.183469998939,decay
63.4,left,0.416164605111,0.232921356974,-0.183243248137,decay
63.41,left,0.415883720257,0.232894394986,-0.182989325271,decay
63.42,left,0.415578554911,0.232867727534,-0.182710827376,decay
63.43,left,0.415253753118,0.232841460797,-0.182412292321,decay
63.44,left,0.414915686266,0.232815693916,-0.182099992351,decay
63.45,left,0.414572073529,0.232790515388,-0.181781558141,decay
63.46,left,0.414231343075,0.232765999558,-0.181465343518,decay
63.47,left,0.413901701573,0.232742204399,-0.181159497174,decay
63.48,left,0.413590310649,0.232719171458,-0.180871139191,decay
63.49,left,0.413302833229,0.232696927231,-0.180605905998,decay
63.5,left,0.413043214993,0.2326754847,-0.180367730293,decay
63.51,left,0.412813628756,0.232654844499,-0.180158784257,decay
63.52,left,0.412614609192,0.232634995675,-0.179979613517,decay
63.53,left,0.412445271188,0.232615916082,-0.179829355106,decay
63.54,left,0.412303533241,0.232597572381,-0.17970596086,decay
63.55,left,0.412186431547,0.232579919683,-0.179606511863,decay
63.56,left,0.412090524416,0.232562901069,-0.179527623348,decay
63.57,left,0.412012174698,0.232546447775,-0.179465726922,decay
63.58,left,0.411947648222,0.232530480654,-0.179417167568,decay
63.59,left,0.411893235563,0.232514912488,-0.179378323075,decay
63.6,left,0.411845426298,0.232499650423,-0.179345775874,decay
63.61,left,0.411800969752,0.232484598241,-0.179316371511,decay
63.62,left,0.411756882585,0.232469658494,-0.179287224091,decay
63.63,left,0.41171052704,0.232454734577,-0.179255792463,decay
63.64,left,0.411659665299,0.232439732778,-0.179219932521,decay
63.65,left,0.41160250608,0.232424564373,-0.179177941707,decay
63.66,left,0.411537926189,0.232409147649,-0.179128778541,decay
63.67,left,0.411465780274,0.232393409375,-0.179072370899,decay
63.68,left,0.411387025965,0.232377285382,-0.179009740582,decay
63.69,left,0.411303634248,0.232360720562,-0.178942913686,decay
63.7,left,0.411218441404,0.232343668864,-0.178874772539,decay
63.71,left,0.411134939682,0.232326093528,-0.178808846154,decay
63.72,left,0.411056912003,0.232307967586,-0.178748944417,decay
63.73,left,0.410988029841,0.232289274646,-0.178698755195,decay
63.74,left,0.410931547472,0.232270009987,-0.178661537484,decay
63.75,left,0.410890019508,0.232250181979,-0.178639837529,decay
63.76,left,0.410865097922,0.232229813532,-0.178635284389,decay
63.77,left,0.410857606583,0.232208942631,-0.178648663952,decay
63.78,left,0.410867826786,0.232187621198,-0.178680205588,decay
63.79,left,0.410895816644,0.232165912838,-0.178729903805,decay
63.8,left,0.410941740066,0.232143890425,-0.178797849641,decay
63.81,left,0.411006026151,0.232121633888,-0.178884392263,decay
63.82,left,0.411089115692,0.232099228202,-0.17898988749,decay
63.83,left,0.411191068644,0.232076761504,-0.179114307141,decay
63.84,left,0.411311585131,0.232054323303,-0.179257261828,decay
63.85,left,0.411450501718,0.232032002728,-0.179418498991,decay
63.86,left,0.411608326142,0.232009886857,-0.179598439285,decay
63.87,left,0.41178644735,0.2319880594,-0.17979838795,decay
63.88,left,0.411986886539,0.231966599914,-0.180020286625,decay
63.89,left,0.412211579049,0.231945583345,-0.180265995704,decay
63.9,left,0.412461541021,0.231925079555,-0.180536461466,decay
63.91,left,0.412736486544,0.231905152659,-0.180831333885,decay
63.92,left,0.413034929932,0.231885860147,-0.181149069785,decay
63.93,left,0.413354373995,0.231867251761,-0.181487122234,decay
63.94,left,0.413691455955,0.231849368079,-0.181842087876,decay
63.95,left,0.414042062719,0.231832238793,-0.182209823926,decay
63.96,left,0.414401274818,0.231815881003,-0.182585393815,decay
63.97,left,0.414763206432,0.231800298669,-0.182962907763,decay
63.98,left,0.415121079655,0.231785484079,-0.183335595576,decay
63.99,left,0.415467623407,0.231771420697,-0.183696202709,decay
64,left,0.415795550446,0.231758086221,-0.184037464225,decay
64.01,left,0.416098034054,0.231745455393,-0.184352578661,decay
64.02,left,0.416369249328,0.231733502594,-0.184635746735,decay
64.03,left,0.416604705536,0.231722204242,-0.184882501295,decay
64.04,left,0.416801112887,0.231711541063,-0.185089571824,decay
64.05,left,0.41695603732,0.23170150026,-0.18525453706,decay
64.06,left,0.41706764591,0.231692077366,-0.185375568544,decay
64.07,left,0.417134592156,0.231683277051,-0.185451315104,decay
64.08,left,0.417156142211,0.231675112278,-0.185481029933,decay
64.09,left,0.417132588286,0.231667602262,-0.185464986023,decay
64.1,left,0.417065657456,0.231660770008,-0.185404887448,decay
64.11,left,0.416958615053,0.231654639705,-0.185303975348,decay
64.12,left,0.416816128188,0.231649233983,-0.185166894205,decay
64.13,left,0.416644056139,0.231644570953,-0.184999485185,decay
64.14,left,0.416449128016,0.231640661006,-0.18480846701,decay
64.15,left,0.41623855089,0.231637503294,-0.184601047596,decay
64.16,left,0.416019768723,0.231635082341,-0.184384686382,decay
64.17,left,0.415800305051,0.23163336623,-0.18416693882,decay
64.18,left,0.415587424654,0.231632307507,-0.183955117147,decay
64.19,left,0.415387659643,0.231631845918,-0.183755813724,decay
64.2,left,0.415206386716,0.23163191151,-0.183574475206,decay
64.21,left,0.415047470664,0.23163242746,-0.183415043204,decay
64.22,left,0.41491306957,0.231633312679,-0.183279756891,decay
64.23,left,0.414803787834,0.231634484224,-0.183169303609,decay
64.24,left,0.414719038461,0.2316358596,-0.18308317886,decay
64.25,left,0.414657345123,0.231637358985,-0.183019986138,decay
64.26,left,0.414616632802,0.231638907285,-0.182977725517,decay
64.27,left,0.414594596814,0.231640435552,-0.182954161262,decay
64.28,left,0.414588966383,0.23164188141,-0.182947084973,decay
64.29,left,0.414597556303,0.231643188817,-0.182954367486,decay
64.3,left,0.414618292413,0.231644307709,-0.182973984704,decay
64.31,left,0.414649241095,0.23164519375,-0.183004047345,decay
64.32,left,0.414688421413,0.231645808224,-0.183042613189,decay
64.33,left,0.414733502758,0.231646118075,-0.183087384683,decay
64.34,left,0.414781743592,0.231646096097,-0.183135647495,decay
64.35,left,0.414830182656,0.231645721304,-0.183184461352,decay
64.36,left,0.414875922465,0.231644979288,-0.183230943177,decay
64.37,left,0.414916519085,0.231643862016,-0.183272657069,decay
64.38,left,0.41495037391,0.23164236663,-0.183308007279,decay
64.39,left,0.414976876706,0.231640493566,-0.18333638314,decay
64.4,left,0.414996308475,0.231638244547,-0.183358063928,decay
64.41,left,0.415009657803,0.231635620676,-0.183374037127,decay
64.42,left,0.415018312636,0.231632620615,-0.18338569202,decay
64.43,left,0.415023628206,0.231629238814,-0.183394389392,decay
64.44,left,0.415026677046,0.23162546377,-0.183401213276,decay
64.45,left,0.415028366972,0.231621276298,-0.183407090674,decay
64.46,left,0.415029638963,0.231616648047,-0.183412990917,decay
64.47,left,0.415031458167,0.23161154115,-0.183419917017,decay
64.48,left,0.415034603509,0.231605909669,-0.18342869384,decay
64.49,left,0.415039243547,0.231599702341,-0.183439541205,decay
64.5,left,0.415044399966,0.231592865798,-0.183451534167,decay
64.51,left,0.415047743723,0.231585347919,-0.183462395805,decay
64.52,left,0.415045978359,0.231577101362,-0.183468876997,decay
64.53,left,0.415035559613,0.231568087353,-0.18346747226,decay
64.54,left,0.415013473877,0.231558279776,-0.183455194101,decay
64.55,left,0.41497794525,0.231547669671,-0.183430275579,decay
64.56,left,0.414928793472,0.231536269467,-0.183392524005,decay
64.57,left,0.414867194241,0.231524114765,-0.183343079475,decay
64.58,left,0.414795078115,0.231511261999,-0.183283816116,decay
64.59,left,0.414714635172,0.231497783217,-0.183216851956,decay
64.6,left,0.414628034132,0.231483760232,-0.183144273899,decay
64.61,left,0.414537301246,0.231469279013,-0.183068022234,decay
64.62,left,0.414444502793,0.231454424261,-0.182990078532,decay
64.63,left,0.414352157459,0.2314392741,-0.182912883359,decay
64.64,left,0.414263463267,0.231423894742,-0.182839568526,decay
64.65,left,0.414182204472,0.231408335049,-0.182773869423,decay
64.66,left,0.414112485369,0.23139262157,-0.182719863799,decay
64.67,left,0.414058250771,0.231376756127,-0.182681494643,decay
64.68,left,0.414022572824,0.231360717535,-0.182661855289,decay
64.69,left,0.414006987482,0.231344466233,-0.18266252125,decay
64.7,left,0.414011118066,0.231327949677,-0.182683168389,decay
64.71,left,0.414032538661,0.231311107664,-0.182721430997,decay
64.72,left,0.414066878185,0.231293877592,-0.182773000593,decay
64.73,left,0.414108258113,0.231276199772,-0.182832058342,decay
64.74,left,0.414149849461,0.231258022878,-0.182891826583,decay
64.75,left,0.414184255017,0.231239309647,-0.18294494537,decay
64.76,left,0.414203829893,0.231220042291,-0.182983787603,decay
64.77,left,0.41420114627,0.231200225728,-0.183000920542,decay
64.78,left,0.414169509188,0.231179887237,-0.182989621951,decay
64.79,left,0.41410341343,0.231159073619,-0.182944339811,decay
64.8,left,0.413998959146,0.231137847892,-0.182861111254,decay
64.81,left,0.41385408203,0.231116286287,-0.182737795742,decay
64.82,left,0.413668432938,0.231094475554,-0.182573957384,decay
64.83,left,0.41344307237,0.231072510521,-0.182370561848,decay
64.84,left,0.41318021498,0.231050491843,-0.182129723137,decay
64.85,left,0.412882999374,0.231028523879,-0.181854475494,decay
64.86,left,0.412555264343,0.231006712671,-0.181548551672,decay
64.87,left,0.412201537914,0.230985164031,-0.181216373883,decay
64.88,left,0.41182725853,0.23096398175,-0.180863276779,decay
64.89,left,0.411438894247,0.230943265821,-0.180495628426,decay
64.9,left,0.411043802452,0.230923110545,-0.180120691907,decay
64.91,left,0.410649934511,0.230903602435,-0.179746332075,decay
64.92,left,0.410265346669,0.230884817856,-0.179380528813,decay
64.93,left,0.409897507482,0.230866820338,-0.179030687145,decay
64.94,left,0.409552681415,0.230849657508,-0.178703023907,decay
64.95,left,0.40923557891,0.230833357574,-0.178402221336,decay
64.96,left,0.408949210233,0.230817925893,-0.178131284341,decay
64.97,left,0.408694957159,0.230803343416,-0.177891613743,decay
64.98,left,0.408472900907,0.230789568416,-0.177683332491,decay
64.99,left,0.408282182933,0.23077654042,-0.177505642513,decay
65,left,0.408121173092,0.230764184525,-0.177356988568,decay
65.01,left,0.407987629452,0.230752415357,-0.177235214095,decay
65.02,left,0.407879083828,0.230741140704,-0.177137943124,decay
65.03,left,0.407793266586,0.230730264879,-0.177063001707,decay
65.04,left,0.407728422948,0.230719691921,-0.177008731027,decay
65.05,left,0.407683678515,0.230709328677,-0.176974349837,decay
65.06,left,0.40765935194,0.230699087658,-0.176960264282,decay
65.07,left,0.40765689222,0.230688889079,-0.176968003141,decay
65.08,left,0.407678462925,0.230678661679,-0.176999801247,decay
65.09,left,0.407726347858,0.230668342698,-0.17705800516,decay
65.1,left,0.407802185786,0.230657877712,-0.177144308074,decay
65.11,left,0.407906159115,0.230647220583,-0.177258938533,decay
65.12,left,0.408036427608,0.230636333592,-0.177400094016,decay
65.13,left,0.40818890934,0.230625187746,-0.177563721594,decay
65.14,left,0.408357359099,0.230613763278,-0.177743595821,decay
65.15,left,0.408533889859,0.230602050365,-0.177931839495,decay
65.16,left,0.408710064166,0.230590049849,-0.178120014317,decay
65.17,left,0.408878194244,0.230577773329,-0.178300420915,decay
65.18,left,0.409032352659,0.230565242102,-0.178467110557,decay
65.19,left,0.409168924115,0.230552485329,-0.178616438786,decay
65.2,left,0.409286591578,0.230539538085,-0.178747053492,decay
65.21,left,0.409385690088,0.230526439528,-0.17885925056,decay
65.22,left,0.409467275395,0.23051323118,-0.178954044216,decay
65.23,left,0.409532398803,0.230499955289,-0.179032443514,decay
65.24,left,0.409581714074,0.23048665323,-0.179095060844,decay
65.25,left,0.409615371857,0.230473363899,-0.179142007958,decay
65.26,left,0.409633252514,0.230460122264,-0.17917313025,decay
65.27,left,0.409635365387,0.230446958555,-0.179188406833,decay
65.28,left,0.409622005378,0.230433898504,-0.179188106874,decay
65.29,left,0.409593666358,0.230420964301,-0.179172702057,decay
65.3,left,0.409551140098,0.230408175726,-0.179142964372,decay
65.31,left,0.409495910412,0.230395551225,-0.179100359187,decay
65.32,left,0.409430608585,0.230383108935,-0.17904749965,decay
65.33,left,0.409359449152,0.230370867658,-0.178988581494,decay
65.34,left,0.409288520526,0.230358847801,-0.178929672726,decay
65.35,left,0.409225565374,0.230347072291,-0.178878493084,decay
65.36,left,0.409179166704,0.230335567349,-0.178843599355,decay
65.37,left,0.409157664319,0.230324362743,-0.178833301575,decay
65.38,left,0.409168010598,0.230313491218,-0.178854519379,decay
65.39,left,0.409214691763,0.230302987321,-0.178911704442,decay
65.4,left,0.409299099648,0.230292885988,-0.179006213659,decay
65.41,left,0.409419664789,0.230283221029,-0.17913644376,decay
65.42,left,0.409572579952,0.230274023496,-0.179298556456,decay
65.43,left,0.409752742607,0.230265319897,-0.17948742271,decay
65.44,left,0.409954733203,0.230257130219,-0.179697602983,decay
65.45,left,0.410173655774,0.230249465729,-0.179924190045,decay
65.46,left,0.410405554117,0.230242326844,-0.180163227274,decay
65.47,left,0.410647390863,0.230235702106,-0.180411688757,decay
65.48,left,0.410896818321,0.230229569044,-0.180667249277,decay
65.49,left,0.411151758746,0.230223896329,-0.180927862417,decay
65.5,left,0.411409790896,0.230218646156,-0.18119114474,decay
65.51,left,0.411667649767,0.230213776449,-0.181453873318,decay
65.52,left,0.411921098456,0.230209242893,-0.181711855563,decay
65.53,left,0.412165144637,0.230205000833,-0.181960143803,decay
65.54,left,0.41239457101,0.230201007086,-0.182193563924,decay
65.55,left,0.412604742538,0.230197221697,-0.182407520841,decay
65.56,left,0.412792388502,0.230193609487,-0.182598779015,decay
65.57,left,0.412956051031,0.230190140775,-0.182765910256,decay
65.58,left,0.413096284071,0.230186790833,-0.182909493239,decay
65.59,left,0.413215697006,0.230183538426,-0.183032158581,decay
65.6,left,0.413318553811,0.23018036408,-0.183138189731,decay
65.61,left,0.413409824191,0.230177248335,-0.183232575856,decay
65.62,left,0.413494106662,0.230174169972,-0.18331993669,decay
65.63,left,0.413574823719,0.230171104206,-0.183403719513,decay
65.64,left,0.41365385667,0.230168020806,-0.183485835863,decay
65.65,left,0.413731739321,0.230164882128,-0.183566857192,decay
65.66,left,0.413808258029,0.230161641305,-0.183646616724,decay
65.67,left,0.413882987584,0.230158241391,-0.183724746193,decay
65.68,left,0.413955511022,0.230154616087,-0.183800894935,decay
65.69,left,0.41402544106,0.230150691598,-0.183874749461,decay
65.7,left,0.41409234307,0.230146388815,-0.183945954255,decay
65.71,left,0.414155573103,0.230141625511,-0.184013947592,decay
65.72,left,0.41421419238,0.23013631859,-0.18407787379,decay
65.73,left,0.414267103351,0.230130386434,-0.184136716917,decay
65.74,left,0.414313228301,0.230123751414,-0.184189476888,decay
65.75,left,0.414351563894,0.230116342617,-0.184235221277,decay
65.76,left,0.4143812737,0.23010809853,-0.18427317517,decay
65.77,left,0.414401887734,0.230098968706,-0.184302919028,decay
65.78,left,0.414413416301,0.230088913699,-0.184324502603,decay
65.79,left,0.414416365461,0.230077903847,-0.184338461615,decay
65.8,left,0.414411791842,0.230065917974,-0.184345873868,decay
65.81,left,0.414401306858,0.230052942425,-0.184348364434,decay
65.82,left,0.414386959904,0.230038970463,-0.184347989442,decay
65.83,left,0.414371182607,0.230024002031,-0.184347180576,decay
65.84,left,0.414356810301,0.230008043866,-0.184348766434,decay
65.85,left,0.414346928821,0.229991109971,-0.18435581885,decay
65.86,left,0.414344490822,0.229973222231,-0.184371268591,decay
65.87,left,0.414351870338,0.229954410501,-0.184397459837,decay
65.88,left,0.414370359542,0.229934711653,-0.184435647889,decay
65.89,left,0.414399593296,0.229914167941,-0.184485425355,decay
65.9,left,0.414437237368,0.229892825359,-0.184544412009,decay
65.91,left,0.414479251489,0.229870732246,-0.184608519243,decay
65.92,left,0.41452056228,0.229847938135,-0.184672624144,decay
65.93,left,0.414555891413,0.2298244928,-0.184731398612,decay
65.94,left,0.414580671428,0.229800445489,-0.184780225939,decay
65.95,left,0.414591795782,0.229775844313,-0.184815951469,decay
65.96,left,0.414587841582,0.229750735822,-0.184837105759,decay
65.97,left,0.414568778089,0.229725164937,-0.184843613152,decay
65.98,left,0.414535420078,0.229699175343,-0.184836244736,decay
65.99,left,0.414488766667,0.229672810251,-0.184815956415,decay
66,left,0.414429349569,0.229646113343,-0.184783236227,decay
66.01,left,0.414356828972,0.229619129816,-0.184737699157,decay
66.02,left,0.414269927044,0.229591907543,-0.184678019501,decay
66.03,left,0.414166548934,0.229564498345,-0.184602050588,decay
66.04,left,0.414044070047,0.229536959381,-0.184507110665,decay
66.05,left,0.413899920494,0.229509354676,-0.184390565817,decay
66.06,left,0.413732339058,0.229481756526,-0.184250582532,decay
66.07,left,0.413541031262,0.229454245985,-0.184086785277,decay
66.08,left,0.413327666269,0.229426911819,-0.18390075445,decay
66.09,left,0.413096129837,0.229399848342,-0.183696281495,decay
66.1,left,0.412852343776,0.229373152929,-0.183479190846,decay
66.11,left,0.41260371538,0.229346923473,-0.183256791906,decay
66.12,left,0.412358496332,0.229321255762,-0.18303724057,decay
66.13,left,0.412125106401,0.229296240702,-0.182828865699,decay
66.14,left,0.411911330191,0.229271961325,-0.182639368865,decay
66.15,left,0.41172356234,0.22924848951,-0.18247507283,decay
66.16,left,0.411566318462,0.229225882737,-0.182340435725,decay
66.17,left,0.411441949829,0.229204182073,-0.182237767756,decay
66.18,left,0.411350594215,0.229183412274,-0.182167181941,decay
66.19,left,0.411290560479,0.229163583278,-0.182126977201,decay
66.2,left,0.41125898615,0.22914469181,-0.182114294339,decay
66.21,left,0.411252345771,0.229126722592,-0.182125623178,decay
66.22,left,0.411266710471,0.229109649121,-0.18215706135,decay
66.23,left,0.411297921754,0.229093434043,-0.182204487711,decay
66.24,left,0.411341747604,0.229078029129,-0.182263718475,decay
66.25,left,0.411394120964,0.229063374863,-0.182330746101,decay
66.26,left,0.411451564907,0.22904939995,-0.182402164957,decay
66.27,left,0.41151154011,0.229036021701,-0.182475518409,decay
66.28,left,0.411572331825,0.229023148017,-0.182549183808,decay
66.29,left,0.411632609827,0.229010680493,-0.182621929334,decay
66.3,left,0.411691128792,0.228998517736,-0.182692611056,decay
66.31,left,0.411746634974,0.228986558559,-0.182760076415,decay
66.32,left,0.411797714668,0.228974705114,-0.182823009554,decay
66.33,left,0.411842550204,0.228962866017,-0.182879684187,decay
66.34,left,0.411878664832,0.22895095955,-0.182927705282,decay
66.35,left,0.411902708531,0.228938917014,-0.182963791517,decay
66.36,left,0.411910559938,0.228926685894,-0.182983874044,decay
66.37,left,0.411897960459,0.228914231624,-0.182983728835,decay
66.38,left,0.411861419473,0.228901537037,-0.182959882436,decay
66.39,left,0.411799022681,0.228888600237,-0.182910422444,decay
66.4,left,0.411711060676,0.228875432168,-0.182835628509,decay
66.41,left,0.411600406192,0.228862054411,-0.182738351781,decay
66.42,left,0.411472394283,0.228848497201,-0.182623897082,decay
66.43,left,0.411334214527,0.228834797638,-0.18249941689,decay
66.44,left,0.411194213951,0.228820998042,-0.182373215909,decay
66.45,left,0.411061264655,0.228807144443,-0.182254120213,decay
66.46,left,0.410944023144,0.228793285196,-0.182150737948,decay
66.47,left,0.410850175694,0.228779469924,-0.18207070577,decay
66.48,left,0.410785869303,0.228765748878,-0.182020120425,decay
66.49,left,0.410755244118,0.228752172588,-0.18200307153,decay
66.5,left,0.410760087737,0.228738791595,-0.182021296142,decay
66.51,left,0.410799903278,0.228725656139,-0.182074247139,decay
66.52,left,0.410872476747,0.228712815811,-0.182159660936,decay
66.53,left,0.410974742061,0.228700319116,-0.182274422944,decay
66.54,left,0.411103761921,0.228688212956,-0.182415548965,decay
66.55,left,0.411257565723,0.228676541997,-0.182581023726,decay
66.56,left,0.411435413711,0.228665347949,-0.182770065763,decay
66.57,left,0.41163738379,0.228654668898,-0.182982714892,decay
66.58,left,0.411863736953,0.22864453877,-0.183219198183,decay
66.59,left,0.412114431673,0.228634986828,-0.183479444846,decay
66.6,left,0.41238874443,0.228626037033,-0.183762707397,decay
66.61,left,0.412685013795,0.228617707175,-0.18406730662,decay
66.62,left,0.413000656384,0.228610007764,-0.18439064862,decay
66.63,left,0.41333235584,0.228602940635,-0.184729415205,decay
66.64,left,0.41367626174,0.228596497278,-0.185079764462,decay
66.65,left,0.414028266719,0.228590656826,-0.185437609893,decay
66.66,left,0.414384323297,0.228585384072,-0.185798939225,decay
66.67,left,0.414740551869,0.228580628604,-0.186159923266,decay
66.68,left,0.415093125024,0.228576325927,-0.186516799097,decay
66.69,left,0.415438099978,0.228572399938,-0.186865700039,decay
66.7,left,0.415771223769,0.228568765632,-0.187202458137,decay
66.71,left,0.416087785227,0.228565331617,-0.18752245361,decay
66.72,left,0.416382805015,0.228562002452,-0.187820802563,decay
66.73,left,0.416651611855,0.228558680878,-0.188092930978,decay
66.74,left,0.416890373429,0.228555269978,-0.188335103451,decay
66.75,left,0.417096307697,0.228551675362,-0.188544632335,decay
66.76,left,0.417267766195,0.228547807223,-0.188719958972,decay
66.77,left,0.41740427618,0.228543581832,-0.188860694348,decay
66.78,left,0.417506425643,0.228538922086,-0.188967503557,decay
66.79,left,0.417575689007,0.228533757472,-0.189041931535,decay
66.8,left,0.417614328114,0.228528023987,-0.189086304127,decay
66.81,left,0.417625284646,0.228521664279,-0.189103620367,decay
66.82,left,0.417612067564,0.228514628026,-0.189097439538,decay
66.83,left,0.417578811544,0.228506872591,-0.189071938953,decay
66.84,left,0.417530447911,0.228498363968,-0.189032083943,decay
66.85,left,0.417472670811,0.22848907804,-0.188983592772,decay
66.86,left,0.417411670513,0.228479001907,-0.188932668606,decay
66.87,left,0.417353952974,0.228468134453,-0.18888581852,decay
66.88,left,0.417306291009,0.228456485499,-0.18884980551,decay
66.89,left,0.417275553034,0.228444074039,-0.188831478995,decay
66.9,left,0.417268343519,0.228430926418,-0.188837417101,decay
66.91,left,0.417290494572,0.228417074783,-0.18887341979,decay
66.92,left,0.417346431174,0.228402555811,-0.188943875363,decay
66.93,left,0.417438647266,0.22838740969,-0.189051237576,decay
66.94,left,0.417567537888,0.22837167932,-0.189195858568,decay
66.95,left,0.41773149339,0.228355409711,-0.189376083679,decay
66.96,left,0.417927096158,0.228338647547,-0.189588448611,decay
66.97,left,0.418149476061,0.228321440807,-0.189828035254,decay
66.98,left,0.418392778378,0.228303838388,-0.190088939991,decay
66.99,left,0.418650430988,0.228285889733,-0.190364541255,decay
67,left,0.418915160903,0.22826764455,-0.190647516352,decay
67.01,left,0.419179124879,0.228249152605,-0.190929972274,decay
67.02,left,0.419434236999,0.228230463598,-0.191203773401,decay
67.03,left,0.419672428234,0.228211627098,-0.191460801137,decay
67.04,left,0.41988584123,0.228192692525,-0.191693148705,decay
67.05,left,0.4200670824,0.228173709172,-0.191893373228,decay
67.06,left,0.420209414448,0.228154726212,-0.192054688236,decay
67.07,left,0.420306853206,0.228135792618,-0.192171060588,decay
67.08,left,0.420354315407,0.228116956896,-0.192237358511,decay
67.09,left,0.420347768559,0.22809826668,-0.192249501879,decay
67.1,left,0.420284254891,0.228079768249,-0.192204486643,decay
67.11,left,0.420161957539,0.228061505977,-0.192100451562,decay
67.12,left,0.419980474624,0.228043521717,-0.191936952907,decay
67.13,left,0.419741118731,0.228025854072,-0.19171526466,decay
67.14,left,0.419447085692,0.228008537551,-0.191438548141,decay
67.15,left,0.419103623745,0.227991601587,-0.191112022158,decay
67.16,left,0.418718172738,0.227975069517,-0.190743103221,decay
67.17,left,0.418300146567,0.227958957975,-0.190341188592,decay
67.18,left,0.417860321334,0.227943276997,-0.189917044337,decay
67.19,left,0.417410106899,0.227928030593,-0.189482076307,decay
67.2,left,0.416960757833,0.227913217321,-0.189047540512,decay
67.21,left,0.416522505535,0.227898830686,-0.188623674849,decay
67.22,left,0.416103820297,0.227884859343,-0.188218960953,decay
67.23,left,0.415710926616,0.227871287125,-0.187839639492,decay
67.24,left,0.415347550286,0.22785809288,-0.187489457406,decay
67.25,left,0.41501502336,0.22784525014,-0.187169773221,decay
67.26,left,0.41471279747,0.227832726718,-0.186880070752,decay
67.27,left,0.414439057239,0.2278204846,-0.186618572638,decay
67.28,left,0.414191145162,0.2278084804,-0.186382664762,decay
67.29,left,0.413965942632,0.227796666193,-0.186169276439,decay
67.3,left,0.413760436155,0.22778499039,-0.185975445765,decay
67.31,left,0.413572264878,0.227773398507,-0.185798866371,decay
67.32,left,0.41339996916,0.227761833864,-0.185638135296,decay
67.33,left,0.413243032459,0.227750238225,-0.185492794234,decay
67.34,left,0.41310185804,0.227738552403,-0.185363305637,decay
67.35,left,0.41297772412,0.227726716864,-0.185251007257,decay
67.36,left,0.412872842485,0.22771467235,-0.185158170135,decay
67.37,left,0.412790477278,0.227702360567,-0.18508811671,decay
67.38,left,0.412734794646,0.227689724983,-0.185045069664,decay
67.39,left,0.412710314242,0.227676711734,-0.185033602508,decay
67.4,left,0.412721198655,0.227663270682,-0.185057927972,decay
67.41,left,0.412770552766,0.227649356607,-0.185121196159,decay
67.42,left,0.412859779456,0.227634930597,-0.185224848859,decay
67.43,left,0.412988241113,0.227619961654,-0.185368279459,decay
67.44,left,0.413153502166,0.22760442855,-0.185549073615,decay
67.45,left,0.413351978122,0.227588321979,-0.185763656143,decay
67.46,left,0.413579566009,0.22757164672,-0.186007919289,decay
67.47,left,0.413832071017,0.227554422881,-0.186277648136,decay
67.48,left,0.414105349331,0.227536685507,-0.186568663824,decay
67.49,left,0.414395097306,0.227518483096,-0.186876614211,decay
67.5,left,0.414696556821,0.227499876001,-0.187196680819,decay
67.51,left,0.415004522395,0.227480935113,-0.187523587282,decay
67.52,left,0.415313639677,0.227461740792,-0.187851898885,decay
67.53,left,0.415618819907,0.227442382052,-0.188176437855,decay
67.54,left,0.415915772393,0.227422955933,-0.18849281646,decay
67.55,left,0.416201550565,0.227403567045,-0.18879798352,decay
67.56,left,0.416474767249,0.227384327048,-0.189090440201,decay
67.57,left,0.416735339948,0.227365353425,-0.189369986523,decay
67.58,left,0.416984008215,0.227346767022,-0.189637241193,decay
67.59,left,0.417221817442,0.227328688655,-0.189893128787,decay
67.6,left,0.417449607533,0.227311235326,-0.190138372207,decay
67.61,left,0.417667667856,0.227294516238,-0.190373151618,decay
67.62,left,0.417875605474,0.227278628521,-0.190596976953,decay
67.63,left,0.418072187512,0.227263652584,-0.190808534928,decay
67.64,left,0.418255152342,0.227249647002,-0.19100550534,decay
67.65,left,0.418421323413,0.227236642821,-0.191184680593,decay
67.66,left,0.418567101216,0.227224638107,-0.191342463109,decay
67.67,left,0.418689061075,0.227213595537,-0.191475465538,decay
67.68,left,0.418784485679,0.227203445118,-0.191581040561,decay
67.69,left,0.418851742128,0.227194090477,-0.191657651651,decay
67.7,left,0.418890305314,0.227185415842,-0.191704889473,decay
67.71,left,0.418900460607,0.227177292618,-0.191723167989,decay
67.72,left,0.418883052861,0.227169585589,-0.191713467271,decay
67.73,left,0.41883934504,0.227162158883,-0.191677186157,decay
67.74,left,0.418770650438,0.227154881811,-0.191615768627,decay
67.75,left,0.418677793832,0.22714763473,-0.191530159102,decay
67.76,left,0.418560846253,0.227140314455,-0.191420531798,decay
67.77,left,0.418419210926,0.227132837554,-0.191286373373,decay
67.78,left,0.418251859811,0.227125140253,-0.191126719559,decay
67.79,left,0.41805769537,0.227117175993,-0.190940519376,decay
67.8,left,0.417835958675,0.227108912487,-0.190727046188,decay
67.81,left,0.417586441866,0.227100328991,-0.190486112875,decay
67.82,left,0.417309517271,0.227091413851,-0.19021810342,decay
67.83,left,0.417006182664,0.227082162255,-0.189924020409,decay
67.84,left,0.416678064774,0.227072574193,-0.189605490581,decay
67.85,left,0.416327263794,0.227062652565,-0.189264611229,decay
67.86,left,0.415956278896,0.227052401571,-0.188903877325,decay
67.87,left,0.415568293932,0.227041825799,-0.188526468133,decay
67.88,left,0.415167654567,0.227030930332,-0.188136724235,decay
67.89,left,0.41476021294,0.227019721627,-0.187740491314,decay
67.9,left,0.414353412524,0.227008208694,-0.187345203829,decay
67.91,left,0.413955960897,0.226996404425,-0.186959556472,decay
67.92,left,0.413577004406,0.226984327044,-0.186592677362,decay
67.93,left,0.413225131827,0.22697200173,-0.186253130097,decay
67.94,left,0.412907630853,0.226959462408,-0.185948168445,decay
67.95,left,0.412630080048,0.226946753744,-0.185683326304,decay
67.96,left,0.412396241698,0.226933933001,-0.185462308697,decay
67.97,left,0.412208328508,0.226921070629,-0.185287257879,decay
67.98,left,0.412067527463,0.226908248745,-0.185159278718,decay
67.99,left,0.411974399397,0.226895558106,-0.185078841291,decay
68,left,0.411928973014,0.226883094672,-0.185045878343,decay
68.01,left,0.4119306693,0.226870956189,-0.18505971311,decay
68.02,left,0.411978116558,0.226859238735,-0.185118877823,decay
68.03,left,0.412068908912,0.226848033158,-0.185220875753,decay
68.04,left,0.412199609085,0.226837421331,-0.185362187754,decay
68.05,left,0.412366110241,0.226827472129,-0.185538638112,decay
68.06,left,0.412564062065,0.226818237569,-0.185745824496,decay
68.07,left,0.412789184517,0.226809750582,-0.185979433935,decay
68.08,left,0.413037507483,0.226802025581,-0.186235481902,decay
68.09,left,0.413305406581,0.226795060902,-0.186510345679,decay
68.1,left,0.413589345991,0.22678884153,-0.186800504461,decay
68.11,left,0.413885614825,0.226783341488,-0.187102273337,decay
68.12,left,0.414190311259,0.226778525855,-0.187411785405,decay
68.13,left,0.414499463919,0.226774352467,-0.187725111452,decay
68.14,left,0.414809217348,0.226770773336,-0.188038444012,decay
68.15,left,0.415116205438,0.226767735805,-0.188348469633,decay
68.16,left,0.415417932431,0.226765183504,-0.188652748927,decay
68.17,left,0.415712747002,0.22676305718,-0.188949689822,decay
68.18,left,0.415999447687,0.22676129546,-0.189238152226,decay
68.19,left,0.416276823992,0.226759835553,-0.189516988439,decay
68.2,left,0.416543184784,0.226758613865,-0.189784570918,decay
68.21,left,0.416796021874,0.226757566523,-0.190038455351,decay
68.22,left,0.417032178477,0.226756629835,-0.190275548642,decay
68.23,left,0.417248519938,0.226755740713,-0.190492779225,decay
68.24,left,0.417442679246,0.226754837072,-0.190687842174,decay
68.25,left,0.417613562148,0.226753858237,-0.190859703911,decay
68.26,left,0.417761520951,0.226752745326,-0.191008775626,decay
68.27,left,0.41788814152,0.226751441477,-0.191136700043,decay
68.28,left,0.417995792153,0.226749891834,-0.19124590032,decay
68.29,left,0.418087313063,0.226748043373,-0.19133926969,decay
68.3,left,0.418165902406,0.226745844761,-0.191420057644,decay
68.31,left,0.418234877421,0.226743246304,-0.191491631117,decay
68.32,left,0.418297279777,0.226740200007,-0.191557079769,decay
68.33,left,0.418355557989,0.22673665977,-0.191618898219,decay
68.34,left,0.418411280186,0.226732581719,-0.191678698467,decay
68.35,left,0.418464793047,0.226727924699,-0.191736868348,decay
68.36,left,0.418515078661,0.226722650842,-0.191792427819,decay
68.37,left,0.418559973709,0.226716725902,-0.191843247806,decay
68.38,left,0.418596584986,0.226710119136,-0.19188646585,decay
68.39,left,0.418621829377,0.226702802911,-0.191919026466,decay
68.4,left,0.418633104576,0.22669475239,-0.191938352187,decay
68.41,left,0.418628788848,0.226685945418,-0.191942843431,decay
68.42,left,0.418608315024,0.226676362648,-0.191931952376,decay
68.43,left,0.418572089492,0.226665987891,-0.191906101601,decay
68.44,left,0.418521562281,0.226654808718,-0.191866753563,decay
68.45,left,0.418459247339,0.226642817314,-0.191816430025,decay
68.46,left,0.418388461821,0.22663001143,-0.19175845039,decay
68.47,left,0.418312908372,0.22661639488,-0.191696513492,decay
68.48,left,0.418236142743,0.226601977148,-0.191634165594,decay
68.49,left,0.418160893983,0.226586772458,-0.191574121524,decay
68.5,left,0.418088544533,0.226570798836,-0.191517745697,decay
68.51,left,0.418019065637,0.226554077423,-0.191464988213,decay
68.52,left,0.417951272091,0.226536632027,-0.191414640064,decay
68.53,left,0.417883204342,0.226518488901,-0.191364715441,decay
68.54,left,0.417812638393,0.226499676752,-0.19131296164,decay
68.55,left,0.417737562336,0.226480226952,-0.191257335384,decay
68.56,left,0.417656302843,0.226460173861,-0.191196128981,decay
68.57,left,0.417567368438,0.226439554926,-0.191127813512,decay
68.58,left,0.417469390845,0.226418410293,-0.191050980551,decay
68.59,left,0.41736120771,0.226396782118,-0.190964425592,decay
68.6,left,0.417241898196,0.226374713883,-0.190867184313,decay
68.61,left,0.417110833723,0.226352249854,-0.190758583869,decay
68.62,left,0.416967797566,0.22632943465,-0.190638362916,decay
68.63,left,0.416813043679,0.226306312921,-0.190506730758,decay
68.64,left,0.416647345484,0.22628292912,-0.190364416363,decay
68.65,left,0.416472155265,0.226259327345,-0.190212827921,decay
68.66,left,0.41628967171,0.226235551221,-0.190054120489,decay
68.67,left,0.416102579259,0.226211643779,-0.18989093548,decay
68.68,left,0.41591358336,0.226187647258,-0.189725936101,decay
68.69,left,0.41572492967,0.226163602869,-0.189561326801,decay
68.7,left,0.415537942801,0.226139550529,-0.189398392271,decay
68.71,left,0.415352790396,0.226115528601,-0.189237261796,decay
68.72,left,0.415168763984,0.226091573596,-0.189077190388,decay
68.73,left,0.414984908365,0.22606771985,-0.188917188515,decay
68.74,left,0.414800567833,0.226043999145,-0.188756568689,decay
68.75,left,0.414615761515,0.22602044026,-0.188595321255,decay
68.76,left,0.414431370512,0.225997068532,-0.18843430198,decay
68.77,left,0.41424884134,0.225973905643,-0.188274935697,decay
68.78,left,0.414069400775,0.225950969825,-0.18811843095,decay
68.79,left,0.413893269691,0.225928276334,-0.187964993357,decay
68.8,left,0.413719196731,0.225905837932,-0.187813358799,decay
68.81,left,0.413544321984,0.225883665284,-0.1876606567,decay
68.82,left,0.413364465357,0.22586176725,-0.187502698108,decay
68.83,left,0.413174862489,0.225840151089,-0.1873347114,decay
68.84,left,0.412970971698,0.225818822566,-0.187152149132,decay
68.85,left,0.412749011864,0.22579778596,-0.186951225904,decay
68.86,left,0.412506363745,0.225777044009,-0.186729319737,decay
68.87,left,0.412241909312,0.22575659785,-0.186485311462,decay
68.88,left,0.411956031298,0.225736447027,-0.186219584271,decay
68.89,left,0.411650305423,0.225716589506,-0.185933715917,decay
68.9,left,0.411327257776,0.225697021632,-0.185630236144,decay
68.91,left,0.410990197784,0.225677737986,-0.185312459799,decay
68.92,left,0.410642947922,0.225658731142,-0.18498421678,decay
68.93,left,0.410289620155,0.225639991325,-0.18464962883,decay
68.94,left,0.409934592625,0.225621505956,-0.184313086669,decay
68.95,left,0.409582568131,0.225603259087,-0.183979309044,decay
68.96,left,0.409238682054,0.225585230885,-0.18365345117,decay
68.97,left,0.408908674862,0.225567397643,-0.183341277219,decay
68.98,left,0.408598802926,0.225549732722,-0.183049070205,decay
68.99,left,0.408315189267,0.225532208132,-0.182782981135,decay
69,left,0.408062915509,0.225514796292,-0.182548119217,decay
69.01,left,0.407845357053,0.225497471773,-0.18234788528,decay
69.02,left,0.407663872615,0.225480213049,-0.182183659566,decay
69.03,left,0.407517848219,0.225463004283,-0.182054843936,decay
69.04,left,0.407405195491,0.225445837197,-0.181959358293,decay
69.05,left,0.407323095734,0.225428713036,-0.181894382699,decay
69.06,left,0.407268648027,0.225411644411,-0.181857003616,decay
69.07,left,0.407239438097,0.225394656226,-0.181844781871,decay
69.08,left,0.407234049403,0.225377785059,-0.181856264344,decay
69.09,left,0.407252258812,0.225361077483,-0.181891181329,decay
69.1,left,0.407294861809,0.225344588118,-0.181950273691,decay
69.11,left,0.407363408346,0.225328377752,-0.182035030594,decay
69.12,left,0.407459962005,0.225312511492,-0.182147450513,decay
69.13,left,0.407586729063,0.225297056922,-0.182289672141,decay
69.14,left,0.407745630097,0.225282082209,-0.182463547888,decay
69.15,left,0.407938058437,0.225267654118,-0.182670404319,decay
69.16,left,0.408164686592,0.225253836024,-0.182910850568,decay
69.17,left,0.408425089015,0.225240686334,-0.183184402681,decay
69.18,left,0.408717385764,0.225228257614,-0.18348912815,decay
69.19,left,0.409038126834,0.225216596133,-0.1838215307,decay
69.2,left,0.409382351446,0.225205741333,-0.184176610113,decay
69.21,left,0.409743888472,0.225195725019,-0.184548163453,decay
69.22,left,0.410116064885,0.225186570219,-0.184929494666,decay
69.23,left,0.410492636034,0.225178289708,-0.185314346326,decay
69.24,left,0.410868591236,0.225170884135,-0.185697707102,decay
69.25,left,0.411240740732,0.225164339751,-0.186076400981,decay
69.26,left,0.411607971618,0.225158626145,-0.186449345473,decay
69.27,left,0.411970858671,0.225153695346,-0.186817163324,decay
69.28,left,0.412330697352,0.225149483369,-0.187181213983,decay
69.29,left,0.412688552203,0.225145913416,-0.187542638787,decay
69.3,left,0.41304469736,0.225142899349,-0.18790179801,decay
69.31,left,0.413398399146,0.225140348906,-0.188258050241,decay
69.32,left,0.413748043095,0.225138166675,-0.18860987642,decay
69.33,left,0.41409155784,0.225136256912,-0.188955300928,decay
69.34,left,0.414426742126,0.22513452625,-0.189292215875,decay
69.35,left,0.414751263599,0.225132886384,-0.189618377215,decay
69.36,left,0.4150625406,0.225131256506,-0.189931284094,decay
69.37,left,0.41535764903,0.225129564676,-0.190228084354,decay
69.38,left,0.41563324179,0.225127747513,-0.190505494276,decay
69.39,left,0.415885585578,0.225125748722,-0.190759836855,decay
69.4,left,0.4161107311,0.225123517353,-0.190987213747,decay
69.41,left,0.416304609653,0.225121006162,-0.191183603491,decay
69.42,left,0.416463020559,0.225118170087,-0.191344850472,decay
69.43,left,0.416581782381,0.225114964829,-0.191466817553,decay
69.44,left,0.416657112831,0.225111345529,-0.191545767302,decay
69.45,left,0.416685943004,0.225107265526,-0.191578677478,decay
69.46,left,0.416666081177,0.225102675334,-0.191563405843,decay
69.47,left,0.416596399211,0.225097522263,-0.191498876948,decay
69.48,left,0.416476971912,0.22509175103,-0.191385220882,decay
69.49,left,0.416309025521,0.225085305116,-0.191223720404,decay
69.5,left,0.416094843738,0.225078128473,-0.191016715265,decay
69.51,left,0.415837749453,0.225070167413,-0.19076758204,decay
69.52,left,0.41554202671,0.225061372726,-0.190480653984,decay
69.53,left,0.415212728199,0.225051702064,-0.190161026135,decay
69.54,left,0.414855469465,0.225041122638,-0.189814346826,decay
69.55,left,0.414476152676,0.225029614298,-0.189446538378,decay
69.56,left,0.414080523464,0.225017172543,-0.189063350921,decay
69.57,left,0.413673821545,0.22500381005,-0.188670011495,decay
69.58,left,0.413260807849,0.224989555594,-0.188271252255,decay
69.59,left,0.412845936105,0.224974451217,-0.187871484887,decay
69.6,left,0.412433348534,0.224958549125,-0.187474799408,decay
69.61,left,0.412026732516,0.224941908916,-0.1870848236,decay
69.62,left,0.411629058314,0.224924595119,-0.186704463194,decay
69.63,left,0.411242178172,0.224906674997,-0.186335503175,decay
69.64,left,0.410866534278,0.224888216566,-0.185978317712,decay
69.65,left,0.410501116805,0.224869286775,-0.18563183003,decay
69.66,left,0.41014348694,0.224849949918,-0.185293537023,decay
69.67,left,0.4097898772,0.22483026658,-0.18495961062,decay
69.68,left,0.409435657994,0.22481029335,-0.184625364643,decay
69.69,left,0.409076093876,0.224790083079,-0.184286010797,decay
69.7,left,0.408706931497,0.224769685306,-0.18393724619,decay
69.71,left,0.408324727323,0.224749146717,-0.183575580606,decay
69.72,left,0.407927175912,0.224728511592,-0.18319866432,decay
69.73,left,0.407513403817,0.224707822261,-0.182805581557,decay
69.74,left,0.407084099764,0.224687119548,-0.182396980216,decay
69.75,left,0.406641664755,0.224666443205,-0.18197522155,decay
69.76,left,0.40619038724,0.224645832296,-0.181544554944,decay
69.77,left,0.405736282687,0.224625325413,-0.181110957273,decay
69.78,left,0.405286541272,0.224604960628,-0.180681580644,decay
69.79,left,0.40484890704,0.224584775235,-0.180264131805,decay
69.8,left,0.404431140762,0.224564805399,-0.179866335363,decay
69.81,left,0.404040585354,0.224545085728,-0.179495499627,decay
69.82,left,0.403683953772,0.224525648772,-0.179158305,decay
69.83,left,0.40336726106,0.224506524427,-0.178860736633,decay
69.84,left,0.403095584699,0.224487739222,-0.178607845478,decay
69.85,left,0.402872668454,0.224469315476,-0.178403352978,decay
69.86,left,0.402700736712,0.224451270431,-0.178249466281,decay
69.87,left,0.402580573961,0.224433615718,-0.178146958243,decay
69.88,left,0.402511609686,0.224416357439,-0.178095252247,decay
69.89,left,0.402492001068,0.224399496642,-0.178092504427,decay
69.9,left,0.402518799755,0.224383029799,-0.178135769956,decay
69.91,left,0.402588050748,0.224366949123,-0.178221101626,decay
69.92,left,0.402694831551,0.224351242712,-0.178343588838,decay
69.93,left,0.402833490665,0.224335894548,-0.178497596117,decay
69.94,left,0.402998087526,0.224320884316,-0.178677203211,decay
69.95,left,0.403182796442,0.22430618708,-0.178876609362,decay
69.96,left,0.403382212189,0.22429177295,-0.17909043924,decay
69.97,left,0.403591598662,0.2242776072,-0.179313991462,decay
69.98,left,0.40380696588,0.224263651223,-0.179543314656,decay
69.99,left,0.404024983632,0.224249864057,-0.179775119575,decay
70,left,0.404243067871,0.224236204036,-0.180006863835,decay
