time_from_pulse_us,comsol_current_drop_uA,mpi_current_drop_uA,mpi_minus_comsol_uA
-20.0,nan,nan,nan
-19.75,3.7125738652666476e-07,-3.480155685255663e-05,-3.517281423908329e-05
-19.5,3.532082125699655e-07,-6.536652218749135e-06,-6.889860431319101e-06
-19.25,3.351594114986417e-07,2.005936664235797e-05,1.9724207230859327e-05
-19.0,3.171109833242546e-07,4.494493863097414e-05,4.462782764764989e-05
-18.75,2.9906292805836556e-07,6.807850264730885e-05,6.777943971925048e-05
-18.5,2.810152457125357e-07,8.94184975915715e-05,8.913748234585897e-05
-18.25,2.6296793629832634e-07,0.00010892336236397162,0.0001086603944276733
-18.0,2.4492099982729864e-07,0.00012655153586471865,0.00012630661486489136
-17.75,2.2687443631101392e-07,0.000142261456994022,0.00014203458255771098
-17.5,2.0882824576103336e-07,0.00015601156465209118,0.00015580273640633014
-17.25,1.907824281889183e-07,0.0001677602977391356,0.00016756951531094667
-17.0,1.7273698360622986e-07,0.00017746609515536485,0.00017729335817175863
-16.75,1.5469191202452938e-07,0.0001850873958009882,0.00018493270388896365
-16.5,1.3664721345537804e-07,0.00019058263857621522,0.00019044599136275984
-16.25,1.1860288791033711e-07,0.00019391026238125533,0.000193791659493345
-16.0,1.0055893540096784e-07,0.00019502870611631806,0.00019492814718091709
-15.75,8.251535172598658e-08,0.0001928182068050647,0.0001927356914533387
-15.5,6.447213377464951e-08,0.00018656474021070752,0.00018650026807693286
-15.25,4.6429283194327946e-08,0.00017683535334323444,0.00017678892406004012
-15.0,2.8386801632393138e-08,0.0001641970932126334,0.000164168706411001
-14.75,1.0344690736216338e-08,0.00014921700682889231,0.0001492066621381561
-14.5,-7.697047846831207e-09,0.00013246214120199917,0.000132469838249846
-14.25,-2.5738412469378246e-08,0.00011449954334194189,0.00011452528175441127
-14.0,-4.377940148405352e-08,9.58962602587084e-05,9.594003966019245e-05
-13.75,-6.182001324348578e-08,7.721933896228663e-05,7.728115897553012e-05
-13.5,-7.986024610030378e-08,5.903582646266452e-05,5.911568670876482e-05
-13.25,-9.790009840713627e-08,4.191276976983003e-05,4.2010669868237166e-05
-13.0,-1.1593956851661198e-07,2.6417215893771137e-05,2.653315546228775e-05
-12.75,-1.3397865478135968e-07,1.311621184447572e-05,1.3250190499257079e-05
-12.5,-1.5201735555400814e-07,2.576804631931678e-06,2.728821987485686e-06
-12.25,-1.7005566918718604e-07,-4.633958733872979e-06,-4.463903064685793e-06
-12.0,-1.8809359403352218e-07,-7.949031242950326e-06,-7.760937648916805e-06
-11.75,-2.0613122336070572e-07,-9.082082618669607e-06,-8.875951395308901e-06
-11.5,-2.2416862748589195e-07,-1.0127516314970148e-05,-9.903347687484257e-06
-11.25,-2.4220577033590887e-07,-1.1089385916998282e-05,-1.0847180146662373e-05
-11.0,-2.6024261583758447e-07,-1.1971745009900225e-05,-1.1711502394062641e-05
-10.75,-2.7827912791774663e-07,-1.2778647178822194e-05,-1.2500368050904448e-05
-10.5,-2.963152705032234e-07,-1.351414600891041e-05,-1.3217830738407187e-05
-10.25,-3.1435100752084263e-07,-1.418229508531109e-05,-1.3867944077790247e-05
-10.0,-3.323863028974323e-07,-1.4787147993170444e-05,-1.4454761690273011e-05
-9.75,-3.5042112055982056e-07,-1.5332758317634704e-05,-1.4982337197074883e-05
-9.5,-3.6845542443483514e-07,-1.582317964385007e-05,-1.5454724219415234e-05
-9.25,-3.864891784493042e-07,-1.6262465556962777e-05,-1.5875976378513474e-05
-9.0,-4.045223465300555e-07,-1.665466964211903e-05,-1.6250147295588977e-05
-8.75,-4.2255489260391717e-07,-1.7003845484465056e-05,-1.6581290591861137e-05
-8.5,-4.405867805977171e-07,-1.7314046669147063e-05,-1.6873459888549347e-05
-8.25,-4.5861797443828324e-07,-1.758932678131128e-05,-1.7130708806872998e-05
-8.0,-4.766484380524436e-07,-1.7833739406103914e-05,-1.735709096805147e-05
-7.75,-4.946780246072127e-07,-1.804668467577316e-05,-1.7552006651165947e-05
-7.5,-5.127066681485744e-07,-1.822801665050209e-05,-1.7715309982353516e-05
-7.25,-5.307344539218096e-07,-1.838246980734058e-05,-1.785173535341877e-05
-7.0,-5.487614671721995e-07,-1.8514778623338506e-05,-1.7966017156166306e-05
-6.75,-5.667877931450252e-07,-1.8629677575545738e-05,-1.806288978240071e-05
-6.5,-5.84813517085568e-07,-1.8731901141012153e-05,-1.8147087623926585e-05
-6.25,-6.028387242391088e-07,-1.8826183796787623e-05,-1.8223345072548516e-05
-6.0,-6.20863499850929e-07,-1.8917260019922025e-05,-1.8296396520071096e-05
-5.75,-6.388879291663097e-07,-1.9009864287465232e-05,-1.8370976358298923e-05
-5.5,-6.569120974305321e-07,-1.9108731076467113e-05,-1.8451818979036582e-05
-5.25,-6.749360898888772e-07,-1.921859486397755e-05,-1.8543658774088674e-05
-5.0,-6.929599917866263e-07,-1.9344190127046414e-05,-1.865123013525979e-05
-4.75,-7.109838883690604e-07,-1.9490251342723572e-05,-1.8779267454354512e-05
-4.5,-7.290078648814607e-07,-1.9661512988058906e-05,-1.8932505123177445e-05
-4.25,-7.470320065691085e-07,-1.9862709540102285e-05,-1.9115677533533176e-05
-4.0,-7.650563986772849e-07,-2.0098575475903594e-05,-1.933351907722631e-05
-3.75,-7.830808487946544e-07,-2.0498247602521158e-05,-1.9715166753726502e-05
-3.5,-8.011050236741901e-07,-2.109154583145038e-05,-2.029044080777619e-05
-3.25,-8.191287973076363e-07,-2.173422929636335e-05,-2.091510049905571e-05
-3.0,-8.371520436867367e-07,-2.2282057130932138e-05,-2.1444905087245402e-05
-2.75,-8.55174691754992e-07,-2.276427361761999e-05,-2.1909098925864997e-05
-2.5,-8.731968407370053e-07,-2.3272488582987067e-05,-2.2399291742250062e-05
-2.25,-8.912186200461749e-07,-2.3756009476810877e-05,-2.2864790856764703e-05
-2.0,-9.092401590958988e-07,-2.416414374886893e-05,-2.325490358977303e-05
-1.75,-9.272615872995754e-07,-2.4446198848938742e-05,-2.3518937261639167e-05
-1.5,-9.452830340706028e-07,-2.4551482226797813e-05,-2.360619919272721e-05
-1.25,-9.633044652464808e-07,-2.3446172672785977e-05,-2.2482868207539498e-05
-1.0,-9.813251761906462e-07,-2.081104929828978e-05,-1.9829724122099132e-05
-0.75,-9.993451436720898e-07,-1.7667320035051464e-05,-1.6667974891379373e-05
-0.5,-1.017365004794117e-06,-1.5036192814813293e-05,-1.4018827810019175e-05
-0.25,-1.0353846930869474e-06,-1.3632696197502726e-05,-1.259731150441578e-05
0.0,-1.0534041052778775e-06,-1.2815365845633093e-05,-1.1761961740355216e-05
0.05,-1.057006566526649e-06,-1.2670979264768583e-05,-1.1613972698241935e-05
0.1,-1.0606073754714516e-06,-1.2523046393929455e-05,-1.1462439018458004e-05
0.15000000000000002,-1.0642081273392524e-06,-1.2367321753196676e-05,-1.1303113625857423e-05
0.2,-1.0678092527478823e-06,-1.21995598626512e-05,-1.1131750609903318e-05
0.25,-1.0714108253090163e-06,-1.2015515242373999e-05,-1.0944104417064983e-05
0.30000000000000004,-1.0750127219045183e-06,-1.1810942412446031e-05,-1.0735929690541512e-05
0.35000000000000003,-1.0786149615624653e-06,-1.158159589294826e-05,-1.0502980931385793e-05
0.4,-1.0822173450765228e-06,-1.1323230203961647e-05,-1.0241012858885124e-05
0.45,-1.0858201024088174e-06,-1.1031599865567155e-05,-9.945779763158337e-06
0.5,-1.0894229798098397e-06,-1.0702459397845743e-05,-9.613036418035904e-06
0.55,-1.0930260041617753e-06,-1.0331563320878381e-05,-9.238537316716606e-06
0.6000000000000001,-1.0966290446868373e-06,-9.69183650259542e-06,-8.595207457908582e-06
0.65,-1.10023221685164e-06,0.0004248887154004299,0.00042598894761728155
0.7000000000000001,-1.1038354168134973e-06,0.0016521967717762788,0.0016533006071930924
0.75,-1.1074386860986333e-06,0.0036172297383609392,0.0036183371770470377
0.8,-1.1110419865530292e-06,0.0062649850208904125,0.006266096062876965
0.8500000000000001,-1.1146452861156658e-06,0.009540460025100691,0.009541574670386807
0.9,-1.1182486442808037e-06,0.013388652156727757,0.013389770405372037
0.9500000000000001,-1.1218520333665024e-06,0.017754558821507616,0.017755680673540983
1.0,-1.1254553628590779e-06,0.022583177425176248,0.022584302880539107
1.05,-1.1290587276840043e-06,0.027819505373469666,0.02782063443219735
1.1,-1.1326621380064093e-06,0.03340854007212385,0.033409672734261854
1.1500000000000001,-1.1362655209856494e-06,0.039295278926874795,0.03929641519239578
1.2000000000000002,-1.1398688850133636e-06,0.0454247193434585,0.04542585921234352
1.25,-1.143472237980847e-06,0.05174185872761093,0.05174300219984891
1.3,-1.1470755861329625e-06,0.05819169448506811,0.05819284156065425
1.35,-1.1506789287908391e-06,0.06471922402156605,0.06472037470049484
1.4000000000000001,-1.1542822723720202e-06,0.0712694447428407,0.07127059902511308
1.4500000000000002,-1.157885616542425e-06,0.07778735405462806,0.0777885119402446
1.5,-1.1614889610676846e-06,0.08421794936266414,0.0842191108516252
1.55,-1.165092308851605e-06,0.09050622807268494,0.09050739316499379
1.6,-1.1686956484503244e-06,0.09659718759042639,0.09659835628607484
1.6500000000000001,-1.1722989668956745e-06,0.10243582532162461,0.10243699762059151
1.7000000000000002,-1.1759022833001569e-06,0.10796713867201545,0.10796831457429874
1.75,-1.179505626713071e-06,0.11330595180589599,0.1133071313115227
1.8,-1.1831089766974854e-06,0.11874419714188937,0.11874538025086606
1.85,-1.1867122880016167e-06,0.12427931029481905,0.12428049700710705
1.9000000000000001,-1.190315567584948e-06,0.12990127684738462,0.1299024671629522
1.9500000000000002,-1.193918821813984e-06,0.13560008238228566,0.13560127630110747
2.0,-1.1975220532628521e-06,0.14136571248222177,0.14136691000427504
2.0500000000000003,-1.2011252680324977e-06,0.14718815272989264,0.14718935385516066
2.1,-1.2047284730516706e-06,0.15305738870799773,0.1530585934364708
2.15,-1.2083316752491217e-06,0.1589634059992367,0.15896461433091194
2.2,-1.2119348846174634e-06,0.1648961901863092,0.1648974021211938
2.25,-1.2155380970510245e-06,0.1708457268519147,0.17084694239001175
2.3000000000000003,-1.2191412960071144e-06,0.17680200157875292,0.17680322072004892
2.35,-1.2227444649210794e-06,0.1827549999495234,0.18275622269398833
2.4000000000000004,-1.2263475881057858e-06,0.1886947075469258,0.18869593389451392
2.45,-1.229950666293242e-06,0.19461110995365957,0.19461233990432586
2.5,-1.2335537146020113e-06,0.20049419275242442,0.200495426306139
2.5500000000000003,-1.2371567486215797e-06,0.20633394152592,0.20633517868266862
2.6,-1.2407597839244718e-06,0.21212034185684575,0.21212158261662967
2.6500000000000004,-1.2443628267438535e-06,0.2178433793279014,0.21784462369072816
2.7,-1.2479658667896452e-06,0.22349303952178645,0.22349428748765324
2.75,-1.2515688933435548e-06,0.22905930802120059,0.22906055959009394
2.8000000000000003,-1.25517189568729e-06,0.23453217040884342,0.2345334255807391
2.85,-1.2587749526366455e-06,0.23991590554868705,0.2399171643236397
2.9000000000000004,-1.2623782412260262e-06,0.24525889095891018,0.2452601533371514
2.95,-1.2659814562375962e-06,0.25056706467311807,0.2505683306545743
3.0,-1.2695842528133438e-06,0.2558415366769372,0.25584280626119005
3.0500000000000003,-1.273186305425441e-06,0.261083416955994,0.26108469014229946
3.1,-1.2767880426750232e-06,0.26629381549591474,0.2662950922839574
3.1500000000000004,-1.2803896776021356e-06,0.27147384228232596,0.2714751226720036
3.2,-1.2839910800272774e-06,0.2766246073008541,0.2766258912919341
3.25,-1.287592119770949e-06,0.28174722053712536,0.2817485081292451
3.3000000000000003,-1.291192666653649e-06,0.2868427919767664,0.28684408316943305
3.35,-1.2947925904958771e-06,0.29191243160540326,0.29191372639799373
3.4000000000000004,-1.2983917611181331e-06,0.29695724940866275,0.29695854780042386
3.45,-1.3019900483409165e-06,0.301978355372171,0.3019796573622193
3.5,-1.3055873955751578e-06,0.30697685948155456,0.30697816506895015
3.5500000000000003,-1.3091845600966662e-06,0.3119538717224398,0.3119551809069999
3.6,-1.3127810647606702e-06,0.31691050208045307,0.3169118148615178
3.6500000000000004,-1.3163759961156318e-06,0.3218478605412208,0.3218491769172169
3.7,-1.3199684407100115e-06,0.3267670570903694,0.3267683770588101
3.75,-1.3235578390673747e-06,0.3316692017135252,0.33167052527136426
3.8000000000000003,-1.3271585926307697e-06,0.3365554043963148,0.33655673155490745
3.85,-1.330766348319324e-06,0.3414267751243645,0.3414281058907128
3.9000000000000004,-1.3343640974154495e-06,0.34628442388330066,0.3462857582473981
3.95,-1.3379348312015578e-06,0.3511294606587496,0.3511307985935808
4.0,-1.3414615409600604e-06,0.3559629954363379,0.3559643368978789
4.05,-1.3449724551301135e-06,0.36079448011331167,0.3607958250857668
4.1000000000000005,-1.3484979744116084e-06,0.36563075705185905,0.36563210554983344
4.15,-1.3520243484780524e-06,0.37046902193501047,0.37047037395935895
4.2,-1.355537827002953e-06,0.37530647044579646,0.37530782598362344
4.25,-1.3590246596598184e-06,0.3801402982672476,0.38014165729190724
4.3,-1.3624710961221551e-06,0.3849677010823941,0.3849690635534902
4.3500000000000005,-1.3658633860634719e-06,0.3897858745742668,0.38978724043765284
4.4,-1.3691877791572752e-06,0.3945920144258959,0.3945933836136751
4.45,-1.3724305250770733e-06,0.399383316320312,0.39938468875083705
4.5,-1.3755778734963733e-06,0.4041569759405455,0.404158351518419
4.55,-1.378832916485421e-06,0.4089101889696269,0.4089115678025434
4.6000000000000005,-1.3825517648022288e-06,0.4136401510905868,0.4136415336423516
4.65,-1.3861973466972562e-06,0.41834405798645546,0.41834544418380215
4.7,-1.3891808313731258e-06,0.42301910534026343,0.4230204945210948
4.75,-1.3909133880324593e-06,0.4276624888350414,0.4276638797484294
4.800000000000001,-1.3909270583249381e-06,0.4322714041538196,0.4322727950808779
4.8500000000000005,-1.3895442634786684e-06,0.4368430469796285,0.436844436523892
4.9,-1.3869691486439141e-06,0.44137461299549874,0.4413759999646474
4.95,-1.3833432760273276e-06,0.4458632978844606,0.44586468122773665
5.0,-1.3788082078355616e-06,0.4503062973295447,0.4503076761377525
5.050000000000001,-1.373505506275269e-06,0.45470080701378157,0.45470218051928785
5.1000000000000005,-1.3675767335531017e-06,0.45904402262020155,0.45904539019693513
5.15,-1.3611634518757133e-06,0.46333313983183516,0.46333450099528706
5.2,-1.3544072234497558e-06,0.4675653543317129,0.46756670873893635
5.25,-1.3474496104818819e-06,0.47173786180286525,0.47173920925247576
5.300000000000001,-1.3404049804833007e-06,0.4758478034253648,0.4758491438303453
5.3500000000000005,-1.332582772710134e-06,0.47989259925362154,0.4798939318363942
5.4,-1.3233096456006144e-06,0.4838745598392456,0.4838758831488912
5.45,-1.3121554312756553e-06,0.4877972196861667,0.48779853184159794
5.5,-1.2986899618561702e-06,0.49166411329831455,0.4916654119882764
5.550000000000001,-1.2824707331075988e-06,0.49547877517961897,0.4954800576503521
5.6000000000000005,-1.2608177669227267e-06,0.4992447398340097,0.4992460006517766
5.65,-1.231907630785328e-06,0.5029655417654162,0.502966773673047
5.7,-1.195701369497102e-06,0.5066447154777685,0.5066459111791379
5.75,-1.1521600278597472e-06,0.510285795474996,0.5102869476350238
5.800000000000001,-1.1012446506749617e-06,0.5138923162610287,0.5138934175056794
5.8500000000000005,-1.0429162827444458e-06,0.5174678123397964,0.5174688552560792
5.9,-9.77135968869898e-07,0.5210158182152286,0.5210167953511975
5.95,-9.038647538530166e-07,0.524539868391255,0.5245407722560088
6.0,-8.230636824955009e-07,0.5280434973718053,0.5280443204354879
6.050000000000001,-7.346937995990483e-07,0.5315302396608096,0.5315309743546092
6.1000000000000005,-6.189085946082046e-07,0.5350036297621973,0.5350042486707919
6.15,-4.319832896234965e-07,0.5384672021798982,0.5384676341631878
6.2,-1.7492161739774637e-07,0.5419244914178418,0.5419246663394592
6.25,1.4949094286616242e-07,0.5453790319799582,0.5453788824890153
6.300000000000001,5.384689119653539e-07,0.5488343583701769,0.5488338199012649
6.3500000000000005,9.892268106969307e-07,0.5522940050924278,0.5522930158656171
6.4,1.498979159858016e-06,0.5557615066506403,0.5557600076714804
6.45,2.0649404802457266e-06,0.5592403975487443,0.559238332608264
6.5,2.6843252926571787e-06,0.5627342122906699,0.5627315279653772
6.550000000000001,3.3543481178895017e-06,0.5662464853803462,0.5662431310322282
6.6000000000000005,4.072223476739787e-06,0.5697807513217031,0.5697766790982264
6.65,4.835165890005165e-06,0.5733405446186705,0.5733357094527805
6.7,5.6403898784827505e-06,0.5769293997751781,0.5769237593852996
6.75,6.48510996296966e-06,0.5805508512951556,0.5805443661851927
6.800000000000001,7.366540664263026e-06,0.5842084336825326,0.5842010671418684
6.8500000000000005,8.28189650315994e-06,0.587905681441239,0.5878973995447359
6.9,9.22839200045752e-06,0.5916461290752042,0.5916369006832037
6.95,1.0203241676952898e-05,0.5954333110883583,0.5954231078466813
7.0,1.1203660053443183e-05,0.5992707619846309,0.5992595583245774
7.050000000000001,1.2238867854514939e-05,0.6031594550384692,0.6031472161706147
7.1000000000000005,1.342450214064969e-05,0.6070762186455951,0.6070627941434544
7.15,1.4786049943113381e-05,0.611014326738907,0.6109995406889639
7.2,1.6318274726891022e-05,0.6149733230846255,0.6149570048098986
7.25,1.801593995696762e-05,0.6189527514489713,0.6189347355090143
7.300000000000001,1.987380909832822e-05,0.6229521555981652,0.6229322817890669
7.3500000000000005,2.1886645615957763e-05,0.6269710792984274,0.6269491926528115
7.4,2.4049212974841284e-05,0.6310090663159789,0.630985017103004
7.45,2.63562746399638e-05,0.6350656604170399,0.6350393041424
7.5,2.880259407631032e-05,0.6391404053678313,0.639111602773755
7.550000000000001,3.138293474886588e-05,0.6432328449345739,0.643201461999825
7.6000000000000005,3.409206012261543e-05,0.6473425228834879,0.6473084308233653
7.65,3.692473366254398e-05,0.651468982980794,0.6514320582471315
7.7,3.9875718833636583e-05,0.6556117689927131,0.6555718932738794
7.75,4.2939779100878217e-05,0.6597704246854654,0.6597274849063646
7.800000000000001,4.611167792925396e-05,0.663944493825272,0.6638983821473428
7.8500000000000005,4.938617878374869e-05,0.668133520178353,0.6680841339995693
7.9,5.2758045129347496e-05,0.6723370475109294,0.6722842894658
7.95,5.6222040431035376e-05,0.6765546195892216,0.6764983975487906
8.0,5.977292815379733e-05,0.6807857801794502,0.6807260072512964
8.05,6.354639118649099e-05,0.6850300730478361,0.6849665266566497
8.1,6.767559346649772e-05,0.6892870419605996,0.6892193663671331
8.15,7.21515200316039e-05,0.6935562306839615,0.69348407916393
8.200000000000001,7.696515591959538e-05,0.6978371829841423,0.6977602178282227
8.25,8.210748616825803e-05,0.7021294426273627,0.7020473351411944
8.3,8.756949581537827e-05,0.7064325533798432,0.7063449838840279
8.35,9.334216989874175e-05,0.7107460590078044,0.7106527168379057
8.4,9.941649345613493e-05,0.7150695032774672,0.7149700867840111
8.450000000000001,0.00010578345152534362,0.7194024299550519,0.7192966465035265
8.5,0.00011243402914415366,0.7237443828067791,0.7236319487776349
8.55,0.00011935921135035152,0.7280949055988698,0.7279755463875195
8.6,0.00012654998318172283,0.7324535420975441,0.7323269921143624
8.65,0.00013399732967605405,0.7368198360690229,0.7366858387393469
8.700000000000001,0.00014169223587113102,0.741193331279527,0.7410516390436559
8.75,0.00014962568680473948,0.7455735714952765,0.7454239458084717
8.8,0.00015778866751466603,0.7499601004824924,0.7498023118149777
8.85,0.00016617216303869617,0.7543524620073951,0.7541862898443564
8.9,0.00017476715841461654,0.7587501998362055,0.7585754326777909
8.950000000000001,0.0001835646386802128,0.7631528577351441,0.7629692930964639
9.0,0.000192666156764947,0.7675511090531691,0.7673584428964042
9.05,0.00020248127320672118,0.7719119479797049,0.7717094667064981
9.1,0.00021301614238437933,0.7762360152227348,0.7760229990803504
9.15,0.00022423277584613518,0.7805275515842851,0.780303318808439
9.200000000000001,0.00023609318514020142,0.7847907978663807,0.7845547046812406
9.25,0.0002485593818147906,0.789029994871047,0.7887814354892322
9.3,0.00026159337741811663,0.7932493834003099,0.7929877900228918
9.35,0.0002751571834983916,0.7974532042561941,0.7971780470726958
9.4,0.00028921281160382945,0.801645698240726,0.8013564854291221
9.450000000000001,0.0003037222732826428,0.8058311061559301,0.8055273838826474
9.5,0.0003186475800830441,0.8100136688038321,0.809695021223749
9.55,0.00033395074355324747,0.8141976269864576,0.8138636762429043
9.600000000000001,0.0003495937752414653,0.8183872215058317,0.8180376277305902
9.65,0.00036553868669591015,0.82258669316398,0.8222211544772842
9.700000000000001,0.0003817474894647961,0.8268002827629279,0.8264185352734631
9.75,0.00039818219509633515,0.8310322311047008,0.8306340489096045
9.8,0.0004148048151387413,0.8352867789913244,0.8348719741761856
9.850000000000001,0.00043157736114022704,0.8395681672248236,0.8391365898636834
9.9,0.0004484618446490048,0.8438806366072241,0.8434321747625751
9.950000000000001,0.00046542812135135257,0.8482284279405513,0.8477629998192
10.0,0.00048265312185721566,0.8526157820268305,0.8521331289049733
10.25,0.000574423932449738,0.8752944218233978,0.874719997890948
10.5,0.0006769578208522541,0.8995982507475797,0.8989212929267274
10.75,0.0007921003293892899,0.9260573690525529,0.9252652687231636
11.0,0.0009220708380308097,0.9557673072235976,0.9548452363855667
11.25,0.0010719213341765835,0.9934573414658002,0.9923854201316237
11.5,0.0012421380881722616,1.035656725685757,1.0344145875975848
11.75,0.001431938227865702,1.0768368195711986,1.0754048813433328
12.0,0.0016405388811047618,1.111468982809856,1.1098284439287514
12.25,0.0018750929392150311,1.138928266222171,1.1370531732829559
12.5,0.0021417860953823254,1.163219226310844,1.1610774402154618
12.75,0.0024383846802447503,1.1857574812863179,1.1833190966060732
13.0,0.002762655024440413,1.2079586493590324,1.205195994334592
13.25,0.003117342399424538,1.2310904458253327,1.227973103425908
13.5,0.0035173201235676496,1.2548343371095358,1.2513170169859682
13.75,0.003959385873572691,1.2779327364701958,1.273973350596623
14.0,0.004438575003861559,1.299117721084238,1.2946791460803764
14.25,0.0049511692983011234,1.317173755588319,1.3122225862900179
14.5,0.005516946405819813,1.3324210412166733,1.3269040948108535
14.75,0.006139487646653935,1.3458278659823415,1.3396883783356877
15.0,0.006812385659628168,1.3581299153209896,1.3513175296613613
15.25,0.007531868841993179,1.370062874668283,1.3625310058262898
15.5,0.008309598255519291,1.382362429459888,1.3740528312043687
15.75,0.009158516327838003,1.3957642651314701,1.386605748803632
16.0,0.010091093366405441,1.4110040671186954,1.40091297375229
16.25,0.01111366404157552,1.4279153672586027,1.4168017032170273
16.5,0.012220584530260474,1.4459072847632906,1.43368670023303
16.75,0.013406357399754043,1.4650788861311845,1.4516725287314305
17.0,0.014665485217349963,1.4855292378607101,1.4708637526433601
17.25,0.015992470550341975,1.5073574064502924,1.4913649358999503
17.5,0.01738181596602381,1.530662458398357,1.5132806424323333
17.75,0.01882802403168921,1.5555434602033291,1.53671543617164
18.0,0.020353625750878263,1.583972578358316,1.5636189526074378
18.25,0.02201608970696946,1.6185614243564463,1.596545334649477
18.5,0.023796820651201894,1.6552035912108283,1.6314067705596265
18.75,0.025673486345275828,1.6895043014630888,1.663830815117813
19.0,0.02762675773156928,1.7176628771771412,1.690036119445572
19.25,0.029677114661337024,1.7428836882649703,1.7132065736036333
19.5,0.03184228776722729,1.7660961544556677,1.7342538666884404
19.75,0.03413343775767983,1.7867450294018155,1.7526115916441356
20.0,0.03656172534113438,1.8042750667559961,1.7677133414148618
20.25,0.03913098185442714,1.8183258844660888,1.7791949026116616
20.5,0.04183204000470887,1.8296089770943746,1.7877769370896657
20.75,0.0446565625558911,1.8391769132150517,1.7945203506591607
21.0,0.04759621227188533,1.8480822614023178,1.8004860491304324
21.25,0.05064265191660312,1.85737759023037,1.8067349383137667
21.5,0.05378754425395597,1.8681154682734062,1.8143279240194503
21.75,0.05702255204785541,1.8813484641056237,1.8243259120577684
22.0,0.06033933806221298,1.8981291463012206,1.8377898082390076
22.25,0.06381391177205054,1.9267493036829482,1.8629353919108977
22.5,0.06749669049132734,1.9678807149107873,1.90038402441946
22.75,0.07134094874236432,2.011145933313556,1.9398049845711918
23.0,0.07529996104748239,2.0461675122200735,1.970867551172591
23.25,0.07938053680521837,2.0724780313321243,1.993097494526906
23.5,0.08361419084043305,2.0961560470639697,2.0125418562235367
23.75,0.08799125581493367,2.1166430778117937,2.02865182199686
24.0,0.09250206439052744,2.1333806419717813,2.040878577581254
24.25,0.09715957875650559,2.1463265926932324,2.049167013936727
24.5,0.1019761986439689,2.1564960046725212,2.0545198060285523
24.75,0.1069414130274385,2.1649162286263963,2.057974815598958
25.0,0.1120447108814356,2.172614615271607,2.0605699043901713
25.25,0.11729846980647547,2.1806185153248996,2.063320045518424
25.5,0.12271485062481738,2.1899552795030255,2.067240428878208
25.75,0.1282830171435992,2.2016522585227323,2.073369241379133
26.0,0.1339921331699589,2.2167368031007686,2.08274466993081
26.25,0.1398538947679959,2.245065118470264,2.1052112237022684
26.5,0.14587994095851062,2.2869133174172247,2.141033376458714
26.75,0.15205934998369228,2.3289386119858535,2.1768792620021613
27.0,0.15838120008573014,2.3577982142203533,2.199417014134623
27.25,0.1648564583175397,2.3735588542481443,2.2087023959306045
27.5,0.1714961259102432,2.3858780267964916,2.2143819008862486
27.75,0.17828933237333963,2.3957990908081515,2.217509758434812
28.0,0.18522520721632785,2.4043654052258807,2.219140198009553
28.25,0.19230615683341726,2.4126203289924373,2.22031417215902
28.5,0.19954510204767678,2.4216072210505777,2.222062119002901
28.75,0.20694694401189462,2.4323694403430594,2.2254224963311646
29.0,0.21451658387885914,2.445950345812639,2.2314337619337796
29.25,0.2222418604359304,2.4642743263868705,2.24203246595094
29.5,0.23010709641692312,2.4873135636025343,2.257206467185611
29.75,0.23811191889430597,2.5131831053162266,2.2750711864219206
30.0,0.2462559549405475,2.539997999384543,2.2937420444439955
30.25,0.25453883162811647,2.5658732936640805,2.311334462035964
30.5,0.26296017602948135,2.588924036011436,2.3259638599819548
30.75,0.2715358564065197,2.609322070719136,2.3377862143126165
31.0,0.2802753865009372,2.628689241070276,2.3484138545693387
31.25,0.289168861604945,2.6473155934070194,2.3581467318020746
31.5,0.2982063770107541,2.6654911740715295,2.3672847970607753
31.75,0.3073780280105756,2.6835060294059696,2.376128001395394
32.0,0.31667390989662075,2.7016502057525034,2.3849762958558824
32.25,0.3261121490030139,2.719635244295744,2.39352309529273
32.5,0.3357093449187376,2.737174633569434,2.401465288650696
32.75,0.3454533028182896,2.7545613409395373,2.4091080381212477
33.0,0.35533182787616807,2.7720883337720164,2.4167565058958482
33.25,0.36533272526687105,2.790048579432831,2.42471585416596
33.5,0.3754438001648963,2.8087350452879454,2.433291245123049
33.75,0.38569049216652984,2.8286533766729303,2.4429628845064
34.0,0.3960960934001852,2.8496246003839407,2.4535285069837554
34.25,0.4066451878385488,2.8709147559776826,2.464269568139134
34.5,0.4173223594543069,2.8917898830108615,2.4744675235565547
34.75,0.42811219222014596,2.9115160210401836,2.4834038288200375
35.0,0.4390170150494785,2.930526246439309,2.4915092313898306
35.25,0.45005080013647225,2.9493588610536454,2.499308060917173
35.5,0.46121559637494575,2.967437742647259,2.5062221462723135
35.75,0.47251345265871747,2.984186768984214,2.5116733163254965
36.0,0.48394641788160564,2.9990298178285757,2.51508339994697
36.25,0.4955003639114008,3.011843708517571,2.5163433446061703
36.5,0.5071593937738632,3.023196618620456,2.5160372248465928
36.75,0.5189229030997664,3.033549463249286,2.5146265601495195
37.0,0.5307902875198843,3.043363157516115,2.5125728699962306
37.25,0.5427609426649904,3.053098616532997,2.5103376738680065
37.5,0.5548342641658583,3.0632167554119882,2.50838249124613
37.75,0.5670096476532617,3.0741784892651425,2.5071688416118807
38.0,0.5792864887579742,3.0864447332045146,2.5071582444465403
38.25,0.591669546683553,3.100795378871108,2.509125832187555
38.5,0.6041635220601212,3.117200566353224,2.5130370442931027
38.75,0.6167677226583016,3.134906583433774,2.5181388607754727
39.0,0.6294814562487165,3.153159717895668,2.5236782616469515
39.25,0.6423040306019889,3.171206257521816,2.5289022269198274
39.5,0.6552347534887408,3.188292490095129,2.533057736606388
39.75,0.6682729326795953,3.203664703398518,2.5353917707189226
40.0,0.6814178759451744,3.216569185214892,2.5351513092697178
40.25,0.6946554407306972,3.2274658470107322,2.532810406280035
40.5,0.7079711281099417,3.237404819526892,2.5294336914169504
40.75,0.7213637112963711,3.2465177194576857,2.525154008161315
41.0,0.7348319635034479,3.254936163497426,2.520104199993978
41.25,0.7483746579446348,3.2627917683404277,2.514417110395793
41.5,0.7619905678333945,3.270216150681004,2.5082255828476097
41.75,0.7756784663831896,3.277340927213468,2.5016624608302784
42.0,0.7894371268074829,3.284297714632134,2.4948605878246513
42.25,0.803265322319737,3.291218129631315,2.4879528073115784
42.5,0.8171618261334147,3.298233788905326,2.4810719627719116
42.75,0.8311254114619784,3.3054763091484785,2.4743508976865
43.0,0.8451548515188911,3.3130773070550874,2.467922455536196
43.25,0.8592489195176152,3.321168399319467,2.4619194798018516
43.5,0.8734063886716135,3.3298812026359292,2.4564748139643156
43.75,0.8876260321943487,3.3393473336987887,2.45172130150444
44.0,0.9019066232992835,3.3496984092023587,2.447791785903075
44.25,0.9162646493915907,3.3611222759129262,2.4448576265213355
44.5,0.9307143257897729,3.3736409794851987,2.4429266536954257
44.75,0.9452510175772876,3.387137434946104,2.4418864173688166
45.0,0.9598700898375923,3.401494557322572,2.4416244674849796
45.25,0.974566907654144,3.4165952616415303,2.442028353987386
45.5,0.9893368361104007,3.432322462929906,2.4429856268195054
45.75,1.0041752402898194,3.4485590762146296,2.4443838359248105
46.0,1.0190774852758573,3.4651880165226285,2.446110531246771
46.25,1.0340389361519726,3.482092198880831,2.4480532627288585
46.5,1.0490549580016217,3.499154538316166,2.4500995803145447
46.75,1.0641209159082625,3.5162579498555613,2.4521370339472988
47.0,1.0792321749553526,3.533285348525945,2.454053173570592
47.25,1.094384100226349,3.5501196493542464,2.4557355491278976
47.5,1.109572056804709,3.566643767367393,2.4570717105626843
47.75,1.124791409773891,3.582740617592314,2.457949207818423
48.0,1.1400375242173508,3.598293115055937,2.4582555908385864
48.25,1.155329675157662,3.613524532207156,2.4581948570494943
48.5,1.1706876762052638,3.6287340846703096,2.4580464084650457
48.75,1.1861077003254104,3.6439186022354524,2.457810901910042
49.0,1.2015859204833577,3.65907491469264,2.457488994209282
49.25,1.2171185096443609,3.6741998518319288,2.4570813421875677
49.5,1.2327016407736753,3.6892902434433723,2.4565886026696973
49.75,1.2483314868365565,3.704342919317027,2.4560114324804703
50.0,1.2640042207982598,3.719354709242948,2.4553504884446884
50.25,1.2797160156240401,3.734322443011191,2.4546064273871506
50.5,1.2954630442791533,3.749242950411811,2.4537799061326577
50.75,1.3112414797288545,3.7641130612348626,2.452871581506008
51.0,1.3270474949383992,3.7789296052704024,2.4518821103320034
51.25,1.3428772628730423,3.7936894123084848,2.4508121494354427
51.5,1.3587269564980398,3.808389312139165,2.4496623556411254
51.75,1.3745927487786465,3.8230261345524994,2.448433385773853
52.0,1.390470812680118,3.8375967093385426,2.4471258966584246
52.25,1.4063748475502134,3.8518038919677875,2.4454290444175744
52.5,1.4223194371132655,3.8654338223524074,2.443114385239142
52.75,1.438302080899388,3.878608256945004,2.440306176045616
53.0,1.4543202784386962,3.8914489521981768,2.4371286737594806
53.25,1.4703715292613047,3.904077664564527,2.4337061353032223
53.5,1.4864533328973277,3.9166161504966546,2.430162817599327
53.75,1.5025631888768798,3.929186166447161,2.4266229775702812
54.0,1.5186985967300761,3.941909468868645,2.423210872138569
54.25,1.5348570559870311,3.9549078142137097,2.4200507582266786
54.5,1.551036066177859,3.968302958934954,2.417266892757095
54.75,1.567233126832675,3.9822166594849784,2.4149835326523035
55.0,1.5834457374815931,3.996770672316385,2.413324934834792
55.25,1.5996713976547283,4.012086753881771,2.4124153562270427
55.5,1.6159076068821951,4.028286660633741,2.412379053751546
55.75,1.6321518646941082,4.045492149024893,2.413340284330785
56.0,1.6484016706205822,4.063824975507829,2.4154233048872467
56.25,1.6646757584557967,4.085282045903276,2.4206062874474794
56.5,1.680989362411704,4.110843110262138,2.429853747850434
56.75,1.6973347326450772,4.1391041913820406,2.4417694587369634
57.0,1.7137041193126878,4.16866131206061,2.454957192747923
57.25,1.7300897725713094,4.198110495095476,2.468020722524167
57.5,1.7464839425777137,4.2260477632842655,2.479563820706552
57.75,1.762878879488674,4.2510691394246045,2.4881902599359305
58.0,1.7792668334609627,4.271770646314121,2.4925038128531587
58.25,1.7956547006607375,4.288929644025309,2.493274943364572
58.5,1.8120528223173196,4.30448061695481,2.49242779463749
58.75,1.8284586161822272,4.318755274386328,2.490296658204101
59.0,1.8448695000069786,4.332085325603564,2.4872158255965853
59.25,1.8612828915430917,4.34480247989022,2.4835195883471277
59.5,1.877696208542085,4.357238446529997,2.4795422379879115
59.75,1.8941068687554765,4.369724934806596,2.47561806605112
60.0,1.9105122899347848,4.382593654003721,2.4720813640689365
60.25,1.9269162459743974,4.395645761892608,2.46872951591821
60.5,1.9433228136637388,4.408484704453834,2.4651618907900947
60.75,1.959729865096885,4.421145623285141,2.461415758188256
61.0,1.9761352723679095,4.433663659984271,2.457528387616361
61.25,1.9925369075708876,4.446073956148963,2.453537048578075
61.5,2.0089326427998935,4.45841165337696,2.449479010577067
61.75,2.025320350149002,4.470711893266005,2.445391543117003
62.0,2.041697901712288,4.4830098174138335,2.4413119157015455
62.25,2.058071964714147,4.495668990371816,2.4375970256576687
62.5,2.07444742919256,4.508812419523261,2.4343649903307014
62.75,2.090819501461977,4.522114410713852,2.4312949092518745
63.0,2.1071833878368493,4.5352492697892695,2.42806588195242
63.25,2.1235342946316282,4.547891302595198,2.4243570079635695
63.5,2.139867428160765,4.559714814977316,2.4198473868165515
63.75,2.15617799473871,4.570394112781308,2.414216118042598
64.0,2.172461200679915,4.579603501852857,2.4071423011729416
64.25,2.188723988785617,4.587450499794705,2.398726511009088
64.5,2.2049762710662066,4.5943594398786844,2.389383168812478
64.75,2.221217707649865,4.6004798514541045,2.3792621438042394
65.0,2.237447958664777,4.605961263870277,2.3685133052055005
65.25,2.2536666842391235,4.610953206476511,2.3572865222373873
65.5,2.2698735445010887,4.615605208622117,2.3457316641210286
65.75,2.2860681995788537,4.620066799656406,2.3339986000775528
66.0,2.3022503096006015,4.624487508928689,2.3222371993280873
66.25,2.318419534694515,4.629016865788273,2.310597331093758
66.5,2.3345755349887773,4.633804399584471,2.2992288645956935
66.75,2.35071797061157,4.638999639666594,2.2882816690550234
67.0,2.3668465016910765,4.64475211538395,2.2779056136928735
67.25,2.382960788355479,4.651211356085849,2.26825056773037
67.5,2.39906049073296,4.658526891121603,2.2594664003886433
67.75,2.4151452689517026,4.666848249840523,2.2517029808888207
68.0,2.4312147831398887,4.6763249615919165,2.2451101784520278
68.25,2.447265680596786,4.689891693166216,2.2426260125694304
68.5,2.4632948198734663,4.709242548456064,2.245947728582598
68.75,2.4793021779758218,4.732666212463981,2.253364034488159
69.0,2.495287731909746,4.758451370192493,2.2631636382827467
69.25,2.5112514586811296,4.784886706644123,2.2736352479629933
69.5,2.527193335295866,4.810260906821397,2.283067571525531
69.75,2.5431133387598477,4.832862655726836,2.2897493169669882
70.0,2.5590114460789657,4.850980638362967,2.291969192284001
70.25,2.574893971922121,4.86589505880681,2.2910010868846893
70.5,2.59076371246367,4.8799989634646845,2.2892352510010143
70.75,2.6066153669676906,4.893250300833034,2.2866349338653436
71.0,2.622443634698258,4.905607019408302,2.2831633847100443
71.25,2.63824321491945,4.917027067686934,2.2787838527674844
71.5,2.654008806895343,4.927468394165376,2.273459587270033
71.75,2.669735109890013,4.936888947340071,2.267153837450058
72.0,2.6854168231675377,4.945246675707463,2.2598298525399256
72.25,2.7010669706564596,4.952683028289354,2.2516160576328947
72.5,2.7167011915878523,4.959429148796142,2.2427279572082894
72.75,2.7323181081795904,4.965577527757166,2.2332594195775752
73.0,2.7479163426495488,4.971220655701771,2.223304313052222
73.25,2.7634945172155994,4.976451023159297,2.2129565059436973
73.5,2.7790512540956187,4.981361120659089,2.20230986656347
73.75,2.79458517550748,4.986043438730488,2.1914582632230077
74.0,2.810094903669058,4.990590467902835,2.1804955642337767
74.25,2.825579060798226,4.995094698705473,2.169515637907247
74.5,2.8410362691128586,4.9996486216677445,2.158612352554886
74.75,2.8564651508308305,5.004344727318991,2.147879576488161
75.0,2.8718643281700147,5.009275506188556,2.137411178018541
75.25,2.8872324233482862,5.01453344880578,2.127301025457494
75.5,2.9025680585835194,5.020211045700006,2.117642987116487
75.75,2.917869856093588,5.026400787400576,2.1085309313069875
76.0,2.9331364380963665,5.033195164436832,2.1000587263404658
76.25,2.9483725048907,5.040700150447686,2.0923276455569857
76.5,2.963583211560629,5.04890951046203,2.085326298901401
76.75,2.97876786250182,5.057747422094187,2.078979559592367
77.0,2.993925762109939,5.067138062958477,2.0732123008485375
77.25,3.0090562147806525,5.077005610669217,2.0679493958885646
77.5,3.024158524909627,5.08727424284073,2.0631157179311024
77.75,3.0392319968925285,5.097868137087334,2.058636140194806
78.0,3.054275935125023,5.108711471023352,2.0544355358983295
78.25,3.0692896440027773,5.1197284222631,2.050438778260323
78.5,3.0842724279214577,5.130843168420901,2.046570740499443
78.75,3.09922359127673,5.141979887111074,2.0427562958343435
79.0,3.114142438464261,5.153062755947937,2.0389203174836763
79.25,3.1290282738797175,5.164015952545814,2.0349876786660963
79.5,3.1438804019187643,5.1747636545190225,2.0308832526002583
79.75,3.1586981269770686,5.185230039481883,2.0265319125048147
80.0,3.173480753450297,5.195339285048715,2.021858531598418
80.25,3.188231527529272,5.20523531966955,2.0170037921402786
80.5,3.2029537773014596,5.215111475959702,2.0121576986582426
80.75,3.217646930007486,5.224966037781407,2.0073191077739208
81.0,3.2323104128879767,5.234797288996899,2.002486876108922
81.25,3.246943653183562,5.244603513468417,1.997659860284855
81.5,3.261546078134866,5.254382995058196,1.9928369169233302
81.75,3.276117114982517,5.264134017628472,1.9880169026459553
82.0,3.2906561909671415,5.27385486504148,1.9831986740743388
82.25,3.3051627333293667,5.283543821159458,1.978381087830091
82.5,3.3196361693098204,5.29319916984464,1.9735630005348197
82.75,3.3340759261491284,5.302819194959264,1.9687432688101358
83.0,3.348481431087918,5.312402180365566,1.9639207492776478
83.25,3.3628521113668164,5.321946409925778,1.9590942985589619
83.5,3.3771873942264508,5.331450167502142,1.9542627732756914
83.75,3.391486706907448,5.3409117369568895,1.9494250300494413
84.0,3.4057494766504344,5.35032940215226,1.944579925501826
84.25,3.4199785324262653,5.359706525054757,1.9397279926284918
84.5,3.43417677801891,5.369047838516733,1.9348710604978225
84.75,3.448343752888672,5.378353682729194,1.930009929840522
85.0,3.4624789964958516,5.387624397883144,1.9251454013872924
85.25,3.4765820483007515,5.39686032416959,1.9202782758688386
85.5,3.490652447763674,5.406061801779538,1.915409354015864
85.75,3.504689734344922,5.415229170903993,1.910539436559071
86.0,3.5186934475047953,5.42436277173396,1.9056693242291645
86.25,3.5326631267035977,5.4334629444604445,1.9007998177568468
86.5,3.5465983114016306,5.442530029274454,1.895931717872823
86.75,3.560498541059196,5.451564366366993,1.891065825307797
87.0,3.574363355136596,5.460566295929068,1.8862029407924719
87.25,3.5881922930941337,5.469536158151683,1.881343865057549
87.5,3.6019848943921087,5.478474293225844,1.8764893988337352
87.75,3.615740698490825,5.487381041342557,1.871640342851732
88.0,3.6294592448505836,5.496256742692828,1.8667974978422444
88.25,3.643142992051154,5.505101504834038,1.8619585127828842
88.5,3.6567944611965317,5.513915254052846,1.8571207928563145
88.75,3.670413285533355,5.522698058634175,1.8522847731008198
89.0,3.6839990983082638,5.5314499868629445,1.8474508885546808
89.25,3.6975515327678976,5.5401711070240784,1.8426195742561808
89.5,3.7110702221588965,5.5488614874024975,1.837791265243601
89.75,3.7245547997278994,5.5575211962831235,1.832966396555224
90.0,3.738004898721546,5.566150301950877,1.828145403229331
90.25,3.7514201523864763,5.574748872690681,1.8233287203042048
90.5,3.7648001939693296,5.583316976787456,1.8185167828181266
90.75,3.778144656716745,5.591854682526125,1.81371002580938
91.0,3.7914531738753627,5.600362058191609,1.8089088843162466
91.25,3.8047253786918223,5.608839172068829,1.8041137933770068
91.5,3.8179609044127627,5.617286092442709,1.799325188029946
91.75,3.8311593842848244,5.625702887598167,1.7945435033133426
92.0,3.844320451554646,5.6340896258201285,1.7897691742654827
92.25,3.857446254783674,5.642447035205943,1.7850007804222687
92.5,3.870538992997362,5.650775792683972,1.7802367996866102
92.75,3.883598375138358,5.659075889785651,1.7754775146472932
93.0,3.896624110149311,5.667347318042415,1.770723207893104
93.25,3.90961590697287,5.675590068985698,1.7659741620128275
93.5,3.9225734745516845,5.683804134146935,1.7612306595952503
93.75,3.9354965218284024,5.691989505057559,1.7564929832291565
94.0,3.948384757745673,5.700146173249009,1.7517614155033359
94.25,3.9612378912461463,5.7082741302527165,1.7470362390065701
94.5,3.9740556312724697,5.716373367600119,1.7423177363276494
94.75,3.986837686767293,5.724443876822649,1.7376061900553559
95.0,3.999583766673266,5.7324856494517435,1.7329018827784775
95.25,4.0122935799330355,5.740498677018835,1.7282050970857998
95.5,4.024966835489252,5.748482951055361,1.7235161155661087
95.75,4.037603242284563,5.756438463092754,1.7188352208081907
96.0,4.050202509261619,5.76436520466245,1.714162695400831
96.25,4.062766529993106,5.772264005297614,1.7094974753045076
96.5,4.075297238192962,5.780135693491091,1.7048384552981286
96.75,4.087794403015714,5.787980259213834,1.7001858561981198
97.0,4.100257793615887,5.795797692436797,1.6955398988209103
97.25,4.11268717914801,5.803587983130933,1.690900803982923
97.5,4.1250823287666085,5.811351121267199,1.6862687925005906
97.75,4.137443011626209,5.819087096816546,1.681644085190337
98.0,4.149768996881337,5.826795899749928,1.6770269028685902
98.25,4.162060053686522,5.834477520038299,1.672417466351777
98.5,4.174315951196286,5.8421319476526135,1.6678159964563273
98.75,4.186536458565161,5.849759172563826,1.6632227139986648
99.0,4.198721344947672,5.857359184742889,1.658637839795217
99.25,4.210870379498344,5.864931974160756,1.6540615946624122
99.5,4.222983331371704,5.872477530788382,1.6494941994166785
99.75,4.235059969722279,5.8799958445967215,1.6449358748744425
100.0,4.247100063704596,5.8874869055567265,1.6403868418521306
100.25,4.259105297382584,5.894951528975895,1.6358462315933107
100.5,4.271077386558866,5.902390523938542,1.631313137379676
100.75,4.2830161479959985,5.909803871080852,1.6267877230848535
101.0,4.294921398456545,5.917191551039006,1.6222701525824617
101.25,4.3067929547030674,5.9245535444491875,1.61776058974612
101.5,4.318630633498127,5.931889831947581,1.6132591984494544
101.75,4.330434251604282,5.939200394170368,1.6087661425660862
102.0,4.342203625784096,5.946485211753732,1.6042815859696358
102.25,4.353938572800129,5.953744265333856,1.5998056925337263
102.5,4.365638909414945,5.960977535546922,1.5953386261319773
102.75,4.377304452391102,5.968185003029115,1.5908805506380128
103.0,4.3889350184911615,5.9753666484166175,1.586431629925456
103.25,4.400530424477686,5.982522452345611,1.5819920278679254
103.5,4.412090487113236,5.989652395452281,1.577561908339045
103.75,4.423615023160371,5.996756458372808,1.5731414352124364
104.0,4.4351038493816555,6.003834621743375,1.5687307723617199
104.25,4.446558476654552,6.010887673671663,1.564329197017111
104.5,4.457980440895465,6.0179164045976465,1.5599359637021815
104.75,4.469369596425364,6.024920798655958,1.5555512022305944
105.0,4.480725797565215,6.031900839981231,1.5511750424160153
105.25,4.492048898635991,6.0388565127080955,1.5468076140721045
105.5,4.503338753958656,6.045787800971184,1.5424490470125285
105.75,4.514595217854181,6.05269468890513,1.5380994710509492
106.0,4.5258181446435355,6.059577160644564,1.5337590160010288
106.25,4.537007388647686,6.066435200324118,1.5294278116764328
106.5,4.548162804187602,6.073268792078425,1.5251059878908224
106.75,4.559284245584253,6.0800779200421164,1.5207936744578632
107.0,4.570371567158607,6.086862568349823,1.5164910011912163
107.25,4.581424623231632,6.093622721136179,1.5121980979045473
107.5,4.592443268124299,6.100358362535815,1.5079150944115156
107.75,4.603427356157574,6.107069476683363,1.5036421205257895
108.0,4.614376741652426,6.113756047713456,1.49937930606103
108.25,4.6252927910087305,6.120418800441851,1.495126009433121
108.5,4.636176890368722,6.127058465582027,1.4908815752133053
108.75,4.647028923666917,6.133675036115193,1.486646112448276
109.0,4.657848774837831,6.140268505022558,1.482419730184727
109.25,4.668636327815979,6.146838865285331,1.4782025374693522
109.5,4.6793914665358765,6.153386109884724,1.4739946433488473
109.75,4.690114074932039,6.159910231801944,1.4697961568699052
110.0,4.7008040369389805,6.166411224018202,1.4656071870792218
110.25,4.711461236491218,6.172889079514709,1.4614278430234915
110.5,4.7220855575232665,6.1793437912726725,1.457258233749406
110.75,4.73267688396964,6.185775352273302,1.4530984683036614
111.0,4.743235099764855,6.192183755497807,1.448948655732952
111.25,4.7537600888434275,6.1985689939274,1.4448089050839723
111.5,4.764251735139871,6.204931060543286,1.4406793254034147
111.75,4.774709922588702,6.211269948326679,1.4365600257379771
112.0,4.785134535124435,6.217585650258787,1.4324511151343522
112.25,4.795526817360485,6.223878874406947,1.428352057046462
112.5,4.805888029478691,6.230150319503129,1.424262290024438
112.75,4.816218078766208,6.236399964525493,1.420181885759285
113.0,4.826516872510183,6.242627788452199,1.4161109159420162
113.25,4.836784317997768,6.248833770261405,1.4120494522636369
113.5,4.847020322516117,6.255017888931272,1.4079975664151556
113.75,4.85722479335238,6.261180123439957,1.4039553300875776
114.0,4.86739763779371,6.267320452765622,1.3999228149719123
114.25,4.877538763127256,6.273438855886425,1.3959000927591694
114.5,4.887648076640173,6.279535311780527,1.391887235140354
114.75,4.897725485619609,6.285609799426084,1.3878843138064756
115.0,4.907770897352718,6.291662297801257,1.3838914004485394
115.25,4.917784219126649,6.297692785884208,1.3799085667575586
115.5,4.927765358228558,6.3037012426530925,1.3759358844245346
115.75,4.937714221945591,6.309687647086071,1.3719734251404798
116.0,4.947630717564905,6.315651978161306,1.368021260596401
116.25,4.957515985934876,6.321594911588262,1.364078925653386
116.5,4.96737118018575,6.327517130679282,1.360145950493532
116.75,4.977196226027476,6.3334186258168375,1.3562223997893614
117.0,4.986991049170004,6.339299387383398,1.352308338213394
117.25,4.996755575323283,6.345159405761432,1.3484038304381496
117.5,5.006489730197261,6.350998671333413,1.3445089411361515
117.75,5.0161934395018895,6.356817174481806,1.3406237349799168
118.0,5.025866628947116,6.362614905589084,1.336748276641968
118.25,5.03550922424289,6.368391855037718,1.3328826307948276
118.5,5.0451211510991625,6.374148013210175,1.3290268621110126
118.75,5.0547023352258815,6.379883370488926,1.3251810352630446
119.0,5.064252702332995,6.385597917256442,1.321345214923447
119.25,5.073772178130454,6.391291643895192,1.3175194657647378
119.5,5.083260688328208,6.396964540787645,1.3137038524594375
119.75,5.092718158636205,6.402616598316275,1.3098984396800697
120.0,5.102144514764396,6.408247806863547,1.3061032920991513
121.0,5.139555440621965,6.430574191865977,1.291018751244012
122.0,5.17649947466028,6.452586550634187,1.2760870759739076
123.0,5.21297279287698,6.474284059018559,1.261311266141579
124.0,5.248971571269707,6.495665892869479,1.2466943215997714
125.0,5.2845086141125135,6.516741177676862,1.2322325635643487
126.0,5.319597215486779,6.537519035468059,1.2179218199812798
127.0,5.354234286101146,6.557998636899607,1.203764350798461
128.0,5.388416736664251,6.578179152628037,1.189762415963786
129.0,5.422156811042504,6.598069256413979,1.175912445371475
130.0,5.455467139922791,6.61767764294462,1.1622105030218286
131.0,5.488345214244461,6.637003514266331,1.1486583000218697
132.0,5.5207885249468625,6.656046072425486,1.1352575474786235
133.0,5.5528087680764875,6.674813347741002,1.1220045796645142
134.0,5.584417945203295,6.69331368267707,1.108895737473775
135.0,5.615614005551837,6.711546747497974,1.0959327419461369
136.0,5.646394898346665,6.729512212467999,1.083117314121334
137.0,5.67677178670207,6.747217963014358,1.070446176312288
138.0,5.70675607503616,6.764671611761898,1.057915536725738
139.0,5.7363460745292105,6.781872419771362,1.045526345242151
140.0,5.765540096361502,6.798819648103491,1.0332795517419884
141.0,5.794348787346052,6.815520585879019,1.0211717985329676
142.0,5.822782984839798,6.831982728384393,1.0091997435445945
143.0,5.850841285838906,6.84820564592892,0.997364360090014
144.0,5.87852228733954,6.864188908821912,0.9856666214823724
145.0,5.905836137729741,6.879939717258705,0.9741035795289639
146.0,5.932793135802024,6.895464956267191,0.9626718204651672
147.0,5.95939210415927,6.910763723405509,0.9513716192462391
148.0,5.985631865404351,6.9258351162317995,0.940203250827448
149.0,6.0115220881952025,6.940685656680455,0.9291635684852526
150.0,6.037072559842738,6.955322238332377,0.918249678489639
151.0,6.062282280929312,6.969744516215461,0.9074622352861486
152.0,6.087150252037279,6.983952145357606,0.896801893320327
153.0,6.111685681253367,6.997951672760162,0.8862659915067947
154.0,6.135897870194346,7.011749274380762,0.8758514041864158
155.0,6.159785959737627,7.025344048681729,0.8655580889441019
156.0,6.183349090760628,7.038735094125396,0.8553860033647682
157.0,6.206596030111284,7.051928201695106,0.8453321715838218
158.0,6.2295356182881925,7.0649296668963455,0.835394048608153
159.0,6.252167106644759,7.0777393449746535,0.8255722383298947
160.0,6.274489746534382,7.090357091175569,0.8158673446411875
161.0,6.296511882841697,7.102788705854127,0.8062768230124293
162.0,6.3182419183718785,7.115039708177503,0.7967977898056242
163.0,6.339679191359149,7.127109531609453,0.787430340250304
164.0,6.360823040037727,7.138997609613732,0.778174569576005
165.0,6.381681406368232,7.150709517852215,0.7690281114839834
166.0,6.402262277784914,7.162250668575941,0.759988390791027
167.0,6.422565060732439,7.173620250132406,0.7510551893999668
168.0,6.442589161655477,7.184817450869111,0.7422282892136334
169.0,6.462342138254136,7.195847390279366,0.7335052520252301
170.0,6.4818315838566525,7.206715417289369,0.7248838334327168
171.0,6.501056958349889,7.217421064395959,0.7163641060460693
172.0,6.5200177216207065,7.227963864095964,0.7079461424752571
173.0,6.538721065295097,7.23834856155135,0.6996274962562525
174.0,6.557174208840531,7.248580134771675,0.6914059259311438
175.0,6.575376653906098,7.25865846552517,0.6832818116190724
176.0,6.593327902140879,7.268583435580061,0.6752555334391825
177.0,6.611034796731805,7.278360058581436,0.6673252618496308
178.0,6.628504202550683,7.287992707950223,0.6594885053995396
179.0,6.645735653773916,7.297480305118416,0.6517446513445
180.0,6.662728684577904,7.3068217715180035,0.6440930869400994
181.0,6.679489806742486,7.316021312703992,0.6365315059615053
182.0,6.696025548867235,7.325083758290143,0.629058209422908
183.0,6.712335470358162,7.33400896579659,0.6216734954384284
184.0,6.7284191306212735,7.342796792743463,0.6143776621221892
185.0,6.744282726425994,7.351451645807995,0.6071689193820005
186.0,6.759932467518397,7.359977545839511,0.6000450783211138
187.0,6.77536793276947,7.368373771616291,0.5930058388468211
188.0,6.790588701050201,7.376639601916608,0.5860509008664074
189.0,6.805600669863282,7.384778801986438,0.5791781321231557
190.0,6.820409746653041,7.392795617218101,0.5723858705650597
191.0,6.835015525202907,7.400690046609387,0.5656745214064793
192.0,6.849417599296314,7.408462089158084,0.5590444898617699
193.0,6.863621582252569,7.416115880461822,0.5524942982092531
194.0,6.877633094937129,7.423654913242037,0.5460218183049079
195.0,6.891451742452647,7.431078222182228,0.5396264797295807
196.0,6.905077129901778,7.438384841965898,0.5333077120641203
197.0,6.918514600845757,7.445578298001856,0.5270636971560991
198.0,6.931769504501618,7.452662525673718,0.5208930211720997
199.0,6.944841454455708,7.459637174627193,0.5147957201714846
200.0,6.957730064294376,7.466501894507989,0.5087718302136128
201.0,6.970440421596811,7.473260162867064,0.5028197412702529
202.0,6.982977618106162,7.479915412312459,0.49693779420629713
203.0,6.995341273654727,7.4864672250755175,0.4911259514207904
204.0,7.007531008074799,7.49291518338758,0.485384175312781
205.0,7.019551666103546,7.4992626994080105,0.4797110333044641
206.0,7.031408095464791,7.505513033134744,0.47410493766995376
207.0,7.043099920470812,7.511665538556986,0.46856561808617414
208.0,7.054626765433886,7.517719569663934,0.4630928042300484
209.0,7.065993244770567,7.523678097756471,0.45768485298590367
210.0,7.07720397495429,7.529544443861388,0.45234046890709845
211.0,7.088258583382651,7.535318486556746,0.44705990317409494
212.0,7.099156697453256,7.541000104420609,0.4418434069673536
213.0,7.109902713185156,7.546592495318179,0.4366897821330227
214.0,7.120501027918259,7.552098437438201,0.4315974095199424
215.0,7.130951271031438,7.557517179844057,0.426565908812619
216.0,7.1412530719035665,7.562847971599129,0.4215948996955623
217.0,7.151410619501662,7.5680936707816,0.41668305127993843
218.0,7.161428103530311,7.573257296718365,0.411829193188054
219.0,7.17130515447475,7.578338340345872,0.40703318587112225
220.0,7.18104140282021,7.583336292600568,0.4022948897803582
221.0,7.190640841272814,7.5882538067460805,0.3976129654732663
222.0,7.200107462811732,7.593093692138224,0.39298622932649163
223.0,7.209440898331774,7.597855673851714,0.38841477551993986
224.0,7.218640778727744,7.602539476961272,0.3838986982335282
225.0,7.227710910705082,7.607147940489896,0.379437029784814
226.0,7.236655100869681,7.611683520554876,0.3750284196851945
227.0,7.245472979967037,7.616145367872362,0.37067238790532553
228.0,7.254164178742643,7.620532633158509,0.3663684544158654
229.0,7.262732327653456,7.624847707639507,0.3621153799860508
230.0,7.271181056755887,7.629093339602081,0.35791228284619336
231.0,7.279509996194606,7.63326921535319,0.3537592191585839
232.0,7.28771877611428,7.637375021199793,0.3496562450855123
233.0,7.295810859991378,7.641413252589841,0.3456023925984626
234.0,7.303789710655366,7.645386217620011,0.3415965069646454
235.0,7.311654957280409,7.649293321570352,0.3376383642899432
236.0,7.319406229040676,7.653133969720903,0.33372774068022704
237.0,7.327046831238881,7.656910457677613,0.32986362643873246
238.0,7.334580068325634,7.660625159340597,0.32604509101496326
239.0,7.342005568196946,7.664277597431155,0.3222720292342096
240.0,7.349322958748829,7.667867294670593,0.31854433592176434
241.0,7.356535395478564,7.671396375277624,0.31486097979906
242.0,7.363646032856778,7.674867085577497,0.3112210527207191
243.0,7.3706544972394985,7.678279131451305,0.3076246342118063
244.0,7.377560414982755,7.681632218780145,0.30407180379738996
245.0,7.384366799730016,7.684928572318393,0.30056177258837646
246.0,7.391076663946089,7.688170177140283,0.2970935131941941
247.0,7.397689632219004,7.691356379606713,0.29366674738770904
248.0,7.4042053291367935,7.69448652607857,0.2902811969417769
249.0,7.41062663404597,7.697562700034513,0.2869360659885425
250.0,7.416956424977591,7.700586997865104,0.28363057288751303
251.0,7.4231943245465,7.703558785299105,0.28036446075260457
252.0,7.429339955367546,7.706477428065276,0.2771374726977305
253.0,7.435396069672697,7.709344672465332,0.2739486027926352
254.0,7.441365418251865,7.712162625768409,0.27079720751654346
255.0,7.447247621556805,7.714931195154402,0.26768357359759687
256.0,7.453042300039271,7.717650287803205,0.26460798776393446
257.0,7.458752085644743,7.720317746801566,0.26156566115682267
258.0,7.464379608755865,7.72293658668174,0.25855697792587495
259.0,7.469924487480126,7.725514471791889,0.2555899843117624
260.0,7.475386339925015,7.728059066480172,0.25267272655515693
261.0,7.480767684243361,7.731009535280242,0.2502418510368809
262.0,7.486071036905451,7.734217365047243,0.24814632814179216
263.0,7.4912960134949635,7.736808703611697,0.24551269011673327
264.0,7.496442229595576,7.73790969880412,0.24146746920854323
265.0,7.501512095744308,7.737954355234861,0.23644225949055286
266.0,7.5065080206756125,7.737975142565938,0.2314671218903257
267.0,7.511429617269311,7.7379959062056125,0.2265662889363016
268.0,7.51627649840523,7.738040491562148,0.22176399315691775
269.0,7.521050972883975,7.739049685819698,0.21799871293572348
270.0,7.525755347578935,7.741405292016007,0.21564994443707253
271.0,7.530389232479095,7.744292679339965,0.21390344686087026
272.0,7.534952237573454,7.746897216980467,0.21194497940701318
273.0,7.539446575524207,7.749091102950941,0.20964452742673423
274.0,7.543874456936021,7.75127914844551,0.20740469150948915
275.0,7.548235488711586,7.753445642424225,0.20521015371263918
276.0,7.552529277753593,7.755574873847135,0.203045596093542
277.0,7.556757945920334,7.757667382645147,0.20090943672481298
278.0,7.560923612873314,7.759731196092604,0.19880758321929015
279.0,7.565025882220052,7.761761834164713,0.1967359519446612
280.0,7.569064357568062,7.763754816836684,0.19469045926862183
281.0,7.573041075058128,7.765711739335483,0.19267066427735546
282.0,7.576958068484858,7.767635708029547,0.1906776395446892
283.0,7.580814937936504,7.7695245096062955,0.18870957166979174
284.0,7.584611283501322,7.7713759307531465,0.18676464725182473
285.0,7.588349060457008,7.773192084540508,0.1848430240834995
286.0,7.592030221573317,7.77497505994793,0.1829448383746124
287.0,7.595654363176579,7.776722607526551,0.18106824434997204
288.0,7.599221081593128,7.778432477827509,0.17921139623438087
289.0,7.602732255876095,7.780106466405933,0.17737421052983837
290.0,7.606189762393449,7.781746952944013,0.1755571905505633
291.0,7.609593193443779,7.783352564183453,0.17375937073967407
292.0,7.612942141325671,7.7849219268659695,0.1719797855402989
293.0,7.616238413303253,7.7864565984809655,0.17021818517771248
294.0,7.619483813763286,7.787958686769204,0.168474873005918
295.0,7.622677930688302,7.7894276438494305,0.16674971316112863
296.0,7.625820352060829,7.79086292184039,0.165042569779561
297.0,7.628912817606463,7.792266487179762,0.1633536695732989
298.0,7.6319570639604315,7.793639855448303,0.16168279148787157
299.0,7.63495267446972,7.79498180247938,0.16002912800965952
300.0,7.637899232481315,7.7962911041063565,0.15839187162504142
301.0,7.640798414259615,7.797569286363605,0.15677087210398977
302.0,7.643651892745055,7.798818334196743,0.155166441451688
303.0,7.646459246298672,7.800037711806009,0.15357846550733711
304.0,7.649220053281504,7.801226883391644,0.15200683011013982
305.0,7.651935930417356,7.8023875246915555,0.15045159427419907
306.0,7.6546084908474175,7.803521173366634,0.1489126825192164
307.0,7.657237307558801,7.804627086501593,0.14738977894279248
308.0,7.659821953538625,7.805704521181148,0.1458825676425235
309.0,7.662363989747842,7.806755220965242,0.1443912312174005
310.0,7.664864973278558,7.807780742258616,0.14291576898005776
311.0,7.667324471314624,7.808780061413169,0.1414555900985457
312.0,7.669742051039887,7.809752154780811,0.1400101037409236
313.0,7.67211922130347,7.810698535901511,0.13857931459804096
314.0,7.6744574867668165,7.811620963844184,0.1371634770773671
315.0,7.676756408332257,7.81251878325414,0.1357623749218826
316.0,7.679015546902124,7.813391338776695,0.13437579187457072
317.0,7.68123636275256,7.814240271092187,0.13300390833962705
318.0,7.683420311617228,7.815067067208653,0.1316467555914249
319.0,7.68556694758474,7.815870841262963,0.1303038936782226
320.0,7.687675824743706,7.8166507073919815,0.12897488264827572
321.0,7.689748358240629,7.817408470589687,0.12766011234905772
322.0,7.6917859582833366,7.818145647620023,0.1263596893366863
323.0,7.693788171552431,7.818860920274808,0.12507274872237684
324.0,7.695754544728512,7.819552970345858,0.12379842561734566
325.0,7.697686451195075,7.820223148350817,0.12253669715574222
326.0,7.699585258951033,7.820873385004878,0.12128812605384542
327.0,7.701450506600127,7.821503232396172,0.12005272579604576
328.0,7.703281732746093,7.8221122426128336,0.11883050986674082
329.0,7.705080272316195,7.822702120185218,0.11762184786902274
330.0,7.706847454352171,7.823274171451359,0.11642671709918861
331.0,7.70858280862948,7.82382735121091,0.11524454258143013
332.0,7.710285864923576,7.824360614263523,0.11407474933994699
333.0,7.711957922974939,7.824875751500931,0.11291782852599219
334.0,7.713600276071592,7.825374328872958,0.11177405280136643
335.0,7.715212444310307,7.825854963766396,0.11064251945608916
336.0,7.71679394778786,7.8263162735680325,0.10952232578017274
337.0,7.718346054312829,7.826759964402208,0.10841391008937862
338.0,7.719870024597509,7.827187883952454,0.10731785935494464
339.0,7.721365368094236,7.827598861944351,0.10623349385011505
340.0,7.722831594255354,7.827991728103476,0.1051601338481225
341.0,7.724269942225113,7.828368227096722,0.10409828487160944
342.0,7.725681643316394,7.828730140943031,0.10304849762663704
343.0,7.727066195234473,7.829076355396063,0.10201016016159059
344.0,7.728423095684631,7.829405756209485,0.1009826605248536
345.0,7.729753558458441,7.829720371717664,0.09996681325922285
346.0,7.731058788672311,7.830021886817869,0.09896309814555782
347.0,7.7323382710187705,7.830308672108116,0.09797040108934585
348.0,7.73359149019035,7.830579098186419,0.09698760799606898
349.0,7.734819638019644,7.830835331086852,0.09601569306720759
350.0,7.736023896689047,7.831079425680087,0.09505552899103975
351.0,7.737203736415784,7.831309585819041,0.09410584940325695
352.0,7.738358627417084,7.8315240153566315,0.0931653879395471
353.0,7.739489743087105,7.831725310117741,0.09223556703063629
354.0,7.740598246036687,7.831915694346256,0.09131744830956823
355.0,7.741683590308092,7.8320928145235955,0.09040922421550324
356.0,7.742745229943577,7.832254317131182,0.08950908718760431
357.0,7.743784323604314,7.832403215826898,0.08861889222258412
358.0,7.744802017839404,7.832542316460725,0.0877402986213216
359.0,7.74579774852301,7.832668953802223,0.08687120527921266
360.0,7.7467709515293,7.832780462620952,0.08600951109165145
361.0,7.747722774747279,7.832881163741754,0.0851583889944747
362.0,7.748654352384023,7.832974180766112,0.08431982838208985
363.0,7.749565099790795,7.833055052628549,0.08348995283775462
364.0,7.75045443231886,7.833119318263587,0.08266488594472676
365.0,7.751323491395359,7.833175051746576,0.08185156035121643
366.0,7.752173402890993,7.833226847259778,0.08105344436878426
367.0,7.753003558822373,7.833265023898102,0.08026146507572918
368.0,7.753813351206103,7.833279900756452,0.07946654955034838
369.0,7.754603919787378,7.833279568045438,0.07867564825806017
370.0,7.755376386494948,7.8332785893061585,0.07790220281121041
371.0,7.756130116620764,7.833276993629245,0.07714687700848089
372.0,7.75686447545678,7.833274810105337,0.07641033464855695
373.0,7.757580606482691,7.8332580406919865,0.07567743420929585
374.0,7.758279632599712,7.8332190644668716,0.07493943186715946
375.0,7.758960888232079,7.833167476200811,0.0742065879687317
376.0,7.759623707804024,7.833112870664618,0.07348916286059382
377.0,7.760269244807537,7.833052285312923,0.07278304050538598
378.0,7.76089862873531,7.832978771062962,0.07208014232765159
379.0,7.761511158012627,7.832895942879454,0.07138478486682764
380.0,7.76210613106477,7.832807415727126,0.07070128466235648
381.0,7.762684718858951,7.832711364331474,0.07002664547252291
382.0,7.763248064052854,7.832604758590474,0.06935669453762028
383.0,7.763795422607461,7.832489406227564,0.06869398362010326
384.0,7.76432605048376,7.832367114966182,0.06804106448242209
385.0,7.76484114523889,7.8322357577291575,0.06739461249026757
386.0,7.765341870586947,7.832093643521289,0.06675177293434231
387.0,7.765827431724346,7.831943234188957,0.06611580246461113
388.0,7.766297033847507,7.831786991578545,0.06548995773103794
389.0,7.766751912579225,7.831624156432966,0.06487224385374102
390.0,7.767193262426985,7.831452991373193,0.06425972894620813
391.0,7.767620226914237,7.83127449106269,0.06365426414845299
392.0,7.768031949564431,7.831089650164915,0.06305770060048399
393.0,7.768429719009927,7.830897434048447,0.06246771503851978
394.0,7.768814772944224,7.830697008127383,0.06188223518315894
395.0,7.769186178482488,7.830489667133469,0.061303488650981564
396.0,7.769543002739879,7.830276705798455,0.06073370305857573
397.0,7.769886607593007,7.830057692406243,0.060171084813235964
398.0,7.770218290248099,7.829831684425904,0.05961339417780476
399.0,7.770537020814757,7.829599210366931,0.059062189552173905
400.0,7.77084176940258,7.829360798738818,0.05851902933623787
401.0,7.77113399983203,7.829115684186227,0.05798168435419626
402.0,7.77141509121032,7.828863427075336,0.05744833586501574
403.0,7.771683886577165,7.828605044497918,0.05692115792075292
404.0,7.771939228972286,7.828341553545738,0.056402324573451956
405.0,7.772182727269588,7.828072639031312,0.05588991176172442
406.0,7.772415874679734,7.82779762955684,0.05538175487710628
407.0,7.772637340747573,7.827517007898626,0.05487966715105319
408.0,7.7728457950179575,7.82723125683297,0.0543854618150128
409.0,7.77304306122325,7.826940001725558,0.05389694050230798
410.0,7.77323079579962,7.826642873353646,0.053412077554026105
411.0,7.773407417347633,7.826340362610895,0.05293294526326253
412.0,7.773571344467854,7.826032960390968,0.05246161592311438
413.0,7.7737247413359585,7.825720330933597,0.05199558959763895
414.0,7.773869508409427,7.825402132568291,0.05153262415886406
415.0,7.774003668711528,7.825078847323367,0.05107517861183819
416.0,7.774125245265537,7.8247509572271445,0.050625711961607145
417.0,7.774237009170503,7.824418102828032,0.0501810936575291
418.0,7.774341251438186,7.824079994960623,0.049738743522436124
419.0,7.774435274960915,7.8237372210825145,0.04930194612159955
420.0,7.7745163826310195,7.823390368651308,0.04887398602028892
421.0,7.774588731235874,7.823039379108142,0.048450647872267716
422.0,7.7746552949796355,7.822683863953579,0.04802856897394392
423.0,7.7747116028798064,7.822323915734346,0.047612312854539596
424.0,7.774753183953891,7.821959626997174,0.04720644304328303
425.0,7.77478572721078,7.821590591855756,0.04680486464497591
426.0,7.774814776842331,7.821216758441273,0.046401981598942044
427.0,7.774835644640497,7.820838750326685,0.046003105686188484
428.0,7.774843642397229,7.820457191084958,0.04561354868772849
429.0,7.774839664826684,7.8200720230450065,0.045232358218322055
430.0,7.774829010283733,7.819682885921241,0.0448538756375072
431.0,7.774813596021404,7.8192899493648556,0.04447635334345179
432.0,7.774795339292723,7.818893383027047,0.04409804373432369
433.0,7.774767127212449,7.818493043161082,0.04372591594863273
434.0,7.7747241564621365,7.818088807810169,0.0433646513480328
435.0,7.774671808645002,7.817680879310417,0.043009070665414484
436.0,7.774615465364263,7.81726945999793,0.04265399463366659
437.0,7.7745526608097,7.816854405120479,0.04230174431077849
438.0,7.774479148321822,7.816435588353292,0.04195644003146981
439.0,7.774397638229941,7.816013239673669,0.04161560144372789
440.0,7.774310840863365,7.8155875890589055,0.04127674819554006
441.0,7.774217103841573,7.815158546424681,0.040941442583108056
442.0,7.774114170851197,7.814725966009608,0.0406117951584104
443.0,7.774003846322288,7.814289994275384,0.04028614795309604
444.0,7.773887934684893,7.813850777683708,0.03996284299881481
445.0,7.773765246804162,7.813408118866163,0.03964287206200101
446.0,7.773634283032177,7.812961950866607,0.039327667834430535
447.0,7.773496382029378,7.812512615765157,0.03901623373577934
448.0,7.773352882456209,7.812060455641923,0.038707573185714494
449.0,7.773202880063411,7.811605335658882,0.038402455595471174
450.0,7.773045280486442,7.811147096576659,0.0381018160902169
451.0,7.772881137212816,7.810686043873339,0.03780490666052305
452.0,7.772711503730051,7.8102224830270135,0.03751097929696279
453.0,7.772535666224959,7.809756361267893,0.037220695042933905
454.0,7.772352782352085,7.809287520430548,0.036934738078462814
455.0,7.772163712800541,7.808816107899599,0.0366523950990576
456.0,7.771969318259437,7.808342271059665,0.03637295280022812
457.0,7.771769020031778,7.8078659711836105,0.036096951151832535
458.0,7.771562146725871,7.807387120599527,0.03582497387365624
459.0,7.771349419988788,7.806905793274878,0.035556373286090626
460.0,7.771131561467598,7.806422063177131,0.03529050170953241
461.0,7.77090809257258,7.805935869293346,0.0350277767207654
462.0,7.770678464747035,7.805447166020259,0.03476870127322407
463.0,7.770443294687577,7.804956050439844,0.03451275575226731
464.0,7.770203199090816,7.804462619634073,0.0342594205432567
465.0,7.769957775993233,7.803966818034485,0.034009042041252435
466.0,7.769706568795771,7.8034685907247985,0.033762021929027775
467.0,7.7694501122417385,7.802968035765244,0.033517923523505466
468.0,7.769188941074447,7.802465251216052,0.03327631014160559
469.0,7.768922713486807,7.801960210786548,0.03303749729974026
470.0,7.768651043873079,7.801452852076652,0.03280180820357348
471.0,7.768374401278589,7.800943218982486,0.03256881770389697
472.0,7.768093254748664,7.800431355400168,0.03233810065150333
473.0,7.767807310667215,7.799916919708442,0.032109609041227394
474.0,7.767516239563751,7.79939997960116,0.03188374003740968
475.0,7.767220456701998,7.798881192947099,0.03166073624510091
476.0,7.766920377345684,7.7983612176150405,0.03144084026935623
477.0,7.7666157471252655,7.7978403993806715,0.03122465225540605
478.0,7.7663062818153925,7.797318320328978,0.031012038513585694
479.0,7.765992351896086,7.796794492792689,0.03080214089660238
480.0,7.765674327847363,7.796268429104531,0.03059410125716777
481.0,7.7653519877022354,7.795739794741057,0.030387807038821713
482.0,7.76502508427869,7.795208895860471,0.030183811581780517
483.0,7.764693950234213,7.794676205817978,0.029982255583764328
484.0,7.764358918226294,7.7941421979687835,0.029783279742489732
485.0,7.764019793350359,7.793607014679399,0.029587221329039792
486.0,7.76367635915132,7.793070387130023,0.02939402797870372
487.0,7.763328915960875,7.7925321718964,0.029203255935525085
488.0,7.76297776411073,7.7919922255542655,0.02901446144353592
489.0,7.762622731523918,7.791450281949755,0.028827550425837067
490.0,7.762263627515629,7.790906479398476,0.02864285188284743
491.0,7.7619007245057965,7.79036128118038,0.028460556674583692
492.0,7.761534294914356,7.78981515057542,0.02828085566106342
493.0,7.761164186083784,7.7892683726863785,0.028104186602594616
494.0,7.7607902291494755,7.788720640766432,0.027930411616956086
495.0,7.760412672220739,7.7881715303211125,0.027758858100373374
496.0,7.760031763406885,7.787620616855957,0.027588853449072026
497.0,7.759647366695735,7.787067645450369,0.02742027875463382
498.0,7.759259331849775,7.786512876241989,0.027253544392213946
499.0,7.758867885640306,7.785956657323699,0.027088771683392743
500.0,7.758473254838634,7.785399336788385,0.026926081949750547
501.0,7.758075317793597,7.78484102474617,0.026765706952573076
502.0,7.757673940285196,7.784281522634553,0.02660758234935745
503.0,7.757269330231473,7.783720715537477,0.026451385306003772
504.0,7.7568616955504694,7.783158488538883,0.02629679298841392
505.0,7.756450927054629,7.7825946157114885,0.026143688656859787
506.0,7.7560369043850805,7.782029214307031,0.025992309921950785
507.0,7.7556198187029075,7.781462684177986,0.02584286547507819
508.0,7.755199861169189,7.780895425176831,0.02569556400764217
509.0,7.754776933470154,7.780327715198049,0.025550781727894822
510.0,7.754350927310811,7.77975928038371,0.02540835307289946
511.0,7.753922018880395,7.77918969295766,0.0252676740772646
512.0,7.753490384368149,7.77861852514375,0.02512814077560055
513.0,7.7530559349922274,7.778045545181848,0.024989610189620315
514.0,7.752618573011115,7.777471010714348,0.024852437703232866
515.0,7.752178461174545,7.776895228068886,0.024716766894341546
516.0,7.7517357622322445,7.776318503573103,0.024582741340858583
517.0,7.751290395794559,7.7757407566988315,0.02445036090427255
518.0,7.7508422733948334,7.775161873070421,0.02431959967558761
519.0,7.750391545667301,7.774582108244276,0.02419056257697516
520.0,7.749938363246201,7.774001717776805,0.02406335453060393
521.0,7.749482653159091,7.773420840778761,0.02393818761967026
522.0,7.749024335125419,7.772839314967216,0.023814979841796813
523.0,7.748563548817256,7.77225694380806,0.023693394990803363
524.0,7.748100433906672,7.771673530767179,0.023573096860507015
525.0,7.747634924001451,7.771088978427607,0.023454054426156112
526.0,7.747166946073315,7.770503402227887,0.02333645615457236
527.0,7.746696629840236,7.769916924917169,0.023220295076932906
528.0,7.7462241050201905,7.7693296692446046,0.02310556422441401
529.0,7.74574931107709,7.768741584691124,0.022992273614033998
530.0,7.74527218143141,7.768152630478038,0.022880449046628115
531.0,7.744792836735974,7.7675629439650615,0.022770107229087344
532.0,7.7443113976435995,7.766972662511908,0.022661264868308884
533.0,7.74382780884713,7.766381876655872,0.02255406780874214
534.0,7.743342009519047,7.765790493307183,0.022448483788135576
535.0,7.742854112031632,7.765198374384957,0.022344262353324318
536.0,7.742364228757168,7.764605381808314,0.022241153051146156
537.0,7.741872309070136,7.7640114003379725,0.022139091267836974
538.0,7.741378297290051,7.763416526661276,0.02203822937122446
539.0,7.740882298206753,7.762820940587277,0.021938642380524342
540.0,7.740384416610083,7.7622248219250345,0.02184040531495146
541.0,7.739884606077772,7.761628314872823,0.021743708795050942
542.0,7.739382815547556,7.761031289873154,0.021648474325598244
543.0,7.738879142849275,7.760433516101436,0.021554373252160808
544.0,7.738373685812776,7.75983476273308,0.0214610769203043
545.0,7.737866401799243,7.759234707541533,0.021368305742289984
546.0,7.73735724390119,7.758633556876999,0.02127631297580912
547.0,7.736846303545441,7.758031872780019,0.021185569234577706
548.0,7.736333672158822,7.757430217291133,0.02109654513231085
549.0,7.735819310515428,7.756828979244978,0.021009668729550235
550.0,7.735303175455331,7.756227779122377,0.02092460366704607
551.0,7.734785352504317,7.755626026433139,0.02084067392882183
552.0,7.734265927188176,7.755023130687079,0.020757203498903642
553.0,7.733744863367549,7.754418781731628,0.02067391836407939
554.0,7.7332221212697245,7.753813341410946,0.020591220141221278
555.0,7.732697780970464,7.753207227229936,0.02050944625947171
556.0,7.732171922545519,7.7526008566935065,0.0204289341479873
557.0,7.73164451265199,7.751994318803737,0.02034980615174664
558.0,7.731115514586367,7.75138739764574,0.020271883059372442
559.0,7.730585003383493,7.750780053348964,0.020195049965471057
560.0,7.730053054078211,7.750172246042863,0.020119191964651506
561.0,7.729519635866776,7.74956394164459,0.02004430577781413
562.0,7.7289847148318405,7.748955168345733,0.019970453513892927
563.0,7.728448361337838,7.748345979687386,0.01989761834954784
564.0,7.727910645749205,7.747736429210645,0.019825783461440594
565.0,7.72737153957192,7.74712655920077,0.019755019628849624
566.0,7.726831011423124,7.746516331134613,0.019685319711489235
567.0,7.726289127333988,7.745905677340666,0.019616550006677613
568.0,7.725745953335689,7.745294530147418,0.019548576811728502
569.0,7.725201463039185,7.744682799370651,0.01948133633146565
570.0,7.724655627371314,7.744070544178109,0.019414916806794302
571.0,7.72410850833708,7.743457920926222,0.01934941258914158
572.0,7.723560167941486,7.742845085971422,0.01928491802993637
573.0,7.723010581716852,7.7422321870332516,0.019221605316399604
574.0,7.722459722698819,7.741619105076754,0.019159382377935685
575.0,7.721907649147364,7.741005596326622,0.019097947179258057
576.0,7.721354419322466,7.740391417007542,0.01903699768507572
577.0,7.720800040056777,7.739764281771994,0.018964241715217156
578.0,7.720244476466418,7.739128392567761,0.01888391610134299
579.0,7.719687724236581,7.738508236562481,0.018820512325899763
580.0,7.7191297790524525,7.7379283009237865,0.018798521871334017
581.0,7.718570718539464,7.737396516232389,0.018825797692924695
582.0,7.718010622755744,7.7368957342453015,0.018885111489557183
583.0,7.717449491035525,7.736412823894612,0.018963332859086357
584.0,7.716887322713042,7.735934654112407,0.01904733139936532
585.0,7.716324117122526,7.735448093830777,0.019123976708250723
586.0,7.715759940405534,7.734937712242252,0.019177771836718094
587.0,7.715194788194244,7.734412262727229,0.019217474532984724
588.0,7.714628554058817,7.733894890499583,0.01926633644076592
589.0,7.7140611315694105,7.733408740773187,0.019347609203776095
590.0,7.713492414296186,7.732976958761914,0.019484544465727893
591.0,7.712922656117125,7.732595390233516,0.0196727341163907
592.0,7.712352168934498,7.732241129192988,0.019888960258490407
593.0,7.71178093335489,7.731909193210059,0.020128259855169084
594.0,7.7112089299848945,7.7315945998544615,0.020385669869567025
595.0,7.710636139431098,7.731292366695927,0.020656227264828964
596.0,7.710062542300088,7.730997511304184,0.020934969004096082
597.0,7.709488119198456,7.730705051248965,0.021216932050508674
598.0,7.70891285073279,7.7304100040999995,0.021497153367209698
599.0,7.708336717509679,7.73010738742702,0.021770669917340335
600.0,7.707759700135711,7.729792218799755,0.022032518664043543
601.0,7.707181756070786,7.729486746853231,0.022304990782445522
602.0,7.7066028790450725,7.7292084928297085,0.02260561378463599
603.0,7.706023104070571,7.728945383209795,0.022922279139224067
604.0,7.705442466159278,7.728685344474099,0.023242878314820636
605.0,7.7048610003231905,7.7284163031032245,0.023555302780033927
606.0,7.704278741574307,7.72812618557778,0.02384744400347305
607.0,7.703695724924628,7.727802918378371,0.02410719345374357
608.0,7.703111985386148,7.727434427985605,0.02432244259945726
609.0,7.702527557970867,7.727008640880087,0.024481082909220575
610.0,7.70194247769078,7.726513483542426,0.024571005851646177
611.0,7.701356663604235,7.7257699058429115,0.024413242238676247
612.0,7.700770032360583,7.724660008966809,0.023889976606225716
613.0,7.700182615358333,7.723263446367094,0.023080831008760683
614.0,7.699594443995993,7.721659871496737,0.022065427500743695
615.0,7.699005549672074,7.719928937808715,0.020923388136640853
616.0,7.698415963785081,7.718150298755998,0.019734334970917367
617.0,7.697825717733524,7.716403607791559,0.018577890058034896
618.0,7.697234842915913,7.7147685183683725,0.01753367545245954
619.0,7.696643370730754,7.71332468393941,0.016681313208655624
620.0,7.69605133257656,7.7121517579576455,0.016100425381085692
621.0,7.69545865744075,7.711186307349198,0.015727649908447994
622.0,7.694865271760708,7.7103018522936555,0.015436580532947275
623.0,7.69427120310988,7.709483476124116,0.01521227301423611
624.0,7.693676479061705,7.708716262173681,0.015039783111975957
625.0,7.693081127189629,7.707985293775448,0.01490416658581939
626.0,7.6924851750670955,7.707275654262521,0.014790479195425199
627.0,7.691888650267549,7.706572426967997,0.014683776700448625
628.0,7.691291580364432,7.705860695224977,0.014569114860544907
629.0,7.69069399293119,7.705125542366559,0.014431549435369284
630.0,7.690095915541265,7.704352051725848,0.014256136184582324
631.0,7.689497286568295,7.703477458860925,0.013980172292630044
632.0,7.688898042028913,7.7024823274026275,0.0135842853737147
633.0,7.68829820596106,7.701416732793157,0.013118526832096578
634.0,7.687697802402677,7.700330750474709,0.012632948072032413
635.0,7.6870968553917045,7.6992744558894834,0.01217760049777894
636.0,7.686495388966083,7.698297924479678,0.01180253551359467
637.0,7.685893427163752,7.6974512316874915,0.01155780452373989
638.0,7.685290994022654,7.696784452955121,0.011493458932466893
639.0,7.6846881135807275,7.696347663724765,0.011659550144037745
640.0,7.684084809875913,7.6961909394386225,0.012106129562709178
641.0,7.683481029592554,7.696237429743031,0.012756400150477631
642.0,7.68287671732975,7.696363617712126,0.013486900382376099
643.0,7.682271893997573,7.696549578929734,0.01427768493216064
644.0,7.681666580506101,7.696775388979683,0.01510880847358198
645.0,7.681060797765405,7.6970211234458015,0.01596032568039618
646.0,7.6804545666855635,7.697266857911919,0.016812291226355747
647.0,7.679847908176649,7.697492667961863,0.01764475978521407
648.0,7.679240843148736,7.697678629179462,0.018437786030726322
649.0,7.6786333925119,7.697804817148543,0.01917142463664323
650.0,7.678025577176215,7.697851307452936,0.019825730276720854
651.0,7.677417351023982,7.697737384347574,0.020320033323592668
652.0,7.676808666120538,7.69741929651205,0.020610630391511897
653.0,7.676199540650527,7.696932566167133,0.020733025516606496
654.0,7.675589992798588,7.696312715533599,0.020722722735011523
655.0,7.674980040749364,7.695595266832221,0.020615226082857596
656.0,7.674369702687493,7.694815742283771,0.020446039596278
657.0,7.673758996797616,7.694009664109022,0.020250667311406012
658.0,7.673147941264376,7.693212554528748,0.020064613264372255
659.0,7.672536554272411,7.692459935763722,0.0199233814913109
660.0,7.671924854006363,7.691787330034716,0.01986247602835256
661.0,7.671312800540386,7.691164293608815,0.019851493068428816
662.0,7.670700352373085,7.690537044478895,0.019836692105810627
663.0,7.67008752532577,7.6899060974543785,0.01981857212860838
664.0,7.669474335219759,7.6892719673446885,0.019797632124929798
665.0,7.668860797876366,7.688635168959251,0.01977437108288438
666.0,7.668246929116903,7.687996217107488,0.019749287990584286
667.0,7.667632744762685,7.687355626598825,0.019722881836140793
668.0,7.667018260635027,7.686713912242689,0.019695651607661624
669.0,7.666403492555241,7.686071588848497,0.019668096293256276
670.0,7.665788456344644,7.685429171225679,0.019640714881035137
671.0,7.665173117397663,7.684785928863584,0.019612811465920643
672.0,7.664557439743871,7.6841409161207554,0.019583476376884512
673.0,7.663941437157296,7.683494325110399,0.01955288795310306
674.0,7.663325123411963,7.682846347945722,0.01952122453375882
675.0,7.662708512281899,7.682197176739932,0.019488664458033433
676.0,7.662091617541134,7.681547003606237,0.01945538606510322
677.0,7.661474452963693,7.680896020657844,0.01942156769415071
678.0,7.660857032323603,7.68024442000796,0.01938738768435666
679.0,7.660239369394895,7.679592393769792,0.019353024374897387
680.0,7.659621477951591,7.67894013405655,0.019318656104958976
681.0,7.659003327964039,7.678287185219607,0.019283857255567582
682.0,7.658384888219586,7.677633093292289,0.019248205072702973
683.0,7.657766170717755,7.676978052910719,0.019211882192964325
684.0,7.6571471874580785,7.676322258711031,0.01917507125295259
685.0,7.656527950440079,7.675665905329349,0.019137954889269615
686.0,7.655908471663287,7.675009187401802,0.019100715738514573
687.0,7.655288763127228,7.674352299564516,0.01906353643728842
688.0,7.65466883683143,7.673695436453619,0.019026599622189444
689.0,7.654048704775419,7.673038792705241,0.018990087929822153
690.0,7.653428378958724,7.672382562955507,0.01895418399678306
691.0,7.652807833293817,7.671726540382693,0.018918707088875664
692.0,7.652187040666902,7.6710704082355,0.018883367568597542
693.0,7.651566011538093,7.6704141962557015,0.018848184717608518
694.0,7.650944756367506,7.669757934185066,0.018813177817559534
695.0,7.650323285615259,7.669101651765366,0.018778366150106862
696.0,7.649701609741464,7.6684453787383715,0.01874376899690766
697.0,7.64907973920624,7.667789144845851,0.0187094056396111
698.0,7.648457684469701,7.667132979829577,0.01867529535987611
699.0,7.647835455991964,7.666476913431321,0.01864145743935719
700.0,7.647213064233144,7.665820975392853,0.018607911159708834
701.0,7.646590486507799,7.665165043947217,0.01857455743941827
702.0,7.6459676992392405,7.664509020591022,0.018541321351781548
703.0,7.645344711550709,7.6638529699613755,0.018508258410666834
704.0,7.644721532565446,7.663196956695391,0.018475424129944962
705.0,7.644098171406692,7.6625410454301734,0.018442874023481437
706.0,7.6434746371976905,7.661885300802838,0.018410663605147093
707.0,7.6428509390616854,7.661229787450491,0.018378848388805658
708.0,7.642227086121914,7.660574570010246,0.018347483888331517
709.0,7.641603087501622,7.65991971311921,0.0183166256175884
710.0,7.640978952324049,7.659265281414495,0.01828632909044625
711.0,7.640354660844776,7.658611211607064,0.01825655076228827
712.0,7.639730192544618,7.657957401250627,0.018227208706009357
713.0,7.639105555384665,7.657303856246411,0.01819830086174612
714.0,7.638480757326009,7.656650582495647,0.018169825169637832
715.0,7.63785580632974,7.655997585899562,0.018141779569821992
716.0,7.637230710356948,7.655344872359384,0.018114162002436096
717.0,7.636605477368723,7.654692447776345,0.018086970407622083
718.0,7.635980115326157,7.65404031805167,0.018060202725513008
719.0,7.63535463219034,7.65338848908659,0.01803385689625081
720.0,7.634729035922364,7.652736966782333,0.018007930859969434
721.0,7.634103309324086,7.65208577684251,0.017982467518423917
722.0,7.633477434523296,7.651434927135754,0.01795749261245838
723.0,7.632851418469975,7.6507843968108284,0.017932978340853722
724.0,7.632225268114105,7.650134165016497,0.017908896902391724
725.0,7.631598990405672,7.649484210901521,0.01788522049584973
726.0,7.630972592294656,7.648834513614663,0.017861921320006857
727.0,7.630346080731039,7.648185052304687,0.017838971573647555
728.0,7.629719462664806,7.647535806120356,0.017816343455550054
729.0,7.629092745045939,7.646886754210431,0.017794009164492586
730.0,7.628465934824419,7.646237875723677,0.01777194089925782
731.0,7.627839017009669,7.645589112634966,0.01775009562529739
732.0,7.627211976024144,7.644940454163282,0.017728478139138026
733.0,7.626584817937388,7.644291950323544,0.017707132386155955
734.0,7.625957548818939,7.6436436511306765,0.017686102311737173
735.0,7.625330174738338,7.6429956065996,0.01766543186126146
736.0,7.624702701765126,7.6423478667452365,0.017645164980110373
737.0,7.624075135968843,7.641700481582509,0.017625345613666354
738.0,7.623447483419029,7.641053501126339,0.017606017707310073
739.0,7.622819750185225,7.640406975391648,0.017587225206423085
740.0,7.622191942336969,7.639760954393361,0.017569012056391387
741.0,7.621564046799914,7.639115520205495,0.01755147340558061
742.0,7.620936049988257,7.63847066604234,0.017534616054083685
743.0,7.620307957204361,7.637826308629217,0.01751835142485625
744.0,7.619679773750591,7.637182364691449,0.017502590940857488
745.0,7.619051504929313,7.6365387509543545,0.01748724602504126
746.0,7.6184231560428906,7.635895384143258,0.017472228100367637
747.0,7.61779473239369,7.635252180983478,0.017457448589788704
748.0,7.617166239284073,7.634609058200342,0.017442818916268976
749.0,7.616537682016405,7.633965932519165,0.017428250502759646
750.0,7.615909065893051,7.633322720665274,0.017413654772222564
751.0,7.615280379504733,7.632679424325325,0.017399044820591847
752.0,7.614651610996259,7.632036130754951,0.01738451975869193
753.0,7.614022765001123,7.631392885032934,0.01737012003181082
754.0,7.613393846152824,7.630749732238055,0.017355886085231198
755.0,7.612764859084856,7.630106717449094,0.017341858364238405
756.0,7.6121358084307165,7.629463885744835,0.017328077314118673
757.0,7.611506698823901,7.628821282204058,0.017314583380156456
758.0,7.610877534897905,7.628178951905544,0.017301417007638875
759.0,7.610248321286226,7.627536939928075,0.017288618641848608
760.0,7.609619062622358,7.626895291350432,0.01727622872807366
761.0,7.6089897489452385,7.626253929965583,0.017264181020344438
762.0,7.608360369904803,7.625612766457856,0.017252396553052662
763.0,7.607730929551054,7.624971826243083,0.017240896692029217
764.0,7.607101431933988,7.624331134737091,0.01722970280310232
765.0,7.606471881103609,7.623690717355708,0.0172188362520993
766.0,7.605842281109913,7.623050599514762,0.017208318404849265
767.0,7.605212636002902,7.622410806630083,0.01719817062718132
768.0,7.604582949832576,7.621771364117498,0.017188414284921905
769.0,7.603953226648935,7.621132297392835,0.017179070743900127
770.0,7.603323470501978,7.6204936318719225,0.017170161369944203
771.0,7.602693672691291,7.6198554688120055,0.01716179612071489
772.0,7.602063824176958,7.619217837705252,0.01715401352829371
773.0,7.601433928499727,7.618580656319875,0.01714672782014759
774.0,7.600803989200347,7.6179438424240855,0.017139853223738122
775.0,7.600174009819569,7.617307313786098,0.01713330396652868
776.0,7.599543993898141,7.616670988174122,0.017126994275980856
777.0,7.59891394497681,7.6160347833563735,0.017120838379563352
778.0,7.598283866596328,7.615398617101064,0.017114750504735987
779.0,7.597653762297441,7.614762407176404,0.01710864487896302
780.0,7.597023635620901,7.61412607135061,0.01710243572970871
781.0,7.596393478964405,7.61348959645439,0.017096117489985296
782.0,7.595763284429254,7.6128530604337,0.017089776004445945
783.0,7.595133055111598,7.612216517729622,0.017083462618024292
784.0,7.594502794107584,7.611580022783234,0.017077228675649536
785.0,7.593872504513364,7.610943630035615,0.017071125522250874
786.0,7.593242189425084,7.610307393927844,0.017065204502760167
787.0,7.592611851938893,7.609671368901004,0.017059516962110166
788.0,7.591981495150942,7.60903560939617,0.01705411424522829
789.0,7.591351122157379,7.608400169854425,0.017049047697046404
790.0,7.590720736054353,7.607765104716846,0.017044368662493703
791.0,7.590090330196729,7.607130433443673,0.01704010324694405
792.0,7.589459897680487,7.606496110175359,0.017036212494872416
793.0,7.588829441213447,7.605862091373319,0.017032650159872098
794.0,7.588198963503428,7.60522833349896,0.01702936999553195
795.0,7.587568467258252,7.604594793013694,0.017026325755442606
796.0,7.5869379551857365,7.603961426378931,0.017023471193194695
797.0,7.586307429993703,7.603328190056081,0.01702076006237796
798.0,7.585676894389972,7.602695040506555,0.017018146116583033
799.0,7.585046351082362,7.602061934191765,0.01701558310940321
800.0,7.584415802778693,7.601428827573116,0.017013024794422904
801.0,7.583785243668643,7.600795842910691,0.017010599242047952
802.0,7.583154667715695,7.600163093241932,0.017008425526237048
803.0,7.582524077288373,7.599530521194302,0.017006443905928315
804.0,7.581893474755208,7.598898069395258,0.017004594640050108
805.0,7.581262862484724,7.598265680472265,0.017002817987540553
806.0,7.580632242845452,7.597633297052783,0.017001054207331556
807.0,7.580001618205916,7.597000861764272,0.016999243558355914
808.0,7.579370990934645,7.5963683172341945,0.016997326299549087
809.0,7.578740363400165,7.59573560609001,0.01699524268984476
810.0,7.578109737971006,7.59510267095918,0.016992932988173948
811.0,7.577479109565223,7.594469398382667,0.016990288817444466
812.0,7.576848472903225,7.593835784796573,0.0169873118933479
813.0,7.576217830057061,7.593201937671067,0.016984107614005595
814.0,7.575587183098784,7.592567964476315,0.016980781377530896
815.0,7.574956534100444,7.591933972682492,0.01697743858204781
816.0,7.574325885134092,7.591300069759765,0.01697418462567235
817.0,7.573695238271782,7.5906663631783005,0.016971124906518753
818.0,7.573064595585562,7.590032960408273,0.016968364822711024
819.0,7.572433959147484,7.589399968919849,0.016966009772364288
820.0,7.571803331029599,7.5887674961831975,0.01696416515359811
821.0,7.571172706785829,7.588135571876429,0.01696286509060041
822.0,7.57054208179729,7.587504100785449,0.016962018988158967
823.0,7.569911457876835,7.586873003042124,0.01696154516528825
824.0,7.569280836837311,7.586242198778313,0.01696136194100273
825.0,7.568650220491567,7.585611608125885,0.01696138763431776
826.0,7.568019610652454,7.5849811512167005,0.016961540564246036
827.0,7.567389009132822,7.584350748182627,0.01696173904980469
828.0,7.566758417745519,7.583720319155526,0.01696190141000642
829.0,7.5661278383033945,7.58308978426726,0.016961945963865688
830.0,7.5654972726192975,7.582459063649697,0.01696179103039963
831.0,7.56486671680241,7.581828187475251,0.016961470672841372
832.0,7.5642361668108515,7.581197255332591,0.016961088521739498
833.0,7.563605624230886,7.580566291477955,0.01696066724706924
834.0,7.562975090648772,7.579935320167583,0.016960229518811154
835.0,7.562344567650772,7.579304365657719,0.01695979800694669
836.0,7.561714056823148,7.578673452204599,0.01695939538145108
837.0,7.561083559752162,7.578042604064465,0.016959044312303106
838.0,7.560453078024075,7.577411845493559,0.016958767469484215
839.0,7.559822613225149,7.576781200748117,0.01695858752296786
840.0,7.559192166941644,7.576150694084383,0.016958527142739044
841.0,7.558561735767717,7.575520275445342,0.016958539677625062
842.0,7.557931316165447,7.57488989184355,0.016958575678103216
843.0,7.557300909522978,7.574259563139599,0.01695865361662019
844.0,7.55667051722846,7.57362930919408,0.01695879196562
845.0,7.556040140670036,7.572999149867585,0.016959009197549335
846.0,7.555409781235856,7.572369105020708,0.01695932378485221
847.0,7.554779440314064,7.571739194514037,0.016959754199972643
848.0,7.554149119292808,7.571109438208167,0.016960318915359096
849.0,7.553518819560236,7.570479855963688,0.016961036403452034
850.0,7.5528885425044905,7.569850467641194,0.01696192513670347
851.0,7.552258285143635,7.569221325628479,0.01696304048484354
852.0,7.5516280443801405,7.568592438356967,0.01696439397682692
853.0,7.550997821428778,7.567963759752707,0.016965938323928675
854.0,7.550367617504322,7.567335243741736,0.016967626237414102
855.0,7.549737433821538,7.566706844250097,0.01696941042855915
856.0,7.5491072715952,7.566078515203834,0.016971243608634445
857.0,7.548477132040078,7.565450210528988,0.01697307848891061
858.0,7.547847016370943,7.564821884151601,0.016974867780658265
859.0,7.547216925802564,7.564193489997716,0.01697656419515159
860.0,7.546586861549715,7.563564981993372,0.01697812044365765
861.0,7.5459568210007975,7.562936364619189,0.01697954361839127
862.0,7.545326801443218,7.562307688144651,0.016980886701433384
863.0,7.544696803940253,7.561678975179116,0.016982171238862698
864.0,7.54406682955518,7.561050248331933,0.01698341877675258
865.0,7.543436879351272,7.560421530212457,0.01698465086118528
866.0,7.542806954391805,7.55979284343004,0.016985889038235058
867.0,7.542177055740055,7.5591642105940355,0.016987154853980613
868.0,7.541547184459296,7.558535654313799,0.01698846985450242
869.0,7.540917341612808,7.557907197198679,0.016989855585871183
870.0,7.54028752826386,7.557278861858031,0.016991333594170932
871.0,7.539657742124757,7.556650600743767,0.016992858619009787
872.0,7.5390279808193235,7.556022363976714,0.016994383157390658
873.0,7.538398245278119,7.555394170669601,0.016995925391482203
874.0,7.537768536431711,7.554766039935154,0.016997503503442424
875.0,7.537138855210661,7.5541379908861,0.016999135675439092
876.0,7.536509202545534,7.5535100426351685,0.01700084008963465
877.0,7.535879579366891,7.552882214295084,0.017002634928193316
878.0,7.535249986605299,7.552254524978576,0.017004538373276645
879.0,7.534620425191318,7.5516269937983695,0.01700656860705152
880.0,7.533990896055515,7.550999639867195,0.017008743811679494
881.0,7.533361397193304,7.550372458041439,0.01701106084813464
882.0,7.5327319265228025,7.549745425580726,0.017013499057923376
883.0,7.532102484858621,7.549118535202632,0.017016050344011546
884.0,7.531473073015371,7.548491779624739,0.01701870660936855
885.0,7.530843691807664,7.547865151564623,0.017021459756958457
886.0,7.530214342050114,7.547238643739861,0.017024301689746224
887.0,7.529585024557334,7.546612248868032,0.017027224310697697
888.0,7.528955740143931,7.545985959666714,0.017030219522783163
889.0,7.528326489624521,7.545359768853484,0.01703327922896314
890.0,7.527697273813715,7.544733669145923,0.01703639533220791
891.0,7.527068090954569,7.544107745043515,0.017039654088946143
892.0,7.526438939222423,7.543482051001157,0.017043111778733966
893.0,7.52580981933031,7.5428565346695375,0.017046715339227525
894.0,7.525180731991262,7.5422311436993486,0.01705041170808652
895.0,7.524551677918318,7.541605825741279,0.017054147822960886
896.0,7.523922657824506,7.540980528446018,0.017057870621512095
897.0,7.523293672422862,7.540355199464257,0.01706152704139452
898.0,7.52266472242642,7.539729786446685,0.017065064020265197
899.0,7.522035808548214,7.539104237043991,0.017068428495776722
900.0,7.521406931501276,7.538478498906866,0.017071567405589683
901.0,7.5207780897452485,7.537852598234874,0.01707450848962555
902.0,7.520149281680562,7.5372266038557445,0.017077322175182097
903.0,7.519520507931445,7.536600527362411,0.017080019430965265
904.0,7.518891769122121,7.535974380347805,0.017082611225684552
905.0,7.518263065876815,7.535348174404864,0.017085108528048565
906.0,7.5176343988197525,7.534721921126519,0.0170875223067668
907.0,7.517005768575158,7.534095632105706,0.017089863530547866
908.0,7.516377175767259,7.533469318935359,0.01709214316810037
909.0,7.515748621020278,7.53284299320841,0.017094372188132034
910.0,7.5151201049584415,7.532216666517795,0.01709656155935324
911.0,7.514491626230861,7.531590279327949,0.017098653097087357
912.0,7.513863183434803,7.5309637865384715,0.017100603103668455
913.0,7.513234777116719,7.53033722139504,0.017102444278321194
914.0,7.512606407823064,7.529710617143335,0.017104209320271124
915.0,7.5119780761002914,7.529084007029035,0.017105930928743796
916.0,7.511349782494854,7.528457424297817,0.01710764180296298
917.0,7.510721527553206,7.52783090219536,0.01710937464215423
918.0,7.510093311821801,7.527204473967344,0.01711116214554309
919.0,7.509465135847091,7.526578172859446,0.017113037012354226
920.0,7.508837000175533,7.525952032117344,0.01711503194181052
921.0,7.508208903621968,7.525326033940399,0.01711713031843054
922.0,7.5075808449559,7.524700133938066,0.017119288982166303
923.0,7.506952824655766,7.524074325471169,0.017121500815402868
924.0,7.506324843200009,7.523448601900534,0.017123758700525293
925.0,7.505696901067069,7.522822956586982,0.01712605551991242
926.0,7.5050689987353865,7.522197382891339,0.017128384155952858
927.0,7.504441136683401,7.521571874174429,0.017130737491027226
928.0,7.503813315389554,7.520946423797076,0.017133108407522357
929.0,7.5031855353322845,7.520321025120103,0.01713548978781887
930.0,7.502557796990034,7.519695671504336,0.01713787451430182
931.0,7.501930099322701,7.519070404006831,0.01714030468412986
932.0,7.501302441250457,7.518445252309115,0.017142811058657337
933.0,7.50067482319216,7.517820192708724,0.0171453695165642
934.0,7.500047245566659,7.517195201503195,0.01714795593653573
935.0,7.499419708792813,7.516570254990057,0.017150546197243877
936.0,7.498792213289474,7.515945329466848,0.017153116177373917
937.0,7.498164759475497,7.515320401231103,0.0171556417556058
938.0,7.497537347769734,7.514695446580353,0.017158098810618583
939.0,7.496909978591043,7.514070441812133,0.01716046322108955
940.0,7.496282652358276,7.51344536322398,0.01716271086570398
941.0,7.495655368158247,7.512820154565291,0.017164786407043664
942.0,7.495028125043029,7.512194809164848,0.01716668412181921
943.0,7.494400923379362,7.51156937768926,0.017168454309897996
944.0,7.493773763533987,7.5109439108051355,0.017170147271148295
945.0,7.493146645873643,7.510318459179087,0.017171813305443706
946.0,7.492519570765071,7.509693073477717,0.017173502712645394
947.0,7.491892538575013,7.509067804367638,0.017175265792625183
948.0,7.4912655496702065,7.50844270251546,0.01717715284525312
949.0,7.490638604417394,7.507817818587789,0.017179214170394808
950.0,7.490011703183316,7.507193203251235,0.01718150006791941
951.0,7.489384845165849,7.506568889473106,0.01718404430725773
952.0,7.488758029532447,7.505944842945155,0.017186813412707558
953.0,7.488131256604218,7.5053210134206525,0.01718975681643453
954.0,7.487504526702258,7.504697350652875,0.01719282395061672
955.0,7.486877840147677,7.504073804395097,0.01719596424741976
956.0,7.486251197261574,7.503450324400589,0.017199127139014614
957.0,7.485624598365054,7.502826860422629,0.017202262057574913
958.0,7.484998043779219,7.502203362214489,0.017205318435269845
959.0,7.484371533825175,7.501579779529444,0.017208245704269487
960.0,7.483745068824021,7.500956062120767,0.01721099329674569
961.0,7.483118648070843,7.50033217690154,0.01721352883069649
962.0,7.482492270834099,7.49970815759677,0.017215886762671495
963.0,7.481865937394949,7.499084054177617,0.017218116782667714
964.0,7.481239648034561,7.498459916615239,0.0172202685806786
965.0,7.480613403034097,7.497835794880798,0.017222391846701157
966.0,7.479987202674722,7.497211738945449,0.017224536270727064
967.0,7.4793610472376,7.496587798780354,0.017226751542753327
968.0,7.478734937003897,7.495964024356672,0.017229087352775174
969.0,7.478108872254774,7.495340465645563,0.017231593390788724
970.0,7.477482853271399,7.494717172618184,0.017234319346785654
971.0,7.47685687943391,7.494094144196601,0.017237264762690607
972.0,7.476230950099149,7.493471327880944,0.017240377781795324
973.0,7.475605065513322,7.492848696509472,0.017243630996150117
974.0,7.474979225922638,7.492226222920448,0.017246996997809738
975.0,7.474353431573307,7.491603879952129,0.017250448378822725
976.0,7.473727682711537,7.490981640442779,0.017253957731242053
977.0,7.473101979583538,7.490359477230656,0.017257497647118036
978.0,7.472476322435516,7.4897373631540205,0.01726104071850454
979.0,7.4718507115136825,7.489115271051132,0.01726455953744921
980.0,7.471225147064246,7.488493173760252,0.01726802669600591
981.0,7.470599628541791,7.487871081232218,0.017271452690426514
982.0,7.469974155380505,7.487249027150919,0.017274871770414535
983.0,7.469348727795998,7.486627019954194,0.01727829215819643
984.0,7.468723346003879,7.486005068079879,0.017281722076000428
985.0,7.468098010219755,7.485383179965815,0.01728516974606009
986.0,7.467472720659237,7.484761364049837,0.0172886433906001
987.0,7.466847477537934,7.484139628769785,0.01729215123185046
988.0,7.466222281071455,7.483517982563493,0.01729570149203763
989.0,7.46559713147541,7.482896433868802,0.0172993023933925
990.0,7.464972028965407,7.4822749911235515,0.017302962158144197
991.0,7.464346973061234,7.481653664900498,0.0173066918392637
992.0,7.463721963264804,7.481032452296475,0.01731048903167043
993.0,7.463096999764914,7.480411341535425,0.017314341770511277
994.0,7.462472082750356,7.479790320841296,0.01731823809094024
995.0,7.461847212409927,7.479169378438032,0.0173221660281051
996.0,7.461222388932421,7.478548502549577,0.017326113617156302
997.0,7.460597612506634,7.477927681399875,0.017330068893241624
998.0,7.459972883321362,7.477306903212875,0.017334019891512398
999.0,7.4593482015654,7.476686156212519,0.01733795464711907
1000.0,7.458723567427543,7.476065428622753,0.017341861195209418
1001.0,7.458098980484644,7.475444703783716,0.017345723299071913
1002.0,7.457474440297926,7.4748239846442734,0.017349544346347834
1003.0,7.456849947032726,7.474203288841452,0.017353341808726164
1004.0,7.456225500854389,7.473582634012282,0.017357133157893223
1005.0,7.455601101928255,7.472962037793789,0.017360935865534444
1006.0,7.454976750419666,7.472341517823005,0.01736476740333881
1007.0,7.454352446493964,7.471721091736956,0.017368645242992642
1008.0,7.453728190316492,7.471100777172672,0.017372586856179595
1009.0,7.453103982052589,7.47048059176718,0.017376609714591318
1010.0,7.452479821867599,7.46986055315751,0.017380731289910578
1011.0,7.451855709388286,7.46924071983383,0.01738501044554397
1012.0,7.45123164422774,7.468621105960486,0.017389461732745914
1013.0,7.450607626530788,7.468001662685786,0.01739403615499846
1014.0,7.4499836564422575,7.467382341158028,0.01739868471577033
1015.0,7.449359734106978,7.466763092525514,0.017403358418535575
1016.0,7.4487358596697755,7.466143867936544,0.01740800826676825
1017.0,7.44811203327548,7.465524618539423,0.017412585263942404
1018.0,7.447488255068919,7.464905295482449,0.017417040413530316
1019.0,7.446864525194919,7.464285849913928,0.0174213247190087
1020.0,7.446240843798309,7.463666232982157,0.01742538918384806
1021.0,7.445617210549618,7.463046412174746,0.017429201625128066
1022.0,7.4449936251073625,7.462426420078459,0.0174327949710964
1023.0,7.444370087598354,7.461806305490332,0.017436217891978245
1024.0,7.443746598149403,7.461186117207403,0.017439519058000563
1025.0,7.443123156887321,7.460565904026712,0.0174427471393912
1026.0,7.44249976393892,7.459945714745296,0.01744595080637623
1027.0,7.441876419431009,7.459325598160192,0.0174491787291835
1028.0,7.4412531234904,7.45870560306844,0.01745247957803997
1029.0,7.4406298762439045,7.4580857782670735,0.017455902023169045
1030.0,7.440006677818332,7.457466172553135,0.017459494734803016
1031.0,7.439383527922492,7.4568467757015755,0.0174632477790837
1032.0,7.438760426254709,7.4562275313878255,0.017467105133116334
1033.0,7.4381373729260805,7.4556084192596375,0.017471046333557005
1034.0,7.437514368047695,7.454989418964762,0.017475050917067136
1035.0,7.436891411730646,7.45437051015095,0.017479098420303707
1036.0,7.43626850408603,7.453751672465954,0.017483168379923697
1037.0,7.4356456452249375,7.453132885557523,0.017487240332585863
1038.0,7.43502283525846,7.452514129073413,0.0174912938149534
1039.0,7.434400074297692,7.451895382661372,0.01749530836368063
1040.0,7.433777362453726,7.451276625969154,0.017499263515428076
1041.0,7.433154699468872,7.450657884753597,0.017503185284724943
1042.0,7.4325320850762475,7.450039194425127,0.017507109348879446
1043.0,7.43190951937316,7.449420549111865,0.017511029738705552
1044.0,7.431287002456917,7.448801942941936,0.017514940485019004
1045.0,7.430664534424826,7.448183370043463,0.01751883561863643
1046.0,7.430042115374195,7.447564824544568,0.017522709170372686
1047.0,7.429419745402331,7.446946300573378,0.017526555171047065
1048.0,7.428797424606543,7.446327792258014,0.01753036765147087
1049.0,7.428175153084138,7.4457092937266,0.017534140642462503
1050.0,7.427552930932422,7.44509079910726,0.017537868174837712
1051.0,7.426930757922956,7.444472310931759,0.01754155300880278
1052.0,7.426308633819301,7.443853836694873,0.017545202875572485
1053.0,7.4256865587067615,7.443235377969241,0.017548819262479753
1054.0,7.425064532670639,7.442616936327502,0.017552403656862836
1055.0,7.42444255579624,7.441998513342292,0.017555957546051992
1056.0,7.423820628168872,7.441380110586249,0.01755948241737748
1057.0,7.423198749873837,7.440761729632013,0.01756297975817578
1058.0,7.422576920996439,7.440143372052221,0.017566451055781585
1059.0,7.421955141621984,7.439525039419512,0.017569897797527823
1060.0,7.421333411835776,7.438906733306522,0.017573321470746528
1061.0,7.4207117314352224,7.438288445637352,0.017576714202129473
1062.0,7.420090100210592,7.437670170292629,0.01758007008203677
1063.0,7.41946851823649,7.437051911779786,0.017583393543295855
1064.0,7.418846985587519,7.436433674606255,0.017586689018735946
1065.0,7.418225502338283,7.43581546327947,0.017589960941187144
1066.0,7.417604068563383,7.435197282306862,0.017593213743478664
1067.0,7.416982684337425,7.434579136195862,0.017596451858437057
1068.0,7.41636134973501,7.433961029453907,0.017599679718896866
1069.0,7.415740064830742,7.433342966588425,0.017602901757682865
1070.0,7.4151188296992245,7.4327249521068515,0.017606122407626934
1071.0,7.414497644213964,7.4321068912644215,0.017609247050457633
1072.0,7.413876508218527,7.43148872674563,0.01761221852710282
1073.0,7.413255421742606,7.430870519201791,0.01761509745918577
1074.0,7.4126343848158935,7.430252329284226,0.017617944468332425
1075.0,7.412013397468085,7.429634217644247,0.017620820176161622
1076.0,7.411392459728871,7.429016244933173,0.017623785204301967
1077.0,7.410771571627945,7.428398471802321,0.017626900174375848
1078.0,7.410150733195003,7.427780958903009,0.017630225708005653
1079.0,7.409529944459735,7.427163766886551,0.01763382242681555
1080.0,7.4089092054518355,7.426546956404266,0.017637750952430586
1081.0,7.408288515906903,7.425930620925587,0.017642105018683907
1082.0,7.407667875638433,7.425314749273501,0.01764687363506834
1083.0,7.407047284792966,7.424699245129664,0.017651960336698025
1084.0,7.4064267435170414,7.424084012175731,0.017657268658689773
1085.0,7.405806251957197,7.423468954093354,0.017662702136156838
1086.0,7.405185810259975,7.4228539745641875,0.017668164304212475
1087.0,7.404565418571914,7.4222389772698865,0.017673558697972602
1088.0,7.403945077039553,7.421623865892104,0.017678788852551364
1089.0,7.40332478580943,7.421008544112494,0.01768375830306379
1090.0,7.402704545028089,7.42039291561271,0.017688370584620472
1091.0,7.402084354588336,7.4197770186103105,0.017692664021974558
1092.0,7.401464214269668,7.419160974198681,0.017696759929012984
1093.0,7.400844124048649,7.418544810373216,0.01770068632456745
1094.0,7.400224083901848,7.417928555129313,0.017704471227465213
1095.0,7.399604093805828,7.417312236462366,0.017708142656537973
1096.0,7.3989841537371595,7.416695882367773,0.017711728630613877
1097.0,7.398364263672404,7.416079520840929,0.01771525716852551
1098.0,7.39774442358813,7.415463179877229,0.01771875628909836
1099.0,7.397124633460906,7.414846887472068,0.01772225401116234
1100.0,7.396504893267291,7.414230671620844,0.017725778353552712
1101.0,7.395885202913724,7.413614521571635,0.01772931865791083
1102.0,7.395265562363562,7.412998402318434,0.017732839954871515
1103.0,7.39464597167878,7.412382305475509,0.01773633379672912
1104.0,7.394026430921341,7.411766222657126,0.017739791735785104
1105.0,7.39340694015322,7.411150145477554,0.01774320532433382
1106.0,7.392787499436383,7.41053406555106,0.01774656611467673
1107.0,7.3921681088328,7.409917974491912,0.01774986565911174
1108.0,7.39154876840444,7.409301863914376,0.017753095509935868
1109.0,7.390929478213272,7.40868572543272,0.017756247219447907
1110.0,7.390310238321265,7.408069550661213,0.01775931233994754
1111.0,7.389691048608636,7.407453264665077,0.017762216056440572
1112.0,7.389071908935552,7.406836834509189,0.017764925573636958
1113.0,7.3884528193339145,7.4062203148072925,0.01776749547337797
1114.0,7.38783377983562,7.405603760173132,0.01776998033751198
1115.0,7.387214790472566,7.404987225220451,0.01777243474788559
1116.0,7.3865958512766525,7.404370764562994,0.017774913286341842
1117.0,7.385976962279775,7.403754432814506,0.017777470534730888
1118.0,7.385358123513834,7.403138284588731,0.01778016107489666
1119.0,7.3847393350107255,7.402522374499411,0.01778303948868576
1120.0,7.384120596802348,7.401906757160294,0.01778616035794567
1121.0,7.383501908794255,7.401291481384843,0.017789572590587888
1122.0,7.3828832708918455,7.400676517556756,0.01779324666491089
1123.0,7.3822646831267855,7.4000618026451335,0.017797119518347948
1124.0,7.38164614553074,7.399447273619067,0.017801128088327012
1125.0,7.381027658135381,7.398832867447655,0.017805209312273362
1126.0,7.380409220972371,7.398218521099991,0.017809300127619387
1127.0,7.379790834073381,7.397604171545172,0.017813337471791257
1128.0,7.3791724974700745,7.396989755752292,0.017817258282217807
1129.0,7.378554211194119,7.396375210690451,0.017820999496331424
1130.0,7.377935975277184,7.39576047332874,0.017824498051555615
1131.0,7.377317789610533,7.395145534386227,0.017827744775694043
1132.0,7.376699654091837,7.394530454064818,0.017830799972981204
1133.0,7.376081568762371,7.393915273557877,0.017833704795505945
1134.0,7.375463533663406,7.393300034058762,0.017836500395356225
1135.0,7.374845548836218,7.392684776760838,0.017839227924620005
1136.0,7.374227614322081,7.392069542857465,0.017841928535384355
1137.0,7.373609730162268,7.391454373542005,0.017844643379737235
1138.0,7.3729918963980525,7.390839310007818,0.017847413609765717
1139.0,7.37237411307071,7.3902243934482685,0.017850280377558647
1140.0,7.371756380221513,7.3896096650567165,0.017853284835203098
1141.0,7.371138697740001,7.388995120936197,0.017856423196195514
1142.0,7.370521065512883,7.3883807161721,0.017859650659216797
1143.0,7.369903483577181,7.387766430431315,0.01786294685413381
1144.0,7.3692859519699185,7.38715224338073,0.01786629141081164
1145.0,7.368668470728119,7.38653813468724,0.017869663959120707
1146.0,7.368051039888806,7.38592408401773,0.017873044128923432
1147.0,7.367433659489006,7.385310071039094,0.017876411550088456
1148.0,7.366816329565738,7.384696075418221,0.017879745852482642
1149.0,7.366199050156029,7.384082076822,0.01788302666597108
1150.0,7.3655818212969,7.383468054917323,0.01788623362042241
1151.0,7.364964642893285,7.382853990978419,0.017889348085134316
1152.0,7.364347514844807,7.382239895686166,0.017892380841359135
1153.0,7.363730437180537,7.381625792817422,0.017895355636884602
1154.0,7.363113409929544,7.3810117061490415,0.017898296219497567
1155.0,7.362496433120896,7.38039765945788,0.01790122633698399
1156.0,7.361879506783661,7.379783676520798,0.017904169737136932
1157.0,7.361262630946909,7.37916978111465,0.01790715016774147
1158.0,7.360645805639708,7.378555997016293,0.017910191376585338
1159.0,7.360029030891127,7.377942348002583,0.017913317111456273
1160.0,7.359412306730235,7.377328857850378,0.0179165511201429
1161.0,7.358795633084759,7.37671555598485,0.01791992290009148
1162.0,7.35817900987521,7.376102434057181,0.017923424181971015
1163.0,7.3575624371198405,7.375489459183243,0.01792702206340291
1164.0,7.356945914836897,7.374876598478907,0.01793068364200945
1165.0,7.356329443044629,7.374263819060046,0.017934376015416476
1166.0,7.355713021761288,7.3736510880425294,0.017938066281241838
1167.0,7.355096651005118,7.37303837254223,0.017941721537112265
1168.0,7.354480330794372,7.3724256396750185,0.017945308880646493
1169.0,7.353864061147296,7.371812856556768,0.01794879540947214
1170.0,7.353247842082141,7.371199990303348,0.017952148221206166
1171.0,7.352631673548924,7.3705869955682,0.017955322019275854
1172.0,7.352015555491747,7.369973881260702,0.017958325768955063
1173.0,7.351399487919988,7.369360695880631,0.017961207960643044
1174.0,7.350783470843025,7.368747487927763,0.01796401708473816
1175.0,7.350167504270234,7.368134305901873,0.017966801631638774
1176.0,7.349551588210996,7.3675211983027395,0.01796961009174325
1177.0,7.348935722674688,7.366908213630139,0.017972490955450837
1178.0,7.348319907670686,7.366295400383848,0.017975492713161678
1179.0,7.347704143208372,7.36568280706364,0.017978663855268806
1180.0,7.347088429297118,7.365070482169297,0.017982052872178578
1181.0,7.346472765899746,7.364458446011864,0.017985680112118096
1182.0,7.345857152976663,7.363846659491911,0.017989506515248443
1183.0,7.345241590533639,7.363235081993494,0.017993491459855626
1184.0,7.344626078576438,7.362623672900669,0.01799759432423098
1185.0,7.344010617110827,7.3620123915974895,0.018001774486662292
1186.0,7.343395206142576,7.361401197468014,0.01800599132543823
1187.0,7.342779845677449,7.360790049896296,0.01801020421884658
1188.0,7.342164535721215,7.360178908266392,0.018014372545176904
1189.0,7.34154927627964,7.359567731962357,0.018018455682716983
1190.0,7.34093406735849,7.358956480368246,0.01802241300975549
1191.0,7.340318908921258,7.358345166206078,0.01802625728481999
1192.0,7.339703800932477,7.357733838662502,0.018030037730024873
1193.0,7.339088743399465,7.357122511818516,0.01803376841905102
1194.0,7.33847373632955,7.356511199755119,0.018037463425569555
1195.0,7.337858779730056,7.355899916553312,0.018041136823256032
1196.0,7.337243873608305,7.3552886762940926,0.018044802685787786
1197.0,7.336629017971622,7.3546774930584595,0.018048475086837712
1198.0,7.33601421282733,7.354066380927414,0.01805216810008403
1199.0,7.335399458182754,7.3534553539819525,0.01805589579919875
1200.0,7.334784754045218,7.3528444263030766,0.018059672257858317
1201.0,7.334170100370865,7.3522335875909075,0.018063487220042695
1202.0,7.333555497118526,7.351622817504748,0.01806732038622183
1203.0,7.332940944299556,7.351012115064365,0.018071170764809352
1204.0,7.332326441925313,7.350401479289526,0.018075037364212676
1205.0,7.331711990007154,7.3497909091999984,0.018078919192844545
1206.0,7.331097588556434,7.34918040381555,0.018082815259116813
1207.0,7.330483237584508,7.34856996215595,0.018086724571442225
1208.0,7.329868937102734,7.347959583240963,0.018090646138229083
1209.0,7.329254687122468,7.347349266090358,0.01809457896789013
1210.0,7.328640487655065,7.346739009723903,0.018098522068838108
1211.0,7.328026338648447,7.3461287627410785,0.018102424092631075
1212.0,7.327412240052689,7.345518497588105,0.018106257535416503
1213.0,7.326798191882378,7.344908249054862,0.018110057172484595
1214.0,7.326184194152103,7.344298051931231,0.018113857779128217
1215.0,7.325570246876454,7.343687941007088,0.01811769413063402
1216.0,7.3249563500700186,7.343077951072317,0.018121601002298426
1217.0,7.324342503747386,7.342468116916794,0.018125613169408084
1218.0,7.323728707923144,7.341858473330399,0.018129765407254972
1219.0,7.323114962611882,7.341249055103014,0.01813409249113196
1220.0,7.322501267828188,7.3406398970245155,0.01813862919632747
1221.0,7.3218876235168,7.340031107224267,0.01814348370746721
1222.0,7.321274029622662,7.339422709579204,0.01814867995654179
1223.0,7.320660486160672,7.338814612500576,0.018154126339903875
1224.0,7.320046993145732,7.338206724399627,0.018159731253894584
1225.0,7.31943355059274,7.337598953687603,0.01816540309486303
1226.0,7.318820158516598,7.336991208775749,0.018171050259151222
1227.0,7.318206816932204,7.336383398075311,0.018176581143107384
1228.0,7.317593525854458,7.335775429997536,0.018181904143077965
1229.0,7.31698028529826,7.335167212953667,0.018186927655407636
1230.0,7.316367095278508,7.334558655354952,0.018191560076443736
1231.0,7.31575395574376,7.333949693584007,0.018195737840247084
1232.0,7.315140866640744,7.333340387219914,0.01819952057917007
1233.0,7.314527827981627,7.332730829468613,0.018203001486985393
1234.0,7.313914839778578,7.3321211135360445,0.01820627375746664
1235.0,7.31330190204376,7.331511332628152,0.01820943058439184
1236.0,7.31268901478934,7.330901579950875,0.018212565161534577
1237.0,7.312076178027485,7.330291948710153,0.018215770682667554
1238.0,7.311463391770363,7.3296825321119305,0.018219140341567908
1239.0,7.310850656030137,7.329073423362146,0.018222767332009226
1240.0,7.310237970818976,7.328464715666742,0.018226744847765985
1241.0,7.309625336094191,7.327856461604577,0.018231125510386192
1242.0,7.309012751810208,7.327248593605412,0.01823584179520399
1243.0,7.308400217974863,7.32664102465154,0.018240806676677046
1244.0,7.307787734595988,7.326033667725256,0.018245933129268366
1245.0,7.307175301681419,7.325426435808851,0.01825113412743118
1246.0,7.306562919238992,7.324819241884621,0.018256322645629375
1247.0,7.30595058727654,7.324211998934856,0.018261411658316185
1248.0,7.305338305801898,7.323604619941851,0.018266314139952833
1249.0,7.304726074822901,7.322997017887899,0.01827094306499788
1250.0,7.304113894347384,7.322389105755294,0.018275211407909886
1251.0,7.303501764342138,7.321780858495282,0.01827909415314455
1252.0,7.302889684771348,7.321172352390536,0.01828266761918851
1253.0,7.302277655638929,7.320563652420478,0.01828599678154852
1254.0,7.3016656769488035,7.319954823564533,0.018289146615729557
1255.0,7.301053748704885,7.319345930802128,0.018292182097242815
1256.0,7.3004418709110945,7.318737039112686,0.018295168201591494
1257.0,7.299830043571349,7.318128213475635,0.0182981699042859
1258.0,7.29921826668957,7.317519518870397,0.018301252180827454
1259.0,7.298606540269669,7.3169110202763985,0.01830448000672913
1260.0,7.297994864315569,7.316302782673065,0.0183079183574959
1261.0,7.29738323880038,7.315694814072797,0.018311575272417002
1262.0,7.296771663695855,7.315087051497217,0.018315387801361993
1263.0,7.296160139003883,7.314479453439592,0.018319314435709444
1264.0,7.295548664726348,7.313871978393187,0.018323313666838814
1265.0,7.294937240865142,7.313264584851263,0.01832734398612068
1266.0,7.294325867422151,7.312657231307085,0.018331363884934504
1267.0,7.293714544399261,7.312049876253916,0.018335331854654413
1268.0,7.293103271798363,7.311442478185023,0.018339206386659868
1269.0,7.292492049621343,7.310834995593668,0.018342945972324998
1270.0,7.291880877870087,7.310227386973115,0.018346509103028374
1271.0,7.291269756519216,7.309619627487963,0.01834987096874663
1272.0,7.290658685543434,7.3090117463816755,0.018353060838241397
1273.0,7.290047664944758,7.3084037832658115,0.018356118321053216
1274.0,7.2894366947252065,7.307795777751928,0.018359083026721734
1275.0,7.2888257748867975,7.307187769451585,0.018361994564787487
1276.0,7.288214905431544,7.306579797976341,0.01836489254479723
1277.0,7.287604086361466,7.305971902937754,0.018367816576287943
1278.0,7.286993317678582,7.305364123947384,0.018370806268801942
1279.0,7.286382599384908,7.304756500616789,0.01837390123188154
1280.0,7.285771931482459,7.304149072557526,0.01837714107506727
1281.0,7.2851613139435445,7.303541832022943,0.018380518079398556
1282.0,7.284550746741457,7.302934733592049,0.018383986850591505
1283.0,7.28394022987969,7.302327760364907,0.01838753048521724
1284.0,7.283329763361737,7.301720895441577,0.018391132079840666
1285.0,7.282719347191091,7.30111412192212,0.018394774731028463
1286.0,7.282108981371246,7.300507422906594,0.018398441535348198
1287.0,7.281498665905696,7.299900781495064,0.01840211558936833
1288.0,7.280888400797934,7.299294180787589,0.018405779989654647
1289.0,7.280278186051455,7.298687603884229,0.018409417832773833
1290.0,7.279668021669751,7.298081033885047,0.018413012215295232
1291.0,7.279057907621566,7.297474460624438,0.01841655300287215
1292.0,7.278447843876686,7.296867895972854,0.01842005209616815
1293.0,7.277837830440163,7.296261356084423,0.018423525644259975
1294.0,7.277227867317052,7.295654857113279,0.018426989796227033
1295.0,7.276617954512409,7.295048415213554,0.01843046070114518
1296.0,7.276008092031287,7.294442046539377,0.018433954508090267
1297.0,7.275398279878741,7.2938357672448815,0.018437487366140815
1298.0,7.274788518059825,7.2932295934842,0.018441075424374453
1299.0,7.274178806579596,7.292623541411463,0.018444734831867038
1300.0,7.273569145443105,7.292017627180803,0.018448481737697975
1301.0,7.272959534616887,7.291411857970896,0.01845232335400926
1302.0,7.272349974067878,7.290806220980737,0.01845624691285863
1303.0,7.271740463801743,7.2902007023949285,0.018460238593185352
1304.0,7.271131003824146,7.2895952883980755,0.018464284573929568
1305.0,7.2705215941407495,7.288989965174782,0.018468371034032316
1306.0,7.26991223475722,7.288384718909651,0.01847248415243108
1307.0,7.269302925679219,7.287779535787287,0.01847661010806778
1308.0,7.268693666912412,7.287174401992295,0.01848073507988257
1309.0,7.2680844584624635,7.286569303709277,0.01848484524681382
1310.0,7.267475300335037,7.28596422712284,0.01848892678780345
1311.0,7.266866192497146,7.285359179325638,0.018492986828491986
1312.0,7.2662571349153655,7.2847541785744365,0.01849704365907101
1313.0,7.265648127594701,7.284149227800011,0.018501100205310372
1314.0,7.265039170540155,7.283544329933136,0.018505159392980808
1315.0,7.2644302637567355,7.282939487904582,0.018509224147846837
1316.0,7.263821407249446,7.282334704645125,0.018513297395679196
1317.0,7.263212601023293,7.281729983085539,0.018517382062245957
1318.0,7.26260384508328,7.2811253261565945,0.018521481073314305
1319.0,7.261995139434413,7.280520736789066,0.0185255973546532
1320.0,7.261386484081697,7.279916217913729,0.018529733832031603
1321.0,7.260777878994999,7.2793117971616415,0.01853391816664285
1322.0,7.260169324143163,7.278707486829193,0.01853816268602948
1323.0,7.259560819529659,7.2781032668451475,0.018542447315488708
1324.0,7.258952365157961,7.277499117138274,0.018546751980313303
1325.0,7.258343961031539,7.276895017637338,0.018551056605799587
1326.0,7.257735607153865,7.2762909482711065,0.01855534111724122
1327.0,7.257127303528411,7.275686888968345,0.018559585439933635
1328.0,7.256519050158649,7.27508281965782,0.01856376949917138
1329.0,7.255910847048049,7.2744787202682994,0.018567873220250775
1330.0,7.255302694200084,7.273874570728548,0.018571876528464593
1331.0,7.254694591588343,7.273270407415319,0.018575815826975983
1332.0,7.254086539185335,7.272666271352496,0.018579732167161467
1333.0,7.253478536992903,7.272062149439531,0.018583612446628095
1334.0,7.252870585012896,7.271458028575879,0.018587443562983808
1335.0,7.2522626832471575,7.270853895660999,0.018591212413841873
1336.0,7.251654831697535,7.270249737594342,0.01859490589680668
1337.0,7.251047030365876,7.269645541275363,0.018598510909487054
1338.0,7.250439279254024,7.269041293603522,0.018602014349497153
1339.0,7.249831578363827,7.268436981478268,0.018605403114440477
1340.0,7.249223927697133,7.267832591799059,0.018608664101925854
1341.0,7.248616327230436,7.2672280362808435,0.018611709050407654
1342.0,7.248008776939551,7.266623279453998,0.018614502514446407
1343.0,7.247401276825297,7.266018387441116,0.0186171106158195
1344.0,7.246793826888491,7.265413426364801,0.018619599476309645
1345.0,7.246186427129954,7.264808462347644,0.018622035217689792
1346.0,7.245579077550504,7.2642035615122476,0.018624483961743543
1347.0,7.244971778150958,7.263598789981208,0.018627011830249174
1348.0,7.244364528932136,7.26299421387712,0.01862968494498407
1349.0,7.243757329894857,7.262389899322586,0.018632569427729173
1350.0,7.243150181039938,7.2617859124402,0.018635731400262756
1351.0,7.242543082345012,7.261182192889315,0.018639110544302895
1352.0,7.241936033787595,7.26057863846544,0.018642604677845398
1353.0,7.241329035368328,7.25997525249541,0.018646217127082032
1354.0,7.240722087087858,7.259372038306057,0.018649951218199234
1355.0,7.240115188946826,7.258768999224215,0.01865381027738966
1356.0,7.239508340945874,7.258166138576718,0.018657797630844186
1357.0,7.2389015430856505,7.257563459690401,0.01866191660475014
1358.0,7.2382947953667935,7.256960965892096,0.01866617052530284
1359.0,7.237688097789949,7.256358660508639,0.018670562718690498
1360.0,7.2370814503557614,7.255756546866861,0.018675096511099554
1361.0,7.23647485304129,7.255154767010802,0.018679913969511297
1362.0,7.235868305823927,7.2545533962792,0.018685090455273112
1363.0,7.235261808704797,7.253952337940947,0.018690529236150333
1364.0,7.234655361685036,7.253351495264929,0.018696133579893193
1365.0,7.234048964765771,7.252750771520038,0.018701806754267025
1366.0,7.233442617948135,7.25215006997516,0.018707452027025617
1367.0,7.2328363212332585,7.251549293899187,0.018712972665928085
1368.0,7.2322300746222705,7.250948346561005,0.018718271938734432
1369.0,7.231623878116306,7.250347131229505,0.018723253113199334
1370.0,7.231017731716491,7.249745551173575,0.018727819457083683
1371.0,7.230411635398474,7.24914359777757,0.018731962379095357
1372.0,7.229805589138349,7.248541366497241,0.018735777358892314
1373.0,7.229199592937936,7.247938916708556,0.018739323770620153
1374.0,7.228593646799047,7.24733630778749,0.018742660988443127
1375.0,7.2279877507235,7.2467335991100175,0.018745848386517494
1376.0,7.227381904713109,7.246130850052111,0.018748945339002177
1377.0,7.226776108769689,7.245528119989745,0.018752011220056097
1378.0,7.226170362895056,7.2449254682988915,0.018755105403835515
1379.0,7.225564667091026,7.244322954355525,0.018758287264498463
1380.0,7.224959021359412,7.243720637535617,0.018761616176204754
1381.0,7.224353425674683,7.2431184470864105,0.018765021411727645
1382.0,7.22374788001158,7.242516282113083,0.01876840210150288
1383.0,7.2231423843723315,7.241914156778511,0.01877177240617911
1384.0,7.2225369387591645,7.241312085245571,0.01877514648640677
1385.0,7.221931543174303,7.240710081677146,0.0187785385028425
1386.0,7.2213261976199785,7.24010816023611,0.01878196261613141
1387.0,7.220720902098417,7.239506335085342,0.01878543298692481
1388.0,7.220115656611845,7.2389046203877205,0.0187889637758758
1389.0,7.21951046116249,7.238303030306123,0.01879256914363303
1390.0,7.21890531575258,7.237701579003427,0.018796263250846934
1391.0,7.218300220356373,7.237100345493501,0.01880012513712792
1392.0,7.217695174948076,7.236499358944274,0.01880418399619721
1393.0,7.217090179529832,7.23589855874971,0.018808379219878546
1394.0,7.216485234103785,7.235297884303774,0.018812650199989456
1395.0,7.2158803386720765,7.234697275000435,0.018816936328358125
1396.0,7.215275493236853,7.234096670233657,0.018821176996803857
1397.0,7.214670697800257,7.233496009397407,0.018825311597150396
1398.0,7.214065952364431,7.232895231885649,0.018829279521218822
1399.0,7.213461256931521,7.23229427709235,0.018833020160829328
1400.0,7.2128566115036685,7.231693084411478,0.01883647290780921
1401.0,7.212252016055955,7.231091573367439,0.0188395573114839
1402.0,7.211647470563131,7.230489762067829,0.01884229150469796
1403.0,7.211042975026846,7.2298877377813815,0.018844762754535616
1404.0,7.210438529448754,7.229285587776835,0.01884705832808109
1405.0,7.209834133830506,7.228683399322929,0.01884926549242305
1406.0,7.209229788173751,7.228081259688397,0.01885147151464661
1407.0,7.208625492480143,7.22747925614198,0.018853763661836886
1408.0,7.208021246751333,7.226877475952414,0.018856229201081653
1409.0,7.207417050988972,7.226276006388436,0.01885895539946425
1410.0,7.20681290519471,7.225674934718782,0.018862029524072454
1411.0,7.206208809345013,7.225074317669203,0.01886550832418976
1412.0,7.205604763415922,7.224474096113961,0.018869332698039365
1413.0,7.205000767408442,7.223874183544559,0.018873416136116816
1414.0,7.204396821323584,7.223274493452505,0.01887767212892033
1415.0,7.2037929251623565,7.222674939329303,0.018882014166946348
1416.0,7.203189078925768,7.222075434666463,0.01888635574069486
1417.0,7.202585282614829,7.221475892955487,0.018890610340657865
1418.0,7.201981536230547,7.220876227687885,0.01889469145733802
1419.0,7.201377839773931,7.220276352355159,0.01889851258122821
1420.0,7.200774193245992,7.219676180448818,0.018901987202826653
1421.0,7.20017059662448,7.2190756714542665,0.018905074829786983
1422.0,7.199567049886822,7.218474892542646,0.018907842655823792
1423.0,7.1989635530335345,7.217873918734065,0.018910365700530285
1424.0,7.1983601060651345,7.217272825048636,0.018912718983501442
1425.0,7.197756708982141,7.2166716865064675,0.018914977524326915
1426.0,7.19715336178507,7.216070578127671,0.018917216342601684
1427.0,7.19655006447444,7.215469574932359,0.018919510457918953
1428.0,7.195946817050768,7.214868751940639,0.01892193488987104
1429.0,7.1953436195145715,7.214268184172622,0.018924564658050258
1430.0,7.1947404718663694,7.213667946648418,0.018927474782048925
1431.0,7.194137374084578,7.213068038980648,0.01893066489606987
1432.0,7.19353432614751,7.21246838306649,0.018934056918979536
1433.0,7.19293132805552,7.211868937352908,0.01893760929738786
1434.0,7.192328379808968,7.211269660286861,0.01894128047789323
1435.0,7.191725481408211,7.2106705103153095,0.018945028907098482
1436.0,7.191122632853607,7.210071445885216,0.018948813031609113
1437.0,7.190519834145512,7.209472425443536,0.0189525912980244
1438.0,7.189917085284284,7.208873407437234,0.018956322152949845
1439.0,7.18931438627028,7.208274350313269,0.018959964042989164
1440.0,7.18871173710386,7.207675212518601,0.01896347541474075
1441.0,7.188109137763398,7.207076011114504,0.018966873351105917
1442.0,7.187506588227358,7.206476798670523,0.018970210443164603
1443.0,7.186904088496223,7.205877586896022,0.01897349839979867
1444.0,7.186301638570478,7.205278387500363,0.018976748929885545
1445.0,7.185699238450606,7.204679212192912,0.01897997374230531
1446.0,7.185096888137092,7.20408007268303,0.01898318454593806
1447.0,7.18449458763042,7.203480980680082,0.018986393049662098
1448.0,7.1838923369310725,7.202881947893431,0.018989610962358405
1449.0,7.183290136039535,7.20228298603244,0.018992849992905292
1450.0,7.18268798495629,7.201684106806474,0.018996121850183734
1451.0,7.182085883659206,7.201085299943303,0.01899941628409696
1452.0,7.181483832126336,7.200486547581744,0.019002715455408214
1453.0,7.1808818303584445,7.199887850047735,0.019006019689290277
1454.0,7.180279878356296,7.199289207667212,0.019009329310915923
1455.0,7.179677976120656,7.1986906207661105,0.01901264464545438
1456.0,7.179076123652289,7.198092089670369,0.0190159660180802
1457.0,7.17847432095196,7.197493614705922,0.019019293753962607
1458.0,7.177872568020433,7.196895196198707,0.019022628178273493
1459.0,7.177270864858473,7.196296834474659,0.019025969616186522
1460.0,7.1766692114668444,7.195698529859717,0.019029318392872696
1461.0,7.1760676078228665,7.195100289185645,0.019032681362778803
1462.0,7.175466053904001,7.1945021158980795,0.019036061994078146
1463.0,7.174864549711234,7.193904005243758,0.019039455532523952
1464.0,7.174263095245548,7.193305952469421,0.019042857223873
1465.0,7.173661690507933,7.192707952821808,0.019046262313874962
1466.0,7.173060335499369,7.192110001547659,0.01904966604829017
1467.0,7.172459030220844,7.191512093893712,0.01905306367286741
1468.0,7.1718577746733425,7.190914225106706,0.01905645043336346
1469.0,7.1712565688578485,7.190316390433384,0.019059821575535985
1470.0,7.170655412775348,7.189718585120482,0.019063172345133772
1471.0,7.1700543064029265,7.18912081524714,0.01906650884421346
1472.0,7.169453249717698,7.188523089113885,0.019069839396187227
1473.0,7.168852242720688,7.18792540529954,0.019073162578851388
1474.0,7.168251285412923,7.187327762382929,0.019076476970005807
1475.0,7.1676503777954315,7.186730158942874,0.019079781147442354
1476.0,7.167049519869236,7.186132593558201,0.019083073688965335
1477.0,7.166448711635364,7.185535064807732,0.019086353172368398
1478.0,7.165847953094843,7.184937571270291,0.019089618175447853
1479.0,7.165247244248698,7.1843401115247,0.01909286727600268
1480.0,7.164646585097955,7.183742684149785,0.019096099051830073
1481.0,7.164045975619906,7.183145198100242,0.019099222480335243
1482.0,7.1634454157917435,7.182547604264425,0.019102188472681192
1483.0,7.162844905614341,7.181949964121645,0.019105058507304484
1484.0,7.162244445088575,7.181352339151211,0.019107894062635467
1485.0,7.161644034215322,7.180754790832429,0.01911075661710715
1486.0,7.161043672995458,7.180157380644612,0.01911370764915432
1487.0,7.1604433614298575,7.1795601700670675,0.019116808637209992
1488.0,7.159843099519398,7.178963220579103,0.019120121059705397
1489.0,7.159242887264955,7.17836659366003,0.019123706395075324
1490.0,7.158642724667403,7.177770350789157,0.01912762612175367
1491.0,7.158042611704531,7.177174572147376,0.019131960442845042
1492.0,7.157442548353967,7.176579238308355,0.019136689954387442
1493.0,7.15684253461635,7.175984261340559,0.019141726724209107
1494.0,7.156242570492318,7.175389553312453,0.019146982820134717
1495.0,7.15564265598251,7.1747950262925055,0.01915237030999517
1496.0,7.155042791087565,7.174200592349181,0.019157801261616036
1497.0,7.154442975808121,7.173606163550944,0.019163187742822885
1498.0,7.153843210144817,7.173011651966263,0.019168441821445725
1499.0,7.153243494098292,7.172416969663603,0.019173475565311016
1500.0,7.152643827669182,7.171822028711429,0.01917820104224699
1501.0,7.15204421083581,7.171226958565574,0.019182747729764138
1502.0,7.151444643576353,7.1706319223235155,0.01918727874716275
1503.0,7.150845125891234,7.170036882516182,0.019191756624948653
1504.0,7.150245657780881,7.169441801674508,0.019196143893626783
1505.0,7.14964623924572,7.168846642329425,0.019200403083704742
1506.0,7.149046870286175,7.168251367011863,0.019204496725688358
1507.0,7.148447550902671,7.167655938252757,0.01920838735008612
1508.0,7.147848281095636,7.167060318583037,0.019212037487400302
1509.0,7.147249060865494,7.166464470533635,0.019215409668140282
1510.0,7.1466498902126725,7.165868356635483,0.01921846642281011
1511.0,7.146050769115844,7.165271796019474,0.019221026903630367
1512.0,7.145451697553613,7.16467472694058,0.019223029386967738
1513.0,7.1448526755262955,7.164077290615859,0.019224615089563635
1514.0,7.14425370303421,7.1634796282623645,0.01922592522815414
1515.0,7.143654780077675,7.1628818810971495,0.019227101019474446
1516.0,7.143055906657007,7.162284190337272,0.01922828368026508
1517.0,7.142457082772525,7.161686697199783,0.01922961442725768
1518.0,7.141858308424544,7.161089542901739,0.019231234477195436
1519.0,7.141259583613383,7.160492868660195,0.019233285046811766
1520.0,7.140660908339358,7.159896815692206,0.01923590735284808
1521.0,7.140062282581216,7.159301379645036,0.019239097063820765
1522.0,7.139463706317716,7.158706411337164,0.01924270501944747
1523.0,7.138865179549199,7.158111834742464,0.019246655193265738
1524.0,7.1382667022760105,7.157517573834812,0.019250871558801563
1525.0,7.137668274498489,7.156923552588081,0.0192552780895916
1526.0,7.13706989621698,7.156329694976146,0.01925979875916628
1527.0,7.136471567431822,7.155735924972883,0.019264357541061372
1528.0,7.13587328814336,7.155142166552165,0.019268878408804646
1529.0,7.135275058351935,7.154548343687868,0.019273285335932755
1530.0,7.134676878057889,7.1539543803538646,0.019277502295975246
1531.0,7.134078747239814,7.153360413286,0.01928166604618653
1532.0,7.133480665876367,7.152766597285442,0.019285931409075197
1533.0,7.132882633967989,7.152172883424055,0.019290249456066277
1534.0,7.132284651515122,7.151579222773696,0.019294571258574145
1535.0,7.131686718518205,7.15098556640623,0.019298847888024717
1536.0,7.131088834977681,7.150391865393516,0.019303030415835032
1537.0,7.130491000893988,7.149798070807416,0.019307069913427455
1538.0,7.129893216267571,7.149204133719792,0.0193109174522208
1539.0,7.129295481098869,7.148610005202504,0.019314524103634767
1540.0,7.12869779538832,7.148015636327416,0.019317840939095277
1541.0,7.128100159114299,7.147420937357892,0.019320778243592684
1542.0,7.127502572255242,7.146825909120889,0.019323336865647356
1543.0,7.126905034811694,7.146230638533652,0.019325603721958018
1544.0,7.126307546784197,7.145635212513426,0.019327665729228727
1545.0,7.1257101081732985,7.145039717977452,0.01932960980415377
1546.0,7.125112718979543,7.1444442418429785,0.019331522863435424
1547.0,7.124515379203472,7.143848871027246,0.019333491823774196
1548.0,7.123918088845633,7.143253692447502,0.01933560360186881
1549.0,7.1233208479065695,7.142658793020987,0.01933794511441711
1550.0,7.122723656386825,7.142064259664949,0.019340603278124036
1551.0,7.122126514264639,7.141470099730018,0.019343585465379398
1552.0,7.121529421518275,7.1408762270640915,0.01934680554581636
1553.0,7.12093237814832,7.140282588330296,0.019350210181976024
1554.0,7.120335384155357,7.139689130191763,0.019353746036405717
1555.0,7.119738439539972,7.1390957993116215,0.019357359771649207
1556.0,7.11914154430275,7.138502542353005,0.019360998050254707
1557.0,7.118544698444276,7.1379093059790435,0.019364607534767764
1558.0,7.117947901965133,7.137316036852867,0.019368134887733923
1559.0,7.117351154865907,7.136722681637604,0.019371526771696956
1560.0,7.116754457147183,7.136129186996387,0.019374729849204186
1561.0,7.116157808787213,7.135535539843061,0.01937773105584828
1562.0,7.115561209764235,7.134941788219006,0.019380578454771147
1563.0,7.114964660078813,7.134347970478663,0.019383310399850195
1564.0,7.114368159731509,7.13375412497647,0.019385965244961056
1565.0,7.1137717087228864,7.133160290066866,0.01938858134397936
1566.0,7.11317530705351,7.1325665041042905,0.01939119705078074
1567.0,7.11257895472394,7.131972805443182,0.019393850719241712
1568.0,7.111982651734741,7.131379232437979,0.01939658070323791
1569.0,7.111386398086475,7.130785823443122,0.019399425356646738
1570.0,7.110790193779706,7.13019261681305,0.01940242303334383
1571.0,7.110194038792866,7.129599608366549,0.019405569573683223
1572.0,7.1095979331043155,7.129006755958111,0.019408822853795193
1573.0,7.109001876714527,7.12841404099572,0.01941216428119308
1574.0,7.108405869623963,7.127821444887364,0.019415575263400875
1575.0,7.107809911833097,7.127228949041029,0.01941903720793281
1576.0,7.1072140033423885,7.126636534864704,0.019422531522315545
1577.0,7.106618144152311,7.126044183766373,0.019426039614062418
1578.0,7.106022334263327,7.125451877154023,0.01942954289069654
1579.0,7.105426573675906,7.124859596435642,0.019433022759735685
1580.0,7.104830862390516,7.124267323019215,0.019436460628698526
1581.0,7.104235200385806,7.123675043510016,0.019439843124209766
1582.0,7.10363958764037,7.123082769737503,0.019443182097132805
1583.0,7.1030440241545945,7.122490520945949,0.01944649679135413
1584.0,7.102448509928861,7.121898316379623,0.019449806450761997
1585.0,7.101853044963554,7.121306175282794,0.01945313031924023
1586.0,7.101257629259057,7.120714116899735,0.019456487640677977
1587.0,7.100662262815754,7.120122160474715,0.019459897658960834
1588.0,7.100066945634026,7.119530325252005,0.019463379617978838
1589.0,7.099471677714263,7.118938630475875,0.019466952761612255
1590.0,7.098876459056841,7.118347095390595,0.019470636333753788
1591.0,7.098281289640593,7.1177557288349504,0.019474439194357096
1592.0,7.097686169444307,7.117164515712947,0.019478346268639868
1593.0,7.097091098468302,7.116573439366682,0.019482340898380635
1594.0,7.096496076712902,7.115982483138259,0.01948640642535704
1595.0,7.095901104178426,7.115391630369774,0.019490526191347612
1596.0,7.095306180865201,7.114800864403329,0.01949468353812822
1597.0,7.094711306773546,7.114210168581023,0.01949886180747651
1598.0,7.094116481903781,7.113619526244955,0.01950304434117367
1599.0,7.093521706256233,7.113028920737225,0.01950721448099202
1600.0,7.09292697983122,7.112438335399933,0.01951135556871275
1601.0,7.092332302607652,7.111847803530133,0.019515500922481444
1602.0,7.091737674564432,7.111257360887944,0.019519686323511642
1603.0,7.091143095701874,7.110666994510065,0.019523898808190943
1604.0,7.090548566020291,7.110076691433197,0.01952812541290605
1605.0,7.089954085519995,7.1094864386940415,0.019532353174046335
1606.0,7.0893596542013,7.108896223329297,0.019536569127996728
1607.0,7.088765272064521,7.108306032375665,0.019540760311143934
1608.0,7.088170939109967,7.107715852869843,0.01954491375987555
1609.0,7.087576655337957,7.107125671848532,0.019549016510575612
1610.0,7.086982420748799,7.106535476348433,0.019553055599633495
1611.0,7.086388235321371,7.105945268058202,0.01955703273683085
1612.0,7.085794099034575,7.105355061358465,0.019560962323890152
1613.0,7.085200011888761,7.104764862323884,0.019564850435123127
1614.0,7.084605973884279,7.104174677029115,0.019568703144836164
1615.0,7.084011985021481,7.103584511548817,0.019572526527336542
1616.0,7.083418045300716,7.102994371957651,0.019576326656935095
1617.0,7.082824154722334,7.102404264330276,0.019580109607941765
1618.0,7.082230313286687,7.1018141947413485,0.019583881454661167
1619.0,7.081636520994126,7.101224169265529,0.019587648271403246
1620.0,7.081042777845,7.100634193977476,0.01959141613247617
1621.0,7.0804490838180945,7.1000442984926995,0.01959521467460501
1622.0,7.07985543889223,7.099454492959732,0.019599054067501953
1623.0,7.079261843067809,7.098864754252768,0.019602911184958494
1624.0,7.078668296345227,7.0982750592459976,0.01960676290077057
1625.0,7.07807479872489,7.097685384813612,0.01961058608872257
1626.0,7.077481350207195,7.097095707829806,0.019614357622610434
1627.0,7.0768879507925435,7.096506005168769,0.019618054376225658
1628.0,7.076294600481337,7.095916253704695,0.01962165322335796
1629.0,7.075701299273975,7.095326430311777,0.01962513103780239
1630.0,7.075108047170859,7.094736511864207,0.01962846469334778
1631.0,7.074514844150721,7.094146417636881,0.019631573486160292
1632.0,7.073921690192304,7.093556126758473,0.019634436566168922
1633.0,7.073328585296029,7.0929657058838425,0.01963712058781386
1634.0,7.072735529462312,7.092375221667846,0.01963969220553441
1635.0,7.0721425226915775,7.091784740765345,0.019642218073767204
1636.0,7.071549564984242,7.091194329831194,0.019644764846952434
1637.0,7.070956656340722,7.090604055520252,0.01964739917953029
1638.0,7.070363796761442,7.090013984487379,0.01965018772593652
1639.0,7.069770986246818,7.089424183387432,0.019653197140613976
1640.0,7.0691782247972705,7.088834718875269,0.01965649407799841
1641.0,7.068585512391518,7.088245689570656,0.01966017717913804
1642.0,7.067992849008289,7.087657081015544,0.019664232007254867
1643.0,7.067400234648009,7.087068790248075,0.01966855560006664
1644.0,7.066807669311103,7.08648071430639,0.01967304499528666
1645.0,7.066215152998002,7.085892750228627,0.019677597230624677
1646.0,7.065622685709131,7.08530479505293,0.019682109343799326
1647.0,7.065030267444915,7.0847167458174365,0.019686478372521243
1648.0,7.064437898205786,7.084128499560287,0.01969060135450107
1649.0,7.063845577992166,7.083539953319625,0.019694375327459213
1650.0,7.063253306804485,7.082951004133587,0.01969769732910187
1651.0,7.062661084621537,7.082361608024937,0.019700523403400005
1652.0,7.062068911422089,7.081771847237018,0.019702935814929212
1653.0,7.061476787206524,7.081181808138842,0.019705020932318185
1654.0,7.060884711975224,7.080591577099424,0.019706865124200057
1655.0,7.060292685728574,7.080001240487776,0.019708554759201746
1656.0,7.059700708466956,7.079410884672911,0.0197101762059555
1657.0,7.059108780190751,7.078820596023847,0.019711815833095336
1658.0,7.0585169009003454,7.07823046090959,0.019713560009244624
1659.0,7.057925070596121,7.077640565699159,0.019715495103038272
1660.0,7.057333289278461,7.077050996761566,0.019717707483104974
1661.0,7.056741556926251,7.0764616904663535,0.019720133540102935
1662.0,7.056149873518362,7.075872521836854,0.01972264831849202
1663.0,7.05555823905515,7.075283485222761,0.019725246167610955
1664.0,7.054966653536973,7.074694574973771,0.01972792143679758
1665.0,7.054375116964188,7.074105785439577,0.019730668475388846
1666.0,7.05378362933715,7.073517110969875,0.019733481632725258
1667.0,7.053192190656218,7.072928545914358,0.019736355258140215
1668.0,7.052600800921749,7.072340084622725,0.019739283700975996
1669.0,7.052009460134098,7.071751721444667,0.019742261310568665
1670.0,7.0514181682936234,7.07116345072988,0.01974528243625695
1671.0,7.050826925379295,7.0705752961818895,0.019748370802594728
1672.0,7.050235731370061,7.069987276786806,0.019751545416744953
1673.0,7.049644586266248,7.069399379818201,0.019754793551952865
1674.0,7.049053490068185,7.0688115925496495,0.01975810248146459
1675.0,7.048462442776198,7.068223902254725,0.019761459478527144
1676.0,7.047871444390614,7.067636296207,0.019764851816385764
1677.0,7.04728049491176,7.067048761680046,0.01976826676828569
1678.0,7.046689594339964,7.066461285947438,0.01977169160747394
1679.0,7.046098742675552,7.065873856282748,0.01977511360719575
1680.0,7.045507939918851,7.065286459959551,0.01977852004069991
1681.0,7.044917186048879,7.06469907781157,0.019781891762690407
1682.0,7.044326481044648,7.064111712373633,0.019785231328984132
1683.0,7.043735824906484,7.06352438347097,0.01978855856448547
1684.0,7.043145217634707,7.062937110928809,0.01979189329410236
1685.0,7.042554659229638,7.062349914572377,0.019795255342739182
1686.0,7.0419641496916014,7.061762814226904,0.01979866453530299
1687.0,7.04137368902092,7.061175829717618,0.01980214069669728
1688.0,7.0407832772179155,7.060588980869747,0.019805703651831763
1689.0,7.040192914282912,7.060002287508519,0.019809373225607274
1690.0,7.039602600216228,7.059415769459162,0.019813169242933526
1691.0,7.039012334996899,7.058829470768563,0.019817135771663885
1692.0,7.038422118603959,7.058243395284742,0.019821276680782596
1693.0,7.037831951037734,7.057657502534635,0.01982555149690146
1694.0,7.037241832298546,7.057071752045176,0.01982991974662962
1695.0,7.036651762386724,7.056486103343297,0.01983434095657266
1696.0,7.036061741302591,7.055900515955932,0.019838774653340607
1697.0,7.035471769046475,7.055314949410017,0.0198431803635426
1698.0,7.034881845618697,7.054729363232483,0.019847517613786003
1699.0,7.034291971019585,7.054143716950264,0.019851745930679066
1700.0,7.033702145249466,7.053557970090297,0.019855824840830927
1701.0,7.0331123682873535,7.052972160418153,0.01985979213079947
1702.0,7.032522640112283,7.052386350886632,0.019863710774348675
1703.0,7.031932960724595,7.0518005388035085,0.01986757807891326
1704.0,7.031343330124636,7.051214721476555,0.019871391351919065
1705.0,7.030753748312746,7.050628896213544,0.01987514790079814
1706.0,7.030164215289271,7.050043060322247,0.019878845032976322
1707.0,7.029574731054554,7.049457211110439,0.019882480055884777
1708.0,7.028985295608939,7.04887134588589,0.019886050276951117
1709.0,7.028395908952768,7.048285461956374,0.019889553003606508
1710.0,7.027806571086388,7.047699556629666,0.019892985543277675
1711.0,7.027217281988792,7.047113541538304,0.019896259549512685
1712.0,7.026628041638987,7.04652737038033,0.019899328741343147
1713.0,7.0260388500373345,7.045941103561764,0.019902253524429092
1714.0,7.025449707184189,7.045354801488625,0.019905094304436766
1715.0,7.0248606130799125,7.044768524566938,0.01990791148702531
1716.0,7.024271567724861,7.044182333202721,0.019910765477860082
1717.0,7.023682571119394,7.043596287801995,0.019913716682600224
1718.0,7.023093623263873,7.043010448770779,0.019916825506906655
1719.0,7.022504724158651,7.0424248765150965,0.01992015235644562
1720.0,7.021915873804092,7.0418396314409675,0.019923757636875372
1721.0,7.021327072179178,7.041254731359267,0.019927659180089208
1722.0,7.0207383192629,7.040670123390329,0.019931804127428343
1723.0,7.020149615055629,7.040085761904354,0.019936146848725578
1724.0,7.019560959557732,7.039501601271554,0.019940641713821705
1725.0,7.018972352769577,7.03891759586213,0.019945243092553078
1726.0,7.018383794691531,7.038333700046287,0.019949905354756048
1727.0,7.017795285323965,7.037749868194232,0.019954582870266968
1728.0,7.017206824667246,7.037166054676169,0.01995923000892308
1729.0,7.016618412721744,7.036582213862305,0.019963801140560733
1730.0,7.016030049487825,7.035998300122842,0.01996825063501717
1731.0,7.015441734944511,7.035414354021151,0.01997261907664072
1732.0,7.0148534690708075,7.034830445407944,0.019976976337136243
1733.0,7.014265251867067,7.034246572584442,0.019981320717374906
1734.0,7.013677083333638,7.033662733851866,0.01998565051822787
1735.0,7.013088963470871,7.033078927511438,0.019989964040567187
1736.0,7.012500892279117,7.03249515186438,0.019994259585262242
1737.0,7.011912869758723,7.031911405211911,0.01999853545318775
1738.0,7.01132489591004,7.031327685855256,0.020002789945216648
1739.0,7.010736970733418,7.030743992095635,0.020007021362217436
1740.0,7.010149094229207,7.030160322234269,0.020011228005062165
1741.0,7.009561266376483,7.0295767278150025,0.02001546143851929
1742.0,7.008973487154311,7.028993239232053,0.02001975207774187
1743.0,7.008385756563025,7.028409823062185,0.02002406649916022
1744.0,7.007798074602957,7.027826445882172,0.020028371279215307
1745.0,7.0072104412744425,7.0272430742687835,0.020032632994340993
1746.0,7.006622856577813,7.02665967479879,0.02003681822097647
1747.0,7.006035320513401,7.026076214048961,0.020040893535560045
1748.0,7.005447833081543,7.025492658596069,0.020044825514526465
1749.0,7.004860394282568,7.024908975016883,0.020048580734314925
1750.0,7.004273004116813,7.024325129888174,0.020052125771361062
1751.0,7.003685662563383,7.023741109724891,0.020055447161507978
1752.0,7.003098369601381,7.023156941669855,0.020058572068474056
1753.0,7.002511125231143,7.022572653241644,0.020061528010501206
1754.0,7.001923929453001,7.021988271958837,0.020064342505835775
1755.0,7.00133678226729,7.021403825340012,0.020067043072721447
1756.0,7.000749683674342,7.0208193409037465,0.02006965722940457
1757.0,7.000162633674491,7.020234846168619,0.02007221249412794
1758.0,6.999575632268072,7.019650368653205,0.020074736385133463
1759.0,6.998988679455415,7.019065935876087,0.02007725642067193
1760.0,6.998401775236858,7.01848157535584,0.020079800118981694
1761.0,6.997814919591541,7.017897240798756,0.02008232120721498
1762.0,6.997228112498596,7.017312877948077,0.020084765449481345
1763.0,6.996641353958344,7.016728502377809,0.02008714841946535
1764.0,6.996054643971102,7.016144129661955,0.02008948569085245
1765.0,6.9954679825371935,7.015559775374517,0.020091792837323652
1766.0,6.994881369656933,7.014975455089502,0.020094085432568853
1767.0,6.994294805330642,7.01439118438091,0.020096379050268176
1768.0,6.993708289558639,7.013806978822749,0.020098689264109737
1769.0,6.993121822341243,7.01322285398902,0.020101031647777212
1770.0,6.992535403678774,7.012638825453727,0.0201034217749525
1771.0,6.991949033550397,7.012054833332821,0.020105799782424327
1772.0,6.991362711935278,7.011470828192898,0.02010811625761999
1773.0,6.990776438833741,7.010886841283936,0.020110402450194798
1774.0,6.990190214246108,7.0103029038559095,0.020112689609801393
1775.0,6.989604038172701,7.009719047158796,0.020115008986094196
1776.0,6.989017910613845,7.00913530244257,0.020117391828724962
1777.0,6.98843183156986,7.00855170095721,0.020119869387349887
1778.0,6.987845801041072,7.0079682739526925,0.020122472911620726
1779.0,6.987259819027798,7.007385052678992,0.020125233651193675
1780.0,6.986673885530366,7.006802068386085,0.020128182855718713
1781.0,6.986088000527948,7.006219371569787,0.020131371041839152
1782.0,6.985502163999723,7.005636957773609,0.020134793773886273
1783.0,6.984916375946013,7.005054775819068,0.02013839987305488
1784.0,6.984330636367144,7.004472774527687,0.020142138160543333
1785.0,6.983744945263438,7.003890902720984,0.020145957457546437
1786.0,6.983159302635222,7.00330910922048,0.020149806585258112
1787.0,6.982573708482821,7.002727342847694,0.020153634364873163
1788.0,6.981988162806555,7.002145552424144,0.02015738961758906
1789.0,6.981402665606754,7.001563686771354,0.020161021164600612
1790.0,6.980817216883738,7.0009816947108385,0.020164477827100846
1791.0,6.98023181661668,7.000399568873906,0.020167752257226113
1792.0,6.979646464784761,6.999817358240623,0.020170893455862426
1793.0,6.979061161388317,6.999235096155668,0.020173934767351298
1794.0,6.978475906427682,6.998652815963713,0.020176909536031573
1795.0,6.977890699903193,6.998070551009431,0.020179851106238544
1796.0,6.977305541815188,6.997488334637497,0.02018279282230928
1797.0,6.976720432164,6.996906200192584,0.020185768028584405
1798.0,6.976135370949967,6.996324181019366,0.02018881006939921
1799.0,6.975550358173424,6.995742310462517,0.02019195228909254
1800.0,6.974965393834708,6.9951606218667095,0.020195228032001467
1801.0,6.974380477913,6.994579081748718,0.020198603835718032
1802.0,6.973795610387477,6.993997636885711,0.020202026498233217
1803.0,6.9732107912584755,6.993416291012951,0.02020549975447583
1804.0,6.972626020526329,6.992835047865705,0.020209027339375574
1805.0,6.972041298191372,6.992253911179236,0.02021261298786392
1806.0,6.971456624253939,6.991672884688813,0.020216260434874123
1807.0,6.970871998714363,6.991091972129699,0.020219973415336767
1808.0,6.97028742157298,6.990511177237159,0.02022375566417889
1809.0,6.969702892830122,6.989930503746459,0.02022761091633729
1810.0,6.969118412486126,6.989349955392863,0.020231542906737232
1811.0,6.968533980520184,6.988769580026972,0.02023559950678777
1812.0,6.967949596911491,6.988189400307057,0.02023980339556619
1813.0,6.967365261660383,6.987609382179896,0.02024412051951252
1814.0,6.966780974767199,6.98702949159227,0.02024851682507034
1815.0,6.966196736232276,6.986449694490954,0.0202529582586779
1816.0,6.965612546055952,6.985869956822729,0.020257410766777006
1817.0,6.965028404238564,6.985290244534372,0.020261840295808575
1818.0,6.964444310780449,6.984710523572662,0.020266212792213523
1819.0,6.963860265681944,6.984130759884378,0.020270494202433653
1820.0,6.963276268943389,6.983550919416297,0.020274650472908107
1821.0,6.962692320544008,6.98297104940057,0.02027872885656201
1822.0,6.96210842046302,6.982391211391704,0.020282790928684236
1823.0,6.961524568700748,6.981811392820014,0.020286824119266633
1824.0,6.960940765257513,6.981231581115816,0.020290815858302835
1825.0,6.960357010133644,6.980651763709426,0.020294753575782032
1826.0,6.959773303329461,6.980071928031159,0.020298624701697854
1827.0,6.95918964484529,6.97949206151133,0.02030241666603949
1828.0,6.958606034681454,6.978912151580256,0.02030611689880235
1829.0,6.958022472838276,6.9783321856682505,0.020309712829974735
1830.0,6.95743895931608,6.977752151205631,0.020313191889551163
1831.0,6.956855494094113,6.977172033740047,0.020316539645933496
1832.0,6.956272077151625,6.976591838271748,0.020319761120123125
1833.0,6.955688708488944,6.976011581409946,0.020322872921001434
1834.0,6.955105388106398,6.97543127976385,0.020325891657451578
1835.0,6.954522116004317,6.974850949942674,0.020328833938356716
1836.0,6.953938892183025,6.974270608555629,0.02033171637260356
1837.0,6.953355716642856,6.973690272211928,0.02033455556907171
1838.0,6.952772589384137,6.97310995752078,0.02033736813664344
1839.0,6.952189510407194,6.972529681091396,0.020340170684202796
1840.0,6.951606479712355,6.9719494595329925,0.020342979820637375
1841.0,6.9510234972788965,6.971369285580316,0.020345788301419532
1842.0,6.95044056308608,6.970789137971761,0.020348574885680648
1843.0,6.9498576771342275,6.97020901232199,0.020351335187762665
1844.0,6.9492748394236585,6.969628904245672,0.02035406482201374
1845.0,6.9486920499546905,6.969048809357473,0.02035675940278292
1846.0,6.948109308727642,6.9684687232720615,0.020359414544419252
1847.0,6.947526615742834,6.9678886416041035,0.020362025861269117
1848.0,6.946943971000583,6.967308559968264,0.020364588967680675
1849.0,6.946361374501209,6.966728473979215,0.020367099478005635
1850.0,6.945778826245034,6.966148379251618,0.020369553006584162
1851.0,6.945196326211354,6.965568255145104,0.020371928933750283
1852.0,6.944613874379472,6.964988094740542,0.020374220361069284
1853.0,6.944031470749703,6.964407914234465,0.02037644348476153
1854.0,6.943449115322361,6.963827729823403,0.02037861450104206
1855.0,6.942866808097761,6.963247557703888,0.02038074960612768
1856.0,6.942284549076219,6.9626674140724525,0.02038286499623343
1857.0,6.941702338258051,6.962087315125628,0.02038497686757701
1858.0,6.941120175643571,6.961507277059946,0.020387101416374342
1859.0,6.940538061233094,6.960927316071938,0.020389254838844018
1860.0,6.939955995026937,6.960347448358135,0.020391453331198406
1861.0,6.939373977004408,6.959767606896641,0.020393629892232923
1862.0,6.938792007144819,6.959187737644876,0.020395730500056608
1863.0,6.938210085448497,6.958607876268353,0.02039779081985582
1864.0,6.937628211915763,6.958028058432584,0.020399846516820475
1865.0,6.937046386546939,6.957448319803082,0.020401933256143145
1866.0,6.936464609342347,6.95686869604536,0.020404086703012858
1867.0,6.93588288030231,6.956289222824929,0.020406342522619525
1868.0,6.935301199427151,6.9557099358073025,0.020408736380151282
1869.0,6.934719566717193,6.955130870657992,0.02041130394079982
1870.0,6.934137982172758,6.954552063042512,0.02041408086975416
1871.0,6.933556445773167,6.953973528101709,0.020417082328542335
1872.0,6.932974957497744,6.95339523714437,0.020420279646626405
1873.0,6.932393517346806,6.9528171600879185,0.020423642741112857
1874.0,6.931812125320673,6.952239266849776,0.020427141529102855
1875.0,6.931230781419669,6.951661527347364,0.020430745927694893
1876.0,6.930649485644111,6.951083911498104,0.0204344258539928
1877.0,6.930068237994322,6.950506389219419,0.020438151225096846
1878.0,6.929487038470621,6.949928930428731,0.02044189195810997
1879.0,6.92890588707333,6.949351505043463,0.020445617970133334
1880.0,6.928324783802767,6.948774082981034,0.02044929917826721
1881.0,6.927743728638266,6.948196679816941,0.02045295117867507
1882.0,6.927162721559164,6.947619335380209,0.0204566138210458
1883.0,6.926581762565783,6.947042055968562,0.020460293402779328
1884.0,6.926000851658451,6.946464847879719,0.020463996221268488
1885.0,6.925419988837491,6.945887717411404,0.020467728573913213
1886.0,6.9248391741032265,6.9453106708613355,0.020471496758108998
1887.0,6.924258407455986,6.944733714527236,0.02047530707124956
1888.0,6.923677688896091,6.944156854706829,0.020479165810738387
1889.0,6.923097018423867,6.943580097697833,0.020483079273965643
1890.0,6.92251639603964,6.943003449797971,0.020487053758331264
1891.0,6.921935821722758,6.9424269595597305,0.02049113783697276
1892.0,6.921355295452569,6.941850647391445,0.02049535193887575
1893.0,6.920774817229394,6.941274477374607,0.020499660145213205
1894.0,6.920194387053557,6.940698413590709,0.020504026537151887
1895.0,6.919614004925378,6.940122420121242,0.02050841519586477
1896.0,6.919033670845177,6.939546461047698,0.020512790202520392
1897.0,6.918453384813279,6.938970500451569,0.02051711563828995
1898.0,6.917873146830005,6.938394502414348,0.02052135558434287
1899.0,6.917292956895675,6.937818431017526,0.02052547412185035
1900.0,6.916712815010613,6.937242250342594,0.020529435331980928
1901.0,6.91613272115418,6.936666000798392,0.020533279644212143
1902.0,6.915552675305739,6.936089742080598,0.02053706677485856
1903.0,6.9149726774656175,6.935513467200956,0.020540789735338905
1904.0,6.914392727634139,6.934937169171213,0.020544441537073688
1905.0,6.913812825811631,6.934360841003119,0.020548015191487856
1906.0,6.9132329719984185,6.933784475708416,0.020551503709997476
1907.0,6.912653166194827,6.933208066298854,0.020554900104026608
1908.0,6.912073408401184,6.932631605786182,0.020558197384997534
1909.0,6.911493698617814,6.9320550871821425,0.020561388564328098
1910.0,6.910914036845043,6.931478503498485,0.02056446665344236
1911.0,6.910334423062254,6.930901736981212,0.020567313918957275
1912.0,6.909754857248828,6.930324729449334,0.020569872200506545
1913.0,6.909175339405083,6.929747563274118,0.0205722238690349
1914.0,6.908595869531338,6.92917032082683,0.020574451295492402
1915.0,6.908016447627912,6.928593084478733,0.020576636850821117
1916.0,6.907437073695123,6.928015936601092,0.02057886290596933
1917.0,6.906857747733292,6.927438959565173,0.020581211831880886
1918.0,6.906278469742736,6.926862235742238,0.02058376599950229
1919.0,6.905699239723774,6.926285847503555,0.02058660777978094
1920.0,6.905120057676727,6.925709877220387,0.02058981954366068
1921.0,6.904540923581009,6.9251344124161704,0.020593488835161544
1922.0,6.90396183741603,6.924559416097029,0.02059757868099954
1923.0,6.903382799182104,6.92398478385827,0.020601984676165586
1924.0,6.9028038088795425,6.923410411295201,0.020606602415658593
1925.0,6.902224866508657,6.922836194003128,0.020611327494471254
1926.0,6.901645972069759,6.922262027577356,0.020616055507597153
1927.0,6.901067125563161,6.921687807613193,0.020620682050031647
1928.0,6.900488326989175,6.921113429705943,0.020625102716768318
1929.0,6.89990957634811,6.920538789450913,0.020629213102803412
1930.0,6.899330873640283,6.91996378244341,0.02063290880312696
1931.0,6.898752218845117,6.919388382252543,0.02063616340742591
1932.0,6.898173611942044,6.918812682407313,0.02063907046526925
1933.0,6.897595052931384,6.91823675844286,0.02064170551147626
1934.0,6.8970165418134535,6.917660685894324,0.020644144080870674
1935.0,6.896438078588575,6.917084540296846,0.02064646170827178
1936.0,6.895859663257064,6.9165083971855665,0.020648733928502416
1937.0,6.895281295819243,6.915932332095625,0.02065103627638276
1938.0,6.894702976275428,6.915356420562163,0.020653444286734768
1939.0,6.894124704625939,6.91478073812032,0.020656033494381276
1940.0,6.893546480871096,6.914205360305237,0.020658879434141575
1941.0,6.892968304990344,6.913630256750314,0.020661951759969988
1942.0,6.892390176963129,6.913055332188947,0.020665155225818133
1943.0,6.891812096789759,6.912480564806277,0.02066846801651767
1944.0,6.891234064470549,6.911905932787438,0.020671868316889608
1945.0,6.890656080005806,6.91133141431757,0.020675334311763827
1946.0,6.890078143395846,6.910756987581811,0.020678844185964884
1947.0,6.889500254640977,6.910182630765297,0.02068237612432
1948.0,6.888922413741513,6.909608322053165,0.020685908311651957
1949.0,6.888344620697763,6.909034039630554,0.020689418932790637
1950.0,6.8877668755100405,6.908459761682601,0.0206928861725606
1951.0,6.887189178157805,6.907885493885657,0.02069631572785191
1952.0,6.886611528620519,6.9073112620042165,0.02069973338369735
1953.0,6.886033926898502,6.90673707435563,0.020703147457127535
1954.0,6.885456372992072,6.906162939257251,0.020706566265178417
1955.0,6.884878866901545,6.9055888650264325,0.02070999812488772
1956.0,6.88430140862724,6.905014859980526,0.02071345135328606
1957.0,6.883723998169472,6.904440932436884,0.020716934267412057
1958.0,6.883146635528563,6.903867090712859,0.020720455184296327
1959.0,6.882569320704826,6.903293343125804,0.020724022420977484
1960.0,6.881992053698583,6.902719697993071,0.020727644294487924
1961.0,6.8814148344893,6.902146120382605,0.020731285893305085
1962.0,6.880837663056451,6.901572582235627,0.02073491917917547
1963.0,6.880260539400352,6.9009991021794,0.020738562779047953
1964.0,6.879683463521322,6.900425698841185,0.02074223531986341
1965.0,6.879106435419676,6.899852390848247,0.020745955428571605
1966.0,6.878529455095733,6.8992791968278455,0.020749741732112525
1967.0,6.877952522549811,6.898706135407247,0.020753612857435932
1968.0,6.877375637782225,6.898133225213711,0.020757587431486257
1969.0,6.876798800793296,6.897560484874502,0.020761684081206155
1970.0,6.876222011583338,6.896987933016881,0.020765921433542722
1971.0,6.875645270131844,6.896415672225987,0.020770402094143492
1972.0,6.875068576418299,6.89584374009497,0.02077516367667176
1973.0,6.8744919304430185,6.895272057763112,0.020780127320093378
1974.0,6.873915332206319,6.894700546369693,0.0207852141633742
1975.0,6.873338781708516,6.894129127053994,0.0207903453454783
1976.0,6.872762278949924,6.893557720955297,0.020795442005372422
1977.0,6.8721858239308595,6.892986249212885,0.02080042528202508
1978.0,6.871609416651638,6.8924146329660365,0.020805216314398578
1979.0,6.871033057112576,6.8918427933540345,0.020809736241458765
1980.0,6.870456745313987,6.891270651516161,0.02081390620217327
1981.0,6.869880481235375,6.890698230755696,0.02081774952032056
1982.0,6.869304264856242,6.890125625746019,0.020821360889776486
1983.0,6.868728096176908,6.889552864681553,0.020824768504644986
1984.0,6.868151975197692,6.888979975756723,0.02082800055903178
1985.0,6.867575901918909,6.888406987165953,0.020831085247044356
1986.0,6.866999876340881,6.887833927103666,0.020834050762785772
1987.0,6.866423898463922,6.887260823764288,0.020836925300366183
1988.0,6.865847968288355,6.886687705342242,0.020839737053886864
1989.0,6.865272085814494,6.88611460003195,0.0208425142174562
1990.0,6.864696251042661,6.88554153602784,0.020845284985179013
1991.0,6.864120463952376,6.884968414080459,0.020847950128082715
1992.0,6.863544724523162,6.8843951498102385,0.020850425287076035
1993.0,6.862969032755331,6.88382179371642,0.020852760961088457
1994.0,6.862393388649196,6.8832483962982485,0.020855007649052126
1995.0,6.861817792205069,6.882675008054966,0.020857215849897415
1996.0,6.861242243423262,6.882101679485818,0.02085943606255647
1997.0,6.860666742304088,6.881528461090045,0.020861718785956995
1998.0,6.860091288847859,6.880955403366891,0.02086411451903203
1999.0,6.859515883054889,6.880382556815599,0.020866673760710164
2000.0,6.8589405249254884,6.879809971935413,0.020869447009924436
2020.0,6.847443361786248,6.868380250425005,0.02093688863875709
2040.0,6.835965225190167,6.856959344221635,0.020994119031468195
2060.0,6.824506084478572,6.845568523013484,0.021062438534912076
2080.0,6.813065909043645,6.834180592266381,0.02111468322273602
2100.0,6.801644668322127,6.822823396176564,0.021178727854437085
2120.0,6.790242331794901,6.811478446637685,0.021236114842784204
2140.0,6.778858868990427,6.80015303380241,0.021294164811982874
2160.0,6.7674942494863615,6.788845563439219,0.02135131395285761
2180.0,6.7561484428976275,6.77756765968331,0.021419216785682593
2200.0,6.744821418899194,6.766307716236837,0.021486297337642846
2220.0,6.733513147198183,6.755062982874108,0.021549835675925166
2240.0,6.722223597556309,6.743843406841593,0.021619809285284397
2260.0,6.710952739780596,6.732624364547011,0.021671624766415043
2280.0,6.699700543719417,6.721431209853057,0.02173066613363961
2300.0,6.6884669792709985,6.710253818596249,0.021786839325250718
2320.0,6.677252016379527,6.699096254356143,0.021844237976615943
2340.0,6.66605562503145,6.68795629457217,0.02190066954072023
2360.0,6.6548777752609025,6.676855539027781,0.021977763766878766
2380.0,6.643718437149433,6.665755685429343,0.022037248279910493
2400.0,6.632577580824006,6.654685263168247,0.022107682344240764
2420.0,6.621455176451947,6.643618465695271,0.022163289243323447
2440.0,6.610351194250712,6.63257386411961,0.022222669868898315
2460.0,6.599265604483663,6.62154412692117,0.02227852243750661
2480.0,6.588198377458185,6.6105326027445885,0.02233422528640361
2500.0,6.577149483525632,6.599541380287484,0.02239189676185127
2520.0,6.566118893081525,6.58854877019274,0.022429877111215468
2540.0,6.555106576572628,6.577596274363823,0.022489697791194807
2560.0,6.544112504485839,6.566668786445659,0.022556281959819735
2580.0,6.533136647352934,6.555746484287112,0.022609836934178063
2600.0,6.522178975750678,6.544855075402979,0.022676099652301218
2620.0,6.51123946030532,6.53396746020633,0.02272799990100971
2640.0,6.5003180716819315,6.523103438518009,0.02278536683607779
2660.0,6.489414780592739,6.512244455255573,0.02282967466283381
2680.0,6.47852955779908,6.501407169636544,0.022877611837464507
2700.0,6.467662374097985,6.4906013461972325,0.022938972099247223
2720.0,6.4568132003361445,6.479815664100794,0.02300246376464976
2740.0,6.445982007408447,6.469045798360139,0.023063790951692198
2760.0,6.435168766247416,6.458288265631309,0.023119499383893682
2780.0,6.424373447833972,6.447551627054578,0.023178179220606054
2800.0,6.413596023192696,6.436829509283669,0.023233486090973088
2820.0,6.402836463391084,6.426119548392125,0.023283085001041037
2840.0,6.392094739543895,6.415429415228364,0.023334675684469453
2860.0,6.381370822805993,6.404762998673696,0.023392175867702925
2880.0,6.370664684381127,6.394107957233864,0.023443272852736285
2900.0,6.359976295514117,6.383468117409389,0.02349182189527177
2920.0,6.349305627493296,6.372851217401626,0.023545589908330555
2940.0,6.338652651652297,6.362250989290312,0.02359833763801511
2960.0,6.328017339369552,6.351668989838029,0.023651650468477392
2980.0,6.317399662066634,6.341108381153928,0.023708719087293773
3000.0,6.30679959120508,6.330566777583103,0.023767186378022664
3020.0,6.2962170982963555,6.320024643619323,0.023807545322967805
3040.0,6.285652154893428,6.309520751667326,0.023868596773898076
3060.0,6.275104732591559,6.299025612771948,0.023920880180389403
3080.0,6.264574803028212,6.28854692680705,0.023972123778838395
3100.0,6.25406233788948,6.278090490700613,0.02402815281113302
3120.0,6.243567308901248,6.26763892263572,0.02407161373447142
3140.0,6.23308968783121,6.257215723425342,0.024126035594131956
3160.0,6.222629446494722,6.2468166866653805,0.024187240170658875
3180.0,6.212186556749517,6.236427128337354,0.024240571587837323
3200.0,6.201760990491438,6.226045270169709,0.024284279678270515
3220.0,6.191352719664367,6.215687161792333,0.024334442127965872
3240.0,6.180961716258367,6.205328787326994,0.024367071068626345
3260.0,6.170587952298548,6.195000945536851,0.024412993238303038
3280.0,6.160231399855547,6.184687439573983,0.024456039718435463
3300.0,6.149892031045966,6.174388676260796,0.02449664521483008
3320.0,6.139569818031108,6.164126094760685,0.024556276729577498
3340.0,6.1292647330085135,6.153862015336071,0.024597282327557757
3360.0,6.1189767482181034,6.143621552197455,0.02464480397935187
3380.0,6.108705835948485,6.1333828535297785,0.02467701758129337
3400.0,6.09845196853445,6.12317660071568,0.02472463218123
3420.0,6.0882151183392645,6.1129789324537285,0.024763814114463933
3440.0,6.077995257776593,6.102819508375633,0.02482425059903992
3460.0,6.067792359305656,6.092686539789074,0.024894180483418182
3480.0,6.057606395427342,6.082533009111278,0.02492661368393545
3500.0,6.047437338678494,6.072414983423394,0.02497764474489994
3520.0,6.0372851616424175,6.062319350875106,0.025034189232688853
3540.0,6.027149836944632,6.052228796975393,0.025078960030760378
3560.0,6.017031337256869,6.042165491499711,0.025134154242842044
3580.0,6.006929635286327,6.032105824947376,0.02517618966104873
3600.0,5.99684470378125,6.022077116844582,0.025232413063332793
3620.0,5.986776515539817,6.0120598144450375,0.02528329890522052
3640.0,5.976725043397068,6.002035843080066,0.02531079968299821
3660.0,5.966690260231644,5.992051548678361,0.025361288446717367
3680.0,5.956672138959904,5.982075356456636,0.025403217496731578
3700.0,5.9466706525439585,5.97213381680881,0.025463164264851734
3720.0,5.9366857739881045,5.962189668980748,0.02550389499264316
3740.0,5.926717476338354,5.952259591667249,0.0255421153288955
3760.0,5.9167657326765095,5.942359454410273,0.025593721733763175
3780.0,5.906830516135557,5.932459987458339,0.025629471322782038
3800.0,5.896911799879916,5.922588874860562,0.025677074980645642
3820.0,5.887009557123692,5.912722479115186,0.02571292199149422
3840.0,5.877123761118528,5.902872588313697,0.025748827195168467
3860.0,5.867254385155066,5.893049340860187,0.025794955705120692
3880.0,5.857401402571953,5.88323811211319,0.02583670954123729
3900.0,5.847564786742653,5.873453439366047,0.02588865262339457
3920.0,5.8377445110867265,5.863676343887963,0.025931832801236787
3940.0,5.827940549056791,5.853927026096362,0.02598647703957102
3960.0,5.818152874157704,5.8441798416303685,0.02602696747266453
3980.0,5.8083814599277455,5.8344340129682495,0.026052553040504023
4000.0,5.798626279948396,5.824717112993491,0.026090833045095074
4020.0,5.788887307841749,5.815025645315595,0.026138337473845752
4040.0,5.779164517268073,5.805331932289202,0.026167415021129514
4060.0,5.769457881933421,5.795675528923863,0.02621764699044249
4080.0,5.75976737558304,5.786037241387431,0.026269865804390946
4100.0,5.750092971999494,5.776404679128417,0.026311707128923167
4120.0,5.740434645008747,5.766772768739414,0.026338123730666574
4140.0,5.730792368476501,5.757166851148256,0.026374482671754684
4160.0,5.721166116312418,5.747576540689367,0.02641042437694896
4180.0,5.711555862460218,5.7380060559962285,0.026450193536010858
4200.0,5.701961580906187,5.728441167740035,0.026479586833848323
4220.0,5.69238324568312,5.718907755821156,0.026524510138036028
4240.0,5.682820830853303,5.709401792918094,0.026580962064790548
4260.0,5.673274310528826,5.699899823259862,0.026625512731036416
4280.0,5.663743658855083,5.690401786291568,0.026658127436485657
4300.0,5.654228850021383,5.680920286487914,0.026691436466530938
4320.0,5.6447298582574215,5.671466656640914,0.0267367983834923
4340.0,5.635246657830408,5.662016226215655,0.026769568385246245
4360.0,5.625779223048824,5.652590043693294,0.026810820644469935
4380.0,5.616327528259462,5.643181573306607,0.026854045047144837
4400.0,5.606891547852229,5.633781648150376,0.026890100298146535
4420.0,5.597471256256087,5.624390592968981,0.026919336712893482
4440.0,5.5880666279364855,5.615020521597191,0.02695389366070522
4460.0,5.578677637398045,5.605672028889134,0.02699439149108862
4480.0,5.569304259192535,5.596346677618418,0.027042418425883064
4500.0,5.559946467903076,5.587024828457096,0.02707836055401991
4520.0,5.550604238156668,5.577706352733864,0.0271021145771968
4540.0,5.541277544617004,5.568400073986234,0.027122529369229653
4560.0,5.531966361989505,5.5591228805247495,0.0271565185352447
4580.0,5.522670665019747,5.549874784954748,0.027204119935001714
4600.0,5.51339042848639,5.540629795794428,0.027239367308038
4620.0,5.504125627217662,5.531403431660277,0.027277804442615405
4640.0,5.49487623607172,5.522192706870002,0.027316470798282033
4660.0,5.485642229947729,5.513007323991402,0.027365094043672933
4680.0,5.476423583787892,5.503817315887421,0.027393732099528556
4700.0,5.4672202725707,5.4946567918697315,0.027436519299031126
4720.0,5.4580322713112555,5.485494379473341,0.027462108162085386
4740.0,5.448859555070585,5.4763600984399154,0.02750054336933072
4760.0,5.439702098940814,5.467230295271426,0.027528196330611543
4780.0,5.430559878055789,5.4581035672961695,0.027543689240380864
4800.0,5.421432867588664,5.4490310251829825,0.027598157594318273
4820.0,5.412321042751757,5.439946878168565,0.027625835416808187
4840.0,5.403224378797688,5.430885862528322,0.027661483730633485
4860.0,5.394142851009151,5.421850138234756,0.027707287225605448
4880.0,5.385076434717464,5.412820642907659,0.027744208190195074
4900.0,5.3760251052866295,5.403808947305889,0.027783842019259097
4920.0,5.366988838122837,5.394801093894158,0.027812255771321404
4940.0,5.357967608667651,5.385799724083938,0.027832115416287273
4960.0,5.3489613923992465,5.376827051975653,0.027865659576406188
4980.0,5.339970164840224,5.367879052652627,0.027908887812403194
5000.0,5.330993901545016,5.358939779871267,0.027945878326250728
5020.0,5.322032578109998,5.350016905376382,0.02798432726638378
5040.0,5.313086170168931,5.34110600118658,0.028019831017648933
5060.0,5.304154653392488,5.332194886414647,0.028040233022158745
5080.0,5.295238003490626,5.323286844403164,0.028048840912537898
5100.0,5.2863361962098745,5.314424500187337,0.028088303977462203
5120.0,5.277449207334031,5.305574953525743,0.028125746191712153
5140.0,5.2685770126900895,5.296727601492062,0.02815058880197263
5160.0,5.259719588135852,5.287890348997005,0.028170760861153
5180.0,5.25087690957014,5.279078636098642,0.02820172652850239
5200.0,5.242048952928828,5.2702801999802045,0.028231247051376585
5220.0,5.233235694185795,5.261496698667301,0.02826100448150637
5240.0,5.224437109353915,5.252725979276632,0.02828886992271684
5260.0,5.215653174478149,5.2439751807220745,0.028322006243925557
5280.0,5.206883865648081,5.235238991991381,0.02835512634330062
5300.0,5.198129158986802,5.226514967058834,0.028385808072031615
5320.0,5.189389030654015,5.217810148754541,0.0284211181005265
5340.0,5.180663456846702,5.209108884654159,0.028445427807457513
5360.0,5.17195241380435,5.200435636299622,0.028483222495271576
5380.0,5.163255877797071,5.191759061407359,0.028503183610288474
5400.0,5.15457382513435,5.183115045704163,0.028541220569812786
5420.0,5.1459062321621625,5.174481637525752,0.028575405363589823
5440.0,5.137253075265222,5.165845694259127,0.02859261899390475
5460.0,5.128614330867464,5.157247481950089,0.028633151082624764
5480.0,5.119989975422413,5.148649605561639,0.028659630139225456
5500.0,5.111379985424805,5.140068697820166,0.028688712395361193
5520.0,5.102784337407458,5.131510993896596,0.028726656489137525
5540.0,5.094203007939031,5.122962728774467,0.028759720835435765
5560.0,5.085635973623796,5.114424488248261,0.0287885146244653
5580.0,5.077083211103827,5.105886108775649,0.02880289767182198
5600.0,5.068544697055786,5.097365279647279,0.028820582591492894
5620.0,5.060020408193766,5.088871166694418,0.028850758500652773
5640.0,5.0515103212709125,5.080378535801433,0.028868214530520575
5660.0,5.0430144130766905,5.071918024991308,0.028903611914617322
5680.0,5.034532660429847,5.0634837361683696,0.02895107573852229
5700.0,5.026065040195989,5.055036697854696,0.02897165765870735
5720.0,5.017611529266846,5.046601535587433,0.028990006320587014
5740.0,5.009172104579108,5.038199220802517,0.02902711622340881
5760.0,5.000746743101076,5.029784567287159,0.029037824186082695
5780.0,4.992335421838106,5.021398604022729,0.029063182184622782
5800.0,4.983938117830719,5.01302553058097,0.029087412750251396
5820.0,4.975554808156462,5.00465146756913,0.02909665941266848
5840.0,4.967185469927841,4.996309649775223,0.029124179847381804
5860.0,4.958830080296339,4.988001718745678,0.029171638449338566
5880.0,4.950488616444888,4.979679667738635,0.029191051293746995
5900.0,4.942161055597609,4.9713851633033945,0.029224107705785762
5920.0,4.9338473750094645,4.96308636524428,0.029238990234815354
5940.0,4.925547551970511,4.954822108377884,0.029274556407372643
5960.0,4.917261563812843,4.946551435127349,0.029289871314505334
5980.0,4.908989387898799,4.938299017862635,0.02930962996383535
6000.0,4.900731001628146,4.930065973018476,0.029334971390330367
6020.0,4.892486382434926,4.9218541183406215,0.02936773590569519
6040.0,4.884255507789562,4.913639461028813,0.029383953239251248
6060.0,4.876038355198461,4.905455251650315,0.029416896451853525
6080.0,4.867834902205119,4.897277845558895,0.029442943353775952
6100.0,4.8596451263806,4.8891277754425655,0.029482649061965738
6120.0,4.851469005342495,4.880984852924591,0.029515847582096022
6140.0,4.843306516733351,4.8728284693341335,0.029521952600782164
6160.0,4.8351576382393375,4.864699388004107,0.02954174976476942
6180.0,4.827022347574798,4.856582235048558,0.02955988747376015
6200.0,4.818900622493005,4.84849523420257,0.029594611709565122
6220.0,4.810792440781513,4.840399797509005,0.029607356727492373
6240.0,4.802697780264084,4.832318302409275,0.029620522145191508
6260.0,4.794616618796029,4.8242557819599465,0.02963916316391746
6280.0,4.7865489342693195,4.816208646980554,0.029659712711234576
6300.0,4.778494704612939,4.8081786620883795,0.029683957475440614
6320.0,4.770453907787159,4.800167287506184,0.029713379719025212
6340.0,4.762426521788967,4.792173705747957,0.029747183958989787
6360.0,4.754412524650718,4.784176837902209,0.029764313251491537
6380.0,4.746411894436535,4.776209441730973,0.02979754729443851
6400.0,4.738424609247546,4.768222445437434,0.029797836189888294
6420.0,4.730450647217908,4.760288919033061,0.029838271815153306
6440.0,4.7224899865190935,4.752354017888285,0.02986403136919158
6460.0,4.71454260535117,4.7443979081450935,0.029855302793923677
6480.0,4.706608481956039,4.736473919032283,0.02986543707624456
6500.0,4.698687594604111,4.728565349028266,0.02987775442415508
6520.0,4.690779921603309,4.720674075915506,0.02989415431219644
6540.0,4.682885441294134,4.712791719252075,0.029906277957940652
6560.0,4.675004132051384,4.704937138208843,0.02993300615745831
6580.0,4.667135972284741,4.697099250172054,0.029963277887313566
6600.0,4.659280940438578,4.689268216483736,0.029987276045157607
6620.0,4.651439014987943,4.681451622429004,0.030012607441061157
6640.0,4.643610174446708,4.673643852687674,0.030033678240965145
6660.0,4.6357943973573015,4.665855986948185,0.030061589590883564
6680.0,4.627991662301754,4.65807038033263,0.03007871803087614
6700.0,4.620201947892441,4.650296411939692,0.030094464047251357
6720.0,4.612425232774315,4.642532556876162,0.0301073241018468
6740.0,4.604661495631804,4.634777902335672,0.030116406703867504
6760.0,4.596910715174489,4.627047785913064,0.030137070738574856
6780.0,4.589172870152255,4.619330719174386,0.0301578490221317
6800.0,4.581447939347697,4.611610717123726,0.03016277777602916
6820.0,4.573735901576187,4.603929564782295,0.0301936632061075
6840.0,4.566036735682303,4.596243197713835,0.030206462031531878
6860.0,4.55835042055088,4.588581958554575,0.030231538003694602
6880.0,4.550676935098722,4.580938719439464,0.030261784340742004
6900.0,4.543016258270314,4.573294194900332,0.030277936630017876
6920.0,4.535368369051526,4.565673528903566,0.03030515985203941
6940.0,4.527733246455057,4.558053576998268,0.03032033054321115
6960.0,4.520110869532147,4.550438461031483,0.030327591499336393
6980.0,4.512501217359301,4.542841757341186,0.030340539981885684
7000.0,4.504904269055488,4.535272418268956,0.03036814921346842
7020.0,4.497320003768722,4.5276896878607955,0.03036968409207308
7040.0,4.489748400676634,4.520130988130968,0.03038258745433442
7060.0,4.4821894389959605,4.512597512511912,0.030408073515951983
7080.0,4.474643097970671,4.505072466840995,0.030429368870324325
7100.0,4.467109356881338,4.497559798498625,0.030450441617287716
7120.0,4.459588195040794,4.490046466591904,0.030458271551109917
7140.0,4.452079591793792,4.482540515083797,0.03046092329000505
7160.0,4.44458352651688,4.475058327189486,0.030474800672606328
7180.0,4.437099978622343,4.467601163885122,0.030501185262778563
7200.0,4.42962892755108,4.460138001563764,0.030509074012684323
7220.0,4.422170352782104,4.452694955288876,0.03052460250677136
7240.0,4.414724233820068,4.445280532861887,0.030556299041819557
7260.0,4.407290550207877,4.437856703411769,0.030566153203891666
7280.0,4.3998692815173115,4.430464258282969,0.030594976765657478
7300.0,4.392460407354151,4.423073638391234,0.030613231037082578
7320.0,4.385063907356399,4.415677108319647,0.030613200963248488
7340.0,4.377679761195338,4.40831103314466,0.03063127194932136
7360.0,4.370307948571424,4.400962610395003,0.030654661823579232
7380.0,4.362948449218266,4.393606748945877,0.030658299727610583
7400.0,4.355601242906801,4.386258616770198,0.030657373863396842
7420.0,4.348266309430784,4.3789511650109665,0.030684855580182635
7440.0,4.340943628624643,4.371630900954337,0.03068727232969337
7460.0,4.333633180350091,4.364333728268896,0.030700547918804943
7480.0,4.326334944502946,4.357064815619261,0.03072987111631509
7500.0,4.319048901007137,4.349794845432379,0.030745944425242477
7520.0,4.311775029823196,4.342541160661521,0.030766130838324912
7540.0,4.304513310943322,4.335277477763678,0.03076416682035621
7560.0,4.297263724386398,4.32804556945565,0.03078184506925208
7580.0,4.290026250209167,4.320814202574422,0.030787952365254334
7600.0,4.282800868494378,4.313613535966749,0.030812667472371658
7620.0,4.2755875593616395,4.306417340151354,0.030829780789714434
7640.0,4.268386302960154,4.299221518132824,0.030835215172669628
7660.0,4.261197079467877,4.292033905741403,0.030836826273525908
7680.0,4.2540198690993245,4.284882463464483,0.030862594365158813
7700.0,4.246854652095295,4.2777348959731265,0.030880243877831504
7720.0,4.239701408732174,4.27058860979126,0.0308872010590866
7740.0,4.232560119316276,4.263457338723257,0.03089721940698098
7760.0,4.225430764185745,4.256344695317454,0.030913931131708594
7780.0,4.218313323705815,4.249241644718653,0.030928321012837934
7800.0,4.211207778279288,4.242143190866287,0.030935412586998723
7820.0,4.204114108337537,4.235080820873622,0.030966712536085517
7840.0,4.197032294342279,4.228008831282312,0.03097653694003366
7860.0,4.189962316785285,4.220946503218318,0.030984186433033578
7880.0,4.182904156192735,4.213896408875618,0.03099225268288297
7900.0,4.175857793118269,4.206845219531052,0.03098742641278296
7920.0,4.168823208151736,4.199819998519294,0.03099679036755809
7940.0,4.1618003819061755,4.192810219051059,0.031009837144883257
7960.0,4.154789295030895,4.185817396449343,0.031028101418447918
7980.0,4.147789928204844,4.178827909992682,0.03103798178783812
8000.0,4.140802262140598,4.171857094983999,0.031054832843400604
8020.0,4.133826277575026,4.16489555711305,0.031069279538024297
8040.0,4.126861955278373,4.157932880258408,0.031070924980035386
8060.0,4.11990927605416,4.150998423641505,0.0310891475873456
8080.0,4.112968220734331,4.144077420825418,0.03110920009108753
8100.0,4.106038770183631,4.137156980538005,0.031118210354373232
8120.0,4.0991209052926365,4.1302418671714305,0.031120961878793985
8140.0,4.09221460698504,4.123335524812486,0.031120917827445638
8160.0,4.085319856214284,4.116450095855637,0.031130239641353086
8180.0,4.078436633969319,4.109579071374268,0.031142437404949597
8200.0,4.07156492126086,4.1027166288483805,0.031151707587520505
8220.0,4.064704699134722,4.0958886713731015,0.0311839722383791
8240.0,4.057855948665577,4.089028537687879,0.0311725890223018
8260.0,4.051018650959833,4.082195018474435,0.031176367514602177
8280.0,4.04419278715568,4.075387777015093,0.03119498985941327
8300.0,4.03737833841268,4.0685859187029205,0.031207580290240955
8320.0,4.03057528593098,4.0618220273498205,0.03124674141884043
8340.0,4.023783610936249,4.0550277442420395,0.031244133305790456
8360.0,4.017003294684203,4.048243472042234,0.031240177358030863
8380.0,4.010234318455787,4.041474515170877,0.03124019671508993
8400.0,4.003476663572031,4.034719534276578,0.031242870704546455
8420.0,3.996730311376326,4.027976391843766,0.03124608046744015
8440.0,3.989995243244721,4.021243572170024,0.03124832892530316
8460.0,3.983271440579813,4.0145334274079145,0.03126198682810166
8480.0,3.9765588848172797,4.00782952478335,0.03127063996607049
8500.0,3.969857557419347,4.001142560233607,0.03128500281425994
8520.0,3.963167439885411,3.9944725548250846,0.03130511493967347
8540.0,3.9564885137337744,3.987800876255425,0.031312362521650705
8560.0,3.949820760516474,3.98114069900331,0.031319938486835674
8580.0,3.9431641618185447,3.9744958951773173,0.031331733358772595
8600.0,3.936518699251764,3.9678617216675374,0.03134302241577336
8620.0,3.929884354455596,3.96124805048513,0.03136369602953426
8640.0,3.923261109101845,3.9546338324678985,0.03137272336605346
8660.0,3.916648944887953,3.948038828044425,0.03138988315647184
8680.0,3.9100478435451023,3.9414266143391865,0.03137877079408424
8700.0,3.9034577868315536,3.9348298665089287,0.0313720796773751
8720.0,3.8968787565343925,3.928261375418693,0.031382618884300495
8740.0,3.8903107344680454,3.9216920952877206,0.03138136081967513
8760.0,3.8837537024818123,3.9151205255194363,0.03136682303762406
8780.0,3.8772076424453426,3.9085882138919414,0.03138057144659889
8800.0,3.8706725362642374,3.9020545747212716,0.031382038457034245
8820.0,3.864148365874798,3.895521134286792,0.03137276841199377
8840.0,3.857635113234437,3.889020815111858,0.031385701877420846
8860.0,3.8511327603344525,3.882527912772115,0.03139515243766233
8880.0,3.8446412891911175,3.8760543082745005,0.03141301908338301
8900.0,3.8381606818580853,3.869586104933274,0.031425423075188696
8920.0,3.831690920409046,3.863126105519297,0.03143518511025123
8940.0,3.825231986946392,3.8566779172918872,0.03144593034549503
8960.0,3.8187838636073095,3.8502451080544082,0.031461244447098746
8980.0,3.8123465325562336,3.843808242560654,0.03146171000442033
9000.0,3.805919975979635,3.8373971616739326,0.03147718569429747
9020.0,3.799504176099134,3.8309862778369967,0.03148210173786259
9040.0,3.7930991151631592,3.824599020402459,0.031499905239299686
9060.0,3.7867047754494654,3.8182158750669966,0.03151109961753118
9080.0,3.7803211392607925,3.811844876709885,0.031523737449092426
9100.0,3.7739481889311444,3.8054580898179777,0.031509900886833364
9120.0,3.7675859068203015,3.79908688029569,0.031500973475388605
9140.0,3.761234275321699,3.792743021463694,0.03150874614199495
9160.0,3.754893276853437,3.786407830732217,0.03151455387877977
9180.0,3.748562893856929,3.7800975523498885,0.031534658492959444
9200.0,3.742243108809221,3.773765251634802,0.03152214282558097
9220.0,3.7359339042158983,3.767457104441679,0.03152320022578081
9240.0,3.729635262602358,3.761147106066733,0.031511843464374856
9260.0,3.7233471665305733,3.7548677711772767,0.031520604646703365
9280.0,3.7170695985853417,3.7486020148362127,0.031532416250871
9300.0,3.7108025413819234,3.7423386249499115,0.031536083567988094
9320.0,3.7045459775622773,3.7361076199795673,0.03156164241728998
9340.0,3.698299889795152,3.7298725025515482,0.031572612756396445
9360.0,3.6920642607829857,3.7236527949590568,0.031588534176071104
9380.0,3.685839073245177,3.7174280382406746,0.03158896499549746
9400.0,3.679624309939414,3.711208345916923,0.03158403597750903
9420.0,3.6734199536474823,3.7050046817474453,0.031584728099963044
9440.0,3.667225987175755,3.698815891138301,0.03158990396254602
9460.0,3.6610423933583163,3.692605998636191,0.03156360527787472
9480.0,3.6548691550646595,3.6864238132095215,0.031554658144862024
9500.0,3.6487062551829306,3.680272408372808,0.03156615318987743
9520.0,3.6425536766324456,3.6741221599868576,0.03156848335441209
9540.0,3.636411402358221,3.668009264746977,0.03159786238875606
9560.0,3.6302794153369016,3.6618852208196633,0.031605805482761706
9580.0,3.6241576985667625,3.655775188538621,0.031617489971858426
9600.0,3.618046235077714,3.6496474773252823,0.03160124224756844
9620.0,3.6119450079243625,3.643540680493851,0.031595672569488364
9640.0,3.6058540001884873,3.6374596495923535,0.03160564940386612
9660.0,3.5997731949839533,3.631400819916672,0.031627624932718756
9680.0,3.5937025754440426,3.625329539552435,0.031626964108392386
9700.0,3.587642124734033,3.6192744993721773,0.03163237463814417
9720.0,3.5815918260454684,3.6132214943550545,0.03162966830958602
9740.0,3.5755516625967236,3.6071894230115293,0.031637760414805705
9760.0,3.56952161763195,3.601165099446089,0.03164348181413912
9780.0,3.563501674424886,3.5951449457077707,0.031643271282884466
9800.0,3.5574918162752454,3.589127239709396,0.03163542343415049
9820.0,3.551492026505771,3.5831158632722406,0.031623836766469626
9840.0,3.545502288471539,3.577118294542512,0.031616006070973146
9860.0,3.53952258555097,3.571151481668491,0.03162889611752062
9880.0,3.533552901151666,3.5651785046849214,0.031625603533255386
9900.0,3.5275932187062726,3.5592155423672107,0.03162232366093809
9920.0,3.5216435216735253,3.5532741821359344,0.03163066046240903
9940.0,3.515703793540326,3.5473343133902797,0.031630519849953576
9960.0,3.5097740178180756,3.5414036481590765,0.03162963034100086
9980.0,3.5038541780485843,3.535478590405765,0.03162441235718072
10000.0,3.4979442608297657,3.5325137018001973,0.034569440970431575
10020.0,3.492043843067777,3.527771810948969,0.0357279678811917
10040.0,3.486154173348772,3.522595422686645,0.03644124933787296
10060.0,3.4802746090680436,3.5186905258297956,0.038415916761751934
10080.0,3.474402026043189,3.5153295904239195,0.04092756438073053
10100.0,3.4685401846723547,3.511605920448477,0.04306573577612216
10120.0,3.462692845353684,3.5066128198829287,0.043919974529244676
10140.0,3.456856115211347,3.498293489979303,0.04143737476795595
10160.0,3.4510247336671562,3.485911706776011,0.03488697310885458
10180.0,3.4452004095657194,3.470541636432661,0.025341226866941735
10200.0,3.4393848517516443,3.453257445108861,0.0138725933572168
10220.0,3.433579769069541,3.4351332989642183,0.0015535298946773857
10240.0,3.4277868703640157,3.4172433641583404,-0.010543506205675346
10260.0,3.422007864479678,3.400661806850836,-0.021346057628842008
10280.0,3.4162444602611353,3.3864627932013116,-0.029781667059823658
10300.0,3.410492248409262,3.374018417082754,-0.036473831326508055
10320.0,3.404745969900085,3.3619646357225657,-0.04278133417751917
10340.0,3.3990060589909366,3.350271410312536,-0.04873464867840038
10360.0,3.3932729499391523,3.3389087020444554,-0.05436424789469685
10380.0,3.3875470770020653,3.327846472110113,-0.05970060489195239
10400.0,3.3818288744370104,3.3170546817012982,-0.06477419273571217
10420.0,3.376118776501321,3.3065032920098023,-0.06961548449151866
10440.0,3.370417217452332,3.296162264227414,-0.07425495322491793
10460.0,3.364724631547377,3.2860015595459235,-0.07872307200145334
10480.0,3.35904145304379,3.275991139157121,-0.08305031388666917
10500.0,3.3533681161989053,3.2661009642527947,-0.08726715194611057
10520.0,3.3477050552700574,3.2563009960247364,-0.09140405924532091
10540.0,3.3420527045145794,3.2465611956647344,-0.09549150884984492
10560.0,3.3364114981898063,3.2368515243645795,-0.09955997382522686
10580.0,3.3307818705530727,3.2271419433160613,-0.10363992723701143
10600.0,3.3251642558617114,3.2174024137109694,-0.10776184215074203
10620.0,3.3195565017289232,3.2076770386505,-0.11187946307842322
10640.0,3.313956316688333,3.1980297420675834,-0.11592657462074962
10660.0,3.3083639263779165,3.188460216401587,-0.1199037099763296
10680.0,3.302779556435647,3.178968154091878,-0.12381140234376886
10700.0,3.2972034324994994,3.1695532475778245,-0.1276501849216749
10720.0,3.2916357802074465,3.1602151892987935,-0.131420590908653
10740.0,3.2860768251974632,3.1509536716941526,-0.1351231535033106
10760.0,3.2805267931075237,3.1417683872032693,-0.13875840590425437
10780.0,3.274985909575602,3.1326590282655102,-0.14232688131009175
10800.0,3.2694544002396726,3.123625287320244,-0.14582911291942846
10820.0,3.2639324907377083,3.114666856806838,-0.14926563393087022
10840.0,3.2584204067076854,3.105783429164659,-0.1526369775430263
10860.0,3.252918373787576,3.096974696833075,-0.15594367695450106
10880.0,3.2474266176153557,3.0882403522514537,-0.159186265363902
10900.0,3.2419453638289975,3.079580087859162,-0.1623652759698353
10920.0,3.236474838066476,3.070993596095567,-0.16548124197090885
10940.0,3.2310152659657656,3.062480569400037,-0.1685346965657284
10960.0,3.22556687316484,3.0540407002119396,-0.1715261729529005
10980.0,3.2201298853016738,3.0456736809706415,-0.17445620433103226
11000.0,3.214702406633295,3.0373806300916244,-0.17732177654167058
11020.0,3.2092824511998383,3.029160983048797,-0.18012146815104124
11040.0,3.2038701093139363,3.0210119078691644,-0.18285820144477194
11060.0,3.1984654712882223,3.0129305725797346,-0.18553489870848772
11080.0,3.193068627435328,3.004914145207513,-0.18815448222781495
11100.0,3.187679668067887,2.996959793779507,-0.19071987428838
11120.0,3.182298683498531,2.9890646863227217,-0.19323399717580925
11140.0,3.1769257640398942,2.9812259908641656,-0.19569977317572862
11160.0,3.1715610000046084,2.9734408754308435,-0.19812012457376493
11180.0,3.1662044817053068,2.965706508049762,-0.20049797365554456
11200.0,3.1608562994546214,2.9580200567479285,-0.20283624270669298
11220.0,3.1555165435651853,2.9503786895523487,-0.20513785401283657
11240.0,3.1501853043496317,2.94277957449003,-0.2074057298596017
11260.0,3.1448626721205932,2.935219879587977,-0.20964279253261608
11280.0,3.1395487371907014,2.9276967728731984,-0.21185196431750297
11300.0,3.1342435898725904,2.9202074223726995,-0.21403616749989096
11320.0,3.1289473204788925,2.912748996113487,-0.21619832436540554
11340.0,3.1236600193222404,2.905318662122567,-0.2183413571996735
11360.0,3.118381776715267,2.8979135884269462,-0.22046818828832082
11380.0,3.1131126829706046,2.8905309430536317,-0.22258173991697294
11400.0,3.107852828400886,2.8831678940296293,-0.2246849343712567
11420.0,3.1026023033187444,2.8758216093819455,-0.2267806939367989
11440.0,3.0973611980368125,2.868489257137587,-0.22887194089922547
11460.0,3.0921296028677223,2.8611680053235604,-0.2309615975441619
11480.0,3.0869076081241076,2.853855021966872,-0.23305258615723545
11500.0,3.081693450075043,2.8463030961563516,-0.23539035391869145
11520.0,3.0764855179709127,2.8383094615166113,-0.2381760564543014
11540.0,3.0712841315963124,2.829937952878432,-0.24134617871788056
11560.0,3.0660896107358395,2.8212524050725936,-0.24483720566324596
11580.0,3.0609022751740897,2.812316652929876,-0.24858562224421377
11600.0,3.055722444695659,2.8031945312810613,-0.25252791341459746
11620.0,3.0505504390851423,2.7939498749569287,-0.25660056412821364
11640.0,3.045386578127138,2.7846465187882603,-0.26074005933887756
11660.0,3.0402311816062415,2.7753482976058352,-0.26488288400040627
11680.0,3.0350845693070485,2.7661190462404344,-0.26896552306661414
11700.0,3.0299470610141555,2.757022599522839,-0.27292446149131644
11720.0,3.0248189765121585,2.7481227922838283,-0.2766961842283302
11740.0,3.0197006355856537,2.7394834593541844,-0.28021717623146936
11760.0,3.0145923580192373,2.731168435564687,-0.2834239224545505
11780.0,3.0094944635975063,2.7232415557461165,-0.2862529078513898
11800.0,3.004407272105055,2.715766654729254,-0.28864061737580116
11820.0,2.9993311033264813,2.7088075673448797,-0.29052353598160163
11840.0,2.9942662770463806,2.702428128423775,-0.2918381486226056
11860.0,2.9892131130493493,2.6966921727967192,-0.2925209402526301
11880.0,2.9841719311199832,2.6916635352944938,-0.2925083958254895
11900.0,2.9791430510428785,2.687406050747879,-0.2917370002949995
11920.0,2.974126792602632,2.6839835539876553,-0.2901432386149767
11940.0,2.9691234755838396,2.6814598798446037,-0.28766359573923594
11960.0,2.964133419771097,2.679898863149504,-0.2842345566215929
11980.0,2.959156944949001,2.679364338733137,-0.27979260621586377
12000.0,2.9541899610818705,2.679381195611454,-0.27480876547041655
12020.0,2.9492282226936446,2.679430972519299,-0.26979725017434575
12040.0,2.9442718164083512,2.6795124788660094,-0.2647593375423418
12060.0,2.939320828850017,2.679624524060921,-0.2596963047890961
12080.0,2.934375346642668,2.6797659175133695,-0.2546094291292986
12100.0,2.929435456410333,2.679935468632692,-0.2494999877776407
12120.0,2.924501244777037,2.6801319868282247,-0.24436925794881237
12140.0,2.9195727983668087,2.6803542815093038,-0.23921851685750495
12160.0,2.9146502038036735,2.6806011620852654,-0.234049041718408
12180.0,2.9097335477116593,2.680871437965447,-0.22886210974621246
12200.0,2.904822916714792,2.6811639185591827,-0.2236589981556092
12220.0,2.8999183974370997,2.6814774132758097,-0.21844098416128999
12240.0,2.8950200765026084,2.6818107315246653,-0.21320934497794308
12260.0,2.890128040535346,2.6821626827150844,-0.2079653578202616
12280.0,2.8852423761593387,2.6825320762564044,-0.2027102999029342
12300.0,2.880363169998614,2.6829177215579607,-0.19744544844065315
12320.0,2.875490508677198,2.68331842802909,-0.19217208064810798
12340.0,2.870624478819118,2.6837330050791284,-0.1868914737399896
12360.0,2.8657651670484015,2.6841602621174125,-0.1816049049309889
12380.0,2.860912659989075,2.6845990085532785,-0.17631365143579636
12400.0,2.856067044265165,2.6850480537960624,-0.1710189904691024
12420.0,2.851228406500699,2.685506207255101,-0.1657221992455984
12440.0,2.8463968333197043,2.68597227833973,-0.16042455497997432
12460.0,2.841572411346207,2.6864450764592864,-0.15512733488692065
12480.0,2.8367552272042342,2.6869234110231055,-0.14983181618112873
12500.0,2.8319453675178132,2.6874060914405247,-0.14453927607728856
12520.0,2.8271429189109702,2.687891927120879,-0.13925099179009104
12540.0,2.8223479680077332,2.688379727473506,-0.13396824053422707
12560.0,2.8175606014321284,2.6888683019077413,-0.1286922995243871
12580.0,2.8127809058081827,2.689356459832921,-0.12342444597526159
12600.0,2.808008967759924,2.689843010658382,-0.11816595710154187
12620.0,2.8032448739113778,2.6903267637934607,-0.11291811011791708
12640.0,2.798488710886572,2.6908065286474923,-0.10768218223907988
12660.0,2.793740565309533,2.6912811146298137,-0.1024594506797194
12680.0,2.7890005238042885,2.691749331149761,-0.09725119265452742
12700.0,2.7842686729948642,2.6922099876166716,-0.09205868537819262
12720.0,2.779545099505289,2.692661893439881,-0.08688320606540811
12740.0,2.7748298899595882,2.6931038580287243,-0.08172603193086392
12760.0,2.770123130981789,2.6935346907925393,-0.0765884401892496
12780.0,2.7654249091959175,2.6939532011406624,-0.07147170805525516
12800.0,2.760735311226003,2.6943581984824285,-0.0663771127435746
12820.0,2.7560544236960705,2.6947484922271756,-0.06130593146889485
12840.0,2.751382333230147,2.695122891784239,-0.05625944144590811
12860.0,2.746719126452261,2.695480206562955,-0.051238919889305734
12880.0,2.742064889986437,2.6958192459726598,-0.04624564401377729
12900.0,2.737419710456704,2.6961388194226896,-0.041280891034014555
12920.0,2.7327836744870884,2.6964377363223817,-0.03634593816470666
12940.0,2.7281568687016167,2.6967148060810713,-0.031442062620545386
12960.0,2.723539379724316,2.696968838108095,-0.026570541616221188
12980.0,2.718931294179214,2.6971986418127893,-0.02173265236642452
13000.0,2.714331621948854,2.697416578850248,-0.016915043098605587
13020.0,2.7097393165613255,2.697635652317041,-0.012103664244284662
13040.0,2.7051543801089726,2.697855633784712,-0.007298746324260641
13060.0,2.7005768146841405,2.6980762948248054,-0.002500519859335082
13080.0,2.6960066223791728,2.698297407008867,0.0022907846296944534
13100.0,2.691443805286413,2.6985187419084395,0.0070749366220264065
13120.0,2.686888365498206,2.6987400710950684,0.011851705596862327
13140.0,2.682340305106896,2.6989611661402986,0.016620861033402434
13160.0,2.6777996262048274,2.6991817986156734,0.021382172410846056
13180.0,2.673266330884344,2.6994017400927377,0.026135409208393856
13200.0,2.6687404212377897,2.6996207621430357,0.03088034090524605
13220.0,2.6642218993575093,2.699838636338112,0.03561673698060286
13240.0,2.6597107673358464,2.700055134249512,0.040344366913665386
13260.0,2.6552070272651456,2.700270027448778,0.04506300018363252
13280.0,2.6507106812377508,2.700483087507456,0.04977240626970536
13300.0,2.646221731346007,2.7006940859970907,0.05447235465108369
13320.0,2.6417401796822575,2.700902794489226,0.059162614806968605
13340.0,2.6372660283388467,2.701108984555406,0.06384295621655944
13360.0,2.6327992794081188,2.7013124277671756,0.06851314835905686
13380.0,2.6283399349824177,2.701512895696079,0.07317296071366153
13400.0,2.6238879971540885,2.701710159913661,0.07782216275957232
13420.0,2.619443468015475,2.7019039919914656,0.0824605239759908
13440.0,2.6150063496589206,2.702094163501038,0.08708781384211717
13460.0,2.6105766441767706,2.702280446013921,0.09170380183715032
13480.0,2.6061543536613687,2.7024626111016605,0.09630825744029181
13500.0,2.601739480205059,2.7026404303358005,0.10090095013074141
13520.0,2.597332025900186,2.7028136752878855,0.10548164938769933
13540.0,2.5929319928390937,2.7029821175294604,0.11005012469036668
13560.0,2.588539383114126,2.703145528632069,0.11460614551794279
13580.0,2.584154198817627,2.703303680167256,0.11914948134962877
13600.0,2.5797764420419425,2.703456343706565,0.12367990166462262
13620.0,2.575406114879414,2.703603290821542,0.1281971759421281
13640.0,2.5710432194223887,2.7037442930837305,0.13270107366134187
13660.0,2.5666877577632077,2.7038791220646745,0.13719136430146683
13680.0,2.562339731994218,2.7040075493359197,0.14166781734170186
13700.0,2.5579991442077614,2.7041293464690095,0.14613020226124807
13720.0,2.5536659964961834,2.7042442850354886,0.15057828853930522
13740.0,2.549340290951829,2.704352136606902,0.1550118456550731
13760.0,2.54502202966704,2.704452672754793,0.15943064308775323
13780.0,2.540711214734163,2.704545665050708,0.16383445031654498
13800.0,2.5364078482455406,2.704630885066189,0.16822303682064854
13820.0,2.532111932293518,2.7047081043727816,0.1725961720792637
13840.0,2.5278234689704386,2.7047770945420306,0.176953625571592
13860.0,2.5235424603686476,2.70483762714548,0.18129516677683233
13880.0,2.5192689085804876,2.7048894737546743,0.18562056517418668
13900.0,2.5150028156983044,2.7049324059411584,0.18992959024285394
13920.0,2.5107441838144413,2.704966195276476,0.19422201146203477
13940.0,2.5064930150212428,2.7049906133321717,0.19849759831092895
13960.0,2.502249311411053,2.70500543167979,0.20275612026873713
13980.0,2.4980130750762157,2.705010421890876,0.20699734681466042
14000.0,2.49378398288195,2.7043227647021766,0.21053878182022645
14020.0,2.489561710896797,2.702296963794745,0.2127352528979478
14040.0,2.4853462600180842,2.6989887751568618,0.21364251513877752
14060.0,2.4811376311431403,2.6944539547768067,0.21331632363366637
14080.0,2.476935825169293,2.6887482586428613,0.21181243347356826
14100.0,2.4727408429938706,2.6819274427433037,0.2091865997494331
14120.0,2.468552685514201,2.6740472630664165,0.20549457755221567
14140.0,2.464371353627612,2.665163475600479,0.20079212197286722
14160.0,2.460196848231432,2.6553318363337723,0.1951349881023403
14180.0,2.4560291702229895,2.6446081012545757,0.18857893103158618
14200.0,2.4518683204996115,2.6330480263511697,0.1811797058515583
14220.0,2.447714299958627,2.6207073676118355,0.17299306765320832
14240.0,2.4435671094973643,2.607641881024853,0.16407477152748884
14260.0,2.4394267500131503,2.5939073225785023,0.15448057256535197
14280.0,2.4352932224033146,2.579559448261064,0.1442662258577494
14300.0,2.4311665275651833,2.5646540140608187,0.13348748649563547
14320.0,2.4270466663960866,2.549246775966046,0.12220010956995964
14340.0,2.422933639793351,2.533393489965027,0.11045985017167581
14360.0,2.4188274486543055,2.517149912046042,0.09832246339173656
14380.0,2.4147280938762776,2.5005717981973703,0.08584370432109267
14400.0,2.410635576356596,2.483714904407294,0.07307932805069806
14420.0,2.406549896992588,2.466634986664092,0.06008508967150439
14440.0,2.4024710566815823,2.4493878009560452,0.04691674427446291
14460.0,2.3983990563209066,2.432029103271434,0.033630046950527515
14480.0,2.3943338968078893,2.414614649598539,0.020280752790649892
14500.0,2.390275579039858,2.3972001959256404,0.006924616885782164
14520.0,2.3862241039141416,2.379841498241018,-0.0063826056731235425
14540.0,2.382179472328067,2.3625943125329525,-0.01958515979511466
14560.0,2.3781416851789636,2.3455143947897246,-0.03262729038923906
14580.0,2.374110743364158,2.328657500999614,-0.04545324236454418
14600.0,2.37008664778098,2.3120793871509018,-0.05800726063007833
14620.0,2.3660693993267556,2.2958358092318676,-0.07023359009488805
14640.0,2.3620589988988154,2.2799825232307924,-0.08207647566802301
14660.0,2.358055447394485,2.2645752851359564,-0.0934801622585284
14680.0,2.3540587457110935,2.2496698509356396,-0.10438889477545388
14700.0,2.35006889474597,2.2353219766181227,-0.11474691812784732
14720.0,2.3460858953964414,2.2215874181716857,-0.12449847722475571
14740.0,2.3421097485598352,2.208521931584609,-0.13358781697522604
14760.0,2.3381404551334812,2.196181272845174,-0.14195918228830706
14780.0,2.3341780160147065,2.1846211979416594,-0.1495568180730471
14800.0,2.3302224321008387,2.173897462862347,-0.15632496923849182
14820.0,2.326273704289207,2.164065823595516,-0.16220788069369085
14840.0,2.3223318334771386,2.155182036129448,-0.16714979734769075
14860.0,2.3183968205619623,2.1473018564524216,-0.17109496410954073
14880.0,2.3144686664410052,2.140481040552719,-0.17398762588828642
14900.0,2.3105473720115963,2.1347753444186193,-0.17577202759297705
14920.0,2.3066329381710635,2.130240524038403,-0.1763924141326605
14940.0,2.302725365816734,2.126932335400351,-0.17579303041638283
14960.0,2.298824655845937,2.1249065344927436,-0.1739181213531933
14980.0,2.294930809156,2.1242188773038606,-0.1707119318521393
15000.0,2.291043538202205,2.1244613664624477,-0.16658217173975753
15020.0,2.2871625551474373,2.1251757264161877,-0.1619868287312496
15040.0,2.283287860450431,2.1263422958819493,-0.15694556456848163
15060.0,2.279419454569918,2.1279414135766004,-0.15147804099331763
15080.0,2.275557337964633,2.1299534182170112,-0.145603919747622
15100.0,2.2717015110933088,2.132358648520049,-0.13934286257325956
15120.0,2.2678519744146795,2.1351374432025834,-0.1327145312120961
15140.0,2.264008728387477,2.1382701409814824,-0.12573858740599464
15160.0,2.2601717734704363,2.1417370805736153,-0.11843469289682096
15180.0,2.25634111012229,2.1455186006958504,-0.11082250942643945
15200.0,2.2525167388017717,2.1495950400650563,-0.10292169873671542
15220.0,2.2486986599676144,2.153946737398102,-0.09475192256951237
15240.0,2.2448868740785524,2.158554031411856,-0.0863328426666965
15260.0,2.2410813815933177,2.1633972608231873,-0.07768412077013043
15280.0,2.2372821829706457,2.1684567643489645,-0.06882541862168123
15300.0,2.2334892786692673,2.1737128807060557,-0.05977639796321155
15320.0,2.229702669147918,2.1791459486113305,-0.05055672053658755
15340.0,2.22592235486533,2.1847363067816565,-0.041186048083673654
15360.0,2.2221483362802372,2.1904642939339034,-0.03168404234633382
15380.0,2.218380613851373,2.1963102487849393,-0.022070365066433784
15400.0,2.214619188037471,2.2022545100516333,-0.012364677985837513
15420.0,2.2108640592972635,2.2082774164508536,-0.002586642846409859
15440.0,2.2071152280894855,2.2143593066994693,0.007244078609983884
15460.0,2.2033726948728685,2.220480519514349,0.01710782464148064
15480.0,2.1996364601061478,2.226621393612361,0.026984933506213338
15500.0,2.1959065242480555,2.232762267710375,0.036855743462319346
15520.0,2.1921828877573257,2.238883480525258,0.04670059276793248
15540.0,2.1884655510926914,2.2449653707738806,0.05649981968118922
15560.0,2.184754514712886,2.2509882771731102,0.06623376246022428
15580.0,2.1810497790766434,2.256932538439816,0.07588275936317235
15600.0,2.177351344642696,2.2627784932908663,0.08542714864817036
15620.0,2.1736592118697784,2.2685064804431305,0.09484726857335213
15640.0,2.169973381216623,2.2740968386134766,0.10412345739685369
15660.0,2.1662938531419633,2.2795299065187735,0.1132360533768102
15680.0,2.1626206281045333,2.28478602287589,0.1221653947713568
15700.0,2.1589537065630666,2.289845526401695,0.1308918198386282
15720.0,2.155293088976295,2.2946887558130564,0.1393956668367613
15740.0,2.151638775802954,2.299296049826843,0.14765727402388906
15760.0,2.1479907675017755,2.3036477471599253,0.15565697965814973
15780.0,2.1443490645314935,2.3077241865291693,0.1633751219976758
15800.0,2.140713667350841,2.3115057066514453,0.17079203930060416
15820.0,2.137084576418552,2.3149726462436213,0.1778880698250691
15840.0,2.133461792193359,2.3181053440225674,0.18464355182920844
15860.0,2.129845315133996,2.32088413870515,0.19103882357115376
15880.0,2.126235145699197,2.32328936900824,0.19705422330904288
15900.0,2.1226312843476944,2.325301373648704,0.2026700893010096
15920.0,2.119033731538221,2.326900491343413,0.20786675980519176
15940.0,2.115442487729512,2.3280670608092335,0.21262457307972138
15960.0,2.1118575533802995,2.3287814207630353,0.21692386738273584
15980.0,2.108278928949318,2.3290239099216876,0.22074498097236983
16000.0,2.1047063534134,2.3285666939783685,0.2238603405649684
16020.0,2.1011395656332796,2.327215618101096,0.22607605246781626
16040.0,2.0975785658935364,2.3250015402190822,0.2274229743255458
16060.0,2.0940233544787517,2.3219553182615402,0.22793196378278857
16080.0,2.0904739316735044,2.3181078101576826,0.22763387848417826
16100.0,2.086930297762376,2.313489873836722,0.2265595760743464
16120.0,2.0833924530299464,2.308132367227872,0.22473991419792583
16140.0,2.0798603977607972,2.302066148260345,0.2222057504995476
16160.0,2.0763341322395075,2.295322074863353,0.21898794262384547
16180.0,2.0728136567506588,2.2879310049661092,0.21511734821545048
16200.0,2.0692989715788306,2.279923796497827,0.21062482491899637
16220.0,2.0657900770086037,2.2713313073877184,0.20554123037911465
16240.0,2.062286973324559,2.262184395564996,0.19989742224043683
16260.0,2.0587896608112763,2.2525139189588734,0.19372425814759708
16280.0,2.055298139753336,2.2423507354985626,0.18705259574522648
16300.0,2.0518124104353195,2.231725703113277,0.17991329267795741
16320.0,2.048332473141807,2.2206696797322287,0.17233720659042184
16340.0,2.044858328157378,2.209213523284631,0.16435519512725305
16360.0,2.041389975766613,2.1973880916996964,0.15599811593308344
16380.0,2.0379274162540937,2.1852242429066377,0.14729682665254407
16400.0,2.034470649904399,2.172752834834667,0.13828218493026823
16420.0,2.031019677002111,2.160004725412999,0.12898504841088787
16440.0,2.027574497831809,2.147010772570844,0.11943627473903495
16460.0,2.024135112678074,2.1338018342374165,0.10966672155934232
16480.0,2.0207015218254862,2.1204087683419286,0.09970724651644236
16500.0,2.017273725558626,2.1068624328135934,0.08958870725496748
16520.0,2.0138517241620737,2.0931936855816233,0.07934196141954963
16540.0,2.01043551792041,2.0794333845752306,0.06899786665482077
16560.0,2.0070251071182152,2.0656123877236294,0.05858728060541418
16580.0,2.0036204920400706,2.0517615529560316,0.04814106091596093
16600.0,2.000221672970555,2.03791173820165,0.03769006523109475
16620.0,1.99682865019425,2.024093801389697,0.027265151195446924
16640.0,1.9934414239957359,2.010338600449386,0.016897176453650298
16660.0,1.990059994659593,1.9966769933099293,0.006616998650336381
16680.0,1.9866843624704016,1.98313983790054,-0.00354452456986154
16700.0,1.9833145277127426,1.9697579921504311,-0.013556535562311511
16720.0,1.9799504906711962,1.9565623139888149,-0.023388176682381356
16740.0,1.9765922516303427,1.943583661344904,-0.03300859028543868
16760.0,1.9732398108747626,1.9308528921479118,-0.04238691872685085
16780.0,1.9698931686890364,1.9184008643270505,-0.05149230436198593
16800.0,1.9665523253577446,1.906258435811533,-0.06029388954621151
16820.0,1.9632172811654678,1.8944564645305721,-0.06876081663489564
16840.0,1.959888036396786,1.8830258084133806,-0.07686222798340547
16860.0,1.95656459133628,1.871997325389171,-0.08456726594710884
16880.0,1.9532469462685302,1.8614018733871567,-0.09184507288137356
16900.0,1.949935101478117,1.8512703103365498,-0.09866479114156723
16920.0,1.9466290572496208,1.8416334941665633,-0.10499556308305746
16940.0,1.943328813867622,1.8325222828064098,-0.11080653106121208
16960.0,1.9400343716167014,1.8239675341853023,-0.11606683743139912
16980.0,1.936745730781439,1.8160001062324538,-0.1207456245489853
17000.0,1.9334626525950123,1.8083673125092914,-0.12509534008572087
17020.0,1.9301848982374583,1.80079591666423,-0.1293889815732283
17040.0,1.9269124679136485,1.7932859517570763,-0.13362651615657217
17060.0,1.9236453618284535,1.7858374508476365,-0.13780791098081702
17080.0,1.9203835801867446,1.7784504469957167,-0.14193313319102785
17100.0,1.917127123193393,1.7711249732611238,-0.14600214993226923
17120.0,1.9138759910532697,1.763861062703664,-0.15001492834960573
17140.0,1.9106301839712456,1.7566587483831433,-0.15397143558810233
17160.0,1.907389702152192,1.7495180633593685,-0.1578716387928234
17180.0,1.9041545458009796,1.7424390406921455,-0.16171550510883415
17200.0,1.90092471512248,1.7354217134412813,-0.1655030016811987
17220.0,1.8977002103215639,1.7284661146665816,-0.16923409565498226
17240.0,1.8944810316031024,1.7215722774278532,-0.1729087541752492
17260.0,1.8912671791719664,1.7147402347849023,-0.17652694438706407
17280.0,1.8880586532330275,1.707970019797535,-0.18008863343549253
17300.0,1.8848554539911562,1.7012616655255577,-0.18359378846559848
17320.0,1.8816575816512238,1.6946152050287773,-0.1870423766224465
17340.0,1.8784650364181013,1.6880306713669995,-0.19043436505110178
17360.0,1.8752778184966599,1.6815080976000312,-0.1937697208966287
17380.0,1.8720959280917706,1.6750475167876782,-0.19704841130409245
17400.0,1.8689193654083043,1.668648961989747,-0.20027040341855717
17420.0,1.8657481306511323,1.6623124662660445,-0.20343566438508787
17440.0,1.8625822240251253,1.6560380626763767,-0.20654416134874864
17460.0,1.859421645735155,1.6498257842805495,-0.2095958614546054
17480.0,1.8562663959860919,1.64367566413837,-0.21259073184772181
17500.0,1.8531164749828073,1.6375877353096437,-0.21552873967316355
17520.0,1.8499718829301721,1.6315620308541776,-0.2184098520759945
17540.0,1.8468326200330576,1.6255985838317781,-0.22123403620127946
17560.0,1.8436986864963345,1.6196974273022515,-0.22400125919408298
17580.0,1.8405700825248745,1.6138585943254036,-0.22671148819947096
17600.0,1.837446808323548,1.6080821179610412,-0.22936469036250684
17620.0,1.8343288640972264,1.6023680312689708,-0.23196083282825564
17640.0,1.8312162500507807,1.5967163673089988,-0.2344998827417819
17660.0,1.828108966389082,1.5911271591409308,-0.2369818072481511
17680.0,1.8250070133170013,1.585600439824574,-0.23940657349242733
17700.0,1.8219103910394097,1.580136242419734,-0.2417741486196756
17720.0,1.8188190997611782,1.5747345999862181,-0.24408449977496005
17740.0,1.8157331396871779,1.569395545583832,-0.24633759410334588
17760.0,1.8126525110222798,1.5641191122723817,-0.2485333987498981
17780.0,1.809577213971355,1.5589053331116745,-0.2506718808596806
17800.0,1.8065072487392748,1.5537542411615162,-0.25275300757775865
17820.0,1.8034426155309102,1.548665869481713,-0.2547767460491972
17840.0,1.8003833145511319,1.543640251132072,-0.25674306341905995
17860.0,1.7973293460048112,1.5386774191723986,-0.25865192683241256
17880.0,1.794280710096819,1.5337774066624996,-0.2605033034343194
17900.0,1.791237407032027,1.5289402466621815,-0.2622971603698454
17920.0,1.7881994370153051,1.5241659722312504,-0.26403346478405476
17940.0,1.7851668002515255,1.5194546164295128,-0.26571218382201267
17960.0,1.7821394969455588,1.514806212316775,-0.2673332846287839
17980.0,1.779117527302276,1.5102207929528435,-0.2688967343494324
18000.0,1.7761006722886106,1.505678594606304,-0.2704220776823065
18020.0,1.7730887128420518,1.5011603873497013,-0.2719283254923506
18040.0,1.7700816491233047,1.4966670049487847,-0.27341464417452
18060.0,1.7670794812930744,1.4921992811693048,-0.27488020012376957
18080.0,1.7640822095120652,1.4877580497770118,-0.2763241597350534
18100.0,1.7610898339409824,1.4833441445376563,-0.2777456894033261
18120.0,1.7581023547405308,1.478958399216988,-0.2791439555235429
18140.0,1.7551197720714153,1.4746016475807577,-0.2805181244906576
18160.0,1.7521420860943409,1.470274723394715,-0.28186736269962576
18180.0,1.7491692969700126,1.465978460424611,-0.28319083654540145
18200.0,1.746201404859135,1.4617136924361955,-0.28448771242293946
18220.0,1.7432384099224127,1.4574812531952193,-0.2857571567271935
18240.0,1.7402803123205515,1.4532819764674318,-0.2869983358531196
18260.0,1.7373271122142555,1.449116696018584,-0.28821041619567156
18280.0,1.7343788097642303,1.444986245614426,-0.2893925641498043
18300.0,1.7314354051311802,1.4408914590207076,-0.29054394611047263
18320.0,1.7284968984758102,1.43683317000318,-0.2916637284726302
18340.0,1.7255632899588254,1.4328122123275926,-0.29275107763123276
18360.0,1.7226345797409306,1.428829419759696,-0.2938051599812346
18380.0,1.7197107679828307,1.4248856260652407,-0.29482514191759
18400.0,1.7167918548452306,1.4209816650099767,-0.29581018983525387
18420.0,1.7138778404888353,1.4171183703596544,-0.2967594701291809
18440.0,1.7109687250743495,1.4132965758800238,-0.2976721491943257
18460.0,1.708064508762478,1.4095171153368355,-0.2985473934256424
18480.0,1.7051651917139263,1.4057808224958397,-0.29938436921808664
18500.0,1.7022707740893985,1.4020885311227869,-0.30018224296661167
18520.0,1.6993812560496002,1.3984410749834268,-0.3009401810661734
18540.0,1.6964966377552357,1.39483928784351,-0.30165734991172566
18560.0,1.6936169193670105,1.3912840034687872,-0.3023329158982233
18580.0,1.6907421010456292,1.3877760556250078,-0.30296604542062133
18600.0,1.6878721829517964,1.3843162780779226,-0.30355590487387385
18620.0,1.6850071652462175,1.380905504593282,-0.3041016606529354
18640.0,1.6821470480895973,1.3775445689368362,-0.30460247915276106
18660.0,1.6792918316426402,1.374234304874335,-0.3050575267683051
18680.0,1.6764415160660515,1.3709755461715292,-0.30546596989452235
18700.0,1.6735961015205365,1.3677691265941692,-0.30582697492636735
18720.0,1.6707555881667995,1.3646158799080048,-0.30613970825879466
18740.0,1.6679199761655454,1.3615166398787863,-0.3064033362867591
18760.0,1.6650892656774794,1.358472240272264,-0.3066170254052154
18780.0,1.6622634568633063,1.3554835148541886,-0.30677994200911773
18800.0,1.659442549883731,1.3525512973903102,-0.30689125249342086
18820.0,1.6566265448994582,1.3496764216463788,-0.30695012325307935
18840.0,1.653815442071193,1.3468597213881448,-0.3069557206830482
18860.0,1.6510092415596402,1.344102030381359,-0.30690721117828135
18880.0,1.6482079435255053,1.3414041823917706,-0.30680376113373464
18900.0,1.6454115481294918,1.3387670111851304,-0.30664453694436133
18920.0,1.6426200555323063,1.336191350527189,-0.3064287050051173
18940.0,1.6398334658946523,1.3336780341836965,-0.3061554317109558
18960.0,1.6370517793772354,1.3312278959204034,-0.3058238834568321
18980.0,1.6342749961407605,1.3288417695030592,-0.30543322663770134
19000.0,1.631502915045227,1.3265091595803602,-0.30499375546486673
19020.0,1.6287353349310905,1.3242182803875175,-0.3045170545435729
19040.0,1.6259722559297396,1.321968030070058,-0.30400422585968156
19060.0,1.6232136781725637,1.3197573067735089,-0.3034563713990548
19080.0,1.6204596017909512,1.3175850086433971,-0.30287459314755405
19100.0,1.6177100269162912,1.31545003382525,-0.30225999309104123
19120.0,1.6149649536799724,1.313351280464595,-0.30161367321537735
19140.0,1.612224382213384,1.3112876467069583,-0.30093673550642563
19160.0,1.6094883126479143,1.309258030697868,-0.3002302819500462
19180.0,1.6067567451149525,1.3072613305828509,-0.2994954145321016
19200.0,1.6040296797458875,1.305296444507434,-0.2987332352384535
19220.0,1.601307116672108,1.3033622706171442,-0.29794484605496385
19240.0,1.5985890560250031,1.3014577070575095,-0.2971313489674936
19260.0,1.5958754979359613,1.2995816519740562,-0.2962938459619051
19280.0,1.5931664425363716,1.2977330035123118,-0.29543343902405983
19300.0,1.5904618899576233,1.2959106598178032,-0.2945512301398201
19320.0,1.5877618403311045,1.2941135190360578,-0.2936483212950467
19340.0,1.585066293788205,1.2923404793126028,-0.2927258144756022
19360.0,1.5823752504603126,1.290590438792965,-0.2917848116673476
19380.0,1.5796887104788166,1.2888622956226716,-0.290826414856145
19400.0,1.5770066739751063,1.28715494794725,-0.28985172602785636
19420.0,1.57432914108057,1.285467293912227,-0.28886184716834307
19440.0,1.5716561119265968,1.2837982316631298,-0.28785788026346704
19460.0,1.5689875866445753,1.2821466593454858,-0.2868409272990895
19480.0,1.566323565365895,1.280511475104822,-0.2858120902610728
19500.0,1.563664048221944,1.2788915770866656,-0.28477247113527837
19520.0,1.5610090353441113,1.2772858634365436,-0.2837231719075677
19540.0,1.558358526863786,1.275693232299983,-0.28266529456380307
19560.0,1.5557125229123572,1.2741125818225112,-0.281599941089846
19580.0,1.5530710236212133,1.2725428101496552,-0.2805282134715581
19600.0,1.5504340291217433,1.2709828154269422,-0.2794512136948011
19620.0,1.5478015395453364,1.2694314957998993,-0.27837004374543706
19640.0,1.5451735550233805,1.2678877494140537,-0.2772858056093268
19660.0,1.5425500756872657,1.2663504744149323,-0.27619960127233334
19680.0,1.5399311016683799,1.2648185689480624,-0.27511253272031744
19700.0,1.5373166330981125,1.2632909311589713,-0.2740257019391412
19720.0,1.534706670107852,1.2617664591931859,-0.27294021091466614
19740.0,1.5321012128289875,1.2602440511962334,-0.2718571616327541
19760.0,1.5295002613929078,1.258722605313641,-0.27077765607926674
19780.0,1.5269038159310018,1.257201019690936,-0.26970279624006577
19800.0,1.5243118765746584,1.2556781924736449,-0.2686336841010135
19820.0,1.5217244434552664,1.2541530218072954,-0.267571421647971
19840.0,1.5191415167042146,1.2526244058374145,-0.2665171108668001
19860.0,1.5165630964528918,1.2510912427095293,-0.26547185374336246
19880.0,1.513989182832687,1.249552430569167,-0.26443675226352004
19900.0,1.511419775974989,1.2480068675618545,-0.26341290841313447
19920.0,1.5088548760111866,1.2464534518331192,-0.26240142417806744
19940.0,1.506294483072669,1.2448910815284882,-0.26140340154418085
19960.0,1.5037385972908246,1.2433186547934885,-0.26041994249733613
19980.0,1.5011872187970425,1.2417350697736473,-0.2594521490233952
20000.0,1.4986401628153934,1.240153587738138,-0.25848657507725536
20020.0,1.4960972445552823,1.2385877564452552,-0.25750948811002705
20040.0,1.4935584641261008,1.2370369037742037,-0.2565215603518971
20060.0,1.4910238216372396,1.2355003576041876,-0.25552346403305193
20080.0,1.48849331719809,1.2339774458144113,-0.2545158713836788
20100.0,1.485966950918043,1.232467496284079,-0.25349945463396417
20120.0,1.4834447229064893,1.2309698368923947,-0.2524748860140946
20140.0,1.4809266332728208,1.2294837955185633,-0.25144283775425746
20160.0,1.4784126821264278,1.228008700041789,-0.2504039820846389
20180.0,1.4759028695767016,1.2265438783412757,-0.24935899123542593
20200.0,1.4733971957330336,1.225088658296228,-0.2483085374368057
20220.0,1.4708956607048143,1.2236423677858501,-0.24725329291896414
20240.0,1.4683982646014355,1.2222043346893463,-0.24619392991208922
20260.0,1.4659050075322877,1.220773886885921,-0.24513112064636666
20280.0,1.463415889606762,1.2193503522547784,-0.24406553735198355
20300.0,1.4609309109342496,1.217933058675123,-0.24299785225912673
20320.0,1.4584500716241415,1.2165213340261585,-0.24192873759798306
20340.0,1.4559733717858292,1.21511450618709,-0.24085886559873915
20360.0,1.4535008115287034,1.2137119030371215,-0.23978890849158185
20380.0,1.4510323909621548,1.2123128524554572,-0.23871953850669758
20400.0,1.4485681101955754,1.2109166823213013,-0.23765142787427407
20420.0,1.4461079693383556,1.2095227205138586,-0.23658524882449705
20440.0,1.4436519684998863,1.2081302949123327,-0.2355216735875536
20460.0,1.441200107789559,1.2067387333959283,-0.2344613743936308
20480.0,1.438752387316765,1.2053473638438499,-0.23340502347291503
20500.0,1.4363088071908947,1.2039555141353016,-0.23235329305559316
20520.0,1.4338693675213396,1.2025625121494872,-0.23130685537185247
20540.0,1.4314340684174907,1.2011676857656117,-0.23026638265187893
20560.0,1.4290029099887391,1.1997703628628793,-0.22923254712585983
20580.0,1.4265758923444756,1.1983698713204942,-0.22820602102398135
20600.0,1.4241530155940918,1.1969655390176603,-0.22718747657643146
20620.0,1.4217342798469785,1.1955566938335827,-0.22617758601339588
20640.0,1.4193196852125267,1.194142663647465,-0.2251770215650617
20660.0,1.4169092318001275,1.1927227763385118,-0.22418645546161575
20680.0,1.4145029197191719,1.1912963597859276,-0.22320655993324423
20700.0,1.4121007490790514,1.1898627418689163,-0.2222380072101351
20720.0,1.4097027199891563,1.1884212504666825,-0.22128146952247385
20740.0,1.4073088325588783,1.1869712134584303,-0.22033761910044802
20760.0,1.4049190868976085,1.1855119587233642,-0.21940712817424424
20780.0,1.4025334831147376,1.1840428141406882,-0.21849066897404934
20800.0,1.4001520213196568,1.1825631075896066,-0.21758891373005018
20820.0,1.3977747016217572,1.1810721669493245,-0.21670253467243272
20840.0,1.3954015241304298,1.1795693200990451,-0.2158322040313847
20860.0,1.3930324889550663,1.1780538949179735,-0.21497859403709274
20880.0,1.3906675962050568,1.1765252192853137,-0.21414237691974303
20900.0,1.3883068459897927,1.1749826210802699,-0.21332422490952285
20920.0,1.3859502384186655,1.1734254281820464,-0.21252481023661907
20940.0,1.3835977736010656,1.1718529684698478,-0.21174480513121785
20960.0,1.3812494516463847,1.170264569822878,-0.21098488182350672
20980.0,1.3789052726640136,1.1686595601203416,-0.21024571254367208
21000.0,1.376565066891845,1.1670390080975999,-0.20952605879424513
21020.0,1.374228664556026,1.165404697195473,-0.20882396736055298
21040.0,1.3718960657483306,1.163757027351354,-0.20813903839697656
21060.0,1.3695672705605322,1.1620963985026347,-0.2074708720578975
21080.0,1.367242279084404,1.160423210586708,-0.20681906849769605
21100.0,1.3649210914117194,1.1587378635409666,-0.20618322787075272
21120.0,1.3626037076342523,1.1570407573028025,-0.20556295033144978
21140.0,1.360290127843776,1.1553322918096085,-0.2049578360341675
21160.0,1.357980352132064,1.153612866998777,-0.20436748513328684
21180.0,1.3556743805908893,1.1518828828077006,-0.20379149778318872
21200.0,1.353372213312026,1.1501427391737715,-0.20322947413825454
21220.0,1.3510738503872475,1.1483928360343827,-0.20268101435286479
21240.0,1.3487792919083266,1.1466335733269262,-0.2021457185814004
21260.0,1.3464885379670373,1.1448653509887945,-0.20162318697824277
21280.0,1.3442015886551533,1.1430885689573806,-0.20111301969777262
21300.0,1.3419184440644476,1.1413036271700765,-0.2006148168943711
21320.0,1.3396391042866937,1.1395109255642748,-0.20012817872241895
21340.0,1.3373635694136654,1.1377108640773683,-0.1996527053362971
21360.0,1.335091839537136,1.135903842646749,-0.19918799689038713
21380.0,1.3328239147488787,1.1340902612098096,-0.19873365353906913
21400.0,1.3305597951406676,1.1322705197039429,-0.1982892754367247
21420.0,1.3282994808042754,1.1304450180665409,-0.19785446273773455
21440.0,1.3260429718314761,1.1286141562349965,-0.19742881559647962
21460.0,1.3237902683140428,1.126778334146702,-0.19701193416734086
21480.0,1.3215413703437495,1.1249379517390494,-0.1966034186047001
21500.0,1.3192962780123692,1.1230934089494322,-0.19620286906293694
21520.0,1.3170549914116754,1.1212451057152424,-0.19580988569643298
21540.0,1.3148175106334419,1.1193934419738725,-0.1954240686595694
21560.0,1.3125838357694415,1.1175388176627148,-0.1950450181067267
21580.0,1.3103539669114486,1.115681632719162,-0.19467233419228647
21600.0,1.3081279041512357,1.1138222870806065,-0.1943056170706292
21620.0,1.3059056475805773,1.1119611806844412,-0.1939444668961361
21640.0,1.3036871972912458,1.1100987134680578,-0.19358848382318805
21660.0,1.3014725533750153,1.1082352853688495,-0.1932372680061658
21680.0,1.299261715923659,1.1063712963242085,-0.19289041959945052
21700.0,1.297054685028951,1.1045071462715275,-0.1925475387574236
21720.0,1.2948514607826638,1.1026432351481987,-0.19220822563446505
21740.0,1.2926520432765716,1.1007799628916146,-0.19187208038495696
21760.0,1.2904564326024472,1.0989177294391679,-0.19153870316327937
21780.0,1.288264628852065,1.097056934728251,-0.1912076941238139
21800.0,1.2860766321171977,1.0951979786962562,-0.19087865342094146
21820.0,1.283892442489619,1.0933412612805766,-0.19055118120904235
21840.0,1.281712060061102,1.091487182418604,-0.19022487764249796
21860.0,1.279535484923421,1.0896361420477312,-0.18989934287568988
21880.0,1.277362717168349,1.0877885401053509,-0.18957417706299817
21900.0,1.2751937568876592,1.085944776528855,-0.18924898035880422
21920.0,1.2730286041731256,1.0841052512556364,-0.18892335291748918
21940.0,1.2708672591165213,1.0822703642230878,-0.18859689489343356
21960.0,1.26870972180962,1.0804405153686014,-0.18826920644101852
21980.0,1.2665559923441947,1.0786161046295697,-0.187939887714625
22000.0,1.264405914749074,1.0767913471022097,-0.18761456764686435
22020.0,1.2622593330433964,1.0749604178500793,-0.1872989151933171
22040.0,1.2601162473043999,1.0731236567615838,-0.18699259054281603
22060.0,1.2579766576093232,1.0712814037251295,-0.18669525388419372
22080.0,1.255840564035405,1.0694339986291215,-0.18640656540628342
22100.0,1.2537079666598834,1.0675817813619655,-0.1861261852979179
22120.0,1.251578865559997,1.0657250918120678,-0.18585377374792933
22140.0,1.2494532608129847,1.0638642698678333,-0.18558899094515136
22160.0,1.2473311524960844,1.0619996554176685,-0.1853314970784159
22180.0,1.2452125406865353,1.0601315883499784,-0.18508095233655686
22200.0,1.2430974254615754,1.0582604085531693,-0.18483701690840615
22220.0,1.240985806898443,1.0563864559156464,-0.18459935098279656
22240.0,1.238877685074377,1.0545100703258155,-0.18436761474856156
22260.0,1.236773060066616,1.0526315916720828,-0.18414146839453327
22280.0,1.2346719319523984,1.0507513598428533,-0.18392057210954516
22300.0,1.232574300808962,1.0488697147265331,-0.1837045860824289
22320.0,1.2304801667135468,1.0469869962115277,-0.18349317050201908
22340.0,1.2283895297433898,1.045103544186243,-0.1832859855571467
22360.0,1.2263023899757304,1.0432196985390845,-0.1830826914366459
22380.0,1.2242187474878066,1.0413357991584582,-0.18288294832934837
22400.0,1.222138602356857,1.0394521859327692,-0.18268641642408778
22420.0,1.2200619546601204,1.037569198750424,-0.18249275590969627
22440.0,1.2179888044748353,1.0356871774998275,-0.18230162697500774
22460.0,1.2159191518782395,1.0338064620693863,-0.1821126898088532
22480.0,1.2138529969475722,1.0319273923475054,-0.1819256046000668
22500.0,1.2117903397600718,1.0300503082225905,-0.1817400315374813
22520.0,1.2097311803929767,1.0281755495830474,-0.1815556308099293
22540.0,1.2076755189235255,1.026303456317282,-0.1813720626062436
22560.0,1.2056233554289566,1.0244343683137,-0.18118898711525655
22580.0,1.2035746899865083,1.022568625460707,-0.18100606452580137
22600.0,1.2015295226734193,1.0207065676467086,-0.18082295502671064
22620.0,1.1994878535669284,1.0188485347601104,-0.18063931880681805
22640.0,1.1974496827442735,1.0169948666893187,-0.18045481605495484
22660.0,1.1954150102826933,1.0151459033227381,-0.18026910695995513
22680.0,1.1933838362594267,1.0133019845487754,-0.18008185171065128
22700.0,1.1913561607517118,1.011463450255836,-0.17989271049587585
22720.0,1.1893319838367873,1.009630640332325,-0.17970134350446232
22740.0,1.1873113055918916,1.007803894666649,-0.17950741092524258
22760.0,1.1852941260942629,1.005983553147213,-0.17931057294704988
22780.0,1.1832804454211403,1.0041699556624233,-0.17911048975871702
22800.0,1.181270263649762,1.002363442100685,-0.178906821549077
22820.0,1.1792635808573666,1.0005643523504042,-0.1786992285069624
22840.0,1.1772603971211921,0.9987730262999862,-0.17848737082120592
22860.0,1.1752607125184777,0.9969898038378371,-0.17827090868064066
22880.0,1.1732645271264617,0.9952150248523626,-0.1780495022740991
22900.0,1.1712718410223824,0.993449029231968,-0.17782281179041437
22920.0,1.1692826542834784,0.9916921568650595,-0.17759049741841892
22940.0,1.1672969669869881,0.9899447476400423,-0.1773522193469459
22960.0,1.1653147792101501,0.9882071414453225,-0.17710763776482763
22980.0,1.163336091030203,0.9864796781693055,-0.1768564128608976
23000.0,1.1613607591485684,0.9847598632993715,-0.17660089584919691
23020.0,1.1593886402585676,0.9830449471382335,-0.17634369312033404
23040.0,1.1574197344252901,0.9813348867972983,-0.17608484762799181
23060.0,1.1554540417138248,0.979629639387973,-0.17582440232585184
23080.0,1.1534915621892612,0.9779291620216639,-0.17556240016759728
23100.0,1.1515322959166878,0.9762334118097783,-0.17529888410690952
23120.0,1.1495762429611942,0.9745423458637227,-0.17503389709747152
23140.0,1.1476234033878692,0.9728559212949041,-0.1747674820929651
23160.0,1.1456737772618022,0.9711740952147291,-0.1744996820470731
23180.0,1.1437273646480814,0.9694968247346047,-0.1742305399134767
23200.0,1.1417841656117973,0.9678240669659377,-0.1739600986458596
23220.0,1.1398441802180381,0.9661557790201347,-0.1736884011979034
23240.0,1.137907408531893,0.9644919180086029,-0.17341549052329008
23260.0,1.1359738506184514,0.9628324410427488,-0.17314140957570257
23280.0,1.1340435065428016,0.9611773052339793,-0.17286620130882235
23300.0,1.1321163763700337,0.9595264676937012,-0.1725899086763325
23320.0,1.130192460165236,0.9578798855333213,-0.17231257463191474
23340.0,1.128271757993498,0.9562375158642464,-0.17203424212925156
23360.0,1.126354269919909,0.9545993157978834,-0.17175495412202557
23380.0,1.1244399960095577,0.952965242445639,-0.17147475356391872
23400.0,1.122528936327533,0.9513352529189201,-0.17119368340861296
23420.0,1.1206210909389247,0.9497093043291334,-0.17091178660979134
23440.0,1.1187164599088213,0.9480873537876858,-0.17062910612113547
23460.0,1.1168150433023118,0.9464693584059841,-0.17034568489632773
23480.0,1.114916841184486,0.9448552752954351,-0.17006156588905097
23500.0,1.1130218536204326,0.9432450615674456,-0.169776792052987
23520.0,1.1111300806752404,0.9416386743334225,-0.16949140634181792
23540.0,1.1092415224139989,0.9400360707047724,-0.16920545170922652
23560.0,1.1073561789017972,0.9384372077929023,-0.16891897110889487
23580.0,1.105474050203724,0.9368420427092191,-0.1686320074945048
23600.0,1.1035951363848686,0.9352505325651292,-0.16834460381973937
23620.0,1.10171943751032,0.9336626344720399,-0.1680568030382802
23640.0,1.0998469536451678,0.9320783055413577,-0.1677686481038101
23660.0,1.0979776848545006,0.9304975028844895,-0.16748018197001113
23680.0,1.0961116312034078,0.9289201836128421,-0.1671914475905657
23700.0,1.0942487927569777,0.9273463048378224,-0.1669024879191553
23720.0,1.0923891695803003,0.9257758236708371,-0.1666133459094632
23740.0,1.0905327617384646,0.924208697223293,-0.16632406451517157
23760.0,1.0886795692965594,0.9226448826065969,-0.16603468668996246
23780.0,1.086829592319674,0.9210843369321557,-0.16574525538751828
23800.0,1.0849828308728973,0.9195270173113763,-0.16545581356152095
23820.0,1.0831392850213182,0.9179728808556653,-0.16516640416565287
23840.0,1.081298954830026,0.9164218846764295,-0.16487707015359654
23860.0,1.07946184036411,0.9148739858850758,-0.16458785447903423
23880.0,1.0776279416886594,0.9133291415930113,-0.16429880009564812
23900.0,1.0757972588687628,0.9117873089116423,-0.16400994995712048
23920.0,1.0739697919695097,0.910248444952376,-0.1637213470171337
23940.0,1.072145541055989,0.9087125068266187,-0.16343303422937028
23960.0,1.0703245061932898,0.907179451645778,-0.16314505454751183
23980.0,1.0685066874465008,0.90564923652126,-0.16285745092524084
24000.0,1.0666919531632393,0.9041225046440194,-0.16256944851921984
24020.0,1.064880171684316,0.9025998867819336,-0.16228028490238233
24040.0,1.0630713430646095,0.9010813214117938,-0.16199002165281573
24060.0,1.0612654673589994,0.8995667470103913,-0.1616987203486081
24080.0,1.0594625446223647,0.8980561020545174,-0.1614064425678473
24100.0,1.0576625749095852,0.8965493250209633,-0.16111324988862186
24120.0,1.0558655582755399,0.8950463543865205,-0.16081920388901938
24140.0,1.054071494775108,0.8935471286279798,-0.16052436614712817
24160.0,1.052280384463169,0.8920515862221328,-0.1602287982410362
24180.0,1.050492227394602,0.8905596656457706,-0.15993256174883141
24200.0,1.0487070236242868,0.8890713053756847,-0.15963571824860212
24220.0,1.046924773207102,0.8875864438886659,-0.15933832931843617
24240.0,1.0451454761979273,0.886105019661506,-0.1590404565364213
24260.0,1.0433691326516423,0.884626971170996,-0.15874216148064635
24280.0,1.0415957426231257,0.883152236893927,-0.15844350572919874
24300.0,1.0398253061672573,0.8816807553070904,-0.15814455086016688
24320.0,1.0380578233389162,0.8802124648872777,-0.1578453584516385
24340.0,1.0362932941929812,0.8787473041112798,-0.15754599008170145
24360.0,1.0345317187843326,0.877285211455888,-0.15724650732844458
24380.0,1.032773097167849,0.8758261253978937,-0.1569469717699553
24400.0,1.03101742939841,0.8743699844140881,-0.15664744498432193
24420.0,1.0292647155308947,0.8729167269812625,-0.15634798854963217
24440.0,1.0275149556201826,0.8714662915762084,-0.15604866404397422
24460.0,1.0257681497211526,0.8700186166757163,-0.15574953304543626
24480.0,1.0240242978886844,0.8685736407565783,-0.15545065713210615
24500.0,1.0222834001776575,0.8671313022955852,-0.1551520978820723
24520.0,1.0205454566429506,0.8656915397695282,-0.15485391687342243
24540.0,1.0188104673394436,0.8642542916551988,-0.15455617568424473
24560.0,1.0170784323220152,0.8628194964293884,-0.15425893589262685
24580.0,1.0153493516455452,0.8613870925688878,-0.1539622590766574
24600.0,1.0136232253649131,0.8599570185504886,-0.15366620681442456
24620.0,1.0119000535349973,0.8585292128509819,-0.1533708406840154
24640.0,1.010179836210678,0.857103613947159,-0.15307622226351902
24660.0,1.008462573446834,0.8556801603158113,-0.1527824131310227
24680.0,1.0067482652983448,0.8542587904337299,-0.15248947486461495
24700.0,1.0050369118200895,0.852839442777706,-0.15219746904238352
24720.0,1.0033285130669476,0.8514220558245309,-0.1519064572424167
24740.0,1.0016230690937984,0.8500065680509961,-0.15161650104280233
24760.0,0.9999205799555212,0.8485929179338924,-0.15132766202162884
24780.0,0.9982210457069953,0.8471810439500115,-0.15104000175698384
24800.0,0.9965244664030999,0.8457708845761445,-0.15075358182695542
24820.0,0.9948308420987145,0.8443623782890824,-0.15046846380963208
24840.0,0.9931401728487181,0.8429554635656169,-0.15018470928310124
24860.0,0.9914524587079903,0.8415500788825391,-0.14990237982545118
24880.0,0.9897676997314103,0.8401461627166401,-0.1496215370147702
24900.0,0.9880858959738573,0.8387436535447114,-0.14934224242914595
24920.0,0.9864070474902108,0.8373424898435441,-0.1490645576466667
24940.0,0.98473115433535,0.8359426100899293,-0.14878854424542065
24960.0,0.9830582165641542,0.8345439527606586,-0.14851426380349553
24980.0,0.9813882342315026,0.8331464563325232,-0.1482417778989794
25000.0,0.9797210863879582,0.8317490696299354,-0.14797201675802274
25020.0,0.9780566520783524,0.8303508998409284,-0.147705752237424
25040.0,0.9763949313489668,0.8289521229877241,-0.14744280836124268
25060.0,0.9747359242460834,0.8275529150925454,-0.147183009153538
25080.0,0.9730796308159838,0.8261534521776142,-0.14692617863836965
25100.0,0.9714260511049502,0.8247539102651529,-0.1466721408397973
25120.0,0.9697751851592642,0.823354465377384,-0.1464207197818802
25140.0,0.9681270330252076,0.8219552935365296,-0.146171739488678
25160.0,0.9664815947490626,0.820556570764812,-0.14592502398425056
25180.0,0.9648388703771105,0.8191584730844538,-0.1456803972926567
25200.0,0.9631988599556335,0.817761176517677,-0.1454376834379565
25220.0,0.9615615635309133,0.816364857086704,-0.14519670644420923
25240.0,0.9599269811492319,0.8149696908137573,-0.14495729033547466
25260.0,0.9582951128568709,0.813575853721059,-0.14471925913581185
25280.0,0.9566659587001123,0.8121835218308315,-0.14448243686928075
25300.0,0.955039518725238,0.810792871165297,-0.144246647559941
25320.0,0.9534157929785296,0.809404077746678,-0.14401171523185163
25340.0,0.9517947815062692,0.8080173175971969,-0.1437774639090723
25360.0,0.9501764843547384,0.8066327667390756,-0.14354371761566287
25380.0,0.9485609015702193,0.8052506011945367,-0.1433103003756826
25400.0,0.9469480331989936,0.8038709969858027,-0.1430770362131909
25420.0,0.945337879287343,0.8024941301350955,-0.1428437491522475
25440.0,0.9437304398815497,0.8011201766646378,-0.14261026321691195
25460.0,0.9421257150278952,0.7997493125966517,-0.1423764024312435
25480.0,0.9405237047726615,0.7983817139533593,-0.14214199081930212
25500.0,0.9389244091621303,0.7970175567569835,-0.14190685240514678
25520.0,0.9373278282425835,0.7956570170297461,-0.14167081121283742
25540.0,0.9357339620603031,0.7943002707938698,-0.14143369126643335
25560.0,0.9341428106615708,0.7929474940715765,-0.1411953165899943
25580.0,0.9325543740926686,0.7915988628850888,-0.14095551120757976
25600.0,0.9309686523998779,0.7902545532566291,-0.14071409914324884
25620.0,0.929385645629481,0.7889147412084194,-0.14047090442106158
25640.0,0.9278053538277595,0.7875796027626824,-0.14022575106507718
25660.0,0.9262277770409955,0.7862493139416401,-0.13997846309935535
25680.0,0.9246529153154706,0.7849240507675148,-0.13972886454795574
25700.0,0.9230807686974666,0.7836039892625292,-0.13947677943493741
25720.0,0.9215113372332655,0.7822893054489052,-0.13922203178436032
25740.0,0.919944620969149,0.7809801753488652,-0.13896444562028376
25760.0,0.9183806199513991,0.7796767749846316,-0.13870384496676746
25780.0,0.9168193342262976,0.7783792803784269,-0.13844005384787073
25800.0,0.9152607638401261,0.777087867552473,-0.13817289628765306
25820.0,0.9137049088391668,0.7758027125289926,-0.1379021963101742
25840.0,0.9121517692697013,0.7745239913302079,-0.13762777793949343
25860.0,0.9106013451780115,0.7732518799783411,-0.1373494651996704
25880.0,0.9090536366103794,0.7719865544956145,-0.13706708211476493
25900.0,0.9075086436130865,0.7707281909042506,-0.13678045270883588
25920.0,0.9059663662324149,0.7694769652264717,-0.1364894010059432
25940.0,0.9044268045146464,0.7682330534844998,-0.13619375103014664
25960.0,0.9028899585060627,0.7669966317005577,-0.13589332680550503
25980.0,0.9013558282529459,0.7657678758968675,-0.13558795235607846
26000.0,0.8998243026416264,0.7645467819849733,-0.1352775206566531
26020.0,0.898295270553603,0.7633330876533264,-0.13496218290027662
26040.0,0.8967687320279104,0.7621265815895096,-0.13464215043840078
26060.0,0.8952446871035827,0.7609270524811056,-0.13431763462247714
26080.0,0.8937231358196545,0.7597342890156968,-0.13398884680395762
26100.0,0.89220407821516,0.7585480798808663,-0.13365599833429376
26120.0,0.8906875143291338,0.7573682137641964,-0.13331930056493746
26140.0,0.88917344420061,0.7561944793532702,-0.13297896484733973
26160.0,0.8876618678686232,0.75502666533567,-0.13263520253295324
26180.0,0.8861527853722077,0.7538645603989788,-0.1322882249732289
26200.0,0.8846461967503978,0.752707953230779,-0.1319382435196188
26220.0,0.883142102042228,0.7515566325186536,-0.13158546952357442
26240.0,0.8816405012867328,0.750410386950185,-0.13123011433654774
26260.0,0.8801413945229463,0.7492690052129561,-0.13087238930999012
26280.0,0.8786447817899031,0.7481322759945496,-0.13051250579535356
26300.0,0.8771506631266375,0.7469999879825481,-0.1301506751440894
26320.0,0.8756590385721837,0.7458719298645343,-0.12978710870764942
26340.0,0.8741699081655765,0.744747890328091,-0.12942201783748553
26360.0,0.8726832719458499,0.7436276580608007,-0.12905561388504927
26380.0,0.8711991299520385,0.7425110217502462,-0.12868810820179233
26400.0,0.8697174822231766,0.7413977700840101,-0.1283197121391665
26420.0,0.8682383287982987,0.7402876917496753,-0.1279506370486233
26440.0,0.8667616697164389,0.7391805754348244,-0.12758109428161446
26460.0,0.8652875050166319,0.73807620982704,-0.12721129518959184
26480.0,0.8638158347379119,0.736974383613905,-0.1268414511240069
26500.0,0.8623466589193132,0.7358748854830018,-0.12647177343631133
26520.0,0.8608799775998706,0.7347775041219133,-0.12610247347795722
26540.0,0.8594157908186179,0.7336820282182221,-0.1257337626003957
26560.0,0.8579540986145898,0.732588246459511,-0.12536585215507878
26580.0,0.8564949010268209,0.7314959475333626,-0.12499895349345835
26600.0,0.855038198094345,0.7304049201273597,-0.12463327796698531
26620.0,0.853583989856197,0.7293149529290848,-0.12426903692711222
26640.0,0.8521322763514111,0.7282258346261208,-0.1239064417252903
26660.0,0.8506830576190217,0.7271373539060502,-0.12354570371297158
26680.0,0.8492363336980633,0.7260492994564558,-0.12318703424160748
26700.0,0.8477921046275698,0.7249614599649202,-0.12283064466264959
26720.0,0.8463503704465761,0.7238736241190262,-0.1224767463275499
26740.0,0.8449111311941164,0.7227855806063567,-0.12212555058775976
26760.0,0.8434743869092252,0.721697118114494,-0.12177726879473116
26780.0,0.8420401376309365,0.7206080253310209,-0.12143211229991568
26800.0,0.8406083833982853,0.7195180909435201,-0.1210902924547651
26820.0,0.8391791242503055,0.7184271036395746,-0.12075202061073087
26840.0,0.8377523602260316,0.7173348521067667,-0.12041750811926488
26860.0,0.8363280913644978,0.7162411250326792,-0.12008696633181859
26880.0,0.834906317704739,0.7151457111048948,-0.11976060659984422
26900.0,0.8334870392857893,0.7140483990109963,-0.119438640274793
26920.0,0.8320702561466828,0.7129489774385662,-0.11912127870811662
26940.0,0.8306559683264543,0.7118472350751873,-0.11880873325126695
26960.0,0.8292441758641378,0.7107429606084423,-0.11850121525569546
26980.0,0.8278348787987682,0.709635942725914,-0.11819893607285414
27000.0,0.8264279750551379,0.7085275963414159,-0.11790037871372194
27020.0,0.8250233625539658,0.7074194905380544,-0.11760387201591138
27040.0,0.823621041328175,0.7063116452573501,-0.11730939607082491
27060.0,0.8222210114106887,0.705204080440824,-0.11701693096986465
27080.0,0.8208232728344301,0.7040968160299969,-0.11672645680443328
27100.0,0.8194278256323224,0.7029898719663895,-0.1164379536659329
27120.0,0.8180346698372883,0.7018832681915229,-0.11615140164576543
27140.0,0.8166438054822517,0.7007770246469176,-0.11586678083533408
27160.0,0.8152552326001351,0.6996711612740947,-0.11558407132604043
27180.0,0.813868951223862,0.6985656980145747,-0.11530325320928736
27200.0,0.8124849613863555,0.6974606548098788,-0.11502430657647666
27220.0,0.8111032631205387,0.6963560516015275,-0.11474721151901124
27240.0,0.8097238564593349,0.6952519083310418,-0.11447194812829309
27260.0,0.8083467414356669,0.6941482449399424,-0.11419849649572444
27280.0,0.8069719180824582,0.6930450813697502,-0.11392683671270798
27300.0,0.8055993864326317,0.6919424375619861,-0.11365694887064559
27320.0,0.8042291465191109,0.6908403334581708,-0.11338881306094017
27340.0,0.8028611983748187,0.6897387889998251,-0.11312240937499363
27360.0,0.8014955420326783,0.6886378241284699,-0.1128577179042084
27380.0,0.8001321775256128,0.687537458785626,-0.11259471873998683
27400.0,0.7987711048865453,0.6864377129128142,-0.11233339197373116
27420.0,0.7974123241483994,0.6853386064515553,-0.11207371769684404
27440.0,0.7960558353440976,0.6842401593433703,-0.11181567600072728
27460.0,0.7947016385065634,0.6831423915297797,-0.11155924697678365
27480.0,0.7933497336687201,0.6820453229523047,-0.11130441071641539
27500.0,0.7920001208634905,0.6809489735524656,-0.11105114731102483
27520.0,0.790652800123798,0.679853363271784,-0.11079943685201399
27540.0,0.7893077714825656,0.67875851205178,-0.11054925943078564
27560.0,0.7879650349727167,0.6776644398339745,-0.11030059513874224
27580.0,0.7866245906271743,0.6765711665598889,-0.11005342406728535
27600.0,0.7852864384788613,0.6754787121710433,-0.10980772630781799
27620.0,0.7839505785607013,0.6743870966089591,-0.10956348195174215
27640.0,0.7826170109056171,0.6732963398151567,-0.1093206710904604
27660.0,0.7812857355465322,0.6722064617311572,-0.10907927381537508
27680.0,0.7799567525163695,0.6711174822984812,-0.1088392702178883
27700.0,0.7786300618480522,0.6700294214586496,-0.10860064038940254
27720.0,0.7773056635745035,0.6689422991531834,-0.10836336442132011
27740.0,0.7759835577286464,0.6678561353236032,-0.10812742240504314
27760.0,0.7746637443434042,0.66677094991143,-0.10789279443197419
27780.0,0.7733462234517001,0.6656867628581844,-0.10765946059351572
27800.0,0.7720309950864571,0.6646035941053874,-0.10742740098106973
27820.0,0.7707180592805987,0.6635214635945597,-0.10719659568603901
27840.0,0.7694074160670475,0.6624403912672221,-0.10696702479982545
27860.0,0.7680990654787271,0.6613603970648957,-0.1067386684138314
27880.0,0.7667930075485604,0.660281500929101,-0.1065115066194594
27900.0,0.7654892423094707,0.6592037228013591,-0.1062855195081116
27920.0,0.7641877697943811,0.6581270826231904,-0.10606068717119066
27940.0,0.7628885900362147,0.6570516003361162,-0.10583698970009847
27960.0,0.7615917030678948,0.6559772958816571,-0.10561440718623771
27980.0,0.7602971089223445,0.6549041892013339,-0.10539291972101061
28000.0,0.7590047138297727,0.6538318251805509,-0.10517288864922181
28020.0,0.7577144240169522,0.6527597589210397,-0.10495466509591256
28040.0,0.7564262395116511,0.6516880256888117,-0.10473821382283943
28060.0,0.7551401603416381,0.6506166607498785,-0.10452349959175966
28080.0,0.7538561865346817,0.6495456993702514,-0.10431048716443025
28100.0,0.7525743181185501,0.6484751768159421,-0.104099141302608
28120.0,0.7512945551210118,0.6474051283529623,-0.10388942676804958
28140.0,0.7500168975698354,0.6463355892473234,-0.10368130832251199
28160.0,0.7487413454927891,0.6452665947650366,-0.10347475072775258
28180.0,0.7474678989176415,0.6441981801721136,-0.10326971874552793
28200.0,0.7461965578721612,0.6431303807345662,-0.10306617713759503
28220.0,0.7449273223841163,0.6420632317184056,-0.10286409066571067
28240.0,0.7436601924812754,0.6409967683896435,-0.10266342409163187
28260.0,0.7423951681914068,0.6399310260142913,-0.10246414217711552
28280.0,0.7411322495422792,0.6388660398583607,-0.10226620968391853
28300.0,0.7398714365616609,0.6378018451878628,-0.10206959137379812
28320.0,0.7386127292773202,0.6367384772688095,-0.10187425200851075
28340.0,0.7373561277170257,0.6356759713672123,-0.10168015634981342
28360.0,0.7361016319085459,0.6346143627490826,-0.10148726915946338
28380.0,0.7348492418796491,0.633553686680432,-0.10129555519921707
28400.0,0.7335989576581038,0.6324939784272722,-0.10110497923083162
28420.0,0.7323507792716784,0.6314352732556142,-0.10091550601606414
28440.0,0.7311047067481414,0.6303776064314699,-0.10072710031667154
28460.0,0.7298607401152611,0.6293210132208509,-0.10053972689441026
28480.0,0.7286188794008063,0.6282655288897683,-0.100353350511038
28500.0,0.7273791246325451,0.6272111887042341,-0.10016793592831097
28520.0,0.7261414758382458,0.6261580279302595,-0.0999834479079863
28540.0,0.7249059330456772,0.6251060818338563,-0.09979985121182089
28560.0,0.7236724962826077,0.6240553856810358,-0.09961711060157186
28580.0,0.7224411655768055,0.6230059747378095,-0.09943519083899599
28600.0,0.7212119409560391,0.621957884270189,-0.09925405668585008
28620.0,0.7199848224480773,0.6209111495441858,-0.09907367290389146
28640.0,0.7187598100806879,0.6198658058258114,-0.09889400425487649
28660.0,0.7175369038816398,0.6188218883810777,-0.09871501550056216
28680.0,0.7163161038787014,0.6177794324759954,-0.09853667140270594
28700.0,0.715097410099641,0.6167384733765768,-0.09835893672306417
28720.0,0.7138808225722272,0.615699046348833,-0.09818177622339419
28740.0,0.7126663413242283,0.6146611866587756,-0.09800515466545279
28760.0,0.7114539663834127,0.6136249295724162,-0.09782903681099653
28780.0,0.710243697777549,0.6125903103557663,-0.09765338742178276
28800.0,0.7090355355344056,0.6115573642748374,-0.09747817125956815
28820.0,0.7078294796817508,0.610526126595641,-0.09730335308610982
28840.0,0.7066255302473532,0.6094966325841886,-0.09712889766316457
28860.0,0.7054236872589812,0.6084689175064918,-0.0969547697524894
28880.0,0.704223950744403,0.607443016628562,-0.09678093411584099
28900.0,0.7030263207313875,0.6064189652164109,-0.09660735551497657
28920.0,0.7018307972477027,0.60539679853605,-0.0964339987116527
28940.0,0.7006373803211173,0.6043765518534906,-0.09626082846762674
28960.0,0.6994460699793997,0.6033582604347444,-0.09608780954465534
28980.0,0.6982568662503184,0.6023419595458229,-0.09591490670449543
29000.0,0.6970696829955655,0.6013261393704628,-0.09574354362510273
29020.0,0.6958844340739361,0.6003093643588114,-0.09557506971512464
29040.0,0.6947011195088519,0.5992917811764967,-0.09540933833235521
29060.0,0.6935197393237353,0.5982735364891465,-0.09524620283458884
29080.0,0.6923402935420082,0.5972547769623889,-0.09508551657961928
29100.0,0.6911627821870924,0.596235649261852,-0.09492713292524035
29120.0,0.6899872052824101,0.5952163000531634,-0.0947709052292467
29140.0,0.6888135628513832,0.5941968760019514,-0.09461668684943181
29160.0,0.6876418549174338,0.5931775237738438,-0.09446433114358999
29180.0,0.686472081503984,0.5921583900344685,-0.09431369146951551
29200.0,0.6853042426344556,0.5911396214494535,-0.09416462118500202
29220.0,0.6841383383322707,0.590121364684427,-0.09401697364784367
29240.0,0.6829743686208514,0.5891037664050166,-0.09387060221583476
29260.0,0.6818123335236195,0.5880869732768506,-0.09372536024676892
29280.0,0.6806522330639972,0.5870711319655567,-0.09358110109844053
29300.0,0.6794940672654066,0.5860563891367628,-0.09343767812864379
29320.0,0.6783378361512695,0.5850428914560972,-0.0932949446951723
29340.0,0.6771835397450081,0.5840307855891878,-0.09315275415582036
29360.0,0.6760311780700442,0.5830202182016622,-0.09301095986838204
29380.0,0.6748807511498001,0.5820113359591487,-0.0928694151906514
29400.0,0.6737322590076974,0.5810042855272751,-0.09272797348042228
29420.0,0.6725857016671586,0.5799992135716694,-0.0925864880954892
29440.0,0.6714410791516053,0.5789962667579596,-0.09244481239364577
29460.0,0.6702983914844599,0.5779955917517738,-0.09230279973268607
29480.0,0.669157638689144,0.5769973352187396,-0.09216030347040438
29500.0,0.6680188207890799,0.5760016438244852,-0.09201717696459477
29520.0,0.6668819378076897,0.5750086642346386,-0.09187327357305108
29540.0,0.665746989768395,0.5740185431148276,-0.09172844665356739
29560.0,0.6646139766946182,0.5730314271306803,-0.09158254956393785
29580.0,0.663482898609781,0.5720474629478247,-0.09143543566195633
29600.0,0.6623537555373058,0.5710667972318885,-0.09128695830541733
29620.0,0.6612265475006144,0.5700895766484999,-0.09113697085211447
29640.0,0.6601012745231287,0.569115947863287,-0.09098532665984171
29660.0,0.6589779366282709,0.5681460575418773,-0.09083187908639356
29680.0,0.6578565338394629,0.567180052349899,-0.09067648148956386
29700.0,0.6567370661801267,0.5662180789529803,-0.09051898722714646
29720.0,0.6556195336736845,0.5652602840167488,-0.09035924965693576
29740.0,0.6545039363435582,0.5643068142068325,-0.0901971221367257
29760.0,0.6533902742131698,0.5633578161888596,-0.09003245802431015
29780.0,0.6522785473059413,0.5624134366284579,-0.08986511067748337
29800.0,0.6511687556452948,0.5614738221912553,-0.08969493345403945
29820.0,0.650060899254652,0.5605391195428799,-0.08952177971177211
29840.0,0.6489549781574355,0.5596094753489598,-0.08934550280847575
29860.0,0.6478509923770668,0.5586850362751224,-0.08916595610194433
29880.0,0.6467489419369681,0.5577659489869963,-0.0889829929499718
29900.0,0.6456488268605614,0.5568523601502091,-0.08879646671035224
29920.0,0.6445506471712688,0.5559444164303888,-0.08860623074087992
29940.0,0.6434544028925121,0.5550422644931635,-0.08841213839934858
29960.0,0.6423600940477135,0.5541460510041611,-0.0882140430435524
29980.0,0.641267720660295,0.5532559226290095,-0.08801179803128556
30000.0,0.6401772036038992,0.5523727903722282,-0.08780441323167099
30020.0,0.6390884637497241,0.5514972761025795,-0.08759118764714457
30040.0,0.6380015011175254,0.5506290927820562,-0.08737240833546922
30060.0,0.6369163157270583,0.5497679533726503,-0.08714836235440804
30080.0,0.6358329075980786,0.5489135708363547,-0.08691933676172392
30100.0,0.6347512767503417,0.5480656581351615,-0.0866856186151802
30120.0,0.6336714232036028,0.5472239282310634,-0.08644749497253945
30140.0,0.6325933469776176,0.5463880940860525,-0.08620525289156511
30160.0,0.6315170480921416,0.5455578686621215,-0.08595917943002007
30180.0,0.6304425265669302,0.5447329649212628,-0.08570956164566745
30200.0,0.6293697824217388,0.5439130958254689,-0.08545668659626993
30220.0,0.6282988156763231,0.5430979743367318,-0.08520084133959127
30240.0,0.6272296263504382,0.5422873134170444,-0.08494231293339383
30260.0,0.6261622144638399,0.5414808260283991,-0.08468138843544082
30280.0,0.6250965800362834,0.5406782251327881,-0.08441835490349536
30300.0,0.6240327230875246,0.5398792236922041,-0.08415349939532046
30320.0,0.6229706436373185,0.5390835346686392,-0.08388710896867924
30340.0,0.6219103417054208,0.5382908710240861,-0.08361947068133468
30360.0,0.620851817311587,0.5375009457205372,-0.08335087159104981
30380.0,0.6197950704755725,0.5367134717199848,-0.08308159875558763
30400.0,0.6187401012171327,0.5359281619844215,-0.08281193923271124
30420.0,0.6176869095560232,0.5351447294758397,-0.08254218008018355
30440.0,0.6166354955119995,0.5343628871562316,-0.08227260835576788
30460.0,0.6155858591048169,0.53358234798759,-0.08200351111722692
30480.0,0.614538000354231,0.5328028249319071,-0.08173517542232389
30500.0,0.6134919192799972,0.5320240309511755,-0.08146788832882179
30520.0,0.612447615901871,0.5312456790073873,-0.08120193689448374
30540.0,0.611405090239608,0.5304674820625354,-0.08093760817707263
30560.0,0.6103643423129634,0.5296891530786116,-0.0806751892343518
30580.0,0.6093253721416928,0.5289104050176092,-0.08041496712408358
30600.0,0.6082881797455518,0.52813095084152,-0.08015722890403187
30620.0,0.6072527651442958,0.5273505035123365,-0.07990226163195935
30640.0,0.6062191283576802,0.5265687759920512,-0.079650352365629
30660.0,0.6051872694054604,0.5257854812426567,-0.07940178816280374
30680.0,0.6041571883073922,0.5250003322261451,-0.07915685608124712
30700.0,0.6031288850832306,0.5242130419045092,-0.07891584317872136
30720.0,0.6021023597527314,0.5234233232397412,-0.07867903651299024
30740.0,0.60107761233565,0.5226308891938336,-0.07844672314181644
30760.0,0.6000546428517419,0.5218354527287787,-0.07821919012296319
30780.0,0.5990334513207625,0.5210367268065693,-0.07799672451419315
30800.0,0.5980140377624673,0.5202344243891974,-0.07777961337326988
30820.0,0.5969964021966118,0.5194282584386557,-0.07756814375795607
30840.0,0.5959805446429515,0.5186179419169366,-0.07736260272601492
30860.0,0.5949664651212417,0.5178031877860324,-0.07716327733520933
30880.0,0.5939541636512379,0.5169837090079357,-0.07697045464330221
30900.0,0.5929436402526959,0.5161592185446389,-0.076784421708057
30920.0,0.5919348949453707,0.5153294293581343,-0.07660546558723635
30940.0,0.5909279277490181,0.5144940544104145,-0.07643387333860363
30960.0,0.5899227386833934,0.5136528066634718,-0.0762699320199216
30980.0,0.5889193277682523,0.5128053990792987,-0.07611392868895361
31000.0,0.5879176223197181,0.5119500170981953,-0.0759676052215228
31020.0,0.5869175496518524,0.5110853540304546,-0.07583219562139776
31040.0,0.5859191097813178,0.5102118846430594,-0.07570722513825834
31060.0,0.584922302724777,0.5093300837029916,-0.07559221902178537
31080.0,0.5839271284988927,0.5084404259772336,-0.07548670252165912
31100.0,0.5829335871203275,0.5075433862327682,-0.07539020088755932
31120.0,0.5819416786057439,0.5066394392365774,-0.07530223936916647
31140.0,0.5809514029718045,0.5057290597556439,-0.07522234321616061
31160.0,0.5799627602351719,0.5048127225569496,-0.07515003767822226
31180.0,0.578975750412509,0.5038909024074775,-0.07508484800503157
31200.0,0.5779903735204784,0.5029640740742097,-0.07502629944626871
31220.0,0.5770066295757423,0.5020327123241287,-0.07497391725161362
31240.0,0.5760245185949637,0.5010972919242168,-0.07492722667074692
31260.0,0.5750440405948053,0.5001582876414564,-0.07488575295334887
31280.0,0.5740651955919294,0.49921617424282994,-0.07484902134909943
31300.0,0.5730879836029988,0.4982714264953199,-0.07481655710767893
31320.0,0.572112404644676,0.49732451916590853,-0.07478788547876752
31340.0,0.5711384587336239,0.49637592702157823,-0.07476253171204567
31360.0,0.5701661458865049,0.4954261248293115,-0.07474002105719346
31380.0,0.5691954661199817,0.4944755873560906,-0.07471987876389113
31400.0,0.5682264194507168,0.49352478936889815,-0.07470163008181868
31420.0,0.567259005895373,0.49257420563471627,-0.07468480026065677
31440.0,0.5662932254706129,0.4916243109205276,-0.07466891455008529
31460.0,0.565329078193099,0.4906755799933144,-0.07465349819978456
31480.0,0.564366564079494,0.4897284876200591,-0.07463807645943493
31500.0,0.5634056831464604,0.48878350856774405,-0.0746221745787164
31520.0,0.5624464354106612,0.48784111760335175,-0.07460531780730945
31540.0,0.5614888208887586,0.48690178949386453,-0.07458703139489409
31560.0,0.5605328395974155,0.4859659990062648,-0.07456684059115071
31580.0,0.5595784915532943,0.48503422090753495,-0.07454427064575936
31600.0,0.5586257767730577,0.4841069299646574,-0.07451884680840032
31620.0,0.5576746952733684,0.48318460094461446,-0.07449009432875398
31640.0,0.5567252470708891,0.48226770861438867,-0.07445753845650044
31660.0,0.5557774321822823,0.4813567277409623,-0.07442070444131998
31680.0,0.5548312506242106,0.48045213309131785,-0.07437911753289272
31700.0,0.5538867024133365,0.4795543994324376,-0.07433230298089888
31720.0,0.5529437875663229,0.4786640015313041,-0.07427978603501878
31740.0,0.5520025060998324,0.4777814141548996,-0.07422109194493276
31760.0,0.5510628580305275,0.4769071120702066,-0.07415574596032087
31780.0,0.5501248433750707,0.4760415700442074,-0.07408327333086334
31800.0,0.549188462150125,0.47518526284388457,-0.07400319930624039
31820.0,0.5482537143723526,0.4743386652362202,-0.0739150491361324
31840.0,0.5473206000584165,0.47350225198819706,-0.07381834807021947
31860.0,0.5463891192249791,0.4726764978667972,-0.0737126213581819
31880.0,0.5454592718887029,0.47186187763900334,-0.07359739424969958
31900.0,0.544531058066251,0.47105886607179764,-0.07347219199445337
31920.0,0.5436044777742856,0.4702679379321625,-0.07333653984212307
31940.0,0.5426795310294694,0.4694895679870805,-0.0731899630423889
31960.0,0.5417562178484653,0.46872423100353394,-0.07303198684493134
31980.0,0.5408345382479354,0.46797240174850513,-0.07286213649943024
32000.0,0.5399144254630552,0.4672327822985743,-0.07268164316448095
32020.0,0.5389958127272607,0.4665035017829394,-0.07249231094432129
32040.0,0.5380787000546058,0.4657841755475096,-0.07229452450709617
32060.0,0.5371630874591442,0.4650744189381947,-0.07208866852094953
32080.0,0.53624897495493,0.46437384730090375,-0.0718751276540262
32100.0,0.5353363625560169,0.4636820759815465,-0.07165428657447043
32120.0,0.5344252502764589,0.4629987203260322,-0.07142652995042675
32140.0,0.5335156381303101,0.46232339568027037,-0.07119224245003974
32160.0,0.5326075261316241,0.4616557173901705,-0.07095180874145363
32180.0,0.5317009142944549,0.460995300801642,-0.07070561349281285
32200.0,0.5307958026328562,0.46034176126059423,-0.07045404137226197
32220.0,0.5298921911608822,0.45969471411293683,-0.07019747704794532
32240.0,0.5289900798925867,0.45905377470457903,-0.0699363051880077
32260.0,0.5280894688420236,0.4584185583814305,-0.0696709104605931
32280.0,0.5271903580232467,0.4577886804894005,-0.06940167753384613
32300.0,0.5262927474503099,0.4571637563743985,-0.06912899107591136
32320.0,0.5253966371372671,0.456543401382334,-0.06885323575493313
32340.0,0.5245020270981724,0.45592723085911646,-0.06857479623905594
32360.0,0.5236089173470794,0.45531486015065525,-0.06829405719642412
32380.0,0.5227173078980422,0.4547059046028599,-0.06801140329518224
32400.0,0.5218271987651145,0.4540999795616397,-0.0677272192034748
32420.0,0.5209385899623504,0.4534967003729044,-0.06744188958944602
32440.0,0.5200514815038038,0.45289568238256317,-0.06715579912124059
32460.0,0.5191658734035284,0.4522965409365255,-0.06686933246700288
32480.0,0.5182817656755782,0.4516988913807009,-0.06658287429487725
32500.0,0.5173991583340071,0.4511023490609988,-0.0662968092730083
32520.0,0.5165180513928688,0.45050652932332863,-0.06601152206954014
32540.0,0.5156384448662177,0.4499110475135999,-0.06572739735261779
32560.0,0.5147603387681072,0.4493155189777219,-0.06544481979038536
32580.0,0.5138837331125914,0.44871955906160416,-0.06516417405098723
32600.0,0.513008627913724,0.4481227831111562,-0.06488584480256782
32620.0,0.5121350231855591,0.4475248064722874,-0.06461021671327177
32640.0,0.5112629189421508,0.4469252444909072,-0.06433767445124361
32660.0,0.5103923151975525,0.446323712512925,-0.06406860268462744
32680.0,0.5095232119658184,0.4457198258842504,-0.06380338608156799
32700.0,0.5086556092610023,0.44511319995079274,-0.06354240931020955
32720.0,0.5077895070971581,0.44450345005846137,-0.06328605703869672
32740.0,0.5069249054883398,0.44389019155316595,-0.06303471393517385
32760.0,0.506061804448601,0.4432730397808156,-0.06278876466778543
32780.0,0.505200203991996,0.4426516100873202,-0.06254859390467588
32800.0,0.5043401041325786,0.4420255178185889,-0.06231458631398967
32820.0,0.5034815048844022,0.4413943783205312,-0.06208712656387105
32840.0,0.5026244062615215,0.4407578069390566,-0.06186659932246491
32860.0,0.5017688082779898,0.4401154190200745,-0.06165338925791525
32880.0,0.5009147109478611,0.4394668299094943,-0.06144788103836679
32900.0,0.5000621142851894,0.43881165495322555,-0.06125045933196388
32920.0,0.4992110183040286,0.43814950949717757,-0.06106150880685102
32940.0,0.4983614230184325,0.43748000888725996,-0.06088141413117254
32960.0,0.4975133284424551,0.43680276846938204,-0.060710559973073064
32980.0,0.49666673459015015,0.4361174035894533,-0.06054933100069687
33000.0,0.4958215801346579,0.435424526946172,-0.06039705318848587
33020.0,0.49497780374765216,0.43472517779277764,-0.06025262595487452
33040.0,0.49413540544098755,0.43401961130699085,-0.0601157941339967
33060.0,0.49329438522651853,0.43330808266653253,-0.05998630255998599
33080.0,0.49245474311609977,0.4325908470491235,-0.059863896066976285
33100.0,0.49161647912158574,0.43186815963248454,-0.0597483194891012
33120.0,0.49077959325483117,0.43114027559433643,-0.05963931766049474
33140.0,0.48994408552769053,0.43040745011240006,-0.05953663541529047
33160.0,0.48910995595201845,0.4296699383643961,-0.05944001758762235
33180.0,0.48827720453966944,0.4289279955280455,-0.05934920901162394
33200.0,0.487445831302498,0.42818187678106895,-0.059263954521429074
33220.0,0.4866158362523589,0.42743183730118733,-0.059183998951171546
33240.0,0.48578721940110664,0.4266781322661214,-0.05910908713498525
33260.0,0.48495998076059577,0.42592101685359196,-0.059038963907003805
33280.0,0.4841341203426807,0.4251607462413199,-0.05897337410136083
33300.0,0.48330963815921635,0.4243975756070259,-0.05891206255219045
33320.0,0.48248653422205706,0.4236317601284308,-0.05885477409362627
33340.0,0.48166480854305743,0.42286355498325556,-0.05880125355980187
33360.0,0.4808444611340721,0.4220932153492208,-0.0587512457848513
33380.0,0.4800254920069555,0.4213209964040473,-0.05870449560290819
33400.0,0.4792079011735624,0.42054715332545595,-0.05866074784810643
33420.0,0.47839168864574716,0.41977194129116757,-0.05861974735457959
33440.0,0.4775768544353646,0.41899561547890296,-0.05858123895646161
33460.0,0.476763398554269,0.4182184310663829,-0.058544967487886124
33480.0,0.4759513210143152,0.4174406432313282,-0.05851067778298702
33500.0,0.47514062182735767,0.41666250715145964,-0.05847811467589803
33520.0,0.47433130100525095,0.41588427800449806,-0.058447023000752885
33540.0,0.47352335855984967,0.41510621096816425,-0.058417147591685425
33560.0,0.47271679450300835,0.414328561220179,-0.05838823328282933
33580.0,0.4719116088465815,0.4135515839382632,-0.05836002490831832
33600.0,0.4711078016024239,0.4127755343001375,-0.058332267302286356
33620.0,0.47030537278239,0.4120006674835228,-0.058304705298867165
33640.0,0.46950432239833434,0.4112272386661399,-0.058277083732194424
33660.0,0.4687046504621115,0.41045550302570966,-0.05824914743640186
33680.0,0.4679063569855761,0.4096857157399528,-0.05822064124562326
33700.0,0.4671094419805827,0.40891813198659016,-0.058191309993992524
33720.0,0.4663139054589858,0.40815300694334256,-0.05816089851564327
33740.0,0.46551974743264013,0.40739059578793074,-0.05812915164470939
33760.0,0.4647269679134001,0.4066311536980755,-0.058095814215324615
33780.0,0.4639355669131204,0.40587493585149775,-0.058060631061622625
33800.0,0.4631455444436555,0.40512219742591815,-0.05802334701773737
33820.0,0.4623569005168602,0.40437319359905766,-0.057983706917802524
33840.0,0.46156963514458876,0.40362817954863695,-0.05794145559595182
33860.0,0.4607837483386959,0.4028874104523769,-0.05789633788631898
33880.0,0.45999924011103616,0.4021511414879983,-0.05784809862303786
33900.0,0.4592161104734642,0.40141962783322205,-0.057796482640242175
33920.0,0.4584343594378346,0.40069312466576873,-0.057741234772065886
33940.0,0.4576539870160018,0.3999718871633593,-0.0576820998526425
33960.0,0.4568749932198205,0.3992561705037146,-0.05761882271610591
33980.0,0.4560973780611451,0.3985462298645553,-0.057551148196589796
34000.0,0.4553210852089567,0.39784030625509315,-0.057480778953863554
34020.0,0.45454605833099876,0.39713644981747837,-0.057409608513520394
34040.0,0.4537722974372697,0.39643462942884083,-0.05733766800842888
34060.0,0.45299980253776806,0.3957348139663101,-0.05726498857145795
34080.0,0.4522285736424922,0.395036972307016,-0.05719160133547618
34100.0,0.4514586107614406,0.3943410733280882,-0.057117537433352406
34120.0,0.45068991390461177,0.3936470859066565,-0.05704282799795529
34140.0,0.44992248308200405,0.39295497891985054,-0.056967504162153515
34160.0,0.4491563183036161,0.3922647212448001,-0.05689159705881597
34180.0,0.44839141957944606,0.3915762817586349,-0.05681513782081116
34200.0,0.4476277869194927,0.39088962933848465,-0.05673815758100803
34220.0,0.44686542033375415,0.39020473286147905,-0.056660687472275095
34240.0,0.4461043198322292,0.38952156120474785,-0.056582758627481355
34260.0,0.44534448542491606,0.38884008324542074,-0.05650440217949532
34280.0,0.4445859171218133,0.3881602678606276,-0.056425649261185706
34300.0,0.44382861493291936,0.38748208392749794,-0.05634653100542142
34320.0,0.44307257886823265,0.3868055003231615,-0.056267078545071125
34340.0,0.4423178089377517,0.3861304859247482,-0.0561873230130035
34360.0,0.4415643051514748,0.3854570096093876,-0.05610729554208721
34380.0,0.44081206751940066,0.3847850402542095,-0.056027027265191154
34400.0,0.4400610960515275,0.38411454673634354,-0.05594654931518395
34420.0,0.4393113907578538,0.3834454979329195,-0.055865892824934316
34440.0,0.4385629516483782,0.382777862721067,-0.05578508892731121
34460.0,0.43781577873309896,0.382111609977916,-0.05570416875518297
34480.0,0.4370698720220147,0.38144670858059604,-0.055623163441418655
34500.0,0.4363252315251236,0.38078312740623693,-0.05554210411888666
34520.0,0.43558185725242443,0.38012083533196833,-0.0554610219204561
34540.0,0.43483974921391544,0.3794598012349199,-0.055379947978995536
34560.0,0.43409890741959517,0.3787999939922215,-0.0552989134273737
34580.0,0.433359331879462,0.3781413824810028,-0.0552179493984592
34600.0,0.4326210226035144,0.3774839355783936,-0.05513708702512082
34620.0,0.431883979601751,0.3768276221615235,-0.05505635744022752
34640.0,0.43114820288417005,0.37617241110752225,-0.0549757917766478
34660.0,0.43041369246077005,0.37551827129351956,-0.05489542116725049
34680.0,0.42968044834154945,0.37486517159664523,-0.05481527674490422
34700.0,0.42894847053650664,0.374213080894029,-0.05473538964247765
34720.0,0.42821775905564025,0.3735619680628005,-0.05465579099283974
34740.0,0.42748831390894865,0.3729118019800895,-0.05457651192885915
34760.0,0.42676013510643024,0.37226255152302573,-0.05449758358340451
34780.0,0.4260332226580835,0.3716141855687389,-0.054419037089344646
34800.0,0.4253075765739069,0.37096667299435865,-0.05434090357954824
34820.0,0.4245831968638989,0.37031998267701494,-0.05426321418688396
34840.0,0.42386008353805793,0.36967408349383724,-0.054186000044220695
34860.0,0.42313823660638245,0.36902894432195543,-0.05410929228442701
34880.0,0.4224176560788709,0.36838453403849913,-0.05403312204037175
34900.0,0.42169834196552175,0.3677408215205981,-0.053957520444923635
34920.0,0.4209802942763335,0.36709777564538215,-0.05388251863095134
34940.0,0.4202635130213045,0.3664553652899809,-0.053808147731323586
34960.0,0.41954799821043326,0.36581355933152404,-0.05373443887890922
34980.0,0.41883374985371824,0.36517232664714144,-0.0536614232065768
35000.0,0.4181207162096871,0.3645302949325604,-0.05359042127712671
35020.0,0.4174088455358237,0.3638862404022219,-0.0535226051336018
35040.0,0.4166981378405609,0.36324035471132643,-0.05345778312923449
35060.0,0.41598859313233183,0.3625928295150747,-0.05339576361725712
35080.0,0.41528021141956956,0.36194385646866734,-0.05333635495090222
35100.0,0.41457299271070697,0.3612936272273049,-0.053279365483402064
35120.0,0.41386693701417704,0.36064233344618796,-0.05322460356798908
35140.0,0.41316204433841275,0.3599901667805171,-0.05317187755789565
35160.0,0.4124583146918471,0.3593373188854929,-0.05312099580635421
35180.0,0.4117557480829131,0.35868398141631613,-0.053071766666596965
35200.0,0.41105434452004375,0.3580303460281873,-0.05302399849185646
35220.0,0.41035410401167194,0.35737660437630686,-0.05297749963536508
35240.0,0.40965502656623076,0.3567229481158756,-0.052932078450355136
35260.0,0.4089571121921532,0.3560695689020941,-0.05288754329005907
35280.0,0.4082603608978721,0.3554166583901629,-0.0528437025077092
35300.0,0.4075647726918207,0.3547644082352826,-0.052800364456538074
35320.0,0.4068703475824317,0.35411301009265383,-0.052757337489777845
35340.0,0.40617708557813825,0.35346265561747714,-0.05271442996066111
35360.0,0.4054849866873733,0.3528135364649532,-0.05267145022242009
35380.0,0.40479405091856985,0.35216584429028264,-0.05262820662828721
35400.0,0.4041042782801609,0.35151977074866597,-0.052584507531494906
35420.0,0.4034156687805794,0.35087550749530383,-0.052540161285275555
35440.0,0.40272822242825834,0.35023324618539675,-0.05249497624286159
35460.0,0.4020419392316307,0.34959317847414545,-0.052448760757485224
35480.0,0.4013568191991295,0.34895549601675047,-0.052401323182379056
35500.0,0.4006728623391877,0.34832039046841246,-0.05235247187077524
35520.0,0.39999006866023823,0.3476880534843318,-0.052302015175906436
35540.0,0.3993084381707142,0.34705867671970947,-0.05224976145100474
35560.0,0.39862797087904855,0.34643245182974575,-0.05219551904930281
35580.0,0.39794866679367424,0.3458095704696414,-0.05213909632403285
35600.0,0.39727052592302425,0.34519022429459695,-0.052080301628427306
35620.0,0.3965935482755316,0.34457460495981307,-0.05201894331571855
35640.0,0.39591773385962925,0.3439629041204903,-0.05195482973913895
35660.0,0.3952430826837502,0.34335531343182923,-0.05188776925192096
35680.0,0.39456959475632736,0.3427520245490305,-0.05181757020729688
35700.0,0.3938972700857939,0.3421532291272947,-0.051744040958499216
35720.0,0.3932261086805826,0.34155911882182244,-0.05166698985876017
35740.0,0.39255611054912654,0.3409698852878143,-0.051586225261312235
35760.0,0.3918872756998587,0.34038572018047086,-0.05150155551938784
35780.0,0.39121960414121215,0.33980681515499284,-0.051412788986219315
35800.0,0.39055309588161974,0.33923336186658065,-0.05131973401503909
35820.0,0.3898877509295145,0.338665551970435,-0.05122219895907948
35840.0,0.3892235692933294,0.33810357712175654,-0.05111999217157287
35860.0,0.38856055098149744,0.3375476289757458,-0.05101292200575164
35880.0,0.3878986960024517,0.33699789918760337,-0.050900796814848326
35900.0,0.3872380043646251,0.33645457941252993,-0.050783424952095146
35920.0,0.38657847607645046,0.33591786130572593,-0.05066061477072453
35940.0,0.385920111146361,0.3353879365223921,-0.05053217462396886
35960.0,0.3852629095827896,0.33486499671772907,-0.05039791286506051
35980.0,0.38460687139416927,0.3343492335469373,-0.05025763784723197
36000.0,0.383951949055206,0.33384015965686725,-0.05011178939833877
36020.0,0.38329809503972584,0.33333703304021634,-0.049961061999509504
36040.0,0.38264530935484176,0.3328396633709555,-0.04980564598388626
36060.0,0.3819935920076668,0.33234786032305597,-0.04964573168461084
36080.0,0.3813429430053141,0.3318614335704888,-0.049481509434825266
36100.0,0.38069336235489637,0.33138019278722514,-0.04931316956767123
36120.0,0.3800448500635269,0.33090394764723613,-0.049140902416290766
36140.0,0.3793974061383187,0.330432507824493,-0.04896489831382567
36160.0,0.3787510305863846,0.32996568299296664,-0.04878534759341796
36180.0,0.3781057234148379,0.32950328282662833,-0.04860244058820956
36200.0,0.3774614846307913,0.32904511699944916,-0.04841636763134216
36220.0,0.37681831424135814,0.3285909951854003,-0.04822731905595784
36240.0,0.37617621225365117,0.32814072705845276,-0.0480354851951984
36260.0,0.3755351786747836,0.3276941222925778,-0.04784105638220576
36280.0,0.3748952135118683,0.32725099056174645,-0.04764422295012183
36300.0,0.37425631677201837,0.32681114153992996,-0.04744517523208841
36320.0,0.3736184884623469,0.32637438490109927,-0.04724410356124764
36340.0,0.37298172858996675,0.32594053031922554,-0.047041198270741214
36360.0,0.3723460371619911,0.3255093874682801,-0.046836649693710986
36380.0,0.37171141418553283,0.32508076602223385,-0.04663064816329898
36400.0,0.37107785966770507,0.32465447565505795,-0.04642338401264712
36420.0,0.3704453736156208,0.32423032604072366,-0.04621504757489714
36440.0,0.36981395603639294,0.3238081268532019,-0.046005829183191016
36460.0,0.3691836069371347,0.32338768776646404,-0.04579591917067066
36480.0,0.368554326324959,0.32296881845448105,-0.04558550787047794
36500.0,0.3679261142069788,0.32255132859122404,-0.045374785615754754
36520.0,0.3672989705903072,0.3221350278506641,-0.04516394273964308
36540.0,0.3666728954820573,0.3217197259067725,-0.04495316957528478
36560.0,0.3660478888893419,0.3213052324335203,-0.044742656455821594
36580.0,0.3654239508192742,0.3208913571048786,-0.04453259371439561
36600.0,0.36480108127896715,0.32047790959481853,-0.04432317168414862
36620.0,0.3641792802755338,0.32006469957731126,-0.04411458069822255
36640.0,0.36355854781608715,0.3196515367263278,-0.04390701108975936
36660.0,0.36293888390774026,0.31923823071583945,-0.04370065319190081
36680.0,0.36232028855760606,0.3188245912198172,-0.04349569733778885
36700.0,0.36170276177279764,0.31841042791223223,-0.04329233386056541
36720.0,0.36108630356042803,0.31799555046705563,-0.0430907530933724
36740.0,0.3604709139276102,0.3175797685582585,-0.042891145369351735
36760.0,0.35985659288145716,0.3171628918598121,-0.04269370102164505
36780.0,0.35924334042908207,0.3167447300456874,-0.0424986103833947
36800.0,0.3586311565775977,0.31632509278985554,-0.042306063787742154
36820.0,0.35802004133411736,0.31590378976628786,-0.0421162515678295
36840.0,0.3574099947057538,0.31548063064895515,-0.041929364056798646
36860.0,0.3568010166996202,0.31505542511182877,-0.04174559158779145
36880.0,0.3561931073228296,0.31462798282887977,-0.041565124493949834
36900.0,0.355586266582495,0.3141981134740793,-0.041388153108415704
36920.0,0.35498049448572927,0.3137656267213984,-0.041214867764330865
36940.0,0.3543757910396456,0.3133303322448084,-0.04104545879483723
36960.0,0.35377215625135694,0.31289203971828017,-0.04088011653307677
36980.0,0.35316959012797633,0.31245055881578493,-0.0407190313121914
37000.0,0.35256804901730576,0.3120078154271244,-0.04056023359018135
37020.0,0.3519674892664049,0.3115658214354978,-0.040401667830907095
37040.0,0.35136791088127356,0.311124515504972,-0.04024339537630156
37060.0,0.35076931386791144,0.3106838362996138,-0.04008547756829761
37080.0,0.3501716982323183,0.31024372248349,-0.03992797574882828
37100.0,0.34957506398049387,0.3098041127206675,-0.03977095125982638
37120.0,0.34897941111843767,0.30936494567521305,-0.03961446544322461
37140.0,0.3483847396521498,0.30892616001119355,-0.039458579640956226
37160.0,0.3477910495876295,0.3084876943926758,-0.039303355194953704
37180.0,0.347198340930877,0.30804948748372657,-0.03914885344715041
37200.0,0.3466066136878916,0.30761147794841276,-0.038995135739478826
37220.0,0.34601586786467325,0.30717360445080116,-0.03884226341387209
37240.0,0.3454261034672217,0.30673580565495867,-0.03869029781226302
37260.0,0.3448373205015364,0.3062980202249519,-0.03853930027658453
37280.0,0.34424951897361744,0.30586018682484795,-0.038389332148769495
37300.0,0.3436626988894644,0.3054222441187135,-0.03824045477075089
37320.0,0.3430768602550768,0.3049841307706155,-0.038092729484461296
37340.0,0.34249200307645455,0.30454578544462046,-0.03794621763183409
37360.0,0.34190812735959747,0.3041071468047956,-0.037800980554801855
37380.0,0.34132523311050506,0.30366815351520754,-0.037657079595297516
37400.0,0.34074332033517724,0.3032287442399231,-0.03751457609525416
37420.0,0.34016238903961354,0.30278885764300917,-0.037373531396604376
37440.0,0.3395824392298138,0.3023484323885325,-0.03723400684128131
37460.0,0.3390034709117778,0.30190740714056,-0.03709606377121777
37480.0,0.3384254840915051,0.30146572056315846,-0.03695976352834662
37500.0,0.3378484787749955,0.3010233113203948,-0.03682516745460074
37520.0,0.3372724549682487,0.30058011807633567,-0.036692336891913035
37540.0,0.33669741267726455,0.30013607949504795,-0.036561333182216604
37560.0,0.33612335190804266,0.2996911342405985,-0.036432217667444144
37580.0,0.3355502726665827,0.29924522097705425,-0.03630505168952847
37600.0,0.33497817495888443,0.29879827836848183,-0.036179896590402605
37620.0,0.33440705879094773,0.2983502450789482,-0.036056813711999536
37640.0,0.3338369241687721,0.29790105977252007,-0.035935864396252015
37660.0,0.3332677710983573,0.29745066111326446,-0.035817109985092854
37680.0,0.33269959958570317,0.29699898776524797,-0.0357006118204552
37700.0,0.3321324096368094,0.2965459783925376,-0.0355864312442718
37720.0,0.3315662012576756,0.2960915716592001,-0.03547462959847553
37740.0,0.3310009744543016,0.29563570622930224,-0.03536526822499936
37760.0,0.33043672923268713,0.29517832076691103,-0.0352584084657761
37780.0,0.3298734655988318,0.2947193539360931,-0.035154111662738685
37800.0,0.32931118355873545,0.29425874440091543,-0.035052439157820026
37820.0,0.32874988311839776,0.2937964308254447,-0.03495345229295305
37840.0,0.32818956428381846,0.2933323518737478,-0.03485721241007067
37860.0,0.3276302270609972,0.2928664462098916,-0.0347637808511056
37880.0,0.32707187145593375,0.2923986524979429,-0.03467321895799086
37900.0,0.32651449747462796,0.29192890940196853,-0.034585588072659434
37920.0,0.3259581051230794,0.2914571555860352,-0.03450094953704419
37940.0,0.32540269440728775,0.29098332971421,-0.03441936469307777
37960.0,0.3248482653332529,0.29050737045055947,-0.03434089488269343
37980.0,0.3242948179069744,0.29002921645915064,-0.03426560144782376
38000.0,0.32374231203411924,0.28954875584899914,-0.0341935561851201
38020.0,0.32319070761972785,0.28906595686669784,-0.03412475075303001
38040.0,0.3226400046688601,0.2885808783826786,-0.03405912628618152
38060.0,0.3220902031865763,0.2880935792673735,-0.03399662391920277
38080.0,0.32154130317793633,0.2876041183912145,-0.03393718478672181
38100.0,0.32099330464800035,0.2871125546246338,-0.033880750023366546
38120.0,0.32044620760182846,0.2866189468380632,-0.03382726076376524
38140.0,0.3199000120444806,0.28612335390193494,-0.03377665814254566
38160.0,0.31935471798101706,0.2856258346866809,-0.033728883294336154
38180.0,0.3188103254164977,0.2851264480627332,-0.03368387735376449
38200.0,0.3182668343559827,0.28462525290052376,-0.033641581455458924
38220.0,0.3177242448045321,0.2841223080704847,-0.03360193673404738
38240.0,0.317182556767206,0.28361767244304803,-0.033564884324157995
38260.0,0.31664177024906437,0.2831114048886457,-0.033530365360418646
38280.0,0.31610188525516736,0.28260356427770994,-0.03349832097745742
38300.0,0.31556290179057506,0.2820942094806726,-0.03346869230990246
38320.0,0.3150248198603475,0.2815833993679658,-0.033441420492381746
38340.0,0.3144876394695448,0.2810711928100214,-0.03341644665952337
38360.0,0.31395136062322687,0.2805576486772716,-0.03339371194595525
38380.0,0.313415983326454,0.28004282584014845,-0.03337315748630554
38400.0,0.3128815075842861,0.2795267831690839,-0.03335472441520221
38420.0,0.31234793340178335,0.27900957953450994,-0.03333835386727341
38440.0,0.31181526078400573,0.2784912738068587,-0.03332398697714706
38460.0,0.31128348973601344,0.27797192485656214,-0.033311564879451305
38480.0,0.3107526202628664,0.27745159155405236,-0.03330102870881402
38500.0,0.31022265236962465,0.2769303327697613,-0.03329231959986334
38520.0,0.3096935860613484,0.27640820737412103,-0.03328537868722736
38540.0,0.30916542134309766,0.2758852742375636,-0.033280147105534064
38560.0,0.3086381582199325,0.275361592230521,-0.03327656598941153
38580.0,0.3081117966969131,0.2748372202234252,-0.03327457647348786
38600.0,0.3075863367790993,0.27431221708670844,-0.03327411969239086
38620.0,0.3070617784715513,0.2737866416908025,-0.03327513678074878
38640.0,0.3065381217793292,0.2732605529061395,-0.03327756887318972
38660.0,0.306015366707493,0.2727340096031516,-0.033281357104341436
38680.0,0.3054935132611029,0.2722070706522706,-0.03328644260883229
38700.0,0.3049725614452188,0.2716797949239287,-0.033292766521290096
38720.0,0.30445251126490086,0.2711522412885578,-0.033300269976343055
38740.0,0.30393336272520916,0.27062446861659006,-0.03330889410861909
38760.0,0.30341511583120373,0.27009653577845755,-0.03331858005274618
38780.0,0.3028977705879446,0.26956850164459206,-0.03332926894335253
38800.0,0.3023813270004919,0.2690404250854258,-0.03334090191506611
38820.0,0.3018657850739057,0.2685123649713908,-0.03335342010251491
38840.0,0.30135114481324615,0.267984380172919,-0.03336676464032717
38860.0,0.30083740622357313,0.26745652956044247,-0.033380876663130665
38880.0,0.30032456930994683,0.26692887200439325,-0.033395697305553584
38900.0,0.2998126340774273,0.26640146637520334,-0.033411167702223965
38920.0,0.29930160053107463,0.26587437154330484,-0.033427228987769786
38940.0,0.29879146867594886,0.2653476463791297,-0.03344382229681914
38960.0,0.29828223851711005,0.26482134975311,-0.03346088876400005
38980.0,0.29777391005961834,0.2642955405356777,-0.03347836952394062
39000.0,0.29726644647736106,0.26376508852284675,-0.03350135795451431
39020.0,0.2967598109436977,0.26322520624656637,-0.03353460469713132
39040.0,0.29625400346289676,0.2626764666811738,-0.03357753678172298
39060.0,0.2957490240392267,0.262119442801006,-0.033629581238220685
39080.0,0.29524487267695604,0.2615547075804003,-0.03369016509655576
39100.0,0.2947415493803531,0.2609828339936938,-0.033758715386659255
39120.0,0.29423905415368645,0.2604043950152237,-0.03383465913846273
39140.0,0.29373738700122437,0.25981996361932713,-0.03391742338189724
39160.0,0.2932365479272355,0.2592301127803413,-0.03400643514689422
39180.0,0.2927365369359882,0.2586354154726034,-0.03410112146338484
39200.0,0.29223735403175094,0.25803644467045045,-0.03420090936130049
39220.0,0.2917389992187921,0.25743377334821976,-0.03430522587057233
39240.0,0.29124147250138016,0.2568279744802484,-0.03441349802113175
39260.0,0.2907447738837837,0.25621962104087365,-0.03452515284291008
39280.0,0.290248903370271,0.25560928600443256,-0.03463961736583843
39300.0,0.2897538609651105,0.2549975423452623,-0.03475631861984824
39320.0,0.2892596466725708,0.2543849630377001,-0.03487468363487073
39340.0,0.28876626049692034,0.2537721210560831,-0.034994139440837235
39360.0,0.28827370244242734,0.2531595893747484,-0.03511411306767892
39380.0,0.28778197251336046,0.25254794096803335,-0.035234031545327116
39400.0,0.2872910707139881,0.2519377488102749,-0.03535332190371315
39420.0,0.2868009970485787,0.25132958587581034,-0.03547141117276836
39440.0,0.28631175152140065,0.2507240251389768,-0.03558772638242386
39460.0,0.28582333413672256,0.2501216395741114,-0.035701694562611186
39480.0,0.28533574489881264,0.2495230021555514,-0.03581274274326124
39500.0,0.2848489838119396,0.24892868585763386,-0.03592029795430576
39520.0,0.28436305088037167,0.248339263654696,-0.036023787225675674
39540.0,0.2838779461083774,0.24775530852107505,-0.03612263758730236
39560.0,0.28339366950022526,0.24717739343110803,-0.03621627606911723
39580.0,0.28291022106018365,0.24660609135913222,-0.03630412970105143
39600.0,0.28242760079252105,0.24604197527948476,-0.036385625513036285
39620.0,0.2819458087015059,0.24548561816650274,-0.03646019053500313
39640.0,0.28146484479140665,0.24493759299452345,-0.03652725179688321
39660.0,0.28098470906649164,0.24439847273788398,-0.03658623632860766
39680.0,0.2805054015310295,0.2438688303709215,-0.03663657116010799
39700.0,0.28002692218928854,0.24334923886797313,-0.03667768332131541
39720.0,0.2795492710455374,0.24284027120337615,-0.03670899984216125
39740.0,0.2790724481040443,0.24234250035146765,-0.03672994775257665
39760.0,0.2785964533690778,0.2418564992865848,-0.036739954082493004
39780.0,0.27812128684490633,0.2413828409830647,-0.036738445861841634
39800.0,0.27764694853579835,0.24092209841524467,-0.03672485012055368
39820.0,0.2771734384460222,0.24047484455746176,-0.03669859388856045
39840.0,0.27670075657984655,0.24004165238405314,-0.03665910419579341
39860.0,0.2762289029415396,0.239623094869356,-0.03660580807218361
39880.0,0.27575787753537007,0.23921974498770754,-0.03653813254766253
39900.0,0.2752876803656062,0.23883217571344484,-0.03645550465216135
39920.0,0.27481831143651647,0.23846096002090517,-0.036357351415611305
39940.0,0.2743497707523694,0.23810667088442555,-0.03624309986794383
39960.0,0.27388205831743334,0.23776988127834328,-0.03611217703909006
39980.0,0.2734151741359769,0.2374511641769955,-0.035964009958981386
40000.0,0.2729490843839924,0.2371468270022671,-0.035802257381725294
40020.0,0.2724837552370268,0.2368525249047171,-0.035631230332309693
40040.0,0.27201918669867964,0.2365678524516953,-0.03545133424698435
40060.0,0.27155537877255087,0.23629240421055153,-0.03526297456199934
40080.0,0.2710923314622403,0.23602577474863556,-0.03506655671360476
40100.0,0.27063004477134756,0.23576755863329732,-0.034862486138050236
40120.0,0.27016851870347247,0.23551735043188654,-0.03465116827158593
40140.0,0.2697077532622148,0.2352747447117531,-0.03443300855046169
40160.0,0.2692477484511745,0.2350393360402468,-0.0342084124109277
40180.0,0.2687885042739511,0.23481071898471745,-0.033977785289233675
40200.0,0.26833002073414464,0.23458848811251487,-0.033741532621629766
40220.0,0.2678722978353546,0.2343722379909889,-0.03350005984436569
40240.0,0.26741533558118097,0.2341615631874894,-0.033253772393691566
40260.0,0.2669591339752235,0.23395605826936614,-0.03300307570585734
40280.0,0.2665036930210819,0.23375531780396894,-0.03274837521711296
40300.0,0.266049012722356,0.2335589363586477,-0.03249007636370829
40320.0,0.2655950930826455,0.23336650850075213,-0.03222858458189337
40340.0,0.2651419341055502,0.23317762879763212,-0.03196430530791808
40360.0,0.26468953579467003,0.23299189181663751,-0.031697643978032514
40380.0,0.26423789815360466,0.23280889212511804,-0.03142900602848661
40400.0,0.2637870211859538,0.23262822429042365,-0.031158796895530166
40420.0,0.26333690489531736,0.23244948287990405,-0.030887422015413307
40440.0,0.26288754928529506,0.23227226246090915,-0.030615286824385912
40460.0,0.2624389543594866,0.23209615760078872,-0.030342796758697888
40480.0,0.26199112012149184,0.23192076286689264,-0.030070357254599195
40500.0,0.2615440465749106,0.23174567282657066,-0.029798373748339935
40520.0,0.26109773372334255,0.23157048204717265,-0.029527251676169902
40540.0,0.26065218157038755,0.23139478509604838,-0.02925739647433917
40560.0,0.26020739011964533,0.2312181765405478,-0.028989213579097534
40580.0,0.2597633593747157,0.23104025094802058,-0.028723108426695093
40600.0,0.2593200893391984,0.23086060288581664,-0.028459486453381783
40620.0,0.25887758001669325,0.23067882692128575,-0.02819875309540751
40640.0,0.25843583141080007,0.2304945176217778,-0.02794131378902226
40660.0,0.25799484352511853,0.23030726955464254,-0.027687573970475998
40680.0,0.2575546163632485,0.23011667728722981,-0.027437939076018686
40700.0,0.2571151499287897,0.2299223353868895,-0.0271928145419002
40720.0,0.2566764442253419,0.22972383842097133,-0.02695260580437059
40740.0,0.25623849925650494,0.2295207809568252,-0.026717718299679727
40760.0,0.25580131502587855,0.2293127575618009,-0.02648855746407766
40780.0,0.25536489153706243,0.22909936280324827,-0.02626552873381416
40800.0,0.25492922879365654,0.2288801912485171,-0.02604903754513943
40820.0,0.25449432679926065,0.2286548374649573,-0.025839489334303356
40840.0,0.25406018555747434,0.22842289601991855,-0.025637289537555785
40860.0,0.25362680507189755,0.22818396148075082,-0.025442843591146735
40880.0,0.25319418534613,0.2279376284148038,-0.02525655693132617
40900.0,0.2527623263837715,0.22768349138942745,-0.025078834994344046
40920.0,0.2523312281884218,0.22742114497197147,-0.02491008321645033
40940.0,0.25190089076368066,0.22715018372978577,-0.024750707033894898
40960.0,0.25147131411314794,0.2268702022302201,-0.024601111882927823
40980.0,0.25104249824042324,0.22658079504062437,-0.024461703199798873
41000.0,0.25061441207911583,0.226279349970561,-0.024335062108554822
41020.0,0.25018702456245895,0.2259638493909293,-0.024223175171529637
41040.0,0.24976033569348896,0.2256347797110852,-0.024125555982403762
41060.0,0.24933434547524227,0.22529262734038463,-0.024041718134857643
41080.0,0.24890905391075518,0.22493787868818355,-0.02397117522257164
41100.0,0.24848446100306404,0.22457102016383793,-0.023913440839226113
41120.0,0.2480605667552053,0.22419253817670368,-0.02386802857850162
41140.0,0.24763737117021523,0.22380291913613676,-0.023834452034078468
41160.0,0.24721487425113017,0.2234026494514931,-0.02381222479963707
41180.0,0.24679307600098652,0.22299221553212867,-0.02380086046885785
41200.0,0.2463719764228206,0.2225721037873994,-0.023799872635421215
41220.0,0.2459515755196688,0.22214280062666122,-0.02380877489300759
41240.0,0.2455318732945675,0.22170479245927013,-0.02382708083529736
41260.0,0.245112869750553,0.22125856569458202,-0.02385430405597097
41280.0,0.24469456489066163,0.22080460674195285,-0.023889958148708784
41300.0,0.24427695871792982,0.2203434020107386,-0.023933556707191217
41320.0,0.24386005123539387,0.21987543791029515,-0.023984613325098714
41340.0,0.2434438424460901,0.2194012008499785,-0.024042641596111608
41360.0,0.24302833235305502,0.21892117723914456,-0.024107155113910456
41380.0,0.2426135209593248,0.21843585348714933,-0.02417766747217548
41400.0,0.24219940826793593,0.21794571600334872,-0.024253692264587207
41420.0,0.24178599428192468,0.21745125119709863,-0.024334743084826055
41440.0,0.24137327900432745,0.2169529454777551,-0.024420333526572358
41460.0,0.24096126243818058,0.21645128525467397,-0.024509977183506615
41480.0,0.2405499445865204,0.2159467569372113,-0.024603187649309105
41500.0,0.2401393254523833,0.21543984693472293,-0.024699478517660384
41520.0,0.23972940503880563,0.21493104165656488,-0.024798363382240757
41540.0,0.23932018334882377,0.21442082751209307,-0.024899355836730697
41560.0,0.238911660385474,0.21390969091066342,-0.025001969474810593
41580.0,0.23850383615179274,0.2133981182616319,-0.025105717890160834
41600.0,0.2380967106508163,0.21288659597435444,-0.025210114676461864
41620.0,0.23769028388558108,0.21237561045818704,-0.025314673427394047
41640.0,0.23728455585912336,0.21186564812248562,-0.02541890773663774
41660.0,0.2368795265744796,0.21135719537660605,-0.02552233119787356
41680.0,0.23647519603468609,0.2108507386299044,-0.025624457404781698
41700.0,0.2360715642427792,0.21034676429173652,-0.02572479995104268
41720.0,0.2356686312017953,0.2098457587714584,-0.0258228724303369
41740.0,0.23526639691477066,0.20934820847842592,-0.025918188436344747
41760.0,0.23486486138474175,0.2088545998219951,-0.026010261562746634
41780.0,0.23446402461474483,0.2083654192115219,-0.026098605403222924
41800.0,0.2340638866078163,0.2078811530563622,-0.02618273355145409
41820.0,0.23366444736699257,0.20740228776587202,-0.02626215960112055
41840.0,0.2332657068953099,0.2069293097494072,-0.02633639714590269
41860.0,0.23286766519580468,0.20646270541632378,-0.026404959779480902
41880.0,0.23247032227151326,0.20600296117597766,-0.026467361095535602
41900.0,0.232073678125472,0.2055505634377248,-0.026523114687747207
41920.0,0.23167773276071726,0.20510599861092113,-0.026571734149796133
41940.0,0.23128248618028535,0.20466975310492264,-0.026612733075362716
41960.0,0.23088793838721272,0.2042423133290852,-0.02664562505812751
41980.0,0.2304940893845357,0.20382416569276485,-0.026669923691770847
42000.0,0.23010091063885751,0.20340945121227078,-0.02669145942658674
42020.0,0.22970837361646468,0.20299215563636314,-0.026716217980101542
42040.0,0.22931647831991817,0.20257253247307666,-0.026743945846841505
42060.0,0.2289252247517789,0.20215083523044614,-0.026774389521332764
42080.0,0.22853461291460792,0.20172731741650635,-0.02680729549810157
42100.0,0.2281446428109662,0.20130223253929203,-0.026842410271674166
42120.0,0.22775531444341462,0.200875834106838,-0.02687948033657661
42140.0,0.22736662781451428,0.20044837562717904,-0.026918252187335234
42160.0,0.2269785829268261,0.20002011060834987,-0.02695847231847623
42180.0,0.22659117978291107,0.1995912925583853,-0.02699988722452576
42200.0,0.22620441838533015,0.1991621749853201,-0.027042243400010046
42220.0,0.22581829873664433,0.19873301139718896,-0.027085287339455366
42240.0,0.2254328208394146,0.19830405530202677,-0.027128765537387828
42260.0,0.22504798469620194,0.19787556020786826,-0.02717242448833368
42280.0,0.22466379030956726,0.19744777962274818,-0.027216010686819087
42300.0,0.22428023768207164,0.1970209670547013,-0.027259270627370352
42320.0,0.22389732681627594,0.19659537601176238,-0.02730195080451356
42340.0,0.22351505771474126,0.19617126000196625,-0.02734379771277501
42360.0,0.22313343038002847,0.19574887253334763,-0.02738455784668084
42380.0,0.2227524448146987,0.19532846711394128,-0.027423977700757413
42400.0,0.22237210102131272,0.19491029725178205,-0.027461803769530668
42420.0,0.22199239900243167,0.19449461645490465,-0.027497782547527022
42440.0,0.22161333876061642,0.19408167823134384,-0.027531660529272584
42460.0,0.22123492029842803,0.1936717360891344,-0.02756318420929363
42480.0,0.22085714361842745,0.19326504353631116,-0.027592100082116294
42500.0,0.22048000872317566,0.19286185408090883,-0.02761815464226683
42520.0,0.2201035156152336,0.19246242123096216,-0.027641094384271453
42540.0,0.2197276642971623,0.192066998494506,-0.027660665802656303
42560.0,0.21935245477152268,0.19167583937957508,-0.0276766153919476
42580.0,0.21897788704087578,0.19128919739420414,-0.02768868964667165
42600.0,0.21860396110778252,0.190907326046428,-0.02769663506135453
42620.0,0.21823067697480394,0.1905304788442814,-0.027700198130522546
42640.0,0.21785803464450096,0.19015890929579912,-0.027699125348701836
42660.0,0.21748603411943457,0.18979287090901598,-0.027693163210418592
42680.0,0.21711467540216578,0.1894326171919666,-0.027682058210199173
42700.0,0.21674395849525555,0.18907840165268594,-0.027665556842569605
42720.0,0.21637388340126484,0.1887304777992087,-0.027643405602056137
42740.0,0.21600445012275463,0.1883890991395696,-0.027615350983185016
42760.0,0.21563565866228593,0.18805451918180346,-0.027581139480482464
42780.0,0.21526750902241967,0.18772699143394506,-0.027540517588474617
42800.0,0.21490000120571687,0.18740676940402914,-0.027493231801687723
42820.0,0.21453313521473846,0.1870941066000905,-0.027439028614647976
42840.0,0.21416691105204547,0.1867892565301639,-0.027377654521881567
42860.0,0.21380132872019883,0.18649247270228408,-0.027308856017914745
42880.0,0.2134363882217596,0.18620400862448586,-0.02723237959727373
42900.0,0.2130720895592886,0.18592411780480397,-0.027147971754484634
42920.0,0.212708432735347,0.18565305375127322,-0.027055378984073786
42940.0,0.21234541775249563,0.18539106997192836,-0.026954347780567267
42960.0,0.21198304461329553,0.18513841997480418,-0.026844624638491354
42980.0,0.21162131332030767,0.1848953572679354,-0.02672595605237227
43000.0,0.2112601976667741,0.184660362142775,-0.026599835523999082
43020.0,0.21089967144566976,0.18443159072165818,-0.026468080724011578
43040.0,0.210539734659155,0.184208810258944,-0.02633092440021098
43060.0,0.21018038730939012,0.18399178800899127,-0.02618859930039885
43080.0,0.20982162939853544,0.1837802912261591,-0.026041338172376333
43100.0,0.20946346092875123,0.18357408716480633,-0.0258893737639449
43120.0,0.20910588190219787,0.18337294307929192,-0.02573293882290595
43140.0,0.20874889232103566,0.1831766262239749,-0.02557226609706076
43160.0,0.20839249218742487,0.18298490385321417,-0.025407588334210696
43180.0,0.20803668150352586,0.18279754322136874,-0.025239138282157125
43200.0,0.20768146027149895,0.18261431158279748,-0.02506714868870147
43220.0,0.20732682849350448,0.18243497619185942,-0.024891852301645062
43240.0,0.20697278617170267,0.18225930430291348,-0.02471348186878919
43260.0,0.2066193333082539,0.18208706317031864,-0.02453227013793527
43280.0,0.20626646990531852,0.1819180200484338,-0.024348449856884724
43300.0,0.20591419596505675,0.181751942191618,-0.024162253773438752
43320.0,0.20556251148962904,0.18158859685423012,-0.023973914635398913
43340.0,0.2052114164811956,0.18142775129062913,-0.02378366519056646
43360.0,0.20486091094191675,0.18126917275517407,-0.023591738186742678
43380.0,0.20451099487395283,0.1811126285022238,-0.02339836637172904
43400.0,0.2041616682794642,0.1809578857861373,-0.023203782493326885
43420.0,0.20381293116061108,0.1808047118612735,-0.02300821929933758
43440.0,0.20346478351955385,0.18065287398199145,-0.022811909537562403
43460.0,0.20311722535845286,0.18050213940265,-0.02261508595580286
43480.0,0.20277025667946835,0.18035227537760817,-0.02241798130186018
43500.0,0.20242387748476065,0.18020304916122487,-0.02222082832353578
43520.0,0.20207808777649008,0.1800542280078591,-0.02202385976863097
43540.0,0.201732887556817,0.17990557917186978,-0.02182730838494723
43560.0,0.20138827682790172,0.17975686990761594,-0.021631406920285784
43580.0,0.2010442555919045,0.1796078674694564,-0.021436388122448108
43600.0,0.20070082385098567,0.17945833911175024,-0.02124248473923543
43620.0,0.20035798160730559,0.17930805208885636,-0.021049929518449223
43640.0,0.20001572886302452,0.17915677365513372,-0.0208589552078908
43660.0,0.19967406562030282,0.17900427106494127,-0.020669794555361554
43680.0,0.1993329918813008,0.17885031157263803,-0.020482680308662765
43700.0,0.19899250764817875,0.17869466243258283,-0.02029784521559591
43720.0,0.198652612923097,0.17853709089913475,-0.020115522023962246
43740.0,0.1983133077082159,0.17837736422665268,-0.019935943481563217
43760.0,0.1979745920056957,0.1782152496694956,-0.01975934233620011
43780.0,0.19763646581769675,0.17805051448202244,-0.019585951335674312
43800.0,0.19729892914637936,0.17788292591859217,-0.019416003227787193
43820.0,0.19696198199390386,0.17771225123356374,-0.019249730760340117
43840.0,0.19662562436243058,0.17753825768129616,-0.01908736668113442
43860.0,0.1962898562541198,0.1773607125161483,-0.0189291437379715
43880.0,0.19595467767113184,0.17717938299247915,-0.018775294678652688
43900.0,0.19562008861562702,0.1769940363646477,-0.018626052250979325
43920.0,0.19528608908976566,0.17680443988701286,-0.018481649202752803
43940.0,0.19495267909570813,0.17661036081393364,-0.01834231828177449
43960.0,0.19461985863561462,0.1764115663997689,-0.01820829223584572
43980.0,0.19428762771164554,0.17620782389887768,-0.01807980381276786
44000.0,0.19395596225411357,0.1760000118333075,-0.017955950420806083
44020.0,0.19362483819310566,0.175789210179793,-0.017835628013312677
44040.0,0.1932942555304437,0.17557548837472353,-0.017718767155720155
44060.0,0.19296421426794935,0.17535891585448843,-0.017605298413460924
44080.0,0.19263471440744448,0.17513956205547698,-0.017495152351967497
44100.0,0.19230575595075095,0.17491749641407847,-0.017388259536672473
44120.0,0.1919773388996905,0.17469278836668228,-0.017284550533008203
44140.0,0.1916494632560849,0.17446550734967767,-0.017183955906407228
44160.0,0.19132212902175602,0.17423572279945393,-0.017086406222302092
44180.0,0.1909953361985256,0.17400350415240043,-0.01699183204612517
44200.0,0.19066908478821545,0.1737689208449065,-0.016900163943308955
44220.0,0.19034337479264743,0.17353204231336136,-0.016811332479286067
44240.0,0.19001820621364326,0.17329293799415435,-0.016725268219488915
44260.0,0.18969357905302475,0.17305167732367485,-0.0166419017293499
44280.0,0.18936949331261377,0.17280832973831212,-0.01656116357430165
44300.0,0.18904594899423202,0.17256296467445545,-0.016482984319776572
44320.0,0.18872294609970136,0.17231565156849424,-0.016407294531207123
44340.0,0.1884004846308436,0.17206645985681768,-0.01633402477402593
44360.0,0.18807856458948052,0.17181545897581513,-0.016263105613665396
44380.0,0.1877571859774339,0.17156271836187595,-0.016194467615557956
44400.0,0.18743634879652554,0.17130830745138942,-0.016128041345136124
44420.0,0.18711605304857729,0.17105229568074481,-0.01606375736783247
44440.0,0.1867962987354109,0.17079475248633152,-0.016001546249079374
44460.0,0.18647708585884817,0.17053574730453883,-0.015941338554309348
44480.0,0.18615841442071093,0.17027534957175597,-0.015883064848954964
44500.0,0.185840284422821,0.17001362872437234,-0.015826655698448655
44520.0,0.18552269586700004,0.16975065419877725,-0.015772041668222797
44540.0,0.18520564875507003,0.16948649543135996,-0.015719153323710072
44560.0,0.18488914308885265,0.1692212218585098,-0.015667921230342857
44580.0,0.1845731788701698,0.16895490291661616,-0.01561827595355364
44600.0,0.18425775610084316,0.16868760804206823,-0.015570148058774935
44620.0,0.18394287478269458,0.16841940667125538,-0.015523468111439204
44640.0,0.18362853491754594,0.16815036824056695,-0.015478166676978988
44660.0,0.1833147365072189,0.16788056218639222,-0.015434174320826693
44680.0,0.18300147955353538,0.16761005794512046,-0.015391421608414918
44700.0,0.1826887640583171,0.16733892495314107,-0.015349839105176039
44720.0,0.18237659002338585,0.1670672326468433,-0.015309357376542543
44740.0,0.1820649574505635,0.16679505046261647,-0.01526990698794703
44760.0,0.18175386634167184,0.16652244783684997,-0.015231418504821875
44780.0,0.1814433166985326,0.16624949420593294,-0.015193822492599651
44800.0,0.18113330852296766,0.16597625900625484,-0.015157049516712817
44820.0,0.18082384181679872,0.16570281167420495,-0.015121030142593778
44840.0,0.1805149165818477,0.16542922164617258,-0.015085694935675131
44860.0,0.18020653281993634,0.165155558358547,-0.015050974461389338
44880.0,0.17989869053288643,0.16488189124771754,-0.015016799285168886
44900.0,0.17959138972251976,0.1646082897500736,-0.014983099972446151
44920.0,0.17928463039065817,0.16433482330200433,-0.014949807088653844
44940.0,0.17897841253912342,0.1640615613398992,-0.01491685119922423
44960.0,0.17867273616973733,0.16378857330014743,-0.014884162869589906
44980.0,0.17836760128432172,0.1635159286191383,-0.014851672665183419
45000.0,0.1780629857761137,0.1632426324217238,-0.014820353354389915
45020.0,0.1777588675381603,0.16296767743541,-0.014791190102750318
45040.0,0.17745524657199827,0.16269111450056803,-0.014764132071430236
45060.0,0.1771521228791643,0.16241299445756907,-0.014739128421595221
45080.0,0.17684949646119502,0.16213336814678414,-0.014716128314410881
45100.0,0.1765473673196272,0.16185228640858446,-0.01469508091104274
45120.0,0.1762457354559975,0.16156980008334107,-0.014675935372656435
45140.0,0.17594460087184258,0.16128596001142514,-0.014658640860417432
45160.0,0.17564396356869919,0.16100081703320776,-0.014643146535491425
45180.0,0.17534382354810396,0.1607144219890601,-0.014629401559043853
45200.0,0.17504418081159367,0.16042682571935324,-0.014617355092240436
45220.0,0.1747450353607049,0.16013807906445834,-0.01460695629624656
45240.0,0.17444638719697445,0.1598482328647465,-0.014598154332227942
45260.0,0.17414823632193893,0.15955733796058882,-0.014590898361350108
45280.0,0.17385058273713508,0.15926544519235647,-0.014585137544778609
45300.0,0.17355342644409957,0.15897260540042052,-0.014580821043679054
45320.0,0.17325676744436913,0.15867886942515214,-0.014577898019216995
45340.0,0.17296060573948038,0.15838428810692243,-0.014576317632557956
45360.0,0.17266494133097007,0.1580889122861025,-0.014576029044867572
45380.0,0.1723697742203749,0.15779279280306352,-0.014576981417311369
45400.0,0.17207510440923152,0.15749598049817654,-0.01457912391105498
45420.0,0.17178093189907664,0.15719852621181274,-0.014582405687263905
45440.0,0.17148725669144696,0.1569004807843432,-0.01458677590710375
45460.0,0.17119407878787918,0.15660189505613908,-0.014592183731740094
45480.0,0.17090139818990996,0.15630281986757152,-0.014598578322338435
45500.0,0.17060921489907602,0.1560033060590116,-0.014605908840064408
45520.0,0.17031752891691404,0.15570340447083045,-0.014614124446083593
45540.0,0.17002634024496072,0.15540316594339917,-0.014623174301561542
45560.0,0.16973564888475273,0.1551026413170889,-0.014633007567663836
45580.0,0.16944545483782683,0.1548018814322708,-0.014643573405556026
45600.0,0.16915575810571962,0.15450093712931595,-0.014654820976403665
45620.0,0.16886655868996786,0.15419985924859547,-0.014666699441372388
45640.0,0.1685778565921082,0.15389869863048053,-0.014679157961627665
45660.0,0.16828965181367736,0.1535975061153422,-0.014692145698335157
45680.0,0.16800194435621202,0.15329633254355163,-0.01470561181266039
45700.0,0.16771473422124886,0.15299522875547988,-0.014719505465768973
45720.0,0.16742802141032462,0.15269424559149816,-0.014733775818826456
45740.0,0.16714180592497596,0.15239343389197757,-0.014748372032998391
45760.0,0.16685608776673955,0.15209284449728924,-0.014763243269450305
45780.0,0.16657086693715212,0.1517925282478042,-0.014778338689347914
45800.0,0.16628614343775033,0.1514925359838937,-0.014793607453856633
45820.0,0.16600191727007088,0.15119291854592878,-0.014808998724142097
45840.0,0.16571818843565048,0.15089372677428062,-0.014824461661369859
45860.0,0.16543495693602583,0.1505950115093203,-0.014839945426705525
45880.0,0.1651522227727336,0.15029682359141894,-0.014855399181314649
45900.0,0.16486998594731045,0.14999921386094772,-0.014870772086362727
45920.0,0.16458824646129314,0.14970223315827766,-0.014886013303015477
45940.0,0.16430700431621834,0.14940593232377994,-0.014901071992438397
45960.0,0.16402625951362274,0.14911036219782572,-0.014915897315797011
45980.0,0.16374601205504302,0.14881557362078604,-0.014930438434256982
46000.0,0.1634662416366616,0.14852007744168644,-0.014946164194975159
46020.0,0.16318692795450046,0.14822244105100477,-0.014964486903495694
46040.0,0.16290807100985596,0.1479228001012914,-0.014985270908564552
46060.0,0.1626296708040242,0.14762129024509685,-0.015008380558927364
46080.0,0.1623517273383015,0.14731804713497137,-0.015033680203330124
46100.0,0.16207424061398396,0.14701320642346555,-0.015061034190518408
46120.0,0.16179721063236793,0.1467069037631297,-0.015090306869238235
46140.0,0.1615206373947495,0.14639927480651424,-0.015121362588235265
46160.0,0.16124452090242497,0.14609045520616964,-0.015154065696255326
46180.0,0.1609688611566906,0.1457805806146462,-0.015188280542044408
46200.0,0.16069365815884246,0.14546978668449442,-0.015223871474348033
46220.0,0.16041891191017688,0.1451582090682647,-0.015260702841912166
46240.0,0.1601446224119901,0.14484598341850746,-0.015298638993482633
46260.0,0.15987078966557822,0.14453324538777307,-0.015337544277805149
46280.0,0.15959741367223756,0.14422013062861197,-0.015377283043625595
46300.0,0.15932449443326432,0.14390677479357458,-0.015417719639689742
46320.0,0.1590520319499547,0.14359331353521126,-0.015458718414743444
46340.0,0.15878002622360496,0.1432798825060725,-0.015500143717532472
46360.0,0.15850847725551126,0.14296661735870866,-0.015541859896802596
46380.0,0.15823738504696985,0.14265365374567018,-0.01558373130129967
46400.0,0.15796674959927692,0.1423411273195074,-0.01562562227976952
46420.0,0.1576965709137287,0.14202917373277088,-0.01566739718095783
46440.0,0.15742684899162146,0.1417179286380109,-0.015708920353610573
46460.0,0.1571575838342514,0.14140752768777787,-0.01575005614647354
46480.0,0.15688877544291469,0.1410981065346223,-0.015790668908292393
46500.0,0.15662042381890753,0.14078980083109452,-0.015830622987813014
46520.0,0.15635252896352625,0.140482746229745,-0.015869782733781257
46540.0,0.15608509087806696,0.14017707838312407,-0.01590801249494289
46560.0,0.15581810956382594,0.13987293294378222,-0.015945176620043716
46580.0,0.15555158502209937,0.13957044556426984,-0.01598113945782953
46600.0,0.15528551725418355,0.13926975189713736,-0.016015765357046186
46620.0,0.15501990626137457,0.13897098759493515,-0.016048918666439427
46640.0,0.15475475204496875,0.1386742883102136,-0.016080463734755135
46660.0,0.15449005460626228,0.13837978969552323,-0.016110264910739053
46680.0,0.15422581394655133,0.13808762740341432,-0.016138186543137006
46700.0,0.1539620300671322,0.1377979370864374,-0.016164092980694794
46720.0,0.15369870296930105,0.1375108543971428,-0.016187848572158242
46740.0,0.15343583265435412,0.13722651498808094,-0.016209317666273176
46760.0,0.15317341912358762,0.1369450545118023,-0.016228364611785312
46780.0,0.15291146237829778,0.13666660862085722,-0.016244853757440558
46800.0,0.15264996241978082,0.13639131296779614,-0.016258649451984686
46820.0,0.15238891924933295,0.13611930320516946,-0.016269616044163493
46840.0,0.1521283328682504,0.13585071498552762,-0.016277617882722778
46860.0,0.15186820327782938,0.13558568396142098,-0.016282519316408395
46880.0,0.1516085304793661,0.1353243457854,-0.016284184693966086
46900.0,0.15134931447415675,0.1350668361100151,-0.01628247836414165
46920.0,0.15109055526349766,0.13481329058781663,-0.016277264675681025
46940.0,0.1508322528486849,0.1345638448713551,-0.016268407977329813
46960.0,0.15057440723101484,0.13431863461318078,-0.016255772617834063
46980.0,0.15031701841178355,0.1340777954658442,-0.016239222945939352
47000.0,0.15006006774316719,0.13384018465438285,-0.01621988308878433
47020.0,0.14980353657720635,0.13360454986849307,-0.01619898670871328
47040.0,0.14954742491499418,0.13337086245771404,-0.016176562457280136
47060.0,0.14929173275762372,0.13313909377158478,-0.016152638986038942
47080.0,0.14903646010618812,0.13290921515964452,-0.016127244946543606
47100.0,0.14878160696178047,0.13268119797143232,-0.016100408990348147
47120.0,0.14852717332549387,0.13245501355648734,-0.016072159769006528
47140.0,0.14827315919842138,0.13223063326434867,-0.01604252593407271
47160.0,0.1480195645816562,0.13200802844455545,-0.01601153613710074
47180.0,0.1477663894762913,0.13178717044664684,-0.01597921902964447
47200.0,0.14751363388341993,0.13156803062016192,-0.015945603263258
47220.0,0.14726129780413505,0.13135058031463984,-0.015910717489495213
47240.0,0.14700938123952986,0.1311347908796197,-0.01587459035991015
47260.0,0.1467578841906974,0.13092063366464068,-0.015837250526056723
47280.0,0.1465068066587308,0.13070808001924186,-0.015798726639488947
47300.0,0.14625614864472322,0.13049710129296235,-0.01575904735176087
47320.0,0.1460059101497676,0.13028766883534132,-0.015718241314426284
47340.0,0.14575609117495722,0.1300797539959179,-0.015676337179039324
47360.0,0.14550669172138508,0.1298733281242312,-0.015633363597153893
47380.0,0.14525771179014432,0.1296683625698203,-0.015589349220324011
47400.0,0.14500915138232806,0.12946482868222436,-0.015544322700103697
47420.0,0.1447610104990293,0.12926269781098257,-0.015498312688046745
47440.0,0.1445132891413413,0.12906194130563395,-0.01545134783570734
47460.0,0.144265987310357,0.1288625305157177,-0.015403456794639309
47480.0,0.1440191050071696,0.1286644367907729,-0.015354668216396694
47500.0,0.1437726422328722,0.12846763148033868,-0.015305010752533516
47520.0,0.14352659898855782,0.1282720859339542,-0.015254513054603625
47540.0,0.14328097527531966,0.12807777150115857,-0.015203203774161095
47560.0,0.14303577109425078,0.1278846595314909,-0.015151111562759889
47580.0,0.1427909864464443,0.12769272137449034,-0.01509826507195397
47600.0,0.14254662133299328,0.12750192837969596,-0.015044692953297328
47620.0,0.14230267575499086,0.12731225189664697,-0.014990423858343899
47640.0,0.14205914971353012,0.12712366327488248,-0.014935486438647644
47660.0,0.1418160432097042,0.12693613386394154,-0.014879909345762665
47680.0,0.14157335624460612,0.12674963501336334,-0.014823721231242787
47700.0,0.14133108881932907,0.126564138072687,-0.014766950746642082
47720.0,0.14108924093496608,0.12637961439145165,-0.014709626543514431
47740.0,0.1408478125926103,0.12619603531919638,-0.014651777273413935
47760.0,0.14060680379335486,0.12601337220546033,-0.014593431587894529
47780.0,0.1403662145382928,0.12583159639978267,-0.01453461813851012
47800.0,0.1401260448285172,0.12565067925170248,-0.014475365576814725
47820.0,0.13988629466512126,0.12547059211075887,-0.014415702554362392
47840.0,0.139646964049198,0.12529130632649102,-0.014355657722706971
47860.0,0.13940805298184056,0.125112793248438,-0.014295259733402566
47880.0,0.139169561464142,0.124935024226139,-0.014234537238002998
47900.0,0.13893148949719547,0.12475797060913309,-0.014173518888062384
47920.0,0.13869383708209404,0.12458160374695941,-0.01411223333513463
47940.0,0.13845660421993086,0.12440589498915708,-0.014050709230773784
47960.0,0.13821979091179892,0.12423081568526526,-0.013988975226533668
47980.0,0.13798339715879146,0.12405633718482303,-0.013927059973968425
48000.0,0.13774740583408693,0.12388332765780515,-0.013864078176281783
48020.0,0.13751179981074993,0.12371261112469399,-0.013799188686055938
48040.0,0.13727657908970275,0.12354409271078977,-0.013732486378912986
48060.0,0.13704174367186758,0.12337767754139276,-0.013664066130474828
48080.0,0.13680729355816662,0.12321327074180317,-0.013594022816363446
48100.0,0.1365732287495221,0.12305077743732128,-0.013522451312200826
48120.0,0.13633954924685623,0.12289010275324733,-0.013449446493608908
48140.0,0.13610625505109128,0.12273115181488155,-0.013375103236209732
48160.0,0.13587334616314947,0.12257382974752419,-0.013299516415625282
48180.0,0.135640822583953,0.1224180416764755,-0.013222780907477485
48200.0,0.1354086843144241,0.12226369272703573,-0.013144991587388369
48220.0,0.135176931355485,0.1221106880245051,-0.013066243330979901
48240.0,0.13494556370805788,0.12195893269418387,-0.012986631013874012
48260.0,0.13471458137306505,0.1218083318613723,-0.012906249511692752
48280.0,0.13448398435142864,0.1216587906513706,-0.012825193700058038
48300.0,0.13425377264407093,0.12151021418947905,-0.01274355845459188
48320.0,0.1340239462519141,0.12136250760099787,-0.012661438650916235
48340.0,0.13379450517588046,0.12121557601122729,-0.012578929164653169
48360.0,0.1335654494168922,0.1210693245454676,-0.012496124871424596
48380.0,0.13333677897587146,0.12092365832901902,-0.012413120646852432
48400.0,0.13310849385374054,0.12077848248718177,-0.012330011366558771
48420.0,0.13288059405142164,0.12063370214525615,-0.012246891906165486
48440.0,0.13265307956983702,0.12048922242854236,-0.012163857141294657
48460.0,0.13242595040990887,0.12034494846234065,-0.012081001947568226
48480.0,0.1321992065725594,0.12020078537195128,-0.011998421200608123
48500.0,0.13197284805871085,0.12005663828267449,-0.011916209776036357
48520.0,0.1317468748692855,0.11991241231981051,-0.011834462549474983
48540.0,0.13152128700520546,0.1197680126086596,-0.01175327439654586
48560.0,0.13129608446739305,0.11962334427452201,-0.01167274019287104
48580.0,0.13107126725677043,0.11947831244269795,-0.011592954814072479
48600.0,0.13084683537425987,0.1193328222384877,-0.011514013135772161
48620.0,0.13062278882078354,0.1191867787871915,-0.011436010033592042
48640.0,0.13039912759726374,0.11904008721410957,-0.011359040383154176
48660.0,0.13017585170462267,0.11889265264454218,-0.01128319906008049
48680.0,0.12995296114378252,0.11874438020378959,-0.011208580939992926
48700.0,0.1297304559156655,0.11859517501715199,-0.011135280898513525
48720.0,0.1295083360211939,0.11844494220992967,-0.011063393811264241
48740.0,0.12928660146128987,0.11829358690742285,-0.010993014553867017
48760.0,0.1290652522368757,0.11814101423493178,-0.01092423800194392
48780.0,0.12884428834887357,0.11798712931775672,-0.01085715903111685
48800.0,0.12862370979820573,0.1178318372811979,-0.010791872517007833
48820.0,0.1284035165857944,0.11767504325055554,-0.010728473335238867
48840.0,0.1281837087125618,0.11751665235112994,-0.010667056361431851
48860.0,0.12796428617943012,0.11735656970822131,-0.010607716471208811
48880.0,0.12774524898732165,0.1171947004471299,-0.010550548540191745
48900.0,0.12752659713715853,0.11703094969315596,-0.010495647444002568
48920.0,0.12730833062986302,0.11686522257159972,-0.010443108058263303
48940.0,0.1270904494663574,0.11669742420776143,-0.010393025258595964
48960.0,0.12687295364756385,0.11652745972694135,-0.010345493920622492
48980.0,0.12665584317440456,0.11635523425443971,-0.010300608919964857
49000.0,0.12643910231706484,0.11618032188222499,-0.010258780434839854
49020.0,0.12622271534563342,0.11600244371260766,-0.01022027163302576
49040.0,0.12600668226088776,0.11582172538640105,-0.010184956874486714
49060.0,0.12579100306360524,0.1156382925444185,-0.010152710519186744
49080.0,0.12557567775456327,0.11545227082747336,-0.010123406927089906
49100.0,0.12536070633453936,0.11526378587637892,-0.010096920458160435
49120.0,0.12514608880431086,0.11507296333194855,-0.010073125472362304
49140.0,0.12493182516465519,0.11487992883499558,-0.01005189632965961
49160.0,0.12471791541634983,0.11468480802633334,-0.01003310739001649
49180.0,0.12450435956017215,0.11448772654677519,-0.010016633013396961
49200.0,0.12429115759689961,0.11428881003713443,-0.010002347559765187
49220.0,0.12407830952730964,0.1140881841382244,-0.009990125389085239
49240.0,0.12386581535217965,0.11388597449085845,-0.009979840861321199
49260.0,0.12365367507228707,0.1136823067358499,-0.009971368336437164
49280.0,0.1234418886884093,0.11347730651401214,-0.009964582174397163
49300.0,0.12323045620132381,0.11327109946615843,-0.009959356735165376
49320.0,0.12301937761180798,0.11306381123310213,-0.009955566378705843
49340.0,0.12280865292063925,0.1128555674556566,-0.00995308546498265
49360.0,0.12259828212859508,0.11264649377463515,-0.009951788353959934
49380.0,0.12238826523645285,0.11243671583085113,-0.009951549405601723
49400.0,0.12217860224499004,0.11222635926511786,-0.009952242979872183
49420.0,0.12196929315498399,0.11201554971824869,-0.009953743436735302
49440.0,0.12176033796721221,0.11180441283105695,-0.009955925136155258
49460.0,0.12155173668245206,0.11159307424435598,-0.00995866243809608
49480.0,0.12134348930148099,0.11138165959895911,-0.00996182970252188
49500.0,0.12113559582507644,0.11117029453567967,-0.009965301289396766
49520.0,0.12092805625401581,0.110959104695331,-0.00996895155868481
49540.0,0.12072087058907657,0.11074821571872644,-0.009972654870350137
49560.0,0.12051403883103609,0.11053775324667932,-0.009976285584356773
49580.0,0.12030756098067184,0.110327842920003,-0.009979718060668843
49600.0,0.12010143703876121,0.11011861037951076,-0.009982826659250446
49620.0,0.11989566700608165,0.10991018126601598,-0.009985485740065664
49640.0,0.11969025088341055,0.10970268122033199,-0.009987569663078566
49660.0,0.11948518867152537,0.10949623588327213,-0.009988952788253236
49680.0,0.11928048037120353,0.10929097089564972,-0.009989509475553812
49700.0,0.11907612598322245,0.10908701189827809,-0.009989114084944364
49720.0,0.11887212550835956,0.1088844845319706,-0.009987640976388962
49740.0,0.11866847894739227,0.10868351443754055,-0.009984964509851715
49760.0,0.11846518630109804,0.10848422725580131,-0.009980959045296722
49780.0,0.11826224757025422,0.10828674862756622,-0.009975498942687996
49800.0,0.11805966275563833,0.10809120419364858,-0.009968458561989746
49820.0,0.11785743185802773,0.10789771959486175,-0.009959712263165985
49840.0,0.11765555487819987,0.10770642047201905,-0.009949134406180823
49860.0,0.11745403181693219,0.10751743246593383,-0.00993659935099836
49880.0,0.11725286267500207,0.10733088121741943,-0.009921981457582635
49900.0,0.11705204745318698,0.10714689236728916,-0.009905155085897815
49920.0,0.1168515861522643,0.10696559155635636,-0.009885994595907943
49940.0,0.11665147877301149,0.1067871044254344,-0.009864374347577087
49960.0,0.116451725316206,0.1066115566153366,-0.0098401687008694
49980.0,0.11625232578262519,0.10643907376687625,-0.009813252015748938
50000.0,0.11605326572556014,0.10626956784917095,-0.009783697876389191
50020.0,0.11585453069822109,0.10610278646260372,-0.009751744235617366
50040.0,0.1156561207012643,0.10593860869488618,-0.009717512006378118
50060.0,0.11545803573534598,0.10577691363373,-0.00968112210161598
50080.0,0.11526027580112237,0.10561758036684679,-0.00964269543427558
50100.0,0.11506284089924974,0.1054604879819482,-0.009602352917301549
50120.0,0.1148657310303843,0.10530551556674589,-0.009560215463638416
50140.0,0.11466894619518231,0.1051525422089515,-0.009516403986230812
50160.0,0.1144724863943,0.10500144699627664,-0.009471039398023351
50180.0,0.1142763516283936,0.10485210901643296,-0.009424242611960634
50200.0,0.11408054189811936,0.10470440735713216,-0.009376134540987208
50220.0,0.11388505720413354,0.10455822110608579,-0.009326836098047755
50240.0,0.11368989754709237,0.10441342935100555,-0.009276468196086823
50260.0,0.11349506292765205,0.10426991117960306,-0.009225151748048985
50280.0,0.1133005533464689,0.10412754567958998,-0.00917300766687891
50300.0,0.11310636880419905,0.10398621193867791,-0.009120156865521145
50320.0,0.11291250930149883,0.10384578904457854,-0.009066720256920291
50340.0,0.11271897483902446,0.1037061560850035,-0.009012818754020963
50360.0,0.11252576541743216,0.10356719214766441,-0.008958573269767747
50380.0,0.11233288103737818,0.10342877632027292,-0.00890410471710526
50400.0,0.11214032169951876,0.10329078769054066,-0.008849534008978102
50420.0,0.11194808740451014,0.1031531053461793,-0.008794982058330833
50440.0,0.11175617815300856,0.10301560837490048,-0.008740569778108082
50460.0,0.11156459394567025,0.1028781758644158,-0.008686418081254449
50480.0,0.11137333478315149,0.10274068690243694,-0.00863264788071455
50500.0,0.11118240066610846,0.10260302057667553,-0.00857938008943293
50520.0,0.11099179159519745,0.1024650559748432,-0.008526735620354248
50540.0,0.1108015075710747,0.10232667218465162,-0.008474835386423074
50560.0,0.1106115485943964,0.10218774829381241,-0.008423800300583983
50580.0,0.11042191466581881,0.10204816339003721,-0.008373751275781605
50600.0,0.11023260578599821,0.10190779656103766,-0.008324809224960553
50620.0,0.1100436219555908,0.1017665268945254,-0.008277095061065401
50640.0,0.10985496317525283,0.10162423347821209,-0.008230729697040737
50660.0,0.10966662944564053,0.10148079539980936,-0.008185834045831161
50680.0,0.10947862076741015,0.10133609174702884,-0.008142529020381303
50700.0,0.10929093714121793,0.1011900016075822,-0.008100935533635736
50720.0,0.1091035785677201,0.10104240406918105,-0.008061174498539048
50740.0,0.10891654504757292,0.10089317821953703,-0.008023366828035894
50760.0,0.10872983658143265,0.1007422031463618,-0.007987633435070848
50780.0,0.10854345316995546,0.10058935793736701,-0.007954095232588457
50800.0,0.10835739481379765,0.10043452168026427,-0.007922873133533376
50820.0,0.10817166151361542,0.10027757346276525,-0.007894088050850165
50840.0,0.10798625327006504,0.10011839237258158,-0.007867860897483467
50860.0,0.10780117008380273,0.09995685749742488,-0.007844312586377855
50880.0,0.10761641195548474,0.09979284792500683,-0.007823564030477917
50900.0,0.10743197888576733,0.09962624274303905,-0.007805736142728281
50920.0,0.1072478708753067,0.09945692103923319,-0.0077909498360735074
50940.0,0.10706408792475912,0.09928476190130087,-0.007779326023458252
50960.0,0.1068806300347808,0.09910964441695375,-0.0077709856178270476
50980.0,0.10669749720602802,0.09893144767390347,-0.00776604953212455
51000.0,0.10651467617027273,0.09874909549657486,-0.007765580673697869
51020.0,0.1063321536592185,0.09856173042125328,-0.0077704232379652155
51040.0,0.10614992967341895,0.09836955960344164,-0.00778037006997731
51060.0,0.10596800421342766,0.0981727901986428,-0.007795214014784849
51080.0,0.10578637727979819,0.09797162936235966,-0.007814747917438525
51100.0,0.10560504887308415,0.09776628425009512,-0.007838764622989033
51120.0,0.10542401899383916,0.09755696201735203,-0.007867056976487125
51140.0,0.10524328764261678,0.09734386981963328,-0.007899417822983507
51160.0,0.10506285481997063,0.09712721481244177,-0.00793564000752886
51180.0,0.10488272052645427,0.09690720415128039,-0.00797551637517388
51200.0,0.10470288476262131,0.096684044991652,-0.008018839770969316
51220.0,0.10452334752902535,0.09645794448905946,-0.00806540303996589
51240.0,0.10434410882621996,0.0962291097990057,-0.008114999027214256
51260.0,0.10416516865475875,0.09599774807699361,-0.008167420577765136
51280.0,0.10398652701519533,0.09576406647852602,-0.008222460536669307
51300.0,0.10380818390808325,0.09552827215910586,-0.008279911748977381
51320.0,0.10363013933397612,0.09529057227423601,-0.008339567059740108
51340.0,0.10345239329342755,0.09505117397941933,-0.008401219314008224
51360.0,0.1032749457869911,0.09481028443015871,-0.008464661356832395
51380.0,0.10309779681522038,0.09456811078195704,-0.008529686033263345
51400.0,0.10292094637866901,0.0943248601903172,-0.00859608618835181
51420.0,0.10274439447789052,0.0940807398107421,-0.008663654667148427
51440.0,0.10256814111343855,0.09383595679873458,-0.008732184314703975
51460.0,0.10239218628586672,0.09359071830979754,-0.008801467976069177
51480.0,0.10221652999572854,0.09334523149943388,-0.008871298496294658
51500.0,0.10204117224357764,0.09309970352314646,-0.008941468720431181
51520.0,0.10186611302996765,0.09285434153643818,-0.009011771493529469
51540.0,0.10169135235545211,0.09260935269481192,-0.009081999660640189
51560.0,0.10151689022058463,0.09236494415377056,-0.009151946066814076
51580.0,0.10134272662591882,0.09212132306881698,-0.00922140355710184
51600.0,0.10116886157200826,0.09187869659545407,-0.009290164976554188
51620.0,0.10099529505940652,0.09163727188918472,-0.009358023170221802
51640.0,0.10082202708866722,0.09139725610551179,-0.009424770983155431
51660.0,0.10064905766034396,0.09115885639993819,-0.00949020126040577
51680.0,0.1004763867749903,0.09092227992796678,-0.009554106847023514
51700.0,0.10030401443315985,0.09068773384510047,-0.009616280588059384
51720.0,0.10013194063540622,0.09045542530684211,-0.009676515328564103
51740.0,0.09996016538228297,0.09022556146869462,-0.009734603913588352
51760.0,0.0997886886743437,0.08999834948616087,-0.00979033918818284
51780.0,0.09961751051214203,0.08977399651474373,-0.009843513997398301
51800.0,0.09944663089623153,0.0895527097099461,-0.009893921186285431
51820.0,0.09927604982716577,0.08933469622727085,-0.009941353599894925
51840.0,0.0991057673054984,0.08912016322222086,-0.009985604083277547
51860.0,0.09893578333178296,0.08890931785029904,-0.01002646548148392
51880.0,0.09876609790657306,0.08870236726700825,-0.01006373063956481
51900.0,0.09859671103042232,0.08849951862785141,-0.010097192402570912
51920.0,0.09842762270388429,0.08830097908833133,-0.01012664361555296
51940.0,0.09825883292751256,0.08810695580395096,-0.010151877123561595
51960.0,0.09809034170186078,0.08791765593021317,-0.010172685771647608
51980.0,0.09792214902748249,0.08773328662262081,-0.010188862404861679
52000.0,0.09775424271854544,0.08754959196692423,-0.010204650751621205
52020.0,0.09758661058915898,0.08736237675778434,-0.010224233831374635
52040.0,0.09741925263978916,0.08717193921407188,-0.010247313425717289
52060.0,0.09725216887090204,0.08697857755465752,-0.01027359131624453
52080.0,0.09708535928296363,0.086782589998412,-0.010302769284551636
52100.0,0.09691882387643998,0.08658427476420603,-0.010334549112233943
52120.0,0.0967525626517971,0.08638393007091028,-0.010368632580886827
52140.0,0.09658657560950104,0.08618185413739551,-0.010404721472105527
52160.0,0.09642086275001785,0.08597834518253238,-0.010442517567485474
52180.0,0.09625542407381354,0.08577370142519161,-0.010481722648621933
52200.0,0.09609025958135417,0.08556822108424392,-0.010522038497110253
52220.0,0.09592536927310578,0.08536220237856001,-0.01056316689454577
52240.0,0.09576075314953438,0.0851559435270106,-0.010604809622523775
52260.0,0.095596411211106,0.08494974274846637,-0.010646668462639633
52280.0,0.0954323434582867,0.08474389826179803,-0.010688445196488677
52300.0,0.09526854989154251,0.0845387082858763,-0.010729841605666215
52320.0,0.0951050305113395,0.08433447103957191,-0.010770559471767596
52340.0,0.09494178531814364,0.08413148474175551,-0.010810300576388127
52360.0,0.094778814312421,0.08393004761129787,-0.010848766701123128
52380.0,0.09461611749463761,0.08373045786706966,-0.010885659627567948
52400.0,0.09445369486525951,0.08353301372794157,-0.010920681137317936
52420.0,0.09429154642475274,0.08333801341278435,-0.010953533011968386
52440.0,0.09412967217358334,0.08314575514046867,-0.010983917033114673
52460.0,0.09396807211221733,0.08295653712986528,-0.01101153498235205
52480.0,0.09380674624112074,0.08277065759984484,-0.011036088641275907
52500.0,0.09364569456075963,0.0825884147692781,-0.011057279791481536
52520.0,0.09348491707160002,0.08241010685703574,-0.011074810214564274
52540.0,0.09332441377410797,0.08223603208198847,-0.011088381692119495
52560.0,0.09316418466874948,0.08206648866300699,-0.011097696005742494
52580.0,0.09300422975599061,0.08190177481896202,-0.011102454937028591
52600.0,0.09284454903629738,0.08174218876872429,-0.011102360267573094
52620.0,0.09268514251013583,0.08158802873116444,-0.011097113778971393
52640.0,0.092526010177972,0.08143959292515325,-0.011086417252818753
52660.0,0.09236715204027196,0.0812971795695614,-0.011069972470710565
52680.0,0.09220856809750168,0.08116108688325957,-0.011047481214242108
52700.0,0.09205025835012724,0.0810316130851185,-0.011018645265008745
52720.0,0.09189222279861466,0.08090905639400889,-0.010983166404605768
52740.0,0.09173446144342999,0.08079371502880145,-0.010940746414628541
52760.0,0.09157697428503926,0.08068588720836688,-0.010891087076672384
52780.0,0.09141976132390849,0.08058587115157587,-0.01083389017233262
52800.0,0.09126282256050372,0.08049396507729915,-0.010768857483204566
52820.0,0.09110615799529101,0.08041046720440743,-0.010695690790883575
52840.0,0.09094976762873637,0.08033567575177142,-0.010614091876964951
52860.0,0.09079365146130584,0.08026988893826181,-0.01052376252304403
52880.0,0.09063780949346549,0.08021340498274933,-0.010424404510716162
52900.0,0.09048224172568131,0.08016652210410463,-0.01031571962157668
52920.0,0.09032694815841935,0.08012953852119849,-0.010197409637220864
52940.0,0.09017192879214565,0.08010275245290159,-0.010069176339244063
52960.0,0.09001718362732625,0.08008646211808461,-0.009930721509241638
52980.0,0.0898627126644272,0.0800809657356183,-0.009781746928808899
53000.0,0.08970850471173807,0.08010120421110595,-0.009607300500632118
53020.0,0.08955454857750042,0.08016082566592637,-0.009393722911574046
53040.0,0.0894008442621082,0.0802581891426074,-0.009142655119500798
53060.0,0.08924739176595536,0.08039165368367684,-0.00885573808227852
53080.0,0.08909419108943588,0.08055957833166245,-0.008534612757773424
53100.0,0.08894124223294367,0.0807603221290921,-0.008180920103851574
53120.0,0.08878854519687267,0.08099224411849354,-0.007796301078379128
53140.0,0.08863609998161685,0.08125370334239458,-0.007382396639222272
53160.0,0.08848390658757016,0.08154305884332308,-0.006940847744247081
53180.0,0.08833196501512654,0.08185866966380678,-0.006473295351319755
53200.0,0.08818027526467992,0.08219889484637352,-0.005981380418306398
53220.0,0.08802883733662428,0.08256209343355111,-0.005466743903073168
53240.0,0.08787765123135356,0.08294662446786732,-0.004931026763486238
53260.0,0.08772671694926172,0.08335084699185001,-0.00437586995741171
53280.0,0.08757603449074267,0.08377312004802694,-0.0038029144427157296
53300.0,0.08742560385619039,0.08421180267892593,-0.0032138011772644554
53320.0,0.08727542504599879,0.08466525392707477,-0.002610171118924018
53340.0,0.08712549806056188,0.08513183283500131,-0.001993665225560576
53360.0,0.08697582290027357,0.0856098984452333,-0.0013659244550402738
53380.0,0.08682639956552782,0.08609780980029857,-0.0007285897652292428
53400.0,0.08667722805671856,0.08659392594272494,-8.330211399361354e-05
53420.0,0.08652830837423975,0.08709660591504019,0.0005682975408004415
53440.0,0.08637964051848536,0.08760420875977214,0.0012245682412867775
53460.0,0.08623122448984927,0.0881150935194486,0.0018838690295993332
53480.0,0.0860830602887255,0.08862761923659736,0.0025445589478718528
53500.0,0.08593514791550799,0.08914014495374623,0.003204997038238233
53520.0,0.08578748737059065,0.08965102971342302,0.003863542342832371
53540.0,0.08564007865436747,0.09015863255815552,0.004518553903788053
53560.0,0.08549292176723235,0.09066131253047158,0.005168390763239231
53580.0,0.0853460167095793,0.09115742867289893,0.005811411963319635
53600.0,0.0851993634818022,0.09164534002796546,0.0064459765461632595
53620.0,0.08505296208429504,0.0921234056381989,0.007070443553903863
53640.0,0.08490681251745176,0.0925899845461271,0.007683172028675342
53660.0,0.08476091478166631,0.09304343579427787,0.008282521012611566
53680.0,0.08461526887733266,0.09348211842517899,0.008866849547846334
53700.0,0.08446987480484472,0.09390439148135829,0.009434516676513571
53720.0,0.08432473256459644,0.09430861400534354,0.009983881440747105
53740.0,0.08417984215698178,0.09469314503966256,0.010513302882680778
53760.0,0.0840352035823947,0.09505634362684318,0.011021140044448471
53780.0,0.08389081684122915,0.09539656880941318,0.011505751968184028
53800.0,0.08374668193387906,0.09571217962990036,0.011965497696021302
53820.0,0.08360279886073839,0.09600153513083254,0.012398736270094149
53840.0,0.08345916762220107,0.09626299435473754,0.012803826732536466
53860.0,0.08331578821866106,0.09649491634414314,0.013179128125482081
53880.0,0.0831726606505123,0.09669566014157714,0.013522999491064835
53900.0,0.08302978491814876,0.09686358478956736,0.013833799871418598
53920.0,0.08288716102196439,0.09699704933064163,0.014109888308677238
53940.0,0.0827447889623531,0.09709441280732771,0.01434962384497461
53960.0,0.08260266873970888,0.09715403426215341,0.014551365522444529
53980.0,0.08246080035442566,0.09717427273764657,0.014713472383220919
54000.0,0.08231917352783828,0.09713726330186344,0.014818089774025156
54020.0,0.08217777798124014,0.09702816822341871,0.014850390242178574
54040.0,0.08203661371496292,0.09684988734568471,0.014813273630721796
54060.0,0.08189568072933834,0.09660532051203381,0.014709639782695474
54080.0,0.08175497902469807,0.0962973675658383,0.014542388541140233
54100.0,0.08161450860137387,0.09592892835047055,0.014314419749096682
54120.0,0.08147426945969742,0.09550290270930292,0.014028633249605502
54140.0,0.08133426160000043,0.09502219048570772,0.013687928885707287
54160.0,0.08119448502261456,0.0944896915230573,0.013295206500442747
54180.0,0.08105493972787159,0.093908305664724,0.012853365936852407
54200.0,0.08091562571610317,0.09328093275408016,0.012365307037976989
54220.0,0.08077654298764105,0.09261047263449812,0.011833929646857075
54240.0,0.0806376915428169,0.09189982514935023,0.011262133606533331
54260.0,0.08049907138196244,0.09115189014200882,0.010652818760046381
54280.0,0.08036068250540936,0.09036956745584625,0.010008884950436892
54300.0,0.08022252491348938,0.08955575693423483,0.009333232020745444
54320.0,0.08008459860653422,0.08871335842054691,0.00862875981401269
54340.0,0.07994690358487556,0.08784527175815486,0.007898368173279297
54360.0,0.07980943984884512,0.08695439679043099,0.007144956941585873
54380.0,0.07967220739877459,0.08604363336074766,0.006371425961973071
54400.0,0.07953520623499569,0.08511588131247719,0.005580675077481501
54420.0,0.07939843635784012,0.08417404048899194,0.004775604131151814
54440.0,0.07926189776763956,0.08322101073366422,0.003959112966024664
54460.0,0.07912559046472578,0.08225969188986641,0.0031341014251406313
54480.0,0.07898951444943042,0.08129298380097083,0.0023034693515404103
54500.0,0.07885366972208523,0.08032378631034982,0.0014701165882645972
54520.0,0.07871805628302189,0.07935499926137574,0.0006369429783538438
54540.0,0.07858267413257213,0.07838952249742093,-0.00019315163515119804
54560.0,0.07844752327106762,0.0774302558618577,-0.0010172674092099182
54580.0,0.07831260369884008,0.0764800991980584,-0.0018325045007816787
54600.0,0.07817791541622124,0.0755419523493954,-0.0026359630668258416
54620.0,0.07804345842354275,0.074618715159241,-0.003424743264301755
54640.0,0.07790923272113638,0.07371328747096757,-0.004195945250168809
54660.0,0.07777523830933379,0.07282856912794744,-0.004946669181386351
54680.0,0.07764147518846673,0.07196745997355297,-0.005674015214913758
54700.0,0.07750794335886685,0.07113285985115646,-0.006375083507710391
54720.0,0.0773746428208659,0.07032766860413028,-0.007046974216735613
54740.0,0.07724157357479554,0.06955478607584678,-0.007686787498948758
54760.0,0.07710873562098754,0.06881711210967828,-0.008291623511309257
54780.0,0.07697612895977354,0.06811754654899713,-0.008858582410776417
54800.0,0.07684375359148529,0.06745898923717565,-0.009384764354309641
54820.0,0.07671160951645446,0.06684434001758623,-0.009867269498868236
54840.0,0.0765796967350128,0.06627649873360117,-0.010303198001411634
54860.0,0.07644801524749198,0.0657583652285928,-0.010689650018899183
54880.0,0.07631656505422371,0.0652928393459335,-0.011023725708290216
54900.0,0.07618534615553971,0.0648828209289956,-0.01130252522654411
54920.0,0.07605435855177167,0.06453120982115142,-0.011523148730620256
54940.0,0.07592360224325131,0.06424090586577333,-0.011682696377477986
54960.0,0.07579307723031033,0.06401480890623364,-0.01177826832407669
54980.0,0.07566278351328042,0.06385581878590471,-0.011806964727375704
55000.0,0.07553271165207925,0.06373221385977237,-0.01180049779230688
55020.0,0.07540285220659018,0.06361035976961352,-0.011792492436976665
55040.0,0.07527320517709338,0.06349028728900116,-0.011782917888092215
55060.0,0.0751437705638691,0.06337202719150829,-0.01177174337236081
55080.0,0.07501454836719755,0.06325561025070789,-0.011758938116489662
55100.0,0.07488553858735894,0.06314106724017295,-0.011744471347185995
55120.0,0.07475674122463351,0.06302842893347643,-0.011728312291157075
55140.0,0.07462815627930143,0.06291772610419136,-0.011710430175110073
55160.0,0.07449978375164297,0.06280898952589072,-0.011690794225752255
55180.0,0.07437162364193833,0.06270224997214749,-0.011669373669790845
55200.0,0.0742436759504677,0.06259753821653463,-0.011646137733933068
55220.0,0.07411594067751133,0.06249488503262519,-0.011621055644886143
55240.0,0.07398841782334943,0.06239432119399211,-0.011594096629357321
55260.0,0.07386110738826222,0.062295877474208394,-0.011565229914053829
55280.0,0.0737340093725299,0.06219958464684702,-0.011534424725682876
55300.0,0.07360712377643269,0.062105473485481,-0.011501650290951695
55320.0,0.07348045060025084,0.062013574763683306,-0.011466875836567532
55340.0,0.07335398984426453,0.061923919255026924,-0.011430070589237604
55360.0,0.07322774150875398,0.061836537733084854,-0.011391203775669129
55380.0,0.07310170559399945,0.06175146097143007,-0.01135024462256938
55400.0,0.0729758821002811,0.06166871974363558,-0.011307162356645514
55420.0,0.07285027102787918,0.06158834482327435,-0.011261926204604832
55440.0,0.0727248723770739,0.06151036698391939,-0.011214505393154509
55460.0,0.07259968614814546,0.06143481699914366,-0.011164869149001805
55480.0,0.07247471234137412,0.061361725642520175,-0.011112986698853945
55500.0,0.07234995095704005,0.061291123687621914,-0.01105882726941814
55520.0,0.07222540199542352,0.06122304190802187,-0.011002360087401644
55540.0,0.0721010654568047,0.061157511077293024,-0.010943554379511673
55560.0,0.07197694134146382,0.061094561969008365,-0.010882379372455453
55580.0,0.0718530296496811,0.061034225356740884,-0.010818804292940215
55600.0,0.07172933038173678,0.06097653201406357,-0.010752798367673205
55620.0,0.07160584353791102,0.06092151271454942,-0.010684330823361607
55640.0,0.0714825691184841,0.0608691982317714,-0.010613370886712693
55660.0,0.07135950712373618,0.06081961933930251,-0.010539887784433669
55680.0,0.07123665755394754,0.06077280681071575,-0.010463850743231785
55700.0,0.07111402040939835,0.06072879141958409,-0.010385228989814262
55720.0,0.07099159569036885,0.06068760393948053,-0.010303991750888322
55740.0,0.07086938339713923,0.060649275143978054,-0.010220108253161178
55760.0,0.07074738352998974,0.060613835806649655,-0.010133547723340089
55780.0,0.0706255960892006,0.06058131670106831,-0.010044279388132293
55800.0,0.070504021075052,0.06055174860080702,-0.009952272474244989
55820.0,0.07038265848782416,0.06052516227943877,-0.009857496208385386
55840.0,0.07026150832779732,0.060501588510536546,-0.009759919817260772
55860.0,0.07014057059525168,0.060481058067673336,-0.009659512527578344
55880.0,0.07001984529046745,0.060463601724422125,-0.009556243566045328
55900.0,0.06989933241372488,0.060449250254355914,-0.009450082159368968
55920.0,0.06977903196530413,0.060438034431047685,-0.009340997534256448
55940.0,0.0696589439454855,0.06042998502807042,-0.009228958917415077
55960.0,0.06953906835454914,0.06042513281899711,-0.009113935535552023
55980.0,0.06941940519277527,0.06042350857740076,-0.008995896615374512
56000.0,0.06929994579026502,0.060437710146479175,-0.008862235643785847
56020.0,0.0691806814770901,0.06047954720133572,-0.008701134275754377
56040.0,0.06906161225348659,0.06054786826339629,-0.008513743990090299
56060.0,0.06894273811969064,0.060641521854086784,-0.008301216265603852
56080.0,0.06882405907593835,0.06075935649483316,-0.008064702581105185
56100.0,0.06870557512246586,0.06090022070706129,-0.007805354415404572
56120.0,0.06858728625950929,0.061062963012197116,-0.00752432324731217
56140.0,0.06846919248730475,0.061246431931666546,-0.007222760555638204
56160.0,0.06835129380608834,0.06144947598689549,-0.00690181781919285
56180.0,0.06823359021609622,0.06167094369930987,-0.006562646516786348
56200.0,0.06811608171756448,0.0619096835903356,-0.006206398127228875
56220.0,0.06799876831072925,0.06216454418139859,-0.005834224129330656
56240.0,0.06788164999582665,0.06243437399392478,-0.0054472760019018684
56260.0,0.0677647267730928,0.06271802154934004,-0.005046705223752751
56280.0,0.0676479986427638,0.06301433536907032,-0.004633663273693481
56300.0,0.06753146560507581,0.06332216397454153,-0.004209301630534276
56320.0,0.06741512766026492,0.06364035588717958,-0.003774771773085342
56340.0,0.06729898480856726,0.06396775962841038,-0.0033312251801568826
56360.0,0.06718303705021895,0.06430322371965985,-0.002879813330559103
56380.0,0.0670672843854561,0.06464559668235392,-0.0024216877031021794
56400.0,0.06695172681451483,0.06499372703791849,-0.0019579997765963447
56420.0,0.06683636433763128,0.06534646330777946,-0.0014899010298518173
56440.0,0.06672119695504154,0.0657026540133628,-0.0010185429416787461
56460.0,0.06660622466698177,0.06606114767609436,-0.0005450769908874054
56480.0,0.06649144747368804,0.0664207928174001,-7.065465628794398e-05
56500.0,0.06637686537539651,0.0667804379587059,0.0004035725833093917
56520.0,0.06626247837234328,0.06713893162143772,0.0008764532490944388
56540.0,0.06614828646476448,0.06749512232702143,0.001346835862256951
56560.0,0.06603428965289623,0.06784785859688297,0.0018135689439867375
56580.0,0.06592048793697464,0.06819598895244826,0.0022755010154736216
56600.0,0.06580688131723582,0.0685383619151432,0.0027314805979073847
56620.0,0.06569346979391591,0.0688738260063937,0.0031803562124777945
56640.0,0.06558025336725101,0.0692012297476257,0.003620976380374688
56660.0,0.06546723203747727,0.06951942166026512,0.004052189622787847
56680.0,0.06535440580483079,0.06982725026573783,0.004472844460907038
56700.0,0.06524177466954768,0.07012356408546978,0.0048817894159221
56720.0,0.06512933863186408,0.07040721164088688,0.005277873009022799
56740.0,0.06501709769201611,0.07067704145341505,0.0056599437613989445
56760.0,0.06490505185023987,0.07093190204448019,0.0060268501942403185
56780.0,0.06479320110677149,0.07117064193550822,0.00637744082873673
56800.0,0.06468154546184708,0.07139210964792507,0.0067105641860779885
56820.0,0.06457008491570279,0.07159515370315664,0.0070250687874538476
56840.0,0.06445881946857472,0.07177862262262885,0.00731980315405413
56860.0,0.06434774912069897,0.07194136492776763,0.00759361580706866
56880.0,0.0642368738723117,0.07208222913999887,0.007845355267687176
56900.0,0.064126193723649,0.07220006378074849,0.008073870057099489
56920.0,0.06401570867494699,0.07229371737144243,0.008278008696495434
56940.0,0.06390541872644181,0.07236203843350657,0.008456619707064753
56960.0,0.06379532387836959,0.07240387548836685,0.008608551609997267
56980.0,0.06368542413096638,0.07241807705744918,0.0087326529264828
57000.0,0.06357571152169887,0.07240203503217556,0.008826323510476686
57020.0,0.0634661780880091,0.07235477609285158,0.008888598004842485
57040.0,0.06335682383009629,0.07227760094422936,0.008920777114133069
57060.0,0.06324764874815973,0.07217181029106096,0.008924161542901224
57080.0,0.06313865284239867,0.0720387048380985,0.008900051995699834
57100.0,0.06302983611301236,0.07187958529009407,0.008849749177081714
57120.0,0.06292119856020005,0.07169575235179977,0.00877455379159972
57140.0,0.06281274018416103,0.07148850672796767,0.00867576654380664
57160.0,0.06270446098509451,0.0712591491233499,0.008554688138255384
57180.0,0.06259636096319979,0.07100898024269851,0.008412619279498726
57200.0,0.06248844011867609,0.07073930079076564,0.00825086067208955
57220.0,0.06238069845172269,0.07045141147230334,0.008070713020580648
57240.0,0.062273135962538834,0.07014661299206375,0.007873477029524914
57260.0,0.06216575265132379,0.06982620605479893,0.00766045340347514
57280.0,0.06205854851827682,0.06949149136526098,0.007432942846984154
57300.0,0.06195152356359717,0.069143769628202,0.007192246064604828
57320.0,0.061844677787484086,0.06878434154837408,0.0069396637608899955
57340.0,0.061738011190136846,0.06841450783052933,0.006676496640392479
57360.0,0.06163152377175469,0.06803556917941982,0.006404045407665128
57380.0,0.06152521553253689,0.06764882629979765,0.006123610767260763
57400.0,0.06141908647268269,0.06725557989641494,0.005836493423732249
57420.0,0.06131313659239135,0.06685713067402375,0.005543994081632406
57440.0,0.06120736589186213,0.06645477933737619,0.005247413445514056
57460.0,0.061101774371294285,0.06604982659122435,0.004948052219930069
57480.0,0.06099636203088707,0.06564357314032034,0.004647211109433266
57500.0,0.06089112887083974,0.0652373196894162,0.004346190818576463
57520.0,0.06078607489135157,0.06483236694326411,0.004046292051912537
57540.0,0.0606812000926218,0.0644300156066161,0.003748815513994301
57560.0,0.06057650447484967,0.06403156638422428,0.0034550619093746057
57580.0,0.06047198803823447,0.06363831998084074,0.003166331942606272
57600.0,0.06036765078297544,0.0632515771012176,0.00288392631824215
57620.0,0.06026349270927185,0.06287263845010692,0.002609145740835067
57640.0,0.06015951381732293,0.06250280473226082,0.002343290914937887
57660.0,0.060055714107327955,0.06214337665243137,0.002087662545103418
57680.0,0.059952093579486186,0.06179565491537068,0.0018435613358844943
57700.0,0.05984865223399687,0.06146094022583085,0.00161228799183398
57720.0,0.059745390071059265,0.06114053328856396,0.0013951432175046963
57740.0,0.059642307090872634,0.06083573480832211,0.0011934277174494787
57760.0,0.05953940329363623,0.0605478454898574,0.0010084421962211695
57780.0,0.059436678679549305,0.06027816603792191,0.0008414873583726043
57800.0,0.05933413324881112,0.06002799715726774,0.0006938639084566184
57820.0,0.05923176700162094,0.059798639552647,0.0005668725510260611
57840.0,0.05912957993817801,0.059591393928811756,0.00046181399063374706
57860.0,0.05902757205868158,0.05940756099051413,0.0003799889318325464
57880.0,0.05892574336333093,0.05924844144250618,0.0003226980791752529
57900.0,0.058824093852325295,0.059115335989540045,0.00029124213721475056
57920.0,0.05872262352586395,0.05900954533636779,0.00028692181050384014
57940.0,0.05862133238414614,0.058932370187741515,0.00031103780359537786
57960.0,0.058520220427371115,0.05888511124841331,0.0003648908210421922
57980.0,0.05841928765573815,0.058869069223135284,0.00044978156739713254
58000.0,0.05831852675638096,0.058874197110015195,0.0005556703536342342
58020.0,0.05821793041641225,0.05888930358758173,0.0006713731711694773
58040.0,0.058117498635999715,0.058913972881222965,0.0007964742452232498
58060.0,0.05801723141531107,0.05894778921632694,0.0009305578010158702
58080.0,0.05791712875451403,0.058990336818281724,0.0010732080637676916
58100.0,0.057817190653776294,0.05904119991247537,0.0012240092586990742
58120.0,0.05771741711326559,0.05909996272429594,0.0013825456110303502
58140.0,0.05761780813314961,0.05916620947913149,0.00154840134598188
58160.0,0.05751836371359607,0.059239524402370076,0.0017211606887740094
58180.0,0.05741908385477268,0.05931949171939976,0.001900407864627078
58200.0,0.05731996855684716,0.0594056956556086,0.002085727098761439
58220.0,0.057221017819987195,0.05949772043638465,0.0022767026163974524
58240.0,0.05712223164436051,0.05959515028711597,0.0024729186427554575
58260.0,0.05702361003013482,0.05969756943319062,0.0026739594030558006
58280.0,0.05692515297747783,0.05980456209999666,0.002879409122518835
58300.0,0.05682686048655724,0.059915712512922145,0.0030888520263649064
58320.0,0.05672873255754077,0.060030604897355136,0.0033018723398143685
58340.0,0.05663076919059614,0.060148823478683694,0.0035180542880875534
58360.0,0.056532970385891036,0.060269952482295865,0.0037369820964048284
58380.0,0.056435336143593175,0.060393576133579714,0.0039582399899865395
58400.0,0.056337866463870276,0.06051927865792331,0.004181412194053033
58420.0,0.056240561346890046,0.060646644280714694,0.004406082933824648
58440.0,0.056143420792820184,0.060775257227341936,0.004631836434521752
58460.0,0.05604644480182841,0.06090470172319309,0.004858256921364677
58480.0,0.05594963337408243,0.06103456199365621,0.005084928619573777
58500.0,0.05585298650974996,0.06116442226411936,0.0053114357543694035
58520.0,0.055756504208998706,0.0612938667599706,0.005537362550971897
58540.0,0.05566018647199637,0.061422479706597984,0.005762293234601611
58560.0,0.055564033298910666,0.06154984532938957,0.005985812030478904
58580.0,0.05546804468990932,0.06167554785373343,0.00620750316382411
58600.0,0.055372220645160015,0.06179917150501758,0.006426950859857568
58620.0,0.05527656116483048,0.06192030050863015,0.006643739343799672
58640.0,0.055181066249088404,0.062038519089959124,0.00685745284087072
58660.0,0.05508573589810152,0.06215341147439261,0.007067675576291087
58680.0,0.054990570112037535,0.06226456188731863,0.007273991775281097
58700.0,0.05489556889106414,0.06237155455412528,0.007475985663061145
58720.0,0.054800732235349064,0.062473973700200594,0.00767324146485153
58740.0,0.054706060145060006,0.06257140355093263,0.007865343405872624
58760.0,0.05461155262036468,0.06266342833170946,0.008051875711344782
58780.0,0.054517209661430796,0.06274963226791913,0.008232422606488335
58800.0,0.054423031268426056,0.06282959958494971,0.008406568316523658
58820.0,0.054329017441518176,0.06290291450818924,0.008573897066671068
58840.0,0.05423516818087488,0.06296916126302579,0.008733993082150913
58860.0,0.05414148348666385,0.06302792407484743,0.00888644058818358
58880.0,0.05404796335905281,0.0630787871690422,0.009030823809989381
58900.0,0.05395460779820948,0.06312133477099816,0.009166726972788676
58920.0,0.053861416804301544,0.06315515110610337,0.009293734301801825
58940.0,0.053768390377496735,0.06317982039974589,0.009411430022249152
58960.0,0.05367552851796275,0.06319492687731378,0.009519398359351026
58980.0,0.0535828312258673,0.0632000547641951,0.0096172235383278
59000.0,0.0534902917850103,0.06319375120162615,0.00970345941661585
59020.0,0.05339790347917471,0.06317507696523635,0.009777173486061635
59040.0,0.053305666308502794,0.06314438673200386,0.009838720423501063
59060.0,0.053213580273136815,0.06310203517890688,0.009888454905770061
59080.0,0.05312164537321907,0.06304837698292362,0.009926731609704552
59100.0,0.053029861608891796,0.06298376682103225,0.009953905212140457
59120.0,0.052938228980297285,0.06290855937021095,0.009970330389913663
59140.0,0.05284674748757781,0.06282310930743792,0.009976361819860113
59160.0,0.05275541713087563,0.06272777130969136,0.009972354178815729
59180.0,0.05266423791033303,0.06262290005394944,0.00995866214361641
59200.0,0.05257320982609227,0.06250885021719035,0.009935640391098087
59220.0,0.052482332878295616,0.0623859764763923,0.009903643598096687
59240.0,0.05239160706708536,0.062254633508533455,0.009863026441448097
59260.0,0.05230103239260374,0.06211517599059202,0.009814143597988281
59280.0,0.05221060885499307,0.06196795859954617,0.009757349744553105
59300.0,0.05212033645439559,0.0618133360123741,0.009692999557978511
59320.0,0.05203021519095358,0.061651662906054,0.009621447715100422
59340.0,0.05194024506480931,0.061483293957564064,0.009543048892754757
59360.0,0.051850426076105044,0.061308583843882464,0.00945815776777742
59380.0,0.05176075822498307,0.06112788724198741,0.009367129017004337
59400.0,0.05167124151158565,0.06094155882885707,0.009270317317271425
59420.0,0.05158187593605505,0.06074995328146965,0.009168077345414596
59440.0,0.05149266149853355,0.06055342527680333,0.009060763778269781
59460.0,0.05140359819916342,0.0603523294918363,0.00894873129267288
59480.0,0.051314686038086914,0.06014702060354675,0.008832334565459836
59500.0,0.05122592501544633,0.05993785328891287,0.008711928273466542
59520.0,0.05113731513138393,0.05972518222491284,0.008587867093528913
59540.0,0.05104885638604197,0.059509362088524864,0.008460505702482891
59560.0,0.050960548779562735,0.05929074755672712,0.008330198777164385
59580.0,0.05087239231208849,0.059069693306497806,0.008197300994409316
59600.0,0.050784386983761524,0.058846554014815096,0.008062167031053571
59620.0,0.050696532794724074,0.05862168435865719,0.007925151563933114
59640.0,0.05060882974511844,0.05839543901500228,0.007786609269883837
59660.0,0.05052127783508689,0.058168172660828535,0.007646894825741643
59680.0,0.050433877064771676,0.05794023997311416,0.007506362908342487
59700.0,0.05034662743431508,0.05771199562883735,0.00736536819452227
59720.0,0.05025952894385939,0.057483794304976285,0.007224265361116894
59740.0,0.05017258159354685,0.05725599067850915,0.0070834090849623
59760.0,0.05008578538351975,0.05702893942641414,0.006943154042894389
59780.0,0.049999140313920346,0.05680299522566944,0.006803854911749098
59800.0,0.04991264638489092,0.056578512753253235,0.006665866368362312
59820.0,0.049826303596573744,0.056355846686143726,0.006529543089569982
59840.0,0.04974011194911108,0.0561353517013191,0.006395239752208022
59860.0,0.049654071442645206,0.05591738247575753,0.006263311033112326
59880.0,0.04956818207731838,0.055702293686437226,0.006134111609118843
59900.0,0.049482443853272905,0.05549044001033636,0.006007996157063454
59920.0,0.04939685677065102,0.055282176124433126,0.005885319353782108
59940.0,0.049311420829595005,0.05507785670570572,0.005766435876110712
59960.0,0.04922613603024714,0.05487783643113232,0.005651700400885175
59980.0,0.04914100237274968,0.05468246997769112,0.0055414676049414385
60000.0,0.049056013688900196,0.054484023169883995,0.005428009480983799
60020.0,0.04897116381048076,0.05427492833785203,0.005303764527371274
60040.0,0.04888645273761038,0.05405578991703561,0.005169337179425228
60060.0,0.04880188047040811,0.053827212342875096,0.0050253318724669885
60080.0,0.048717447008992984,0.05358980005081088,0.004872353041817899
60100.0,0.04863315235348404,0.05334415747628335,0.00471100512279931
60120.0,0.048548996504000304,0.05309088905473288,0.004541892550732576
60140.0,0.04846497946066083,0.05283059922159984,0.004365619760939014
60160.0,0.048381101223584626,0.05256389241232462,0.004182791188739994
60180.0,0.04829736179289075,0.05229137306234759,0.0039940112694568375
60200.0,0.04821376116869823,0.05201364560710914,0.003799884438410908
60220.0,0.048130299351126095,0.05173131448204964,0.003601015130923542
60240.0,0.0480469763402934,0.05144498412260947,0.0033980077823160676
60260.0,0.04796379213631916,0.05115525896422901,0.0031914668279098488
60280.0,0.04788074673932241,0.05086274344234866,0.002981996703026249
60300.0,0.04779784014942221,0.05056804199240877,0.0027702018429865555
60320.0,0.047715072366737575,0.05027175904984973,0.0025566866831121526
60340.0,0.047632443391387544,0.04997449905011193,0.002342055658724383
60360.0,0.047549953223491155,0.049676866428635724,0.002126913205144569
60380.0,0.04746760186316744,0.04937946562086151,0.001911863757694074
60400.0,0.04738538931053543,0.04908290106222967,0.0016975117516942403
60420.0,0.04730331556571418,0.04878777718818057,0.0014844616224663904
60440.0,0.0472213806288227,0.04849469843415461,0.0012733178053319083
60460.0,0.04713958449998004,0.04820426923559215,0.0010646847356121092
60480.0,0.047057927179305244,0.04791709402793357,0.0008591668486283288
60500.0,0.04697640866691733,0.04763377724661927,0.0006573685797019377
60520.0,0.04689502896293534,0.0473549233270896,0.0004598943641542577
60540.0,0.04681378806747832,0.04708113670478496,0.00026734863730664554
60560.0,0.04673268598066529,0.046813021815145725,8.033583448043696e-05
60580.0,0.046651722702615285,0.046551183093612274,-0.0001005396090030114
60600.0,0.04657089823344735,0.04629622497562498,-0.0002746732578223707
60620.0,0.04649021257328052,0.046048751896624225,-0.0004414606766562981
60640.0,0.04640966572223383,0.0458093682920504,-0.0006002974301834302
60660.0,0.04632925768042632,0.04557867859734388,-0.000750579083082438
60680.0,0.046248988447977,0.04535728724794502,-0.0008917012000319788
60700.0,0.046168858025004936,0.04514579867929424,-0.001023059345710696
60720.0,0.046088866411629154,0.044944817326831886,-0.0011440490847972676
60740.0,0.046009013607968684,0.04475494762599836,-0.0012540659819703232
60760.0,0.04592929961414257,0.04457679401223403,-0.0013525056019085407
60780.0,0.04584972443026984,0.044410960920979264,-0.0014387635092905776
60800.0,0.04577028805646953,0.044258052787674466,-0.0015122352687950633
60820.0,0.045690990492860684,0.04411867404776,-0.0015723164451006827
60840.0,0.04561183173956233,0.04399342913667625,-0.0016184026028860793
60860.0,0.0455328117966935,0.04388292248986359,-0.0016498893068299103
60880.0,0.04545393066437324,0.04378775854276241,-0.001666172121610833
60900.0,0.04537518834272057,0.04370854173081308,-0.0016666466119074907
60920.0,0.04529658483185454,0.04364587648945598,-0.0016507083423985547
60940.0,0.04521812013189419,0.043600367254131495,-0.001617752877762696
60960.0,0.04513979424295854,0.04357261846028,-0.001567175782678537
60980.0,0.045061607165166634,0.04356323454334188,-0.0014983726218247562
61000.0,0.04498355323361031,0.043573012184749065,-0.0014105410488612427
61020.0,0.04490562678336943,0.043601821920386315,-0.0013038048629831142
61040.0,0.04482782781454502,0.043648878967373024,-0.0011789488471719983
61060.0,0.04475015632723815,0.043713398542828616,-0.0010367577844095366
61080.0,0.04467261232154988,0.04379459586387251,-0.0008780164576773705
61100.0,0.044595195797581255,0.04389168614762411,-0.0007035096499571486
61120.0,0.04451790675543331,0.044003884611202825,-0.0005140221442304846
61140.0,0.044440745195207125,0.04413040647172807,-0.0003103387234790547
61160.0,0.044363711117003726,0.04427046694631927,-9.32441706844589e-05
61180.0,0.04428680452092419,0.04442328125209583,0.00013647673117164055
61200.0,0.04421002540706955,0.04458806460617716,0.000378039199107609
61220.0,0.044133373775540864,0.044764032225682676,0.0006306584501418119
61240.0,0.04405684962643919,0.044950399327731795,0.0008935497012926077
61260.0,0.043980452959865565,0.04514638112944392,0.001165928169578355
61280.0,0.043904183775921056,0.04535119284793847,0.001447009072017412
61300.0,0.04382804207470671,0.045564049700334855,0.0017360076256281443
61320.0,0.04375202785632357,0.0457841669037525,0.002032139047428924
61340.0,0.043676141120872716,0.04601075967531079,0.0023346185544380754
61360.0,0.04360038186845516,0.04624304323212917,0.002642661363674005
61380.0,0.043524750099171984,0.046480232791327035,0.002955482692155051
61400.0,0.043449245813124225,0.046721543570023796,0.003272297756899571
61420.0,0.04337386901041295,0.04696619078533888,0.0035923217749259315
61440.0,0.04329861969113919,0.04721338965439168,0.00391476996325249
61460.0,0.04322349785540402,0.04746235539430164,0.00423885753889762
61480.0,0.04314850350330846,0.04771230322218814,0.004563799718879678
61500.0,0.043073636634953595,0.0479624483551706,0.004888811720217004
61520.0,0.042998897250440475,0.04821200601036845,0.005213108759927976
61540.0,0.04292428534987013,0.048460191404901085,0.005535906055030952
61560.0,0.042849800933343625,0.04870621975588793,0.005856418822544306
61580.0,0.042775444000962,0.04894930628044839,0.0061738622794863945
61600.0,0.04270121455282633,0.04918866619570189,0.0064874516428755635
61620.0,0.042627112589037654,0.04942351471876782,0.006796402129730164
61640.0,0.04255313810969702,0.04965306706676561,0.0070999289570685895
61660.0,0.04247929111490548,0.049876538456814674,0.007397247341909191
61680.0,0.042405571604764096,0.050093144106034417,0.0076875725012703205
61700.0,0.042331979579373916,0.05030209923154426,0.007970119652170343
61720.0,0.04225851503883598,0.050502619050463604,0.008244104011627625
61740.0,0.04218517798325136,0.050693918779911876,0.008508740796660516
61760.0,0.0421119684127211,0.050875213637008476,0.008763245224287376
61780.0,0.042038886327346245,0.05104571883887283,0.009006832511526584
61800.0,0.041965931727227845,0.05120464960262434,0.009238717875396492
61820.0,0.041893104612466966,0.05135122114538242,0.00945811653291545
61840.0,0.04182040498316465,0.051484648684266485,0.009664243701101832
61860.0,0.04174783283942196,0.05160414743639595,0.009856314596973989
61880.0,0.04167538818133994,0.051708932618890244,0.010033544437550307
61900.0,0.04160307100901963,0.05179821944886874,0.01019514843984911
61920.0,0.04153088132256211,0.05187122314345088,0.01034034182088877
61940.0,0.041458819122068405,0.051927158919756064,0.010468339797687659
61960.0,0.04138688440763958,0.051965241994903724,0.010578357587264144
61980.0,0.041315077179376686,0.051984687586013247,0.01066961040663656
62000.0,0.041243392234602716,0.051994462998141956,0.01075107076353924
62020.0,0.041171824370629814,0.05200405824872709,0.010832233878097279
62040.0,0.04110037358754269,0.05201347262345397,0.010913099035911276
62060.0,0.041029039885426104,0.05202270540800789,0.010993665522581783
62080.0,0.04095782326436478,0.052031755888074196,0.011073932623709419
62100.0,0.04088672372444346,0.05204062334933819,0.011153899624894728
62120.0,0.040815741265746906,0.052049307077485216,0.01123356581173831
62140.0,0.040744875888359816,0.05205780635820057,0.011312930469840755
62160.0,0.040674127592366945,0.052066120477169575,0.01139199288480263
62180.0,0.04060349637785304,0.052074248720077564,0.01147075234222452
62200.0,0.04053298224490282,0.052082190372609846,0.011549208127707024
62220.0,0.04046258519360105,0.05208994472045174,0.011627359526850692
62240.0,0.04039230522403244,0.05209751104928857,0.01170520582525613
62260.0,0.04032214233628175,0.05210488864480565,0.011782746308523898
62280.0,0.040252096530433705,0.052112076792688304,0.011859980262254599
62300.0,0.04018216780657305,0.052119074778621856,0.011936906972048807
62320.0,0.040112356164784514,0.05212588188829161,0.012013525723507099
62340.0,0.040042661605152845,0.052132497407382905,0.01208983580223006
62360.0,0.03997308412776277,0.052138920621581056,0.012165836493818284
62380.0,0.03990362373269904,0.05214515081657137,0.012241527083872328
62400.0,0.03983428042004639,0.05215118727803918,0.012316906857992783
62420.0,0.03976505418988955,0.05215702929166978,0.01239197510178023
62440.0,0.03969594504231327,0.05216267614314853,0.012466731100835265
62460.0,0.03962695297740227,0.052168127118160726,0.012541174140758456
62480.0,0.0395580779952413,0.05217338150239168,0.012615303507150379
62500.0,0.039489320095915104,0.05217843858152674,0.012689118485611633
62520.0,0.03942067927950841,0.05218329764125119,0.012762618361742778
62540.0,0.03935215554610595,0.05218795796725038,0.012835802421144425
62560.0,0.03928374889579248,0.05219241884520961,0.012908669949417126
62580.0,0.03921545932865274,0.0521966795608142,0.012981220232161465
62600.0,0.039147286844771444,0.052200739399749486,0.013053452554978043
62620.0,0.03907923144423334,0.05220459764770078,0.013125366203467444
62640.0,0.03901129312712318,0.05220825359035339,0.013196960463230205
62660.0,0.038943471893525684,0.052211706513392644,0.01326823461986696
62680.0,0.038875767743525594,0.05221495570250387,0.013339187958978274
62700.0,0.03880818067720767,0.052218000443372374,0.013409819766164705
62720.0,0.03874071069465661,0.052220840021683486,0.013480129327026878
62740.0,0.03867335779595718,0.05222347372312251,0.013550115927165332
62760.0,0.03860612198119412,0.05222590083337479,0.013619778852180672
62780.0,0.038539003250452154,0.05222812063812563,0.013689117387673477
62800.0,0.03847200160381602,0.05223013242306034,0.013758130819244326
62820.0,0.03840511704137047,0.05223193547386427,0.013826818432493795
62840.0,0.03833834956320023,0.0522335290762227,0.013895179513022472
62860.0,0.03827169916939004,0.05223491251582098,0.013963213346430935
62880.0,0.03820516586002464,0.05223608507834442,0.014030919218319782
62900.0,0.03813874963518877,0.05223704604947833,0.014098296414289564
62920.0,0.038072450494967165,0.052237794714908053,0.014165344219940888
62940.0,0.03800626843944457,0.052238330360318885,0.014232061920874318
62960.0,0.037940203468705705,0.05223865227139616,0.014298448802690454
62980.0,0.037874255582835324,0.05223875973382519,0.014364504150989867
63000.0,0.037808420003678046,0.05223279651921173,0.014424376515533681
63020.0,0.03774269195307003,0.05221514228617364,0.014472450333103612
63040.0,0.03767707143108329,0.05218615015091681,0.01450907871983352
63060.0,0.03761155843778986,0.052146173229647146,0.014534614791857282
63080.0,0.0375461529732618,0.05209556463857058,0.014549411665308785
63100.0,0.037480855037571086,0.05203467749389301,0.014553822456321926
63120.0,0.037415664630789804,0.05196386491182034,0.014548200281030536
63140.0,0.03735058175298997,0.05188348000855849,0.01453289825556852
63160.0,0.0372856064042436,0.051793875900313355,0.014508269496069752
63180.0,0.03722073858462274,0.05169540570329086,0.01447466711866812
63200.0,0.03715597829419942,0.0515884225336969,0.01443244423949748
63220.0,0.037091325533045665,0.0514732795077374,0.014381953974691733
63240.0,0.03702678030123351,0.051350329741618246,0.014323549440384734
63260.0,0.03696234259883499,0.05121992635154537,0.014257583752710377
63280.0,0.03689801242592213,0.05108242245372467,0.01418441002780254
63300.0,0.036833789782566975,0.05093817116436205,0.014104381381795074
63320.0,0.03676967466884155,0.05078752559966344,0.01401785093082189
63340.0,0.03670566708481786,0.05063083887583472,0.013925171791016863
63360.0,0.03664176703056798,0.050468464109081825,0.013826697078513847
63380.0,0.036577974506163916,0.05030075441561065,0.013722779909446738
63400.0,0.036514289511677706,0.050128062911627115,0.01361377339994941
63420.0,0.03645071204718139,0.04995074271333711,0.013500030666155724
63440.0,0.03638724211274697,0.04976914693694657,0.013381904824199597
63460.0,0.03632387970844652,0.04958362869866138,0.013259748990214863
63480.0,0.03626062483435204,0.04939454111468747,0.013133916280335431
63500.0,0.03619747749053557,0.04920223730123073,0.013004759810695161
63520.0,0.03613443767706915,0.04900707037449707,0.012872632697427923
63540.0,0.036071505394024796,0.04880939345069243,0.012737888056667632
63560.0,0.03600868064147455,0.048609559646022676,0.012600879004548128
63580.0,0.03594596341949045,0.04840792207669375,0.012461958657203301
63600.0,0.03588335372814451,0.04820483385891154,0.012321480130767032
63620.0,0.03582085156750878,0.048000648108881966,0.012179796541373189
63640.0,0.035758456937655274,0.04779571794281094,0.012037261005155668
63660.0,0.03569616983865603,0.04759039647690436,0.01189422663824833
63680.0,0.03563399027058309,0.047385036827368145,0.011751046556785057
63700.0,0.03557191823350847,0.0471799921104082,0.01160807387689973
63720.0,0.03550995372750422,0.04697561544223044,0.011465661714726218
63740.0,0.03544809675264236,0.04677225993904076,0.011324163186398402
63760.0,0.03538634730899491,0.046570278717045076,0.011183931408050164
63780.0,0.03532470539663392,0.046370024892449305,0.011045319495815387
63800.0,0.035263171015631416,0.04617185158145935,0.010908680565827937
63820.0,0.03520174416605943,0.04597611190028112,0.01077436773422169
63840.0,0.035140424847989994,0.04578315896512053,0.010642734117130535
63860.0,0.03507921306149514,0.04559334589218347,0.010514132830688333
63880.0,0.035018108806646894,0.04540702579767588,0.010388916991028986
63900.0,0.03495711208351729,0.045224551797803644,0.010267439714286355
63920.0,0.03489622289217836,0.04504627700877268,0.010150054116594323
63940.0,0.034835441232702144,0.044872554546788894,0.01003711331408675
63960.0,0.034774767105160656,0.0447037375280582,0.009928970422897546
63980.0,0.034714200509625946,0.0445401790687865,0.009825978559160557
64000.0,0.03465373705782783,0.044377883330182374,0.009724146272354545
64020.0,0.03459337236148843,0.0442127280217015,0.009619355660213075
64040.0,0.034533106420668175,0.044044876581922215,0.00951177016125404
64060.0,0.034472939235427554,0.043874492449422854,0.0094015532139953
64080.0,0.03441287080582701,0.04370173906278178,0.009288868256954776
64100.0,0.034352901131926995,0.04352677986057731,0.009173878728650317
64120.0,0.03429303021378798,0.04334977828138783,0.009056748067599846
64140.0,0.03423325805147041,0.04317089776379164,0.008937639712321234
64160.0,0.03417358464503474,0.042990301746367116,0.008816717101332375
64180.0,0.034114009994541436,0.04280815366769259,0.008694143673151154
64200.0,0.03405453410005095,0.04262461696634641,0.008570082866295459
64220.0,0.03399515696162375,0.04243985508090691,0.00844469811928316
64240.0,0.03393587857932028,0.04225403144995245,0.008318152870632166
64260.0,0.033876698953200994,0.04206730951206136,0.008190610558860369
64280.0,0.03381761808332636,0.041879852705811994,0.008062234622485634
64300.0,0.033758635969756826,0.041691824469782694,0.007933188500025869
64320.0,0.033699752612552855,0.04150338824255181,0.007803635629998952
64340.0,0.03364096801177491,0.04131470746269768,0.00767373945092277
64360.0,0.033582282167483435,0.04112594556879864,0.007543663401315202
64380.0,0.03352369507973888,0.040937265999433044,0.007413570919694162
64400.0,0.033465206748601733,0.04074883219317924,0.007283625444577509
64420.0,0.03340681717413243,0.04056080758861557,0.007153990414483141
64440.0,0.03334852635639142,0.04037335562432038,0.00702482926792896
64460.0,0.03329033429543917,0.040186639738871995,0.006896305443432824
64480.0,0.03323224099133614,0.0400008233708488,0.0067685823795126596
64500.0,0.03317424644414279,0.039816069958829095,0.0066418235146863056
64520.0,0.03311635065391956,0.039632542941391256,0.006516192287471696
64540.0,0.033058553620726926,0.039450405757113616,0.00639185213638669
64560.0,0.03300085534462533,0.03926982184457451,0.00626896649994918
64580.0,0.03294325582567524,0.0390909546423523,0.006147698816677059
64600.0,0.0328857550639371,0.03891396758902531,0.006028212525088207
64620.0,0.032828353059471384,0.03873902412317191,0.005910671063700523
64640.0,0.03277104981233854,0.03856628768337042,0.00579523787103188
64660.0,0.03271384532259903,0.0383959217081992,0.005682076385600171
64680.0,0.032656739590313295,0.03822808963623659,0.005571350045923296
64700.0,0.032599732615541804,0.03806295490606094,0.005463222290519133
64720.0,0.03254282439834502,0.037900680956250585,0.005357856557905563
64740.0,0.03248601493878339,0.03774143122538386,0.005255416286600471
64760.0,0.032429304236917374,0.037585369152039146,0.005156064915121772
64780.0,0.03237269229280743,0.03743265817479475,0.005059965881987316
64800.0,0.032316179106514006,0.03728346173222903,0.004967282625715025
64820.0,0.032259764678097574,0.03713794326292033,0.004878178584822757
64840.0,0.03220344900761859,0.036996266205447,0.004792817197828411
64860.0,0.0321472320951375,0.036858593998387375,0.004711361903249875
64880.0,0.03209111394071476,0.03672509008031981,0.004633976139605048
64900.0,0.03203509454441084,0.03659591788982264,0.004560823345411795
64920.0,0.03197917390628618,0.03647124086547421,0.0044920669591880305
64940.0,0.03192335202640125,0.03635122244585287,0.00442787041945162
64960.0,0.031867628904816515,0.036236026069536964,0.004368397164720449
64980.0,0.03181200454159241,0.03612581517510483,0.004313810633512424
65000.0,0.031756474906540766,0.036017998509117376,0.00426152360257661
65020.0,0.03170103596946693,0.03590993490023488,0.0042088989307679445
65040.0,0.03164568773042168,0.0358017129101859,0.004156025179764218
65060.0,0.031590430189455766,0.035693421100698994,0.0041029909112432275
65080.0,0.03153526334661994,0.035585148033502705,0.004049884686882763
65100.0,0.03148018720196499,0.0354769822703256,0.003996795068360606
65120.0,0.03142520175554166,0.035369012372896226,0.003943810617354569
65140.0,0.0313703070074007,0.035261326902943146,0.0038910198955424483
65160.0,0.031315502957592896,0.0351540144221949,0.0038385114646020055
65180.0,0.031260789606168994,0.035047163492380067,0.0037863738862110724
65200.0,0.031206166953179765,0.034940862675227176,0.003734695722047411
65220.0,0.031151634998675962,0.0348352005324648,0.003683565533788836
65240.0,0.031097193742708345,0.03473026562582148,0.0036330718831131363
65260.0,0.03104284318532768,0.03462614651702578,0.003583303331698099
65280.0,0.03098858332658473,0.034522931767806256,0.0035343484412215243
65300.0,0.030934414166530255,0.03442070993989145,0.003486295773361195
65320.0,0.030880335705215013,0.03431956959500994,0.003439233889794925
65340.0,0.030826347942689777,0.03421959929489026,0.003393251352200484
65360.0,0.03077245087900529,0.03412088760126097,0.0033484367222556786
65380.0,0.03071864451421233,0.03402352307585062,0.0033048785616382886
65400.0,0.030664928848361642,0.033927594280387774,0.0032626654320261315
65420.0,0.030611303881504005,0.03383318977660098,0.003221885895096973
65440.0,0.030557769613690174,0.0337403981262188,0.0031826285125286236
65460.0,0.0305043260449709,0.03364930789096979,0.003144981845998887
65480.0,0.03045097317539696,0.03356000763258249,0.003109034457185529
65500.0,0.030397711005019104,0.033472585912785464,0.0030748749077663604
65520.0,0.030344539533888097,0.033387131293307275,0.0030425917594191776
65540.0,0.030291458762054708,0.03330373233587646,0.0030122735738217533
65560.0,0.030238468689569687,0.033222477602221585,0.0029840089126518983
65580.0,0.030185569316483803,0.033143455654071216,0.0029578863375874127
65600.0,0.03013276064284781,0.03306675505315388,0.002933994410306069
65620.0,0.030080042668712472,0.032992464361198154,0.0029124216924856818
65640.0,0.03002741539412856,0.032920672139932584,0.002893256745804023
65660.0,0.029974878819146823,0.03285146695108573,0.0028765881319389036
65680.0,0.029922432943818026,0.032784937356386136,0.00286250441256811
65700.0,0.029870077768192935,0.03272117191756237,0.002851094149369432
65720.0,0.029817813292322304,0.032660259196342974,0.00284244590402067
65740.0,0.029765639516256905,0.03260228775445651,0.0028366482381996065
65760.0,0.029713556440047487,0.03254734615363153,0.0028337897135840423
65780.0,0.029661564063744816,0.032495522955596594,0.0028339588918517775
65800.0,0.02960966238739966,0.03244690672208025,0.002837244334680588
65820.0,0.029557851411062767,0.03240158601481106,0.0028437346037482915
65840.0,0.029506131134784914,0.03235964939551757,0.0028535182607326535
65860.0,0.02945450155861685,0.03232118542592834,0.002866683867311485
65880.0,0.029402962682609342,0.03228628266777193,0.0028833199851625857
65900.0,0.029351514506813153,0.03225502968277688,0.0029035151759637286
65920.0,0.029300157031279035,0.03222751503267176,0.002927358001392724
65940.0,0.029248890256057765,0.03220382727918512,0.002954937023127352
65960.0,0.029197714181200093,0.03218405498404551,0.0029863408028454157
65980.0,0.02914662880675678,0.03216828670898148,0.0030216579022247017
66000.0,0.029095630431398317,0.03215475460687202,0.0030591241754737014
66020.0,0.029044715353790312,0.03214162523207389,0.003096909878283576
66040.0,0.02899388357397624,0.032128888748533084,0.0031350051745568444
66060.0,0.028943135091999556,0.03211653532019558,0.0031734002281960244
66080.0,0.02889246990790373,0.0321045551110074,0.0032120852031036692
66100.0,0.028841888021732216,0.0320929382849145,0.003251050263182287
66120.0,0.028791389433528488,0.032081675005862904,0.0032902855723344164
66140.0,0.028740974143336002,0.03207075543779859,0.0033297812944625867
66160.0,0.028690642151198223,0.03206016974466756,0.0033695275934693403
66180.0,0.028640393457158617,0.03204990809041579,0.0034095146332571713
66200.0,0.028590228061260648,0.0320399606389893,0.00344973257772865
66220.0,0.028540145963547772,0.03203031755433406,0.003490171590786288
66240.0,0.02849014716406346,0.03202096900039607,0.0035308218363326073
66260.0,0.028440231662851177,0.03201190514112133,0.0035716734782701536
66280.0,0.028390399459954377,0.032003116140455826,0.003612716680501449
66300.0,0.028340650555416527,0.03199459216234555,0.0036539416069290218
66320.0,0.028290984949281096,0.0319863233707365,0.0036953384214554047
66340.0,0.028241402641591546,0.03197829992957466,0.003736897287983116
66360.0,0.02819190363239133,0.03197051200280605,0.0037786083704147155
66380.0,0.028142487921723927,0.03196294975437663,0.003820461832652701
66400.0,0.028093155509632792,0.03195560334823241,0.003862447838599615
66420.0,0.028043906396161385,0.03194846294831938,0.003904556552157993
66440.0,0.027994740581353175,0.03194151871858353,0.0039467781372303536
66460.0,0.027945658065251622,0.03193476082297086,0.003989102757719236
66480.0,0.027896658847900196,0.031928179425427354,0.004031520577527158
66500.0,0.027847742929342348,0.03192176468989902,0.00407402176055667
66520.0,0.027798910309621557,0.03191550678033183,0.004116596470710273
66540.0,0.02775016098878128,0.0319093958606718,0.004159234871890519
66560.0,0.02770149496686497,0.031903422094864894,0.004201927127999924
66580.0,0.027652912243916108,0.031897575646857135,0.004244663402941027
66600.0,0.027604412819978143,0.03189184668059451,0.00428743386061637
66620.0,0.02755599669509455,0.031886225360023,0.004330228664928451
66640.0,0.02750766386930878,0.0318807018490886,0.004373037979779823
66660.0,0.027459414342664305,0.031875266311737316,0.004415851969073011
66680.0,0.027411248115204588,0.03186990891191512,0.004458660796710534
66700.0,0.027363165186973085,0.031864619813568036,0.0045014546265949515
66720.0,0.027315165558013273,0.03185938918064204,0.0045442236226287645
66740.0,0.027267249228368606,0.03185420717708311,0.004586957948714502
66760.0,0.027219416198082547,0.03184906396683725,0.004629647768754706
66780.0,0.027171666467198558,0.03184394971385047,0.00467228324665191
66800.0,0.02712400003576011,0.03183885458206874,0.004714854546308631
66820.0,0.02707641690381066,0.03183376873543807,0.004757351831627409
66840.0,0.027028917071393675,0.03182868233790444,0.004799765266510762
66860.0,0.026981500538552618,0.03182358555341385,0.004842085014861233
66880.0,0.02693416730533095,0.0318184685459123,0.004884301240581347
66900.0,0.026886917371772134,0.03181332147934576,0.004926404107573629
66920.0,0.026839750737919638,0.03180813451766026,0.004968383779740619
66940.0,0.026792667403816924,0.03180289782480175,0.005010230420984828
66960.0,0.02674566736950745,0.031797601564716255,0.005051934195208805
66980.0,0.026698750635034685,0.03179223590134976,0.005093485266315076
67000.0,0.02665191380110112,0.03178694861164918,0.005135034810548059
67020.0,0.02660515346840413,0.03178188646973359,0.005176733001329457
67040.0,0.0265584696369795,0.03177703813530714,0.005218568498327639
67060.0,0.02651186230686303,0.03177239226807401,0.005260529961210982
67080.0,0.02646533147809049,0.03176793752773834,0.005302606049647853
67100.0,0.026418877150697673,0.031763662574004294,0.00534478542330662
67120.0,0.02637249932472037,0.031759556066576024,0.0053870567418556545
67140.0,0.02632619800019436,0.031755606665157705,0.005429408664963345
67160.0,0.026279973177155438,0.03175180302945348,0.005471829852298046
67180.0,0.026233824855639392,0.031748133819167516,0.005514308963528124
67200.0,0.026187753035682,0.031744587694003984,0.005556834658321984
67220.0,0.026141757717319056,0.031741153313667,0.005599395596347947
67240.0,0.02609583890058634,0.031737819337860775,0.005641980437274433
67260.0,0.026049996585519652,0.031734574426289436,0.005684577840769783
67280.0,0.026004230772154767,0.031731407238657146,0.005727176466502379
67300.0,0.025958541460527475,0.03172830643466808,0.005769764974140602
67320.0,0.025912928650673565,0.03172526067402637,0.005812332023352802
67340.0,0.025867392342628828,0.0317222586164362,0.005854866273807369
67360.0,0.02582193253642904,0.0317192889216017,0.005897356385172664
67380.0,0.025776549232109997,0.03171634024922706,0.005939791017117061
67400.0,0.02573124242970748,0.03171340125901642,0.005982158829308942
67420.0,0.025686012129257283,0.031710460610673945,0.006024448481416662
67440.0,0.025640858330795185,0.031707506963903793,0.006066648633108608
67460.0,0.02559578103435698,0.03170452897841012,0.006108747944053139
67480.0,0.025550780239978452,0.03170151531389709,0.006150735073918636
67500.0,0.025505855947695392,0.03169845463006886,0.006192598682373467
67520.0,0.025461008157543576,0.03169533558662957,0.006234327429085994
67540.0,0.025416236869558802,0.03169214684328341,0.006275909973724611
67560.0,0.02537154208377685,0.03168887705973453,0.006317334975957677
67580.0,0.025326923800233516,0.03168551489568707,0.006358591095453555
67600.0,0.02528238201896458,0.031682049010845204,0.0063996669918806245
67620.0,0.02523791674000583,0.03167846806491309,0.00644055132490726
67640.0,0.025193527963393053,0.03167476071759489,0.006481232754201836
67660.0,0.025149215689162036,0.031670915628594754,0.006521699939432718
67680.0,0.025104979917348565,0.031666921457616834,0.006561941540268269
67700.0,0.02506082064798843,0.03166276686436532,0.006601946216376886
67720.0,0.02501673788111742,0.031658440508544335,0.006641702627426915
67740.0,0.024972731616771316,0.03165393104985805,0.006681199433086735
67760.0,0.024928801854985902,0.031649227148010634,0.006720425293024732
67780.0,0.024884948595796978,0.03164431746270623,0.006759368866909254
67800.0,0.02484117183924032,0.03163919065364902,0.006798018814408703
67820.0,0.02479747158535172,0.03163383538054314,0.006836363795191418
67840.0,0.02475384783416696,0.03162824030309275,0.006874392468925787
67860.0,0.024710300585721833,0.031622394081002016,0.0069120934952801825
67880.0,0.024666829840052123,0.0316162853739751,0.006949455533922979
67900.0,0.02462343559719362,0.03160990284171616,0.006986467244522537
67920.0,0.024580117857182105,0.03160323514392934,0.007023117286747236
67940.0,0.024536876620053372,0.03159627094031881,0.007059394320265439
67960.0,0.024493711885843206,0.031588998890588735,0.007095287004745529
67980.0,0.02445062365458739,0.03158140765444327,0.00713078399985588
68000.0,0.024407608804376178,0.03157224059796671,0.007164631793590535
68020.0,0.02436466421329658,0.03156029793247844,0.007195633719181863
68040.0,0.024321789881379535,0.031545653585535675,0.00722386370415614
68060.0,0.024278985808655975,0.031528381484695646,0.007249395676039671
68080.0,0.024236251995156846,0.03150855555751559,0.007272303562358744
68100.0,0.02419358844091307,0.03148624973155274,0.007292661290639674
68120.0,0.024150995145955593,0.031461537934364334,0.007310542788408741
68140.0,0.024108472110315346,0.0314344940935076,0.007326021983192252
68160.0,0.02406601933402327,0.03140519213653977,0.007339172802516503
68180.0,0.02402363681711029,0.031373705991018075,0.007350069173907785
68200.0,0.02398132455960736,0.03134010958449976,0.0073587850248924
68220.0,0.023939082561545394,0.03130447684454204,0.007365394282996644
68240.0,0.023896910822955347,0.03126688169870216,0.007369970875746815
68260.0,0.02385480934386814,0.03122739807453737,0.007372588730669229
68280.0,0.02381277812431472,0.031186099899604868,0.007373321775290147
68300.0,0.023770817164326014,0.031143061101461915,0.007372243937135901
68320.0,0.02372892646393297,0.031098355607665728,0.007369429143732759
68340.0,0.023687106023166506,0.031052057345773543,0.007364951322607036
68360.0,0.02364535584205758,0.031004240243342605,0.007358884401285026
68380.0,0.023603675920637102,0.03095497822793013,0.007351302307293028
68400.0,0.023562066258936032,0.03090434522709336,0.007342278968157329
68420.0,0.02352052685698529,0.030852415168389536,0.007331888311404244
68440.0,0.02347905771481582,0.030799261979375877,0.007320204264560058
68460.0,0.02343765883245855,0.03074495958760963,0.00730730075515108
68480.0,0.023396330209944426,0.030689581920648006,0.00729325171070358
68500.0,0.02335507184730438,0.030633202906048262,0.0072781310587438815
68520.0,0.023313883744569344,0.030575896471367624,0.0072620127267982795
68540.0,0.023272765901770257,0.03051773654416332,0.007244970642393062
68560.0,0.02323171831893805,0.030458797051992587,0.007227078733054535
68580.0,0.02319074099610367,0.030399151922412656,0.007208410926308986
68600.0,0.02314983393329804,0.03033887508298076,0.007189041149682718
68620.0,0.023108997130552106,0.03027804046125414,0.007169043330702035
68640.0,0.023068230587896796,0.03021672198479002,0.007148491396893223
68660.0,0.023027534305363057,0.030154993581145643,0.007127459275782587
68680.0,0.022986908282981805,0.030092929177878227,0.007106020894896422
68700.0,0.022946352520784,0.030030602702545012,0.007084250181761013
68720.0,0.022905867018800558,0.029968088082703244,0.007062221063902686
68740.0,0.022865451777062427,0.029905459245910135,0.007040007468847708
68760.0,0.022825106795600535,0.029842790119722937,0.007017683324122403
68780.0,0.022784832074445826,0.029780154631698866,0.006995322557253041
68800.0,0.022744627613629227,0.029717626709395168,0.006972999095765941
68820.0,0.022704493413181683,0.029655280280369074,0.006950786867187392
68840.0,0.022664429473134122,0.029593189272177817,0.006928759799043695
68860.0,0.022624435793517483,0.029531427612378626,0.006906991818861143
68880.0,0.022584512374362698,0.029470069228528736,0.0068855568541660375
68900.0,0.022544659215700716,0.029409188048185386,0.00686452883248467
68920.0,0.02250487631756246,0.029348857998905797,0.006843981681343338
68940.0,0.022465163679978865,0.029289153008247214,0.006823989328268349
68960.0,0.022425521302980877,0.029230147003766863,0.0068046257007859864
68980.0,0.02238594918659942,0.029171913913021985,0.006785964726422566
69000.0,0.02234644446367476,0.029113358110837036,0.006766913647162278
69020.0,0.022307004267043705,0.029053371007039315,0.00674636673999561
69040.0,0.022267628596732047,0.02899200708169077,0.006724378484958722
69060.0,0.022228317452765566,0.02892932081485336,0.006701003362087794
69080.0,0.022189070835170042,0.028865366686589043,0.006676295851419
69100.0,0.022149888743971256,0.028800199176959772,0.006650310432988516
69120.0,0.022110771179194997,0.0287338727660275,0.006623101586832502
69140.0,0.022071718140867034,0.02866644193385419,0.006594723792987155
69160.0,0.022032729629013155,0.028597961160501797,0.0065652315314886425
69180.0,0.02199380564365915,0.028528484926032268,0.0065346792823731195
69200.0,0.02195494618483079,0.02845806771050757,0.0065031215256767805
69220.0,0.021916151252553855,0.02838676399398965,0.006470612741435795
69240.0,0.02187742084685414,0.028314628256540464,0.006437207409686323
69260.0,0.021838754967757414,0.02824171497822198,0.006402960010464566
69280.0,0.021800153615289468,0.02816807863909614,0.006367925023806672
69300.0,0.02176161678947608,0.0280937737192249,0.006332156929748822
69320.0,0.021723144490343026,0.028018854698670225,0.006295710208327199
69340.0,0.0216847367179161,0.027943376057494067,0.006258639339577966
69360.0,0.021646393472221078,0.02786739227575838,0.006220998803537301
69380.0,0.021608114753283742,0.02779095783352512,0.006182843080241376
69400.0,0.02156990056112987,0.02771412721085624,0.006144226649726369
69420.0,0.021531750895785247,0.027636954887813703,0.006105203992028456
69440.0,0.021493665757275657,0.02755949534445946,0.006065829587183803
69460.0,0.021455645145626884,0.02748180306085547,0.006026157915228585
69480.0,0.021417689060864702,0.02740393251706368,0.005986243456198977
69500.0,0.021379797503014896,0.02732593819314606,0.005946140690131163
69520.0,0.02134197047210325,0.02724787456916455,0.0059059040970613
69540.0,0.021304207968155544,0.02716979612518112,0.0058655881570255745
69560.0,0.021266509991197564,0.027091757341257718,0.005825247350060153
69580.0,0.021228876541255087,0.0270138126974563,0.005784936156201213
69600.0,0.021191307618353895,0.02693601667383882,0.005744709055484926
69620.0,0.021153803222519772,0.026858423750467243,0.005704620527947471
69640.0,0.0211163633537785,0.026781088407403515,0.0056647250536250165
69660.0,0.02107898801215586,0.026704065124709596,0.005625077112553736
69680.0,0.021041677197677633,0.026627408382447443,0.005585731184769811
69700.0,0.0210044309103696,0.026551172660679006,0.005546741750309406
69720.0,0.02096724915025755,0.026475412439466245,0.005508163289208695
69740.0,0.020930131917367256,0.02640018219887112,0.0054700502815038625
69760.0,0.020893079211724504,0.026325536418955575,0.005432457207231071
69780.0,0.020856091033355072,0.02625152957978158,0.005395438546426507
69800.0,0.020819167382284752,0.02617821616141108,0.005359048779126328
69820.0,0.020782308258539314,0.026105650643906034,0.0053233423853667194
69840.0,0.020745513662144548,0.0260338875073284,0.0052883738451838525
69860.0,0.020708783593126234,0.02596298123174013,0.0052541976386138965
69880.0,0.020672118051510143,0.025892986297203185,0.005220868245693042
69900.0,0.020635517037322075,0.025823957183779514,0.005188440146457439
69920.0,0.020598980550587807,0.025755948371531074,0.005156967820943267
69940.0,0.02056250859133311,0.025689014340519827,0.005126505749186716
69960.0,0.020526101159583775,0.02562320957080772,0.005097108411223947
69980.0,0.020489758255365587,0.025558588542456722,0.0050688302870911355
70000.0,0.020453477245489984,0.02549445480152238,0.005040977556032396
70020.0,0.020417255496765613,0.025430096308522863,0.005012840811757249
70040.0,0.020381093009214056,0.02536554416521437,0.004984451156000314
70060.0,0.020344989782856898,0.025300829473353083,0.004955839690496185
70080.0,0.020308945817715727,0.025235983334695206,0.004927037516979479
70100.0,0.020272961113812115,0.02517103685099692,0.0048980757371848045
70120.0,0.020237035671167653,0.025106021124014416,0.004868985452846763
70140.0,0.020201169489803918,0.02504096725550389,0.004839797765699972
70160.0,0.02016536256974249,0.024975906347221525,0.0048105437774790365
70180.0,0.020129614911004963,0.024910869500923524,0.004781254589918561
70200.0,0.020093926513612914,0.024845887818366063,0.004751961304753149
70220.0,0.020058297377587922,0.02478099240130535,0.004722695023717426
70240.0,0.020022727502951573,0.024716214351497554,0.00469348684854598
70260.0,0.01998721688972545,0.024651584770698884,0.004664367880973432
70280.0,0.019951765537931133,0.024587134760665524,0.00463536922273439
70300.0,0.019916373447590213,0.024522895423153668,0.004606521975563455
70320.0,0.019881040618724262,0.0244588978599195,0.0045778572411952385
70340.0,0.019845767051354872,0.024395173172719217,0.0045494061213643446
70360.0,0.019810552745503616,0.024331752463309004,0.004521199717805388
70380.0,0.01977539770119208,0.024268666833445057,0.004493269132252977
70400.0,0.019740301918441856,0.02420594738488357,0.004465645466441716
70420.0,0.019705265397274515,0.024143625219380724,0.004438359822106209
70440.0,0.019670288137711645,0.024081731438692723,0.004411443300981078
70460.0,0.019635370139774826,0.024020297144575743,0.004384927004800917
70480.0,0.019600511403485645,0.023959353438785982,0.004358842035300337
70500.0,0.01956571192886568,0.023898931423079632,0.004333219494213954
70520.0,0.019530971715936516,0.023839062199212883,0.004308090483276367
70540.0,0.019496290764719735,0.023779776868941924,0.0042834861042221895
70560.0,0.019461669075236922,0.023721106534022946,0.004259437458786024
70580.0,0.019427106647509657,0.023663082296212144,0.004235975648702487
70600.0,0.019392603481559523,0.0236057352572657,0.004213131775706178
70620.0,0.0193581595774081,0.023549096518939813,0.004190936941531713
70640.0,0.01932377493507698,0.02349319718299067,0.004169422247913692
70660.0,0.019289449554587737,0.023438068351174467,0.00414861879658673
70680.0,0.019255183435961956,0.02338374112524739,0.004128557689285432
70700.0,0.01922097657922122,0.02333024660696563,0.004109270027744409
70720.0,0.01918682898438711,0.023277615898085375,0.004090786913698265
70740.0,0.019152740651481214,0.02322588010036282,0.004073139448881605
70760.0,0.01911871158052511,0.023175070315554158,0.0040563587350290475
70780.0,0.019084741771540382,0.023125217645415575,0.004040475873875193
70800.0,0.019050831224548613,0.023076353191703262,0.004025521967154649
70820.0,0.019016979939571386,0.023028508056173413,0.004011528116602027
70840.0,0.018983187916630277,0.022981713340582216,0.003998525423951939
70860.0,0.018949455155746878,0.022936000146685863,0.003986544990938985
70880.0,0.018915781656942774,0.022891399576240548,0.003975617919297774
70900.0,0.01888216742023954,0.022847942731002456,0.003965775310762917
70920.0,0.018848612445658757,0.02280566071272778,0.003957048267069024
70940.0,0.018815116733222014,0.022764584623172712,0.003949467889950698
70960.0,0.01878168028295089,0.022724745564093443,0.003943065281142553
70980.0,0.01874830309486697,0.02268617463724616,0.003937871542379189
71000.0,0.01871498275065449,0.022648519853563268,0.003933537102908776
71020.0,0.018681716831995845,0.02261140201394883,0.003929685181952986
71040.0,0.01864850533890979,0.022574811405116732,0.003926306066206944
71060.0,0.01861534827141512,0.022538738313780827,0.003923390042365707
71080.0,0.01858224562953061,0.022503173026654985,0.003920927397124376
71100.0,0.018549197413275046,0.022468105830453073,0.003918908417178027
71120.0,0.018516203622667204,0.022433527011888957,0.003917323389221752
71140.0,0.018483264257725875,0.022399426857676506,0.003916162599950632
71160.0,0.018450379318469826,0.02236579565452958,0.003915416336059754
71180.0,0.01841754880491784,0.022332623689162053,0.003915074884244214
71200.0,0.01838477271708871,0.022299901248287787,0.003915128531199078
71220.0,0.0183520510550012,0.022267618618620644,0.0039155675636194445
71240.0,0.0183193838186741,0.0222357660868745,0.003916382268200402
71260.0,0.01828677100812619,0.022204333939763222,0.003917562931637031
71280.0,0.018254212623376252,0.02217331246400067,0.003919099840624416
71300.0,0.018221708664443063,0.02214269194630071,0.003920983281857648
71320.0,0.01818925913134541,0.022112462673377214,0.003923203542031805
71340.0,0.01815686402410206,0.022082614931944043,0.003925750907841984
71360.0,0.018124523342731808,0.02205313900871507,0.0039286156659832615
71380.0,0.018092237087253434,0.022024025190404153,0.003931788103150719
71400.0,0.01806000525768571,0.021995263763725167,0.003935258506039457
71420.0,0.01802782785404742,0.021966845015391968,0.003939017161344548
71440.0,0.017995704876357346,0.021938759232118434,0.003943054355761089
71460.0,0.017963636324634272,0.02191099670061843,0.0039473603759841575
71480.0,0.01793162219889697,0.021883547707605814,0.003951925508708844
71500.0,0.01789966249916423,0.021856402539794463,0.003956740040630232
71520.0,0.017867757225454826,0.021829551483898233,0.003961794258443407
71540.0,0.017835906377787543,0.021802984826631,0.003967078448843458
71560.0,0.017804109956181164,0.021776692854706625,0.003972582898525461
71580.0,0.01777236796065446,0.021750665854838973,0.003978297894184513
71600.0,0.01774068039122622,0.02172489411374192,0.0039842137225157
71620.0,0.01770904724791522,0.021699367918129316,0.003990320670214095
71640.0,0.01767746853074025,0.02167407755471504,0.0039966090239747926
71660.0,0.017645944239720077,0.02164901331021296,0.004003069070492884
71680.0,0.017614474374873495,0.02162416547133694,0.004009691096463444
71700.0,0.01758305893621927,0.021599524324800837,0.0040164653885815665
71720.0,0.017551697923776192,0.021575080157318533,0.004023382233542341
71740.0,0.017520391337563047,0.021550823255603882,0.004030431918040835
71760.0,0.017489139177598603,0.021526743906370754,0.0040376047287721505
71780.0,0.01745794144390165,0.02150283239633302,0.004044890952431372
71800.0,0.017426798136490968,0.02147907901220454,0.004052280875713573
71820.0,0.017395709255385333,0.02145547404069919,0.004059764785313856
71840.0,0.017364674800603525,0.021432007768530822,0.004067332967927297
71860.0,0.017333694772164333,0.02140867048241332,0.004074975710248986
71880.0,0.01730276917008653,0.021385452469060536,0.004082683298974005
71900.0,0.017271897994388902,0.02136234401518634,0.004090446020797438
71920.0,0.017241081245090224,0.021339335407504604,0.00409825416241438
71940.0,0.017210318922209283,0.021316416932729194,0.00410609801051991
71960.0,0.017179611025764853,0.021293578877573965,0.0041139678518091125
71980.0,0.017148957555775723,0.0212708115287528,0.004121853972977076
72000.0,0.017118356291271345,0.021248275443514774,0.004129919152243429
72020.0,0.017087805011278656,0.021226127502451907,0.004138322491173251
72040.0,0.017057303715812665,0.021204352477292413,0.004147048761479748
72060.0,0.017026852404888385,0.021182935139764488,0.004156082734876103
72080.0,0.016996451078520807,0.021161860261596336,0.004165409183075529
72100.0,0.016966099736724954,0.021141112614516157,0.004175012877791203
72120.0,0.016935798379515827,0.02112067697025215,0.004184878590736324
72140.0,0.01690554700690842,0.02110053810053252,0.004194991093624097
72160.0,0.016875345618917754,0.021080680777085466,0.004205335158167713
72180.0,0.01684519421555883,0.021061089771639195,0.0042158955560803665
72200.0,0.01681509279684665,0.021041749855921905,0.004226657059075253
72220.0,0.016785041362796224,0.021022645801661802,0.004237604438865578
72240.0,0.01675503991342256,0.021003762380587085,0.004248722467164526
72260.0,0.016725088448740662,0.020985084364425952,0.0042599959156852905
72280.0,0.01669518696876553,0.020966596524906612,0.004271409556141081
72300.0,0.016665335473512184,0.020948283633757264,0.004282948160245079
72320.0,0.016635533962995618,0.020930130462706104,0.004294596499710486
72340.0,0.01660578243723084,0.020912121783481348,0.004306339346250507
72360.0,0.016576080896232862,0.020894242367811185,0.0043181614715783224
72380.0,0.016546429340016686,0.020876476987423818,0.0043300476474071314
72400.0,0.01651682776859732,0.02085881041404745,0.004341982645450132
72420.0,0.016487276181989762,0.02084122741941029,0.004353951237420529
72440.0,0.01645777458020903,0.020823712775240536,0.004365938195031505
72460.0,0.016428322963270126,0.02080625125326639,0.004377928289996263
72480.0,0.016398921331188046,0.020788827625216045,0.004389906294027999
72500.0,0.016369569683977812,0.020771426662817713,0.004401856978839901
72520.0,0.016340268021654423,0.020754033137799593,0.00441376511614517
72540.0,0.01631101634423288,0.020736631821889888,0.0044256154776570085
72560.0,0.016281814651728198,0.0207192074868168,0.004437392835088601
72580.0,0.016252662944155376,0.020701744904308525,0.0044490819601531485
72600.0,0.016223561221529424,0.020684228846093274,0.00446066762456385
72620.0,0.01619450948386535,0.020666644083899243,0.004472134600033893
72640.0,0.016165507731178155,0.02064897538945464,0.004483467658276483
72660.0,0.016136555963482846,0.020631207534487654,0.004494651571004808
72680.0,0.016107654180794434,0.020613325290726497,0.004505671109932063
72700.0,0.01607880238312792,0.02059531342989937,0.004516511046771449
72720.0,0.01605000057049831,0.020577156723734478,0.004527156153236168
72740.0,0.016021248742920612,0.020558839943960013,0.004537591201039401
72760.0,0.015992546900409833,0.020540347862304183,0.00454780096189435
72780.0,0.01596389504298098,0.02052166525049519,0.00455777020751421
72800.0,0.01593529317064905,0.020502776880261232,0.004567483709612182
72820.0,0.015906741283429063,0.02048366752333052,0.004576926239901455
72840.0,0.015878239381336017,0.02046432195143125,0.004586082570095233
72860.0,0.015849787464384913,0.02044472493629162,0.0045949374719067085
72880.0,0.015821385532590767,0.020424861249639836,0.004603475717049069
72900.0,0.015793033585968584,0.0204047156632041,0.0046116820772355155
72920.0,0.015764731624533363,0.020384272948712614,0.004619541324179251
72940.0,0.01573647964830012,0.02036351787789358,0.004627038229593459
72960.0,0.01570827765728385,0.020342435222475194,0.004634157565191345
72980.0,0.015680125651499566,0.020321009754185673,0.0046408841026861075
73000.0,0.01565202159121767,0.02029932156469224,0.004647299973474569
73020.0,0.015623963436707498,0.020277462330290184,0.004653498893582686
73040.0,0.015595951187982437,0.020255434199649713,0.0046594830116672755
73060.0,0.015567984845055888,0.020233239321441034,0.0046652544763851455
73080.0,0.015540064407941246,0.020210879844334364,0.004670815436393118
73100.0,0.015512189876651903,0.020188357916999907,0.004676168040348004
73120.0,0.015484361251201258,0.02016567568810788,0.004681314436906623
73140.0,0.015456578531602701,0.020142835306328495,0.004686256774725794
73160.0,0.015428841717869634,0.020119838920331957,0.0046909972024623235
73180.0,0.01540115081001545,0.020096688678788475,0.004695537868773025
73200.0,0.01537350580805354,0.020073386730368268,0.004699880922314728
73220.0,0.015345906711997304,0.020049935223741544,0.00470402851174424
73240.0,0.015318353521860138,0.020026336307578513,0.004707982785718375
73260.0,0.015290846237655432,0.020002592130549387,0.004711745892893955
73280.0,0.015263384859396587,0.019978704841324375,0.004715319981927788
73300.0,0.015235969387096995,0.019954676588573687,0.004718707201476692
73320.0,0.01520859982077005,0.01993050952096754,0.004721909700197488
73340.0,0.015181276160429153,0.01990620578717614,0.004724929626746987
73360.0,0.015153998406087693,0.0198817675358697,0.004727769129782008
73380.0,0.015126766557759068,0.019857196915718425,0.004730430357959357
73400.0,0.015099580615456675,0.019832496075392534,0.004732915459935859
73420.0,0.015072440579193904,0.019807667163562234,0.00473522658436833
73440.0,0.015045346448984157,0.019782712328897736,0.00473736587991358
73460.0,0.015018298224840824,0.019757633720069254,0.00473933549522843
73480.0,0.014991295906777303,0.019732433485746992,0.004741137578969689
73500.0,0.014964339494806989,0.01970711377460117,0.004742774279794181
73520.0,0.014937428988943274,0.01968167673530199,0.004744247746358718
73540.0,0.01491056438919956,0.01965612451651967,0.004745560127320112
73560.0,0.014883745695589236,0.019630459266924423,0.004746713571335187
73580.0,0.0148569729081257,0.01960468313518645,0.004747710227060751
73600.0,0.014830246026822346,0.019578798269975967,0.00474855224315362
73620.0,0.014803565051692572,0.019552806819963183,0.004749241768270612
73640.0,0.01477692998274977,0.019526710933818317,0.004749780951068547
73660.0,0.014750340820007339,0.01950051276021157,0.00475017194020423
73680.0,0.014723797563478669,0.01947421444781315,0.004750416884334483
73700.0,0.01469730021317716,0.019447818145293286,0.004750517932116127
73720.0,0.014670848769116205,0.01942132600132217,0.004750477232205966
73740.0,0.014644443231309201,0.01939474016457003,0.004750296933260827
73760.0,0.01461808359976954,0.01936806278370706,0.004749979183937519
73780.0,0.014591769874510621,0.01934129600740348,0.00474952613289286
73800.0,0.014565502055545836,0.0193144419843295,0.004748939928783665
73820.0,0.014539280142888585,0.01928750286315533,0.004748222720266745
73840.0,0.014513104136552258,0.01926048079255118,0.004747376655998923
73860.0,0.014486974036550252,0.019233377921187265,0.004746403884637013
73880.0,0.014460889842895964,0.019206196397733792,0.004745306554837828
73900.0,0.014434851555602788,0.01917893837086097,0.004744086815258182
73920.0,0.01440885917468412,0.019151605989239016,0.0047427468145548966
73940.0,0.014382912700153353,0.019124201401538136,0.004741288701384783
73960.0,0.014357012132023884,0.019096726756428546,0.004739714624404662
73980.0,0.014331157470309108,0.01906918420258045,0.00473802673227134
74000.0,0.01430534684172703,0.019041507747883754,0.004736160906156724
74020.0,0.014279578372994041,0.01901363310350837,0.004734054730514329
74040.0,0.014253852064121114,0.01898556497304457,0.004731712908923455
74060.0,0.014228167915119227,0.01895730806008261,0.004729140144963385
74080.0,0.01420252592599935,0.018928867068212767,0.004726341142213417
74100.0,0.014176926096772464,0.01890024670102531,0.004723320604252845
74120.0,0.01415136842744954,0.018871451662110503,0.0047200832346609625
74140.0,0.014125852918041552,0.018842486655058607,0.004716633737017055
74160.0,0.014100379568559479,0.0188133563834599,0.00471297681490042
74180.0,0.014074948379014292,0.018784065550904644,0.004709117171890351
74200.0,0.014049559349416969,0.0187546188609831,0.0047050595115661325
74220.0,0.014024212479778484,0.01872502101728555,0.004700808537507066
74240.0,0.013998907770109807,0.01869527672340225,0.004696368953292444
74260.0,0.013973645220421922,0.018665390682923468,0.004691745462501546
74280.0,0.013948424830725796,0.018635367599439484,0.004686942768713688
74300.0,0.013923246601032408,0.01860521217654055,0.004681965575508141
74320.0,0.013898110531352733,0.01857492911781693,0.004676818586464198
74340.0,0.013873016621697742,0.01854452312685891,0.004671506505161167
74360.0,0.013847964872078415,0.018513998907256742,0.004666034035178327
74380.0,0.013822955282505723,0.018483361162600697,0.004660405880094974
74400.0,0.013797987852990646,0.018452614596481048,0.0046546267434904014
74420.0,0.013773062583544153,0.018421763912488058,0.004648701328943905
74440.0,0.013748179474177221,0.018390813814211992,0.004642634340034771
74460.0,0.013723338524900828,0.01835976900524312,0.004636430480342292
74480.0,0.013698539735725943,0.018328634189171706,0.004630094453445763
74500.0,0.013673783106663546,0.01829741406958802,0.004623630962924475
74520.0,0.01364906863772461,0.018266113350082335,0.004617044712357726
74540.0,0.013624396328920107,0.01823473673424491,0.0046103404053248025
74560.0,0.013599766180261017,0.018203288925666014,0.004603522745404997
74580.0,0.013575178191758313,0.018171774627935917,0.004596596436177604
74600.0,0.013550632363422969,0.01814019854464488,0.004589566181221912
74620.0,0.013526128695265961,0.018108565379383178,0.0045824366841172165
74640.0,0.013501667187298262,0.018076879835741078,0.0045752126484428154
74660.0,0.01347724783953085,0.018045146617308837,0.004567898777777987
74680.0,0.013452870651974699,0.018013370427676735,0.0045604997757020364
74700.0,0.013428535624640782,0.01798155597043503,0.004553020345794249
74720.0,0.013404242757540076,0.017949707949173995,0.004545465191633919
74740.0,0.013379992050683551,0.017917831067483896,0.004537839016800344
74760.0,0.01335578350408219,0.017885930028955,0.004530146524872809
74780.0,0.013331617117746964,0.01785400953717757,0.004522392419430607
74800.0,0.013307492891688848,0.017822074295741886,0.004514581404053038
74820.0,0.013283410825918815,0.0177901290082382,0.004506718182319385
74840.0,0.013259370920447839,0.017758178378256786,0.0044988074578089475
74860.0,0.013235373175286901,0.017726227109387913,0.004490853934101011
74880.0,0.013211417590446972,0.01769427990522185,0.004482862314774877
74900.0,0.013187504165939027,0.01766234146934885,0.004474837303409822
74920.0,0.013163632901774042,0.017630416505359202,0.0044667836035851595
74940.0,0.013139803797962988,0.01759850971684316,0.004458705918880172
74960.0,0.013116016854516846,0.017566625807390986,0.004450608952874141
74980.0,0.013092272071446587,0.017534769480592963,0.004442497409146377
75000.0,0.013068567728342804,0.017502871857930192,0.004434304129587388
75020.0,0.013044902104794868,0.01747086352125472,0.004425961416459852
75040.0,0.0130212752008119,0.01743874836471323,0.004417473163901328
75060.0,0.012997687016403036,0.01740653028245242,0.004408843266049383
75080.0,0.012974137551577402,0.017374213168618976,0.004400075617041574
75100.0,0.012950626806344128,0.017341800917359592,0.004391174111015464
75120.0,0.012927154780712347,0.017309297422820964,0.004382142642108617
75140.0,0.012903721474691182,0.01727670657914977,0.004372985104458587
75160.0,0.012880326888289769,0.017244032280492712,0.004363705392202943
75180.0,0.012856971021517236,0.017211278420996477,0.004354307399479241
75200.0,0.012833653874382709,0.017178448894807755,0.004344795020425046
75220.0,0.012810375446895322,0.017145547596073236,0.004335172149177915
75240.0,0.012787135739064202,0.017112578418939615,0.0043254426798754134
75260.0,0.01276393475089848,0.01707954525755358,0.004315610506655101
75280.0,0.012740772482407287,0.017046452006061828,0.004305679523654541
75300.0,0.012717648933599748,0.017013302558611037,0.004295653625011289
75320.0,0.012694564104484996,0.016980100809347913,0.0042855367048629175
75340.0,0.01267151799507216,0.016946850652419132,0.004275332657346972
75360.0,0.01264851060537037,0.0169135559819714,0.00426504537660103
75380.0,0.012625541935388757,0.016880220692151393,0.0042546787567626365
75400.0,0.012602611985136446,0.016846848677105817,0.004244236691969371
75420.0,0.012579720754622568,0.01681344383098135,0.004233723076358782
75440.0,0.012556868243856257,0.016780010047924693,0.0042231418040684365
75460.0,0.012534054452846638,0.016746551222082524,0.004212496769235886
75480.0,0.012511279381602841,0.016713071247601553,0.004201791865998712
75500.0,0.012488543030134,0.016679574018628452,0.004191030988494451
75520.0,0.012465845398449239,0.016646063429309927,0.0041802180308606884
75540.0,0.01244318648655769,0.016612543373792657,0.004169356887234967
75560.0,0.012420566294468484,0.016579017746223335,0.004158451451754851
75580.0,0.012397984822190747,0.016545490440748663,0.004147505618557916
75600.0,0.012375442069733612,0.016511965351515317,0.004136523281781705
75620.0,0.012352938037106208,0.01647844637267,0.004125508335563792
75640.0,0.012330472724317662,0.016444937398359394,0.004114464674041732
75660.0,0.012308046131377107,0.016411442322730195,0.004103396191353088
75680.0,0.012285658258293669,0.016377965039929093,0.0040923067816354235
75700.0,0.012263309105076482,0.01634450944410278,0.004081200339026297
75720.0,0.01224099867173467,0.01631107942939794,0.004070080757663269
75740.0,0.01221872695827737,0.016277678889961275,0.004058951931683905
75760.0,0.012196493964713706,0.016244311719939467,0.004047817755225761
75780.0,0.012174299691052808,0.016210981813479214,0.004036682122426406
75800.0,0.012152144137303807,0.0161776930647272,0.004025548927423392
75820.0,0.012130027303475835,0.016144449367830122,0.004014422064354288
75840.0,0.012107949189578015,0.016111254616934665,0.0040033054273566505
75860.0,0.012085909795619482,0.016078112706187524,0.003992202910568041
75880.0,0.012063909121609364,0.016045027529735387,0.003981118408126023
75900.0,0.01204194716755679,0.01601200298172495,0.003970055814168158
75920.0,0.012020023933470892,0.015979042956302904,0.003959019022832012
75940.0,0.011998139419360798,0.01594615134761593,0.003948011928255134
75960.0,0.011976293625235637,0.01591333204981073,0.003937038424575094
75980.0,0.011954486551104537,0.01588058895703399,0.003926102405929454
76000.0,0.011932716616950542,0.015847720981365946,0.003915004364415404
76020.0,0.01191098224275598,0.01581453845587374,0.0039035562131177603
76040.0,0.011889283428528925,0.015781062406184463,0.0038917789776555384
76060.0,0.011867620174277435,0.015747313857925223,0.0038796936836477877
76080.0,0.011845992480009582,0.01571331383672313,0.0038673213567135493
76100.0,0.011824400345733432,0.015679083368205293,0.0038546830224718606
76120.0,0.011802843771457053,0.015644643477998807,0.003841799706541754
76140.0,0.011781322757188507,0.015610015191730787,0.0038286924345422805
76160.0,0.011759837302935866,0.015575219535028334,0.0038153822320924676
76180.0,0.011738387408707193,0.015540277533518559,0.0038018901248113666
76200.0,0.011716973074510558,0.015505210212828559,0.003788237138318001
76220.0,0.011695594300354027,0.015470038598585449,0.0037744442982314223
76240.0,0.011674251086245663,0.01543478371641633,0.003760532630170666
76260.0,0.011652943432193539,0.015399466591948309,0.00374652315975477
76280.0,0.011631671338205718,0.015364108250808492,0.0037324369126027733
76300.0,0.01161043480429027,0.015328729718623983,0.0037182949143337134
76320.0,0.011589233830455256,0.01529335202102189,0.0037041181905666347
76340.0,0.011568068416708752,0.01525799618362932,0.003689927766920568
76360.0,0.011546938563058814,0.015222683232073375,0.0036757446690145607
76380.0,0.011525844269513516,0.015187434191981163,0.0036615899224676472
76400.0,0.011504785536080923,0.015152270088979791,0.0036474845528988685
76420.0,0.0114837623627691,0.015117211948696363,0.0036334495859272637
76440.0,0.011462774749586116,0.015082280796757984,0.0036195060471718686
76460.0,0.011441822696540037,0.015047497658791764,0.0036056749622517276
76480.0,0.01142090620363893,0.015012883560424803,0.003591977356785873
76500.0,0.011400025270890865,0.01497845952728421,0.003578434256393346
76520.0,0.011379179898303903,0.014944246584997095,0.0035650666866931923
76540.0,0.011358370085886114,0.014910265759190555,0.003551895673304441
76560.0,0.011337595833645563,0.014876538075491703,0.00353894224184614
76580.0,0.011316857141590322,0.014843084559527639,0.0035262274179373165
76600.0,0.011296154009728452,0.014809926236925473,0.0035137722271970217
76620.0,0.011275486438068022,0.014777084133312312,0.0035015976952442896
76640.0,0.0112548544266171,0.01474457927431526,0.0034897248476981613
76660.0,0.011234257975383747,0.014712432685561421,0.003478174710177674
76680.0,0.011213697084376037,0.014680665392677903,0.0034669683083018658
76700.0,0.011193171753602035,0.01464929842129181,0.0034561266676897753
76720.0,0.011172681983069806,0.01461835279703025,0.003445670813960444
76740.0,0.011152227772787418,0.014587849545520329,0.0034356217727329105
76760.0,0.011131809122762938,0.01455780969238915,0.003426000569626211
76780.0,0.011111426033004431,0.014528254263263821,0.00341682823025939
76800.0,0.011091078503519968,0.014499204283771445,0.0034081257802514777
76820.0,0.011070766534317612,0.014470680779539133,0.0033999142452215206
76840.0,0.01105049012540543,0.014442704776193986,0.003392214650788556
76860.0,0.011030249276791491,0.014415297299363115,0.0033850480225716233
76880.0,0.011010043988483858,0.01438847937467362,0.0033784353861897615
76900.0,0.010989874260490603,0.014362272027752612,0.0033723977672620083
76920.0,0.010969740092819789,0.01433669628422719,0.003366956191407401
76940.0,0.01094964148547948,0.014311773169724469,0.003362131684244988
76960.0,0.010929578438477753,0.014287523709871549,0.0033579452713937957
76980.0,0.010909550951822666,0.014263968930295535,0.003354417978472869
77000.0,0.010889557574435223,0.01424089362167322,0.003351336047237998
77020.0,0.01086959685523535,0.014218066685709428,0.003348469830474078
77040.0,0.01084966879422951,0.014195485314573401,0.003345816520343891
77060.0,0.010829773391424163,0.014173146700434373,0.00334337330901021
77080.0,0.010809910646825767,0.014151048035461595,0.0033411373886358276
77100.0,0.010790080560440788,0.014129186511824302,0.003339105951383514
77120.0,0.010770283132275679,0.014107559321691743,0.0033372761894160646
77140.0,0.010750518362336906,0.014086163657233157,0.0033356452948962514
77160.0,0.010730786250630925,0.014064996710617781,0.0033342104599868565
77180.0,0.010711086797164197,0.014044055674014866,0.003332968876850669
77200.0,0.010691420001943184,0.014023337739593645,0.0033319177376504618
77220.0,0.010671785864974347,0.01400284009952337,0.0033310542345490225
77240.0,0.010652184386264146,0.013982559945973272,0.0033303755597091263
77260.0,0.010632615565819039,0.013962494471112603,0.0033298789052935637
77280.0,0.010613079403645488,0.013942640867110598,0.00332956146346511
77300.0,0.010593575899749953,0.013922996326136503,0.0033294204263865507
77320.0,0.010574105054138893,0.01390355804035956,0.003329452986220666
77340.0,0.01055466686681877,0.013884323201949007,0.0033296563351302363
77360.0,0.010535261337796043,0.01386528900307409,0.0033300276652780472
77380.0,0.010515888467077175,0.01384645263590405,0.0033305641688268755
77400.0,0.010496548254668623,0.01382781129260813,0.0033312630379395067
77420.0,0.010477240700576847,0.01380936216535557,0.003332121464778723
77440.0,0.010457965804808312,0.013791102446315612,0.003333136641507301
77460.0,0.010438723567369475,0.013773029327657501,0.003334305760288026
77480.0,0.010419513988266793,0.013755140001550476,0.0033356260132836827
77500.0,0.010400337067506732,0.013737431660163781,0.003337094592657049
77520.0,0.01038119280509575,0.013719901495666657,0.003338708690570907
77540.0,0.010362081201040306,0.013702546700228347,0.0033404654991880407
77560.0,0.010343002255346862,0.013685364466018089,0.0033423622106712268
77580.0,0.010323955968021879,0.013668351985205131,0.0033443960171832526
77600.0,0.010304942339071815,0.013651506449958712,0.0033465641108868967
77620.0,0.010285961368503132,0.013634825052448073,0.003348863683944941
77640.0,0.010267013056322287,0.013618304984842459,0.0033512919285201715
77660.0,0.010248097402535745,0.01360194343931111,0.0033538460367753646
77680.0,0.010229214407149965,0.013585737608023268,0.0033565232008733025
77700.0,0.010210364070171406,0.013569684683148177,0.0033593206129767707
77720.0,0.01019154639160653,0.013553781856855076,0.003362235465248546
77740.0,0.010172761371461794,0.013538026321313209,0.0033652649498514143
77760.0,0.010154009009743663,0.013522415268691818,0.0033684062589481555
77780.0,0.01013528930645859,0.013506945891160145,0.003371656584701555
77800.0,0.01011660226161304,0.013491615380887431,0.0033750131192743903
77820.0,0.01009794787521348,0.013476420930042919,0.0033784730548294395
77840.0,0.010079326147266357,0.01346135973079585,0.0033820335835294934
77860.0,0.01006073707777814,0.013446428975315467,0.003385691897537327
77880.0,0.010042180666755288,0.013431625855771014,0.0033894451890157263
77900.0,0.01002365691420426,0.01341694756433173,0.0033932906501274694
77920.0,0.010005165820131513,0.013402391293166857,0.0033972254730353438
77940.0,0.009986707384543513,0.013387954234445639,0.0034012468499021262
77960.0,0.00996828160744672,0.013373633580337316,0.0034053519728905954
77980.0,0.009949888488847591,0.013359426523011132,0.00340953803416354
78000.0,0.009931526696086932,0.013345406094427697,0.0034138793983407648
78020.0,0.009913194896504832,0.013331640655257743,0.0034184457587529103
78040.0,0.009894893090106698,0.013318120390735648,0.0034232273006289497
78060.0,0.009876621276897918,0.0133048354860958,0.003428214209197882
78080.0,0.009858379456883892,0.013291776126572582,0.00343339666968869
78100.0,0.009840167630070019,0.013278932497400378,0.003438764867330359
78120.0,0.009821985796461697,0.013266294783813573,0.0034443089873518757
78140.0,0.00980383395606432,0.013253853171046548,0.0034500192149822285
78160.0,0.009785712108883285,0.01324159784433369,0.003455885735450406
78180.0,0.009767620254923991,0.01322951898890938,0.0034618987339853895
78200.0,0.009749558394191834,0.013217606790008005,0.003468048395816171
78220.0,0.009731526526692211,0.013205851432863947,0.0034743249061717357
78240.0,0.009713524652430522,0.013194243102711589,0.0034807184502810666
78260.0,0.009695552771412161,0.013182771984785315,0.003487219213373154
78280.0,0.009677610883642527,0.013171428264319511,0.0034938173806769845
78300.0,0.009659698989127014,0.013160202126548561,0.0035005031374215467
78320.0,0.009641817087871025,0.013149083756706845,0.0035072666688358203
78340.0,0.009623965179879953,0.01313806334002875,0.0035140981601487972
78360.0,0.009606143265159196,0.013127131061748658,0.0035209877965894625
78380.0,0.009588351343714151,0.013116277107100956,0.0035279257633868046
78400.0,0.009570589415550213,0.013105491661320025,0.003534902245769812
78420.0,0.009552857480672784,0.013094764909640252,0.003541907428967468
78440.0,0.009535155539087256,0.013084087037296016,0.0035489314982087607
78460.0,0.009517483590799031,0.013073448229521705,0.0035559646387226737
78480.0,0.009499841635813503,0.013062838671551702,0.003562997035738199
78500.0,0.009482229674136068,0.01305224854862039,0.0035700188744843212
78520.0,0.009464647705772126,0.013041668045962154,0.0035770203401900274
78540.0,0.009447095730727075,0.013031087348811374,0.003583991618084299
78560.0,0.00942957374900631,0.013020496642402441,0.0035909228933961312
78580.0,0.009412081760615228,0.013009886111969734,0.003597804351354506
78600.0,0.009394619765559229,0.012999245942747636,0.0036046261771884077
78620.0,0.009377187763843707,0.012988566319970534,0.003611378556126827
78640.0,0.009359785755474059,0.01297783742887281,0.0036180516733987506
78660.0,0.009342413740455684,0.012967049454688847,0.0036246357142331632
78680.0,0.009325071718793976,0.012956192582653032,0.0036311208638590553
78700.0,0.009307759690494338,0.012945256997999748,0.00363749730750541
78720.0,0.009290477655562164,0.012934232885963376,0.0036437552304012123
78740.0,0.009273225614002848,0.012923110431778302,0.003649884817775454
78760.0,0.009256003565821791,0.012911879820678913,0.003655876254857122
78780.0,0.00923881151102439,0.012900531237899587,0.0036617197268751962
78800.0,0.00922164944961604,0.012889054868674709,0.0036674054190586683
78820.0,0.009204517381602141,0.012877440898238666,0.003672923516636525
78840.0,0.009187415306988092,0.012865679511825842,0.0036782642048377497
78860.0,0.009170343225779283,0.012853760894670618,0.0036834176688913343
78880.0,0.009153301137981115,0.012841675232007377,0.003688374094026262
78900.0,0.009136289043598984,0.012829412709070507,0.003693123665471523
78920.0,0.009119306942638291,0.012816963511094388,0.003697656568456097
78940.0,0.009102354835104428,0.012804317823313408,0.0037019629882089795
78960.0,0.009085432721002797,0.012791465830961947,0.0037060331099591504
78980.0,0.009068540600338793,0.012778397719274392,0.0037098571189355996
79000.0,0.009051673422015166,0.012765082331534902,0.003713408909519737
79020.0,0.009034826447357917,0.012751502818025886,0.003716676370667969
79040.0,0.009018000145007308,0.01273767082447911,0.0037196706794718013
79060.0,0.009001194983603614,0.01272359799662633,0.0037224030130227157
79080.0,0.008984411431787093,0.012709295980199311,0.003724884548412218
79100.0,0.008967649958198017,0.012694776420929813,0.0037271264627317963
79120.0,0.008950911031476648,0.0126800509645496,0.0037291399330729516
79140.0,0.00893419512026326,0.012665131256790434,0.003730936136527174
79160.0,0.008917502693198114,0.012650028943384075,0.0037325262501859604
79180.0,0.008900834218921483,0.012634755670062288,0.0037339214511408047
79200.0,0.008884190166073625,0.012619323082556833,0.0037351329164832074
79220.0,0.008867571003294815,0.01260374282659947,0.0037361718233046553
79240.0,0.008850977199225315,0.012588026547921967,0.0037370493486966524
79260.0,0.008834409222505392,0.01257218589225608,0.003737776669750687
79280.0,0.008817867541775316,0.012556232505333572,0.0037383649635582567
79300.0,0.00880135262567535,0.012540178032886208,0.0037388254072108582
79320.0,0.008784864942845763,0.012524034120645747,0.0037391691777999836
79340.0,0.008768404961926823,0.012507812414343953,0.00373940745241713
79360.0,0.008751973151558795,0.012491524559712584,0.0037395514081537892
79380.0,0.008735569980381943,0.012475182202483406,0.0037396122221014638
79400.0,0.008719195917036538,0.012458796988388183,0.0037396010713516455
79420.0,0.008702851430162847,0.012442380563158672,0.0037395291329958245
79440.0,0.008686536988401135,0.012425944572526635,0.0037394075841255
79460.0,0.00867025306039167,0.01240950066222384,0.0037392476018321703
79480.0,0.008654000114774718,0.01239306047798204,0.0037390603632073225
79500.0,0.008637778620190547,0.012376635665533006,0.003738857045342459
79520.0,0.008621589045279422,0.012360237870608493,0.0037386488253290714
79540.0,0.008605431858681609,0.012343878738940267,0.003738446880258659
79560.0,0.008589307529037377,0.012327569916260089,0.0037382623872227114
79580.0,0.008573216524986993,0.012311323048299717,0.0037381065233127245
79600.0,0.008557159315170723,0.012295149780790922,0.0037379904656201987
79620.0,0.008541136368228834,0.012279061759465458,0.0037379253912366243
79640.0,0.008525148152801594,0.012263070630055089,0.003737922477253495
79660.0,0.008509195137529266,0.012247188038291577,0.003737992900762311
79680.0,0.00849327779105212,0.012231425629906686,0.0037381478388545664
79700.0,0.008477396582010422,0.012215795050632175,0.003738398468621753
79720.0,0.00846155197904444,0.01220030794619981,0.0037387559671553695
79740.0,0.008445744450794438,0.012184975962341348,0.00373923151154691
79760.0,0.008429974465900686,0.012169810744788555,0.0037398362788878693
79780.0,0.008414242493003451,0.012154823939273189,0.003740581446269738
79800.0,0.008398549000742996,0.012140027191527014,0.0037414781907840183
79820.0,0.008382894457759589,0.012125432147281798,0.003742537689522209
79840.0,0.0083672793326935,0.012111050452269291,0.003743771119575792
79860.0,0.008351704094184995,0.012096893752221265,0.0037451896580362708
79880.0,0.008336169210874336,0.012082973692869476,0.0037468044819951394
79900.0,0.008320675151401795,0.012069301919945687,0.0037486267685438914
79920.0,0.008305222384407635,0.012055890079181663,0.0037506676947740274
79940.0,0.008289811378532127,0.012042749816309165,0.0037529384377770376
79960.0,0.008274442602415536,0.012029892777059951,0.0037554501746444157
79980.0,0.008259116524698129,0.01201733060716579,0.0037582140824676605
80000.0,0.008243817894011731,0.012004949411150854,0.0037611315171391223
80020.0,0.008228531301575075,0.011992627271767262,0.0037640959701921873
80040.0,0.008213256979908785,0.011980363802088728,0.003767106822179943
80060.0,0.008197995161533488,0.011968158615188976,0.003770163453655488
80080.0,0.008182746078969806,0.011956011324141721,0.0037732652451719154
80100.0,0.008167509964738367,0.01194392154202068,0.0037764115772823126
80120.0,0.008152287051359794,0.011931888881899574,0.00377960183053978
80140.0,0.008137077571354713,0.011919912956852118,0.003782835385497405
80160.0,0.008121881757243748,0.011907993379952034,0.003786111622708286
80180.0,0.008106699841547525,0.011896129764273037,0.0037894299227255127
80200.0,0.008091532056786668,0.011884321722888848,0.00379278966610218
80220.0,0.008076378635481803,0.011872568868873182,0.0037961902333913788
80240.0,0.008061239810153553,0.011860870815299757,0.003799631005146204
80260.0,0.008046115813322548,0.011849227175242295,0.0038031113619197473
80280.0,0.008031006877509407,0.01183763756177451,0.003806630684265103
80300.0,0.008015913235234758,0.011826101587970124,0.003810188352735366
80320.0,0.008000835119019226,0.011814618866902854,0.0038137837478836277
80340.0,0.007985772761383438,0.011803189011646415,0.0038174162502629776
80360.0,0.007970726394848015,0.011791811635274528,0.003821085240426514
80380.0,0.007955696251933583,0.011780486350860913,0.0038247900989273297
80400.0,0.007940682565160768,0.011769212771479284,0.0038285302063185162
80420.0,0.007925685567050193,0.011757990510203363,0.00383230494315317
80440.0,0.007910705490122488,0.011746819180106864,0.0038361136899843756
80460.0,0.007895742566898272,0.01173569839426351,0.003839955827365238
80480.0,0.007880797029898173,0.011724627765747014,0.0038438307358488414
80500.0,0.007865869111642818,0.011713606907631098,0.003847737795988281
80520.0,0.007850959044652826,0.01170263543298948,0.0038516763883366546
80540.0,0.007836067061448827,0.011691712954895876,0.0038556458934470485
80560.0,0.007821193394551448,0.011680839086424005,0.0038596456918725576
80580.0,0.007806338276481305,0.011670013440647586,0.003863675164166281
80600.0,0.007791501939759031,0.011659235630640337,0.003867733690881306
80620.0,0.00777668461690525,0.011648505269475976,0.0038718206525707264
80640.0,0.007761886540440585,0.01163782197022822,0.0038759354297876357
80660.0,0.0077471079428856615,0.011627185345970792,0.0038800774030851304
80680.0,0.007732349056761104,0.011616595009777402,0.0038842459530162975
80700.0,0.007717610114587538,0.011606050574721775,0.003888440460134237
80720.0,0.007702891348885589,0.011595551653877625,0.003892660304992036
80740.0,0.007688192992175883,0.011585097860318673,0.00389690486814279
80760.0,0.007673515276979042,0.011574688807118635,0.0039011735301395936
80780.0,0.007658858435815694,0.01156432410735123,0.003905465671535536
80800.0,0.007644222701206461,0.01155400337409018,0.003909780672883718
80820.0,0.00762960830567197,0.011543726220409195,0.003914117914737225
80840.0,0.007615015481732847,0.011533492259382,0.003918476777649152
80860.0,0.007600444461909714,0.01152330110408231,0.003922856642172596
80880.0,0.007585895478723199,0.011513152367583846,0.003927256888860647
80900.0,0.007571368764693925,0.01150304566296032,0.0039316768982663956
80920.0,0.007556864552342518,0.01149298060328546,0.003936116050942942
80940.0,0.007542383074189602,0.011482956801632974,0.003940573727443372
80960.0,0.007527924562755804,0.011472973871076588,0.003945049308320785
80980.0,0.007513489250561746,0.011463031424690018,0.003949542174128272
81000.0,0.007499077370128056,0.011453129075546978,0.003954051705418922
81020.0,0.007484689153975356,0.01144326643672119,0.003958577282745833
81040.0,0.007470324834624274,0.011433443121286371,0.0039631182866620976
81060.0,0.007455984644595434,0.011423658742316241,0.003967674097720807
81080.0,0.00744166881640946,0.011413912912884516,0.003972244096475056
81100.0,0.0074273775825869776,0.011404205246064916,0.003976827663477938
81120.0,0.007413111175648612,0.011394535354931158,0.003981424179282546
81140.0,0.007398869828114987,0.01138490285255696,0.003986033024441973
81160.0,0.00738465377250673,0.011375307352016039,0.003990653579509309
81180.0,0.007370463241344464,0.011365748466382115,0.003995285225037651
81200.0,0.007356298467148816,0.011356225808728908,0.003999927341580092
81220.0,0.007342159682440408,0.011346738992130132,0.004004579309689724
81240.0,0.007328047119739868,0.01133728762965951,0.004009240509919642
81260.0,0.007313961011567819,0.011327871334390754,0.004013910322822936
81280.0,0.007299901590444886,0.011318489719397588,0.004018588128952702
81300.0,0.007285869088891696,0.011309142397753727,0.004023273308862031
81320.0,0.007271863739428871,0.011299828982532888,0.004027965243104017
81340.0,0.00725788577457704,0.011290549086808795,0.004032663312231755
81360.0,0.007243935426856823,0.011281302323655156,0.004037366896798333
81380.0,0.007230012928788849,0.011272088306145702,0.004042075377356853
81400.0,0.007216118512893742,0.01126290664735414,0.0040467881344603985
81420.0,0.007202252411692126,0.011253756960354196,0.00405150454866207
81440.0,0.0071884148577046275,0.011244638858219583,0.004056224000514956
81460.0,0.0071746060834518705,0.011235551954024021,0.004060945870572151
81480.0,0.007160826321454479,0.011226495860841231,0.004065669539386752
81500.0,0.0071470758042330804,0.011217470191744924,0.0040703943875118435
81520.0,0.007133354764308299,0.011208474559808826,0.004075119795500527
81540.0,0.007119663434200758,0.01119950857810665,0.004079845143905892
81560.0,0.007106002046431084,0.011190571859712117,0.004084569813281033
81580.0,0.007092370833519901,0.011181664017698944,0.004089293184179043
81600.0,0.007078770027987836,0.011172784665140848,0.004094014637153013
81620.0,0.007065199862355511,0.01116393341511155,0.004098733552756039
81640.0,0.007051660569143554,0.011155109880684766,0.004103449311541212
81660.0,0.0070381523808725885,0.011146313674934216,0.004108161294061627
81680.0,0.00702467553006324,0.011137544410933614,0.0041128688808703745
81700.0,0.007011230249236133,0.011128801701756686,0.004117571452520554
81720.0,0.006997816770911892,0.01112008516047714,0.004122268389565248
81740.0,0.006984435327611144,0.011111394400168702,0.004126959072557558
81760.0,0.006971086151854512,0.011102729033905087,0.004131642882050575
81780.0,0.0069577694761626206,0.011094088674760015,0.004136319198597395
81800.0,0.006944485533056096,0.011085472935807203,0.004140987402751107
81820.0,0.0069312345550555645,0.011076881430120368,0.004145646875064804
81840.0,0.006918016774681649,0.01106831377077323,0.004150296996091581
81860.0,0.006904832424454975,0.011059769570839508,0.004154937146384533
81880.0,0.0068916817368961675,0.011051248443392917,0.00415956670649675
81900.0,0.006878564944525853,0.011042750001507175,0.004164185056981322
81920.0,0.006865482279864653,0.011034273858256005,0.004168791578391352
81940.0,0.006852433975433197,0.01102581962671312,0.004173385651279923
81960.0,0.006839420263752106,0.011017386919952243,0.004177966656200138
81980.0,0.006826441377342007,0.01100897535104709,0.004182533973705082
82000.0,0.006813485699394227,0.011000605138982064,0.004187119439587837
82020.0,0.006800541532412126,0.010992296171498302,0.004191754639086176
82040.0,0.00678760898788439,0.0109840475648046,0.004196438576920209
82060.0,0.006774688177299701,0.010975858435109759,0.004201170257810058
82080.0,0.00676177921214674,0.01096772789862257,0.00420594868647583
82100.0,0.0067488822039141905,0.010959655071551841,0.004210772867637651
82120.0,0.006735997264090733,0.010951639070106364,0.004215641806015631
82140.0,0.006723124504165053,0.010943679010494936,0.004220554506329883
82160.0,0.00671026403562583,0.010935774008926358,0.004225509973300528
82180.0,0.006697415969961747,0.010927923181609428,0.004230507211647681
82200.0,0.006684580418661488,0.010920125644752943,0.004235545226091455
82220.0,0.006671757493213733,0.010912380514565702,0.004240623021351969
82240.0,0.006658947305107166,0.010904686907256501,0.004245739602149335
82260.0,0.006646149965830469,0.010897043939034142,0.004250893973203673
82280.0,0.006633365586872324,0.01088945072610742,0.004256085139235095
82300.0,0.006620594279721413,0.010881906384685133,0.00426131210496372
82320.0,0.006607836155866419,0.010874410030976082,0.004266573875109663
82340.0,0.006595091326796026,0.01086696078118906,0.004271869454393034
82360.0,0.0065823599039989125,0.010859557751532871,0.004277197847533959
82380.0,0.006569641998963764,0.01085220005821631,0.004282558059252545
82400.0,0.006556937723179263,0.010844886817448173,0.0042879490942689105
82420.0,0.006544247188134089,0.010837617145437262,0.004293369957303173
82440.0,0.006531570505316927,0.010830390158392371,0.004298819653075444
82460.0,0.006518907786216457,0.010823204972522305,0.004304297186305848
82480.0,0.006506259142321365,0.010816060704035858,0.004309801561714493
82500.0,0.00649362468512033,0.010808956469141824,0.004315331784021494
82520.0,0.0064810045261020355,0.010801891384049007,0.004320886857946972
82540.0,0.006468398776755164,0.0107948645649662,0.004326465788211036
82560.0,0.006455807548568397,0.010787875128102207,0.004332067579533809
82580.0,0.006443230953030419,0.010780922189665825,0.004337691236635406
82600.0,0.006430669101629911,0.010774004865865846,0.004343335764235935
82620.0,0.006418122105855554,0.010767122272911074,0.00434900016705552
82640.0,0.006405590077196033,0.01076027352701031,0.004354683449814277
82660.0,0.006393073127140027,0.01075345774437234,0.004360384617232314
82680.0,0.006380571367176222,0.010746674041205976,0.004366102674029753
82700.0,0.0063680849087933,0.010739921533720005,0.0043718366249267055
82720.0,0.00635561386347994,0.010733199338123231,0.0043775854746432915
82740.0,0.006343158342724828,0.010726506570624454,0.004383348227899626
82760.0,0.006330718458016644,0.010719842347432465,0.004389123889415821
82780.0,0.006318294320844071,0.010713205784756069,0.004394911463911998
82800.0,0.0063058860426957915,0.01070659599880406,0.004400709956108268
82820.0,0.006293493735060488,0.010700012105785238,0.00440651837072475
82840.0,0.006281117509426844,0.010693453221908402,0.004412335712481558
82860.0,0.00626875747728354,0.010686918463382345,0.004418160986098805
82880.0,0.006256413750119259,0.010680406946415871,0.004423993196296612
82900.0,0.0062440864394226825,0.010673917787217773,0.004429831347795091
82920.0,0.006231775656682494,0.010667450101996856,0.0044356744453143615
82940.0,0.006219481513387376,0.010661003006961912,0.004441521493574537
82960.0,0.00620720412102601,0.01065457561832174,0.00444737149729573
82980.0,0.00619494359108708,0.01064816705228514,0.00445322346119806
83000.0,0.006182700035059267,0.01064177642506091,0.004459076390001643
83020.0,0.006170473564431252,0.010635402852857844,0.004464929288426592
83040.0,0.006158264290691721,0.010629045451884747,0.004470781161193026
83060.0,0.006146072325329353,0.010622703338350413,0.00447663101302106
83080.0,0.006133897779832831,0.01061637562846364,0.004482477848630808
83100.0,0.006121740765690839,0.010610061438433226,0.004488320672742387
83120.0,0.006109601394392057,0.010603759884467968,0.004494158490075911
83140.0,0.0060974797774251705,0.01059747008277667,0.0044999903053515
83160.0,0.006085376026278859,0.010591191149568125,0.004505815123289266
83180.0,0.0060732902524418065,0.010584922201051129,0.0045116319486093225
83200.0,0.006061222567402695,0.010578662353434486,0.004517439786031791
83220.0,0.006049173082650206,0.01057241072292699,0.004523237640276784
83240.0,0.006037141909673023,0.010566166425737442,0.004529024516064419
83260.0,0.006025129159959826,0.010559928578074638,0.004534799418114812
83280.0,0.006013134944999301,0.010553696296147375,0.004540561351148074
83300.0,0.006001159376280128,0.010547468696164453,0.004546309319884325
83320.0,0.005989202565290991,0.010541244894334669,0.004552042329043678
83340.0,0.005977264623520571,0.010535024006866824,0.004557759383346253
83360.0,0.005965345662457549,0.010528805149969712,0.004563459487512163
83380.0,0.00595344579359061,0.010522587439852134,0.004569141646261524
83400.0,0.005941565128408436,0.010516369992722888,0.004574804864314452
83420.0,0.005929703778399708,0.010510151924790769,0.004580448146391061
83440.0,0.005917861855053109,0.01050393235226458,0.00458607049721147
83460.0,0.0059060394698573215,0.010497710391353115,0.004591670921495794
83480.0,0.005894236734301029,0.010491485158265172,0.004597248423964143
83500.0,0.005882453759872911,0.01048525576920955,0.0046028020093366396
83520.0,0.0058706906580616525,0.010479021340395049,0.004608330682333396
83540.0,0.005858947540355934,0.010472780988030467,0.004613833447674533
83560.0,0.005847224518244439,0.010466533828324602,0.004619309310080162
83580.0,0.005835521703215851,0.010460278977486246,0.004624757274270396
83600.0,0.00582383920675885,0.010454015551724207,0.004630176344965356
83620.0,0.0058121771403621195,0.010447742667247278,0.004635565526885158
83640.0,0.005800535615514342,0.010441459440264254,0.004640923824749912
83660.0,0.005788914743704198,0.010435164986983938,0.0046462502432797394
83680.0,0.005777314636420373,0.010428858423615125,0.004651543787194751
83700.0,0.005765735405151548,0.010422538866366616,0.004656803461215068
83720.0,0.0057541771613864034,0.010416205431447209,0.004662028270060806
83740.0,0.005742640016613625,0.010409857235065698,0.004667217218452073
83760.0,0.005731124082321892,0.010403493393430885,0.004672369311108993
83780.0,0.005719629469999889,0.010397113022751566,0.0046774835527516765
83800.0,0.005708156291136298,0.01039071523923654,0.004682558948100242
83820.0,0.0056967046572198,0.010384299159094607,0.004687594501874807
83840.0,0.005685274679739079,0.01037786389853456,0.004692589218795481
83860.0,0.005673866470182816,0.010371408573765202,0.0046975421035823865
83880.0,0.005662480140039694,0.010364932300995331,0.004702452160955637
83900.0,0.005651115800798397,0.010358434196433742,0.004707318395635345
83920.0,0.005639773563947604,0.010351913376289235,0.004712139812341631
83940.0,0.005628453540976,0.010345368956770606,0.004716915415794606
83960.0,0.005617155843372266,0.010338800054086656,0.00472164421071439
83980.0,0.005605880582625084,0.010332205784446184,0.0047263252018211
84000.0,0.00559462787022314,0.01032558526405798,0.004730957393834841
84020.0,0.00558339781765511,0.010318937609130854,0.004735539791475744
84040.0,0.005572190536409682,0.010312261935873595,0.0047400713994639136
84060.0,0.005561006137975535,0.010305557360495005,0.00474455122251947
84080.0,0.005549844733841354,0.010298822999203884,0.00474897826536253
84100.0,0.005538706435495819,0.010292057968209024,0.0047533515327132046
84120.0,0.005527591354427614,0.010285261383719227,0.004757670029291613
84140.0,0.005516499602125421,0.010278432361943292,0.004761932759817871
84160.0,0.00550543129007792,0.010271570019090013,0.004766138729012093
84180.0,0.005494386529773797,0.010264673471368193,0.004770286941594396
84200.0,0.0054833654327017325,0.010257741834986627,0.004774376402284895
84220.0,0.005472368110350409,0.010250774226154115,0.004778406115803706
84240.0,0.00546139467420851,0.010243769761079453,0.004782375086870943
84260.0,0.005450445235764716,0.01023672755597144,0.004786282320206724
84280.0,0.00543951990650771,0.010229646727038876,0.004790126820531165
84300.0,0.005428618797926175,0.010222526390490556,0.00479390759256438
84320.0,0.005417742021508792,0.010215365662535279,0.004797623641026487
84340.0,0.0054068896887442455,0.010208163659381845,0.0048012739706376
84360.0,0.0053960619111212155,0.01020091949723905,0.004804857586117834
84380.0,0.0053852588001283876,0.010193632292315692,0.004808373492187304
84400.0,0.005374480467254441,0.01018630116082057,0.0048118206935661295
84420.0,0.005363727023988058,0.010178925218962482,0.004815198194974424
84440.0,0.005352998581817923,0.010171503582950226,0.004818505001132303
84460.0,0.005342295252232717,0.0101640353689926,0.004821740116759884
84480.0,0.005331617146721123,0.010156519693298404,0.004824902546577281
84500.0,0.005320964376771824,0.010148955672076434,0.00482799129530461
84520.0,0.0053103370538735,0.010141342421535486,0.004831005367661986
84540.0,0.0052997352895148364,0.010133679057884364,0.004833943768369527
84560.0,0.0052891591951845125,0.010125964697331858,0.004836805502147346
84580.0,0.005278608882371214,0.010118198456086774,0.00483958957371556
84600.0,0.005268084462563621,0.010110379450357906,0.004842294987794285
84620.0,0.005257586047250415,0.010102506796354053,0.004844920749103638
84640.0,0.0052471137479202816,0.010094579610284012,0.00484746586236373
84660.0,0.0052366676760619,0.010086597008356582,0.0048499293322946824
84680.0,0.005226247943163954,0.010078558106780563,0.004852310163616609
84700.0,0.005215854660715126,0.010070462021764752,0.004854607361049626
84720.0,0.005205487940204098,0.010062307869517942,0.004856819929313844
84740.0,0.005195147893119553,0.010054094766248939,0.004858946873129386
84760.0,0.005184834630950172,0.010045821828166537,0.004860987197216365
84780.0,0.005174548265184638,0.010037488171479534,0.004862939906294896
84800.0,0.005164288907311634,0.01002909291239673,0.004864804005085095
84820.0,0.005154056668819842,0.01002063516712692,0.004866578498307078
84840.0,0.005143851661197945,0.010012114051878905,0.00486826239068096
84860.0,0.005133673995934623,0.010003528682861482,0.004869854686926859
84880.0,0.005123523784518562,0.009994878176283448,0.004871354391764887
84900.0,0.005113401138438441,0.009986161648353604,0.0048727605099151625
84920.0,0.005103306169182944,0.009977378215280745,0.004874072046097801
84940.0,0.005093238988240753,0.00996852699327367,0.004875288005032917
84960.0,0.00508319970710055,0.00995960709854118,0.004876407391440629
84980.0,0.005073188437251019,0.009950617647292067,0.004877429210041048
85000.0,0.0050631956853873375,0.009941564737397822,0.004878369052010484
85020.0,0.005053211905792184,0.00993245522659945,0.004879243320807267
85040.0,0.005043237131335482,0.009923289370910044,0.004880052239574562
85060.0,0.0050332713948871635,0.009914067426342692,0.004880796031455529
85080.0,0.005023314729317156,0.00990478964891048,0.004881474919593324
85100.0,0.005013367167495388,0.009895456294626497,0.0048820891271311095
85120.0,0.005003428742291786,0.009886067619503829,0.0048826388772120425
85140.0,0.004993499486576278,0.009876623879555568,0.004883124392979291
85160.0,0.004983579433218791,0.009867125330794802,0.004883545897576011
85180.0,0.004973668615089256,0.009857572229234616,0.00488390361414536
85200.0,0.004963767065057599,0.009847964830888099,0.0048841977658304996
85220.0,0.004953874815993749,0.009838303391768341,0.004884428575774593
85240.0,0.004943991900767633,0.009828588167888428,0.004884596267120795
85260.0,0.004934118352249178,0.009818819415261451,0.004884701063012273
85280.0,0.004924254203308316,0.009808997389900494,0.004884743186592178
85300.0,0.004914399486814972,0.00979912234781865,0.004884722861003677
85320.0,0.0049045542356390736,0.009789194545029002,0.004884640309389929
85340.0,0.004894718482650549,0.009779214237544643,0.004884495754894094
85360.0,0.004884892260719328,0.009769181681378657,0.0048842894206593285
85380.0,0.004875075602715336,0.009759097132544135,0.0048840215298287986
85400.0,0.0048652685415085046,0.009748960847054166,0.004883692305545661
85420.0,0.004855471109968758,0.009738773080921833,0.0048833019709530745
85440.0,0.004845683340966027,0.009728534090160229,0.004882850749194202
85460.0,0.004835905267370238,0.00971824413078244,0.004882338863412202
85480.0,0.004826136922051318,0.009707903458801556,0.004881766536750238
85500.0,0.004816378337879197,0.009697512330230662,0.004881133992351465
85520.0,0.004806629547723803,0.00968707100108285,0.004880441453359047
85540.0,0.004796890584455064,0.009676579727371204,0.00487968914291614
85560.0,0.004787161480942906,0.009666038765108817,0.004878877284165911
85580.0,0.004777442270057259,0.009655448370308772,0.004878006100251513
85600.0,0.0047677329846680504,0.00964480879898416,0.004877075814316109
85620.0,0.004758033657645208,0.009634120307148069,0.00487608664950286
85640.0,0.00474834432185866,0.009623383150813588,0.004875038828954928
85660.0,0.004738665010178336,0.009612597585993803,0.004873932575815467
85680.0,0.00472899575547416,0.009601763868701802,0.004872768113227642
85700.0,0.004719336590616063,0.009590882254950677,0.004871545664334614
85720.0,0.004709687548473973,0.00957995300075351,0.004870265452279537
85740.0,0.004700048661917817,0.009568976362123397,0.0048689277002055805
85760.0,0.0046904199638175235,0.009557952595073419,0.004867532631255896
85780.0,0.0046808014870430206,0.009546881955616668,0.004866080468573647
85800.0,0.004671193264464237,0.00953576469976623,0.004864571435301993
85820.0,0.0046615953289510965,0.009524601083535195,0.0048630057545840984
85840.0,0.004652007713373533,0.009513391362936649,0.004861383649563116
85860.0,0.004642430450601471,0.009502135793983683,0.004859705343382211
85880.0,0.00463286357350484,0.009490834632689382,0.004857971059184542
85900.0,0.004623307114953567,0.009479488135066837,0.004856181020113271
85920.0,0.00461376110781758,0.009468096557129133,0.004854335449311554
85940.0,0.004604225584966808,0.009456660154889362,0.0048524345699225545
85960.0,0.004594700579271177,0.00944517918436061,0.004850478605089433
85980.0,0.004585186123600617,0.009433653901555965,0.004848467777955348
86000.0,0.004575682250825056,0.009422084562488517,0.00484640231166346
86020.0,0.00456618899381442,0.00941047142317135,0.00484428242935693
86040.0,0.00455670638543864,0.009398814739617555,0.004842108354178915
86060.0,0.004547234458567641,0.00938711476784022,0.004839880309272579
86080.0,0.0045377732460713536,0.009375371763852437,0.004837598517781083
86100.0,0.004528322780819704,0.009363585983667285,0.004835263202847582
86120.0,0.004518883095682621,0.00935175768329786,0.004832874587615239
86140.0,0.00450945422353003,0.009339887118757245,0.004830432895227215
86160.0,0.0045000361972318634,0.009327974546058533,0.004827938348826669
86180.0,0.004490629049658047,0.009316020221214808,0.004825391171556761
86200.0,0.004481232813678509,0.009304024400239162,0.004822791586560653
86220.0,0.004471847522163177,0.00929198733914468,0.004820139816981502
86240.0,0.004462473207981979,0.009279909293944451,0.004817436085962473
86260.0,0.0044531099040048434,0.009267790520651563,0.00481468061664672
86280.0,0.004443757643101698,0.009255631275279105,0.004811873632177407
86300.0,0.004434416458142472,0.009243431813840164,0.004809015355697692
86320.0,0.004425086381997091,0.00923119239234783,0.0048061060103507395
86340.0,0.004415767447535485,0.009218913266815188,0.004803145819279703
86360.0,0.00440645968762758,0.00920659469325533,0.0048001350056277505
86380.0,0.004397163135143306,0.009194236927681343,0.004797073792538037
86400.0,0.004387877822952592,0.009181840226106311,0.004793962403153719
86420.0,0.004378603783925362,0.009169404844543328,0.004790801060617966
86440.0,0.004369341050931548,0.009156931039005478,0.00478758998807393
86460.0,0.004360089656841074,0.009144419065505852,0.004784329408664778
86480.0,0.004350849634523872,0.009131869180057536,0.0047810195455336634
86500.0,0.004341621016849867,0.009119281638673619,0.004777660621823752
86520.0,0.00433240383668899,0.00910665669736719,0.004774252860678199
86540.0,0.004323198126911166,0.009093994612151336,0.00477079648524017
86560.0,0.004314003920386325,0.009081295639039144,0.0047672917186528194
86580.0,0.004304821249984393,0.009068560034043707,0.004763738784059314
86600.0,0.0042956501485753,0.009055788053178108,0.004760137904602808
86620.0,0.004286490649028973,0.009042979952455435,0.004756489303426462
86640.0,0.004277342784215342,0.009030135987888781,0.004752793203673439
86660.0,0.0042682065870043315,0.009017256415491228,0.004749049828486896
86680.0,0.004259082090265871,0.009004341491275871,0.00474525940101
86700.0,0.004249969326869889,0.008991391471255791,0.004741422144385902
86720.0,0.004240868329686313,0.008978406611444082,0.004737538281757769
86740.0,0.0042317791315850724,0.00896538716785383,0.004733608036268757
86760.0,0.0042227017654360936,0.008952333396498122,0.004729631631062029
86780.0,0.0042136362641093045,0.008939245553390046,0.004725609289280741
86800.0,0.004204582660474633,0.008926123894542693,0.004721541234068059
86820.0,0.0041955409874020085,0.008912968675969147,0.004717427688567139
86840.0,0.004186511277761359,0.0088997801536825,0.004713268875921142
86860.0,0.004177493564422611,0.00888655858369584,0.004709065019273228
86880.0,0.004168487880255693,0.008873304222022252,0.004704816341766558
86900.0,0.004159494258130532,0.008860017324674825,0.0047005230665442925
86920.0,0.004150512730917059,0.008846698147666652,0.004696185416749593
86940.0,0.0041415433314852,0.008833346947010812,0.004691803615525613
86960.0,0.0041325860927048826,0.008819963978720402,0.004687377886015519
86980.0,0.004123641047446036,0.008806549498808507,0.004682908451362471
87000.0,0.004114708228578587,0.00879310376328821,0.004678395534709623
87020.0,0.004105787668972466,0.008779627028172608,0.004673839359200143
87040.0,0.004096879401497596,0.008766119549474783,0.004669240147977187
87060.0,0.00408798345902391,0.008752581583207826,0.0046645981241839165
87080.0,0.004079099874421334,0.008739013385384823,0.004659913510963489
87100.0,0.0040702286805597955,0.008725415212018865,0.004655186531459069
87120.0,0.004061369910309224,0.008711787319123036,0.004650417408813811
87140.0,0.004052523596539547,0.00869812996271043,0.004645606366170883
87160.0,0.004043689772120691,0.008684443398794128,0.004640753626673437
87180.0,0.004034868469922587,0.008670727883387226,0.004635859413464639
87200.0,0.0040260597228151595,0.008656983672502805,0.004630923949687646
87220.0,0.004017263563668339,0.008643211022153957,0.0046259474584856184
87240.0,0.004008480025352052,0.008629410188353769,0.004620930163001717
87260.0,0.003999709140736226,0.008615581427115332,0.004615872286379105
87280.0,0.003990950942690792,0.008601724994451729,0.004610774051760937
87300.0,0.003982205464085676,0.00858784114637605,0.004605635682290375
87320.0,0.0039734727377908055,0.008573930138901386,0.00460045740111058
87340.0,0.00396475279667611,0.008559992228040821,0.004595239431364711
87360.0,0.003956045673611516,0.00854602766980745,0.004589981996195935
87380.0,0.003947351401466951,0.00853203672021435,0.004584685318747399
87400.0,0.003938670013112346,0.008518019635274621,0.004579349622162275
87420.0,0.003930001541417626,0.008503976671001341,0.004573975129583715
87440.0,0.00392134601925272,0.008489908083407606,0.004568562064154886
87460.0,0.003912703479487557,0.008475814128506497,0.00456311064901894
87480.0,0.0039040739549920634,0.008461695062311111,0.004557621107319047
87500.0,0.0038954574786361686,0.008447551140834527,0.004552093662198359
87520.0,0.0038868540832898,0.008433382620089842,0.004546528536800042
87540.0,0.003878263801822885,0.008419189756090135,0.004540925954267251
87560.0,0.0038696866671053516,0.008404972804848502,0.004535286137743151
87580.0,0.003861122712007129,0.008390732022378023,0.004529609310370894
87600.0,0.003852571969398144,0.008376467664691797,0.0045238956952936525
87620.0,0.0038440344721483257,0.008362179987802903,0.0045181455156545775
87640.0,0.0038355102531276012,0.008347869247724432,0.004512358994596831
87660.0,0.003826999345205899,0.008333535700469472,0.004506536355263573
87680.0,0.0038185017812531466,0.008319179602051113,0.004500677820797967
87700.0,0.003810017594139272,0.00830480120848244,0.004494783614343169
87720.0,0.0038015468167342044,0.008290400775776542,0.004488853959042338
87740.0,0.0037930894819078703,0.00827597855994651,0.00448288907803864
87760.0,0.003784645622530198,0.00826153481700543,0.0044768891944752314
87780.0,0.003776215271471116,0.00824706980296639,0.004470854531495275
87800.0,0.0037677984616005518,0.008232583773842478,0.004464785312241926
87820.0,0.0037593952257884344,0.008218076985646782,0.004458681759858348
87840.0,0.0037510055969046906,0.008203549694392392,0.004452544097487701
87860.0,0.0037426296078192493,0.008189002156092395,0.004446372548273146
87880.0,0.003734267291402037,0.008174434626759878,0.0044401673353578405
87900.0,0.0037259186805229834,0.00815984736240793,0.004433928681884946
87920.0,0.0037175838080520155,0.00814524061904964,0.0044276568109976235
87940.0,0.0037092627068590622,0.008130614652698093,0.004421351945839031
87960.0,0.0037009554098140513,0.008115969719366381,0.00441501430955233
87980.0,0.00369266194978691,0.00810130607506759,0.00440864412528068
88000.0,0.003684382359647566,0.00808662397581481,0.004402241616167244
88020.0,0.0036761166722659487,0.008071923677621128,0.004395807005355179
88040.0,0.0036678649205119855,0.008057205436499631,0.004389340515987645
88060.0,0.0036596271372556044,0.008042469508463409,0.004382842371207804
88080.0,0.003651403355366733,0.008027716149525549,0.004376312794158815
88100.0,0.0036431936077152994,0.008012945615699138,0.004369752007983839
88120.0,0.0036349979271712326,0.007998158162997268,0.004363160235826035
88140.0,0.003626816346604459,0.007983354047433024,0.004356537700828566
88160.0,0.003618648898884908,0.007968533525019495,0.004349884626134587
88180.0,0.003610495616882507,0.007953696851769767,0.00434320123488726
88200.0,0.0036023565334671838,0.007938844283696933,0.004336487750229749
88220.0,0.003594231681508866,0.007923976076814079,0.004329744395305212
88240.0,0.0035861210938774825,0.007909092487134289,0.0043229713932568066
88260.0,0.003578024803442962,0.007894193770670658,0.004316168967227696
88280.0,0.0035699428430752307,0.007879280183436269,0.004309337340361038
88300.0,0.0035618752456442176,0.007864351981444213,0.004302476735799995
88320.0,0.00355382204401985,0.007849409420707576,0.004295587376687726
88340.0,0.003545783271072057,0.007834452757239449,0.004288669486167391
88360.0,0.0035377589596707654,0.007819482247052915,0.0042817232873821505
88380.0,0.0035297491426859043,0.007804498146161068,0.004274749003475163
88400.0,0.003521753852987401,0.007789500710576993,0.004267746857589592
88420.0,0.003513773123445184,0.007774490196313779,0.004260717072868595
88440.0,0.00350580698692918,0.007759466859384513,0.004253659872455333
88460.0,0.0034978554763093186,0.007744430955802286,0.004246575479492968
88480.0,0.0034899186244555275,0.0077293827415801835,0.0042394641171246555
88500.0,0.003481996464237734,0.007714322472731293,0.00423232600849356
88520.0,0.0034740890285258666,0.0076992504052687035,0.004225161376742836
88540.0,0.003466196350189853,0.0076841667952055066,0.004217970445015653
88560.0,0.0034583184620996213,0.007669071898554787,0.0042107534364551665
88580.0,0.0034504553971250996,0.007653965971329631,0.004203510574204532
88600.0,0.003442607188136216,0.007638849269543131,0.004196242081406915
88620.0,0.0034347738680028986,0.007623722049208373,0.004188948181205474
88640.0,0.003426955469595075,0.007608584566338446,0.004181629096743371
88660.0,0.0034191520257826724,0.007593437076946434,0.004174285051163762
88680.0,0.0034113635694356203,0.007578279837045433,0.0041669162676098125
88700.0,0.0034035901334238464,0.007563113102648524,0.004159522969224678
88720.0,0.0033958317506172786,0.007547937129768799,0.004152105379151521
88740.0,0.0033880884538858447,0.007532752174419345,0.0041446637205335
88760.0,0.003380360276099472,0.00751755849261325,0.004137198216513778
88780.0,0.0033726472501280904,0.007502356340363603,0.004129709090235512
88800.0,0.003364949408841626,0.007487145973683491,0.004122196564841866
88820.0,0.003357266785110007,0.007471927648586004,0.0041146608634759965
88840.0,0.0033495994118031627,0.007456701621084226,0.0041071022092810635
88860.0,0.0033419473217910205,0.00744146814719125,0.00409952082540023
88880.0,0.003334310547943507,0.007426227482920161,0.004091916934976654
88900.0,0.0033266891231305525,0.00741097988428405,0.004084290761153498
88920.0,0.0033190830802220833,0.0073957256072960005,0.004076642527073918
88940.0,0.0033114924520880286,0.007380464907969106,0.004068972455881077
88960.0,0.003303917271598316,0.007365198042316451,0.004061280770718135
88980.0,0.003296357571622872,0.007349925266351125,0.004053567694728253
89000.0,0.003288813385031627,0.007334646836086215,0.004045833451054588
89020.0,0.003281284744694507,0.007319363007534813,0.004038078262840306
89040.0,0.0032737716834814416,0.007304074036710001,0.00403030235322856
89060.0,0.003266274234262358,0.007288780179624872,0.004022505945362514
89080.0,0.003258792429907184,0.007273481692292513,0.004014689262385329
89100.0,0.0032513263032858484,0.00725817883072601,0.004006852527440162
89120.0,0.003243875887268278,0.007242871850938453,0.003998995963670175
89140.0,0.003236441214724402,0.007227561008942932,0.00399111979421853
89160.0,0.003229022318524148,0.007212246560752532,0.0039832242422283845
89180.0,0.0032216192315374435,0.007196928762380341,0.003975309530842897
89200.0,0.0032142319866342163,0.007181607869839451,0.003967375883205235
89220.0,0.003206860616684396,0.007166284139142945,0.003959423522458549
89240.0,0.0031995051545579086,0.0071509578263039145,0.0039514526717460054
89260.0,0.0031921656331246836,0.007135629187335446,0.003943463554210762
89280.0,0.0031848420852546486,0.007120298478250631,0.003935456392995982
89300.0,0.003177534543817731,0.007104965955062551,0.00392743141124482
89320.0,0.0031702430416838596,0.007089631873784302,0.003919388832100442
89340.0,0.0031629676117229623,0.007074296490428966,0.003911328878706004
89360.0,0.003155708286804966,0.007058960061009635,0.003903251774204669
89380.0,0.0031484650997998004,0.007043622841539395,0.0038951577417395944
89400.0,0.0031412380835773917,0.007028285088031335,0.0038870470044539435
89420.0,0.0031340272710076696,0.007012947056498544,0.0038789197854908744
89440.0,0.0031268326949605613,0.006997609002954107,0.0038707763079935454
89460.0,0.0031196543883059945,0.006982271183411114,0.00386261679510512
89480.0,0.0031124923839138978,0.006966933853882655,0.0038544414699687576
89500.0,0.0031053467146541984,0.006951597270381818,0.0038462505557276196
89520.0,0.0030982174133968254,0.006936261688921686,0.003838044275524861
89540.0,0.003091104513011706,0.0069209273655153536,0.0038298228525036476
89560.0,0.0030840080463687683,0.006905594556175904,0.003821586509807136
89580.0,0.00307692804633794,0.00689026351691643,0.0038133354705784895
89600.0,0.0030698645457891503,0.006874934503750015,0.0038050699579608646
89620.0,0.0030628175775923258,0.006859607772689752,0.003796790195097426
89640.0,0.003055787174617396,0.0068442835797487235,0.0037884964051313275
89660.0,0.003048773369734287,0.006828962180940022,0.003780188811205735
89680.0,0.0030417761958129283,0.006813643832276735,0.0037718676364638065
89700.0,0.003034795685723247,0.0067983287897719485,0.0037635331040487014
89720.0,0.003027831872335172,0.006783017309438752,0.00375518543710358
89740.0,0.0030208847885186303,0.006767709647290235,0.0037468248587716043
89760.0,0.0030139544671435505,0.006752406059339485,0.003738451592195934
89780.0,0.0030070409410798606,0.0067371068015995884,0.003730065860519728
89800.0,0.0030001442431974884,0.006721812130083634,0.0037216678868861454
89820.0,0.0029932644063663623,0.0067065223008047105,0.0037132578944383482
89840.0,0.002986401463456409,0.006691237569775907,0.003704836106319498
89860.0,0.0029795554473375585,0.006675958193010309,0.0036964027456727507
89880.0,0.0029727263908797376,0.006660684426521008,0.00368795803564127
89900.0,0.0029659143269528737,0.006645416526321089,0.003679502199368215
89920.0,0.0029591192884268966,0.006630154748423643,0.003671035459996746
89940.0,0.0029523413081717327,0.006614899348841755,0.003662558040670022
89960.0,0.0029455804190573103,0.006599650583588516,0.003654070164531206
89980.0,0.002938836653953558,0.006584408708677013,0.0036455720547234546
90000.0,0.002932105977133497,0.0065691675016422936,0.0036370615245087967
90020.0,0.002925384333856515,0.006553920466795368,0.0036285361329388534
90040.0,0.002918671728472091,0.0065386674503132665,0.0036199957218411754
90060.0,0.002911968165329705,0.0065234082983730195,0.0036114401330433147
90080.0,0.002905273648778835,0.006508142857151658,0.0036028692083728236
90100.0,0.00289858818316896,0.006492870972826216,0.0035942827896572557
90120.0,0.0028919117728495596,0.006477592491573722,0.003585680718724162
90140.0,0.0028852444221701113,0.006462307259571206,0.003577062837401095
90160.0,0.002878586135480096,0.006447015122995702,0.0035684289875156055
90180.0,0.0028719369171289915,0.006431715928024238,0.003559779010895247
90200.0,0.0028652967714662774,0.006416409520833847,0.0035511127493675697
90220.0,0.002858665702841431,0.00640109574760156,0.0035424300447601293
90240.0,0.002852043715603934,0.0063857744545044075,0.0035337307389004735
90260.0,0.002845430814103263,0.006370445487719422,0.003525014673616159
90280.0,0.002838827002688898,0.006355108693423633,0.0035162816907347346
90300.0,0.0028322322857103174,0.006339763917794071,0.0035075316320837533
90320.0,0.0028256466675170007,0.006324411007007769,0.003498764339490768
90340.0,0.0028190701524584264,0.006309049807241756,0.0034899796547833294
90360.0,0.002812502744884074,0.006293680164673065,0.0034811774197889916
90380.0,0.0028059444491434216,0.006278301925478726,0.0034723574763353042
90400.0,0.002799395269585949,0.00626291493583577,0.0034635196662498205
90420.0,0.0027928552105611353,0.006247519041921229,0.0034546638313600934
90440.0,0.002786324276418458,0.006232114089912133,0.0034457898134936746
90460.0,0.0027798024715073974,0.006216699925985513,0.0034368974544781157
90480.0,0.0027732898001774325,0.006201276396318401,0.0034279865961409687
90500.0,0.0027667862667780417,0.006185843347087827,0.0034190570803097854
90520.0,0.0027602918756587038,0.006170400624470824,0.0034101087488121206
90540.0,0.002753806631168898,0.006154948074644421,0.003401141443475523
90560.0,0.002747330537658103,0.006139485543785651,0.003392155006127548
90580.0,0.0027408635994757985,0.0061240128780715416,0.003383149278595743
90600.0,0.0027344058209714628,0.006108529923679127,0.003374124102707664
90620.0,0.002727957206494575,0.006093036526785439,0.0033650793202908637
90640.0,0.0027215177603946137,0.006077532533567505,0.0033560147731728916
90660.0,0.0027150874870210586,0.0060620177902023595,0.003346930303181301
90680.0,0.0027086663907233883,0.006046492142867031,0.003337825752143643
90700.0,0.002702254475851082,0.006030955437738552,0.0033287009618874703
90720.0,0.0026958517467536177,0.006015407520993954,0.0033195557742403364
90740.0,0.0026894582077804756,0.005999848238810267,0.0033103900310297914
90760.0,0.002683073863281133,0.005984277437364523,0.0033012035740833897
90780.0,0.002676698717605071,0.005968694962833752,0.003291996245228681
90800.0,0.002670332775101767,0.005953100661394985,0.003282767886293218
90820.0,0.002663976040120701,0.005937494379225255,0.0032735183391045543
90840.0,0.002657628517011351,0.005921875962501591,0.00326424744549024
90860.0,0.002651290210123196,0.005906245257401026,0.00325495504727783
90880.0,0.002644961123805715,0.0058906021101005875,0.0032456409862948723
90900.0,0.002638641262408388,0.00587494636677731,0.0032363051043689216
90920.0,0.002632330630280693,0.0058592778736082235,0.0032269472433275304
90940.0,0.002626029231772109,0.005843596476770359,0.0032175672449982497
90960.0,0.0026197370712321153,0.005827902022440749,0.003208164951208634
90980.0,0.00261345415301019,0.005812194356796421,0.003198740203786231
91000.0,0.002607180481455813,0.00579647332601441,0.003189292844558597
91020.0,0.002600916060918463,0.0057807387762717445,0.0031798227153532815
91040.0,0.002594660895747619,0.005764990553745456,0.003170329657997837
91060.0,0.002588414990292759,0.005749228504612577,0.003160813514319818
91080.0,0.0025821783489033633,0.005733452475050136,0.003151274126146773
91100.0,0.0025759509759289106,0.005717662311235167,0.0031417113353062564
91120.0,0.0025697328757188793,0.005701857859344699,0.0031321249836258197
91140.0,0.0025635240526227484,0.005686038965555763,0.0031225149129330146
91160.0,0.0025573245109899974,0.0056702054760453926,0.003112880965055395
91180.0,0.0025511342551701043,0.005654357236990615,0.003103222981820511
91200.0,0.0025449532895125493,0.005638494094568464,0.003093540805055915
91220.0,0.0025387816183668104,0.005622615894955971,0.003083834276589161
91240.0,0.002532619246082367,0.005606722484330166,0.003074103238247799
91260.0,0.002526466177008698,0.00559081370886808,0.003064347531859382
91280.0,0.002520322415495282,0.0055748894147467426,0.0030545669992514605
91300.0,0.0025141879658915982,0.005558949448143187,0.003044761482251589
91320.0,0.002508062832547126,0.005542993655234444,0.0030349308226873184
91340.0,0.002501947019811344,0.005527021882197544,0.0030250748623862
91360.0,0.0024958405320337305,0.00551103397520952,0.0030151934431757897
91380.0,0.002489743373563765,0.0054950297804474,0.0030052864068836347
91400.0,0.002483655548750926,0.005479009144088217,0.002995353595337291
91420.0,0.002477577061944694,0.005462971912309002,0.002985394850364308
91440.0,0.0024715079174945464,0.0054469179312867854,0.002975410013792239
91460.0,0.002465448119749963,0.005430847047198598,0.0029653989274486354
91480.0,0.002459397673060422,0.005414759106221472,0.0029553614331610497
91500.0,0.002453356581775402,0.005398653954532437,0.0029452973727570352
91520.0,0.0024473248502443834,0.005382531438308526,0.0029352065880641426
91540.0,0.0024413024828168445,0.005366391403726769,0.0029250889209099244
91560.0,0.0024352894838422638,0.005350233696964197,0.002914944213121933
91580.0,0.002429285857670121,0.00533405816419784,0.0029047723065277193
91600.0,0.002423291608649894,0.005317864651604731,0.0028945730429548373
91620.0,0.002417306741131063,0.005301653005361902,0.002884346264230839
91640.0,0.0024113312594631064,0.00528542307164638,0.0028740918121832734
91660.0,0.0024053651679955025,0.005269174696635199,0.0028638095286396964
91680.0,0.0023994084710777315,0.00525290772650539,0.0028534992554276584
91700.0,0.0023934611730592713,0.005236622007433982,0.0028431608343747108
91720.0,0.002387523278289601,0.00522031738559801,0.0028327941073084087
91740.0,0.0023815947911182004,0.005203993707174502,0.0028223989160563014
91760.0,0.002375675715894548,0.005187650818340489,0.0028119751024459415
91780.0,0.002369766056968122,0.0051712885652730025,0.0028015225083048803
91800.0,0.002363865818688402,0.005154906794149074,0.0027910409754606717
91820.0,0.0023579750054048675,0.0051385053511457356,0.002780530345740868
91840.0,0.0023520936214669963,0.005122084082440016,0.0027699904609730193
91860.0,0.002346221671224268,0.005105642834208948,0.00275942116298468
91880.0,0.002340359159026161,0.005089181452629562,0.0027488222936034013
91900.0,0.002334506089222156,0.005072699783878889,0.002738193694656733
91920.0,0.00232866246616173,0.005056197674133961,0.0027275352079722307
91940.0,0.002322828294194362,0.005039674969571807,0.0027168466753774447
91960.0,0.0023170035776695318,0.005023131516369461,0.0027061279386999294
91980.0,0.002311188320936718,0.005006567160703951,0.002695378839767233
92000.0,0.0023053825283454003,0.00498998174875231,0.00268459922040691
92020.0,0.0022995862042450564,0.004973375126691569,0.0026737889224465127
92040.0,0.0022937993529851663,0.004956747140698758,0.002662947787713592
92060.0,0.0022880219789152083,0.00494009763695091,0.0026520756580357013
92080.0,0.002282254086384661,0.004923426461625054,0.002641172375240393
92100.0,0.002276495679743005,0.0049067334608982206,0.0026302377811552157
92120.0,0.002270746763339717,0.004890018480947444,0.0026192717176077266
92140.0,0.002265007341524278,0.004873281367949752,0.0026082740264254745
92160.0,0.0022592774186461656,0.004856521968082179,0.002597244549436013
92180.0,0.0022535569990548595,0.004839740127521752,0.0025861831284668927
92200.0,0.002247846087099838,0.004822935692445505,0.002575089605345667
92220.0,0.0022421446871305805,0.004806108509030469,0.0025639638218998883
92240.0,0.002236452803496566,0.0047892584234536725,0.0025528056199571065
92260.0,0.0022307704405472735,0.00477238528189215,0.0025416148413448763
92280.0,0.002225097602632181,0.00475548893052293,0.002530391327890749
92300.0,0.002219434294100768,0.0047385692155230445,0.0025191349214222763
92320.0,0.0022137805193025153,0.004721625983069525,0.00250784546376701
92340.0,0.002208136282586899,0.004704659079339402,0.002496522796752503
92360.0,0.0022025015883033994,0.004687668350509708,0.0024851667622063085
92380.0,0.0021968764408014955,0.004670653642757471,0.0024737772019559753
92400.0,0.002191260844430666,0.004653614802259724,0.0024623539578290583
92420.0,0.0021856548035403896,0.004636551675193498,0.002450896871653109
92440.0,0.002180058322480146,0.004619464107735824,0.002439405785255678
92460.0,0.0021744714055994133,0.0046023519460637345,0.002427880540464321
92480.0,0.0021688940572476703,0.004585215036354257,0.002416320979106587
92500.0,0.002163326281774398,0.004568053224784426,0.0024047269430100284
92520.0,0.0021577680835290726,0.004550866357531271,0.0023930982740021983
92540.0,0.0021522194668611746,0.004533654280771823,0.0023814348139106485
92560.0,0.0021466804361201827,0.004516416840683114,0.0023697364045629312
92580.0,0.0021411509956555754,0.004499153883442173,0.002358002887786598
92600.0,0.0021356311498168332,0.004481865255226033,0.0023462341054091996
92620.0,0.0021301209029534326,0.004464550802211725,0.0023344298992582927
92640.0,0.0021246202594148544,0.004447210370576281,0.0023225901111614262
92660.0,0.0021191292235505773,0.004429843806496728,0.0023107145829461507
92680.0,0.0021136477997100796,0.004412450956150101,0.0022988031564400214
92700.0,0.0021081759922428407,0.0043950316657134295,0.0022868556734705887
92720.0,0.002102713805498339,0.004377585781363746,0.002274871975865407
92740.0,0.0020972612438260544,0.00436011314927808,0.0022628519054520256
92760.0,0.0020918183115754656,0.004342613615633462,0.0022507953040579965
92780.0,0.0020863850130960503,0.004325087026606924,0.002238702013510874
92800.0,0.0020809613527372887,0.004307533228375497,0.0022265718756382083
92820.0,0.0020755473348486606,0.004289952067116214,0.0022144047322675536
92840.0,0.0020701429637796434,0.004272343389006104,0.0022022004252264605
92860.0,0.0020647482438797154,0.004254707040222197,0.0021899587963424816
92880.0,0.0020593631794983574,0.004237042866941526,0.002177679687443169
92900.0,0.0020539877749850477,0.004219350715341122,0.002165362940356074
92920.0,0.002048622034689265,0.004201630431598015,0.00215300839690875
92940.0,0.002043265962960489,0.004183881861889237,0.0021406158989287476
92960.0,0.0020379195641481974,0.004166104852391818,0.0021281852882436207
92980.0,0.00203258284260187,0.00414829924928279,0.00211571640668092
93000.0,0.002027255802670985,0.004130464898739182,0.002103209096068197
93020.0,0.002021938448705022,0.00411260164693803,0.0020906631982330077
93040.0,0.0020166307850534603,0.004094709340056361,0.0020780785550029005
93060.0,0.002011332816065778,0.004076787824271206,0.002065455008205428
93080.0,0.002006044546091455,0.004058836945759598,0.002052792399668143
93100.0,0.002000765979479969,0.004040856550698566,0.002040090571218597
93120.0,0.0019954971205808003,0.004022846485265144,0.002027349364684344
93140.0,0.0019902379737434268,0.00400480659563636,0.0020145686218929334
93160.0,0.001984988543317328,0.003986736727989246,0.0020017481846719186
93180.0,0.0019797488336519824,0.0039686367285008345,0.001988887894848852
93200.0,0.00197451884909687,0.0039505064433481545,0.0019759875942512847
93220.0,0.0019692985940014678,0.003932345718708239,0.0019630471247067713
93240.0,0.0019640880727152567,0.003914154400758118,0.0019500663280428614
93260.0,0.0019588872895877144,0.003895932335674822,0.0019370450460871077
93280.0,0.0019536962489683208,0.003877679369635383,0.001923983120667062
93300.0,0.0019485149552065544,0.003859395348816831,0.0019108803936102768
93320.0,0.0019433434126518941,0.003841080119396199,0.0018977367067443047
93340.0,0.0019381816256538187,0.0038227335275505168,0.001884551901896698
93360.0,0.0019330295985618075,0.003804355419456815,0.0018713258208950074
93380.0,0.0019278873357253391,0.003785945641292125,0.001858058305566786
93400.0,0.001922754841493893,0.003767504039233478,0.001844749197739585
93420.0,0.0019176321202169476,0.003749030459457906,0.0018313983392409586
93440.0,0.0019125191762439818,0.0037305247481424397,0.001818005571898458
93460.0,0.0019074160139244752,0.003711986751464109,0.0018045707375396337
93480.0,0.0019023226376079058,0.003693416315599945,0.0017910936779920394
93500.0,0.0018972390516437535,0.0036748132867269806,0.001777574235083227
93520.0,0.0018921652603814967,0.003656177511022245,0.0017640122506407483
93540.0,0.0018871012681706144,0.00363750883466277,0.0017504075664921558
93560.0,0.0018820470793605858,0.0036188071038255874,0.0017367600244650016
93580.0,0.0018770026983008896,0.0036000721646877263,0.0017230694663868367
93600.0,0.0018719681293410048,0.0035813038634262195,0.0017093357340852147
93620.0,0.0018669433768304104,0.003562502046218098,0.0016955586693876874
93640.0,0.0018619284451185853,0.003543666559240392,0.0016817381141218065
93660.0,0.0018569233385550088,0.0035247972486701327,0.001667873910115124
93680.0,0.0018519280614891591,0.0035058939606843515,0.0016539658991951923
93700.0,0.0018469426182705158,0.0034869565414600797,0.001640013923189564
93720.0,0.0018419670132485575,0.0034679848371743476,0.00162601782392579
93740.0,0.0018370012507727634,0.0034489786940041876,0.0016119774432314241
93760.0,0.0018320453351926124,0.0034299379581266293,0.001597892622934017
93780.0,0.001827099270857583,0.0034108624757187038,0.0015837632048611207
93800.0,0.001822163062117155,0.0033917520929574434,0.0015695890308402884
93820.0,0.0018172367133208068,0.003372606656019879,0.001555369942699072
93840.0,0.0018123202288180173,0.0033534260110830404,0.001541105782265023
93860.0,0.0018074136129582659,0.0033342100043239594,0.0015267963913656935
93880.0,0.0018025168700910308,0.0033149584819196663,0.0015124416118286355
93900.0,0.0017976300045657915,0.003295671290047194,0.0014980412854814027
93920.0,0.001792753020732027,0.003276348274883573,0.001483595254151546
93940.0,0.001787885922939216,0.003256989282605833,0.0014691033596666168
93960.0,0.0017830287155368373,0.0032375941593910064,0.001454565443854169
93980.0,0.0017781814028743704,0.003218162751416123,0.0014399813485417527
94000.0,0.0017733439893012938,0.003198694904858216,0.001425350915556922
94020.0,0.0017685164791670866,0.003179190465894314,0.0014106739867272276
94040.0,0.0017636988768212276,0.0031596492807014495,0.001395950403880222
94060.0,0.0017588911866131959,0.003140071195456654,0.001381180008843458
94080.0,0.0017540934128924704,0.0031204560563369566,0.0013663626434444861
94100.0,0.0017493055600085303,0.0031008037095193904,0.00135149814951086
94120.0,0.0017445276323108543,0.0030811140011809852,0.001336586368870131
94140.0,0.001739759634148921,0.003061386777498773,0.0013216271433498519
94160.0,0.0017350015698722103,0.0030416218846497844,0.001306620314777574
94180.0,0.0017302534438302002,0.00302181916881105,0.0012915657249808498
94200.0,0.00172551526037237,0.0030019784761596015,0.0012764632157872314
94220.0,0.001720787023848199,0.0029820996528724703,0.0012613126290242714
94240.0,0.0017160687386071655,0.0029621825451266862,0.0012461138065195207
94260.0,0.001711360408998749,0.0029422269990992816,0.0012308665901005326
94280.0,0.0017066620393724281,0.0029222328609672865,0.0012155708215948584
94300.0,0.001701973634077682,0.002902199976907733,0.001200226342830051
94320.0,0.0016972951974639895,0.0028821281930976514,0.001184832995633662
94340.0,0.0016926267338808296,0.002862017355714073,0.0011693906218332433
94360.0,0.001687968247677681,0.0028418673109340286,0.0011538990632563475
94380.0,0.0016833197432040232,0.0028216779049345495,0.0011383581617305262
94400.0,0.0016786812248093346,0.0028014489838926668,0.0011227677590833322
94420.0,0.0016740526968430944,0.0027811803939854123,0.001107127697142318
94440.0,0.0016694341636547816,0.0027608719813898156,0.001091437817735034
94460.0,0.001664825629593875,0.0027405235922829084,0.0010756979626890333
94480.0,0.0016602270990098537,0.0027201350728417216,0.001059907973831868
94500.0,0.0016556385762521966,0.002699706269243287,0.0010440676929910904
94520.0,0.0016510600656703825,0.002679237027664636,0.0010281769619942534
94540.0,0.0016464915716138905,0.002658727194282798,0.0010122356226689073
94560.0,0.0016419330984321996,0.002638176615274805,0.0009962435168426053
94580.0,0.0016373846504747886,0.002617585136817688,0.0009802004863428992
94600.0,0.0016328462320911365,0.002596952605088477,0.0009641063729973406
94620.0,0.0016283178476307223,0.0025762788662642058,0.0009479610186334834
94640.0,0.001623799501443025,0.0025555637665219022,0.0009317642650788773
94660.0,0.0016192911978775233,0.0025348071520386,0.0009155159541610767
94680.0,0.0016147929412836967,0.0025140088689913293,0.0008992159277076326
94700.0,0.0016103047360110233,0.00249316876355712,0.0008828640275460966
94720.0,0.0016058265864089829,0.002472286681913004,0.0008664600955040212
94740.0,0.0016013584968270539,0.0024513624702360132,0.0008500039734089593
94760.0,0.0015969004716147157,0.0024303959747031777,0.000833495503088462
94780.0,0.0015924525151214466,0.002409387041491529,0.0008169345263700826
94800.0,0.0015880146316967262,0.002388335516778098,0.0008003208850813717
94820.0,0.001583586825690033,0.0023672412467399154,0.0007836544210498824
94840.0,0.001579169101450846,0.002346104077554013,0.000766934976103167
94860.0,0.0015747614633286444,0.0023249238553974213,0.0007501623920687769
94880.0,0.001570363915672907,0.002303700426447172,0.0007333365107742649
94900.0,0.001565976462833113,0.002282433636880295,0.000716457174047182
94920.0,0.001561599109158741,0.0022611233328738226,0.0006995242237150816
94940.0,0.00155723185899927,0.0022397693606047856,0.0006825375016055156
94960.0,0.0015528747167041787,0.002218371566250214,0.0006654968495460353
94980.0,0.001548527686622947,0.00219692979598714,0.0006484021093641932
95000.0,0.001544188764396315,0.0021753866233342836,0.0006311978589379685
95020.0,0.0015398559439345403,0.002153685603402677,0.0006138296594681368
95040.0,0.001535529226991375,0.00213182805475784,0.0005962988277664648
95060.0,0.0015312086153205715,0.002109815295965293,0.0005786066806447217
95080.0,0.0015268941106758819,0.002087648645590557,0.000560754534914675
95100.0,0.0015225857148110588,0.0020653294221991522,0.0005427437073880935
95120.0,0.0015182834294798547,0.0020428589443565993,0.0005245755148767445
95140.0,0.001513987256436022,0.0020202385306284194,0.0005062512741923974
95160.0,0.0015096971974333125,0.001997469499580132,0.00048777230214681953
95180.0,0.0015054132542254791,0.001974553169777258,0.00046913991555177907
95200.0,0.0015011354285662743,0.00195149085978532,0.00045035543121904565
95220.0,0.00149686372220945,0.0019282838881698357,0.0004314201659603857
95240.0,0.0014925981369087586,0.001904933573496327,0.0004123354365875684
95260.0,0.0014883386744179528,0.0018814412343303142,0.0003931025599123615
95280.0,0.001484085336490785,0.0018578081892373177,0.00037372285274653284
95300.0,0.001479838124881007,0.001834035756782859,0.0003541976319018519
95320.0,0.0014755970413423717,0.001810125255532458,0.0003345282141900862
95340.0,0.0014713620876286313,0.0017860780040516353,0.000314715916423004
95360.0,0.0014671332654935384,0.0017618953209059115,0.0002947620554123731
95380.0,0.0014629105766908448,0.0017375785246608072,0.00027466794796996243
95400.0,0.0014586940229743034,0.0017131289338818431,0.0002544349109075397
95420.0,0.0014544836060976663,0.0016885478671345396,0.0002340642610368733
95440.0,0.0014502793278146863,0.0016638366429844176,0.0002135573151697313
95460.0,0.001446081189879115,0.0016389965799969975,0.00019291539011788254
95480.0,0.0014418891940447052,0.0016140289967377995,0.00017213980269309426
95500.0,0.0014377033420652093,0.0015889352117723448,0.00015123186970713545
95520.0,0.0014335236356943796,0.0015637165436661537,0.00013019290797177405
95540.0,0.0014293500766859688,0.0015383743109847465,0.00010902423429877774
95560.0,0.0014251826667937286,0.0015129098322936442,8.772716549991554e-05
95580.0,0.0014210214077714116,0.0014873244261583674,6.630301838695578e-05
95600.0,0.0014168663013727704,0.0014616194111444366,4.475310977166617e-05
95620.0,0.0014127173493515576,0.0014357961058173723,2.307875646581463e-05
95640.0,0.001408574553461525,0.0014098558287426951,1.2812752811701498e-06
95660.0,0.0014044379154564252,0.0013837998984859256,-2.0638016970499565e-05
95680.0,0.0014003074370900104,0.001357629633612584,-4.267780347742638e-05
95700.0,0.0013961831201160333,0.0013313463526881915,-6.483676742784173e-05
95720.0,0.001392064966288246,0.0013049513742782685,-8.711359200997749e-05
95740.0,0.001387952977360401,0.0012784460169483357,-0.0001095069604120653
95760.0,0.0013838471550862504,0.0012518315992639131,-0.00013201555582233724
95780.0,0.0013797475012195472,0.0012251094397905224,-0.00015463806142902476
95800.0,0.0013756540175140432,0.0011982808570936826,-0.00017737316042036057
95820.0,0.0013715667057234906,0.0011713471697389155,-0.00020021953598457504
95840.0,0.0013674855676016427,0.0011443096962917413,-0.00022317587130990134
95860.0,0.001363410604902251,0.0011171697553176807,-0.00024624084958457023
95880.0,0.0013593418193790679,0.0010899286653822545,-0.0002694131539968134
95900.0,0.001355279212785846,0.0010625877450509823,-0.00029269146773486373
95920.0,0.0013512227868763378,0.0010351483128893857,-0.0003160744739869521
95940.0,0.001347172543404296,0.001007611687462985,-0.0003395608559413109
95960.0,0.0013431284841234719,0.0009799791873373008,-0.00036314929678617105
95980.0,0.0013390906107876186,0.0009522521310778534,-0.0003868384797097652
96000.0,0.0013350589251504882,0.0009244318372501639,-0.0004106270879003243
96020.0,0.0013310334289658337,0.0008965196244197524,-0.0004345138045460813
96040.0,0.0013270141239874066,0.0008685168111521394,-0.0004584973128352671
96060.0,0.0013230010119689595,0.000840424716012846,-0.00048257629595611353
96080.0,0.0013189940946642452,0.0008122446575673926,-0.0005067494370968526
96100.0,0.0013149933738270158,0.0007839779543812996,-0.0005310154194457161
96120.0,0.0013109988512110234,0.0007556259250200877,-0.0005553729261909357
96140.0,0.0013070105285700206,0.0007271898880492775,-0.0005798206405207431
96160.0,0.00130302840765776,0.0006986711620343895,-0.0006043572456233706
96180.0,0.0012990524902279934,0.0006700710655409443,-0.0006289814246870491
96200.0,0.0012950827780344738,0.0006413909171344624,-0.0006536918609000114
96220.0,0.0012911192728309534,0.0006126320353804648,-0.0006784872374504886
96240.0,0.0012871619763711842,0.0005837957388444717,-0.0007033662375267125
96260.0,0.001283210890408919,0.0005548833460920036,-0.0007283275443169154
96280.0,0.00127926601669791,0.0005258961756885815,-0.0007533698410093285
96300.0,0.0012753273569919093,0.0004968355461997256,-0.0007784918107921837
96320.0,0.0012713949130446695,0.0004677027761909564,-0.0008036921368537131
96340.0,0.001267468686609943,0.00043849918422779493,-0.0008289695023821482
96360.0,0.0012635486794414824,0.0004092260888757616,-0.0008543225905657208
96380.0,0.0012596348932930397,0.00037988480870037683,-0.0008797500845926628
96400.0,0.0012557273299183675,0.00035047666226716126,-0.0009052506676512063
96420.0,0.001251825991071218,0.0003210029681416357,-0.0009308230229295823
96440.0,0.0012479308785053435,0.0002914650448893203,-0.0009564658336160232
96460.0,0.0012440419939744967,0.00026186421107573594,-0.0009821777828987607
96480.0,0.0012401593392324295,0.0002322017852664032,-0.0010079575539660263
96500.0,0.0012362829160328943,0.0002024790860268428,-0.0010338038300060515
96520.0,0.0012324127261296443,0.0001726974319225749,-0.0010597152942070694
96540.0,0.001228548771276431,0.0001428581415191203,-0.0010856906297573108
96560.0,0.0012246910532270068,0.0001129625333819999,-0.0011117285198450069
96580.0,0.0012208395737351248,8.301192607673371e-05,-0.001137827647658391
96600.0,0.0012169943345545365,5.300763816884255e-05,-0.001163986696385694
96620.0,0.0012131553374389945,2.2950988223847103e-05,-0.0011902043492151475
96640.0,0.0012093225841422514,-7.15670519273187e-06,-0.0012164792893349832
96660.0,0.0012054960764180597,-3.731412351537424e-05,-0.001242810199933434
96680.0,0.0012016758160201715,-6.751994817855928e-05,-0.0012691957641987309
96700.0,0.001197861804702339,-9.777286061676618e-05,-0.001295634665319105
96720.0,0.0011940540442183147,-0.0001280715422644746,-0.0013221255864827894
96740.0,0.0011902525363218514,-0.00015841467455616394,-0.0013486672108780154
96760.0,0.0011864572827667008,-0.00018880093892631355,-0.0013752582216930143
96780.0,0.0011826682853066156,-0.00021922901680940265,-0.0014018973021160182
96800.0,0.0011788855456953482,-0.00024969758963991096,-0.0014285831353352593
96820.0,0.0011751090656866507,-0.0002802053388523179,-0.0014553144045389686
96840.0,0.0011713388470342761,-0.0003107509458811028,-0.001482089792915379
96860.0,0.0011675748914919762,-0.00034133309216074505,-0.0015089079836527212
96880.0,0.0011638172008135031,-0.0003719504591257236,-0.0015357676599392267
96900.0,0.0011600657767526102,-0.00040260172821051884,-0.001562667504963129
96920.0,0.0011563206210630488,-0.00043328558084960967,-0.0015896062019126584
96940.0,0.001152581735498572,-0.00046400069847747546,-0.0016165824339760475
96960.0,0.0011488491218129317,-0.0004947457625285957,-0.0016435948843415275
96980.0,0.0011451227817598803,-0.0005255194544374498,-0.00167064223619733
97000.0,0.0011414027170931706,-0.0005563204556385173,-0.0016977231727316878
97020.0,0.0011376889295665546,-0.000587147447566277,-0.0017248363771328315
97040.0,0.0011339814209337846,-0.0006179991116552093,-0.001751980532588994
97060.0,0.0011302801929486132,-0.000648874129339793,-0.0017791543222884063
97080.0,0.0011265852473647925,-0.0006797711820545078,-0.0018063564294193003
97100.0,0.0011228965859360754,-0.0007106889512338329,-0.0018335855371699084
97120.0,0.0011192142104162139,-0.0007416261183122478,-0.0018608403287284617
97140.0,0.00111553812255896,-0.0007725813647242321,-0.0018881194872831923
97160.0,0.001111868324118067,-0.000803553371904264,-0.001915421696022331
97180.0,0.0011082048168472862,-0.0008345408212868249,-0.0019427456381341112
97200.0,0.0011045476025003708,-0.0008655423943063933,-0.0019700899968067643
97220.0,0.0011008966828310726,-0.0008965567723974482,-0.001997453455228521
97240.0,0.0010972520595931444,-0.0009275826369944696,-0.002024834696587614
97260.0,0.0010936137345403385,-0.0009586186695319367,-0.002052232404072275
97280.0,0.001089981709426407,-0.000989663551444329,-0.0020796452608707362
97300.0,0.0010863559860051024,-0.0010207159641661254,-0.0021070719501712276
97320.0,0.0010827365660301775,-0.001051774589131806,-0.0021345111551619835
97340.0,0.0010791234512553837,-0.0010828381077758501,-0.002161961559031234
97360.0,0.0010755166434344742,-0.001113905201532737,-0.002189421844967211
97380.0,0.001071916144321201,-0.0011449745518369461,-0.002216890696158147
97400.0,0.0010683219556693166,-0.0011760448401229567,-0.0022443667957922735
97420.0,0.0010647340792325733,-0.0012071147478252488,-0.0022718488270578223
97440.0,0.0010611525167647236,-0.0012381829563783006,-0.0022993354731430243
97460.0,0.0010575772700195196,-0.0012692481472165928,-0.0023268254172361122
97480.0,0.001054008340750714,-0.0013003090017746043,-0.0023543173425253183
97500.0,0.0010504457307120587,-0.0013313642014868145,-0.002381809932198873
97520.0,0.0010468894416573067,-0.0013624124277877027,-0.0024093018694450095
97540.0,0.0010433394753402098,-0.0013934523621117485,-0.0024367918374519583
97560.0,0.0010397958335145207,-0.0014244826858934314,-0.002464278519407952
97580.0,0.0010362585179339919,-0.0014555020805672302,-0.002491760598501222
97600.0,0.0010327275303523755,-0.0014865092275676253,-0.002519236757920001
97620.0,0.0010292028725234234,-0.0015175028083290955,-0.002546705680852519
97640.0,0.001025684546200889,-0.0015484815042861202,-0.0025741660504870092
97660.0,0.0010221725531385241,-0.0015794439968731793,-0.0026016165500117035
97680.0,0.001018666895090081,-0.0016103889675247516,-0.002629055862614833
97700.0,0.001015167573809312,-0.001641315097675317,-0.002656482671484629
97720.0,0.00101167459104997,-0.0016722210687593543,-0.0026838956598093243
97740.0,0.0010081879485658064,-0.0017031055622113433,-0.0027112935107771498
97760.0,0.0010047076481105748,-0.0017339672594657643,-0.002738674907576339
97780.0,0.0010012336914380267,-0.0017648048419570952,-0.0027660385333951217
97800.0,0.0009977660803019148,-0.0017956169911198165,-0.0027933830714217314
97820.0,0.0009943048164559912,-0.001826402388388407,-0.002820707204844398
97840.0,0.0009908499016540086,-0.0018571597151973464,-0.002848009616851355
97860.0,0.0009874013376497191,-0.0018878876529811132,-0.0028752889906308323
97880.0,0.0009839591261968754,-0.0019185848831741888,-0.002902544009371064
97900.0,0.0009805232690492294,-0.0019492500872110507,-0.00292977335626028
97920.0,0.000977093767960534,-0.0019798819465261797,-0.0029569757144867134
97940.0,0.000973670624684541,-0.0020104791425540544,-0.0029841497672385953
97960.0,0.0009702538409750033,-0.002041040356729154,-0.003011294197704157
97980.0,0.0009668434185856727,-0.002071564270485959,-0.0030384076890716317
98000.0,0.0009634393592703023,-0.0021020495652589472,-0.0030654889245292495
98020.0,0.0009600416647826437,-0.0021324949224825994,-0.0030925365872652433
98040.0,0.0009566503368764499,-0.002162899023591395,-0.003119549360467845
98060.0,0.0009532653773054727,-0.002193260550019813,-0.003146525927325286
98080.0,0.0009498867878234649,-0.0022235781832023326,-0.0031734649710257975
98100.0,0.0009465145701841787,-0.0022538506045734334,-0.003200365174757612
98120.0,0.0009431487261413666,-0.002284076495567595,-0.0032272252217089618
98140.0,0.0009397892574487808,-0.0023142545376192963,-0.003254043795068077
98160.0,0.0009364361658601736,-0.0023443834121630175,-0.003280819578023191
98180.0,0.0009330894531292978,-0.0023744618006332372,-0.003307551253762535
98200.0,0.0009297491210099052,-0.002404488384464436,-0.0033342375054743415
98220.0,0.0009264151712557485,-0.002434461845091092,-0.0033608770163468405
98240.0,0.00092308760562058,-0.0024643808639476855,-0.0033874684695682656
98260.0,0.0009197664258581522,-0.0024942441224686954,-0.0034140105483268478
98280.0,0.000916451633722217,-0.0025240503020886006,-0.0034405019358108176
98300.0,0.0009131432309665275,-0.002553798084241882,-0.0034669413152084096
98320.0,0.0009098412193448355,-0.0025834861503630183,-0.003493327369707854
98340.0,0.0009065456006108934,-0.0026131131818864888,-0.003519658782497382
98360.0,0.0009032563765184539,-0.0026426778602467726,-0.0035459342367652265
98380.0,0.0008999735488212691,-0.0026721788668783502,-0.003572152415699619
98400.0,0.0008966971192730913,-0.0027016148832157,-0.0035983120024887915
98420.0,0.0008934270896276733,-0.0027309845906933004,-0.0036244116803209737
98440.0,0.0008901634616387668,-0.002760286670745634,-0.003650450132384401
98460.0,0.0008869062370601249,-0.0027895198048071782,-0.003676426041867303
98480.0,0.0008836554176454995,-0.0028186826743124118,-0.0037023380919579112
98500.0,0.0008804110051486431,-0.002847773960695815,-0.003728184965844458
98520.0,0.0008771730013233079,-0.0028767923453918674,-0.0037539653467151754
98540.0,0.0008739414079232465,-0.0029057365098350482,-0.0037796779177582947
98560.0,0.0008707162267022112,-0.0029346051354598368,-0.003805321362162048
98580.0,0.0008674974594139544,-0.0029633969037007133,-0.0038308943631146677
98600.0,0.0008642851078122281,-0.002992110495992156,-0.003856395603804384
98620.0,0.0008610791736507853,-0.0030207445937686446,-0.00388182376741943
98640.0,0.000857879658683378,-0.0030492978784646594,-0.003907177537148037
98660.0,0.0008546865646637586,-0.003077769031514678,-0.003932455596178437
98680.0,0.0008514998933456795,-0.0031061567343531812,-0.00395765662769886
98700.0,0.0008483196464828931,-0.003134459668414649,-0.003982779314897543
98720.0,0.0008451458258291515,-0.0031626765151335605,-0.004007822340962712
98740.0,0.0008419784331382074,-0.0031908059559443928,-0.0040327843890826005
98760.0,0.0008388174701638131,-0.003218846672281628,-0.004057664142445441
98780.0,0.0008356629386597211,-0.003246797345579745,-0.004082460284239466
98800.0,0.0008325148403796833,-0.003274656657273222,-0.004107171497652905
98820.0,0.0008293731770774524,-0.0033024232887965393,-0.004131796465873991
98840.0,0.0008262379505067807,-0.003330095921584177,-0.0041563338720909575
98860.0,0.0008231091624214208,-0.0033576732370706143,-0.004180782399492035
98880.0,0.0008199868145751247,-0.003385153916690329,-0.004205140731265453
98900.0,0.000816870908721645,-0.0034125366418778025,-0.004229407550599447
98920.0,0.0008137614466147339,-0.0034398200940675126,-0.004253581540682247
98940.0,0.0008106584300081438,-0.0034670029546939388,-0.004277661384702083
98960.0,0.0008075618606556273,-0.0034940839051915635,-0.004301645765847191
98980.0,0.0008044717403109364,-0.0035210616269948612,-0.004325533367305798
99000.0,0.0008013880707278239,-0.003547934801538316,-0.0043493228722661405
99020.0,0.0007983108536600418,-0.0035747021102564046,-0.004373012963916447
99040.0,0.0007952400908613427,-0.0036013622345836068,-0.004396602325444949
99060.0,0.0007921757840854787,-0.003627913855954403,-0.004420089640039882
99080.0,0.0007891179350862025,-0.00365435565580327,-0.004443473590889473
99100.0,0.0007860665456172662,-0.0036806863155646914,-0.004466752861181957
99120.0,0.0007830216174324224,-0.0037069045166731422,-0.004489926134105564
99140.0,0.0007799831522854231,-0.0037330089405631065,-0.00451299209284853
99160.0,0.0007769511519300212,-0.0037589982686690587,-0.00453594942059908
99180.0,0.0007739256181199685,-0.0037848711824254823,-0.004558796800545451
99200.0,0.0007709065526090178,-0.0038106263632668546,-0.004581532915875873
99220.0,0.0007678939571509213,-0.0038362624926276544,-0.004604156449778575
99240.0,0.0007648878334994314,-0.0038617782519423643,-0.004626666085441796
99260.0,0.0007618881834083003,-0.0038871723226454606,-0.004649060506053761
99280.0,0.0007588950086312807,-0.0039124433861714245,-0.004671338394802705
99300.0,0.0007559083109221246,-0.003937590123954733,-0.0046934984348768576
99320.0,0.0007529280920345847,-0.00396261121742987,-0.004715539309464454
99340.0,0.0007499543537224131,-0.003987505348031309,-0.004737459701753722
99360.0,0.0007469870977393623,-0.004012271197193534,-0.004759258294932896
99380.0,0.0007440263258391847,-0.004036907446351024,-0.004780933772190209
99400.0,0.0007410720397756325,-0.004061412776938255,-0.004802484816713888
99420.0,0.0007381242413024582,-0.004085785870389711,-0.004823910111692168
99440.0,0.0007351829321734144,-0.004110025408139868,-0.004845208340313283
99460.0,0.000732248114142253,-0.004134130071623207,-0.00486637818576546
99480.0,0.0007293197889627265,-0.004158098542274207,-0.004887418331236934
99500.0,0.0007263979583885874,-0.004181929501527347,-0.004908327459915934
99520.0,0.000723482624173588,-0.004205621630817108,-0.004929104254990696
99540.0,0.000720573788071481,-0.004229173611577967,-0.004949747399649448
99560.0,0.0007176714518360182,-0.004252584125244407,-0.004970255577080425
99580.0,0.0007147756172209523,-0.004275851853250903,-0.004990627470471855
99600.0,0.0007118862859800355,-0.004298975477031937,-0.005010861763011973
99620.0,0.0007090034598670204,-0.004321953678021988,-0.005030957137889008
99640.0,0.0007061271406356591,-0.004344785137655537,-0.005050912278291196
99660.0,0.000703257330039704,-0.004367468537367059,-0.005070725867406763
99680.0,0.0007003940298329076,-0.004390002558591038,-0.0050903965884239455
99700.0,0.0006975372417690225,-0.004412385882761951,-0.005109923124530973
99720.0,0.0006946869676018006,-0.004434617191314277,-0.005129304158916078
99740.0,0.0006918432090849944,-0.004456695165682499,-0.005148538374767493
99760.0,0.0006890059679723564,-0.004478618487301092,-0.005167624455273448
99780.0,0.0006861752460176388,-0.004500385837604538,-0.005186561083622176
99800.0,0.0006833510449745943,-0.004521995898027317,-0.0052053469430019105
99820.0,0.0006805333665969748,-0.004543447350003905,-0.00522398071660088
99840.0,0.0006777222126385329,-0.004564738874968785,-0.0052424610876073184
99860.0,0.0006749175848530211,-0.004585869154356434,-0.005260786739209455
99880.0,0.0006721194849941917,-0.004606836869601333,-0.005278956354595525
99900.0,0.0006693279148157968,-0.004627640702137961,-0.005296968616953758
99920.0,0.0006665428760715892,-0.0046482793334007965,-0.005314822209472386
99940.0,0.0006637643705153207,-0.0046687514448243185,-0.005332515815339639
99960.0,0.0006609923999007444,-0.00468905571784301,-0.0053500481177437545
99980.0,0.000658226965981612,-0.004709190833891349,-0.005367417799872961
100000.0,0.000655466795989927,-0.004729237078892356,-0.005384703874882283
100020.0,0.000652710616466147,-0.004749275402469053,-0.0054019860189352
100040.0,0.0006499584281267067,-0.004769305481605872,-0.005419263909732579
100060.0,0.0006472102316880407,-0.004789326993287245,-0.005436537224975286
100080.0,0.0006444660278665835,-0.004809339614497606,-0.0054538056423641896
100100.0,0.0006417258173787696,-0.004829343022221386,-0.005471068839600156
100120.0,0.0006389896009410337,-0.004849336893443019,-0.005488326494384053
100140.0,0.0006362573792698101,-0.0048693209051469365,-0.005505578284416747
100160.0,0.0006335291530815337,-0.0048892947343175735,-0.005522823887399107
100180.0,0.000630804923092639,-0.004909258057939361,-0.0055400629810320005
100200.0,0.0006280846900195604,-0.004929210552996733,-0.005557295243016294
100220.0,0.0006253684545787326,-0.004949151896474121,-0.005574520351052854
100240.0,0.0006226562174865898,-0.004969081765355959,-0.005591737982842549
100260.0,0.0006199479794595672,-0.004988999836626679,-0.005608947816086247
100280.0,0.000617243741214099,-0.005008905787270714,-0.005626149528484813
100300.0,0.0006145435034666197,-0.005028799294272497,-0.005643342797739116
100320.0,0.0006118472669335639,-0.005048680034616461,-0.005660527301550025
100340.0,0.0006091550323313662,-0.005068547685287038,-0.005677702717618404
100360.0,0.0006064668003764613,-0.005088401923268661,-0.005694868723645123
100380.0,0.0006037825717852836,-0.0051082424255457625,-0.005712024997331046
100400.0,0.0006011023472742677,-0.005128068869102777,-0.005729171216377045
100420.0,0.0005984261275598481,-0.005147880930924136,-0.005746307058483984
100440.0,0.0005957539133584595,-0.005167678287994272,-0.005763432201352731
100460.0,0.0005930857053865363,-0.005187460617297619,-0.0057805463226841556
100480.0,0.0005904215043605133,-0.005207227595818608,-0.005797649100179121
100500.0,0.0005877613109968248,-0.005226978900541674,-0.005814740211538499
100520.0,0.0005851051260119054,-0.005246714208451247,-0.005831819334463153
100540.0,0.0005824529501221899,-0.005266433196531762,-0.005848886146653952
100560.0,0.0005798047840441126,-0.005286135541767652,-0.005865940325811765
100580.0,0.0005771606284941083,-0.00530582092114335,-0.005882981549637459
100600.0,0.0005745204841886113,-0.005325489011643286,-0.005900009495831898
100620.0,0.0005718843518440563,-0.005345139490251895,-0.0059170238420959516
100640.0,0.0005692522321768779,-0.00536477203395361,-0.005934024266130488
100660.0,0.0005666241259035107,-0.005384386319732863,-0.005951010445636374
100680.0,0.000564000033740389,-0.005403982024574086,-0.005967982058314475
100700.0,0.0005613799564039477,-0.005423558825461714,-0.005984938781865661
100720.0,0.0005587638946106209,-0.005443116399380179,-0.0060018802939908
100740.0,0.0005561518490768437,-0.005462654423313911,-0.006018806272390755
100760.0,0.0005535438205190505,-0.005482172574247347,-0.0060357163947663975
100780.0,0.0005509398096536757,-0.005501670529164919,-0.006052610338818595
100800.0,0.0005483398171971538,-0.005521147965051058,-0.006069487782248212
100820.0,0.0005457438438659198,-0.005540604558890197,-0.006086348402756117
100840.0,0.0005431518903764078,-0.005560039987666769,-0.006103191878043176
100860.0,0.0005405639574450525,-0.005579453928365208,-0.00612001788581026
100880.0,0.0005379800457882886,-0.005598846057969946,-0.006136826103758234
100900.0,0.0005354001561225504,-0.005618216053465415,-0.006153616209587966
100920.0,0.0005328242891642728,-0.005637563591836049,-0.006170387881000322
100940.0,0.0005302524456298901,-0.005656888350066281,-0.006187140795696171
100960.0,0.0005276846262358371,-0.005676190005140543,-0.00620387463137638
100980.0,0.000525120831698548,-0.005695468234043267,-0.006220589065741815
101000.0,0.0005225610627344577,-0.005714722713758888,-0.006237283776493346
101020.0,0.0005200053200600007,-0.005733953121271837,-0.006253958441331838
101040.0,0.0005174536043916114,-0.005753159133566547,-0.006270612737958158
101060.0,0.0005149059164457246,-0.0057723404276274525,-0.006287246344073177
101080.0,0.0005123622569387747,-0.005791496680438984,-0.006303858937377759
101100.0,0.000509822626587196,-0.005810627568985575,-0.0063204501955727715
101120.0,0.0005072870261074236,-0.00582973277025166,-0.006337019796359084
101140.0,0.0005047554562158917,-0.005848811961221669,-0.00635356741743756
101160.0,0.0005022279176290352,-0.005867864818880035,-0.006370092736509071
101180.0,0.0004997044110632882,-0.005886891020211195,-0.006386595431274483
101200.0,0.0004971849372350856,-0.005905890242199576,-0.006403075179434662
101220.0,0.0004946694968608618,-0.005924862161829614,-0.006419531658690476
101240.0,0.0004921580906570514,-0.005943806456085743,-0.006435964546742795
101260.0,0.0004896507193400892,-0.0059627228019523935,-0.006452373521292483
101280.0,0.00048714738362640934,-0.005981610876413999,-0.006468758260040408
101300.0,0.00048464808423244677,-0.006000470356454991,-0.006485118440687438
101320.0,0.0004821528218746357,-0.006019300919059805,-0.0065014537409344405
101340.0,0.00047966159726941095,-0.006038102241212871,-0.006517763838482282
101360.0,0.00047717441113320704,-0.006056873999898624,-0.006534048411031831
101380.0,0.0004746912641824584,-0.006075615872101496,-0.006550307136283955
101400.0,0.0004722121571335997,-0.00609432753480592,-0.00656653969193952
101420.0,0.0004697370907030655,-0.0061130086649963285,-0.006582745755699394
101440.0,0.00046726606560729047,-0.006131658939657153,-0.006598925005264444
101460.0,0.00046479908256270895,-0.006150278035772829,-0.006615077118335538
101480.0,0.0004623361422857556,-0.006168865630327787,-0.006631201772613543
101500.0,0.000459877245492865,-0.006187421400306461,-0.006647298645799326
101520.0,0.00045742239290047173,-0.006205945022693284,-0.0066633674155937555
101540.0,0.0004549715852250103,-0.006224436174472688,-0.006679407759697698
101560.0,0.0004525248231829153,-0.006242894532629106,-0.0066954193558120215
101580.0,0.00045008210749062125,-0.006261319774146972,-0.006711401881637593
101600.0,0.00044764343886456276,-0.006279711576010716,-0.006727355014875279
101620.0,0.00044520881802117445,-0.006298069615204773,-0.006743278433225947
101640.0,0.0004427782456768908,-0.006316393568713575,-0.006759171814390466
101660.0,0.0004403517225481464,-0.006334683113521556,-0.006775034836069702
101680.0,0.00043792924935137574,-0.006352937926613148,-0.006790867175964523
101700.0,0.00043551082680301343,-0.006371157684972783,-0.006806668511775796
101720.0,0.0004330964556194941,-0.006389342065584894,-0.006822438521204389
101740.0,0.00043068613651725226,-0.006407490745433915,-0.006838176881951167
101760.0,0.00042827987021272246,-0.006425603401504278,-0.006853883271717
101780.0,0.0004258776574223393,-0.006443679710780416,-0.006869557368202756
101800.0,0.0004234794988625372,-0.006461719350246762,-0.006885198849109299
101820.0,0.000421085395249751,-0.006479721996887748,-0.006900807392137499
101840.0,0.000418695347300415,-0.006497687327687808,-0.006916382674988223
101860.0,0.00041630935573096385,-0.006515615019631373,-0.006931924375362337
101880.0,0.0004139274212578322,-0.006533504749702878,-0.00694743217096071
101900.0,0.0004115495445974545,-0.006551356194886752,-0.006962905739484207
101920.0,0.0004091757264662654,-0.006569169032167433,-0.0069783447586336984
101940.0,0.00040680596758069937,-0.006586942938529351,-0.00699374890611005
101960.0,0.000404440268657191,-0.0066046775909569385,-0.0070091178596141295
101980.0,0.0004020786304121749,-0.006622372666434629,-0.007024451296846804
102000.0,0.00039972105356208556,-0.006640027841946856,-0.0070397488955089415
102020.0,0.0003973675388233576,-0.006657642794478051,-0.007055010333301409
102040.0,0.0003950180869124256,-0.006675217201012647,-0.007070235287925073
102060.0,0.0003926726985457241,-0.006692750738535076,-0.0070854234370808
102080.0,0.0003903313744396876,-0.006710243084029774,-0.007100574458469461
102100.0,0.0003879941153107507,-0.0067276939144811695,-0.00711568802979192
102120.0,0.00038566092187534805,-0.006745102906873698,-0.007130763828749046
102140.0,0.000383331794849914,-0.0067624697381917925,-0.0071458015330417065
102160.0,0.0003810067349508834,-0.006779794085419885,-0.007160800820370769
102180.0,0.00037868574289469067,-0.006797075625542409,-0.0071757613684370995
102200.0,0.00037636881939777026,-0.006814314035543796,-0.007190682854941567
102220.0,0.0003740559651765569,-0.006831508992408478,-0.007205564957585035
102240.0,0.00037174718094748504,-0.00684866017312089,-0.007220407354068375
102260.0,0.00036944246742698936,-0.006865767254665465,-0.007235209722092455
102280.0,0.00036714182533150434,-0.006882829914026635,-0.007249971739358139
102300.0,0.0003648452553774645,-0.006899847828188831,-0.007264693083566295
102320.0,0.0003625527582813046,-0.0069168206741364886,-0.007279373432417793
102340.0,0.0003602643347594589,-0.006933748128854039,-0.007294012463613498
102360.0,0.00035797998552836223,-0.006950629869325915,-0.007308609854854277
102380.0,0.00035569971130444905,-0.006967465572536551,-0.007323165283841001
102400.0,0.0003534235128041538,-0.006984254915470377,-0.007337678428274531
102420.0,0.0003511513907439113,-0.007000997575111828,-0.007352148965855739
102440.0,0.0003488833458401559,-0.0070176932284453375,-0.007366576574285494
102460.0,0.0003466193788093223,-0.007034341552455335,-0.007380960931264658
102480.0,0.000344359490367845,-0.007050942224126258,-0.007395301714494103
102500.0,0.00034210368123215853,-0.007067494920442535,-0.0074095986016746935
102520.0,0.0003398519521186975,-0.0070839993183886,-0.0074238512705072975
102540.0,0.0003376043037438964,-0.007100455094948886,-0.007438059398692782
102560.0,0.0003353607368241899,-0.007116861927107826,-0.007452222663932016
102580.0,0.0003331212520760125,-0.007133219491849853,-0.0074663407439258655
102600.0,0.0003308858502157988,-0.0071495274661594,-0.0074804133163751995
102620.0,0.0003286545319599834,-0.0071657855270209,-0.007494440058980883
102640.0,0.0003264272980250007,-0.007181993351418784,-0.007508420649443784
102660.0,0.00032420414912728536,-0.007198150616337487,-0.007522354765464772
102680.0,0.00032198508598327194,-0.0072142569987614395,-0.0075362420847447115
102700.0,0.00031977010930939507,-0.007230312175675076,-0.007550082284984471
102720.0,0.00031755921982208927,-0.00724631582406283,-0.007563875043884919
102740.0,0.00031535241823778905,-0.007262267620909132,-0.00757762003914692
102760.0,0.000313149705272929,-0.007278167243198417,-0.007591316948471346
102780.0,0.0003109510816439436,-0.007294014367915115,-0.007604965449559058
102800.0,0.00030875654806726766,-0.007309808672043661,-0.0076185652201109285
102820.0,0.00030656610525933546,-0.007325549832568489,-0.007632115937827824
102840.0,0.00030437975393658175,-0.007341237526474028,-0.00764561728041061
102860.0,0.0003021974948154411,-0.007356871430744713,-0.007659068925560154
102880.0,0.00030001932861234784,-0.007372451222364979,-0.007672470550977327
102900.0,0.00029784525604373686,-0.007387976578319255,-0.0076858218343629926
102920.0,0.0002956752778260424,-0.007403447175591976,-0.0076991224534180185
102940.0,0.00029350939467569925,-0.007418862691167575,-0.007712372085843274
102960.0,0.00029134760730914195,-0.007434222802030481,-0.007725570409339623
102980.0,0.0002891899164428049,-0.007449527185165132,-0.007738717101607937
103000.0,0.00028703632279312286,-0.007464775517555958,-0.007751811840349081
103020.0,0.0002848868270765303,-0.007479967476187391,-0.007764854303263922
103040.0,0.0002827414300094618,-0.007495102738043867,-0.007777844168053329
103060.0,0.0002806001323083519,-0.007510180980109818,-0.0077907811124181695
103080.0,0.00027846293468963514,-0.007525201879369674,-0.007803664814059309
103100.0,0.00027632983786974615,-0.00754016511280787,-0.007816494950677617
103120.0,0.00027420084256511945,-0.007555070357408838,-0.007829271199973958
103140.0,0.00027207594949218967,-0.007569917290157011,-0.0078419932396492
103160.0,0.00026995515936739125,-0.00758470558803682,-0.00785466074740421
103180.0,0.00026783847290715886,-0.007599434928032703,-0.007867273400939862
103200.0,0.000265725890827927,-0.0076141049871290886,-0.007879830877957015
103220.0,0.0002636174138461302,-0.007628715442310409,-0.00789233285615654
103240.0,0.00026151304267820315,-0.007643265970561102,-0.007904779013239304
103260.0,0.0002594127780405803,-0.007657756248865594,-0.007917169026906173
103280.0,0.0002573166206496963,-0.007672185954208319,-0.007929502574858015
103300.0,0.0002552245712219857,-0.007686554763573715,-0.007941779334795701
103320.0,0.0002531366304738829,-0.00770086235394621,-0.007953998984420093
103340.0,0.0002510527991218227,-0.007715108402310238,-0.007966161201432061
103360.0,0.00024897307788223944,-0.007729292585650233,-0.007978265663532472
103380.0,0.00024689746747156785,-0.007743414580950626,-0.007990312048422194
103400.0,0.00024482596860624247,-0.007757474065195849,-0.008002300033802092
103420.0,0.0002427585820026978,-0.007771470715370338,-0.008014229297373037
103440.0,0.00024069530837736843,-0.007785404208458524,-0.008026099516835892
103460.0,0.0002386361484466889,-0.007799274221444838,-0.008037910369891528
103480.0,0.00023658110292709385,-0.007813080431313717,-0.008049661534240811
103500.0,0.00023453017253501776,-0.00782682251504959,-0.008061352687584608
103520.0,0.00023248335798689527,-0.007840500149636893,-0.008072983507623789
103540.0,0.00023044065999916076,-0.007854113012060055,-0.008084553672059217
103560.0,0.00022840207928824906,-0.007867660779303513,-0.008096062858591761
103580.0,0.00022636761657059454,-0.007881143128351696,-0.00810751074492229
103600.0,0.00022433727256263185,-0.00789455973618904,-0.008118897008751671
103620.0,0.00022231104798079544,-0.007907910279799974,-0.00813022132778077
103640.0,0.00022028894354152005,-0.007921194436168935,-0.008141483379710455
103660.0,0.00021827095996124015,-0.007934411882280352,-0.008152682842241592
103680.0,0.00021625709795639029,-0.00794756229511866,-0.008163819393075051
103700.0,0.00021424735824340503,-0.007960645351668294,-0.008174892709911698
103720.0,0.00021224174153871886,-0.007973660728913683,-0.008185902470452403
103740.0,0.00021024024855876655,-0.00798660810383926,-0.008196848352398025
103760.0,0.0002082428800199825,-0.007999487153429458,-0.008207730033449441
103780.0,0.00020624963663880137,-0.008012297554668714,-0.008218547191307515
103800.0,0.00020426051913165764,-0.008025038984541455,-0.008229299503673113
103820.0,0.00020227552821498577,-0.008037711120032116,-0.008239986648247101
103840.0,0.0002002946646052206,-0.00805031363812513,-0.00825060830273035
103860.0,0.0001983179290187965,-0.008062846215804931,-0.008261164144823727
103880.0,0.0001963453221721481,-0.008075308530055949,-0.008271653852228097
103900.0,0.00019437684478170993,-0.00808770025786262,-0.00828207710264433
103920.0,0.0001924124975639165,-0.008100021076209376,-0.008292433573773293
103940.0,0.00019045228123520247,-0.008112270662080649,-0.008302722943315851
103960.0,0.00018849619651200238,-0.00812444869246087,-0.008312944888972872
103980.0,0.00018654424411075084,-0.008136554844334473,-0.008323099088445224
104000.0,0.00018459642474788227,-0.008148588794685895,-0.008333185219433778
104020.0,0.00018265273913983126,-0.008160550220499562,-0.008343202959639393
104040.0,0.00018071318800303248,-0.008172438798759911,-0.008353151986762944
104060.0,0.00017877777205392052,-0.008184254206451374,-0.008363031978505294
104080.0,0.00017684649200892978,-0.008195996120558383,-0.008372842612567313
104100.0,0.00017491934858449495,-0.008207664218065371,-0.008382583566649867
104120.0,0.00017299634249705044,-0.008219258175956772,-0.008392254518453822
104140.0,0.000171077474463031,-0.008230777671217018,-0.00840185514568005
104160.0,0.00016916274519887113,-0.008242222380830541,-0.008411385126029413
104180.0,0.0001672521554210054,-0.008253591981781775,-0.00842084413720278
104200.0,0.0001653457058458683,-0.008264886151055154,-0.008430231856901022
104220.0,0.00016344339718989435,-0.008276104565635108,-0.008439547962825002
104240.0,0.00016154523016951832,-0.008287246902506071,-0.00844879213267559
104260.0,0.00015965120550117464,-0.008298312838652476,-0.008457964044153651
104280.0,0.00015776132390129787,-0.008309302051058755,-0.008467063374960053
104300.0,0.00015587558608632252,-0.008320214216709343,-0.008476089802795666
104320.0,0.00015399399277268332,-0.008331049012588668,-0.008485043005361351
104340.0,0.00015211654467681474,-0.008341806115681168,-0.008493922660357983
104360.0,0.0001502432425151513,-0.008352485202971275,-0.008502728445486427
104380.0,0.00014837408700412762,-0.00836308595144342,-0.008511460038447547
104400.0,0.00014650907886017812,-0.008373608038082032,-0.00852011711694221
104420.0,0.0001446482187997376,-0.008384051139871554,-0.008528699358671291
104440.0,0.0001427915075392405,-0.00839441493379641,-0.00853720644133565
104460.0,0.0001409389457951214,-0.008404699096841035,-0.008545638042636156
104480.0,0.00013909053428381486,-0.008414903305989865,-0.00855399384027368
104500.0,0.0001372462737217553,-0.008425027238227328,-0.008562273511949084
104520.0,0.00013540616482537755,-0.008435070570537861,-0.00857047673536324
104540.0,0.00013357020831111603,-0.008445032979905896,-0.008578603188217012
104560.0,0.0001317384048954053,-0.008454914143315862,-0.008586652548211266
104580.0,0.00012991075529467997,-0.008464713737752195,-0.008594624493046875
104600.0,0.0001280872602253744,-0.00847443144019933,-0.008602518700424704
104620.0,0.0001262679204039235,-0.008484066927641695,-0.008610334848045619
104640.0,0.00012445273654676156,-0.008493619877063725,-0.008618072613610486
104660.0,0.00012264170937032333,-0.008503089965449852,-0.008625731674820175
104680.0,0.0001208348395910432,-0.008512476869784511,-0.008633311709375554
104700.0,0.00011903212792535574,-0.008521780267052134,-0.00864081239497749
104720.0,0.00011723357508969568,-0.00853099983423715,-0.008648233409326847
104740.0,0.00011543918180049748,-0.008540135248323998,-0.008655574430124494
104760.0,0.00011364894877419572,-0.008549186186297105,-0.0086628351350713
104780.0,0.00011186287672722494,-0.008558152325140908,-0.008670015201868133
104800.0,0.0001100809663760196,-0.008567033341839838,-0.008677114308215857
104820.0,0.00010830321843701449,-0.008575828913378328,-0.008684132131815342
104840.0,0.00010652963362664406,-0.008584538716740812,-0.008691068350367455
104860.0,0.00010476021266134285,-0.008593162428911722,-0.008697922641573064
104880.0,0.00010299495625754545,-0.008601699726875491,-0.008704694683133037
104900.0,0.0001012338651316863,-0.008610150287616549,-0.008711384152748235
104920.0,9.947694000020019e-05,-0.008618513788119331,-0.008717990728119532
104940.0,9.772418157952158e-05,-0.008626789905368273,-0.008724514086947794
104960.0,9.597559058608502e-05,-0.008634978316347802,-0.008730953906933887
104980.0,9.4231167736325e-05,-0.008643078698042355,-0.00873730986577868
105000.0,9.249010945918266e-05,-0.008651135431879385,-0.008743625541338567
105020.0,9.07516119027304e-05,-0.008659192937229273,-0.008749944549132003
105040.0,8.901567536209992e-05,-0.008667250947990798,-0.008756266623352897
105060.0,8.728230013242291e-05,-0.008675309198062756,-0.00876259149819518
105080.0,8.555148650883107e-05,-0.00868336742134393,-0.00876891890785276
105100.0,8.382323478645609e-05,-0.008691425351733104,-0.00877524858651956
105120.0,8.209754526042969e-05,-0.008699482723129068,-0.008781580268389499
105140.0,8.037441822588354e-05,-0.008707539269430612,-0.008787913687656496
105160.0,7.865385397794934e-05,-0.008715594724536521,-0.00879424857851447
105180.0,7.693585281175881e-05,-0.008723648822345585,-0.008800584675157343
105200.0,7.522041502244363e-05,-0.008731701296756583,-0.008806921711779027
105220.0,7.35075409051355e-05,-0.00873975188166831,-0.008813259422573445
105240.0,7.17972307549661e-05,-0.008747800310979553,-0.008819597541734519
105260.0,7.008948486706714e-05,-0.008755846318589097,-0.008825935803456164
105280.0,6.838430353657032e-05,-0.008763889638395729,-0.0088322739419323
105300.0,6.668168705860735e-05,-0.008771930004298236,-0.008838611691356843
105320.0,6.49816357283099e-05,-0.00877996715019541,-0.00884494878592372
105340.0,6.328414984080967e-05,-0.00878800080998603,-0.00885128495982684
105360.0,6.158922969123838e-05,-0.008796030717568893,-0.008857619947260132
105380.0,5.9896875574727715e-05,-0.00880405660684278,-0.008863953482417508
105400.0,5.820708778640936e-05,-0.00881207821170648,-0.00887028529949289
105420.0,5.6519866621415016e-05,-0.008820095266058777,-0.008876615132680192
105440.0,5.483521237487639e-05,-0.008828107503798463,-0.008882942716173339
105460.0,5.315312534192517e-05,-0.008836114658824324,-0.008889267784166249
105480.0,5.1473605817693056e-05,-0.008844116465035147,-0.00889559007085284
105500.0,4.979665409731175e-05,-0.008852112656329717,-0.008901909310427029
105520.0,4.8122270475912945e-05,-0.008860102966606827,-0.008908225237082741
105540.0,4.645045524862832e-05,-0.00886808712976526,-0.008914537585013888
105560.0,4.4781208710589606e-05,-0.008876064879703802,-0.008920846088414392
105580.0,4.311453115692847e-05,-0.008884035950321244,-0.008927150481478172
105600.0,4.1450422882776625e-05,-0.00889200007551637,-0.008933450498399146
105620.0,3.978888418326577e-05,-0.008899956989187972,-0.008939745873371237
105640.0,3.812991535352758e-05,-0.008907906425234832,-0.008946036340588359
105660.0,3.647351668869378e-05,-0.00891584811755574,-0.008952321634244434
105680.0,3.481968848389604e-05,-0.008923781800049484,-0.00895860148853338
105700.0,3.3168431034266085e-05,-0.008931707206614847,-0.008964875637649113
105720.0,3.151974463493558e-05,-0.00893962407115062,-0.008971143815785556
105740.0,2.9873629581036254e-05,-0.008947532127555594,-0.00897740575713663
105760.0,2.823008616769978e-05,-0.008955431109728549,-0.00898366119589625
105780.0,2.6589114690057868e-05,-0.008963320751568275,-0.008989909866258333
105800.0,2.4950715443242203e-05,-0.008971200786973561,-0.008996151502416803
105820.0,2.33148887223845e-05,-0.008979070949843192,-0.009002385838565576
105840.0,2.168163482261643e-05,-0.00898693097407596,-0.009008612608898577
105860.0,2.0050954039069706e-05,-0.008994780593570645,-0.009014831547609714
105880.0,1.8422846666876038e-05,-0.009002619542226037,-0.009021042388892913
105900.0,1.679731300116709e-05,-0.009010447553940926,-0.009027244866942093
105920.0,1.5174353337074596e-05,-0.009018264362614097,-0.009033438715951171
105940.0,1.3553967969730216e-05,-0.009026069702144337,-0.009039623670114067
105960.0,1.1936157194265678e-05,-0.009033863306430434,-0.0090457994636247
105980.0,1.0320921305812654e-05,-0.009041644909371177,-0.00905196583067699
106000.0,8.708260599502862e-06,-0.009049414244865352,-0.009058122505464856
106020.0,7.098175370467976e-06,-0.009057171046811745,-0.009064269222182213
106040.0,5.490665913839719e-06,-0.009064915049109144,-0.009070405715022984
106060.0,3.885732524749761e-06,-0.009072645985656337,-0.009076531718181086
106080.0,2.2833754983298248e-06,-0.009080363590352108,-0.009082646965850438
106100.0,6.835951297115809e-07,-0.009088067597095252,-0.009088751192224962
106120.0,-9.136082859732615e-07,-0.009095757739784549,-0.009094844131498575
106140.0,-2.5082344535929903e-06,-0.009103433752318788,-0.009100925517865194
106160.0,-4.100283078015937e-06,-0.009111095368596759,-0.009106995085518743
106180.0,-5.689753864110377e-06,-0.009118742322517248,-0.009113052568653138
106200.0,-7.2766465167446424e-06,-0.00912637434797904,-0.009119097701462294
106220.0,-8.860960740787007e-06,-0.009133991178880925,-0.009125130218140138
106240.0,-1.0442696241105802e-05,-0.009141592549121686,-0.00913114985288058
106260.0,-1.2021852722569307e-05,-0.009149178192600116,-0.009137156339877547
106280.0,-1.3598429890045847e-05,-0.009156747843215001,-0.009143149413324956
106300.0,-1.5172427448403697e-05,-0.009164301234865125,-0.009149128807416721
106320.0,-1.6743845102511194e-05,-0.00917183810144928,-0.009155094256346768
106340.0,-1.8312682557236612e-05,-0.00917935817686625,-0.009161045494309013
106360.0,-1.9878939517448277e-05,-0.009186861195014821,-0.009166982255497374
106380.0,-2.1442615688014466e-05,-0.009194346889793785,-0.00917290427410577
106400.0,-2.3003710773803502e-05,-0.009201814995101927,-0.009178811284328124
106420.0,-2.4562224479683695e-05,-0.009209265244838031,-0.009184703020358348
106440.0,-2.611815651052334e-05,-0.00921669737290089,-0.009190579216390366
106460.0,-2.7671506571190736e-05,-0.009224111113189288,-0.009196439606618097
106480.0,-2.9222274366554188e-05,-0.009231506199602012,-0.009202283925235458
106500.0,-3.077045960148197e-05,-0.009238882366037851,-0.00920811190643637
106520.0,-3.231606198084245e-05,-0.009246239346395591,-0.009213923284414748
106540.0,-3.3859081209503886e-05,-0.009253576874574019,-0.009219717793364515
106560.0,-3.5399516992334594e-05,-0.009260894684471926,-0.009225495167479591
106580.0,-3.693736903420284e-05,-0.009268192509988093,-0.00923125514095389
106600.0,-3.8472637039977003e-05,-0.009275470085021312,-0.009236997447981335
106620.0,-4.000532071452533e-05,-0.00928272714347037,-0.009242721822755845
106640.0,-4.1535419762716144e-05,-0.009289963419234052,-0.009248427999471336
106660.0,-4.306293388941772e-05,-0.009297178646211147,-0.00925411571232173
106680.0,-4.458786279949841e-05,-0.009304372558300442,-0.009259784695500943
106700.0,-4.6110206197826484e-05,-0.009311544889400725,-0.009265434683202898
106720.0,-4.762996378927027e-05,-0.009318695373410782,-0.00927106540962151
106740.0,-4.9147135278698036e-05,-0.009325823744229399,-0.009276676608950702
106760.0,-5.066172037097808e-05,-0.009332929735755367,-0.009282268015384388
106780.0,-5.217371877097876e-05,-0.00934001308188747,-0.00928783936311649
106800.0,-5.368313018356834e-05,-0.0093470735165245,-0.009293390386340932
106820.0,-5.5189954313615134e-05,-0.009354110773565238,-0.009298920819251624
106840.0,-5.669419086598742e-05,-0.009361124586908475,-0.009304430396042488
106860.0,-5.819583954555354e-05,-0.009368114690452995,-0.009309918850907442
106880.0,-5.969490005718179e-05,-0.009375080818097594,-0.009315385918040412
106900.0,-6.119137210574046e-05,-0.009382022703741048,-0.009320831331635308
106920.0,-6.268525539609783e-05,-0.009388940081282151,-0.009326254825886053
106940.0,-6.417654963312226e-05,-0.00939583268461969,-0.009331656134986568
106960.0,-6.566525452168203e-05,-0.00940270024765245,-0.009337034993130768
106980.0,-6.715136976664541e-05,-0.009409542504279219,-0.009342391134512573
107000.0,-6.863489507288076e-05,-0.009416359188398785,-0.009347724293325905
107020.0,-7.01158301452563e-05,-0.009423150033909937,-0.00935303420376468
107040.0,-7.159417468864043e-05,-0.009429914774711456,-0.009358320600022816
107060.0,-7.306992840790141e-05,-0.009436653144702139,-0.009363583216294238
107080.0,-7.454309100790753e-05,-0.009443364877780762,-0.009368821786772855
107100.0,-7.60136621935271e-05,-0.009450049707846124,-0.009374036045652597
107120.0,-7.748164166962844e-05,-0.009456707368797002,-0.009379225727127374
107140.0,-7.894702914107984e-05,-0.009463337594532191,-0.009384390565391112
107160.0,-8.040982431274962e-05,-0.009469940118950474,-0.009389530294637724
107180.0,-8.187002688950603e-05,-0.009476514675950638,-0.009394644649061132
107200.0,-8.332763657621744e-05,-0.009483060999431473,-0.009399733362855255
107220.0,-8.478265307775212e-05,-0.009489578823291765,-0.009404796170214013
107240.0,-8.623507609897839e-05,-0.0094960678814303,-0.009409832805331322
107260.0,-8.768490534476454e-05,-0.00950252790774587,-0.009414843002401106
107280.0,-8.913214051997884e-05,-0.009508958636137255,-0.009419826495617277
107300.0,-9.057678132948967e-05,-0.009515359800503246,-0.009424783019173757
107320.0,-9.201882747816528e-05,-0.009521731134742636,-0.00942971230726447
107340.0,-9.3458278670874e-05,-0.009528072372754203,-0.009434614094083329
107360.0,-9.489513461248407e-05,-0.009534383248436737,-0.009439488113824253
107380.0,-9.632939500786388e-05,-0.009540663495689028,-0.009444334100681163
107400.0,-9.776105956188169e-05,-0.009546912848409861,-0.00944915178884798
107420.0,-9.91901279794058e-05,-0.009553131040498025,-0.009453940912518619
107440.0,-0.0001006165999653045,-0.009559317805852304,-0.009458701205887
107460.0,-0.00010204047522444614,-0.00956547287837149,-0.009463432403147044
107480.0,-0.00010346175346169902,-0.009571595991954368,-0.00946813423849267
107500.0,-0.00010488043438193138,-0.009577686880499724,-0.009472806446117792
107520.0,-0.00010629651769001156,-0.009583745277906347,-0.009477448760216335
107540.0,-0.00010771000309080791,-0.009589770918073025,-0.009482060914982217
107560.0,-0.00010912089028918867,-0.009595763534898542,-0.009486642644609354
107580.0,-0.00011052917899002217,-0.009601722862281687,-0.009491193683291665
107600.0,-0.00011193486889817669,-0.009607648634121252,-0.009495713765223075
107620.0,-0.00011333795971852053,-0.009613540584316016,-0.009500202624597496
107640.0,-0.00011473845115592205,-0.009619398446764772,-0.009504659995608851
107660.0,-0.00011613634291524951,-0.009625221955366305,-0.009509085612451056
107680.0,-0.00011753163470137122,-0.0096310108440194,-0.009513479209318028
107700.0,-0.00011892432621915546,-0.009636764846622852,-0.009517840520403697
107720.0,-0.00012031441717347059,-0.009642483697075441,-0.00952216927990197
107740.0,-0.00012170190726918486,-0.009648167129275957,-0.009526465222006772
107760.0,-0.00012308679621116659,-0.00965381487712319,-0.009530728080912024
107780.0,-0.00012446908370428408,-0.009659426674515921,-0.009534957590811638
107800.0,-0.00012584876945340571,-0.00966500225535294,-0.009539153485899536
107820.0,-0.0001272258531633996,-0.00967054135353304,-0.00954331550036964
107840.0,-0.0001286003345391342,-0.009676043702954997,-0.009547443368415863
107860.0,-0.0001299722132854778,-0.00968150903751761,-0.009551536824232132
107880.0,-0.0001313414891072987,-0.009686937091119657,-0.009555595602012358
107900.0,-0.00013270816170946517,-0.00969232759765993,-0.009559619435950465
107920.0,-0.00013407223079684553,-0.009697680291037217,-0.009563608060240371
107940.0,-0.00013543369607430807,-0.009702994905150303,-0.009567561209075995
107960.0,-0.00013679255724672113,-0.009708271173897977,-0.009571478616651256
107980.0,-0.00013814881401895296,-0.009713508831179026,-0.009575360017160073
108000.0,-0.00013950246609587187,-0.009718707610892234,-0.009579205144796363
108020.0,-0.0001408535131823462,-0.009723867246936392,-0.009583013733754047
108040.0,-0.0001422019549832443,-0.009728987473210288,-0.009586785518227043
108060.0,-0.00014354779120343434,-0.009734068023612704,-0.009590520232409269
108080.0,-0.0001448910215477847,-0.009739108632042436,-0.00959421761049465
108100.0,-0.00014623164572116372,-0.009744109032398264,-0.0095978773866771
108120.0,-0.00014756966342843964,-0.009749068958578975,-0.009601499295150535
108140.0,-0.0001489050743744808,-0.009753988144483363,-0.009605083070108883
108160.0,-0.00015023787826415544,-0.009758866324010207,-0.009608628445746052
108180.0,-0.0001515680748023319,-0.009763703231058301,-0.009612135156255969
108200.0,-0.00015289566369387853,-0.009768498599526429,-0.009615602935832551
108220.0,-0.00015422064464366362,-0.009773252163313378,-0.009619031518669715
108240.0,-0.0001555430173565554,-0.009777963656317938,-0.009622420638961383
108260.0,-0.00015686278153742228,-0.009782632812438895,-0.009625770030901473
108280.0,-0.00015817993689113248,-0.009787259365575035,-0.009629079428683903
108300.0,-0.00015949448312255432,-0.009791843049625147,-0.009632348566502594
108320.0,-0.00016080641993655614,-0.009796383598488017,-0.009635577178551461
108340.0,-0.00016211574703800614,-0.009800880746062432,-0.009638764999024425
108360.0,-0.00016342246413177276,-0.009805334226247181,-0.009641911762115409
108380.0,-0.00016472657092272424,-0.009809743772941049,-0.009645017202018324
108400.0,-0.00016602806711572889,-0.009814109120042826,-0.009648081052927098
108420.0,-0.000167326952415655,-0.009818430001451299,-0.009651103049035643
108440.0,-0.0001686232265273709,-0.009822706151065253,-0.009654082924537882
108460.0,-0.00016991688915574487,-0.009826937302783476,-0.009657020413627732
108480.0,-0.0001712079400056452,-0.009831123190504758,-0.009659915250499113
108500.0,-0.00017249637878194026,-0.009835263548127884,-0.009662767169345943
108520.0,-0.0001737822051894982,-0.009839358109551642,-0.009665575904362143
108540.0,-0.00017506541893318748,-0.009843406608674814,-0.009668341189741627
108560.0,-0.0001763460197178764,-0.009847408779396195,-0.00967106275967832
108580.0,-0.00017762400724843317,-0.009851364355614572,-0.009673740348366138
108600.0,-0.00017889938122972617,-0.009855273071228729,-0.009676373689999003
108620.0,-0.00018017214136662363,-0.00985913466013745,-0.009678962518770826
108640.0,-0.00018144228736399393,-0.00986294885623953,-0.009681506568875536
108660.0,-0.00018270981892670534,-0.009866715393433752,-0.009684005574507047
108680.0,-0.00018397473575962616,-0.009870434005618904,-0.009686459269859277
108700.0,-0.00018523703756762462,-0.009874104426693772,-0.009688867389126148
108720.0,-0.00018649672405556913,-0.009877726390557147,-0.009691229666501579
108740.0,-0.000187753794928328,-0.009881299631107813,-0.009693545836179485
108760.0,-0.0001890082498907695,-0.009884823882244556,-0.009695815632353787
108780.0,-0.0001902600886477619,-0.009888298877866165,-0.009698038789218403
108800.0,-0.00019150931090417355,-0.009891724351871432,-0.009700215040967259
108820.0,-0.00019275591636487276,-0.009895100038159138,-0.009702344121794266
108840.0,-0.00019399990473472777,-0.009898425670628071,-0.009704425765893343
108860.0,-0.00019524127571860685,-0.00990170098317702,-0.009706459707458414
108880.0,-0.00019648002902137844,-0.009904925709704774,-0.009708445680683396
108900.0,-0.0001977161643479108,-0.009908099584110116,-0.009710383419762205
108920.0,-0.0001989496814030722,-0.009911222340291837,-0.009712272658888766
108940.0,-0.00020018057989173093,-0.009914293712148721,-0.00971411313225699
108960.0,-0.00020140885951875536,-0.00991731343357956,-0.009715904574060805
108980.0,-0.0002026345199890137,-0.009920281238483137,-0.009717646718494123
109000.0,-0.00020385756100737434,-0.00992319686075824,-0.009719339299750865
109020.0,-0.00020507798227870552,-0.009926060034303658,-0.009720982052024952
109040.0,-0.00020629578350787555,-0.009928870493018174,-0.009722574709510299
109060.0,-0.0002075109643997528,-0.009931627970800584,-0.009724117006400832
109080.0,-0.00020872352465920547,-0.009934332201549666,-0.00972560867689046
109100.0,-0.00020993346399110198,-0.009936982919164212,-0.00972704945517311
109120.0,-0.00021114078210031055,-0.00993957985754301,-0.0097284390754427
109140.0,-0.0002123454786916995,-0.009942122750584845,-0.009729777271893145
109160.0,-0.00021354755347013715,-0.009944611332188507,-0.00973106377871837
109180.0,-0.00021474700614049178,-0.009947045336252779,-0.009732298330112287
109200.0,-0.00021594383640763167,-0.009949424496676452,-0.00973348066026882
109220.0,-0.0002171380439764252,-0.00995174854735831,-0.009734610503381884
109240.0,-0.00021832962855174065,-0.009954017222197145,-0.009735687593645405
109260.0,-0.00021951858983844627,-0.00995623025509174,-0.009736711665253294
109280.0,-0.0002207049275414104,-0.009958387379940885,-0.009737682452399475
109300.0,-0.00022188864136550137,-0.009960488330643363,-0.009738599689277863
109320.0,-0.00022306973101558745,-0.009962532841097969,-0.009739463110082381
109340.0,-0.00022424819619653696,-0.009964520645203485,-0.00974027244900695
109360.0,-0.00022542403661321816,-0.009966451476858696,-0.009741027440245478
109380.0,-0.00022659725197049933,-0.009968325069962394,-0.009741727817991895
109400.0,-0.0002277678419732489,-0.009970141158413368,-0.00974237331644012
109420.0,-0.00022893580632633506,-0.009971899476110399,-0.009742963669784064
109440.0,-0.00023010114473462622,-0.009973599756952277,-0.00974349861221765
109460.0,-0.00023126385690299054,-0.00997524173483779,-0.0097439778779348
109480.0,-0.00023242394253629648,-0.009976825143665725,-0.009744401201129429
109500.0,-0.0002335814013394122,-0.009978349717334871,-0.00974476831599546
109520.0,-0.00023473623301720613,-0.009979815189744012,-0.009745078956726806
109540.0,-0.00023588843727454645,-0.009981221294791938,-0.009745332857517391
109560.0,-0.00023703801381630153,-0.009982567766377435,-0.009745529752561134
109580.0,-0.00023818496234733966,-0.009983854338399288,-0.009745669376051948
109600.0,-0.00023932928257252916,-0.009985080744756286,-0.009745751462183757
109620.0,-0.00024047097419673834,-0.009986246719347223,-0.009745775745150485
109640.0,-0.0002416100369248355,-0.009987351996070875,-0.009745741959146039
109660.0,-0.0002427464704616889,-0.009988396308826036,-0.009745649838364347
109680.0,-0.00024388027451216688,-0.009989379391511493,-0.009745499116999326
109700.0,-0.0002450114487811377,-0.00999030097802603,-0.009745289529244893
109720.0,-0.00024613999297346976,-0.00999116080226844,-0.00974502080929497
109740.0,-0.0002472659067940313,-0.009991958598137504,-0.009744692691343473
109760.0,-0.0002483891899476905,-0.009992694099532013,-0.009744304909584322
109780.0,-0.00024950984213931594,-0.009993367040350755,-0.009743857198211438
109800.0,-0.00025062786307377576,-0.009993977154492514,-0.009743349291418738
109820.0,-0.0002517432524559382,-0.009994524175856079,-0.00974278092340014
109840.0,-0.0002528560099906717,-0.009995007838340238,-0.009742151828349565
109860.0,-0.0002539661353828445,-0.009995427875843777,-0.009741461740460932
109880.0,-0.00025507362833732485,-0.009995784022265483,-0.009740710393928159
109900.0,-0.0002561784885589811,-0.009996076011504148,-0.009739897522945167
109920.0,-0.0002572807157526816,-0.009996303577458551,-0.00973902286170587
109940.0,-0.0002583803096232946,-0.009996466454027488,-0.009738086144404193
109960.0,-0.00025947726987568846,-0.009996564375109741,-0.009737087105234053
109980.0,-0.00026057159621473147,-0.009996597074604095,-0.009736025478389363
110000.0,-0.00026166379347765986,-0.009996592881877285,-0.009734929088399626
110020.0,-0.0002627543666169722,-0.009996580319815089,-0.009733825953198117
110040.0,-0.0002638433155104303,-0.009996559412594853,-0.009732716097084423
110060.0,-0.0002649306400357959,-0.009996530184393934,-0.009731599544358139
110080.0,-0.0002660163400708307,-0.00999649265938968,-0.00973047631931885
110100.0,-0.00026710041549329655,-0.009996446861759442,-0.009729346446266145
110120.0,-0.00026818286618095514,-0.009996392815680571,-0.009728209949499616
110140.0,-0.0002692636920115683,-0.009996330545330421,-0.009727066853318853
110160.0,-0.0002703428928628976,-0.009996260074886344,-0.009725917182023446
110180.0,-0.0002714204686127051,-0.009996181428525684,-0.009724760959912978
110200.0,-0.00027249641913875224,-0.009996094630425797,-0.009723598211287045
110220.0,-0.000273570744318801,-0.009995999704764036,-0.009722428960445234
110240.0,-0.0002746434440306129,-0.00999589667571775,-0.009721253231687137
110260.0,-0.00027571451815195,-0.009995785567464287,-0.009720071049312337
110280.0,-0.0002767839665605738,-0.009995666404181003,-0.00971888243762043
110300.0,-0.00027785178913424614,-0.009995539210045246,-0.009717687420911
110320.0,-0.0002789179857507289,-0.009995404009234371,-0.009716486023483642
110340.0,-0.00027998255628778354,-0.009995260825925726,-0.009715278269637943
110360.0,-0.0002810455006231721,-0.009995109684296663,-0.009714064183673491
110380.0,-0.00028210681863465617,-0.009994950608524532,-0.009712843789889876
110400.0,-0.0002831665101999976,-0.009994783622786685,-0.009711617112586687
110420.0,-0.00028422457519695807,-0.009994608751260473,-0.009710384176063515
110440.0,-0.0002852810135032993,-0.009994426018123247,-0.009709145004619947
110460.0,-0.00028633582499678316,-0.00999423544755236,-0.009707899622555577
110480.0,-0.0002873890095551714,-0.009994037063725161,-0.00970664805416999
110500.0,-0.00028844056705622565,-0.009993830890819002,-0.009705390323762777
110520.0,-0.00028949049737770775,-0.009993616953011234,-0.009704126455633526
110540.0,-0.0002905388003973795,-0.009993395274479209,-0.009702856474081829
110560.0,-0.0002915854759930026,-0.009993165879400275,-0.009701580403407272
110580.0,-0.00029263052404233876,-0.009992928791951787,-0.009700298267909448
110600.0,-0.00029367394442314976,-0.009992684036311093,-0.009699010091887943
110620.0,-0.0002947157370131974,-0.009992431636655547,-0.00969771589964235
110640.0,-0.00029575590169024334,-0.0099921716171625,-0.009696415715472256
110660.0,-0.0002967944383320495,-0.0099919040020093,-0.009695109563677251
110680.0,-0.0002978313468163774,-0.0099916288153733,-0.009693797468556923
110700.0,-0.000298866627020989,-0.009991346081431852,-0.009692479454410863
110720.0,-0.000299900278823646,-0.009991055824362308,-0.009691155545538663
110740.0,-0.0003009323021021101,-0.009990758068342015,-0.009689825766239904
110760.0,-0.0003019626967341431,-0.009990452837548328,-0.009688490140814184
110780.0,-0.00030299146259750676,-0.009990140156158598,-0.009687148693561092
110800.0,-0.00030401859956996277,-0.009989820048350173,-0.00968580144878021
110820.0,-0.00030504410752927295,-0.009989492538300407,-0.009684448430771134
110840.0,-0.00030606798635319897,-0.00998915765018665,-0.00968308966383345
110860.0,-0.0003070902359195028,-0.009988815408186254,-0.009681725172266752
110880.0,-0.0003081108561059459,-0.009988465836476569,-0.009680354980370624
110900.0,-0.0003091298467902902,-0.009988108959234947,-0.009678979112444657
110920.0,-0.00031014720785029745,-0.009987744800638739,-0.009677597592788441
110940.0,-0.00031116293916372934,-0.009987373384865295,-0.009676210445701565
110960.0,-0.00031217704060834765,-0.00998699473609197,-0.009674817695483623
110980.0,-0.00031318951206191415,-0.009986608878496108,-0.009673419366434195
111000.0,-0.00031420035340219064,-0.009986215836255068,-0.009672015482852878
111020.0,-0.00031520956450693875,-0.009985815633546198,-0.00967060606903926
111040.0,-0.00031621714525392026,-0.009985408294546846,-0.009669191149292926
111060.0,-0.000317223095520897,-0.009984993843434367,-0.00966777074791347
111080.0,-0.0003182274151856308,-0.009984572304386112,-0.009666344889200481
111100.0,-0.0003192301041258832,-0.00998414370157943,-0.009664913597453547
111120.0,-0.00032023116221941605,-0.009983708059191677,-0.009663476896972261
111140.0,-0.0003212305893439912,-0.009983265401400196,-0.009662034812056205
111160.0,-0.0003222283853773702,-0.009982815752382345,-0.009660587367004975
111180.0,-0.00032322455019731495,-0.00998235913631547,-0.009659134586118156
111200.0,-0.0003242190836815872,-0.009981895577376929,-0.009657676493695342
111220.0,-0.0003252119857079487,-0.009981425099744066,-0.009656213114036118
111240.0,-0.00032620325615416115,-0.009980947727594237,-0.009654744471440076
111260.0,-0.00032719289489798636,-0.009980463485104792,-0.009653270590206806
111280.0,-0.000328180901817186,-0.00997997239645308,-0.009651791494635895
111300.0,-0.00032916727678952197,-0.009979474485816455,-0.009650307209026933
111320.0,-0.0003301520196927559,-0.009978969777372266,-0.00964881775767951
111340.0,-0.0003311351304046495,-0.009978458295297865,-0.009647323164893216
111360.0,-0.0003321166088029647,-0.009977940063770603,-0.009645823454967638
111380.0,-0.00033309645476546314,-0.00997741510696783,-0.009644318652202367
111400.0,-0.00033407466816990657,-0.009976883449066899,-0.009642808780896992
111420.0,-0.00033505124889405684,-0.009976345114245163,-0.009641293865351105
111440.0,-0.00033602619681567553,-0.009975800126679969,-0.009639773929864292
111460.0,-0.0003369995118125246,-0.00997524851054867,-0.009638248998736146
111480.0,-0.0003379711937623656,-0.009974690290028617,-0.009636719096266252
111500.0,-0.0003389412425429604,-0.00997412548929716,-0.0096351842467542
111520.0,-0.00033990965803207084,-0.009973554132531653,-0.009633644474499582
111540.0,-0.00034087644010745845,-0.009972976243909446,-0.009632099803801988
111560.0,-0.00034184158864688515,-0.009972391847607889,-0.009630550258961004
111580.0,-0.0003428051035281127,-0.009971800967804333,-0.00962899586427622
111600.0,-0.00034376698462890273,-0.00997120362867613,-0.009627436644047227
111620.0,-0.0003447272318270171,-0.009970599854400632,-0.009625872622573615
111640.0,-0.00034568584500021746,-0.009969989669155188,-0.00962430382415497
111660.0,-0.00034664282402626566,-0.009969373097117151,-0.009622730273090886
111680.0,-0.0003475981687829235,-0.009968750162463872,-0.00962115199368095
111700.0,-0.00034855187914795263,-0.009968120889372703,-0.00961956901022475
111720.0,-0.00034950395499911487,-0.00996748530202099,-0.009617981347021874
111740.0,-0.0003504543962141719,-0.00996684342458609,-0.009616389028371917
111760.0,-0.0003514032026708855,-0.009966195281245352,-0.009614792078574467
111780.0,-0.00035235037424701746,-0.009965540896176128,-0.009613190521929112
111800.0,-0.00035329591082032953,-0.009964880293555767,-0.009611584382735438
111820.0,-0.00035423981226858346,-0.009964213497561622,-0.009609973685293038
111840.0,-0.0003551820784695409,-0.009963540532371043,-0.009608358453901502
111860.0,-0.0003561227093009637,-0.009962861422161382,-0.009606738712860418
111880.0,-0.0003570617046406137,-0.009962176191109992,-0.009605114486469378
111900.0,-0.0003579990643662526,-0.00996148486339422,-0.009603485799027967
111920.0,-0.00035893478835564204,-0.009960787463191421,-0.009601852674835779
111940.0,-0.0003598688764865438,-0.009960084014678943,-0.009600215138192399
111960.0,-0.00036080132863671973,-0.00995937454203414,-0.00959857321339742
111980.0,-0.0003617321446839316,-0.009958659069434361,-0.00959692692475043
112000.0,-0.000362661324505941,-0.009957937621056958,-0.009595276296551016
112020.0,-0.0003635888679805098,-0.009957210221079281,-0.00959362135309877
112040.0,-0.0003645147749853998,-0.009956476893678682,-0.009591962118693282
112060.0,-0.0003654390453983726,-0.009955737663032514,-0.00959029861763414
112080.0,-0.00036636167909719015,-0.009954992553318123,-0.009588630874220933
112100.0,-0.00036728267595961405,-0.009954241588712867,-0.009586958912753253
112120.0,-0.0003682020358634062,-0.009953484793394094,-0.009585282757530688
112140.0,-0.0003691197586863281,-0.009952722191539152,-0.009583602432852823
112160.0,-0.00037003584430614177,-0.009951953807325397,-0.009581917963019255
112180.0,-0.0003709502926006089,-0.009951179664930178,-0.009580229372329569
112200.0,-0.00037186310344749113,-0.009950399788530847,-0.009578536685083355
112220.0,-0.00037277427672455026,-0.009949614202304754,-0.009576839925580203
112240.0,-0.00037368381230954816,-0.00994882293042925,-0.009575139118119703
112260.0,-0.00037459171008024636,-0.009948025997081687,-0.00957343428700144
112280.0,-0.00037549796991440685,-0.009947223426439417,-0.00957172545652501
112300.0,-0.00037640259168979126,-0.009946415242679788,-0.009570012650989997
112320.0,-0.0003773055752841614,-0.009945601469980154,-0.009568295894695992
112340.0,-0.00037820692057527895,-0.009944782132517866,-0.009566575211942588
112360.0,-0.0003791066274409057,-0.009943957254470275,-0.00956485062702937
112380.0,-0.00038000469575880336,-0.00994312686001473,-0.009563122164255927
112400.0,-0.0003809011254067339,-0.009942290973328584,-0.00956138984792185
112420.0,-0.0003817959162624587,-0.00994144961858919,-0.009559653702326731
112440.0,-0.0003826890682037398,-0.009940602819973894,-0.009557913751770154
112460.0,-0.0003835805811083389,-0.009939750601660052,-0.009556170020551714
112480.0,-0.0003844704548540177,-0.009938892987825014,-0.009554422532970997
112500.0,-0.00038535868931853805,-0.009938030002646129,-0.00955267131332759
112520.0,-0.00038624528437966154,-0.00993716167030075,-0.00955091638592109
112540.0,-0.0003871302399151501,-0.00993628801496623,-0.00954915777505108
112560.0,-0.0003880135558027654,-0.009935409060819916,-0.00954739550501715
112580.0,-0.00038889523192026917,-0.009934524832039162,-0.009545629600118892
112600.0,-0.0003897752681454231,-0.009933635352801316,-0.009543860084655893
112620.0,-0.0003906536643559892,-0.009932740647283734,-0.009542086982927744
112640.0,-0.00039153042042972886,-0.009931840739663763,-0.009540310319234035
112660.0,-0.00039240553624440426,-0.009930935654118758,-0.009538530117874353
112680.0,-0.0003932790116777768,-0.009930025414826066,-0.00953674640314829
112700.0,-0.00039415084660760836,-0.00992911004596304,-0.009534959199355432
112720.0,-0.00039502104091166074,-0.009928189571707033,-0.009533168530795373
112740.0,-0.0003958895944676956,-0.009927264016235391,-0.009531374421767696
112760.0,-0.00039675650715347477,-0.00992633340372547,-0.009529576896571995
112780.0,-0.00039762177884676,-0.009925397758354621,-0.00952777597950786
112800.0,-0.000398485409425313,-0.009924457104300191,-0.009525971694874878
112820.0,-0.00039934739876689557,-0.009923511465739537,-0.009524164066972641
112840.0,-0.00040020774674926943,-0.009922560866850005,-0.009522353120100736
112860.0,-0.0004010664532501962,-0.00992160533180895,-0.009520538878558754
112880.0,-0.000401923518147438,-0.009920644884793718,-0.00951872136664628
112900.0,-0.00040277894131875624,-0.009919679549981667,-0.00951690060866291
112920.0,-0.0004036327226419128,-0.009918709351550143,-0.00951507662890823
112940.0,-0.0004044848619946695,-0.009917734313676497,-0.009513249451681827
112960.0,-0.00040533535925478797,-0.009916754460538085,-0.009511419101283298
112980.0,-0.00040618421430003,-0.009915769816312254,-0.009509585602012224
113000.0,-0.0004070314270081574,-0.009914780405176358,-0.0095077489781682
113020.0,-0.0004078769972569318,-0.009913786251307745,-0.009505909254050813
113040.0,-0.0004087209249241151,-0.009912787378883766,-0.009504066453959651
113060.0,-0.00040956320988746905,-0.009911783812081774,-0.009502220602194305
113080.0,-0.0004104038520247552,-0.009910775575079122,-0.009500371723054367
113100.0,-0.0004112428512137356,-0.009909762692053155,-0.00949851984083942
113120.0,-0.00041208020733217183,-0.009908745187181232,-0.009496664979849061
113140.0,-0.00041291592025782564,-0.0099077230846407,-0.009494807164382873
113160.0,-0.00041374998986845883,-0.009906696408608908,-0.009492946418740449
113180.0,-0.0004145824160418331,-0.00990566518326321,-0.009491082767221376
113200.0,-0.00041541319865571026,-0.009904629432780957,-0.009489216234125247
113220.0,-0.0004162423375878521,-0.009903589181339502,-0.009487346843751649
113240.0,-0.00041706983271602016,-0.009902544453116193,-0.009485474620400173
113260.0,-0.00041789568391797645,-0.00990149527228838,-0.009483599588370405
113280.0,-0.0004187198910714827,-0.009900441663033418,-0.009481721771961936
113300.0,-0.00041954245405430047,-0.009899383649528658,-0.009479841195474356
113320.0,-0.0004203633727441917,-0.009898321255951446,-0.009477957883207254
113340.0,-0.0004211826470189181,-0.00989725450647914,-0.00947607185946022
113360.0,-0.0004220002767562413,-0.009896183425289085,-0.009474183148532843
113380.0,-0.0004228162618339233,-0.009895108036558636,-0.009472291774724712
113400.0,-0.00042363060212972556,-0.009894028364465145,-0.009470397762335419
113420.0,-0.0004244432975214101,-0.009892944433185958,-0.009468501135664548
113440.0,-0.00042525434788673853,-0.009891856266898433,-0.009466601919011695
113460.0,-0.00042606375310347256,-0.009890763889779915,-0.009464700136676442
113480.0,-0.0004268715130493741,-0.009889667326007759,-0.009462795812958384
113500.0,-0.0004276776276022048,-0.009888566599759313,-0.009460888972157109
113520.0,-0.00042848209663972644,-0.009887461735211931,-0.009458979638572205
113540.0,-0.0004292849200397008,-0.009886352756542965,-0.009457067836503264
113560.0,-0.0004300860976798895,-0.009885239687929762,-0.009455153590249872
113580.0,-0.00043088562943805446,-0.009884122553549679,-0.009453236924111624
113600.0,-0.00043168351519195743,-0.009883001377580062,-0.009451317862388104
113620.0,-0.00043247975481936,-0.00988187618419826,-0.009449396429378901
113640.0,-0.00043327434819802406,-0.009880746997581633,-0.00944747264938361
113660.0,-0.0004340672952057114,-0.009879613841907523,-0.009445546546701811
113680.0,-0.00043485859572018357,-0.009878476741353288,-0.009443618145633105
113700.0,-0.00043564824961920255,-0.009877335720096277,-0.009441687470477075
113720.0,-0.00043643625678052995,-0.009876190802313839,-0.00943975454553331
113740.0,-0.0004372226170819276,-0.009875042012183328,-0.0094378193951014
113760.0,-0.0004380073304011573,-0.00987388937388209,-0.009435882043480934
113780.0,-0.0004387903966159807,-0.009872732911587483,-0.009433942514971502
113800.0,-0.00043957181560415955,-0.009871572649476856,-0.009432000833872696
113820.0,-0.0004403515872434557,-0.009870408611727556,-0.009430057024484101
113840.0,-0.0004411297114116308,-0.009869240822516941,-0.00942811111110531
113860.0,-0.00044190618798644666,-0.009868069306022357,-0.00942616311803591
113880.0,-0.0004426810168456651,-0.009866894086421158,-0.009424213069575492
113900.0,-0.00044345419786704764,-0.009865715187890691,-0.009422260990023645
113920.0,-0.00044422573092835633,-0.009864532634608313,-0.009420306903679957
113940.0,-0.00044499561590735274,-0.00986334645075137,-0.009418350834844018
113960.0,-0.0004457638526817987,-0.009862156660497215,-0.009416392807815416
113980.0,-0.00044653044112945593,-0.0098609632880232,-0.009414432846893743
114000.0,-0.00044729538112808613,-0.009859766357506678,-0.009412470976378592
114020.0,-0.00044805867255545115,-0.009858565893124994,-0.009410507220569542
114040.0,-0.0004488203152893127,-0.009857361919055506,-0.009408541603766193
114060.0,-0.0004495803092074325,-0.009856154459475559,-0.009406574150268127
114080.0,-0.0004503386541875725,-0.00985494353856251,-0.009404604884374938
114100.0,-0.00045109535010749415,-0.009853729180493705,-0.009402633830386212
114120.0,-0.00045185039684495935,-0.009852511409446499,-0.009400661012601539
114140.0,-0.00045260379427773,-0.009851290249598242,-0.009398686455320512
114160.0,-0.00045335554228356756,-0.009850065725126284,-0.009396710182842716
114180.0,-0.00045410564074023404,-0.009848837860207977,-0.009394732219467744
114200.0,-0.00045485408952549106,-0.009847606679020671,-0.00939275258949518
114220.0,-0.0004556008885171003,-0.009846372205741718,-0.009390771317224617
114240.0,-0.00045634603759282376,-0.009845134464548473,-0.009388788426955648
114260.0,-0.00045708953663042303,-0.009843893479618279,-0.009386803942987855
114280.0,-0.0004578313855076598,-0.009842649275128495,-0.009384817889620835
114300.0,-0.000458571584102296,-0.009841401875256466,-0.00938283029115417
114320.0,-0.0004593101322920933,-0.009840151304179548,-0.009380841171887455
114340.0,-0.00046004702995481336,-0.009838897586075089,-0.009378850556120276
114360.0,-0.0004607822769682181,-0.009837640745120443,-0.009376858468152225
114380.0,-0.00046151587321006915,-0.009836380805492958,-0.009374864932282888
114400.0,-0.0004622478185581283,-0.009835117791369986,-0.009372869972811858
114420.0,-0.0004629781128901573,-0.00983385172692888,-0.009370873614038723
114440.0,-0.00046370675608391806,-0.009832582636346987,-0.00936887588026307
114460.0,-0.000464433748017172,-0.009831310543801663,-0.00936687679578449
114480.0,-0.000465159088567681,-0.009830035473470259,-0.009364876384902578
114500.0,-0.0004658827776132072,-0.00982875744953012,-0.009362874671916913
114520.0,-0.0004666048150315118,-0.009827476496158605,-0.009360871681127094
114540.0,-0.00046732520070035677,-0.00982619263753306,-0.009358867436832704
114560.0,-0.00046804393449750403,-0.009824905897830838,-0.009356861963333334
114580.0,-0.00046876101630071506,-0.00982361630122929,-0.009354855284928574
114600.0,-0.00046947644598775175,-0.009822323871905767,-0.009352847425918015
114620.0,-0.0004701902234363759,-0.00982102863403762,-0.009350838410601244
114640.0,-0.00047090234852434923,-0.009819730611802201,-0.009348828263277853
114660.0,-0.0004716128211294334,-0.009818429829376859,-0.009346817008247426
114680.0,-0.0004723216411293903,-0.009817126310938947,-0.009344804669809557
114700.0,-0.0004730288084019816,-0.009815820080665817,-0.009342791272263836
114720.0,-0.000473734322824969,-0.009814511162734818,-0.009340776839909849
114740.0,-0.0004744381842761144,-0.009813199581323304,-0.00933876139704719
114760.0,-0.0004751403926331795,-0.00981188536060862,-0.00933674496797544
114780.0,-0.0004758409477739259,-0.009810568524768123,-0.009334727576994198
114800.0,-0.0004765398495761157,-0.009809249097979165,-0.00933270924840305
114820.0,-0.0004772370979175103,-0.00980792710441909,-0.00933069000650158
114840.0,-0.00047793269267587155,-0.009806602568265257,-0.009328669875589385
114860.0,-0.00047862663372896124,-0.009805275513695014,-0.009326648879966053
114880.0,-0.0004793189209545413,-0.009803945964885713,-0.009324627043931171
114900.0,-0.00048000955423037323,-0.009802613946014702,-0.009322604391784329
114920.0,-0.0004806985334342188,-0.009801279481259334,-0.009320580947825115
114940.0,-0.0004813858584438399,-0.009799942594796962,-0.009318556736353123
114960.0,-0.0004820715291369983,-0.009798603310804935,-0.009316531781667936
114980.0,-0.0004827555453914556,-0.009797261653460605,-0.00931450610806915
115000.0,-0.0004834382231814329,-0.009795898658486566,-0.009312460435305134
115020.0,-0.00048411987852877347,-0.009794495482432322,-0.009310375603903548
115040.0,-0.00048480051138267223,-0.009793052330715604,-0.009308251819332931
115060.0,-0.0004854801216923244,-0.009791569408754135,-0.00930608928706181
115080.0,-0.0004861587094069249,-0.009790046921965643,-0.009303888212558719
115100.0,-0.00048683627447566885,-0.009788485075767853,-0.009301648801292185
115120.0,-0.0004875128168477513,-0.00978688407557849,-0.009299371258730739
115140.0,-0.0004881883364723672,-0.009785244126815286,-0.009297055790342918
115160.0,-0.0004888628332987117,-0.00978356543489596,-0.00929470260159725
115180.0,-0.0004895363072759799,-0.009781848205238246,-0.009292311897962266
115200.0,-0.0004902087583533665,-0.009780092643259864,-0.009289883884906498
115220.0,-0.0004908801864800671,-0.009778298954378546,-0.00928741876789848
115240.0,-0.0004915505916052763,-0.009776467344012014,-0.009284916752406738
115260.0,-0.0004922199736781894,-0.009774598017577997,-0.009282378043899808
115280.0,-0.0004928883326480013,-0.00977269118049422,-0.009279802847846219
115300.0,-0.0004935556684639072,-0.009770747038178412,-0.009277191369714504
115320.0,-0.000494221981075102,-0.009768765796048297,-0.009274543814973195
115340.0,-0.0004948872704307807,-0.009766747659521601,-0.00927186038909082
115360.0,-0.0004955515364801386,-0.009764692834016056,-0.009269141297535918
115380.0,-0.0004962147791723706,-0.00976260152494938,-0.00926638674577701
115400.0,-0.0004968769984566716,-0.009760473937739305,-0.009263596939282633
115420.0,-0.000497538194282237,-0.009758310277803557,-0.00926077208352132
115440.0,-0.0004981983665982614,-0.00975611075055986,-0.009257912383961597
115460.0,-0.0004988575153539403,-0.009753875561425943,-0.009255018046072002
115480.0,-0.0004995156404984685,-0.00975160491581953,-0.009252089275321061
115500.0,-0.0005001727419810411,-0.00974929901915835,-0.009249126277177309
115520.0,-0.0005008288197508531,-0.00974695807686013,-0.009246129257109277
115540.0,-0.0005014838737570996,-0.009744582294342592,-0.009243098420585492
115560.0,-0.0005021379039489756,-0.009742171877023469,-0.009240033973074492
115580.0,-0.0005027909102756763,-0.009739727030320479,-0.009236936120044803
115600.0,-0.0005034428926863965,-0.009737247959651356,-0.009233805066964959
115620.0,-0.0005040938511303315,-0.009734734870433824,-0.009230641019303492
115640.0,-0.0005047437855566761,-0.00973218796808561,-0.009227444182528934
115660.0,-0.0005053926959146255,-0.009729607458024439,-0.009224214762109814
115680.0,-0.0005060405821533748,-0.009726993545668037,-0.009220952963514661
115700.0,-0.000506687444222119,-0.009724346436434134,-0.009217658992212014
115720.0,-0.0005073332820700531,-0.009721666335740451,-0.009214333053670398
115740.0,-0.0005079780956463721,-0.00971895344900472,-0.009210975353358348
115760.0,-0.0005086218849002711,-0.009716207981644662,-0.00920758609674439
115780.0,-0.0005092646497809454,-0.00971343013907801,-0.009204165489297065
115800.0,-0.0005099063902375896,-0.009710620126722486,-0.009200713736484897
115820.0,-0.000510547106219399,-0.009707778149995818,-0.009197231043776418
115840.0,-0.0005111867976755686,-0.009704904414315731,-0.009193717616640163
115860.0,-0.0005118254645552936,-0.009701999125099952,-0.009190173660544658
115880.0,-0.0005124631068077687,-0.00969906248776621,-0.009186599380958442
115900.0,-0.0005130997243821894,-0.009696094707732228,-0.009182994983350038
115920.0,-0.0005137353172277503,-0.009693095990415734,-0.009179360673187984
115940.0,-0.0005143698852936467,-0.009690066541234454,-0.009175696655940807
115960.0,-0.0005150034285290737,-0.009687006565606116,-0.009172003137077042
115980.0,-0.0005156359468832261,-0.009683916268948444,-0.009168280322065217
116000.0,-0.0005162674403052992,-0.009680795856679164,-0.009164528416373864
116020.0,-0.0005168979087444881,-0.009677645534216007,-0.009160747625471519
116040.0,-0.0005175273521499874,-0.009674465506976695,-0.009156938154826707
116060.0,-0.0005181557704709926,-0.009671255980378957,-0.009153100209907965
116080.0,-0.0005187831636566986,-0.009668017159840519,-0.00914923399618382
116100.0,-0.0005194095316563004,-0.009664749250779104,-0.009145339719122804
116120.0,-0.0005200348744189932,-0.009661452458612446,-0.009141417584193453
116140.0,-0.0005206591918939718,-0.009658126988758264,-0.009137467796864293
116160.0,-0.0005212824840304315,-0.009654773046634289,-0.009133490562603857
116180.0,-0.0005219047507775672,-0.009651390837658244,-0.009129486086880677
116200.0,-0.000522525992084574,-0.009647980567247859,-0.009125454575163285
116220.0,-0.0005231462079006468,-0.009644542440820858,-0.009121396232920211
116240.0,-0.000523765398174981,-0.009641076663794969,-0.009117311265619987
116260.0,-0.0005243835628567714,-0.009637583441587917,-0.009113199878731146
116280.0,-0.000525000701895213,-0.00963406297961743,-0.009109062277722216
116300.0,-0.0005256168152395009,-0.009630515483301235,-0.009104898668061735
116320.0,-0.0005262319028388302,-0.009626941158057054,-0.009100709255218224
116340.0,-0.0005268459646423959,-0.009623340209302618,-0.009096494244660223
116360.0,-0.0005274590005993931,-0.009619712842455651,-0.009092253841856258
116380.0,-0.0005280710106590169,-0.009616059262933883,-0.009087988252274866
116400.0,-0.0005286819947704622,-0.009612379676155037,-0.009083697681384575
116420.0,-0.0005292919528829241,-0.00960867428753684,-0.009079382334653914
116440.0,-0.0005299008849455977,-0.00960494330249702,-0.009075042417551422
116460.0,-0.0005305087909076781,-0.0096011869264533,-0.009070678135545622
116480.0,-0.0005311156707183602,-0.009597405364823413,-0.009066289694105053
116500.0,-0.000531721524326839,-0.009593598823025079,-0.00906187729869824
116520.0,-0.0005323263516823099,-0.009589767506476025,-0.009057441154793715
116540.0,-0.0005329301527339674,-0.009585911620593983,-0.009052981467860016
116560.0,-0.0005335329274310071,-0.009582031370796674,-0.009048498443365667
116580.0,-0.0005341346757226237,-0.009578126962501828,-0.009043992286779204
116600.0,-0.0005347353975580124,-0.009574198601127166,-0.009039463203569154
116620.0,-0.0005353350928863681,-0.009570246492090421,-0.009034911399204053
116640.0,-0.000535933761656886,-0.009566270840809316,-0.00903033707915243
116660.0,-0.0005365314038187612,-0.009562271852701578,-0.009025740448882817
116680.0,-0.0005371280193211886,-0.009558249733184934,-0.009021121713863746
116700.0,-0.0005377236081133633,-0.00955420468767711,-0.009016481079563746
116720.0,-0.0005383181701444804,-0.009550136921595833,-0.009011818751451354
116740.0,-0.0005389117053637348,-0.009546046640358827,-0.009007134934995093
116760.0,-0.0005395042137203216,-0.009541934049383824,-0.009002429835663501
116780.0,-0.0005400956951634359,-0.009537799354088545,-0.008997703658925108
116800.0,-0.0005406861496422729,-0.009533642759890718,-0.008992956610248445
116820.0,-0.0005412755771060273,-0.00952946447220807,-0.008988188895102042
116840.0,-0.0005418639775038945,-0.009525264696458327,-0.008983400718954433
116860.0,-0.0005424513507850692,-0.009521043638059216,-0.008978592287274148
116880.0,-0.0005430376968987467,-0.009516801502428463,-0.008973763805529717
116900.0,-0.0005436230157941221,-0.009512538494983798,-0.008968915479189675
116920.0,-0.0005442073074203901,-0.00950825482114294,-0.00896404751372255
116940.0,-0.0005447905717267462,-0.009503950686323622,-0.008959160114596876
116960.0,-0.0005453728086623852,-0.009499626295943567,-0.008954253487281181
116980.0,-0.000545954018176502,-0.009495281855420505,-0.008949327837244003
117000.0,-0.000546534200218292,-0.00949091757017216,-0.008944383369953866
117020.0,-0.00054711335473695,-0.009486533645616253,-0.008939420290879303
117040.0,-0.0005476914816816712,-0.009482130287170522,-0.00893443880548885
117060.0,-0.0005482685810016505,-0.009477707700252684,-0.008929439119251033
117080.0,-0.000548844652646083,-0.00947326609028047,-0.008924421437634387
117100.0,-0.0005494196965641639,-0.009468805662671607,-0.008919385966107442
117120.0,-0.0005499937127050879,-0.009464326622843819,-0.00891433291013873
117140.0,-0.0005505667010180504,-0.009459829176214832,-0.008909262475196782
117160.0,-0.0005511386614522461,-0.009455313528202374,-0.008904174866750127
117180.0,-0.0005517095939568706,-0.009450779884224174,-0.008899070290267303
117200.0,-0.0005522794984811184,-0.009446228449697953,-0.008893948951216835
117220.0,-0.0005528483749741848,-0.009441659430041443,-0.008888811055067258
117240.0,-0.0005534162233852648,-0.009437073030672365,-0.0088836568072871
117260.0,-0.0005539830436635534,-0.009432469457008449,-0.008878486413344896
117280.0,-0.0005545488357582458,-0.009427848914467421,-0.008873300078709175
117300.0,-0.0005551135996185369,-0.009423211608467007,-0.00886809800884847
117320.0,-0.0005556773351936219,-0.009418557744424934,-0.008862880409231312
117340.0,-0.0005562400424326955,-0.009413887527758926,-0.00885764748532623
117360.0,-0.0005568017212849532,-0.009409201163886716,-0.008852399442601763
117380.0,-0.0005573623716995898,-0.009404498858226022,-0.008847136486526432
117400.0,-0.0005579219936258003,-0.009399780816194575,-0.008841858822568775
117420.0,-0.00055848058701278,-0.009395047243210101,-0.008836566656197321
117440.0,-0.0005590381518097236,-0.009390298344690328,-0.008831260192880604
117460.0,-0.0005595946879658265,-0.00938553432605298,-0.008825939638087154
117480.0,-0.0005601501954302835,-0.009380755392715785,-0.008820605197285501
117500.0,-0.00056070467415229,-0.009375961750096468,-0.008815257075944178
117520.0,-0.0005612581240810404,-0.009371153603612755,-0.008809895479531715
117540.0,-0.0005618105451657302,-0.009366331158682375,-0.008804520613516645
117560.0,-0.0005623619373555544,-0.009361494620723053,-0.008799132683367497
117580.0,-0.0005629123005997082,-0.009356644195152518,-0.00879373189455281
117600.0,-0.0005634616348473863,-0.009351780087388493,-0.008788318452541107
117620.0,-0.000564009940047784,-0.009346902502848703,-0.00878289256280092
117640.0,-0.0005645572161500962,-0.009342011646950879,-0.008777454430800783
117660.0,-0.0005651034631035182,-0.009337107725112745,-0.008772004262009227
117680.0,-0.0005656486808572447,-0.00933219094275203,-0.008766542261894786
117700.0,-0.000566192869360471,-0.009327261505286455,-0.008761068635925984
117720.0,-0.000566736028562392,-0.009322319618133752,-0.00875558358957136
117740.0,-0.0005672781584122029,-0.009317365486711646,-0.008750087328299443
117760.0,-0.0005678192588590986,-0.009312399316437861,-0.008744580057578763
117780.0,-0.0005683593298522741,-0.009307421312730128,-0.008739061982877853
117800.0,-0.0005688983713409247,-0.00930243168100617,-0.008733533309665245
117820.0,-0.0005694363832742454,-0.009297430626683712,-0.008727994243409467
117840.0,-0.000569973365601431,-0.009292418355180484,-0.008722444989579053
117860.0,-0.0005705093182716767,-0.009287395071914213,-0.008716885753642536
117880.0,-0.0005710442412341775,-0.009282360982302623,-0.008711316741068445
117900.0,-0.0005715781344381288,-0.009277316291763439,-0.00870573815732531
117920.0,-0.0005721109978327251,-0.009272261205714394,-0.008700150207881669
117940.0,-0.0005726428313671617,-0.009267195929573206,-0.008694553098206045
117960.0,-0.0005731736349906338,-0.009262120668757607,-0.008688947033766973
117980.0,-0.0005737034086523362,-0.009257035628685321,-0.008683332220032985
118000.0,-0.0005742321523014639,-0.009251941014774076,-0.008677708862472612
118020.0,-0.0005747598658872123,-0.0092468370324416,-0.008672077166554389
118040.0,-0.0005752865493587762,-0.009241723887105615,-0.008666437337746838
118060.0,-0.0005758122026653507,-0.009236601784183852,-0.008660789581518502
118080.0,-0.0005763368257561308,-0.009231470929094033,-0.008655134103337903
118100.0,-0.0005768604185803116,-0.009226331527253889,-0.008649471108673578
118120.0,-0.0005773829810870882,-0.009221183784081143,-0.008643800802994055
118140.0,-0.0005779045132256554,-0.009216027904993524,-0.00863812339176787
118160.0,-0.0005784250149452085,-0.009210864095408756,-0.008632439080463548
118180.0,-0.0005789444861949425,-0.009205692560744567,-0.008626748074549623
118200.0,-0.0005794629269240525,-0.009200513506418683,-0.008621050579494631
118220.0,-0.0005799803370817333,-0.009195327137848831,-0.008615346800767098
118240.0,-0.0005804967166171803,-0.009190133660452739,-0.008609636943835559
118260.0,-0.0005810120654795883,-0.009184933279648129,-0.008603921214168541
118280.0,-0.0005815263836181526,-0.009179726200852731,-0.00859819981723458
118300.0,-0.0005820396709820679,-0.00917451262948427,-0.008592472958502202
118320.0,-0.0005825519275205295,-0.009169292770960473,-0.008586740843439944
118340.0,-0.0005830631531827322,-0.009164066830699069,-0.008581003677516337
118360.0,-0.0005835733479178714,-0.009158835014117777,-0.008575261666199905
118380.0,-0.0005840825116751418,-0.009153597526634333,-0.008569515014959192
118400.0,-0.0005845906444037388,-0.009148354573666457,-0.00856376392926272
118420.0,-0.0005850977460528571,-0.009143106360631878,-0.008558008614579022
118440.0,-0.000585603816571692,-0.009137853092948319,-0.008552249276376626
118460.0,-0.0005861088559094384,-0.009132594976033512,-0.008546486120124073
118480.0,-0.0005866128640152914,-0.009127332215305182,-0.00854071935128989
118500.0,-0.0005871158408384461,-0.009122065016181052,-0.008534949175342605
118520.0,-0.0005876177863280975,-0.009116793584078853,-0.008529175797750756
118540.0,-0.0005881187004334407,-0.009111518124416304,-0.008523399423982864
118560.0,-0.0005886185831036707,-0.009106238842611141,-0.008517620259507471
118580.0,-0.0005891174342879824,-0.009100955944081085,-0.008511838509793103
118600.0,-0.0005896152539355711,-0.009095669634243865,-0.008506054380308294
118620.0,-0.0005901120419956316,-0.009090380118517207,-0.008500268076521576
118640.0,-0.0005906077984173594,-0.009085087602318832,-0.008494479803901472
118660.0,-0.0005911025231499491,-0.009079792291066474,-0.008488689767916526
118680.0,-0.0005915962161425958,-0.009074494390177854,-0.008482898174035258
118700.0,-0.0005920888773444946,-0.009069194105070705,-0.00847710522772621
118720.0,-0.0005925805067048408,-0.009063891641162745,-0.008471311134457905
118740.0,-0.000593071104172829,-0.009058587203871708,-0.008465516099698879
118760.0,-0.0005935606696976547,-0.009053280998615316,-0.008459720328917661
118780.0,-0.0005940492032285126,-0.009047973230811296,-0.008453924027582783
118800.0,-0.0005945367047145979,-0.009042664105877379,-0.008448127401162782
118820.0,-0.0005950231741051057,-0.009037353829231282,-0.008442330655126177
118840.0,-0.0005955086113492309,-0.009032042606290742,-0.00843653399494151
118860.0,-0.0005959930163961687,-0.009026730642473477,-0.008430737626077309
118880.0,-0.0005964763891951139,-0.00902141814319722,-0.008424941754002106
118900.0,-0.000596958729695262,-0.009016105313879691,-0.008419146584184429
118920.0,-0.0005974400378458077,-0.009010792359938624,-0.008413352322092817
118940.0,-0.0005979203135959459,-0.00900547948679174,-0.008407559173195795
118960.0,-0.000598399556894872,-0.009000166899856768,-0.008401767342961896
118980.0,-0.0005988777676917811,-0.008994854804551432,-0.008395977036859651
119000.0,-0.0005993549459358679,-0.00898954340629346,-0.008390188460357592
119020.0,-0.0005998310915763275,-0.00898423291050058,-0.008384401818924253
119040.0,-0.0006003062045623551,-0.008978923522590514,-0.008378617318028159
119060.0,-0.0006007802848431458,-0.008973615447980993,-0.008372835163137847
119080.0,-0.0006012533323678948,-0.008968308892089744,-0.008367055559721849
119100.0,-0.0006017253470857964,-0.008963004060334488,-0.00836127871324869
119120.0,-0.0006021963289460464,-0.008957701158132957,-0.00835550482918691
119140.0,-0.0006026662778978397,-0.008952400390902872,-0.008349734113005032
119160.0,-0.0006031351938903712,-0.008947101964061965,-0.008343966770171593
119180.0,-0.000603603076872836,-0.00894180608302796,-0.008338203006155124
119200.0,-0.000604069926794429,-0.008936512953218585,-0.008332443026424156
119220.0,-0.0006045357436043455,-0.008931222780051562,-0.008326687036447216
119240.0,-0.0006050005272517805,-0.008925935768944621,-0.008320935241692841
119260.0,-0.0006054642776859289,-0.00892065212531549,-0.008315187847629562
119280.0,-0.0006059269948559859,-0.008915372054581892,-0.008309445059725907
119300.0,-0.0006063886787111466,-0.008910095762161556,-0.00830370708345041
119320.0,-0.0006068493292006057,-0.008904823453472207,-0.008297974124271601
119340.0,-0.0006073089462735587,-0.008899555333931572,-0.008292246387658013
119360.0,-0.0006077675298792002,-0.008894291608957378,-0.008286524079078178
119380.0,-0.0006082250799667258,-0.008889032483967349,-0.008280807404000622
119400.0,-0.00060868159648533,-0.008883778164379214,-0.008275096567893884
119420.0,-0.0006091370793842082,-0.008878528855610699,-0.00826939177622649
119440.0,-0.0006095915286125552,-0.00887328476307953,-0.008263693234466976
119460.0,-0.0006100449441195664,-0.008868046092203435,-0.008258001148083869
119480.0,-0.0006104973258544364,-0.008862813048400139,-0.008252315722545702
119500.0,-0.0006109486737663607,-0.00885758583708737,-0.008246637163321009
119520.0,-0.0006113989878045339,-0.008852364663682848,-0.008240965675878315
119540.0,-0.0006118482679181514,-0.00884714973360431,-0.008235301465686158
119560.0,-0.000612296514056408,-0.008841941252269472,-0.008229644738213063
119580.0,-0.0006127437261684992,-0.008836739425096067,-0.008223995698927568
119600.0,-0.0006131899042036193,-0.008831544457501821,-0.008218354553298201
119620.0,-0.0006136350481109641,-0.008826356554904461,-0.008212721506793497
119640.0,-0.000614079157839728,-0.00882117592272171,-0.008207096764881983
119660.0,-0.0006145222333391066,-0.008816002766371298,-0.008201480533032192
119680.0,-0.0006149642745582945,-0.008810837291270949,-0.008195873016712655
119700.0,-0.0006154052814464872,-0.008805679702838388,-0.008190274421391901
119720.0,-0.0006158452539528793,-0.008800530206491346,-0.008184684952538466
119740.0,-0.0006162841920266661,-0.008795389007647546,-0.008179104815620881
119760.0,-0.0006167220956170428,-0.008790256311724719,-0.008173534216107677
119780.0,-0.0006171589646732041,-0.008785132324140585,-0.008167973359467381
119800.0,-0.0006175947991443452,-0.008780017250312876,-0.00816242245116853
119820.0,-0.0006180295989796611,-0.008774911295659315,-0.008156881696679653
119840.0,-0.000618463364128347,-0.008769814665597628,-0.008151351301469281
119860.0,-0.0006188960945395979,-0.008764727565545546,-0.008145831471005949
119880.0,-0.0006193277901626087,-0.00875965020092079,-0.008140322410758181
119900.0,-0.0006197584509465744,-0.00875458277714109,-0.008134824326194515
119920.0,-0.0006201880768406905,-0.00874952549962417,-0.008129337422783479
119940.0,-0.0006206166677941517,-0.00874447857378776,-0.008123861905993608
119960.0,-0.0006210442237561529,-0.008739442205049585,-0.008118397981293431
119980.0,-0.0006214707446758894,-0.00873441659882737,-0.00811294585415148
120000.0,-0.0006218964277882296,-0.008729387749636375,-0.008107491321848147
120020.0,-0.0006223214703477955,-0.00872434158347965,-0.008102020113131854
120040.0,-0.0006227458723334131,-0.0087192782030066,-0.008096532330673187
120060.0,-0.0006231696337239079,-0.008714197710866635,-0.008091028077142726
120080.0,-0.0006235927544981058,-0.008709100209709159,-0.008085507455211053
120100.0,-0.0006240152346348323,-0.008703985802183586,-0.008079970567548753
120120.0,-0.0006244370741129133,-0.008698854590939319,-0.008074417516826405
120140.0,-0.0006248582729111743,-0.00869370667862577,-0.008068848405714597
120160.0,-0.0006252788310084411,-0.008688542167892345,-0.008063263336883904
120180.0,-0.0006256987483835394,-0.008683361161388455,-0.008057662413004915
120200.0,-0.000626118025015295,-0.008678163761763504,-0.008052045736748208
120220.0,-0.0006265366608825335,-0.008672950071666905,-0.008046413410784372
120240.0,-0.0006269546559640807,-0.00866772019374806,-0.008040765537783979
120260.0,-0.0006273720102387622,-0.008662474230656383,-0.00803510222041762
120280.0,-0.0006277887236854037,-0.008657212285041281,-0.008029423561355878
120300.0,-0.0006282047962828311,-0.008651934459552158,-0.008023729663269327
120320.0,-0.00062862022800987,-0.008646640856838429,-0.00801802062882856
120340.0,-0.0006290350188453459,-0.008641331579549496,-0.00801229656070415
120360.0,-0.0006294491687680848,-0.00863600673033477,-0.008006557561566685
120380.0,-0.0006298626777569125,-0.008630666411843659,-0.008000803734086745
120400.0,-0.0006302755457906543,-0.008625310726725571,-0.007995035180934917
120420.0,-0.0006306877728481363,-0.008619939777629915,-0.00798925200478178
120440.0,-0.0006310993589081838,-0.008614553667206098,-0.007983454308297914
120460.0,-0.0006315103039496229,-0.008609152498103527,-0.007977642194153905
120480.0,-0.0006319206079512792,-0.008603736372971616,-0.007971815765020337
120500.0,-0.0006323302708919783,-0.008598305394459767,-0.00796597512356779
120520.0,-0.000632739292750546,-0.00859285966521739,-0.007960120372466843
120540.0,-0.0006331476735058079,-0.008587399287893895,-0.007954251614388088
120560.0,-0.0006335554131365898,-0.008581924365138686,-0.007948368952002096
120580.0,-0.0006339625116217175,-0.008576434999601177,-0.00794247248797946
120600.0,-0.0006343689689400165,-0.00857093129393077,-0.007936562324990754
120620.0,-0.0006347747850703127,-0.008565413350776879,-0.007930638565706567
120640.0,-0.0006351799599914318,-0.008559881272788908,-0.007924701312797476
120660.0,-0.0006355844936821992,-0.008554335162616267,-0.007918750668934068
120680.0,-0.0006359883861214411,-0.008548775122908364,-0.007912786736786923
120700.0,-0.0006363916372879827,-0.008543201256314607,-0.007906809619026624
120720.0,-0.0006367942471606501,-0.008537613665484405,-0.007900819418323754
120740.0,-0.0006371962157182689,-0.008532012453067166,-0.007894816237348896
120760.0,-0.0006375975429396647,-0.008526397721712296,-0.00788880017877263
120780.0,-0.0006379982288036635,-0.008520769574069205,-0.00788277134526554
120800.0,-0.0006383982732890907,-0.0085151281127873,-0.00787672983949821
120820.0,-0.0006387976763747719,-0.008509473440515992,-0.00787067576414122
120840.0,-0.0006391964380395331,-0.008503805659904688,-0.007864609221865155
120860.0,-0.0006395945582622001,-0.008498124873602794,-0.007858530315340593
120880.0,-0.0006399920370215983,-0.00849243118425972,-0.007852439147238122
120900.0,-0.0006403888742965535,-0.008486724694524876,-0.007846335820228322
120920.0,-0.0006407850700658916,-0.008481005507047666,-0.007840220436981774
120940.0,-0.0006411806243084379,-0.008475273724477504,-0.007834093100169066
120960.0,-0.0006415755370030187,-0.008469529449463789,-0.00782795391246077
120980.0,-0.0006419698081284592,-0.008463772784655939,-0.00782180297652748
121000.0,-0.0006423634376635855,-0.008458003832703356,-0.00781564039503977
121020.0,-0.0006427564255872229,-0.008452222696255453,-0.00780946627066823
121040.0,-0.0006431487718781972,-0.008446429477961632,-0.007803280706083435
121060.0,-0.0006435404765153344,-0.008440624280471307,-0.007797083803955972
121080.0,-0.0006439315394774599,-0.008434807206433881,-0.007790875666956422
121100.0,-0.0006443219607433995,-0.008428978358498769,-0.0077846563977553695
121120.0,-0.0006447117402919792,-0.008423137839315371,-0.0077784260990233925
121140.0,-0.0006451008781020244,-0.008417285751533103,-0.007772184873431079
121160.0,-0.0006454893741523606,-0.008411422197801369,-0.007765932823649008
121180.0,-0.000645877228421814,-0.008405547280769575,-0.007759670052347761
121200.0,-0.0006462644408892099,-0.008399661103087135,-0.007753396662197925
121220.0,-0.0006466510115333743,-0.008393763767403452,-0.007747112755870077
121240.0,-0.0006470369403331328,-0.00838785537636794,-0.007740818436034807
121260.0,-0.0006474222272673111,-0.008381936032629999,-0.007734513805362688
121280.0,-0.000647806872314735,-0.008376005838839044,-0.007728198966524309
121300.0,-0.00064819087545423,-0.008370064897644481,-0.0077218740221902515
121320.0,-0.0006485742366646219,-0.008364113311695717,-0.0077155390750310955
121340.0,-0.0006489569559247365,-0.008358151183642162,-0.007709194227717426
121360.0,-0.0006493390332133994,-0.008352178616133224,-0.007702839582919825
121380.0,-0.0006497204685094364,-0.008346195711818313,-0.007696475243308877
121400.0,-0.0006501012617916733,-0.008340202573346832,-0.007690101311555158
121420.0,-0.0006504814130389356,-0.008334199303368192,-0.007683717890329256
121440.0,-0.000650860922230049,-0.008328186004531803,-0.007677325082301754
121460.0,-0.0006512397893438393,-0.00832216277948707,-0.007670922990143231
121480.0,-0.0006516180143591323,-0.008316129730883401,-0.0076645117165242685
121500.0,-0.0006519955972547535,-0.00831008696137021,-0.007658091364115457
121520.0,-0.0006523725380095289,-0.0083040345735969,-0.00765166203558737
121540.0,-0.0006527488366022837,-0.00829797267021288,-0.007645223833610597
121560.0,-0.0006531244930118443,-0.008291901353867558,-0.007638776860855713
121580.0,-0.0006534995072170357,-0.008285820727210343,-0.0076323212199933075
121600.0,-0.0006538738791966843,-0.008279730892890644,-0.00762585701369396
121620.0,-0.0006542476089296153,-0.008273631953557865,-0.007619384344628249
121640.0,-0.0006546206963946546,-0.008267524011861422,-0.007612903315466767
121660.0,-0.0006549931415706279,-0.008261407170450713,-0.007606414028880085
121680.0,-0.0006553649444363609,-0.008255281531975156,-0.007599916587538795
121700.0,-0.0006557361049706791,-0.00824914719908415,-0.007593411094113471
121720.0,-0.0006561066231524087,-0.008243004274427113,-0.007586897651274704
121740.0,-0.000656476498960375,-0.008236852860653447,-0.007580376361693072
121760.0,-0.000656845732373404,-0.008230693060412561,-0.007573847328039157
121780.0,-0.000657214323370321,-0.008224524976353864,-0.007567310652983544
121800.0,-0.000657582271929952,-0.008218348711126765,-0.0075607664391968135
121820.0,-0.0006579495780311228,-0.00821216436738067,-0.007554214789349548
121840.0,-0.0006583162416526588,-0.008205972047764987,-0.007547655806112328
121860.0,-0.0006586822627733859,-0.008199771854929127,-0.007541089592155741
121880.0,-0.0006590476413721298,-0.008193563891522496,-0.0075345162501503655
121900.0,-0.0006594123774277162,-0.008187348260194504,-0.007527935882766787
121920.0,-0.0006597764709189707,-0.008181125063594556,-0.0075213485926755854
121940.0,-0.0006601399218247192,-0.008174894404372064,-0.007514754482547344
121960.0,-0.0006605027301237874,-0.008168656385176432,-0.007508153655052645
121980.0,-0.0006608648957950008,-0.008162411108657074,-0.007501546212862073
122000.0,-0.0006612264188171853,-0.008156158677463393,-0.007494932258646208
122020.0,-0.0006615872991691665,-0.0081498991942448,-0.007488311895075633
122040.0,-0.0006619475368297703,-0.008143632761650702,-0.007481685224820932
122060.0,-0.0006623071317778222,-0.008137359482330506,-0.0074750523505526835
122080.0,-0.0006626660839921478,-0.008131079458933625,-0.007468413374941477
122100.0,-0.0006630243934515731,-0.00812479279410946,-0.007461768400657886
122120.0,-0.0006633820601349237,-0.008118499590507425,-0.007455117530372502
122140.0,-0.0006637390840210254,-0.008112199950776925,-0.007448460866755899
122160.0,-0.0006640954650887036,-0.00810589397756737,-0.007441798512478667
122180.0,-0.0006644512033167843,-0.008099581773528167,-0.007435130570211382
122200.0,-0.0006648062986840933,-0.008093263441308726,-0.007428457142624632
122220.0,-0.0006651607511694559,-0.008086939083558455,-0.007421778332388999
122240.0,-0.0006655145607516981,-0.00808060880292676,-0.007415094242175061
122260.0,-0.0006658677274096456,-0.008074272702063049,-0.0074084049746534035
122280.0,-0.0006662202511221241,-0.008067930883616731,-0.007401710632494607
122300.0,-0.0006665721318679592,-0.008061583450237216,-0.007395011318369257
122320.0,-0.0006669233696259768,-0.008055230504573912,-0.007388307134947935
122340.0,-0.0006672739643750024,-0.008048872149276227,-0.007381598184901225
122360.0,-0.0006676239160938617,-0.008042508486993564,-0.0073748845708997025
122380.0,-0.0006679732247613806,-0.00803613962037534,-0.007368166395613961
122400.0,-0.0006683218903563847,-0.008029765652070957,-0.007361443761714573
122420.0,-0.0006686699128576998,-0.008023386684729825,-0.007354716771872126
122440.0,-0.0006690172922441515,-0.008017002821001352,-0.007347985528757201
122460.0,-0.0006693640284945655,-0.008010614163534947,-0.007341250135040381
122480.0,-0.0006697101215877675,-0.008004220814980019,-0.007334510693392251
122500.0,-0.0006700555715025833,-0.00799782287798597,-0.007327767306483387
122520.0,-0.0006704003782178387,-0.007991420455202219,-0.00732102007698438
122540.0,-0.0006707445417123591,-0.007985013649278163,-0.007314269107565804
122560.0,-0.0006710880619649705,-0.00797860256286322,-0.007307514500898248
122580.0,-0.0006714309389544986,-0.007972187298606789,-0.007300756359652291
122600.0,-0.0006717731726597687,-0.007965767959158284,-0.0072939947864985154
122620.0,-0.0006721147630596071,-0.007959344647167113,-0.007287229884107506
122640.0,-0.0006724557101328391,-0.007952917465282684,-0.007280461755149845
122660.0,-0.0006727960138582905,-0.007946486516154403,-0.007273690502296113
122680.0,-0.0006731356742147871,-0.007940051902431678,-0.007266916228216891
122700.0,-0.0006734746911811546,-0.00793361372676392,-0.007260139035582766
122720.0,-0.0006738130647362186,-0.007927172091800537,-0.007253359027064319
122740.0,-0.0006741507948588047,-0.007920727100190934,-0.00724657630533213
122760.0,-0.000674487881527739,-0.007914278854584523,-0.007239790973056784
122780.0,-0.000674824324721847,-0.007907827457630712,-0.007233003132908865
122800.0,-0.0006751601244199543,-0.007901373011978904,-0.007226212887558949
122820.0,-0.0006754952806008867,-0.007894915620278513,-0.007219420339677626
122840.0,-0.00067582979324347,-0.007888455385178945,-0.007212625591935475
122860.0,-0.0006761636623265297,-0.007881992409329608,-0.0072058287470030775
122880.0,-0.0006764968878288916,-0.007875526795379909,-0.007199029907551017
122900.0,-0.0006768294697293817,-0.00786905864597926,-0.007192229176249878
122920.0,-0.0006771614080068253,-0.007862588063777065,-0.00718542665577024
122940.0,-0.0006774927026400483,-0.007856115151422736,-0.007178622448782687
122960.0,-0.0006778233536078763,-0.007849640011565679,-0.007171816657957802
122980.0,-0.0006781533608891349,-0.0078431627468553,-0.007165009385966165
123000.0,-0.0006784827244626502,-0.007836683459941013,-0.007158200735478362
123020.0,-0.0006788114443072478,-0.007830202253472219,-0.007151390809164971
123040.0,-0.0006791395204017531,-0.007823719230098333,-0.007144579709696579
123060.0,-0.0006794669527249922,-0.00781723449246876,-0.007137767539743768
123080.0,-0.0006797937412557905,-0.0078107481432329075,-0.007130954401977117
123100.0,-0.0006801198859729739,-0.007804260285040186,-0.007124140399067213
123120.0,-0.0006804453868553678,-0.00779777102054,-0.0071173256336846315
123140.0,-0.0006807702438817984,-0.0077912804523817625,-0.007110510208499964
123160.0,-0.0006810944570310911,-0.007784788683214877,-0.007103694226183786
123180.0,-0.0006814180262820717,-0.007778295815688755,-0.007096877789406684
123200.0,-0.0006817409516135657,-0.007771801952452803,-0.0070900610008392375
123220.0,-0.0006820632330043992,-0.007765307196156431,-0.0070832439631520324
123240.0,-0.0006823848704333975,-0.007758811649449045,-0.007076426779015647
123260.0,-0.0006827058638793866,-0.007752315414980056,-0.007069609551100669
123280.0,-0.0006830262133211922,-0.007745818595398867,-0.007062792382077675
123300.0,-0.0006833459187376398,-0.007739321293354893,-0.007055975374617253
123320.0,-0.0006836649801075553,-0.0077328236114975355,-0.00704915863138998
123340.0,-0.0006839833974097643,-0.0077263256524762085,-0.007042342255066445
123360.0,-0.0006843011706230925,-0.007719827518940318,-0.007035526348317226
123380.0,-0.0006846182997263657,-0.00771332931353927,-0.007028711013812904
123400.0,-0.0006849347846984095,-0.007706831138922477,-0.007021896354224067
123420.0,-0.0006852506255180498,-0.007700333097739341,-0.007015082472221291
123440.0,-0.0006855658221641121,-0.007693835292639278,-0.007008269470475166
123460.0,-0.0006858803746154223,-0.007687337826271689,-0.007001457451656267
123480.0,-0.0006861942828508059,-0.007680840801285988,-0.006994646518435182
123500.0,-0.0006865075468490886,-0.007674344320331578,-0.006987836773482489
123520.0,-0.0006868201665890965,-0.007667848486057872,-0.0069810283194687755
123540.0,-0.0006871321420496548,-0.0076613534011142756,-0.0069742212590646205
123560.0,-0.0006874434732095895,-0.007654859168150195,-0.006967415694940605
123580.0,-0.0006877541600477263,-0.0076483658898150435,-0.006960611729767317
123600.0,-0.0006880642025428908,-0.0076418736687582246,-0.006953809466215334
123620.0,-0.0006883736006739087,-0.007635382607629151,-0.006947009006955242
123640.0,-0.0006886823544196059,-0.007628892809077225,-0.006940210454657619
123660.0,-0.0006889904637588079,-0.00762240437575186,-0.0069334139119930525
123680.0,-0.0006892979286703406,-0.007615917410302463,-0.006926619481632122
123700.0,-0.0006896047491330295,-0.00760943201537844,-0.00691982726624541
123720.0,-0.0006899109251257005,-0.007602948293629202,-0.0069130373685035015
123740.0,-0.000690216456627179,-0.007596466347704154,-0.006906249891076975
123760.0,-0.0006905213436162912,-0.007589986280252707,-0.006899464936636416
123780.0,-0.0006908255860718623,-0.007583508193924269,-0.006892682607852407
123800.0,-0.0006911291839727183,-0.007577032191368247,-0.006885903007395528
123820.0,-0.000691432137297685,-0.00757055837523405,-0.006879126237936365
123840.0,-0.0006917344460255879,-0.007564086848171085,-0.0068723524021454966
123860.0,-0.0006920361101352527,-0.007557617712828762,-0.00686558160269351
123880.0,-0.0006923371296055052,-0.007551151071856489,-0.006858813942250984
123900.0,-0.0006926375044151709,-0.007544687027903672,-0.0068520495234885015
123920.0,-0.0006929372345430761,-0.0075382256836197216,-0.006845288449076645
123940.0,-0.0006932363199680459,-0.007531767141654044,-0.0068385308216859985
123960.0,-0.0006935347606689062,-0.007525311504656049,-0.006831776743987143
123980.0,-0.0006938325566244827,-0.007518858875275145,-0.006825026318650662
124000.0,-0.0006941297078136013,-0.007512409356160738,-0.006818279648347137
124020.0,-0.0006944262142150872,-0.007505963049962238,-0.006811536835747151
124040.0,-0.0006947220758077668,-0.007499520059329055,-0.006804797983521288
124060.0,-0.0006950172925704654,-0.007493080486910593,-0.006798063194340127
124080.0,-0.0006953118644820088,-0.007486644435356261,-0.006791332570874252
124100.0,-0.0006956057915212224,-0.007480212007315472,-0.006784606215794249
124120.0,-0.0006958990736669323,-0.007473783305437629,-0.006777884231770696
124140.0,-0.0006961917108979643,-0.007467358432372141,-0.006771166721474177
124160.0,-0.0006964837031931437,-0.007460937490768418,-0.006764453787575274
124180.0,-0.0006967750505312966,-0.007454520583275866,-0.00675774553274457
124200.0,-0.0006970657528912484,-0.007448107812543895,-0.006751042059652646
124220.0,-0.0006973558102518249,-0.007441699281221913,-0.006744343470970088
124240.0,-0.000697645222591852,-0.007435295091959327,-0.006737649869367475
124260.0,-0.0006979339898901551,-0.007428895347405547,-0.006730961357515391
124280.0,-0.00069822211212556,-0.007422500150209981,-0.006724278038084421
124300.0,-0.0006985095892768926,-0.007416109603022034,-0.006717600013745141
124320.0,-0.0006987964213229785,-0.007409723808491119,-0.00671092738716814
124340.0,-0.0006990826082426433,-0.00740334286926664,-0.006704260261023997
124360.0,-0.0006993681500147128,-0.007396966887998008,-0.006697598737983295
124380.0,-0.0006996530466180128,-0.00739059596733463,-0.006690942920716617
124400.0,-0.0006999372980313688,-0.007384230209925914,-0.006684292911894545
124420.0,-0.0007002209042336065,-0.007377869718421268,-0.006677648814187661
124440.0,-0.0007005038652035519,-0.007371514595470101,-0.006671010730266549
124460.0,-0.0007007861809200306,-0.007365164943721822,-0.006664378762801791
124480.0,-0.0007010678513618683,-0.0073588208658258375,-0.006657753014463969
124500.0,-0.0007013488765078904,-0.007352482464431558,-0.006651133587923667
124520.0,-0.000701629256336923,-0.007346149842188387,-0.006644520585851465
124540.0,-0.0007019089908277917,-0.007339823101745738,-0.006637914110917947
124560.0,-0.0007021880799593222,-0.007333502345753017,-0.0066313142657936945
124580.0,-0.0007024665237103402,-0.0073271876768596315,-0.006624721153149291
124600.0,-0.0007027443220596714,-0.007320879197714989,-0.006618134875655318
124620.0,-0.0007030214749861415,-0.0073145770109685005,-0.006611555535982359
124640.0,-0.0007032979824685761,-0.007308281219269573,-0.006604983236800996
124660.0,-0.000703573844485801,-0.007301991925267614,-0.0065984180807818135
124680.0,-0.0007038490610166421,-0.0072957092316120326,-0.00659186017059539
124700.0,-0.000704123632039925,-0.007289433240952235,-0.0065853096089123105
124720.0,-0.0007043975575344752,-0.007283164055937633,-0.006578766498403158
124740.0,-0.0007046708374791187,-0.007276901779217631,-0.006572230941738512
124760.0,-0.000704943471852681,-0.00727064651344164,-0.006565703041588959
124780.0,-0.0007052154606339879,-0.007264398361259066,-0.006559182900625078
124800.0,-0.0007054868038018651,-0.007258157425319319,-0.006552670621517454
124820.0,-0.0007057575013351382,-0.0072519238082718075,-0.00654616630693667
124840.0,-0.0007060275532126332,-0.0072456976127659375,-0.006539670059553304
124860.0,-0.0007062969594131756,-0.007239478941451119,-0.006533181982037943
124880.0,-0.0007065657199155908,-0.007233267896976759,-0.006526702177061168
124900.0,-0.0007068338346987051,-0.007227064581992266,-0.0065202307472935605
124920.0,-0.000707101303741344,-0.007220869099147049,-0.006513767795405705
124940.0,-0.0007073681270223332,-0.007214681551090517,-0.006507313424068183
124960.0,-0.0007076343045204982,-0.007208502040472074,-0.006500867735951576
124980.0,-0.0007078998362146649,-0.007202330669941133,-0.006494430833726468
125000.0,-0.0007081648449896809,-0.007196164785896413,-0.006487999940906732
125020.0,-0.0007084294537386236,-0.007190001641566244,-0.00648157218782762
125040.0,-0.0007086936624526632,-0.007183841199844443,-0.00647514753739178
125060.0,-0.0007089574711229706,-0.007177683423624829,-0.0064687259525018585
125080.0,-0.0007092208797407159,-0.007171528275801222,-0.006462307396060506
125100.0,-0.0007094838882970699,-0.0071653757192674415,-0.0064558918309703716
125120.0,-0.0007097464967832027,-0.007159225716917304,-0.006449479220134101
125140.0,-0.000710008705190285,-0.007153078231644631,-0.0064430695264543454
125160.0,-0.000710270513509487,-0.0071469332263432404,-0.006436662712833753
125180.0,-0.0007105319217319795,-0.00714079066390695,-0.006430258742174971
125200.0,-0.0007107929298489328,-0.0071346505072295814,-0.006423857577380648
125220.0,-0.0007110535378515173,-0.007128512719204951,-0.0064174591813534335
125240.0,-0.0007113137457309036,-0.007122377262726879,-0.006411063516995975
125260.0,-0.000711573553478262,-0.007116244100689184,-0.006404670547210922
125280.0,-0.0007118329610847628,-0.0071101131959856855,-0.006398280234900923
125300.0,-0.0007120919685415769,-0.007103984511510202,-0.0063918925429686255
125320.0,-0.0007123505758398746,-0.007097858010156552,-0.006385507434316678
125340.0,-0.0007126087829708263,-0.0070917336548185555,-0.006379124871847729
125360.0,-0.0007128665899256023,-0.00708561140839003,-0.006372744818464427
125380.0,-0.0007131239966953733,-0.007079491233764794,-0.006366367237069421
125400.0,-0.0007133810032713098,-0.007073373093836669,-0.006359992090565359
125420.0,-0.000713637609644582,-0.007067256951499474,-0.006353619341854892
125440.0,-0.0007138938158063607,-0.007061142769647024,-0.006347248953840663
125460.0,-0.000714149621747816,-0.007055030511173143,-0.006340880889425327
125480.0,-0.0007144050274601185,-0.007048920138971645,-0.006334515111511526
125500.0,-0.0007146600329344386,-0.0070428116159363535,-0.006328151583001915
125520.0,-0.000714914638161947,-0.007036704904961084,-0.006321790266799137
125540.0,-0.0007151688431338138,-0.007030599968939657,-0.006315431125805843
125560.0,-0.0007154226478412099,-0.007024496770765891,-0.006309074122924681
125580.0,-0.0007156760522753054,-0.007018395273333605,-0.006302719221058299
125600.0,-0.0007159290564272709,-0.007012295439536619,-0.006296366383109348
125620.0,-0.0007161816602882766,-0.007006197232268751,-0.006290015571980474
125640.0,-0.0007164338638494935,-0.007000100614423819,-0.006283666750574325
125660.0,-0.0007166856671020917,-0.006994005548895643,-0.006277319881793551
125680.0,-0.0007169370700372415,-0.006987911998578042,-0.0062709749285408
125700.0,-0.0007171880726461137,-0.006981819926364834,-0.00626463185371872
125720.0,-0.0007174386749198786,-0.00697572929514984,-0.006258290620229962
125740.0,-0.0007176888768497066,-0.006969640067826877,-0.00625195119097717
125760.0,-0.0007179386784267684,-0.006963552207289765,-0.0062456135288629965
125780.0,-0.0007181880796422342,-0.006957465676432323,-0.006239277596790088
125800.0,-0.0007184370804872747,-0.006951380438148368,-0.006232943357661094
125820.0,-0.00071868568095306,-0.006945296455331721,-0.0062266107743786615
125840.0,-0.0007189338810307609,-0.0069392136908762,-0.0062202798098454385
125860.0,-0.0007191816807115476,-0.006933132107675625,-0.006213950426964078
125880.0,-0.0007194290799865909,-0.0069270516686238135,-0.006207622588637223
125900.0,-0.000719676078847061,-0.006920972336614586,-0.0062012962577675254
125920.0,-0.0007199226772841284,-0.00691489407454176,-0.006194971397257632
125940.0,-0.0007201688752889634,-0.006908816845299156,-0.006188647970010193
125960.0,-0.0007204146728527368,-0.006902740611780591,-0.006182325938927854
125980.0,-0.0007206600699666188,-0.006896665336879884,-0.006176005266913265
126000.0,-0.0007209050666217801,-0.006890590983490856,-0.006169685916869076
126020.0,-0.0007211496628093908,-0.0068845175145073245,-0.006163367851697934
126040.0,-0.0007213938585206218,-0.006878444892823109,-0.006157051034302487
126060.0,-0.0007216376537466431,-0.006872373081332029,-0.0061507354275853856
126080.0,-0.0007218810484786255,-0.006866302042927902,-0.006144420994449277
126100.0,-0.0007221240427077392,-0.006860231740504547,-0.006138107697796808
126120.0,-0.000722366636425155,-0.006854162136955783,-0.006131795500530628
126140.0,-0.0007226088296220431,-0.006848093195175431,-0.0061254843655533875
126160.0,-0.000722850622289574,-0.006842024878057307,-0.006119174255767733
126180.0,-0.000723092014418918,-0.006835957148495232,-0.006112865134076314
126200.0,-0.000723333006001246,-0.006829889969383025,-0.006106556963381779
126220.0,-0.0007235735970277281,-0.006823823303614502,-0.006100249706586774
126240.0,-0.0007238137874895349,-0.006817757114083486,-0.006093943326593952
126260.0,-0.0007240535773778366,-0.006811691363683794,-0.006087637786305958
126280.0,-0.000724292966683804,-0.006805626015309244,-0.00608133304862544
126300.0,-0.0007245319553986075,-0.006799561031853656,-0.006075029076455048
126320.0,-0.0007247705435134173,-0.00679349637621085,-0.006068725832697433
126340.0,-0.0007250087310194043,-0.006787432011274644,-0.00606242328025524
126360.0,-0.0007252465179077385,-0.006781367899938856,-0.006056121382031118
126380.0,-0.0007254839041695908,-0.006775304005097306,-0.006049820100927715
126400.0,-0.0007257208897961311,-0.006769240289643812,-0.006043519399847681
126420.0,-0.0007259574747785303,-0.006763176716472193,-0.006037219241693663
126440.0,-0.0007261936591079589,-0.006757113248476269,-0.00603091958936831
126460.0,-0.000726429442775587,-0.006751049848549859,-0.006024620405774272
126480.0,-0.0007266648257725854,-0.006744986479586782,-0.006018321653814197
126500.0,-0.0007268998080901243,-0.006738923104480856,-0.006012023296390732
126520.0,-0.0007271343897193744,-0.0067328596861259,-0.006005725296406525
126540.0,-0.000727368570651506,-0.006726796187415733,-0.005999427616764227
126560.0,-0.0007276023508776896,-0.0067207325712441745,-0.005993130220366485
126580.0,-0.0007278357303890956,-0.0067146688005050425,-0.0059868330701159465
126600.0,-0.0007280687091768945,-0.006708604838092157,-0.005980536128915263
126620.0,-0.0007283012872322567,-0.006702540646899337,-0.00597423935966708
126640.0,-0.000728533464546353,-0.0066964761898204,-0.005967942725274047
126660.0,-0.0007287652411103534,-0.006690411429749166,-0.005961646188638813
126680.0,-0.0007289966169154286,-0.006684346329579455,-0.005955349712664026
126700.0,-0.0007292275919527489,-0.006678280852205084,-0.0059490532602523355
126720.0,-0.0007294581662134849,-0.006672214960519872,-0.005942756794306387
126740.0,-0.000729688339688807,-0.006666148617417639,-0.005936460277728832
126760.0,-0.0007299181123698857,-0.006660081785792204,-0.005930163673422318
126780.0,-0.0007301474842478916,-0.006654014428537385,-0.005923866944289494
126800.0,-0.0007303764553139949,-0.006647946508547002,-0.005917570053233007
126820.0,-0.0007306050255593661,-0.006641877988714873,-0.005911272963155507
126840.0,-0.0007308331949751756,-0.006635808831934818,-0.005904975636959642
126860.0,-0.0007310609635525942,-0.006629739001100653,-0.005898678037548059
126880.0,-0.0007312883312827921,-0.006623668459106202,-0.00589238012782341
126900.0,-0.0007315152981569396,-0.006617597168845279,-0.00588608187068834
126920.0,-0.0007317418641662076,-0.0066115250932117075,-0.0058797832290455
126940.0,-0.0007319680293017661,-0.006605452195099302,-0.005873484165797535
126960.0,-0.0007321937935547859,-0.006599378437401884,-0.005867184643847098
126980.0,-0.0007324191569164374,-0.006593303783013272,-0.005860884626096835
127000.0,-0.0007326441193778909,-0.006587228194827285,-0.0058545840754493945
127020.0,-0.0007328686809303169,-0.0065811516357377415,-0.005848282954807425
127040.0,-0.000733092841564886,-0.00657507406863846,-0.005841981227073574
127060.0,-0.0007333166012727685,-0.006568995456423261,-0.0058356788551504925
127080.0,-0.0007335399600451348,-0.006562915761985963,-0.005829375801940828
127100.0,-0.0007337629178731557,-0.006556834948220384,-0.0058230720303472285
127120.0,-0.0007339854747480014,-0.006550752978020344,-0.005816767503272343
127140.0,-0.0007342076306608423,-0.006544669814279661,-0.005810462183618819
127160.0,-0.0007344293856028491,-0.0065385854198921544,-0.005804156034289305
127180.0,-0.000734650739565192,-0.0065324997577516425,-0.0057978490181864505
127200.0,-0.0007348716925390415,-0.006526412790751945,-0.005791541098212904
127220.0,-0.0007350922445155683,-0.006520324481786881,-0.005785232237271313
127240.0,-0.0007353123954859427,-0.00651423479375027,-0.0057789223982643275
127260.0,-0.0007355321454413351,-0.006508143689535929,-0.0057726115440945944
127280.0,-0.000735751494372916,-0.006502051132037678,-0.005766299637664762
127300.0,-0.0007359704422718557,-0.006495957084149337,-0.005759986641877482
127320.0,-0.000736188989129325,-0.006489861508764722,-0.005753672519635397
127340.0,-0.0007364071349364943,-0.006483764368777655,-0.005747357233841161
127360.0,-0.0007366248796845337,-0.006477665627081953,-0.005741040747397419
127380.0,-0.0007368422233646142,-0.006471565246571437,-0.005734723023206823
127400.0,-0.0007370591659679057,-0.006465463190139924,-0.005728404024172018
127420.0,-0.000737275707485579,-0.006459359420681234,-0.0057220837131956555
127440.0,-0.0007374918479088045,-0.006453253901089184,-0.0057157620531803795
127460.0,-0.0007377075872287527,-0.006447146594257595,-0.005709439007028843
127480.0,-0.000737922925436594,-0.006441037463080286,-0.005703114537643692
127500.0,-0.0007381378625234988,-0.006434926470451075,-0.005696788607927577
127520.0,-0.0007383523984806374,-0.006428813579263782,-0.0056904611807831445
127540.0,-0.0007385665332991808,-0.006422698752412225,-0.005684132219113043
127560.0,-0.000738780266970299,-0.006416581952790223,-0.005677801685819924
127580.0,-0.0007389935994851628,-0.0064104631432915955,-0.005671469543806432
127600.0,-0.0007392065308349421,-0.00640434228681016,-0.005665135755975218
127620.0,-0.000739419061010808,-0.006398219346239737,-0.0056588002852289284
127640.0,-0.0007396311900039304,-0.006392094284474144,-0.005652463094470214
127660.0,-0.0007398429178054803,-0.006385967064407202,-0.005646124146601722
127680.0,-0.0007400542444066278,-0.006379837648932728,-0.0056397834045261
127700.0,-0.0007402651697985434,-0.006373706000944543,-0.005633440831145999
127720.0,-0.0007404756939723975,-0.006367572083336464,-0.005627096389364066
127740.0,-0.000740685816919361,-0.006361435859002311,-0.00562075004208295
127760.0,-0.0007408955386306036,-0.006355297290835902,-0.005614401752205298
127780.0,-0.0007411048590972964,-0.006349156341731055,-0.005608051482633759
127800.0,-0.0007413137783106097,-0.006343012974581592,-0.005601699196270982
127820.0,-0.0007415222962617138,-0.006336867152281331,-0.0055953448560196175
127840.0,-0.0007417304129417793,-0.00633071883772409,-0.0055889884247823105
127860.0,-0.0007419381283419766,-0.0063245679938036875,-0.0055826298654617105
127880.0,-0.0007421454424534761,-0.0063184145834139435,-0.005576269140960467
127900.0,-0.0007423523552674485,-0.006312258569448677,-0.005569906214181229
127920.0,-0.0007425588667750641,-0.006306099914801706,-0.005563541048026642
127940.0,-0.0007427649769674933,-0.00629993858236685,-0.005557173605399357
127960.0,-0.0007429706858359065,-0.006293774535037928,-0.005550803849202022
127980.0,-0.0007431759933714743,-0.00628760773570876,-0.005544431742337286
128000.0,-0.0007433808995653672,-0.006281438147273163,-0.005538057247707796
128020.0,-0.0007435854044087555,-0.006275265732624956,-0.0055316803282162005
128040.0,-0.0007437895078928099,-0.00626909045465796,-0.00552530094676515
128060.0,-0.0007439932100087006,-0.006262912276265991,-0.00551891906625729
128080.0,-0.0007441965107475982,-0.0062567311603428715,-0.005512534649595273
128100.0,-0.000744399410100673,-0.006250547069782417,-0.005506147659681744
128120.0,-0.0007446019080590957,-0.006244359967478449,-0.005499758059419353
128140.0,-0.0007448040046140366,-0.006238169816324785,-0.005493365811710748
128160.0,-0.0007450056997566663,-0.0062319765792152445,-0.005486970879458578
128180.0,-0.0007452069934781551,-0.006225780219043646,-0.0054805732255654915
128200.0,-0.0007454078857696734,-0.006219580698703808,-0.005474172812934134
128220.0,-0.0007456083766223919,-0.0062133779810895524,-0.00546776960446716
128240.0,-0.000745808466027481,-0.006207172029094694,-0.005461363563067213
128260.0,-0.000746008153976111,-0.0062009628056130545,-0.005454954651636944
128280.0,-0.0007462074404594525,-0.006194750273538451,-0.005448542833078999
128300.0,-0.0007464063254686758,-0.006188534395764705,-0.005442128070296029
128320.0,-0.0007466048089949514,-0.0061823151351856325,-0.005435710326190681
128340.0,-0.0007468028910294501,-0.006176092454695054,-0.005429289563665604
128360.0,-0.000747000571563342,-0.0061698663171867885,-0.0054228657456234465
128380.0,-0.0007471978505877976,-0.006163636685554654,-0.005416438834966856
128400.0,-0.0007473947280939874,-0.0061574035226924706,-0.005410008794598483
128420.0,-0.0007475912040730818,-0.006151166791494058,-0.005403575587420976
128440.0,-0.0007477872785162514,-0.0061449264548532325,-0.005397139176336981
128460.0,-0.0007479829514146666,-0.006138682475663815,-0.005390699524249148
128480.0,-0.0007481782227594979,-0.006132434816819623,-0.005384256594060125
128500.0,-0.0007483730925419155,-0.006126183441214478,-0.005377810348672562
128520.0,-0.0007485675607530902,-0.006119928311742196,-0.0053713607509891055
128540.0,-0.0007487616273841923,-0.006113669391296596,-0.005364907763912404
128560.0,-0.0007489552924263922,-0.0061074066427715,-0.005358451350345108
128580.0,-0.0007491485558708606,-0.006101140029060725,-0.005351991473189864
128600.0,-0.0007493414177087677,-0.00609486951305809,-0.005345528095349323
128620.0,-0.000749533877931284,-0.006088595057657414,-0.00533906117972613
128640.0,-0.00074972593652958,-0.006082316625752516,-0.005332590689222936
128660.0,-0.0007499175934948262,-0.006076034180237213,-0.005326116586742387
128680.0,-0.0007501088488181932,-0.006069747684005328,-0.005319638835187135
128700.0,-0.0007502997024908511,-0.006063457099950676,-0.005313157397459824
128720.0,-0.0007504901545039706,-0.006057162390967079,-0.005306672236463108
128740.0,-0.0007506802048487222,-0.006050863519948354,-0.005300183315099632
128760.0,-0.000750869853516276,-0.00604456044978832,-0.005293690596272044
128780.0,-0.0007510591004978029,-0.006038253143380797,-0.005287194042882994
128800.0,-0.0007512479457844733,-0.006031941563619605,-0.0052806936178351315
128820.0,-0.0007514363893674573,-0.006025625673398559,-0.005274189284031102
128840.0,-0.0007516244312379258,-0.006019305435611481,-0.005267681004373555
128860.0,-0.0007518120713870491,-0.00601298081315219,-0.005261168741765141
128880.0,-0.0007519993098059973,-0.006006651768914503,-0.005254652459108506
128900.0,-0.0007521861464859414,-0.006000318265792241,-0.005248132119306299
128920.0,-0.0007523725814180517,-0.005993980266679222,-0.00524160768526117
128940.0,-0.0007525586145934984,-0.0059876377344692654,-0.005235079119875767
128960.0,-0.0007527442460034523,-0.005981290632056188,-0.0052285463860527355
128980.0,-0.0007529294756390835,-0.005974938922333811,-0.005222009446694728
129000.0,-0.0007531143034915629,-0.005968582568195954,-0.005215468264704391
129020.0,-0.0007532987295520607,-0.0059622215325364335,-0.005208922802984373
129040.0,-0.0007534827538117474,-0.005955855778249071,-0.005202373024437323
129060.0,-0.0007536663762617934,-0.005949485268227684,-0.0051958188919658905
129080.0,-0.0007538495968933692,-0.005943109965366091,-0.005189260368472722
129100.0,-0.0007540324156976452,-0.005936729832558111,-0.005182697416860465
129120.0,-0.000754214832665792,-0.005930344832697563,-0.005176130000031772
129140.0,-0.00075439684778898,-0.005923954928678269,-0.0051695580808892895
129160.0,-0.0007545784610583796,-0.005917560083394042,-0.005162981622335663
129180.0,-0.0007547596724651613,-0.005911160259738707,-0.005156400587273545
129200.0,-0.0007549404820004957,-0.005904755420606079,-0.005149814938605583
129220.0,-0.0007551208896555529,-0.005898345528889979,-0.005143224639234426
129240.0,-0.0007553008954215036,-0.005891930547484224,-0.00513662965206272
129260.0,-0.0007554804992895184,-0.005885510439282634,-0.005130029939993116
129280.0,-0.0007556597012507674,-0.005879085167179029,-0.005123425465928262
129300.0,-0.0007558385012964214,-0.005872654694067225,-0.005116816192770804
129320.0,-0.0007560168994176506,-0.005866218982841044,-0.0051102020834233935
129340.0,-0.0007561948956056256,-0.005859777996394305,-0.0051035831007886796
129360.0,-0.0007563724898515169,-0.005853331697620825,-0.005096959207769308
129380.0,-0.0007565496821464948,-0.005846880049414423,-0.0050903303672679276
129400.0,-0.00075672647248173,-0.005840423014668919,-0.005083696542187189
129420.0,-0.0007569028608483926,-0.005833960556278131,-0.005077057695429738
129440.0,-0.0007570788472376534,-0.005827492637135878,-0.005070413789898224
129460.0,-0.0007572544316406827,-0.005821019220135982,-0.005063764788495299
129480.0,-0.000757429614048651,-0.005814540268172257,-0.005057110654123606
129500.0,-0.0007576043944527287,-0.0058080557441385254,-0.005050451349685797
129520.0,-0.0007577787728440863,-0.005801565610928604,-0.005043786838084518
129540.0,-0.0007579527492138944,-0.005795069831436314,-0.00503711708222242
129560.0,-0.000758126323553323,-0.005788568368555473,-0.005030442045002149
129580.0,-0.0007582994958535432,-0.005782061185179899,-0.005023761689326356
129600.0,-0.000758472266105725,-0.005775548244203412,-0.005017075978097687
129620.0,-0.0007586446343010389,-0.005769029508519832,-0.005010384874218793
129640.0,-0.0007588166004306557,-0.005762504941022977,-0.005003688340592322
129660.0,-0.0007589881644857453,-0.005755974504606666,-0.004996986340120921
129680.0,-0.0007591593264574787,-0.0057494381621647165,-0.004990278835707238
129700.0,-0.0007593300863370261,-0.005742895876590949,-0.004983565790253923
129720.0,-0.000759500444115558,-0.005736347610779182,-0.004976847166663623
129740.0,-0.0007596703997842447,-0.005729793327623236,-0.004970122927838992
129760.0,-0.0007598399533342569,-0.005723232990016927,-0.00496339303668267
129780.0,-0.000760009104756765,-0.0057166665608540754,-0.004956657456097311
129800.0,-0.0007601778540429394,-0.005710094003028501,-0.004949916148985561
129820.0,-0.0007603462011839505,-0.005703515279434022,-0.004943169078250071
129840.0,-0.000760514146170969,-0.005696930352964457,-0.0049364162067934885
129860.0,-0.0007606816889951652,-0.005690339186513625,-0.004929657497518459
129880.0,-0.0007608488296477094,-0.005683741742975346,-0.0049228929133276365
129900.0,-0.0007610155681197722,-0.005677137985243437,-0.004916122417123665
129920.0,-0.0007611819044025242,-0.0056705278762117185,-0.004909345971809195
129940.0,-0.0007613478384871357,-0.005663911378774009,-0.004902563540286874
129960.0,-0.0007615133703647773,-0.0056572884558241275,-0.00489577508545935
129980.0,-0.0007616785000266192,-0.005650659070255893,-0.004888980570229274
130000.0,-0.0007618433039350075,-0.00564401856704517,-0.004882175263110163
130020.0,-0.0007620078585557099,-0.005637362410991462,-0.004875354552435752
130040.0,-0.0007621721638850291,-0.005630690744724047,-0.004868518580839018
130060.0,-0.0007623362199192677,-0.005624003710872202,-0.004861667490952935
130080.0,-0.0007625000266547285,-0.005617301452065207,-0.004854801425410478
130100.0,-0.0007626635840877143,-0.005610584110932337,-0.004847920526844623
130120.0,-0.0007628268922145279,-0.005603851830102873,-0.0048410249378883444
130140.0,-0.0007629899510314719,-0.005597104752206089,-0.004834114801174618
130160.0,-0.0007631527605348495,-0.005590343019871267,-0.004827190259336417
130180.0,-0.0007633153207209629,-0.0055835667757276825,-0.004820251455006719
130200.0,-0.000763477631586115,-0.0055767761624046135,-0.004813298530818498
130220.0,-0.0007636396931266089,-0.005569971322531339,-0.00480633162940473
130240.0,-0.000763801505338747,-0.005563152398737136,-0.004799350893398389
130260.0,-0.0007639630682188322,-0.0055563195336512826,-0.004792356465432451
130280.0,-0.0007641243817631672,-0.005549472869903055,-0.004785348488139888
130300.0,-0.0007642854459680548,-0.005542612550121734,-0.004778327104153679
130320.0,-0.0007644462608297978,-0.005535738716936597,-0.004771292456106799
130340.0,-0.0007646068263446988,-0.00552885151297692,-0.0047642446866322215
130360.0,-0.0007647671425090607,-0.005521951080871982,-0.004757183938362921
130380.0,-0.0007649272093191863,-0.005515037563251062,-0.004750110353931875
130400.0,-0.0007650870267713782,-0.005508111102743435,-0.004743024075972057
130420.0,-0.0007652465948619394,-0.005501171841978381,-0.004735925247116442
130440.0,-0.0007654059135871723,-0.005494219923585178,-0.0047288140099980055
130460.0,-0.00076556498294338,-0.005487255490193103,-0.004721690507249723
130480.0,-0.000765723802926865,-0.005480278684431434,-0.004714554881504569
130500.0,-0.0007658823735339302,-0.00547328964892945,-0.00470740727539552
130520.0,-0.0007660406947608784,-0.005466288526316428,-0.0047002478315555495
130540.0,-0.0007661987666040124,-0.0054592754592216455,-0.004693076692617633
130560.0,-0.0007663565890596348,-0.00545225059027438,-0.004685894001214746
130580.0,-0.0007665141621240483,-0.005445214062103912,-0.004678699899979864
130600.0,-0.0007666714857935558,-0.005438166017339516,-0.00467149453154596
130620.0,-0.00076682856006446,-0.005431106598610472,-0.004664278038546012
130640.0,-0.0007669853849330637,-0.005424035948546057,-0.0046570505636129925
130660.0,-0.0007671419603956698,-0.00541695420977555,-0.00464981224937988
130680.0,-0.0007672982864485809,-0.005409861524928227,-0.004642563238479646
130700.0,-0.0007674543630880996,-0.005402758036633368,-0.0046353036735452685
130720.0,-0.0007676101903105289,-0.005395643887520249,-0.00462803369720972
130740.0,-0.0007677657681121714,-0.00538851922021815,-0.0046207534521059785
130760.0,-0.0007679210964893301,-0.005381384177356346,-0.004613463080867016
130780.0,-0.0007680761754383076,-0.005374238901564117,-0.004606162726125809
130800.0,-0.0007682310049554065,-0.00536708353547074,-0.0045988525305153335
130820.0,-0.0007683855850369298,-0.005359918221705494,-0.004591532636668564
130840.0,-0.0007685399156791802,-0.005352743102897657,-0.004584203187218476
130860.0,-0.0007686939968784604,-0.005345558321676504,-0.004576864324798044
130880.0,-0.0007688478286310732,-0.005338364020671316,-0.004569516192040243
130900.0,-0.0007690014109333213,-0.0053311603425113705,-0.004562158931578049
130920.0,-0.0007691547437815077,-0.005323947429825944,-0.004554792686044436
130940.0,-0.0007693078271719348,-0.005316725425244314,-0.00454741759807238
130960.0,-0.0007694606611009057,-0.0053094944713957615,-0.004540033810294856
130980.0,-0.0007696132455647227,-0.005302254710909561,-0.004532641465344839
131000.0,-0.000769765580559689,-0.005295006286414991,-0.004525240705855302
131020.0,-0.0007699176660821073,-0.0052877493405413326,-0.004517831674459225
131040.0,-0.0007700695021282802,-0.005280484015917859,-0.004510414513789579
131060.0,-0.0007702210886945105,-0.005273210455173851,-0.004502989366479341
131080.0,-0.000770372425777101,-0.005265928800938586,-0.004495556375161485
131100.0,-0.0007705235133723545,-0.005258639195841341,-0.004488115682468987
131120.0,-0.0007706743514765736,-0.005251341782511396,-0.004480667431034822
131140.0,-0.0007708249400860612,-0.005244036703578025,-0.0044732117634919645
131160.0,-0.00077097527919712,-0.0052367241016705104,-0.00446574882247339
131180.0,-0.0007711253688060529,-0.005229404119418127,-0.004458278750612075
131200.0,-0.0007712752089091623,-0.005222076899450154,-0.0044508016905409915
131220.0,-0.0007714247995027514,-0.005214742584395868,-0.004443317784893117
131240.0,-0.0007715741405831226,-0.0052074013168845485,-0.0044358271763014255
131260.0,-0.000771723232146579,-0.0052000532395454725,-0.004428330007398893
131280.0,-0.0007718720741894229,-0.005192698495007919,-0.0044208264208184965
131300.0,-0.0007720206667079576,-0.005185337225901165,-0.004413316559193207
131320.0,-0.0007721690096984855,-0.005177969574854487,-0.0044058005651560015
131340.0,-0.0007723171031573093,-0.005170595684497165,-0.004398278581339855
131360.0,-0.000772464947080732,-0.005163215697458475,-0.004390750750377743
131380.0,-0.0007726125414650563,-0.005155829756367698,-0.004383217214902642
131400.0,-0.0007727598863065848,-0.005148438003854109,-0.004375678117547524
131420.0,-0.0007729069816016207,-0.005141040582546986,-0.004368133600945365
131440.0,-0.0007730538273464661,-0.005133637635075609,-0.0043605838077291435
131460.0,-0.0007732004235374244,-0.005126229304069254,-0.004353028880531829
131480.0,-0.0007733467701707977,-0.005118815732157199,-0.004345468961986401
131500.0,-0.0007734928672428893,-0.005111397061968722,-0.004337904194725833
131520.0,-0.0007736387147500018,-0.005103973436133102,-0.004330334721383101
131540.0,-0.000773784312688438,-0.005096544997279615,-0.004322760684591177
131560.0,-0.0007739296610545004,-0.005089111888037541,-0.004315182226983041
131580.0,-0.0007740747598444922,-0.005081674251036158,-0.004307599491191665
131600.0,-0.0007742196090547157,-0.00507423222890474,-0.004300012619850024
131620.0,-0.0007743642086814738,-0.00506678596427257,-0.004292421755591096
131640.0,-0.0007745085587210694,-0.005059335599768922,-0.004284827041047852
131660.0,-0.0007746526591698055,-0.005051881278023075,-0.00427722861885327
131680.0,-0.0007747965100239842,-0.005044423141664309,-0.004269626631640325
131700.0,-0.0007749401112799087,-0.005036961333321898,-0.004262021222041989
131720.0,-0.0007750834629338816,-0.005029495995625124,-0.004254412532691243
131740.0,-0.0007752265649822058,-0.005022027271203262,-0.004246800706221057
131760.0,-0.0007753694174211839,-0.0050145553026855905,-0.004239185885264406
131780.0,-0.0007755120202471188,-0.005007080232701387,-0.004231568212454268
131800.0,-0.0007756543734563133,-0.004999602203879933,-0.004223947830423619
131820.0,-0.0007757964770450699,-0.004992121358850501,-0.004216324881805431
131840.0,-0.0007759383310096917,-0.004984637840242372,-0.004208699509232681
131860.0,-0.000776079935346481,-0.004977151790684824,-0.004201071855338343
131880.0,-0.0007762212900517409,-0.004969663352807132,-0.004193442062755391
131900.0,-0.0007763623951217742,-0.004962172669238577,-0.004185810274116803
131920.0,-0.0007765032505528837,-0.004954679882608435,-0.004178176632055552
131940.0,-0.0007766438563413717,-0.004947185135545987,-0.004170541279204616
131960.0,-0.0007767842124835414,-0.0049396885706805066,-0.004162904358196965
131980.0,-0.0007769243189756954,-0.004932190330641274,-0.004155266011665579
132000.0,-0.0007770641758141364,-0.004924690558057568,-0.004147626382243431
132020.0,-0.0007772037829951675,-0.004917189395558664,-0.004139985612563496
132040.0,-0.000777343140515091,-0.004909686985773842,-0.004132343845258751
132060.0,-0.0007774822483702098,-0.004902183471332379,-0.004124701222962168
132080.0,-0.0007776211065568269,-0.004894678994863553,-0.004117057888306726
132100.0,-0.0007777597150712448,-0.00488717369899664,-0.004109413983925395
132120.0,-0.0007778980739097664,-0.004879667726360922,-0.0041017696524511555
132140.0,-0.0007780361830686942,-0.004872161219585673,-0.004094125036516979
132160.0,-0.0007781740425443314,-0.0048646543213001735,-0.004086480278755842
132180.0,-0.0007783116523329804,-0.004857147174133699,-0.004078835521800718
132200.0,-0.000778449012430944,-0.00484963992071553,-0.004071190908284586
132220.0,-0.0007785861228345252,-0.004842132703674944,-0.004063546580840419
132240.0,-0.0007787229835400265,-0.004834625665641216,-0.00405590268210119
132260.0,-0.0007788595945437506,-0.0048271189492436264,-0.004048259354699876
132280.0,-0.0007789959558420006,-0.004819612697111453,-0.004040616741269452
132300.0,-0.000779132067431079,-0.0048121070518739725,-0.0040329749844428935
132320.0,-0.0007792679293072887,-0.004804602156160464,-0.004025334226853175
132340.0,-0.0007794035414669323,-0.004797098152600205,-0.004017694611133272
132360.0,-0.0007795389039063127,-0.0047895951838224735,-0.004010056279916161
132380.0,-0.0007796740166217326,-0.004782093392456546,-0.004002419375834813
132400.0,-0.0007798088796094947,-0.004774592921131702,-0.003994784041522208
132420.0,-0.0007799434928659019,-0.0047670939124772205,-0.003987150419611319
132440.0,-0.0007800778563872568,-0.004759596509122376,-0.003979518652735119
132460.0,-0.0007802119701698623,-0.004752100853696448,-0.003971888883526586
132480.0,-0.000780345834210021,-0.004744607088828716,-0.003964261254618694
132500.0,-0.0007804794485040357,-0.004737115357148456,-0.00395663590864442
132520.0,-0.0007806128130482094,-0.004729625801284947,-0.003949012988236737
132540.0,-0.0007807459278388446,-0.004722138563867464,-0.003941392636028619
132560.0,-0.0007808787928722442,-0.00471465378752529,-0.003933774994653046
132580.0,-0.0007810114081447107,-0.0047071716148876985,-0.003926160206742988
132600.0,-0.0007811437736525472,-0.004699692188583968,-0.003918548414931421
132620.0,-0.0007812758893920562,-0.004692215651243377,-0.003910939761851321
132640.0,-0.0007814077553595406,-0.004684742145495207,-0.003903334390135666
132660.0,-0.0007815393715513033,-0.004677271813968729,-0.0038957324424174263
132680.0,-0.0007816707379636467,-0.004669804799293226,-0.003888134061329579
132700.0,-0.0007818018545928738,-0.004662341244097975,-0.003880539389505101
132720.0,-0.0007819327214352872,-0.004654881291012252,-0.0038729485695769648
132740.0,-0.0007820633384871898,-0.004647425082665336,-0.0038653617441781456
132760.0,-0.0007821937057448844,-0.004639972761686505,-0.0038577790559416202
132780.0,-0.0007823238232046735,-0.004632524470705037,-0.003850200647500364
132800.0,-0.0007824536908628603,-0.00462508035235021,-0.0038426266614873497
132820.0,-0.0007825833087157472,-0.004617640549251302,-0.0038350572405355544
132840.0,-0.0007827126767596369,-0.00461020520403759,-0.003827492527277953
132860.0,-0.0007828417949908324,-0.0046027744593383525,-0.00381993266434752
132880.0,-0.0007829706634056364,-0.004595348457782867,-0.0038123777943772307
132900.0,-0.0007830992820003516,-0.004587927342000411,-0.0038048280600000593
132920.0,-0.000783227650771281,-0.004580511254620265,-0.0037972836038489837
132940.0,-0.0007833557697147269,-0.004573100338271702,-0.0037897445685569756
132960.0,-0.0007834836388269922,-0.004565694735584005,-0.0037822110967570123
132980.0,-0.0007836112581043799,-0.00455829458918645,-0.0037746833310820698
133000.0,-0.0007837386275431927,-0.004550900041708313,-0.0037671614141651204
133020.0,-0.0007838657471397331,-0.004543511235778874,-0.0037596454886391407
133040.0,-0.0007839926168903043,-0.0045361283140274095,-0.003752135697137105
133060.0,-0.0007841192367912086,-0.0045287514190832,-0.003744632182291991
133080.0,-0.000784245606838749,-0.00452138069357552,-0.0037371350867367713
133100.0,-0.0007843717270292282,-0.00451401628013365,-0.0037296445531044215
133120.0,-0.0007844975973589491,-0.004506658321386867,-0.003722160724027918
133140.0,-0.0007846232178242142,-0.004499306959964448,-0.0037146837421402337
133160.0,-0.0007847485884213265,-0.004491962338495672,-0.0037072137500743455
133180.0,-0.0007848737091465886,-0.004484624599609816,-0.0036997508904632274
133200.0,-0.0007849985799963032,-0.004477293885936159,-0.003692295305939856
133220.0,-0.0007851232009667733,-0.004469970340103978,-0.003684847139137205
133240.0,-0.0007852475720543014,-0.0044626541047425505,-0.0036774065326882492
133260.0,-0.0007853716932551904,-0.004455345322481157,-0.0036699736292259665
133280.0,-0.0007854955645657431,-0.004448044135949071,-0.0036625485713833285
133300.0,-0.0007856191859822623,-0.004440750687775574,-0.0036551315017933116
133320.0,-0.0007857425575010506,-0.004433465120589942,-0.0036477225630888914
133340.0,-0.0007858656791184108,-0.004426187577021455,-0.0036403218979030438
133360.0,-0.0007859885508306457,-0.004418918199699389,-0.0036329296488687435
133380.0,-0.0007861111726340579,-0.004411657131253021,-0.003625545958618963
133400.0,-0.0007862335445249504,-0.004404404514311631,-0.003618170969786681
133420.0,-0.000786355666499626,-0.004397160491504497,-0.0036108048250048704
133440.0,-0.0007864775385543871,-0.004389925205460894,-0.003603447666906507
133460.0,-0.0007865991606855367,-0.004382698798810104,-0.0035960996381245672
133480.0,-0.0007867205328893777,-0.0043754814141814015,-0.0035887608812920236
133500.0,-0.0007868416551622125,-0.004368273194204067,-0.003581431539041854
133520.0,-0.0007869625275003442,-0.004361074281507375,-0.003574111754007031
133540.0,-0.0007870831499000754,-0.004353884818720607,-0.003566801668820531
133560.0,-0.0007872035223577087,-0.004346704948473038,-0.0035595014261153293
133580.0,-0.0007873236448695471,-0.004339534813393948,-0.0035522111685244006
133600.0,-0.0007874435174318933,-0.004332374556112613,-0.00354493103868072
133620.0,-0.0007875631400410501,-0.004325224319258313,-0.003537661179217263
133640.0,-0.00078768251269332,-0.0043180842454603255,-0.0035304017327670053
133660.0,-0.0007878016353850062,-0.004310954477347926,-0.0035231528419629194
133680.0,-0.0007879205081124113,-0.004303835157550395,-0.003515914649437984
133700.0,-0.0007880391308718377,-0.00429672642869701,-0.0035086872978251724
133720.0,-0.0007881575036595886,-0.004289628433417047,-0.0035014709297574585
133740.0,-0.0007882756264719664,-0.004282541314339786,-0.0034942656878678194
133760.0,-0.0007883934993052743,-0.004275465214094504,-0.00348707171478923
133780.0,-0.0007885111221558146,-0.00426840027531048,-0.003479889153154665
133800.0,-0.0007886284950198905,-0.004261346640616989,-0.0034727181455970987
133820.0,-0.0007887456178938044,-0.004254304452643313,-0.0034655588347495088
133840.0,-0.0007888624907738593,-0.004247273854018726,-0.0034584113632448663
133860.0,-0.0007889791136563575,-0.004240254987372507,-0.00345127587371615
133880.0,-0.0007890954865376025,-0.004233247995333935,-0.0034441525087963326
133900.0,-0.0007892116094138965,-0.004226253020532289,-0.003437041411118392
133920.0,-0.0007893274822815424,-0.004219270205596843,-0.003429942723315301
133940.0,-0.0007894431051368432,-0.004212299693156878,-0.003422856588020035
133960.0,-0.0007895584779761012,-0.0042053416258416715,-0.0034157831478655704
133980.0,-0.0007896736007956195,-0.004198396146280499,-0.00340872254548488
134000.0,-0.0007897884735917006,-0.004191463397102642,-0.0034016749235109413
134020.0,-0.0007899030963606475,-0.0041845435209373755,-0.003394640424576728
134040.0,-0.0007900174690987632,-0.00417763666041398,-0.003387619191315217
134060.0,-0.0007901315918023497,-0.0041707429581617295,-0.00338061136635938
134080.0,-0.0007902454644677104,-0.004163862556809905,-0.0033736170923421953
134100.0,-0.0007903590870911478,-0.004156995598987786,-0.003366636511896638
134120.0,-0.0007904724596689646,-0.004150142227324646,-0.0033596697676556812
134140.0,-0.0007905855821974639,-0.004143302584449765,-0.0033527170022523015
134160.0,-0.0007906984546729481,-0.00413647681299242,-0.003345778358319472
134180.0,-0.0007908110770917201,-0.004129665055581892,-0.003338853978490172
134200.0,-0.0007909234494500826,-0.0041228674548474545,-0.0033319440053973717
134220.0,-0.0007910355717443386,-0.004116084153418387,-0.003325048581674049
134240.0,-0.0007911474439707903,-0.00410931529392397,-0.0033181678499531794
134260.0,-0.0007912590661257412,-0.004102561018993478,-0.003311301952867737
134280.0,-0.0007913704382054934,-0.00409582147125619,-0.0033044510330506966
134300.0,-0.0007914815602063503,-0.0040890967933413834,-0.0032976152331350332
134320.0,-0.0007915924321246139,-0.004082387127878338,-0.0032907946957537243
134340.0,-0.0007917030539565876,-0.00407569261749633,-0.003283989563539742
134360.0,-0.0007918134256985738,-0.004069013404824636,-0.0032771999791260625
134380.0,-0.0007919235473468753,-0.004062349632492538,-0.003270426085145663
134400.0,-0.0007920334188977951,-0.00405570144312931,-0.003263668024231515
134420.0,-0.0007921430403476359,-0.0040490689793642315,-0.0032569259390165957
134440.0,-0.0007922524116927001,-0.004042452383826579,-0.003250199972133879
134460.0,-0.0007923615329292908,-0.004035851799145633,-0.0032434902662163427
134480.0,-0.0007924704040537106,-0.00402926736795067,-0.0032367969638969598
134500.0,-0.0007925790250622624,-0.0040226992328709675,-0.003230120207808705
134520.0,-0.0007926873959512489,-0.004016147536535804,-0.003223460140584555
134540.0,-0.0007927955167169729,-0.004009612421574456,-0.003216816904857483
134560.0,-0.000792903387355737,-0.004003094030616203,-0.0032101906432604656
134580.0,-0.0007930110078638442,-0.003996592506290322,-0.003203581498426478
134600.0,-0.0007931183782375969,-0.003990107991226092,-0.0031969896129884954
134620.0,-0.0007932254984732983,-0.0039836406280527896,-0.0031904151295794915
134640.0,-0.0007933323685672507,-0.0039771905593996935,-0.0031838581908324426
134660.0,-0.0007934389885157572,-0.003970757927896081,-0.003177318939380324
134680.0,-0.0007935453583151206,-0.00396434287617123,-0.0031707975178561095
134700.0,-0.0007936514779616434,-0.003957945546854419,-0.003164294068892776
134720.0,-0.0007937573474516285,-0.003951566082574925,-0.0031578087351232967
134740.0,-0.0007938629667813786,-0.003945204625962028,-0.003151341659180649
134760.0,-0.0007939683359471964,-0.003938861319645002,-0.003144892983697806
134780.0,-0.0007940734549453849,-0.003932536306253129,-0.003138462851307744
134800.0,-0.0007941783237722468,-0.003926229728415685,-0.0031320514046434384
134820.0,-0.0007942829424240846,-0.003919941728761947,-0.003125658786337863
134840.0,-0.0007943873108972012,-0.003913672449921194,-0.0031192851390239927
134860.0,-0.0007944914291878994,-0.003907422034522703,-0.003112930605334804
134880.0,-0.0007945952972924821,-0.0039011906251957542,-0.003106595327903272
134900.0,-0.0007946989152072517,-0.003894978364569623,-0.003100279449362371
134920.0,-0.0007948022829285113,-0.003888785395273588,-0.0030939831123450766
134940.0,-0.0007949054004525635,-0.0038826118599369274,-0.0030877064594843637
134960.0,-0.0007950082677757112,-0.0038764579011889193,-0.003081449633413208
134980.0,-0.0007951108848942567,-0.0038703236616588403,-0.0030752127767645836
135000.0,-0.0007952132993431567,-0.003864206141257039,-0.003068992841913882
135020.0,-0.0007953155586588061,-0.0038581021837076667,-0.0030627866250488604
135040.0,-0.0007954176628396659,-0.003852011697360711,-0.003056594034521045
135060.0,-0.0007955196118841982,-0.0038459345905661603,-0.0030504149786819623
135080.0,-0.0007956214057908641,-0.0038398707716740007,-0.003044249365883137
135100.0,-0.0007957230445581249,-0.0038338201490342194,-0.0030380971044760945
135120.0,-0.0007958245281844418,-0.0038277826309968043,-0.0030319581028123623
135140.0,-0.0007959258566682767,-0.003821758125911743,-0.003025832269243466
135160.0,-0.000796027030008091,-0.0038157465421290214,-0.0030197195121209304
135180.0,-0.0007961280482023455,-0.0038097477879986286,-0.003013619739796283
135200.0,-0.0007962289112495021,-0.003803761771870551,-0.003007532860621049
135220.0,-0.000796329619148022,-0.003797788402094776,-0.003001458782946754
135240.0,-0.0007964301718963668,-0.0037918275870212916,-0.002995397415124925
135260.0,-0.0007965305694929977,-0.003785879235000084,-0.0029893486655070863
135280.0,-0.0007966308119363761,-0.0037799432543811407,-0.0029833124424447645
135300.0,-0.0007967308992249635,-0.0037740195535144495,-0.002977288654289486
135320.0,-0.0007968308313572212,-0.003768108040749998,-0.002971277209392777
135340.0,-0.0007969306083316108,-0.0037622086244377727,-0.002965278016106162
135360.0,-0.0007970302301465933,-0.0037563212129277618,-0.0029592909827811683
135380.0,-0.0007971296968006306,-0.003750445714569952,-0.0029533160177693217
135400.0,-0.0007972290082921837,-0.00374458203771433,-0.0029473530294221464
135420.0,-0.0007973281646197143,-0.003738730090710885,-0.0029414019260911705
135440.0,-0.0007974271657816833,-0.003732889781909603,-0.0029354626161279197
135460.0,-0.0007975260117765526,-0.0037270610196604714,-0.002929535007883919
135480.0,-0.0007976247026027836,-0.0037212437123134772,-0.0029236190097106938
135500.0,-0.0007977232382588375,-0.0037154377682186088,-0.0029177145299597715
135520.0,-0.0007978216187431755,-0.0037096430957258525,-0.002911821476982677
135540.0,-0.0007979198440542594,-0.0037038596031851966,-0.002905939759130937
135560.0,-0.0007980179141905504,-0.0036980871989466275,-0.002900069284756077
135580.0,-0.00079811582915051,-0.003692325791360133,-0.0028942099622096228
135600.0,-0.0007982135889325994,-0.0036865752887757005,-0.002888361699843101
135620.0,-0.0007983111935352803,-0.0036808355995433173,-0.002882524406008037
135640.0,-0.0007984086429570138,-0.0036751066320129698,-0.002876697989055956
135660.0,-0.0007985059371962615,-0.0036693882945346462,-0.0028708823573383845
135680.0,-0.0007986030762514845,-0.0036636804954583344,-0.00286507741920685
135700.0,-0.0007987000601211446,-0.0036579831431340208,-0.0028592830830128763
135720.0,-0.0007987968888037031,-0.0036522961459116926,-0.0028534992571079896
135740.0,-0.0007988935622976212,-0.0036466194121413374,-0.002847725849843716
135760.0,-0.0007989900806013603,-0.003640952850172943,-0.0028419627695715826
135780.0,-0.0007990864437133821,-0.003635296368356496,-0.002836209924643114
135800.0,-0.0007991826516321477,-0.0036296498750419846,-0.0028304672234098368
135820.0,-0.0007992787043561186,-0.0036240132785793954,-0.0028247345742232768
135840.0,-0.0007993746018837563,-0.003618386487318716,-0.00281901188543496
135860.0,-0.000799470344213522,-0.0036127694096099333,-0.0028132990653964114
135880.0,-0.0007995659313438773,-0.0036071619538030346,-0.0028075960224591572
135900.0,-0.0007996613632732834,-0.0036015640282480083,-0.002801902664974725
135920.0,-0.0007997566400002019,-0.003595975541294841,-0.0027962189012946392
135940.0,-0.000799851761523094,-0.0035903964012935197,-0.0027905446397704257
135960.0,-0.0007999467278404212,-0.003584826516594032,-0.0027848797887536107
135980.0,-0.0008000415389506451,-0.003579265795546365,-0.00277922425659572
136000.0,-0.0008001361948522266,-0.003573714146500507,-0.0027735779516482803
136020.0,-0.0008002306955436275,-0.0035681714778064448,-0.002767940782262817
136040.0,-0.0008003250410233092,-0.003562637697814165,-0.002762312656790856
136060.0,-0.0008004192312897328,-0.0035571127148736554,-0.0027566934835839226
136080.0,-0.00080051326634136,-0.0035515964373349037,-0.0027510831709935436
136100.0,-0.000800607146176652,-0.0035460887735478965,-0.0027454816273712445
136120.0,-0.0008007008707940704,-0.003540589631862622,-0.0027398887610685513
136140.0,-0.0008007944401920764,-0.003535098920629067,-0.0027343044804369904
136160.0,-0.0008008878543691314,-0.0035296165481972187,-0.002728728693828087
136180.0,-0.000800981113323697,-0.0035241424229170647,-0.002723161309593368
136200.0,-0.0008010742170542344,-0.0035186764531385923,-0.0027176022360843577
136220.0,-0.0008011671655592052,-0.003513218547211788,-0.002712051381652583
136240.0,-0.0008012599588370705,-0.003507768613486641,-0.0027065086546495705
136260.0,-0.000801352596886292,-0.003502326560313137,-0.002700973963426845
136280.0,-0.0008014450797053309,-0.003496892296041264,-0.0026954472163359332
136300.0,-0.0008015374072926487,-0.003491465729021009,-0.0026899283217283604
136320.0,-0.0008016295796467066,-0.0034860467676023593,-0.0026844171879556525
136340.0,-0.0008017215967659664,-0.0034806353201353025,-0.002678913723369336
136360.0,-0.0008018134586488891,-0.0034752312949698264,-0.0026734178363209374
136380.0,-0.0008019051652939364,-0.003469834600455917,-0.0026679294351619805
136400.0,-0.0008019967166995694,-0.003464445144943563,-0.0026624484282439936
136420.0,-0.0008020881128642497,-0.0034590628367827505,-0.002656974723918501
136440.0,-0.0008021793537864387,-0.003453687584323468,-0.0026515082305370295
136460.0,-0.0008022704394645977,-0.0034483192959157013,-0.0026460488564511034
136480.0,-0.0008023613698971882,-0.0034429578799094395,-0.0026405965100122514
136500.0,-0.0008024521450826715,-0.003437603244654669,-0.0026351510995719974
136520.0,-0.0008025427650195091,-0.003432255298501377,-0.0026297125334818683
136540.0,-0.0008026332297061624,-0.0034269139497995513,-0.002624280720093389
136560.0,-0.0008027235391410925,-0.003421579106899179,-0.0026188555677580864
136580.0,-0.0008028136933227612,-0.003416250678150247,-0.002613436984827486
136600.0,-0.0008029036922496297,-0.003410928571902743,-0.0026080248796531134
136620.0,-0.0008029935359201595,-0.003405612696506655,-0.0026026191605864955
136640.0,-0.0008030832243328119,-0.0034003029603119693,-0.0025972197359791574
136660.0,-0.0008031727574860482,-0.0033949992716686738,-0.0025918265141826255
136680.0,-0.0008032621353783301,-0.0033897015389267554,-0.0025864394035484254
136700.0,-0.0008033513580081188,-0.003384409670436201,-0.0025810583124280823
136720.0,-0.0008034404253738757,-0.003379123574546999,-0.002575683149173123
136740.0,-0.0008035293374740622,-0.0033738431596091363,-0.002570313822135074
136760.0,-0.0008036180943071398,-0.0033685683339726006,-0.002564950239665461
136780.0,-0.0008037066958715698,-0.0033632990059873787,-0.0025595923101158088
136800.0,-0.0008037951421658137,-0.0033580350840034575,-0.0025542399418376437
136820.0,-0.0008038834331883326,-0.003352776476370825,-0.0025488930431824927
136840.0,-0.0008039715689375881,-0.0033475230914394687,-0.0025435515225018805
136860.0,-0.0008040595494120418,-0.003342274837559376,-0.0025382152881473345
136880.0,-0.0008041473746101549,-0.003337031623080533,-0.0025328842484703784
136900.0,-0.0008042350445303887,-0.003331793356352928,-0.002527558311822539
136920.0,-0.0008043225591712048,-0.0033265599457265494,-0.0025222373865553447
136940.0,-0.0008044099185310645,-0.003321331299551382,-0.0025169213810203174
136960.0,-0.0008044971226084292,-0.003316107326177415,-0.0025116102035689855
136980.0,-0.0008045841714017602,-0.0033108879339546348,-0.0025063037625528747
137000.0,-0.0008046710649095191,-0.0033056730312330295,-0.0025010019663235105
137020.0,-0.0008047578031301673,-0.0033004625263625856,-0.002495704723232418
137040.0,-0.000804844386062166,-0.0032952563276932912,-0.002490411941631125
137060.0,-0.0008049308137039766,-0.003290054343575133,-0.002485123529871156
137080.0,-0.0008050170860540607,-0.003284856482358099,-0.0024798393963040384
137100.0,-0.0008051032031108796,-0.0032796626523921755,-0.0024745594492812956
137120.0,-0.0008051891648728946,-0.003274472762027351,-0.002469283597154456
137140.0,-0.0008052749713385672,-0.0032692867196136115,-0.0024640117482750442
137160.0,-0.0008053606225063589,-0.0032641044335009455,-0.002458743810994587
137180.0,-0.0008054461183747309,-0.00325892581203934,-0.002453479693664609
137200.0,-0.0008055314589421448,-0.003253750763578783,-0.002448219304636638
137220.0,-0.0008056166442070617,-0.00324857919646926,-0.002442962552262198
137240.0,-0.0008057016741679433,-0.0032434110190607593,-0.0024377093448928163
137260.0,-0.0008057865488232508,-0.003238246139703269,-0.002432459590880018
137280.0,-0.0008058712681714458,-0.003233084466746775,-0.0024272131985753295
137300.0,-0.0008059558322109894,-0.0032279259085412656,-0.002421970076330276
137320.0,-0.0008060402409403433,-0.003222770373436728,-0.0024167301324963847
137340.0,-0.0008061244943579688,-0.00321761776978315,-0.002411493275425181
137360.0,-0.0008062085924623272,-0.0032124680059305174,-0.0024062594134681902
137380.0,-0.0008062925352518799,-0.0032073209902288187,-0.002401028454976939
137400.0,-0.0008063763227250885,-0.0032021766310280407,-0.002395800308302952
137420.0,-0.0008064599548804143,-0.0031970348366781713,-0.002390574881797757
137440.0,-0.0008065434317163186,-0.0031918955155291976,-0.002385352083812879
137460.0,-0.0008066267532312627,-0.0031867585759311067,-0.0023801318226998438
137480.0,-0.0008067099194237084,-0.003181623926233886,-0.002374914006810178
137500.0,-0.0008067929302921166,-0.003176491474787523,-0.0023696985444954066
137520.0,-0.0008068757858349492,-0.003171361129942005,-0.0023644853441070557
137540.0,-0.0008069584860506671,-0.003166232800047319,-0.0023592743139966518
137560.0,-0.0008070410309377323,-0.003161106393453453,-0.0023540653625157204
137580.0,-0.0008071234204946056,-0.0031559818185103936,-0.002348858398015788
137600.0,-0.0008072056547197488,-0.0031508589835681283,-0.0023436533288483793
137620.0,-0.0008072877336116229,-0.0031457377969766444,-0.0023384500633650213
137640.0,-0.0008073696571686897,-0.0031406181670859297,-0.00233324850991724
137660.0,-0.0008074514253894106,-0.0031355000022459706,-0.00232804857685656
137680.0,-0.0008075330382722466,-0.0031303832108067558,-0.0023228501725345093
137700.0,-0.0008076144958156594,-0.0031252677011182712,-0.002317653205302612
137720.0,-0.0008076957980181103,-0.0031201533815305047,-0.002312457583512394
137740.0,-0.0008077769448780608,-0.003115040160393445,-0.002307263215515384
137760.0,-0.0008078579363939724,-0.0031099279460570766,-0.0023020700096631043
137780.0,-0.000807938772564306,-0.0031048166468713887,-0.0022968778743070826
137800.0,-0.0008080194533875236,-0.0030997061711863687,-0.002291686717798845
137820.0,-0.0008080999788620862,-0.003094596427352003,-0.002286496448489917
137840.0,-0.0008081803489864554,-0.0030894873237182793,-0.0022813069747318238
137860.0,-0.0008082605637590924,-0.003084378768635185,-0.002276118204876093
137880.0,-0.0008083406231784588,-0.0030792706704527075,-0.0022709300472742487
137900.0,-0.0008084205272430159,-0.0030741629375208345,-0.0022657424102778185
137920.0,-0.0008085002759512252,-0.003069055478189553,-0.0022605552022383277
137940.0,-0.0008085798693015478,-0.00306394820080885,-0.0022553683315073023
137960.0,-0.0008086593072924455,-0.0030588410137287123,-0.0022501817064362667
137980.0,-0.0008087385899223795,-0.003053733825299129,-0.0022449952353767494
138000.0,-0.0008088177171898112,-0.0030486265438700853,-0.002239808826680274
138020.0,-0.000808896689093202,-0.0030435190777915702,-0.002234622388698368
138040.0,-0.0008089755056310133,-0.0030384113354135706,-0.0022294358297825574
138060.0,-0.0008090541668017066,-0.0030333032250860733,-0.0022242490582843667
138080.0,-0.0008091326726037432,-0.0030281946551590664,-0.002219061982555323
138100.0,-0.0008092110230355843,-0.003023085533982536,-0.0022138745109469516
138120.0,-0.0008092892180956916,-0.0030179757699064715,-0.00220868655181078
138140.0,-0.0008093672577825265,-0.003012865271280858,-0.0022034980134983317
138160.0,-0.0008094451420945503,-0.003007753946455684,-0.0021983088043611336
138180.0,-0.0008095228710302242,-0.0030026417037809366,-0.0021931188327507125
138200.0,-0.00080960044458801,-0.0029975284516066025,-0.0021879280070185927
138220.0,-0.0008096778627663688,-0.0029924140982826707,-0.002182736235516302
138240.0,-0.0008097551255637622,-0.0029872985521591272,-0.002177543426595365
138260.0,-0.0008098322329786513,-0.0029821817215859594,-0.002172349488607308
138280.0,-0.0008099091850094978,-0.0029770635149131545,-0.0021671543299036566
138300.0,-0.000809985981654763,-0.0029719438404907004,-0.002161957858835937
138320.0,-0.0008100626229129082,-0.0029668226066685848,-0.0021567599837556766
138340.0,-0.0008101391087823949,-0.0029616997217967933,-0.002151560613014398
138360.0,-0.0008102154392616845,-0.002956575094225315,-0.0021463596549636307
138380.0,-0.0008102916143492385,-0.0029514486323041367,-0.0021411570179548983
138400.0,-0.0008103676340435181,-0.002946320244383245,-0.002135952610339727
138420.0,-0.0008104434983429847,-0.002941189838812628,-0.0021307463404696436
138440.0,-0.0008105192072460997,-0.0029360573239422725,-0.002125538116696173
138460.0,-0.0008105947607513248,-0.002930922608122167,-0.0021203278473708423
138480.0,-0.000810670158857121,-0.002925785599702297,-0.002115115440845176
138500.0,-0.0008107454015619499,-0.0029206462070326517,-0.002109900805470702
138520.0,-0.000810820488864273,-0.002915504338463217,-0.0021046838495989437
138540.0,-0.0008108954207625515,-0.00291035990234398,-0.0020994644815814285
138560.0,-0.0008109701972552468,-0.0029052128070249303,-0.0020942426097696836
138580.0,-0.0008110448183408204,-0.0029000629608560524,-0.002089018142515232
138600.0,-0.0008111192840177335,-0.0028949102721873353,-0.002083790988169602
138620.0,-0.0008111935942844479,-0.002889754649368766,-0.002078561055084318
138640.0,-0.0008112677491394246,-0.0028845960007503318,-0.002073328251610907
138660.0,-0.0008113417485811253,-0.0028794342346820196,-0.0020680924861008945
138680.0,-0.0008114155926080111,-0.0028742692595138176,-0.0020628536669058065
138700.0,-0.0008114892812185436,-0.002869100983595712,-0.0020576117023771686
138720.0,-0.0008115628144111843,-0.0028639293152776914,-0.002052366500866507
138740.0,-0.0008116361921843942,-0.002858754162909742,-0.0020471179707253475
138760.0,-0.000811709414536635,-0.0028535754348418523,-0.0020418660203052174
138780.0,-0.0008117824814663681,-0.0028483930394240077,-0.0020366105579576396
138800.0,-0.0008118553929720549,-0.0028432068850061977,-0.002031351492034143
138820.0,-0.0008119281490521567,-0.0028380168799384082,-0.0020260887308862514
138840.0,-0.0008120007497051348,-0.002832822932570627,-0.002020822182865492
138860.0,-0.0008120731949294509,-0.0028276249512528416,-0.0020155517563233906
138880.0,-0.0008121454847235662,-0.002822422844335039,-0.002010277359611473
138900.0,-0.0008122176190859422,-0.0028172165201672075,-0.002004998901081265
138920.0,-0.0008122895980150399,-0.002812005887099332,-0.0019997162890842924
138940.0,-0.0008123614215093213,-0.0028067908534814027,-0.001994429431972081
138960.0,-0.0008124330895672476,-0.002801571327663405,-0.0019891382380961575
138980.0,-0.0008125046021872801,-0.0027963472179953273,-0.0019838426158080473
139000.0,-0.00081257595936788,-0.002791118432827156,-0.001978542473459276
139020.0,-0.0008126471611075091,-0.0027858848805088787,-0.0019732377194013697
139040.0,-0.0008127182074046286,-0.002780646469390484,-0.001967928261985855
139060.0,-0.0008127890982577,-0.002775403107821957,-0.001962614009564257
139080.0,-0.0008128598336651844,-0.002770154704153287,-0.0019572948704881027
139100.0,-0.0008129304136255435,-0.00276490116673446,-0.0019519707531089167
139120.0,-0.0008130008381372388,-0.0027596424039154632,-0.0019466415657782244
139140.0,-0.0008130711071987313,-0.002754378324046286,-0.0019413072168475546
139160.0,-0.0008131412208084827,-0.002749108835476913,-0.0019359676146684303
139180.0,-0.0008132111789649542,-0.0027438338465573336,-0.0019306226675923793
139200.0,-0.0008132809816666074,-0.002738553265637534,-0.0019252722839709266
139220.0,-0.0008133506289119036,-0.0027332670010675017,-0.0019199163721555982
139240.0,-0.0008134201206993042,-0.002727974961197225,-0.0019145548404979206
139260.0,-0.0008134894570272706,-0.002722677054376689,-0.0019091875973494185
139280.0,-0.0008135586378942642,-0.002717373188955884,-0.0019038145510616197
139300.0,-0.0008136276632987464,-0.0027120632732847943,-0.001898435609986048
139320.0,-0.0008136965332391784,-0.0027067472157134087,-0.0018930506824742302
139340.0,-0.0008137652477140221,-0.0027014249245917153,-0.001887659676877693
139360.0,-0.0008138338067217384,-0.0026960963082697004,-0.001882262501547962
139380.0,-0.0008139022102607891,-0.0026907612750973514,-0.0018768590648365624
139400.0,-0.0008139704583296351,-0.0026854197334246553,-0.0018714492750950202
139420.0,-0.0008140385509267383,-0.0026800715916016006,-0.0018660330406748624
139440.0,-0.0008141064880505597,-0.002674716757978174,-0.001860610269927614
139460.0,-0.000814174269699561,-0.0026693551409043624,-0.0018551808712048013
139480.0,-0.0008142418958722035,-0.0026639866487301535,-0.00184974475285795
139500.0,-0.0008143093665669485,-0.002658611189805534,-0.0018443018232385856
139520.0,-0.0008143766817822575,-0.002653228672480493,-0.0018388519906982353
139540.0,-0.0008144438415165921,-0.0026478390051050153,-0.0018333951635884232
139560.0,-0.0008145108457684132,-0.0026424420960290906,-0.0018279312502606773
139580.0,-0.0008145776945361826,-0.002637037853602704,-0.0018224601590665216
139600.0,-0.0008146443878183615,-0.002631626186175845,-0.0018169817983574835
139620.0,-0.0008147109256134114,-0.0026262070020985,-0.0018114960764850886
139640.0,-0.0008147773079197934,-0.0026207802097206554,-0.001806002901800862
139660.0,-0.0008148435347359696,-0.0026153457173922995,-0.00180050218265633
139680.0,-0.0008149096060604007,-0.00260990343346342,-0.0017949938274030193
139700.0,-0.0008149755218915485,-0.002604453266284003,-0.0017894777443924546
139720.0,-0.0008150412822278742,-0.002598995124204038,-0.0017839538419761637
139740.0,-0.0008151068870678392,-0.0025935289155735093,-0.00177842202850567
139760.0,-0.0008151723364099051,-0.0025880545487424063,-0.0017728822123325013
139780.0,-0.000815237630252533,-0.002582571932060716,-0.001767334301808183
139800.0,-0.0008153027685941846,-0.0025770809738784256,-0.001761778205284241
139820.0,-0.0008153677514333211,-0.002571581582545522,-0.0017562138311122012
139840.0,-0.0008154325787684038,-0.0025660736664119927,-0.0017506410876435888
139860.0,-0.0008154972505978945,-0.002560557133827826,-0.0017450598832299317
139880.0,-0.0008155617669202541,-0.0025550318931430076,-0.0017394701262227535
139900.0,-0.0008156261277339444,-0.002549497852707526,-0.0017338717249735817
139920.0,-0.0008156903330374265,-0.0025439549208713685,-0.0017282645878339419
139940.0,-0.0008157543828291621,-0.0025384030059845213,-0.0017226486231553591
139960.0,-0.0008158182771076123,-0.0025328420163969736,-0.0017170237392893613
139980.0,-0.0008158820158712388,-0.0025272718604587106,-0.0017113898445874718
140000.0,-0.0008159456286532787,-0.00252168955104493,-0.0017057439223916511
140020.0,-0.0008160091449875615,-0.0025160922692152375,-0.0017000831242276761
140040.0,-0.0008160725648734359,-0.0025104801755962427,-0.0016944076107228067
140060.0,-0.0008161358883102512,-0.002504853430814551,-0.0016887175425043
140080.0,-0.0008161991152973557,-0.0024992121954967705,-0.0016830130801994147
140100.0,-0.0008162622458340988,-0.002493556630269508,-0.0016772943844354093
140120.0,-0.0008163252799198295,-0.0024878868957593715,-0.001671561615839542
140140.0,-0.0008163882175538964,-0.002482203152592968,-0.0016658149350390716
140160.0,-0.0008164510587356487,-0.0024765055613969033,-0.0016600545026612546
140180.0,-0.0008165138034644351,-0.0024707942827977866,-0.0016542804793333514
140200.0,-0.000816576451739605,-0.002465069477422224,-0.001648493025682619
140220.0,-0.0008166390035605068,-0.002459331305896823,-0.0016426923023363162
140240.0,-0.0008167014589264897,-0.0024535799288481906,-0.001636878469921701
140260.0,-0.0008167638178369024,-0.0024478155069029344,-0.001631051689066032
140280.0,-0.0008168260802910944,-0.002442038200687661,-0.0016252121203965666
140300.0,-0.000816888246288414,-0.002436248170828979,-0.0016193599245405647
140320.0,-0.0008169503158282105,-0.002430445577953494,-0.0016134952621252834
140340.0,-0.0008170122889098327,-0.0024246305826878135,-0.0016076182937779808
140360.0,-0.0008170741655326297,-0.002418803345658546,-0.001601729180125916
140380.0,-0.0008171359456959501,-0.0024129640274922967,-0.0015958280817963467
140400.0,-0.0008171976293991431,-0.002407112788815675,-0.001589915159416532
140420.0,-0.0008172592166415576,-0.0024012497902552864,-0.0015839905736137287
140440.0,-0.0008173207074225427,-0.002395375192437739,-0.0015780544850151961
140460.0,-0.0008173821017414469,-0.0023894891559896395,-0.0015721070542481924
140480.0,-0.0008174433995976196,-0.002383591841537596,-0.0015661484419399766
140500.0,-0.0008175046009904094,-0.0023776834097082146,-0.0015601788087178051
140520.0,-0.0008175657059191655,-0.0023717640211281033,-0.0015541983152089379
140540.0,-0.0008176267143832366,-0.002365833836423869,-0.0015482071220406322
140560.0,-0.0008176876263819718,-0.0023598930162221188,-0.001542205389840147
140580.0,-0.0008177484419147197,-0.0023539417211494605,-0.0015361932792347407
140600.0,-0.00081780916098083,-0.002347980111832501,-0.0015301709508516712
140620.0,-0.0008178697835796507,-0.002342008348897847,-0.001524138565318196
140640.0,-0.0008179303097105314,-0.0023360265929721065,-0.001518096283261575
140660.0,-0.0008179907393728208,-0.002330035004681886,-0.001512044265309065
140680.0,-0.000818051072565868,-0.002324033744653793,-0.0015059826720879251
140700.0,-0.0008181113092890216,-0.0023180229735144356,-0.0014999116642254139
140720.0,-0.0008181714495416307,-0.0023120028518904194,-0.0014938314023487886
140740.0,-0.0008182314933230445,-0.002305973540408353,-0.0014877420470853083
140760.0,-0.0008182914406326115,-0.0022999351996948426,-0.001481643759062231
140780.0,-0.000818351291469681,-0.002293887990376496,-0.0014755366989068152
140800.0,-0.0008184110458336016,-0.0022878320730799206,-0.0014694210272463192
140820.0,-0.0008184707037237225,-0.0022817676084317235,-0.001463296904708001
140840.0,-0.0008185302651393925,-0.0022756947570585113,-0.0014571644919191189
140860.0,-0.0008185897300799607,-0.0022696136795868917,-0.001451023949506931
140880.0,-0.0008186490985447758,-0.002263524536643472,-0.0014448754380986962
140900.0,-0.000818708370533187,-0.0022574274888548596,-0.0014387191183216725
140920.0,-0.000818767546044543,-0.0022513226968476612,-0.0014325551508031181
140940.0,-0.0008188266250781928,-0.002245210321248484,-0.0014263836961702914
140960.0,-0.0008188856076334855,-0.0022390905226839356,-0.0014202049150504501
140980.0,-0.0008189444937097698,-0.002232963461780623,-0.001414018968070853
141000.0,-0.0008190032833063947,-0.0022268292991651536,-0.0014078260158587588
141020.0,-0.0008190619764227094,-0.0022206881954641346,-0.0014016262190414252
141040.0,-0.0008191205730580624,-0.0022145403113041735,-0.0013954197382461111
141060.0,-0.0008191790732118029,-0.0022083858073118764,-0.0013892067341000735
141080.0,-0.0008192374768832798,-0.0022022248441138513,-0.0013829873672305715
141100.0,-0.0008192957840718421,-0.002196057582336706,-0.0013767617982648641
141120.0,-0.0008193539947768386,-0.0021898841826070467,-0.001370530187830208
141140.0,-0.0008194121089976182,-0.0021837048055514813,-0.0013642926965538632
141160.0,-0.00081947012673353,-0.002177519611796616,-0.0013580494850630861
141180.0,-0.000819528047983923,-0.0021713287619690596,-0.0013518007139851366
141200.0,-0.0008195858727481458,-0.0021651324166954184,-0.0013455465439472726
141220.0,-0.0008196436010255477,-0.0021589307366022994,-0.0013392871355767519
141240.0,-0.0008197012328154773,-0.0021527238823163108,-0.0013330226495008334
141260.0,-0.000819758768117284,-0.0021465120144640586,-0.0013267532463467745
141280.0,-0.0008198162069303162,-0.00214029529367215,-0.0013204790867418336
141300.0,-0.0008198735492539232,-0.0021340738805671936,-0.0013142003313132704
141320.0,-0.0008199307950874538,-0.002127847935775796,-0.001307917140688342
141340.0,-0.000819987944430257,-0.002121617619924563,-0.0013016296754943062
141360.0,-0.0008200449972816817,-0.002115383093640104,-0.0012953380963584224
141380.0,-0.0008201019536410769,-0.0021091445175490256,-0.0012890425639079488
141400.0,-0.0008201588135077913,-0.0021029020522779335,-0.0012827432387701424
141420.0,-0.000820215576881174,-0.002096655858453437,-0.0012764402815722631
141440.0,-0.000820272243760574,-0.0020904060967021423,-0.0012701338529415682
141460.0,-0.0008203288141453403,-0.002084152927650656,-0.0012638241135053158
141480.0,-0.0008203852880348217,-0.002077896511925587,-0.0012575112238907655
141500.0,-0.0008204416654283669,-0.0020716370101535415,-0.0012511953447251747
141520.0,-0.0008204979463253254,-0.002065374582961126,-0.0012448766366358007
141540.0,-0.0008205541307250457,-0.0020591093909749494,-0.0012385552602499038
141560.0,-0.0008206102186268767,-0.002052841594821617,-0.0012322313761947402
141580.0,-0.0008206662100301677,-0.0020465713551277385,-0.001225905145097571
141600.0,-0.0008207221049342675,-0.0020402988325199187,-0.0012195767275856512
141620.0,-0.0008207779033385248,-0.0020340241876247657,-0.0012132462842862409
141640.0,-0.0008208336052422888,-0.002027747581068887,-0.0012069139758265981
141660.0,-0.0008208892106449083,-0.00202146917347889,-0.0012005799628339816
141680.0,-0.0008209447195457323,-0.0020151891254813806,-0.0011942444059356483
141700.0,-0.0008210001319441098,-0.0020089075977029677,-0.001187907465758858
141720.0,-0.0008210554478393895,-0.0020026247507702578,-0.0011815693029308683
141740.0,-0.0008211106672309207,-0.0019963407453098578,-0.0011752300780789372
141760.0,-0.000821165790118052,-0.0019900557419483753,-0.001168889951830323
141780.0,-0.0008212208165001325,-0.0019837699013124173,-0.001162549084812285
141800.0,-0.000821275746376511,-0.001977483384028591,-0.0011562076376520798
141820.0,-0.0008213305797465365,-0.0019711963507235046,-0.0011498657709769682
141840.0,-0.0008213853166095582,-0.0019649089620237636,-0.0011435236454142054
141860.0,-0.0008214399569649247,-0.0019586213785559767,-0.0011371814215910521
141880.0,-0.000821494500811985,-0.0019523337609467504,-0.0011308392601347655
141900.0,-0.0008215489481500881,-0.0019460462698226916,-0.0011244973216726034
141920.0,-0.000821603298978583,-0.0019397590658104084,-0.0011181557668318255
141940.0,-0.0008216575532968185,-0.0019334723095365079,-0.0011118147562396894
141960.0,-0.0008217117111041435,-0.001927186161627596,-0.0011054744505234527
141980.0,-0.0008217657723999071,-0.001920900782710282,-0.0010991350103103747
142000.0,-0.0008218197371834582,-0.0019146163334111713,-0.001092796596227713
142020.0,-0.0008218736054541457,-0.001908332974356872,-0.0010864593689027264
142040.0,-0.0008219273772113185,-0.0019020508661739914,-0.001080123488962673
142060.0,-0.0008219810524543256,-0.0018957701694891364,-0.001073789117034811
142080.0,-0.000822034631182516,-0.0018894910449289142,-0.0010674564137463983
142100.0,-0.0008220881133952384,-0.0018832136531199326,-0.0010611255397246942
142120.0,-0.0008221414990918419,-0.0018769381546887979,-0.0010547966555969558
142140.0,-0.0008221947882716754,-0.0018706647102621177,-0.0010484699219904423
142160.0,-0.000822247980934088,-0.0018643934804664995,-0.0010421454995324115
142180.0,-0.0008223010770784284,-0.0018581246259285504,-0.001035823548850122
142200.0,-0.0008223540767040455,-0.0018518583072748773,-0.0010295042305708316
142220.0,-0.0008224069798102885,-0.0018455946851320879,-0.0010231877053217993
142240.0,-0.0008224597863965062,-0.0018393339201267886,-0.0010168741337302826
142260.0,-0.0008225124964620476,-0.001833076172885588,-0.0010105636764235404
142280.0,-0.0008225651100062615,-0.0018268216040350919,-0.0010042564940288302
142300.0,-0.000822617627028497,-0.001820570374201908,-0.0009979527471734111
142320.0,-0.0008226700475281028,-0.0018143226440126442,-0.0009916525964845414
142340.0,-0.0008227223715044283,-0.0018080785740939068,-0.0009853562025894786
142360.0,-0.0008227745989568217,-0.0018018383250723038,-0.000979063726115482
142380.0,-0.0008228267298846326,-0.0017956020575744416,-0.000972775327689809
142400.0,-0.0008228787642872096,-0.0017893699322269279,-0.0009664911679397183
142420.0,-0.0008229307021639019,-0.0017831421096563699,-0.0009602114074924679
142440.0,-0.0008229825435140581,-0.0017769187504893748,-0.0009539362069753167
142460.0,-0.0008230342883370274,-0.0017707000153525496,-0.0009476657270155222
142480.0,-0.0008230859366321584,-0.0017644860648725017,-0.0009414001282403433
142500.0,-0.0008231374883988006,-0.0017582770596758386,-0.000935139571277038
142520.0,-0.0008231889436363024,-0.0017520731603891666,-0.0009288842167528642
142540.0,-0.000823240302344013,-0.0017458745276390942,-0.0009226342252950812
142560.0,-0.0008232915645212813,-0.0017396813220522276,-0.0009163897575309464
142580.0,-0.0008233427301674564,-0.0017334937042551746,-0.0009101509740877182
142600.0,-0.0008233937992818867,-0.0017273118348745421,-0.0009039180355926554
142620.0,-0.0008234447718639217,-0.0017211358745369376,-0.0008976911026730159
142640.0,-0.0008234956479129101,-0.001714965983868968,-0.0008914703359560579
142660.0,-0.000823546427428201,-0.0017088023234972406,-0.0008852558960690397
142680.0,-0.000823597110409143,-0.0017026450540483626,-0.0008790479436392196
142700.0,-0.0008236476968550854,-0.0016964943361489414,-0.000872846639293856
142720.0,-0.0008236981867653768,-0.0016903503304255842,-0.0008666521436602074
142740.0,-0.0008237485801393666,-0.0016842131975048982,-0.0008604646173655317
142760.0,-0.0008237988769764032,-0.0016780830980134905,-0.0008542842210370873
142780.0,-0.0008238490772758359,-0.0016719601925779682,-0.0008481111153021323
142800.0,-0.0008238991810370134,-0.0016658446418249388,-0.0008419454607879254
142820.0,-0.0008239491882592849,-0.0016597366063810094,-0.0008357874181217245
142840.0,-0.0008239990989419992,-0.0016536362468727872,-0.000829637147930788
142860.0,-0.0008240489130845051,-0.0016475437239268796,-0.0008234948108423745
142880.0,-0.0008240986306861517,-0.0016414591981698937,-0.000817360567483742
142900.0,-0.000824148251746288,-0.0016353828302284365,-0.0008112345784821484
142920.0,-0.0008241977762642629,-0.0016293147807291155,-0.0008051170044648526
142940.0,-0.000824247204239425,-0.0016232552102985378,-0.0007990080060591128
142960.0,-0.0008242965356711237,-0.0016172042795633106,-0.0007929077438921868
142980.0,-0.0008243457705587078,-0.001611162149150041,-0.0007868163785913333
143000.0,-0.0008243949089015262,-0.0016051289796853367,-0.0007807340707838105
143020.0,-0.0008244439506989277,-0.0015991049317958046,-0.000774660981096877
143040.0,-0.0008244928959502614,-0.0015930901661080517,-0.0007685972701577903
143060.0,-0.0008245417446548762,-0.0015870848432486858,-0.0007625430985938096
143080.0,-0.0008245904968121211,-0.0015810891238443132,-0.0007564986270321921
143100.0,-0.0008246391524213448,-0.0015751031685215422,-0.0007504640161001974
143120.0,-0.0008246877114818966,-0.001569127137906979,-0.0007444394264250825
143140.0,-0.0008247361739931251,-0.0015631611926272314,-0.0007384250186341063
143160.0,-0.0008247845399543796,-0.0015572054933089073,-0.0007324209533545277
143180.0,-0.0008248328093650086,-0.0015512602005786124,-0.0007264273912136038
143200.0,-0.0008248809822243613,-0.0015453254750629546,-0.0007204444928385934
143220.0,-0.0008249290585317865,-0.0015394014773885416,-0.0007144724188567551
143240.0,-0.0008249770382866335,-0.00153348836818198,-0.0007085113298953466
143260.0,-0.0008250249214882508,-0.0015275863080698772,-0.0007025613865816264
143280.0,-0.0008250727081359874,-0.0015216954576788406,-0.0006966227495428532
143300.0,-0.0008251203982291924,-0.0015158159776354771,-0.0006906955794062847
143320.0,-0.0008251679917672148,-0.0015099480285663941,-0.0006847800367991793
143340.0,-0.0008252154887494033,-0.0015040917710981991,-0.0006788762823487958
143360.0,-0.0008252628891751068,-0.0014982473658574987,-0.0006729844766823919
143380.0,-0.0008253101930436746,-0.0014924149734709005,-0.000667104780427226
143400.0,-0.0008253574003544554,-0.001486594754565012,-0.0006612373542105566
143420.0,-0.0008254045111067981,-0.0014807868697664392,-0.0006553823586596411
143440.0,-0.0008254515253000517,-0.001474991479701791,-0.0006495399544017394
143460.0,-0.0008254984429335651,-0.0014692087449976734,-0.0006437103020641083
143480.0,-0.0008255452640066873,-0.001463438826280694,-0.0006378935622740068
143500.0,-0.0008255919885187671,-0.0014576818841774608,-0.0006320898956586937
143520.0,-0.0008256386164691536,-0.0014519380793145797,-0.0006262994628454261
143540.0,-0.0008256851478571956,-0.0014462075723186585,-0.0006205224244614629
143560.0,-0.0008257315826822423,-0.0014404905238163046,-0.0006147589411340623
143580.0,-0.0008257779209436424,-0.0014347870944341247,-0.0006090091734904823
143600.0,-0.0008258241626407448,-0.0014290974447987263,-0.0006032732821579815
143620.0,-0.0008258703077728985,-0.0014234217355367168,-0.0005975514277638184
143640.0,-0.0008259163563394525,-0.0014177601272747035,-0.000591843770935251
143660.0,-0.0008259623083397558,-0.001412112780639293,-0.0005861504722995373
143680.0,-0.0008260081637731571,-0.0014064798562570934,-0.0005804716924839363
143700.0,-0.0008260539226390053,-0.0014008615147547113,-0.000574807592115706
143720.0,-0.0008260995849366497,-0.0013952579167587542,-0.0005691583318221045
143740.0,-0.0008261451506654391,-0.0013896692228958288,-0.0005635240722303897
143760.0,-0.0008261906198247223,-0.0013840955937925426,-0.0005579049739678203
143780.0,-0.0008262359924138484,-0.0013785371900755033,-0.0005523011976616549
143800.0,-0.000826281268432166,-0.0013729941723713177,-0.0005467129039391517
143820.0,-0.0008263264478790245,-0.001367466701306593,-0.0005411402534275685
143840.0,-0.0008263715307537726,-0.0013619549375079366,-0.0005355834067541639
143860.0,-0.0008264165170557592,-0.0013564590416019554,-0.0005300425245461962
143880.0,-0.0008264614067843332,-0.0013509791742152568,-0.0005245177674309236
143900.0,-0.0008265061999388439,-0.0013455154959744477,-0.0005190092960356039
143920.0,-0.0008265508965186397,-0.0013400681675061364,-0.0005135172709874967
143940.0,-0.0008265954965230699,-0.0013346373494369289,-0.000508041852913859
143960.0,-0.0008266399999514834,-0.001329223202393433,-0.0005025832024419496
143980.0,-0.000826684406803229,-0.0013238258870022558,-0.0004971414801990268
144000.0,-0.0008267287170776557,-0.0013184455638900045,-0.0004917168468123488
144020.0,-0.0008267729307741124,-0.0013130823936832862,-0.00048630946290917376
144040.0,-0.0008268170478919482,-0.0013077365370087084,-0.00048091948911676023
144060.0,-0.0008268610684305119,-0.0013024081544928785,-0.00047554708606236654
144080.0,-0.0008269049923891524,-0.001297097406762403,-0.0004701924143732506
144100.0,-0.0008269488197672187,-0.0012918044544438893,-0.0004648556346766706
144120.0,-0.0008269925505640598,-0.0012865294581639454,-0.0004595369075998856
144140.0,-0.0008270361847790245,-0.0012812725785491777,-0.0004542363937701532
144160.0,-0.0008270797224114618,-0.0012760339762261934,-0.0004489542538147316
144180.0,-0.0008271231634607206,-0.0012708138118216004,-0.0004436906483608798
144200.0,-0.00082716650792615,-0.0012656122459620055,-0.0004384457380358555
144220.0,-0.0008272097558070988,-0.0012604294392740158,-0.00043321968346691695
144240.0,-0.0008272529071029159,-0.0012552655523842384,-0.0004280126452813225
144260.0,-0.0008272959618129502,-0.0012501207459192812,-0.000422824784106331
144280.0,-0.0008273389199365508,-0.0012449951805057508,-0.0004176562605692
144300.0,-0.0008273817814730666,-0.0012398890167702546,-0.000412507235297188
144320.0,-0.0008274245464218465,-0.0012348024153394,-0.00040737786891755347
144340.0,-0.0008274672147822393,-0.0012297355368397938,-0.00040226832205755446
144360.0,-0.0008275097865535941,-0.0012246885418980436,-0.0003971787553444495
144380.0,-0.00082755226173526,-0.0012196615911407565,-0.00039210932940549645
144400.0,-0.0008275946403265856,-0.0012146548451945395,-0.0003870602048679539
144420.0,-0.0008276369223269199,-0.0012096684646860003,-0.0003820315423590804
144440.0,-0.000827679107735612,-0.0012047026102417456,-0.0003770235025061336
144460.0,-0.0008277211965520107,-0.0011997574424883828,-0.00037203624593637214
144480.0,-0.000827763188775465,-0.0011948331220525195,-0.0003670699332770545
144500.0,-0.0008278050844053239,-0.0011899298095607623,-0.00036212472515543843
144520.0,-0.0008278468834409361,-0.0011850476656397187,-0.00035720078219878264
144540.0,-0.0008278885858816509,-0.0011801868509159963,-0.0003522982650343454
144560.0,-0.000827930191726817,-0.0011753475260162017,-0.00034741733428938473
144580.0,-0.0008279717009757832,-0.0011705298515669424,-0.0003425581505911592
144600.0,-0.0008280131136278987,-0.0011657339881948254,-0.0003377208745669267
144620.0,-0.0008280544296825124,-0.0011609600965264584,-0.00033290566684394604
144640.0,-0.0008280956491389731,-0.0011562083371884483,-0.00032811268804947523
144660.0,-0.0008281367719966299,-0.0011514788708074021,-0.0003233420988107723
144680.0,-0.0008281777982548315,-0.0011467718580099276,-0.0003185940597550961
144700.0,-0.000828218727912927,-0.0011420874594226314,-0.0003138687315097044
144720.0,-0.0008282595609702655,-0.0011374258356721212,-0.0003091662747018557
144740.0,-0.0008283002974261957,-0.001132787147385004,-0.0003044868499588084
144760.0,-0.0008283409372800665,-0.0011281715551878868,-0.00029983061790782035
144780.0,-0.0008283814805312269,-0.0011235792197073773,-0.0002951977391761504
144800.0,-0.0008284219271790261,-0.0011190103015700824,-0.0002905883743910563
144820.0,-0.0008284622772228126,-0.0011144649614026096,-0.00028600268417979695
144840.0,-0.0008285025306619356,-0.0011099433598315655,-0.00028144082916962997
144860.0,-0.000828542687495744,-0.001105445657483558,-0.0002769029699878141
144880.0,-0.0008285827477235867,-0.0011009720149851943,-0.00027238926726160754
144900.0,-0.0008286227113448127,-0.001096522592963081,-0.00026789988161826823
144920.0,-0.0008286625783587707,-0.0010920975520438254,-0.0002634349736850547
144940.0,-0.00082870234876481,-0.0010876970528540355,-0.00025899470408922553
144960.0,-0.0008287420225622795,-0.001083321256020318,-0.0002545792334580385
144980.0,-0.0008287815997505277,-0.00107897032216928,-0.00025018872241875235
145000.0,-0.0008288210986710481,-0.001074638846103185,-0.00024581774743213697
145020.0,-0.0008288605376655921,-0.001070321259481631,-0.0002414607218160389
145040.0,-0.0008288999167338961,-0.0010660174782172282,-0.00023711756148333217
145060.0,-0.0008289392358756968,-0.0010617274182225874,-0.00023278818234689057
145080.0,-0.0008289784950907303,-0.0010574509954103192,-0.0002284725003195889
145100.0,-0.0008290176943787336,-0.0010531881256930348,-0.0002241704313143012
145120.0,-0.0008290568337394426,-0.001048938724983344,-0.0002198818912439015
145140.0,-0.0008290959131725941,-0.0010447027091938588,-0.00021560679602126466
145160.0,-0.0008291349326779245,-0.0010404799942371886,-0.00021134506155926413
145180.0,-0.0008291738922551705,-0.0010362704960259447,-0.0002070966037707742
145200.0,-0.0008292127919040681,-0.0010320741304727374,-0.00020286133856866934
145220.0,-0.0008292516316243543,-0.0010278908134901783,-0.00019863918186582396
145240.0,-0.0008292904114157652,-0.0010237204609908769,-0.0001944300495751117
145260.0,-0.0008293291312780374,-0.001019562988887445,-0.00019023385760940747
145280.0,-0.0008293677912109075,-0.0010154183130924924,-0.00018605052188158493
145300.0,-0.0008294063912141119,-0.0010112863495186305,-0.00018187995830451866
145320.0,-0.0008294449312873869,-0.0010071670140784693,-0.00017772208279108242
145340.0,-0.0008294834114304691,-0.00100306022268462,-0.00017357681125415082
145360.0,-0.0008295218316430949,-0.000998965891249693,-0.00016944405960659813
145380.0,-0.0008295601919250013,-0.0009948839356862993,-0.00016532374376129798
145400.0,-0.000829598492275924,-0.0009908142719070494,-0.00016121577963112543
145420.0,-0.0008296367326956,-0.0009867568158245543,-0.0001571200831289543
145440.0,-0.0008296749131837654,-0.000982711483351424,-0.0001530365701676586
145460.0,-0.000829713033740157,-0.00097867819040027,-0.00014896515666011298
145480.0,-0.0008297510943645113,-0.0009746568528837023,-0.000144905758519191
145500.0,-0.0008297890950565644,-0.000970647386714332,-0.0001408582916577676
145520.0,-0.0008298270358160532,-0.0009666497078047697,-0.0001368226719887165
145540.0,-0.0008298649166427139,-0.000962663732067626,-0.0001327988154249121
145560.0,-0.0008299027375362831,-0.0009586893754155119,-0.0001287866378792288
145580.0,-0.0008299404984964973,-0.0009547265537610378,-0.00012478605526454055
145600.0,-0.000829978199523093,-0.0009507751830168143,-0.0001207969834937213
145620.0,-0.0008300158406158064,-0.0009468351790954526,-0.00011681933847964622
145640.0,-0.0008300534217743744,-0.0009429064579095628,-0.00011285303613518837
145660.0,-0.0008300909429985331,-0.0009389889353717559,-0.00010889799237322282
145680.0,-0.0008301284042880193,-0.0009350825273946426,-0.0001049541231066233
145700.0,-0.0008301658056425692,-0.0009311871498908333,-0.00010102134424826419
145720.0,-0.0008302031470619195,-0.0009273027187729392,-9.70995717110198e-05
145740.0,-0.0008302404285458064,-0.0009234291499535707,-9.318872140776438e-05
145760.0,-0.0008302776500939666,-0.0009195663593453384,-8.92887092513718e-05
145780.0,-0.0008303148117061365,-0.0009157142628608533,-8.539945115471678e-05
145800.0,-0.0008303519133820527,-0.0009118727764127257,-8.152086303067293e-05
145820.0,-0.0008303889551214516,-0.0009080418159135666,-7.765286079211499e-05
145840.0,-0.0008304259369240697,-0.0009042212972759866,-7.37953603519169e-05
145860.0,-0.0008304628587896433,-0.0009004111364125962,-6.994827762295296e-05
145880.0,-0.000830499720717909,-0.0008966112492360066,-6.611152851809755e-05
145900.0,-0.0008305365227086034,-0.000892821551658828,-6.228502895022463e-05
145920.0,-0.0008305732647614628,-0.0008890419595936712,-5.846869483220837e-05
145940.0,-0.0008306099468762238,-0.000885272388953147,-5.466244207692327e-05
145960.0,-0.0008306465690526227,-0.000881512755649866,-5.0866186597243296e-05
145980.0,-0.0008306831312903962,-0.000877762975596439,-4.7079844306042724e-05
146000.0,-0.0008307196335892808,-0.0008740229647054767,-4.330333111619584e-05
146020.0,-0.0008307560759490127,-0.0008702926388895896,-3.953656294057692e-05
146040.0,-0.0008307924583693286,-0.0008665719140613888,-3.577945569206015e-05
146060.0,-0.0008308287808499649,-0.0008628607061334844,-3.2031925283519474e-05
146080.0,-0.0008308650433906581,-0.0008591589310184874,-2.8293887627829292e-05
146100.0,-0.0008309012459911447,-0.0008554665046290089,-2.456525863786421e-05
146120.0,-0.000830937388651161,-0.0008517833428776588,-2.084595422649786e-05
146140.0,-0.0008309734713704438,-0.0008481093616770483,-1.7135890306604526e-05
146160.0,-0.0008310094941487293,-0.0008444444769397882,-1.3434982791058923e-05
146180.0,-0.0008310454569857541,-0.0008407886045784886,-9.743147592734466e-06
146200.0,-0.0008310813598812547,-0.0008371416605057609,-6.060300624506198e-06
146220.0,-0.0008311172028349675,-0.0008335035606342154,-2.3863577992478584e-06
146240.0,-0.000831152985846629,-0.0008298742208764626,1.2787649701663777e-06
146260.0,-0.0008311887089159757,-0.0008262535571451138,4.9351517708619026e-06
146280.0,-0.0008312243720427439,-0.0008226414853527792,8.582886689964759e-06
146300.0,-0.0008312599752266705,-0.0008190379214120695,1.2222053814600988e-05
146320.0,-0.0008312955184674915,-0.0008154427812355958,1.585273723189566e-05
146340.0,-0.0008313310017649439,-0.0008118559807359683,1.947502102897557e-05
146360.0,-0.0008313664251187636,-0.0008082774358257981,2.3088989292965466e-05
146380.0,-0.0008314017885286875,-0.0008047070624176957,2.669472611099182e-05
146400.0,-0.0008314370919944519,-0.0008011447764242715,3.0292315570180353e-05
146420.0,-0.0008314723355157932,-0.0007975904937581367,3.3881841757656453e-05
146440.0,-0.0008315075190924482,-0.000794044130331902,3.7463388760546165e-05
146460.0,-0.0008315426427241529,-0.0007905056020581776,4.1037040665975314e-05
146480.0,-0.0008315777064106443,-0.0007869748248495748,4.460288156106951e-05
146500.0,-0.0008316127101516584,-0.0007834517146187036,4.816099553295479e-05
146520.0,-0.000831647653946932,-0.0007799361872781752,5.171146666875677e-05
146540.0,-0.0008316825377962015,-0.0007764281587406002,5.5254379055601275e-05
146560.0,-0.0008317173616992034,-0.0007729275449185893,5.878981678061413e-05
146580.0,-0.000831752125655674,-0.000769434261724753,6.231786393092094e-05
146600.0,-0.00083178682966535,-0.0007659482250717023,6.583860459364774e-05
146620.0,-0.0008318214737279677,-0.0007624693508720476,6.935212285592016e-05
146640.0,-0.0008318560578432637,-0.0007589975550383999,7.28585028048638e-05
146660.0,-0.0008318905820109744,-0.0007555327534833695,7.635782852760491e-05
146680.0,-0.0008319250462308365,-0.0007520748621195675,7.9850184111269e-05
146700.0,-0.000831959450502586,-0.0007486237968596043,8.333565364298178e-05
146720.0,-0.0008319937948259599,-0.0007451794736160907,8.68143212098692e-05
146740.0,-0.0008320280792006944,-0.0007417418083016374,9.028627089905695e-05
146760.0,-0.000832062303626526,-0.0007383107168288552,9.375158679767077e-05
146780.0,-0.0008320964681031912,-0.0007348861151103544,9.721035299283681e-05
146800.0,-0.0008321305726304265,-0.0007314679190587463,0.00010066265357168023
146820.0,-0.0008321646172079683,-0.0007280560445866412,0.00010410857262132709
146840.0,-0.0008321986018355532,-0.0007246504076066497,0.00010754819422890353
146860.0,-0.0008322325265129176,-0.0007212509240313829,0.00011098160248153473
146880.0,-0.000832266391239798,-0.000717857509773451,0.00011440888146634694
146900.0,-0.0008323001960159309,-0.0007144700807454651,0.00011783011527046578
146920.0,-0.0008323339408410526,-0.0007110885528600357,0.00012124538798101697
146940.0,-0.0008323676257148999,-0.0007077128420297734,0.00012465478368512653
146960.0,-0.000832401250637209,-0.0007043428641672891,0.00012805838646991988
146980.0,-0.0008324348156077166,-0.0007009785351851936,0.00013145628042252305
147000.0,-0.0008324683206261589,-0.0006976197709960972,0.00013484854963006175
147020.0,-0.0008325017656922726,-0.0006942664875126108,0.00013823527817966182
147040.0,-0.0008325351508057941,-0.0006909186006473451,0.00014161655015844897
147060.0,-0.00083256847596646,-0.0006875760263129109,0.00014499244965354913
147080.0,-0.0008326017411740065,-0.0006842386804219188,0.0001483630607520877
147100.0,-0.0008326349464281704,-0.0006809064788869792,0.00015172846754119115
147120.0,-0.0008326680917286879,-0.0006775793376207034,0.00015508875410798445
147140.0,-0.0008327011770752957,-0.0006742571725357016,0.00015844400453959406
147160.0,-0.0008327342024677301,-0.0006709398995445846,0.0001617943029231455
147180.0,-0.0008327671679057277,-0.0006676274345599634,0.00016513973334576434
147200.0,-0.0008328000733890249,-0.0006643196934944482,0.00016848037989457667
147220.0,-0.0008328329189173583,-0.00066101659226065,0.00017181632665670828
147240.0,-0.0008328657044904641,-0.0006577180467711794,0.0001751476577192847
147260.0,-0.000832898430108079,-0.0006544239729386472,0.00017847445716943184
147280.0,-0.0008329310957699396,-0.0006511342866756639,0.00018179680909427565
147300.0,-0.0008329637014757821,-0.0006478489038948405,0.00018511479758094162
147320.0,-0.0008329962472253432,-0.0006445677405087874,0.0001884285067165558
147340.0,-0.0008330287330183591,-0.0006412907124301153,0.00019173802058824378
147360.0,-0.0008330611588545667,-0.0006380177355714351,0.00019504342328313163
147380.0,-0.0008330935247337019,-0.0006347487258453574,0.0001983447988883445
147400.0,-0.0008331258306555018,-0.0006314835991644928,0.000201642231491009
147420.0,-0.0008331580766197024,-0.0006282222714414521,0.0002049358051782503
147440.0,-0.0008331902626260405,-0.000624964658588846,0.00020822560403719454
147460.0,-0.0008332223886742524,-0.0006217106765192851,0.00021151171215496732
147480.0,-0.0008332544547640747,-0.0006184602411453803,0.00021479421361869438
147500.0,-0.0008332864608952436,-0.0006152132683797418,0.00021807319251550175
147520.0,-0.0008333184070674959,-0.0006119696741349809,0.00022134873293251504
147540.0,-0.000833350293280568,-0.0006087293743237081,0.00022462091895685985
147560.0,-0.0008333821195341962,-0.0006054922848585339,0.00022788983467566225
147580.0,-0.0008334138858281171,-0.0006022583216520691,0.00023115556417604803
147600.0,-0.0008334455921620674,-0.0005990274006169244,0.00023441819154514294
147620.0,-0.000833477238535783,-0.0005957994376657106,0.00023767780087007246
147640.0,-0.0008335088249490011,-0.0005925743487110382,0.00024093447623796285
147660.0,-0.0008335403514014576,-0.000589352049665518,0.0002441883017359396
147680.0,-0.0008335718178928892,-0.0005861324564417607,0.0002474393614511285
147700.0,-0.0008336032244230325,-0.0005829154849523771,0.00025068773947065537
147720.0,-0.0008336345709916239,-0.0005797010511099775,0.00025393351988164633
147740.0,-0.0008336658575983994,-0.000576489070827173,0.0002571767867712264
147760.0,-0.0008336970842430963,-0.0005732794600165743,0.000260417624226522
147780.0,-0.0008337282509254506,-0.0005700721345907919,0.00026365611633465873
147800.0,-0.0008337593576451988,-0.0005668670104624365,0.0002668923471827624
147820.0,-0.0008337904044020775,-0.0005636640035441187,0.0002701264008579588
147840.0,-0.000833821391195823,-0.0005604630297484496,0.00027335836144737346
147860.0,-0.0008338523180261721,-0.0005572640049880394,0.00027658831303813266
147880.0,-0.0008338831848928609,-0.000554066845175499,0.0002798163397173619
147900.0,-0.0008339139917956261,-0.0005508714662234392,0.00028304252557218696
147920.0,-0.0008339447387342041,-0.0005476777840444706,0.0002862669546897335
147940.0,-0.0008339754257083315,-0.000544485714551204,0.0002894897111571275
147960.0,-0.0008340060527177445,-0.00054129517365625,0.00029271087906149456
147980.0,-0.00083403661976218,-0.000538106077272219,0.00029593054248996096
148000.0,-0.000834067126841374,-0.0005349183413117223,0.0002991487855296517
148020.0,-0.0008340975739550633,-0.00053173188168737,0.0003023656922676932
148040.0,-0.0008341279611029842,-0.0005285466143117733,0.00030558134679121096
148060.0,-0.0008341582882848735,-0.0005253624550975425,0.00030879583318733103
148080.0,-0.0008341885555004672,-0.0005221793199572885,0.00031200923554317863
148100.0,-0.0008342187627495022,-0.0005189971248036221,0.0003152216379458801
148120.0,-0.0008342489100317147,-0.0005158157855491536,0.0003184331244825611
148140.0,-0.0008342789973468413,-0.000512635218106494,0.0003216437792403473
148160.0,-0.0008343090246946184,-0.0005094553383882541,0.00032485368630636433
148180.0,-0.0008343389920747827,-0.0005062760623070441,0.00032806292976773855
148200.0,-0.0008343688994870704,-0.0005030973057754753,0.00033127159371159503
148220.0,-0.0008343987469312179,-0.0004999189847061579,0.00033447976222506
148240.0,-0.0008344285344069621,-0.0004967410150117029,0.00033768751939525915
148260.0,-0.0008344582619140391,-0.000493563312604721,0.0003408949493093181
148280.0,-0.0008344879294521856,-0.0004903857933978227,0.00034410213605436297
148300.0,-0.0008345175370211381,-0.00048720837330361864,0.00034730916371751943
148320.0,-0.0008345470846206328,-0.0004840309682347198,0.000350516116385913
148340.0,-0.0008345765722504064,-0.00048085349410373666,0.00035372307814666976
148360.0,-0.0008346059999101954,-0.00047767586682328003,0.0003569301330869154
148380.0,-0.0008346353675997362,-0.0004744980023059605,0.00036013736529377565
148400.0,-0.0008346646753187653,-0.00047131981646438893,0.0003633448588543763
148420.0,-0.000834693923067019,-0.0004681412252111758,0.00036655269785584323
148440.0,-0.0008347231108442341,-0.0004649621444589318,0.00036976096638530225
148460.0,-0.0008347522386501468,-0.000461782490120268,0.00037296974852987877
148480.0,-0.0008347813064844939,-0.0004586021781077947,0.00037617912837669917
148500.0,-0.0008348103143470115,-0.00045542112433412266,0.00037938919001288883
148520.0,-0.0008348392622374362,-0.0004522392447118626,0.0003826000175255736
148540.0,-0.0008348681501555046,-0.0004490564551536253,0.00038581169500187925
148560.0,-0.0008348969781009531,-0.00044587267157202145,0.00038902430652893165
148580.0,-0.0008349257460735182,-0.0004426878098796617,0.0003922379361938565
148600.0,-0.0008349544540729364,-0.0004395017859891565,0.00039545266808377994
148620.0,-0.0008349831020989441,-0.000436314515813117,0.0003986685862858271
148640.0,-0.0008350116901512778,-0.00043312591526415355,0.00040188577488712424
148660.0,-0.0008350402182296739,-0.00042993590025487715,0.00040510431797479676
148680.0,-0.0008350686863338691,-0.00042674438669789805,0.00040832429963597104
148700.0,-0.0008350970944635997,-0.00042355129050582733,0.0004115458039577724
148720.0,-0.0008351254426186022,-0.00042035652759127556,0.0004147689150273266
148740.0,-0.0008351537307986132,-0.0004171600138668535,0.0004179937169317597
148760.0,-0.0008351819590033691,-0.0004139616652451715,0.00042122029375819755
148780.0,-0.0008352101272326063,-0.00041076139763884074,0.0004244487295937655
148800.0,-0.0008352382354860612,-0.0004075591269604716,0.0004276791085255896
148820.0,-0.0008352662837634706,-0.0004043547691226751,0.0004309115146407955
148840.0,-0.0008352942720645706,-0.00040114824003806136,0.00043414603202650927
148860.0,-0.000835322200389098,-0.0003979394556192416,0.0004373827447698564
148880.0,-0.0008353500687367892,-0.00039472833177882637,0.0004406217369579628
148900.0,-0.0008353778771073805,-0.00039151478442942623,0.0004438630926779543
148920.0,-0.0008354056255006086,-0.0003882987294836519,0.00044710689601695666
148940.0,-0.0008354333139162098,-0.00038508008285411424,0.0004503532310620955
148960.0,-0.0008354609423539206,-0.00038185876045342387,0.0004536021819004967
148980.0,-0.0008354885108134777,-0.00037863467819419143,0.00045685383261928625
149000.0,-0.0008355160192946172,-0.0003754077519890275,0.00046010826730558975
149020.0,-0.000835543467797076,-0.0003721778977505431,0.00046336557004653296
149040.0,-0.0008355708563205903,-0.0003689450313913487,0.0004666258249292416
149060.0,-0.0008355981848648966,-0.00036570906882405505,0.00046988911604084157
149080.0,-0.0008356254534297315,-0.00036246992596127264,0.00047315552746845884
149100.0,-0.0008356526620148313,-0.00035922751871561256,0.00047642514329921873
149120.0,-0.0008356798106199327,-0.00035598176299968525,0.00047969804762024745
149140.0,-0.0008357068992447719,-0.0003527325747261014,0.0004829743245186705
149160.0,-0.0008357339278890856,-0.0003494798698074717,0.00048625405808161394
149180.0,-0.0008357608965526102,-0.0003462235641564069,0.0004895373323962033
149200.0,-0.0008357878052350822,-0.00034296357368551777,0.0004928242315495645
149220.0,-0.000835814653936238,-0.00033969981430741485,0.0004961148396288231
149240.0,-0.0008358414426558143,-0.00033643220193470887,0.0004994092407211054
149260.0,-0.0008358681713935472,-0.00033316065248001066,0.0005027075189135365
149280.0,-0.0008358948401491737,-0.0003298850818559308,0.0005060097582932428
149300.0,-0.0008359214489224296,-0.00032660540597507994,0.0005093160429473497
149320.0,-0.0008359479977130521,-0.00032332154075006875,0.0005126264569629834
149340.0,-0.0008359744865207771,-0.00032003340209350807,0.000515941084427269
149360.0,-0.0008360009153453413,-0.0003167409059180086,0.0005192600094273327
149380.0,-0.0008360272841864812,-0.00031344396813618087,0.0005225833160503004
149400.0,-0.0008360535930439334,-0.00031014250466063556,0.0005259110883832979
149420.0,-0.0008360798419174341,-0.0003068364314039836,0.0005292434105134505
149440.0,-0.0008361060308067201,-0.0003035256642788355,0.0005325803665278846
149460.0,-0.0008361321597115275,-0.00030021011919780205,0.0005359220405137255
149480.0,-0.0008361582286315931,-0.00029688971207349375,0.0005392685165580993
149500.0,-0.0008361842375666532,-0.0002935643588185215,0.0005426198787481317
149520.0,-0.0008362101865164443,-0.0002902339753454959,0.0005459762111709484
149540.0,-0.0008362360754807029,-0.0002868984775670279,0.000549337597913675
149560.0,-0.0008362619044591656,-0.0002835577813957277,0.0005527041230634379
149580.0,-0.0008362876734515685,-0.00028021180274420644,0.0005560758707073621
149600.0,-0.0008363133824576484,-0.00027686045752507444,0.000559452924932574
149620.0,-0.0008363390314771419,-0.0002735036616509426,0.0005628353698261993
149640.0,-0.0008363646205097852,-0.0002701413310344218,0.0005662232894753634
149660.0,-0.0008363901495553149,-0.0002667733815881224,0.0005696167679671924
149680.0,-0.0008364156186134673,-0.00026339972922465515,0.0005730158893888121
149700.0,-0.0008364410276839792,-0.000260020289856631,0.0005764207378273482
149720.0,-0.0008364663767665868,-0.0002566349793966603,0.0005798313973699265
149740.0,-0.0008364916658610268,-0.0002532437137573541,0.0005832479521036727
149760.0,-0.0008365168949670354,-0.0002498464088513227,0.0005866704861157126
149780.0,-0.0008365420640843494,-0.000246442980591177,0.0005900990834931724
149800.0,-0.000836567173212705,-0.00024303334488952788,0.0005935338283231771
149820.0,-0.0008365922223518388,-0.0002396174176589856,0.0005969748046928533
149840.0,-0.0008366172115014872,-0.0002361951148121611,0.0006004220966893261
149860.0,-0.0008366421406613869,-0.0002327663522616653,0.0006038757883997216
149880.0,-0.0008366670098312741,-0.00022933104592010842,0.0006073359639111656
149900.0,-0.0008366918190108855,-0.00022588911170010167,0.0006108027073107838
149920.0,-0.0008367165681999573,-0.0002224404655142552,0.0006142761026857021
149940.0,-0.0008367412573982263,-0.00021898502327518,0.0006177562341230464
149960.0,-0.0008367658866054288,-0.0002155227008954869,0.0006212431857099418
149980.0,-0.0008367904558213013,-0.0002120534142877862,0.0006247370415335151
150000.0,-0.0008368149764332173,-0.00020857679634598756,0.0006282381800872298
150020.0,-0.000836839459828648,-0.0002050925970762951,0.0006317468627523528
150040.0,-0.0008368639060074768,-0.00020160090805976198,0.0006352629979477149
150060.0,-0.0008368883149695871,-0.0001981018208774413,0.0006387864940921458
150080.0,-0.0008369126867148622,-0.00019459542711038614,0.000642317259604476
150100.0,-0.0008369370212431851,-0.00019108181833964963,0.0006458552029035354
150120.0,-0.0008369613185544397,-0.00018756108614628492,0.0006494002324081547
150140.0,-0.0008369855786485088,-0.00018403332211134514,0.0006529522565371637
150160.0,-0.000837009801525276,-0.00018049861781588338,0.0006565111837093927
150180.0,-0.0008370339871846245,-0.00017695706484095275,0.0006600769223436717
150200.0,-0.0008370581356264377,-0.00017340875476760638,0.0006636493808588313
150220.0,-0.0008370822468505988,-0.00016985377917689743,0.0006672284676737014
150240.0,-0.0008371063208569914,-0.00016629222964987904,0.0006708140912071123
150260.0,-0.0008371303576454985,-0.00016272419776760424,0.0006744061598778942
150280.0,-0.0008371543572160035,-0.0001591497751111262,0.0006780045821048774
150300.0,-0.0008371783195683898,-0.00015556905326149806,0.0006816092663068918
150320.0,-0.0008372022447025408,-0.00015198212379977292,0.0006852201209027679
150340.0,-0.0008372261326183394,-0.0001483890783070039,0.0006888370543113355
150360.0,-0.0008372499833156695,-0.0001447900083642441,0.0006924599749514255
150380.0,-0.0008372737967944141,-0.0001411850055525467,0.0006960887912418675
150400.0,-0.0008372975730544565,-0.00013757416145296475,0.0006997234116014918
150420.0,-0.0008373213120956802,-0.00013395756764655146,0.0007033637444491287
150440.0,-0.0008373450139179683,-0.00013033531571435988,0.0007070096982036084
150460.0,-0.0008373686785212042,-0.00012670749723744316,0.000710661181283761
150480.0,-0.0008373923059052713,-0.0001230742037968544,0.0007143181021084169
150500.0,-0.0008374158960700529,-0.00011943552697364674,0.0007179803690964061
150520.0,-0.0008374394490154321,-0.00011579155834887328,0.0007216478906665588
150540.0,-0.0008374629647412926,-0.00011214238950358718,0.0007253205752377053
150560.0,-0.0008374864432475175,-0.00010848811201884153,0.000728998331228676
150580.0,-0.0008375098845339901,-0.00010482881747568948,0.0007326810670583005
150600.0,-0.0008375332886005937,-0.00010116459745518409,0.0007363686911454096
150620.0,-0.0008375566554472118,-9.749554353837856e-05,0.0007400611119088333
150640.0,-0.0008375799850737275,-9.382174730632596e-05,0.0007437582377674015
150660.0,-0.0008376032774800243,-9.014330034007943e-05,0.0007474599771399449
150680.0,-0.0008376265326659855,-8.64602942206921e-05,0.0007511662384452934
150700.0,-0.0008376497506314945,-8.277282052921705e-05,0.0007548769301022773
150720.0,-0.0008376729313764342,-7.908097084670746e-05,0.0007585919605297268
150740.0,-0.0008376960749006883,-7.538483675421643e-05,0.0007623112381464718
150760.0,-0.0008377191812041399,-7.168450983279705e-05,0.0007660346713713429
150780.0,-0.0008377422502866726,-6.798008166350247e-05,0.0007697621686231701
150800.0,-0.0008377652821481695,-6.42716438273858e-05,0.0007734936383207837
150820.0,-0.000837788276788514,-6.055928790550021e-05,0.0007772289888830138
150840.0,-0.0008378112342075893,-5.684310547889874e-05,0.0007809681287286906
150860.0,-0.000837834154405279,-5.312318812863455e-05,0.0007847109662766445
150880.0,-0.0008378570373814662,-4.939962743576077e-05,0.0007884574099457054
150900.0,-0.0008378798831360342,-4.5672514981330535e-05,0.0007922073681547036
150920.0,-0.0008379026916688665,-4.1941942346396916e-05,0.0007959607493224696
150940.0,-0.0008379254629798462,-3.8208001112013074e-05,0.0007997174618678331
150960.0,-0.0008379481970688568,-3.447078285923211e-05,0.0008034774142096247
150980.0,-0.0008379708939357815,-3.073037916910716e-05,0.0008072405147666742
151000.0,-0.0008379935535805037,-2.698688162269137e-05,0.0008110066719578123
151020.0,-0.0008380161760029066,-2.3240381801037808e-05,0.0008147757942018688
151040.0,-0.0008380387612028737,-1.9490971285199616e-05,0.000818547789917674
151060.0,-0.0008380613091802881,-1.573874165622992e-05,0.0008223225675240582
151080.0,-0.0008380838199350333,-1.1983784495181871e-05,0.0008261000354398514
151100.0,-0.0008381062934669926,-8.226191383108531e-06,0.0008298801020838841
151120.0,-0.0008381287297760492,-4.466053901063051e-06,0.0008336626758749862
151140.0,-0.0008381511288620867,-7.034636300985537e-07,0.0008374476652319882
151160.0,-0.000838173490724988,3.0614878487318155e-06,0.0008412349785737198
151180.0,-0.0008381958153646368,6.828708954374985e-06,0.0008450245243190118
151200.0,-0.0008382181027809162,1.0598108105777811e-05,0.000848816210886694
151220.0,-0.0008382403529737096,1.4369593721887171e-05,0.0008526099466955967
151240.0,-0.0008382625659429003,1.8143074221649913e-05,0.0008564056401645502
151260.0,-0.0008382847416883715,2.1918458024012973e-05,0.0008602031997123845
151280.0,-0.0008383068802100069,2.56956535479232e-05,0.0008640025337579301
151300.0,-0.0008383289815076894,2.9474569212327473e-05,0.0008678035507200169
151320.0,-0.0008383510455813026,3.325511343617267e-05,0.0008716061590174753
151340.0,-0.0008383730724307296,3.703719463840565e-05,0.0008754102670691352
151360.0,-0.0008383950620558539,4.0820721237973335e-05,0.0008792157832938272
151380.0,-0.0008384170144565586,4.4605601653822585e-05,0.0008830226161103812
151400.0,-0.0008384389296327273,4.839174430490028e-05,0.0008868306739376276
151420.0,-0.0008384608075842432,5.2179057610153284e-05,0.0008906398651943964
151440.0,-0.0008384826483109895,5.596744998852848e-05,0.000894450098299518
151460.0,-0.0008385044518128496,5.975682985897272e-05,0.0008982612816718224
151480.0,-0.000838526218089707,6.354710564043296e-05,0.00090207332373014
151500.0,-0.0008385479471414447,6.733818575185602e-05,0.0009058861328933008
151520.0,-0.0008385696389679463,7.11299786121888e-05,0.0009096996175801352
151540.0,-0.0008385912935690951,7.492239264037816e-05,0.0009135136862094733
151560.0,-0.0008386129109447741,7.8715336255371e-05,0.0009173282472001451
151580.0,-0.000838634491094867,8.250871787611417e-05,0.0009211432089709812
151600.0,-0.0008386560340192569,8.630244592155459e-05,0.0009249584799408115
151620.0,-0.0008386775397178272,9.00964288106391e-05,0.0009287739685284663
151640.0,-0.0008386990081904613,9.389057496231455e-05,0.0009325895831527758
151660.0,-0.0008387204394370422,9.76847927955279e-05,0.0009364052322325702
151680.0,-0.0008387418334574536,0.000101478990729226,0.0009402208241866796
151700.0,-0.0008387631902515787,0.00010527307718235571,0.0009440362674339344
151720.0,-0.0008387845098193008,0.00010906696057386392,0.0009478514703931647
151740.0,-0.0008388057921605031,0.00011286054932269749,0.0009516663414832005
151760.0,-0.0008388270372750691,0.00011665375184780334,0.0009554807891228724
151780.0,-0.000838848245162882,0.00012044647656812832,0.0009592947217310103
151800.0,-0.0008388694158238251,0.00012423863190261925,0.0009631080477264444
151820.0,-0.000838890549257782,0.00012803012627022312,0.0009669206755280051
151840.0,-0.0008389116454646355,0.00013182086808988678,0.0009707325135545223
151860.0,-0.0008389327044442694,0.00013561076578055703,0.0009745434702248264
151880.0,-0.000838953726196567,0.00013939972776118087,0.0009783534539577479
151900.0,-0.0008389747107214112,0.00014318766245070507,0.0009821623731721162
151920.0,-0.0008389956580186857,0.00014697447826807658,0.0009859701362867623
151940.0,-0.0008390165680882737,0.00015076008363224224,0.000989776651720516
151960.0,-0.0008390374409300586,0.00015454438696214896,0.0009935818278922076
151980.0,-0.0008390582765439236,0.00015832729667674352,0.000997385573220667
152000.0,-0.0008390790749297519,0.00016210872119497294,0.001001187796124725
152020.0,-0.0008390998360874271,0.000165888568935784,0.0010049884050232112
152040.0,-0.0008391205600168324,0.00016966674831812365,0.001008787308334956
152060.0,-0.0008391412467178513,0.00017344316776093873,0.00101258441447879
152080.0,-0.0008391618961903668,0.0001772177356831761,0.0010163796318735428
152100.0,-0.0008391825084342624,0.0001809903605037827,0.0010201728689380452
152120.0,-0.0008392030834494213,0.00018476095064170534,0.0010239640340911267
152140.0,-0.000839223621235727,0.00018852941451589087,0.0010277530357516178
152160.0,-0.0008392441217930628,0.0001922956605452863,0.001031539782338349
152180.0,-0.0008392645851213118,0.0001960595971488384,0.0010353241822701502
152200.0,-0.0008392850112203574,0.0001998211327454941,0.0010391061439658515
152220.0,-0.0008393054000900832,0.00020358017575420028,0.0010428855758442834
152240.0,-0.0008393257517303722,0.00020733663459390376,0.001046662386324276
152260.0,-0.0008393460661411077,0.0002110904176835515,0.0010504364838246592
152280.0,-0.0008393663433221732,0.0002148414334420903,0.0010542077767642635
152300.0,-0.0008393865832734521,0.0002185895902884671,0.0010579761735619191
152320.0,-0.0008394067859948276,0.0002223347966416287,0.0010617415826364564
152340.0,-0.0008394269514861829,0.00022607696092052205,0.001065503912406705
152360.0,-0.0008394470797474014,0.00022981599154409406,0.0010692630712914955
152380.0,-0.0008394671707783666,0.00023355179693129152,0.001073018967709658
152400.0,-0.0008394872245789615,0.00023728428550106136,0.001076771510080023
152420.0,-0.0008395072411490698,0.00024101336567235046,0.0010805206068214201
152440.0,-0.0008395272204885743,0.00024473894586410567,0.0010842661663526799
152460.0,-0.0008395471625973589,0.0002484609344952739,0.0010880080970926329
152480.0,-0.0008395670674753065,0.00025217923998480194,0.0010917463074601084
152500.0,-0.0008395869351223006,0.00025589377075163676,0.0010954807058739372
152520.0,-0.0008396067655382245,0.0002596044352147253,0.0010992112007529497
152540.0,-0.0008396265587229615,0.00026331114179301436,0.0011029377005159758
152560.0,-0.0008396463146763948,0.00026701379890545077,0.0011066601135818455
152580.0,-0.000839666033398408,0.00027071231497098147,0.0011103783483693895
152600.0,-0.0008396857148888844,0.0002744065984085533,0.0011140923132974376
152620.0,-0.000839705359147707,0.00027809655763711316,0.0011178019167848202
152640.0,-0.0008397249661747593,0.00028178210107560796,0.0011215070672503673
152660.0,-0.0008397445359699246,0.0002854631371429845,0.0011252076731129092
152680.0,-0.0008397640685330863,0.00028913957425818966,0.001128903642791276
152700.0,-0.0008397835638641277,0.0002928113208401705,0.001132594884704298
152720.0,-0.000839803021962932,0.0002964782853078737,0.0011362813072708056
152740.0,-0.0008398224428293827,0.0003001403760802462,0.001139962818909629
152760.0,-0.000839841826463363,0.0003037975015762349,0.001143639328039598
152780.0,-0.0008398611728647563,0.0003074495702147867,0.001147310743079543
152800.0,-0.0008398804820334457,0.00031109649041484834,0.001150976972448294
152820.0,-0.0008398997539693148,0.0003147381705953669,0.0011546379245646818
152840.0,-0.0008399189886722469,0.0003183745191752891,0.001158293507847536
152860.0,-0.0008399381861421251,0.0003220054445735619,0.001161943630715687
152880.0,-0.0008399573463788329,0.00032563085520913207,0.001165588201587965
152900.0,-0.0008399764693822535,0.0003292506595009467,0.0011692271288832002
152920.0,-0.0008399955551522704,0.00033286476586795243,0.0011728603210202227
152940.0,-0.0008400146036887667,0.0003364730827290963,0.001176487686417863
152960.0,-0.0008400336149916258,0.0003400755185033252,0.001180109133494951
152980.0,-0.0008400525890607312,0.00034367198160958575,0.001183724570670317
153000.0,-0.000840071525895966,0.00034726238046682524,0.0011873339063627913
153020.0,-0.0008400904254972136,0.0003508466234939902,0.0011909370489912039
153040.0,-0.0008401092878643573,0.0003544246191100278,0.0011945339069743851
153060.0,-0.0008401281129972803,0.0003579962757338846,0.001198124388731165
153080.0,-0.0008401469008958661,0.0003615615017845076,0.0012017084026803738
153100.0,-0.0008401656515599982,0.00036512020568084386,0.001205285857240842
153120.0,-0.0008401843649895594,0.00036867229584184,0.0012088566608313995
153140.0,-0.0008402030411844333,0.00037221768068644313,0.0012124207218708765
153160.0,-0.0008402216801445035,0.00037575626863359994,0.0012159779487781034
153180.0,-0.0008402402818696529,0.0003792879681022574,0.0012195282499719102
153200.0,-0.0008402588463597649,0.00038281268751136235,0.0012230715338711273
153220.0,-0.000840277373614723,0.00038633033527986176,0.0012266077088945847
153240.0,-0.0008402958636344103,0.00038984081982670237,0.0012301366834611127
153260.0,-0.0008403143164187103,0.0003933440495708311,0.0012336583659895415
153280.0,-0.0008403327319675062,0.00039683993293119493,0.0012371726648987011
153300.0,-0.0008403511102806814,0.00040032837832674063,0.001240679488607422
153320.0,-0.0008403694513581192,0.00040380929417641514,0.0012441787455345344
153340.0,-0.000840387755199703,0.00040728258889916524,0.001247670344098868
153360.0,-0.0008404060218053158,0.00041074817091393796,0.0012511541927192537
153380.0,-0.0008404242511748413,0.00041420594863968006,0.0012546301998145213
153400.0,-0.0008404424433081626,0.0004176558304953384,0.001258098273803501
153420.0,-0.0008404605982051632,0.00042109772489986,0.001261558323105023
153440.0,-0.0008404787158657263,0.00042453154027219153,0.0012650102561379177
153460.0,-0.000840496796289735,0.0004279571850312802,0.0012684539813210152
153480.0,-0.0008405148394770731,0.00043137456759607246,0.0012718894070731456
153500.0,-0.0008405328454276236,0.0004347835963855155,0.001275316441813139
153520.0,-0.0008405508141412698,0.00043818417981855614,0.001278734993959826
153540.0,-0.0008405687456178952,0.00044157622631414126,0.0012821449719320364
153560.0,-0.0008405866398573832,0.00044495964429121763,0.0012855462841486007
153580.0,-0.0008406044968596167,0.00044833434216873225,0.0012889388390283489
153600.0,-0.0008406223166244793,0.00045170022836563193,0.0012923225449901112
153620.0,-0.0008406400991518544,0.0004550572113008635,0.001295697310452718
153640.0,-0.0008406578444416251,0.00045840519939337394,0.001299063043834999
153660.0,-0.0008406755524936749,0.0004617441010621101,0.001302419653555785
153680.0,-0.0008406932233078869,0.00046507382472601896,0.0013057670480339058
153700.0,-0.0008407108568841447,0.0004683942788040472,0.0013091051356881919
153720.0,-0.0008407284532223315,0.0004717053717151419,0.0013124338249374734
153740.0,-0.0008407460123223305,0.0004750070118782497,0.0013157530242005801
153760.0,-0.0008407635341840253,0.00047829910771231754,0.0013190626418963427
153780.0,-0.0008407810188072988,0.00048158156763629254,0.0013223625864435913
153800.0,-0.0008407984661920348,0.0004848543000691213,0.0013256527662611562
153820.0,-0.0008408158763381163,0.00048811721342975097,0.0013289330897678672
153840.0,-0.0008408332492454266,0.000491370216137128,0.0013322034653825547
153860.0,-0.0008408505849138493,0.0004946132166101998,0.0013354638015240492
153880.0,-0.0008408678833432675,0.0004978461232679127,0.0013387140066111803
153900.0,-0.0008408851445335646,0.0005010688445292143,0.0013419539890627788
153920.0,-0.0008409023684846238,0.0005042812888130506,0.0013451836572976744
153940.0,-0.0008409195551963286,0.0005074833645383691,0.0013484029197346975
153960.0,-0.0008409367046685621,0.0005106749801241164,0.0013516116847926787
153980.0,-0.0008409538169012079,0.0005138560439892396,0.0013548098608904475
154000.0,-0.000840970891894149,0.0005170264645526853,0.0013579973564468344
154020.0,-0.0008409879296472691,0.0005201861502334007,0.0013611740798806697
154040.0,-0.0008410049301604512,0.0005233350094503325,0.0013643399396107837
154060.0,-0.0008410218934335787,0.0005264729506224274,0.001367494844056006
154080.0,-0.0008410388194665349,0.0005295998821686326,0.0013706387016351675
154100.0,-0.0008410557082592033,0.0005327157125078949,0.0013737714207670982
154120.0,-0.000841072559811467,0.0005358203500591609,0.0013768929098706278
154140.0,-0.0008410893741232095,0.000538913703241378,0.0013800030773645875
154160.0,-0.000841106151194314,0.0005419956804734926,0.0013831018316678065
154180.0,-0.0008411228910246638,0.0005450661901744519,0.0013861890811991157
154200.0,-0.0008411395936141423,0.0005481251407632024,0.0013892647343773448
154220.0,-0.0008411562589626327,0.0005511724406586914,0.0013923286996213242
154240.0,-0.0008411728870700185,0.0005542079982798656,0.001395380885349884
154260.0,-0.000841189477936183,0.0005572317220456719,0.0013984211999818548
154280.0,-0.0008412060315610093,0.000560243520375057,0.0014014495519360662
154300.0,-0.000841222547944381,0.000563243301686968,0.001404465849631349
154320.0,-0.0008412390270861812,0.0005662309744003518,0.001407470001486533
154340.0,-0.0008412554689862933,0.0005692064469341551,0.0014104619159204484
154360.0,-0.0008412718736446008,0.0005721696277073249,0.0014134415013519258
154380.0,-0.0008412882410609866,0.000575120425138808,0.0014164086661997946
154400.0,-0.0008413045712353344,0.0005780587476475513,0.0014193633188828857
154420.0,-0.0008413208641675275,0.0005809845036525017,0.0014223053678200292
154440.0,-0.0008413371198574489,0.0005838976015726062,0.001425234721430055
154460.0,-0.0008413533383049822,0.0005867979498268114,0.0014281512881317935
154480.0,-0.0008413695195100107,0.0005896854568340644,0.0014310549763440752
154500.0,-0.0008413856634724177,0.0005925600310133121,0.0014339456944857298
154520.0,-0.0008414017701920864,0.0005954215807835012,0.0014368233509755876
154540.0,-0.0008414178396689002,0.0005982700145635788,0.0014396878542324788
154560.0,-0.0008414338719027424,0.0006011052407724916,0.001442539112675234
154580.0,-0.0008414498668934965,0.0006039271678291864,0.001445377034722683
154600.0,-0.0008414658246410455,0.0006067357041526103,0.0014482015287936557
154620.0,-0.000841481745145273,0.0006095307581617101,0.0014510125033069831
154640.0,-0.0008414976284060622,0.0006123122382754328,0.001453809866681495
154660.0,-0.0008415134744232964,0.0006150800529127248,0.0014565935273360212
154680.0,-0.000841529283196859,0.0006178341104925336,0.0014593633936893927
154700.0,-0.0008415450547266332,0.0006205743194338057,0.001462119374160439
154720.0,-0.0008415607890125023,0.0006233005881554881,0.0014648613771679904
154740.0,-0.00084157648605435,0.0006260128250765276,0.0014675893111308776
154760.0,-0.0008415921458520591,0.0006287109386158713,0.0014703030844679305
154780.0,-0.0008416077684055132,0.0006313948371924658,0.001473002605597979
154800.0,-0.0008416233537145956,0.0006340644292252581,0.0014756877829398538
154820.0,-0.0008416389017791896,0.0006367196231331951,0.0014783585249123848
154840.0,-0.0008416544125991785,0.0006393603273352237,0.001481014739934402
154860.0,-0.0008416698861744455,0.0006419864502502907,0.0014836563364247362
154880.0,-0.0008416853225048743,0.0006445979002973429,0.0014862832228022171
154900.0,-0.0008417007215903478,0.0006471945858953274,0.0014888953074856752
154920.0,-0.0008417160834307496,0.0006497764154631909,0.0014914924988939406
154940.0,-0.0008417314080259627,0.0006523432974198804,0.001494074705445843
154960.0,-0.0008417466953758708,0.0006548951401843427,0.0014966418355602134
154980.0,-0.0008417619454803571,0.0006574318521755247,0.0014991937976558817
155000.0,-0.0008417771654084894,0.0006599611249666034,0.0015017382903750928
155020.0,-0.0008417923622293821,0.0006624906738344621,0.001504283036063844
155040.0,-0.0008418075359429882,0.0006650204427536041,0.0015068279786965922
155060.0,-0.0008418226865492609,0.0006675503756985321,0.001509373062247793
155080.0,-0.0008418378140481531,0.0006700804166437493,0.0015119182306919023
155100.0,-0.0008418529184396178,0.0006726105095637586,0.0015144634280033764
155120.0,-0.0008418679997236081,0.0006751405984330632,0.0015170085981566711
155140.0,-0.0008418830579000769,0.0006776706272261658,0.0015195536851262425
155160.0,-0.0008418980929689772,0.0006802005399175697,0.001522098632886547
155180.0,-0.0008419131049302624,0.000682730280481778,0.0015246433854120404
155200.0,-0.000841928093783885,0.0006852597928932935,0.0015271878866771785
155220.0,-0.0008419430595297985,0.0006877890211266193,0.0015297320806564178
155240.0,-0.0008419580021679554,0.0006903179091562585,0.001532275911324214
155260.0,-0.0008419729216983092,0.000692846400956714,0.0015348193226550231
155280.0,-0.0008419878181208128,0.0006953744405024889,0.0015373622586233016
155300.0,-0.000842002691435419,0.0006979019717680863,0.0015399046632035053
155320.0,-0.0008420175416420811,0.000700428938728009,0.0015424464803700901
155340.0,-0.000842032368740752,0.0007029552853567603,0.001544987654097512
155360.0,-0.0008420471727313847,0.0007054809556288429,0.0015475281283602277
155380.0,-0.0008420619536139324,0.00070800589351876,0.0015500678471326924
155400.0,-0.0008420767113883477,0.0007105300430010147,0.0015526067543893624
155420.0,-0.000842091446054584,0.00071305334805011,0.001555144794104694
155440.0,-0.0008421061576125943,0.0007155757526405488,0.0015576819102531433
155460.0,-0.0008421208460623315,0.0007180972007468342,0.0015602180468091659
155480.0,-0.0008421355114037488,0.0007206176363434692,0.0015627531477472182
155500.0,-0.000842150153636799,0.000723137003404957,0.001565287157041756
155520.0,-0.0008421647727614351,0.0007256552459058005,0.0015678200186672354
155540.0,-0.0008421793687776105,0.0007281723078205025,0.001570351676598113
155560.0,-0.0008421939416852777,0.0007306881331235663,0.0015728820748088439
155580.0,-0.0008422084914843903,0.0007332026657894948,0.001575411157273885
155600.0,-0.0008422230181749007,0.0007357158497927911,0.0015779388679676917
155620.0,-0.0008422375217567624,0.0007382276291079582,0.0015804651508647205
155640.0,-0.0008422520022299282,0.0007407379477094992,0.0015829899499394274
155660.0,-0.0008422664595943512,0.0007432467495719169,0.0015855132091662683
155680.0,-0.0008422808938499844,0.0007457539786697146,0.0015880348725196992
155700.0,-0.0008422953049967809,0.0007482595789773951,0.001590554883974176
155720.0,-0.0008423096930346935,0.0007507634944694616,0.001593073187504155
155740.0,-0.0008423240579636755,0.000753265669120417,0.0015955897270840925
155760.0,-0.0008423383997836798,0.0007557660469047643,0.001598104446688444
155780.0,-0.0008423527184946593,0.0007582645717970066,0.0016006172902916658
155800.0,-0.0008423670140965673,0.000760761187771647,0.0016031282018682143
155820.0,-0.0008423812865893565,0.0007632558388031883,0.001605637125392545
155840.0,-0.0008423955359729803,0.0007657484688661338,0.001608144004839114
155860.0,-0.0008424097622473915,0.0007682390219349863,0.0016106487841823778
155880.0,-0.000842423965412543,0.0007707274419842489,0.0016131514073967918
155900.0,-0.000842438145468388,0.0007732136729884247,0.0016156518184568128
155920.0,-0.0008424523024148795,0.0007756976589220166,0.001618149961336896
155940.0,-0.0008424664362519705,0.0007781793437595277,0.001620645780011498
155960.0,-0.000842480546979614,0.0007806586714754609,0.0016231392184550748
155980.0,-0.0008424946345977632,0.0007831355860443195,0.0016256302206420826
156000.0,-0.0008425086991063708,0.0007856100314406064,0.001628118730546977
156020.0,-0.0008425227405053901,0.0007880819516388244,0.0016306046921442147
156040.0,-0.000842536758794774,0.0007905512906134768,0.001633088049408251
156060.0,-0.0008425507539744756,0.0007930179923390665,0.0016355687463135422
156080.0,-0.0008425647260444477,0.0007954820007900965,0.0016380467268345441
156100.0,-0.0008425786750046436,0.0007979432599410698,0.0016405219349457136
156120.0,-0.0008425926008550164,0.0008004017137664897,0.001642994314621506
156140.0,-0.0008426065035955188,0.000802857306240859,0.0016454638098363779
156160.0,-0.0008426203832261039,0.0008053099813386807,0.0016479303645647848
156180.0,-0.0008426342397467248,0.0008077596830344578,0.0016503939227811826
156200.0,-0.0008426480731573346,0.0008102063553026934,0.001652854428460028
156220.0,-0.0008426618834578861,0.0008126499421178905,0.0016553118255757766
156240.0,-0.0008426756706483325,0.0008150903874545523,0.0016577660581028847
156260.0,-0.0008426894347286269,0.0008175276352871816,0.0016602170700158085
156280.0,-0.000842703175698722,0.0008199616295902813,0.0016626648052890033
156300.0,-0.0008427168935585713,0.0008223923143383548,0.0016651092078969261
156320.0,-0.0008427305883081275,0.000824819633505905,0.0016675502218140325
156340.0,-0.0008427442599473434,0.0008272435310674347,0.001669987791014778
156360.0,-0.0008427579084761725,0.0008296639509974471,0.0016724218594736198
156380.0,-0.0008427715338945676,0.0008320808372704454,0.001674852371165013
156400.0,-0.0008427851362024818,0.0008344941338609323,0.0016772792700634142
156420.0,-0.000842798715399868,0.0008369037847434109,0.001679702500143279
156440.0,-0.0008428122714866792,0.0008393097338923845,0.0016821220053790638
156460.0,-0.0008428258044628687,0.0008417119252823558,0.0016845377297452246
156480.0,-0.0008428393143283892,0.0008441103028878279,0.001686949617216217
156500.0,-0.000842852801083194,0.0008465048106833039,0.001689357611766498
156520.0,-0.000842866264727236,0.0008488953926432867,0.0016917616573705226
156540.0,-0.000842879705260468,0.0008512819927422794,0.0016941616980027474
156560.0,-0.0008428931226828433,0.0008536645549547851,0.0016965576776376283
156580.0,-0.000842906516994315,0.0008560430232553068,0.001698949540249622
156600.0,-0.0008429198881948358,0.0008584173416183473,0.001701337229813183
156620.0,-0.000842933236284359,0.0008607874540184099,0.0017037206903027689
156640.0,-0.0008429465612628374,0.0008631533044299976,0.0017060998656928351
156660.0,-0.0008429598631302243,0.0008655148368276132,0.0017084746999578375
156680.0,-0.0008429731418864726,0.00086787199518576,0.0017108451370722326
156700.0,-0.0008429863975315351,0.000870224723478941,0.001713211121010476
156720.0,-0.0008429996300653651,0.0008725729656816589,0.001715572595747024
156740.0,-0.0008430128394879157,0.0008749166657684171,0.0017179295052563328
156760.0,-0.0008430260257991396,0.0008772557677137184,0.001720281793512858
156780.0,-0.0008430391889989901,0.0008795902154920658,0.001722629404491056
156800.0,-0.0008430523290874199,0.0008819199530779626,0.0017249722821653826
156820.0,-0.0008430654460643824,0.0008842449244459115,0.001727310370510294
156840.0,-0.0008430785399298305,0.0008865650735704158,0.0017296436135002462
156860.0,-0.000843091610683717,0.0008888803444259783,0.0017319719551096954
156880.0,-0.0008431046583259952,0.000891190680987102,0.0017342953393130972
156900.0,-0.0008431176828566181,0.0008934960272282902,0.0017366137100849083
156920.0,-0.0008431306842755387,0.0008957963271240459,0.0017389270113995845
156940.0,-0.0008431436625827098,0.0008980915246488716,0.0017412351872315814
156960.0,-0.0008431566177780846,0.0009003815637772711,0.0017435381815553556
156980.0,-0.0008431695498616161,0.0009026663884837468,0.001745835938345363
157000.0,-0.0008431824588332576,0.000904945942742802,0.0017481284015760596
157020.0,-0.0008431953446929616,0.0009072201705289397,0.0017504155152219013
157040.0,-0.0008432082074406816,0.000909489015816663,0.0017526972232573446
157060.0,-0.0008432210470763702,0.0009117524225804747,0.0017549734696568448
157080.0,-0.0008432338635999807,0.0009140103347948781,0.0017572441983948587
157100.0,-0.0008432466570114663,0.0009162626964343759,0.0017595093534458423
157120.0,-0.0008432594273107794,0.0009185094514734714,0.0017617688787842508
157140.0,-0.0008432721744978735,0.0009207505438866675,0.001764022718384541
157160.0,-0.0008432848985727017,0.0009229859176484674,0.0017662708162211691
157180.0,-0.0008432975995352167,0.0009252155167333738,0.0017685131162685904
157200.0,-0.0008433102773853718,0.00092743928511589,0.001770749562501262
157220.0,-0.0008433229321231198,0.000929657166770519,0.001772980098893639
157240.0,-0.0008433355637484139,0.0009318691056717636,0.0017752046694201776
157260.0,-0.0008433481722612071,0.000934075045794127,0.001777423218055334
157280.0,-0.0008433607576614523,0.0009362749311121123,0.0017796356887735646
157300.0,-0.0008433733199491025,0.0009384687056002223,0.0017818420255493249
157320.0,-0.0008433858591241108,0.0009406563132329602,0.001784042172357071
157340.0,-0.0008433983751864304,0.000942837697984829,0.0017862360731712595
157360.0,-0.0008434108681360141,0.0009450128038303317,0.0017884236719663458
157380.0,-0.0008434233379728149,0.0009471815747439712,0.0017906049127167862
157400.0,-0.000843435784696786,0.0009493439547002509,0.0017927797393970369
157420.0,-0.0008434482083078804,0.0009514998876736732,0.0017949480959815536
157440.0,-0.0008434606088060509,0.0009536493176387418,0.0017971099264447927
157460.0,-0.0008434729861912509,0.0009557921885699594,0.0017992651747612103
157480.0,-0.000843485340463433,0.0009579284444418289,0.0018014137849052619
157500.0,-0.0008434976716225505,0.0009600580292288535,0.001803555700851404
157520.0,-0.0008435099796685564,0.0009621808869055362,0.0018056908665740926
157540.0,-0.0008435222646014036,0.00096429696144638,0.0018078192260477836
157560.0,-0.0008435345264210452,0.000966406196825888,0.0018099407232469332
157580.0,-0.0008435467651274342,0.000968508537018563,0.0018120553021459972
157600.0,-0.0008435589807205237,0.0009706039259989083,0.001814162906719432
157620.0,-0.0008435711732002666,0.0009726923077414268,0.0018162634809416934
157640.0,-0.0008435833425666161,0.0009747736262206214,0.0018183569687872376
157660.0,-0.0008435954888195249,0.0009768478254109955,0.0018204433142305204
157680.0,-0.0008436076119589464,0.000978914849287052,0.0018225224612459985
157700.0,-0.0008436197119848335,0.0009809746418232932,0.0018245943538081266
157720.0,-0.0008436317888971392,0.0009830271469942232,0.0018266589358913623
157740.0,-0.0008436438426958164,0.0009850723087743447,0.001828716151470161
157760.0,-0.0008436558733808182,0.0009871100711381603,0.0018307659445189785
157780.0,-0.0008436678809520977,0.0009891403780601731,0.0018328082590122708
157800.0,-0.0008436798654096079,0.0009911631735148867,0.0018348430389244946
157820.0,-0.0008436918267533018,0.0009931784014768036,0.0018368702282301054
157840.0,-0.0008437037649831323,0.000995186005920427,0.0018388897709035593
157860.0,-0.0008437156800990526,0.00099718593082026,0.0018409016109193128
157880.0,-0.0008437275721010159,0.0009991781201508054,0.0018429056922518213
157900.0,-0.0008437394409889748,0.0010011625178865664,0.0018449019588755412
157920.0,-0.0008437512867628823,0.001003139068002046,0.0018468903547649283
157940.0,-0.000843763109422692,0.0010051077144717468,0.0018488708238944389
157960.0,-0.0008437749089683564,0.0010070684012701732,0.0018508433102385295
157980.0,-0.0008437866853998288,0.0010090210723718261,0.001852807757771655
158000.0,-0.0008437984387170619,0.0010109656717512106,0.0018547641104682726
158020.0,-0.0008438101689200091,0.0010129021433828282,0.0018567123123028372
158040.0,-0.0008438218760086233,0.0010148304312411827,0.001858652307249806
158060.0,-0.0008438335599828573,0.0010167504793007767,0.0018605840392836338
158080.0,-0.0008438452208426643,0.001018662231536114,0.0018625074523787783
158100.0,-0.0008438568585879975,0.0010205656319216966,0.0018644224905096942
158120.0,-0.0008438684732188096,0.0010224606244320282,0.0018663290976508378
158140.0,-0.000843880064735054,0.0010243471530416118,0.0018682272177766657
158160.0,-0.0008438916331366833,0.00102622516172495,0.0018701167948616333
158180.0,-0.0008439031784236507,0.0010280945944565463,0.001871997772880197
158200.0,-0.0008439147005959094,0.0010299553952109034,0.0018738700958068127
158220.0,-0.000843926199653412,0.0010318075079625243,0.0018757337076159364
158240.0,-0.000843937675596112,0.0010336508766859123,0.0018775885522820243
158260.0,-0.0008439491284239621,0.0010354854453555704,0.0018794345737795325
158280.0,-0.0008439605581369155,0.0010373111579460013,0.0018812717160829168
158300.0,-0.0008439719647349252,0.0010391279584317085,0.0018830999231666337
158320.0,-0.000843983348217944,0.0010409357907871944,0.0018849191390051384
158340.0,-0.0008439947085859253,0.0010427345989869625,0.001886729307572888
158360.0,-0.0008440060458388219,0.001044524327005516,0.001888530372844338
158380.0,-0.0008440173599765868,0.0010463049188173573,0.0018903222787939441
158400.0,-0.0008440286509991731,0.0010480763183969895,0.0018921049693961627
158420.0,-0.0008440399189065339,0.0010498384697189163,0.0018938783886254503
158440.0,-0.0008440511636986219,0.0010515913167576402,0.0018956424804562621
158460.0,-0.0008440623853753905,0.0010533348034876644,0.0018973971888630549
158480.0,-0.0008440735839367925,0.0010550688738834918,0.0018991424578202842
158500.0,-0.0008440847593827811,0.0010567934719196254,0.0019008782313024064
158520.0,-0.000844095911713309,0.0010585085415705682,0.0019026044532838772
158540.0,-0.0008441070409283296,0.0010602140268108236,0.0019043210677391533
158560.0,-0.0008441181470277958,0.0010619098716148944,0.0019060280186426902
158580.0,-0.0008441292300116604,0.0010635960199572832,0.0019077252499689436
158600.0,-0.0008441402898798767,0.0010652724158124935,0.00190941270569237
158620.0,-0.0008441513266323977,0.0010669390031550286,0.0019110903297874264
158640.0,-0.0008441623402691763,0.0010685957259593906,0.001912758066228567
158660.0,-0.0008441733307901656,0.0010702425282000834,0.001914415858990249
158680.0,-0.0008441842981953186,0.0010718793538516094,0.0019160636520469281
158700.0,-0.0008441952424845882,0.0010735061468884724,0.0019177013893730607
158720.0,-0.0008442061636579277,0.0010751228512851745,0.0019193290149431023
158740.0,-0.00084421706171529,0.0010767294110162196,0.0019209464727315095
158760.0,-0.000844227936656628,0.0010783257700561098,0.0019225537067127378
158780.0,-0.0008442387884818949,0.001079911872379349,0.0019241506608612437
158800.0,-0.0008442496171910434,0.0010814876619604395,0.001925737279151483
158820.0,-0.0008442604227840271,0.0010830530827738848,0.0019273135055579119
158840.0,-0.0008442712052607985,0.0010846080787941877,0.0019288792840549862
158860.0,-0.0008442819646213107,0.0010861525939958516,0.0019304345586171623
158880.0,-0.0008442927008655171,0.0010876865723533787,0.0019319792732188958
158900.0,-0.0008443034139933703,0.0010892099578412731,0.0019335133718346434
158920.0,-0.0008443141040048236,0.0010907226944340369,0.0019350367984388604
158940.0,-0.0008443247708998298,0.0010922247261061738,0.0019365494970060037
158960.0,-0.000844335414678342,0.0010937159968321866,0.0019380514115105284
158980.0,-0.0008443460353403133,0.001095196450586578,0.0019395424859268912
159000.0,-0.0008443566328856966,0.0010966660313438512,0.0019410226642295478
159020.0,-0.0008443672073144452,0.0010981246830785096,0.0019424918903929549
159040.0,-0.0008443777586265116,0.0010995723497650557,0.0019439501083915673
159060.0,-0.0008443882868218494,0.0011010089753779927,0.001945397262199842
159080.0,-0.0008443987919004113,0.0011024345038918237,0.0019468332957922351
159100.0,-0.0008444092738621504,0.0011038488792810518,0.0019482581531432021
159120.0,-0.0008444197327070197,0.00110525204552018,0.0019496717782271997
159140.0,-0.0008444301684349723,0.001106643946583711,0.0019510741150186833
159160.0,-0.0008444405810459609,0.0011080245264461482,0.001952465107492109
159180.0,-0.0008444509705399392,0.0011093937290819946,0.001953844699621934
159200.0,-0.0008444613369168596,0.001110751498465753,0.0019552128353826125
159220.0,-0.0008444716801766751,0.0011120977785719266,0.0019565694587486016
159240.0,-0.0008444820003193393,0.0011134325133750182,0.0019579145136943577
159260.0,-0.0008444922973448048,0.0011147556468495312,0.001959247944194336
159280.0,-0.0008445025712530246,0.0011160671229699683,0.001960569694222993
159300.0,-0.0008445128220439519,0.0011173668857108326,0.0019618797077547846
159320.0,-0.0008445230497175396,0.0011186548790466275,0.001963177928764167
159340.0,-0.0008445332542737408,0.0011199310469518554,0.001964464301225596
159360.0,-0.0008445434357125084,0.0011211953334010196,0.001965738769113528
159380.0,-0.0008445535940337956,0.0011224476823686231,0.0019670012764024187
159400.0,-0.0008445637292375554,0.0011236880378291693,0.0019682517670667247
159420.0,-0.0008445738413237406,0.0011249163437571602,0.001969490185080901
159440.0,-0.0008445839302923047,0.0011261325441271,0.0019707164744194048
159460.0,-0.0008445939961432001,0.0011273365829134912,0.0019719305790566913
159480.0,-0.0008446040388763802,0.0011285284040908371,0.0019731324429672174
159500.0,-0.0008446140584917979,0.00112970795163364,0.001974322010125438
159520.0,-0.0008446240549894065,0.0011308751695164037,0.00197549922450581
159540.0,-0.0008446340283691586,0.0011320300017136306,0.001976664030082789
159560.0,-0.0008446439786310076,0.0011331723921998245,0.001977816370830832
159580.0,-0.000844653905774906,0.0011343022849494874,0.0019789561907243933
159600.0,-0.0008446638098008076,0.0011354196239371235,0.001980083433737931
159620.0,-0.0008446736907086648,0.0011365243531372348,0.0019811980438458996
159640.0,-0.0008446835484984307,0.0011376164165243252,0.001982299965022756
159660.0,-0.0008446933831700587,0.0011386957580728967,0.001983389141242955
159680.0,-0.0008447031947235015,0.0011397623217574535,0.0019844655164809547
159700.0,-0.0008447129831587122,0.0011408160515524977,0.00198552903471121
159720.0,-0.0008447227484756436,0.0011418568914325327,0.0019865796399081764
159740.0,-0.000844732490674249,0.0011428847853720615,0.0019876172760463105
159760.0,-0.0008447422097544815,0.001143899677345587,0.0019886418871000685
159780.0,-0.0008447519057162939,0.0011449015113276122,0.001989653417043906
159800.0,-0.0008447615785596394,0.0011458902312926405,0.00199065180985228
159820.0,-0.0008447712282844709,0.0011468657812151745,0.0019916370094996455
159840.0,-0.0008447808548907413,0.0011478281050697175,0.0019926089599604587
159860.0,-0.0008447904583784039,0.0011487771468307725,0.0019935676052091765
159880.0,-0.0008448000387474116,0.0011497128504728423,0.001994512889220254
159900.0,-0.0008448095959977174,0.00115063515997043,0.0019954447559681473
159920.0,-0.0008448191301292743,0.0011515440192980389,0.001996363149427313
159940.0,-0.0008448286411420355,0.0011524393724301714,0.0019972680135722067
159960.0,-0.0008448381290359538,0.0011533211633413315,0.0019981592923772854
159980.0,-0.0008448475938109823,0.0011541893360060213,0.001999036929817004
160000.0,-0.000844857039854559,0.0011550503844677416,0.001999907424322301
160020.0,-0.0008448664715541404,0.0011559108248659392,0.0020007772964200795
160040.0,-0.0008448758889097073,0.001156770634319034,0.0020016465232287413
160060.0,-0.0008448852919212407,0.001157629789945446,0.002002515081866687
160080.0,-0.0008448946805887215,0.0011584882688635944,0.002003382949452316
160100.0,-0.0008449040549121306,0.0011593460481918998,0.0020042501031040305
160120.0,-0.0008449134148914486,0.0011602031050487811,0.0020051165199402297
160140.0,-0.000844922760526657,0.0011610594165526588,0.0020059821770793155
160160.0,-0.0008449320918177361,0.0011619149598219528,0.002006847051639689
160180.0,-0.000844941408764667,0.0011627697119750825,0.0020077111207397495
160200.0,-0.0008449507113674307,0.0011636236501304678,0.0020085743614978984
160220.0,-0.0008449599996260079,0.0011644767514065286,0.0020094367510325364
160240.0,-0.0008449692735403798,0.001165328992921685,0.002010298266462065
160260.0,-0.0008449785331105269,0.0011661803517943562,0.002011158884904883
160280.0,-0.0008449877783364302,0.0011670308051429628,0.0020120185834793932
160300.0,-0.0008449970092180709,0.0011678803300859237,0.0020128773393039943
160320.0,-0.0008450062257554295,0.0011687289037416594,0.002013735129497089
160340.0,-0.000845015427948487,0.0011695765032285895,0.0020145919311770765
160360.0,-0.0008450246157972245,0.0011704231056651338,0.0020154477214623582
160380.0,-0.0008450337893016226,0.0011712686881697122,0.002016302477471335
160400.0,-0.0008450429484616623,0.0011721132278607446,0.002017156176322407
160420.0,-0.0008450520932773246,0.0011729567018566507,0.002018008795133975
160440.0,-0.0008450612237485903,0.00117379908727585,0.0020188603110244405
160460.0,-0.0008450703398754402,0.0011746403612367627,0.002019710701112203
160480.0,-0.0008450794416578554,0.0011754805008578088,0.0020205599425156644
160500.0,-0.0008450885290958166,0.0011763194832574077,0.002021408012353224
160520.0,-0.0008450976021893048,0.0011771572855539796,0.0020222548877432845
160540.0,-0.0008451066609383008,0.001177993884865944,0.0020231005458042446
160560.0,-0.0008451157053427857,0.0011788292583117207,0.0020239449636545066
160580.0,-0.0008451247354027401,0.0011796633830097297,0.0020247881184124695
160600.0,-0.000845133751118145,0.0011804962360783908,0.0020256299871965356
160620.0,-0.0008451427524889815,0.0011813277946361239,0.0020264705471251055
160640.0,-0.0008451517395152301,0.0011821580358013484,0.0020273097753165784
160660.0,-0.000845160712196872,0.0011829869366924844,0.0020281476488893564
160680.0,-0.000845169670533888,0.001183814474427952,0.00202898414496184
160700.0,-0.0008451786145262589,0.0011846406261261707,0.00202981924065243
160720.0,-0.0008451875441739657,0.0011854653689055603,0.002030652913079526
160740.0,-0.0008451964594769893,0.0011862886798845408,0.00203148513936153
160760.0,-0.0008452053604353106,0.001187110536181532,0.0020323158966168427
160780.0,-0.0008452142470489105,0.0011879309149149535,0.002033145161963864
160800.0,-0.0008452231193177698,0.0011887497932032251,0.0020339729125209947
160820.0,-0.0008452319772418693,0.001189567148164767,0.0020347991254066364
160840.0,-0.0008452408208211902,0.0011903829569179986,0.002035623777739189
160860.0,-0.0008452496500557131,0.00119119719658134,0.002036446846637053
160880.0,-0.0008452584649454191,0.0011920098442732112,0.0020372683092186304
160900.0,-0.0008452672654902888,0.0011928208771120313,0.00203808814260232
160920.0,-0.0008452760516903036,0.0011936302722162207,0.002038906323906524
160940.0,-0.0008452848235454438,0.0011944380067041992,0.0020397228302496432
160960.0,-0.0008452935810556906,0.0011952440576943864,0.002040537638750077
160980.0,-0.0008453023242210251,0.001196048402305202,0.002041350726526227
161000.0,-0.0008453110530414278,0.0011968510176550665,0.0020421620706964944
161020.0,-0.0008453197675168797,0.001197651880862399,0.0020429716483792784
161040.0,-0.0008453284676473616,0.0011984509690456198,0.002043779436692981
161060.0,-0.0008453371534328547,0.0011992482593231482,0.002044585412756003
161080.0,-0.0008453458248733397,0.0012000437288134044,0.002045389553686744
161100.0,-0.0008453544819687975,0.0012008373546348082,0.002046191836603606
161120.0,-0.000845363124719209,0.0012016291139057794,0.0020469922386249883
161140.0,-0.0008453717531245552,0.0012024189837447378,0.002047790736869293
161160.0,-0.0008453803671848168,0.001203206941270103,0.0020485873084549197
161180.0,-0.0008453889668999748,0.0012039929636002951,0.00204938193050027
161200.0,-0.00084539755227001,0.0012047770278537336,0.0020501745801237434
161220.0,-0.0008454061232949032,0.001205559111148839,0.0020509652344437423
161240.0,-0.0008454146799746357,0.0012063391906040302,0.002051753870578666
161260.0,-0.0008454232223091881,0.0012071172433377277,0.002052540465646916
161280.0,-0.0008454317502985413,0.0012078932464683514,0.0020533249967668926
161300.0,-0.0008454402639426761,0.0012086671771143205,0.002054107441056997
161320.0,-0.0008454487632415736,0.0012094390123940553,0.0020548877756356287
161340.0,-0.0008454572481952146,0.001210208729425975,0.0020556659776211897
161360.0,-0.00084546571880358,0.0012109763053285004,0.0020564420241320804
161380.0,-0.0008454741750666508,0.0012117417172200506,0.0020572158922867014
161400.0,-0.0008454826169844076,0.0012125049422190457,0.0020579875592034533
161420.0,-0.0008454910445568315,0.001213265957443905,0.0020587570020007364
161440.0,-0.0008454994577839033,0.0012140247400130493,0.0020595241977969525
161460.0,-0.0008455078566656041,0.0012147812670448975,0.0020602891237105018
161480.0,-0.0008455162412019145,0.0012155355156578701,0.0020610517568597844
161500.0,-0.0008455246113928157,0.0012162874629703866,0.0020618120743632023
161520.0,-0.0008455329672382883,0.0012170370861008667,0.002062570053339155
161540.0,-0.0008455413087383132,0.0012177843621677302,0.0020633256709060434
161560.0,-0.0008455496358928716,0.0012185292682893973,0.002064078904182269
161580.0,-0.0008455579487019442,0.0012192717815842876,0.002064829730286232
161600.0,-0.0008455662471655118,0.0012200118791708206,0.0020655781263363322
161620.0,-0.0008455745312835553,0.0012207495381674168,0.0020663240694509723
161640.0,-0.0008455828010560559,0.0012214847356924955,0.0020670675367485515
161660.0,-0.000845591056482994,0.0012222174488644765,0.0020678085053474704
161680.0,-0.0008455992975643509,0.00122294765480178,0.002068546952366131
161700.0,-0.0008456075243001074,0.0012236753306228254,0.0020692828549229328
161720.0,-0.0008456157366902443,0.001224400453446033,0.0020700161901362774
161740.0,-0.0008456239347347424,0.001225123000389822,0.002070746935124564
161760.0,-0.0008456321184335827,0.0012258429485726126,0.0020714750670061954
161780.0,-0.0008456402877867463,0.001226560275112825,0.0020722005628995713
161800.0,-0.0008456484427942137,0.001227274957128878,0.002072923399923092
161820.0,-0.0008456565834559661,0.0012279869717391925,0.0020736435551951585
161840.0,-0.0008456647097719842,0.0012286962960621874,0.0020743610058341715
161860.0,-0.000845672821742249,0.001229402907216283,0.002075075728958532
161880.0,-0.0008456809193667414,0.0012301067823198995,0.002075787701686641
161900.0,-0.0008456890026454423,0.001230807898491456,0.0020764969011368983
161920.0,-0.0008456970715783324,0.0012315062328493726,0.002077203304427705
161940.0,-0.0008457051261653928,0.001232201762512069,0.0020779068886774615
161960.0,-0.0008457131664066043,0.0012328944645979654,0.0020786076310045695
161980.0,-0.0008457211923019479,0.0012335843162254812,0.002079305508527429
162000.0,-0.0008457292038514043,0.0012342712945130362,0.0020800004983644407
162020.0,-0.0008457372010549545,0.001234955376579051,0.0020806925776340056
162040.0,-0.0008457451839125795,0.0012356365395419441,0.0020813817234545235
162060.0,-0.00084575315242426,0.0012363147605201363,0.0020820679129443962
162080.0,-0.0008457611065899771,0.0012369900166320474,0.0020827511232220245
162100.0,-0.0008457690464097114,0.0012376622849960967,0.002083431331405808
162120.0,-0.000845776971883444,0.0012383315427307042,0.002084108514614148
162140.0,-0.0008457848830111558,0.0012389977669542904,0.0020847826499654463
162160.0,-0.0008457927797928275,0.0012396609347852738,0.0020854537145781013
162180.0,-0.0008458006622284401,0.0012403210233420754,0.0020861216855705155
162200.0,-0.0008458085303179747,0.0012409780097431143,0.002086786540061089
162220.0,-0.000845816384061412,0.0012416318711068108,0.002087448255168223
162240.0,-0.0008458242234587328,0.0012422825845515844,0.0020881068080103172
162260.0,-0.0008458320485099181,0.0012429301271958551,0.0020887621757057734
162280.0,-0.0008458398592149489,0.0012435744761580424,0.002089414335372991
162300.0,-0.0008458476555738059,0.0012442156085565666,0.0020900632641303726
162320.0,-0.00084585543758647,0.0012448535015098473,0.0020907089390963174
162340.0,-0.0008458632052529223,0.0012454881321363044,0.0020913513373892268
162360.0,-0.0008458709585731435,0.0012461194775543576,0.002091990436127501
162380.0,-0.0008458786975471144,0.001246747514882426,0.0020926262124295403
162400.0,-0.0008458864221748161,0.0012473722212389309,0.002093258643413747
162420.0,-0.0008458941324562294,0.0012479935737422913,0.0020938877061985207
162440.0,-0.0008459018283913354,0.001248611549510927,0.0020945133779022625
162460.0,-0.0008459095099801146,0.0012492261256632578,0.0020951356356433723
162480.0,-0.0008459171772225481,0.0012498372793177037,0.002095754456540252
162500.0,-0.0008459248301186169,0.0012504449875926846,0.0020963698177113013
162520.0,-0.0008459324686683017,0.0012510492276066201,0.0020969816962749218
162540.0,-0.0008459400928715835,0.00125164997647793,0.0020975900693495134
162560.0,-0.0008459477027284431,0.0012522472113250342,0.0020981949140534773
162580.0,-0.0008459552982388616,0.0012528409092663528,0.0020987962075052144
162600.0,-0.0008459628794028196,0.001253431047420305,0.0020993939268231245
162620.0,-0.0008459704462202982,0.0012540176029053112,0.0020999880491256095
162640.0,-0.0008459779986912781,0.0012546005528397905,0.0021005785515310687
162660.0,-0.0008459855368157405,0.0012551798743421637,0.002101165411157904
162680.0,-0.000845993060593666,0.00125575554453085,0.002101748605124516
162700.0,-0.0008460005700250356,0.0012563275405242694,0.002102328110549305
162720.0,-0.0008460080651098302,0.0012568958394408416,0.002102903904550672
162740.0,-0.0008460155458480306,0.0012574604183989864,0.002103475964247017
162760.0,-0.0008460230122396178,0.0012580212545171235,0.0021040442667567415
162780.0,-0.0008460304642845727,0.0012585783249136732,0.002104608789198246
162800.0,-0.0008460379019828762,0.001259131606707055,0.002105169508689931
162820.0,-0.0008460453253345091,0.0012596810770156887,0.002105726402350198
162840.0,-0.0008460527343394524,0.0012602267129579942,0.0021062794472974464
162860.0,-0.0008460601289976869,0.0012607684916523913,0.002106828620650078
162880.0,-0.0008460675093091935,0.0012613063902173,0.0021073738995264933
162900.0,-0.0008460748752739531,0.0012618403857711394,0.0021079152610450924
162920.0,-0.0008460822268919466,0.0012623704554323302,0.0021084526823242767
162940.0,-0.0008460895641631548,0.001262896576319292,0.002108986140482447
162960.0,-0.0008460968870875587,0.0012634187255504443,0.002109515612638003
162980.0,-0.0008461041956651393,0.001263936880244207,0.0021100410759093465
163000.0,-0.0008461114898958773,0.0012644510175190001,0.0021105625074148773
163020.0,-0.0008461187697797535,0.0012649611144932432,0.002111079884272997
163040.0,-0.0008461260353167491,0.0012654671482853566,0.002111593183602106
163060.0,-0.0008461332865068448,0.0012659690960137597,0.0021121023825206044
163080.0,-0.0008461405233500216,0.001266466934796872,0.0021126074581468935
163100.0,-0.0008461477458462603,0.0012669606417531141,0.0021131083875993743
163120.0,-0.0008461549539955417,0.0012674501940009054,0.0021136051479964473
163140.0,-0.0008461621477978469,0.0012679355686586655,0.0021140977164565123
163160.0,-0.0008461693272531567,0.0012684167428448148,0.0021145860700979716
163180.0,-0.0008461764923614519,0.0012688936936777724,0.002115070186039224
163200.0,-0.0008461836431227135,0.001269366398275959,0.0021155500413986726
163220.0,-0.0008461907795369225,0.0012698348337577936,0.002116025613294716
163240.0,-0.0008461979016040595,0.0012702989772416964,0.002116496878845756
163260.0,-0.0008462050093241056,0.001270758805846087,0.0021169638151701925
163280.0,-0.0008462121026970416,0.0012712142966893856,0.002117426399386427
163300.0,-0.0008462191817228485,0.001271665426890012,0.0021178846086128606
163320.0,-0.000846226246401507,0.0012721121735663852,0.002118338419967892
163340.0,-0.0008462332967329981,0.001272554513836926,0.002118787810569924
163360.0,-0.0008462403327173029,0.0012729924248200538,0.0021192327575373566
163380.0,-0.0008462473543544019,0.0012734258836341887,0.0021196732379885905
163400.0,-0.0008462543616442763,0.0012738548673977502,0.0021201092290420265
163420.0,-0.0008462613545869069,0.001274279353229158,0.002120540707816065
163440.0,-0.0008462683331822745,0.0012746993182468323,0.002120967651429107
163460.0,-0.00084627529743036,0.0012751147395691927,0.0021213900369995526
163480.0,-0.0008462822473311446,0.0012755255943146593,0.002121807841645804
163500.0,-0.0008462891828846086,0.0012759318596016513,0.00212222104248626
163520.0,-0.0008462961040907334,0.0012763335125485892,0.0021226296166393225
163540.0,-0.0008463030109494997,0.0012767305302738923,0.002123033541223392
163560.0,-0.0008463099034608885,0.001277122889895981,0.0021234327933568695
163580.0,-0.0008463167816248805,0.0012775105685332744,0.002123827350158155
163600.0,-0.0008463236454414567,0.0012778935433041929,0.0021242171887456496
163620.0,-0.000846330494910598,0.0012782717913271558,0.0021246022862377537
163640.0,-0.0008463373300322853,0.0012786452897205836,0.002124982619752869
163660.0,-0.0008463441508064995,0.0012790140156028955,0.002125358166409395
163680.0,-0.0008463509572332213,0.0012793779460925116,0.002125728903325733
163700.0,-0.000846357749312432,0.0012797370583078516,0.0021260948076202834
163720.0,-0.0008463645270441121,0.0012800913293673356,0.0021264558564114476
163740.0,-0.0008463712904282427,0.0012804407363893832,0.002126812026817626
163760.0,-0.0008463780394648045,0.0012807852564924141,0.0021271632959572184
163780.0,-0.0008463847741537787,0.0012811248667948482,0.0021275096409486267
163800.0,-0.0008463914944951458,0.0012814595444151054,0.0021278510389102514
163820.0,-0.000846398200488887,0.0012817892664716056,0.0021281874669604925
163840.0,-0.0008464048921349831,0.0012821140100827684,0.0021285189022177513
163860.0,-0.0008464115694334151,0.0012824337523670137,0.0021288453218004286
163880.0,-0.0008464182323841635,0.0012827484704427614,0.0021291667028269247
163900.0,-0.0008464248809872095,0.0012830581414284314,0.002129483022415641
163920.0,-0.0008464315152425342,0.0012833627424424434,0.0021297942576849775
163940.0,-0.000846438135150118,0.0012836622506032169,0.002130100385753335
163960.0,-0.0008464447407099423,0.0012839566430291722,0.0021304013837391144
163980.0,-0.0008464513319219876,0.001284245896838729,0.0021306972287607165
164000.0,-0.0008464579087862349,0.001284529989150307,0.002130987897936542
164020.0,-0.0008464644713026651,0.001284808897082326,0.0021312733683849913
164040.0,-0.000846471019471259,0.001285082597753206,0.002131553617224465
164060.0,-0.0008464775532919977,0.0012853510682813668,0.0021318286215733645
164080.0,-0.0008464840727648621,0.001285614285785228,0.00213209835855009
164100.0,-0.0008464905778898328,0.0012858722273832097,0.0021323628052730423
164120.0,-0.0008464970686668908,0.0012861248701937311,0.002132621938860622
164140.0,-0.0008465035450960172,0.001286372191335213,0.00213287573643123
164160.0,-0.0008465100071771927,0.0012866141679260745,0.002133124175103267
164180.0,-0.0008465164549103983,0.0012868507770847357,0.0021333672319951338
164200.0,-0.0008465228882956146,0.0012870819959296162,0.0021336048842252307
164220.0,-0.0008465293073328231,0.001287307801579136,0.0021338371089119593
164240.0,-0.000846535712022004,0.0012875281711517152,0.0021340638831737193
164260.0,-0.0008465421023631386,0.001287743081765773,0.0021342851841289114
164280.0,-0.0008465484783562076,0.0012879525105397296,0.0021345009888959375
164300.0,-0.0008465548400011922,0.0012881564345920047,0.0021347112745931968
164320.0,-0.000846561187298073,0.0012883548310410181,0.0021349160183390913
164340.0,-0.000846567520246831,0.0012885476770051899,0.002135115197252021
164360.0,-0.0008465738388474469,0.0012887349496029392,0.002135308788450386
164380.0,-0.0008465801430999018,0.001288916625952687,0.0021354967690525887
164400.0,-0.0008465864330041765,0.001289092683172852,0.0021356791161770286
164420.0,-0.0008465927085602521,0.0012892630983818547,0.0021358558069421068
164440.0,-0.0008465989697681092,0.0012894278486981145,0.0021360268184662237
164460.0,-0.0008466052166277289,0.0012895869112400512,0.00213619212786778
164480.0,-0.000846611449139092,0.001289740263126085,0.0021363517122651773
164500.0,-0.0008466176673021793,0.0012898878814746357,0.002136505548776815
164520.0,-0.0008466238711169718,0.0012900297434041228,0.0021366536145210947
164540.0,-0.0008466300605834504,0.0012901658260329662,0.0021367958866164165
164560.0,-0.0008466362357015959,0.0012902961064795858,0.0021369323421811816
164580.0,-0.0008466423964713895,0.0012904205618624017,0.002137062958333791
164600.0,-0.0008466485428928116,0.001290539169299833,0.0021371877121926447
164620.0,-0.0008466546749658434,0.0012906519059103002,0.0021373065808761435
164640.0,-0.0008466607926904658,0.0012907587488122227,0.0021374195415026884
164660.0,-0.0008466668960666596,0.0012908596751240206,0.00213752657119068
164680.0,-0.0008466729850944057,0.0012909546619641135,0.002137627647058519
164700.0,-0.000846679059773685,0.0012910436864509215,0.0021377227462246063
164720.0,-0.0008466851201044785,0.001291126725702864,0.0021378118458073424
164740.0,-0.0008466911660867668,0.0012912037568383612,0.0021378949229251282
164760.0,-0.0008466971977205311,0.0012912747569758327,0.002137971954696364
164780.0,-0.0008467032150057521,0.0012913397032336986,0.0021380429182394508
164800.0,-0.0008467092179424108,0.0012913985727303781,0.0021381077906727887
164820.0,-0.0008467152065304882,0.0012914513425842915,0.0021381665491147796
164840.0,-0.0008467211807699649,0.001291497989913859,0.002138219170683824
164860.0,-0.0008467271406608218,0.0012915384918374998,0.0021382656324983214
164880.0,-0.0008467330862030402,0.0012915728254736334,0.0021383059116766735
164900.0,-0.0008467390173966005,0.0012916009679406805,0.002138339985337281
164920.0,-0.000846744934241484,0.0012916228963570607,0.0021383678305985448
164940.0,-0.0008467508367376713,0.0012916385878411934,0.0021383894245788648
164960.0,-0.0008467567248851434,0.0012916480195114986,0.002138404744396642
164980.0,-0.0008467625986838812,0.001291651168486396,0.0021384137671702774
165000.0,-0.0008467684608568032,0.0012916500630378426,0.002138418523894646
165020.0,-0.0008467743141268347,0.0012916467585151609,0.0021384210726419954
165040.0,-0.0008467801584939673,0.0012916412726528196,0.002138421431146787
165060.0,-0.0008467859939581923,0.0012916336231852876,0.00213841961714348
165080.0,-0.0008467918205195013,0.0012916238278470335,0.002138415648366535
165100.0,-0.0008467976381778855,0.0012916119043725263,0.0021384095425504117
165120.0,-0.0008468034469333363,0.001291597870496235,0.002138401317429571
165140.0,-0.000846809246785845,0.0012915817439526278,0.0021383909907384726
165160.0,-0.0008468150377354035,0.0012915635424761737,0.0021383785802115774
165180.0,-0.0008468208197820027,0.0012915432838013418,0.0021383641035833444
165200.0,-0.0008468265929256342,0.0012915209856626006,0.0021383475785882347
165220.0,-0.0008468323571662894,0.0012914966657944188,0.0021383290229607084
165240.0,-0.0008468381125039597,0.0012914703419312653,0.002138308454435225
165260.0,-0.0008468438589386365,0.0012914420318076087,0.002138285890746245
165280.0,-0.0008468495964703112,0.0012914117531579183,0.0021382613496282294
165300.0,-0.0008468553250989751,0.001291379523716662,0.0021382348488156373
165320.0,-0.0008468610448246198,0.0012913453612183096,0.0021382064060429294
165340.0,-0.0008468667556472365,0.0012913092833973289,0.002138176039044565
165360.0,-0.0008468724575668167,0.0012912713079881895,0.002138143765555006
165380.0,-0.0008468781505833519,0.0012912314527253595,0.002138109603308711
165400.0,-0.0008468838346968335,0.0012911897353433083,0.0021380735700401417
165420.0,-0.0008468895099072527,0.001291146173576504,0.0021380356834837565
165440.0,-0.0008468951762146009,0.0012911007851594159,0.002137995961374017
165460.0,-0.0008469008336188697,0.0012910535878265126,0.002137954421445382
165480.0,-0.0008469064821200506,0.0012910045993122631,0.0021379110814323137
165500.0,-0.0008469121217181346,0.0012909538373511358,0.0021378659590692703
165520.0,-0.0008469177524131136,0.0012909013196775996,0.002137819072090713
165540.0,-0.0008469233742049786,0.0012908470640261233,0.002137770438231102
165560.0,-0.0008469289870937212,0.0012907910881311757,0.0021377200752248967
165580.0,-0.0008469345910793326,0.0012907334097272255,0.002137668000806558
165600.0,-0.0008469401861618045,0.001290674046548742,0.0021376142327105465
165620.0,-0.0008469457723411282,0.0012906130163301932,0.0021375587886713213
165640.0,-0.000846951349617295,0.001290550336806048,0.002137501686423343
165660.0,-0.0008469569179902965,0.0012904860257107755,0.002137442943701072
165680.0,-0.0008469624774601237,0.0012904201007788447,0.002137382578238968
165700.0,-0.0008469680280267684,0.0012903525797447234,0.002137320607771492
165720.0,-0.000846973569690222,0.0012902834803428815,0.0021372570500331036
165740.0,-0.0008469791024504757,0.0012902128203077872,0.002137191922758263
165760.0,-0.0008469846263075208,0.0012901406173739093,0.00213712524368143
165780.0,-0.0008469901412613491,0.0012900668892757165,0.0021370570305370654
165800.0,-0.0008469956473119518,0.001289991653747678,0.00213698730105963
165820.0,-0.0008470011444593202,0.0012899149285242621,0.0021369160729835823
165840.0,-0.0008470066327034459,0.0012898367313399378,0.002136843364043384
165860.0,-0.0008470121120443202,0.0012897570799291738,0.002136769191973494
165880.0,-0.0008470175824819345,0.001289675992026439,0.0021366935745083734
165900.0,-0.0008470230440162802,0.001289593485366202,0.0021366165293824823
165920.0,-0.0008470284966473487,0.0012895095776829318,0.0021365380743302805
165940.0,-0.0008470339403751315,0.0012894242867110969,0.0021364582270862282
165960.0,-0.0008470393751996199,0.0012893376301851664,0.0021363770053847864
165980.0,-0.0008470448011208052,0.0012892496258396088,0.002136294426960414
166000.0,-0.0008470502181386791,0.0012891602914088928,0.002136210509547572
166020.0,-0.0008470556262532329,0.0012890696446274876,0.0021361252708807206
166040.0,-0.0008470610254644578,0.0012889777032298615,0.002136038728694319
166060.0,-0.0008470664157723453,0.0012888844849504838,0.002135950900722829
166080.0,-0.0008470717971768869,0.0012887900075238229,0.00213586180470071
166100.0,-0.000847077169678074,0.0012886942886843472,0.0021357714583624212
166120.0,-0.0008470825332758979,0.0012885973461665265,0.0021356798794424244
166140.0,-0.0008470878879703502,0.0012884991977048289,0.002135587085675179
166160.0,-0.0008470932337614222,0.001288399861033723,0.0021354930947951453
166180.0,-0.0008470985706491051,0.0012882993538876782,0.0021353979245367833
166200.0,-0.0008471038986333906,0.0012881976940011626,0.002135301592634553
166220.0,-0.0008471092177142699,0.0012880948991086457,0.0021352041168229154
166240.0,-0.0008471145278917345,0.0012879909869445959,0.0021351055148363302
166260.0,-0.0008471198291657759,0.0012878859752434814,0.0021350058044092572
166280.0,-0.0008471251215363852,0.001287779881739772,0.0021349050032761574
166300.0,-0.0008471304050035541,0.001287672724167936,0.00213480312917149
166320.0,-0.0008471356795672739,0.001287564520262442,0.002134700199829716
166340.0,-0.000847140945227536,0.001287455287757759,0.002134596232985295
166360.0,-0.0008471462019843317,0.001287345044388356,0.0021344912463726875
166380.0,-0.0008471514498376527,0.0012872338078887013,0.002134385257726354
166400.0,-0.0008471566887874901,0.0012871215959932639,0.002134278284780754
166420.0,-0.0008471619188338355,0.0012870084264365127,0.0021341703452703482
166440.0,-0.0008471671399766802,0.0012868943169529164,0.0021340614569295966
166460.0,-0.0008471723522160156,0.0012867792852769438,0.0021339516374929593
166480.0,-0.0008471775555518332,0.0012866633491430634,0.002133840904694897
166500.0,-0.0008471827499841243,0.001286546526285744,0.0021337292762698685
166520.0,-0.0008471879355128803,0.0012864288344394549,0.002133616769952335
166540.0,-0.0008471931121380927,0.0012863102913386645,0.0021335034034767573
166560.0,-0.0008471982798597528,0.0012861909147178414,0.0021333891945775943
166580.0,-0.0008472034386778522,0.0012860707223114546,0.002133274160989307
166600.0,-0.000847208588592382,0.001285949731853973,0.002133158320446355
166620.0,-0.0008472137296033338,0.0012858279610798652,0.002133041690683199
166640.0,-0.000847218861710699,0.0012857054277236003,0.002132924289434299
166660.0,-0.0008472239849144688,0.0012855821495196462,0.002132806134434115
166680.0,-0.000847229099214635,0.0012854581442024728,0.002132687243417108
166700.0,-0.0008472342046111888,0.0012853334295065482,0.0021325676341177368
166720.0,-0.0008472393011041214,0.0012852080231663412,0.0021324473242704625
166740.0,-0.0008472443886934245,0.0012850819429163207,0.0021323263316097452
166760.0,-0.0008472494673790893,0.0012849552064909556,0.002132204673870045
166780.0,-0.0008472545371611073,0.0012848278316247145,0.0021320823687858217
166800.0,-0.0008472595980394701,0.0012846998360520662,0.0021319594340915363
166820.0,-0.0008472646500141687,0.0012845712375074796,0.0021318358875216485
166840.0,-0.0008472696930851948,0.0012844420537254232,0.0021317117468106182
166860.0,-0.0008472747272525396,0.001284312302440366,0.0021315870296929056
166880.0,-0.0008472797525161948,0.0012841820013867768,0.0021314617539029716
166900.0,-0.0008472847688761515,0.0012840511682991242,0.0021313359371752756
166920.0,-0.0008472897763324012,0.0012839198209118772,0.0021312095972442786
166940.0,-0.0008472947748849355,0.0012837879769595044,0.00213108275184444
166960.0,-0.0008472997645337454,0.0012836556541764748,0.00213095541871022
166980.0,-0.0008473047452788225,0.0012835228702972568,0.0021308276155760793
167000.0,-0.0008473097171201584,0.0012833896430563196,0.002130699360176478
167020.0,-0.0008473146800577443,0.0012832559901881314,0.0021305706702458758
167040.0,-0.0008473196340915716,0.0012831219294271619,0.0021304415635187337
167060.0,-0.0008473245792216318,0.001282987478507879,0.002130312057729511
167080.0,-0.0008473295154479164,0.0012828526551647518,0.002130182170612668
167100.0,-0.0008473344427704164,0.0012827174771322491,0.0021300519199026653
167120.0,-0.0008473393611891237,0.0012825819621448396,0.0021299213233339632
167140.0,-0.0008473442707040293,0.0012824461279369922,0.0021297903986410216
167160.0,-0.0008473491713151249,0.0012823099922431756,0.0021296591635583005
167180.0,-0.0008473540630224016,0.0012821735727978586,0.00212952763582026
167200.0,-0.0008473589458258511,0.0012820368873355096,0.0021293958331613607
167220.0,-0.0008473638197254648,0.0012818999535905982,0.002129263773316063
167240.0,-0.0008473686847212337,0.0012817627892975924,0.002129131474018826
167260.0,-0.0008473735408131497,0.0012816254121909615,0.0021289989530041114
167280.0,-0.0008473783880012038,0.001281487840005174,0.0021288662280063778
167300.0,-0.0008473832262853878,0.0012813500904746986,0.0021287333167600863
167320.0,-0.0008473880556656928,0.0012812121813340043,0.0021286002369996972
167340.0,-0.0008473928761421103,0.0012810741303175598,0.0021284670064596702
167360.0,-0.0008473976877146317,0.0012809359551598338,0.0021283336428744655
167380.0,-0.0008474024903832486,0.0012807976735952954,0.002128200163978544
167400.0,-0.0008474072841479521,0.0012806593033584128,0.002128066587506365
167420.0,-0.0008474120690087337,0.0012805208621836553,0.0021279329311923887
167440.0,-0.0008474168449655848,0.0012803823678054914,0.0021277992127710765
167460.0,-0.000847421612018497,0.0012802438379583899,0.002127665449976887
167480.0,-0.0008474263701674614,0.0012801052903768197,0.002127531660544281
167500.0,-0.0008474311194124695,0.0012799667427952494,0.002127397862207719
167520.0,-0.0008474358597535129,0.0012798282129481478,0.002127264072701661
167540.0,-0.0008474405911905828,0.001279689718569984,0.0021271303097605667
167560.0,-0.0008474453137236706,0.0012795512773952264,0.002126996591118897
167580.0,-0.0008474500273527675,0.001279412907158344,0.0021268629345111115
167600.0,-0.0008474547320778655,0.0012792746255938052,0.002126729357671671
167620.0,-0.0008474594278989556,0.0012791364504360794,0.002126595878335035
167640.0,-0.0008474641148160292,0.001278998399419635,0.002126462514235664
167660.0,-0.0008474687928290779,0.0012788604902789406,0.0021263292831080185
167680.0,-0.0008474734619380929,0.0012787227407484653,0.002126196202686558
167700.0,-0.0008474781221430657,0.0012785851685626778,0.0021260632907057434
167720.0,-0.0008474827734439876,0.0012784477914560466,0.002125930564900034
167740.0,-0.0008474874158408502,0.0012783106271630409,0.002125798043003891
167760.0,-0.0008474920493336447,0.0012781736934181294,0.0021256657427517743
167780.0,-0.0008474966739223627,0.0012780370079557804,0.002125533681878143
167800.0,-0.0008475012896069955,0.0012779005885104635,0.002125401878117459
167820.0,-0.0008475058963875343,0.0012777644528166466,0.002125270349204181
167840.0,-0.000847510494263971,0.0012776286186087994,0.0021251391128727704
167860.0,-0.0008475150832362965,0.0012774931036213897,0.0021250081868576863
167880.0,-0.0008475196633045024,0.0012773579255888868,0.002124877588893389
167900.0,-0.0008475242344685803,0.0012772231022457597,0.00212474733671434
167920.0,-0.0008475287967285212,0.0012770886513264767,0.002124617448054998
167940.0,-0.0008475333500843168,0.001276954590565507,0.0021244879406498236
167960.0,-0.0008475378945359585,0.0012768209376973188,0.0021243588322332773
167980.0,-0.0008475424300834377,0.0012766877104563815,0.0021242301405398193
168000.0,-0.0008475469567267457,0.0012765549265771636,0.0021241018833039094
168020.0,-0.0008475514744658739,0.0012764226037941338,0.0021239740782600077
168040.0,-0.0008475559833008138,0.001276290759841761,0.002123846743142575
168060.0,-0.0008475604832315568,0.001276159412454514,0.002123719895686071
168080.0,-0.0008475649742580941,0.0012760285793668614,0.0021235935536249553
168100.0,-0.0008475694563804173,0.001275898278313272,0.0021234677346936895
168120.0,-0.0008475739295985179,0.0012757685270282147,0.0021233424566267324
168140.0,-0.000847578393912387,0.0012756393432461583,0.0021232177371585453
168160.0,-0.0008475828493220163,0.0012755107447015718,0.002123093594023588
168180.0,-0.000847587295827397,0.0012753827491289232,0.00212297004495632
168200.0,-0.0008475917334285205,0.001275255374262682,0.0021228471076912025
168220.0,-0.0008475961621253784,0.0012751286378373168,0.0021227247999626954
168240.0,-0.0008476005819179621,0.0012750025575872961,0.0021226031395052583
168260.0,-0.0008476049928062627,0.0012748771512470893,0.002122482144053352
168280.0,-0.0008476093947902718,0.0012747524365511644,0.0021223618313414364
168300.0,-0.0008476137878699809,0.0012746284312339909,0.002122242219103972
168320.0,-0.0008476181720453814,0.0012745051530300368,0.002122123325075418
168340.0,-0.0008476225473164644,0.0012743826196737714,0.0021220051669902356
168360.0,-0.0008476269136832215,0.0012742608488996638,0.002121887762582885
168380.0,-0.0008476312711456443,0.0012741398584421818,0.0021217711295878263
168400.0,-0.0008476356197037239,0.001274019666035795,0.002121655285739519
168420.0,-0.000847639959357452,0.001273900289414972,0.002121540248772424
168440.0,-0.0008476442901068196,0.0012737817463141813,0.002121426036421001
168460.0,-0.0008476486119518184,0.001273664054467892,0.0021213126664197104
168480.0,-0.0008476529248924398,0.0012735472316105728,0.0021212001565030125
168500.0,-0.000847657228928675,0.0012734312954766924,0.0021210885244053674
168520.0,-0.0008476615240605157,0.0012733162638007194,0.002120977787861235
168540.0,-0.0008476658102879531,0.0012732021543171226,0.0021208679646050757
168560.0,-0.0008476700876109786,0.0012730889847603715,0.00212075907237135
168580.0,-0.0008476743560295838,0.0012729767728649338,0.0021206511288945178
168600.0,-0.0008476786155437599,0.001272865536365279,0.002120544151909039
168620.0,-0.0008476828661534983,0.0012727552929958758,0.002120438159149374
168640.0,-0.0008476871078587905,0.0012726460604911927,0.002120333168349983
168660.0,-0.000847691340659628,0.0012725378565856989,0.002120229197245327
168680.0,-0.000847695564556002,0.0012724306990138626,0.0021201262635698647
168700.0,-0.0008476997795479039,0.001272324605510153,0.002120024385058057
168720.0,-0.0008477039856353253,0.0012722195938090386,0.002119923579444364
168740.0,-0.0008477081828182574,0.0012721156816449884,0.0021198238644632456
168760.0,-0.0008477123710966917,0.001272012886752471,0.002119725257849163
168780.0,-0.0008477165504706196,0.0012719112268659556,0.002119627777336575
168800.0,-0.0008477207209400324,0.0012718107197199106,0.002119531440659943
168820.0,-0.0008477248825049218,0.0012717113830488047,0.0021194362655537263
168840.0,-0.000847729035165279,0.001271613234587107,0.002119342269752386
168860.0,-0.0008477331789210952,0.0012715162920692855,0.0021192494709903805
168880.0,-0.0008477373137723623,0.00127142057322981,0.0021191578870021722
168900.0,-0.0008477414397190712,0.001271326095803149,0.00211906753552222
168920.0,-0.0008477455567612137,0.0012712328775237708,0.0021189784342849844
168940.0,-0.000847749664898781,0.001271140936126145,0.002118890601024926
168960.0,-0.0008477537641317645,0.0012710502893447393,0.0021188040534765038
168980.0,-0.0008477578544601556,0.001270960954914023,0.0021187188093741787
169000.0,-0.0008477619358839458,0.0012708729505684657,0.0021186348864524114
169020.0,-0.0008477660084031264,0.0012707862940425346,0.002118552302445661
169040.0,-0.0008477700720176889,0.0012707010030706997,0.0021184710750883884
169060.0,-0.0008477741267276245,0.0012706170953874292,0.0021183912221150536
169080.0,-0.0008477781725329249,0.001270534588727192,0.002118312761260117
169100.0,-0.0008477822094335813,0.0012704535008244567,0.002118235710258038
169120.0,-0.0008477862374295852,0.0012703738494136926,0.002118160086843278
169140.0,-0.0008477902565209279,0.0012702956522293682,0.002118085908750296
169160.0,-0.000847794266707601,0.001270218927005952,0.002118013193713553
169180.0,-0.0008477982679895958,0.0012701436914779134,0.0021179419594675093
169200.0,-0.0008478022603669036,0.0012700699633797204,0.002117872223746624
169220.0,-0.000847806243839516,0.0012699977604458423,0.002117804004285358
169240.0,-0.0008478102184074241,0.0012699271004107475,0.0021177373188181717
169260.0,-0.0008478141840706197,0.0012698580010089054,0.002117672185079525
169280.0,-0.0008478181408290939,0.0012697904799747841,0.002117608620803878
169300.0,-0.0008478220886828382,0.001269724555042853,0.0021175466437256913
169320.0,-0.000847826027631844,0.0012696602439475804,0.0021174862715794243
169340.0,-0.0008478299576761026,0.001269597564423435,0.0021174275220995375
169360.0,-0.0008478338788156058,0.001269536534204886,0.002117370413020492
169380.0,-0.0008478377910503445,0.001269477171026402,0.0021173149620767467
169400.0,-0.0008478416943803102,0.0012694194926224517,0.002117261187002762
169420.0,-0.0008478455888054947,0.0012693635167275036,0.0021172091055329982
169440.0,-0.000847849474325889,0.0012693092610760273,0.0021171587354019165
169460.0,-0.0008478533509414847,0.001269256743402491,0.0021171100943439755
169480.0,-0.0008478572186522732,0.0012692059814413633,0.0021170632000936367
169500.0,-0.0008478610774582456,0.0012691569929271134,0.002117018070385359
169520.0,-0.0008478649273593937,0.00126910979559421,0.002116974722953604
169540.0,-0.0008478687683557089,0.0012690644071771215,0.0021169331755328306
169560.0,-0.0008478726004471823,0.001269020845410317,0.0021168934458574993
169580.0,-0.0008478764236338055,0.0012689791280282654,0.002116855551662071
169600.0,-0.0008478802379155698,0.0012689392727654354,0.002116819510681005
169620.0,-0.0008478840432924666,0.0012689012973562954,0.002116785340648762
169640.0,-0.0008478878397644876,0.0012688652195353147,0.0021167530592998023
169660.0,-0.0008478916273316239,0.0012688310570369617,0.002116722684368586
169680.0,-0.0008478954059938669,0.0012687988275957055,0.0021166942335895723
169700.0,-0.0008478991757512081,0.0012687685489460145,0.0021166677246972224
169720.0,-0.0008479029366036388,0.0012687402388223577,0.0021166431754259963
169740.0,-0.0008479066885511506,0.001268713914959204,0.0021166206035103546
169760.0,-0.0008479104315937347,0.001268689595091022,0.0021166000266847566
169780.0,-0.0008479141657313828,0.0012686672969522803,0.0021165814626836633
169800.0,-0.0008479178909640859,0.001268647038277448,0.002116564929241534
169820.0,-0.0008479216072918357,0.0012686288368009937,0.0021165504440928294
169840.0,-0.0008479253147146236,0.0012686127102573865,0.00211653802497201
169860.0,-0.0008479290132324408,0.0012685986763810945,0.0021165276896135355
169880.0,-0.0008479327028452789,0.0012685867529065873,0.0021165194557518662
169900.0,-0.0008479363835531292,0.0012685769575683328,0.0021165133411214622
169920.0,-0.0008479400553559831,0.0012685693081008005,0.0021165093634567837
169940.0,-0.000847943718253832,0.0012685638222384586,0.002116507540492291
169960.0,-0.0008479473722466675,0.0012685605177157767,0.002116507889962444
169980.0,-0.0008479510173344806,0.0012685594122672228,0.0021165104296017034
170000.0,-0.0008479546552071093,0.0012685629913873054,0.0021165176465944148
170020.0,-0.0008479582875543945,0.001268573711606556,0.0021165319991609506
170040.0,-0.0008479619143763324,0.0012685915472134765,0.002116553461589809
170060.0,-0.0008479655356729197,0.001268616472496569,0.0021165820081694886
170080.0,-0.0008479691514441524,0.0012686484617443357,0.002116617613188488
170100.0,-0.0008479727616900271,0.001268687489245279,0.002116660250935306
170120.0,-0.0008479763664105402,0.0012687335292879008,0.0021167098956984412
170140.0,-0.000847979965605688,0.0012687865561607028,0.002116766521766391
170160.0,-0.0008479835592754666,0.001268846544152188,0.0021168301034276546
170180.0,-0.000847987147419873,0.001268913467550858,0.002116900614970731
170200.0,-0.000847990730038903,0.0012689873006452147,0.002116978030684118
170220.0,-0.0008479943071325531,0.001269068017723761,0.002117062324856314
170240.0,-0.0008479978787008201,0.0012691555930749985,0.0021171534717758186
170260.0,-0.0008480014447436999,0.0012692500009874293,0.002117251445731129
170280.0,-0.0008480050052611888,0.0012693512157495558,0.0021173562210107444
170300.0,-0.0008480085602532836,0.0012694592116498798,0.0021174677719031634
170320.0,-0.0008480121097199805,0.001269573962976904,0.0021175860726968844
170340.0,-0.0008480156536612757,0.0012696954440191298,0.0021177110976804054
170360.0,-0.0008480191920771657,0.0012698236290650598,0.0021178428211422254
170380.0,-0.0008480227249676469,0.001269958492403196,0.002117981217370843
170400.0,-0.0008480262523327157,0.0012701000083220405,0.002118126260654756
170420.0,-0.0008480297741723683,0.0012702481511100957,0.002118277925282464
170440.0,-0.0008480332904866013,0.0012704028950558633,0.0021184361855424647
170460.0,-0.0008480368012754111,0.001270564214447846,0.0021186010157232572
170480.0,-0.0008480403065387937,0.0012707320835745452,0.002118772390113339
170500.0,-0.0008480438062767459,0.0012709064767244638,0.00211895028300121
170520.0,-0.0008480473004892639,0.001271087368186103,0.0021191346686753668
170540.0,-0.000848050789176344,0.0012712747322479662,0.00211932552142431
170560.0,-0.0008480542723379826,0.0012714685431985545,0.002119522815536537
170580.0,-0.0008480577499741762,0.00127166877532637,0.0021197265253005463
170600.0,-0.0008480612220849211,0.0012718754029199157,0.0021199366250048367
170620.0,-0.0008480646886702136,0.0012720884002676931,0.0021201530889379066
170640.0,-0.0008480681497300502,0.0012723077416582046,0.0021203758913882547
170660.0,-0.0008480716052644272,0.0012725334013799518,0.002120605006644379
170680.0,-0.0008480750552733408,0.0012727653537214375,0.0021208404089947783
170700.0,-0.0008480784997567878,0.0012730035729711636,0.002121082072727951
170720.0,-0.0008480819387147643,0.001273248033417632,0.002121329972132396
170740.0,-0.0008480853721472667,0.0012734987093493452,0.0021215840814966117
170760.0,-0.0008480888000542913,0.001273755575054805,0.0021218443751090965
170780.0,-0.0008480922224358346,0.001274018604822514,0.0021221108272583486
170800.0,-0.000848095639291893,0.0012742877729409736,0.0021223834122328666
170820.0,-0.0008480990506224625,0.0012745630536986866,0.002122662104321149
170840.0,-0.0008481024564275402,0.0012748444213841548,0.002122946877811695
170860.0,-0.0008481058567071217,0.0012751318502858806,0.0021232377069930024
170880.0,-0.000848109251461204,0.0012754253146923659,0.00212353456615357
170900.0,-0.0008481126406897831,0.0012757247888921129,0.002123837429581896
170920.0,-0.0008481160243928555,0.0012760302471736236,0.002124146271566479
170940.0,-0.0008481194025704173,0.0012763416638254005,0.002124461066395818
170960.0,-0.0008481227752224653,0.0012766590131359453,0.0021247817883584107
170980.0,-0.0008481261423489958,0.0012769822693937602,0.002125108411742756
171000.0,-0.000848129503950005,0.0012773114068873478,0.0021254409108373527
171020.0,-0.0008481328600254892,0.0012776463999052095,0.002125779259930699
171040.0,-0.000848136210575445,0.0012779872227358482,0.0021261234333112933
171060.0,-0.0008481395555998687,0.0012783338496677654,0.002126473405267634
171080.0,-0.0008481428950987567,0.0012786862549894636,0.0021268291500882203
171100.0,-0.0008481462290721052,0.0012790444129894447,0.00212719064206155
171120.0,-0.0008481495575199109,0.0012794082979562112,0.002127557855476122
171140.0,-0.0008481528804421697,0.0012797778841782648,0.0021279307646204348
171160.0,-0.0008481561978388785,0.001280153145944108,0.0021283093437829866
171180.0,-0.0008481595097100334,0.0012805340575422427,0.002128693567252276
171200.0,-0.0008481628160556309,0.001280920593261171,0.0021290834093168017
171220.0,-0.0008481661168756669,0.0012813127273893952,0.002129478844265062
171240.0,-0.0008481694121701386,0.0012817104342154172,0.0021298798463855557
171260.0,-0.0008481727019390416,0.0012821136880277397,0.0021302863899667814
171280.0,-0.0008481759861823727,0.001282522463114864,0.002130698449297237
171300.0,-0.0008481792649001282,0.001282936733765293,0.0021311159986654215
171320.0,-0.0008481825380923045,0.001283356474267528,0.0021315390123598328
171340.0,-0.0008481858057588978,0.001283781658910072,0.0021319674646689698
171360.0,-0.0008481890678999045,0.0012842122619814266,0.0021324013298813314
171380.0,-0.0008481923245153213,0.0012846482577700943,0.0021328405822854156
171400.0,-0.0008481955756051442,0.0012850896205645768,0.002133285196169721
171420.0,-0.0008481988211693698,0.0012855363246533768,0.0021337351458227466
171440.0,-0.0008482020612079943,0.0012859883443249957,0.0021341904055329902
171460.0,-0.0008482052957210143,0.0012864456538679364,0.0021346509495889505
171480.0,-0.0008482085247084258,0.0012869082275707004,0.0021351167522791264
171500.0,-0.0008482117481702255,0.00128737603972179,0.0021355877878920155
171520.0,-0.0008482149661064097,0.0012878490646097075,0.002136064030716117
171540.0,-0.0008482181785169747,0.0012883272765229553,0.00213654545503993
171560.0,-0.0008482213854019171,0.0012888106497500349,0.002137032035151952
171580.0,-0.0008482245867612331,0.0012892991585794487,0.0021375237453406816
171600.0,-0.0008482277825949189,0.0012897927772996989,0.0021380205598946177
171620.0,-0.0008482309729029711,0.0012902914801992875,0.0021385224531022587
171640.0,-0.000848234157685386,0.0012907952415667167,0.0021390293992521025
171660.0,-0.0008482373369421602,0.0012913040356904888,0.002139541372632649
171680.0,-0.0008482405106732897,0.001291817836859106,0.0021400583475323955
171700.0,-0.0008482436788787711,0.0012923366193610699,0.002140580298239841
171720.0,-0.0008482468415586007,0.001292860357484883,0.0021411071990434837
171740.0,-0.0008482499987127748,0.0012933890255190474,0.002141639024231822
171760.0,-0.00084825315034129,0.0012939225977520654,0.002142175748093355
171780.0,-0.0008482562964441425,0.0012944610484724387,0.002142717344916581
171800.0,-0.0008482594370213287,0.00129500435196867,0.0021432637889899986
171820.0,-0.0008482625720728448,0.0012955524825292609,0.0021438150546021057
171840.0,-0.0008482657015986876,0.0012961054144427135,0.0021443711160414013
171860.0,-0.0008482688255988533,0.0012966631219975308,0.0021449319475963843
171880.0,-0.000848271944073338,0.0012972255794822139,0.002145497523555552
171900.0,-0.0008482750570221384,0.0012977927611852655,0.002146067818207404
171920.0,-0.0008482781644452508,0.0012983646413951874,0.002146642805840438
171940.0,-0.0008482812663426714,0.0012989411944004823,0.0021472224607431535
171960.0,-0.0008482843627143968,0.0012995223944896517,0.0021478067572040485
171980.0,-0.0008482874535604231,0.0013001082159511978,0.002148395669511621
172000.0,-0.0008482905388807471,0.0013006986330736233,0.0021489891719543705
172020.0,-0.0008482936186753648,0.0013012936201454298,0.0021495872388207944
172040.0,-0.0008482966929442727,0.0013018931514551194,0.0021501898443993923
172060.0,-0.0008482997616874672,0.0013024972012911948,0.002150796962978662
172080.0,-0.0008483028249049446,0.0013031057439421576,0.0021514085688471023
172100.0,-0.0008483058825967013,0.00130371875369651,0.0021520246362932115
172120.0,-0.0008483089347627338,0.0013043362048427542,0.002152645139605488
172140.0,-0.0008483119814030382,0.0013049580716693928,0.002153270053072431
172160.0,-0.0008483150225176112,0.001305584328464927,0.002153899350982538
172180.0,-0.000848318058106449,0.0013062149495178595,0.0021545330076243084
172200.0,-0.0008483210881695479,0.0013068499091166924,0.0021551709972862402
172220.0,-0.0008483241127069044,0.0013074891815499277,0.002155813294256832
172240.0,-0.000848327131718515,0.0013081327411060678,0.002156459872824583
172260.0,-0.0008483301452043757,0.0013087805620736147,0.0021571107072779904
172280.0,-0.000848333153164483,0.0013094326187410704,0.0021577657719055532
172300.0,-0.0008483361555988336,0.0013100888853969372,0.002158425040995771
172320.0,-0.0008483391525074235,0.0013107493363297168,0.0021590884888371405
172340.0,-0.0008483421438902491,0.001311413945827912,0.0021597560897181614
172360.0,-0.0008483451297473071,0.0013120826881800247,0.0021604278179273317
172380.0,-0.0008483481100785936,0.0013127555376745569,0.0021611036477531503
172400.0,-0.0008483510848841049,0.0013134324686000106,0.0021617835534841153
172420.0,-0.0008483540541638376,0.0013141134552448882,0.0021624675094087257
172440.0,-0.000848357017917788,0.0013147984718976918,0.0021631554898154798
172460.0,-0.0008483599761459524,0.0013154874928469234,0.0021638474689928758
172480.0,-0.0008483629288483272,0.0013161804923810853,0.0021645434212294126
172500.0,-0.0008483658760249088,0.0013168774447886796,0.0021652433208135882
172520.0,-0.0008483688176756936,0.0013175783243582085,0.002165947142033902
172540.0,-0.0008483717538006779,0.0013182831053781738,0.002166654859178852
172560.0,-0.0008483746843998581,0.0013189917621370779,0.002167366446536936
172580.0,-0.0008483776094732307,0.0013197042689234231,0.0021680818783966537
172600.0,-0.0008483805290207917,0.001320420600025711,0.002168801129046503
172620.0,-0.000848383443042538,0.0013211407297324443,0.002169524172774982
172640.0,-0.0008483863515384656,0.0013218646323321249,0.0021702509838705903
172660.0,-0.0008483892545085711,0.0013225922821132547,0.0021709815366218257
172680.0,-0.0008483921519528506,0.001323323653364336,0.0021717158053171865
172700.0,-0.0008483950438713007,0.0013240587203738714,0.002172453764245172
172720.0,-0.0008483979302639177,0.0013247974574303622,0.00217319538769428
172740.0,-0.0008484008111306979,0.0013255398388223112,0.002173940649953009
172760.0,-0.0008484036864716379,0.00132628583883822,0.0021746895253098577
172780.0,-0.0008484065562867338,0.0013270354317665913,0.002175441988053325
172800.0,-0.0008484094205759822,0.001327788591895927,0.002176198012471909
172820.0,-0.0008484122793393793,0.001328545293514729,0.002176957572854108
172840.0,-0.0008484151325769216,0.0013293055109114998,0.0021777206434884216
172860.0,-0.0008484179802886054,0.0013300692183747412,0.0021784871986633464
172880.0,-0.0008484208224744271,0.0013308363901929556,0.002179257212667383
172900.0,-0.0008484236591343831,0.0013316070006546448,0.002180030659789028
172920.0,-0.0008484264902684697,0.0013323810240483116,0.0021808075143167813
172940.0,-0.0008484293158766833,0.0013331584346624574,0.002181587750539141
172960.0,-0.0008484321359590202,0.0013339392067855847,0.002182371342744605
172980.0,-0.000848434950515477,0.0013347233147061952,0.002183158265221672
173000.0,-0.0008484377595460498,0.001335510732712792,0.002183948492258842
173020.0,-0.0008484405630507353,0.001336301435093876,0.0021847419981446113
173040.0,-0.0008484433610295296,0.0013370953961379503,0.0021855387571674796
173060.0,-0.0008484461534824291,0.0013378925901335167,0.002186338743615946
173080.0,-0.0008484489404094303,0.0013386929913690774,0.0021871419317785077
173100.0,-0.0008484517218105295,0.0013394965741331342,0.0021879482959436636
173120.0,-0.0008484544976857232,0.0013403033127141895,0.0021887578103999125
173140.0,-0.0008484572680350073,0.0013411131814007455,0.0021895704494357526
173160.0,-0.0008484600328583789,0.0013419261544813043,0.002190386187339683
173180.0,-0.0008484627921558338,0.001342742206244368,0.002191204998400202
173200.0,-0.0008484655459273685,0.0013435613109784388,0.0021920268569058073
173220.0,-0.0008484682941729796,0.0013443834429720184,0.002192851737144998
173240.0,-0.0008484710368926634,0.0013452085765136097,0.0021936796134062733
173260.0,-0.0008484737740864159,0.0013460366858917142,0.00219451045997813
173280.0,-0.000848476505754234,0.0013468677453948343,0.0021953442511490682
173300.0,-0.0008484792318961138,0.001347701729311472,0.002196180961207586
173320.0,-0.0008484819525120518,0.0013485386119301297,0.0021970205644421814
173340.0,-0.0008484846676020441,0.0013493783675393094,0.0021978630351413534
173360.0,-0.0008484873771660873,0.0013502209704275127,0.0021987083475936
173380.0,-0.0008484900812041779,0.0013510663948832428,0.0021995564760874204
173400.0,-0.0008484927797163119,0.001351914615195001,0.0022004073949113126
173420.0,-0.000848495472702486,0.0013527656056512897,0.0022012610783537757
173440.0,-0.0008484981601626965,0.001353619340540611,0.0022021175007033078
173460.0,-0.0008485008420969396,0.001354475794151467,0.0022029766362484065
173480.0,-0.0008485035185052119,0.00135533494077236,0.0022038384592775718
173500.0,-0.0008485061893875096,0.001356196754691792,0.0022047029440793015
173520.0,-0.0008485088547438293,0.0013570612101982654,0.0022055700649420947
173540.0,-0.0008485115145741671,0.0013579282815802817,0.002206439796154449
173560.0,-0.0008485141688785195,0.0013587979431263434,0.002207312112004863
173580.0,-0.0008485168176568831,0.0013596701691249529,0.002208186986781836
173600.0,-0.0008485194609092536,0.001360544933864612,0.0022090643947738657
173620.0,-0.0008485220986356281,0.0013614222116338228,0.002209944310269451
173640.0,-0.0008485247308360028,0.0013623019767210877,0.0022108267075570905
173660.0,-0.0008485273575103737,0.0013631842034149085,0.0022117115609252822
173680.0,-0.0008485299786587376,0.0013640688660037877,0.0022125988446625253
173700.0,-0.0008485325942810908,0.0013649559387762273,0.0022134885330573183
173720.0,-0.0008485352043774296,0.001365845396020729,0.0022143806003981584
173740.0,-0.0008485378089477502,0.001366737212025796,0.0022152750209735463
173760.0,-0.0008485404079920492,0.0013676313610799294,0.0022161717690719787
173780.0,-0.0008485430015103228,0.0013685278174716314,0.002217070818981954
173800.0,-0.0008485455895025676,0.0013694265554894047,0.0022179721449919723
173820.0,-0.0008485481719687799,0.0013703275494217511,0.002218875721390531
173840.0,-0.000848550748908956,0.001371230773557173,0.002219781522466129
173860.0,-0.0008485533203230921,0.0013721362021841721,0.002220689522507264
173880.0,-0.000848555886211185,0.0013730438095912506,0.0022215996958024355
173900.0,-0.0008485584465732309,0.001373953570066911,0.002222512016640142
173920.0,-0.000848561001409226,0.0013748654578996551,0.002223426459308881
173940.0,-0.0008485635507191669,0.0013757794473779855,0.0022243429980971525
173960.0,-0.0008485660945030498,0.0013766955127904035,0.0022252616072934535
173980.0,-0.0008485686327608712,0.0013776136284254122,0.0022261822611862833
174000.0,-0.0008485711654926273,0.0013785337685715128,0.00222710493406414
174020.0,-0.0008485736926983147,0.0013794559075172082,0.002228029600215523
174040.0,-0.0008485762143779297,0.0013803800195510002,0.00222895623392893
174060.0,-0.0008485787305314685,0.0013813060789613907,0.002229884809492859
174080.0,-0.0008485812411589277,0.0013822340600368821,0.0022308153011958098
174100.0,-0.0008485837462603037,0.0013831639370659769,0.0022317476833262806
174120.0,-0.0008485862458355926,0.0013840956843371765,0.002232681930172769
174140.0,-0.000848588739884791,0.0013850292761389835,0.0022336180160237745
174160.0,-0.0008485912284078952,0.0013859646867598998,0.002234555915167795
174180.0,-0.0008485937114049017,0.0013869018904884279,0.0022354956018933296
174200.0,-0.0008485961888758066,0.0013878408616130695,0.002236437050488876
174220.0,-0.0008485986608206066,0.001388781574422327,0.0022373802352429334
174240.0,-0.0008486011272392978,0.0013897240032047023,0.002238325130444
174260.0,-0.0008486035881318766,0.0013906681222486978,0.0022392717103805744
174280.0,-0.0008486060434983395,0.0013916139058428156,0.002240219949341155
174300.0,-0.0008486084933386829,0.0013925613282755576,0.0022411698216142405
174320.0,-0.000848610937652903,0.0013935103638354261,0.0022421213014883292
174340.0,-0.0008486133764409963,0.0013944609868109233,0.0022430743632519197
174360.0,-0.0008486158097029592,0.0013954131714905512,0.0022440289811935105
174380.0,-0.0008486182374387881,0.0013963668921628122,0.0022449851296016004
174400.0,-0.0008486206596484791,0.0013973221231162079,0.002245942782764687
174420.0,-0.000848623076332029,0.001398278838639241,0.0022469019149712697
174440.0,-0.0008486254874894338,0.0013992370130204129,0.002247862500509847
174460.0,-0.0008486278931206899,0.0014001966205482266,0.0022488245136689164
174480.0,-0.000848630293225794,0.0014011576355111837,0.0022497879287369776
174500.0,-0.0008486326878047423,0.0014021200321977867,0.002250752720002529
174520.0,-0.0008486350768575309,0.0014030837848965376,0.0022517188617540685
174540.0,-0.0008486374603841566,0.0014040488678959382,0.002252686328280095
174560.0,-0.0008486398383846155,0.001405015255484491,0.0022536550938691063
174580.0,-0.0008486422108589042,0.001405982921950698,0.002254625132809602
174600.0,-0.0008486445778070187,0.001406951841583061,0.00225559641939008
174620.0,-0.0008486469392289558,0.001407921988670083,0.002256568927899039
174640.0,-0.0008486492951247116,0.0014088933375002654,0.002257542632624977
174660.0,-0.0008486516454942824,0.0014098658623621105,0.002258517507856393
174680.0,-0.000848653990337665,0.0014108395375441206,0.0022594935278817856
174700.0,-0.0008486563296548554,0.0014118143373347976,0.0022604706669896533
174720.0,-0.00084865866344585,0.0014127902360226438,0.0022614488994684937
174740.0,-0.0008486609917106452,0.0014137672078961612,0.0022624281996068063
174760.0,-0.0008486633144492377,0.0014147452272438522,0.00226340854169309
174780.0,-0.0008486656316616234,0.0014157242683542188,0.002264389900015842
174800.0,-0.000848667943347799,0.0014167043055157628,0.0022653722488635616
174820.0,-0.0008486702495077606,0.0014176853130169868,0.0022663555625247475
174840.0,-0.0008486725501415048,0.0014186672651463927,0.0022673398152878972
174860.0,-0.0008486748452490277,0.0014196501361924828,0.0022683249814415105
174880.0,-0.0008486771348303261,0.001420633900443759,0.0022693110352740853
174900.0,-0.0008486794188853961,0.0014216185321887234,0.0022702979510741193
174920.0,-0.000848681697414234,0.0014226040057158786,0.002271285703130113
174940.0,-0.0008486839704168363,0.0014235902953137261,0.0022722742657305625
174960.0,-0.0008486862378931995,0.0014245773752707685,0.0022732636131639677
174980.0,-0.0008486884998433197,0.0014255652198755077,0.0022742537197188275
175000.0,-0.0008486907578379002,nan,nan
175020.0,-0.0008486930134392589,nan,nan
175040.0,-0.0008486952666348145,nan,nan
175060.0,-0.0008486975174119861,nan,nan
175080.0,-0.0008486997657581922,nan,nan
175100.0,-0.0008487020116608518,nan,nan
175120.0,-0.0008487042551073833,nan,nan
175140.0,-0.0008487064960852058,nan,nan
175160.0,-0.0008487087345817381,nan,nan
175180.0,-0.000848710970584399,nan,nan
175200.0,-0.0008487132040806071,nan,nan
175220.0,-0.0008487154350577812,nan,nan
175240.0,-0.0008487176635033403,nan,nan
175260.0,-0.0008487198894047029,nan,nan
175280.0,-0.0008487221127492881,nan,nan
175300.0,-0.0008487243335245145,nan,nan
175320.0,-0.0008487265517178008,nan,nan
175340.0,-0.000848728767316566,nan,nan
175360.0,-0.0008487309803082287,nan,nan
175380.0,-0.0008487331906802077,nan,nan
175400.0,-0.0008487353984199219,nan,nan
175420.0,-0.00084873760351479,nan,nan
175440.0,-0.000848739805952231,nan,nan
175460.0,-0.0008487420057196634,nan,nan
175480.0,-0.000848744202804506,nan,nan
175500.0,-0.0008487463971941778,nan,nan
175520.0,-0.0008487485888760973,nan,nan
175540.0,-0.0008487507778376837,nan,nan
175560.0,-0.0008487529640663551,nan,nan
175580.0,-0.0008487551475495312,nan,nan
175600.0,-0.0008487573282746299,nan,nan
175620.0,-0.0008487595062290705,nan,nan
175640.0,-0.0008487616814002719,nan,nan
175660.0,-0.0008487638537756523,nan,nan
175680.0,-0.000848766023342631,nan,nan
175700.0,-0.0008487681900886267,nan,nan
175720.0,-0.000848770354001058,nan,nan
175740.0,-0.0008487725150673437,nan,nan
175760.0,-0.0008487746732749029,nan,nan
175780.0,-0.0008487768286111541,nan,nan
175800.0,-0.000848778981063516,nan,nan
175820.0,-0.0008487811306194077,nan,nan
175840.0,-0.0008487832772662477,nan,nan
175860.0,-0.000848785420991455,nan,nan
175880.0,-0.0008487875617824482,nan,nan
175900.0,-0.0008487896996266462,nan,nan
175920.0,-0.0008487918345114676,nan,nan
175940.0,-0.0008487939664243317,nan,nan
175960.0,-0.0008487960953526567,nan,nan
175980.0,-0.0008487982212838616,nan,nan
176000.0,-0.0008488003442053652,nan,nan
176020.0,-0.0008488024641045864,nan,nan
176040.0,-0.0008488045809689437,nan,nan
176060.0,-0.0008488066947858563,nan,nan
176080.0,-0.0008488088055427425,nan,nan
176100.0,-0.0008488109132270212,nan,nan
176120.0,-0.0008488130178261116,nan,nan
176140.0,-0.0008488151193274321,nan,nan
176160.0,-0.0008488172177184015,nan,nan
176180.0,-0.0008488193129864387,nan,nan
176200.0,-0.0008488214051189625,nan,nan
176220.0,-0.0008488234941033916,nan,nan
176240.0,-0.0008488255799271449,nan,nan
176260.0,-0.000848827662577641,nan,nan
176280.0,-0.0008488297420422988,nan,nan
176300.0,-0.000848831818308537,nan,nan
176320.0,-0.0008488338913637746,nan,nan
176340.0,-0.0008488359611954301,nan,nan
176360.0,-0.0008488380277909224,nan,nan
176380.0,-0.0008488400911376706,nan,nan
176400.0,-0.000848842151223093,nan,nan
176420.0,-0.0008488442080346086,nan,nan
176440.0,-0.0008488462615596361,nan,nan
176460.0,-0.0008488483117855943,nan,nan
176480.0,-0.0008488503586999022,nan,nan
176500.0,-0.0008488524022899785,nan,nan
176520.0,-0.0008488544425432418,nan,nan
176540.0,-0.0008488564794471109,nan,nan
176560.0,-0.0008488585129890048,nan,nan
176580.0,-0.0008488605431563421,nan,nan
176600.0,-0.0008488625699365417,nan,nan
176620.0,-0.0008488645933170221,nan,nan
176640.0,-0.0008488666132852024,nan,nan
176660.0,-0.0008488686298285015,nan,nan
176680.0,-0.0008488706429343379,nan,nan
176700.0,-0.0008488726525901305,nan,nan
176720.0,-0.0008488746587832979,nan,nan
176740.0,-0.0008488766615012592,nan,nan
176760.0,-0.0008488786607314331,nan,nan
176780.0,-0.0008488806564612381,nan,nan
176800.0,-0.0008488826486780931,nan,nan
176820.0,-0.0008488846373694173,nan,nan
176840.0,-0.0008488866225226291,nan,nan
176860.0,-0.0008488886041251473,nan,nan
176880.0,-0.0008488905821643907,nan,nan
176900.0,-0.000848892556627778,nan,nan
176920.0,-0.0008488945275027283,nan,nan
176940.0,-0.0008488964947766602,nan,nan
176960.0,-0.0008488984584369924,nan,nan
176980.0,-0.0008489004184711438,nan,nan
177000.0,-0.0008489023748665331,nan,nan
177020.0,-0.0008489043276105792,nan,nan
177040.0,-0.0008489062766907007,nan,nan
177060.0,-0.0008489082220943167,nan,nan
177080.0,-0.0008489101638088456,nan,nan
177100.0,-0.0008489121018217064,nan,nan
177120.0,-0.000848914036120318,nan,nan
177140.0,-0.0008489159666920989,nan,nan
177160.0,-0.0008489178935244679,nan,nan
177180.0,-0.0008489198166048441,nan,nan
177200.0,-0.0008489217359206461,nan,nan
177220.0,-0.0008489236514592928,nan,nan
177240.0,-0.0008489255632082026,nan,nan
177260.0,-0.0008489274711547947,nan,nan
177280.0,-0.0008489293752864877,nan,nan
177300.0,-0.0008489312755907004,nan,nan
177320.0,-0.0008489331720548517,nan,nan
177340.0,-0.0008489350646663601,nan,nan
177360.0,-0.0008489369534126447,nan,nan
177380.0,-0.0008489388382811241,nan,nan
177400.0,-0.0008489407192592174,nan,nan
177420.0,-0.0008489425963343428,nan,nan
177440.0,-0.0008489444694939197,nan,nan
177460.0,-0.0008489463387253664,nan,nan
177480.0,-0.000848948204016102,nan,nan
177500.0,-0.0008489500653535452,nan,nan
177520.0,-0.0008489519227251144,nan,nan
177540.0,-0.0008489537761182292,nan,nan
177560.0,-0.0008489556255203077,nan,nan
177580.0,-0.0008489574709187689,nan,nan
177600.0,-0.0008489593123010316,nan,nan
177620.0,-0.0008489611496545148,nan,nan
177640.0,-0.0008489629829666369,nan,nan
177660.0,-0.0008489648122248168,nan,nan
177680.0,-0.0008489666374164735,nan,nan
177700.0,-0.0008489684585290254,nan,nan
177720.0,-0.0008489702755498916,nan,nan
177740.0,-0.0008489720884664909,nan,nan
177760.0,-0.0008489738972662418,nan,nan
177780.0,-0.0008489757019365634,nan,nan
177800.0,-0.0008489775024648742,nan,nan
177820.0,-0.0008489792988385932,nan,nan
177840.0,-0.0008489810910451393,nan,nan
177860.0,-0.0008489828790719309,nan,nan
177880.0,-0.0008489846629063869,nan,nan
177900.0,-0.0008489864425359263,nan,nan
177920.0,-0.0008489882179479679,nan,nan
177940.0,-0.0008489899891299303,nan,nan
177960.0,-0.0008489917560692321,nan,nan
177980.0,-0.0008489935187532924,nan,nan
178000.0,-0.00084899527716953,nan,nan
178020.0,-0.0008489970313053637,nan,nan
178040.0,-0.0008489987811482118,nan,nan
178060.0,-0.0008490005266854936,nan,nan
178080.0,-0.0008490022679046278,nan,nan
178100.0,-0.0008490040047930331,nan,nan
178120.0,-0.0008490057373381284,nan,nan
178140.0,-0.0008490074655273322,nan,nan
178160.0,-0.0008490091893480636,nan,nan
178180.0,-0.0008490109087877413,nan,nan
178200.0,-0.000849012623833784,nan,nan
178220.0,-0.0008490143344736104,nan,nan
178240.0,-0.0008490160406946396,nan,nan
178260.0,-0.0008490177424842902,nan,nan
178280.0,-0.0008490194398299809,nan,nan
178300.0,-0.0008490211327191306,nan,nan
178320.0,-0.000849022821139158,nan,nan
178340.0,-0.000849024505077482,nan,nan
178360.0,-0.0008490261845215213,nan,nan
178380.0,-0.0008490278594586949,nan,nan
178400.0,-0.0008490295298764211,nan,nan
178420.0,-0.0008490311957621192,nan,nan
178440.0,-0.0008490328571032077,nan,nan
178460.0,-0.0008490345138871054,nan,nan
178480.0,-0.0008490361661012311,nan,nan
178500.0,-0.0008490378137330038,nan,nan
178520.0,-0.0008490394567698419,nan,nan
178540.0,-0.0008490410951991647,nan,nan
178560.0,-0.0008490427290083905,nan,nan
178580.0,-0.0008490443581849381,nan,nan
178600.0,-0.0008490459827162265,nan,nan
178620.0,-0.0008490476025896746,nan,nan
178640.0,-0.0008490492177927009,nan,nan
178660.0,-0.0008490508283127242,nan,nan
178680.0,-0.0008490524341371636,nan,nan
178700.0,-0.0008490540352534377,nan,nan
178720.0,-0.0008490556316489652,nan,nan
178740.0,-0.0008490572233111649,nan,nan
178760.0,-0.0008490588102274555,nan,nan
178780.0,-0.000849060392385256,nan,nan
178800.0,-0.0008490619697719853,nan,nan
178820.0,-0.0008490635423750618,nan,nan
178840.0,-0.0008490651101819044,nan,nan
178860.0,-0.000849066673179932,nan,nan
178880.0,-0.0008490682313565634,nan,nan
178900.0,-0.0008490697846992174,nan,nan
178920.0,-0.0008490713331953126,nan,nan
178940.0,-0.0008490728768322678,nan,nan
178960.0,-0.0008490744155975021,nan,nan
178980.0,-0.0008490759494784339,nan,nan
179000.0,-0.0008490774784624821,nan,nan
179020.0,-0.0008490790025370656,nan,nan
179040.0,-0.0008490805216896031,nan,nan
179060.0,-0.0008490820359075134,nan,nan
179080.0,-0.0008490835451782154,nan,nan
179100.0,-0.0008490850494891277,nan,nan
179120.0,-0.0008490865488276692,nan,nan
179140.0,-0.0008490880431812586,nan,nan
179160.0,-0.0008490895325373147,nan,nan
179180.0,-0.0008490910168832564,nan,nan
179200.0,-0.0008490924962065022,nan,nan
179220.0,-0.0008490939704944712,nan,nan
179240.0,-0.0008490954397345822,nan,nan
179260.0,-0.0008490969039142537,nan,nan
179280.0,-0.0008490983630209046,nan,nan
179300.0,-0.0008490998170419538,nan,nan
179320.0,-0.00084910126596482,nan,nan
179340.0,-0.0008491027097769221,nan,nan
179360.0,-0.0008491041484656787,nan,nan
179380.0,-0.0008491055820185086,nan,nan
179400.0,-0.0008491070104228307,nan,nan
179420.0,-0.0008491084336660637,nan,nan
179440.0,-0.0008491098517356265,nan,nan
179460.0,-0.0008491112646189377,nan,nan
179480.0,-0.0008491126723034162,nan,nan
179500.0,-0.0008491140747764808,nan,nan
179520.0,-0.0008491154720255503,nan,nan
179540.0,-0.0008491168640380434,nan,nan
179560.0,-0.0008491182508013788,nan,nan
179580.0,-0.0008491196323029756,nan,nan
179600.0,-0.0008491210085302523,nan,nan
179620.0,-0.000849122379470628,nan,nan
179640.0,-0.0008491237451115209,nan,nan
179660.0,-0.0008491251054403504,nan,nan
179680.0,-0.0008491264604445351,nan,nan
179700.0,-0.0008491278101114936,nan,nan
179720.0,-0.0008491291544286447,nan,nan
179740.0,-0.0008491304933834074,nan,nan
179760.0,-0.0008491318269632004,nan,nan
179780.0,-0.0008491331551554425,nan,nan
179800.0,-0.0008491344779475524,nan,nan
179820.0,-0.0008491357953269488,nan,nan
179840.0,-0.0008491371072810508,nan,nan
179860.0,-0.000849138413797277,nan,nan
179880.0,-0.0008491397148630461,nan,nan
179900.0,-0.000849141010465777,nan,nan
179920.0,-0.0008491423005928885,nan,nan
179940.0,-0.0008491435852317992,nan,nan
179960.0,-0.0008491448643699283,nan,nan
179980.0,-0.0008491461379946942,nan,nan
180000.0,nan,nan,nan
