time_after_pulse_ms,comparison_channel,reference_normalized,simulation_normalized,residual,region
0,left,0.406305663654,0.265953338852,-0.140352324802,peak
0.01,left,0.439427497558,0.29399011096,-0.145437386598,peak
0.02,left,0.473023795116,0.323644577157,-0.149379217959,peak
0.03,left,0.506800149762,0.354786346557,-0.152013803205,peak
0.04,left,0.540461056101,0.387230071953,-0.153230984148,peak
0.05,left,0.573722939217,0.420735014832,-0.152987924386,peak
0.06,left,0.606324589394,0.455013913516,-0.151310675878,peak
0.07,left,0.638034392536,0.489748287348,-0.148286105188,peak
0.08,left,0.668654342935,0.524605809561,-0.144048533374,peak
0.09,left,0.698021255481,0.559258210297,-0.138763045183,peak
0.1,left,0.726006083078,0.593398402335,-0.132607680743,peak
0.11,left,0.752512215141,0.626754926016,-0.125757289125,peak
0.12,left,0.77747318712,0.659102224521,-0.1183709626,peak
0.13,left,0.800849996963,0.690264606428,-0.110585390535,peak
0.14,left,0.822628111203,0.72011305949,-0.102515051714,peak
0.15,left,0.842814061817,0.748557863473,-0.0942561983434,peak
0.16,left,0.861431645255,0.775540635113,-0.0858910101419,peak
0.17,left,0.8785182093,0.80102711212,-0.0774910971796,peak
0.18,left,0.894121656574,0.825000685538,-0.0691209710355,peak
0.19,left,0.908298318764,0.847456587064,-0.0608417316998,peak
0.2,left,0.921111506729,0.868396643868,-0.0527148628614,peak
0.21,left,0.932630523906,0.887824519376,-0.0448060045304,peak
0.22,left,0.942929725335,0.905741623949,-0.0371881013862,peak
0.23,left,0.952087127593,0.922144437177,-0.0299426904164,peak
0.24,left,0.960182535036,0.937023804645,-0.0231587303917,peak
0.25,left,0.967295519229,0.950365737818,-0.016929781411,peak
0.26,left,0.973503524466,0.96215289597,-0.0113506284951,peak
0.27,left,0.978880356767,0.972366431042,-0.00651392572512,peak
0.28,left,0.983495349358,0.980988200026,-0.00250714933252,peak
0.29,left,0.987413170156,0.988003384519,0.000590214363044,peak
0.3,left,0.990693876106,0.993403563314,0.00270968720824,peak
0.31,left,0.993393023479,0.997190290212,0.00379726673272,peak
0.32,left,0.995561981636,0.999378746142,0.00381676450674,peak
0.33,left,0.997248353481,1,0.00275164651884,peak
0.34,left,0.998496200762,0.999100767773,0.000604567011033,peak
0.35,left,0.999346179879,0.996741528377,-0.00260465150159,peak
0.36,left,0.999835839748,0.992994531973,-0.00684130777479,peak
0.37,left,1,0.987942306913,-0.0120576930874,peak
0.38,left,0.999871127122,0.981676678046,-0.018194449076,peak
0.39,left,0.999479764138,0.974298260119,-0.0251815040183,peak
0.4,left,0.998854842843,0.965916395185,-0.0329384476581,peak
0.41,left,0.998023650416,0.95664950769,-0.0413741427267,peak
0.42,left,0.997011621162,0.9466255568,-0.0503860643614,peak
0.43,left,0.995842238691,0.935981634419,-0.0598606042726,peak
0.44,left,0.994536952905,0.924861973632,-0.069674979273,peak
0.45,left,0.993114958149,0.913414832363,-0.0797001257863,peak
0.46,left,0.991593008096,0.901789128844,-0.0898038792524,peak
0.47,left,0.989985344375,0.890131136707,-0.0998542076684,peak
0.48,left,0.988303563916,0.878581183315,-0.109722380601,peak
0.49,left,0.986556518853,0.867270262445,-0.119286256408,peak
0.5,left,0.984750525344,0.856316472593,-0.128434052751,peak
0.51,left,0.982889847267,0.845821191757,-0.13706865551,peak
0.52,left,0.980977317489,0.835865405932,-0.145111911556,peak
0.53,left,0.979015137534,0.8265076861,-0.152507451434,peak
0.54,left,0.977005730183,0.817784945239,-0.159220784944,peak
0.55,left,0.974952309488,0.809715070876,-0.165237238612,peak
0.56,left,0.972859138788,0.802299830766,-0.170559308022,peak
0.57,left,0.970731684597,0.795527416472,-0.175204268125,peak
0.58,left,0.968576609301,0.789374608103,-0.179202001198,peak
0.59,left,0.966401431474,0.783808597306,-0.182592834167,peak
0.6,left,0.964213978388,0.778788503107,-0.185425475281,peak
0.61,left,0.962021833854,0.774266612768,-0.187755221086,peak
0.62,left,0.959831782343,0.770189445563,-0.18964233678,peak
0.63,left,0.957649388034,0.766498879982,-0.191150508052,peak
0.64,left,0.955479016372,0.763133534396,-0.192345481976,peak
0.65,left,0.953324212201,0.760030316645,-0.193293895556,peak
0.66,left,0.951188067856,0.75712596312,-0.194062104736,peak
0.67,left,0.94907346897,0.75435851674,-0.19471495223,peak
0.68,left,0.94698319774,0.751668775491,-0.19531442225,peak
0.69,left,0.944919724832,0.749001749941,-0.19591797489,peak
0.7,left,0.94288472107,0.746308167651,-0.196576553419,peak
0.71,left,0.940878640494,0.743546062002,-0.197332578492,peak
0.72,left,0.938900552052,0.740682274841,-0.198218277211,peak
0.73,left,0.93694808266,0.737693259743,-0.199254822917,peak
0.74,left,0.935017511872,0.734564721284,-0.200452790588,peak
0.75,left,0.933104219233,0.731290460453,-0.20181375878,peak
0.76,left,0.931203331362,0.727871082168,-0.203332249193,peak
0.77,left,0.92931029343,0.724312823629,-0.204997469801,peak
0.78,left,0.92742134887,0.720626508,-0.20679484087,peak
0.79,left,0.925533807342,0.716826605371,-0.208707201971,peak
0.8,left,0.923645863289,0.712930383464,-0.210715479825,peak
0.81,left,0.9217560857,0.708957131034,-0.212798954666,peak
0.82,left,0.919862902193,0.704927444296,-0.214935457896,peak
0.83,left,0.917964236446,0.70086258173,-0.217101654716,peak
0.84,left,0.916057463263,0.696783888017,-0.219273575246,peak
0.85,left,0.914139868437,0.692712260411,-0.221427608026,peak
0.86,left,0.912209419407,0.688667621504,-0.223541797903,peak
0.87,left,0.910265379669,0.684668375614,-0.225597004055,peak
0.88,left,0.908308610369,0.680730834434,-0.227577775935,peak
0.89,left,0.906341678162,0.676868598263,-0.2294730799,peak
0.9,left,0.904368665449,0.673091878936,-0.231276786513,peak
0.91,left,0.902394533047,0.669406750384,-0.232987782662,peak
0.92,left,0.900424322732,0.665814438478,-0.234609884255,peak
0.93,left,0.89846255735,0.662311029715,-0.236151527635,peak
0.94,left,0.896512821933,0.658887888061,-0.237624933872,peak
0.95,left,0.894577512269,0.655532563401,-0.239044948868,peak
0.96,left,0.892657871821,0.652229801815,-0.240428070007,peak
0.97,left,0.890754199947,0.648962508595,-0.241791691352,peak
0.98,left,0.888866035478,0.645712669009,-0.243153366469,peak
0.99,left,0.886992391522,0.642462245619,-0.244530145903,peak
1,left,0.885132121511,0.639194070859,-0.245938050652,peak
1.01,left,0.883284223402,0.635892753475,-0.247391469927,peak
1.02,left,0.881447970259,0.63254552777,-0.248902442489,peak
1.03,left,0.879623080009,0.629142783975,-0.250480296034,peak
1.04,left,0.877810006367,0.625678082033,-0.252131924334,peak
1.05,left,0.876010109744,0.622147810848,-0.253862298896,peak
1.06,left,0.87422562299,0.618550778172,-0.255674844817,peak
1.07,left,0.872459490009,0.614887845167,-0.257571644842,peak
1.08,left,0.870715001065,0.611161610147,-0.259553390917,peak
1.09,left,0.868995282662,0.607376136312,-0.26161914635,peak
1.1,left,0.867302957817,0.603536718497,-0.26376623932,peak
1.11,left,0.865640052625,0.59964968427,-0.265990368354,peak
1.12,left,0.86400791867,0.595722222341,-0.268285696329,peak
1.13,left,0.862407128627,0.591762226088,-0.270644902539,peak
1.14,left,0.860837509821,0.587778142001,-0.27305936782,peak
1.15,left,0.859298278149,0.583778823168,-0.275519454981,peak
1.16,left,0.85778811937,0.579773391569,-0.278014727801,peak
1.17,left,0.856305309978,0.575771108156,-0.280534201822,peak
1.18,left,0.85484799403,0.571781246672,-0.283066747358,peak
1.19,left,0.853414453904,0.567812966869,-0.285601487035,peak
1.2,left,0.852003294936,0.563875182811,-0.288128112125,peak
1.21,left,0.850613646665,0.559976421866,-0.290637224799,peak
1.22,left,0.84924518535,0.556124686624,-0.293120498726,peak
1.23,left,0.847897703219,0.552327367368,-0.295570335852,peak
1.24,left,0.846570463579,0.54859124067,-0.297979222909,peak
1.25,left,0.84526177923,0.544922522556,-0.300339256674,peak
1.26,left,0.843968939587,0.541326921552,-0.302642018036,peak
1.27,left,0.842688491386,0.537809668617,-0.304878822769,peak
1.28,left,0.84141686955,0.534375521158,-0.307041348392,peak
1.29,left,0.840151072809,0.531028739836,-0.309122332972,peak
1.3,left,0.838888980353,0.527773036644,-0.311115943709,peak
1.31,left,0.837629356019,0.524611492329,-0.31301786369,peak
1.32,left,0.836371827523,0.521546461869,-0.314825365654,peak
1.33,left,0.835116814337,0.518579530822,-0.316537283515,peak
1.34,left,0.833865335779,0.515711570091,-0.318153765688,peak
1.35,left,0.83261890114,0.512942852391,-0.319676048749,peak
1.36,left,0.83137947396,0.5102731646,-0.32110630936,peak
1.37,left,0.83014927242,0.507701889801,-0.322447382618,peak
1.38,left,0.828930507692,0.505228058033,-0.323702449659,decay
1.39,left,0.827725321695,0.502850366704,-0.324874954991,decay
1.4,left,0.826535878912,0.500567171237,-0.325968707674,decay
1.41,left,0.825364499016,0.498376446126,-0.32698805289,decay
1.42,left,0.824213878688,0.496275731962,-0.327938146725,decay
1.43,left,0.823087294392,0.494262117164,-0.328825177228,decay
1.44,left,0.821988504681,0.492332291508,-0.329656213174,decay
1.45,left,0.820921358635,0.490482645033,-0.330438713602,decay
1.46,left,0.819889348928,0.488709363917,-0.331179985011,decay
1.47,left,0.818895107437,0.487008504694,-0.331886602743,decay
1.48,left,0.817939805273,0.485376047226,-0.332563758047,decay
1.49,left,0.817022766085,0.483807928227,-0.333214837858,decay
1.5,left,0.816141470508,0.4823000569,-0.333841413608,decay
1.51,left,0.815291706265,0.480848313935,-0.33444339233,decay
1.52,left,0.814467749894,0.479448541133,-0.335019208761,decay
1.53,left,0.813662689294,0.478096541859,-0.335566147435,decay
1.54,left,0.812868800082,0.476788107914,-0.336080692168,decay
1.55,left,0.812077863384,0.475519063245,-0.336558800139,decay
1.56,left,0.811281595917,0.474285306189,-0.336996289728,decay
1.57,left,0.810472321202,0.473082843658,-0.337389477544,decay
1.58,left,0.809643675025,0.471907818174,-0.337735856851,decay
1.59,left,0.808791150572,0.470756529149,-0.338034621423,decay
1.6,left,0.807912519772,0.469625449743,-0.338287070029,decay
1.61,left,0.807008012658,0.468511240484,-0.338496772174,decay
1.62,left,0.806080003795,0.467410759823,-0.338669243972,decay
1.63,left,0.805132343976,0.466321069685,-0.338811274292,decay
1.64,left,0.804169647965,0.465239434716,-0.338930213249,decay
1.65,left,0.803196572931,0.464163317623,-0.339033255308,decay
1.66,left,0.802217174467,0.463090374244,-0.339126800223,decay
1.67,left,0.801234603902,0.462018450173,-0.339216153729,decay
1.68,left,0.800251114825,0.46094557958,-0.339305535245,decay
1.69,left,0.79926810016,0.459869986747,-0.339398113413,decay
1.7,left,0.798286174358,0.458790090838,-0.339496083519,decay
1.71,left,0.797305503644,0.457704514434,-0.33960098921,decay
1.72,left,0.796326234274,0.45661209327,-0.339714141004,decay
1.73,left,0.795348703593,0.455511878118,-0.339836825475,decay
1.74,left,0.794373460664,0.45440312193,-0.339970338733,decay
1.75,left,0.793401242999,0.453285257769,-0.34011598523,decay
1.76,left,0.792432829834,0.452157877275,-0.340274952559,decay
1.77,left,0.791468757807,0.451020713591,-0.340448044216,decay
1.78,left,0.790509096236,0.449873628905,-0.340635467331,decay
1.79,left,0.789553336777,0.448716606494,-0.340836730284,decay
1.8,left,0.788600351907,0.447549747177,-0.34105060473,decay
1.81,left,0.787648526975,0.446373270119,-0.341275256856,decay
1.82,left,0.786696079933,0.445187515784,-0.34150856415,decay
1.83,left,0.785741389803,0.443992944213,-0.34174844559,decay
1.84,left,0.784783243021,0.442790123392,-0.341993119629,decay
1.85,left,0.783821022391,0.441579711313,-0.342241311077,decay
1.86,left,0.782854786322,0.440362438358,-0.342492347964,decay
1.87,left,0.781885149141,0.439139092495,-0.342746056646,decay
1.88,left,0.780913112577,0.437910507107,-0.343002605469,decay
1.89,left,0.779940109103,0.436677551072,-0.343262558031,decay
1.9,left,0.778968178452,0.435441120707,-0.343527057745,decay
1.91,left,0.778000057401,0.434202133262,-0.34379792414,decay
1.92,left,0.777039204203,0.432961521621,-0.344077682582,decay
1.93,left,0.776089757387,0.43172022997,-0.344369527417,decay
1.94,left,0.775156298584,0.430479210151,-0.344677088434,decay
1.95,left,0.774243490805,0.429239418387,-0.345004072418,decay
1.96,left,0.773355731443,0.428001812032,-0.345353919411,decay
1.97,left,0.772496743317,0.426767346029,-0.345729397288,decay
1.98,left,0.771669119438,0.425536968785,-0.346132150653,decay
1.99,left,0.770874088551,0.424311617146,-0.346562471405,decay
2,left,0.770111593549,0.423092210162,-0.347019383386,decay
2.01,left,0.769380481919,0.421879641316,-0.347500840603,decay
2.02,left,0.768678732128,0.420674770159,-0.348003961969,decay
2.03,left,0.768003822248,0.419478417135,-0.348525405114,decay
2.04,left,0.767353121384,0.418291364361,-0.349061757023,decay
2.05,left,0.766724088247,0.417114359831,-0.349609728415,decay
2.06,left,0.766114377311,0.415948120649,-0.350166256663,decay
2.07,left,0.765521927924,0.414793333387,-0.350728594537,decay
2.08,left,0.764944816109,0.413650651265,-0.351294164843,decay
2.09,left,0.764380834905,0.41252068791,-0.351860146994,decay
2.1,left,0.763827025531,0.411404007453,-0.352423018078,decay
2.11,left,0.76327919327,0.410301110637,-0.352978082633,decay
2.12,left,0.762731407253,0.409212419433,-0.35351898782,decay
2.13,left,0.762175790232,0.408138268618,-0.354037521614,decay
2.14,left,0.761602857001,0.407078910727,-0.354523946273,decay
2.15,left,0.761002256642,0.406034529306,-0.354967727336,decay
2.16,left,0.760363721947,0.405005251462,-0.355358470485,decay
2.17,left,0.759678217353,0.403991156072,-0.355687061281,decay
2.18,left,0.75893904856,0.402992277426,-0.355946771134,decay
2.19,left,0.758142482454,0.402008604352,-0.356133878102,decay
2.2,left,0.757287845039,0.401040074786,-0.356247770253,decay
2.21,left,0.756377351385,0.400086565721,-0.356290785665,decay
2.22,left,0.755415697313,0.399147881293,-0.35626781602,decay
2.23,left,0.754409484796,0.398223747948,-0.356185736848,decay
2.24,left,0.753366751776,0.39731382344,-0.356052928336,decay
2.25,left,0.752296632364,0.396417714726,-0.355878917638,decay
2.26,left,0.751208932366,0.395534995677,-0.355673936689,decay
2.27,left,0.750113608117,0.394665221138,-0.355448386978,decay
2.28,left,0.749020299027,0.393807937299,-0.355212361728,decay
2.29,left,0.747937927167,0.392962688682,-0.354975238485,decay
2.3,left,0.746874410925,0.392129021953,-0.354745388971,decay
2.31,left,0.745836711169,0.391306486748,-0.354530224421,decay
2.32,left,0.744831115062,0.390494634646,-0.354336480415,decay
2.33,left,0.743863227672,0.38969301963,-0.354170208041,decay
2.34,left,0.74293750299,0.388901202532,-0.354036300458,decay
2.35,left,0.742056732627,0.38811875783,-0.353937974797,decay
2.36,left,0.741221737647,0.387345279685,-0.353876457962,decay
2.37,left,0.740431231567,0.38658038604,-0.353850845527,decay
2.38,left,0.739682019025,0.385823720847,-0.353858298179,decay
2.39,left,0.738969632936,0.385074954526,-0.35389467841,decay
2.4,left,0.738289151945,0.384333782793,-0.353955369152,decay
2.41,left,0.737635948731,0.383599923881,-0.35403602485,decay
2.42,left,0.73700629448,0.382873114846,-0.354133179634,decay
2.43,left,0.736397678088,0.382153108941,-0.354244569147,decay
2.44,left,0.73580871434,0.381439675561,-0.354369038778,decay
2.45,left,0.735238851004,0.380732601693,-0.354506249311,decay
2.46,left,0.734688186475,0.380031692904,-0.354656493571,decay
2.47,left,0.734157348485,0.379336773096,-0.354820575389,decay
2.48,left,0.733647288572,0.378647682999,-0.354999605573,decay
2.49,left,0.733159088338,0.377964277418,-0.35519481092,decay
2.5,left,0.732693771296,0.377286421238,-0.355407350058,decay
2.51,left,0.732251944516,0.376613984155,-0.35563796036,decay
2.52,left,0.731833345911,0.375946834967,-0.355886510943,decay
2.53,left,0.731436550495,0.375284838086,-0.356151712409,decay
2.54,left,0.731058906943,0.374627854309,-0.356431052634,decay
2.55,left,0.730696706819,0.373975744323,-0.356720962496,decay
2.56,left,0.730345665916,0.373328372214,-0.357017293701,decay
2.57,left,0.730001568121,0.372685607906,-0.357315960215,decay
2.58,left,0.72966068816,0.372047328492,-0.357613359668,decay
2.59,left,0.729319907197,0.371413418522,-0.357906488675,decay
2.6,left,0.728976711441,0.370783769283,-0.358192942158,decay
2.61,left,0.728629021735,0.370158277078,-0.358470744657,decay
2.62,left,0.728274746788,0.369536840974,-0.358737905814,decay
2.63,left,0.727911357871,0.368919361403,-0.358991996468,decay
2.64,left,0.727535806429,0.368305740692,-0.359230065738,decay
2.65,left,0.727144713745,0.367695884737,-0.359448829008,decay
2.66,left,0.726734710635,0.367089704427,-0.359645006208,decay
2.67,left,0.726302880669,0.366487116235,-0.359815764434,decay
2.68,left,0.725847069,0.365888041986,-0.359959027014,decay
2.69,left,0.72536585468,0.365292407799,-0.36007344688,decay
2.7,left,0.724858367876,0.364700142211,-0.360158225664,decay
2.71,left,0.724324198356,0.364111173477,-0.360213024879,decay
2.72,left,0.723763323587,0.363525426638,-0.360237896949,decay
2.73,left,0.723175956106,0.362942822281,-0.360233133825,decay
2.74,left,0.722562459785,0.362363278438,-0.360199181346,decay
2.75,left,0.721923412692,0.361786714566,-0.360136698126,decay
2.76,left,0.721259712098,0.361213055685,-0.360046656413,decay
2.77,left,0.720572796297,0.360642235926,-0.359930560372,decay
2.78,left,0.71986505957,0.36007420148,-0.35979085809,decay
2.79,left,0.719140138951,0.359508913038,-0.359631225913,decay
2.8,left,0.718402786855,0.358946347746,-0.35945643911,decay
2.81,left,0.717658487696,0.358386500734,-0.359271986962,decay
2.82,left,0.716913056982,0.357829386192,-0.35908367079,decay
2.83,left,0.716172320519,0.357275037832,-0.358897282687,decay
2.84,left,0.715441987192,0.356723508627,-0.358718478565,decay
2.85,left,0.714727729371,0.356174869906,-0.358552859466,decay
2.86,left,0.714035181151,0.355629209946,-0.358405971205,decay
2.87,left,0.713369586634,0.355086632104,-0.35828295453,decay
2.88,left,0.712735261086,0.354547252428,-0.358188008658,decay
2.89,left,0.71213514769,0.354011196704,-0.358123950985,decay
2.9,left,0.711570520307,0.353478596842,-0.358091923465,decay
2.91,left,0.711040955675,0.352949586526,-0.358091369148,decay
2.92,left,0.710544764328,0.352424296557,-0.358120467771,decay
2.93,left,0.710079670731,0.351902851431,-0.3581768193,decay
2.94,left,0.70964337921,0.351385368325,-0.358258010885,decay
2.95,left,0.709233991282,0.350871957478,-0.358362033804,decay
2.96,left,0.708850287414,0.35036272224,-0.358487565174,decay
2.97,left,0.70849173474,0.349857758045,-0.358633976694,decay
2.98,left,0.708158308976,0.34935715021,-0.358801158766,decay
2.99,left,0.707850388245,0.348860970496,-0.358989417748,decay
3,left,0.707568664438,0.348369272364,-0.359199392074,decay
3.01,left,0.707313863003,0.347882084823,-0.359431778179,decay
3.02,left,0.707086403908,0.347399405986,-0.359686997922,decay
3.03,left,0.706886217849,0.346921200001,-0.359965017848,decay
3.04,left,0.706712533236,0.346447400158,-0.360265133077,decay
3.05,left,0.706563454985,0.345977916066,-0.360585538919,decay
3.06,left,0.706435568759,0.3455126411,-0.360922927659,decay
3.07,left,0.706323778331,0.345051458643,-0.361272319689,decay
3.08,left,0.706221371494,0.344594247115,-0.361627124379,decay
3.09,left,0.706120419316,0.344140883888,-0.361979535428,decay
3.1,left,0.70601257218,0.343691248192,-0.362321323989,decay
3.11,left,0.705890012732,0.343245223072,-0.36264478966,decay
3.12,left,0.705746348707,0.342802696683,-0.362943652024,decay
3.13,left,0.705577464667,0.342363563599,-0.363213901069,decay
3.14,left,0.705382207156,0.341927726668,-0.363454480487,decay
3.15,left,0.705162517303,0.341495099115,-0.363667418189,decay
3.16,left,0.70492289025,0.34106560626,-0.36385728399,decay
3.17,left,0.70466947728,0.340639186662,-0.364030290618,decay
3.18,left,0.704409087339,0.340215792665,-0.364193294674,decay
3.19,left,0.704148193691,0.339795390402,-0.364352803289,decay
3.2,left,0.703892185703,0.339377959242,-0.364514226461,decay
3.21,left,0.703644946004,0.338963490705,-0.364681455299,decay
3.22,left,0.703408490452,0.338551986997,-0.364856503455,decay
3.23,left,0.703182626145,0.338143459737,-0.365039166408,decay
3.24,left,0.702964879206,0.337737929279,-0.365226949927,decay
3.25,left,0.702750708604,0.337335424286,-0.365415284318,decay
3.26,left,0.702533893132,0.336935980956,-0.365597912177,decay
3.27,left,0.702307198247,0.336539641617,-0.365767556629,decay
3.28,left,0.702063331793,0.33614645266,-0.365916879133,decay
3.29,left,0.70179586046,0.335756461738,-0.366039398723,decay
3.3,left,0.701499848484,0.335369714211,-0.366130134273,decay
3.31,left,0.701172280204,0.334986248736,-0.366186031468,decay
3.32,left,0.700812206928,0.334606092667,-0.36620611426,decay
3.33,left,0.700420410674,0.334229259452,-0.366191151223,decay
3.34,left,0.699998778529,0.333855749655,-0.366143028875,decay
3.35,left,0.699549834146,0.333485554356,-0.366064279791,decay
3.36,left,0.699076506185,0.333118658605,-0.36595784758,decay
3.37,left,0.698582047581,0.332755044032,-0.365827003549,decay
3.38,left,0.698070194247,0.33239469057,-0.365675503677,decay
3.39,left,0.697545450852,0.332037577332,-0.365507873519,decay
3.4,left,0.697013097556,0.331683682646,-0.36532941491,decay
3.41,left,0.696478776276,0.331332983265,-0.365145793011,decay
3.42,left,0.695947862186,0.33098545308,-0.364962409106,decay
3.43,left,0.695424752497,0.330641062344,-0.364783690153,decay
3.44,left,0.694912256001,0.33029977819,-0.364612477811,decay
3.45,left,0.69441153205,0.329961565862,-0.364449966188,decay
3.46,left,0.693922685448,0.329626389612,-0.364296295836,decay
3.47,left,0.693445470576,0.329294212852,-0.364151257724,decay
3.48,left,0.692979691415,0.328964997521,-0.364014693894,decay
3.49,left,0.692525412188,0.328638702679,-0.363886709509,decay
3.5,left,0.692083046371,0.328315282308,-0.363767764063,decay
3.51,left,0.691653214177,0.327994682298,-0.363658531879,decay
3.52,left,0.691236468668,0.327676837209,-0.36355963146,decay
3.53,left,0.690833014752,0.327361668708,-0.363471346043,decay
3.54,left,0.690442352043,0.327049087139,-0.363393264904,decay
3.55,left,0.690062955973,0.326738995149,-0.363323960824,decay
3.56,left,0.689692316951,0.32643129145,-0.363261025501,decay
3.57,left,0.689327359078,0.326125873962,-0.363201485116,decay
3.58,left,0.688964956027,0.325822642336,-0.36314231369,decay
3.59,left,0.688602412463,0.325521499937,-0.363080912526,decay
3.6,left,0.688237875573,0.325222355327,-0.363015520245,decay
3.61,left,0.687870423418,0.324925123315,-0.362945300103,decay
3.62,left,0.687499753002,0.324629725644,-0.362870027358,decay
3.63,left,0.687125823214,0.324336091527,-0.362789731687,decay
3.64,left,0.686748637322,0.324044158184,-0.362704479138,decay
3.65,left,0.686368079658,0.323753871295,-0.362614208363,decay
3.66,left,0.685983882901,0.323465185245,-0.362518697657,decay
3.67,left,0.685595745969,0.323178063091,-0.362417682878,decay
3.68,left,0.685203344043,0.322892476269,-0.362310867774,decay
3.69,left,0.68480614609,0.322608404032,-0.362197742058,decay
3.7,left,0.684403341388,0.322325832633,-0.362077508755,decay
3.71,left,0.683994064235,0.322044754227,-0.361949310007,decay
3.72,left,0.683577709896,0.321765165679,-0.361812544218,decay
3.73,left,0.683154168511,0.32148706778,-0.361667100731,decay
3.74,left,0.682724024711,0.321210465299,-0.361513559412,decay
3.75,left,0.682288603212,0.320935367543,-0.361353235668,decay
3.76,left,0.681849685392,0.320661788861,-0.361187896531,decay
3.77,left,0.681409053023,0.320389748876,-0.361019304147,decay
3.78,left,0.68096801529,0.320119272416,-0.360848742874,decay
3.79,left,0.680526896632,0.319850389135,-0.360676507497,decay
3.8,left,0.680084731526,0.319583132827,-0.360501598699,decay
3.81,left,0.679639527035,0.319317540391,-0.360321986644,decay
3.82,left,0.67918896302,0.319053650619,-0.360135312401,decay
3.83,left,0.678731105378,0.318791503297,-0.35993960208,decay
3.84,left,0.678264963008,0.318531139004,-0.359733824004,decay
3.85,left,0.67779085073,0.318272599291,-0.359518251438,decay
3.86,left,0.677310371089,0.318015926675,-0.359294444414,decay
3.87,left,0.676825959176,0.317761164202,-0.359064794974,decay
3.88,left,0.676340272419,0.317508354561,-0.358831917858,decay
3.89,left,0.675855646299,0.317257538699,-0.3585981076,decay
3.9,left,0.675373603875,0.317008753921,-0.358364849953,decay
3.91,left,0.674894554119,0.31676203144,-0.358132522679,decay
3.92,left,0.67441786989,0.316517393765,-0.357900476125,decay
3.93,left,0.673942177169,0.316274853359,-0.357667323811,decay
3.94,left,0.67346562298,0.316034413586,-0.357431209394,decay
3.95,left,0.672986123971,0.315796071165,-0.357190052806,decay
3.96,left,0.672501555853,0.31555981865,-0.356941737203,decay
3.97,left,0.672009834744,0.315325646372,-0.356684188372,decay
3.98,left,0.671509053075,0.315093543823,-0.356415509252,decay
3.99,left,0.670997781017,0.314863500499,-0.356134280518,decay
4,left,0.670475301612,0.314635506223,-0.355839795389,decay
4.01,left,0.669941517487,0.314409550956,-0.355531966531,decay
4.02,left,0.669396668272,0.314185624271,-0.355211044001,decay
4.03,left,0.668841108799,0.313963715046,-0.354877393754,decay
4.04,left,0.668275141675,0.313743811775,-0.3545313299,decay
4.05,left,0.667699003905,0.313525903212,-0.354173100692,decay
4.06,left,0.667113252958,0.313309978758,-0.3538032742,decay
4.07,left,0.666519368263,0.313096028383,-0.35342333988,decay
4.08,left,0.665920150167,0.312884042059,-0.353036108108,decay
4.09,left,0.665319866742,0.312674008692,-0.35264585805,decay
4.1,left,0.664724229063,0.312465914544,-0.35225831452,decay
4.11,left,0.66414011445,0.312259741125,-0.351880373325,decay
4.12,left,0.663575113801,0.312055462919,-0.351519650883,decay
4.13,left,0.663037140021,0.311853046161,-0.35118409386,decay
4.14,left,0.662534068793,0.311652449594,-0.350881619199,decay
4.15,left,0.662073219911,0.3114536265,-0.350619593411,decay
4.16,left,0.661660797599,0.311256526775,-0.350404270824,decay
4.17,left,0.661301527923,0.311061098539,-0.350240429384,decay
4.18,left,0.660998374803,0.310867289292,-0.350131085512,decay
4.19,left,0.66075217688,0.310675046634,-0.350077130246,decay
4.2,left,0.660561406346,0.310484318584,-0.350077087762,decay
4.21,left,0.660422227341,0.310295053509,-0.350127173832,decay
4.22,left,0.660328831653,0.310107199812,-0.350221631841,decay
4.23,left,0.660274122398,0.309920705816,-0.350353416582,decay
4.24,left,0.660250678965,0.309735520173,-0.350515158792,decay
4.25,left,0.660251584215,0.309551592569,-0.350699991646,decay
4.26,left,0.660270871383,0.309368874317,-0.350901997066,decay
4.27,left,0.660303777927,0.309187318674,-0.351116459252,decay
4.28,left,0.660346937691,0.309006880882,-0.35134005681,decay
4.29,left,0.660398357578,0.308827517947,-0.351570839631,decay
4.3,left,0.660457129484,0.308649188173,-0.351807941311,decay
4.31,left,0.660523028496,0.308471850432,-0.352051178064,decay
4.32,left,0.660595962052,0.308295463394,-0.352300498658,decay
4.33,left,0.66067520575,0.308119985315,-0.352555220435,decay
4.34,left,0.66075876209,0.307945374865,-0.352813387225,decay
4.35,left,0.660843174388,0.307771592657,-0.353071581731,decay
4.36,left,0.660923691198,0.307598602883,-0.353325088315,decay
4.37,left,0.660994623638,0.307426374812,-0.353568248826,decay
4.38,left,0.661049835247,0.307254884177,-0.35379495107,decay
4.39,left,0.661083115988,0.30708411446,-0.353999001528,decay
4.4,left,0.661088260613,0.306914058133,-0.35417420248,decay
4.41,left,0.661059105795,0.306744717836,-0.354314387959,decay
4.42,left,0.660989823726,0.306576107365,-0.354413716361,decay
4.43,left,0.660875372986,0.306408251858,-0.354467121127,decay
4.44,left,0.660711945611,0.306241186756,-0.354470758855,decay
4.45,left,0.660497436173,0.306074955835,-0.354422480338,decay
4.46,left,0.660231753998,0.305909608906,-0.354322145091,decay
4.47,left,0.659916676769,0.305745199372,-0.354171477396,decay
4.48,left,0.659555389515,0.30558178162,-0.353973607895,decay
4.49,left,0.659152084492,0.305419408195,-0.353732676297,decay
4.5,left,0.658711688152,0.305258126694,-0.353453561458,decay
4.51,left,0.6582396892,0.305097976317,-0.353141712883,decay
4.52,left,0.657742207252,0.304938984492,-0.35280322276,decay
4.53,left,0.657226237378,0.30478116497,-0.352445072409,decay
4.54,left,0.656699701299,0.304624518482,-0.352075182817,decay
4.55,left,0.656171128685,0.304469035104,-0.351702093581,decay
4.56,left,0.655649096121,0.304314696847,-0.351334399274,decay
4.57,left,0.655141459617,0.304161479877,-0.35097997974,decay
4.58,left,0.654654416084,0.304009356361,-0.350645059722,decay
4.59,left,0.654191772049,0.303858295959,-0.35033347609,decay
4.6,left,0.65375470198,0.303708267009,-0.350046434971,decay
4.61,left,0.653341763283,0.303559237418,-0.349782525865,decay
4.62,left,0.652949012822,0.303411175369,-0.349537837453,decay
4.63,left,0.652570469991,0.303264050101,-0.349306419889,decay
4.64,left,0.652198955147,0.30311783297,-0.349081122177,decay
4.65,left,0.651826984558,0.302972498667,-0.348854485891,decay
4.66,left,0.651447518333,0.302828026383,-0.34861949195,decay
4.67,left,0.651054428714,0.302684400824,-0.348370027891,decay
4.68,left,0.650642513606,0.302541613098,-0.348100900508,decay
4.69,left,0.650207153558,0.302399661492,-0.347807492066,decay
4.7,left,0.649744000255,0.302258552151,-0.347485448104,decay
4.71,left,0.649248964847,0.302118299665,-0.347130665182,decay
4.72,left,0.648718509959,0.301978927444,-0.346739582515,decay
4.73,left,0.64815018666,0.301840467449,-0.346309719211,decay
4.74,left,0.647543282331,0.301702958929,-0.345840323402,decay
4.75,left,0.646899218738,0.301566446407,-0.34533277233,decay
4.76,left,0.646221458005,0.301430977308,-0.344790480698,decay
4.77,left,0.645515139979,0.301296599355,-0.344218540624,decay
4.78,left,0.644786736939,0.301163357725,-0.343623379214,decay
4.79,left,0.644043806791,0.301031291875,-0.343012514917,decay
4.8,left,0.643294988322,0.300900431999,-0.342394556323,decay
4.81,left,0.642550245446,0.300770795043,-0.341779450402,decay
4.82,left,0.641820949404,0.30064238082,-0.341178568584,decay
4.83,left,0.641119467281,0.300515170067,-0.340604297214,decay
4.84,left,0.640458396494,0.300389125847,-0.340069270647,decay
4.85,left,0.639849673068,0.300264197241,-0.339585475827,decay
4.86,left,0.639303568607,0.300140323396,-0.339163245211,decay
4.87,left,0.638827706368,0.30001743722,-0.338810269147,decay
4.88,left,0.638426446954,0.299895468705,-0.338530978249,decay
4.89,left,0.638100725768,0.299774347954,-0.338326377814,decay
4.9,left,0.637848136545,0.299654007984,-0.338194128561,decay
4.91,left,0.637663238716,0.299534387358,-0.338128851358,decay
4.92,left,0.637538096983,0.299415432505,-0.338122664477,decay
4.93,left,0.637462852241,0.299297099138,-0.338165753103,decay
4.94,left,0.637426311574,0.299179352326,-0.338246959248,decay
4.95,left,0.637416709381,0.299062165606,-0.338354543775,decay
4.96,left,0.637422455673,0.298945519777,-0.338476935896,decay
4.97,left,0.637432578911,0.298829401649,-0.338603177262,decay
4.98,left,0.637436978762,0.298713802752,-0.338723176009,decay
4.99,left,0.637426747016,0.298598717982,-0.338828029034,decay
5,left,0.637394505871,0.298484144169,-0.338910361702,decay
5.01,left,0.637334645291,0.298370078556,-0.338964566735,decay
5.02,left,0.637243511799,0.298256517358,-0.338986994441,decay
5.03,left,0.637119450824,0.298143455067,-0.338975995757,decay
5.04,left,0.636962487506,0.298030884988,-0.338931602518,decay
5.05,left,0.636773814114,0.29791880063,-0.338855013485,decay
5.06,left,0.636555447484,0.297807197291,-0.338748250193,decay
5.07,left,0.636310021572,0.297696073569,-0.338613948003,decay
5.08,left,0.636040538676,0.29758543281,-0.338455105866,decay
5.09,left,0.635750165492,0.297475284497,-0.338274880995,decay
5.1,left,0.635442037789,0.297365645634,-0.338076392155,decay
5.11,left,0.635118853331,0.297256542106,-0.337862311226,decay
5.12,left,0.63478239217,0.297148009877,-0.337634382293,decay
5.13,left,0.634433339296,0.297040095451,-0.337393243845,decay
5.14,left,0.63407142987,0.296932855165,-0.337138574705,decay
5.15,left,0.633695708456,0.296826353619,-0.336869354837,decay
5.16,left,0.633304877142,0.296720661802,-0.33658421534,decay
5.17,left,0.632897659288,0.296615855113,-0.336281804175,decay
5.18,left,0.632472921691,0.296512011245,-0.335960910445,decay
5.19,left,0.632029645037,0.296409207885,-0.335620437152,decay
5.2,left,0.631567163979,0.296307520168,-0.335259643811,decay
5.21,left,0.63108567199,0.296207017834,-0.334878654157,decay
5.22,left,0.630586604115,0.296107762342,-0.334478841774,decay
5.23,left,0.630072766197,0.296009804901,-0.334062961296,decay
5.24,left,0.629548232563,0.295913186133,-0.333635046429,decay
5.25,left,0.629017936898,0.295817936768,-0.333200000129,decay
5.26,left,0.628487065696,0.29572407832,-0.332762987376,decay
5.27,left,0.627960553735,0.295631623304,-0.332328930431,decay
5.28,left,0.627442754211,0.295540574972,-0.331902179239,decay
5.29,left,0.6269371337,0.295450926537,-0.331486207163,decay
5.3,left,0.626446009483,0.295362659895,-0.331083349588,decay
5.31,left,0.625970493886,0.295275743807,-0.330694750079,decay
5.32,left,0.62551063836,0.295190131979,-0.330320506381,decay
5.33,left,0.625065729524,0.295105762373,-0.329959967151,decay
5.34,left,0.624634817908,0.2950225588,-0.329612259107,decay
5.35,left,0.624217315294,0.294940434041,-0.329276881254,decay
5.36,left,0.623813298709,0.294859293132,-0.328954005577,decay
5.37,left,0.623423508449,0.29477903632,-0.328644472129,decay
5.38,left,0.623049171772,0.294699561679,-0.328349610093,decay
5.39,left,0.622691602455,0.294620767482,-0.328070834973,decay
5.4,left,0.622351712984,0.294542554371,-0.327809158614,decay
5.41,left,0.622029750264,0.294464827398,-0.327564922866,decay
5.42,left,0.621725250458,0.294387497838,-0.32733775262,decay
5.43,left,0.621437001521,0.294310484339,-0.327126517182,decay
5.44,left,0.621163080239,0.294233713118,-0.326929367121,decay
5.45,left,0.620901149004,0.294157117477,-0.326744031527,decay
5.46,left,0.620648815593,0.294080637145,-0.326568178448,decay
5.47,left,0.620403737445,0.294004217668,-0.326399519776,decay
5.48,left,0.620163531181,0.293927809858,-0.326235721323,decay
5.49,left,0.619925635779,0.293851369306,-0.326074266473,decay
5.5,left,0.619687078077,0.293774855978,-0.325912222099,decay
5.51,left,0.619444272171,0.293698233876,-0.325746038295,decay
5.52,left,0.61919318968,0.293621470807,-0.325571718874,decay
5.53,left,0.618929922041,0.293544538317,-0.325385383723,decay
5.54,left,0.618651360873,0.293467411847,-0.325183949027,decay
5.55,left,0.618355864791,0.293390071069,-0.324965793722,decay
5.56,left,0.618043847844,0.293312500384,-0.32473134746,decay
5.57,left,0.617718003791,0.293234689537,-0.324483314255,decay
5.58,left,0.617382988215,0.293156634378,-0.324226353837,decay
5.59,left,0.617044810274,0.293078337781,-0.323966472493,decay
5.6,left,0.616710160334,0.292999810735,-0.323710349598,decay
5.61,left,0.6163856555,0.292921073623,-0.323464581877,decay
5.62,left,0.616077176744,0.29284215742,-0.323235019324,decay
5.63,left,0.615789569311,0.292763103936,-0.323026465375,decay
5.64,left,0.615526621209,0.292683964427,-0.322842656782,decay
5.65,left,0.615291125105,0.292604797058,-0.322686328047,decay
5.66,left,0.615085023659,0.292525664079,-0.32255935958,decay
5.67,left,0.614909528683,0.292446629042,-0.322462899641,decay
5.68,left,0.614764981454,0.292367754028,-0.322397227425,decay
5.69,left,0.61465052482,0.292289096832,-0.322361427988,decay
5.7,left,0.614563836391,0.292210708031,-0.32235312836,decay
5.71,left,0.614500889573,0.292132627892,-0.32236826168,decay
5.72,left,0.614455666102,0.292054883487,-0.322400782615,decay
5.73,left,0.614420170619,0.291977487335,-0.322442683285,decay
5.74,left,0.614385064999,0.291900438577,-0.322484626422,decay
5.75,left,0.614340659444,0.291823725914,-0.32251693353,decay
5.76,left,0.614277930112,0.291747330923,-0.322530599189,decay
5.77,left,0.614189517407,0.291671231236,-0.322518286172,decay
5.78,left,0.614070503486,0.291595403562,-0.322475099924,decay
5.79,left,0.613918716852,0.29151982664,-0.322398890212,decay
5.8,left,0.613734692949,0.291444484134,-0.322290208815,decay
5.81,left,0.613521451624,0.291369367561,-0.322152084063,decay
5.82,left,0.613283970758,0.291294478988,-0.32198949177,decay
5.83,left,0.613028364579,0.291219832686,-0.321808531893,decay
5.84,left,0.612761053804,0.291145455095,-0.321615598709,decay
5.85,left,0.612488047589,0.291071383601,-0.321416663988,decay
5.86,left,0.61221425119,0.290997665014,-0.321216586176,decay
5.87,left,0.611942971244,0.290924354082,-0.321018617163,decay
5.88,left,0.611675908086,0.29085151204,-0.320824396046,decay
5.89,left,0.611413525868,0.290779205168,-0.3206343207,decay
5.9,left,0.611155548437,0.290707503298,-0.320448045139,decay
5.91,left,0.610901544757,0.290636478252,-0.320265066505,decay
5.92,left,0.610651420077,0.29056620225,-0.320085217827,decay
5.93,left,0.610405487147,0.290496746555,-0.319908740592,decay
5.94,left,0.610164209311,0.290428180529,-0.319736028782,decay
5.95,left,0.60992792446,0.290360570913,-0.319567353547,decay
5.96,left,0.609696551181,0.290293980967,-0.319402570214,decay
5.97,left,0.609469251945,0.290228469342,-0.319240782604,decay
5.98,left,0.609244285018,0.290164088607,-0.319080196411,decay
5.99,left,0.609019119047,0.290100883419,-0.318918235628,decay
6,left,0.608790596064,0.290038888281,-0.318751707783,decay
6.01,left,0.608555134388,0.289978124839,-0.318577009549,decay
6.02,left,0.608309145142,0.289918599118,-0.318390546024,decay
6.03,left,0.60804948259,0.289860299993,-0.318189182597,decay
6.04,left,0.607773605659,0.289803199901,-0.317970405757,decay
6.05,left,0.607479515439,0.289747257029,-0.31773225841,decay
6.06,left,0.607165638022,0.289692417601,-0.317473220421,decay
6.07,left,0.606830639614,0.289638617741,-0.317192021874,decay
6.08,left,0.606473311874,0.289585784893,-0.316887526981,decay
6.09,left,0.606092748348,0.289533838853,-0.316558909496,decay
6.1,left,0.60568871856,0.289482692418,-0.316206026142,decay
6.11,left,0.605262017634,0.289432251724,-0.315829765911,decay
6.12,left,0.604814741448,0.28938241643,-0.315432325018,decay
6.13,left,0.604350450482,0.289333080347,-0.315017370134,decay
6.14,left,0.603874054719,0.289284132921,-0.314589921798,decay
6.15,left,0.60339137885,0.289235461329,-0.314155917522,decay
6.16,left,0.602908610352,0.289186952693,-0.313721657658,decay
6.17,left,0.602431693421,0.289138496244,-0.313293197177,decay
6.18,left,0.601965572804,0.289089985467,-0.312875587338,decay
6.19,left,0.601513511095,0.289041320316,-0.312472190778,decay
6.2,left,0.60107683323,0.288992409536,-0.312084423694,decay
6.21,left,0.600655055309,0.288943173158,-0.311711882151,decay
6.22,left,0.600246229716,0.288893544946,-0.31135268477,decay
6.23,left,0.599847520898,0.288843473903,-0.311004046994,decay
6.24,left,0.599455889686,0.288792924197,-0.310662965488,decay
6.25,left,0.599068643134,0.288741874034,-0.3103267691,decay
6.26,left,0.598683847577,0.288690314444,-0.309993533132,decay
6.27,left,0.598300661855,0.288638248366,-0.309662413489,decay
6.28,left,0.597919412125,0.28858569004,-0.309333722084,decay
6.29,left,0.597541301356,0.288532664714,-0.309008636642,decay
6.3,left,0.597168023922,0.288479208643,-0.308688815279,decay
6.31,left,0.596801542216,0.288425369379,-0.308376172837,decay
6.32,left,0.596443913102,0.288371206157,-0.308072706945,decay
6.33,left,0.596097081946,0.288316789765,-0.307780292181,decay
6.34,left,0.595762804344,0.28826220143,-0.307500602915,decay
6.35,left,0.595442708428,0.288207531028,-0.307235177399,decay
6.36,left,0.595138390036,0.288152875201,-0.306985514836,decay
6.37,left,0.594851571117,0.288098335568,-0.306753235549,decay
6.38,left,0.594584232724,0.288044017023,-0.306540215701,decay
6.39,left,0.594338458038,0.287990026048,-0.30634843199,decay
6.4,left,0.594116008755,0.287936468996,-0.306179539759,decay
6.41,left,0.593917949499,0.287883450292,-0.306034499207,decay
6.42,left,0.593744439707,0.287831070608,-0.305913369099,decay
6.43,left,0.593594619207,0.287779425305,-0.305815193901,decay
6.44,left,0.593466729029,0.287728603362,-0.305738125667,decay
6.45,left,0.593358668526,0.287678686546,-0.30567998198,decay
6.46,left,0.593268755177,0.287629748429,-0.305639006748,decay
6.47,left,0.593196298738,0.287581853053,-0.305614445685,decay
6.48,left,0.593141946541,0.287535053206,-0.305606893336,decay
6.49,left,0.593107802649,0.287489388253,-0.305618414396,decay
6.5,left,0.593097158705,0.287444881483,-0.305652277222,decay
6.51,left,0.593113863917,0.287401536913,-0.305712327004,decay
6.52,left,0.593161501874,0.287359336106,-0.305802165768,decay
6.53,left,0.59324242755,0.287318236838,-0.305924190712,decay
6.54,left,0.593356838596,0.28727817501,-0.306078663586,decay
6.55,left,0.593502266528,0.28723906877,-0.306263197758,decay
6.56,left,0.593673696268,0.28720082297,-0.306472873298,decay
6.57,left,0.593864149756,0.287163333245,-0.306700816511,decay
6.58,left,0.594065471988,0.287126489723,-0.306938982265,decay
6.59,left,0.594269114198,0.287090180463,-0.307178933736,decay
6.6,left,0.594466589153,0.287054294695,-0.307412294458,decay
6.61,left,0.594649458692,0.287018725948,-0.307630732744,decay
6.62,left,0.594809326514,0.286983374888,-0.307825951626,decay
6.63,left,0.594938277118,0.286948151191,-0.307990125928,decay
6.64,left,0.595029527088,0.286912973924,-0.308116553164,decay
6.65,left,0.595077941069,0.286877770904,-0.308200170165,decay
6.66,left,0.595080349161,0.28684247783,-0.30823787133,decay
6.67,left,0.595035519851,0.286807037515,-0.308228482336,decay
6.68,left,0.594943639657,0.286771399258,-0.308172240399,decay
6.69,left,0.594805543188,0.286735518353,-0.308070024835,decay
6.7,left,0.594622088175,0.286699355741,-0.307922732433,decay
6.71,left,0.594393794113,0.286662877816,-0.307730916298,decay
6.72,left,0.594120770816,0.286626056315,-0.307494714501,decay
6.73,left,0.593803061416,0.286588868108,-0.307214193308,decay
6.74,left,0.593441223799,0.286551294722,-0.306889929077,decay
6.75,left,0.593036691478,0.286513321723,-0.306523369755,decay
6.76,left,0.592591828747,0.286474938167,-0.30611689058,decay
6.77,left,0.592109932252,0.286436136191,-0.305673796062,decay
6.78,left,0.591595213539,0.286396910764,-0.305198302775,decay
6.79,left,0.591052697077,0.286357259587,-0.30469543749,decay
6.8,left,0.590488127666,0.286317183134,-0.304170944532,decay
6.81,left,0.5899078289,0.286276684857,-0.303631144043,decay
6.82,left,0.589318318828,0.286235771482,-0.303082547346,decay
6.83,left,0.588725809745,0.286194453244,-0.3025313565,decay
6.84,left,0.588135872261,0.286152743944,-0.301983128317,decay
6.85,left,0.587553242162,0.286110660907,-0.301442581255,decay
6.86,left,0.586981674888,0.286068225018,-0.30091344987,decay
6.87,left,0.586424046062,0.286025460909,-0.300398585153,decay
6.88,left,0.58588278939,0.285982397286,-0.299900392105,decay
6.89,left,0.585360332872,0.285939067404,-0.299421265468,decay
6.9,left,0.584859325973,0.285895509696,-0.298963816277,decay
6.91,left,0.584382780712,0.28585176854,-0.298531012171,decay
6.92,left,0.58393404629,0.285807894986,-0.298126151304,decay
6.93,left,0.58351648443,0.285763946803,-0.297752537628,decay
6.94,left,0.583133120359,0.285719987372,-0.297413132987,decay
6.95,left,0.582786488384,0.285676083757,-0.297110404627,decay
6.96,left,0.582478493301,0.285632304532,-0.296846188769,decay
6.97,left,0.5822102263,0.285588717612,-0.296621508688,decay
6.98,left,0.581981916318,0.285545388029,-0.296436528289,decay
6.99,left,0.581792992385,0.285502375621,-0.296290616764,decay
7,left,0.581642085271,0.285459732576,-0.296182352695,decay
7.01,left,0.581527065138,0.285417500767,-0.296109564371,decay
7.02,left,0.581445288792,0.285375709196,-0.296069579595,decay
7.03,left,0.58139390002,0.285334372583,-0.296059527437,decay
7.04,left,0.581369957282,0.285293491908,-0.296076465374,decay
7.05,left,0.581370391474,0.285253056277,-0.296117335197,decay
7.06,left,0.581391799708,0.285213045,-0.296178754708,decay
7.07,left,0.581430098941,0.285173429439,-0.296256669502,decay
7.08,left,0.581480321603,0.285134174624,-0.296346146979,decay
7.09,left,0.581536755849,0.285095240676,-0.296441515173,decay
7.1,left,0.581593249545,0.285056584051,-0.296536665493,decay
7.11,left,0.581643502831,0.285018158656,-0.296625344175,decay
7.12,left,0.581681396374,0.284979916871,-0.296701479503,decay
7.13,left,0.581701344515,0.28494181061,-0.296759533905,decay
7.14,left,0.581698566317,0.284903792486,-0.29679477383,decay
7.15,left,0.581669344563,0.284865817084,-0.296803527478,decay
7.16,left,0.581611406724,0.28482784228,-0.296783564444,decay
7.17,left,0.581524235888,0.284789830599,-0.296734405289,decay
7.18,left,0.581409018668,0.284751750654,-0.296657268014,decay
7.19,left,0.581268270374,0.284713578686,-0.296554691687,decay
7.2,left,0.58110528337,0.284675300241,-0.296429983128,decay
7.21,left,0.580923480009,0.284636912017,-0.296286567993,decay
7.22,left,0.58072598973,0.284598423595,-0.296127566136,decay
7.23,left,0.580515817311,0.284559858085,-0.295955959226,decay
7.24,left,0.58029643152,0.284521250953,-0.295775180567,decay
7.25,left,0.580072235522,0.284482647555,-0.295589587967,decay
7.26,left,0.579848638877,0.284444100397,-0.29540453848,decay
7.27,left,0.579631734034,0.284405666448,-0.295226067586,decay
7.28,left,0.579427582611,0.28436740453,-0.295060178081,decay
7.29,left,0.579241306378,0.284329372693,-0.294911933686,decay
7.3,left,0.579076502553,0.284291625542,-0.294784877011,decay
7.31,left,0.578935265482,0.284254211452,-0.294681054029,decay
7.32,left,0.578818577148,0.284217169942,-0.294601407206,decay
7.33,left,0.578726785391,0.284180530176,-0.294546255216,decay
7.34,left,0.578659981096,0.28414431134,-0.294515669756,decay
7.35,left,0.578618002245,0.284108524296,-0.294509477949,decay
7.36,left,0.578600009286,0.284073173473,-0.294526835813,decay
7.37,left,0.578603987973,0.284038258586,-0.294565729387,decay
7.38,left,0.578626517312,0.284003776174,-0.294622741138,decay
7.39,left,0.578662849205,0.283969720973,-0.294693128233,decay
7.4,left,0.578707266799,0.283936087156,-0.294771179643,decay
7.41,left,0.578753634742,0.283902869454,-0.294850765288,decay
7.42,left,0.578795835481,0.283870064084,-0.294925771397,decay
7.43,left,0.578827836674,0.283837669205,-0.29499016747,decay
7.44,left,0.578843605922,0.283805684675,-0.295037921247,decay
7.45,left,0.578837232885,0.283774111297,-0.295063121587,decay
7.46,left,0.578803206624,0.283742949824,-0.295060256799,decay
7.47,left,0.578736696048,0.283712199858,-0.29502449619,decay
7.48,left,0.578633912401,0.283681858623,-0.294952053778,decay
7.49,left,0.578492464185,0.283651919603,-0.294840544583,decay
7.5,left,0.578311482834,0.283622371008,-0.294689111826,decay
7.51,left,0.578091624129,0.283593194066,-0.294498430063,decay
7.52,left,0.577835100691,0.283564361397,-0.294270739294,decay
7.53,left,0.577545614197,0.283535836385,-0.294009777812,decay
7.54,left,0.577228106723,0.283507574232,-0.293720532491,decay
7.55,left,0.576888455093,0.283479524199,-0.293408930895,decay
7.56,left,0.57653311679,0.283451632111,-0.293081484679,decay
7.57,left,0.57616864138,0.283423842796,-0.292744798584,decay
7.58,left,0.575801278038,0.283396102459,-0.292405175579,decay
7.59,left,0.575436978569,0.283368361058,-0.292068617511,decay
7.6,left,0.575081563238,0.283340574725,-0.291740988513,decay
7.61,left,0.574740690651,0.283312708286,-0.291427982365,decay
7.62,left,0.574419720433,0.283284737627,-0.291134982806,decay
7.63,left,0.574123570466,0.283256651035,-0.290866919432,decay
7.64,left,0.573856404145,0.283228448831,-0.290627955314,decay
7.65,left,0.573621138565,0.283200141836,-0.290420996729,decay
7.66,left,0.573418928682,0.283171749595,-0.290247179087,decay
7.67,left,0.573248671253,0.283143298736,-0.290105372518,decay
7.68,left,0.573106710628,0.28311482146,-0.289991889168,decay
7.69,left,0.572987163352,0.283086354135,-0.289900809218,decay
7.7,left,0.572882946646,0.28305793596,-0.289825010686,decay
7.71,left,0.572787069064,0.283029607675,-0.289757461388,decay
7.72,left,0.572693787069,0.283001410349,-0.28969237672,decay
7.73,left,0.572599442709,0.282973384428,-0.289626058281,decay
7.74,left,0.572502643,0.282945569194,-0.289557073807,decay
7.75,left,0.57240360044,0.282918002469,-0.289485597971,decay
7.76,left,0.572303113232,0.282890720351,-0.289412392881,decay
7.77,left,0.572201786463,0.282863756865,-0.289338029598,decay
7.78,left,0.572099601709,0.282837143508,-0.289262458201,decay
7.79,left,0.571995760834,0.282810908675,-0.289184852159,decay
7.8,left,0.571888786906,0.282785076953,-0.289103709953,decay
7.81,left,0.571776743555,0.282759668249,-0.289017075306,decay
7.82,left,0.571657488844,0.28273469687,-0.288922791974,decay
7.83,left,0.571529023733,0.282710170883,-0.288818852849,decay
7.84,left,0.571389800712,0.28268609202,-0.288703708692,decay
7.85,left,0.571238687845,0.282662455917,-0.288576231928,decay
7.86,left,0.571074614361,0.282639252315,-0.288435362047,decay
7.87,left,0.570896340168,0.282616465062,-0.288279875105,decay
7.88,left,0.570702556591,0.282594071926,-0.288108484665,decay
7.89,left,0.570492092014,0.282572044193,-0.28792004782,decay
7.9,left,0.570264126503,0.282550346077,-0.287713780426,decay
7.91,left,0.57001841326,0.282528933915,-0.287489479345,decay
7.92,left,0.569755264803,0.282507755363,-0.287247509439,decay
7.93,left,0.56947524814,0.282486749217,-0.286988498923,decay
7.94,left,0.569178914684,0.282465846329,-0.286713068355,decay
7.95,left,0.568866738965,0.282444971302,-0.286421767663,decay
7.96,left,0.56853916852,0.282424044359,-0.286115124161,decay
7.97,left,0.568196735844,0.282402983143,-0.285793752701,decay
7.98,left,0.56784020775,0.282381704506,-0.285458503244,decay
7.99,left,0.567470607571,0.282360126307,-0.285110481264,decay
8,left,0.567089037211,0.28233816929,-0.284750867921,decay
8.01,left,0.5666965915,0.282315759072,-0.284380832427,decay
8.02,left,0.566294647049,0.28229282815,-0.284001818899,decay
8.03,left,0.565885363107,0.282269317436,-0.28361604567,decay
8.04,left,0.565472085952,0.282245177001,-0.28322690895,decay
8.05,left,0.565059481266,0.282220366321,-0.282839114945,decay
8.06,left,0.564653202606,0.282194854601,-0.282458348006,decay
8.07,left,0.564259074956,0.282168621396,-0.28209045356,decay
8.08,left,0.563882176972,0.282141657577,-0.281740519396,decay
8.09,left,0.563526180524,0.282113966652,-0.281412213872,decay
8.1,left,0.563192994339,0.282085566476,-0.281107427863,decay
8.11,left,0.562882778362,0.282056491361,-0.280826287001,decay
8.12,left,0.562594477809,0.282026794165,-0.280567683644,decay
8.13,left,0.56232673898,0.281996546898,-0.280330192081,decay
8.14,left,0.56207877973,0.28196583876,-0.28011294097,decay
8.15,left,0.561850939013,0.281934772385,-0.279916166629,decay
8.16,left,0.561644820702,0.281903459736,-0.279741360966,decay
8.17,left,0.561462870032,0.281872018189,-0.279590851843,decay
8.18,left,0.561307451666,0.281840566754,-0.279466884911,decay
8.19,left,0.561179935027,0.281809222366,-0.279370712661,decay
8.2,left,0.561080155191,0.281778096136,-0.279302059055,decay
8.21,left,0.561006252191,0.281747289487,-0.279258962703,decay
8.22,left,0.560954915504,0.281716890518,-0.279238024986,decay
8.23,left,0.560922011711,0.281686971838,-0.279235039872,decay
8.24,left,0.560903234455,0.281657590842,-0.279245643613,decay
8.25,left,0.560894469078,0.281628791624,-0.279265677454,decay
8.26,left,0.56089196361,0.281600607183,-0.279291356426,decay
8.27,left,0.560892423948,0.281573061339,-0.279319362609,decay
8.28,left,0.560892980107,0.281546170362,-0.279346809745,decay
8.29,left,0.560891111576,0.281519944316,-0.279371167261,decay
8.3,left,0.560884736174,0.281494388138,-0.279390348035,decay
8.31,left,0.560872367872,0.281469502479,-0.279402865393,decay
8.32,left,0.560853124223,0.281445284318,-0.279407839905,decay
8.33,left,0.560826706781,0.281421727468,-0.279404979313,decay
8.34,left,0.560793459753,0.281398823015,-0.279394636738,decay
8.35,left,0.560754253339,0.281376559671,-0.279377693668,decay
8.36,left,0.560710110816,0.281354923958,-0.279355186858,decay
8.37,left,0.560661824913,0.281333900202,-0.279327924711,decay
8.38,left,0.560609650789,0.281313470332,-0.279296180457,decay
8.39,left,0.560553058872,0.281293613487,-0.279259445384,decay
8.4,left,0.560490730862,0.281274305431,-0.279216425431,decay
8.41,left,0.560420904302,0.28125551777,-0.279165386532,decay
8.42,left,0.560341843245,0.281237217132,-0.279104626112,decay
8.43,left,0.560252284905,0.281219364822,-0.279032920082,decay
8.44,left,0.560151960456,0.281201917338,-0.278950043118,decay
8.45,left,0.560041984929,0.281184827479,-0.27885715745,decay
8.46,left,0.559924657193,0.281168045532,-0.278756611661,decay
8.47,left,0.559802760211,0.281151520348,-0.278651239863,decay
8.48,left,0.55967881812,0.281135200316,-0.278543617804,decay
8.49,left,0.559554367929,0.281119034268,-0.278435333661,decay
8.5,left,0.559429198614,0.281102972334,-0.278326226279,decay
8.51,left,0.559300840736,0.28108696679,-0.278213873947,decay
8.52,left,0.559164497559,0.28107097282,-0.278093524739,decay
8.53,left,0.55901338793,0.281054949014,-0.277958438916,decay
8.54,left,0.558839615814,0.281038857414,-0.2778007584,decay
8.55,left,0.558635578965,0.281022663268,-0.277612915696,decay
8.56,left,0.558395379149,0.281006334743,-0.277389044406,decay
8.57,left,0.558115629011,0.280989842698,-0.277125786313,decay
8.58,left,0.557795643443,0.280973160542,-0.276822482901,decay
8.59,left,0.557437224145,0.28095626416,-0.276480959985,decay
8.6,left,0.557044042938,0.280939131937,-0.276104911001,decay
8.61,left,0.556620818458,0.280921744869,-0.27569907359,decay
8.62,left,0.556172696597,0.2809040867,-0.275268609897,decay
8.63,left,0.555704943675,0.280886143833,-0.274818799842,decay
8.64,left,0.55522286139,0.280867904839,-0.27435495655,decay
8.65,left,0.554731941323,0.280849359699,-0.273882581624,decay
8.66,left,0.554238099209,0.280830499026,-0.273407600183,decay
8.67,left,0.553747607961,0.28081131337,-0.272936294591,decay
8.68,left,0.553266656693,0.280791792592,-0.272474864101,decay
8.69,left,0.552800825647,0.28077192532,-0.272028900327,decay
8.7,left,0.552354663238,0.280751698462,-0.271602964776,decay
8.71,left,0.551931383458,0.280731096781,-0.271200286677,decay
8.72,left,0.551532835739,0.280710102607,-0.270822733132,decay
8.73,left,0.551159865944,0.280688695919,-0.270471170026,decay
8.74,left,0.550812775275,0.28066685499,-0.270145920285,decay
8.75,left,0.550491571036,0.280644557472,-0.269847013564,decay
8.76,left,0.550196097996,0.280621781688,-0.269574316308,decay
8.77,left,0.549926137262,0.280598508062,-0.2693276292,decay
8.78,left,0.549681456706,0.280574720701,-0.269106736004,decay
8.79,left,0.549461927916,0.28055040916,-0.268911518756,decay
8.8,left,0.549267699867,0.280525570422,-0.268742129445,decay
8.81,left,0.549099221402,0.28050021113,-0.268599010272,decay
8.82,left,0.548957089457,0.280474349732,-0.268482739725,decay
8.83,left,0.548841869723,0.280448017425,-0.268393852298,decay
8.84,left,0.548753819487,0.280421257059,-0.268332562428,decay
8.85,left,0.548692312089,0.280394120613,-0.268298191477,decay
8.86,left,0.548655135272,0.280366666392,-0.26828846888,decay
8.87,left,0.548638123584,0.280338956384,-0.268299167199,decay
8.88,left,0.548635280529,0.280311053744,-0.268324226785,decay
8.89,left,0.548639288109,0.280283020371,-0.268356267738,decay
8.9,left,0.548642389875,0.280254914505,-0.26838747537,decay
8.91,left,0.548637467241,0.280226788309,-0.268410678932,decay
8.92,left,0.548618909566,0.280198685631,-0.268420223935,decay
8.93,left,0.548583126727,0.280170640757,-0.26841248597,decay
8.94,left,0.548528766363,0.28014267873,-0.268386087633,decay
8.95,left,0.548456604998,0.28011481677,-0.268341788228,decay
8.96,left,0.548369178965,0.280087065937,-0.268282113028,decay
8.97,left,0.548270412453,0.280059432702,-0.26821097975,decay
8.98,left,0.548165268349,0.280031920416,-0.268133347934,decay
8.99,left,0.548059128658,0.280004530699,-0.268054597959,decay
9,left,0.547956896382,0.279977264779,-0.267979631603,decay
9.01,left,0.547862277361,0.279950124783,-0.267912152578,decay
9.02,left,0.547777466522,0.279923114951,-0.267854351571,decay
9.03,left,0.54770302489,0.27989624257,-0.267806782319,decay
9.04,left,0.54763791856,0.279869518485,-0.267768400074,decay
9.05,left,0.547579834206,0.279842957317,-0.267736876889,decay
9.06,left,0.547525548136,0.2798165776,-0.267708970535,decay
9.07,left,0.547471153405,0.279790401941,-0.267680751464,decay
9.08,left,0.547412330799,0.279764457186,-0.267647873614,decay
9.09,left,0.547344765485,0.279738774611,-0.267605990875,decay
9.1,left,0.547264553144,0.27971339012,-0.267551163023,decay
9.11,left,0.547168576742,0.279688344456,-0.267480232286,decay
9.12,left,0.547054934015,0.27966368327,-0.267391250745,decay
9.13,left,0.546923218357,0.279639456648,-0.267283761708,decay
9.14,left,0.546774388872,0.279615717758,-0.267158671114,decay
9.15,left,0.546610373896,0.279592520808,-0.267017853087,decay
9.16,left,0.546433694126,0.279569918725,-0.266863775401,decay
9.17,left,0.546247125235,0.279547960641,-0.266699164594,decay
9.18,left,0.546053464261,0.279526689192,-0.266526775069,decay
9.19,left,0.545855532887,0.279506137529,-0.266349395357,decay
9.2,left,0.545656185829,0.27948632603,-0.2661698598,decay
9.21,left,0.54545807504,0.279467258608,-0.265990816433,decay
9.22,left,0.545263352547,0.27944891916,-0.265814433387,decay
9.23,left,0.545073464579,0.279431269841,-0.265642194738,decay
9.24,left,0.544888933718,0.279414252485,-0.265474681233,decay
9.25,left,0.544709248147,0.279397792189,-0.265311455959,decay
9.26,left,0.54453317506,0.279381801289,-0.265151373771,decay
9.27,left,0.544359459411,0.279366183071,-0.26499327634,decay
9.28,left,0.544187527258,0.279350835207,-0.26483669205,decay
9.29,left,0.544017985652,0.279335653022,-0.264682332631,decay
9.3,left,0.543852886156,0.279320532641,-0.264532353515,decay
9.31,left,0.543695559933,0.279305374122,-0.264390185811,decay
9.32,left,0.543549997904,0.27929008435,-0.264259913554,decay
9.33,left,0.543420180831,0.279274578926,-0.264145601905,decay
9.34,left,0.54330961694,0.279258782448,-0.264050834492,decay
9.35,left,0.543221029069,0.279242627714,-0.263978401355,decay
9.36,left,0.543156258652,0.279226054725,-0.263930203926,decay
9.37,left,0.543116431163,0.279209009866,-0.263907421297,decay
9.38,left,0.543102139396,0.279191445285,-0.263910694111,decay
9.39,left,0.54311347453,0.279173318492,-0.263940156039,decay
9.4,left,0.543150001916,0.279154592163,-0.263995409752,decay
9.41,left,0.543210713324,0.279135234179,-0.264075479144,decay
9.42,left,0.543293858482,0.27911521782,-0.264178640663,decay
9.43,left,0.543396782233,0.279094521945,-0.264302260288,decay
9.44,left,0.54351602266,0.279073131016,-0.264442891643,decay
9.45,left,0.543647572928,0.279051035071,-0.264596537858,decay
9.46,left,0.543787042646,0.279028229868,-0.264758812778,decay
9.47,left,0.543929769108,0.279004717297,-0.264925051811,decay
9.48,left,0.54407102175,0.278980506061,-0.265090515689,decay
9.49,left,0.544206239804,0.278955612639,-0.265250627165,decay
9.5,left,0.544331264244,0.278930062562,-0.265401201682,decay
9.51,left,0.544442542461,0.278903891981,-0.26553865048,decay
9.52,left,0.544537049555,0.27887714926,-0.265659900295,decay
9.53,left,0.544611788359,0.278849895524,-0.265761892835,decay
9.54,left,0.544663241464,0.278822203415,-0.265841038049,decay
9.55,left,0.544687185754,0.278794154605,-0.265893031149,decay
9.56,left,0.544678861562,0.278765837066,-0.265913024495,decay
9.57,left,0.544633403624,0.27873734251,-0.265896061114,decay
9.58,left,0.544546568163,0.278708763938,-0.265837804225,decay
9.59,left,0.544415528852,0.278680193266,-0.265735335586,decay
9.6,left,0.544239304695,0.278651718952,-0.265587585743,decay
9.61,left,0.544018736571,0.278623423563,-0.265395313008,decay
9.62,left,0.543756158625,0.278595381492,-0.265160777134,decay
9.63,left,0.543454767879,0.278567657571,-0.264887110308,decay
9.64,left,0.543117842464,0.278540307159,-0.264577535305,decay
9.65,left,0.542748178653,0.278513377224,-0.264234801429,decay
9.66,left,0.542347856932,0.278486907569,-0.263860949363,decay
9.67,left,0.541918212771,0.278460931876,-0.263457280896,decay
9.68,left,0.541460072549,0.278435478532,-0.263024594017,decay
9.69,left,0.540974313605,0.278410571254,-0.262563742351,decay
9.7,left,0.540462435199,0.278386229501,-0.262076205698,decay
9.71,left,0.539926803891,0.278362468686,-0.261564335205,decay
9.72,left,0.539370647056,0.278339300242,-0.261031346814,decay
9.73,left,0.538797940139,0.278316731734,-0.260481208406,decay
9.74,left,0.538213144097,0.278294767152,-0.259918376944,decay
9.75,left,0.537620957581,0.278273407293,-0.259347550288,decay
9.76,left,0.537026371439,0.278252650016,-0.258773721423,decay
9.77,left,0.536434916937,0.278232490321,-0.258202426616,decay
9.78,left,0.535852832409,0.278212920215,-0.257639912194,decay
9.79,left,0.535287120305,0.278193928394,-0.257093191911,decay
9.8,left,0.53474546178,0.27817549972,-0.25656996206,decay
9.81,left,0.534235795527,0.278157614484,-0.256078181043,decay
9.82,left,0.533765604958,0.278140247638,-0.25562535732,decay
9.83,left,0.533341222327,0.278123368472,-0.255217853856,decay
9.84,left,0.532967271555,0.278106941155,-0.254860330399,decay
9.85,left,0.532646230578,0.27809092585,-0.254555304728,decay
9.86,left,0.532378263169,0.278075279879,-0.254302983289,decay
9.87,left,0.532161381316,0.278059958777,-0.254101422539,decay
9.88,left,0.531991665653,0.278044917206,-0.253946748447,decay
9.89,left,0.531863392823,0.278030109791,-0.253833283032,decay
9.9,left,0.53176923957,0.27801549187,-0.253753747699,decay
9.91,left,0.531700568204,0.278001020207,-0.253699547997,decay
9.92,left,0.531647635935,0.277986653629,-0.253660982306,decay
9.93,left,0.531599841816,0.277972353495,-0.25362748832,decay
9.94,left,0.531546190256,0.277958083896,-0.25358810636,decay
9.95,left,0.531475846517,0.277943811686,-0.253532034831,decay
9.96,left,0.531378608422,0.277929506493,-0.253449101928,decay
9.97,left,0.531245351293,0.277915140765,-0.253330210528,decay
9.98,left,0.531068505421,0.277900689865,-0.253167815556,decay
9.99,left,0.530842432529,0.277886132241,-0.252956300288,decay
10,left,0.530563630069,0.277871449647,-0.252692180422,decay
10.01,left,0.530230864557,0.277856627461,-0.252374237096,decay
10.02,left,0.529845213503,0.277841655011,-0.252003558492,decay
10.03,left,0.529409958421,0.277826525736,-0.251583432685,decay
10.04,left,0.528930531738,0.277811237008,-0.25111929473,decay
10.05,left,0.528414594974,0.277795789759,-0.250618805216,decay
10.06,left,0.527871926182,0.277780188092,-0.25009173809,decay
10.07,left,0.52731395203,0.27776443899,-0.249549513039,decay
10.08,left,0.526753157526,0.277748552099,-0.249004605427,decay
10.09,left,0.526202551413,0.27773253959,-0.248470011823,decay
10.1,left,0.525675178551,0.277716416104,-0.247958762447,decay
10.11,left,0.525183709316,0.277700198758,-0.247483510558,decay
10.12,left,0.52474004358,0.277683907171,-0.247056136409,decay
10.13,left,0.524354641867,0.277667563311,-0.246687078556,decay
10.14,left,0.524035540895,0.277651191052,-0.246384349843,decay
10.15,left,0.523787538599,0.277634815504,-0.246152723096,decay
10.16,left,0.523611917067,0.277618462287,-0.24599345478,decay
10.17,left,0.523506542724,0.277602156817,-0.245904385907,decay
10.18,left,0.523466198747,0.277585923575,-0.245880275172,decay
10.19,left,0.523483211058,0.277569785354,-0.245913425704,decay
10.2,left,0.523548250355,0.277553762455,-0.2459944879,decay
10.21,left,0.523651137488,0.277537871829,-0.246113265659,decay
10.22,left,0.523781646761,0.277522126236,-0.246259520525,decay
10.23,left,0.523930225824,0.277506533759,-0.246423692065,decay
10.24,left,0.524088502708,0.277491097897,-0.246597404811,decay
10.25,left,0.524249713298,0.27747581806,-0.246773895238,decay
10.26,left,0.524409189763,0.277460690112,-0.246948499651,decay
10.27,left,0.524564638446,0.277445706832,-0.247118931614,decay
10.28,left,0.524715905554,0.277430858291,-0.247285047263,decay
10.29,left,0.524864408948,0.277416132144,-0.247448276803,decay
10.3,left,0.525012505045,0.277401513858,-0.247610991186,decay
10.31,left,0.525162754202,0.277386986866,-0.247775767336,decay
10.32,left,0.525317151368,0.277372532674,-0.247944618694,decay
10.33,left,0.525476595983,0.277358130948,-0.248118465035,decay
10.34,left,0.525640621529,0.277343759593,-0.248296861935,decay
10.35,left,0.525807310002,0.277329394837,-0.248477915165,decay
10.36,left,0.525973594909,0.277315011279,-0.248658583631,decay
10.37,left,0.526136001927,0.277300581922,-0.248835420004,decay
10.38,left,0.526291447597,0.277286078181,-0.249005369417,decay
10.39,left,0.526437860835,0.277271469871,-0.249166390964,decay
10.4,left,0.52657469048,0.277256725202,-0.249317965278,decay
10.41,left,0.526703178689,0.277241810764,-0.249461367924,decay
10.42,left,0.526826164673,0.277226691574,-0.249599473099,decay
10.43,left,0.526947509022,0.277211331339,-0.249736177683,decay
10.44,left,0.52707140385,0.277195693073,-0.249875710777,decay
10.45,left,0.527201603733,0.277179739979,-0.250021863754,decay
10.46,left,0.527340605208,0.27716343649,-0.250177168718,decay
10.47,left,0.527489068186,0.277146749396,-0.25034231879,decay
10.48,left,0.527645636306,0.277129649118,-0.250515987188,decay
10.49,left,0.527807042028,0.277112111113,-0.250694930914,decay
10.5,left,0.527968486777,0.277094117483,-0.250874369294,decay
10.51,left,0.52812430588,0.277075658783,-0.251048647098,decay
10.52,left,0.52826872516,0.277056735806,-0.251211989354,decay
10.53,left,0.528396564554,0.277037360505,-0.251359204049,decay
10.54,left,0.52850388668,0.277017555403,-0.251486331277,decay
10.55,left,0.528588440945,0.276997351994,-0.251591088951,decay
10.56,left,0.528649644925,0.276976788983,-0.251672855942,decay
10.57,left,0.528688161831,0.276955910714,-0.251732251116,decay
10.58,left,0.528705386444,0.276934765779,-0.251770620665,decay
10.59,left,0.528702892715,0.276913405766,-0.25178948695,decay
10.6,left,0.528681810539,0.276891884127,-0.251789926412,decay
10.61,left,0.528642466754,0.27687025513,-0.251772211624,decay
10.62,left,0.528584553605,0.276848572888,-0.251735980716,decay
10.63,left,0.528507560978,0.276826890525,-0.251680670454,decay
10.64,left,0.528411145749,0.276805259502,-0.251605886248,decay
10.65,left,0.528295400309,0.276783729053,-0.251511671256,decay
10.66,left,0.528160945578,0.2767623456,-0.251398599978,decay
10.67,left,0.528008727081,0.27674115211,-0.251267574971,decay
10.68,left,0.527839724284,0.276720187351,-0.251119536933,decay
10.69,left,0.527654858052,0.276699485042,-0.250955373009,decay
10.7,left,0.527454989189,0.276679072864,-0.250775916324,decay
10.71,left,0.527240855646,0.276658971307,-0.25058188434,decay
10.72,left,0.527013143246,0.27663919253,-0.250373950716,decay
10.73,left,0.526772816642,0.276619739824,-0.250153076817,decay
10.74,left,0.526521545886,0.276600608127,-0.249920937759,decay
10.75,left,0.526262179475,0.276581785245,-0.24968039423,decay
10.76,left,0.525999227025,0.276563253166,-0.249435973859,decay
10.77,left,0.525738992747,0.276544989229,-0.249194003518,decay
10.78,left,0.525489135363,0.276526967144,-0.248962168219,decay
10.79,left,0.525257891748,0.276509157887,-0.248748733862,decay
10.8,left,0.525053216365,0.276491530492,-0.248561685873,decay
10.81,left,0.524881911564,0.27647405276,-0.248407858804,decay
10.82,left,0.524748893956,0.276456691892,-0.248292202064,decay
10.83,left,0.524656732797,0.276439415042,-0.248217317755,decay
10.84,left,0.524605393347,0.27642218979,-0.248183203557,decay
10.85,left,0.524592139557,0.276404984556,-0.248187155001,decay
10.86,left,0.524611770106,0.276387769011,-0.248224001096,decay
10.87,left,0.524657244858,0.276370514493,-0.248286730366,decay
10.88,left,0.524720405725,0.276353194457,-0.248367211268,decay
10.89,left,0.524792559277,0.276335784971,-0.248456774306,decay
10.9,left,0.524864932348,0.27631826526,-0.248546667088,decay
10.91,left,0.524928925156,0.276300618332,-0.248628306824,decay
10.92,left,0.524976130103,0.276282831602,-0.248693298501,decay
10.93,left,0.524998405459,0.276264897274,-0.248733508185,decay
10.94,left,0.524988235413,0.276246812286,-0.248741423126,decay
10.95,left,0.524939246737,0.276228577984,-0.248710668753,decay
10.96,left,0.524846716505,0.276210199767,-0.248636516738,decay
10.97,left,0.52470801906,0.276191686839,-0.248516332221,decay
10.98,left,0.524522818559,0.276173052047,-0.248349766512,decay
10.99,left,0.524292829402,0.276154311813,-0.248138517589,decay
11,left,0.524021389539,0.276135486158,-0.247885903381,decay
11.01,left,0.523713214027,0.2761165988,-0.247596615227,decay
11.02,left,0.523374291921,0.276097677281,-0.247276614641,decay
11.03,left,0.523011765691,0.27607875292,-0.246933012771,decay
11.04,left,0.522633845333,0.276059860455,-0.246573984878,decay
11.05,left,0.522249666266,0.276041037457,-0.24620862881,decay
11.06,left,0.521868823359,0.276022323695,-0.245846499664,decay
11.07,left,0.521500615325,0.276003760522,-0.245496854803,decay
11.08,left,0.521153254358,0.275985390241,-0.245167864117,decay
11.09,left,0.520833157853,0.275967255464,-0.244865902389,decay
11.1,left,0.52054443188,0.275949398418,-0.244595033462,decay
11.11,left,0.520288735604,0.275931860187,-0.244356875417,decay
11.12,left,0.520065500081,0.27591467989,-0.244150820191,decay
11.13,left,0.519872226492,0.275897893823,-0.243974332669,decay
11.14,left,0.519704760402,0.275881534588,-0.243823225814,decay
11.15,left,0.51955767867,0.275865630167,-0.243692048503,decay
11.16,left,0.51942470837,0.275850202823,-0.243574505547,decay
11.17,left,0.519298977965,0.275835267822,-0.243463710142,decay
11.18,left,0.519173249629,0.275820831907,-0.243352417722,decay
11.19,left,0.519040334166,0.275806891518,-0.243233442648,decay
11.2,left,0.518893594467,0.275793430734,-0.243100163733,decay
11.21,left,0.518727479964,0.275780418876,-0.242947061088,decay
11.22,left,0.518538146074,0.275767808251,-0.242770337823,decay
11.23,left,0.518323970826,0.275755533454,-0.242568437372,decay
11.24,left,0.51808569689,0.27574351335,-0.24234218354,decay
11.25,left,0.517826245572,0.27573165494,-0.242094590631,decay
11.26,left,0.517550313727,0.275719857665,-0.241830456062,decay
11.27,left,0.517263644122,0.275708017594,-0.241555626529,decay
11.28,left,0.516972044333,0.275696031551,-0.241276012782,decay
11.29,left,0.516680570276,0.275683801265,-0.240996769012,decay
11.3,left,0.516393094146,0.275671237624,-0.240721856521,decay
11.31,left,0.516112169645,0.275658265152,-0.240453904493,decay
11.32,left,0.515839252872,0.27564482626,-0.240194426613,decay
11.33,left,0.515575319727,0.275630883814,-0.239944435913,decay
11.34,left,0.515321485434,0.275616420874,-0.23970506456,decay
11.35,left,0.515079246559,0.275601438514,-0.239477808044,decay
11.36,left,0.514850404637,0.275585953327,-0.23926445131,decay
11.37,left,0.514636778107,0.275569995249,-0.239066782858,decay
11.38,left,0.514439735575,0.275553605719,-0.238886129856,decay
11.39,left,0.514259817641,0.275536836141,-0.2387229815,decay
11.4,left,0.514096727719,0.275519746611,-0.238576981108,decay
11.41,left,0.513949583308,0.275502404875,-0.238447178433,decay
11.42,left,0.513817168424,0.275484885381,-0.238332283043,decay
11.43,left,0.513698191374,0.275467268029,-0.238230923346,decay
11.44,left,0.513591593244,0.275449636335,-0.238141956909,decay
11.45,left,0.513496710356,0.275432075154,-0.238064635202,decay
11.46,left,0.513413232121,0.275414668253,-0.237998563868,decay
11.47,left,0.513341117605,0.275397495849,-0.237943621757,decay
11.48,left,0.513280370121,0.275380632047,-0.237899738074,decay
11.49,left,0.513230490716,0.275364142126,-0.23786634859,decay
11.5,left,0.513189856519,0.275348079598,-0.237841776922,decay
11.51,left,0.513155409255,0.275332483002,-0.237822926254,decay
11.52,left,0.513122778168,0.275317372804,-0.237805405364,decay
11.53,left,0.513086831286,0.275302749793,-0.237784081494,decay
11.54,left,0.513042527308,0.275288596006,-0.237753931301,decay
11.55,left,0.512985661478,0.275274877393,-0.237710784084,decay
11.56,left,0.512913170327,0.275261546765,-0.237651623562,decay
11.57,left,0.512823129856,0.275248546482,-0.237574583375,decay
11.58,left,0.51271466444,0.275235810879,-0.23747885356,decay
11.59,left,0.512587674788,0.275223268484,-0.237364406303,decay
11.6,left,0.512442418932,0.275210844069,-0.237231574863,decay
11.61,left,0.512279282,0.275198460601,-0.237080821399,decay
11.62,left,0.512098763247,0.275186041042,-0.236912722205,decay
11.63,left,0.511901358213,0.27517350974,-0.236727848474,decay
11.64,left,0.511687304745,0.275160793248,-0.236526511497,decay
11.65,left,0.511456396499,0.275147820759,-0.23630857574,decay
11.66,left,0.511207843374,0.275134524493,-0.236073318881,decay
11.67,left,0.51094015917,0.275120840187,-0.235819318983,decay
11.68,left,0.510651282624,0.275106707719,-0.235544574905,decay
11.69,left,0.510338989727,0.275092071902,-0.235246917825,decay
11.7,left,0.510001393651,0.275076883456,-0.234924510196,decay
11.71,left,0.509637435414,0.275061100214,-0.2345763352,decay
11.72,left,0.509247376396,0.275044688372,-0.234202688024,decay
11.73,left,0.508833072557,0.275027623215,-0.233805449342,decay
11.74,left,0.508397832675,0.275009888871,-0.233387943804,decay
11.75,left,0.507946121284,0.274991477449,-0.232954643835,decay
11.76,left,0.507483381647,0.274972388187,-0.23251099346,decay
11.77,left,0.507015851985,0.27495262686,-0.232063225125,decay
11.78,left,0.506550268272,0.274932205464,-0.231618062809,decay
11.79,left,0.506093508794,0.274911142162,-0.231182366632,decay
11.8,left,0.505652100006,0.274889461502,-0.230762638505,decay
11.81,left,0.505231556634,0.274867194886,-0.230364361748,decay
11.82,left,0.504835848239,0.274844381121,-0.229991467118,decay
11.83,left,0.504467257517,0.274821066443,-0.229646191075,decay
11.84,left,0.504126515882,0.274797303557,-0.229329212325,decay
11.85,left,0.503813054062,0.274773150021,-0.229039904041,decay
11.86,left,0.503525470958,0.27474866653,-0.228776804428,decay
11.87,left,0.503262178552,0.274723915339,-0.228538263214,decay
11.88,left,0.503021905695,0.274698958783,-0.228322946911,decay
11.89,left,0.502803990094,0.274673857875,-0.228130132219,decay
11.9,left,0.502608562946,0.274648670927,-0.227959892019,decay
11.91,left,0.50243651806,0.274623452166,-0.227813065894,decay
11.92,left,0.50228925622,0.274598250469,-0.227691005751,decay
11.93,left,0.502168478453,0.274573108631,-0.227595369822,decay
11.94,left,0.502076138735,0.274548063531,-0.227528075205,decay
11.95,left,0.5020144145,0.274523146887,-0.227491267613,decay
11.96,left,0.501985661803,0.274498386138,-0.227487275665,decay
11.97,left,0.501992389015,0.274473805228,-0.227518583787,decay
11.98,left,0.502037087093,0.274449425312,-0.227587661781,decay
11.99,left,0.502121775609,0.274425265359,-0.22769651025,decay
12,left,0.502247444017,0.274401342679,-0.227846101338,decay
12.01,left,0.502413609973,0.274377673364,-0.22803593661,decay
12.02,left,0.502617984582,0.274354272649,-0.228263711934,decay
12.03,left,0.502856300851,0.274331155189,-0.228525145662,decay
12.04,left,0.503122478781,0.274308335244,-0.228814143538,decay
12.05,left,0.503409016657,0.274285826776,-0.229123189882,decay
12.06,left,0.50370738802,0.274263643469,-0.229443744552,decay
12.07,left,0.504008502206,0.27424179866,-0.229766703546,decay
12.08,left,0.504303267123,0.274220305188,-0.230082961935,decay
12.09,left,0.504583054752,0.274199175141,-0.230383879611,decay
12.1,left,0.504839982466,0.274178419515,-0.23066156295,decay
12.11,left,0.505067127927,0.274158047757,-0.23090908017,decay
12.12,left,0.50525871809,0.274138067252,-0.231120650838,decay
12.13,left,0.505410288204,0.274118482953,-0.231291805251,decay
12.14,left,0.505518978683,0.274099297295,-0.231419681388,decay
12.15,left,0.505584069229,0.274080510262,-0.231503558968,decay
12.16,left,0.505607434607,0.27406211942,-0.231545315187,decay
12.17,left,0.505593551972,0.274044119813,-0.231549432159,decay
12.18,left,0.505549079893,0.274026503723,-0.23152257617,decay
12.19,left,0.505482130024,0.274009260282,-0.231472869742,decay
12.2,left,0.505401317769,0.273992374944,-0.231408942825,decay
12.21,left,0.505314926027,0.273975828803,-0.231339097224,decay
12.22,left,0.505230462181,0.273959597888,-0.231270864293,decay
12.23,left,0.505154414937,0.273943652854,-0.231210762083,decay
12.24,left,0.505091947791,0.273927959386,-0.231163988405,decay
12.25,left,0.505046607517,0.27391247909,-0.231134128427,decay
12.26,left,0.505020135418,0.273897170453,-0.231122964965,decay
12.27,left,0.505012283821,0.273881989718,-0.231130294104,decay
12.28,left,0.505020742761,0.273866891674,-0.231153851088,decay
12.29,left,0.505041433232,0.273851830397,-0.231189602835,decay
12.3,left,0.505069025926,0.273836759958,-0.231232265968,decay
12.31,left,0.505097361093,0.273821635117,-0.231275725977,decay
12.32,left,0.505119830168,0.273806412019,-0.23131341815,decay
12.33,left,0.505129826205,0.273791048855,-0.23133877735,decay
12.34,left,0.50512111388,0.273775506469,-0.231345607412,decay
12.35,left,0.505088155842,0.273759748967,-0.231328406875,decay
12.36,left,0.505026563025,0.273743744398,-0.231282818628,decay
12.37,left,0.504933513582,0.273727465545,-0.231206048037,decay
12.38,left,0.50480793163,0.27371089086,-0.23109704077,decay
12.39,left,0.504650572703,0.273694005551,-0.230956567152,decay
12.4,left,0.504464157977,0.273676802857,-0.23078735512,decay
12.41,left,0.50425331341,0.273659285516,-0.230594027894,decay
12.42,left,0.504024121984,0.273641467222,-0.230382654763,decay
12.43,left,0.503783479762,0.273623373261,-0.230160106501,decay
12.44,left,0.503538393313,0.273605039762,-0.229933353551,decay
12.45,left,0.503295191064,0.273586511981,-0.229708679083,decay
12.46,left,0.503058859661,0.273567842419,-0.229491017242,decay
12.47,left,0.502832777112,0.273549089078,-0.229283688034,decay
12.48,left,0.502618755314,0.273530313837,-0.229088441477,decay
12.49,left,0.502417195749,0.273511580909,-0.228905614839,decay
12.5,left,0.502227331085,0.273492955344,-0.228734375741,decay
12.51,left,0.502047530069,0.273474501527,-0.228573028541,decay
12.52,left,0.501875632659,0.273456281734,-0.228419350925,decay
12.53,left,0.501709376697,0.273438354925,-0.228271021772,decay
12.54,left,0.501546920467,0.273420775964,-0.228126144503,decay
12.55,left,0.501387244638,0.27340359507,-0.227983649569,decay
12.56,left,0.501230212194,0.273386857226,-0.227843354968,decay
12.57,left,0.501076366528,0.273370601415,-0.227705765113,decay
12.58,left,0.500926613792,0.27335485965,-0.227571754143,decay
12.59,left,0.500781737531,0.273339655768,-0.227442081763,decay
12.6,left,0.500641884024,0.273325003977,-0.227316880047,decay
12.61,left,0.500506407938,0.273310907101,-0.227195500837,decay
12.62,left,0.500374140205,0.273297354851,-0.227076785354,decay
12.63,left,0.500243848421,0.273284323099,-0.226959525322,decay
12.64,left,0.500114756895,0.273271774939,-0.226842981957,decay
12.65,left,0.499986953427,0.273259662953,-0.226727290474,decay
12.66,left,0.499861455368,0.273247931673,-0.226613523695,decay
12.67,left,0.499739994496,0.273236519838,-0.226503474658,decay
12.68,left,0.499624786241,0.273225362468,-0.226399423773,decay
12.69,left,0.499518317223,0.273214392795,-0.226303924428,decay
12.7,left,0.499423027246,0.273203544109,-0.226219483137,decay
12.71,left,0.499341017592,0.273192751548,-0.226148266045,decay
12.72,left,0.499273973556,0.273181953789,-0.226092019768,decay
12.73,left,0.499223112176,0.273171094351,-0.226052017825,decay
12.74,left,0.499188934485,0.273160122303,-0.226028812182,decay
12.75,left,0.499170965318,0.273148992585,-0.226021972732,decay
12.76,left,0.499167660796,0.273137666307,-0.226029994489,decay
12.77,left,0.49917640313,0.273126111167,-0.226050291963,decay
12.78,left,0.499193612315,0.273114302022,-0.226079310293,decay
12.79,left,0.499215059073,0.273102221637,-0.226112837436,decay
12.8,left,0.499236226865,0.273089861611,-0.226146365255,decay
12.81,left,0.499252606864,0.273077223522,-0.226175383342,decay
12.82,left,0.49926004871,0.273064320027,-0.226195728683,decay
12.83,left,0.499255176644,0.273051175104,-0.226204001539,decay
12.84,left,0.499235638698,0.273037822824,-0.226197815874,decay
12.85,left,0.499200076685,0.27302430509,-0.226175771595,decay
12.86,left,0.499147878542,0.273010669164,-0.226137209379,decay
12.87,left,0.499078653895,0.272996965296,-0.226081688599,decay
12.88,left,0.498991436395,0.272983244428,-0.226008191968,decay
12.89,left,0.498884030494,0.272969555918,-0.225914474576,decay
12.9,left,0.498752916846,0.272955945259,-0.225796971587,decay
12.91,left,0.498593651028,0.272942451713,-0.225651199315,decay
12.92,left,0.498401563784,0.272929106108,-0.225472457677,decay
12.93,left,0.498172660856,0.272915929589,-0.225256731266,decay
12.94,left,0.497904427597,0.272902933931,-0.225001493665,decay
12.95,left,0.497596241933,0.272890122927,-0.224706119006,decay
12.96,left,0.497249455468,0.272877494001,-0.224371961467,decay
12.97,left,0.496867278765,0.272865039705,-0.22400223906,decay
12.98,left,0.496454418919,0.27285274909,-0.223601669829,decay
12.99,left,0.496016556523,0.272840608979,-0.223175947544,decay
13,left,0.495559980306,0.272828605168,-0.222731375138,decay
13.01,left,0.49509140735,0.272816723565,-0.222274683785,decay
13.02,left,0.494617677258,0.272804951194,-0.221812726064,decay
13.03,left,0.494145322534,0.272793276746,-0.221352045789,decay
13.04,left,0.493680334379,0.272781690428,-0.220898643951,decay
13.05,left,0.493228171232,0.27277018332,-0.220457987912,decay
13.06,left,0.492793897509,0.27275874656,-0.220035150949,decay
13.07,left,0.492382476748,0.272747370499,-0.219635106248,decay
13.08,left,0.491999082067,0.272736043833,-0.219263038235,decay
13.09,left,0.491649091109,0.272724752682,-0.218924338427,decay
13.1,left,0.491337679215,0.272713479628,-0.218624199587,decay
13.11,left,0.491069166938,0.27270220268,-0.218366964258,decay
13.12,left,0.49084620977,0.27269089433,-0.21815531544,decay
13.13,left,0.490669015179,0.272679521209,-0.21798949397,decay
13.14,left,0.490535047965,0.272668044734,-0.217867003232,decay
13.15,left,0.490439470831,0.272656422451,-0.21778304838,decay
13.16,left,0.490376026419,0.272644609604,-0.217731416815,decay
13.17,left,0.490338048211,0.272632560705,-0.217705487506,decay
13.18,left,0.490319483226,0.27262023115,-0.217699252076,decay
13.19,left,0.490315596124,0.272607578906,-0.217708017218,decay
13.2,left,0.490323080617,0.272594566309,-0.217728514309,decay
13.21,left,0.490339812265,0.27258116201,-0.217758650255,decay
13.22,left,0.490364535127,0.27256734285,-0.217797192276,decay
13.23,left,0.490396492483,0.272553094855,-0.217843397627,decay
13.24,left,0.4904350839,0.272538412756,-0.217896671144,decay
13.25,left,0.490479745308,0.272523298506,-0.217956446803,decay
13.26,left,0.490529983067,0.272507759634,-0.218022223433,decay
13.27,left,0.490585369561,0.272491807763,-0.218093561798,decay
13.28,left,0.490645570637,0.272475457301,-0.218170113336,decay
13.29,left,0.490710455129,0.27245872428,-0.218251730849,decay
13.3,left,0.490780063014,0.272441625323,-0.218338437692,decay
13.31,left,0.490854446338,0.272424176707,-0.218430269632,decay
13.32,left,0.490933781263,0.272406393562,-0.218527387701,decay
13.33,left,0.491018829047,0.272388289262,-0.218630539785,decay
13.34,left,0.491111334796,0.272369875094,-0.218741459702,decay
13.35,left,0.4912140365,0.272351160127,-0.218862876373,decay
13.36,left,0.491330164114,0.272332151172,-0.218998012942,decay
13.37,left,0.491462402527,0.272312852789,-0.219149549738,decay
13.38,left,0.491611675781,0.272293267326,-0.219318408455,decay
13.39,left,0.491776443692,0.272273395006,-0.219503048686,decay
13.4,left,0.491952833103,0.272253234039,-0.219699599063,decay
13.41,left,0.492135322415,0.27223278079,-0.219902541625,decay
13.42,left,0.492317660537,0.272212030016,-0.220105630521,decay
13.43,left,0.492493863491,0.272190975323,-0.220302888168,decay
13.44,left,0.492658954864,0.272169609929,-0.220489344935,decay
13.45,left,0.492809153142,0.272147927685,-0.220661225457,decay
13.46,left,0.492941688593,0.272125924238,-0.220815764355,decay
13.47,left,0.493054537453,0.27210359831,-0.220950939143,decay
13.48,left,0.493146096249,0.272080953099,-0.22106514315,decay
13.49,left,0.493214917445,0.272057997846,-0.221156919599,decay
13.5,left,0.493259725009,0.272034749559,-0.22122497545,decay
13.51,left,0.493279593498,0.272011234954,-0.221268358544,decay
13.52,left,0.493274030441,0.271987492307,-0.221286538134,decay
13.53,left,0.493242943092,0.271963572299,-0.221279370792,decay
13.54,left,0.493186547663,0.271939537139,-0.221247010523,decay
13.55,left,0.493105172817,0.271915458486,-0.22118971433,decay
13.56,left,0.492999050821,0.271891415101,-0.221107635719,decay
13.57,left,0.492868411909,0.271867490596,-0.221000921312,decay
13.58,left,0.492713959367,0.271843771242,-0.220870188125,decay
13.59,left,0.492537384579,0.271820343795,-0.220717040784,decay
13.6,left,0.492341602277,0.271797293276,-0.220544309,decay
13.61,left,0.492130565902,0.27177470065,-0.220355865252,decay
13.62,left,0.491908609711,0.271752640555,-0.220155969156,decay
13.63,left,0.491679631001,0.27173117968,-0.219948451321,decay
13.64,left,0.491446712953,0.27171037623,-0.219736336723,decay
13.65,left,0.491212403509,0.271690280088,-0.219522123421,decay
13.66,left,0.490979364254,0.271670932982,-0.219308431272,decay
13.67,left,0.49075106532,0.271652368363,-0.219098696957,decay
13.68,left,0.49053226451,0.271634610978,-0.218897653532,decay
13.69,left,0.490328943737,0.271617676089,-0.218711267648,decay
13.7,left,0.490147609913,0.271601568358,-0.218546041555,decay
13.71,left,0.489994354423,0.271586280348,-0.218408074076,decay
13.72,left,0.489874087783,0.271571790965,-0.218302296818,decay
13.73,left,0.489790026571,0.271558064884,-0.218231961686,decay
13.74,left,0.489743534492,0.271545053746,-0.218198480746,decay
13.75,left,0.48973445471,0.271532698538,-0.218201756172,decay
13.76,left,0.489761607708,0.271520932133,-0.218240675575,decay
13.77,left,0.489822968082,0.271509681561,-0.218313286521,decay
13.78,left,0.489915520435,0.271498870047,-0.218416650388,decay
13.79,left,0.490035053011,0.271488418859,-0.218546634153,decay
13.8,left,0.490176044574,0.271478249008,-0.218697795565,decay
13.81,left,0.490331848626,0.271468282866,-0.21886356576,decay
13.82,left,0.490495337266,0.271458445606,-0.21903689166,decay
13.83,left,0.490659756092,0.27144866617,-0.219211089922,decay
13.84,left,0.490819337284,0.271438877532,-0.219380459753,decay
13.85,left,0.490969571049,0.271429016459,-0.21954055459,decay
13.86,left,0.491107255263,0.271419023188,-0.219688232076,decay
13.87,left,0.491230231608,0.271408841143,-0.219821390465,decay
13.88,left,0.491336842883,0.271398416754,-0.219938426129,decay
13.89,left,0.49142554821,0.271387699358,-0.220037848852,decay
13.9,left,0.491494915798,0.271376641214,-0.220118274584,decay
13.91,left,0.491543779923,0.271365197632,-0.220178582291,decay
13.92,left,0.491571447942,0.271353327199,-0.220218120743,decay
13.93,left,0.491577937484,0.271340991969,-0.220236945515,decay
13.94,left,0.49156406339,0.271328157537,-0.220235905853,decay
13.95,left,0.491531364081,0.271314793079,-0.220216571001,decay
13.96,left,0.49148214101,0.271300871516,-0.220181269494,decay
13.97,left,0.491419637785,0.271286369861,-0.220133267924,decay
13.98,left,0.49134801885,0.271271269773,-0.220076749077,decay
13.99,left,0.491272023704,0.27125555833,-0.220016465374,decay
14,left,0.491196527144,0.271239229038,-0.219957298106,decay
14.01,left,0.491126076413,0.271222283095,-0.219903793318,decay
14.02,left,0.491064355753,0.271204730685,-0.219859625068,decay
14.03,left,0.491013852614,0.271186591562,-0.219827261052,decay
14.04,left,0.490975962143,0.271167894345,-0.219808067799,decay
14.05,left,0.490951305721,0.271148674958,-0.219802630763,decay
14.06,left,0.490940007777,0.271128974972,-0.219811032805,decay
14.07,left,0.490941850255,0.271108840134,-0.219833010121,decay
14.08,left,0.490956152055,0.271088319086,-0.219867832969,decay
14.09,left,0.490981354047,0.27106746224,-0.219913891807,decay
14.1,left,0.491014651474,0.271046320779,-0.219968330695,decay
14.11,left,0.491051946308,0.271024945749,-0.220027000559,decay
14.12,left,0.491087996613,0.271003387256,-0.220084609357,decay
14.13,left,0.491116681463,0.270981693826,-0.220134987637,decay
14.14,left,0.491131536119,0.27095991198,-0.220171624139,decay
14.15,left,0.491126421166,0.27093808594,-0.220188335227,decay
14.16,left,0.491095922294,0.270916257377,-0.220179664917,decay
14.17,left,0.491035421274,0.270894465124,-0.22014095615,decay
14.18,left,0.490941022029,0.270872744845,-0.220068277185,decay
14.19,left,0.490809375681,0.270851128652,-0.219958247029,decay
14.2,left,0.490637598827,0.27082964464,-0.219807954187,decay
14.21,left,0.490423700091,0.270808316336,-0.219615383755,decay
14.22,left,0.490167499003,0.270787162152,-0.21938033685,decay
14.23,left,0.489871443573,0.270766195185,-0.219105248388,decay
14.24,left,0.489540809939,0.270745423594,-0.218795386345,decay
14.25,left,0.48918321052,0.270724851384,-0.218458359136,decay
14.26,left,0.488807580081,0.270704479232,-0.218103100848,decay
14.27,left,0.488422961219,0.270684305225,-0.217738655994,decay
14.28,left,0.488037559419,0.270664325503,-0.217373233917,decay
14.29,left,0.487658284585,0.270644534823,-0.217013749763,decay
14.3,left,0.487290576627,0.270624927057,-0.21666564957,decay
14.31,left,0.486938434556,0.270605495621,-0.216332938935,decay
14.32,left,0.4866048208,0.27058623385,-0.216018586949,decay
14.33,left,0.486292305653,0.270567135304,-0.215725170349,decay
14.34,left,0.486003563375,0.270548193997,-0.215455369378,decay
14.35,left,0.485741592491,0.270529404575,-0.215212187917,decay
14.36,left,0.485509630939,0.270510762446,-0.214998868493,decay
14.37,left,0.485310626425,0.270492263891,-0.214818362534,decay
14.38,left,0.485146396208,0.270473906149,-0.214672490059,decay
14.39,left,0.485016921693,0.270455687479,-0.214561234214,decay
14.4,left,0.484920017875,0.270437607205,-0.21448241067,decay
14.41,left,0.484851328539,0.270419665745,-0.214431662794,decay
14.42,left,0.484804703292,0.270401864603,-0.214402838689,decay
14.43,left,0.48477301612,0.270384206283,-0.214388809837,decay
14.44,left,0.484749115162,0.270366694094,-0.214382421067,decay
14.45,left,0.484726610311,0.270349331858,-0.214377278452,decay
14.46,left,0.484700603577,0.270332123569,-0.214368480008,decay
14.47,left,0.484668372405,0.270315073016,-0.214353299388,decay
14.48,left,0.48462973706,0.270298183364,-0.214331553695,decay
14.49,left,0.484586998613,0.270281456686,-0.214305541927,decay
14.5,left,0.484544472912,0.270264893436,-0.214279579476,decay
14.51,left,0.48450760676,0.270248491855,-0.214259114905,decay
14.52,left,0.48448188951,0.270232247388,-0.214249642122,decay
14.53,left,0.484472041863,0.270216152347,-0.214255889516,decay
14.54,left,0.484481690085,0.270200196028,-0.214281494056,decay
14.55,left,0.484513261812,0.270184365121,-0.214328896691,decay
14.56,left,0.484567925355,0.270168644162,-0.214399281193,decay
14.57,left,0.484645687954,0.270153015937,-0.214492672016,decay
14.58,left,0.484745601576,0.270137461822,-0.214608139754,decay
14.59,left,0.484865868846,0.27012196208,-0.214743906766,decay
14.6,left,0.485003906593,0.270106496129,-0.214897410464,decay
14.61,left,0.485156479656,0.270091042768,-0.215065436888,decay
14.62,left,0.485319784835,0.270075580395,-0.21524420444,decay
14.63,left,0.485489516367,0.270060087182,-0.215429429186,decay
14.64,left,0.485661151928,0.270044541216,-0.215616610711,decay
14.65,left,0.485830403303,0.270028920625,-0.215801482678,decay
14.66,left,0.485993562016,0.270013203699,-0.215980358316,decay
14.67,left,0.486147696694,0.269997369046,-0.216150327648,decay
14.68,left,0.486290764741,0.269981395761,-0.21630936898,decay
14.69,left,0.486421509154,0.26996526365,-0.216456245504,decay
14.7,left,0.486539057424,0.269948953485,-0.21659010394,decay
14.71,left,0.486642438911,0.269932447321,-0.216709991591,decay
14.72,left,0.486730153727,0.269915728879,-0.216814424849,decay
14.73,left,0.486799722212,0.269898783999,-0.216900938214,decay
14.74,left,0.486847421861,0.269881601176,-0.216965820685,decay
14.75,left,0.486868486153,0.269864172197,-0.217004313956,decay
14.76,left,0.486857570383,0.26984649288,-0.217011077503,decay
14.77,left,0.486809235554,0.269828563949,-0.216980671604,decay
14.78,left,0.486718503216,0.269810392044,-0.216908111173,decay
14.79,left,0.48658140649,0.269791990881,-0.216789415609,decay
14.8,left,0.486395342425,0.269773382603,-0.216621959822,decay
14.81,left,0.486159340488,0.269754599297,-0.216404741191,decay
14.82,left,0.485874407169,0.269735684433,-0.216138722736,decay
14.83,left,0.485543718285,0.269716693247,-0.215827025038,decay
14.84,left,0.485172424768,0.269697691351,-0.215474733416,decay
14.85,left,0.484767231936,0.269678752098,-0.215088479838,decay
14.86,left,0.484335873049,0.269659953611,-0.214675919438,decay
14.87,left,0.483886335484,0.269641375846,-0.214244959639,decay
14.88,left,0.48342599219,0.269623097647,-0.213802894543,decay
14.89,left,0.482961093748,0.269605193729,-0.213355900019,decay
14.9,left,0.482496716544,0.269587731516,-0.212908985028,decay
14.91,left,0.482036980306,0.269570767773,-0.212466212533,decay
14.92,left,0.481585464022,0.269554345337,-0.212031118685,decay
14.93,left,0.48114562094,0.269538491046,-0.211607129895,decay
14.94,left,0.480720870582,0.26952321571,-0.211197654872,decay
14.95,left,0.480314400553,0.269508515444,-0.210805885109,decay
14.96,left,0.479928949191,0.26949437316,-0.210434576031,decay
14.97,left,0.479566576523,0.269480759759,-0.210085816764,decay
14.98,left,0.479228284653,0.269467634986,-0.209760649668,decay
14.99,left,0.478913668314,0.269454947975,-0.209458720339,decay
15,left,0.478620888285,0.269442637511,-0.209178250774,decay
15.01,left,0.478346902977,0.269430632009,-0.208916270968,decay
15.02,left,0.478087865746,0.269418849464,-0.208669016282,decay
15.03,left,0.477839823715,0.269407198057,-0.208432625658,decay
15.04,left,0.477599566225,0.269395577976,-0.20820398825,decay
15.05,left,0.477365201337,0.269383884096,-0.20798131724,decay
15.06,left,0.477136350316,0.269372008897,-0.207764341419,decay
15.07,left,0.476914063127,0.269359845374,-0.207554217753,decay
15.08,left,0.476700436136,0.269347290014,-0.207353146122,decay
15.09,left,0.476497990117,0.26933424589,-0.207163744227,decay
15.1,left,0.476309093723,0.269320625965,-0.206988467758,decay
15.11,left,0.476135642159,0.269306356668,-0.206829285491,decay
15.12,left,0.475978932724,0.2692913814,-0.206687551323,decay
15.13,left,0.475839685028,0.269275662679,-0.206564022349,decay
15.14,left,0.475718264415,0.26925918196,-0.206459082455,decay
15.15,left,0.475614933439,0.269241937922,-0.206372995517,decay
15.16,left,0.475529822184,0.269223944577,-0.206305877608,decay
15.17,left,0.475462652036,0.269205229774,-0.206257422261,decay
15.18,left,0.475412416214,0.269185834108,-0.206226582106,decay
15.19,left,0.475377061881,0.269165810206,-0.206211251675,decay
15.2,left,0.475353344592,0.269145222383,-0.206208122209,decay
15.21,left,0.475337145921,0.269124146632,-0.20621299929,decay
15.22,left,0.475324145969,0.269102670659,-0.20622147531,decay
15.23,left,0.475310464467,0.269080893043,-0.206229571424,decay
15.24,left,0.475293147082,0.269058920809,-0.206234226273,decay
15.25,left,0.47527054361,0.269036865882,-0.206233677728,decay
15.26,left,0.475242467716,0.269014841238,-0.206227626478,decay
15.27,left,0.475210076793,0.268992957072,-0.206217119721,decay
15.28,left,0.475175636878,0.268971316906,-0.206204319972,decay
15.29,left,0.475142197862,0.268950013562,-0.2061921843,decay
15.3,left,0.475113041664,0.268929124902,-0.206183916762,decay
15.31,left,0.475091051878,0.26890870925,-0.206182342629,decay
15.32,left,0.475078263322,0.268888801064,-0.206189462258,decay
15.33,left,0.475075580734,0.268869408884,-0.20620617185,decay
15.34,left,0.475082682146,0.268850517043,-0.206232165103,decay
15.35,left,0.47509828367,0.268832090012,-0.206266193658,decay
15.36,left,0.475120696798,0.268814077265,-0.206306619533,decay
15.37,left,0.475148350854,0.26879641787,-0.206351932985,decay
15.38,left,0.475180069805,0.268779044804,-0.206401025001,decay
15.39,left,0.475215032126,0.268761889095,-0.206453143031,decay
15.4,left,0.475252366566,0.26874488385,-0.206507482717,decay
15.41,left,0.475290594159,0.268727968265,-0.206562625894,decay
15.42,left,0.475327460913,0.268711091349,-0.206616369564,decay
15.43,left,0.475360413458,0.268694214321,-0.206666199137,decay
15.44,left,0.475387313179,0.268677310949,-0.20671000223,decay
15.45,left,0.47540698523,0.268660366429,-0.206746618801,decay
15.46,left,0.475419591171,0.268643375957,-0.206776215214,decay
15.47,left,0.475426764079,0.268626343424,-0.206800420654,decay
15.48,left,0.475431379502,0.268609280265,-0.206822099237,decay
15.49,left,0.475437116218,0.268592204426,-0.206844911792,decay
15.5,left,0.475447968862,0.268575139459,-0.206872829403,decay
15.51,left,0.475467665769,0.26855811369,-0.206909552079,decay
15.52,left,0.475499104742,0.268541159437,-0.206957945304,decay
15.53,left,0.475544054376,0.268524312127,-0.207019742249,decay
15.54,left,0.475603048228,0.268507609207,-0.207095439022,decay
15.55,left,0.475675223916,0.268491088892,-0.207184135024,decay
15.56,left,0.475758212741,0.26847478884,-0.2072834239,decay
15.57,left,0.475848370913,0.268458744765,-0.207389626148,decay
15.58,left,0.475941280543,0.268442988961,-0.207498291582,decay
15.59,left,0.476032321465,0.268427548711,-0.207604772754,decay
15.6,left,0.476117382559,0.268412444548,-0.207704938011,decay
15.61,left,0.476193613749,0.268397688323,-0.207795925426,decay
15.62,left,0.476259807319,0.268383281365,-0.207876525954,decay
15.63,left,0.476316277757,0.268369213666,-0.20794706409,decay
15.64,left,0.476364402385,0.268355464798,-0.208008937587,decay
15.65,left,0.476405897381,0.26834200603,-0.20806389135,decay
15.66,left,0.476442031022,0.268328802684,-0.208113228338,decay
15.67,left,0.47647321191,0.268315816354,-0.208157395556,decay
15.68,left,0.476499088723,0.268303007011,-0.208196081711,decay
15.69,left,0.47651886161,0.268290335019,-0.20822852659,decay
15.7,left,0.476531658068,0.268277763115,-0.208253894953,decay
15.71,left,0.476537046728,0.268265258394,-0.208271788334,decay
15.72,left,0.476535477924,0.268252794132,-0.208282683792,decay
15.73,left,0.476528356739,0.268240350834,-0.208288005904,decay
15.74,left,0.476517843182,0.26822791607,-0.208289927111,decay
15.75,left,0.476506534007,0.26821548344,-0.208291050567,decay
15.76,left,0.476496938677,0.268203051341,-0.208293887336,decay
15.77,left,0.476490816632,0.26819062179,-0.208300194842,decay
15.78,left,0.476488680776,0.268178199294,-0.208310481482,decay
15.79,left,0.476489581816,0.26816578977,-0.208323792046,decay
15.8,left,0.476491164046,0.268153399473,-0.208337764573,decay
15.81,left,0.476490134162,0.268141033938,-0.208349100224,decay
15.82,left,0.476483124747,0.268128696952,-0.208354427796,decay
15.83,left,0.476467560175,0.268116389724,-0.208351170452,decay
15.84,left,0.476442211723,0.268104110356,-0.208338101367,decay
15.85,left,0.47640743959,0.268091853517,-0.208315586073,decay
15.86,left,0.476365064521,0.268079610137,-0.208285454384,decay
15.87,left,0.476317761555,0.268067367033,-0.208250394522,decay
15.88,left,0.476268229247,0.268055106481,-0.208213122766,decay
15.89,left,0.47621853897,0.268042805705,-0.208175733265,decay
15.9,left,0.476169782124,0.268030436295,-0.208139345829,decay
15.91,left,0.476122055962,0.268017963546,-0.208104092416,decay
15.92,left,0.476074904581,0.268005345883,-0.208069558698,decay
15.93,left,0.476028066933,0.267992534884,-0.208035532049,decay
15.94,left,0.47598211951,0.267979476313,-0.208002643196,decay
15.95,left,0.47593876055,0.267966111885,-0.207972648665,decay
15.96,left,0.475900693313,0.267952381264,-0.207948312048,decay
15.97,left,0.47587102421,0.267938224138,-0.207932800072,decay
15.98,left,0.475852227071,0.267923582373,-0.207928644698,decay
15.99,left,0.475845139206,0.267908402314,-0.207936736892,decay
16,left,0.475848443895,0.267892637282,-0.207955806613,decay
16.01,left,0.475858654339,0.267876250312,-0.207982404026,decay
16.02,left,0.475870543537,0.267859216868,-0.208011326669,decay
16.03,left,0.475878068748,0.267841526573,-0.208036542176,decay
16.04,left,0.475875522576,0.267823183238,-0.208052339338,decay
16.05,left,0.475858491489,0.267804203761,-0.208054287728,decay
16.06,left,0.475824524195,0.267784616927,-0.208039907268,decay
16.07,left,0.475773451306,0.267764462516,-0.208008988791,decay
16.08,left,0.475707160078,0.267743790748,-0.20796336933,decay
16.09,left,0.475628923083,0.267722662026,-0.207906261058,decay
16.1,left,0.475542635544,0.267701146971,-0.207841488573,decay
16.11,left,0.475452080107,0.267679326736,-0.207772753371,decay
16.12,left,0.475360171396,0.267657293307,-0.207702878089,decay
16.13,left,0.475268407386,0.267635148913,-0.207633258474,decay
16.14,left,0.475176837166,0.26761300387,-0.207563833297,decay
16.15,left,0.47508440958,0.267590973295,-0.207493436285,decay
16.16,left,0.474989362995,0.267569173493,-0.207420189502,decay
16.17,left,0.474889571902,0.267547718304,-0.207341853598,decay
16.18,left,0.474782786015,0.267526715351,-0.207256070664,decay
16.19,left,0.474666631609,0.267506262109,-0.2071603695,decay
16.2,left,0.474538516109,0.267486441694,-0.207052074415,decay
16.21,left,0.474395654472,0.267467318288,-0.206928336184,decay
16.22,left,0.474235195034,0.267448932747,-0.206786262287,decay
16.23,left,0.474054441646,0.267431300264,-0.206623141382,decay
16.24,left,0.473851287499,0.26741441153,-0.206436875969,decay
16.25,left,0.473624701402,0.267398236286,-0.206226465116,decay
16.26,left,0.47337485042,0.267382727262,-0.205992123158,decay
16.27,left,0.473102814278,0.26736782375,-0.205734990528,decay
16.28,left,0.472810273195,0.267353454787,-0.205456818408,decay
16.29,left,0.472499324878,0.267339542035,-0.205159782842,decay
16.3,left,0.472172354227,0.267326002399,-0.204846351828,decay
16.31,left,0.471832064356,0.267312750464,-0.204519313893,decay
16.32,left,0.471481683431,0.267299700696,-0.204181982735,decay
16.33,left,0.471125028076,0.267286769172,-0.203838258904,decay
16.34,left,0.470766265519,0.267273874644,-0.203492390875,decay
16.35,left,0.4704095424,0.267260939161,-0.203148603239,decay
16.36,left,0.470058561119,0.267247888586,-0.202810672533,decay
16.37,left,0.469716169144,0.267234653179,-0.202481515965,decay
16.38,left,0.469384243549,0.267221168276,-0.202163075273,decay
16.39,left,0.469063976488,0.267207375091,-0.201856601397,decay
16.4,left,0.468756246721,0.26719322168,-0.20156302504,decay
16.41,left,0.468461836962,0.267178664083,-0.201283172879,decay
16.42,left,0.468181652421,0.267163667517,-0.201017984904,decay
16.43,left,0.467917049091,0.267148207092,-0.200768841999,decay
16.44,left,0.467670127547,0.267132267686,-0.200537859861,decay
16.45,left,0.467443943847,0.267115843268,-0.200328100579,decay
16.46,left,0.467242537944,0.267098936242,-0.200143601702,decay
16.47,left,0.467070410617,0.267081557024,-0.199988853593,decay
16.48,left,0.466931404534,0.267063723868,-0.199867680666,decay
16.49,left,0.466827547089,0.267045462931,-0.199782084158,decay
16.5,left,0.46675836247,0.267026808582,-0.199731553888,decay
16.51,left,0.466720779102,0.267007803944,-0.199712975158,decay
16.52,left,0.466709648706,0.266988501447,-0.199721147259,decay
16.53,left,0.466718765938,0.266968962663,-0.199749803275,decay
16.54,left,0.466741978826,0.266949256884,-0.199792721942,decay
16.55,left,0.466773981871,0.266929458805,-0.199844523066,decay
16.56,left,0.466810723948,0.266909645996,-0.199901077952,decay
16.57,left,0.466849441699,0.266889896425,-0.199959545274,decay
16.58,left,0.466888208783,0.266870285987,-0.200017922795,decay
16.59,left,0.466925170113,0.266850885984,-0.200074284129,decay
16.6,left,0.466957911813,0.266831760498,-0.200126151315,decay
16.61,left,0.466983173918,0.2668129636,-0.200170210318,decay
16.62,left,0.466996954576,0.266794536727,-0.20020241785,decay
16.63,left,0.466995151587,0.266776507431,-0.200218644156,decay
16.64,left,0.466974597323,0.266758890395,-0.200215706928,decay
16.65,left,0.466933986496,0.266741690019,-0.200192296477,decay
16.66,left,0.466874375707,0.266724903317,-0.200149472391,decay
16.67,left,0.466799224968,0.266708522639,-0.200090702329,decay
16.68,left,0.466714010812,0.266692538217,-0.200021472595,decay
16.69,left,0.466625570831,0.266676940568,-0.199948630263,decay
16.7,left,0.466541527799,0.266661722814,-0.199879804984,decay
16.71,left,0.46646992302,0.266646882933,-0.199823040087,decay
16.72,left,0.466418744001,0.266632425726,-0.199786318275,decay
16.73,left,0.466395146752,0.266618363677,-0.199776783075,decay
16.74,left,0.466404659852,0.266604716078,-0.199799943774,decay
16.75,left,0.466450704085,0.266591506894,-0.199859197191,decay
16.76,left,0.46653453573,0.266578762204,-0.199955773526,decay
16.77,left,0.466655629309,0.26656650753,-0.200089121779,decay
16.78,left,0.466812277274,0.266554765049,-0.200257512225,decay
16.79,left,0.467001971498,0.266543550618,-0.20045842088,decay
16.8,left,0.467221479372,0.266532870581,-0.200688608791,decay
16.81,left,0.467466932341,0.266522718285,-0.200944214057,decay
16.82,left,0.467734031515,0.266513070731,-0.201220960784,decay
16.83,left,0.468018146315,0.266503886759,-0.201514259556,decay
16.84,left,0.468314300051,0.266495107845,-0.201819192205,decay
16.85,left,0.468617309595,0.266486660692,-0.202130648903,decay
16.86,left,0.468922091418,0.266478460169,-0.202443631249,decay
16.87,left,0.469223932339,0.26647041203,-0.202753520309,decay
16.88,left,0.469518683761,0.266462415424,-0.203056268338,decay
16.89,left,0.46980283095,0.266454365268,-0.203348465683,decay
16.9,left,0.470073278569,0.266446154537,-0.203627124032,decay
16.91,left,0.470326958242,0.266437676537,-0.203889281705,decay
16.92,left,0.470560592138,0.266428827084,-0.204131765053,decay
16.93,left,0.470770679839,0.266419506213,-0.204351173626,decay
16.94,left,0.470953595014,0.266409619141,-0.204543975873,decay
16.95,left,0.471105846943,0.266399076776,-0.204706770167,decay
16.96,left,0.471224506109,0.266387796256,-0.204836709853,decay
16.97,left,0.471307549796,0.266375701738,-0.204931848058,decay
16.98,left,0.471353999287,0.266362725474,-0.204991273813,decay
16.99,left,0.471364009349,0.266348809233,-0.205015200116,decay
17,left,0.471338961389,0.266333906085,-0.205005055304,decay
17.01,left,0.471281412498,0.266317982601,-0.204963429897,decay
17.02,left,0.471194946042,0.26630102113,-0.204893924912,decay
17.03,left,0.471084017355,0.266283020966,-0.204800996389,decay
17.04,left,0.470953606872,0.266263997533,-0.204689609339,decay
17.05,left,0.470808609731,0.266243980258,-0.204564629473,decay
17.06,left,0.470653266972,0.266223010353,-0.204430256618,decay
17.07,left,0.470490882682,0.266201139004,-0.204289743678,decay
17.08,left,0.470323842053,0.266178425938,-0.204145416114,decay
17.09,left,0.470153950271,0.266154938369,-0.203999011902,decay
17.1,left,0.469983035544,0.266130750261,-0.203852285283,decay
17.11,left,0.469813453732,0.2661059419,-0.203707511832,decay
17.12,left,0.469648098288,0.266080599616,-0.203567498673,decay
17.13,left,0.46948995605,0.266054815258,-0.203435140793,decay
17.14,left,0.469341484952,0.266028685098,-0.203312799854,decay
17.15,left,0.469203937695,0.266002308355,-0.20320162934,decay
17.16,left,0.469076868788,0.265975785661,-0.203101083127,decay
17.17,left,0.468958206035,0.265949217617,-0.203008988418,decay
17.18,left,0.46884483502,0.26592270337,-0.20292213165,decay
17.19,left,0.468733299643,0.265896339184,-0.202836960459,decay
17.2,left,0.468620466671,0.265870216953,-0.202750249718,decay
17.21,left,0.46850411007,0.265844422607,-0.202659687462,decay
17.22,left,0.468383188111,0.265819034549,-0.202564153562,decay
17.23,left,0.468257762603,0.26579412267,-0.202463639933,decay
17.24,left,0.468128813775,0.265769748341,-0.202359065434,decay
17.25,left,0.467998047374,0.265745965036,-0.202252082338,decay
17.26,left,0.467867599982,0.265722818963,-0.202144781019,decay
17.27,left,0.4677398101,0.265700349455,-0.202039460645,decay
17.28,left,0.467617290778,0.265678589093,-0.201938701685,decay
17.29,left,0.467503029325,0.265657563551,-0.201845465774,decay
17.3,left,0.467400084871,0.265637291153,-0.201762793718,decay
17.31,left,0.467310922188,0.26561778213,-0.201693140058,decay
17.32,left,0.467236589899,0.265599037773,-0.201637552126,decay
17.33,left,0.467175887529,0.265581050115,-0.201594837414,decay
17.34,left,0.467124911758,0.265563802633,-0.201561109125,decay
17.35,left,0.467077346628,0.265547271614,-0.201530075013,decay
17.36,left,0.467025342329,0.265531427519,-0.20149391481,decay
17.37,left,0.466960632281,0.265516236102,-0.201444396178,decay
17.38,left,0.46687570912,0.265501659282,-0.201374049838,decay
17.39,left,0.466764784713,0.265487655787,-0.201277128926,decay
17.4,left,0.466624159146,0.265474181596,-0.20114997755,decay
17.41,left,0.466452055699,0.265461190196,-0.200990865503,decay
17.42,left,0.466248367811,0.265448632733,-0.200799735077,decay
17.43,left,0.466014490046,0.26543645833,-0.200578031716,decay
17.44,left,0.465753136795,0.265424614742,-0.200328522053,decay
17.45,left,0.465468204007,0.265413049257,-0.20005515475,decay
17.46,left,0.465164674044,0.265401709612,-0.199762964431,decay
17.47,left,0.464848370951,0.265390544855,-0.199457826096,decay
17.48,left,0.464525604956,0.265379506172,-0.199146098784,decay
17.49,left,0.464202930246,0.265368547702,-0.198834382544,decay
17.5,left,0.463886975522,0.26535762737,-0.198529348153,decay
17.51,left,0.463584237666,0.265346707753,-0.198237529913,decay
17.52,left,0.463300982823,0.265335756927,-0.197965225896,decay
17.53,left,0.4630433073,0.265324749014,-0.197718558286,decay
17.54,left,0.462817065062,0.265313664237,-0.197503400825,decay
17.55,left,0.462627507009,0.265302488664,-0.197325018345,decay
17.56,left,0.462478911609,0.265291213917,-0.197187697692,decay
17.57,left,0.462374389925,0.265279836995,-0.19709455293,decay
17.58,left,0.462315732145,0.265268360195,-0.197047371951,decay
17.59,left,0.462303292421,0.26525679115,-0.197046501271,decay
17.6,left,0.462335985801,0.265245142973,-0.197090842828,decay
17.61,left,0.46241121866,0.265233434511,-0.197177784149,decay
17.62,left,0.462524666944,0.265221690556,-0.197302976388,decay
17.63,left,0.462670189041,0.265209941539,-0.197460247502,decay
17.64,left,0.462840101234,0.265198222332,-0.197641878902,decay
17.65,left,0.463025792349,0.265186570411,-0.197839221939,decay
17.66,left,0.463218633653,0.265175023829,-0.198043609824,decay
17.67,left,0.463411030786,0.265163619168,-0.198247411618,decay
17.68,left,0.463597229809,0.265152389437,-0.198444840371,decay
17.69,left,0.463773602302,0.26514136188,-0.198632240422,decay
17.7,left,0.463938567619,0.265130555649,-0.198808011969,decay
17.71,left,0.464092409456,0.265119979299,-0.198972430157,decay
17.72,left,0.464236978404,0.265109628368,-0.199127350035,decay
17.73,left,0.464375304962,0.265099483972,-0.19927582099,decay
17.74,left,0.464511300798,0.265089513113,-0.199421787685,decay
17.75,left,0.46464949595,0.265079670157,-0.199569825793,decay
17.76,left,0.464794622515,0.265069898522,-0.199724723992,decay
17.77,left,0.464951086865,0.265060132195,-0.19989095467,decay
17.78,left,0.46512241742,0.265050297075,-0.200072120344,decay
17.79,left,0.465310666459,0.2650403122,-0.200270354259,decay
17.8,left,0.465515951704,0.26503009087,-0.200485860834,decay
17.81,left,0.465736457606,0.265019541725,-0.200716915881,decay
17.82,left,0.465968823203,0.265008569859,-0.200960253344,decay
17.83,left,0.466208528106,0.26499707816,-0.201211449946,decay
17.84,left,0.466450227955,0.264984969044,-0.201465258911,decay
17.85,left,0.46668831204,0.264972146547,-0.201716165493,decay
17.86,left,0.466917620066,0.264958518662,-0.201959101405,decay
17.87,left,0.467133994306,0.264943999932,-0.202189994374,decay
17.88,left,0.467334571808,0.264928514346,-0.202406057462,decay
17.89,left,0.467517787194,0.264911998604,-0.20260578859,decay
17.9,left,0.467683063421,0.264894405829,-0.202788657592,decay
17.91,left,0.467830472756,0.264875709804,-0.202954762952,decay
17.92,left,0.467960631942,0.264855909139,-0.203104722803,decay
17.93,left,0.468074686535,0.264835029446,-0.203239657089,decay
17.94,left,0.468174214282,0.264813122008,-0.203361092274,decay
17.95,left,0.46826111596,0.264790260092,-0.203470855868,decay
17.96,left,0.468337453531,0.264766534925,-0.203570918606,decay
17.97,left,0.468405045295,0.264742052115,-0.203662993181,decay
17.98,left,0.468464977951,0.264716928525,-0.203748049426,decay
17.99,left,0.468517504306,0.26469128951,-0.203826214796,decay
18,left,0.468562394999,0.264665266449,-0.203897128549,decay
18.01,left,0.468599395669,0.264638994505,-0.203960401164,decay
18.02,left,0.468628603719,0.26461261055,-0.20401599317,decay
18.03,left,0.468650671209,0.264586251237,-0.204064419973,decay
18.04,left,0.468666626379,0.264560051183,-0.204106575197,decay
18.05,left,0.468677401529,0.26453414117,-0.204143260359,decay
18.06,left,0.46868351015,0.264508646273,-0.204174863877,decay
18.07,left,0.468685055233,0.264483683816,-0.204201371417,decay
18.08,left,0.468681866881,0.26445936111,-0.204222505771,decay
18.09,left,0.468673627976,0.264435772897,-0.204237855079,decay
18.1,left,0.468659934354,0.26441299843,-0.204246935923,decay
18.11,left,0.468640152982,0.264391098131,-0.204249054851,decay
18.12,left,0.468613143319,0.264370110319,-0.204243033,decay
18.13,left,0.468577179926,0.264350049748,-0.204227130178,decay
18.14,left,0.468530145652,0.264330909265,-0.204199236388,decay
18.15,left,0.468469738451,0.264312663582,-0.204157074869,decay
18.16,left,0.4683936488,0.264295273374,-0.204098375426,decay
18.17,left,0.468299787191,0.264278688982,-0.20402109821,decay
18.18,left,0.468186366886,0.264262853749,-0.203923513138,decay
18.19,left,0.468051703322,0.264247707036,-0.203803996286,decay
18.2,left,0.467893955682,0.26423318699,-0.203660768692,decay
18.21,left,0.467711003022,0.264219233119,-0.203491769903,decay
18.22,left,0.467500441738,0.264205788569,-0.203294653169,decay
18.23,left,0.467259786827,0.264192801674,-0.203066985152,decay
18.24,left,0.466986959691,0.264180226433,-0.202806733258,decay
18.25,left,0.466680839669,0.264168022228,-0.202512817441,decay
18.26,left,0.46634161055,0.264156153292,-0.202185457258,decay
18.27,left,0.465970960476,0.264144588146,-0.20182637233,decay
18.28,left,0.46557221735,0.264133299019,-0.201438918331,decay
18.29,left,0.465150257598,0.264122261244,-0.201027996355,decay
18.3,left,0.464711232829,0.264111452641,-0.200599780189,decay
18.31,left,0.464262407299,0.264100852872,-0.200161554426,decay
18.32,left,0.463812072809,0.264090442802,-0.199721630008,decay
18.33,left,0.463369283316,0.264080203945,-0.199289079372,decay
18.34,left,0.462943373706,0.264070118085,-0.19887325562,decay
18.35,left,0.462543311407,0.264060166998,-0.198483144409,decay
18.36,left,0.462176862395,0.264050332172,-0.198126530224,decay
18.37,left,0.461849749308,0.264040594507,-0.197809154801,decay
18.38,left,0.461565149246,0.264030933967,-0.197534215279,decay
18.39,left,0.461323577493,0.264021329192,-0.197302248301,decay
18.4,left,0.461122940942,0.264011757075,-0.197111183867,decay
18.41,left,0.460958843846,0.264002192296,-0.196956651551,decay
18.42,left,0.460825405812,0.263992606883,-0.19683279893,decay
18.43,left,0.460716427562,0.263982970053,-0.196733457509,decay
18.44,left,0.460626485423,0.263973248501,-0.196653236923,decay
18.45,left,0.460551739309,0.263963407013,-0.196588332296,decay
18.46,left,0.460490269314,0.263953409191,-0.196536860123,decay
18.47,left,0.460441780435,0.26394321819,-0.196498562245,decay
18.48,left,0.460406952126,0.263932797489,-0.196474154637,decay
18.49,left,0.460386873101,0.263922111721,-0.196464761381,decay
18.5,left,0.460382613751,0.263911127568,-0.196471486183,decay
18.51,left,0.460394853069,0.263899814767,-0.196495038302,decay
18.52,left,0.460423665141,0.263888147102,-0.19653551804,decay
18.53,left,0.460468496743,0.263876103,-0.196592393743,decay
18.54,left,0.460528201112,0.263863665451,-0.19666453566,decay
18.55,left,0.460601154874,0.263850821479,-0.196750333395,decay
18.56,left,0.460685580237,0.263837561582,-0.196848018654,decay
18.57,left,0.460779858479,0.26382387932,-0.196955979159,decay
18.58,left,0.460882509515,0.263809771054,-0.19707273846,decay
18.59,left,0.460991887338,0.263795235836,-0.197196651502,decay
18.6,left,0.46110574786,0.263780275447,-0.197325472413,decay
18.61,left,0.461220685656,0.263764894584,-0.197455791072,decay
18.62,left,0.461331641975,0.263749101146,-0.197582540829,decay
18.63,left,0.46143188674,0.263732906394,-0.197698980346,decay
18.64,left,0.461513589641,0.263716324868,-0.197797264773,decay
18.65,left,0.461568812545,0.263699374146,-0.197869438398,decay
18.66,left,0.461590721382,0.263682074662,-0.19790864672,decay
18.67,left,0.461574693375,0.263664449647,-0.197910243727,decay
18.68,left,0.4615188794,0.263646525211,-0.197872354189,decay
18.69,left,0.461424061829,0.263628330542,-0.197795731287,decay
18.7,left,0.4612931045,0.26360989824,-0.19768320626,decay
18.71,left,0.461130296112,0.263591264766,-0.197539031346,decay
18.72,left,0.460940643252,0.26357247086,-0.197368172392,decay
18.73,left,0.460729255914,0.263553561466,-0.197175694448,decay
18.74,left,0.460501031074,0.263534584801,-0.196966446273,decay
18.75,left,0.460260578296,0.263515590795,-0.196744987501,decay
18.76,left,0.460012238675,0.263496629367,-0.196515609307,decay
18.77,left,0.4597601553,0.263477748691,-0.19628240661,decay
18.78,left,0.459508251865,0.263458993412,-0.196049258452,decay
18.79,left,0.459259930796,0.263440402807,-0.195819527989,decay
18.8,left,0.459017672424,0.26342200881,-0.195595663615,decay
18.81,left,0.458782969807,0.26340383389,-0.195379135917,decay
18.82,left,0.458556606364,0.263385889054,-0.19517071731,decay
18.83,left,0.458338853113,0.263368172925,-0.194970680188,decay
18.84,left,0.458129524063,0.26335067265,-0.194778851413,decay
18.85,left,0.457928142197,0.263333366057,-0.19459477614,decay
18.86,left,0.457734119224,0.263316224086,-0.194417895138,decay
18.87,left,0.457546817471,0.263299213093,-0.194247604378,decay
18.88,left,0.457365676429,0.263282297038,-0.194083379391,decay
18.89,left,0.457190423692,0.263265439608,-0.193924984083,decay
18.9,left,0.457021198169,0.263248606309,-0.19377259186,decay
18.91,left,0.456858622723,0.263231766571,-0.193626856152,decay
18.92,left,0.456703865355,0.263214895676,-0.193488969678,decay
18.93,left,0.456558511281,0.263197975841,-0.19336053544,decay
18.94,left,0.456424249436,0.263180995911,-0.193243253525,decay
18.95,left,0.456302634314,0.263163950114,-0.1931386842,decay
18.96,left,0.456194959942,0.263146836559,-0.193048123383,decay
18.97,left,0.456102070965,0.263129655804,-0.192972415161,decay
18.98,left,0.456024174843,0.263112409473,-0.19291176537,decay
18.99,left,0.45596085387,0.2630950989,-0.19286575497,decay
19,left,0.455911189376,0.263077723801,-0.192833465576,decay
19.01,left,0.455873830479,0.263060280919,-0.19281354956,decay
19.02,left,0.455847078901,0.263042762789,-0.192804316111,decay
19.03,left,0.455828956449,0.263025157009,-0.192803799441,decay
19.04,left,0.455817051811,0.263007446334,-0.192809605477,decay
19.05,left,0.455808299823,0.262989609363,-0.19281869046,decay
19.06,left,0.455799082434,0.262971621373,-0.192827461061,decay
19.07,left,0.455785715146,0.262953455159,-0.192832259987,decay
19.08,left,0.455765146123,0.262935081862,-0.192830064261,decay
19.09,left,0.455735704363,0.262916471825,-0.192819232538,decay
19.1,left,0.455697587633,0.262897595485,-0.192799992148,decay
19.11,left,0.455652758886,0.262878424323,-0.192774334563,decay
19.12,left,0.455604392844,0.262858931822,-0.192745461023,decay
19.13,left,0.455556360938,0.2628390942,-0.192717266738,decay
19.14,left,0.455512891967,0.262818890753,-0.192694001215,decay
19.15,left,0.455478232474,0.262798303957,-0.192679928518,decay
19.16,left,0.455456358904,0.262777319599,-0.192679039305,decay
19.17,left,0.455450788625,0.262755927049,-0.192694861576,decay
19.18,left,0.455464251761,0.262734119685,-0.192730132076,decay
19.19,left,0.455498223594,0.262711895486,-0.192786328108,decay
19.2,left,0.455552707453,0.262689257805,-0.192863449648,decay
19.21,left,0.455626471984,0.262666216322,-0.192960255662,decay
19.22,left,0.45571760029,0.262642788038,-0.193074812252,decay
19.23,left,0.455824152137,0.262618997753,-0.193205154384,decay
19.24,left,0.45594466635,0.262594877631,-0.193349788719,decay
19.25,left,0.456078154848,0.262570466157,-0.193507688691,decay
19.26,left,0.456223647092,0.262545807011,-0.193677840081,decay
19.27,left,0.456379836893,0.262520948093,-0.193858888801,decay
19.28,left,0.456545139304,0.26249594066,-0.194049198644,decay
19.29,left,0.456717994988,0.262470838583,-0.194247156405,decay
19.3,left,0.45689733654,0.262445697666,-0.194451638874,decay
19.31,left,0.457083192349,0.262420575034,-0.194662617315,decay
19.32,left,0.45727711005,0.262395528562,-0.194881581488,decay
19.33,left,0.457482134161,0.262370616408,-0.195111517753,decay
19.34,left,0.457702483436,0.262345896671,-0.195356586766,decay
19.35,left,0.457943109345,0.262321427104,-0.195621682241,decay
19.36,left,0.458209151067,0.262297264823,-0.195911886244,decay
19.37,left,0.458505423458,0.262273465929,-0.196231957529,decay
19.38,left,0.458836033944,0.262250085046,-0.196585948898,decay
19.39,left,0.45920390458,0.262227174742,-0.196976729838,decay
19.4,left,0.459610082439,0.26220478481,-0.197405297629,decay
19.41,left,0.460053171979,0.262182961389,-0.19787021059,decay
19.42,left,0.460529158148,0.262161746035,-0.198367412113,decay
19.43,left,0.461031442213,0.262141175129,-0.198890267084,decay
19.44,left,0.461550980729,0.262121279932,-0.199429700797,decay
19.45,left,0.462076709952,0.262102087029,-0.199974622922,decay
19.46,left,0.462596255915,0.262083618729,-0.200512637186,decay
19.47,left,0.46309675395,0.262065893229,-0.201030860721,decay
19.48,left,0.463565749801,0.262048924539,-0.201516825262,decay
19.49,left,0.463992141263,0.262032722146,-0.201959419117,decay
19.5,left,0.464366967671,0.262017290423,-0.202349677248,decay
19.51,left,0.464683945428,0.262002627763,-0.202681317665,decay
19.52,left,0.464939739803,0.261988725584,-0.202951014219,decay
19.53,left,0.465133797454,0.26197556771,-0.203158229744,decay
19.54,left,0.465267562327,0.261963130497,-0.20330443183,decay
19.55,left,0.465343343573,0.26195138342,-0.203391960153,decay
19.56,left,0.465363405408,0.261940289604,-0.203423115804,decay
19.57,left,0.465329541927,0.261929806104,-0.203399735823,decay
19.58,left,0.465243114982,0.261919883924,-0.203323231058,decay
19.59,left,0.465105528917,0.26191046778,-0.203195061137,decay
19.6,left,0.464918830402,0.261901495635,-0.203017334766,decay
19.61,left,0.464685936257,0.261892897991,-0.202793038265,decay
19.62,left,0.464410419217,0.261884597197,-0.20252582202,decay
19.63,left,0.464096134255,0.261876507541,-0.202219626714,decay
19.64,left,0.463746889342,0.261868536717,-0.201878352625,decay
19.65,left,0.463366335889,0.261860588272,-0.201505747618,decay
19.66,left,0.462958234195,0.261852564313,-0.201105669882,decay
19.67,left,0.462526889408,0.261844368215,-0.200682521193,decay
19.68,left,0.462077307501,0.261835907362,-0.200241400139,decay
19.69,left,0.461615011177,0.261827096,-0.199787915177,decay
19.7,left,0.461145859738,0.261817858262,-0.199328001476,decay
19.71,left,0.460675921356,0.26180813144,-0.198867789915,decay
19.72,left,0.46021116309,0.261797869124,-0.198413293966,decay
19.73,left,0.459757045895,0.261787042895,-0.197970002999,decay
19.74,left,0.459318218584,0.261775641572,-0.197542577013,decay
19.75,left,0.458898243141,0.261763668793,-0.197134574348,decay
19.76,left,0.458499383884,0.261751140343,-0.196748243541,decay
19.77,left,0.458122672796,0.261738081755,-0.196384591041,decay
19.78,left,0.457768204669,0.261724526212,-0.196043678456,decay
19.79,left,0.457435406034,0.261710512705,-0.195724893329,decay
19.8,left,0.457123258706,0.261696084396,-0.19542717431,decay
19.81,left,0.456830601556,0.261681287182,-0.195149314374,decay
19.82,left,0.456556418983,0.261666168394,-0.194890250589,decay
19.83,left,0.456300047782,0.261650775686,-0.194649272096,decay
19.84,left,0.456061496091,0.261635156064,-0.194426340027,decay
19.85,left,0.455841856239,0.26161935505,-0.194222501189,decay
19.86,left,0.455643437593,0.261603415884,-0.194040021709,decay
19.87,left,0.455469498372,0.261587378741,-0.193882119631,decay
19.88,left,0.455323755919,0.261571279937,-0.193752475981,decay
19.89,left,0.455209704952,0.261555151095,-0.193654553857,decay
19.9,left,0.455129802312,0.261539018254,-0.193590784058,decay
19.91,left,0.455084840961,0.261522900896,-0.193561940065,decay
19.92,left,0.455073675376,0.261506811024,-0.193566864351,decay
19.93,left,0.455093144574,0.261490752723,-0.19360239185,decay
19.94,left,0.455138142113,0.261474722546,-0.193663419566,decay
19.95,left,0.455201881778,0.261458710467,-0.19374317131,decay
19.96,left,0.455276223982,0.261442700939,-0.193833523043,decay
19.97,left,0.455351976105,0.261426673871,-0.193925302234,decay
19.98,left,0.455419381303,0.261410605542,-0.194008775761,decay
19.99,left,0.45546889066,0.261394469454,-0.194074421205,decay
20,left,0.455491882196,0.261378237156,-0.194113645039,decay
20.01,left,0.455481126891,0.261361879051,-0.19411924784,decay
20.02,left,0.45543120434,0.261345365182,-0.194085839158,decay
20.03,left,0.455338926176,0.261328665921,-0.194010260256,decay
20.04,left,0.455203628979,0.261311752508,-0.19389187647,decay
20.05,left,0.455027301152,0.261294597515,-0.193732703637,decay
20.06,left,0.454814428885,0.261277175334,-0.193537253551,decay
20.07,left,0.454571385646,0.26125946276,-0.193311922886,decay
20.08,left,0.454305541699,0.261241439675,-0.193064102024,decay
20.09,left,0.454024525686,0.26122308985,-0.192801435836,decay
20.1,left,0.453735800311,0.261204401897,-0.192531398414,decay
20.11,left,0.453446406009,0.261185370366,-0.192261035643,decay
20.12,left,0.453162816932,0.261165996877,-0.191996820055,decay
20.13,left,0.452890884731,0.261146290797,-0.191744593934,decay
20.14,left,0.452635575021,0.261126269125,-0.191509305896,decay
20.15,left,0.452400368012,0.261105955842,-0.19129441217,decay
20.16,left,0.452186751493,0.261085381234,-0.191101370259,decay
20.17,left,0.451994204012,0.261064581361,-0.190929622651,decay
20.18,left,0.451820652971,0.261043597692,-0.190777055279,decay
20.19,left,0.451663292108,0.261022476874,-0.190640815234,decay
20.2,left,0.451519558191,0.261001270636,-0.190518287554,decay
20.21,left,0.451387841194,0.2609800358,-0.190407805394,decay
20.22,left,0.451267653094,0.260958834284,-0.19030881881,decay
20.23,left,0.451159389984,0.260937732721,-0.190221657263,decay
20.24,left,0.451063862379,0.260916801393,-0.190147060986,decay
20.25,left,0.450981633023,0.260896112665,-0.190085520359,decay
20.26,left,0.450912423652,0.260875739245,-0.190036684406,decay
20.27,left,0.450855014262,0.260855752371,-0.189999261891,decay
20.28,left,0.450807571923,0.260836219895,-0.189971352028,decay
20.29,left,0.450767961099,0.26081720422,-0.189950756879,decay
20.3,left,0.450733979395,0.260798760033,-0.189935219362,decay
20.31,left,0.450703692686,0.260780931792,-0.189922760894,decay
20.32,left,0.450675758427,0.260763751239,-0.189912007188,decay
20.33,left,0.450649681297,0.260747235966,-0.189902445331,decay
20.34,left,0.450626102076,0.260731389775,-0.189894712301,decay
20.35,left,0.450606937214,0.260716204252,-0.189890732962,decay
20.36,left,0.450595110679,0.260701660463,-0.189893450216,decay
20.37,left,0.450593972897,0.260687730357,-0.18990624254,decay
20.38,left,0.450606589959,0.260674377868,-0.189932212092,decay
20.39,left,0.450634920338,0.260661559731,-0.189973360606,decay
20.4,left,0.450679064286,0.260649226044,-0.190029838242,decay
20.41,left,0.450737003741,0.260637320585,-0.190099683155,decay
20.42,left,0.450804916347,0.260625781055,-0.190179135292,decay
20.43,left,0.450877732603,0.260614539702,-0.190263192902,decay
20.44,left,0.450949770311,0.260603524688,-0.190346245623,decay
20.45,left,0.451015469308,0.260592661982,-0.190422807326,decay
20.46,left,0.451070066886,0.260581877369,-0.190488189517,decay
20.47,left,0.451110067927,0.260571098429,-0.190538969498,decay
20.48,left,0.451133606157,0.260560256533,-0.190573349624,decay
20.49,left,0.451140691397,0.26054928889,-0.190591402506,decay
20.5,left,0.451133113077,0.260538140705,-0.190594972372,decay
20.51,left,0.451113989756,0.260526767492,-0.190587222264,decay
20.52,left,0.451087226236,0.260515137289,-0.190572088947,decay
20.53,left,0.451056980137,0.260503231835,-0.190553748302,decay
20.54,left,0.451027122673,0.260491046019,-0.190536076654,decay
20.55,left,0.451000877203,0.26047858614,-0.190522291063,decay
20.56,left,0.450980763465,0.260465867976,-0.190514895489,decay
20.57,left,0.450968617582,0.260452915029,-0.190515702553,decay
20.58,left,0.450965497338,0.260439756957,-0.190525740381,decay
20.59,left,0.450971576104,0.260426428168,-0.190545147936,decay
20.6,left,0.450986052723,0.260412966534,-0.190573086189,decay
20.61,left,0.45100704372,0.260399412207,-0.190607631514,decay
20.62,left,0.451031681619,0.260385806514,-0.190645875106,decay
20.63,left,0.451056556001,0.260372190958,-0.190684365043,decay
20.64,left,0.451078256268,0.260358606322,-0.190719649946,decay
20.65,left,0.451093876299,0.260345091826,-0.190748784473,decay
20.66,left,0.451101577613,0.260331684279,-0.190769893334,decay
20.67,left,0.451101065554,0.260318417173,-0.190782648381,decay
20.68,left,0.45109364708,0.260305319697,-0.190788327383,decay
20.69,left,0.451081859427,0.260292415653,-0.190789443774,decay
20.7,left,0.451068929721,0.260279722235,-0.190789207486,decay
20.71,left,0.451058182207,0.260267248664,-0.190790933543,decay
20.72,left,0.451052461923,0.260254994899,-0.190797467025,decay
20.73,left,0.451053793118,0.260242951195,-0.190810841923,decay
20.74,left,0.451063292649,0.26023109911,-0.190832193539,decay
20.75,left,0.451081119968,0.26021941352,-0.190861706447,decay
20.76,left,0.451106486015,0.260207864845,-0.19089862117,decay
20.77,left,0.451137876224,0.260196421195,-0.190941455029,decay
20.78,left,0.451173345029,0.260185050446,-0.190988294583,decay
20.79,left,0.451210702578,0.260173722285,-0.191036980293,decay
20.8,left,0.451247737539,0.26016241026,-0.191085327278,decay
20.81,left,0.451282602934,0.260151093894,-0.19113150904,decay
20.82,left,0.451314169772,0.260139760608,-0.191174409164,decay
20.83,left,0.451342161394,0.26012840671,-0.191213754684,decay
20.84,left,0.451367091423,0.260117036834,-0.191250054589,decay
20.85,left,0.451389931267,0.26010566229,-0.191284268976,decay
20.86,left,0.45141141108,0.260094299156,-0.191317111923,decay
20.87,left,0.451431270642,0.260082966404,-0.191348304238,decay
20.88,left,0.451447866542,0.260071684077,-0.191376182465,decay
20.89,left,0.451458126642,0.260060471475,-0.191397655167,decay
20.9,left,0.45145776371,0.260049345312,-0.191408418398,decay
20.91,left,0.451441810898,0.260038317822,-0.191403493076,decay
20.92,left,0.45140535692,0.260027394964,-0.191377961956,decay
20.93,left,0.451344245067,0.26001657534,-0.191327669727,decay
20.94,left,0.45125572783,0.260005850262,-0.191249877568,decay
20.95,left,0.451139094368,0.259995204618,-0.19114388975,decay
20.96,left,0.450996023908,0.259984617906,-0.191011406002,decay
20.97,left,0.450830509915,0.259974065182,-0.190856444733,decay
20.98,left,0.450648572849,0.259963517927,-0.190685054923,decay
20.99,left,0.450457870099,0.259952944844,-0.190504925256,decay
21,left,0.450267052035,0.259942312616,-0.190324739418,decay
21.01,left,0.450084969156,0.259931586635,-0.190153382521,decay
21.02,left,0.449919970205,0.259920731692,-0.189999238513,decay
21.03,left,0.449779236975,0.259909712572,-0.189869524403,decay
21.04,left,0.44966812861,0.259898494476,-0.189769634133,decay
21.05,left,0.449589804125,0.259887043367,-0.189702760758,decay
21.06,left,0.449545297264,0.259875326324,-0.189669970939,decay
21.07,left,0.449533935807,0.25986331198,-0.189670623826,decay
21.08,left,0.449553994661,0.259850971041,-0.18970302362,decay
21.09,left,0.449603461517,0.25983827692,-0.189765184597,decay
21.1,left,0.449680567697,0.259825206491,-0.189855361206,decay
21.11,left,0.44978380634,0.259811740993,-0.189972065347,decay
21.12,left,0.449911628815,0.259797866932,-0.190113761883,decay
21.13,left,0.450062183654,0.259783576538,-0.190278607116,decay
21.14,left,0.450233196664,0.259768867405,-0.190464329259,decay
21.15,left,0.450422011286,0.259753741605,-0.190668269681,decay
21.16,left,0.450625854771,0.259738204742,-0.190887650029,decay
21.17,left,0.450842103902,0.259722265161,-0.191119838741,decay
21.18,left,0.451068183545,0.259705933296,-0.191362250249,decay
21.19,left,0.451301138054,0.259689221156,-0.191611916898,decay
21.2,left,0.451537188359,0.259672141931,-0.191865046428,decay
21.21,left,0.451771455734,0.259654709716,-0.192116746018,decay
21.22,left,0.451998012715,0.25963693933,-0.192361073385,decay
21.23,left,0.452210427043,0.259618846188,-0.192591580854,decay
21.24,left,0.452402630205,0.259600446197,-0.192802184007,decay
21.25,left,0.452569698733,0.25958175569,-0.192987943043,decay
21.26,left,0.452708392376,0.259562791427,-0.193145600948,decay
21.27,left,0.452817532024,0.259543570678,-0.193273961346,decay
21.28,left,0.45289815396,0.259524111376,-0.193374042584,decay
21.29,left,0.452953410946,0.259504432352,-0.193448978594,decay
21.3,left,0.452988429029,0.259484553641,-0.193503875388,decay
21.31,left,0.45301006724,0.259464496862,-0.193545570378,decay
21.32,left,0.453026224021,0.259444285626,-0.193581938395,decay
21.33,left,0.45304471866,0.259423945819,-0.193620772841,decay
21.34,left,0.453072158237,0.259403505651,-0.193668652585,decay
21.35,left,0.453113048183,0.259382995542,-0.193730052641,decay
21.36,left,0.453169277099,0.259362447999,-0.1938068291,decay
21.37,left,0.453240142094,0.259341897545,-0.193898244549,decay
21.38,left,0.453322829737,0.259321380681,-0.194001449056,decay
21.39,left,0.453412994635,0.259300935881,-0.194112058754,decay
21.4,left,0.45350533429,0.259280603615,-0.194224730675,decay
21.41,left,0.453594328375,0.25926042638,-0.194333901995,decay
21.42,left,0.453674974048,0.259240448673,-0.194434525375,decay
21.43,left,0.453743126467,0.259220716683,-0.194522409783,decay
21.44,left,0.453795477505,0.259201277545,-0.194594199961,decay
21.45,left,0.453829442542,0.259182178235,-0.194647264308,decay
21.46,left,0.453843018749,0.259163464301,-0.194679554448,decay
21.47,left,0.453834730325,0.259145178475,-0.19468955185,decay
21.48,left,0.453803862218,0.259127359143,-0.194676503075,decay
21.49,left,0.453750810826,0.25911003864,-0.194640772185,decay
21.5,left,0.453677168236,0.259093241335,-0.194583926901,decay
21.51,left,0.453585482724,0.259076981458,-0.194508501266,decay
21.52,left,0.453478846392,0.259061260969,-0.194417585423,decay
21.53,left,0.453360329156,0.259046068448,-0.194314260709,decay
21.54,left,0.453232345913,0.259031379744,-0.194200966169,decay
21.55,left,0.453096282637,0.259017159835,-0.194079122803,decay
21.56,left,0.452952538744,0.259003364848,-0.193949173896,decay
21.57,left,0.45280078415,0.258989943874,-0.193810840276,decay
21.58,left,0.452640306246,0.258976840551,-0.193663465694,decay
21.59,left,0.452470464043,0.258963994478,-0.193506469565,decay
21.6,left,0.452291095899,0.258951342474,-0.193339753425,decay
21.61,left,0.452102793785,0.258938819744,-0.193163974041,decay
21.62,left,0.451907156733,0.258926360909,-0.192980795824,decay
21.63,left,0.45170687807,0.258913900833,-0.192792977237,decay
21.64,left,0.451505366056,0.258901375148,-0.192603990908,decay
21.65,left,0.451306040473,0.258888720599,-0.192417319874,decay
21.66,left,0.451111714565,0.258875875351,-0.192235839214,decay
21.67,left,0.450924186305,0.258862779354,-0.192061406951,decay
21.68,left,0.450744017214,0.258849374782,-0.191894642432,decay
21.69,left,0.450570661555,0.258835606568,-0.191735054987,decay
21.7,left,0.450403006336,0.25882142306,-0.191581583275,decay
21.71,left,0.450240003061,0.258806776828,-0.191433226232,decay
21.72,left,0.450081146905,0.258791625543,-0.191289521362,decay
21.73,left,0.449926881378,0.258775932679,-0.191150948699,decay
21.74,left,0.449778853035,0.258759667843,-0.191019185192,decay
21.75,left,0.449639812421,0.258742806904,-0.190897005517,decay
21.76,left,0.449513270433,0.258725332238,-0.190787938195,decay
21.77,left,0.44940305324,0.25870723321,-0.19069582003,decay
21.78,left,0.449312665903,0.258688506926,-0.190624158977,decay
21.79,left,0.449244567833,0.25866915926,-0.190575408572,decay
21.8,left,0.44919971643,0.258649206179,-0.19055051025,decay
21.81,left,0.449177450098,0.258628675383,-0.190548774715,decay
21.82,left,0.449175462766,0.258607607946,-0.19056785482,decay
21.83,left,0.449189828717,0.25858605893,-0.190603769787,decay
21.84,left,0.449215268888,0.258564096193,-0.190651172695,decay
21.85,left,0.449245649192,0.258541797937,-0.190703851254,decay
21.86,left,0.449274600086,0.258519250055,-0.190755350031,decay
21.87,left,0.449296280414,0.258496543628,-0.190799736786,decay
21.88,left,0.44930610897,0.258473772582,-0.190832336388,decay
21.89,left,0.449301116911,0.25845103142,-0.190850085491,decay
21.9,left,0.44927995406,0.258428412986,-0.190851541075,decay
21.91,left,0.4492428162,0.258406006187,-0.190836810014,decay
21.92,left,0.449191277934,0.258383893843,-0.190807384091,decay
21.93,left,0.449127934784,0.258362151247,-0.190765783537,decay
21.94,left,0.449056012353,0.258340845898,-0.190715166455,decay
21.95,left,0.448979038131,0.258320037997,-0.190659000134,decay
21.96,left,0.448900423665,0.258299781032,-0.190600642633,decay
21.97,left,0.448823013989,0.258280122141,-0.190542891848,decay
21.98,left,0.448748926977,0.258261102252,-0.190487824725,decay
21.99,left,0.448679688151,0.258242755966,-0.190436932185,decay
22,left,0.448616393345,0.258225111176,-0.190391282169,decay
22.01,left,0.44855987801,0.258208188422,-0.190351689588,decay
22.02,left,0.44851089554,0.258192000092,-0.190318895448,decay
22.03,left,0.448470067298,0.258176549943,-0.190293517356,decay
22.04,left,0.448437603376,0.258161833263,-0.190275770113,decay
22.05,left,0.448413085034,0.258147837427,-0.190265247607,decay
22.06,left,0.448395360926,0.258134542353,-0.190260818573,decay
22.07,left,0.44838242979,0.258121920682,-0.190260509109,decay
22.08,left,0.448371387011,0.258109937662,-0.190261449349,decay
22.09,left,0.448358586884,0.25809855075,-0.190260036134,decay
22.1,left,0.448339965351,0.258087708929,-0.190252256421,decay
22.11,left,0.448311403392,0.258077351741,-0.190234051651,decay
22.12,left,0.448269178798,0.25806740832,-0.190201770478,decay
22.13,left,0.448210461807,0.25805779734,-0.190152664467,decay
22.14,left,0.448133556149,0.258048428553,-0.190085127596,decay
22.15,left,0.448037810998,0.25803920546,-0.189998605539,decay
22.16,left,0.447923401839,0.258030028236,-0.189893373603,decay
22.17,left,0.447791029627,0.258020796611,-0.189770233017,decay
22.18,left,0.447641638785,0.258011412713,-0.189630226072,decay
22.19,left,0.447476418592,0.258001783981,-0.189474634611,decay
22.2,left,0.44729703217,0.257991826188,-0.189305205982,decay
22.21,left,0.447105725257,0.257981466662,-0.189124258595,decay
22.22,left,0.446905222433,0.257970647374,-0.18893457506,decay
22.23,left,0.446698569529,0.257959326702,-0.188739242827,decay
22.24,left,0.446488924898,0.257947479002,-0.188541445895,decay
22.25,left,0.446279251599,0.257935092683,-0.188344158917,decay
22.26,left,0.446072086259,0.257922168051,-0.188149918208,decay
22.27,left,0.445869473837,0.257908715443,-0.187960758393,decay
22.28,left,0.445672914498,0.25789475365,-0.187778160848,decay
22.29,left,0.445483365115,0.257880308603,-0.187603056513,decay
22.3,left,0.445301470603,0.257865412301,-0.187436058302,decay
22.31,left,0.44512783539,0.257850101965,-0.187277733425,decay
22.32,left,0.444963064099,0.257834419299,-0.1871286448,decay
22.33,left,0.444807680187,0.257818409639,-0.186989270549,decay
22.34,left,0.444662052782,0.257802120771,-0.186859932011,decay
22.35,left,0.444526242643,0.257785601537,-0.186740641106,decay
22.36,left,0.444399834959,0.25776890041,-0.186630934549,decay
22.37,left,0.444281972833,0.257752064127,-0.186529908705,decay
22.38,left,0.444171536514,0.257735136329,-0.186436400186,decay
22.39,left,0.44406724318,0.25771815619,-0.18634908699,decay
22.4,left,0.443967692536,0.257701157003,-0.186266535532,decay
22.41,left,0.443871502651,0.257684164681,-0.186187337969,decay
22.42,left,0.44377739807,0.25766719637,-0.186110201701,decay
22.43,left,0.443684108578,0.257650259836,-0.186033848742,decay
22.44,left,0.443590285069,0.257633354141,-0.185956930928,decay
22.45,left,0.443494522236,0.257616471205,-0.185878051031,decay
22.46,left,0.443395298577,0.25759959757,-0.185795701007,decay
22.47,left,0.443290932611,0.257582716105,-0.185708216507,decay
22.48,left,0.443179876859,0.257565807641,-0.185614069218,decay
22.49,left,0.443061319516,0.257548852586,-0.18551246693,decay
22.5,left,0.442935778945,0.257531832531,-0.185403946414,decay
22.51,left,0.442805451835,0.257514731894,-0.185290719941,decay
22.52,left,0.442674124361,0.257497539438,-0.185176584923,decay
22.53,left,0.442546524435,0.257480249146,-0.185066275288,decay
22.54,left,0.442427370116,0.25746286004,-0.184964510077,decay
22.55,left,0.442320615913,0.257445375264,-0.184875240649,decay
22.56,left,0.442229050641,0.257427801005,-0.184801249636,decay
22.57,left,0.44215410201,0.257410145453,-0.184743956557,decay
22.58,left,0.442095905596,0.257392417831,-0.184703487764,decay
22.59,left,0.442053709134,0.257374627448,-0.184679081686,decay
22.6,left,0.442026419532,0.257356782778,-0.184669636754,decay
22.61,left,0.442013137549,0.257338890542,-0.184674247007,decay
22.62,left,0.442013647894,0.257320954895,-0.184692692999,decay
22.63,left,0.44202870006,0.257302977076,-0.184725722984,decay
22.64,left,0.442059888353,0.257284955804,-0.184774932549,decay
22.65,left,0.442109234353,0.257266888201,-0.184842346152,decay
22.66,left,0.442178716457,0.257248770875,-0.184929945582,decay
22.67,left,0.442269811736,0.257230601022,-0.185039210713,decay
22.68,left,0.442383141845,0.257212377549,-0.185170764296,decay
22.69,left,0.442518492089,0.257194102236,-0.185324389854,decay
22.7,left,0.442675177443,0.257175780957,-0.185499396486,decay
22.71,left,0.442852319533,0.257157424981,-0.185694894552,decay
22.72,left,0.443048846025,0.257139052176,-0.185909793849,decay
22.73,left,0.443263405716,0.257120687531,-0.186142718185,decay
22.74,left,0.443494256808,0.257102362562,-0.186391894246,decay
22.75,left,0.443739115215,0.257084113915,-0.1866550013,decay
22.76,left,0.443995116037,0.257065981767,-0.18692913427,decay
22.77,left,0.444258847199,0.257048008234,-0.187210838965,decay
22.78,left,0.444526190254,0.257030235791,-0.187495954463,decay
22.79,left,0.444792010572,0.257012705649,-0.187779304923,decay
22.8,left,0.445050047132,0.256995456068,-0.188054591065,decay
22.81,left,0.445293162357,0.256978520553,-0.188314641804,decay
22.82,left,0.445513884402,0.25696192613,-0.188551958272,decay
22.83,left,0.445705225884,0.256945692303,-0.188759533581,decay
22.84,left,0.445861624143,0.256929831173,-0.18893179297,decay
22.85,left,0.445979563185,0.256914348348,-0.189065214837,decay
22.86,left,0.446057712952,0.256899243958,-0.189158468994,decay
22.87,left,0.446096846472,0.25688451351,-0.189212332962,decay
22.88,left,0.446099618793,0.25687014858,-0.189229470213,decay
22.89,left,0.446070130852,0.256856137344,-0.189213993508,decay
22.9,left,0.446013437516,0.256842464969,-0.189170972547,decay
22.91,left,0.445935113907,0.256829113859,-0.189106000047,decay
22.92,left,0.44584074606,0.256816063818,-0.189024682242,decay
22.93,left,0.445735383322,0.256803292204,-0.188932091118,decay
22.94,left,0.445623194057,0.256790774196,-0.188832419861,decay
22.95,left,0.4455073326,0.256778483092,-0.188728849508,decay
22.96,left,0.445389868015,0.256766390565,-0.18862347745,decay
22.97,left,0.445271851733,0.256754466843,-0.188517384891,decay
22.98,left,0.445153656296,0.256742680808,-0.188410975488,decay
22.99,left,0.445035402998,0.256731000042,-0.188304402956,decay
23,left,0.444917265672,0.256719390808,-0.188197874863,decay
23.01,left,0.444799734329,0.256707817989,-0.188091916339,decay
23.02,left,0.444683851593,0.256696245,-0.187987606594,decay
23.03,left,0.444571267494,0.256684633711,-0.187886633783,decay
23.04,left,0.444464212728,0.256672944436,-0.187791268292,decay
23.05,left,0.444365559245,0.256661135954,-0.187704423292,decay
23.06,left,0.444278795928,0.256649165544,-0.187629630383,decay
23.07,left,0.444207701731,0.256636989035,-0.187570712696,decay
23.08,left,0.444155777554,0.256624560865,-0.187531216689,decay
23.09,left,0.444125590781,0.256611834174,-0.187513756607,decay
23.1,left,0.444118152948,0.256598760942,-0.187519392006,decay
23.11,left,0.444132595101,0.25658529218,-0.18754730292,decay
23.12,left,0.444166439782,0.256571378214,-0.187595061568,decay
23.13,left,0.444216316144,0.256556969136,-0.187659347008,decay
23.14,left,0.444278653171,0.256542015492,-0.187736637679,decay
23.15,left,0.444350190141,0.256526469189,-0.187823720952,decay
23.16,left,0.444428298672,0.256510284587,-0.187918014085,decay
23.17,left,0.44451095545,0.256493419786,-0.188017535665,decay
23.18,left,0.444596433184,0.256475838128,-0.188120595056,decay
23.19,left,0.44468305945,0.256457509957,-0.188225549493,decay
23.2,left,0.444769133693,0.256438414665,-0.188330719028,decay
23.21,left,0.444852823016,0.256418543073,-0.188434279943,decay
23.22,left,0.444932053091,0.256397899802,-0.188534153289,decay
23.23,left,0.445004527538,0.256376504511,-0.188628023027,decay
23.24,left,0.445067744915,0.256354391119,-0.188713353796,decay
23.25,left,0.445118888365,0.256331605681,-0.188787282683,decay
23.26,left,0.445154829654,0.256308204091,-0.188846625563,decay
23.27,left,0.445172423938,0.256284250062,-0.188888173876,decay
23.28,left,0.445168890005,0.256259813391,-0.188909076614,decay
23.29,left,0.445142145294,0.256234968454,-0.18890717684,decay
23.3,left,0.445091174793,0.256209792895,-0.188881381898,decay
23.31,left,0.445016317287,0.256184366474,-0.188831950814,decay
23.32,left,0.444919283523,0.256158770037,-0.188760513486,decay
23.33,left,0.444802950402,0.256133084631,-0.18866986577,decay
23.34,left,0.444670942135,0.256107390742,-0.188563551393,decay
23.35,left,0.444526973483,0.256081767613,-0.18844520587,decay
23.36,left,0.444374248119,0.256056292565,-0.188317955555,decay
23.37,left,0.444215270339,0.25603104027,-0.188184230069,decay
23.38,left,0.444052019552,0.256006081945,-0.188045937607,decay
23.39,left,0.44388625265,0.255981484434,-0.187904768216,decay
23.4,left,0.443719923921,0.25595730915,-0.187762614771,decay
23.41,left,0.443555681843,0.255933610839,-0.187622071003,decay
23.42,left,0.443397128269,0.255910436343,-0.187486691926,decay
23.43,left,0.443248720527,0.255887823976,-0.187360896551,decay
23.44,left,0.443115527577,0.255865803999,-0.187249723577,decay
23.45,left,0.443002832328,0.25584439979,-0.187158432538,decay
23.46,left,0.442915432141,0.255823629069,-0.187091803071,decay
23.47,left,0.44285683287,0.255803504905,-0.187053327965,decay
23.48,left,0.442828612221,0.255784036479,-0.187044575742,decay
23.49,left,0.442830040968,0.255765229634,-0.187064811335,decay
23.5,left,0.442858128299,0.255747087199,-0.187111041099,decay
23.51,left,0.442908209216,0.255729609109,-0.187178600107,decay
23.52,left,0.442974800208,0.255712792351,-0.187262007858,decay
23.53,left,0.44305234284,0.255696630921,-0.187355711919,decay
23.54,left,0.443135731337,0.255681115903,-0.187454615434,decay
23.55,left,0.443220654378,0.255666235572,-0.187554418806,decay
23.56,left,0.443303725555,0.255651975378,-0.187651750176,decay
23.57,left,0.443382484678,0.25563831772,-0.187744166957,decay
23.58,left,0.443455510701,0.255625241522,-0.187830269178,decay
23.59,left,0.443522669155,0.255612721603,-0.187909947552,decay
23.6,left,0.443585243802,0.255600727831,-0.187984515971,decay
23.61,left,0.443645843418,0.255589224065,-0.188056619353,decay
23.62,left,0.443708108259,0.25557816709,-0.188129941169,decay
23.63,left,0.443776178729,0.255567506232,-0.188208672497,decay
23.64,left,0.44385404278,0.25555718419,-0.188296858589,decay
23.65,left,0.443945057923,0.255547138701,-0.188397919222,decay
23.66,left,0.444051709544,0.255537304361,-0.188514405183,decay
23.67,left,0.444175384336,0.255527614362,-0.188647769974,decay
23.68,left,0.444316125398,0.255518002143,-0.188798123255,decay
23.69,left,0.444472578382,0.255508403012,-0.18896417537,decay
23.7,left,0.444642083938,0.255498755784,-0.189143328154,decay
23.71,left,0.444820654917,0.255489004461,-0.189331650457,decay
23.72,left,0.445002882541,0.25547909984,-0.189523782701,decay
23.73,left,0.445182008049,0.255469000542,-0.189713007508,decay
23.74,left,0.44535022963,0.255458673086,-0.189891556544,decay
23.75,left,0.44549931553,0.255448091334,-0.190051224195,decay
23.76,left,0.445621543756,0.255437235859,-0.190184307897,decay
23.77,left,0.445710575646,0.255426093457,-0.190284482189,decay
23.78,left,0.445761772806,0.255414656836,-0.190347115971,decay
23.79,left,0.445771993304,0.255402924461,-0.190369068843,decay
23.8,left,0.445739262972,0.255390900575,-0.190348362397,decay
23.81,left,0.445662481291,0.25537859537,-0.190283885922,decay
23.82,left,0.44554116065,0.255366025221,-0.190175135429,decay
23.83,left,0.445375385307,0.255353212586,-0.190022172721,decay
23.84,left,0.44516603929,0.255340185291,-0.189825853999,decay
23.85,left,0.444914987878,0.255326975411,-0.189588012467,decay
23.86,left,0.444625068998,0.255313618089,-0.189311450909,decay
23.87,left,0.44430009583,0.255300150437,-0.188999945393,decay
23.88,left,0.443944919679,0.255286610511,-0.188658309168,decay
23.89,left,0.443565456605,0.255273036323,-0.188292420283,decay
23.9,left,0.443168709184,0.255259464871,-0.187909244313,decay
23.91,left,0.442762679834,0.255245931165,-0.187516748669,decay
23.92,left,0.442355944392,0.255232467294,-0.187123477098,decay
23.93,left,0.441956997122,0.255219101738,-0.186737895385,decay
23.94,left,0.441573711663,0.255205859089,-0.186367852574,decay
23.95,left,0.441212997967,0.255192760036,-0.186020237931,decay
23.96,left,0.440880557137,0.255179821354,-0.185700735783,decay
23.97,left,0.440580787079,0.255167055811,-0.185413731269,decay
23.98,left,0.440316827263,0.255154471972,-0.185162355292,decay
23.99,left,0.440090549083,0.255142073889,-0.184948475195,decay
24,left,0.439902534766,0.255129860677,-0.184772674089,decay
24.01,left,0.439752254687,0.255117825966,-0.184634428721,decay
24.02,left,0.439638334556,0.255105957336,-0.18453237722,decay
24.03,left,0.439558706168,0.255094236128,-0.18446447004,decay
24.04,left,0.439510735121,0.255082637894,-0.184428097227,decay
24.05,left,0.439491421681,0.255071133297,-0.184420288384,decay
24.06,left,0.43949753234,0.255059689081,-0.184437843259,decay
24.07,left,0.439525585857,0.255048268964,-0.184477316893,decay
24.08,left,0.439571834865,0.255036834474,-0.184535000392,decay
24.09,left,0.439632340163,0.25502534574,-0.184606994424,decay
24.1,left,0.439703122246,0.255013762268,-0.184689359978,decay
24.11,left,0.439780487105,0.255002043719,-0.184778443386,decay
24.12,left,0.439861561683,0.25499015067,-0.184871411013,decay
24.13,left,0.43994469724,0.254978045243,-0.184966651997,decay
24.14,left,0.440029452216,0.254965691533,-0.185063760683,decay
24.15,left,0.440116365371,0.254953055903,-0.185163309468,decay
24.16,left,0.440206741069,0.254940107332,-0.185266633737,decay
24.17,left,0.440302340743,0.254926817856,-0.185375522887,decay
24.18,left,0.440404995857,0.254913163145,-0.185491832712,decay
24.19,left,0.440516314277,0.25489912322,-0.185617191057,decay
24.2,left,0.440637434012,0.254884683328,-0.185752750684,decay
24.21,left,0.440768776147,0.254869835003,-0.185898941145,decay
24.22,left,0.440909974181,0.254854577131,-0.18605539705,decay
24.23,left,0.44105999027,0.254838916478,-0.186221073792,decay
24.24,left,0.441217156949,0.25482286723,-0.186394289719,decay
24.25,left,0.441379142345,0.254806449892,-0.186572692453,decay
24.26,left,0.44154313133,0.254789690105,-0.186753441225,decay
24.27,left,0.441706188028,0.254772617625,-0.186933570403,decay
24.28,left,0.44186546669,0.254755265443,-0.187110201247,decay
24.29,left,0.442018236964,0.254737669047,-0.187280567917,decay
24.3,left,0.442161876826,0.25471986578,-0.187442011046,decay
24.31,left,0.442293833748,0.2547018943,-0.187591939448,decay
24.32,left,0.442411662404,0.254683794111,-0.187727868293,decay
24.33,left,0.442513324489,0.254665605161,-0.187847719328,decay
24.34,left,0.442597615558,0.254647367504,-0.187950248054,decay
24.35,left,0.442664456926,0.254629120997,-0.188035335929,decay
24.36,left,0.442715042916,0.254610905009,-0.188104137907,decay
24.37,left,0.442751872135,0.254592758131,-0.188159114003,decay
24.38,left,0.442778423029,0.254574717862,-0.188203705167,decay
24.39,left,0.442798353874,0.254556820257,-0.188241533617,decay
24.4,left,0.442814591145,0.254539099533,-0.188275491612,decay
24.41,left,0.442828647948,0.254521587606,-0.188307060342,decay
24.42,left,0.442840204899,0.254504313585,-0.188335891314,decay
24.43,left,0.44284711911,0.254487303347,-0.188359815764,decay
24.44,left,0.442846080933,0.254470579252,-0.188375501681,decay
24.45,left,0.44283366603,0.254454159942,-0.188379506088,decay
24.46,left,0.442807311569,0.254438060055,-0.188369251514,decay
24.47,left,0.442766007491,0.254422289817,-0.188343717675,decay
24.48,left,0.44271052714,0.254406854467,-0.188303672673,decay
24.49,left,0.442642990483,0.254391753541,-0.188251236942,decay
24.5,left,0.44256596935,0.254376979964,-0.188188989386,decay
24.51,left,0.4424816438,0.254362518964,-0.188119124836,decay
24.52,left,0.442391238509,0.25434834699,-0.188042891519,decay
24.53,left,0.442294759013,0.254334431299,-0.187960327713,decay
24.54,left,0.442191201802,0.254320730694,-0.187870471108,decay
24.55,left,0.44207921819,0.254307197067,-0.187772021123,decay
24.56,left,0.441957727709,0.254293777092,-0.187663950617,decay
24.57,left,0.441826116506,0.254280413804,-0.187545702702,decay
24.58,left,0.441684141209,0.254267048109,-0.1874170931,decay
24.59,left,0.441531659761,0.254253620233,-0.187278039528,decay
24.6,left,0.441368299174,0.254240071166,-0.187128228008,decay
24.61,left,0.441193429498,0.254226344136,-0.186967085362,decay
24.62,left,0.441006578305,0.254212386041,-0.186794192264,decay
24.63,left,0.440807897362,0.254198148578,-0.186609748784,decay
24.64,left,0.440598364195,0.254183588846,-0.186414775348,decay
24.65,left,0.440379791919,0.254168669642,-0.186211122277,decay
24.66,left,0.440154708676,0.254153359772,-0.186001348904,decay
24.67,left,0.439926037024,0.25413763455,-0.185788402475,decay
24.68,left,0.439696775346,0.254121476483,-0.185575298863,decay
24.69,left,0.439469965159,0.254104876186,-0.185365088972,decay
24.7,left,0.439248741187,0.254087833527,-0.185160907661,decay
24.71,left,0.439036133585,0.254070359028,-0.184965774556,decay
24.72,left,0.438834729576,0.254052475264,-0.184782254312,decay
24.73,left,0.438646416654,0.254034217346,-0.184612199307,decay
24.74,left,0.438472287476,0.254015631845,-0.184456655631,decay
24.75,left,0.43831285079,0.253996774612,-0.184316076178,decay
24.76,left,0.438168557278,0.253977708418,-0.184190848859,decay
24.77,left,0.438040312018,0.253958500738,-0.18408181128,decay
24.78,left,0.437929724037,0.253939221653,-0.183990502384,decay
24.79,left,0.437839137627,0.253919941838,-0.183919195789,decay
24.8,left,0.437771454292,0.253900730574,-0.183870723718,decay
24.81,left,0.437729648301,0.253881653737,-0.183847994564,decay
24.82,left,0.437716110848,0.253862771864,-0.183853338984,decay
24.83,left,0.437732148199,0.253844138684,-0.183888009515,decay
24.84,left,0.437777683849,0.253825800424,-0.183951883426,decay
24.85,left,0.437851007502,0.253807795603,-0.184043211899,decay
24.86,left,0.437948675191,0.253790154839,-0.184158520353,decay
24.87,left,0.438065723258,0.253772900458,-0.1842928228,decay
24.88,left,0.438196062906,0.253756045888,-0.184440017019,decay
24.89,left,0.438332942837,0.25373959481,-0.184593348026,decay
24.9,left,0.438469497573,0.253723540058,-0.184745957514,decay
24.91,left,0.438599233823,0.253707862244,-0.184891371579,decay
24.92,left,0.438716306269,0.25369252841,-0.185023777859,decay
24.93,left,0.438815694112,0.253677491701,-0.185138202411,decay
24.94,left,0.438893355759,0.253662692785,-0.185230662973,decay
24.95,left,0.438946157632,0.253648062517,-0.185298095115,decay
24.96,left,0.438971500912,0.253633524839,-0.185337976074,decay
24.97,left,0.438966968817,0.253618999571,-0.185347969246,decay
24.98,left,0.438930238222,0.253604405115,-0.185325833107,decay
24.99,left,0.438859202166,0.253589661126,-0.185269541039,decay
25,left,0.438752332097,0.253574691232,-0.185177640865,decay
25.01,left,0.438609309494,0.253559425838,-0.185049883656,decay
25.02,left,0.438431594901,0.253543804827,-0.184887790074,decay
25.03,left,0.438222598129,0.253527779289,-0.184694818841,decay
25.04,left,0.437987504653,0.253511311685,-0.184476192968,decay
25.05,left,0.437732871605,0.253494374952,-0.184238496653,decay
25.06,left,0.437466003273,0.253476951469,-0.183989051804,decay
25.07,left,0.437194290628,0.253459032257,-0.183735258371,decay
25.08,left,0.436924757185,0.253440616445,-0.18348414074,decay
25.09,left,0.436663755371,0.253421710981,-0.18324204439,decay
25.1,left,0.436416648828,0.253402330596,-0.183014318232,decay
25.11,left,0.436187637906,0.253382498008,-0.182805139898,decay
25.12,left,0.435979967091,0.253362244218,-0.182617722872,decay
25.13,left,0.435796367369,0.253341608374,-0.182454758995,decay
25.14,left,0.435639505596,0.253320636819,-0.182318868777,decay
25.15,left,0.435512415094,0.253299381595,-0.182213033499,decay
25.16,left,0.435418697082,0.253277898881,-0.1821407982,decay
25.17,left,0.435362237849,0.253256247551,-0.182105990298,decay
25.18,left,0.435346641152,0.253234487828,-0.182112153324,decay
25.19,left,0.435374670172,0.253212680014,-0.182161990158,decay
25.2,left,0.435447736166,0.253190883231,-0.182256852935,decay
25.21,left,0.435565544989,0.253169154168,-0.182396390821,decay
25.22,left,0.435726082856,0.25314754591,-0.182578536946,decay
25.23,left,0.435925809486,0.253126107199,-0.182799702286,decay
25.24,left,0.436159816424,0.25310488241,-0.183054934014,decay
25.25,left,0.436422109005,0.253083911985,-0.18333819702,decay
25.26,left,0.436706245851,0.253063232944,-0.183643012907,decay
25.27,left,0.437006031509,0.253042879285,-0.183963152224,decay
25.28,left,0.437315856347,0.253022882262,-0.184292974085,decay
25.29,left,0.437630743315,0.253003270542,-0.184627472774,decay
25.3,left,0.437946255851,0.252984070226,-0.184962185625,decay
25.31,left,0.438258278442,0.252965304742,-0.1852929737,decay
25.32,left,0.438562822579,0.252946994662,-0.185615827917,decay
25.33,left,0.438856066734,0.252929157704,-0.185926909029,decay
25.34,left,0.439134623233,0.252911809102,-0.186222814131,decay
25.35,left,0.439395940622,0.252894962182,-0.18650097844,decay
25.36,left,0.43963875218,0.252878628922,-0.186760123258,decay
25.37,left,0.439863235955,0.252862820355,-0.1870004156,decay
25.38,left,0.440070453201,0.252847546838,-0.187222906363,decay
25.39,left,0.440261214312,0.252832818178,-0.187428396134,decay
25.4,left,0.440435120706,0.252818643612,-0.187616477093,decay
25.41,left,0.440590258899,0.252805031641,-0.187785227258,decay
25.42,left,0.440723477673,0.25279198974,-0.187931487933,decay
25.43,left,0.44083111275,0.252779524033,-0.188051588716,decay
25.44,left,0.440909899075,0.252767638981,-0.188142260094,decay
25.45,left,0.440957524241,0.252756337027,-0.188201187214,decay
25.46,left,0.440972598529,0.252745618118,-0.188226980412,decay
25.47,left,0.44095440156,0.252735479027,-0.188218922533,decay
25.48,left,0.440902767655,0.252725912493,-0.188176855163,decay
25.49,left,0.440818237034,0.252716906139,-0.188101330895,decay
25.5,left,0.440702542543,0.252708441178,-0.187994101365,decay
25.51,left,0.440559266862,0.252700490862,-0.187858776,decay
25.52,left,0.440394135855,0.252693018956,-0.187701116899,decay
25.53,left,0.440214571446,0.252685979036,-0.18752859241,decay
25.54,left,0.440028717878,0.252679315253,-0.187349402625,decay
25.55,left,0.439844336706,0.252672964118,-0.187171372588,decay
25.56,left,0.439667773404,0.252666856444,-0.187000916961,decay
25.57,left,0.439503237766,0.252660919164,-0.186842318602,decay
25.58,left,0.439352663091,0.252655077022,-0.186697586069,decay
25.59,left,0.439216044347,0.252649254188,-0.186566790159,decay
25.6,left,0.439091941211,0.252643375834,-0.186448565377,decay
25.61,left,0.438978039814,0.25263736973,-0.186340670084,decay
25.62,left,0.438871753161,0.252631167736,-0.186240585425,decay
25.63,left,0.438770732736,0.252624706767,-0.18614602597,decay
25.64,left,0.438673218113,0.252617928897,-0.186055289217,decay
25.65,left,0.438578268692,0.252610780909,-0.185967487783,decay
25.66,left,0.438485834853,0.252603213769,-0.185882621084,decay
25.67,left,0.438396552845,0.252595182242,-0.185801370603,decay
25.68,left,0.43831135968,0.252586644683,-0.185724714997,decay
25.69,left,0.438231097331,0.252577562987,-0.185653534344,decay
25.7,left,0.43815606175,0.252567902737,-0.185588159013,decay
25.71,left,0.438085553735,0.252557633537,-0.185527920198,decay
25.72,left,0.438017775597,0.25254672947,-0.185471046127,decay
25.73,left,0.437950200932,0.252535169426,-0.185415031507,decay
25.74,left,0.437880175064,0.252522937101,-0.185357237962,decay
25.75,left,0.437805560225,0.252510020844,-0.18529553938,decay
25.76,left,0.437725278325,0.252496413606,-0.18522886472,decay
25.77,left,0.437639488287,0.252482113134,-0.185157375154,decay
25.78,left,0.43754938638,0.252467122414,-0.185082263966,decay
25.79,left,0.437456933608,0.252451450369,-0.185005483239,decay
25.8,left,0.437364643042,0.252435112822,-0.18492953022,decay
25.81,left,0.437275323803,0.252418133746,-0.184857190057,decay
25.82,left,0.437191864759,0.252400546556,-0.184791318203,decay
25.83,left,0.437117258683,0.252382394714,-0.184734863969,decay
25.84,left,0.43705470556,0.252363731057,-0.184690974503,decay
25.85,left,0.437007517976,0.252344616275,-0.184662901701,decay
25.86,left,0.436978952095,0.252325117289,-0.184653834806,decay
25.87,left,0.436972127518,0.252305305809,-0.184666821709,decay
25.88,left,0.436989908112,0.252285257072,-0.184704651041,decay
25.89,left,0.437034697253,0.252265048702,-0.184769648552,decay
25.9,left,0.43710819622,0.25224475968,-0.18486343654,decay
25.91,left,0.437211045228,0.252224469369,-0.184986575859,decay
25.92,left,0.437342431729,0.252204256603,-0.185138175126,decay
25.93,left,0.437499999046,0.252184198911,-0.185315800135,decay
25.94,left,0.437680141885,0.252164371945,-0.185515769941,decay
25.95,left,0.437878380899,0.252144848991,-0.185733531908,decay
25.96,left,0.438089668048,0.252125700454,-0.185963967594,decay
25.97,left,0.438308865697,0.25210699321,-0.186201872487,decay
25.98,left,0.438531452161,0.252088789814,-0.186442662347,decay
25.99,left,0.438754132576,0.252071147536,-0.18668298504,decay
26,left,0.438975196135,0.252054117173,-0.186921078963,decay
26.01,left,0.439194637891,0.252037741627,-0.187156896264,decay
26.02,left,0.43941388944,0.252022054402,-0.187391835038,decay
26.03,left,0.439635101604,0.252007078598,-0.187628023006,decay
26.04,left,0.439860236607,0.251992826846,-0.187867409761,decay
26.05,left,0.440090183118,0.251979301822,-0.188110881296,decay
26.06,left,0.44032404649,0.251966496708,-0.188357549782,decay
26.07,left,0.440558942184,0.251954395342,-0.188604546842,decay
26.08,left,0.440790444429,0.25194297204,-0.188847472389,decay
26.09,left,0.441013329237,0.251932191091,-0.189081138146,decay
26.1,left,0.441222250098,0.251922005921,-0.189300244177,decay
26.11,left,0.441412413906,0.251912357927,-0.189500055979,decay
26.12,left,0.441580248652,0.251903175296,-0.189677073355,decay
26.13,left,0.441723746897,0.251894372817,-0.18982937408,decay
26.14,left,0.441842435773,0.251885853462,-0.189956582311,decay
26.15,left,0.441937195883,0.251877511203,-0.19005968468,decay
26.16,left,0.442009914689,0.25186923409,-0.1901406806,decay
26.17,left,0.442062916017,0.251860907221,-0.190202008797,decay
26.18,left,0.442098378586,0.251852415654,-0.190245962932,decay
26.19,left,0.442117903501,0.251843647329,-0.190274256172,decay
26.2,left,0.442122197027,0.251834496076,-0.190287700951,decay
26.21,left,0.442110939285,0.251824864788,-0.190286074497,decay
26.22,left,0.442082968321,0.251814668485,-0.190268299837,decay
26.23,left,0.442036665465,0.251803836268,-0.190232829197,decay
26.24,left,0.441970334774,0.251792311413,-0.190178023361,decay
26.25,left,0.441882609272,0.251780050227,-0.190102559045,decay
26.26,left,0.441772899616,0.25176702079,-0.190005878826,decay
26.27,left,0.44164158243,0.251753202027,-0.189888380403,decay
26.28,left,0.441489779302,0.251738583143,-0.189751196159,decay
26.29,left,0.441319030073,0.251723163424,-0.189595866648,decay
26.3,left,0.441131077361,0.251706952391,-0.18942412497,decay
26.31,left,0.440927691239,0.251689970324,-0.189237720915,decay
26.32,left,0.440710574743,0.251672248886,-0.189038325857,decay
26.33,left,0.440481392179,0.251653831051,-0.188827561129,decay
26.34,left,0.440241718344,0.251634769704,-0.188606948641,decay
26.35,left,0.439992843074,0.251615125347,-0.188377717727,decay
26.36,left,0.439735644164,0.251594963717,-0.188140680447,decay
26.37,left,0.439470617034,0.251574353597,-0.187896263437,decay
26.38,left,0.439197964825,0.251553364807,-0.187644600018,decay
26.39,left,0.438917832157,0.251532066324,-0.187385765833,decay
26.4,left,0.438630838333,0.251510524489,-0.187120313844,decay
26.41,left,0.438338672565,0.25148880124,-0.186849871325,decay
26.42,left,0.438044400594,0.25146695252,-0.186577448074,decay
26.43,left,0.43775249293,0.251445027332,-0.186307465597,decay
26.44,left,0.437468630008,0.251423067825,-0.186045562183,decay
26.45,left,0.437199209822,0.251401110087,-0.185798099735,decay
26.46,left,0.436950689292,0.251379185106,-0.185571504186,decay
26.47,left,0.436728946342,0.251357319664,-0.185371626678,decay
26.48,left,0.436538577834,0.251335537154,-0.185203040681,decay
26.49,left,0.436382100348,0.251313858334,-0.185068242014,decay
26.5,left,0.436259350183,0.251292302018,-0.184967048165,decay
26.51,left,0.436167338746,0.251270885706,-0.184896453041,decay
26.52,left,0.436100511358,0.251249626161,-0.184850885198,decay
26.53,left,0.436051382113,0.251228539916,-0.184822842198,decay
26.54,left,0.436011643984,0.251207643703,-0.18480400028,decay
26.55,left,0.435973501453,0.25118695482,-0.184786546634,decay
26.56,left,0.435930736736,0.251166491442,-0.184764245294,decay
26.57,left,0.435879370365,0.251146272908,-0.184733097457,decay
26.58,left,0.435817919349,0.251126319954,-0.184691599394,decay
26.59,left,0.435747099971,0.251106654921,-0.18464044505,decay
26.6,left,0.4356690821,0.251087301905,-0.184581780195,decay
26.61,left,0.435586698566,0.251068286881,-0.184518411685,decay
26.62,left,0.435502763351,0.251049637751,-0.1844531256,decay
26.63,left,0.435419481284,0.251031384299,-0.184388096985,decay
26.64,left,0.435338182092,0.251013558014,-0.184324624078,decay
26.65,left,0.43525955836,0.250996191786,-0.184263366574,decay
26.66,left,0.435184115325,0.250979319499,-0.184204795826,decay
26.67,left,0.435112450264,0.250962975524,-0.18414947474,decay
26.68,left,0.435045348196,0.2509471941,-0.184098154095,decay
26.69,left,0.434983771334,0.250932008573,-0.184051762761,decay
26.7,left,0.434928686332,0.25091745048,-0.184011235852,decay
26.71,left,0.434880858026,0.250903548463,-0.183977309563,decay
26.72,left,0.434840831468,0.250890327076,-0.183950504393,decay
26.73,left,0.434809002303,0.250877805826,-0.183931196477,decay
26.74,left,0.434785603815,0.250865998667,-0.183919605149,decay
26.75,left,0.43477068937,0.250854913738,-0.183915775631,decay
26.76,left,0.434764150836,0.250844553002,-0.183919597834,decay
26.77,left,0.434765679677,0.250834911599,-0.183930768077,decay
26.78,left,0.434774725695,0.25082597693,-0.183948748765,decay
26.79,left,0.434790602078,0.250817727421,-0.183972874657,decay
26.8,left,0.434812712219,0.250810130974,-0.184002581245,decay
26.81,left,0.434840785022,0.250803143086,-0.184037641936,decay
26.82,left,0.434875140094,0.250796704984,-0.18407843511,decay
26.83,left,0.43491694028,0.250790742996,-0.184126197284,decay
26.84,left,0.434968163319,0.250785170059,-0.18418299326,decay
26.85,left,0.435031227507,0.250779888708,-0.184251338799,decay
26.86,left,0.435108548793,0.250774794376,-0.184333754417,decay
26.87,left,0.435202162152,0.250769778549,-0.184432383603,decay
26.88,left,0.435313345068,0.250764731806,-0.184548613262,decay
26.89,left,0.43544235078,0.250759546833,-0.184682803946,decay
26.9,left,0.435588372594,0.250754121473,-0.184834251121,decay
26.91,left,0.435749624508,0.250748361894,-0.185001262614,decay
26.92,left,0.435923472335,0.250742185566,-0.185181286768,decay
26.93,left,0.436106711468,0.250735522925,-0.185371188544,decay
26.94,left,0.436295937818,0.250728316875,-0.185567620942,decay
26.95,left,0.436487802049,0.250720520831,-0.185767281218,decay
26.96,left,0.43667914907,0.250712096499,-0.185967052571,decay
26.97,left,0.43686722428,0.2507030119,-0.18616421238,decay
26.98,left,0.437049886279,0.250693239651,-0.186356646628,decay
26.99,left,0.43722566035,0.250682755482,-0.186542904868,decay
27,left,0.437393739456,0.250671536977,-0.186722202479,decay
27.01,left,0.437554032612,0.250659562527,-0.186894470085,decay
27.02,left,0.43770713577,0.250646810556,-0.187060325214,decay
27.03,left,0.43785421896,0.250633259307,-0.187220959652,decay
27.04,left,0.437996927198,0.250618887366,-0.187378039831,decay
27.05,left,0.438137176304,0.250603674803,-0.187533501502,decay
27.06,left,0.438276734639,0.250587604661,-0.187689129978,decay
27.07,left,0.438416782653,0.250570664723,-0.18784611793,decay
27.08,left,0.438557618416,0.250552849559,-0.188004768857,decay
27.09,left,0.438698384216,0.250534162906,-0.18816422131,decay
27.1,left,0.438836792291,0.250514620408,-0.188322171883,decay
27.11,left,0.43896913525,0.250494252768,-0.188474882482,decay
27.12,left,0.439090675557,0.250473108805,-0.188617566752,decay
27.13,left,0.439196222178,0.250451256764,-0.188744965414,decay
27.14,left,0.439280843249,0.25042878262,-0.188852060629,decay
27.15,left,0.439340627816,0.250405786294,-0.188934841523,decay
27.16,left,0.439373123682,0.250382377459,-0.188990746223,decay
27.17,left,0.439377307092,0.250358671576,-0.189018635516,decay
27.18,left,0.439353324339,0.250334786112,-0.189018538227,decay
27.19,left,0.439302089237,0.25031083688,-0.188991252358,decay
27.2,left,0.439224735937,0.250286934387,-0.188937801549,decay
27.21,left,0.439122219589,0.250263180122,-0.188859039466,decay
27.22,left,0.438995268952,0.250239663103,-0.188755605848,decay
27.23,left,0.438844470498,0.250216457938,-0.18862801256,decay
27.24,left,0.438670330095,0.250193625312,-0.188476704784,decay
27.25,left,0.438473520827,0.250171214153,-0.188302306675,decay
27.26,left,0.438255347066,0.250149264129,-0.188106082937,decay
27.27,left,0.438018095465,0.250127807937,-0.187890287528,decay
27.28,left,0.437765149334,0.250106873367,-0.187658275967,decay
27.29,left,0.437500955411,0.250086485168,-0.187414470242,decay
27.3,left,0.437230750937,0.25006666673,-0.187164084208,decay
27.31,left,0.436960045629,0.250047441605,-0.186912604024,decay
27.32,left,0.436694135783,0.25002883478,-0.186665301003,decay
27.33,left,0.436437796562,0.250010873324,-0.186426923237,decay
27.34,left,0.436195087732,0.249993586153,-0.186201501579,decay
27.35,left,0.43596928324,0.249977003111,-0.18599228013,decay
27.36,left,0.435762928332,0.249961153719,-0.185801774613,decay
27.37,left,0.435577883855,0.249946065738,-0.185631818117,decay
27.38,left,0.435415340241,0.249931763508,-0.185483576733,decay
27.39,left,0.435276034999,0.249918266051,-0.185357768948,decay
27.4,left,0.435160723664,0.249905584886,-0.185255138779,decay
27.41,left,0.435070574959,0.249893721526,-0.185176853433,decay
27.42,left,0.435007291395,0.249882664993,-0.185124626401,decay
27.43,left,0.434973056398,0.24987239049,-0.185100665908,decay
27.44,left,0.434970265745,0.249862860096,-0.185107405649,decay
27.45,left,0.435000930248,0.249854024838,-0.185146905411,decay
27.46,left,0.435066000097,0.249845826944,-0.185220173154,decay
27.47,left,0.435164962488,0.249838201828,-0.18532676066,decay
27.48,left,0.435295773272,0.249831079805,-0.185464693467,decay
27.49,left,0.435455121671,0.249824387581,-0.18563073409,decay
27.5,left,0.435639067844,0.249818049562,-0.185821018282,decay
27.51,left,0.435843830146,0.249811989017,-0.186031841129,decay
27.52,left,0.436066290717,0.24980612911,-0.186260161608,decay
27.53,left,0.436304070332,0.249800393744,-0.186503676588,decay
27.54,left,0.436555352969,0.249794708209,-0.18676064476,decay
27.55,left,0.436818533995,0.249788999687,-0.187029534308,decay
27.56,left,0.4370917688,0.249783197744,-0.187308571056,decay
27.57,left,0.437372792617,0.249777234855,-0.187595557761,decay
27.58,left,0.437659205194,0.249771047005,-0.187888158189,decay
27.59,left,0.437948915216,0.249764574383,-0.188184340833,decay
27.6,left,0.438240406836,0.249757762195,-0.188482644641,decay
27.61,left,0.438532695526,0.24975056164,-0.188782133886,decay
27.62,left,0.438824911482,0.24974293088,-0.189081980602,decay
27.63,left,0.439115694453,0.249734835532,-0.189380858921,decay
27.64,left,0.43940283834,0.249726248284,-0.189676590056,decay
27.65,left,0.439683358779,0.249717147953,-0.189966210826,decay
27.66,left,0.439953683955,0.249707518512,-0.190246165443,decay
27.67,left,0.440209729573,0.249697348313,-0.19051238126,decay
27.68,left,0.440447000482,0.249686629509,-0.190760370972,decay
27.69,left,0.440660812317,0.249675357678,-0.190985454639,decay
27.7,left,0.440846582169,0.249663531628,-0.191183050541,decay
27.71,left,0.441000290619,0.249651153404,-0.191349137215,decay
27.72,left,0.441119038712,0.249638228378,-0.191480810334,decay
27.73,left,0.441201279555,0.249624765123,-0.191576514432,decay
27.74,left,0.441246608966,0.249610774825,-0.191635834141,decay
27.75,left,0.441255469213,0.249596270408,-0.191659198805,decay
27.76,left,0.441228969025,0.249581265674,-0.191647703351,decay
27.77,left,0.441168732066,0.249565774571,-0.191602957494,decay
27.78,left,0.441076779985,0.249549810597,-0.191526969388,decay
27.79,left,0.440955471206,0.249533386311,-0.191422084895,decay
27.8,left,0.44080729499,0.249516512952,-0.191290782037,decay
27.81,left,0.440634470151,0.249499200158,-0.191135269993,decay
27.82,left,0.440438675007,0.249481455795,-0.190957219212,decay
27.83,left,0.440221067592,0.249463286035,-0.190757781556,decay
27.84,left,0.439982435128,0.249444695731,-0.190537739398,decay
27.85,left,0.439723521618,0.249425689057,-0.190297832562,decay
27.86,left,0.439445643854,0.249406270293,-0.190039373561,decay
27.87,left,0.439151271834,0.249386444719,-0.189764827115,decay
27.88,left,0.438844210797,0.249366219627,-0.18947799117,decay
27.89,left,0.438529431019,0.249345605473,-0.189183825546,decay
27.9,left,0.438212673398,0.249324617172,-0.188888056226,decay
27.91,left,0.437899867243,0.249303275566,-0.188596591677,decay
27.92,left,0.437596548602,0.249281608864,-0.188314939738,decay
27.93,left,0.437307493777,0.249259653389,-0.188047840387,decay
27.94,left,0.437036499382,0.249237453144,-0.187799046238,decay
27.95,left,0.436786198966,0.249215058555,-0.187571140411,decay
27.96,left,0.436558090821,0.249192525063,-0.187365565758,decay
27.97,left,0.436352849898,0.249169911825,-0.187182938073,decay
27.98,left,0.43617061531,0.249147280503,-0.187023334807,decay
27.99,left,0.43601109392,0.249124694116,-0.186886399803,decay
28,left,0.435873639617,0.249102215915,-0.186771423702,decay
28.01,left,0.435757312539,0.249079908252,-0.186677404287,decay
28.02,left,0.435660819842,0.249057831495,-0.186602988346,decay
28.03,left,0.435582457292,0.24903604321,-0.186546414081,decay
28.04,left,0.435520124232,0.249014597792,-0.186505526439,decay
28.05,left,0.435471275064,0.248993546363,-0.186477728701,decay
28.06,left,0.435432883092,0.248972936657,-0.186459946435,decay
28.07,left,0.435401715231,0.248952812761,-0.186448902469,decay
28.08,left,0.435374881727,0.24893321469,-0.186441667036,decay
28.09,left,0.435350304618,0.248914177769,-0.186436126849,decay
28.1,left,0.435326955054,0.248895731814,-0.18643122324,decay
28.11,left,0.435304890069,0.248877900087,-0.186426989982,decay
28.12,left,0.435284984321,0.248860698213,-0.186424286108,decay
28.13,left,0.435268402288,0.248844133755,-0.186424268533,decay
28.14,left,0.435256191527,0.248828206935,-0.186427984592,decay
28.15,left,0.435249189256,0.248812912131,-0.186436277126,decay
28.16,left,0.435248094223,0.248798239439,-0.186449854784,decay
28.17,left,0.435253605302,0.248784176039,-0.186469429263,decay
28.18,left,0.435266523494,0.248770707353,-0.186495816141,decay
28.19,left,0.435287567136,0.248757818027,-0.186529749109,decay
28.2,left,0.43531690012,0.248745492747,-0.186571407373,decay
28.21,left,0.435353751738,0.24873371691,-0.186620034827,decay
28.22,left,0.435396344475,0.248722477101,-0.186673867374,decay
28.23,left,0.435441979598,0.248711761152,-0.186730218446,decay
28.24,left,0.435487261837,0.248701557647,-0.186785704189,decay
28.25,left,0.435528675141,0.248691854976,-0.186836820165,decay
28.26,left,0.435563358505,0.248682640156,-0.186880718349,decay
28.27,left,0.435589609281,0.248673897497,-0.186915711784,decay
28.28,left,0.435606985121,0.248665607107,-0.186941378013,decay
28.29,left,0.435616135318,0.248657743204,-0.186958392115,decay
28.3,left,0.435618370709,0.248650272225,-0.186968098484,decay
28.31,left,0.435615093927,0.24864315071,-0.186971943216,decay
28.32,left,0.43560735866,0.248636323264,-0.186971035396,decay
28.33,left,0.435595588648,0.248629721657,-0.186965866991,decay
28.34,left,0.435579425381,0.248623265849,-0.186956159533,decay
28.35,left,0.435557906824,0.248616866379,-0.186941040445,decay
28.36,left,0.435529985898,0.24861042705,-0.186919558848,decay
28.37,left,0.43549499047,0.248603847543,-0.186891142927,decay
28.38,left,0.435452783626,0.248597025971,-0.186855757655,decay
28.39,left,0.435403790807,0.248589861443,-0.186813929364,decay
28.4,left,0.435348982025,0.248582256707,-0.186766725318,decay
28.41,left,0.435289691748,0.248574120936,-0.186715570812,decay
28.42,left,0.435227413817,0.248565372423,-0.186662041395,decay
28.43,left,0.435163842847,0.248555940312,-0.186607902535,decay
28.44,left,0.435101051215,0.248545764711,-0.186555286505,decay
28.45,left,0.435041528972,0.248534795734,-0.186506733238,decay
28.46,left,0.434988051644,0.248522992459,-0.186465059184,decay
28.47,left,0.434943367393,0.24851032219,-0.186433045204,decay
28.48,left,0.434909642292,0.248496760053,-0.18641288224,decay
28.49,left,0.434887850318,0.248482288946,-0.186405561372,decay
28.5,left,0.434877390492,0.248466899827,-0.186410490666,decay
28.51,left,0.434875916111,0.248450592357,-0.186425323754,decay
28.52,left,0.434879312075,0.248433375708,-0.186445936366,decay
28.53,left,0.434882092661,0.248415268897,-0.186466823764,decay
28.54,left,0.434878393836,0.248396300152,-0.186482093684,decay
28.55,left,0.43486316749,0.248376505682,-0.186486661807,decay
28.56,left,0.434833106361,0.248355928493,-0.186477177868,decay
28.57,left,0.43478716627,0.248334617482,-0.186452548787,decay
28.58,left,0.434726580626,0.248312626837,-0.18641395379,decay
28.59,left,0.434654300403,0.248290015689,-0.186364284713,decay
28.6,left,0.434574104985,0.248266848032,-0.186307256953,decay
28.61,left,0.434489664666,0.248243192853,-0.186246471813,decay
28.62,left,0.434403673627,0.248219124358,-0.186184549269,decay
28.63,left,0.434317316787,0.24819472179,-0.186122594997,decay
28.64,left,0.434230394982,0.248170068498,-0.186060326484,decay
28.65,left,0.434141949228,0.248145250478,-0.18599669875,decay
28.66,left,0.434050835104,0.248120354806,-0.185930480298,decay
28.67,left,0.43395602834,0.248095468117,-0.185860560223,decay
28.68,left,0.433856813004,0.248070675093,-0.185786137911,decay
28.69,left,0.43375281455,0.248046056918,-0.185706757632,decay
28.7,left,0.43364382285,0.248021689656,-0.185622133194,decay
28.71,left,0.433529721419,0.247997642507,-0.185532078911,decay
28.72,left,0.433410729528,0.247973976114,-0.185436753413,decay
28.73,left,0.433287738681,0.247950741616,-0.185336997065,decay
28.74,left,0.433162578989,0.247927980938,-0.185234598052,decay
28.75,left,0.433038181396,0.247905727912,-0.185132453484,decay
28.76,left,0.432918400837,0.247884009485,-0.185034391352,decay
28.77,left,0.432807382709,0.247862846711,-0.184944535998,decay
28.78,left,0.432708792312,0.247842255523,-0.184866536788,decay
28.79,left,0.432625227617,0.24782224728,-0.184802980337,decay
28.8,left,0.432557881279,0.247802829096,-0.184755052183,decay
28.81,left,0.432506589245,0.247784003963,-0.184722585282,decay
28.82,left,0.432470442015,0.247765770746,-0.18470467127,decay
28.83,left,0.432448669766,0.247748124344,-0.184700545422,decay
28.84,left,0.432441244974,0.247731056241,-0.184710188733,decay
28.85,left,0.432449080583,0.247714555285,-0.184734525298,decay
28.86,left,0.432473940926,0.247698608409,-0.184775332517,decay
28.87,left,0.432517990653,0.247683201196,-0.184834789457,decay
28.88,left,0.43258306479,0.247668318281,-0.18491474651,decay
28.89,left,0.432669978517,0.247653943598,-0.185016034919,decay
28.9,left,0.432777979414,0.247640060493,-0.185137918921,decay
28.91,left,0.432904321651,0.24762665169,-0.185277669961,decay
28.92,left,0.433044177948,0.247613699144,-0.185430478803,decay
28.93,left,0.433191084653,0.247601183828,-0.185589900825,decay
28.94,left,0.43333772336,0.247589085475,-0.185748637885,decay
28.95,left,0.433476763346,0.247577382281,-0.185899381065,decay
28.96,left,0.433601753621,0.247566050481,-0.18603570314,decay
28.97,left,0.433707983947,0.247555063807,-0.18615292014,decay
28.98,left,0.433793011109,0.247544392814,-0.186248618295,decay
28.99,left,0.433856748723,0.247534004061,-0.186322744661,decay
29,left,0.433901204546,0.247523859161,-0.186377345386,decay
29.01,left,0.433929802651,0.247513913668,-0.186415888983,decay
29.02,left,0.433946381672,0.24750411602,-0.186442265652,decay
29.03,left,0.4339543294,0.247494407134,-0.186459922266,decay
29.04,left,0.433956158026,0.247484721128,-0.186471436899,decay
29.05,left,0.433953427655,0.247474986855,-0.186478440801,decay
29.06,left,0.433946899181,0.247465129628,-0.186481769554,decay
29.07,left,0.433936862982,0.247455072929,-0.186481790054,decay
29.08,left,0.433923420177,0.247444740115,-0.186478680061,decay
29.09,left,0.433906492597,0.247434056181,-0.186472436416,decay
29.1,left,0.433885710828,0.247422949603,-0.186462761225,decay
29.11,left,0.433860427273,0.247411354344,-0.186449072929,decay
29.12,left,0.433829763838,0.247399211839,-0.186430551999,decay
29.13,left,0.433792610295,0.247386472415,-0.18640613788,decay
29.14,left,0.433747743241,0.24737309572,-0.186374647521,decay
29.15,left,0.433694064853,0.247359050521,-0.186335014333,decay
29.16,left,0.433630789986,0.247344314523,-0.186286475463,decay
29.17,left,0.433557599441,0.247328874478,-0.186228724962,decay
29.18,left,0.433474791312,0.247312726608,-0.186162064704,decay
29.19,left,0.4333833041,0.247295877352,-0.186087426748,decay
29.2,left,0.433284629468,0.247278344459,-0.186006285008,decay
29.21,left,0.433180776858,0.24726015843,-0.185920618428,decay
29.22,left,0.433074198354,0.247241364,-0.185832834353,decay
29.23,left,0.432967423369,0.247222020639,-0.18574540273,decay
29.24,left,0.432862493356,0.247202201279,-0.185660292077,decay
29.25,left,0.432760558576,0.247181989835,-0.185578568741,decay
29.26,left,0.432661761718,0.247161478537,-0.185500283181,decay
29.27,left,0.43256536236,0.247140765453,-0.185424596907,decay
29.28,left,0.432470168567,0.247119952178,-0.185350216389,decay
29.29,left,0.432375180213,0.247099141633,-0.18527603858,decay
29.3,left,0.432280129683,0.247078435908,-0.185201693775,decay
29.31,left,0.432185817569,0.247057934092,-0.185127883477,decay
29.32,left,0.432094289655,0.247037730191,-0.185056559464,decay
29.33,left,0.43200869688,0.247017911589,-0.18499078529,decay
29.34,left,0.431932756541,0.246998558386,-0.184934198156,decay
29.35,left,0.4318701039,0.246979743279,-0.18489036062,decay
29.36,left,0.431823771724,0.246961531459,-0.184862240265,decay
29.37,left,0.431795706738,0.246943980258,-0.184851726479,decay
29.38,left,0.431786308717,0.246927138533,-0.184859170184,decay
29.39,left,0.431794239042,0.24691104574,-0.184883193302,decay
29.4,left,0.431816559953,0.246895730687,-0.184920829266,decay
29.41,left,0.431849040264,0.246881209928,-0.184967830336,decay
29.42,left,0.431886679918,0.246867486115,-0.185019193803,decay
29.43,left,0.431924477326,0.246854547329,-0.185069929997,decay
29.44,left,0.4319581047,0.246842368198,-0.185115736502,decay
29.45,left,0.431984301365,0.246830912196,-0.185153389169,decay
29.46,left,0.43200108306,0.246820134073,-0.185180948987,decay
29.47,left,0.432007727464,0.246809982001,-0.185197745462,decay
29.48,left,0.432004527428,0.246800399449,-0.185204127979,decay
29.49,left,0.431992580334,0.246791326822,-0.185201253512,decay
29.5,left,0.431973791567,0.246782702913,-0.185191088654,decay
29.51,left,0.431950925136,0.246774466199,-0.185176458937,decay
29.52,left,0.431927517387,0.24676655596,-0.185160961427,decay
29.53,left,0.431907704458,0.246758913088,-0.185148791371,decay
29.54,left,0.431895907169,0.24675148047,-0.185144426699,decay
29.55,left,0.431896162533,0.246744203079,-0.185151959454,decay
29.56,left,0.431911280427,0.246737027959,-0.185174252467,decay
29.57,left,0.431942279236,0.246729904198,-0.185212375039,decay
29.58,left,0.431988240115,0.246722782908,-0.185265457207,decay
29.59,left,0.432046501209,0.246715617227,-0.185330883982,decay
29.6,left,0.432113157118,0.246708362346,-0.185404794772,decay
29.61,left,0.432183699495,0.246700975585,-0.185482723911,decay
29.62,left,0.432253549484,0.246693416497,-0.185560132987,decay
29.63,left,0.432318471008,0.246685646937,-0.185632824072,decay
29.64,left,0.43237498088,0.24667763104,-0.18569734984,decay
29.65,left,0.432420678383,0.246669335175,-0.185751343208,decay
29.66,left,0.43245439801,0.246660727956,-0.185793670054,decay
29.67,left,0.43247636391,0.246651780353,-0.185824583557,decay
29.68,left,0.43248843365,0.246642465927,-0.185845967723,decay
29.69,left,0.432494048823,0.24663276118,-0.185861287643,decay
29.7,left,0.432497633806,0.246622646053,-0.185874987754,decay
29.71,left,0.432503748297,0.246612104573,-0.185891643725,decay
29.72,left,0.432516283459,0.246601125522,-0.185915157937,decay
29.73,left,0.432537761004,0.246589702694,-0.18594805831,decay
29.74,left,0.432568966022,0.246577834394,-0.185991131629,decay
29.75,left,0.432609114886,0.246565522455,-0.186043592431,decay
29.76,left,0.432656352931,0.246552771204,-0.186103581727,decay
29.77,left,0.432708303215,0.246539586564,-0.186168716652,decay
29.78,left,0.43276255552,0.24652597529,-0.18623658023,decay
29.79,left,0.432816890307,0.246511944334,-0.186304945973,decay
29.8,left,0.432869060356,0.246497500316,-0.18637156004,decay
29.81,left,0.432916375908,0.246482649089,-0.186433726819,decay
29.82,left,0.432955473566,0.246467395404,-0.186488078162,decay
29.83,left,0.43298226012,0.246451742611,-0.186530517509,decay
29.84,left,0.432991937641,0.246435692403,-0.186556245238,decay
29.85,left,0.432979266338,0.246419244592,-0.186560021746,decay
29.86,left,0.432939026644,0.246402396949,-0.186536629695,decay
29.87,left,0.432866417019,0.246385145102,-0.186481271917,decay
29.88,left,0.432757447732,0.246367482513,-0.186389965219,decay
29.89,left,0.432609528221,0.246349400514,-0.186260127708,decay
29.9,left,0.432422088594,0.246330888414,-0.18609120018,decay
29.91,left,0.432196997022,0.246311933685,-0.185885063336,decay
29.92,left,0.431938768035,0.246292522233,-0.185646245802,decay
29.93,left,0.431654503116,0.246272638821,-0.185381864295,decay
29.94,left,0.431353359592,0.246252267678,-0.185101091914,decay
29.95,left,0.431045561108,0.246231393284,-0.184814167824,decay
29.96,left,0.430741230183,0.246210001304,-0.184531228879,decay
29.97,left,0.430449226716,0.246188079667,-0.184261147049,decay
29.98,left,0.430176155878,0.246165619813,-0.184010536065,decay
29.99,left,0.429925945949,0.246142618128,-0.18378332782,decay
30,left,0.429700148697,0.246119077591,-0.183581071106,decay
30.01,left,0.429498571049,0.246095009661,-0.183403561389,decay
30.02,left,0.429319934538,0.246070436165,-0.183249498373,decay
30.03,left,0.429162570068,0.246045390355,-0.183117179713,decay
30.04,left,0.429024977845,0.246019916507,-0.183005061338,decay
30.05,left,0.428905983782,0.24599406855,-0.182911915232,decay
30.06,left,0.428804591755,0.245967908543,-0.182836683211,decay
30.07,left,0.428719810583,0.245941505362,-0.182778305221,decay
30.08,left,0.428650514694,0.245914933557,-0.182735581137,decay
30.09,left,0.428595330674,0.245888272372,-0.182707058302,decay
30.1,left,0.428552647675,0.245861604873,-0.182691042802,decay
30.11,left,0.42852065565,0.245835017164,-0.182685638486,decay
30.12,left,0.428497146132,0.245808597635,-0.182688548497,decay
30.13,left,0.428479192875,0.245782436161,-0.182696756714,decay
30.14,left,0.428463132095,0.245756623181,-0.182706508914,decay
30.15,left,0.428444959818,0.245731248653,-0.182713711165,decay
30.16,left,0.428420963292,0.245706400883,-0.182714562409,decay
30.17,left,0.428388392648,0.245682165226,-0.182706227422,decay
30.18,left,0.428345926838,0.245658622595,-0.182687304244,decay
30.19,left,0.428293766331,0.245635847759,-0.182657918572,decay
30.2,left,0.428233526997,0.245613907361,-0.182619619636,decay
30.21,left,0.428168123649,0.245592857621,-0.182575266028,decay
30.22,left,0.428101471268,0.245572742017,-0.182528729251,decay
30.23,left,0.428037860986,0.245553590049,-0.182484270937,decay
30.24,left,0.427981277932,0.245535417878,-0.182445860054,decay
30.25,left,0.427934950488,0.245518230211,-0.182416720277,decay
30.26,left,0.427901081889,0.245502022281,-0.182399059608,decay
30.27,left,0.427880726916,0.245486781477,-0.182393945439,decay
30.28,left,0.427873948729,0.245472488595,-0.182401460135,decay
30.29,left,0.427880155609,0.245459118747,-0.182421036861,decay
30.3,left,0.427898418116,0.245446641943,-0.182451776173,decay
30.31,left,0.427927888839,0.245435023355,-0.182492865484,decay
30.32,left,0.427968393022,0.245424223393,-0.182544169628,decay
30.33,left,0.428020863142,0.245414197957,-0.182606665185,decay
30.34,left,0.428087352198,0.245404899118,-0.18268245308,decay
30.35,left,0.428170690057,0.245396276077,-0.182774413981,decay
30.36,left,0.428273823759,0.245388276049,-0.18288554771,decay
30.37,left,0.428398816006,0.245380844968,-0.183017971038,decay
30.38,left,0.42854582766,0.245373928001,-0.183171899659,decay
30.39,left,0.428712588484,0.245367469919,-0.183345118565,decay
30.4,left,0.428894473561,0.245361415325,-0.183533058236,decay
30.41,left,0.429085073068,0.245355708772,-0.183729364297,decay
30.42,left,0.429277174822,0.245350294763,-0.183926880058,decay
30.43,left,0.429463828549,0.245345117682,-0.184118710868,decay
30.44,left,0.429639045235,0.245340121622,-0.184298923613,decay
30.45,left,0.429798123847,0.245335250168,-0.184462873679,decay
30.46,left,0.429937887145,0.245330446111,-0.184607441034,decay
30.47,left,0.430056860725,0.24532565112,-0.184731209605,decay
30.48,left,0.430155311151,0.245320805391,-0.18483450576,decay
30.49,left,0.430235240694,0.245315847251,-0.184919393443,decay
30.5,left,0.430300347318,0.245310712765,-0.184989634553,decay
30.51,left,0.430355758581,0.24530533532,-0.185050423261,decay
30.52,left,0.430407566513,0.245299645318,-0.185107921195,decay
30.53,left,0.430462421111,0.245293570264,-0.185168850846,decay
30.54,left,0.430527156943,0.245287035509,-0.185240121433,decay
30.55,left,0.430608222937,0.245279965493,-0.185328257444,decay
30.56,left,0.430711018743,0.245272285228,-0.185438733515,decay
30.57,left,0.430839397703,0.245263921942,-0.185575475761,decay
30.58,left,0.430995359412,0.2452548069,-0.185740552512,decay
30.59,left,0.431178969941,0.245244877469,-0.185934092472,decay
30.6,left,0.431388633774,0.245234079468,-0.186154554305,decay
30.61,left,0.431621543257,0.245222369852,-0.186399173405,decay
30.62,left,0.431873979481,0.245209719419,-0.186664260062,decay
30.63,left,0.432141449574,0.245196114419,-0.186945335155,decay
30.64,left,0.432418801022,0.245181556239,-0.187237244783,decay
30.65,left,0.432700277914,0.245166059806,-0.187534218108,decay
30.66,left,0.432979541776,0.245149651905,-0.187829889872,decay
30.67,left,0.43324991041,0.245132369883,-0.188117540527,decay
30.68,left,0.433504834712,0.245114260746,-0.188390573966,decay
30.69,left,0.433738265721,0.245095380626,-0.188642885095,decay
30.7,left,0.433944808151,0.245075794604,-0.188869013547,decay
30.71,left,0.434119874996,0.245055576866,-0.18906429813,decay
30.72,left,0.434259858741,0.245034810942,-0.189225047799,decay
30.73,left,0.434362226441,0.245013589274,-0.189348637167,decay
30.74,left,0.434425617183,0.244992011529,-0.189433605653,decay
30.75,left,0.43444993823,0.244970182031,-0.189479756199,decay
30.76,left,0.434436297865,0.244948207005,-0.18948809086,decay
30.77,left,0.434386782667,0.244926191898,-0.189460590769,decay
30.78,left,0.43430418078,0.244904238718,-0.189399942062,decay
30.79,left,0.43419152045,0.244882443333,-0.189309077116,decay
30.8,left,0.434051354411,0.244860892651,-0.189190461761,decay
30.81,left,0.433885196503,0.244839661624,-0.189045534879,decay
30.82,left,0.433693545698,0.244818810395,-0.188874735303,decay
30.83,left,0.433476360059,0.244798382733,-0.188677977327,decay
30.84,left,0.433233607569,0.244778406633,-0.188455200936,decay
30.85,left,0.432965732842,0.244758896391,-0.188206836451,decay
30.86,left,0.432673868608,0.244739854908,-0.1879340137,decay
30.87,left,0.432359707394,0.244721275744,-0.18763843165,decay
30.88,left,0.432025338339,0.244703144906,-0.187322193433,decay
30.89,left,0.431673274352,0.244685442399,-0.186987831953,decay
30.9,left,0.431306511524,0.244668143572,-0.186638367952,decay
30.91,left,0.430928585981,0.24465122028,-0.186277365702,decay
30.92,left,0.430543815586,0.2446346419,-0.185909173686,decay
30.93,left,0.430157609439,0.244618376246,-0.185539233193,decay
30.94,left,0.429776465685,0.244602390423,-0.185174075262,decay
30.95,left,0.429407603556,0.244586651631,-0.184820951925,decay
30.96,left,0.429058470912,0.244571127911,-0.184487343,decay
30.97,left,0.428736196711,0.244555788842,-0.184180407869,decay
30.98,left,0.428447042263,0.24454060621,-0.183906436053,decay
30.99,left,0.428196104141,0.244525554663,-0.183670549478,decay
31,left,0.42798730056,0.244510612375,-0.183476688185,decay
31.01,left,0.42782341146,0.24449576173,-0.18332764973,decay
31.02,left,0.427706131011,0.244480989959,-0.183225141052,decay
31.03,left,0.427636164838,0.244466289484,-0.183169875354,decay
31.04,left,0.427613223846,0.244451657774,-0.183161566072,decay
31.05,left,0.427635908533,0.244437096865,-0.183198811668,decay
31.06,left,0.427701759989,0.244422612815,-0.183279147174,decay
31.07,left,0.427807589926,0.244408215188,-0.183399374738,decay
31.08,left,0.42794987906,0.244393916585,-0.183555962475,decay
31.09,left,0.428125098746,0.24437973219,-0.183745366556,decay
31.1,left,0.428329973569,0.244365679337,-0.183964294232,decay
31.11,left,0.42856153481,0.244351777088,-0.184209757723,decay
31.12,left,0.428816802625,0.244338045771,-0.184478756854,decay
31.13,left,0.429092373548,0.244324506449,-0.184767867099,decay
31.14,left,0.429384264539,0.244311180224,-0.185073084315,decay
31.15,left,0.42968797978,0.244298087429,-0.185389892351,decay
31.16,left,0.429998743762,0.244285246715,-0.185713497047,decay
31.17,left,0.430311943502,0.244272674058,-0.186039269444,decay
31.18,left,0.430623559849,0.24426038166,-0.186363178189,decay
31.19,left,0.430930273978,0.244248376719,-0.186681897259,decay
31.2,left,0.431229286894,0.244236660056,-0.186992626839,decay
31.21,left,0.431518136645,0.244225224561,-0.187292912084,decay
31.22,left,0.431794645693,0.24421405369,-0.187580592003,decay
31.23,left,0.432056974802,0.244203120717,-0.187853854085,decay
31.24,left,0.432303817039,0.244192389313,-0.188111427726,decay
31.25,left,0.432534638844,0.24418181502,-0.188352823824,decay
31.26,left,0.432749668015,0.244171346902,-0.188578321113,decay
31.27,left,0.432949613904,0.244160929075,-0.188788684829,decay
31.28,left,0.433135396269,0.244150502133,-0.188984894136,decay
31.29,left,0.433307901707,0.244140004509,-0.189167897199,decay
31.3,left,0.433467669998,0.2441293738,-0.189338296198,decay
31.31,left,0.433614657301,0.244118548099,-0.189496109202,decay
31.32,left,0.433748160151,0.244107467269,-0.189640692881,decay
31.33,left,0.433866752734,0.244096073877,-0.189770678857,decay
31.34,left,0.433968254217,0.244084313587,-0.18988394063,decay
31.35,left,0.434049945397,0.244072135216,-0.189977810181,decay
31.36,left,0.434109009385,0.244059490781,-0.190049518604,decay
31.37,left,0.434142993299,0.244046335694,-0.190096657605,decay
31.38,left,0.434150331125,0.244032629127,-0.190117701998,decay
31.39,left,0.434130886877,0.24401833456,-0.190112552317,decay
31.4,left,0.434086017906,0.244003420547,-0.190082597359,decay
31.41,left,0.434017907748,0.243987861698,-0.19003004605,decay
31.42,left,0.433928617032,0.243971639763,-0.189956977269,decay
31.43,left,0.433819267038,0.243954744342,-0.189864522696,decay
31.44,left,0.43368946248,0.243937172875,-0.189752289604,decay
31.45,left,0.433537178198,0.243918930192,-0.189618248006,decay
31.46,left,0.433359219266,0.243900028122,-0.189459191144,decay
31.47,left,0.433151955046,0.243880485366,-0.18927146968,decay
31.48,left,0.432912076246,0.243860327642,-0.189051748604,decay
31.49,left,0.432637376122,0.243839588104,-0.188797788018,decay
31.5,left,0.432327422687,0.24381830803,-0.188509114657,decay
31.51,left,0.431983872656,0.243796537789,-0.188187334867,decay
31.52,left,0.431610490738,0.243774337847,-0.187836152891,decay
31.53,left,0.43121308187,0.243751779094,-0.187461302776,decay
31.54,left,0.430799226134,0.243728941926,-0.187070284208,decay
31.55,left,0.430377720019,0.243705914467,-0.186671805552,decay
31.56,left,0.429958014658,0.243682790652,-0.186275224006,decay
31.57,left,0.429549833104,0.243659668413,-0.185890164691,decay
31.58,left,0.429162817765,0.243636647958,-0.185526169807,decay
31.59,left,0.428806173676,0.243613830085,-0.185192343591,decay
31.6,left,0.428488375614,0.243591314481,-0.184897061132,decay
31.61,left,0.42821681802,0.243569197947,-0.184647620073,decay
31.62,left,0.427997344477,0.243547572647,-0.184449771829,decay
31.63,left,0.427833872755,0.24352652475,-0.184307348005,decay
31.64,left,0.427728268986,0.243506133753,-0.184222135233,decay
31.65,left,0.427680377264,0.243486472198,-0.184193905066,decay
31.66,left,0.427688172508,0.243467605321,-0.184220567187,decay
31.67,left,0.427748129731,0.243449590408,-0.184298539323,decay
31.68,left,0.427855693158,0.243432475839,-0.18442321732,decay
31.69,left,0.428005619407,0.243416299761,-0.184589319646,decay
31.7,left,0.428192315395,0.243401088389,-0.184791227005,decay
31.71,left,0.428410385374,0.243386853873,-0.185023531501,decay
31.72,left,0.428655189375,0.243373592116,-0.185281597259,decay
31.73,left,0.428923139412,0.243361281814,-0.185561857598,decay
31.74,left,0.42921175392,0.243349885659,-0.185861868262,decay
31.75,left,0.429519519003,0.243339353001,-0.186180166002,decay
31.76,left,0.429845590025,0.243329622672,-0.186515967353,decay
31.77,left,0.430189557468,0.243320625473,-0.186868931995,decay
31.78,left,0.430551422776,0.243312286329,-0.187239136447,decay
31.79,left,0.430931567407,0.243304526176,-0.187627041232,decay
31.8,left,0.431330503919,0.243297263606,-0.188033240313,decay
31.81,left,0.43174851334,0.243290416343,-0.188458096997,decay
31.82,left,0.432185227345,0.243283902525,-0.188901324821,decay
31.83,left,0.432639037393,0.243277641706,-0.189361395687,decay
31.84,left,0.433106502996,0.243271555505,-0.189834947491,decay
31.85,left,0.433582186183,0.243265568013,-0.190316618169,decay
31.86,left,0.434059047905,0.243259606125,-0.19079944178,decay
31.87,left,0.434529276508,0.243253599891,-0.191275676618,decay
31.88,left,0.434985402163,0.243247482911,-0.191737919252,decay
31.89,left,0.435421330578,0.243241192794,-0.192180137784,decay
31.9,left,0.435832769956,0.243234671707,-0.192598098249,decay
31.91,left,0.436216913154,0.243227867048,-0.192989046106,decay
31.92,left,0.436571695895,0.243220732109,-0.193350963787,decay
31.93,left,0.436894962391,0.243213226359,-0.193681736032,decay
31.94,left,0.437183821229,0.243205315022,-0.193978506207,decay
31.95,left,0.437434574016,0.243196968208,-0.194237605808,decay
31.96,left,0.437643289504,0.243188160022,-0.194455129482,decay
31.97,left,0.437806529937,0.243178867838,-0.194627662099,decay
31.98,left,0.437921820718,0.243169071735,-0.194752748983,decay
31.99,left,0.437987912637,0.243158754095,-0.194829158541,decay
32,left,0.438004847268,0.243147899377,-0.194856947891,decay
32.01,left,0.437973742027,0.243136494036,-0.194837247991,decay
32.02,left,0.437896516785,0.243124526614,-0.194771990171,decay
32.03,left,0.437775782753,0.243111987935,-0.194663794818,decay
32.04,left,0.437614733395,0.243098871407,-0.194515861987,decay
32.05,left,0.437416920868,0.24308517344,-0.194331747428,decay
32.06,left,0.437186109726,0.243070894041,-0.194115215685,decay
32.07,left,0.436926245622,0.243056037612,-0.193870208009,decay
32.08,left,0.436641318138,0.243040613962,-0.193600704176,decay
32.09,left,0.436335143844,0.24302463955,-0.193310504293,decay
32.1,left,0.436011284594,0.243008138976,-0.193003145618,decay
32.11,left,0.435673022759,0.242991146735,-0.192681876024,decay
32.12,left,0.435323307234,0.242973708951,-0.192349598283,decay
32.13,left,0.434964920186,0.242955884081,-0.192009036105,decay
32.14,left,0.434600898611,0.242937741876,-0.191663156735,decay
32.15,left,0.434234845056,0.242919361113,-0.191315483944,decay
32.16,left,0.433870979491,0.242900827085,-0.190970152406,decay
32.17,left,0.433514058056,0.242882229224,-0.190631828832,decay
32.18,left,0.43316915927,0.24286365882,-0.19030550045,decay
32.19,left,0.432841318499,0.242845206794,-0.189996111705,decay
32.2,left,0.432535179202,0.242826961449,-0.189708217753,decay
32.21,left,0.432254768294,0.242809006161,-0.189445762134,decay
32.22,left,0.432003268031,0.242791417132,-0.189211850899,decay
32.23,left,0.431782782726,0.24277426182,-0.189008520905,decay
32.24,left,0.431594356229,0.242757598458,-0.188836757771,decay
32.25,left,0.431438254552,0.242741476278,-0.188696778274,decay
32.26,left,0.431314228151,0.242725935781,-0.18858829237,decay
32.27,left,0.431221678943,0.242711008739,-0.188510670205,decay
32.28,left,0.431159793281,0.242696717924,-0.188463075357,decay
32.29,left,0.431127523148,0.242683076539,-0.188444446609,decay
32.3,left,0.431123412582,0.242670087334,-0.188453325247,decay
32.31,left,0.431145492128,0.242657741399,-0.188487750729,decay
32.32,left,0.431191295633,0.24264601689,-0.188545278743,decay
32.33,left,0.431257900647,0.242634878584,-0.188623022064,decay
32.34,left,0.431342061,0.242624278915,-0.188717782086,decay
32.35,left,0.431440513362,0.242614160017,-0.188826353345,decay
32.36,left,0.43155026742,0.242604455888,-0.188945811532,decay
32.37,left,0.431668691941,0.242595094329,-0.189073597612,decay
32.38,left,0.431793512957,0.242585998688,-0.189207514268,decay
32.39,left,0.431922783206,0.242577089448,-0.189345693758,decay
32.4,left,0.432054621046,0.242568285694,-0.189486335352,decay
32.41,left,0.432186788362,0.242559506524,-0.189627281837,decay
32.42,left,0.43231648749,0.242550672359,-0.189765815131,decay
32.43,left,0.432440421362,0.242541706016,-0.189898715346,decay
32.44,left,0.432554934158,0.242532533428,-0.19002240073,decay
32.45,left,0.432656282362,0.242523084151,-0.19013319821,decay
32.46,left,0.432741032606,0.242513291891,-0.190227740715,decay
32.47,left,0.432806347769,0.242503095157,-0.190303252612,decay
32.48,left,0.43285008768,0.24249243808,-0.1903576496,decay
32.49,left,0.432870835005,0.242481271417,-0.190389563588,decay
32.5,left,0.432867756555,0.242469553783,-0.190398202772,decay
32.51,left,0.432840178217,0.242457253125,-0.190382925093,decay
32.52,left,0.432787139136,0.242444348219,-0.190342790917,decay
32.53,left,0.432707263536,0.24243082936,-0.190276434177,decay
32.54,left,0.432598922083,0.24241669763,-0.190182224453,decay
32.55,left,0.432460589102,0.242401963225,-0.190058625877,decay
32.56,left,0.4322914105,0.242386643675,-0.189904766824,decay
32.57,left,0.432091740071,0.242370762319,-0.189720977751,decay
32.58,left,0.431863275434,0.242354346999,-0.189508928435,decay
32.59,left,0.431608804428,0.24233742898,-0.189271375449,decay
32.6,left,0.431331815014,0.242320042054,-0.18901177296,decay
32.61,left,0.431036090579,0.242302221811,-0.188733868768,decay
32.62,left,0.430725415055,0.242284005067,-0.188441409987,decay
32.63,left,0.430403575345,0.242265429468,-0.188138145877,decay
32.64,left,0.430074575313,0.242246533284,-0.187828042029,decay
32.65,left,0.429742768213,0.242227355358,-0.187515412855,decay
32.66,left,0.42941288233,0.242207935156,-0.187204947174,decay
32.67,left,0.429090108828,0.242188312909,-0.186901795919,decay
32.68,left,0.42878014375,0.242168529819,-0.186611613932,decay
32.69,left,0.428489010892,0.242148628334,-0.186340382558,decay
32.7,left,0.428222863211,0.242128652485,-0.186094210726,decay
32.71,left,0.427987904426,0.242108648278,-0.185879256148,decay
32.72,left,0.427790237831,0.242088664019,-0.185701573811,decay
32.73,left,0.427635620819,0.242068750237,-0.185566870582,decay
32.74,left,0.427529242612,0.242048958918,-0.185480283694,decay
32.75,left,0.427475362225,0.24202934223,-0.185446019995,decay
32.76,left,0.427476679697,0.242009951061,-0.185466728635,decay
32.77,left,0.427533716334,0.241990833481,-0.185542882852,decay
32.78,left,0.427644489048,0.2419720331,-0.185672455948,decay
32.79,left,0.427804423762,0.241953587288,-0.185850836474,decay
32.8,left,0.428006504103,0.241935525221,-0.186070978882,decay
32.81,left,0.428241860769,0.241917865702,-0.186323995067,decay
32.82,left,0.428500657546,0.241900615078,-0.186600042467,decay
32.83,left,0.428772877628,0.241883766316,-0.186889111312,decay
32.84,left,0.429049019272,0.241867300036,-0.187181719236,decay
32.85,left,0.429320834222,0.241851186909,-0.187469647313,decay
32.86,left,0.429581903515,0.241835390301,-0.187746513213,decay
32.87,left,0.429827895029,0.241819868764,-0.188008026265,decay
32.88,left,0.430056566985,0.241804578358,-0.188251988627,decay
32.89,left,0.430267462937,0.241789474879,-0.188477988058,decay
32.9,left,0.430461273544,0.241774516014,-0.18868675753,decay
32.91,left,0.430639177003,0.241759663482,-0.188879513521,decay
32.92,left,0.430802410931,0.241744885014,-0.189057525918,decay
32.93,left,0.430951901843,0.241730155605,-0.189221746238,decay
32.94,left,0.431087829047,0.241715457639,-0.189372371408,decay
32.95,left,0.431209387964,0.241700780215,-0.189508607749,decay
32.96,left,0.431314895375,0.241686118296,-0.189628777079,decay
32.97,left,0.431402051211,0.241671471929,-0.189730579283,decay
32.98,left,0.431468323399,0.241656845531,-0.189811477867,decay
32.99,left,0.431511506292,0.241642247255,-0.189869259036,decay
33,left,0.431530213435,0.241627688395,-0.18990252504,decay
33.01,left,0.431524157909,0.241613182839,-0.189910975069,decay
33.02,left,0.431494388876,0.24159874655,-0.189895642326,decay
33.03,left,0.431443455942,0.241584397003,-0.189859058939,decay
33.04,left,0.431375243268,0.241570152568,-0.1898050907,decay
33.05,left,0.431294484784,0.241556031832,-0.189738452952,decay
33.06,left,0.431206165488,0.241542052869,-0.189664112619,decay
33.07,left,0.431114815748,0.241528232487,-0.189586583261,decay
33.08,left,0.431023718417,0.241514585403,-0.189509133014,decay
33.09,left,0.430934389627,0.241501123361,-0.189433266266,decay
33.1,left,0.430846628546,0.241487854142,-0.189358774403,decay
33.11,left,0.430758966815,0.241474780483,-0.189284186332,decay
33.12,left,0.430669302401,0.241461899018,-0.189207403383,decay
33.13,left,0.430575699,0.24144919977,-0.189126499231,decay
33.14,left,0.430477115406,0.241436666551,-0.189040448855,decay
33.15,left,0.430373731573,0.241424278006,-0.188949453567,decay
33.16,left,0.43026690897,0.241412008761,-0.18885490021,decay
33.17,left,0.430158939627,0.2413998305,-0.188759109126,decay
33.18,left,0.430052567858,0.241387712963,-0.188664854895,decay
33.19,left,0.429950384828,0.241375624883,-0.188574759945,decay
33.2,left,0.429854349032,0.241363534906,-0.188490814125,decay
33.21,left,0.429765450819,0.241351412489,-0.18841403833,decay
33.22,left,0.429683377664,0.241339228745,-0.188344148919,decay
33.23,left,0.429606338498,0.24132695703,-0.188279381468,decay
33.24,left,0.429531331157,0.241314573108,-0.188216758049,decay
33.25,left,0.429454723024,0.241302055053,-0.188152667972,decay
33.26,left,0.429372829998,0.241289383099,-0.188083446899,decay
33.27,left,0.429282454078,0.241276539559,-0.188005914519,decay
33.28,left,0.42918130707,0.241263508814,-0.187917798256,decay
33.29,left,0.429068061618,0.241250277373,-0.187817784246,decay
33.3,left,0.428942101168,0.241236834016,-0.187705267152,decay
33.31,left,0.428803319302,0.24122317003,-0.187580149272,decay
33.32,left,0.428652061985,0.241209279456,-0.187442782528,decay
33.33,left,0.428489124056,0.241195159151,-0.187293964905,decay
33.34,left,0.428315802761,0.241180808492,-0.187134994269,decay
33.35,left,0.428133959216,0.241166228851,-0.186967730364,decay
33.36,left,0.42794590704,0.24115142305,-0.18679448399,decay
33.37,left,0.42775414935,0.241136394896,-0.186617754454,decay
33.38,left,0.427561240265,0.241121148784,-0.18644009148,decay
33.39,left,0.427369794442,0.241105689367,-0.186264105075,decay
33.4,left,0.427182442268,0.241090021283,-0.186092420986,decay
33.41,left,0.42700182882,0.241074148938,-0.185927679882,decay
33.42,left,0.426830805135,0.241058076371,-0.185772728765,decay
33.43,left,0.426672571297,0.241041807282,-0.185630764015,decay
33.44,left,0.426530576829,0.241025345325,-0.185505231504,decay
33.45,left,0.426408316472,0.24100869458,-0.185399621892,decay
33.46,left,0.426309084548,0.240991860131,-0.185317224417,decay
33.47,left,0.426235674384,0.240974848716,-0.185260825668,decay
33.48,left,0.426190248375,0.240957669441,-0.185232578935,decay
33.49,left,0.426174519297,0.24094033458,-0.185234184717,decay
33.5,left,0.426189914569,0.240922860467,-0.185267054101,decay
33.51,left,0.42623743594,0.240905268493,-0.185332167446,decay
33.52,left,0.42631743734,0.240887586005,-0.185429851335,decay
33.53,left,0.426429507315,0.240869846485,-0.185559660831,decay
33.54,left,0.426572281476,0.240852088509,-0.185720192967,decay
33.55,left,0.426743205516,0.240834353846,-0.18590885167,decay
33.56,left,0.426938497036,0.240816685295,-0.186121811741,decay
33.57,left,0.427153288658,0.24079912453,-0.186354164128,decay
33.58,left,0.427381920524,0.240781709895,-0.18660021063,decay
33.59,left,0.427618598694,0.240764474125,-0.186854124569,decay
33.6,left,0.427858366867,0.240747441946,-0.187110924921,decay
33.61,left,0.428097954698,0.240730627495,-0.187367327203,decay
33.62,left,0.428336245217,0.240714031921,-0.187622213297,decay
33.63,left,0.42857435492,0.240697642331,-0.187876712589,decay
33.64,left,0.428815216874,0.240681432988,-0.188133783886,decay
33.65,left,0.429062630755,0.240665368081,-0.188397262674,decay
33.66,left,0.429320132729,0.240649404856,-0.188670727873,decay
33.67,left,0.429590046796,0.240633496645,-0.188956550152,decay
33.68,left,0.429872751481,0.240617595806,-0.189255155675,decay
33.69,left,0.430166287243,0.240601656641,-0.189564630602,decay
33.7,left,0.430466599682,0.240585638334,-0.189880961347,decay
33.71,left,0.430768270726,0.240569507979,-0.190198762747,decay
33.72,left,0.431065261734,0.240553243424,-0.19051201831,decay
33.73,left,0.431351529407,0.240536834969,-0.190814694439,decay
33.74,left,0.431621578463,0.240520285171,-0.191101293292,decay
33.75,left,0.431870852994,0.240503607356,-0.191367245638,decay
33.76,left,0.432095956552,0.240486823854,-0.191609132698,decay
33.77,left,0.432294892819,0.240469964382,-0.191824928437,decay
33.78,left,0.432467278833,0.240453064557,-0.192014214276,decay
33.79,left,0.432614204043,0.240436164535,-0.192178039508,decay
33.8,left,0.432737753496,0.240419307721,-0.192318445775,decay
33.81,left,0.432840579486,0.240402539535,-0.192438039951,decay
33.82,left,0.432925616765,0.240385906226,-0.19253971054,decay
33.83,left,0.432995798646,0.240369453769,-0.192626344877,decay
33.84,left,0.433053853635,0.240353226896,-0.192700626739,decay
33.85,left,0.433102225463,0.24033726816,-0.192764957303,decay
33.86,left,0.433142889269,0.240321616958,-0.19282127231,decay
33.87,left,0.433177010685,0.240306308434,-0.192870702251,decay
33.88,left,0.433204678944,0.240291372232,-0.192913306713,decay
33.89,left,0.433224852886,0.240276831087,-0.192948021799,decay
33.9,left,0.433235545314,0.240262699205,-0.192972846109,decay
33.91,left,0.433234257658,0.240248980411,-0.192985277247,decay
33.92,left,0.433218476257,0.240235666339,-0.192982809918,decay
33.93,left,0.433185902224,0.240222735572,-0.192963166652,decay
33.94,left,0.433134445503,0.240210154453,-0.192924291051,decay
33.95,left,0.433062352255,0.24019787902,-0.192864473235,decay
33.96,left,0.432968473963,0.240185857136,-0.192782616827,decay
33.97,left,0.432852358176,0.240174030451,-0.192678327725,decay
33.98,left,0.43271418892,0.24016233619,-0.192551852731,decay
33.99,left,0.432554774937,0.240150708838,-0.1924040661,decay
34,left,0.432375486028,0.240139081736,-0.192236404292,decay
34.01,left,0.432178074845,0.240127388649,-0.192050686196,decay
34.02,left,0.431964524359,0.240115565225,-0.191848959134,decay
34.03,left,0.431736847923,0.240103550045,-0.191633297877,decay
34.04,left,0.431496674433,0.240091285037,-0.191405389396,decay
34.05,left,0.431244819273,0.24007871546,-0.191166103813,decay
34.06,left,0.430981164516,0.240065789862,-0.190915374655,decay
34.07,left,0.430704822848,0.240052460131,-0.190652362716,decay
34.08,left,0.430414456198,0.240038681711,-0.190375774487,decay
34.09,left,0.430108818669,0.240024413956,-0.190084404713,decay
34.1,left,0.429787392228,0.240009620672,-0.189777771557,decay
34.11,left,0.429450695392,0.239994270846,-0.189456424545,decay
34.12,left,0.429100199661,0.23997833948,-0.189121860181,decay
34.13,left,0.428738136098,0.239961808184,-0.188776327915,decay
34.14,left,0.428367244202,0.239944665291,-0.188422578911,decay
34.15,left,0.42799047904,0.239926905698,-0.188063573342,decay
34.16,left,0.427610902497,0.239908530799,-0.187702371698,decay
34.17,left,0.427231738598,0.239889548655,-0.187342189943,decay
34.18,left,0.426856335551,0.239869974438,-0.186986361112,decay
34.19,left,0.426488036009,0.239849831132,-0.186638204877,decay
34.2,left,0.426130134079,0.239829150503,-0.186300983575,decay
34.21,left,0.425785902921,0.239807974358,-0.185977928563,decay
34.22,left,0.425458604776,0.239786355827,-0.18567224895,decay
34.23,left,0.425151608566,0.239764359842,-0.185387248724,decay
34.24,left,0.424868636575,0.239742062196,-0.185126574378,decay
34.25,left,0.424613774603,0.23971954761,-0.184894226993,decay
34.26,left,0.424391048759,0.239696907628,-0.184694141131,decay
34.27,left,0.424203839166,0.239674238654,-0.184529600511,decay
34.28,left,0.42405436024,0.23965164009,-0.18440272015,decay
34.29,left,0.423943315546,0.239629212526,-0.18431410302,decay
34.3,left,0.42386998162,0.239607055939,-0.184262925681,decay
34.31,left,0.423832765805,0.239585267833,-0.184247497972,decay
34.32,left,0.423829831603,0.239563941422,-0.184265890181,decay
34.33,left,0.423859441884,0.239543164244,-0.184316277641,decay
34.34,left,0.423920022948,0.23952301751,-0.184397005438,decay
34.35,left,0.424010000577,0.239503575894,-0.184506424683,decay
34.36,left,0.424127452747,0.239484907266,-0.184642545481,decay
34.37,left,0.424269872332,0.239467072161,-0.184802800171,decay
34.38,left,0.424434299904,0.239450122936,-0.184984176968,decay
34.39,left,0.424617615733,0.23943410259,-0.185183513143,decay
34.4,left,0.424816712548,0.23941904321,-0.185397669338,decay
34.41,left,0.425028687134,0.239404964014,-0.185623723121,decay
34.42,left,0.425251142376,0.239391869318,-0.185859273058,decay
34.43,left,0.425482297993,0.239379747543,-0.186102550451,decay
34.44,left,0.425720751403,0.2393685721,-0.186352179303,decay
34.45,left,0.425965081427,0.23935830353,-0.186606777897,decay
34.46,left,0.426213482046,0.239348891726,-0.18686459032,decay
34.47,left,0.426463593429,0.239340277804,-0.187123315625,decay
34.48,left,0.426712721131,0.239332395625,-0.187380325506,decay
34.49,left,0.426958353876,0.239325172994,-0.187633180882,decay
34.5,left,0.427198558671,0.239318532583,-0.187880026088,decay
34.51,left,0.427432031867,0.239312392607,-0.18811963926,decay
34.52,left,0.427658015226,0.239306667356,-0.188351347869,decay
34.53,left,0.427876181311,0.239301267833,-0.188574913478,decay
34.54,left,0.428086372488,0.239296102702,-0.188790269786,decay
34.55,left,0.428288332861,0.239291079451,-0.18899725341,decay
34.56,left,0.428481610376,0.239286105588,-0.189195504787,decay
34.57,left,0.428665440341,0.2392810898,-0.189384350541,decay
34.58,left,0.428838503319,0.239275943124,-0.189562560195,decay
34.59,left,0.428998781981,0.23927058017,-0.189728201812,decay
34.6,left,0.429143626176,0.239264920418,-0.189878705758,decay
34.61,left,0.429269986809,0.239258889668,-0.190011097141,decay
34.62,left,0.42937490771,0.239252421443,-0.190122486267,decay
34.63,left,0.429456243067,0.2392454578,-0.190210785267,decay
34.64,left,0.429513217488,0.239237949091,-0.190275268396,decay
34.65,left,0.429546557146,0.23922985305,-0.190316704097,decay
34.66,left,0.42955836401,0.239221133837,-0.190337230173,decay
34.67,left,0.429551903598,0.239211761322,-0.190340142275,decay
34.68,left,0.429531235087,0.239201710602,-0.190329524485,decay
34.69,left,0.429500753218,0.239190961774,-0.190309791444,decay
34.7,left,0.429464823906,0.239179499956,-0.190285323951,decay
34.71,left,0.429427451128,0.239167315557,-0.190260135571,decay
34.72,left,0.429391913147,0.239154404683,-0.190237508464,decay
34.73,left,0.429360548573,0.239140769224,-0.190219779348,decay
34.74,left,0.429334711484,0.239126416338,-0.190208295146,decay
34.75,left,0.429314677786,0.23911135753,-0.190203320256,decay
34.76,left,0.429299477581,0.239095607794,-0.190203869787,decay
34.77,left,0.429286759102,0.239079184967,-0.190207574134,decay
34.78,left,0.429272632556,0.239062109297,-0.190210523259,decay
34.79,left,0.429251527139,0.239044403226,-0.190207123913,decay
34.8,left,0.42921644029,0.239026091367,-0.190190348923,decay
34.81,left,0.429159859587,0.239007200677,-0.19015265891,decay
34.82,left,0.429075060476,0.238987760755,-0.190087299721,decay
34.83,left,0.428957290183,0.23896780408,-0.189989486103,decay
34.84,left,0.428804591886,0.238947366044,-0.189857225842,decay
34.85,left,0.428618046346,0.238926484865,-0.189691561481,decay
34.86,left,0.428401271459,0.238905201596,-0.189496069863,decay
34.87,left,0.42815946706,0.238883560265,-0.189275906794,decay
34.88,left,0.427898477667,0.238861608179,-0.189036869488,decay
34.89,left,0.427624058943,0.238839396355,-0.188784662588,decay
34.9,left,0.427341390437,0.238816980103,-0.188524410334,decay
34.91,left,0.427054913261,0.238794419729,-0.188260493532,decay
34.92,left,0.42676838933,0.238771781207,-0.187996608123,decay
34.93,left,0.426484909908,0.238749136281,-0.187735773627,decay
34.94,left,0.426206791163,0.238726561592,-0.187480229571,decay
34.95,left,0.425935497707,0.238704137091,-0.187231360616,decay
34.96,left,0.425671601095,0.238681944254,-0.18698965684,decay
34.97,left,0.425414789819,0.238660064254,-0.186754725565,decay
34.98,left,0.42516416489,0.238638576072,-0.186525588818,decay
34.99,left,0.424918840367,0.2386175545,-0.186301285867,decay
35,left,0.424678481099,0.238597067975,-0.186081413124,decay
35.01,left,0.424443558144,0.238577176195,-0.185866381949,decay
35.02,left,0.424215361097,0.238557927745,-0.185657433352,decay
35.03,left,0.423995749846,0.238539358553,-0.185456391292,decay
35.04,left,0.423786732222,0.2385214918,-0.185265240423,decay
35.05,left,0.423590188117,0.238504338761,-0.185085849356,decay
35.06,left,0.423407884435,0.2384878997,-0.184919984735,decay
35.07,left,0.423241564126,0.238472164431,-0.184769399695,decay
35.08,left,0.423092972742,0.238457112543,-0.184635860199,decay
35.09,left,0.422963986337,0.238442713283,-0.184521273054,decay
35.1,left,0.422856856935,0.238428925102,-0.184427931833,decay
35.11,left,0.422774344876,0.238415694875,-0.184358650001,decay
35.12,left,0.422719710309,0.238402957096,-0.184316753213,decay
35.13,left,0.42269661859,0.238390634077,-0.184305984513,decay
35.14,left,0.422708808055,0.238378637912,-0.184330170143,decay
35.15,left,0.422759543268,0.23836687369,-0.184392669578,decay
35.16,left,0.422851116273,0.238355242976,-0.184495873297,decay
35.17,left,0.422984384278,0.238343647223,-0.184640737055,decay
35.18,left,0.423158166149,0.238331991139,-0.18482617501,decay
35.19,left,0.423368681137,0.238320186105,-0.185048495032,decay
35.2,left,0.42360940455,0.238308153707,-0.185301250843,decay
35.21,left,0.42387142685,0.238295829472,-0.185575597378,decay
35.22,left,0.424144297123,0.238283166366,-0.185861130756,decay
35.23,left,0.424417454258,0.238270136548,-0.18614731771,decay
35.24,left,0.424681952106,0.238256730222,-0.186425221884,decay
35.25,left,0.424931680441,0.238242952497,-0.186688727944,decay
35.26,left,0.425163632143,0.23822881982,-0.186934812323,decay
35.27,left,0.42537738915,0.23821435665,-0.1871630325,decay
35.28,left,0.425574088998,0.238199592323,-0.187374496676,decay
35.29,left,0.42575518933,0.238184558095,-0.187570631235,decay
35.3,left,0.425921540184,0.238169284283,-0.187752255901,decay
35.31,left,0.426072986082,0.238153797462,-0.18791918862,decay
35.32,left,0.426208286596,0.238138117938,-0.188070168659,decay
35.33,left,0.426325228379,0.238122258324,-0.188202970055,decay
35.34,left,0.426420945355,0.238106223845,-0.18831472151,decay
35.35,left,0.426492300539,0.23809001386,-0.188402286679,decay
35.36,left,0.426536198702,0.23807362375,-0.188462574952,decay
35.37,left,0.426549938011,0.238057046814,-0.188492891197,decay
35.38,left,0.426531595262,0.238040276174,-0.188491319088,decay
35.39,left,0.426480167652,0.238023306731,-0.188456860921,decay
35.4,left,0.426395470878,0.238006137194,-0.188389333684,decay
35.41,left,0.426278140391,0.237988772216,-0.188289368175,decay
35.42,left,0.426129776853,0.237971224434,-0.188158552419,decay
35.43,left,0.425953041864,0.237953515656,-0.187999526208,decay
35.44,left,0.425751763612,0.237935676639,-0.187816086972,decay
35.45,left,0.425531065132,0.237917745896,-0.187613319236,decay
35.46,left,0.42529724119,0.237899768287,-0.187397472903,decay
35.47,left,0.425057298655,0.237881793718,-0.187175504937,decay
35.48,left,0.424818429464,0.237863875927,-0.186954553537,decay
35.49,left,0.4245876168,0.237846071323,-0.186741545476,decay
35.5,left,0.424371363507,0.237828437865,-0.186542925642,decay
35.51,left,0.424175589406,0.237811033926,-0.18636455548,decay
35.52,left,0.424005758586,0.23779391721,-0.186211841376,decay
35.53,left,0.423867049956,0.237777143937,-0.186089906019,decay
35.54,left,0.423764373402,0.237760768462,-0.186003604939,decay
35.55,left,0.423702283158,0.23774484317,-0.185957439988,decay
35.56,left,0.423684768242,0.237729418346,-0.185955349896,decay
35.57,left,0.423714760434,0.237714541925,-0.18600021851,decay
35.58,left,0.423793500248,0.237700259063,-0.186093241185,decay
35.59,left,0.423920124678,0.237686611537,-0.186233513142,decay
35.6,left,0.424091601598,0.237673636936,-0.186417964663,decay
35.61,left,0.424302966068,0.237661367629,-0.186641598439,decay
35.62,left,0.424547866001,0.237649829623,-0.186898036378,decay
35.63,left,0.424819257317,0.237639041722,-0.187180215595,decay
35.64,left,0.425109880782,0.2376290153,-0.187480865482,decay
35.65,left,0.425412439119,0.237619754431,-0.187792684689,decay
35.66,left,0.425719748199,0.237611255909,-0.18810849229,decay
35.67,left,0.426024919191,0.237603508983,-0.188421410208,decay
35.68,left,0.426321421292,0.23759649478,-0.188724926512,decay
35.69,left,0.426603159414,0.237590185408,-0.189012974007,decay
35.7,left,0.426864724782,0.237584542733,-0.189280182049,decay
35.71,left,0.427101595689,0.237579516821,-0.189522078868,decay
35.72,left,0.42731012033,0.237575044407,-0.189735075924,decay
35.73,left,0.42748744641,0.23757104858,-0.18991639783,decay
35.74,left,0.42763151146,0.237567440606,-0.190064070854,decay
35.75,left,0.427741085652,0.237564123231,-0.190176962421,decay
35.76,left,0.427815956068,0.237560994313,-0.190254961754,decay
35.77,left,0.427857220548,0.237557950352,-0.190299270196,decay
35.78,left,0.427867338828,0.237554889939,-0.190312448889,decay
35.79,left,0.427849780567,0.23755171723,-0.190298063337,decay
35.8,left,0.427808615223,0.237548345502,-0.190260269721,decay
35.81,left,0.42774825001,0.237544700885,-0.190203549126,decay
35.82,left,0.427673146951,0.237540725828,-0.190132421123,decay
35.83,left,0.427587589499,0.237536380752,-0.190051208747,decay
35.84,left,0.42749575144,0.237531642719,-0.189964108721,decay
35.85,left,0.427401930537,0.237526502029,-0.189875428508,decay
35.86,left,0.42731065113,0.237520958378,-0.189789692752,decay
35.87,left,0.42722661864,0.237515017201,-0.189711601439,decay
35.88,left,0.42715454172,0.237508686214,-0.189645855506,decay
35.89,left,0.427098750722,0.237501972087,-0.189596778635,decay
35.9,left,0.427062777941,0.237494877197,-0.189567900744,decay
35.91,left,0.427049181581,0.23748739642,-0.189561785162,decay
35.92,left,0.427059601005,0.237479514236,-0.189580086769,decay
35.93,left,0.427094859152,0.237471203224,-0.189623655928,decay
35.94,left,0.427155078234,0.23746242472,-0.189692653514,decay
35.95,left,0.427239751784,0.237453131045,-0.189786620738,decay
35.96,left,0.427347545959,0.237443268222,-0.189904277737,decay
35.97,left,0.4274758856,0.23743277875,-0.19004310685,decay
35.98,left,0.427620746051,0.237421604478,-0.190199141573,decay
35.99,left,0.427776794386,0.237409689618,-0.190367104768,decay
36,left,0.427937713599,0.237396983972,-0.190540729628,decay
36.01,left,0.428096733753,0.237383446431,-0.190713287323,decay
36.02,left,0.428247403459,0.237369048406,-0.190878355053,decay
36.03,left,0.428384337609,0.237353775969,-0.19103056164,decay
36.04,left,0.428503670941,0.237337629784,-0.191166041157,decay
36.05,left,0.428603152807,0.237320623562,-0.191282529245,decay
36.06,left,0.428681873908,0.237302782349,-0.191379091559,decay
36.07,left,0.428739679763,0.237284141157,-0.191455538605,decay
36.08,left,0.428776613015,0.237264743974,-0.191511869041,decay
36.09,left,0.428792764963,0.2372446431,-0.191548121863,decay
36.1,left,0.428788431558,0.23722389882,-0.191564532738,decay
36.11,left,0.428764263225,0.237202579373,-0.191561683853,decay
36.12,left,0.428721413738,0.237180761008,-0.19154065273,decay
36.13,left,0.428661722488,0.237158527502,-0.191503194986,decay
36.14,left,0.428587771838,0.237135968641,-0.191451803197,decay
36.15,left,0.428502843384,0.237113177977,-0.191389665407,decay
36.16,left,0.428410880057,0.23709025044,-0.191320629616,decay
36.17,left,0.428316256602,0.237067280008,-0.191248976594,decay
36.18,left,0.428223213375,0.237044357394,-0.19117885598,decay
36.19,left,0.428135221395,0.237021567697,-0.191113653699,decay
36.2,left,0.42805455431,0.236998987946,-0.191055566363,decay
36.21,left,0.427982039173,0.236976684494,-0.191005354678,decay
36.22,left,0.427917022491,0.236954710558,-0.190962311933,decay
36.23,left,0.427857767322,0.236933105066,-0.190924662257,decay
36.24,left,0.427802109355,0.236911893645,-0.190890215709,decay
36.25,left,0.427747917554,0.236891091105,-0.190856826449,decay
36.26,left,0.427693370074,0.236870704185,-0.190822665889,decay
36.27,left,0.427637296139,0.236850734127,-0.190786562012,decay
36.28,left,0.427579501934,0.236831179055,-0.190748322878,decay
36.29,left,0.427520963072,0.236812036193,-0.190708926879,decay
36.3,left,0.42746391597,0.236793303972,-0.190670611998,decay
36.31,left,0.427411711812,0.236774984054,-0.190636727759,decay
36.32,left,0.427368310266,0.236757083087,-0.190611227179,decay
36.33,left,0.42733762066,0.236739613613,-0.190598007048,decay
36.34,left,0.427322878178,0.236722593634,-0.190600284544,decay
36.35,left,0.427325909671,0.236706045215,-0.190619864457,decay
36.36,left,0.427346256214,0.23668999273,-0.190656263484,decay
36.37,left,0.427380615023,0.23667446102,-0.190706154003,decay
36.38,left,0.427422981219,0.236659473416,-0.190763507803,decay
36.39,left,0.427465325709,0.236645049621,-0.190820276088,decay
36.4,left,0.427498578537,0.236631203388,-0.190867375149,decay
36.41,left,0.427513806506,0.236617939968,-0.190895866538,decay
36.42,left,0.427503298673,0.236605253637,-0.190898045036,decay
36.43,left,0.427461362591,0.236593126358,-0.190868236233,decay
36.44,left,0.42738495404,0.236581528417,-0.190803425623,decay
36.45,left,0.427274078467,0.236570420388,-0.190703658078,decay
36.46,left,0.427131623036,0.236559755329,-0.190571867708,decay
36.47,left,0.426962645919,0.236549480775,-0.190413165144,decay
36.48,left,0.42677351172,0.23653954054,-0.190233971179,decay
36.49,left,0.426571004439,0.23652987635,-0.190041128088,decay
36.5,left,0.426361425797,0.236520429368,-0.189840996429,decay
36.51,left,0.426150049199,0.236511141635,-0.189638907565,decay
36.52,left,0.425941246868,0.236501957379,-0.189439289489,decay
36.53,left,0.425739021623,0.236492823919,-0.189246197703,decay
36.54,left,0.425547561442,0.236483691963,-0.189063869479,decay
36.55,left,0.425371736779,0.236474515503,-0.188897221276,decay
36.56,left,0.425217360144,0.23646525162,-0.188752108524,decay
36.57,left,0.425090935796,0.236455860336,-0.18863507546,decay
36.58,left,0.424999028717,0.236446304535,-0.188552724182,decay
36.59,left,0.424947501696,0.236436549961,-0.188510951735,decay
36.6,left,0.424940612691,0.236426565307,-0.188514047384,decay
36.61,left,0.424980138154,0.236416322393,-0.188563815761,decay
36.62,left,0.425064972674,0.236405796424,-0.18865917625,decay
36.63,left,0.425191359078,0.23639496625,-0.188796392828,decay
36.64,left,0.42535347494,0.236383814552,-0.188969660388,decay
36.65,left,0.425544157484,0.236372328034,-0.18917182945,decay
36.66,left,0.425755689045,0.236360497709,-0.189395191336,decay
36.67,left,0.425980391052,0.236348319343,-0.189632071708,decay
36.68,left,0.426210859325,0.236335794051,-0.189875065273,decay
36.69,left,0.426440106763,0.236322929072,-0.190117177691,decay
36.7,left,0.426661880864,0.23630973872,-0.190352142144,decay
36.71,left,0.426871075059,0.236296245547,-0.190574829512,decay
36.72,left,0.427064130737,0.23628248146,-0.190781649277,decay
36.73,left,0.427239390778,0.236268488118,-0.190970902661,decay
36.74,left,0.427397162353,0.23625431601,-0.191142846343,decay
36.75,left,0.427539303135,0.23624002265,-0.191299280485,decay
36.76,left,0.427668517444,0.236225670575,-0.191442846869,decay
36.77,left,0.427787558483,0.236211325429,-0.191576233054,decay
36.78,left,0.427898305858,0.236197054116,-0.191701251742,decay
36.79,left,0.428000902114,0.236182922965,-0.191817979149,decay
36.8,left,0.428093495957,0.23616899587,-0.191924500087,decay
36.81,left,0.428172810458,0.236155332356,-0.192017478102,decay
36.82,left,0.428235144831,0.236141985697,-0.192093159134,decay
36.83,left,0.428277396254,0.236129001567,-0.192148394687,decay
36.84,left,0.428297820369,0.236116417595,-0.192181402774,decay
36.85,left,0.428296221362,0.236104263499,-0.192191957863,decay
36.86,left,0.428273607255,0.23609256124,-0.192181046015,decay
36.87,left,0.428231705864,0.236081324962,-0.192150380902,decay
36.88,left,0.428172476924,0.236070560702,-0.192101916222,decay
36.89,left,0.428097530313,0.236060265845,-0.192037264468,decay
36.9,left,0.428007704046,0.236050428334,-0.191957275712,decay
36.91,left,0.427903189986,0.236041025606,-0.19186216438,decay
36.92,left,0.427784103699,0.236032023497,-0.191752080202,decay
36.93,left,0.427651138731,0.236023375868,-0.191627762863,decay
36.94,left,0.427506213191,0.236015025538,-0.191491187653,decay
36.95,left,0.42735299868,0.236006906099,-0.191346092581,decay
36.96,left,0.427196997119,0.235998943879,-0.19119805324,decay
36.97,left,0.427045104288,0.235991059743,-0.191054044545,decay
36.98,left,0.426904891756,0.235983170789,-0.190921720966,decay
36.99,left,0.426783676062,0.235975191946,-0.190808484115,decay
37,left,0.426687525341,0.235967037551,-0.190720487791,decay
37.01,left,0.4266206833,0.235958622932,-0.190662060368,decay
37.02,left,0.426585607672,0.23594986596,-0.190635741712,decay
37.03,left,0.426583286204,0.235940688277,-0.190642597926,decay
37.04,left,0.426613547805,0.235931016038,-0.190682531767,decay
37.05,left,0.426675326696,0.235920780342,-0.190754546354,decay
37.06,left,0.426766769644,0.235909917735,-0.190856851909,decay
37.07,left,0.426885132683,0.235898370921,-0.190986761761,decay
37.08,left,0.427026720668,0.235886089729,-0.191140630938,decay
37.09,left,0.427187062556,0.235873032367,-0.191314030189,decay
37.1,left,0.427361135892,0.235859166988,-0.191501968904,decay
37.11,left,0.427543525216,0.235844473618,-0.191699051598,decay
37.12,left,0.427728673226,0.235828946113,-0.191899727113,decay
37.13,left,0.427911136383,0.235812593115,-0.192098543269,decay
37.14,left,0.428085560735,0.235795437198,-0.192290123537,decay
37.15,left,0.428246457928,0.235777512811,-0.192468945117,decay
37.16,left,0.428388057205,0.235758864105,-0.1926291931,decay
37.17,left,0.428504358244,0.235739543068,-0.192764815176,decay
37.18,left,0.428589518784,0.235719607968,-0.192869910815,decay
37.19,left,0.428638672449,0.235699122063,-0.192939550387,decay
37.2,left,0.428648921957,0.235678152538,-0.192970769419,decay
37.21,left,0.428620021312,0.235656769656,-0.192963251656,decay
37.22,left,0.428554527356,0.235635046052,-0.192919481304,decay
37.23,left,0.42845754013,0.235613056105,-0.192844484025,decay
37.24,left,0.428336047827,0.235590875329,-0.192745172498,decay
37.25,left,0.428197867612,0.235568579767,-0.192629287845,decay
37.26,left,0.428050532548,0.23554624542,-0.192504287128,decay
37.27,left,0.427900476677,0.235523947709,-0.192376528968,decay
37.28,left,0.427752544494,0.23550176093,-0.192250783564,decay
37.29,left,0.427609859322,0.235479757683,-0.192130101639,decay
37.3,left,0.42747409414,0.235458008253,-0.192016085888,decay
37.31,left,0.427345876205,0.235436579897,-0.191909296308,decay
37.32,left,0.427225038858,0.235415536088,-0.19180950277,decay
37.33,left,0.427110797461,0.235394935823,-0.191715861638,decay
37.34,left,0.427001966399,0.235374833122,-0.191627133278,decay
37.35,left,0.426897106656,0.235355276582,-0.191541830074,decay
37.36,left,0.426794647546,0.235336308802,-0.191458338744,decay
37.37,left,0.426693251156,0.235317965577,-0.191375285579,decay
37.38,left,0.42659231444,0.235300274839,-0.191292039601,decay
37.39,left,0.426492184193,0.23528325532,-0.191208928873,decay
37.4,left,0.426394038701,0.235266914896,-0.191127123805,decay
37.41,left,0.426299627225,0.235251248606,-0.191048378619,decay
37.42,left,0.426210833654,0.235236236686,-0.190974596968,decay
37.43,left,0.426129121382,0.235221843884,-0.190907277498,decay
37.44,left,0.426055151543,0.235208020973,-0.19084713057,decay
37.45,left,0.42598863552,0.235194707783,-0.190793927738,decay
37.46,left,0.425928284642,0.235181836504,-0.190746448138,decay
37.47,left,0.425871938264,0.235169334791,-0.190702603473,decay
37.48,left,0.425816989633,0.235157128674,-0.190659860959,decay
37.49,left,0.425760873921,0.235145145364,-0.190615728558,decay
37.5,left,0.425701281538,0.235133315989,-0.190567965549,decay
37.51,left,0.425636132902,0.235121578348,-0.190514554554,decay
37.52,left,0.425563499207,0.235109879418,-0.190453619789,decay
37.53,left,0.425481497686,0.235098176727,-0.190383320959,decay
37.54,left,0.425388312397,0.235086437916,-0.190301874481,decay
37.55,left,0.425282490512,0.23507463903,-0.190207851482,decay
37.56,left,0.425163258871,0.235062762515,-0.190100496356,decay
37.57,left,0.425030626188,0.235050795288,-0.189979830899,decay
37.58,left,0.424885451242,0.235038726908,-0.189846724334,decay
37.59,left,0.424729580506,0.235026547801,-0.189703032705,decay
37.6,left,0.4245658582,0.235014247532,-0.189551610669,decay
37.61,left,0.424397952902,0.235001813086,-0.189396139816,decay
37.62,left,0.424230128892,0.234989227313,-0.18924090158,decay
37.63,left,0.42406691677,0.234976468028,-0.189090448742,decay
37.64,left,0.423912583432,0.234963508169,-0.188949075263,decay
37.65,left,0.423770628916,0.234950316699,-0.188820312217,decay
37.66,left,0.423643593691,0.234936859748,-0.188706733943,decay
37.67,left,0.423533058381,0.234923101784,-0.188609956598,decay
37.68,left,0.42343969773,0.234909006823,-0.188530690907,decay
37.69,left,0.423363526803,0.234894539712,-0.188468987091,decay
37.7,left,0.423304229025,0.234879667507,-0.188424561518,decay
37.71,left,0.423261193761,0.234864360979,-0.188396832782,decay
37.72,left,0.423233293387,0.234848596096,-0.188384697292,decay
37.73,left,0.423218759304,0.234832354927,-0.188386404378,decay
37.74,left,0.423215272252,0.234815625557,-0.188399646695,decay
37.75,left,0.423220192732,0.234798401348,-0.188421791385,decay
37.76,left,0.423230885995,0.234780680126,-0.188450205869,decay
37.77,left,0.423244948447,0.234762463557,-0.18848248489,decay
37.78,left,0.423260108533,0.234743756699,-0.188516351834,decay
37.79,left,0.423274008891,0.234724567732,-0.188549441159,decay
37.8,left,0.423284323365,0.234704907869,-0.188579415496,decay
37.81,left,0.423289237638,0.234684791422,-0.188604446216,decay
37.82,left,0.423288032474,0.234664236,-0.188623796474,decay
37.83,left,0.423281703144,0.234643262644,-0.1886384405,decay
37.84,left,0.423273461126,0.234621895796,-0.18865156533,decay
37.85,left,0.423268721975,0.234600163181,-0.188668558794,decay
37.86,left,0.423274487647,0.234578095763,-0.188696391884,decay
37.87,left,0.423298393071,0.234555727842,-0.188742665229,decay
37.88,left,0.423347549387,0.234533097279,-0.188814452108,decay
37.89,left,0.423427312919,0.234510245865,-0.188917067054,decay
37.9,left,0.423540435597,0.234487219807,-0.18905321579,decay
37.91,left,0.423686915655,0.234464070348,-0.189222845307,decay
37.92,left,0.423864337797,0.234440854332,-0.189423483465,decay
37.93,left,0.424068412691,0.234417634195,-0.189650778496,decay
37.94,left,0.4242936459,0.23439447696,-0.189899168941,decay
37.95,left,0.424533951843,0.234371452508,-0.190162499334,decay
37.96,left,0.424782989767,0.23434863164,-0.190434358128,decay
37.97,left,0.425034404136,0.234326084088,-0.190708320048,decay
37.98,left,0.425282223502,0.234303876473,-0.190978347029,decay
37.99,left,0.425521267773,0.234282070135,-0.191239197637,decay
38,left,0.425747381594,0.234260718796,-0.191486662797,decay
38.01,left,0.425957542737,0.234239866005,-0.191717676732,decay
38.02,left,0.426149801417,0.234219542674,-0.191930258743,decay
38.03,left,0.426322968433,0.234199765815,-0.192123202618,decay
38.04,left,0.426476264206,0.234180539306,-0.1922957249,decay
38.05,left,0.426609224871,0.234161856046,-0.192447368825,decay
38.06,left,0.426721872897,0.234143700323,-0.192578172574,decay
38.07,left,0.426815014611,0.234126049964,-0.192688964647,decay
38.08,left,0.426890625414,0.234108878236,-0.192781747179,decay
38.09,left,0.426952088646,0.23409215556,-0.192859933087,decay
38.1,left,0.427003823201,0.234075851054,-0.192927972147,decay
38.11,left,0.427050334147,0.234059933942,-0.192990400205,decay
38.12,left,0.427095293485,0.234044374796,-0.193050918689,decay
38.13,left,0.427141045053,0.234029146439,-0.193111898614,decay
38.14,left,0.427188513133,0.234014224373,-0.19317428876,decay
38.15,left,0.427237413257,0.233999586872,-0.193237826385,decay
38.16,left,0.427286586885,0.233985214942,-0.193301371943,decay
38.17,left,0.427334225382,0.23397109225,-0.193363133132,decay
38.18,left,0.427378063203,0.233957205024,-0.193420858179,decay
38.19,left,0.427415845134,0.233943541937,-0.193472303197,decay
38.2,left,0.42744602874,0.233930093962,-0.193515934778,decay
38.21,left,0.427468391312,0.233916854215,-0.193551537098,decay
38.22,left,0.427484404983,0.233903817779,-0.193580587204,decay
38.23,left,0.427497318683,0.23389098156,-0.193606337123,decay
38.24,left,0.427511722569,0.233878344176,-0.193633378393,decay
38.25,left,0.427532636967,0.233865905877,-0.193666731089,decay
38.26,left,0.427564566762,0.233853668454,-0.193710898309,decay
38.27,left,0.427610762549,0.23384163512,-0.193769127429,decay
38.28,left,0.427672637698,0.23382981037,-0.193842827328,decay
38.29,left,0.427749460097,0.233818199804,-0.193931260292,decay
38.3,left,0.427838471325,0.233806809915,-0.19403166141,decay
38.31,left,0.427935271491,0.23379564784,-0.194139623651,decay
38.32,left,0.428034318482,0.233784721077,-0.194249597406,decay
38.33,left,0.428129594508,0.233774037192,-0.194355557316,decay
38.34,left,0.428215308458,0.233763603546,-0.194451704912,decay
38.35,left,0.428286336529,0.233753427006,-0.194532909523,decay
38.36,left,0.428338438778,0.233743513602,-0.194594925176,decay
38.37,left,0.42836852257,0.233733868108,-0.194634654462,decay
38.38,left,0.428374870361,0.233724493537,-0.194650376824,decay
38.39,left,0.428357105047,0.233715390542,-0.194641714505,decay
38.4,left,0.428316012706,0.233706556706,-0.194609456,decay
38.41,left,0.42825331662,0.233697985724,-0.194555330896,decay
38.42,left,0.428171287602,0.233689666563,-0.19448162104,decay
38.43,left,0.428072336215,0.233681582936,-0.194390753279,decay
38.44,left,0.427958837352,0.233673713363,-0.19428512399,decay
38.45,left,0.427833078484,0.2336660316,-0.194167046884,decay
38.46,left,0.427697183851,0.233658507109,-0.194038676742,decay
38.47,left,0.427553141572,0.233651105422,-0.193902036151,decay
38.48,left,0.427402933577,0.233643788404,-0.193759145173,decay
38.49,left,0.42724848314,0.233636514428,-0.193611968712,decay
38.5,left,0.427091389464,0.233629238473,-0.193462150992,decay
38.51,left,0.426932842545,0.233621912153,-0.193310930392,decay
38.52,left,0.42677391555,0.233614483778,-0.193159431772,decay
38.53,left,0.426616022498,0.233606898643,-0.193009123855,decay
38.54,left,0.4264613463,0.233599099759,-0.192862246541,decay
38.55,left,0.426313065069,0.233591028909,-0.19272203616,decay
38.56,left,0.426175113463,0.233582627841,-0.192592485622,decay
38.57,left,0.426051544713,0.233573839533,-0.19247770518,decay
38.58,left,0.425945938745,0.233564609567,-0.192381329177,decay
38.59,left,0.425861085946,0.233554887632,-0.192306198315,decay
38.6,left,0.425798879272,0.233544629212,-0.19225425006,decay
38.61,left,0.425760418117,0.233533797485,-0.192226620631,decay
38.62,left,0.425746281237,0.233522365192,-0.192223916045,decay
38.63,left,0.42575669185,0.233510315602,-0.192246376248,decay
38.64,left,0.425791431089,0.233497641944,-0.192293789145,decay
38.65,left,0.425849752923,0.233484345788,-0.192365407135,decay
38.66,left,0.425930495323,0.2334704353,-0.192460060024,decay
38.67,left,0.426032243294,0.233455923728,-0.192576319565,decay
38.68,left,0.426153523239,0.233440828125,-0.192712695114,decay
38.69,left,0.426293172526,0.233425168271,-0.192868004255,decay
38.7,left,0.426450685631,0.233408965801,-0.193041719829,decay
38.71,left,0.426626223685,0.233392243493,-0.193233980192,decay
38.72,left,0.426820393039,0.233375024724,-0.193445368315,decay
38.73,left,0.427034005835,0.233357333113,-0.193676672722,decay
38.74,left,0.42726776012,0.233339192347,-0.193928567774,decay
38.75,left,0.42752182551,0.233320626187,-0.194201199323,decay
38.76,left,0.427795482726,0.233301658596,-0.19449382413,decay
38.77,left,0.428086820093,0.233282313977,-0.194804506116,decay
38.78,left,0.428392499923,0.233262617527,-0.195129882396,decay
38.79,left,0.428707884189,0.233242595685,-0.195465288504,decay
38.8,left,0.429027633491,0.233222276706,-0.195805356785,decay
38.81,left,0.429346353967,0.233201691327,-0.196144662641,decay
38.82,left,0.429658946725,0.233180873439,-0.196478073286,decay
38.83,left,0.429960801256,0.233159860368,-0.196800940887,decay
38.84,left,0.430247901538,0.233138692486,-0.197109209052,decay
38.85,left,0.430516715994,0.233117412343,-0.197399303651,decay
38.86,left,0.430764019806,0.233096063711,-0.197667956095,decay
38.87,left,0.430986849547,0.233074690646,-0.197912158901,decay
38.88,left,0.431182452731,0.233053336583,-0.198129116148,decay
38.89,left,0.431348159064,0.233032043418,-0.198316115645,decay
38.9,left,0.431481379811,0.233010850574,-0.198470529237,decay
38.91,left,0.43157974764,0.232989793996,-0.198589953644,decay
38.92,left,0.431641142313,0.232968905235,-0.198672237078,decay
38.93,left,0.431663591535,0.232948211064,-0.198715380471,decay
38.94,left,0.43164528584,0.232927733974,-0.198717551866,decay
38.95,left,0.431584719963,0.232907493281,-0.198677226682,decay
38.96,left,0.431480866827,0.232887506361,-0.198593360466,decay
38.97,left,0.43133348088,0.232867789798,-0.198465691082,decay
38.98,left,0.431143468549,0.232848360468,-0.198295108081,decay
38.99,left,0.430913036187,0.232829236553,-0.198083799634,decay
39,left,0.430645605906,0.232810438505,-0.197835167401,decay
39.01,left,0.430345681761,0.232791989971,-0.19755369179,decay
39.02,left,0.430018607712,0.232773918574,-0.197244689138,decay
39.03,left,0.429670165599,0.232756256237,-0.196913909362,decay
39.04,left,0.429306260007,0.23273903879,-0.196567221217,decay
39.05,left,0.428932803555,0.232722305035,-0.19621049852,decay
39.06,left,0.42855550087,0.232706095599,-0.195849405271,decay
39.07,left,0.428179400534,0.232690451675,-0.195488948859,decay
39.08,left,0.427808563474,0.232675413642,-0.195133149831,decay
39.09,left,0.427446019762,0.232661019536,-0.194785000226,decay
39.1,left,0.427093830734,0.232647303319,-0.194446527415,decay
39.11,left,0.426753280037,0.232634292935,-0.194118987103,decay
39.12,left,0.426425278027,0.232622008378,-0.19380326965,decay
39.13,left,0.426110728099,0.232610460647,-0.193500267452,decay
39.14,left,0.425810728813,0.232599652225,-0.193211076588,decay
39.15,left,0.425526822534,0.232589578579,-0.192937243955,decay
39.16,left,0.425261212296,0.232580229787,-0.19268098251,decay
39.17,left,0.425016610514,0.232571591919,-0.192445018596,decay
39.18,left,0.424795786823,0.232563648175,-0.192232138648,decay
39.19,left,0.424601114463,0.232556379802,-0.192044734661,decay
39.2,left,0.424434162944,0.232549766799,-0.191884396145,decay
39.21,left,0.424295373865,0.232543788439,-0.191751585426,decay
39.22,left,0.42418406893,0.232538423549,-0.191645645381,decay
39.23,left,0.424098848706,0.232533650384,-0.191565198322,decay
39.24,left,0.424038116451,0.232529445945,-0.191508670507,decay
39.25,left,0.424000583506,0.232525784858,-0.191474798648,decay
39.26,left,0.423985697285,0.23252263798,-0.191463059306,decay
39.27,left,0.423993682981,0.232519970801,-0.19147371218,decay
39.28,left,0.424025006632,0.232517741641,-0.191507264991,decay
39.29,left,0.424079520237,0.232515899601,-0.191563620635,decay
39.3,left,0.424155661531,0.232514382269,-0.191641279262,decay
39.31,left,0.424249950412,0.23251311314,-0.191736837273,decay
39.32,left,0.424357023148,0.232511999214,-0.191845023934,decay
39.33,left,0.424470340405,0.232510930248,-0.191959410156,decay
39.34,left,0.424583236324,0.232509780787,-0.192073455537,decay
39.35,left,0.424689735818,0.232508414182,-0.192181321636,decay
39.36,left,0.424784987857,0.232506687153,-0.192278300704,decay
39.37,left,0.424865443058,0.232504454348,-0.19236098871,decay
39.38,left,0.424928674251,0.232501572964,-0.192427101288,decay
39.39,left,0.424972829334,0.232497907532,-0.192474921802,decay
39.4,left,0.424996106282,0.232493334989,-0.192502771293,decay
39.41,left,0.424996529295,0.232487750129,-0.192508779166,decay
39.42,left,0.424971964443,0.232481070899,-0.192490893545,decay
39.43,left,0.424920349243,0.23247324149,-0.192447107753,decay
39.44,left,0.424840093504,0.232464231738,-0.192375861766,decay
39.45,left,0.424730356907,0.232454034018,-0.192276322889,decay
39.46,left,0.42459107351,0.232442659811,-0.192148413698,decay
39.47,left,0.42442299003,0.232430136802,-0.191992853228,decay
39.48,left,0.424227818004,0.232416506512,-0.191811311492,decay
39.49,left,0.424008265047,0.232401822457,-0.19160644259,decay
39.5,left,0.423767951114,0.232386148762,-0.191381802352,decay
39.51,left,0.423511447696,0.232369559211,-0.191141888486,decay
39.52,left,0.423244290427,0.232352136524,-0.190892153903,decay
39.53,left,0.422972615973,0.232333971282,-0.190638644691,decay
39.54,left,0.422702497997,0.232315160045,-0.190387337952,decay
39.55,left,0.422439245245,0.232295802942,-0.190143442303,decay
39.56,left,0.42218678664,0.232276001211,-0.189910785429,decay
39.57,left,0.421947413281,0.232255854888,-0.189691558393,decay
39.58,left,0.421722109252,0.232235460575,-0.189486648677,decay
39.59,left,0.421511156984,0.232214909257,-0.189296247728,decay
39.6,left,0.421314523195,0.232194284076,-0.189120239119,decay
39.61,left,0.421131961194,0.232173658035,-0.188958303159,decay
39.62,left,0.420962977479,0.232153091817,-0.188809885661,decay
39.63,left,0.420806668011,0.232132632523,-0.188674035489,decay
39.64,left,0.42066156801,0.232112313897,-0.188549254112,decay
39.65,left,0.420525843742,0.232092157579,-0.188433686163,decay
39.66,left,0.420397724388,0.232072174501,-0.188325549887,decay
39.67,left,0.420275710165,0.232052366124,-0.188223344041,decay
39.68,left,0.420158493142,0.232032725463,-0.18812576768,decay
39.69,left,0.420044826873,0.232013237944,-0.188031588929,decay
39.7,left,0.41993340458,0.231993882105,-0.187939522475,decay
39.71,left,0.419822878853,0.231974630133,-0.18784824872,decay
39.72,left,0.419712266371,0.231955448371,-0.187756818,decay
39.73,left,0.419601595144,0.231936298051,-0.187665297093,decay
39.74,left,0.41949238046,0.231917136487,-0.187575243974,decay
39.75,left,0.419387726376,0.231897918599,-0.187489807777,decay
39.76,left,0.41929196619,0.231878598528,-0.187413367661,decay
39.77,left,0.419209741813,0.231859131264,-0.187350610549,decay
39.78,left,0.419144796107,0.231839474307,-0.1873053218,decay
39.79,left,0.419099168963,0.23181958941,-0.187279579552,decay
39.8,left,0.41907312293,0.231799444438,-0.187273678492,decay
39.81,left,0.419065433875,0.231779015374,-0.187286418501,decay
39.82,left,0.419073711795,0.231758288262,-0.187315423533,decay
39.83,left,0.419094722019,0.231737260286,-0.187357461734,decay
39.84,left,0.419124580828,0.231715939398,-0.18740864143,decay
39.85,left,0.419158794249,0.23169434296,-0.187464451289,decay
39.86,left,0.41919243423,0.231672496219,-0.187519938011,decay
39.87,left,0.419220570207,0.231650430951,-0.187570139256,decay
39.88,left,0.41923871833,0.231628184271,-0.187610534059,decay
39.89,left,0.419243167448,0.23160579758,-0.187637369869,decay
39.9,left,0.419231211546,0.231583315626,-0.18764789592,decay
39.91,left,0.419201164461,0.231560785656,-0.187640378805,decay
39.92,left,0.419152011527,0.23153825665,-0.187613754876,decay
39.93,left,0.419082947613,0.231515778698,-0.187567168915,decay
39.94,left,0.418993198315,0.231493402546,-0.187499795769,decay
39.95,left,0.418882118757,0.231471179261,-0.187410939497,decay
39.96,left,0.418749399119,0.231449159896,-0.187300239223,decay
39.97,left,0.418595441746,0.231427395132,-0.187168046614,decay
39.98,left,0.418421874901,0.231405934858,-0.187015940043,decay
39.99,left,0.418231915633,0.231384827672,-0.186847087961,decay
40,left,0.41803050223,0.231364120288,-0.186666381942,decay
40.01,left,0.417824297012,0.231343856823,-0.186480440189,decay
40.02,left,0.417621423683,0.231324078048,-0.186297345635,decay
40.03,left,0.417430828065,0.231304820884,-0.186126007182,decay
40.04,left,0.417261484198,0.23128611838,-0.185975365818,decay
40.05,left,0.417121583149,0.231267999966,-0.185853583184,decay
40.06,left,0.41701763099,0.231250491658,-0.185767139332,decay
40.07,left,0.416953682484,0.231233616077,-0.185720066407,decay
40.08,left,0.416931167867,0.231217392255,-0.185713775612,decay
40.09,left,0.416949329416,0.231201835229,-0.185747494187,decay
40.1,left,0.417005943727,0.231186955407,-0.18581898832,decay
40.11,left,0.417098203755,0.231172757695,-0.18592544606,decay
40.12,left,0.417223570265,0.231159240528,-0.186064329738,decay
40.13,left,0.417380203052,0.231146395303,-0.186233807749,decay
40.14,left,0.417566932554,0.231134206597,-0.186432725957,decay
40.15,left,0.417782988396,0.231122652868,-0.186660335528,decay
40.16,left,0.41802746917,0.231111707134,-0.186915762035,decay
40.17,left,0.418298562835,0.231101337431,-0.187197225403,decay
40.18,left,0.418592897763,0.231091507028,-0.187501390734,decay
40.19,left,0.41890541256,0.231082174433,-0.187823238127,decay
40.2,left,0.4192297581,0.23107329318,-0.18815646492,decay
40.21,left,0.419559090159,0.231064811418,-0.188494278741,decay
40.22,left,0.41988710875,0.23105667146,-0.18883043729,decay
40.23,left,0.420208923371,0.231048809801,-0.189160113569,decay
40.24,left,0.420521270777,0.231041158009,-0.189480112768,decay
40.25,left,0.420822189411,0.231033644203,-0.189788545208,decay
40.26,left,0.42111058216,0.23102619468,-0.19008438748,decay
40.27,left,0.421385810234,0.231018735476,-0.190367074758,decay
40.28,left,0.421647338409,0.231011193923,-0.190636144486,decay
40.29,left,0.421894543198,0.231003500214,-0.190891042984,decay
40.3,left,0.422126637206,0.230995589049,-0.191131048157,decay
40.31,left,0.422342600341,0.230987401377,-0.191355198964,decay
40.32,left,0.422541280875,0.2309788861,-0.191562394775,decay
40.33,left,0.422721808637,0.230970001142,-0.191751807495,decay
40.34,left,0.422884019913,0.230960713457,-0.191923306456,decay
40.35,left,0.423028544029,0.230950998332,-0.192077545698,decay
40.36,left,0.423156672966,0.230940838636,-0.19221583433,decay
40.37,left,0.423270242952,0.230930224277,-0.192340018676,decay
40.38,left,0.423371443913,0.230919151869,-0.192452292045,decay
40.39,left,0.423462526981,0.230907624639,-0.192554902342,decay
40.4,left,0.423545542407,0.230895652535,-0.192649889872,decay
40.41,left,0.423622044674,0.230883252568,-0.192738792106,decay
40.42,left,0.423692753787,0.230870449209,-0.192822304578,decay
40.43,left,0.423757462513,0.230857274365,-0.192900188148,decay
40.44,left,0.423815266955,0.230843766553,-0.192971500402,decay
40.45,left,0.423864808122,0.230829969527,-0.193034838594,decay
40.46,left,0.42390436469,0.230815930846,-0.193088433844,decay
40.47,left,0.423931880688,0.230801700555,-0.193130180133,decay
40.48,left,0.423944879226,0.230787329969,-0.193157549257,decay
40.49,left,0.423940229259,0.230772870523,-0.193167358735,decay
40.5,left,0.423914095853,0.230758372658,-0.193155723195,decay
40.51,left,0.423862398782,0.230743884716,-0.193118514066,decay
40.52,left,0.423781547682,0.230729451893,-0.193052095789,decay
40.53,left,0.423669018744,0.230715115459,-0.192953903285,decay
40.54,left,0.423523674678,0.230700912429,-0.192822762248,decay
40.55,left,0.423345827754,0.230686875503,-0.192658952251,decay
40.56,left,0.423137029686,0.230673033023,-0.192463996662,decay
40.57,left,0.422899839484,0.230659408834,-0.192240430651,decay
40.58,left,0.422637834436,0.230646022012,-0.191991812424,decay
40.59,left,0.422355758399,0.230632886481,-0.191722871919,decay
40.6,left,0.422059609886,0.230620010467,-0.191439599419,decay
40.61,left,0.421756637944,0.230607395819,-0.191149242125,decay
40.62,left,0.421455133083,0.230595037286,-0.190860095797,decay
40.63,left,0.421163850111,0.230582922187,-0.190580927924,decay
40.64,left,0.420891241885,0.23057103077,-0.190320211115,decay
40.65,left,0.420644867146,0.230559337047,-0.190085530099,decay
40.66,left,0.420430975579,0.230547809658,-0.189883165921,decay
40.67,left,0.4202541066,0.230536412631,-0.189717693969,decay
40.68,left,0.420116869506,0.230525106009,-0.189591763497,decay
40.69,left,0.420020037924,0.2305138464,-0.189506191524,decay
40.7,left,0.419962734062,0.230502587438,-0.189460146623,decay
40.71,left,0.419942606018,0.230491280189,-0.189451325829,decay
40.72,left,0.419956109413,0.230479873572,-0.189476235842,decay
40.73,left,0.41999878719,0.230468314979,-0.189530472211,decay
40.74,left,0.420065409521,0.230456551261,-0.18960885826,decay
40.75,left,0.420150211231,0.230444529989,-0.189705681241,decay
40.76,left,0.420247495107,0.23043220086,-0.189815294247,decay
40.77,left,0.42035238095,0.230419517211,-0.189932863739,decay
40.78,left,0.420461303938,0.230406437665,-0.190054866273,decay
40.79,left,0.420572174872,0.230392927953,-0.190179246919,decay
40.8,left,0.420684205699,0.230378962938,-0.190305242762,decay
40.81,left,0.420797412741,0.230364528905,-0.190432883836,decay
40.82,left,0.420912146934,0.230349625783,-0.19056252115,decay
40.83,left,0.421028997723,0.230334268241,-0.190694729482,decay
40.84,left,0.421148908078,0.23031848485,-0.190830423228,decay
40.85,left,0.421273227249,0.230302315927,-0.190970911321,decay
40.86,left,0.421403643348,0.230285811153,-0.191117832195,decay
40.87,left,0.421541856829,0.230269027397,-0.191272829432,decay
40.88,left,0.42168891029,0.230252026744,-0.191436883546,decay
40.89,left,0.421844476684,0.230234874664,-0.19160960202,decay
40.9,left,0.422006430926,0.230217638302,-0.191788792624,decay
40.91,left,0.422170695305,0.230200384825,-0.19197031048,decay
40.92,left,0.422331339232,0.230183179863,-0.192148159369,decay
40.93,left,0.42248110271,0.230166086237,-0.192315016472,decay
40.94,left,0.422612283049,0.230149163105,-0.192463119945,decay
40.95,left,0.422717614419,0.23013246536,-0.192585149058,decay
40.96,left,0.422791009729,0.230116043035,-0.192674966694,decay
40.97,left,0.422828254472,0.230099940571,-0.1927283139,decay
40.98,left,0.422827439677,0.230084195936,-0.192743243742,decay
40.99,left,0.422788872693,0.230068839555,-0.192720033138,decay
41,left,0.422714628717,0.23005389304,-0.192660735677,decay
41.01,left,0.422608008041,0.230039367674,-0.192568640368,decay
41.02,left,0.422473006965,0.230025262919,-0.192447744046,decay
41.03,left,0.422313977534,0.230011565829,-0.192302411705,decay
41.04,left,0.422135566299,0.229998252015,-0.192137314284,decay
41.05,left,0.42194261987,0.229985287676,-0.191957332194,decay
41.06,left,0.421739709361,0.229972631811,-0.19176707755,decay
41.07,left,0.421530463953,0.229960238253,-0.1915702257,decay
41.08,left,0.421317199344,0.229948057547,-0.191369141797,decay
41.09,left,0.421100992295,0.229936038714,-0.191164953581,decay
41.1,left,0.420882125811,0.22992413093,-0.190957994881,decay
41.11,left,0.420660876569,0.229912285171,-0.190748591398,decay
41.12,left,0.420438381932,0.229900455751,-0.190537926181,decay
41.13,left,0.420217190492,0.22988860143,-0.190328589062,decay
41.14,left,0.420001434332,0.229876685885,-0.190124748448,decay
41.15,left,0.419796698232,0.229864677739,-0.189932020494,decay
41.16,left,0.419609491992,0.229852550523,-0.18975694147,decay
41.17,left,0.41944643614,0.229840282732,-0.189606153408,decay
41.18,left,0.419313635143,0.229827857984,-0.18948577716,decay
41.19,left,0.419216457758,0.229815265294,-0.189401192463,decay
41.2,left,0.419159444438,0.229802499482,-0.189356944956,decay
41.21,left,0.419146148848,0.2297895617,-0.189356587148,decay
41.22,left,0.419179041467,0.229776459951,-0.189402581516,decay
41.23,left,0.419259508009,0.229763209067,-0.189496298942,decay
41.24,left,0.419387892252,0.229749829765,-0.189638062487,decay
41.25,left,0.419563738695,0.22973634706,-0.189827391635,decay
41.26,left,0.41978619488,0.229722788541,-0.19006340634,decay
41.27,left,0.420054138025,0.229709182682,-0.190344955343,decay
41.28,left,0.420365878957,0.229695557205,-0.190670321752,decay
41.29,left,0.420718752043,0.229681937426,-0.191036814617,decay
41.3,left,0.421108801581,0.229668344579,-0.191440457002,decay
41.31,left,0.421530651087,0.229654794068,-0.191875857018,decay
41.32,left,0.421977718276,0.229641293824,-0.192336424452,decay
41.33,left,0.42244271609,0.229627843344,-0.192814872747,decay
41.34,left,0.42291806605,0.229614433874,-0.193303632176,decay
41.35,left,0.423396047934,0.229601049372,-0.193794998562,decay
41.36,left,0.423868912442,0.229587667633,-0.194281244809,decay
41.37,left,0.424329115614,0.229574261334,-0.19475485428,decay
41.38,left,0.424769595826,0.229560798997,-0.195208796829,decay
41.39,left,0.425184111309,0.229547245894,-0.195636865415,decay
41.4,left,0.425567610196,0.229533564913,-0.196034045283,decay
41.41,left,0.425916321572,0.22951971741,-0.196396604161,decay
41.42,left,0.426227482446,0.229505664055,-0.196721818391,decay
41.43,left,0.426499048422,0.229491365635,-0.197007682787,decay
41.44,left,0.426729588995,0.229476783819,-0.197252805176,decay
41.45,left,0.42691828735,0.229461881911,-0.197456405438,decay
41.46,left,0.427065062571,0.229446625687,-0.197618436885,decay
41.47,left,0.427170822251,0.229430984337,-0.197739837914,decay
41.48,left,0.427237565672,0.229414931567,-0.197822634104,decay
41.49,left,0.427268178052,0.229398446855,-0.197869731197,decay
41.5,left,0.427266236878,0.229381516904,-0.197884719975,decay
41.51,left,0.427236066467,0.229364137326,-0.197871929141,decay
41.52,left,0.42718278324,0.22934631429,-0.19783646895,decay
41.53,left,0.427112144073,0.229328065301,-0.197784078772,decay
41.54,left,0.427030331571,0.22930941847,-0.197720913102,decay
41.55,left,0.426943656779,0.229290410746,-0.197653246033,decay
41.56,left,0.426858070705,0.229271085991,-0.197586984714,decay
41.57,left,0.426778645051,0.229251493216,-0.197527151834,decay
41.58,left,0.426709188028,0.229231684985,-0.197477503043,decay
41.59,left,0.426651982064,0.229211715936,-0.197440266129,decay
41.6,left,0.426607743649,0.229191641392,-0.197416102257,decay
41.61,left,0.426575947475,0.229171516026,-0.197404431449,decay
41.62,left,0.426555285736,0.229151392659,-0.197403893077,decay
41.63,left,0.426543863248,0.229131321541,-0.197412541708,decay
41.64,left,0.426539166906,0.229111350365,-0.19742781654,decay
41.65,left,0.426538134265,0.229091524806,-0.197446609459,decay
41.66,left,0.426537349282,0.22907188916,-0.197465460122,decay
41.67,left,0.426533313481,0.22905248695,-0.197480826531,decay
41.68,left,0.426522926429,0.229033361471,-0.197489564959,decay
41.69,left,0.426504002567,0.229014556264,-0.197489446303,decay
41.7,left,0.426475417837,0.228996115538,-0.197479302299,decay
41.71,left,0.426436909459,0.228978084507,-0.197458824952,decay
41.72,left,0.42638878639,0.228960509574,-0.197428276816,decay
41.73,left,0.426331604474,0.228943438038,-0.197388166437,decay
41.74,left,0.426265941546,0.228926917115,-0.197339024431,decay
41.75,left,0.426192535041,0.228910992404,-0.197281542637,decay
41.76,left,0.42611266712,0.228895706044,-0.197216961076,decay
41.77,left,0.426028373062,0.228881094667,-0.197147278395,decay
41.78,left,0.425942341319,0.228867187102,-0.197075154217,decay
41.79,left,0.425857669898,0.228854001779,-0.197003668119,decay
41.8,left,0.425777495055,0.228841543801,-0.196935951254,decay
41.81,left,0.425704488578,0.228829801617,-0.196874686961,decay
41.82,left,0.425640492909,0.228818743812,-0.196821749097,decay
41.83,left,0.425586436909,0.228808317692,-0.196778119216,decay
41.84,left,0.425542346129,0.228798450957,-0.196743895172,decay
41.85,left,0.425507424115,0.228789055507,-0.196718368608,decay
41.86,left,0.425480328908,0.228780031663,-0.196700297245,decay
41.87,left,0.425459497155,0.228771272152,-0.196688225003,decay
41.88,left,0.425443322311,0.228762665874,-0.196680656437,decay
41.89,left,0.425430257437,0.228754101545,-0.196676155892,decay
41.9,left,0.425418926545,0.228745471302,-0.196673455244,decay
41.91,left,0.425408120813,0.228736674341,-0.196671446472,decay
41.92,left,0.425396609745,0.228727620362,-0.196668989383,decay
41.93,left,0.425382984043,0.228718231856,-0.196664752187,decay
41.94,left,0.425365674312,0.228708444515,-0.196657229798,decay
41.95,left,0.425342997042,0.228698206396,-0.196644790646,decay
41.96,left,0.425313208488,0.228687476899,-0.196625731589,decay
41.97,left,0.425274661357,0.228676225992,-0.196598435365,decay
41.98,left,0.425225903374,0.228664433741,-0.196561469633,decay
41.99,left,0.425165602628,0.228652090118,-0.19651351251,decay
42,left,0.425092462769,0.228639195108,-0.196453267661,decay
42.01,left,0.425005208964,0.22862575911,-0.196379449854,decay
42.02,left,0.424902597902,0.228611803425,-0.196290794477,decay
42.03,left,0.424783589851,0.228597360147,-0.196186229703,decay
42.04,left,0.424647826241,0.228582470957,-0.196065355284,decay
42.05,left,0.42449614844,0.228567185156,-0.195928963284,decay
42.06,left,0.424330829528,0.228551557627,-0.195779271901,decay
42.07,left,0.424155595651,0.228535646957,-0.195619948694,decay
42.08,left,0.423975474753,0.228519513695,-0.195455961058,decay
42.09,left,0.4237962236,0.228503218727,-0.195293004873,decay
42.1,left,0.423623404702,0.228486821699,-0.195136583003,decay
42.11,left,0.423461553587,0.22847037947,-0.194991174117,decay
42.12,left,0.423313623778,0.228453944683,-0.194859679095,decay
42.13,left,0.42318071129,0.228437564866,-0.194743146424,decay
42.14,left,0.423062267145,0.228421282362,-0.194640984783,decay
42.15,left,0.422956853647,0.228405134824,-0.194551718823,decay
42.16,left,0.422863032233,0.228389155819,-0.194473876414,decay
42.17,left,0.42278001102,0.228373375341,-0.194406635679,decay
42.18,left,0.422707974857,0.228357820239,-0.194350154618,decay
42.19,left,0.422647956991,0.228342514532,-0.194305442459,decay
42.2,left,0.42260119174,0.228327479629,-0.194273712111,decay
42.21,left,0.422568388321,0.228312734448,-0.194255653874,decay
42.22,left,0.422549420252,0.228298295429,-0.194251124823,decay
42.23,left,0.422543328678,0.22828417649,-0.194259152188,decay
42.24,left,0.422548317883,0.228270388928,-0.194277928955,decay
42.25,left,0.422561725576,0.228256941248,-0.194304784327,decay
42.26,left,0.422579970874,0.228243838888,-0.194336131986,decay
42.27,left,0.422598447641,0.228231083799,-0.194367363842,decay
42.28,left,0.422611611117,0.228218673896,-0.194392937221,decay
42.29,left,0.422613456377,0.228206602349,-0.194406854028,decay
42.3,left,0.42259821033,0.228194856714,-0.194403353615,decay
42.31,left,0.422561071182,0.228183417894,-0.194377653288,decay
42.32,left,0.422499017256,0.228172259118,-0.194326758138,decay
42.33,left,0.422411500173,0.22816134559,-0.194250154583,decay
42.34,left,0.422300644932,0.228150635287,-0.194150009645,decay
42.35,left,0.422170948486,0.22814008057,-0.194030867916,decay
42.36,left,0.422028813848,0.228129629951,-0.193899183897,decay
42.37,left,0.421882007817,0.228119229786,-0.193762778031,decay
42.38,left,0.421738941448,0.22810882591,-0.193630115537,decay
42.39,left,0.421607891636,0.228098365249,-0.193509526387,decay
42.4,left,0.421496263533,0.228087797447,-0.193408466086,decay
42.41,left,0.421409818637,0.228077076559,-0.193332742078,decay
42.42,left,0.42135201252,0.228066162643,-0.193285849877,decay
42.43,left,0.421323743367,0.228055022714,-0.193268720653,decay
42.44,left,0.421323518215,0.228043630638,-0.193279887577,decay
42.45,left,0.421347857857,0.228031966317,-0.193315891539,decay
42.46,left,0.42139190914,0.228020014751,-0.193371894389,decay
42.47,left,0.421450216693,0.228007765235,-0.193442451458,decay
42.48,left,0.42151735143,0.227995210691,-0.193522140739,decay
42.49,left,0.421588187715,0.227982347138,-0.193605840577,decay
42.5,left,0.421658019223,0.227969173282,-0.193688845942,decay
42.51,left,0.421722721458,0.227955690229,-0.193767031229,decay
42.52,left,0.421778996829,0.227941901298,-0.193837095531,decay
42.53,left,0.421824783305,0.227927811879,-0.193896971427,decay
42.54,left,0.421859710987,0.227913429294,-0.193946281693,decay
42.55,left,0.421885154975,0.227898762696,-0.193986392279,decay
42.56,left,0.421903701116,0.227883823044,-0.194019878073,decay
42.57,left,0.421918337703,0.227868623166,-0.194049714536,decay
42.58,left,0.421931649412,0.227853177942,-0.194078471469,decay
42.59,left,0.421945087781,0.227837504562,-0.194107583219,decay
42.6,left,0.421958525528,0.227821622895,-0.194136902633,decay
42.61,left,0.421970333085,0.22780555596,-0.194164777125,decay
42.62,left,0.421977852782,0.227789330383,-0.194188522399,decay
42.63,left,0.421977997668,0.22777297655,-0.194205021118,decay
42.64,left,0.421967944131,0.227756528187,-0.194211415944,decay
42.65,left,0.42194584515,0.227740021548,-0.194205823601,decay
42.66,left,0.421911230882,0.227723494522,-0.19418773636,decay
42.67,left,0.421864992191,0.22770698576,-0.194158006431,decay
42.68,left,0.421809210293,0.227690533832,-0.194118676462,decay
42.69,left,0.421746926174,0.227674176362,-0.194072749812,decay
42.7,left,0.421681772474,0.227657949151,-0.194023823323,decay
42.71,left,0.421617598778,0.227641885235,-0.193975713543,decay
42.72,left,0.421558182981,0.227626013959,-0.193932169023,decay
42.73,left,0.42150689153,0.227610360309,-0.193896531221,decay
42.74,left,0.421466314428,0.227594944699,-0.193871369729,decay
42.75,left,0.42143808491,0.227579783028,-0.193858301882,decay
42.76,left,0.421422824709,0.227564886745,-0.193857937964,decay
42.77,left,0.421420035151,0.227550262778,-0.193869772372,decay
42.78,left,0.421428145793,0.227535913336,-0.193892232457,decay
42.79,left,0.421444955592,0.227521835557,-0.193923120035,decay
42.8,left,0.421468166703,0.227508021017,-0.193960145686,decay
42.81,left,0.421495700985,0.227494455077,-0.194001245908,decay
42.82,left,0.421525918864,0.227481116225,-0.194044802639,decay
42.83,left,0.421557744551,0.227467975906,-0.194089768645,decay
42.84,left,0.421590492248,0.227454999207,-0.194135493041,decay
42.85,left,0.421623502062,0.227442146137,-0.194181355925,decay
42.86,left,0.421655819985,0.227429373014,-0.194226446971,decay
42.87,left,0.421685955099,0.227416633786,-0.194269321313,decay
42.88,left,0.421711865482,0.227403881286,-0.194307984196,decay
42.89,left,0.421731415834,0.22739106847,-0.194340347364,decay
42.9,left,0.421743086324,0.227378149651,-0.194364936674,decay
42.91,left,0.421746376745,0.227365081778,-0.194381294967,decay
42.92,left,0.421741757641,0.227351825672,-0.194389931969,decay
42.93,left,0.421730425281,0.227338346937,-0.194392078345,decay
42.94,left,0.421713917898,0.227324616307,-0.194389301591,decay
42.95,left,0.421693548836,0.227310609652,-0.194382939185,decay
42.96,left,0.421669925228,0.22729630797,-0.194373617258,decay
42.97,left,0.421642801771,0.227281697522,-0.194361104249,decay
42.98,left,0.421611182281,0.227266770119,-0.194344412162,decay
42.99,left,0.421573600484,0.22725152358,-0.194322076904,decay
43,left,0.421528572996,0.22723596236,-0.194292610636,decay
43.01,left,0.421475003802,0.227220098365,-0.194254905437,decay
43.02,left,0.421412374339,0.227203951753,-0.194208422586,decay
43.03,left,0.421340862915,0.227187551067,-0.194153311847,decay
43.04,left,0.421261535912,0.227170932212,-0.1940906037,decay
43.05,left,0.421176537677,0.227154136612,-0.194022401065,decay
43.06,left,0.42108923208,0.227137209219,-0.193952022861,decay
43.07,left,0.4210043501,0.227120196583,-0.193884153518,decay
43.08,left,0.42092797815,0.22710314499,-0.19382483316,decay
43.09,left,0.420867131191,0.227086098614,-0.193781032578,decay
43.1,left,0.420829066247,0.227069097646,-0.193759968602,decay
43.11,left,0.420820642633,0.227052176359,-0.193768466274,decay
43.12,left,0.420847696518,0.227035361324,-0.193812335194,decay
43.13,left,0.420914432857,0.227018670543,-0.193895762314,decay
43.14,left,0.421023130855,0.227002114075,-0.19402101678,decay
43.15,left,0.421174204073,0.226985695705,-0.194188508368,decay
43.16,left,0.421366328819,0.22696941485,-0.194396913969,decay
43.17,left,0.421596584218,0.226953268395,-0.194643315824,decay
43.18,left,0.421860682572,0.226937252448,-0.194923430123,decay
43.19,left,0.422153089571,0.226921364056,-0.195231725516,decay
43.2,left,0.422466911524,0.226905602892,-0.195561308632,decay
43.21,left,0.422793894448,0.226889972965,-0.195903921484,decay
43.22,left,0.423124794272,0.226874484161,-0.196250310111,decay
43.23,left,0.423449906573,0.226859153043,-0.19659075353,decay
43.24,left,0.423759643679,0.226844002454,-0.196915641225,decay
43.25,left,0.424045267202,0.226829060275,-0.197216206927,decay
43.26,left,0.424299538366,0.226814357925,-0.197485180442,decay
43.27,left,0.424516950376,0.226799928845,-0.197717021531,decay
43.28,left,0.424693700467,0.226785806959,-0.197907893509,decay
43.29,left,0.424827692264,0.226772025065,-0.198055667198,decay
43.3,left,0.424918540155,0.22675861314,-0.198159927015,decay
43.31,left,0.424967503161,0.226745596505,-0.198221906656,decay
43.32,left,0.424977382442,0.226732994023,-0.19824438842,decay
43.33,left,0.424952251777,0.226720816862,-0.198231434915,decay
43.34,left,0.424896869759,0.226709068264,-0.198187801495,decay
43.35,left,0.424816017974,0.226697743947,-0.198118274027,decay
43.36,left,0.424714101717,0.22668683257,-0.198027269147,decay
43.37,left,0.424594967692,0.226676315992,-0.1979186517,decay
43.38,left,0.424461873291,0.226666169319,-0.197795703971,decay
43.39,left,0.424317761054,0.226656360751,-0.197661400303,decay
43.4,left,0.424165704317,0.226646851221,-0.197518853095,decay
43.41,left,0.424009185055,0.226637593842,-0.197371591213,decay
43.42,left,0.42385223388,0.22662853335,-0.19722370053,decay
43.43,left,0.423699535919,0.22661960622,-0.197079929699,decay
43.44,left,0.423556310123,0.226610741924,-0.196945568199,decay
43.45,left,0.423427923815,0.226601865023,-0.196826058793,decay
43.46,left,0.423319492559,0.226592897455,-0.196726595103,decay
43.47,left,0.423235481103,0.226583760824,-0.196651720278,decay
43.48,left,0.423179078372,0.226574378687,-0.196604699685,decay
43.49,left,0.423151414525,0.226564678929,-0.196586735597,decay
43.5,left,0.42315096975,0.226554596259,-0.196596373491,decay
43.51,left,0.423173364141,0.226544074905,-0.196629289236,decay
43.52,left,0.423211601821,0.226533071201,-0.19667853062,decay
43.53,left,0.423256888354,0.226521555096,-0.196735333258,decay
43.54,left,0.423299851776,0.226509509817,-0.196790341959,decay
43.55,left,0.423331676667,0.226496930286,-0.196834746381,decay
43.56,left,0.423344884771,0.226483821369,-0.196861063403,decay
43.57,left,0.423333770833,0.226470196375,-0.196863574458,decay
43.58,left,0.423294461458,0.22645607583,-0.196838385628,decay
43.59,left,0.423224663706,0.226441486485,-0.196783177221,decay
43.6,left,0.423123404758,0.22642646055,-0.196696944209,decay
43.61,left,0.422990949284,0.226411035135,-0.196579914149,decay
43.62,left,0.42282872377,0.226395251816,-0.196433471954,decay
43.63,left,0.422639106085,0.226379156123,-0.196259949962,decay
43.64,left,0.422425252185,0.226362796799,-0.196062455386,decay
43.65,left,0.422191050224,0.226346224899,-0.195844825325,decay
43.66,left,0.421941074772,0.226329492915,-0.195611581856,decay
43.67,left,0.421680565744,0.226312653965,-0.195367911779,decay
43.68,left,0.421415486174,0.226295761031,-0.195119725143,decay
43.69,left,0.421152427253,0.226278866225,-0.194873561028,decay
43.7,left,0.420898185021,0.226262020055,-0.194636164966,decay
43.71,left,0.420659146668,0.226245270662,-0.194413876006,decay
43.72,left,0.420440630131,0.226228663083,-0.194211967048,decay
43.73,left,0.420246293708,0.226212238731,-0.194034054977,decay
43.74,left,0.420077903477,0.226196035228,-0.193881868249,decay
43.75,left,0.419935614883,0.226180086479,-0.193755528404,decay
43.76,left,0.41981844182,0.226164422717,-0.193654019103,decay
43.77,left,0.419724540233,0.226149070443,-0.19357546979,decay
43.78,left,0.419651416265,0.226134052235,-0.19351736403,decay
43.79,left,0.419596247049,0.226119386413,-0.193476860636,decay
43.8,left,0.419556202777,0.226105086556,-0.19345111622,decay
43.81,left,0.419528787558,0.226091160855,-0.193437626703,decay
43.82,left,0.419512357284,0.22607761142,-0.193434745864,decay
43.83,left,0.419506568759,0.226064433965,-0.193442134794,decay
43.84,left,0.419512369634,0.226051618157,-0.193460751477,decay
43.85,left,0.419531584705,0.226039148416,-0.193492436289,decay
43.86,left,0.419566308294,0.226027004741,-0.193539303553,decay
43.87,left,0.419618165848,0.226015163383,-0.193603002465,decay
43.88,left,0.419687698826,0.226003597385,-0.193684101442,decay
43.89,left,0.419774234376,0.225992276995,-0.193781957382,decay
43.9,left,0.419876196629,0.225981169963,-0.193895026665,decay
43.91,left,0.419991572107,0.225970241738,-0.194021330369,decay
43.92,left,0.420118481395,0.225959455613,-0.194159025782,decay
43.93,left,0.420255813903,0.225948772951,-0.194307040952,decay
43.94,left,0.420403535383,0.2259381536,-0.194465381783,decay
43.95,left,0.420562401193,0.225927556434,-0.194634844758,decay
43.96,left,0.420733337066,0.225916939926,-0.194816397139,decay
43.97,left,0.420916854867,0.225906262703,-0.195010592164,decay
43.98,left,0.42111270165,0.22589548412,-0.19521721753,decay
43.99,left,0.421319914809,0.225884564853,-0.195435349955,decay
44,left,0.421537231613,0.225873467542,-0.195663764071,decay
44.01,left,0.421763491147,0.225862157498,-0.195901333649,decay
44.02,left,0.42199782464,0.225850603388,-0.196147221252,decay
44.03,left,0.422239745751,0.225838777586,-0.196400968165,decay
44.04,left,0.422489174627,0.225826655929,-0.196662518698,decay
44.05,left,0.422746273349,0.225814217105,-0.196932056244,decay
44.06,left,0.42301121308,0.225801441987,-0.197209771094,decay
44.07,left,0.42328417351,0.225788313082,-0.197495860428,decay
44.08,left,0.423565504297,0.225774814083,-0.197790690214,decay
44.09,left,0.423855729193,0.225760929533,-0.198094799659,decay
44.1,left,0.424155360597,0.225746644591,-0.198408716006,decay
44.11,left,0.424464623934,0.225731944908,-0.198732679027,decay
44.12,left,0.424783116609,0.225716816638,-0.199066299971,decay
44.13,left,0.425109606786,0.225701246675,-0.199408360111,decay
44.14,left,0.425442164956,0.225685223181,-0.199756941775,decay
44.15,left,0.425778452191,0.225668736373,-0.200109715818,decay
44.16,left,0.426115938974,0.225651779498,-0.200464159475,decay
44.17,left,0.426452111298,0.225634349975,-0.200817761323,decay
44.18,left,0.42678470891,0.225616450717,-0.201168258193,decay
44.19,left,0.427111783532,0.225598091665,-0.201513691868,decay
44.2,left,0.427431508364,0.225579291545,-0.201852216819,decay
44.21,left,0.427741990877,0.225560079884,-0.202181910993,decay
44.22,left,0.428041136172,0.225540498922,-0.20250063725,decay
44.23,left,0.428326366097,0.225520604255,-0.202805761842,decay
44.24,left,0.428594301411,0.225500463309,-0.203093838102,decay
44.25,left,0.428840677672,0.225480152304,-0.203360525368,decay
44.26,left,0.429060497296,0.225459752848,-0.203600744448,decay
44.27,left,0.429248406632,0.225439348634,-0.203809057997,decay
44.28,left,0.429399401804,0.22541902218,-0.203980379624,decay
44.29,left,0.429509676853,0.225398851554,-0.204110825298,decay
44.3,left,0.429577227938,0.225378907017,-0.204198320921,decay
44.31,left,0.429602118761,0.22535924749,-0.204242871271,decay
44.32,left,0.429586528943,0.225339917255,-0.204246611688,decay
44.33,left,0.429534518796,0.225320944227,-0.20421357457,decay
44.34,left,0.429451400903,0.225302340829,-0.204149060075,decay
44.35,left,0.42934294165,0.225284106673,-0.204058834977,decay
44.36,left,0.42921465674,0.225266231601,-0.203948425139,decay
44.37,left,0.429071173507,0.225248698532,-0.203822474975,decay
44.38,left,0.428915677837,0.225231486108,-0.203684191729,decay
44.39,left,0.428749611372,0.22521457119,-0.203535040182,decay
44.4,left,0.428572598783,0.22519793124,-0.203374667543,decay
44.41,left,0.428382492425,0.225181546641,-0.203200945784,decay
44.42,left,0.428175590763,0.225165402783,-0.203010187979,decay
44.43,left,0.427947098917,0.225149491272,-0.202797607645,decay
44.44,left,0.427691792719,0.225133809807,-0.202557982912,decay
44.45,left,0.427404903805,0.225118361089,-0.202286542716,decay
44.46,left,0.427083179557,0.225103151441,-0.201980028116,decay
44.47,left,0.426725702808,0.225088189406,-0.201637513401,decay
44.48,left,0.426334028561,0.225073484316,-0.201260544245,decay
44.49,left,0.42591177767,0.225059044813,-0.200852732857,decay
44.5,left,0.425464116618,0.225044877296,-0.200419239322,decay
44.51,left,0.424997237188,0.225030984263,-0.199966252925,decay
44.52,left,0.424517861617,0.225017362729,-0.199500498888,decay
44.53,left,0.424032910186,0.22500400334,-0.199028906846,decay
44.54,left,0.423549195541,0.224990890642,-0.198558304898,decay
44.55,left,0.423072935335,0.224978004154,-0.198094931181,decay
44.56,left,0.422609342936,0.224965319591,-0.197644023345,decay
44.57,left,0.42216265102,0.224952810002,-0.197209841018,decay
44.58,left,0.421736458855,0.224940446808,-0.196796012047,decay
44.59,left,0.421334106291,0.224928200774,-0.196405905517,decay
44.6,left,0.420958979995,0.224916042932,-0.196042937063,decay
44.61,left,0.420614665192,0.224903945479,-0.195710719713,decay
44.62,left,0.420304780611,0.224891882614,-0.195412897997,decay
44.63,left,0.420032686246,0.224879831161,-0.195152855085,decay
44.64,left,0.419801479739,0.224867770852,-0.194933708887,decay
44.65,left,0.419614224896,0.224855684393,-0.194758540503,decay
44.66,left,0.419474028929,0.224843557493,-0.194630471436,decay
44.67,left,0.419383869401,0.224831378943,-0.194552490458,decay
44.68,left,0.419346211241,0.224819140754,-0.194527070487,decay
44.69,left,0.419362380709,0.224806838357,-0.194555542352,decay
44.7,left,0.419431905268,0.224794470871,-0.194637434397,decay
44.71,left,0.419552191914,0.224782041453,-0.194770150461,decay
44.72,left,0.4197185946,0.224769557626,-0.194949036974,decay
44.73,left,0.419924691069,0.224757031351,-0.195167659718,decay
44.74,left,0.420162730735,0.224744478608,-0.195418252127,decay
44.75,left,0.420424174519,0.224731918649,-0.195692255869,decay
44.76,left,0.420700009392,0.224719373187,-0.195980636205,decay
44.77,left,0.420980733553,0.224706865606,-0.196273867947,decay
44.78,left,0.421256341985,0.224694420207,-0.196561921777,decay
44.79,left,0.421516560317,0.224682061449,-0.196834498869,decay
44.8,left,0.421751330299,0.224669813176,-0.197081517122,decay
44.81,left,0.421951633172,0.224657697825,-0.197293935347,decay
44.82,left,0.422110581631,0.224645735596,-0.197464846035,decay
44.83,left,0.422224246837,0.224633943687,-0.197590303151,decay
44.84,left,0.422291816869,0.224622335623,-0.197669481246,decay
44.85,left,0.42231525394,0.224610920628,-0.197704333312,decay
44.86,left,0.422298702663,0.224599702916,-0.197698999747,decay
44.87,left,0.422247700997,0.224588680865,-0.197659020131,decay
44.88,left,0.42216834421,0.224577846047,-0.197590498163,decay
44.89,left,0.422066633104,0.224567182098,-0.197499451007,decay
44.9,left,0.421947977091,0.224556663424,-0.197391313668,decay
44.91,left,0.42181677843,0.224546253709,-0.197270524721,decay
44.92,left,0.421676323767,0.224535904524,-0.197140419244,decay
44.93,left,0.421529032844,0.224525554931,-0.197003477913,decay
44.94,left,0.421376684151,0.224515132809,-0.196861551342,decay
44.95,left,0.421220480044,0.224504557385,-0.196715922659,decay
44.96,left,0.421061206457,0.224493742077,-0.19656746438,decay
44.97,left,0.420899559646,0.224482597321,-0.196416962325,decay
44.98,left,0.42073652496,0.224471033412,-0.196265491548,decay
44.99,left,0.420573757843,0.22445896342,-0.196114794423,decay
45,left,0.420413791416,0.224446306263,-0.195967485154,decay
45.01,left,0.420259839427,0.22443298999,-0.195826849437,decay
45.02,left,0.420115301998,0.224418954995,-0.195696347002,decay
45.03,left,0.419983287437,0.224404156054,-0.195579131382,decay
45.04,left,0.419866211924,0.224388562376,-0.195477649548,decay
45.05,left,0.419765355875,0.224372156341,-0.195393199534,decay
45.06,left,0.419680530298,0.224354932101,-0.195325598197,decay
45.07,left,0.41961016357,0.224336894542,-0.195273269028,decay
45.08,left,0.419551789555,0.224318058607,-0.195233730948,decay
45.09,left,0.419502757914,0.224298448993,-0.195204308922,decay
45.1,left,0.419461096482,0.224278100197,-0.195182996285,decay
45.11,left,0.41942626203,0.224257056916,-0.195169205114,decay
45.12,left,0.419399367485,0.224235374574,-0.195163992911,decay
45.13,left,0.419382816165,0.224213119326,-0.195169696839,decay
45.14,left,0.419379556451,0.224190367017,-0.195189189434,decay
45.15,left,0.419392163959,0.22416720145,-0.195224962508,decay
45.16,left,0.419422081264,0.224143712589,-0.195278368675,decay
45.17,left,0.419469397562,0.224119994947,-0.195349402614,decay
45.18,left,0.419533132202,0.224096146126,-0.195436986075,decay
45.19,left,0.419611628656,0.224072265461,-0.195539363196,decay
45.2,left,0.419702960024,0.224048452721,-0.195654507303,decay
45.21,left,0.419805551853,0.224024806839,-0.195780745014,decay
45.22,left,0.419918912625,0.224001424662,-0.195917487963,decay
45.23,left,0.420044161967,0.223978399934,-0.196065762034,decay
45.24,left,0.420184309446,0.223955822606,-0.196228486839,decay
45.25,left,0.420344194428,0.22393377834,-0.196410416088,decay
45.26,left,0.420529824902,0.223912347915,-0.196617476987,decay
45.27,left,0.4207472382,0.223891606452,-0.196855631748,decay
45.28,left,0.421001297181,0.223871622376,-0.197129674805,decay
45.29,left,0.421294550607,0.223852456112,-0.197442094494,decay
45.3,left,0.421626240902,0.22383415846,-0.197792082443,decay
45.31,left,0.421991864372,0.223816768606,-0.198175095767,decay
45.32,left,0.422383537511,0.223800312087,-0.198583225424,decay
45.33,left,0.422790869112,0.223784799708,-0.199006069405,decay
45.34,left,0.423201979393,0.223770228204,-0.199431751189,decay
45.35,left,0.423604646767,0.223756582043,-0.199848064724,decay
45.36,left,0.423987442429,0.223743835283,-0.200243607146,decay
45.37,left,0.424340467014,0.223731953085,-0.200608513929,decay
45.38,left,0.424655624811,0.223720892848,-0.200934731963,decay
45.39,left,0.424926620843,0.223710605008,-0.201216015835,decay
45.4,left,0.425148703274,0.223701033521,-0.201447669753,decay
45.41,left,0.425318274495,0.223692116046,-0.201626158449,decay
45.42,left,0.425432684863,0.223683784014,-0.201748900849,decay
45.43,left,0.425490276985,0.223675963096,-0.201814313889,decay
45.44,left,0.425490532673,0.22366857446,-0.201821958213,decay
45.45,left,0.425434284355,0.223661536597,-0.201772747759,decay
45.46,left,0.425323918323,0.22365476721,-0.201669151114,decay
45.47,left,0.425163286078,0.223648185035,-0.201515101043,decay
45.48,left,0.424957213503,0.223641711603,-0.2013155019,decay
45.49,left,0.42471093273,0.223635273001,-0.201075659729,decay
45.5,left,0.424429722024,0.223628801674,-0.200800920349,decay
45.51,left,0.424118723303,0.223622238328,-0.200496484975,decay
45.52,left,0.423782985736,0.223615533711,-0.200167452026,decay
45.53,left,0.423427840162,0.223608649566,-0.199819190596,decay
45.54,left,0.423059316354,0.223601558197,-0.199457758157,decay
45.55,left,0.422684210456,0.22359424108,-0.199089969376,decay
45.56,left,0.422309810904,0.223586687324,-0.19872312358,decay
45.57,left,0.421943423095,0.223578892276,-0.198364530819,decay
45.58,left,0.421591759561,0.223570856285,-0.198020903276,decay
45.59,left,0.421260494325,0.223562583607,-0.197697910718,decay
45.6,left,0.420954338481,0.223554081429,-0.197400257053,decay
45.61,left,0.42067747582,0.223545359,-0.19713211682,decay
45.62,left,0.420433860939,0.223536426891,-0.196897434048,decay
45.63,left,0.420227237167,0.22352729645,-0.196699940717,decay
45.64,left,0.42006102869,0.223517979541,-0.196543049149,decay
45.65,left,0.419938107143,0.22350848849,-0.196429618653,decay
45.66,left,0.419860469092,0.223498836124,-0.196361632968,decay
45.67,left,0.419829058533,0.223489035873,-0.19634002266,decay
45.68,left,0.419843707681,0.223479101919,-0.196364605762,decay
45.69,left,0.419902905238,0.223469049398,-0.19643385584,decay
45.7,left,0.420003435308,0.22345889464,-0.196544540668,decay
45.71,left,0.420140171344,0.223448655472,-0.196691515872,decay
45.72,left,0.420306101666,0.223438351499,-0.196867750167,decay
45.73,left,0.420492655552,0.223428004179,-0.197064651373,decay
45.74,left,0.420690477252,0.223417636548,-0.197272840704,decay
45.75,left,0.420890454532,0.223407272688,-0.197483181845,decay
45.76,left,0.421084520021,0.223396937126,-0.197687582895,decay
45.77,left,0.421266067614,0.223386654235,-0.197879413378,decay
45.78,left,0.421430206164,0.223376447624,-0.19805375854,decay
45.79,left,0.421573885365,0.223366339501,-0.198207545864,decay
45.8,left,0.421695803407,0.223356349996,-0.198339453411,decay
45.81,left,0.421796303479,0.223346496431,-0.198449807048,decay
45.82,left,0.421877409934,0.223336792559,-0.198540617374,decay
45.83,left,0.421942831999,0.223327247959,-0.19861558404,decay
45.84,left,0.421997902371,0.223317867661,-0.198680034709,decay
45.85,left,0.422049551218,0.223308651942,-0.198740899277,decay
45.86,left,0.42210609146,0.223299596062,-0.198806495398,decay
45.87,left,0.422176523449,0.223290689907,-0.198885833542,decay
45.88,left,0.422269501075,0.223281917491,-0.198987583584,decay
45.89,left,0.422392271359,0.223273256338,-0.199119015021,decay
45.9,left,0.422549656404,0.223264676719,-0.199284979685,decay
45.91,left,0.422743168092,0.223256140756,-0.199487027336,decay
45.92,left,0.422970544649,0.22324760157,-0.199722943079,decay
45.93,left,0.423225774529,0.223239003089,-0.19998677144,decay
45.94,left,0.423499476917,0.223230280995,-0.200269195922,decay
45.95,left,0.423779769221,0.223221364473,-0.200558404749,decay
45.96,left,0.424053693227,0.223212178185,-0.200841515042,decay
45.97,left,0.424308774765,0.223202644235,-0.20110613053,decay
45.98,left,0.424534297095,0.223192684165,-0.201341612931,decay
45.99,left,0.424722232243,0.223182221028,-0.201540011215,decay
46,left,0.424867759853,0.223171181598,-0.201696578255,decay
46.01,left,0.424969278479,0.223159498755,-0.201809779724,decay
46.02,left,0.42502809499,0.223147113855,-0.201880981135,decay
46.03,left,0.425047974892,0.223133978295,-0.201913996597,decay
46.04,left,0.425034426157,0.223120053699,-0.201914372458,decay
46.05,left,0.424993710192,0.223105311211,-0.201888398981,decay
46.06,left,0.42493200768,0.223089730751,-0.201842276929,decay
46.07,left,0.424855028897,0.223073300591,-0.201781728306,decay
46.08,left,0.424767855947,0.223056017263,-0.201711838684,decay
46.09,left,0.424674857951,0.223037885822,-0.201636972129,decay
46.1,left,0.424579770182,0.223018920454,-0.201560849728,decay
46.11,left,0.424485826114,0.222999145436,-0.201486680678,decay
46.12,left,0.424395776756,0.222978596226,-0.20141718053,decay
46.13,left,0.424311913785,0.222957319889,-0.201354593896,decay
46.14,left,0.424236140055,0.222935374295,-0.201300765761,decay
46.15,left,0.424169918305,0.222912826491,-0.201257091814,decay
46.16,left,0.424114123104,0.22288975103,-0.201224372075,decay
46.17,left,0.424069004021,0.222866228539,-0.201202775482,decay
46.18,left,0.424034238708,0.222842344516,-0.201191894192,decay
46.19,left,0.42400890699,0.222818188316,-0.201190718674,decay
46.2,left,0.423991514362,0.222793852291,-0.201197662071,decay
46.21,left,0.423980270315,0.222769431041,-0.201210839273,decay
46.22,left,0.423973415593,0.22274502072,-0.201228394873,decay
46.23,left,0.423969375759,0.222720718242,-0.201248657518,decay
46.24,left,0.423966916577,0.222696620294,-0.201270296283,decay
46.25,left,0.423965421082,0.222672822156,-0.201292598926,decay
46.26,left,0.423965108694,0.2226494164,-0.201315692294,decay
46.27,left,0.423967074167,0.22262649147,-0.201340582697,decay
46.28,left,0.423973141077,0.222604130101,-0.201369010977,decay
46.29,left,0.423985492159,0.222582407514,-0.201403084645,decay
46.3,left,0.424006228197,0.22256138937,-0.201444838826,decay
46.31,left,0.424037213712,0.222541129396,-0.201496084317,decay
46.32,left,0.424080241593,0.22252166703,-0.201558574563,decay
46.33,left,0.424137100382,0.222503026223,-0.201634074159,decay
46.34,left,0.424209310766,0.222485216226,-0.201724094539,decay
46.35,left,0.424297719759,0.222468233735,-0.201829486024,decay
46.36,left,0.424402068703,0.22245206516,-0.201950003543,decay
46.37,left,0.424520580711,0.222436688573,-0.202083892138,decay
46.38,left,0.424649891756,0.222422075326,-0.20222781643,decay
46.39,left,0.424785479831,0.222408191351,-0.20237728848,decay
46.4,left,0.424922251618,0.22239499819,-0.202527253429,decay
46.41,left,0.425055036637,0.222382453774,-0.202672582863,decay
46.42,left,0.425179041844,0.222370512971,-0.202808528873,decay
46.43,left,0.425290204925,0.222359127947,-0.202931076978,decay
46.44,left,0.425385341879,0.222348248368,-0.203037093511,decay
46.45,left,0.425462229754,0.222337821445,-0.203124408308,decay
46.46,left,0.425519711504,0.222327791825,-0.203191919679,decay
46.47,left,0.425557661314,0.222318101322,-0.203239559992,decay
46.48,left,0.425576851112,0.222308688509,-0.203268162603,decay
46.49,left,0.425579008788,0.222299488172,-0.203279520616,decay
46.5,left,0.425566975199,0.22229043063,-0.203276544569,decay
46.51,left,0.425544552395,0.22228144094,-0.203263111455,decay
46.52,left,0.425516039932,0.22227243821,-0.203243601723,decay
46.53,left,0.425485746539,0.222263335752,-0.203222410786,decay
46.54,left,0.425457532718,0.222254042667,-0.203203490052,decay
46.55,left,0.425434425736,0.22224446645,-0.203189959286,decay
46.56,left,0.425418490119,0.222234515979,-0.20318397414,decay
46.57,left,0.425410895292,0.2222241046,-0.203186790692,decay
46.58,left,0.425411952661,0.222213153398,-0.203198799262,decay
46.59,left,0.425421101947,0.222201594689,-0.203219507258,decay
46.6,left,0.425436899167,0.222189375834,-0.203247523333,decay
46.61,left,0.425456912555,0.222176463441,-0.203280449114,decay
46.62,left,0.425477557347,0.222162847407,-0.203314709939,decay
46.63,left,0.425494189291,0.222148542924,-0.203345646367,decay
46.64,left,0.425501532397,0.222133588998,-0.203367943399,decay
46.65,left,0.425494091889,0.222118044603,-0.203376047286,decay
46.66,left,0.425466463628,0.222101984387,-0.203364479241,decay
46.67,left,0.425413768656,0.222085494715,-0.203328273941,decay
46.68,left,0.425332142066,0.222068670022,-0.203263472044,decay
46.69,left,0.425219053979,0.222051609405,-0.203167444573,decay
46.7,left,0.425073506714,0.22203441337,-0.203039093344,decay
46.71,left,0.424896138223,0.222017180657,-0.202878957565,decay
46.72,left,0.424689093219,0.222000005311,-0.202689087908,decay
46.73,left,0.42445571542,0.221982974613,-0.202472740807,decay
46.74,left,0.42420026616,0.221966168375,-0.202234097785,decay
46.75,left,0.423927643618,0.221949659139,-0.201977984479,decay
46.76,left,0.423642997687,0.221933512536,-0.201709485151,decay
46.77,left,0.423351449686,0.221917787493,-0.201433662194,decay
46.78,left,0.423058154051,0.221902536231,-0.20115561782,decay
46.79,left,0.422768529079,0.221887804065,-0.200880725014,decay
46.8,left,0.422488436666,0.221873628967,-0.200614807699,decay
46.81,left,0.42222432423,0.22186004088,-0.20036428335,decay
46.82,left,0.421983197922,0.22184706096,-0.200136136962,decay
46.83,left,0.421772217315,0.221834701257,-0.199937516057,decay
46.84,left,0.421598073142,0.221822965285,-0.199775107856,decay
46.85,left,0.421466470012,0.221811849131,-0.199654620881,decay
46.86,left,0.421381756943,0.22180134256,-0.199580414383,decay
46.87,left,0.421346642835,0.221791429883,-0.199555212952,decay
46.88,left,0.421362049848,0.221782090584,-0.199579959264,decay
46.89,left,0.421427051926,0.221773299722,-0.199653752204,decay
46.9,left,0.421538748057,0.22176502812,-0.199773719937,decay
46.91,left,0.421692203091,0.221757242349,-0.199934960742,decay
46.92,left,0.421880763137,0.221749904602,-0.200130858535,decay
46.93,left,0.422096646424,0.221742972757,-0.200353673667,decay
46.94,left,0.422331454865,0.221736400842,-0.200595054022,decay
46.95,left,0.422576613448,0.221730139768,-0.20084647368,decay
46.96,left,0.42282386643,0.221724138046,-0.201099728384,decay
46.97,left,0.423065699891,0.221718342404,-0.201347357486,decay
46.98,left,0.423295646721,0.221712698314,-0.201582948407,decay
46.99,left,0.423508577294,0.221707150436,-0.201801426858,decay
47,left,0.423700870845,0.22170164302,-0.201999227825,decay
47.01,left,0.423870372085,0.221696120277,-0.202174251808,decay
47.02,left,0.424016352703,0.221690526721,-0.202325825983,decay
47.03,left,0.424139574256,0.221684807455,-0.202454766801,decay
47.04,left,0.424242128851,0.221678908398,-0.202563220453,decay
47.05,left,0.424326902746,0.221672776471,-0.202654126275,decay
47.06,left,0.424397005021,0.221666359835,-0.202730645186,decay
47.07,left,0.424455365156,0.221659608197,-0.202795756958,decay
47.08,left,0.424504334397,0.221652473218,-0.202851861178,decay
47.09,left,0.424545321925,0.221644909032,-0.202900412892,decay
47.1,left,0.424578640899,0.221636872902,-0.202941767997,decay
47.11,left,0.424603485528,0.221628326033,-0.202975159495,decay
47.12,left,0.424618018233,0.221619234427,-0.202998783806,decay
47.13,left,0.424619746974,0.221609569364,-0.20301017761,decay
47.14,left,0.424606131855,0.221599307203,-0.203006824652,decay
47.15,left,0.424575170785,0.221588428747,-0.202986742038,decay
47.16,left,0.424525895073,0.221576918634,-0.202948976439,decay
47.17,left,0.424458704283,0.22156476492,-0.202893939363,decay
47.18,left,0.424375305933,0.221551958881,-0.202823347052,decay
47.19,left,0.424278317519,0.221538495027,-0.202739822492,decay
47.2,left,0.424171021554,0.221524371324,-0.20264665023,decay
47.21,left,0.424057441746,0.221509589647,-0.202547852099,decay
47.22,left,0.423942319342,0.221494156341,-0.202448163001,decay
47.23,left,0.423830771739,0.221478082554,-0.202352689185,decay
47.24,left,0.423727828675,0.221461384092,-0.202266444583,decay
47.25,left,0.423637931024,0.221444080971,-0.202193850053,decay
47.26,left,0.423564447401,0.22142619704,-0.202138250362,decay
47.27,left,0.423509454392,0.221407759798,-0.202101694594,decay
47.28,left,0.423473831681,0.221388800419,-0.202085031261,decay
47.29,left,0.423457427281,0.22136935397,-0.202088073311,decay
47.3,left,0.423459230888,0.221349459823,-0.202109771065,decay
47.31,left,0.423477680999,0.221329162263,-0.202148518736,decay
47.32,left,0.423510970466,0.221308511136,-0.20220245933,decay
47.33,left,0.423557101131,0.221287562137,-0.202269538994,decay
47.34,left,0.423613779572,0.221266376376,-0.202347403196,decay
47.35,left,0.423678360541,0.221245019472,-0.202433341069,decay
47.36,left,0.423747802692,0.221223560574,-0.202524242118,decay
47.37,left,0.423818689216,0.221202071468,-0.202616617747,decay
47.38,left,0.423887554413,0.221180625751,-0.202706928661,decay
47.39,left,0.423951411012,0.221159298039,-0.202792112973,decay
47.4,left,0.424008074882,0.221138163181,-0.202869911702,decay
47.41,left,0.424056190593,0.221117295448,-0.202938895145,decay
47.42,left,0.424095137256,0.221096767688,-0.202998369568,decay
47.43,left,0.424124918853,0.22107665048,-0.203048268373,decay
47.44,left,0.424146166194,0.221057011309,-0.203089154885,decay
47.45,left,0.424160373444,0.221037913696,-0.203122459748,decay
47.46,left,0.424170162126,0.221019416182,-0.203150745945,decay
47.47,left,0.42417918721,0.221001571083,-0.203177616127,decay
47.48,left,0.424191636362,0.220984423019,-0.203207213343,decay
47.49,left,0.424211556377,0.220968007137,-0.203243549241,decay
47.5,left,0.424242050709,0.220952347019,-0.20328970369,decay
47.51,left,0.42428440465,0.220937452226,-0.203346952424,decay
47.52,left,0.424337577113,0.220923315868,-0.203414261245,decay
47.53,left,0.424398352033,0.220909913575,-0.203488438458,decay
47.54,left,0.424461938457,0.220897204871,-0.203564733586,decay
47.55,left,0.424522827701,0.220885136215,-0.203637691486,decay
47.56,left,0.424575878407,0.220873644291,-0.203702234116,decay
47.57,left,0.424617349554,0.22086265905,-0.203754690504,decay
47.58,left,0.424645477668,0.220852106483,-0.203793371185,decay
47.59,left,0.424660502946,0.220841911218,-0.203818591729,decay
47.6,left,0.424664256337,0.22083199898,-0.203832257357,decay
47.61,left,0.424659371217,0.220822298981,-0.203837072236,decay
47.62,left,0.424648358414,0.220812746072,-0.203835612342,decay
47.63,left,0.424632997476,0.22080328205,-0.203829715427,decay
47.64,left,0.424614124653,0.220793855631,-0.203820269022,decay
47.65,left,0.424591541684,0.22078442151,-0.203807120175,decay
47.66,left,0.424564049616,0.220774939183,-0.203789110433,decay
47.67,left,0.424529707685,0.220765371833,-0.203764335851,decay
47.68,left,0.42448608467,0.220755685275,-0.203730399395,decay
47.69,left,0.424430360865,0.220745846972,-0.203684513893,decay
47.7,left,0.424359519889,0.220735825107,-0.203623694781,decay
47.71,left,0.424270771585,0.220725587698,-0.203545183887,decay
47.72,left,0.42416210519,0.220715101867,-0.203447003323,decay
47.73,left,0.424032967556,0.220704333571,-0.203328633985,decay
47.74,left,0.423884989849,0.220693248045,-0.203191741804,decay
47.75,left,0.423722373489,0.220681810793,-0.203040562696,decay
47.76,left,0.423551692264,0.2206699888,-0.202881703464,decay
47.77,left,0.423381352263,0.220657751885,-0.202723600377,decay
47.78,left,0.423220936424,0.22064507418,-0.202575862244,decay
47.79,left,0.423080336413,0.220631935789,-0.202448400623,decay
47.8,left,0.422968755199,0.220618324654,-0.202350430545,decay
47.81,left,0.422893901533,0.220604238651,-0.202289662882,decay
47.82,left,0.422861425659,0.220589687661,-0.202271737998,decay
47.83,left,0.422874526931,0.220574694649,-0.202299832282,decay
47.84,left,0.422933822245,0.220559295051,-0.202374527194,decay
47.85,left,0.423037425622,0.220543534995,-0.202493890627,decay
47.86,left,0.423181064471,0.220527469356,-0.202653595114,decay
47.87,left,0.423358328467,0.220511159986,-0.202847168481,decay
47.88,left,0.423561281357,0.220494674143,-0.203066607214,decay
47.89,left,0.423781318193,0.220478083064,-0.203303235129,decay
47.9,left,0.424009885601,0.220461460644,-0.203548424957,decay
47.91,left,0.424238967405,0.220444882183,-0.203794085222,decay
47.92,left,0.424461500508,0.220428423185,-0.204033077323,decay
47.93,left,0.42467172082,0.220412158246,-0.204259562573,decay
47.94,left,0.4248654055,0.220396160031,-0.204469245469,decay
47.95,left,0.425040046052,0.220380498282,-0.20465954777,decay
47.96,left,0.425194768796,0.220365238745,-0.204829530051,decay
47.97,left,0.425329849951,0.220350441946,-0.204979408005,decay
47.98,left,0.425446116344,0.220336161793,-0.205109954551,decay
47.99,left,0.425544599672,0.220322443945,-0.205222155727,decay
48,left,0.425626438659,0.220309323934,-0.205317114725,decay
48.01,left,0.425692889783,0.220296824973,-0.205396064809,decay
48.02,left,0.425745402567,0.220284955802,-0.205460446764,decay
48.03,left,0.425785602307,0.220273709663,-0.205511892644,decay
48.04,left,0.425814945522,0.220263065266,-0.205551880256,decay
48.05,left,0.425834141765,0.220252989102,-0.205581152663,decay
48.06,left,0.425842733166,0.22024343794,-0.205599295226,decay
48.07,left,0.425839018008,0.220234361072,-0.205604656937,decay
48.08,left,0.425820273367,0.220225702313,-0.205594571054,decay
48.09,left,0.425783286579,0.220217401789,-0.205565884791,decay
48.1,left,0.425725067127,0.22020939756,-0.205515669567,decay
48.11,left,0.425643358852,0.220201627129,-0.205441731723,decay
48.12,left,0.425536782892,0.220194028784,-0.205342754108,decay
48.13,left,0.425404827716,0.220186542583,-0.205218285133,decay
48.14,left,0.425247853252,0.220179110834,-0.205068742418,decay
48.15,left,0.425067068328,0.220171678227,-0.204895390101,decay
48.16,left,0.424864457577,0.220164191879,-0.204700265698,decay
48.17,left,0.424642615378,0.220156601412,-0.204486013966,decay
48.18,left,0.424404337426,0.220148859079,-0.204255478347,decay
48.19,left,0.424152038908,0.220140919962,-0.204011118946,decay
48.2,left,0.423887419523,0.220132742251,-0.203754677271,decay
48.21,left,0.423611562555,0.220124287625,-0.203487274931,decay
48.22,left,0.423325249712,0.220115521649,-0.203209728063,decay
48.23,left,0.423029429098,0.220106413954,-0.202923015143,decay
48.24,left,0.422725852302,0.220096937979,-0.202628914323,decay
48.25,left,0.422417586106,0.220087070444,-0.202330515662,decay
48.26,left,0.422109128467,0.220076790849,-0.202032337618,decay
48.27,left,0.421806109368,0.220066081101,-0.201740028267,decay
48.28,left,0.421514556046,0.22005492528,-0.201459630766,decay
48.29,left,0.421239870511,0.220043309548,-0.201196560963,decay
48.3,left,0.420986075231,0.220031222212,-0.200954853019,decay
48.31,left,0.420755732093,0.220018653921,-0.200737078172,decay
48.32,left,0.420550312945,0.220005597952,-0.200544714993,decay
48.33,left,0.420370652373,0.219992050311,-0.200378602062,decay
48.34,left,0.420217398781,0.219978009476,-0.200239389304,decay
48.35,left,0.420091344876,0.21996347592,-0.200127868956,decay
48.36,left,0.419993417294,0.219948451668,-0.200044965626,decay
48.37,left,0.419924462525,0.219932939997,-0.199991522528,decay
48.38,left,0.419885123987,0.219916945279,-0.199968178708,decay
48.39,left,0.419875705668,0.219900472959,-0.199975232708,decay
48.4,left,0.419895835714,0.219883529681,-0.200012306033,decay
48.41,left,0.419944094263,0.219866123541,-0.200077970723,decay
48.42,left,0.420017775322,0.219848264451,-0.200169510871,decay
48.43,left,0.420112770499,0.219829964474,-0.200282806026,decay
48.44,left,0.420223713903,0.219811238041,-0.200412475862,decay
48.45,left,0.42034460509,0.219792102128,-0.200552502962,decay
48.46,left,0.420469734011,0.21977257652,-0.200697157492,decay
48.47,left,0.4205944588,0.219752684213,-0.200841774587,decay
48.48,left,0.420715697972,0.219732451975,-0.200983245997,decay
48.49,left,0.420832207402,0.219711911047,-0.201120296355,decay
48.5,left,0.42094449801,0.219691098008,-0.201253400003,decay
48.51,left,0.421054378528,0.2196700558,-0.201384322728,decay
48.52,left,0.421164458351,0.219648834708,-0.201515623642,decay
48.53,left,0.42127776896,0.219627492653,-0.201650276307,decay
48.54,left,0.421397397799,0.21960609428,-0.201791303519,decay
48.55,left,0.421526169033,0.219584709204,-0.201941459829,decay
48.56,left,0.421666432683,0.219563410046,-0.202103022637,decay
48.57,left,0.421819826423,0.219542270483,-0.20227755594,decay
48.58,left,0.421987014473,0.219521363296,-0.202465651176,decay
48.59,left,0.422167671173,0.219500758368,-0.202666912805,decay
48.6,left,0.422360776103,0.219480520566,-0.202880255537,decay
48.61,left,0.422565017753,0.219460707484,-0.203104310269,decay
48.62,left,0.422779271385,0.219441367251,-0.203337904133,decay
48.63,left,0.423003182382,0.219422537267,-0.203580645115,decay
48.64,left,0.423237513441,0.219404244492,-0.203833268949,decay
48.65,left,0.423483915906,0.219386506779,-0.204097409127,decay
48.66,left,0.423744317504,0.219369334343,-0.204374983161,decay
48.67,left,0.424020220689,0.219352730998,-0.204667489692,decay
48.68,left,0.424311943942,0.219336695152,-0.20497524879,decay
48.69,left,0.42461796339,0.219321220579,-0.205296742812,decay
48.7,left,0.424934631021,0.219306296962,-0.205628334059,decay
48.71,left,0.425256239098,0.219291910249,-0.205964328849,decay
48.72,left,0.425575295199,0.219278042859,-0.20629725234,decay
48.73,left,0.425883080937,0.219264673982,-0.206618406955,decay
48.74,left,0.426170455326,0.219251780123,-0.206918675203,decay
48.75,left,0.426428581173,0.219239335788,-0.207189245385,decay
48.76,left,0.426649427318,0.219227314109,-0.207422113208,decay
48.77,left,0.426826244138,0.219215687355,-0.207610556782,decay
48.78,left,0.426954030598,0.219204427309,-0.20774960329,decay
48.79,left,0.427029767852,0.219193505543,-0.207836262309,decay
48.8,left,0.427052506253,0.219182893606,-0.207869612647,decay
48.81,left,0.427023512723,0.219172563109,-0.207850949614,decay
48.82,left,0.426946299643,0.219162485763,-0.20778381388,decay
48.83,left,0.426826315939,0.219152633388,-0.207673682551,decay
48.84,left,0.426670353152,0.219142977949,-0.207527375203,decay
48.85,left,0.426485696687,0.219133491596,-0.207352205091,decay
48.86,left,0.426279056916,0.219124146672,-0.207154910244,decay
48.87,left,0.426055618391,0.219114915689,-0.206940702702,decay
48.88,left,0.425818579647,0.219105771266,-0.206712808381,decay
48.89,left,0.425569177951,0.219096686044,-0.206472491907,decay
48.9,left,0.425307063986,0.219087632573,-0.206219431413,decay
48.91,left,0.425031093526,0.219078583193,-0.205952510333,decay
48.92,left,0.424740484291,0.21906950993,-0.205670974361,decay
48.93,left,0.424435958587,0.219060384529,-0.205375574058,decay
48.94,left,0.424120565177,0.21905117872,-0.205069386457,decay
48.95,left,0.423800002962,0.219041864656,-0.204758138307,decay
48.96,left,0.423482175787,0.219032415421,-0.204449760366,decay
48.97,left,0.423176025487,0.219022805596,-0.204153219891,decay
48.98,left,0.422890210926,0.219013011876,-0.20387719905,decay
48.99,left,0.422632037104,0.21900301376,-0.203629023344,decay
49,left,0.422406624062,0.218992794331,-0.203413829731,decay
49.01,left,0.422216388416,0.218982341153,-0.203234047263,decay
49.02,left,0.422060997747,0.21897164711,-0.203089350637,decay
49.03,left,0.421937676577,0.218960710711,-0.202976965865,decay
49.04,left,0.421841664002,0.218949535451,-0.202892128551,decay
49.05,left,0.421766912842,0.218938128522,-0.20282878432,decay
49.06,left,0.421707095189,0.218926499408,-0.202780595781,decay
49.07,left,0.421656574765,0.21891465855,-0.202741916214,decay
49.08,left,0.42161103532,0.218902616084,-0.202708419236,decay
49.09,left,0.421567802731,0.218890380622,-0.202677422109,decay
49.1,left,0.421525846471,0.218877958073,-0.202647888398,decay
49.11,left,0.421485382168,0.218865350453,-0.202620031715,decay
49.12,left,0.421447309151,0.218852554846,-0.202594754305,decay
49.13,left,0.421412763742,0.218839562959,-0.202573200783,decay
49.14,left,0.42138276931,0.218826361622,-0.202556407688,decay
49.15,left,0.421358012401,0.218812933979,-0.202545078422,decay
49.16,left,0.421338960592,0.218799260891,-0.202539699701,decay
49.17,left,0.42132624184,0.218785322377,-0.202540919463,decay
49.18,left,0.421320872775,0.218771099109,-0.202549773666,decay
49.19,left,0.421324152115,0.218756573973,-0.202567578142,decay
49.2,left,0.421337363571,0.218741733751,-0.20259562982,decay
49.21,left,0.421361371004,0.218726570925,-0.202634800079,decay
49.22,left,0.421396183981,0.218711085425,-0.202685098556,decay
49.23,left,0.421440738289,0.218695285578,-0.202745452712,decay
49.24,left,0.421492890877,0.218679187727,-0.20281370315,decay
49.25,left,0.421549342652,0.218662814938,-0.202886527714,decay
49.26,left,0.421605544078,0.21864619554,-0.202959348538,decay
49.27,left,0.421655933995,0.218629361787,-0.203026572209,decay
49.28,left,0.421694551712,0.218612348647,-0.203082203065,decay
49.29,left,0.421715784693,0.21859519269,-0.203120592003,decay
49.3,left,0.421715092523,0.21857793104,-0.203137161482,decay
49.31,left,0.421689556112,0.218560600381,-0.203128955731,decay
49.32,left,0.421638024948,0.218543236064,-0.203094788884,decay
49.33,left,0.42156086253,0.218525871606,-0.203034990924,decay
49.34,left,0.421459549581,0.218508538762,-0.202951010819,decay
49.35,left,0.421336229411,0.218491268012,-0.202844961399,decay
49.36,left,0.421193179104,0.21847408915,-0.202719089953,decay
49.37,left,0.421032504863,0.218457031859,-0.202575473004,decay
49.38,left,0.420856290236,0.218440126261,-0.202416163974,decay
49.39,left,0.420666891773,0.218423403443,-0.202243488329,decay
49.4,left,0.420467055657,0.21840689596,-0.202060159697,decay
49.41,left,0.420259912119,0.218390638316,-0.201869273803,decay
49.42,left,0.420048922944,0.218374667314,-0.201674255631,decay
49.43,left,0.41983778046,0.218359021938,-0.201478758521,decay
49.44,left,0.419630422302,0.218343742518,-0.201286679784,decay
49.45,left,0.419431222734,0.218328869323,-0.201102353411,decay
49.46,left,0.41924500262,0.218314440917,-0.200930561702,decay
49.47,left,0.419076605513,0.218300492371,-0.200776113142,decay
49.48,left,0.418930371342,0.218287053304,-0.200643318038,decay
49.49,left,0.418809820051,0.218274145725,-0.200535674326,decay
49.5,left,0.41871738694,0.218261781619,-0.20045560532,decay
49.51,left,0.418654172487,0.218249960247,-0.20040421224,decay
49.52,left,0.418619939078,0.218238665585,-0.200381273493,decay
49.53,left,0.418613278237,0.21822786536,-0.200385412876,decay
49.54,left,0.418631731632,0.218217512799,-0.200414218833,decay
49.55,left,0.418671938312,0.218207550255,-0.200464388057,decay
49.56,left,0.418729828694,0.218197913251,-0.200531915443,decay
49.57,left,0.418800711196,0.218188534374,-0.200612176822,decay
49.58,left,0.418879350456,0.218179347029,-0.200700003427,decay
49.59,left,0.418960276566,0.218170289155,-0.200789987412,decay
49.6,left,0.419038229099,0.218161306952,-0.200876922147,decay
49.61,left,0.419108466338,0.218152358717,-0.200956107622,decay
49.62,left,0.419166975185,0.218143418353,-0.201023556832,decay
49.63,left,0.419210761785,0.218134477119,-0.201076284667,decay
49.64,left,0.419238143637,0.218125542505,-0.201112601132,decay
49.65,left,0.419248931476,0.218116635089,-0.201132296387,decay
49.66,left,0.419244533515,0.218107784888,-0.201136748628,decay
49.67,left,0.419227805233,0.218099027806,-0.201128777427,decay
49.68,left,0.41920241669,0.218090402156,-0.201112014533,decay
49.69,left,0.419171957832,0.218081945193,-0.201090012639,decay
49.7,left,0.419139185161,0.218073689601,-0.201065495561,decay
49.71,left,0.419105569605,0.218065659868,-0.201039909737,decay
49.72,left,0.419071237255,0.218057868871,-0.201013368384,decay
49.73,left,0.419035415786,0.218050315835,-0.200985099951,decay
49.74,left,0.418997197509,0.218042986563,-0.200954210946,decay
49.75,left,0.418956166078,0.218035855218,-0.20092031086,decay
49.76,left,0.418912709691,0.218028886445,-0.200883823246,decay
49.77,left,0.418868128246,0.21802203733,-0.200846090916,decay
49.78,left,0.41882441314,0.218015259198,-0.200809153943,decay
49.79,left,0.418783608158,0.218008499297,-0.200775108861,decay
49.8,left,0.418747173876,0.218001702393,-0.200745471482,decay
49.81,left,0.41871572838,0.217994812326,-0.200720916054,decay
49.82,left,0.418689028141,0.217987773471,-0.20070125467,decay
49.83,left,0.418666021828,0.21798053189,-0.200685489939,decay
49.84,left,0.41864497212,0.217973036,-0.20067193612,decay
49.85,left,0.418623542354,0.21796523694,-0.200658305414,decay
49.86,left,0.418598788387,0.217957088917,-0.200641699469,decay
49.87,left,0.418567231666,0.217948549676,-0.20061868199,decay
49.88,left,0.41852516172,0.2179395811,-0.200585580619,decay
49.89,left,0.418469097625,0.217930149992,-0.200538947633,decay
49.9,left,0.418396355221,0.217920229025,-0.200476126196,decay
49.91,left,0.418305785488,0.217909797912,-0.200395987576,decay
49.92,left,0.418198506222,0.2178988446,-0.200299661622,decay
49.93,left,0.418078208715,0.217887365868,-0.200190842848,decay
49.94,left,0.41795092989,0.217875366855,-0.200075563036,decay
49.95,left,0.41782444337,0.217862859892,-0.199961583478,decay
49.96,left,0.417707311016,0.217849863271,-0.199857447745,decay
49.97,left,0.417607747741,0.217836400213,-0.199771347528,decay
49.98,left,0.417532616012,0.217822498041,-0.199710117971,decay
49.99,left,0.417486628677,0.217808187531,-0.199678441146,decay
50,left,0.417471696082,0.217793502433,-0.199678193649,decay
50.01,left,0.417486607882,0.217778479136,-0.199708128746,decay
50.02,left,0.417527281043,0.217763156399,-0.199764124644,decay
50.03,left,0.417587408557,0.217747574905,-0.199839833652,decay
50.04,left,0.417659242158,0.217731776452,-0.199927465706,decay
50.05,left,0.417734561004,0.217715802885,-0.200018758119,decay
50.06,left,0.417805790889,0.217699694978,-0.200106095911,decay
50.07,left,0.417866936738,0.217683491341,-0.200183445397,decay
50.08,left,0.417914242584,0.217667227315,-0.200247015269,decay
50.09,left,0.417946672882,0.217650933854,-0.200295739029,decay
50.1,left,0.41796595449,0.217634636339,-0.200331318151,decay
50.11,left,0.417975978369,0.217618353322,-0.200357625047,decay
50.12,left,0.417981870048,0.217602095348,-0.2003797747,decay
50.13,left,0.417989037996,0.217585864421,-0.200403173575,decay
50.14,left,0.41800224506,0.217569654556,-0.200432590503,decay
50.15,left,0.418024871279,0.21755345307,-0.200471418209,decay
50.16,left,0.418058665424,0.217537242041,-0.200521423383,decay
50.17,left,0.418104006801,0.217520999701,-0.2005830071,decay
50.18,left,0.418160411845,0.217504701774,-0.200655710071,decay
50.19,left,0.418227068086,0.217488322779,-0.200738745307,decay
50.2,left,0.418303219697,0.217471837328,-0.200831382369,decay
50.21,left,0.418388188538,0.217455221448,-0.20093296709,decay
50.22,left,0.418481168745,0.217438453852,-0.201042714893,decay
50.23,left,0.418581213114,0.217421516881,-0.201159696233,decay
50.24,left,0.418687370318,0.217404396906,-0.201282973413,decay
50.25,left,0.418798621326,0.217387084376,-0.20141153695,decay
50.26,left,0.418913655197,0.217369573836,-0.201544081361,decay
50.27,left,0.419030735564,0.217351864047,-0.201678871517,decay
50.28,left,0.419147694036,0.217333958216,-0.201813735821,decay
50.29,left,0.419262065504,0.217315864356,-0.201946201148,decay
50.3,left,0.419371476273,0.217297595767,-0.202073880506,decay
50.31,left,0.419474127926,0.217279171642,-0.202194956284,decay
50.32,left,0.419569019388,0.217260617678,-0.202308401711,decay
50.33,left,0.419655896529,0.217241966224,-0.202413930305,decay
50.34,left,0.419735118937,0.217223255652,-0.202511863285,decay
50.35,left,0.419807377468,0.217204529168,-0.2026028483,decay
50.36,left,0.419873243382,0.217185833509,-0.202687409873,decay
50.37,left,0.419932837311,0.217167217686,-0.202765619625,decay
50.38,left,0.41998572681,0.217148731747,-0.202836995063,decay
50.39,left,0.420030831389,0.217130425551,-0.202900405839,decay
50.4,left,0.42006632194,0.217112347488,-0.202953974452,decay
50.41,left,0.420089732688,0.217094543148,-0.202995189541,decay
50.42,left,0.420098279119,0.217077054014,-0.203021225105,decay
50.43,left,0.420089267548,0.217059916607,-0.203029350941,decay
50.44,left,0.42006064738,0.217043162367,-0.203017485013,decay
50.45,left,0.420011648158,0.217026818024,-0.202984830134,decay
50.46,left,0.419943140354,0.217010905994,-0.20293223436,decay
50.47,left,0.419857518061,0.216995444627,-0.202862073434,decay
50.48,left,0.41975835606,0.216980448273,-0.202777907787,decay
50.49,left,0.419650031295,0.216965927182,-0.202684104113,decay
50.5,left,0.419537225817,0.216951887212,-0.202585338605,decay
50.51,left,0.419424430984,0.216938329356,-0.202486101628,decay
50.52,left,0.419315686798,0.216925249177,-0.202390437621,decay
50.53,left,0.419214507216,0.216912636502,-0.202301870714,decay
50.54,left,0.419123886864,0.216900475616,-0.202223411247,decay
50.55,left,0.419046379573,0.216888745785,-0.202157633789,decay
50.56,left,0.418984105874,0.216877421733,-0.202106684141,decay
50.57,left,0.418938536752,0.216866473964,-0.202072062788,decay
50.58,left,0.418910237,0.216855868909,-0.202054368091,decay
50.59,left,0.418898868036,0.216845568915,-0.202053299122,decay
50.6,left,0.4189033711,0.216835532081,-0.202067839019,decay
50.61,left,0.418922120187,0.216825711958,-0.202096408229,decay
50.62,left,0.418953158618,0.21681605722,-0.202137101398,decay
50.63,left,0.418994596497,0.216806511693,-0.202188084804,decay
50.64,left,0.419044941763,0.216797015029,-0.202247926734,decay
50.65,left,0.419103338353,0.216787503835,-0.202315834518,decay
50.66,left,0.419169891132,0.216777912913,-0.202391978219,decay
50.67,left,0.419245889862,0.216768176489,-0.202477713373,decay
50.68,left,0.419333625522,0.216758229451,-0.20257539607,decay
50.69,left,0.41943590698,0.216748008639,-0.20268789834,decay
50.7,left,0.41955550972,0.216737454212,-0.202818055508,decay
50.71,left,0.41969458235,0.216726511141,-0.202968071209,decay
50.72,left,0.419854085674,0.216715130698,-0.203138954976,decay
50.73,left,0.420033433436,0.216703271484,-0.203330161952,decay
50.74,left,0.420230267376,0.21669089963,-0.203539367746,decay
50.75,left,0.42044022275,0.216677988499,-0.203762234251,decay
50.76,left,0.420656862631,0.216664518387,-0.203992344245,decay
50.77,left,0.420872012189,0.216650476455,-0.204221535734,decay
50.78,left,0.421076382812,0.216635856911,-0.204440525901,decay
50.79,left,0.421260351667,0.216620661444,-0.204639690223,decay
50.8,left,0.421414955223,0.216604899923,-0.2048100553,decay
50.81,left,0.421532877826,0.21658859137,-0.204944286456,decay
50.82,left,0.421608985021,0.216571764983,-0.205037220038,decay
50.83,left,0.421640379676,0.216554460466,-0.20508591921,decay
50.84,left,0.421626272775,0.216536727116,-0.205089545658,decay
50.85,left,0.421567752402,0.216518622066,-0.205049130336,decay
50.86,left,0.421467500157,0.216500208407,-0.20496729175,decay
50.87,left,0.421329687244,0.216481553478,-0.204848133767,decay
50.88,left,0.421160050851,0.216462727294,-0.204697323557,decay
50.89,left,0.420965776455,0.216443801082,-0.204521975373,decay
50.9,left,0.420755004273,0.216424845878,-0.204330158395,decay
50.91,left,0.420536122893,0.216405931144,-0.20413019175,decay
50.92,left,0.420316883711,0.21638712347,-0.20392976024,decay
50.93,left,0.420103384469,0.216368485644,-0.203734898825,decay
50.94,left,0.419899401343,0.216350076285,-0.203549325058,decay
50.95,left,0.41970645832,0.216331949846,-0.203374508474,decay
50.96,left,0.419524435103,0.216314156645,-0.203210278458,decay
50.97,left,0.419352356953,0.216296742762,-0.203055614192,decay
50.98,left,0.419189144917,0.216279749795,-0.202909395122,decay
50.99,left,0.419034101489,0.216263214445,-0.202770887044,decay
51,left,0.41888706065,0.216247167915,-0.202639892735,decay
51.01,left,0.418748368684,0.216231635113,-0.202516733571,decay
51.02,left,0.418618704267,0.216216633815,-0.202402070451,decay
51.03,left,0.418498541817,0.216202174344,-0.202296367473,decay
51.04,left,0.418387395754,0.216188260189,-0.202199135565,decay
51.05,left,0.418283383707,0.216174889239,-0.202108494468,decay
51.06,left,0.418183406219,0.216162055067,-0.202021351152,decay
51.07,left,0.418083779446,0.216149748014,-0.201934031432,decay
51.08,left,0.417981097575,0.216137956105,-0.20184314147,decay
51.09,left,0.417873055627,0.216126665781,-0.201746389846,decay
51.1,left,0.417758828106,0.216115862484,-0.201642965623,decay
51.11,left,0.417638933949,0.216105531099,-0.20153340285,decay
51.12,left,0.417514942826,0.216095656263,-0.201419286563,decay
51.13,left,0.417389219917,0.216086222539,-0.201302997378,decay
51.14,left,0.417264660864,0.216077214465,-0.201187446399,decay
51.15,left,0.417144546698,0.216068616481,-0.201075930217,decay
51.16,left,0.417032667898,0.216060412741,-0.200972255157,decay
51.17,left,0.416933440727,0.216052586822,-0.200880853905,decay
51.18,left,0.416851671475,0.216045121324,-0.200806550151,decay
51.19,left,0.416792113005,0.216037997354,-0.200754115651,decay
51.2,left,0.416759103835,0.2160311939,-0.200727909935,decay
51.21,left,0.416756306285,0.216024687089,-0.200731619196,decay
51.22,left,0.41678659991,0.2160184494,-0.200768150509,decay
51.23,left,0.416852268056,0.216012449106,-0.20083981895,decay
51.24,left,0.416955298359,0.216006650143,-0.200948648216,decay
51.25,left,0.417097523378,0.216001012263,-0.201096511115,decay
51.26,left,0.417280623564,0.215995491188,-0.201285132376,decay
51.27,left,0.417506021405,0.215990038676,-0.201515982729,decay
51.28,left,0.41777451545,0.215984602492,-0.201789912958,decay
51.29,left,0.418085712423,0.2159791263,-0.202106586123,decay
51.3,left,0.418437581858,0.215973549488,-0.202464032371,decay
51.31,left,0.418826287238,0.215967806929,-0.202858480309,decay
51.32,left,0.419246230046,0.215961828843,-0.203284401203,decay
51.33,left,0.419690337655,0.215955541195,-0.20373479646,decay
51.34,left,0.420150592216,0.215948866969,-0.204201725246,decay
51.35,left,0.420618480042,0.215941728136,-0.204676751906,decay
51.36,left,0.421085154074,0.215934047888,-0.205151106186,decay
51.37,left,0.421541548196,0.215925753031,-0.205615795165,decay
51.38,left,0.421978549857,0.215916776576,-0.206061773281,decay
51.39,left,0.42238706043,0.21590706057,-0.206479999861,decay
51.4,left,0.422758054819,0.215896559249,-0.206861495569,decay
51.41,left,0.423082886398,0.215885242574,-0.207197643823,decay
51.42,left,0.423353747809,0.215873099678,-0.207480648131,decay
51.43,left,0.423564127352,0.215860140686,-0.207703986666,decay
51.44,left,0.423709349123,0.2158463957,-0.207862953424,decay
51.45,left,0.423787201232,0.215831911878,-0.207955289354,decay
51.46,left,0.423798347143,0.215816750216,-0.207981596927,decay
51.47,left,0.423746322401,0.215800982681,-0.20794533972,decay
51.48,left,0.423637175023,0.215784689689,-0.207852485334,decay
51.49,left,0.423478663998,0.215767957862,-0.207710706136,decay
51.5,left,0.42327897248,0.215750878023,-0.207528094457,decay
51.51,left,0.42304539328,0.215733543365,-0.207311849915,decay
51.52,left,0.422783502228,0.215716047745,-0.207067454483,decay
51.53,left,0.42249692745,0.215698484082,-0.206798443368,decay
51.54,left,0.422187677313,0.215680942812,-0.206506734501,decay
51.55,left,0.421856893768,0.215663510339,-0.206193383429,decay
51.56,left,0.421505647505,0.215646267436,-0.205859380069,decay
51.57,left,0.421135538411,0.215629287519,-0.205506250891,decay
51.58,left,0.420749297837,0.215612634765,-0.205136663072,decay
51.59,left,0.420351483678,0.215596362014,-0.204755121664,decay
51.6,left,0.419948904007,0.215580508411,-0.204368395596,decay
51.61,left,0.41955048808,0.215565096739,-0.203985391342,decay
51.62,left,0.419166729688,0.215550130889,-0.203616598799,decay
51.63,left,0.418808811794,0.215535595009,-0.203273216784,decay
51.64,left,0.418487407722,0.215521455488,-0.202965952234,decay
51.65,left,0.418211441477,0.215507664915,-0.202703776562,decay
51.66,left,0.417987194578,0.215494166456,-0.202493028122,decay
51.67,left,0.417817807457,0.215480898046,-0.202336909411,decay
51.68,left,0.417703142569,0.21546779643,-0.202235346138,decay
51.69,left,0.417640091112,0.215454801124,-0.202185289988,decay
51.7,left,0.417623208276,0.215441858375,-0.202181349901,decay
51.71,left,0.417645447873,0.215428925209,-0.202216522664,decay
51.72,left,0.417698983001,0.21541597318,-0.202283009821,decay
51.73,left,0.417776109867,0.215402990503,-0.202373119364,decay
51.74,left,0.417869955499,0.215389981564,-0.202479973934,decay
51.75,left,0.417974765433,0.215376964604,-0.202597800829,decay
51.76,left,0.418085888832,0.21536396897,-0.202721919862,decay
51.77,left,0.418199532463,0.215351032505,-0.202848499957,decay
51.78,left,0.418312195982,0.215338199057,-0.202973996925,decay
51.79,left,0.41842004099,0.215325516072,-0.203094524918,decay
51.8,left,0.418518661692,0.215313032219,-0.203205629472,decay
51.81,left,0.418603269172,0.215300794995,-0.203302474177,decay
51.82,left,0.418669000686,0.215288848416,-0.20338015227,decay
51.83,left,0.418711322012,0.215277231239,-0.203434090773,decay
51.84,left,0.418726559707,0.215265976039,-0.203460583668,decay
51.85,left,0.418712417713,0.215255108836,-0.203457308878,decay
51.86,left,0.418668428875,0.215244648754,-0.203423780121,decay
51.87,left,0.418596387092,0.215234607496,-0.203361779596,decay
51.88,left,0.418500568088,0.215224988588,-0.2032755795,decay
51.89,left,0.418387493123,0.215215786405,-0.203171706718,decay
51.9,left,0.418265368342,0.215206984929,-0.203058383413,decay
51.91,left,0.418143461426,0.215198556255,-0.202944905171,decay
51.92,left,0.41803140069,0.215190459112,-0.202840941577,decay
51.93,left,0.417938430079,0.215182638394,-0.202755791685,decay
51.94,left,0.417872875072,0.215175026435,-0.202697848637,decay
51.95,left,0.417841773628,0.215167545499,-0.202674228129,decay
51.96,left,0.417850377518,0.215160110521,-0.202690266997,decay
51.97,left,0.417901643158,0.215152631725,-0.202749011433,decay
51.98,left,0.417996071249,0.21514501717,-0.202851054079,decay
51.99,left,0.418131912438,0.215137175262,-0.202994737176,decay
52,left,0.418305581191,0.215129017311,-0.20317656388,decay
52.01,left,0.418512202912,0.215120460188,-0.203391742725,decay
52.02,left,0.418746096116,0.215111428886,-0.20363466723,decay
52.03,left,0.419000955599,0.215101858217,-0.203899097382,decay
52.04,left,0.419269907744,0.215091693063,-0.20417821468,decay
52.05,left,0.419545788569,0.215080887689,-0.20446490088,decay
52.06,left,0.419821536554,0.215069404962,-0.204752131593,decay
52.07,left,0.420090406849,0.215057215842,-0.205033191006,decay
52.08,left,0.420346120285,0.215044299172,-0.205301821113,decay
52.09,left,0.420583123877,0.215030641762,-0.205552482116,decay
52.1,left,0.420796854379,0.215016238791,-0.205780615588,decay
52.11,left,0.420983981189,0.215001094525,-0.205982886664,decay
52.12,left,0.421142730157,0.214985223153,-0.206157507003,decay
52.13,left,0.421273153765,0.214968649126,-0.206304504639,decay
52.14,left,0.42137713297,0.214951406494,-0.206425726476,decay
52.15,left,0.421458134109,0.214933537613,-0.206524596496,decay
52.16,left,0.421520763398,0.214915091855,-0.206605671543,decay
52.17,left,0.421570017469,0.214896124552,-0.206673892918,decay
52.18,left,0.421610366223,0.214876696189,-0.206733670035,decay
52.19,left,0.421645102838,0.214856871806,-0.206788231033,decay
52.2,left,0.421676087107,0.214836720587,-0.206839366519,decay
52.21,left,0.421703625574,0.214816315619,-0.206887309955,decay
52.22,left,0.421726500763,0.21479573367,-0.206930767092,decay
52.23,left,0.421742363447,0.214775054628,-0.206967308819,decay
52.24,left,0.421748345265,0.214754360286,-0.206993984979,decay
52.25,left,0.421741670749,0.214733732651,-0.207007938098,decay
52.26,left,0.421720267469,0.214713252091,-0.207007015378,decay
52.27,left,0.421683200249,0.214692995427,-0.206990204823,decay
52.28,left,0.421630620848,0.214673033931,-0.206957586917,decay
52.29,left,0.421563305674,0.214653431187,-0.206909874487,decay
52.3,left,0.421482163376,0.214634240747,-0.206847922629,decay
52.31,left,0.42138788281,0.21461550354,-0.206772379269,decay
52.32,left,0.421280686365,0.214597245396,-0.206683440969,decay
52.33,left,0.421160284049,0.214579475862,-0.206580808187,decay
52.34,left,0.421026030483,0.214562189274,-0.206463841209,decay
52.35,left,0.420877009404,0.214545367344,-0.20633164206,decay
52.36,left,0.420711979849,0.214528982018,-0.206182997831,decay
52.37,left,0.420529408725,0.214512998105,-0.20601641062,decay
52.38,left,0.420327611053,0.214497375688,-0.205830235365,decay
52.39,left,0.420104892236,0.214482072353,-0.205622819883,decay
52.4,left,0.419859768159,0.214467045292,-0.205392722866,decay
52.41,left,0.419591272881,0.214452253324,-0.205139019557,decay
52.42,left,0.419299168941,0.214437658747,-0.204861510194,decay
52.43,left,0.418984049231,0.21442322876,-0.204560820471,decay
52.44,left,0.418647510559,0.214408936187,-0.204238574372,decay
52.45,left,0.418292334217,0.214394759754,-0.203897574463,decay
52.46,left,0.41792245069,0.214380684262,-0.203541766428,decay
52.47,left,0.417542760391,0.214366700811,-0.20317605958,decay
52.48,left,0.417158993889,0.214352807106,-0.202806186784,decay
52.49,left,0.416777517461,0.214339007832,-0.202438509629,decay
52.5,left,0.416405003404,0.214325315132,-0.202079688272,decay
52.51,left,0.416048136781,0.214311749163,-0.201736387617,decay
52.52,left,0.415713343522,0.214298338582,-0.20141500494,decay
52.53,left,0.415406334942,0.214285120368,-0.201121214573,decay
52.54,left,0.415131623727,0.214272138564,-0.200859485164,decay
52.55,left,0.414892318334,0.214259442217,-0.200632876118,decay
52.56,left,0.41469016214,0.214247083081,-0.200443079059,decay
52.57,left,0.414525708948,0.214235113264,-0.200290595684,decay
52.58,left,0.414398654707,0.214223582798,-0.200175071909,decay
52.59,left,0.414308134516,0.214212537079,-0.200095597437,decay
52.6,left,0.414252697072,0.214202014121,-0.200050682951,decay
52.61,left,0.414230126083,0.214192041574,-0.200038084509,decay
52.62,left,0.414237542158,0.214182633829,-0.200054908329,decay
52.63,left,0.414271787343,0.214173790352,-0.200097996991,decay
52.64,left,0.414329797715,0.214165496104,-0.200164301611,decay
52.65,left,0.414408932667,0.214157723385,-0.200251209282,decay
52.66,left,0.414507263934,0.214150433889,-0.200356830045,decay
52.67,left,0.414623589628,0.214143580504,-0.200480009124,decay
52.68,left,0.414757106732,0.214137108853,-0.200619997879,decay
52.69,left,0.414906941964,0.21413095861,-0.200775983354,decay
52.7,left,0.415071677222,0.214125064625,-0.200946612597,decay
52.71,left,0.415248973501,0.214119357891,-0.201129615611,decay
52.72,left,0.415435504261,0.214113766431,-0.20132173783,decay
52.73,left,0.415627256265,0.214108216245,-0.20151904002,decay
52.74,left,0.415819922614,0.214102632459,-0.201717290155,decay
52.75,left,0.416009204972,0.214096940623,-0.201912264349,decay
52.76,left,0.416191183004,0.214091068093,-0.202100114911,decay
52.77,left,0.416362754987,0.214084945464,-0.202277809523,decay
52.78,left,0.416521888361,0.214078508105,-0.202443380256,decay
52.79,left,0.41666766153,0.214071697829,-0.202595963702,decay
52.8,left,0.416800238539,0.214064464743,-0.202735773796,decay
52.81,left,0.416920735492,0.214056769331,-0.202863966161,decay
52.82,left,0.417031026303,0.214048584442,-0.202982441861,decay
52.83,left,0.41713369803,0.214039896157,-0.203093801873,decay
52.84,left,0.417232072698,0.214030702715,-0.203201369983,decay
52.85,left,0.417330011471,0.214021012123,-0.203308999347,decay
52.86,left,0.417431567485,0.214010839536,-0.203420727949,decay
52.87,left,0.417540782265,0.214000204835,-0.20354057743,decay
52.88,left,0.41766160979,0.213989130406,-0.203672479384,decay
52.89,left,0.417797755317,0.213977639067,-0.20382011625,decay
52.9,left,0.417952437147,0.213965752121,-0.203986685027,decay
52.91,left,0.418128113443,0.213953487483,-0.20417462596,decay
52.92,left,0.418326084134,0.213940858035,-0.204385226099,decay
52.93,left,0.418546151205,0.213927870725,-0.204618280479,decay
52.94,left,0.418786674005,0.213914526808,-0.204872147197,decay
52.95,left,0.419044877142,0.213900822916,-0.205144054225,decay
52.96,left,0.419317082659,0.213886752407,-0.205430330253,decay
52.97,left,0.419598955727,0.213872306761,-0.205726648966,decay
52.98,left,0.419885906141,0.213857477052,-0.206028429089,decay
52.99,left,0.420173486296,0.213842255498,-0.206331230798,decay
53,left,0.420457687721,0.213826637129,-0.206631050592,decay
53.01,left,0.420735182935,0.213810621603,-0.206924561333,decay
53.02,left,0.421003374076,0.213794214956,-0.20720915912,decay
53.03,left,0.421260109463,0.213777430633,-0.207482678829,decay
53.04,left,0.421503333462,0.213760289264,-0.207743044197,decay
53.05,left,0.421730998235,0.21374281759,-0.207988180645,decay
53.06,left,0.421941145786,0.213725047249,-0.208216098537,decay
53.07,left,0.422131995341,0.213707013698,-0.208424981642,decay
53.08,left,0.422302125714,0.213688755268,-0.208613370446,decay
53.09,left,0.4224506799,0.213670312331,-0.208780367569,decay
53.1,left,0.422577320444,0.213651726558,-0.208925593886,decay
53.11,left,0.422681990696,0.21363304024,-0.209048950456,decay
53.12,left,0.422764715267,0.213614295704,-0.209150419562,decay
53.13,left,0.422825457033,0.213595534939,-0.209229922094,decay
53.14,left,0.422864089884,0.213576799518,-0.209287290366,decay
53.15,left,0.422880668182,0.213558130733,-0.209322537449,decay
53.16,left,0.422875839236,0.21353956978,-0.209336269457,decay
53.17,left,0.422850989785,0.213521157935,-0.209329831851,decay
53.18,left,0.422808108148,0.2135029367,-0.209305171448,decay
53.19,left,0.422749672616,0.213484947919,-0.209264724697,decay
53.2,left,0.422678560881,0.213467233846,-0.209211327035,decay
53.21,left,0.422597791195,0.213449837167,-0.209147954027,decay
53.22,left,0.422510260156,0.213432800918,-0.209077459238,decay
53.23,left,0.422418697538,0.213416168176,-0.209002529361,decay
53.24,left,0.422325719654,0.213399981415,-0.208925738239,decay
53.25,left,0.422233867336,0.213384281578,-0.208849585759,decay
53.26,left,0.42214562258,0.213369106954,-0.208776515626,decay
53.27,left,0.422063236734,0.213354491895,-0.208708744839,decay
53.28,left,0.421988299577,0.213340465327,-0.20864783425,decay
53.29,left,0.421921375492,0.213327049041,-0.208594326451,decay
53.3,left,0.421862010745,0.213314255727,-0.208547755019,decay
53.31,left,0.421808997731,0.213302086703,-0.208506911028,decay
53.32,left,0.421760736611,0.213290529727,-0.208470206884,decay
53.33,left,0.421715776431,0.213279558142,-0.208436218289,decay
53.34,left,0.421673453941,0.213269132303,-0.208404321638,decay
53.35,left,0.421634312865,0.213259202596,-0.208375110269,decay
53.36,left,0.421600207979,0.213249712751,-0.208350495227,decay
53.37,left,0.421574113055,0.213240602978,-0.208333510077,decay
53.38,left,0.421559479979,0.213231812933,-0.208327667046,decay
53.39,left,0.42155921422,0.213223284581,-0.208335929639,decay
53.4,left,0.421574717812,0.213214965017,-0.208359752796,decay
53.41,left,0.421605355604,0.213206809296,-0.208398546308,decay
53.42,left,0.421648473521,0.213198783001,-0.208449690521,decay
53.43,left,0.42170003953,0.213190863525,-0.208509176006,decay
53.44,left,0.421755651792,0.213183039299,-0.208572612494,decay
53.45,left,0.421811228724,0.213175307574,-0.208635921151,decay
53.46,left,0.421862992073,0.21316767182,-0.208695320253,decay
53.47,left,0.421907132948,0.213160139166,-0.208746993782,decay
53.48,left,0.421939680197,0.213152717865,-0.208786962332,decay
53.49,left,0.421956649053,0.213145414764,-0.208811234289,decay
53.5,left,0.421954444099,0.213138232709,-0.20881621139,decay
53.51,left,0.421930506383,0.213131167871,-0.208799338512,decay
53.52,left,0.421883885135,0.213124207245,-0.208759677891,decay
53.53,left,0.421815398505,0.213117327298,-0.208698071207,decay
53.54,left,0.421727441675,0.213110494489,-0.208616947187,decay
53.55,left,0.421623573724,0.213103667104,-0.20851990662,decay
53.56,left,0.421507879028,0.213096797412,-0.208411081615,decay
53.57,left,0.421384264885,0.213089833764,-0.208294431121,decay
53.58,left,0.421255990472,0.213082722637,-0.208173267835,decay
53.59,left,0.421125392382,0.213075410674,-0.208049981708,decay
53.6,left,0.420993520719,0.213067846763,-0.207925673956,decay
53.61,left,0.420859755489,0.213059984205,-0.207799771284,decay
53.62,left,0.420721727604,0.213051782777,-0.207669944827,decay
53.63,left,0.420575601925,0.213043210014,-0.207532391911,decay
53.64,left,0.420416692307,0.213034241193,-0.207382451114,decay
53.65,left,0.420240451477,0.213024858443,-0.207215593034,decay
53.66,left,0.420043527772,0.213015049727,-0.207028478045,decay
53.67,left,0.419824341822,0.21300480799,-0.206819533833,decay
53.68,left,0.419583073173,0.212994130494,-0.206588942679,decay
53.69,left,0.419321326203,0.212983018334,-0.206338307869,decay
53.7,left,0.419041645585,0.212971476119,-0.206070169465,decay
53.71,left,0.418747048813,0.212959511823,-0.205787536991,decay
53.72,left,0.418440816466,0.21294713674,-0.205493679726,decay
53.73,left,0.418126489346,0.212934365415,-0.205192123931,decay
53.74,left,0.417807781941,0.212921215412,-0.204886566529,decay
53.75,left,0.417488421667,0.21290770701,-0.204580714657,decay
53.76,left,0.417172150339,0.212893862968,-0.204278287371,decay
53.77,left,0.416862761146,0.212879708412,-0.203983052734,decay
53.78,left,0.416563875254,0.212865270851,-0.203698604403,decay
53.79,left,0.416278579364,0.212850580297,-0.203427999066,decay
53.8,left,0.41600918972,0.212835669508,-0.203173520212,decay
53.81,left,0.415757167333,0.212820574326,-0.202936593007,decay
53.82,left,0.415523240996,0.212805334049,-0.202717906947,decay
53.83,left,0.415307792361,0.212789991554,-0.202517800807,decay
53.84,left,0.415111228055,0.21277459299,-0.202336635065,decay
53.85,left,0.414934075425,0.212759187159,-0.202174888266,decay
53.86,left,0.414776940842,0.212743824834,-0.202033116009,decay
53.87,left,0.414640543371,0.212728558103,-0.201911985268,decay
53.88,left,0.414525768579,0.212713439723,-0.201812328856,decay
53.89,left,0.414433678795,0.212698522458,-0.201735156338,decay
53.9,left,0.414365620192,0.212683858379,-0.201681761813,decay
53.91,left,0.414323404711,0.212669498108,-0.201653906603,decay
53.92,left,0.414309311877,0.212655489991,-0.201653821886,decay
53.93,left,0.414325904219,0.212641879232,-0.201684024987,decay
53.94,left,0.414375825453,0.212628707023,-0.20174711843,decay
53.95,left,0.414461545399,0.212616009593,-0.201845535807,decay
53.96,left,0.414585058663,0.212603817093,-0.20198124157,decay
53.97,left,0.41474770433,0.212592152278,-0.202155552051,decay
53.98,left,0.414950030181,0.212581028936,-0.202369001245,decay
53.99,left,0.415191476583,0.212570450044,-0.202621026538,decay
54,left,0.415469945144,0.212560405624,-0.20290953952,decay
54.01,left,0.415781485416,0.21255087025,-0.203230615166,decay
54.02,left,0.416120159581,0.212541800661,-0.203578358919,decay
54.03,left,0.416478113261,0.212533134954,-0.203944978308,decay
54.04,left,0.416846059869,0.212524794464,-0.204321265405,decay
54.05,left,0.417214202738,0.212516687542,-0.204697515196,decay
54.06,left,0.417573269595,0.212508713736,-0.205064555859,decay
54.07,left,0.417915449907,0.212500767829,-0.205414682078,decay
54.08,left,0.418235167388,0.21249274377,-0.205742423618,decay
54.09,left,0.41852942383,0.212484538582,-0.206044885248,decay
54.1,left,0.418797554323,0.212476056345,-0.206321497979,decay
54.11,left,0.419040636523,0.212467212326,-0.206573424197,decay
54.12,left,0.419260775971,0.212457936886,-0.206802839085,decay
54.13,left,0.419460291049,0.212448177746,-0.207012113303,decay
54.14,left,0.419641003608,0.212437899559,-0.20720310405,decay
54.15,left,0.419803898561,0.212427081637,-0.207376816924,decay
54.16,left,0.419948994452,0.212415715357,-0.207533279095,decay
54.17,left,0.420075162303,0.212403801828,-0.207671360475,decay
54.18,left,0.420180071295,0.212391349862,-0.207788721433,decay
54.19,left,0.4202604743,0.212378374196,-0.207882100104,decay
54.2,left,0.420312636452,0.212364893943,-0.207947742509,decay
54.21,left,0.420332776836,0.212350931251,-0.207981845585,decay
54.22,left,0.420317697958,0.212336510155,-0.207981187804,decay
54.23,left,0.420265531962,0.212321655684,-0.207943876278,decay
54.24,left,0.420176241638,0.212306393269,-0.207869848369,decay
54.25,left,0.420051788037,0.212290748375,-0.207761039663,decay
54.26,left,0.419896052205,0.212274746276,-0.207621305929,decay
54.27,left,0.419714424443,0.212258411933,-0.20745601251,decay
54.28,left,0.419513109245,0.212241769943,-0.207271339301,decay
54.29,left,0.419298446665,0.212224844581,-0.207073602084,decay
54.3,left,0.419076387073,0.212207659901,-0.206868727172,decay
54.31,left,0.418852088937,0.212190239915,-0.206661849022,decay
54.32,left,0.418629813209,0.21217260879,-0.206457204419,decay
54.33,left,0.418413281044,0.212154790944,-0.2062584901,decay
54.34,left,0.418206148315,0.212136810933,-0.206069337382,decay
54.35,left,0.418012129464,0.212118693204,-0.205893436261,decay
54.36,left,0.417834844876,0.212100461822,-0.205734383055,decay
54.37,left,0.41767762543,0.212082140229,-0.205595485201,decay
54.38,left,0.417543211714,0.212063751014,-0.205479460701,decay
54.39,left,0.417433354037,0.212045315696,-0.205388038341,decay
54.4,left,0.417348455446,0.212026854509,-0.205321600937,decay
54.41,left,0.41728726925,0.212008386173,-0.205278883077,decay
54.42,left,0.417246777837,0.21198992767,-0.205256850168,decay
54.43,left,0.4172225116,0.211971494046,-0.205251017554,decay
54.44,left,0.417209208419,0.211953098289,-0.20525611013,decay
54.45,left,0.417201386351,0.211934751228,-0.205266635123,decay
54.46,left,0.417193696487,0.211916461419,-0.205277235068,decay
54.47,left,0.417181332133,0.211898234974,-0.205283097159,decay
54.48,left,0.417160537203,0.21188007535,-0.205280461853,decay
54.49,left,0.417128918768,0.211861983069,-0.205266935699,decay
54.5,left,0.417085511106,0.21184395538,-0.205241555727,decay
54.51,left,0.417030730401,0.211825985852,-0.205204744548,decay
54.52,left,0.416966181552,0.211808064018,-0.205158117534,decay
54.53,left,0.41689435202,0.211790175441,-0.205104176579,decay
54.54,left,0.416818383475,0.211772302507,-0.205046080968,decay
54.55,left,0.416741852679,0.211754425732,-0.204987426947,decay
54.56,left,0.416668370082,0.211736525213,-0.20493184487,decay
54.57,left,0.416601158611,0.211718582087,-0.204882576524,decay
54.58,left,0.416542885984,0.211700580017,-0.204842305967,decay
54.59,left,0.416495638847,0.211682506719,-0.204813132128,decay
54.6,left,0.416460824045,0.211664355579,-0.204796468466,decay
54.61,left,0.416439109073,0.211646127369,-0.204792981704,decay
54.62,left,0.416430494027,0.211627831879,-0.204802662148,decay
54.63,left,0.416434369741,0.211609488796,-0.204824880945,decay
54.64,left,0.41644963031,0.211591127316,-0.204858502994,decay
54.65,left,0.416475096493,0.211572784878,-0.204902311615,decay
54.66,left,0.416510136981,0.211554505715,-0.204955631267,decay
54.67,left,0.416555114335,0.211536339475,-0.20501877486,decay
54.68,left,0.41661150184,0.211518339918,-0.205093161922,decay
54.69,left,0.416681643796,0.211500563647,-0.20518108015,decay
54.7,left,0.416768134587,0.211483068839,-0.205285065747,decay
54.71,left,0.41687306071,0.211465913953,-0.205407146756,decay
54.72,left,0.416997529137,0.211449156429,-0.205548372708,decay
54.73,left,0.417141585214,0.211432851587,-0.205708733627,decay
54.74,left,0.417304334199,0.21141705183,-0.205887282368,decay
54.75,left,0.417484268338,0.211401806029,-0.206082462309,decay
54.76,left,0.417679784401,0.211387158811,-0.20629262559,decay
54.77,left,0.417889458362,0.211373149659,-0.206516308703,decay
54.78,left,0.418111780634,0.211359811777,-0.206751968857,decay
54.79,left,0.418344631818,0.211347170694,-0.206997461125,decay
54.8,left,0.418584815883,0.211335242578,-0.207249573305,decay
54.81,left,0.418827749272,0.211324032234,-0.207503717038,decay
54.82,left,0.419067483242,0.211313531053,-0.20775395219,decay
54.83,left,0.419297122406,0.211303715916,-0.20799340649,decay
54.84,left,0.419509357873,0.211294549769,-0.208214808105,decay
54.85,left,0.419696934984,0.211285983316,-0.208410951668,decay
54.86,left,0.41985319356,0.211277956834,-0.208575236727,decay
54.87,left,0.419972740786,0.211270401693,-0.208702339093,decay
54.88,left,0.420052116843,0.211263241619,-0.208788875225,decay
54.89,left,0.420090371519,0.211256393695,-0.208833977824,decay
54.9,left,0.420089450585,0.211249769181,-0.208839681404,decay
54.91,left,0.420054035445,0.211243274146,-0.208810761299,decay
54.92,left,0.419990628222,0.211236810063,-0.208753818159,decay
54.93,left,0.41990627924,0.211230274682,-0.208676004557,decay
54.94,left,0.419807488196,0.211223563435,-0.208583924761,decay
54.95,left,0.419699485216,0.211216571253,-0.208482913963,decay
54.96,left,0.4195860222,0.211209194565,-0.208376827635,decay
54.97,left,0.419469693235,0.211201333388,-0.208268359847,decay
54.98,left,0.41935244589,0.211192893581,-0.208159552309,decay
54.99,left,0.419235957198,0.211183789308,-0.20805216789,decay
55,left,0.419121911985,0.211173945779,-0.207947966207,decay
55.01,left,0.419012266501,0.211163302331,-0.207848964171,decay
55.02,left,0.4189093226,0.211151815469,-0.207757507132,decay
55.03,left,0.41881554293,0.211139460516,-0.207676082414,decay
55.04,left,0.418733387453,0.211126230862,-0.207607156591,decay
55.05,left,0.418665285141,0.211112135606,-0.207553149536,decay
55.06,left,0.418613543728,0.211097197007,-0.207516346721,decay
55.07,left,0.418580204283,0.211081448321,-0.207498755962,decay
55.08,left,0.418566948896,0.211064932012,-0.207502016884,decay
55.09,left,0.418574913229,0.211047698319,-0.20752721491,decay
55.1,left,0.418604391757,0.211029804139,-0.207574587618,decay
55.11,left,0.4186547497,0.211011312192,-0.207643437509,decay
55.12,left,0.418724622122,0.2109922904,-0.207732331722,decay
55.13,left,0.418812128424,0.210972811315,-0.207839317109,decay
55.14,left,0.418914980191,0.21095295146,-0.207962028731,decay
55.15,left,0.419030586923,0.210932790637,-0.208097796287,decay
55.16,left,0.419156147304,0.210912411317,-0.208243735987,decay
55.17,left,0.419288652002,0.210891898146,-0.208396753856,decay
55.18,left,0.419424892389,0.210871337536,-0.208553554853,decay
55.19,left,0.419561493635,0.210850817318,-0.208710676316,decay
55.2,left,0.419694833046,0.210830426435,-0.20886440661,decay
55.21,left,0.419820977818,0.210810254635,-0.209010723184,decay
55.22,left,0.419935943496,0.210790392107,-0.209145551389,decay
55.23,left,0.420036190433,0.210770928929,-0.209265261504,decay
55.24,left,0.420119086184,0.210751954184,-0.209367132001,decay
55.25,left,0.420183274733,0.210733554795,-0.209449719937,decay
55.26,left,0.420228830278,0.210715814156,-0.209513016122,decay
55.27,left,0.420256961361,0.21069881054,-0.209558150821,decay
55.28,left,0.420269398162,0.210682615284,-0.209586782878,decay
55.29,left,0.420267897732,0.21066729066,-0.209600607072,decay
55.3,left,0.420254034504,0.21065288741,-0.209601147094,decay
55.31,left,0.420229140641,0.210639441876,-0.209589698765,decay
55.32,left,0.420194377353,0.210626973137,-0.209567404216,decay
55.33,left,0.420150926247,0.210615481544,-0.209535444704,decay
55.34,left,0.420100025495,0.210604949713,-0.209495075782,decay
55.35,left,0.420042766213,0.21059534516,-0.209447421053,decay
55.36,left,0.419979955705,0.210586623129,-0.209393332576,decay
55.37,left,0.419912127047,0.210578729045,-0.209333398002,decay
55.38,left,0.41983946967,0.21057160059,-0.20926786908,decay
55.39,left,0.41976165631,0.21056516945,-0.20919648686,decay
55.4,left,0.419677677647,0.210559362772,-0.209118314875,decay
55.41,left,0.419585711382,0.210554104374,-0.209031607008,decay
55.42,left,0.419483184855,0.210549315762,-0.208933869094,decay
55.43,left,0.41936726381,0.210544917004,-0.208822346807,decay
55.44,left,0.419235605949,0.210540827541,-0.208694778408,decay
55.45,left,0.419086897394,0.210536966934,-0.20854993046,decay
55.46,left,0.41892101433,0.21053325555,-0.208387758781,decay
55.47,left,0.418739040916,0.210529615204,-0.208209425712,decay
55.48,left,0.418543199397,0.210525969789,-0.208017229608,decay
55.49,left,0.41833660616,0.210522245919,-0.207814360241,decay
55.5,left,0.418123024913,0.210518373612,-0.207604651301,decay
55.51,left,0.417906735178,0.210514287057,-0.207392448121,decay
55.52,left,0.41769234338,0.210509925359,-0.207182418021,decay
55.53,left,0.417484526629,0.210505232942,-0.206979293687,decay
55.54,left,0.417287867842,0.210500159363,-0.206787708478,decay
55.55,left,0.41710671405,0.210494658749,-0.206612055302,decay
55.56,left,0.416944946269,0.210488689231,-0.206456257038,decay
55.57,left,0.416805767358,0.210482212545,-0.206323554812,decay
55.58,left,0.41669159428,0.210475193798,-0.206216400482,decay
55.59,left,0.416603946912,0.210467601418,-0.206136345494,decay
55.6,left,0.416543331045,0.210459407299,-0.206083923746,decay
55.61,left,0.416509332785,0.210450587134,-0.206058745652,decay
55.62,left,0.41650090525,0.210441120866,-0.206059784384,decay
55.63,left,0.416516582987,0.210430992949,-0.206085590037,decay
55.64,left,0.416554627761,0.210420192182,-0.206134435579,decay
55.65,left,0.416613172756,0.210408711314,-0.206204461442,decay
55.66,left,0.416690122114,0.210396546732,-0.206293575383,decay
55.67,left,0.416782754965,0.210383698366,-0.2063990566,decay
55.68,left,0.416887429074,0.21037016982,-0.206517259253,decay
55.69,left,0.41699962298,0.21035596874,-0.206643654241,decay
55.7,left,0.417114230431,0.210341107404,-0.206773123027,decay
55.71,left,0.417226121653,0.21032560357,-0.206900518084,decay
55.72,left,0.417331010884,0.210309481392,-0.207021529492,decay
55.73,left,0.417426323254,0.210292771897,-0.207133551357,decay
55.74,left,0.417511666159,0.210275512609,-0.20723615355,decay
55.75,left,0.417588831269,0.210257746626,-0.207331084643,decay
55.76,left,0.417661312665,0.210239521666,-0.207421790998,decay
55.77,left,0.417733245297,0.210220889305,-0.207512355993,decay
55.78,left,0.41780806798,0.210201904376,-0.207606163604,decay
55.79,left,0.41788754129,0.210182624537,-0.207704916753,decay
55.8,left,0.417971417087,0.210163109967,-0.20780830712,decay
55.81,left,0.418057689645,0.210143423169,-0.207914266477,decay
55.82,left,0.418143286093,0.210123628829,-0.208019657264,decay
55.83,left,0.418224888662,0.210103793549,-0.208121095113,decay
55.84,left,0.41829950745,0.210083985312,-0.208215522138,decay
55.85,left,0.418364796033,0.210064272753,-0.20830052328,decay
55.86,left,0.418419364353,0.21004472437,-0.208374639983,decay
55.87,left,0.418463062218,0.210025407686,-0.208437654532,decay
55.88,left,0.4184970422,0.210006388372,-0.208490653828,decay
55.89,left,0.418523670255,0.209987729272,-0.208535940984,decay
55.9,left,0.418546352595,0.209969489309,-0.208576863286,decay
55.91,left,0.418569064811,0.209951722246,-0.208617342565,decay
55.92,left,0.41859556911,0.209934475427,-0.208661093683,decay
55.93,left,0.418628733521,0.209917789029,-0.208710944492,decay
55.94,left,0.41867023104,0.209901696209,-0.208768534831,decay
55.95,left,0.418720575228,0.209886223816,-0.208834351412,decay
55.96,left,0.418779454343,0.209871393121,-0.208908061223,decay
55.97,left,0.418846234573,0.209857220306,-0.208989014267,decay
55.98,left,0.418920309744,0.20984371673,-0.209076593013,decay
55.99,left,0.419001218321,0.209830888939,-0.209170329382,decay
56,left,0.41908878427,0.209818738436,-0.209270045834,decay
56.01,left,0.419183339695,0.209807261205,-0.20937607849,decay
56.02,left,0.419285766557,0.209796447137,-0.20948931942,decay
56.03,left,0.419397264412,0.209786279858,-0.209610984554,decay
56.04,left,0.41951899829,0.209776737351,-0.209742260939,decay
56.05,left,0.419651641336,0.209767793073,-0.209883848264,decay
56.06,left,0.419794860307,0.209759417093,-0.210035443214,decay
56.07,left,0.419947124779,0.209751577035,-0.210195547744,decay
56.08,left,0.42010603027,0.209744238842,-0.210361791428,decay
56.09,left,0.420268848151,0.209737367379,-0.210531480772,decay
56.1,left,0.420433100959,0.209730926895,-0.210702174065,decay
56.11,left,0.420597117279,0.209724881349,-0.210872235931,decay
56.12,left,0.420760280049,0.209719194617,-0.211041085432,decay
56.13,left,0.420922741474,0.209713830511,-0.211208910964,decay
56.14,left,0.421084822585,0.209708752585,-0.21137607,decay
56.15,left,0.421246421481,0.209703923772,-0.21154249771,decay
56.16,left,0.421406514485,0.209699305905,-0.21170720858,decay
56.17,left,0.421562865255,0.209694859166,-0.211868006089,decay
56.18,left,0.421712235966,0.20969054144,-0.212021694526,decay
56.19,left,0.421851028389,0.209686307608,-0.212164720781,decay
56.2,left,0.421975871295,0.209682108747,-0.212293762548,decay
56.21,left,0.4220839654,0.209677891252,-0.212406074147,decay
56.22,left,0.422173253579,0.209673596026,-0.212499657553,decay
56.23,left,0.422242331966,0.209669158171,-0.212573173795,decay
56.24,left,0.422290139076,0.20966450755,-0.212625631527,decay
56.25,left,0.422315699313,0.209659569969,-0.212656129344,decay
56.26,left,0.422317984367,0.209654268563,-0.212663715804,decay
56.27,left,0.422295709155,0.209648525222,-0.212647183933,decay
56.28,left,0.422247091535,0.209642262094,-0.212604829442,decay
56.29,left,0.422169771292,0.209635403201,-0.21253436809,decay
56.3,left,0.42206089926,0.209627876219,-0.212433023041,decay
56.31,left,0.421917424931,0.209619614457,-0.212297810475,decay
56.32,left,0.42173677505,0.209610558887,-0.212126216163,decay
56.33,left,0.421517782513,0.209600659594,-0.21191712292,decay
56.34,left,0.421261319104,0.209589876177,-0.211671442928,decay
56.35,left,0.420970414097,0.209578177517,-0.21139223658,decay
56.36,left,0.420650097384,0.2095655416,-0.211084555783,decay
56.37,left,0.420307028268,0.209551955689,-0.210755072579,decay
56.38,left,0.419948829651,0.209537416877,-0.210411412774,decay
56.39,left,0.419583326093,0.20952193304,-0.210061393054,decay
56.4,left,0.419217870806,0.209505524192,-0.209712346614,decay
56.41,left,0.418858740179,0.209488224279,-0.209370515901,decay
56.42,left,0.41851075711,0.209470082998,-0.209040674112,decay
56.43,left,0.418177369661,0.209451166405,-0.208726203256,decay
56.44,left,0.417861032946,0.209431555316,-0.208429477629,decay
56.45,left,0.41756361849,0.209411342212,-0.208152276279,decay
56.46,left,0.41728688033,0.209390627901,-0.207896252429,decay
56.47,left,0.417032996409,0.209369518422,-0.207663477987,decay
56.48,left,0.41680484521,0.209348122157,-0.207456723054,decay
56.49,left,0.416605834151,0.20932654707,-0.207279287081,decay
56.5,left,0.416439563071,0.209304898029,-0.207134665042,decay
56.51,left,0.416309506826,0.209283274106,-0.20702623272,decay
56.52,left,0.416218646708,0.209261766071,-0.206956880637,decay
56.53,left,0.416169114227,0.209240454792,-0.206928659436,decay
56.54,left,0.416161905257,0.209219411084,-0.206942494173,decay
56.55,left,0.416196539537,0.20919869655,-0.206997842987,decay
56.56,left,0.416270774023,0.209178364563,-0.20709240946,decay
56.57,left,0.416380751913,0.209158461077,-0.207222290836,decay
56.58,left,0.416521645845,0.209139025213,-0.207382620632,decay
56.59,left,0.416688443581,0.20912008964,-0.207568353941,decay
56.6,left,0.416876626433,0.209101680725,-0.207774945708,decay
56.61,left,0.417082647065,0.209083818471,-0.207998828594,decay
56.62,left,0.417303984192,0.209066516313,-0.208237467879,decay
56.63,left,0.417538737893,0.209049781103,-0.208488956789,decay
56.64,left,0.417785175275,0.209033613511,-0.208751561764,decay
56.65,left,0.418041483141,0.209018008662,-0.209023474479,decay
56.66,left,0.418305557401,0.209002956698,-0.209302600703,decay
56.67,left,0.418574773727,0.208988443125,-0.209586330602,decay
56.68,left,0.418845862145,0.208974448953,-0.209871413193,decay
56.69,left,0.419114770157,0.208960950623,-0.210153819533,decay
56.7,left,0.419376387236,0.208947919742,-0.210428467493,decay
56.71,left,0.419624393633,0.208935322603,-0.21068907103,decay
56.72,left,0.419851542539,0.208923119668,-0.210928422871,decay
56.73,left,0.420050288018,0.208911265481,-0.211139022537,decay
56.74,left,0.420213533442,0.208899709378,-0.211313824064,decay
56.75,left,0.420335443893,0.208888396747,-0.211447047146,decay
56.76,left,0.420412141106,0.208877270379,-0.211534870728,decay
56.77,left,0.420441991999,0.208866271721,-0.211575720279,decay
56.78,left,0.420425572392,0.208855342075,-0.211570230318,decay
56.79,left,0.42036551643,0.208844423755,-0.211521092676,decay
56.8,left,0.420266231621,0.208833461242,-0.211432770379,decay
56.81,left,0.420133585529,0.208822402376,-0.211311183153,decay
56.82,left,0.41997479507,0.208811199506,-0.211163595564,decay
56.83,left,0.419798401077,0.208799810338,-0.210998590738,decay
56.84,left,0.419614009905,0.20878819827,-0.210825811635,decay
56.85,left,0.419431781248,0.208776332399,-0.210655448849,decay
56.86,left,0.419261835976,0.208764187543,-0.210497648433,decay
56.87,left,0.419113569189,0.208751744393,-0.210361824797,decay
56.88,left,0.418994866815,0.20873898984,-0.210255876976,decay
56.89,left,0.418911544573,0.208725917468,-0.210185627105,decay
56.9,left,0.418867258896,0.208712528231,-0.210154730665,decay
56.91,left,0.418863787449,0.208698831331,-0.210164956119,decay
56.92,left,0.418901606689,0.20868484509,-0.210216761599,decay
56.93,left,0.418980737061,0.2086705972,-0.210310139861,decay
56.94,left,0.419101494552,0.208656123845,-0.210445370707,decay
56.95,left,0.419264771282,0.208641468063,-0.210623303219,decay
56.96,left,0.419471884579,0.208626677965,-0.210845206614,decay
56.97,left,0.419724088518,0.208611805062,-0.211112283455,decay
56.98,left,0.420021728155,0.208596902678,-0.211424825476,decay
56.99,left,0.420363324196,0.208582024411,-0.211781299785,decay
57,left,0.420745053426,0.208567222608,-0.212177830819,decay
57.01,left,0.421160737038,0.208552546811,-0.212608190228,decay
57.02,left,0.421602191343,0.208538042282,-0.213064149062,decay
57.03,left,0.422059921627,0.208523748989,-0.213536172639,decay
57.04,left,0.422524040462,0.20850970135,-0.214014339111,decay
57.05,left,0.422984938741,0.208495928485,-0.214489010256,decay
57.06,left,0.423433456228,0.208482454509,-0.214951001719,decay
57.07,left,0.423860817138,0.2084692987,-0.215391518438,decay
57.08,left,0.424258548571,0.20845647552,-0.215802073051,decay
57.09,left,0.424618420746,0.208443994467,-0.216174426279,decay
57.1,left,0.424932565305,0.208431859775,-0.21650070553,decay
57.11,left,0.425193772699,0.208420069943,-0.216773702757,decay
57.12,left,0.425395676879,0.208408617213,-0.216987059666,decay
57.13,left,0.425532793979,0.208397487407,-0.217135306571,decay
57.14,left,0.425600762467,0.208386660409,-0.217214102058,decay
57.15,left,0.425596904046,0.208376111086,-0.217220792959,decay
57.16,left,0.425520793386,0.208365810247,-0.217154983139,decay
57.17,left,0.425374597654,0.208355725472,-0.217018872182,decay
57.18,left,0.425163156171,0.208345821838,-0.216817334333,decay
57.19,left,0.424893628304,0.208336062543,-0.216557565761,decay
57.2,left,0.424574655981,0.208326409462,-0.21624824652,decay
57.21,left,0.424215461803,0.208316823637,-0.215898638166,decay
57.22,left,0.423825237941,0.208307265757,-0.215517972184,decay
57.23,left,0.423412729012,0.208297696688,-0.215115032324,decay
57.24,left,0.422985897633,0.208288078124,-0.214697819509,decay
57.25,left,0.422551732472,0.208278373352,-0.21427335912,decay
57.26,left,0.422116123548,0.208268548072,-0.213847575475,decay
57.27,left,0.421683698643,0.20825857129,-0.213425127353,decay
57.28,left,0.421257742577,0.208248416283,-0.213009326293,decay
57.29,left,0.420840281769,0.208238061679,-0.21260222009,decay
57.3,left,0.420432194137,0.208227492659,-0.212204701479,decay
57.31,left,0.420033304598,0.208216702314,-0.211816602284,decay
57.32,left,0.419642640089,0.208205692963,-0.211436947126,decay
57.33,left,0.41925884232,0.208194476736,-0.211064365584,decay
57.34,left,0.418880516785,0.208183074924,-0.210697441861,decay
57.35,left,0.418506503405,0.208171516481,-0.210334986924,decay
57.36,left,0.418136134854,0.208159836357,-0.209976298498,decay
57.37,left,0.417769285059,0.208148073947,-0.209621211112,decay
57.38,left,0.417406135642,0.208136271644,-0.209269863998,decay
57.39,left,0.417046943407,0.208124473451,-0.208922469955,decay
57.4,left,0.41669193975,0.208112723637,-0.208579216113,decay
57.41,left,0.416341255001,0.208101065388,-0.208240189613,decay
57.42,left,0.415994904497,0.208089539496,-0.207905365002,decay
57.43,left,0.415652903409,0.20807818321,-0.207574720199,decay
57.44,left,0.415315374638,0.208067029377,-0.207248345261,decay
57.45,left,0.41498257245,0.208056105729,-0.206926466721,decay
57.46,left,0.414654991922,0.208045434128,-0.206609557794,decay
57.47,left,0.414333600949,0.208035029659,-0.206298571291,decay
57.48,left,0.414019958434,0.208024899557,-0.205995058877,decay
57.49,left,0.413716185164,0.208015041949,-0.205701143215,decay
57.5,left,0.41342493575,0.208005444368,-0.205419491382,decay
57.51,left,0.413149288714,0.207996082047,-0.205153206668,decay
57.52,left,0.412892473342,0.207986916334,-0.204905557008,decay
57.53,left,0.412657594974,0.207977894429,-0.204679700545,decay
57.54,left,0.412447388723,0.207968951355,-0.204478437368,decay
57.55,left,0.412263821386,0.207960013518,-0.204303807868,decay
57.56,left,0.4121076721,0.207951002667,-0.204156669433,decay
57.57,left,0.411978544013,0.20794183983,-0.204036704183,decay
57.58,left,0.411875418147,0.207932449253,-0.203942968894,decay
57.59,left,0.411797372044,0.207922762426,-0.203874609618,decay
57.6,left,0.411744103224,0.207912722287,-0.203831380937,decay
57.61,left,0.411716093271,0.207902287673,-0.203813805598,decay
57.62,left,0.411714295282,0.207891437499,-0.203822857783,decay
57.63,left,0.411739471274,0.20788017279,-0.203859298484,decay
57.64,left,0.411791587283,0.207868515171,-0.203923072112,decay
57.65,left,0.411869467079,0.20785650289,-0.20401296419,decay
57.66,left,0.411970696136,0.207844186296,-0.20412650984,decay
57.67,left,0.412091938468,0.207831623539,-0.204260314929,decay
57.68,left,0.412229695368,0.20781887646,-0.204410818908,decay
57.69,left,0.412381097499,0.207806006609,-0.20457509089,decay
57.7,left,0.41254440724,0.207793071298,-0.204751335941,decay
57.71,left,0.412719277955,0.207780119624,-0.204939158331,decay
57.72,left,0.412906713281,0.2077671888,-0.20513952448,decay
57.73,left,0.413108485938,0.207754302079,-0.205354183859,decay
57.74,left,0.413326164658,0.207741469197,-0.205584695461,decay
57.75,left,0.413560257174,0.207728688614,-0.20583156856,decay
57.76,left,0.413809671883,0.207715950162,-0.206093721722,decay
57.77,left,0.41407146909,0.20770323761,-0.206368231479,decay
57.78,left,0.414341056167,0.207690531113,-0.206650525053,decay
57.79,left,0.414612815846,0.207677809597,-0.206935006249,decay
57.8,left,0.414880833412,0.207665053125,-0.207215780286,decay
57.81,left,0.415139560153,0.20765224529,-0.207487314863,decay
57.82,left,0.415384407445,0.207639375447,-0.207745031998,decay
57.83,left,0.415612080347,0.207626440169,-0.207985640177,decay
57.84,left,0.415820525465,0.207613443443,-0.208207082021,decay
57.85,left,0.416008694974,0.207600395989,-0.208408298985,decay
57.86,left,0.416176325482,0.207587314394,-0.208589011088,decay
57.87,left,0.416323705115,0.207574220324,-0.208749484792,decay
57.88,left,0.416451477863,0.207561139824,-0.20889033804,decay
57.89,left,0.416560648837,0.207548102696,-0.209012546141,decay
57.9,left,0.416652617699,0.207535141927,-0.209117475772,decay
57.91,left,0.416728912849,0.207522293156,-0.209206619693,decay
57.92,left,0.416790779827,0.207509594171,-0.209281185656,decay
57.93,left,0.416838956455,0.20749708443,-0.209341872026,decay
57.94,left,0.416873636715,0.207484804586,-0.209388832128,decay
57.95,left,0.416894628459,0.207472796018,-0.209421832441,decay
57.96,left,0.416901809809,0.207461100304,-0.209440709505,decay
57.97,left,0.416895674949,0.207449758643,-0.209445916306,decay
57.98,left,0.416877612223,0.207438811185,-0.209438801038,decay
57.99,left,0.416849871982,0.207428296256,-0.209421575726,decay
58,left,0.41681533158,0.207418249461,-0.209397082118,decay
58.01,left,0.416777003502,0.207408702625,-0.209368300876,decay
58.02,left,0.416737380565,0.207399682653,-0.209337697912,decay
58.03,left,0.416698025503,0.207391210543,-0.209306814959,decay
58.04,left,0.416659520723,0.207383300739,-0.209276219984,decay
58.05,left,0.416621469851,0.207375960654,-0.209245509197,decay
58.06,left,0.416582486532,0.207369190063,-0.209213296468,decay
58.07,left,0.416540366481,0.20736298025,-0.209177386231,decay
58.08,left,0.416492381465,0.207357312864,-0.209135068602,decay
58.09,left,0.416435521912,0.207352158498,-0.209083363414,decay
58.1,left,0.416366719014,0.207347474947,-0.209019244067,decay
58.11,left,0.416283056418,0.207343205136,-0.208939851282,decay
58.12,left,0.416181914186,0.207339275123,-0.208842639063,decay
58.13,left,0.416061206016,0.20733559348,-0.208725612536,decay
58.14,left,0.41591987213,0.207332053048,-0.208587819082,decay
58.15,left,0.41575839328,0.207328534372,-0.208429858909,decay
58.16,left,0.415578974345,0.207324909514,-0.208254064831,decay
58.17,left,0.415385403218,0.207321045784,-0.208064357434,decay
58.18,left,0.415182746072,0.20731680941,-0.207865936662,decay
58.19,left,0.414976808848,0.207312069264,-0.207664739583,decay
58.2,left,0.414773349373,0.207306700712,-0.207466648661,decay
58.21,left,0.414577318802,0.2073005897,-0.207276729102,decay
58.22,left,0.414392312081,0.207293636716,-0.207098675364,decay
58.23,left,0.414220258492,0.207285759314,-0.206934499178,decay
58.24,left,0.414061519125,0.207276892221,-0.206784626904,decay
58.25,left,0.41391543328,0.207266985849,-0.206648447431,decay
58.26,left,0.413781003409,0.207256004655,-0.206524998754,decay
58.27,left,0.413657451602,0.207243925929,-0.206413525674,decay
58.28,left,0.413544647857,0.207230739058,-0.2063139088,decay
58.29,left,0.413443358568,0.207216445258,-0.206226913309,decay
58.3,left,0.413355129,0.20720105777,-0.206154071229,decay
58.31,left,0.413281862077,0.207184602523,-0.206097259554,decay
58.32,left,0.41322539952,0.207167119014,-0.206058280506,decay
58.33,left,0.41318719773,0.207148660599,-0.206038537131,decay
58.34,left,0.413168084082,0.207129293585,-0.206038790498,decay
58.35,left,0.413168276658,0.207109095553,-0.206059181104,decay
58.36,left,0.413187641199,0.207088153716,-0.206099487483,decay
58.37,left,0.413225803057,0.207066563601,-0.206159239456,decay
58.38,left,0.413281987187,0.20704442806,-0.206237559127,decay
58.39,left,0.413354835392,0.207021856551,-0.20633297884,decay
58.4,left,0.41344233858,0.206998964665,-0.206443373914,decay
58.41,left,0.413541854045,0.206975873857,-0.206565980189,decay
58.42,left,0.413650246585,0.206952711187,-0.206697535398,decay
58.43,left,0.413764168049,0.206929608535,-0.206834559515,decay
58.44,left,0.413880375191,0.206906700852,-0.206973674339,decay
58.45,left,0.413996071186,0.206884123692,-0.207111947494,decay
58.46,left,0.414109279945,0.206862010462,-0.207247269483,decay
58.47,left,0.414218958467,0.206840489541,-0.207378468926,decay
58.48,left,0.414324592007,0.206819681203,-0.207504910804,decay
58.49,left,0.414425611206,0.206799694263,-0.207625916943,decay
58.5,left,0.414521061006,0.206780622359,-0.207740438647,decay
58.51,left,0.414609454829,0.206762539793,-0.207846915036,decay
58.52,left,0.41468870078,0.206745497439,-0.207943203341,decay
58.53,left,0.414756224896,0.20672952051,-0.208026704386,decay
58.54,left,0.414809270493,0.206714609544,-0.208094660949,decay
58.55,left,0.414845235639,0.206700743553,-0.208144492086,decay
58.56,left,0.414862092763,0.206687883431,-0.208174209332,decay
58.57,left,0.414858856748,0.20667597488,-0.208182881868,decay
58.58,left,0.414835740709,0.206664950847,-0.208170789861,decay
58.59,left,0.414793803204,0.20665473352,-0.208139069684,decay
58.6,left,0.414734444076,0.206645235925,-0.208089208151,decay
58.61,left,0.414659124003,0.206636363184,-0.208022760819,decay
58.62,left,0.414569276663,0.206628013548,-0.207941263114,decay
58.63,left,0.414466353221,0.206620079513,-0.207846273707,decay
58.64,left,0.414351981939,0.206612449254,-0.207739532685,decay
58.65,left,0.414227999277,0.206605008288,-0.207622990989,decay
58.66,left,0.414096232596,0.206597641133,-0.207498591463,decay
58.67,left,0.413958290996,0.206590232923,-0.207368058073,decay
58.68,left,0.413815533148,0.206582671,-0.207232862147,decay
58.69,left,0.413669111732,0.206574846567,-0.207094265165,decay
58.7,left,0.413520088993,0.206566656427,-0.206953432566,decay
58.71,left,0.4133696893,0.206558004884,-0.206811684416,decay
58.72,left,0.41321948178,0.206548805618,-0.206670676162,decay
58.73,left,0.413071243951,0.206538982846,-0.206532261105,decay
58.74,left,0.412926658887,0.206528471261,-0.206398187626,decay
58.75,left,0.412787127438,0.206517215193,-0.206269912245,decay
58.76,left,0.412653671631,0.206505167748,-0.206148503883,decay
58.77,left,0.412526927394,0.206492290248,-0.206034637146,decay
58.78,left,0.412407451499,0.206478552002,-0.205928899497,decay
58.79,left,0.4122962538,0.206463930405,-0.205832323396,decay
58.8,left,0.412195185567,0.206448411391,-0.205746774177,decay
58.81,left,0.412107110774,0.206431990236,-0.205675120537,decay
58.82,left,0.412035909401,0.206414672536,-0.205621236865,decay
58.83,left,0.411986183347,0.206396474747,-0.2055897086,decay
58.84,left,0.411962679804,0.206377423839,-0.205585255964,decay
58.85,left,0.411969708591,0.206357556393,-0.205612152198,decay
58.86,left,0.412010744963,0.206336917775,-0.205673827188,decay
58.87,left,0.41208821931,0.206315561641,-0.205772657669,decay
58.88,left,0.412203521746,0.206293549752,-0.205909971994,decay
58.89,left,0.4123572035,0.206270952115,-0.206086251385,decay
58.9,left,0.412549070701,0.2062478474,-0.2063012233,decay
58.91,left,0.412777952452,0.206224323659,-0.206553628793,decay
58.92,left,0.41304139123,0.206200479021,-0.206840912209,decay
58.93,left,0.413335528968,0.206176421479,-0.207159107488,decay
58.94,left,0.413655205208,0.206152267073,-0.207502938135,decay
58.95,left,0.413994316663,0.206128136907,-0.207866179756,decay
58.96,left,0.414346462702,0.206104153864,-0.208242308837,decay
58.97,left,0.414705598808,0.206080439312,-0.208625159496,decay
58.98,left,0.415066393935,0.206057109741,-0.209009284194,decay
58.99,left,0.415424360342,0.206034273262,-0.20939008708,decay
59,left,0.415775914396,0.206012025879,-0.209763888517,decay
59.01,left,0.416118235818,0.205990447439,-0.210127788379,decay
59.02,left,0.416448862611,0.205969597748,-0.210479264863,decay
59.03,left,0.416765317383,0.205949514526,-0.210815802857,decay
59.04,left,0.417064929473,0.20593021447,-0.211134715003,decay
59.05,left,0.417344721965,0.20591169643,-0.211433025535,decay
59.06,left,0.417601406379,0.205893944924,-0.211707461455,decay
59.07,left,0.417831588095,0.205876933289,-0.211954654806,decay
59.08,left,0.418031946672,0.20586062647,-0.212171320202,decay
59.09,left,0.418199192845,0.205844983484,-0.212354209361,decay
59.1,left,0.41832998671,0.205829959615,-0.212500027095,decay
59.11,left,0.418420977557,0.205815508385,-0.212605469172,decay
59.12,left,0.418468934631,0.205801583271,-0.21266735136,decay
59.13,left,0.418471039028,0.205788139015,-0.212682900013,decay
59.14,left,0.418425362614,0.205775132391,-0.212650230223,decay
59.15,left,0.418331246724,0.205762522583,-0.212568724141,decay
59.16,left,0.418189355937,0.20575027139,-0.212439084547,decay
59.17,left,0.418001580576,0.205738343373,-0.212263237203,decay
59.18,left,0.417770944227,0.205726705946,-0.212044238282,decay
59.19,left,0.417501420716,0.205715329437,-0.211786091279,decay
59.2,left,0.417197765151,0.205704187122,-0.21149357803,decay
59.21,left,0.41686560408,0.205693255236,-0.211172348844,decay
59.22,left,0.416511603564,0.205682512993,-0.210829090571,decay
59.23,left,0.41614333605,0.20567194267,-0.210471393379,decay
59.24,left,0.415768789572,0.205661529811,-0.210107259761,decay
59.25,left,0.415395650118,0.20565126352,-0.209744386598,decay
59.26,left,0.415030510565,0.205641136793,-0.209389373772,decay
59.27,left,0.414678316599,0.205631146888,-0.209047169711,decay
59.28,left,0.414342340568,0.20562129571,-0.208721044857,decay
59.29,left,0.414024570423,0.205611590253,-0.20841298017,decay
59.3,left,0.413726176747,0.20560204307,-0.208124133677,decay
59.31,left,0.413447971074,0.20559267281,-0.207855298264,decay
59.32,left,0.413190882938,0.205583504634,-0.207607378305,decay
59.33,left,0.412956261072,0.205574570019,-0.207381691053,decay
59.34,left,0.412745859891,0.205565905548,-0.207179954343,decay
59.35,left,0.412561680439,0.205557550955,-0.207004129484,decay
59.36,left,0.412405797406,0.205549546908,-0.206856250498,decay
59.37,left,0.41228016024,0.205541932716,-0.206738227524,decay
59.38,left,0.412186481712,0.205534743928,-0.206651737783,decay
59.39,left,0.412126249733,0.205528009767,-0.206598239966,decay
59.4,left,0.412100592983,0.205521750362,-0.206578842621,decay
59.41,left,0.41210988376,0.205515973725,-0.206593910035,decay
59.42,left,0.412153372858,0.205510672842,-0.206642700016,decay
59.43,left,0.412229096417,0.205505824186,-0.206723272231,decay
59.44,left,0.412334024192,0.205501388628,-0.206832635565,decay
59.45,left,0.412464434528,0.205497314004,-0.206967120524,decay
59.46,left,0.412616490518,0.205493537997,-0.207122952522,decay
59.47,left,0.412786734798,0.205489990813,-0.207296743985,decay
59.48,left,0.412972239602,0.20548659767,-0.207485641932,decay
59.49,left,0.413170506042,0.205483281142,-0.2076872249,decay
59.5,left,0.413379240497,0.205479963429,-0.207899277069,decay
59.51,left,0.41359599643,0.205476568601,-0.208119427829,decay
59.52,left,0.413817837493,0.205473024698,-0.208344812795,decay
59.53,left,0.414041195707,0.205469265213,-0.208571930494,decay
59.54,left,0.41426181203,0.205465229582,-0.208796582449,decay
59.55,left,0.41447471246,0.205460863035,-0.209013849425,decay
59.56,left,0.414674507111,0.205456116356,-0.209218390755,decay
59.57,left,0.414856126488,0.205450945787,-0.209405180701,decay
59.58,left,0.415015618784,0.205445313129,-0.209570305655,decay
59.59,left,0.415150665075,0.20543918602,-0.209711479056,decay
59.6,left,0.415260792277,0.205432538436,-0.209828253842,decay
59.61,left,0.415347188329,0.205425351408,-0.209921836921,decay
59.62,left,0.415412002686,0.205417613796,-0.20999438889,decay
59.63,left,0.415457471913,0.205409322537,-0.210048149375,decay
59.64,left,0.415485344678,0.205400481951,-0.210084862727,decay
59.65,left,0.415496646252,0.205391102404,-0.210105543849,decay
59.66,left,0.415491675961,0.205381198939,-0.210110477022,decay
59.67,left,0.415470278244,0.205370790098,-0.210099488146,decay
59.68,left,0.415432277423,0.205359896922,-0.210072380501,decay
59.69,left,0.41537786068,0.205348542127,-0.210029318554,decay
59.7,left,0.415307944625,0.20533674942,-0.209971195205,decay
59.71,left,0.415224577953,0.205324542956,-0.209900034997,decay
59.72,left,0.415131108394,0.205311946912,-0.209819161482,decay
59.73,left,0.415031905372,0.205298985224,-0.209732920148,decay
59.74,left,0.414931899433,0.205285681476,-0.209646217957,decay
59.75,left,0.414836216813,0.20527205894,-0.209564157873,decay
59.76,left,0.41474977341,0.205258140704,-0.209491632706,decay
59.77,left,0.414676729755,0.205243949883,-0.209432779872,decay
59.78,left,0.414619978561,0.205229509902,-0.209390468659,decay
59.79,left,0.414580737646,0.205214844858,-0.209365892788,decay
59.8,left,0.414558334718,0.205199979947,-0.209358354771,decay
59.81,left,0.41455044365,0.205184941973,-0.209365501676,decay
59.82,left,0.414553743957,0.205169759784,-0.209383984173,decay
59.83,left,0.414564604829,0.205154464192,-0.209410140637,decay
59.84,left,0.414579582972,0.20513908704,-0.209440495932,decay
59.85,left,0.414595783984,0.205123659634,-0.20947212435,decay
59.86,left,0.414610968015,0.205108210987,-0.209502757029,decay
59.87,left,0.414623241183,0.205092766015,-0.209530475168,decay
59.88,left,0.414630562511,0.205077343685,-0.209553218826,decay
59.89,left,0.414630418986,0.205061955059,-0.209568463928,decay
59.9,left,0.41461970216,0.205046601207,-0.209573100952,decay
59.91,left,0.414594767424,0.205031270966,-0.209563496458,decay
59.92,left,0.414551821052,0.205015938844,-0.209535882209,decay
59.93,left,0.414487539612,0.205000564194,-0.209486975418,decay
59.94,left,0.414399604774,0.204985092485,-0.209414512289,decay
59.95,left,0.414287072085,0.20496945806,-0.209317614025,decay
59.96,left,0.414150580087,0.204953587258,-0.209196992828,decay
59.97,left,0.413992257048,0.204937401506,-0.209054855541,decay
59.98,left,0.413815379243,0.204920820379,-0.208894558864,decay
59.99,left,0.413624114279,0.204903764719,-0.20872034956,decay
60,left,0.413423435296,0.204886159868,-0.208537275428,decay
