% Model:              1D_PoST5400um_12.mph
% Version:            COMSOL 6.2.0.415
% Date:               Jul 3 2026, 21:30
% Table:              プローブテーブル 2 - 
% Time (ms)              温度 (K), 吸収体              温度 (K), TES              ec.Jx*nx (A)             ec.Jx*nx (A)
0                        0.16154781381516495      0.16152440562891268      -1.061963095210388E-4    -1.0619445549601567E-4
0.001                    0.16154859853954354      0.16152449328647986      -1.0619286186929467E-4   -1.0619100789416312E-4
0.002                    0.1615486231149879       0.1615245756488003       -1.0618962260396778E-4   -1.0618776864339433E-4
0.003                    0.16154862732074385      0.16152462486276853      -1.0618768709592031E-4   -1.0618583313328397E-4
0.004                    0.16154862886246088      0.16152465700150584      -1.0618642315111688E-4   -1.061845691816627E-4
0.005                    0.1615486297328938       0.16152467914124524      -1.0618555245494589E-4   -1.0618369847788108E-4
0.006                    0.16154863033656763      0.16152469482246512      -1.0618493576031299E-4   -1.0618308177622777E-4
0.007                    0.16154863080261123      0.1615247062048763       -1.0618448812846756E-4   -1.0618263413837967E-4
0.008                    0.16154863117761264      0.1615247144801989       -1.0618416268918848E-4   -1.0618230869414156E-4
0.009000000000000001     0.16154863148950296      0.16152472052814526      -1.0618392484535516E-4   -1.0618207084629463E-4
0.01                     0.1615486317554083       0.16152472497423215      -1.061837499973677E-4    -1.0618189599510231E-4
0.011                    0.16154863198714037      0.16152472829126405      -1.0618361955260095E-4   -1.0618176554777145E-4
0.012                    0.1615486321913609       0.1615247307548117       -1.0618352267209987E-4   -1.0618166866523892E-4
0.013000000000000001     0.16154863237251318      0.1615247325500885       -1.0618345207053896E-4   -1.0618159806209493E-4
0.014                    0.1615486325350701       0.16152473386146166      -1.0618340049991288E-4   -1.0618154649023308E-4
0.015000000000000001     0.16154863268235642      0.16152473482267052      -1.0618336269901836E-4   -1.0618150868838232E-4
0.016                    0.1615486328169561       0.1615247355322484       -1.0618333479389422E-4   -1.0618148078251493E-4
0.017000000000000005     0.1615486329407935       0.16152473605801662      -1.0618331411732789E-4   -1.061814601053717E-4
0.018000000000000002     0.161548633055264        0.16152473644526377      -1.0618329888832275E-4   -1.0618144487592206E-4
0.019                    0.16154863316165666      0.1615247367327226       -1.0618328758362911E-4   -1.0618143357088473E-4
0.02                     0.16154863326121707      0.16152473695182618      -1.0618327896719655E-4   -1.0618142495418124E-4
0.021                    0.16154863335512576      0.16152473712843887      -1.0618327202209584E-4   -1.0618141800886134E-4
0.022                    0.16154863344318235      0.1615247372575033       -1.0618326694711888E-4   -1.0618141293372082E-4
0.023                    0.16154863352686988      0.1615247373651357       -1.061832627143585E-4    -1.0618140870082164E-4
0.024                    0.16154863360556485      0.1615247374403591       -1.0618325975579163E-4   -1.0618140574215359E-4
0.025                    0.1615486336804691       0.16152473750086416      -1.061832573762106E-4    -1.0618140336249218E-4
0.026000000000000002     0.16154863375175535      0.16152473754917865      -1.0618325547617928E-4   -1.0618140146239822E-4
0.027                    0.16154863381955384      0.16152473758556493      -1.0618325404528115E-4   -1.0618140003145417E-4
0.028                    0.16154863388470797      0.16152473761919928      -1.0618325272249119E-4   -1.0618139870862256E-4
0.029000000000000005     0.16154863394679866      0.1615247376454134       -1.0618325169138213E-4   -1.0618139767748272E-4
0.030000000000000002     0.1615486340068159       0.16152473767120204      -1.0618325067713429E-4   -1.0618139666320613E-4
0.031                    0.16154863406435568      0.16152473769369505      -1.0618324979244676E-4   -1.0618139577849544E-4
0.032                    0.16154863411988565      0.16152473771480771      -1.0618324896212138E-4   -1.0618139494814959E-4
0.033                    0.16154863417353169      0.1615247377350516       -1.0618324816595233E-4   -1.0618139415196132E-4
0.03400000000000001      0.16154863422530505      0.16152473775417556      -1.0618324741381874E-4   -1.0618139339981056E-4
0.035                    0.16154863427558208      0.16152473777299892      -1.0618324667355995E-4   -1.0618139265953496E-4
0.036000000000000004     0.16154863432417257      0.16152473779110746      -1.0618324596142887E-4   -1.0618139194738913E-4
0.037                    0.1615486343717371       0.16152473780909657      -1.0618324525395748E-4   -1.0618139123989899E-4
0.038                    0.16154863441802136      0.16152473782673651      -1.0618324456025419E-4   -1.0618139054617514E-4
0.039                    0.16154863446301893      0.1615247378440229       -1.0618324388048026E-4   -1.061813898663791E-4
0.04                     0.16154863450673093      0.16152473786095362      -1.0618324321463563E-4   -1.061813892005106E-4
0.041                    0.16154863454931656      0.16152473787759128      -1.0618324256038245E-4   -1.0618138854622513E-4
0.042                    0.16154863459114457      0.16152473789406988      -1.0618324191241348E-4   -1.0618138789819976E-4
0.043000000000000003     0.16154863463190672      0.16152473791027336      -1.061832412751976E-4    -1.061813872609162E-4
0.044                    0.16154863467160013      0.16152473792620528      -1.0618324064873442E-4   -1.0618138663437407E-4
0.045                    0.16154863471022837      0.1615247379418632       -1.0618324003302382E-4   -1.0618138601857387E-4
0.046                    0.1615486347481758       0.16152473795736227      -1.0618323942365071E-4   -1.0618138540904155E-4
0.04700000000000001      0.16154863478551307      0.16152473797272066      -1.0618323881985562E-4   -1.0618138480500777E-4
0.048                    0.16154863482202636      0.16152473798787909      -1.0618323822403139E-4   -1.0618138420889726E-4
0.049                    0.16154863485771684      0.16152473800283504      -1.0618323763617789E-4   -1.0618138362070927E-4
0.05                     0.16154863489258603      0.16152473801759082      -1.0618323705629523E-4   -1.061813830404445E-4
0.051000000000000004     0.16154863492710206      0.1615247380322502       -1.0618323648044326E-4   -1.0618138246388378E-4
0.052000000000000005     0.161548634961022        0.16152473804676024      -1.0618323591066233E-4   -1.0618138189321114E-4
0.053                    0.1615486349943039       0.1615247380611128       -1.061832353472952E-4    -1.0618138132879483E-4
0.054                    0.16154863502695135      0.16152473807530604      -1.0618323479034274E-4   -1.0618138077063474E-4
0.055                    0.1615486350590278       0.16152473808935547      -1.0618323423932634E-4   -1.0618138021811057E-4
0.056                    0.16154863509080722      0.16152473810332402      -1.0618323369234801E-4   -1.0618137966875837E-4
0.057                    0.16154863512208048      0.1615247381171644       -1.0618323315085021E-4   -1.0618137912445026E-4
0.05800000000000001      0.16154863515284942      0.1615247381308768       -1.0618323261483283E-4   -1.061813785851864E-4
0.059000000000000004     0.16154863518311743      0.16152473814446144      -1.0618323208429575E-4   -1.0618137805096653E-4
0.060000000000000005     0.16154863521300766      0.1615247381579625       -1.0618323155824283E-4   -1.0618137751997201E-4
0.061                    0.1615486352425884       0.16152473817140664      -1.0618323103616043E-4   -1.0618137699126773E-4
0.062                    0.16154863527176078      0.16152473818475646      -1.0618323051881313E-4   -1.0618137646624708E-4
0.063                    0.1615486353005271       0.1615247381980127       -1.0618323000620037E-4   -1.0618137594491014E-4
0.064                    0.1615486353288844       0.16152473821117563      -1.0618322949832258E-4   -1.0618137542725641E-4
0.065                    0.16154863535707548      0.16152473822455457      -1.0618322899148618E-4   -1.0618137490109357E-4
0.066                    0.1615486353850051       0.16152473823803443      -1.0618322848707298E-4   -1.0618137437098253E-4
0.067                    0.16154863541263575      0.1615247382515577       -1.0618322798575629E-4   -1.0618137383914671E-4
0.06800000000000002      0.16154863543996512      0.16152473826512515      -1.0618322748753641E-4   -1.0618137330558595E-4
0.069                    0.16154863546699372      0.16152473827873734      -1.0618322699241297E-4   -1.061813727703003E-4
0.07                     0.16154863549371823      0.1615247382923924       -1.0618322650038627E-4   -1.061813722332901E-4
0.07100000000000001      0.1615486355201433       0.1615247383060917       -1.0618322601145624E-4   -1.0618137169455501E-4
0.07200000000000001      0.1615486355462662       0.16152473831983502      -1.0618322552562291E-4   -1.0618137115409475E-4
0.073                    0.161548635572089        0.16152473833362124      -1.0618322504288599E-4   -1.0618137061191008E-4
0.074                    0.16154863559772567      0.16152473834794423      -1.0618322455834853E-4   -1.0618137004862117E-4
0.075                    0.1615486356232559       0.16152473836314135      -1.0618322406866897E-4   -1.0618136945100553E-4
0.076                    0.16154863564854147      0.16152473837861753      -1.0618322357974963E-4   -1.0618136884241968E-4
0.077                    0.16154863567357894      0.16152473839437126      -1.0618322309159042E-4   -1.0618136822286373E-4
0.078                    0.16154863569837177      0.16152473841040416      -1.0618322260419137E-4   -1.061813675923376E-4
0.079                    0.1615486357229181       0.1615247384267164       -1.0618322211755273E-4   -1.061813669508412E-4
0.08                     0.16154863574722028      0.16152473844330775      -1.0618322163167444E-4   -1.0618136629837441E-4
0.081                    0.1615486357712744       0.1615247384601785       -1.0618322114655616E-4   -1.0618136563493757E-4
0.082                    0.16154863579508205      0.16152473847732784      -1.061832206621984E-4    -1.0618136496053081E-4
0.08300000000000002      0.16154863581865445      0.16152473849484744      -1.0618322017765677E-4   -1.0618136427153124E-4
0.084                    0.16154863584228205      0.16152473851538166      -1.0618321966586225E-4   -1.0618136346403928E-4
0.085                    0.16154863586572418      0.1615247385367341       -1.0618321914929285E-4   -1.061813626243319E-4
0.08600000000000001      0.16154863588897814      0.1615247385589057       -1.0618321862794865E-4   -1.0618136175240957E-4
0.08700000000000001      0.1615486359120463       0.1615247385818974       -1.0618321810182959E-4   -1.0618136084827217E-4
0.088                    0.16154863593492713      0.16152473860570704      -1.061832175709357E-4    -1.061813599119191E-4
0.089                    0.16154863595762367      0.1615247386303373       -1.0618321703526699E-4   -1.0618135894335124E-4
0.09                     0.16154863598013242      0.16152473865578543      -1.0618321649482346E-4   -1.0618135794256829E-4
0.091                    0.16154863600245428      0.1615247386820535       -1.0618321594960531E-4   -1.0618135690957015E-4
0.092                    0.16154863602459088      0.1615247387091415       -1.0618321539961212E-4   -1.0618135584435685E-4
0.093                    0.1615486360466747       0.16152473874006631      -1.0618321481106051E-4   -1.0618135462820169E-4
0.09400000000000001      0.16154863606868528      0.16152473877423779      -1.0618321419058597E-4   -1.0618135328442372E-4
0.095                    0.1615486360905502       0.16152473881015877      -1.0618321355490432E-4   -1.0618135187176829E-4
0.096                    0.1615486361122695       0.1615247388478317       -1.0618321290401597E-4   -1.0618135039023586E-4
0.097                    0.16154863613384624      0.1615247388872572       -1.0618321223792042E-4   -1.061813488398261E-4
0.098                    0.161548636155277        0.16152473892843255      -1.061832115566178E-4    -1.0618134722053916E-4
0.099                    0.16154863617656542      0.16152473897136033      -1.0618321086010845E-4   -1.0618134553237493E-4
0.1                      0.1615486361977094       0.16152473901603864      -1.0618321014839198E-4   -1.0618134377533364E-4
0.101                    0.1615486362187063       0.16152473906246953      -1.061832094214683E-4    -1.0618134194941508E-4
0.10200000000000001      0.16154863623959462      0.16152473911238435      -1.0618320865766543E-4   -1.0618133998646245E-4
0.10300000000000001      0.16154863626044805      0.16152473917001245      -1.0618320780410247E-4   -1.0618133772017347E-4
0.10400000000000001      0.1615486362811849       0.16152473923080318      -1.0618320691767617E-4   -1.0618133532948085E-4
0.10500000000000001      0.16154863630180255      0.16152473929475877      -1.0618320599838622E-4   -1.0618133281438421E-4
0.106                    0.1615486363223035       0.16152473936187614      -1.061832050462333E-4    -1.0618133017488398E-4
0.107                    0.16154863634268665      0.16152473943215803      -1.06183204061217E-4     -1.0618132741097984E-4
0.108                    0.1615486363629518       0.16152473950560273      -1.0618320304333747E-4   -1.0618132452267221E-4
0.10900000000000001      0.16154863638309822      0.16152473958221036      -1.0618320199259479E-4   -1.0618132150996075E-4
0.11                     0.1615486364031262       0.1615247396619825       -1.0618320090898866E-4   -1.0618131837284562E-4
0.111                    0.16154863642303804      0.16152473974491602      -1.0618319979251929E-4   -1.0618131511132686E-4
0.112                    0.16154863644289674      0.16152473983951704      -1.0618319852369203E-4   -1.0618131139101751E-4
0.113                    0.16154863646266235      0.1615247399404118       -1.0618319717799828E-4   -1.0618130742316716E-4
0.114                    0.16154863648232404      0.16152474004639106      -1.0618319577245723E-4   -1.0618130325540282E-4
0.115                    0.16154863650188345      0.16152474015745297      -1.0618319430706907E-4   -1.0618129888772492E-4
0.11600000000000002      0.1615486365213376       0.1615247402735975       -1.0618319278183392E-4   -1.0618129432013309E-4
0.117                    0.1615486365406915       0.16152474039482673      -1.061831911967513E-4    -1.061812895526275E-4
0.11800000000000001      0.16154863655994028      0.16152474052113802      -1.0618318955182198E-4   -1.0618128458520813E-4
0.11900000000000001      0.16154863657908755      0.16152474065253206      -1.0618318784704552E-4   -1.0618127941787548E-4
0.12000000000000001      0.16154863659813087      0.16152474078901138      -1.0618318608242185E-4   -1.0618127405062859E-4
0.121                    0.1615486366170764       0.16152474094082703      -1.0618318407855594E-4   -1.0618126808032449E-4
0.122                    0.16154863663592467      0.16152474111239595      -1.0618318175820747E-4   -1.061812613333851E-4
0.12300000000000001      0.16154863665467303      0.1615247412934458       -1.0618317930108713E-4   -1.0618125421366405E-4
0.124                    0.1615486366733209       0.1615247414839747       -1.0618317670719504E-4   -1.061812467211611E-4
0.125                    0.1615486366918672       0.16152474168398426      -1.0618317397653116E-4   -1.0618123885587669E-4
0.126                    0.16154863671031217      0.1615247418934748       -1.0618317110909537E-4   -1.061812306178106E-4
0.127                    0.16154863672865685      0.1615247421124458       -1.0618316810488786E-4   -1.0618122200696325E-4
0.128                    0.16154863674690007      0.1615247423408963       -1.0618316496390878E-4   -1.0618121302333455E-4
0.12900000000000003      0.16154863676504322      0.16152474257882649      -1.0618316168615772E-4   -1.0618120366692456E-4
0.13                     0.16154863678308468      0.16152474282623805      -1.0618315827163544E-4   -1.0618119393773349E-4
0.131                    0.16154863680102544      0.1615247430831304       -1.0618315472034097E-4   -1.0618118383576103E-4
0.132                    0.16154863681886344      0.16152474334950245      -1.0618315103227493E-4   -1.0618117336100795E-4
0.133                    0.16154863683660234      0.16152474362535446      -1.0618314720743721E-4   -1.06181162513474E-4
0.134                    0.1615486368542396       0.1615247439106877       -1.0618314324582798E-4   -1.0618115129315925E-4
0.135                    0.161548636871777        0.16152474420550186      -1.0618313914744688E-4   -1.0618113970006391E-4
0.13600000000000004      0.16154863688921203      0.16152474450979534      -1.0618313491229405E-4   -1.0618112773418809E-4
0.137                    0.1615486369065467       0.1615247448235693       -1.0618313054036992E-4   -1.0618111539553203E-4
0.138                    0.16154863692377974      0.16152474514682383      -1.0618312603167405E-4   -1.061811026840958E-4
0.139                    0.16154863694091437      0.16152474547955806      -1.0618312138620645E-4   -1.0618108959987918E-4
0.14                     0.1615486369578619       0.16152474584675225      -1.06183116071763E-4     -1.0618107515995089E-4
0.14100000000000001      0.16154863697466218      0.16152474623772234      -1.0618311031591716E-4   -1.0618105978461953E-4
0.14200000000000002      0.16154863699134878      0.16152474664188532      -1.0618310434421949E-4   -1.0618104389045456E-4
0.14300000000000002      0.1615486370079217       0.16152474705923997      -1.0618309815666966E-4   -1.0618102747745613E-4
0.14400000000000002      0.16154863702438305      0.16152474748978685      -1.0618309175326767E-4   -1.0618101054562421E-4
0.145                    0.16154863704072805      0.16152474793352523      -1.0618308513401369E-4   -1.0618099309495937E-4
0.146                    0.1615486370569618       0.16152474839045453      -1.0618307829890776E-4   -1.0618097512546161E-4
0.147                    0.16154863707308187      0.16152474886057622      -1.0618307124795003E-4   -1.0618095663713144E-4
0.148                    0.1615486370890882       0.16152474934389055      -1.0618306398114018E-4   -1.0618093762996894E-4
0.149                    0.16154863710498377      0.1615247498403959       -1.061830564984785E-4    -1.0618091810397429E-4
0.15                     0.16154863712076217      0.16152475035009398      -1.0618304879996481E-4   -1.0618089805914806E-4
0.15100000000000002      0.16154863713643017      0.16152475087298354      -1.0618304088559971E-4   -1.0618087749549063E-4
0.152                    0.16154863715198248      0.16152475140906464      -1.0618303275538256E-4   -1.0618085641300195E-4
0.153                    0.16154863716742338      0.1615247519583383       -1.0618302440931385E-4   -1.061808348116823E-4
0.154                    0.1615486371827505       0.16152475252080326      -1.0618301584739345E-4   -1.061808126915323E-4
0.155                    0.16154863719796397      0.16152475309646025      -1.0618300706962158E-4   -1.0618079005255218E-4
0.156                    0.16154863721306367      0.1615247536853086       -1.0618299807599816E-4   -1.0618076689474256E-4
0.157                    0.16154863722805143      0.16152475428734964      -1.0618298886652304E-4   -1.0618074321810326E-4
0.158                    0.16154863724292573      0.16152475490258122      -1.0618297944119664E-4   -1.0618071902263488E-4
0.159                    0.16154863725743307      0.16152475557417384      -1.0618296873293871E-4   -1.061806926111842E-4
0.16                     0.16154863727177401      0.16152475626785073      -1.0618295758894658E-4   -1.0618066533118911E-4
0.161                    0.1615486372859753       0.16152475697953925      -1.0618294610994365E-4   -1.0618063734284892E-4
0.162                    0.16154863730003374      0.16152475770924077      -1.0618293429593121E-4   -1.0618060864616392E-4
0.163                    0.16154863731395047      0.16152475845695485      -1.0618292214690866E-4   -1.0618057924113508E-4
0.164                    0.1615486373277274       0.16152475922268017      -1.061829096628765E-4    -1.0618054912776274E-4
0.165                    0.16154863734135944      0.16152476000641963      -1.0618289684383452E-4   -1.0618051830604717E-4
0.16600000000000004      0.16154863735485306      0.16152476080816816      -1.0618288368978334E-4   -1.0618048677598984E-4
0.167                    0.1615486373682043       0.16152476162793059      -1.0618287020072266E-4   -1.0618045453759044E-4
0.168                    0.16154863738141279      0.1615247624657054       -1.0618285637665306E-4   -1.0618042159085049E-4
0.169                    0.16154863739448122      0.16152476332149163      -1.061828422175741E-4    -1.061803879357701E-4
0.17                     0.16154863740740705      0.16152476419529027      -1.0618282772348618E-4   -1.0618035357235022E-4
0.171                    0.16154863742019274      0.16152476508710165      -1.0618281289438923E-4   -1.0618031850059133E-4
0.17200000000000001      0.16154863743283518      0.16152476599692486      -1.0618279773028395E-4   -1.0618028272049434E-4
0.17300000000000004      0.16154863744533632      0.16152476692475976      -1.0618278223116983E-4   -1.061802462320597E-4
0.17400000000000002      0.16154863745769524      0.16152476787060646      -1.0618276639704761E-4   -1.0618020903528842E-4
0.17500000000000002      0.16154863746991413      0.16152476883446545      -1.0618275022791707E-4   -1.0618017113018136E-4
0.176                    0.16154863748199189      0.16152476981633795      -1.0618273372377826E-4   -1.0618013251673901E-4
0.177                    0.1615486374938755       0.16152477082106204      -1.0618271673545741E-4   -1.0618009300454996E-4
0.178                    0.1615486375052513       0.16152477187906278      -1.0618269832536328E-4   -1.0618005139683526E-4
0.179                    0.1615486375164423       0.1615247729590788       -1.0618267945689893E-4   -1.0618000892332347E-4
0.18                     0.16154863752745177      0.16152477406110996      -1.0618266013006455E-4   -1.0617996558401604E-4
0.18100000000000002      0.16154863753827658      0.16152477518515596      -1.0618264034486063E-4   -1.0617992137891331E-4
0.182                    0.16154863754891796      0.16152477633121623      -1.0618262010128714E-4   -1.0617987630801715E-4
0.183                    0.1615486375593763       0.16152477749929403      -1.0618259939934478E-4   -1.0617983037132795E-4
0.184                    0.16154863756965293      0.1615247786893859       -1.0618257823903355E-4   -1.0617978356884731E-4
0.185                    0.16154863757974325      0.1615247799014929       -1.0618255662035351E-4   -1.0617973590057595E-4
0.186                    0.161548637589653        0.16152478113561475      -1.0618253454330545E-4   -1.0617968736651564E-4
0.187                    0.16154863759937804      0.16152478239175241      -1.0618251200788935E-4   -1.061796379666672E-4
0.18800000000000003      0.16154863760891852      0.1615247836699042       -1.0618248901410534E-4   -1.0617958770103191E-4
0.189                    0.1615486376182769       0.1615247849700714       -1.0618246556195389E-4   -1.0617953656961113E-4
0.19                     0.16154863762745156      0.16152478629225392      -1.0618244165143565E-4   -1.0617948457240598E-4
0.191                    0.16154863763644509      0.16152478763645148      -1.0618241728255052E-4   -1.0617943170941784E-4
0.192                    0.16154863764525249      0.16152478900266395      -1.0618239245529887E-4   -1.0617937798064795E-4
0.193                    0.1615486376538767       0.1615247903908927       -1.0618236716968095E-4   -1.0617932338609778E-4
0.194                    0.16154863766231858      0.16152479180113577      -1.0618234142569737E-4   -1.0617926792576854E-4
0.19500000000000003      0.16154863767057667      0.16152479323339392      -1.0618231522334858E-4   -1.0617921159966195E-4
0.196                    0.1615486376784827       0.1615247946959818       -1.0618228820552914E-4   -1.0617915408087766E-4
0.197                    0.16154863768584724      0.16152479619797278      -1.0618225998248341E-4   -1.061790950126275E-4
0.198                    0.16154863769297947      0.1615247977244893       -1.0618223119323381E-4   -1.0617903497988597E-4
0.199                    0.16154863769987513      0.16152479927553315      -1.0618220183778059E-4   -1.0617897398265543E-4
0.2                      0.16154863770653846      0.16152480085110157      -1.0618217191612455E-4   -1.0617891202093654E-4
0.201                    0.1615486377129665       0.1615248024511966       -1.0618214142826559E-4   -1.0617884909473196E-4
0.202                    0.1615486377191595       0.16152480407581749      -1.0618211037420508E-4   -1.0617878520404297E-4
0.20300000000000004      0.16154863772511485      0.1615248057249639       -1.0618207875394291E-4   -1.0617872034887129E-4
0.20400000000000001      0.16154863773083755      0.161524807398636        -1.061820465674796E-4    -1.0617865452921914E-4
0.20500000000000002      0.1615486377363273       0.16152480909683428      -1.0618201381481593E-4   -1.0617858774508775E-4
0.20600000000000002      0.16154863774158137      0.16152481081955944      -1.0618198049595247E-4   -1.0617851999647935E-4
0.20700000000000002      0.16154863774660166      0.16152481256680945      -1.0618194661088945E-4   -1.0617845128339566E-4
0.20800000000000002      0.161548637751384        0.16152481433858595      -1.061819121596277E-4    -1.0617838160583887E-4
0.209                    0.1615486377559347       0.1615248161348873       -1.0618187714216744E-4   -1.0617831096381051E-4
0.21000000000000002      0.16154863776025002      0.16152481795571494      -1.0618184155850968E-4   -1.061782393573127E-4
0.211                    0.16154863776432982      0.16152481980106953      -1.0618180540865472E-4   -1.0617816678634735E-4
0.212                    0.16154863776817574      0.16152482167094853      -1.0618176869260308E-4   -1.0617809325091664E-4
0.213                    0.16154863777178666      0.1615248235653539       -1.0618173141035538E-4   -1.0617801875102238E-4
0.214                    0.16154863777516254      0.16152482548428593      -1.0618169356191246E-4   -1.061779432866668E-4
0.215                    0.16154863777777656      0.16152482742709945      -1.0618165463208352E-4   -1.0617786688324154E-4
0.216                    0.16154863777967407      0.16152482939384932      -1.0618161466494178E-4   -1.061777895385766E-4
0.21700000000000003      0.16154863778123946      0.16152483138500784      -1.061815740372721E-4    -1.0617771123410549E-4
0.21800000000000003      0.16154863778247147      0.16152483340057527      -1.061815327490761E-4    -1.0617763196983063E-4
0.219                    0.1615486377833772       0.16152483544054885      -1.061814908003537E-4    -1.061775517457537E-4
0.22                     0.16154863778394732      0.16152483750493085      -1.0618144819110613E-4   -1.0617747056187752E-4
0.221                    0.1615486377841896       0.1615248395937203       -1.0618140492133438E-4   -1.0617738841820378E-4
0.222                    0.16154863778409825      0.16152484170691853      -1.0618136099103873E-4   -1.0617730531473474E-4
0.223                    0.16154863778367715      0.16152484384452523      -1.0618131640022025E-4   -1.0617722125147303E-4
0.224                    0.16154863778292206      0.16152484600653977      -1.0618127114887997E-4   -1.0617713622842104E-4
0.22500000000000003      0.16154863778183812      0.16152484819296206      -1.0618122523701863E-4   -1.0617705024558083E-4
0.226                    0.16154863778042144      0.161524850403792        -1.0618117866463713E-4   -1.0617696330295462E-4
0.227                    0.16154863777867362      0.16152485263903107      -1.0618113143173598E-4   -1.0617687540054504E-4
0.228                    0.16154863777659556      0.16152485489867596      -1.0618108353831669E-4   -1.061767865383545E-4
0.229                    0.1615486377741847       0.16152485718273007      -1.0618103498437986E-4   -1.0617669671638541E-4
0.23                     0.161548637771445        0.1615248594911924       -1.0618098576992629E-4   -1.0617660593464028E-4
0.231                    0.16154863776837114      0.16152486182406306      -1.0618093589495694E-4   -1.0617651419312152E-4
0.23200000000000004      0.16154863776496695      0.1615248641813404       -1.0618088535947289E-4   -1.0617642149183169E-4
0.233                    0.1615486377612331       0.16152486656302673      -1.0618083416347511E-4   -1.0617632783077332E-4
0.234                    0.161548637757167        0.1615248689691204       -1.0618078230696453E-4   -1.0617623320994899E-4
0.23500000000000001      0.16154863775276848      0.16152487139962343      -1.0618072978994201E-4   -1.0617613762936123E-4
0.23600000000000002      0.16154863774804087      0.16152487385453254      -1.0618067661240879E-4   -1.06176041089013E-4
0.23700000000000002      0.1615486377429797       0.1615248763338498       -1.061806227743655E-4    -1.0617594358890656E-4
0.23800000000000002      0.16154863773758843      0.1615248788375766       -1.0618056827581351E-4   -1.061758451290447E-4
0.23900000000000005      0.16154863773186628      0.16152488136570975      -1.0618051311675386E-4   -1.0617574570943008E-4
0.24000000000000002      0.1615486377258106       0.1615248839182523       -1.0618045729718738E-4   -1.0617564533006572E-4
0.241                    0.1615486377194264       0.16152488649520275      -1.061804008171151E-4    -1.0617554399095405E-4
0.242                    0.16154863771270947      0.16152488909656004      -1.0618034367653828E-4   -1.0617544169209821E-4
0.243                    0.16154863770566166      0.16152489172232617      -1.0618028587545787E-4   -1.0617533843350077E-4
0.244                    0.1615486376982811       0.16152489437249956      -1.0618022741387509E-4   -1.0617523421516421E-4
0.245                    0.1615486376905713       0.16152489704708142      -1.0618016829179078E-4   -1.0617512903709198E-4
0.24600000000000002      0.16154863768252864      0.161524899746072        -1.0618010850920652E-4   -1.0617502289928676E-4
0.247                    0.16154863767415603      0.16152490246946963      -1.0618004806612277E-4   -1.0617491580175137E-4
0.248                    0.16154863766545163      0.161524905217275        -1.0617998696254164E-4   -1.0617480774448931E-4
0.24899999999999997      0.16154863765641553      0.16152490798948846      -1.0617992519846324E-4   -1.0617469872750269E-4
0.25                     0.1615486376470487       0.16152491078610934      -1.0617986277388948E-4   -1.0617458875079492E-4
0.25100000000000006      0.16154863763735064      0.16152491360713925      -1.0617979968882098E-4   -1.0617447781436897E-4
0.252                    0.16154863762731864      0.16152491645251793      -1.0617973594323017E-4   -1.061743659206007E-4
0.253                    0.16154863761559646      0.16152491927373502      -1.0617967151361164E-4   -1.0617425497646205E-4
0.254                    0.16154863760347007      0.16152492211684         -1.0617960642228037E-4   -1.0617414317175016E-4
0.255                    0.16154863759094193      0.1615249249818303       -1.0617954066923733E-4   -1.0617403050646807E-4
0.256                    0.16154863757801155      0.16152492786870662      -1.0617947425448383E-4   -1.0617391698061881E-4
0.257                    0.16154863756468058      0.1615249307774691       -1.0617940717802112E-4   -1.061738025942048E-4
0.25800000000000006      0.16154863755094567      0.16152493370811877      -1.0617933943985071E-4   -1.0617368734722913E-4
0.259                    0.16154863753681042      0.1615249366606534       -1.0617927103997363E-4   -1.061735712396946E-4
0.26                     0.16154863752227341      0.16152493963507486      -1.0617920197839136E-4   -1.061734542716038E-4
0.261                    0.16154863750733348      0.1615249426313825       -1.0617913225510502E-4   -1.0617333644296004E-4
0.262                    0.16154863749199108      0.1615249456495761       -1.0617906187011633E-4   -1.0617321775376602E-4
0.263                    0.1615486374762477       0.16152494868965622      -1.0617899082342598E-4   -1.0617309820402461E-4
0.264                    0.16154863746010145      0.1615249517516217       -1.0617891911503575E-4   -1.0617297779373895E-4
0.26500000000000007      0.16154863744355402      0.16152495483547374      -1.0617884674494694E-4   -1.0617285652291165E-4
0.266                    0.16154863742660538      0.161524957941212        -1.0617877371316091E-4   -1.0617273439154593E-4
0.267                    0.16154863740925343      0.1615249610688373       -1.0617870001967914E-4   -1.0617261139964493E-4
0.268                    0.16154863739149922      0.16152496421834756      -1.0617862566450275E-4   -1.0617248754721145E-4
0.269                    0.16154863737334293      0.16152496738974417      -1.0617855064763337E-4   -1.0617236283424865E-4
0.27                     0.1615486373547867       0.16152497058302845      -1.0617847496907252E-4   -1.0617223726075969E-4
0.271                    0.16154863733582672      0.16152497379819744      -1.061783986288213E-4    -1.0617211082674748E-4
0.2720000000000001       0.1615486373164651       0.16152497703525268      -1.0617832162688143E-4   -1.0617198353221517E-4
0.273                    0.16154863729670169      0.1615249802941952       -1.0617824396325431E-4   -1.06171855377166E-4
0.274                    0.16154863727653632      0.16152498357502315      -1.0617816563794117E-4   -1.0617172636160287E-4
0.275                    0.16154863725597024      0.1615249868777367       -1.0617808665094401E-4   -1.0617159648552952E-4
0.276                    0.16154863723500004      0.16152499020233754      -1.0617800700226384E-4   -1.0617146574894868E-4
0.277                    0.16154863721362842      0.16152499354882385      -1.0617792669190222E-4   -1.0617133415186373E-4
0.278                    0.16154863719185492      0.16152499691719685      -1.0617784571986104E-4   -1.0617120169427784E-4
0.279                    0.16154863716967943      0.16152500030745576      -1.0617776408614159E-4   -1.061710683761942E-4
0.28                     0.16154863714710216      0.1615250037196003       -1.0617768179074526E-4   -1.0617093419761631E-4
0.281                    0.16154863712412426      0.16152500715363152      -1.0617759883367396E-4   -1.0617079915854738E-4
0.28200000000000003      0.16154863710074172      0.1615250106095494       -1.0617751521492892E-4   -1.0617066325899061E-4
0.28300000000000003      0.16154863707695963      0.16152501408735273      -1.0617743093451203E-4   -1.0617052649894964E-4
0.28400000000000003      0.16154863705277306      0.16152501758704182      -1.0617734599242461E-4   -1.0617038887842749E-4
0.28500000000000003      0.16154863702818623      0.1615250211086178       -1.0617726038866841E-4   -1.0617025039742793E-4
0.28600000000000003      0.1615486370031973       0.1615250246520809       -1.0617717412324509E-4   -1.0617011105595418E-4
0.28700000000000003      0.16154863697780775      0.1615250282174286       -1.0617708719615626E-4   -1.061699708540094E-4
0.28800000000000003      0.161548636952014        0.16152503180466396      -1.061769996074036E-4    -1.0616982979159742E-4
0.289                    0.1615486369258182       0.16152503541378432      -1.061769113569886E-4    -1.0616968786872184E-4
0.29                     0.1615486368985013       0.16152503900558993      -1.0617682289444836E-4   -1.0616954662713202E-4
0.291                    0.16154863686979795      0.16152504256558964      -1.0617673438597518E-4   -1.0616940663680412E-4
0.292                    0.16154863684060372      0.16152504614276417      -1.0617664526986354E-4   -1.061692659712831E-4
0.293                    0.161548636810922        0.16152504973711349      -1.0617655554611461E-4   -1.0616912463057206E-4
0.294                    0.16154863678075346      0.16152505334863884      -1.0617646521473037E-4   -1.0616898261467365E-4
0.29500000000000004      0.16154863675009404      0.16152505697733965      -1.0617637427571194E-4   -1.0616883992359055E-4
0.296                    0.16154863671894543      0.16152506062321628      -1.0617628272906136E-4   -1.0616869655732593E-4
0.297                    0.16154863668731115      0.16152506428626706      -1.0617619057477972E-4   -1.0616855251588201E-4
0.298                    0.16154863665518804      0.161525067966495        -1.0617609781286899E-4   -1.061684077992615E-4
0.299                    0.16154863662257576      0.16152507166389646      -1.0617600444333078E-4   -1.0616826240746824E-4
0.3                      0.16154863658947302      0.1615250753784753       -1.0617591046616648E-4   -1.0616811634050372E-4
0.301                    0.1615486365558847       0.1615250791102279       -1.0617581588137808E-4   -1.0616796959837181E-4
0.30200000000000005      0.16154863652180662      0.16152508285915673      -1.0617572068896687E-4   -1.0616782218107469E-4
0.303                    0.16154863648724058      0.1615250866252611       -1.0617562488893497E-4   -1.0616767408861541E-4
0.304                    0.161548636452185        0.16152509040854066      -1.0617552848128344E-4   -1.0616752532099649E-4
0.305                    0.16154863641664288      0.16152509420899533      -1.0617543146601415E-4   -1.0616737587822145E-4
0.306                    0.16154863638061115      0.16152509802662718      -1.0617533384312939E-4   -1.0616722576029285E-4
0.307                    0.16154863634408992      0.1615251018614329       -1.0617523561262981E-4   -1.0616707496721366E-4
0.308                    0.1615486363070811       0.16152510571341475      -1.0617513677451801E-4   -1.0616692349898692E-4
0.30900000000000005      0.16154863626958474      0.1615251095825706       -1.0617503732879535E-4   -1.0616677135561504E-4
0.31                     0.1615486362315988       0.1615251134689035       -1.0617493727546337E-4   -1.0616661853710165E-4
0.311                    0.16154863619312376      0.16152511737241043      -1.0617483661452418E-4   -1.0616646504344912E-4
0.312                    0.1615486361541621       0.16152512129309465      -1.061747353459793E-4    -1.0616631087466073E-4
0.313                    0.1615486361147111       0.16152512523095217      -1.0617463346983056E-4   -1.0616615603073946E-4
0.314                    0.16154863607477266      0.1615251291859873       -1.0617453098607963E-4   -1.061660005116884E-4
0.315                    0.16154863603434352      0.16152513315819558      -1.0617442789472882E-4   -1.0616584431751023E-4
0.316                    0.16154863599342797      0.16152513714757988      -1.0617432419577929E-4   -1.0616568744820815E-4
0.317                    0.1615486359520224       0.16152514115414163      -1.0617421988923291E-4   -1.061655299037852E-4
0.318                    0.1615486359101283       0.16152514517787717      -1.0617411497509172E-4   -1.0616537168424451E-4
0.319                    0.16154863586774787      0.16152514921878788      -1.0617400945335762E-4   -1.0616521278958907E-4
0.32                     0.16154863582487766      0.16152515327687497      -1.0617390332403215E-4   -1.0616505321982197E-4
0.321                    0.1615486357815186       0.16152515735213713      -1.0617379658711715E-4   -1.0616489297494623E-4
0.322                    0.161548635737671        0.16152516144457446      -1.0617368924261509E-4   -1.0616473205496497E-4
0.323                    0.16154863569333547      0.16152516555418797      -1.0617358129052719E-4   -1.0616457045988123E-4
0.324                    0.16154863564851088      0.16152516968097597      -1.0617347273085543E-4   -1.0616440818969854E-4
0.32500000000000007      0.16154863560319868      0.1615251738249398       -1.0617336356360167E-4   -1.0616424524441953E-4
0.326                    0.16154863555739754      0.16152517798607932      -1.0617325378876823E-4   -1.0616408162404755E-4
0.327                    0.16154863551110726      0.16152518216439463      -1.0617314340635671E-4   -1.0616391732858568E-4
0.328                    0.16154863546315812      0.16152518626681428      -1.0617303423811697E-4   -1.0616375601789666E-4
0.329                    0.16154863541448808      0.1615251903678837       -1.0617292482495806E-4   -1.0616359476068721E-4
0.33                     0.16154863536525801      0.16152519448058977      -1.0617281491259517E-4   -1.0616343304610349E-4
0.331                    0.1615486353154718       0.16152519860493572      -1.0617270450103006E-4   -1.0616327087414738E-4
0.3320000000000001       0.16154863526512744      0.16152520274092133      -1.0617259359026442E-4   -1.0616310824482103E-4
0.333                    0.16154863521422333      0.1615252068885447       -1.0617248218029986E-4   -1.0616294515812649E-4
0.334                    0.16154863516276197      0.16152521104780693      -1.0617237027113779E-4   -1.061627816140662E-4
0.335                    0.16154863511074175      0.1615252152187087       -1.0617225786277993E-4   -1.0616261761264189E-4
0.336                    0.16154863505816486      0.1615252194012481       -1.0617214495522771E-4   -1.0616245315385592E-4
0.337                    0.16154863500502936      0.1615252235954278       -1.0617203154848298E-4   -1.0616228823771059E-4
0.338                    0.16154863495133628      0.1615252278012447       -1.0617191764254727E-4   -1.0616212286420772E-4
0.3390000000000001       0.1615486348970834       0.16152523201870195      -1.0617180323742217E-4   -1.0616195703334969E-4
0.34                     0.16154863484227333      0.16152523624779744      -1.0617168833310934E-4   -1.0616179074513857E-4
0.341                    0.16154863478690532      0.16152524048853123      -1.0617157292961048E-4   -1.0616162399957681E-4
0.342                    0.16154863473097947      0.16152524474090565      -1.0617145702692725E-4   -1.0616145679666625E-4
0.343                    0.16154863467449462      0.16152524900491683      -1.0617134062506115E-4   -1.0616128913640899E-4
0.34400000000000003      0.16154863461745128      0.16152525328056833      -1.0617122372401395E-4   -1.0616112101880776E-4
0.34500000000000003      0.16154863455985127      0.1615252575678586       -1.0617110632378743E-4   -1.061609524438645E-4
0.3460000000000001       0.16154863450169202      0.16152526186678684      -1.0617098842438311E-4   -1.0616078341158123E-4
0.34700000000000003      0.16154863444297507      0.16152526617735355      -1.0617087002580256E-4   -1.0616061392196052E-4
0.34800000000000003      0.16154863438370026      0.16152527049955978      -1.0617075112804759E-4   -1.0616044397500433E-4
0.34900000000000003      0.16154863432386768      0.16152527483340587      -1.0617063173112028E-4   -1.0616027357071476E-4
0.35000000000000003      0.16154863426347468      0.1615252791788893       -1.0617051183502198E-4   -1.0616010270909446E-4
0.35100000000000003      0.16154863420252516      0.16152528353601148      -1.0617039143975409E-4   -1.0615993139014526E-4
0.352                    0.16154863414101708      0.16152528790477383      -1.061702705453188E-4    -1.0615975961386969E-4
0.353                    0.16154863407895184      0.161525292285173        -1.0617014915171754E-4   -1.0615958738027013E-4
0.354                    0.161548634016328        0.1615252966772134       -1.0617002725895252E-4   -1.0615941468934818E-4
0.355                    0.16154863395314514      0.1615253010808925       -1.061699048670251E-4    -1.0615924154110664E-4
0.356                    0.161548633889405        0.1615253054962084       -1.0616978197593707E-4   -1.0615906793554755E-4
0.357                    0.16154863382510687      0.16152530992316536      -1.0616965858569023E-4   -1.061588938726737E-4
0.358                    0.1615486337602511       0.16152531436175901      -1.0616953469628629E-4   -1.0615871935248667E-4
0.359                    0.161548633694836        0.1615253188119927       -1.061694103077272E-4    -1.0615854437498905E-4
0.36                     0.1615486336288645       0.16152532327386457      -1.0616928542001443E-4   -1.0615836894018328E-4
0.361                    0.1615486335623322       0.16152532774737713      -1.0616916003315005E-4   -1.061581930480715E-4
0.36200000000000004      0.16154863349524312      0.16152533223252644      -1.0616903414713558E-4   -1.0615801669865594E-4
0.363                    0.1615486334275956       0.1615253367293145       -1.061689077619733E-4    -1.0615783989193915E-4
0.364                    0.1615486333593905       0.1615253412377416       -1.0616878087766459E-4   -1.061576626279232E-4
0.365                    0.16154863329035066      0.16152534572665367      -1.061686542878934E-4    -1.0615748613153193E-4
0.366                    0.16154863322011045      0.16152535015482974      -1.061685290427936E-4    -1.061573120234767E-4
0.367                    0.16154863314926451      0.16152535458935802      -1.0616840343316089E-4   -1.0615713766587124E-4
0.368                    0.1615486330778129       0.16152535903024254      -1.0616827745899632E-4   -1.0615696305871632E-4
0.36900000000000005      0.16154863300575742      0.16152536347748042      -1.0616815112030113E-4   -1.061567882020131E-4
0.37                     0.16154863293309837      0.1615253679310747       -1.06168024417077E-4     -1.061566130957632E-4
0.371                    0.16154863285983131      0.16152537239102377      -1.0616789734932473E-4   -1.0615643773996772E-4
0.372                    0.16154863278596143      0.16152537685732632      -1.0616776991704613E-4   -1.061562621346277E-4
0.373                    0.16154863271148479      0.1615253813299848       -1.061676421202422E-4    -1.0615608627974486E-4
0.374                    0.1615486326364039       0.1615253858089965       -1.0616751395891449E-4   -1.0615591017532018E-4
0.375                    0.16154863256071764      0.16152539029436527      -1.0616738543306402E-4   -1.0615573382135504E-4
0.37600000000000006      0.16154863248442675      0.16152539478608668      -1.0616725654269266E-4   -1.0615555721785042E-4
0.377                    0.16154863240752995      0.16152539928416446      -1.0616712728780133E-4   -1.0615538036480766E-4
0.378                    0.16154863233002936      0.16152540378859573      -1.0616699766839164E-4   -1.0615520326222818E-4
0.379                    0.161548632251922        0.16152540829938264      -1.0616686768446472E-4   -1.0615502591011341E-4
0.38                     0.16154863217321275      0.16152541281652483      -1.0616673733602202E-4   -1.0615484830846422E-4
0.381                    0.16154863209389547      0.1615254173400197       -1.0616660662306471E-4   -1.061546704572822E-4
0.382                    0.16154863201397418      0.16152542186987093      -1.0616647554559452E-4   -1.0615449235656856E-4
0.38300000000000006      0.1615486319334485       0.16152542640607637      -1.061663441036129E-4    -1.0615431400632433E-4
0.384                    0.16154863185231616      0.16152543094863808      -1.0616621229712072E-4   -1.0615413540655095E-4
0.385                    0.16154863177058099      0.16152543549755238      -1.0616608012611963E-4   -1.0615395655724974E-4
0.386                    0.1615486316882376       0.16152544005282274      -1.0616594759061105E-4   -1.0615377745842216E-4
0.387                    0.1615486316052921       0.16152544461444587      -1.0616581469059633E-4   -1.0615359811006908E-4
0.388                    0.16154863152174068      0.16152544918242717      -1.0616568142607679E-4   -1.0615341851219206E-4
0.389                    0.16154863143758397      0.16152545375676053      -1.0616554779705359E-4   -1.0615323866479218E-4
0.39000000000000007      0.16154863135282266      0.16152545833744947      -1.0616541380352863E-4   -1.0615305856787105E-4
0.391                    0.16154863126745575      0.16152546292449355      -1.0616527944550323E-4   -1.0615287822142968E-4
0.392                    0.16154863118148505      0.16152546751789224      -1.0616514472297832E-4   -1.0615269762546928E-4
0.393                    0.16154863109490702      0.16152547211764534      -1.0616500963595593E-4   -1.0615251677999168E-4
0.394                    0.16154863100772637      0.16152547672375384      -1.0616487418443706E-4   -1.0615233568499751E-4
0.395                    0.16154863091993915      0.16152548133621647      -1.0616473836842334E-4   -1.0615215434048848E-4
0.396                    0.16154863083154727      0.16152548595503405      -1.0616460218791585E-4   -1.0615197274646574E-4
0.3970000000000001       0.1615486307425503       0.1615254905802069       -1.0616446564291645E-4   -1.0615179090293056E-4
0.398                    0.1615486306529498       0.16152549521173265      -1.0616432873342627E-4   -1.0615160880988439E-4
0.399                    0.16154863056274282      0.16152549984961584      -1.0616419145944686E-4   -1.061514264673284E-4
0.4                      0.16154863047193055      0.16152550449385236      -1.0616405382097949E-4   -1.0615124387526396E-4
0.401                    0.16154863038051184      0.16152550914444344      -1.0616391581802571E-4   -1.0615106103369224E-4
0.402                    0.16154863028849104      0.1615255138013903       -1.0616377745058723E-4   -1.0615087794261481E-4
0.403                    0.1615486301955123       0.1615255183735172       -1.0616364170205578E-4   -1.0615069818527853E-4
0.404                    0.16154863010178824      0.1615255229157254       -1.0616350677594856E-4   -1.0615051960398651E-4
0.405                    0.1615486300074359       0.16152552745792684      -1.0616337169355538E-4   -1.0615034102324368E-4
0.4060000000000001       0.16154862991245317      0.16152553200011838      -1.0616323645487698E-4   -1.0615016244304986E-4
0.40700000000000003      0.16154862981684115      0.16152553654230312      -1.0616310105991393E-4   -1.0614998386340541E-4
0.40800000000000003      0.16154862972059966      0.1615255410844791       -1.0616296550866707E-4   -1.0614980528430964E-4
0.40900000000000003      0.16154862962372826      0.16152554562664767      -1.0616282980113653E-4   -1.0614962670576322E-4
0.41000000000000003      0.16154862952622723      0.1615255501688067       -1.0616269393732337E-4   -1.0614944812776581E-4
0.41100000000000003      0.16154862942809675      0.16152555471095886      -1.0616255791722809E-4   -1.0614926955031756E-4
0.41200000000000003      0.1615486293293372       0.16152555925310214      -1.0616242174085116E-4   -1.0614909097341824E-4
0.4130000000000001       0.16154862922994867      0.16152556379523814      -1.0616228540819325E-4   -1.0614891239706833E-4
0.41400000000000003      0.1615486291299282       0.16152556833736562      -1.0616214891925516E-4   -1.0614873382126745E-4
0.41500000000000004      0.16154862902928005      0.16152557287948513      -1.0616201227403714E-4   -1.0614855524601541E-4
0.41600000000000004      0.16154862892800098      0.1615255774215955       -1.0616187547254E-4      -1.061483766713127E-4
0.417                    0.16154862882609333      0.1615255819636987       -1.061617385147647E-4    -1.0614819809715896E-4
0.418                    0.16154862872355563      0.1615255865057935       -1.0616160140071115E-4   -1.0614801952355445E-4
0.419                    0.16154862862038855      0.16152559104787975      -1.0616146413038041E-4   -1.0614784095049877E-4
0.42000000000000004      0.16154862851659296      0.16152559558995794      -1.0616132670377299E-4   -1.0614766237799237E-4
0.421                    0.16154862841216652      0.1615256001320292       -1.0616118912088977E-4   -1.0614748380603493E-4
0.422                    0.16154862830711134      0.16152560467409152      -1.0616105138173084E-4   -1.0614730523462653E-4
0.423                    0.161548628201425        0.16152560921614453      -1.0616091348629724E-4   -1.0614712666376721E-4
0.424                    0.16154862809510984      0.1615256137581909       -1.0616077543458933E-4   -1.0614694809345716E-4
0.425                    0.16154862798816633      0.16152561830022885      -1.0616063722660806E-4   -1.0614676952369593E-4
0.426                    0.16154862788059418      0.16152562284225827      -1.0616049886235358E-4   -1.0614659095448409E-4
0.42700000000000005      0.16154862777238932      0.16152562738428025      -1.0616036034182693E-4   -1.0614641238582109E-4
0.428                    0.1615486276635564       0.16152563192629388      -1.0616022166502836E-4   -1.0614623381770728E-4
0.429                    0.1615486275540932       0.16152563646829904      -1.0616008283195881E-4   -1.0614605525014223E-4
0.43                     0.1615486274440019       0.1615256410102966       -1.061599438426188E-4    -1.0614587668312652E-4
0.431                    0.16154862733327985      0.16152564555228427      -1.06159804697009E-4     -1.0614569811665972E-4
0.432                    0.1615486272219283       0.16152565009426595      -1.0615966539513005E-4   -1.0614551955074204E-4
0.433                    0.1615486271099477       0.16152565463623847      -1.0615952593698228E-4   -1.0614534098537353E-4
0.43400000000000005      0.16154862699733638      0.16152565917820338      -1.0615938632256661E-4   -1.0614516242055401E-4
0.435                    0.16154862688409702      0.1615256637201593       -1.0615924655188352E-4   -1.0614498385628337E-4
0.43600000000000005      0.16154862677022566      0.161525668262108        -1.0615910662493381E-4   -1.0614480529256198E-4
0.437                    0.16154862665572817      0.16152567280404775      -1.0615896654171793E-4   -1.0614462672938947E-4
0.438                    0.16154862654059932      0.16152567734597997      -1.0615882630223671E-4   -1.0614444816676624E-4
0.439                    0.16154862642484094      0.16152568188790395      -1.061586859064904E-4    -1.0614426960469204E-4
0.44                     0.16154862630845276      0.16152568642981965      -1.0615854535448018E-4   -1.0614409104316673E-4
0.441                    0.16154862619143687      0.16152569097172673      -1.0615840464620605E-4   -1.0614391248219036E-4
0.442                    0.1615486260737885       0.16152569551362747      -1.061582637816692E-4    -1.0614373392176343E-4
0.44300000000000006      0.16154862595551187      0.16152570005551806      -1.0615812276086995E-4   -1.0614355536188527E-4
0.444                    0.16154862583660684      0.16152570459740134      -1.0615798158380898E-4   -1.0614337680255593E-4
0.445                    0.1615486257170702       0.1615257091392765       -1.0615784025048713E-4   -1.0614319824377601E-4
0.446                    0.16154862559690442      0.16152571368114302      -1.0615769876090453E-4   -1.061430196855449E-4
0.447                    0.16154862547610996      0.16152571822300227      -1.0615755711506267E-4   -1.0614284112786292E-4
0.448                    0.1615486253546858       0.16152572276485289      -1.0615741531296106E-4   -1.0614266257073001E-4
0.449                    0.16154862523263241      0.1615257273066953       -1.0615727335460118E-4   -1.0614248401414589E-4
0.45000000000000007      0.16154862510994836      0.16152573184852934      -1.0615713123998339E-4   -1.0614230545811125E-4
0.451                    0.16154862498663453      0.16152573639035583      -1.0615698896910838E-4   -1.0614212690262518E-4
0.452                    0.16154862486269167      0.16152574093217303      -1.0615684654197686E-4   -1.0614194834768833E-4
0.453                    0.1615486247381198       0.1615257454739831       -1.0615670395858922E-4   -1.0614176979330055E-4
0.454                    0.16154862461292038      0.16152575001578476      -1.061565612189462E-4    -1.061415912394616E-4
0.455                    0.16154862448708693      0.1615257545575785       -1.0615641832304853E-4   -1.0614141268617191E-4
0.456                    0.16154862436062659      0.1615257590993649       -1.06156275270897E-4     -1.06141234133431E-4
0.4570000000000001       0.16154862423353555      0.16152576364114207      -1.0615613206249173E-4   -1.0614105558123933E-4
0.458                    0.16154862410581602      0.16152576818291142      -1.0615598869783369E-4   -1.0614087702959646E-4
0.459                    0.16154862397746517      0.16152577272467208      -1.0615584517692376E-4   -1.0614069847850272E-4
0.46                     0.16154862384848587      0.16152577726642572      -1.0615570149976228E-4   -1.0614051992795798E-4
0.461                    0.16154862371887627      0.16152578180817098      -1.0615555766634995E-4   -1.0614034137796238E-4
0.462                    0.16154862358864078      0.16152578634990636      -1.061554136766873E-4    -1.0614016282851545E-4
0.463                    0.16154862345777157      0.16152579089163477      -1.0615526953077529E-4   -1.0613998427961752E-4
0.4640000000000001       0.16154862332627506      0.1615257954333553       -1.0615512522861422E-4   -1.0613980573126881E-4
0.465                    0.1615486231941462       0.16152579997506886      -1.0615498077020512E-4   -1.0613962718346911E-4
0.466                    0.16154862306138923      0.16152580451677262      -1.0615483615554807E-4   -1.061394486362185E-4
0.467                    0.16154862292800387      0.1615258090584671       -1.0615469138464406E-4   -1.061392700895167E-4
0.468                    0.16154862279398835      0.16152581360015605      -1.0615454645749414E-4   -1.0613909154336393E-4
0.46900000000000003      0.16154862265934225      0.16152581814183567      -1.061544013740982E-4    -1.0613891299776019E-4
0.47000000000000003      0.16154862252406776      0.1615258226835065       -1.0615425613445731E-4   -1.0613873445270536E-4
0.4710000000000001       0.16154862238816375      0.1615258272251711       -1.0615411073857186E-4   -1.0613855590819977E-4
0.47200000000000003      0.16154862225162944      0.1615258317668258       -1.0615396518644307E-4   -1.06138377364243E-4
0.47300000000000003      0.16154862211446655      0.16152583630847278      -1.0615381947807107E-4   -1.0613819882083502E-4
0.47400000000000003      0.1615486219766725       0.1615258408501112       -1.0615367361345642E-4   -1.0613802027797614E-4
0.47500000000000003      0.1615486218382489       0.16152584539174233      -1.061535275926003E-4    -1.061378417356662E-4
0.47600000000000003      0.1615486216991972       0.1615258499333658       -1.0615338141550272E-4   -1.0613766319390537E-4
0.47700000000000004      0.16154862155951555      0.16152585447498022      -1.0615323508216491E-4   -1.0613748465269332E-4
0.4780000000000001       0.1615486214194738       0.16152585894853913      -1.061530913621796E-4    -1.0613730879077704E-4
0.47900000000000004      0.16154862127897582      0.16152586337828806      -1.0615294926871918E-4   -1.0613713465369473E-4
0.48000000000000004      0.16154862113785837      0.16152586780513775      -1.0615280713668574E-4   -1.0613696063096518E-4
0.481                    0.1615486209961249       0.16152587222908837      -1.0615266496608038E-4   -1.0613678672258722E-4
0.482                    0.16154862085377295      0.16152587665013976      -1.0615252275690193E-4   -1.0613661292856073E-4
0.483                    0.1615486207108007       0.1615258810682902       -1.0615238050915155E-4   -1.0613643924888497E-4
0.484                    0.16154862056721134      0.16152588548354305      -1.0615223822282922E-4   -1.0613626568355944E-4
0.485                    0.16154862042300516      0.16152588989589498      -1.0615209589793491E-4   -1.0613609223258339E-4
0.486                    0.16154862027817948      0.16152589430535028      -1.0615195353446872E-4   -1.0613591889595638E-4
0.48700000000000004      0.1615486201327371       0.16152589871190315      -1.0615181113243122E-4   -1.061357456736779E-4
0.488                    0.16154861998667402      0.16152590311555762      -1.061516686918219E-4    -1.0613557256574747E-4
0.48899999999999993      0.1615486198399941       0.16152590751631293      -1.0615152621264147E-4   -1.0613539957216421E-4
0.49                     0.16154861969269763      0.16152591191416787      -1.0615138369489002E-4   -1.0613522669292773E-4
0.491                    0.16154861954478053      0.1615259163091237       -1.0615124113856758E-4   -1.061350539280374E-4
0.49200000000000005      0.16154861939624643      0.16152592070118027      -1.0615109854367422E-4   -1.061348812774928E-4
0.49300000000000005      0.16154861924709518      0.16152592509033745      -1.0615095591021035E-4   -1.0613470874129314E-4
0.494                    0.16154861909732493      0.16152592947659591      -1.0615081323817575E-4   -1.0613453631943812E-4
0.495                    0.16154861894693748      0.16152593385995292      -1.0615067052757112E-4   -1.061343640119271E-4
0.496                    0.16154861879593024      0.16152593824041248      -1.0615052777839607E-4   -1.0613419181875917E-4
0.49700000000000005      0.1615486186443045       0.16152594261797254      -1.0615038499065122E-4   -1.0613401973993436E-4
0.49799999999999994      0.1615486184920625       0.16152594699263215      -1.0615024216433659E-4   -1.0613384777545183E-4
0.499                    0.16154861833920253      0.16152595136439252      -1.0615009929945194E-4   -1.0613367592531077E-4
0.5                      0.16154861818572294      0.16152595573325396      -1.0614995639599792E-4   -1.0613350418951103E-4
0.501                    0.16154861803162562      0.1615259600992151       -1.0614981345397448E-4   -1.061333325680518E-4
0.5020000000000001       0.16154861787691024      0.16152596446227852      -1.0614967047338175E-4   -1.0613316106093265E-4
0.503                    0.16154861772157691      0.16152596882244083      -1.0614952745422003E-4   -1.0613298966815286E-4
0.504                    0.16154861756562724      0.16152597317970524      -1.061493843964895E-4    -1.06132818389712E-4
0.505                    0.16154861740905574      0.1615259775340683       -1.0614924130019009E-4   -1.0613264722560925E-4
0.506                    0.16154861725186825      0.16152598188553322      -1.0614909816532219E-4   -1.0613247617584473E-4
0.507                    0.1615486170940623       0.16152598623409797      -1.0614895499188565E-4   -1.0613230524041718E-4
0.508                    0.1615486169356377       0.16152599057976383      -1.0614881177988104E-4   -1.0613213441932626E-4
0.509                    0.16154861677659593      0.16152599492252886      -1.0614866852930813E-4   -1.0613196371257122E-4
0.51                     0.161548616616935        0.1615259992623965       -1.061485252401675E-4    -1.0613179312015215E-4
0.511                    0.16154861645665863      0.1615260035993639       -1.0614838191245896E-4   -1.0613162264206768E-4
0.512                    0.161548616295762        0.16152600793343191      -1.061482385461828E-4    -1.061314522783179E-4
0.513                    0.161548616134245        0.16152601226460078      -1.0614809514133921E-4   -1.0613128202890173E-4
0.514                    0.16154861597211337      0.16152601659286908      -1.0614795169792838E-4   -1.0613111189381912E-4
0.515                    0.1615486158093621       0.1615260209182386       -1.0614780821595018E-4   -1.0613094187306927E-4
0.5160000000000001       0.16154861564599335      0.16152602524070955      -1.0614766469540517E-4   -1.0613077196665129E-4
0.517                    0.16154861548200522      0.16152602956028045      -1.0614752113629322E-4   -1.0613060217456516E-4
0.518                    0.16154861531740114      0.16152603387695225      -1.0614737753861465E-4   -1.0613043249680999E-4
0.519                    0.16154861515217792      0.1615260381907233       -1.061472339023694E-4    -1.0613026293338546E-4
0.52                     0.161548614986336        0.16152604250159583      -1.0614709022755771E-4   -1.0613009348429107E-4
0.521                    0.1615486148198759       0.161526046809568        -1.0614694651418022E-4   -1.0612992414952566E-4
0.522                    0.16154861465279885      0.16152605111464097      -1.061468027622365E-4    -1.0612975492908944E-4
0.523                    0.16154861448510302      0.1615260554168157       -1.0614665897172687E-4   -1.0612958582298142E-4
0.524                    0.16154861431678996      0.16152605971609083      -1.0614651514265139E-4   -1.061294168312012E-4
0.525                    0.16154861414785596      0.16152606401246578      -1.0614637127501043E-4   -1.0612924795374833E-4
0.526                    0.16154861397830542      0.1615260683059415       -1.061462273688043E-4    -1.061290791906219E-4
0.527                    0.16154861380813745      0.16152607259651924      -1.061460834240326E-4    -1.0612891054182144E-4
0.528                    0.16154861363735243      0.1615260768841948       -1.0614593944069594E-4   -1.0612874200734681E-4
0.529                    0.16154861346594643      0.16152608116897307      -1.0614579541879413E-4   -1.0612857358719709E-4
0.5300000000000001       0.16154861329392392      0.16152608545085054      -1.0614565135832795E-4   -1.061284052813718E-4
0.531                    0.16154861312128282      0.1615260897298292       -1.0614550725929694E-4   -1.0612823708987033E-4
0.532                    0.16154861294802322      0.16152609400590803      -1.0614536312170155E-4   -1.0612806901269222E-4
0.533                    0.16154861277414684      0.16152609827908812      -1.0614521894554184E-4   -1.0612790104983698E-4
0.534                    0.1615486125996512       0.161526102549368        -1.0614507473081788E-4   -1.0612773320130397E-4
0.535                    0.16154861242453758      0.16152610681674975      -1.0614493047753013E-4   -1.0612756546709266E-4
0.536                    0.1615486122488059       0.16152611108123105      -1.0614478618567837E-4   -1.0612739784720255E-4
0.537                    0.16154861207245688      0.16152611534281264      -1.0614464185526315E-4   -1.0612723034163302E-4
0.538                    0.16154861189548878      0.16152611960149618      -1.0614449748628426E-4   -1.0612706295038351E-4
0.5390000000000001       0.16154861171790227      0.1615261238572785       -1.0614435307874226E-4   -1.0612689567345334E-4
0.54                     0.1615486115396991       0.16152612811016215      -1.0614420863263704E-4   -1.0612672851084242E-4
0.541                    0.16154861136087706      0.16152613236014737      -1.0614406414796875E-4   -1.0612656146254973E-4
0.542                    0.16154861118143798      0.16152613660723172      -1.0614391962473758E-4   -1.0612639452857472E-4
0.543                    0.16154861100137813      0.16152614085141684      -1.0614377506294381E-4   -1.0612622770891732E-4
0.5440000000000002       0.16154861082070202      0.16152614509270313      -1.061436304625874E-4    -1.0612606100357649E-4
0.545                    0.16154861063940706      0.16152614933108989      -1.0614348582366881E-4   -1.0612589441255208E-4
0.546                    0.16154861045749372      0.1615261535665773       -1.0614334114618781E-4   -1.0612572793584332E-4
0.547                    0.16154861027496303      0.16152615779916377      -1.0614319643014489E-4   -1.0612556157344965E-4
0.548                    0.16154861009181348      0.16152616202885126      -1.0614305167554017E-4   -1.061253953253708E-4
0.549                    0.161548609908047        0.16152616625564112      -1.0614290688237353E-4   -1.0612522919160578E-4
0.55                     0.16154860972366125      0.16152617047953177      -1.0614276205064558E-4   -1.0612506317215425E-4
0.551                    0.1615486095386579       0.16152617470051986      -1.061426171803559E-4    -1.061248972670157E-4
0.552                    0.1615486093530374       0.1615261789186108       -1.0614247227150494E-4   -1.0612473147618978E-4
0.5530000000000002       0.16154860916743957      0.16152618308719943      -1.0614232952549218E-4   -1.0612456762941702E-4
0.554                    0.16154860898190618      0.1615261872034421       -1.0614218907665294E-4   -1.0612440583835195E-4
0.555                    0.16154860879578972      0.1615261913142944       -1.0614204870691066E-4   -1.061242442593894E-4
0.556                    0.16154860860909023      0.16152619541975652      -1.0614190841626468E-4   -1.0612408289252946E-4
0.557                    0.16154860842180505      0.16152619951982733      -1.0614176820471505E-4   -1.0612392173777046E-4
0.558                    0.16154860823393474      0.16152620361450892      -1.061416280722613E-4    -1.0612376079511153E-4
0.559                    0.16154860804548352      0.16152620770379875      -1.0614148801890307E-4   -1.0612360006455164E-4
0.56                     0.16154860785644845      0.16152621178769846      -1.0614134804464012E-4   -1.0612343954608958E-4
0.561                    0.16154860766682883      0.16152621586620777      -1.0614120814947197E-4   -1.0612327923972505E-4
0.562                    0.16154860747662578      0.16152621993932684      -1.0614106833339883E-4   -1.061231191454563E-4
0.5630000000000001       0.1615486072858382       0.1615262240070551       -1.0614092859641968E-4   -1.0612295926328294E-4
0.5640000000000001       0.16154860709446778      0.1615262280693927       -1.0614078893853466E-4   -1.0612279959320347E-4
0.5650000000000001       0.16154860690251313      0.16152623212634062      -1.0614064935974342E-4   -1.0612264013521758E-4
0.5660000000000001       0.1615486067099741       0.16152623617789713      -1.0614050986004531E-4   -1.0612248088932386E-4
0.5670000000000002       0.16154860651685185      0.16152624022406425      -1.061403704394404E-4    -1.0612232185552128E-4
0.5680000000000001       0.16154860632314547      0.16152624426484147      -1.0614023109792802E-4   -1.0612216303380924E-4
0.5690000000000001       0.1615486061288558       0.161526248300228        -1.0614009183550805E-4   -1.0612200442418642E-4
0.5700000000000001       0.16154860593398152      0.16152625233022183      -1.0613995265218043E-4   -1.0612184602665204E-4
0.5710000000000001       0.1615486057385254       0.1615262563548264       -1.0613981354794468E-4   -1.0612168784120504E-4
0.5720000000000001       0.1615486055424838       0.16152626037404189      -1.0613967452280014E-4   -1.0612152986784453E-4
0.5730000000000001       0.16154860534585766      0.16152626438786563      -1.0613953557674683E-4   -1.0612137210656966E-4
0.5740000000000001       0.16154860514864955      0.1615262683962989       -1.0613939670978446E-4   -1.0612121455737925E-4
0.5750000000000001       0.16154860495085865      0.16152627239934184      -1.0613925792191258E-4   -1.0612105722027246E-4
0.5760000000000001       0.16154860475248262      0.16152627639699513      -1.06139119213131E-4     -1.0612090009524841E-4
0.577                    0.16154860455352077      0.16152628038925707      -1.0613898058343916E-4   -1.0612074318230582E-4
0.578                    0.1615486043539776       0.16152628437612715      -1.0613884203283688E-4   -1.0612058648144406E-4
0.579                    0.1615486041538513       0.16152628835761054      -1.0613870356132413E-4   -1.061204299926624E-4
0.58                     0.16154860395313947      0.16152629233370094      -1.0613856516890017E-4   -1.0612027371595914E-4
0.581                    0.16154860375184346      0.16152629630440074      -1.0613842685556486E-4   -1.0612011765133401E-4
0.582                    0.1615486035499641       0.16152630026971054      -1.0613828862131774E-4   -1.0611996179878563E-4
0.583                    0.16154860334750326      0.16152630422963027      -1.0613815046615874E-4   -1.061198061583134E-4
0.584                    0.16154860314445524      0.16152630818415908      -1.061380123900876E-4    -1.0611965072991622E-4
0.585                    0.16154860294082696      0.16152631213329777      -1.0613787439310369E-4   -1.061194955135932E-4
0.586                    0.16154860273661242      0.16152631607704548      -1.0613773647520709E-4   -1.061193405093433E-4
0.587                    0.16154860253181397      0.16152632001540237      -1.0613759863639708E-4   -1.0611918571716562E-4
0.588                    0.16154860232643384      0.1615263239483701       -1.0613746087667351E-4   -1.0611903113705895E-4
0.589                    0.16154860212046723      0.16152632787594687      -1.0613732319603634E-4   -1.0611887676902288E-4
0.5900000000000001       0.16154860191391873      0.16152633179813258      -1.0613718559448465E-4   -1.0611872261305635E-4
0.591                    0.16154860170678553      0.16152633571492944      -1.0613704807201867E-4   -1.0611856866915808E-4
0.592                    0.16154860149906944      0.16152633962633517      -1.0613691062863787E-4   -1.0611841493732735E-4
0.593                    0.16154860129076876      0.1615263435323498       -1.06136773264342E-4     -1.061182614175634E-4
0.594                    0.16154860108188457      0.16152634743297398      -1.061366359791308E-4    -1.0611810810986491E-4
0.595                    0.1615486008724167       0.1615263513282084       -1.0613649877300367E-4   -1.0611795501423133E-4
0.596                    0.1615486006623649       0.16152635521805073      -1.0613636164596068E-4   -1.061178021306614E-4
0.597                    0.1615486004517301       0.1615263591025044       -1.061362245980014E-4    -1.0611764945915444E-4
0.598                    0.1615486002405114       0.16152636298156584      -1.061360876291253E-4    -1.0611749699970936E-4
0.599                    0.16154860002870694      0.16152636685523855      -1.0613595073933241E-4   -1.061173447523254E-4
0.6                      0.16154859981632075      0.16152637072352038      -1.061358139286221E-4    -1.0611719271700136E-4
0.601                    0.16154859960335066      0.1615263745864122       -1.0613567719699439E-4   -1.0611704089373682E-4
0.602                    0.16154859938979557      0.16152637844391182      -1.0613554054444873E-4   -1.0611688928253048E-4
0.603                    0.1615485991756586       0.1615263822960227       -1.0613540397098467E-4   -1.0611673788338124E-4
0.6040000000000001       0.16154859896093676      0.161526386142742        -1.0613526747660235E-4   -1.061165866962886E-4
0.605                    0.1615485987456301       0.1615263899840719       -1.0613513106130122E-4   -1.061164357212514E-4
0.606                    0.1615485985297417       0.16152639382000994      -1.061349947250807E-4    -1.061162849582688E-4
0.607                    0.16154859831326812      0.16152639765056004      -1.0613485846794107E-4   -1.0611613440733964E-4
0.608                    0.1615485980962105       0.1615264014757176       -1.0613472228988159E-4   -1.061159840684635E-4
0.609                    0.16154859787856987      0.16152640529548495      -1.061345861909019E-4    -1.0611583394163909E-4
0.61                     0.16154859766034557      0.16152640910986202      -1.0613445017100205E-4   -1.0611568402686547E-4
0.611                    0.16154859744153638      0.16152641291884773      -1.0613431423018142E-4   -1.0611553432414223E-4
0.612                    0.16154859722214643      0.16152641672244406      -1.0613417836844004E-4   -1.0611538483346782E-4
0.6130000000000001       0.1615485970021682       0.16152642052065025      -1.0613404258577731E-4   -1.0611523555484182E-4
0.614                    0.16154859678161018      0.16152642431346556      -1.0613390688219307E-4   -1.0611508648826292E-4
0.615                    0.16154859656046652      0.16152642810089018      -1.0613377125768668E-4   -1.0611493763373039E-4
0.616                    0.16154859633873903      0.16152643188292512      -1.0613363571225819E-4   -1.0611478899124345E-4
0.617                    0.16154859611642772      0.1615264356595685       -1.0613350024590714E-4   -1.0611464056080104E-4
0.6180000000000001       0.16154859589353437      0.16152643943082254      -1.0613336485863347E-4   -1.0611449234240246E-4
0.619                    0.1615485956700557       0.16152644319668574      -1.061332295504365E-4    -1.061143443360465E-4
0.62                     0.16154859544599345      0.16152644695715843      -1.0613309432131617E-4   -1.0611419654173224E-4
0.621                    0.16154859522134715      0.16152645071223948      -1.0613295917127215E-4   -1.0611404895945936E-4
0.622                    0.16154859499611768      0.16152645446193054      -1.0613282410030416E-4   -1.0611390158922631E-4
0.623                    0.16154859477030348      0.16152645820623243      -1.0613268910841153E-4   -1.061137544310326E-4
0.624                    0.16154859454390721      0.1615264619451437       -1.0613255419559464E-4   -1.0611360748487694E-4
0.625                    0.1615485943169268       0.16152646567866366      -1.0613241936185247E-4   -1.0611346075075887E-4
0.626                    0.16154859408936123      0.16152646940679338      -1.0613228460718526E-4   -1.061133142286773E-4
0.6270000000000001       0.16154859386121237      0.16152647312953228      -1.0613214993159225E-4   -1.0611316791863137E-4
0.628                    0.1615485936332028       0.16152647683262264      -1.06132016296718E-4     -1.0611302238156128E-4
0.629                    0.16154859340588235      0.16152648050515092      -1.0613188443860757E-4   -1.061128780468126E-4
0.63                     0.16154859317803086      0.1615264841712626       -1.0613175272876062E-4   -1.0611273396445562E-4
0.631                    0.16154859294964727      0.1615264878309556       -1.0613162116717681E-4   -1.0611259013448998E-4
0.632                    0.16154859272073294      0.1615264914842326       -1.0613148975385508E-4   -1.0611244655691439E-4
0.633                    0.1615485924912877       0.1615264951310946       -1.0613135848879542E-4   -1.0611230323172765E-4
0.634                    0.1615485922613085       0.16152649877153966      -1.0613122737199712E-4   -1.0611216015892942E-4
0.635                    0.16154859203079736      0.16152650240556773      -1.0613109640345918E-4   -1.0611201733851761E-4
0.636                    0.16154859179975573      0.16152650603317908      -1.0613096558318166E-4   -1.0611187477049176E-4
0.637                    0.16154859156818147      0.1615265096543757       -1.0613083491116366E-4   -1.0611173245485068E-4
0.638                    0.16154859133607535      0.16152651326915413      -1.0613070438740457E-4   -1.0611159039159358E-4
0.639                    0.16154859110343847      0.161526516877516        -1.0613057401190402E-4   -1.0611144858071949E-4
0.64                     0.16154859087026838      0.16152652047946295      -1.0613044378466146E-4   -1.0611130702222703E-4
0.6410000000000001       0.16154859063656762      0.16152652407499188      -1.0613031370567636E-4   -1.0611116571611539E-4
0.642                    0.16154859040233457      0.1615265276641057       -1.0613018377494765E-4   -1.0611102466238321E-4
0.643                    0.16154859016756987      0.1615265312468018       -1.0613005399247582E-4   -1.0611088386103003E-4
0.644                    0.1615485899322732       0.16152653482308257      -1.0612992435825942E-4   -1.0611074331205457E-4
0.645                    0.16154858969644367      0.16152653839294642      -1.0612979487229818E-4   -1.0611060301545571E-4
0.646                    0.16154858946008374      0.16152654195639354      -1.061296655345916E-4    -1.061104629712325E-4
0.647                    0.1615485892231921       0.16152654551342405      -1.06129536345139E-4     -1.0611032317938421E-4
0.648                    0.16154858898576838      0.16152654906403893      -1.061294073039402E-4    -1.0611018363990934E-4
0.649                    0.1615485887478125       0.16152655260823653      -1.0612927841099398E-4   -1.061100443528071E-4
0.6500000000000001       0.16154858850932396      0.16152655614601744      -1.0612914966630065E-4   -1.061099053180766E-4
0.651                    0.16154858827030424      0.16152655967738286      -1.0612902106985892E-4   -1.061097665357168E-4
0.652                    0.1615485880307544       0.16152656320233214      -1.0612889262166854E-4   -1.0610962800572641E-4
0.653                    0.1615485877906694       0.16152656672086352      -1.0612876432172909E-4   -1.0610948972810484E-4
0.654                    0.16154858755005563      0.16152657023297873      -1.0612863617003977E-4   -1.0610935170285073E-4
0.6550000000000001       0.1615485873089092       0.16152657373867857      -1.061285081666002E-4    -1.0610921392996341E-4
0.656                    0.16154858706723066      0.16152657723796         -1.0612838031140978E-4   -1.0610907640944154E-4
0.657                    0.16154858682502093      0.16152658073082632      -1.0612825260446779E-4   -1.0610893914128458E-4
0.658                    0.16154858658227797      0.16152658421727636      -1.0612812504577419E-4   -1.0610880212549123E-4
0.659                    0.16154858633900498      0.1615265876973094       -1.0612799763532794E-4   -1.0610866536206026E-4
0.66                     0.16154858609519812      0.16152659117092538      -1.0612787037312883E-4   -1.0610852885099123E-4
0.661                    0.16154858585086115      0.1615265946381261       -1.0612774325917596E-4   -1.0610839259228277E-4
0.662                    0.16154858560599072      0.16152659809890893      -1.0612761629346936E-4   -1.0610825658593407E-4
0.663                    0.16154858536058941      0.16152660155327692      -1.0612748947600791E-4   -1.0610812083194411E-4
0.6640000000000001       0.16154858511465697      0.16152660500122745      -1.0612736280679122E-4   -1.0610798533031173E-4
0.665                    0.16154858486819165      0.1615266084427619       -1.0612723628581891E-4   -1.0610785008103634E-4
0.666                    0.16154858462119698      0.16152661187787917      -1.0612710991309032E-4   -1.0610771508411655E-4
0.667                    0.16154858437366734      0.1615266153065814       -1.0612698368860523E-4   -1.0610758033955162E-4
0.668                    0.16154858412560633      0.1615266187288661       -1.0612685761236263E-4   -1.061074458473405E-4
0.6690000000000002       0.16154858387701468      0.1615266221447343       -1.0612673168436215E-4   -1.0610731160748205E-4
0.67                     0.16154858362788996      0.16152662555418687      -1.061266059046033E-4    -1.0610717761997593E-4
0.671                    0.16154858337823486      0.1615266289572225       -1.0612648027308562E-4   -1.0610704388482041E-4
0.672                    0.16154858312804696      0.16152663235384124      -1.0612635478980819E-4   -1.0610691040201494E-4
0.673                    0.16154858287732796      0.1615266357440437       -1.0612622945477103E-4   -1.0610677717155834E-4
0.674                    0.16154858262607683      0.16152663912783044      -1.0612610426797336E-4   -1.0610664419344978E-4
0.675                    0.16154858237429248      0.16152664250519852      -1.0612597922941483E-4   -1.0610651146768842E-4
0.676                    0.16154858212197923      0.16152664587615312      -1.0612585433909444E-4   -1.0610637899427313E-4
0.677                    0.16154858186913237      0.16152664924068977      -1.0612572959701212E-4   -1.0610624677320303E-4
0.6780000000000002       0.16154858161575367      0.16152665259880963      -1.0612560500316712E-4   -1.0610611480447684E-4
0.679                    0.16154858136184425      0.16152665595051302      -1.0612548055755865E-4   -1.0610598308809405E-4
0.68                     0.16154858110740067      0.16152665929580004      -1.0612535626018688E-4   -1.061058516240536E-4
0.681                    0.16154858085242696      0.16152666263467155      -1.061252321110509E-4    -1.061057204123544E-4
0.682                    0.1615485805969206       0.16152666596712612      -1.0612510811015003E-4   -1.0610558945299553E-4
0.683                    0.16154858034088385      0.1615266692931636       -1.0612498425748373E-4   -1.061054587459762E-4
0.684                    0.16154858008431378      0.1615266726127847       -1.0612486055305205E-4   -1.0610532829129538E-4
0.685                    0.1615485798272138       0.16152667592598985      -1.0612473699685352E-4   -1.0610519808895195E-4
0.686                    0.16154857956958063      0.1615266792327788       -1.0612461358888841E-4   -1.0610506813894527E-4
0.687                    0.16154857931141584      0.16152668253315158      -1.0612449032915624E-4   -1.0610493844127419E-4
0.6880000000000001       0.1615485790527191       0.1615266858271066       -1.0612436721765593E-4   -1.0610480899593804E-4
0.6890000000000001       0.1615485787934893       0.16152668911464516      -1.0612424425438708E-4   -1.0610467980293549E-4
0.6900000000000001       0.16154857853372945      0.16152669239576858      -1.0612412143934949E-4   -1.0610455086226578E-4
0.6910000000000001       0.16154857827343808      0.16152669567047348      -1.0612399877254218E-4   -1.0610442217392807E-4
0.6920000000000002       0.16154857801261402      0.1615266989387641       -1.0612387625396506E-4   -1.0610429373792122E-4
0.6930000000000001       0.16154857775125742      0.16152670220063736      -1.061237538836175E-4    -1.061041655542446E-4
0.6940000000000001       0.16154857748936977      0.16152670545609465      -1.0612363166149869E-4   -1.0610403762289698E-4
0.6950000000000001       0.16154857722695068      0.1615267087051333       -1.0612350958760866E-4   -1.0610390994387781E-4
0.6960000000000001       0.16154857696399813      0.16152671194775772      -1.0612338766194634E-4   -1.0610378251718585E-4
0.6970000000000001       0.16154857670051648      0.16152671518396525      -1.0612326588451177E-4   -1.0610365534282009E-4
0.6980000000000001       0.16154857643650108      0.16152671841375515      -1.0612314425530361E-4   -1.0610352842077975E-4
0.6990000000000001       0.1615485761719546       0.16152672163713017      -1.0612302277432224E-4   -1.0610340175106416E-4
0.7000000000000001       0.16154857590687638      0.16152672485408767      -1.0612290144156633E-4   -1.0610327533367208E-4
0.7010000000000002       0.16154857564126623      0.1615267280646302       -1.061227802570362E-4    -1.0610314916860283E-4
0.7020000000000001       0.16154857537512352      0.16152673126875466      -1.0612265922073068E-4   -1.0610302325585527E-4
0.7030000000000001       0.16154857510899673      0.1615267344665109       -1.0612253858999914E-4   -1.0610289759333884E-4
0.704                    0.1615485748440911       0.16152673765800402      -1.061224189331384E-4    -1.0610277217643874E-4
0.705                    0.1615485745787135       0.16152674084308574      -1.0612229945277131E-4   -1.061026470116279E-4
0.706                    0.16154857431286335      0.1615267440217556       -1.0612218014889761E-4   -1.0610252209890582E-4
0.707                    0.16154857404654294      0.1615267471940159       -1.0612206102151657E-4   -1.0610239743827132E-4
0.708                    0.1615485737797496       0.16152675035986291      -1.0612194207062772E-4   -1.0610227302972365E-4
0.709                    0.16154857351248586      0.1615267535192997       -1.0612182329623023E-4   -1.0610214887326197E-4
0.71                     0.16154857324474847      0.1615267566723258       -1.0612170469832378E-4   -1.0610202496888519E-4
0.711                    0.16154857297654038      0.1615267598189398       -1.0612158627690742E-4   -1.0610190131659279E-4
0.712                    0.16154857270786097      0.16152676295914362      -1.0612146803198064E-4   -1.061017779163834E-4
0.713                    0.1615485724387094       0.16152676609293526      -1.0612134996354315E-4   -1.0610165476825657E-4
0.714                    0.16154857216908505      0.16152676922031534      -1.0612123207159407E-4   -1.061015318722109E-4
0.7150000000000001       0.16154857189898925      0.16152677234128512      -1.0612111435613303E-4   -1.0610140922824602E-4
0.716                    0.161548571628423        0.1615267754558442       -1.061209968171589E-4    -1.0610128683636069E-4
0.717                    0.16154857135738304      0.16152677856399072      -1.0612087945467191E-4   -1.0610116469655405E-4
0.718                    0.16154857108587312      0.16152678166572645      -1.0612076226867083E-4   -1.0610104280882545E-4
0.719                    0.1615485708138909       0.1615267847610506       -1.0612064525915525E-4   -1.0610092117317407E-4
0.72                     0.1615485705414353       0.16152678784996397      -1.0612052842612467E-4   -1.0610079978959854E-4
0.721                    0.16154857026850913      0.1615267909324678       -1.0612041176957827E-4   -1.0610067865809839E-4
0.722                    0.16154856999511233      0.16152679400855696      -1.061202952895155E-4    -1.0610055777867255E-4
0.723                    0.16154856972124249      0.1615267970782375       -1.0612017898593631E-4   -1.061004371513203E-4
0.7240000000000001       0.1615485694469013       0.16152680014150567      -1.0612006285883932E-4   -1.0610031677604094E-4
0.725                    0.16154856917208832      0.16152680319836288      -1.0611994690822452E-4   -1.06100196652833E-4
0.726                    0.16154856889680375      0.16152680624880844      -1.0611983113409094E-4   -1.0610007678169605E-4
0.727                    0.16154856862104489      0.16152680929284324      -1.0611971553643828E-4   -1.0609995716262942E-4
0.728                    0.16154856834481768      0.1615268123304677       -1.0611960011526598E-4   -1.0609983779563189E-4
0.7290000000000001       0.16154856806811885      0.16152681536167898      -1.0611948487057309E-4   -1.0609971868070261E-4
0.73                     0.16154856779094592      0.16152681838647975      -1.061193698023593E-4    -1.0609959981784074E-4
0.731                    0.16154856751330227      0.16152682140487112      -1.0611925491062414E-4   -1.0609948120704549E-4
0.732                    0.1615485672351853       0.1615268244168501       -1.0611914019536674E-4   -1.0609936284831604E-4
0.733                    0.16154856695659925      0.1615268274224176       -1.0611902565658644E-4   -1.0609924474165164E-4
0.734                    0.16154856667754033      0.1615268304215732       -1.0611891129428316E-4   -1.0609912688705096E-4
0.735                    0.16154856639800816      0.16152683341431812      -1.0611879710845608E-4   -1.0609900928451374E-4
0.736                    0.1615485661180055       0.16152683640065285      -1.0611868309910448E-4   -1.060988919340386E-4
0.737                    0.161548565837532        0.1615268393805739       -1.0611856926622803E-4   -1.0609877483562523E-4
0.7380000000000001       0.16154856555658567      0.16152684235408524      -1.0611845560982564E-4   -1.060986579892724E-4
0.739                    0.16154856527516623      0.16152684532118636      -1.0611834212989737E-4   -1.060985413949793E-4
0.74                     0.16154856499327902      0.1615268482818747       -1.0611822882644232E-4   -1.060984250527455E-4
0.741                    0.16154856471091608      0.16152685123615204      -1.0611811569945985E-4   -1.0609830896256946E-4
0.742                    0.16154856442808313      0.16152685418401858      -1.0611800274894968E-4   -1.0609819312445093E-4
0.7430000000000001       0.16154856414477772      0.1615268571254747       -1.0611788997491107E-4   -1.0609807753838878E-4
0.744                    0.16154856386099856      0.1615268600605196       -1.061177773773434E-4    -1.0609796220438206E-4
0.745                    0.1615485635767531       0.1615268629891516       -1.0611766495624613E-4   -1.0609784712243032E-4
0.746                    0.16154856329203257      0.16152686591137294      -1.0611755271161884E-4   -1.0609773229253255E-4
0.747                    0.16154856300683926      0.16152686882718245      -1.0611744064346058E-4   -1.0609761771468771E-4
0.748                    0.16154856272117685      0.16152687173658245      -1.061173287517712E-4    -1.0609750338889515E-4
0.749                    0.16154856243503984      0.1615268746395695       -1.0611721703655006E-4   -1.0609738931515421E-4
0.75                     0.1615485621484317       0.16152687753614664      -1.0611710549779658E-4   -1.0609727549346398E-4
0.751                    0.1615485618613545       0.16152688042631164      -1.0611699413550995E-4   -1.060971619238234E-4
0.7520000000000001       0.16154856157380246      0.16152688331006634      -1.0611688294968983E-4   -1.060970486062318E-4
0.753                    0.16154856128577982      0.16152688618740882      -1.0611677194033541E-4   -1.0609693554068852E-4
0.754                    0.16154856099728412      0.16152688905834087      -1.061166611074467E-4    -1.0609682272719257E-4
0.755                    0.1615485607083179       0.16152689192286163      -1.0611655045102256E-4   -1.060967101657431E-4
0.756                    0.1615485604188793       0.16152689478097124      -1.061164399710627E-4    -1.0609659785633961E-4
0.757                    0.16154856012897023      0.16152689763266842      -1.061163296675665E-4    -1.0609648579898091E-4
0.758                    0.16154855983858935      0.16152690047795545      -1.0611621954053347E-4   -1.0609637399366615E-4
0.759                    0.16154855954773434      0.16152690331683173      -1.061161095899629E-4    -1.0609626244039501E-4
0.76                     0.1615485592564099       0.16152690614929568      -1.0611599981585432E-4   -1.0609615113916606E-4
0.7610000000000001       0.16154855896461331      0.161526908975348        -1.0611589021820735E-4   -1.0609604008997905E-4
0.762                    0.16154855867234308      0.16152691179499162      -1.0611578079702108E-4   -1.060959292928329E-4
0.763                    0.16154855837960325      0.16152691460822122      -1.061156715522952E-4    -1.0609581874772684E-4
0.764                    0.1615485580863922       0.16152691741504094      -1.06115562484029E-4     -1.0609570845466004E-4
0.765                    0.16154855779270713      0.1615269202154497       -1.0611545359222194E-4   -1.0609559841363167E-4
0.7660000000000001       0.16154855749855085      0.16152692300944574      -1.0611534487687381E-4   -1.0609548862464124E-4
0.767                    0.16154855720392425      0.1615269257970321       -1.0611523633798367E-4   -1.0609537908768757E-4
0.768                    0.16154855690882367      0.16152692857820766      -1.0611512797555124E-4   -1.0609526980276996E-4
0.769                    0.16154855661325332      0.16152693135296992      -1.0611501978957574E-4   -1.0609516076988768E-4
0.77                     0.16154855631720944      0.16152693412132238      -1.061149117800569E-4    -1.0609505198904E-4
0.771                    0.16154855602069468      0.1615269368832631       -1.0611480394699386E-4   -1.0609494346022617E-4
0.772                    0.16154855572370785      0.1615269396387926       -1.0611469629038613E-4   -1.0609483518344533E-4
0.773                    0.16154855542624905      0.161526942387912        -1.061145888102333E-4    -1.0609472715869649E-4
0.774                    0.16154855512831898      0.1615269451306192       -1.0611448150653493E-4   -1.060946193859792E-4
0.7750000000000001       0.16154855482991787      0.16152694786691504      -1.0611437437929012E-4   -1.0609451186529248E-4
0.776                    0.1615485545310442       0.16152695059679995      -1.0611426742849849E-4   -1.0609440459663589E-4
0.777                    0.16154855423169875      0.16152695332027334      -1.0611416065415989E-4   -1.0609429758000807E-4
0.778                    0.1615485539323097       0.1615269560416974       -1.0611405403089371E-4   -1.0609419064406707E-4
0.779                    0.161548553635795        0.16152695879086584      -1.0611394738534203E-4   -1.0609408261843076E-4
0.7800000000000001       0.16154855333890986      0.16152696153463186      -1.061138409103713E-4    -1.0609397480519281E-4
0.781                    0.16154855304165         0.16152696427299662      -1.0611373460598152E-4   -1.0609386720435248E-4
0.782                    0.16154855274401755      0.16152696700595656      -1.06113628472172E-4     -1.060937598159092E-4
0.783                    0.1615485524460131       0.16152696973351577      -1.0611352250894225E-4   -1.0609365263986213E-4
0.784                    0.16154855214763406      0.16152697245567252      -1.0611341671629136E-4   -1.0609354567621079E-4
0.785                    0.16154855184888442      0.16152697517242698      -1.0611331109421924E-4   -1.0609343892495464E-4
0.786                    0.16154855154976097      0.1615269778837802       -1.0611320564272536E-4   -1.0609333238609277E-4
0.787                    0.16154855125026527      0.1615269805897299       -1.0611310036180901E-4   -1.060932260596247E-4
0.788                    0.16154855095039433      0.16152698329027768      -1.061129952514697E-4    -1.0609311994554943E-4
0.7890000000000001       0.1615485506501536       0.16152698598542203      -1.0611289031170719E-4   -1.0609301404386697E-4
0.79                     0.16154855034953797      0.16152698867516435      -1.061127855425206E-4    -1.0609290835457609E-4
0.791                    0.16154855004854918      0.16152699135950593      -1.0611268094390962E-4   -1.0609280287767648E-4
0.792                    0.16154854974718932      0.16152699403844156      -1.0611257651587397E-4   -1.0609269761316721E-4
0.793                    0.16154854944545424      0.16152699671197782      -1.0611247225841251E-4   -1.0609259256104812E-4
0.7940000000000002       0.16154854914334726      0.1615269993801114       -1.0611236817152518E-4   -1.0609248772131792E-4
0.795                    0.16154854884086833      0.1615270020428429       -1.0611226425521145E-4   -1.0609238309397668E-4
0.796                    0.16154854853801576      0.16152700470017195      -1.0611216050947091E-4   -1.0609227867902316E-4
0.797                    0.16154854823478976      0.16152700735209777      -1.0611205693430252E-4   -1.0609217447645705E-4
0.798                    0.1615485479311909       0.16152700999862188      -1.0611195352970645E-4   -1.060920704862775E-4
0.799                    0.16154854762722115      0.1615270126397435       -1.0611185029568163E-4   -1.060919667084842E-4
0.8                      0.1615485473228761       0.16152701527546218      -1.0611174723222784E-4   -1.0609186314307616E-4
0.801                    0.16154854701815904      0.16152701790577975      -1.0611164433934486E-4   -1.0609175979005315E-4
0.802                    0.16154854671307065      0.16152702053069357      -1.0611154161703172E-4   -1.0609165664941412E-4
0.8030000000000002       0.1615485464076078       0.16152702315020473      -1.0611143906528795E-4   -1.0609155372115862E-4
0.804                    0.16154854610177172      0.16152702576431557      -1.0611133668411341E-4   -1.0609145100528599E-4
0.805                    0.16154854579556296      0.16152702837302427      -1.0611123447350696E-4   -1.060913485017957E-4
0.806                    0.16154854548898234      0.1615270309763284       -1.0611113243346892E-4   -1.060912462106871E-4
0.807                    0.16154854518202813      0.16152703357423104      -1.0611103056399829E-4   -1.0609114413195951E-4
0.808                    0.16154854487470074      0.16152703616673164      -1.0611092886509439E-4   -1.0609104226561242E-4
0.809                    0.16154854456700019      0.16152703875383037      -1.0611082733675732E-4   -1.0609094061164511E-4
0.81                     0.16154854425892898      0.1615270413355259       -1.0611072597898607E-4   -1.0609083917005693E-4
0.811                    0.1615485439504825       0.16152704391181924      -1.0611062479178046E-4   -1.0609073794084735E-4
0.8120000000000002       0.16154854364166443      0.16152704648271074      -1.0611052377513966E-4   -1.060906369240158E-4
0.8130000000000001       0.1615485433324721       0.16152704904819995      -1.061104229290636E-4    -1.0609053611956127E-4
0.8140000000000001       0.16154854302290766      0.1615270516082866       -1.061103222535515E-4    -1.0609043552748357E-4
0.8150000000000001       0.1615485427129695       0.16152705416297025      -1.0611022174860301E-4   -1.0609033514778222E-4
0.8160000000000001       0.1615485424026603       0.16152705671225165      -1.0611012141421723E-4   -1.0609023498045629E-4
0.8170000000000002       0.1615485420919773       0.1615270592561312       -1.061100212503943E-4    -1.0609013502550501E-4
0.8180000000000001       0.16154854178092243      0.16152706179460782      -1.0610992125713339E-4   -1.0609003528292831E-4
0.8190000000000001       0.16154854146949257      0.16152706432768338      -1.06109821434434E-4     -1.0608993575272518E-4
0.8200000000000001       0.16154854115769143      0.16152706685535587      -1.0610972178229577E-4   -1.06089836434895E-4
0.8210000000000001       0.16154854084551773      0.16152706937762545      -1.0610962230071807E-4   -1.0608973732943737E-4
0.8220000000000001       0.16154854053296927      0.16152707189449336      -1.0610952298970041E-4   -1.0608963843635162E-4
0.8230000000000001       0.16154854022004944      0.1615270744059583       -1.0610942384924269E-4   -1.0608953975563691E-4
0.8240000000000001       0.16154853990675627      0.16152707691202114      -1.0610932487934377E-4   -1.060894412872932E-4
0.8250000000000001       0.16154853959308904      0.16152707941268216      -1.0610922608000378E-4   -1.0608934303131945E-4
0.8260000000000002       0.16154853927904916      0.16152708190794107      -1.0610912745122181E-4   -1.0608924498771506E-4
0.8270000000000001       0.16154853896463933      0.16152708439779737      -1.061090289929976E-4    -1.0608914715647939E-4
0.8280000000000001       0.16154853864985486      0.1615270868822496       -1.0610893070533052E-4   -1.0608904953761238E-4
0.8290000000000001       0.16154853833469693      0.16152708936130217      -1.0610883258822042E-4   -1.0608895213111277E-4
0.8300000000000001       0.16154853801916685      0.16152709183495095      -1.0610873464166634E-4   -1.0608885493698022E-4
0.8310000000000002       0.16154853770326327      0.16152709430319734      -1.0610863686566808E-4   -1.0608875795521433E-4
0.8320000000000001       0.1615485373869865       0.1615270967660417       -1.0610853926022515E-4   -1.0608866118581423E-4
0.833                    0.1615485370703366       0.16152709922348274      -1.0610844182533715E-4   -1.0608856462877953E-4
0.834                    0.1615485367533164       0.16152710167552278      -1.0610834456100329E-4   -1.0608846828410936E-4
0.8350000000000001       0.1615485364359192       0.16152710412216         -1.0610824746722348E-4   -1.0608837215180348E-4
0.836                    0.16154853611815334      0.16152710656339483      -1.0610815054399694E-4   -1.0608827623186117E-4
0.837                    0.16154853580001202      0.16152710899922668      -1.0610805379132352E-4   -1.060881805242818E-4
0.838                    0.16154853548149875      0.1615271114296574       -1.0610795720920236E-4   -1.0608808502906462E-4
0.839                    0.16154853516261114      0.16152711385468602      -1.0610786079763325E-4   -1.0608798974620958E-4
0.8400000000000001       0.16154853484335335      0.161527116274311        -1.0610776455661564E-4   -1.0608789467571543E-4
0.841                    0.16154853452372223      0.16152711868853395      -1.06107668486149E-4     -1.0608779981758207E-4
0.842                    0.16154853420371537      0.1615271210973565       -1.0610757258623296E-4   -1.0608770517180874E-4
0.843                    0.16154853388333754      0.16152712350077492      -1.0610747685686712E-4   -1.0608761073839499E-4
0.844                    0.16154853356258647      0.16152712589878931      -1.0610738129805077E-4   -1.060875165173402E-4
0.845                    0.16154853324146237      0.16152712829140384      -1.0610728590978371E-4   -1.0608742250864361E-4
0.846                    0.16154853291996732      0.16152713067861518      -1.0610719069206533E-4   -1.0608732871230479E-4
0.847                    0.1615485325980981       0.16152713306042443      -1.0610709564489525E-4   -1.0608723512832319E-4
0.848                    0.16154853227585392      0.1615271354368313       -1.061070007682727E-4    -1.0608714175669842E-4
0.8490000000000001       0.16154853195323865      0.1615271378078351       -1.0610690606219773E-4   -1.0608704859742958E-4
0.85                     0.16154853163025001      0.1615271401734376       -1.061068115266694E-4    -1.0608695565051602E-4
0.851                    0.16154853130689178      0.16152714253363828      -1.0610671716168746E-4   -1.0608686291595763E-4
0.852                    0.1615485309831569       0.16152714488843464      -1.0610662296725148E-4   -1.0608677039375357E-4
0.853                    0.16154853065904903      0.16152714723783002      -1.061065289433611E-4    -1.0608667808390328E-4
0.8540000000000001       0.1615485303345698       0.16152714958182313      -1.0610643509001556E-4   -1.0608658598640617E-4
0.855                    0.161548530009717        0.16152715192041406      -1.061063414072148E-4    -1.060864941012619E-4
0.856                    0.16154852968449102      0.1615271542536012       -1.0610624789495786E-4   -1.0608640242846964E-4
0.857                    0.16154852935889472      0.1615271565813864       -1.0610615455324469E-4   -1.0608631096802894E-4
0.858                    0.1615485290329215       0.16152715890377067      -1.0610606138207454E-4   -1.0608621971993933E-4
0.859                    0.16154852870657876      0.1615271612207516       -1.0610596838144711E-4   -1.0608612868419989E-4
0.86                     0.16154852837986255      0.16152716353233082      -1.0610587555136207E-4   -1.0608603786081076E-4
0.861                    0.16154852805277245      0.16152716583850624      -1.0610578289181866E-4   -1.0608594724977075E-4
0.862                    0.1615485277253095       0.16152716813928034      -1.0610569040281687E-4   -1.0608585685107945E-4
0.8630000000000001       0.1615485273974724       0.16152717043465237      -1.0610559808435593E-4   -1.0608576666473667E-4
0.864                    0.16154852706926462      0.16152717272462083      -1.0610550593643542E-4   -1.0608567669074144E-4
0.865                    0.16154852674068287      0.16152717500918706      -1.0610541395905493E-4   -1.0608558692909299E-4
0.866                    0.16154852641173018      0.16152717728835206      -1.0610532215221368E-4   -1.060854973797918E-4
0.867                    0.16154852608240106      0.16152717956211493      -1.0610523051591196E-4   -1.0608540804283624E-4
0.8680000000000001       0.1615485257527024       0.16152718183047465      -1.0610513905014863E-4   -1.060853189182264E-4
0.869                    0.16154852542262862      0.16152718409343234      -1.0610504775492348E-4   -1.0608523000596149E-4
0.87                     0.16154852509218284      0.16152718635098745      -1.0610495663023636E-4   -1.0608514130604095E-4
0.871                    0.1615485247613646       0.16152718860314086      -1.0610486567608632E-4   -1.060850528184642E-4
0.8720000000000001       0.16154852443017348      0.16152719084989112      -1.0610477489247332E-4   -1.0608496454323079E-4
0.873                    0.16154852409860854      0.1615271930912406       -1.0610468427939686E-4   -1.0608487648034033E-4
0.874                    0.1615485237666708       0.16152719532718482      -1.0610459383685595E-4   -1.0608478862979215E-4
0.875                    0.16154852343436055      0.16152719755772807      -1.0610450356485099E-4   -1.0608470099158587E-4
0.876                    0.16154852310167783      0.16152719978287042      -1.0610441346338088E-4   -1.0608461356572024E-4
0.8770000000000001       0.1615485227686223       0.16152720200260892      -1.0610432353244556E-4   -1.0608452635219574E-4
0.878                    0.16154852243519144      0.161527204216945        -1.0610423377204462E-4   -1.0608443935101135E-4
0.879                    0.161548522101391        0.16152720642587873      -1.0610414418217722E-4   -1.0608435256216636E-4
0.88                     0.16154852176721624      0.16152720862941072      -1.0610405476284317E-4   -1.0608426598566074E-4
0.881                    0.16154852143267026      0.16152721082754096      -1.0610396551404224E-4   -1.0608417962149369E-4
0.882                    0.16154852109774828      0.1615272130202684       -1.0610387643577366E-4   -1.0608409346966443E-4
0.883                    0.16154852076245466      0.16152721520759314      -1.0610378752803697E-4   -1.0608400753017285E-4
0.884                    0.16154852042678844      0.16152721738951498      -1.0610369879083196E-4   -1.0608392180301808E-4
0.885                    0.16154852009074952      0.16152721956603544      -1.0610361022415823E-4   -1.0608383628819991E-4
0.8860000000000001       0.16154851975433923      0.1615272217371528       -1.0610352182801526E-4   -1.0608375098571773E-4
0.887                    0.16154851941755385      0.16152722390286775      -1.0610343360240261E-4   -1.0608366589557081E-4
0.888                    0.16154851908039536      0.16152722606318176      -1.0610334554731964E-4   -1.0608358101775896E-4
0.889                    0.16154851874286522      0.1615272282180918       -1.0610325766276626E-4   -1.0608349635228143E-4
0.89                     0.16154851840496212      0.16152723036760072      -1.0610316994874205E-4   -1.0608341189913776E-4
0.8910000000000001       0.16154851806668571      0.16152723251170736      -1.0610308240524614E-4   -1.0608332765832747E-4
0.892                    0.16154851772803702      0.16152723465041033      -1.0610299503227857E-4   -1.0608324362985007E-4
0.893                    0.16154851738901504      0.16152723678371098      -1.0610290782983861E-4   -1.0608315981370506E-4
0.894                    0.16154851704961942      0.16152723891161003      -1.0610282079792614E-4   -1.0608307620989178E-4
0.895                    0.16154851670985076      0.1615272410341072       -1.0610273393654038E-4   -1.0608299281840982E-4
0.896                    0.16154851636971101      0.16152724315120076      -1.0610264724568109E-4   -1.0608290963925868E-4
0.897                    0.16154851602919632      0.16152724526289383      -1.061025607253478E-4    -1.0608282667243788E-4
0.898                    0.1615485156883107       0.16152724736918372      -1.0610247437554006E-4   -1.0608274391794674E-4
0.899                    0.16154851534705217      0.16152724947007163      -1.0610238819625782E-4   -1.06082661375785E-4
0.9000000000000001       0.16154851500541845      0.16152725156555528      -1.061023021875001E-4    -1.0608257904595218E-4
0.901                    0.1615485146634129       0.16152725365563872      -1.0610221634926677E-4   -1.0608249692844774E-4
0.902                    0.16154851432103484      0.16152725574031793      -1.0610213068155749E-4   -1.0608241502327062E-4
0.903                    0.16154851397828546      0.16152725781959626      -1.0610204518437159E-4   -1.0608233333042119E-4
0.904                    0.16154851363516182      0.16152725989347227      -1.0610195985770872E-4   -1.0608225184989832E-4
0.9050000000000001       0.1615485132916652       0.16152726196194453      -1.0610187470156871E-4   -1.0608217058170205E-4
0.906                    0.1615485129477932       0.1615272640250153       -1.0610178971595094E-4   -1.0608208952583147E-4
0.907                    0.16154851260355244      0.16152726608268428      -1.0610170490085483E-4   -1.0608200868228608E-4
0.908                    0.16154851225893707      0.16152726813495089      -1.0610162025628018E-4   -1.0608192805106573E-4
0.909                    0.16154851191394995      0.161527270181814        -1.061015357822268E-4    -1.060818476321694E-4
0.91                     0.16154851156858696      0.16152727222327684      -1.0610145147869372E-4   -1.0608176742559713E-4
0.911                    0.16154851122285316      0.16152727425933566      -1.0610136734568116E-4   -1.0608168743134824E-4
0.912                    0.1615485108767463       0.1615272762899922       -1.0610128338318816E-4   -1.0608160764942214E-4
0.913                    0.16154851053026764      0.1615272783152464       -1.0610119959121456E-4   -1.0608152807981839E-4
0.9140000000000001       0.161548510183414        0.16152728033509883      -1.0610111596975992E-4   -1.0608144872253653E-4
0.915                    0.1615485098361883       0.1615272823495489       -1.061010325188239E-4    -1.0608136957757625E-4
0.916                    0.16154850948859034      0.16152728435859573      -1.0610094923840593E-4   -1.0608129064493682E-4
0.917                    0.16154850914061913      0.16152728636224178      -1.0610086612850575E-4   -1.0608121192461771E-4
0.918                    0.16154850879227425      0.16152728836048377      -1.0610078318912285E-4   -1.0608113341661866E-4
0.9190000000000002       0.16154850844355706      0.1615272903533241       -1.0610070042025698E-4   -1.0608105512093903E-4
0.92                     0.16154850809446805      0.16152729234076127      -1.0610061782190758E-4   -1.0608097703757873E-4
0.921                    0.16154850774500404      0.16152729432279864      -1.0610053539407423E-4   -1.0608089916653662E-4
0.922                    0.1615485073951695       0.16152729629943227      -1.061004531367567E-4    -1.0608082150781285E-4
0.9230000000000002       0.16154850704495957      0.1615272982706635       -1.061003710499544E-4    -1.060807440614065E-4
0.924                    0.16154850669437965      0.161527300236492        -1.0610028913366703E-4   -1.0608066682731746E-4
0.925                    0.16154850634342488      0.16152730219691835      -1.0610020738789415E-4   -1.060805898055449E-4
0.926                    0.1615485059920977       0.16152730415194178      -1.0610012581263558E-4   -1.0608051299608863E-4
0.927                    0.1615485056403992       0.16152730610156404      -1.0610004440789039E-4   -1.0608043639894805E-4
0.9280000000000002       0.16154850528832437      0.1615273080457824       -1.0609996317365889E-4   -1.0608036001412271E-4
0.929                    0.16154850494016199      0.16152731004296605      -1.0609988084318108E-4   -1.0608028154750519E-4
0.93                     0.16154850459237535      0.16152731204495016      -1.060997984617539E-4    -1.0608020289213281E-4
0.931                    0.16154850424428271      0.16152731404242882      -1.0609971623138428E-4   -1.060801244138419E-4
0.932                    0.16154850389588274      0.16152731603540085      -1.0609963415207188E-4   -1.0608004611263182E-4
0.933                    0.1615485035471756       0.16152731802386738      -1.0609955222381641E-4   -1.0607996798850241E-4
0.934                    0.1615485031981609       0.16152732000782866      -1.0609947044661743E-4   -1.0607989004145315E-4
0.935                    0.16154850284884087      0.16152732198728376      -1.0609938882047465E-4   -1.0607981227148376E-4
0.936                    0.16154850249921116      0.16152732396223304      -1.0609930734538779E-4   -1.060797346785938E-4
0.9370000000000002       0.16154850214927652      0.16152732593267577      -1.0609922602135624E-4   -1.0607965726278288E-4
0.9380000000000001       0.16154850179903454      0.16152732789861354      -1.060991448483798E-4    -1.060795800240503E-4
0.9390000000000001       0.1615485014484841       0.16152732986004595      -1.0609906382645843E-4   -1.0607950296239645E-4
0.9400000000000001       0.161548501097626        0.16152733181697146      -1.0609898295559124E-4   -1.0607942607782008E-4
0.9410000000000001       0.16154850074646412      0.1615273337693896       -1.0609890223577799E-4   -1.0607934937032114E-4
0.9420000000000002       0.1615485003949927       0.16152733571730443      -1.0609882166701886E-4   -1.0607927283989933E-4
0.9430000000000001       0.16154850004321464      0.16152733766071234      -1.0609874124931287E-4   -1.0607919648655423E-4
0.9440000000000001       0.16154849969112978      0.16152733959961355      -1.060986609826598E-4    -1.0607912031028518E-4
0.9450000000000001       0.16154849933873766      0.16152734153400988      -1.0609858086705979E-4   -1.0607904431109223E-4
0.9460000000000001       0.16154849898603676      0.16152734346390127      -1.0609850090251158E-4   -1.0607896848897478E-4
0.9470000000000001       0.16154849863303086      0.16152734538928568      -1.0609842108901575E-4   -1.0607889284393233E-4
0.9480000000000001       0.16154849827971876      0.1615273473101646       -1.060983414265716E-4    -1.0607881737596487E-4
0.9490000000000001       0.16154849792609888      0.16152734922653653      -1.060982619151783E-4    -1.0607874208507141E-4
0.9500000000000001       0.16154849757216977      0.16152735113840302      -1.0609818255483637E-4   -1.0607866697125233E-4
0.9510000000000002       0.16154849721793538      0.1615273530457654       -1.0609810334554494E-4   -1.0607859203450663E-4
0.9520000000000001       0.16154849686339467      0.16152735494861967      -1.0609802428730386E-4   -1.0607851727483407E-4
0.9530000000000001       0.16154849650854486      0.16152735684696928      -1.0609794538011241E-4   -1.0607844269223432E-4
0.9540000000000001       0.161548496153389        0.16152735874081312      -1.0609786662397064E-4   -1.060783682867071E-4
0.9550000000000001       0.16154849579792663      0.16152736063014944      -1.0609778801887816E-4   -1.0607829405825197E-4
0.9560000000000002       0.16154849544215583      0.1615273625149821       -1.060977095648347E-4    -1.0607822000686854E-4
0.9570000000000001       0.16154849508607835      0.16152736439530796      -1.0609763126183969E-4   -1.060781461325564E-4
0.9580000000000001       0.16154849472969532      0.16152736627112826      -1.0609755310989291E-4   -1.0607807243531518E-4
0.9590000000000001       0.1615484943730025       0.16152736814244245      -1.0609747510899389E-4   -1.0607799891514452E-4
0.9600000000000001       0.1615484940160042       0.16152737000925058      -1.0609739725914263E-4   -1.0607792557204416E-4
0.961                    0.1615484936586984       0.16152737187155267      -1.060973195603384E-4    -1.0607785240601359E-4
0.962                    0.16154849330108542      0.16152737372934944      -1.06097242012581E-4     -1.060777794170527E-4
0.963                    0.16154849294316626      0.16152737558263952      -1.0609716461587038E-4   -1.0607770660516043E-4
0.964                    0.16154849258493972      0.16152737743142512      -1.0609708737020574E-4   -1.060776339703372E-4
0.9650000000000001       0.16154849222640583      0.16152737927570346      -1.0609701027558711E-4   -1.0607756151258223E-4
0.966                    0.16154849186756512      0.16152738111547646      -1.06096933332014E-4     -1.0607748923189524E-4
0.967                    0.1615484915084174       0.16152738295074345      -1.0609685653948585E-4   -1.0607741712827586E-4
0.968                    0.16154849114896264      0.1615273847815048       -1.0609677989800303E-4   -1.0607734520172375E-4
0.969                    0.16154849078919903      0.16152738660775956      -1.0609670340756438E-4   -1.0607727345223844E-4
0.97                     0.16154849042912922      0.16152738842951014      -1.0609662706817012E-4   -1.0607720187981969E-4
0.971                    0.16154849006875377      0.16152739024675333      -1.0609655087981955E-4   -1.0607713048446707E-4
0.972                    0.16154848970806923      0.16152739205949085      -1.060964748425127E-4    -1.0607705926618023E-4
0.973                    0.1615484893470811       0.16152739386772333      -1.060963989562489E-4    -1.0607698822495894E-4
0.9740000000000001       0.16154848898578245      0.1615273956714494       -1.0609632322102797E-4   -1.0607691736080267E-4
0.975                    0.1615484886241777       0.1615273974706695       -1.0609624763684978E-4   -1.0607684667371098E-4
0.976                    0.16154848826226573      0.1615273992653832       -1.060961722037137E-4    -1.0607677616368387E-4
0.977                    0.16154848790004614      0.16152740105559277      -1.0609609692161956E-4   -1.0607670583072059E-4
0.9779999999999999       0.16154848753751982      0.16152740284129424      -1.0609602179056693E-4   -1.0607663567482116E-4
0.9790000000000001       0.16154848717468803      0.16152740462249127      -1.060959468105557E-4    -1.0607656569598477E-4
0.98                     0.16154848681154702      0.1615274063991818       -1.0609587198158524E-4   -1.0607649589421132E-4
0.9810000000000001       0.1615484864481017       0.16152740817136657      -1.0609579730365564E-4   -1.0607642626950063E-4
0.982                    0.16154848608434652      0.16152740993904538      -1.0609572277676595E-4   -1.0607635682185195E-4
0.983                    0.16154848572028455      0.16152741170221996      -1.060956484009166E-4    -1.0607628755126518E-4
0.9840000000000001       0.16154848535591584      0.1615274134608865       -1.0609557417610668E-4   -1.0607621845774008E-4
0.985                    0.1615484849912399       0.16152741521504868      -1.060955001023361E-4    -1.0607614954127588E-4
0.9860000000000001       0.16154848462625823      0.16152741696470346      -1.0609542617960439E-4   -1.0607608080187266E-4
0.987                    0.16154848426096804      0.1615274187098531       -1.0609535240791151E-4   -1.0607601223952995E-4
0.988                    0.1615484838953732       0.161527420450497        -1.0609527878725699E-4   -1.0607594385424727E-4
0.9890000000000001       0.16154848352946743      0.16152742218663532      -1.060952053176405E-4    -1.0607587564602432E-4
0.99                     0.16154848316325643      0.1615274239182667       -1.0609513199906173E-4   -1.0607580761486099E-4
0.9909999999999999       0.16154848279673845      0.16152742564539338      -1.0609505883152026E-4   -1.0607573976075639E-4
0.992                    0.16154848242991282      0.16152742736801415      -1.0609498581501605E-4   -1.0607567208371087E-4
0.993                    0.1615484820627821       0.16152742908612872      -1.0609491294954848E-4   -1.0607560458372349E-4
0.9940000000000001       0.16154848169534167      0.16152743079973728      -1.0609484023511734E-4   -1.0607553726079422E-4
0.995                    0.16154848132759644      0.16152743250883936      -1.0609476767172245E-4   -1.0607547011492281E-4
0.9959999999999999       0.1615484809595423       0.16152743421343657      -1.0609469525936328E-4   -1.0607540314610862E-4
0.9970000000000001       0.16154848059118218      0.16152743591352836      -1.0609462299803957E-4   -1.0607533635435159E-4
0.998                    0.16154848022251375      0.16152743760911384      -1.060945508877512E-4    -1.0607526973965104E-4
0.9990000000000001       0.1615484798535392       0.16152743930019237      -1.0609447892849782E-4   -1.0607520330200696E-4
1                        0.1615484794842583       0.16152744098676539      -1.0609440712027889E-4   -1.060751370414188E-4
1                        0.1615484794842583       0.16152744098676539      -1.0609440712027889E-4   -1.060751370414188E-4
1.1                      0.16154844115102499      0.1615275889540284       -1.060879354838105E-4    -1.0606932397491469E-4
1.2                      0.16154840075279997      0.16152770611315234      -1.0608260473875158E-4   -1.0606472151510953E-4
1.3000000000000003       0.1615483585756792       0.1615277967005877       -1.0607827358001737E-4   -1.0606116299646032E-4
1.4                      0.16154831495294383      0.16152786556116575      -1.060747913164586E-4    -1.0605845798375377E-4
1.5                      0.16154827030420416      0.1615279188073784       -1.0607194653122801E-4   -1.0605636638299925E-4
1.6                      0.1615482248951952       0.1615279601708086       -1.0606959541074502E-4   -1.0605474165326248E-4
1.7000000000000002       0.16154817892757123      0.16152799251846314      -1.0606763231599724E-4   -1.0605347120245216E-4
1.8000000000000003       0.1615481323108252       0.1615280145635386       -1.0606610462357086E-4   -1.0605260554228599E-4
1.9                      0.16154808535967102      0.16152803065783353      -1.0606484219891711E-4   -1.060519734760673E-4
2                        0.16154803809759136      0.1615280411260588       -1.0606383233922827E-4   -1.0605156222635738E-4
2.1                      0.1615479904276793       0.16152804462816467      -1.0606312742003054E-4   -1.0605142450381779E-4
2.2                      0.1615479426580479       0.16152804537302856      -1.0606255994741998E-4   -1.0605139514985142E-4
2.3                      0.16154789481599935      0.16152804373356972      -1.0606211507923579E-4   -1.0605145953083571E-4
2.4000000000000004       0.1615478468043854       0.16152803838272425      -1.0606184562262452E-4   -1.0605166972143055E-4
2.5                      0.16154779881160508      0.16152803185315237      -1.0606164732554816E-4   -1.0605192617824605E-4
2.6000000000000005       0.161547750857023        0.16152802440519606      -1.0606150947143986E-4   -1.0605221866920105E-4
2.7                      0.1615477028798329       0.16152801522137103      -1.0606146570941229E-4   -1.0605257932510153E-4
2.8                      0.16154765497867948      0.16152800560170189      -1.0606145995151608E-4   -1.060529571133731E-4
2.9000000000000004       0.16154760716511965      0.16152799569852883      -1.0606148562496624E-4   -1.0605334605373182E-4
3                        0.1615475594065705       0.16152798508239222      -1.0606156125847169E-4   -1.0605376300532371E-4
3.1000000000000005       0.16154751176300036      0.16152797451560055      -1.0606165008696354E-4   -1.0605417803694196E-4
3.2                      0.161547464242317        0.1615279640986236       -1.0606174726509544E-4   -1.0605458720379565E-4
3.3000000000000003       0.16154741682424398      0.16152795357376853      -1.0606186522080453E-4   -1.0605500062378043E-4
3.4000000000000004       0.16154736950878332      0.16152794294104098      -1.0606200395416099E-4   -1.060554182969472E-4
3.5                      0.1615473222959333       0.16152793220043782      -1.0606216346524723E-4   -1.0605584022334664E-4
3.6000000000000005       0.16154727518569695      0.16152792135196023      -1.0606234375415862E-4   -1.0605626640303038E-4
3.7                      0.1615472290887101       0.16152791125987262      -1.0606256654438836E-4   -1.060566628381168E-4
3.8000000000000003       0.16154718345089922      0.16152790157001637      -1.0606280328540169E-4   -1.0605704345312209E-4
3.9000000000000004       0.16154713781308602      0.1615278918801599       -1.0606304002695036E-4   -1.0605742406951208E-4
4                        0.16154709217527402      0.16152788219030392      -1.0606327676903486E-4   -1.0605780468728645E-4
4.1                      0.1615470465374612       0.16152787250044828      -1.06063513511655E-4     -1.0605818530644561E-4
4.2                      0.16154700089964827      0.1615278628105925       -1.0606375025481107E-4   -1.060585659269897E-4
4.300000000000001        0.16154695526183616      0.1615278531207367       -1.060639869985024E-4    -1.0605894654891806E-4
4.4                      0.16154690962402485      0.16152784343088047      -1.0606422374272941E-4   -1.0605932717223145E-4
4.500000000000001        0.1615468639862124       0.16152783374102486      -1.060644604874923E-4    -1.0605970779692947E-4
4.6                      0.16154681834840126      0.16152782405116792      -1.0606469723279089E-4   -1.0606008842301207E-4
4.7                      0.1615467727105869       0.16152781436131278      -1.0606493397862494E-4   -1.0606046905047924E-4
4.800000000000001        0.1615467270727747       0.16152780467145705      -1.06065170724995E-4     -1.0606084967933129E-4
4.9                      0.16154668237125552      0.1615277955973109       -1.0606542302936678E-4   -1.060612061279057E-4
5                        0.16154663816777148      0.16152778685067665      -1.0606568360978119E-4   -1.0606154971480979E-4
5                        0.16154663816777148      0.16152778685067665      -1.0606568360978119E-4   -1.0606154971480979E-4
15                       0.1615428333012197       0.16152709886287886      -1.0609050128068732E-4   -1.0608857950273525E-4
25                       0.16153986605080536      0.16152658387815658      -1.0611066753081793E-4   -1.0610881605312859E-4
35                       0.1615374883940888       0.16152617203711925      -1.061268575278765E-4    -1.0612500205082108E-4
45                       0.16153563016438444      0.16152585016303528      -1.0613951030276838E-4   -1.0613765451784676E-4
55                       0.1615341617336373       0.16152559581499895      -1.0614950833011796E-4   -1.0614765314807562E-4
65                       0.16153305408002874      0.16152540396731624      -1.0615704937678157E-4   -1.0615519521034126E-4
75                       0.1615322090730715       0.16152525761939812      -1.0616280325688882E-4   -1.0616094937438458E-4
85                       0.16153158321161673      0.1615251492321893       -1.061670650695163E-4    -1.0616521124863447E-4
95                       0.1615311211226103       0.16152506921081342      -1.0617021174790554E-4   -1.0616835779035392E-4
105                      0.16153076211159612      0.1615250070400331       -1.0617265668649672E-4   -1.061708026601539E-4
115                      0.16153050706772984      0.16152496287432316      -1.0617439373910958E-4   -1.0617253968620642E-4
125                      0.16153030590847595      0.161524928039557        -1.0617576375547933E-4   -1.0617390970947422E-4
135                      0.1615301623288914       0.1615249031760916       -1.0617674162242911E-4   -1.0617488759758246E-4
145                      0.16153005251913113      0.16152488416063168      -1.0617748950147112E-4   -1.0617563548344385E-4
155                      0.16152996998717567      0.1615248698689098       -1.061780516018354E-4    -1.061761975861799E-4
165                      0.16152990864927547      0.16152485924736237      -1.0617846935667222E-4   -1.0617661533848548E-4
175.00000000000003       0.16152986201194364      0.16152485117145532      -1.0617878699146088E-4   -1.061769329711137E-4
185                      0.1615298283977141       0.16152484535068917      -1.06179015930535E-4     -1.0617716190921518E-4
195                      0.16152980260099192      0.16152484088363148      -1.0617919162463474E-4   -1.0617733760305551E-4
