% Model:              1D_PoST5400um_12.mph
% Version:            COMSOL 6.2.0.415
% Date:               Jul 6 2026, 17:01
% Table:              プローブテーブル 2 - 
% Time (ms)              温度 (K), 吸収体              温度 (K), TES              ec.Jx*nx (A)             ec.Jx*nx (A)
0                        0.1615477524647505       0.16152440562848236      -1.0619630948226632E-4   -1.0619445551297973E-4
0.001                    0.16154853601622138      0.16152449328626273      -1.0619286183727234E-4   -1.0619100790268567E-4
0.002                    0.16154856052133929      0.16152457564955927      -1.0618962254942497E-4   -1.0618776861354083E-4
0.003                    0.16154856471384826      0.16152462486392294      -1.0618768703520618E-4   -1.061858330878765E-4
0.004                    0.16154856625020478      0.1615246570009408       -1.0618642316407305E-4   -1.0618456920387842E-4
0.005                    0.16154856711724486      0.1615246791302754       -1.0618555288118485E-4   -1.061836989092765E-4
0.006                    0.16154856771990328      0.16152469482451132      -1.061849356776091E-4    -1.0618308169584834E-4
0.007                    0.161548568184202        0.16152470619629875      -1.061844884651823E-4    -1.0618263447542772E-4
0.008                    0.1615485685577844       0.16152471446228592      -1.0618416339440637E-4   -1.061823093983023E-4
0.009000000000000001     0.16154856886879565      0.1615247205110231       -1.0618392552045766E-4   -1.0618207151936962E-4
0.01                     0.161548569134546        0.1615247249826217       -1.0618374967052959E-4   -1.0618189566554048E-4
0.011                    0.16154856936589332      0.16152472831195053      -1.0618361874314946E-4   -1.0618176473510753E-4
0.012                    0.1615485695688802       0.16152473074977133      -1.0618352287311516E-4   -1.0618166886271667E-4
0.013000000000000001     0.16154856974923285      0.16152473253462168      -1.0618345268272981E-4   -1.0618159867052036E-4
0.014                    0.16154856991123076      0.16152473384348467      -1.0618340121018053E-4   -1.0618154719658238E-4
0.015000000000000001     0.1615485700580861       0.16152473480542534      -1.0618336338076205E-4   -1.0618150936609847E-4
0.016                    0.16154857019225669      0.16152473551470675      -1.0618333548743077E-4   -1.0618148147195094E-4
0.017000000000000005     0.16154857031570305      0.16152473604070366      -1.0618331480203593E-4   -1.0618146078593396E-4
0.018000000000000002     0.1615485704298703       0.16152473643047904      -1.0618329947371378E-4   -1.061814454571446E-4
0.019                    0.1615485705365694       0.16152473673428905      -1.0618328752625093E-4   -1.0618143350938927E-4
0.02                     0.16154857063626094      0.1615247369643949       -1.061832784776744E-4    -1.0618142446070513E-4
0.021                    0.1615485707299124       0.1615247371412829       -1.061832715211789E-4    -1.0618141750452412E-4
0.022                    0.161548570817858        0.16152473727237734      -1.0618326636451104E-4   -1.0618141234866595E-4
0.023                    0.1615485709007199       0.1615247373683417       -1.0618326258828388E-4   -1.0618140857435399E-4
0.024                    0.16154857097932912      0.16152473744497542      -1.0618325957089959E-4   -1.0618140556059535E-4
0.025                    0.1615485710536968       0.161524737500258        -1.0618325739053995E-4   -1.0618140338649212E-4
0.026000000000000002     0.16154857112478435      0.1615247375482219       -1.0618325549282267E-4   -1.0618140150011356E-4
0.027                    0.1615485711923395       0.16152473758426306      -1.0618325405819612E-4   -1.0618140008246068E-4
0.028                    0.1615485712572656       0.16152473761753974      -1.0618325271954491E-4   -1.0618139877367321E-4
0.029000000000000005     0.16154857131923583      0.16152473764452444      -1.0618325161722545E-4   -1.0618139771233152E-4
0.030000000000000002     0.16154857137903986      0.16152473767032433      -1.061832505328708E-4    -1.0618139669761758E-4
0.031                    0.16154857143637297      0.16152473769296247      -1.0618324955100595E-4   -1.0618139580726376E-4
0.032                    0.16154857149183746      0.1615247377147871       -1.0618324854635905E-4   -1.0618139494889793E-4
0.033                    0.161548571545265        0.16152473773513515      -1.0618324755435392E-4   -1.0618139414864118E-4
0.03400000000000001      0.16154857159719793      0.16152473775498338      -1.0618324641938504E-4   -1.0618139336802753E-4
0.035                    0.16154857164764533      0.16152473777434728      -1.061832451393315E-4    -1.0618139260650363E-4
0.036000000000000004     0.16154857169651102      0.1615247377930503       -1.0618324374067495E-4   -1.0618139187098733E-4
0.037                    0.1615485717437977       0.16152473781109278      -1.0618324222341553E-4   -1.0618139116147847E-4
0.038                    0.16154857178981685      0.16152473782874124      -1.0618324039155559E-4   -1.0618139046745578E-4
0.039                    0.16154857183475851      0.1615247378461581       -1.0618323812480272E-4   -1.0618138978246236E-4
0.04                     0.16154857187838184      0.16152473786313595      -1.0618323557687404E-4   -1.0618138911474954E-4
0.041                    0.16154857192068287      0.16152473787967433      -1.0618323274776974E-4   -1.0618138846431713E-4
0.042                    0.1615485719617928       0.1615247378958539       -1.061832294886449E-4    -1.0618138782798048E-4
0.043000000000000003     0.16154857200225692      0.16152473791201533      -1.0618322517581378E-4   -1.0618138719239566E-4
0.044                    0.1615485720416785       0.16152473792791344      -1.0618322025892032E-4   -1.0618138656718277E-4
0.045                    0.16154857208006324      0.16152473794354735      -1.0618321473796486E-4   -1.0618138595234199E-4
0.046                    0.1615485721174104       0.16152473795891806      -1.0618320861294747E-4   -1.0618138534787329E-4
0.04700000000000001      0.16154857215419394      0.16152473797420813      -1.0618320073846811E-4   -1.0618138474656416E-4
0.048                    0.16154857219018126      0.16152473798932596      -1.0618319168012483E-4   -1.0618138415197619E-4
0.049                    0.1615485722253325       0.16152473800425898      -1.0618318153256648E-4   -1.0618138356470547E-4
0.05                     0.16154857225964556      0.1615247380190054       -1.0618317029579303E-4   -1.0618138298475192E-4
0.051000000000000004     0.16154857229332037      0.16152473803361167      -1.0618315699369303E-4   -1.061813824103475E-4
0.052000000000000005     0.16154857232638004      0.1615247380480842       -1.0618314145215996E-4   -1.0618138184117733E-4
0.053                    0.16154857235873313      0.1615247380624011       -1.0618312416884882E-4   -1.061813812781425E-4
0.054                    0.16154857239038314      0.16152473807656226      -1.0618310514376081E-4   -1.061813807212429E-4
0.055                    0.16154857242137605      0.1615247380905775       -1.0618308380214503E-4   -1.0618138017001234E-4
0.056                    0.16154857245183113      0.16152473810447568      -1.0618305892753723E-4   -1.0618137962346445E-4
0.057                    0.1615485724816558       0.16152473811823354      -1.0618303151207355E-4   -1.0618137908240371E-4
0.05800000000000001      0.16154857251084598      0.16152473813185186      -1.0618300155575594E-4   -1.0618137854683023E-4
0.059000000000000004     0.16154857253940602      0.16152473814533108      -1.061829690098752E-4    -1.0618137801671621E-4
0.060000000000000005     0.16154857256742092      0.16152473815873086      -1.0618292982249498E-4   -1.0618137748975004E-4
0.061                    0.16154857259483954      0.16152473817201388      -1.0618288653628532E-4   -1.0618137696738184E-4
0.062                    0.16154857262165861      0.16152473818517932      -1.0618283915125165E-4   -1.0618137644961216E-4
0.063                    0.1615485726478769       0.16152473819822835      -1.0618278766739968E-4   -1.0618137593644067E-4
0.064                    0.1615485726735005       0.16152473821116023      -1.0618273208473532E-4   -1.0618137542786758E-4
0.065                    0.16154857269852352      0.16152473822397484      -1.0618267240326511E-4   -1.0618137492389283E-4
0.066                    0.16154857272294887      0.16152473823667285      -1.0618260862299591E-4   -1.0618137442451664E-4
0.067                    0.16154857274677634      0.161524738249254        -1.0618254074393537E-4   -1.0618137392973848E-4
0.06800000000000002      0.16154857276996462      0.16152473826174576      -1.0618246660181636E-4   -1.0618137343847444E-4
0.069                    0.16154857279248686      0.16152473827417016      -1.0618238455177666E-4   -1.0618137294990069E-4
0.07                     0.16154857281439217      0.1615247382864901       -1.061822972579752E-4    -1.0618137246535175E-4
0.07100000000000001      0.1615485728356783       0.16152473829870903      -1.0618220472042463E-4   -1.061813719848277E-4
0.07200000000000001      0.16154857285634341      0.16152473831082528      -1.0618210693913942E-4   -1.0618137150832827E-4
0.073                    0.16154857287639074      0.1615247383228391       -1.0618200391413371E-4   -1.0618137103585343E-4
0.074                    0.1615485728958191       0.16152473833475087      -1.0618189564542345E-4   -1.0618137056740358E-4
0.075                    0.16154857291462893      0.1615247383465596       -1.0618178213302457E-4   -1.0618137010297838E-4
0.076                    0.16154857293281882      0.16152473835826647      -1.0618166337695416E-4   -1.0618136964257799E-4
0.077                    0.1615485729501733       0.1615247383699382       -1.0618153418300311E-4   -1.0618136918359024E-4
0.078                    0.16154857296681027      0.161524738381536        -1.061813974172584E-4    -1.0618136872745636E-4
0.079                    0.16154857298277261      0.16152473839304865      -1.0618125406984405E-4   -1.0618136827467428E-4
0.08                     0.16154857299805908      0.1615247384044773       -1.0618110414078728E-4   -1.0618136782524404E-4
0.081                    0.1615485730126726       0.16152473841582038      -1.0618094763011585E-4   -1.0618136737916568E-4
0.082                    0.1615485730266098       0.16152473842707732      -1.0618078453785974E-4   -1.0618136693643891E-4
0.08300000000000002      0.16154857303987308      0.16152473843825071      -1.0618061486404934E-4   -1.0618136649706436E-4
0.084                    0.1615485730524588       0.1615247384493373       -1.0618043860871696E-4   -1.061813660610414E-4
0.085                    0.16154857306428794      0.1615247384603526       -1.0618025483388668E-4   -1.0618136562781968E-4
0.08600000000000001      0.16154857307510584      0.1615247384713388       -1.0618006075087344E-4   -1.0618136519576158E-4
0.08700000000000001      0.16154857308516496      0.16152473848225293      -1.0617985915846139E-4   -1.0618136476651064E-4
0.088                    0.1615485730944659       0.1615247384930973       -1.0617965005669405E-4   -1.0618136434006663E-4
0.089                    0.16154857310300996      0.16152473850386936      -1.0617943344561611E-4   -1.061813639164297E-4
0.09                     0.1615485731107926       0.16152473851456958      -1.0617920932527454E-4   -1.061813634955997E-4
0.091                    0.16154857311782012      0.16152473852519966      -1.0617897769571704E-4   -1.0618136307757666E-4
0.092                    0.16154857312408855      0.16152473853575736      -1.0617873855699392E-4   -1.0618136266236072E-4
0.093                    0.16154857312959767      0.16152473854624347      -1.0617849190915649E-4   -1.0618136224995191E-4
0.09400000000000001      0.16154857313406779      0.1615247385566899       -1.0617823664040905E-4   -1.06181361839115E-4
0.095                    0.1615485731375384       0.16152473856709243      -1.0617797291018306E-4   -1.0618136143002728E-4
0.096                    0.16154857314015564      0.16152473857743402      -1.0617770129095471E-4   -1.0618136102332435E-4
0.097                    0.16154857314191534      0.16152473858771513      -1.0617742178278613E-4   -1.0618136061900642E-4
0.098                    0.16154857314282556      0.16152473859793584      -1.0617713438574005E-4   -1.0618136021707303E-4
0.099                    0.16154857314287718      0.16152473860809535      -1.0617683909988145E-4   -1.0618135981752493E-4
0.1                      0.1615485731420757       0.1615247386181939       -1.061765359252771E-4    -1.0618135942036141E-4
0.101                    0.16154857314041932      0.16152473862823136      -1.061762248619953E-4    -1.0618135902558302E-4
0.10200000000000001      0.1615485731378941       0.1615247386382121       -1.0617590593348093E-4   -1.0618135863313163E-4
0.10300000000000001      0.16154857313406598      0.1615247386481707       -1.0617557976760913E-4   -1.0618135824145772E-4
0.10400000000000001      0.16154857312928694      0.16152473865807768      -1.0617524585274604E-4   -1.0618135785182432E-4
0.10500000000000001      0.16154857312355653      0.1615247386679333       -1.0617490418896559E-4   -1.0618135746423194E-4
0.106                    0.16154857311687637      0.16152473867773698      -1.0617455477634337E-4   -1.0618135707867992E-4
0.107                    0.1615485731092478       0.16152473868748923      -1.0617419761495746E-4   -1.061813566951686E-4
0.108                    0.16154857310066642      0.16152473869718914      -1.061738327048868E-4    -1.0618135631369775E-4
0.10900000000000001      0.161548573091135        0.16152473870683678      -1.0617346004621227E-4   -1.0618135593426765E-4
0.11                     0.16154857308065299      0.1615247387164339       -1.061730796390168E-4    -1.0618135555687816E-4
0.111                    0.1615485730689497       0.16152473872600973      -1.061726938840233E-4    -1.0618135518026997E-4
0.112                    0.16154857305586112      0.16152473873558587      -1.061723042548973E-4    -1.0618135480367046E-4
0.113                    0.16154857304168457      0.1615247387451261       -1.0617190807466308E-4   -1.0618135442848352E-4
0.114                    0.16154857302642284      0.16152473875463058      -1.0617150534339535E-4   -1.0618135405470949E-4
0.115                    0.1615485730100754       0.16152473876409823      -1.0617109606116965E-4   -1.0618135368234805E-4
0.11600000000000002      0.16154857299264447      0.16152473877353046      -1.0617068022806263E-4   -1.0618135331139921E-4
0.117                    0.1615485729741267       0.1615247387829285       -1.0617025784415233E-4   -1.0618135294186321E-4
0.11800000000000001      0.1615485729545226       0.1615247387922886       -1.0616982890951831E-4   -1.061813525737398E-4
0.11900000000000001      0.16154857293383523      0.16152473880161267      -1.0616939342424101E-4   -1.0618135220702928E-4
0.12000000000000001      0.16154857291206073      0.16152473881090157      -1.0616895138840166E-4   -1.0618135184173121E-4
0.121                    0.16154857288920274      0.16152473882015345      -1.0616850280208356E-4   -1.0618135147784579E-4
0.122                    0.16154857286525498      0.16152473882937146      -1.0616804766537114E-4   -1.061813511153731E-4
0.12300000000000001      0.16154857284022597      0.16152473883855176      -1.0616758597834941E-4   -1.0618135075431325E-4
0.124                    0.16154857281411128      0.16152473884769705      -1.0616711774110529E-4   -1.0618135039466592E-4
0.125                    0.16154857278690787      0.1615247388568063       -1.0616664295372664E-4   -1.0618135003643136E-4
0.126                    0.16154857275861906      0.16152473886587876      -1.0616616161630243E-4   -1.0618134967960964E-4
0.127                    0.16154857272924766      0.16152473887491725      -1.0616567372892296E-4   -1.0618134932420034E-4
0.128                    0.16154857269862527      0.16152473888396282      -1.0616518207456784E-4   -1.061813489684597E-4
0.12900000000000003      0.1615485726663875       0.161524738893116        -1.061646928582463E-4    -1.0618134860849907E-4
0.13                     0.16154857263298836      0.1615247389022536       -1.0616419835122354E-4   -1.0618134824916217E-4
0.131                    0.16154857259843036      0.1615247389113738       -1.0616369855357457E-4   -1.0618134789044848E-4
0.132                    0.16154857256271313      0.1615247389204799       -1.0616319346537507E-4   -1.061813475323585E-4
0.133                    0.1615485725258369       0.16152473892956962      -1.0616268308670203E-4   -1.0618134717489226E-4
0.134                    0.16154857248779728      0.16152473893864308      -1.0616216741763229E-4   -1.0618134681804963E-4
0.135                    0.16154857244860252      0.16152473894770106      -1.0616164645824429E-4   -1.0618134646183026E-4
0.13600000000000004      0.16154857240824422      0.1615247389567432       -1.0616112020861688E-4   -1.0618134610623478E-4
0.137                    0.16154857236672757      0.1615247389657693       -1.0616058866883003E-4   -1.0618134575126302E-4
0.138                    0.16154857232405095      0.16152473897477906      -1.0616005183896427E-4   -1.0618134539691469E-4
0.139                    0.1615485722802141       0.16152473898377387      -1.0615950971910077E-4   -1.0618134504318984E-4
0.14                     0.1615485722352185       0.16152473899275197      -1.0615896230932197E-4   -1.0618134469008881E-4
0.14100000000000001      0.16154857218906274      0.16152473900171505      -1.0615840960971069E-4   -1.0618134433761123E-4
0.14200000000000002      0.16154857214174567      0.16152473901066264      -1.061578516203507E-4    -1.0618134398575728E-4
0.14300000000000002      0.1615485720932717       0.1615247390195939       -1.0615728834132653E-4   -1.0618134363452661E-4
0.14400000000000002      0.16154857204363365      0.1615247390285082       -1.0615671977272382E-4   -1.0618134328392037E-4
0.145                    0.1615485719927998       0.16152473903743322      -1.0615614687506279E-4   -1.0618134293296254E-4
0.146                    0.16154857194018715      0.16152473904673217      -1.0615558387605342E-4   -1.0618134256721887E-4
0.147                    0.161548571886343        0.1615247390560625       -1.0615501735080729E-4   -1.0618134220030968E-4
0.148                    0.16154857183126703      0.16152473906542167      -1.0615444729938155E-4   -1.0618134183223497E-4
0.149                    0.1615485717749585       0.16152473907481127      -1.061538737218342E-4    -1.0618134146299494E-4
0.15                     0.16154857171741835      0.16152473908423026      -1.0615329661822283E-4   -1.0618134109258959E-4
0.15100000000000002      0.16154857165864805      0.16152473909367804      -1.061527159886061E-4    -1.0618134072101896E-4
0.152                    0.16154857159864464      0.16152473910315618      -1.0615213183304236E-4   -1.0618134034828271E-4
0.153                    0.16154857153740854      0.1615247391126633       -1.061515441515908E-4    -1.0618133997438106E-4
0.154                    0.16154857147494256      0.16152473912220072      -1.0615095294431103E-4   -1.061813395993141E-4
0.155                    0.16154857141124543      0.16152473913176796      -1.0615035821126227E-4   -1.0618133922308156E-4
0.156                    0.16154857134631548      0.16152473914136423      -1.0614975995250512E-4   -1.0618133884568375E-4
0.157                    0.16154857128015548      0.1615247391509899       -1.0614915816810003E-4   -1.061813384671204E-4
0.158                    0.1615485712127607       0.16152473916064625      -1.0614855285810764E-4   -1.0618133808739164E-4
0.159                    0.16154857114413704      0.1615247391703316       -1.0614794402258908E-4   -1.0618133770649763E-4
0.16                     0.16154857107428017      0.16152473918004587      -1.0614733166160592E-4   -1.061813373244382E-4
0.161                    0.16154857100319195      0.16152473918979204      -1.0614671577522033E-4   -1.0618133694121296E-4
0.162                    0.1615485709308736       0.16152473919956606      -1.061460963634942E-4    -1.0618133655682255E-4
0.163                    0.1615485708570514       0.16152473921002586      -1.0614548657251055E-4   -1.0618133614546992E-4
0.164                    0.1615485707819284       0.1615247392206898       -1.0614487673241278E-4   -1.061813357261304E-4
0.165                    0.16154857070554024      0.16152473923146507      -1.0614426503451185E-4   -1.0618133530235303E-4
0.16600000000000004      0.16154857062788558      0.1615247392423541       -1.061436514788401E-4    -1.0618133487413795E-4
0.167                    0.1615485705489631       0.16152473925335548      -1.0614303606543016E-4   -1.0618133444148519E-4
0.168                    0.1615485704687767       0.1615247392644698       -1.0614241879431504E-4   -1.0618133400439446E-4
0.169                    0.16154857038732404      0.16152473927569694      -1.0614179966552763E-4   -1.0618133356286633E-4
0.17                     0.16154857030460473      0.16152473928703742      -1.0614117867910069E-4   -1.0618133311690043E-4
0.171                    0.16154857022062097      0.1615247392984902       -1.0614055583506756E-4   -1.0618133266649657E-4
0.17200000000000001      0.1615485701353694       0.16152473931005545      -1.0613993113346117E-4   -1.0618133221165507E-4
0.17300000000000004      0.16154857004885453      0.1615247393217346       -1.0613930457431506E-4   -1.061813317523759E-4
0.17400000000000002      0.16154856996107442      0.16152473933352626      -1.0613867615766262E-4   -1.0618133128865905E-4
0.17500000000000002      0.161548569872027        0.16152473934543107      -1.0613804588353726E-4   -1.0618133082050449E-4
0.176                    0.1615485697817123       0.16152473935744757      -1.0613741375197243E-4   -1.0618133034791189E-4
0.177                    0.16154856969013423      0.1615247393695776       -1.0613677976300213E-4   -1.0618132987088171E-4
0.178                    0.16154856959728886      0.161524739381821        -1.0613614391665992E-4   -1.0618132938941402E-4
0.179                    0.1615485695031768       0.16152473939417744      -1.0613550621297957E-4   -1.0618132890350852E-4
0.18                     0.16154856940781415      0.1615247394074866       -1.0613487499267811E-4   -1.0618132838007027E-4
0.18100000000000002      0.1615485693111911       0.161524739421417        -1.0613424694370825E-4   -1.0618132783224141E-4
0.182                    0.1615485692133047       0.16152473943559734      -1.061336184046571E-4    -1.0618132727454902E-4
0.183                    0.16154856911415463      0.16152473945002987      -1.0613298937553323E-4   -1.0618132670699383E-4
0.184                    0.1615485690137434       0.1615247394647131       -1.061323598563453E-4    -1.0618132612957528E-4
0.185                    0.1615485689120655       0.16152473947964693      -1.0613172984710238E-4   -1.0618132554229366E-4
0.186                    0.16154856880912294      0.16152473949483082      -1.0613109934781324E-4   -1.0618132494514886E-4
0.187                    0.16154856870491688      0.16152473951026608      -1.0613046835848698E-4   -1.0618132433814112E-4
0.18800000000000003      0.16154856859944888      0.16152473952595303      -1.0612983687913259E-4   -1.0618132372127015E-4
0.189                    0.16154856849271643      0.16152473954188815      -1.0612920490975851E-4   -1.0618132309453602E-4
0.19                     0.16154856838472112      0.1615247395580758       -1.0612857245037412E-4   -1.0618132245793876E-4
0.191                    0.16154856827546074      0.1615247395745149       -1.0612793950098826E-4   -1.0618132181147855E-4
0.192                    0.16154856816493762      0.16152473959120348      -1.0612730606160966E-4   -1.0618132115515495E-4
0.193                    0.16154856805315013      0.16152473960814398      -1.061266721322475E-4    -1.0618132048896846E-4
0.194                    0.161548567940099        0.1615247396253347       -1.0612603771291048E-4   -1.0618131981291868E-4
0.19500000000000003      0.1615485678257841       0.1615247396427756       -1.0612540280360776E-4   -1.0618131912700593E-4
0.196                    0.1615485677102045       0.1615247396604682       -1.0612476740434835E-4   -1.0618131843123019E-4
0.197                    0.16154856759349126      0.16152473967931333      -1.0612413593570491E-4   -1.0618131769015671E-4
0.198                    0.1615485674756685       0.16152473969949135      -1.0612350929325667E-4   -1.0618131689660664E-4
0.199                    0.16154856735661144      0.16152473972012843      -1.0612288317632382E-4   -1.061813160850529E-4
0.2                      0.16154856723631894      0.1615247397412211       -1.0612225758489696E-4   -1.0618131525549543E-4
0.201                    0.16154856711479498      0.16152473976277337      -1.0612163251896679E-4   -1.0618131440793428E-4
0.202                    0.16154856699203501      0.16152473978478307      -1.0612100797852383E-4   -1.0618131354236912E-4
0.20300000000000004      0.16154856686804214      0.16152473980725132      -1.0612038396355883E-4   -1.0618131265880037E-4
0.20400000000000001      0.1615485667428125       0.16152473983017698      -1.0611976047406235E-4   -1.0618131175722799E-4
0.20500000000000002      0.16154856661634986      0.16152473985355975      -1.0611913751002506E-4   -1.0618131083765183E-4
0.20600000000000002      0.16154856648865384      0.16152473987740132      -1.061185150714376E-4    -1.0618130990007176E-4
0.20700000000000002      0.16154856635972453      0.16152473990169913      -1.0611789315829088E-4   -1.0618130894448823E-4
0.20800000000000002      0.16154856622955968      0.16152473992645586      -1.061172717705754E-4    -1.0618130797090098E-4
0.209                    0.16154856609816123      0.16152473995167152      -1.0611665090828162E-4   -1.0618130697930967E-4
0.21000000000000002      0.16154856596552752      0.1615247399773439       -1.0611603057140058E-4   -1.0618130596971466E-4
0.211                    0.16154856583165858      0.16152474000347258      -1.0611541075992287E-4   -1.0618130494211607E-4
0.212                    0.16154856569655726      0.16152474003006098      -1.0611479147383917E-4   -1.0618130389651382E-4
0.213                    0.16154856556022254      0.16152474005710543      -1.0611417271314024E-4   -1.061813028329077E-4
0.214                    0.16154856542289703      0.161524740086108        -1.0611355694950636E-4   -1.0618130169240683E-4
0.215                    0.1615485652849725       0.16152474011939605      -1.0611294803163703E-4   -1.0618130038330917E-4
0.216                    0.16154856514590232      0.1615247401537106       -1.061123405746265E-4    -1.061812990339152E-4
0.21700000000000003      0.16154856500569514      0.16152474018904983      -1.0611173457844919E-4   -1.0618129764422545E-4
0.21800000000000003      0.1615485648643442       0.16152474022541374      -1.0611113004308002E-4   -1.0618129621423958E-4
0.219                    0.1615485647218541       0.16152474026280333      -1.0611052696849355E-4   -1.0618129474395772E-4
0.22                     0.16154856457822178      0.16152474030121625      -1.0610992535466458E-4   -1.0618129323338018E-4
0.221                    0.16154856443344998      0.16152474034065475      -1.0610932520156816E-4   -1.061812916825065E-4
0.222                    0.1615485642875373       0.16152474038111808      -1.0610872650917894E-4   -1.0618129009133666E-4
0.223                    0.16154856414048333      0.16152474042260542      -1.0610812927747195E-4   -1.0618128845987122E-4
0.224                    0.1615485639922889       0.1615247404651182       -1.0610753350642259E-4   -1.0618128678810965E-4
0.22500000000000003      0.16154856384295369      0.1615247405086564       -1.0610693919600519E-4   -1.061812850760521E-4
0.226                    0.16154856369247553      0.16152474055321855      -1.0610634634619564E-4   -1.0618128332369867E-4
0.227                    0.16154856354085795      0.16152474059880645      -1.0610575495696892E-4   -1.0618128153104932E-4
0.228                    0.16154856338810109      0.1615247406454177       -1.0610516502830031E-4   -1.0618127969810412E-4
0.229                    0.16154856323420166      0.1615247406930551       -1.0610457656016475E-4   -1.0618127782486278E-4
0.23                     0.16154856307916038      0.16152474074171674      -1.061039895525385E-4    -1.0618127591132553E-4
0.231                    0.16154856292298153      0.16152474079140422      -1.0610340400539626E-4   -1.0618127395749233E-4
0.23200000000000004      0.16154856276565924      0.16152474084211557      -1.0610281991871395E-4   -1.061812719633633E-4
0.233                    0.1615485626071956       0.16152474089385105      -1.0610223729246702E-4   -1.0618126992893826E-4
0.234                    0.1615485624475933       0.16152474094661223      -1.0610165612663118E-4   -1.0618126785421727E-4
0.23500000000000001      0.16154856228684916      0.16152474100039868      -1.06101076421182E-4     -1.0618126573920033E-4
0.23600000000000002      0.16154856212496316      0.16152474105520848      -1.0610049817609547E-4   -1.0618126358388751E-4
0.23700000000000002      0.16154856196193626      0.16152474111104415      -1.0609992139134738E-4   -1.0618126138827868E-4
0.23800000000000002      0.16154856179777016      0.16152474116790463      -1.0609934606691329E-4   -1.0618125915237396E-4
0.23900000000000005      0.16154856163246145      0.1615247412257892       -1.060987722027696E-4    -1.061812568761733E-4
0.24000000000000002      0.1615485614660122       0.16152474128469843      -1.0609819979889222E-4   -1.0618125455967684E-4
0.241                    0.16154856129842485      0.16152474134463274      -1.0609762885525695E-4   -1.0618125220288425E-4
0.242                    0.16154856112969324      0.16152474140559422      -1.0609705937184033E-4   -1.0618124980579608E-4
0.243                    0.16154856095982356      0.16152474146757792      -1.0609649134861808E-4   -1.0618124736841178E-4
0.244                    0.16154856078881139      0.1615247415305866       -1.060959247855668E-4    -1.0618124489073167E-4
0.245                    0.1615485606166571       0.161524741594621        -1.0609535968266278E-4   -1.0618124237275554E-4
0.24600000000000002      0.16154856044336402      0.16152474165967973      -1.0609479603988233E-4   -1.0618123981448353E-4
0.247                    0.16154856026892803      0.16152474172576342      -1.0609423385720219E-4   -1.0618123721591563E-4
0.248                    0.1615485600933535       0.16152474179287152      -1.0609367313459825E-4   -1.0618123457705192E-4
0.24899999999999997      0.16154855991804348      0.16152474187010094      -1.0609311894592825E-4   -1.0618123154000118E-4
0.25                     0.16154855974179616      0.16152474194966676      -1.0609256694912576E-4   -1.061812284110296E-4
0.25100000000000006      0.1615485595644937       0.16152474203081754      -1.0609201672420622E-4   -1.0618122521975913E-4
0.252                    0.1615485593861407       0.1615247421135501       -1.0609146827114141E-4   -1.0618122196618986E-4
0.253                    0.16154855920673145      0.16152474219786936      -1.0609092158990356E-4   -1.0618121865032145E-4
0.254                    0.16154855902626705      0.16152474228377017      -1.0609037668046531E-4   -1.0618121527215433E-4
0.255                    0.1615485588447495       0.16152474237125702      -1.0608983354279853E-4   -1.0618121183168803E-4
0.256                    0.16154855866217635      0.16152474246032753      -1.0608929217687579E-4   -1.0618120832892313E-4
0.257                    0.16154855847854993      0.16152474255098115      -1.0608875258266993E-4   -1.0618120476385932E-4
0.25800000000000006      0.16154855829386844      0.1615247426432187       -1.0608821476015315E-4   -1.061812011364967E-4
0.259                    0.16154855810813343      0.16152474273704198      -1.0608767870929832E-4   -1.0618119744683498E-4
0.26                     0.16154855792134412      0.16152474283244725      -1.0608714443007841E-4   -1.0618119369487454E-4
0.261                    0.1615485577334988       0.16152474292943786      -1.0608661192246642E-4   -1.061811898806152E-4
0.262                    0.16154855754460073      0.1615247430280124       -1.060860811864348E-4    -1.0618118600405704E-4
0.263                    0.16154855735464757      0.16152474312817033      -1.0608555222195714E-4   -1.0618118206520017E-4
0.264                    0.1615485571636381       0.16152474322991311      -1.0608502502900629E-4   -1.0618117806404421E-4
0.26500000000000007      0.16154855697157663      0.16152474333323963      -1.0608449960755563E-4   -1.0618117400058964E-4
0.266                    0.1615485567784634       0.16152474343814874      -1.060839759575784E-4    -1.0618116987483605E-4
0.267                    0.16154855658429232      0.161524743544644        -1.0608345407904806E-4   -1.061811656867838E-4
0.268                    0.16154855638906768      0.16152474365272224      -1.0608293397193837E-4   -1.0618116143643248E-4
0.269                    0.16154855619278746      0.16152474376238493      -1.0608241563622271E-4   -1.061811571237827E-4
0.27                     0.16154855599545428      0.16152474387363133      -1.0608189907187495E-4   -1.0618115274883386E-4
0.271                    0.16154855579706773      0.16152474398646205      -1.0608138427886839E-4   -1.061811483115864E-4
0.2720000000000001       0.16154855559762624      0.16152474410087603      -1.0608087125717773E-4   -1.061811438120403E-4
0.273                    0.1615485553971303       0.16152474421687424      -1.0608036000677629E-4   -1.0618113925019507E-4
0.274                    0.16154855519557929      0.16152474433445715      -1.0607985052763851E-4   -1.061811346260514E-4
0.275                    0.16154855499297402      0.16152474445362297      -1.060793428197383E-4    -1.0618112993960875E-4
0.276                    0.16154855478931396      0.16152474457437352      -1.0607883688305002E-4   -1.0618112519086753E-4
0.277                    0.161548554584601        0.16152474469670927      -1.060783327175479E-4    -1.0618112037982756E-4
0.278                    0.1615485543788336       0.1615247448206275       -1.0607783032320648E-4   -1.0618111550648874E-4
0.279                    0.16154855417201067      0.16152474494612995      -1.060773297000004E-4    -1.0618111057085119E-4
0.28                     0.1615485539641346       0.1615247450732168       -1.0607683084790379E-4   -1.061811055729151E-4
0.281                    0.16154855375520555      0.16152474520188823      -1.0607633376689221E-4   -1.061811005126802E-4
0.28200000000000003      0.16154855354521894      0.16152474533214228      -1.0607583845693922E-4   -1.0618109539014658E-4
0.28300000000000003      0.1615485533353308       0.16152474547167653      -1.0607534668701264E-4   -1.0618108990271703E-4
0.28400000000000003      0.161548553125453        0.16152474561995378      -1.0607485833346997E-4   -1.0618108407153243E-4
0.28500000000000003      0.16154855291464623      0.16152474577062914      -1.0607437193816042E-4   -1.0618107814601329E-4
0.28600000000000003      0.16154855270290763      0.1615247459237031       -1.0607388750105661E-4   -1.0618107212615987E-4
0.28700000000000003      0.16154855249023495      0.16152474607917608      -1.0607340502213131E-4   -1.0618106601197191E-4
0.28800000000000003      0.16154855227662873      0.16152474623704716      -1.0607292450135771E-4   -1.0618105980344951E-4
0.289                    0.16154855206209023      0.1615247463973176       -1.0607244593870866E-4   -1.0618105350059293E-4
0.29                     0.1615485518466208       0.16152474655998708      -1.0607196933415736E-4   -1.0618104710340178E-4
0.291                    0.16154855163021817      0.16152474672505426      -1.0607149468767714E-4   -1.0618104061187608E-4
0.292                    0.1615485514128822       0.16152474689252128      -1.0607102199924114E-4   -1.0618103402601634E-4
0.293                    0.16154855119461475      0.16152474706238762      -1.0607055126882312E-4   -1.0618102734582215E-4
0.294                    0.16154855097541457      0.1615247472346521       -1.0607008249639663E-4   -1.061810205712933E-4
0.29500000000000004      0.16154855075528088      0.1615247474093148       -1.0606961568193521E-4   -1.0618101370243053E-4
0.296                    0.16154855053421396      0.16152474758637672      -1.0606915082541293E-4   -1.0618100673923342E-4
0.297                    0.16154855031221588      0.16152474776583658      -1.0606868792680327E-4   -1.0618099968170191E-4
0.298                    0.16154855008928518      0.16152474794769683      -1.0606822698608077E-4   -1.061809925298363E-4
0.299                    0.16154854986542         0.16152474813195453      -1.0606776800321923E-4   -1.061809852836362E-4
0.3                      0.16154854964062615      0.16152474831861174      -1.0606731097819309E-4   -1.0618097794310221E-4
0.301                    0.16154854941489422      0.16152474850766751      -1.060668559109765E-4    -1.0618097050823393E-4
0.30200000000000005      0.16154854918823444      0.16152474869912214      -1.060664028015443E-4    -1.061809629790314E-4
0.303                    0.1615485489606399       0.16152474889297522      -1.0606595164987074E-4   -1.0618095535549468E-4
0.304                    0.1615485487321132       0.161524749089227        -1.0606550245593063E-4   -1.0618094763762389E-4
0.305                    0.16154854850265302      0.16152474928787777      -1.0606505521969884E-4   -1.0618093982541899E-4
0.306                    0.1615485482722591       0.1615247494889277       -1.0606460994114998E-4   -1.061809319188799E-4
0.307                    0.16154854804093507      0.16152474969237582      -1.0606416662025966E-4   -1.0618092391800699E-4
0.308                    0.16154854780867745      0.16152474989822307      -1.0606372525700264E-4   -1.061809158227998E-4
0.30900000000000005      0.16154854757549003      0.16152475010646905      -1.0606328585135394E-4   -1.0618090763325876E-4
0.31                     0.16154854734136717      0.16152475031711302      -1.0606284840328931E-4   -1.061808993493834E-4
0.311                    0.16154854710631208      0.16152475053015616      -1.0606241291278394E-4   -1.0618089097117446E-4
0.312                    0.16154854687032377      0.16152475074559894      -1.0606197937981359E-4   -1.0618088249863124E-4
0.313                    0.16154854663340384      0.1615247509634401       -1.060615478043538E-4    -1.0618087393175414E-4
0.314                    0.1615485463955506       0.16152475118367998      -1.0606111818638035E-4   -1.0618086527054337E-4
0.315                    0.16154854615676512      0.16152475140631842      -1.0606069052586919E-4   -1.0618085651499859E-4
0.316                    0.1615485459170471       0.1615247516313547       -1.060602648227967E-4    -1.0618084766512007E-4
0.317                    0.16154854567673005      0.16152475186101162      -1.0605984098232975E-4   -1.061808386335695E-4
0.318                    0.16154854543730243      0.16152475210515294      -1.0605941858319086E-4   -1.0618082903228629E-4
0.319                    0.16154854519706294      0.16152475235249478      -1.060589981072034E-4    -1.0618081930514484E-4
0.32                     0.16154854495600995      0.16152475260303542      -1.0605857955434333E-4   -1.0618080945214494E-4
0.321                    0.16154854471414923      0.16152475285677811      -1.0605816292458796E-4   -1.0618079947328701E-4
0.322                    0.16154854447147343      0.16152475311371914      -1.0605774821791433E-4   -1.0618078936857048E-4
0.323                    0.16154854422798615      0.1615247533738623       -1.0605733543429951E-4   -1.0618077913799562E-4
0.324                    0.1615485439836871       0.16152475363720453      -1.060569245737207E-4    -1.061807687815631E-4
0.32500000000000007      0.1615485437385762       0.16152475390374735      -1.0605651563615556E-4   -1.0618075829927205E-4
0.326                    0.1615485434926562       0.16152475417348997      -1.0605610862158123E-4   -1.0618074769112312E-4
0.327                    0.16154854324592047      0.1615247544464321       -1.0605570352997523E-4   -1.0618073695711595E-4
0.328                    0.16154854299837257      0.16152475472257724      -1.060553003613157E-4    -1.0618072609725086E-4
0.329                    0.16154854275001632      0.16152475500192048      -1.0605489911557977E-4   -1.0618071511152782E-4
0.33                     0.16154854250084494      0.16152475528446283      -1.0605449979274594E-4   -1.0618070399994675E-4
0.331                    0.1615485422508636       0.16152475557020812      -1.0605410239279181E-4   -1.0618069276250782E-4
0.3320000000000001       0.16154854200007052      0.1615247558591521       -1.0605370691569576E-4   -1.06180681399211E-4
0.333                    0.16154854174846583      0.16152475615129572      -1.0605331336143551E-4   -1.0618066991005633E-4
0.334                    0.16154854149604791      0.16152475644664116      -1.0605292172998998E-4   -1.061806582950441E-4
0.335                    0.16154854124281837      0.16152475674518582      -1.0605253202133716E-4   -1.0618064655417396E-4
0.336                    0.16154854098877758      0.16152475704693145      -1.0605214423545589E-4   -1.061806346874461E-4
0.337                    0.16154854073392533      0.1615247573518763       -1.0605175837232442E-4   -1.061806226948607E-4
0.338                    0.16154854047825823      0.1615247576600211       -1.0605137443192179E-4   -1.0618061057641781E-4
0.3390000000000001       0.1615485402217833       0.16152475797136762      -1.0605099241422674E-4   -1.0618059833211715E-4
0.34                     0.16154853996449545      0.16152475828591373      -1.0605061231921812E-4   -1.06180585961959E-4
0.341                    0.16154853970639602      0.1615247586036584       -1.0605023414687527E-4   -1.0618057346594345E-4
0.342                    0.1615485394474826       0.16152475892460566      -1.060498578971772E-4    -1.0618056084407041E-4
0.343                    0.16154853918775955      0.1615247592487529       -1.0604948357010293E-4   -1.0618054809634011E-4
0.34400000000000003      0.16154853892722362      0.16152475957609957      -1.0604911116563228E-4   -1.0618053522275215E-4
0.34500000000000003      0.16154853866587596      0.16152475990664564      -1.060487406837443E-4    -1.0618052222330731E-4
0.3460000000000001       0.16154853840371647      0.1615247602403942       -1.0604837212441883E-4   -1.0618050909800501E-4
0.34700000000000003      0.16154853814074474      0.16152476057734108      -1.0604800548763568E-4   -1.0618049584684568E-4
0.34800000000000003      0.16154853787696005      0.16152476091748863      -1.0604764077337434E-4   -1.0618048246982896E-4
0.34900000000000003      0.1615485376123665       0.1615247612608365       -1.0604727798161473E-4   -1.0618046896695518E-4
0.35000000000000003      0.1615485373469592       0.16152476160738516      -1.0604691711233705E-4   -1.0618045533822444E-4
0.35100000000000003      0.1615485370807404       0.16152476195713336      -1.0604655816552138E-4   -1.0618044158363675E-4
0.352                    0.16154853681521048      0.16152476231902865      -1.0604619884396371E-4   -1.061804273513598E-4
0.353                    0.16154853654938883      0.16152476268723173      -1.0604584064732666E-4   -1.0618041287107937E-4
0.354                    0.16154853628286692      0.16152476305928515      -1.0604548420556267E-4   -1.0618039823928065E-4
0.355                    0.16154853601564098      0.16152476343519298      -1.0604512951865438E-4   -1.0618038345596327E-4
0.356                    0.16154853574771136      0.1615247638149531       -1.0604477658658343E-4   -1.0618036852112719E-4
0.357                    0.16154853547908152      0.16152476419856732      -1.0604442540933218E-4   -1.0618035343477315E-4
0.358                    0.16154853520974888      0.16152476458603277      -1.060440759868833E-4    -1.0618033819690049E-4
0.359                    0.1615485349397133       0.1615247649773524       -1.0604372831921866E-4   -1.0618032280750968E-4
0.36                     0.16154853466897517      0.1615247653725237       -1.0604338240632139E-4   -1.0618030726660043E-4
0.361                    0.16154853439753597      0.16152476577154798      -1.060430382481736E-4    -1.0618029157417324E-4
0.36200000000000004      0.16154853412539208      0.16152476617442568      -1.060426958447582E-4    -1.0618027573022792E-4
0.363                    0.16154853385254633      0.16152476658115425      -1.0604235519605788E-4   -1.0618025973476452E-4
0.364                    0.1615485335789992       0.16152476699173776      -1.060420163020554E-4    -1.0618024358778333E-4
0.365                    0.16154853330474986      0.16152476740617355      -1.0604167916273393E-4   -1.0618022728928433E-4
0.366                    0.1615485330297973       0.16152476782446185      -1.0604134377807659E-4   -1.0618021083926727E-4
0.367                    0.16154853275414227      0.16152476824660356      -1.0604101014806625E-4   -1.0618019423773255E-4
0.368                    0.16154853247778608      0.16152476867259663      -1.0604067827268621E-4   -1.0618017748468034E-4
0.36900000000000005      0.16154853220072699      0.161524769102444        -1.060403481519199E-4    -1.0618016058011052E-4
0.37                     0.16154853192296262      0.16152476953614317      -1.0604001978575052E-4   -1.0618014352402307E-4
0.371                    0.16154853164450098      0.16152476997369683      -1.0603969317416137E-4   -1.0618012631641823E-4
0.372                    0.1615485313653329       0.16152477041510085      -1.0603936831713668E-4   -1.0618010895729611E-4
0.373                    0.1615485310854644       0.16152477086035882      -1.0603904521465973E-4   -1.0618009144665657E-4
0.374                    0.16154853080489245      0.16152477130946927      -1.06038723866714E-4     -1.0618007378450008E-4
0.375                    0.16154853052361945      0.16152477176243518      -1.0603840427328381E-4   -1.061800559708261E-4
0.37600000000000006      0.1615485302416421       0.16152477221925138      -1.0603808643435299E-4   -1.0618003800563526E-4
0.377                    0.16154852995896354      0.16152477267991858      -1.0603777034990529E-4   -1.0618001988892738E-4
0.378                    0.16154852967558156      0.16152477314444197      -1.0603745601992499E-4   -1.061800016207028E-4
0.379                    0.1615485293914986       0.16152477361281684      -1.0603714344439619E-4   -1.0617998320096132E-4
0.38                     0.16154852910671227      0.16152477408504368      -1.0603683262330311E-4   -1.0617996462970305E-4
0.381                    0.16154852882122336      0.16152477456112396      -1.0603652355663041E-4   -1.0617994590692813E-4
0.382                    0.16154852853503301      0.16152477504105664      -1.0603621624436214E-4   -1.0617992703263652E-4
0.38300000000000006      0.16154852824813976      0.1615247755248438       -1.0603591068648335E-4   -1.061799080068284E-4
0.384                    0.16154852796054364      0.16152477601248255      -1.0603560688297822E-4   -1.0617988882950403E-4
0.385                    0.16154852767224634      0.161524776503974        -1.0603530483383157E-4   -1.0617986950066339E-4
0.386                    0.16154852738426786      0.16152477700239368      -1.0603500201945616E-4   -1.061798498994084E-4
0.387                    0.1615485270972298       0.16152477750960265      -1.0603469691559527E-4   -1.0617982995260003E-4
0.388                    0.16154852680963605      0.1615247780211069       -1.0603439320325908E-4   -1.0617980983686581E-4
0.389                    0.16154852652148827      0.16152477853690725      -1.0603409088243588E-4   -1.0617978955220594E-4
0.39000000000000007      0.16154852623278323      0.16152477905700285      -1.0603378995311374E-4   -1.0617976909862048E-4
0.391                    0.16154852594352467      0.16152477958139427      -1.0603349041528009E-4   -1.0617974847610985E-4
0.392                    0.16154852565371186      0.1615247801100818       -1.0603319226892342E-4   -1.0617972768467384E-4
0.393                    0.16154852536334174      0.16152478064306428      -1.0603289551403184E-4   -1.0617970672431241E-4
0.394                    0.16154852507241804      0.16152478118034244      -1.0603260015059327E-4   -1.0617968559502613E-4
0.395                    0.16154852478093693      0.16152478172191703      -1.0603230617859606E-4   -1.0617966429681478E-4
0.396                    0.16154852448890503      0.16152478226778752      -1.0603201359802848E-4   -1.0617964282967854E-4
0.3970000000000001       0.16154852419631538      0.16152478281795235      -1.0603172240887898E-4   -1.0617962119361758E-4
0.398                    0.16154852390317037      0.16152478337241366      -1.0603143261113557E-4   -1.0617959938863191E-4
0.399                    0.16154852360947114      0.16152478393117106      -1.060311442047872E-4    -1.061795774147217E-4
0.4                      0.16154852331521774      0.16152478449422417      -1.0603085718982207E-4   -1.0617955527188667E-4
0.401                    0.16154852302040554      0.16152478506157258      -1.0603057156622855E-4   -1.0617953296012743E-4
0.402                    0.16154852272504067      0.161524785633216        -1.0603028733399575E-4   -1.0617951047944397E-4
0.403                    0.1615485224291211       0.1615247862091555       -1.0603000449311183E-4   -1.0617948782983653E-4
0.404                    0.16154852213264553      0.16152478678939186      -1.0602972304356588E-4   -1.0617946501130476E-4
0.405                    0.16154852183561455      0.16152478737392226      -1.0602944298534628E-4   -1.0617944202384925E-4
0.4060000000000001       0.16154852153802907      0.16152478796274888      -1.060291643184424E-4    -1.0617941886746995E-4
0.40700000000000003      0.16154852123989016      0.1615247885558714       -1.0602888704284251E-4   -1.061793955421668E-4
0.40800000000000003      0.16154852094119296      0.16152478915328963      -1.0602861115853606E-4   -1.0617937204794006E-4
0.40900000000000003      0.1615485206419409       0.16152478975500226      -1.0602833666551161E-4   -1.061793483847898E-4
0.41000000000000003      0.16154852034213554      0.16152479036101167      -1.0602806356375876E-4   -1.0617932455271649E-4
0.41100000000000003      0.16154852004177592      0.1615247909713176       -1.0602779185326612E-4   -1.0617930055171943E-4
0.41200000000000003      0.16154851974085846      0.1615247915859185       -1.0602752153402295E-4   -1.061792763817995E-4
0.4130000000000001       0.16154851943938733      0.1615247922048153       -1.0602725260601866E-4   -1.0617925204295651E-4
0.41400000000000003      0.1615485191373611       0.1615247928280064       -1.060269850692424E-4    -1.0617922753519075E-4
0.41500000000000004      0.16154851883477864      0.16152479345549545      -1.0602671892368364E-4   -1.0617920285850194E-4
0.41600000000000004      0.1615485185316434       0.1615247940872786       -1.0602645416933137E-4   -1.0617917801289079E-4
0.417                    0.161548518227951        0.1615247947233582       -1.0602619080617533E-4   -1.0617915299835671E-4
0.418                    0.1615485179237031       0.16152479536373254      -1.0602592883420504E-4   -1.0617912781490028E-4
0.419                    0.16154851761890135      0.16152479600840283      -1.0602566825341005E-4   -1.0617910246252193E-4
0.42000000000000004      0.16154851731354306      0.16152479665736974      -1.060254090637799E-4    -1.0617907694122105E-4
0.421                    0.16154851700763218      0.16152479731063205      -1.0602515126530406E-4   -1.0617905125099827E-4
0.422                    0.16154851670116538      0.16152479796819025      -1.0602489485797255E-4   -1.0617902539185362E-4
0.423                    0.16154851639414278      0.16152479863004238      -1.0602463984177498E-4   -1.0617899936378679E-4
0.424                    0.16154851608656462      0.16152479929619032      -1.060243862167012E-4    -1.0617897316679849E-4
0.425                    0.16154851577843174      0.16152479996663646      -1.0602413398274136E-4   -1.0617894680088881E-4
0.426                    0.16154851546974372      0.16152480064137534      -1.06023883139885E-4     -1.0617892026605742E-4
0.42700000000000005      0.16154851516050234      0.16152480132041308      -1.060236336881223E-4    -1.0617889356230503E-4
0.428                    0.16154851485070543      0.16152480200374358      -1.0602338562744312E-4   -1.0617886668963122E-4
0.429                    0.16154851454035019      0.16152480269137198      -1.0602313895783773E-4   -1.0617883964803632E-4
0.43                     0.16154851422944172      0.16152480338329514      -1.0602289367929655E-4   -1.0617881243752052E-4
0.431                    0.1615485139179795       0.16152480407951342      -1.0602264979180917E-4   -1.0617878505808419E-4
0.432                    0.16154851360596054      0.16152480478002854      -1.0602240729536662E-4   -1.061787575097273E-4
0.433                    0.16154851329338624      0.1615248054848378       -1.0602216618995853E-4   -1.0617872979244952E-4
0.43400000000000005      0.16154851298025774      0.161524806193944        -1.0602192647557572E-4   -1.0617870190625164E-4
0.435                    0.16154851266657294      0.16152480690734564      -1.0602168815220829E-4   -1.0617867385113337E-4
0.43600000000000005      0.16154851235233422      0.16152480762504265      -1.0602145121984718E-4   -1.0617864562709504E-4
0.437                    0.16154851203754028      0.1615248083470354       -1.0602121567848268E-4   -1.0617861723413666E-4
0.438                    0.16154851172219192      0.1615248090733233       -1.060209815281052E-4    -1.0617858867225866E-4
0.439                    0.16154851140628726      0.16152480980390854      -1.0602074876870564E-4   -1.0617855994146074E-4
0.44                     0.16154851108982754      0.16152481053878878      -1.060205174002749E-4    -1.0617853104174328E-4
0.441                    0.16154851077281449      0.16152481127796448      -1.0602028742280343E-4   -1.0617850197310651E-4
0.442                    0.16154851045524438      0.16152481202143565      -1.0602005883628206E-4   -1.0617847273555034E-4
0.44300000000000006      0.16154851013711957      0.16152481276920197      -1.0601983164070213E-4   -1.0617844332907501E-4
0.444                    0.16154850981843866      0.161524813521266        -1.0601960583605366E-4   -1.0617841375368099E-4
0.445                    0.16154850949920466      0.161524814277623        -1.0601938142232858E-4   -1.0617838400936791E-4
0.446                    0.16154850917941466      0.16152481503827706      -1.0601915839951748E-4   -1.0617835409613601E-4
0.447                    0.16154850885906913      0.16152481580322686      -1.0601893676761147E-4   -1.061783240139857E-4
0.448                    0.16154850853816946      0.16152481657247234      -1.0601871652660186E-4   -1.0617829376291692E-4
0.449                    0.16154850821671318      0.16152481734601384      -1.0601849767647981E-4   -1.0617826334292997E-4
0.45000000000000007      0.16154850789470265      0.16152481812385033      -1.0601828021723649E-4   -1.0617823275402475E-4
0.451                    0.1615485075721353       0.16152481890598294      -1.0601806414886345E-4   -1.0617820199620169E-4
0.452                    0.16154850724901634      0.16152481969241075      -1.0601784947135178E-4   -1.0617817106946083E-4
0.453                    0.16154850692534165      0.1615248204831346       -1.0601763618469306E-4   -1.061781399738024E-4
0.454                    0.1615485066011093       0.16152482127815415      -1.0601742428887894E-4   -1.0617810870922605E-4
0.455                    0.1615485062782429       0.16152482207444316      -1.0601720818797939E-4   -1.0617807739436891E-4
0.456                    0.1615485059559814       0.16152482287320183      -1.0601699009910697E-4   -1.0617804598222699E-4
0.4570000000000001       0.16154850563324966      0.16152482367612034      -1.0601677314841512E-4   -1.0617801440652503E-4
0.458                    0.16154850531005027      0.16152482448319783      -1.0601655733589656E-4   -1.0617798266726253E-4
0.459                    0.16154850498638232      0.16152482529443343      -1.0601634266154413E-4   -1.0617795076444009E-4
0.46                     0.16154850466224743      0.1615248261098275       -1.0601612912535115E-4   -1.0617791869805795E-4
0.461                    0.16154850433764206      0.1615248269293835       -1.060159167273103E-4    -1.0617788646811573E-4
0.462                    0.1615485040125694       0.16152482775309643      -1.060157054674151E-4    -1.0617785407461429E-4
0.463                    0.1615485036870261       0.16152482858096753      -1.0601549534565845E-4   -1.0617782151755323E-4
0.4640000000000001       0.1615485033610186       0.16152482941299998      -1.0601528636203336E-4   -1.0617778879693316E-4
0.465                    0.1615485030345401       0.16152483024919026      -1.06015078516533E-4     -1.0617775591275348E-4
0.466                    0.1615485027075915       0.16152483108953994      -1.0601487180915074E-4   -1.0617772286501528E-4
0.467                    0.16154850238017673      0.1615248319340486       -1.0601466623987981E-4   -1.0617768965371797E-4
0.468                    0.16154850205229299      0.16152483278271634      -1.0601446180871347E-4   -1.0617765627886218E-4
0.46900000000000003      0.1615485017239417       0.16152483363554296      -1.0601425851564497E-4   -1.0617762274044794E-4
0.47000000000000003      0.16154850139512075      0.16152483449252936      -1.0601405636066789E-4   -1.0617758903847515E-4
0.4710000000000001       0.1615485010658316       0.16152483535367335      -1.0601385534377536E-4   -1.0617755517294434E-4
0.47200000000000003      0.16154850073607405      0.16152483621897726      -1.0601365546496108E-4   -1.0617752114385517E-4
0.47300000000000003      0.1615485004058495       0.16152483708843976      -1.060134567242183E-4    -1.0617748695120848E-4
0.47400000000000003      0.16154850007515584      0.16152483796206263      -1.060132591215407E-4    -1.06177452595004E-4
0.47500000000000003      0.1615484997439905       0.16152483883984375      -1.060130626569217E-4    -1.0617741807524202E-4
0.47600000000000003      0.1615484994123615       0.16152483972178389      -1.0601286733035494E-4   -1.0617738339192259E-4
0.47700000000000004      0.1615484990802632       0.16152484060788344      -1.0601267314183417E-4   -1.0617734854504574E-4
0.4780000000000001       0.16154849874769256      0.1615248414981421       -1.0601248009135258E-4   -1.0617731353461209E-4
0.47900000000000004      0.1615484984146587       0.16152484239256001      -1.0601228817890464E-4   -1.0617727836062143E-4
0.48000000000000004      0.16154849808115393      0.1615248432911369       -1.0601209740448361E-4   -1.0617724302307422E-4
0.481                    0.16154849774717794      0.161524844193872        -1.0601190776808328E-4   -1.0617720752197027E-4
0.482                    0.16154849741273725      0.16152484510076698      -1.0601171926969743E-4   -1.0617717185730986E-4
0.483                    0.16154849707782615      0.16152484601182038      -1.0601153190932E-4      -1.061771360290932E-4
0.484                    0.16154849674244925      0.16152484692703492      -1.0601134568694506E-4   -1.0617710003732055E-4
0.485                    0.1615484964066014       0.16152484784640597      -1.0601116060256598E-4   -1.0617706388199195E-4
0.486                    0.16154849607028712      0.16152484876993675      -1.0601097665617718E-4   -1.061770275631075E-4
0.48700000000000004      0.16154849573350372      0.16152484969762682      -1.0601079384777256E-4   -1.061769910806679E-4
0.488                    0.1615484953962505       0.1615248506294751       -1.0601061217734626E-4   -1.0617695443467236E-4
0.48899999999999993      0.1615484950585303       0.16152485156548432      -1.060104316448921E-4    -1.0617691762512223E-4
0.49                     0.1615484947203416       0.1615248525056514       -1.0601025225040425E-4   -1.0617688065201668E-4
0.491                    0.1615484943816827       0.16152485344997805      -1.060100739938771E-4    -1.0617684351535645E-4
0.49200000000000005      0.16154849404255736      0.1615248543984633       -1.0600989687530472E-4   -1.061768062151414E-4
0.49300000000000005      0.16154849370296348      0.16152485535110805      -1.060097208946809E-4    -1.0617676875137168E-4
0.494                    0.16154849336290222      0.1615248563079113       -1.0600954605200057E-4   -1.0617673112404779E-4
0.495                    0.16154849302236926      0.1615248572688757       -1.0600937234725773E-4   -1.061766933331698E-4
0.496                    0.16154849268136823      0.16152485823399682      -1.0600919978044644E-4   -1.061766553787376E-4
0.49700000000000005      0.16154849233990035      0.16152485920327747      -1.0600902835156154E-4   -1.0617661726075168E-4
0.49799999999999994      0.1615484919979652       0.16152486017671816      -1.0600885806059711E-4   -1.0617657897921218E-4
0.499                    0.1615484916555588       0.1615248611543164       -1.0600868890754775E-4   -1.0617654053411934E-4
0.5                      0.1615484913126851       0.16152486213607445      -1.0600852089240785E-4   -1.0617650192547287E-4
0.501                    0.16154849096934434      0.16152486312199152      -1.0600835401517201E-4   -1.0617646315327351E-4
0.5020000000000001       0.16154849062553348      0.1615248641120682       -1.0600818827583465E-4   -1.0617642421752125E-4
0.503                    0.16154849028125376      0.16152486510630337      -1.0600802367439066E-4   -1.0617638511821628E-4
0.504                    0.16154848993650647      0.1615248661046987       -1.0600786021083434E-4   -1.0617634585535856E-4
0.505                    0.16154848959129198      0.16152486710725192      -1.0600769788516027E-4   -1.0617630642894864E-4
0.506                    0.1615484892456057       0.16152486811396446      -1.060075366973635E-4    -1.0617626683898668E-4
0.507                    0.1615484888994553       0.1615248691248371       -1.0600737664743879E-4   -1.0617622708547246E-4
0.508                    0.16154848855283413      0.16152487013986713      -1.060072177353804E-4    -1.0617618716840645E-4
0.509                    0.16154848820574458      0.16152487115905723      -1.0600705996118359E-4   -1.0617614708778888E-4
0.51                     0.16154848785818687      0.16152487218240658      -1.0600690332484345E-4   -1.0617610684361988E-4
0.511                    0.16154848751016057      0.16152487320991313      -1.060067478263542E-4    -1.0617606643589977E-4
0.512                    0.16154848716166684      0.16152487424158055      -1.0600659346571106E-4   -1.0617602586462845E-4
0.513                    0.16154848681270362      0.16152487527740728      -1.0600644024290909E-4   -1.061759851298063E-4
0.514                    0.16154848646327394      0.16152487631739204      -1.0600628815794336E-4   -1.0617594423143347E-4
0.515                    0.16154848611337222      0.16152487736153762      -1.0600613721080872E-4   -1.0617590316951017E-4
0.5160000000000001       0.16154848576300423      0.16152487840984034      -1.0600598740150024E-4   -1.0617586194403671E-4
0.517                    0.16154848541216693      0.1615248794623028       -1.0600583873001315E-4   -1.0617582055501305E-4
0.518                    0.16154848506086217      0.16152488051892439      -1.0600569119634252E-4   -1.0617577900243913E-4
0.519                    0.16154848470908792      0.16152488157970532      -1.0600554480048336E-4   -1.0617573728631594E-4
0.52                     0.1615484843568463       0.1615248826446451       -1.0600539954243118E-4   -1.0617569540664292E-4
0.521                    0.1615484840041346       0.16152488371374338      -1.060052554221812E-4    -1.06175653363421E-4
0.522                    0.16154848365095584      0.1615248847870015       -1.0600511243972875E-4   -1.0617561115664971E-4
0.523                    0.1615484832973097       0.16152488586441832      -1.0600497059506885E-4   -1.0617556878632965E-4
0.524                    0.1615484829462004       0.1615248869301424       -1.0600482082679366E-4   -1.0617552687622053E-4
0.525                    0.16154848259513885      0.16152488799731712      -1.0600467064873062E-4   -1.061754849090942E-4
0.526                    0.16154848224370422      0.16152488906813167      -1.0600452131178483E-4   -1.0617544279884249E-4
0.527                    0.16154848189190296      0.161524890142586        -1.0600437281595313E-4   -1.061754005454652E-4
0.528                    0.16154848153972962      0.16152489122067995      -1.0600422516123143E-4   -1.0617535814896286E-4
0.529                    0.16154848118718687      0.16152489230241554      -1.0600407834761649E-4   -1.0617531560933514E-4
0.5300000000000001       0.16154848083427692      0.1615248933877915       -1.0600393237510489E-4   -1.0617527292658268E-4
0.531                    0.1615484804809916       0.16152489447680618      -1.060037872436928E-4    -1.061752301007057E-4
0.532                    0.1615484801273399       0.16152489556946073      -1.0600364295337688E-4   -1.0617518713170395E-4
0.533                    0.1615484797733173       0.16152489666575567      -1.0600349950415362E-4   -1.0617514401957789E-4
0.534                    0.16154847941892486      0.16152489776568987      -1.0600335689601942E-4   -1.0617510076432766E-4
0.535                    0.16154847906416173      0.1615248988692657       -1.0600321512897127E-4   -1.0617505736595337E-4
0.536                    0.16154847870903086      0.1615248999764805       -1.0600307420300506E-4   -1.0617501382445518E-4
0.537                    0.1615484783535281       0.16152490108733555      -1.0600293411811807E-4   -1.0617497013983357E-4
0.538                    0.16154847799765631      0.1615249022018309       -1.0600279487430656E-4   -1.0617492631208833E-4
0.5390000000000001       0.16154847764141425      0.16152490331996697      -1.0600265647156715E-4   -1.0617488234121956E-4
0.54                     0.16154847728480176      0.161524904441742        -1.0600251890989681E-4   -1.0617483822722791E-4
0.541                    0.16154847692781976      0.1615249055671571       -1.0600238218929186E-4   -1.0617479397011354E-4
0.542                    0.1615484765704685       0.16152490669621206      -1.0600224630974916E-4   -1.0617474956987609E-4
0.543                    0.16154847621274668      0.16152490782890694      -1.060021112712653E-4    -1.0617470502651613E-4
0.5440000000000002       0.16154847585465254      0.16152490896524174      -1.0600197707383752E-4   -1.0617466034003385E-4
0.545                    0.16154847549619175      0.1615249101052177       -1.0600184371746195E-4   -1.061746155104292E-4
0.546                    0.1615484751373621       0.16152491124883314      -1.0600171120213548E-4   -1.0617457053770286E-4
0.547                    0.16154847477815856      0.16152491239608796      -1.0600157952785519E-4   -1.0617452542185428E-4
0.548                    0.161548474418586        0.16152491354698356      -1.0600144869461776E-4   -1.0617448016288438E-4
0.549                    0.1615484740586445       0.16152491470151759      -1.0600131870242001E-4   -1.0617443476079284E-4
0.55                     0.16154847369833472      0.1615249158596939       -1.0600118955125906E-4   -1.0617438921558008E-4
0.551                    0.1615484733376532       0.1615249170215092       -1.0600106124113146E-4   -1.061743435272462E-4
0.552                    0.16154847297660077      0.1615249181869644       -1.0600093377203433E-4   -1.0617429769579144E-4
0.5530000000000002       0.1615484726151792       0.16152491935606134      -1.0600080714396422E-4   -1.0617425172121576E-4
0.554                    0.1615484722533888       0.16152492052879486      -1.060006813569184E-4    -1.0617420560351975E-4
0.555                    0.1615484718912266       0.1615249217051716       -1.0600055641089394E-4   -1.0617415934270337E-4
0.556                    0.1615484715286951       0.1615249228851865       -1.0600043230588762E-4   -1.0617411293876675E-4
0.557                    0.16154847116579357      0.16152492406884286      -1.0600030904189646E-4   -1.0617406639171059E-4
0.558                    0.1615484708025234       0.1615249252561381       -1.0600018661891756E-4   -1.0617401970153408E-4
0.559                    0.16154847043888132      0.16152492644707364      -1.060000650369479E-4    -1.0617397286823824E-4
0.56                     0.1615484700748696       0.16152492764164744      -1.0599994429598449E-4   -1.0617392589182281E-4
0.561                    0.16154846971048917      0.1615249288398647       -1.059998243960245E-4    -1.061738787722884E-4
0.562                    0.1615484693457389       0.16152493004171908      -1.0599970533706531E-4   -1.0617383150963494E-4
0.5630000000000001       0.16154846898061684      0.16152493124721534      -1.0599958711910342E-4   -1.0617378410386264E-4
0.5640000000000001       0.16154846861512734      0.16152493245635216      -1.0599946974213674E-4   -1.0617373655497192E-4
0.5650000000000001       0.1615484682492658       0.1615249336691269       -1.059993532061617E-4    -1.0617368886296259E-4
0.5660000000000001       0.16154846788303368      0.16152493488554193      -1.059992375111759E-4    -1.0617364102783514E-4
0.5670000000000002       0.16154846751643492      0.16152493610559812      -1.0599912265717652E-4   -1.0617359304958943E-4
0.5680000000000001       0.16154846714946375      0.16152493732929357      -1.0599900864416081E-4   -1.0617354492822601E-4
0.5690000000000001       0.1615484667821217       0.1615249385566301       -1.0599889547212588E-4   -1.0617349666374507E-4
0.5700000000000001       0.16154846641441245      0.16152493978760485      -1.0599878314106893E-4   -1.0617344825614661E-4
0.5710000000000001       0.16154846604633205      0.16152494102222206      -1.0599867165098762E-4   -1.0617339970543097E-4
0.5720000000000001       0.16154846567788078      0.16152494226047756      -1.0599856100187893E-4   -1.0617335101159802E-4
0.5730000000000001       0.1615484653090594       0.16152494350237231      -1.059984511937402E-4    -1.0617330217464865E-4
0.5740000000000001       0.16154846493986974      0.16152494474790838      -1.0599834222656891E-4   -1.0617325319458253E-4
0.5750000000000001       0.16154846457030944      0.1615249459970849       -1.0599823410036256E-4   -1.0617320407139971E-4
0.5760000000000001       0.1615484642003802       0.16152494724990016      -1.0599812681511823E-4   -1.0617315480510106E-4
0.577                    0.16154846383007904      0.16152494850635665      -1.0599802037083349E-4   -1.0617310539568597E-4
0.578                    0.16154846345940901      0.16152494976645346      -1.059979147675057E-4    -1.0617305584315511E-4
0.579                    0.16154846308836873      0.16152495103018844      -1.0599781000513242E-4   -1.0617300614750877E-4
0.58                     0.16154846271695947      0.1615249522975651       -1.0599770608371112E-4   -1.0617295630874702E-4
0.581                    0.16154846234517925      0.16152495356858107      -1.0599760300323904E-4   -1.0617290632686994E-4
0.582                    0.1615484619730282       0.16152495484323637      -1.0599750076371424E-4   -1.0617285620187788E-4
0.583                    0.1615484616005084       0.16152495612153198      -1.0599739936513366E-4   -1.0617280593377104E-4
0.584                    0.16154846122761649      0.1615249574034692       -1.0599729880749505E-4   -1.0617275552254975E-4
0.585                    0.1615484608543584       0.16152495868904443      -1.0599719909079628E-4   -1.0617270496821365E-4
0.586                    0.16154846048073         0.16152495997826097      -1.0599710021503466E-4   -1.0617265427076365E-4
0.587                    0.16154846010672994      0.16152496127111685      -1.0599700218020783E-4   -1.0617260343019984E-4
0.588                    0.1615484597323601       0.16152496256761298      -1.0599690498631346E-4   -1.0617255244652169E-4
0.589                    0.16154845935761947      0.1615249638677494       -1.0599680863334906E-4   -1.0617250131973046E-4
0.5900000000000001       0.16154845898251044      0.16152496517152634      -1.0599671312131264E-4   -1.0617245004982557E-4
0.591                    0.16154845860703074      0.1615249664789418       -1.0599661845020146E-4   -1.0617239863680769E-4
0.592                    0.16154845823148795      0.16152496778673783      -1.0599652367637243E-4   -1.0617234720883555E-4
0.593                    0.16154845785794955      0.1615249690728991       -1.0599642242459624E-4   -1.0617229663174893E-4
0.594                    0.16154845748411878      0.16152497036188315      -1.0599632177765965E-4   -1.0617224594361358E-4
0.595                    0.16154845710999546      0.16152497165369273      -1.059962217355609E-4    -1.0617219514442927E-4
0.596                    0.16154845673557544      0.1615249729483261       -1.0599612229829797E-4   -1.0617214423419662E-4
0.597                    0.1615484563608652       0.16152497424578527      -1.0599602346586921E-4   -1.0617209321291558E-4
0.598                    0.16154845598586332      0.1615249755460679       -1.0599592523827357E-4   -1.0617204208058602E-4
0.599                    0.1615484556105653       0.1615249768491768       -1.0599582761550814E-4   -1.061719908372087E-4
0.6                      0.16154845523497308      0.16152497815510816      -1.0599573059757227E-4   -1.0617193948278346E-4
0.601                    0.16154845485909014      0.1615249794638652       -1.0599563418446366E-4   -1.0617188801731044E-4
0.602                    0.1615484544829122       0.1615249807754471       -1.0599553837618076E-4   -1.0617183644078962E-4
0.603                    0.16154845410643992      0.16152498208985264      -1.0599544317272244E-4   -1.0617178475322163E-4
0.6040000000000001       0.16154845372967758      0.16152498340708382      -1.0599534857408654E-4   -1.0617173295460632E-4
0.605                    0.1615484533526175       0.16152498472713964      -1.059952545802712E-4    -1.0617168104494391E-4
0.606                    0.16154845297526907      0.16152498605001903      -1.0599516119127538E-4   -1.0617162902423454E-4
0.607                    0.16154845259762443      0.16152498737572477      -1.05995068407097E-4     -1.0617157689247845E-4
0.608                    0.16154845221968425      0.16152498870425305      -1.059949762277347E-4    -1.0617152464967578E-4
0.609                    0.16154845184145714      0.16152499003560714      -1.0599488465318662E-4   -1.061714722958267E-4
0.61                     0.1615484514629328       0.1615249913697847       -1.0599479368345156E-4   -1.0617141983093119E-4
0.611                    0.1615484510841145       0.1615249927067882       -1.059947033185278E-4    -1.061713672549899E-4
0.612                    0.16154845070500445      0.16152499404661583      -1.0599461355841347E-4   -1.0617131456800225E-4
0.6130000000000001       0.16154845032560045      0.16152499538926784      -1.0599452440310727E-4   -1.061712617699691E-4
0.614                    0.1615484499459026       0.1615249967347462       -1.0599443585260813E-4   -1.061712088608905E-4
0.615                    0.1615484495659117       0.16152499808304727      -1.0599434790691342E-4   -1.0617115584076638E-4
0.616                    0.16154844918562816      0.1615249994341734       -1.0599426056602237E-4   -1.0617110270959667E-4
0.617                    0.16154844880505057      0.16152500078812376      -1.0599417382993317E-4   -1.0617104946738227E-4
0.6180000000000001       0.1615484484241808       0.1615250021448989       -1.0599408769864484E-4   -1.06170996114123E-4
0.619                    0.16154844804301696      0.16152500350450041      -1.0599400217215497E-4   -1.0617094264981878E-4
0.62                     0.16154844766155907      0.16152500486692412      -1.0599391725046299E-4   -1.0617088907446988E-4
0.621                    0.16154844727980755      0.16152500623217378      -1.0599383293356701E-4   -1.0617083538807654E-4
0.622                    0.1615484468977649       0.16152500760024793      -1.0599374922146555E-4   -1.0617078159063924E-4
0.623                    0.16154844651542777      0.16152500897114672      -1.0599366611415719E-4   -1.0617072768215781E-4
0.624                    0.16154844613279656      0.16152501034486944      -1.0599358361164051E-4   -1.061706736626323E-4
0.625                    0.16154844574987334      0.1615250117214171       -1.0599350171391404E-4   -1.0617061953206334E-4
0.626                    0.16154844536665602      0.16152501310078918      -1.0599342042097647E-4   -1.0617056529045073E-4
0.6270000000000001       0.16154844498314402      0.16152501448298667      -1.0599333973282624E-4   -1.0617051093779467E-4
0.628                    0.16154844459934214      0.1615250158680085       -1.0599325964946192E-4   -1.061704564740957E-4
0.629                    0.16154844421524409      0.1615250172558544       -1.0599318017088227E-4   -1.0617040189935327E-4
0.63                     0.1615484438308533       0.1615250186465252       -1.0599310129708572E-4   -1.061703472135682E-4
0.631                    0.16154844344617078      0.1615250200400208       -1.059930230280714E-4    -1.0617029241674046E-4
0.632                    0.16154844306119337      0.1615250214363421       -1.0599294536383719E-4   -1.0617023750887011E-4
0.633                    0.1615484426759239       0.16152502283548623      -1.0599286830438248E-4   -1.0617018248995753E-4
0.634                    0.16154844229035872      0.1615250242374554       -1.0599279184970545E-4   -1.0617012736000267E-4
0.635                    0.16154844190450224      0.1615250256422496       -1.0599271599980488E-4   -1.0617007211900605E-4
0.636                    0.16154844151835002      0.1615250270498688       -1.0599264075467955E-4   -1.0617001676696752E-4
0.637                    0.16154844113190736      0.1615250284603109       -1.0599256611432801E-4   -1.061699613038872E-4
0.638                    0.16154844074517133      0.16152502987357906      -1.0599249207874918E-4   -1.0616990572976557E-4
0.639                    0.16154844035813984      0.1615250312896721       -1.0599241864794149E-4   -1.0616985004460273E-4
0.64                     0.16154843997081755      0.1615250327085896       -1.0599234582190402E-4   -1.0616979424839866E-4
0.6410000000000001       0.1615484395831999       0.16152503413032973      -1.0599227360063517E-4   -1.0616973834115364E-4
0.642                    0.16154843919529072      0.1615250355548964       -1.0599220198413395E-4   -1.061696823228677E-4
0.643                    0.1615484388070864       0.16152503698228687      -1.059921309723989E-4    -1.0616962619354146E-4
0.644                    0.1615484384185892       0.16152503841250246      -1.0599206056542893E-4   -1.0616956995317491E-4
0.645                    0.16154843802979926      0.16152503984554356      -1.0599199076322263E-4   -1.0616951360176801E-4
0.646                    0.16154843764071486      0.1615250412814081       -1.0599192156577909E-4   -1.061694571393212E-4
0.647                    0.1615484372513395       0.16152504272009724      -1.0599185297309698E-4   -1.0616940056583433E-4
0.648                    0.16154843686166878      0.161525044161611        -1.0599178498517481E-4   -1.061693438813078E-4
0.649                    0.16154843647170603      0.16152504560595052      -1.0599171760201193E-4   -1.0616928708574189E-4
0.6500000000000001       0.1615484360814475       0.161525047053113        -1.059916508236068E-4    -1.0616923017913658E-4
0.651                    0.16154843569089755      0.16152504850310173      -1.0599158464995845E-4   -1.0616917316149238E-4
0.652                    0.161548435300056        0.1615250499559146       -1.0599151908106567E-4   -1.0616911603280891E-4
0.653                    0.1615484349089178       0.16152505141155135      -1.0599145411692738E-4   -1.0616905879308678E-4
0.654                    0.1615484345174869       0.16152505287001284      -1.0599138975754217E-4   -1.0616900144232615E-4
0.6550000000000001       0.16154843412576458      0.16152505433129857      -1.0599132600290908E-4   -1.0616894398052719E-4
0.656                    0.16154843373374791      0.16152505579540943      -1.059912628530273E-4    -1.0616888640769004E-4
0.657                    0.16154843334143854      0.16152505726234626      -1.0599120030789548E-4   -1.0616882872381455E-4
0.658                    0.16154843294883506      0.16152505873210604      -1.0599113836751238E-4   -1.0616877092890149E-4
0.659                    0.1615484325559366       0.161525060204691        -1.0599107703187707E-4   -1.0616871302295064E-4
0.66                     0.1615484321627474       0.16152506168010067      -1.0599101630098854E-4   -1.0616865500596272E-4
0.661                    0.16154843176995326      0.16152506314713083      -1.0599095407611177E-4   -1.0616859731853017E-4
0.662                    0.16154843137816002      0.16152506459600655      -1.0599088852635817E-4   -1.0616854034501787E-4
0.663                    0.16154843098612773      0.16152506604679423      -1.0599082341026835E-4   -1.061684832963837E-4
0.6640000000000001       0.16154843059386023      0.161525067499493        -1.0599075872784103E-4   -1.0616842617262845E-4
0.665                    0.16154843020135293      0.16152506895410335      -1.0599069447907514E-4   -1.061683689737519E-4
0.666                    0.16154842980861006      0.16152507041062428      -1.0599063066397037E-4   -1.0616831169975434E-4
0.667                    0.16154842941563072      0.1615250718690576       -1.0599056728252576E-4   -1.0616825435063562E-4
0.668                    0.1615484290224134       0.16152507332940116      -1.0599050433474029E-4   -1.0616819692639646E-4
0.6690000000000002       0.161548428628959        0.16152507479165626      -1.059904418206134E-4    -1.0616813942703642E-4
0.67                     0.1615484282352675       0.16152507625582274      -1.0599037974014439E-4   -1.061680818525557E-4
0.671                    0.16154842784133977      0.16152507772190047      -1.059903180933322E-4    -1.0616802420295465E-4
0.672                    0.16154842744717543      0.16152507918988912      -1.059902568801768E-4    -1.0616796647823315E-4
0.673                    0.16154842705277114      0.16152508065979015      -1.0599019610067654E-4   -1.0616790867839163E-4
0.674                    0.1615484266581333       0.16152508213160222      -1.0599013575483085E-4   -1.0616785080342979E-4
0.675                    0.16154842626325594      0.16152508360532428      -1.0599007584263933E-4   -1.0616779285334803E-4
0.676                    0.1615484258681422       0.16152508508095895      -1.0599001636410112E-4   -1.0616773482814652E-4
0.677                    0.16154842547279216      0.16152508655850478      -1.0598995731921521E-4   -1.0616767672782544E-4
0.6780000000000002       0.1615484250772036       0.1615250880379607       -1.0598989870798128E-4   -1.061676185523846E-4
0.679                    0.16154842468137964      0.16152508951932856      -1.0598984053039807E-4   -1.061675603018243E-4
0.68                     0.16154842428531754      0.16152509100260812      -1.0598978278646558E-4   -1.0616750197614468E-4
0.681                    0.16154842388901944      0.16152509248779753      -1.0598972547618227E-4   -1.0616744357534569E-4
0.682                    0.16154842349248222      0.16152509397489984      -1.0598966859954806E-4   -1.0616738509942781E-4
0.683                    0.1615484230957096       0.16152509546391314      -1.0598961215656194E-4   -1.0616732654839096E-4
0.684                    0.16154842269869688      0.1615250969548371       -1.0598955614722321E-4   -1.0616726792223529E-4
0.685                    0.16154842230145242      0.16152509844767243      -1.0598950057153125E-4   -1.0616720922096087E-4
0.686                    0.16154842190396695      0.16152509994241956      -1.0598944542948556E-4   -1.0616715044456788E-4
0.687                    0.1615484215062456       0.1615251014390767       -1.0598939072108518E-4   -1.0616709159305642E-4
0.6880000000000001       0.16154842110828724      0.16152510293764694      -1.0598933644632931E-4   -1.061670326664267E-4
0.6890000000000001       0.16154842071009265      0.16152510443812734      -1.0598928260521766E-4   -1.0616697366467868E-4
0.6900000000000001       0.16154842031165859      0.1615251059405188       -1.0598922919774924E-4   -1.061669145878127E-4
0.6910000000000001       0.16154841991299113      0.16152510744482318      -1.0598917622392366E-4   -1.0616685543582873E-4
0.6920000000000002       0.16154841951408333      0.1615251089510369       -1.059891236837402E-4    -1.061667962087269E-4
0.6930000000000001       0.1615484191149398       0.1615251104591618       -1.0598907157719768E-4   -1.0616673690650741E-4
0.6940000000000001       0.1615484187155588       0.16152511196919922      -1.0598901990429634E-4   -1.0616667752917031E-4
0.6950000000000001       0.16154841831594         0.16152511348114765      -1.0598896866503497E-4   -1.0616661807671585E-4
0.6960000000000001       0.1615484179160839       0.16152511499500663      -1.0598891785941302E-4   -1.0616655854914423E-4
0.6970000000000001       0.1615484175159934       0.16152511651077814      -1.0598886748742989E-4   -1.0616649894645493E-4
0.6980000000000001       0.16154841711566412      0.1615251180284601       -1.0598881754908494E-4   -1.0616643926864918E-4
0.6990000000000001       0.16154841671509765      0.16152511954805335      -1.0598876804437753E-4   -1.0616637951572633E-4
0.7000000000000001       0.16154841631429437      0.16152512106955763      -1.0598871897330713E-4   -1.0616631968768652E-4
0.7010000000000002       0.16154841591325414      0.16152512259297352      -1.0598867033587316E-4   -1.0616625978453023E-4
0.7020000000000001       0.1615484155119775       0.16152512411829992      -1.0598862213207484E-4   -1.0616619980625723E-4
0.7030000000000001       0.16154841511046392      0.16152512564553925      -1.0598857436191171E-4   -1.0616613975286791E-4
0.704                    0.16154841470870984      0.16152512717468806      -1.0598852702538312E-4   -1.0616607962436246E-4
0.705                    0.16154841430672212      0.1615251287057489       -1.0598848012248856E-4   -1.0616601942074062E-4
0.706                    0.16154841390449587      0.16152513023872106      -1.0598843365322718E-4   -1.0616595914200285E-4
0.707                    0.16154841350203408      0.1615251317736048       -1.0598838761759869E-4   -1.0616589878814914E-4
0.708                    0.161548413099334        0.16152513331039953      -1.0598834201560264E-4   -1.0616583835917957E-4
0.709                    0.16154841269639725      0.1615251348491051       -1.0598829684723798E-4   -1.0616577785509464E-4
0.71                     0.1615484122932215       0.1615251363897222       -1.0598825211250455E-4   -1.0616571727589418E-4
0.711                    0.16154841188981156      0.16152513793225068      -1.0598820781140147E-4   -1.0616565662157815E-4
0.712                    0.1615484114861661       0.1615251394766909       -1.0598816394392858E-4   -1.0616559589214704E-4
0.713                    0.16154841108227821      0.16152514102304188      -1.0598812051008519E-4   -1.0616553508760099E-4
0.714                    0.1615484106781564       0.16152514257130446      -1.059880775098705E-4    -1.0616547420793969E-4
0.7150000000000001       0.16154841027379693      0.1615251441214781       -1.0598803494328431E-4   -1.0616541325316338E-4
0.716                    0.16154840986919988      0.16152514567356296      -1.0598799281032596E-4   -1.0616535222327287E-4
0.717                    0.16154840946436694      0.16152514722755823      -1.0598795111099488E-4   -1.0616529111826743E-4
0.718                    0.16154840905929665      0.16152514878346627      -1.0598790984529073E-4   -1.0616522993814772E-4
0.719                    0.16154840865398962      0.161525150341285        -1.0598786901321242E-4   -1.0616516868291362E-4
0.72                     0.16154840824844593      0.16152515190101507      -1.0598782861476033E-4   -1.0616510735256524E-4
0.721                    0.16154840784266336      0.16152515346265642      -1.0598778864993313E-4   -1.0616504594710282E-4
0.722                    0.1615484074366438       0.16152515502620862      -1.0598774911873102E-4   -1.061649844665265E-4
0.723                    0.16154840703038836      0.16152515659167233      -1.059877100211532E-4    -1.0616492291083653E-4
0.7240000000000001       0.1615484066238952       0.16152515815904792      -1.0598767135719934E-4   -1.0616486128003278E-4
0.725                    0.16154840621716504      0.1615251597283326       -1.0598763312686855E-4   -1.0616479957411526E-4
0.726                    0.16154840581019791      0.1615251612995307       -1.0598759533016045E-4   -1.0616473779308468E-4
0.727                    0.16154840540299248      0.16152516287263954      -1.059875579670749E-4    -1.0616467593694072E-4
0.728                    0.16154840499555162      0.16152516444765994      -1.0598752103761118E-4   -1.0616461400568367E-4
0.7290000000000001       0.16154840458787337      0.1615251660245912       -1.05987484541769E-4     -1.0616455199931343E-4
0.73                     0.16154840418125463      0.16152516757710353      -1.0598744492034917E-4   -1.0616449095278897E-4
0.731                    0.16154840377533425      0.16152516911250167      -1.0598740316088379E-4   -1.0616443057895039E-4
0.732                    0.16154840336923718      0.16152517064853494      -1.0598736166221824E-4   -1.0616437018025174E-4
0.733                    0.16154840296296868      0.1615251721851996       -1.059873204243522E-4    -1.0616430975669304E-4
0.734                    0.1615484025565253       0.16152517372249764      -1.0598727944728515E-4   -1.0616424930827457E-4
0.735                    0.16154840214990768      0.16152517526042792      -1.0598723873101685E-4   -1.0616418883499661E-4
0.736                    0.1615484017431177       0.16152517679899075      -1.0598719827554708E-4   -1.0616412833685852E-4
0.737                    0.16154840133615117      0.16152517833818575      -1.059871580808753E-4    -1.0616406781386087E-4
0.7380000000000001       0.1615484009290096       0.16152517987801515      -1.0598711814700149E-4   -1.0616400726600326E-4
0.739                    0.16154840052169597      0.161525181418477        -1.0598707847392513E-4   -1.0616394669328622E-4
0.74                     0.16154840011420774      0.16152518295957113      -1.0598703906164629E-4   -1.0616388609570932E-4
0.741                    0.16154839970654658      0.16152518450129758      -1.0598699991016432E-4   -1.0616382547327294E-4
0.742                    0.16154839929870923      0.16152518604365657      -1.0598696101947884E-4   -1.0616376482597708E-4
0.7430000000000001       0.1615483988906979       0.1615251875866494       -1.0598692238958993E-4   -1.0616370415382164E-4
0.744                    0.1615483984825124       0.1615251891302745       -1.0598688402049701E-4   -1.0616364345680657E-4
0.745                    0.16154839807415214      0.16152519067453203      -1.059868459122001E-4    -1.0616358273493223E-4
0.746                    0.16154839766562         0.16152519221942238      -1.0598680806469846E-4   -1.061635219881986E-4
0.747                    0.16154839725691192      0.16152519376494598      -1.0598677047799214E-4   -1.0616346121660556E-4
0.748                    0.1615483968480299       0.16152519531110232      -1.0598673315208068E-4   -1.0616340042015323E-4
0.749                    0.16154839643897417      0.16152519685789088      -1.0598669608696411E-4   -1.0616333959884174E-4
0.75                     0.16154839602974297      0.16152519840531276      -1.0598665928264186E-4   -1.0616327875267088E-4
0.751                    0.16154839562034012      0.16152519995336767      -1.0598662273911335E-4   -1.0616321788164099E-4
0.7520000000000001       0.16154839521076136      0.16152520150205352      -1.0598658645637913E-4   -1.061631569857518E-4
0.753                    0.16154839480101055      0.16152520305137383      -1.0598655043443849E-4   -1.0616309606500393E-4
0.754                    0.16154839439108226      0.16152520460132683      -1.0598651467329107E-4   -1.0616303511939666E-4
0.755                    0.1615483939809816       0.1615252061519122       -1.0598647917293662E-4   -1.0616297414893063E-4
0.756                    0.16154839357070722      0.1615252077031301       -1.0598644393337495E-4   -1.0616291315360569E-4
0.757                    0.16154839316025657      0.16152520925498154      -1.0598640895460577E-4   -1.0616285213342164E-4
0.758                    0.16154839274963412      0.1615252108074656       -1.0598637423662893E-4   -1.0616279108837894E-4
0.759                    0.16154839233883686      0.16152521236058004      -1.0598633977944397E-4   -1.0616273001847737E-4
0.76                     0.16154839192786374      0.16152521391433058      -1.0598630558305091E-4   -1.0616266892371695E-4
0.7610000000000001       0.16154839151671768      0.1615252154687122       -1.0598627164744918E-4   -1.061626078040979E-4
0.762                    0.16154839110539795      0.16152521702372716      -1.0598623797263873E-4   -1.0616254665961992E-4
0.763                    0.16154839069390434      0.1615252185793739       -1.0598620455861925E-4   -1.0616248549028371E-4
0.764                    0.16154839028223633      0.16152522013565423      -1.0598617140539061E-4   -1.0616242429608856E-4
0.765                    0.16154838987039405      0.16152522169256747      -1.0598613851295227E-4   -1.0616236307703508E-4
0.7660000000000001       0.16154838945837632      0.16152522325011237      -1.0598610588130428E-4   -1.061623018331231E-4
0.767                    0.1615483890461855       0.16152522480829218      -1.0598607351044618E-4   -1.0616224056435255E-4
0.768                    0.16154838863382004      0.16152522636710287      -1.0598604140037781E-4   -1.0616217927072357E-4
0.769                    0.16154838822128284      0.16152522792654658      -1.0598600955109905E-4   -1.0616211795223627E-4
0.77                     0.16154838780856814      0.16152522948662348      -1.0598597796260942E-4   -1.061620566088906E-4
0.771                    0.16154838739568125      0.1615252310473328       -1.0598594663490903E-4   -1.0616199524068681E-4
0.772                    0.16154838698261836      0.16152523260867466      -1.0598591556799731E-4   -1.0616193384762462E-4
0.773                    0.16154838656938322      0.16152523417065004      -1.059858847618741E-4    -1.0616187242970415E-4
0.774                    0.1615483861559735       0.16152523573325683      -1.0598585421653912E-4   -1.0616181098692562E-4
0.7750000000000001       0.16154838574238767      0.1615252372964984       -1.059858239319924E-4    -1.0616174951928912E-4
0.776                    0.1615483853286309       0.16152523886037118      -1.0598579390823352E-4   -1.0616168802679458E-4
0.777                    0.16154838491469717      0.16152524042487648      -1.0598576414526227E-4   -1.061616265094418E-4
0.778                    0.16154838450059084      0.16152524199001636      -1.0598573464307852E-4   -1.061615649672311E-4
0.779                    0.1615483840863113       0.16152524355578712      -1.0598570540168187E-4   -1.0616150340016247E-4
0.7800000000000001       0.16154838367185592      0.1615252451221906       -1.0598567642107219E-4   -1.0616144180823591E-4
0.781                    0.16154838325722645      0.16152524668922869      -1.0598564770124922E-4   -1.0616138019145166E-4
0.782                    0.16154838284242296      0.16152524825689826      -1.0598561924221288E-4   -1.0616131854980943E-4
0.783                    0.1615483824274444       0.16152524982520058      -1.0598559104396279E-4   -1.0616125688330966E-4
0.784                    0.16154838201229305      0.16152525139413637      -1.0598556310649916E-4   -1.0616119519195196E-4
0.785                    0.16154838159696658      0.1615252529637045       -1.059855354298213E-4    -1.0616113347573662E-4
0.786                    0.16154838118146822      0.1615252545339048       -1.05985508013929E-4     -1.0616107173466366E-4
0.787                    0.1615483807657942       0.16152525610473797      -1.0598548085882239E-4   -1.061610099687333E-4
0.788                    0.1615483803499463       0.16152525767620451      -1.0598545396450096E-4   -1.0616094817794503E-4
0.7890000000000001       0.16154837993392213      0.16152525924830374      -1.0598542733096449E-4   -1.0616088636229945E-4
0.79                     0.16154837951772602      0.16152526082103533      -1.0598540095821313E-4   -1.061608245217965E-4
0.791                    0.1615483791013561       0.1615252623943994       -1.0598537484624661E-4   -1.0616076265643617E-4
0.792                    0.1615483786848101       0.16152526396839678      -1.0598534899506437E-4   -1.0616070076621845E-4
0.793                    0.16154837826808968      0.16152526554302735      -1.059853234046666E-4    -1.0616063885114328E-4
0.7940000000000002       0.16154837785119777      0.16152526711828985      -1.0598529807505286E-4   -1.0616057691121087E-4
0.795                    0.16154837743412967      0.1615252686941852       -1.0598527300622302E-4   -1.0616051494642147E-4
0.796                    0.16154837701688693      0.16152527027071312      -1.0598524819817695E-4   -1.0616045295677455E-4
0.797                    0.1615483765994721       0.16152527184787432      -1.0598522365091446E-4   -1.0616039094227066E-4
0.798                    0.16154837618188184      0.16152527342566847      -1.0598519936443541E-4   -1.0616032890290959E-4
0.799                    0.16154837576411843      0.161525275004095        -1.0598517533873963E-4   -1.0616026683869154E-4
0.8                      0.16154837534617972      0.161525276583154        -1.0598515157382671E-4   -1.0616020474961644E-4
0.801                    0.1615483749280667       0.16152527816284565      -1.0598512806969672E-4   -1.0616014263568436E-4
0.802                    0.16154837450978027      0.16152527974317055      -1.0598510482634927E-4   -1.0616008049689543E-4
0.8030000000000002       0.16154837409132006      0.1615252813241289       -1.059850818437845E-4    -1.0616001833324965E-4
0.804                    0.1615483736726863       0.16152528290571905      -1.0598505912200195E-4   -1.0615995614474703E-4
0.805                    0.16154837325387592      0.16152528448794193      -1.0598503666100156E-4   -1.061598939313874E-4
0.806                    0.16154837283489243      0.16152528607079816      -1.0598501446078321E-4   -1.0615983169317116E-4
0.807                    0.16154837241573283      0.16152528765428675      -1.0598499252134649E-4   -1.0615976943009822E-4
0.808                    0.16154837199640393      0.16152528923840703      -1.0598497084269158E-4   -1.0615970714216866E-4
0.809                    0.1615483715768969       0.16152529082316153      -1.0598494942481807E-4   -1.0615964482938256E-4
0.81                     0.16154837115721837      0.16152529240854857      -1.0598492826772603E-4   -1.0615958249173968E-4
0.811                    0.16154837073736222      0.16152529399456766      -1.0598490737141502E-4   -1.0615952012924057E-4
0.8120000000000002       0.16154837031733485      0.16152529558121917      -1.059848867358851E-4    -1.061594577418847E-4
0.8130000000000001       0.1615483698971333       0.16152529716850617      -1.0598486636113596E-4   -1.0615939532967261E-4
0.8140000000000001       0.16154836947675544      0.16152529875642338      -1.0598484624716763E-4   -1.0615933289260402E-4
0.8150000000000001       0.16154836905620537      0.16152530034497367      -1.0598482639397981E-4   -1.061592704306791E-4
0.8160000000000001       0.16154836863548006      0.1615253019341571       -1.0598480680157234E-4   -1.0615920794389783E-4
0.8170000000000002       0.1615483682145836       0.16152530352397362      -1.059847874699451E-4    -1.0615914543226046E-4
0.8180000000000001       0.16154836779350842      0.16152530511442234      -1.0598476839909818E-4   -1.0615908289576664E-4
0.8190000000000001       0.16154836737225936      0.16152530670550388      -1.0598474958903118E-4   -1.0615902033441686E-4
0.8200000000000001       0.1615483669508386       0.16152530829721837      -1.0598473103974382E-4   -1.06158957748211E-4
0.8210000000000001       0.1615483665292428       0.16152530988956532      -1.0598471275123639E-4   -1.0615889513714896E-4
0.8220000000000001       0.161548366107472        0.16152531148254562      -1.059846947235083E-4    -1.0615883250123086E-4
0.8230000000000001       0.1615483656855285       0.16152531307615847      -1.0598467695655958E-4   -1.0615876984045683E-4
0.8240000000000001       0.1615483652634101       0.16152531467040313      -1.0598465945039042E-4   -1.0615870715482678E-4
0.8250000000000001       0.16154836484111776      0.16152531626528155      -1.0598464220500033E-4   -1.0615864444434097E-4
0.8260000000000002       0.1615483644186524       0.16152531786079263      -1.059846252203893E-4    -1.0615858170899943E-4
0.8270000000000001       0.16154836399601086      0.16152531945693618      -1.0598460849655719E-4   -1.0615851894880161E-4
0.8280000000000001       0.16154836357319657      0.16152532105371192      -1.0598459203350346E-4   -1.0615845616374824E-4
0.8290000000000001       0.1615483631502061       0.16152532265112104      -1.0598457583122888E-4   -1.0615839335383931E-4
0.8300000000000001       0.1615483627270417       0.16152532424916446      -1.0598455988973276E-4   -1.0615833051907472E-4
0.8310000000000002       0.1615483623037049       0.1615253258478387       -1.0598454420901494E-4   -1.0615826765945423E-4
0.8320000000000001       0.16154836188019406      0.16152532744714598      -1.0598452878907535E-4   -1.0615820477497841E-4
0.833                    0.161548361456507        0.1615253290470856       -1.0598451362991394E-4   -1.0615814186564664E-4
0.834                    0.1615483610326476       0.16152533064765884      -1.0598449873153091E-4   -1.0615807893145974E-4
0.8350000000000001       0.1615483606086137       0.1615253322488645       -1.059844840939255E-4    -1.061580159724174E-4
0.836                    0.1615483601844067       0.16152533385070225      -1.0598446971709806E-4   -1.0615795298851954E-4
0.837                    0.16154835976002357      0.1615253354531735       -1.0598445560104827E-4   -1.0615788997976642E-4
0.838                    0.16154835933546727      0.16152533705627747      -1.059844417457763E-4    -1.0615782694615796E-4
0.839                    0.16154835891073685      0.1615253386600155       -1.0598442815128186E-4   -1.0615776388769418E-4
0.8400000000000001       0.16154835848583138      0.1615253402643843       -1.0598441481756464E-4   -1.0615770080437523E-4
0.841                    0.16154835806075254      0.16152534186938652      -1.0598440174462487E-4   -1.0615763769620099E-4
0.842                    0.16154835763549988      0.16152534347502154      -1.0598438893246233E-4   -1.0615757456317157E-4
0.843                    0.16154835721007096      0.16152534508128868      -1.0598437638107703E-4   -1.061575114052874E-4
0.844                    0.16154835678446916      0.16152534668818969      -1.0598436409046865E-4   -1.0615744822254786E-4
0.845                    0.1615483563586946       0.1615253482957223       -1.0598435206063705E-4   -1.0615738501495333E-4
0.846                    0.16154835593274477      0.16152534990388745      -1.0598434029158237E-4   -1.0615732178250401E-4
0.847                    0.16154835550661936      0.161525351512688        -1.059843287833047E-4    -1.061572585251997E-4
0.848                    0.16154835508032095      0.16152535312211896      -1.0598431753580357E-4   -1.061571952430405E-4
0.8490000000000001       0.16154835465384912      0.16152535473218324      -1.0598430654907922E-4   -1.0615713193602643E-4
0.85                     0.16154835422720332      0.16152535634287918      -1.0598429582313126E-4   -1.0615706860415778E-4
0.851                    0.16154835380038188      0.16152535795420916      -1.0598428535795941E-4   -1.061570052474342E-4
0.852                    0.1615483533733861       0.1615253595661724       -1.0598427515356445E-4   -1.0615694186585608E-4
0.853                    0.16154835294621767      0.16152536117876734      -1.059842652099454E-4    -1.0615687845942311E-4
0.8540000000000001       0.16154835251887434      0.16152536279199575      -1.0598425552710277E-4   -1.0615681502813568E-4
0.855                    0.16154835209135773      0.16152536440585627      -1.0598424610503612E-4   -1.0615675157199376E-4
0.856                    0.16154835166366466      0.1615253660203499       -1.0598423694374573E-4   -1.0615668809099735E-4
0.857                    0.161548351235799        0.16152536763547573      -1.0598422804323114E-4   -1.0615662458514641E-4
0.858                    0.16154835080776273      0.16152536925123448      -1.0598421940349259E-4   -1.0615656105444114E-4
0.859                    0.1615483503795462       0.16152537086762728      -1.0598421102452986E-4   -1.0615649749888128E-4
0.86                     0.16154834995115747      0.1615253724846514       -1.0598420290634282E-4   -1.0615643391846719E-4
0.861                    0.16154834952259584      0.16152537410230827      -1.0598419504893154E-4   -1.06156370313199E-4
0.862                    0.1615483490938584       0.16152537572059836      -1.0598418745229598E-4   -1.0615630668307645E-4
0.8630000000000001       0.16154834866494813      0.16152537733952113      -1.0598418011643635E-4   -1.0615624302809977E-4
0.864                    0.16154834823586353      0.1615253789590772       -1.0598417304135202E-4   -1.0615617934826884E-4
0.865                    0.16154834780660468      0.1615253805792645       -1.0598416622704327E-4   -1.0615611564358385E-4
0.866                    0.16154834737717058      0.161525382200086        -1.0598415967351014E-4   -1.0615605191404482E-4
0.867                    0.16154834694773076      0.16152538381829         -1.0598415299145008E-4   -1.0615598828757107E-4
0.8680000000000001       0.16154834652030217      0.16152538539470102      -1.0598414148759283E-4   -1.0615592630630148E-4
0.869                    0.16154834609273533      0.16152538697108607      -1.0598413016558992E-4   -1.0615586432610853E-4
0.87                     0.16154834566502627      0.16152538854744491      -1.059841190254413E-4    -1.0615580234699233E-4
0.871                    0.16154834523717887      0.16152539012377895      -1.0598410806714695E-4   -1.061557403689521E-4
0.8720000000000001       0.16154834480919036      0.16152539170008642      -1.059840972907068E-4    -1.0615567839198865E-4
0.873                    0.1615483443810601       0.16152539327636628      -1.0598408669612076E-4   -1.0615561641610143E-4
0.874                    0.1615483439527903       0.16152539485262135      -1.0598407628338877E-4   -1.061555544412909E-4
0.875                    0.16154834352438147      0.1615253964288509       -1.0598406605251058E-4   -1.0615549246755675E-4
0.876                    0.16154834309583374      0.16152539800505422      -1.0598405600348648E-4   -1.0615543049489921E-4
0.8770000000000001       0.16154834266714468      0.16152539958122997      -1.0598404613631628E-4   -1.0615536852331797E-4
0.878                    0.1615483422383129       0.16152540115738073      -1.0598403645099985E-4   -1.0615530655281322E-4
0.879                    0.1615483418093424       0.16152540273350616      -1.0598402694753735E-4   -1.0615524458338481E-4
0.88                     0.16154834138023202      0.16152540430960485      -1.0598401762592846E-4   -1.0615518261503323E-4
0.881                    0.1615483409509816       0.16152540588567763      -1.0598400848617314E-4   -1.0615512064775759E-4
0.882                    0.1615483405215904       0.16152540746172478      -1.0598399952827176E-4   -1.0615505868155879E-4
0.883                    0.1615483400920593       0.16152540903774498      -1.0598399075222384E-4   -1.0615499671643645E-4
0.884                    0.16154833966238866      0.16152541061374057      -1.0598398215802962E-4   -1.0615493475239045E-4
0.885                    0.16154833923257683      0.16152541218970845      -1.0598397374568857E-4   -1.0615487278942103E-4
0.8860000000000001       0.16154833880262473      0.16152541376565102      -1.0598396551520116E-4   -1.06154810827528E-4
0.887                    0.1615483383725339       0.16152541534156664      -1.0598395746656729E-4   -1.0615474886671128E-4
0.888                    0.16154833794229967      0.16152541691745886      -1.059839495997866E-4    -1.0615468690697134E-4
0.889                    0.1615483375119277       0.16152541849332266      -1.0598394191485951E-4   -1.0615462494830746E-4
0.89                     0.161548337081417        0.1615254200691617       -1.059839344117856E-4    -1.0615456299072017E-4
0.8910000000000001       0.16154833665076243      0.16152542164497335      -1.0598392709056486E-4   -1.0615450103420942E-4
0.892                    0.16154833621997058      0.16152542322076097      -1.059839199511972E-4    -1.06154439078775E-4
0.893                    0.16154833578903585      0.16152542479652063      -1.0598391299368305E-4   -1.0615437712441687E-4
0.894                    0.16154833535796181      0.16152542637225503      -1.0598390621802207E-4   -1.0615431517113539E-4
0.895                    0.16154833492674917      0.16152542794796285      -1.0598389962421394E-4   -1.0615425321893028E-4
0.896                    0.16154833449539477      0.1615254295236457       -1.0598389321225896E-4   -1.0615419126780162E-4
0.897                    0.16154833406390146      0.16152543109930234      -1.0598388698215688E-4   -1.0615412931774954E-4
0.898                    0.16154833363226606      0.16152543267493186      -1.0598388093390807E-4   -1.0615406736877363E-4
0.899                    0.16154833320049233      0.1615254342505361       -1.0598387506751197E-4   -1.0615400542087431E-4
0.9000000000000001       0.16154833276857777      0.1615254358261139       -1.0598386938296908E-4   -1.061539434740514E-4
0.901                    0.1615483323365228       0.16152543740166553      -1.0598386388027917E-4   -1.0615388152830502E-4
0.902                    0.16154833190432802      0.16152543897719235      -1.0598385855944192E-4   -1.0615381958363478E-4
0.903                    0.16154833147199232      0.16152544055269216      -1.0598385342045771E-4   -1.0615375764004105E-4
0.904                    0.16154833103951505      0.1615254421281669       -1.0598384846332605E-4   -1.0615369569752372E-4
0.9050000000000001       0.1615483306068992       0.16152544370361446      -1.0598384368804752E-4   -1.0615363375608296E-4
0.906                    0.16154833017414416      0.1615254452790361       -1.059838390946216E-4    -1.0615357181571853E-4
0.907                    0.1615483297412474       0.1615254468544318       -1.0598383468304839E-4   -1.061535098764305E-4
0.908                    0.16154832930821006      0.16152544842980276      -1.0598383045332802E-4   -1.0615344793821881E-4
0.909                    0.1615483288750342       0.16152545000514643      -1.0598382640546044E-4   -1.0615338600108372E-4
0.91                     0.16154832844171688      0.16152545158046314      -1.0598382253944536E-4   -1.0615332406502485E-4
0.911                    0.16154832800826         0.1615254531557561       -1.0598381885528297E-4   -1.0615326213004258E-4
0.912                    0.16154832757466295      0.16152545473102115      -1.0598381535297347E-4   -1.0615320019613654E-4
0.913                    0.1615483271409251       0.16152545630626156      -1.0598381203251637E-4   -1.0615313826330688E-4
0.9140000000000001       0.16154832670704855      0.1615254578814757       -1.0598380889391206E-4   -1.0615307633155387E-4
0.915                    0.16154832627302906      0.16152545945666216      -1.0598380593716015E-4   -1.0615301440087692E-4
0.916                    0.16154832583887174      0.16152546103182477      -1.0598380316226104E-4   -1.0615295247127649E-4
0.917                    0.16154832540457165      0.16152546260696032      -1.059838005692144E-4    -1.0615289054275247E-4
0.918                    0.16154832497013424      0.1615254641820696       -1.0598379815802014E-4   -1.0615282861530502E-4
0.9190000000000002       0.1615483245355568       0.16152546575715365      -1.0598379592867866E-4   -1.0615276668893369E-4
0.92                     0.1615483241008361       0.16152546733221163      -1.059837938811896E-4    -1.0615270476363875E-4
0.921                    0.1615483236659766       0.16152546890724273      -1.059837920155532E-4    -1.0615264283942039E-4
0.922                    0.16154832323097595      0.16152547048224844      -1.0598379033176925E-4   -1.0615258091627825E-4
0.9230000000000002       0.16154832279583695      0.16152547205722828      -1.0598378882983783E-4   -1.0615251899421269E-4
0.924                    0.16154832236055622      0.16152547363218153      -1.059837875097588E-4    -1.0615245707322323E-4
0.925                    0.16154832192513735      0.16152547520710886      -1.0598378637153243E-4   -1.0615239515331054E-4
0.926                    0.16154832148957793      0.16152547678200943      -1.0598378541515845E-4   -1.0615233323447396E-4
0.927                    0.1615483210538756       0.16152547835688447      -1.0598378464063697E-4   -1.0615227131671364E-4
0.9280000000000002       0.16154832061803404      0.16152547993173386      -1.059837840479678E-4    -1.0615220940002995E-4
0.929                    0.16154832018205406      0.1615254815065569       -1.0598378363715144E-4   -1.0615214748442252E-4
0.93                     0.16154831974593326      0.16152548308135445      -1.0598378340818728E-4   -1.0615208556989135E-4
0.931                    0.16154831930967106      0.16152548465612554      -1.0598378336107587E-4   -1.0615202365643653E-4
0.932                    0.16154831887326832      0.16152548623087132      -1.0598378349581664E-4   -1.0615196174405852E-4
0.933                    0.16154831843672607      0.16152548780558934      -1.0598378381240999E-4   -1.0615189983275632E-4
0.934                    0.16154831800004568      0.16152548938028446      -1.0598378431085548E-4   -1.0615183792253082E-4
0.935                    0.1615483175632223       0.16152549095495067      -1.0598378499115383E-4   -1.0615177601338167E-4
0.936                    0.16154831712625972      0.16152549252959109      -1.0598378585330462E-4   -1.061517141053087E-4
0.9370000000000002       0.16154831668915684      0.16152549410420639      -1.0598378689730791E-4   -1.061516521983123E-4
0.9380000000000001       0.1615483162519156       0.1615254956787957       -1.0598378812316377E-4   -1.0615159029239204E-4
0.9390000000000001       0.1615483158145321       0.16152549725335766      -1.0598378953087192E-4   -1.0615152838754821E-4
0.9400000000000001       0.16154831537700826      0.1615254988278952       -1.059837911204328E-4    -1.0615146648378074E-4
0.9410000000000001       0.1615483149393439       0.16152550040240643      -1.0598379289184585E-4   -1.0615140458108968E-4
0.9420000000000002       0.1615483145015398       0.16152550197689128      -1.0598379484511164E-4   -1.0615134267947485E-4
0.9430000000000001       0.16154831406359546      0.16152550355134954      -1.0598379698022988E-4   -1.0615128077893634E-4
0.9440000000000001       0.16154831362551111      0.1615255051257836       -1.0598379929720071E-4   -1.0615121887947442E-4
0.9450000000000001       0.16154831318728646      0.1615255067001888       -1.0598380179602412E-4   -1.0615115698108854E-4
0.9460000000000001       0.16154831274892212      0.16152550827456985      -1.0598380447670013E-4   -1.0615109508377929E-4
0.9470000000000001       0.16154831231041575      0.1615255098489252       -1.059838073392285E-4    -1.0615103318754605E-4
0.9480000000000001       0.1615483118717702       0.1615255114232533       -1.0598381038360961E-4   -1.0615097129238939E-4
0.9490000000000001       0.16154831143298604      0.16152551299755627      -1.0598381360984344E-4   -1.0615090939830914E-4
0.9500000000000001       0.16154831099406133      0.16152551457183373      -1.0598381701792969E-4   -1.06150847505305E-4
0.9510000000000002       0.16154831055499538      0.16152551614608365      -1.0598382060786857E-4   -1.0615078561337719E-4
0.9520000000000001       0.16154831011578938      0.1615255177203076       -1.0598382437966037E-4   -1.061507237225258E-4
0.9530000000000001       0.16154830967644265      0.1615255192945053       -1.0598382833330469E-4   -1.0615066183275068E-4
0.9540000000000001       0.16154830923695507      0.1615255208686786       -1.0598383246880186E-4   -1.0615059994405198E-4
0.9550000000000001       0.16154830879732907      0.1615255224428258       -1.0598383678615163E-4   -1.0615053805642945E-4
0.9560000000000002       0.16154830835756184      0.16152552401694545      -1.0598384128535397E-4   -1.0615047616988342E-4
0.9570000000000001       0.1615483079176545       0.1615255255910404       -1.0598384596640955E-4   -1.0615041428441353E-4
0.9580000000000001       0.16154830747760845      0.1615255271651081       -1.0598385082931765E-4   -1.0615035240002028E-4
0.9590000000000001       0.16154830703742054      0.1615255287391506       -1.0598385587407847E-4   -1.0615029051670298E-4
0.9600000000000001       0.1615483065970914       0.16152553031316733      -1.0598386110069221E-4   -1.0615022863446216E-4
0.961                    0.16154830615662477      0.16152553188715785      -1.0598386650915873E-4   -1.0615016675329769E-4
0.962                    0.16154830571601458      0.1615255334611211       -1.0598387209947807E-4   -1.0615010487320935E-4
0.963                    0.16154830527526756      0.1615255350350589       -1.0598387787165076E-4   -1.061500429941974E-4
0.964                    0.16154830483437801      0.1615255366089722       -1.0598388382567613E-4   -1.0614998111626178E-4
0.9650000000000001       0.16154830439335058      0.16152553818285778      -1.0598388996155464E-4   -1.0614991923940263E-4
0.966                    0.16154830395218006      0.16152553975671768      -1.0598389627928602E-4   -1.0614985736361934E-4
0.967                    0.16154830351086963      0.16152554133055172      -1.0598390277887053E-4   -1.0614979548891271E-4
0.968                    0.1615483030694219       0.16152554290436083      -1.0598390946030809E-4   -1.0614973361528224E-4
0.969                    0.16154830262783199      0.16152554447814205      -1.0598391632359895E-4   -1.0614967174272833E-4
0.97                     0.16154830218610053      0.161525546051898        -1.059839233687428E-4    -1.0614960987125041E-4
0.971                    0.1615483017442311       0.16152554762562796      -1.0598393059573984E-4   -1.0614954800084883E-4
0.972                    0.16154830130222064      0.16152554919933237      -1.0598393800459017E-4   -1.061494861315237E-4
0.973                    0.16154830086006994      0.16152555077300942      -1.0598394559529367E-4   -1.0614942426327492E-4
0.9740000000000001       0.16154830041777937      0.16152555234666166      -1.0598395336785082E-4   -1.0614936239610223E-4
0.975                    0.16154829997534859      0.1615255539202877       -1.0598396132226103E-4   -1.0614930053000571E-4
0.976                    0.16154829953277683      0.16152555549388734      -1.0598396945852465E-4   -1.0614923866498563E-4
0.977                    0.16154829909006557      0.16152555706746086      -1.0598397777664176E-4   -1.0614917680104183E-4
0.9779999999999999       0.16154829864721298      0.1615255586410092       -1.0598398627661225E-4   -1.0614911493817419E-4
0.9790000000000001       0.16154829820422162      0.16152556021452988      -1.059839949584366E-4    -1.0614905307638301E-4
0.98                     0.16154829776109011      0.1615255617880269       -1.0598400382211421E-4   -1.0614899121566796E-4
0.9810000000000001       0.16154829731781722      0.16152556336149662      -1.0598401286764549E-4   -1.0614892935602928E-4
0.982                    0.16154829687440447      0.16152556493493944      -1.0598402209503051E-4   -1.0614886749746685E-4
0.983                    0.16154829643085275      0.16152556650835675      -1.0598403150426913E-4   -1.0614880563998065E-4
0.9840000000000001       0.1615482959871594       0.1615255680817485       -1.059840410953615E-4    -1.061487437835708E-4
0.985                    0.1615482955433272       0.16152556965511475      -1.0598405086830777E-4   -1.0614868192823698E-4
0.9860000000000001       0.161548295099353        0.16152557122845396      -1.0598406082310786E-4   -1.0614862007397975E-4
0.987                    0.16154829465523918      0.16152557280176702      -1.0598407095976211E-4   -1.0614855822079866E-4
0.988                    0.16154829421098402      0.16152557437505402      -1.0598408127827009E-4   -1.0614849636869377E-4
0.9890000000000001       0.16154829376659105      0.1615255759483159       -1.0598409177863204E-4   -1.0614843451766527E-4
0.99                     0.16154829332205448      0.1615255775215518       -1.0598410246084804E-4   -1.0614837266771303E-4
0.9909999999999999       0.1615482928773818       0.16152557909476178      -1.0598411332491845E-4   -1.0614831081883699E-4
0.992                    0.16154829243256866      0.161525580667944        -1.0598412437084272E-4   -1.0614824897103707E-4
0.993                    0.16154829198761098      0.1615255822411016       -1.059841355986217E-4    -1.0614818712431367E-4
0.9940000000000001       0.16154829154251543      0.16152558381423343      -1.059841470082545E-4    -1.0614812527866658E-4
0.995                    0.16154829109727994      0.16152558538733805      -1.0598415859974211E-4   -1.0614806343409557E-4
0.9959999999999999       0.16154829065190565      0.16152558696041722      -1.0598417037308391E-4   -1.0614800159060052E-4
0.9970000000000001       0.16154829020639008      0.16152558853346966      -1.0598418232828022E-4   -1.0614793974818197E-4
0.998                    0.16154828976073513      0.16152559010649714      -1.0598419446533113E-4   -1.0614787790683964E-4
0.9990000000000001       0.16154828931493787      0.16152559167949845      -1.0598420678423663E-4   -1.0614781606657351E-4
1                        0.1615482888689987       0.16152559325247282      -1.0598421928499687E-4   -1.0614775422738348E-4
1                        0.1615482888689987       0.16152559325247282      -1.0598421928499687E-4   -1.0614775422738348E-4
1.1                      0.16154824399283657      0.16152574355548693      -1.0598552038541858E-4   -1.0614184531869047E-4
1.2                      0.1615481982762906       0.16152588547718275      -1.0598755911356E-4      -1.0613626621467293E-4
1.3000000000000003       0.16154815193111072      0.16152601708951222      -1.0599000253418443E-4   -1.0613109269995872E-4
1.4                      0.16154810513058354      0.161526138164211        -1.0599265418321534E-4   -1.0612633361490536E-4
1.5                      0.16154805803980662      0.16152624998293327      -1.0599539077391181E-4   -1.0612193854843738E-4
1.6                      0.16154801070293157      0.16152635277064376      -1.0599817396464862E-4   -1.0611789861472114E-4
1.7000000000000002       0.16154796310878414      0.16152644655861367      -1.0600101696675625E-4   -1.0611421254163663E-4
1.8000000000000003       0.16154791545681688      0.1615265337218958       -1.060038004294889E-4    -1.0611078693590396E-4
1.9                      0.1615478676499187       0.16152661310412095      -1.0600658246152404E-4   -1.0610766722375947E-4
2                        0.16154781976858848      0.16152668602092618      -1.0600932799496984E-4   -1.0610480169513474E-4
2.1                      0.16154777200215037      0.16152675556668716      -1.0601195454520473E-4   -1.0610206877415839E-4
2.2                      0.1615477242397221       0.16152681992904197      -1.0601451041358266E-4   -1.0609953964285735E-4
2.3                      0.16154767648129945      0.1615268791079898       -1.060169955949174E-4    -1.0609721428646327E-4
2.4000000000000004       0.16154762872688175      0.1615269331035313       -1.0601941008416674E-4   -1.0609509269139673E-4
2.5                      0.1615475809764707       0.1615269819156672       -1.0602175387643257E-4   -1.0609317484526845E-4
2.6000000000000005       0.1615475333829683       0.1615270291364713       -1.060240003764368E-4    -1.0609131942578157E-4
2.7                      0.16154748587856224      0.16152707317274168      -1.0602616137194024E-4   -1.0608958910474302E-4
2.8                      0.16154743843651156      0.16152711339644127      -1.0602824150689275E-4   -1.0608800858185721E-4
2.9000000000000004       0.16154739105681892      0.1615271498075686       -1.0603024077646855E-4   -1.060865778503391E-4
3                        0.16154734373948634      0.16152718240612277      -1.0603215917602854E-4   -1.0608529690404493E-4
3.1000000000000005       0.16154729652606267      0.16152721246189455      -1.0603400024797866E-4   -1.0608411588744773E-4
3.2                      0.16154724948937113      0.16152724220027118      -1.060357702044363E-4    -1.0608294743270455E-4
3.3000000000000003       0.16154720255862262      0.16152726945796073      -1.0603746299894196E-4   -1.0608187646516592E-4
3.4000000000000004       0.1615471557338146       0.16152729423496143      -1.0603907862774931E-4   -1.0608090298183851E-4
3.5                      0.16154710901495056      0.16152731653127556      -1.0604061708728163E-4   -1.0608002698000276E-4
3.6000000000000005       0.16154706240202618      0.16152733634690195      -1.0604207837413327E-4   -1.0607924845721045E-4
3.7                      0.16154701593730142      0.16152735587305778      -1.0604349820213124E-4   -1.0607848128099623E-4
3.8000000000000003       0.16154696960216708      0.1615273741446622       -1.0604486083841629E-4   -1.0607776338542443E-4
3.9000000000000004       0.16154692338913795      0.16152739077383646      -1.0604615995819522E-4   -1.0607711001548207E-4
4                        0.16154687729821687      0.16152740576058328      -1.0604739555910138E-4   -1.0607652116996038E-4
4.1                      0.1615468313294059       0.16152741910490223      -1.0604856763888349E-4   -1.0607599684776998E-4
4.2                      0.1615467854834018       0.16152743146388543      -1.0604969816472261E-4   -1.0607551125025307E-4
4.300000000000001        0.1615467397614456       0.16152744400210442      -1.0605082607200289E-4   -1.0607501865572475E-4
4.4                      0.16154669416233522      0.16152745559109233      -1.060519136305717E-4    -1.0607456336782545E-4
4.500000000000001        0.16154664868607352      0.16152746623084788      -1.0605296083917056E-4   -1.0607414538606799E-4
4.6                      0.1615466033326542       0.16152747592137048      -1.0605396769658695E-4   -1.060737647100056E-4
4.7                      0.16154655810208465      0.16152748466266179      -1.0605493420165647E-4   -1.0607342133923085E-4
4.800000000000001        0.16154651299435913      0.16152749245472095      -1.060558603532603E-4    -1.060731152733767E-4
4.9                      0.16154646800948286      0.16152749929754848      -1.0605674615032636E-4   -1.06072846512116E-4
5                        0.16154642314745069      0.1615275051911437       -1.0605759159182985E-4   -1.0607261505516085E-4
5                        0.16154642314745069      0.1615275051911437       -1.0605759159182985E-4   -1.0607261505516085E-4
15                       0.16154253197897742      0.16152704605977194      -1.0609253109848625E-4   -1.0609065347659355E-4
25                       0.16153965973059395      0.1615265481523834       -1.061120750507215E-4    -1.061102200575577E-4
35                       0.16153737308311722      0.16152615202033652      -1.0612764295878797E-4   -1.0612578907740616E-4
45                       0.16153556404650973      0.16152583867294734      -1.0613996032523919E-4   -1.0613810622943736E-4
55                       0.16153413753418605      0.16152559159767027      -1.0614967339156365E-4   -1.0614781926040746E-4
65                       0.16153305406023594      0.1615254039518984       -1.061570503066725E-4    -1.0615519622242999E-4
75                       0.16153220572207755      0.16152525703177542      -1.0616282687621342E-4   -1.0616097282150159E-4
85                       0.1615315885411715       0.161525150150789        -1.0616702949821404E-4   -1.0616517547137435E-4
95                       0.16153111328761824      0.1615250678487866       -1.0617026572986171E-4   -1.0616841170621634E-4
105                      0.1615307635058056       0.16152500727692337      -1.0617264763035902E-4   -1.0617079360322199E-4
115                      0.1615305041440672       0.16152496236368447      -1.0617441393571102E-4   -1.0617255990500025E-4
125                      0.16153030444829797      0.16152492778300323      -1.0617577392599655E-4   -1.0617391989414629E-4
135                      0.16153016268008405      0.16152490323381874      -1.0617673942499212E-4   -1.0617488539421238E-4
145                      0.16153004984765573      0.1615248836952657       -1.0617750786262114E-4   -1.061756538326626E-4
155                      0.16152997016277812      0.16152486989681877      -1.0617805055492402E-4   -1.0617619652585709E-4
165                      0.16152990704614295      0.16152485896737132      -1.061784804121089E-4    -1.0617662638332461E-4
175.00000000000003       0.1615298623275806       0.16152485122382654      -1.0617878496953056E-4   -1.0617693094077843E-4
185                      0.16152982736456015      0.1615248451695688       -1.0617902308430191E-4   -1.0617716905556536E-4
195                      0.161529802817437        0.16152484091895972      -1.0617919026034024E-4   -1.0617733623157753E-4
