% Model:              1D_PoST5400um_12.mph
% Version:            COMSOL 6.2.0.415
% Date:               Jul 6 2026, 12:17
% Table:              プローブテーブル 2 - 
% Time (ms)              温度 (K), 吸収体              温度 (K), TES              ec.Jx*nx (A)             ec.Jx*nx (A)
0                        0.161547813946661        0.16152440562859915      -1.0619630946421852E-4   -1.0619445550835892E-4
0.001                    0.16154859858149764      0.1615244932862686       -1.0619286182278622E-4   -1.0619100790247648E-4
0.002                    0.1615486231566626       0.16152457564877012      -1.0618962256495084E-4   -1.0618776864458164E-4
0.003                    0.1615486273623919       0.16152462486331792      -1.0618768704278294E-4   -1.0618583311167081E-4
0.004                    0.1615486289037486       0.1615246570008216       -1.0618642315224167E-4   -1.061845692085685E-4
0.005                    0.16154862977433215      0.16152467914186389      -1.0618555240902392E-4   -1.061836984535842E-4
0.006                    0.1615486303779262       0.16152469482159862      -1.0618493577592936E-4   -1.0618308181027951E-4
0.007                    0.16154863084405996      0.16152470620589665      -1.0618448807240694E-4   -1.0618263409821539E-4
0.008                    0.16154863121905935      0.1615247144814168       -1.0618416262737994E-4   -1.0618230864619803E-4
0.009000000000000001     0.1615486315309038       0.16152472052785635      -1.061839248443874E-4    -1.0618207085764363E-4
0.01                     0.16154863179678505      0.16152472497297557      -1.0618375003526138E-4   -1.06181896044523E-4
0.011                    0.16154863202858255      0.1615247282927883       -1.0618361947842253E-4   -1.0618176548790128E-4
0.012                    0.16154863223279786      0.1615247307564302       -1.0618352257978268E-4   -1.0618166860150511E-4
0.013000000000000001     0.16154863241394252      0.16152473255172162      -1.0618345193415802E-4   -1.0618159799788058E-4
0.014                    0.1615486325764734       0.1615247338627669       -1.0618340026485813E-4   -1.0618154643888804E-4
0.015000000000000001     0.16154863272371875      0.16152473482353186      -1.0618336222754467E-4   -1.0618150865447773E-4
0.016                    0.1615486328581765       0.16152473553016375      -1.0618333390913115E-4   -1.0618148086447357E-4
0.017000000000000005     0.16154863298191421      0.16152473605636752      -1.0618331215624006E-4   -1.0618146017021421E-4
0.018000000000000002     0.16154863309622639      0.16152473644441784      -1.0618329496419194E-4   -1.0618144490910602E-4
0.019                    0.16154863320235377      0.16152473673231646      -1.0618328032988383E-4   -1.061814335868501E-4
0.02                     0.1615486333015242       0.1615247369528213       -1.0618326574832975E-4   -1.0618142491504536E-4
0.021                    0.16154863339472278      0.1615247371292992       -1.0618324883576491E-4   -1.0618141797509989E-4
0.022                    0.16154863348187062      0.1615247372590592       -1.0618322947842718E-4   -1.0618141287254085E-4
0.023                    0.16154863356413496      0.16152473736607173      -1.0618320315295513E-4   -1.0618140866398041E-4
0.024                    0.16154863364099825      0.16152473743967175      -1.0618317187192542E-4   -1.0618140576915771E-4
0.025                    0.16154863371363662      0.16152473750151755      -1.0618312880526838E-4   -1.0618140333678372E-4
0.026000000000000002     0.1615486337819035       0.1615247375489759       -1.0618307478370521E-4   -1.061814014703963E-4
0.027                    0.1615486338460714       0.16152473758590763      -1.0618300632164795E-4   -1.0618140001798361E-4
0.028                    0.161548633906576        0.16152473761921224      -1.0618291889812818E-4   -1.0618139870811595E-4
0.029000000000000005     0.16154863396322283      0.16152473764556616      -1.0618281388545714E-4   -1.0618139767149775E-4
0.030000000000000002     0.16154863401647515      0.16152473767126793      -1.0618268172146604E-4   -1.0618139666061899E-4
0.031                    0.16154863406612724      0.16152473769353287      -1.0618252663296453E-4   -1.0618139578488449E-4
0.032                    0.16154863411238116      0.16152473771487924      -1.0618233947156541E-4   -1.0618139494529845E-4
0.033                    0.16154863415521228      0.16152473773505546      -1.0618212115584887E-4   -1.061813941517991E-4
0.03400000000000001      0.1615486341946192       0.16152473775425202      -1.0618186831601133E-4   -1.0618139339684305E-4
0.035                    0.16154863423062765      0.16152473777306162      -1.0618157587531726E-4   -1.0618139265709849E-4
0.036000000000000004     0.16154863426319735      0.1615247377911991       -1.0618124522067834E-4   -1.0618139194376662E-4
0.037                    0.16154863429218638      0.16152473780921278      -1.0618086399218844E-4   -1.0618139123533386E-4
0.038                    0.161548634317655        0.1615247378268613       -1.0618043761870977E-4   -1.0618139054124835E-4
0.039                    0.16154863433960556      0.1615247378441458       -1.0617996610079424E-4   -1.0618138986151004E-4
0.04                     0.1615486343580378       0.16152473786106641      -1.0617944943905115E-4   -1.06181389196119E-4
0.041                    0.16154863437278766      0.16152473787772745      -1.0617888285742113E-4   -1.0618138854087752E-4
0.042                    0.16154863438374653      0.1615247378942015       -1.0617826319807839E-4   -1.0618138789300896E-4
0.043000000000000003     0.16154863439105563      0.1615247379103962       -1.0617759456901694E-4   -1.061813872561233E-4
0.044                    0.1615486343947139       0.16152473792631034      -1.0617687697117411E-4   -1.0618138663022038E-4
0.045                    0.1615486343947244       0.16152473794194652      -1.0617611040555614E-4   -1.0618138601530026E-4
0.046                    0.161548634390666        0.1615247379574679       -1.0617528973352102E-4   -1.061813854048836E-4
0.04700000000000001      0.16154863438269437      0.16152473797281516      -1.0617441680049018E-4   -1.0618138480129497E-4
0.048                    0.16154863437088518      0.1615247379879579       -1.0617349259048362E-4   -1.0618138420577319E-4
0.049                    0.16154863435523975      0.16152473800289593      -1.0617251710485863E-4   -1.06181383618319E-4
0.05                     0.16154863433570196      0.16152473801764142      -1.0617149078561423E-4   -1.0618138303840645E-4
0.051000000000000004     0.1615486343118589       0.1615247380322897       -1.0617041672698293E-4   -1.0618138246235007E-4
0.052000000000000005     0.16154863428400537      0.16152473804677156      -1.0616929273346059E-4   -1.0618138189276813E-4
0.053                    0.16154863425213595      0.16152473806109158      -1.0616811880665516E-4   -1.0618138132966068E-4
0.054                    0.16154863421625534      0.1615247380752452       -1.0616689494824596E-4   -1.0618138077302763E-4
0.055                    0.16154863417619758      0.16152473808926215      -1.061656264965183E-4    -1.0618138022178909E-4
0.056                    0.16154863413183426      0.16152473810316073      -1.0616431756869243E-4   -1.0618137967511202E-4
0.057                    0.16154863408331713      0.16152473811692097      -1.0616296319515736E-4   -1.0618137913400245E-4
0.05800000000000001      0.1615486340306515       0.16152473813053878      -1.0616156337767596E-4   -1.0618137859846068E-4
0.059000000000000004     0.16154863397383656      0.16152473814401427      -1.0616011811807146E-4   -1.0618137806848656E-4
0.060000000000000005     0.16154863391267285      0.16152473815738458      -1.0615864143540805E-4   -1.0618137754266207E-4
0.061                    0.16154863384722462      0.1615247381706391       -1.0615712884603883E-4   -1.061813770214413E-4
0.062                    0.1615486337775356       0.1615247381837674       -1.0615557731231418E-4   -1.0618137650513109E-4
0.063                    0.16154863370360062      0.16152473819677143      -1.0615398683596552E-4   -1.0618137599373199E-4
0.064                    0.16154863362542302      0.16152473820965615      -1.0615236093663964E-4   -1.0618137548700357E-4
0.065                    0.1615486335429289       0.16152473822247362      -1.0615072970213069E-4   -1.0618137498289499E-4
0.066                    0.1615486334561703       0.16152473823519048      -1.0614907209753958E-4   -1.0618137448284022E-4
0.067                    0.16154863336513797      0.16152473824780142      -1.0614738812411954E-4   -1.0618137398683907E-4
0.06800000000000002      0.1615486332698397       0.1615247382603116       -1.0614567778314353E-4   -1.0618137349489184E-4
0.069                    0.16154863317027426      0.16152473827271666      -1.0614394107590422E-4   -1.0618137300699876E-4
0.07                     0.16154863306643621      0.1615247382850195       -1.0614217800371523E-4   -1.0618137252315926E-4
0.07100000000000001      0.16154863295833488      0.16152473829721983      -1.0614038856790831E-4   -1.0618137204337386E-4
0.07200000000000001      0.16154863284596493      0.161524738309317        -1.0613857276983656E-4   -1.0618137156764203E-4
0.073                    0.1615486327293244       0.16152473832131117      -1.0613673061087262E-4   -1.0618137109596414E-4
0.074                    0.16154863260864077      0.16152473833325218      -1.0613489694282149E-4   -1.0618137062634013E-4
0.075                    0.16154863248381104      0.1615247383451172       -1.061330552402198E-4    -1.0618137015971885E-4
0.076                    0.16154863235477168      0.1615247383568925       -1.0613119612561894E-4   -1.0618136969663784E-4
0.077                    0.16154863222151813      0.16152473836857711      -1.0612931959994731E-4   -1.0618136923709719E-4
0.078                    0.16154863208405515      0.16152473838017187      -1.0612742566414233E-4   -1.0618136878109697E-4
0.079                    0.16154863194238508      0.16152473839167697      -1.0612551431915038E-4   -1.0618136832863759E-4
0.08                     0.16154863179650159      0.16152473840309195      -1.0612358556592573E-4   -1.0618136787971826E-4
0.081                    0.1615486316464079       0.16152473841441709      -1.0612163940543208E-4   -1.0618136743433967E-4
0.082                    0.1615486314921053       0.1615247384256513       -1.0611967583864151E-4   -1.061813669925013E-4
0.08300000000000002      0.16154863133387778      0.16152473843682763      -1.0611771689018852E-4   -1.0618136655297862E-4
0.084                    0.16154863117192556      0.16152473844796736      -1.0611577812789714E-4   -1.0618136611490518E-4
0.085                    0.1615486310059007       0.16152473845903198      -1.0611383261165172E-4   -1.0618136567977947E-4
0.08600000000000001      0.16154863083580107      0.16152473847002136      -1.0611188034182982E-4   -1.0618136524760222E-4
0.08700000000000001      0.16154863066163064      0.16152473848093413      -1.0610992131881088E-4   -1.0618136481837252E-4
0.088                    0.16154863048338872      0.16152473849177462      -1.0610795554297505E-4   -1.0618136439209086E-4
0.089                    0.16154863030107156      0.1615247385025392       -1.0610598301470432E-4   -1.0618136396875708E-4
0.09                     0.1615486301146832       0.16152473851322866      -1.061040037343816E-4    -1.0618136354837141E-4
0.091                    0.1615486299242228       0.16152473852384225      -1.0610201770239192E-4   -1.0618136313093371E-4
0.092                    0.16154862972976308      0.16152473853438637      -1.0610002794081228E-4   -1.0618136271627274E-4
0.093                    0.1615486295322161       0.16152473854491392      -1.0609807245424143E-4   -1.0618136230223999E-4
0.09400000000000001      0.16154862933079941      0.16152473855537927      -1.0609611860562446E-4   -1.0618136189068066E-4
0.095                    0.1615486291255099       0.16152473856578126      -1.0609416639487145E-4   -1.061813614815949E-4
0.096                    0.1615486289163513       0.16152473857612037      -1.0609221582189211E-4   -1.061813610749826E-4
0.097                    0.16154862870332248      0.16152473858639704      -1.0609026688659614E-4   -1.0618136067084363E-4
0.098                    0.16154862848642082      0.1615247385966099       -1.0608831958889297E-4   -1.0618136026917802E-4
0.099                    0.16154862826565103      0.1615247386067605       -1.0608637392869314E-4   -1.0618135986998642E-4
0.1                      0.16154862804100958      0.16152473861684896      -1.0608442990590628E-4   -1.0618135947326792E-4
0.101                    0.16154862781249638      0.16152473862687322      -1.0608248752044291E-4   -1.0618135907902305E-4
0.10200000000000001      0.16154862758100585      0.16152473863686914      -1.0608056778611871E-4   -1.0618135868592287E-4
0.10300000000000001      0.16154862734618405      0.16152473864682168      -1.0607866241857692E-4   -1.0618135829449164E-4
0.10400000000000001      0.16154862710773907      0.16152473865672207      -1.060767644031222E-4    -1.0618135790517215E-4
0.10500000000000001      0.1615486268656615       0.16152473866656705      -1.0607487373935448E-4   -1.0618135751796501E-4
0.106                    0.1615486266199593       0.16152473867636075      -1.0607299042687728E-4   -1.0618135713286986E-4
0.107                    0.16154862637062659      0.1615247386860981       -1.0607111446529492E-4   -1.061813567498867E-4
0.108                    0.16154862611766718      0.16152473869578332      -1.0606924585421278E-4   -1.0618135636901568E-4
0.10900000000000001      0.16154862586107882      0.16152473870541273      -1.0606738459323875E-4   -1.0618135599025682E-4
0.11                     0.1615486256008656       0.16152473871499173      -1.0606553068198191E-4   -1.0618135561360956E-4
0.111                    0.16154862533751155      0.16152473872452683      -1.060636905978135E-4    -1.061813552385534E-4
0.112                    0.16154862507150156      0.16152473873403703      -1.060618707104569E-4    -1.0618135486457512E-4
0.113                    0.16154862480212306      0.16152473874350046      -1.0606006164913771E-4   -1.0618135449242906E-4
0.114                    0.16154862452938223      0.16152473875291692      -1.0605826341329482E-4   -1.0618135412211484E-4
0.115                    0.16154862425327304      0.16152473876228582      -1.0605647600237058E-4   -1.0618135375363285E-4
0.11600000000000002      0.1615486239738009       0.16152473877160864      -1.0605469941581197E-4   -1.0618135338698294E-4
0.117                    0.16154862369096618      0.16152473878088602      -1.060529336530685E-4    -1.0618135302216512E-4
0.11800000000000001      0.16154862340476125      0.1615247387901151       -1.0605117871359283E-4   -1.061813526591795E-4
0.11900000000000001      0.16154862311519183      0.1615247387992984       -1.0604943459684137E-4   -1.0618135229802564E-4
0.12000000000000001      0.16154862282233454      0.1615247388084363       -1.0604770165346917E-4   -1.0618135193864447E-4
0.121                    0.1615486225283821       0.16152473881757426      -1.0604599000926179E-4   -1.0618135157931139E-4
0.122                    0.16154862223151598      0.16152473882667323      -1.0604429126446252E-4   -1.0618135122145655E-4
0.12300000000000001      0.16154862193173522      0.16152473883573526      -1.0604260541844449E-4   -1.0618135086507974E-4
0.124                    0.16154862162903816      0.16152473884475863      -1.0604093247058448E-4   -1.0618135051018115E-4
0.125                    0.16154862132342665      0.1615247388537461       -1.0603927242026489E-4   -1.0618135015676101E-4
0.126                    0.16154862101490014      0.1615247388626951       -1.060376252668721E-4    -1.0618134980481876E-4
0.127                    0.1615486207034589       0.16152473887160587      -1.060359910097983E-4    -1.061813494543546E-4
0.128                    0.161548620389102        0.16152473888047983      -1.060343696484393E-4    -1.0618134910536872E-4
0.12900000000000003      0.16154862007183238      0.1615247388893167       -1.0603276118219665E-4   -1.0618134875786126E-4
0.13                     0.16154861975164725      0.1615247388981156       -1.0603116561047599E-4   -1.0618134841183175E-4
0.131                    0.16154861942854665      0.16152473890687613      -1.0602958293268803E-4   -1.0618134806728058E-4
0.132                    0.1615486191025314       0.16152473891560054      -1.0602801314824835E-4   -1.0618134772420744E-4
0.133                    0.16154861877360127      0.16152473892428632      -1.0602645625657701E-4   -1.061813473826125E-4
0.134                    0.16154861844175686      0.16152473893293495      -1.0602491225709881E-4   -1.0618134704249585E-4
0.135                    0.161548618106994        0.1615247389415453       -1.0602338114924396E-4   -1.0618134670385723E-4
0.13600000000000004      0.16154861776932167      0.1615247389501195       -1.0602186293244672E-4   -1.0618134636669713E-4
0.137                    0.16154861742873244      0.16152473895865396      -1.060203576061462E-4    -1.0618134603101488E-4
0.138                    0.16154861708523036      0.16152473896715272      -1.0601886516978683E-4   -1.061813456968108E-4
0.139                    0.1615486167398765       0.16152473897563285      -1.0601738557927775E-4   -1.0618134536330223E-4
0.14                     0.16154861639388313      0.16152473898411837      -1.0601591878502706E-4   -1.0618134502960719E-4
0.14100000000000001      0.16154861604529872      0.1615247389925728       -1.0601446486572243E-4   -1.0618134469715006E-4
0.14200000000000002      0.16154861569412823      0.16152473900099368      -1.0601302382082704E-4   -1.0618134436593108E-4
0.14300000000000002      0.16154861534036982      0.1615247390093848       -1.0601159564980973E-4   -1.0618134403595002E-4
0.14400000000000002      0.16154861498402429      0.16152473901774284      -1.0601018035214337E-4   -1.0618134370720684E-4
0.145                    0.16154861462509362      0.16152473902607167      -1.0600877792730586E-4   -1.0618134337970186E-4
0.146                    0.16154861426357248      0.1615247390343684       -1.0600738837477978E-4   -1.0618134305343476E-4
0.147                    0.16154861389946712      0.16152473904263187      -1.0600601169405248E-4   -1.0618134272840543E-4
0.148                    0.1615486135327736       0.1615247390508663       -1.060046478846162E-4    -1.0618134240461422E-4
0.149                    0.1615486131634928       0.16152473905906656      -1.0600329694596794E-4   -1.0618134208206106E-4
0.15                     0.1615486127916221       0.16152473906723877      -1.0600195887760926E-4   -1.0618134176074594E-4
0.15100000000000002      0.1615486124171682       0.16152473907537765      -1.0600063367904595E-4   -1.061813414406688E-4
0.152                    0.16154861204012477      0.16152473908348422      -1.0599932134979015E-4   -1.0618134112182942E-4
0.153                    0.16154861166049525      0.16152473909156         -1.0599802188935697E-4   -1.0618134080422823E-4
0.154                    0.16154861127827574      0.16152473909960402      -1.0599673529726739E-4   -1.0618134048786489E-4
0.155                    0.1615486108934727       0.16152473910761733      -1.059954615730468E-4    -1.0618134017273969E-4
0.156                    0.16154861050607902      0.1615247391155987       -1.0599420071622545E-4   -1.0618133985885226E-4
0.157                    0.1615486101161005       0.16152473912354923      -1.059929527263381E-4    -1.0618133954620314E-4
0.158                    0.16154860972617527      0.16152473913152568      -1.0599171275615241E-4   -1.0618133923245497E-4
0.159                    0.16154860933544332      0.1615247391395131       -1.0599048239152314E-4   -1.0618133891837322E-4
0.16                     0.1615486089425429       0.16152473914747698      -1.059892641202102E-4    -1.061813386051568E-4
0.161                    0.16154860854747582      0.16152473915541923      -1.0598805794179127E-4   -1.0618133829280603E-4
0.162                    0.16154860815024524      0.1615247391633394       -1.0598686385584837E-4   -1.0618133798132062E-4
0.163                    0.16154860775084587      0.1615247391712378       -1.0598568186196686E-4   -1.0618133767070088E-4
0.164                    0.1615486073492819       0.16152473917911372      -1.0598451195973756E-4   -1.0618133736094669E-4
0.165                    0.16154860694555245      0.16152473918696827      -1.059833541487549E-4    -1.0618133705205798E-4
0.16600000000000004      0.16154860653965494      0.16152473919480148      -1.0598220842861691E-4   -1.0618133674403509E-4
0.167                    0.16154860613159316      0.16152473920261196      -1.059810747989271E-4    -1.061813364368777E-4
0.168                    0.16154860572136426      0.16152473921040023      -1.0597995325929168E-4   -1.0618133613058547E-4
0.169                    0.16154860530896736      0.1615247392181662       -1.0597884380932247E-4   -1.0618133582515948E-4
0.17                     0.1615486048944079       0.16152473922591018      -1.0597774644863461E-4   -1.061813355205986E-4
0.171                    0.1615486044776805       0.16152473923363272      -1.0597666117684745E-4   -1.0618133521690361E-4
0.17200000000000001      0.161548604058786        0.16152473924133295      -1.0597558799358518E-4   -1.0618133491407402E-4
0.17300000000000004      0.1615486036377283       0.16152473924901148      -1.0597452689847559E-4   -1.0618133461211005E-4
0.17400000000000002      0.1615486032145033       0.1615247392566681       -1.0597347789115054E-4   -1.0618133431101155E-4
0.17500000000000002      0.1615486027891104       0.16152473926430286      -1.0597244097124653E-4   -1.0618133401077877E-4
0.176                    0.16154860236155422      0.16152473927191516      -1.0597141613840412E-4   -1.0618133371141155E-4
0.177                    0.1615486019354245       0.1615247392796333       -1.0597039045901045E-4   -1.06181333407871E-4
0.178                    0.16154860150767278      0.1615247392873478       -1.0596937491182964E-4   -1.0618133310443464E-4
0.179                    0.1615486010781409       0.16152473929505584      -1.0596837007273001E-4   -1.0618133280132696E-4
0.18                     0.16154860064682383      0.1615247393027551       -1.0596737594140309E-4   -1.06181332498548E-4
0.18100000000000002      0.16154860021372577      0.16152473931044597      -1.059663925175435E-4    -1.0618133219609744E-4
0.182                    0.1615485997788445       0.16152473931812747      -1.0596541980084947E-4   -1.0618133189397588E-4
0.183                    0.16154859934217533      0.16152473932580122      -1.0596445779102199E-4   -1.0618133159218255E-4
0.184                    0.1615485989037258       0.16152473933346775      -1.0596350648776567E-4   -1.06181331290718E-4
0.185                    0.16154859846349487      0.1615247393411232       -1.0596256589078828E-4   -1.0618133098958217E-4
0.186                    0.16154859802148225      0.16152473934877296      -1.0596163599980145E-4   -1.0618133068877483E-4
0.187                    0.16154859757768256      0.16152473935641298      -1.0596071681451891E-4   -1.0618133038829613E-4
0.18800000000000003      0.1615485971321032       0.1615247393640454       -1.05959808334659E-4     -1.0618133008814591E-4
0.189                    0.16154859668474036      0.16152473937167         -1.059589105599423E-4    -1.061813297883247E-4
0.19                     0.16154859623559228      0.16152473937928424      -1.0595802349009342E-4   -1.0618132948883191E-4
0.191                    0.16154859578466604      0.16152473938689255      -1.0595714712483947E-4   -1.0618132918966751E-4
0.192                    0.16154859533195312      0.1615247393944911       -1.0595628146391191E-4   -1.0618132889083185E-4
0.193                    0.16154859487745857      0.1615247394020814       -1.0595542650704455E-4   -1.0618132859232485E-4
0.194                    0.16154859442118003      0.16152473940966383      -1.0595458225397517E-4   -1.0618132829414676E-4
0.19500000000000003      0.16154859396392693      0.16152473941729165      -1.0595374478278036E-4   -1.0618132799415284E-4
0.196                    0.16154859350738254      0.1615247394250794       -1.0595290594485584E-4   -1.0618132768788866E-4
0.197                    0.16154859304938482      0.16152473943288007      -1.0595207622819634E-4   -1.0618132738108815E-4
0.198                    0.16154859258992502      0.16152473944069615      -1.0595125563258456E-4   -1.0618132707375123E-4
0.199                    0.16154859212901296      0.16152473944852327      -1.0595044415780575E-4   -1.0618132676587778E-4
0.2                      0.1615485916666417       0.16152473945636645      -1.0594964180364789E-4   -1.0618132645746834E-4
0.201                    0.16154859120281437      0.1615247394642214       -1.0594884856990085E-4   -1.0618132614852245E-4
0.202                    0.1615485907375318       0.1615247394720908       -1.0594806445635696E-4   -1.0618132583904E-4
0.20300000000000004      0.1615485902707902       0.16152473947997462      -1.059472894628112E-4    -1.0618132552902154E-4
0.20400000000000001      0.16154858980259576      0.16152473948787063      -1.0594652358906042E-4   -1.061813252184666E-4
0.20500000000000002      0.16154858933294175      0.16152473949578192      -1.0594576683490473E-4   -1.061813249073755E-4
0.20600000000000002      0.16154858886183335      0.16152473950370583      -1.0594501920014583E-4   -1.0618132459574794E-4
0.20700000000000002      0.16154858838926817      0.16152473951164387      -1.059442806845882E-4    -1.061813242835841E-4
0.20800000000000002      0.16154858791524532      0.16152473951959495      -1.059435512880386E-4    -1.0618132397088382E-4
0.209                    0.161548587439764        0.1615247395275595       -1.0594283101030618E-4   -1.0618132365764732E-4
0.21000000000000002      0.16154858696283092      0.1615247395355395       -1.0594211985120205E-4   -1.0618132334387437E-4
0.211                    0.1615485864844391       0.1615247395435305       -1.0594141781054088E-4   -1.0618132302956542E-4
0.212                    0.16154858600458857      0.16152473955153668      -1.059407248881386E-4    -1.0618132271471989E-4
0.213                    0.1615485855232861       0.16152473955955637      -1.0594004108381351E-4   -1.0618132239933803E-4
0.214                    0.16154858504201156      0.1615247395677841       -1.059393581593863E-4    -1.0618132207572817E-4
0.215                    0.16154858456063237      0.1615247395762046       -1.0593867690489057E-4   -1.0618132174462825E-4
0.216                    0.1615485840780673       0.16152473958467226      -1.0593800326203203E-4   -1.0618132141158564E-4
0.21700000000000003      0.1615485835943171       0.16152473959318983      -1.0593733723066395E-4   -1.0618132107660061E-4
0.21800000000000003      0.16154858310938622      0.16152473960175795      -1.0593667881064005E-4   -1.0618132073967308E-4
0.219                    0.16154858262326738      0.1615247396103744       -1.059360280018171E-4    -1.061813204008025E-4
0.22                     0.16154858213596587      0.16152473961904001      -1.0593538480405305E-4   -1.0618132005998988E-4
0.221                    0.1615485816474794       0.1615247396277561       -1.0593474921720696E-4   -1.0618131971723471E-4
0.222                    0.1615485811578113       0.16152473963652172      -1.0593412124114045E-4   -1.0618131937253679E-4
0.223                    0.16154858066695846      0.1615247396453362       -1.0593350087571602E-4   -1.0618131902589644E-4
0.224                    0.16154858017491833      0.1615247396541989       -1.0593288812079823E-4   -1.0618131867731334E-4
0.22500000000000003      0.16154857968169611      0.16152473966311293      -1.0593228297625337E-4   -1.0618131832678772E-4
0.226                    0.16154857918728893      0.16152473967207523      -1.0593168544194933E-4   -1.0618131797431992E-4
0.227                    0.16154857869169859      0.16152473968108744      -1.0593109551775564E-4   -1.0618131761990918E-4
0.228                    0.16154857819492457      0.1615247396901486       -1.0593051320354299E-4   -1.0618131726355605E-4
0.229                    0.1615485776969675       0.1615247396992597       -1.0592993849918473E-4   -1.0618131690526038E-4
0.23                     0.1615485771978242       0.16152473970842002      -1.0592937140455512E-4   -1.06181316545022E-4
0.231                    0.16154857669749773      0.16152473971762898      -1.0592881191953019E-4   -1.061813161828409E-4
0.23200000000000004      0.16154857619598942      0.1615247397268874       -1.0592826004398809E-4   -1.0618131581871759E-4
0.233                    0.1615485756962648       0.16152473973728326      -1.0592769844464375E-4   -1.0618131540991575E-4
0.234                    0.16154857519610916      0.16152473974800288      -1.05927140064238E-4     -1.0618131498834615E-4
0.23500000000000001      0.1615485746951179       0.16152473975890014      -1.0592658726695387E-4   -1.06181314559838E-4
0.23600000000000002      0.16154857419328825      0.16152473976997309      -1.0592604005270334E-4   -1.0618131412439169E-4
0.23700000000000002      0.16154857369062592      0.1615247397812227       -1.0592549842139805E-4   -1.0618131368200713E-4
0.23800000000000002      0.16154857318712326      0.1615247397926483       -1.0592496237295201E-4   -1.0618131323268387E-4
0.23900000000000005      0.16154857268278555      0.16152473980425144      -1.0592443190727872E-4   -1.0618131277642236E-4
0.24000000000000002      0.16154857217761048      0.16152473981603077      -1.0592390702429327E-4   -1.0618131231322252E-4
0.241                    0.1615485716715963       0.16152473982798515      -1.059233877239119E-4    -1.0618131184308403E-4
0.242                    0.16154857116474802      0.1615247398401167       -1.0592287400605098E-4   -1.0618131136600751E-4
0.243                    0.16154857065706357      0.1615247398524255       -1.059223658706284E-4    -1.0618131088199227E-4
0.244                    0.1615485701485418       0.16152473986490978      -1.0592186331756268E-4   -1.0618131039103868E-4
0.245                    0.1615485696391831       0.16152473987757154      -1.0592136634677325E-4   -1.0618130989314696E-4
0.24600000000000002      0.16154856912898483      0.16152473989040994      -1.0592087495818089E-4   -1.0618130938831657E-4
0.247                    0.16154856861795514      0.16152473990342286      -1.059203891517064E-4    -1.0618130887654784E-4
0.248                    0.16154856810608528      0.16152473991661342      -1.0591990892727211E-4   -1.0618130835784073E-4
0.24899999999999997      0.1615485675933785       0.1615247399299816       -1.0591943428480084E-4   -1.0618130783219541E-4
0.25                     0.16154856707983672      0.1615247399435249       -1.0591896522421703E-4   -1.0618130729961157E-4
0.25100000000000006      0.16154856656545896      0.16152473995724456      -1.0591850174544535E-4   -1.061813067600892E-4
0.252                    0.16154856605024293      0.16152473997114206      -1.0591804384841102E-4   -1.061813062136286E-4
0.253                    0.1615485655341888       0.16152473998521416      -1.0591759153304153E-4   -1.0618130566022939E-4
0.254                    0.16154856501730028      0.1615247399994635       -1.0591714479926378E-4   -1.06181305099892E-4
0.255                    0.1615485644995747       0.16152474001388947      -1.0591670364700634E-4   -1.0618130453261628E-4
0.256                    0.16154856398101047      0.161524740028492        -1.0591626807619878E-4   -1.0618130395840207E-4
0.257                    0.16154856346161178      0.16152474004327178      -1.0591583808677093E-4   -1.0618130337724947E-4
0.25800000000000006      0.1615485629413758       0.1615247400582269       -1.0591541367865407E-4   -1.061813027891584E-4
0.259                    0.1615485624203017       0.16152474007335818      -1.0591499485178024E-4   -1.0618130219412895E-4
0.26                     0.1615485618983931       0.16152474008866707      -1.0591458160608246E-4   -1.0618130159216092E-4
0.261                    0.16154856137564455      0.16152474010415183      -1.0591417394149423E-4   -1.0618130098325503E-4
0.262                    0.16154856085206387      0.1615247401198127       -1.0591377185795022E-4   -1.0618130036741037E-4
0.263                    0.16154856032764328      0.16152474013565069      -1.0591337535538653E-4   -1.0618129974462728E-4
0.264                    0.1615485598023857       0.1615247401516647       -1.0591298443373918E-4   -1.0618129911490589E-4
0.26500000000000007      0.16154855927629225      0.16152474016785479      -1.0591259909294566E-4   -1.0618129847824617E-4
0.266                    0.16154855874936386      0.161524740184222        -1.0591221933294413E-4   -1.0618129783464801E-4
0.267                    0.16154855822159642      0.16152474020076651      -1.0591184515367355E-4   -1.0618129718411153E-4
0.268                    0.16154855769299029      0.1615247402174863       -1.0591147655507449E-4   -1.0618129652663634E-4
0.269                    0.16154855716355074      0.1615247402343823       -1.0591111353708752E-4   -1.0618129586222333E-4
0.27                     0.1615485566351146       0.16152474025291838      -1.0591074534024564E-4   -1.0618129513329792E-4
0.271                    0.16154855610792518      0.1615247402732914       -1.0591037052688079E-4   -1.0618129433216661E-4
0.2720000000000001       0.1615485555801031       0.16152474029399747      -1.0591000012767212E-4   -1.0618129351785533E-4
0.273                    0.16154855505164098      0.1615247403150404       -1.0590963414257258E-4   -1.0618129269036385E-4
0.274                    0.1615485545225405       0.1615247403364185       -1.0590927257153517E-4   -1.0618129184969241E-4
0.275                    0.1615485539928068       0.16152474035813064      -1.0590891541451515E-4   -1.061812909958407E-4
0.276                    0.1615485534624323       0.16152474038017794      -1.059085626714663E-4    -1.0618129012880913E-4
0.277                    0.16154855293142162      0.161524740402562        -1.0590821434234458E-4   -1.0618128924859733E-4
0.278                    0.16154855239977317      0.16152474042527926      -1.0590787042710552E-4   -1.0618128835520528E-4
0.279                    0.16154855186748684      0.1615247404483328       -1.059075309257056E-4    -1.0618128744863353E-4
0.28                     0.16154855133456594      0.16152474047172058      -1.0590719583810185E-4   -1.0618128652888138E-4
0.281                    0.16154855080100797      0.16152474049544374      -1.0590686516425191E-4   -1.061812855959493E-4
0.28200000000000003      0.16154855026680823      0.16152474051950194      -1.059065389041136E-4    -1.0618128464983711E-4
0.28300000000000003      0.16154854973197347      0.16152474054389632      -1.05906217057646E-4     -1.0618128369054479E-4
0.28400000000000003      0.1615485491965024       0.16152474056862418      -1.059058996248076E-4    -1.061812827180726E-4
0.28500000000000003      0.16154854866039542      0.16152474059368857      -1.0590558660555888E-4   -1.0618128173242003E-4
0.28600000000000003      0.1615485481236486       0.16152474061908764      -1.0590527799985966E-4   -1.0618128073358737E-4
0.28700000000000003      0.16154854758626705      0.16152474064482242      -1.0590497380767147E-4   -1.0618127972157491E-4
0.28800000000000003      0.1615485470482466       0.16152474067089165      -1.0590467402895497E-4   -1.0618127869638202E-4
0.289                    0.16154854650958916      0.16152474069729564      -1.0590437866367287E-4   -1.0618127765800927E-4
0.29                     0.16154854597029458      0.16152474072403475      -1.0590408771178736E-4   -1.0618127660645624E-4
0.291                    0.16154854543036165      0.16152474075110987      -1.059038011732617E-4    -1.0618127554172323E-4
0.292                    0.1615485448897919       0.16152474077851994      -1.0590351904805958E-4   -1.0618127446381023E-4
0.293                    0.16154854434858648      0.16152474080626447      -1.059032413361452E-4    -1.0618127337271711E-4
0.294                    0.1615485438067424       0.16152474083434412      -1.0590296803748328E-4   -1.0618127226844399E-4
0.29500000000000004      0.1615485432642625       0.16152474086276006      -1.0590269915203952E-4   -1.0618127115099055E-4
0.296                    0.16154854272114333      0.16152474089150926      -1.0590243467977932E-4   -1.0618127002035723E-4
0.297                    0.16154854217738765      0.16152474092059466      -1.0590217462066983E-4   -1.0618126887654357E-4
0.298                    0.1615485416329956       0.1615247409500161       -1.0590191897467757E-4   -1.0618126771955007E-4
0.299                    0.16154854108796524      0.16152474097977176      -1.0590166774177023E-4   -1.061812665493764E-4
0.3                      0.1615485405422999       0.16152474100986147      -1.0590142092191602E-4   -1.0618126536602263E-4
0.301                    0.16154853999599544      0.16152474104028797      -1.0590117851508387E-4   -1.0618126416948874E-4
0.30200000000000005      0.1615485394490536       0.1615247410710493       -1.0590094052124281E-4   -1.0618126295977508E-4
0.303                    0.16154853890147525      0.16152474110214618      -1.0590070694036268E-4   -1.0618126173688095E-4
0.304                    0.16154853835325825      0.16152474113357695      -1.0590047777241423E-4   -1.0618126050080697E-4
0.305                    0.16154853780440587      0.16152474116534346      -1.059002530173681E-4    -1.0618125925155286E-4
0.306                    0.16154853725491644      0.16152474119744464      -1.0590003267519592E-4   -1.0618125798911875E-4
0.307                    0.16154853670520855      0.1615247412303978       -1.0589981432740418E-4   -1.0618125669321138E-4
0.308                    0.16154853615876794      0.16152474126848962      -1.0589957788114579E-4   -1.0618125519523786E-4
0.30900000000000005      0.16154853561191782      0.16152474130719205      -1.0589934455565298E-4   -1.0618125367324221E-4
0.31                     0.16154853506465475      0.16152474134650446      -1.0589911435090456E-4   -1.0618125212722461E-4
0.311                    0.16154853451697582      0.1615247413864278       -1.0589888726687986E-4   -1.0618125055718495E-4
0.312                    0.16154853396888594      0.16152474142696285      -1.0589866330355886E-4   -1.0618124896312321E-4
0.313                    0.16154853342038455      0.16152474146810844      -1.0589844246092115E-4   -1.0618124734503945E-4
0.314                    0.161548532871468        0.16152474150986543      -1.0589822473894719E-4   -1.0618124570293366E-4
0.315                    0.16154853232213776      0.16152474155223204      -1.058980101376172E-4    -1.0618124403680585E-4
0.316                    0.16154853177239567      0.16152474159521119      -1.0589779865691222E-4   -1.0618124234665599E-4
0.317                    0.16154853122224086      0.16152474163880012      -1.0589759029681309E-4   -1.0618124063248427E-4
0.318                    0.16154853067167102      0.161524741682998        -1.0589738505730115E-4   -1.0618123889429027E-4
0.319                    0.16154853012069112      0.16152474172781145      -1.0589718293835813E-4   -1.0618123713207434E-4
0.32                     0.16154852956929833      0.16152474177323203      -1.0589698393996593E-4   -1.0618123534583632E-4
0.321                    0.16154852901749045      0.1615247418192644       -1.0589678806210677E-4   -1.0618123353557631E-4
0.322                    0.16154852846527085      0.1615247418659076       -1.0589659530476289E-4   -1.0618123170129421E-4
0.323                    0.16154852791263813      0.16152474191316127      -1.0589640566791719E-4   -1.0618122984299021E-4
0.324                    0.16154852735959166      0.16152474196102645      -1.0589621915155242E-4   -1.0618122796066417E-4
0.32500000000000007      0.16154852680613463      0.1615247420095015       -1.0589603575565221E-4   -1.0618122605431624E-4
0.326                    0.1615485262522607       0.16152474205858888      -1.0589585548020007E-4   -1.0618122412394583E-4
0.327                    0.16154852569797434      0.1615247421082865       -1.0589567832517964E-4   -1.0618122216955382E-4
0.328                    0.16154852514327808      0.1615247421585947       -1.0589550429057517E-4   -1.0618122019113967E-4
0.329                    0.1615485245881649       0.16152474220951354      -1.0589533337637097E-4   -1.0618121818870356E-4
0.33                     0.16154852403264294      0.16152474226104427      -1.058951655825518E-4    -1.0618121616224516E-4
0.331                    0.16154852347670637      0.1615247423131851       -1.058950009091026E-4    -1.0618121411176511E-4
0.3320000000000001       0.16154852292035468      0.16152474236593595      -1.0589483935600871E-4   -1.0618121203726308E-4
0.333                    0.1615485223635938       0.1615247424192991       -1.058946809232559E-4    -1.0618120993873883E-4
0.334                    0.16154852180641754      0.16152474247327311      -1.0589452561082919E-4   -1.0618120781619247E-4
0.335                    0.1615485212488303       0.16152474252785656      -1.0589437341871534E-4   -1.0618120566962434E-4
0.336                    0.16154852069082787      0.1615247425830518       -1.0589422434690038E-4   -1.0618120349903402E-4
0.337                    0.16154852013241341      0.16152474263885877      -1.0589407839537128E-4   -1.0618120130442164E-4
0.338                    0.16154851957358643      0.16152474269527425      -1.0589393556411482E-4   -1.0618119908578755E-4
0.3390000000000001       0.16154851901434364      0.1615247427523023       -1.0589379585311805E-4   -1.0618119684313129E-4
0.34                     0.1615485184546901       0.1615247428099407       -1.0589365926236834E-4   -1.0618119457645299E-4
0.341                    0.16154851789462474      0.16152474286818994      -1.05893525791854E-4     -1.0618119228575289E-4
0.342                    0.16154851733414327      0.16152474292705102      -1.058933954415623E-4    -1.061811899710305E-4
0.343                    0.16154851677325177      0.16152474298652178      -1.0589326821148203E-4   -1.0618118763228623E-4
0.34400000000000003      0.1615485162119439       0.1615247430466036       -1.0589314410160207E-4   -1.0618118526952027E-4
0.34500000000000003      0.1615485156525382       0.16152474311192114      -1.05893010029909E-4     -1.0618118270080707E-4
0.3460000000000001       0.16154851509379542      0.1615247431800072       -1.0589287297779867E-4   -1.0618118002323378E-4
0.34700000000000003      0.16154851453480717      0.1615247432490452       -1.0589273808225475E-4   -1.0618117730823719E-4
0.34800000000000003      0.16154851397557926      0.161524743319034        -1.0589260534326817E-4   -1.0618117455581775E-4
0.34900000000000003      0.1615485134161084       0.16152474338997522      -1.0589247476083067E-4   -1.0618117176597546E-4
0.35000000000000003      0.16154851285639574      0.1615247434618661       -1.0589234633493497E-4   -1.061811689387101E-4
0.35100000000000003      0.16154851229643594      0.16152474353471005      -1.058922200655725E-4    -1.061811660740217E-4
0.352                    0.16154851173623863      0.1615247436085059       -1.0589209595273563E-4   -1.0618116317191034E-4
0.353                    0.16154851117579377      0.1615247436832535       -1.058919739964166E-4    -1.0618116023237616E-4
0.354                    0.16154851061510928      0.16152474375895007      -1.0589185419660788E-4   -1.0618115725541907E-4
0.355                    0.16154851005418044      0.1615247438356015       -1.0589173655330201E-4   -1.0618115424103911E-4
0.356                    0.16154850949300786      0.16152474391320226      -1.0589162106649185E-4   -1.0618115118923602E-4
0.357                    0.16154850893159534      0.16152474399175662      -1.0589150773616993E-4   -1.0618114810001006E-4
0.358                    0.16154850836994158      0.16152474407125983      -1.0589139656232965E-4   -1.0618114497336115E-4
0.359                    0.16154850780804145      0.16152474415171686      -1.0589128754496385E-4   -1.0618114180928939E-4
0.36                     0.161548507245898        0.16152474423312485      -1.0589118068406578E-4   -1.0618113860779468E-4
0.361                    0.1615485066835145       0.16152474431548364      -1.0589107597962901E-4   -1.0618113536887703E-4
0.36200000000000004      0.1615485061208866       0.16152474439879388      -1.0589097343164703E-4   -1.0618113209253613E-4
0.363                    0.16154850555801617      0.16152474448305731      -1.0589087304011301E-4   -1.0618112877877278E-4
0.364                    0.16154850499490195      0.16152474456827165      -1.0589077480502147E-4   -1.0618112542758637E-4
0.365                    0.1615485044315485       0.16152474465443714      -1.0589067872636587E-4   -1.061811220389772E-4
0.366                    0.16154850386794967      0.1615247447415537       -1.0589058480414015E-4   -1.0618111861294492E-4
0.367                    0.16154850330410733      0.16152474482962356      -1.0589049303833895E-4   -1.061811151494898E-4
0.368                    0.1615485027400243       0.16152474491864333      -1.0589040342895622E-4   -1.0618111164861172E-4
0.36900000000000005      0.16154850217569713      0.16152474500861552      -1.0589031597598644E-4   -1.061811081103109E-4
0.37                     0.16154850161112774      0.16152474509953862      -1.0589023067942458E-4   -1.0618110453458718E-4
0.371                    0.1615485010463156       0.16152474519141366      -1.0589014753926481E-4   -1.0618110092144039E-4
0.372                    0.16154850048126024      0.16152474528423968      -1.0589006655550239E-4   -1.0618109727087112E-4
0.373                    0.16154849991596354      0.16152474537801892      -1.0588998772813212E-4   -1.0618109358287865E-4
0.374                    0.1615484993504213       0.1615247454727487       -1.0588991105714932E-4   -1.0618108985746325E-4
0.375                    0.1615484987846374       0.16152474556842897      -1.0588983654254863E-4   -1.0618108609462533E-4
0.37600000000000006      0.1615484982186114       0.161524745665062        -1.0588976418432621E-4   -1.061810822943641E-4
0.377                    0.16154849765234422      0.16152474576264636      -1.0588969398247701E-4   -1.0618107845668022E-4
0.378                    0.16154849708583083      0.16152474586118215      -1.0588962593699721E-4   -1.061810745815734E-4
0.379                    0.16154849651907863      0.1615247459606701       -1.0588956004788218E-4   -1.0618107066904382E-4
0.38                     0.16154849595207946      0.1615247460611085       -1.058894963151278E-4    -1.0618106671909152E-4
0.381                    0.16154849538483987      0.16152474616249923      -1.0588943473873079E-4   -1.0618106273171627E-4
0.382                    0.16154849481808542      0.161524746267077        -1.058893712672967E-4    -1.0618105861897753E-4
0.38300000000000006      0.16154849425268145      0.16152474637748512      -1.0588930111536645E-4   -1.0618105427700058E-4
0.384                    0.16154849368715157      0.16152474648920784      -1.0588923245950599E-4   -1.0618104988326856E-4
0.385                    0.1615484931214996       0.16152474660224822      -1.058891652997128E-4    -1.0618104543778109E-4
0.386                    0.16154849255572196      0.161524746716602        -1.0588909963598339E-4   -1.0618104094053841E-4
0.387                    0.16154849198982418      0.16152474683227402      -1.0588903546831537E-4   -1.0618103639154041E-4
0.388                    0.1615484914237979       0.1615247469492626       -1.0588897279670559E-4   -1.0618103179078727E-4
0.389                    0.16154849085764922      0.16152474706756506      -1.0588891162115168E-4   -1.0618102713827883E-4
0.39000000000000007      0.16154849029137874      0.1615247471871856       -1.0588885194165101E-4   -1.0618102243401502E-4
0.391                    0.1615484897249804       0.16152474730812044      -1.0588879375820085E-4   -1.0618101767799606E-4
0.392                    0.16154848915846265      0.16152474743037165      -1.058887370707986E-4    -1.0618101287022194E-4
0.393                    0.1615484885918173       0.16152474755393947      -1.0588868187944215E-4   -1.0618100801069232E-4
0.394                    0.16154848802505073      0.1615247476788231       -1.0588862818412913E-4   -1.0618100309940771E-4
0.395                    0.16154848745816003      0.16152474780502202      -1.0588857598485679E-4   -1.0618099813636801E-4
0.396                    0.16154848689114212      0.1615247479325379       -1.0588852528162317E-4   -1.0618099312157273E-4
0.3970000000000001       0.1615484863240036       0.16152474806136896      -1.0588847607442631E-4   -1.0618098805502255E-4
0.398                    0.16154848575673944      0.16152474819151696      -1.0588842836326364E-4   -1.0618098293671704E-4
0.399                    0.16154848518935222      0.16152474832298058      -1.0588838214813368E-4   -1.0618097776665649E-4
0.4                      0.16154848462184265      0.1615247484557598       -1.0588833742903382E-4   -1.0618097254484055E-4
0.401                    0.16154848405420774      0.1615247485898552       -1.0588829420596253E-4   -1.0618096727126955E-4
0.402                    0.16154848348644807      0.1615247487252661       -1.0588825247891767E-4   -1.0618096194594338E-4
0.403                    0.16154848291856613      0.1615247488619943       -1.0588821224789818E-4   -1.0618095656886207E-4
0.404                    0.16154848235055874      0.1615247490000376       -1.0588817351290127E-4   -1.0618095114002582E-4
0.405                    0.16154848178243003      0.1615247491393978       -1.0588813627392587E-4   -1.0618094565943387E-4
0.4060000000000001       0.16154848121417642      0.16152474928007288      -1.058881005309706E-4    -1.0618094012708743E-4
0.40700000000000003      0.16154848064579716      0.1615247494220641       -1.0588806628403315E-4   -1.0618093454298556E-4
0.40800000000000003      0.16154848007729425      0.1615247495653713       -1.0588803353311278E-4   -1.0618092890712848E-4
0.40900000000000003      0.1615484795086693       0.16152474970999592      -1.0588800227820804E-4   -1.0618092321951652E-4
0.41000000000000003      0.16154847893991892      0.16152474985593476      -1.0588797251931701E-4   -1.0618091748014945E-4
0.41100000000000003      0.1615484783710463       0.16152475000319053      -1.0588794425643907E-4   -1.0618091168902706E-4
0.41200000000000003      0.16154847780204742      0.1615247501517622       -1.0588791748957215E-4   -1.061809058461498E-4
0.4130000000000001       0.1615484772329284       0.16152475030164956      -1.0588789221871622E-4   -1.0618089995151743E-4
0.41400000000000003      0.1615484766636807       0.16152475045285414      -1.0588786844386963E-4   -1.0618089400513002E-4
0.41500000000000004      0.1615484760943107       0.16152475060537322      -1.0588784616503111E-4   -1.0618088800698749E-4
0.41600000000000004      0.1615484755248187       0.1615247507592099       -1.0588782538219994E-4   -1.0618088195708979E-4
0.417                    0.1615484749552037       0.1615247509143604       -1.0588780609537515E-4   -1.0618087585543739E-4
0.418                    0.16154847438546227      0.1615247510708284       -1.058877883045564E-4    -1.0618086970202987E-4
0.419                    0.16154847381559825      0.1615247512286119       -1.0588777200974209E-4   -1.0618086349686707E-4
0.42000000000000004      0.1615484732470707       0.1615247513938855       -1.0588774916367963E-4   -1.0618085699716242E-4
0.421                    0.16154847267859118      0.16152475156121376      -1.0588772684943448E-4   -1.0618085041661297E-4
0.422                    0.16154847211007278      0.16152475173020273      -1.0588770558357289E-4   -1.0618084377080385E-4
0.423                    0.16154847154150984      0.16152475190085025      -1.0588768536609356E-4   -1.0618083705973484E-4
0.424                    0.1615484709729064       0.16152475207315764      -1.0588766619699641E-4   -1.0618083028340606E-4
0.425                    0.1615484704042579       0.16152475224712348      -1.0588764807628057E-4   -1.0618082344181761E-4
0.426                    0.16154846983556853      0.16152475242275005      -1.0588763100394548E-4   -1.0618081653496932E-4
0.42700000000000005      0.16154846926683622      0.16152475260003538      -1.0588761497999072E-4   -1.0618080956286134E-4
0.428                    0.16154846869805986      0.16152475277897976      -1.0588760000441579E-4   -1.061808025254936E-4
0.429                    0.16154846812924037      0.16152475295958438      -1.0588758607722019E-4   -1.061807954228661E-4
0.43                     0.16154846756038005      0.16152475314184764      -1.0588757319840355E-4   -1.0618078825497895E-4
0.431                    0.16154846699147857      0.16152475332577101      -1.0588756136796547E-4   -1.0618078102183201E-4
0.432                    0.16154846642253093      0.16152475351135306      -1.0588755058590547E-4   -1.0618077372342554E-4
0.433                    0.16154846585354268      0.16152475369859592      -1.0588754085222344E-4   -1.0618076635975936E-4
0.43400000000000005      0.16154846528451075      0.16152475388749618      -1.0588753216691901E-4   -1.0618075893083356E-4
0.435                    0.16154846471543724      0.16152475407805672      -1.0588752452999193E-4   -1.061807514366479E-4
0.43600000000000005      0.16154846414632285      0.16152475427027654      -1.0588751794144174E-4   -1.061807438772029E-4
0.437                    0.16154846357716257      0.1615247544641558       -1.0588751240126878E-4   -1.061807362524981E-4
0.438                    0.16154846300796188      0.16152475465969476      -1.0588750790947243E-4   -1.0618072856253382E-4
0.439                    0.1615484624387161       0.16152475485689294      -1.0588750446605257E-4   -1.061807208073099E-4
0.44                     0.16154846186942767      0.16152475505575106      -1.0588750207100932E-4   -1.0618071298682655E-4
0.441                    0.16154846130010003      0.16152475525626672      -1.0588750072434234E-4   -1.0618070510108336E-4
0.442                    0.16154846073072665      0.16152475545844355      -1.058875004260517E-4    -1.0618069715008094E-4
0.44300000000000006      0.16154846016131105      0.16152475566228042      -1.058875011761377E-4    -1.0618068913381887E-4
0.444                    0.16154845959185513      0.16152475586777423      -1.0588750297459983E-4   -1.0618068105229724E-4
0.445                    0.16154845902235476      0.16152475607492986      -1.0588750582143855E-4   -1.0618067290551621E-4
0.446                    0.16154845845281202      0.16152475628374466      -1.0588750971665361E-4   -1.0618066469347569E-4
0.447                    0.16154845788322594      0.16152475649421666      -1.058875146602454E-4    -1.0618065641617564E-4
0.448                    0.16154845731359874      0.16152475670634944      -1.0588752065221412E-4   -1.0618064807361625E-4
0.449                    0.1615484567439286       0.1615247569201425       -1.058875276925597E-4    -1.0618063966579736E-4
0.45000000000000007      0.16154845617421462      0.16152475713559367      -1.0588753578128243E-4   -1.061806311927189E-4
0.451                    0.16154845560445757      0.16152475735270563      -1.0588754491838256E-4   -1.0618062265438125E-4
0.452                    0.1615484550346599       0.16152475757147558      -1.0588755510386053E-4   -1.061806140507843E-4
0.453                    0.1615484544648186       0.1615247577919063       -1.0588756633771636E-4   -1.0618060538192795E-4
0.454                    0.161548453894936        0.16152475801399463      -1.0588757861995074E-4   -1.0618059664781197E-4
0.455                    0.16154845332500725      0.1615247582377445       -1.0588759195056364E-4   -1.0618058784843724E-4
0.456                    0.16154845275504023      0.16152475846315206      -1.0588760632955594E-4   -1.0618057898380253E-4
0.4570000000000001       0.16154845218582886      0.1615247586942449       -1.058876171727475E-4    -1.0618056989563069E-4
0.458                    0.1615484516172876       0.16152475893057847      -1.0588762498758795E-4   -1.0618056060144209E-4
0.459                    0.1615484510487818       0.16152475916895698      -1.0588763341215825E-4   -1.0618055122684923E-4
0.46                     0.16154845048030708      0.1615247594093802       -1.0588764244645903E-4   -1.0618054177185164E-4
0.461                    0.16154844991186718      0.1615247596518469       -1.0588765209049007E-4   -1.0618053223644984E-4
0.462                    0.16154844934346319      0.16152475989635945      -1.0588766234425168E-4   -1.0618052262064364E-4
0.463                    0.1615484487750927       0.16152476014291564      -1.0588767320774371E-4   -1.0618051292443297E-4
0.4640000000000001       0.16154844820675532      0.16152476039151747      -1.0588768468096707E-4   -1.0618050314781809E-4
0.465                    0.16154844763845225      0.16152476064216403      -1.0588769676392132E-4   -1.0618049329079901E-4
0.466                    0.16154844707018362      0.16152476089485443      -1.058877094566071E-4    -1.0618048335337546E-4
0.467                    0.1615484465019505       0.16152476114958916      -1.058877227590243E-4    -1.0618047333554778E-4
0.468                    0.1615484459337464       0.16152476140636876      -1.0588773667117317E-4   -1.0618046323731564E-4
0.46900000000000003      0.16154844536558113      0.16152476166519364      -1.0588775119305418E-4   -1.061804530586795E-4
0.47000000000000003      0.16154844479744823      0.16152476192606371      -1.0588776632466734E-4   -1.0618044279963912E-4
0.4710000000000001       0.16154844422935058      0.16152476218897677      -1.0588778206601318E-4   -1.0618043246019442E-4
0.47200000000000003      0.16154844366128415      0.16152476245393455      -1.0588779841709188E-4   -1.061804220403459E-4
0.47300000000000003      0.16154844309325422      0.16152476272093835      -1.058878153779038E-4    -1.0618041154009295E-4
0.47400000000000003      0.16154844252525868      0.16152476298998605      -1.0588783294844897E-4   -1.0618040095943615E-4
0.47500000000000003      0.1615484419572946       0.16152476326107817      -1.0588785112872774E-4   -1.061803902983754E-4
0.47600000000000003      0.1615484413893658       0.1615247635342168       -1.0588786991874068E-4   -1.0618037955691018E-4
0.47700000000000004      0.1615484408214716       0.1615247638093976       -1.0588788931848787E-4   -1.0618036873504124E-4
0.4780000000000001       0.16154844025360945      0.16152476408662375      -1.0588790932796996E-4   -1.0618035783276818E-4
0.47900000000000004      0.16154843968578333      0.16152476436589508      -1.0588792994718698E-4   -1.0618034685009132E-4
0.48000000000000004      0.16154843911799074      0.16152476464721158      -1.0588795117613944E-4   -1.0618033578701048E-4
0.481                    0.1615484385502321       0.16152476493057158      -1.0588797301482759E-4   -1.0618032464352557E-4
0.482                    0.16154843798250637      0.1615247652159767       -1.0588799546325214E-4   -1.0618031341963667E-4
0.483                    0.16154843741481684      0.1615247655034263       -1.0588801852141299E-4   -1.0618030211534426E-4
0.484                    0.1615484368471594       0.16152476579292085      -1.0588804218931098E-4   -1.0618029073064774E-4
0.485                    0.16154843627953847      0.1615247660844594       -1.0588806646694612E-4   -1.0618027926554751E-4
0.486                    0.16154843571194863      0.16152476637804275      -1.0588809135431932E-4   -1.0618026772004347E-4
0.48700000000000004      0.16154843514439415      0.1615247666736721       -1.0588811685143073E-4   -1.0618025609413565E-4
0.488                    0.16154843457687468      0.16152476697134457      -1.0588814295828059E-4   -1.0618024438782404E-4
0.48899999999999993      0.16154843400938937      0.16152476727106208      -1.0588816967486986E-4   -1.0618023260110894E-4
0.49                     0.16154843344193626      0.1615247675728248       -1.058881970011985E-4    -1.0618022073398994E-4
0.491                    0.16154843287451603      0.16152476787663128      -1.0588822493726738E-4   -1.0618020878646734E-4
0.49200000000000005      0.16154843230713106      0.16152476818248224      -1.0588825348307666E-4   -1.0618019675854113E-4
0.49300000000000005      0.1615484317397829       0.16152476849037875      -1.0588828263862743E-4   -1.0618018465021121E-4
0.494                    0.1615484311724645       0.1615247688003206       -1.0588831240391937E-4   -1.0618017246147807E-4
0.495                    0.16154843060518334      0.16152476911230448      -1.058883427789534E-4    -1.061801601923411E-4
0.496                    0.1615484300379315       0.16152476942633498      -1.058883737637303E-4    -1.0618014784280059E-4
0.49700000000000005      0.1615484294707189       0.16152476974241028      -1.0588840535825042E-4   -1.061801354128568E-4
0.49799999999999994      0.16154842890353963      0.16152477006052984      -1.0588843756251422E-4   -1.0618012290250918E-4
0.499                    0.16154842833639235      0.16152477038069354      -1.0588847037652225E-4   -1.0618011031175846E-4
0.5                      0.16154842776927952      0.16152477070290225      -1.0588850380027538E-4   -1.0618009764060411E-4
0.501                    0.16154842720220233      0.16152477102715637      -1.0588853783377364E-4   -1.0618008488904682E-4
0.5020000000000001       0.16154842663515737      0.16152477135345353      -1.0588857247701814E-4   -1.061800720570858E-4
0.503                    0.1615484260681475       0.1615247716817963       -1.0588860773000927E-4   -1.0618005914472146E-4
0.504                    0.16154842550117043      0.16152477201218376      -1.0588864359274754E-4   -1.0618004615195386E-4
0.505                    0.1615484249342271       0.1615247723446163       -1.0588868006523405E-4   -1.0618003307878322E-4
0.506                    0.1615484243673189       0.16152477267909301      -1.0588871714746886E-4   -1.0618001992520923E-4
0.507                    0.16154842380044665      0.16152477301561327      -1.0588875483945281E-4   -1.0618000669123217E-4
0.508                    0.16154842323360652      0.16152477335417906      -1.0588879314118673E-4   -1.061799933768517E-4
0.509                    0.16154842266679983      0.16152477369479018      -1.0588883205267128E-4   -1.0617997998206827E-4
0.51                     0.16154842210002482      0.16152477403744503      -1.0588887157390677E-4   -1.0617996650688172E-4
0.511                    0.16154842153328855      0.16152477438214605      -1.0588891170489437E-4   -1.0617995295129197E-4
0.512                    0.16154842096658653      0.16152477472888982      -1.0588895244563449E-4   -1.061799393152994E-4
0.513                    0.16154842039991504      0.1615247750776787       -1.058889937961278E-4    -1.0617992559890381E-4
0.514                    0.1615484198332775       0.16152477542851318      -1.0588903575637542E-4   -1.0617991180210508E-4
0.515                    0.16154841926667662      0.16152477578139113      -1.0588907832637768E-4   -1.061798979249035E-4
0.5160000000000001       0.16154841870010703      0.16152477613631505      -1.0588912150613556E-4   -1.0617988396729903E-4
0.517                    0.1615484181335739       0.1615247764932834       -1.0588916529564954E-4   -1.061798699292915E-4
0.518                    0.16154841756707494      0.16152477685229555      -1.058892096949208E-4    -1.0617985581088131E-4
0.519                    0.16154841700060835      0.16152477721335212      -1.0588925470394958E-4   -1.061798416120683E-4
0.52                     0.161548416434176        0.16152477757645317      -1.058893003227371E-4    -1.0617982733285248E-4
0.521                    0.1615484158677787       0.1615247779416006       -1.0588934655128415E-4   -1.0617981297323382E-4
0.522                    0.1615484153014118       0.16152477830879125      -1.0588939338959148E-4   -1.0617979853321263E-4
0.523                    0.16154841473508455      0.16152477867802745      -1.0588944083765981E-4   -1.0617978401278861E-4
0.524                    0.16154841416878624      0.16152477904930757      -1.058894888954897E-4    -1.0617976941196218E-4
0.525                    0.16154841360252592      0.16152477942263216      -1.0588953756308266E-4   -1.0617975473073276E-4
0.526                    0.16154841303629863      0.16152477979800173      -1.0588958684043883E-4   -1.0617973996910104E-4
0.527                    0.16154841247010304      0.16152478017541685      -1.0588963672755965E-4   -1.0617972512706674E-4
0.528                    0.16154841190394373      0.16152478055487518      -1.058896872244458E-4    -1.0617971020463002E-4
0.529                    0.16154841133781786      0.16152478093638         -1.0588973833109817E-4   -1.0617969520179068E-4
0.5300000000000001       0.1615484107717267       0.16152478131992828      -1.0588979004751721E-4   -1.0617968011854883E-4
0.531                    0.16154841020566849      0.16152478170552         -1.0588984237370462E-4   -1.0617966495490468E-4
0.532                    0.16154840964054304      0.16152478209632623      -1.0588988947932615E-4   -1.0617964958596613E-4
0.533                    0.16154840907573734      0.16152478249018398      -1.058899353397311E-4    -1.0617963409688988E-4
0.534                    0.16154840851099425      0.16152478288619482      -1.0588998161112625E-4   -1.0617961852315316E-4
0.535                    0.16154840794632025      0.16152478328435718      -1.058900282935114E-4    -1.061796028647564E-4
0.536                    0.16154840738170842      0.16152478368467377      -1.058900753868875E-4    -1.0617958712169985E-4
0.537                    0.16154840681716276      0.16152478408714227      -1.0589012289125485E-4   -1.0617957129398289E-4
0.538                    0.16154840625267758      0.16152478449176355      -1.0589017080661446E-4   -1.0617955538160605E-4
0.5390000000000001       0.16154840568825896      0.1615247848985379       -1.0589021913296648E-4   -1.0617953938456887E-4
0.54                     0.1615484051239108       0.16152478530746378      -1.058902678703117E-4    -1.0617952330287197E-4
0.541                    0.16154840455962033      0.1615247857185434       -1.0589031701865058E-4   -1.0617950713651514E-4
0.542                    0.16154840399539533      0.16152478613177518      -1.058903665779839E-4    -1.0617949088549863E-4
0.543                    0.16154840343123755      0.16152478654715904      -1.058904165483122E-4    -1.0617947454982198E-4
0.5440000000000002       0.16154840286714287      0.1615247869646966       -1.058904669296356E-4    -1.061794581294856E-4
0.545                    0.16154840230311343      0.16152478738438628      -1.0589051772195532E-4   -1.0617944162448965E-4
0.546                    0.16154840173914878      0.1615247878062293       -1.0589056892527144E-4   -1.0617942503483373E-4
0.547                    0.16154840117524658      0.16152478823022343      -1.05890620539585E-4     -1.0617940836051833E-4
0.548                    0.16154840061140988      0.16152478865637154      -1.0589067256489641E-4   -1.0617939160154315E-4
0.549                    0.16154840004764068      0.16152478908467166      -1.0589072500120629E-4   -1.0617937475790852E-4
0.55                     0.16154839948393326      0.16152478951512464      -1.0589077784851533E-4   -1.0617935782961404E-4
0.551                    0.161548398920291        0.16152478994773006      -1.0589083110682411E-4   -1.0617934081666044E-4
0.552                    0.16154839835671495      0.161524790382489        -1.0589088477613322E-4   -1.0617932371904711E-4
0.5530000000000002       0.161548397793201        0.1615247908193999       -1.0589093885644337E-4   -1.0617930653677437E-4
0.554                    0.16154839722975275      0.16152479125846345      -1.0589099334775497E-4   -1.0617928926984224E-4
0.555                    0.16154839666636828      0.16152479169967987      -1.0589104825006904E-4   -1.0617927191825075E-4
0.556                    0.16154839610305086      0.16152479214304874      -1.0589110356338587E-4   -1.0617925448199986E-4
0.557                    0.16154839553979727      0.16152479258857047      -1.0589115928770634E-4   -1.0617923696108978E-4
0.558                    0.16154839497660872      0.1615247930362448       -1.0589121542303098E-4   -1.061792193555204E-4
0.559                    0.16154839441348354      0.16152479348607252      -1.058912719693606E-4    -1.0617920166529215E-4
0.56                     0.16154839385042366      0.1615247939380511       -1.0589132892669581E-4   -1.0617918389040442E-4
0.561                    0.1615483932874273       0.1615247943921845       -1.058913862950372E-4    -1.0617916603085786E-4
0.562                    0.16154839272449475      0.1615247948484692       -1.0589144407438568E-4   -1.0617914808665207E-4
0.5630000000000001       0.1615483921616304       0.16152479530690642      -1.058915022647415E-4    -1.0617913005778725E-4
0.5640000000000001       0.16154839159882867      0.1615247957674967       -1.058915608661055E-4    -1.0617911194426376E-4
0.5650000000000001       0.16154839103609303      0.1615247962302392       -1.0589161987847867E-4   -1.0617909374608105E-4
0.5660000000000001       0.16154839047342018      0.16152479669513453      -1.0589167930186166E-4   -1.0617907546323943E-4
0.5670000000000002       0.16154838991081238      0.16152479716218285      -1.0589173913625483E-4   -1.0617905709573916E-4
0.5680000000000001       0.16154838934826948      0.16152479763138405      -1.0589179938165906E-4   -1.0617903864358006E-4
0.5690000000000001       0.16154838878579034      0.1615247981027369       -1.0589186003807508E-4   -1.0617902010676207E-4
0.5700000000000001       0.161548388223378        0.1615247985762428       -1.0589192110550356E-4   -1.0617900148528561E-4
0.5710000000000001       0.1615483876610284       0.16152479905190184      -1.0589198258394538E-4   -1.061789827791504E-4
0.5720000000000001       0.16154838709874547      0.16152479952971366      -1.0589204447340117E-4   -1.061789639883565E-4
0.5730000000000001       0.1615483865365246       0.16152480000967695      -1.0589210677387152E-4   -1.0617894511290414E-4
0.5740000000000001       0.1615483859743693       0.16152480049179407      -1.0589216948535729E-4   -1.061789261527932E-4
0.5750000000000001       0.16154838541228053      0.16152480097606353      -1.0589223260785936E-4   -1.0617890710802396E-4
0.5760000000000001       0.1615483848502518       0.1615248014624849       -1.0589229614137818E-4   -1.0617888797859614E-4
0.577                    0.1615483842882913       0.16152480195106053      -1.0589236008591473E-4   -1.0617886876450986E-4
0.578                    0.16154838372639485      0.1615248024417883       -1.0589242444146968E-4   -1.0617884946576527E-4
0.579                    0.1615483831645633       0.1615248029346673       -1.0589248920804377E-4   -1.0617883008236257E-4
0.58                     0.16154838260279633      0.16152480342970077      -1.0589255438563772E-4   -1.0617881061430146E-4
0.581                    0.16154838204109467      0.1615248039268861       -1.0589261997425249E-4   -1.0617879106158223E-4
0.582                    0.16154838147945455      0.16152480442622263      -1.0589268597388874E-4   -1.061787714242048E-4
0.583                    0.1615483809178813       0.16152480492771473      -1.0589275238454713E-4   -1.0617875170216946E-4
0.584                    0.16154838035637292      0.1615248054313581       -1.0589281920622855E-4   -1.061787318954758E-4
0.585                    0.16154837979492906      0.16152480593715307      -1.0589288643893371E-4   -1.0617871200412424E-4
0.586                    0.1615483792335502       0.1615248064451023       -1.0589295408266375E-4   -1.0617869202811495E-4
0.587                    0.1615483786722375       0.1615248069552026       -1.05893022137419E-4     -1.0617867196744749E-4
0.588                    0.16154837811098524      0.16152480746745732      -1.0589309060320057E-4   -1.0617865182212229E-4
0.589                    0.16154837754980023      0.16152480798186325      -1.0589315948000917E-4   -1.0617863159213921E-4
0.5900000000000001       0.1615483769886794       0.16152480849842238      -1.0589322876784558E-4   -1.0617861127749837E-4
0.591                    0.16154837642762326      0.1615248090171341       -1.0589329846671072E-4   -1.0617859087820002E-4
0.592                    0.16154837586663118      0.161524809537999        -1.0589336857660521E-4   -1.0617857039424384E-4
0.593                    0.16154837530570504      0.16152481006101552      -1.0589343909753003E-4   -1.061785498256301E-4
0.594                    0.1615483747448426       0.1615248105861857       -1.0589351002948613E-4   -1.0617852917235861E-4
0.595                    0.16154837418404597      0.16152481111350744      -1.0589358137247399E-4   -1.0617850843442984E-4
0.596                    0.16154837362331131      0.16152481164298232      -1.0589365312649482E-4   -1.0617848761184366E-4
0.597                    0.16154837306264186      0.161524812174611        -1.058937252915493E-4    -1.0617846670459961E-4
0.598                    0.16154837250204046      0.16152481270839128      -1.0589379786763829E-4   -1.0617844571269861E-4
0.599                    0.1615483719415012       0.16152481324432394      -1.0589387085476249E-4   -1.0617842463614049E-4
0.6                      0.1615483713810262       0.16152481378241057      -1.058939442529231E-4    -1.0617840347492487E-4
0.601                    0.1615483708206173       0.16152481432264856      -1.058940180621207E-4    -1.061783822290519E-4
0.602                    0.16154837026027152      0.16152481486503856      -1.0589409228235656E-4   -1.0617836089852199E-4
0.603                    0.16154836969999162      0.1615248154095828       -1.0589416691363103E-4   -1.0617833948333474E-4
0.6040000000000001       0.16154836913977597      0.16152481595627946      -1.0589424195594536E-4   -1.0617831798349073E-4
0.605                    0.16154836857962507      0.16152481650512862      -1.0589431740930022E-4   -1.0617829639898962E-4
0.606                    0.16154836801954098      0.16152481705612814      -1.0589439325897488E-4   -1.0617827472989545E-4
0.607                    0.16154836746049275      0.16152481760847087      -1.0589446210964177E-4   -1.0617825300826806E-4
0.608                    0.16154836690153462      0.16152481816294417      -1.0589453117538181E-4   -1.0617823120283358E-4
0.609                    0.161548366342667        0.16152481871954866      -1.0589460045619533E-4   -1.0617820931359154E-4
0.61                     0.16154836578389054      0.1615248192782849       -1.0589466995208216E-4   -1.0617818734054256E-4
0.611                    0.16154836522520383      0.16152481983915148      -1.0589473966304342E-4   -1.0617816528368614E-4
0.612                    0.1615483646666082       0.16152482040215074      -1.0589480958907904E-4   -1.0617814314302292E-4
0.6130000000000001       0.16154836410810094      0.16152482096728057      -1.0589487973019008E-4   -1.0617812091855228E-4
0.614                    0.16154836354968555      0.16152482153454217      -1.0589495008637647E-4   -1.0617809861027473E-4
0.615                    0.16154836299136002      0.16152482210393437      -1.0589502065763863E-4   -1.061780762181906E-4
0.616                    0.16154836243312423      0.16152482267545704      -1.0589509144397742E-4   -1.0617805374229912E-4
0.617                    0.1615483618749809       0.1615248232491113       -1.0589516244539279E-4   -1.0617803118260081E-4
0.6180000000000001       0.16154836131692626      0.16152482382489752      -1.0589523366188551E-4   -1.0617800853909586E-4
0.619                    0.16154836075896095      0.16152482440281454      -1.058953050934558E-4    -1.0617798581178395E-4
0.62                     0.16154836020109012      0.16152482498286244      -1.058953767401042E-4    -1.0617796300066554E-4
0.621                    0.16154835964330339      0.16152482556504263      -1.0589544860183125E-4   -1.0617794010574048E-4
0.622                    0.16154835908561269      0.16152482614935376      -1.0589552067863722E-4   -1.0617791712700877E-4
0.623                    0.1615483585280113       0.16152482673579643      -1.0589559297052292E-4   -1.061778940644707E-4
0.624                    0.1615483579704997       0.16152482732436932      -1.05895665477488E-4     -1.0617787091812605E-4
0.625                    0.1615483574130763       0.1615248279150725       -1.058957381995337E-4    -1.0617784768797493E-4
0.626                    0.1615483568557439       0.16152482850790875      -1.0589581113666038E-4   -1.0617782437401746E-4
0.6270000000000001       0.16154835629850348      0.16152482910287638      -1.0589588428886799E-4   -1.0617780097625369E-4
0.628                    0.16154835574135373      0.16152482969997428      -1.058959576561574E-4    -1.061777774946838E-4
0.629                    0.1615483551842936       0.1615248302992031       -1.058960312385289E-4    -1.0617775392930764E-4
0.63                     0.1615483546273214       0.16152483090056377      -1.058961050359831E-4    -1.0617773028012523E-4
0.631                    0.1615483540704417       0.16152483150405425      -1.0589617904852032E-4   -1.0617770654713686E-4
0.632                    0.1615483535136546       0.1615248321096784       -1.0589625327614091E-4   -1.061776827303425E-4
0.633                    0.16154835295695363      0.16152483271743234      -1.058963277188458E-4    -1.061776588297421E-4
0.634                    0.16154835240034537      0.16152483332731768      -1.0589640237663482E-4   -1.0617763484533587E-4
0.635                    0.16154835184382646      0.16152483393933484      -1.0589647724950873E-4   -1.061776107771238E-4
0.636                    0.16154835128739897      0.16152483455348227      -1.0589655233746818E-4   -1.0617758662510588E-4
0.637                    0.16154835073106114      0.16152483516976143      -1.0589662764051343E-4   -1.0617756238928228E-4
0.638                    0.16154835017481306      0.16152483578817178      -1.0589670315864477E-4   -1.0617753806965286E-4
0.639                    0.16154834961865686      0.1615248364087133       -1.0589677889186305E-4   -1.0617751366621796E-4
0.64                     0.16154834906259039      0.16152483703138595      -1.0589685484016836E-4   -1.0617748917897745E-4
0.6410000000000001       0.16154834850661187      0.16152483765619058      -1.0589693100356153E-4   -1.0617746460793152E-4
0.642                    0.16154834795072848      0.16152483828312578      -1.0589700738204271E-4   -1.0617743995308018E-4
0.643                    0.1615483473949308       0.1615248389121931       -1.058970839756126E-4    -1.0617741521442328E-4
0.644                    0.16154834683922858      0.16152483954338975      -1.0589716078427164E-4   -1.0617739039196112E-4
0.645                    0.1615483462836112       0.1615248401767188       -1.0589723780802018E-4   -1.061773654856938E-4
0.646                    0.16154834572808538      0.16152484081218002      -1.0589731504685867E-4   -1.0617734049562114E-4
0.647                    0.16154834517265335      0.1615248414497709       -1.0589739250078783E-4   -1.0617731542174354E-4
0.648                    0.16154834461730938      0.16152484208949436      -1.0589747016980788E-4   -1.0617729026406082E-4
0.649                    0.1615483440620554       0.1615248427313473       -1.0589754805391945E-4   -1.061772650225729E-4
0.6500000000000001       0.16154834350689273      0.16152484337533374      -1.0589762615312293E-4   -1.0617723969728006E-4
0.651                    0.16154834295182063      0.16152484402144843      -1.0589770446741914E-4   -1.061772142881824E-4
0.652                    0.16154834239683766      0.16152484466969685      -1.0589778299680793E-4   -1.0617718879528002E-4
0.653                    0.161548341841945        0.1615248453200755       -1.058978617412904E-4    -1.0617716321857252E-4
0.654                    0.16154834128714263      0.16152484597258562      -1.0589794070086676E-4   -1.0617713755806052E-4
0.6550000000000001       0.1615483407324314       0.1615248466272266       -1.0589801987553733E-4   -1.0617711181374405E-4
0.656                    0.161548340177811        0.16152484728399863      -1.0589809926530285E-4   -1.0617708598562266E-4
0.657                    0.16154833962327877      0.16152484794290256      -1.0589817887016383E-4   -1.0617706007369661E-4
0.658                    0.16154833906883842      0.16152484860393643      -1.0589825869012062E-4   -1.0617703407796636E-4
0.659                    0.1615483385144892       0.161524849267103        -1.0589833872517361E-4   -1.0617700799843175E-4
0.66                     0.16154833796022935      0.16152484993240113      -1.0589841897532372E-4   -1.0617698183509296E-4
0.661                    0.1615483374060604       0.16152485059982918      -1.0589849944057093E-4   -1.0617695558794946E-4
0.662                    0.16154833685198047      0.16152485126938884      -1.0589858012091597E-4   -1.061769292570021E-4
0.663                    0.16154833629799184      0.16152485194107993      -1.0589866101635951E-4   -1.0617690284225036E-4
0.6640000000000001       0.1615483357440933       0.16152485261490265      -1.0589874212690189E-4   -1.0617687634369446E-4
0.665                    0.16154833519028697      0.16152485329085545      -1.0589882345254356E-4   -1.0617684976133487E-4
0.666                    0.1615483346365666       0.16152485396894037      -1.0589890499328511E-4   -1.0617682309517118E-4
0.667                    0.16154833408294167      0.16152485464915536      -1.0589898674912693E-4   -1.0617679634520352E-4
0.668                    0.16154833352940465      0.16152485533150301      -1.0589906872006972E-4   -1.061767695114318E-4
0.6690000000000002       0.16154833297595642      0.1615248560159811       -1.0589915090611388E-4   -1.061767425938566E-4
0.67                     0.16154833242259933      0.16152485670259098      -1.0589923330725983E-4   -1.0617671559247767E-4
0.671                    0.16154833186933412      0.16152485739133243      -1.0589931592350808E-4   -1.0617668850729505E-4
0.672                    0.16154833131615864      0.16152485808220396      -1.0589939875485933E-4   -1.0617666133830879E-4
0.673                    0.16154833076307312      0.16152485877520825      -1.0589948180131394E-4   -1.0617663408551934E-4
0.674                    0.1615483302100797       0.16152485947034181      -1.058995650628724E-4    -1.0617660674892627E-4
0.675                    0.16154832965717564      0.16152486016760784      -1.0589964853953533E-4   -1.0617657932852963E-4
0.676                    0.16154832910435923      0.16152486086700552      -1.0589973223130324E-4   -1.061765518243298E-4
0.677                    0.16154832855163798      0.16152486156853227      -1.0589981613817646E-4   -1.0617652423632679E-4
0.6780000000000002       0.16154832799900137      0.16152486227219234      -1.0589990026015555E-4   -1.0617649656452036E-4
0.679                    0.1615483274464591       0.16152486297798235      -1.058999845972415E-4    -1.0617646880891115E-4
0.68                     0.1615483268940068       0.16152486368590388      -1.0590006914943408E-4   -1.0617644096949861E-4
0.681                    0.16154832634172955      0.1615248643941959       -1.0590015287018496E-4   -1.0617641311557015E-4
0.682                    0.16154832578983025      0.16152486509850797      -1.059002331780542E-4    -1.0617638541802893E-4
0.683                    0.1615483252380347       0.16152486580474604      -1.0590031357838087E-4   -1.0617635764480442E-4
0.684                    0.16154832468633828      0.16152486651290793      -1.0590039407116489E-4   -1.0617632979589672E-4
0.685                    0.1615483241347435       0.16152486722299603      -1.0590047465640699E-4   -1.0617630187130578E-4
0.686                    0.1615483235832461       0.1615248679350083       -1.0590055533410704E-4   -1.0617627387103148E-4
0.687                    0.16154832303184968      0.1615248686489444       -1.0590063610426511E-4   -1.0617624579507414E-4
0.6880000000000001       0.16154832248055473      0.1615248693648056       -1.0590071696688175E-4   -1.0617621764343365E-4
0.6890000000000001       0.16154832192935836      0.1615248700825911       -1.0590079792195689E-4   -1.0617618941610993E-4
0.6900000000000001       0.16154832137826464      0.16152487080230177      -1.059008789694912E-4    -1.0617616111310346E-4
0.6910000000000001       0.16154832082727102      0.16152487152393824      -1.0590096010948418E-4   -1.0617613273441404E-4
0.6920000000000002       0.16154832027637483      0.16152487224749784      -1.0590104134193667E-4   -1.0617610428004182E-4
0.6930000000000001       0.16154831972558148      0.161524872972982        -1.059011226668486E-4    -1.0617607574998667E-4
0.6940000000000001       0.16154831917488627      0.1615248737003924       -1.0590120408422035E-4   -1.0617604714424893E-4
0.6950000000000001       0.16154831862429103      0.1615248744297268       -1.0590128559405175E-4   -1.0617601846282839E-4
0.6960000000000001       0.16154831807379752      0.16152487516098535      -1.0590136719634359E-4   -1.0617598970572534E-4
0.6970000000000001       0.16154831752340365      0.16152487589416967      -1.0590144889109575E-4   -1.0617596087293988E-4
0.6980000000000001       0.16154831697311056      0.16152487662927748      -1.0590153067830847E-4   -1.0617593196447158E-4
0.6990000000000001       0.1615483164229177       0.16152487736631035      -1.0590161255798211E-4   -1.0617590298032112E-4
0.7000000000000001       0.16154831587282426      0.16152487810526833      -1.0590169453011643E-4   -1.0617587392048823E-4
0.7010000000000002       0.16154831532282748      0.16152487884615127      -1.0590177659471226E-4   -1.0617584478497313E-4
0.7020000000000001       0.16154831477293763      0.1615248795889586       -1.0590185875176946E-4   -1.0617581557377554E-4
0.7030000000000001       0.16154831422314622      0.16152488033369045      -1.0590194100128838E-4   -1.0617578628689592E-4
0.704                    0.1615483136734526       0.1615248810803461       -1.059020233432689E-4    -1.0617575692433447E-4
0.705                    0.16154831312386125      0.1615248818289284       -1.0590210577771176E-4   -1.0617572748609062E-4
0.706                    0.16154831257436802      0.1615248825794344       -1.0590218830461703E-4   -1.0617569797216488E-4
0.707                    0.161548312024978        0.16152488333186485      -1.0590227092398469E-4   -1.0617566838255748E-4
0.708                    0.1615483114756871       0.1615248840862213       -1.0590235363581526E-4   -1.0617563871726814E-4
0.709                    0.1615483109264939       0.16152488484250085      -1.0590243644010858E-4   -1.061756089762968E-4
0.71                     0.16154831037740497      0.16152488560070505      -1.0590251933686541E-4   -1.061755791596438E-4
0.711                    0.16154830982841203      0.16152488636083454      -1.0590260232608532E-4   -1.0617554926730938E-4
0.712                    0.16154830927951994      0.1615248871228898       -1.0590268540776915E-4   -1.0617551929929319E-4
0.713                    0.16154830873073062      0.1615248878868683       -1.0590276858191669E-4   -1.0617548925559553E-4
0.714                    0.1615483081820419       0.16152488865277156      -1.0590285184852834E-4   -1.0617545913621637E-4
0.7150000000000001       0.16154830763344963      0.16152488942060073      -1.0590293520760427E-4   -1.0617542894115586E-4
0.716                    0.16154830708496057      0.16152489019035424      -1.059030186591447E-4    -1.0617539867041388E-4
0.717                    0.1615483065365686       0.16152489096203212      -1.0590310220314996E-4   -1.0617536832399098E-4
0.718                    0.16154830598828096      0.16152489173563503      -1.0590318583962028E-4   -1.0617533790188648E-4
0.719                    0.1615483054400895       0.16152489251116228      -1.059032695685555E-4    -1.061753074041009E-4
0.72                     0.16154830489200298      0.1615248932886135       -1.0590335338995633E-4   -1.061752768306345E-4
0.721                    0.16154830434401093      0.1615248940679907       -1.0590343730382269E-4   -1.0617524618148711E-4
0.722                    0.16154830379612387      0.16152489484929208      -1.0590352131015499E-4   -1.0617521545665845E-4
0.723                    0.16154830324833372      0.1615248956325176       -1.059036054089534E-4    -1.0617518465614924E-4
0.7240000000000001       0.16154830270064519      0.16152489641766885      -1.0590368960021805E-4   -1.0617515377995927E-4
0.725                    0.16154830215305738      0.16152489720474408      -1.0590377388394927E-4   -1.0617512282808828E-4
0.726                    0.16154830160557102      0.16152489799374434      -1.0590385826014712E-4   -1.0617509180053678E-4
0.727                    0.16154830105818146      0.16152489878467016      -1.0590394272881207E-4   -1.0617506069730494E-4
0.728                    0.16154830051089514      0.16152489957751914      -1.059040272899442E-4    -1.0617502951839216E-4
0.7290000000000001       0.1615482999637081       0.16152490037229378      -1.0590411194354372E-4   -1.0617499826379914E-4
0.73                     0.16154829941661975      0.16152490116899254      -1.0590419668961098E-4   -1.0617496693352556E-4
0.731                    0.16154829886963296      0.16152490196761687      -1.05904281528146E-4     -1.0617493552757182E-4
0.732                    0.1615482983227454       0.16152490276816509      -1.0590436645914925E-4   -1.0617490404593771E-4
0.733                    0.1615482977759603       0.16152490357063862      -1.0590445148262065E-4   -1.0617487248862343E-4
0.734                    0.16154829722927375      0.16152490437503694      -1.0590453659856066E-4   -1.061748408556292E-4
0.735                    0.16154829668268525      0.16152490518135887      -1.0590462180696949E-4   -1.0617480914695462E-4
0.736                    0.16154829613619934      0.1615249059896065       -1.0590470710784723E-4   -1.0617477736260029E-4
0.737                    0.16154829558981373      0.1615249067997788       -1.059047925011943E-4    -1.0617474550256599E-4
0.7380000000000001       0.16154829504353083      0.16152490761187577      -1.0590487798701059E-4   -1.0617471356685174E-4
0.739                    0.16154829449734354      0.16152490842589717      -1.0590496356529677E-4   -1.0617468155545793E-4
0.74                     0.16154829395125755      0.16152490924184398      -1.0590504923605292E-4   -1.0617464946838438E-4
0.741                    0.16154829340527208      0.16152491005971406      -1.0590513499927896E-4   -1.0617461730563099E-4
0.742                    0.16154829285938666      0.16152491087951076      -1.0590522085497563E-4   -1.06174585067198E-4
0.7430000000000001       0.16154829231360152      0.16152491170123026      -1.0590530680314265E-4   -1.061745527530858E-4
0.744                    0.1615482917679188       0.16152491252487525      -1.0590539284378053E-4   -1.0617452036329385E-4
0.745                    0.1615482912223334       0.16152491335044544      -1.0590547897688956E-4   -1.0617448789782281E-4
0.746                    0.16154829067685         0.1615249141779397       -1.0590556520246973E-4   -1.0617445535667244E-4
0.747                    0.1615482901314644       0.1615249150073593       -1.0590565152052176E-4   -1.0617442273984266E-4
0.748                    0.16154828958618198      0.161524915838702        -1.0590573793104519E-4   -1.0617439004733389E-4
0.749                    0.16154828904099955      0.16152491667197102      -1.0590582443404089E-4   -1.0617435727914597E-4
0.75                     0.16154828849591507      0.1615249175071656       -1.0590591102950846E-4   -1.0617432443527932E-4
0.751                    0.16154828795093207      0.16152491834428273      -1.059059977174485E-4    -1.0617429151573349E-4
0.7520000000000001       0.16154828740604965      0.16152491918332504      -1.059060844978614E-4    -1.0617425852050907E-4
0.753                    0.1615482868612653       0.1615249200242924       -1.0590617137074722E-4   -1.0617422544960528E-4
0.754                    0.16154828631658363      0.16152492086718456      -1.0590625833610587E-4   -1.0617419230302344E-4
0.755                    0.1615482857720017       0.1615249217120015       -1.0590634539393806E-4   -1.0617415908076233E-4
0.756                    0.16154828522740944      0.16152492254882075      -1.0590643105707739E-4   -1.0617412617295963E-4
0.757                    0.16154828468278565      0.16152492337516222      -1.0590651495414299E-4   -1.0617409367703978E-4
0.758                    0.16154828413825198      0.16152492420284648      -1.059065988564131E-4    -1.0617406112833348E-4
0.759                    0.16154828359381465      0.1615249250318729       -1.0590668276388868E-4   -1.0617402852684029E-4
0.76                     0.16154828304947194      0.16152492586224174      -1.0590676667656906E-4   -1.0617399587256032E-4
0.7610000000000001       0.16154828250522024      0.16152492669395355      -1.0590685059445441E-4   -1.0617396316549398E-4
0.762                    0.16154828196106358      0.16152492752700737      -1.0590693451754466E-4   -1.061739304056412E-4
0.763                    0.16154828141700248      0.16152492836140275      -1.0590701844583985E-4   -1.0617389759300204E-4
0.764                    0.16154828087303252      0.16152492919714137      -1.0590710237934007E-4   -1.0617386472757622E-4
0.765                    0.16154828032915888      0.161524930034224        -1.0590718631804525E-4   -1.061738318093642E-4
0.7660000000000001       0.161548279785379        0.16152493087264783      -1.0590727026195542E-4   -1.0617379883836601E-4
0.767                    0.16154827924168808      0.16152493171241347      -1.0590735421107078E-4   -1.0617376581458158E-4
0.768                    0.16154827869809632      0.1615249325535228       -1.0590743816539093E-4   -1.0617373273801083E-4
0.769                    0.16154827815459694      0.16152493339597332      -1.0590752212491638E-4   -1.0617369960865393E-4
0.77                     0.1615482776111928       0.16152493423976463      -1.0590760608964676E-4   -1.0617366642651108E-4
0.771                    0.16154827706788044      0.16152493508490248      -1.0590769005958216E-4   -1.061736331915819E-4
0.772                    0.16154827652466192      0.16152493593138         -1.059077740347229E-4    -1.0617359990386694E-4
0.773                    0.16154827598153856      0.16152493677920113      -1.0590785801506845E-4   -1.0617356656336605E-4
0.774                    0.16154827543850636      0.16152493762836392      -1.059079420006193E-4    -1.0617353317007931E-4
0.7750000000000001       0.16154827489557055      0.16152493847886953      -1.0590802599137526E-4   -1.0617349972400679E-4
0.776                    0.16154827435272875      0.16152493933071788      -1.0590810998733633E-4   -1.0617346622514828E-4
0.777                    0.1615482738099806       0.16152494018390898      -1.059081939885026E-4    -1.061734326735042E-4
0.778                    0.161548273267326        0.1615249410384415       -1.0590827799487398E-4   -1.0617339906907423E-4
0.779                    0.16154827272476385      0.16152494189431574      -1.0590836200645054E-4   -1.0617336541185868E-4
0.7800000000000001       0.16154827218229503      0.16152494275153406      -1.0590844602323223E-4   -1.0617333170185748E-4
0.781                    0.16154827163992302      0.16152494361009515      -1.0590853004521916E-4   -1.0617329793907099E-4
0.782                    0.16154827109764314      0.1615249444699975       -1.0590861407241126E-4   -1.0617326412349898E-4
0.783                    0.1615482705554577       0.16152494533124268      -1.0590869810480868E-4   -1.0617323025514138E-4
0.784                    0.16154827001336564      0.16152494619383062      -1.0590878214241137E-4   -1.0617319633399847E-4
0.785                    0.16154826947136944      0.1615249470577596       -1.0590886618521923E-4   -1.0617316236007017E-4
0.786                    0.16154826892946236      0.1615249479230322       -1.0590895023323215E-4   -1.0617312833335664E-4
0.787                    0.16154826838765182      0.16152494878964696      -1.0590903428645084E-4   -1.0617309425385796E-4
0.788                    0.1615482678459345       0.16152494965760392      -1.0590911834487443E-4   -1.0617306012157405E-4
0.7890000000000001       0.16154826730431407      0.161524950526904        -1.0590920240850346E-4   -1.0617302593650502E-4
0.79                     0.1615482667627847       0.16152495139754658      -1.0590928647733784E-4   -1.0617299169865082E-4
0.791                    0.16154826622135124      0.16152495226953165      -1.0590937055137755E-4   -1.0617295740801176E-4
0.792                    0.16154826568000843      0.16152495314285673      -1.0590945463062235E-4   -1.0617292306458748E-4
0.793                    0.16154826513876044      0.1615249540175272       -1.059095387150728E-4    -1.0617288866837848E-4
0.7940000000000002       0.16154826459760727      0.1615249548935393       -1.0590962280472841E-4   -1.0617285421938458E-4
0.795                    0.1615482640565477       0.16152495577089396      -1.0590970689958953E-4   -1.0617281971760587E-4
0.796                    0.1615482635155829       0.16152495664959024      -1.0590979099965623E-4   -1.0617278516304236E-4
0.797                    0.16154826297471017      0.16152495752963034      -1.0590987510492786E-4   -1.0617275055569425E-4
0.798                    0.16154826243393228      0.16152495841101144      -1.0590995921540534E-4   -1.0617271589556157E-4
0.799                    0.16154826189324678      0.16152495929373495      -1.0591004333108786E-4   -1.0617268118264404E-4
0.8                      0.16154826135265837      0.16152496017780116      -1.0591012745197612E-4   -1.0617264641694201E-4
0.801                    0.161548260812159        0.16152496106321051      -1.0591021157806982E-4   -1.0617261159845546E-4
0.802                    0.16154826027175792      0.1615249619499621       -1.0591029570936877E-4   -1.0617257672718439E-4
0.8030000000000002       0.1615482597314505       0.1615249628380543       -1.0591037984587331E-4   -1.0617254180312928E-4
0.804                    0.1615482591912342       0.16152496372749164      -1.0591046398758329E-4   -1.0617250682628973E-4
0.805                    0.16154825865111222      0.1615249646182702       -1.0591054813449899E-4   -1.0617247179666588E-4
0.806                    0.16154825811108486      0.1615249655103911       -1.0591063228661993E-4   -1.0617243671425745E-4
0.807                    0.16154825757115282      0.16152496640385428      -1.0591071644394639E-4   -1.061724015790652E-4
0.808                    0.1615482570313117       0.16152496729866173      -1.0591080060647851E-4   -1.0617236639108876E-4
0.809                    0.16154825649156568      0.16152496819480996      -1.0591088477421622E-4   -1.0617233115032806E-4
0.81                     0.161548255951914        0.16152496909230096      -1.0591096894715943E-4   -1.0617229585678335E-4
0.811                    0.16154825541235587      0.16152496999113417      -1.0591105312530852E-4   -1.0617226051045488E-4
0.8120000000000002       0.1615482548728905       0.16152497089130946      -1.0591113730866275E-4   -1.061722251113424E-4
0.8130000000000001       0.16154825433352135      0.1615249717928277       -1.0591122149722269E-4   -1.0617218965944607E-4
0.8140000000000001       0.16154825379424526      0.16152497269568822      -1.0591130569098812E-4   -1.0617215415476592E-4
0.8150000000000001       0.16154825325506297      0.1615249735998919       -1.0591138988995953E-4   -1.06172118597302E-4
0.8160000000000001       0.1615482527159745       0.16152497450543638      -1.0591147409413631E-4   -1.0617208298705447E-4
0.8170000000000002       0.1615482521769792       0.16152497541232444      -1.0591155830351894E-4   -1.0617204732402324E-4
0.8180000000000001       0.16154825163807607      0.16152497632055463      -1.0591164251810701E-4   -1.0617201160820833E-4
0.8190000000000001       0.161548251099269        0.16152497723012782      -1.0591172673790093E-4   -1.0617197583960987E-4
0.8200000000000001       0.1615482505605559       0.16152497814104314      -1.0591181096290057E-4   -1.061719400182281E-4
0.8210000000000001       0.16154825002193582      0.1615249790533012       -1.0591189519310563E-4   -1.061719041440629E-4
0.8220000000000001       0.16154824948340885      0.16152497996690018      -1.0591197942851672E-4   -1.0617186821711406E-4
0.8230000000000001       0.16154824894497694      0.161524980881843        -1.0591206366913332E-4   -1.0617183223738217E-4
0.8240000000000001       0.1615482484066384       0.16152498179812766      -1.059121479149559E-4    -1.0617179620486685E-4
0.8250000000000001       0.16154824786839456      0.16152498271575585      -1.0591223216598401E-4   -1.0617176011956836E-4
0.8260000000000002       0.1615482473302446       0.16152498363472584      -1.0591231642221802E-4   -1.0617172398148672E-4
0.8270000000000001       0.1615482467921875       0.16152498455503836      -1.0591240068365772E-4   -1.06171687790622E-4
0.8280000000000001       0.16154824625422384      0.16152498547669214      -1.0591248495030329E-4   -1.0617165154697413E-4
0.8290000000000001       0.1615482457163549       0.1615249863996907       -1.0591256922215452E-4   -1.0617161525054335E-4
0.8300000000000001       0.16154824517857952      0.16152498732402995      -1.0591265349921148E-4   -1.0617157890132963E-4
0.8310000000000002       0.1615482446408981       0.16152498824971084      -1.0591273778147453E-4   -1.0617154249933297E-4
0.8320000000000001       0.16154824410331334      0.16152498917673638      -1.0591282206894328E-4   -1.0617150604455348E-4
0.833                    0.1615482435658187       0.16152499010510232      -1.0591290636161788E-4   -1.0617146953699133E-4
0.834                    0.16154824302841853      0.1615249910348117       -1.0591299065949831E-4   -1.0617143297664633E-4
0.8350000000000001       0.16154824249111205      0.1615249919658641       -1.0591307496258471E-4   -1.0617139636351896E-4
0.836                    0.1615482419539          0.16152499289825867      -1.05913159270877E-4     -1.061713596976086E-4
0.837                    0.1615482414167822       0.16152499383199473      -1.0591324358437518E-4   -1.0617132297891588E-4
0.838                    0.16154824087975747      0.16152499476707394      -1.0591332790307927E-4   -1.0617128620744058E-4
0.839                    0.16154824034282572      0.1615249957034948       -1.0591341222698921E-4   -1.0617124938318282E-4
0.8400000000000001       0.16154823980598962      0.16152499664125958      -1.0591349655610509E-4   -1.061712125061429E-4
0.841                    0.16154823926924747      0.16152499758036704      -1.059135808904271E-4    -1.0617117557632039E-4
0.842                    0.16154823873259933      0.1615249985208141       -1.0591366522995469E-4   -1.0617113859371564E-4
0.843                    0.16154823819604375      0.1615249994626056       -1.0591374957468857E-4   -1.0617110155832886E-4
0.844                    0.161548237659583        0.16152500040573925      -1.0591383392462845E-4   -1.0617106447015973E-4
0.845                    0.16154823712321234      0.16152500135021491      -1.0591391827977443E-4   -1.061710273292085E-4
0.846                    0.1615482365869396       0.16152500229603448      -1.0591400264012595E-4   -1.0617099013547527E-4
0.847                    0.16154823605076057      0.16152500324319602      -1.0591408700568386E-4   -1.0617095288896021E-4
0.848                    0.16154823551467543      0.16152500419169896      -1.0591417137644772E-4   -1.0617091558966304E-4
0.8490000000000001       0.16154823497868237      0.16152500514154372      -1.0591425575241777E-4   -1.0617087823758386E-4
0.85                     0.1615482344427852       0.16152500609273276      -1.0591434013359371E-4   -1.0617084083272308E-4
0.851                    0.16154823390697923      0.16152500704526396      -1.0591442451997588E-4   -1.0617080337508043E-4
0.852                    0.1615482333712691       0.16152500799913647      -1.059145089115639E-4    -1.0617076586465599E-4
0.853                    0.16154823283565112      0.1615250089543525       -1.0591459330835819E-4   -1.0617072830145022E-4
0.8540000000000001       0.16154823230012927      0.16152500991091107      -1.0591467771035844E-4   -1.061706906854624E-4
0.855                    0.16154823176470123      0.16152501086881094      -1.0591476211756504E-4   -1.0617065301669315E-4
0.856                    0.16154823122936432      0.16152501182805395      -1.0591484652997762E-4   -1.0617061529514293E-4
0.857                    0.1615482306941219       0.16152501278863998      -1.0591493094759636E-4   -1.061705775208107E-4
0.858                    0.1615482301589759       0.16152501375056735      -1.0591501537042138E-4   -1.061705396936972E-4
0.859                    0.16154822962392065      0.16152501471383723      -1.0591509979845244E-4   -1.0617050181380238E-4
0.86                     0.1615482290889621       0.16152501567845087      -1.0591518423168982E-4   -1.0617046388112631E-4
0.861                    0.16154822855409628      0.16152501664440488      -1.0591526867013351E-4   -1.0617042589566911E-4
0.862                    0.1615482280193228       0.16152501761170307      -1.0591535311378313E-4   -1.0617038785743097E-4
0.8630000000000001       0.1615482274846441       0.161525018580343        -1.0591543756263904E-4   -1.0617034976641141E-4
0.864                    0.1615482269500609       0.16152501955032464      -1.0591552201670133E-4   -1.0617031162261108E-4
0.865                    0.16154822641557007      0.1615250205216511       -1.0591560647596956E-4   -1.061702734260295E-4
0.866                    0.1615482258811741       0.1615250214943177       -1.0591569094044424E-4   -1.0617023517666728E-4
0.867                    0.16154822534686947      0.16152502246832717      -1.0591577541012525E-4   -1.0617019687452399E-4
0.8680000000000001       0.16154822481266148      0.16152502344367936      -1.0591585988501255E-4   -1.061701585196001E-4
0.869                    0.16154822427854668      0.16152502442037353      -1.0591594436510608E-4   -1.0617012011189547E-4
0.87                     0.1615482237445227       0.16152502539841124      -1.0591602885040581E-4   -1.0617008165140998E-4
0.871                    0.16154822321059645      0.16152502637779043      -1.0591611334091216E-4   -1.0617004313814415E-4
0.8720000000000001       0.16154822267676192      0.1615250273585128       -1.0591619783662476E-4   -1.0617000457209752E-4
0.873                    0.16154822214302042      0.16152502834057747      -1.0591628233754361E-4   -1.0616996595327043E-4
0.874                    0.16154822160937685      0.161525029323983        -1.0591636684366889E-4   -1.0616992728166273E-4
0.875                    0.16154822107582503      0.16152503030873294      -1.0591645135500042E-4   -1.0616988855727507E-4
0.876                    0.1615482205423645       0.1615250312948244       -1.0591653587153847E-4   -1.0616984978010665E-4
0.8770000000000001       0.16154822000900124      0.16152503228225895      -1.0591662039328305E-4   -1.0616981095015832E-4
0.878                    0.16154821947573098      0.16152503327103587      -1.0591670492023363E-4   -1.0616977206742955E-4
0.879                    0.16154821894255275      0.16152503426115436      -1.0591678945239101E-4   -1.0616973313192059E-4
0.88                     0.16154821840947087      0.1615250352526157       -1.0591687398975488E-4   -1.0616969414363171E-4
0.881                    0.16154821787648133      0.16152503624541964      -1.0591695853232478E-4   -1.0616965510256264E-4
0.882                    0.16154821734358524      0.16152503723956593      -1.0591704308010167E-4   -1.0616961600871383E-4
0.883                    0.16154821681078405      0.16152503823505407      -1.0591712763308458E-4   -1.0616957686208476E-4
0.884                    0.1615482162780763       0.16152503923188602      -1.0591721219127412E-4   -1.0616953766267626E-4
0.885                    0.16154821574546277      0.16152504023005992      -1.0591729675467038E-4   -1.0616949841048757E-4
0.8860000000000001       0.16154821521294194      0.16152504122957517      -1.0591738132327299E-4   -1.0616945910551941E-4
0.887                    0.1615482146805169       0.1615250422304339       -1.0591746589708186E-4   -1.0616941974777143E-4
0.888                    0.16154821414818224      0.1615250432326352       -1.0591755047609766E-4   -1.061693803372439E-4
0.889                    0.1615482136159454       0.16152504423617872      -1.0591763506031981E-4   -1.0616934087393683E-4
0.89                     0.16154821308380166      0.16152504524106373      -1.0591771964974867E-4   -1.0616930135785018E-4
0.8910000000000001       0.16154821255174956      0.16152504624729097      -1.0591780424438396E-4   -1.0616926178898413E-4
0.892                    0.16154821201979144      0.1615250472548626       -1.0591788884422582E-4   -1.0616922216733846E-4
0.893                    0.16154821148792806      0.1615250482637753       -1.0591797344927438E-4   -1.061691824929138E-4
0.894                    0.16154821095615918      0.16152504927403113      -1.0591805805952969E-4   -1.0616914276570982E-4
0.895                    0.16154821042448436      0.16152505028563005      -1.0591814267499143E-4   -1.0616910298572645E-4
0.896                    0.1615482098929028       0.16152505129856953      -1.0591822729565983E-4   -1.0616906315296421E-4
0.897                    0.16154820936141595      0.16152505231285294      -1.0591831192153474E-4   -1.061690232674226E-4
0.898                    0.16154820883002144      0.16152505332847722      -1.0591839655261653E-4   -1.0616898332910193E-4
0.899                    0.16154820829872035      0.16152505434544542      -1.0591848118890498E-4   -1.0616894333800275E-4
0.9000000000000001       0.16154820776751425      0.1615250553637557       -1.0591856583039988E-4   -1.061689032941245E-4
0.901                    0.16154820723640345      0.16152505638340892      -1.0591865047710169E-4   -1.0616886319746705E-4
0.902                    0.1615482067053838       0.16152505740440348      -1.0591873512901007E-4   -1.0616882304803129E-4
0.903                    0.1615482061744597       0.16152505842674125      -1.0591881978612542E-4   -1.061687828458165E-4
0.904                    0.1615482056436279       0.16152505945042042      -1.0591890444844745E-4   -1.0616874259082288E-4
0.9050000000000001       0.1615482051128923       0.16152506047544302      -1.0591898911597598E-4   -1.0616870228305124E-4
0.906                    0.16154820458152036      0.16152506147175547      -1.0591907206042651E-4   -1.0616866310506945E-4
0.907                    0.16154820405015657      0.16152506246580398      -1.0591915480269501E-4   -1.0616862401621068E-4
0.908                    0.16154820351887555      0.16152506346075285      -1.0591923752475803E-4   -1.0616858489195905E-4
0.909                    0.16154820298767691      0.1615250644566026       -1.0591932022661466E-4   -1.0616854573231416E-4
0.91                     0.16154820245655946      0.1615250654533528       -1.0591940290826548E-4   -1.0616850653727652E-4
0.911                    0.16154820192553107      0.16152506645100412      -1.0591948556971009E-4   -1.0616846730684577E-4
0.912                    0.1615482013945818       0.16152506744955558      -1.0591956821094858E-4   -1.061684280410221E-4
0.913                    0.1615482008637168       0.1615250684490075       -1.0591965083198063E-4   -1.0616838873980539E-4
0.9140000000000001       0.16154820033293307      0.1615250694493601       -1.0591973343280681E-4   -1.0616834940319636E-4
0.915                    0.16154819980223445      0.16152507045061323      -1.059198160134263E-4    -1.0616831003119428E-4
0.916                    0.16154819927161848      0.16152507145276762      -1.059198985738396E-4    -1.0616827062379962E-4
0.917                    0.16154819874108564      0.16152507245582154      -1.0591998111404649E-4   -1.0616823118101197E-4
0.918                    0.16154819821063637      0.1615250734597765       -1.0592006363404686E-4   -1.0616819170283217E-4
0.9190000000000002       0.16154819768026982      0.16152507446463202      -1.0592014613384095E-4   -1.0616815218925935E-4
0.92                     0.16154819714998483      0.1615250754703888       -1.0592022861342816E-4   -1.061681126402941E-4
0.921                    0.1615481966197846       0.16152507647704584      -1.0592031107280895E-4   -1.0616807305593633E-4
0.922                    0.161548196089668        0.16152507748460368      -1.0592039351198301E-4   -1.0616803343618609E-4
0.9230000000000002       0.16154819555963432      0.16152507849306097      -1.0592047593095009E-4   -1.0616799378104346E-4
0.924                    0.16154819502968343      0.16152507950241932      -1.0592055832971069E-4   -1.0616795409050836E-4
0.925                    0.1615481944998162       0.16152508051267847      -1.0592064070826462E-4   -1.0616791436458082E-4
0.926                    0.1615481939700306       0.1615250815238385       -1.0592072306661163E-4   -1.0616787460326109E-4
0.927                    0.16154819344033         0.16152508253589945      -1.059208054047516E-4    -1.0616783480654892E-4
0.9280000000000002       0.16154819291071007      0.16152508354886         -1.0592088772268468E-4   -1.0616779497444459E-4
0.929                    0.16154819238117815      0.1615250845627226       -1.05920970020411E-4     -1.0616775510694811E-4
0.93                     0.16154819185172434      0.1615250855774841       -1.0592105229793E-4      -1.0616771520405925E-4
0.931                    0.16154819132235487      0.16152508659314632      -1.0592113455524213E-4   -1.0616767526577857E-4
0.932                    0.16154819079306876      0.16152508760971088      -1.0592121679234691E-4   -1.0616763529210573E-4
0.933                    0.1615481902638681       0.16152508862717394      -1.0592129900924468E-4   -1.0616759528304074E-4
0.934                    0.16154818973474785      0.16152508964553824      -1.0592138120593524E-4   -1.0616755523858376E-4
0.935                    0.16154818920571162      0.16152509066480356      -1.0592146338241835E-4   -1.0616751515873501E-4
0.936                    0.1615481886767567       0.16152509168496945      -1.0592154553869434E-4   -1.061674750434941E-4
0.9370000000000002       0.1615481881478869       0.16152509270603627      -1.0592162767476285E-4   -1.0616743489286127E-4
0.9380000000000001       0.1615481876191004       0.1615250937280037       -1.0592170979062396E-4   -1.0616739470683685E-4
0.9390000000000001       0.16154818709039553      0.1615250947508707       -1.0592179188627752E-4   -1.0616735448542055E-4
0.9400000000000001       0.16154818656177572      0.1615250957746399       -1.0592187396172378E-4   -1.0616731422861237E-4
0.9410000000000001       0.16154818603323992      0.16152509679930935      -1.0592195601696232E-4   -1.0616727393641263E-4
0.9420000000000002       0.16154818550478356      0.16152509782487653      -1.0592203805199322E-4   -1.0616723360882108E-4
0.9430000000000001       0.16154818497641357      0.16152509885134778      -1.0592212006681658E-4   -1.0616719324583806E-4
0.9440000000000001       0.161548184448126        0.16152509987871813      -1.0592220206143213E-4   -1.0616715284746335E-4
0.9450000000000001       0.16154818391992146      0.1615251009069892       -1.0592228403583994E-4   -1.0616711241369702E-4
0.9460000000000001       0.1615481833918007       0.16152510193616013      -1.0592236599003992E-4   -1.0616707194453911E-4
0.9470000000000001       0.16154818286376113      0.16152510296623418      -1.0592244792403207E-4   -1.0616703143998984E-4
0.9480000000000001       0.16154818233580462      0.16152510399720624      -1.0592252983781646E-4   -1.0616699090004946E-4
0.9490000000000001       0.16154818180793284      0.16152510502908018      -1.0592261173139272E-4   -1.0616695032471711E-4
0.9500000000000001       0.16154818128014134      0.16152510606185372      -1.0592269360476095E-4   -1.0616690971399367E-4
0.9510000000000002       0.16154818075243657      0.16152510709552845      -1.0592277545792147E-4   -1.0616686906787913E-4
0.9520000000000001       0.161548180224814        0.16152510813010482      -1.0592285729087369E-4   -1.0616682838637305E-4
0.9530000000000001       0.16154817969727417      0.1615251091655799       -1.0592293910361786E-4   -1.0616678766947595E-4
0.9540000000000001       0.16154817916981706      0.16152511020195542      -1.0592302089615375E-4   -1.0616674691718762E-4
0.9550000000000001       0.1615481786424437       0.161525111239234        -1.0592310266848136E-4   -1.0616670612950784E-4
0.9560000000000002       0.16154817811515465      0.16152511227741184      -1.0592318442060077E-4   -1.0616666530643722E-4
0.9570000000000001       0.16154817758794845      0.16152511331648972      -1.0592326615251205E-4   -1.061666244479756E-4
0.9580000000000001       0.16154817706082267      0.1615251143564692       -1.0592334786421471E-4   -1.0616658355412288E-4
0.9590000000000001       0.1615481765337837       0.16152511539734765      -1.0592342955570891E-4   -1.061665426248793E-4
0.9600000000000001       0.1615481760068258       0.16152511643912945      -1.0592351122699486E-4   -1.061665016602446E-4
0.961                    0.16154817547995032      0.1615251174818093       -1.0592359287807215E-4   -1.06166460660219E-4
0.962                    0.1615481749531584       0.16152511852539017      -1.0592367450894087E-4   -1.0616641962480272E-4
0.963                    0.16154817442644911      0.1615251195698727       -1.0592375611960109E-4   -1.0616637855399559E-4
0.964                    0.16154817389982443      0.1615251206152548       -1.0592383771005247E-4   -1.0616633744779751E-4
0.9650000000000001       0.16154817337328337      0.16152512166153782      -1.0592391928029534E-4   -1.061662963062089E-4
0.966                    0.16154817284682527      0.16152512270872188      -1.0592400083032947E-4   -1.0616625512922963E-4
0.967                    0.16154817232044863      0.16152512375680503      -1.059240823601546E-4    -1.061662139168594E-4
0.968                    0.16154817179415643      0.16152512480579162      -1.0592416386977105E-4   -1.06166172669099E-4
0.969                    0.1615481712679448       0.1615251258556765       -1.0592424535917827E-4   -1.0616613138594782E-4
0.97                     0.16154817074181957      0.1615251269064618       -1.0592432682837694E-4   -1.0616609006740606E-4
0.971                    0.1615481702157764       0.16152512795814897      -1.0592440827736656E-4   -1.0616604871347379E-4
0.972                    0.16154816968981664      0.1615251290107365       -1.0592448970614724E-4   -1.0616600732415139E-4
0.973                    0.16154816916394063      0.1615251300642252       -1.0592457111471854E-4   -1.0616596589943842E-4
0.9740000000000001       0.16154816863814608      0.16152513111861258      -1.0592465250308104E-4   -1.0616592443933503E-4
0.975                    0.16154816811243522      0.16152513217390205      -1.0592473387123412E-4   -1.0616588294384132E-4
0.976                    0.1615481675868076       0.1615251332300918       -1.0592481521917809E-4   -1.0616584141295762E-4
0.977                    0.16154816706126557      0.1615251342871829       -1.0592489654691278E-4   -1.0616579984668343E-4
0.9779999999999999       0.16154816653580234      0.16152513534517207      -1.0592497785443809E-4   -1.0616575824501912E-4
0.9790000000000001       0.16154816601042443      0.16152513640406452      -1.0592505914175395E-4   -1.0616571660796464E-4
0.98                     0.1615481654851286       0.1615251374638566       -1.0592514040886056E-4   -1.0616567493552004E-4
0.9810000000000001       0.16154816495991703      0.16152513852454933      -1.0592522165575771E-4   -1.0616563322768559E-4
0.982                    0.16154816443478923      0.16152513958614315      -1.0592530288244521E-4   -1.06165591484461E-4
0.983                    0.16154816390974452      0.16152514064863682      -1.0592538408892326E-4   -1.0616554970584643E-4
0.9840000000000001       0.16154816338478103      0.1615251417120312       -1.0592546527519187E-4   -1.0616550789184183E-4
0.985                    0.16154816285990412      0.16152514277632626      -1.0592554644125054E-4   -1.0616546604244759E-4
0.9860000000000001       0.1615481623351058       0.16152514384152222      -1.0592562758709961E-4   -1.0616542415766332E-4
0.987                    0.1615481618103923       0.1615251449076183       -1.05925708712739E-4     -1.0616538223748922E-4
0.988                    0.16154816128576407      0.1615251459746151       -1.0592578981816851E-4   -1.0616534028192541E-4
0.9890000000000001       0.1615481607612162       0.16152514704251278      -1.0592587090338821E-4   -1.06165298290972E-4
0.99                     0.16154816023675542      0.16152514811131086      -1.0592595196839818E-4   -1.0616525626462876E-4
0.9909999999999999       0.1615481597123731       0.16152514918100935      -1.0592603301319797E-4   -1.0616521420289596E-4
0.992                    0.16154815918807766      0.16152515025160905      -1.0592611403778792E-4   -1.0616517210577368E-4
0.993                    0.1615481586638636       0.1615251513231082       -1.0592619504216786E-4   -1.0616512997326164E-4
0.9940000000000001       0.16154815813973405      0.16152515239550772      -1.0592627602633753E-4   -1.0616508780536023E-4
0.995                    0.16154815761568334      0.1615251534688094       -1.059263569902974E-4    -1.0616504560206933E-4
0.9959999999999999       0.16154815709172018      0.16152515454301103      -1.0592643793404675E-4   -1.0616500336338907E-4
0.9970000000000001       0.16154815656783633      0.161525155618113        -1.0592651885758608E-4   -1.0616496108931933E-4
0.998                    0.1615481560440393       0.16152515669411513      -1.0592659976091517E-4   -1.0616491877986044E-4
0.9990000000000001       0.1615481555203244       0.16152515777101992      -1.059266806440341E-4    -1.0616487643501213E-4
1                        0.16154815499669142      0.16152515884882362      -1.0592676150694225E-4   -1.0616483405477443E-4
1                        0.16154815499669142      0.16152515884882362      -1.0592676150694225E-4   -1.0616483405477443E-4
1.1                      0.16154810294958885      0.1615252679603373       -1.0593465586045009E-4   -1.0616054374263855E-4
1.2                      0.1615480514382457       0.16152537691246754      -1.0594209198988175E-4   -1.061562597423074E-4
1.3000000000000003       0.16154800052354307      0.16152548759244076      -1.0594912252582854E-4   -1.0615190789385379E-4
1.4                      0.16154795009356623      0.161525597544043        -1.0595575094537539E-4   -1.0614758492856988E-4
1.5                      0.1615479000277535       0.1615257041210894       -1.0596198100645813E-4   -1.0614339504234206E-4
1.6                      0.1615478504184703       0.16152580935095087      -1.0596780969983783E-4   -1.0613925839002478E-4
1.7000000000000002       0.16154780114925388      0.161525911335115        -1.059732808690132E-4    -1.0613524948788878E-4
1.8000000000000003       0.16154775210110478      0.16152600813395174      -1.0597843932176268E-4   -1.061314444551401E-4
1.9                      0.16154770336683985      0.16152610126032468      -1.0598325001733274E-4   -1.0612778388899676E-4
2                        0.16154765487064393      0.16152619010317712      -1.0598777090795232E-4   -1.0612429182455239E-4
2.1                      0.1615476065391211       0.16152627407097034      -1.059920581054068E-4    -1.061209915260322E-4
2.2                      0.16154755843060511      0.16152635363383963      -1.0599606695353517E-4   -1.0611786447283365E-4
2.3                      0.16154751049110497      0.16152642921075974      -1.0599987216135256E-4   -1.0611489416722402E-4
2.4000000000000004       0.161547462671148        0.16152650118568282      -1.060035422016453E-4    -1.0611206549198693E-4
2.5                      0.1615474150108373       0.1615265692473661       -1.0600702153434876E-4   -1.0610939067894817E-4
2.6000000000000005       0.1615473675101761       0.16152663339581197      -1.0601031014041797E-4   -1.0610686971631657E-4
2.7                      0.16154732016915993      0.16152669363101768      -1.0601340800185313E-4   -1.061045025929795E-4
2.8                      0.16154727298779512      0.1615267499529857       -1.0601631510169705E-4   -1.0610228929850302E-4
2.9000000000000004       0.16154722593685222      0.16152680341114234      -1.06019102291484E-4     -1.0610018858504441E-4
3                        0.16154717900384638      0.1615268544539633       -1.0602179984770363E-4   -1.0609818282301858E-4
3.1000000000000005       0.16154713221274836      0.16152690222059188      -1.0602434962718148E-4   -1.060963058337194E-4
3.2                      0.16154708556356026      0.16152694671102694      -1.0602675161910686E-4   -1.0609455761022033E-4
3.3000000000000003       0.16154703905627824      0.16152698792526973      -1.0602900581329495E-4   -1.0609293814606993E-4
3.4000000000000004       0.1615469926909034       0.16152702586332007      -1.06031112200187E-4     -1.0609144743529208E-4
3.5                      0.1615469464437126       0.16152706188215438      -1.060331462554211E-4    -1.0609003215745748E-4
3.6000000000000005       0.16154690030644328      0.16152709645412452      -1.06035134250883E-4     -1.060886737512307E-4
3.7                      0.16154685429721063      0.16152712854316598      -1.0603701854852602E-4   -1.0608741291986035E-4
3.8000000000000003       0.16154680841601834      0.16152715814927968      -1.060387991427447E-4    -1.0608624965982027E-4
3.9000000000000004       0.16154676266286241      0.16152718527246263      -1.0604047602824198E-4   -1.0608518396785717E-4
4                        0.16154671703774504      0.16152720991271832      -1.060420492000297E-4    -1.0608421584099002E-4
4.1                      0.16154667152982524      0.16152723327059515      -1.0604357395131796E-4   -1.0608329810191827E-4
4.2                      0.1615466261361328       0.16152725567513043      -1.0604506543579396E-4   -1.0608241782020716E-4
4.300000000000001        0.16154658086436716      0.16152727627339372      -1.0604648436455515E-4   -1.0608160850953165E-4
4.4                      0.1615465357145277       0.16152729506538469      -1.0604783073464863E-4   -1.0608087016824581E-4
4.500000000000001        0.16154649068661864      0.16152731205110496      -1.0604910454327207E-4   -1.0608020279484758E-4
4.6                      0.1615464457806383       0.1615273272305517       -1.0605030578777499E-4   -1.0607960638797869E-4
4.7                      0.16154640099206563      0.161527341561407        -1.0605147328589027E-4   -1.0607904332713174E-4
4.800000000000001        0.16154635631997608      0.16152735523978703      -1.0605261498636478E-4   -1.0607850590795315E-4
4.9                      0.16154631176735634      0.16152736763289022      -1.0605370523662891E-4   -1.0607801898742532E-4
5                        0.16154626733420316      0.16152737874071463      -1.0605474403507387E-4   -1.0607758256484357E-4
5                        0.16154626733420316      0.16152737874071463      -1.0605474403507387E-4   -1.0607758256484357E-4
15                       0.1615424028218579       0.1615270243857963       -1.0609343548685255E-4   -1.0609150518913828E-4
25                       0.16153956660544816      0.16152653208326248      -1.061127096745838E-4    -1.0611085165528113E-4
35                       0.16153731741679137      0.16152614238697133      -1.0612802088265861E-4   -1.061261678238995E-4
45                       0.16153552136767838      0.16152583129535691      -1.0614025022888218E-4   -1.0613839617870599E-4
55                       0.16153411239729387      0.1615255872595099       -1.0614984423068181E-4   -1.0614798988455029E-4
65                       0.1615330243799717       0.16152539882185207      -1.0615725221147242E-4   -1.0615539798147806E-4
75                       0.16153218015195467      0.16152525261199363      -1.0616300053867211E-4   -1.0616114644449979E-4
85                       0.16153156216188747      0.16152514558821235      -1.0616720871366582E-4   -1.0616535472497641E-4
95                       0.16153108261290866      0.16152506254117746      -1.0617047425463801E-4   -1.0616862030574631E-4
105                      0.16153074308989024      0.16152500374546058      -1.0617278627909844E-4   -1.0617093230561272E-4
115                      0.16153047351478675      0.1615249570628022       -1.0617462212531785E-4   -1.06172768135668E-4
125                      0.16153028903223077      0.1615249251165044       -1.0617587859660669E-4   -1.0617402458767962E-4
135                      0.16153013839514563      0.1615248990309815       -1.0617690453936291E-4   -1.061750505258008E-4
145                      0.161530036983849        0.16152488147004457      -1.06177595242287E-4     -1.0617574123144262E-4
155                      0.1615299545133981       0.16152486718896983      -1.0617815694039613E-4   -1.0617630293059869E-4
165                      0.1615298987000074       0.16152485752406373      -1.0617853708510743E-4   -1.0617668307726238E-4
175.00000000000003       0.16152985346855972      0.16152484969157516      -1.0617884515714426E-4   -1.0617699114917946E-4
185                      0.1615298227412746       0.16152484437072664      -1.0617905444286812E-4   -1.0617720043400652E-4
195                      0.16152979798228753      0.1615248400833701       -1.0617922307776937E-4   -1.0617736906832824E-4
